epoch,accuracy,loss,val_accuracy,val_loss
1,0.47999998927116394,0.6897417306900024,0.5,0.6891891360282898
2,0.5400000214576721,0.6875227093696594,0.46000000834465027,0.6900027394294739
3,0.5600000023841858,0.6862517595291138,0.47999998927116394,0.6908690929412842
4,0.47999998927116394,0.68522047996521,0.47999998927116394,0.6917421221733093
5,0.47999998927116394,0.684374988079071,0.47999998927116394,0.6925713419914246
6,0.5199999809265137,0.6836283206939697,0.47999998927116394,0.6933045983314514
7,0.5199999809265137,0.6829543113708496,0.46000000834465027,0.6939163208007812
8,0.5400000214576721,0.68232262134552,0.46000000834465027,0.6943607926368713
9,0.5400000214576721,0.6817036271095276,0.47999998927116394,0.6946207284927368
10,0.5600000023841858,0.6810899376869202,0.5199999809265137,0.6947179436683655
11,0.5600000023841858,0.6804630756378174,0.5400000214576721,0.6946628093719482
12,0.6000000238418579,0.6798089742660522,0.5600000023841858,0.6944669485092163
13,0.6000000238418579,0.679127037525177,0.5600000023841858,0.6941518187522888
14,0.6200000047683716,0.6784349083900452,0.5600000023841858,0.6937500238418579
15,0.6399999856948853,0.677732527256012,0.5600000023841858,0.6932957172393799
16,0.6399999856948853,0.6770419478416443,0.5799999833106995,0.6928214430809021
17,0.6399999856948853,0.6763443946838379,0.5799999833106995,0.6923441290855408
18,0.6200000047683716,0.6756365895271301,0.5600000023841858,0.6918673515319824
19,0.6200000047683716,0.6749294996261597,0.5400000214576721,0.6914056539535522
20,0.6000000238418579,0.6742161512374878,0.5400000214576721,0.6909672021865845
21,0.6000000238418579,0.6734945774078369,0.5,0.690538763999939
22,0.6200000047683716,0.672747015953064,0.5199999809265137,0.6901199221611023
23,0.6200000047683716,0.6719738245010376,0.5199999809265137,0.6897097826004028
24,0.6200000047683716,0.6711911559104919,0.5400000214576721,0.6893118023872375
25,0.6200000047683716,0.670417308807373,0.5400000214576721,0.6889265179634094
26,0.6399999856948853,0.6696382761001587,0.5199999809265137,0.6885484457015991
27,0.6399999856948853,0.6688445210456848,0.5199999809265137,0.6881812214851379
28,0.6200000047683716,0.6680500507354736,0.5199999809265137,0.6878180503845215
29,0.6200000047683716,0.6672486662864685,0.5400000214576721,0.6874357461929321
30,0.6200000047683716,0.6664215922355652,0.5400000214576721,0.687058687210083
31,0.6399999856948853,0.6655767560005188,0.5400000214576721,0.6866979002952576
32,0.6399999856948853,0.6647493243217468,0.5400000214576721,0.6863245964050293
33,0.6399999856948853,0.6639058589935303,0.5400000214576721,0.6859388947486877
34,0.6399999856948853,0.6630367040634155,0.5199999809265137,0.6855362057685852
35,0.6399999856948853,0.6621538400650024,0.5199999809265137,0.6851105690002441
36,0.6600000262260437,0.6612545251846313,0.5199999809265137,0.6846613883972168
37,0.6600000262260437,0.6603198051452637,0.5199999809265137,0.6841757893562317
38,0.6800000071525574,0.6593437194824219,0.5199999809265137,0.683675229549408
39,0.6800000071525574,0.6583378314971924,0.5199999809265137,0.6831825375556946
40,0.6800000071525574,0.6573325991630554,0.5199999809265137,0.6826825737953186
41,0.6800000071525574,0.6563330292701721,0.5199999809265137,0.6821786761283875
42,0.6800000071525574,0.6553328037261963,0.5199999809265137,0.681684136390686
43,0.7200000286102295,0.6543342471122742,0.5400000214576721,0.6811912655830383
44,0.7200000286102295,0.6533288359642029,0.5400000214576721,0.6807025074958801
45,0.7200000286102295,0.6522971391677856,0.5799999833106995,0.6802077293395996
46,0.7200000286102295,0.6512453556060791,0.5799999833106995,0.6796897649765015
47,0.7200000286102295,0.6501695513725281,0.5799999833106995,0.6791471838951111
48,0.7400000095367432,0.64908766746521,0.5799999833106995,0.6785611510276794
49,0.7400000095367432,0.6479973793029785,0.5799999833106995,0.6779811382293701
50,0.7400000095367432,0.6468943953514099,0.5799999833106995,0.6773998141288757
51,0.7400000095367432,0.645778477191925,0.6000000238418579,0.6768041849136353
52,0.7599999904632568,0.6446489095687866,0.6000000238418579,0.6762055158615112
53,0.7599999904632568,0.6434917449951172,0.5799999833106995,0.6756084561347961
54,0.7599999904632568,0.6423094868659973,0.5799999833106995,0.6749942302703857
55,0.7599999904632568,0.6410974264144897,0.5799999833106995,0.6743603348731995
56,0.7599999904632568,0.6398627758026123,0.5799999833106995,0.6737185120582581
57,0.7599999904632568,0.6386077404022217,0.5799999833106995,0.6730903387069702
58,0.7599999904632568,0.6373385787010193,0.5600000023841858,0.6724697947502136
59,0.7599999904632568,0.6360636949539185,0.5600000023841858,0.6718254089355469
60,0.7599999904632568,0.6347949504852295,0.5600000023841858,0.6711674332618713
61,0.7799999713897705,0.6335090398788452,0.5600000023841858,0.6705198884010315
62,0.7799999713897705,0.6322002410888672,0.5799999833106995,0.6698663234710693
63,0.7799999713897705,0.6308755278587341,0.5799999833106995,0.6691970825195312
64,0.7799999713897705,0.6295489072799683,0.5799999833106995,0.6685088872909546
65,0.7799999713897705,0.6282380819320679,0.5799999833106995,0.667793869972229
66,0.800000011920929,0.6269113421440125,0.5799999833106995,0.6670847535133362
67,0.800000011920929,0.625569224357605,0.5799999833106995,0.6663870215415955
68,0.800000011920929,0.6242198944091797,0.6000000238418579,0.665697455406189
69,0.800000011920929,0.6228625178337097,0.6200000047683716,0.6649726629257202
70,0.800000011920929,0.6214873194694519,0.6200000047683716,0.6642103791236877
71,0.800000011920929,0.6201082468032837,0.6200000047683716,0.6634132266044617
72,0.800000011920929,0.6187160015106201,0.6200000047683716,0.6626156568527222
73,0.800000011920929,0.6173236966133118,0.6000000238418579,0.6618166565895081
74,0.800000011920929,0.6159024238586426,0.6200000047683716,0.6609990000724792
75,0.800000011920929,0.6144746541976929,0.6200000047683716,0.66017746925354
76,0.800000011920929,0.6130457520484924,0.6399999856948853,0.6593666076660156
77,0.800000011920929,0.6116190552711487,0.6399999856948853,0.6585485935211182
78,0.800000011920929,0.6101816296577454,0.6399999856948853,0.6576905250549316
79,0.800000011920929,0.6087337732315063,0.6600000262260437,0.6568065881729126
80,0.800000011920929,0.6072688102722168,0.6600000262260437,0.6559391021728516
81,0.800000011920929,0.6057969927787781,0.6600000262260437,0.655088484287262
82,0.800000011920929,0.6043192148208618,0.6600000262260437,0.6542391777038574
83,0.800000011920929,0.6028454899787903,0.6600000262260437,0.6533709168434143
84,0.800000011920929,0.6013461947441101,0.6600000262260437,0.6524782776832581
85,0.800000011920929,0.5998507738113403,0.6600000262260437,0.6515311598777771
86,0.800000011920929,0.5983493328094482,0.6600000262260437,0.6505522131919861
87,0.800000011920929,0.5968503952026367,0.6800000071525574,0.6496051549911499
88,0.800000011920929,0.5953523516654968,0.6800000071525574,0.6486879587173462
89,0.800000011920929,0.5938401818275452,0.6800000071525574,0.6477869153022766
90,0.800000011920929,0.5923187136650085,0.6800000071525574,0.6468707323074341
91,0.800000011920929,0.590777575969696,0.6800000071525574,0.6459070444107056
92,0.800000011920929,0.5892236828804016,0.6800000071525574,0.644908607006073
93,0.800000011920929,0.5876777172088623,0.6800000071525574,0.6439393758773804
94,0.800000011920929,0.5861378908157349,0.6800000071525574,0.6429917216300964
95,0.800000011920929,0.5845931172370911,0.6800000071525574,0.6420077681541443
96,0.800000011920929,0.5830461978912354,0.6800000071525574,0.6409909129142761
97,0.800000011920929,0.5814931392669678,0.6800000071525574,0.6399564743041992
98,0.8199999928474426,0.579944908618927,0.6800000071525574,0.6389358043670654
99,0.8199999928474426,0.5783802270889282,0.6800000071525574,0.637937605381012
100,0.8199999928474426,0.5768029093742371,0.6800000071525574,0.6368963122367859
101,0.8199999928474426,0.5752350687980652,0.6800000071525574,0.6357941031455994
102,0.8199999928474426,0.5736681222915649,0.6800000071525574,0.6347041130065918
103,0.800000011920929,0.5720862150192261,0.6800000071525574,0.633648157119751
104,0.800000011920929,0.5705031752586365,0.6800000071525574,0.6326034069061279
105,0.800000011920929,0.5689117312431335,0.6800000071525574,0.6315654516220093
106,0.800000011920929,0.5672992467880249,0.6800000071525574,0.6304798126220703
107,0.800000011920929,0.5656813383102417,0.6800000071525574,0.6293148994445801
108,0.800000011920929,0.5640494227409363,0.6800000071525574,0.6281362771987915
109,0.8199999928474426,0.562408447265625,0.699999988079071,0.6269917488098145
110,0.8399999737739563,0.5607332587242126,0.7200000286102295,0.6258730888366699
111,0.8600000143051147,0.559050440788269,0.7200000286102295,0.6247444748878479
112,0.8600000143051147,0.5573435425758362,0.7200000286102295,0.6235594749450684
113,0.8600000143051147,0.5556132793426514,0.7200000286102295,0.6223311424255371
114,0.8600000143051147,0.5538543462753296,0.7200000286102295,0.6210967302322388
115,0.8799999952316284,0.5520908236503601,0.7200000286102295,0.619865894317627
116,0.8799999952316284,0.5503062605857849,0.7200000286102295,0.6186550855636597
117,0.8799999952316284,0.5485182404518127,0.7200000286102295,0.6174801588058472
118,0.8799999952316284,0.5467663407325745,0.7200000286102295,0.6163051128387451
119,0.8799999952316284,0.5450583696365356,0.7200000286102295,0.6151292324066162
120,0.8799999952316284,0.5433940887451172,0.7200000286102295,0.6140007972717285
121,0.8799999952316284,0.5417189002037048,0.699999988079071,0.6129047274589539
122,0.8799999952316284,0.5400340557098389,0.699999988079071,0.6117562055587769
123,0.8799999952316284,0.5383366942405701,0.699999988079071,0.6105260252952576
124,0.8799999952316284,0.5366244316101074,0.699999988079071,0.6092596054077148
125,0.8799999952316284,0.5348842740058899,0.699999988079071,0.607997477054596
126,0.8799999952316284,0.5331293344497681,0.699999988079071,0.6067546606063843
127,0.8799999952316284,0.5313588380813599,0.6800000071525574,0.6055513620376587
128,0.8799999952316284,0.5295799970626831,0.6800000071525574,0.6043322086334229
129,0.8799999952316284,0.527743399143219,0.6800000071525574,0.6030154228210449
130,0.8799999952316284,0.525911271572113,0.6800000071525574,0.601641058921814
131,0.8799999952316284,0.5240462422370911,0.6800000071525574,0.6002683639526367
132,0.8799999952316284,0.522184431552887,0.6800000071525574,0.5989457964897156
133,0.8799999952316284,0.520307719707489,0.6800000071525574,0.5977075099945068
134,0.8799999952316284,0.5184310674667358,0.6800000071525574,0.5964992642402649
135,0.8799999952316284,0.516680121421814,0.6800000071525574,0.5952699780464172
136,0.8600000143051147,0.514948844909668,0.699999988079071,0.5939813256263733
137,0.8600000143051147,0.5131856203079224,0.699999988079071,0.5926979184150696
138,0.8600000143051147,0.5114184021949768,0.699999988079071,0.5914401412010193
139,0.8600000143051147,0.5096513628959656,0.699999988079071,0.5901736617088318
140,0.8600000143051147,0.5078628063201904,0.699999988079071,0.5888956189155579
141,0.8600000143051147,0.5060466527938843,0.699999988079071,0.5875982046127319
142,0.8799999952316284,0.5041918754577637,0.699999988079071,0.5862561464309692
143,0.8799999952316284,0.5023271441459656,0.699999988079071,0.5848926305770874
144,0.8799999952316284,0.5004353523254395,0.699999988079071,0.5835831165313721
145,0.8799999952316284,0.4985252320766449,0.699999988079071,0.5823296904563904
146,0.8799999952316284,0.49659743905067444,0.699999988079071,0.5811075568199158
147,0.8799999952316284,0.4947109520435333,0.699999988079071,0.5799023509025574
148,0.8799999952316284,0.4929048418998718,0.699999988079071,0.5786446332931519
149,0.8799999952316284,0.4911220669746399,0.7200000286102295,0.5773716568946838
150,0.8799999952316284,0.48928847908973694,0.7200000286102295,0.5761215090751648
151,0.8799999952316284,0.48747918009757996,0.7200000286102295,0.5749266147613525
152,0.8799999952316284,0.48564910888671875,0.7200000286102295,0.5737258195877075
153,0.8799999952316284,0.48379936814308167,0.7200000286102295,0.5724844336509705
154,0.8999999761581421,0.48194071650505066,0.7200000286102295,0.5712146162986755
155,0.8999999761581421,0.4800931513309479,0.7200000286102295,0.5700139403343201
156,0.8999999761581421,0.4782479405403137,0.7200000286102295,0.568905770778656
157,0.8999999761581421,0.4765191674232483,0.7200000286102295,0.567852258682251
158,0.8999999761581421,0.47483494877815247,0.7200000286102295,0.5668095350265503
159,0.8999999761581421,0.47315287590026855,0.7200000286102295,0.5657517910003662
160,0.8999999761581421,0.4714733064174652,0.7200000286102295,0.5646445751190186
161,0.8999999761581421,0.46979930996894836,0.7200000286102295,0.563509464263916
162,0.8999999761581421,0.46815812587738037,0.7200000286102295,0.5624048709869385
163,0.8999999761581421,0.4665141999721527,0.7200000286102295,0.5613646507263184
164,0.8999999761581421,0.4648786783218384,0.7200000286102295,0.5603440403938293
165,0.8999999761581421,0.4632544219493866,0.7200000286102295,0.5593105554580688
166,0.8999999761581421,0.4616450071334839,0.7200000286102295,0.5582842230796814
167,0.8999999761581421,0.46005213260650635,0.7400000095367432,0.5572910904884338
168,0.8999999761581421,0.45847252011299133,0.7400000095367432,0.5563008785247803
169,0.8999999761581421,0.456900417804718,0.7400000095367432,0.5552905201911926
170,0.8999999761581421,0.45534080266952515,0.7400000095367432,0.5542861223220825
171,0.8999999761581421,0.4537753164768219,0.7400000095367432,0.5532605648040771
172,0.8999999761581421,0.45221978425979614,0.7400000095367432,0.5522223114967346
173,0.8999999761581421,0.4506795108318329,0.7400000095367432,0.5512133240699768
174,0.8999999761581421,0.4491596221923828,0.7400000095367432,0.5502382516860962
175,0.8999999761581421,0.4476467967033386,0.7400000095367432,0.549257755279541
176,0.8999999761581421,0.44614243507385254,0.7400000095367432,0.5482445359230042
177,0.8999999761581421,0.44464415311813354,0.7599999904632568,0.5472519993782043
178,0.9200000166893005,0.44313716888427734,0.7599999904632568,0.5463180541992188
179,0.9200000166893005,0.4416503608226776,0.7599999904632568,0.5453894734382629
180,0.9200000166893005,0.4401841461658478,0.7599999904632568,0.5444881319999695
181,0.9200000166893005,0.43871644139289856,0.7599999904632568,0.5435922741889954
182,0.9200000166893005,0.43725907802581787,0.7599999904632568,0.5426505208015442
183,0.9200000166893005,0.4357903301715851,0.7599999904632568,0.5416775345802307
184,0.9200000166893005,0.4343320429325104,0.7599999904632568,0.5407091379165649
185,0.9200000166893005,0.432890385389328,0.7599999904632568,0.5397818088531494
186,0.9200000166893005,0.4314684569835663,0.7599999904632568,0.53888338804245
187,0.9200000166893005,0.43004828691482544,0.7599999904632568,0.5379820466041565
188,0.9200000166893005,0.42861756682395935,0.7599999904632568,0.537071704864502
189,0.9200000166893005,0.4272078573703766,0.7599999904632568,0.5361629724502563
190,0.9200000166893005,0.4257979691028595,0.7599999904632568,0.5352684855461121
191,0.9200000166893005,0.42439284920692444,0.7599999904632568,0.5344076752662659
192,0.9200000166893005,0.42300426959991455,0.7599999904632568,0.53359454870224
193,0.9200000166893005,0.42162954807281494,0.7599999904632568,0.5327816009521484
194,0.9200000166893005,0.4202626347541809,0.7599999904632568,0.5319274067878723
195,0.9200000166893005,0.41888564825057983,0.7599999904632568,0.5310417413711548
196,0.9200000166893005,0.41752079129219055,0.7599999904632568,0.5301612019538879
197,0.9200000166893005,0.41616347432136536,0.7599999904632568,0.5293082594871521
198,0.9200000166893005,0.41483452916145325,0.7599999904632568,0.5284549593925476
199,0.9200000166893005,0.4134999215602875,0.7599999904632568,0.527621328830719
200,0.9200000166893005,0.41216713190078735,0.7599999904632568,0.5268515944480896
201,0.9200000166893005,0.4108412265777588,0.7599999904632568,0.5260883569717407
202,0.9200000166893005,0.4095311462879181,0.7599999904632568,0.5252798199653625
203,0.9200000166893005,0.40822163224220276,0.7400000095367432,0.5244513750076294
204,0.9200000166893005,0.4069339632987976,0.7400000095367432,0.5236380100250244
205,0.9200000166893005,0.4056423306465149,0.7400000095367432,0.5228465795516968
206,0.9200000166893005,0.40437477827072144,0.7400000095367432,0.5220743417739868
207,0.9200000166893005,0.40310218930244446,0.7400000095367432,0.521339476108551
208,0.9200000166893005,0.40181809663772583,0.7400000095367432,0.5205982327461243
209,0.9200000166893005,0.4005487561225891,0.7400000095367432,0.5198250412940979
210,0.9200000166893005,0.3993007242679596,0.7400000095367432,0.5190465450286865
211,0.9200000166893005,0.39805835485458374,0.7400000095367432,0.5182746052742004
212,0.9200000166893005,0.39682090282440186,0.7400000095367432,0.5175355672836304
213,0.9200000166893005,0.3955863118171692,0.7400000095367432,0.5168343186378479
214,0.9200000166893005,0.394356369972229,0.7400000095367432,0.5161144733428955
215,0.9200000166893005,0.39313238859176636,0.7400000095367432,0.5153706073760986
216,0.9200000166893005,0.3919239044189453,0.7400000095367432,0.5146420001983643
217,0.9200000166893005,0.39071276783943176,0.7400000095367432,0.5139213800430298
218,0.8999999761581421,0.3895207345485687,0.7400000095367432,0.5132083892822266
219,0.8999999761581421,0.3883351981639862,0.7400000095367432,0.5125739574432373
220,0.8999999761581421,0.38715648651123047,0.7400000095367432,0.512016236782074
221,0.8999999761581421,0.385976105928421,0.7400000095367432,0.5114127993583679
222,0.8999999761581421,0.3848040699958801,0.7400000095367432,0.5107377767562866
223,0.8999999761581421,0.38362541794776917,0.7599999904632568,0.5100285410881042
224,0.8999999761581421,0.3824514150619507,0.7599999904632568,0.5093289017677307
225,0.8999999761581421,0.3812878429889679,0.7599999904632568,0.5086569786071777
226,0.8999999761581421,0.3801218271255493,0.7599999904632568,0.5080414414405823
227,0.8999999761581421,0.37896043062210083,0.7599999904632568,0.5074564218521118
228,0.8999999761581421,0.37780845165252686,0.7599999904632568,0.5068461298942566
229,0.8999999761581421,0.3766629099845886,0.7599999904632568,0.5061831474304199
230,0.8999999761581421,0.37552183866500854,0.7599999904632568,0.5055584907531738
231,0.8999999761581421,0.374394029378891,0.7599999904632568,0.5049787759780884
232,0.8999999761581421,0.3732720613479614,0.7599999904632568,0.5044026374816895
233,0.8999999761581421,0.3721664547920227,0.7599999904632568,0.5037915110588074
234,0.8999999761581421,0.3710804879665375,0.7599999904632568,0.503126323223114
235,0.8999999761581421,0.369990736246109,0.7599999904632568,0.502454936504364
236,0.8999999761581421,0.3688969314098358,0.7599999904632568,0.5017984509468079
237,0.8999999761581421,0.36781826615333557,0.7599999904632568,0.5011611580848694
238,0.8999999761581421,0.3667599558830261,0.7599999904632568,0.5005530714988708
239,0.8999999761581421,0.3657180070877075,0.7599999904632568,0.49997711181640625
240,0.8999999761581421,0.36468592286109924,0.7599999904632568,0.49941393733024597
241,0.8999999761581421,0.36364102363586426,0.7599999904632568,0.4988163113594055
242,0.8999999761581421,0.36260443925857544,0.7599999904632568,0.49821358919143677
243,0.8999999761581421,0.3615732491016388,0.7599999904632568,0.49764344096183777
244,0.8999999761581421,0.36055079102516174,0.7599999904632568,0.49705424904823303
245,0.8999999761581421,0.359526664018631,0.7599999904632568,0.49643874168395996
246,0.8999999761581421,0.35852423310279846,0.7599999904632568,0.4958515465259552
247,0.8999999761581421,0.35752251744270325,0.7599999904632568,0.495292067527771
248,0.8999999761581421,0.35651248693466187,0.7599999904632568,0.49472275376319885
249,0.8999999761581421,0.35552117228507996,0.7599999904632568,0.49415501952171326
250,0.8999999761581421,0.35453808307647705,0.7599999904632568,0.49361953139305115
251,0.8999999761581421,0.3535654544830322,0.7599999904632568,0.4931117296218872
252,0.8999999761581421,0.3525899648666382,0.7599999904632568,0.49261021614074707
253,0.8999999761581421,0.35162779688835144,0.7599999904632568,0.4920789301395416
254,0.8999999761581421,0.3506682515144348,0.7599999904632568,0.4914890229701996
255,0.8999999761581421,0.34971773624420166,0.7599999904632568,0.4908812642097473
256,0.8999999761581421,0.348764032125473,0.7599999904632568,0.4903060793876648
257,0.8999999761581421,0.3478175103664398,0.7599999904632568,0.48975110054016113
258,0.8999999761581421,0.34689104557037354,0.7599999904632568,0.48924314975738525
259,0.8999999761581421,0.34597548842430115,0.7599999904632568,0.48876503109931946
260,0.8999999761581421,0.34506508708000183,0.7599999904632568,0.48828476667404175
261,0.8999999761581421,0.3441520035266876,0.7599999904632568,0.48778876662254333
262,0.8999999761581421,0.3432502746582031,0.7599999904632568,0.4872692823410034
263,0.8999999761581421,0.3423539996147156,0.7599999904632568,0.4867289662361145
264,0.8999999761581421,0.34146279096603394,0.7799999713897705,0.48620471358299255
265,0.8999999761581421,0.3405742943286896,0.7799999713897705,0.48571160435676575
266,0.8999999761581421,0.33969956636428833,0.7799999713897705,0.4852476418018341
267,0.8999999761581421,0.33882468938827515,0.7799999713897705,0.48480093479156494
268,0.8999999761581421,0.3379448652267456,0.7799999713897705,0.4843202233314514
269,0.8999999761581421,0.3370802402496338,0.7799999713897705,0.48380255699157715
270,0.8999999761581421,0.33621788024902344,0.7799999713897705,0.4832768142223358
271,0.8999999761581421,0.3353697657585144,0.7799999713897705,0.4827980101108551
272,0.8999999761581421,0.33451247215270996,0.7799999713897705,0.48239004611968994
273,0.8999999761581421,0.33366531133651733,0.7799999713897705,0.48200106620788574
274,0.8999999761581421,0.3328259289264679,0.7799999713897705,0.481591135263443
275,0.8999999761581421,0.3319988250732422,0.7799999713897705,0.48113295435905457
276,0.8999999761581421,0.33117789030075073,0.7799999713897705,0.4806381165981293
277,0.8999999761581421,0.33034688234329224,0.7799999713897705,0.48013269901275635
278,0.8999999761581421,0.3295271694660187,0.7799999713897705,0.47967320680618286
279,0.8999999761581421,0.3287097215652466,0.7799999713897705,0.47930052876472473
280,0.8999999761581421,0.32789894938468933,0.7799999713897705,0.4789653420448303
281,0.8999999761581421,0.3270917534828186,0.7799999713897705,0.47860586643218994
282,0.8999999761581421,0.3262914717197418,0.7799999713897705,0.47820913791656494
283,0.8999999761581421,0.3254983425140381,0.7799999713897705,0.4777757227420807
284,0.8999999761581421,0.3247058093547821,0.7799999713897705,0.477335125207901
285,0.8999999761581421,0.3239293694496155,0.7799999713897705,0.4769265055656433
286,0.8999999761581421,0.3231419324874878,0.7799999713897705,0.476591557264328
287,0.8999999761581421,0.3223591148853302,0.7799999713897705,0.47627875208854675
288,0.8999999761581421,0.3215785324573517,0.7799999713897705,0.47591930627822876
289,0.8999999761581421,0.32081303000450134,0.7799999713897705,0.4755297899246216
290,0.8999999761581421,0.32004138827323914,0.7799999713897705,0.47511306405067444
291,0.8999999761581421,0.31927943229675293,0.7799999713897705,0.4747329354286194
292,0.8999999761581421,0.31851619482040405,0.7799999713897705,0.4744201600551605
293,0.8999999761581421,0.31776124238967896,0.7799999713897705,0.4741106331348419
294,0.8999999761581421,0.3170146942138672,0.7799999713897705,0.47375527024269104
295,0.8999999761581421,0.31627002358436584,0.7799999713897705,0.4733640253543854
296,0.8999999761581421,0.31553512811660767,0.7799999713897705,0.4729776084423065
297,0.8999999761581421,0.31481102108955383,0.7799999713897705,0.4726264178752899
298,0.8999999761581421,0.3141011893749237,0.7799999713897705,0.47231173515319824
299,0.8999999761581421,0.3133861720561981,0.7799999713897705,0.4720141887664795
300,0.8999999761581421,0.3126758337020874,0.7799999713897705,0.47171658277511597
301,0.8999999761581421,0.3119685649871826,0.7799999713897705,0.4713926613330841
302,0.8999999761581421,0.3112649619579315,0.7799999713897705,0.47105276584625244
303,0.8999999761581421,0.31054994463920593,0.7799999713897705,0.47070008516311646
304,0.8999999761581421,0.3098578155040741,0.7799999713897705,0.4703678488731384
305,0.8999999761581421,0.30917060375213623,0.7799999713897705,0.47005194425582886
306,0.8999999761581421,0.3084883987903595,0.7799999713897705,0.46971526741981506
307,0.8999999761581421,0.30780741572380066,0.7799999713897705,0.46940404176712036
308,0.8999999761581421,0.3071269392967224,0.7799999713897705,0.4691339135169983
309,0.8999999761581421,0.3064322769641876,0.7799999713897705,0.46886882185935974
310,0.8999999761581421,0.3057352900505066,0.7799999713897705,0.46860793232917786
311,0.8999999761581421,0.3050459921360016,0.7799999713897705,0.4683784544467926
312,0.8999999761581421,0.3043634295463562,0.7799999713897705,0.46814292669296265
313,0.8999999761581421,0.3036797046661377,0.7799999713897705,0.46789032220840454
314,0.8999999761581421,0.30300024151802063,0.7799999713897705,0.4676433503627777
315,0.8999999761581421,0.30231860280036926,0.7799999713897705,0.46736350655555725
316,0.8999999761581421,0.3016452491283417,0.7799999713897705,0.46705037355422974
317,0.8999999761581421,0.3009830415248871,0.7799999713897705,0.4667659103870392
318,0.8999999761581421,0.3003199100494385,0.7799999713897705,0.46647757291793823
319,0.8999999761581421,0.2996703088283539,0.7799999713897705,0.46620169281959534
320,0.8999999761581421,0.2990133464336395,0.7799999713897705,0.46591293811798096
321,0.8999999761581421,0.29836320877075195,0.7799999713897705,0.46559974551200867
322,0.8999999761581421,0.29771992564201355,0.7799999713897705,0.4653233289718628
323,0.8999999761581421,0.2970793545246124,0.7799999713897705,0.46507561206817627
324,0.8999999761581421,0.29646730422973633,0.7799999713897705,0.46481072902679443
325,0.8999999761581421,0.2958599328994751,0.7799999713897705,0.46451544761657715
326,0.8999999761581421,0.29525670409202576,0.7799999713897705,0.46420586109161377
327,0.8999999761581421,0.2946607768535614,0.7799999713897705,0.4638836681842804
328,0.8999999761581421,0.29407766461372375,0.7799999713897705,0.4635685086250305
329,0.8999999761581421,0.2934941351413727,0.7799999713897705,0.46330195665359497
330,0.8999999761581421,0.29290902614593506,0.7799999713897705,0.46306687593460083
331,0.8999999761581421,0.2923227846622467,0.7799999713897705,0.46278706192970276
332,0.8999999761581421,0.29173019528388977,0.7799999713897705,0.4624358117580414
333,0.8999999761581421,0.2911607027053833,0.7799999713897705,0.46209535002708435
334,0.8999999761581421,0.2905978858470917,0.7799999713897705,0.4618161916732788
335,0.8999999761581421,0.29003772139549255,0.7799999713897705,0.4616060256958008
336,0.8999999761581421,0.28949686884880066,0.7799999713897705,0.4614354372024536
337,0.8999999761581421,0.28893235325813293,0.7799999713897705,0.4612460732460022
338,0.8999999761581421,0.28835028409957886,0.7799999713897705,0.4609917104244232
339,0.8999999761581421,0.28777623176574707,0.7799999713897705,0.46068480610847473
340,0.8999999761581421,0.28721579909324646,0.7799999713897705,0.4603654146194458
341,0.8999999761581421,0.2866654694080353,0.7799999713897705,0.460086464881897
342,0.8999999761581421,0.2861311733722687,0.7799999713897705,0.45988643169403076
343,0.8999999761581421,0.2855857014656067,0.7799999713897705,0.45969298481941223
344,0.8999999761581421,0.2850368618965149,0.7799999713897705,0.4594595432281494
345,0.8999999761581421,0.28449729084968567,0.7799999713897705,0.45920416712760925
346,0.8999999761581421,0.2839614152908325,0.7799999713897705,0.45896804332733154
347,0.8999999761581421,0.2834357023239136,0.7799999713897705,0.4587777256965637
348,0.8999999761581421,0.2829144597053528,0.7799999713897705,0.45860499143600464
349,0.8999999761581421,0.28239306807518005,0.7799999713897705,0.4584182798862457
350,0.8999999761581421,0.2818651497364044,0.7799999713897705,0.4581707715988159
351,0.8999999761581421,0.2813374996185303,0.7799999713897705,0.4578971564769745
352,0.8999999761581421,0.2808261811733246,0.7799999713897705,0.4576295018196106
353,0.8999999761581421,0.28032249212265015,0.7799999713897705,0.45742881298065186
354,0.8999999761581421,0.27982041239738464,0.7799999713897705,0.4573187530040741
355,0.8999999761581421,0.2793048024177551,0.7799999713897705,0.4572230875492096
356,0.8999999761581421,0.27880218625068665,0.7799999713897705,0.45706307888031006
357,0.8999999761581421,0.2782829999923706,0.7799999713897705,0.4568445682525635
358,0.8999999761581421,0.27776920795440674,0.7799999713897705,0.45662033557891846
359,0.8999999761581421,0.27726420760154724,0.7799999713897705,0.4564031958580017
360,0.8999999761581421,0.2767757475376129,0.7799999713897705,0.4562242031097412
361,0.8999999761581421,0.27628499269485474,0.7799999713897705,0.4560682773590088
362,0.8999999761581421,0.27579450607299805,0.7799999713897705,0.4559234380722046
363,0.8999999761581421,0.27529972791671753,0.7799999713897705,0.4557974934577942
364,0.8999999761581421,0.2748161256313324,0.7799999713897705,0.45564475655555725
365,0.8999999761581421,0.2743302285671234,0.7799999713897705,0.4554612338542938
366,0.8999999761581421,0.2738523781299591,0.7799999713897705,0.45530495047569275
367,0.8999999761581421,0.2733776569366455,0.7799999713897705,0.45515838265419006
368,0.8999999761581421,0.2729090750217438,0.7799999713897705,0.45497336983680725
369,0.8999999761581421,0.2724475860595703,0.7799999713897705,0.45477527379989624
370,0.8999999761581421,0.2719882130622864,0.7799999713897705,0.45459824800491333
371,0.8999999761581421,0.27152547240257263,0.7799999713897705,0.45444104075431824
372,0.8999999761581421,0.27107036113739014,0.7799999713897705,0.45430901646614075
373,0.8999999761581421,0.270625501871109,0.7799999713897705,0.4542005956172943
374,0.8999999761581421,0.27016088366508484,0.7599999904632568,0.4540945291519165
375,0.8999999761581421,0.26970043778419495,0.7599999904632568,0.45396262407302856
376,0.8999999761581421,0.2692486345767975,0.7599999904632568,0.45379120111465454
377,0.8999999761581421,0.2687939405441284,0.7599999904632568,0.4536125659942627
378,0.8999999761581421,0.2683550715446472,0.7599999904632568,0.45345017313957214
379,0.8999999761581421,0.2679210603237152,0.7599999904632568,0.4532795250415802
380,0.8999999761581421,0.2674914598464966,0.7599999904632568,0.45311492681503296
381,0.8999999761581421,0.26706409454345703,0.7599999904632568,0.45297491550445557
382,0.8999999761581421,0.26662498712539673,0.7599999904632568,0.4528687298297882
383,0.8999999761581421,0.2661941647529602,0.7599999904632568,0.4527999758720398
384,0.8999999761581421,0.2657677233219147,0.7599999904632568,0.4527437686920166
385,0.8999999761581421,0.2653490900993347,0.7599999904632568,0.45266327261924744
386,0.8999999761581421,0.26493263244628906,0.7599999904632568,0.4525512754917145
387,0.8999999761581421,0.2645033001899719,0.7599999904632568,0.452423632144928
388,0.8999999761581421,0.2640766203403473,0.7599999904632568,0.45228809118270874
389,0.8999999761581421,0.2636564373970032,0.7599999904632568,0.4521554708480835
390,0.8999999761581421,0.2632402777671814,0.7599999904632568,0.45205166935920715
391,0.8999999761581421,0.262830913066864,0.7599999904632568,0.4519594609737396
392,0.8999999761581421,0.2624228298664093,0.7599999904632568,0.45184820890426636
393,0.8999999761581421,0.2620205581188202,0.7599999904632568,0.4517268240451813
394,0.8999999761581421,0.2616237699985504,0.7599999904632568,0.45163455605506897
395,0.8999999761581421,0.2612151801586151,0.7599999904632568,0.45157647132873535
396,0.8999999761581421,0.26080936193466187,0.7599999904632568,0.4515111446380615
397,0.8999999761581421,0.26040661334991455,0.7599999904632568,0.4514344036579132
398,0.8999999761581421,0.2600099444389343,0.7599999904632568,0.45133811235427856
399,0.8999999761581421,0.259607195854187,0.7599999904632568,0.4512253999710083
400,0.8999999761581421,0.2592219114303589,0.7599999904632568,0.4511488378047943
401,0.8999999761581421,0.25883105397224426,0.7599999904632568,0.45111972093582153
402,0.8999999761581421,0.25844305753707886,0.7599999904632568,0.45107102394104004
403,0.8999999761581421,0.2580447494983673,0.7599999904632568,0.4509824812412262
404,0.8999999761581421,0.2576501965522766,0.7599999904632568,0.4508591592311859
405,0.8999999761581421,0.25726398825645447,0.7599999904632568,0.45072421431541443
406,0.8999999761581421,0.2568891644477844,0.7599999904632568,0.4506103992462158
407,0.8999999761581421,0.25651782751083374,0.7599999904632568,0.4505465626716614
408,0.8999999761581421,0.2561410963535309,0.7599999904632568,0.45053115487098694
409,0.8999999761581421,0.25576192140579224,0.7599999904632568,0.45052570104599
410,0.8999999761581421,0.25538623332977295,0.7599999904632568,0.45047473907470703
411,0.8999999761581421,0.25500667095184326,0.7599999904632568,0.450374573469162
412,0.8999999761581421,0.25463297963142395,0.7599999904632568,0.4502497613430023
413,0.8999999761581421,0.2542688548564911,0.7599999904632568,0.4501490890979767
414,0.8999999761581421,0.2539196312427521,0.7599999904632568,0.4501090347766876
415,0.8999999761581421,0.25355929136276245,0.7599999904632568,0.45010489225387573
416,0.8999999761581421,0.25319328904151917,0.7599999904632568,0.4500928819179535
417,0.8999999761581421,0.25283414125442505,0.7599999904632568,0.45003682374954224
418,0.8999999761581421,0.2524610459804535,0.7599999904632568,0.4499182105064392
419,0.8999999761581421,0.25211334228515625,0.7599999904632568,0.4497898817062378
420,0.8999999761581421,0.2517784535884857,0.7599999904632568,0.4497331380844116
421,0.8999999761581421,0.2514314651489258,0.7599999904632568,0.44973599910736084
422,0.8999999761581421,0.25108110904693604,0.7599999904632568,0.4497257173061371
423,0.8999999761581421,0.2507331371307373,0.7599999904632568,0.44966399669647217
424,0.8999999761581421,0.2503814995288849,0.7599999904632568,0.44959378242492676
425,0.8999999761581421,0.2500363290309906,0.7599999904632568,0.44953763484954834
426,0.8999999761581421,0.24969953298568726,0.7599999904632568,0.44948214292526245
427,0.8999999761581421,0.24936245381832123,0.7599999904632568,0.4494408369064331
428,0.8999999761581421,0.2490256130695343,0.7599999904632568,0.4494081139564514
429,0.8999999761581421,0.24868683516979218,0.7599999904632568,0.4493836462497711
430,0.8999999761581421,0.24834829568862915,0.7599999904632568,0.4493606686592102
431,0.8999999761581421,0.24801862239837646,0.7599999904632568,0.4493443965911865
432,0.8999999761581421,0.24769580364227295,0.7599999904632568,0.4493471384048462
433,0.8999999761581421,0.24736106395721436,0.7599999904632568,0.449363112449646
434,0.8999999761581421,0.2470282018184662,0.7599999904632568,0.449346661567688
435,0.8999999761581421,0.24669677019119263,0.7599999904632568,0.44926971197128296
436,0.8999999761581421,0.2463652789592743,0.7599999904632568,0.44916823506355286
437,0.8999999761581421,0.2460385113954544,0.7599999904632568,0.44909971952438354
438,0.8999999761581421,0.2457200586795807,0.7599999904632568,0.4490596354007721
439,0.8999999761581421,0.24541296064853668,0.7599999904632568,0.44902437925338745
440,0.8999999761581421,0.2451113760471344,0.7599999904632568,0.4490043520927429
441,0.8999999761581421,0.24479657411575317,0.7599999904632568,0.4490213096141815
442,0.8999999761581421,0.2444799393415451,0.7599999904632568,0.44904324412345886
443,0.8999999761581421,0.244164377450943,0.7599999904632568,0.44900330901145935
444,0.8999999761581421,0.24385860562324524,0.7599999904632568,0.44896575808525085
445,0.8999999761581421,0.24355000257492065,0.7599999904632568,0.4489687979221344
446,0.8999999761581421,0.2432318478822708,0.7599999904632568,0.4489624798297882
447,0.8999999761581421,0.2429208755493164,0.7599999904632568,0.44893643260002136
448,0.8999999761581421,0.24263012409210205,0.7599999904632568,0.4489133358001709
449,0.8999999761581421,0.24233466386795044,0.7599999904632568,0.44889336824417114
450,0.8999999761581421,0.24202966690063477,0.7599999904632568,0.44888198375701904
451,0.8999999761581421,0.24172556400299072,0.7599999904632568,0.4488799571990967
452,0.8999999761581421,0.24142274260520935,0.7599999904632568,0.44885584712028503
453,0.8999999761581421,0.24113580584526062,0.7599999904632568,0.44883430004119873
454,0.8999999761581421,0.24083933234214783,0.7599999904632568,0.4488365054130554
455,0.8999999761581421,0.24054153263568878,0.7599999904632568,0.44883671402931213
456,0.8999999761581421,0.24025149643421173,0.7599999904632568,0.4488412141799927
457,0.8999999761581421,0.23996280133724213,0.7599999904632568,0.4488687813282013
458,0.8999999761581421,0.23967687785625458,0.7599999904632568,0.44888603687286377
459,0.8999999761581421,0.23938800394535065,0.7599999904632568,0.44888144731521606
460,0.8999999761581421,0.2391027957201004,0.7599999904632568,0.4488651752471924
461,0.8999999761581421,0.23882034420967102,0.7599999904632568,0.44885551929473877
462,0.8999999761581421,0.23853912949562073,0.7599999904632568,0.44887083768844604
463,0.8999999761581421,0.23825134336948395,0.7599999904632568,0.4488849639892578
464,0.8999999761581421,0.23797264695167542,0.7599999904632568,0.4488714337348938
465,0.8999999761581421,0.2376946210861206,0.7599999904632568,0.4488559663295746
466,0.8999999761581421,0.2374141663312912,0.7599999904632568,0.4488496482372284
467,0.8999999761581421,0.23714256286621094,0.7599999904632568,0.44883647561073303
468,0.8999999761581421,0.23686768114566803,0.7599999904632568,0.44883209466934204
469,0.8999999761581421,0.23659618198871613,0.7599999904632568,0.44882798194885254
470,0.8999999761581421,0.23632743954658508,0.7599999904632568,0.4488476514816284
471,0.8999999761581421,0.23605242371559143,0.7599999904632568,0.44892770051956177
472,0.8999999761581421,0.23578323423862457,0.7599999904632568,0.44900596141815186
473,0.8999999761581421,0.23551471531391144,0.7599999904632568,0.44905298948287964
474,0.8999999761581421,0.2352365255355835,0.7599999904632568,0.44905388355255127
475,0.8999999761581421,0.23495613038539886,0.7599999904632568,0.44900715351104736
476,0.8999999761581421,0.2346929907798767,0.7599999904632568,0.44895511865615845
477,0.8999999761581421,0.23444055020809174,0.7599999904632568,0.448959082365036
478,0.8999999761581421,0.23418563604354858,0.7599999904632568,0.44903185963630676
479,0.8999999761581421,0.23392005264759064,0.7599999904632568,0.44912952184677124
480,0.8999999761581421,0.23364830017089844,0.7599999904632568,0.4491673409938812
481,0.8999999761581421,0.23338834941387177,0.7599999904632568,0.4491604268550873
482,0.8999999761581421,0.23312881588935852,0.7599999904632568,0.44917070865631104
483,0.8999999761581421,0.23286327719688416,0.7599999904632568,0.4491975009441376
484,0.8999999761581421,0.2326190173625946,0.7599999904632568,0.4492324888706207
485,0.8999999761581421,0.23236317932605743,0.7599999904632568,0.4492584466934204
486,0.8999999761581421,0.23211371898651123,0.7599999904632568,0.44927188754081726
487,0.8999999761581421,0.23186194896697998,0.7599999904632568,0.4492805600166321
488,0.8999999761581421,0.23160983622074127,0.7599999904632568,0.44931212067604065
489,0.8999999761581421,0.2313576638698578,0.7599999904632568,0.44938698410987854
490,0.8999999761581421,0.23110580444335938,0.7599999904632568,0.44948363304138184
491,0.8999999761581421,0.23084737360477448,0.7599999904632568,0.4495510160923004
492,0.8999999761581421,0.2305910885334015,0.7599999904632568,0.44957202672958374
493,0.8999999761581421,0.2303318977355957,0.7599999904632568,0.4495866298675537
494,0.8999999761581421,0.23007255792617798,0.7599999904632568,0.4496055245399475
495,0.8999999761581421,0.22982445359230042,0.7599999904632568,0.4496408700942993
496,0.8999999761581421,0.22956573963165283,0.7599999904632568,0.44972410798072815
497,0.8999999761581421,0.22930656373500824,0.7599999904632568,0.4498153030872345
498,0.8999999761581421,0.2290438860654831,0.7599999904632568,0.44983717799186707
499,0.8999999761581421,0.2287910431623459,0.7599999904632568,0.4498441219329834
500,0.8999999761581421,0.22854629158973694,0.7599999904632568,0.44985687732696533
501,0.8999999761581421,0.2282940298318863,0.7599999904632568,0.4498755633831024
502,0.8999999761581421,0.22804252803325653,0.7599999904632568,0.44990861415863037
503,0.8999999761581421,0.22778642177581787,0.7599999904632568,0.449951708316803
504,0.8999999761581421,0.22754424810409546,0.7599999904632568,0.4499965012073517
505,0.8999999761581421,0.22731243073940277,0.7599999904632568,0.45001816749572754
506,0.8999999761581421,0.22708933055400848,0.7599999904632568,0.44999516010284424
507,0.8999999761581421,0.22685709595680237,0.7599999904632568,0.4499455690383911
508,0.8999999761581421,0.22662749886512756,0.7599999904632568,0.44991374015808105
509,0.8999999761581421,0.22639797627925873,0.7599999904632568,0.44990211725234985
510,0.8999999761581421,0.22616806626319885,0.7599999904632568,0.4499013125896454
511,0.8999999761581421,0.2259541004896164,0.7599999904632568,0.44991743564605713
512,0.8999999761581421,0.22572927176952362,0.7599999904632568,0.44995999336242676
513,0.8999999761581421,0.22550678253173828,0.7599999904632568,0.45002394914627075
514,0.8999999761581421,0.22528766095638275,0.7599999904632568,0.4500981271266937
515,0.8999999761581421,0.22506923973560333,0.7599999904632568,0.4501762390136719
516,0.8999999761581421,0.22483661770820618,0.7599999904632568,0.4502333402633667
517,0.8999999761581421,0.22460384666919708,0.7599999904632568,0.4502401649951935
518,0.8999999761581421,0.2243788093328476,0.7599999904632568,0.4502195119857788
519,0.8999999761581421,0.22417202591896057,0.7599999904632568,0.45022866129875183
520,0.8999999761581421,0.22395437955856323,0.7599999904632568,0.4502789378166199
521,0.8999999761581421,0.22373130917549133,0.7599999904632568,0.45033586025238037
522,0.8999999761581421,0.2235170304775238,0.7599999904632568,0.45038506388664246
523,0.8999999761581421,0.22329628467559814,0.7599999904632568,0.45042654871940613
524,0.8999999761581421,0.22308307886123657,0.7599999904632568,0.45048588514328003
525,0.8999999761581421,0.222875714302063,0.7599999904632568,0.45055091381073
526,0.8999999761581421,0.22265487909317017,0.7599999904632568,0.45058655738830566
527,0.8999999761581421,0.22244468331336975,0.7599999904632568,0.45059263706207275
528,0.8999999761581421,0.22223705053329468,0.7599999904632568,0.45061397552490234
529,0.8999999761581421,0.2220262587070465,0.7599999904632568,0.45068004727363586
530,0.8999999761581421,0.2218201458454132,0.7599999904632568,0.4507589638233185
531,0.8999999761581421,0.22160673141479492,0.7599999904632568,0.4508053958415985
532,0.8999999761581421,0.22139345109462738,0.7599999904632568,0.45082446932792664
533,0.8999999761581421,0.22117316722869873,0.7599999904632568,0.4508407711982727
534,0.8999999761581421,0.22097766399383545,0.7599999904632568,0.4508708715438843
535,0.8999999761581421,0.22078071534633636,0.7599999904632568,0.4509371817111969
536,0.8999999761581421,0.2205716371536255,0.7599999904632568,0.45103034377098083
537,0.8999999761581421,0.22035787999629974,0.7599999904632568,0.45109638571739197
538,0.8999999761581421,0.22014842927455902,0.7599999904632568,0.45113131403923035
539,0.8999999761581421,0.219950869679451,0.7599999904632568,0.45119190216064453
540,0.8999999761581421,0.21975204348564148,0.7599999904632568,0.4512977600097656
541,0.8999999761581421,0.21955470740795135,0.7599999904632568,0.4514010548591614
542,0.8999999761581421,0.219349205493927,0.7599999904632568,0.4514634311199188
543,0.8999999761581421,0.21914899349212646,0.7599999904632568,0.45149534940719604
544,0.8999999761581421,0.21895013749599457,0.7599999904632568,0.45152390003204346
545,0.8999999761581421,0.21874958276748657,0.7599999904632568,0.4515679180622101
546,0.8999999761581421,0.2185487151145935,0.7599999904632568,0.4516415297985077
547,0.8999999761581421,0.21834516525268555,0.7599999904632568,0.4517177939414978
548,0.8999999761581421,0.2181420475244522,0.7599999904632568,0.451774001121521
549,0.8999999761581421,0.21795520186424255,0.7599999904632568,0.4518333673477173
550,0.8999999761581421,0.21775886416435242,0.7599999904632568,0.45190712809562683
551,0.8999999761581421,0.21755605936050415,0.7599999904632568,0.4519823491573334
552,0.8999999761581421,0.21736419200897217,0.7599999904632568,0.45204436779022217
553,0.8999999761581421,0.21717172861099243,0.7599999904632568,0.4521135985851288
554,0.8999999761581421,0.21698036789894104,0.7599999904632568,0.4522033929824829
555,0.8999999761581421,0.21678340435028076,0.7599999904632568,0.45228224992752075
556,0.8999999761581421,0.21659012138843536,0.7599999904632568,0.45233890414237976
557,0.8999999761581421,0.2164071798324585,0.7599999904632568,0.45239752531051636
558,0.8999999761581421,0.21622015535831451,0.7599999904632568,0.45247599482536316
559,0.8999999761581421,0.21602916717529297,0.7599999904632568,0.45258307456970215
560,0.8999999761581421,0.2158384770154953,0.7599999904632568,0.4527011811733246
561,0.8999999761581421,0.21564556658267975,0.7599999904632568,0.45280274748802185
562,0.8999999761581421,0.21546316146850586,0.7599999904632568,0.45289337635040283
563,0.8999999761581421,0.2152765989303589,0.7599999904632568,0.4529789090156555
564,0.8999999761581421,0.21508876979351044,0.7599999904632568,0.4530743360519409
565,0.8999999761581421,0.21490353345870972,0.7599999904632568,0.4531632363796234
566,0.8999999761581421,0.21471387147903442,0.7599999904632568,0.45321106910705566
567,0.8999999761581421,0.21452759206295013,0.7599999904632568,0.4532342255115509
568,0.8999999761581421,0.21435211598873138,0.7599999904632568,0.45329606533050537
569,0.8999999761581421,0.21417973935604095,0.7599999904632568,0.45341625809669495
570,0.8999999761581421,0.21399913728237152,0.7599999904632568,0.45357224345207214
571,0.8999999761581421,0.21381564438343048,0.7599999904632568,0.4537235200405121
572,0.8999999761581421,0.21363040804862976,0.7599999904632568,0.4538286328315735
573,0.8999999761581421,0.2134433537721634,0.7599999904632568,0.4538760483264923
574,0.8999999761581421,0.21326740086078644,0.7599999904632568,0.45388123393058777
575,0.8999999761581421,0.2130936086177826,0.7599999904632568,0.45392078161239624
576,0.8999999761581421,0.2129186987876892,0.7599999904632568,0.45401325821876526
577,0.8999999761581421,0.21275411546230316,0.7599999904632568,0.454134076833725
578,0.8999999761581421,0.21257469058036804,0.7599999904632568,0.4542720913887024
579,0.8999999761581421,0.21239513158798218,0.7599999904632568,0.4544161558151245
580,0.8999999761581421,0.2122231274843216,0.7599999904632568,0.4545378088951111
581,0.8999999761581421,0.21203608810901642,0.7599999904632568,0.45460495352745056
582,0.8999999761581421,0.21185940504074097,0.7599999904632568,0.45463863015174866
583,0.8999999761581421,0.2116844207048416,0.7599999904632568,0.45467662811279297
584,0.8999999761581421,0.2115083634853363,0.7599999904632568,0.4547487199306488
585,0.8999999761581421,0.21134112775325775,0.7599999904632568,0.45485174655914307
586,0.8999999761581421,0.21117126941680908,0.7599999904632568,0.4549539089202881
587,0.8999999761581421,0.21100056171417236,0.7599999904632568,0.4550427198410034
588,0.8999999761581421,0.21082787215709686,0.7599999904632568,0.4551428258419037
589,0.8999999761581421,0.21066279709339142,0.7599999904632568,0.4552757143974304
590,0.8999999761581421,0.21049056947231293,0.7599999904632568,0.4554400146007538
591,0.8999999761581421,0.2103193700313568,0.7599999904632568,0.45558127760887146
592,0.8999999761581421,0.21015113592147827,0.7599999904632568,0.4556693136692047
593,0.8999999761581421,0.20998424291610718,0.7599999904632568,0.45572271943092346
594,0.8999999761581421,0.20981866121292114,0.7599999904632568,0.4557611048221588
595,0.8999999761581421,0.2096594274044037,0.7599999904632568,0.45582225918769836
596,0.8999999761581421,0.20948779582977295,0.7599999904632568,0.4559074342250824
597,0.8999999761581421,0.2093278467655182,0.7599999904632568,0.45599251985549927
598,0.8999999761581421,0.20917131006717682,0.7599999904632568,0.45607495307922363
599,0.8999999761581421,0.20901153981685638,0.7599999904632568,0.4561907649040222
600,0.8999999761581421,0.20884832739830017,0.7599999904632568,0.45633721351623535
601,0.8999999761581421,0.2086814045906067,0.7599999904632568,0.456453412771225
602,0.8999999761581421,0.20852389931678772,0.7599999904632568,0.45653408765792847
603,0.8999999761581421,0.2083742320537567,0.7599999904632568,0.4566231071949005
604,0.8999999761581421,0.20821541547775269,0.7599999904632568,0.45675742626190186
605,0.8999999761581421,0.2080482542514801,0.7599999904632568,0.45690083503723145
606,0.8999999761581421,0.20788456499576569,0.7599999904632568,0.45701995491981506
607,0.8999999761581421,0.20772060751914978,0.7599999904632568,0.4571180045604706
608,0.8999999761581421,0.20757098495960236,0.7599999904632568,0.45722660422325134
609,0.8999999761581421,0.20741544663906097,0.7599999904632568,0.4573436379432678
610,0.8999999761581421,0.20725570619106293,0.7599999904632568,0.4574252963066101
611,0.8999999761581421,0.20710235834121704,0.7599999904632568,0.45749431848526
612,0.8999999761581421,0.20694194734096527,0.7599999904632568,0.4575917422771454
613,0.8999999761581421,0.20678703486919403,0.7599999904632568,0.4577275514602661
614,0.8999999761581421,0.20663803815841675,0.7599999904632568,0.45787879824638367
615,0.8999999761581421,0.20648175477981567,0.7599999904632568,0.4580133855342865
616,0.8999999761581421,0.20632678270339966,0.7599999904632568,0.45812880992889404
617,0.8999999761581421,0.20616863667964935,0.7599999904632568,0.45822674036026
618,0.9200000166893005,0.20601040124893188,0.7599999904632568,0.4583289325237274
619,0.9200000166893005,0.2058505266904831,0.7599999904632568,0.4584381878376007
620,0.9200000166893005,0.20568862557411194,0.7599999904632568,0.45853936672210693
621,0.9200000166893005,0.2055455446243286,0.7599999904632568,0.45863357186317444
622,0.9200000166893005,0.20538976788520813,0.7599999904632568,0.45872631669044495
623,0.9200000166893005,0.20524156093597412,0.7599999904632568,0.4588181674480438
624,0.9200000166893005,0.20509329438209534,0.7599999904632568,0.45892956852912903
625,0.9200000166893005,0.20495228469371796,0.7599999904632568,0.4590836763381958
626,0.9200000166893005,0.20480048656463623,0.7599999904632568,0.4592524766921997
627,0.9200000166893005,0.20464637875556946,0.7599999904632568,0.4593738913536072
628,0.9200000166893005,0.20449939370155334,0.7599999904632568,0.4594501554965973
629,0.9200000166893005,0.20435553789138794,0.7599999904632568,0.45953860878944397
630,0.9200000166893005,0.20420369505882263,0.7599999904632568,0.45966947078704834
631,0.9200000166893005,0.20405685901641846,0.7599999904632568,0.45979923009872437
632,0.9200000166893005,0.2039095163345337,0.7599999904632568,0.45990824699401855
633,0.9200000166893005,0.20376498997211456,0.7599999904632568,0.4600110352039337
634,0.9200000166893005,0.20362792909145355,0.7599999904632568,0.4601210355758667
635,0.9200000166893005,0.2034793347120285,0.7599999904632568,0.4602539837360382
636,0.9200000166893005,0.20333996415138245,0.7599999904632568,0.4604223668575287
637,0.9200000166893005,0.20319180190563202,0.7599999904632568,0.46056511998176575
638,0.9200000166893005,0.2030412256717682,0.7599999904632568,0.4606630206108093
639,0.9200000166893005,0.20289932191371918,0.7599999904632568,0.46076157689094543
640,0.9200000166893005,0.2027568817138672,0.7599999904632568,0.46086394786834717
641,0.9200000166893005,0.20262038707733154,0.7599999904632568,0.46097418665885925
642,0.9200000166893005,0.20248053967952728,0.7599999904632568,0.4611009657382965
643,0.9200000166893005,0.20233842730522156,0.7599999904632568,0.4612339437007904
644,0.9200000166893005,0.2021990269422531,0.7599999904632568,0.4614104926586151
645,0.9200000166893005,0.20205414295196533,0.7599999904632568,0.4616117775440216
646,0.9200000166893005,0.20191356539726257,0.7599999904632568,0.4617696702480316
647,0.9200000166893005,0.20177330076694489,0.7599999904632568,0.46188050508499146
648,0.9200000166893005,0.20162157714366913,0.7599999904632568,0.4619675874710083
649,0.9200000166893005,0.2014879584312439,0.7599999904632568,0.4620809853076935
650,0.9200000166893005,0.20135432481765747,0.7599999904632568,0.4622260332107544
651,0.9200000166893005,0.2012093961238861,0.7599999904632568,0.4623642861843109
652,0.9200000166893005,0.20106098055839539,0.7599999904632568,0.4624877870082855
653,0.9200000166893005,0.2009207159280777,0.7599999904632568,0.46260225772857666
654,0.9200000166893005,0.20078174769878387,0.7599999904632568,0.4627280831336975
655,0.9200000166893005,0.2006463259458542,0.7599999904632568,0.46288901567459106
656,0.9399999976158142,0.200495645403862,0.7599999904632568,0.4630461037158966
657,0.9399999976158142,0.20034968852996826,0.7599999904632568,0.4631669521331787
658,0.9399999976158142,0.20020626485347748,0.7599999904632568,0.46330147981643677
659,0.9399999976158142,0.20006704330444336,0.7599999904632568,0.46347862482070923
660,0.9399999976158142,0.19992774724960327,0.7599999904632568,0.4636567234992981
661,0.9399999976158142,0.19978702068328857,0.7599999904632568,0.4637882113456726
662,0.9399999976158142,0.19964203238487244,0.7599999904632568,0.4638647735118866
663,0.9399999976158142,0.1995030641555786,0.7599999904632568,0.46394675970077515
664,0.9399999976158142,0.1993723064661026,0.7599999904632568,0.46410247683525085
665,0.9399999976158142,0.1992321014404297,0.7599999904632568,0.46431708335876465
666,0.9399999976158142,0.19909676909446716,0.7599999904632568,0.4645037353038788
667,0.9399999976158142,0.1989579051733017,0.7599999904632568,0.4646047353744507
668,0.9399999976158142,0.19882643222808838,0.7599999904632568,0.46467873454093933
669,0.9399999976158142,0.19870378077030182,0.7599999904632568,0.4647755026817322
670,0.9399999976158142,0.19857652485370636,0.7599999904632568,0.46490028500556946
671,0.9399999976158142,0.19844430685043335,0.7599999904632568,0.46506568789482117
672,0.9399999976158142,0.19831427931785583,0.7599999904632568,0.4652269780635834
673,0.9399999976158142,0.19818060100078583,0.7599999904632568,0.4653400778770447
674,0.9399999976158142,0.19804027676582336,0.7599999904632568,0.4653809666633606
675,0.9399999976158142,0.19790273904800415,0.7599999904632568,0.4654010832309723
676,0.9399999976158142,0.19778597354888916,0.7599999904632568,0.4654959738254547
677,0.9399999976158142,0.19766144454479218,0.7599999904632568,0.46566101908683777
678,0.9399999976158142,0.19753341376781464,0.7599999904632568,0.4658249616622925
679,0.9399999976158142,0.19741295278072357,0.7599999904632568,0.4659523069858551
680,0.9399999976158142,0.19728046655654907,0.7599999904632568,0.4660632312297821
681,0.9399999976158142,0.1971539705991745,0.7599999904632568,0.46621018648147583
682,0.9399999976158142,0.19703029096126556,0.7599999904632568,0.4663790166378021
683,0.9399999976158142,0.19691452383995056,0.7599999904632568,0.46654370427131653
684,0.9399999976158142,0.19679327309131622,0.7599999904632568,0.46666938066482544
685,0.9399999976158142,0.19666916131973267,0.7599999904632568,0.4667513370513916
686,0.9399999976158142,0.19655171036720276,0.7599999904632568,0.46683043241500854
687,0.9399999976158142,0.19643999636173248,0.7599999904632568,0.4669899046421051
688,0.9399999976158142,0.19632725417613983,0.7599999904632568,0.4671920835971832
689,0.9399999976158142,0.19620567560195923,0.7599999904632568,0.46737757325172424
690,0.9399999976158142,0.1960885226726532,0.7599999904632568,0.46753424406051636
691,0.9399999976158142,0.1959688812494278,0.7599999904632568,0.46766310930252075
692,0.9399999976158142,0.19585105776786804,0.7599999904632568,0.46777400374412537
693,0.9399999976158142,0.19572864472866058,0.7599999904632568,0.4678876996040344
694,0.9399999976158142,0.19560685753822327,0.7599999904632568,0.46802303194999695
695,0.9399999976158142,0.19550083577632904,0.7599999904632568,0.46817511320114136
696,0.9399999976158142,0.1953844279050827,0.7599999904632568,0.46832889318466187
697,0.9399999976158142,0.1952609270811081,0.7599999904632568,0.4684423804283142
698,0.9399999976158142,0.19515185058116913,0.7599999904632568,0.46853476762771606
699,0.9399999976158142,0.19504043459892273,0.7599999904632568,0.46865203976631165
700,0.9399999976158142,0.19492080807685852,0.7599999904632568,0.46880072355270386
701,0.9399999976158142,0.19480793178081512,0.7599999904632568,0.4689863622188568
702,0.9399999976158142,0.19469767808914185,0.7599999904632568,0.4691844880580902
703,0.9399999976158142,0.19458714127540588,0.7599999904632568,0.4693491458892822
704,0.9399999976158142,0.19447959959506989,0.7599999904632568,0.4694591462612152
705,0.9399999976158142,0.1943630576133728,0.7599999904632568,0.4695567786693573
706,0.9399999976158142,0.19424954056739807,0.7599999904632568,0.46967342495918274
707,0.9399999976158142,0.1941486895084381,0.7599999904632568,0.4697965979576111
708,0.9399999976158142,0.19404464960098267,0.7599999904632568,0.46993717551231384
709,0.9399999976158142,0.1939290165901184,0.7599999904632568,0.4700993001461029
710,0.9399999976158142,0.19382263720035553,0.7599999904632568,0.4702816307544708
711,0.9399999976158142,0.19371026754379272,0.7599999904632568,0.47045081853866577
712,0.9399999976158142,0.19359809160232544,0.7599999904632568,0.47061076760292053
713,0.9399999976158142,0.1934903860092163,0.7599999904632568,0.47078052163124084
714,0.9399999976158142,0.19338403642177582,0.7599999904632568,0.47092095017433167
715,0.9399999976158142,0.19327713549137115,0.7599999904632568,0.471034437417984
716,0.9399999976158142,0.19316917657852173,0.7599999904632568,0.4711686074733734
717,0.9399999976158142,0.19307361543178558,0.7599999904632568,0.47134754061698914
718,0.9399999976158142,0.19296804070472717,0.7599999904632568,0.4715006947517395
719,0.9399999976158142,0.19284602999687195,0.7599999904632568,0.4716233015060425
720,0.9399999976158142,0.19274263083934784,0.7599999904632568,0.47173094749450684
721,0.9399999976158142,0.1926409900188446,0.7400000095367432,0.4718450605869293
722,0.9399999976158142,0.1925412118434906,0.7400000095367432,0.47202640771865845
723,0.9399999976158142,0.19244304299354553,0.7400000095367432,0.4722276031970978
724,0.9399999976158142,0.19233565032482147,0.7400000095367432,0.4723927974700928
725,0.9399999976158142,0.1922241449356079,0.7400000095367432,0.472524493932724
726,0.9399999976158142,0.19212959706783295,0.7400000095367432,0.47264549136161804
727,0.9399999976158142,0.19203008711338043,0.7400000095367432,0.47281014919281006
728,0.9399999976158142,0.19193153083324432,0.7400000095367432,0.47297999262809753
729,0.9399999976158142,0.1918269395828247,0.7400000095367432,0.4731171429157257
730,0.9399999976158142,0.19172076880931854,0.7400000095367432,0.47322726249694824
731,0.9399999976158142,0.19161921739578247,0.7400000095367432,0.473337858915329
732,0.9399999976158142,0.19152912497520447,0.7400000095367432,0.4734749495983124
733,0.9399999976158142,0.19143855571746826,0.7400000095367432,0.4736567735671997
734,0.9399999976158142,0.1913377195596695,0.7400000095367432,0.4738803207874298
735,0.9399999976158142,0.19123150408267975,0.7400000095367432,0.47405806183815
736,0.9399999976158142,0.19112831354141235,0.7400000095367432,0.47416481375694275
737,0.9399999976158142,0.19103661179542542,0.7400000095367432,0.4742676019668579
738,0.9399999976158142,0.19094686210155487,0.7400000095367432,0.4744095206260681
739,0.9399999976158142,0.190843403339386,0.7400000095367432,0.4745968282222748
740,0.9399999976158142,0.19074536859989166,0.7400000095367432,0.47476327419281006
741,0.9399999976158142,0.1906474083662033,0.7400000095367432,0.47489964962005615
742,0.9399999976158142,0.19055400788784027,0.7400000095367432,0.4750292897224426
743,0.9399999976158142,0.19045668840408325,0.7400000095367432,0.47514915466308594
744,0.9399999976158142,0.19037042558193207,0.7400000095367432,0.47529491782188416
745,0.9399999976158142,0.1902753859758377,0.7400000095367432,0.47549259662628174
746,0.9399999976158142,0.19017833471298218,0.7400000095367432,0.47569265961647034
747,0.9399999976158142,0.19007810950279236,0.7400000095367432,0.4758818745613098
748,0.9399999976158142,0.18996967375278473,0.7400000095367432,0.4760623276233673
749,0.9399999976158142,0.18986311554908752,0.7400000095367432,0.476209819316864
750,0.9399999976158142,0.18976692855358124,0.7400000095367432,0.47635939717292786
751,0.9399999976158142,0.18965654075145721,0.7400000095367432,0.4765625
752,0.9399999976158142,0.18954402208328247,0.7400000095367432,0.47677749395370483
753,0.9399999976158142,0.18943288922309875,0.7400000095367432,0.4769764244556427
754,0.9399999976158142,0.18932214379310608,0.7400000095367432,0.47718268632888794
755,0.9399999976158142,0.18921148777008057,0.7400000095367432,0.47738540172576904
756,0.9399999976158142,0.18910625576972961,0.7400000095367432,0.4775541424751282
757,0.9399999976158142,0.18898864090442657,0.7400000095367432,0.4776974618434906
758,0.9399999976158142,0.18889397382736206,0.7400000095367432,0.4778439402580261
759,0.9399999976158142,0.18879157304763794,0.7400000095367432,0.4780193269252777
760,0.9399999976158142,0.18867534399032593,0.7400000095367432,0.47822806239128113
761,0.9399999976158142,0.18856582045555115,0.7400000095367432,0.47844138741493225
762,0.9399999976158142,0.1884554922580719,0.7400000095367432,0.47861984372138977
763,0.9399999976158142,0.18834809958934784,0.7400000095367432,0.47874999046325684
764,0.9399999976158142,0.18824419379234314,0.7400000095367432,0.4789000451564789
765,0.9399999976158142,0.18815401196479797,0.7400000095367432,0.47913500666618347
766,0.9399999976158142,0.18804889917373657,0.7400000095367432,0.47941920161247253
767,0.9399999976158142,0.18794290721416473,0.7400000095367432,0.47967132925987244
768,0.9399999976158142,0.18783119320869446,0.7400000095367432,0.4798431396484375
769,0.9399999976158142,0.18772989511489868,0.7400000095367432,0.47997137904167175
770,0.9399999976158142,0.1876446008682251,0.7400000095367432,0.4801032543182373
771,0.9399999976158142,0.18754510581493378,0.7400000095367432,0.4802866280078888
772,0.9399999976158142,0.18743786215782166,0.7400000095367432,0.48052841424942017
773,0.9399999976158142,0.18732883036136627,0.7400000095367432,0.48074862360954285
774,0.9399999976158142,0.18722198903560638,0.7400000095367432,0.4809325039386749
775,0.9399999976158142,0.1871221512556076,0.7400000095367432,0.48111873865127563
776,0.9399999976158142,0.18702764809131622,0.7400000095367432,0.4813063144683838
777,0.9399999976158142,0.18694332242012024,0.7400000095367432,0.48147284984588623
778,0.9399999976158142,0.18683785200119019,0.7400000095367432,0.4816230833530426
779,0.9399999976158142,0.18673788011074066,0.7400000095367432,0.48178941011428833
780,0.9399999976158142,0.18664707243442535,0.7400000095367432,0.4819636046886444
781,0.9399999976158142,0.18656231462955475,0.7400000095367432,0.4821338653564453
782,0.9399999976158142,0.1864680051803589,0.7400000095367432,0.48227250576019287
783,0.9399999976158142,0.18638485670089722,0.7400000095367432,0.48239392042160034
784,0.9399999976158142,0.18630413711071014,0.7400000095367432,0.4825280010700226
785,0.9399999976158142,0.18622630834579468,0.7400000095367432,0.4826810359954834
786,0.9399999976158142,0.18615517020225525,0.7400000095367432,0.4828672707080841
787,0.9399999976158142,0.18607740104198456,0.7400000095367432,0.48302552103996277
788,0.9399999976158142,0.18599198758602142,0.7400000095367432,0.4831450283527374
789,0.9399999976158142,0.1859121322631836,0.7400000095367432,0.4832872748374939
790,0.9399999976158142,0.185836523771286,0.7400000095367432,0.4834727942943573
791,0.9399999976158142,0.18575458228588104,0.7400000095367432,0.48366549611091614
792,0.9399999976158142,0.1856730878353119,0.7400000095367432,0.4838191568851471
793,0.9399999976158142,0.18559564650058746,0.7400000095367432,0.4839226007461548
794,0.9399999976158142,0.1855202466249466,0.7400000095367432,0.4840054214000702
795,0.9399999976158142,0.18544791638851166,0.7400000095367432,0.4841248393058777
796,0.9399999976158142,0.18536818027496338,0.7400000095367432,0.4843052923679352
797,0.9399999976158142,0.18529069423675537,0.7400000095367432,0.4844992756843567
798,0.9399999976158142,0.18521590530872345,0.7400000095367432,0.4846745729446411
799,0.9399999976158142,0.18513640761375427,0.7400000095367432,0.484822154045105
800,0.9399999976158142,0.18505829572677612,0.7400000095367432,0.48499763011932373
801,0.9399999976158142,0.18498364090919495,0.7400000095367432,0.48519599437713623
802,0.9399999976158142,0.1849098950624466,0.7400000095367432,0.4853706657886505
803,0.9399999976158142,0.18481943011283875,0.7400000095367432,0.48552486300468445
804,0.9399999976158142,0.18474948406219482,0.7400000095367432,0.48564088344573975
805,0.9399999976158142,0.18467968702316284,0.7400000095367432,0.485756516456604
806,0.9399999976158142,0.18460547924041748,0.7400000095367432,0.4858831763267517
807,0.9399999976158142,0.18454034626483917,0.7400000095367432,0.4860410690307617
808,0.9399999976158142,0.18445943295955658,0.7400000095367432,0.48620688915252686
809,0.9399999976158142,0.18438372015953064,0.7400000095367432,0.48636406660079956
810,0.9399999976158142,0.18429850041866302,0.7400000095367432,0.48651421070098877
811,0.9399999976158142,0.18422618508338928,0.7400000095367432,0.4866781532764435
812,0.9399999976158142,0.18413609266281128,0.7400000095367432,0.48686710000038147
813,0.9399999976158142,0.1840631365776062,0.7400000095367432,0.487041175365448
814,0.9399999976158142,0.18398353457450867,0.7400000095367432,0.4871625602245331
815,0.9399999976158142,0.18390081822872162,0.7400000095367432,0.4872398376464844
816,0.9399999976158142,0.18382608890533447,0.7400000095367432,0.48733147978782654
817,0.9399999976158142,0.1837572157382965,0.7400000095367432,0.48748618364334106
818,0.9399999976158142,0.1836823672056198,0.7400000095367432,0.4876832067966461
819,0.9399999976158142,0.18361936509609222,0.7400000095367432,0.4878736734390259
820,0.9399999976158142,0.18353904783725739,0.7400000095367432,0.4880483150482178
821,0.9399999976158142,0.18346570432186127,0.7400000095367432,0.4882248640060425
822,0.9399999976158142,0.18339885771274567,0.7400000095367432,0.4883718192577362
823,0.9399999976158142,0.1833285093307495,0.7400000095367432,0.48850035667419434
824,0.9399999976158142,0.1832597404718399,0.7400000095367432,0.48864927887916565
825,0.9399999976158142,0.18318775296211243,0.7400000095367432,0.4888177514076233
826,0.9399999976158142,0.18312007188796997,0.7400000095367432,0.48897403478622437
827,0.9399999976158142,0.1830543875694275,0.7400000095367432,0.4891030192375183
828,0.9399999976158142,0.1829858273267746,0.7400000095367432,0.489237904548645
829,0.9399999976158142,0.1829250305891037,0.7400000095367432,0.48939087986946106
830,0.9399999976158142,0.18284259736537933,0.7400000095367432,0.48954150080680847
831,0.9399999976158142,0.182769775390625,0.7400000095367432,0.4896770417690277
832,0.9399999976158142,0.18269939720630646,0.7400000095367432,0.48982444405555725
833,0.9399999976158142,0.1826232671737671,0.7400000095367432,0.4899985194206238
834,0.9399999976158142,0.18255718052387238,0.7400000095367432,0.4901920557022095
835,0.9399999976158142,0.18249107897281647,0.7400000095367432,0.4903601408004761
836,0.9399999976158142,0.18241018056869507,0.7400000095367432,0.49049168825149536
837,0.9399999976158142,0.18236009776592255,0.7400000095367432,0.49063631892204285
838,0.9399999976158142,0.18229418992996216,0.7400000095367432,0.4907896816730499
839,0.9399999976158142,0.1822105348110199,0.7400000095367432,0.49092650413513184
840,0.9399999976158142,0.18215006589889526,0.7400000095367432,0.4910367727279663
841,0.9399999976158142,0.1820976585149765,0.7400000095367432,0.49116775393486023
842,0.9399999976158142,0.18202625215053558,0.7400000095367432,0.4913463592529297
843,0.9399999976158142,0.18196214735507965,0.7400000095367432,0.4915768504142761
844,0.9399999976158142,0.181894913315773,0.7400000095367432,0.49180060625076294
845,0.9399999976158142,0.1818276047706604,0.7400000095367432,0.4919489324092865
846,0.9399999976158142,0.18175168335437775,0.7400000095367432,0.4920363128185272
847,0.9399999976158142,0.1816847026348114,0.7400000095367432,0.4921364188194275
848,0.9399999976158142,0.18162231147289276,0.7400000095367432,0.49226197600364685
849,0.9399999976158142,0.18156005442142487,0.7400000095367432,0.49240702390670776
850,0.9399999976158142,0.18148960173130035,0.7400000095367432,0.49257779121398926
851,0.9399999976158142,0.18142680823802948,0.7400000095367432,0.49276748299598694
852,0.9399999976158142,0.18136070668697357,0.7400000095367432,0.49295079708099365
853,0.9399999976158142,0.18128806352615356,0.7400000095367432,0.4930884540081024
854,0.9399999976158142,0.18123047053813934,0.7400000095367432,0.4932054579257965
855,0.9399999976158142,0.18116992712020874,0.7400000095367432,0.49335959553718567
856,0.9399999976158142,0.18110187351703644,0.7400000095367432,0.49354037642478943
857,0.9399999976158142,0.1810442954301834,0.7400000095367432,0.49373042583465576
858,0.9399999976158142,0.18097423017024994,0.7400000095367432,0.4938999116420746
859,0.9399999976158142,0.1809072643518448,0.7400000095367432,0.494042307138443
860,0.9399999976158142,0.18085576593875885,0.7400000095367432,0.49420619010925293
861,0.9399999976158142,0.1807965487241745,0.7400000095367432,0.4943871796131134
862,0.9399999976158142,0.180735781788826,0.7400000095367432,0.4945540726184845
863,0.9399999976158142,0.18066680431365967,0.7400000095367432,0.49470263719558716
864,0.9399999976158142,0.18060460686683655,0.7400000095367432,0.4948173761367798
865,0.9399999976158142,0.18053367733955383,0.7400000095367432,0.4949139356613159
866,0.9399999976158142,0.1804801970720291,0.7400000095367432,0.49502989649772644
867,0.9399999976158142,0.18042761087417603,0.7400000095367432,0.4952104687690735
868,0.9399999976158142,0.18035447597503662,0.7400000095367432,0.49541178345680237
869,0.9399999976158142,0.18028301000595093,0.7400000095367432,0.4955892860889435
870,0.9399999976158142,0.1802246868610382,0.7400000095367432,0.49572303891181946
871,0.9399999976158142,0.18016771972179413,0.7400000095367432,0.49585115909576416
872,0.9399999976158142,0.18010194599628448,0.7400000095367432,0.49604660272598267
873,0.9399999976158142,0.18004260957241058,0.7400000095367432,0.49622783064842224
874,0.9399999976158142,0.17998084425926208,0.7400000095367432,0.49634307622909546
875,0.9399999976158142,0.17993329465389252,0.7400000095367432,0.49647942185401917
876,0.9399999976158142,0.17987170815467834,0.7400000095367432,0.49669498205184937
877,0.9399999976158142,0.1798250824213028,0.7400000095367432,0.49696117639541626
878,0.9399999976158142,0.17975755035877228,0.7400000095367432,0.49720290303230286
879,0.9399999976158142,0.17969103157520294,0.7400000095367432,0.49735885858535767
880,0.9399999976158142,0.17963093519210815,0.7400000095367432,0.49743545055389404
881,0.9399999976158142,0.17957916855812073,0.7400000095367432,0.49749746918678284
882,0.9399999976158142,0.17952832579612732,0.7400000095367432,0.49761050939559937
883,0.9399999976158142,0.17947076261043549,0.7400000095367432,0.4978019595146179
884,0.9399999976158142,0.17941467463970184,0.7400000095367432,0.4980214834213257
885,0.9399999976158142,0.17935550212860107,0.7400000095367432,0.49820441007614136
886,0.9399999976158142,0.17929473519325256,0.7400000095367432,0.4983653724193573
887,0.9399999976158142,0.17922572791576385,0.7400000095367432,0.4985050857067108
888,0.9399999976158142,0.17916657030582428,0.7400000095367432,0.49860459566116333
889,0.9399999976158142,0.17910747230052948,0.7400000095367432,0.4987172782421112
890,0.9399999976158142,0.179048553109169,0.7400000095367432,0.49885833263397217
891,0.9399999976158142,0.17899660766124725,0.7400000095367432,0.49902981519699097
892,0.9399999976158142,0.17893940210342407,0.7400000095367432,0.4992024898529053
893,0.9399999976158142,0.17888326942920685,0.7400000095367432,0.49937304854393005
894,0.9399999976158142,0.1788167804479599,0.7400000095367432,0.49954622983932495
895,0.9399999976158142,0.1787615567445755,0.7400000095367432,0.4996805191040039
896,0.9399999976158142,0.17870990931987762,0.7400000095367432,0.49982818961143494
897,0.9399999976158142,0.17865686118602753,0.7400000095367432,0.4999946355819702
898,0.9399999976158142,0.1786167174577713,0.7400000095367432,0.5001762509346008
899,0.9399999976158142,0.1785552203655243,0.7400000095367432,0.5003741383552551
900,0.9399999976158142,0.17850571870803833,0.7400000095367432,0.5005756616592407
901,0.9399999976158142,0.1784466952085495,0.7400000095367432,0.5007398724555969
902,0.9399999976158142,0.17838476598262787,0.7400000095367432,0.5009014010429382
903,0.9399999976158142,0.1783343255519867,0.7400000095367432,0.5010855197906494
904,0.9399999976158142,0.17827440798282623,0.7400000095367432,0.5012603998184204
905,0.9399999976158142,0.17821529507637024,0.7400000095367432,0.501420795917511
906,0.9399999976158142,0.1781603842973709,0.7400000095367432,0.5015504360198975
907,0.9399999976158142,0.17809776961803436,0.7400000095367432,0.5016632080078125
908,0.9399999976158142,0.17805011570453644,0.7400000095367432,0.5018096566200256
909,0.9399999976158142,0.17799915373325348,0.7400000095367432,0.5019974112510681
910,0.9399999976158142,0.17794357240200043,0.7400000095367432,0.5022046566009521
911,0.9399999976158142,0.17788371443748474,0.7400000095367432,0.5023840069770813
912,0.9399999976158142,0.17783388495445251,0.7400000095367432,0.5025392770767212
913,0.9399999976158142,0.17778678238391876,0.7400000095367432,0.5026766061782837
914,0.9399999976158142,0.17773081362247467,0.7400000095367432,0.5028063058853149
915,0.9399999976158142,0.1776859313249588,0.7400000095367432,0.5029467940330505
916,0.9399999976158142,0.1776336431503296,0.7400000095367432,0.5031216740608215
917,0.9399999976158142,0.17757490277290344,0.7400000095367432,0.5033374428749084
918,0.9399999976158142,0.17752321064472198,0.7400000095367432,0.5035466551780701
919,0.9399999976158142,0.17747783660888672,0.7400000095367432,0.5037325024604797
920,0.9399999976158142,0.17742858827114105,0.7400000095367432,0.5038838982582092
921,0.9399999976158142,0.17736174166202545,0.7400000095367432,0.5040369629859924
922,0.9399999976158142,0.17732349038124084,0.7400000095367432,0.5042064785957336
923,0.9399999976158142,0.1772688329219818,0.7400000095367432,0.5043861865997314
924,0.9399999976158142,0.17720933258533478,0.7400000095367432,0.5045638680458069
925,0.9399999976158142,0.17716087400913239,0.7400000095367432,0.5047141313552856
926,0.9399999976158142,0.17711137235164642,0.7400000095367432,0.5048328638076782
927,0.9399999976158142,0.1770610362291336,0.7400000095367432,0.5049346089363098
928,0.9399999976158142,0.1770116090774536,0.7400000095367432,0.5050479173660278
929,0.9399999976158142,0.1769530475139618,0.7400000095367432,0.5052334666252136
930,0.9399999976158142,0.1769142597913742,0.7400000095367432,0.5054793357849121
931,0.9399999976158142,0.1768580973148346,0.7400000095367432,0.5056973099708557
932,0.9399999976158142,0.17680248618125916,0.7400000095367432,0.5058689117431641
933,0.9399999976158142,0.1767588108778,0.7400000095367432,0.5059942007064819
934,0.9399999976158142,0.17670516669750214,0.7400000095367432,0.5061044096946716
935,0.9399999976158142,0.17664514482021332,0.7400000095367432,0.5062113404273987
936,0.9399999976158142,0.1766033172607422,0.7400000095367432,0.5063736438751221
937,0.9399999976158142,0.1765606850385666,0.7400000095367432,0.506573498249054
938,0.9399999976158142,0.17651106417179108,0.7400000095367432,0.5067641735076904
939,0.9399999976158142,0.17644977569580078,0.7400000095367432,0.5069788098335266
940,0.9399999976158142,0.1764121800661087,0.7400000095367432,0.5072038173675537
941,0.9399999976158142,0.17636710405349731,0.7400000095367432,0.5073914527893066
942,0.9399999976158142,0.1763175129890442,0.7400000095367432,0.5075094103813171
943,0.9399999976158142,0.17626619338989258,0.7400000095367432,0.5076242089271545
944,0.9399999976158142,0.1762245148420334,0.7400000095367432,0.5077952742576599
945,0.9399999976158142,0.17618949711322784,0.7400000095367432,0.5079888701438904
946,0.9399999976158142,0.17613109946250916,0.7400000095367432,0.5082048177719116
947,0.9399999976158142,0.17606975138187408,0.7400000095367432,0.5084409117698669
948,0.9399999976158142,0.17602604627609253,0.7400000095367432,0.508625328540802
949,0.9399999976158142,0.17598511278629303,0.7400000095367432,0.5087613463401794
950,0.9399999976158142,0.17593266069889069,0.7400000095367432,0.5088912844657898
951,0.9399999976158142,0.17588156461715698,0.7400000095367432,0.5090391635894775
952,0.9399999976158142,0.17582859098911285,0.7400000095367432,0.5091885924339294
953,0.9399999976158142,0.17578308284282684,0.7400000095367432,0.5093235969543457
954,0.9399999976158142,0.17573793232440948,0.7400000095367432,0.5094705820083618
955,0.9399999976158142,0.17568045854568481,0.7400000095367432,0.5096394419670105
956,0.9399999976158142,0.17564205825328827,0.7400000095367432,0.5097952485084534
957,0.9399999976158142,0.17559342086315155,0.7400000095367432,0.5099285244941711
958,0.9399999976158142,0.17554625868797302,0.7400000095367432,0.5100722312927246
959,0.9399999976158142,0.17550510168075562,0.7400000095367432,0.5102977156639099
960,0.9399999976158142,0.1754605621099472,0.7400000095367432,0.5105487108230591
961,0.9399999976158142,0.17540821433067322,0.7400000095367432,0.5107567310333252
962,0.9399999976158142,0.1753709763288498,0.7400000095367432,0.5109325647354126
963,0.9399999976158142,0.17531955242156982,0.7400000095367432,0.5110812187194824
964,0.9200000166893005,0.17527271807193756,0.7400000095367432,0.5112313628196716
965,0.9200000166893005,0.17522457242012024,0.7400000095367432,0.5113924741744995
966,0.9200000166893005,0.17518681287765503,0.7400000095367432,0.5115602612495422
967,0.9200000166893005,0.17513887584209442,0.7400000095367432,0.5117138028144836
968,0.9200000166893005,0.17508579790592194,0.7400000095367432,0.5118777751922607
969,0.9200000166893005,0.17504781484603882,0.7400000095367432,0.5120674967765808
970,0.9200000166893005,0.17499834299087524,0.7400000095367432,0.5122783780097961
971,0.9200000166893005,0.17495153844356537,0.7400000095367432,0.5124639272689819
972,0.9200000166893005,0.174906924366951,0.7400000095367432,0.5125973224639893
973,0.9200000166893005,0.1748676747083664,0.7400000095367432,0.5127130746841431
974,0.9200000166893005,0.17482313513755798,0.7400000095367432,0.5128857493400574
975,0.9200000166893005,0.17478016018867493,0.7400000095367432,0.5131086707115173
976,0.9200000166893005,0.17473703622817993,0.7400000095367432,0.5133225917816162
977,0.9200000166893005,0.17469185590744019,0.7400000095367432,0.5134769678115845
978,0.9200000166893005,0.1746435910463333,0.7400000095367432,0.5135790705680847
979,0.9200000166893005,0.17460153996944427,0.7400000095367432,0.5137239694595337
980,0.9200000166893005,0.1745615005493164,0.7400000095367432,0.5139473080635071
981,0.9200000166893005,0.17451326549053192,0.7400000095367432,0.5141869187355042
982,0.9200000166893005,0.17447330057621002,0.7400000095367432,0.5144131779670715
983,0.9200000166893005,0.17442744970321655,0.7400000095367432,0.5145776867866516
984,0.9200000166893005,0.17438451945781708,0.7400000095367432,0.5146899223327637
985,0.9200000166893005,0.17433665692806244,0.7400000095367432,0.5148352384567261
986,0.9200000166893005,0.17429284751415253,0.7400000095367432,0.5150253772735596
987,0.9200000166893005,0.1742495894432068,0.7400000095367432,0.5152170062065125
988,0.9200000166893005,0.17420648038387299,0.7400000095367432,0.5153862237930298
989,0.9200000166893005,0.17416247725486755,0.7400000095367432,0.5155245661735535
990,0.9200000166893005,0.1741350144147873,0.7400000095367432,0.5156722664833069
991,0.9200000166893005,0.17408446967601776,0.7400000095367432,0.5158493518829346
992,0.9200000166893005,0.17403028905391693,0.7400000095367432,0.5160634517669678
993,0.9200000166893005,0.17398834228515625,0.7400000095367432,0.5162880420684814
994,0.9200000166893005,0.1739518940448761,0.7400000095367432,0.5164701342582703
995,0.9200000166893005,0.1739126443862915,0.7400000095367432,0.5166134834289551
996,0.9200000166893005,0.1738625019788742,0.7400000095367432,0.5167199373245239
997,0.9200000166893005,0.17382265627384186,0.7400000095367432,0.5168460607528687
998,0.9200000166893005,0.1737821251153946,0.7400000095367432,0.517013430595398
999,0.9200000166893005,0.17375007271766663,0.7400000095367432,0.5172381401062012
1000,0.9200000166893005,0.17370948195457458,0.7400000095367432,0.5175231695175171
1001,0.9200000166893005,0.1736747920513153,0.7400000095367432,0.5178003907203674
1002,0.9200000166893005,0.17362941801548004,0.7400000095367432,0.5180296897888184
1003,0.9200000166893005,0.17358405888080597,0.7400000095367432,0.5182039737701416
1004,0.9200000166893005,0.17354343831539154,0.7400000095367432,0.518333911895752
1005,0.9200000166893005,0.17350919544696808,0.7400000095367432,0.518474280834198
1006,0.9200000166893005,0.17346934974193573,0.7400000095367432,0.5185961127281189
1007,0.9200000166893005,0.1734345406293869,0.7400000095367432,0.5187429189682007
1008,0.9200000166893005,0.17339427769184113,0.7400000095367432,0.5189430713653564
1009,0.9200000166893005,0.17335006594657898,0.7400000095367432,0.5191454291343689
1010,0.9200000166893005,0.17330017685890198,0.7400000095367432,0.519315779209137
1011,0.9200000166893005,0.17325825989246368,0.7400000095367432,0.5194728374481201
1012,0.9200000166893005,0.1732141524553299,0.7400000095367432,0.5196422338485718
1013,0.9200000166893005,0.17317786812782288,0.7400000095367432,0.5197932720184326
1014,0.9200000166893005,0.17313753068447113,0.7400000095367432,0.5199337005615234
1015,0.9200000166893005,0.17309129238128662,0.7400000095367432,0.5200842022895813
1016,0.9200000166893005,0.17305870354175568,0.7400000095367432,0.5202651023864746
1017,0.9200000166893005,0.173029825091362,0.7400000095367432,0.5205064415931702
1018,0.9200000166893005,0.17298442125320435,0.7400000095367432,0.5207565426826477
1019,0.9200000166893005,0.17294198274612427,0.7400000095367432,0.5209488272666931
1020,0.9200000166893005,0.17290659248828888,0.7400000095367432,0.5210779309272766
1021,0.9200000166893005,0.17287208139896393,0.7400000095367432,0.5211909413337708
1022,0.9200000166893005,0.1728312373161316,0.7400000095367432,0.5213238596916199
1023,0.9200000166893005,0.1727861613035202,0.7400000095367432,0.5214961171150208
1024,0.9200000166893005,0.1727665364742279,0.7400000095367432,0.5217656493186951
1025,0.9200000166893005,0.1727287620306015,0.7400000095367432,0.5220783352851868
1026,0.9200000166893005,0.17269092798233032,0.7400000095367432,0.5223373174667358
1027,0.9200000166893005,0.1726481020450592,0.7400000095367432,0.5225274562835693
1028,0.9200000166893005,0.1726091206073761,0.7400000095367432,0.5226823687553406
1029,0.9200000166893005,0.1725694239139557,0.7400000095367432,0.5227907299995422
1030,0.9200000166893005,0.17252293229103088,0.7400000095367432,0.5228712558746338
1031,0.9200000166893005,0.17247681319713593,0.7400000095367432,0.5229686498641968
1032,0.9200000166893005,0.1724385768175125,0.7400000095367432,0.5230852961540222
1033,0.9200000166893005,0.1723993420600891,0.7400000095367432,0.5232051014900208
1034,0.9200000166893005,0.17237381637096405,0.7400000095367432,0.5233404636383057
1035,0.9200000166893005,0.17233051359653473,0.7400000095367432,0.5235700011253357
1036,0.9200000166893005,0.1722884178161621,0.7400000095367432,0.5238615274429321
1037,0.9200000166893005,0.17224204540252686,0.7400000095367432,0.5241366028785706
1038,0.9200000166893005,0.17220184206962585,0.7400000095367432,0.5243621468544006
1039,0.9200000166893005,0.17216677963733673,0.7400000095367432,0.5244865417480469
1040,0.9200000166893005,0.17213748395442963,0.7400000095367432,0.5245926380157471
1041,0.9200000166893005,0.17210674285888672,0.7400000095367432,0.5247381329536438
1042,0.9200000166893005,0.1720813363790512,0.7400000095367432,0.5249122381210327
1043,0.9200000166893005,0.17203070223331451,0.7400000095367432,0.525115430355072
1044,0.9200000166893005,0.17199742794036865,0.7400000095367432,0.5253271460533142
1045,0.9200000166893005,0.17196166515350342,0.7400000095367432,0.5255113840103149
1046,0.9200000166893005,0.17191943526268005,0.7400000095367432,0.5256492495536804
1047,0.9200000166893005,0.1718854457139969,0.7400000095367432,0.5257769227027893
1048,0.9200000166893005,0.17184939980506897,0.7400000095367432,0.5259180665016174
1049,0.9200000166893005,0.1718064695596695,0.7400000095367432,0.5260826349258423
1050,0.9200000166893005,0.17177416384220123,0.7400000095367432,0.5262644290924072
1051,0.9200000166893005,0.17174625396728516,0.7400000095367432,0.52647864818573
1052,0.9200000166893005,0.17170602083206177,0.7400000095367432,0.5267192721366882
1053,0.9200000166893005,0.1716785430908203,0.7400000095367432,0.5269508361816406
1054,0.9200000166893005,0.17163795232772827,0.7400000095367432,0.5271808505058289
1055,0.9200000166893005,0.17159686982631683,0.7400000095367432,0.5274177193641663
1056,0.9200000166893005,0.17155708372592926,0.7400000095367432,0.5276170372962952
1057,0.9200000166893005,0.17152553796768188,0.7400000095367432,0.5277694463729858
1058,0.9200000166893005,0.17149685323238373,0.7400000095367432,0.5279297828674316
1059,0.9200000166893005,0.17145952582359314,0.7400000095367432,0.5281054973602295
1060,0.9200000166893005,0.17143213748931885,0.7400000095367432,0.528271496295929
1061,0.9200000166893005,0.17138662934303284,0.7400000095367432,0.5284311175346375
1062,0.9200000166893005,0.17134951055049896,0.7400000095367432,0.5286123156547546
1063,0.9200000166893005,0.17132194340229034,0.7400000095367432,0.5287637710571289
1064,0.9200000166893005,0.1712895631790161,0.7400000095367432,0.5288933515548706
1065,0.9200000166893005,0.1712503284215927,0.7400000095367432,0.5290517210960388
1066,0.9200000166893005,0.17121152579784393,0.7400000095367432,0.5292226076126099
1067,0.9200000166893005,0.17118147015571594,0.7400000095367432,0.5294045209884644
1068,0.9200000166893005,0.17114877700805664,0.7400000095367432,0.5296308994293213
1069,0.9200000166893005,0.17110878229141235,0.7400000095367432,0.5298799276351929
1070,0.9200000166893005,0.17107704281806946,0.7400000095367432,0.5301294326782227
1071,0.9200000166893005,0.17104044556617737,0.7400000095367432,0.5303266644477844
1072,0.9200000166893005,0.17100025713443756,0.7400000095367432,0.5304719805717468
1073,0.9200000166893005,0.17096565663814545,0.7400000095367432,0.5305996537208557
1074,0.9200000166893005,0.1709318906068802,0.7400000095367432,0.5307252407073975
1075,0.9200000166893005,0.17089341580867767,0.7400000095367432,0.5308811068534851
1076,0.9200000166893005,0.1708659529685974,0.7400000095367432,0.5310711860656738
1077,0.9200000166893005,0.1708349585533142,0.7400000095367432,0.5312687158584595
1078,0.9200000166893005,0.17079982161521912,0.7400000095367432,0.5314932465553284
1079,0.9200000166893005,0.17077799141407013,0.7400000095367432,0.5317279696464539
1080,0.9200000166893005,0.17074169218540192,0.7400000095367432,0.531914234161377
1081,0.9200000166893005,0.17069528996944427,0.7400000095367432,0.532046377658844
1082,0.9200000166893005,0.17066240310668945,0.7400000095367432,0.5321792364120483
1083,0.9200000166893005,0.17063584923744202,0.7400000095367432,0.5323665738105774
1084,0.9200000166893005,0.17060251533985138,0.7400000095367432,0.5325791239738464
1085,0.9200000166893005,0.17056064307689667,0.7400000095367432,0.5327727794647217
1086,0.9200000166893005,0.1705281287431717,0.7400000095367432,0.5329779386520386
1087,0.9200000166893005,0.17049618065357208,0.7400000095367432,0.5331692695617676
1088,0.9200000166893005,0.1704675257205963,0.7400000095367432,0.5333240628242493
1089,0.9200000166893005,0.17042841017246246,0.7400000095367432,0.5334799885749817
1090,0.9200000166893005,0.17039555311203003,0.7400000095367432,0.5336374044418335
1091,0.9200000166893005,0.17035721242427826,0.7400000095367432,0.5337944030761719
1092,0.9200000166893005,0.1703178733587265,0.7400000095367432,0.5339757800102234
1093,0.9200000166893005,0.17028309404850006,0.7400000095367432,0.5341956615447998
1094,0.9200000166893005,0.17024751007556915,0.7400000095367432,0.5344110131263733
1095,0.9200000166893005,0.17020881175994873,0.7400000095367432,0.5345845222473145
1096,0.9200000166893005,0.17016944289207458,0.7400000095367432,0.5347759127616882
1097,0.9200000166893005,0.17014682292938232,0.7400000095367432,0.5349598526954651
1098,0.9200000166893005,0.17012222111225128,0.7400000095367432,0.535111129283905
1099,0.9200000166893005,0.17007866501808167,0.7400000095367432,0.5352599024772644
1100,0.9200000166893005,0.17004959285259247,0.7400000095367432,0.5354868173599243
1101,0.9200000166893005,0.17002101242542267,0.7400000095367432,0.535768449306488
1102,0.9200000166893005,0.16998787224292755,0.7400000095367432,0.5359715223312378
1103,0.9200000166893005,0.16995464265346527,0.7400000095367432,0.5360658168792725
1104,0.9200000166893005,0.16991852223873138,0.7400000095367432,0.5361241698265076
1105,0.9200000166893005,0.169898122549057,0.7400000095367432,0.5363075733184814
1106,0.9200000166893005,0.16986408829689026,0.7400000095367432,0.5365644097328186
1107,0.9200000166893005,0.1698288768529892,0.7400000095367432,0.536802351474762
1108,0.9200000166893005,0.1697968691587448,0.7400000095367432,0.5370346307754517
1109,0.9200000166893005,0.16976702213287354,0.7400000095367432,0.5372465252876282
1110,0.9200000166893005,0.1697414368391037,0.7400000095367432,0.5374072194099426
1111,0.9200000166893005,0.16970878839492798,0.7400000095367432,0.5375368595123291
1112,0.9200000166893005,0.1696820855140686,0.7400000095367432,0.5376520752906799
1113,0.9200000166893005,0.16965016722679138,0.7400000095367432,0.5378051996231079
1114,0.9200000166893005,0.16961655020713806,0.7400000095367432,0.5380285978317261
1115,0.9200000166893005,0.16958099603652954,0.7400000095367432,0.5382149815559387
1116,0.9200000166893005,0.16954584419727325,0.7400000095367432,0.538374125957489
1117,0.9200000166893005,0.16952039301395416,0.7400000095367432,0.5385135412216187
1118,0.9200000166893005,0.16948820650577545,0.7400000095367432,0.5386366844177246
1119,0.9200000166893005,0.16945867240428925,0.7400000095367432,0.5388056039810181
1120,0.9200000166893005,0.16942691802978516,0.7400000095367432,0.5389922261238098
1121,0.9200000166893005,0.16939838230609894,0.7400000095367432,0.539137601852417
1122,0.9200000166893005,0.16937537491321564,0.7400000095367432,0.5393343567848206
1123,0.9200000166893005,0.16933800280094147,0.7400000095367432,0.5395963191986084
1124,0.9200000166893005,0.1693039834499359,0.7400000095367432,0.5398387908935547
1125,0.9200000166893005,0.16928401589393616,0.7400000095367432,0.540004551410675
1126,0.9200000166893005,0.16925092041492462,0.7400000095367432,0.5401720404624939
1127,0.9200000166893005,0.16922222077846527,0.7400000095367432,0.5403945446014404
1128,0.9200000166893005,0.16919341683387756,0.7400000095367432,0.5405964851379395
1129,0.9200000166893005,0.1691691279411316,0.7400000095367432,0.5407334566116333
1130,0.9200000166893005,0.16913780570030212,0.7400000095367432,0.5408746600151062
1131,0.9200000166893005,0.16910961270332336,0.7400000095367432,0.5410861372947693
1132,0.9200000166893005,0.1690838634967804,0.7400000095367432,0.5412781238555908
1133,0.9200000166893005,0.16905327141284943,0.7400000095367432,0.5413938760757446
1134,0.9200000166893005,0.16901595890522003,0.7400000095367432,0.5415213108062744
1135,0.9200000166893005,0.16898857057094574,0.7400000095367432,0.5417229533195496
1136,0.9200000166893005,0.16895553469657898,0.7400000095367432,0.5419058799743652
1137,0.9200000166893005,0.16891764104366302,0.7400000095367432,0.5420408844947815
1138,0.9200000166893005,0.16888415813446045,0.7400000095367432,0.5422000288963318
1139,0.9200000166893005,0.16885825991630554,0.7400000095367432,0.5423652529716492
1140,0.9200000166893005,0.16883905231952667,0.7400000095367432,0.5425245761871338
1141,0.9200000166893005,0.16879411041736603,0.7400000095367432,0.5427144169807434
1142,0.9200000166893005,0.16877678036689758,0.7400000095367432,0.5429385304450989
1143,0.9200000166893005,0.16875268518924713,0.7400000095367432,0.5431357026100159
1144,0.9200000166893005,0.16872459650039673,0.7400000095367432,0.5433109402656555
1145,0.9200000166893005,0.1686875969171524,0.7400000095367432,0.5434809327125549
1146,0.9200000166893005,0.1686599850654602,0.7400000095367432,0.5436628460884094
1147,0.9200000166893005,0.16863077878952026,0.7400000095367432,0.5438786149024963
1148,0.9200000166893005,0.16860932111740112,0.7400000095367432,0.5440610647201538
1149,0.9200000166893005,0.16858340799808502,0.7400000095367432,0.5442185401916504
1150,0.9200000166893005,0.16854484379291534,0.7400000095367432,0.5443678498268127
1151,0.9200000166893005,0.16851750016212463,0.7400000095367432,0.5445165634155273
1152,0.9200000166893005,0.16849550604820251,0.7400000095367432,0.5446537733078003
1153,0.9200000166893005,0.16846737265586853,0.7400000095367432,0.5447983741760254
1154,0.9200000166893005,0.16844341158866882,0.7400000095367432,0.5450104475021362
1155,0.9200000166893005,0.1684149205684662,0.7400000095367432,0.5452489256858826
1156,0.9200000166893005,0.16839073598384857,0.7400000095367432,0.5454561710357666
1157,0.9200000166893005,0.16835907101631165,0.7400000095367432,0.5456299781799316
1158,0.9200000166893005,0.1683226227760315,0.7400000095367432,0.5457779765129089
1159,0.9200000166893005,0.16828840970993042,0.7400000095367432,0.5459344983100891
1160,0.9200000166893005,0.16826358437538147,0.7400000095367432,0.546119749546051
1161,0.9200000166893005,0.16825328767299652,0.7400000095367432,0.5463021993637085
1162,0.9200000166893005,0.16822199523448944,0.7400000095367432,0.5464536547660828
1163,0.9200000166893005,0.16820301115512848,0.7400000095367432,0.5466153621673584
1164,0.9200000166893005,0.168176531791687,0.7400000095367432,0.5467917323112488
1165,0.9200000166893005,0.16814272105693817,0.7400000095367432,0.5469751954078674
1166,0.9200000166893005,0.16811072826385498,0.7400000095367432,0.5471885800361633
1167,0.9200000166893005,0.16808491945266724,0.7400000095367432,0.5473905801773071
1168,0.9200000166893005,0.1680581271648407,0.7400000095367432,0.547529935836792
1169,0.9200000166893005,0.16801583766937256,0.7400000095367432,0.547630250453949
1170,0.9200000166893005,0.16799095273017883,0.7400000095367432,0.5477502346038818
1171,0.9200000166893005,0.16797228157520294,0.7400000095367432,0.5479041337966919
1172,0.9200000166893005,0.1679508090019226,0.7400000095367432,0.5480715036392212
1173,0.9200000166893005,0.16792060434818268,0.7400000095367432,0.5482338070869446
1174,0.9200000166893005,0.16789859533309937,0.7400000095367432,0.5484256744384766
1175,0.9200000166893005,0.16787773370742798,0.7400000095367432,0.5486932396888733
1176,0.9200000166893005,0.16784118115901947,0.7400000095367432,0.5489352941513062
1177,0.9200000166893005,0.1678074449300766,0.7400000095367432,0.5490944385528564
1178,0.9200000166893005,0.16777481138706207,0.7400000095367432,0.5491819977760315
1179,0.9200000166893005,0.16775348782539368,0.7400000095367432,0.5492722392082214
1180,0.9200000166893005,0.16772574186325073,0.7400000095367432,0.5494228601455688
1181,0.9200000166893005,0.16769368946552277,0.7400000095367432,0.5495803952217102
1182,0.9200000166893005,0.1676652580499649,0.7400000095367432,0.5497621893882751
1183,0.9200000166893005,0.16764579713344574,0.7400000095367432,0.5499873161315918
1184,0.9200000166893005,0.16762100160121918,0.7400000095367432,0.5502340793609619
1185,0.9200000166893005,0.16759422421455383,0.7400000095367432,0.5504856109619141
1186,0.9200000166893005,0.1675671935081482,0.7400000095367432,0.5506736636161804
1187,0.9200000166893005,0.16755324602127075,0.7400000095367432,0.5508236289024353
1188,0.9200000166893005,0.16751396656036377,0.7400000095367432,0.5509476661682129
1189,0.9200000166893005,0.16747352480888367,0.7400000095367432,0.5510985851287842
1190,0.9200000166893005,0.1674564778804779,0.7400000095367432,0.5512970089912415
1191,0.9200000166893005,0.16743434965610504,0.7400000095367432,0.5515302419662476
1192,0.9200000166893005,0.1674116551876068,0.7400000095367432,0.5517574548721313
1193,0.9200000166893005,0.1673850119113922,0.7400000095367432,0.5518996715545654
1194,0.9200000166893005,0.1673552393913269,0.7400000095367432,0.5519896149635315
1195,0.9200000166893005,0.16732828319072723,0.7400000095367432,0.5521239638328552
1196,0.9200000166893005,0.16729938983917236,0.7400000095367432,0.5523152351379395
1197,0.9200000166893005,0.16727577149868011,0.7400000095367432,0.5525115132331848
1198,0.9200000166893005,0.16724060475826263,0.7400000095367432,0.552686333656311
1199,0.9200000166893005,0.16721445322036743,0.7400000095367432,0.552859365940094
1200,0.9200000166893005,0.16718789935112,0.7400000095367432,0.553066074848175
1201,0.9200000166893005,0.1671653389930725,0.7400000095367432,0.5532531142234802
1202,0.9200000166893005,0.16713054478168488,0.7400000095367432,0.553394079208374
1203,0.9200000166893005,0.1670980006456375,0.7400000095367432,0.5535387992858887
1204,0.9200000166893005,0.1670733243227005,0.7400000095367432,0.5537123680114746
1205,0.9200000166893005,0.1670515090227127,0.7400000095367432,0.5539080500602722
1206,0.9200000166893005,0.16702646017074585,0.7400000095367432,0.5540708303451538
1207,0.9200000166893005,0.16700062155723572,0.7400000095367432,0.5542295575141907
1208,0.9200000166893005,0.1669805347919464,0.7400000095367432,0.5544211864471436
1209,0.9200000166893005,0.16696539521217346,0.7400000095367432,0.554685652256012
1210,0.9200000166893005,0.16693729162216187,0.7400000095367432,0.5549416542053223
1211,0.9200000166893005,0.16690319776535034,0.7400000095367432,0.5550804734230042
1212,0.9200000166893005,0.16687943041324615,0.7400000095367432,0.5551393628120422
1213,0.9200000166893005,0.16685767471790314,0.7400000095367432,0.5552128553390503
1214,0.9200000166893005,0.16682814061641693,0.7400000095367432,0.5553697347640991
1215,0.9200000166893005,0.16679660975933075,0.7400000095367432,0.5555908679962158
1216,0.9200000166893005,0.16676555573940277,0.7400000095367432,0.55582594871521
1217,0.9200000166893005,0.16675259172916412,0.7400000095367432,0.5560706853866577
1218,0.9200000166893005,0.16672010719776154,0.7400000095367432,0.5562849640846252
1219,0.9200000166893005,0.1666942536830902,0.7400000095367432,0.5564396381378174
1220,0.9200000166893005,0.1666754186153412,0.7400000095367432,0.5565392971038818
1221,0.9200000166893005,0.16665317118167877,0.7400000095367432,0.5566522479057312
1222,0.9200000166893005,0.1666281819343567,0.7400000095367432,0.5567842125892639
1223,0.9200000166893005,0.1666054129600525,0.7400000095367432,0.5569012761116028
1224,0.9200000166893005,0.16657690703868866,0.7400000095367432,0.5570317506790161
1225,0.9200000166893005,0.16655460000038147,0.7400000095367432,0.5571843981742859
1226,0.9200000166893005,0.16653700172901154,0.7400000095367432,0.5573997497558594
1227,0.9200000166893005,0.16649681329727173,0.7400000095367432,0.5576413869857788
1228,0.9200000166893005,0.16647040843963623,0.7400000095367432,0.5578364729881287
1229,0.9200000166893005,0.1664537489414215,0.7400000095367432,0.557951807975769
1230,0.9200000166893005,0.16643451154232025,0.7400000095367432,0.5580594539642334
1231,0.9200000166893005,0.16641093790531158,0.7400000095367432,0.5582048892974854
1232,0.9200000166893005,0.16638974845409393,0.7400000095367432,0.558336079120636
1233,0.9200000166893005,0.16636373102664948,0.7400000095367432,0.5584480166435242
1234,0.9200000166893005,0.16633614897727966,0.7400000095367432,0.5585673451423645
1235,0.9200000166893005,0.16631554067134857,0.7400000095367432,0.5587542057037354
1236,0.9200000166893005,0.16627858579158783,0.7400000095367432,0.5589590668678284
1237,0.9200000166893005,0.166251540184021,0.7400000095367432,0.5591167211532593
1238,0.9200000166893005,0.16623272001743317,0.7400000095367432,0.5592492818832397
1239,0.9200000166893005,0.16622085869312286,0.7400000095367432,0.5594171285629272
1240,0.9200000166893005,0.16617831587791443,0.7400000095367432,0.5595847368240356
1241,0.9200000166893005,0.1661573201417923,0.7400000095367432,0.5597390532493591
1242,0.9200000166893005,0.16613569855690002,0.7400000095367432,0.5598590970039368
1243,0.9200000166893005,0.16611042618751526,0.7400000095367432,0.5599722862243652
1244,0.9200000166893005,0.16608771681785583,0.7400000095367432,0.5601692795753479
1245,0.9200000166893005,0.1660616248846054,0.7400000095367432,0.5604077577590942
1246,0.9200000166893005,0.16603396832942963,0.7400000095367432,0.5606199502944946
1247,0.9200000166893005,0.16600960493087769,0.7400000095367432,0.5607356429100037
1248,0.9200000166893005,0.165989488363266,0.7400000095367432,0.5607976317405701
1249,0.9200000166893005,0.16595576703548431,0.7400000095367432,0.5608580112457275
1250,0.9200000166893005,0.16593113541603088,0.7400000095367432,0.5609307289123535
1251,0.9200000166893005,0.1659110188484192,0.7400000095367432,0.5610721707344055
1252,0.9200000166893005,0.16589851677417755,0.7400000095367432,0.5612615346908569
1253,0.9200000166893005,0.16587184369564056,0.7400000095367432,0.5614358186721802
1254,0.9200000166893005,0.16584615409374237,0.7400000095367432,0.5616332292556763
1255,0.9200000166893005,0.1658220738172531,0.7400000095367432,0.5618221759796143
1256,0.9200000166893005,0.16579246520996094,0.7400000095367432,0.5619950890541077
1257,0.9200000166893005,0.16578148305416107,0.7400000095367432,0.562184751033783
1258,0.9200000166893005,0.16574400663375854,0.7400000095367432,0.5623299479484558
1259,0.9200000166893005,0.1657216101884842,0.7400000095367432,0.5624479651451111
1260,0.9200000166893005,0.1656968891620636,0.7400000095367432,0.56257164478302
1261,0.9200000166893005,0.16566595435142517,0.7400000095367432,0.5627289414405823
1262,0.9200000166893005,0.16564810276031494,0.7400000095367432,0.5628782510757446
1263,0.9200000166893005,0.16562461853027344,0.7400000095367432,0.5629968643188477
1264,0.9200000166893005,0.1655946671962738,0.7400000095367432,0.5631189942359924
1265,0.9200000166893005,0.1655760407447815,0.7400000095367432,0.5632907748222351
1266,0.9200000166893005,0.1655607670545578,0.7400000095367432,0.5635125637054443
1267,0.9200000166893005,0.1655341386795044,0.7400000095367432,0.56369948387146
1268,0.9200000166893005,0.1655104011297226,0.7400000095367432,0.563777506351471
1269,0.9200000166893005,0.16548509895801544,0.7400000095367432,0.5638067722320557
1270,0.9200000166893005,0.16547591984272003,0.7400000095367432,0.563946008682251
1271,0.9200000166893005,0.16543397307395935,0.7400000095367432,0.564196765422821
1272,0.9200000166893005,0.16541190445423126,0.7400000095367432,0.5644044280052185
1273,0.9200000166893005,0.16539669036865234,0.7400000095367432,0.5645647644996643
1274,0.9200000166893005,0.16537177562713623,0.7400000095367432,0.5646855235099792
1275,0.9200000166893005,0.16534724831581116,0.7400000095367432,0.5648394227027893
1276,0.9200000166893005,0.16532981395721436,0.7400000095367432,0.5650408864021301
1277,0.9200000166893005,0.16530056297779083,0.7400000095367432,0.5652053356170654
1278,0.9200000166893005,0.16527381539344788,0.7400000095367432,0.5653620362281799
1279,0.9200000166893005,0.16526223719120026,0.7400000095367432,0.5655443072319031
1280,0.9200000166893005,0.16523665189743042,0.7400000095367432,0.5656918287277222
1281,0.9200000166893005,0.16520756483078003,0.7400000095367432,0.5658027529716492
1282,0.9200000166893005,0.165181502699852,0.7400000095367432,0.5659202337265015
1283,0.9200000166893005,0.1651633381843567,0.7400000095367432,0.5660818219184875
1284,0.9200000166893005,0.1651502549648285,0.7400000095367432,0.5662262439727783
1285,0.9200000166893005,0.1651196926832199,0.7400000095367432,0.5663375854492188
1286,0.9200000166893005,0.16509415209293365,0.7400000095367432,0.566443920135498
1287,0.9200000166893005,0.1650720089673996,0.7400000095367432,0.5665726661682129
1288,0.9200000166893005,0.16504375636577606,0.7400000095367432,0.5667515397071838
1289,0.9200000166893005,0.16502749919891357,0.7400000095367432,0.5669516324996948
1290,0.9200000166893005,0.16499748826026917,0.7400000095367432,0.5671254396438599
1291,0.9200000166893005,0.16497954726219177,0.7400000095367432,0.5672587156295776
1292,0.9200000166893005,0.16496220231056213,0.7400000095367432,0.5673918128013611
1293,0.9200000166893005,0.1649397909641266,0.7400000095367432,0.5675287842750549
1294,0.9200000166893005,0.16491618752479553,0.7400000095367432,0.5676662921905518
1295,0.9200000166893005,0.16489501297473907,0.7400000095367432,0.5678216218948364
1296,0.9200000166893005,0.16487659513950348,0.7400000095367432,0.5679474472999573
1297,0.9200000166893005,0.16485629975795746,0.7400000095367432,0.5680557489395142
1298,0.9200000166893005,0.16482651233673096,0.7400000095367432,0.5681883096694946
1299,0.9200000166893005,0.16479678452014923,0.7400000095367432,0.5683250427246094
1300,0.9200000166893005,0.16477394104003906,0.7400000095367432,0.5684638023376465
1301,0.9200000166893005,0.16475802659988403,0.7400000095367432,0.5686677098274231
1302,0.9200000166893005,0.16473686695098877,0.7400000095367432,0.5688651204109192
1303,0.9200000166893005,0.16471071541309357,0.7400000095367432,0.5689835548400879
1304,0.9200000166893005,0.16468144953250885,0.7400000095367432,0.5690834522247314
1305,0.9200000166893005,0.16466024518013,0.7400000095367432,0.5692122578620911
1306,0.9200000166893005,0.16465164721012115,0.7400000095367432,0.5693950057029724
1307,0.9200000166893005,0.1646304726600647,0.7400000095367432,0.5696370005607605
1308,0.9200000166893005,0.16460548341274261,0.7400000095367432,0.5698474645614624
1309,0.9200000166893005,0.1645854115486145,0.7400000095367432,0.5699980854988098
1310,0.9200000166893005,0.16456516087055206,0.7400000095367432,0.5701538324356079
1311,0.9200000166893005,0.16453500092029572,0.7400000095367432,0.5703034400939941
1312,0.9200000166893005,0.16451571881771088,0.7400000095367432,0.5704289674758911
1313,0.9200000166893005,0.16449493169784546,0.7400000095367432,0.5705797672271729
1314,0.9200000166893005,0.1644899696111679,0.7400000095367432,0.5707456469535828
1315,0.9200000166893005,0.1644701063632965,0.7400000095367432,0.5708580017089844
1316,0.9200000166893005,0.16444367170333862,0.7400000095367432,0.5709792375564575
1317,0.9200000166893005,0.164417564868927,0.7400000095367432,0.5711318254470825
1318,0.9200000166893005,0.16439813375473022,0.7400000095367432,0.5712664127349854
1319,0.9200000166893005,0.16437959671020508,0.7400000095367432,0.5713713765144348
1320,0.9200000166893005,0.16435597836971283,0.7400000095367432,0.571518063545227
1321,0.9200000166893005,0.16431619226932526,0.7400000095367432,0.5716756582260132
1322,0.9200000166893005,0.16430363059043884,0.7400000095367432,0.5717949867248535
1323,0.9200000166893005,0.16429398953914642,0.7400000095367432,0.5719342231750488
1324,0.9200000166893005,0.16427750885486603,0.7400000095367432,0.572161078453064
1325,0.9200000166893005,0.1642438769340515,0.7400000095367432,0.5724603533744812
1326,0.9200000166893005,0.1642301231622696,0.7400000095367432,0.5727177262306213
1327,0.9200000166893005,0.16419853270053864,0.7400000095367432,0.5728667974472046
1328,0.9200000166893005,0.16417735815048218,0.7400000095367432,0.572932243347168
1329,0.9200000166893005,0.16415353119373322,0.7400000095367432,0.5729410648345947
1330,0.9200000166893005,0.16413086652755737,0.7400000095367432,0.5729740262031555
1331,0.9200000166893005,0.16410812735557556,0.7400000095367432,0.5730670690536499
1332,0.9200000166893005,0.16409137845039368,0.7400000095367432,0.5732527375221252
1333,0.9200000166893005,0.16407695412635803,0.7400000095367432,0.5735375881195068
1334,0.9200000166893005,0.16405685245990753,0.7400000095367432,0.5738332271575928
1335,0.9200000166893005,0.1640349179506302,0.7400000095367432,0.5740247964859009
1336,0.9200000166893005,0.16401603817939758,0.7400000095367432,0.5741099715232849
1337,0.9200000166893005,0.16398659348487854,0.7400000095367432,0.5742084383964539
1338,0.9200000166893005,0.16396664083003998,0.7400000095367432,0.5743253827095032
1339,0.9200000166893005,0.16393564641475677,0.7400000095367432,0.5744302272796631
1340,0.9200000166893005,0.16392631828784943,0.7400000095367432,0.5745342373847961
1341,0.9200000166893005,0.1639120876789093,0.7400000095367432,0.5746350288391113
1342,0.9200000166893005,0.16391262412071228,0.7400000095367432,0.5747358202934265
1343,0.9200000166893005,0.1638849973678589,0.7400000095367432,0.5749359726905823
1344,0.9200000166893005,0.1638527810573578,0.7400000095367432,0.5751990675926208
1345,0.9200000166893005,0.1638411283493042,0.7400000095367432,0.5754637122154236
1346,0.9200000166893005,0.16380973160266876,0.7400000095367432,0.5756701827049255
1347,0.9200000166893005,0.16377514600753784,0.7400000095367432,0.5758202075958252
1348,0.9200000166893005,0.16375291347503662,0.7400000095367432,0.5758981108665466
1349,0.9200000166893005,0.1637393832206726,0.7400000095367432,0.5759219527244568
1350,0.9200000166893005,0.1637253612279892,0.7400000095367432,0.5759627223014832
1351,0.9200000166893005,0.16371063888072968,0.7400000095367432,0.5760530233383179
1352,0.9200000166893005,0.16370010375976562,0.7400000095367432,0.5762572288513184
1353,0.9200000166893005,0.16367164254188538,0.7400000095367432,0.5765472650527954
1354,0.9200000166893005,0.16365264356136322,0.7400000095367432,0.5768092274665833
1355,0.9200000166893005,0.16362617909908295,0.7400000095367432,0.5769996047019958
1356,0.9200000166893005,0.16360382735729218,0.7400000095367432,0.5771264433860779
1357,0.9200000166893005,0.16358329355716705,0.7400000095367432,0.5772008299827576
1358,0.9200000166893005,0.16355206072330475,0.7400000095367432,0.5772562623023987
1359,0.9200000166893005,0.16354785859584808,0.7400000095367432,0.5773715972900391
1360,0.9200000166893005,0.16351968050003052,0.7400000095367432,0.5775773525238037
1361,0.9200000166893005,0.16350562870502472,0.7400000095367432,0.5777509212493896
1362,0.9200000166893005,0.1634845733642578,0.7400000095367432,0.5779405832290649
1363,0.9200000166893005,0.1634686142206192,0.7400000095367432,0.5781858563423157
1364,0.9200000166893005,0.1634397953748703,0.7400000095367432,0.5783728361129761
1365,0.9200000166893005,0.1634228676557541,0.7400000095367432,0.578453004360199
1366,0.9200000166893005,0.1634042114019394,0.7400000095367432,0.5784685015678406
1367,0.9200000166893005,0.16337764263153076,0.7400000095367432,0.5784963369369507
1368,0.9200000166893005,0.1633496731519699,0.7400000095367432,0.5785613059997559
1369,0.9200000166893005,0.16335083544254303,0.7400000095367432,0.5787298083305359
1370,0.9200000166893005,0.1633199155330658,0.7400000095367432,0.5790072679519653
1371,0.9200000166893005,0.16329336166381836,0.7400000095367432,0.5792827010154724
1372,0.9200000166893005,0.16327209770679474,0.7400000095367432,0.5795168280601501
1373,0.9200000166893005,0.16325809061527252,0.7400000095367432,0.5796952843666077
1374,0.9200000166893005,0.1632339507341385,0.7400000095367432,0.5797827839851379
1375,0.9200000166893005,0.16321231424808502,0.7400000095367432,0.5798450708389282
1376,0.9200000166893005,0.1632007658481598,0.7400000095367432,0.579949140548706
1377,0.9200000166893005,0.16317974030971527,0.7400000095367432,0.5801229476928711
1378,0.9200000166893005,0.16315898299217224,0.7400000095367432,0.5803433060646057
1379,0.9200000166893005,0.16313834488391876,0.7400000095367432,0.5805407166481018
1380,0.9200000166893005,0.16312061250209808,0.7400000095367432,0.5806934833526611
1381,0.9200000166893005,0.16310271620750427,0.7400000095367432,0.5808431506156921
1382,0.9200000166893005,0.1630842536687851,0.7400000095367432,0.5809909701347351
1383,0.9200000166893005,0.1630575954914093,0.7400000095367432,0.581139087677002
1384,0.9200000166893005,0.16304239630699158,0.7400000095367432,0.5812607407569885
1385,0.9200000166893005,0.1630200892686844,0.7400000095367432,0.5813895463943481
1386,0.9200000166893005,0.1629953533411026,0.7400000095367432,0.5814776420593262
1387,0.9200000166893005,0.16298769414424896,0.7400000095367432,0.5815915465354919
1388,0.9200000166893005,0.16296535730361938,0.7400000095367432,0.5817866325378418
1389,0.9200000166893005,0.1629367619752884,0.7400000095367432,0.5820035338401794
1390,0.9200000166893005,0.1629248857498169,0.7400000095367432,0.5822058916091919
1391,0.9200000166893005,0.16291113197803497,0.7400000095367432,0.5823900699615479
1392,0.9200000166893005,0.1628931164741516,0.7400000095367432,0.5825316309928894
1393,0.9200000166893005,0.16286692023277283,0.7400000095367432,0.5826380252838135
1394,0.9200000166893005,0.1628478467464447,0.7400000095367432,0.5827178955078125
1395,0.9200000166893005,0.16282783448696136,0.7400000095367432,0.5828000903129578
1396,0.9200000166893005,0.16282394528388977,0.7400000095367432,0.582933247089386
1397,0.9200000166893005,0.1627962738275528,0.7400000095367432,0.5831145644187927
1398,0.9200000166893005,0.16277627646923065,0.7400000095367432,0.5832937359809875
1399,0.9200000166893005,0.16275140643119812,0.7400000095367432,0.583442211151123
1400,0.9200000166893005,0.16272605955600739,0.7400000095367432,0.5836078524589539
1401,0.9200000166893005,0.1627131998538971,0.7400000095367432,0.5838065147399902
1402,0.9200000166893005,0.1626828908920288,0.7400000095367432,0.5839844346046448
1403,0.9200000166893005,0.16266310214996338,0.7400000095367432,0.5841078162193298
1404,0.9200000166893005,0.1626502275466919,0.7400000095367432,0.5842257738113403
1405,0.9200000166893005,0.16263152658939362,0.7400000095367432,0.5843632817268372
1406,0.9200000166893005,0.16261009871959686,0.7400000095367432,0.5845303535461426
1407,0.9200000166893005,0.16259242594242096,0.7400000095367432,0.5847071409225464
1408,0.9200000166893005,0.16258613765239716,0.7400000095367432,0.5848791599273682
1409,0.9200000166893005,0.1625632494688034,0.7400000095367432,0.5850462317466736
1410,0.9200000166893005,0.16253787279129028,0.7400000095367432,0.5851882100105286
1411,0.9200000166893005,0.16251899302005768,0.7400000095367432,0.5852860808372498
1412,0.9200000166893005,0.16249620914459229,0.7400000095367432,0.5853402614593506
1413,0.9200000166893005,0.16247440874576569,0.7400000095367432,0.5853945016860962
1414,0.9200000166893005,0.1624670922756195,0.7400000095367432,0.5855669975280762
1415,0.9200000166893005,0.16243436932563782,0.7400000095367432,0.5858535170555115
1416,0.9200000166893005,0.16241607069969177,0.7400000095367432,0.5861158967018127
1417,0.9200000166893005,0.16240258514881134,0.7400000095367432,0.586311399936676
1418,0.9200000166893005,0.16239286959171295,0.7400000095367432,0.5864527821540833
1419,0.9200000166893005,0.16238117218017578,0.7400000095367432,0.5865563750267029
1420,0.9200000166893005,0.1623561531305313,0.7400000095367432,0.5866499543190002
1421,0.9200000166893005,0.16233178973197937,0.7400000095367432,0.5867359042167664
1422,0.9200000166893005,0.16231609880924225,0.7400000095367432,0.5868521332740784
1423,0.9200000166893005,0.16230297088623047,0.7400000095367432,0.5870136022567749
1424,0.9200000166893005,0.16227692365646362,0.7400000095367432,0.587231457233429
1425,0.9200000166893005,0.16225971281528473,0.7400000095367432,0.5874506235122681
1426,0.9200000166893005,0.16223959624767303,0.7400000095367432,0.5876094698905945
1427,0.9200000166893005,0.1622297614812851,0.7400000095367432,0.5877559185028076
1428,0.9200000166893005,0.1622023731470108,0.7400000095367432,0.5878342986106873
1429,0.9200000166893005,0.16218145191669464,0.7400000095367432,0.5878870487213135
1430,0.9200000166893005,0.16215530037879944,0.7400000095367432,0.5879582166671753
1431,0.9200000166893005,0.16214197874069214,0.7400000095367432,0.588111937046051
1432,0.9200000166893005,0.16214235126972198,0.7400000095367432,0.5883574485778809
1433,0.9200000166893005,0.16212311387062073,0.7400000095367432,0.5885977745056152
1434,0.9200000166893005,0.16209441423416138,0.7400000095367432,0.5887835025787354
1435,0.9200000166893005,0.16207416355609894,0.7400000095367432,0.5889292359352112
1436,0.9200000166893005,0.16205474734306335,0.7400000095367432,0.5890452265739441
1437,0.9200000166893005,0.16203029453754425,0.7400000095367432,0.5891481041908264
1438,0.9200000166893005,0.16200843453407288,0.7400000095367432,0.5892413854598999
1439,0.9200000166893005,0.16199100017547607,0.7400000095367432,0.5893522500991821
1440,0.9200000166893005,0.1619691699743271,0.7400000095367432,0.5895113945007324
1441,0.9200000166893005,0.16195446252822876,0.7400000095367432,0.5896560549736023
1442,0.9200000166893005,0.1619378924369812,0.7400000095367432,0.5897871255874634
1443,0.9200000166893005,0.16191399097442627,0.7400000095367432,0.5899028182029724
1444,0.9200000166893005,0.16189222037792206,0.7400000095367432,0.5900132656097412
1445,0.9200000166893005,0.1618785262107849,0.7400000095367432,0.590189516544342
1446,0.9200000166893005,0.16186180710792542,0.7400000095367432,0.5904416441917419
1447,0.9200000166893005,0.16184015572071075,0.7400000095367432,0.5906884074211121
1448,0.9200000166893005,0.16181868314743042,0.7400000095367432,0.5908511877059937
1449,0.9200000166893005,0.16180315613746643,0.7400000095367432,0.5909683704376221
1450,0.9200000166893005,0.16179025173187256,0.7400000095367432,0.5910795331001282
1451,0.9200000166893005,0.1617671251296997,0.7400000095367432,0.5912307500839233
1452,0.9200000166893005,0.16175195574760437,0.7400000095367432,0.5913937091827393
1453,0.9200000166893005,0.16173739731311798,0.7400000095367432,0.5915366411209106
1454,0.9200000166893005,0.16171856224536896,0.7400000095367432,0.5916810035705566
1455,0.9200000166893005,0.16170482337474823,0.7400000095367432,0.5918624997138977
1456,0.9200000166893005,0.16168512403964996,0.7400000095367432,0.5920474529266357
1457,0.9200000166893005,0.16166163980960846,0.7400000095367432,0.5922085046768188
1458,0.9200000166893005,0.16165678203105927,0.7400000095367432,0.592345654964447
1459,0.9200000166893005,0.16162139177322388,0.7400000095367432,0.5924987196922302
1460,0.9200000166893005,0.16160352528095245,0.7400000095367432,0.5926398038864136
1461,0.9200000166893005,0.16158176958560944,0.7400000095367432,0.5927074551582336
1462,0.9200000166893005,0.1615639179944992,0.7400000095367432,0.5927913188934326
1463,0.9200000166893005,0.16154617071151733,0.7400000095367432,0.5929192900657654
1464,0.9200000166893005,0.16153226792812347,0.7400000095367432,0.5931621789932251
1465,0.9200000166893005,0.16150589287281036,0.7400000095367432,0.5934348106384277
1466,0.9200000166893005,0.1614907830953598,0.7400000095367432,0.5935943722724915
1467,0.9200000166893005,0.16148072481155396,0.7400000095367432,0.5936994552612305
1468,0.9200000166893005,0.16146305203437805,0.7400000095367432,0.5937952399253845
1469,0.9200000166893005,0.16144056618213654,0.7400000095367432,0.5938815474510193
1470,0.9200000166893005,0.16142356395721436,0.7400000095367432,0.5939784049987793
1471,0.9200000166893005,0.16140568256378174,0.7400000095367432,0.5941475629806519
1472,0.9200000166893005,0.16138064861297607,0.7400000095367432,0.5943657159805298
1473,0.9200000166893005,0.16138321161270142,0.7400000095367432,0.5945917367935181
1474,0.9200000166893005,0.1613512933254242,0.7400000095367432,0.5948339700698853
1475,0.9200000166893005,0.16134022176265717,0.7400000095367432,0.5949878692626953
1476,0.9200000166893005,0.16132134199142456,0.7400000095367432,0.5950872898101807
1477,0.9200000166893005,0.16131556034088135,0.7400000095367432,0.5952309370040894
1478,0.9200000166893005,0.1612800657749176,0.7400000095367432,0.5953771471977234
1479,0.9200000166893005,0.1612616330385208,0.7400000095367432,0.5954789519309998
1480,0.9200000166893005,0.16124863922595978,0.7400000095367432,0.5955535173416138
1481,0.9200000166893005,0.16123715043067932,0.7400000095367432,0.5956466794013977
1482,0.9200000166893005,0.16122493147850037,0.7400000095367432,0.5958347916603088
1483,0.9200000166893005,0.1612040400505066,0.7400000095367432,0.5961441397666931
1484,0.9200000166893005,0.16119270026683807,0.7400000095367432,0.5964202880859375
1485,0.9200000166893005,0.1611701399087906,0.7400000095367432,0.5965694785118103
1486,0.9200000166893005,0.161147341132164,0.7400000095367432,0.5966346859931946
1487,0.9200000166893005,0.16112469136714935,0.7400000095367432,0.596662163734436
1488,0.9200000166893005,0.16110101342201233,0.7400000095367432,0.5966726541519165
1489,0.9200000166893005,0.1610775887966156,0.7400000095367432,0.596722424030304
1490,0.9200000166893005,0.16105514764785767,0.7400000095367432,0.5968546867370605
1491,0.9200000166893005,0.1610432118177414,0.7400000095367432,0.5970811247825623
1492,0.9200000166893005,0.16102905571460724,0.7400000095367432,0.5973398685455322
1493,0.9200000166893005,0.1610189974308014,0.7400000095367432,0.5975486636161804
1494,0.9200000166893005,0.1609957367181778,0.7400000095367432,0.5977161526679993
1495,0.9200000166893005,0.1609770804643631,0.7400000095367432,0.5978328585624695
1496,0.9200000166893005,0.16095802187919617,0.7400000095367432,0.5979284644126892
1497,0.9200000166893005,0.16094765067100525,0.7400000095367432,0.5980958342552185
1498,0.9200000166893005,0.16091576218605042,0.7400000095367432,0.5982755422592163
1499,0.9200000166893005,0.1608934849500656,0.7400000095367432,0.5984176993370056
1500,0.9200000166893005,0.1608763486146927,0.7400000095367432,0.5985546708106995
1501,0.9200000166893005,0.16087424755096436,0.7400000095367432,0.5987297296524048
1502,0.9200000166893005,0.1608484983444214,0.7400000095367432,0.5989141464233398
1503,0.9200000166893005,0.16083940863609314,0.7400000095367432,0.5990674495697021
1504,0.9200000166893005,0.1608196645975113,0.7400000095367432,0.599211573600769
1505,0.9200000166893005,0.16080814599990845,0.7400000095367432,0.5993576645851135
1506,0.9200000166893005,0.16079069674015045,0.7400000095367432,0.5995029211044312
1507,0.9200000166893005,0.16076917946338654,0.7400000095367432,0.599646270275116
1508,0.9200000166893005,0.16074827313423157,0.7400000095367432,0.599768877029419
1509,0.9200000166893005,0.1607273817062378,0.7400000095367432,0.5998613834381104
1510,0.9200000166893005,0.16072390973567963,0.7400000095367432,0.6000098586082458
1511,0.9200000166893005,0.16069664061069489,0.7400000095367432,0.6002523899078369
1512,0.9200000166893005,0.1606793850660324,0.7400000095367432,0.6004376411437988
1513,0.9200000166893005,0.1606549769639969,0.7400000095367432,0.6005368232727051
1514,0.9200000166893005,0.16064073145389557,0.7400000095367432,0.6005861163139343
1515,0.9200000166893005,0.16061294078826904,0.7400000095367432,0.6006142497062683
1516,0.9200000166893005,0.16060078144073486,0.7400000095367432,0.6007047295570374
1517,0.9200000166893005,0.16058017313480377,0.7400000095367432,0.6008767485618591
1518,0.9200000166893005,0.16056858003139496,0.7400000095367432,0.6011032462120056
1519,0.9200000166893005,0.16055235266685486,0.7400000095367432,0.6013137698173523
1520,0.9200000166893005,0.1605319082736969,0.7400000095367432,0.6014467477798462
1521,0.9200000166893005,0.1605186015367508,0.7400000095367432,0.6015666723251343
1522,0.9200000166893005,0.16049402952194214,0.7400000095367432,0.6017187237739563
1523,0.9200000166893005,0.16048724949359894,0.7400000095367432,0.6019093990325928
1524,0.9200000166893005,0.16046130657196045,0.7400000095367432,0.6020897030830383
1525,0.9200000166893005,0.16044902801513672,0.7400000095367432,0.6022060513496399
1526,0.9200000166893005,0.16042448580265045,0.7400000095367432,0.6022632718086243
1527,0.9200000166893005,0.1604035347700119,0.7400000095367432,0.6022980809211731
1528,0.9200000166893005,0.1603938341140747,0.7400000095367432,0.602401077747345
1529,0.9200000166893005,0.1603849232196808,0.7400000095367432,0.6026343703269958
1530,0.9200000166893005,0.16036182641983032,0.7400000095367432,0.6029205918312073
1531,0.9200000166893005,0.1603379100561142,0.7400000095367432,0.6031582355499268
1532,0.9200000166893005,0.16032497584819794,0.7400000095367432,0.6032939553260803
1533,0.9200000166893005,0.16031450033187866,0.7400000095367432,0.6033503413200378
1534,0.9200000166893005,0.16028347611427307,0.7400000095367432,0.6033647656440735
1535,0.9200000166893005,0.16026000678539276,0.7400000095367432,0.6033491492271423
1536,0.9200000166893005,0.16025489568710327,0.7400000095367432,0.6033973693847656
1537,0.9200000166893005,0.1602289080619812,0.7400000095367432,0.603543221950531
1538,0.9200000166893005,0.16022177040576935,0.7400000095367432,0.603759765625
1539,0.9200000166893005,0.16020582616329193,0.7400000095367432,0.6040173172950745
1540,0.9200000166893005,0.16018566489219666,0.7400000095367432,0.6042506098747253
1541,0.9200000166893005,0.16016454994678497,0.7400000095367432,0.6044415235519409
1542,0.9200000166893005,0.16014696657657623,0.7400000095367432,0.6046413779258728
1543,0.9200000166893005,0.16012486815452576,0.7400000095367432,0.6048002243041992
1544,0.9200000166893005,0.16010549664497375,0.7400000095367432,0.6048779487609863
1545,0.9200000166893005,0.16008558869361877,0.7400000095367432,0.6048973202705383
1546,0.9200000166893005,0.16007299721240997,0.7400000095367432,0.6048809885978699
1547,0.9200000166893005,0.16006584465503693,0.7400000095367432,0.6048906445503235
1548,0.9200000166893005,0.16005142033100128,0.7400000095367432,0.6049861311912537
1549,0.9200000166893005,0.16002340614795685,0.7400000095367432,0.6051872968673706
1550,0.9200000166893005,0.16000120341777802,0.7400000095367432,0.6054418683052063
1551,0.9200000166893005,0.1599809229373932,0.7400000095367432,0.6056883931159973
1552,0.9200000166893005,0.15996801853179932,0.7400000095367432,0.6059140563011169
1553,0.9200000166893005,0.15995019674301147,0.7400000095367432,0.6060543656349182
1554,0.9200000166893005,0.15992741286754608,0.7400000095367432,0.6060996055603027
1555,0.9200000166893005,0.1599135547876358,0.7400000095367432,0.6061227917671204
1556,0.9200000166893005,0.1599089652299881,0.7400000095367432,0.6062387824058533
1557,0.9200000166893005,0.1598878651857376,0.7400000095367432,0.6064046621322632
1558,0.9200000166893005,0.15986675024032593,0.7400000095367432,0.6065251231193542
1559,0.9200000166893005,0.15984418988227844,0.7400000095367432,0.6066246032714844
1560,0.9200000166893005,0.15982970595359802,0.7400000095367432,0.6067327857017517
1561,0.9200000166893005,0.15981543064117432,0.7400000095367432,0.6068989634513855
1562,0.9200000166893005,0.15979799628257751,0.7400000095367432,0.6071231365203857
1563,0.9200000166893005,0.15976785123348236,0.7400000095367432,0.6073295474052429
1564,0.9200000166893005,0.15975415706634521,0.7400000095367432,0.6074936389923096
1565,0.9200000166893005,0.1597357541322708,0.7400000095367432,0.6076164841651917
1566,0.9200000166893005,0.1597106158733368,0.7400000095367432,0.6077269911766052
1567,0.9200000166893005,0.15970009565353394,0.7400000095367432,0.6078494787216187
1568,0.9200000166893005,0.1596810668706894,0.7400000095367432,0.6079432964324951
1569,0.9200000166893005,0.15967193245887756,0.7400000095367432,0.6080617904663086
1570,0.9200000166893005,0.15965501964092255,0.7400000095367432,0.6082537174224854
1571,0.9200000166893005,0.15963289141654968,0.7400000095367432,0.608456015586853
1572,0.9200000166893005,0.15961982309818268,0.7400000095367432,0.6085941195487976
1573,0.9200000166893005,0.159590944647789,0.7400000095367432,0.6086873412132263
1574,0.9200000166893005,0.1595754772424698,0.7400000095367432,0.6087625622749329
1575,0.9200000166893005,0.15956401824951172,0.7400000095367432,0.6089040637016296
1576,0.9200000166893005,0.1595490574836731,0.7400000095367432,0.6090857982635498
1577,0.9200000166893005,0.15953683853149414,0.7400000095367432,0.6092106103897095
1578,0.9200000166893005,0.15951384603977203,0.7400000095367432,0.6092894077301025
1579,0.9200000166893005,0.15951284766197205,0.7400000095367432,0.6093927621841431
1580,0.9200000166893005,0.15948432683944702,0.7400000095367432,0.6095725297927856
1581,0.9200000166893005,0.1594700813293457,0.7400000095367432,0.6097730398178101
1582,0.9200000166893005,0.15945196151733398,0.7400000095367432,0.6099181175231934
1583,0.9200000166893005,0.1594415158033371,0.7400000095367432,0.6100375652313232
1584,0.9200000166893005,0.159410297870636,0.7400000095367432,0.6102148294448853
1585,0.9200000166893005,0.15939423441886902,0.7400000095367432,0.6104161739349365
1586,0.9200000166893005,0.15938764810562134,0.7400000095367432,0.6105688214302063
1587,0.9200000166893005,0.15936727821826935,0.7400000095367432,0.6106759309768677
1588,0.9200000166893005,0.15935814380645752,0.7400000095367432,0.6107730865478516
1589,0.9200000166893005,0.15934881567955017,0.7400000095367432,0.6109200119972229
1590,0.9200000166893005,0.15932615101337433,0.7400000095367432,0.6110771894454956
1591,0.9200000166893005,0.15930436551570892,0.7400000095367432,0.611175000667572
1592,0.9200000166893005,0.15927772223949432,0.7400000095367432,0.6112481951713562
1593,0.9200000166893005,0.15925684571266174,0.7400000095367432,0.6113018989562988
1594,0.9200000166893005,0.1592383235692978,0.7400000095367432,0.6113861799240112
1595,0.9200000166893005,0.15921016037464142,0.7400000095367432,0.6115032434463501
1596,0.9200000166893005,0.15919063985347748,0.7400000095367432,0.6116107702255249
1597,0.9200000166893005,0.15917757153511047,0.7400000095367432,0.6117589473724365
1598,0.9200000166893005,0.15914955735206604,0.7400000095367432,0.6120105981826782
1599,0.9200000166893005,0.15913940966129303,0.7400000095367432,0.6123058795928955
1600,0.9200000166893005,0.15913139283657074,0.7400000095367432,0.6125109195709229
1601,0.9200000166893005,0.15911543369293213,0.7400000095367432,0.6126115322113037
1602,0.9200000166893005,0.159095898270607,0.7400000095367432,0.6126356720924377
1603,0.9200000166893005,0.1591036170721054,0.7400000095367432,0.6126917004585266
1604,0.9200000166893005,0.1590730994939804,0.7400000095367432,0.6128393411636353
1605,0.9200000166893005,0.15905827283859253,0.7400000095367432,0.612978994846344
1606,0.9200000166893005,0.15904206037521362,0.7400000095367432,0.6130948066711426
1607,0.9200000166893005,0.1590205579996109,0.7400000095367432,0.6131942868232727
1608,0.9200000166893005,0.15900197625160217,0.7400000095367432,0.6132683753967285
1609,0.9200000166893005,0.15897555649280548,0.7400000095367432,0.6133333444595337
1610,0.9200000166893005,0.15895810723304749,0.7400000095367432,0.6134458780288696
1611,0.9200000166893005,0.15893994271755219,0.7400000095367432,0.6136267185211182
1612,0.9200000166893005,0.1589340716600418,0.7400000095367432,0.6138091087341309
1613,0.9200000166893005,0.15891559422016144,0.7400000095367432,0.6140215992927551
1614,0.9200000166893005,0.15889590978622437,0.7400000095367432,0.6142281889915466
1615,0.9200000166893005,0.15888507664203644,0.7400000095367432,0.6143962144851685
1616,0.9200000166893005,0.1588663011789322,0.7400000095367432,0.6144918203353882
1617,0.9399999976158142,0.158855140209198,0.7400000095367432,0.6145083904266357
1618,0.9399999976158142,0.15883347392082214,0.7400000095367432,0.6145055294036865
1619,0.9399999976158142,0.15881386399269104,0.7400000095367432,0.6145616173744202
1620,0.9399999976158142,0.15878897905349731,0.7400000095367432,0.6146679520606995
1621,0.9399999976158142,0.15877708792686462,0.7400000095367432,0.6148262619972229
1622,0.9200000166893005,0.15874643623828888,0.7400000095367432,0.6150349974632263
1623,0.9200000166893005,0.15874779224395752,0.7400000095367432,0.6152867078781128
1624,0.9200000166893005,0.15870918333530426,0.7400000095367432,0.6155034899711609
1625,0.9200000166893005,0.15868794918060303,0.7400000095367432,0.6156295537948608
1626,0.9200000166893005,0.15866772830486298,0.7400000095367432,0.615683376789093
1627,0.9200000166893005,0.15866151452064514,0.7400000095367432,0.6157491207122803
1628,0.9399999976158142,0.15864357352256775,0.7400000095367432,0.6158915162086487
1629,0.9399999976158142,0.15861646831035614,0.7400000095367432,0.6160495281219482
1630,0.9399999976158142,0.1586037129163742,0.7400000095367432,0.6161629557609558
1631,0.9399999976158142,0.1586015671491623,0.7400000095367432,0.6162599325180054
1632,0.9399999976158142,0.15858370065689087,0.7400000095367432,0.6163880228996277
1633,0.9399999976158142,0.1585577130317688,0.7400000095367432,0.6165137887001038
1634,0.9399999976158142,0.15853577852249146,0.7400000095367432,0.6166061162948608
1635,0.9399999976158142,0.15851432085037231,0.7400000095367432,0.6166894435882568
1636,0.9399999976158142,0.1585000902414322,0.7400000095367432,0.6168596148490906
1637,0.9399999976158142,0.15847894549369812,0.7400000095367432,0.6170760989189148
1638,0.9399999976158142,0.15845762193202972,0.7400000095367432,0.6172165870666504
1639,0.9399999976158142,0.15843744575977325,0.7400000095367432,0.617338240146637
1640,0.9399999976158142,0.15841709077358246,0.7400000095367432,0.617479145526886
1641,0.9399999976158142,0.15840572118759155,0.7400000095367432,0.6176279187202454
1642,0.9399999976158142,0.15838466584682465,0.7400000095367432,0.6177507638931274
1643,0.9399999976158142,0.15838423371315002,0.7400000095367432,0.6178627610206604
1644,0.9399999976158142,0.1583476960659027,0.7400000095367432,0.6180059313774109
1645,0.9399999976158142,0.1583416759967804,0.7400000095367432,0.6181397438049316
1646,0.9399999976158142,0.15833014249801636,0.7400000095367432,0.6182628870010376
1647,0.9399999976158142,0.1583056002855301,0.7400000095367432,0.6183845400810242
1648,0.9399999976158142,0.15828078985214233,0.7400000095367432,0.6184712052345276
1649,0.9399999976158142,0.1582658737897873,0.7400000095367432,0.6185746192932129
1650,0.9399999976158142,0.1582578867673874,0.7400000095367432,0.6187626719474792
1651,0.9399999976158142,0.15822848677635193,0.7400000095367432,0.6189658045768738
1652,0.9399999976158142,0.1582137495279312,0.7400000095367432,0.6191290020942688
1653,0.9399999976158142,0.1581975519657135,0.7400000095367432,0.6192401647567749
1654,0.9399999976158142,0.15817315876483917,0.7400000095367432,0.6192885637283325
1655,0.9399999976158142,0.15815754234790802,0.7400000095367432,0.6193752288818359
1656,0.9399999976158142,0.15814563632011414,0.7400000095367432,0.6195512413978577
1657,0.9399999976158142,0.15813474357128143,0.7400000095367432,0.6197283864021301
1658,0.9399999976158142,0.1581079661846161,0.7400000095367432,0.6198622584342957
1659,0.9399999976158142,0.15808624029159546,0.7400000095367432,0.6199772357940674
1660,0.9399999976158142,0.15808457136154175,0.7400000095367432,0.6201056241989136
1661,0.9399999976158142,0.1580631136894226,0.7400000095367432,0.6202057003974915
1662,0.9399999976158142,0.1580367535352707,0.7400000095367432,0.6202279329299927
1663,0.9399999976158142,0.15803290903568268,0.7400000095367432,0.6202952265739441
1664,0.9399999976158142,0.15801399946212769,0.7400000095367432,0.6204321384429932
1665,0.9399999976158142,0.15800841152668,0.7400000095367432,0.620673656463623
1666,0.9399999976158142,0.15798263251781464,0.7400000095367432,0.6209585070610046
1667,0.9399999976158142,0.1579701006412506,0.7400000095367432,0.6211746335029602
1668,0.9399999976158142,0.15795250236988068,0.7400000095367432,0.6212984323501587
1669,0.9399999976158142,0.15793117880821228,0.7400000095367432,0.6213393211364746
1670,0.9399999976158142,0.15791438519954681,0.7400000095367432,0.6214009523391724
1671,0.9399999976158142,0.15788350999355316,0.7400000095367432,0.6214922070503235
1672,0.9399999976158142,0.1578662246465683,0.7400000095367432,0.6215536594390869
1673,0.9399999976158142,0.1578717976808548,0.7400000095367432,0.6216510534286499
1674,0.9399999976158142,0.15785636007785797,0.7400000095367432,0.6218201518058777
1675,0.9399999976158142,0.15783271193504333,0.7400000095367432,0.6219576001167297
1676,0.9399999976158142,0.1578063815832138,0.7400000095367432,0.6220926642417908
1677,0.9399999976158142,0.1577889621257782,0.7400000095367432,0.622246503829956
1678,0.9399999976158142,0.1577681303024292,0.7400000095367432,0.6223828792572021
1679,0.9399999976158142,0.1577509641647339,0.7400000095367432,0.6224620938301086
1680,0.9399999976158142,0.15772433578968048,0.7400000095367432,0.6225057244300842
1681,0.9399999976158142,0.1577029675245285,0.7400000095367432,0.6225402355194092
1682,0.9399999976158142,0.15768608450889587,0.7400000095367432,0.6225786805152893
1683,0.9399999976158142,0.15765783190727234,0.7400000095367432,0.6226413249969482
1684,0.9399999976158142,0.15765130519866943,0.7400000095367432,0.6228200793266296
1685,0.9399999976158142,0.15762566030025482,0.7400000095367432,0.6230626106262207
1686,0.9399999976158142,0.15761220455169678,0.7400000095367432,0.6232513189315796
1687,0.9399999976158142,0.15758918225765228,0.7400000095367432,0.6233808398246765
1688,0.9399999976158142,0.15757837891578674,0.7400000095367432,0.6235412359237671
1689,0.9399999976158142,0.15755747258663177,0.7400000095367432,0.6237413287162781
1690,0.9399999976158142,0.15754486620426178,0.7400000095367432,0.6239258050918579
1691,0.9399999976158142,0.15752004086971283,0.7400000095367432,0.6240654587745667
1692,0.9399999976158142,0.15750174224376678,0.7400000095367432,0.6241050362586975
1693,0.9399999976158142,0.1574939638376236,0.7400000095367432,0.624188244342804
1694,0.9399999976158142,0.1574726551771164,0.7400000095367432,0.6243047714233398
1695,0.9399999976158142,0.15745338797569275,0.7400000095367432,0.6243652105331421
1696,0.9399999976158142,0.1574365645647049,0.7400000095367432,0.6244441866874695
1697,0.9399999976158142,0.15742409229278564,0.7400000095367432,0.6246320605278015
1698,0.9399999976158142,0.15741071105003357,0.7400000095367432,0.6248519420623779
1699,0.9399999976158142,0.1573881357908249,0.7400000095367432,0.6250045895576477
1700,0.9399999976158142,0.15735769271850586,0.7400000095367432,0.6251090168952942
1701,0.9399999976158142,0.15733854472637177,0.7400000095367432,0.625184178352356
1702,0.9399999976158142,0.15732917189598083,0.7400000095367432,0.6253184676170349
1703,0.9399999976158142,0.15731558203697205,0.7400000095367432,0.6254566311836243
1704,0.9399999976158142,0.1572866141796112,0.7400000095367432,0.6255924701690674
1705,0.9399999976158142,0.15726296603679657,0.7400000095367432,0.6257226467132568
1706,0.9399999976158142,0.1572473645210266,0.7400000095367432,0.6257977485656738
1707,0.9399999976158142,0.15724433958530426,0.7400000095367432,0.6258835792541504
1708,0.9399999976158142,0.1572294980287552,0.7400000095367432,0.6260356903076172
1709,0.9399999976158142,0.15719939768314362,0.7400000095367432,0.6262125372886658
1710,0.9399999976158142,0.15717299282550812,0.7400000095367432,0.6263782382011414
1711,0.9399999976158142,0.1571599245071411,0.7400000095367432,0.6265413165092468
1712,0.9399999976158142,0.15714694559574127,0.7400000095367432,0.6267514824867249
1713,0.9399999976158142,0.15712690353393555,0.7400000095367432,0.626945972442627
1714,0.9399999976158142,0.15711051225662231,0.7400000095367432,0.6270266175270081
1715,0.9399999976158142,0.1570882648229599,0.7400000095367432,0.6270711421966553
1716,0.9399999976158142,0.1570701152086258,0.7400000095367432,0.6271559000015259
1717,0.9399999976158142,0.15705271065235138,0.7400000095367432,0.627254068851471
1718,0.9399999976158142,0.15703630447387695,0.7400000095367432,0.6273817420005798
1719,0.9399999976158142,0.15700505673885345,0.7400000095367432,0.6275049448013306
1720,0.9399999976158142,0.15699400007724762,0.7400000095367432,0.6276329159736633
1721,0.9399999976158142,0.15697726607322693,0.7400000095367432,0.6278161406517029
1722,0.9399999976158142,0.15695910155773163,0.7400000095367432,0.6279977560043335
1723,0.9399999976158142,0.15693828463554382,0.7400000095367432,0.6281343102455139
1724,0.9399999976158142,0.15691936016082764,0.7400000095367432,0.6282494068145752
1725,0.9399999976158142,0.1569082885980606,0.7400000095367432,0.6283550262451172
1726,0.9399999976158142,0.15688180923461914,0.7400000095367432,0.6284996867179871
1727,0.9399999976158142,0.15686936676502228,0.7400000095367432,0.62868332862854
1728,0.9399999976158142,0.1568382978439331,0.7400000095367432,0.6288669109344482
1729,0.9399999976158142,0.15680982172489166,0.7400000095367432,0.6290121674537659
1730,0.9399999976158142,0.1567985713481903,0.7400000095367432,0.6291170716285706
1731,0.9399999976158142,0.15679174661636353,0.7400000095367432,0.6292629837989807
1732,0.9399999976158142,0.15677031874656677,0.7400000095367432,0.6294442415237427
1733,0.9399999976158142,0.15675684809684753,0.7400000095367432,0.6295579075813293
1734,0.9399999976158142,0.15673920512199402,0.7400000095367432,0.6296588182449341
1735,0.9399999976158142,0.15672117471694946,0.7400000095367432,0.6297857761383057
1736,0.9399999976158142,0.15670791268348694,0.7400000095367432,0.6299190521240234
1737,0.9399999976158142,0.15668493509292603,0.7400000095367432,0.6300085186958313
1738,0.9399999976158142,0.15666021406650543,0.7400000095367432,0.6300919651985168
1739,0.9399999976158142,0.15664562582969666,0.7400000095367432,0.6302327513694763
1740,0.9399999976158142,0.15661633014678955,0.7400000095367432,0.6303771734237671
1741,0.9399999976158142,0.15661346912384033,0.7400000095367432,0.6305301785469055
1742,0.9399999976158142,0.15658114850521088,0.7400000095367432,0.6307657361030579
1743,0.9399999976158142,0.1565672904253006,0.7400000095367432,0.6309770345687866
1744,0.9399999976158142,0.1565433144569397,0.7400000095367432,0.6311183571815491
1745,0.9399999976158142,0.1565254181623459,0.7400000095367432,0.6312523484230042
1746,0.9399999976158142,0.15651144087314606,0.7400000095367432,0.6314259171485901
1747,0.9399999976158142,0.15650609135627747,0.7400000095367432,0.6316007375717163
1748,0.9399999976158142,0.15648622810840607,0.7400000095367432,0.6317233443260193
1749,0.9399999976158142,0.15647606551647186,0.7400000095367432,0.6318127512931824
1750,0.9399999976158142,0.15645381808280945,0.7400000095367432,0.6319188475608826
1751,0.9399999976158142,0.1564287543296814,0.7400000095367432,0.6320086717605591
1752,0.9399999976158142,0.1564011126756668,0.7400000095367432,0.6320434808731079
1753,0.9399999976158142,0.156392440199852,0.7400000095367432,0.6321412324905396
1754,0.9399999976158142,0.15636493265628815,0.7400000095367432,0.6323333978652954
1755,0.9399999976158142,0.15634290874004364,0.7400000095367432,0.6325163841247559
1756,0.9399999976158142,0.15631531178951263,0.7400000095367432,0.6326574683189392
1757,0.9399999976158142,0.1562940925359726,0.7400000095367432,0.6327340602874756
1758,0.9399999976158142,0.15627112984657288,0.7400000095367432,0.6327589154243469
1759,0.9399999976158142,0.1562558114528656,0.7400000095367432,0.6328524947166443
1760,0.9399999976158142,0.15623317658901215,0.7400000095367432,0.6330528259277344
1761,0.9399999976158142,0.15622562170028687,0.7400000095367432,0.6333142518997192
1762,0.9399999976158142,0.1562012881040573,0.7400000095367432,0.6335737109184265
1763,0.9399999976158142,0.15617340803146362,0.7400000095367432,0.633741021156311
1764,0.9399999976158142,0.15615662932395935,0.7400000095367432,0.6338797211647034
1765,0.9399999976158142,0.156140998005867,0.7400000095367432,0.6340450048446655
1766,0.9399999976158142,0.15611472725868225,0.7400000095367432,0.6342242956161499
1767,0.9399999976158142,0.1561092883348465,0.7400000095367432,0.6343773603439331
1768,0.9399999976158142,0.15610021352767944,0.7400000095367432,0.6345317959785461
1769,0.9399999976158142,0.15608108043670654,0.7400000095367432,0.6346795558929443
1770,0.9399999976158142,0.15607130527496338,0.7400000095367432,0.6348150372505188
1771,0.9399999976158142,0.15604722499847412,0.7400000095367432,0.6349142789840698
1772,0.9399999976158142,0.15602682530879974,0.7400000095367432,0.6349867582321167
1773,0.9399999976158142,0.15599602460861206,0.7200000286102295,0.6351194381713867
1774,0.9399999976158142,0.15597711503505707,0.7200000286102295,0.6353486180305481
1775,0.9399999976158142,0.15596534311771393,0.7200000286102295,0.6355324387550354
1776,0.9399999976158142,0.15593771636486053,0.7200000286102295,0.635606050491333
1777,0.9399999976158142,0.1559128612279892,0.7200000286102295,0.6356405019760132
1778,0.9399999976158142,0.15588806569576263,0.7200000286102295,0.6356923580169678
1779,0.9399999976158142,0.15587754547595978,0.7200000286102295,0.6358097195625305
1780,0.9399999976158142,0.15585753321647644,0.7200000286102295,0.636049747467041
1781,0.9399999976158142,0.15583187341690063,0.7200000286102295,0.6363106966018677
1782,0.9399999976158142,0.15581616759300232,0.7200000286102295,0.636475682258606
1783,0.9399999976158142,0.15580208599567413,0.7200000286102295,0.636634111404419
1784,0.9399999976158142,0.155783548951149,0.7200000286102295,0.6368077993392944
1785,0.9399999976158142,0.15577390789985657,0.7200000286102295,0.6369175910949707
1786,0.9399999976158142,0.1557522416114807,0.7200000286102295,0.6369755268096924
1787,0.9399999976158142,0.15572774410247803,0.7200000286102295,0.6370941400527954
1788,0.9399999976158142,0.15572161972522736,0.7200000286102295,0.6373379826545715
1789,0.9399999976158142,0.15569950640201569,0.7200000286102295,0.6376234889030457
1790,0.9399999976158142,0.15568120777606964,0.7200000286102295,0.6378201246261597
1791,0.9399999976158142,0.15566521883010864,0.7200000286102295,0.6378933787345886
1792,0.9399999976158142,0.1556396186351776,0.7200000286102295,0.6379109025001526
1793,0.9399999976158142,0.15561191737651825,0.7200000286102295,0.6379644274711609
1794,0.9399999976158142,0.1555943489074707,0.7200000286102295,0.638077974319458
1795,0.9399999976158142,0.15557515621185303,0.7200000286102295,0.6381896734237671
1796,0.9399999976158142,0.15555551648139954,0.7200000286102295,0.6382886171340942
1797,0.9399999976158142,0.1555381715297699,0.7200000286102295,0.6384167671203613
1798,0.9399999976158142,0.15552328526973724,0.7200000286102295,0.6385820508003235
1799,0.9399999976158142,0.1555139422416687,0.7200000286102295,0.6388116478919983
1800,0.9399999976158142,0.15548115968704224,0.7200000286102295,0.6390344500541687
1801,0.9399999976158142,0.1554616093635559,0.7200000286102295,0.6392295360565186
1802,0.9399999976158142,0.15544478595256805,0.7200000286102295,0.6394458413124084
1803,0.9399999976158142,0.155424103140831,0.7200000286102295,0.6396153569221497
1804,0.9399999976158142,0.1553991138935089,0.7200000286102295,0.6397138237953186
1805,0.9399999976158142,0.1553836464881897,0.7200000286102295,0.6397886872291565
1806,0.9399999976158142,0.15536794066429138,0.7200000286102295,0.6398386359214783
1807,0.9399999976158142,0.15535205602645874,0.7200000286102295,0.639933168888092
1808,0.9399999976158142,0.15534648299217224,0.7200000286102295,0.6401405334472656
1809,0.9399999976158142,0.15532715618610382,0.7200000286102295,0.64042067527771
1810,0.9399999976158142,0.15530765056610107,0.7200000286102295,0.640627384185791
1811,0.9399999976158142,0.15528054535388947,0.7200000286102295,0.6407377123832703
1812,0.9399999976158142,0.1552562266588211,0.7200000286102295,0.6408575177192688
1813,0.9399999976158142,0.15523837506771088,0.7200000286102295,0.6409527659416199
1814,0.9399999976158142,0.15520280599594116,0.7200000286102295,0.6409604549407959
1815,0.9399999976158142,0.15517844259738922,0.7200000286102295,0.6410157084465027
1816,0.9399999976158142,0.15516486763954163,0.7200000286102295,0.6411690711975098
1817,0.9399999976158142,0.15514618158340454,0.7200000286102295,0.6413609385490417
1818,0.9399999976158142,0.15513043105602264,0.7200000286102295,0.6415925025939941
1819,0.9399999976158142,0.1551143079996109,0.7200000286102295,0.6417805552482605
1820,0.9399999976158142,0.1550937443971634,0.7200000286102295,0.6418951153755188
1821,0.9399999976158142,0.15506340563297272,0.7200000286102295,0.6419849395751953
1822,0.9399999976158142,0.15506009757518768,0.7200000286102295,0.6421878337860107
1823,0.9399999976158142,0.15503257513046265,0.7200000286102295,0.6424470543861389
1824,0.9399999976158142,0.15501035749912262,0.7200000286102295,0.6426078081130981
1825,0.9399999976158142,0.15499140322208405,0.7200000286102295,0.6426960825920105
1826,0.9399999976158142,0.1549738198518753,0.7200000286102295,0.6427289843559265
1827,0.9399999976158142,0.15495683252811432,0.7200000286102295,0.6427916884422302
1828,0.9399999976158142,0.15493911504745483,0.7200000286102295,0.6429077386856079
1829,0.9399999976158142,0.15492519736289978,0.7200000286102295,0.6431498527526855
1830,0.9399999976158142,0.15490204095840454,0.7200000286102295,0.6434702277183533
1831,0.9399999976158142,0.15489284694194794,0.7200000286102295,0.6437525749206543
1832,0.9399999976158142,0.1548781841993332,0.7200000286102295,0.6438999176025391
1833,0.9399999976158142,0.15485456585884094,0.7200000286102295,0.6439489722251892
1834,0.9399999976158142,0.154826357960701,0.7200000286102295,0.6439713835716248
1835,0.9399999976158142,0.1548016220331192,0.7200000286102295,0.6439630389213562
1836,0.9399999976158142,0.15478578209877014,0.7200000286102295,0.6440793871879578
1837,0.9399999976158142,0.154765322804451,0.7200000286102295,0.6443411111831665
1838,0.9399999976158142,0.15474770963191986,0.7200000286102295,0.6445388197898865
1839,0.9399999976158142,0.1547243446111679,0.7200000286102295,0.6446734666824341
1840,0.9399999976158142,0.15469947457313538,0.7200000286102295,0.6448197960853577
1841,0.9399999976158142,0.15467724204063416,0.7200000286102295,0.6449854969978333
1842,0.9399999976158142,0.154662624001503,0.7200000286102295,0.6451156139373779
1843,0.9399999976158142,0.15464293956756592,0.7200000286102295,0.6452329158782959
1844,0.9399999976158142,0.15462036430835724,0.7200000286102295,0.645392894744873
1845,0.9399999976158142,0.15459467470645905,0.7200000286102295,0.6455446481704712
1846,0.9399999976158142,0.1545753926038742,0.7200000286102295,0.6456544399261475
1847,0.9399999976158142,0.15458112955093384,0.7200000286102295,0.6457884311676025
1848,0.9399999976158142,0.15454170107841492,0.7200000286102295,0.6459789276123047
1849,0.9399999976158142,0.15452076494693756,0.7200000286102295,0.6461646556854248
1850,0.9399999976158142,0.1545087844133377,0.7200000286102295,0.6463718414306641
1851,0.9399999976158142,0.15448503196239471,0.7200000286102295,0.6465149521827698
1852,0.9399999976158142,0.15446749329566956,0.7200000286102295,0.6465750336647034
1853,0.9399999976158142,0.15444791316986084,0.7200000286102295,0.6466472744941711
1854,0.9399999976158142,0.1544371098279953,0.7200000286102295,0.6468225121498108
1855,0.9399999976158142,0.154423326253891,0.7200000286102295,0.6470854878425598
1856,0.9399999976158142,0.1544054001569748,0.7200000286102295,0.6472871899604797
1857,0.9399999976158142,0.15438520908355713,0.7200000286102295,0.647446870803833
1858,0.9399999976158142,0.15436029434204102,0.7200000286102295,0.647581934928894
1859,0.9399999976158142,0.1543343961238861,0.7200000286102295,0.6476413607597351
1860,0.9399999976158142,0.15432089567184448,0.7200000286102295,0.6477489471435547
1861,0.9399999976158142,0.1542925089597702,0.7200000286102295,0.6478878855705261
1862,0.9399999976158142,0.1542683094739914,0.7200000286102295,0.64800626039505
1863,0.9399999976158142,0.15423700213432312,0.7200000286102295,0.6481344699859619
1864,0.9399999976158142,0.15421560406684875,0.7200000286102295,0.6482774615287781
1865,0.9399999976158142,0.15419413149356842,0.7200000286102295,0.6484440565109253
1866,0.9399999976158142,0.15418188273906708,0.7200000286102295,0.6486048102378845
1867,0.9399999976158142,0.15415780246257782,0.7200000286102295,0.6487424373626709
1868,0.9399999976158142,0.15412883460521698,0.7200000286102295,0.6488437056541443
1869,0.9399999976158142,0.15412119030952454,0.7200000286102295,0.6489424705505371
1870,0.9399999976158142,0.15410669147968292,0.7200000286102295,0.6490914225578308
1871,0.9399999976158142,0.15407909452915192,0.7200000286102295,0.6493058800697327
1872,0.9399999976158142,0.15406347811222076,0.7200000286102295,0.6495420932769775
1873,0.9399999976158142,0.15403951704502106,0.7200000286102295,0.6497807502746582
1874,0.9399999976158142,0.15402911603450775,0.7200000286102295,0.6499772071838379
1875,0.9399999976158142,0.15401671826839447,0.7200000286102295,0.6501290798187256
1876,0.9399999976158142,0.1539950966835022,0.7200000286102295,0.6502532958984375
1877,0.9399999976158142,0.1539667397737503,0.7200000286102295,0.6503814458847046
1878,0.9399999976158142,0.1539478749036789,0.7200000286102295,0.6505568623542786
1879,0.9399999976158142,0.1539405733346939,0.7200000286102295,0.6507200598716736
1880,0.9399999976158142,0.15392689406871796,0.7200000286102295,0.6508651971817017
1881,0.9399999976158142,0.15389835834503174,0.7200000286102295,0.6509892344474792
1882,0.9399999976158142,0.1538739651441574,0.7200000286102295,0.6510412693023682
1883,0.9399999976158142,0.15385299921035767,0.7200000286102295,0.6510873436927795
1884,0.9399999976158142,0.1538403183221817,0.7200000286102295,0.651216447353363
1885,0.9399999976158142,0.1538134217262268,0.7200000286102295,0.6514274477958679
1886,0.9399999976158142,0.15378278493881226,0.7200000286102295,0.6516420841217041
1887,0.9399999976158142,0.153761088848114,0.7200000286102295,0.6517618298530579
1888,0.9399999976158142,0.1537400484085083,0.7200000286102295,0.6517706513404846
1889,0.9399999976158142,0.15371431410312653,0.7200000286102295,0.6517922878265381
1890,0.9399999976158142,0.15370474755764008,0.7200000286102295,0.65191251039505
1891,0.9399999976158142,0.15367428958415985,0.7200000286102295,0.6520705223083496
1892,0.9399999976158142,0.15364722907543182,0.7200000286102295,0.6523151993751526
1893,0.9399999976158142,0.15362763404846191,0.7200000286102295,0.6525743007659912
1894,0.9399999976158142,0.15362051129341125,0.7200000286102295,0.6528172492980957
1895,0.9399999976158142,0.15360504388809204,0.7200000286102295,0.6530460119247437
1896,0.9399999976158142,0.15357382595539093,0.7200000286102295,0.653185248374939
1897,0.9399999976158142,0.15356208384037018,0.7200000286102295,0.6532613635063171
1898,0.9399999976158142,0.15354464948177338,0.7200000286102295,0.6533000469207764
1899,0.9399999976158142,0.15352658927440643,0.7200000286102295,0.6533910632133484
1900,0.9399999976158142,0.15352332592010498,0.7200000286102295,0.6536113023757935
1901,0.9399999976158142,0.15350139141082764,0.7200000286102295,0.6538968086242676
1902,0.9399999976158142,0.15346978604793549,0.7200000286102295,0.6541366577148438
1903,0.9399999976158142,0.15346425771713257,0.7200000286102295,0.6543129086494446
1904,0.9399999976158142,0.15343734622001648,0.7200000286102295,0.654427170753479
1905,0.9399999976158142,0.15340377390384674,0.7200000286102295,0.6544761657714844
1906,0.9399999976158142,0.15338967740535736,0.7200000286102295,0.654559314250946
1907,0.9399999976158142,0.15336637198925018,0.7200000286102295,0.6546680331230164
1908,0.9399999976158142,0.15334251523017883,0.7200000286102295,0.6547059416770935
1909,0.9399999976158142,0.1533278524875641,0.7200000286102295,0.6547967791557312
1910,0.9399999976158142,0.1533101201057434,0.7200000286102295,0.6549971103668213
1911,0.9399999976158142,0.1532752811908722,0.7200000286102295,0.655256450176239
1912,0.9399999976158142,0.1532515585422516,0.7200000286102295,0.6554402112960815
1913,0.9399999976158142,0.15323075652122498,0.7200000286102295,0.6556198596954346
1914,0.9399999976158142,0.1532110720872879,0.7200000286102295,0.6558129787445068
1915,0.9399999976158142,0.15319237112998962,0.7200000286102295,0.6559589505195618
1916,0.9399999976158142,0.153180330991745,0.7200000286102295,0.6560742855072021
1917,0.9399999976158142,0.15316332876682281,0.7200000286102295,0.6561436653137207
1918,0.9399999976158142,0.15315181016921997,0.7200000286102295,0.6562356352806091
1919,0.9399999976158142,0.15313449501991272,0.7200000286102295,0.6563875675201416
1920,0.9399999976158142,0.15310770273208618,0.7200000286102295,0.6566208004951477
1921,0.9399999976158142,0.15308108925819397,0.7200000286102295,0.6568267941474915
1922,0.9399999976158142,0.15305626392364502,0.7200000286102295,0.6569383144378662
1923,0.9399999976158142,0.1530350148677826,0.7200000286102295,0.6570113897323608
1924,0.9399999976158142,0.15301552414894104,0.7200000286102295,0.6571357846260071
1925,0.9399999976158142,0.15298566222190857,0.7200000286102295,0.6572556495666504
1926,0.9399999976158142,0.152960404753685,0.7200000286102295,0.6573153734207153
1927,0.9399999976158142,0.15293727815151215,0.7200000286102295,0.6573858857154846
1928,0.9399999976158142,0.15292666852474213,0.7200000286102295,0.6575368642807007
1929,0.9399999976158142,0.15291854739189148,0.7200000286102295,0.657774806022644
1930,0.9399999976158142,0.15289141237735748,0.7200000286102295,0.6580346822738647
1931,0.9399999976158142,0.15286794304847717,0.7200000286102295,0.6581940650939941
1932,0.9399999976158142,0.15283972024917603,0.7200000286102295,0.6583071351051331
1933,0.9399999976158142,0.15283112227916718,0.7200000286102295,0.6584615111351013
1934,0.9399999976158142,0.15280133485794067,0.7200000286102295,0.6586775183677673
1935,0.9399999976158142,0.15277902781963348,0.7200000286102295,0.6588534712791443
1936,0.9399999976158142,0.1527564972639084,0.7200000286102295,0.6589006185531616
1937,0.9399999976158142,0.1527319699525833,0.7200000286102295,0.6589131355285645
1938,0.9399999976158142,0.15272626280784607,0.7200000286102295,0.6590273976325989
1939,0.9399999976158142,0.15270397067070007,0.7200000286102295,0.6592366099357605
1940,0.9399999976158142,0.1526852548122406,0.7200000286102295,0.6594674587249756
1941,0.9399999976158142,0.15265968441963196,0.7200000286102295,0.6596820950508118
1942,0.9399999976158142,0.15263870358467102,0.7200000286102295,0.659850001335144
1943,0.9399999976158142,0.15263085067272186,0.7200000286102295,0.6599535346031189
1944,0.9399999976158142,0.1526043564081192,0.7200000286102295,0.6600067019462585
1945,0.9399999976158142,0.15258222818374634,0.7200000286102295,0.6600512862205505
1946,0.9399999976158142,0.15256448090076447,0.7200000286102295,0.6600909233093262
1947,0.9399999976158142,0.15254352986812592,0.7200000286102295,0.6601789593696594
1948,0.9399999976158142,0.15251699090003967,0.7200000286102295,0.6604431867599487
1949,0.9399999976158142,0.15249423682689667,0.7200000286102295,0.6607378125190735
1950,0.9399999976158142,0.1524796038866043,0.7200000286102295,0.6609353423118591
1951,0.9399999976158142,0.1524467170238495,0.7200000286102295,0.6610723733901978
1952,0.9399999976158142,0.1524326652288437,0.7200000286102295,0.6611832976341248
1953,0.9399999976158142,0.1524098962545395,0.7200000286102295,0.6612616181373596
1954,0.9399999976158142,0.1523878574371338,0.7200000286102295,0.6613156795501709
1955,0.9399999976158142,0.15235906839370728,0.7200000286102295,0.6613812446594238
1956,0.9399999976158142,0.15235207974910736,0.7200000286102295,0.6615184545516968
1957,0.9399999976158142,0.1523171067237854,0.7200000286102295,0.6616958379745483
1958,0.9399999976158142,0.1523033082485199,0.7200000286102295,0.6618971228599548
1959,0.9399999976158142,0.1522795557975769,0.7200000286102295,0.6620758771896362
1960,0.9399999976158142,0.15225553512573242,0.7200000286102295,0.6621935963630676
1961,0.9399999976158142,0.15222826600074768,0.7200000286102295,0.6622776985168457
1962,0.9399999976158142,0.15221425890922546,0.7200000286102295,0.6624260544776917
1963,0.9399999976158142,0.15220096707344055,0.7200000286102295,0.6626536846160889
1964,0.9399999976158142,0.15218065679073334,0.7200000286102295,0.6628532409667969
1965,0.9399999976158142,0.152158722281456,0.7200000286102295,0.6629635095596313
1966,0.9399999976158142,0.15213800966739655,0.7200000286102295,0.6630324721336365
1967,0.9399999976158142,0.15211552381515503,0.7200000286102295,0.6631213426589966
1968,0.9399999976158142,0.15209421515464783,0.7200000286102295,0.6632342338562012
1969,0.9399999976158142,0.15206904709339142,0.7200000286102295,0.6633397936820984
1970,0.9399999976158142,0.15206195414066315,0.7200000286102295,0.6635039448738098
1971,0.9399999976158142,0.15201465785503387,0.7200000286102295,0.663736879825592
1972,0.9399999976158142,0.15200300514698029,0.7200000286102295,0.6639643311500549
1973,0.9399999976158142,0.15198995172977448,0.7200000286102295,0.6641358733177185
1974,0.9399999976158142,0.15196923911571503,0.7200000286102295,0.664223849773407
1975,0.9399999976158142,0.15195374190807343,0.699999988079071,0.6643075346946716
1976,0.9399999976158142,0.15195314586162567,0.699999988079071,0.6644588708877563
1977,0.9399999976158142,0.1519182324409485,0.699999988079071,0.6646189093589783
1978,0.9399999976158142,0.15189747512340546,0.699999988079071,0.6647593975067139
1979,0.9399999976158142,0.15186944603919983,0.699999988079071,0.6648864150047302
1980,0.9399999976158142,0.15184280276298523,0.699999988079071,0.6649602651596069
1981,0.9399999976158142,0.1518244594335556,0.699999988079071,0.6650007367134094
1982,0.9399999976158142,0.15180589258670807,0.699999988079071,0.6650974750518799
1983,0.9399999976158142,0.15177854895591736,0.699999988079071,0.6652008295059204
1984,0.9399999976158142,0.15176939964294434,0.699999988079071,0.6653591990470886
1985,0.9399999976158142,0.15172193944454193,0.699999988079071,0.6655513048171997
1986,0.9399999976158142,0.1517149657011032,0.699999988079071,0.6657286882400513
1987,0.9399999976158142,0.15169811248779297,0.699999988079071,0.6659274101257324
1988,0.9399999976158142,0.15166863799095154,0.699999988079071,0.6660681366920471
1989,0.9399999976158142,0.15163841843605042,0.699999988079071,0.6661404371261597
1990,0.9399999976158142,0.15163163840770721,0.699999988079071,0.6662864685058594
1991,0.9399999976158142,0.15161703526973724,0.699999988079071,0.6665154099464417
1992,0.9399999976158142,0.15159818530082703,0.699999988079071,0.6667251586914062
1993,0.9399999976158142,0.1515745371580124,0.699999988079071,0.6668932437896729
1994,0.9399999976158142,0.15156231820583344,0.699999988079071,0.6670154333114624
1995,0.9399999976158142,0.1515393853187561,0.699999988079071,0.6670793890953064
1996,0.9399999976158142,0.15151959657669067,0.699999988079071,0.6671760082244873
1997,0.9399999976158142,0.15148389339447021,0.699999988079071,0.6672728657722473
1998,0.9399999976158142,0.15147501230239868,0.699999988079071,0.6673613786697388
1999,0.9399999976158142,0.15143142640590668,0.699999988079071,0.6674568057060242
2000,0.9399999976158142,0.15141761302947998,0.699999988079071,0.6675787568092346
2001,0.9399999976158142,0.15138784050941467,0.699999988079071,0.6677596569061279
2002,0.9399999976158142,0.15137077867984772,0.699999988079071,0.6679263114929199
2003,0.9399999976158142,0.15134087204933167,0.699999988079071,0.6680328845977783
2004,0.9399999976158142,0.15132993459701538,0.699999988079071,0.6681897640228271
2005,0.9399999976158142,0.15132243931293488,0.699999988079071,0.6684668064117432
2006,0.9399999976158142,0.15130506455898285,0.699999988079071,0.6687157154083252
2007,0.9399999976158142,0.1512819081544876,0.699999988079071,0.6688509583473206
2008,0.9399999976158142,0.15124791860580444,0.699999988079071,0.668910801410675
2009,0.9399999976158142,0.1512187421321869,0.699999988079071,0.6689420938491821
2010,0.9399999976158142,0.1512058824300766,0.699999988079071,0.6690107583999634
2011,0.9399999976158142,0.15118828415870667,0.699999988079071,0.6691573262214661
2012,0.9399999976158142,0.15115611255168915,0.699999988079071,0.6693323254585266
2013,0.9399999976158142,0.15112489461898804,0.699999988079071,0.6694663763046265
2014,0.9399999976158142,0.15112827718257904,0.699999988079071,0.6696033477783203
2015,0.9399999976158142,0.15110443532466888,0.699999988079071,0.6697571277618408
2016,0.9399999976158142,0.1510923057794571,0.699999988079071,0.6699085831642151
2017,0.9399999976158142,0.15106168389320374,0.699999988079071,0.6700760722160339
2018,0.9399999976158142,0.1510365903377533,0.699999988079071,0.6702922582626343
2019,0.9399999976158142,0.15101666748523712,0.699999988079071,0.6704816222190857
2020,0.9399999976158142,0.15100814402103424,0.699999988079071,0.6705524325370789
2021,0.9399999976158142,0.15097680687904358,0.699999988079071,0.670593798160553
2022,0.9399999976158142,0.15094847977161407,0.699999988079071,0.6706531643867493
2023,0.9399999976158142,0.1509276032447815,0.7200000286102295,0.6707203388214111
2024,0.9399999976158142,0.15090923011302948,0.7200000286102295,0.6709088683128357
2025,0.9399999976158142,0.15088337659835815,0.7200000286102295,0.6711258888244629
2026,0.9399999976158142,0.15087449550628662,0.7200000286102295,0.6713416576385498
2027,0.9399999976158142,0.15084166824817657,0.7200000286102295,0.6715589761734009
2028,0.9399999976158142,0.15082882344722748,0.7200000286102295,0.6717281341552734
2029,0.9399999976158142,0.1508069485425949,0.7200000286102295,0.671820878982544
2030,0.9399999976158142,0.15077847242355347,0.7200000286102295,0.6718648672103882
2031,0.9399999976158142,0.15075229108333588,0.7200000286102295,0.6718767285346985
2032,0.9399999976158142,0.15072180330753326,0.7200000286102295,0.6719639301300049
2033,0.9399999976158142,0.15070180594921112,0.7200000286102295,0.6720984578132629
2034,0.9399999976158142,0.15068601071834564,0.7200000286102295,0.67229163646698
2035,0.9399999976158142,0.150661900639534,0.7200000286102295,0.6725180149078369
2036,0.9399999976158142,0.15064206719398499,0.7200000286102295,0.67267245054245
2037,0.9399999976158142,0.15062138438224792,0.7200000286102295,0.6727643609046936
2038,0.9399999976158142,0.1505909562110901,0.7200000286102295,0.6728384494781494
2039,0.9399999976158142,0.15057063102722168,0.7200000286102295,0.6729063391685486
2040,0.9399999976158142,0.15055204927921295,0.7200000286102295,0.6730825901031494
2041,0.9399999976158142,0.15052293241024017,0.7200000286102295,0.6733101010322571
2042,0.9399999976158142,0.15049535036087036,0.7200000286102295,0.6734442114830017
2043,0.9399999976158142,0.1504756510257721,0.7200000286102295,0.6735246181488037
2044,0.9399999976158142,0.15047279000282288,0.7200000286102295,0.673658013343811
2045,0.9399999976158142,0.15044568479061127,0.7200000286102295,0.6738152503967285
2046,0.9399999976158142,0.15042634308338165,0.7200000286102295,0.673933207988739
2047,0.9399999976158142,0.15041349828243256,0.7200000286102295,0.6741093397140503
2048,0.9399999976158142,0.15037068724632263,0.7200000286102295,0.6743223071098328
2049,0.9399999976158142,0.15037114918231964,0.7200000286102295,0.6745148301124573
2050,0.9399999976158142,0.15034227073192596,0.7200000286102295,0.6746259331703186
2051,0.9399999976158142,0.15030726790428162,0.7200000286102295,0.6746578812599182
2052,0.9399999976158142,0.150285542011261,0.7200000286102295,0.6746270656585693
2053,0.9399999976158142,0.1502765268087387,0.7200000286102295,0.6747444868087769
2054,0.9399999976158142,0.15026278793811798,0.7200000286102295,0.6750290393829346
2055,0.9399999976158142,0.1502370536327362,0.7200000286102295,0.6752374172210693
2056,0.9399999976158142,0.15021507441997528,0.7200000286102295,0.6753243803977966
2057,0.9399999976158142,0.15018364787101746,0.7200000286102295,0.6753425598144531
2058,0.9399999976158142,0.15016436576843262,0.7200000286102295,0.675355076789856
2059,0.9399999976158142,0.15013769268989563,0.7200000286102295,0.6754686832427979
2060,0.9399999976158142,0.1501043736934662,0.7200000286102295,0.6756242513656616
2061,0.9399999976158142,0.15009160339832306,0.7200000286102295,0.6758102178573608
2062,0.9399999976158142,0.15005958080291748,0.7200000286102295,0.6760013699531555
2063,0.9399999976158142,0.15004925429821014,0.7200000286102295,0.6761959791183472
2064,0.9399999976158142,0.1500222533941269,0.7200000286102295,0.6764101386070251
2065,0.9399999976158142,0.14999841153621674,0.7200000286102295,0.6765496730804443
2066,0.9399999976158142,0.14998073875904083,0.7200000286102295,0.6766212582588196
2067,0.9399999976158142,0.14995409548282623,0.7200000286102295,0.6766496300697327
2068,0.9399999976158142,0.14994728565216064,0.7200000286102295,0.6767968535423279
2069,0.9399999976158142,0.14991354942321777,0.7200000286102295,0.6770159006118774
2070,0.9399999976158142,0.14989285171031952,0.7200000286102295,0.6771526336669922
2071,0.9399999976158142,0.14987266063690186,0.7200000286102295,0.6772259473800659
2072,0.9399999976158142,0.1498527079820633,0.7200000286102295,0.6773256659507751
2073,0.9399999976158142,0.1498228907585144,0.7200000286102295,0.6773942708969116
2074,0.9399999976158142,0.1498156040906906,0.7200000286102295,0.6774621605873108
2075,0.9399999976158142,0.14979435503482819,0.7200000286102295,0.6776400804519653
2076,0.9399999976158142,0.14976061880588531,0.7200000286102295,0.6778568029403687
2077,0.9399999976158142,0.14974957704544067,0.7200000286102295,0.6780017018318176
2078,0.9399999976158142,0.1497340351343155,0.7200000286102295,0.6780912280082703
2079,0.9399999976158142,0.149689719080925,0.7200000286102295,0.6781564950942993
2080,0.9399999976158142,0.1496756225824356,0.7200000286102295,0.6782582998275757
2081,0.9399999976158142,0.1496581882238388,0.7200000286102295,0.6783614158630371
2082,0.9399999976158142,0.14965876936912537,0.7200000286102295,0.6785864233970642
2083,0.9399999976158142,0.14962238073349,0.7200000286102295,0.6788908243179321
2084,0.9399999976158142,0.1496022343635559,0.7200000286102295,0.6790686249732971
2085,0.9399999976158142,0.14956896007061005,0.7200000286102295,0.6791239976882935
2086,0.9399999976158142,0.14954380691051483,0.7200000286102295,0.679135262966156
2087,0.9399999976158142,0.14952689409255981,0.7200000286102295,0.6791529059410095
2088,0.9399999976158142,0.14950065314769745,0.7200000286102295,0.6792057752609253
2089,0.9399999976158142,0.14948368072509766,0.7200000286102295,0.6793739199638367
2090,0.9399999976158142,0.14944598078727722,0.7200000286102295,0.6795666217803955
2091,0.9399999976158142,0.1494278609752655,0.7200000286102295,0.6797400116920471
2092,0.9399999976158142,0.14941109716892242,0.7200000286102295,0.6798796057701111
2093,0.9399999976158142,0.14939573407173157,0.7200000286102295,0.6799625158309937
2094,0.9399999976158142,0.14936496317386627,0.7200000286102295,0.6799814701080322
2095,0.9399999976158142,0.14933493733406067,0.7200000286102295,0.679961085319519
2096,0.9399999976158142,0.14932605624198914,0.7200000286102295,0.680045485496521
2097,0.9399999976158142,0.14930032193660736,0.7200000286102295,0.6802728772163391
2098,0.9399999976158142,0.14927032589912415,0.7200000286102295,0.6805070638656616
2099,0.9399999976158142,0.14924593269824982,0.7200000286102295,0.6807112097740173
2100,0.9399999976158142,0.149221733212471,0.7200000286102295,0.6808555722236633
2101,0.9399999976158142,0.1491982638835907,0.7200000286102295,0.6808880567550659
2102,0.9399999976158142,0.14920160174369812,0.7200000286102295,0.6809529662132263
2103,0.9399999976158142,0.14917759597301483,0.7200000286102295,0.6811537146568298
2104,0.9399999976158142,0.149140402674675,0.7200000286102295,0.6813945174217224
2105,0.9399999976158142,0.1491246074438095,0.7200000286102295,0.6816099286079407
2106,0.9399999976158142,0.14910335838794708,0.7200000286102295,0.6817669868469238
2107,0.9399999976158142,0.1490744799375534,0.7200000286102295,0.6817910671234131
2108,0.9399999976158142,0.1490544080734253,0.7200000286102295,0.6817666888237
2109,0.9399999976158142,0.14902789890766144,0.7200000286102295,0.681714653968811
2110,0.9399999976158142,0.14901988208293915,0.7200000286102295,0.6817793250083923
2111,0.9399999976158142,0.1489907205104828,0.7200000286102295,0.681962788105011
2112,0.9399999976158142,0.14898569881916046,0.7200000286102295,0.6822252869606018
2113,0.9399999976158142,0.14894674718379974,0.7200000286102295,0.682456374168396
2114,0.9399999976158142,0.14892315864562988,0.7200000286102295,0.6825355291366577
2115,0.9399999976158142,0.14888930320739746,0.7200000286102295,0.6824777126312256
2116,0.9399999976158142,0.14886704087257385,0.7200000286102295,0.6824585199356079
2117,0.9399999976158142,0.14885154366493225,0.7200000286102295,0.6825929880142212
2118,0.9399999976158142,0.14880581200122833,0.7200000286102295,0.6827627420425415
2119,0.9399999976158142,0.14879272878170013,0.7200000286102295,0.6828830242156982
2120,0.9399999976158142,0.1487758606672287,0.7200000286102295,0.683062732219696
2121,0.9399999976158142,0.14876189827919006,0.7200000286102295,0.6833255290985107
2122,0.9399999976158142,0.14873717725276947,0.7200000286102295,0.683509111404419
2123,0.9399999976158142,0.14871281385421753,0.7200000286102295,0.6835583448410034
2124,0.9399999976158142,0.14870300889015198,0.7200000286102295,0.6836178302764893
2125,0.9399999976158142,0.14866982400417328,0.7200000286102295,0.6837300062179565
2126,0.9399999976158142,0.14865344762802124,0.7200000286102295,0.6838865876197815
2127,0.9399999976158142,0.148627370595932,0.7200000286102295,0.684018611907959
2128,0.9399999976158142,0.14861248433589935,0.7200000286102295,0.6840765476226807
2129,0.9399999976158142,0.1485777348279953,0.7200000286102295,0.6840882897377014
2130,0.9399999976158142,0.1485595703125,0.7200000286102295,0.6841474771499634
2131,0.9399999976158142,0.14854790270328522,0.7200000286102295,0.684360146522522
2132,0.9399999976158142,0.14851383864879608,0.7200000286102295,0.6845799088478088
2133,0.9399999976158142,0.1484948694705963,0.7200000286102295,0.684650182723999
2134,0.9399999976158142,0.1484687179327011,0.7200000286102295,0.6846499443054199
2135,0.9399999976158142,0.1484605222940445,0.7200000286102295,0.6846743226051331
2136,0.9399999976158142,0.14842239022254944,0.7200000286102295,0.684756338596344
2137,0.9399999976158142,0.14838530123233795,0.7200000286102295,0.684872567653656
2138,0.9399999976158142,0.14837586879730225,0.7200000286102295,0.68505859375
2139,0.9399999976158142,0.1483413130044937,0.7200000286102295,0.6852620840072632
2140,0.9399999976158142,0.14832894504070282,0.7200000286102295,0.6854466199874878
2141,0.9399999976158142,0.1483043134212494,0.7200000286102295,0.6856035590171814
2142,0.9399999976158142,0.14827927947044373,0.7200000286102295,0.6856653094291687
2143,0.9399999976158142,0.1482623964548111,0.7200000286102295,0.6857090592384338
2144,0.9399999976158142,0.1482301503419876,0.7200000286102295,0.6857476830482483
2145,0.9399999976158142,0.1482142210006714,0.7200000286102295,0.685965359210968
2146,0.9399999976158142,0.14818960428237915,0.7200000286102295,0.6862304210662842
2147,0.9399999976158142,0.14816707372665405,0.7200000286102295,0.6863288283348083
2148,0.9399999976158142,0.14814068377017975,0.7200000286102295,0.6863319873809814
2149,0.9399999976158142,0.14811140298843384,0.7200000286102295,0.6862548589706421
2150,0.9399999976158142,0.1480947881937027,0.7200000286102295,0.6862866282463074
2151,0.9399999976158142,0.14808034896850586,0.7200000286102295,0.6864462494850159
2152,0.9399999976158142,0.14805665612220764,0.7200000286102295,0.6866703629493713
2153,0.9399999976158142,0.14802399277687073,0.7200000286102295,0.6868566870689392
2154,0.9399999976158142,0.1480066180229187,0.7200000286102295,0.6870729923248291
2155,0.9399999976158142,0.14798960089683533,0.7200000286102295,0.6872414350509644
2156,0.9399999976158142,0.14796411991119385,0.7200000286102295,0.6872817277908325
2157,0.9399999976158142,0.14793998003005981,0.7200000286102295,0.6872432827949524
2158,0.9399999976158142,0.147910475730896,0.7200000286102295,0.6871708631515503
2159,0.9399999976158142,0.1479131430387497,0.7200000286102295,0.687343955039978
2160,0.9399999976158142,0.1478855013847351,0.7200000286102295,0.6877056956291199
2161,0.9399999976158142,0.14785298705101013,0.7200000286102295,0.6879496574401855
2162,0.9399999976158142,0.14781777560710907,0.7200000286102295,0.6879993677139282
2163,0.9399999976158142,0.14780057966709137,0.7200000286102295,0.6879322528839111
2164,0.9399999976158142,0.14777535200119019,0.7200000286102295,0.6879426836967468
2165,0.9399999976158142,0.14775237441062927,0.7200000286102295,0.6880149841308594
2166,0.9399999976158142,0.1477343738079071,0.7200000286102295,0.6881598830223083
2167,0.9399999976158142,0.1477070152759552,0.7200000286102295,0.6883752346038818
2168,0.9399999976158142,0.14768818020820618,0.7200000286102295,0.6885071396827698
2169,0.9399999976158142,0.14767104387283325,0.7200000286102295,0.6886222958564758
2170,0.9399999976158142,0.14764927327632904,0.7200000286102295,0.6887784004211426
2171,0.9399999976158142,0.1476169228553772,0.7200000286102295,0.688826322555542
2172,0.9399999976158142,0.14758458733558655,0.7200000286102295,0.6887643337249756
2173,0.9399999976158142,0.14757533371448517,0.7200000286102295,0.6888561248779297
2174,0.9399999976158142,0.14755797386169434,0.7200000286102295,0.6890925765037537
2175,0.9399999976158142,0.14754463732242584,0.7200000286102295,0.689267098903656
2176,0.9399999976158142,0.14751237630844116,0.7200000286102295,0.6893447637557983
2177,0.9399999976158142,0.1474851369857788,0.7200000286102295,0.6893550157546997
2178,0.9399999976158142,0.14746354520320892,0.7200000286102295,0.6893683075904846
2179,0.9399999976158142,0.14745134115219116,0.7200000286102295,0.6894447803497314
2180,0.9399999976158142,0.14742523431777954,0.7200000286102295,0.6896539330482483
2181,0.9399999976158142,0.14739520847797394,0.7200000286102295,0.6899093389511108
2182,0.9399999976158142,0.14737175405025482,0.7200000286102295,0.6900917291641235
2183,0.9399999976158142,0.14734786748886108,0.7200000286102295,0.6902282238006592
2184,0.9399999976158142,0.14733348786830902,0.7200000286102295,0.6903060674667358
2185,0.9399999976158142,0.14729951322078705,0.7200000286102295,0.6902971863746643
2186,0.9399999976158142,0.1472591906785965,0.7200000286102295,0.6902065873146057
2187,0.9399999976158142,0.14725930988788605,0.7200000286102295,0.690310537815094
2188,0.9399999976158142,0.14723819494247437,0.7200000286102295,0.6905828714370728
2189,0.9399999976158142,0.14721612632274628,0.7200000286102295,0.6907880902290344
2190,0.9399999976158142,0.14719267189502716,0.7200000286102295,0.6908664703369141
2191,0.9399999976158142,0.14716202020645142,0.7200000286102295,0.6908832788467407
2192,0.9399999976158142,0.14713461697101593,0.7200000286102295,0.6908015608787537
2193,0.9399999976158142,0.14711694419384003,0.7200000286102295,0.6907849311828613
2194,0.9399999976158142,0.14709748327732086,0.7200000286102295,0.690949559211731
2195,0.9399999976158142,0.14706769585609436,0.7200000286102295,0.6911759972572327
2196,0.9399999976158142,0.14704813063144684,0.7200000286102295,0.6913871765136719
2197,0.9399999976158142,0.14702212810516357,0.7200000286102295,0.6915913224220276
2198,0.9399999976158142,0.14699269831180573,0.7200000286102295,0.6917495131492615
2199,0.9399999976158142,0.14697465300559998,0.7200000286102295,0.6917853355407715
2200,0.9399999976158142,0.1469418704509735,0.7200000286102295,0.6917179822921753
2201,0.9399999976158142,0.14693310856819153,0.7200000286102295,0.6917550563812256
2202,0.9399999976158142,0.1469058096408844,0.7200000286102295,0.6919424533843994
2203,0.9399999976158142,0.1468920111656189,0.7200000286102295,0.6921676397323608
2204,0.9399999976158142,0.14686435461044312,0.7200000286102295,0.6923522353172302
2205,0.9399999976158142,0.14683568477630615,0.7200000286102295,0.692405104637146
2206,0.9399999976158142,0.14681768417358398,0.7200000286102295,0.6924623847007751
2207,0.9399999976158142,0.14680342376232147,0.7200000286102295,0.6925323605537415
2208,0.9399999976158142,0.14678291976451874,0.7200000286102295,0.6926375031471252
2209,0.9399999976158142,0.14675256609916687,0.7200000286102295,0.6927720904350281
2210,0.9399999976158142,0.14672890305519104,0.7200000286102295,0.6928862929344177
2211,0.9399999976158142,0.14670208096504211,0.7200000286102295,0.6929382085800171
2212,0.9399999976158142,0.14667563140392303,0.7200000286102295,0.6929643154144287
2213,0.9399999976158142,0.14666412770748138,0.7200000286102295,0.6929962038993835
2214,0.9399999976158142,0.1466245800256729,0.7200000286102295,0.6930544376373291
2215,0.9399999976158142,0.14662760496139526,0.7200000286102295,0.6932528018951416
2216,0.9399999976158142,0.14659659564495087,0.7200000286102295,0.6934897899627686
2217,0.9399999976158142,0.14657866954803467,0.7200000286102295,0.6937083601951599
2218,0.9399999976158142,0.1465422660112381,0.7200000286102295,0.6938014030456543
2219,0.9399999976158142,0.14650718867778778,0.7200000286102295,0.6937588453292847
2220,0.9399999976158142,0.14648382365703583,0.7200000286102295,0.6936703324317932
2221,0.9399999976158142,0.14646446704864502,0.7200000286102295,0.6937192678451538
2222,0.9399999976158142,0.14646205306053162,0.7200000286102295,0.6939687132835388
2223,0.9399999976158142,0.14642992615699768,0.7200000286102295,0.6942613124847412
2224,0.9399999976158142,0.14640454947948456,0.7200000286102295,0.6944521069526672
2225,0.9399999976158142,0.14638343453407288,0.7200000286102295,0.6945794820785522
2226,0.9399999976158142,0.14636333286762238,0.7200000286102295,0.6946737170219421
2227,0.9399999976158142,0.14633327722549438,0.7200000286102295,0.6946497559547424
2228,0.9399999976158142,0.1463051289319992,0.7200000286102295,0.6945663690567017
2229,0.9399999976158142,0.14630068838596344,0.7200000286102295,0.6945677995681763
2230,0.9399999976158142,0.14624594151973724,0.7200000286102295,0.6947097778320312
2231,0.9399999976158142,0.14621968567371368,0.7200000286102295,0.6948272585868835
2232,0.9399999976158142,0.14622315764427185,0.7200000286102295,0.6949892640113831
2233,0.9399999976158142,0.14617732167243958,0.7200000286102295,0.6951639652252197
2234,0.9399999976158142,0.14616255462169647,0.7200000286102295,0.6952461004257202
2235,0.9399999976158142,0.14615392684936523,0.7200000286102295,0.6954209208488464
2236,0.9399999976158142,0.14612366259098053,0.7200000286102295,0.6956271529197693
2237,0.9399999976158142,0.14610376954078674,0.7200000286102295,0.6957501769065857
2238,0.9399999976158142,0.14608976244926453,0.7200000286102295,0.6958286166191101
2239,0.9399999976158142,0.14607033133506775,0.7200000286102295,0.6958754658699036
2240,0.9399999976158142,0.146054208278656,0.7200000286102295,0.6959978342056274
2241,0.9399999976158142,0.14603263139724731,0.7200000286102295,0.6961618661880493
2242,0.9399999976158142,0.14599744975566864,0.7200000286102295,0.6962113976478577
2243,0.9399999976158142,0.14598624408245087,0.7200000286102295,0.6962748765945435
2244,0.9399999976158142,0.145949587225914,0.7200000286102295,0.6964083909988403
2245,0.9399999976158142,0.14591656625270844,0.7200000286102295,0.6965708136558533
2246,0.9399999976158142,0.1458950936794281,0.7200000286102295,0.6966582536697388
2247,0.9399999976158142,0.14586696028709412,0.7200000286102295,0.6966127157211304
2248,0.9399999976158142,0.14583072066307068,0.7200000286102295,0.6965323090553284
2249,0.9399999976158142,0.14580462872982025,0.7200000286102295,0.6965669989585876
2250,0.9399999976158142,0.14578133821487427,0.7200000286102295,0.696769118309021
2251,0.9399999976158142,0.1457810252904892,0.7200000286102295,0.6970553398132324
2252,0.9399999976158142,0.14574460685253143,0.7200000286102295,0.6973240375518799
2253,0.9399999976158142,0.14571909606456757,0.7200000286102295,0.6974594593048096
2254,0.9399999976158142,0.14569802582263947,0.7200000286102295,0.6975083947181702
2255,0.9399999976158142,0.14567482471466064,0.7200000286102295,0.6975026726722717
2256,0.9399999976158142,0.14565224945545197,0.7200000286102295,0.6974811553955078
2257,0.9399999976158142,0.14563888311386108,0.7200000286102295,0.6975546479225159
2258,0.9399999976158142,0.14560319483280182,0.7200000286102295,0.6976838111877441
2259,0.9399999976158142,0.14558418095111847,0.7200000286102295,0.6978428363800049
2260,0.9399999976158142,0.14557021856307983,0.7200000286102295,0.6980523467063904
2261,0.9399999976158142,0.14552989602088928,0.7200000286102295,0.6982332468032837
2262,0.9399999976158142,0.14550840854644775,0.7200000286102295,0.6983323693275452
2263,0.9399999976158142,0.14550094306468964,0.7200000286102295,0.6984506249427795
2264,0.9399999976158142,0.1454753875732422,0.7200000286102295,0.6986056566238403
2265,0.9399999976158142,0.14545734226703644,0.7200000286102295,0.6987448334693909
2266,0.9399999976158142,0.14542996883392334,0.7200000286102295,0.6989014148712158
2267,0.9399999976158142,0.14541089534759521,0.7200000286102295,0.6989967226982117
2268,0.9399999976158142,0.14538531005382538,0.7200000286102295,0.6989844441413879
2269,0.9399999976158142,0.14537286758422852,0.7200000286102295,0.6990031599998474
2270,0.9399999976158142,0.1453314572572708,0.7200000286102295,0.6990711688995361
2271,0.9399999976158142,0.1453322023153305,0.7200000286102295,0.6991788744926453
2272,0.9399999976158142,0.14529381692409515,0.7200000286102295,0.6992841362953186
2273,0.9399999976158142,0.1452636867761612,0.7200000286102295,0.6994010806083679
2274,0.9399999976158142,0.14525216817855835,0.7200000286102295,0.6995407342910767
2275,0.9399999976158142,0.14522749185562134,0.7200000286102295,0.6996734142303467
2276,0.9399999976158142,0.14519350230693817,0.7200000286102295,0.6997179985046387
2277,0.9399999976158142,0.14517712593078613,0.7200000286102295,0.6997950077056885
2278,0.9399999976158142,0.145139679312706,0.7200000286102295,0.6999271512031555
2279,0.9399999976158142,0.14512021839618683,0.7200000286102295,0.7000619769096375
2280,0.9399999976158142,0.14509250223636627,0.7200000286102295,0.7001954913139343
2281,0.9399999976158142,0.14506927132606506,0.7200000286102295,0.700316309928894
2282,0.9399999976158142,0.1450425088405609,0.7200000286102295,0.7003803253173828
2283,0.9399999976158142,0.14501266181468964,0.7200000286102295,0.7003878951072693
2284,0.9399999976158142,0.14501918852329254,0.7200000286102295,0.7005197405815125
2285,0.9399999976158142,0.14498621225357056,0.7200000286102295,0.7007719278335571
2286,0.9399999976158142,0.14495357871055603,0.7200000286102295,0.7009789347648621
2287,0.9399999976158142,0.14493197202682495,0.7200000286102295,0.7011269927024841
2288,0.9399999976158142,0.1449342668056488,0.7200000286102295,0.7012786865234375
2289,0.9399999976158142,0.14490202069282532,0.7200000286102295,0.7014029622077942
2290,0.9399999976158142,0.14485879242420197,0.7200000286102295,0.7013852596282959
2291,0.9399999976158142,0.14484386146068573,0.7200000286102295,0.701372504234314
2292,0.9399999976158142,0.14481410384178162,0.7200000286102295,0.7013629674911499
2293,0.9399999976158142,0.1448012888431549,0.7200000286102295,0.7014250159263611
2294,0.9399999976158142,0.14477749168872833,0.7200000286102295,0.7016505599021912
2295,0.9399999976158142,0.14474822580814362,0.7200000286102295,0.7018926739692688
2296,0.9399999976158142,0.14471955597400665,0.7200000286102295,0.7020053267478943
2297,0.9399999976158142,0.14469771087169647,0.7200000286102295,0.7020648717880249
2298,0.9399999976158142,0.14467443525791168,0.7200000286102295,0.702140748500824
2299,0.9399999976158142,0.14465022087097168,0.7200000286102295,0.7022244930267334
2300,0.9399999976158142,0.1446283459663391,0.7200000286102295,0.7022929191589355
2301,0.9399999976158142,0.14459800720214844,0.7200000286102295,0.7023597955703735
2302,0.9399999976158142,0.14457237720489502,0.7200000286102295,0.7024596333503723
2303,0.9399999976158142,0.1445620208978653,0.7200000286102295,0.7026033997535706
2304,0.9399999976158142,0.14453452825546265,0.7200000286102295,0.7027827501296997
2305,0.9399999976158142,0.14451687037944794,0.7200000286102295,0.7029678821563721
2306,0.9399999976158142,0.14448042213916779,0.7200000286102295,0.7031353712081909
2307,0.9399999976158142,0.14445006847381592,0.7200000286102295,0.7032061815261841
2308,0.9399999976158142,0.1444208323955536,0.7200000286102295,0.7032971382141113
2309,0.9399999976158142,0.14440636336803436,0.7200000286102295,0.7034206390380859
2310,0.9399999976158142,0.14438621699810028,0.7200000286102295,0.703524112701416
2311,0.9399999976158142,0.14436009526252747,0.7200000286102295,0.7035647630691528
2312,0.9399999976158142,0.1443813443183899,0.7200000286102295,0.7037385702133179
2313,0.9399999976158142,0.1443418562412262,0.7200000286102295,0.7039842009544373
2314,0.9399999976158142,0.1443188339471817,0.7200000286102295,0.704115092754364
2315,0.9399999976158142,0.14428244531154633,0.7200000286102295,0.7041335105895996
2316,0.9399999976158142,0.14425639808177948,0.7200000286102295,0.70416659116745
2317,0.9399999976158142,0.14423207938671112,0.7200000286102295,0.7042121887207031
2318,0.9399999976158142,0.14420752227306366,0.7200000286102295,0.7043059468269348
2319,0.9399999976158142,0.1441815048456192,0.7200000286102295,0.7044656872749329
2320,0.9399999976158142,0.14416292309761047,0.7200000286102295,0.7045690417289734
2321,0.9399999976158142,0.14414937794208527,0.7200000286102295,0.704653263092041
2322,0.9399999976158142,0.14411455392837524,0.7200000286102295,0.7047647833824158
2323,0.9399999976158142,0.14408937096595764,0.7200000286102295,0.7049175500869751
2324,0.9399999976158142,0.1440603882074356,0.7200000286102295,0.7050689458847046
2325,0.9399999976158142,0.14403416216373444,0.7200000286102295,0.7052155137062073
2326,0.9399999976158142,0.14400999248027802,0.7200000286102295,0.7053543329238892
2327,0.9399999976158142,0.1439806967973709,0.7200000286102295,0.7055011987686157
2328,0.9399999976158142,0.1439627707004547,0.7200000286102295,0.7056146264076233
2329,0.9399999976158142,0.1439395695924759,0.7200000286102295,0.7056806683540344
2330,0.9399999976158142,0.143922358751297,0.7200000286102295,0.7057336568832397
2331,0.9399999976158142,0.1438920646905899,0.7200000286102295,0.7058966159820557
2332,0.9399999976158142,0.1438758224248886,0.7200000286102295,0.7061682939529419
2333,0.9399999976158142,0.14384955167770386,0.7200000286102295,0.7064018845558167
2334,0.9399999976158142,0.14383000135421753,0.7200000286102295,0.7064962983131409
2335,0.9399999976158142,0.14381742477416992,0.7200000286102295,0.7065718770027161
2336,0.9399999976158142,0.1437910795211792,0.7200000286102295,0.7066309452056885
2337,0.9399999976158142,0.1437666416168213,0.7200000286102295,0.7066487073898315
2338,0.9399999976158142,0.14373712241649628,0.7200000286102295,0.7066646814346313
2339,0.9399999976158142,0.1437116414308548,0.7200000286102295,0.7067556977272034
2340,0.9399999976158142,0.14369216561317444,0.7200000286102295,0.7068762183189392
2341,0.9399999976158142,0.14368855953216553,0.7200000286102295,0.7069754600524902
2342,0.9399999976158142,0.14367085695266724,0.7200000286102295,0.7071168422698975
2343,0.9399999976158142,0.1436360776424408,0.7200000286102295,0.7072536945343018
2344,0.9399999976158142,0.14361028373241425,0.7200000286102295,0.7073405981063843
2345,0.9399999976158142,0.14356748759746552,0.7200000286102295,0.7074410915374756
2346,0.9399999976158142,0.14353889226913452,0.7200000286102295,0.7075931429862976
2347,0.9399999976158142,0.14351791143417358,0.7200000286102295,0.7077534198760986
2348,0.9399999976158142,0.1434875726699829,0.7200000286102295,0.707852303981781
2349,0.9399999976158142,0.14346322417259216,0.7200000286102295,0.7079260945320129
2350,0.9399999976158142,0.1434548795223236,0.7200000286102295,0.7080179452896118
2351,0.9399999976158142,0.1434229016304016,0.7200000286102295,0.7081372737884521
2352,0.9399999976158142,0.1433955430984497,0.7200000286102295,0.7082432508468628
2353,0.9399999976158142,0.14336811006069183,0.7200000286102295,0.7083993554115295
2354,0.9399999976158142,0.14335596561431885,0.7200000286102295,0.7086955308914185
2355,0.9399999976158142,0.1433323323726654,0.7200000286102295,0.70892333984375
2356,0.9399999976158142,0.14329925179481506,0.7200000286102295,0.7089543342590332
2357,0.9399999976158142,0.1432681679725647,0.7200000286102295,0.7088772058486938
2358,0.9399999976158142,0.1432555913925171,0.7200000286102295,0.7088086009025574
2359,0.9399999976158142,0.14323583245277405,0.7200000286102295,0.7088263034820557
2360,0.9399999976158142,0.1432148665189743,0.7200000286102295,0.709069013595581
2361,0.9399999976158142,0.14317908883094788,0.7200000286102295,0.7093816995620728
2362,0.9399999976158142,0.14315736293792725,0.7200000286102295,0.7095372676849365
2363,0.9399999976158142,0.14312705397605896,0.7200000286102295,0.7095244526863098
2364,0.9399999976158142,0.14313772320747375,0.7200000286102295,0.7095538377761841
2365,0.9399999976158142,0.14309291541576385,0.7200000286102295,0.7097963690757751
2366,0.9399999976158142,0.14308273792266846,0.7200000286102295,0.7100836038589478
2367,0.9399999976158142,0.14307990670204163,0.7200000286102295,0.710357666015625
2368,0.9399999976158142,0.14304326474666595,0.7200000286102295,0.7105613946914673
2369,0.9399999976158142,0.1430102288722992,0.7200000286102295,0.7106276154518127
2370,0.9399999976158142,0.14299000799655914,0.7200000286102295,0.7105429172515869
2371,0.9399999976158142,0.14296568930149078,0.7200000286102295,0.7104154825210571
2372,0.9399999976158142,0.1429479569196701,0.7200000286102295,0.7103468179702759
2373,0.9399999976158142,0.14294059574604034,0.7200000286102295,0.71052086353302
2374,0.9399999976158142,0.14290165901184082,0.7200000286102295,0.71086585521698
2375,0.9399999976158142,0.14287377893924713,0.7200000286102295,0.7111060619354248
2376,0.9399999976158142,0.14284835755825043,0.7200000286102295,0.7112072706222534
2377,0.9399999976158142,0.1428118199110031,0.7200000286102295,0.7112269401550293
2378,0.9399999976158142,0.14278419315814972,0.7200000286102295,0.7112059593200684
2379,0.9399999976158142,0.14276015758514404,0.7200000286102295,0.7112208008766174
2380,0.9399999976158142,0.14273644983768463,0.7200000286102295,0.7113151550292969
2381,0.9399999976158142,0.1427278071641922,0.7200000286102295,0.7115527391433716
2382,0.9399999976158142,0.14267994463443756,0.7200000286102295,0.7118568420410156
2383,0.9399999976158142,0.14267219603061676,0.7200000286102295,0.7120661735534668
2384,0.9399999976158142,0.1426493525505066,0.7200000286102295,0.7121641635894775
2385,0.9399999976158142,0.1426205337047577,0.7200000286102295,0.7121566534042358
2386,0.9399999976158142,0.14258447289466858,0.7200000286102295,0.7120184898376465
2387,0.9399999976158142,0.14257152378559113,0.7200000286102295,0.7120122313499451
2388,0.9399999976158142,0.14256206154823303,0.7200000286102295,0.7122743725776672
2389,0.9399999976158142,0.14252670109272003,0.7200000286102295,0.7125331163406372
2390,0.9399999976158142,0.14249153435230255,0.7200000286102295,0.7126986980438232
2391,0.9399999976158142,0.14247089624404907,0.7200000286102295,0.7127841114997864
2392,0.9399999976158142,0.14246484637260437,0.7200000286102295,0.7129386067390442
2393,0.9399999976158142,0.1424247771501541,0.7200000286102295,0.7131543755531311
2394,0.9399999976158142,0.1424134075641632,0.7200000286102295,0.7133882641792297
2395,0.9399999976158142,0.14238359034061432,0.7200000286102295,0.7135617733001709
2396,0.9399999976158142,0.14236053824424744,0.7200000286102295,0.7136052846908569
2397,0.9399999976158142,0.14234009385108948,0.7200000286102295,0.7136629223823547
2398,0.9399999976158142,0.14231142401695251,0.7200000286102295,0.7137542963027954
2399,0.9399999976158142,0.14227712154388428,0.7200000286102295,0.7138250470161438
2400,0.9399999976158142,0.14224134385585785,0.7200000286102295,0.7137848138809204
2401,0.9399999976158142,0.14223375916481018,0.7200000286102295,0.7138521671295166
2402,0.9399999976158142,0.14220649003982544,0.7200000286102295,0.7140439748764038
2403,0.9399999976158142,0.14218349754810333,0.7200000286102295,0.7142360210418701
2404,0.9399999976158142,0.1421668976545334,0.7200000286102295,0.7143740653991699
2405,0.9399999976158142,0.14214389026165009,0.7200000286102295,0.7144840955734253
2406,0.9399999976158142,0.14211253821849823,0.7200000286102295,0.7146524786949158
2407,0.9399999976158142,0.14210884273052216,0.7200000286102295,0.7149192690849304
2408,0.9399999976158142,0.14208495616912842,0.7200000286102295,0.7151225209236145
2409,0.9399999976158142,0.14205817878246307,0.7200000286102295,0.715191662311554
2410,0.9399999976158142,0.14204442501068115,0.7200000286102295,0.7152183055877686
2411,0.9399999976158142,0.14202438294887543,0.7200000286102295,0.7152783274650574
2412,0.9399999976158142,0.1420038342475891,0.7200000286102295,0.715263843536377
2413,0.9399999976158142,0.1419665366411209,0.7200000286102295,0.715190589427948
2414,0.9399999976158142,0.14192995429039001,0.7200000286102295,0.7151407599449158
2415,0.9399999976158142,0.1419319361448288,0.7200000286102295,0.7152990698814392
2416,0.9399999976158142,0.1418963223695755,0.7200000286102295,0.7156489491462708
2417,0.9399999976158142,0.14186786115169525,0.7200000286102295,0.7159712314605713
2418,0.9399999976158142,0.14184275269508362,0.7200000286102295,0.7161325812339783
2419,0.9399999976158142,0.1418088972568512,0.7200000286102295,0.7161388397216797
2420,0.9399999976158142,0.14178094267845154,0.7200000286102295,0.7161325216293335
2421,0.9399999976158142,0.14177028834819794,0.7200000286102295,0.7163734436035156
2422,0.9399999976158142,0.14173662662506104,0.7200000286102295,0.7166891694068909
2423,0.9399999976158142,0.1417141556739807,0.7200000286102295,0.7168635725975037
2424,0.9399999976158142,0.14171233773231506,0.7200000286102295,0.7170397043228149
2425,0.9399999976158142,0.1417016237974167,0.7200000286102295,0.7171560525894165
2426,0.9399999976158142,0.1416618973016739,0.7200000286102295,0.7171034812927246
2427,0.9399999976158142,0.14163275063037872,0.7200000286102295,0.7169641852378845
2428,0.9399999976158142,0.14161416888237,0.7200000286102295,0.7169348001480103
2429,0.9399999976158142,0.14157864451408386,0.7200000286102295,0.7170249819755554
2430,0.9399999976158142,0.1415567845106125,0.7200000286102295,0.7172194123268127
2431,0.9399999976158142,0.1415344774723053,0.7200000286102295,0.7174714803695679
2432,0.9399999976158142,0.14150048792362213,0.7200000286102295,0.7176344990730286
2433,0.9399999976158142,0.14146530628204346,0.7200000286102295,0.7176619172096252
2434,0.9399999976158142,0.1414470672607422,0.7200000286102295,0.7176783680915833
2435,0.9399999976158142,0.14145450294017792,0.7200000286102295,0.7179303765296936
2436,0.9399999976158142,0.14139625430107117,0.7200000286102295,0.7182274460792542
2437,0.9399999976158142,0.1413789540529251,0.7200000286102295,0.7183274626731873
2438,0.9399999976158142,0.14135727286338806,0.7200000286102295,0.7183413505554199
2439,0.9399999976158142,0.14134548604488373,0.7200000286102295,0.718393087387085
2440,0.9399999976158142,0.14130961894989014,0.7200000286102295,0.7183764576911926
2441,0.9399999976158142,0.14128723740577698,0.7200000286102295,0.7184442281723022
2442,0.9399999976158142,0.14126773178577423,0.7200000286102295,0.7186608910560608
2443,0.9399999976158142,0.14124947786331177,0.7200000286102295,0.7189338207244873
2444,0.9399999976158142,0.14122985303401947,0.7200000286102295,0.7191949486732483
2445,0.9399999976158142,0.1412063091993332,0.7200000286102295,0.7193131446838379
2446,0.9399999976158142,0.14117634296417236,0.7200000286102295,0.7193444967269897
2447,0.9399999976158142,0.14113914966583252,0.7200000286102295,0.7193136811256409
2448,0.9399999976158142,0.14112040400505066,0.7200000286102295,0.7194064259529114
2449,0.9399999976158142,0.14110440015792847,0.7200000286102295,0.7196397185325623
2450,0.9399999976158142,0.14108063280582428,0.7200000286102295,0.7198406457901001
2451,0.9399999976158142,0.14106051623821259,0.7200000286102295,0.7199239134788513
2452,0.9399999976158142,0.1410379558801651,0.7200000286102295,0.7199203968048096
2453,0.9399999976158142,0.14101725816726685,0.7200000286102295,0.720001757144928
2454,0.9399999976158142,0.14098934829235077,0.7200000286102295,0.7201336622238159
2455,0.9599999785423279,0.1409658044576645,0.7200000286102295,0.7202592492103577
2456,0.9599999785423279,0.14093978703022003,0.7200000286102295,0.7203812599182129
2457,0.9599999785423279,0.14092572033405304,0.7200000286102295,0.7205104827880859
2458,0.9599999785423279,0.14089861512184143,0.7200000286102295,0.7206379771232605
2459,0.9599999785423279,0.14087562263011932,0.7200000286102295,0.7206466794013977
2460,0.9599999785423279,0.14084984362125397,0.7200000286102295,0.720600962638855
2461,0.9599999785423279,0.14081591367721558,0.7200000286102295,0.7206202149391174
2462,0.9599999785423279,0.14080938696861267,0.7200000286102295,0.7208846211433411
2463,0.9599999785423279,0.14077147841453552,0.7200000286102295,0.7212418913841248
2464,0.9599999785423279,0.1407499462366104,0.7200000286102295,0.721423864364624
2465,0.9599999785423279,0.1407179981470108,0.7200000286102295,0.721447765827179
2466,0.9599999785423279,0.14069198071956635,0.7200000286102295,0.7213810682296753
2467,0.9599999785423279,0.14067551493644714,0.7200000286102295,0.7214310169219971
2468,0.9599999785423279,0.14064007997512817,0.7200000286102295,0.7216246128082275
2469,0.9599999785423279,0.14061997830867767,0.7200000286102295,0.7218124270439148
2470,0.9599999785423279,0.14060474932193756,0.7200000286102295,0.7219574451446533
2471,0.9599999785423279,0.14058810472488403,0.7200000286102295,0.7220903038978577
2472,0.9599999785423279,0.14056460559368134,0.7200000286102295,0.7223352193832397
2473,0.9599999785423279,0.14054180681705475,0.7200000286102295,0.7225835919380188
2474,0.9599999785423279,0.14051003754138947,0.7200000286102295,0.7226690649986267
2475,0.9599999785423279,0.14049772918224335,0.7200000286102295,0.722776472568512
2476,0.9599999785423279,0.14047576487064362,0.7200000286102295,0.7228813767433167
2477,0.9599999785423279,0.14045017957687378,0.7200000286102295,0.7228773236274719
2478,0.9599999785423279,0.14043162763118744,0.7200000286102295,0.7228861451148987
2479,0.9599999785423279,0.14041118323802948,0.7200000286102295,0.7228844165802002
2480,0.9599999785423279,0.1403869241476059,0.7200000286102295,0.7228710055351257
2481,0.9599999785423279,0.14035937190055847,0.7200000286102295,0.7229664325714111
2482,0.9599999785423279,0.14033986628055573,0.7200000286102295,0.7232075333595276
2483,0.9599999785423279,0.14030131697654724,0.7200000286102295,0.7233911156654358
2484,0.9599999785423279,0.14027434587478638,0.7200000286102295,0.7234252691268921
2485,0.9599999785423279,0.1402496099472046,0.7200000286102295,0.7234624624252319
2486,0.9599999785423279,0.1402304619550705,0.7200000286102295,0.7236170768737793
2487,0.9599999785423279,0.14019808173179626,0.7200000286102295,0.7237979173660278
2488,0.9599999785423279,0.14017453789710999,0.7200000286102295,0.7240151762962341
2489,0.9599999785423279,0.14015084505081177,0.7200000286102295,0.7242333292961121
2490,0.9599999785423279,0.14014402031898499,0.7200000286102295,0.7244017124176025
2491,0.9599999785423279,0.14011232554912567,0.7200000286102295,0.7244970798492432
2492,0.9599999785423279,0.14009971916675568,0.7200000286102295,0.7245248556137085
2493,0.9599999785423279,0.1400681436061859,0.7200000286102295,0.7245044112205505
2494,0.9599999785423279,0.14003923535346985,0.7200000286102295,0.7244224548339844
2495,0.9599999785423279,0.14002972841262817,0.7200000286102295,0.7245483994483948
2496,0.9599999785423279,0.14000089466571808,0.7200000286102295,0.7249181866645813
2497,0.9599999785423279,0.13997270166873932,0.7200000286102295,0.7252206206321716
2498,0.9599999785423279,0.139940083026886,0.7200000286102295,0.7253813743591309
2499,0.9599999785423279,0.1399155557155609,0.7200000286102295,0.7254054546356201
2500,0.9599999785423279,0.13990584015846252,0.7200000286102295,0.7254197001457214
2501,0.9599999785423279,0.13987965881824493,0.7200000286102295,0.7254834175109863
2502,0.9599999785423279,0.13987214863300323,0.7200000286102295,0.7256864905357361
2503,0.9599999785423279,0.1398419439792633,0.7200000286102295,0.7259185314178467
2504,0.9599999785423279,0.13984762132167816,0.7200000286102295,0.7260447144508362
2505,0.9599999785423279,0.1398143768310547,0.7200000286102295,0.7260992527008057
2506,0.9599999785423279,0.1397743821144104,0.7200000286102295,0.7260749936103821
2507,0.9599999785423279,0.13973399996757507,0.7200000286102295,0.7259842157363892
2508,0.9599999785423279,0.13973979651927948,0.7200000286102295,0.7260398268699646
2509,0.9599999785423279,0.13973282277584076,0.7200000286102295,0.7262853980064392
2510,0.9599999785423279,0.13968835771083832,0.7200000286102295,0.7264864444732666
2511,0.9599999785423279,0.13966143131256104,0.7200000286102295,0.7265937328338623
2512,0.9599999785423279,0.13964585959911346,0.7200000286102295,0.7266579270362854
2513,0.9599999785423279,0.13961012661457062,0.7200000286102295,0.7266629934310913
2514,0.9599999785423279,0.13959386944770813,0.7200000286102295,0.7266556024551392
2515,0.9599999785423279,0.13957291841506958,0.7200000286102295,0.7268178462982178
2516,0.9599999785423279,0.13953793048858643,0.7200000286102295,0.7270327210426331
2517,0.9599999785423279,0.1395121067762375,0.7200000286102295,0.7271655201911926
2518,0.9599999785423279,0.1394796222448349,0.7200000286102295,0.7272863984107971
2519,0.9599999785423279,0.13945765793323517,0.7200000286102295,0.7274090051651001
2520,0.9599999785423279,0.1394416093826294,0.7200000286102295,0.7274646759033203
2521,0.9599999785423279,0.13941076397895813,0.7200000286102295,0.727451503276825
2522,0.9599999785423279,0.13938963413238525,0.7200000286102295,0.7275016903877258
2523,0.9599999785423279,0.13936899602413177,0.7200000286102295,0.7277472615242004
2524,0.9599999785423279,0.13934226334095,0.7200000286102295,0.7281080484390259
2525,0.9599999785423279,0.13932308554649353,0.7200000286102295,0.7283473014831543
2526,0.9599999785423279,0.13928769528865814,0.7200000286102295,0.7283830046653748
2527,0.9599999785423279,0.13925905525684357,0.7200000286102295,0.7282625436782837
2528,0.9599999785423279,0.1392403244972229,0.7200000286102295,0.7282629609107971
2529,0.9599999785423279,0.13921479880809784,0.7200000286102295,0.7284594774246216
2530,0.9599999785423279,0.13920670747756958,0.7200000286102295,0.7286083698272705
2531,0.9599999785423279,0.1391969621181488,0.7200000286102295,0.7287038564682007
2532,0.9599999785423279,0.13918550312519073,0.7200000286102295,0.7288477420806885
2533,0.9599999785423279,0.13916049897670746,0.7200000286102295,0.728973925113678
2534,0.9599999785423279,0.13912437856197357,0.7200000286102295,0.7290118336677551
2535,0.9599999785423279,0.13911177217960358,0.7200000286102295,0.7290964722633362
2536,0.9599999785423279,0.13907697796821594,0.7200000286102295,0.7291368246078491
2537,0.9599999785423279,0.13905222713947296,0.7200000286102295,0.7290470600128174
2538,0.9599999785423279,0.13901272416114807,0.7200000286102295,0.7289518713951111
2539,0.9599999785423279,0.13899868726730347,0.7200000286102295,0.729046642780304
2540,0.9599999785423279,0.13896968960762024,0.7200000286102295,0.7292846441268921
2541,0.9599999785423279,0.13893768191337585,0.7200000286102295,0.7295007109642029
2542,0.9599999785423279,0.1389210820198059,0.7200000286102295,0.7296900153160095
2543,0.9599999785423279,0.1388794183731079,0.7200000286102295,0.7297582030296326
2544,0.9599999785423279,0.13885381817817688,0.7200000286102295,0.7297112941741943
2545,0.9599999785423279,0.1388368159532547,0.7200000286102295,0.7297453284263611
2546,0.9599999785423279,0.1388145089149475,0.7200000286102295,0.7299173474311829
2547,0.9599999785423279,0.13877582550048828,0.7200000286102295,0.7301754951477051
2548,0.9599999785423279,0.13876937329769135,0.7200000286102295,0.7304591536521912
2549,0.9599999785423279,0.13874797523021698,0.7200000286102295,0.7307573556900024
2550,0.9599999785423279,0.13873077929019928,0.7200000286102295,0.7309302687644958
2551,0.9599999785423279,0.13871058821678162,0.7200000286102295,0.7309603691101074
2552,0.9599999785423279,0.13868370652198792,0.7200000286102295,0.7308604717254639
2553,0.9599999785423279,0.1386553794145584,0.7200000286102295,0.730695366859436
2554,0.9599999785423279,0.13864602148532867,0.7200000286102295,0.7306573390960693
2555,0.9599999785423279,0.13864678144454956,0.7200000286102295,0.730893611907959
2556,0.9599999785423279,0.13859982788562775,0.7200000286102295,0.7312591075897217
2557,0.9599999785423279,0.13857492804527283,0.7200000286102295,0.731472909450531
2558,0.9599999785423279,0.13854074478149414,0.7200000286102295,0.7314401268959045
2559,0.9599999785423279,0.13853874802589417,0.7200000286102295,0.7314101457595825
2560,0.9599999785423279,0.1385122835636139,0.7200000286102295,0.7314317226409912
2561,0.9599999785423279,0.13848039507865906,0.7200000286102295,0.7315452694892883
2562,0.9599999785423279,0.13844743371009827,0.7200000286102295,0.7317060828208923
2563,0.9599999785423279,0.13843025267124176,0.7200000286102295,0.7317883372306824
2564,0.9599999785423279,0.13840609788894653,0.7200000286102295,0.7318358421325684
2565,0.9599999785423279,0.1384013146162033,0.7200000286102295,0.7318572402000427
2566,0.9599999785423279,0.13836930692195892,0.7200000286102295,0.7319431900978088
2567,0.9599999785423279,0.1383337825536728,0.7200000286102295,0.7320728898048401
2568,0.9599999785423279,0.13831092417240143,0.7200000286102295,0.7322123646736145
2569,0.9599999785423279,0.1382814198732376,0.7200000286102295,0.7323694825172424
2570,0.9599999785423279,0.13824404776096344,0.7200000286102295,0.7324456572532654
2571,0.9599999785423279,0.1382303684949875,0.7200000286102295,0.7324580550193787
2572,0.9599999785423279,0.13820809125900269,0.7200000286102295,0.7323818206787109
2573,0.9599999785423279,0.1381877064704895,0.7200000286102295,0.7323101758956909
2574,0.9599999785423279,0.1381571739912033,0.7200000286102295,0.7324769496917725
2575,0.9599999785423279,0.13815456628799438,0.7200000286102295,0.7328087091445923
2576,0.9599999785423279,0.13811424374580383,0.7200000286102295,0.7330469489097595
2577,0.9599999785423279,0.13808868825435638,0.7200000286102295,0.7331545948982239
2578,0.9599999785423279,0.13806688785552979,0.7200000286102295,0.7332077622413635
2579,0.9599999785423279,0.1380356103181839,0.7200000286102295,0.7332167625427246
2580,0.9599999785423279,0.13802222907543182,0.7200000286102295,0.7332194447517395
2581,0.9599999785423279,0.13802079856395721,0.7200000286102295,0.7334040999412537
2582,0.9599999785423279,0.13797283172607422,0.7200000286102295,0.7336297631263733
2583,0.9599999785423279,0.13795414566993713,0.7200000286102295,0.7337079048156738
2584,0.9599999785423279,0.13793663680553436,0.7200000286102295,0.7337192296981812
2585,0.9599999785423279,0.13792425394058228,0.7200000286102295,0.7337772846221924
2586,0.9599999785423279,0.13789577782154083,0.7200000286102295,0.7338000535964966
2587,0.9599999785423279,0.13788101077079773,0.7200000286102295,0.7337937355041504
2588,0.9599999785423279,0.13786247372627258,0.7200000286102295,0.7339285016059875
2589,0.9599999785423279,0.1378270983695984,0.7200000286102295,0.7341195940971375
2590,0.9599999785423279,0.1378030925989151,0.7200000286102295,0.7342695593833923
2591,0.9599999785423279,0.13779368996620178,0.7200000286102295,0.734342098236084
2592,0.9599999785423279,0.1377679407596588,0.7200000286102295,0.734331488609314
2593,0.9599999785423279,0.13774608075618744,0.7200000286102295,0.7342338562011719
2594,0.9599999785423279,0.13772377371788025,0.7200000286102295,0.73420250415802
2595,0.9599999785423279,0.137700155377388,0.7200000286102295,0.734356164932251
2596,0.9599999785423279,0.137673020362854,0.7200000286102295,0.7345694899559021
2597,0.9599999785423279,0.1376430094242096,0.7200000286102295,0.7346665859222412
2598,0.9599999785423279,0.1376112401485443,0.7200000286102295,0.7346475124359131
2599,0.9599999785423279,0.1375863254070282,0.7200000286102295,0.73462975025177
2600,0.9599999785423279,0.1375592201948166,0.7200000286102295,0.7346378564834595
2601,0.9599999785423279,0.13756175339221954,0.7200000286102295,0.7348135113716125
2602,0.9599999785423279,0.13751453161239624,0.7200000286102295,0.7350867390632629
2603,0.9599999785423279,0.1374773383140564,0.7200000286102295,0.7352249622344971
2604,0.9599999785423279,0.13745050132274628,0.7200000286102295,0.7352120876312256
2605,0.9599999785423279,0.1374291628599167,0.7200000286102295,0.7351915836334229
2606,0.9599999785423279,0.13742345571517944,0.7200000286102295,0.7352922558784485
2607,0.9599999785423279,0.13739868998527527,0.7200000286102295,0.7356154918670654
2608,0.9599999785423279,0.13737033307552338,0.7200000286102295,0.735910952091217
2609,0.9599999785423279,0.1373659372329712,0.7200000286102295,0.7360638976097107
2610,0.9599999785423279,0.1373445689678192,0.7200000286102295,0.7361123561859131
2611,0.9599999785423279,0.13731250166893005,0.7200000286102295,0.7360203266143799
2612,0.9599999785423279,0.13729098439216614,0.7200000286102295,0.7358783483505249
2613,0.9599999785423279,0.1372658610343933,0.7200000286102295,0.735746443271637
2614,0.9599999785423279,0.13725651800632477,0.7200000286102295,0.7358590960502625
2615,0.9599999785423279,0.13721784949302673,0.7200000286102295,0.736102283000946
2616,0.9599999785423279,0.1371891051530838,0.7200000286102295,0.7362239360809326
2617,0.9599999785423279,0.13716886937618256,0.7200000286102295,0.7362311482429504
2618,0.9599999785423279,0.1371537297964096,0.7200000286102295,0.7362014651298523
2619,0.9599999785423279,0.13712221384048462,0.7200000286102295,0.7362076640129089
2620,0.9599999785423279,0.13709188997745514,0.7200000286102295,0.7364170551300049
2621,0.9599999785423279,0.13707436621189117,0.7200000286102295,0.7366818785667419
2622,0.9599999785423279,0.1370425820350647,0.7200000286102295,0.7368060350418091
2623,0.9599999785423279,0.1370193064212799,0.7200000286102295,0.7368480563163757
2624,0.9599999785423279,0.13700255751609802,0.7200000286102295,0.7368701696395874
2625,0.9599999785423279,0.13697652518749237,0.7200000286102295,0.7368362545967102
2626,0.9599999785423279,0.13694779574871063,0.7200000286102295,0.7368180751800537
2627,0.9599999785423279,0.13694117963314056,0.7200000286102295,0.7369488477706909
2628,0.9599999785423279,0.13691772520542145,0.7200000286102295,0.7372215986251831
2629,0.9599999785423279,0.13689768314361572,0.7200000286102295,0.7373631000518799
2630,0.9599999785423279,0.13686920702457428,0.7200000286102295,0.7373062372207642
2631,0.9599999785423279,0.13683393597602844,0.7200000286102295,0.7371290326118469
2632,0.9599999785423279,0.13683688640594482,0.7200000286102295,0.7371165752410889
2633,0.9599999785423279,0.1368088573217392,0.7200000286102295,0.7373796701431274
2634,0.9599999785423279,0.1367606669664383,0.7200000286102295,0.7376760840415955
2635,0.9599999785423279,0.13674604892730713,0.7200000286102295,0.7379091382026672
2636,0.9599999785423279,0.1367250382900238,0.7200000286102295,0.7379987835884094
2637,0.9599999785423279,0.1367051601409912,0.7200000286102295,0.7379982471466064
2638,0.9599999785423279,0.13668686151504517,0.7200000286102295,0.7379703521728516
2639,0.9599999785423279,0.13664448261260986,0.7200000286102295,0.7379319667816162
2640,0.9599999785423279,0.1366366446018219,0.7200000286102295,0.737972617149353
2641,0.9599999785423279,0.13661839067935944,0.7200000286102295,0.7381664514541626
2642,0.9599999785423279,0.1365942358970642,0.7200000286102295,0.7384032607078552
2643,0.9599999785423279,0.1365591287612915,0.7200000286102295,0.7384877800941467
2644,0.9599999785423279,0.13654689490795135,0.7200000286102295,0.7384577393531799
2645,0.9599999785423279,0.13651536405086517,0.7200000286102295,0.7383744716644287
2646,0.9599999785423279,0.13650129735469818,0.7200000286102295,0.738472580909729
2647,0.9599999785423279,0.1364818811416626,0.7200000286102295,0.7386752963066101
2648,0.9599999785423279,0.13645881414413452,0.7200000286102295,0.738791286945343
2649,0.9599999785423279,0.13643182814121246,0.7200000286102295,0.7388274669647217
2650,0.9599999785423279,0.13640712201595306,0.7200000286102295,0.7388184070587158
2651,0.9599999785423279,0.13638794422149658,0.7200000286102295,0.7389643788337708
2652,0.9599999785423279,0.13637514412403107,0.7200000286102295,0.7391941547393799
2653,0.9599999785423279,0.13635621964931488,0.7200000286102295,0.7393860816955566
2654,0.9599999785423279,0.13631193339824677,0.7200000286102295,0.7394180297851562
2655,0.9599999785423279,0.1362941414117813,0.7200000286102295,0.7392907738685608
2656,0.9599999785423279,0.13628427684307098,0.7200000286102295,0.739128053188324
2657,0.9599999785423279,0.13625845313072205,0.7200000286102295,0.7390320301055908
2658,0.9599999785423279,0.13623405992984772,0.7200000286102295,0.7390415668487549
2659,0.9599999785423279,0.1362295150756836,0.7200000286102295,0.7392818331718445
2660,0.9599999785423279,0.1361943781375885,0.7200000286102295,0.7395511865615845
2661,0.9599999785423279,0.1361706554889679,0.7200000286102295,0.739600419998169
2662,0.9599999785423279,0.13615015149116516,0.7200000286102295,0.7395533919334412
2663,0.9599999785423279,0.13613396883010864,0.7200000286102295,0.7395785450935364
2664,0.9599999785423279,0.13609211146831512,0.7200000286102295,0.7396902441978455
2665,0.9599999785423279,0.13605506718158722,0.7200000286102295,0.7397772073745728
2666,0.9599999785423279,0.1360408514738083,0.7200000286102295,0.739945650100708
2667,0.9599999785423279,0.1359950304031372,0.7200000286102295,0.7400711178779602
2668,0.9599999785423279,0.13598954677581787,0.7200000286102295,0.7401412725448608
2669,0.9599999785423279,0.1359618604183197,0.7200000286102295,0.7402583360671997
2670,0.9599999785423279,0.13594740629196167,0.7200000286102295,0.7403774857521057
2671,0.9599999785423279,0.13592413067817688,0.7200000286102295,0.7403994798660278
2672,0.9599999785423279,0.13590049743652344,0.7200000286102295,0.740448534488678
2673,0.9599999785423279,0.13586799800395966,0.7200000286102295,0.7405583262443542
2674,0.9599999785423279,0.1358618140220642,0.7200000286102295,0.7406957149505615
2675,0.9599999785423279,0.13582521677017212,0.7200000286102295,0.7407693266868591
2676,0.9599999785423279,0.13580191135406494,0.7200000286102295,0.7407742142677307
2677,0.9599999785423279,0.1357894390821457,0.7200000286102295,0.7408683896064758
2678,0.9599999785423279,0.1357802450656891,0.7200000286102295,0.7411497235298157
2679,0.9599999785423279,0.13575804233551025,0.7200000286102295,0.7414476275444031
2680,0.9599999785423279,0.13574202358722687,0.7200000286102295,0.7415412664413452
2681,0.9599999785423279,0.1357278674840927,0.7200000286102295,0.7414954900741577
2682,0.9599999785423279,0.13568849861621857,0.7200000286102295,0.7413890957832336
2683,0.9599999785423279,0.13566288352012634,0.7200000286102295,0.7412762641906738
2684,0.9599999785423279,0.13563641905784607,0.7200000286102295,0.7411515712738037
2685,0.9599999785423279,0.13561223447322845,0.7200000286102295,0.7411845326423645
2686,0.9599999785423279,0.1355934590101242,0.7200000286102295,0.7413649559020996
2687,0.9599999785423279,0.13558921217918396,0.7200000286102295,0.7415315508842468
2688,0.9599999785423279,0.13556641340255737,0.7200000286102295,0.7416824102401733
2689,0.9599999785423279,0.1355188488960266,0.7200000286102295,0.7417344450950623
2690,0.9599999785423279,0.13549008965492249,0.7200000286102295,0.7417027950286865
2691,0.9599999785423279,0.13546128571033478,0.7200000286102295,0.7417891025543213
2692,0.9599999785423279,0.13543079793453217,0.7200000286102295,0.7419828772544861
2693,0.9599999785423279,0.13541604578495026,0.7200000286102295,0.7420667409896851
2694,0.9599999785423279,0.13539232313632965,0.7200000286102295,0.7421003580093384
2695,0.9599999785423279,0.1353822648525238,0.7200000286102295,0.7421750426292419
2696,0.9599999785423279,0.13535524904727936,0.7200000286102295,0.7423034906387329
2697,0.9599999785423279,0.13531826436519623,0.7200000286102295,0.7423446774482727
2698,0.9599999785423279,0.13531890511512756,0.7200000286102295,0.7424200177192688
2699,0.9599999785423279,0.13527970016002655,0.7200000286102295,0.7424663305282593
2700,0.9599999785423279,0.1352701634168625,0.7200000286102295,0.7425228953361511
2701,0.9599999785423279,0.13524293899536133,0.7200000286102295,0.7425590753555298
2702,0.9599999785423279,0.13522782921791077,0.7200000286102295,0.7425360679626465
2703,0.9599999785423279,0.13520099222660065,0.7200000286102295,0.7425144910812378
2704,0.9599999785423279,0.13518570363521576,0.7200000286102295,0.7426760792732239
2705,0.9599999785423279,0.13515400886535645,0.7200000286102295,0.7429741024971008
2706,0.9599999785423279,0.13513164222240448,0.7200000286102295,0.743140697479248
2707,0.9599999785423279,0.13509991765022278,0.7400000095367432,0.7430548071861267
2708,0.9599999785423279,0.1350715011358261,0.7400000095367432,0.742897093296051
2709,0.9599999785423279,0.13506096601486206,0.7400000095367432,0.7428672313690186
2710,0.9599999785423279,0.13504116237163544,0.7400000095367432,0.7431871294975281
2711,0.9599999785423279,0.13501094281673431,0.7400000095367432,0.7435439825057983
2712,0.9599999785423279,0.13500045239925385,0.7400000095367432,0.7436558604240417
2713,0.9599999785423279,0.13498349487781525,0.7400000095367432,0.7435905337333679
2714,0.9599999785423279,0.13495303690433502,0.7400000095367432,0.7434485554695129
2715,0.9599999785423279,0.13492709398269653,0.7400000095367432,0.7432644367218018
2716,0.9599999785423279,0.13490569591522217,0.7400000095367432,0.74320387840271
2717,0.9599999785423279,0.13488689064979553,0.7400000095367432,0.743375837802887
2718,0.9599999785423279,0.1348751038312912,0.7400000095367432,0.7436232566833496
2719,0.9599999785423279,0.13485300540924072,0.7400000095367432,0.743794858455658
2720,0.9599999785423279,0.13483205437660217,0.7400000095367432,0.743903636932373
2721,0.9599999785423279,0.13479144871234894,0.7400000095367432,0.7438436150550842
2722,0.9599999785423279,0.13476622104644775,0.7400000095367432,0.7437217831611633
2723,0.9599999785423279,0.13474252820014954,0.7400000095367432,0.7437169551849365
2724,0.9599999785423279,0.13472864031791687,0.7400000095367432,0.7438621520996094
2725,0.9599999785423279,0.13469713926315308,0.7400000095367432,0.7441033124923706
2726,0.9599999785423279,0.13468408584594727,0.7400000095367432,0.744291365146637
2727,0.9599999785423279,0.1346769779920578,0.7400000095367432,0.7443596124649048
2728,0.9599999785423279,0.13464325666427612,0.7400000095367432,0.7442275881767273
2729,0.9599999785423279,0.13461127877235413,0.7400000095367432,0.7439630627632141
2730,0.9599999785423279,0.1346190869808197,0.7400000095367432,0.7439250349998474
2731,0.9599999785423279,0.134585902094841,0.7400000095367432,0.74419766664505
2732,0.9599999785423279,0.13455301523208618,0.7400000095367432,0.7444409132003784
2733,0.9599999785423279,0.13452531397342682,0.7400000095367432,0.744517982006073
2734,0.9599999785423279,0.13450072705745697,0.7400000095367432,0.7444913983345032
2735,0.9599999785423279,0.1344814896583557,0.7400000095367432,0.744446337223053
2736,0.9599999785423279,0.1344691663980484,0.7400000095367432,0.7445163130760193
2737,0.9599999785423279,0.1344364881515503,0.7400000095367432,0.7447383403778076
2738,0.9599999785423279,0.13441449403762817,0.7400000095367432,0.7448801398277283
2739,0.9599999785423279,0.13438844680786133,0.7400000095367432,0.7449153661727905
2740,0.9599999785423279,0.13435794413089752,0.7400000095367432,0.744852602481842
2741,0.9599999785423279,0.13432636857032776,0.7400000095367432,0.7448492646217346
2742,0.9599999785423279,0.1343192309141159,0.7400000095367432,0.7450653314590454
2743,0.9599999785423279,0.13430927693843842,0.7400000095367432,0.7452510595321655
2744,0.9599999785423279,0.13427184522151947,0.7400000095367432,0.7452927231788635
2745,0.9599999785423279,0.1342409998178482,0.7400000095367432,0.7452279925346375
2746,0.9599999785423279,0.1342546045780182,0.7400000095367432,0.7452096343040466
2747,0.9599999785423279,0.13423383235931396,0.7400000095367432,0.7452671527862549
2748,0.9599999785423279,0.13419374823570251,0.7400000095367432,0.7452477812767029
2749,0.9599999785423279,0.1342022567987442,0.7400000095367432,0.7452755570411682
2750,0.9599999785423279,0.1341630518436432,0.7400000095367432,0.7454419732093811
2751,0.9599999785423279,0.1341429501771927,0.7400000095367432,0.7456049919128418
2752,0.9599999785423279,0.1341075301170349,0.7400000095367432,0.7456102967262268
2753,0.9599999785423279,0.1340719610452652,0.7400000095367432,0.7454582452774048
2754,0.9599999785423279,0.13407550752162933,0.7400000095367432,0.7453613877296448
2755,0.9599999785423279,0.13406231999397278,0.7400000095367432,0.7454954385757446
2756,0.9599999785423279,0.13402900099754333,0.7400000095367432,0.7457813024520874
2757,0.9599999785423279,0.13399527966976166,0.7400000095367432,0.7459264993667603
2758,0.9599999785423279,0.1339564323425293,0.7400000095367432,0.745848536491394
2759,0.9599999785423279,0.13393634557724,0.7400000095367432,0.7456608414649963
2760,0.9599999785423279,0.1339254528284073,0.7400000095367432,0.7456313967704773
2761,0.9599999785423279,0.13391146063804626,0.7400000095367432,0.7457945346832275
2762,0.9599999785423279,0.13387279212474823,0.7400000095367432,0.7459768652915955
2763,0.9599999785423279,0.13385599851608276,0.7400000095367432,0.7461163401603699
2764,0.9599999785423279,0.13384459912776947,0.7400000095367432,0.7461599111557007
2765,0.9599999785423279,0.13380666077136993,0.7400000095367432,0.7460141181945801
2766,0.9599999785423279,0.13378483057022095,0.7400000095367432,0.7457934021949768
2767,0.9599999785423279,0.13377255201339722,0.7400000095367432,0.7457263469696045
2768,0.9599999785423279,0.13378290832042694,0.7400000095367432,0.7459796667098999
2769,0.9599999785423279,0.1337398886680603,0.7400000095367432,0.7464250326156616
2770,0.9599999785423279,0.13370876014232635,0.7400000095367432,0.7466951012611389
2771,0.9599999785423279,0.13366980850696564,0.7400000095367432,0.7466847896575928
2772,0.9599999785423279,0.13365373015403748,0.7400000095367432,0.7465253472328186
2773,0.9599999785423279,0.1336202174425125,0.7400000095367432,0.7464577555656433
2774,0.9599999785423279,0.1336066871881485,0.7400000095367432,0.7464286684989929
2775,0.9599999785423279,0.13360130786895752,0.7400000095367432,0.7464287281036377
2776,0.9599999785423279,0.1335926055908203,0.7400000095367432,0.7465662360191345
2777,0.9599999785423279,0.13356032967567444,0.7400000095367432,0.7467663288116455
2778,0.9599999785423279,0.13352535665035248,0.7400000095367432,0.7468273639678955
2779,0.9599999785423279,0.13349507749080658,0.7400000095367432,0.7467522621154785
2780,0.9599999785423279,0.1334841400384903,0.7400000095367432,0.7466554045677185
2781,0.9599999785423279,0.13346707820892334,0.7400000095367432,0.7466698288917542
2782,0.9599999785423279,0.13341915607452393,0.7400000095367432,0.7467540502548218
2783,0.9599999785423279,0.1334155648946762,0.7400000095367432,0.7467920184135437
2784,0.9599999785423279,0.13338781893253326,0.7400000095367432,0.7468034625053406
2785,0.9599999785423279,0.1333625167608261,0.7400000095367432,0.746806800365448
2786,0.9599999785423279,0.1333593875169754,0.7400000095367432,0.7468992471694946
2787,0.9599999785423279,0.13331566751003265,0.7400000095367432,0.7469376921653748
2788,0.9599999785423279,0.13328982889652252,0.7400000095367432,0.7469022274017334
2789,0.9599999785423279,0.1332750916481018,0.7400000095367432,0.7468950748443604
2790,0.9599999785423279,0.1332402229309082,0.7400000095367432,0.7468435764312744
2791,0.9599999785423279,0.13322566449642181,0.7400000095367432,0.7467868328094482
2792,0.9599999785423279,0.13319477438926697,0.7400000095367432,0.746816873550415
2793,0.9599999785423279,0.13319236040115356,0.7400000095367432,0.7469795346260071
2794,0.9599999785423279,0.13316871225833893,0.7400000095367432,0.7472059726715088
2795,0.9599999785423279,0.13315464556217194,0.7400000095367432,0.7473400831222534
2796,0.9599999785423279,0.13312974572181702,0.7400000095367432,0.7473102807998657
2797,0.9599999785423279,0.13310307264328003,0.7400000095367432,0.7471255660057068
2798,0.9599999785423279,0.1330941617488861,0.7400000095367432,0.7470400333404541
2799,0.9599999785423279,0.13307766616344452,0.7400000095367432,0.7472135424613953
2800,0.9599999785423279,0.13305222988128662,0.7400000095367432,0.7474443316459656
2801,0.9599999785423279,0.1330171823501587,0.7400000095367432,0.7475069165229797
2802,0.9599999785423279,0.13298848271369934,0.7400000095367432,0.7473850846290588
2803,0.9599999785423279,0.13298380374908447,0.7400000095367432,0.7472618222236633
2804,0.9599999785423279,0.13295431435108185,0.7400000095367432,0.747262179851532
2805,0.9599999785423279,0.13292591273784637,0.7400000095367432,0.7473899126052856
2806,0.9599999785423279,0.1328926533460617,0.7400000095367432,0.7475948333740234
2807,0.9599999785423279,0.1328878253698349,0.7400000095367432,0.7477256059646606
2808,0.9599999785423279,0.13286499679088593,0.7400000095367432,0.7476741075515747
2809,0.9599999785423279,0.13285033404827118,0.7400000095367432,0.7476534247398376
2810,0.9599999785423279,0.13281264901161194,0.7400000095367432,0.747713029384613
2811,0.9599999785423279,0.13279619812965393,0.7400000095367432,0.747815728187561
2812,0.9599999785423279,0.1327890157699585,0.7400000095367432,0.7479391694068909
2813,0.9599999785423279,0.13274414837360382,0.7400000095367432,0.7479611039161682
2814,0.9599999785423279,0.132721409201622,0.7400000095367432,0.7478106617927551
2815,0.9599999785423279,0.13270941376686096,0.7400000095367432,0.7475947737693787
2816,0.9599999785423279,0.13269959390163422,0.7400000095367432,0.747557520866394
2817,0.9599999785423279,0.1326756328344345,0.7400000095367432,0.7478852272033691
2818,0.9599999785423279,0.1326446235179901,0.7400000095367432,0.7482544183731079
2819,0.9599999785423279,0.13262078166007996,0.7400000095367432,0.7483394145965576
2820,0.9599999785423279,0.13260400295257568,0.7400000095367432,0.7482782602310181
2821,0.9599999785423279,0.13258111476898193,0.7400000095367432,0.748171329498291
2822,0.9599999785423279,0.13255572319030762,0.7400000095367432,0.748004138469696
2823,0.9599999785423279,0.1325342208147049,0.7400000095367432,0.7478384375572205
2824,0.9599999785423279,0.1325017809867859,0.7400000095367432,0.747850775718689
2825,0.9599999785423279,0.13249434530735016,0.7400000095367432,0.74798184633255
2826,0.9599999785423279,0.13248169422149658,0.7400000095367432,0.7481850385665894
2827,0.9599999785423279,0.1324492245912552,0.7400000095367432,0.7483512163162231
2828,0.9599999785423279,0.13241834938526154,0.7400000095367432,0.7483267188072205
2829,0.9599999785423279,0.13238704204559326,0.7400000095367432,0.7481434345245361
2830,0.9599999785423279,0.1323806196451187,0.7400000095367432,0.7481033205986023
2831,0.9599999785423279,0.13234689831733704,0.7400000095367432,0.7481451630592346
2832,0.9599999785423279,0.1323266476392746,0.7400000095367432,0.7481697797775269
2833,0.9599999785423279,0.13233180344104767,0.7400000095367432,0.748202919960022
2834,0.9599999785423279,0.13231368362903595,0.7400000095367432,0.7482568621635437
2835,0.9599999785423279,0.13227546215057373,0.7400000095367432,0.7482669949531555
2836,0.9599999785423279,0.13225503265857697,0.7400000095367432,0.7482880353927612
2837,0.9599999785423279,0.13224764168262482,0.7400000095367432,0.7483803033828735
2838,0.9599999785423279,0.1322043091058731,0.7400000095367432,0.748482882976532
2839,0.9599999785423279,0.13217882812023163,0.7400000095367432,0.7485013604164124
2840,0.9599999785423279,0.1321510672569275,0.7400000095367432,0.7484086751937866
2841,0.9599999785423279,0.13212722539901733,0.7400000095367432,0.7482686042785645
2842,0.9599999785423279,0.1321146935224533,0.7400000095367432,0.748292863368988
2843,0.9599999785423279,0.13209117949008942,0.7400000095367432,0.7486065030097961
2844,0.9599999785423279,0.132071852684021,0.7400000095367432,0.7489264011383057
2845,0.9599999785423279,0.13205379247665405,0.7400000095367432,0.7489955425262451
2846,0.9599999785423279,0.13202570378780365,0.7400000095367432,0.7488009929656982
2847,0.9599999785423279,0.13200704753398895,0.7400000095367432,0.7486154437065125
2848,0.9599999785423279,0.13198186457157135,0.7400000095367432,0.74860018491745
2849,0.9599999785423279,0.131943941116333,0.7400000095367432,0.7487428188323975
2850,0.9599999785423279,0.13194489479064941,0.7400000095367432,0.7490662932395935
2851,0.9599999785423279,0.13192151486873627,0.7400000095367432,0.7492630481719971
2852,0.9599999785423279,0.13190430402755737,0.7400000095367432,0.7492620944976807
2853,0.9599999785423279,0.13187865912914276,0.7400000095367432,0.7490670680999756
2854,0.9599999785423279,0.13185065984725952,0.7400000095367432,0.7487566471099854
2855,0.9599999785423279,0.131831556558609,0.7400000095367432,0.7485970854759216
2856,0.9599999785423279,0.13180172443389893,0.7400000095367432,0.7488258481025696
2857,0.9599999785423279,0.13179683685302734,0.7400000095367432,0.7492035031318665
2858,0.9599999785423279,0.13176174461841583,0.7400000095367432,0.7494113445281982
2859,0.9599999785423279,0.1317492127418518,0.7400000095367432,0.749428927898407
2860,0.9599999785423279,0.13173677027225494,0.7400000095367432,0.7493430376052856
2861,0.9599999785423279,0.1317148059606552,0.7400000095367432,0.7492451667785645
2862,0.9599999785423279,0.13169318437576294,0.7400000095367432,0.7491487264633179
2863,0.9599999785423279,0.13166065514087677,0.7400000095367432,0.7490071654319763
2864,0.9599999785423279,0.1316395252943039,0.7400000095367432,0.7488717436790466
2865,0.9599999785423279,0.1316344141960144,0.7400000095367432,0.7489346861839294
2866,0.9599999785423279,0.13159769773483276,0.7400000095367432,0.7490531206130981
2867,0.9599999785423279,0.13156455755233765,0.7400000095367432,0.749023973941803
2868,0.9599999785423279,0.13154995441436768,0.7400000095367432,0.7490765452384949
2869,0.9599999785423279,0.1315230131149292,0.7400000095367432,0.7492778897285461
2870,0.9599999785423279,0.1315068006515503,0.7400000095367432,0.7493441700935364
2871,0.9599999785423279,0.1314811259508133,0.7400000095367432,0.7492683529853821
2872,0.9599999785423279,0.13145990669727325,0.7400000095367432,0.7491317987442017
2873,0.9599999785423279,0.13145951926708221,0.7400000095367432,0.7492312788963318
2874,0.9599999785423279,0.13143296539783478,0.7400000095367432,0.7495501637458801
2875,0.9599999785423279,0.13141345977783203,0.7400000095367432,0.7496978044509888
2876,0.9599999785423279,0.13138873875141144,0.7400000095367432,0.749581515789032
2877,0.9599999785423279,0.1313697099685669,0.7400000095367432,0.7493064403533936
2878,0.9599999785423279,0.13135148584842682,0.7400000095367432,0.7491347789764404
2879,0.9599999785423279,0.13131774961948395,0.7400000095367432,0.7491602301597595
2880,0.9599999785423279,0.1312890350818634,0.7400000095367432,0.7492945790290833
2881,0.9599999785423279,0.1312721073627472,0.7400000095367432,0.7494070529937744
2882,0.9599999785423279,0.1312471628189087,0.7400000095367432,0.749355137348175
2883,0.9599999785423279,0.1312224268913269,0.7400000095367432,0.7493669986724854
2884,0.9599999785423279,0.13118238747119904,0.7400000095367432,0.7494316101074219
2885,0.9599999785423279,0.13118310272693634,0.7400000095367432,0.7494746446609497
2886,0.9599999785423279,0.13117057085037231,0.7400000095367432,0.7495718598365784
2887,0.9599999785423279,0.13114263117313385,0.7400000095367432,0.749786913394928
2888,0.9599999785423279,0.13112926483154297,0.7400000095367432,0.7499217987060547
2889,0.9599999785423279,0.13110950589179993,0.7400000095367432,0.7498338222503662
2890,0.9599999785423279,0.13109157979488373,0.7400000095367432,0.7496868371963501
2891,0.9599999785423279,0.1310647428035736,0.7400000095367432,0.7496122121810913
2892,0.9599999785423279,0.13104450702667236,0.7400000095367432,0.7497093081474304
2893,0.9599999785423279,0.1310417205095291,0.7400000095367432,0.749844491481781
2894,0.9599999785423279,0.131013885140419,0.7400000095367432,0.7498403787612915
2895,0.9599999785423279,0.13098463416099548,0.7400000095367432,0.7496548295021057
2896,0.9599999785423279,0.13095830380916595,0.7400000095367432,0.7495443820953369
2897,0.9599999785423279,0.13093602657318115,0.7400000095367432,0.7496477365493774
2898,0.9599999785423279,0.1308990716934204,0.7400000095367432,0.7497472167015076
2899,0.9599999785423279,0.1308842897415161,0.7400000095367432,0.7498385906219482
2900,0.9599999785423279,0.13088326156139374,0.7400000095367432,0.7500451803207397
2901,0.9599999785423279,0.13087324798107147,0.7400000095367432,0.7502163648605347
2902,0.9599999785423279,0.13084334135055542,0.7400000095367432,0.7501782178878784
2903,0.9599999785423279,0.13081879913806915,0.7400000095367432,0.7498648166656494
2904,0.9599999785423279,0.13081958889961243,0.7400000095367432,0.749657154083252
2905,0.9599999785423279,0.13079053163528442,0.7400000095367432,0.7496902346611023
2906,0.9599999785423279,0.1307622492313385,0.7400000095367432,0.7497191429138184
2907,0.9599999785423279,0.13072742521762848,0.7400000095367432,0.74965500831604
2908,0.9599999785423279,0.1307106763124466,0.7400000095367432,0.749550998210907
2909,0.9599999785423279,0.13069023191928864,0.7400000095367432,0.7495147585868835
2910,0.9599999785423279,0.1306530237197876,0.7400000095367432,0.7495150566101074
2911,0.9599999785423279,0.1306232064962387,0.7400000095367432,0.7496193051338196
2912,0.9599999785423279,0.13059858977794647,0.7400000095367432,0.7497180700302124
2913,0.9599999785423279,0.1305917203426361,0.7400000095367432,0.7498176097869873
2914,0.9599999785423279,0.13058197498321533,0.7400000095367432,0.7499798536300659
2915,0.9599999785423279,0.13054947555065155,0.7400000095367432,0.7501190304756165
2916,0.9599999785423279,0.1305202841758728,0.7400000095367432,0.7501233816146851
2917,0.9599999785423279,0.13050608336925507,0.7400000095367432,0.7500360012054443
2918,0.9599999785423279,0.1304868459701538,0.7400000095367432,0.749957799911499
2919,0.9599999785423279,0.13047003746032715,0.7400000095367432,0.7498928308486938
2920,0.9599999785423279,0.13044995069503784,0.7400000095367432,0.7499784231185913
2921,0.9599999785423279,0.1304394155740738,0.7400000095367432,0.7500948905944824
2922,0.9599999785423279,0.13040581345558167,0.7400000095367432,0.7500172257423401
2923,0.9599999785423279,0.13039332628250122,0.7400000095367432,0.7498627305030823
2924,0.9599999785423279,0.13035310804843903,0.7400000095367432,0.7497639656066895
2925,0.9599999785423279,0.1303352266550064,0.7400000095367432,0.7497602105140686
2926,0.9599999785423279,0.13033242523670197,0.7400000095367432,0.7499196529388428
2927,0.9599999785423279,0.13030877709388733,0.7400000095367432,0.7501741647720337
2928,0.9599999785423279,0.1302838772535324,0.7400000095367432,0.7502865791320801
2929,0.9599999785423279,0.13025718927383423,0.7400000095367432,0.7503190636634827
2930,0.9599999785423279,0.13022159039974213,0.7400000095367432,0.7502900958061218
2931,0.9599999785423279,0.13019214570522308,0.7400000095367432,0.7502468228340149
2932,0.9599999785423279,0.1301741749048233,0.7400000095367432,0.750262439250946
2933,0.9599999785423279,0.13014791905879974,0.7400000095367432,0.7502386569976807
2934,0.9599999785423279,0.13012704253196716,0.7400000095367432,0.7502054572105408
2935,0.9599999785423279,0.13012023270130157,0.7400000095367432,0.7502933740615845
2936,0.9599999785423279,0.13008981943130493,0.7400000095367432,0.7503211498260498
2937,0.9599999785423279,0.13007594645023346,0.7400000095367432,0.7502899169921875
2938,0.9599999785423279,0.13005585968494415,0.7400000095367432,0.7502583265304565
2939,0.9599999785423279,0.13003766536712646,0.7400000095367432,0.7502028942108154
2940,0.9599999785423279,0.1300184279680252,0.7400000095367432,0.750199556350708
2941,0.9599999785423279,0.1299920529127121,0.7400000095367432,0.750240683555603
2942,0.9599999785423279,0.12998998165130615,0.7400000095367432,0.750439465045929
2943,0.9599999785423279,0.1299605667591095,0.7400000095367432,0.7506754398345947
2944,0.9599999785423279,0.12995070219039917,0.7400000095367432,0.7506176829338074
2945,0.9599999785423279,0.1299305409193039,0.7400000095367432,0.7502720355987549
2946,0.9599999785423279,0.12990924715995789,0.7400000095367432,0.7498438954353333
2947,0.9599999785423279,0.12988990545272827,0.7400000095367432,0.7497161030769348
2948,0.9599999785423279,0.12985926866531372,0.7400000095367432,0.749950647354126
2949,0.9599999785423279,0.12983746826648712,0.7400000095367432,0.7502017021179199
2950,0.9599999785423279,0.12981460988521576,0.7400000095367432,0.750275194644928
2951,0.9599999785423279,0.12978895008563995,0.7400000095367432,0.7501693964004517
2952,0.9599999785423279,0.12975238263607025,0.7400000095367432,0.7499646544456482
2953,0.9599999785423279,0.12973473966121674,0.7400000095367432,0.749863862991333
2954,0.9599999785423279,0.12973007559776306,0.7400000095367432,0.7500299215316772
2955,0.9599999785423279,0.1296919882297516,0.7400000095367432,0.7501915097236633
2956,0.9599999785423279,0.129684716463089,0.7400000095367432,0.7503355145454407
2957,0.9599999785423279,0.1296588033437729,0.7400000095367432,0.7504920363426208
2958,0.9599999785423279,0.1296369880437851,0.7400000095367432,0.7504513263702393
2959,0.9599999785423279,0.12961828708648682,0.7400000095367432,0.7503459453582764
2960,0.9599999785423279,0.12958961725234985,0.7400000095367432,0.7502148151397705
2961,0.9599999785423279,0.12959153950214386,0.7400000095367432,0.7502090930938721
2962,0.9599999785423279,0.1295698583126068,0.7400000095367432,0.7503353357315063
2963,0.9599999785423279,0.1295381337404251,0.7400000095367432,0.7503233551979065
2964,0.9599999785423279,0.12951190769672394,0.7400000095367432,0.7501612901687622
2965,0.9599999785423279,0.12947522103786469,0.7400000095367432,0.749940037727356
2966,0.9599999785423279,0.12946201860904694,0.7400000095367432,0.7500190734863281
2967,0.9599999785423279,0.12943881750106812,0.7400000095367432,0.750332772731781
2968,0.9599999785423279,0.12941423058509827,0.7400000095367432,0.7505590915679932
2969,0.9599999785423279,0.12937255203723907,0.7400000095367432,0.7506301999092102
2970,0.9599999785423279,0.129373237490654,0.7400000095367432,0.750531792640686
2971,0.9599999785423279,0.12934035062789917,0.7400000095367432,0.7504701018333435
2972,0.9599999785423279,0.12932176887989044,0.7400000095367432,0.7505795359611511
2973,0.9599999785423279,0.12929576635360718,0.7400000095367432,0.7506618499755859
2974,0.9599999785423279,0.12928248941898346,0.7400000095367432,0.7506585121154785
2975,0.9599999785423279,0.12926460802555084,0.7400000095367432,0.75067538022995
2976,0.9599999785423279,0.1292610615491867,0.7400000095367432,0.7506997585296631
2977,0.9599999785423279,0.12923109531402588,0.7400000095367432,0.7506621479988098
2978,0.9599999785423279,0.1291954070329666,0.7400000095367432,0.7505279779434204
2979,0.9599999785423279,0.1291743814945221,0.7400000095367432,0.7504392862319946
2980,0.9599999785423279,0.12915851175785065,0.7400000095367432,0.7504298686981201
2981,0.9599999785423279,0.12912754714488983,0.7400000095367432,0.7504062056541443
2982,0.9599999785423279,0.12909358739852905,0.7400000095367432,0.7503515481948853
2983,0.9599999785423279,0.12908217310905457,0.7400000095367432,0.7503469586372375
2984,0.9599999785423279,0.12909270823001862,0.7400000095367432,0.7505455017089844
2985,0.9599999785423279,0.12904968857765198,0.7400000095367432,0.7508038878440857
2986,0.9599999785423279,0.12902013957500458,0.7400000095367432,0.7508361339569092
2987,0.9599999785423279,0.128991037607193,0.7400000095367432,0.7506741285324097
2988,0.9599999785423279,0.12896721065044403,0.7400000095367432,0.7505970597267151
2989,0.9599999785423279,0.1289561688899994,0.7400000095367432,0.7505978345870972
2990,0.9599999785423279,0.12892216444015503,0.7400000095367432,0.7506879568099976
2991,0.9599999785423279,0.12890589237213135,0.7400000095367432,0.750762939453125
2992,0.9599999785423279,0.12889719009399414,0.7400000095367432,0.7506950497627258
2993,0.9599999785423279,0.12888413667678833,0.7400000095367432,0.7506009936332703
2994,0.9599999785423279,0.1288493126630783,0.7400000095367432,0.7505310773849487
2995,0.9599999785423279,0.12883368134498596,0.7400000095367432,0.7504779696464539
2996,0.9599999785423279,0.1288084089756012,0.7400000095367432,0.7505409121513367
2997,0.9599999785423279,0.12877008318901062,0.7400000095367432,0.7507256865501404
2998,0.9599999785423279,0.128761887550354,0.7400000095367432,0.7508261203765869
2999,0.9599999785423279,0.1287415623664856,0.7400000095367432,0.7507989406585693
3000,0.9599999785423279,0.1287122368812561,0.7400000095367432,0.7506533861160278
3001,0.9599999785423279,0.12870387732982635,0.7400000095367432,0.7505508661270142
3002,0.9599999785423279,0.12867742776870728,0.7400000095367432,0.7505166530609131
3003,0.9599999785423279,0.1286747008562088,0.7400000095367432,0.7505969405174255
3004,0.9599999785423279,0.1286381483078003,0.7400000095367432,0.7506318688392639
3005,0.9599999785423279,0.128611221909523,0.7400000095367432,0.750593900680542
3006,0.9599999785423279,0.1285777986049652,0.7400000095367432,0.750562310218811
3007,0.9599999785423279,0.12853913009166718,0.7400000095367432,0.7505433559417725
3008,0.9599999785423279,0.1285293698310852,0.7400000095367432,0.7507035732269287
3009,0.9599999785423279,0.1284942775964737,0.7400000095367432,0.7509458065032959
3010,0.9599999785423279,0.12847016751766205,0.7400000095367432,0.7509779334068298
3011,0.9599999785423279,0.1284523457288742,0.7400000095367432,0.7508743405342102
3012,0.9599999785423279,0.1284322738647461,0.7400000095367432,0.7507691383361816
3013,0.9599999785423279,0.12839557230472565,0.7400000095367432,0.7506921291351318
3014,0.9599999785423279,0.12836897373199463,0.7400000095367432,0.7506646513938904
3015,0.9599999785423279,0.12837882339954376,0.7400000095367432,0.750831663608551
3016,0.9599999785423279,0.12833929061889648,0.7400000095367432,0.7510401010513306
3017,0.9599999785423279,0.12831631302833557,0.7400000095367432,0.7509977221488953
3018,0.9599999785423279,0.1283234804868698,0.7400000095367432,0.7509512901306152
3019,0.9599999785423279,0.12829577922821045,0.7400000095367432,0.7509609460830688
3020,0.9599999785423279,0.12826910614967346,0.7400000095367432,0.7510865926742554
3021,0.9599999785423279,0.12824414670467377,0.7400000095367432,0.7512640953063965
3022,0.9599999785423279,0.12823085486888885,0.7400000095367432,0.7512781620025635
3023,0.9599999785423279,0.12821193039417267,0.7400000095367432,0.7511428594589233
3024,0.9599999785423279,0.12819284200668335,0.7400000095367432,0.7509105205535889
3025,0.9599999785423279,0.12815886735916138,0.7400000095367432,0.7506847381591797
3026,0.9599999785423279,0.1281290054321289,0.7400000095367432,0.7505208849906921
3027,0.9599999785423279,0.12813596427440643,0.7400000095367432,0.7507631182670593
3028,0.9599999785423279,0.12811337411403656,0.7400000095367432,0.7511242628097534
3029,0.9599999785423279,0.12807609140872955,0.7400000095367432,0.7511580586433411
3030,0.9599999785423279,0.12804830074310303,0.7400000095367432,0.7508991360664368
3031,0.9599999785423279,0.12802669405937195,0.7400000095367432,0.7506138682365417
3032,0.9599999785423279,0.1280149221420288,0.7400000095367432,0.7504902482032776
3033,0.9599999785423279,0.12801164388656616,0.7400000095367432,0.7507270574569702
3034,0.9599999785423279,0.12795735895633698,0.7400000095367432,0.7510569095611572
3035,0.9599999785423279,0.12793225049972534,0.7400000095367432,0.7511530518531799
3036,0.9599999785423279,0.12793414294719696,0.7400000095367432,0.7511044144630432
3037,0.9599999785423279,0.12790334224700928,0.7400000095367432,0.7509855628013611
3038,0.9599999785423279,0.12786777317523956,0.7400000095367432,0.7508376836776733
3039,0.9599999785423279,0.12785521149635315,0.7400000095367432,0.7507850527763367
3040,0.9599999785423279,0.1278400421142578,0.7400000095367432,0.7508907914161682
3041,0.9599999785423279,0.12781600654125214,0.7400000095367432,0.7510222792625427
3042,0.9599999785423279,0.12779264152050018,0.7400000095367432,0.7510340809822083
3043,0.9599999785423279,0.12775662541389465,0.7400000095367432,0.7508647441864014
3044,0.9599999785423279,0.12774312496185303,0.7400000095367432,0.750687837600708
3045,0.9599999785423279,0.12774330377578735,0.7400000095367432,0.7508384585380554
3046,0.9599999785423279,0.1276911497116089,0.7400000095367432,0.7511515617370605
3047,0.9599999785423279,0.12767110764980316,0.7400000095367432,0.7513044476509094
3048,0.9599999785423279,0.1276693195104599,0.7400000095367432,0.7513261437416077
3049,0.9599999785423279,0.12764309346675873,0.7400000095367432,0.7513179779052734
3050,0.9599999785423279,0.12761393189430237,0.7400000095367432,0.7512863874435425
3051,0.9599999785423279,0.12758569419384003,0.7400000095367432,0.751255214214325
3052,0.9599999785423279,0.12757043540477753,0.7400000095367432,0.7513057589530945
3053,0.9599999785423279,0.12754522264003754,0.7400000095367432,0.7513176202774048
3054,0.9599999785423279,0.12753118574619293,0.7400000095367432,0.751329243183136
3055,0.9599999785423279,0.1275027096271515,0.7400000095367432,0.7513086199760437
3056,0.9599999785423279,0.12747281789779663,0.7400000095367432,0.7511394023895264
3057,0.9599999785423279,0.12745019793510437,0.7400000095367432,0.7511125206947327
3058,0.9599999785423279,0.1274317055940628,0.7400000095367432,0.7511672973632812
3059,0.9599999785423279,0.1274370551109314,0.7400000095367432,0.7512452602386475
3060,0.9599999785423279,0.12740689516067505,0.7400000095367432,0.7514022588729858
3061,0.9599999785423279,0.12739571928977966,0.7400000095367432,0.7515022158622742
3062,0.9599999785423279,0.1273708939552307,0.7400000095367432,0.7514801025390625
3063,0.9599999785423279,0.12733788788318634,0.7400000095367432,0.7514597177505493
3064,0.9599999785423279,0.12731796503067017,0.7400000095367432,0.7514438033103943
3065,0.9599999785423279,0.12729665637016296,0.7400000095367432,0.7513101100921631
3066,0.9599999785423279,0.12729114294052124,0.7400000095367432,0.7512413263320923
3067,0.9599999785423279,0.12726299464702606,0.7400000095367432,0.7512950897216797
3068,0.9599999785423279,0.1272355318069458,0.7400000095367432,0.7512980103492737
3069,0.9599999785423279,0.1271994709968567,0.7400000095367432,0.7513363361358643
3070,0.9599999785423279,0.1271839737892151,0.7400000095367432,0.7513545751571655
3071,0.9599999785423279,0.12717638909816742,0.7400000095367432,0.7513343691825867
3072,0.9599999785423279,0.1271483451128006,0.7400000095367432,0.7512972950935364
3073,0.9599999785423279,0.12711377441883087,0.7400000095367432,0.751198410987854
3074,0.9599999785423279,0.1270839124917984,0.7400000095367432,0.7510905265808105
3075,0.9599999785423279,0.12706361711025238,0.7400000095367432,0.7511497735977173
3076,0.9599999785423279,0.12705904245376587,0.7400000095367432,0.7513342499732971
3077,0.9599999785423279,0.12704461812973022,0.7400000095367432,0.7514873743057251
3078,0.9599999785423279,0.12701454758644104,0.7400000095367432,0.7517847418785095
3079,0.9599999785423279,0.12699267268180847,0.7400000095367432,0.7519488334655762
3080,0.9599999785423279,0.1269618272781372,0.7400000095367432,0.7518620491027832
3081,0.9599999785423279,0.12693831324577332,0.7400000095367432,0.7515798807144165
3082,0.9599999785423279,0.12694144248962402,0.7400000095367432,0.7514112591743469
3083,0.9599999785423279,0.12691247463226318,0.7400000095367432,0.7514773607254028
3084,0.9599999785423279,0.12691326439380646,0.7400000095367432,0.7517103552818298
3085,0.9599999785423279,0.12688082456588745,0.7400000095367432,0.7519869208335876
3086,0.9599999785423279,0.12686482071876526,0.7400000095367432,0.752026379108429
3087,0.9599999785423279,0.12684530019760132,0.7400000095367432,0.7519893646240234
3088,0.9599999785423279,0.12681396305561066,0.7400000095367432,0.7520341277122498
3089,0.9599999785423279,0.1267915517091751,0.7400000095367432,0.752173662185669
3090,0.9599999785423279,0.12676644325256348,0.7400000095367432,0.7522631287574768
3091,0.9599999785423279,0.12673017382621765,0.7400000095367432,0.7521670460700989
3092,0.9599999785423279,0.1267188936471939,0.7400000095367432,0.752033531665802
3093,0.9599999785423279,0.12669074535369873,0.7400000095367432,0.7519824504852295
3094,0.9599999785423279,0.12667028605937958,0.7400000095367432,0.7519105672836304
3095,0.9599999785423279,0.12667794525623322,0.7400000095367432,0.7518812417984009
3096,0.9599999785423279,0.1266581267118454,0.7400000095367432,0.7520735859870911
3097,0.9599999785423279,0.12663953006267548,0.7400000095367432,0.7523388862609863
3098,0.9599999785423279,0.12660977244377136,0.7400000095367432,0.752423107624054
3099,0.9599999785423279,0.12659020721912384,0.7400000095367432,0.7522498369216919
3100,0.9599999785423279,0.12657204270362854,0.7400000095367432,0.7520368099212646
3101,0.9599999785423279,0.12654343247413635,0.7400000095367432,0.7518978118896484
3102,0.9599999785423279,0.12652109563350677,0.7400000095367432,0.751926064491272
3103,0.9599999785423279,0.12650880217552185,0.7400000095367432,0.7520430684089661
3104,0.9599999785423279,0.12648330628871918,0.7400000095367432,0.752041757106781
3105,0.9599999785423279,0.1264619529247284,0.7400000095367432,0.7520307898521423
3106,0.9599999785423279,0.1264495849609375,0.7400000095367432,0.7521196603775024
3107,0.9599999785423279,0.12644603848457336,0.7400000095367432,0.7522757649421692
3108,0.9599999785423279,0.12641030550003052,0.7400000095367432,0.75242018699646
3109,0.9599999785423279,0.12638218700885773,0.7400000095367432,0.7523406147956848
3110,0.9599999785423279,0.1263871043920517,0.7400000095367432,0.7522345781326294
3111,0.9599999785423279,0.1263640820980072,0.7400000095367432,0.752298891544342
3112,0.9599999785423279,0.12635743618011475,0.7400000095367432,0.7524294257164001
3113,0.9599999785423279,0.126334547996521,0.7400000095367432,0.7525211572647095
3114,0.9599999785423279,0.1262941211462021,0.7400000095367432,0.7524667382240295
3115,0.9599999785423279,0.12626686692237854,0.7400000095367432,0.7522076368331909
3116,0.9599999785423279,0.12624520063400269,0.7400000095367432,0.7518646717071533
3117,0.9599999785423279,0.126226007938385,0.7400000095367432,0.7515332102775574
3118,0.9599999785423279,0.12620650231838226,0.7400000095367432,0.7513564825057983
3119,0.9599999785423279,0.12620866298675537,0.7400000095367432,0.7514519691467285
3120,0.9599999785423279,0.12618373334407806,0.7400000095367432,0.751747727394104
3121,0.9599999785423279,0.12615175545215607,0.7400000095367432,0.7519689798355103
3122,0.9599999785423279,0.12612931430339813,0.7400000095367432,0.752170205116272
3123,0.9599999785423279,0.12611684203147888,0.7400000095367432,0.7523006200790405
3124,0.9599999785423279,0.12609073519706726,0.7400000095367432,0.7523068189620972
3125,0.9599999785423279,0.12606585025787354,0.7400000095367432,0.7522498369216919
3126,0.9599999785423279,0.1260383278131485,0.7400000095367432,0.7521699666976929
3127,0.9599999785423279,0.1260261982679367,0.7400000095367432,0.7520706057548523
3128,0.9599999785423279,0.125993549823761,0.7400000095367432,0.7519651055335999
3129,0.9599999785423279,0.1259758025407791,0.7400000095367432,0.7519571781158447
3130,0.9599999785423279,0.12594351172447205,0.7400000095367432,0.7519285678863525
3131,0.9599999785423279,0.12593774497509003,0.7400000095367432,0.7518392205238342
3132,0.9599999785423279,0.12592512369155884,0.7400000095367432,0.7520799040794373
3133,0.9599999785423279,0.1259099245071411,0.7400000095367432,0.7523548007011414
3134,0.9599999785423279,0.12588362395763397,0.7400000095367432,0.752287745475769
3135,0.9599999785423279,0.12587164342403412,0.7400000095367432,0.7522885799407959
3136,0.9599999785423279,0.12585753202438354,0.7400000095367432,0.7524252533912659
3137,0.9599999785423279,0.12583789229393005,0.7400000095367432,0.7525462508201599
3138,0.9599999785423279,0.1258094161748886,0.7400000095367432,0.7525242567062378
3139,0.9599999785423279,0.12578348815441132,0.7400000095367432,0.7522792816162109
3140,0.9599999785423279,0.1257561594247818,0.7400000095367432,0.7519809007644653
3141,0.9599999785423279,0.12573224306106567,0.7400000095367432,0.7518356442451477
3142,0.9599999785423279,0.12571226060390472,0.7400000095367432,0.7518839836120605
3143,0.9599999785423279,0.1257190704345703,0.7400000095367432,0.7521340250968933
3144,0.9599999785423279,0.1256931722164154,0.7400000095367432,0.7524816989898682
3145,0.9599999785423279,0.12565864622592926,0.7400000095367432,0.752778172492981
3146,0.9599999785423279,0.12563881278038025,0.7400000095367432,0.7527879476547241
3147,0.9599999785423279,0.1256311684846878,0.7400000095367432,0.7525926232337952
3148,0.9599999785423279,0.1256130188703537,0.7400000095367432,0.7523859143257141
3149,0.9599999785423279,0.12560626864433289,0.7400000095367432,0.7522457838058472
3150,0.9599999785423279,0.12560713291168213,0.7400000095367432,0.7522416710853577
3151,0.9599999785423279,0.12557528913021088,0.7400000095367432,0.752224862575531
3152,0.9599999785423279,0.12553323805332184,0.7400000095367432,0.7520977854728699
3153,0.9599999785423279,0.1254994422197342,0.7400000095367432,0.7518270611763
3154,0.9599999785423279,0.1254950314760208,0.7400000095367432,0.751679003238678
3155,0.9599999785423279,0.1254948228597641,0.7400000095367432,0.7518969178199768
3156,0.9599999785423279,0.12544362246990204,0.7400000095367432,0.7522863745689392
3157,0.9599999785423279,0.12541945278644562,0.7400000095367432,0.7525432705879211
3158,0.9599999785423279,0.1254083663225174,0.7400000095367432,0.7525787353515625
3159,0.9599999785423279,0.1254066824913025,0.7400000095367432,0.7525128722190857
3160,0.9599999785423279,0.12539224326610565,0.7400000095367432,0.7523921728134155
3161,0.9599999785423279,0.12536519765853882,0.7400000095367432,0.7522128224372864
3162,0.9599999785423279,0.12535110116004944,0.7400000095367432,0.7520601749420166
3163,0.9599999785423279,0.125325009226799,0.7400000095367432,0.7519097924232483
3164,0.9599999785423279,0.12529264390468597,0.7400000095367432,0.7517892718315125
3165,0.9599999785423279,0.12527333199977875,0.7400000095367432,0.7517029643058777
3166,0.9599999785423279,0.12525397539138794,0.7400000095367432,0.7516852021217346
3167,0.9599999785423279,0.12523934245109558,0.7400000095367432,0.7517037987709045
3168,0.9599999785423279,0.125218465924263,0.7400000095367432,0.7517259120941162
3169,0.9599999785423279,0.12519197165966034,0.7400000095367432,0.7516836524009705
3170,0.9599999785423279,0.12514883279800415,0.7400000095367432,0.751636803150177
3171,0.9599999785423279,0.1251574009656906,0.7400000095367432,0.7519064545631409
3172,0.9599999785423279,0.12513534724712372,0.7400000095367432,0.7523586750030518
3173,0.9599999785423279,0.12510941922664642,0.7400000095367432,0.7526463866233826
3174,0.9599999785423279,0.1250973343849182,0.7400000095367432,0.7526649236679077
3175,0.9599999785423279,0.12507569789886475,0.7400000095367432,0.7525381445884705
3176,0.9599999785423279,0.12506160140037537,0.7400000095367432,0.7524731159210205
3177,0.9599999785423279,0.12504780292510986,0.7400000095367432,0.7527468204498291
3178,0.9599999785423279,0.12502822279930115,0.7400000095367432,0.7531065344810486
3179,0.9599999785423279,0.12499826401472092,0.7400000095367432,0.7532046437263489
3180,0.9599999785423279,0.12499812990427017,0.7400000095367432,0.753042995929718
3181,0.9599999785423279,0.12499608844518661,0.7400000095367432,0.7528228163719177
3182,0.9599999785423279,0.12495975196361542,0.7400000095367432,0.752739429473877
3183,0.9599999785423279,0.12493310868740082,0.7400000095367432,0.7528103590011597
3184,0.9599999785423279,0.12490127235651016,0.7400000095367432,0.7528195381164551
3185,0.9599999785423279,0.12489244341850281,0.7400000095367432,0.7527127265930176
3186,0.9599999785423279,0.1248684898018837,0.7400000095367432,0.7526019811630249
3187,0.9599999785423279,0.12484108656644821,0.7400000095367432,0.7525784373283386
3188,0.9599999785423279,0.12481988221406937,0.7400000095367432,0.7527057528495789
3189,0.9599999785423279,0.1248062252998352,0.7400000095367432,0.7529805898666382
3190,0.9599999785423279,0.12477843463420868,0.7400000095367432,0.7531623840332031
3191,0.9599999785423279,0.12475939095020294,0.7400000095367432,0.7532340288162231
3192,0.9599999785423279,0.1247377023100853,0.7400000095367432,0.7532095313072205
3193,0.9599999785423279,0.12472410500049591,0.7400000095367432,0.7530866861343384
3194,0.9599999785423279,0.12471481412649155,0.7400000095367432,0.7530906796455383
3195,0.9599999785423279,0.12466702610254288,0.7400000095367432,0.753376841545105
3196,0.9599999785423279,0.1246432289481163,0.7400000095367432,0.753705620765686
3197,0.9599999785423279,0.12463229894638062,0.7400000095367432,0.7538210153579712
3198,0.9599999785423279,0.12462112307548523,0.7400000095367432,0.753796398639679
3199,0.9599999785423279,0.12458114326000214,0.7400000095367432,0.7536618113517761
3200,0.9599999785423279,0.12457261979579926,0.7400000095367432,0.7535102963447571
3201,0.9599999785423279,0.12457213550806046,0.7400000095367432,0.7535955905914307
3202,0.9599999785423279,0.12456969916820526,0.7400000095367432,0.7538716197013855
3203,0.9599999785423279,0.12454386800527573,0.7400000095367432,0.7541046738624573
3204,0.9599999785423279,0.12452460080385208,0.7400000095367432,0.7542381286621094
3205,0.9599999785423279,0.12450123578310013,0.7400000095367432,0.7542046904563904
3206,0.9599999785423279,0.12447521090507507,0.7400000095367432,0.7540580034255981
3207,0.9599999785423279,0.12446378916501999,0.7400000095367432,0.7540261745452881
3208,0.9599999785423279,0.1244385689496994,0.7400000095367432,0.7540798187255859
3209,0.9599999785423279,0.12441632896661758,0.7400000095367432,0.7539494037628174
3210,0.9599999785423279,0.12440488487482071,0.7400000095367432,0.7537639141082764
3211,0.9599999785423279,0.12439441680908203,0.7400000095367432,0.7536976337432861
3212,0.9599999785423279,0.1243617907166481,0.7400000095367432,0.753766655921936
3213,0.9599999785423279,0.12435470521450043,0.7400000095367432,0.7539242506027222
3214,0.9599999785423279,0.12434682995080948,0.7400000095367432,0.7541240453720093
3215,0.9599999785423279,0.12432905286550522,0.7400000095367432,0.7541380524635315
3216,0.9599999785423279,0.12429767847061157,0.7400000095367432,0.7539460062980652
3217,0.9599999785423279,0.1242867112159729,0.7400000095367432,0.7536956667900085
3218,0.9599999785423279,0.12426470965147018,0.7400000095367432,0.7534460425376892
3219,0.9599999785423279,0.12423649430274963,0.7400000095367432,0.7533308267593384
3220,0.9599999785423279,0.12421701103448868,0.7400000095367432,0.7533400654792786
3221,0.9599999785423279,0.12421829253435135,0.7400000095367432,0.753398597240448
3222,0.9599999785423279,0.12418822944164276,0.7400000095367432,0.7534752488136292
3223,0.9599999785423279,0.12416618317365646,0.7400000095367432,0.753573477268219
3224,0.9599999785423279,0.12414045631885529,0.7400000095367432,0.7537290453910828
3225,0.9599999785423279,0.12411036342382431,0.7400000095367432,0.7539103627204895
3226,0.9599999785423279,0.12408576905727386,0.7400000095367432,0.7538866996765137
3227,0.9599999785423279,0.1240677610039711,0.7400000095367432,0.7536909580230713
3228,0.9599999785423279,0.12408699095249176,0.7400000095367432,0.7536247968673706
3229,0.9599999785423279,0.12405790388584137,0.7400000095367432,0.753791868686676
3230,0.9599999785423279,0.12402401119470596,0.7400000095367432,0.754037082195282
3231,0.9599999785423279,0.12399797141551971,0.7400000095367432,0.7543095946311951
3232,0.9599999785423279,0.12396802753210068,0.7400000095367432,0.7546037435531616
3233,0.9599999785423279,0.12395813316106796,0.7400000095367432,0.7547324895858765
3234,0.9599999785423279,0.1239396408200264,0.7400000095367432,0.754616916179657
3235,0.9599999785423279,0.12391683459281921,0.7400000095367432,0.7544052600860596
3236,0.9599999785423279,0.12389595806598663,0.7400000095367432,0.7542252540588379
3237,0.9599999785423279,0.12387755513191223,0.7400000095367432,0.7541511654853821
3238,0.9599999785423279,0.12387826293706894,0.7400000095367432,0.7542712688446045
3239,0.9599999785423279,0.12386193871498108,0.7400000095367432,0.7544763088226318
3240,0.9599999785423279,0.1238427385687828,0.7400000095367432,0.7545608282089233
3241,0.9599999785423279,0.12380671501159668,0.7400000095367432,0.7545678615570068
3242,0.9599999785423279,0.12377819418907166,0.7400000095367432,0.7545654773712158
3243,0.9599999785423279,0.12375903874635696,0.7400000095367432,0.7546054124832153
3244,0.9599999785423279,0.12375303357839584,0.7400000095367432,0.7548958659172058
3245,0.9599999785423279,0.12374315410852432,0.7400000095367432,0.7552996873855591
3246,0.9599999785423279,0.12371601164340973,0.7400000095367432,0.755490243434906
3247,0.9599999785423279,0.1237010657787323,0.7400000095367432,0.7553308010101318
3248,0.9599999785423279,0.12368383258581161,0.7400000095367432,0.7550471425056458
3249,0.9599999785423279,0.12367892265319824,0.7400000095367432,0.7551373243331909
3250,0.9599999785423279,0.12365314364433289,0.7400000095367432,0.755470871925354
3251,0.9599999785423279,0.1236262246966362,0.7400000095367432,0.7557113170623779
3252,0.9599999785423279,0.12359766662120819,0.7400000095367432,0.7557163834571838
3253,0.9599999785423279,0.12353618443012238,0.7400000095367432,0.755527675151825
3254,0.9599999785423279,0.1234917864203453,0.7400000095367432,0.755460262298584
3255,0.9599999785423279,0.12347207218408585,0.7400000095367432,0.7557405233383179
3256,0.9599999785423279,0.12341628968715668,0.7400000095367432,0.756320595741272
3257,0.9599999785423279,0.12337829917669296,0.7400000095367432,0.7567989826202393
3258,0.9599999785423279,0.12336339801549911,0.7400000095367432,0.7570117115974426
3259,0.9599999785423279,0.1233372688293457,0.7400000095367432,0.7570168972015381
3260,0.9599999785423279,0.12331661581993103,0.7400000095367432,0.7567976117134094
3261,0.9599999785423279,0.12331712990999222,0.7400000095367432,0.756655752658844
3262,0.9599999785423279,0.1232905313372612,0.7400000095367432,0.7566181421279907
3263,0.9599999785423279,0.12326349318027496,0.7400000095367432,0.7566797137260437
3264,0.9599999785423279,0.12322009354829788,0.7400000095367432,0.7567769885063171
3265,0.9599999785423279,0.1231771782040596,0.7400000095367432,0.7566573619842529
3266,0.9599999785423279,0.12313353270292282,0.7400000095367432,0.7566545009613037
3267,0.9599999785423279,0.12312988936901093,0.7400000095367432,0.7568126916885376
3268,0.9599999785423279,0.12310761213302612,0.7400000095367432,0.7569261789321899
3269,0.9599999785423279,0.12308976799249649,0.7400000095367432,0.7569106817245483
3270,0.9599999785423279,0.12305835634469986,0.7400000095367432,0.7568464875221252
3271,0.9599999785423279,0.12304475903511047,0.7400000095367432,0.7566587328910828
3272,0.9599999785423279,0.12304160743951797,0.7400000095367432,0.7564451694488525
3273,0.9599999785423279,0.12302171438932419,0.7400000095367432,0.7565411329269409
3274,0.9599999785423279,0.12298130989074707,0.7400000095367432,0.7567675113677979
3275,0.9599999785423279,0.12298408150672913,0.7400000095367432,0.7568324208259583
3276,0.9599999785423279,0.1229812428355217,0.7400000095367432,0.7569428086280823
3277,0.9599999785423279,0.12293963134288788,0.7400000095367432,0.7570891380310059
3278,0.9599999785423279,0.12291654944419861,0.7400000095367432,0.756995439529419
3279,0.9599999785423279,0.12292724847793579,0.7400000095367432,0.7569028735160828
3280,0.9599999785423279,0.12291570752859116,0.7400000095367432,0.7570499181747437
3281,0.9599999785423279,0.12289567291736603,0.7400000095367432,0.757327675819397
3282,0.9599999785423279,0.12285687774419785,0.7400000095367432,0.7575162649154663
3283,0.9599999785423279,0.12282264977693558,0.7400000095367432,0.7577343583106995
3284,0.9599999785423279,0.1228075921535492,0.7400000095367432,0.7579889893531799
3285,0.9599999785423279,0.12279371172189713,0.7400000095367432,0.7582239508628845
3286,0.9599999785423279,0.1227712407708168,0.7400000095367432,0.758227527141571
3287,0.9599999785423279,0.12275167554616928,0.7400000095367432,0.7581146359443665
3288,0.9599999785423279,0.12272411584854126,0.7400000095367432,0.7580694556236267
3289,0.9599999785423279,0.12270231544971466,0.7400000095367432,0.7580186724662781
3290,0.9599999785423279,0.12268280237913132,0.7400000095367432,0.75799959897995
3291,0.9599999785423279,0.12266527116298676,0.7400000095367432,0.7580757141113281
3292,0.9599999785423279,0.12264461815357208,0.7400000095367432,0.7580710053443909
3293,0.9599999785423279,0.12262675911188126,0.7400000095367432,0.7579599618911743
3294,0.9599999785423279,0.12261509150266647,0.7400000095367432,0.7579211592674255
3295,0.9599999785423279,0.12258288264274597,0.7400000095367432,0.7579264044761658
3296,0.9599999785423279,0.12256266921758652,0.7400000095367432,0.758085310459137
3297,0.9599999785423279,0.12256128340959549,0.7400000095367432,0.7582061886787415
3298,0.9599999785423279,0.1225464791059494,0.7400000095367432,0.7582024335861206
3299,0.9599999785423279,0.12252914160490036,0.7400000095367432,0.7580462694168091
3300,0.9599999785423279,0.12251245230436325,0.7400000095367432,0.7577610015869141
3301,0.9599999785423279,0.12250000983476639,0.7400000095367432,0.757494330406189
3302,0.9599999785423279,0.1224687322974205,0.7400000095367432,0.7573890686035156
3303,0.9599999785423279,0.1224798932671547,0.7400000095367432,0.7575587630271912
3304,0.9599999785423279,0.12245597690343857,0.7400000095367432,0.7578223943710327
3305,0.9599999785423279,0.122418612241745,0.7400000095367432,0.7580068111419678
3306,0.9599999785423279,0.12238670140504837,0.7400000095367432,0.7580677270889282
3307,0.9599999785423279,0.12236994504928589,0.7400000095367432,0.7578874230384827
3308,0.9599999785423279,0.12235914170742035,0.7400000095367432,0.7577459812164307
3309,0.9599999785423279,0.12233839184045792,0.7400000095367432,0.7577645778656006
3310,0.9599999785423279,0.12232912331819534,0.7400000095367432,0.7579319477081299
3311,0.9599999785423279,0.12231171876192093,0.7400000095367432,0.7581804394721985
3312,0.9599999785423279,0.12227044999599457,0.7400000095367432,0.758185625076294
3313,0.9599999785423279,0.12224331498146057,0.7400000095367432,0.7581037878990173
3314,0.9599999785423279,0.12222914397716522,0.7400000095367432,0.7581562995910645
3315,0.9599999785423279,0.12221670150756836,0.7400000095367432,0.7584525942802429
3316,0.9599999785423279,0.12216708809137344,0.7400000095367432,0.7587563395500183
3317,0.9599999785423279,0.12212156504392624,0.7400000095367432,0.7588443160057068
3318,0.9599999785423279,0.12209562957286835,0.7400000095367432,0.7588953375816345
3319,0.9599999785423279,0.12206669896841049,0.7400000095367432,0.7589223980903625
3320,0.9599999785423279,0.12205751240253448,0.7400000095367432,0.7590108513832092
3321,0.9599999785423279,0.12201159447431564,0.7400000095367432,0.759143054485321
3322,0.9599999785423279,0.12197950482368469,0.7400000095367432,0.7591227889060974
3323,0.9599999785423279,0.12198533117771149,0.7400000095367432,0.7591266632080078
3324,0.9599999785423279,0.12195048481225967,0.7400000095367432,0.7592024803161621
3325,0.9599999785423279,0.12193742394447327,0.7400000095367432,0.759173572063446
3326,0.9599999785423279,0.12191370129585266,0.7400000095367432,0.7591654062271118
3327,0.9599999785423279,0.12190014868974686,0.7400000095367432,0.7594475746154785
3328,0.9599999785423279,0.12189432233572006,0.7400000095367432,0.7598380446434021
3329,0.9599999785423279,0.12188096344470978,0.7400000095367432,0.759929358959198
3330,0.9599999785423279,0.12185212224721909,0.7400000095367432,0.7597538828849792
3331,0.9599999785423279,0.12185035645961761,0.7400000095367432,0.7595378160476685
3332,0.9599999785423279,0.12185371667146683,0.7400000095367432,0.7596213817596436
3333,0.9599999785423279,0.12182260304689407,0.7400000095367432,0.760067880153656
3334,0.9599999785423279,0.12180754542350769,0.7400000095367432,0.7603397369384766
3335,0.9599999785423279,0.12179458886384964,0.7400000095367432,0.7602916955947876
3336,0.9599999785423279,0.12176530063152313,0.7400000095367432,0.7602087259292603
3337,0.9599999785423279,0.121737040579319,0.7400000095367432,0.7600958347320557
3338,0.9599999785423279,0.12172435969114304,0.7400000095367432,0.7600659728050232
3339,0.9599999785423279,0.12169220298528671,0.7400000095367432,0.7600574493408203
3340,0.9599999785423279,0.12170836329460144,0.7400000095367432,0.7600915431976318
3341,0.9599999785423279,0.12169136852025986,0.7400000095367432,0.7602995038032532
3342,0.9599999785423279,0.12164026498794556,0.7400000095367432,0.7604150176048279
3343,0.9599999785423279,0.12162408232688904,0.7400000095367432,0.7603673338890076
3344,0.9599999785423279,0.12161356210708618,0.7400000095367432,0.7604019045829773
3345,0.9599999785423279,0.12159541994333267,0.7400000095367432,0.7605781555175781
3346,0.9599999785423279,0.1215730682015419,0.7400000095367432,0.760678231716156
3347,0.9599999785423279,0.12155386805534363,0.7400000095367432,0.7606701850891113
3348,0.9599999785423279,0.12152595818042755,0.7400000095367432,0.7604855298995972
3349,0.9599999785423279,0.12150955945253372,0.7400000095367432,0.760162889957428
3350,0.9599999785423279,0.12154125422239304,0.7400000095367432,0.7601516246795654
3351,0.9599999785423279,0.12149910628795624,0.7400000095367432,0.7605563998222351
3352,0.9599999785423279,0.12146180868148804,0.7400000095367432,0.7608243823051453
3353,0.9599999785423279,0.12144926935434341,0.7400000095367432,0.7607957720756531
3354,0.9599999785423279,0.12141919136047363,0.7400000095367432,0.760556161403656
3355,0.9599999785423279,0.12140366435050964,0.7400000095367432,0.7603094577789307
3356,0.9599999785423279,0.12139973789453506,0.7400000095367432,0.7602061629295349
3357,0.9599999785423279,0.12138336151838303,0.7400000095367432,0.7602067589759827
3358,0.9599999785423279,0.12136602401733398,0.7400000095367432,0.7600906491279602
3359,0.9599999785423279,0.12135690450668335,0.7400000095367432,0.760017454624176
3360,0.9599999785423279,0.12134027481079102,0.7400000095367432,0.7602741718292236
3361,0.9599999785423279,0.12129883468151093,0.7400000095367432,0.760771632194519
3362,0.9599999785423279,0.12127626687288284,0.7400000095367432,0.7611256241798401
3363,0.9599999785423279,0.12126926332712173,0.7400000095367432,0.7612181901931763
3364,0.9599999785423279,0.12124112248420715,0.7400000095367432,0.7611944675445557
3365,0.9599999785423279,0.12122457474470139,0.7400000095367432,0.7611057162284851
3366,0.9599999785423279,0.12121403962373734,0.7400000095367432,0.7610176801681519
3367,0.9599999785423279,0.12119995057582855,0.7400000095367432,0.7610113620758057
3368,0.9599999785423279,0.1211838349699974,0.7400000095367432,0.761084794998169
3369,0.9599999785423279,0.12115281820297241,0.7400000095367432,0.7611340284347534
3370,0.9599999785423279,0.12113481760025024,0.7400000095367432,0.7611206769943237
3371,0.9599999785423279,0.1211167722940445,0.7400000095367432,0.7611210346221924
3372,0.9599999785423279,0.12109477818012238,0.7400000095367432,0.7610124349594116
3373,0.9599999785423279,0.12107988446950912,0.7400000095367432,0.7609405517578125
3374,0.9599999785423279,0.12104509025812149,0.7400000095367432,0.7608678936958313
3375,0.9599999785423279,0.12103451043367386,0.7400000095367432,0.760854184627533
3376,0.9599999785423279,0.12102995812892914,0.7400000095367432,0.7610219717025757
3377,0.9599999785423279,0.12101227790117264,0.7400000095367432,0.7612643241882324
3378,0.9599999785423279,0.12098907679319382,0.7400000095367432,0.7614373564720154
3379,0.9599999785423279,0.12095236778259277,0.7400000095367432,0.761416494846344
3380,0.9599999785423279,0.12094511091709137,0.7400000095367432,0.7615020871162415
3381,0.9599999785423279,0.12089859694242477,0.7400000095367432,0.761629581451416
3382,0.9599999785423279,0.12086116522550583,0.7400000095367432,0.761738657951355
3383,0.9599999785423279,0.12082137167453766,0.7400000095367432,0.7619516253471375
3384,0.9599999785423279,0.1207977831363678,0.7400000095367432,0.762214183807373
3385,0.9599999785423279,0.12078472226858139,0.7400000095367432,0.7624127864837646
3386,0.9599999785423279,0.12073137611150742,0.7400000095367432,0.7625004649162292
3387,0.9599999785423279,0.12072345614433289,0.7400000095367432,0.7625570893287659
3388,0.9599999785423279,0.1207270622253418,0.7400000095367432,0.7627103328704834
3389,0.9599999785423279,0.12070989608764648,0.7400000095367432,0.7628031373023987
3390,0.9599999785423279,0.12067952007055283,0.7400000095367432,0.7628321051597595
3391,0.9599999785423279,0.12064667046070099,0.7400000095367432,0.7628190517425537
3392,0.9599999785423279,0.12060137093067169,0.7400000095367432,0.7629574537277222
3393,0.9599999785423279,0.120567686855793,0.7400000095367432,0.7631819248199463
3394,0.9599999785423279,0.12052804231643677,0.7400000095367432,0.7633285522460938
3395,0.9599999785423279,0.12049270421266556,0.7400000095367432,0.7633508443832397
3396,0.9599999785423279,0.12045669555664062,0.7400000095367432,0.7632805705070496
3397,0.9599999785423279,0.12039633095264435,0.7400000095367432,0.7632896304130554
3398,0.9599999785423279,0.12034890055656433,0.7400000095367432,0.7635698914527893
3399,0.9599999785423279,0.12028583884239197,0.7400000095367432,0.763948917388916
3400,0.9599999785423279,0.12024912238121033,0.7400000095367432,0.7642253637313843
3401,0.9599999785423279,0.12021889537572861,0.7400000095367432,0.7643035054206848
3402,0.9599999785423279,0.1201867088675499,0.7400000095367432,0.7643371820449829
3403,0.9599999785423279,0.1201905757188797,0.7400000095367432,0.7644042372703552
3404,0.9599999785423279,0.12016955018043518,0.7400000095367432,0.7643752098083496
3405,0.9599999785423279,0.12015912681818008,0.7400000095367432,0.7643021941184998
3406,0.9599999785423279,0.12017379701137543,0.7400000095367432,0.764182448387146
3407,0.9599999785423279,0.12016067653894424,0.7400000095367432,0.7639725208282471
3408,0.9599999785423279,0.12012800574302673,0.7400000095367432,0.7637826800346375
3409,0.9599999785423279,0.12012507766485214,0.7400000095367432,0.7636896371841431
3410,0.9599999785423279,0.12008526176214218,0.7400000095367432,0.7636240124702454
3411,0.9599999785423279,0.12007573992013931,0.7400000095367432,0.7637057304382324
3412,0.9599999785423279,0.12005823850631714,0.7400000095367432,0.7640236616134644
3413,0.9599999785423279,0.12002089619636536,0.7400000095367432,0.7644195556640625
3414,0.9599999785423279,0.12000074237585068,0.7400000095367432,0.7647498846054077
3415,0.9599999785423279,0.11999459564685822,0.7400000095367432,0.7648681402206421
3416,0.9599999785423279,0.1199459657073021,0.7400000095367432,0.7649989128112793
3417,0.9599999785423279,0.11990009993314743,0.7400000095367432,0.7651000022888184
3418,0.9599999785423279,0.11984427273273468,0.7400000095367432,0.7651312947273254
3419,0.9599999785423279,0.11977193504571915,0.7400000095367432,0.7651658654212952
3420,0.9599999785423279,0.11972280591726303,0.7400000095367432,0.7651275396347046
3421,0.9599999785423279,0.11971307545900345,0.7400000095367432,0.7652358412742615
3422,0.9599999785423279,0.11968663334846497,0.7400000095367432,0.7655526995658875
3423,0.9599999785423279,0.11966786533594131,0.7400000095367432,0.7658042311668396
3424,0.9599999785423279,0.11964410543441772,0.7400000095367432,0.7658970355987549
3425,0.9599999785423279,0.11963155120611191,0.7400000095367432,0.7658988237380981
3426,0.9599999785423279,0.11962470412254333,0.7400000095367432,0.7660009264945984
3427,0.9599999785423279,0.11960664391517639,0.7400000095367432,0.766340434551239
3428,0.9599999785423279,0.1196175292134285,0.7400000095367432,0.7667353749275208
3429,0.9599999785423279,0.11959479004144669,0.7400000095367432,0.7668552398681641
3430,0.9599999785423279,0.11956880241632462,0.7400000095367432,0.7666709423065186
3431,0.9599999785423279,0.11955740302801132,0.7400000095367432,0.7664000988006592
3432,0.9599999785423279,0.11954280734062195,0.7400000095367432,0.766225278377533
3433,0.9599999785423279,0.11955129355192184,0.7400000095367432,0.7662920355796814
3434,0.9599999785423279,0.11953514069318771,0.7400000095367432,0.766512393951416
3435,0.9599999785423279,0.11949821561574936,0.7400000095367432,0.7665809392929077
3436,0.9599999785423279,0.1194935142993927,0.7400000095367432,0.7665963768959045
3437,0.9599999785423279,0.1194642186164856,0.7400000095367432,0.7665159702301025
3438,0.9599999785423279,0.11942993849515915,0.7400000095367432,0.7664141654968262
3439,0.9599999785423279,0.11940418183803558,0.7400000095367432,0.7663406133651733
3440,0.9599999785423279,0.11943363398313522,0.7400000095367432,0.7663699388504028
3441,0.9599999785423279,0.11940924823284149,0.7400000095367432,0.7665084004402161
3442,0.9599999785423279,0.11939426511526108,0.7400000095367432,0.766502320766449
3443,0.9599999785423279,0.11936452984809875,0.7400000095367432,0.7663053870201111
3444,0.9599999785423279,0.11936569958925247,0.7400000095367432,0.7664057016372681
3445,0.9599999785423279,0.11935131251811981,0.7400000095367432,0.766732394695282
3446,0.9599999785423279,0.11932581663131714,0.7400000095367432,0.7669650316238403
3447,0.9599999785423279,0.1192743331193924,0.7400000095367432,0.7670282125473022
3448,0.9599999785423279,0.11924345791339874,0.7400000095367432,0.766823947429657
3449,0.9599999785423279,0.11920243501663208,0.7400000095367432,0.7665606737136841
3450,0.9599999785423279,0.11918330937623978,0.7400000095367432,0.7666612863540649
3451,0.9599999785423279,0.11916553229093552,0.7400000095367432,0.7669974565505981
3452,0.9599999785423279,0.11914259940385818,0.7400000095367432,0.7674099206924438
3453,0.9599999785423279,0.11910126358270645,0.7400000095367432,0.7677546739578247
3454,0.9599999785423279,0.11908567696809769,0.7400000095367432,0.7677590250968933
3455,0.9599999785423279,0.11905370652675629,0.7400000095367432,0.7675797343254089
3456,0.9599999785423279,0.11902489513158798,0.7400000095367432,0.7674198150634766
3457,0.9599999785423279,0.11898843944072723,0.7400000095367432,0.7671993374824524
3458,0.9599999785423279,0.1189548596739769,0.7400000095367432,0.7670494914054871
3459,0.9599999785423279,0.11894303560256958,0.7400000095367432,0.7671547532081604
3460,0.9599999785423279,0.11891515552997589,0.7400000095367432,0.7673367857933044
3461,0.9599999785423279,0.1188717931509018,0.7400000095367432,0.7674734592437744
3462,0.9599999785423279,0.11884734034538269,0.7400000095367432,0.7675738334655762
3463,0.9599999785423279,0.11881895363330841,0.7400000095367432,0.767558753490448
3464,0.9599999785423279,0.11881444603204727,0.7400000095367432,0.7674073576927185
3465,0.9599999785423279,0.11880278587341309,0.7400000095367432,0.7672461867332458
3466,0.9599999785423279,0.11880779266357422,0.7400000095367432,0.7672374844551086
3467,0.9599999785423279,0.11879756301641464,0.7400000095367432,0.7674190402030945
3468,0.9599999785423279,0.11877001821994781,0.7400000095367432,0.7675272226333618
3469,0.9599999785423279,0.11875571310520172,0.7400000095367432,0.7675392031669617
3470,0.9599999785423279,0.11873991042375565,0.7400000095367432,0.7674288153648376
3471,0.9599999785423279,0.11875485628843307,0.7400000095367432,0.7674305438995361
3472,0.9599999785423279,0.11872372776269913,0.7400000095367432,0.7675966620445251
3473,0.9599999785423279,0.11868537962436676,0.7400000095367432,0.7678678631782532
3474,0.9599999785423279,0.11866647750139236,0.7400000095367432,0.7681238651275635
3475,0.9599999785423279,0.1186613067984581,0.7400000095367432,0.7681486010551453
3476,0.9599999785423279,0.1186547726392746,0.7400000095367432,0.7681037783622742
3477,0.9599999785423279,0.11864461749792099,0.7400000095367432,0.7680661678314209
3478,0.9599999785423279,0.11861757189035416,0.7400000095367432,0.7680124044418335
3479,0.9599999785423279,0.1186031848192215,0.7400000095367432,0.7679489254951477
3480,0.9599999785423279,0.11858373880386353,0.7400000095367432,0.7678090929985046
3481,0.9599999785423279,0.11857438832521439,0.7400000095367432,0.7675977349281311
3482,0.9599999785423279,0.1185702234506607,0.7400000095367432,0.7675511240959167
3483,0.9599999785423279,0.11854790896177292,0.7400000095367432,0.7676461935043335
3484,0.9599999785423279,0.11852087825536728,0.7400000095367432,0.7679364085197449
3485,0.9599999785423279,0.1184925064444542,0.7400000095367432,0.7681897878646851
3486,0.9599999785423279,0.11847398430109024,0.7400000095367432,0.7682716846466064
3487,0.9599999785423279,0.11845789849758148,0.7400000095367432,0.7682989239692688
3488,0.9599999785423279,0.11844777315855026,0.7400000095367432,0.7682549357414246
3489,0.9599999785423279,0.11842714995145798,0.7400000095367432,0.7681993842124939
3490,0.9599999785423279,0.11840921640396118,0.7400000095367432,0.7682099342346191
3491,0.9599999785423279,0.11839950829744339,0.7400000095367432,0.768503725528717
3492,0.9599999785423279,0.11836689710617065,0.7400000095367432,0.7687888145446777
3493,0.9599999785423279,0.11836004257202148,0.7400000095367432,0.7689863443374634
3494,0.9599999785423279,0.11831096559762955,0.7400000095367432,0.7691201567649841
3495,0.9599999785423279,0.11826106905937195,0.7400000095367432,0.7691755890846252
3496,0.9599999785423279,0.11820827424526215,0.7400000095367432,0.7693637609481812
3497,0.9599999785423279,0.11815964430570602,0.7400000095367432,0.7695999145507812
3498,0.9599999785423279,0.11812803149223328,0.7400000095367432,0.7696353197097778
3499,0.9599999785423279,0.11810030043125153,0.7400000095367432,0.7694440484046936
3500,0.9599999785423279,0.11808082461357117,0.7400000095367432,0.7693568468093872
