freq,eff_lr,w_sgd,w_adagrad
0.0,316.22778,0.012495,0.012495
1.0,0.06607,0.024313,0.011378
0.9928,0.066276,0.057764,0.043055
0.0,316.22778,0.017805,0.017805
0.9922,0.066289,0.018478,0.036241
0.9656,0.068476,0.075572,0.059272
0.9666,0.067992,0.041536,0.046276
0.9492,0.068238,0.049654,0.033557
0.9367,0.069149,0.023153,0.02376
0.8984,0.073078,0.147617,0.094304
0.5852,0.105349,0.165332,0.192545
0.8815,0.076563,0.044169,0.071348
0.8521,0.078057,0.15844,0.132853
0.7746,0.081404,0.080821,0.103163
0.9071,0.070942,0.180927,0.066488
0.7989,0.081988,0.091768,0.064966
0.6467,0.096743,0.177728,0.1891
0.6397,0.09714,0.049863,0.046916
0.713,0.084183,0.030437,0.070217
0.6913,0.084788,0.01736,0.036251
0.6025,0.099712,0.109559,0.068822
0.7167,0.084424,0.094021,0.071475
0.5541,0.101327,0.039228,0.008668
0.6227,0.097085,0.02995,0.015577
0.5931,0.100961,0.177899,0.263226
0.5202,0.111938,0.199073,0.21744
0.5501,0.105242,0.008763,0.018287
0.4321,0.123957,0.045936,0.070931
0.5669,0.103034,0.060625,0.084647
0.4013,0.131711,0.020091,0.047846
0.5644,0.102872,0.116537,0.185027
0.5618,0.10963,0.003793,0.025763
0.5259,0.107993,0.008159,0.030126
0.5215,0.103249,0.065978,0.070024
0.4725,0.11282,0.009893,0.020587
0.4866,0.113685,0.085067,0.135547
0.4117,0.131596,0.059484,0.073543
0.4397,0.124859,0.051446,0.130032
0.4643,0.113362,0.094756,0.048343
0.4708,0.117152,0.007527,0.044684
0.4696,0.126259,0.006067,0.006662
0.2616,0.173788,0.051167,0.088657
0.4107,0.134774,0.147745,0.162501
0.418,0.126134,0.236181,0.205387
0.423,0.130936,0.032888,0.041324
0.3699,0.136777,0.143393,0.137113
0.4202,0.12112,0.01937,0.038858
0.4017,0.118417,0.075216,0.056373
0.4276,0.123474,0.062755,0.03958
0.3786,0.129562,0.009731,0.052129
0.39,0.129923,0.026699,0.050041
0.3856,0.143824,0.010095,0.015522
0.3875,0.126416,0.174754,0.233164
0.3632,0.139672,0.202424,0.275981
0.3622,0.137458,0.123539,0.093304
0.3467,0.152909,0.273044,0.272843
0.3446,0.145726,0.037512,0.012777
0.3359,0.153667,0.330369,0.251403
0.3479,0.147866,0.124544,0.099409
0.2073,0.196592,0.102596,0.188478
0.3358,0.162466,0.285787,0.193109
0.325,0.151735,0.158057,0.144621
0.3188,0.160826,0.137857,0.174844
0.3019,0.150815,0.166334,0.205857
0.3296,0.148442,0.239174,0.224287
0.3016,0.151349,0.095293,0.050622
0.3103,0.145269,0.076532,0.056505
0.3217,0.142266,0.213958,0.277382
0.2739,0.17107,0.016539,0.035099
0.2984,0.171806,0.063655,0.072558
0.3099,0.147896,0.084794,0.132157
0.2672,0.185598,0.145238,0.188583
0.2969,0.151766,0.057258,0.032238
0.2982,0.155239,0.308705,0.337628
0.2834,0.151165,0.045268,0.01891
0.2193,0.185768,0.022199,0.034734
0.2807,0.166344,0.166478,0.244926
0.2663,0.183085,0.122614,0.172924
0.2281,0.191779,0.745981,0.748875
0.2747,0.165669,0.013512,0.029338
0.2557,0.187065,0.24337,0.213265
0.2614,0.173958,0.078392,0.009625
0.2599,0.170215,0.180447,0.126597
0.2595,0.168901,0.010759,0.023049
0.2449,0.173829,0.057544,0.125271
0.2627,0.165362,0.046263,0.077286
0.26,0.165347,0.131312,0.156972
0.2515,0.162197,0.661515,0.630027
0.25,0.171353,0.058058,0.006795
0.2541,0.19544,0.065256,0.084172
0.2035,0.196055,0.128515,0.222208
0.2615,0.179289,0.132895,0.209745
0.2499,0.177868,0.214253,0.263378
0.2577,0.17955,0.029988,0.132054
0.2073,0.205343,0.047064,0.006716
0.2267,0.197451,0.153095,0.117258
0.2427,0.169609,0.062813,0.06873
0.2519,0.168245,0.214126,0.219349
0.2219,0.196989,0.080068,0.111195
0.2267,0.182219,0.074711,0.143343
0.2284,0.186274,0.166814,0.241209
0.2248,0.207155,0.267722,0.291276
0.2178,0.20364,0.061303,0.027744
0.2276,0.186543,0.007299,0.045279
0.2212,0.177212,0.094997,0.125704
0.1983,0.191814,0.050865,0.14355
0.2169,0.191371,0.156526,0.238283
0.1999,0.200041,0.063434,0.152544
0.1816,0.216479,0.140731,0.160241
0.1847,0.212268,0.048846,0.098421
0.2138,0.221415,0.189292,0.270915
0.1995,0.211627,0.020726,0.059747
0.2021,0.211853,0.073378,0.109783
0.1889,0.239421,0.196907,0.164973
0.1985,0.221241,0.265014,0.216904
0.1927,0.209351,0.091382,0.148908
0.2125,0.226932,0.112521,0.09845
0.1984,0.196437,0.1144,0.030123
0.1942,0.214449,0.482328,0.60731
0.1761,0.218335,0.469558,0.529695
0.1908,0.21269,0.123339,0.102502
0.1966,0.223747,0.005209,0.023958
0.1864,0.190217,0.010486,0.020217
0.1341,0.245699,0.025169,0.059972
0.1885,0.219666,0.137683,0.138024
0.1869,0.230555,0.163398,0.120394
0.1956,0.246318,0.164219,0.276127
0.1794,0.199532,0.009911,0.025573
0.1852,0.206536,0.14091,0.135316
0.1701,0.250544,0.118615,0.158992
0.18,0.236331,0.105737,0.217174
0.1838,0.230966,0.325299,0.367852
0.1512,0.260172,0.027102,0.088425
0.1649,0.233766,0.015574,0.077682
0.1669,0.240281,0.067175,0.150259
0.1724,0.22106,0.051584,0.015753
0.1508,0.246107,0.014667,0.06079
0.1624,0.249028,0.112374,0.135515
0.1565,0.23017,0.265269,0.211673
0.1579,0.27203,0.086816,0.070686
0.1702,0.250938,0.040113,0.182133
0.1596,0.244789,0.055271,0.082637
0.1577,0.236153,0.113944,0.090013
0.1626,0.234994,0.057463,0.027034
0.1627,0.231482,0.010204,0.124721
0.1594,0.238457,0.085765,0.175707
0.143,0.232605,0.098367,0.228738
0.1515,0.251032,0.10097,0.136994
0.1455,0.246487,0.131467,0.148552
0.1517,0.248749,0.091035,0.043904
0.1513,0.234781,0.105266,0.099848
0.1431,0.243198,0.066147,0.076782
0.1445,0.244463,0.107953,0.186845
0.1487,0.256103,0.275256,0.238725
0.1382,0.248662,0.159167,0.114766
0.1522,0.257869,0.061796,0.017012
0.1424,0.276191,0.061346,0.096652
0.1412,0.226462,0.015532,0.080721
0.134,0.250028,0.058602,0.106358
0.1424,0.261154,0.014228,0.03503
0.1443,0.283163,0.071603,0.137588
0.1371,0.233539,0.058342,0.020755
0.1284,0.283727,0.12423,0.169971
0.1259,0.263257,0.051146,0.101339
0.1418,0.246011,0.5652,0.749418
0.1418,0.285159,0.00556,0.159267
0.1458,0.293011,0.311296,0.344003
0.1345,0.285476,0.184685,0.165322
0.1377,0.296486,0.085354,0.1373
0.1328,0.264149,0.074535,0.029045
0.1341,0.28419,0.101053,0.08479
0.1407,0.238417,0.082357,0.094867
0.1332,0.260626,0.05393,0.082616
0.1294,0.241094,0.048107,0.041795
0.1302,0.246179,0.090576,0.117777
0.1363,0.266329,0.040699,0.077237
0.1292,0.26061,0.132196,0.292388
0.1273,0.249486,0.051914,0.124042
0.1091,0.32054,0.142271,0.073487
0.123,0.270943,0.082293,0.118589
0.1252,0.27679,0.11149,0.155748
0.1208,0.260773,0.008436,0.049938
0.113,0.270167,0.298531,0.436348
0.1164,0.290969,0.147748,0.171019
0.1146,0.261769,0.059471,0.025828
0.1067,0.320674,0.07703,0.075495
0.1185,0.290471,0.273633,0.345316
0.1179,0.293753,0.032806,0.120017
0.116,0.273753,0.011872,0.016364
0.0864,0.344364,0.150209,0.113907
0.1117,0.255308,0.045578,0.033905
0.118,0.27747,0.17501,0.264729
0.1182,0.315834,0.020893,0.02668
0.1238,0.286019,0.09729,0.225786
0.1106,0.281382,0.012653,0.089406
0.1103,0.302193,0.110387,0.109213
0.1129,0.324408,0.01861,0.076965
0.1199,0.28561,0.183322,0.219781
0.1137,0.274044,0.010836,0.135248
0.1095,0.311176,0.292414,0.320995
0.1083,0.318507,0.081739,0.037302
0.079,0.357565,0.183706,0.24463
0.1184,0.255099,0.030785,0.070397
0.1049,0.304847,0.263505,0.364886
0.0945,0.33696,0.165235,0.219022
0.1132,0.337686,0.263,0.276314
0.0942,0.342762,0.206291,0.369224
0.1084,0.289854,0.015172,0.040126
0.1143,0.285527,0.096457,0.20633
0.1123,0.287826,0.107983,0.102752
0.1105,0.330113,0.30839,0.391777
0.1114,0.25979,0.219981,0.34651
0.0932,0.314789,0.045482,0.110037
0.1005,0.312081,0.076341,0.06705
0.1063,0.303052,0.01182,0.016415
0.111,0.286242,0.057158,0.048131
0.1142,0.29757,0.015684,0.038333
0.0953,0.33919,0.010027,0.132354
0.1063,0.323395,0.103544,0.135682
0.1071,0.276626,0.189454,0.257934
0.1092,0.305882,0.026624,0.071011
0.1041,0.297471,0.172842,0.356925
0.1053,0.287429,0.320519,0.532251
0.0868,0.334671,0.169902,0.200773
0.1074,0.298465,0.057699,0.061491
0.0977,0.29063,0.138606,0.238932
0.1049,0.318121,0.00506,0.056025
0.1046,0.296061,0.358682,0.568852
0.0929,0.337622,0.075438,0.103714
0.1029,0.317451,0.506619,0.664779
0.1032,0.269236,0.068302,0.13356
0.1051,0.317994,0.099959,0.109003
0.0851,0.307945,0.071837,0.064611
0.1029,0.32404,0.212957,0.271347
0.0935,0.35434,0.384647,0.32983
0.0978,0.312038,0.036211,0.029945
0.101,0.341081,0.074212,0.309797
0.101,0.311692,0.049768,0.050905
0.0981,0.304128,0.244978,0.438777
0.092,0.30148,0.297883,0.30681
0.0823,0.338203,0.099052,0.186612
0.0887,0.30295,0.28608,0.374213
0.0972,0.327095,0.08958,0.157253
0.0888,0.308957,0.043223,0.041989
0.0936,0.307995,0.158912,0.337971
0.0972,0.339088,0.040401,0.027595
0.0888,0.364938,0.080177,0.122687
0.0908,0.323092,0.137805,0.166573
0.0846,0.321925,0.013501,0.005305
0.0901,0.335586,1.228925,1.773806
0.0815,0.355284,0.031313,0.029116
0.0904,0.354045,0.138538,0.12543
0.0934,0.301464,0.157075,0.263945
0.0842,0.343853,0.491052,0.777359
0.0954,0.299514,0.008713,0.047295
0.0781,0.376422,0.103695,0.266568
0.0841,0.365648,0.216541,0.339066
0.0868,0.390398,0.190225,0.266545
0.0893,0.369994,0.122335,0.260191
0.0897,0.354896,0.090881,0.151194
0.0884,0.362355,0.010866,0.072032
0.0916,0.321334,0.146821,0.105369
0.0897,0.317232,0.265827,0.307417
0.0773,0.366287,0.063503,0.089996
0.0873,0.352416,0.175408,0.200914
0.0915,0.325335,0.157232,0.231157
0.0889,0.332227,0.098063,0.302214
0.0869,0.334117,0.045243,0.04203
0.0853,0.333964,0.114508,0.27544
0.0865,0.332172,0.214324,0.275655
0.0831,0.3349,0.021518,0.036501
0.0863,0.318736,0.02158,0.130445
0.0797,0.37742,0.307756,0.374895
0.0813,0.385026,0.0227,0.025416
0.0566,0.421483,0.016079,0.019945
0.0786,0.386895,0.327911,0.40503
0.0884,0.377191,0.178131,0.242029
0.0788,0.321127,0.02246,0.069504
0.0781,0.404921,0.440054,0.599493
0.0821,0.311988,0.192639,0.297472
0.0857,0.361936,0.169455,0.293425
0.0761,0.429331,0.021018,0.043794
0.0821,0.361186,0.29055,0.443185
0.0813,0.389083,0.339033,0.638093
0.0792,0.381548,0.115334,0.163086
0.0796,0.360208,0.011654,0.024817
0.0762,0.351841,0.197363,0.394192
0.0773,0.381943,0.181642,0.291842
0.0769,0.425268,0.291239,0.576729
0.0732,0.385983,0.103915,0.226041
0.0818,0.301074,0.120658,0.268881
0.0755,0.376527,0.017832,0.025577
0.0732,0.364303,0.342032,0.485922
0.0743,0.353344,0.023879,0.026049
0.0746,0.424094,0.164398,0.277509
0.0816,0.329681,0.146294,0.12685
0.0814,0.35705,0.12447,0.1909
0.0689,0.382112,0.043495,0.156632
0.0671,0.363293,0.082521,0.230998
0.0736,0.397848,0.130088,0.226889
0.0702,0.364979,0.406924,0.635619
0.0782,0.344605,0.065118,0.24777
0.071,0.389966,0.09092,0.165581
0.075,0.36788,0.167576,0.307595
0.0809,0.380754,0.085066,0.030906
0.0764,0.373578,0.372852,0.564028
0.0763,0.374762,0.028632,0.017528
0.0711,0.408871,0.27446,0.450549
0.0623,0.417952,0.014762,0.04519
0.0748,0.389507,0.014407,0.039943
0.0561,0.409288,0.134499,0.236326
0.0724,0.357741,0.112397,0.140706
0.0733,0.357426,0.013509,0.036745
0.0564,0.42493,0.118394,0.257352
0.0667,0.400582,0.01411,0.067062
0.0707,0.396593,0.010758,0.075159
0.0753,0.395973,0.202195,0.335691
0.0729,0.357829,0.094505,0.201856
0.0699,0.38847,0.051672,0.042861
0.0759,0.366438,0.037022,0.015146
0.0655,0.33704,0.208081,0.26651
0.0694,0.414244,0.678576,1.147352
0.0637,0.417768,0.026435,0.011852
0.0615,0.421098,0.003496,0.042931
0.0661,0.457257,0.047607,0.038573
0.0463,0.481072,0.032848,0.054065
0.0683,0.364728,0.216252,0.275949
0.068,0.376046,0.171522,0.288295
0.0595,0.427599,0.017886,0.026346
0.0639,0.385327,0.036336,0.136068
0.0712,0.349386,0.1298,0.178471
0.0674,0.413456,0.157418,0.285539
0.0636,0.398458,0.07276,0.086484
0.0676,0.362836,0.113595,0.151712
0.0677,0.468399,0.015813,0.128108
0.0616,0.361381,0.018628,0.031462
0.0544,0.446613,0.067264,0.032977
0.067,0.335699,0.116612,0.188109
0.0637,0.391842,0.595389,0.856488
0.0652,0.435355,0.0615,0.101635
0.0685,0.447586,0.233031,0.286373
0.064,0.423034,0.011565,0.129008
0.0602,0.388651,0.272799,0.491771
0.0674,0.382337,0.020071,0.125163
0.0605,0.420057,0.046355,0.134029
0.0677,0.377459,0.21137,0.22308
0.0629,0.39921,0.038924,0.01851
0.0658,0.435305,0.00936,0.103722
0.0669,0.466995,0.156194,0.324192
0.0535,0.461893,0.131786,0.228392
0.066,0.426624,0.129722,0.030514
0.0585,0.481999,0.024501,0.131748
0.0591,0.370031,0.042702,0.319
0.0642,0.373787,0.085584,0.182824
0.0669,0.442243,0.234658,0.216482
0.0645,0.393042,0.158181,0.118956
0.0647,0.477597,0.26188,0.297174
0.0577,0.420031,0.604265,0.957584
0.0667,0.380387,0.194868,0.174613
0.0592,0.448937,0.130768,0.234528
0.0634,0.445576,0.181604,0.268963
0.0628,0.412772,0.045904,0.116754
0.0507,0.393341,0.005673,0.042459
0.0598,0.405715,0.112464,0.154871
0.0613,0.450522,0.097163,0.265202
0.0563,0.445614,0.12323,0.081975
0.0609,0.471074,0.023518,0.066961
0.0669,0.415524,0.172677,0.32986
0.0656,0.398176,0.0476,0.064255
0.0592,0.4373,0.099775,0.342901
0.0599,0.501453,0.246854,0.443954
0.058,0.463021,0.223548,0.543277
0.049,0.443405,0.015436,0.040372
0.0564,0.441805,0.719053,1.131114
0.055,0.451089,0.019123,0.02912
0.0611,0.411755,0.011539,0.043485
0.0623,0.392427,0.008447,0.092829
0.063,0.388762,0.231695,0.339947
0.0595,0.398849,0.066753,0.174139
0.0557,0.418156,0.49564,0.86308
0.0621,0.401762,0.06163,0.087748
0.0568,0.420126,0.042181,0.080245
0.0576,0.385737,0.003615,0.025383
0.0473,0.409768,0.171395,0.21818
0.0606,0.36367,0.112873,0.050669
0.0596,0.427576,0.125704,0.203489
0.0648,0.420432,0.227193,0.336415
0.0576,0.47495,0.05641,0.09322
0.0558,0.426761,0.011905,0.313136
0.0587,0.454122,0.53085,0.924079
0.0409,0.504926,0.119827,0.259708
0.0559,0.379055,0.034787,0.193604
0.06,0.392463,0.173711,0.172165
0.0557,0.402482,0.05566,0.016864
0.0513,0.422211,0.599636,1.133521
0.057,0.425491,0.025621,0.15828
0.0492,0.408253,0.029967,0.108739
0.0587,0.390378,0.04443,0.087504
0.0587,0.411055,0.072079,0.203964
0.0605,0.386805,0.087002,0.069705
0.0521,0.487479,0.301342,0.568023
0.0597,0.465351,0.232482,0.436368
0.0522,0.400788,0.009694,0.057217
0.0545,0.448796,0.012498,0.11798
0.0546,0.425402,0.663276,0.972606
0.0544,0.475644,0.088155,0.101477
0.0514,0.449196,0.189981,0.275965
0.056,0.390531,0.340534,0.525934
0.0596,0.464754,0.183938,0.19337
0.0556,0.491564,0.153423,0.333078
0.057,0.464502,0.018642,0.031845
0.0496,0.549529,0.142945,0.277151
0.055,0.414305,0.042204,0.08217
0.056,0.438994,0.050114,0.075869
0.0501,0.496593,0.067441,0.042301
0.0536,0.398251,0.013788,0.071989
0.0517,0.446437,0.052372,0.29841
0.0565,0.390327,0.032654,0.067869
0.0558,0.4762,0.080065,0.128551
0.056,0.476164,0.036923,0.073653
0.0512,0.52157,0.094444,0.179003
0.0524,0.401624,0.135899,0.245062
0.0546,0.361191,0.107301,0.210433
0.0517,0.402909,0.32269,0.627653
0.0514,0.529393,0.381217,0.756484
0.0512,0.434856,0.01392,0.100822
0.0539,0.520803,0.275803,0.666928
0.0556,0.489971,0.035105,0.146682
0.0434,0.476689,0.012695,0.057408
0.0516,0.458892,0.131701,0.22246
0.0455,0.490545,0.060533,0.098404
0.0511,0.452048,0.018819,0.146579
0.0495,0.471309,0.082219,0.191344
0.0501,0.445659,0.608848,1.13472
0.0484,0.447711,0.09965,0.180136
0.0519,0.418697,0.008474,0.038759
0.0508,0.450915,0.120557,0.331818
0.0494,0.555489,0.742308,1.388107
0.0448,0.452351,0.120243,0.079499
0.0488,0.391496,0.231068,0.446592
0.0526,0.441316,0.013838,0.053969
0.0546,0.451715,0.267105,0.504744
0.0441,0.481092,0.085522,0.057291
0.0403,0.526785,0.009998,0.1852
0.0555,0.448859,0.239048,0.38895
0.0436,0.51355,0.089178,0.086016
0.05,0.492783,0.091009,0.122969
0.051,0.464956,0.43189,0.640425
0.0519,0.495114,0.092517,0.103338
0.0484,0.453032,0.341811,0.666266
0.0508,0.461291,0.048654,0.029358
0.0477,0.453822,0.062016,0.196927
0.0414,0.53524,0.005857,0.018789
0.0475,0.511649,0.144476,0.19235
0.051,0.493582,0.137661,0.226074
0.0366,0.533126,0.12158,0.278101
0.0509,0.498715,0.191271,0.344088
0.0444,0.479309,0.05812,0.179764
0.0494,0.502025,0.166256,0.308056
0.0459,0.455785,0.117561,0.363345
0.0534,0.441654,0.018877,0.193837
0.0473,0.484774,0.025246,0.072781
0.0492,0.368725,0.077624,0.181194
0.0494,0.506043,0.078397,0.117431
0.0474,0.489719,0.050689,0.053229
0.0452,0.568078,0.023185,0.209609
0.0484,0.529495,0.085122,0.183738
0.0488,0.504364,0.004524,0.031875
0.0441,0.484417,0.139755,0.238528
0.0532,0.475841,0.142105,0.151429
0.0472,0.397392,0.428558,0.713191
0.043,0.471098,0.015719,0.05401
0.0524,0.434167,0.416217,0.693935
0.0481,0.493605,0.159,0.261188
0.0477,0.427326,0.071327,0.210772
0.0179,0.802,0.007361,0.1011
0.0413,0.474313,0.048552,0.150036
0.0468,0.479501,0.08323,0.303123
0.0459,0.507878,0.109564,0.135861
0.0445,0.502804,0.142831,0.344192
0.0449,0.602976,0.539541,0.973079
0.0434,0.540756,0.062015,0.017731
0.0454,0.480444,0.248655,0.553009
0.0435,0.55163,0.246996,0.438981
0.0465,0.535715,0.049761,0.081853
0.0449,0.470658,0.089211,0.035488
0.0438,0.478186,0.125441,0.186232
0.0468,0.508554,0.147442,0.354602
0.0397,0.555165,0.021617,0.092276
0.0471,0.432041,0.067148,0.204439
0.046,0.40745,0.019344,0.143506
0.0493,0.496117,0.082376,0.135261
0.0358,0.501989,0.013493,0.123272
0.0402,0.516064,0.153998,0.420003
0.0452,0.488415,0.05919,0.030658
0.0478,0.473401,0.227276,0.481312
0.047,0.495761,0.035427,0.071057
0.0448,0.490624,0.254289,0.416445
0.0401,0.488562,0.049942,0.111773
0.0444,0.448694,0.107275,0.135431
0.0284,0.642711,0.068265,0.140781
0.0422,0.569249,0.101311,0.032335
0.0422,0.502566,0.162481,0.359865
0.0469,0.441021,0.027007,0.031746
0.0478,0.489987,0.021874,0.117967
0.0432,0.516585,0.056875,0.051166
0.0376,0.552534,0.022934,0.107184
0.0403,0.549319,0.019666,0.238439
0.0425,0.483299,0.194425,0.378263
0.0404,0.551309,0.113215,0.205985
0.0459,0.46567,0.375042,0.82219
0.0403,0.488805,0.07257,0.096746
0.0417,0.523673,0.192682,0.356761
0.037,0.495242,0.044459,0.186674
0.0461,0.470507,0.451876,0.865444
0.0413,0.584249,0.097932,0.152822
0.0398,0.509397,0.135732,0.366724
0.0417,0.519393,0.056839,0.199168
0.0419,0.529879,0.157144,0.336348
0.0331,0.571358,0.041449,0.134151
0.0432,0.480301,0.058286,0.136349
0.046,0.537718,0.041258,0.052603
0.0469,0.507157,0.131035,0.260245
0.0419,0.554374,0.15105,0.354574
0.0427,0.53932,0.074111,0.058879
0.0388,0.481024,0.07484,0.122837
0.0442,0.552304,0.017119,0.049237
0.0365,0.542493,0.377957,0.755048
0.0444,0.470179,0.043599,0.086606
0.0427,0.476926,0.058665,0.137077
0.0432,0.630354,0.383731,0.658202
0.0399,0.465847,0.161896,0.373354
0.039,0.489849,0.13895,0.402407
0.0434,0.471381,0.017242,0.164985
0.0409,0.537901,0.005174,0.093664
0.0412,0.502823,0.204947,0.571788
0.0447,0.446022,0.13336,0.159433
0.0341,0.592593,0.07316,0.138116
0.0413,0.534074,0.013351,0.056979
0.0322,0.496652,0.051098,0.301691
0.0435,0.489712,0.09132,0.194156
0.0326,0.617478,0.042471,0.082959
0.0382,0.546931,0.251673,0.416683
0.0348,0.610923,0.112883,0.181451
0.038,0.52693,0.009549,0.059031
0.0445,0.606576,0.417375,0.842622
0.0437,0.565203,0.116749,0.141256
0.0413,0.492387,0.043432,0.031778
0.0379,0.532315,0.061357,0.168028
0.0417,0.488685,0.173764,0.333628
0.0383,0.533839,0.150801,0.361571
0.041,0.560251,0.1402,0.208258
0.0374,0.562706,0.06529,0.197661
0.039,0.51841,0.052301,0.029767
0.0352,0.536862,0.105965,0.311311
0.0433,0.55805,0.028053,0.017618
0.0374,0.564973,0.041846,0.055689
0.0393,0.477812,0.090249,0.105126
0.032,0.557205,0.108242,0.034915
0.039,0.562526,0.121961,0.220841
0.0358,0.645516,0.010528,0.098734
0.0376,0.566846,0.107106,0.143281
0.0401,0.603338,0.060818,0.174444
0.0409,0.469466,0.049714,0.032308
0.0397,0.650952,0.081422,0.230993
0.0389,0.554667,0.310474,0.610212
0.04,0.540323,0.052968,0.273831
0.0329,0.628316,0.0656,0.185861
0.0314,0.657137,0.056103,0.145572
0.0361,0.575106,0.088025,0.129378
0.0412,0.533992,0.014841,0.03145
0.0399,0.516652,0.068254,0.231261
0.0371,0.547237,0.085101,0.162711
0.0426,0.606657,0.027415,0.09046
0.0411,0.629425,0.081837,0.073692
0.0388,0.516436,0.034452,0.082777
0.0377,0.47879,0.02049,0.057917
0.0328,0.564668,0.115242,0.313255
0.0399,0.527813,0.243028,0.542313
0.0399,0.477718,0.102341,0.146634
0.0402,0.57444,0.109285,0.247726
0.0374,0.483244,0.165809,0.198935
0.0365,0.474701,0.06242,0.063148
0.0397,0.527325,0.15944,0.238678
0.0406,0.456895,0.011819,0.070804
0.0361,0.58337,0.102828,0.239441
0.0412,0.502689,0.27409,0.594493
0.0385,0.569896,0.048017,0.157168
0.0335,0.536647,0.18824,0.428824
0.038,0.534316,0.283533,0.360666
0.0318,0.518954,0.083911,0.157459
0.0353,0.495635,0.047006,0.071608
0.0289,0.757594,0.130834,0.372149
0.0375,0.614696,0.009921,0.170438
0.0395,0.495571,0.273939,0.843778
0.036,0.64749,0.36111,0.704587
0.0406,0.506599,0.054918,0.144996
0.0336,0.616074,0.013865,0.03978
0.0337,0.570792,0.060587,0.16092
0.0271,0.71721,0.122495,0.29109
0.0365,0.487476,0.240174,0.409514
0.0396,0.560866,0.191197,0.318301
0.038,0.523067,0.211668,0.441736
0.039,0.586997,0.089468,0.350437
0.0358,0.488817,0.079231,0.48399
0.0339,0.559982,0.168379,0.289827
0.0377,0.583801,0.368118,0.809107
0.0371,0.594563,0.455685,1.010394
0.0341,0.457208,0.199304,0.44772
0.0382,0.498995,0.137069,0.23742
0.0339,0.557253,0.168139,0.304505
0.0333,0.567313,0.146194,0.410512
0.0314,0.519721,0.187952,0.599364
0.0295,0.620681,0.033611,0.057461
0.0356,0.601521,0.12571,0.399515
0.0394,0.511466,0.134363,0.126902
0.0349,0.507206,0.47598,0.805374
0.0349,0.527785,0.036639,0.170893
0.0356,0.497303,0.013863,0.033569
0.0365,0.587586,0.125421,0.230506
0.0377,0.630172,0.190269,0.416216
0.0261,0.738767,0.013829,0.012247
0.035,0.586888,0.029481,0.018956
0.0399,0.535811,0.011244,0.083462
0.0372,0.60545,0.091031,0.191478
0.0324,0.632258,0.01339,0.1678
0.0384,0.547349,0.114902,0.096486
0.0388,0.522112,0.00797,0.108873
0.0295,0.568065,0.030146,0.044401
0.0291,0.634138,0.006163,0.030484
0.0373,0.53386,0.103156,0.266347
0.0326,0.556625,0.012597,0.066157
0.0286,0.570674,0.084812,0.323507
0.0348,0.585795,0.023557,0.099135
0.0339,0.561173,0.013333,0.206393
0.0325,0.565534,0.081502,0.144026
0.0351,0.748314,0.069255,0.042019
0.0348,0.537742,0.102394,0.126408
0.0371,0.566279,0.035171,0.016953
0.0349,0.57526,0.325915,0.640845
0.0303,0.536805,0.037098,0.042026
0.0353,0.554835,0.043885,0.022538
0.0361,0.496612,0.17391,0.350502
0.0341,0.582538,0.061194,0.096186
0.0339,0.548447,0.010323,0.041913
0.0356,0.495691,0.014848,0.184476
0.0344,0.493771,0.20428,0.529264
0.0356,0.598072,0.365234,0.67973
0.0311,0.691264,0.056177,0.247718
0.0332,0.659689,0.129434,0.233495
0.0321,0.467861,0.058647,0.048552
0.0353,0.55173,0.082607,0.209735
0.0351,0.479009,0.012069,0.047541
0.0349,0.538965,0.120045,0.227396
0.0348,0.582757,0.188168,0.440636
0.0337,0.525597,0.018252,0.067213
0.0374,0.498805,0.129101,0.152623
0.035,0.555639,0.124163,0.309113
0.0292,0.635764,0.05644,0.275772
0.033,0.584567,0.011563,0.190912
0.0355,0.565578,0.056884,0.144472
0.0327,0.5724,0.016678,0.059163
0.0319,0.529052,0.112586,0.452753
0.0326,0.663829,0.029781,0.158942
0.0266,0.607554,0.056783,0.035257
0.0308,0.57473,0.068508,0.013021
0.0364,0.522344,0.014991,0.009836
0.0282,0.684058,0.012247,0.091664
0.0315,0.570705,0.12208,0.080846
0.0336,0.558471,0.061678,0.183314
0.0329,0.572766,0.030008,0.082968
0.0305,0.661696,0.080931,0.224491
0.0273,0.626854,0.175705,0.466915
0.029,0.693493,0.028931,0.216971
0.0317,0.655386,0.113969,0.207518
0.0327,0.589494,0.114345,0.141149
0.031,0.618803,0.114014,0.197479
0.0313,0.678112,0.0612,0.101778
0.0354,0.557199,0.113782,0.241955
0.0327,0.621385,0.013956,0.047939
0.0283,0.591177,0.091242,0.44806
0.0346,0.562954,0.017395,0.064486
0.0305,0.57867,0.072473,0.182684
0.0331,0.612943,0.066746,0.135695
0.0309,0.606869,0.193308,0.364343
0.0336,0.522632,0.268428,0.5731
0.0321,0.666538,0.020394,0.048317
0.0315,0.643244,0.089401,0.016483
0.0328,0.67741,0.202688,0.460576
0.0295,0.611026,0.010535,0.118504
0.0268,0.609273,0.034765,0.111065
0.0346,0.53557,0.216014,0.538009
0.0329,0.648563,0.216972,0.482799
0.0323,0.456356,0.523202,1.194714
0.033,0.610038,0.045847,0.107813
0.0334,0.616702,0.022601,0.08362
0.0324,0.688516,0.055929,0.213921
0.0341,0.525744,0.075556,0.040849
0.0254,0.61846,0.027949,0.16637
0.0319,0.709047,0.010115,0.066686
0.0278,0.676737,0.137733,0.226676
0.0349,0.597534,0.12787,0.157442
0.0314,0.544418,0.015499,0.085769
0.0233,0.733361,0.087185,0.137946
0.031,0.58118,0.00753,0.041732
0.0312,0.503108,0.093608,0.114019
0.031,0.634823,0.296404,0.635489
0.0322,0.602572,0.025494,0.026079
0.0283,0.656964,0.104269,0.049932
0.0298,0.687261,0.354459,0.865592
0.03,0.592216,0.177812,0.395225
0.0227,0.766594,0.008169,0.033471
0.0302,0.584457,0.097564,0.199057
0.0323,0.636621,0.086566,0.167765
0.0315,0.560462,0.116632,0.353344
0.0344,0.616455,0.091511,0.099852
0.0316,0.54095,0.175016,0.413778
0.0296,0.663676,0.130611,0.409869
0.0238,0.664408,0.196399,0.663458
0.0291,0.73078,0.130941,0.413403
0.0285,0.685914,0.058578,0.190197
0.033,0.613484,0.02152,0.082527
0.0287,0.674902,0.020593,0.042379
0.0246,0.708698,0.133035,0.364239
0.0306,0.730637,0.106095,0.419918
0.0315,0.63508,0.083984,0.357029
0.0328,0.614257,0.035947,0.029135
0.0297,0.563036,0.302959,0.721548
0.0309,0.646398,0.285195,0.662722
0.0348,0.593217,0.111337,0.274194
0.0297,0.568256,0.017957,0.259744
0.027,0.714558,0.128192,0.304832
0.0314,0.635395,0.029349,0.088591
0.0296,0.587958,0.099903,0.020942
0.0313,0.700748,0.138204,0.328478
0.0269,0.741252,0.208366,0.358695
0.0304,0.630404,0.018326,0.085391
0.0311,0.557159,0.275832,0.66582
0.0301,0.590366,0.054866,0.094478
0.0308,0.545595,0.156658,0.516585
0.0309,0.567049,0.04228,0.062895
0.0231,0.690493,0.026336,0.043654
0.0247,0.60014,0.054128,0.20429
0.0327,0.625958,0.037601,0.042655
0.0286,0.585274,0.062579,0.047434
0.029,0.682453,0.01096,0.0093
0.0318,0.631948,0.022214,0.074082
0.0298,0.65737,0.00657,0.107763
0.0214,0.559595,0.011201,0.251097
0.0289,0.557595,0.12828,0.228511
0.0293,0.68742,0.10457,0.236167
0.0307,0.574079,0.018782,0.020531
0.0307,0.634187,0.128492,0.37454
0.028,0.630895,0.482994,1.211904
0.0292,0.672388,0.065403,0.192098
0.0226,0.612976,0.102035,0.03573
0.0287,0.6958,0.060547,0.040042
0.0294,0.627006,0.036401,0.141831
0.0205,0.658235,0.068349,0.329479
0.0303,0.597268,0.052665,0.110151
0.0295,0.71301,0.138745,0.453509
0.0252,0.783546,0.00841,0.032368
0.0302,0.593976,0.18902,0.345507
0.0333,0.67421,0.148101,0.437857
0.029,0.587929,0.015153,0.094115
0.0286,0.775521,0.19646,0.62811
0.0286,0.633242,0.139535,0.424091
0.0237,0.766155,0.034262,0.05032
0.0264,0.7345,0.084779,0.210008
0.0293,0.740256,0.083788,0.285532
0.0275,0.575691,0.302646,0.609413
0.0297,0.625086,0.101491,0.193711
0.0302,0.53683,0.051237,0.12578
0.0274,0.766418,0.010398,0.096258
0.0291,0.70046,0.051972,0.069704
0.0293,0.578502,0.02156,0.031441
0.0314,0.582734,0.230362,0.512569
0.0289,0.639997,0.311586,0.619781
0.0263,0.623746,0.025638,0.309994
0.0281,0.616704,0.018276,0.055998
0.0289,0.673184,0.010357,0.023697
0.0288,0.649203,0.231624,0.524268
0.0239,0.61395,0.031629,0.039317
0.0264,0.625185,0.032616,0.059933
0.0297,0.565885,0.033353,0.155996
0.0231,0.796821,0.091113,0.119544
0.0281,0.661978,0.125136,0.220046
0.0258,0.780338,0.043456,0.095131
0.0306,0.602968,0.021922,0.120092
0.0281,0.599236,0.133138,0.323643
0.028,0.587173,0.237086,0.374036
0.0273,0.746829,0.017293,0.046754
0.0288,0.71069,0.054613,0.214739
0.0295,0.699855,0.082003,0.187484
0.0296,0.672997,0.061969,0.071048
0.0274,0.651712,0.10056,0.308751
0.0256,0.618392,0.05758,0.177202
0.0296,0.67196,0.007947,0.121966
0.028,0.769876,0.336024,1.064431
0.0247,0.681715,0.024878,0.091421
0.0283,0.621998,0.012309,0.08694
0.0286,0.683923,0.09318,0.26441
0.0286,0.685329,0.096476,0.269819
0.0319,0.661124,0.183776,0.497764
0.0276,0.64606,0.152512,0.511683
0.0278,0.498084,0.152396,0.168412
0.0294,0.532641,0.243697,0.46556
0.0264,0.663347,0.100229,0.097079
0.0245,0.637679,0.161316,0.499722
0.0282,0.648443,0.071767,0.133022
0.0255,0.759681,0.027765,0.215135
0.0187,0.723228,0.120326,0.334155
0.0271,0.728043,0.031675,0.096719
0.0277,0.586847,0.017071,0.078235
0.0296,0.5816,0.025194,0.21089
0.0246,0.595728,0.272614,0.730409
0.0267,0.602448,0.183076,0.452627
0.027,0.756131,0.035146,0.065012
0.0274,0.668635,0.153635,0.519612
0.0295,0.668104,0.139542,0.291906
0.0274,0.648535,0.082409,0.164144
0.0254,0.651953,0.264957,0.689797
0.0276,0.737717,0.003743,0.214939
0.0236,0.70294,0.056117,0.214718
0.0285,0.618098,0.030196,0.067112
0.0278,0.757348,0.083008,0.325558
0.0225,0.749814,0.032811,0.026285
0.0215,0.799479,0.016729,0.199478
0.0282,0.662838,0.108485,0.123574
0.0286,0.625011,0.125107,0.186243
0.0248,0.650541,0.150525,0.34237
0.0274,0.678807,0.135216,0.490853
0.0266,0.69774,0.014984,0.140546
0.0232,0.640667,0.06136,0.038789
0.0216,0.790775,0.029339,0.10418
0.0256,0.794439,0.369409,0.834362
0.0255,0.755242,0.010938,0.143757
0.0191,0.737133,0.046929,0.122223
0.0279,0.555719,0.064959,0.059172
0.0274,0.654162,0.116286,0.1666
0.0265,0.669585,0.023304,0.033293
0.026,0.655513,0.150755,0.212355
0.0275,0.583833,0.04698,0.084176
0.0261,0.643916,0.015963,0.144147
0.023,0.792594,0.055327,0.29969
0.0273,0.769634,0.103333,0.254923
0.0239,0.601261,0.084035,0.34409
0.0275,0.586194,0.052595,0.141987
0.0185,0.920864,0.104339,0.449046
0.0296,0.707858,0.100513,0.130338
0.0244,0.637265,0.082547,0.207178
0.025,0.503994,0.072375,0.059051
0.019,0.741284,0.076701,0.253485
0.0243,0.640528,0.018102,0.084089
0.0254,0.688177,0.103144,0.134585
0.0268,0.733297,0.091191,0.360113
0.0273,0.605067,0.048042,0.130945
0.0266,0.566605,0.065122,0.236246
0.0285,0.614572,0.025207,0.081639
0.028,0.638447,0.081049,0.172034
0.0161,0.837088,0.067646,0.182748
0.0228,0.621412,0.037299,0.252426
0.0237,0.923614,0.432192,1.445338
0.0271,0.616308,0.201689,0.492985
0.0258,0.568116,0.209764,0.687676
0.0114,1.038437,0.03127,0.039646
0.0251,0.687169,0.201579,0.599446
0.0257,0.665418,0.176057,0.423502
0.0216,0.700386,0.066364,0.255698
0.0279,0.63511,0.108391,0.396086
0.0283,0.60339,0.062725,0.238689
0.0235,0.569958,0.198922,0.57689
0.0282,0.648362,0.044893,0.205339
0.0257,0.632284,0.060607,0.174217
0.025,0.590216,0.05892,0.512164
0.0242,0.669507,0.006434,0.065049
0.0241,0.750403,0.134527,0.452135
0.027,0.657301,0.120553,0.44594
0.023,0.643103,0.112429,0.490733
0.025,0.801099,0.038635,0.166484
0.0249,0.618485,0.068506,0.15286
0.0233,0.728284,0.043956,0.111105
0.0244,0.71224,0.01924,0.051298
0.0238,0.730068,0.048325,0.233529
0.0208,0.769189,0.045199,0.046896
0.0253,0.637613,0.026404,0.073321
0.0269,0.576143,0.043315,0.32363
0.0247,0.638155,0.013807,0.064311
0.0236,0.625892,0.072563,0.234186
0.0237,0.719118,0.027019,0.178283
0.0232,0.727213,0.033891,0.030088
0.0252,0.672278,0.091242,0.344914
0.0252,0.717244,0.117538,0.176263
0.0241,0.663798,0.04091,0.410128
0.0264,0.760924,0.327488,0.651557
0.0259,0.760842,0.010564,0.183781
0.0201,0.70032,0.014525,0.048717
0.0223,0.99769,0.414085,1.194292
0.0231,0.846166,0.02752,0.166876
0.023,0.624801,0.120475,0.232442
0.0267,0.583132,0.127299,0.529501
0.026,0.664749,0.062662,0.127304
0.0257,0.605031,0.167732,0.47164
0.0241,0.688686,0.068762,0.180813
0.0248,0.748939,0.078206,0.11195
0.0222,0.900287,0.025675,0.116223
0.0251,0.694016,0.125841,0.318276
0.0225,0.667354,0.026203,0.035567
0.0275,0.570701,0.024087,0.126593
0.0228,0.60776,0.012354,0.226288
0.0157,0.783048,0.040049,0.287887
0.0223,0.742881,0.013296,0.044673
0.0185,0.865368,0.033899,0.136513
0.0234,0.93651,0.370425,1.04059
0.0155,1.012261,0.034666,0.028965
0.0231,0.68789,0.01776,0.04629
0.0238,0.691245,0.007804,0.175607
0.026,0.640238,0.069199,0.21198
0.0226,0.684494,0.098812,0.255205
0.0252,0.62644,0.034713,0.049594
0.0194,0.833975,0.010694,0.109983
0.0234,0.756094,0.077664,0.171511
0.0244,0.604582,0.010756,0.109427
0.0245,0.64723,0.046176,0.306962
0.0193,0.868317,0.013925,0.015627
0.0218,0.737888,0.071018,0.25676
0.0185,0.731851,0.146721,0.402064
0.0229,0.706082,0.054077,0.071721
0.0245,0.647099,0.120278,0.343541
0.0176,0.744133,0.103164,0.216545
0.0236,0.648498,0.109419,0.341273
0.0217,0.597963,0.106205,0.296675
0.0221,0.623779,0.059391,0.098019
0.0241,0.757889,0.128555,0.384794
0.0216,0.844372,0.152538,0.713077
0.0228,0.70239,0.013749,0.143047
0.0222,0.796628,0.225586,0.737913
0.0244,0.661951,0.008579,0.089784
0.0221,0.642178,0.014667,0.10136
0.019,0.719144,0.106512,0.290791
0.0235,0.569546,0.035641,0.129436
0.0254,0.597148,0.144652,0.296884
0.0239,0.734601,0.035403,0.047214
0.0224,0.755527,0.120633,0.380127
0.0239,0.663968,0.008536,0.048695
0.0224,0.63401,0.0563,0.215424
0.0243,0.76557,0.093632,0.420654
0.0218,0.825136,0.304863,0.878366
0.0197,0.729338,0.004765,0.024086
0.0236,0.740947,0.014464,0.124812
0.0239,0.746041,0.275431,0.884428
0.0232,0.69113,0.069252,0.156563
0.0234,0.736143,0.102498,0.188976
0.0232,0.678656,0.008372,0.10743
0.0226,0.742158,0.039076,0.070759
0.0233,0.933624,0.241998,0.66928
0.0245,0.604673,0.061774,0.196694
0.0245,0.720087,0.101059,0.318546
0.0219,0.73783,0.109219,0.400331
0.0255,0.696917,0.123125,0.216372
0.024,0.746642,0.014313,0.180473
0.0241,0.780267,0.171578,0.435341
0.0245,0.772826,0.037816,0.447939
0.0211,0.722406,0.017612,0.055138
0.0247,0.716165,0.160325,0.424227
0.022,0.615925,0.085315,0.045654
0.0216,0.699425,0.105397,0.371904
0.0236,0.711617,0.006833,0.121255
0.0205,0.871164,0.054732,0.122057
0.0179,0.835927,0.113137,0.227836
0.0209,0.810573,0.015738,0.027307
0.021,0.786933,0.01227,0.134854
0.0226,0.648454,0.083684,0.344782
0.0214,0.713274,0.066017,0.208725
0.0256,0.736831,0.063311,0.179395
0.0215,0.760867,0.102206,0.057481
0.0205,0.822921,0.174496,0.232177
0.025,0.662502,0.124144,0.212942
0.0221,0.670141,0.089148,0.286693
0.0239,0.825062,0.012005,0.108781
0.0199,0.669586,0.079409,0.210411
0.0222,0.63588,0.010763,0.010099
0.0128,1.001695,0.098123,0.464521
0.0209,0.797797,0.055565,0.019785
0.0227,0.688272,0.147462,0.592094
0.0198,0.71092,0.026691,0.076738
0.0228,0.663765,0.131877,0.293869
0.0201,1.02739,0.023098,0.162317
0.0184,0.741771,0.042878,0.189045
0.0219,0.782612,0.023825,0.060454
0.0223,0.767031,0.070682,0.111616
0.0249,0.617179,0.22679,0.496711
0.0147,0.980518,0.070157,0.307956
0.0189,0.8292,0.012466,0.026825
0.0229,0.636844,0.118601,0.2725
0.0209,0.62964,0.142631,0.124645
0.0246,0.760195,0.300959,0.711518
0.0213,0.673181,0.015015,0.159319
0.0243,0.751605,0.011168,0.059736
0.0214,0.67187,0.037332,0.082387
0.0213,0.779335,0.022017,0.161862
0.0224,0.729242,0.095216,0.106787
0.0184,1.064061,0.027584,0.082783
0.0196,0.687874,0.045712,0.15896
0.0211,0.780308,0.00642,0.283948
0.0215,0.670441,0.005524,0.147809
0.0195,0.852069,0.115755,0.262239
0.0237,0.636304,0.033379,0.049313
0.0212,0.770463,0.064326,0.055867
0.0201,0.873597,0.025088,0.084802
0.0163,0.951932,0.014358,0.071058
0.0211,0.749714,0.087833,0.395622
0.0206,0.715486,0.093108,0.365034
0.0164,0.873837,0.028736,0.065681
0.0114,1.042885,0.01874,0.077386
0.0243,0.831998,0.063614,0.262618
0.0113,1.294784,0.036518,0.092123
0.0224,0.627078,0.165888,0.333286
0.0202,0.63468,0.047733,0.116519
0.0208,0.666022,0.085521,0.389084
0.0197,0.684874,0.052117,0.102763
0.0192,0.744225,0.056584,0.201624
0.0151,0.929189,0.104265,0.569657
0.0218,0.694555,0.113689,0.393395
0.021,0.834484,0.019165,0.174475
0.0213,0.823988,0.147712,0.24603
0.0212,0.594473,0.019704,0.185591
0.0219,0.714853,0.147969,0.494536
0.0214,0.720894,0.016981,0.173578
0.0204,0.735438,0.02233,0.10299
0.0229,0.721064,0.119107,0.465544
0.0192,0.747311,0.010357,0.06862
0.0207,0.705473,0.082854,0.019444
0.0234,0.608005,0.036157,0.123716
0.0183,0.724367,0.103332,0.3057
0.0201,0.747158,0.098444,0.15598
0.0224,0.568193,0.066587,0.170292
0.0199,0.925573,0.012447,0.165534
0.0204,0.725084,0.237518,0.846405
0.019,0.701979,0.06458,0.22106
0.0205,0.724188,0.104705,0.17031
0.0219,0.716793,0.024517,0.108269
0.0197,0.88748,0.018785,0.152969
0.0207,0.756162,0.014912,0.139051
0.0228,0.817572,0.165276,0.516149
0.0206,0.725178,0.017599,0.02375
0.0207,0.776947,0.073738,0.473524
0.0201,0.817621,0.170575,0.477788
0.0186,0.794876,0.161035,0.357598
0.021,0.712928,0.083546,0.161053
0.0206,0.798026,0.039968,0.01117
0.0199,0.752931,0.035457,0.220912
0.0195,0.764271,0.051307,0.041914
0.0205,0.820421,0.263253,0.405521
0.0205,0.721486,0.028097,0.013532
0.0198,0.71373,0.025234,0.134389
0.0178,0.864288,0.087466,0.275678
0.02,0.914258,0.025658,0.082614
0.0192,0.738608,0.010542,0.033659
0.0194,0.766523,0.136525,0.404148
0.0184,0.78228,0.076873,0.366286
0.0219,0.718288,0.034449,0.068806
0.0226,0.669538,0.081297,0.190576
0.0209,0.685087,0.078966,0.189276
0.0206,0.773706,0.040482,0.190856
0.0141,0.859133,0.012772,0.208626
0.0182,0.820004,0.061192,0.239967
0.0163,0.885442,0.026445,0.065617
0.0209,0.827165,0.017531,0.080538
0.0202,0.806908,0.031219,0.135922
0.0216,0.787271,0.011608,0.159581
0.0194,0.729986,0.035313,0.200076
0.0148,0.724272,0.040987,0.056235
0.0189,0.69918,0.065558,0.317658
0.0206,0.790769,0.021309,0.168219
0.0198,0.658341,0.019222,0.149491
0.0205,0.780806,0.053729,0.285496
0.0203,0.84442,0.078137,0.235324
0.0203,0.905513,0.09486,0.430146
0.0184,0.709486,0.104805,0.640609
0.014,0.843111,0.013235,0.052467
0.0209,0.750231,0.045029,0.077187
0.0212,0.774679,0.18236,0.479443
0.0139,1.17833,0.049128,0.245326
0.0219,0.830107,0.077665,0.08681
0.0197,0.909324,0.079982,0.239954
0.0194,0.749078,0.025472,0.230803
0.0173,0.951195,0.029491,0.124275
0.0209,0.737396,0.151334,0.397588
0.0201,0.713854,0.097991,0.247119
0.0187,0.874822,0.085468,0.287334
0.015,0.862904,0.080941,0.315697
0.0178,0.816968,0.036655,0.305909
0.0176,0.893096,0.02218,0.165391
0.017,0.870957,0.020242,0.055714
0.0177,0.734976,0.085088,0.188283
0.02,0.784134,0.06139,0.06091
0.0207,0.78677,0.035551,0.164785
0.0177,0.867855,0.043869,0.105084
0.0195,0.768313,0.075678,0.313456
0.0193,0.870036,0.158463,0.496676
0.0189,0.566307,0.048536,0.059364
0.0203,0.650596,0.094784,0.394284
0.0166,0.774162,0.023311,0.128553
0.0193,0.659827,0.095615,0.411009
0.0141,0.744757,0.018056,0.226843
0.0182,0.868419,0.040479,0.280046
0.0199,0.748116,0.082043,0.122717
0.0179,0.756712,0.077082,0.355976
0.0213,0.630417,0.021028,0.07572
0.0199,0.649224,0.034528,0.027469
0.0134,0.904136,0.109033,0.314441
0.0181,0.802804,0.1067,0.366608
0.0211,0.791533,0.065515,0.257966
0.018,0.773085,0.026691,0.101257
0.0189,0.877628,0.101275,0.505541
0.0192,0.784901,0.0095,0.039062
0.0192,0.751716,0.035747,0.127486
0.0154,0.805385,0.064577,0.157868
0.0192,0.665558,0.071858,0.103628
0.0191,0.804575,0.026089,0.066765
0.0196,0.727155,0.072443,0.311176
0.0142,0.78765,0.039504,0.227498
0.0168,0.685129,0.108005,0.42283
0.0141,0.763266,0.053177,0.135608
0.0138,0.817491,0.021404,0.127882
0.0191,0.739391,0.061683,0.229543
0.0186,0.905773,0.071162,0.263412
0.0189,0.804754,0.035765,0.213684
0.0191,0.756275,0.066433,0.330608
0.0173,0.938836,0.118693,0.538422
0.0179,0.839485,0.106767,0.425227
0.0158,1.090906,0.008199,0.025081
0.0197,0.912501,0.070361,0.272632
0.0187,0.794025,0.093823,0.030612
0.0195,0.780518,0.116808,0.244899
0.0201,0.818394,0.059469,0.315057
0.0192,0.856678,0.051267,0.180989
0.0185,0.838797,0.052688,0.366415
0.0199,0.751097,0.015331,0.112796
0.0183,0.73759,0.023819,0.137373
0.019,0.899586,0.029732,0.213758
0.019,0.857371,0.036937,0.034847
0.0147,1.166793,0.03683,0.41886
0.0203,0.788556,0.107131,0.296223
0.0094,0.951636,0.0573,0.111114
0.0188,0.834866,0.007297,0.032532
0.0181,1.051232,0.019399,0.062801
0.0173,0.971023,0.031936,0.040282
0.0182,0.89925,0.290235,1.000284
0.0178,0.714527,0.013934,0.10895
0.0149,0.830467,0.017032,0.051307
0.0171,0.773145,0.084283,0.183947
0.0187,0.733367,0.087161,0.314242
0.0154,0.915494,0.040014,0.072828
0.019,0.77791,0.017926,0.187141
0.018,0.876991,0.22693,0.783115
0.0167,0.780748,0.080014,0.223411
0.0181,0.633587,0.032477,0.086589
0.0183,0.76941,0.149503,0.281024
0.0182,0.738561,0.037221,0.112402
0.0182,0.878674,0.024937,0.124907
0.0167,0.640819,0.071183,0.325351
0.0168,0.854336,0.025537,0.171513
0.0174,1.022828,0.036489,0.138059
0.0146,1.040411,0.051218,0.244673
0.018,1.011475,0.036502,0.014545
0.0198,0.824891,0.020859,0.107579
0.0177,0.712987,0.067477,0.266366
0.0183,0.774844,0.048466,0.135709
0.016,1.009596,0.010603,0.131033
0.0126,0.888435,0.09422,0.459734
0.0129,0.9522,0.100132,0.606062
0.0194,0.815574,0.02552,0.212268
0.0186,0.827351,0.015276,0.057384
0.0184,0.84039,0.010334,0.020941
0.0173,0.70035,0.01786,0.061843
0.0172,0.73451,0.058502,0.124546
0.0206,0.78037,0.173436,0.457082
0.0108,1.110643,0.111113,0.429997
0.0195,0.725379,0.154315,0.270216
0.0152,0.759362,0.104255,0.187577
0.0162,0.783974,0.014399,0.107107
0.0192,0.690227,0.086284,0.31429
0.0193,0.874948,0.07915,0.407761
0.0196,0.90669,0.011858,0.036452
0.0184,0.719615,0.064821,0.146918
0.0187,0.857864,0.030006,0.022242
0.0151,0.75495,0.142288,0.536387
0.0179,0.826312,0.00714,0.141058
0.0166,0.646916,0.29381,0.856037
0.0163,0.814165,0.051771,0.160473
0.0183,0.826168,0.074141,0.287442
0.0172,0.747998,0.037853,0.447851
0.0177,0.879612,0.057966,0.131222
0.015,0.844728,0.059515,0.274878
0.0169,0.830942,0.193668,0.536993
0.0161,0.695763,0.051379,0.187341
0.0179,0.833887,0.12128,0.366076
0.0166,0.766318,0.078431,0.057253
0.018,0.900009,0.046599,0.16622
0.0175,0.727938,0.148236,0.568478
0.0187,0.707157,0.153928,0.476558
0.0171,0.867727,0.105307,0.46187
0.0169,0.70511,0.054221,0.066845
0.0162,0.838721,0.045747,0.170408
0.0152,0.767399,0.071409,0.360776
0.02,0.776221,0.025719,0.032307
0.0165,0.846937,0.006958,0.078726
0.0151,0.992229,0.08305,0.41762
0.0158,0.888045,0.07078,0.214258
0.017,1.009213,0.067029,0.321547
0.0167,0.793522,0.049994,0.119169
0.0129,0.84395,0.014423,0.152478
0.0168,1.023195,0.187695,0.605929
0.0165,0.805018,0.050987,0.147045
0.0187,0.78718,0.140364,0.538321
0.0172,0.921772,0.02504,0.026861
0.0144,1.086395,0.14326,0.609436
0.0156,0.934821,0.0593,0.050955
0.0178,0.754562,0.113688,0.295948
0.0166,1.089458,0.098657,0.542717
0.0144,0.883142,0.04949,0.202375
0.0121,1.203027,0.168341,0.609694
0.0147,0.96325,0.094309,0.378531
0.0119,0.978397,0.01199,0.067402
0.0133,1.030717,0.057264,0.155898
0.017,0.925977,0.018224,0.186733
0.0182,0.720479,0.053993,0.11306
0.0161,1.093042,0.096227,0.188653
0.013,0.989346,0.04247,0.252787
0.0161,0.765896,0.081889,0.299511
0.0189,0.731677,0.03099,0.357782
0.0162,0.831877,0.012092,0.12745
0.0174,0.918318,0.006951,0.005212
0.0178,0.971212,0.2686,0.782705
0.0163,0.899095,0.160835,0.76174
0.0188,0.671211,0.054543,0.148662
0.0164,0.804968,0.204564,0.68851
0.0171,0.955009,0.020141,0.027904
0.0127,1.098899,0.111194,0.393329
0.0182,0.833127,0.088605,0.424712
0.0161,0.834527,0.133917,0.46041
0.0158,0.883771,0.010547,0.031567
0.0156,1.033425,0.177022,0.61821
0.0167,0.950432,0.034427,0.215295
0.0136,0.858797,0.017347,0.111635
0.0177,0.946062,0.014095,0.064507
0.0129,1.002947,0.020109,0.043778
0.0159,1.0323,0.0592,0.134701
0.0135,1.181938,0.020777,0.430222
0.0159,0.820089,0.02187,0.039446
0.0175,0.782917,0.13549,0.480095
0.0158,0.76034,0.091639,0.508631
0.0168,0.985147,0.084738,0.2222
0.0147,1.07278,0.06563,0.196257
0.0165,1.192122,0.019336,0.07747
0.0166,0.803964,0.014307,0.034469
0.0173,0.949432,0.16018,0.565325
0.0126,1.015607,0.065091,0.248642
0.0182,0.794041,0.037217,0.288371
0.0162,0.90781,0.051571,0.128468
0.0173,0.794483,0.130479,0.433645
0.0138,1.030189,0.013445,0.014956
0.0177,0.677809,0.126866,0.419319
0.0133,0.869933,0.094469,0.200235
0.0168,0.923828,0.035576,0.200925
0.0163,0.805142,0.050291,0.037836
0.0163,0.806554,0.173874,0.558691
0.016,0.921577,0.069495,0.232164
0.0163,0.885392,0.044746,0.346635
0.0164,0.905933,0.021101,0.102433
0.0132,0.941574,0.04605,0.150322
0.0174,0.673706,0.023618,0.13704
0.0153,0.846992,0.033705,0.200882
0.0168,0.813736,0.162953,0.533742
0.0168,0.614029,0.079233,0.08878
0.0172,0.666098,0.112796,0.301557
0.0147,0.882354,0.024322,0.153705
0.0161,0.775866,0.055183,0.236375
0.0171,0.758928,0.06994,0.040031
0.0172,0.930298,0.207104,0.716235
0.0165,0.966518,0.127248,0.471847
0.0176,0.926217,0.022276,0.029973
0.0129,1.286398,0.071077,0.335724
0.014,0.847109,0.116158,0.52366
0.0157,1.062583,0.027785,0.045891
0.0155,1.108808,0.121399,0.552932
0.0161,0.756961,0.128898,0.434023
0.0168,0.822268,0.101726,0.10553
0.0148,0.867248,0.128638,0.464013
0.0171,0.905753,0.03499,0.066199
0.0179,0.786105,0.056898,0.257049
0.0171,0.93815,0.223048,0.706254
0.0173,0.74736,0.124256,0.53745
0.0133,0.759047,0.033433,0.105483
0.0149,0.858531,0.014829,0.06846
0.0162,0.858606,0.121638,0.282573
0.0137,0.875797,0.089509,0.247353
0.0149,0.873074,0.194957,0.651914
0.0145,0.989359,0.029072,0.083347
0.0168,0.814426,0.182456,0.535371
0.0157,0.986271,0.241181,0.855629
0.0158,1.064136,0.02376,0.056822
0.0165,0.820634,0.069759,0.260783
0.0167,0.951888,0.071791,0.085532
0.0132,0.945305,0.028077,0.046218
0.0154,1.032382,0.208613,0.942614
0.0151,0.913521,0.105617,0.342988
0.0175,0.883726,0.020715,0.057483
0.0174,0.83315,0.055658,0.243599
0.0137,0.866259,0.09434,0.196129
0.0141,0.822581,0.03157,0.091481
0.0129,0.902871,0.01865,0.256554
0.0165,1.061209,0.084245,0.383716
0.0152,0.821879,0.112897,0.217701
0.0106,1.001311,0.04735,0.290135
0.0163,1.044509,0.080659,0.295327
0.0173,0.995021,0.046568,0.143175
0.0153,0.774963,0.037218,0.078632
0.0145,0.820326,0.084241,0.428916
0.0123,0.957422,0.103225,0.417822
0.0161,0.949835,0.316009,0.891282
0.0157,0.882307,0.09129,0.132946
0.0162,0.972358,0.120776,0.368054
0.0164,0.784783,0.048825,0.277103
0.0146,1.141217,0.03916,0.135662
0.0164,0.806757,0.027292,0.164726
0.0144,1.053172,0.066631,0.437687
0.016,0.781897,0.021563,0.067663
0.0178,0.982371,0.010902,0.096542
0.0123,1.022456,0.023941,0.153496
0.0164,0.824435,0.325464,0.951876
0.0128,1.049411,0.011063,0.070061
0.0137,1.056182,0.040074,0.056151
0.0092,1.080782,0.005419,0.042887
0.0156,0.781684,0.004627,0.127775
0.0154,0.945474,0.008321,0.052282
0.017,1.137183,0.146712,0.217448
0.0162,0.835048,0.255183,0.809022
0.0108,1.034759,0.107874,0.411434
0.0145,0.868919,0.014956,0.089941
0.0081,1.330757,0.044381,0.235685
0.0155,0.943866,0.075484,0.378262
0.015,0.867899,0.070893,0.164637
0.0144,0.819159,0.120949,0.531943
0.0154,0.918968,0.030075,0.115664
0.0162,0.995245,0.004781,0.233253
0.015,1.002805,0.071508,0.422602
0.0131,0.948167,0.021759,0.179648
0.0161,1.100676,0.186931,0.68925
0.0142,1.00957,0.105485,0.599185
0.016,0.920521,0.100005,0.336957
0.0127,1.082389,0.020635,0.243096
0.0067,1.064346,0.0454,0.266529
0.0138,0.796873,0.036865,0.208346
0.0153,0.769882,0.146743,0.615445
0.0147,0.865982,0.05702,0.438873
0.0144,0.834982,0.046851,0.042577
0.0122,0.949709,0.242101,0.907786
0.0156,0.88199,0.016677,0.145136
0.0146,0.706185,0.019522,0.097498
0.0108,1.180458,0.055354,0.390084
0.0166,0.981556,0.057934,0.16819
0.0161,0.759296,0.044132,0.167942
0.0158,0.885712,0.097566,0.330408
0.0123,0.966578,0.060574,0.461448
0.015,0.991541,0.077325,0.305764
0.0147,0.942747,0.011893,0.042383
0.014,1.044779,0.073501,0.296976
0.0145,0.940976,0.090406,0.288788
0.0156,0.85046,0.046268,0.27578
0.013,1.077916,0.022291,0.161491
0.0146,0.875369,0.013945,0.079468
0.0122,0.820055,0.029158,0.069843
0.0131,1.01642,0.031113,0.084631
0.0159,0.81451,0.0734,0.468921
0.015,0.955918,0.016254,0.094949
0.0089,0.961461,0.022391,0.237544
0.0142,0.692824,0.016543,0.130928
0.0151,0.863683,0.121453,0.433505
0.0161,0.934519,0.083513,0.278467
0.0152,1.036896,0.006279,0.02939
0.014,1.02094,0.181905,0.800531
0.0168,0.689645,0.018356,0.162251
0.0165,0.963636,0.061465,0.213877
0.0153,0.874687,0.031167,0.039547
0.0172,0.726888,0.3998,1.424476
0.0151,0.93127,0.098691,0.308782
0.0117,0.96132,0.046434,0.255912
0.0152,0.940693,0.031072,0.153195
0.0144,0.918323,0.005644,0.189409
0.0134,0.875488,0.050609,0.155156
0.0151,0.870645,0.107708,0.270395
0.0131,1.047383,0.046837,0.140726
0.0114,1.038898,0.035743,0.242547
0.0129,0.87042,0.026389,0.240315
0.016,1.138094,0.021304,0.157442
0.0141,0.715692,0.015902,0.142183
0.0134,0.978737,0.019023,0.19169
0.015,0.903739,0.090168,0.19171
0.016,0.808059,0.082284,0.372249
0.014,0.88919,0.038879,0.04293
0.0155,0.887782,0.125197,0.480053
0.0165,0.689777,0.066873,0.370186
0.0157,0.899873,0.013455,0.045591
0.0151,0.949649,0.036284,0.046462
0.016,0.875436,0.111116,0.46546
0.0148,0.78053,0.089867,0.275415
0.0151,1.115002,0.018643,0.103533
0.0122,0.989441,0.031789,0.073982
0.0109,1.156833,0.086398,0.161416
0.013,0.900852,0.068461,0.383939
0.0154,0.80875,0.047507,0.161799
0.0157,0.782018,0.123422,0.203336
0.014,1.158427,0.099295,0.094442
0.0112,0.9699,0.046087,0.333728
0.0133,1.032205,0.06505,0.253945
0.0131,0.988067,0.05191,0.067746
0.0116,1.161356,0.024188,0.073088
0.0145,0.780165,0.080058,0.401445
0.0148,0.83664,0.0457,0.370368
0.0104,1.503025,0.018152,0.110977
0.0137,0.897185,0.034202,0.378189
0.0156,0.897671,0.04295,0.247766
0.014,1.031498,0.043715,0.352351
0.0144,1.170245,0.036424,0.234871
0.0156,0.743958,0.007609,0.048448
0.0151,0.809549,0.018897,0.105811
0.015,0.959559,0.144156,0.35904
0.0125,1.130287,0.079567,0.447268
0.0139,1.039043,0.020658,0.305466
0.0147,0.842366,0.024154,0.081804
0.0165,0.791289,0.057721,0.264572
0.0169,0.880837,0.051211,0.064619
0.0115,1.042924,0.017414,0.153261
0.0158,0.735127,0.032947,0.150889
0.0142,1.02446,0.028601,0.177149
0.015,1.438667,0.192894,0.952867
0.0122,0.943687,0.178002,0.647993
0.0135,0.963628,0.015774,0.037717
0.0064,1.424035,0.060084,0.181135
0.0143,0.877927,0.007302,0.063961
0.0142,0.930836,0.076191,0.342474
0.0143,1.124436,0.112958,0.411994
0.0149,0.800961,0.015012,0.271718
0.0126,1.015391,0.058224,0.279975
0.0128,0.799224,0.062795,0.23685
0.0159,0.83004,0.035207,0.237515
0.0134,0.948434,0.016945,0.203414
0.0085,1.19256,0.075352,0.285801
0.014,1.012899,0.101145,0.522498
0.0128,0.895243,0.033271,0.243278
0.0158,0.819041,0.052935,0.151993
0.0153,0.835882,0.006602,0.182573
0.0098,1.063519,0.073852,0.43666
0.0121,1.090813,0.019725,0.03526
0.0149,1.027319,0.079315,0.141096
0.0147,0.942795,0.17209,0.659965
0.0149,0.896591,0.011181,0.079908
0.0143,1.052534,0.057333,0.138712
0.0126,0.824377,0.011839,0.096836
0.0139,0.936843,0.017816,0.073062
0.0121,0.897307,0.060374,0.449986
0.0141,0.894349,0.021688,0.191721
0.0136,0.866571,0.062336,0.206248
0.0164,0.985993,0.095779,0.450125
0.0163,0.717044,0.052486,0.199702
0.0133,1.046186,0.119911,0.745219
0.009,0.987108,0.017479,0.076765
0.0148,0.855754,0.073829,0.477889
0.0138,0.823504,0.050144,0.055467
0.0137,1.059969,0.013285,0.133712
0.0127,0.939367,0.061944,0.169558
0.0143,0.884503,0.025625,0.18907
0.0135,0.951012,0.032618,0.09067
0.0133,0.950269,0.05414,0.338466
0.0124,0.865028,0.035959,0.141845
0.0098,1.141719,0.025915,0.269343
0.0122,1.015098,0.033703,0.225829
0.0063,1.46011,0.055967,0.40633
0.0147,1.303239,0.04445,0.124903
0.0133,1.042277,0.023142,0.124735
0.0146,0.976497,0.086039,0.058311
0.0113,0.981684,0.092192,0.482491
0.0096,1.554805,0.162958,0.822618
0.0141,1.188027,0.007686,0.111683
0.0131,0.8045,0.011225,0.216024
0.0129,1.107173,0.136565,0.377357
0.0144,0.828939,0.056908,0.096111
0.0145,0.935033,0.066946,0.084978
0.0131,0.861469,0.024539,0.137965
0.012,1.106522,0.064486,0.285279
0.0148,1.03605,0.023812,0.016556
0.0137,0.839115,0.040912,0.246287
0.0138,0.855476,0.012282,0.111714
0.0123,1.132114,0.015706,0.072199
0.0138,0.883945,0.044864,0.139876
0.0133,0.941048,0.019599,0.046863
0.0138,1.033552,0.052419,0.076871
0.0134,0.874337,0.014104,0.102897
0.0134,0.967949,0.222447,0.687798
0.0113,1.103466,0.132603,0.642793
0.0126,1.011493,0.161022,0.617762
0.0128,0.80871,0.040864,0.339341
0.0146,0.835867,0.191915,0.811071
0.0114,0.826362,0.014227,0.070432
0.0126,0.960558,0.115931,0.660218
0.0133,0.887441,0.086731,0.194212
0.01,0.78852,0.094347,0.337733
0.0109,0.852969,0.056091,0.350296
0.008,1.399655,0.078169,0.638034
0.0117,1.034678,0.050776,0.229832
0.0138,0.928284,0.017417,0.15974
0.0092,1.192732,0.033825,0.134749
0.0129,0.802178,0.068246,0.346415
0.0088,1.13162,0.024684,0.241076
0.0138,0.942951,0.035112,0.193141
0.014,0.875778,0.097972,0.204047
0.0119,1.026314,0.090349,0.123041
0.01,0.959351,0.034429,0.097646
0.0122,0.859624,0.02345,0.138409
0.0112,0.889608,0.008936,0.162346
0.0135,1.024663,0.05676,0.044741
0.0137,1.142107,0.053139,0.16943
0.0134,0.847868,0.214754,0.826215
0.0114,0.963938,0.032605,0.043731
0.0128,1.193195,0.013202,0.128819
0.0147,1.088623,0.245259,1.000594
0.012,1.058149,0.166961,0.672187
0.0109,1.01452,0.007677,0.049206
0.0124,0.659057,0.013593,0.011054
0.0121,1.013254,0.078278,0.356957
0.0127,1.157559,0.090906,0.347832
0.0132,1.058907,0.076846,0.114194
0.0154,0.798107,0.056701,0.231557
0.0085,1.088036,0.031045,0.362344
0.0095,1.357735,0.019137,0.022844
0.0113,1.136279,0.030128,0.350683
0.0148,0.915428,0.146532,0.560077
0.0117,1.007798,0.023539,0.077944
0.0122,0.84581,0.009731,0.069775
0.0108,1.016055,0.041774,0.147904
0.0143,0.740306,0.064378,0.364747
0.0112,1.004035,0.012614,0.144874
0.0136,1.209291,0.09227,0.385641
0.0148,1.07087,0.036256,0.087807
0.0098,1.123363,0.047593,0.332003
0.0125,0.91172,0.020337,0.152948
0.0112,1.1074,0.04346,0.108167
0.01,1.361393,0.02654,0.31375
0.0137,0.940779,0.009458,0.109987
0.0132,1.026533,0.100097,0.469017
0.0118,1.040453,0.038606,0.069086
0.0127,1.002668,0.03248,0.279423
0.0129,0.888107,0.140067,0.486134
0.0134,0.91578,0.049956,0.182286
0.0127,1.167329,0.086862,0.456553
0.0127,1.194043,0.15449,0.590873
0.0118,0.880909,0.044284,0.187136
0.0111,1.101868,0.027662,0.021242
0.0095,1.126027,0.133549,0.568805
0.0129,1.139917,0.031166,0.053801
0.0102,0.913283,0.049793,0.2474
0.0122,0.839001,0.027449,0.108839
0.0147,0.900939,0.085996,0.418085
0.0133,1.013911,0.068679,0.289172
0.0146,0.865948,0.025368,0.053786
0.0131,0.883649,0.069207,0.084824
0.0144,0.82475,0.017067,0.094363
0.0144,0.996965,0.11605,0.297617
0.0139,0.879712,0.015454,0.182932
0.0124,1.154407,0.023565,0.14655
0.0116,1.136866,0.079316,0.289585
0.0123,0.860193,0.143452,0.440047
0.0129,0.886843,0.043781,0.072061
0.0119,1.292157,0.114264,0.440061
0.0118,0.857963,0.022621,0.233248
0.0135,1.069874,0.026057,0.039116
0.0132,1.035736,0.050723,0.042127
0.0148,0.942522,0.110264,0.443998
0.0134,1.038382,0.109635,0.328811
0.0109,1.206335,0.078406,0.374671
0.0146,0.954965,0.126375,0.378722
0.0126,0.941549,0.104818,0.46359
0.0149,0.875758,0.06753,0.172301
0.0115,1.214879,0.018542,0.119883
0.0142,0.853004,0.082731,0.373116
0.0108,1.117938,0.037725,0.022064
0.0146,1.000721,0.09509,0.236779
0.0132,0.843877,0.025513,0.096306
0.0133,1.234347,0.13747,0.397221
0.012,1.206062,0.059727,0.200005
0.0124,0.81065,0.083277,0.576037
0.0133,0.917661,0.04271,0.206094
0.0129,0.755884,0.029839,0.127526
0.0127,1.05163,0.154789,0.492403
0.0117,0.942356,0.07722,0.509543
0.0118,0.928589,0.012069,0.151077
0.0123,1.212325,0.096609,0.630056
0.0115,1.051138,0.02522,0.025301
0.0116,0.984113,0.022632,0.021849
0.009,1.089863,0.049027,0.267895
0.0113,1.444794,0.082272,0.306697
0.0113,1.204575,0.013379,0.083882
0.0125,0.866102,0.032249,0.068209
0.0135,1.032214,0.084951,0.522056
0.0068,1.558796,0.036112,0.255443
0.0147,1.087054,0.121273,0.469588
0.012,0.88779,0.023796,0.09719
0.0121,1.011343,0.10946,0.541433
0.0105,1.310818,0.014945,0.151488
0.0123,0.869775,0.066066,0.213598
0.0139,1.299872,0.044487,0.224297
0.0117,0.84025,0.031863,0.384293
0.0123,0.916725,0.079298,0.303758
0.0136,0.918108,0.041425,0.031529
0.0121,1.00202,0.045221,0.106039
0.0129,0.877983,0.135565,0.61421
0.0085,1.183798,0.051342,0.332262
0.0093,1.189854,0.09711,0.768873
0.0117,1.021071,0.028633,0.253614
0.0132,0.982235,0.034333,0.081334
0.0113,0.778213,0.065997,0.196076
0.0122,1.027204,0.035506,0.246893
0.0119,0.798832,0.012616,0.050177
0.0106,1.052471,0.069821,0.576603
0.0126,1.038731,0.115418,0.459268
0.0092,1.086432,0.073259,0.275006
0.011,0.9931,0.031514,0.041562
0.013,0.79316,0.011768,0.104404
0.0073,1.0755,0.024852,0.449776
0.013,0.926899,0.112211,0.70664
0.0113,1.097495,0.038732,0.2588
0.0131,1.239303,0.042693,0.209926
0.0109,1.090191,0.054889,0.110869
0.0099,1.050845,0.014645,0.038608
0.0123,0.969607,0.022745,0.074601
0.0134,0.896296,0.078399,0.173197
0.013,1.227965,0.17964,0.742365
0.0119,1.06821,0.155209,0.707542
0.0106,0.835799,0.032239,0.283744
0.0147,0.892727,0.121767,0.433397
0.0119,1.063578,0.026729,0.046553
0.0121,1.18102,0.015715,0.308638
0.0145,1.045259,0.054373,0.315217
0.0119,0.952447,0.006419,0.101702
0.0085,1.161093,0.033287,0.043244
0.0091,1.443302,0.074439,0.376276
0.0128,0.897655,0.109058,0.566992
0.0092,1.049378,0.029927,0.339202
0.0118,1.149207,0.061032,0.325206
0.0107,1.046466,0.017212,0.045875
0.0112,1.09694,0.201617,0.899705
0.0095,1.099803,0.019037,0.119048
0.0101,0.963977,0.026635,0.097004
0.0094,0.91582,0.025867,0.077188
0.0119,0.896187,0.046269,0.299139
0.0122,0.936267,0.075347,0.204895
0.0106,1.014677,0.052889,0.092047
0.01,1.190315,0.023791,0.294767
0.0121,0.964933,0.037511,0.125835
0.0066,1.653248,0.018165,0.051296
0.013,1.214488,0.086469,0.264327
0.0109,1.055393,0.018004,0.295432
0.0131,1.085919,0.036125,0.161164
0.012,1.151284,0.135193,0.59368
0.0113,0.996701,0.024136,0.056441
0.0128,0.787496,0.023849,0.058605
0.0128,1.103585,0.243624,1.089832
0.012,0.991839,0.052144,0.249391
0.0113,1.460841,0.051282,0.182213
0.0101,1.065937,0.023077,0.216847
0.0099,1.378262,0.0456,0.059346
0.0114,1.069084,0.070596,0.119373
0.0092,1.128714,0.033684,0.159836
0.0117,0.960313,0.098385,0.27594
0.0105,1.108079,0.072127,0.490412
0.0125,0.972485,0.099289,0.40548
0.0128,1.052573,0.065762,0.356704
0.0125,0.999214,0.011109,0.062988
0.0129,0.861259,0.097521,0.39721
0.0102,1.022809,0.001978,0.08475
0.009,1.663524,0.088581,0.615005
0.0108,0.885165,0.076345,0.21269
0.0117,1.179692,0.065314,0.327588
0.0105,1.085585,0.01105,0.112975
0.0111,1.156484,0.012817,0.129849
0.0127,0.876948,0.012807,0.050495
0.0129,1.127087,0.145931,0.424964
0.0117,1.227889,0.159647,0.503281
0.0106,0.963631,0.046354,0.421906
0.0095,1.065178,0.02121,0.082142
0.0081,1.132068,0.020919,0.050844
0.0123,1.066026,0.140743,0.476715
0.0122,0.898676,0.022262,0.097116
0.0133,1.043093,0.021737,0.17837
0.0089,1.191442,0.03636,0.027066
0.011,0.981278,0.016584,0.047705
0.0099,0.926787,0.032352,0.277234
0.0115,0.89463,0.028784,0.048147
0.0092,1.250636,0.03515,0.251583
0.0117,0.982392,0.00754,0.046671
0.0115,1.058927,0.028939,0.077169
0.0125,1.072785,0.070905,0.439043
0.0086,1.196776,0.05288,0.282496
0.0124,0.848262,0.050846,0.149382
0.0085,1.328908,0.037129,0.17011
0.0123,1.031356,0.005829,0.091711
0.0117,1.10157,0.077147,0.376889
0.0123,1.006927,0.096849,0.331324
0.0113,1.128443,0.061065,0.293302
0.0086,1.119702,0.036544,0.105644
0.0134,1.271656,0.081089,0.320001
0.0089,1.039177,0.019302,0.227263
0.0123,1.305875,0.085179,0.242696
0.0104,1.131871,0.02475,0.081108
0.0109,0.970365,0.09494,0.197099
0.01,0.963096,0.075864,0.248169
0.0112,1.433692,0.009174,0.012632
0.012,1.013159,0.021421,0.152825
0.0114,1.019027,0.02408,0.092087
0.0111,0.992478,0.036365,0.212578
0.0109,0.889062,0.011215,0.08452
0.0121,1.0019,0.028964,0.029168
0.0114,1.043735,0.091956,0.513797
0.0091,1.01936,0.083373,0.468436
0.0123,1.143711,0.04947,0.263496
0.0119,1.058928,0.003079,0.203784
0.0127,1.132759,0.105039,0.4991
0.0125,1.314736,0.04557,0.2198
0.0108,0.994614,0.127707,0.486388
0.0115,0.938218,0.18623,0.649849
0.0082,1.334456,0.052169,0.333196
0.0116,0.916856,0.060323,0.049093
0.0117,1.056983,0.029266,0.043244
0.0099,1.275604,0.022267,0.160311
0.0098,0.975134,0.008891,0.110888
0.008,1.47855,0.067951,0.354269
0.0104,1.345147,0.118586,0.339293
0.0117,1.010269,0.026566,0.039154
0.0118,0.987614,0.032791,0.074264
0.0123,0.908289,0.096381,0.354434
0.0115,1.052696,0.090235,0.514215
0.0118,0.911069,0.10241,0.309118
0.0088,1.153406,0.011689,0.048837
0.0089,1.211314,0.051439,0.505673
0.0104,1.230867,0.024814,0.04945
0.0123,1.183212,0.113005,0.5061
0.0076,1.391762,0.022606,0.099628
0.0108,0.961556,0.022285,0.02575
0.0111,0.958291,0.064136,0.631711
0.0102,1.094347,0.075738,0.468518
0.0119,0.856488,0.087699,0.366504
0.0123,0.848259,0.021728,0.146899
0.0107,1.004268,0.157718,0.553102
0.0077,1.03788,0.041051,0.435076
0.012,0.981634,0.006549,0.084865
0.0111,1.16686,0.011605,0.157331
0.0116,0.987917,0.029273,0.134913
0.0115,0.950523,0.070738,0.350696
0.0097,0.856973,0.016844,0.109642
0.0095,1.266879,0.055791,0.188864
0.0116,0.817992,0.022318,0.062869
0.0134,1.153645,0.013214,0.04532
0.0106,0.880024,0.109045,0.55172
0.009,1.204434,0.034383,0.089336
0.0112,1.04275,0.085412,0.454105
0.011,1.071762,0.11264,0.422261
0.0114,0.851566,0.012512,0.083261
0.0114,1.096804,0.038909,0.061915
0.011,1.147193,0.22835,0.748148
0.0095,1.335318,0.023214,0.10992
0.0116,0.997319,0.024004,0.205815
0.0104,1.29625,0.015991,0.062811
0.0094,1.226879,0.012159,0.038507
0.0095,0.92535,0.018554,0.067397
0.011,0.975912,0.071943,0.068565
0.0107,0.98006,0.050367,0.107397
0.0115,0.955972,0.019141,0.049333
0.0108,1.067954,0.097032,0.295133
0.0118,1.10599,0.060267,0.218771
0.0075,1.112136,0.030144,0.070118
0.0111,0.797943,0.032613,0.205389
0.0118,1.22715,0.016209,0.221304
0.0118,0.941162,0.072636,0.229088
0.0121,0.88919,0.016409,0.181692
0.0106,1.18126,0.028943,0.034143
0.0094,1.250636,0.029809,0.157033
0.0107,1.544655,0.027062,0.165315
0.0115,0.963126,0.049831,0.090791
0.0119,0.992468,0.071461,0.311999
0.0106,1.103776,0.089308,0.348508
0.012,0.780802,0.109076,0.527747
0.0105,1.224466,0.036158,0.403212
0.0104,1.023301,0.061821,0.344903
0.0101,1.060245,0.05565,0.132619
0.0123,1.165084,0.047385,0.355447
0.0067,1.324095,0.060018,0.533156
0.0099,0.937577,0.015951,0.17353
0.0089,1.312022,0.087112,0.51257
0.0117,1.105344,0.026803,0.260678
0.0078,1.36811,0.041754,0.415995
0.0114,0.905672,0.046923,0.274853
0.0109,0.902449,0.036839,0.242904
0.0113,1.06505,0.076167,0.416791
0.0076,1.212151,0.026658,0.459246
0.0097,1.272486,0.111969,0.657036
0.0083,1.199659,0.028508,0.187718
0.0102,0.990157,0.030367,0.229168
0.0108,1.146341,0.063529,0.323188
0.0087,1.034582,0.043641,0.368498
0.0077,1.242292,0.092315,0.40018
0.0112,0.981244,0.012181,0.14779
0.0092,1.139303,0.026753,0.24261
0.0129,0.905046,0.143795,0.423847
0.01,1.271184,0.01324,0.17801
0.008,1.251381,0.053797,0.436404
0.009,0.857493,0.056259,0.308425
0.0113,0.934852,0.018254,0.144201
0.0089,0.916897,0.11202,0.599972
0.0118,1.110668,0.122611,0.564654
0.0106,1.041365,0.045132,0.130369
0.0113,1.021188,0.106905,0.596344
0.01,1.17622,0.042304,0.295078
0.0109,0.911432,0.048303,0.234686
0.0115,0.91119,0.02512,0.023688
0.0084,1.275734,0.081773,0.595052
0.0115,1.074131,0.106648,0.65388
0.0124,1.283191,0.109708,0.582706
0.0106,1.041281,0.025938,0.156407
0.0103,1.15767,0.103117,0.647116
0.0045,1.340306,0.065918,0.741725
0.0102,0.810039,0.082315,0.311292
0.0088,0.970863,0.023786,0.176666
0.0116,1.109605,0.124558,0.447557
0.0102,1.54811,0.020603,0.055104
0.0086,1.377358,0.0109,0.210937
0.0102,0.904218,0.028479,0.099951
0.0101,1.077964,0.034633,0.131756
0.0098,0.915439,0.026727,0.064491
0.0105,1.219123,0.018059,0.227005
0.0081,1.074874,0.048428,0.055786
0.0111,0.93993,0.022436,0.087371
0.0094,1.250388,0.041878,0.044715
0.0096,0.948185,0.047271,0.372026
0.0107,1.070338,0.073217,0.294043
0.0098,1.149119,0.04632,0.108303
0.0076,1.08214,0.04722,0.300792
0.0103,1.04257,0.010242,0.022588
0.0106,1.106716,0.060613,0.118103
0.0071,1.152777,0.013455,0.186124
0.0108,1.233768,0.08449,0.497172
0.0104,1.194305,0.017908,0.092736
0.0115,1.011108,0.124927,0.415234
0.0104,1.041892,0.019208,0.076065
0.0106,0.883343,0.138784,0.63589
0.0109,0.863014,0.004813,0.062865
0.0103,0.919057,0.121228,0.518058
0.0113,0.970054,0.053144,0.15378
0.0103,0.971241,0.071926,0.464186
0.0103,0.862532,0.024787,0.135194
0.0092,1.493666,0.121692,0.532098
0.0094,1.036361,0.027789,0.249767
0.0094,1.148708,0.015428,0.165316
0.0092,1.036935,0.014284,0.02843
0.0105,1.165818,0.007652,0.127529
0.0071,1.536498,0.054828,0.302878
0.0077,1.288416,0.010987,0.281689
0.0108,1.007632,0.045114,0.205105
0.011,1.241889,0.177574,0.889794
0.0095,1.415493,0.0162,0.027026
0.0079,1.664358,0.029908,0.198921
0.0105,0.885099,0.031186,0.056874
0.0099,0.917554,0.052704,0.19678
0.0083,1.008262,0.029639,0.11863
0.0106,1.07935,0.017208,0.064966
0.0106,0.772339,0.052943,0.105578
0.0103,1.217687,0.072072,0.343062
0.0067,1.157011,0.012054,0.108708
0.0088,1.130081,0.01808,0.095104
0.0071,1.335409,0.097487,0.528743
0.0109,1.245519,0.05657,0.197295
0.0105,1.158042,0.064032,0.461137
0.0071,0.990657,0.031482,0.21409
0.0099,1.584265,0.114058,0.702589
0.0089,1.008952,0.038279,0.197423
0.0088,1.225946,0.023372,0.072955
0.0114,0.987794,0.011745,0.082848
0.0096,1.216384,0.037112,0.045139
0.0106,1.019447,0.014887,0.109224
0.0065,1.707952,0.080402,0.805171
0.0112,1.15725,0.137152,0.55417
0.0105,1.329418,0.019431,0.076279
0.011,1.136779,0.115543,0.328485
0.0102,1.26509,0.08575,0.352894
0.0105,0.93573,0.090524,0.327656
0.0114,0.750473,0.078835,0.226092
0.0072,1.216943,0.117145,0.647494
0.0097,1.405291,0.039869,0.485339
0.008,1.27361,0.021183,0.252354
0.0111,1.298733,0.024684,0.045029
0.0087,1.163731,0.028122,0.060257
0.0085,1.324204,0.039328,0.35992
0.0106,1.138851,0.201605,0.767265
0.0091,1.05937,0.080749,0.262365
0.0103,1.158518,0.013181,0.074604
0.0103,1.333405,0.093219,0.373797
0.0118,1.106458,0.07972,0.223061
0.0092,0.970961,0.035631,0.145343
0.0092,1.545265,0.010207,0.100875
0.0081,1.375303,0.013264,0.190825
0.0112,1.01384,0.03926,0.191527
0.0115,1.022081,0.040742,0.340381
0.0097,0.830263,0.079471,0.263118
0.0102,1.129061,0.129444,0.419251
0.0094,1.437951,0.095609,0.488157
0.0091,1.405913,0.16048,0.681909
0.0069,1.334692,0.028434,0.17535
0.0099,0.92209,0.021521,0.047728
0.0105,0.981081,0.06013,0.300868
0.0115,1.235744,0.023692,0.127947
0.0091,1.22216,0.034075,0.098924
0.0097,0.9622,0.075018,0.464182
0.008,1.13773,0.057307,0.123741
0.0098,1.093103,0.020654,0.187295
0.0109,0.829776,0.038661,0.149978
0.0096,1.15213,0.083862,0.640022
0.0099,0.912444,0.053445,0.270804
0.0095,1.054025,0.030415,0.04164
0.0103,1.151063,0.139828,0.752986
0.0091,0.872952,0.069254,0.302128
0.0102,0.923246,0.026766,0.073738
0.0083,1.451247,0.019267,0.095764
0.0037,2.031358,0.032611,0.078251
0.007,1.343808,0.027472,0.227608
0.0097,1.324647,0.070764,0.585586
0.0097,1.033197,0.034327,0.14533
0.0103,0.901438,0.102158,0.21118
0.0093,1.303443,0.082822,0.581334
0.0104,1.248922,0.014837,0.166446
0.0103,1.207412,0.041447,0.087926
0.0104,1.117113,0.012249,0.096018
0.011,1.127044,0.020135,0.08347
0.0092,1.395534,0.014383,0.193871
0.0093,1.229417,0.029325,0.060955
0.0088,1.177023,0.049352,0.292831
0.0105,0.994176,0.077832,0.32042
0.0109,1.121538,0.183701,0.691295
0.0099,0.955193,0.020374,0.23869
0.0093,1.304828,0.046828,0.247063
0.0094,0.9096,0.033237,0.251693
0.0082,1.403458,0.095018,0.585008
0.0095,1.221212,0.020244,0.113625
0.0068,1.190588,0.041343,0.161651
0.0095,0.987512,0.017975,0.14023
0.0102,0.998199,0.093494,0.507862
0.0096,1.082902,0.047891,0.242841
0.011,0.973131,0.021805,0.098803
0.0084,1.05503,0.015869,0.11131
0.0089,1.824941,0.211717,1.270151
0.0109,1.303513,0.103231,0.564575
0.0097,1.118998,0.045182,0.281334
0.0094,1.104917,0.017107,0.260812
0.0092,1.100575,0.022344,0.01935
0.0055,1.398358,0.023564,0.061597
0.0109,1.07977,0.088636,0.632934
0.011,0.927511,0.03137,0.131473
0.0103,1.016274,0.095476,0.55254
0.01,0.810037,0.064124,0.317979
0.0094,1.16574,0.079081,0.368312
0.0087,1.146538,0.051509,0.109117
0.0097,1.067664,0.047364,0.205984
0.0087,1.063559,0.045094,0.161255
0.0103,1.105787,0.007054,0.110421
0.01,0.89021,0.040612,0.227754
0.0091,1.231134,0.010365,0.294732
0.0094,1.04164,0.015036,0.27229
0.0097,1.232737,0.02646,0.195669
0.0101,0.998356,0.02381,0.291614
0.0103,1.041657,0.050598,0.144615
0.0096,1.098954,0.022677,0.439672
0.0061,1.414903,0.045756,0.318202
0.0092,1.030095,0.095977,0.494661
0.0103,1.001919,0.063182,0.315662
0.0039,1.424737,0.031675,0.149588
0.0092,1.269448,0.049418,0.313151
0.0087,1.201164,0.032688,0.027028
0.0103,1.210075,0.020265,0.237581
0.0086,1.021672,0.037063,0.266874
0.0101,1.43901,0.068691,0.269818
0.0062,1.337168,0.042357,0.156189
0.0098,0.915925,0.017618,0.040444
0.0093,1.564265,0.042676,0.042168
0.0095,1.156238,0.004426,0.115581
0.0102,0.909714,0.022415,0.089268
0.0106,0.913567,0.049854,0.243817
0.0091,1.238815,0.023407,0.114733
0.0101,1.242712,0.069213,0.29536
0.0103,1.192311,0.015222,0.13545
0.0097,1.634491,0.118133,0.552163
0.0092,1.053566,0.024247,0.19152
0.0089,1.157401,0.013222,0.299155
0.0098,1.177514,0.063986,0.339907
0.0095,1.114666,0.036686,0.255415
0.0067,1.729415,0.019543,0.075909
0.0091,0.719298,0.059534,0.364462
0.0087,1.319059,0.102336,0.738739
0.0094,1.061201,0.067511,0.27165
0.0097,0.978664,0.057412,0.487508
0.0097,1.123203,0.014004,0.175634
0.0086,1.349698,0.018051,0.060666
0.0098,1.158166,0.050305,0.105497
0.0111,1.116058,0.054316,0.26536
0.007,1.272249,0.018747,0.168863
0.0072,1.394738,0.023638,0.130733
0.0079,1.403238,0.020709,0.075009
0.009,1.157141,0.020573,0.202205
0.0097,1.134968,0.023912,0.237931
0.0093,0.892509,0.076307,0.180439
0.0093,1.27737,0.014794,0.1157
0.0079,1.336567,0.063159,0.250203
0.0086,1.256346,0.02576,0.144457
0.0079,1.401739,0.018639,0.176548
0.0096,1.1255,0.060967,0.238036
0.0098,1.331586,0.021011,0.09509
0.0087,1.044638,0.017661,0.08917
0.0102,0.971062,0.014134,0.321597
0.0104,1.266576,0.018834,0.059703
0.0092,1.377811,0.058576,0.501299
0.0093,1.239246,0.051676,0.239058
0.0115,0.713856,0.037844,0.134684
0.0096,1.064273,0.009736,0.05148
0.0097,1.423801,0.148095,0.745611
0.0089,1.187694,0.058209,0.338914
0.0105,1.000706,0.082319,0.361844
0.0095,1.228499,0.073064,0.412621
0.0104,1.147758,0.052128,0.244927
0.0097,1.29256,0.036547,0.106323
0.0099,1.253301,0.008602,0.260231
0.0087,1.354484,0.09655,0.465746
0.0099,1.035968,0.010679,0.088946
0.0094,1.17114,0.094827,0.320228
0.0084,1.373404,0.077502,0.328608
0.0092,1.450252,0.140458,0.882312
0.009,1.078517,0.02064,0.070591
0.0084,1.086627,0.031144,0.280232
0.0096,1.282019,0.03517,0.328912
0.0101,1.151864,0.017974,0.058545
0.0051,1.357116,0.054934,0.514588
0.0087,1.113953,0.026799,0.032548
0.0107,1.064065,0.026777,0.111893
0.0064,2.175236,0.037972,0.246196
0.0088,0.985979,0.084936,0.426606
0.0101,1.032285,0.025153,0.303309
0.0097,0.959118,0.035893,0.238195
0.0087,1.393459,0.042855,0.246095
0.0083,1.284761,0.033955,0.195898
0.0082,1.233895,0.029734,0.379646
0.0094,1.105921,0.009373,0.123166
0.0067,1.55324,0.047888,0.212441
0.0089,1.166268,0.004957,0.048054
0.0046,1.721506,0.076901,0.822004
0.0075,1.241576,0.014979,0.049061
0.0079,1.480413,0.044268,0.499734
0.0052,1.158717,0.020694,0.05506
0.0107,1.061546,0.075979,0.28863
0.0092,1.472176,0.099595,0.593106
0.0102,1.26782,0.028762,0.136838
0.0083,1.142663,0.06413,0.438127
0.0091,1.170287,0.062097,0.113902
0.0106,0.804428,0.045755,0.388334
0.0096,1.023561,0.030036,0.146616
0.0087,1.457396,0.038689,0.153577
0.0077,1.213376,0.012472,0.047807
0.006,1.849996,0.02695,0.079402
0.0091,1.243438,0.151195,0.627258
0.0099,1.415523,0.066574,0.400316
0.0108,0.965711,0.046216,0.033252
0.0064,1.264936,0.015925,0.072509
0.0098,1.029379,0.006792,0.128206
0.0077,1.114086,0.021644,0.082246
0.0101,1.271461,0.015633,0.037217
0.0092,0.96182,0.022879,0.201365
0.0085,1.260734,0.048139,0.19647
0.0096,1.271533,0.034347,0.171063
0.0101,1.183414,0.017649,0.127724
0.0087,1.298597,0.056906,0.234623
0.0109,1.060252,0.081115,0.239725
0.0088,1.0878,0.026319,0.298808
0.0092,1.12911,0.038546,0.223876
0.0083,1.222232,0.001902,0.261068
0.0059,1.386204,0.042542,0.307168
0.0106,1.291159,0.157528,0.733109
0.0103,1.054439,0.02579,0.042465
0.0098,1.022214,0.075439,0.339967
0.0104,0.969453,0.03312,0.220231
0.0111,0.984658,0.011665,0.12146
0.005,2.19552,0.008983,0.329969
0.0102,1.393168,0.047969,0.086835
0.0067,1.185251,0.047046,0.329333
0.0087,1.34864,0.009595,0.089034
0.0093,1.283529,0.025348,0.083789
0.0084,1.098735,0.087148,0.592302
0.0094,1.119902,0.115257,0.642982
0.0093,1.139899,0.15081,0.599005
0.0084,1.138404,0.053122,0.421178
0.0071,1.261746,0.014549,0.232862
0.006,1.885189,0.032622,0.529643
0.0055,1.239767,0.054095,0.635472
0.0097,1.21531,0.053104,0.562172
0.0086,1.066786,0.025288,0.354447
0.0078,1.397572,0.057915,0.302782
0.0067,1.355444,0.031954,0.082316
0.0088,1.138674,0.017123,0.066175
0.0071,1.603436,0.026894,0.257058
0.0096,0.996007,0.017762,0.088501
0.0089,1.086416,0.013406,0.192205
0.0082,1.126411,0.100137,0.371063
0.0088,1.049478,0.051479,0.108532
0.008,1.590768,0.008312,0.034582
0.009,1.104309,0.042814,0.340952
0.0096,1.037857,0.022255,0.072396
0.0071,1.313832,0.085476,0.289942
0.0093,1.558151,0.075788,0.285824
0.0067,1.522211,0.062714,0.481064
0.0091,1.540838,0.087601,0.464727
0.0069,1.22865,0.017371,0.203515
0.0082,0.919867,0.149226,1.132287
0.011,1.080859,0.042896,0.072291
0.0063,1.42463,0.024569,0.047345
0.0073,1.09301,0.029494,0.480032
0.0103,1.193114,0.011223,0.101726
0.0087,1.106454,0.01953,0.109921
0.0093,1.065294,0.011611,0.079303
0.0053,1.347977,0.029629,0.175005
0.0085,1.210481,0.093231,0.59286
0.0069,1.947343,0.086044,0.585699
0.0088,1.031992,0.041473,0.072473
0.0065,1.396522,0.021182,0.163516
0.0075,1.443425,0.060238,0.406554
0.0047,2.202859,0.040812,0.117236
0.0087,1.216746,0.047843,0.450026
0.009,1.256179,0.018957,0.067347
0.0074,1.188832,0.018933,0.11551
0.0058,1.22,0.013802,0.129561
0.0079,1.080686,0.024297,0.303847
0.0092,1.506849,0.0451,0.281167
0.0083,1.248599,0.015519,0.053525
0.0102,1.059661,0.094844,0.335852
0.0103,1.09733,0.196938,0.980461
0.0046,1.693458,0.064331,0.65593
0.0089,1.28743,0.111601,0.327791
0.0093,1.162544,0.026037,0.123248
0.0096,1.182391,0.031503,0.212564
0.0069,1.26454,0.015141,0.337978
0.0078,1.757261,0.018001,0.118722
0.0096,0.865193,0.117628,0.693044
0.005,1.46048,0.057136,0.536646
0.0087,1.262019,0.037125,0.037573
0.0067,1.601146,0.018949,0.221542
0.0091,1.195298,0.022594,0.078848
0.0088,1.145016,0.019971,0.016321
0.007,1.563099,0.018824,0.223054
0.0091,0.913405,0.106208,0.713581
0.0089,1.25627,0.113247,0.545523
0.01,1.042458,0.019679,0.103525
0.0078,1.431171,0.044094,0.319145
0.0102,1.40482,0.084819,0.557352
0.0088,1.5565,0.024862,0.131524
0.0095,1.126557,0.041482,0.12608
0.0082,1.121814,0.021504,0.231065
0.0094,1.113509,0.084424,0.249255
0.0062,1.535527,0.026393,0.116227
0.0078,0.978959,0.009348,0.076173
0.0062,1.510489,0.033653,0.119965
0.0076,1.056947,0.008536,0.113012
0.0085,1.056632,0.006106,0.109398
0.0097,1.390332,0.056104,0.476417
0.0087,1.088138,0.117447,0.565729
0.0089,1.209363,0.014774,0.259455
0.0077,1.294194,0.014419,0.118315
0.0063,1.186359,0.057838,0.30635
0.0078,1.989919,0.060163,0.187335
0.0096,1.388345,0.196656,1.09599
0.0084,1.016913,0.04929,0.041344
0.0074,1.1968,0.041707,0.268933
0.0079,1.483913,0.098812,0.783259
0.0066,1.215182,0.035113,0.398212
0.0089,1.032485,0.009058,0.07479
0.0081,1.08889,0.071585,0.475644
0.0077,1.571407,0.065929,0.605115
0.0099,1.422046,0.017456,0.100324
0.0083,1.229231,0.055215,0.312834
0.0086,1.25551,0.071752,0.56846
0.0065,1.885708,0.026104,0.077685
0.0073,1.900035,0.049879,0.080375
0.007,1.775166,0.098799,0.522528
0.0095,1.139686,0.041318,0.14066
0.01,0.888786,0.058883,0.120139
0.0088,1.197478,0.051794,0.192009
0.0094,0.963307,0.046625,0.083809
0.0084,1.540882,0.017572,0.07761
0.0094,1.543328,0.089832,0.36571
0.0078,1.468478,0.082346,0.38231
0.0087,2.787304,0.0761,0.357374
0.0054,1.370428,0.0201,0.080599
0.0088,1.244134,0.094694,0.195409
0.008,1.225725,0.009335,0.098574
0.0076,1.198925,0.017503,0.202342
0.0082,1.299535,0.012623,0.028057
0.0084,1.026268,0.037323,0.075577
0.0088,1.045681,0.013284,0.308991
0.0073,1.64102,0.005825,0.174732
0.0079,1.337265,0.034759,0.26322
0.009,1.0634,0.016972,0.298128
0.0096,1.210701,0.044606,0.250552
0.0076,1.022182,0.030662,0.053484
0.0076,1.358181,0.039454,0.321511
0.0065,1.20691,0.05766,0.200238
0.0096,1.157656,0.023164,0.014774
0.0094,1.166306,0.0165,0.053316
0.0089,1.28844,0.022101,0.078544
0.008,1.187837,0.020213,0.155115
0.0091,1.008606,0.001575,0.131397
0.0084,1.311414,0.00681,0.0273
0.0082,1.09227,0.015088,0.198389
0.0085,1.121944,0.104245,0.496496
0.0071,1.173767,0.037671,0.162302
0.0085,0.992654,0.041845,0.503023
0.008,1.270515,0.053567,0.45545
0.0088,1.02736,0.010139,0.182421
0.0074,1.485383,0.069753,0.26911
0.0093,1.310981,0.0765,0.609124
0.0071,1.257724,0.023414,0.122801
0.009,1.083157,0.090569,0.513507
0.0084,1.092543,0.018801,0.05416
0.0078,1.210482,0.058393,0.405513
0.0056,1.24489,0.039597,0.206904
0.0095,1.155341,0.026017,0.273164
0.0088,1.282604,0.028385,0.277851
0.0065,1.273071,0.007715,0.044144
0.008,1.170768,0.025282,0.127994
0.0063,1.729812,0.022779,0.064206
0.0084,1.185753,0.023168,0.029113
0.0093,0.982949,0.081957,0.539367
0.0087,1.260827,0.040829,0.099791
0.0053,1.718,0.027989,0.163121
0.0089,1.017497,0.028866,0.086241
0.0068,1.216706,0.026616,0.421409
0.0084,0.988169,0.045269,0.188836
0.0091,1.426327,0.092304,0.529482
0.0086,1.20602,0.037143,0.207289
0.0084,1.258233,0.013096,0.122612
0.0086,1.264448,0.068693,0.412617
0.0074,1.237628,0.06187,0.411422
0.0089,1.080252,0.041736,0.321414
0.0074,1.382656,0.013371,0.063638
0.0088,1.06942,0.020601,0.057125
0.0085,1.241757,0.034157,0.357371
0.0069,1.044159,0.013388,0.182108
0.0082,1.519327,0.024322,0.259639
0.0089,1.055122,0.062217,0.480948
0.0101,1.166613,0.020773,0.044264
0.0081,1.238992,0.14693,0.673248
0.0084,1.346649,0.045278,0.079574
0.006,2.251567,0.050244,0.429788
0.008,1.491673,0.035417,0.193751
0.0087,1.210769,0.140546,0.677611
0.0063,1.290092,0.028164,0.172684
0.0086,1.249585,0.163947,0.881405
0.0081,1.429255,0.067236,0.561756
0.0084,1.564487,0.031794,0.058091
0.0063,1.341335,0.080721,0.676719
0.0064,1.585747,0.040955,0.132527
0.0069,1.270353,0.026392,0.217672
0.0084,1.095538,0.061378,0.55887
0.0067,1.171638,0.040273,0.529641
0.0074,1.229905,0.067056,0.466975
0.0077,1.084723,0.078389,0.69474
0.0071,1.449399,0.066471,0.51693
0.0045,1.574563,0.017696,0.113853
0.0064,1.680224,0.031403,0.1673
0.0074,1.125127,0.023709,0.080105
0.0059,1.577776,0.067495,0.69818
0.0075,1.116377,0.017287,0.21898
0.0068,1.233002,0.081724,0.39426
0.0082,1.704243,0.087057,0.598535
0.0086,1.204145,0.108928,0.691465
0.0073,1.270115,0.086605,0.178277
0.0085,1.146302,0.02973,0.173675
0.0079,1.179168,0.055771,0.242556
0.0054,1.197134,0.020651,0.103052
0.007,1.446222,0.022664,0.034078
0.0086,1.216414,0.014981,0.132236
0.0074,0.977059,0.022871,0.242844
0.0087,1.128807,0.013346,0.209437
0.0072,1.757063,0.012738,0.032186
0.0077,1.227679,0.029343,0.154504
0.0079,1.833865,0.061787,0.417466
0.0074,1.459137,0.057226,0.169207
0.0086,1.320866,0.055364,0.316462
0.0089,1.102959,0.060386,0.062212
0.0094,1.12587,0.018407,0.076231
0.0084,0.909291,0.013844,0.174139
0.0085,1.374629,0.086056,0.267255
0.009,1.163348,0.08084,0.342201
0.0079,1.210536,0.043712,0.375035
0.0086,1.246069,0.069202,0.271432
0.0088,0.854537,0.103168,0.459642
0.0083,1.235556,0.017119,0.108455
0.0075,0.987898,0.022886,0.302201
0.0066,1.615807,0.054239,0.104156
0.0057,1.505046,0.062414,0.466223
0.0064,1.338734,0.088192,0.653674
0.0068,1.302303,0.042033,0.044259
0.0093,1.106014,0.038911,0.407239
0.0078,1.141801,0.14582,0.81885
0.0085,0.973307,0.014717,0.074349
0.006,1.634403,0.025998,0.114574
0.0073,1.948044,0.160666,1.020166
0.0079,1.01977,0.055004,0.185087
0.0083,1.134418,0.013783,0.191333
0.0078,1.200655,0.004471,0.127006
0.0088,1.018956,0.03171,0.246227
0.0072,1.164281,0.060992,0.321358
0.0074,1.135917,0.034384,0.114338
0.0086,1.160099,0.033495,0.078846
0.008,1.375547,0.018043,0.060754
0.0069,1.223654,0.015477,0.037965
0.0076,1.414242,0.089368,0.524449
0.0091,1.421426,0.030783,0.112697
0.0076,1.446803,0.138484,0.781212
0.0066,1.434965,0.030761,0.48089
0.0087,1.089032,0.037118,0.328588
0.008,0.993562,0.022724,0.07234
0.0071,1.508835,0.016242,0.180935
0.0089,1.009031,0.037164,0.014318
0.0081,1.071758,0.123645,0.669541
0.0083,1.458958,0.100856,0.667048
0.0097,1.50542,0.035867,0.150851
0.0067,1.460788,0.016113,0.046484
0.0091,1.308432,0.163931,0.69048
0.008,1.446324,0.048569,0.398198
0.0059,1.59817,0.015204,0.172914
0.0074,1.337923,0.106067,0.421899
0.0081,1.700282,0.163468,0.78808
0.0076,1.322293,0.029813,0.272043
0.0082,1.032746,0.099662,0.550089
0.0083,1.675703,0.085198,0.31547
0.0067,1.314081,0.018747,0.015519
0.0087,0.970956,0.034694,0.261465
0.0096,1.292585,0.075103,0.258531
0.0084,1.115714,0.097514,0.341405
0.0045,1.364732,0.128847,0.845356
0.0073,1.223563,0.091791,0.427862
0.005,1.241624,0.038819,0.387356
0.0078,1.60869,0.060973,0.283406
0.009,1.026376,0.057863,0.149503
0.0091,1.147574,0.133569,0.704198
0.0071,1.257426,0.035977,0.111892
0.0055,1.410377,0.018553,0.231373
0.0061,1.378402,0.01414,0.227452
0.0086,1.209874,0.035637,0.184113
0.0091,1.08948,0.045286,0.154089
0.0055,1.270752,0.051432,0.369501
0.0086,1.206341,0.084879,0.588536
0.0094,1.075944,0.022497,0.288352
0.0067,2.075768,0.023077,0.357687
0.0079,1.262564,0.034627,0.173584
0.0074,1.387316,0.045026,0.362249
0.0075,1.320202,0.058256,0.145753
0.0078,1.56842,0.008047,0.097574
0.0075,1.136589,0.019092,0.134411
0.0078,1.216916,0.021766,0.168432
0.0086,1.486935,0.094393,0.385097
0.0079,1.205044,0.077329,0.454177
0.0071,1.221777,0.010512,0.103021
0.0074,1.612639,0.012681,0.114666
0.0034,2.057405,0.024554,0.272383
0.0088,1.127604,0.010563,0.200626
0.0062,1.132553,0.068001,0.367246
0.0087,1.155517,0.055275,0.406154
0.0055,1.382556,0.003454,0.128219
0.0092,1.369084,0.17172,0.695977
0.009,1.124725,0.040725,0.235503
0.0089,0.913992,0.071701,0.339928
0.0064,1.67109,0.008845,0.154314
0.0089,1.139647,0.009216,0.04811
0.0078,1.212194,0.046413,0.234932
0.0031,1.571819,0.05093,0.568619
0.0063,1.080398,0.009118,0.222894
0.0082,1.11619,0.066198,0.137748
0.006,1.407677,0.019016,0.192711
0.009,1.159552,0.093999,0.544426
0.0087,0.934466,0.072018,0.222772
0.0076,1.623532,0.038036,0.163126
0.0078,0.904207,0.023845,0.303391
0.0081,1.087988,0.015797,0.049281
0.0094,0.871657,0.007664,0.199801
0.0079,1.284328,0.028203,0.164729
0.0078,0.931862,0.021654,0.058913
0.0043,1.655772,0.02013,0.263706
0.009,1.34676,0.141992,0.737369
0.008,1.582794,0.07953,0.323228
0.0089,1.074141,0.010966,0.086526
0.0044,2.426308,0.079888,0.51909
0.008,1.372863,0.01252,0.094512
0.0066,1.859133,0.013308,0.378745
0.008,1.662133,0.018585,0.243299
0.0083,1.213514,0.026446,0.258023
0.0084,1.189998,0.053467,0.285262
0.009,1.168689,0.043191,0.528757
0.0074,1.239837,0.02171,0.232803
0.0089,1.276486,0.028331,0.166642
0.0054,1.202924,0.014992,0.106554
0.009,1.229871,0.023486,0.228323
0.0091,1.660644,0.043173,0.436729
0.0058,1.313304,0.068144,0.372887
0.0087,1.251648,0.014373,0.066571
0.0071,1.101492,0.025712,0.103842
0.0089,1.278884,0.008745,0.27299
0.0073,1.140886,0.012908,0.068226
0.008,1.231156,0.005592,0.178736
0.0068,1.289907,0.017952,0.145994
0.0076,1.055267,0.033857,0.324612
0.0076,1.204742,0.053021,0.299928
0.0078,1.229724,0.028286,0.056019
0.0066,2.453973,0.104866,0.591371
0.0081,1.165281,0.074719,0.779904
0.0065,2.110062,0.054959,0.339541
0.0056,1.388856,0.053545,0.425175
0.0076,1.092348,0.036436,0.06051
0.0082,1.300109,0.05896,0.487472
0.0091,1.580871,0.237757,1.243998
0.0052,2.059994,0.03118,0.380416
0.009,1.105325,0.0301,0.282393
0.0083,1.000279,0.041998,0.134709
0.0069,1.613442,0.032379,0.521914
0.0067,1.373503,0.040321,0.140757
0.008,1.335515,0.009104,0.101743
0.008,1.977176,0.166556,1.09104
0.0076,1.413614,0.060949,0.189565
0.0027,2.351416,0.0077,0.158771
0.0076,1.207041,0.04571,0.180243
0.0079,1.207423,0.060504,0.493909
0.0069,2.062065,0.094292,0.590574
0.0065,1.62925,0.026165,0.110812
0.0071,1.242761,0.031865,0.109601
0.0077,1.266663,0.01595,0.187782
0.0058,1.007006,0.035886,0.570884
0.0051,1.83121,0.018224,0.050083
0.007,1.220989,0.071173,0.118776
0.0078,1.073978,0.015515,0.095363
0.0067,1.231263,0.015844,0.210369
0.0073,1.555324,0.047046,0.034891
0.0089,1.281754,0.059913,0.155706
0.0077,1.110592,0.025574,0.091857
0.007,1.208623,0.055376,0.256105
0.0068,1.676515,0.07805,0.482976
0.0065,1.364625,0.019621,0.104634
0.0077,1.038762,0.010616,0.124553
0.0082,1.143553,0.073119,0.362322
0.0064,0.972636,0.12711,0.811522
0.0081,1.328903,0.015963,0.093112
0.0084,1.379838,0.03429,0.297667
0.0078,1.447536,0.014561,0.172884
0.0073,1.433903,0.090657,0.544605
0.0081,1.326335,0.010061,0.140304
0.007,1.682126,0.0247,0.009537
0.0068,1.219088,0.053404,0.2796
0.0076,1.164744,0.03455,0.123057
0.0082,1.334228,0.047352,0.081349
0.0068,0.969206,0.006306,0.07707
0.0082,1.17539,0.024175,0.060489
0.0068,1.467085,0.007788,0.056487
0.0074,1.31675,0.021432,0.122754
0.0071,1.377962,0.0191,0.029416
0.0068,1.432092,0.055611,0.157317
0.0061,1.467272,0.005923,0.195279
0.0085,1.202344,0.061662,0.459881
0.0052,1.455503,0.054131,0.598605
0.0076,1.298429,0.0061,0.069137
0.0068,0.979369,0.091915,0.502473
0.008,1.154566,0.017497,0.05374
0.0067,1.042237,0.011188,0.232109
0.0073,1.378786,0.070728,0.439509
0.0059,1.530914,0.011198,0.353533
0.0075,0.991302,0.018922,0.104126
0.0063,1.619651,0.010413,0.11302
0.0069,1.387197,0.049215,0.155027
0.0076,1.19368,0.011449,0.147082
0.0082,0.997449,0.020768,0.091095
0.0059,1.41951,0.031958,0.194274
0.0061,2.112172,0.071403,0.705632
0.0081,1.287736,0.013914,0.240161
0.0067,1.36785,0.028121,0.234702
0.0067,1.260103,0.01501,0.216064
0.0062,1.597056,0.030786,0.043602
0.008,0.985826,0.057208,0.253533
0.0066,1.216273,0.018508,0.155311
0.0085,1.472253,0.130743,0.751789
0.0075,1.25211,0.119381,0.571629
0.0074,1.367656,0.062842,0.235574
0.0046,1.611541,0.028765,0.273449
0.0077,1.430887,0.039279,0.269185
0.0076,1.320858,0.009019,0.062799
0.0073,1.240067,0.049019,0.408783
0.007,1.305922,0.011597,0.112909
0.0075,1.289231,0.096513,0.562085
0.007,1.347906,0.008189,0.061034
0.0068,1.373619,0.012866,0.038496
0.0065,1.761392,0.009167,0.198196
0.0064,1.540083,0.030805,0.186125
0.0083,1.044348,0.032992,0.06289
0.0067,1.201785,0.038409,0.494175
0.0075,1.154135,0.035311,0.115765
0.0067,1.345374,0.011967,0.322855
0.0078,1.330356,0.02112,0.065517
0.0067,1.57477,0.036712,0.21102
0.0066,1.368813,0.081411,0.554732
0.0067,0.92711,0.031247,0.148051
0.0076,1.421784,0.076522,0.362456
0.0074,1.063264,0.030766,0.151508
0.0075,1.229297,0.023505,0.067717
0.0073,1.422223,0.092066,0.404279
0.0079,1.121558,0.121806,0.470752
0.0063,1.59931,0.035038,0.170875
0.0057,1.442655,0.020451,0.067357
0.0075,1.426362,0.104927,0.805305
0.0025,2.28968,0.034793,0.432854
0.0062,1.560374,0.015311,0.081301
0.0073,1.597696,0.028872,0.14183
0.0058,1.320542,0.033677,0.150483
0.0067,1.445965,0.021114,0.178884
0.0065,1.307754,0.063476,0.166345
0.0063,1.298993,0.049255,0.256866
0.0073,1.165686,0.024,0.045832
0.0049,1.969929,0.029191,0.07955
0.0031,2.789674,0.082516,0.88446
0.0061,1.155137,0.01412,0.308672
0.0067,1.3439,0.011528,0.142966
0.0077,1.303413,0.148201,0.790132
0.0071,1.406101,0.045458,0.262646
0.0066,1.535926,0.056184,0.234599
0.0055,1.458679,0.039577,0.196236
0.0063,1.117341,0.084584,0.429103
0.0068,1.443162,0.03797,0.196358
0.0057,1.18999,0.025242,0.161475
0.0072,1.443461,0.017833,0.143344
0.0069,1.435247,0.022461,0.257161
0.0061,1.586066,0.029659,0.322757
0.0081,1.354202,0.004177,0.228753
0.0061,1.864613,0.023523,0.051975
0.0056,1.638068,0.014322,0.279679
0.008,1.051191,0.036534,0.29479
0.0075,1.009433,0.06427,0.399624
0.0071,1.496004,0.048244,0.341349
0.0074,0.926632,0.04104,0.060594
0.0082,1.058707,0.024777,0.17274
0.0075,1.470328,0.065076,0.333986
0.0066,1.175654,0.045471,0.367818
0.0032,3.171361,0.046501,0.391836
0.0069,1.38566,0.055963,0.295059
0.0075,1.481446,0.067707,0.489221
0.0062,1.530648,0.067191,0.502075
0.0063,1.413162,0.029531,0.162088
0.0051,1.296319,0.011658,0.095904
0.0081,1.382249,0.056605,0.348434
0.0066,1.379341,0.062634,0.604313
0.0082,1.415708,0.083762,0.855212
0.0048,1.344678,0.022552,0.231001
0.0077,1.022983,0.026163,0.041996
0.0054,1.325667,0.053198,0.412526
0.0068,1.467331,0.038051,0.082235
0.0068,1.170121,0.004385,0.08379
0.0074,1.357448,0.100061,0.357013
0.0074,1.367356,0.076329,0.496555
0.0072,1.127549,0.053383,0.32358
0.0049,1.543361,0.037345,0.278123
0.0077,1.646446,0.040137,0.193496
0.0078,1.12612,0.008227,0.046977
0.0073,1.460909,0.087352,0.423672
0.0066,1.299256,0.061903,0.482798
0.0074,1.222403,0.043299,0.093373
0.0052,2.149584,0.015618,0.062609
0.0075,1.411767,0.045458,0.263526
0.0084,1.461888,0.012181,0.023192
0.0074,1.503392,0.132412,0.763884
0.0076,1.216883,0.019526,0.19488
0.0069,1.222658,0.032402,0.170353
0.0063,1.248894,0.022921,0.135929
0.0043,2.237451,0.061256,0.585588
0.0064,1.123164,0.063231,0.255256
0.0072,1.707263,0.039629,0.207923
0.0065,1.595257,0.055197,0.463299
0.0057,1.747782,0.057997,0.394296
0.0069,1.399213,0.012189,0.441453
0.0068,1.489461,0.021397,0.116185
0.0072,1.483086,0.022038,0.184046
0.0077,1.433769,0.049401,0.27883
0.0075,1.310368,0.031418,0.338132
0.0068,1.728907,0.12872,0.953114
0.0072,1.039792,0.038669,0.186505
0.0054,1.521926,0.026954,0.028717
0.0068,1.502203,0.037763,0.161641
0.009,1.118736,0.044572,0.235265
0.0076,1.837564,0.012978,0.255939
0.0068,1.100372,0.036254,0.027631
0.005,1.255045,0.039066,0.217299
0.007,1.096667,0.09586,0.698975
0.0076,1.308991,0.035711,0.351975
0.0073,1.51875,0.093825,0.645108
0.0055,2.217978,0.074892,0.64677
0.0062,1.230648,0.032132,0.33101
0.0063,1.812177,0.017109,0.181776
0.0076,1.402448,0.011835,0.102893
0.0069,1.327104,0.009343,0.305937
0.0077,1.155451,0.028969,0.05089
0.0067,1.294582,0.054969,0.311059
0.0075,1.212985,0.041587,0.226346
0.0071,1.414891,0.035934,0.139438
0.0061,1.201236,0.015594,0.310633
0.0067,1.21855,0.077948,0.504989
0.0052,2.036444,0.021993,0.24092
0.0064,1.338418,0.032153,0.357066
0.0065,1.382373,0.043689,0.279326
0.007,1.248006,0.127164,0.630252
0.0067,1.191728,0.052886,0.220362
0.007,1.36829,0.025073,0.068842
0.0064,1.114458,0.072564,0.494248
0.0069,1.694226,0.165814,0.95266
0.0071,1.419643,0.012493,0.046237
0.0082,1.541682,0.010614,0.05598
0.0056,1.454769,0.053751,0.516419
0.0062,1.748678,0.129627,0.870499
0.0064,1.37946,0.010488,0.137636
0.007,1.204252,0.059429,0.340492
0.0072,1.280768,0.07464,0.449729
0.0059,1.569679,0.028339,0.092767
0.0075,1.221353,0.037418,0.089062
0.0036,1.629507,0.009105,0.13967
0.0072,1.113869,0.107166,0.762122
0.0058,2.30802,0.02402,0.128641
0.0076,1.174451,0.031704,0.470498
0.0078,1.152191,0.047845,0.374843
0.0058,1.606047,0.015353,0.17197
0.0059,1.703336,0.06814,0.532577
0.0073,1.443853,0.041121,0.198463
0.0067,1.356022,0.059307,0.232393
0.0061,1.352154,0.052833,0.292173
0.0072,1.19687,0.023635,0.20701
0.0061,1.105469,0.007644,0.26177
0.0034,1.68007,0.058073,0.392179
0.0079,1.103028,0.015465,0.107201
0.0076,1.549536,0.022166,0.091784
0.0065,1.700883,0.065977,0.281193
0.0072,1.408935,0.008193,0.172409
0.0061,1.658222,0.016418,0.082045
0.0066,1.725669,0.100655,0.781956
0.0063,1.330603,0.063248,0.573259
0.0051,1.425851,0.044669,0.286865
0.0051,1.492497,0.041948,0.485252
0.0078,1.07764,0.020864,0.164091
0.0068,1.451371,0.073698,0.512599
0.0065,1.290617,0.079229,0.108989
0.006,1.638928,0.04561,0.127689
0.0066,1.077253,0.022814,0.26607
0.0069,1.384021,0.019403,0.042808
0.0067,1.415838,0.026225,0.31672
0.0075,1.370467,0.06796,0.360877
0.0065,1.338432,0.080608,0.501204
0.0082,1.526568,0.076161,0.31947
0.006,1.697023,0.012072,0.069488
0.0074,1.004194,0.016326,0.301046
0.0076,1.315722,0.04528,0.292427
0.0059,1.832386,0.0635,0.363709
0.0068,1.236396,0.115422,0.655713
0.0072,1.345187,0.028946,0.078441
0.0067,1.467377,0.09045,0.501515
0.0036,1.48979,0.050407,0.22855
0.0063,1.581071,0.032516,0.394478
0.0068,1.247826,0.042328,0.339833
0.0068,1.674192,0.02799,0.163874
0.0068,1.293538,0.02822,0.276894
0.0073,1.231529,0.014686,0.087265
0.0039,1.545626,0.008453,0.073785
0.0061,1.378272,0.013632,0.391317
0.0065,1.508008,0.010651,0.079747
0.0059,1.930678,0.015162,0.096259
0.0052,1.53893,0.008395,0.492166
0.0063,1.271246,0.042608,0.309872
0.0088,1.007634,0.006989,0.099406
0.0045,1.743084,0.011453,0.040898
0.0067,1.355606,0.028309,0.213275
0.0041,1.575968,0.028868,0.336021
0.0074,1.241932,0.067523,0.251335
0.0049,1.67121,0.043344,0.121135
0.0062,1.243176,0.00747,0.080617
0.0066,1.58492,0.036852,0.271154
0.0073,1.097346,0.065786,0.305313
0.006,1.200961,0.017145,0.083472
0.0058,1.804241,0.041238,0.290156
0.0064,1.596557,0.018179,0.175472
0.007,1.145565,0.015945,0.392133
0.0043,1.759081,0.025884,0.214622
0.0079,1.049451,0.144697,0.724221
0.0065,1.437291,0.0205,0.105296
0.0049,1.474126,0.065407,0.576264
0.006,1.183995,0.041486,0.465384
0.0059,1.435559,0.046609,0.535807
0.0071,1.269133,0.065379,0.287691
0.0068,1.291883,0.065149,0.421132
0.005,1.309654,0.042689,0.192056
0.0057,1.293443,0.025928,0.055466
0.007,1.821006,0.03211,0.26802
0.0064,1.163,0.043643,0.175388
0.007,1.182875,0.054487,0.398958
0.0073,1.0025,0.034437,0.264618
0.0066,1.219533,0.081801,0.362104
0.0066,1.240121,0.036409,0.223851
0.0066,1.286657,0.035305,0.14494
0.0067,1.396033,0.014765,0.161025
0.0071,1.306843,0.017485,0.159496
0.0072,1.646109,0.045116,0.333899
0.007,1.795946,0.076275,0.783834
0.0072,1.118339,0.050941,0.167816
0.0063,1.868632,0.108487,0.799348
0.0068,1.14978,0.056044,0.333231
0.0047,1.900717,0.034592,0.069201
0.0069,1.352691,0.006636,0.14977
0.0054,2.001017,0.021483,0.118349
0.0068,1.422728,0.065236,0.207233
0.0048,1.568826,0.031379,0.025343
0.0048,1.29193,0.09351,0.656486
0.0062,1.490297,0.0118,0.24968
0.0068,1.930183,0.042243,0.464708
0.0059,1.254783,0.024482,0.294311
0.0064,1.477384,0.057749,0.280937
0.0055,1.606866,0.025419,0.188002
0.0063,1.263549,0.025789,0.196282
0.0066,1.347331,0.013578,0.061188
0.0053,1.384054,0.051722,0.232773
0.0043,1.58958,0.100067,0.491587
0.0018,2.860757,0.052186,0.552936
0.0055,1.815096,0.018779,0.036066
0.0026,1.730099,0.011283,0.143815
0.0071,1.449737,0.021633,0.087898
0.0072,1.063551,0.051463,0.648094
0.0074,1.107731,0.069614,0.032724
0.0076,1.356583,0.04332,0.240995
0.0039,1.530307,0.015478,0.082869
0.0069,1.010729,0.047218,0.093509
0.0061,1.423754,0.04072,0.033052
0.0073,1.110426,0.017075,0.07318
0.0054,1.740088,0.028175,0.126569
0.0047,1.529243,0.029791,0.364299
0.0073,1.01672,0.082345,0.355686
0.006,1.459009,0.088493,0.426513
0.007,1.417876,0.023915,0.04609
0.0074,1.267184,0.017086,0.020877
0.0069,1.188649,0.081862,0.336681
0.0075,1.411084,0.032263,0.2326
0.007,1.160549,0.067377,0.584389
0.0054,1.241369,0.019881,0.056209
0.0077,1.396725,0.026082,0.17918
0.007,1.205735,0.04155,0.048529
0.0055,1.510632,0.04999,0.105254
0.0049,1.842309,0.055059,0.298035
0.0045,1.404444,0.017652,0.018509
0.0073,1.377265,0.023861,0.191019
0.0061,1.204772,0.04321,0.150604
0.006,1.401886,0.020209,0.179318
0.0036,2.282338,0.054631,0.156367
0.0064,1.525659,0.043605,0.34753
0.0062,1.613075,0.003626,0.201181
0.0068,1.159973,0.01917,0.073691
0.0064,1.850324,0.057852,0.442628
0.006,1.219397,0.046495,0.440944
0.0075,1.337972,0.049694,0.369605
0.0044,1.806814,0.041827,0.567388
0.0074,1.141,0.039057,0.138655
0.0051,1.570941,0.079827,0.310918
0.0064,1.170034,0.090694,0.296355
0.003,1.662854,0.019347,0.134671
0.0046,1.57766,0.029756,0.141518
0.0061,1.560861,0.019976,0.073479
0.006,1.41007,0.068193,0.340984
0.0064,1.264974,0.035385,0.326929
0.0071,1.574332,0.020071,0.092391
0.0071,1.47996,0.061479,0.434443
0.0057,1.185933,0.125647,0.822176
0.0049,2.100243,0.022108,0.069993
0.0063,1.521255,0.05042,0.501953
0.0061,1.952817,0.007873,0.088602
0.0077,1.129955,0.032521,0.306164
0.0053,1.142407,0.022331,0.193259
0.0063,1.500903,0.145579,0.6322
0.0071,1.523776,0.073477,0.271969
0.006,1.783034,0.020444,0.115905
0.0059,1.972742,0.020804,0.246558
0.0056,2.0572,0.058873,0.094143
0.0054,2.819031,0.099994,0.761245
0.0063,1.48267,0.170088,1.097527
0.0072,1.345524,0.054933,0.273374
0.0063,1.142435,0.020382,0.196034
0.0056,1.377705,0.061249,0.362695
0.008,1.186182,0.050931,0.031106
0.0057,1.221518,0.021976,0.034858
0.007,1.452081,0.01256,0.352684
0.0057,1.185054,0.038085,0.325643
0.0059,1.71502,0.069583,0.16396
0.0076,1.268052,0.075992,0.584752
0.0067,1.134878,0.020122,0.054096
0.0055,1.974675,0.074117,0.42412
0.0069,1.255796,0.071385,0.275483
0.0044,1.918212,0.012481,0.045789
0.0053,2.324182,0.055732,0.214201
0.0067,1.341132,0.010248,0.291813
0.0065,1.36178,0.037772,0.264871
0.0056,1.920717,0.04415,0.172329
0.0054,2.051735,0.052005,0.472
0.0077,1.4449,0.036245,0.325494
0.007,1.154428,0.00906,0.094295
0.0056,1.583024,0.023428,0.332437
0.0071,1.144965,0.06194,0.383726
0.0072,1.114162,0.026911,0.256399
0.006,1.4494,0.029374,0.132795
0.0069,1.339071,0.043317,0.309868
0.0058,1.07183,0.03612,0.102742
0.0067,1.542074,0.043944,0.368072
0.0039,1.951781,0.019143,0.065156
0.0055,2.372817,0.047833,0.344666
0.0065,1.242078,0.040501,0.245776
0.0061,1.445887,0.051041,0.080944
0.0035,1.83712,0.080302,0.643102
0.0063,1.054764,0.043846,0.390419
0.0064,1.374083,0.082124,0.457307
0.0052,1.5722,0.029607,0.199029
0.0053,1.397869,0.0302,0.111772
0.0044,1.706119,0.036905,0.295575
0.0067,1.369597,0.0462,0.124373
0.0062,1.415209,0.026495,0.080649
0.0052,1.396504,0.037986,0.319969
0.0056,1.800427,0.055306,0.37223
0.007,1.40953,0.018278,0.090909
0.0061,1.065174,0.088882,0.458231
0.0056,1.64479,0.030575,0.283098
0.0066,1.413627,0.041356,0.565437
0.0056,1.727689,0.036686,0.294571
0.007,1.288296,0.005779,0.207173
0.0066,1.763115,0.032778,0.321292
0.0057,1.276045,0.102249,0.813016
0.0043,1.77005,0.02311,0.10997
0.0077,1.753251,0.022579,0.096874
0.0072,1.301038,0.046097,0.249563
0.006,1.395547,0.037417,0.051249
0.007,1.16372,0.056873,0.388089
0.0041,1.964096,0.008733,0.27144
0.0035,1.321507,0.029408,0.281553
0.0064,2.112794,0.065364,0.782332
0.0049,1.77451,0.020254,0.097575
0.0059,1.548114,0.0125,0.244576
0.0069,1.478882,0.066846,0.52196
0.0059,1.386401,0.038713,0.315007
0.0064,1.704203,0.020657,0.254546
0.0056,1.825889,0.03457,0.441382
0.0052,1.598999,0.020411,0.178244
0.0048,1.48976,0.016314,0.106211
0.0055,1.28777,0.042804,0.18928
0.0053,0.999907,0.012781,0.076215
0.0065,1.081371,0.013812,0.312129
0.0063,1.306006,0.015204,0.26352
0.0063,1.838023,0.067349,0.31942
0.0066,1.527721,0.048633,0.217518
0.0053,1.986783,0.013304,0.188978
0.0048,1.115207,0.042396,0.517999
0.0066,1.343437,0.086978,0.382371
0.0064,1.843078,0.035244,0.487424
0.0063,1.22345,0.045841,0.103915
0.0057,1.406781,0.07416,0.366345
0.0065,1.869211,0.014544,0.095158
0.006,1.711712,0.061071,0.651615
0.0064,1.475218,0.037186,0.268341
0.0051,2.663361,0.066459,0.380355
0.0071,1.462082,0.031032,0.077807
0.0082,1.135265,0.044481,0.177174
0.0061,1.450813,0.023368,0.0452
0.0053,1.848684,0.01923,0.361408
0.0074,1.265721,0.044159,0.226854
0.005,1.066592,0.04098,0.130571
0.0034,1.903345,0.051089,0.597019
0.0067,1.425743,0.01608,0.037123
0.0067,1.986527,0.036975,0.073275
0.0044,1.854282,0.027404,0.129422
0.0073,1.485881,0.082813,0.519174
0.0059,1.050245,0.050506,0.354414
0.0057,1.547359,0.037257,0.385964
0.0051,1.466275,0.018865,0.247206
0.006,1.322002,0.053403,0.222596
0.0056,1.145365,0.008225,0.059355
0.0039,1.712205,0.018721,0.164312
0.0067,1.719806,0.108908,1.029399
0.0042,2.41634,0.036451,0.147502
0.0071,1.129794,0.051781,0.414669
0.007,1.585723,0.066779,0.140511
0.0066,1.519564,0.012347,0.099562
0.004,1.334743,0.020266,0.074996
0.0065,1.335056,0.041604,0.133385
0.0062,1.53175,0.031362,0.188931
0.0056,1.901606,0.01499,0.052348
0.0055,1.318094,0.01931,0.249936
0.0049,1.744472,0.018896,0.054843
0.0064,2.26814,0.003511,0.081994
0.0052,1.706022,0.034809,0.166341
0.0054,1.568509,0.028472,0.137732
0.0048,1.802989,0.058606,0.30283
0.0055,1.846182,0.018423,0.058927
0.0064,1.486416,0.013172,0.161621
0.0067,1.540316,0.074056,0.456721
0.0041,1.958936,0.056447,0.356518
0.007,1.131234,0.01413,0.203932
0.0049,1.93057,0.023552,0.049286
0.0057,1.38569,0.049627,0.341888
0.0059,1.543323,0.029393,0.030722
0.0061,1.18133,0.020732,0.0919
0.0058,1.91943,0.016068,0.061758
0.0053,1.402039,0.067146,0.626632
0.0062,1.186722,0.028271,0.087863
0.0061,1.272578,0.034815,0.468206
0.0064,1.532743,0.018304,0.088278
0.0027,2.349049,0.034162,0.483381
0.0056,1.467458,0.010421,0.117009
0.0063,1.429906,0.055102,0.160138
0.0072,1.608844,0.1654,0.991613
0.0068,1.007073,0.026672,0.195944
0.0059,1.374522,0.006154,0.095684
0.0065,1.878206,0.014996,0.049875
0.0062,1.346323,0.099178,0.308385
0.006,1.622923,0.021883,0.155256
0.006,1.536071,0.055912,0.130301
0.006,1.767184,0.025309,0.14818
0.0066,1.586121,0.125534,0.84054
0.0054,1.400385,0.033171,0.181604
0.0053,2.594295,0.043524,0.304354
0.0057,1.409285,0.070064,0.317351
0.0053,1.843002,0.041353,0.216462
0.0065,1.085622,0.105109,0.358047
0.0055,1.524618,0.054786,0.439895
0.0063,2.03428,0.026376,0.10978
0.0052,1.346749,0.05868,0.280963
0.0057,1.675298,0.026534,0.41534
0.0056,1.216273,0.024276,0.366552
0.0068,1.696786,0.072416,0.633748
0.0075,1.170328,0.058027,0.390479
0.0063,1.484034,0.023571,0.181868
0.0059,1.45932,0.031805,0.088297
0.0064,1.914142,0.029097,0.147029
0.007,1.105805,0.014318,0.072531
0.0059,1.264988,0.025243,0.221251
0.0054,1.771708,0.016751,0.32067
0.0061,1.405569,0.119455,0.677568
0.0055,1.364164,0.031461,0.312307
0.0055,1.784277,0.074439,0.516036
0.0059,1.565223,0.047672,0.379244
0.0049,2.201899,0.075225,0.464565
0.0031,2.111337,0.035609,0.404762
0.0053,1.947101,0.037465,0.13738
0.007,1.148581,0.021949,0.266324
0.0058,1.239486,0.041243,0.06583
0.005,1.271038,0.012571,0.32165
0.0053,1.766397,0.032948,0.106302
0.0064,1.360284,0.056465,0.490692
0.0061,1.491342,0.013716,0.111642
0.0057,1.570198,0.031859,0.485184
0.006,1.969068,0.135402,0.862106
0.0055,1.773373,0.042906,0.068644
0.0046,1.637208,0.015265,0.349831
0.0061,1.264726,0.007999,0.038427
0.0055,1.730855,0.041493,0.084986
0.0048,1.708464,0.022715,0.147967
0.0064,1.302658,0.022888,0.28244
0.0063,1.139805,0.059787,0.370489
0.0043,1.587087,0.042174,0.315965
0.0062,1.313992,0.015185,0.019456
0.0057,1.786964,0.036039,0.100051
0.005,1.830325,0.02375,0.120065
0.0064,1.809774,0.023623,0.095367
0.0068,1.30957,0.020742,0.100615
0.0059,1.589364,0.020207,0.06483
0.0063,1.176974,0.047118,0.350154
0.0056,1.674022,0.071796,0.527285
0.0042,1.64593,0.052459,0.140118
0.0062,1.56196,0.046037,0.289686
0.0063,0.982461,0.074873,0.428273
0.0056,1.926945,0.060184,0.357832
0.0051,2.470561,0.079156,0.434778
0.0057,1.144422,0.036591,0.054255
0.0048,1.766572,0.081771,0.69175
0.0055,1.765879,0.026843,0.288502
0.0046,1.88294,0.023991,0.126194
0.0059,1.10743,0.077459,0.584429
0.006,1.550181,0.144676,0.987188
0.0062,1.45483,0.030114,0.31068
0.0054,1.677335,0.03218,0.139479
0.006,1.874128,0.049508,0.091877
0.0043,1.969022,0.051656,0.407067
0.0018,2.038183,0.015435,0.324757
0.0063,1.200527,0.103308,0.119494
0.0063,1.29571,0.005285,0.075093
0.0058,1.20355,0.066316,0.417925
0.0057,1.321162,0.125326,1.02292
0.0052,1.203914,0.050957,0.158974
0.0055,2.183801,0.100924,0.641772
0.0059,1.28703,0.033001,0.06222
0.0066,1.266229,0.043202,0.369164
0.0061,1.512031,0.040187,0.214575
0.0058,1.794814,0.052055,0.328939
0.0052,1.276208,0.026219,0.076715
0.0059,1.761444,0.016559,0.341783
0.0058,1.583369,0.030493,0.250653
0.005,1.694558,0.010863,0.20592
0.0055,1.816622,0.008371,0.094198
0.0061,1.263294,0.01197,0.012078
0.0051,1.22314,0.031307,0.303335
0.0052,2.871857,0.021476,0.069341
0.0051,1.747347,0.017071,0.212148
0.0062,1.732392,0.008221,0.239725
0.0068,1.51193,0.013631,0.234764
0.0038,2.310572,0.031881,0.133232
0.006,1.709068,0.076496,0.324054
0.0052,1.722954,0.01894,0.104459
0.007,1.174256,0.125243,0.811158
0.0064,1.199638,0.039773,0.072816
0.0064,1.01995,0.046485,0.056265
0.0048,1.604452,0.022958,0.087344
0.004,1.736228,0.01598,0.094019
0.0058,1.707825,0.088913,0.713516
0.0045,1.73473,0.062235,0.538918
0.0058,1.820958,0.013794,0.412872
0.0052,1.499708,0.025263,0.109594
0.0059,1.514943,0.017468,0.121902
0.0058,2.057602,0.017492,0.072321
0.0057,1.499759,0.068075,0.439537
0.0057,1.667266,0.07411,0.41509
0.0063,1.631483,0.032359,0.270438
0.0063,1.318266,0.081158,0.42364
0.0067,1.421767,0.065708,0.291058
0.0051,1.545981,0.031263,0.057612
0.0062,1.98216,0.114343,0.502859
0.004,1.428333,0.016948,0.11192
0.0049,2.265701,0.033979,0.28388
0.005,1.232464,0.045943,0.23335
0.0057,1.308994,0.047854,0.45068
0.0063,1.990784,0.015364,0.055135
0.0056,2.11454,0.061316,0.591521
0.0059,1.487137,0.067372,0.278945
0.0054,1.981468,0.019603,0.147412
0.006,1.415194,0.030557,0.238615
0.006,1.721784,0.116782,0.812306
0.0046,1.257824,0.012823,0.18989
0.0045,1.910784,0.033612,0.368702
0.0056,1.641531,0.033238,0.262602
0.0053,1.931477,0.033028,0.256779
0.0029,3.870498,0.001091,0.21388
0.0052,1.663151,0.009726,0.134601
0.0047,1.420959,0.016528,0.204952
0.0057,1.526464,0.046718,0.384339
0.0058,1.368717,0.037435,0.328905
0.0041,1.543368,0.085747,0.400162
0.0054,1.632064,0.011754,0.142211
0.0062,1.537822,0.072827,0.600268
0.0075,1.090779,0.0096,0.140562
0.0064,1.463974,0.001376,0.029033
0.004,1.648413,0.025642,0.052386
0.0045,1.493512,0.064113,0.501828
0.0061,1.080425,0.02949,0.239207
0.005,1.244708,0.034284,0.053706
0.0057,1.955506,0.02703,0.119442
0.0053,0.996221,0.040732,0.316817
0.0054,2.240662,0.016606,0.269679
0.0064,1.717058,0.035393,0.162643
0.0032,1.89312,0.013979,0.364049
0.007,1.787795,0.023409,0.340627
0.0057,1.714667,0.018151,0.187467
0.0063,1.458318,0.025429,0.097481
0.0057,1.416198,0.036811,0.387507
0.0057,1.783926,0.054904,0.539331
0.0052,1.422933,0.021403,0.114021
0.0042,1.579475,0.052069,0.740464
0.0053,1.493662,0.012472,0.062055
0.0073,1.167772,0.066171,0.206253
0.0058,1.552392,0.013717,0.100916
0.0054,1.29935,0.009396,0.287083
0.0057,1.867988,0.036407,0.421113
0.0054,1.468413,0.018533,0.195335
0.003,2.223513,0.024888,0.059607
0.007,1.552672,0.060249,0.332733
0.005,1.319701,0.075422,0.615794
0.0053,1.560726,0.018759,0.248813
0.0054,1.386882,0.010875,0.014104
0.004,1.723534,0.051241,0.175421
0.0047,1.34162,0.03002,0.378338
0.0068,1.30036,0.056778,0.038623
0.0073,1.11548,0.173308,0.877983
0.006,2.171647,0.048338,0.418103
0.0054,1.489665,0.087284,0.282266
0.0051,2.019284,0.044036,0.319702
0.0053,1.248285,0.022014,0.067924
0.0063,1.164542,0.041014,0.341636
0.0053,1.68468,0.035323,0.222822
0.0034,1.88556,0.003133,0.159909
0.0044,2.556528,0.034893,0.445036
0.0058,1.475041,0.009474,0.372126
0.0046,1.607746,0.020835,0.083673
0.0051,1.728216,0.06928,0.736162
0.0055,1.676794,0.038128,0.059931
0.0064,1.365222,0.017205,0.167248
0.0047,1.643656,0.020459,0.195778
0.0059,1.439633,0.017342,0.434077
0.0057,1.470014,0.053365,0.373839
0.0056,1.970146,0.121472,0.807643
0.0051,1.42209,0.011816,0.078294
0.0059,1.35761,0.03979,0.396714
0.0056,1.223824,0.011649,0.248121
0.0059,1.136653,0.054309,0.276015
0.0058,1.675367,0.033722,0.165434
0.0051,1.525947,0.023814,0.100417
0.0059,1.383149,0.021985,0.044305
0.0053,1.135304,0.01522,0.088875
0.0053,1.725628,0.027287,0.226897
0.0055,1.175326,0.044716,0.33595
0.0061,1.469972,0.043687,0.101148
0.0062,1.25856,0.092332,0.249555
0.0055,1.434714,0.084682,0.723236
0.0049,1.934862,0.0356,0.388023
0.0025,1.663051,0.016173,0.132331
0.0055,1.905909,0.073839,0.61409
0.006,1.788913,0.038249,0.172069
0.0059,1.511162,0.044588,0.144402
0.0021,2.789265,0.004081,0.532434
0.0051,1.586444,0.017187,0.211256
0.0043,2.10842,0.043638,0.424373
0.0039,1.599013,0.060431,0.391815
0.0056,1.395351,0.073764,0.571072
0.0057,1.174386,0.004894,0.023038
0.0051,1.866245,0.022146,0.217714
0.0051,1.325465,0.006061,0.084503
0.0058,1.524885,0.015496,0.06603
0.0067,1.474266,0.010013,0.078891
0.007,1.62706,0.071865,0.297022
0.0058,1.36594,0.011867,0.05394
0.0051,2.028919,0.078072,0.363539
0.0043,1.538977,0.032426,0.361545
0.0062,1.422566,0.031109,0.39138
0.0047,1.848455,0.022993,0.282367
0.0053,1.637957,0.03566,0.196459
0.004,1.919571,0.046322,0.456798
0.0045,2.28817,0.040208,0.206453
0.0049,1.988477,0.017496,0.056012
0.0059,1.818991,0.067869,0.539645
0.0058,1.9575,0.055222,0.283496
0.0043,1.927917,0.012168,0.09892
0.0055,1.509367,0.033789,0.136795
0.0049,1.718989,0.085219,0.813318
0.0057,1.62413,0.008358,0.226737
0.0051,1.412698,0.007315,0.202801
0.0057,1.501295,0.043105,0.227173
0.0057,1.90363,0.031422,0.149265
0.0048,1.440096,0.077612,0.539366
0.0057,1.245829,0.065167,0.563754
0.0028,3.532827,0.029868,0.528301
0.0058,1.057526,0.009674,0.054509
0.006,1.360541,0.021361,0.073779
0.0057,1.385579,0.027731,0.044591
0.0057,2.023489,0.032805,0.121787
0.0043,2.791574,0.028067,0.407092
0.0046,1.349739,0.011164,0.13427
0.0051,1.724604,0.065858,0.259543
0.0046,2.693066,0.142102,1.435163
0.0042,1.744914,0.009517,0.065737
0.0063,1.102604,0.086363,0.558316
0.0053,1.337691,0.097291,0.821965
0.0059,1.378408,0.033086,0.270058
0.0044,1.88404,0.016246,0.205303
0.005,2.275511,0.022447,0.214324
0.005,1.825092,0.025059,0.258178
0.0064,1.51552,0.005974,0.163725
0.0049,1.929366,0.027065,0.132832
0.0045,1.442637,0.014236,0.550019
0.0062,1.241394,0.028776,0.048899
0.0048,2.655876,0.02831,0.043145
0.0049,1.773409,0.021813,0.198437
0.005,1.509214,0.008211,0.144947
0.0055,1.131737,0.057178,0.420473
0.0046,2.237306,0.020299,0.039651
0.0044,1.721701,0.039334,0.154063
0.0052,1.012302,0.027392,0.062109
0.005,1.203317,0.040504,0.346283
0.0041,1.416488,0.017535,0.086782
0.0054,1.910693,0.024784,0.40135
0.0058,1.025665,0.040714,0.624941
0.0048,1.6238,0.070003,0.15975
0.0053,1.925411,0.079415,0.602336
0.0054,1.696953,0.007197,0.047543
0.0059,1.916946,0.083222,0.828939
0.0056,2.464876,0.087936,0.713227
0.0053,1.75991,0.021042,0.212239
0.005,1.664317,0.012422,0.058569
0.0055,1.389486,0.029024,0.309819
0.0045,2.683968,0.04384,0.516781
0.0055,1.247669,0.014834,0.269482
0.0056,1.468473,0.022504,0.14215
0.0047,2.027119,0.047944,0.374781
0.0057,1.411867,0.034635,0.359032
0.0055,1.387183,0.030486,0.342376
0.0012,2.932174,0.013064,0.399919
0.0059,2.367726,0.017353,0.245454
0.0052,2.05276,0.051733,0.171456
0.0056,1.35454,0.012652,0.061287
0.0051,1.488544,0.03868,0.142474
0.0044,2.471347,0.040951,0.335368
0.0056,1.386832,0.040606,0.260422
0.0051,1.598699,0.054031,0.433577
0.0056,1.820932,0.012852,0.320188
0.005,1.283717,0.035623,0.081809
0.0051,1.91334,0.129337,0.841069
0.004,2.629636,0.026614,0.319279
0.0034,3.758492,0.028096,0.296674
0.0048,1.783838,0.007795,0.031805
0.0046,1.522028,0.054875,0.420617
0.0057,1.551821,0.018118,0.230144
0.0059,1.748336,0.017186,0.110644
0.0062,1.876203,0.028413,0.256248
0.0048,1.485135,0.014083,0.136319
0.0056,1.054056,0.02059,0.336882
0.0042,1.544391,0.046851,0.179135
0.0042,1.951943,0.053255,0.259829
0.0048,1.205055,0.022449,0.040948
0.0046,1.402454,0.033244,0.133549
0.006,2.174348,0.072754,0.484927
0.0053,1.393003,0.028877,0.279704
0.0056,1.277198,0.060594,0.302909
0.0049,1.13652,0.049155,0.450558
0.0044,1.934173,0.036894,0.07146
0.005,1.401058,0.001319,0.187701
0.0067,1.182238,0.025583,0.021361
0.0053,1.722822,0.052479,0.344758
0.0054,1.53476,0.01644,0.09747
0.0044,1.306527,0.030584,0.192817
0.0043,1.581072,0.028163,0.184303
0.0054,1.263655,0.030419,0.090829
0.0045,2.323034,0.042363,0.200128
0.0052,1.525053,0.04273,0.1977
0.0054,1.344033,0.022978,0.063717
0.0045,1.842578,0.017235,0.076791
0.0054,1.508757,0.060187,0.349782
0.0048,1.052231,0.106946,0.902131
0.0048,1.734236,0.031101,0.219635
0.0055,1.572694,0.03175,0.219107
0.0056,1.482971,0.046453,0.163015
0.0067,1.117867,0.007128,0.172718
0.0057,3.383357,0.120513,0.827718
0.0056,1.62699,0.018841,0.235003
0.005,2.283169,0.021563,0.249384
0.0053,1.906925,0.015681,0.117408
0.0046,2.149816,0.011662,0.102442
0.0058,2.090034,0.007712,0.13755
0.0054,1.760086,0.03459,0.34344
0.0058,1.309923,0.032732,0.053194
0.005,1.325706,0.097853,0.776219
0.0025,2.539309,0.01774,0.187544
0.0025,4.028507,0.046771,0.975204
0.0035,1.590375,0.040008,0.521489
0.0039,1.220977,0.046852,0.246194
0.0059,1.376687,0.011944,0.055913
0.004,2.029888,0.041911,0.368327
0.006,1.432389,0.034741,0.205934
0.0046,1.611218,0.085683,0.723584
0.0049,1.543085,0.022593,0.504116
0.0052,2.000088,0.029269,0.106813
0.0042,1.939825,0.106889,0.790293
0.0055,2.146424,0.020934,0.185613
0.0036,1.713004,0.015356,0.216316
0.0043,1.359776,0.021278,0.227844
0.0046,2.084674,0.015481,0.331248
0.0052,1.450494,0.042255,0.22867
0.0049,1.796927,0.072243,0.600651
0.006,1.095682,0.038532,0.245614
0.0045,1.816843,0.057453,0.448572
0.0054,1.400388,0.01953,0.438878
0.0054,1.444719,0.03572,0.18206
0.0049,1.40825,0.012503,0.101261
0.0049,1.6477,0.007254,0.20146
0.0035,1.998925,0.018913,0.084523
0.0057,1.903975,0.018741,0.10805
0.0045,2.522756,0.020599,0.10379
0.0027,2.682537,0.01442,0.120664
0.0049,1.634504,0.046913,0.740302
0.0052,1.735878,0.011477,0.051577
0.0057,1.682792,0.046553,0.066754
0.0045,1.60553,0.03049,0.242357
0.0039,2.040716,0.006735,0.057577
0.0054,1.898263,0.01714,0.263764
0.0029,3.659622,0.038855,0.241473
0.0046,1.288957,0.108291,0.817437
0.0049,1.214677,0.082871,0.592998
0.0049,1.686486,0.013962,0.07162
0.006,1.130677,0.041135,0.04395
0.0045,2.819095,0.037964,0.371397
0.0041,1.211199,0.023676,0.124599
0.0027,2.562136,0.032971,0.309057
0.0057,1.29726,0.033701,0.346138
0.003,2.032384,0.02298,0.050217
0.0051,1.606861,0.09073,0.61073
0.0062,1.42197,0.014755,0.144104
0.0051,1.660271,0.125281,0.756502
0.0053,1.900638,0.045772,0.304346
0.0048,1.83446,0.051648,0.355777
0.0022,2.914326,0.03015,0.805339
0.0062,1.645949,0.034654,0.126422
0.0039,2.580472,0.048746,0.21949
0.005,1.567603,0.030704,0.404622
0.0057,1.449567,0.021865,0.127455
0.0055,2.034452,0.027762,0.029108
0.0042,2.507223,0.043685,0.657286
0.0053,1.631134,0.035295,0.211116
0.0036,1.799818,0.023546,0.515715
0.0047,1.542038,0.037275,0.191455
0.0056,1.782368,0.049266,0.430156
0.0053,1.990982,0.002369,0.246748
0.0058,1.325132,0.048459,0.064559
0.0055,1.137318,0.013518,0.146763
0.0051,1.623161,0.014714,0.457999
0.0026,2.600752,0.039052,0.411077
0.0044,1.531606,0.023114,0.243333
0.0058,1.861762,0.056029,0.28878
0.0044,2.074385,0.017666,0.07249
0.0041,1.835999,0.036451,0.4725
0.005,1.428814,0.01655,0.238311
0.0057,1.482026,0.123649,1.10288
0.0059,2.897636,0.065145,0.404538
0.0046,2.043805,0.028189,0.24534
0.0038,1.806672,0.035687,0.360572
0.002,3.213165,0.024615,0.094686
0.0058,1.4683,0.016771,0.185769
0.0062,1.354786,0.037137,0.267526
0.0056,1.214922,0.013742,0.273732
0.0054,1.33649,0.004711,0.093455
0.005,2.290612,0.043854,0.230157
0.0042,1.300702,0.032142,0.267038
0.0054,1.801881,0.009904,0.24978
0.0048,1.558833,0.060837,0.316355
0.0055,1.33549,0.056442,0.226643
0.0051,2.452195,0.018818,0.100547
0.0058,1.385548,0.019537,0.138886
0.0056,1.584112,0.021642,0.055829
0.0053,1.225826,0.053803,0.371724
0.0047,1.567437,0.004409,0.076384
0.0062,1.342222,0.056015,0.488532
0.004,2.08205,0.043382,0.332688
0.0041,2.634474,0.010077,0.235932
0.005,1.732371,0.013294,0.198309
0.0036,2.640721,0.02348,0.177917
0.0056,1.366605,0.030451,0.365432
0.0054,1.766074,0.041083,0.278914
0.0059,1.459534,0.030312,0.426819
0.0054,1.745057,0.020924,0.017667
0.0037,1.663884,0.025543,0.046642
0.0043,1.281861,0.01799,0.04728
0.0051,1.929696,0.009834,0.060776
0.004,2.199543,0.0485,0.393864
0.0056,1.237388,0.027535,0.049438
0.0062,1.346604,0.053328,0.197675
0.0056,1.820472,0.071031,0.412042
0.0055,1.434259,0.005411,0.054464
0.0046,1.619666,0.052593,0.446401
0.0069,1.318349,0.039734,0.227533
0.0055,1.692167,0.05364,0.152772
0.0047,1.279287,0.028873,0.142332
0.0056,1.287849,0.037803,0.080578
0.005,1.924742,0.023172,0.175886
0.0056,1.361428,0.043698,0.149542
0.0057,1.364334,0.023391,0.200746
0.0055,2.171581,0.019943,0.133585
0.0052,1.348058,0.014652,0.07828
0.0062,1.506206,0.085277,0.547656
0.0033,1.904208,0.038449,0.567139
0.0058,1.979685,0.094889,0.655422
0.0046,2.020643,0.026872,0.380278
0.0048,1.292661,0.020763,0.098603
0.0054,1.963358,0.090476,0.346847
0.0064,1.579962,0.028367,0.115454
0.0052,2.114934,0.022763,0.172703
0.0025,2.06501,0.010986,0.335814
0.005,1.445638,0.084154,0.492208
0.0021,2.576534,0.026867,0.364398
0.0044,1.96125,0.022496,0.06251
0.0048,1.636832,0.012739,0.046055
0.0035,1.49732,0.018047,0.111532
0.0049,1.663483,0.009402,0.024145
0.0054,1.950596,0.075882,0.478262
0.0047,1.489113,0.019327,0.128341
0.0045,1.794,0.055251,0.46819
0.004,1.702427,0.026982,0.293327
0.0053,1.33332,0.035393,0.107013
0.0052,1.918819,0.010393,0.204972
0.0049,2.141302,0.044578,0.253081
0.0049,1.426463,0.006775,0.208252
0.0047,1.501368,0.063013,0.284181
0.0049,1.30915,0.060504,0.300855
0.0051,1.69629,0.037511,0.443495
0.005,1.509622,0.068324,0.458979
0.0044,1.588021,0.038614,0.513862
0.005,1.440555,0.039861,0.334176
0.0049,1.97816,0.025583,0.107227
0.0021,2.181788,0.020918,0.397334
0.0048,1.254659,0.070633,0.579554
0.0044,1.789417,0.044423,0.355605
0.0049,1.46932,0.018167,0.072648
0.0022,2.894628,0.021956,0.090108
0.0053,1.148258,0.021788,0.278786
0.0043,1.716056,0.029223,0.397007
0.0032,2.61233,0.083535,0.790808
0.0052,1.179905,0.012165,0.214621
0.0056,1.535507,0.0716,0.588918
0.0047,1.565528,0.025515,0.060684
0.0051,1.749252,0.079688,0.801865
0.0019,3.959848,0.030156,0.081351
0.0053,1.13556,0.029229,0.240989
0.0052,1.436384,0.023289,0.143398
0.0063,1.607826,0.0365,0.261969
0.0051,1.72755,0.013102,0.09913
0.0059,1.647651,0.009147,0.106373
0.0046,1.718453,0.061526,0.565328
0.0048,1.547536,0.059692,0.499116
0.004,1.817561,0.007221,0.180609
0.0045,1.964861,0.033065,0.17582
0.0044,1.779358,0.018758,0.051623
0.005,1.28365,0.071626,0.49917
0.0037,1.873786,0.085449,0.982446
0.0041,1.706833,0.039334,0.273561
0.0034,1.856876,0.015182,0.262961
0.0049,1.361415,0.023102,0.37483
0.0054,1.285151,0.011886,0.302772
0.0043,1.579356,0.021379,0.135752
0.0032,2.04244,0.015579,0.132274
0.004,1.379268,0.05767,0.453553
0.0039,1.894526,0.010821,0.248141
0.0047,1.361753,0.070782,0.523776
0.0039,1.869062,0.073084,0.385473
0.0061,1.45208,0.013772,0.092829
0.005,1.373307,0.011051,0.159176
0.0046,1.622941,0.018227,0.057262
0.0031,1.681729,0.011565,0.114441
0.0061,1.592767,0.030068,0.028234
0.0045,1.916938,0.051053,0.443027
0.002,4.137831,0.019556,0.061897
0.0046,2.001583,0.03636,0.318769
0.0051,1.361832,0.066198,0.631648
0.004,1.440032,0.01307,0.146021
0.004,1.693861,0.048716,0.387622
0.0052,2.709496,0.016621,0.05987
0.0052,2.080581,0.047266,0.053953
0.0044,2.802176,0.010317,0.120025
0.0053,1.5298,0.024631,0.09665
0.0043,1.981921,0.086551,0.511443
0.0058,1.52707,0.013819,0.322687
0.0055,1.352921,0.016773,0.023154
0.0043,2.116927,0.03901,0.097469
0.0048,1.991429,0.07808,0.59696
0.0034,2.383744,0.005477,0.078052
0.0056,1.499685,0.066073,0.336582
0.0047,1.893805,0.079248,0.710086
0.003,2.15607,0.022154,0.438791
0.0054,1.456,0.010068,0.081712
0.0048,1.451969,0.032483,0.410317
0.0046,1.66198,0.034965,0.150912
0.0042,1.678372,0.065039,0.516216
0.0022,2.623069,0.035168,0.480802
0.0035,1.888047,0.059578,0.587176
0.006,1.401615,0.024044,0.233839
0.0046,1.414875,0.099441,0.569888
0.0027,1.502233,0.039792,0.539957
0.0053,1.503895,0.056948,0.100553
0.0055,1.338754,0.030787,0.337521
0.0042,1.982857,0.022287,0.114016
0.0049,1.874912,0.018886,0.025735
0.0055,1.243276,0.016957,0.059772
0.0034,2.697862,0.016273,0.417846
0.0056,1.53755,0.023483,0.061129
0.0038,1.86514,0.010826,0.14475
0.002,2.452435,0.029547,0.186659
0.0041,1.458249,0.039257,0.30307
0.0048,1.868202,0.074922,0.520722
0.0048,1.800511,0.057056,0.557343
0.0044,1.497332,0.008907,0.049563
0.0042,1.641913,0.038481,0.507161
0.0045,1.472462,0.034804,0.573434
0.005,1.516719,0.034054,0.147452
0.0045,1.851678,0.018665,0.18736
0.0047,1.643619,0.046492,0.353497
0.0055,1.580393,0.018247,0.375323
0.0045,2.003875,0.104317,0.610238
0.005,2.133798,0.056991,0.604703
0.005,2.003931,0.046558,0.446204
0.0047,1.744471,0.055569,0.300135
0.0039,2.410543,0.004069,0.098926
0.0042,2.230834,0.033407,0.094116
0.0028,2.193772,0.034616,0.34096
0.0041,2.339264,0.009223,0.050326
0.0045,1.297104,0.026356,0.107249
0.0032,1.70795,0.02478,0.210903
0.0034,2.066831,0.013506,0.262119
0.0038,2.414104,0.052805,0.306118
0.005,1.519848,0.014872,0.216143
0.004,1.684553,0.027329,0.257375
0.0057,2.153004,0.019451,0.229927
0.0043,1.723632,0.019874,0.14856
0.0052,2.610633,0.028608,0.122034
0.0034,1.960874,0.029793,0.39123
0.0046,1.602251,0.036129,0.230112
0.0054,2.071938,0.069237,0.110465
0.0048,1.389389,0.025967,0.4261
0.0054,1.256793,0.015672,0.083485
0.0051,1.442811,0.04156,0.222444
0.0038,2.449371,0.066933,0.197522
0.0047,1.400738,0.005958,0.022023
0.004,1.4971,0.034737,0.427373
0.0046,1.342025,0.034731,0.198228
0.0047,1.615519,0.068862,0.611543
0.0053,1.744301,0.035244,0.048342
0.0063,1.414162,0.114241,0.709274
0.0043,1.559991,0.024688,0.246436
0.004,1.887687,0.035263,0.316697
0.0047,2.554328,0.032774,0.315851
0.0046,1.802875,0.034179,0.311887
0.0045,1.538959,0.019777,0.046351
0.0057,1.305515,0.012944,0.218745
0.0053,1.860348,0.111314,0.872064
0.0045,1.621388,0.058802,0.523679
0.0037,2.557956,0.021832,0.247241
0.0051,1.929944,0.017724,0.45791
0.005,1.702079,0.068237,0.693073
0.0042,1.591567,0.022393,0.126226
0.005,2.082247,0.018525,0.130168
0.0042,1.83631,0.01327,0.173115
0.0045,1.518514,0.041452,0.295035
0.0062,1.229621,0.027103,0.073398
0.0043,1.742006,0.051466,0.400395
0.005,1.251237,0.018089,0.275734
0.004,1.617394,0.039903,0.489865
0.0047,1.527107,0.034131,0.365353
0.005,1.122224,0.060273,0.59954
0.0048,1.793548,0.027366,0.367408
0.002,2.703662,0.019408,0.544388
0.0053,1.601188,0.028466,0.282857
0.0043,1.819041,0.091117,0.717206
0.0051,1.641443,0.025805,0.245776
0.0039,2.406044,0.112509,1.116682
0.0024,2.703821,0.006279,0.235126
0.0048,1.163826,0.043055,0.440739
0.0047,1.514378,0.091322,0.725639
0.0045,1.244141,0.020347,0.040625
0.0056,1.75175,0.078051,0.714534
0.0042,2.088206,0.017501,0.348662
0.0037,2.05987,0.008854,0.264398
0.004,2.513674,0.035938,0.234816
0.0044,1.597546,0.012934,0.039835
0.004,1.852208,0.030707,0.07975
0.005,1.158869,0.012931,0.041126
0.0053,1.525306,0.018508,0.51906
0.0048,1.743744,0.099473,0.822791
0.0041,1.543446,0.053408,0.362088
0.0051,1.463122,0.020383,0.322729
0.0046,2.136964,0.051586,0.480183
0.0046,2.503451,0.023652,0.222737
0.0049,2.981578,0.090831,1.019521
0.0032,3.065748,0.004994,0.205965
0.0042,1.77479,0.023091,0.082978
0.0037,1.590463,0.060174,0.518316
0.0051,1.668545,0.017243,0.437971
0.004,1.734324,0.026745,0.227489
0.0058,1.166657,0.081971,0.468009
0.0016,1.913224,0.017009,0.297877
0.0052,1.37298,0.016536,0.292252
0.0046,1.647608,0.05136,0.391412
0.0051,2.082052,0.015326,0.233821
0.0045,1.823994,0.018436,0.279882
0.0044,2.086446,0.011154,0.205416
0.0035,1.828599,0.024395,0.056478
0.0041,1.418166,0.072531,0.36057
0.0045,1.550921,0.037993,0.414658
0.0034,2.035793,0.013652,0.191346
0.0037,1.879279,0.019984,0.056382
0.0038,1.621233,0.086281,0.674184
0.0055,1.58784,0.060685,0.25302
0.0042,1.901643,0.004747,0.085405
0.0045,1.85702,0.037129,0.080436
0.0051,1.991183,0.032349,0.196332
0.0058,1.246821,0.045384,0.223037
0.0045,1.98179,0.023263,0.075366
0.0043,1.993062,0.030196,0.05603
0.0042,1.719483,0.047378,0.535675
0.0044,1.39915,0.033788,0.072093
0.005,1.696012,0.097079,0.52535
0.0033,2.224224,0.093608,1.036287
0.0036,1.667601,0.011861,0.195728
0.0047,1.730308,0.083669,0.360302
0.0044,1.766219,0.013907,0.040787
0.0041,2.037663,0.037683,0.33745
0.0042,1.225445,0.045813,0.103706
0.0053,1.391246,0.041502,0.347642
0.0052,1.57253,0.021701,0.040099
0.0047,1.944338,0.021746,0.088781
0.0048,1.25105,0.043097,0.122496
0.0052,1.162416,0.021572,0.073545
0.0041,1.385058,0.016105,0.07585
0.005,1.087321,0.044507,0.179271
0.0053,1.46648,0.013094,0.233374
0.0051,1.837454,0.045806,0.412886
0.0045,1.449203,0.049096,0.232277
0.0038,1.635504,0.027228,0.232721
0.0045,1.473067,0.07907,0.374233
0.0046,1.764675,0.017711,0.136571
0.0049,1.309492,0.04573,0.304699
0.0043,1.551468,0.036723,0.419742
0.005,1.48219,0.020017,0.074697
0.0043,2.018028,0.047586,0.352094
0.0049,1.511982,0.016417,0.085736
0.0049,1.469667,0.03429,0.241368
0.0053,1.544016,0.026757,0.238171
0.0034,1.807973,0.016445,0.118022
0.0039,1.720062,0.103163,0.87495
0.0031,1.83239,0.036716,0.351816
0.0039,1.393495,0.012581,0.089393
0.003,2.268702,0.048809,0.279058
0.0037,2.349602,0.032816,0.680857
0.0043,2.158853,0.059789,0.643661
0.0052,1.66841,0.033589,0.170758
0.0046,1.290676,0.03856,0.594932
0.004,1.832254,0.028583,0.041942
0.0042,1.485959,0.030637,0.458421
0.0034,2.006561,0.01637,0.07016
0.0036,1.564889,0.006171,0.086133
0.0046,2.011229,0.075541,0.799724
0.005,1.590757,0.040804,0.346068
0.0044,1.868699,0.014653,0.062477
0.0035,1.652955,0.069698,0.677583
0.005,2.228164,0.045476,0.35964
0.0046,1.33671,0.018065,0.061619
0.0029,2.061903,0.048428,0.45519
0.0021,2.942106,0.01981,0.116487
0.0047,1.33139,0.025984,0.061382
0.0033,1.542787,0.003798,0.1944
0.0046,1.417998,0.039501,0.122318
0.0047,1.601031,0.041986,0.360691
0.0048,1.133872,0.054758,0.138989
0.0042,2.848417,0.072303,0.524934
0.0032,2.859114,0.04505,0.635251
0.0044,2.089693,0.020244,0.222887
0.0048,1.640519,0.06038,0.089426
0.0043,1.859364,0.024562,0.074071
0.0055,1.542702,0.044389,0.53806
0.0045,1.413055,0.016891,0.310259
0.001,10.607258,0.015942,0.260156
0.0044,1.940706,0.044281,0.604535
0.0046,1.67704,0.047464,0.216035
0.0046,1.133743,0.004422,0.128839
0.0036,2.646339,0.036,0.507176
0.0046,1.403779,0.055308,0.577677
0.0042,1.939113,0.034271,0.314601
0.0042,1.448581,0.013658,0.088375
0.0044,1.872134,0.058034,0.816315
0.0053,1.263315,0.076292,0.442419
0.0042,1.290535,0.033567,0.143966
0.0042,1.375508,0.011251,0.057062
0.0047,1.047732,0.050925,0.163822
0.0041,1.516922,0.047714,0.479566
0.0041,2.880112,0.067326,0.380358
0.0038,1.420489,0.032908,0.15909
0.0039,1.296784,0.008877,0.099579
0.005,1.399932,0.013795,0.408082
0.004,1.503834,0.022145,0.072032
0.0042,1.547663,0.010216,0.217554
0.0046,1.274959,0.020371,0.302885
0.0057,1.084392,0.015439,0.041705
0.0026,1.736043,0.026642,0.071271
0.0042,1.838228,0.01356,0.080226
0.0037,2.363512,0.030728,0.49784
0.0033,1.645827,0.015522,0.159736
0.0052,2.001804,0.047641,0.432666
0.0044,2.06383,0.015943,0.131328
0.0047,1.172575,0.048241,0.233979
0.0048,1.56789,0.022695,0.134474
0.0034,1.843154,0.062765,0.508163
0.0049,1.280506,0.031562,0.321305
0.0043,1.58468,0.008953,0.224518
0.0039,1.53534,0.018455,0.291969
0.0042,2.029028,0.049724,0.516317
0.0037,1.43219,0.01803,0.069848
0.0039,2.070397,0.027922,0.229059
0.0042,1.778183,0.037831,0.107429
0.0018,2.526483,0.020965,0.153775
0.0038,1.946192,0.051374,0.534639
0.0022,3.82235,0.026656,0.133354
0.0019,3.604046,0.059104,0.699997
0.0048,1.447328,0.052426,0.423016
0.0047,1.920921,0.050864,0.441005
0.004,1.338591,0.03856,0.682654
0.0031,2.516265,0.022995,0.138064
0.0039,1.764673,0.052627,0.517141
0.0043,1.914067,0.012893,0.038281
0.0023,2.679005,0.029508,0.249574
0.0045,1.901522,0.005024,0.240459
0.0043,1.621183,0.050968,0.152803
0.0042,1.56698,0.015026,0.02539
0.0037,2.264729,0.028598,0.289329
0.0048,1.73162,0.031856,0.473262
0.0045,1.823594,0.046534,0.499532
0.0045,1.771195,0.016508,0.119
0.0043,2.268104,0.014634,0.045752
0.004,2.118797,0.051377,0.174118
0.004,1.499466,0.018959,0.091802
0.0031,2.014397,0.02154,0.095618
0.0037,2.630118,0.017775,0.047245
0.0043,1.158491,0.020421,0.050139
0.0041,1.754404,0.093956,0.428996
0.0031,2.431104,0.004002,0.047752
0.0039,2.946102,0.017561,0.30324
0.0042,2.536341,0.020784,0.096178
0.004,1.600845,0.028586,0.075845
0.0035,1.899885,0.014255,0.109889
0.0035,1.911649,0.074287,0.656494
0.0057,1.671045,0.016993,0.316446
0.0049,2.069856,0.034622,0.200709
0.0028,2.652369,0.016626,0.130718
0.0031,2.868356,0.009495,0.220131
0.0041,1.236355,0.02025,0.261194
0.0037,1.751936,0.055208,0.716178
0.0043,1.421638,0.0312,0.577225
0.0041,1.901897,0.00973,0.174615
0.0038,1.756999,0.014384,0.197079
0.0042,1.399158,0.011803,0.078443
0.0049,1.370264,0.021882,0.047349
0.0035,1.987134,0.012233,0.218119
0.0039,1.731712,0.046799,0.38794
0.0049,1.988497,0.036398,0.289896
0.0051,1.987929,0.037337,0.074947
0.0039,1.51122,0.019937,0.342668
0.0047,1.78978,0.018966,0.303432
0.0041,2.000284,0.057691,0.500093
0.0039,1.563762,0.053306,0.322491
0.0035,2.264279,0.015365,0.142155
0.004,1.441217,0.01726,0.144763
0.0045,1.709384,0.015544,0.039806
0.005,1.602559,0.047815,0.065687
0.0049,1.754505,0.023241,0.377231
0.0043,1.691333,0.03734,0.248757
0.0039,1.235475,0.045204,0.322551
0.0049,1.508787,0.027209,0.06795
0.0041,1.622471,0.044493,0.567456
0.0049,1.54379,0.020942,0.227784
0.0024,1.71616,0.023026,0.149024
0.0048,2.082108,0.03272,0.30964
0.003,3.042918,0.039955,0.12887
0.0033,2.276009,0.036289,0.41487
0.0044,1.959944,0.02242,0.331088
0.004,2.315522,0.034249,0.441741
0.0043,1.387762,0.030135,0.169992
0.0023,2.617263,0.06805,0.880307
0.0052,1.448193,0.045561,0.265668
0.0048,1.803346,0.013589,0.078725
0.005,1.641579,0.028695,0.21557
0.0037,1.774435,0.060838,0.687
0.0043,1.670484,0.035981,0.265154
0.004,1.895795,0.023435,0.231202
0.0053,1.554391,0.072884,0.666391
0.004,1.408386,0.060138,0.236214
0.0024,2.771417,0.026829,0.232507
0.0051,1.529645,0.083485,0.548905
0.0033,1.56122,0.029764,0.306673
0.0051,1.897314,0.020047,0.313479
0.0023,2.820985,0.0299,0.350765
0.0045,2.369432,0.063268,0.302253
0.004,1.77897,0.059142,0.66735
0.0056,1.356947,0.081807,0.690333
0.0044,2.519137,0.005171,0.31968
0.0048,1.648306,0.022305,0.188661
0.0043,1.698614,0.05002,0.532008
0.0035,2.032884,0.026654,0.265593
0.0045,1.502934,0.037173,0.221369
0.0038,1.477468,0.017716,0.068343
0.0044,1.34818,0.018323,0.380536
0.0043,1.520683,0.044731,0.179945
0.0048,1.188818,0.026223,0.125145
0.0034,1.750959,0.027041,0.320415
0.0045,3.337484,0.081563,0.985582
0.0037,2.579889,0.042612,0.454243
0.0042,2.080636,0.022812,0.122208
0.004,1.347425,0.077323,0.678701
0.0045,2.148253,0.06414,0.367683
0.004,1.720094,0.019718,0.767152
0.0049,1.659007,0.019064,0.205621
0.005,1.348549,0.020019,0.087554
0.0025,2.909576,0.044036,0.537509
0.0027,2.052528,0.042834,0.241615
0.0037,1.855124,0.065738,0.512923
0.0045,1.727004,0.023989,0.085895
0.0056,1.961042,0.117796,1.106021
0.0038,1.929151,0.019201,0.078636
0.0041,1.848043,0.022841,0.099269
0.0034,3.140647,0.025881,0.195076
0.004,3.350835,0.07785,0.631492
0.004,1.662353,0.04007,0.24405
0.0036,2.374164,0.037365,0.413617
0.0042,1.364521,0.045248,0.391338
0.0047,2.070377,0.01524,0.141216
0.0042,1.872856,0.032562,0.53402
0.0046,1.741468,0.00888,0.058123
0.0042,2.054541,0.047397,0.61378
0.0042,1.684355,0.080578,0.489008
0.0041,2.910757,0.008937,0.033325
0.0047,1.957585,0.072862,0.27698
0.0041,1.515338,0.043895,0.252773
0.0032,1.52289,0.080457,0.536
0.0046,1.968982,0.007664,0.113131
0.0044,1.542638,0.033064,0.357576
0.0048,1.56889,0.031673,0.164097
0.0047,1.812459,0.093031,0.725071
0.0053,1.849544,0.006076,0.087797
0.004,2.080595,0.020427,0.193019
0.0034,2.996073,0.010448,0.080509
0.0024,1.73059,0.018741,0.11651
0.0046,1.603534,0.03862,0.339055
0.0047,1.57271,0.089301,0.797918
0.003,2.049541,0.032083,0.328361
0.004,1.824668,0.041473,0.617582
0.0041,2.340834,0.023341,0.107369
0.0039,2.643479,0.010488,0.10918
0.0028,3.162613,0.02801,0.45588
0.005,2.268988,0.014827,0.055025
0.0038,2.355348,0.038536,0.336243
0.0025,1.691089,0.011158,0.215128
0.0044,1.274446,0.00908,0.194166
0.0047,1.253787,0.024369,0.078974
0.0035,1.757798,0.024392,0.208507
0.0044,1.552415,0.023397,0.055279
0.0033,1.84413,0.006959,0.084482
0.0038,2.654642,0.035295,0.435516
0.0047,1.725812,0.023249,0.104293
0.0045,1.863092,0.008217,0.192726
0.0038,1.699678,0.031761,0.228117
0.0054,1.124237,0.056196,0.223893
0.0036,1.579418,0.018142,0.19378
0.0042,1.303362,0.009692,0.103365
0.0051,1.497184,0.010785,0.131199
0.0044,1.527966,0.022548,0.104964
0.0038,1.253294,0.029344,0.518904
0.0044,1.945936,0.024105,0.061415
0.0053,1.433693,0.025748,0.11877
0.004,1.971702,0.055913,0.695766
0.0043,1.84908,0.006694,0.144981
0.0041,1.886543,0.022476,0.091203
0.0047,2.205996,0.006602,0.238873
0.0041,1.466916,0.025899,0.080027
0.0052,1.678541,0.086668,0.43358
0.0046,1.975377,0.051002,0.199326
0.0048,1.70883,0.019452,0.056368
0.0029,1.935986,0.041629,0.54692
0.0044,1.063158,0.067373,0.741934
0.0044,1.96563,0.017997,0.190318
0.005,1.154072,0.013636,0.247807
0.003,2.072185,0.021094,0.346188
0.0041,1.660456,0.021516,0.111429
0.0033,1.808723,0.041315,0.435755
0.0035,1.296946,0.016875,0.439668
0.0038,1.581953,0.02389,0.065528
0.0017,2.114818,0.017217,0.139013
0.0041,1.40217,0.058954,0.556008
0.0046,1.220403,0.030507,0.288868
0.004,1.892896,0.017714,0.245608
0.0043,2.208892,0.018974,0.336155
0.0049,1.916768,0.028011,0.082741
0.0047,2.196589,0.024152,0.253404
0.004,2.072689,0.031459,0.112178
0.0045,1.49186,0.052181,0.313671
0.0036,2.739862,0.015482,0.069652
0.0028,2.113186,0.021405,0.122738
0.0047,1.384133,0.066187,0.286003
0.0049,2.56338,0.084069,0.191129
0.0031,1.70656,0.019718,0.312555
0.0042,1.263119,0.014187,0.140694
0.0042,1.761515,0.021651,0.41229
0.0042,1.917594,0.012978,0.30495
0.0046,1.478425,0.020704,0.165314
0.0027,2.53598,0.03148,0.415796
0.0044,1.330653,0.008045,0.233182
0.0048,1.881899,0.094251,0.69679
0.0032,3.502624,0.032792,0.028047
0.0038,1.607032,0.058977,0.35628
0.002,3.596434,0.031702,0.131841
0.0044,1.35072,0.017997,0.070743
0.0044,1.632931,0.01919,0.388812
0.0041,1.566572,0.045868,0.189056
0.0035,1.716009,0.066298,0.329548
0.003,2.318892,0.015191,0.089441
0.005,1.828041,0.072593,0.335971
0.004,1.605433,0.052587,0.461814
0.0038,1.746558,0.019663,0.073902
0.004,1.372758,0.012691,0.20446
0.0038,2.091849,0.027704,0.403644
0.0046,1.576077,0.016,0.349631
0.0037,1.756747,0.047151,0.629556
0.0035,2.457092,0.029959,0.158403
0.0039,1.956748,0.004417,0.34136
0.0041,1.496774,0.012198,0.120062
0.0035,2.190844,0.011615,0.367086
0.0037,1.595512,0.031572,0.161302
0.0039,1.258996,0.023317,0.036181
0.005,1.846642,0.03601,0.602308
0.0046,1.448779,0.020757,0.116689
0.0042,1.913368,0.036417,0.093909
0.0033,2.079693,0.032282,0.238971
0.0044,1.108875,0.059666,0.725666
0.0031,3.034721,0.031101,0.133161
0.0041,1.401847,0.024016,0.48462
0.0043,1.267193,0.031538,0.035308
0.0047,1.466014,0.018986,0.265864
0.0042,1.954082,0.030281,0.128739
0.0033,1.860331,0.023664,0.088554
0.0044,1.740668,0.045782,0.257654
0.0049,0.967094,0.064543,0.366973
0.0024,2.715234,0.013242,0.12674
0.0036,2.124331,0.053111,0.586744
0.0041,1.722133,0.1011,0.754611
0.0036,2.238078,0.010064,0.18849
0.0021,1.932176,0.032388,0.715328
0.0036,2.033764,0.014209,0.073435
0.004,1.39419,0.03563,0.179284
0.0046,2.05434,0.042296,0.426922
0.0046,2.995671,0.031368,0.212493
0.0043,2.210527,0.047041,0.2622
0.0036,2.245677,0.018876,0.054963
0.0037,1.673246,0.006138,0.094619
0.004,1.564907,0.060058,0.511115
0.0044,1.904128,0.0266,0.276301
0.0016,3.141128,0.036567,0.349777
0.003,2.460901,0.01064,0.141906
0.0018,1.477492,0.020109,0.544916
0.0035,1.849259,0.016592,0.058652
0.0022,2.131363,0.025228,0.070833
0.0046,1.774704,0.03548,0.409825
0.0044,1.523972,0.032722,0.508786
0.0044,1.727372,0.014712,0.179279
0.0036,2.442188,0.026368,0.124988
0.0019,2.271267,0.048518,0.664799
0.0025,1.932568,0.018385,0.408121
0.0046,1.978029,0.026922,0.209036
0.003,2.792369,0.023199,0.239987
0.0012,2.170814,0.057924,1.02975
0.0038,1.533841,0.025054,0.299833
0.0023,3.588283,0.013034,0.350586
0.004,2.410476,0.043469,0.405762
0.005,2.433185,0.053625,0.559841
0.0049,1.357308,0.012757,0.083233
0.0035,2.295113,0.054653,0.406798
0.0035,1.682372,0.013567,0.029588
0.0042,1.694323,0.024997,0.267736
0.0042,1.319039,0.019725,0.01511
0.0031,2.677254,0.012283,0.151543
0.004,2.240234,0.018374,0.044222
0.0045,1.789105,0.017738,0.184857
0.0029,2.125131,0.026828,0.11475
0.0046,2.405507,0.037288,0.396989
0.004,1.297033,0.00234,0.101163
0.0035,1.503673,0.027029,0.312638
0.0029,1.859591,0.015648,0.137348
0.0043,1.439367,0.056642,0.478294
0.0035,1.844252,0.010147,0.226326
0.0037,3.24888,0.032628,0.142996
0.0049,1.726224,0.028275,0.266271
0.0036,1.913311,0.026758,0.274398
0.0042,2.032969,0.036805,0.420282
0.0045,2.29082,0.016331,0.188919
0.0039,2.272618,0.021626,0.034505
0.0047,1.708262,0.015808,0.123002
0.004,1.277366,0.015118,0.202145
0.0038,1.463898,0.055784,0.189827
0.0038,1.589458,0.014277,0.33488
0.0047,2.499795,0.030946,0.328013
0.0046,1.873531,0.042256,0.126392
0.0029,1.906293,0.001925,0.136502
0.004,2.50537,0.042549,0.246337
0.0042,1.808266,0.04286,0.328401
0.0029,3.439077,0.024842,0.055842
0.0022,2.727898,0.009093,0.115362
0.0021,2.181483,0.036882,0.342439
0.003,2.249201,0.024775,0.101872
0.0049,1.777242,0.021262,0.054016
0.0031,3.036686,0.019918,0.062728
0.0027,1.800245,0.011372,0.065235
0.0047,1.56448,0.022037,0.085644
0.0046,1.748831,0.026118,0.108796
0.0041,1.78321,0.024486,0.290676
0.0043,1.590695,0.08652,0.635385
0.005,1.673489,0.043035,0.180231
0.003,2.439826,0.033526,0.108048
0.0034,1.672079,0.022661,0.316961
0.0045,1.937257,0.092017,0.402138
0.004,2.496702,0.016363,0.231554
0.0046,1.646629,0.028565,0.362881
0.0042,1.76435,0.019282,0.211551
0.0045,1.962773,0.053372,0.588848
0.0033,1.954408,0.025504,0.235549
0.0034,1.734389,0.026285,0.378927
0.0015,2.146487,0.025714,0.60642
0.0034,2.218174,0.058339,0.708479
0.0019,3.019097,0.036448,0.16323
0.0037,1.844995,0.050139,0.497008
0.003,2.24994,0.044426,0.05378
0.0048,1.641706,0.001548,0.109285
0.0038,1.508874,0.060714,0.47083
0.0039,2.682437,0.037443,0.308228
0.0041,1.515843,0.031207,0.282422
0.0039,2.318572,0.023777,0.097149
0.0034,2.446765,0.024386,0.028034
0.0047,1.533105,0.010787,0.066644
0.0046,1.66829,0.04327,0.100819
0.002,3.0693,0.021408,0.323961
0.0041,2.326726,0.037788,0.302125
0.003,2.135029,0.021337,0.132981
0.0037,2.455425,0.033922,0.138112
0.0023,2.575988,0.02097,0.178061
0.0037,1.119819,0.042627,0.374017
0.0037,1.491239,0.034574,0.241978
0.0036,1.525171,0.035215,0.367366
0.0049,1.432214,0.01203,0.189101
0.0044,1.961236,0.03501,0.141215
0.0036,1.75667,0.008541,0.155362
0.0045,1.666232,0.026053,0.292109
0.0039,2.137107,0.014956,0.224106
0.0039,1.379086,0.032094,0.177136
0.0015,3.461933,0.018517,0.446453
0.0037,1.658325,0.00351,0.145579
0.0045,1.811885,0.086089,0.324568
0.0039,1.530876,0.007356,0.262054
0.0042,1.662384,0.016843,0.132533
0.0044,2.368284,0.007201,0.060069
0.0022,4.142016,0.061818,1.131529
0.0034,1.545869,0.011696,0.129026
0.0028,2.57344,0.014483,0.26615
0.0037,1.873957,0.014139,0.032898
0.0034,1.877379,0.0276,0.208992
0.0047,1.812176,0.049321,0.15402
0.0034,2.154034,0.025059,0.317573
0.0032,1.785694,0.02477,0.469766
0.0044,1.993357,0.014283,0.098645
0.003,1.748644,0.011313,0.032292
0.0026,1.912658,0.022288,0.071518
0.0047,1.596299,0.064938,0.382126
0.0031,2.446221,0.028978,0.313581
0.0045,1.62418,0.057478,0.243036
0.004,2.551843,0.105502,0.968286
0.0037,2.249643,0.006442,0.336773
0.0041,1.778704,0.032824,0.238381
0.0042,2.099778,0.054754,0.36684
0.0029,3.741979,0.027337,0.25534
0.0033,2.341895,0.023311,0.062085
0.0037,1.368128,0.009119,0.428464
0.0023,3.227312,0.018472,0.066214
0.0031,1.610717,0.043343,0.263974
0.0032,2.483398,0.081455,0.895181
0.0035,2.417314,0.0142,0.16964
0.0045,1.502519,0.022262,0.122098
0.0038,1.447495,0.017249,0.060225
0.0036,2.938234,0.038479,0.114954
0.004,2.70459,0.015148,0.172626
0.0031,1.640165,0.050822,0.327609
0.0031,2.246785,0.027581,0.232582
0.0043,1.921154,0.022858,0.143186
0.0041,1.507293,0.040182,0.51417
0.0044,1.5938,0.036371,0.08272
0.0041,2.383516,0.028053,0.414742
0.0037,1.943756,0.046842,0.428335
0.0043,1.990455,0.035266,0.231267
0.0037,1.121192,0.070255,0.508574
0.0043,1.532892,0.002494,0.069651
0.0036,1.695661,0.022445,0.248075
0.0034,1.875941,0.015096,0.209904
0.0048,1.986727,0.043268,0.570613
0.0042,1.686344,0.014234,0.279544
0.004,1.610071,0.016692,0.107131
0.0031,1.566147,0.024775,0.305383
0.0034,1.221945,0.019209,0.478702
0.0042,2.187005,0.026911,0.461965
0.0031,2.06695,0.039984,0.271554
0.004,2.115107,0.02283,0.461782
0.0039,1.81164,0.030939,0.16938
0.0037,1.782609,0.017108,0.298325
0.0037,1.738197,0.034471,0.243734
0.0043,1.459408,0.056633,0.391006
0.0049,1.372727,0.030019,0.420343
0.0043,1.595737,0.018665,0.113035
0.0043,2.551494,0.04253,0.536427
0.0018,2.464688,0.011735,0.159935
0.0029,2.042574,0.010473,0.205095
0.0033,2.206248,0.01289,0.085831
0.0044,1.716495,0.077429,0.944031
0.0031,2.17014,0.027791,0.315871
0.0037,3.29296,0.051898,0.323396
0.0032,2.163726,0.019529,0.421859
0.0039,1.636213,0.013513,0.126695
0.0031,1.811398,0.016972,0.37662
0.0044,1.422197,0.015618,0.085067
0.003,1.708724,0.011875,0.088015
0.005,1.475748,0.034085,0.092608
0.0042,1.557841,0.018172,0.133151
0.0041,2.294536,0.009052,0.055638
0.0046,1.110012,0.031489,0.047455
0.0035,2.476805,0.008893,0.129629
0.0039,1.39486,0.012049,0.390153
0.0029,2.418146,0.039624,0.377204
0.0033,3.202046,0.054704,0.469657
0.0037,1.515331,0.046816,0.236905
0.0035,2.493341,0.014099,0.125853
0.0041,1.688615,0.012154,0.305031
0.0016,3.667952,0.014038,0.268559
0.0033,3.015314,0.012651,0.277394
0.0041,1.381258,0.035399,0.321126
0.0049,1.456932,0.005502,0.403523
0.0038,1.882474,0.034416,0.346957
0.004,1.740118,0.016639,0.095572
0.0039,1.732489,0.015161,0.043401
0.0034,2.260284,0.011444,0.142334
0.0042,1.782053,0.021533,0.220967
0.0036,2.884399,0.03564,0.23039
0.0027,1.947591,0.029512,0.216515
0.0029,3.072185,0.028457,0.182926
0.0037,2.77648,0.017656,0.153595
0.0032,2.103061,0.046837,0.454359
0.0031,1.792196,0.018843,0.151161
0.0038,2.083006,0.023384,0.331169
0.003,1.93958,0.015723,0.073372
0.004,2.388418,0.064707,0.342937
0.0034,1.575982,0.067503,0.596986
0.0034,1.676506,0.011541,0.088752
0.0031,1.566047,0.040071,0.155432
0.0037,1.553576,0.053004,0.494577
0.0045,1.448175,0.056121,0.564762
0.0021,2.249502,0.0167,0.324213
0.0026,1.992924,0.030901,0.22726
0.004,1.833393,0.023184,0.202297
0.0031,2.123924,0.013245,0.09066
0.0038,1.45996,0.056755,0.443907
0.0039,2.498465,0.019398,0.124126
0.0028,3.492167,0.062483,0.591132
0.0045,1.765686,0.03454,0.276236
0.0044,1.44369,0.021759,0.051124
0.0033,1.86808,0.055774,0.393197
0.0047,1.399547,0.049505,0.113642
0.0044,1.972516,0.03839,0.077877
0.004,1.780175,0.022897,0.056148
0.0035,1.723566,0.032508,0.211711
0.0023,2.321005,0.019696,0.276505
0.0039,1.448861,0.011039,0.149
0.0037,2.350445,0.031441,0.442205
0.0041,1.951545,0.023758,0.067359
0.0036,2.725636,0.020625,0.520128
0.004,2.114226,0.030442,0.131973
0.0049,1.803551,0.082034,0.807704
0.0042,1.960576,0.009337,0.127456
0.004,2.700437,0.035391,0.621926
0.0036,2.042126,0.059243,0.833757
0.0024,3.051957,0.016443,0.063171
0.0032,1.552382,0.020185,0.183761
0.0039,2.954853,0.02052,0.067086
0.0033,1.322847,0.017289,0.098969
0.0022,2.101784,0.059925,0.664673
0.0034,1.604225,0.015007,0.043204
0.0037,1.237164,0.016462,0.242121
0.0032,2.009764,0.005518,0.145914
0.0036,2.97031,0.003145,0.219006
0.0037,2.60437,0.022481,0.131312
0.0038,1.641828,0.032235,0.248055
0.0034,2.254199,0.012491,0.115736
0.0038,3.25645,0.055114,0.567808
0.0043,1.408845,0.031265,0.136438
0.0039,1.502335,0.007632,0.336488
0.0048,1.441156,0.006674,0.176382
0.0043,1.370086,0.023175,0.061608
0.0025,2.700823,0.040081,0.213652
0.0036,1.567857,0.017718,0.196939
0.0031,2.084402,0.019879,0.11948
0.0034,1.724066,0.027565,0.235526
0.0028,2.163346,0.016924,0.087211
0.0015,4.53574,0.049286,0.918954
0.0047,1.30601,0.020467,0.129469
0.004,1.618535,0.040377,0.367504
0.0041,1.357211,0.013514,0.225664
0.0039,1.637167,0.046496,0.614206
0.0028,2.833994,0.026621,0.320678
0.0034,1.323195,0.01795,0.098182
0.0037,1.665937,0.032942,0.325492
0.004,2.180141,0.011279,0.155458
0.0025,2.776404,0.026216,0.148541
0.0038,2.102629,0.014954,0.326057
0.0027,1.671733,0.028646,0.515406
0.0034,2.539723,0.039866,0.387616
0.0036,1.636369,0.016024,0.210377
0.0025,2.155266,0.014646,0.107697
0.004,1.967737,0.037087,0.528488
0.0035,2.893684,0.035985,0.48356
0.0036,1.599961,0.003435,0.186595
0.0036,1.788507,0.022886,0.266579
0.0031,3.126717,0.073828,0.51956
0.0037,3.198922,0.096611,1.105584
0.0032,2.629096,0.019222,0.357687
0.0041,1.608854,0.038864,0.083483
0.0051,2.485097,0.018109,0.118734
0.0029,2.507636,0.022688,0.196263
0.0047,1.595959,0.033539,0.18539
0.0041,1.331619,0.071555,0.664445
0.0039,1.409541,0.057015,0.177408
0.0034,2.33927,0.025772,0.033743
0.0037,2.05427,0.020693,0.311922
0.0043,1.804121,0.022177,0.166709
0.0038,1.834133,0.013258,0.147022
0.0037,1.66335,0.011179,0.090164
0.0038,1.285998,0.116841,0.796107
0.004,1.649131,0.007902,0.064296
0.0036,1.643118,0.019861,0.386329
0.0037,2.15002,0.021544,0.325631
0.004,2.180467,0.012435,0.167261
0.0029,1.51638,0.029898,0.535708
0.0035,1.734388,0.048559,0.157008
0.0035,1.544089,0.032445,0.359798
0.0034,2.563049,0.027971,0.478535
0.003,2.257498,0.024405,0.166685
0.0042,1.238575,0.019428,0.302102
0.0042,1.581068,0.01026,0.095632
0.0035,1.958506,0.009749,0.264947
0.0029,2.291548,0.025177,0.255172
0.0041,1.79392,0.042736,0.389864
0.0037,2.029464,0.048663,0.52074
0.0029,1.81077,0.061104,0.525384
0.0042,1.469883,0.015934,0.131357
0.0043,2.042562,0.017683,0.273917
0.0035,1.193605,0.045257,0.115568
0.0029,1.751134,0.023732,0.068893
0.0043,2.065096,0.027503,0.045809
0.0044,1.945913,0.06955,0.313888
0.0024,3.87918,0.034882,0.780673
0.0038,1.993066,0.051041,0.39959
0.0029,1.63121,0.030419,0.358031
0.0021,2.380317,0.018954,0.21566
0.0021,1.766108,0.02367,0.208919
0.0022,2.784556,0.048319,0.347579
0.0014,2.952695,0.030971,0.546304
0.0027,3.205162,0.023362,0.223537
0.0034,2.491024,0.038422,0.314372
0.004,1.579377,0.052219,0.242319
0.0039,1.537295,0.025539,0.333486
0.0042,2.921906,0.042643,0.550465
0.003,1.690407,0.036801,0.571738
0.004,1.633712,0.016558,0.129266
0.0035,2.481269,0.01223,0.081984
0.0038,1.914831,0.015747,0.315161
0.0045,2.322188,0.025237,0.176683
0.0046,1.804706,0.023197,0.006736
0.0027,1.875058,0.018677,0.089516
0.0038,1.382438,0.053356,0.039609
0.0024,1.687096,0.026643,0.419344
0.0021,2.471342,0.026475,0.232095
0.0046,1.614025,0.01744,0.095503
0.0043,2.266344,0.003938,0.055841
0.0047,1.785466,0.029329,0.152468
0.0031,2.311756,0.018498,0.071375
0.004,2.730594,0.052856,0.485804
0.0027,2.357627,0.065277,0.237694
0.004,1.458914,0.05097,0.123446
0.0034,1.971882,0.028478,0.146927
0.0037,2.137104,0.029236,0.40968
0.0036,1.738656,0.012877,0.268348
0.0031,2.411742,0.022848,0.40485
0.0038,1.473044,0.025139,0.063884
0.0039,1.764784,0.016787,0.400325
0.002,2.512901,0.075878,0.69013
0.0039,1.818405,0.051941,0.480398
0.0036,1.567398,0.02935,0.233692
0.0036,1.855535,0.030082,0.05701
0.0026,1.814938,0.016511,0.061682
0.0041,1.659106,0.045805,0.801389
0.0039,1.352991,0.040196,0.467236
0.0042,2.250053,0.046761,0.055719
0.0042,2.161599,0.020985,0.208589
0.0033,1.826747,0.010411,0.215224
0.0039,2.302128,0.034381,0.282533
0.0035,1.65422,0.032958,0.330624
0.0036,1.956297,0.047302,0.389913
0.0035,2.261968,0.009937,0.082874
0.0045,1.9591,0.032614,0.298154
0.003,3.247807,0.024981,0.209387
0.0035,2.179288,0.047017,0.43079
0.003,1.8627,0.02236,0.26202
0.0039,1.67186,0.032807,0.222837
0.0038,1.773416,0.014692,0.142607
0.0033,1.836679,0.027289,0.345265
0.0034,2.86472,0.027347,0.245405
0.0041,1.609144,0.017369,0.069619
0.004,2.010514,0.02325,0.138515
0.0036,1.918531,0.014984,0.172254
0.0031,2.190475,0.073281,0.764611
0.0037,2.451846,0.035509,0.234719
0.003,2.024952,0.009146,0.334415
0.001,3.011333,0.047711,0.798558
0.0025,1.96866,0.017623,0.067176
0.0037,1.223676,0.01504,0.140395
0.0035,2.039908,0.015492,0.069363
0.0033,2.615695,0.01795,0.029188
0.0041,1.247333,0.013469,0.071147
0.0031,1.341863,0.026787,0.331387
0.0032,1.84686,0.046547,0.211867
0.003,2.448383,0.031146,0.127114
0.0031,2.119853,0.061985,0.584742
0.0027,1.98837,0.01236,0.203992
0.0029,1.78227,0.021199,0.182604
0.004,1.646472,0.021117,0.195344
0.0037,1.881136,0.017499,0.183562
0.0033,2.310842,0.030071,0.135319
0.0036,1.791973,0.048236,0.132104
0.0039,1.584062,0.01187,0.066898
0.0033,1.869968,0.019308,0.25357
0.0034,2.302632,0.031843,0.633381
0.003,1.629139,0.008336,0.271086
0.0044,1.846196,0.030144,0.497354
0.0031,3.156992,0.031923,0.348206
0.0034,2.11307,0.012525,0.090573
0.0046,1.246104,0.02599,0.274494
0.0039,1.311319,0.018669,0.016626
0.0037,2.394457,0.014638,0.149097
0.0039,2.760593,0.014187,0.231267
0.0038,1.447688,0.048882,0.107986
0.004,1.525308,0.039376,0.031908
0.0027,1.54034,0.020752,0.022564
0.0033,1.749922,0.016359,0.09151
0.0034,1.992894,0.00831,0.089926
0.0045,1.989706,0.030714,0.366649
0.0035,1.738578,0.002767,0.241034
0.0029,2.626449,0.038578,0.138835
0.0027,2.488057,0.008413,0.102648
0.0034,2.069598,0.026954,0.175762
0.0041,2.090941,0.067106,0.467981
0.0045,2.287536,0.052525,0.34619
0.004,2.365592,0.022135,0.388499
0.0039,2.834895,0.03514,0.092407
0.004,1.551305,0.011451,0.099164
0.0038,1.526675,0.020006,0.182238
0.0038,1.371651,0.030688,0.203044
0.004,1.397794,0.020929,0.058697
0.0033,2.071223,0.008566,0.135206
0.0034,1.68353,0.01647,0.329868
0.0037,1.428944,0.018866,0.143041
0.0034,2.235866,0.043408,0.351666
0.0033,1.794914,0.02046,0.451316
0.0034,1.682638,0.054951,0.378617
0.003,3.230607,0.066822,0.517433
0.0032,1.859996,0.02461,0.126032
0.0038,1.184527,0.004171,0.134563
0.0037,1.321507,0.035973,0.149414
0.0035,1.763106,0.016941,0.078624
0.0036,2.613883,0.037277,0.264474
0.0038,2.441788,0.02004,0.047447
0.0035,1.786929,0.032343,0.6175
0.0036,1.782242,0.009359,0.091824
0.0033,1.932392,0.077689,0.473031
0.0038,1.740276,0.031528,0.098959
0.0034,1.620348,0.0515,0.297179
0.0036,2.180812,0.045404,0.796559
0.0037,2.066786,0.02911,0.37963
0.0039,1.600922,0.017576,0.214629
0.0041,1.143573,0.033494,0.497957
0.0032,2.370522,0.073398,0.668591
0.0044,1.412752,0.018231,0.099845
0.0031,2.973092,0.02243,0.299405
0.0034,2.121425,0.059737,0.620812
0.0027,2.656748,0.025564,0.312637
0.0046,2.042012,0.022773,0.031106
0.0039,1.394866,0.018957,0.224641
0.0033,1.476141,0.015489,0.134188
0.0043,1.847613,0.018563,0.270986
0.0021,2.777496,0.02168,0.074243
0.0041,2.016452,0.02367,0.157866
0.0028,3.193723,0.076445,0.950102
0.0041,1.481058,0.026954,0.249313
0.0039,3.888492,0.051383,0.470877
0.0039,2.463557,0.016848,0.378049
0.0032,1.427144,0.023266,0.151225
0.0017,2.675823,0.022522,0.123434
0.0023,2.904446,0.031115,0.563023
0.0034,1.388694,0.011588,0.077983
0.0039,2.478604,0.020061,0.121005
0.0042,1.652491,0.043735,0.669672
0.0038,1.589719,0.016282,0.064742
0.0039,1.68399,0.033161,0.191827
0.0033,2.269271,0.024069,0.515479
0.0018,2.258781,0.019067,0.110374
0.004,1.698248,0.041915,0.300459
0.0024,3.119912,0.009904,0.266212
0.0037,2.019693,0.013017,0.130465
0.0037,2.660012,0.05735,0.713364
0.004,1.641277,0.060351,0.432675
0.0035,1.587175,0.051367,0.335224
0.0043,1.76532,0.024574,0.293748
0.0038,1.772842,0.013837,0.054725
0.0033,1.762624,0.013778,0.341852
0.0032,1.57534,0.015546,0.067388
0.0027,2.262138,0.008049,0.090833
0.0036,2.231422,0.025498,0.398754
0.0034,2.588913,0.033474,0.032526
0.0021,2.435846,0.016028,0.347625
0.0042,1.522014,0.021117,0.363482
0.0024,2.343465,0.06756,0.950883
0.0037,3.109861,0.023913,0.092977
0.0028,2.333566,0.029182,0.148236
0.0027,2.015404,0.023903,0.191118
0.0035,1.494576,0.028946,0.330839
0.004,1.607676,0.014622,0.046835
0.0035,1.877835,0.011483,0.32754
0.0033,1.588814,0.052862,0.537606
0.0034,3.776164,0.032269,0.261603
0.0032,2.56871,0.023888,0.386384
0.0029,2.275006,0.015459,0.033348
0.0035,1.87246,0.00921,0.139066
0.0041,1.730163,0.031528,0.439821
0.0032,1.993926,0.012676,0.104804
0.0034,1.42406,0.018333,0.176297
0.0028,2.348758,0.019106,0.169286
0.0036,1.645161,0.018469,0.151443
0.0024,2.546528,0.051856,0.769348
0.0036,2.414784,0.027296,0.171067
0.0037,1.489372,0.042018,0.236077
0.0035,2.435852,0.01969,0.303883
0.0031,1.851793,0.054144,0.468604
0.0036,2.149081,0.039674,0.170058
0.0028,1.882685,0.035004,0.466019
0.0039,1.875066,0.015901,0.147602
0.0031,2.728088,0.014126,0.341802
0.0024,2.56354,0.065455,0.665494
0.0018,3.610756,0.020505,0.055471
0.0045,1.733502,0.029252,0.145826
0.003,2.481854,0.070105,0.752947
0.0024,2.403339,0.039735,0.26642
0.0027,1.668352,0.023678,0.193625
0.0032,2.222566,0.006315,0.144637
0.0033,1.67866,0.010415,0.099585
0.003,1.852764,0.021276,0.190492
0.0025,3.435224,0.051065,0.386212
0.0039,1.512375,0.07905,0.734969
0.0048,1.579051,0.024353,0.173126
0.0039,2.192838,0.061071,0.387746
0.0036,3.474815,0.028646,0.35258
0.003,1.589187,0.019555,0.264021
0.0036,1.680729,0.063129,0.630532
0.0032,2.226548,0.013894,0.118568
0.0036,1.466272,0.01399,0.251162
0.0036,2.266095,0.014791,0.473962
0.0039,2.757052,0.07409,0.774719
0.0033,2.784146,0.031772,0.572408
0.0031,1.742679,0.05842,0.515212
0.0035,2.211393,0.039622,0.351932
0.0042,1.71739,0.017627,0.270954
0.0029,3.570472,0.027985,0.537475
0.0038,2.297575,0.015821,0.050829
0.0029,3.01195,0.018783,0.250322
0.0036,1.58707,0.021735,0.248942
0.0022,2.034695,0.025443,0.122968
0.0024,2.622438,0.018385,0.220458
0.0034,1.906163,0.034497,0.434868
0.0025,1.840943,0.018331,0.12049
0.0037,2.015428,0.032592,0.393473
0.0036,2.046666,0.001978,0.370237
0.0018,1.882085,0.022791,0.227325
0.0033,3.521449,0.044068,0.723629
0.0028,1.779258,0.013945,0.073229
0.0044,1.834512,0.077706,0.528593
0.0039,1.656015,0.069092,0.581164
0.0026,2.635042,0.04596,0.276305
0.0027,2.32626,0.045445,0.511479
0.0035,1.960368,0.00139,0.117546
0.0024,1.389263,0.019056,0.190621
0.0028,2.124722,0.038357,0.164107
0.0018,2.082327,0.029584,0.277239
0.0035,2.324006,0.005475,0.327439
0.0025,2.02344,0.021174,0.182616
0.0031,1.813517,0.04979,0.440232
0.0029,1.558784,0.022699,0.022066
0.0025,2.31265,0.095067,0.655954
0.004,1.46036,0.014835,0.069931
0.0019,2.73526,0.015453,0.337773
0.0042,1.876586,0.045065,0.362934
0.0027,1.930112,0.033172,0.163739
0.0034,2.010619,0.020482,0.306227
0.0013,1.989567,0.013003,0.394375
0.0036,1.565309,0.040144,0.282166
0.0037,2.06561,0.052581,0.33066
0.004,1.703782,0.020786,0.39004
0.0029,2.18416,0.037649,0.363216
0.0034,1.49778,0.018191,0.218513
0.0018,2.908604,0.026852,0.065755
0.0041,2.047914,0.018525,0.272923
0.0032,2.143042,0.032128,0.397822
0.0035,1.44376,0.059156,0.46392
0.0036,1.619389,0.056856,0.455993
0.0035,1.660638,0.016429,0.064476
0.0035,2.767798,0.070789,0.786643
0.0043,1.996871,0.004945,0.27489
0.0021,2.513757,0.0161,0.347633
0.0039,1.668203,0.022859,0.060711
0.0035,1.33784,0.058348,0.199203
0.0022,3.475011,0.03182,0.402731
0.0029,1.942842,0.019125,0.22136
0.003,4.915896,0.045705,0.663716
0.0031,2.600178,0.050012,0.537614
0.0015,3.38006,0.029859,0.411653
0.0033,1.676405,0.0588,0.506096
0.0035,2.231844,0.057364,0.268628
0.0023,2.008758,0.029583,0.165749
0.0036,2.185079,0.030053,0.207763
0.0039,2.117151,0.005249,0.080713
0.0041,1.988563,0.035267,0.075924
0.0029,2.615546,0.039878,0.444732
0.0034,1.900732,0.028803,0.196847
0.0043,1.824329,0.014826,0.068893
0.0037,1.379935,0.035866,0.378973
0.0047,2.519765,0.040219,0.167074
0.0032,1.9348,0.024374,0.105809
0.0031,2.480462,0.034042,0.337789
0.0027,1.827749,0.036481,0.218057
0.003,2.295658,0.023192,0.346263
0.0029,2.470995,0.006742,0.114759
0.0025,2.623604,0.010514,0.43219
0.0034,2.819814,0.090729,1.128933
0.0034,2.162231,0.052786,0.065
0.0035,1.56158,0.010983,0.224553
0.0042,1.658944,0.018735,0.315671
0.0036,1.776207,0.085902,0.841151
0.0037,2.73975,0.008047,0.212392
0.0039,1.553156,0.013174,0.135141
0.0034,3.456504,0.027917,0.261257
0.003,2.520562,0.017348,0.041754
0.0022,1.952416,0.002707,0.269633
0.0031,2.368492,0.019143,0.177655
0.003,2.438732,0.046882,0.419788
0.0035,2.24167,0.033382,0.465335
0.0033,1.567688,0.049778,0.463507
0.0027,2.600862,0.016178,0.041289
0.0038,1.329713,0.029351,0.184168
0.0035,1.595705,0.07828,0.894825
0.0039,1.68857,0.007271,0.065799
0.0033,1.844572,0.026767,0.355693
0.0035,2.01925,0.03683,0.117714
0.0032,1.913326,0.032462,0.123839
0.0037,1.624783,0.050607,0.605694
0.0029,2.255396,0.023075,0.014227
0.003,2.222479,0.034129,0.463708
0.0026,2.404115,0.009961,0.119332
0.002,2.535167,0.024809,0.032434
0.0029,2.061172,0.032874,0.173684
0.0038,1.54747,0.050313,0.614063
0.0026,2.449503,0.032154,0.40765
0.0019,2.561684,0.011617,0.300457
0.003,2.577839,0.06868,0.82811
0.0041,1.570365,0.031103,0.299842
0.0038,2.238294,0.019283,0.032059
0.0034,1.459391,0.068623,0.521718
0.0029,1.941092,0.032113,0.395251
0.0037,2.83628,0.010271,0.222099
0.0035,1.550672,0.018975,0.359506
0.0018,2.431143,0.022035,0.34343
0.0034,1.612737,0.016857,0.053609
0.0033,1.69202,0.019958,0.069579
0.0026,2.404717,0.081164,0.678532
0.0033,2.059025,0.019118,0.378036
0.0036,1.419093,0.021688,0.214781
0.0031,2.0069,0.047085,0.503551
0.0035,1.717158,0.01835,0.217746
0.0031,2.311766,0.030083,0.083438
0.0042,1.907638,0.050488,0.327699
0.0033,1.818489,0.01748,0.213756
0.0035,1.950258,0.051692,0.32337
0.0017,12.413146,0.036937,0.552349
0.0037,1.680399,0.073136,0.83578
0.0045,1.948895,0.063897,0.630515
0.0038,2.173314,0.019449,0.045826
0.0034,2.838399,0.018821,0.176704
0.0027,1.677798,0.010969,0.073342
0.0034,1.666176,0.04612,0.491029
0.0032,1.731886,0.053553,0.500518
0.0027,2.046761,0.021452,0.286224
0.0036,2.053118,0.010047,0.030386
0.0023,2.668635,0.036,0.257991
0.0036,1.984154,0.018666,0.016426
0.0036,2.614206,0.06072,0.489412
0.0031,1.507452,0.015434,0.25763
0.0016,2.436377,0.020792,0.052022
0.0021,1.578178,0.022061,0.073511
0.0007,2.438956,0.032896,0.866188
0.0031,2.780935,0.030598,0.454704
0.0044,1.979755,0.011141,0.235606
0.0033,2.38865,0.024562,0.16331
0.0023,3.029297,0.02189,0.22405
0.004,1.749883,0.021568,0.108313
0.0027,2.817966,0.028516,0.382457
0.003,1.818242,0.036847,0.393641
0.0035,2.53798,0.037997,0.352123
0.0033,2.121356,0.029128,0.055019
0.0027,1.898314,0.014827,0.303852
0.0036,3.028196,0.028154,0.421158
0.0031,2.383352,0.011767,0.093366
0.0029,2.046096,0.015941,0.140191
0.0035,1.524622,0.032756,0.36042
0.0033,1.412832,0.034084,0.34317
0.0026,2.300802,0.024302,0.119286
0.0036,2.368278,0.059589,0.377519
0.0031,1.736816,0.038608,0.501043
0.0032,1.326908,0.039839,0.326794
0.0031,2.157994,0.011674,0.276081
0.0028,2.218696,0.058109,0.890983
0.0025,4.703642,0.021353,0.041823
0.0037,1.77039,0.028359,0.224283
0.0033,1.650855,0.017149,0.31327
0.0024,3.283457,0.058246,0.168684
0.0038,1.980856,0.052704,0.36339
0.0032,2.823618,0.014786,0.25346
0.0039,1.574633,0.007267,0.248509
0.0032,1.73162,0.014554,0.045894
0.0038,1.93134,0.045901,0.500023
0.004,2.827347,0.079363,0.814156
0.0028,2.728876,0.049686,0.719381
0.0023,2.126121,0.015825,0.23115
0.0022,2.632965,0.041297,0.360963
0.003,2.219426,0.031242,0.262875
0.0025,2.178149,0.021468,0.28755
0.0033,1.946956,0.032466,0.047081
0.0033,2.016342,0.02274,0.079651
0.0024,1.783284,0.037998,0.205999
0.0026,2.333056,0.056692,0.61049
0.0036,1.975638,0.016148,0.029089
0.0034,1.894364,0.02106,0.138886
0.0039,2.09175,0.064596,0.58971
0.0035,2.204165,0.014057,0.111468
0.0031,2.15441,0.012982,0.049744
0.004,1.939952,0.018783,0.107412
0.0029,2.022067,0.023593,0.450523
0.0034,1.965981,0.033938,0.218287
0.0017,2.906856,0.031376,0.516075
0.0037,3.988906,0.022748,0.284845
0.0019,2.63456,0.028594,0.064343
0.0038,2.342296,0.007482,0.215014
0.002,3.853709,0.026935,0.400935
0.0031,1.870699,0.014169,0.165468
0.0035,1.726203,0.022139,0.087194
0.0039,1.462021,0.027967,0.132261
0.0019,4.887351,0.013863,0.124358
0.0027,2.256833,0.027994,0.149704
0.0025,1.544225,0.030675,0.625356
0.0039,1.952373,0.013647,0.064181
0.003,2.126472,0.021214,0.120981
0.0029,2.414973,0.030751,0.439938
0.0008,5.682826,0.015154,0.84884
0.0033,4.075151,0.028141,0.021534
0.0035,2.455264,0.008647,0.394047
0.0042,1.623431,0.008726,0.092372
0.0035,1.712229,0.015626,0.192829
0.0019,4.563142,0.013238,0.21069
0.003,3.278351,0.00814,0.129716
0.0027,1.918493,0.070022,0.679134
0.0036,1.634171,0.02907,0.045808
0.0023,2.34273,0.032572,0.087007
0.0029,2.070393,0.018782,0.154736
0.0029,2.481588,0.021352,0.322102
0.0026,1.84546,0.039895,0.393678
0.0026,3.709556,0.047901,0.433106
0.0032,2.159225,0.011436,0.063501
0.0034,3.636694,0.073828,1.108044
0.0018,2.10616,0.017209,0.238959
0.0033,1.7635,0.018774,0.036289
0.0037,2.340207,0.030429,0.174072
0.0035,2.716094,0.01397,0.245866
0.0028,1.529016,0.02105,0.161266
0.0038,2.166627,0.028849,0.158795
0.0036,2.59546,0.041577,0.246734
0.0036,2.427952,0.022288,0.086589
0.0029,2.060381,0.024452,0.282209
0.0028,2.01925,0.02165,0.371589
0.0034,1.558627,0.014316,0.080681
0.0031,2.344932,0.009589,0.081124
0.0025,1.52835,0.031703,0.217288
0.0033,1.67478,0.013668,0.224685
0.0029,1.59963,0.01053,0.116312
0.0024,4.125874,0.010222,0.041223
0.0035,1.475462,0.019048,0.303732
0.0034,1.641802,0.024938,0.119418
0.0041,1.67077,0.06325,0.652208
0.0038,2.427576,0.012534,0.244635
0.004,1.317178,0.012659,0.273548
0.0035,2.340289,0.038152,0.398509
0.0041,1.848636,0.026743,0.100755
0.0036,1.465999,0.055174,0.248897
0.0027,1.82519,0.026026,0.124122
0.0029,1.636587,0.03465,0.330628
0.0027,2.006664,0.026289,0.585058
0.0031,2.417389,0.021252,0.067312
0.0028,1.336282,0.069269,0.478541
0.0033,1.626352,0.022063,0.135178
0.0037,2.489376,0.045355,0.60196
0.003,2.272928,0.032383,0.042467
0.0035,1.920754,0.062904,0.766438
0.0029,1.840629,0.00553,0.065275
0.0025,2.695738,0.023052,0.257705
0.0034,1.728478,0.02148,0.211353
0.0031,1.336228,0.009702,0.091806
0.0014,3.090811,0.00806,0.149136
0.0036,2.276264,0.024745,0.379991
0.0035,3.03688,0.017075,0.081054
0.0033,2.190466,0.022372,0.262127
0.0034,2.130847,0.057823,0.519574
0.0036,1.822125,0.014568,0.045763
0.0035,1.88732,0.04731,0.389878
0.0028,2.73674,0.014073,0.029175
0.003,2.51199,0.038699,0.25448
0.0025,3.787805,0.049199,0.560181
0.0041,1.741541,0.021448,0.072162
0.0034,1.947457,0.089735,0.686316
0.0035,2.179358,0.025983,0.295658
0.0039,1.676346,0.030116,0.06187
0.0028,1.706397,0.010967,0.081878
0.0027,2.122848,0.055558,0.640126
0.004,1.63507,0.029257,0.067471
0.0034,2.810335,0.022948,0.155493
0.0035,1.69334,0.025154,0.143359
0.0035,2.271674,0.015691,0.111722
0.0031,2.166228,0.020197,0.040393
0.003,2.156727,0.011161,0.425628
0.0026,2.047025,0.019971,0.17306
0.0037,2.201908,0.006257,0.31624
0.0029,2.20913,0.030266,0.138532
0.0023,1.938894,0.021936,0.084751
0.0024,2.24394,0.025211,0.312029
0.0028,2.310952,0.016613,0.051116
0.0045,2.380364,0.021119,0.062306
0.0024,2.587284,0.022273,0.272454
0.0021,3.055244,0.017835,0.09087
0.0028,1.599926,0.021015,0.085039
0.0034,2.966319,0.017246,0.060983
0.0031,2.224467,0.025501,0.022944
0.0034,1.550598,0.041779,0.222117
0.0024,2.882751,0.017681,0.235137
0.0021,4.418978,0.017363,0.104525
0.0024,2.289932,0.050866,0.751597
0.0033,2.398576,0.009889,0.069596
0.0029,2.087823,0.023055,0.146134
0.0025,2.451532,0.004601,0.112478
0.0033,3.070774,0.019908,0.199635
0.0032,2.340588,0.011485,0.084499
0.0024,2.854937,0.019569,0.364099
0.0028,4.53186,0.065939,0.601909
0.0016,2.086478,0.032901,0.115021
0.002,3.464914,0.04128,0.34373
0.002,1.83739,0.008694,0.071414
0.0027,1.869942,0.013466,0.199877
0.003,2.305219,0.031687,0.401764
0.0038,1.838615,0.023833,0.041622
0.0029,2.017459,0.010744,0.039253
0.0027,2.70448,0.040328,0.436281
0.0034,1.720866,0.023186,0.34984
0.0031,2.011569,0.036984,0.272373
0.0041,1.751015,0.025171,0.073052
0.0033,1.576585,0.027777,0.19139
0.0028,2.353502,0.04207,0.45394
0.0034,1.467434,0.0205,0.145625
0.0024,2.104168,0.040503,0.461509
0.0035,1.326653,0.068769,0.506427
0.0028,2.181052,0.007515,0.245179
0.0026,1.907994,0.012383,0.177265
0.0024,2.421795,0.032803,0.299486
0.0032,2.028754,0.047463,0.363915
0.0034,1.868074,0.036332,0.274561
0.0028,2.35939,0.020412,0.206471
0.0023,2.126624,0.020189,0.22128
0.0026,1.99256,0.041576,0.239074
0.0035,2.286065,0.039768,0.088656
0.0038,1.90822,0.007669,0.188132
0.0017,2.89483,0.01072,0.102779
0.0034,1.593028,0.065734,0.61479
0.004,1.540226,0.085339,0.423265
0.004,1.825936,0.018016,0.07939
0.0019,4.189434,0.032923,0.604991
0.0039,2.439901,0.042838,0.262583
0.0034,1.683508,0.015247,0.186716
0.0033,1.747705,0.079528,0.49963
0.0016,3.512348,0.017421,0.111303
0.0029,2.628085,0.033766,0.397009
0.0029,2.429076,0.024441,0.261644
0.0029,4.234604,0.019571,0.192814
0.0036,2.422833,0.008049,0.42223
0.0028,1.74588,0.030606,0.715171
0.0019,2.806953,0.020509,0.200384
0.0028,1.814894,0.031591,0.189849
0.0037,1.973737,0.072107,0.62472
0.0032,2.041831,0.019424,0.111951
0.0038,2.274214,0.043097,0.577973
0.0032,1.414629,0.022433,0.122979
0.0027,2.521736,0.014617,0.103668
0.0036,2.336658,0.038656,0.293151
0.0029,2.553415,0.033147,0.362502
0.0027,1.721637,0.003611,0.032724
0.0014,3.27689,0.017532,0.301376
0.0026,1.877014,0.036578,0.367736
0.0025,2.073916,0.014489,0.219779
0.0034,2.538,0.043638,0.423892
0.0031,1.821896,0.01849,0.109891
0.0017,1.706199,0.045841,0.647723
0.0034,2.440837,0.027027,0.207111
0.0026,3.029066,0.019214,0.129703
0.0038,2.524966,0.024642,0.059416
0.0036,2.094976,0.031959,0.221714
0.0033,1.502427,0.034687,0.126404
0.0035,1.752308,0.018901,0.189723
0.0032,1.857823,0.039968,0.522318
0.002,2.41798,0.008189,0.107474
0.0021,3.480098,0.063698,0.922275
0.0029,1.613844,0.052299,0.423862
0.0031,2.206954,0.006421,0.027646
0.0028,2.517009,0.016096,0.135901
0.0021,2.24809,0.028267,0.119002
0.0029,2.574538,0.017711,0.471369
0.0019,1.997152,0.022044,0.385778
0.0022,2.369272,0.039734,0.428649
0.004,1.384404,0.033079,0.259616
0.0021,2.429399,0.033544,0.324371
0.0031,1.763183,0.039385,0.609791
0.0028,1.797208,0.03267,0.179619
0.0033,2.63484,0.008297,0.038851
0.0025,3.338764,0.033795,0.318838
0.0033,1.965792,0.010461,0.157255
0.0024,3.166323,0.011067,0.103301
0.0015,2.249267,0.019762,0.207649
0.0023,2.163529,0.029575,0.05749
0.002,1.415018,0.021525,0.42789
0.0023,2.336056,0.022995,0.061398
0.0035,2.840175,0.039824,0.643472
0.0035,2.263191,0.03868,0.357047
0.0031,1.5645,0.02477,0.186763
0.0034,2.14821,0.010745,0.073653
0.0037,2.995994,0.01115,0.356892
0.0026,1.976122,0.008096,0.230503
0.0032,1.846416,0.040355,0.375613
0.0041,1.82667,0.051835,0.372948
0.0033,1.789859,0.01938,0.18382
0.0027,2.670706,0.062158,0.580406
0.0031,1.98077,0.019632,0.192852
0.0023,1.886274,0.038177,0.185266
0.0033,1.795518,0.026591,0.130502
0.003,1.319492,0.008298,0.063299
0.0031,2.562845,0.022335,0.259715
0.0026,2.005722,0.035459,0.437988
0.0029,1.851552,0.023845,0.30496
0.0034,2.254361,0.023377,0.292524
0.0019,2.970807,0.013414,0.138502
0.0025,1.861446,0.022527,0.100533
0.0025,1.693201,0.012317,0.073984
0.0017,2.251622,0.025669,0.580877
0.0027,2.227293,0.009072,0.20565
0.0025,1.663636,0.015652,0.14389
0.003,1.802921,0.014649,0.079342
0.0037,2.43923,0.022111,0.045536
0.0023,1.741916,0.014274,0.399571
0.0032,2.102463,0.033957,0.109285
0.0025,2.096061,0.015061,0.100168
0.0035,1.556796,0.013976,0.100555
0.002,2.382596,0.015367,0.190388
0.0036,1.214149,0.048245,0.543833
0.0012,4.294318,0.028677,0.511909
0.0033,2.044275,0.06639,0.385666
0.0034,1.003537,0.014611,0.168132
0.0034,1.895101,0.013406,0.045927
0.0017,2.803766,0.01954,0.147106
0.0032,1.68654,0.01173,0.124086
0.0036,3.177681,0.009924,0.112297
0.003,2.704954,0.023058,0.174742
0.0021,1.88357,0.016305,0.012242
0.0034,2.999916,0.02975,0.14994
0.0019,2.199047,0.064106,0.808278
0.0036,3.358508,0.023148,0.220195
0.0031,2.277267,0.029223,0.125711
0.0014,1.992393,0.045372,0.535353
0.0033,1.996297,0.031605,0.249458
0.0027,1.941382,0.016528,0.378136
0.0038,1.804798,0.018766,0.043591
0.0032,2.032159,0.059919,0.752229
0.0031,1.900968,0.019295,0.183643
0.002,2.786786,0.018008,0.194287
0.0035,1.966278,0.022031,0.031712
0.0034,2.624534,0.008186,0.018237
0.0031,1.174742,0.020878,0.242957
0.0027,2.123169,0.010322,0.140432
0.0029,2.16479,0.029092,0.368265
0.0029,2.95679,0.026589,0.30311
0.0027,2.664712,0.021023,0.166871
0.0023,2.001194,0.025281,0.089341
0.0029,1.976219,0.029275,0.379031
0.0024,3.200943,0.050796,0.520448
0.003,2.59567,0.009247,0.151775
0.0023,2.748182,0.043961,0.467345
0.0037,2.297786,0.083013,0.556272
0.0034,2.05509,0.063917,0.758295
0.003,1.544,0.038258,0.274619
0.0032,2.18728,0.013195,0.275557
0.0026,1.730263,0.017828,0.093878
0.0021,5.018092,0.019039,0.164796
0.0018,1.972448,0.01811,0.266145
0.0031,1.891985,0.008834,0.233477
0.0034,2.167268,0.036755,0.499607
0.0029,2.20936,0.048054,0.636635
0.0028,2.56866,0.01558,0.462439
0.003,2.609854,0.032901,0.41441
0.0033,2.948498,0.02922,0.325279
0.0034,1.845476,0.036105,0.370547
0.0024,3.38102,0.018785,0.15393
0.0024,1.877952,0.013228,0.106911
0.0027,2.204433,0.028834,0.286388
0.003,1.619027,0.020717,0.374702
0.0026,2.814583,0.016094,0.12493
0.0032,1.946596,0.033704,0.22273
0.0034,1.82606,0.026286,0.223294
0.0027,3.196892,0.016141,0.121446
0.0028,2.251325,0.020924,0.193212
0.0032,2.03777,0.03617,0.373207
0.004,2.380878,0.018146,0.119142
0.0033,1.845804,0.027564,0.235264
0.0011,3.578727,0.015477,0.095893
0.0026,4.051504,0.030117,0.102417
0.0025,3.431103,0.037464,0.395364
0.0036,2.230527,0.011747,0.467713
0.0028,2.774336,0.015531,0.450831
0.0026,2.004512,0.013787,0.043543
0.0038,1.984442,0.011999,0.088949
0.003,2.078425,0.02579,0.11637
0.0032,2.148842,0.025202,0.250594
0.0034,2.081801,0.022145,0.262652
0.0028,1.562056,0.031879,0.005741
0.0032,1.91672,0.022287,0.241031
0.0034,1.856635,0.019452,0.231065
0.0035,1.561979,0.007489,0.138076
0.0026,2.990019,0.020425,0.168028
0.0037,1.385496,0.018828,0.103334
0.0032,1.869637,0.008564,0.145421
0.0018,1.774476,0.017142,0.152977
0.0031,2.290252,0.001251,0.266388
0.0027,4.909687,0.005617,0.243266
0.0021,3.332158,0.032477,0.367711
0.0035,2.115079,0.014332,0.163173
0.0028,2.206873,0.017158,0.172896
0.003,1.657328,0.018628,0.252248
0.0033,2.25524,0.019591,0.145422
0.0034,2.229156,0.027851,0.342883
0.0028,1.741877,0.03553,0.33453
0.0026,2.797638,0.008568,0.140423
0.0025,3.139957,0.026505,0.464909
0.0031,2.566002,0.010083,0.114057
0.0011,9.37467,0.018053,0.325064
0.0026,2.187232,0.025537,0.394785
0.0025,2.721052,0.013394,0.049604
0.0032,2.287662,0.028064,0.483436
0.0026,4.472722,0.009995,0.082247
0.0036,1.642894,0.012721,0.223486
0.0017,2.874548,0.032493,0.512198
0.0028,1.900335,0.01761,0.137065
0.0028,2.783718,0.02006,0.071872
0.0032,2.162046,0.029791,0.144742
0.0042,1.748252,0.061188,0.508739
0.0034,1.402744,0.042989,0.06458
0.0038,1.399393,0.05722,0.471548
0.0034,1.806005,0.035745,0.266782
0.0027,1.539218,0.043204,0.130001
0.0025,3.012474,0.018725,0.199077
0.0022,2.719874,0.043727,0.60272
0.0034,1.848464,0.02187,0.042272
0.0016,6.913384,0.028245,0.525666
0.0026,1.749784,0.036248,0.530223
0.0028,4.245034,0.04306,0.738845
0.0022,2.755454,0.019314,0.039709
0.0032,1.851627,0.02122,0.141994
0.0036,1.429745,0.081278,0.588048
0.0015,3.323234,0.009515,0.073096
0.0029,2.48353,0.008829,0.336164
0.0037,1.811564,0.022434,0.255791
0.0028,1.880849,0.042154,0.611015
