x1,x2,p_3500,p_es
-1.6,-1.6,0.0,0.0
-1.58,-1.6,0.0,0.0
-1.56,-1.6,0.0,0.0
-1.54,-1.6,0.0,0.0
-1.52,-1.6,0.0,0.0
-1.5,-1.6,0.0,0.0
-1.48,-1.6,0.0,0.0
-1.46,-1.6,0.0,0.0
-1.44,-1.6,0.0,0.0
-1.42,-1.6,0.0,0.0
-1.4,-1.6,0.0,0.0
-1.38,-1.6,0.0,0.0
-1.36,-1.6,0.0,0.0
-1.34,-1.6,0.0,0.0
-1.32,-1.6,0.0,0.0
-1.3,-1.6,0.0,0.0
-1.28,-1.6,0.0,0.0
-1.26,-1.6,0.0,0.0
-1.24,-1.6,0.0,0.0
-1.22,-1.6,0.0,0.0
-1.2,-1.6,0.0,0.0
-1.18,-1.6,0.0,0.0
-1.16,-1.6,0.0,0.0
-1.14,-1.6,0.0,0.0
-1.12,-1.6,0.0,0.0
-1.1,-1.6,0.0,0.0
-1.08,-1.6,0.0,0.0
-1.06,-1.6,0.0,0.0
-1.04,-1.6,0.0,0.0
-1.02,-1.6,0.0,0.0
-1.0,-1.6,0.0,0.0
-0.98,-1.6,0.0,0.0
-0.96,-1.6,0.0,0.0
-0.94,-1.6,0.0,0.0
-0.92,-1.6,0.0,0.0
-0.9,-1.6,0.0,0.0
-0.88,-1.6,0.0,0.0
-0.86,-1.6,0.0,0.0
-0.84,-1.6,0.0,0.0
-0.82,-1.6,0.0,0.0
-0.8,-1.6,0.0,0.0
-0.78,-1.6,0.0,0.0
-0.76,-1.6,0.0,0.0
-0.74,-1.6,0.0,0.0
-0.72,-1.6,0.0,0.0
-0.7,-1.6,0.0,0.0
-0.68,-1.6,0.0,0.0
-0.66,-1.6,0.0,0.0
-0.64,-1.6,0.0,0.0
-0.62,-1.6,0.0,0.0
-0.6,-1.6,0.0,0.0
-0.58,-1.6,0.0,0.0
-0.56,-1.6,0.0,0.0
-0.54,-1.6,0.0,0.0
-0.52,-1.6,0.0,0.0
-0.5,-1.6,0.0,0.0
-0.48,-1.6,0.0,0.0
-0.46,-1.6,0.0,0.0
-0.44,-1.6,0.0,0.0
-0.42,-1.6,0.0,0.0
-0.4,-1.6,0.0,0.0
-0.38,-1.6,0.0,0.0
-0.36,-1.6,0.0,0.0
-0.34,-1.6,0.0,0.0
-0.32,-1.6,0.0,0.0
-0.3,-1.6,0.0,0.0
-0.28,-1.6,0.0,0.0
-0.26,-1.6,0.0,0.0
-0.24,-1.6,0.0,0.0
-0.22,-1.6,0.0,0.0
-0.2,-1.6,0.0,0.0
-0.18,-1.6,0.0,0.0
-0.16,-1.6,0.0,0.0
-0.14,-1.6,0.0,0.0
-0.12,-1.6,0.0,0.0
-0.1,-1.6,0.0,0.0
-0.08,-1.6,0.0,0.0
-0.06,-1.6,0.0,0.0
-0.04,-1.6,0.0,0.0
-0.02,-1.6,0.0,0.0
0.0,-1.6,0.0,0.0
0.02,-1.6,0.0,0.0
0.04,-1.6,0.0,0.0
0.06,-1.6,0.0,0.0
0.08,-1.6,0.0,0.0
0.1,-1.6,0.0,0.0
0.12,-1.6,0.0,0.0
0.14,-1.6,0.0,0.0
0.16,-1.6,0.0,0.0
0.18,-1.6,0.0,0.0
0.2,-1.6,0.0,0.0
0.22,-1.6,0.0,0.0
0.24,-1.6,0.0,0.0
0.26,-1.6,0.0,0.0
0.28,-1.6,0.0,0.0
0.3,-1.6,0.0,0.0
0.32,-1.6,0.0,0.0
0.34,-1.6,0.0,0.0
0.36,-1.6,0.0,0.0
0.38,-1.6,0.0,0.0
0.4,-1.6,0.0,0.0
0.42,-1.6,0.0,0.0
0.44,-1.6,0.0,0.0
0.46,-1.6,0.0,0.0
0.48,-1.6,0.0,0.0
0.5,-1.6,0.0,0.0
0.52,-1.6,0.0,0.0
0.54,-1.6,0.0,0.0
0.56,-1.6,0.0,0.0
0.58,-1.6,0.0,0.0
0.6,-1.6,0.0,0.0
0.62,-1.6,0.0,0.0
0.64,-1.6,0.0,0.0
0.66,-1.6,0.0,0.0
0.68,-1.6,0.0,0.0
0.7,-1.6,0.0,0.0
0.72,-1.6,0.0,0.0
0.74,-1.6,0.0,0.0
0.76,-1.6,0.0,0.0
0.78,-1.6,0.0,0.0
0.8,-1.6,0.0,0.0
0.82,-1.6,0.0,0.0
0.84,-1.6,0.0,0.0
0.86,-1.6,0.0,0.0
0.88,-1.6,0.0,0.0
0.9,-1.6,0.0,0.0
0.92,-1.6,0.0,0.0
0.94,-1.6,0.0,0.0
0.96,-1.6,0.0,0.0
0.98,-1.6,0.0,0.0
1.0,-1.6,0.0,0.0
1.02,-1.6,0.0,0.0
1.04,-1.6,0.0,0.0
1.06,-1.6,0.0,0.0
1.08,-1.6,0.0,0.0
1.1,-1.6,0.0,0.0
1.12,-1.6,0.0,0.0
1.14,-1.6,0.0,0.0
1.16,-1.6,0.0,0.0
1.18,-1.6,0.0,0.0
1.2,-1.6,0.0,0.0
1.22,-1.6,0.0,0.0
1.24,-1.6,0.0,0.0
1.26,-1.6,0.0,0.0
1.28,-1.6,0.0,0.0
1.3,-1.6,0.0,0.0
1.32,-1.6,0.0,0.0
1.34,-1.6,0.0,0.0
1.36,-1.6,0.0,0.0
1.38,-1.6,0.0,0.0
1.4,-1.6,0.0,0.0
1.42,-1.6,0.0,0.0
1.44,-1.6,0.0,0.0
1.46,-1.6,0.0,0.0
1.48,-1.6,0.0,0.0
1.5,-1.6,0.0,0.0
1.52,-1.6,0.0,0.0
1.54,-1.6,0.0,0.0
1.56,-1.6,0.0,0.0
1.58,-1.6,0.0,0.0
1.6,-1.6,0.0,0.0
-1.6,-1.58,0.0,0.0
-1.58,-1.58,0.0,0.0
-1.56,-1.58,0.0,0.0
-1.54,-1.58,0.0,0.0
-1.52,-1.58,0.0,0.0
-1.5,-1.58,0.0,0.0
-1.48,-1.58,0.0,0.0
-1.46,-1.58,0.0,0.0
-1.44,-1.58,0.0,0.0
-1.42,-1.58,0.0,0.0
-1.4,-1.58,0.0,0.0
-1.38,-1.58,0.0,0.0
-1.36,-1.58,0.0,0.0
-1.34,-1.58,0.0,0.0
-1.32,-1.58,0.0,0.0
-1.3,-1.58,0.0,0.0
-1.28,-1.58,0.0,0.0
-1.26,-1.58,0.0,0.0
-1.24,-1.58,0.0,0.0
-1.22,-1.58,0.0,0.0
-1.2,-1.58,0.0,0.0
-1.18,-1.58,0.0,0.0
-1.16,-1.58,0.0,0.0
-1.14,-1.58,0.0,0.0
-1.12,-1.58,0.0,0.0
-1.1,-1.58,0.0,0.0
-1.08,-1.58,0.0,0.0
-1.06,-1.58,0.0,0.0
-1.04,-1.58,0.0,0.0
-1.02,-1.58,0.0,0.0
-1.0,-1.58,0.0,0.0
-0.98,-1.58,0.0,0.0
-0.96,-1.58,0.0,0.0
-0.94,-1.58,0.0,0.0
-0.92,-1.58,0.0,0.0
-0.9,-1.58,0.0,0.0
-0.88,-1.58,0.0,0.0
-0.86,-1.58,0.0,0.0
-0.84,-1.58,0.0,0.0
-0.82,-1.58,0.0,0.0
-0.8,-1.58,0.0,0.0
-0.78,-1.58,0.0,0.0
-0.76,-1.58,0.0,0.0
-0.74,-1.58,0.0,0.0
-0.72,-1.58,0.0,0.0
-0.7,-1.58,0.0,0.0
-0.68,-1.58,0.0,0.0
-0.66,-1.58,0.0,0.0
-0.64,-1.58,0.0,0.0
-0.62,-1.58,0.0,0.0
-0.6,-1.58,0.0,0.0
-0.58,-1.58,0.0,0.0
-0.56,-1.58,0.0,0.0
-0.54,-1.58,0.0,0.0
-0.52,-1.58,0.0,0.0
-0.5,-1.58,0.0,0.0
-0.48,-1.58,0.0,0.0
-0.46,-1.58,0.0,0.0
-0.44,-1.58,0.0,0.0
-0.42,-1.58,0.0,0.0
-0.4,-1.58,0.0,0.0
-0.38,-1.58,0.0,0.0
-0.36,-1.58,0.0,0.0
-0.34,-1.58,0.0,0.0
-0.32,-1.58,0.0,0.0
-0.3,-1.58,0.0,0.0
-0.28,-1.58,0.0,0.0
-0.26,-1.58,0.0,0.0
-0.24,-1.58,0.0,0.0
-0.22,-1.58,0.0,0.0
-0.2,-1.58,0.0,0.0
-0.18,-1.58,0.0,0.0
-0.16,-1.58,0.0,0.0
-0.14,-1.58,0.0,0.0
-0.12,-1.58,0.0,0.0
-0.1,-1.58,0.0,0.0
-0.08,-1.58,0.0,0.0
-0.06,-1.58,0.0,0.0
-0.04,-1.58,0.0,0.0
-0.02,-1.58,0.0,0.0
0.0,-1.58,0.0,0.0
0.02,-1.58,0.0,0.0
0.04,-1.58,0.0,0.0
0.06,-1.58,0.0,0.0
0.08,-1.58,0.0,0.0
0.1,-1.58,0.0,0.0
0.12,-1.58,0.0,0.0
0.14,-1.58,0.0,0.0
0.16,-1.58,0.0,0.0
0.18,-1.58,0.0,0.0
0.2,-1.58,0.0,0.0
0.22,-1.58,0.0,0.0
0.24,-1.58,0.0,0.0
0.26,-1.58,0.0,0.0
0.28,-1.58,0.0,0.0
0.3,-1.58,0.0,1e-04
0.32,-1.58,0.0,1e-04
0.34,-1.58,0.0,1e-04
0.36,-1.58,0.0,1e-04
0.38,-1.58,0.0,1e-04
0.4,-1.58,0.0,1e-04
0.42,-1.58,0.0,0.0
0.44,-1.58,0.0,0.0
0.46,-1.58,0.0,0.0
0.48,-1.58,0.0,0.0
0.5,-1.58,0.0,0.0
0.52,-1.58,0.0,0.0
0.54,-1.58,0.0,0.0
0.56,-1.58,0.0,0.0
0.58,-1.58,0.0,0.0
0.6,-1.58,0.0,0.0
0.62,-1.58,0.0,0.0
0.64,-1.58,0.0,0.0
0.66,-1.58,0.0,0.0
0.68,-1.58,0.0,0.0
0.7,-1.58,0.0,0.0
0.72,-1.58,0.0,0.0
0.74,-1.58,0.0,0.0
0.76,-1.58,0.0,0.0
0.78,-1.58,0.0,0.0
0.8,-1.58,0.0,0.0
0.82,-1.58,0.0,0.0
0.84,-1.58,0.0,0.0
0.86,-1.58,0.0,0.0
0.88,-1.58,0.0,0.0
0.9,-1.58,0.0,0.0
0.92,-1.58,0.0,0.0
0.94,-1.58,0.0,0.0
0.96,-1.58,0.0,0.0
0.98,-1.58,0.0,0.0
1.0,-1.58,0.0,0.0
1.02,-1.58,0.0,0.0
1.04,-1.58,0.0,0.0
1.06,-1.58,0.0,0.0
1.08,-1.58,0.0,0.0
1.1,-1.58,0.0,0.0
1.12,-1.58,0.0,0.0
1.14,-1.58,0.0,0.0
1.16,-1.58,0.0,0.0
1.18,-1.58,0.0,0.0
1.2,-1.58,0.0,0.0
1.22,-1.58,0.0,0.0
1.24,-1.58,0.0,0.0
1.26,-1.58,0.0,0.0
1.28,-1.58,0.0,0.0
1.3,-1.58,0.0,0.0
1.32,-1.58,0.0,0.0
1.34,-1.58,0.0,0.0
1.36,-1.58,0.0,0.0
1.38,-1.58,0.0,0.0
1.4,-1.58,0.0,0.0
1.42,-1.58,0.0,0.0
1.44,-1.58,0.0,0.0
1.46,-1.58,0.0,0.0
1.48,-1.58,0.0,0.0
1.5,-1.58,0.0,0.0
1.52,-1.58,0.0,0.0
1.54,-1.58,0.0,0.0
1.56,-1.58,0.0,0.0
1.58,-1.58,0.0,0.0
1.6,-1.58,0.0,0.0
-1.6,-1.56,0.0,0.0
-1.58,-1.56,0.0,0.0
-1.56,-1.56,0.0,0.0
-1.54,-1.56,0.0,0.0
-1.52,-1.56,0.0,0.0
-1.5,-1.56,0.0,0.0
-1.48,-1.56,0.0,0.0
-1.46,-1.56,0.0,0.0
-1.44,-1.56,0.0,0.0
-1.42,-1.56,0.0,0.0
-1.4,-1.56,0.0,0.0
-1.38,-1.56,0.0,0.0
-1.36,-1.56,0.0,0.0
-1.34,-1.56,0.0,0.0
-1.32,-1.56,0.0,0.0
-1.3,-1.56,0.0,0.0
-1.28,-1.56,0.0,0.0
-1.26,-1.56,0.0,0.0
-1.24,-1.56,0.0,0.0
-1.22,-1.56,0.0,0.0
-1.2,-1.56,0.0,0.0
-1.18,-1.56,0.0,0.0
-1.16,-1.56,0.0,0.0
-1.14,-1.56,0.0,0.0
-1.12,-1.56,0.0,0.0
-1.1,-1.56,0.0,0.0
-1.08,-1.56,0.0,0.0
-1.06,-1.56,0.0,0.0
-1.04,-1.56,0.0,0.0
-1.02,-1.56,0.0,0.0
-1.0,-1.56,0.0,0.0
-0.98,-1.56,0.0,0.0
-0.96,-1.56,0.0,0.0
-0.94,-1.56,0.0,0.0
-0.92,-1.56,0.0,0.0
-0.9,-1.56,0.0,0.0
-0.88,-1.56,0.0,0.0
-0.86,-1.56,0.0,0.0
-0.84,-1.56,0.0,0.0
-0.82,-1.56,0.0,0.0
-0.8,-1.56,0.0,0.0
-0.78,-1.56,0.0,0.0
-0.76,-1.56,0.0,0.0
-0.74,-1.56,0.0,0.0
-0.72,-1.56,0.0,0.0
-0.7,-1.56,0.0,0.0
-0.68,-1.56,0.0,0.0
-0.66,-1.56,0.0,0.0
-0.64,-1.56,0.0,0.0
-0.62,-1.56,0.0,0.0
-0.6,-1.56,0.0,0.0
-0.58,-1.56,0.0,0.0
-0.56,-1.56,0.0,0.0
-0.54,-1.56,0.0,0.0
-0.52,-1.56,0.0,0.0
-0.5,-1.56,0.0,0.0
-0.48,-1.56,0.0,0.0
-0.46,-1.56,0.0,0.0
-0.44,-1.56,0.0,0.0
-0.42,-1.56,0.0,0.0
-0.4,-1.56,0.0,0.0
-0.38,-1.56,0.0,0.0
-0.36,-1.56,0.0,0.0
-0.34,-1.56,0.0,0.0
-0.32,-1.56,0.0,0.0
-0.3,-1.56,0.0,0.0
-0.28,-1.56,0.0,0.0
-0.26,-1.56,0.0,0.0
-0.24,-1.56,0.0,0.0
-0.22,-1.56,0.0,0.0
-0.2,-1.56,0.0,0.0
-0.18,-1.56,0.0,0.0
-0.16,-1.56,0.0,0.0
-0.14,-1.56,0.0,0.0
-0.12,-1.56,0.0,0.0
-0.1,-1.56,0.0,0.0
-0.08,-1.56,0.0,0.0
-0.06,-1.56,0.0,0.0
-0.04,-1.56,0.0,0.0
-0.02,-1.56,0.0,0.0
0.0,-1.56,0.0,0.0
0.02,-1.56,0.0,0.0
0.04,-1.56,0.0,0.0
0.06,-1.56,0.0,0.0
0.08,-1.56,0.0,0.0
0.1,-1.56,0.0,0.0
0.12,-1.56,0.0,0.0
0.14,-1.56,0.0,0.0
0.16,-1.56,0.0,0.0
0.18,-1.56,0.0,0.0
0.2,-1.56,0.0,0.0
0.22,-1.56,0.0,0.0
0.24,-1.56,0.0,1e-04
0.26,-1.56,0.0,1e-04
0.28,-1.56,0.0,1e-04
0.3,-1.56,0.0,1e-04
0.32,-1.56,0.0,1e-04
0.34,-1.56,0.0,1e-04
0.36,-1.56,0.0,1e-04
0.38,-1.56,0.0,1e-04
0.4,-1.56,0.0,1e-04
0.42,-1.56,0.0,1e-04
0.44,-1.56,0.0,0.0
0.46,-1.56,0.0,0.0
0.48,-1.56,0.0,0.0
0.5,-1.56,0.0,0.0
0.52,-1.56,0.0,0.0
0.54,-1.56,0.0,0.0
0.56,-1.56,0.0,0.0
0.58,-1.56,0.0,0.0
0.6,-1.56,0.0,0.0
0.62,-1.56,0.0,0.0
0.64,-1.56,0.0,0.0
0.66,-1.56,0.0,0.0
0.68,-1.56,0.0,0.0
0.7,-1.56,0.0,0.0
0.72,-1.56,0.0,0.0
0.74,-1.56,0.0,0.0
0.76,-1.56,0.0,0.0
0.78,-1.56,0.0,0.0
0.8,-1.56,0.0,0.0
0.82,-1.56,0.0,0.0
0.84,-1.56,0.0,0.0
0.86,-1.56,0.0,0.0
0.88,-1.56,0.0,0.0
0.9,-1.56,0.0,0.0
0.92,-1.56,0.0,0.0
0.94,-1.56,0.0,0.0
0.96,-1.56,0.0,0.0
0.98,-1.56,0.0,0.0
1.0,-1.56,0.0,0.0
1.02,-1.56,0.0,0.0
1.04,-1.56,0.0,0.0
1.06,-1.56,0.0,0.0
1.08,-1.56,0.0,0.0
1.1,-1.56,0.0,0.0
1.12,-1.56,0.0,0.0
1.14,-1.56,0.0,0.0
1.16,-1.56,0.0,0.0
1.18,-1.56,0.0,0.0
1.2,-1.56,0.0,0.0
1.22,-1.56,0.0,0.0
1.24,-1.56,0.0,0.0
1.26,-1.56,0.0,0.0
1.28,-1.56,0.0,0.0
1.3,-1.56,0.0,0.0
1.32,-1.56,0.0,0.0
1.34,-1.56,0.0,0.0
1.36,-1.56,0.0,0.0
1.38,-1.56,0.0,0.0
1.4,-1.56,0.0,0.0
1.42,-1.56,0.0,0.0
1.44,-1.56,0.0,0.0
1.46,-1.56,0.0,0.0
1.48,-1.56,0.0,0.0
1.5,-1.56,0.0,0.0
1.52,-1.56,0.0,0.0
1.54,-1.56,0.0,0.0
1.56,-1.56,0.0,0.0
1.58,-1.56,0.0,0.0
1.6,-1.56,0.0,0.0
-1.6,-1.54,0.0,0.0
-1.58,-1.54,0.0,0.0
-1.56,-1.54,0.0,0.0
-1.54,-1.54,0.0,0.0
-1.52,-1.54,0.0,0.0
-1.5,-1.54,0.0,0.0
-1.48,-1.54,0.0,0.0
-1.46,-1.54,0.0,0.0
-1.44,-1.54,0.0,0.0
-1.42,-1.54,0.0,0.0
-1.4,-1.54,0.0,0.0
-1.38,-1.54,0.0,0.0
-1.36,-1.54,0.0,0.0
-1.34,-1.54,0.0,0.0
-1.32,-1.54,0.0,0.0
-1.3,-1.54,0.0,0.0
-1.28,-1.54,0.0,0.0
-1.26,-1.54,0.0,0.0
-1.24,-1.54,0.0,0.0
-1.22,-1.54,0.0,0.0
-1.2,-1.54,0.0,0.0
-1.18,-1.54,0.0,0.0
-1.16,-1.54,0.0,0.0
-1.14,-1.54,0.0,0.0
-1.12,-1.54,0.0,0.0
-1.1,-1.54,0.0,0.0
-1.08,-1.54,0.0,0.0
-1.06,-1.54,0.0,0.0
-1.04,-1.54,0.0,0.0
-1.02,-1.54,0.0,0.0
-1.0,-1.54,0.0,0.0
-0.98,-1.54,0.0,0.0
-0.96,-1.54,0.0,0.0
-0.94,-1.54,0.0,0.0
-0.92,-1.54,0.0,0.0
-0.9,-1.54,0.0,0.0
-0.88,-1.54,0.0,0.0
-0.86,-1.54,0.0,0.0
-0.84,-1.54,0.0,0.0
-0.82,-1.54,0.0,0.0
-0.8,-1.54,0.0,0.0
-0.78,-1.54,0.0,0.0
-0.76,-1.54,0.0,0.0
-0.74,-1.54,0.0,0.0
-0.72,-1.54,0.0,0.0
-0.7,-1.54,0.0,0.0
-0.68,-1.54,0.0,0.0
-0.66,-1.54,0.0,0.0
-0.64,-1.54,0.0,0.0
-0.62,-1.54,0.0,0.0
-0.6,-1.54,0.0,0.0
-0.58,-1.54,0.0,0.0
-0.56,-1.54,0.0,0.0
-0.54,-1.54,0.0,0.0
-0.52,-1.54,0.0,0.0
-0.5,-1.54,0.0,0.0
-0.48,-1.54,0.0,0.0
-0.46,-1.54,0.0,0.0
-0.44,-1.54,0.0,0.0
-0.42,-1.54,0.0,0.0
-0.4,-1.54,0.0,0.0
-0.38,-1.54,0.0,0.0
-0.36,-1.54,0.0,0.0
-0.34,-1.54,0.0,0.0
-0.32,-1.54,0.0,0.0
-0.3,-1.54,0.0,0.0
-0.28,-1.54,0.0,0.0
-0.26,-1.54,0.0,0.0
-0.24,-1.54,0.0,0.0
-0.22,-1.54,0.0,0.0
-0.2,-1.54,0.0,0.0
-0.18,-1.54,0.0,0.0
-0.16,-1.54,0.0,0.0
-0.14,-1.54,0.0,0.0
-0.12,-1.54,0.0,0.0
-0.1,-1.54,0.0,0.0
-0.08,-1.54,0.0,0.0
-0.06,-1.54,0.0,0.0
-0.04,-1.54,0.0,0.0
-0.02,-1.54,0.0,0.0
0.0,-1.54,0.0,0.0
0.02,-1.54,0.0,0.0
0.04,-1.54,0.0,0.0
0.06,-1.54,0.0,0.0
0.08,-1.54,0.0,0.0
0.1,-1.54,0.0,0.0
0.12,-1.54,0.0,0.0
0.14,-1.54,0.0,0.0
0.16,-1.54,0.0,1e-04
0.18,-1.54,0.0,1e-04
0.2,-1.54,0.0,1e-04
0.22,-1.54,0.0,1e-04
0.24,-1.54,0.0,1e-04
0.26,-1.54,0.0,1e-04
0.28,-1.54,0.0,1e-04
0.3,-1.54,0.0,1e-04
0.32,-1.54,0.0,1e-04
0.34,-1.54,0.0,1e-04
0.36,-1.54,0.0,0.0002
0.38,-1.54,0.0,1e-04
0.4,-1.54,0.0,1e-04
0.42,-1.54,0.0,1e-04
0.44,-1.54,0.0,1e-04
0.46,-1.54,0.0,0.0
0.48,-1.54,0.0,0.0
0.5,-1.54,0.0,0.0
0.52,-1.54,0.0,0.0
0.54,-1.54,0.0,0.0
0.56,-1.54,0.0,0.0
0.58,-1.54,0.0,0.0
0.6,-1.54,0.0,0.0
0.62,-1.54,0.0,0.0
0.64,-1.54,0.0,0.0
0.66,-1.54,0.0,0.0
0.68,-1.54,0.0,0.0
0.7,-1.54,0.0,0.0
0.72,-1.54,0.0,0.0
0.74,-1.54,0.0,0.0
0.76,-1.54,0.0,0.0
0.78,-1.54,0.0,0.0
0.8,-1.54,0.0,0.0
0.82,-1.54,0.0,0.0
0.84,-1.54,0.0,0.0
0.86,-1.54,0.0,0.0
0.88,-1.54,0.0,0.0
0.9,-1.54,0.0,0.0
0.92,-1.54,0.0,0.0
0.94,-1.54,0.0,0.0
0.96,-1.54,0.0,0.0
0.98,-1.54,0.0,0.0
1.0,-1.54,0.0,0.0
1.02,-1.54,0.0,0.0
1.04,-1.54,0.0,0.0
1.06,-1.54,0.0,0.0
1.08,-1.54,0.0,0.0
1.1,-1.54,0.0,0.0
1.12,-1.54,0.0,0.0
1.14,-1.54,0.0,0.0
1.16,-1.54,0.0,0.0
1.18,-1.54,0.0,0.0
1.2,-1.54,0.0,0.0
1.22,-1.54,0.0,0.0
1.24,-1.54,0.0,0.0
1.26,-1.54,0.0,0.0
1.28,-1.54,0.0,0.0
1.3,-1.54,0.0,0.0
1.32,-1.54,0.0,0.0
1.34,-1.54,0.0,0.0
1.36,-1.54,0.0,0.0
1.38,-1.54,0.0,0.0
1.4,-1.54,0.0,0.0
1.42,-1.54,0.0,0.0
1.44,-1.54,0.0,0.0
1.46,-1.54,0.0,0.0
1.48,-1.54,0.0,0.0
1.5,-1.54,0.0,0.0
1.52,-1.54,0.0,0.0
1.54,-1.54,0.0,0.0
1.56,-1.54,0.0,0.0
1.58,-1.54,0.0,0.0
1.6,-1.54,0.0,0.0
-1.6,-1.52,0.0,0.0
-1.58,-1.52,0.0,0.0
-1.56,-1.52,0.0,0.0
-1.54,-1.52,0.0,0.0
-1.52,-1.52,0.0,0.0
-1.5,-1.52,0.0,0.0
-1.48,-1.52,0.0,0.0
-1.46,-1.52,0.0,0.0
-1.44,-1.52,0.0,0.0
-1.42,-1.52,0.0,0.0
-1.4,-1.52,0.0,0.0
-1.38,-1.52,0.0,0.0
-1.36,-1.52,0.0,0.0
-1.34,-1.52,0.0,0.0
-1.32,-1.52,0.0,0.0
-1.3,-1.52,0.0,0.0
-1.28,-1.52,0.0,0.0
-1.26,-1.52,0.0,0.0
-1.24,-1.52,0.0,0.0
-1.22,-1.52,0.0,0.0
-1.2,-1.52,0.0,0.0
-1.18,-1.52,0.0,0.0
-1.16,-1.52,0.0,0.0
-1.14,-1.52,0.0,0.0
-1.12,-1.52,0.0,0.0
-1.1,-1.52,0.0,0.0
-1.08,-1.52,0.0,0.0
-1.06,-1.52,0.0,0.0
-1.04,-1.52,0.0,0.0
-1.02,-1.52,0.0,0.0
-1.0,-1.52,0.0,0.0
-0.98,-1.52,0.0,0.0
-0.96,-1.52,0.0,0.0
-0.94,-1.52,0.0,0.0
-0.92,-1.52,0.0,0.0
-0.9,-1.52,0.0,0.0
-0.88,-1.52,0.0,0.0
-0.86,-1.52,0.0,0.0
-0.84,-1.52,0.0,0.0
-0.82,-1.52,0.0,0.0
-0.8,-1.52,0.0,0.0
-0.78,-1.52,0.0,0.0
-0.76,-1.52,0.0,0.0
-0.74,-1.52,0.0,0.0
-0.72,-1.52,0.0,0.0
-0.7,-1.52,0.0,0.0
-0.68,-1.52,0.0,0.0
-0.66,-1.52,0.0,0.0
-0.64,-1.52,0.0,0.0
-0.62,-1.52,0.0,0.0
-0.6,-1.52,0.0,0.0
-0.58,-1.52,0.0,0.0
-0.56,-1.52,0.0,0.0
-0.54,-1.52,0.0,0.0
-0.52,-1.52,0.0,0.0
-0.5,-1.52,0.0,0.0
-0.48,-1.52,0.0,0.0
-0.46,-1.52,0.0,0.0
-0.44,-1.52,0.0,0.0
-0.42,-1.52,0.0,0.0
-0.4,-1.52,0.0,0.0
-0.38,-1.52,0.0,0.0
-0.36,-1.52,0.0,0.0
-0.34,-1.52,0.0,0.0
-0.32,-1.52,0.0,0.0
-0.3,-1.52,0.0,0.0
-0.28,-1.52,0.0,0.0
-0.26,-1.52,0.0,0.0
-0.24,-1.52,0.0,0.0
-0.22,-1.52,0.0,0.0
-0.2,-1.52,0.0,0.0
-0.18,-1.52,0.0,0.0
-0.16,-1.52,0.0,0.0
-0.14,-1.52,0.0,0.0
-0.12,-1.52,0.0,0.0
-0.1,-1.52,0.0,0.0
-0.08,-1.52,0.0,0.0
-0.06,-1.52,0.0,0.0
-0.04,-1.52,0.0,0.0
-0.02,-1.52,0.0,0.0
0.0,-1.52,0.0,0.0
0.02,-1.52,0.0,0.0
0.04,-1.52,0.0,0.0
0.06,-1.52,0.0,0.0
0.08,-1.52,0.0,0.0
0.1,-1.52,0.0,1e-04
0.12,-1.52,0.0,1e-04
0.14,-1.52,0.0,1e-04
0.16,-1.52,0.0,1e-04
0.18,-1.52,0.0,1e-04
0.2,-1.52,0.0,1e-04
0.22,-1.52,0.0,1e-04
0.24,-1.52,0.0,1e-04
0.26,-1.52,0.0,1e-04
0.28,-1.52,0.0,0.0002
0.3,-1.52,0.0,0.0002
0.32,-1.52,0.0,0.0002
0.34,-1.52,0.0,0.0002
0.36,-1.52,0.0,0.0002
0.38,-1.52,0.0,0.0002
0.4,-1.52,0.0,1e-04
0.42,-1.52,0.0,1e-04
0.44,-1.52,0.0,1e-04
0.46,-1.52,0.0,1e-04
0.48,-1.52,0.0,0.0
0.5,-1.52,0.0,0.0
0.52,-1.52,0.0,0.0
0.54,-1.52,0.0,0.0
0.56,-1.52,0.0,0.0
0.58,-1.52,0.0,0.0
0.6,-1.52,0.0,0.0
0.62,-1.52,0.0,0.0
0.64,-1.52,0.0,0.0
0.66,-1.52,0.0,0.0
0.68,-1.52,0.0,0.0
0.7,-1.52,0.0,0.0
0.72,-1.52,0.0,0.0
0.74,-1.52,0.0,0.0
0.76,-1.52,0.0,0.0
0.78,-1.52,0.0,0.0
0.8,-1.52,0.0,0.0
0.82,-1.52,0.0,0.0
0.84,-1.52,0.0,0.0
0.86,-1.52,0.0,0.0
0.88,-1.52,0.0,0.0
0.9,-1.52,0.0,0.0
0.92,-1.52,0.0,0.0
0.94,-1.52,0.0,0.0
0.96,-1.52,0.0,0.0
0.98,-1.52,0.0,0.0
1.0,-1.52,0.0,0.0
1.02,-1.52,0.0,0.0
1.04,-1.52,0.0,0.0
1.06,-1.52,0.0,0.0
1.08,-1.52,0.0,0.0
1.1,-1.52,0.0,0.0
1.12,-1.52,0.0,0.0
1.14,-1.52,0.0,0.0
1.16,-1.52,0.0,0.0
1.18,-1.52,0.0,0.0
1.2,-1.52,0.0,0.0
1.22,-1.52,0.0,0.0
1.24,-1.52,0.0,0.0
1.26,-1.52,0.0,0.0
1.28,-1.52,0.0,0.0
1.3,-1.52,0.0,0.0
1.32,-1.52,0.0,0.0
1.34,-1.52,0.0,0.0
1.36,-1.52,0.0,0.0
1.38,-1.52,0.0,0.0
1.4,-1.52,0.0,0.0
1.42,-1.52,0.0,0.0
1.44,-1.52,0.0,0.0
1.46,-1.52,0.0,0.0
1.48,-1.52,0.0,0.0
1.5,-1.52,0.0,0.0
1.52,-1.52,0.0,0.0
1.54,-1.52,0.0,0.0
1.56,-1.52,0.0,0.0
1.58,-1.52,0.0,0.0
1.6,-1.52,0.0,0.0
-1.6,-1.5,0.0,0.0
-1.58,-1.5,0.0,0.0
-1.56,-1.5,0.0,0.0
-1.54,-1.5,0.0,0.0
-1.52,-1.5,0.0,0.0
-1.5,-1.5,0.0,0.0
-1.48,-1.5,0.0,0.0
-1.46,-1.5,0.0,0.0
-1.44,-1.5,0.0,0.0
-1.42,-1.5,0.0,0.0
-1.4,-1.5,0.0,0.0
-1.38,-1.5,0.0,0.0
-1.36,-1.5,0.0,0.0
-1.34,-1.5,0.0,0.0
-1.32,-1.5,0.0,0.0
-1.3,-1.5,0.0,0.0
-1.28,-1.5,0.0,0.0
-1.26,-1.5,0.0,0.0
-1.24,-1.5,0.0,0.0
-1.22,-1.5,0.0,0.0
-1.2,-1.5,0.0,0.0
-1.18,-1.5,0.0,0.0
-1.16,-1.5,0.0,0.0
-1.14,-1.5,0.0,0.0
-1.12,-1.5,0.0,0.0
-1.1,-1.5,0.0,0.0
-1.08,-1.5,0.0,0.0
-1.06,-1.5,0.0,0.0
-1.04,-1.5,0.0,0.0
-1.02,-1.5,0.0,0.0
-1.0,-1.5,0.0,0.0
-0.98,-1.5,0.0,0.0
-0.96,-1.5,0.0,0.0
-0.94,-1.5,0.0,0.0
-0.92,-1.5,0.0,0.0
-0.9,-1.5,0.0,0.0
-0.88,-1.5,0.0,0.0
-0.86,-1.5,0.0,0.0
-0.84,-1.5,0.0,0.0
-0.82,-1.5,0.0,0.0
-0.8,-1.5,0.0,0.0
-0.78,-1.5,0.0,0.0
-0.76,-1.5,0.0,0.0
-0.74,-1.5,0.0,0.0
-0.72,-1.5,0.0,0.0
-0.7,-1.5,0.0,0.0
-0.68,-1.5,0.0,0.0
-0.66,-1.5,0.0,0.0
-0.64,-1.5,0.0,0.0
-0.62,-1.5,0.0,0.0
-0.6,-1.5,0.0,0.0
-0.58,-1.5,0.0,0.0
-0.56,-1.5,0.0,0.0
-0.54,-1.5,0.0,0.0
-0.52,-1.5,0.0,0.0
-0.5,-1.5,0.0,0.0
-0.48,-1.5,0.0,0.0
-0.46,-1.5,0.0,0.0
-0.44,-1.5,0.0,0.0
-0.42,-1.5,0.0,0.0
-0.4,-1.5,0.0,0.0
-0.38,-1.5,0.0,0.0
-0.36,-1.5,0.0,0.0
-0.34,-1.5,0.0,0.0
-0.32,-1.5,0.0,0.0
-0.3,-1.5,0.0,0.0
-0.28,-1.5,0.0,0.0
-0.26,-1.5,0.0,0.0
-0.24,-1.5,0.0,0.0
-0.22,-1.5,0.0,0.0
-0.2,-1.5,0.0,0.0
-0.18,-1.5,0.0,0.0
-0.16,-1.5,0.0,0.0
-0.14,-1.5,0.0,0.0
-0.12,-1.5,0.0,0.0
-0.1,-1.5,0.0,0.0
-0.08,-1.5,0.0,0.0
-0.06,-1.5,0.0,0.0
-0.04,-1.5,0.0,0.0
-0.02,-1.5,0.0,0.0
0.0,-1.5,0.0,0.0
0.02,-1.5,0.0,1e-04
0.04,-1.5,0.0,1e-04
0.06,-1.5,0.0,1e-04
0.08,-1.5,0.0,1e-04
0.1,-1.5,0.0,1e-04
0.12,-1.5,0.0,1e-04
0.14,-1.5,0.0,1e-04
0.16,-1.5,0.0,1e-04
0.18,-1.5,0.0,1e-04
0.2,-1.5,0.0,0.0002
0.22,-1.5,0.0,0.0002
0.24,-1.5,0.0,0.0002
0.26,-1.5,0.0,0.0002
0.28,-1.5,0.0,0.0002
0.3,-1.5,0.0,0.0003
0.32,-1.5,0.0,0.0003
0.34,-1.5,0.0,0.0003
0.36,-1.5,0.0,0.0003
0.38,-1.5,0.0,0.0002
0.4,-1.5,0.0,0.0002
0.42,-1.5,0.0,1e-04
0.44,-1.5,0.0,1e-04
0.46,-1.5,0.0,1e-04
0.48,-1.5,0.0,1e-04
0.5,-1.5,0.0,0.0
0.52,-1.5,0.0,0.0
0.54,-1.5,0.0,0.0
0.56,-1.5,0.0,0.0
0.58,-1.5,0.0,0.0
0.6,-1.5,0.0,0.0
0.62,-1.5,0.0,0.0
0.64,-1.5,0.0,0.0
0.66,-1.5,0.0,0.0
0.68,-1.5,0.0,0.0
0.7,-1.5,0.0,0.0
0.72,-1.5,0.0,0.0
0.74,-1.5,0.0,0.0
0.76,-1.5,0.0,0.0
0.78,-1.5,0.0,0.0
0.8,-1.5,0.0,0.0
0.82,-1.5,0.0,0.0
0.84,-1.5,0.0,0.0
0.86,-1.5,0.0,0.0
0.88,-1.5,0.0,0.0
0.9,-1.5,0.0,0.0
0.92,-1.5,0.0,0.0
0.94,-1.5,0.0,0.0
0.96,-1.5,0.0,0.0
0.98,-1.5,0.0,0.0
1.0,-1.5,0.0,0.0
1.02,-1.5,0.0,0.0
1.04,-1.5,0.0,0.0
1.06,-1.5,0.0,0.0
1.08,-1.5,0.0,0.0
1.1,-1.5,0.0,0.0
1.12,-1.5,0.0,0.0
1.14,-1.5,0.0,0.0
1.16,-1.5,0.0,0.0
1.18,-1.5,0.0,0.0
1.2,-1.5,0.0,0.0
1.22,-1.5,0.0,0.0
1.24,-1.5,0.0,0.0
1.26,-1.5,0.0,0.0
1.28,-1.5,0.0,0.0
1.3,-1.5,0.0,0.0
1.32,-1.5,0.0,0.0
1.34,-1.5,0.0,0.0
1.36,-1.5,0.0,0.0
1.38,-1.5,0.0,0.0
1.4,-1.5,0.0,0.0
1.42,-1.5,0.0,0.0
1.44,-1.5,0.0,0.0
1.46,-1.5,0.0,0.0
1.48,-1.5,0.0,0.0
1.5,-1.5,0.0,0.0
1.52,-1.5,0.0,0.0
1.54,-1.5,0.0,0.0
1.56,-1.5,0.0,0.0
1.58,-1.5,0.0,0.0
1.6,-1.5,0.0,0.0
-1.6,-1.48,0.0,0.0
-1.58,-1.48,0.0,0.0
-1.56,-1.48,0.0,0.0
-1.54,-1.48,0.0,0.0
-1.52,-1.48,0.0,0.0
-1.5,-1.48,0.0,0.0
-1.48,-1.48,0.0,0.0
-1.46,-1.48,0.0,0.0
-1.44,-1.48,0.0,0.0
-1.42,-1.48,0.0,0.0
-1.4,-1.48,0.0,0.0
-1.38,-1.48,0.0,0.0
-1.36,-1.48,0.0,0.0
-1.34,-1.48,0.0,0.0
-1.32,-1.48,0.0,0.0
-1.3,-1.48,0.0,0.0
-1.28,-1.48,0.0,0.0
-1.26,-1.48,0.0,0.0
-1.24,-1.48,0.0,0.0
-1.22,-1.48,0.0,0.0
-1.2,-1.48,0.0,0.0
-1.18,-1.48,0.0,0.0
-1.16,-1.48,0.0,0.0
-1.14,-1.48,0.0,0.0
-1.12,-1.48,0.0,0.0
-1.1,-1.48,0.0,0.0
-1.08,-1.48,0.0,0.0
-1.06,-1.48,0.0,0.0
-1.04,-1.48,0.0,0.0
-1.02,-1.48,0.0,0.0
-1.0,-1.48,0.0,0.0
-0.98,-1.48,0.0,0.0
-0.96,-1.48,0.0,0.0
-0.94,-1.48,0.0,0.0
-0.92,-1.48,0.0,0.0
-0.9,-1.48,0.0,0.0
-0.88,-1.48,0.0,0.0
-0.86,-1.48,0.0,0.0
-0.84,-1.48,0.0,0.0
-0.82,-1.48,0.0,0.0
-0.8,-1.48,0.0,0.0
-0.78,-1.48,0.0,0.0
-0.76,-1.48,0.0,0.0
-0.74,-1.48,0.0,0.0
-0.72,-1.48,0.0,0.0
-0.7,-1.48,0.0,0.0
-0.68,-1.48,0.0,0.0
-0.66,-1.48,0.0,0.0
-0.64,-1.48,0.0,0.0
-0.62,-1.48,0.0,0.0
-0.6,-1.48,0.0,0.0
-0.58,-1.48,0.0,0.0
-0.56,-1.48,0.0,0.0
-0.54,-1.48,0.0,0.0
-0.52,-1.48,0.0,0.0
-0.5,-1.48,0.0,0.0
-0.48,-1.48,0.0,0.0
-0.46,-1.48,0.0,0.0
-0.44,-1.48,0.0,0.0
-0.42,-1.48,0.0,0.0
-0.4,-1.48,0.0,0.0
-0.38,-1.48,0.0,0.0
-0.36,-1.48,0.0,0.0
-0.34,-1.48,0.0,0.0
-0.32,-1.48,0.0,0.0
-0.3,-1.48,0.0,0.0
-0.28,-1.48,0.0,0.0
-0.26,-1.48,0.0,0.0
-0.24,-1.48,0.0,0.0
-0.22,-1.48,0.0,0.0
-0.2,-1.48,0.0,0.0
-0.18,-1.48,0.0,0.0
-0.16,-1.48,0.0,0.0
-0.14,-1.48,0.0,0.0
-0.12,-1.48,0.0,0.0
-0.1,-1.48,0.0,0.0
-0.08,-1.48,0.0,0.0
-0.06,-1.48,0.0,0.0
-0.04,-1.48,0.0,0.0
-0.02,-1.48,0.0,1e-04
0.0,-1.48,0.0,1e-04
0.02,-1.48,0.0,1e-04
0.04,-1.48,0.0,1e-04
0.06,-1.48,0.0,1e-04
0.08,-1.48,0.0,1e-04
0.1,-1.48,0.0,1e-04
0.12,-1.48,0.0,1e-04
0.14,-1.48,0.0,0.0002
0.16,-1.48,0.0,0.0002
0.18,-1.48,0.0,0.0002
0.2,-1.48,0.0,0.0002
0.22,-1.48,0.0,0.0003
0.24,-1.48,0.0,0.0003
0.26,-1.48,0.0,0.0003
0.28,-1.48,0.0,0.0004
0.3,-1.48,0.0,0.0004
0.32,-1.48,0.0,0.0004
0.34,-1.48,0.0,0.0004
0.36,-1.48,0.0,0.0003
0.38,-1.48,0.0,0.0003
0.4,-1.48,0.0,0.0002
0.42,-1.48,0.0,0.0002
0.44,-1.48,0.0,1e-04
0.46,-1.48,0.0,1e-04
0.48,-1.48,0.0,1e-04
0.5,-1.48,0.0,1e-04
0.52,-1.48,0.0,0.0
0.54,-1.48,0.0,0.0
0.56,-1.48,0.0,0.0
0.58,-1.48,0.0,0.0
0.6,-1.48,0.0,0.0
0.62,-1.48,0.0,0.0
0.64,-1.48,0.0,0.0
0.66,-1.48,0.0,0.0
0.68,-1.48,0.0,0.0
0.7,-1.48,0.0,0.0
0.72,-1.48,0.0,0.0
0.74,-1.48,0.0,0.0
0.76,-1.48,0.0,0.0
0.78,-1.48,0.0,0.0
0.8,-1.48,0.0,0.0
0.82,-1.48,0.0,0.0
0.84,-1.48,0.0,0.0
0.86,-1.48,0.0,0.0
0.88,-1.48,0.0,0.0
0.9,-1.48,0.0,0.0
0.92,-1.48,0.0,0.0
0.94,-1.48,0.0,0.0
0.96,-1.48,0.0,0.0
0.98,-1.48,0.0,0.0
1.0,-1.48,0.0,0.0
1.02,-1.48,0.0,0.0
1.04,-1.48,0.0,0.0
1.06,-1.48,0.0,0.0
1.08,-1.48,0.0,0.0
1.1,-1.48,0.0,0.0
1.12,-1.48,0.0,0.0
1.14,-1.48,0.0,0.0
1.16,-1.48,0.0,0.0
1.18,-1.48,0.0,0.0
1.2,-1.48,0.0,0.0
1.22,-1.48,0.0,0.0
1.24,-1.48,0.0,0.0
1.26,-1.48,0.0,0.0
1.28,-1.48,0.0,0.0
1.3,-1.48,0.0,0.0
1.32,-1.48,0.0,0.0
1.34,-1.48,0.0,0.0
1.36,-1.48,0.0,0.0
1.38,-1.48,0.0,0.0
1.4,-1.48,0.0,0.0
1.42,-1.48,0.0,0.0
1.44,-1.48,0.0,0.0
1.46,-1.48,0.0,0.0
1.48,-1.48,0.0,0.0
1.5,-1.48,0.0,0.0
1.52,-1.48,0.0,0.0
1.54,-1.48,0.0,0.0
1.56,-1.48,0.0,0.0
1.58,-1.48,0.0,0.0
1.6,-1.48,0.0,0.0
-1.6,-1.46,0.0,0.0
-1.58,-1.46,0.0,0.0
-1.56,-1.46,0.0,0.0
-1.54,-1.46,0.0,0.0
-1.52,-1.46,0.0,0.0
-1.5,-1.46,0.0,0.0
-1.48,-1.46,0.0,0.0
-1.46,-1.46,0.0,0.0
-1.44,-1.46,0.0,0.0
-1.42,-1.46,0.0,0.0
-1.4,-1.46,0.0,0.0
-1.38,-1.46,0.0,0.0
-1.36,-1.46,0.0,0.0
-1.34,-1.46,0.0,0.0
-1.32,-1.46,0.0,0.0
-1.3,-1.46,0.0,0.0
-1.28,-1.46,0.0,0.0
-1.26,-1.46,0.0,0.0
-1.24,-1.46,0.0,0.0
-1.22,-1.46,0.0,0.0
-1.2,-1.46,0.0,0.0
-1.18,-1.46,0.0,0.0
-1.16,-1.46,0.0,0.0
-1.14,-1.46,0.0,0.0
-1.12,-1.46,0.0,0.0
-1.1,-1.46,0.0,0.0
-1.08,-1.46,0.0,0.0
-1.06,-1.46,0.0,0.0
-1.04,-1.46,0.0,0.0
-1.02,-1.46,0.0,0.0
-1.0,-1.46,0.0,0.0
-0.98,-1.46,0.0,0.0
-0.96,-1.46,0.0,0.0
-0.94,-1.46,0.0,0.0
-0.92,-1.46,0.0,0.0
-0.9,-1.46,0.0,0.0
-0.88,-1.46,0.0,0.0
-0.86,-1.46,0.0,0.0
-0.84,-1.46,0.0,0.0
-0.82,-1.46,0.0,0.0
-0.8,-1.46,0.0,0.0
-0.78,-1.46,0.0,0.0
-0.76,-1.46,0.0,0.0
-0.74,-1.46,0.0,0.0
-0.72,-1.46,0.0,0.0
-0.7,-1.46,0.0,0.0
-0.68,-1.46,0.0,0.0
-0.66,-1.46,0.0,0.0
-0.64,-1.46,0.0,0.0
-0.62,-1.46,0.0,0.0
-0.6,-1.46,0.0,0.0
-0.58,-1.46,0.0,0.0
-0.56,-1.46,0.0,0.0
-0.54,-1.46,0.0,0.0
-0.52,-1.46,0.0,0.0
-0.5,-1.46,0.0,0.0
-0.48,-1.46,0.0,0.0
-0.46,-1.46,0.0,0.0
-0.44,-1.46,0.0,0.0
-0.42,-1.46,0.0,0.0
-0.4,-1.46,0.0,0.0
-0.38,-1.46,0.0,0.0
-0.36,-1.46,0.0,0.0
-0.34,-1.46,0.0,0.0
-0.32,-1.46,0.0,0.0
-0.3,-1.46,0.0,0.0
-0.28,-1.46,0.0,0.0
-0.26,-1.46,0.0,0.0
-0.24,-1.46,0.0,0.0
-0.22,-1.46,0.0,0.0
-0.2,-1.46,0.0,0.0
-0.18,-1.46,0.0,0.0
-0.16,-1.46,0.0,0.0
-0.14,-1.46,0.0,0.0
-0.12,-1.46,0.0,0.0
-0.1,-1.46,0.0,0.0
-0.08,-1.46,0.0,0.0
-0.06,-1.46,0.0,1e-04
-0.04,-1.46,0.0,1e-04
-0.02,-1.46,0.0,1e-04
0.0,-1.46,0.0,1e-04
0.02,-1.46,0.0,1e-04
0.04,-1.46,0.0,1e-04
0.06,-1.46,0.0,0.0002
0.08,-1.46,0.0,0.0002
0.1,-1.46,0.0,0.0002
0.12,-1.46,0.0,0.0002
0.14,-1.46,0.0,0.0002
0.16,-1.46,0.0,0.0003
0.18,-1.46,0.0,0.0003
0.2,-1.46,0.0,0.0004
0.22,-1.46,0.0,0.0004
0.24,-1.46,0.0,0.0004
0.26,-1.46,0.0,0.0005
0.28,-1.46,0.0,0.0006
0.3,-1.46,0.0,0.0006
0.32,-1.46,0.0,0.0007
0.34,-1.46,0.0,0.0006
0.36,-1.46,0.0,0.0004
0.38,-1.46,0.0,0.0003
0.4,-1.46,0.0,0.0003
0.42,-1.46,0.0,0.0002
0.44,-1.46,0.0,0.0002
0.46,-1.46,0.0,1e-04
0.48,-1.46,0.0,1e-04
0.5,-1.46,0.0,1e-04
0.52,-1.46,0.0,1e-04
0.54,-1.46,0.0,0.0
0.56,-1.46,0.0,0.0
0.58,-1.46,0.0,0.0
0.6,-1.46,0.0,0.0
0.62,-1.46,0.0,0.0
0.64,-1.46,0.0,0.0
0.66,-1.46,0.0,0.0
0.68,-1.46,0.0,0.0
0.7,-1.46,0.0,0.0
0.72,-1.46,0.0,0.0
0.74,-1.46,0.0,0.0
0.76,-1.46,0.0,0.0
0.78,-1.46,0.0,0.0
0.8,-1.46,0.0,0.0
0.82,-1.46,0.0,0.0
0.84,-1.46,0.0,0.0
0.86,-1.46,0.0,0.0
0.88,-1.46,0.0,0.0
0.9,-1.46,0.0,0.0
0.92,-1.46,0.0,0.0
0.94,-1.46,0.0,0.0
0.96,-1.46,0.0,0.0
0.98,-1.46,0.0,0.0
1.0,-1.46,0.0,0.0
1.02,-1.46,0.0,0.0
1.04,-1.46,0.0,0.0
1.06,-1.46,0.0,0.0
1.08,-1.46,0.0,0.0
1.1,-1.46,0.0,0.0
1.12,-1.46,0.0,0.0
1.14,-1.46,0.0,0.0
1.16,-1.46,0.0,0.0
1.18,-1.46,0.0,0.0
1.2,-1.46,0.0,0.0
1.22,-1.46,0.0,0.0
1.24,-1.46,0.0,0.0
1.26,-1.46,0.0,0.0
1.28,-1.46,0.0,0.0
1.3,-1.46,0.0,0.0
1.32,-1.46,0.0,0.0
1.34,-1.46,0.0,0.0
1.36,-1.46,0.0,0.0
1.38,-1.46,0.0,0.0
1.4,-1.46,0.0,0.0
1.42,-1.46,0.0,0.0
1.44,-1.46,0.0,0.0
1.46,-1.46,0.0,0.0
1.48,-1.46,0.0,0.0
1.5,-1.46,0.0,0.0
1.52,-1.46,0.0,0.0
1.54,-1.46,0.0,0.0
1.56,-1.46,0.0,0.0
1.58,-1.46,0.0,0.0
1.6,-1.46,0.0,0.0
-1.6,-1.44,0.0,0.0
-1.58,-1.44,0.0,0.0
-1.56,-1.44,0.0,0.0
-1.54,-1.44,0.0,0.0
-1.52,-1.44,0.0,0.0
-1.5,-1.44,0.0,0.0
-1.48,-1.44,0.0,0.0
-1.46,-1.44,0.0,0.0
-1.44,-1.44,0.0,0.0
-1.42,-1.44,0.0,0.0
-1.4,-1.44,0.0,0.0
-1.38,-1.44,0.0,0.0
-1.36,-1.44,0.0,0.0
-1.34,-1.44,0.0,0.0
-1.32,-1.44,0.0,0.0
-1.3,-1.44,0.0,0.0
-1.28,-1.44,0.0,0.0
-1.26,-1.44,0.0,0.0
-1.24,-1.44,0.0,0.0
-1.22,-1.44,0.0,0.0
-1.2,-1.44,0.0,0.0
-1.18,-1.44,0.0,0.0
-1.16,-1.44,0.0,0.0
-1.14,-1.44,0.0,0.0
-1.12,-1.44,0.0,0.0
-1.1,-1.44,0.0,0.0
-1.08,-1.44,0.0,0.0
-1.06,-1.44,0.0,0.0
-1.04,-1.44,0.0,0.0
-1.02,-1.44,0.0,0.0
-1.0,-1.44,0.0,0.0
-0.98,-1.44,0.0,0.0
-0.96,-1.44,0.0,0.0
-0.94,-1.44,0.0,0.0
-0.92,-1.44,0.0,0.0
-0.9,-1.44,0.0,0.0
-0.88,-1.44,0.0,0.0
-0.86,-1.44,0.0,0.0
-0.84,-1.44,0.0,0.0
-0.82,-1.44,0.0,0.0
-0.8,-1.44,0.0,0.0
-0.78,-1.44,0.0,0.0
-0.76,-1.44,0.0,0.0
-0.74,-1.44,0.0,0.0
-0.72,-1.44,0.0,0.0
-0.7,-1.44,0.0,0.0
-0.68,-1.44,0.0,0.0
-0.66,-1.44,0.0,0.0
-0.64,-1.44,0.0,0.0
-0.62,-1.44,0.0,0.0
-0.6,-1.44,0.0,0.0
-0.58,-1.44,0.0,0.0
-0.56,-1.44,0.0,0.0
-0.54,-1.44,0.0,0.0
-0.52,-1.44,0.0,0.0
-0.5,-1.44,0.0,0.0
-0.48,-1.44,0.0,0.0
-0.46,-1.44,0.0,0.0
-0.44,-1.44,0.0,0.0
-0.42,-1.44,0.0,0.0
-0.4,-1.44,0.0,0.0
-0.38,-1.44,0.0,0.0
-0.36,-1.44,0.0,0.0
-0.34,-1.44,0.0,0.0
-0.32,-1.44,0.0,0.0
-0.3,-1.44,0.0,0.0
-0.28,-1.44,0.0,0.0
-0.26,-1.44,0.0,0.0
-0.24,-1.44,0.0,0.0
-0.22,-1.44,0.0,0.0
-0.2,-1.44,0.0,0.0
-0.18,-1.44,0.0,0.0
-0.16,-1.44,0.0,0.0
-0.14,-1.44,0.0,0.0
-0.12,-1.44,0.0,0.0
-0.1,-1.44,0.0,0.0
-0.08,-1.44,0.0,1e-04
-0.06,-1.44,0.0,1e-04
-0.04,-1.44,0.0,1e-04
-0.02,-1.44,0.0,1e-04
0.0,-1.44,0.0,0.0002
0.02,-1.44,0.0,0.0002
0.04,-1.44,0.0,0.0002
0.06,-1.44,0.0,0.0002
0.08,-1.44,0.0,0.0003
0.1,-1.44,0.0,0.0003
0.12,-1.44,0.0,0.0003
0.14,-1.44,0.0,0.0004
0.16,-1.44,0.0,0.0004
0.18,-1.44,0.0,0.0005
0.2,-1.44,0.0,0.0005
0.22,-1.44,0.0,0.0006
0.24,-1.44,0.0,0.0007
0.26,-1.44,0.0,0.0008
0.28,-1.44,0.0,0.0008
0.3,-1.44,0.0,0.0009
0.32,-1.44,0.0,0.0009
0.34,-1.44,0.0,0.0007
0.36,-1.44,0.0,0.0006
0.38,-1.44,0.0,0.0004
0.4,-1.44,0.0,0.0003
0.42,-1.44,0.0,0.0003
0.44,-1.44,0.0,0.0002
0.46,-1.44,0.0,0.0002
0.48,-1.44,0.0,1e-04
0.5,-1.44,0.0,1e-04
0.52,-1.44,0.0,1e-04
0.54,-1.44,0.0,1e-04
0.56,-1.44,0.0,0.0
0.58,-1.44,0.0,0.0
0.6,-1.44,0.0,0.0
0.62,-1.44,0.0,0.0
0.64,-1.44,0.0,0.0
0.66,-1.44,0.0,0.0
0.68,-1.44,0.0,0.0
0.7,-1.44,0.0,0.0
0.72,-1.44,0.0,0.0
0.74,-1.44,0.0,0.0
0.76,-1.44,0.0,0.0
0.78,-1.44,0.0,0.0
0.8,-1.44,0.0,0.0
0.82,-1.44,0.0,0.0
0.84,-1.44,0.0,0.0
0.86,-1.44,0.0,0.0
0.88,-1.44,0.0,0.0
0.9,-1.44,0.0,0.0
0.92,-1.44,0.0,0.0
0.94,-1.44,0.0,0.0
0.96,-1.44,0.0,0.0
0.98,-1.44,0.0,0.0
1.0,-1.44,0.0,0.0
1.02,-1.44,0.0,0.0
1.04,-1.44,0.0,0.0
1.06,-1.44,0.0,0.0
1.08,-1.44,0.0,0.0
1.1,-1.44,0.0,0.0
1.12,-1.44,0.0,0.0
1.14,-1.44,0.0,0.0
1.16,-1.44,0.0,0.0
1.18,-1.44,0.0,0.0
1.2,-1.44,0.0,0.0
1.22,-1.44,0.0,0.0
1.24,-1.44,0.0,0.0
1.26,-1.44,0.0,0.0
1.28,-1.44,0.0,0.0
1.3,-1.44,0.0,0.0
1.32,-1.44,0.0,0.0
1.34,-1.44,0.0,0.0
1.36,-1.44,0.0,0.0
1.38,-1.44,0.0,0.0
1.4,-1.44,0.0,0.0
1.42,-1.44,0.0,0.0
1.44,-1.44,0.0,0.0
1.46,-1.44,0.0,0.0
1.48,-1.44,0.0,0.0
1.5,-1.44,0.0,0.0
1.52,-1.44,0.0,0.0
1.54,-1.44,0.0,0.0
1.56,-1.44,0.0,0.0
1.58,-1.44,0.0,0.0
1.6,-1.44,0.0,0.0
-1.6,-1.42,0.0,0.0
-1.58,-1.42,0.0,0.0
-1.56,-1.42,0.0,0.0
-1.54,-1.42,0.0,0.0
-1.52,-1.42,0.0,0.0
-1.5,-1.42,0.0,0.0
-1.48,-1.42,0.0,0.0
-1.46,-1.42,0.0,0.0
-1.44,-1.42,0.0,0.0
-1.42,-1.42,0.0,0.0
-1.4,-1.42,0.0,0.0
-1.38,-1.42,0.0,0.0
-1.36,-1.42,0.0,0.0
-1.34,-1.42,0.0,0.0
-1.32,-1.42,0.0,0.0
-1.3,-1.42,0.0,0.0
-1.28,-1.42,0.0,0.0
-1.26,-1.42,0.0,0.0
-1.24,-1.42,0.0,0.0
-1.22,-1.42,0.0,0.0
-1.2,-1.42,0.0,0.0
-1.18,-1.42,0.0,0.0
-1.16,-1.42,0.0,0.0
-1.14,-1.42,0.0,0.0
-1.12,-1.42,0.0,0.0
-1.1,-1.42,0.0,0.0
-1.08,-1.42,0.0,0.0
-1.06,-1.42,0.0,0.0
-1.04,-1.42,0.0,0.0
-1.02,-1.42,0.0,0.0
-1.0,-1.42,0.0,0.0
-0.98,-1.42,0.0,0.0
-0.96,-1.42,0.0,0.0
-0.94,-1.42,0.0,0.0
-0.92,-1.42,0.0,0.0
-0.9,-1.42,0.0,0.0
-0.88,-1.42,0.0,0.0
-0.86,-1.42,0.0,0.0
-0.84,-1.42,0.0,0.0
-0.82,-1.42,0.0,0.0
-0.8,-1.42,0.0,0.0
-0.78,-1.42,0.0,0.0
-0.76,-1.42,0.0,0.0
-0.74,-1.42,0.0,0.0
-0.72,-1.42,0.0,0.0
-0.7,-1.42,0.0,0.0
-0.68,-1.42,0.0,0.0
-0.66,-1.42,0.0,0.0
-0.64,-1.42,0.0,0.0
-0.62,-1.42,0.0,0.0
-0.6,-1.42,0.0,0.0
-0.58,-1.42,0.0,0.0
-0.56,-1.42,0.0,0.0
-0.54,-1.42,0.0,0.0
-0.52,-1.42,0.0,0.0
-0.5,-1.42,0.0,0.0
-0.48,-1.42,0.0,0.0
-0.46,-1.42,0.0,0.0
-0.44,-1.42,0.0,0.0
-0.42,-1.42,0.0,0.0
-0.4,-1.42,0.0,0.0
-0.38,-1.42,0.0,0.0
-0.36,-1.42,0.0,0.0
-0.34,-1.42,0.0,0.0
-0.32,-1.42,0.0,0.0
-0.3,-1.42,0.0,0.0
-0.28,-1.42,0.0,0.0
-0.26,-1.42,0.0,0.0
-0.24,-1.42,0.0,0.0
-0.22,-1.42,0.0,0.0
-0.2,-1.42,0.0,0.0
-0.18,-1.42,0.0,0.0
-0.16,-1.42,0.0,0.0
-0.14,-1.42,0.0,0.0
-0.12,-1.42,0.0,1e-04
-0.1,-1.42,0.0,1e-04
-0.08,-1.42,0.0,1e-04
-0.06,-1.42,0.0,1e-04
-0.04,-1.42,0.0,0.0002
-0.02,-1.42,0.0,0.0002
0.0,-1.42,0.0,0.0002
0.02,-1.42,0.0,0.0003
0.04,-1.42,0.0,0.0003
0.06,-1.42,0.0,0.0004
0.08,-1.42,0.0,0.0004
0.1,-1.42,0.0,0.0005
0.12,-1.42,0.0,0.0005
0.14,-1.42,0.0,0.0006
0.16,-1.42,0.0,0.0007
0.18,-1.42,0.0,0.0007
0.2,-1.42,0.0,0.0008
0.22,-1.42,0.0,0.0009
0.24,-1.42,0.0,0.001
0.26,-1.42,0.0,0.0012
0.28,-1.42,0.0,0.0013
0.3,-1.42,0.0,0.0014
0.32,-1.42,0.0,0.0012
0.34,-1.42,0.0,0.0009
0.36,-1.42,0.0,0.0007
0.38,-1.42,0.0,0.0005
0.4,-1.42,0.0,0.0004
0.42,-1.42,0.0,0.0003
0.44,-1.42,0.0,0.0003
0.46,-1.42,0.0,0.0002
0.48,-1.42,0.0,1e-04
0.5,-1.42,0.0,1e-04
0.52,-1.42,0.0,1e-04
0.54,-1.42,0.0,1e-04
0.56,-1.42,0.0,1e-04
0.58,-1.42,0.0,0.0
0.6,-1.42,0.0,0.0
0.62,-1.42,0.0,0.0
0.64,-1.42,0.0,0.0
0.66,-1.42,0.0,0.0
0.68,-1.42,0.0,0.0
0.7,-1.42,0.0,0.0
0.72,-1.42,0.0,0.0
0.74,-1.42,0.0,0.0
0.76,-1.42,0.0,0.0
0.78,-1.42,0.0,0.0
0.8,-1.42,0.0,0.0
0.82,-1.42,0.0,0.0
0.84,-1.42,0.0,0.0
0.86,-1.42,0.0,0.0
0.88,-1.42,0.0,0.0
0.9,-1.42,0.0,0.0
0.92,-1.42,0.0,0.0
0.94,-1.42,0.0,0.0
0.96,-1.42,0.0,0.0
0.98,-1.42,0.0,0.0
1.0,-1.42,0.0,0.0
1.02,-1.42,0.0,0.0
1.04,-1.42,0.0,0.0
1.06,-1.42,0.0,0.0
1.08,-1.42,0.0,0.0
1.1,-1.42,0.0,0.0
1.12,-1.42,0.0,0.0
1.14,-1.42,0.0,0.0
1.16,-1.42,0.0,0.0
1.18,-1.42,0.0,0.0
1.2,-1.42,0.0,0.0
1.22,-1.42,0.0,0.0
1.24,-1.42,0.0,0.0
1.26,-1.42,0.0,0.0
1.28,-1.42,0.0,0.0
1.3,-1.42,0.0,0.0
1.32,-1.42,0.0,0.0
1.34,-1.42,0.0,0.0
1.36,-1.42,0.0,0.0
1.38,-1.42,0.0,0.0
1.4,-1.42,0.0,0.0
1.42,-1.42,0.0,0.0
1.44,-1.42,0.0,0.0
1.46,-1.42,0.0,0.0
1.48,-1.42,0.0,0.0
1.5,-1.42,0.0,0.0
1.52,-1.42,0.0,0.0
1.54,-1.42,0.0,0.0
1.56,-1.42,0.0,0.0
1.58,-1.42,0.0,0.0
1.6,-1.42,0.0,0.0
-1.6,-1.4,0.0,0.0
-1.58,-1.4,0.0,0.0
-1.56,-1.4,0.0,0.0
-1.54,-1.4,0.0,0.0
-1.52,-1.4,0.0,0.0
-1.5,-1.4,0.0,0.0
-1.48,-1.4,0.0,0.0
-1.46,-1.4,0.0,0.0
-1.44,-1.4,0.0,0.0
-1.42,-1.4,0.0,0.0
-1.4,-1.4,0.0,0.0
-1.38,-1.4,0.0,0.0
-1.36,-1.4,0.0,0.0
-1.34,-1.4,0.0,0.0
-1.32,-1.4,0.0,0.0
-1.3,-1.4,0.0,0.0
-1.28,-1.4,0.0,0.0
-1.26,-1.4,0.0,0.0
-1.24,-1.4,0.0,0.0
-1.22,-1.4,0.0,0.0
-1.2,-1.4,0.0,0.0
-1.18,-1.4,0.0,0.0
-1.16,-1.4,0.0,0.0
-1.14,-1.4,0.0,0.0
-1.12,-1.4,0.0,0.0
-1.1,-1.4,0.0,0.0
-1.08,-1.4,0.0,0.0
-1.06,-1.4,0.0,0.0
-1.04,-1.4,0.0,0.0
-1.02,-1.4,0.0,0.0
-1.0,-1.4,0.0,0.0
-0.98,-1.4,0.0,0.0
-0.96,-1.4,0.0,0.0
-0.94,-1.4,0.0,0.0
-0.92,-1.4,0.0,0.0
-0.9,-1.4,0.0,0.0
-0.88,-1.4,0.0,0.0
-0.86,-1.4,0.0,0.0
-0.84,-1.4,0.0,0.0
-0.82,-1.4,0.0,0.0
-0.8,-1.4,0.0,0.0
-0.78,-1.4,0.0,0.0
-0.76,-1.4,0.0,0.0
-0.74,-1.4,0.0,0.0
-0.72,-1.4,0.0,0.0
-0.7,-1.4,0.0,0.0
-0.68,-1.4,0.0,0.0
-0.66,-1.4,0.0,0.0
-0.64,-1.4,0.0,0.0
-0.62,-1.4,0.0,0.0
-0.6,-1.4,0.0,0.0
-0.58,-1.4,0.0,0.0
-0.56,-1.4,0.0,0.0
-0.54,-1.4,0.0,0.0
-0.52,-1.4,0.0,0.0
-0.5,-1.4,0.0,0.0
-0.48,-1.4,0.0,0.0
-0.46,-1.4,0.0,0.0
-0.44,-1.4,0.0,0.0
-0.42,-1.4,0.0,0.0
-0.4,-1.4,0.0,0.0
-0.38,-1.4,0.0,0.0
-0.36,-1.4,0.0,0.0
-0.34,-1.4,0.0,0.0
-0.32,-1.4,0.0,0.0
-0.3,-1.4,0.0,0.0
-0.28,-1.4,0.0,0.0
-0.26,-1.4,0.0,0.0
-0.24,-1.4,0.0,0.0
-0.22,-1.4,0.0,0.0
-0.2,-1.4,0.0,0.0
-0.18,-1.4,0.0,0.0
-0.16,-1.4,0.0,1e-04
-0.14,-1.4,0.0,1e-04
-0.12,-1.4,0.0,1e-04
-0.1,-1.4,0.0,1e-04
-0.08,-1.4,0.0,1e-04
-0.06,-1.4,0.0,0.0002
-0.04,-1.4,0.0,0.0002
-0.02,-1.4,0.0,0.0003
0.0,-1.4,0.0,0.0003
0.02,-1.4,0.0,0.0004
0.04,-1.4,0.0,0.0005
0.06,-1.4,0.0,0.0006
0.08,-1.4,0.0,0.0006
0.1,-1.4,0.0,0.0007
0.12,-1.4,0.0,0.0008
0.14,-1.4,0.0,0.0009
0.16,-1.4,0.0,0.001
0.18,-1.4,0.0,0.0011
0.2,-1.4,0.0,0.0013
0.22,-1.4,0.0,0.0014
0.24,-1.4,0.0,0.0016
0.26,-1.4,0.0,0.0018
0.28,-1.4,0.0,0.0019
0.3,-1.4,0.0,0.0019
0.32,-1.4,0.0,0.0015
0.34,-1.4,0.0,0.0012
0.36,-1.4,0.0,0.0009
0.38,-1.4,0.0,0.0007
0.4,-1.4,0.0,0.0005
0.42,-1.4,0.0,0.0004
0.44,-1.4,0.0,0.0003
0.46,-1.4,0.0,0.0002
0.48,-1.4,0.0,0.0002
0.5,-1.4,0.0,1e-04
0.52,-1.4,0.0,1e-04
0.54,-1.4,0.0,1e-04
0.56,-1.4,0.0,1e-04
0.58,-1.4,0.0,1e-04
0.6,-1.4,0.0,0.0
0.62,-1.4,0.0,0.0
0.64,-1.4,0.0,0.0
0.66,-1.4,0.0,0.0
0.68,-1.4,0.0,0.0
0.7,-1.4,0.0,0.0
0.72,-1.4,0.0,0.0
0.74,-1.4,0.0,0.0
0.76,-1.4,0.0,0.0
0.78,-1.4,0.0,0.0
0.8,-1.4,0.0,0.0
0.82,-1.4,0.0,0.0
0.84,-1.4,0.0,0.0
0.86,-1.4,0.0,0.0
0.88,-1.4,0.0,0.0
0.9,-1.4,0.0,0.0
0.92,-1.4,0.0,0.0
0.94,-1.4,0.0,0.0
0.96,-1.4,0.0,0.0
0.98,-1.4,0.0,0.0
1.0,-1.4,0.0,0.0
1.02,-1.4,0.0,0.0
1.04,-1.4,0.0,0.0
1.06,-1.4,0.0,0.0
1.08,-1.4,0.0,0.0
1.1,-1.4,0.0,0.0
1.12,-1.4,0.0,0.0
1.14,-1.4,0.0,0.0
1.16,-1.4,0.0,0.0
1.18,-1.4,0.0,0.0
1.2,-1.4,0.0,0.0
1.22,-1.4,0.0,0.0
1.24,-1.4,0.0,0.0
1.26,-1.4,0.0,0.0
1.28,-1.4,0.0,0.0
1.3,-1.4,0.0,0.0
1.32,-1.4,0.0,0.0
1.34,-1.4,0.0,0.0
1.36,-1.4,0.0,0.0
1.38,-1.4,0.0,0.0
1.4,-1.4,0.0,0.0
1.42,-1.4,0.0,0.0
1.44,-1.4,0.0,0.0
1.46,-1.4,0.0,0.0
1.48,-1.4,0.0,0.0
1.5,-1.4,0.0,0.0
1.52,-1.4,0.0,0.0
1.54,-1.4,0.0,0.0
1.56,-1.4,0.0,0.0
1.58,-1.4,0.0,0.0
1.6,-1.4,0.0,0.0
-1.6,-1.38,0.0,0.0
-1.58,-1.38,0.0,0.0
-1.56,-1.38,0.0,0.0
-1.54,-1.38,0.0,0.0
-1.52,-1.38,0.0,0.0
-1.5,-1.38,0.0,0.0
-1.48,-1.38,0.0,0.0
-1.46,-1.38,0.0,0.0
-1.44,-1.38,0.0,0.0
-1.42,-1.38,0.0,0.0
-1.4,-1.38,0.0,0.0
-1.38,-1.38,0.0,0.0
-1.36,-1.38,0.0,0.0
-1.34,-1.38,0.0,0.0
-1.32,-1.38,0.0,0.0
-1.3,-1.38,0.0,0.0
-1.28,-1.38,0.0,0.0
-1.26,-1.38,0.0,0.0
-1.24,-1.38,0.0,0.0
-1.22,-1.38,0.0,0.0
-1.2,-1.38,0.0,0.0
-1.18,-1.38,0.0,0.0
-1.16,-1.38,0.0,0.0
-1.14,-1.38,0.0,0.0
-1.12,-1.38,0.0,0.0
-1.1,-1.38,0.0,0.0
-1.08,-1.38,0.0,0.0
-1.06,-1.38,0.0,0.0
-1.04,-1.38,0.0,0.0
-1.02,-1.38,0.0,0.0
-1.0,-1.38,0.0,0.0
-0.98,-1.38,0.0,0.0
-0.96,-1.38,0.0,0.0
-0.94,-1.38,0.0,0.0
-0.92,-1.38,0.0,0.0
-0.9,-1.38,0.0,0.0
-0.88,-1.38,0.0,0.0
-0.86,-1.38,0.0,0.0
-0.84,-1.38,0.0,0.0
-0.82,-1.38,0.0,0.0
-0.8,-1.38,0.0,0.0
-0.78,-1.38,0.0,0.0
-0.76,-1.38,0.0,0.0
-0.74,-1.38,0.0,0.0
-0.72,-1.38,0.0,0.0
-0.7,-1.38,0.0,0.0
-0.68,-1.38,0.0,0.0
-0.66,-1.38,0.0,0.0
-0.64,-1.38,0.0,0.0
-0.62,-1.38,0.0,0.0
-0.6,-1.38,0.0,0.0
-0.58,-1.38,0.0,0.0
-0.56,-1.38,0.0,0.0
-0.54,-1.38,0.0,0.0
-0.52,-1.38,0.0,0.0
-0.5,-1.38,0.0,0.0
-0.48,-1.38,0.0,0.0
-0.46,-1.38,0.0,0.0
-0.44,-1.38,0.0,0.0
-0.42,-1.38,0.0,0.0
-0.4,-1.38,0.0,0.0
-0.38,-1.38,0.0,0.0
-0.36,-1.38,0.0,0.0
-0.34,-1.38,0.0,0.0
-0.32,-1.38,0.0,0.0
-0.3,-1.38,0.0,0.0
-0.28,-1.38,0.0,0.0
-0.26,-1.38,0.0,0.0
-0.24,-1.38,0.0,0.0
-0.22,-1.38,0.0,0.0
-0.2,-1.38,0.0,0.0
-0.18,-1.38,0.0,1e-04
-0.16,-1.38,0.0,1e-04
-0.14,-1.38,0.0,1e-04
-0.12,-1.38,0.0,1e-04
-0.1,-1.38,0.0,0.0002
-0.08,-1.38,0.0,0.0002
-0.06,-1.38,0.0,0.0003
-0.04,-1.38,0.0,0.0003
-0.02,-1.38,0.0,0.0005
0.0,-1.38,0.0,0.0005
0.02,-1.38,0.0,0.0006
0.04,-1.38,0.0,0.0007
0.06,-1.38,0.0,0.0008
0.08,-1.38,0.0,0.0009
0.1,-1.38,0.0,0.0011
0.12,-1.38,0.0,0.0012
0.14,-1.38,0.0,0.0013
0.16,-1.38,0.0,0.0015
0.18,-1.38,0.0,0.0017
0.2,-1.38,0.0,0.0019
0.22,-1.38,0.0,0.0021
0.24,-1.38,0.0,0.0024
0.26,-1.38,0.0,0.0027
0.28,-1.38,0.0,0.0029
0.3,-1.38,0.0,0.0025
0.32,-1.38,0.0,0.0019
0.34,-1.38,0.0,0.0015
0.36,-1.38,0.0,0.0011
0.38,-1.38,0.0,0.0009
0.4,-1.38,0.0,0.0007
0.42,-1.38,0.0,0.0005
0.44,-1.38,0.0,0.0004
0.46,-1.38,0.0,0.0003
0.48,-1.38,0.0,0.0002
0.5,-1.38,0.0,0.0002
0.52,-1.38,0.0,1e-04
0.54,-1.38,0.0,1e-04
0.56,-1.38,0.0,1e-04
0.58,-1.38,0.0,1e-04
0.6,-1.38,0.0,1e-04
0.62,-1.38,0.0,0.0
0.64,-1.38,0.0,0.0
0.66,-1.38,0.0,0.0
0.68,-1.38,0.0,0.0
0.7,-1.38,0.0,0.0
0.72,-1.38,0.0,0.0
0.74,-1.38,0.0,0.0
0.76,-1.38,0.0,0.0
0.78,-1.38,0.0,0.0
0.8,-1.38,0.0,0.0
0.82,-1.38,0.0,0.0
0.84,-1.38,0.0,0.0
0.86,-1.38,0.0,0.0
0.88,-1.38,0.0,0.0
0.9,-1.38,0.0,0.0
0.92,-1.38,0.0,0.0
0.94,-1.38,0.0,0.0
0.96,-1.38,0.0,0.0
0.98,-1.38,0.0,0.0
1.0,-1.38,0.0,0.0
1.02,-1.38,0.0,0.0
1.04,-1.38,0.0,0.0
1.06,-1.38,0.0,0.0
1.08,-1.38,0.0,0.0
1.1,-1.38,0.0,0.0
1.12,-1.38,0.0,0.0
1.14,-1.38,0.0,0.0
1.16,-1.38,0.0,0.0
1.18,-1.38,0.0,0.0
1.2,-1.38,0.0,0.0
1.22,-1.38,0.0,0.0
1.24,-1.38,0.0,0.0
1.26,-1.38,0.0,0.0
1.28,-1.38,0.0,0.0
1.3,-1.38,0.0,0.0
1.32,-1.38,0.0,0.0
1.34,-1.38,0.0,0.0
1.36,-1.38,0.0,0.0
1.38,-1.38,0.0,0.0
1.4,-1.38,0.0,0.0
1.42,-1.38,0.0,0.0
1.44,-1.38,0.0,0.0
1.46,-1.38,0.0,0.0
1.48,-1.38,0.0,0.0
1.5,-1.38,0.0,0.0
1.52,-1.38,0.0,0.0
1.54,-1.38,0.0,0.0
1.56,-1.38,0.0,0.0
1.58,-1.38,0.0,0.0
1.6,-1.38,0.0,0.0
-1.6,-1.36,0.0,0.0
-1.58,-1.36,0.0,0.0
-1.56,-1.36,0.0,0.0
-1.54,-1.36,0.0,0.0
-1.52,-1.36,0.0,0.0
-1.5,-1.36,0.0,0.0
-1.48,-1.36,0.0,0.0
-1.46,-1.36,0.0,0.0
-1.44,-1.36,0.0,0.0
-1.42,-1.36,0.0,0.0
-1.4,-1.36,0.0,0.0
-1.38,-1.36,0.0,0.0
-1.36,-1.36,0.0,0.0
-1.34,-1.36,0.0,0.0
-1.32,-1.36,0.0,0.0
-1.3,-1.36,0.0,0.0
-1.28,-1.36,0.0,0.0
-1.26,-1.36,0.0,0.0
-1.24,-1.36,0.0,0.0
-1.22,-1.36,0.0,0.0
-1.2,-1.36,0.0,0.0
-1.18,-1.36,0.0,0.0
-1.16,-1.36,0.0,0.0
-1.14,-1.36,0.0,0.0
-1.12,-1.36,0.0,0.0
-1.1,-1.36,0.0,0.0
-1.08,-1.36,0.0,0.0
-1.06,-1.36,0.0,0.0
-1.04,-1.36,0.0,0.0
-1.02,-1.36,0.0,0.0
-1.0,-1.36,0.0,0.0
-0.98,-1.36,0.0,0.0
-0.96,-1.36,0.0,0.0
-0.94,-1.36,0.0,0.0
-0.92,-1.36,0.0,0.0
-0.9,-1.36,0.0,0.0
-0.88,-1.36,0.0,0.0
-0.86,-1.36,0.0,0.0
-0.84,-1.36,0.0,0.0
-0.82,-1.36,0.0,0.0
-0.8,-1.36,0.0,0.0
-0.78,-1.36,0.0,0.0
-0.76,-1.36,0.0,0.0
-0.74,-1.36,0.0,0.0
-0.72,-1.36,0.0,0.0
-0.7,-1.36,0.0,0.0
-0.68,-1.36,0.0,0.0
-0.66,-1.36,0.0,0.0
-0.64,-1.36,0.0,0.0
-0.62,-1.36,0.0,0.0
-0.6,-1.36,0.0,0.0
-0.58,-1.36,0.0,0.0
-0.56,-1.36,0.0,0.0
-0.54,-1.36,0.0,0.0
-0.52,-1.36,0.0,0.0
-0.5,-1.36,0.0,0.0
-0.48,-1.36,0.0,0.0
-0.46,-1.36,0.0,0.0
-0.44,-1.36,0.0,0.0
-0.42,-1.36,0.0,0.0
-0.4,-1.36,0.0,0.0
-0.38,-1.36,0.0,0.0
-0.36,-1.36,0.0,0.0
-0.34,-1.36,0.0,0.0
-0.32,-1.36,0.0,0.0
-0.3,-1.36,0.0,0.0
-0.28,-1.36,0.0,0.0
-0.26,-1.36,0.0,0.0
-0.24,-1.36,0.0,0.0
-0.22,-1.36,0.0,1e-04
-0.2,-1.36,0.0,1e-04
-0.18,-1.36,0.0,1e-04
-0.16,-1.36,0.0,1e-04
-0.14,-1.36,0.0,1e-04
-0.12,-1.36,0.0,0.0002
-0.1,-1.36,0.0,0.0002
-0.08,-1.36,0.0,0.0003
-0.06,-1.36,0.0,0.0004
-0.04,-1.36,0.0,0.0005
-0.02,-1.36,0.0,0.0007
0.0,-1.36,0.0,0.0008
0.02,-1.36,0.0,0.0009
0.04,-1.36,0.0,0.0011
0.06,-1.36,0.0,0.0013
0.08,-1.36,0.0,0.0014
0.1,-1.36,0.0,0.0016
0.12,-1.36,0.0,0.0018
0.14,-1.36,0.0,0.002
0.16,-1.36,0.0,0.0023
0.18,-1.36,0.0,0.0026
0.2,-1.36,0.0,0.0029
0.22,-1.36,0.0,0.0033
0.24,-1.36,0.0,0.0036
0.26,-1.36,0.0,0.004
0.28,-1.36,0.0,0.0041
0.3,-1.36,0.0,0.0032
0.32,-1.36,0.0,0.0024
0.34,-1.36,0.0,0.0019
0.36,-1.36,0.0,0.0015
0.38,-1.36,0.0,0.0011
0.4,-1.36,0.0,0.0009
0.42,-1.36,0.0,0.0007
0.44,-1.36,0.0,0.0005
0.46,-1.36,0.0,0.0004
0.48,-1.36,0.0,0.0003
0.5,-1.36,0.0,0.0002
0.52,-1.36,0.0,0.0002
0.54,-1.36,0.0,1e-04
0.56,-1.36,0.0,1e-04
0.58,-1.36,0.0,1e-04
0.6,-1.36,0.0,1e-04
0.62,-1.36,0.0,1e-04
0.64,-1.36,0.0,0.0
0.66,-1.36,0.0,0.0
0.68,-1.36,0.0,0.0
0.7,-1.36,0.0,0.0
0.72,-1.36,0.0,0.0
0.74,-1.36,0.0,0.0
0.76,-1.36,0.0,0.0
0.78,-1.36,0.0,0.0
0.8,-1.36,0.0,0.0
0.82,-1.36,0.0,0.0
0.84,-1.36,0.0,0.0
0.86,-1.36,0.0,0.0
0.88,-1.36,0.0,0.0
0.9,-1.36,0.0,0.0
0.92,-1.36,0.0,0.0
0.94,-1.36,0.0,0.0
0.96,-1.36,0.0,0.0
0.98,-1.36,0.0,0.0
1.0,-1.36,0.0,0.0
1.02,-1.36,0.0,0.0
1.04,-1.36,0.0,0.0
1.06,-1.36,0.0,0.0
1.08,-1.36,0.0,0.0
1.1,-1.36,0.0,0.0
1.12,-1.36,0.0,0.0
1.14,-1.36,0.0,0.0
1.16,-1.36,0.0,0.0
1.18,-1.36,0.0,0.0
1.2,-1.36,0.0,0.0
1.22,-1.36,0.0,0.0
1.24,-1.36,0.0,0.0
1.26,-1.36,0.0,0.0
1.28,-1.36,0.0,0.0
1.3,-1.36,0.0,0.0
1.32,-1.36,0.0,0.0
1.34,-1.36,0.0,0.0
1.36,-1.36,0.0,0.0
1.38,-1.36,0.0,0.0
1.4,-1.36,0.0,0.0
1.42,-1.36,0.0,0.0
1.44,-1.36,0.0,0.0
1.46,-1.36,0.0,0.0
1.48,-1.36,0.0,0.0
1.5,-1.36,0.0,0.0
1.52,-1.36,0.0,0.0
1.54,-1.36,0.0,0.0
1.56,-1.36,0.0,0.0
1.58,-1.36,0.0,0.0
1.6,-1.36,0.0,0.0
-1.6,-1.34,0.0,0.0
-1.58,-1.34,0.0,0.0
-1.56,-1.34,0.0,0.0
-1.54,-1.34,0.0,0.0
-1.52,-1.34,0.0,0.0
-1.5,-1.34,0.0,0.0
-1.48,-1.34,0.0,0.0
-1.46,-1.34,0.0,0.0
-1.44,-1.34,0.0,0.0
-1.42,-1.34,0.0,0.0
-1.4,-1.34,0.0,0.0
-1.38,-1.34,0.0,0.0
-1.36,-1.34,0.0,0.0
-1.34,-1.34,0.0,0.0
-1.32,-1.34,0.0,0.0
-1.3,-1.34,0.0,0.0
-1.28,-1.34,0.0,0.0
-1.26,-1.34,0.0,0.0
-1.24,-1.34,0.0,0.0
-1.22,-1.34,0.0,0.0
-1.2,-1.34,0.0,0.0
-1.18,-1.34,0.0,0.0
-1.16,-1.34,0.0,0.0
-1.14,-1.34,0.0,0.0
-1.12,-1.34,0.0,0.0
-1.1,-1.34,0.0,0.0
-1.08,-1.34,0.0,0.0
-1.06,-1.34,0.0,0.0
-1.04,-1.34,0.0,0.0
-1.02,-1.34,0.0,0.0
-1.0,-1.34,0.0,0.0
-0.98,-1.34,0.0,0.0
-0.96,-1.34,0.0,0.0
-0.94,-1.34,0.0,0.0
-0.92,-1.34,0.0,0.0
-0.9,-1.34,0.0,0.0
-0.88,-1.34,0.0,0.0
-0.86,-1.34,0.0,0.0
-0.84,-1.34,0.0,0.0
-0.82,-1.34,0.0,0.0
-0.8,-1.34,0.0,0.0
-0.78,-1.34,0.0,0.0
-0.76,-1.34,0.0,0.0
-0.74,-1.34,0.0,0.0
-0.72,-1.34,0.0,0.0
-0.7,-1.34,0.0,0.0
-0.68,-1.34,0.0,0.0
-0.66,-1.34,0.0,0.0
-0.64,-1.34,0.0,0.0
-0.62,-1.34,0.0,0.0
-0.6,-1.34,0.0,0.0
-0.58,-1.34,0.0,0.0
-0.56,-1.34,0.0,0.0
-0.54,-1.34,0.0,0.0
-0.52,-1.34,0.0,0.0
-0.5,-1.34,0.0,0.0
-0.48,-1.34,0.0,0.0
-0.46,-1.34,0.0,0.0
-0.44,-1.34,0.0,0.0
-0.42,-1.34,0.0,0.0
-0.4,-1.34,0.0,0.0
-0.38,-1.34,0.0,0.0
-0.36,-1.34,0.0,0.0
-0.34,-1.34,0.0,0.0
-0.32,-1.34,0.0,0.0
-0.3,-1.34,0.0,0.0
-0.28,-1.34,0.0,0.0
-0.26,-1.34,0.0,0.0
-0.24,-1.34,0.0,1e-04
-0.22,-1.34,0.0,1e-04
-0.2,-1.34,0.0,1e-04
-0.18,-1.34,0.0,1e-04
-0.16,-1.34,0.0,0.0002
-0.14,-1.34,0.0,0.0002
-0.12,-1.34,0.0,0.0003
-0.1,-1.34,0.0,0.0004
-0.08,-1.34,0.0,0.0005
-0.06,-1.34,0.0,0.0006
-0.04,-1.34,0.0,0.0008
-0.02,-1.34,0.0,0.001
0.0,-1.34,0.0,0.0012
0.02,-1.34,0.0,0.0014
0.04,-1.34,0.0,0.0017
0.06,-1.34,0.0,0.0019
0.08,-1.34,0.0,0.0022
0.1,-1.34,0.0,0.0025
0.12,-1.34,0.0,0.0028
0.14,-1.34,0.0,0.0031
0.16,-1.34,1e-04,0.0035
0.18,-1.34,1e-04,0.0039
0.2,-1.34,0.0,0.0044
0.22,-1.34,0.0,0.0049
0.24,-1.34,0.0,0.0055
0.26,-1.34,0.0,0.006
0.28,-1.34,0.0,0.0052
0.3,-1.34,0.0,0.004
0.32,-1.34,0.0,0.0031
0.34,-1.34,0.0,0.0024
0.36,-1.34,0.0,0.0019
0.38,-1.34,0.0,0.0014
0.4,-1.34,0.0,0.0011
0.42,-1.34,0.0,0.0009
0.44,-1.34,0.0,0.0007
0.46,-1.34,0.0,0.0005
0.48,-1.34,0.0,0.0004
0.5,-1.34,0.0,0.0003
0.52,-1.34,0.0,0.0002
0.54,-1.34,0.0,0.0002
0.56,-1.34,0.0,1e-04
0.58,-1.34,0.0,1e-04
0.6,-1.34,0.0,1e-04
0.62,-1.34,0.0,1e-04
0.64,-1.34,0.0,1e-04
0.66,-1.34,0.0,0.0
0.68,-1.34,0.0,0.0
0.7,-1.34,0.0,0.0
0.72,-1.34,0.0,0.0
0.74,-1.34,0.0,0.0
0.76,-1.34,0.0,0.0
0.78,-1.34,0.0,0.0
0.8,-1.34,0.0,0.0
0.82,-1.34,0.0,0.0
0.84,-1.34,0.0,0.0
0.86,-1.34,0.0,0.0
0.88,-1.34,0.0,0.0
0.9,-1.34,0.0,0.0
0.92,-1.34,0.0,0.0
0.94,-1.34,0.0,0.0
0.96,-1.34,0.0,0.0
0.98,-1.34,0.0,0.0
1.0,-1.34,0.0,0.0
1.02,-1.34,0.0,0.0
1.04,-1.34,0.0,0.0
1.06,-1.34,0.0,0.0
1.08,-1.34,0.0,0.0
1.1,-1.34,0.0,0.0
1.12,-1.34,0.0,0.0
1.14,-1.34,0.0,0.0
1.16,-1.34,0.0,0.0
1.18,-1.34,0.0,0.0
1.2,-1.34,0.0,0.0
1.22,-1.34,0.0,0.0
1.24,-1.34,0.0,0.0
1.26,-1.34,0.0,0.0
1.28,-1.34,0.0,0.0
1.3,-1.34,0.0,0.0
1.32,-1.34,0.0,0.0
1.34,-1.34,0.0,0.0
1.36,-1.34,0.0,0.0
1.38,-1.34,0.0,0.0
1.4,-1.34,0.0,0.0
1.42,-1.34,0.0,0.0
1.44,-1.34,0.0,0.0
1.46,-1.34,0.0,0.0
1.48,-1.34,0.0,0.0
1.5,-1.34,0.0,0.0
1.52,-1.34,0.0,0.0
1.54,-1.34,0.0,0.0
1.56,-1.34,0.0,0.0
1.58,-1.34,0.0,0.0
1.6,-1.34,0.0,0.0
-1.6,-1.32,0.0,0.0
-1.58,-1.32,0.0,0.0
-1.56,-1.32,0.0,0.0
-1.54,-1.32,0.0,0.0
-1.52,-1.32,0.0,0.0
-1.5,-1.32,0.0,0.0
-1.48,-1.32,0.0,0.0
-1.46,-1.32,0.0,0.0
-1.44,-1.32,0.0,0.0
-1.42,-1.32,0.0,0.0
-1.4,-1.32,0.0,0.0
-1.38,-1.32,0.0,0.0
-1.36,-1.32,0.0,0.0
-1.34,-1.32,0.0,0.0
-1.32,-1.32,0.0,0.0
-1.3,-1.32,0.0,0.0
-1.28,-1.32,0.0,0.0
-1.26,-1.32,0.0,0.0
-1.24,-1.32,0.0,0.0
-1.22,-1.32,0.0,0.0
-1.2,-1.32,0.0,0.0
-1.18,-1.32,0.0,0.0
-1.16,-1.32,0.0,0.0
-1.14,-1.32,0.0,0.0
-1.12,-1.32,0.0,0.0
-1.1,-1.32,0.0,0.0
-1.08,-1.32,0.0,0.0
-1.06,-1.32,0.0,0.0
-1.04,-1.32,0.0,0.0
-1.02,-1.32,0.0,0.0
-1.0,-1.32,0.0,0.0
-0.98,-1.32,0.0,0.0
-0.96,-1.32,0.0,0.0
-0.94,-1.32,0.0,0.0
-0.92,-1.32,0.0,0.0
-0.9,-1.32,0.0,0.0
-0.88,-1.32,0.0,0.0
-0.86,-1.32,0.0,0.0
-0.84,-1.32,0.0,0.0
-0.82,-1.32,0.0,0.0
-0.8,-1.32,0.0,0.0
-0.78,-1.32,0.0,0.0
-0.76,-1.32,0.0,0.0
-0.74,-1.32,0.0,0.0
-0.72,-1.32,0.0,0.0
-0.7,-1.32,0.0,0.0
-0.68,-1.32,0.0,0.0
-0.66,-1.32,0.0,0.0
-0.64,-1.32,0.0,0.0
-0.62,-1.32,0.0,0.0
-0.6,-1.32,0.0,0.0
-0.58,-1.32,0.0,0.0
-0.56,-1.32,0.0,0.0
-0.54,-1.32,0.0,0.0
-0.52,-1.32,0.0,0.0
-0.5,-1.32,0.0,0.0
-0.48,-1.32,0.0,0.0
-0.46,-1.32,0.0,0.0
-0.44,-1.32,0.0,0.0
-0.42,-1.32,0.0,0.0
-0.4,-1.32,0.0,0.0
-0.38,-1.32,0.0,0.0
-0.36,-1.32,0.0,0.0
-0.34,-1.32,0.0,0.0
-0.32,-1.32,0.0,0.0
-0.3,-1.32,0.0,0.0
-0.28,-1.32,0.0,1e-04
-0.26,-1.32,0.0,1e-04
-0.24,-1.32,0.0,1e-04
-0.22,-1.32,0.0,1e-04
-0.2,-1.32,0.0,1e-04
-0.18,-1.32,0.0,0.0002
-0.16,-1.32,0.0,0.0002
-0.14,-1.32,0.0,0.0003
-0.12,-1.32,0.0,0.0004
-0.1,-1.32,0.0,0.0005
-0.08,-1.32,0.0,0.0007
-0.06,-1.32,0.0,0.0009
-0.04,-1.32,0.0,0.0011
-0.02,-1.32,0.0,0.0015
0.0,-1.32,0.0,0.0019
0.02,-1.32,0.0,0.0022
0.04,-1.32,0.0,0.0025
0.06,-1.32,0.0,0.003
0.08,-1.32,1e-04,0.0033
0.1,-1.32,1e-04,0.0037
0.12,-1.32,1e-04,0.0042
0.14,-1.32,1e-04,0.0047
0.16,-1.32,1e-04,0.0053
0.18,-1.32,1e-04,0.006
0.2,-1.32,1e-04,0.0067
0.22,-1.32,0.0,0.0075
0.24,-1.32,0.0,0.0083
0.26,-1.32,0.0,0.0085
0.28,-1.32,0.0,0.0066
0.3,-1.32,0.0,0.0051
0.32,-1.32,0.0,0.004
0.34,-1.32,0.0,0.0031
0.36,-1.32,0.0,0.0024
0.38,-1.32,0.0,0.0018
0.4,-1.32,0.0,0.0014
0.42,-1.32,0.0,0.0011
0.44,-1.32,0.0,0.0008
0.46,-1.32,0.0,0.0007
0.48,-1.32,0.0,0.0005
0.5,-1.32,0.0,0.0004
0.52,-1.32,0.0,0.0003
0.54,-1.32,0.0,0.0002
0.56,-1.32,0.0,0.0002
0.58,-1.32,0.0,1e-04
0.6,-1.32,0.0,1e-04
0.62,-1.32,0.0,1e-04
0.64,-1.32,0.0,1e-04
0.66,-1.32,0.0,0.0
0.68,-1.32,0.0,0.0
0.7,-1.32,0.0,0.0
0.72,-1.32,0.0,0.0
0.74,-1.32,0.0,0.0
0.76,-1.32,0.0,0.0
0.78,-1.32,0.0,0.0
0.8,-1.32,0.0,0.0
0.82,-1.32,0.0,0.0
0.84,-1.32,0.0,0.0
0.86,-1.32,0.0,0.0
0.88,-1.32,0.0,0.0
0.9,-1.32,0.0,0.0
0.92,-1.32,0.0,0.0
0.94,-1.32,0.0,0.0
0.96,-1.32,0.0,0.0
0.98,-1.32,0.0,0.0
1.0,-1.32,0.0,0.0
1.02,-1.32,0.0,0.0
1.04,-1.32,0.0,0.0
1.06,-1.32,0.0,0.0
1.08,-1.32,0.0,0.0
1.1,-1.32,0.0,0.0
1.12,-1.32,0.0,0.0
1.14,-1.32,0.0,0.0
1.16,-1.32,0.0,0.0
1.18,-1.32,0.0,0.0
1.2,-1.32,0.0,0.0
1.22,-1.32,0.0,0.0
1.24,-1.32,0.0,0.0
1.26,-1.32,0.0,0.0
1.28,-1.32,0.0,0.0
1.3,-1.32,0.0,0.0
1.32,-1.32,0.0,0.0
1.34,-1.32,0.0,0.0
1.36,-1.32,0.0,0.0
1.38,-1.32,0.0,0.0
1.4,-1.32,0.0,0.0
1.42,-1.32,0.0,0.0
1.44,-1.32,0.0,0.0
1.46,-1.32,0.0,0.0
1.48,-1.32,0.0,0.0
1.5,-1.32,0.0,0.0
1.52,-1.32,0.0,0.0
1.54,-1.32,0.0,0.0
1.56,-1.32,0.0,0.0
1.58,-1.32,0.0,0.0
1.6,-1.32,0.0,0.0
-1.6,-1.3,0.0,0.0
-1.58,-1.3,0.0,0.0
-1.56,-1.3,0.0,0.0
-1.54,-1.3,0.0,0.0
-1.52,-1.3,0.0,0.0
-1.5,-1.3,0.0,0.0
-1.48,-1.3,0.0,0.0
-1.46,-1.3,0.0,0.0
-1.44,-1.3,0.0,0.0
-1.42,-1.3,0.0,0.0
-1.4,-1.3,0.0,0.0
-1.38,-1.3,0.0,0.0
-1.36,-1.3,0.0,0.0
-1.34,-1.3,0.0,0.0
-1.32,-1.3,0.0,0.0
-1.3,-1.3,0.0,0.0
-1.28,-1.3,0.0,0.0
-1.26,-1.3,0.0,0.0
-1.24,-1.3,0.0,0.0
-1.22,-1.3,0.0,0.0
-1.2,-1.3,0.0,0.0
-1.18,-1.3,0.0,0.0
-1.16,-1.3,0.0,0.0
-1.14,-1.3,0.0,0.0
-1.12,-1.3,0.0,0.0
-1.1,-1.3,0.0,0.0
-1.08,-1.3,0.0,0.0
-1.06,-1.3,0.0,0.0
-1.04,-1.3,0.0,0.0
-1.02,-1.3,0.0,0.0
-1.0,-1.3,0.0,0.0
-0.98,-1.3,0.0,0.0
-0.96,-1.3,0.0,0.0
-0.94,-1.3,0.0,0.0
-0.92,-1.3,0.0,0.0
-0.9,-1.3,0.0,0.0
-0.88,-1.3,0.0,0.0
-0.86,-1.3,0.0,0.0
-0.84,-1.3,0.0,0.0
-0.82,-1.3,0.0,0.0
-0.8,-1.3,0.0,0.0
-0.78,-1.3,0.0,0.0
-0.76,-1.3,0.0,0.0
-0.74,-1.3,0.0,0.0
-0.72,-1.3,0.0,0.0
-0.7,-1.3,0.0,0.0
-0.68,-1.3,0.0,0.0
-0.66,-1.3,0.0,0.0
-0.64,-1.3,0.0,0.0
-0.62,-1.3,0.0,0.0
-0.6,-1.3,0.0,0.0
-0.58,-1.3,0.0,0.0
-0.56,-1.3,0.0,0.0
-0.54,-1.3,0.0,0.0
-0.52,-1.3,0.0,0.0
-0.5,-1.3,0.0,0.0
-0.48,-1.3,0.0,0.0
-0.46,-1.3,0.0,0.0
-0.44,-1.3,0.0,0.0
-0.42,-1.3,0.0,0.0
-0.4,-1.3,0.0,0.0
-0.38,-1.3,0.0,0.0
-0.36,-1.3,0.0,0.0
-0.34,-1.3,0.0,0.0
-0.32,-1.3,0.0,0.0
-0.3,-1.3,0.0,1e-04
-0.28,-1.3,0.0,1e-04
-0.26,-1.3,0.0,1e-04
-0.24,-1.3,0.0,1e-04
-0.22,-1.3,0.0,0.0002
-0.2,-1.3,0.0,0.0002
-0.18,-1.3,0.0,0.0003
-0.16,-1.3,0.0,0.0004
-0.14,-1.3,0.0,0.0005
-0.12,-1.3,0.0,0.0006
-0.1,-1.3,0.0,0.0008
-0.08,-1.3,0.0,0.001
-0.06,-1.3,0.0,0.0013
-0.04,-1.3,0.0,0.0017
-0.02,-1.3,1e-04,0.0022
0.0,-1.3,1e-04,0.0028
0.02,-1.3,1e-04,0.0033
0.04,-1.3,1e-04,0.0039
0.06,-1.3,1e-04,0.0045
0.08,-1.3,1e-04,0.0051
0.1,-1.3,0.0002,0.0057
0.12,-1.3,0.0002,0.0064
0.14,-1.3,0.0003,0.0072
0.16,-1.3,0.0003,0.0081
0.18,-1.3,0.0003,0.0091
0.2,-1.3,1e-04,0.0102
0.22,-1.3,1e-04,0.0113
0.24,-1.3,0.0,0.0125
0.26,-1.3,0.0,0.0109
0.28,-1.3,0.0,0.0085
0.3,-1.3,0.0,0.0065
0.32,-1.3,0.0,0.0051
0.34,-1.3,0.0,0.0039
0.36,-1.3,0.0,0.003
0.38,-1.3,0.0,0.0023
0.4,-1.3,0.0,0.0018
0.42,-1.3,0.0,0.0014
0.44,-1.3,0.0,0.0011
0.46,-1.3,0.0,0.0008
0.48,-1.3,0.0,0.0006
0.5,-1.3,0.0,0.0005
0.52,-1.3,0.0,0.0004
0.54,-1.3,0.0,0.0003
0.56,-1.3,0.0,0.0002
0.58,-1.3,0.0,0.0002
0.6,-1.3,0.0,1e-04
0.62,-1.3,0.0,1e-04
0.64,-1.3,0.0,1e-04
0.66,-1.3,0.0,1e-04
0.68,-1.3,0.0,0.0
0.7,-1.3,0.0,0.0
0.72,-1.3,0.0,0.0
0.74,-1.3,0.0,0.0
0.76,-1.3,0.0,0.0
0.78,-1.3,0.0,0.0
0.8,-1.3,0.0,0.0
0.82,-1.3,0.0,0.0
0.84,-1.3,0.0,0.0
0.86,-1.3,0.0,0.0
0.88,-1.3,0.0,0.0
0.9,-1.3,0.0,0.0
0.92,-1.3,0.0,0.0
0.94,-1.3,0.0,0.0
0.96,-1.3,0.0,0.0
0.98,-1.3,0.0,0.0
1.0,-1.3,0.0,0.0
1.02,-1.3,0.0,0.0
1.04,-1.3,0.0,0.0
1.06,-1.3,0.0,0.0
1.08,-1.3,0.0,0.0
1.1,-1.3,0.0,0.0
1.12,-1.3,0.0,0.0
1.14,-1.3,0.0,0.0
1.16,-1.3,0.0,0.0
1.18,-1.3,0.0,0.0
1.2,-1.3,0.0,0.0
1.22,-1.3,0.0,0.0
1.24,-1.3,0.0,0.0
1.26,-1.3,0.0,0.0
1.28,-1.3,0.0,0.0
1.3,-1.3,0.0,0.0
1.32,-1.3,0.0,0.0
1.34,-1.3,0.0,0.0
1.36,-1.3,0.0,0.0
1.38,-1.3,0.0,0.0
1.4,-1.3,0.0,0.0
1.42,-1.3,0.0,0.0
1.44,-1.3,0.0,0.0
1.46,-1.3,0.0,0.0
1.48,-1.3,0.0,0.0
1.5,-1.3,0.0,0.0
1.52,-1.3,0.0,0.0
1.54,-1.3,0.0,0.0
1.56,-1.3,0.0,0.0
1.58,-1.3,0.0,0.0
1.6,-1.3,0.0,0.0
-1.6,-1.28,0.0,0.0
-1.58,-1.28,0.0,0.0
-1.56,-1.28,0.0,0.0
-1.54,-1.28,0.0,0.0
-1.52,-1.28,0.0,0.0
-1.5,-1.28,0.0,0.0
-1.48,-1.28,0.0,0.0
-1.46,-1.28,0.0,0.0
-1.44,-1.28,0.0,0.0
-1.42,-1.28,0.0,0.0
-1.4,-1.28,0.0,0.0
-1.38,-1.28,0.0,0.0
-1.36,-1.28,0.0,0.0
-1.34,-1.28,0.0,0.0
-1.32,-1.28,0.0,0.0
-1.3,-1.28,0.0,0.0
-1.28,-1.28,0.0,0.0
-1.26,-1.28,0.0,0.0
-1.24,-1.28,0.0,0.0
-1.22,-1.28,0.0,0.0
-1.2,-1.28,0.0,0.0
-1.18,-1.28,0.0,0.0
-1.16,-1.28,0.0,0.0
-1.14,-1.28,0.0,0.0
-1.12,-1.28,0.0,0.0
-1.1,-1.28,0.0,0.0
-1.08,-1.28,0.0,0.0
-1.06,-1.28,0.0,0.0
-1.04,-1.28,0.0,0.0
-1.02,-1.28,0.0,0.0
-1.0,-1.28,0.0,0.0
-0.98,-1.28,0.0,0.0
-0.96,-1.28,0.0,0.0
-0.94,-1.28,0.0,0.0
-0.92,-1.28,0.0,0.0
-0.9,-1.28,0.0,0.0
-0.88,-1.28,0.0,0.0
-0.86,-1.28,0.0,0.0
-0.84,-1.28,0.0,0.0
-0.82,-1.28,0.0,0.0
-0.8,-1.28,0.0,0.0
-0.78,-1.28,0.0,0.0
-0.76,-1.28,0.0,0.0
-0.74,-1.28,0.0,0.0
-0.72,-1.28,0.0,0.0
-0.7,-1.28,0.0,0.0
-0.68,-1.28,0.0,0.0
-0.66,-1.28,0.0,0.0
-0.64,-1.28,0.0,0.0
-0.62,-1.28,0.0,0.0
-0.6,-1.28,0.0,0.0
-0.58,-1.28,0.0,0.0
-0.56,-1.28,0.0,0.0
-0.54,-1.28,0.0,0.0
-0.52,-1.28,0.0,0.0
-0.5,-1.28,0.0,0.0
-0.48,-1.28,0.0,0.0
-0.46,-1.28,0.0,0.0
-0.44,-1.28,0.0,0.0
-0.42,-1.28,0.0,0.0
-0.4,-1.28,0.0,0.0
-0.38,-1.28,0.0,0.0
-0.36,-1.28,0.0,0.0
-0.34,-1.28,0.0,1e-04
-0.32,-1.28,0.0,1e-04
-0.3,-1.28,0.0,1e-04
-0.28,-1.28,0.0,1e-04
-0.26,-1.28,0.0,0.0002
-0.24,-1.28,0.0,0.0002
-0.22,-1.28,0.0,0.0003
-0.2,-1.28,0.0,0.0003
-0.18,-1.28,0.0,0.0004
-0.16,-1.28,0.0,0.0005
-0.14,-1.28,0.0,0.0007
-0.12,-1.28,0.0,0.0009
-0.1,-1.28,0.0,0.0012
-0.08,-1.28,0.0,0.0015
-0.06,-1.28,1e-04,0.0019
-0.04,-1.28,1e-04,0.0025
-0.02,-1.28,1e-04,0.0032
0.0,-1.28,0.0002,0.0042
0.02,-1.28,0.0002,0.005
0.04,-1.28,0.0002,0.0058
0.06,-1.28,0.0003,0.0068
0.08,-1.28,0.0003,0.0077
0.1,-1.28,0.0004,0.0087
0.12,-1.28,0.0005,0.0097
0.14,-1.28,0.0006,0.0109
0.16,-1.28,0.0007,0.0122
0.18,-1.28,0.0004,0.0137
0.2,-1.28,0.0002,0.0154
0.22,-1.28,1e-04,0.0171
0.24,-1.28,1e-04,0.0178
0.26,-1.28,0.0,0.0139
0.28,-1.28,0.0,0.0108
0.3,-1.28,0.0,0.0083
0.32,-1.28,0.0,0.0065
0.34,-1.28,0.0,0.005
0.36,-1.28,0.0,0.0039
0.38,-1.28,0.0,0.003
0.4,-1.28,0.0,0.0023
0.42,-1.28,0.0,0.0018
0.44,-1.28,0.0,0.0014
0.46,-1.28,0.0,0.0011
0.48,-1.28,0.0,0.0008
0.5,-1.28,0.0,0.0006
0.52,-1.28,0.0,0.0005
0.54,-1.28,0.0,0.0004
0.56,-1.28,0.0,0.0003
0.58,-1.28,0.0,0.0002
0.6,-1.28,0.0,0.0002
0.62,-1.28,0.0,1e-04
0.64,-1.28,0.0,1e-04
0.66,-1.28,0.0,1e-04
0.68,-1.28,0.0,1e-04
0.7,-1.28,0.0,0.0
0.72,-1.28,0.0,0.0
0.74,-1.28,0.0,0.0
0.76,-1.28,0.0,0.0
0.78,-1.28,0.0,0.0
0.8,-1.28,0.0,0.0
0.82,-1.28,0.0,0.0
0.84,-1.28,0.0,0.0
0.86,-1.28,0.0,0.0
0.88,-1.28,0.0,0.0
0.9,-1.28,0.0,0.0
0.92,-1.28,0.0,0.0
0.94,-1.28,0.0,0.0
0.96,-1.28,0.0,0.0
0.98,-1.28,0.0,0.0
1.0,-1.28,0.0,0.0
1.02,-1.28,0.0,0.0
1.04,-1.28,0.0,0.0
1.06,-1.28,0.0,0.0
1.08,-1.28,0.0,0.0
1.1,-1.28,0.0,0.0
1.12,-1.28,0.0,0.0
1.14,-1.28,0.0,0.0
1.16,-1.28,0.0,0.0
1.18,-1.28,0.0,0.0
1.2,-1.28,0.0,0.0
1.22,-1.28,0.0,0.0
1.24,-1.28,0.0,0.0
1.26,-1.28,0.0,0.0
1.28,-1.28,0.0,0.0
1.3,-1.28,0.0,0.0
1.32,-1.28,0.0,0.0
1.34,-1.28,0.0,0.0
1.36,-1.28,0.0,0.0
1.38,-1.28,0.0,0.0
1.4,-1.28,0.0,0.0
1.42,-1.28,0.0,0.0
1.44,-1.28,0.0,0.0
1.46,-1.28,0.0,0.0
1.48,-1.28,0.0,0.0
1.5,-1.28,0.0,0.0
1.52,-1.28,0.0,0.0
1.54,-1.28,0.0,0.0
1.56,-1.28,0.0,0.0
1.58,-1.28,0.0,0.0
1.6,-1.28,0.0,0.0
-1.6,-1.26,0.0,0.0
-1.58,-1.26,0.0,0.0
-1.56,-1.26,0.0,0.0
-1.54,-1.26,0.0,0.0
-1.52,-1.26,0.0,0.0
-1.5,-1.26,0.0,0.0
-1.48,-1.26,0.0,0.0
-1.46,-1.26,0.0,0.0
-1.44,-1.26,0.0,0.0
-1.42,-1.26,0.0,0.0
-1.4,-1.26,0.0,0.0
-1.38,-1.26,0.0,0.0
-1.36,-1.26,0.0,0.0
-1.34,-1.26,0.0,0.0
-1.32,-1.26,0.0,0.0
-1.3,-1.26,0.0,0.0
-1.28,-1.26,0.0,0.0
-1.26,-1.26,0.0,0.0
-1.24,-1.26,0.0,0.0
-1.22,-1.26,0.0,0.0
-1.2,-1.26,0.0,0.0
-1.18,-1.26,0.0,0.0
-1.16,-1.26,0.0,0.0
-1.14,-1.26,0.0,0.0
-1.12,-1.26,0.0,0.0
-1.1,-1.26,0.0,0.0
-1.08,-1.26,0.0,0.0
-1.06,-1.26,0.0,0.0
-1.04,-1.26,0.0,0.0
-1.02,-1.26,0.0,0.0
-1.0,-1.26,0.0,0.0
-0.98,-1.26,0.0,0.0
-0.96,-1.26,0.0,0.0
-0.94,-1.26,0.0,0.0
-0.92,-1.26,0.0,0.0
-0.9,-1.26,0.0,0.0
-0.88,-1.26,0.0,0.0
-0.86,-1.26,0.0,0.0
-0.84,-1.26,0.0,0.0
-0.82,-1.26,0.0,0.0
-0.8,-1.26,0.0,0.0
-0.78,-1.26,0.0,0.0
-0.76,-1.26,0.0,0.0
-0.74,-1.26,0.0,0.0
-0.72,-1.26,0.0,0.0
-0.7,-1.26,0.0,0.0
-0.68,-1.26,0.0,0.0
-0.66,-1.26,0.0,0.0
-0.64,-1.26,0.0,0.0
-0.62,-1.26,0.0,0.0
-0.6,-1.26,0.0,0.0
-0.58,-1.26,0.0,0.0
-0.56,-1.26,0.0,0.0
-0.54,-1.26,0.0,0.0
-0.52,-1.26,0.0,0.0
-0.5,-1.26,0.0,0.0
-0.48,-1.26,0.0,0.0
-0.46,-1.26,0.0,0.0
-0.44,-1.26,0.0,0.0
-0.42,-1.26,0.0,0.0
-0.4,-1.26,0.0,0.0
-0.38,-1.26,0.0,0.0
-0.36,-1.26,0.0,1e-04
-0.34,-1.26,0.0,1e-04
-0.32,-1.26,0.0,1e-04
-0.3,-1.26,0.0,1e-04
-0.28,-1.26,0.0,0.0002
-0.26,-1.26,0.0,0.0002
-0.24,-1.26,0.0,0.0003
-0.22,-1.26,0.0,0.0004
-0.2,-1.26,0.0,0.0005
-0.18,-1.26,0.0,0.0006
-0.16,-1.26,0.0,0.0008
-0.14,-1.26,0.0,0.001
-0.12,-1.26,0.0,0.0013
-0.1,-1.26,0.0,0.0017
-0.08,-1.26,1e-04,0.0022
-0.06,-1.26,0.0002,0.0029
-0.04,-1.26,0.0003,0.0037
-0.02,-1.26,0.0003,0.0048
0.0,-1.26,0.0004,0.0062
0.02,-1.26,0.0005,0.0076
0.04,-1.26,0.0006,0.0088
0.06,-1.26,0.0007,0.0103
0.08,-1.26,0.0008,0.0117
0.1,-1.26,0.001,0.0131
0.12,-1.26,0.0012,0.0147
0.14,-1.26,0.0015,0.0165
0.16,-1.26,0.0013,0.0185
0.18,-1.26,0.0007,0.0208
0.2,-1.26,0.0004,0.0232
0.22,-1.26,0.0002,0.0257
0.24,-1.26,1e-04,0.0227
0.26,-1.26,1e-04,0.0177
0.28,-1.26,0.0,0.0137
0.3,-1.26,0.0,0.0106
0.32,-1.26,0.0,0.0082
0.34,-1.26,0.0,0.0064
0.36,-1.26,0.0,0.0049
0.38,-1.26,0.0,0.0038
0.4,-1.26,0.0,0.0029
0.42,-1.26,0.0,0.0023
0.44,-1.26,0.0,0.0018
0.46,-1.26,0.0,0.0014
0.48,-1.26,0.0,0.001
0.5,-1.26,0.0,0.0008
0.52,-1.26,0.0,0.0006
0.54,-1.26,0.0,0.0005
0.56,-1.26,0.0,0.0004
0.58,-1.26,0.0,0.0003
0.6,-1.26,0.0,0.0002
0.62,-1.26,0.0,0.0002
0.64,-1.26,0.0,1e-04
0.66,-1.26,0.0,1e-04
0.68,-1.26,0.0,1e-04
0.7,-1.26,0.0,1e-04
0.72,-1.26,0.0,0.0
0.74,-1.26,0.0,0.0
0.76,-1.26,0.0,0.0
0.78,-1.26,0.0,0.0
0.8,-1.26,0.0,0.0
0.82,-1.26,0.0,0.0
0.84,-1.26,0.0,0.0
0.86,-1.26,0.0,0.0
0.88,-1.26,0.0,0.0
0.9,-1.26,0.0,0.0
0.92,-1.26,0.0,0.0
0.94,-1.26,0.0,0.0
0.96,-1.26,0.0,0.0
0.98,-1.26,0.0,0.0
1.0,-1.26,0.0,0.0
1.02,-1.26,0.0,0.0
1.04,-1.26,0.0,0.0
1.06,-1.26,0.0,0.0
1.08,-1.26,0.0,0.0
1.1,-1.26,0.0,0.0
1.12,-1.26,0.0,0.0
1.14,-1.26,0.0,0.0
1.16,-1.26,0.0,0.0
1.18,-1.26,0.0,0.0
1.2,-1.26,0.0,0.0
1.22,-1.26,0.0,0.0
1.24,-1.26,0.0,0.0
1.26,-1.26,0.0,0.0
1.28,-1.26,0.0,0.0
1.3,-1.26,0.0,0.0
1.32,-1.26,0.0,0.0
1.34,-1.26,0.0,0.0
1.36,-1.26,0.0,0.0
1.38,-1.26,0.0,0.0
1.4,-1.26,0.0,0.0
1.42,-1.26,0.0,0.0
1.44,-1.26,0.0,0.0
1.46,-1.26,0.0,0.0
1.48,-1.26,0.0,0.0
1.5,-1.26,0.0,0.0
1.52,-1.26,0.0,0.0
1.54,-1.26,0.0,0.0
1.56,-1.26,0.0,0.0
1.58,-1.26,0.0,0.0
1.6,-1.26,0.0,0.0
-1.6,-1.24,0.0,0.0
-1.58,-1.24,0.0,0.0
-1.56,-1.24,0.0,0.0
-1.54,-1.24,0.0,0.0
-1.52,-1.24,0.0,0.0
-1.5,-1.24,0.0,0.0
-1.48,-1.24,0.0,0.0
-1.46,-1.24,0.0,0.0
-1.44,-1.24,0.0,0.0
-1.42,-1.24,0.0,0.0
-1.4,-1.24,0.0,0.0
-1.38,-1.24,0.0,0.0
-1.36,-1.24,0.0,0.0
-1.34,-1.24,0.0,0.0
-1.32,-1.24,0.0,0.0
-1.3,-1.24,0.0,0.0
-1.28,-1.24,0.0,0.0
-1.26,-1.24,0.0,0.0
-1.24,-1.24,0.0,0.0
-1.22,-1.24,0.0,0.0
-1.2,-1.24,0.0,0.0
-1.18,-1.24,0.0,0.0
-1.16,-1.24,0.0,0.0
-1.14,-1.24,0.0,0.0
-1.12,-1.24,0.0,0.0
-1.1,-1.24,0.0,0.0
-1.08,-1.24,0.0,0.0
-1.06,-1.24,0.0,0.0
-1.04,-1.24,0.0,0.0
-1.02,-1.24,0.0,0.0
-1.0,-1.24,0.0,0.0
-0.98,-1.24,0.0,0.0
-0.96,-1.24,0.0,0.0
-0.94,-1.24,0.0,0.0
-0.92,-1.24,0.0,0.0
-0.9,-1.24,0.0,0.0
-0.88,-1.24,0.0,0.0
-0.86,-1.24,0.0,0.0
-0.84,-1.24,0.0,0.0
-0.82,-1.24,0.0,0.0
-0.8,-1.24,0.0,0.0
-0.78,-1.24,0.0,0.0
-0.76,-1.24,0.0,0.0
-0.74,-1.24,0.0,0.0
-0.72,-1.24,0.0,0.0
-0.7,-1.24,0.0,0.0
-0.68,-1.24,0.0,0.0
-0.66,-1.24,0.0,0.0
-0.64,-1.24,0.0,0.0
-0.62,-1.24,0.0,0.0
-0.6,-1.24,0.0,0.0
-0.58,-1.24,0.0,0.0
-0.56,-1.24,0.0,0.0
-0.54,-1.24,0.0,0.0
-0.52,-1.24,0.0,0.0
-0.5,-1.24,0.0,0.0
-0.48,-1.24,0.0,0.0
-0.46,-1.24,0.0,0.0
-0.44,-1.24,0.0,0.0
-0.42,-1.24,0.0,0.0
-0.4,-1.24,0.0,1e-04
-0.38,-1.24,0.0,1e-04
-0.36,-1.24,0.0,1e-04
-0.34,-1.24,0.0,1e-04
-0.32,-1.24,0.0,0.0002
-0.3,-1.24,0.0,0.0002
-0.28,-1.24,0.0,0.0003
-0.26,-1.24,0.0,0.0003
-0.24,-1.24,0.0,0.0004
-0.22,-1.24,0.0,0.0006
-0.2,-1.24,0.0,0.0007
-0.18,-1.24,0.0,0.0009
-0.16,-1.24,0.0,0.0012
-0.14,-1.24,0.0,0.0016
-0.12,-1.24,0.0,0.002
-0.1,-1.24,1e-04,0.0026
-0.08,-1.24,0.0002,0.0033
-0.06,-1.24,0.0004,0.0043
-0.04,-1.24,0.0006,0.0055
-0.02,-1.24,0.0007,0.0071
0.0,-1.24,0.0009,0.0091
0.02,-1.24,0.0011,0.0114
0.04,-1.24,0.0014,0.0134
0.06,-1.24,0.0017,0.0156
0.08,-1.24,0.002,0.0177
0.1,-1.24,0.0025,0.0199
0.12,-1.24,0.003,0.0223
0.14,-1.24,0.0036,0.0249
0.16,-1.24,0.0023,0.028
0.18,-1.24,0.0013,0.0313
0.2,-1.24,0.0007,0.0348
0.22,-1.24,0.0004,0.0367
0.24,-1.24,0.0002,0.0288
0.26,-1.24,1e-04,0.0224
0.28,-1.24,1e-04,0.0174
0.3,-1.24,0.0,0.0135
0.32,-1.24,0.0,0.0105
0.34,-1.24,0.0,0.0081
0.36,-1.24,0.0,0.0063
0.38,-1.24,0.0,0.0048
0.4,-1.24,0.0,0.0037
0.42,-1.24,0.0,0.0029
0.44,-1.24,0.0,0.0022
0.46,-1.24,0.0,0.0017
0.48,-1.24,0.0,0.0013
0.5,-1.24,0.0,0.001
0.52,-1.24,0.0,0.0008
0.54,-1.24,0.0,0.0006
0.56,-1.24,0.0,0.0005
0.58,-1.24,0.0,0.0004
0.6,-1.24,0.0,0.0003
0.62,-1.24,0.0,0.0002
0.64,-1.24,0.0,0.0002
0.66,-1.24,0.0,1e-04
0.68,-1.24,0.0,1e-04
0.7,-1.24,0.0,1e-04
0.72,-1.24,0.0,1e-04
0.74,-1.24,0.0,0.0
0.76,-1.24,0.0,0.0
0.78,-1.24,0.0,0.0
0.8,-1.24,0.0,0.0
0.82,-1.24,0.0,0.0
0.84,-1.24,0.0,0.0
0.86,-1.24,0.0,0.0
0.88,-1.24,0.0,0.0
0.9,-1.24,0.0,0.0
0.92,-1.24,0.0,0.0
0.94,-1.24,0.0,0.0
0.96,-1.24,0.0,0.0
0.98,-1.24,0.0,0.0
1.0,-1.24,0.0,0.0
1.02,-1.24,0.0,0.0
1.04,-1.24,0.0,0.0
1.06,-1.24,0.0,0.0
1.08,-1.24,0.0,0.0
1.1,-1.24,0.0,0.0
1.12,-1.24,0.0,0.0
1.14,-1.24,0.0,0.0
1.16,-1.24,0.0,0.0
1.18,-1.24,0.0,0.0
1.2,-1.24,0.0,0.0
1.22,-1.24,0.0,0.0
1.24,-1.24,0.0,0.0
1.26,-1.24,0.0,0.0
1.28,-1.24,0.0,0.0
1.3,-1.24,0.0,0.0
1.32,-1.24,0.0,0.0
1.34,-1.24,0.0,0.0
1.36,-1.24,0.0,0.0
1.38,-1.24,0.0,0.0
1.4,-1.24,0.0,0.0
1.42,-1.24,0.0,0.0
1.44,-1.24,0.0,0.0
1.46,-1.24,0.0,0.0
1.48,-1.24,0.0,0.0
1.5,-1.24,0.0,0.0
1.52,-1.24,0.0,0.0
1.54,-1.24,0.0,0.0
1.56,-1.24,0.0,0.0
1.58,-1.24,0.0,0.0
1.6,-1.24,0.0,0.0
-1.6,-1.22,0.0,0.0
-1.58,-1.22,0.0,0.0
-1.56,-1.22,0.0,0.0
-1.54,-1.22,0.0,0.0
-1.52,-1.22,0.0,0.0
-1.5,-1.22,0.0,0.0
-1.48,-1.22,0.0,0.0
-1.46,-1.22,0.0,0.0
-1.44,-1.22,0.0,0.0
-1.42,-1.22,0.0,0.0
-1.4,-1.22,0.0,0.0
-1.38,-1.22,0.0,0.0
-1.36,-1.22,0.0,0.0
-1.34,-1.22,0.0,0.0
-1.32,-1.22,0.0,0.0
-1.3,-1.22,0.0,0.0
-1.28,-1.22,0.0,0.0
-1.26,-1.22,0.0,0.0
-1.24,-1.22,0.0,0.0
-1.22,-1.22,0.0,0.0
-1.2,-1.22,0.0,0.0
-1.18,-1.22,0.0,0.0
-1.16,-1.22,0.0,0.0
-1.14,-1.22,0.0,0.0
-1.12,-1.22,0.0,0.0
-1.1,-1.22,0.0,0.0
-1.08,-1.22,0.0,0.0
-1.06,-1.22,0.0,0.0
-1.04,-1.22,0.0,0.0
-1.02,-1.22,0.0,0.0
-1.0,-1.22,0.0,0.0
-0.98,-1.22,0.0,0.0
-0.96,-1.22,0.0,0.0
-0.94,-1.22,0.0,0.0
-0.92,-1.22,0.0,0.0
-0.9,-1.22,0.0,0.0
-0.88,-1.22,0.0,0.0
-0.86,-1.22,0.0,0.0
-0.84,-1.22,0.0,0.0
-0.82,-1.22,0.0,0.0
-0.8,-1.22,0.0,0.0
-0.78,-1.22,0.0,0.0
-0.76,-1.22,0.0,0.0
-0.74,-1.22,0.0,0.0
-0.72,-1.22,0.0,0.0
-0.7,-1.22,0.0,0.0
-0.68,-1.22,0.0,0.0
-0.66,-1.22,0.0,0.0
-0.64,-1.22,0.0,0.0
-0.62,-1.22,0.0,0.0
-0.6,-1.22,0.0,0.0
-0.58,-1.22,0.0,0.0
-0.56,-1.22,0.0,0.0
-0.54,-1.22,0.0,0.0
-0.52,-1.22,0.0,0.0
-0.5,-1.22,0.0,0.0
-0.48,-1.22,0.0,0.0
-0.46,-1.22,0.0,0.0
-0.44,-1.22,0.0,0.0
-0.42,-1.22,0.0,1e-04
-0.4,-1.22,0.0,1e-04
-0.38,-1.22,0.0,1e-04
-0.36,-1.22,0.0,1e-04
-0.34,-1.22,0.0,0.0002
-0.32,-1.22,0.0,0.0002
-0.3,-1.22,0.0,0.0003
-0.28,-1.22,0.0,0.0004
-0.26,-1.22,0.0,0.0005
-0.24,-1.22,0.0,0.0006
-0.22,-1.22,0.0,0.0008
-0.2,-1.22,0.0,0.0011
-0.18,-1.22,0.0,0.0014
-0.16,-1.22,0.0,0.0018
-0.14,-1.22,0.0,0.0023
-0.12,-1.22,1e-04,0.003
-0.1,-1.22,0.0002,0.0038
-0.08,-1.22,0.0004,0.0049
-0.06,-1.22,0.0008,0.0063
-0.04,-1.22,0.0014,0.0082
-0.02,-1.22,0.0018,0.0105
0.0,-1.22,0.0022,0.0135
0.02,-1.22,0.0027,0.0173
0.04,-1.22,0.0033,0.0202
0.06,-1.22,0.004,0.0235
0.08,-1.22,0.0049,0.0267
0.1,-1.22,0.006,0.0299
0.12,-1.22,0.0073,0.0335
0.14,-1.22,0.0069,0.0375
0.16,-1.22,0.0039,0.042
0.18,-1.22,0.0022,0.0469
0.2,-1.22,0.0012,0.0519
0.22,-1.22,0.0007,0.0467
0.24,-1.22,0.0004,0.0365
0.26,-1.22,0.0002,0.0284
0.28,-1.22,1e-04,0.0221
0.3,-1.22,1e-04,0.0172
0.32,-1.22,0.0,0.0133
0.34,-1.22,0.0,0.0103
0.36,-1.22,0.0,0.008
0.38,-1.22,0.0,0.0062
0.4,-1.22,0.0,0.0048
0.42,-1.22,0.0,0.0037
0.44,-1.22,0.0,0.0029
0.46,-1.22,0.0,0.0022
0.48,-1.22,0.0,0.0017
0.5,-1.22,0.0,0.0013
0.52,-1.22,0.0,0.001
0.54,-1.22,0.0,0.0008
0.56,-1.22,0.0,0.0006
0.58,-1.22,0.0,0.0005
0.6,-1.22,0.0,0.0004
0.62,-1.22,0.0,0.0003
0.64,-1.22,0.0,0.0002
0.66,-1.22,0.0,0.0002
0.68,-1.22,0.0,1e-04
0.7,-1.22,0.0,1e-04
0.72,-1.22,0.0,1e-04
0.74,-1.22,0.0,1e-04
0.76,-1.22,0.0,0.0
0.78,-1.22,0.0,0.0
0.8,-1.22,0.0,0.0
0.82,-1.22,0.0,0.0
0.84,-1.22,0.0,0.0
0.86,-1.22,0.0,0.0
0.88,-1.22,0.0,0.0
0.9,-1.22,0.0,0.0
0.92,-1.22,0.0,0.0
0.94,-1.22,0.0,0.0
0.96,-1.22,0.0,0.0
0.98,-1.22,0.0,0.0
1.0,-1.22,0.0,0.0
1.02,-1.22,0.0,0.0
1.04,-1.22,0.0,0.0
1.06,-1.22,0.0,0.0
1.08,-1.22,0.0,0.0
1.1,-1.22,0.0,0.0
1.12,-1.22,0.0,0.0
1.14,-1.22,0.0,0.0
1.16,-1.22,0.0,0.0
1.18,-1.22,0.0,0.0
1.2,-1.22,0.0,0.0
1.22,-1.22,0.0,0.0
1.24,-1.22,0.0,0.0
1.26,-1.22,0.0,0.0
1.28,-1.22,0.0,0.0
1.3,-1.22,0.0,0.0
1.32,-1.22,0.0,0.0
1.34,-1.22,0.0,0.0
1.36,-1.22,0.0,0.0
1.38,-1.22,0.0,0.0
1.4,-1.22,0.0,0.0
1.42,-1.22,0.0,0.0
1.44,-1.22,0.0,0.0
1.46,-1.22,0.0,0.0
1.48,-1.22,0.0,0.0
1.5,-1.22,0.0,0.0
1.52,-1.22,0.0,0.0
1.54,-1.22,0.0,0.0
1.56,-1.22,0.0,0.0
1.58,-1.22,0.0,0.0
1.6,-1.22,0.0,0.0
-1.6,-1.2,0.0,0.0
-1.58,-1.2,0.0,0.0
-1.56,-1.2,0.0,0.0
-1.54,-1.2,0.0,0.0
-1.52,-1.2,0.0,0.0
-1.5,-1.2,0.0,0.0
-1.48,-1.2,0.0,0.0
-1.46,-1.2,0.0,0.0
-1.44,-1.2,0.0,0.0
-1.42,-1.2,0.0,0.0
-1.4,-1.2,0.0,0.0
-1.38,-1.2,0.0,0.0
-1.36,-1.2,0.0,0.0
-1.34,-1.2,0.0,0.0
-1.32,-1.2,0.0,0.0
-1.3,-1.2,0.0,0.0
-1.28,-1.2,0.0,0.0
-1.26,-1.2,0.0,0.0
-1.24,-1.2,0.0,0.0
-1.22,-1.2,0.0,0.0
-1.2,-1.2,0.0,0.0
-1.18,-1.2,0.0,0.0
-1.16,-1.2,0.0,0.0
-1.14,-1.2,0.0,0.0
-1.12,-1.2,0.0,0.0
-1.1,-1.2,0.0,0.0
-1.08,-1.2,0.0,0.0
-1.06,-1.2,0.0,0.0
-1.04,-1.2,0.0,0.0
-1.02,-1.2,0.0,0.0
-1.0,-1.2,0.0,0.0
-0.98,-1.2,0.0,0.0
-0.96,-1.2,0.0,0.0
-0.94,-1.2,0.0,0.0
-0.92,-1.2,0.0,0.0
-0.9,-1.2,0.0,0.0
-0.88,-1.2,0.0,0.0
-0.86,-1.2,0.0,0.0
-0.84,-1.2,0.0,0.0
-0.82,-1.2,0.0,0.0
-0.8,-1.2,0.0,0.0
-0.78,-1.2,0.0,0.0
-0.76,-1.2,0.0,0.0
-0.74,-1.2,0.0,0.0
-0.72,-1.2,0.0,0.0
-0.7,-1.2,0.0,0.0
-0.68,-1.2,0.0,0.0
-0.66,-1.2,0.0,0.0
-0.64,-1.2,0.0,0.0
-0.62,-1.2,0.0,0.0
-0.6,-1.2,0.0,0.0
-0.58,-1.2,0.0,0.0
-0.56,-1.2,0.0,0.0
-0.54,-1.2,0.0,0.0
-0.52,-1.2,0.0,0.0
-0.5,-1.2,0.0,0.0
-0.48,-1.2,0.0,0.0
-0.46,-1.2,0.0,1e-04
-0.44,-1.2,0.0,1e-04
-0.42,-1.2,0.0,1e-04
-0.4,-1.2,0.0,1e-04
-0.38,-1.2,0.0,0.0002
-0.36,-1.2,0.0,0.0002
-0.34,-1.2,0.0,0.0003
-0.32,-1.2,0.0,0.0003
-0.3,-1.2,0.0,0.0004
-0.28,-1.2,0.0,0.0006
-0.26,-1.2,0.0,0.0007
-0.24,-1.2,0.0,0.0009
-0.22,-1.2,0.0,0.0012
-0.2,-1.2,0.0,0.0016
-0.18,-1.2,0.0,0.0021
-0.16,-1.2,0.0,0.0026
-0.14,-1.2,1e-04,0.0034
-0.12,-1.2,0.0002,0.0044
-0.1,-1.2,0.0004,0.0057
-0.08,-1.2,0.0008,0.0073
-0.06,-1.2,0.0016,0.0094
-0.04,-1.2,0.0033,0.0121
-0.02,-1.2,0.0044,0.0155
0.0,-1.2,0.0053,0.0199
0.02,-1.2,0.0065,0.0255
0.04,-1.2,0.008,0.0303
0.06,-1.2,0.0097,0.0353
0.08,-1.2,0.0118,0.0401
0.1,-1.2,0.0144,0.0449
0.12,-1.2,0.0174,0.0502
0.14,-1.2,0.0118,0.056
0.16,-1.2,0.0066,0.0626
0.18,-1.2,0.0037,0.0695
0.2,-1.2,0.0021,0.0742
0.22,-1.2,0.0011,0.0588
0.24,-1.2,0.0006,0.0461
0.26,-1.2,0.0004,0.036
0.28,-1.2,0.0002,0.028
0.3,-1.2,1e-04,0.0218
0.32,-1.2,1e-04,0.0169
0.34,-1.2,0.0,0.0131
0.36,-1.2,0.0,0.0102
0.38,-1.2,0.0,0.0079
0.4,-1.2,0.0,0.0061
0.42,-1.2,0.0,0.0047
0.44,-1.2,0.0,0.0036
0.46,-1.2,0.0,0.0028
0.48,-1.2,0.0,0.0022
0.5,-1.2,0.0,0.0017
0.52,-1.2,0.0,0.0013
0.54,-1.2,0.0,0.001
0.56,-1.2,0.0,0.0008
0.58,-1.2,0.0,0.0006
0.6,-1.2,0.0,0.0005
0.62,-1.2,0.0,0.0004
0.64,-1.2,0.0,0.0003
0.66,-1.2,0.0,0.0002
0.68,-1.2,0.0,0.0002
0.7,-1.2,0.0,1e-04
0.72,-1.2,0.0,1e-04
0.74,-1.2,0.0,1e-04
0.76,-1.2,0.0,1e-04
0.78,-1.2,0.0,0.0
0.8,-1.2,0.0,0.0
0.82,-1.2,0.0,0.0
0.84,-1.2,0.0,0.0
0.86,-1.2,0.0,0.0
0.88,-1.2,0.0,0.0
0.9,-1.2,0.0,0.0
0.92,-1.2,0.0,0.0
0.94,-1.2,0.0,0.0
0.96,-1.2,0.0,0.0
0.98,-1.2,0.0,0.0
1.0,-1.2,0.0,0.0
1.02,-1.2,0.0,0.0
1.04,-1.2,0.0,0.0
1.06,-1.2,0.0,0.0
1.08,-1.2,0.0,0.0
1.1,-1.2,0.0,0.0
1.12,-1.2,0.0,0.0
1.14,-1.2,0.0,0.0
1.16,-1.2,0.0,0.0
1.18,-1.2,0.0,0.0
1.2,-1.2,0.0,0.0
1.22,-1.2,0.0,0.0
1.24,-1.2,0.0,0.0
1.26,-1.2,0.0,0.0
1.28,-1.2,0.0,0.0
1.3,-1.2,0.0,0.0
1.32,-1.2,0.0,0.0
1.34,-1.2,0.0,0.0
1.36,-1.2,0.0,0.0
1.38,-1.2,0.0,0.0
1.4,-1.2,0.0,0.0
1.42,-1.2,0.0,0.0
1.44,-1.2,0.0,0.0
1.46,-1.2,0.0,0.0
1.48,-1.2,0.0,0.0
1.5,-1.2,0.0,0.0
1.52,-1.2,0.0,0.0
1.54,-1.2,0.0,0.0
1.56,-1.2,0.0,0.0
1.58,-1.2,0.0,0.0
1.6,-1.2,0.0,0.0
-1.6,-1.18,0.0,0.0
-1.58,-1.18,0.0,0.0
-1.56,-1.18,0.0,0.0
-1.54,-1.18,0.0,0.0
-1.52,-1.18,0.0,0.0
-1.5,-1.18,0.0,0.0
-1.48,-1.18,0.0,0.0
-1.46,-1.18,0.0,0.0
-1.44,-1.18,0.0,0.0
-1.42,-1.18,0.0,0.0
-1.4,-1.18,0.0,0.0
-1.38,-1.18,0.0,0.0
-1.36,-1.18,0.0,0.0
-1.34,-1.18,0.0,0.0
-1.32,-1.18,0.0,0.0
-1.3,-1.18,0.0,0.0
-1.28,-1.18,0.0,0.0
-1.26,-1.18,0.0,0.0
-1.24,-1.18,0.0,0.0
-1.22,-1.18,0.0,0.0
-1.2,-1.18,0.0,0.0
-1.18,-1.18,0.0,0.0
-1.16,-1.18,0.0,0.0
-1.14,-1.18,0.0,0.0
-1.12,-1.18,0.0,0.0
-1.1,-1.18,0.0,0.0
-1.08,-1.18,0.0,0.0
-1.06,-1.18,0.0,0.0
-1.04,-1.18,0.0,0.0
-1.02,-1.18,0.0,0.0
-1.0,-1.18,0.0,0.0
-0.98,-1.18,0.0,0.0
-0.96,-1.18,0.0,0.0
-0.94,-1.18,0.0,0.0
-0.92,-1.18,0.0,0.0
-0.9,-1.18,0.0,0.0
-0.88,-1.18,0.0,0.0
-0.86,-1.18,0.0,0.0
-0.84,-1.18,0.0,0.0
-0.82,-1.18,0.0,0.0
-0.8,-1.18,0.0,0.0
-0.78,-1.18,0.0,0.0
-0.76,-1.18,0.0,0.0
-0.74,-1.18,0.0,0.0
-0.72,-1.18,0.0,0.0
-0.7,-1.18,0.0,0.0
-0.68,-1.18,0.0,0.0
-0.66,-1.18,0.0,0.0
-0.64,-1.18,0.0,0.0
-0.62,-1.18,0.0,0.0
-0.6,-1.18,0.0,0.0
-0.58,-1.18,0.0,0.0
-0.56,-1.18,0.0,0.0
-0.54,-1.18,0.0,0.0
-0.52,-1.18,0.0,0.0
-0.5,-1.18,0.0,0.0
-0.48,-1.18,0.0,1e-04
-0.46,-1.18,0.0,1e-04
-0.44,-1.18,0.0,1e-04
-0.42,-1.18,0.0,1e-04
-0.4,-1.18,0.0,0.0002
-0.38,-1.18,0.0,0.0002
-0.36,-1.18,0.0,0.0003
-0.34,-1.18,0.0,0.0004
-0.32,-1.18,0.0,0.0005
-0.3,-1.18,0.0,0.0006
-0.28,-1.18,0.0,0.0008
-0.26,-1.18,0.0,0.0011
-0.24,-1.18,0.0,0.0014
-0.22,-1.18,0.0,0.0018
-0.2,-1.18,0.0,0.0024
-0.18,-1.18,0.0,0.003
-0.16,-1.18,1e-04,0.0039
-0.14,-1.18,1e-04,0.0051
-0.12,-1.18,0.0003,0.0065
-0.1,-1.18,0.0007,0.0084
-0.08,-1.18,0.0016,0.0108
-0.06,-1.18,0.0034,0.0139
-0.04,-1.18,0.0073,0.0178
-0.02,-1.18,0.0105,0.0228
0.0,-1.18,0.0129,0.0293
0.02,-1.18,0.0157,0.0374
0.04,-1.18,0.0191,0.0454
0.06,-1.18,0.0232,0.0527
0.08,-1.18,0.0282,0.0599
0.1,-1.18,0.0343,0.0668
0.12,-1.18,0.035,0.0745
0.14,-1.18,0.02,0.0829
0.16,-1.18,0.0112,0.0923
0.18,-1.18,0.0063,0.1019
0.2,-1.18,0.0035,0.0936
0.22,-1.18,0.002,0.0739
0.24,-1.18,0.0011,0.058
0.26,-1.18,0.0006,0.0454
0.28,-1.18,0.0003,0.0355
0.3,-1.18,0.0002,0.0276
0.32,-1.18,1e-04,0.0215
0.34,-1.18,1e-04,0.0167
0.36,-1.18,0.0,0.0129
0.38,-1.18,0.0,0.01
0.4,-1.18,0.0,0.0078
0.42,-1.18,0.0,0.006
0.44,-1.18,0.0,0.0046
0.46,-1.18,0.0,0.0036
0.48,-1.18,0.0,0.0028
0.5,-1.18,0.0,0.0021
0.52,-1.18,0.0,0.0017
0.54,-1.18,0.0,0.0013
0.56,-1.18,0.0,0.001
0.58,-1.18,0.0,0.0008
0.6,-1.18,0.0,0.0006
0.62,-1.18,0.0,0.0005
0.64,-1.18,0.0,0.0004
0.66,-1.18,0.0,0.0003
0.68,-1.18,0.0,0.0002
0.7,-1.18,0.0,0.0002
0.72,-1.18,0.0,1e-04
0.74,-1.18,0.0,1e-04
0.76,-1.18,0.0,1e-04
0.78,-1.18,0.0,1e-04
0.8,-1.18,0.0,0.0
0.82,-1.18,0.0,0.0
0.84,-1.18,0.0,0.0
0.86,-1.18,0.0,0.0
0.88,-1.18,0.0,0.0
0.9,-1.18,0.0,0.0
0.92,-1.18,0.0,0.0
0.94,-1.18,0.0,0.0
0.96,-1.18,0.0,0.0
0.98,-1.18,0.0,0.0
1.0,-1.18,0.0,0.0
1.02,-1.18,0.0,0.0
1.04,-1.18,0.0,0.0
1.06,-1.18,0.0,0.0
1.08,-1.18,0.0,0.0
1.1,-1.18,0.0,0.0
1.12,-1.18,0.0,0.0
1.14,-1.18,0.0,0.0
1.16,-1.18,0.0,0.0
1.18,-1.18,0.0,0.0
1.2,-1.18,0.0,0.0
1.22,-1.18,0.0,0.0
1.24,-1.18,0.0,0.0
1.26,-1.18,0.0,0.0
1.28,-1.18,0.0,0.0
1.3,-1.18,0.0,0.0
1.32,-1.18,0.0,0.0
1.34,-1.18,0.0,0.0
1.36,-1.18,0.0,0.0
1.38,-1.18,0.0,0.0
1.4,-1.18,0.0,0.0
1.42,-1.18,0.0,0.0
1.44,-1.18,0.0,0.0
1.46,-1.18,0.0,0.0
1.48,-1.18,0.0,0.0
1.5,-1.18,0.0,0.0
1.52,-1.18,0.0,0.0
1.54,-1.18,0.0,0.0
1.56,-1.18,0.0,0.0
1.58,-1.18,0.0,0.0
1.6,-1.18,0.0,0.0
-1.6,-1.16,0.0,0.0
-1.58,-1.16,0.0,0.0
-1.56,-1.16,0.0,0.0
-1.54,-1.16,0.0,0.0
-1.52,-1.16,0.0,0.0
-1.5,-1.16,0.0,0.0
-1.48,-1.16,0.0,0.0
-1.46,-1.16,0.0,0.0
-1.44,-1.16,0.0,0.0
-1.42,-1.16,0.0,0.0
-1.4,-1.16,0.0,0.0
-1.38,-1.16,0.0,0.0
-1.36,-1.16,0.0,0.0
-1.34,-1.16,0.0,0.0
-1.32,-1.16,0.0,0.0
-1.3,-1.16,0.0,0.0
-1.28,-1.16,0.0,0.0
-1.26,-1.16,0.0,0.0
-1.24,-1.16,0.0,0.0
-1.22,-1.16,0.0,0.0
-1.2,-1.16,0.0,0.0
-1.18,-1.16,0.0,0.0
-1.16,-1.16,0.0,0.0
-1.14,-1.16,0.0,0.0
-1.12,-1.16,0.0,0.0
-1.1,-1.16,0.0,0.0
-1.08,-1.16,0.0,0.0
-1.06,-1.16,0.0,0.0
-1.04,-1.16,0.0,0.0
-1.02,-1.16,0.0,0.0
-1.0,-1.16,0.0,0.0
-0.98,-1.16,0.0,0.0
-0.96,-1.16,0.0,0.0
-0.94,-1.16,0.0,0.0
-0.92,-1.16,0.0,0.0
-0.9,-1.16,0.0,0.0
-0.88,-1.16,0.0,0.0
-0.86,-1.16,0.0,0.0
-0.84,-1.16,0.0,0.0
-0.82,-1.16,0.0,0.0
-0.8,-1.16,0.0,0.0
-0.78,-1.16,0.0,0.0
-0.76,-1.16,0.0,0.0
-0.74,-1.16,0.0,0.0
-0.72,-1.16,0.0,0.0
-0.7,-1.16,0.0,0.0
-0.68,-1.16,0.0,0.0
-0.66,-1.16,0.0,0.0
-0.64,-1.16,0.0,0.0
-0.62,-1.16,0.0,0.0
-0.6,-1.16,0.0,0.0
-0.58,-1.16,0.0,0.0
-0.56,-1.16,0.0,0.0
-0.54,-1.16,0.0,0.0
-0.52,-1.16,0.0,1e-04
-0.5,-1.16,0.0,1e-04
-0.48,-1.16,0.0,1e-04
-0.46,-1.16,0.0,1e-04
-0.44,-1.16,0.0,0.0002
-0.42,-1.16,0.0,0.0002
-0.4,-1.16,0.0,0.0003
-0.38,-1.16,0.0,0.0003
-0.36,-1.16,0.0,0.0004
-0.34,-1.16,0.0,0.0006
-0.32,-1.16,0.0,0.0007
-0.3,-1.16,0.0,0.0009
-0.28,-1.16,0.0,0.0012
-0.26,-1.16,0.0,0.0016
-0.24,-1.16,0.0,0.0021
-0.22,-1.16,0.0,0.0027
-0.2,-1.16,0.0,0.0035
-0.18,-1.16,1e-04,0.0045
-0.16,-1.16,1e-04,0.0058
-0.14,-1.16,0.0003,0.0075
-0.12,-1.16,0.0007,0.0096
-0.1,-1.16,0.0015,0.0124
-0.08,-1.16,0.0033,0.0159
-0.06,-1.16,0.0071,0.0204
-0.04,-1.16,0.0151,0.0262
-0.02,-1.16,0.0247,0.0335
0.0,-1.16,0.0307,0.0428
0.02,-1.16,0.0372,0.0546
0.04,-1.16,0.0451,0.0674
0.06,-1.16,0.0546,0.0779
0.08,-1.16,0.0659,0.0884
0.1,-1.16,0.0787,0.0983
0.12,-1.16,0.059,0.1092
0.14,-1.16,0.0337,0.1211
0.16,-1.16,0.0191,0.1339
0.18,-1.16,0.0107,0.144
0.2,-1.16,0.006,0.1164
0.22,-1.16,0.0034,0.0923
0.24,-1.16,0.0019,0.0729
0.26,-1.16,0.001,0.0572
0.28,-1.16,0.0006,0.0448
0.3,-1.16,0.0003,0.035
0.32,-1.16,0.0002,0.0272
0.34,-1.16,1e-04,0.0212
0.36,-1.16,1e-04,0.0164
0.38,-1.16,0.0,0.0127
0.4,-1.16,0.0,0.0099
0.42,-1.16,0.0,0.0076
0.44,-1.16,0.0,0.0059
0.46,-1.16,0.0,0.0046
0.48,-1.16,0.0,0.0035
0.5,-1.16,0.0,0.0027
0.52,-1.16,0.0,0.0021
0.54,-1.16,0.0,0.0016
0.56,-1.16,0.0,0.0013
0.58,-1.16,0.0,0.001
0.6,-1.16,0.0,0.0008
0.62,-1.16,0.0,0.0006
0.64,-1.16,0.0,0.0004
0.66,-1.16,0.0,0.0003
0.68,-1.16,0.0,0.0003
0.7,-1.16,0.0,0.0002
0.72,-1.16,0.0,0.0002
0.74,-1.16,0.0,1e-04
0.76,-1.16,0.0,1e-04
0.78,-1.16,0.0,1e-04
0.8,-1.16,0.0,1e-04
0.82,-1.16,0.0,0.0
0.84,-1.16,0.0,0.0
0.86,-1.16,0.0,0.0
0.88,-1.16,0.0,0.0
0.9,-1.16,0.0,0.0
0.92,-1.16,0.0,0.0
0.94,-1.16,0.0,0.0
0.96,-1.16,0.0,0.0
0.98,-1.16,0.0,0.0
1.0,-1.16,0.0,0.0
1.02,-1.16,0.0,0.0
1.04,-1.16,0.0,0.0
1.06,-1.16,0.0,0.0
1.08,-1.16,0.0,0.0
1.1,-1.16,0.0,0.0
1.12,-1.16,0.0,0.0
1.14,-1.16,0.0,0.0
1.16,-1.16,0.0,0.0
1.18,-1.16,0.0,0.0
1.2,-1.16,0.0,0.0
1.22,-1.16,0.0,0.0
1.24,-1.16,0.0,0.0
1.26,-1.16,0.0,0.0
1.28,-1.16,0.0,0.0
1.3,-1.16,0.0,0.0
1.32,-1.16,0.0,0.0
1.34,-1.16,0.0,0.0
1.36,-1.16,0.0,0.0
1.38,-1.16,0.0,0.0
1.4,-1.16,0.0,0.0
1.42,-1.16,0.0,0.0
1.44,-1.16,0.0,0.0
1.46,-1.16,0.0,0.0
1.48,-1.16,0.0,0.0
1.5,-1.16,0.0,0.0
1.52,-1.16,0.0,0.0
1.54,-1.16,0.0,0.0
1.56,-1.16,0.0,0.0
1.58,-1.16,0.0,0.0
1.6,-1.16,0.0,0.0
-1.6,-1.14,0.0,0.0
-1.58,-1.14,0.0,0.0
-1.56,-1.14,0.0,0.0
-1.54,-1.14,0.0,0.0
-1.52,-1.14,0.0,0.0
-1.5,-1.14,0.0,0.0
-1.48,-1.14,0.0,0.0
-1.46,-1.14,0.0,0.0
-1.44,-1.14,0.0,0.0
-1.42,-1.14,0.0,0.0
-1.4,-1.14,0.0,0.0
-1.38,-1.14,0.0,0.0
-1.36,-1.14,0.0,0.0
-1.34,-1.14,0.0,0.0
-1.32,-1.14,0.0,0.0
-1.3,-1.14,0.0,0.0
-1.28,-1.14,0.0,0.0
-1.26,-1.14,0.0,0.0
-1.24,-1.14,0.0,0.0
-1.22,-1.14,0.0,0.0
-1.2,-1.14,0.0,0.0
-1.18,-1.14,0.0,0.0
-1.16,-1.14,0.0,0.0
-1.14,-1.14,0.0,0.0
-1.12,-1.14,0.0,0.0
-1.1,-1.14,0.0,0.0
-1.08,-1.14,0.0,0.0
-1.06,-1.14,0.0,0.0
-1.04,-1.14,0.0,0.0
-1.02,-1.14,0.0,0.0
-1.0,-1.14,0.0,0.0
-0.98,-1.14,0.0,0.0
-0.96,-1.14,0.0,0.0
-0.94,-1.14,0.0,0.0
-0.92,-1.14,0.0,0.0
-0.9,-1.14,0.0,0.0
-0.88,-1.14,0.0,0.0
-0.86,-1.14,0.0,0.0
-0.84,-1.14,0.0,0.0
-0.82,-1.14,0.0,0.0
-0.8,-1.14,0.0,0.0
-0.78,-1.14,0.0,0.0
-0.76,-1.14,0.0,0.0
-0.74,-1.14,0.0,0.0
-0.72,-1.14,0.0,0.0
-0.7,-1.14,0.0,0.0
-0.68,-1.14,0.0,0.0
-0.66,-1.14,0.0,0.0
-0.64,-1.14,0.0,0.0
-0.62,-1.14,0.0,0.0
-0.6,-1.14,0.0,0.0
-0.58,-1.14,0.0,0.0
-0.56,-1.14,0.0,0.0
-0.54,-1.14,0.0,1e-04
-0.52,-1.14,0.0,1e-04
-0.5,-1.14,0.0,1e-04
-0.48,-1.14,0.0,1e-04
-0.46,-1.14,0.0,0.0002
-0.44,-1.14,0.0,0.0002
-0.42,-1.14,0.0,0.0003
-0.4,-1.14,0.0,0.0004
-0.38,-1.14,0.0,0.0005
-0.36,-1.14,0.0,0.0006
-0.34,-1.14,0.0,0.0008
-0.32,-1.14,0.0,0.0011
-0.3,-1.14,0.0,0.0014
-0.28,-1.14,0.0,0.0018
-0.26,-1.14,0.0,0.0024
-0.24,-1.14,0.0,0.0031
-0.22,-1.14,0.0,0.004
-0.2,-1.14,1e-04,0.0052
-0.18,-1.14,1e-04,0.0067
-0.16,-1.14,0.0003,0.0086
-0.14,-1.14,0.0007,0.0111
-0.12,-1.14,0.0015,0.0142
-0.1,-1.14,0.0032,0.0183
-0.08,-1.14,0.0068,0.0234
-0.06,-1.14,0.0146,0.03
-0.04,-1.14,0.0309,0.0384
-0.02,-1.14,0.0562,0.049
0.0,-1.14,0.0713,0.0623
0.02,-1.14,0.0857,0.0789
0.04,-1.14,0.1028,0.0989
0.06,-1.14,0.1228,0.1138
0.08,-1.14,0.1461,0.1287
0.1,-1.14,0.1578,0.1424
0.12,-1.14,0.0969,0.1573
0.14,-1.14,0.0564,0.1734
0.16,-1.14,0.0322,0.1902
0.18,-1.14,0.0182,0.1785
0.2,-1.14,0.0102,0.1438
0.22,-1.14,0.0057,0.1149
0.24,-1.14,0.0032,0.0911
0.26,-1.14,0.0018,0.0719
0.28,-1.14,0.001,0.0565
0.3,-1.14,0.0006,0.0442
0.32,-1.14,0.0003,0.0345
0.34,-1.14,0.0002,0.0268
0.36,-1.14,1e-04,0.0209
0.38,-1.14,1e-04,0.0162
0.4,-1.14,0.0,0.0126
0.42,-1.14,0.0,0.0097
0.44,-1.14,0.0,0.0075
0.46,-1.14,0.0,0.0058
0.48,-1.14,0.0,0.0045
0.5,-1.14,0.0,0.0035
0.52,-1.14,0.0,0.0027
0.54,-1.14,0.0,0.0021
0.56,-1.14,0.0,0.0016
0.58,-1.14,0.0,0.0012
0.6,-1.14,0.0,0.001
0.62,-1.14,0.0,0.0007
0.64,-1.14,0.0,0.0006
0.66,-1.14,0.0,0.0004
0.68,-1.14,0.0,0.0003
0.7,-1.14,0.0,0.0003
0.72,-1.14,0.0,0.0002
0.74,-1.14,0.0,0.0002
0.76,-1.14,0.0,1e-04
0.78,-1.14,0.0,1e-04
0.8,-1.14,0.0,1e-04
0.82,-1.14,0.0,1e-04
0.84,-1.14,0.0,0.0
0.86,-1.14,0.0,0.0
0.88,-1.14,0.0,0.0
0.9,-1.14,0.0,0.0
0.92,-1.14,0.0,0.0
0.94,-1.14,0.0,0.0
0.96,-1.14,0.0,0.0
0.98,-1.14,0.0,0.0
1.0,-1.14,0.0,0.0
1.02,-1.14,0.0,0.0
1.04,-1.14,0.0,0.0
1.06,-1.14,0.0,0.0
1.08,-1.14,0.0,0.0
1.1,-1.14,0.0,0.0
1.12,-1.14,0.0,0.0
1.14,-1.14,0.0,0.0
1.16,-1.14,0.0,0.0
1.18,-1.14,0.0,0.0
1.2,-1.14,0.0,0.0
1.22,-1.14,0.0,0.0
1.24,-1.14,0.0,0.0
1.26,-1.14,0.0,0.0
1.28,-1.14,0.0,0.0
1.3,-1.14,0.0,0.0
1.32,-1.14,0.0,0.0
1.34,-1.14,0.0,0.0
1.36,-1.14,0.0,0.0
1.38,-1.14,0.0,0.0
1.4,-1.14,0.0,0.0
1.42,-1.14,0.0,0.0
1.44,-1.14,0.0,0.0
1.46,-1.14,0.0,0.0
1.48,-1.14,0.0,0.0
1.5,-1.14,0.0,0.0
1.52,-1.14,0.0,0.0
1.54,-1.14,0.0,0.0
1.56,-1.14,0.0,0.0
1.58,-1.14,0.0,0.0
1.6,-1.14,0.0,0.0
-1.6,-1.12,0.0,0.0
-1.58,-1.12,0.0,0.0
-1.56,-1.12,0.0,0.0
-1.54,-1.12,0.0,0.0
-1.52,-1.12,0.0,0.0
-1.5,-1.12,0.0,0.0
-1.48,-1.12,0.0,0.0
-1.46,-1.12,0.0,0.0
-1.44,-1.12,0.0,0.0
-1.42,-1.12,0.0,0.0
-1.4,-1.12,0.0,0.0
-1.38,-1.12,0.0,0.0
-1.36,-1.12,0.0,0.0
-1.34,-1.12,0.0,0.0
-1.32,-1.12,0.0,0.0
-1.3,-1.12,0.0,0.0
-1.28,-1.12,0.0,0.0
-1.26,-1.12,0.0,0.0
-1.24,-1.12,0.0,0.0
-1.22,-1.12,0.0,0.0
-1.2,-1.12,0.0,0.0
-1.18,-1.12,0.0,0.0
-1.16,-1.12,0.0,0.0
-1.14,-1.12,0.0,0.0
-1.12,-1.12,0.0,0.0
-1.1,-1.12,0.0,0.0
-1.08,-1.12,0.0,0.0
-1.06,-1.12,0.0,0.0
-1.04,-1.12,0.0,0.0
-1.02,-1.12,0.0,0.0
-1.0,-1.12,0.0,0.0
-0.98,-1.12,0.0,0.0
-0.96,-1.12,0.0,0.0
-0.94,-1.12,0.0,0.0
-0.92,-1.12,0.0,0.0
-0.9,-1.12,0.0,0.0
-0.88,-1.12,0.0,0.0
-0.86,-1.12,0.0,0.0
-0.84,-1.12,0.0,0.0
-0.82,-1.12,0.0,0.0
-0.8,-1.12,0.0,0.0
-0.78,-1.12,0.0,0.0
-0.76,-1.12,0.0,0.0
-0.74,-1.12,0.0,0.0
-0.72,-1.12,0.0,0.0
-0.7,-1.12,0.0,0.0
-0.68,-1.12,0.0,0.0
-0.66,-1.12,0.0,0.0
-0.64,-1.12,0.0,0.0
-0.62,-1.12,0.0,0.0
-0.6,-1.12,0.0,0.0
-0.58,-1.12,0.0,1e-04
-0.56,-1.12,0.0,1e-04
-0.54,-1.12,0.0,1e-04
-0.52,-1.12,0.0,1e-04
-0.5,-1.12,0.0,0.0002
-0.48,-1.12,0.0,0.0002
-0.46,-1.12,0.0,0.0003
-0.44,-1.12,0.0,0.0003
-0.42,-1.12,0.0,0.0004
-0.4,-1.12,0.0,0.0006
-0.38,-1.12,0.0,0.0007
-0.36,-1.12,0.0,0.0009
-0.34,-1.12,0.0,0.0012
-0.32,-1.12,0.0,0.0016
-0.3,-1.12,0.0,0.0021
-0.28,-1.12,0.0,0.0027
-0.26,-1.12,0.0,0.0035
-0.24,-1.12,0.0,0.0045
-0.22,-1.12,1e-04,0.0059
-0.2,-1.12,0.0002,0.0076
-0.18,-1.12,0.0003,0.0099
-0.16,-1.12,0.0006,0.0127
-0.14,-1.12,0.0014,0.0163
-0.12,-1.12,0.003,0.021
-0.1,-1.12,0.0066,0.0269
-0.08,-1.12,0.014,0.0344
-0.06,-1.12,0.0298,0.0439
-0.04,-1.12,0.0622,0.056
-0.02,-1.12,0.1207,0.071
0.0,-1.12,0.157,0.0898
0.02,-1.12,0.1854,0.1129
0.04,-1.12,0.2176,0.141
0.06,-1.12,0.2537,0.1633
0.08,-1.12,0.2923,0.1836
0.1,-1.12,0.2479,0.2019
0.12,-1.12,0.1551,0.2214
0.14,-1.12,0.0928,0.2422
0.16,-1.12,0.0539,0.2604
0.18,-1.12,0.0308,0.2172
0.2,-1.12,0.0174,0.1765
0.22,-1.12,0.0098,0.142
0.24,-1.12,0.0055,0.1134
0.26,-1.12,0.003,0.0899
0.28,-1.12,0.0017,0.0709
0.3,-1.12,0.0009,0.0557
0.32,-1.12,0.0005,0.0436
0.34,-1.12,0.0003,0.034
0.36,-1.12,0.0002,0.0265
0.38,-1.12,1e-04,0.0206
0.4,-1.12,1e-04,0.016
0.42,-1.12,0.0,0.0124
0.44,-1.12,0.0,0.0096
0.46,-1.12,0.0,0.0074
0.48,-1.12,0.0,0.0057
0.5,-1.12,0.0,0.0044
0.52,-1.12,0.0,0.0034
0.54,-1.12,0.0,0.0027
0.56,-1.12,0.0,0.0021
0.58,-1.12,0.0,0.0016
0.6,-1.12,0.0,0.0012
0.62,-1.12,0.0,0.0009
0.64,-1.12,0.0,0.0007
0.66,-1.12,0.0,0.0006
0.68,-1.12,0.0,0.0004
0.7,-1.12,0.0,0.0003
0.72,-1.12,0.0,0.0003
0.74,-1.12,0.0,0.0002
0.76,-1.12,0.0,0.0002
0.78,-1.12,0.0,1e-04
0.8,-1.12,0.0,1e-04
0.82,-1.12,0.0,1e-04
0.84,-1.12,0.0,1e-04
0.86,-1.12,0.0,0.0
0.88,-1.12,0.0,0.0
0.9,-1.12,0.0,0.0
0.92,-1.12,0.0,0.0
0.94,-1.12,0.0,0.0
0.96,-1.12,0.0,0.0
0.98,-1.12,0.0,0.0
1.0,-1.12,0.0,0.0
1.02,-1.12,0.0,0.0
1.04,-1.12,0.0,0.0
1.06,-1.12,0.0,0.0
1.08,-1.12,0.0,0.0
1.1,-1.12,0.0,0.0
1.12,-1.12,0.0,0.0
1.14,-1.12,0.0,0.0
1.16,-1.12,0.0,0.0
1.18,-1.12,0.0,0.0
1.2,-1.12,0.0,0.0
1.22,-1.12,0.0,0.0
1.24,-1.12,0.0,0.0
1.26,-1.12,0.0,0.0
1.28,-1.12,0.0,0.0
1.3,-1.12,0.0,0.0
1.32,-1.12,0.0,0.0
1.34,-1.12,0.0,0.0
1.36,-1.12,0.0,0.0
1.38,-1.12,0.0,0.0
1.4,-1.12,0.0,0.0
1.42,-1.12,0.0,0.0
1.44,-1.12,0.0,0.0
1.46,-1.12,0.0,0.0
1.48,-1.12,0.0,0.0
1.5,-1.12,0.0,0.0
1.52,-1.12,0.0,0.0
1.54,-1.12,0.0,0.0
1.56,-1.12,0.0,0.0
1.58,-1.12,0.0,0.0
1.6,-1.12,0.0,0.0
-1.6,-1.1,0.0,0.0
-1.58,-1.1,0.0,0.0
-1.56,-1.1,0.0,0.0
-1.54,-1.1,0.0,0.0
-1.52,-1.1,0.0,0.0
-1.5,-1.1,0.0,0.0
-1.48,-1.1,0.0,0.0
-1.46,-1.1,0.0,0.0
-1.44,-1.1,0.0,0.0
-1.42,-1.1,0.0,0.0
-1.4,-1.1,0.0,0.0
-1.38,-1.1,0.0,0.0
-1.36,-1.1,0.0,0.0
-1.34,-1.1,0.0,0.0
-1.32,-1.1,0.0,0.0
-1.3,-1.1,0.0,0.0
-1.28,-1.1,0.0,0.0
-1.26,-1.1,0.0,0.0
-1.24,-1.1,0.0,0.0
-1.22,-1.1,0.0,0.0
-1.2,-1.1,0.0,0.0
-1.18,-1.1,0.0,0.0
-1.16,-1.1,0.0,0.0
-1.14,-1.1,0.0,0.0
-1.12,-1.1,0.0,0.0
-1.1,-1.1,0.0,0.0
-1.08,-1.1,0.0,0.0
-1.06,-1.1,0.0,0.0
-1.04,-1.1,0.0,0.0
-1.02,-1.1,0.0,0.0
-1.0,-1.1,0.0,0.0
-0.98,-1.1,0.0,0.0
-0.96,-1.1,0.0,0.0
-0.94,-1.1,0.0,0.0
-0.92,-1.1,0.0,0.0
-0.9,-1.1,0.0,0.0
-0.88,-1.1,0.0,0.0
-0.86,-1.1,0.0,0.0
-0.84,-1.1,0.0,0.0
-0.82,-1.1,0.0,0.0
-0.8,-1.1,0.0,0.0
-0.78,-1.1,0.0,0.0
-0.76,-1.1,0.0,0.0
-0.74,-1.1,0.0,0.0
-0.72,-1.1,0.0,0.0
-0.7,-1.1,0.0,0.0
-0.68,-1.1,0.0,0.0
-0.66,-1.1,0.0,0.0
-0.64,-1.1,0.0,0.0
-0.62,-1.1,0.0,0.0
-0.6,-1.1,0.0,1e-04
-0.58,-1.1,0.0,1e-04
-0.56,-1.1,0.0,1e-04
-0.54,-1.1,0.0,1e-04
-0.52,-1.1,0.0,0.0002
-0.5,-1.1,0.0,0.0002
-0.48,-1.1,0.0,0.0003
-0.46,-1.1,0.0,0.0004
-0.44,-1.1,0.0,0.0005
-0.42,-1.1,0.0,0.0006
-0.4,-1.1,0.0,0.0008
-0.38,-1.1,0.0,0.0011
-0.36,-1.1,0.0,0.0014
-0.34,-1.1,0.0,0.0018
-0.32,-1.1,0.0,0.0024
-0.3,-1.1,0.0,0.0031
-0.28,-1.1,0.0,0.004
-0.26,-1.1,1e-04,0.0052
-0.24,-1.1,1e-04,0.0067
-0.22,-1.1,0.0002,0.0087
-0.2,-1.1,0.0004,0.0112
-0.18,-1.1,0.0007,0.0146
-0.16,-1.1,0.0013,0.0188
-0.14,-1.1,0.0028,0.0241
-0.12,-1.1,0.0063,0.0308
-0.1,-1.1,0.0135,0.0394
-0.08,-1.1,0.0287,0.0502
-0.06,-1.1,0.06,0.0639
-0.04,-1.1,0.1211,0.0809
-0.02,-1.1,0.2291,0.1019
0.0,-1.1,0.3101,0.1277
0.02,-1.1,0.3558,0.1588
0.04,-1.1,0.403,0.1958
0.06,-1.1,0.452,0.2286
0.08,-1.1,0.4884,0.2552
0.1,-1.1,0.3606,0.2781
0.12,-1.1,0.2391,0.3022
0.14,-1.1,0.149,0.3271
0.16,-1.1,0.0888,0.3137
0.18,-1.1,0.0515,0.2614
0.2,-1.1,0.0294,0.2147
0.22,-1.1,0.0166,0.1744
0.24,-1.1,0.0093,0.1403
0.26,-1.1,0.0052,0.1119
0.28,-1.1,0.0029,0.0887
0.3,-1.1,0.0016,0.07
0.32,-1.1,0.0009,0.0549
0.34,-1.1,0.0005,0.043
0.36,-1.1,0.0003,0.0335
0.38,-1.1,0.0002,0.0261
0.4,-1.1,1e-04,0.0203
0.42,-1.1,0.0,0.0157
0.44,-1.1,0.0,0.0122
0.46,-1.1,0.0,0.0094
0.48,-1.1,0.0,0.0073
0.5,-1.1,0.0,0.0057
0.52,-1.1,0.0,0.0044
0.54,-1.1,0.0,0.0034
0.56,-1.1,0.0,0.0026
0.58,-1.1,0.0,0.002
0.6,-1.1,0.0,0.0016
0.62,-1.1,0.0,0.0012
0.64,-1.1,0.0,0.0009
0.66,-1.1,0.0,0.0007
0.68,-1.1,0.0,0.0006
0.7,-1.1,0.0,0.0004
0.72,-1.1,0.0,0.0003
0.74,-1.1,0.0,0.0003
0.76,-1.1,0.0,0.0002
0.78,-1.1,0.0,0.0002
0.8,-1.1,0.0,1e-04
0.82,-1.1,0.0,1e-04
0.84,-1.1,0.0,1e-04
0.86,-1.1,0.0,1e-04
0.88,-1.1,0.0,0.0
0.9,-1.1,0.0,0.0
0.92,-1.1,0.0,0.0
0.94,-1.1,0.0,0.0
0.96,-1.1,0.0,0.0
0.98,-1.1,0.0,0.0
1.0,-1.1,0.0,0.0
1.02,-1.1,0.0,0.0
1.04,-1.1,0.0,0.0
1.06,-1.1,0.0,0.0
1.08,-1.1,0.0,0.0
1.1,-1.1,0.0,0.0
1.12,-1.1,0.0,0.0
1.14,-1.1,0.0,0.0
1.16,-1.1,0.0,0.0
1.18,-1.1,0.0,0.0
1.2,-1.1,0.0,0.0
1.22,-1.1,0.0,0.0
1.24,-1.1,0.0,0.0
1.26,-1.1,0.0,0.0
1.28,-1.1,0.0,0.0
1.3,-1.1,0.0,0.0
1.32,-1.1,0.0,0.0
1.34,-1.1,0.0,0.0
1.36,-1.1,0.0,0.0
1.38,-1.1,0.0,0.0
1.4,-1.1,0.0,0.0
1.42,-1.1,0.0,0.0
1.44,-1.1,0.0,0.0
1.46,-1.1,0.0,0.0
1.48,-1.1,0.0,0.0
1.5,-1.1,0.0,0.0
1.52,-1.1,0.0,0.0
1.54,-1.1,0.0,0.0
1.56,-1.1,0.0,0.0
1.58,-1.1,0.0,0.0
1.6,-1.1,0.0,0.0
-1.6,-1.08,0.0,0.0
-1.58,-1.08,0.0,0.0
-1.56,-1.08,0.0,0.0
-1.54,-1.08,0.0,0.0
-1.52,-1.08,0.0,0.0
-1.5,-1.08,0.0,0.0
-1.48,-1.08,0.0,0.0
-1.46,-1.08,0.0,0.0
-1.44,-1.08,0.0,0.0
-1.42,-1.08,0.0,0.0
-1.4,-1.08,0.0,0.0
-1.38,-1.08,0.0,0.0
-1.36,-1.08,0.0,0.0
-1.34,-1.08,0.0,0.0
-1.32,-1.08,0.0,0.0
-1.3,-1.08,0.0,0.0
-1.28,-1.08,0.0,0.0
-1.26,-1.08,0.0,0.0
-1.24,-1.08,0.0,0.0
-1.22,-1.08,0.0,0.0
-1.2,-1.08,0.0,0.0
-1.18,-1.08,0.0,0.0
-1.16,-1.08,0.0,0.0
-1.14,-1.08,0.0,0.0
-1.12,-1.08,0.0,0.0
-1.1,-1.08,0.0,0.0
-1.08,-1.08,0.0,0.0
-1.06,-1.08,0.0,0.0
-1.04,-1.08,0.0,0.0
-1.02,-1.08,0.0,0.0
-1.0,-1.08,0.0,0.0
-0.98,-1.08,0.0,0.0
-0.96,-1.08,0.0,0.0
-0.94,-1.08,0.0,0.0
-0.92,-1.08,0.0,0.0
-0.9,-1.08,0.0,0.0
-0.88,-1.08,0.0,0.0
-0.86,-1.08,0.0,0.0
-0.84,-1.08,0.0,0.0
-0.82,-1.08,0.0,0.0
-0.8,-1.08,0.0,0.0
-0.78,-1.08,0.0,0.0
-0.76,-1.08,0.0,0.0
-0.74,-1.08,0.0,0.0
-0.72,-1.08,0.0,0.0
-0.7,-1.08,0.0,0.0
-0.68,-1.08,0.0,0.0
-0.66,-1.08,0.0,0.0
-0.64,-1.08,0.0,1e-04
-0.62,-1.08,0.0,1e-04
-0.6,-1.08,0.0,1e-04
-0.58,-1.08,0.0,1e-04
-0.56,-1.08,0.0,0.0002
-0.54,-1.08,0.0,0.0002
-0.52,-1.08,0.0,0.0003
-0.5,-1.08,0.0,0.0003
-0.48,-1.08,0.0,0.0004
-0.46,-1.08,0.0,0.0006
-0.44,-1.08,0.0,0.0007
-0.42,-1.08,0.0,0.0009
-0.4,-1.08,0.0,0.0012
-0.38,-1.08,0.0,0.0016
-0.36,-1.08,0.0,0.0021
-0.34,-1.08,0.0,0.0027
-0.32,-1.08,0.0,0.0035
-0.3,-1.08,0.0,0.0045
-0.28,-1.08,1e-04,0.0059
-0.26,-1.08,1e-04,0.0076
-0.24,-1.08,0.0002,0.0099
-0.22,-1.08,0.0005,0.0128
-0.2,-1.08,0.0008,0.0166
-0.18,-1.08,0.0015,0.0214
-0.16,-1.08,0.0026,0.0276
-0.14,-1.08,0.0059,0.0353
-0.12,-1.08,0.0129,0.0451
-0.1,-1.08,0.0276,0.0574
-0.08,-1.08,0.0578,0.0728
-0.06,-1.08,0.117,0.0919
-0.04,-1.08,0.2224,0.1155
-0.02,-1.08,0.3817,0.1442
0.0,-1.08,0.5159,0.1785
0.02,-1.08,0.5728,0.2189
0.04,-1.08,0.6209,0.2655
0.06,-1.08,0.6662,0.3105
0.08,-1.08,0.6341,0.3428
0.1,-1.08,0.4912,0.3698
0.12,-1.08,0.3497,0.3975
0.14,-1.08,0.2305,0.4235
0.16,-1.08,0.143,0.3687
0.18,-1.08,0.085,0.3111
0.2,-1.08,0.0492,0.2586
0.22,-1.08,0.028,0.2123
0.24,-1.08,0.0158,0.1723
0.26,-1.08,0.0089,0.1385
0.28,-1.08,0.005,0.1105
0.3,-1.08,0.0028,0.0876
0.32,-1.08,0.0015,0.069
0.34,-1.08,0.0009,0.0542
0.36,-1.08,0.0005,0.0424
0.38,-1.08,0.0003,0.033
0.4,-1.08,1e-04,0.0257
0.42,-1.08,1e-04,0.02
0.44,-1.08,0.0,0.0155
0.46,-1.08,0.0,0.012
0.48,-1.08,0.0,0.0093
0.5,-1.08,0.0,0.0072
0.52,-1.08,0.0,0.0056
0.54,-1.08,0.0,0.0043
0.56,-1.08,0.0,0.0033
0.58,-1.08,0.0,0.0026
0.6,-1.08,0.0,0.002
0.62,-1.08,0.0,0.0015
0.64,-1.08,0.0,0.0012
0.66,-1.08,0.0,0.0009
0.68,-1.08,0.0,0.0007
0.7,-1.08,0.0,0.0005
0.72,-1.08,0.0,0.0004
0.74,-1.08,0.0,0.0003
0.76,-1.08,0.0,0.0003
0.78,-1.08,0.0,0.0002
0.8,-1.08,0.0,0.0002
0.82,-1.08,0.0,1e-04
0.84,-1.08,0.0,1e-04
0.86,-1.08,0.0,1e-04
0.88,-1.08,0.0,1e-04
0.9,-1.08,0.0,0.0
0.92,-1.08,0.0,0.0
0.94,-1.08,0.0,0.0
0.96,-1.08,0.0,0.0
0.98,-1.08,0.0,0.0
1.0,-1.08,0.0,0.0
1.02,-1.08,0.0,0.0
1.04,-1.08,0.0,0.0
1.06,-1.08,0.0,0.0
1.08,-1.08,0.0,0.0
1.1,-1.08,0.0,0.0
1.12,-1.08,0.0,0.0
1.14,-1.08,0.0,0.0
1.16,-1.08,0.0,0.0
1.18,-1.08,0.0,0.0
1.2,-1.08,0.0,0.0
1.22,-1.08,0.0,0.0
1.24,-1.08,0.0,0.0
1.26,-1.08,0.0,0.0
1.28,-1.08,0.0,0.0
1.3,-1.08,0.0,0.0
1.32,-1.08,0.0,0.0
1.34,-1.08,0.0,0.0
1.36,-1.08,0.0,0.0
1.38,-1.08,0.0,0.0
1.4,-1.08,0.0,0.0
1.42,-1.08,0.0,0.0
1.44,-1.08,0.0,0.0
1.46,-1.08,0.0,0.0
1.48,-1.08,0.0,0.0
1.5,-1.08,0.0,0.0
1.52,-1.08,0.0,0.0
1.54,-1.08,0.0,0.0
1.56,-1.08,0.0,0.0
1.58,-1.08,0.0,0.0
1.6,-1.08,0.0,0.0
-1.6,-1.06,0.0,0.0
-1.58,-1.06,0.0,0.0
-1.56,-1.06,0.0,0.0
-1.54,-1.06,0.0,0.0
-1.52,-1.06,0.0,0.0
-1.5,-1.06,0.0,0.0
-1.48,-1.06,0.0,0.0
-1.46,-1.06,0.0,0.0
-1.44,-1.06,0.0,0.0
-1.42,-1.06,0.0,0.0
-1.4,-1.06,0.0,0.0
-1.38,-1.06,0.0,0.0
-1.36,-1.06,0.0,0.0
-1.34,-1.06,0.0,0.0
-1.32,-1.06,0.0,0.0
-1.3,-1.06,0.0,0.0
-1.28,-1.06,0.0,0.0
-1.26,-1.06,0.0,0.0
-1.24,-1.06,0.0,0.0
-1.22,-1.06,0.0,0.0
-1.2,-1.06,0.0,0.0
-1.18,-1.06,0.0,0.0
-1.16,-1.06,0.0,0.0
-1.14,-1.06,0.0,0.0
-1.12,-1.06,0.0,0.0
-1.1,-1.06,0.0,0.0
-1.08,-1.06,0.0,0.0
-1.06,-1.06,0.0,0.0
-1.04,-1.06,0.0,0.0
-1.02,-1.06,0.0,0.0
-1.0,-1.06,0.0,0.0
-0.98,-1.06,0.0,0.0
-0.96,-1.06,0.0,0.0
-0.94,-1.06,0.0,0.0
-0.92,-1.06,0.0,0.0
-0.9,-1.06,0.0,0.0
-0.88,-1.06,0.0,0.0
-0.86,-1.06,0.0,0.0
-0.84,-1.06,0.0,0.0
-0.82,-1.06,0.0,0.0
-0.8,-1.06,0.0,0.0
-0.78,-1.06,0.0,0.0
-0.76,-1.06,0.0,0.0
-0.74,-1.06,0.0,0.0
-0.72,-1.06,0.0,0.0
-0.7,-1.06,0.0,0.0
-0.68,-1.06,0.0,0.0
-0.66,-1.06,0.0,1e-04
-0.64,-1.06,0.0,1e-04
-0.62,-1.06,0.0,1e-04
-0.6,-1.06,0.0,1e-04
-0.58,-1.06,0.0,0.0002
-0.56,-1.06,0.0,0.0002
-0.54,-1.06,0.0,0.0003
-0.52,-1.06,0.0,0.0004
-0.5,-1.06,0.0,0.0005
-0.48,-1.06,0.0,0.0006
-0.46,-1.06,0.0,0.0008
-0.44,-1.06,0.0,0.0011
-0.42,-1.06,0.0,0.0014
-0.4,-1.06,0.0,0.0018
-0.38,-1.06,0.0,0.0024
-0.36,-1.06,0.0,0.0031
-0.34,-1.06,0.0,0.004
-0.32,-1.06,0.0,0.0051
-0.3,-1.06,1e-04,0.0067
-0.28,-1.06,1e-04,0.0087
-0.26,-1.06,0.0003,0.0112
-0.24,-1.06,0.0005,0.0145
-0.22,-1.06,0.001,0.0188
-0.2,-1.06,0.0019,0.0243
-0.18,-1.06,0.0031,0.0314
-0.16,-1.06,0.0055,0.0404
-0.14,-1.06,0.0121,0.0515
-0.12,-1.06,0.0264,0.0655
-0.1,-1.06,0.0556,0.0829
-0.08,-1.06,0.1131,0.1044
-0.06,-1.06,0.2158,0.1307
-0.04,-1.06,0.3726,0.1624
-0.02,-1.06,0.5618,0.2
0.0,-1.06,0.7139,0.2439
0.02,-1.06,0.7649,0.2938
0.04,-1.06,0.799,0.3492
0.06,-1.06,0.8263,0.4062
0.08,-1.06,0.7478,0.4427
0.1,-1.06,0.6229,0.472
0.12,-1.06,0.4793,0.5012
0.14,-1.06,0.3389,0.4897
0.16,-1.06,0.2221,0.4271
0.18,-1.06,0.1373,0.3655
0.2,-1.06,0.0814,0.3079
0.22,-1.06,0.047,0.2558
0.24,-1.06,0.0268,0.2098
0.26,-1.06,0.0151,0.1702
0.28,-1.06,0.0085,0.1368
0.3,-1.06,0.0047,0.1091
0.32,-1.06,0.0026,0.0864
0.34,-1.06,0.0015,0.0681
0.36,-1.06,0.0008,0.0534
0.38,-1.06,0.0005,0.0418
0.4,-1.06,0.0003,0.0326
0.42,-1.06,1e-04,0.0254
0.44,-1.06,1e-04,0.0197
0.46,-1.06,0.0,0.0153
0.48,-1.06,0.0,0.0119
0.5,-1.06,0.0,0.0092
0.52,-1.06,0.0,0.0071
0.54,-1.06,0.0,0.0055
0.56,-1.06,0.0,0.0043
0.58,-1.06,0.0,0.0033
0.6,-1.06,0.0,0.0025
0.62,-1.06,0.0,0.002
0.64,-1.06,0.0,0.0015
0.66,-1.06,0.0,0.0012
0.68,-1.06,0.0,0.0009
0.7,-1.06,0.0,0.0007
0.72,-1.06,0.0,0.0005
0.74,-1.06,0.0,0.0004
0.76,-1.06,0.0,0.0003
0.78,-1.06,0.0,0.0002
0.8,-1.06,0.0,0.0002
0.82,-1.06,0.0,1e-04
0.84,-1.06,0.0,1e-04
0.86,-1.06,0.0,1e-04
0.88,-1.06,0.0,1e-04
0.9,-1.06,0.0,1e-04
0.92,-1.06,0.0,0.0
0.94,-1.06,0.0,0.0
0.96,-1.06,0.0,0.0
0.98,-1.06,0.0,0.0
1.0,-1.06,0.0,0.0
1.02,-1.06,0.0,0.0
1.04,-1.06,0.0,0.0
1.06,-1.06,0.0,0.0
1.08,-1.06,0.0,0.0
1.1,-1.06,0.0,0.0
1.12,-1.06,0.0,0.0
1.14,-1.06,0.0,0.0
1.16,-1.06,0.0,0.0
1.18,-1.06,0.0,0.0
1.2,-1.06,0.0,0.0
1.22,-1.06,0.0,0.0
1.24,-1.06,0.0,0.0
1.26,-1.06,0.0,0.0
1.28,-1.06,0.0,0.0
1.3,-1.06,0.0,0.0
1.32,-1.06,0.0,0.0
1.34,-1.06,0.0,0.0
1.36,-1.06,0.0,0.0
1.38,-1.06,0.0,0.0
1.4,-1.06,0.0,0.0
1.42,-1.06,0.0,0.0
1.44,-1.06,0.0,0.0
1.46,-1.06,0.0,0.0
1.48,-1.06,0.0,0.0
1.5,-1.06,0.0,0.0
1.52,-1.06,0.0,0.0
1.54,-1.06,0.0,0.0
1.56,-1.06,0.0,0.0
1.58,-1.06,0.0,0.0
1.6,-1.06,0.0,0.0
-1.6,-1.04,0.0,0.0
-1.58,-1.04,0.0,0.0
-1.56,-1.04,0.0,0.0
-1.54,-1.04,0.0,0.0
-1.52,-1.04,0.0,0.0
-1.5,-1.04,0.0,0.0
-1.48,-1.04,0.0,0.0
-1.46,-1.04,0.0,0.0
-1.44,-1.04,0.0,0.0
-1.42,-1.04,0.0,0.0
-1.4,-1.04,0.0,0.0
-1.38,-1.04,0.0,0.0
-1.36,-1.04,0.0,0.0
-1.34,-1.04,0.0,0.0
-1.32,-1.04,0.0,0.0
-1.3,-1.04,0.0,0.0
-1.28,-1.04,0.0,0.0
-1.26,-1.04,0.0,0.0
-1.24,-1.04,0.0,0.0
-1.22,-1.04,0.0,0.0
-1.2,-1.04,0.0,0.0
-1.18,-1.04,0.0,0.0
-1.16,-1.04,0.0,0.0
-1.14,-1.04,0.0,0.0
-1.12,-1.04,0.0,0.0
-1.1,-1.04,0.0,0.0
-1.08,-1.04,0.0,0.0
-1.06,-1.04,0.0,0.0
-1.04,-1.04,0.0,0.0
-1.02,-1.04,0.0,0.0
-1.0,-1.04,0.0,0.0
-0.98,-1.04,0.0,0.0
-0.96,-1.04,0.0,0.0
-0.94,-1.04,0.0,0.0
-0.92,-1.04,0.0,0.0
-0.9,-1.04,0.0,0.0
-0.88,-1.04,0.0,0.0
-0.86,-1.04,0.0,0.0
-0.84,-1.04,0.0,0.0
-0.82,-1.04,0.0,0.0
-0.8,-1.04,0.0,0.0
-0.78,-1.04,0.0,0.0
-0.76,-1.04,0.0,0.0
-0.74,-1.04,0.0,0.0
-0.72,-1.04,0.0,0.0
-0.7,-1.04,0.0,1e-04
-0.68,-1.04,0.0,1e-04
-0.66,-1.04,0.0,1e-04
-0.64,-1.04,0.0,1e-04
-0.62,-1.04,0.0,0.0002
-0.6,-1.04,0.0,0.0002
-0.58,-1.04,0.0,0.0003
-0.56,-1.04,0.0,0.0003
-0.54,-1.04,0.0,0.0004
-0.52,-1.04,0.0,0.0006
-0.5,-1.04,0.0,0.0007
-0.48,-1.04,0.0,0.0009
-0.46,-1.04,0.0,0.0012
-0.44,-1.04,0.0,0.0016
-0.42,-1.04,0.0,0.0021
-0.4,-1.04,0.0,0.0027
-0.38,-1.04,0.0,0.0035
-0.36,-1.04,0.0,0.0045
-0.34,-1.04,0.0,0.0059
-0.32,-1.04,1e-04,0.0076
-0.3,-1.04,0.0002,0.0099
-0.28,-1.04,0.0003,0.0128
-0.26,-1.04,0.0006,0.0165
-0.24,-1.04,0.0012,0.0214
-0.22,-1.04,0.0022,0.0276
-0.2,-1.04,0.004,0.0356
-0.18,-1.04,0.0066,0.0457
-0.16,-1.04,0.0113,0.0586
-0.14,-1.04,0.025,0.0746
-0.12,-1.04,0.0531,0.0942
-0.1,-1.04,0.1087,0.1182
-0.08,-1.04,0.2094,0.1475
-0.06,-1.04,0.3637,0.1824
-0.04,-1.04,0.5523,0.2235
-0.02,-1.04,0.7269,0.2707
0.0,-1.04,0.8495,0.3237
0.02,-1.04,0.8875,0.3817
0.04,-1.04,0.906,0.4433
0.06,-1.04,0.901,0.5067
0.08,-1.04,0.8354,0.5475
0.1,-1.04,0.7387,0.5766
0.12,-1.04,0.6117,0.6044
0.14,-1.04,0.4674,0.5512
0.16,-1.04,0.3283,0.4875
0.18,-1.04,0.214,0.4236
0.2,-1.04,0.1317,0.3621
0.22,-1.04,0.0779,0.3048
0.24,-1.04,0.0449,0.253
0.26,-1.04,0.0255,0.2074
0.28,-1.04,0.0144,0.1682
0.3,-1.04,0.0081,0.1351
0.32,-1.04,0.0045,0.1077
0.34,-1.04,0.0025,0.0852
0.36,-1.04,0.0014,0.0672
0.38,-1.04,0.0008,0.0527
0.4,-1.04,0.0004,0.0412
0.42,-1.04,0.0002,0.0321
0.44,-1.04,1e-04,0.025
0.46,-1.04,1e-04,0.0194
0.48,-1.04,0.0,0.0151
0.5,-1.04,0.0,0.0117
0.52,-1.04,0.0,0.009
0.54,-1.04,0.0,0.007
0.56,-1.04,0.0,0.0054
0.58,-1.04,0.0,0.0042
0.6,-1.04,0.0,0.0032
0.62,-1.04,0.0,0.0025
0.64,-1.04,0.0,0.0019
0.66,-1.04,0.0,0.0015
0.68,-1.04,0.0,0.0012
0.7,-1.04,0.0,0.0009
0.72,-1.04,0.0,0.0007
0.74,-1.04,0.0,0.0005
0.76,-1.04,0.0,0.0004
0.78,-1.04,0.0,0.0003
0.8,-1.04,0.0,0.0002
0.82,-1.04,0.0,0.0002
0.84,-1.04,0.0,1e-04
0.86,-1.04,0.0,1e-04
0.88,-1.04,0.0,1e-04
0.9,-1.04,0.0,1e-04
0.92,-1.04,0.0,1e-04
0.94,-1.04,0.0,0.0
0.96,-1.04,0.0,0.0
0.98,-1.04,0.0,0.0
1.0,-1.04,0.0,0.0
1.02,-1.04,0.0,0.0
1.04,-1.04,0.0,0.0
1.06,-1.04,0.0,0.0
1.08,-1.04,0.0,0.0
1.1,-1.04,0.0,0.0
1.12,-1.04,0.0,0.0
1.14,-1.04,0.0,0.0
1.16,-1.04,0.0,0.0
1.18,-1.04,0.0,0.0
1.2,-1.04,0.0,0.0
1.22,-1.04,0.0,0.0
1.24,-1.04,0.0,0.0
1.26,-1.04,0.0,0.0
1.28,-1.04,0.0,0.0
1.3,-1.04,0.0,0.0
1.32,-1.04,0.0,0.0
1.34,-1.04,0.0,0.0
1.36,-1.04,0.0,0.0
1.38,-1.04,0.0,0.0
1.4,-1.04,0.0,0.0
1.42,-1.04,0.0,0.0
1.44,-1.04,0.0,0.0
1.46,-1.04,0.0,0.0
1.48,-1.04,0.0,0.0
1.5,-1.04,0.0,0.0
1.52,-1.04,0.0,0.0
1.54,-1.04,0.0,0.0
1.56,-1.04,0.0,0.0
1.58,-1.04,0.0,0.0
1.6,-1.04,0.0,0.0
-1.6,-1.02,0.0,0.0
-1.58,-1.02,0.0,0.0
-1.56,-1.02,0.0,0.0
-1.54,-1.02,0.0,0.0
-1.52,-1.02,0.0,0.0
-1.5,-1.02,0.0,0.0
-1.48,-1.02,0.0,0.0
-1.46,-1.02,0.0,0.0
-1.44,-1.02,0.0,0.0
-1.42,-1.02,0.0,0.0
-1.4,-1.02,0.0,0.0
-1.38,-1.02,0.0,0.0
-1.36,-1.02,0.0,0.0
-1.34,-1.02,0.0,0.0
-1.32,-1.02,0.0,0.0
-1.3,-1.02,0.0,0.0
-1.28,-1.02,0.0,0.0
-1.26,-1.02,0.0,0.0
-1.24,-1.02,0.0,0.0
-1.22,-1.02,0.0,0.0
-1.2,-1.02,0.0,0.0
-1.18,-1.02,0.0,0.0
-1.16,-1.02,0.0,0.0
-1.14,-1.02,0.0,0.0
-1.12,-1.02,0.0,0.0
-1.1,-1.02,0.0,0.0
-1.08,-1.02,0.0,0.0
-1.06,-1.02,0.0,0.0
-1.04,-1.02,0.0,0.0
-1.02,-1.02,0.0,0.0
-1.0,-1.02,0.0,0.0
-0.98,-1.02,0.0,0.0
-0.96,-1.02,0.0,0.0
-0.94,-1.02,0.0,0.0
-0.92,-1.02,0.0,0.0
-0.9,-1.02,0.0,0.0
-0.88,-1.02,0.0,0.0
-0.86,-1.02,0.0,0.0
-0.84,-1.02,0.0,0.0
-0.82,-1.02,0.0,0.0
-0.8,-1.02,0.0,0.0
-0.78,-1.02,0.0,0.0
-0.76,-1.02,0.0,0.0
-0.74,-1.02,0.0,0.0
-0.72,-1.02,0.0,1e-04
-0.7,-1.02,0.0,1e-04
-0.68,-1.02,0.0,1e-04
-0.66,-1.02,0.0,1e-04
-0.64,-1.02,0.0,0.0002
-0.62,-1.02,0.0,0.0002
-0.6,-1.02,0.0,0.0003
-0.58,-1.02,0.0,0.0004
-0.56,-1.02,0.0,0.0005
-0.54,-1.02,0.0,0.0006
-0.52,-1.02,0.0,0.0008
-0.5,-1.02,0.0,0.0011
-0.48,-1.02,0.0,0.0014
-0.46,-1.02,0.0,0.0018
-0.44,-1.02,0.0,0.0023
-0.42,-1.02,0.0,0.003
-0.4,-1.02,0.0,0.004
-0.38,-1.02,0.0,0.0051
-0.36,-1.02,1e-04,0.0067
-0.34,-1.02,1e-04,0.0086
-0.32,-1.02,0.0002,0.0112
-0.3,-1.02,0.0004,0.0145
-0.28,-1.02,0.0007,0.0188
-0.26,-1.02,0.0013,0.0243
-0.24,-1.02,0.0025,0.0313
-0.22,-1.02,0.0048,0.0403
-0.2,-1.02,0.0086,0.0518
-0.18,-1.02,0.0137,0.0663
-0.16,-1.02,0.0234,0.0844
-0.14,-1.02,0.0506,0.1069
-0.12,-1.02,0.1041,0.1337
-0.1,-1.02,0.2017,0.166
-0.08,-1.02,0.3547,0.2043
-0.06,-1.02,0.5427,0.2488
-0.04,-1.02,0.7192,0.2993
-0.02,-1.02,0.8468,0.3552
0.0,-1.02,0.9227,0.4154
0.02,-1.02,0.9499,0.4782
0.04,-1.02,0.9586,0.5417
0.06,-1.02,0.9397,0.6039
0.08,-1.02,0.8968,0.6482
0.1,-1.02,0.8287,0.6747
0.12,-1.02,0.7294,0.668
0.14,-1.02,0.6003,0.6108
0.16,-1.02,0.4555,0.5482
0.18,-1.02,0.3179,0.4838
0.2,-1.02,0.2061,0.42
0.22,-1.02,0.1263,0.3587
0.24,-1.02,0.0745,0.3017
0.26,-1.02,0.0429,0.2503
0.28,-1.02,0.0244,0.205
0.3,-1.02,0.0137,0.1661
0.32,-1.02,0.0077,0.1334
0.34,-1.02,0.0043,0.1063
0.36,-1.02,0.0024,0.0841
0.38,-1.02,0.0013,0.0662
0.4,-1.02,0.0007,0.052
0.42,-1.02,0.0004,0.0406
0.44,-1.02,0.0002,0.0317
0.46,-1.02,1e-04,0.0246
0.48,-1.02,1e-04,0.0191
0.5,-1.02,0.0,0.0149
0.52,-1.02,0.0,0.0115
0.54,-1.02,0.0,0.0089
0.56,-1.02,0.0,0.0069
0.58,-1.02,0.0,0.0053
0.6,-1.02,0.0,0.0041
0.62,-1.02,0.0,0.0032
0.64,-1.02,0.0,0.0025
0.66,-1.02,0.0,0.0019
0.68,-1.02,0.0,0.0015
0.7,-1.02,0.0,0.0011
0.72,-1.02,0.0,0.0009
0.74,-1.02,0.0,0.0007
0.76,-1.02,0.0,0.0005
0.78,-1.02,0.0,0.0004
0.8,-1.02,0.0,0.0003
0.82,-1.02,0.0,0.0002
0.84,-1.02,0.0,0.0002
0.86,-1.02,0.0,1e-04
0.88,-1.02,0.0,1e-04
0.9,-1.02,0.0,1e-04
0.92,-1.02,0.0,1e-04
0.94,-1.02,0.0,1e-04
0.96,-1.02,0.0,0.0
0.98,-1.02,0.0,0.0
1.0,-1.02,0.0,0.0
1.02,-1.02,0.0,0.0
1.04,-1.02,0.0,0.0
1.06,-1.02,0.0,0.0
1.08,-1.02,0.0,0.0
1.1,-1.02,0.0,0.0
1.12,-1.02,0.0,0.0
1.14,-1.02,0.0,0.0
1.16,-1.02,0.0,0.0
1.18,-1.02,0.0,0.0
1.2,-1.02,0.0,0.0
1.22,-1.02,0.0,0.0
1.24,-1.02,0.0,0.0
1.26,-1.02,0.0,0.0
1.28,-1.02,0.0,0.0
1.3,-1.02,0.0,0.0
1.32,-1.02,0.0,0.0
1.34,-1.02,0.0,0.0
1.36,-1.02,0.0,0.0
1.38,-1.02,0.0,0.0
1.4,-1.02,0.0,0.0
1.42,-1.02,0.0,0.0
1.44,-1.02,0.0,0.0
1.46,-1.02,0.0,0.0
1.48,-1.02,0.0,0.0
1.5,-1.02,0.0,0.0
1.52,-1.02,0.0,0.0
1.54,-1.02,0.0,0.0
1.56,-1.02,0.0,0.0
1.58,-1.02,0.0,0.0
1.6,-1.02,0.0,0.0
-1.6,-1.0,0.0,0.0
-1.58,-1.0,0.0,0.0
-1.56,-1.0,0.0,0.0
-1.54,-1.0,0.0,0.0
-1.52,-1.0,0.0,0.0
-1.5,-1.0,0.0,0.0
-1.48,-1.0,0.0,0.0
-1.46,-1.0,0.0,0.0
-1.44,-1.0,0.0,0.0
-1.42,-1.0,0.0,0.0
-1.4,-1.0,0.0,0.0
-1.38,-1.0,0.0,0.0
-1.36,-1.0,0.0,0.0
-1.34,-1.0,0.0,0.0
-1.32,-1.0,0.0,0.0
-1.3,-1.0,0.0,0.0
-1.28,-1.0,0.0,0.0
-1.26,-1.0,0.0,0.0
-1.24,-1.0,0.0,0.0
-1.22,-1.0,0.0,0.0
-1.2,-1.0,0.0,0.0
-1.18,-1.0,0.0,0.0
-1.16,-1.0,0.0,0.0
-1.14,-1.0,0.0,0.0
-1.12,-1.0,0.0,0.0
-1.1,-1.0,0.0,0.0
-1.08,-1.0,0.0,0.0
-1.06,-1.0,0.0,0.0
-1.04,-1.0,0.0,0.0
-1.02,-1.0,0.0,0.0
-1.0,-1.0,0.0,0.0
-0.98,-1.0,0.0,0.0
-0.96,-1.0,0.0,0.0
-0.94,-1.0,0.0,0.0
-0.92,-1.0,0.0,0.0
-0.9,-1.0,0.0,0.0
-0.88,-1.0,0.0,0.0
-0.86,-1.0,0.0,0.0
-0.84,-1.0,0.0,0.0
-0.82,-1.0,0.0,0.0
-0.8,-1.0,0.0,0.0
-0.78,-1.0,0.0,0.0
-0.76,-1.0,0.0,1e-04
-0.74,-1.0,0.0,1e-04
-0.72,-1.0,0.0,1e-04
-0.7,-1.0,0.0,1e-04
-0.68,-1.0,0.0,0.0002
-0.66,-1.0,0.0,0.0002
-0.64,-1.0,0.0,0.0003
-0.62,-1.0,0.0,0.0003
-0.6,-1.0,0.0,0.0004
-0.58,-1.0,0.0,0.0006
-0.56,-1.0,0.0,0.0007
-0.54,-1.0,0.0,0.0009
-0.52,-1.0,0.0,0.0012
-0.5,-1.0,0.0,0.0016
-0.48,-1.0,0.0,0.0021
-0.46,-1.0,0.0,0.0027
-0.44,-1.0,0.0,0.0035
-0.42,-1.0,0.0,0.0045
-0.4,-1.0,0.0,0.0059
-0.38,-1.0,1e-04,0.0076
-0.36,-1.0,1e-04,0.0098
-0.34,-1.0,0.0002,0.0128
-0.32,-1.0,0.0004,0.0165
-0.3,-1.0,0.0008,0.0213
-0.28,-1.0,0.0016,0.0276
-0.26,-1.0,0.0029,0.0355
-0.24,-1.0,0.0055,0.0457
-0.22,-1.0,0.0104,0.0586
-0.2,-1.0,0.0183,0.0748
-0.18,-1.0,0.0284,0.0951
-0.16,-1.0,0.0473,0.1201
-0.14,-1.0,0.0996,0.1507
-0.12,-1.0,0.194,0.1864
-0.1,-1.0,0.3436,0.2281
-0.08,-1.0,0.5324,0.2759
-0.06,-1.0,0.7114,0.3295
-0.04,-1.0,0.8417,0.388
-0.02,-1.0,0.9199,0.4499
0.0,-1.0,0.9612,0.5133
0.02,-1.0,0.9782,0.5763
0.04,-1.0,0.9795,0.637
0.06,-1.0,0.9639,0.6935
0.08,-1.0,0.937,0.7372
0.1,-1.0,0.8923,0.7596
0.12,-1.0,0.8219,0.7205
0.14,-1.0,0.7199,0.667
0.16,-1.0,0.5888,0.6075
0.18,-1.0,0.4437,0.5446
0.2,-1.0,0.3076,0.4802
0.22,-1.0,0.1984,0.4164
0.24,-1.0,0.1212,0.3554
0.26,-1.0,0.0713,0.2987
0.28,-1.0,0.041,0.2476
0.3,-1.0,0.0233,0.2026
0.32,-1.0,0.0131,0.1641
0.34,-1.0,0.0073,0.1317
0.36,-1.0,0.0041,0.1049
0.38,-1.0,0.0023,0.083
0.4,-1.0,0.0013,0.0654
0.42,-1.0,0.0007,0.0512
0.44,-1.0,0.0004,0.0401
0.46,-1.0,0.0002,0.0312
0.48,-1.0,1e-04,0.0243
0.5,-1.0,1e-04,0.0189
0.52,-1.0,0.0,0.0146
0.54,-1.0,0.0,0.0113
0.56,-1.0,0.0,0.0088
0.58,-1.0,0.0,0.0068
0.6,-1.0,0.0,0.0053
0.62,-1.0,0.0,0.0041
0.64,-1.0,0.0,0.0031
0.66,-1.0,0.0,0.0024
0.68,-1.0,0.0,0.0019
0.7,-1.0,0.0,0.0015
0.72,-1.0,0.0,0.0011
0.74,-1.0,0.0,0.0009
0.76,-1.0,0.0,0.0007
0.78,-1.0,0.0,0.0005
0.8,-1.0,0.0,0.0004
0.82,-1.0,0.0,0.0003
0.84,-1.0,0.0,0.0002
0.86,-1.0,0.0,0.0002
0.88,-1.0,0.0,1e-04
0.9,-1.0,0.0,1e-04
0.92,-1.0,0.0,1e-04
0.94,-1.0,0.0,1e-04
0.96,-1.0,0.0,1e-04
0.98,-1.0,0.0,0.0
1.0,-1.0,0.0,0.0
1.02,-1.0,0.0,0.0
1.04,-1.0,0.0,0.0
1.06,-1.0,0.0,0.0
1.08,-1.0,0.0,0.0
1.1,-1.0,0.0,0.0
1.12,-1.0,0.0,0.0
1.14,-1.0,0.0,0.0
1.16,-1.0,0.0,0.0
1.18,-1.0,0.0,0.0
1.2,-1.0,0.0,0.0
1.22,-1.0,0.0,0.0
1.24,-1.0,0.0,0.0
1.26,-1.0,0.0,0.0
1.28,-1.0,0.0,0.0
1.3,-1.0,0.0,0.0
1.32,-1.0,0.0,0.0
1.34,-1.0,0.0,0.0
1.36,-1.0,0.0,0.0
1.38,-1.0,0.0,0.0
1.4,-1.0,0.0,0.0
1.42,-1.0,0.0,0.0
1.44,-1.0,0.0,0.0
1.46,-1.0,0.0,0.0
1.48,-1.0,0.0,0.0
1.5,-1.0,0.0,0.0
1.52,-1.0,0.0,0.0
1.54,-1.0,0.0,0.0
1.56,-1.0,0.0,0.0
1.58,-1.0,0.0,0.0
1.6,-1.0,0.0,0.0
-1.6,-0.98,0.0,0.0
-1.58,-0.98,0.0,0.0
-1.56,-0.98,0.0,0.0
-1.54,-0.98,0.0,0.0
-1.52,-0.98,0.0,0.0
-1.5,-0.98,0.0,0.0
-1.48,-0.98,0.0,0.0
-1.46,-0.98,0.0,0.0
-1.44,-0.98,0.0,0.0
-1.42,-0.98,0.0,0.0
-1.4,-0.98,0.0,0.0
-1.38,-0.98,0.0,0.0
-1.36,-0.98,0.0,0.0
-1.34,-0.98,0.0,0.0
-1.32,-0.98,0.0,0.0
-1.3,-0.98,0.0,0.0
-1.28,-0.98,0.0,0.0
-1.26,-0.98,0.0,0.0
-1.24,-0.98,0.0,0.0
-1.22,-0.98,0.0,0.0
-1.2,-0.98,0.0,0.0
-1.18,-0.98,0.0,0.0
-1.16,-0.98,0.0,0.0
-1.14,-0.98,0.0,0.0
-1.12,-0.98,0.0,0.0
-1.1,-0.98,0.0,0.0
-1.08,-0.98,0.0,0.0
-1.06,-0.98,0.0,0.0
-1.04,-0.98,0.0,0.0
-1.02,-0.98,0.0,0.0
-1.0,-0.98,0.0,0.0
-0.98,-0.98,0.0,0.0
-0.96,-0.98,0.0,0.0
-0.94,-0.98,0.0,0.0
-0.92,-0.98,0.0,0.0
-0.9,-0.98,0.0,0.0
-0.88,-0.98,0.0,0.0
-0.86,-0.98,0.0,0.0
-0.84,-0.98,0.0,0.0
-0.82,-0.98,0.0,0.0
-0.8,-0.98,0.0,0.0
-0.78,-0.98,0.0,1e-04
-0.76,-0.98,0.0,1e-04
-0.74,-0.98,0.0,1e-04
-0.72,-0.98,0.0,1e-04
-0.7,-0.98,0.0,0.0002
-0.68,-0.98,0.0,0.0002
-0.66,-0.98,0.0,0.0003
-0.64,-0.98,0.0,0.0004
-0.62,-0.98,0.0,0.0005
-0.6,-0.98,0.0,0.0006
-0.58,-0.98,0.0,0.0008
-0.56,-0.98,0.0,0.0011
-0.54,-0.98,0.0,0.0014
-0.52,-0.98,0.0,0.0018
-0.5,-0.98,0.0,0.0023
-0.48,-0.98,0.0,0.003
-0.46,-0.98,0.0,0.004
-0.44,-0.98,0.0,0.0051
-0.42,-0.98,0.0,0.0067
-0.4,-0.98,1e-04,0.0086
-0.38,-0.98,1e-04,0.0112
-0.36,-0.98,0.0003,0.0145
-0.34,-0.98,0.0005,0.0188
-0.32,-0.98,0.001,0.0242
-0.3,-0.98,0.0018,0.0313
-0.28,-0.98,0.0034,0.0403
-0.26,-0.98,0.0064,0.0517
-0.24,-0.98,0.012,0.0662
-0.22,-0.98,0.0224,0.0843
-0.2,-0.98,0.0382,0.1069
-0.18,-0.98,0.0578,0.1346
-0.16,-0.98,0.0934,0.1681
-0.14,-0.98,0.1865,0.208
-0.12,-0.98,0.3327,0.2537
-0.1,-0.98,0.5202,0.3048
-0.08,-0.98,0.7022,0.3613
-0.06,-0.98,0.8365,0.4218
-0.04,-0.98,0.917,0.4848
-0.02,-0.98,0.9597,0.5483
0.0,-0.98,0.9809,0.6102
0.02,-0.98,0.9904,0.6688
0.04,-0.98,0.988,0.7226
0.06,-0.98,0.9786,0.7706
0.08,-0.98,0.9622,0.8101
0.1,-0.98,0.9341,0.8084
0.12,-0.98,0.8876,0.7674
0.14,-0.98,0.8148,0.7188
0.16,-0.98,0.7102,0.6638
0.18,-0.98,0.5772,0.6041
0.2,-0.98,0.4319,0.541
0.22,-0.98,0.2975,0.4766
0.24,-0.98,0.1909,0.4129
0.26,-0.98,0.1162,0.352
0.28,-0.98,0.0682,0.2956
0.3,-0.98,0.0392,0.2448
0.32,-0.98,0.0222,0.2003
0.34,-0.98,0.0125,0.1621
0.36,-0.98,0.007,0.13
0.38,-0.98,0.0039,0.1035
0.4,-0.98,0.0022,0.0819
0.42,-0.98,0.0012,0.0645
0.44,-0.98,0.0007,0.0505
0.46,-0.98,0.0004,0.0395
0.48,-0.98,0.0002,0.0308
0.5,-0.98,1e-04,0.024
0.52,-0.98,1e-04,0.0186
0.54,-0.98,0.0,0.0144
0.56,-0.98,0.0,0.0112
0.58,-0.98,0.0,0.0087
0.6,-0.98,0.0,0.0067
0.62,-0.98,0.0,0.0052
0.64,-0.98,0.0,0.004
0.66,-0.98,0.0,0.0031
0.68,-0.98,0.0,0.0024
0.7,-0.98,0.0,0.0019
0.72,-0.98,0.0,0.0014
0.74,-0.98,0.0,0.0011
0.76,-0.98,0.0,0.0009
0.78,-0.98,0.0,0.0007
0.8,-0.98,0.0,0.0005
0.82,-0.98,0.0,0.0004
0.84,-0.98,0.0,0.0003
0.86,-0.98,0.0,0.0002
0.88,-0.98,0.0,0.0002
0.9,-0.98,0.0,1e-04
0.92,-0.98,0.0,1e-04
0.94,-0.98,0.0,1e-04
0.96,-0.98,0.0,1e-04
0.98,-0.98,0.0,1e-04
1.0,-0.98,0.0,0.0
1.02,-0.98,0.0,0.0
1.04,-0.98,0.0,0.0
1.06,-0.98,0.0,0.0
1.08,-0.98,0.0,0.0
1.1,-0.98,0.0,0.0
1.12,-0.98,0.0,0.0
1.14,-0.98,0.0,0.0
1.16,-0.98,0.0,0.0
1.18,-0.98,0.0,0.0
1.2,-0.98,0.0,0.0
1.22,-0.98,0.0,0.0
1.24,-0.98,0.0,0.0
1.26,-0.98,0.0,0.0
1.28,-0.98,0.0,0.0
1.3,-0.98,0.0,0.0
1.32,-0.98,0.0,0.0
1.34,-0.98,0.0,0.0
1.36,-0.98,0.0,0.0
1.38,-0.98,0.0,0.0
1.4,-0.98,0.0,0.0
1.42,-0.98,0.0,0.0
1.44,-0.98,0.0,0.0
1.46,-0.98,0.0,0.0
1.48,-0.98,0.0,0.0
1.5,-0.98,0.0,0.0
1.52,-0.98,0.0,0.0
1.54,-0.98,0.0,0.0
1.56,-0.98,0.0,0.0
1.58,-0.98,0.0,0.0
1.6,-0.98,0.0,0.0
-1.6,-0.96,0.0,0.0
-1.58,-0.96,0.0,0.0
-1.56,-0.96,0.0,0.0
-1.54,-0.96,0.0,0.0
-1.52,-0.96,0.0,0.0
-1.5,-0.96,0.0,0.0
-1.48,-0.96,0.0,0.0
-1.46,-0.96,0.0,0.0
-1.44,-0.96,0.0,0.0
-1.42,-0.96,0.0,0.0
-1.4,-0.96,0.0,0.0
-1.38,-0.96,0.0,0.0
-1.36,-0.96,0.0,0.0
-1.34,-0.96,0.0,0.0
-1.32,-0.96,0.0,0.0
-1.3,-0.96,0.0,0.0
-1.28,-0.96,0.0,0.0
-1.26,-0.96,0.0,0.0
-1.24,-0.96,0.0,0.0
-1.22,-0.96,0.0,0.0
-1.2,-0.96,0.0,0.0
-1.18,-0.96,0.0,0.0
-1.16,-0.96,0.0,0.0
-1.14,-0.96,0.0,0.0
-1.12,-0.96,0.0,0.0
-1.1,-0.96,0.0,0.0
-1.08,-0.96,0.0,0.0
-1.06,-0.96,0.0,0.0
-1.04,-0.96,0.0,0.0
-1.02,-0.96,0.0,0.0
-1.0,-0.96,0.0,0.0
-0.98,-0.96,0.0,0.0
-0.96,-0.96,0.0,0.0
-0.94,-0.96,0.0,0.0
-0.92,-0.96,0.0,0.0
-0.9,-0.96,0.0,0.0
-0.88,-0.96,0.0,0.0
-0.86,-0.96,0.0,0.0
-0.84,-0.96,0.0,0.0
-0.82,-0.96,0.0,1e-04
-0.8,-0.96,0.0,1e-04
-0.78,-0.96,0.0,1e-04
-0.76,-0.96,0.0,1e-04
-0.74,-0.96,0.0,0.0002
-0.72,-0.96,0.0,0.0002
-0.7,-0.96,0.0,0.0003
-0.68,-0.96,0.0,0.0003
-0.66,-0.96,0.0,0.0004
-0.64,-0.96,0.0,0.0006
-0.62,-0.96,0.0,0.0007
-0.6,-0.96,0.0,0.0009
-0.58,-0.96,0.0,0.0012
-0.56,-0.96,0.0,0.0016
-0.54,-0.96,0.0,0.0021
-0.52,-0.96,0.0,0.0027
-0.5,-0.96,0.0,0.0035
-0.48,-0.96,0.0,0.0045
-0.46,-0.96,0.0,0.0058
-0.44,-0.96,0.0,0.0076
-0.42,-0.96,1e-04,0.0098
-0.4,-0.96,0.0002,0.0127
-0.38,-0.96,0.0003,0.0165
-0.36,-0.96,0.0006,0.0213
-0.34,-0.96,0.0011,0.0275
-0.32,-0.96,0.0021,0.0355
-0.3,-0.96,0.004,0.0456
-0.28,-0.96,0.0074,0.0585
-0.26,-0.96,0.014,0.0747
-0.24,-0.96,0.0261,0.0949
-0.22,-0.96,0.0476,0.1199
-0.2,-0.96,0.0777,0.1505
-0.18,-0.96,0.114,0.1871
-0.16,-0.96,0.176,0.2302
-0.14,-0.96,0.3218,0.2799
-0.12,-0.96,0.5081,0.3354
-0.1,-0.96,0.6919,0.3943
-0.08,-0.96,0.8301,0.4564
-0.06,-0.96,0.914,0.5199
-0.04,-0.96,0.9582,0.5828
-0.02,-0.96,0.9802,0.643
0.0,-0.96,0.9907,0.6991
0.02,-0.96,0.9952,0.7498
0.04,-0.96,0.9929,0.7945
0.06,-0.96,0.9874,0.8329
0.08,-0.96,0.9776,0.8654
0.1,-0.96,0.9604,0.8439
0.12,-0.96,0.9311,0.8083
0.14,-0.96,0.8827,0.7653
0.16,-0.96,0.8075,0.7159
0.18,-0.96,0.7002,0.6606
0.2,-0.96,0.5655,0.6006
0.22,-0.96,0.4203,0.5373
0.24,-0.96,0.2876,0.4729
0.26,-0.96,0.1836,0.4094
0.28,-0.96,0.1114,0.3487
0.3,-0.96,0.0652,0.2926
0.32,-0.96,0.0374,0.2421
0.34,-0.96,0.0212,0.198
0.36,-0.96,0.0119,0.1601
0.38,-0.96,0.0067,0.1284
0.4,-0.96,0.0037,0.1022
0.42,-0.96,0.0021,0.0808
0.44,-0.96,0.0012,0.0636
0.46,-0.96,0.0006,0.0498
0.48,-0.96,0.0004,0.0389
0.5,-0.96,0.0002,0.0304
0.52,-0.96,1e-04,0.0236
0.54,-0.96,1e-04,0.0183
0.56,-0.96,0.0,0.0142
0.58,-0.96,0.0,0.011
0.6,-0.96,0.0,0.0085
0.62,-0.96,0.0,0.0066
0.64,-0.96,0.0,0.0051
0.66,-0.96,0.0,0.004
0.68,-0.96,0.0,0.0031
0.7,-0.96,0.0,0.0024
0.72,-0.96,0.0,0.0018
0.74,-0.96,0.0,0.0014
0.76,-0.96,0.0,0.0011
0.78,-0.96,0.0,0.0008
0.8,-0.96,0.0,0.0007
0.82,-0.96,0.0,0.0005
0.84,-0.96,0.0,0.0004
0.86,-0.96,0.0,0.0003
0.88,-0.96,0.0,0.0002
0.9,-0.96,0.0,0.0002
0.92,-0.96,0.0,1e-04
0.94,-0.96,0.0,1e-04
0.96,-0.96,0.0,1e-04
0.98,-0.96,0.0,1e-04
1.0,-0.96,0.0,1e-04
1.02,-0.96,0.0,0.0
1.04,-0.96,0.0,0.0
1.06,-0.96,0.0,0.0
1.08,-0.96,0.0,0.0
1.1,-0.96,0.0,0.0
1.12,-0.96,0.0,0.0
1.14,-0.96,0.0,0.0
1.16,-0.96,0.0,0.0
1.18,-0.96,0.0,0.0
1.2,-0.96,0.0,0.0
1.22,-0.96,0.0,0.0
1.24,-0.96,0.0,0.0
1.26,-0.96,0.0,0.0
1.28,-0.96,0.0,0.0
1.3,-0.96,0.0,0.0
1.32,-0.96,0.0,0.0
1.34,-0.96,0.0,0.0
1.36,-0.96,0.0,0.0
1.38,-0.96,0.0,0.0
1.4,-0.96,0.0,0.0
1.42,-0.96,0.0,0.0
1.44,-0.96,0.0,0.0
1.46,-0.96,0.0,0.0
1.48,-0.96,0.0,0.0
1.5,-0.96,0.0,0.0
1.52,-0.96,0.0,0.0
1.54,-0.96,0.0,0.0
1.56,-0.96,0.0,0.0
1.58,-0.96,0.0,0.0
1.6,-0.96,0.0,0.0
-1.6,-0.94,0.0,0.0
-1.58,-0.94,0.0,0.0
-1.56,-0.94,0.0,0.0
-1.54,-0.94,0.0,0.0
-1.52,-0.94,0.0,0.0
-1.5,-0.94,0.0,0.0
-1.48,-0.94,0.0,0.0
-1.46,-0.94,0.0,0.0
-1.44,-0.94,0.0,0.0
-1.42,-0.94,0.0,0.0
-1.4,-0.94,0.0,0.0
-1.38,-0.94,0.0,0.0
-1.36,-0.94,0.0,0.0
-1.34,-0.94,0.0,0.0
-1.32,-0.94,0.0,0.0
-1.3,-0.94,0.0,0.0
-1.28,-0.94,0.0,0.0
-1.26,-0.94,0.0,0.0
-1.24,-0.94,0.0,0.0
-1.22,-0.94,0.0,0.0
-1.2,-0.94,0.0,0.0
-1.18,-0.94,0.0,0.0
-1.16,-0.94,0.0,0.0
-1.14,-0.94,0.0,0.0
-1.12,-0.94,0.0,0.0
-1.1,-0.94,0.0,0.0
-1.08,-0.94,0.0,0.0
-1.06,-0.94,0.0,0.0
-1.04,-0.94,0.0,0.0
-1.02,-0.94,0.0,0.0
-1.0,-0.94,0.0,0.0
-0.98,-0.94,0.0,0.0
-0.96,-0.94,0.0,0.0
-0.94,-0.94,0.0,0.0
-0.92,-0.94,0.0,0.0
-0.9,-0.94,0.0,0.0
-0.88,-0.94,0.0,0.0
-0.86,-0.94,0.0,0.0
-0.84,-0.94,0.0,1e-04
-0.82,-0.94,0.0,1e-04
-0.8,-0.94,0.0,1e-04
-0.78,-0.94,0.0,1e-04
-0.76,-0.94,0.0,0.0002
-0.74,-0.94,0.0,0.0002
-0.72,-0.94,0.0,0.0003
-0.7,-0.94,0.0,0.0004
-0.68,-0.94,0.0,0.0005
-0.66,-0.94,0.0,0.0006
-0.64,-0.94,0.0,0.0008
-0.62,-0.94,0.0,0.0011
-0.6,-0.94,0.0,0.0014
-0.58,-0.94,0.0,0.0018
-0.56,-0.94,0.0,0.0023
-0.54,-0.94,0.0,0.003
-0.52,-0.94,0.0,0.0039
-0.5,-0.94,0.0,0.0051
-0.48,-0.94,0.0,0.0066
-0.46,-0.94,1e-04,0.0086
-0.44,-0.94,1e-04,0.0112
-0.42,-0.94,0.0002,0.0145
-0.4,-0.94,0.0004,0.0187
-0.38,-0.94,0.0007,0.0242
-0.36,-0.94,0.0013,0.0312
-0.34,-0.94,0.0024,0.0402
-0.32,-0.94,0.0046,0.0516
-0.3,-0.94,0.0086,0.0661
-0.28,-0.94,0.0162,0.0842
-0.26,-0.94,0.0301,0.1067
-0.24,-0.94,0.0555,0.1344
-0.22,-0.94,0.0977,0.1679
-0.2,-0.94,0.1511,0.2077
-0.18,-0.94,0.2125,0.2541
-0.16,-0.94,0.307,0.3069
-0.14,-0.94,0.4947,0.3652
-0.12,-0.94,0.6815,0.4278
-0.1,-0.94,0.8231,0.4914
-0.08,-0.94,0.9101,0.5548
-0.06,-0.94,0.9565,0.6165
-0.04,-0.94,0.9794,0.6746
-0.02,-0.94,0.9904,0.7278
0.0,-0.94,0.9955,0.7752
0.02,-0.94,0.9968,0.8165
0.04,-0.94,0.9958,0.8516
0.06,-0.94,0.9926,0.881
0.08,-0.94,0.9868,0.8947
0.1,-0.94,0.9765,0.8738
0.12,-0.94,0.9586,0.8433
0.14,-0.94,0.928,0.8062
0.16,-0.94,0.8777,0.7627
0.18,-0.94,0.7999,0.7129
0.2,-0.94,0.6901,0.6573
0.22,-0.94,0.5537,0.597
0.24,-0.94,0.4087,0.5337
0.26,-0.94,0.278,0.4693
0.28,-0.94,0.1766,0.4058
0.3,-0.94,0.1067,0.3454
0.32,-0.94,0.0624,0.2896
0.34,-0.94,0.0357,0.2395
0.36,-0.94,0.0202,0.1957
0.38,-0.94,0.0114,0.1582
0.4,-0.94,0.0064,0.1268
0.42,-0.94,0.0036,0.1008
0.44,-0.94,0.002,0.0797
0.46,-0.94,0.0011,0.0627
0.48,-0.94,0.0006,0.0492
0.5,-0.94,0.0003,0.0384
0.52,-0.94,0.0002,0.0299
0.54,-0.94,1e-04,0.0233
0.56,-0.94,1e-04,0.0181
0.58,-0.94,0.0,0.014
0.6,-0.94,0.0,0.0109
0.62,-0.94,0.0,0.0084
0.64,-0.94,0.0,0.0065
0.66,-0.94,0.0,0.005
0.68,-0.94,0.0,0.0039
0.7,-0.94,0.0,0.003
0.72,-0.94,0.0,0.0023
0.74,-0.94,0.0,0.0018
0.76,-0.94,0.0,0.0014
0.78,-0.94,0.0,0.0011
0.8,-0.94,0.0,0.0008
0.82,-0.94,0.0,0.0006
0.84,-0.94,0.0,0.0005
0.86,-0.94,0.0,0.0004
0.88,-0.94,0.0,0.0003
0.9,-0.94,0.0,0.0002
0.92,-0.94,0.0,0.0002
0.94,-0.94,0.0,1e-04
0.96,-0.94,0.0,1e-04
0.98,-0.94,0.0,1e-04
1.0,-0.94,0.0,1e-04
1.02,-0.94,0.0,0.0
1.04,-0.94,0.0,0.0
1.06,-0.94,0.0,0.0
1.08,-0.94,0.0,0.0
1.1,-0.94,0.0,0.0
1.12,-0.94,0.0,0.0
1.14,-0.94,0.0,0.0
1.16,-0.94,0.0,0.0
1.18,-0.94,0.0,0.0
1.2,-0.94,0.0,0.0
1.22,-0.94,0.0,0.0
1.24,-0.94,0.0,0.0
1.26,-0.94,0.0,0.0
1.28,-0.94,0.0,0.0
1.3,-0.94,0.0,0.0
1.32,-0.94,0.0,0.0
1.34,-0.94,0.0,0.0
1.36,-0.94,0.0,0.0
1.38,-0.94,0.0,0.0
1.4,-0.94,0.0,0.0
1.42,-0.94,0.0,0.0
1.44,-0.94,0.0,0.0
1.46,-0.94,0.0,0.0
1.48,-0.94,0.0,0.0
1.5,-0.94,0.0,0.0
1.52,-0.94,0.0,0.0
1.54,-0.94,0.0,0.0
1.56,-0.94,0.0,0.0
1.58,-0.94,0.0,0.0
1.6,-0.94,0.0,0.0
-1.6,-0.92,0.0,0.0
-1.58,-0.92,0.0,0.0
-1.56,-0.92,0.0,0.0
-1.54,-0.92,0.0,0.0
-1.52,-0.92,0.0,0.0
-1.5,-0.92,0.0,0.0
-1.48,-0.92,0.0,0.0
-1.46,-0.92,0.0,0.0
-1.44,-0.92,0.0,0.0
-1.42,-0.92,0.0,0.0
-1.4,-0.92,0.0,0.0
-1.38,-0.92,0.0,0.0
-1.36,-0.92,0.0,0.0
-1.34,-0.92,0.0,0.0
-1.32,-0.92,0.0,0.0
-1.3,-0.92,0.0,0.0
-1.28,-0.92,0.0,0.0
-1.26,-0.92,0.0,0.0
-1.24,-0.92,0.0,0.0
-1.22,-0.92,0.0,0.0
-1.2,-0.92,0.0,0.0
-1.18,-0.92,0.0,0.0
-1.16,-0.92,0.0,0.0
-1.14,-0.92,0.0,0.0
-1.12,-0.92,0.0,0.0
-1.1,-0.92,0.0,0.0
-1.08,-0.92,0.0,0.0
-1.06,-0.92,0.0,0.0
-1.04,-0.92,0.0,0.0
-1.02,-0.92,0.0,0.0
-1.0,-0.92,0.0,0.0
-0.98,-0.92,0.0,0.0
-0.96,-0.92,0.0,0.0
-0.94,-0.92,0.0,0.0
-0.92,-0.92,0.0,0.0
-0.9,-0.92,0.0,0.0
-0.88,-0.92,0.0,1e-04
-0.86,-0.92,0.0,1e-04
-0.84,-0.92,0.0,1e-04
-0.82,-0.92,0.0,1e-04
-0.8,-0.92,0.0,0.0002
-0.78,-0.92,0.0,0.0002
-0.76,-0.92,0.0,0.0003
-0.74,-0.92,0.0,0.0003
-0.72,-0.92,0.0,0.0004
-0.7,-0.92,0.0,0.0006
-0.68,-0.92,0.0,0.0007
-0.66,-0.92,0.0,0.0009
-0.64,-0.92,0.0,0.0012
-0.62,-0.92,0.0,0.0016
-0.6,-0.92,0.0,0.0021
-0.58,-0.92,0.0,0.0027
-0.56,-0.92,0.0,0.0035
-0.54,-0.92,0.0,0.0045
-0.52,-0.92,0.0,0.0058
-0.5,-0.92,0.0,0.0076
-0.48,-0.92,1e-04,0.0098
-0.46,-0.92,1e-04,0.0127
-0.44,-0.92,0.0002,0.0165
-0.42,-0.92,0.0004,0.0213
-0.4,-0.92,0.0008,0.0275
-0.38,-0.92,0.0015,0.0354
-0.36,-0.92,0.0028,0.0455
-0.34,-0.92,0.0053,0.0584
-0.32,-0.92,0.01,0.0746
-0.3,-0.92,0.0188,0.0948
-0.28,-0.92,0.0348,0.1198
-0.26,-0.92,0.0639,0.1503
-0.24,-0.92,0.1141,0.1869
-0.22,-0.92,0.1893,0.23
-0.2,-0.92,0.2729,0.2796
-0.18,-0.92,0.3609,0.3352
-0.16,-0.92,0.4787,0.3959
-0.14,-0.92,0.6689,0.4599
-0.12,-0.92,0.8159,0.5253
-0.1,-0.92,0.906,0.5892
-0.08,-0.92,0.9545,0.6491
-0.06,-0.92,0.9785,0.7046
-0.04,-0.92,0.99,0.7547
-0.02,-0.92,0.9953,0.7988
0.0,-0.92,0.9977,0.8366
0.02,-0.92,0.9978,0.8685
0.04,-0.92,0.9975,0.8949
0.06,-0.92,0.9957,0.9166
0.08,-0.92,0.9922,0.9139
0.1,-0.92,0.9861,0.8986
0.12,-0.92,0.9754,0.8729
0.14,-0.92,0.9566,0.8415
0.16,-0.92,0.9247,0.8039
0.18,-0.92,0.8725,0.76
0.2,-0.92,0.7922,0.7099
0.22,-0.92,0.6798,0.654
0.24,-0.92,0.5419,0.5935
0.26,-0.92,0.3972,0.5301
0.28,-0.92,0.2685,0.4656
0.3,-0.92,0.1697,0.4023
0.32,-0.92,0.1022,0.3421
0.34,-0.92,0.0597,0.2866
0.36,-0.92,0.0341,0.2368
0.38,-0.92,0.0193,0.1934
0.4,-0.92,0.0108,0.1563
0.42,-0.92,0.0061,0.1252
0.44,-0.92,0.0034,0.0995
0.46,-0.92,0.0019,0.0787
0.48,-0.92,0.0011,0.0619
0.5,-0.92,0.0006,0.0485
0.52,-0.92,0.0003,0.0379
0.54,-0.92,0.0002,0.0295
0.56,-0.92,1e-04,0.0229
0.58,-0.92,1e-04,0.0178
0.6,-0.92,0.0,0.0138
0.62,-0.92,0.0,0.0107
0.64,-0.92,0.0,0.0083
0.66,-0.92,0.0,0.0064
0.68,-0.92,0.0,0.005
0.7,-0.92,0.0,0.0039
0.72,-0.92,0.0,0.003
0.74,-0.92,0.0,0.0023
0.76,-0.92,0.0,0.0018
0.78,-0.92,0.0,0.0014
0.8,-0.92,0.0,0.0011
0.82,-0.92,0.0,0.0008
0.84,-0.92,0.0,0.0006
0.86,-0.92,0.0,0.0005
0.88,-0.92,0.0,0.0004
0.9,-0.92,0.0,0.0003
0.92,-0.92,0.0,0.0002
0.94,-0.92,0.0,0.0002
0.96,-0.92,0.0,1e-04
0.98,-0.92,0.0,1e-04
1.0,-0.92,0.0,1e-04
1.02,-0.92,0.0,1e-04
1.04,-0.92,0.0,0.0
1.06,-0.92,0.0,0.0
1.08,-0.92,0.0,0.0
1.1,-0.92,0.0,0.0
1.12,-0.92,0.0,0.0
1.14,-0.92,0.0,0.0
1.16,-0.92,0.0,0.0
1.18,-0.92,0.0,0.0
1.2,-0.92,0.0,0.0
1.22,-0.92,0.0,0.0
1.24,-0.92,0.0,0.0
1.26,-0.92,0.0,0.0
1.28,-0.92,0.0,0.0
1.3,-0.92,0.0,0.0
1.32,-0.92,0.0,0.0
1.34,-0.92,0.0,0.0
1.36,-0.92,0.0,0.0
1.38,-0.92,0.0,0.0
1.4,-0.92,0.0,0.0
1.42,-0.92,0.0,0.0
1.44,-0.92,0.0,0.0
1.46,-0.92,0.0,0.0
1.48,-0.92,0.0,0.0
1.5,-0.92,0.0,0.0
1.52,-0.92,0.0,0.0
1.54,-0.92,0.0,0.0
1.56,-0.92,0.0,0.0
1.58,-0.92,0.0,0.0
1.6,-0.92,0.0,0.0
-1.6,-0.9,0.0,0.0
-1.58,-0.9,0.0,0.0
-1.56,-0.9,0.0,0.0
-1.54,-0.9,0.0,0.0
-1.52,-0.9,0.0,0.0
-1.5,-0.9,0.0,0.0
-1.48,-0.9,0.0,0.0
-1.46,-0.9,0.0,0.0
-1.44,-0.9,0.0,0.0
-1.42,-0.9,0.0,0.0
-1.4,-0.9,0.0,0.0
-1.38,-0.9,0.0,0.0
-1.36,-0.9,0.0,0.0
-1.34,-0.9,0.0,0.0
-1.32,-0.9,0.0,0.0
-1.3,-0.9,0.0,0.0
-1.28,-0.9,0.0,0.0
-1.26,-0.9,0.0,0.0
-1.24,-0.9,0.0,0.0
-1.22,-0.9,0.0,0.0
-1.2,-0.9,0.0,0.0
-1.18,-0.9,0.0,0.0
-1.16,-0.9,0.0,0.0
-1.14,-0.9,0.0,0.0
-1.12,-0.9,0.0,0.0
-1.1,-0.9,0.0,0.0
-1.08,-0.9,0.0,0.0
-1.06,-0.9,0.0,0.0
-1.04,-0.9,0.0,0.0
-1.02,-0.9,0.0,0.0
-1.0,-0.9,0.0,0.0
-0.98,-0.9,0.0,0.0
-0.96,-0.9,0.0,0.0
-0.94,-0.9,0.0,0.0
-0.92,-0.9,0.0,0.0
-0.9,-0.9,0.0,1e-04
-0.88,-0.9,0.0,1e-04
-0.86,-0.9,0.0,1e-04
-0.84,-0.9,0.0,1e-04
-0.82,-0.9,0.0,0.0002
-0.8,-0.9,0.0,0.0002
-0.78,-0.9,0.0,0.0003
-0.76,-0.9,0.0,0.0004
-0.74,-0.9,0.0,0.0005
-0.72,-0.9,0.0,0.0006
-0.7,-0.9,0.0,0.0008
-0.68,-0.9,0.0,0.0011
-0.66,-0.9,0.0,0.0014
-0.64,-0.9,0.0,0.0018
-0.62,-0.9,0.0,0.0023
-0.6,-0.9,0.0,0.003
-0.58,-0.9,0.0,0.0039
-0.56,-0.9,0.0,0.0051
-0.54,-0.9,0.0,0.0066
-0.52,-0.9,0.0,0.0086
-0.5,-0.9,1e-04,0.0112
-0.48,-0.9,1e-04,0.0145
-0.46,-0.9,0.0003,0.0187
-0.44,-0.9,0.0005,0.0242
-0.42,-0.9,0.0009,0.0312
-0.4,-0.9,0.0017,0.0401
-0.38,-0.9,0.0033,0.0515
-0.36,-0.9,0.0062,0.066
-0.34,-0.9,0.0116,0.0841
-0.32,-0.9,0.0217,0.1066
-0.3,-0.9,0.0403,0.1342
-0.28,-0.9,0.0734,0.1677
-0.26,-0.9,0.1302,0.2075
-0.24,-0.9,0.2202,0.2538
-0.22,-0.9,0.3344,0.3065
-0.2,-0.9,0.4405,0.3649
-0.18,-0.9,0.5412,0.4274
-0.16,-0.9,0.6547,0.4924
-0.14,-0.9,0.8065,0.5576
-0.12,-0.9,0.9016,0.621
-0.1,-0.9,0.9523,0.6804
-0.08,-0.9,0.9775,0.733
-0.06,-0.9,0.9895,0.7798
-0.04,-0.9,0.9952,0.8204
-0.02,-0.9,0.9977,0.8549
0.0,-0.9,0.9985,0.8837
0.02,-0.9,0.9985,0.9074
0.04,-0.9,0.9984,0.9267
0.06,-0.9,0.9975,0.9363
0.08,-0.9,0.9954,0.9299
0.1,-0.9,0.9918,0.9189
0.12,-0.9,0.9855,0.8976
0.14,-0.9,0.9742,0.8713
0.16,-0.9,0.9546,0.8395
0.18,-0.9,0.9213,0.8016
0.2,-0.9,0.8671,0.7574
0.22,-0.9,0.7842,0.7069
0.24,-0.9,0.6693,0.6507
0.26,-0.9,0.53,0.59
0.28,-0.9,0.3858,0.5264
0.3,-0.9,0.2592,0.462
0.32,-0.9,0.1631,0.3988
0.34,-0.9,0.0979,0.3388
0.36,-0.9,0.057,0.2836
0.38,-0.9,0.0326,0.2342
0.4,-0.9,0.0184,0.1911
0.42,-0.9,0.0103,0.1543
0.44,-0.9,0.0058,0.1236
0.46,-0.9,0.0032,0.0982
0.48,-0.9,0.0018,0.0776
0.5,-0.9,0.001,0.061
0.52,-0.9,0.0006,0.0478
0.54,-0.9,0.0003,0.0373
0.56,-0.9,0.0002,0.0291
0.58,-0.9,1e-04,0.0226
0.6,-0.9,1e-04,0.0176
0.62,-0.9,0.0,0.0137
0.64,-0.9,0.0,0.0106
0.66,-0.9,0.0,0.0082
0.68,-0.9,0.0,0.0064
0.7,-0.9,0.0,0.0049
0.72,-0.9,0.0,0.0038
0.74,-0.9,0.0,0.003
0.76,-0.9,0.0,0.0023
0.78,-0.9,0.0,0.0018
0.8,-0.9,0.0,0.0014
0.82,-0.9,0.0,0.0011
0.84,-0.9,0.0,0.0008
0.86,-0.9,0.0,0.0006
0.88,-0.9,0.0,0.0005
0.9,-0.9,0.0,0.0004
0.92,-0.9,0.0,0.0003
0.94,-0.9,0.0,0.0002
0.96,-0.9,0.0,0.0002
0.98,-0.9,0.0,1e-04
1.0,-0.9,0.0,1e-04
1.02,-0.9,0.0,1e-04
1.04,-0.9,0.0,1e-04
1.06,-0.9,0.0,0.0
1.08,-0.9,0.0,0.0
1.1,-0.9,0.0,0.0
1.12,-0.9,0.0,0.0
1.14,-0.9,0.0,0.0
1.16,-0.9,0.0,0.0
1.18,-0.9,0.0,0.0
1.2,-0.9,0.0,0.0
1.22,-0.9,0.0,0.0
1.24,-0.9,0.0,0.0
1.26,-0.9,0.0,0.0
1.28,-0.9,0.0,0.0
1.3,-0.9,0.0,0.0
1.32,-0.9,0.0,0.0
1.34,-0.9,0.0,0.0
1.36,-0.9,0.0,0.0
1.38,-0.9,0.0,0.0
1.4,-0.9,0.0,0.0
1.42,-0.9,0.0,0.0
1.44,-0.9,0.0,0.0
1.46,-0.9,0.0,0.0
1.48,-0.9,0.0,0.0
1.5,-0.9,0.0,0.0
1.52,-0.9,0.0,0.0
1.54,-0.9,0.0,0.0
1.56,-0.9,0.0,0.0
1.58,-0.9,0.0,0.0
1.6,-0.9,0.0,0.0
-1.6,-0.88,0.0,0.0
-1.58,-0.88,0.0,0.0
-1.56,-0.88,0.0,0.0
-1.54,-0.88,0.0,0.0
-1.52,-0.88,0.0,0.0
-1.5,-0.88,0.0,0.0
-1.48,-0.88,0.0,0.0
-1.46,-0.88,0.0,0.0
-1.44,-0.88,0.0,0.0
-1.42,-0.88,0.0,0.0
-1.4,-0.88,0.0,0.0
-1.38,-0.88,0.0,0.0
-1.36,-0.88,0.0,0.0
-1.34,-0.88,0.0,0.0
-1.32,-0.88,0.0,0.0
-1.3,-0.88,0.0,0.0
-1.28,-0.88,0.0,0.0
-1.26,-0.88,0.0,0.0
-1.24,-0.88,0.0,0.0
-1.22,-0.88,0.0,0.0
-1.2,-0.88,0.0,0.0
-1.18,-0.88,0.0,0.0
-1.16,-0.88,0.0,0.0
-1.14,-0.88,0.0,0.0
-1.12,-0.88,0.0,0.0
-1.1,-0.88,0.0,0.0
-1.08,-0.88,0.0,0.0
-1.06,-0.88,0.0,0.0
-1.04,-0.88,0.0,0.0
-1.02,-0.88,0.0,0.0
-1.0,-0.88,0.0,0.0
-0.98,-0.88,0.0,0.0
-0.96,-0.88,0.0,0.0
-0.94,-0.88,0.0,1e-04
-0.92,-0.88,0.0,1e-04
-0.9,-0.88,0.0,1e-04
-0.88,-0.88,0.0,1e-04
-0.86,-0.88,0.0,0.0002
-0.84,-0.88,0.0,0.0002
-0.82,-0.88,0.0,0.0003
-0.8,-0.88,0.0,0.0003
-0.78,-0.88,0.0,0.0004
-0.76,-0.88,0.0,0.0006
-0.74,-0.88,0.0,0.0007
-0.72,-0.88,0.0,0.0009
-0.7,-0.88,0.0,0.0012
-0.68,-0.88,0.0,0.0016
-0.66,-0.88,0.0,0.0021
-0.64,-0.88,0.0,0.0027
-0.62,-0.88,0.0,0.0035
-0.6,-0.88,0.0,0.0045
-0.58,-0.88,0.0,0.0058
-0.56,-0.88,0.0,0.0076
-0.54,-0.88,0.0,0.0098
-0.52,-0.88,1e-04,0.0127
-0.5,-0.88,0.0002,0.0164
-0.48,-0.88,0.0003,0.0212
-0.46,-0.88,0.0006,0.0274
-0.44,-0.88,0.0011,0.0354
-0.42,-0.88,0.002,0.0455
-0.4,-0.88,0.0038,0.0583
-0.38,-0.88,0.0072,0.0745
-0.36,-0.88,0.0135,0.0947
-0.34,-0.88,0.0252,0.1196
-0.32,-0.88,0.0465,0.1501
-0.3,-0.88,0.0843,0.1866
-0.28,-0.88,0.1481,0.2297
-0.26,-0.88,0.2473,0.2793
-0.24,-0.88,0.3817,0.3349
-0.22,-0.88,0.517,0.3955
-0.2,-0.88,0.6228,0.4596
-0.18,-0.88,0.7113,0.5249
-0.16,-0.88,0.7964,0.5895
-0.14,-0.88,0.8958,0.6511
-0.12,-0.88,0.9498,0.708
-0.1,-0.88,0.9764,0.7591
-0.08,-0.88,0.989,0.803
-0.06,-0.88,0.9949,0.8402
-0.04,-0.88,0.9977,0.8715
-0.02,-0.88,0.9989,0.8974
0.0,-0.88,0.999,0.9186
0.02,-0.88,0.999,0.9357
0.04,-0.88,0.999,0.9494
0.06,-0.88,0.9985,0.9484
0.08,-0.88,0.9973,0.943
0.1,-0.88,0.9952,0.9351
0.12,-0.88,0.9914,0.9179
0.14,-0.88,0.9848,0.8962
0.16,-0.88,0.973,0.8697
0.18,-0.88,0.9525,0.8375
0.2,-0.88,0.9178,0.7993
0.22,-0.88,0.8615,0.7547
0.24,-0.88,0.776,0.7038
0.26,-0.88,0.6587,0.6474
0.28,-0.88,0.5181,0.5865
0.3,-0.88,0.3746,0.5228
0.32,-0.88,0.2502,0.4584
0.34,-0.88,0.1567,0.3953
0.36,-0.88,0.0938,0.3356
0.38,-0.88,0.0545,0.2806
0.4,-0.88,0.0311,0.2316
0.42,-0.88,0.0176,0.1889
0.44,-0.88,0.0099,0.1524
0.46,-0.88,0.0055,0.122
0.48,-0.88,0.0031,0.0969
0.5,-0.88,0.0017,0.0766
0.52,-0.88,0.001,0.0602
0.54,-0.88,0.0006,0.0472
0.56,-0.88,0.0003,0.0369
0.58,-0.88,0.0002,0.0287
0.6,-0.88,1e-04,0.0224
0.62,-0.88,1e-04,0.0174
0.64,-0.88,0.0,0.0135
0.66,-0.88,0.0,0.0105
0.68,-0.88,0.0,0.0081
0.7,-0.88,0.0,0.0063
0.72,-0.88,0.0,0.0049
0.74,-0.88,0.0,0.0038
0.76,-0.88,0.0,0.0029
0.78,-0.88,0.0,0.0023
0.8,-0.88,0.0,0.0017
0.82,-0.88,0.0,0.0014
0.84,-0.88,0.0,0.001
0.86,-0.88,0.0,0.0008
0.88,-0.88,0.0,0.0006
0.9,-0.88,0.0,0.0005
0.92,-0.88,0.0,0.0004
0.94,-0.88,0.0,0.0003
0.96,-0.88,0.0,0.0002
0.98,-0.88,0.0,0.0002
1.0,-0.88,0.0,1e-04
1.02,-0.88,0.0,1e-04
1.04,-0.88,0.0,1e-04
1.06,-0.88,0.0,1e-04
1.08,-0.88,0.0,0.0
1.1,-0.88,0.0,0.0
1.12,-0.88,0.0,0.0
1.14,-0.88,0.0,0.0
1.16,-0.88,0.0,0.0
1.18,-0.88,0.0,0.0
1.2,-0.88,0.0,0.0
1.22,-0.88,0.0,0.0
1.24,-0.88,0.0,0.0
1.26,-0.88,0.0,0.0
1.28,-0.88,0.0,0.0
1.3,-0.88,0.0,0.0
1.32,-0.88,0.0,0.0
1.34,-0.88,0.0,0.0
1.36,-0.88,0.0,0.0
1.38,-0.88,0.0,0.0
1.4,-0.88,0.0,0.0
1.42,-0.88,0.0,0.0
1.44,-0.88,0.0,0.0
1.46,-0.88,0.0,0.0
1.48,-0.88,0.0,0.0
1.5,-0.88,0.0,0.0
1.52,-0.88,0.0,0.0
1.54,-0.88,0.0,0.0
1.56,-0.88,0.0,0.0
1.58,-0.88,0.0,0.0
1.6,-0.88,0.0,0.0
-1.6,-0.86,0.0,0.0
-1.58,-0.86,0.0,0.0
-1.56,-0.86,0.0,0.0
-1.54,-0.86,0.0,0.0
-1.52,-0.86,0.0,0.0
-1.5,-0.86,0.0,0.0
-1.48,-0.86,0.0,0.0
-1.46,-0.86,0.0,0.0
-1.44,-0.86,0.0,0.0
-1.42,-0.86,0.0,0.0
-1.4,-0.86,0.0,0.0
-1.38,-0.86,0.0,0.0
-1.36,-0.86,0.0,0.0
-1.34,-0.86,0.0,0.0
-1.32,-0.86,0.0,0.0
-1.3,-0.86,0.0,0.0
-1.28,-0.86,0.0,0.0
-1.26,-0.86,0.0,0.0
-1.24,-0.86,0.0,0.0
-1.22,-0.86,0.0,0.0
-1.2,-0.86,0.0,0.0
-1.18,-0.86,0.0,0.0
-1.16,-0.86,0.0,0.0
-1.14,-0.86,0.0,0.0
-1.12,-0.86,0.0,0.0
-1.1,-0.86,0.0,0.0
-1.08,-0.86,0.0,0.0
-1.06,-0.86,0.0,0.0
-1.04,-0.86,0.0,0.0
-1.02,-0.86,0.0,0.0
-1.0,-0.86,0.0,0.0
-0.98,-0.86,0.0,0.0
-0.96,-0.86,0.0,1e-04
-0.94,-0.86,0.0,1e-04
-0.92,-0.86,0.0,1e-04
-0.9,-0.86,0.0,1e-04
-0.88,-0.86,0.0,0.0002
-0.86,-0.86,0.0,0.0002
-0.84,-0.86,0.0,0.0003
-0.82,-0.86,0.0,0.0004
-0.8,-0.86,0.0,0.0005
-0.78,-0.86,0.0,0.0006
-0.76,-0.86,0.0,0.0008
-0.74,-0.86,0.0,0.0011
-0.72,-0.86,0.0,0.0014
-0.7,-0.86,0.0,0.0018
-0.68,-0.86,0.0,0.0024
-0.66,-0.86,0.0,0.003
-0.64,-0.86,0.0,0.004
-0.62,-0.86,0.0,0.0051
-0.6,-0.86,0.0,0.0066
-0.58,-0.86,0.0,0.0086
-0.56,-0.86,1e-04,0.0111
-0.54,-0.86,1e-04,0.0144
-0.52,-0.86,0.0002,0.0187
-0.5,-0.86,0.0003,0.0241
-0.48,-0.86,0.0007,0.0311
-0.46,-0.86,0.0012,0.0401
-0.44,-0.86,0.0023,0.0515
-0.42,-0.86,0.0044,0.0659
-0.4,-0.86,0.0083,0.0839
-0.38,-0.86,0.0156,0.1064
-0.36,-0.86,0.0291,0.134
-0.34,-0.86,0.0536,0.1674
-0.32,-0.86,0.0966,0.2072
-0.3,-0.86,0.1681,0.2535
-0.28,-0.86,0.2762,0.3062
-0.26,-0.86,0.4189,0.3645
-0.24,-0.86,0.574,0.427
-0.22,-0.86,0.6939,0.492
-0.2,-0.86,0.776,0.5573
-0.18,-0.86,0.8373,0.6206
-0.16,-0.86,0.8898,0.6801
-0.14,-0.86,0.9466,0.7342
-0.12,-0.86,0.975,0.7821
-0.1,-0.86,0.9885,0.8235
-0.08,-0.86,0.9947,0.8581
-0.06,-0.86,0.9975,0.8864
-0.04,-0.86,0.9989,0.9096
-0.02,-0.86,0.9993,0.9285
0.0,-0.86,0.9993,0.9436
0.02,-0.86,0.9993,0.9557
0.04,-0.86,0.9993,0.9622
0.06,-0.86,0.9991,0.9583
0.08,-0.86,0.9984,0.9538
0.1,-0.86,0.9972,0.9473
0.12,-0.86,0.995,0.9345
0.14,-0.86,0.991,0.9168
0.16,-0.86,0.984,0.8949
0.18,-0.86,0.9717,0.868
0.2,-0.86,0.9503,0.8355
0.22,-0.86,0.9141,0.7969
0.24,-0.86,0.8557,0.752
0.26,-0.86,0.7676,0.7008
0.28,-0.86,0.6479,0.644
0.3,-0.86,0.5062,0.5829
0.32,-0.86,0.3634,0.5191
0.34,-0.86,0.2413,0.4547
0.36,-0.86,0.1505,0.3918
0.38,-0.86,0.0898,0.3323
0.4,-0.86,0.0521,0.2777
0.42,-0.86,0.0297,0.229
0.44,-0.86,0.0168,0.1866
0.46,-0.86,0.0094,0.1506
0.48,-0.86,0.0053,0.1204
0.5,-0.86,0.0031,0.0957
0.52,-0.86,0.0018,0.0756
0.54,-0.86,0.001,0.0595
0.56,-0.86,0.0006,0.0466
0.58,-0.86,0.0003,0.0364
0.6,-0.86,0.0002,0.0284
0.62,-0.86,1e-04,0.0221
0.64,-0.86,1e-04,0.0172
0.66,-0.86,0.0,0.0133
0.68,-0.86,0.0,0.0103
0.7,-0.86,0.0,0.008
0.72,-0.86,0.0,0.0062
0.74,-0.86,0.0,0.0048
0.76,-0.86,0.0,0.0037
0.78,-0.86,0.0,0.0029
0.8,-0.86,0.0,0.0022
0.82,-0.86,0.0,0.0017
0.84,-0.86,0.0,0.0013
0.86,-0.86,0.0,0.001
0.88,-0.86,0.0,0.0008
0.9,-0.86,0.0,0.0006
0.92,-0.86,0.0,0.0005
0.94,-0.86,0.0,0.0004
0.96,-0.86,0.0,0.0003
0.98,-0.86,0.0,0.0002
1.0,-0.86,0.0,0.0002
1.02,-0.86,0.0,1e-04
1.04,-0.86,0.0,1e-04
1.06,-0.86,0.0,1e-04
1.08,-0.86,0.0,1e-04
1.1,-0.86,0.0,0.0
1.12,-0.86,0.0,0.0
1.14,-0.86,0.0,0.0
1.16,-0.86,0.0,0.0
1.18,-0.86,0.0,0.0
1.2,-0.86,0.0,0.0
1.22,-0.86,0.0,0.0
1.24,-0.86,0.0,0.0
1.26,-0.86,0.0,0.0
1.28,-0.86,0.0,0.0
1.3,-0.86,0.0,0.0
1.32,-0.86,0.0,0.0
1.34,-0.86,0.0,0.0
1.36,-0.86,0.0,0.0
1.38,-0.86,0.0,0.0
1.4,-0.86,0.0,0.0
1.42,-0.86,0.0,0.0
1.44,-0.86,0.0,0.0
1.46,-0.86,0.0,0.0
1.48,-0.86,0.0,0.0
1.5,-0.86,0.0,0.0
1.52,-0.86,0.0,0.0
1.54,-0.86,0.0,0.0
1.56,-0.86,0.0,0.0
1.58,-0.86,0.0,0.0
1.6,-0.86,0.0,0.0
-1.6,-0.84,0.0,0.0
-1.58,-0.84,0.0,0.0
-1.56,-0.84,0.0,0.0
-1.54,-0.84,0.0,0.0
-1.52,-0.84,0.0,0.0
-1.5,-0.84,0.0,0.0
-1.48,-0.84,0.0,0.0
-1.46,-0.84,0.0,0.0
-1.44,-0.84,0.0,0.0
-1.42,-0.84,0.0,0.0
-1.4,-0.84,0.0,0.0
-1.38,-0.84,0.0,0.0
-1.36,-0.84,0.0,0.0
-1.34,-0.84,0.0,0.0
-1.32,-0.84,0.0,0.0
-1.3,-0.84,0.0,0.0
-1.28,-0.84,0.0,0.0
-1.26,-0.84,0.0,0.0
-1.24,-0.84,0.0,0.0
-1.22,-0.84,0.0,0.0
-1.2,-0.84,0.0,0.0
-1.18,-0.84,0.0,0.0
-1.16,-0.84,0.0,0.0
-1.14,-0.84,0.0,0.0
-1.12,-0.84,0.0,0.0
-1.1,-0.84,0.0,0.0
-1.08,-0.84,0.0,0.0
-1.06,-0.84,0.0,0.0
-1.04,-0.84,0.0,0.0
-1.02,-0.84,0.0,0.0
-1.0,-0.84,0.0,0.0
-0.98,-0.84,0.0,1e-04
-0.96,-0.84,0.0,1e-04
-0.94,-0.84,0.0,1e-04
-0.92,-0.84,0.0,0.0002
-0.9,-0.84,0.0,0.0002
-0.88,-0.84,0.0,0.0003
-0.86,-0.84,0.0,0.0003
-0.84,-0.84,0.0,0.0004
-0.82,-0.84,0.0,0.0006
-0.8,-0.84,0.0,0.0007
-0.78,-0.84,0.0,0.0009
-0.76,-0.84,0.0,0.0012
-0.74,-0.84,0.0,0.0016
-0.72,-0.84,0.0,0.0021
-0.7,-0.84,0.0,0.0027
-0.68,-0.84,0.0,0.0035
-0.66,-0.84,0.0,0.0045
-0.64,-0.84,0.0,0.0059
-0.62,-0.84,0.0,0.0076
-0.6,-0.84,0.0,0.0098
-0.58,-0.84,1e-04,0.0127
-0.56,-0.84,1e-04,0.0164
-0.54,-0.84,0.0002,0.0212
-0.52,-0.84,0.0004,0.0274
-0.5,-0.84,0.0008,0.0353
-0.48,-0.84,0.0014,0.0454
-0.46,-0.84,0.0027,0.0582
-0.44,-0.84,0.0051,0.0744
-0.42,-0.84,0.0097,0.0945
-0.4,-0.84,0.0181,0.1195
-0.38,-0.84,0.0337,0.1499
-0.36,-0.84,0.0617,0.1864
-0.34,-0.84,0.1105,0.2294
-0.32,-0.84,0.1901,0.279
-0.3,-0.84,0.3072,0.3345
-0.28,-0.84,0.4558,0.3952
-0.26,-0.84,0.6128,0.4592
-0.24,-0.84,0.7448,0.5246
-0.22,-0.84,0.8274,0.5891
-0.2,-0.84,0.879,0.6507
-0.18,-0.84,0.9149,0.7077
-0.16,-0.84,0.9434,0.7588
-0.14,-0.84,0.9734,0.8035
-0.12,-0.84,0.9877,0.8416
-0.1,-0.84,0.9944,0.8735
-0.08,-0.84,0.9974,0.8997
-0.06,-0.84,0.9988,0.9205
-0.04,-0.84,0.9994,0.9372
-0.02,-0.84,0.9995,0.9507
0.0,-0.84,0.9995,0.9613
0.02,-0.84,0.9995,0.9697
0.04,-0.84,0.9995,0.9696
0.06,-0.84,0.9995,0.9664
0.08,-0.84,0.9991,0.9626
0.1,-0.84,0.9984,0.9573
0.12,-0.84,0.9971,0.9479
0.14,-0.84,0.9947,0.9336
0.16,-0.84,0.9906,0.9157
0.18,-0.84,0.9833,0.8935
0.2,-0.84,0.9703,0.8663
0.22,-0.84,0.948,0.8335
0.24,-0.84,0.9103,0.7946
0.26,-0.84,0.8497,0.7492
0.28,-0.84,0.759,0.6977
0.3,-0.84,0.6369,0.6407
0.32,-0.84,0.4942,0.5794
0.34,-0.84,0.3525,0.5155
0.36,-0.84,0.2327,0.4511
0.38,-0.84,0.1445,0.3884
0.4,-0.84,0.086,0.3291
0.42,-0.84,0.0498,0.2748
0.44,-0.84,0.0284,0.2264
0.46,-0.84,0.0164,0.1845
0.48,-0.84,0.0095,0.1488
0.5,-0.84,0.0056,0.1191
0.52,-0.84,0.0032,0.0947
0.54,-0.84,0.0019,0.0748
0.56,-0.84,0.0011,0.0588
0.58,-0.84,0.0006,0.0461
0.6,-0.84,0.0004,0.036
0.62,-0.84,0.0002,0.0281
0.64,-0.84,1e-04,0.0219
0.66,-0.84,1e-04,0.017
0.68,-0.84,0.0,0.0132
0.7,-0.84,0.0,0.0102
0.72,-0.84,0.0,0.0079
0.74,-0.84,0.0,0.0061
0.76,-0.84,0.0,0.0048
0.78,-0.84,0.0,0.0037
0.8,-0.84,0.0,0.0028
0.82,-0.84,0.0,0.0022
0.84,-0.84,0.0,0.0017
0.86,-0.84,0.0,0.0013
0.88,-0.84,0.0,0.001
0.9,-0.84,0.0,0.0008
0.92,-0.84,0.0,0.0006
0.94,-0.84,0.0,0.0005
0.96,-0.84,0.0,0.0004
0.98,-0.84,0.0,0.0003
1.0,-0.84,0.0,0.0002
1.02,-0.84,0.0,0.0002
1.04,-0.84,0.0,1e-04
1.06,-0.84,0.0,1e-04
1.08,-0.84,0.0,1e-04
1.1,-0.84,0.0,1e-04
1.12,-0.84,0.0,0.0
1.14,-0.84,0.0,0.0
1.16,-0.84,0.0,0.0
1.18,-0.84,0.0,0.0
1.2,-0.84,0.0,0.0
1.22,-0.84,0.0,0.0
1.24,-0.84,0.0,0.0
1.26,-0.84,0.0,0.0
1.28,-0.84,0.0,0.0
1.3,-0.84,0.0,0.0
1.32,-0.84,0.0,0.0
1.34,-0.84,0.0,0.0
1.36,-0.84,0.0,0.0
1.38,-0.84,0.0,0.0
1.4,-0.84,0.0,0.0
1.42,-0.84,0.0,0.0
1.44,-0.84,0.0,0.0
1.46,-0.84,0.0,0.0
1.48,-0.84,0.0,0.0
1.5,-0.84,0.0,0.0
1.52,-0.84,0.0,0.0
1.54,-0.84,0.0,0.0
1.56,-0.84,0.0,0.0
1.58,-0.84,0.0,0.0
1.6,-0.84,0.0,0.0
-1.6,-0.82,0.0,0.0
-1.58,-0.82,0.0,0.0
-1.56,-0.82,0.0,0.0
-1.54,-0.82,0.0,0.0
-1.52,-0.82,0.0,0.0
-1.5,-0.82,0.0,0.0
-1.48,-0.82,0.0,0.0
-1.46,-0.82,0.0,0.0
-1.44,-0.82,0.0,0.0
-1.42,-0.82,0.0,0.0
-1.4,-0.82,0.0,0.0
-1.38,-0.82,0.0,0.0
-1.36,-0.82,0.0,0.0
-1.34,-0.82,0.0,0.0
-1.32,-0.82,0.0,0.0
-1.3,-0.82,0.0,0.0
-1.28,-0.82,0.0,0.0
-1.26,-0.82,0.0,0.0
-1.24,-0.82,0.0,0.0
-1.22,-0.82,0.0,0.0
-1.2,-0.82,0.0,0.0
-1.18,-0.82,0.0,0.0
-1.16,-0.82,0.0,0.0
-1.14,-0.82,0.0,0.0
-1.12,-0.82,0.0,0.0
-1.1,-0.82,0.0,0.0
-1.08,-0.82,0.0,0.0
-1.06,-0.82,0.0,0.0
-1.04,-0.82,0.0,0.0
-1.02,-0.82,0.0,0.0
-1.0,-0.82,0.0,1e-04
-0.98,-0.82,0.0,1e-04
-0.96,-0.82,0.0,1e-04
-0.94,-0.82,0.0,0.0002
-0.92,-0.82,0.0,0.0002
-0.9,-0.82,0.0,0.0003
-0.88,-0.82,0.0,0.0004
-0.86,-0.82,0.0,0.0005
-0.84,-0.82,0.0,0.0006
-0.82,-0.82,0.0,0.0008
-0.8,-0.82,0.0,0.0011
-0.78,-0.82,0.0,0.0014
-0.76,-0.82,0.0,0.0018
-0.74,-0.82,0.0,0.0024
-0.72,-0.82,0.0,0.0031
-0.7,-0.82,0.0,0.004
-0.68,-0.82,0.0,0.0052
-0.66,-0.82,0.0,0.0067
-0.64,-0.82,0.0,0.0087
-0.62,-0.82,0.0,0.0112
-0.6,-0.82,1e-04,0.0145
-0.58,-0.82,1e-04,0.0187
-0.56,-0.82,0.0003,0.0242
-0.54,-0.82,0.0005,0.0311
-0.52,-0.82,0.0009,0.04
-0.5,-0.82,0.0017,0.0514
-0.48,-0.82,0.0032,0.0658
-0.46,-0.82,0.006,0.0838
-0.44,-0.82,0.0112,0.1063
-0.42,-0.82,0.021,0.1338
-0.4,-0.82,0.0389,0.1672
-0.38,-0.82,0.071,0.2069
-0.36,-0.82,0.1262,0.2532
-0.34,-0.82,0.2143,0.3059
-0.32,-0.82,0.34,0.3641
-0.3,-0.82,0.4932,0.4267
-0.28,-0.82,0.6477,0.4916
-0.26,-0.82,0.7764,0.5569
-0.24,-0.82,0.8628,0.6202
-0.22,-0.82,0.9099,0.6797
-0.2,-0.82,0.9383,0.7339
-0.18,-0.82,0.9573,0.7819
-0.16,-0.82,0.9717,0.8232
-0.14,-0.82,0.9869,0.8582
-0.12,-0.82,0.994,0.8872
-0.1,-0.82,0.9973,0.9109
-0.08,-0.82,0.9988,0.93
-0.06,-0.82,0.9994,0.945
-0.04,-0.82,0.9997,0.9568
-0.02,-0.82,0.9997,0.9662
0.0,-0.82,0.9997,0.9736
0.02,-0.82,0.9997,0.9778
0.04,-0.82,0.9997,0.9755
0.06,-0.82,0.9997,0.9729
0.08,-0.82,0.9995,0.9697
0.1,-0.82,0.999,0.9654
0.12,-0.82,0.9983,0.9587
0.14,-0.82,0.9969,0.9472
0.16,-0.82,0.9945,0.9327
0.18,-0.82,0.9901,0.9145
0.2,-0.82,0.9824,0.8921
0.22,-0.82,0.9689,0.8646
0.24,-0.82,0.9456,0.8315
0.26,-0.82,0.9063,0.7922
0.28,-0.82,0.8435,0.7465
0.3,-0.82,0.7501,0.6946
0.32,-0.82,0.6258,0.6373
0.34,-0.82,0.4823,0.5758
0.36,-0.82,0.3417,0.5118
0.38,-0.82,0.2243,0.4475
0.4,-0.82,0.1387,0.3849
0.42,-0.82,0.0827,0.3259
0.44,-0.82,0.0497,0.2721
0.46,-0.82,0.0295,0.2242
0.48,-0.82,0.0173,0.1827
0.5,-0.82,0.0101,0.1474
0.52,-0.82,0.0059,0.1179
0.54,-0.82,0.0034,0.0937
0.56,-0.82,0.002,0.074
0.58,-0.82,0.0012,0.0582
0.6,-0.82,0.0007,0.0456
0.62,-0.82,0.0004,0.0356
0.64,-0.82,0.0002,0.0278
0.66,-0.82,1e-04,0.0216
0.68,-0.82,1e-04,0.0168
0.7,-0.82,0.0,0.013
0.72,-0.82,0.0,0.0101
0.74,-0.82,0.0,0.0078
0.76,-0.82,0.0,0.0061
0.78,-0.82,0.0,0.0047
0.8,-0.82,0.0,0.0036
0.82,-0.82,0.0,0.0028
0.84,-0.82,0.0,0.0022
0.86,-0.82,0.0,0.0017
0.88,-0.82,0.0,0.0013
0.9,-0.82,0.0,0.001
0.92,-0.82,0.0,0.0008
0.94,-0.82,0.0,0.0006
0.96,-0.82,0.0,0.0005
0.98,-0.82,0.0,0.0004
1.0,-0.82,0.0,0.0003
1.02,-0.82,0.0,0.0002
1.04,-0.82,0.0,0.0002
1.06,-0.82,0.0,1e-04
1.08,-0.82,0.0,1e-04
1.1,-0.82,0.0,1e-04
1.12,-0.82,0.0,1e-04
1.14,-0.82,0.0,0.0
1.16,-0.82,0.0,0.0
1.18,-0.82,0.0,0.0
1.2,-0.82,0.0,0.0
1.22,-0.82,0.0,0.0
1.24,-0.82,0.0,0.0
1.26,-0.82,0.0,0.0
1.28,-0.82,0.0,0.0
1.3,-0.82,0.0,0.0
1.32,-0.82,0.0,0.0
1.34,-0.82,0.0,0.0
1.36,-0.82,0.0,0.0
1.38,-0.82,0.0,0.0
1.4,-0.82,0.0,0.0
1.42,-0.82,0.0,0.0
1.44,-0.82,0.0,0.0
1.46,-0.82,0.0,0.0
1.48,-0.82,0.0,0.0
1.5,-0.82,0.0,0.0
1.52,-0.82,0.0,0.0
1.54,-0.82,0.0,0.0
1.56,-0.82,0.0,0.0
1.58,-0.82,0.0,0.0
1.6,-0.82,0.0,0.0
-1.6,-0.8,0.0,0.0
-1.58,-0.8,0.0,0.0
-1.56,-0.8,0.0,0.0
-1.54,-0.8,0.0,0.0
-1.52,-0.8,0.0,0.0
-1.5,-0.8,0.0,0.0
-1.48,-0.8,0.0,0.0
-1.46,-0.8,0.0,0.0
-1.44,-0.8,0.0,0.0
-1.42,-0.8,0.0,0.0
-1.4,-0.8,0.0,0.0
-1.38,-0.8,0.0,0.0
-1.36,-0.8,0.0,0.0
-1.34,-0.8,0.0,0.0
-1.32,-0.8,0.0,0.0
-1.3,-0.8,0.0,0.0
-1.28,-0.8,0.0,0.0
-1.26,-0.8,0.0,0.0
-1.24,-0.8,0.0,0.0
-1.22,-0.8,0.0,0.0
-1.2,-0.8,0.0,0.0
-1.18,-0.8,0.0,0.0
-1.16,-0.8,0.0,0.0
-1.14,-0.8,0.0,0.0
-1.12,-0.8,0.0,0.0
-1.1,-0.8,0.0,0.0
-1.08,-0.8,0.0,0.0
-1.06,-0.8,0.0,0.0
-1.04,-0.8,0.0,0.0
-1.02,-0.8,0.0,0.0
-1.0,-0.8,0.0,1e-04
-0.98,-0.8,0.0,1e-04
-0.96,-0.8,0.0,1e-04
-0.94,-0.8,0.0,0.0002
-0.92,-0.8,0.0,0.0003
-0.9,-0.8,0.0,0.0004
-0.88,-0.8,0.0,0.0006
-0.86,-0.8,0.0,0.0007
-0.84,-0.8,0.0,0.001
-0.82,-0.8,0.0,0.0012
-0.8,-0.8,0.0,0.0016
-0.78,-0.8,0.0,0.0021
-0.76,-0.8,0.0,0.0027
-0.74,-0.8,0.0,0.0035
-0.72,-0.8,0.0,0.0045
-0.7,-0.8,0.0,0.0059
-0.68,-0.8,0.0,0.0076
-0.66,-0.8,0.0,0.0099
-0.64,-0.8,1e-04,0.0128
-0.62,-0.8,1e-04,0.0165
-0.6,-0.8,0.0002,0.0213
-0.58,-0.8,0.0003,0.0275
-0.56,-0.8,0.0006,0.0354
-0.54,-0.8,0.0011,0.0455
-0.52,-0.8,0.002,0.0582
-0.5,-0.8,0.0037,0.0743
-0.48,-0.8,0.0069,0.0944
-0.46,-0.8,0.013,0.1193
-0.44,-0.8,0.0243,0.1497
-0.42,-0.8,0.0449,0.1862
-0.4,-0.8,0.0816,0.2291
-0.38,-0.8,0.1436,0.2786
-0.36,-0.8,0.2406,0.3342
-0.34,-0.8,0.3744,0.3948
-0.32,-0.8,0.5307,0.4588
-0.3,-0.8,0.6811,0.5242
-0.28,-0.8,0.8014,0.5887
-0.26,-0.8,0.8839,0.6504
-0.24,-0.8,0.9312,0.7074
-0.22,-0.8,0.9549,0.7586
-0.2,-0.8,0.9695,0.8033
-0.18,-0.8,0.979,0.8414
-0.16,-0.8,0.9861,0.8733
-0.14,-0.8,0.9936,0.8996
-0.12,-0.8,0.9971,0.9209
-0.1,-0.8,0.9987,0.938
-0.08,-0.8,0.9994,0.9516
-0.06,-0.8,0.9997,0.9623
-0.04,-0.8,0.9998,0.9705
-0.02,-0.8,0.9998,0.977
0.0,-0.8,0.9998,0.9821
0.02,-0.8,0.9998,0.9822
0.04,-0.8,0.9998,0.9803
0.06,-0.8,0.9998,0.9781
0.08,-0.8,0.9997,0.9755
0.1,-0.8,0.9994,0.9721
0.12,-0.8,0.999,0.9673
0.14,-0.8,0.9982,0.9581
0.16,-0.8,0.9968,0.9465
0.18,-0.8,0.9942,0.9318
0.2,-0.8,0.9897,0.9134
0.22,-0.8,0.9816,0.8907
0.24,-0.8,0.9675,0.8629
0.26,-0.8,0.943,0.8294
0.28,-0.8,0.9022,0.7898
0.3,-0.8,0.8371,0.7437
0.32,-0.8,0.7411,0.6915
0.34,-0.8,0.6147,0.6339
0.36,-0.8,0.4711,0.5723
0.38,-0.8,0.3321,0.5083
0.4,-0.8,0.2218,0.4442
0.42,-0.8,0.142,0.382
0.44,-0.8,0.0877,0.3234
0.46,-0.8,0.0529,0.2698
0.48,-0.8,0.0314,0.2222
0.5,-0.8,0.0185,0.181
0.52,-0.8,0.0108,0.1459
0.54,-0.8,0.0063,0.1167
0.56,-0.8,0.0037,0.0927
0.58,-0.8,0.0021,0.0732
0.6,-0.8,0.0012,0.0576
0.62,-0.8,0.0007,0.0451
0.64,-0.8,0.0004,0.0352
0.66,-0.8,0.0002,0.0275
0.68,-0.8,1e-04,0.0214
0.7,-0.8,1e-04,0.0166
0.72,-0.8,0.0,0.0129
0.74,-0.8,0.0,0.01
0.76,-0.8,0.0,0.0077
0.78,-0.8,0.0,0.006
0.8,-0.8,0.0,0.0046
0.82,-0.8,0.0,0.0036
0.84,-0.8,0.0,0.0028
0.86,-0.8,0.0,0.0022
0.88,-0.8,0.0,0.0017
0.9,-0.8,0.0,0.0013
0.92,-0.8,0.0,0.001
0.94,-0.8,0.0,0.0008
0.96,-0.8,0.0,0.0006
0.98,-0.8,0.0,0.0005
1.0,-0.8,0.0,0.0004
1.02,-0.8,0.0,0.0003
1.04,-0.8,0.0,0.0002
1.06,-0.8,0.0,0.0002
1.08,-0.8,0.0,1e-04
1.1,-0.8,0.0,1e-04
1.12,-0.8,0.0,1e-04
1.14,-0.8,0.0,1e-04
1.16,-0.8,0.0,0.0
1.18,-0.8,0.0,0.0
1.2,-0.8,0.0,0.0
1.22,-0.8,0.0,0.0
1.24,-0.8,0.0,0.0
1.26,-0.8,0.0,0.0
1.28,-0.8,0.0,0.0
1.3,-0.8,0.0,0.0
1.32,-0.8,0.0,0.0
1.34,-0.8,0.0,0.0
1.36,-0.8,0.0,0.0
1.38,-0.8,0.0,0.0
1.4,-0.8,0.0,0.0
1.42,-0.8,0.0,0.0
1.44,-0.8,0.0,0.0
1.46,-0.8,0.0,0.0
1.48,-0.8,0.0,0.0
1.5,-0.8,0.0,0.0
1.52,-0.8,0.0,0.0
1.54,-0.8,0.0,0.0
1.56,-0.8,0.0,0.0
1.58,-0.8,0.0,0.0
1.6,-0.8,0.0,0.0
-1.6,-0.78,0.0,0.0
-1.58,-0.78,0.0,0.0
-1.56,-0.78,0.0,0.0
-1.54,-0.78,0.0,0.0
-1.52,-0.78,0.0,0.0
-1.5,-0.78,0.0,0.0
-1.48,-0.78,0.0,0.0
-1.46,-0.78,0.0,0.0
-1.44,-0.78,0.0,0.0
-1.42,-0.78,0.0,0.0
-1.4,-0.78,0.0,0.0
-1.38,-0.78,0.0,0.0
-1.36,-0.78,0.0,0.0
-1.34,-0.78,0.0,0.0
-1.32,-0.78,0.0,0.0
-1.3,-0.78,0.0,0.0
-1.28,-0.78,0.0,0.0
-1.26,-0.78,0.0,0.0
-1.24,-0.78,0.0,0.0
-1.22,-0.78,0.0,0.0
-1.2,-0.78,0.0,0.0
-1.18,-0.78,0.0,0.0
-1.16,-0.78,0.0,0.0
-1.14,-0.78,0.0,0.0
-1.12,-0.78,0.0,0.0
-1.1,-0.78,0.0,0.0
-1.08,-0.78,0.0,0.0
-1.06,-0.78,0.0,0.0
-1.04,-0.78,0.0,0.0
-1.02,-0.78,0.0,1e-04
-1.0,-0.78,0.0,1e-04
-0.98,-0.78,0.0,1e-04
-0.96,-0.78,0.0,0.0002
-0.94,-0.78,0.0,0.0003
-0.92,-0.78,0.0,0.0004
-0.9,-0.78,0.0,0.0006
-0.88,-0.78,0.0,0.0008
-0.86,-0.78,0.0,0.0011
-0.84,-0.78,0.0,0.0014
-0.82,-0.78,0.0,0.0018
-0.8,-0.78,0.0,0.0024
-0.78,-0.78,0.0,0.0031
-0.76,-0.78,0.0,0.004
-0.74,-0.78,0.0,0.0052
-0.72,-0.78,0.0,0.0067
-0.7,-0.78,0.0,0.0087
-0.68,-0.78,0.0,0.0113
-0.66,-0.78,1e-04,0.0146
-0.64,-0.78,1e-04,0.0188
-0.62,-0.78,0.0002,0.0243
-0.6,-0.78,0.0004,0.0313
-0.58,-0.78,0.0008,0.0403
-0.56,-0.78,0.0014,0.0516
-0.54,-0.78,0.0025,0.066
-0.52,-0.78,0.0046,0.084
-0.5,-0.78,0.0085,0.1064
-0.48,-0.78,0.0153,0.1338
-0.46,-0.78,0.0281,0.167
-0.44,-0.78,0.0518,0.2067
-0.42,-0.78,0.0935,0.253
-0.4,-0.78,0.1631,0.3056
-0.38,-0.78,0.2691,0.3638
-0.36,-0.78,0.4102,0.4263
-0.34,-0.78,0.5678,0.4913
-0.32,-0.78,0.7128,0.5565
-0.3,-0.78,0.8242,0.6199
-0.28,-0.78,0.8985,0.6794
-0.26,-0.78,0.9433,0.7336
-0.24,-0.78,0.9665,0.7816
-0.22,-0.78,0.978,0.823
-0.2,-0.78,0.9851,0.858
-0.18,-0.78,0.9898,0.8871
-0.16,-0.78,0.9932,0.9108
-0.14,-0.78,0.9969,0.9299
-0.12,-0.78,0.9986,0.9452
-0.1,-0.78,0.9994,0.9573
-0.08,-0.78,0.9997,0.9668
-0.06,-0.78,0.9999,0.9742
-0.04,-0.78,0.9999,0.9799
-0.02,-0.78,0.9999,0.9844
0.0,-0.78,0.9999,0.987
0.02,-0.78,0.9998,0.9857
0.04,-0.78,0.9998,0.9842
0.06,-0.78,0.9998,0.9824
0.08,-0.78,0.9998,0.9802
0.1,-0.78,0.9997,0.9775
0.12,-0.78,0.9994,0.9736
0.14,-0.78,0.9989,0.9669
0.16,-0.78,0.9981,0.9575
0.18,-0.78,0.9966,0.9457
0.2,-0.78,0.9939,0.9308
0.22,-0.78,0.9892,0.9122
0.24,-0.78,0.9807,0.8893
0.26,-0.78,0.966,0.8612
0.28,-0.78,0.9406,0.8274
0.3,-0.78,0.8984,0.7874
0.32,-0.78,0.8315,0.741
0.34,-0.78,0.7337,0.6885
0.36,-0.78,0.6084,0.6308
0.38,-0.78,0.474,0.5692
0.4,-0.78,0.3435,0.5054
0.42,-0.78,0.2331,0.4413
0.44,-0.78,0.15,0.3792
0.46,-0.78,0.093,0.3208
0.48,-0.78,0.0562,0.2676
0.5,-0.78,0.0334,0.2203
0.52,-0.78,0.0197,0.1793
0.54,-0.78,0.0115,0.1445
0.56,-0.78,0.0067,0.1155
0.58,-0.78,0.0039,0.0917
0.6,-0.78,0.0023,0.0724
0.62,-0.78,0.0013,0.057
0.64,-0.78,0.0008,0.0446
0.66,-0.78,0.0004,0.0349
0.68,-0.78,0.0003,0.0272
0.7,-0.78,0.0002,0.0211
0.72,-0.78,1e-04,0.0164
0.74,-0.78,1e-04,0.0127
0.76,-0.78,0.0,0.0099
0.78,-0.78,0.0,0.0077
0.8,-0.78,0.0,0.0059
0.82,-0.78,0.0,0.0046
0.84,-0.78,0.0,0.0036
0.86,-0.78,0.0,0.0027
0.88,-0.78,0.0,0.0021
0.9,-0.78,0.0,0.0016
0.92,-0.78,0.0,0.0013
0.94,-0.78,0.0,0.001
0.96,-0.78,0.0,0.0008
0.98,-0.78,0.0,0.0006
1.0,-0.78,0.0,0.0005
1.02,-0.78,0.0,0.0004
1.04,-0.78,0.0,0.0003
1.06,-0.78,0.0,0.0002
1.08,-0.78,0.0,0.0002
1.1,-0.78,0.0,1e-04
1.12,-0.78,0.0,1e-04
1.14,-0.78,0.0,1e-04
1.16,-0.78,0.0,1e-04
1.18,-0.78,0.0,0.0
1.2,-0.78,0.0,0.0
1.22,-0.78,0.0,0.0
1.24,-0.78,0.0,0.0
1.26,-0.78,0.0,0.0
1.28,-0.78,0.0,0.0
1.3,-0.78,0.0,0.0
1.32,-0.78,0.0,0.0
1.34,-0.78,0.0,0.0
1.36,-0.78,0.0,0.0
1.38,-0.78,0.0,0.0
1.4,-0.78,0.0,0.0
1.42,-0.78,0.0,0.0
1.44,-0.78,0.0,0.0
1.46,-0.78,0.0,0.0
1.48,-0.78,0.0,0.0
1.5,-0.78,0.0,0.0
1.52,-0.78,0.0,0.0
1.54,-0.78,0.0,0.0
1.56,-0.78,0.0,0.0
1.58,-0.78,0.0,0.0
1.6,-0.78,0.0,0.0
-1.6,-0.76,0.0,0.0
-1.58,-0.76,0.0,0.0
-1.56,-0.76,0.0,0.0
-1.54,-0.76,0.0,0.0
-1.52,-0.76,0.0,0.0
-1.5,-0.76,0.0,0.0
-1.48,-0.76,0.0,0.0
-1.46,-0.76,0.0,0.0
-1.44,-0.76,0.0,0.0
-1.42,-0.76,0.0,0.0
-1.4,-0.76,0.0,0.0
-1.38,-0.76,0.0,0.0
-1.36,-0.76,0.0,0.0
-1.34,-0.76,0.0,0.0
-1.32,-0.76,0.0,0.0
-1.3,-0.76,0.0,0.0
-1.28,-0.76,0.0,0.0
-1.26,-0.76,0.0,0.0
-1.24,-0.76,0.0,0.0
-1.22,-0.76,0.0,0.0
-1.2,-0.76,0.0,0.0
-1.18,-0.76,0.0,0.0
-1.16,-0.76,0.0,0.0
-1.14,-0.76,0.0,0.0
-1.12,-0.76,0.0,0.0
-1.1,-0.76,0.0,0.0
-1.08,-0.76,0.0,0.0
-1.06,-0.76,0.0,0.0
-1.04,-0.76,0.0,1e-04
-1.02,-0.76,0.0,1e-04
-1.0,-0.76,0.0,1e-04
-0.98,-0.76,0.0,0.0002
-0.96,-0.76,0.0,0.0003
-0.94,-0.76,0.0,0.0004
-0.92,-0.76,0.0,0.0006
-0.9,-0.76,0.0,0.0008
-0.88,-0.76,0.0,0.0011
-0.86,-0.76,0.0,0.0016
-0.84,-0.76,0.0,0.0021
-0.82,-0.76,0.0,0.0027
-0.8,-0.76,0.0,0.0035
-0.78,-0.76,0.0,0.0046
-0.76,-0.76,0.0,0.0059
-0.74,-0.76,0.0,0.0077
-0.72,-0.76,0.0,0.0099
-0.7,-0.76,0.0,0.0129
-0.68,-0.76,1e-04,0.0166
-0.66,-0.76,0.0002,0.0215
-0.64,-0.76,0.0003,0.0277
-0.62,-0.76,0.0005,0.0357
-0.6,-0.76,0.001,0.0458
-0.58,-0.76,0.0018,0.0586
-0.56,-0.76,0.0032,0.0747
-0.54,-0.76,0.0058,0.0949
-0.52,-0.76,0.0106,0.1197
-0.5,-0.76,0.0192,0.15
-0.48,-0.76,0.0344,0.1864
-0.46,-0.76,0.0612,0.2291
-0.44,-0.76,0.107,0.2784
-0.42,-0.76,0.1846,0.3339
-0.4,-0.76,0.2996,0.3945
-0.38,-0.76,0.4469,0.4584
-0.36,-0.76,0.6041,0.5238
-0.34,-0.76,0.7425,0.5884
-0.32,-0.76,0.8449,0.6501
-0.3,-0.76,0.9114,0.7071
-0.28,-0.76,0.9511,0.7583
-0.26,-0.76,0.9732,0.803
-0.24,-0.76,0.9839,0.8412
-0.22,-0.76,0.9894,0.8732
-0.2,-0.76,0.9928,0.8995
-0.18,-0.76,0.9951,0.9208
-0.16,-0.76,0.9967,0.9379
-0.14,-0.76,0.9985,0.9515
-0.12,-0.76,0.9993,0.9623
-0.1,-0.76,0.9997,0.9707
-0.08,-0.76,0.9999,0.9773
-0.06,-0.76,0.9999,0.9825
-0.04,-0.76,0.9999,0.9864
-0.02,-0.76,0.9999,0.9894
0.0,-0.76,0.9999,0.9896
0.02,-0.76,0.9999,0.9886
0.04,-0.76,0.9999,0.9873
0.06,-0.76,0.9999,0.9858
0.08,-0.76,0.9999,0.984
0.1,-0.76,0.9998,0.9818
0.12,-0.76,0.9997,0.9787
0.14,-0.76,0.9994,0.9738
0.16,-0.76,0.9989,0.9664
0.18,-0.76,0.998,0.9569
0.2,-0.76,0.9965,0.945
0.22,-0.76,0.9937,0.9299
0.24,-0.76,0.9887,0.9111
0.26,-0.76,0.98,0.8878
0.28,-0.76,0.9647,0.8595
0.3,-0.76,0.9385,0.8253
0.32,-0.76,0.895,0.7851
0.34,-0.76,0.8309,0.7385
0.36,-0.76,0.7402,0.6859
0.38,-0.76,0.6233,0.6281
0.4,-0.76,0.49,0.5664
0.42,-0.76,0.3581,0.5025
0.44,-0.76,0.2447,0.4385
0.46,-0.76,0.1584,0.3765
0.48,-0.76,0.0985,0.3183
0.5,-0.76,0.0597,0.2653
0.52,-0.76,0.0355,0.2183
0.54,-0.76,0.021,0.1776
0.56,-0.76,0.0123,0.1431
0.58,-0.76,0.0072,0.1143
0.6,-0.76,0.0042,0.0908
0.62,-0.76,0.0024,0.0717
0.64,-0.76,0.0014,0.0563
0.66,-0.76,0.0008,0.0441
0.68,-0.76,0.0005,0.0345
0.7,-0.76,0.0003,0.0269
0.72,-0.76,0.0002,0.0209
0.74,-0.76,1e-04,0.0162
0.76,-0.76,1e-04,0.0126
0.78,-0.76,0.0,0.0098
0.8,-0.76,0.0,0.0076
0.82,-0.76,0.0,0.0059
0.84,-0.76,0.0,0.0045
0.86,-0.76,0.0,0.0035
0.88,-0.76,0.0,0.0027
0.9,-0.76,0.0,0.0021
0.92,-0.76,0.0,0.0016
0.94,-0.76,0.0,0.0013
0.96,-0.76,0.0,0.001
0.98,-0.76,0.0,0.0008
1.0,-0.76,0.0,0.0006
1.02,-0.76,0.0,0.0005
1.04,-0.76,0.0,0.0004
1.06,-0.76,0.0,0.0003
1.08,-0.76,0.0,0.0002
1.1,-0.76,0.0,0.0002
1.12,-0.76,0.0,1e-04
1.14,-0.76,0.0,1e-04
1.16,-0.76,0.0,1e-04
1.18,-0.76,0.0,1e-04
1.2,-0.76,0.0,0.0
1.22,-0.76,0.0,0.0
1.24,-0.76,0.0,0.0
1.26,-0.76,0.0,0.0
1.28,-0.76,0.0,0.0
1.3,-0.76,0.0,0.0
1.32,-0.76,0.0,0.0
1.34,-0.76,0.0,0.0
1.36,-0.76,0.0,0.0
1.38,-0.76,0.0,0.0
1.4,-0.76,0.0,0.0
1.42,-0.76,0.0,0.0
1.44,-0.76,0.0,0.0
1.46,-0.76,0.0,0.0
1.48,-0.76,0.0,0.0
1.5,-0.76,0.0,0.0
1.52,-0.76,0.0,0.0
1.54,-0.76,0.0,0.0
1.56,-0.76,0.0,0.0
1.58,-0.76,0.0,0.0
1.6,-0.76,0.0,0.0
-1.6,-0.74,0.0,0.0
-1.58,-0.74,0.0,0.0
-1.56,-0.74,0.0,0.0
-1.54,-0.74,0.0,0.0
-1.52,-0.74,0.0,0.0
-1.5,-0.74,0.0,0.0
-1.48,-0.74,0.0,0.0
-1.46,-0.74,0.0,0.0
-1.44,-0.74,0.0,0.0
-1.42,-0.74,0.0,0.0
-1.4,-0.74,0.0,0.0
-1.38,-0.74,0.0,0.0
-1.36,-0.74,0.0,0.0
-1.34,-0.74,0.0,0.0
-1.32,-0.74,0.0,0.0
-1.3,-0.74,0.0,0.0
-1.28,-0.74,0.0,0.0
-1.26,-0.74,0.0,0.0
-1.24,-0.74,0.0,0.0
-1.22,-0.74,0.0,0.0
-1.2,-0.74,0.0,0.0
-1.18,-0.74,0.0,0.0
-1.16,-0.74,0.0,0.0
-1.14,-0.74,0.0,0.0
-1.12,-0.74,0.0,0.0
-1.1,-0.74,0.0,0.0
-1.08,-0.74,0.0,0.0
-1.06,-0.74,0.0,1e-04
-1.04,-0.74,0.0,1e-04
-1.02,-0.74,0.0,1e-04
-1.0,-0.74,0.0,0.0002
-0.98,-0.74,0.0,0.0002
-0.96,-0.74,0.0,0.0004
-0.94,-0.74,0.0,0.0005
-0.92,-0.74,0.0,0.0007
-0.9,-0.74,0.0,0.0011
-0.88,-0.74,0.0,0.0015
-0.86,-0.74,0.0,0.0022
-0.84,-0.74,0.0,0.003
-0.82,-0.74,0.0,0.004
-0.8,-0.74,0.0,0.0052
-0.78,-0.74,0.0,0.0068
-0.76,-0.74,0.0,0.0088
-0.74,-0.74,0.0,0.0114
-0.72,-0.74,1e-04,0.0147
-0.7,-0.74,1e-04,0.019
-0.68,-0.74,0.0002,0.0245
-0.66,-0.74,0.0004,0.0315
-0.64,-0.74,0.0007,0.0406
-0.62,-0.74,0.0012,0.052
-0.6,-0.74,0.0022,0.0664
-0.58,-0.74,0.004,0.0845
-0.56,-0.74,0.0073,0.107
-0.54,-0.74,0.0132,0.1346
-0.52,-0.74,0.0239,0.1679
-0.5,-0.74,0.0428,0.2075
-0.48,-0.74,0.0755,0.2536
-0.46,-0.74,0.1299,0.306
-0.44,-0.74,0.2142,0.364
-0.42,-0.74,0.3325,0.4261
-0.4,-0.74,0.4842,0.4909
-0.38,-0.74,0.6394,0.5562
-0.36,-0.74,0.7701,0.6196
-0.34,-0.74,0.8635,0.6791
-0.32,-0.74,0.9228,0.7333
-0.3,-0.74,0.9576,0.7814
-0.28,-0.74,0.9771,0.8228
-0.26,-0.74,0.9874,0.8579
-0.24,-0.74,0.9923,0.8869
-0.22,-0.74,0.9949,0.9107
-0.2,-0.74,0.9966,0.9298
-0.18,-0.74,0.9976,0.9451
-0.16,-0.74,0.9984,0.9572
-0.14,-0.74,0.9993,0.9667
-0.12,-0.74,0.9997,0.9742
-0.1,-0.74,0.9998,0.98
-0.08,-0.74,0.9999,0.9846
-0.06,-0.74,0.9999,0.9881
-0.04,-0.74,0.9999,0.9908
-0.02,-0.74,0.9999,0.9925
0.0,-0.74,0.9999,0.9917
0.02,-0.74,0.9999,0.9908
0.04,-0.74,0.9999,0.9898
0.06,-0.74,0.9999,0.9885
0.08,-0.74,0.9999,0.9871
0.1,-0.74,0.9999,0.9854
0.12,-0.74,0.9998,0.9829
0.14,-0.74,0.9996,0.9794
0.16,-0.74,0.9994,0.9735
0.18,-0.74,0.9989,0.9659
0.2,-0.74,0.9979,0.9564
0.22,-0.74,0.9963,0.9442
0.24,-0.74,0.9934,0.929
0.26,-0.74,0.9883,0.9099
0.28,-0.74,0.9793,0.8865
0.3,-0.74,0.964,0.8579
0.32,-0.74,0.9395,0.8236
0.34,-0.74,0.9001,0.7831
0.36,-0.74,0.8395,0.7363
0.38,-0.74,0.7523,0.6835
0.4,-0.74,0.6382,0.6254
0.42,-0.74,0.506,0.5635
0.44,-0.74,0.373,0.4996
0.46,-0.74,0.2568,0.4357
0.48,-0.74,0.1671,0.3738
0.5,-0.74,0.1043,0.3158
0.52,-0.74,0.0634,0.2631
0.54,-0.74,0.0378,0.2163
0.56,-0.74,0.0223,0.1759
0.58,-0.74,0.0131,0.1417
0.6,-0.74,0.0076,0.1132
0.62,-0.74,0.0044,0.0898
0.64,-0.74,0.0026,0.0709
0.66,-0.74,0.0015,0.0557
0.68,-0.74,0.0009,0.0436
0.7,-0.74,0.0005,0.0341
0.72,-0.74,0.0003,0.0266
0.74,-0.74,0.0002,0.0207
0.76,-0.74,1e-04,0.0161
0.78,-0.74,1e-04,0.0125
0.8,-0.74,0.0,0.0096
0.82,-0.74,0.0,0.0075
0.84,-0.74,0.0,0.0058
0.86,-0.74,0.0,0.0045
0.88,-0.74,0.0,0.0035
0.9,-0.74,0.0,0.0027
0.92,-0.74,0.0,0.0021
0.94,-0.74,0.0,0.0016
0.96,-0.74,0.0,0.0012
0.98,-0.74,0.0,0.001
1.0,-0.74,0.0,0.0007
1.02,-0.74,0.0,0.0006
1.04,-0.74,0.0,0.0004
1.06,-0.74,0.0,0.0003
1.08,-0.74,0.0,0.0003
1.1,-0.74,0.0,0.0002
1.12,-0.74,0.0,0.0002
1.14,-0.74,0.0,1e-04
1.16,-0.74,0.0,1e-04
1.18,-0.74,0.0,1e-04
1.2,-0.74,0.0,1e-04
1.22,-0.74,0.0,0.0
1.24,-0.74,0.0,0.0
1.26,-0.74,0.0,0.0
1.28,-0.74,0.0,0.0
1.3,-0.74,0.0,0.0
1.32,-0.74,0.0,0.0
1.34,-0.74,0.0,0.0
1.36,-0.74,0.0,0.0
1.38,-0.74,0.0,0.0
1.4,-0.74,0.0,0.0
1.42,-0.74,0.0,0.0
1.44,-0.74,0.0,0.0
1.46,-0.74,0.0,0.0
1.48,-0.74,0.0,0.0
1.5,-0.74,0.0,0.0
1.52,-0.74,0.0,0.0
1.54,-0.74,0.0,0.0
1.56,-0.74,0.0,0.0
1.58,-0.74,0.0,0.0
1.6,-0.74,0.0,0.0
-1.6,-0.72,0.0,0.0
-1.58,-0.72,0.0,0.0
-1.56,-0.72,0.0,0.0
-1.54,-0.72,0.0,0.0
-1.52,-0.72,0.0,0.0
-1.5,-0.72,0.0,0.0
-1.48,-0.72,0.0,0.0
-1.46,-0.72,0.0,0.0
-1.44,-0.72,0.0,0.0
-1.42,-0.72,0.0,0.0
-1.4,-0.72,0.0,0.0
-1.38,-0.72,0.0,0.0
-1.36,-0.72,0.0,0.0
-1.34,-0.72,0.0,0.0
-1.32,-0.72,0.0,0.0
-1.3,-0.72,0.0,0.0
-1.28,-0.72,0.0,0.0
-1.26,-0.72,0.0,0.0
-1.24,-0.72,0.0,0.0
-1.22,-0.72,0.0,0.0
-1.2,-0.72,0.0,0.0
-1.18,-0.72,0.0,0.0
-1.16,-0.72,0.0,0.0
-1.14,-0.72,0.0,0.0
-1.12,-0.72,0.0,0.0
-1.1,-0.72,0.0,0.0
-1.08,-0.72,0.0,1e-04
-1.06,-0.72,0.0,1e-04
-1.04,-0.72,0.0,1e-04
-1.02,-0.72,0.0,0.0002
-1.0,-0.72,0.0,0.0002
-0.98,-0.72,0.0,0.0003
-0.96,-0.72,0.0,0.0005
-0.94,-0.72,0.0,0.0007
-0.92,-0.72,0.0,0.001
-0.9,-0.72,0.0,0.0014
-0.88,-0.72,0.0,0.002
-0.86,-0.72,0.0,0.0029
-0.84,-0.72,0.0,0.0042
-0.82,-0.72,0.0,0.0058
-0.8,-0.72,0.0,0.0077
-0.78,-0.72,0.0,0.01
-0.76,-0.72,0.0,0.013
-0.74,-0.72,1e-04,0.0168
-0.72,-0.72,1e-04,0.0216
-0.7,-0.72,0.0002,0.0279
-0.68,-0.72,0.0005,0.0359
-0.66,-0.72,0.0008,0.0461
-0.64,-0.72,0.0015,0.059
-0.62,-0.72,0.0027,0.0752
-0.6,-0.72,0.005,0.0955
-0.58,-0.72,0.0091,0.1205
-0.56,-0.72,0.0165,0.1509
-0.54,-0.72,0.0298,0.1874
-0.52,-0.72,0.0531,0.2304
-0.5,-0.72,0.0929,0.2798
-0.48,-0.72,0.1576,0.3351
-0.46,-0.72,0.2548,0.3954
-0.44,-0.72,0.3844,0.4591
-0.42,-0.72,0.5329,0.5241
-0.4,-0.72,0.6757,0.5884
-0.38,-0.72,0.7956,0.6499
-0.36,-0.72,0.8803,0.7068
-0.34,-0.72,0.9328,0.758
-0.32,-0.72,0.9633,0.8028
-0.3,-0.72,0.9802,0.841
-0.28,-0.72,0.9894,0.873
-0.26,-0.72,0.9941,0.8993
-0.24,-0.72,0.9963,0.9207
-0.22,-0.72,0.9976,0.9378
-0.2,-0.72,0.9983,0.9515
-0.18,-0.72,0.9989,0.9622
-0.16,-0.72,0.9992,0.9707
-0.14,-0.72,0.9996,0.9773
-0.12,-0.72,0.9998,0.9824
-0.1,-0.72,0.9999,0.9864
-0.08,-0.72,1.0,0.9895
-0.06,-0.72,1.0,0.9919
-0.04,-0.72,1.0,0.9938
-0.02,-0.72,1.0,0.994
0.0,-0.72,1.0,0.9934
0.02,-0.72,1.0,0.9926
0.04,-0.72,1.0,0.9918
0.06,-0.72,1.0,0.9908
0.08,-0.72,0.9999,0.9896
0.1,-0.72,0.9999,0.9882
0.12,-0.72,0.9999,0.9862
0.14,-0.72,0.9998,0.9838
0.16,-0.72,0.9996,0.9791
0.18,-0.72,0.9993,0.9731
0.2,-0.72,0.9988,0.9655
0.22,-0.72,0.9979,0.9558
0.24,-0.72,0.9962,0.9435
0.26,-0.72,0.9932,0.9281
0.28,-0.72,0.9883,0.909
0.3,-0.72,0.98,0.8853
0.32,-0.72,0.9661,0.8565
0.34,-0.72,0.943,0.8219
0.36,-0.72,0.9057,0.7811
0.38,-0.72,0.848,0.734
0.4,-0.72,0.7641,0.6809
0.42,-0.72,0.6529,0.6227
0.44,-0.72,0.522,0.5607
0.46,-0.72,0.3881,0.4967
0.48,-0.72,0.2692,0.4328
0.5,-0.72,0.1762,0.3711
0.52,-0.72,0.1105,0.3133
0.54,-0.72,0.0673,0.2608
0.56,-0.72,0.0402,0.2144
0.58,-0.72,0.0237,0.1742
0.6,-0.72,0.0139,0.1403
0.62,-0.72,0.0081,0.112
0.64,-0.72,0.0047,0.0889
0.66,-0.72,0.0028,0.0701
0.68,-0.72,0.0016,0.0551
0.7,-0.72,0.0009,0.0432
0.72,-0.72,0.0005,0.0337
0.74,-0.72,0.0003,0.0263
0.76,-0.72,0.0002,0.0204
0.78,-0.72,1e-04,0.0159
0.8,-0.72,1e-04,0.0123
0.82,-0.72,0.0,0.0095
0.84,-0.72,0.0,0.0074
0.86,-0.72,0.0,0.0057
0.88,-0.72,0.0,0.0044
0.9,-0.72,0.0,0.0034
0.92,-0.72,0.0,0.0027
0.94,-0.72,0.0,0.0021
0.96,-0.72,0.0,0.0016
0.98,-0.72,0.0,0.0012
1.0,-0.72,0.0,0.001
1.02,-0.72,0.0,0.0007
1.04,-0.72,0.0,0.0006
1.06,-0.72,0.0,0.0004
1.08,-0.72,0.0,0.0003
1.1,-0.72,0.0,0.0003
1.12,-0.72,0.0,0.0002
1.14,-0.72,0.0,0.0002
1.16,-0.72,0.0,1e-04
1.18,-0.72,0.0,1e-04
1.2,-0.72,0.0,1e-04
1.22,-0.72,0.0,1e-04
1.24,-0.72,0.0,0.0
1.26,-0.72,0.0,0.0
1.28,-0.72,0.0,0.0
1.3,-0.72,0.0,0.0
1.32,-0.72,0.0,0.0
1.34,-0.72,0.0,0.0
1.36,-0.72,0.0,0.0
1.38,-0.72,0.0,0.0
1.4,-0.72,0.0,0.0
1.42,-0.72,0.0,0.0
1.44,-0.72,0.0,0.0
1.46,-0.72,0.0,0.0
1.48,-0.72,0.0,0.0
1.5,-0.72,0.0,0.0
1.52,-0.72,0.0,0.0
1.54,-0.72,0.0,0.0
1.56,-0.72,0.0,0.0
1.58,-0.72,0.0,0.0
1.6,-0.72,0.0,0.0
-1.6,-0.7,0.0,0.0
-1.58,-0.7,0.0,0.0
-1.56,-0.7,0.0,0.0
-1.54,-0.7,0.0,0.0
-1.52,-0.7,0.0,0.0
-1.5,-0.7,0.0,0.0
-1.48,-0.7,0.0,0.0
-1.46,-0.7,0.0,0.0
-1.44,-0.7,0.0,0.0
-1.42,-0.7,0.0,0.0
-1.4,-0.7,0.0,0.0
-1.38,-0.7,0.0,0.0
-1.36,-0.7,0.0,0.0
-1.34,-0.7,0.0,0.0
-1.32,-0.7,0.0,0.0
-1.3,-0.7,0.0,0.0
-1.28,-0.7,0.0,0.0
-1.26,-0.7,0.0,0.0
-1.24,-0.7,0.0,0.0
-1.22,-0.7,0.0,0.0
-1.2,-0.7,0.0,0.0
-1.18,-0.7,0.0,0.0
-1.16,-0.7,0.0,0.0
-1.14,-0.7,0.0,0.0
-1.12,-0.7,0.0,0.0
-1.1,-0.7,0.0,0.0
-1.08,-0.7,0.0,1e-04
-1.06,-0.7,0.0,1e-04
-1.04,-0.7,0.0,1e-04
-1.02,-0.7,0.0,0.0002
-1.0,-0.7,0.0,0.0003
-0.98,-0.7,0.0,0.0004
-0.96,-0.7,0.0,0.0006
-0.94,-0.7,0.0,0.0009
-0.92,-0.7,0.0,0.0013
-0.9,-0.7,0.0,0.0019
-0.88,-0.7,0.0,0.0027
-0.86,-0.7,0.0,0.0039
-0.84,-0.7,0.0,0.0056
-0.82,-0.7,0.0,0.0081
-0.8,-0.7,0.0,0.0112
-0.78,-0.7,1e-04,0.0148
-0.76,-0.7,1e-04,0.0191
-0.74,-0.7,0.0002,0.0247
-0.72,-0.7,0.0003,0.0318
-0.7,-0.7,0.0006,0.0408
-0.68,-0.7,0.001,0.0523
-0.66,-0.7,0.0019,0.0669
-0.64,-0.7,0.0034,0.0851
-0.62,-0.7,0.0063,0.1077
-0.6,-0.7,0.0114,0.1354
-0.58,-0.7,0.0206,0.1689
-0.56,-0.7,0.0371,0.2087
-0.54,-0.7,0.0657,0.255
-0.52,-0.7,0.1138,0.3075
-0.5,-0.7,0.1901,0.3656
-0.48,-0.7,0.3,0.4278
-0.46,-0.7,0.4391,0.4925
-0.44,-0.7,0.5885,0.5574
-0.42,-0.7,0.7232,0.6203
-0.4,-0.7,0.8268,0.6795
-0.38,-0.7,0.8971,0.7334
-0.36,-0.7,0.9416,0.7813
-0.34,-0.7,0.9682,0.8227
-0.32,-0.7,0.9829,0.8577
-0.3,-0.7,0.9909,0.8868
-0.28,-0.7,0.9952,0.9105
-0.26,-0.7,0.9973,0.9297
-0.24,-0.7,0.9982,0.945
-0.22,-0.7,0.9988,0.9571
-0.2,-0.7,0.9992,0.9667
-0.18,-0.7,0.9994,0.9742
-0.16,-0.7,0.9996,0.98
-0.14,-0.7,0.9998,0.9845
-0.12,-0.7,0.9999,0.9881
-0.1,-0.7,1.0,0.9908
-0.08,-0.7,1.0,0.9929
-0.06,-0.7,1.0,0.9945
-0.04,-0.7,1.0,0.9956
-0.02,-0.7,1.0,0.9952
0.0,-0.7,1.0,0.9947
0.02,-0.7,1.0,0.9941
0.04,-0.7,1.0,0.9934
0.06,-0.7,1.0,0.9926
0.08,-0.7,1.0,0.9916
0.1,-0.7,1.0,0.9905
0.12,-0.7,0.9999,0.9889
0.14,-0.7,0.9999,0.987
0.16,-0.7,0.9998,0.9835
0.18,-0.7,0.9996,0.9788
0.2,-0.7,0.9993,0.9727
0.22,-0.7,0.9988,0.965
0.24,-0.7,0.9978,0.9552
0.26,-0.7,0.9963,0.9429
0.28,-0.7,0.9936,0.9273
0.3,-0.7,0.989,0.908
0.32,-0.7,0.9812,0.8841
0.34,-0.7,0.9681,0.8551
0.36,-0.7,0.9463,0.8202
0.38,-0.7,0.911,0.7792
0.4,-0.7,0.856,0.7318
0.42,-0.7,0.7754,0.6784
0.44,-0.7,0.6673,0.62
0.46,-0.7,0.538,0.5578
0.48,-0.7,0.4034,0.4938
0.5,-0.7,0.282,0.43
0.52,-0.7,0.1857,0.3684
0.54,-0.7,0.117,0.3109
0.56,-0.7,0.0714,0.2586
0.58,-0.7,0.0428,0.2124
0.6,-0.7,0.0253,0.1726
0.62,-0.7,0.0148,0.1389
0.64,-0.7,0.0087,0.1109
0.66,-0.7,0.0051,0.088
0.68,-0.7,0.0029,0.0694
0.7,-0.7,0.0017,0.0545
0.72,-0.7,0.001,0.0427
0.74,-0.7,0.0006,0.0333
0.76,-0.7,0.0003,0.0259
0.78,-0.7,0.0002,0.0202
0.8,-0.7,1e-04,0.0157
0.82,-0.7,1e-04,0.0121
0.84,-0.7,0.0,0.0094
0.86,-0.7,0.0,0.0073
0.88,-0.7,0.0,0.0057
0.9,-0.7,0.0,0.0044
0.92,-0.7,0.0,0.0034
0.94,-0.7,0.0,0.0026
0.96,-0.7,0.0,0.002
0.98,-0.7,0.0,0.0016
1.0,-0.7,0.0,0.0012
1.02,-0.7,0.0,0.001
1.04,-0.7,0.0,0.0007
1.06,-0.7,0.0,0.0006
1.08,-0.7,0.0,0.0004
1.1,-0.7,0.0,0.0003
1.12,-0.7,0.0,0.0003
1.14,-0.7,0.0,0.0002
1.16,-0.7,0.0,0.0002
1.18,-0.7,0.0,1e-04
1.2,-0.7,0.0,1e-04
1.22,-0.7,0.0,1e-04
1.24,-0.7,0.0,1e-04
1.26,-0.7,0.0,0.0
1.28,-0.7,0.0,0.0
1.3,-0.7,0.0,0.0
1.32,-0.7,0.0,0.0
1.34,-0.7,0.0,0.0
1.36,-0.7,0.0,0.0
1.38,-0.7,0.0,0.0
1.4,-0.7,0.0,0.0
1.42,-0.7,0.0,0.0
1.44,-0.7,0.0,0.0
1.46,-0.7,0.0,0.0
1.48,-0.7,0.0,0.0
1.5,-0.7,0.0,0.0
1.52,-0.7,0.0,0.0
1.54,-0.7,0.0,0.0
1.56,-0.7,0.0,0.0
1.58,-0.7,0.0,0.0
1.6,-0.7,0.0,0.0
-1.6,-0.68,0.0,0.0
-1.58,-0.68,0.0,0.0
-1.56,-0.68,0.0,0.0
-1.54,-0.68,0.0,0.0
-1.52,-0.68,0.0,0.0
-1.5,-0.68,0.0,0.0
-1.48,-0.68,0.0,0.0
-1.46,-0.68,0.0,0.0
-1.44,-0.68,0.0,0.0
-1.42,-0.68,0.0,0.0
-1.4,-0.68,0.0,0.0
-1.38,-0.68,0.0,0.0
-1.36,-0.68,0.0,0.0
-1.34,-0.68,0.0,0.0
-1.32,-0.68,0.0,0.0
-1.3,-0.68,0.0,0.0
-1.28,-0.68,0.0,0.0
-1.26,-0.68,0.0,0.0
-1.24,-0.68,0.0,0.0
-1.22,-0.68,0.0,0.0
-1.2,-0.68,0.0,0.0
-1.18,-0.68,0.0,0.0
-1.16,-0.68,0.0,0.0
-1.14,-0.68,0.0,0.0
-1.12,-0.68,0.0,0.0
-1.1,-0.68,0.0,1e-04
-1.08,-0.68,0.0,1e-04
-1.06,-0.68,0.0,1e-04
-1.04,-0.68,0.0,0.0002
-1.02,-0.68,0.0,0.0003
-1.0,-0.68,0.0,0.0004
-0.98,-0.68,0.0,0.0006
-0.96,-0.68,0.0,0.0008
-0.94,-0.68,0.0,0.0012
-0.92,-0.68,0.0,0.0017
-0.9,-0.68,0.0,0.0025
-0.88,-0.68,0.0,0.0036
-0.86,-0.68,0.0,0.0052
-0.84,-0.68,0.0,0.0075
-0.82,-0.68,0.0,0.0108
-0.8,-0.68,1e-04,0.0155
-0.78,-0.68,1e-04,0.0214
-0.76,-0.68,0.0002,0.0281
-0.74,-0.68,0.0004,0.0361
-0.72,-0.68,0.0007,0.0464
-0.7,-0.68,0.0013,0.0594
-0.68,-0.68,0.0024,0.0757
-0.66,-0.68,0.0043,0.0961
-0.64,-0.68,0.0079,0.1212
-0.62,-0.68,0.0143,0.1518
-0.6,-0.68,0.0257,0.1885
-0.58,-0.68,0.046,0.2316
-0.56,-0.68,0.081,0.2812
-0.54,-0.68,0.1387,0.3367
-0.52,-0.68,0.2273,0.3971
-0.5,-0.68,0.3496,0.4609
-0.48,-0.68,0.4954,0.5259
-0.46,-0.68,0.642,0.5901
-0.44,-0.68,0.7661,0.6513
-0.42,-0.68,0.8568,0.7079
-0.4,-0.68,0.9162,0.7588
-0.38,-0.68,0.9523,0.8032
-0.36,-0.68,0.9733,0.8412
-0.34,-0.68,0.9853,0.873
-0.32,-0.68,0.9921,0.8993
-0.3,-0.68,0.9958,0.9206
-0.28,-0.68,0.9978,0.9378
-0.26,-0.68,0.9987,0.9514
-0.24,-0.68,0.9992,0.9622
-0.22,-0.68,0.9994,0.9706
-0.2,-0.68,0.9996,0.9773
-0.18,-0.68,0.9997,0.9824
-0.16,-0.68,0.9998,0.9864
-0.14,-0.68,0.9999,0.9895
-0.12,-0.68,1.0,0.9919
-0.1,-0.68,1.0,0.9938
-0.08,-0.68,1.0,0.9952
-0.06,-0.68,1.0,0.9963
-0.04,-0.68,1.0,0.9965
-0.02,-0.68,1.0,0.9962
0.0,-0.68,1.0,0.9957
0.02,-0.68,1.0,0.9953
0.04,-0.68,1.0,0.9947
0.06,-0.68,1.0,0.994
0.08,-0.68,1.0,0.9932
0.1,-0.68,1.0,0.9924
0.12,-0.68,1.0,0.9911
0.14,-0.68,0.9999,0.9896
0.16,-0.68,0.9999,0.9871
0.18,-0.68,0.9998,0.9833
0.2,-0.68,0.9996,0.9786
0.22,-0.68,0.9993,0.9724
0.24,-0.68,0.9988,0.9646
0.26,-0.68,0.998,0.9547
0.28,-0.68,0.9965,0.9422
0.3,-0.68,0.994,0.9266
0.32,-0.68,0.9897,0.907
0.34,-0.68,0.9824,0.8829
0.36,-0.68,0.97,0.8537
0.38,-0.68,0.9495,0.8185
0.4,-0.68,0.9161,0.7772
0.42,-0.68,0.8638,0.7295
0.44,-0.68,0.7864,0.6759
0.46,-0.68,0.6813,0.6173
0.48,-0.68,0.5539,0.555
0.5,-0.68,0.419,0.4909
0.52,-0.68,0.2951,0.4272
0.54,-0.68,0.1956,0.3657
0.56,-0.68,0.1237,0.3084
0.58,-0.68,0.0758,0.2564
0.6,-0.68,0.0455,0.2105
0.62,-0.68,0.0269,0.1709
0.64,-0.68,0.0158,0.1375
0.66,-0.68,0.0092,0.1098
0.68,-0.68,0.0054,0.087
0.7,-0.68,0.0031,0.0687
0.72,-0.68,0.0018,0.0539
0.74,-0.68,0.0011,0.0422
0.76,-0.68,0.0006,0.0329
0.78,-0.68,0.0004,0.0256
0.8,-0.68,0.0002,0.0199
0.82,-0.68,1e-04,0.0155
0.84,-0.68,1e-04,0.012
0.86,-0.68,0.0,0.0093
0.88,-0.68,0.0,0.0072
0.9,-0.68,0.0,0.0056
0.92,-0.68,0.0,0.0043
0.94,-0.68,0.0,0.0034
0.96,-0.68,0.0,0.0026
0.98,-0.68,0.0,0.002
1.0,-0.68,0.0,0.0016
1.02,-0.68,0.0,0.0012
1.04,-0.68,0.0,0.0009
1.06,-0.68,0.0,0.0007
1.08,-0.68,0.0,0.0006
1.1,-0.68,0.0,0.0004
1.12,-0.68,0.0,0.0003
1.14,-0.68,0.0,0.0003
1.16,-0.68,0.0,0.0002
1.18,-0.68,0.0,0.0002
1.2,-0.68,0.0,1e-04
1.22,-0.68,0.0,1e-04
1.24,-0.68,0.0,1e-04
1.26,-0.68,0.0,1e-04
1.28,-0.68,0.0,0.0
1.3,-0.68,0.0,0.0
1.32,-0.68,0.0,0.0
1.34,-0.68,0.0,0.0
1.36,-0.68,0.0,0.0
1.38,-0.68,0.0,0.0
1.4,-0.68,0.0,0.0
1.42,-0.68,0.0,0.0
1.44,-0.68,0.0,0.0
1.46,-0.68,0.0,0.0
1.48,-0.68,0.0,0.0
1.5,-0.68,0.0,0.0
1.52,-0.68,0.0,0.0
1.54,-0.68,0.0,0.0
1.56,-0.68,0.0,0.0
1.58,-0.68,0.0,0.0
1.6,-0.68,0.0,0.0
-1.6,-0.66,0.0,0.0
-1.58,-0.66,0.0,0.0
-1.56,-0.66,0.0,0.0
-1.54,-0.66,0.0,0.0
-1.52,-0.66,0.0,0.0
-1.5,-0.66,0.0,0.0
-1.48,-0.66,0.0,0.0
-1.46,-0.66,0.0,0.0
-1.44,-0.66,0.0,0.0
-1.42,-0.66,0.0,0.0
-1.4,-0.66,0.0,0.0
-1.38,-0.66,0.0,0.0
-1.36,-0.66,0.0,0.0
-1.34,-0.66,0.0,0.0
-1.32,-0.66,0.0,0.0
-1.3,-0.66,0.0,0.0
-1.28,-0.66,0.0,0.0
-1.26,-0.66,0.0,0.0
-1.24,-0.66,0.0,0.0
-1.22,-0.66,0.0,0.0
-1.2,-0.66,0.0,0.0
-1.18,-0.66,0.0,0.0
-1.16,-0.66,0.0,0.0
-1.14,-0.66,0.0,0.0
-1.12,-0.66,0.0,1e-04
-1.1,-0.66,0.0,1e-04
-1.08,-0.66,0.0,1e-04
-1.06,-0.66,0.0,0.0002
-1.04,-0.66,0.0,0.0003
-1.02,-0.66,0.0,0.0004
-1.0,-0.66,0.0,0.0005
-0.98,-0.66,0.0,0.0008
-0.96,-0.66,0.0,0.0011
-0.94,-0.66,0.0,0.0016
-0.92,-0.66,0.0,0.0023
-0.9,-0.66,0.0,0.0034
-0.88,-0.66,0.0,0.0048
-0.86,-0.66,0.0,0.007
-0.84,-0.66,0.0,0.01
-0.82,-0.66,1e-04,0.0144
-0.8,-0.66,1e-04,0.0206
-0.78,-0.66,0.0003,0.0294
-0.76,-0.66,0.0005,0.0405
-0.74,-0.66,0.0009,0.0527
-0.72,-0.66,0.0016,0.0673
-0.7,-0.66,0.003,0.0856
-0.68,-0.66,0.0054,0.1084
-0.66,-0.66,0.0098,0.1362
-0.64,-0.66,0.0178,0.1699
-0.62,-0.66,0.0321,0.2098
-0.6,-0.66,0.0571,0.2563
-0.58,-0.66,0.0995,0.309
-0.56,-0.66,0.168,0.3672
-0.54,-0.66,0.2695,0.4295
-0.52,-0.66,0.4026,0.4942
-0.5,-0.66,0.5517,0.5591
-0.48,-0.66,0.6922,0.622
-0.46,-0.66,0.8042,0.681
-0.44,-0.66,0.8824,0.7348
-0.42,-0.66,0.932,0.7824
-0.4,-0.66,0.9616,0.8235
-0.38,-0.66,0.9786,0.8582
-0.36,-0.66,0.9882,0.8871
-0.34,-0.66,0.9935,0.9107
-0.32,-0.66,0.9964,0.9297
-0.3,-0.66,0.9981,0.945
-0.28,-0.66,0.999,0.9571
-0.26,-0.66,0.9994,0.9667
-0.24,-0.66,0.9996,0.9741
-0.22,-0.66,0.9997,0.98
-0.2,-0.66,0.9998,0.9845
-0.18,-0.66,0.9999,0.988
-0.16,-0.66,0.9999,0.9908
-0.14,-0.66,1.0,0.9929
-0.12,-0.66,1.0,0.9945
-0.1,-0.66,1.0,0.9958
-0.08,-0.66,1.0,0.9967
-0.06,-0.66,1.0,0.9974
-0.04,-0.66,1.0,0.9972
-0.02,-0.66,1.0,0.9969
0.0,-0.66,1.0,0.9966
0.02,-0.66,1.0,0.9962
0.04,-0.66,1.0,0.9957
0.06,-0.66,1.0,0.9952
0.08,-0.66,1.0,0.9946
0.1,-0.66,1.0,0.9939
0.12,-0.66,1.0,0.9928
0.14,-0.66,1.0,0.9916
0.16,-0.66,0.9999,0.9899
0.18,-0.66,0.9999,0.9869
0.2,-0.66,0.9998,0.9831
0.22,-0.66,0.9996,0.9783
0.24,-0.66,0.9994,0.9721
0.26,-0.66,0.9989,0.9642
0.28,-0.66,0.9981,0.9542
0.3,-0.66,0.9967,0.9416
0.32,-0.66,0.9944,0.9258
0.34,-0.66,0.9903,0.906
0.36,-0.66,0.9835,0.8818
0.38,-0.66,0.9718,0.8522
0.4,-0.66,0.9525,0.8168
0.42,-0.66,0.9209,0.7752
0.44,-0.66,0.8711,0.7272
0.46,-0.66,0.797,0.6734
0.48,-0.66,0.6951,0.6145
0.5,-0.66,0.5697,0.5521
0.52,-0.66,0.4346,0.488
0.54,-0.66,0.3087,0.4243
0.56,-0.66,0.2059,0.3631
0.58,-0.66,0.1309,0.3059
0.6,-0.66,0.0804,0.2542
0.62,-0.66,0.0483,0.2086
0.64,-0.66,0.0286,0.1693
0.66,-0.66,0.0168,0.1361
0.68,-0.66,0.0098,0.1086
0.7,-0.66,0.0057,0.0861
0.72,-0.66,0.0033,0.0679
0.74,-0.66,0.0019,0.0532
0.76,-0.66,0.0011,0.0417
0.78,-0.66,0.0007,0.0325
0.8,-0.66,0.0004,0.0253
0.82,-0.66,0.0002,0.0197
0.84,-0.66,1e-04,0.0153
0.86,-0.66,1e-04,0.0119
0.88,-0.66,0.0,0.0092
0.9,-0.66,0.0,0.0072
0.92,-0.66,0.0,0.0056
0.94,-0.66,0.0,0.0043
0.96,-0.66,0.0,0.0033
0.98,-0.66,0.0,0.0026
1.0,-0.66,0.0,0.002
1.02,-0.66,0.0,0.0016
1.04,-0.66,0.0,0.0012
1.06,-0.66,0.0,0.0009
1.08,-0.66,0.0,0.0007
1.1,-0.66,0.0,0.0006
1.12,-0.66,0.0,0.0004
1.14,-0.66,0.0,0.0003
1.16,-0.66,0.0,0.0003
1.18,-0.66,0.0,0.0002
1.2,-0.66,0.0,0.0002
1.22,-0.66,0.0,1e-04
1.24,-0.66,0.0,1e-04
1.26,-0.66,0.0,1e-04
1.28,-0.66,0.0,1e-04
1.3,-0.66,0.0,0.0
1.32,-0.66,0.0,0.0
1.34,-0.66,0.0,0.0
1.36,-0.66,0.0,0.0
1.38,-0.66,0.0,0.0
1.4,-0.66,0.0,0.0
1.42,-0.66,0.0,0.0
1.44,-0.66,0.0,0.0
1.46,-0.66,0.0,0.0
1.48,-0.66,0.0,0.0
1.5,-0.66,0.0,0.0
1.52,-0.66,0.0,0.0
1.54,-0.66,0.0,0.0
1.56,-0.66,0.0,0.0
1.58,-0.66,0.0,0.0
1.6,-0.66,0.0,0.0
-1.6,-0.64,0.0,0.0
-1.58,-0.64,0.0,0.0
-1.56,-0.64,0.0,0.0
-1.54,-0.64,0.0,0.0
-1.52,-0.64,0.0,0.0
-1.5,-0.64,0.0,0.0
-1.48,-0.64,0.0,0.0
-1.46,-0.64,0.0,0.0
-1.44,-0.64,0.0,0.0
-1.42,-0.64,0.0,0.0
-1.4,-0.64,0.0,0.0
-1.38,-0.64,0.0,0.0
-1.36,-0.64,0.0,0.0
-1.34,-0.64,0.0,0.0
-1.32,-0.64,0.0,0.0
-1.3,-0.64,0.0,0.0
-1.28,-0.64,0.0,0.0
-1.26,-0.64,0.0,0.0
-1.24,-0.64,0.0,0.0
-1.22,-0.64,0.0,0.0
-1.2,-0.64,0.0,0.0
-1.18,-0.64,0.0,0.0
-1.16,-0.64,0.0,0.0
-1.14,-0.64,0.0,1e-04
-1.12,-0.64,0.0,1e-04
-1.1,-0.64,0.0,1e-04
-1.08,-0.64,0.0,0.0002
-1.06,-0.64,0.0,0.0002
-1.04,-0.64,0.0,0.0003
-1.02,-0.64,0.0,0.0005
-1.0,-0.64,0.0,0.0007
-0.98,-0.64,0.0,0.001
-0.96,-0.64,0.0,0.0015
-0.94,-0.64,0.0,0.0022
-0.92,-0.64,0.0,0.0031
-0.9,-0.64,0.0,0.0045
-0.88,-0.64,0.0,0.0064
-0.86,-0.64,0.0,0.0093
-0.84,-0.64,1e-04,0.0133
-0.82,-0.64,0.0002,0.0191
-0.8,-0.64,0.0003,0.0273
-0.78,-0.64,0.0006,0.039
-0.76,-0.64,0.0011,0.0551
-0.74,-0.64,0.002,0.0754
-0.72,-0.64,0.0037,0.0967
-0.7,-0.64,0.0068,0.122
-0.68,-0.64,0.0123,0.1527
-0.66,-0.64,0.0222,0.1896
-0.64,-0.64,0.0399,0.2329
-0.62,-0.64,0.0705,0.2826
-0.6,-0.64,0.1217,0.3383
-0.58,-0.64,0.202,0.3988
-0.56,-0.64,0.3162,0.4626
-0.54,-0.64,0.4579,0.5276
-0.52,-0.64,0.6068,0.5917
-0.5,-0.64,0.7382,0.6529
-0.48,-0.64,0.8374,0.7094
-0.46,-0.64,0.9039,0.76
-0.44,-0.64,0.945,0.8043
-0.42,-0.64,0.9691,0.8421
-0.4,-0.64,0.9829,0.8738
-0.38,-0.64,0.9905,0.8998
-0.36,-0.64,0.9948,0.921
-0.34,-0.64,0.9972,0.938
-0.32,-0.64,0.9984,0.9515
-0.3,-0.64,0.9991,0.9622
-0.28,-0.64,0.9995,0.9707
-0.26,-0.64,0.9997,0.9773
-0.24,-0.64,0.9998,0.9824
-0.22,-0.64,0.9999,0.9864
-0.2,-0.64,0.9999,0.9895
-0.18,-0.64,0.9999,0.9919
-0.16,-0.64,1.0,0.9938
-0.14,-0.64,1.0,0.9952
-0.12,-0.64,1.0,0.9963
-0.1,-0.64,1.0,0.9971
-0.08,-0.64,1.0,0.9978
-0.06,-0.64,1.0,0.9979
-0.04,-0.64,1.0,0.9977
-0.02,-0.64,1.0,0.9975
0.0,-0.64,1.0,0.9973
0.02,-0.64,1.0,0.9969
0.04,-0.64,1.0,0.9966
0.06,-0.64,1.0,0.9961
0.08,-0.64,1.0,0.9956
0.1,-0.64,1.0,0.9951
0.12,-0.64,1.0,0.9943
0.14,-0.64,1.0,0.9933
0.16,-0.64,1.0,0.992
0.18,-0.64,0.9999,0.9897
0.2,-0.64,0.9999,0.9868
0.22,-0.64,0.9998,0.983
0.24,-0.64,0.9996,0.9781
0.26,-0.64,0.9994,0.9718
0.28,-0.64,0.999,0.9638
0.3,-0.64,0.9982,0.9537
0.32,-0.64,0.9969,0.941
0.34,-0.64,0.9947,0.925
0.36,-0.64,0.9909,0.9051
0.38,-0.64,0.9845,0.8805
0.4,-0.64,0.9735,0.8507
0.42,-0.64,0.9553,0.8151
0.44,-0.64,0.9254,0.7732
0.46,-0.64,0.8782,0.7249
0.48,-0.64,0.8072,0.6708
0.5,-0.64,0.7085,0.6118
0.52,-0.64,0.5853,0.5493
0.54,-0.64,0.4505,0.4852
0.56,-0.64,0.3225,0.4215
0.58,-0.64,0.2166,0.3604
0.6,-0.64,0.1383,0.3035
0.62,-0.64,0.0853,0.252
0.64,-0.64,0.0514,0.2067
0.66,-0.64,0.0305,0.1677
0.68,-0.64,0.0179,0.1348
0.7,-0.64,0.0105,0.1074
0.72,-0.64,0.0061,0.0851
0.74,-0.64,0.0036,0.0671
0.76,-0.64,0.0021,0.0526
0.78,-0.64,0.0012,0.0412
0.8,-0.64,0.0007,0.0321
0.82,-0.64,0.0004,0.025
0.84,-0.64,0.0002,0.0195
0.86,-0.64,1e-04,0.0152
0.88,-0.64,1e-04,0.0118
0.9,-0.64,0.0,0.0092
0.92,-0.64,0.0,0.0071
0.94,-0.64,0.0,0.0055
0.96,-0.64,0.0,0.0043
0.98,-0.64,0.0,0.0033
1.0,-0.64,0.0,0.0026
1.02,-0.64,0.0,0.002
1.04,-0.64,0.0,0.0015
1.06,-0.64,0.0,0.0012
1.08,-0.64,0.0,0.0009
1.1,-0.64,0.0,0.0007
1.12,-0.64,0.0,0.0006
1.14,-0.64,0.0,0.0004
1.16,-0.64,0.0,0.0003
1.18,-0.64,0.0,0.0003
1.2,-0.64,0.0,0.0002
1.22,-0.64,0.0,0.0002
1.24,-0.64,0.0,1e-04
1.26,-0.64,0.0,1e-04
1.28,-0.64,0.0,1e-04
1.3,-0.64,0.0,1e-04
1.32,-0.64,0.0,0.0
1.34,-0.64,0.0,0.0
1.36,-0.64,0.0,0.0
1.38,-0.64,0.0,0.0
1.4,-0.64,0.0,0.0
1.42,-0.64,0.0,0.0
1.44,-0.64,0.0,0.0
1.46,-0.64,0.0,0.0
1.48,-0.64,0.0,0.0
1.5,-0.64,0.0,0.0
1.52,-0.64,0.0,0.0
1.54,-0.64,0.0,0.0
1.56,-0.64,0.0,0.0
1.58,-0.64,0.0,0.0
1.6,-0.64,0.0,0.0
-1.6,-0.62,0.0,0.0
-1.58,-0.62,0.0,0.0
-1.56,-0.62,0.0,0.0
-1.54,-0.62,0.0,0.0
-1.52,-0.62,0.0,0.0
-1.5,-0.62,0.0,0.0
-1.48,-0.62,0.0,0.0
-1.46,-0.62,0.0,0.0
-1.44,-0.62,0.0,0.0
-1.42,-0.62,0.0,0.0
-1.4,-0.62,0.0,0.0
-1.38,-0.62,0.0,0.0
-1.36,-0.62,0.0,0.0
-1.34,-0.62,0.0,0.0
-1.32,-0.62,0.0,0.0
-1.3,-0.62,0.0,0.0
-1.28,-0.62,0.0,0.0
-1.26,-0.62,0.0,0.0
-1.24,-0.62,0.0,0.0
-1.22,-0.62,0.0,0.0
-1.2,-0.62,0.0,0.0
-1.18,-0.62,0.0,0.0
-1.16,-0.62,0.0,0.0
-1.14,-0.62,0.0,1e-04
-1.12,-0.62,0.0,1e-04
-1.1,-0.62,0.0,1e-04
-1.08,-0.62,0.0,0.0002
-1.06,-0.62,0.0,0.0003
-1.04,-0.62,0.0,0.0004
-1.02,-0.62,0.0,0.0006
-1.0,-0.62,0.0,0.0009
-0.98,-0.62,0.0,0.0014
-0.96,-0.62,0.0,0.002
-0.94,-0.62,0.0,0.0029
-0.92,-0.62,0.0,0.0041
-0.9,-0.62,0.0,0.006
-0.88,-0.62,0.0,0.0086
-0.86,-0.62,1e-04,0.0123
-0.84,-0.62,0.0002,0.0177
-0.82,-0.62,0.0004,0.0253
-0.8,-0.62,0.0008,0.0361
-0.78,-0.62,0.0014,0.0513
-0.76,-0.62,0.0026,0.0724
-0.74,-0.62,0.0047,0.1009
-0.72,-0.62,0.0085,0.136
-0.7,-0.62,0.0154,0.1709
-0.68,-0.62,0.0277,0.211
-0.66,-0.62,0.0495,0.2576
-0.64,-0.62,0.0869,0.3105
-0.62,-0.62,0.148,0.3688
-0.6,-0.62,0.241,0.4313
-0.58,-0.62,0.367,0.496
-0.56,-0.62,0.5144,0.5608
-0.54,-0.62,0.6593,0.6236
-0.52,-0.62,0.7795,0.6826
-0.5,-0.62,0.8659,0.7362
-0.48,-0.62,0.9218,0.7836
-0.46,-0.62,0.9557,0.8245
-0.44,-0.62,0.9752,0.8591
-0.42,-0.62,0.9863,0.8878
-0.4,-0.62,0.9925,0.9113
-0.38,-0.62,0.9959,0.9302
-0.36,-0.62,0.9977,0.9453
-0.34,-0.62,0.9988,0.9573
-0.32,-0.62,0.9993,0.9668
-0.3,-0.62,0.9996,0.9742
-0.28,-0.62,0.9998,0.98
-0.26,-0.62,0.9999,0.9845
-0.24,-0.62,0.9999,0.9881
-0.22,-0.62,0.9999,0.9908
-0.2,-0.62,1.0,0.9929
-0.18,-0.62,1.0,0.9945
-0.16,-0.62,1.0,0.9958
-0.14,-0.62,1.0,0.9967
-0.12,-0.62,1.0,0.9975
-0.1,-0.62,1.0,0.9981
-0.08,-0.62,1.0,0.9985
-0.06,-0.62,1.0,0.9984
-0.04,-0.62,1.0,0.9982
-0.02,-0.62,1.0,0.998
0.0,-0.62,1.0,0.9978
0.02,-0.62,1.0,0.9975
0.04,-0.62,1.0,0.9972
0.06,-0.62,1.0,0.9969
0.08,-0.62,1.0,0.9965
0.1,-0.62,1.0,0.996
0.12,-0.62,1.0,0.9954
0.14,-0.62,1.0,0.9946
0.16,-0.62,1.0,0.9937
0.18,-0.62,1.0,0.992
0.2,-0.62,0.9999,0.9896
0.22,-0.62,0.9999,0.9866
0.24,-0.62,0.9998,0.9828
0.26,-0.62,0.9997,0.9778
0.28,-0.62,0.9994,0.9715
0.3,-0.62,0.999,0.9634
0.32,-0.62,0.9983,0.9532
0.34,-0.62,0.9971,0.9403
0.36,-0.62,0.995,0.9242
0.38,-0.62,0.9915,0.9041
0.4,-0.62,0.9854,0.8793
0.42,-0.62,0.9751,0.8493
0.44,-0.62,0.958,0.8133
0.46,-0.62,0.9297,0.7711
0.48,-0.62,0.8849,0.7226
0.5,-0.62,0.8169,0.6683
0.52,-0.62,0.7216,0.6091
0.54,-0.62,0.6008,0.5464
0.56,-0.62,0.4664,0.4823
0.58,-0.62,0.3367,0.4187
0.6,-0.62,0.2276,0.3577
0.62,-0.62,0.1461,0.3011
0.64,-0.62,0.0904,0.2499
0.66,-0.62,0.0546,0.2048
0.68,-0.62,0.0324,0.1659
0.7,-0.62,0.0191,0.1333
0.72,-0.62,0.0112,0.1062
0.74,-0.62,0.0065,0.0841
0.76,-0.62,0.0038,0.0663
0.78,-0.62,0.0022,0.052
0.8,-0.62,0.0013,0.0407
0.82,-0.62,0.0007,0.0318
0.84,-0.62,0.0004,0.0248
0.86,-0.62,0.0003,0.0193
0.88,-0.62,1e-04,0.015
0.9,-0.62,1e-04,0.0117
0.92,-0.62,0.0,0.0091
0.94,-0.62,0.0,0.007
0.96,-0.62,0.0,0.0055
0.98,-0.62,0.0,0.0042
1.0,-0.62,0.0,0.0033
1.02,-0.62,0.0,0.0025
1.04,-0.62,0.0,0.002
1.06,-0.62,0.0,0.0015
1.08,-0.62,0.0,0.0012
1.1,-0.62,0.0,0.0009
1.12,-0.62,0.0,0.0007
1.14,-0.62,0.0,0.0005
1.16,-0.62,0.0,0.0004
1.18,-0.62,0.0,0.0003
1.2,-0.62,0.0,0.0003
1.22,-0.62,0.0,0.0002
1.24,-0.62,0.0,1e-04
1.26,-0.62,0.0,1e-04
1.28,-0.62,0.0,1e-04
1.3,-0.62,0.0,1e-04
1.32,-0.62,0.0,1e-04
1.34,-0.62,0.0,0.0
1.36,-0.62,0.0,0.0
1.38,-0.62,0.0,0.0
1.4,-0.62,0.0,0.0
1.42,-0.62,0.0,0.0
1.44,-0.62,0.0,0.0
1.46,-0.62,0.0,0.0
1.48,-0.62,0.0,0.0
1.5,-0.62,0.0,0.0
1.52,-0.62,0.0,0.0
1.54,-0.62,0.0,0.0
1.56,-0.62,0.0,0.0
1.58,-0.62,0.0,0.0
1.6,-0.62,0.0,0.0
-1.6,-0.6,0.0,0.0
-1.58,-0.6,0.0,0.0
-1.56,-0.6,0.0,0.0
-1.54,-0.6,0.0,0.0
-1.52,-0.6,0.0,0.0
-1.5,-0.6,0.0,0.0
-1.48,-0.6,0.0,0.0
-1.46,-0.6,0.0,0.0
-1.44,-0.6,0.0,0.0
-1.42,-0.6,0.0,0.0
-1.4,-0.6,0.0,0.0
-1.38,-0.6,0.0,0.0
-1.36,-0.6,0.0,0.0
-1.34,-0.6,0.0,0.0
-1.32,-0.6,0.0,0.0
-1.3,-0.6,0.0,0.0
-1.28,-0.6,0.0,0.0
-1.26,-0.6,0.0,0.0
-1.24,-0.6,0.0,0.0
-1.22,-0.6,0.0,0.0
-1.2,-0.6,0.0,0.0
-1.18,-0.6,0.0,0.0
-1.16,-0.6,0.0,1e-04
-1.14,-0.6,0.0,1e-04
-1.12,-0.6,0.0,1e-04
-1.1,-0.6,0.0,0.0002
-1.08,-0.6,0.0,0.0003
-1.06,-0.6,0.0,0.0004
-1.04,-0.6,0.0,0.0006
-1.02,-0.6,0.0,0.0009
-1.0,-0.6,0.0,0.0012
-0.98,-0.6,0.0,0.0018
-0.96,-0.6,0.0,0.0026
-0.94,-0.6,0.0,0.0038
-0.92,-0.6,0.0,0.0055
-0.9,-0.6,0.0,0.0079
-0.88,-0.6,0.0,0.0114
-0.86,-0.6,1e-04,0.0164
-0.84,-0.6,0.0003,0.0234
-0.82,-0.6,0.0007,0.0335
-0.8,-0.6,0.0015,0.0476
-0.78,-0.6,0.0032,0.0673
-0.76,-0.6,0.0058,0.0943
-0.74,-0.6,0.0106,0.1306
-0.72,-0.6,0.0192,0.1775
-0.7,-0.6,0.0345,0.233
-0.68,-0.6,0.0613,0.284
-0.66,-0.6,0.1066,0.3398
-0.64,-0.6,0.1789,0.4005
-0.62,-0.6,0.2847,0.4643
-0.6,-0.6,0.421,0.5294
-0.58,-0.6,0.5705,0.5934
-0.56,-0.6,0.7082,0.6545
-0.54,-0.6,0.816,0.7108
-0.52,-0.6,0.8902,0.7613
-0.5,-0.6,0.9368,0.8054
-0.48,-0.6,0.9644,0.8431
-0.46,-0.6,0.9802,0.8745
-0.44,-0.6,0.9891,0.9005
-0.42,-0.6,0.994,0.9215
-0.4,-0.6,0.9967,0.9384
-0.38,-0.6,0.9982,0.9519
-0.36,-0.6,0.999,0.9625
-0.34,-0.6,0.9995,0.9708
-0.32,-0.6,0.9997,0.9774
-0.3,-0.6,0.9998,0.9825
-0.28,-0.6,0.9999,0.9864
-0.26,-0.6,0.9999,0.9895
-0.24,-0.6,1.0,0.9919
-0.22,-0.6,1.0,0.9938
-0.2,-0.6,1.0,0.9952
-0.18,-0.6,1.0,0.9963
-0.16,-0.6,1.0,0.9971
-0.14,-0.6,1.0,0.9978
-0.12,-0.6,1.0,0.9983
-0.1,-0.6,1.0,0.9987
-0.08,-0.6,1.0,0.9988
-0.06,-0.6,1.0,0.9987
-0.04,-0.6,1.0,0.9986
-0.02,-0.6,1.0,0.9984
0.0,-0.6,1.0,0.9982
0.02,-0.6,1.0,0.998
0.04,-0.6,1.0,0.9978
0.06,-0.6,1.0,0.9975
0.08,-0.6,1.0,0.9972
0.1,-0.6,1.0,0.9968
0.12,-0.6,1.0,0.9963
0.14,-0.6,1.0,0.9957
0.16,-0.6,1.0,0.9949
0.18,-0.6,1.0,0.9937
0.2,-0.6,1.0,0.9919
0.22,-0.6,0.9999,0.9895
0.24,-0.6,0.9999,0.9865
0.26,-0.6,0.9998,0.9826
0.28,-0.6,0.9997,0.9776
0.3,-0.6,0.9995,0.9712
0.32,-0.6,0.9991,0.963
0.34,-0.6,0.9984,0.9527
0.36,-0.6,0.9973,0.9397
0.38,-0.6,0.9953,0.9233
0.4,-0.6,0.992,0.9031
0.42,-0.6,0.9863,0.8781
0.44,-0.6,0.9767,0.8478
0.46,-0.6,0.9605,0.8116
0.48,-0.6,0.9338,0.7691
0.5,-0.6,0.8912,0.7203
0.52,-0.6,0.8263,0.6657
0.54,-0.6,0.7343,0.6063
0.56,-0.6,0.6161,0.5436
0.58,-0.6,0.4824,0.4794
0.6,-0.6,0.3511,0.4159
0.62,-0.6,0.2391,0.3551
0.64,-0.6,0.1543,0.2986
0.66,-0.6,0.0958,0.2475
0.68,-0.6,0.058,0.2027
0.7,-0.6,0.0345,0.1642
0.72,-0.6,0.0203,0.1319
0.74,-0.6,0.0119,0.1051
0.76,-0.6,0.007,0.0832
0.78,-0.6,0.004,0.0656
0.8,-0.6,0.0024,0.0515
0.82,-0.6,0.0014,0.0404
0.84,-0.6,0.0008,0.0316
0.86,-0.6,0.0005,0.0246
0.88,-0.6,0.0003,0.0192
0.9,-0.6,1e-04,0.0149
0.92,-0.6,1e-04,0.0116
0.94,-0.6,0.0,0.009
0.96,-0.6,0.0,0.007
0.98,-0.6,0.0,0.0054
1.0,-0.6,0.0,0.0042
1.02,-0.6,0.0,0.0033
1.04,-0.6,0.0,0.0025
1.06,-0.6,0.0,0.002
1.08,-0.6,0.0,0.0015
1.1,-0.6,0.0,0.0012
1.12,-0.6,0.0,0.0009
1.14,-0.6,0.0,0.0007
1.16,-0.6,0.0,0.0005
1.18,-0.6,0.0,0.0004
1.2,-0.6,0.0,0.0003
1.22,-0.6,0.0,0.0002
1.24,-0.6,0.0,0.0002
1.26,-0.6,0.0,1e-04
1.28,-0.6,0.0,1e-04
1.3,-0.6,0.0,1e-04
1.32,-0.6,0.0,1e-04
1.34,-0.6,0.0,1e-04
1.36,-0.6,0.0,0.0
1.38,-0.6,0.0,0.0
1.4,-0.6,0.0,0.0
1.42,-0.6,0.0,0.0
1.44,-0.6,0.0,0.0
1.46,-0.6,0.0,0.0
1.48,-0.6,0.0,0.0
1.5,-0.6,0.0,0.0
1.52,-0.6,0.0,0.0
1.54,-0.6,0.0,0.0
1.56,-0.6,0.0,0.0
1.58,-0.6,0.0,0.0
1.6,-0.6,0.0,0.0
-1.6,-0.58,0.0,0.0
-1.58,-0.58,0.0,0.0
-1.56,-0.58,0.0,0.0
-1.54,-0.58,0.0,0.0
-1.52,-0.58,0.0,0.0
-1.5,-0.58,0.0,0.0
-1.48,-0.58,0.0,0.0
-1.46,-0.58,0.0,0.0
-1.44,-0.58,0.0,0.0
-1.42,-0.58,0.0,0.0
-1.4,-0.58,0.0,0.0
-1.38,-0.58,0.0,0.0
-1.36,-0.58,0.0,0.0
-1.34,-0.58,0.0,0.0
-1.32,-0.58,0.0,0.0
-1.3,-0.58,0.0,0.0
-1.28,-0.58,0.0,0.0
-1.26,-0.58,0.0,0.0
-1.24,-0.58,0.0,0.0
-1.22,-0.58,0.0,0.0
-1.2,-0.58,0.0,0.0
-1.18,-0.58,0.0,1e-04
-1.16,-0.58,0.0,1e-04
-1.14,-0.58,0.0,1e-04
-1.12,-0.58,0.0,0.0002
-1.1,-0.58,0.0,0.0003
-1.08,-0.58,0.0,0.0004
-1.06,-0.58,0.0,0.0005
-1.04,-0.58,0.0,0.0008
-1.02,-0.58,0.0,0.0011
-1.0,-0.58,0.0,0.0016
-0.98,-0.58,0.0,0.0024
-0.96,-0.58,0.0,0.0034
-0.94,-0.58,0.0,0.005
-0.92,-0.58,0.0,0.0072
-0.9,-0.58,0.0,0.0105
-0.88,-0.58,1e-04,0.0151
-0.86,-0.58,0.0002,0.0217
-0.84,-0.58,0.0004,0.031
-0.82,-0.58,0.0011,0.0442
-0.8,-0.58,0.0028,0.0625
-0.78,-0.58,0.0063,0.0878
-0.76,-0.58,0.0132,0.1219
-0.74,-0.58,0.0239,0.1669
-0.72,-0.58,0.0429,0.2243
-0.7,-0.58,0.0757,0.2933
-0.68,-0.58,0.1301,0.3693
-0.66,-0.58,0.2146,0.433
-0.64,-0.58,0.333,0.4977
-0.62,-0.58,0.4771,0.5625
-0.6,-0.58,0.6252,0.6253
-0.58,-0.58,0.7531,0.6841
-0.56,-0.58,0.848,0.7376
-0.54,-0.58,0.9108,0.7848
-0.52,-0.58,0.9492,0.8256
-0.5,-0.58,0.9716,0.86
-0.48,-0.58,0.9843,0.8885
-0.46,-0.58,0.9913,0.9118
-0.44,-0.58,0.9953,0.9307
-0.42,-0.58,0.9974,0.9457
-0.4,-0.58,0.9986,0.9576
-0.38,-0.58,0.9992,0.967
-0.36,-0.58,0.9996,0.9744
-0.34,-0.58,0.9998,0.9802
-0.32,-0.58,0.9999,0.9846
-0.3,-0.58,0.9999,0.9881
-0.28,-0.58,1.0,0.9908
-0.26,-0.58,1.0,0.9929
-0.24,-0.58,1.0,0.9945
-0.22,-0.58,1.0,0.9958
-0.2,-0.58,1.0,0.9967
-0.18,-0.58,1.0,0.9975
-0.16,-0.58,1.0,0.9981
-0.14,-0.58,1.0,0.9985
-0.12,-0.58,1.0,0.9989
-0.1,-0.58,1.0,0.9991
-0.08,-0.58,1.0,0.999
-0.06,-0.58,1.0,0.9989
-0.04,-0.58,1.0,0.9988
-0.02,-0.58,1.0,0.9987
0.0,-0.58,1.0,0.9986
0.02,-0.58,1.0,0.9984
0.04,-0.58,1.0,0.9982
0.06,-0.58,1.0,0.998
0.08,-0.58,1.0,0.9977
0.1,-0.58,1.0,0.9974
0.12,-0.58,1.0,0.997
0.14,-0.58,1.0,0.9965
0.16,-0.58,1.0,0.9959
0.18,-0.58,1.0,0.9951
0.2,-0.58,1.0,0.9936
0.22,-0.58,1.0,0.9918
0.24,-0.58,0.9999,0.9894
0.26,-0.58,0.9999,0.9863
0.28,-0.58,0.9998,0.9824
0.3,-0.58,0.9997,0.9773
0.32,-0.58,0.9995,0.9708
0.34,-0.58,0.9991,0.9626
0.36,-0.58,0.9985,0.9522
0.38,-0.58,0.9975,0.939
0.4,-0.58,0.9956,0.9225
0.42,-0.58,0.9925,0.902
0.44,-0.58,0.9871,0.8769
0.46,-0.58,0.9781,0.8463
0.48,-0.58,0.9628,0.8098
0.5,-0.58,0.9377,0.767
0.52,-0.58,0.8973,0.718
0.54,-0.58,0.8353,0.6631
0.56,-0.58,0.7466,0.6035
0.58,-0.58,0.6311,0.5407
0.6,-0.58,0.4984,0.4765
0.62,-0.58,0.3659,0.4131
0.64,-0.58,0.251,0.3523
0.66,-0.58,0.1629,0.296
0.68,-0.58,0.1015,0.2453
0.7,-0.58,0.0616,0.2008
0.72,-0.58,0.0367,0.1626
0.74,-0.58,0.0217,0.1305
0.76,-0.58,0.0127,0.104
0.78,-0.58,0.0074,0.0824
0.8,-0.58,0.0043,0.065
0.82,-0.58,0.0025,0.0511
0.84,-0.58,0.0014,0.04
0.86,-0.58,0.0008,0.0313
0.88,-0.58,0.0005,0.0244
0.9,-0.58,0.0002,0.019
0.92,-0.58,1e-04,0.0148
0.94,-0.58,1e-04,0.0115
0.96,-0.58,0.0,0.0089
0.98,-0.58,0.0,0.0069
1.0,-0.58,0.0,0.0054
1.02,-0.58,0.0,0.0042
1.04,-0.58,0.0,0.0032
1.06,-0.58,0.0,0.0025
1.08,-0.58,0.0,0.0019
1.1,-0.58,0.0,0.0015
1.12,-0.58,0.0,0.0011
1.14,-0.58,0.0,0.0009
1.16,-0.58,0.0,0.0007
1.18,-0.58,0.0,0.0005
1.2,-0.58,0.0,0.0004
1.22,-0.58,0.0,0.0003
1.24,-0.58,0.0,0.0002
1.26,-0.58,0.0,0.0002
1.28,-0.58,0.0,1e-04
1.3,-0.58,0.0,1e-04
1.32,-0.58,0.0,1e-04
1.34,-0.58,0.0,1e-04
1.36,-0.58,0.0,1e-04
1.38,-0.58,0.0,0.0
1.4,-0.58,0.0,0.0
1.42,-0.58,0.0,0.0
1.44,-0.58,0.0,0.0
1.46,-0.58,0.0,0.0
1.48,-0.58,0.0,0.0
1.5,-0.58,0.0,0.0
1.52,-0.58,0.0,0.0
1.54,-0.58,0.0,0.0
1.56,-0.58,0.0,0.0
1.58,-0.58,0.0,0.0
1.6,-0.58,0.0,0.0
-1.6,-0.56,0.0,0.0
-1.58,-0.56,0.0,0.0
-1.56,-0.56,0.0,0.0
-1.54,-0.56,0.0,0.0
-1.52,-0.56,0.0,0.0
-1.5,-0.56,0.0,0.0
-1.48,-0.56,0.0,0.0
-1.46,-0.56,0.0,0.0
-1.44,-0.56,0.0,0.0
-1.42,-0.56,0.0,0.0
-1.4,-0.56,0.0,0.0
-1.38,-0.56,0.0,0.0
-1.36,-0.56,0.0,0.0
-1.34,-0.56,0.0,0.0
-1.32,-0.56,0.0,0.0
-1.3,-0.56,0.0,0.0
-1.28,-0.56,0.0,0.0
-1.26,-0.56,0.0,0.0
-1.24,-0.56,0.0,0.0
-1.22,-0.56,0.0,0.0
-1.2,-0.56,0.0,1e-04
-1.18,-0.56,0.0,1e-04
-1.16,-0.56,0.0,1e-04
-1.14,-0.56,0.0,0.0002
-1.12,-0.56,0.0,0.0002
-1.1,-0.56,0.0,0.0003
-1.08,-0.56,0.0,0.0005
-1.06,-0.56,0.0,0.0007
-1.04,-0.56,0.0,0.001
-1.02,-0.56,0.0,0.0015
-1.0,-0.56,0.0,0.0022
-0.98,-0.56,0.0,0.0031
-0.96,-0.56,0.0,0.0045
-0.94,-0.56,0.0,0.0066
-0.92,-0.56,0.0,0.0095
-0.9,-0.56,0.0,0.0138
-0.88,-0.56,1e-04,0.0199
-0.86,-0.56,0.0003,0.0286
-0.84,-0.56,0.0007,0.0409
-0.82,-0.56,0.0018,0.058
-0.8,-0.56,0.0046,0.0817
-0.78,-0.56,0.0112,0.1138
-0.76,-0.56,0.0255,0.1563
-0.74,-0.56,0.0527,0.2109
-0.72,-0.56,0.0931,0.2784
-0.7,-0.56,0.1581,0.3576
-0.68,-0.56,0.2555,0.4439
-0.66,-0.56,0.3856,0.5292
-0.64,-0.56,0.5344,0.5952
-0.62,-0.56,0.6775,0.6561
-0.6,-0.56,0.7935,0.7123
-0.58,-0.56,0.8755,0.7626
-0.56,-0.56,0.9279,0.8066
-0.54,-0.56,0.9593,0.844
-0.52,-0.56,0.9773,0.8753
-0.5,-0.56,0.9875,0.9011
-0.48,-0.56,0.9931,0.922
-0.46,-0.56,0.9962,0.9388
-0.44,-0.56,0.9979,0.9522
-0.42,-0.56,0.9989,0.9627
-0.4,-0.56,0.9994,0.971
-0.38,-0.56,0.9997,0.9775
-0.36,-0.56,0.9998,0.9826
-0.34,-0.56,0.9999,0.9865
-0.32,-0.56,0.9999,0.9896
-0.3,-0.56,1.0,0.992
-0.28,-0.56,1.0,0.9938
-0.26,-0.56,1.0,0.9952
-0.24,-0.56,1.0,0.9963
-0.22,-0.56,1.0,0.9972
-0.2,-0.56,1.0,0.9978
-0.18,-0.56,1.0,0.9983
-0.16,-0.56,1.0,0.9987
-0.14,-0.56,1.0,0.999
-0.12,-0.56,1.0,0.9992
-0.1,-0.56,1.0,0.9993
-0.08,-0.56,1.0,0.9992
-0.06,-0.56,1.0,0.9992
-0.04,-0.56,1.0,0.9991
-0.02,-0.56,1.0,0.999
0.0,-0.56,1.0,0.9989
0.02,-0.56,1.0,0.9987
0.04,-0.56,1.0,0.9986
0.06,-0.56,1.0,0.9984
0.08,-0.56,1.0,0.9982
0.1,-0.56,1.0,0.9979
0.12,-0.56,1.0,0.9976
0.14,-0.56,1.0,0.9972
0.16,-0.56,1.0,0.9967
0.18,-0.56,1.0,0.9961
0.2,-0.56,1.0,0.995
0.22,-0.56,1.0,0.9935
0.24,-0.56,1.0,0.9917
0.26,-0.56,0.9999,0.9893
0.28,-0.56,0.9999,0.9861
0.3,-0.56,0.9998,0.9822
0.32,-0.56,0.9997,0.9771
0.34,-0.56,0.9995,0.9705
0.36,-0.56,0.9992,0.9622
0.38,-0.56,0.9986,0.9517
0.4,-0.56,0.9976,0.9384
0.42,-0.56,0.9959,0.9217
0.44,-0.56,0.993,0.901
0.46,-0.56,0.9879,0.8756
0.48,-0.56,0.9794,0.8448
0.5,-0.56,0.9651,0.808
0.52,-0.56,0.9413,0.765
0.54,-0.56,0.903,0.7156
0.56,-0.56,0.844,0.6606
0.58,-0.56,0.7585,0.6008
0.6,-0.56,0.6459,0.5378
0.62,-0.56,0.5144,0.4735
0.64,-0.56,0.3809,0.4101
0.66,-0.56,0.2632,0.3495
0.68,-0.56,0.1718,0.2935
0.7,-0.56,0.1075,0.243
0.72,-0.56,0.0654,0.1988
0.74,-0.56,0.039,0.161
0.76,-0.56,0.0231,0.1292
0.78,-0.56,0.0135,0.103
0.8,-0.56,0.0077,0.0817
0.82,-0.56,0.0044,0.0645
0.84,-0.56,0.0024,0.0507
0.86,-0.56,0.0013,0.0397
0.88,-0.56,0.0007,0.031
0.9,-0.56,0.0004,0.0242
0.92,-0.56,0.0002,0.0189
0.94,-0.56,1e-04,0.0147
0.96,-0.56,1e-04,0.0114
0.98,-0.56,0.0,0.0089
1.0,-0.56,0.0,0.0069
1.02,-0.56,0.0,0.0053
1.04,-0.56,0.0,0.0041
1.06,-0.56,0.0,0.0032
1.08,-0.56,0.0,0.0024
1.1,-0.56,0.0,0.0019
1.12,-0.56,0.0,0.0015
1.14,-0.56,0.0,0.0011
1.16,-0.56,0.0,0.0009
1.18,-0.56,0.0,0.0007
1.2,-0.56,0.0,0.0005
1.22,-0.56,0.0,0.0004
1.24,-0.56,0.0,0.0003
1.26,-0.56,0.0,0.0002
1.28,-0.56,0.0,0.0002
1.3,-0.56,0.0,1e-04
1.32,-0.56,0.0,1e-04
1.34,-0.56,0.0,1e-04
1.36,-0.56,0.0,1e-04
1.38,-0.56,0.0,0.0
1.4,-0.56,0.0,0.0
1.42,-0.56,0.0,0.0
1.44,-0.56,0.0,0.0
1.46,-0.56,0.0,0.0
1.48,-0.56,0.0,0.0
1.5,-0.56,0.0,0.0
1.52,-0.56,0.0,0.0
1.54,-0.56,0.0,0.0
1.56,-0.56,0.0,0.0
1.58,-0.56,0.0,0.0
1.6,-0.56,0.0,0.0
-1.6,-0.54,0.0,0.0
-1.58,-0.54,0.0,0.0
-1.56,-0.54,0.0,0.0
-1.54,-0.54,0.0,0.0
-1.52,-0.54,0.0,0.0
-1.5,-0.54,0.0,0.0
-1.48,-0.54,0.0,0.0
-1.46,-0.54,0.0,0.0
-1.44,-0.54,0.0,0.0
-1.42,-0.54,0.0,0.0
-1.4,-0.54,0.0,0.0
-1.38,-0.54,0.0,0.0
-1.36,-0.54,0.0,0.0
-1.34,-0.54,0.0,0.0
-1.32,-0.54,0.0,0.0
-1.3,-0.54,0.0,0.0
-1.28,-0.54,0.0,0.0
-1.26,-0.54,0.0,0.0
-1.24,-0.54,0.0,0.0
-1.22,-0.54,0.0,0.0
-1.2,-0.54,0.0,1e-04
-1.18,-0.54,0.0,1e-04
-1.16,-0.54,0.0,1e-04
-1.14,-0.54,0.0,0.0002
-1.12,-0.54,0.0,0.0003
-1.1,-0.54,0.0,0.0004
-1.08,-0.54,0.0,0.0006
-1.06,-0.54,0.0,0.0009
-1.04,-0.54,0.0,0.0013
-1.02,-0.54,0.0,0.002
-1.0,-0.54,0.0,0.0028
-0.98,-0.54,0.0,0.0041
-0.96,-0.54,0.0,0.006
-0.94,-0.54,0.0,0.0086
-0.92,-0.54,0.0,0.0125
-0.9,-0.54,1e-04,0.0181
-0.88,-0.54,1e-04,0.026
-0.86,-0.54,0.0004,0.0374
-0.84,-0.54,0.001,0.0534
-0.82,-0.54,0.0027,0.0755
-0.8,-0.54,0.0071,0.1056
-0.78,-0.54,0.0184,0.1457
-0.76,-0.54,0.0447,0.1978
-0.74,-0.54,0.0977,0.2627
-0.72,-0.54,0.1889,0.3398
-0.7,-0.54,0.3018,0.4262
-0.68,-0.54,0.4416,0.5173
-0.66,-0.54,0.5914,0.6056
-0.64,-0.54,0.726,0.683
-0.62,-0.54,0.829,0.7389
-0.6,-0.54,0.8987,0.786
-0.58,-0.54,0.942,0.8266
-0.56,-0.54,0.9675,0.8608
-0.54,-0.54,0.982,0.8892
-0.52,-0.54,0.9901,0.9124
-0.5,-0.54,0.9945,0.9311
-0.48,-0.54,0.997,0.9461
-0.46,-0.54,0.9984,0.9579
-0.44,-0.54,0.9991,0.9673
-0.42,-0.54,0.9995,0.9746
-0.4,-0.54,0.9997,0.9803
-0.38,-0.54,0.9999,0.9847
-0.36,-0.54,0.9999,0.9882
-0.34,-0.54,1.0,0.9909
-0.32,-0.54,1.0,0.993
-0.3,-0.54,1.0,0.9946
-0.28,-0.54,1.0,0.9958
-0.26,-0.54,1.0,0.9968
-0.24,-0.54,1.0,0.9975
-0.22,-0.54,1.0,0.9981
-0.2,-0.54,1.0,0.9985
-0.18,-0.54,1.0,0.9989
-0.16,-0.54,1.0,0.9991
-0.14,-0.54,1.0,0.9993
-0.12,-0.54,1.0,0.9995
-0.1,-0.54,1.0,0.9994
-0.08,-0.54,1.0,0.9994
-0.06,-0.54,1.0,0.9993
-0.04,-0.54,1.0,0.9993
-0.02,-0.54,1.0,0.9992
0.0,-0.54,1.0,0.9991
0.02,-0.54,1.0,0.999
0.04,-0.54,1.0,0.9988
0.06,-0.54,1.0,0.9987
0.08,-0.54,1.0,0.9985
0.1,-0.54,1.0,0.9984
0.12,-0.54,1.0,0.9981
0.14,-0.54,1.0,0.9978
0.16,-0.54,1.0,0.9974
0.18,-0.54,1.0,0.9969
0.2,-0.54,1.0,0.9961
0.22,-0.54,1.0,0.9949
0.24,-0.54,1.0,0.9935
0.26,-0.54,1.0,0.9916
0.28,-0.54,1.0,0.9891
0.3,-0.54,0.9999,0.986
0.32,-0.54,0.9999,0.982
0.34,-0.54,0.9997,0.9768
0.36,-0.54,0.9996,0.9702
0.38,-0.54,0.9992,0.9618
0.4,-0.54,0.9987,0.9511
0.42,-0.54,0.9978,0.9377
0.44,-0.54,0.9962,0.9209
0.46,-0.54,0.9934,0.9
0.48,-0.54,0.9887,0.8743
0.5,-0.54,0.9807,0.8433
0.52,-0.54,0.9672,0.8062
0.54,-0.54,0.9448,0.7629
0.56,-0.54,0.9085,0.7133
0.58,-0.54,0.8522,0.658
0.6,-0.54,0.7701,0.5979
0.62,-0.54,0.6604,0.5348
0.64,-0.54,0.5304,0.4705
0.66,-0.54,0.3961,0.4072
0.68,-0.54,0.2758,0.3468
0.7,-0.54,0.1811,0.291
0.72,-0.54,0.1138,0.2408
0.74,-0.54,0.0693,0.1969
0.76,-0.54,0.0408,0.1596
0.78,-0.54,0.023,0.1282
0.8,-0.54,0.0129,0.1023
0.82,-0.54,0.0072,0.0811
0.84,-0.54,0.004,0.064
0.86,-0.54,0.0022,0.0503
0.88,-0.54,0.0012,0.0394
0.9,-0.54,0.0007,0.0308
0.92,-0.54,0.0004,0.024
0.94,-0.54,0.0002,0.0187
0.96,-0.54,1e-04,0.0145
0.98,-0.54,1e-04,0.0113
1.0,-0.54,0.0,0.0087
1.02,-0.54,0.0,0.0067
1.04,-0.54,0.0,0.0052
1.06,-0.54,0.0,0.004
1.08,-0.54,0.0,0.0031
1.1,-0.54,0.0,0.0024
1.12,-0.54,0.0,0.0018
1.14,-0.54,0.0,0.0014
1.16,-0.54,0.0,0.0011
1.18,-0.54,0.0,0.0008
1.2,-0.54,0.0,0.0007
1.22,-0.54,0.0,0.0005
1.24,-0.54,0.0,0.0004
1.26,-0.54,0.0,0.0003
1.28,-0.54,0.0,0.0002
1.3,-0.54,0.0,0.0002
1.32,-0.54,0.0,1e-04
1.34,-0.54,0.0,1e-04
1.36,-0.54,0.0,1e-04
1.38,-0.54,0.0,1e-04
1.4,-0.54,0.0,0.0
1.42,-0.54,0.0,0.0
1.44,-0.54,0.0,0.0
1.46,-0.54,0.0,0.0
1.48,-0.54,0.0,0.0
1.5,-0.54,0.0,0.0
1.52,-0.54,0.0,0.0
1.54,-0.54,0.0,0.0
1.56,-0.54,0.0,0.0
1.58,-0.54,0.0,0.0
1.6,-0.54,0.0,0.0
-1.6,-0.52,0.0,0.0
-1.58,-0.52,0.0,0.0
-1.56,-0.52,0.0,0.0
-1.54,-0.52,0.0,0.0
-1.52,-0.52,0.0,0.0
-1.5,-0.52,0.0,0.0
-1.48,-0.52,0.0,0.0
-1.46,-0.52,0.0,0.0
-1.44,-0.52,0.0,0.0
-1.42,-0.52,0.0,0.0
-1.4,-0.52,0.0,0.0
-1.38,-0.52,0.0,0.0
-1.36,-0.52,0.0,0.0
-1.34,-0.52,0.0,0.0
-1.32,-0.52,0.0,0.0
-1.3,-0.52,0.0,0.0
-1.28,-0.52,0.0,0.0
-1.26,-0.52,0.0,0.0
-1.24,-0.52,0.0,0.0
-1.22,-0.52,0.0,1e-04
-1.2,-0.52,0.0,1e-04
-1.18,-0.52,0.0,1e-04
-1.16,-0.52,0.0,0.0002
-1.14,-0.52,0.0,0.0003
-1.12,-0.52,0.0,0.0004
-1.1,-0.52,0.0,0.0006
-1.08,-0.52,0.0,0.0008
-1.06,-0.52,0.0,0.0012
-1.04,-0.52,0.0,0.0018
-1.02,-0.52,0.0,0.0026
-1.0,-0.52,0.0,0.0037
-0.98,-0.52,0.0,0.0054
-0.96,-0.52,0.0,0.0079
-0.94,-0.52,0.0,0.0114
-0.92,-0.52,0.0,0.0164
-0.9,-0.52,1e-04,0.0237
-0.88,-0.52,0.0002,0.034
-0.86,-0.52,0.0006,0.0487
-0.84,-0.52,0.0016,0.0692
-0.82,-0.52,0.0041,0.0974
-0.8,-0.52,0.0108,0.1353
-0.78,-0.52,0.028,0.1844
-0.76,-0.52,0.0708,0.2463
-0.74,-0.52,0.1625,0.3208
-0.72,-0.52,0.3101,0.4057
-0.7,-0.52,0.495,0.4967
-0.68,-0.52,0.6462,0.5878
-0.66,-0.52,0.7697,0.6733
-0.64,-0.52,0.8595,0.7471
-0.62,-0.52,0.918,0.8051
-0.6,-0.52,0.9535,0.845
-0.58,-0.52,0.974,0.8761
-0.56,-0.52,0.9856,0.9017
-0.54,-0.52,0.9921,0.9225
-0.52,-0.52,0.9957,0.9392
-0.5,-0.52,0.9976,0.9525
-0.48,-0.52,0.9987,0.963
-0.46,-0.52,0.9993,0.9712
-0.44,-0.52,0.9996,0.9777
-0.42,-0.52,0.9998,0.9827
-0.4,-0.52,0.9999,0.9866
-0.38,-0.52,0.9999,0.9897
-0.36,-0.52,1.0,0.992
-0.34,-0.52,1.0,0.9938
-0.32,-0.52,1.0,0.9952
-0.3,-0.52,1.0,0.9963
-0.28,-0.52,1.0,0.9972
-0.26,-0.52,1.0,0.9978
-0.24,-0.52,1.0,0.9983
-0.22,-0.52,1.0,0.9987
-0.2,-0.52,1.0,0.999
-0.18,-0.52,1.0,0.9992
-0.16,-0.52,1.0,0.9994
-0.14,-0.52,1.0,0.9995
-0.12,-0.52,1.0,0.9996
-0.1,-0.52,1.0,0.9995
-0.08,-0.52,1.0,0.9995
-0.06,-0.52,1.0,0.9995
-0.04,-0.52,1.0,0.9994
-0.02,-0.52,1.0,0.9993
0.0,-0.52,1.0,0.9993
0.02,-0.52,1.0,0.9992
0.04,-0.52,1.0,0.9991
0.06,-0.52,1.0,0.999
0.08,-0.52,1.0,0.9988
0.1,-0.52,1.0,0.9987
0.12,-0.52,1.0,0.9985
0.14,-0.52,1.0,0.9982
0.16,-0.52,1.0,0.9979
0.18,-0.52,1.0,0.9975
0.2,-0.52,1.0,0.9969
0.22,-0.52,1.0,0.996
0.24,-0.52,1.0,0.9949
0.26,-0.52,1.0,0.9934
0.28,-0.52,1.0,0.9915
0.3,-0.52,1.0,0.989
0.32,-0.52,0.9999,0.9858
0.34,-0.52,0.9999,0.9818
0.36,-0.52,0.9998,0.9765
0.38,-0.52,0.9996,0.9699
0.4,-0.52,0.9993,0.9614
0.42,-0.52,0.9988,0.9506
0.44,-0.52,0.9979,0.937
0.46,-0.52,0.9964,0.92
0.48,-0.52,0.9938,0.8989
0.5,-0.52,0.9894,0.8731
0.52,-0.52,0.9818,0.8417
0.54,-0.52,0.9691,0.8044
0.56,-0.52,0.948,0.7608
0.58,-0.52,0.9137,0.7109
0.6,-0.52,0.8601,0.6553
0.62,-0.52,0.7812,0.595
0.64,-0.52,0.6747,0.5318
0.66,-0.52,0.5463,0.4675
0.68,-0.52,0.4115,0.4043
0.7,-0.52,0.2888,0.3441
0.72,-0.52,0.1863,0.2885
0.74,-0.52,0.1124,0.2388
0.76,-0.52,0.0654,0.1955
0.78,-0.52,0.0372,0.1584
0.8,-0.52,0.0209,0.1272
0.82,-0.52,0.0117,0.1015
0.84,-0.52,0.0065,0.0804
0.86,-0.52,0.0036,0.0635
0.88,-0.52,0.002,0.0499
0.9,-0.52,0.0011,0.0391
0.92,-0.52,0.0006,0.0305
0.94,-0.52,0.0004,0.0238
0.96,-0.52,0.0002,0.0185
0.98,-0.52,1e-04,0.0143
1.0,-0.52,1e-04,0.0111
1.02,-0.52,0.0,0.0086
1.04,-0.52,0.0,0.0066
1.06,-0.52,0.0,0.0051
1.08,-0.52,0.0,0.0039
1.1,-0.52,0.0,0.003
1.12,-0.52,0.0,0.0024
1.14,-0.52,0.0,0.0018
1.16,-0.52,0.0,0.0014
1.18,-0.52,0.0,0.0011
1.2,-0.52,0.0,0.0008
1.22,-0.52,0.0,0.0006
1.24,-0.52,0.0,0.0005
1.26,-0.52,0.0,0.0004
1.28,-0.52,0.0,0.0003
1.3,-0.52,0.0,0.0002
1.32,-0.52,0.0,0.0002
1.34,-0.52,0.0,1e-04
1.36,-0.52,0.0,1e-04
1.38,-0.52,0.0,1e-04
1.4,-0.52,0.0,1e-04
1.42,-0.52,0.0,0.0
1.44,-0.52,0.0,0.0
1.46,-0.52,0.0,0.0
1.48,-0.52,0.0,0.0
1.5,-0.52,0.0,0.0
1.52,-0.52,0.0,0.0
1.54,-0.52,0.0,0.0
1.56,-0.52,0.0,0.0
1.58,-0.52,0.0,0.0
1.6,-0.52,0.0,0.0
-1.6,-0.5,0.0,0.0
-1.58,-0.5,0.0,0.0
-1.56,-0.5,0.0,0.0
-1.54,-0.5,0.0,0.0
-1.52,-0.5,0.0,0.0
-1.5,-0.5,0.0,0.0
-1.48,-0.5,0.0,0.0
-1.46,-0.5,0.0,0.0
-1.44,-0.5,0.0,0.0
-1.42,-0.5,0.0,0.0
-1.4,-0.5,0.0,0.0
-1.38,-0.5,0.0,0.0
-1.36,-0.5,0.0,0.0
-1.34,-0.5,0.0,0.0
-1.32,-0.5,0.0,0.0
-1.3,-0.5,0.0,0.0
-1.28,-0.5,0.0,0.0
-1.26,-0.5,0.0,0.0
-1.24,-0.5,0.0,1e-04
-1.22,-0.5,0.0,1e-04
-1.2,-0.5,0.0,1e-04
-1.18,-0.5,0.0,0.0002
-1.16,-0.5,0.0,0.0003
-1.14,-0.5,0.0,0.0004
-1.12,-0.5,0.0,0.0005
-1.1,-0.5,0.0,0.0008
-1.08,-0.5,0.0,0.0011
-1.06,-0.5,0.0,0.0016
-1.04,-0.5,0.0,0.0023
-1.02,-0.5,0.0,0.0034
-1.0,-0.5,0.0,0.0049
-0.98,-0.5,0.0,0.0071
-0.96,-0.5,0.0,0.0103
-0.94,-0.5,0.0,0.0149
-0.92,-0.5,0.0,0.0215
-0.9,-0.5,1e-04,0.031
-0.88,-0.5,0.0003,0.0444
-0.86,-0.5,0.0009,0.0632
-0.84,-0.5,0.0024,0.0892
-0.82,-0.5,0.0063,0.1246
-0.8,-0.5,0.0166,0.1713
-0.78,-0.5,0.0426,0.2306
-0.76,-0.5,0.1052,0.3022
-0.74,-0.5,0.2369,0.385
-0.72,-0.5,0.4448,0.475
-0.7,-0.5,0.6514,0.5667
-0.68,-0.5,0.8049,0.654
-0.66,-0.5,0.8853,0.7321
-0.64,-0.5,0.9339,0.7979
-0.62,-0.5,0.9628,0.8498
-0.6,-0.5,0.9793,0.8875
-0.58,-0.5,0.9886,0.9129
-0.56,-0.5,0.9937,0.9316
-0.54,-0.5,0.9966,0.9464
-0.52,-0.5,0.9981,0.9582
-0.5,-0.5,0.999,0.9675
-0.48,-0.5,0.9994,0.9748
-0.46,-0.5,0.9997,0.9804
-0.44,-0.5,0.9998,0.9849
-0.42,-0.5,0.9999,0.9883
-0.4,-0.5,1.0,0.991
-0.38,-0.5,1.0,0.993
-0.36,-0.5,1.0,0.9946
-0.34,-0.5,1.0,0.9958
-0.32,-0.5,1.0,0.9968
-0.3,-0.5,1.0,0.9975
-0.28,-0.5,1.0,0.9981
-0.26,-0.5,1.0,0.9985
-0.24,-0.5,1.0,0.9989
-0.22,-0.5,1.0,0.9991
-0.2,-0.5,1.0,0.9993
-0.18,-0.5,1.0,0.9995
-0.16,-0.5,1.0,0.9996
-0.14,-0.5,1.0,0.9997
-0.12,-0.5,1.0,0.9997
-0.1,-0.5,1.0,0.9996
-0.08,-0.5,1.0,0.9996
-0.06,-0.5,1.0,0.9996
-0.04,-0.5,1.0,0.9995
-0.02,-0.5,1.0,0.9995
0.0,-0.5,1.0,0.9994
0.02,-0.5,1.0,0.9993
0.04,-0.5,1.0,0.9993
0.06,-0.5,1.0,0.9992
0.08,-0.5,1.0,0.9991
0.1,-0.5,1.0,0.9989
0.12,-0.5,1.0,0.9988
0.14,-0.5,1.0,0.9986
0.16,-0.5,1.0,0.9983
0.18,-0.5,1.0,0.998
0.2,-0.5,1.0,0.9976
0.22,-0.5,1.0,0.9969
0.24,-0.5,1.0,0.996
0.26,-0.5,1.0,0.9948
0.28,-0.5,1.0,0.9933
0.3,-0.5,1.0,0.9914
0.32,-0.5,1.0,0.9889
0.34,-0.5,0.9999,0.9857
0.36,-0.5,0.9999,0.9815
0.38,-0.5,0.9998,0.9763
0.4,-0.5,0.9996,0.9695
0.42,-0.5,0.9993,0.9609
0.44,-0.5,0.9989,0.95
0.46,-0.5,0.998,0.9363
0.48,-0.5,0.9966,0.9192
0.5,-0.5,0.9942,0.8979
0.52,-0.5,0.99,0.8718
0.54,-0.5,0.9829,0.8403
0.56,-0.5,0.971,0.8026
0.58,-0.5,0.9511,0.7587
0.6,-0.5,0.9186,0.7084
0.62,-0.5,0.8677,0.6526
0.64,-0.5,0.792,0.5921
0.66,-0.5,0.6876,0.5288
0.68,-0.5,0.5515,0.4645
0.7,-0.5,0.4046,0.4014
0.72,-0.5,0.2731,0.3414
0.74,-0.5,0.1719,0.2865
0.76,-0.5,0.103,0.2373
0.78,-0.5,0.0597,0.1942
0.8,-0.5,0.0339,0.1573
0.82,-0.5,0.019,0.1263
0.84,-0.5,0.0106,0.1007
0.86,-0.5,0.0059,0.0798
0.88,-0.5,0.0033,0.063
0.9,-0.5,0.0018,0.0495
0.92,-0.5,0.0011,0.0386
0.94,-0.5,0.0006,0.0301
0.96,-0.5,0.0003,0.0234
0.98,-0.5,0.0002,0.0181
1.0,-0.5,1e-04,0.014
1.02,-0.5,1e-04,0.0109
1.04,-0.5,0.0,0.0084
1.06,-0.5,0.0,0.0065
1.08,-0.5,0.0,0.005
1.1,-0.5,0.0,0.0039
1.12,-0.5,0.0,0.003
1.14,-0.5,0.0,0.0023
1.16,-0.5,0.0,0.0018
1.18,-0.5,0.0,0.0014
1.2,-0.5,0.0,0.0011
1.22,-0.5,0.0,0.0008
1.24,-0.5,0.0,0.0006
1.26,-0.5,0.0,0.0005
1.28,-0.5,0.0,0.0004
1.3,-0.5,0.0,0.0003
1.32,-0.5,0.0,0.0002
1.34,-0.5,0.0,0.0002
1.36,-0.5,0.0,1e-04
1.38,-0.5,0.0,1e-04
1.4,-0.5,0.0,1e-04
1.42,-0.5,0.0,1e-04
1.44,-0.5,0.0,0.0
1.46,-0.5,0.0,0.0
1.48,-0.5,0.0,0.0
1.5,-0.5,0.0,0.0
1.52,-0.5,0.0,0.0
1.54,-0.5,0.0,0.0
1.56,-0.5,0.0,0.0
1.58,-0.5,0.0,0.0
1.6,-0.5,0.0,0.0
-1.6,-0.48,0.0,0.0
-1.58,-0.48,0.0,0.0
-1.56,-0.48,0.0,0.0
-1.54,-0.48,0.0,0.0
-1.52,-0.48,0.0,0.0
-1.5,-0.48,0.0,0.0
-1.48,-0.48,0.0,0.0
-1.46,-0.48,0.0,0.0
-1.44,-0.48,0.0,0.0
-1.42,-0.48,0.0,0.0
-1.4,-0.48,0.0,0.0
-1.38,-0.48,0.0,0.0
-1.36,-0.48,0.0,0.0
-1.34,-0.48,0.0,0.0
-1.32,-0.48,0.0,0.0
-1.3,-0.48,0.0,0.0
-1.28,-0.48,0.0,0.0
-1.26,-0.48,0.0,0.0
-1.24,-0.48,0.0,1e-04
-1.22,-0.48,0.0,1e-04
-1.2,-0.48,0.0,0.0002
-1.18,-0.48,0.0,0.0002
-1.16,-0.48,0.0,0.0003
-1.14,-0.48,0.0,0.0005
-1.12,-0.48,0.0,0.0007
-1.1,-0.48,0.0,0.001
-1.08,-0.48,0.0,0.0015
-1.06,-0.48,0.0,0.0021
-1.04,-0.48,0.0,0.0031
-1.02,-0.48,0.0,0.0045
-1.0,-0.48,0.0,0.0065
-0.98,-0.48,0.0,0.0094
-0.96,-0.48,0.0,0.0136
-0.94,-0.48,0.0,0.0196
-0.92,-0.48,1e-04,0.0282
-0.9,-0.48,0.0002,0.0405
-0.88,-0.48,0.0005,0.0577
-0.86,-0.48,0.0014,0.0817
-0.84,-0.48,0.0036,0.1144
-0.82,-0.48,0.0097,0.158
-0.8,-0.48,0.0254,0.2142
-0.78,-0.48,0.0643,0.2836
-0.76,-0.48,0.1536,0.3647
-0.74,-0.48,0.324,0.4535
-0.72,-0.48,0.5586,0.5453
-0.7,-0.48,0.7672,0.6342
-0.68,-0.48,0.8859,0.7147
-0.66,-0.48,0.9455,0.7836
-0.64,-0.48,0.9703,0.8396
-0.62,-0.48,0.9835,0.8832
-0.6,-0.48,0.9909,0.9154
-0.58,-0.48,0.995,0.9377
-0.56,-0.48,0.9973,0.9525
-0.54,-0.48,0.9985,0.9631
-0.52,-0.48,0.9992,0.9714
-0.5,-0.48,0.9996,0.9778
-0.48,-0.48,0.9998,0.9828
-0.46,-0.48,0.9999,0.9867
-0.44,-0.48,0.9999,0.9897
-0.42,-0.48,1.0,0.9921
-0.4,-0.48,1.0,0.9939
-0.38,-0.48,1.0,0.9953
-0.36,-0.48,1.0,0.9964
-0.34,-0.48,1.0,0.9972
-0.32,-0.48,1.0,0.9978
-0.3,-0.48,1.0,0.9983
-0.28,-0.48,1.0,0.9987
-0.26,-0.48,1.0,0.999
-0.24,-0.48,1.0,0.9992
-0.22,-0.48,1.0,0.9994
-0.2,-0.48,1.0,0.9995
-0.18,-0.48,1.0,0.9997
-0.16,-0.48,1.0,0.9997
-0.14,-0.48,1.0,0.9998
-0.12,-0.48,1.0,0.9997
-0.1,-0.48,1.0,0.9997
-0.08,-0.48,1.0,0.9997
-0.06,-0.48,1.0,0.9997
-0.04,-0.48,1.0,0.9996
-0.02,-0.48,1.0,0.9996
0.0,-0.48,1.0,0.9995
0.02,-0.48,1.0,0.9995
0.04,-0.48,1.0,0.9994
0.06,-0.48,1.0,0.9993
0.08,-0.48,1.0,0.9992
0.1,-0.48,1.0,0.9991
0.12,-0.48,1.0,0.999
0.14,-0.48,1.0,0.9989
0.16,-0.48,1.0,0.9987
0.18,-0.48,1.0,0.9984
0.2,-0.48,1.0,0.9981
0.22,-0.48,1.0,0.9976
0.24,-0.48,1.0,0.9969
0.26,-0.48,1.0,0.9959
0.28,-0.48,1.0,0.9948
0.3,-0.48,1.0,0.9932
0.32,-0.48,1.0,0.9913
0.34,-0.48,1.0,0.9888
0.36,-0.48,0.9999,0.9855
0.38,-0.48,0.9999,0.9813
0.4,-0.48,0.9998,0.976
0.42,-0.48,0.9996,0.9692
0.44,-0.48,0.9994,0.9605
0.46,-0.48,0.9989,0.9495
0.48,-0.48,0.9982,0.9356
0.5,-0.48,0.9968,0.9183
0.52,-0.48,0.9945,0.8969
0.54,-0.48,0.9906,0.8705
0.56,-0.48,0.984,0.8387
0.58,-0.48,0.9727,0.8007
0.6,-0.48,0.9539,0.7564
0.62,-0.48,0.9217,0.7059
0.64,-0.48,0.8684,0.6498
0.66,-0.48,0.7849,0.5892
0.68,-0.48,0.6686,0.5258
0.7,-0.48,0.5272,0.4615
0.72,-0.48,0.3813,0.3989
0.74,-0.48,0.2541,0.3395
0.76,-0.48,0.1584,0.2848
0.78,-0.48,0.0943,0.2357
0.8,-0.48,0.0544,0.1928
0.82,-0.48,0.0308,0.1562
0.84,-0.48,0.0173,0.1254
0.86,-0.48,0.0096,0.0999
0.88,-0.48,0.0054,0.0791
0.9,-0.48,0.0031,0.0621
0.92,-0.48,0.0018,0.0486
0.94,-0.48,0.001,0.0379
0.96,-0.48,0.0006,0.0295
0.98,-0.48,0.0003,0.0229
1.0,-0.48,0.0002,0.0178
1.02,-0.48,1e-04,0.0138
1.04,-0.48,1e-04,0.0107
1.06,-0.48,0.0,0.0082
1.08,-0.48,0.0,0.0064
1.1,-0.48,0.0,0.0049
1.12,-0.48,0.0,0.0038
1.14,-0.48,0.0,0.0029
1.16,-0.48,0.0,0.0023
1.18,-0.48,0.0,0.0017
1.2,-0.48,0.0,0.0013
1.22,-0.48,0.0,0.001
1.24,-0.48,0.0,0.0008
1.26,-0.48,0.0,0.0006
1.28,-0.48,0.0,0.0005
1.3,-0.48,0.0,0.0004
1.32,-0.48,0.0,0.0003
1.34,-0.48,0.0,0.0002
1.36,-0.48,0.0,0.0002
1.38,-0.48,0.0,1e-04
1.4,-0.48,0.0,1e-04
1.42,-0.48,0.0,1e-04
1.44,-0.48,0.0,1e-04
1.46,-0.48,0.0,0.0
1.48,-0.48,0.0,0.0
1.5,-0.48,0.0,0.0
1.52,-0.48,0.0,0.0
1.54,-0.48,0.0,0.0
1.56,-0.48,0.0,0.0
1.58,-0.48,0.0,0.0
1.6,-0.48,0.0,0.0
-1.6,-0.46,0.0,0.0
-1.58,-0.46,0.0,0.0
-1.56,-0.46,0.0,0.0
-1.54,-0.46,0.0,0.0
-1.52,-0.46,0.0,0.0
-1.5,-0.46,0.0,0.0
-1.48,-0.46,0.0,0.0
-1.46,-0.46,0.0,0.0
-1.44,-0.46,0.0,0.0
-1.42,-0.46,0.0,0.0
-1.4,-0.46,0.0,0.0
-1.38,-0.46,0.0,0.0
-1.36,-0.46,0.0,0.0
-1.34,-0.46,0.0,0.0
-1.32,-0.46,0.0,0.0
-1.3,-0.46,0.0,0.0
-1.28,-0.46,0.0,0.0
-1.26,-0.46,0.0,1e-04
-1.24,-0.46,0.0,1e-04
-1.22,-0.46,0.0,1e-04
-1.2,-0.46,0.0,0.0002
-1.18,-0.46,0.0,0.0003
-1.16,-0.46,0.0,0.0004
-1.14,-0.46,0.0,0.0006
-1.12,-0.46,0.0,0.0009
-1.1,-0.46,0.0,0.0013
-1.08,-0.46,0.0,0.0019
-1.06,-0.46,0.0,0.0028
-1.04,-0.46,0.0,0.0041
-1.02,-0.46,0.0,0.0059
-1.0,-0.46,0.0,0.0085
-0.98,-0.46,0.0,0.0123
-0.96,-0.46,0.0,0.0178
-0.94,-0.46,0.0,0.0257
-0.92,-0.46,1e-04,0.0369
-0.9,-0.46,0.0003,0.0527
-0.88,-0.46,0.0008,0.0747
-0.86,-0.46,0.0021,0.105
-0.84,-0.46,0.0055,0.1456
-0.82,-0.46,0.0147,0.1983
-0.8,-0.46,0.0382,0.2643
-0.78,-0.46,0.0959,0.3429
-0.76,-0.46,0.2188,0.4312
-0.74,-0.46,0.4252,0.5238
-0.72,-0.46,0.6615,0.6138
-0.7,-0.46,0.8377,0.6967
-0.68,-0.46,0.9312,0.7686
-0.66,-0.46,0.97,0.8276
-0.64,-0.46,0.9865,0.874
-0.62,-0.46,0.9928,0.9093
-0.6,-0.46,0.9961,0.9355
-0.58,-0.46,0.9978,0.954
-0.56,-0.46,0.9988,0.9663
-0.54,-0.46,0.9994,0.9747
-0.52,-0.46,0.9996,0.9804
-0.5,-0.46,0.9998,0.9848
-0.48,-0.46,0.9999,0.9883
-0.46,-0.46,0.9999,0.991
-0.44,-0.46,1.0,0.993
-0.42,-0.46,1.0,0.9946
-0.4,-0.46,1.0,0.9959
-0.38,-0.46,1.0,0.9968
-0.36,-0.46,1.0,0.9975
-0.34,-0.46,1.0,0.9981
-0.32,-0.46,1.0,0.9985
-0.3,-0.46,1.0,0.9989
-0.28,-0.46,1.0,0.9991
-0.26,-0.46,1.0,0.9993
-0.24,-0.46,1.0,0.9995
-0.22,-0.46,1.0,0.9996
-0.2,-0.46,1.0,0.9997
-0.18,-0.46,1.0,0.9998
-0.16,-0.46,1.0,0.9998
-0.14,-0.46,1.0,0.9998
-0.12,-0.46,1.0,0.9998
-0.1,-0.46,1.0,0.9998
-0.08,-0.46,1.0,0.9997
-0.06,-0.46,1.0,0.9997
-0.04,-0.46,1.0,0.9997
-0.02,-0.46,1.0,0.9997
0.0,-0.46,1.0,0.9996
0.02,-0.46,1.0,0.9996
0.04,-0.46,1.0,0.9995
0.06,-0.46,1.0,0.9995
0.08,-0.46,1.0,0.9994
0.1,-0.46,1.0,0.9993
0.12,-0.46,1.0,0.9992
0.14,-0.46,1.0,0.9991
0.16,-0.46,1.0,0.9989
0.18,-0.46,1.0,0.9987
0.2,-0.46,1.0,0.9985
0.22,-0.46,1.0,0.9981
0.24,-0.46,1.0,0.9975
0.26,-0.46,1.0,0.9968
0.28,-0.46,1.0,0.9959
0.3,-0.46,1.0,0.9947
0.32,-0.46,1.0,0.9932
0.34,-0.46,1.0,0.9912
0.36,-0.46,1.0,0.9886
0.38,-0.46,0.9999,0.9853
0.4,-0.46,0.9999,0.9811
0.42,-0.46,0.9998,0.9757
0.44,-0.46,0.9997,0.9688
0.46,-0.46,0.9994,0.9601
0.48,-0.46,0.999,0.949
0.5,-0.46,0.9983,0.935
0.52,-0.46,0.997,0.9175
0.54,-0.46,0.9949,0.8958
0.56,-0.46,0.9911,0.8692
0.58,-0.46,0.9844,0.837
0.6,-0.46,0.9725,0.7988
0.62,-0.46,0.9514,0.7542
0.64,-0.46,0.9155,0.7034
0.66,-0.46,0.8569,0.6471
0.68,-0.46,0.7679,0.5863
0.7,-0.46,0.6465,0.5231
0.72,-0.46,0.5027,0.4593
0.74,-0.46,0.3585,0.3969
0.76,-0.46,0.236,0.3376
0.78,-0.46,0.1458,0.2831
0.8,-0.46,0.0862,0.2342
0.82,-0.46,0.0496,0.1915
0.84,-0.46,0.028,0.155
0.86,-0.46,0.0159,0.1241
0.88,-0.46,0.0092,0.0985
0.9,-0.46,0.0053,0.0777
0.92,-0.46,0.003,0.061
0.94,-0.46,0.0017,0.0477
0.96,-0.46,0.001,0.0372
0.98,-0.46,0.0006,0.029
1.0,-0.46,0.0003,0.0225
1.02,-0.46,0.0002,0.0174
1.04,-0.46,1e-04,0.0135
1.06,-0.46,1e-04,0.0105
1.08,-0.46,0.0,0.0081
1.1,-0.46,0.0,0.0062
1.12,-0.46,0.0,0.0048
1.14,-0.46,0.0,0.0037
1.16,-0.46,0.0,0.0029
1.18,-0.46,0.0,0.0022
1.2,-0.46,0.0,0.0017
1.22,-0.46,0.0,0.0013
1.24,-0.46,0.0,0.001
1.26,-0.46,0.0,0.0008
1.28,-0.46,0.0,0.0006
1.3,-0.46,0.0,0.0005
1.32,-0.46,0.0,0.0004
1.34,-0.46,0.0,0.0003
1.36,-0.46,0.0,0.0002
1.38,-0.46,0.0,0.0002
1.4,-0.46,0.0,1e-04
1.42,-0.46,0.0,1e-04
1.44,-0.46,0.0,1e-04
1.46,-0.46,0.0,1e-04
1.48,-0.46,0.0,0.0
1.5,-0.46,0.0,0.0
1.52,-0.46,0.0,0.0
1.54,-0.46,0.0,0.0
1.56,-0.46,0.0,0.0
1.58,-0.46,0.0,0.0
1.6,-0.46,0.0,0.0
-1.6,-0.44,0.0,0.0
-1.58,-0.44,0.0,0.0
-1.56,-0.44,0.0,0.0
-1.54,-0.44,0.0,0.0
-1.52,-0.44,0.0,0.0
-1.5,-0.44,0.0,0.0
-1.48,-0.44,0.0,0.0
-1.46,-0.44,0.0,0.0
-1.44,-0.44,0.0,0.0
-1.42,-0.44,0.0,0.0
-1.4,-0.44,0.0,0.0
-1.38,-0.44,0.0,0.0
-1.36,-0.44,0.0,0.0
-1.34,-0.44,0.0,0.0
-1.32,-0.44,0.0,0.0
-1.3,-0.44,0.0,0.0
-1.28,-0.44,0.0,0.0
-1.26,-0.44,0.0,1e-04
-1.24,-0.44,0.0,1e-04
-1.22,-0.44,0.0,0.0002
-1.2,-0.44,0.0,0.0002
-1.18,-0.44,0.0,0.0004
-1.16,-0.44,0.0,0.0006
-1.14,-0.44,0.0,0.0008
-1.12,-0.44,0.0,0.0012
-1.1,-0.44,0.0,0.0018
-1.08,-0.44,0.0,0.0025
-1.06,-0.44,0.0,0.0037
-1.04,-0.44,0.0,0.0053
-1.02,-0.44,0.0,0.0077
-1.0,-0.44,0.0,0.0112
-0.98,-0.44,0.0,0.0162
-0.96,-0.44,0.0,0.0234
-0.94,-0.44,1e-04,0.0336
-0.92,-0.44,0.0002,0.048
-0.9,-0.44,0.0004,0.0683
-0.88,-0.44,0.0012,0.0962
-0.86,-0.44,0.0032,0.1339
-0.84,-0.44,0.0084,0.1834
-0.82,-0.44,0.0222,0.246
-0.8,-0.44,0.0571,0.3215
-0.78,-0.44,0.1391,0.4076
-0.76,-0.44,0.3015,0.4999
-0.74,-0.44,0.5334,0.5921
-0.72,-0.44,0.7513,0.6781
-0.7,-0.44,0.8886,0.7528
-0.68,-0.44,0.9547,0.8149
-0.66,-0.44,0.9823,0.8642
-0.64,-0.44,0.9926,0.9019
-0.62,-0.44,0.9967,0.93
-0.6,-0.44,0.9983,0.9505
-0.58,-0.44,0.9991,0.9652
-0.56,-0.44,0.9995,0.9754
-0.54,-0.44,0.9997,0.982
-0.52,-0.44,0.9998,0.9866
-0.5,-0.44,0.9999,0.9897
-0.48,-0.44,1.0,0.992
-0.46,-0.44,1.0,0.9939
-0.44,-0.44,1.0,0.9953
-0.42,-0.44,1.0,0.9964
-0.4,-0.44,1.0,0.9972
-0.38,-0.44,1.0,0.9978
-0.36,-0.44,1.0,0.9983
-0.34,-0.44,1.0,0.9987
-0.32,-0.44,1.0,0.999
-0.3,-0.44,1.0,0.9992
-0.28,-0.44,1.0,0.9994
-0.26,-0.44,1.0,0.9996
-0.24,-0.44,1.0,0.9997
-0.22,-0.44,1.0,0.9997
-0.2,-0.44,1.0,0.9998
-0.18,-0.44,1.0,0.9998
-0.16,-0.44,1.0,0.9999
-0.14,-0.44,1.0,0.9998
-0.12,-0.44,1.0,0.9998
-0.1,-0.44,1.0,0.9998
-0.08,-0.44,1.0,0.9998
-0.06,-0.44,1.0,0.9998
-0.04,-0.44,1.0,0.9998
-0.02,-0.44,1.0,0.9997
0.0,-0.44,1.0,0.9997
0.02,-0.44,1.0,0.9997
0.04,-0.44,1.0,0.9996
0.06,-0.44,1.0,0.9996
0.08,-0.44,1.0,0.9995
0.1,-0.44,1.0,0.9994
0.12,-0.44,1.0,0.9994
0.14,-0.44,1.0,0.9993
0.16,-0.44,1.0,0.9991
0.18,-0.44,1.0,0.999
0.2,-0.44,1.0,0.9988
0.22,-0.44,1.0,0.9985
0.24,-0.44,1.0,0.9981
0.26,-0.44,1.0,0.9975
0.28,-0.44,1.0,0.9968
0.3,-0.44,1.0,0.9959
0.32,-0.44,1.0,0.9946
0.34,-0.44,1.0,0.9931
0.36,-0.44,1.0,0.9911
0.38,-0.44,1.0,0.9885
0.4,-0.44,0.9999,0.9852
0.42,-0.44,0.9999,0.9809
0.44,-0.44,0.9998,0.9755
0.46,-0.44,0.9997,0.9685
0.48,-0.44,0.9995,0.9597
0.5,-0.44,0.999,0.9484
0.52,-0.44,0.9983,0.9343
0.54,-0.44,0.997,0.9166
0.56,-0.44,0.9947,0.8947
0.58,-0.44,0.9906,0.8678
0.6,-0.44,0.9831,0.8354
0.62,-0.44,0.9698,0.7968
0.64,-0.44,0.9467,0.752
0.66,-0.44,0.9076,0.7009
0.68,-0.44,0.8444,0.6444
0.7,-0.44,0.75,0.584
0.72,-0.44,0.6238,0.5209
0.74,-0.44,0.4782,0.4572
0.76,-0.44,0.3363,0.3948
0.78,-0.44,0.2188,0.3357
0.8,-0.44,0.134,0.2813
0.82,-0.44,0.0788,0.2324
0.84,-0.44,0.0455,0.1893
0.86,-0.44,0.0266,0.1526
0.88,-0.44,0.0154,0.122
0.9,-0.44,0.0089,0.0968
0.92,-0.44,0.0051,0.0764
0.94,-0.44,0.0029,0.0599
0.96,-0.44,0.0017,0.0469
0.98,-0.44,0.001,0.0366
1.0,-0.44,0.0006,0.0284
1.02,-0.44,0.0003,0.0221
1.04,-0.44,0.0002,0.0171
1.06,-0.44,1e-04,0.0133
1.08,-0.44,1e-04,0.0103
1.1,-0.44,0.0,0.0079
1.12,-0.44,0.0,0.0061
1.14,-0.44,0.0,0.0047
1.16,-0.44,0.0,0.0037
1.18,-0.44,0.0,0.0028
1.2,-0.44,0.0,0.0022
1.22,-0.44,0.0,0.0017
1.24,-0.44,0.0,0.0013
1.26,-0.44,0.0,0.001
1.28,-0.44,0.0,0.0008
1.3,-0.44,0.0,0.0006
1.32,-0.44,0.0,0.0005
1.34,-0.44,0.0,0.0004
1.36,-0.44,0.0,0.0003
1.38,-0.44,0.0,0.0002
1.4,-0.44,0.0,0.0002
1.42,-0.44,0.0,1e-04
1.44,-0.44,0.0,1e-04
1.46,-0.44,0.0,1e-04
1.48,-0.44,0.0,1e-04
1.5,-0.44,0.0,0.0
1.52,-0.44,0.0,0.0
1.54,-0.44,0.0,0.0
1.56,-0.44,0.0,0.0
1.58,-0.44,0.0,0.0
1.6,-0.44,0.0,0.0
-1.6,-0.42,0.0,0.0
-1.58,-0.42,0.0,0.0
-1.56,-0.42,0.0,0.0
-1.54,-0.42,0.0,0.0
-1.52,-0.42,0.0,0.0
-1.5,-0.42,0.0,0.0
-1.48,-0.42,0.0,0.0
-1.46,-0.42,0.0,0.0
-1.44,-0.42,0.0,0.0
-1.42,-0.42,0.0,0.0
-1.4,-0.42,0.0,0.0
-1.38,-0.42,0.0,0.0
-1.36,-0.42,0.0,0.0
-1.34,-0.42,0.0,0.0
-1.32,-0.42,0.0,0.0
-1.3,-0.42,0.0,0.0
-1.28,-0.42,0.0,1e-04
-1.26,-0.42,0.0,1e-04
-1.24,-0.42,0.0,1e-04
-1.22,-0.42,0.0,0.0002
-1.2,-0.42,0.0,0.0003
-1.18,-0.42,0.0,0.0005
-1.16,-0.42,0.0,0.0007
-1.14,-0.42,0.0,0.0011
-1.12,-0.42,0.0,0.0016
-1.1,-0.42,0.0,0.0023
-1.08,-0.42,0.0,0.0034
-1.06,-0.42,0.0,0.0049
-1.04,-0.42,0.0,0.007
-1.02,-0.42,0.0,0.0102
-1.0,-0.42,0.0,0.0147
-0.98,-0.42,0.0,0.0213
-0.96,-0.42,0.0,0.0306
-0.94,-0.42,1e-04,0.0438
-0.92,-0.42,0.0002,0.0624
-0.9,-0.42,0.0006,0.0881
-0.88,-0.42,0.0018,0.1231
-0.86,-0.42,0.0048,0.1694
-0.84,-0.42,0.0128,0.2285
-0.82,-0.42,0.0334,0.3007
-0.8,-0.42,0.0845,0.3845
-0.78,-0.42,0.1977,0.4757
-0.76,-0.42,0.3969,0.5685
-0.74,-0.42,0.6373,0.6568
-0.72,-0.42,0.8235,0.7354
-0.7,-0.42,0.925,0.8014
-0.68,-0.42,0.9702,0.8537
-0.66,-0.42,0.9885,0.894
-0.64,-0.42,0.9956,0.9242
-0.62,-0.42,0.9982,0.9463
-0.6,-0.42,0.9992,0.9622
-0.58,-0.42,0.9996,0.9735
-0.56,-0.42,0.9998,0.9815
-0.54,-0.42,0.9999,0.987
-0.52,-0.42,0.9999,0.9905
-0.5,-0.42,1.0,0.9929
-0.48,-0.42,1.0,0.9946
-0.46,-0.42,1.0,0.9958
-0.44,-0.42,1.0,0.9968
-0.42,-0.42,1.0,0.9975
-0.4,-0.42,1.0,0.9981
-0.38,-0.42,1.0,0.9985
-0.36,-0.42,1.0,0.9989
-0.34,-0.42,1.0,0.9991
-0.32,-0.42,1.0,0.9993
-0.3,-0.42,1.0,0.9995
-0.28,-0.42,1.0,0.9996
-0.26,-0.42,1.0,0.9997
-0.24,-0.42,1.0,0.9998
-0.22,-0.42,1.0,0.9998
-0.2,-0.42,1.0,0.9999
-0.18,-0.42,1.0,0.9999
-0.16,-0.42,1.0,0.9999
-0.14,-0.42,1.0,0.9999
-0.12,-0.42,1.0,0.9999
-0.1,-0.42,1.0,0.9999
-0.08,-0.42,1.0,0.9998
-0.06,-0.42,1.0,0.9998
-0.04,-0.42,1.0,0.9998
-0.02,-0.42,1.0,0.9998
0.0,-0.42,1.0,0.9998
0.02,-0.42,1.0,0.9997
0.04,-0.42,1.0,0.9997
0.06,-0.42,1.0,0.9997
0.08,-0.42,1.0,0.9996
0.1,-0.42,1.0,0.9996
0.12,-0.42,1.0,0.9995
0.14,-0.42,1.0,0.9994
0.16,-0.42,1.0,0.9993
0.18,-0.42,1.0,0.9992
0.2,-0.42,1.0,0.9991
0.22,-0.42,1.0,0.9988
0.24,-0.42,1.0,0.9985
0.26,-0.42,1.0,0.9981
0.28,-0.42,1.0,0.9975
0.3,-0.42,1.0,0.9968
0.32,-0.42,1.0,0.9958
0.34,-0.42,1.0,0.9946
0.36,-0.42,1.0,0.993
0.38,-0.42,1.0,0.991
0.4,-0.42,1.0,0.9884
0.42,-0.42,0.9999,0.985
0.44,-0.42,0.9999,0.9807
0.46,-0.42,0.9998,0.9752
0.48,-0.42,0.9997,0.9682
0.5,-0.42,0.9994,0.9592
0.52,-0.42,0.999,0.9478
0.54,-0.42,0.9982,0.9335
0.56,-0.42,0.9968,0.9156
0.58,-0.42,0.9942,0.8935
0.6,-0.42,0.9896,0.8664
0.62,-0.42,0.9814,0.8337
0.64,-0.42,0.9668,0.7949
0.66,-0.42,0.9416,0.7497
0.68,-0.42,0.899,0.6988
0.7,-0.42,0.8311,0.6425
0.72,-0.42,0.7312,0.5819
0.74,-0.42,0.6006,0.5188
0.76,-0.42,0.4539,0.4551
0.78,-0.42,0.3148,0.3928
0.8,-0.42,0.2025,0.3329
0.82,-0.42,0.1233,0.278
0.84,-0.42,0.0746,0.229
0.86,-0.42,0.0442,0.1864
0.88,-0.42,0.0258,0.1502
0.9,-0.42,0.015,0.1199
0.92,-0.42,0.0086,0.0951
0.94,-0.42,0.005,0.075
0.96,-0.42,0.0028,0.0589
0.98,-0.42,0.0016,0.046
1.0,-0.42,0.0009,0.0359
1.02,-0.42,0.0005,0.0279
1.04,-0.42,0.0003,0.0217
1.06,-0.42,0.0002,0.0168
1.08,-0.42,1e-04,0.013
1.1,-0.42,1e-04,0.0101
1.12,-0.42,0.0,0.0078
1.14,-0.42,0.0,0.006
1.16,-0.42,0.0,0.0046
1.18,-0.42,0.0,0.0036
1.2,-0.42,0.0,0.0028
1.22,-0.42,0.0,0.0021
1.24,-0.42,0.0,0.0016
1.26,-0.42,0.0,0.0013
1.28,-0.42,0.0,0.001
1.3,-0.42,0.0,0.0008
1.32,-0.42,0.0,0.0006
1.34,-0.42,0.0,0.0005
1.36,-0.42,0.0,0.0003
1.38,-0.42,0.0,0.0003
1.4,-0.42,0.0,0.0002
1.42,-0.42,0.0,0.0002
1.44,-0.42,0.0,1e-04
1.46,-0.42,0.0,1e-04
1.48,-0.42,0.0,1e-04
1.5,-0.42,0.0,1e-04
1.52,-0.42,0.0,0.0
1.54,-0.42,0.0,0.0
1.56,-0.42,0.0,0.0
1.58,-0.42,0.0,0.0
1.6,-0.42,0.0,0.0
-1.6,-0.4,0.0,0.0
-1.58,-0.4,0.0,0.0
-1.56,-0.4,0.0,0.0
-1.54,-0.4,0.0,0.0
-1.52,-0.4,0.0,0.0
-1.5,-0.4,0.0,0.0
-1.48,-0.4,0.0,0.0
-1.46,-0.4,0.0,0.0
-1.44,-0.4,0.0,0.0
-1.42,-0.4,0.0,0.0
-1.4,-0.4,0.0,0.0
-1.38,-0.4,0.0,0.0
-1.36,-0.4,0.0,0.0
-1.34,-0.4,0.0,0.0
-1.32,-0.4,0.0,0.0
-1.3,-0.4,0.0,0.0
-1.28,-0.4,0.0,1e-04
-1.26,-0.4,0.0,1e-04
-1.24,-0.4,0.0,0.0002
-1.22,-0.4,0.0,0.0003
-1.2,-0.4,0.0,0.0004
-1.18,-0.4,0.0,0.0006
-1.16,-0.4,0.0,0.0009
-1.14,-0.4,0.0,0.0013
-1.12,-0.4,0.0,0.002
-1.1,-0.4,0.0,0.003
-1.08,-0.4,0.0,0.0044
-1.06,-0.4,0.0,0.0064
-1.04,-0.4,0.0,0.0093
-1.02,-0.4,0.0,0.0134
-1.0,-0.4,0.0,0.0193
-0.98,-0.4,0.0,0.0278
-0.96,-0.4,0.0,0.0399
-0.94,-0.4,1e-04,0.057
-0.92,-0.4,0.0003,0.0807
-0.9,-0.4,0.0008,0.113
-0.88,-0.4,0.0024,0.1562
-0.86,-0.4,0.0071,0.2119
-0.84,-0.4,0.0194,0.2808
-0.82,-0.4,0.0501,0.3619
-0.8,-0.4,0.1234,0.4516
-0.78,-0.4,0.2731,0.5447
-0.76,-0.4,0.5008,0.6347
-0.74,-0.4,0.7282,0.7162
-0.72,-0.4,0.8773,0.7856
-0.7,-0.4,0.9501,0.8419
-0.68,-0.4,0.9805,0.8855
-0.66,-0.4,0.9925,0.9179
-0.64,-0.4,0.9972,0.9417
-0.62,-0.4,0.9989,0.9589
-0.6,-0.4,0.9996,0.9712
-0.58,-0.4,0.9998,0.9799
-0.56,-0.4,0.9999,0.986
-0.54,-0.4,0.9999,0.9903
-0.52,-0.4,1.0,0.9932
-0.5,-0.4,1.0,0.995
-0.48,-0.4,1.0,0.9963
-0.46,-0.4,1.0,0.9972
-0.44,-0.4,1.0,0.9978
-0.42,-0.4,1.0,0.9983
-0.4,-0.4,1.0,0.9987
-0.38,-0.4,1.0,0.999
-0.36,-0.4,1.0,0.9992
-0.34,-0.4,1.0,0.9994
-0.32,-0.4,1.0,0.9995
-0.3,-0.4,1.0,0.9997
-0.28,-0.4,1.0,0.9997
-0.26,-0.4,1.0,0.9998
-0.24,-0.4,1.0,0.9998
-0.22,-0.4,1.0,0.9999
-0.2,-0.4,1.0,0.9999
-0.18,-0.4,1.0,0.9999
-0.16,-0.4,1.0,0.9999
-0.14,-0.4,1.0,0.9999
-0.12,-0.4,1.0,0.9999
-0.1,-0.4,1.0,0.9999
-0.08,-0.4,1.0,0.9999
-0.06,-0.4,1.0,0.9999
-0.04,-0.4,1.0,0.9998
-0.02,-0.4,1.0,0.9998
0.0,-0.4,1.0,0.9998
0.02,-0.4,1.0,0.9998
0.04,-0.4,1.0,0.9997
0.06,-0.4,1.0,0.9997
0.08,-0.4,1.0,0.9997
0.1,-0.4,1.0,0.9996
0.12,-0.4,1.0,0.9996
0.14,-0.4,1.0,0.9995
0.16,-0.4,1.0,0.9994
0.18,-0.4,1.0,0.9994
0.2,-0.4,1.0,0.9992
0.22,-0.4,1.0,0.9991
0.24,-0.4,1.0,0.9988
0.26,-0.4,1.0,0.9985
0.28,-0.4,1.0,0.998
0.3,-0.4,1.0,0.9975
0.32,-0.4,1.0,0.9967
0.34,-0.4,1.0,0.9958
0.36,-0.4,1.0,0.9945
0.38,-0.4,1.0,0.9929
0.4,-0.4,1.0,0.9909
0.42,-0.4,1.0,0.9882
0.44,-0.4,0.9999,0.9849
0.46,-0.4,0.9999,0.9805
0.48,-0.4,0.9998,0.9749
0.5,-0.4,0.9997,0.9678
0.52,-0.4,0.9994,0.9587
0.54,-0.4,0.9989,0.9472
0.56,-0.4,0.9981,0.9328
0.58,-0.4,0.9965,0.9147
0.6,-0.4,0.9937,0.8924
0.62,-0.4,0.9886,0.865
0.64,-0.4,0.9795,0.832
0.66,-0.4,0.9635,0.7931
0.68,-0.4,0.9359,0.7481
0.7,-0.4,0.8898,0.697
0.72,-0.4,0.8169,0.6405
0.74,-0.4,0.7115,0.5799
0.76,-0.4,0.5769,0.5162
0.78,-0.4,0.4297,0.4514
0.8,-0.4,0.294,0.3883
0.82,-0.4,0.1922,0.3287
0.84,-0.4,0.12,0.2741
0.86,-0.4,0.0725,0.2256
0.88,-0.4,0.0429,0.1835
0.9,-0.4,0.025,0.1477
0.92,-0.4,0.0145,0.1179
0.94,-0.4,0.0084,0.0935
0.96,-0.4,0.0048,0.0737
0.98,-0.4,0.0028,0.0578
1.0,-0.4,0.0016,0.0452
1.02,-0.4,0.0009,0.0352
1.04,-0.4,0.0005,0.0274
1.06,-0.4,0.0003,0.0213
1.08,-0.4,0.0002,0.0165
1.1,-0.4,1e-04,0.0128
1.12,-0.4,1e-04,0.0099
1.14,-0.4,0.0,0.0076
1.16,-0.4,0.0,0.0059
1.18,-0.4,0.0,0.0046
1.2,-0.4,0.0,0.0035
1.22,-0.4,0.0,0.0027
1.24,-0.4,0.0,0.0021
1.26,-0.4,0.0,0.0016
1.28,-0.4,0.0,0.0012
1.3,-0.4,0.0,0.001
1.32,-0.4,0.0,0.0007
1.34,-0.4,0.0,0.0006
1.36,-0.4,0.0,0.0004
1.38,-0.4,0.0,0.0003
1.4,-0.4,0.0,0.0003
1.42,-0.4,0.0,0.0002
1.44,-0.4,0.0,0.0002
1.46,-0.4,0.0,1e-04
1.48,-0.4,0.0,1e-04
1.5,-0.4,0.0,1e-04
1.52,-0.4,0.0,1e-04
1.54,-0.4,0.0,0.0
1.56,-0.4,0.0,0.0
1.58,-0.4,0.0,0.0
1.6,-0.4,0.0,0.0
-1.6,-0.38,0.0,0.0
-1.58,-0.38,0.0,0.0
-1.56,-0.38,0.0,0.0
-1.54,-0.38,0.0,0.0
-1.52,-0.38,0.0,0.0
-1.5,-0.38,0.0,0.0
-1.48,-0.38,0.0,0.0
-1.46,-0.38,0.0,0.0
-1.44,-0.38,0.0,0.0
-1.42,-0.38,0.0,0.0
-1.4,-0.38,0.0,0.0
-1.38,-0.38,0.0,0.0
-1.36,-0.38,0.0,0.0
-1.34,-0.38,0.0,0.0
-1.32,-0.38,0.0,0.0
-1.3,-0.38,0.0,1e-04
-1.28,-0.38,0.0,1e-04
-1.26,-0.38,0.0,1e-04
-1.24,-0.38,0.0,0.0002
-1.22,-0.38,0.0,0.0003
-1.2,-0.38,0.0,0.0005
-1.18,-0.38,0.0,0.0007
-1.16,-0.38,0.0,0.0011
-1.14,-0.38,0.0,0.0017
-1.12,-0.38,0.0,0.0025
-1.1,-0.38,0.0,0.0038
-1.08,-0.38,0.0,0.0057
-1.06,-0.38,0.0,0.0084
-1.04,-0.38,0.0,0.0122
-1.02,-0.38,0.0,0.0176
-1.0,-0.38,0.0,0.0253
-0.98,-0.38,0.0,0.0364
-0.96,-0.38,0.0,0.052
-0.94,-0.38,1e-04,0.0738
-0.92,-0.38,0.0003,0.1037
-0.9,-0.38,0.001,0.1439
-0.88,-0.38,0.0031,0.1962
-0.86,-0.38,0.0092,0.2617
-0.84,-0.38,0.027,0.3398
-0.82,-0.38,0.0744,0.4278
-0.8,-0.38,0.1767,0.5206
-0.78,-0.38,0.3642,0.612
-0.76,-0.38,0.6047,0.6961
-0.74,-0.38,0.8033,0.7689
-0.72,-0.38,0.916,0.8286
-0.7,-0.38,0.9668,0.8753
-0.68,-0.38,0.9873,0.9107
-0.66,-0.38,0.9952,0.9367
-0.64,-0.38,0.9982,0.9554
-0.62,-0.38,0.9993,0.9687
-0.6,-0.38,0.9997,0.9781
-0.58,-0.38,0.9999,0.9848
-0.56,-0.38,1.0,0.9894
-0.54,-0.38,1.0,0.9927
-0.52,-0.38,1.0,0.9949
-0.5,-0.38,1.0,0.9964
-0.48,-0.38,1.0,0.9974
-0.46,-0.38,1.0,0.998
-0.44,-0.38,1.0,0.9985
-0.42,-0.38,1.0,0.9989
-0.4,-0.38,1.0,0.9991
-0.38,-0.38,1.0,0.9993
-0.36,-0.38,1.0,0.9995
-0.34,-0.38,1.0,0.9996
-0.32,-0.38,1.0,0.9997
-0.3,-0.38,1.0,0.9998
-0.28,-0.38,1.0,0.9998
-0.26,-0.38,1.0,0.9999
-0.24,-0.38,1.0,0.9999
-0.22,-0.38,1.0,0.9999
-0.2,-0.38,1.0,0.9999
-0.18,-0.38,1.0,0.9999
-0.16,-0.38,1.0,0.9999
-0.14,-0.38,1.0,0.9999
-0.12,-0.38,1.0,0.9999
-0.1,-0.38,1.0,0.9999
-0.08,-0.38,1.0,0.9999
-0.06,-0.38,1.0,0.9999
-0.04,-0.38,1.0,0.9999
-0.02,-0.38,1.0,0.9999
0.0,-0.38,1.0,0.9998
0.02,-0.38,1.0,0.9998
0.04,-0.38,1.0,0.9998
0.06,-0.38,1.0,0.9998
0.08,-0.38,1.0,0.9997
0.1,-0.38,1.0,0.9997
0.12,-0.38,1.0,0.9997
0.14,-0.38,1.0,0.9996
0.16,-0.38,1.0,0.9996
0.18,-0.38,1.0,0.9995
0.2,-0.38,1.0,0.9994
0.22,-0.38,1.0,0.9993
0.24,-0.38,1.0,0.9991
0.26,-0.38,1.0,0.9988
0.28,-0.38,1.0,0.9985
0.3,-0.38,1.0,0.998
0.32,-0.38,1.0,0.9974
0.34,-0.38,1.0,0.9967
0.36,-0.38,1.0,0.9957
0.38,-0.38,1.0,0.9945
0.4,-0.38,1.0,0.9929
0.42,-0.38,1.0,0.9908
0.44,-0.38,1.0,0.9881
0.46,-0.38,0.9999,0.9847
0.48,-0.38,0.9999,0.9803
0.5,-0.38,0.9998,0.9746
0.52,-0.38,0.9996,0.9674
0.54,-0.38,0.9993,0.9582
0.56,-0.38,0.9988,0.9466
0.58,-0.38,0.9979,0.932
0.6,-0.38,0.9961,0.9138
0.62,-0.38,0.993,0.8912
0.64,-0.38,0.9874,0.8637
0.66,-0.38,0.9775,0.8307
0.68,-0.38,0.9599,0.7917
0.7,-0.38,0.9298,0.7465
0.72,-0.38,0.8798,0.6951
0.74,-0.38,0.8018,0.6375
0.76,-0.38,0.691,0.5757
0.78,-0.38,0.5528,0.5114
0.8,-0.38,0.4125,0.4467
0.82,-0.38,0.2869,0.3837
0.84,-0.38,0.1874,0.3245
0.86,-0.38,0.1168,0.2703
0.88,-0.38,0.0704,0.2223
0.9,-0.38,0.0416,0.1806
0.92,-0.38,0.0243,0.1453
0.94,-0.38,0.0141,0.1159
0.96,-0.38,0.0081,0.0919
0.98,-0.38,0.0047,0.0724
1.0,-0.38,0.0027,0.0568
1.02,-0.38,0.0015,0.0444
1.04,-0.38,0.0009,0.0346
1.06,-0.38,0.0005,0.0269
1.08,-0.38,0.0003,0.0209
1.1,-0.38,0.0002,0.0162
1.12,-0.38,1e-04,0.0125
1.14,-0.38,1e-04,0.0097
1.16,-0.38,0.0,0.0075
1.18,-0.38,0.0,0.0058
1.2,-0.38,0.0,0.0045
1.22,-0.38,0.0,0.0035
1.24,-0.38,0.0,0.0027
1.26,-0.38,0.0,0.0021
1.28,-0.38,0.0,0.0016
1.3,-0.38,0.0,0.0012
1.32,-0.38,0.0,0.0009
1.34,-0.38,0.0,0.0007
1.36,-0.38,0.0,0.0006
1.38,-0.38,0.0,0.0004
1.4,-0.38,0.0,0.0003
1.42,-0.38,0.0,0.0003
1.44,-0.38,0.0,0.0002
1.46,-0.38,0.0,0.0002
1.48,-0.38,0.0,1e-04
1.5,-0.38,0.0,1e-04
1.52,-0.38,0.0,1e-04
1.54,-0.38,0.0,1e-04
1.56,-0.38,0.0,0.0
1.58,-0.38,0.0,0.0
1.6,-0.38,0.0,0.0
-1.6,-0.36,0.0,0.0
-1.58,-0.36,0.0,0.0
-1.56,-0.36,0.0,0.0
-1.54,-0.36,0.0,0.0
-1.52,-0.36,0.0,0.0
-1.5,-0.36,0.0,0.0
-1.48,-0.36,0.0,0.0
-1.46,-0.36,0.0,0.0
-1.44,-0.36,0.0,0.0
-1.42,-0.36,0.0,0.0
-1.4,-0.36,0.0,0.0
-1.38,-0.36,0.0,0.0
-1.36,-0.36,0.0,0.0
-1.34,-0.36,0.0,0.0
-1.32,-0.36,0.0,1e-04
-1.3,-0.36,0.0,1e-04
-1.28,-0.36,0.0,1e-04
-1.26,-0.36,0.0,0.0002
-1.24,-0.36,0.0,0.0003
-1.22,-0.36,0.0,0.0004
-1.2,-0.36,0.0,0.0006
-1.18,-0.36,0.0,0.0009
-1.16,-0.36,0.0,0.0014
-1.14,-0.36,0.0,0.0021
-1.12,-0.36,0.0,0.0031
-1.1,-0.36,0.0,0.0047
-1.08,-0.36,0.0,0.0071
-1.06,-0.36,0.0,0.0106
-1.04,-0.36,0.0,0.0159
-1.02,-0.36,0.0,0.0231
-1.0,-0.36,0.0,0.0331
-0.98,-0.36,0.0,0.0474
-0.96,-0.36,1e-04,0.0674
-0.94,-0.36,0.0002,0.095
-0.92,-0.36,0.0005,0.1323
-0.9,-0.36,0.0014,0.1814
-0.88,-0.36,0.004,0.2434
-0.86,-0.36,0.012,0.3185
-0.84,-0.36,0.035,0.4043
-0.82,-0.36,0.0977,0.4964
-0.8,-0.36,0.2447,0.5888
-0.78,-0.36,0.4663,0.6753
-0.76,-0.36,0.6999,0.7513
-0.74,-0.36,0.8616,0.8144
-0.72,-0.36,0.9433,0.8644
-0.7,-0.36,0.978,0.9025
-0.68,-0.36,0.9916,0.9308
-0.66,-0.36,0.9968,0.9513
-0.64,-0.36,0.9988,0.9659
-0.62,-0.36,0.9995,0.9762
-0.6,-0.36,0.9998,0.9834
-0.58,-0.36,0.9999,0.9885
-0.56,-0.36,1.0,0.992
-0.54,-0.36,1.0,0.9944
-0.52,-0.36,1.0,0.9962
-0.5,-0.36,1.0,0.9973
-0.48,-0.36,1.0,0.9981
-0.46,-0.36,1.0,0.9986
-0.44,-0.36,1.0,0.999
-0.42,-0.36,1.0,0.9992
-0.4,-0.36,1.0,0.9994
-0.38,-0.36,1.0,0.9995
-0.36,-0.36,1.0,0.9996
-0.34,-0.36,1.0,0.9997
-0.32,-0.36,1.0,0.9998
-0.3,-0.36,1.0,0.9998
-0.28,-0.36,1.0,0.9999
-0.26,-0.36,1.0,0.9999
-0.24,-0.36,1.0,0.9999
-0.22,-0.36,1.0,0.9999
-0.2,-0.36,1.0,1.0
-0.18,-0.36,1.0,0.9999
-0.16,-0.36,1.0,0.9999
-0.14,-0.36,1.0,0.9999
-0.12,-0.36,1.0,0.9999
-0.1,-0.36,1.0,0.9999
-0.08,-0.36,1.0,0.9999
-0.06,-0.36,1.0,0.9999
-0.04,-0.36,1.0,0.9999
-0.02,-0.36,1.0,0.9999
0.0,-0.36,1.0,0.9999
0.02,-0.36,1.0,0.9999
0.04,-0.36,1.0,0.9998
0.06,-0.36,1.0,0.9998
0.08,-0.36,1.0,0.9998
0.1,-0.36,1.0,0.9998
0.12,-0.36,1.0,0.9997
0.14,-0.36,1.0,0.9997
0.16,-0.36,1.0,0.9996
0.18,-0.36,1.0,0.9996
0.2,-0.36,1.0,0.9995
0.22,-0.36,1.0,0.9994
0.24,-0.36,1.0,0.9993
0.26,-0.36,1.0,0.9991
0.28,-0.36,1.0,0.9988
0.3,-0.36,1.0,0.9984
0.32,-0.36,1.0,0.998
0.34,-0.36,1.0,0.9974
0.36,-0.36,1.0,0.9966
0.38,-0.36,1.0,0.9957
0.4,-0.36,1.0,0.9944
0.42,-0.36,1.0,0.9928
0.44,-0.36,1.0,0.9907
0.46,-0.36,1.0,0.988
0.48,-0.36,0.9999,0.9845
0.5,-0.36,0.9999,0.98
0.52,-0.36,0.9998,0.9743
0.54,-0.36,0.9996,0.967
0.56,-0.36,0.9993,0.9577
0.58,-0.36,0.9987,0.946
0.6,-0.36,0.9976,0.9312
0.62,-0.36,0.9957,0.9128
0.64,-0.36,0.9923,0.8902
0.66,-0.36,0.9861,0.8627
0.68,-0.36,0.9752,0.8295
0.7,-0.36,0.956,0.7899
0.72,-0.36,0.9231,0.7436
0.74,-0.36,0.8691,0.6911
0.76,-0.36,0.7858,0.6331
0.78,-0.36,0.6745,0.571
0.8,-0.36,0.5429,0.5066
0.82,-0.36,0.405,0.4419
0.84,-0.36,0.2807,0.3792
0.86,-0.36,0.1828,0.3203
0.88,-0.36,0.1136,0.2666
0.9,-0.36,0.0684,0.219
0.92,-0.36,0.0404,0.1778
0.94,-0.36,0.0236,0.143
0.96,-0.36,0.0136,0.114
0.98,-0.36,0.0079,0.0903
1.0,-0.36,0.0045,0.0711
1.02,-0.36,0.0026,0.0558
1.04,-0.36,0.0015,0.0436
1.06,-0.36,0.0009,0.0339
1.08,-0.36,0.0005,0.0264
1.1,-0.36,0.0003,0.0205
1.12,-0.36,0.0002,0.0159
1.14,-0.36,1e-04,0.0123
1.16,-0.36,1e-04,0.0095
1.18,-0.36,0.0,0.0073
1.2,-0.36,0.0,0.0057
1.22,-0.36,0.0,0.0044
1.24,-0.36,0.0,0.0034
1.26,-0.36,0.0,0.0026
1.28,-0.36,0.0,0.002
1.3,-0.36,0.0,0.0016
1.32,-0.36,0.0,0.0012
1.34,-0.36,0.0,0.0009
1.36,-0.36,0.0,0.0007
1.38,-0.36,0.0,0.0006
1.4,-0.36,0.0,0.0004
1.42,-0.36,0.0,0.0003
1.44,-0.36,0.0,0.0003
1.46,-0.36,0.0,0.0002
1.48,-0.36,0.0,1e-04
1.5,-0.36,0.0,1e-04
1.52,-0.36,0.0,1e-04
1.54,-0.36,0.0,1e-04
1.56,-0.36,0.0,0.0
1.58,-0.36,0.0,0.0
1.6,-0.36,0.0,0.0
-1.6,-0.34,0.0,0.0
-1.58,-0.34,0.0,0.0
-1.56,-0.34,0.0,0.0
-1.54,-0.34,0.0,0.0
-1.52,-0.34,0.0,0.0
-1.5,-0.34,0.0,0.0
-1.48,-0.34,0.0,0.0
-1.46,-0.34,0.0,0.0
-1.44,-0.34,0.0,0.0
-1.42,-0.34,0.0,0.0
-1.4,-0.34,0.0,0.0
-1.38,-0.34,0.0,0.0
-1.36,-0.34,0.0,0.0
-1.34,-0.34,0.0,0.0
-1.32,-0.34,0.0,1e-04
-1.3,-0.34,0.0,1e-04
-1.28,-0.34,0.0,1e-04
-1.26,-0.34,0.0,0.0002
-1.24,-0.34,0.0,0.0003
-1.22,-0.34,0.0,0.0005
-1.2,-0.34,0.0,0.0007
-1.18,-0.34,0.0,0.0011
-1.16,-0.34,0.0,0.0017
-1.14,-0.34,0.0,0.0026
-1.12,-0.34,0.0,0.0039
-1.1,-0.34,0.0,0.0058
-1.08,-0.34,0.0,0.0088
-1.06,-0.34,0.0,0.0132
-1.04,-0.34,0.0,0.0198
-1.02,-0.34,0.0,0.0296
-1.0,-0.34,0.0,0.0432
-0.98,-0.34,0.0,0.0616
-0.96,-0.34,1e-04,0.087
-0.94,-0.34,0.0002,0.1216
-0.92,-0.34,0.0006,0.1674
-0.9,-0.34,0.0018,0.2261
-0.88,-0.34,0.0053,0.2979
-0.86,-0.34,0.0155,0.3813
-0.84,-0.34,0.0451,0.4723
-0.82,-0.34,0.1238,0.5652
-0.8,-0.34,0.297,0.6537
-0.78,-0.34,0.5583,0.7328
-0.76,-0.34,0.7805,0.7993
-0.74,-0.34,0.9047,0.8526
-0.72,-0.34,0.962,0.8936
-0.7,-0.34,0.9854,0.9243
-0.68,-0.34,0.9945,0.9466
-0.66,-0.34,0.9979,0.9626
-0.64,-0.34,0.9992,0.974
-0.62,-0.34,0.9997,0.9819
-0.6,-0.34,0.9999,0.9874
-0.58,-0.34,1.0,0.9913
-0.56,-0.34,1.0,0.9939
-0.54,-0.34,1.0,0.9958
-0.52,-0.34,1.0,0.9971
-0.5,-0.34,1.0,0.998
-0.48,-0.34,1.0,0.9986
-0.46,-0.34,1.0,0.999
-0.44,-0.34,1.0,0.9993
-0.42,-0.34,1.0,0.9995
-0.4,-0.34,1.0,0.9996
-0.38,-0.34,1.0,0.9997
-0.36,-0.34,1.0,0.9998
-0.34,-0.34,1.0,0.9998
-0.32,-0.34,1.0,0.9999
-0.3,-0.34,1.0,0.9999
-0.28,-0.34,1.0,0.9999
-0.26,-0.34,1.0,0.9999
-0.24,-0.34,1.0,1.0
-0.22,-0.34,1.0,1.0
-0.2,-0.34,1.0,1.0
-0.18,-0.34,1.0,1.0
-0.16,-0.34,1.0,1.0
-0.14,-0.34,1.0,0.9999
-0.12,-0.34,1.0,0.9999
-0.1,-0.34,1.0,0.9999
-0.08,-0.34,1.0,0.9999
-0.06,-0.34,1.0,0.9999
-0.04,-0.34,1.0,0.9999
-0.02,-0.34,1.0,0.9999
0.0,-0.34,1.0,0.9999
0.02,-0.34,1.0,0.9999
0.04,-0.34,1.0,0.9999
0.06,-0.34,1.0,0.9999
0.08,-0.34,1.0,0.9998
0.1,-0.34,1.0,0.9998
0.12,-0.34,1.0,0.9998
0.14,-0.34,1.0,0.9998
0.16,-0.34,1.0,0.9997
0.18,-0.34,1.0,0.9997
0.2,-0.34,1.0,0.9996
0.22,-0.34,1.0,0.9995
0.24,-0.34,1.0,0.9994
0.26,-0.34,1.0,0.9993
0.28,-0.34,1.0,0.9991
0.3,-0.34,1.0,0.9988
0.32,-0.34,1.0,0.9984
0.34,-0.34,1.0,0.998
0.36,-0.34,1.0,0.9974
0.38,-0.34,1.0,0.9966
0.4,-0.34,1.0,0.9956
0.42,-0.34,1.0,0.9943
0.44,-0.34,1.0,0.9927
0.46,-0.34,1.0,0.9906
0.48,-0.34,1.0,0.9878
0.5,-0.34,0.9999,0.9843
0.52,-0.34,0.9999,0.9798
0.54,-0.34,0.9998,0.974
0.56,-0.34,0.9996,0.9666
0.58,-0.34,0.9992,0.9573
0.6,-0.34,0.9986,0.9454
0.62,-0.34,0.9974,0.9306
0.64,-0.34,0.9953,0.9121
0.66,-0.34,0.9915,0.8893
0.68,-0.34,0.9847,0.8611
0.7,-0.34,0.9727,0.827
0.72,-0.34,0.9517,0.7867
0.74,-0.34,0.9159,0.7399
0.76,-0.34,0.8595,0.687
0.78,-0.34,0.778,0.6286
0.8,-0.34,0.6677,0.5663
0.82,-0.34,0.5352,0.5018
0.84,-0.34,0.3976,0.4372
0.86,-0.34,0.2745,0.3747
0.88,-0.34,0.1782,0.3161
0.9,-0.34,0.1105,0.2628
0.92,-0.34,0.0665,0.2157
0.94,-0.34,0.0392,0.175
0.96,-0.34,0.0229,0.1406
0.98,-0.34,0.0132,0.1121
1.0,-0.34,0.0076,0.0887
1.02,-0.34,0.0044,0.0698
1.04,-0.34,0.0025,0.0548
1.06,-0.34,0.0014,0.0428
1.08,-0.34,0.0008,0.0333
1.1,-0.34,0.0005,0.0259
1.12,-0.34,0.0003,0.0201
1.14,-0.34,0.0002,0.0156
1.16,-0.34,1e-04,0.0121
1.18,-0.34,1e-04,0.0093
1.2,-0.34,0.0,0.0072
1.22,-0.34,0.0,0.0056
1.24,-0.34,0.0,0.0043
1.26,-0.34,0.0,0.0033
1.28,-0.34,0.0,0.0026
1.3,-0.34,0.0,0.002
1.32,-0.34,0.0,0.0015
1.34,-0.34,0.0,0.0012
1.36,-0.34,0.0,0.0009
1.38,-0.34,0.0,0.0007
1.4,-0.34,0.0,0.0005
1.42,-0.34,0.0,0.0004
1.44,-0.34,0.0,0.0003
1.46,-0.34,0.0,0.0002
1.48,-0.34,0.0,0.0002
1.5,-0.34,0.0,1e-04
1.52,-0.34,0.0,1e-04
1.54,-0.34,0.0,1e-04
1.56,-0.34,0.0,1e-04
1.58,-0.34,0.0,0.0
1.6,-0.34,0.0,0.0
-1.6,-0.32,0.0,0.0
-1.58,-0.32,0.0,0.0
-1.56,-0.32,0.0,0.0
-1.54,-0.32,0.0,0.0
-1.52,-0.32,0.0,0.0
-1.5,-0.32,0.0,0.0
-1.48,-0.32,0.0,0.0
-1.46,-0.32,0.0,0.0
-1.44,-0.32,0.0,0.0
-1.42,-0.32,0.0,0.0
-1.4,-0.32,0.0,0.0
-1.38,-0.32,0.0,0.0
-1.36,-0.32,0.0,0.0
-1.34,-0.32,0.0,1e-04
-1.32,-0.32,0.0,1e-04
-1.3,-0.32,0.0,1e-04
-1.28,-0.32,0.0,0.0002
-1.26,-0.32,0.0,0.0003
-1.24,-0.32,0.0,0.0004
-1.22,-0.32,0.0,0.0006
-1.2,-0.32,0.0,0.0009
-1.18,-0.32,0.0,0.0014
-1.16,-0.32,0.0,0.0021
-1.14,-0.32,0.0,0.0032
-1.12,-0.32,0.0,0.0048
-1.1,-0.32,0.0,0.0072
-1.08,-0.32,0.0,0.0109
-1.06,-0.32,0.0,0.0163
-1.04,-0.32,0.0,0.0245
-1.02,-0.32,0.0,0.0365
-1.0,-0.32,0.0,0.0542
-0.98,-0.32,0.0,0.0794
-0.96,-0.32,1e-04,0.1117
-0.94,-0.32,0.0003,0.1544
-0.92,-0.32,0.0008,0.2096
-0.9,-0.32,0.0023,0.2781
-0.88,-0.32,0.0068,0.3587
-0.86,-0.32,0.0202,0.4483
-0.84,-0.32,0.058,0.5413
-0.82,-0.32,0.1556,0.6315
-0.8,-0.32,0.3553,0.7134
-0.78,-0.32,0.6224,0.7834
-0.76,-0.32,0.8314,0.84
-0.74,-0.32,0.9354,0.8841
-0.72,-0.32,0.9748,0.9172
-0.7,-0.32,0.9904,0.9415
-0.68,-0.32,0.9964,0.959
-0.66,-0.32,0.9986,0.9714
-0.64,-0.32,0.9995,0.9801
-0.62,-0.32,0.9998,0.9862
-0.6,-0.32,0.9999,0.9905
-0.58,-0.32,1.0,0.9934
-0.56,-0.32,1.0,0.9954
-0.54,-0.32,1.0,0.9968
-0.52,-0.32,1.0,0.9978
-0.5,-0.32,1.0,0.9985
-0.48,-0.32,1.0,0.999
-0.46,-0.32,1.0,0.9993
-0.44,-0.32,1.0,0.9995
-0.42,-0.32,1.0,0.9996
-0.4,-0.32,1.0,0.9997
-0.38,-0.32,1.0,0.9998
-0.36,-0.32,1.0,0.9998
-0.34,-0.32,1.0,0.9999
-0.32,-0.32,1.0,0.9999
-0.3,-0.32,1.0,0.9999
-0.28,-0.32,1.0,0.9999
-0.26,-0.32,1.0,1.0
-0.24,-0.32,1.0,1.0
-0.22,-0.32,1.0,1.0
-0.2,-0.32,1.0,1.0
-0.18,-0.32,1.0,1.0
-0.16,-0.32,1.0,1.0
-0.14,-0.32,1.0,1.0
-0.12,-0.32,1.0,1.0
-0.1,-0.32,1.0,1.0
-0.08,-0.32,1.0,0.9999
-0.06,-0.32,1.0,0.9999
-0.04,-0.32,1.0,0.9999
-0.02,-0.32,1.0,0.9999
0.0,-0.32,1.0,0.9999
0.02,-0.32,1.0,0.9999
0.04,-0.32,1.0,0.9999
0.06,-0.32,1.0,0.9999
0.08,-0.32,1.0,0.9999
0.1,-0.32,1.0,0.9999
0.12,-0.32,1.0,0.9998
0.14,-0.32,1.0,0.9998
0.16,-0.32,1.0,0.9998
0.18,-0.32,1.0,0.9997
0.2,-0.32,1.0,0.9997
0.22,-0.32,1.0,0.9996
0.24,-0.32,1.0,0.9996
0.26,-0.32,1.0,0.9994
0.28,-0.32,1.0,0.9993
0.3,-0.32,1.0,0.999
0.32,-0.32,1.0,0.9988
0.34,-0.32,1.0,0.9984
0.36,-0.32,1.0,0.9979
0.38,-0.32,1.0,0.9973
0.4,-0.32,1.0,0.9966
0.42,-0.32,1.0,0.9956
0.44,-0.32,1.0,0.9943
0.46,-0.32,1.0,0.9926
0.48,-0.32,1.0,0.9905
0.5,-0.32,1.0,0.9877
0.52,-0.32,0.9999,0.9841
0.54,-0.32,0.9999,0.9796
0.56,-0.32,0.9997,0.9737
0.58,-0.32,0.9995,0.9662
0.6,-0.32,0.9991,0.9568
0.62,-0.32,0.9984,0.9449
0.64,-0.32,0.9971,0.9298
0.66,-0.32,0.9948,0.9109
0.68,-0.32,0.9906,0.8874
0.7,-0.32,0.9832,0.8588
0.72,-0.32,0.97,0.8243
0.74,-0.32,0.9475,0.7835
0.76,-0.32,0.9119,0.7362
0.78,-0.32,0.8557,0.6828
0.8,-0.32,0.7726,0.6241
0.82,-0.32,0.6608,0.5616
0.84,-0.32,0.5275,0.497
0.86,-0.32,0.3902,0.4325
0.88,-0.32,0.2684,0.3702
0.9,-0.32,0.1737,0.312
0.92,-0.32,0.1076,0.2591
0.94,-0.32,0.0646,0.2125
0.96,-0.32,0.0381,0.1722
0.98,-0.32,0.0222,0.1383
1.0,-0.32,0.0128,0.1102
1.02,-0.32,0.0074,0.0872
1.04,-0.32,0.0043,0.0686
1.06,-0.32,0.0024,0.0538
1.08,-0.32,0.0014,0.042
1.1,-0.32,0.0008,0.0327
1.12,-0.32,0.0005,0.0254
1.14,-0.32,0.0003,0.0197
1.16,-0.32,0.0002,0.0153
1.18,-0.32,1e-04,0.0118
1.2,-0.32,0.0,0.0091
1.22,-0.32,0.0,0.0071
1.24,-0.32,0.0,0.0055
1.26,-0.32,0.0,0.0042
1.28,-0.32,0.0,0.0033
1.3,-0.32,0.0,0.0025
1.32,-0.32,0.0,0.0019
1.34,-0.32,0.0,0.0015
1.36,-0.32,0.0,0.0012
1.38,-0.32,0.0,0.0009
1.4,-0.32,0.0,0.0007
1.42,-0.32,0.0,0.0005
1.44,-0.32,0.0,0.0004
1.46,-0.32,0.0,0.0003
1.48,-0.32,0.0,0.0002
1.5,-0.32,0.0,0.0002
1.52,-0.32,0.0,1e-04
1.54,-0.32,0.0,1e-04
1.56,-0.32,0.0,1e-04
1.58,-0.32,0.0,1e-04
1.6,-0.32,0.0,0.0
-1.6,-0.3,0.0,0.0
-1.58,-0.3,0.0,0.0
-1.56,-0.3,0.0,0.0
-1.54,-0.3,0.0,0.0
-1.52,-0.3,0.0,0.0
-1.5,-0.3,0.0,0.0
-1.48,-0.3,0.0,0.0
-1.46,-0.3,0.0,0.0
-1.44,-0.3,0.0,0.0
-1.42,-0.3,0.0,0.0
-1.4,-0.3,0.0,0.0
-1.38,-0.3,0.0,0.0
-1.36,-0.3,0.0,0.0
-1.34,-0.3,0.0,1e-04
-1.32,-0.3,0.0,1e-04
-1.3,-0.3,0.0,1e-04
-1.28,-0.3,0.0,0.0002
-1.26,-0.3,0.0,0.0003
-1.24,-0.3,0.0,0.0005
-1.22,-0.3,0.0,0.0008
-1.2,-0.3,0.0,0.0011
-1.18,-0.3,0.0,0.0017
-1.16,-0.3,0.0,0.0026
-1.14,-0.3,0.0,0.0039
-1.12,-0.3,0.0,0.0059
-1.1,-0.3,0.0,0.0089
-1.08,-0.3,0.0,0.0135
-1.06,-0.3,0.0,0.0202
-1.04,-0.3,0.0,0.0302
-1.02,-0.3,0.0,0.045
-1.0,-0.3,0.0,0.0665
-0.98,-0.3,0.0,0.0971
-0.96,-0.3,1e-04,0.1399
-0.94,-0.3,0.0003,0.194
-0.92,-0.3,0.001,0.2591
-0.9,-0.3,0.003,0.3368
-0.88,-0.3,0.0089,0.4245
-0.86,-0.3,0.0261,0.5172
-0.84,-0.3,0.0743,0.6088
-0.82,-0.3,0.1937,0.6933
-0.8,-0.3,0.4181,0.7665
-0.78,-0.3,0.6824,0.8266
-0.76,-0.3,0.8654,0.8738
-0.74,-0.3,0.9506,0.9096
-0.72,-0.3,0.9829,0.9359
-0.7,-0.3,0.9937,0.955
-0.68,-0.3,0.9976,0.9686
-0.66,-0.3,0.9991,0.9782
-0.64,-0.3,0.9997,0.9849
-0.62,-0.3,0.9999,0.9895
-0.6,-0.3,1.0,0.9928
-0.58,-0.3,1.0,0.995
-0.56,-0.3,1.0,0.9966
-0.54,-0.3,1.0,0.9976
-0.52,-0.3,1.0,0.9983
-0.5,-0.3,1.0,0.9989
-0.48,-0.3,1.0,0.9992
-0.46,-0.3,1.0,0.9995
-0.44,-0.3,1.0,0.9996
-0.42,-0.3,1.0,0.9997
-0.4,-0.3,1.0,0.9998
-0.38,-0.3,1.0,0.9999
-0.36,-0.3,1.0,0.9999
-0.34,-0.3,1.0,0.9999
-0.32,-0.3,1.0,0.9999
-0.3,-0.3,1.0,1.0
-0.28,-0.3,1.0,1.0
-0.26,-0.3,1.0,1.0
-0.24,-0.3,1.0,1.0
-0.22,-0.3,1.0,1.0
-0.2,-0.3,1.0,1.0
-0.18,-0.3,1.0,1.0
-0.16,-0.3,1.0,1.0
-0.14,-0.3,1.0,1.0
-0.12,-0.3,1.0,1.0
-0.1,-0.3,1.0,1.0
-0.08,-0.3,1.0,1.0
-0.06,-0.3,1.0,1.0
-0.04,-0.3,1.0,0.9999
-0.02,-0.3,1.0,0.9999
0.0,-0.3,1.0,0.9999
0.02,-0.3,1.0,0.9999
0.04,-0.3,1.0,0.9999
0.06,-0.3,1.0,0.9999
0.08,-0.3,1.0,0.9999
0.1,-0.3,1.0,0.9999
0.12,-0.3,1.0,0.9999
0.14,-0.3,1.0,0.9998
0.16,-0.3,1.0,0.9998
0.18,-0.3,1.0,0.9998
0.2,-0.3,1.0,0.9997
0.22,-0.3,1.0,0.9997
0.24,-0.3,1.0,0.9997
0.26,-0.3,1.0,0.9996
0.28,-0.3,1.0,0.9994
0.3,-0.3,1.0,0.9993
0.32,-0.3,1.0,0.999
0.34,-0.3,1.0,0.9988
0.36,-0.3,1.0,0.9984
0.38,-0.3,1.0,0.9979
0.4,-0.3,1.0,0.9973
0.42,-0.3,1.0,0.9965
0.44,-0.3,1.0,0.9955
0.46,-0.3,1.0,0.9942
0.48,-0.3,1.0,0.9925
0.5,-0.3,1.0,0.9903
0.52,-0.3,0.9999,0.9875
0.54,-0.3,0.9999,0.9839
0.56,-0.3,0.9998,0.9793
0.58,-0.3,0.9997,0.9734
0.6,-0.3,0.9995,0.9659
0.62,-0.3,0.999,0.9562
0.64,-0.3,0.9982,0.944
0.66,-0.3,0.9968,0.9286
0.68,-0.3,0.9943,0.9093
0.7,-0.3,0.9897,0.8855
0.72,-0.3,0.9816,0.8564
0.74,-0.3,0.9683,0.8215
0.76,-0.3,0.9459,0.7802
0.78,-0.3,0.9093,0.7324
0.8,-0.3,0.8518,0.6786
0.82,-0.3,0.7672,0.6196
0.84,-0.3,0.6538,0.5568
0.86,-0.3,0.5198,0.4922
0.88,-0.3,0.3829,0.4278
0.9,-0.3,0.2624,0.3657
0.92,-0.3,0.1693,0.3078
0.94,-0.3,0.1046,0.2554
0.96,-0.3,0.0628,0.2093
0.98,-0.3,0.037,0.1695
1.0,-0.3,0.0215,0.136
1.02,-0.3,0.0125,0.1083
1.04,-0.3,0.0072,0.0857
1.06,-0.3,0.0041,0.0674
1.08,-0.3,0.0024,0.0528
1.1,-0.3,0.0014,0.0412
1.12,-0.3,0.0008,0.0321
1.14,-0.3,0.0004,0.0249
1.16,-0.3,0.0003,0.0194
1.18,-0.3,1e-04,0.015
1.2,-0.3,0.0,0.0116
1.22,-0.3,0.0,0.009
1.24,-0.3,0.0,0.0069
1.26,-0.3,0.0,0.0054
1.28,-0.3,0.0,0.0041
1.3,-0.3,0.0,0.0032
1.32,-0.3,0.0,0.0025
1.34,-0.3,0.0,0.0019
1.36,-0.3,0.0,0.0014
1.38,-0.3,0.0,0.0011
1.4,-0.3,0.0,0.0008
1.42,-0.3,0.0,0.0006
1.44,-0.3,0.0,0.0005
1.46,-0.3,0.0,0.0004
1.48,-0.3,0.0,0.0003
1.5,-0.3,0.0,0.0002
1.52,-0.3,0.0,0.0002
1.54,-0.3,0.0,1e-04
1.56,-0.3,0.0,1e-04
1.58,-0.3,0.0,1e-04
1.6,-0.3,0.0,1e-04
-1.6,-0.28,0.0,0.0
-1.58,-0.28,0.0,0.0
-1.56,-0.28,0.0,0.0
-1.54,-0.28,0.0,0.0
-1.52,-0.28,0.0,0.0
-1.5,-0.28,0.0,0.0
-1.48,-0.28,0.0,0.0
-1.46,-0.28,0.0,0.0
-1.44,-0.28,0.0,0.0
-1.42,-0.28,0.0,0.0
-1.4,-0.28,0.0,0.0
-1.38,-0.28,0.0,0.0
-1.36,-0.28,0.0,1e-04
-1.34,-0.28,0.0,1e-04
-1.32,-0.28,0.0,1e-04
-1.3,-0.28,0.0,0.0002
-1.28,-0.28,0.0,0.0003
-1.26,-0.28,0.0,0.0004
-1.24,-0.28,0.0,0.0006
-1.22,-0.28,0.0,0.0009
-1.2,-0.28,0.0,0.0014
-1.18,-0.28,0.0,0.0021
-1.16,-0.28,0.0,0.0032
-1.14,-0.28,0.0,0.0049
-1.12,-0.28,0.0,0.0074
-1.1,-0.28,0.0,0.0111
-1.08,-0.28,0.0,0.0167
-1.06,-0.28,0.0,0.025
-1.04,-0.28,0.0,0.0373
-1.02,-0.28,0.0,0.0553
-1.0,-0.28,0.0,0.0813
-0.98,-0.28,0.0,0.118
-0.96,-0.28,1e-04,0.1682
-0.94,-0.28,0.0004,0.2341
-0.92,-0.28,0.0013,0.3151
-0.9,-0.28,0.0039,0.4011
-0.88,-0.28,0.0116,0.4931
-0.86,-0.28,0.0338,0.5855
-0.84,-0.28,0.0948,0.6723
-0.82,-0.28,0.2385,0.7488
-0.8,-0.28,0.4837,0.8123
-0.78,-0.28,0.737,0.8628
-0.76,-0.28,0.8934,0.9013
-0.74,-0.28,0.9616,0.9299
-0.72,-0.28,0.9868,0.9507
-0.7,-0.28,0.9956,0.9655
-0.68,-0.28,0.9984,0.976
-0.66,-0.28,0.9994,0.9833
-0.64,-0.28,0.9998,0.9885
-0.62,-0.28,0.9999,0.992
-0.6,-0.28,1.0,0.9945
-0.58,-0.28,1.0,0.9962
-0.56,-0.28,1.0,0.9974
-0.54,-0.28,1.0,0.9982
-0.52,-0.28,1.0,0.9988
-0.5,-0.28,1.0,0.9991
-0.48,-0.28,1.0,0.9994
-0.46,-0.28,1.0,0.9996
-0.44,-0.28,1.0,0.9997
-0.42,-0.28,1.0,0.9998
-0.4,-0.28,1.0,0.9999
-0.38,-0.28,1.0,0.9999
-0.36,-0.28,1.0,0.9999
-0.34,-0.28,1.0,0.9999
-0.32,-0.28,1.0,1.0
-0.3,-0.28,1.0,1.0
-0.28,-0.28,1.0,1.0
-0.26,-0.28,1.0,1.0
-0.24,-0.28,1.0,1.0
-0.22,-0.28,1.0,1.0
-0.2,-0.28,1.0,1.0
-0.18,-0.28,1.0,1.0
-0.16,-0.28,1.0,1.0
-0.14,-0.28,1.0,1.0
-0.12,-0.28,1.0,1.0
-0.1,-0.28,1.0,1.0
-0.08,-0.28,1.0,1.0
-0.06,-0.28,1.0,1.0
-0.04,-0.28,1.0,1.0
-0.02,-0.28,1.0,1.0
0.0,-0.28,1.0,0.9999
0.02,-0.28,1.0,0.9999
0.04,-0.28,1.0,0.9999
0.06,-0.28,1.0,0.9999
0.08,-0.28,1.0,0.9999
0.1,-0.28,1.0,0.9999
0.12,-0.28,1.0,0.9999
0.14,-0.28,1.0,0.9999
0.16,-0.28,1.0,0.9999
0.18,-0.28,1.0,0.9998
0.2,-0.28,1.0,0.9998
0.22,-0.28,1.0,0.9998
0.24,-0.28,1.0,0.9997
0.26,-0.28,1.0,0.9997
0.28,-0.28,1.0,0.9995
0.3,-0.28,1.0,0.9994
0.32,-0.28,1.0,0.9992
0.34,-0.28,1.0,0.999
0.36,-0.28,1.0,0.9987
0.38,-0.28,1.0,0.9984
0.4,-0.28,1.0,0.9979
0.42,-0.28,1.0,0.9973
0.44,-0.28,1.0,0.9965
0.46,-0.28,1.0,0.9955
0.48,-0.28,1.0,0.9941
0.5,-0.28,1.0,0.9924
0.52,-0.28,1.0,0.9902
0.54,-0.28,0.9999,0.9874
0.56,-0.28,0.9999,0.9837
0.58,-0.28,0.9998,0.979
0.6,-0.28,0.9997,0.973
0.62,-0.28,0.9994,0.9653
0.64,-0.28,0.9989,0.9554
0.66,-0.28,0.9981,0.943
0.68,-0.28,0.9965,0.9273
0.7,-0.28,0.9937,0.9077
0.72,-0.28,0.989,0.8835
0.74,-0.28,0.981,0.854
0.76,-0.28,0.9673,0.8186
0.78,-0.28,0.9443,0.7769
0.8,-0.28,0.9068,0.7287
0.82,-0.28,0.8479,0.6744
0.84,-0.28,0.7616,0.6151
0.86,-0.28,0.6468,0.5521
0.88,-0.28,0.5121,0.4874
0.9,-0.28,0.3757,0.4231
0.92,-0.28,0.2564,0.3613
0.94,-0.28,0.165,0.3038
0.96,-0.28,0.1018,0.2518
0.98,-0.28,0.061,0.2061
1.0,-0.28,0.0359,0.1668
1.02,-0.28,0.0209,0.1338
1.04,-0.28,0.0121,0.1065
1.06,-0.28,0.007,0.0842
1.08,-0.28,0.004,0.0662
1.1,-0.28,0.0023,0.0518
1.12,-0.28,0.0013,0.0405
1.14,-0.28,0.0007,0.0315
1.16,-0.28,0.0003,0.0245
1.18,-0.28,1e-04,0.019
1.2,-0.28,0.0,0.0147
1.22,-0.28,0.0,0.0114
1.24,-0.28,0.0,0.0088
1.26,-0.28,0.0,0.0068
1.28,-0.28,0.0,0.0052
1.3,-0.28,0.0,0.004
1.32,-0.28,0.0,0.003
1.34,-0.28,0.0,0.0023
1.36,-0.28,0.0,0.0018
1.38,-0.28,0.0,0.0013
1.4,-0.28,0.0,0.001
1.42,-0.28,0.0,0.0008
1.44,-0.28,0.0,0.0006
1.46,-0.28,0.0,0.0004
1.48,-0.28,0.0,0.0003
1.5,-0.28,0.0,0.0003
1.52,-0.28,0.0,0.0002
1.54,-0.28,0.0,1e-04
1.56,-0.28,0.0,1e-04
1.58,-0.28,0.0,1e-04
1.6,-0.28,0.0,1e-04
-1.6,-0.26,0.0,0.0
-1.58,-0.26,0.0,0.0
-1.56,-0.26,0.0,0.0
-1.54,-0.26,0.0,0.0
-1.52,-0.26,0.0,0.0
-1.5,-0.26,0.0,0.0
-1.48,-0.26,0.0,0.0
-1.46,-0.26,0.0,0.0
-1.44,-0.26,0.0,0.0
-1.42,-0.26,0.0,0.0
-1.4,-0.26,0.0,0.0
-1.38,-0.26,0.0,0.0
-1.36,-0.26,0.0,1e-04
-1.34,-0.26,0.0,1e-04
-1.32,-0.26,0.0,1e-04
-1.3,-0.26,0.0,0.0002
-1.28,-0.26,0.0,0.0003
-1.26,-0.26,0.0,0.0005
-1.24,-0.26,0.0,0.0008
-1.22,-0.26,0.0,0.0012
-1.2,-0.26,0.0,0.0018
-1.18,-0.26,0.0,0.0027
-1.16,-0.26,0.0,0.004
-1.14,-0.26,0.0,0.0061
-1.12,-0.26,0.0,0.0091
-1.1,-0.26,0.0,0.0138
-1.08,-0.26,0.0,0.0207
-1.06,-0.26,0.0,0.0309
-1.04,-0.26,0.0,0.046
-1.02,-0.26,0.0,0.0679
-1.0,-0.26,0.0,0.0991
-0.98,-0.26,1e-04,0.1426
-0.96,-0.26,0.0002,0.2009
-0.94,-0.26,0.0006,0.2753
-0.92,-0.26,0.0017,0.3648
-0.9,-0.26,0.0051,0.4648
-0.88,-0.26,0.015,0.5619
-0.86,-0.26,0.0437,0.6507
-0.84,-0.26,0.1201,0.7301
-0.82,-0.26,0.29,0.7971
-0.8,-0.26,0.5499,0.8509
-0.78,-0.26,0.7851,0.8924
-0.76,-0.26,0.9162,0.9233
-0.74,-0.26,0.9703,0.9459
-0.72,-0.26,0.9899,0.9621
-0.7,-0.26,0.9966,0.9736
-0.68,-0.26,0.9989,0.9817
-0.66,-0.26,0.9996,0.9873
-0.64,-0.26,0.9999,0.9912
-0.62,-0.26,0.9999,0.994
-0.6,-0.26,1.0,0.9958
-0.58,-0.26,1.0,0.9971
-0.56,-0.26,1.0,0.998
-0.54,-0.26,1.0,0.9986
-0.52,-0.26,1.0,0.9991
-0.5,-0.26,1.0,0.9994
-0.48,-0.26,1.0,0.9996
-0.46,-0.26,1.0,0.9997
-0.44,-0.26,1.0,0.9998
-0.42,-0.26,1.0,0.9999
-0.4,-0.26,1.0,0.9999
-0.38,-0.26,1.0,0.9999
-0.36,-0.26,1.0,0.9999
-0.34,-0.26,1.0,1.0
-0.32,-0.26,1.0,1.0
-0.3,-0.26,1.0,1.0
-0.28,-0.26,1.0,1.0
-0.26,-0.26,1.0,1.0
-0.24,-0.26,1.0,1.0
-0.22,-0.26,1.0,1.0
-0.2,-0.26,1.0,1.0
-0.18,-0.26,1.0,1.0
-0.16,-0.26,1.0,1.0
-0.14,-0.26,1.0,1.0
-0.12,-0.26,1.0,1.0
-0.1,-0.26,1.0,1.0
-0.08,-0.26,1.0,1.0
-0.06,-0.26,1.0,1.0
-0.04,-0.26,1.0,1.0
-0.02,-0.26,1.0,1.0
0.0,-0.26,1.0,1.0
0.02,-0.26,1.0,0.9999
0.04,-0.26,1.0,0.9999
0.06,-0.26,1.0,0.9999
0.08,-0.26,1.0,0.9999
0.1,-0.26,1.0,0.9999
0.12,-0.26,1.0,0.9999
0.14,-0.26,1.0,0.9999
0.16,-0.26,1.0,0.9999
0.18,-0.26,1.0,0.9999
0.2,-0.26,1.0,0.9998
0.22,-0.26,1.0,0.9998
0.24,-0.26,1.0,0.9998
0.26,-0.26,1.0,0.9997
0.28,-0.26,1.0,0.9996
0.3,-0.26,1.0,0.9995
0.32,-0.26,1.0,0.9994
0.34,-0.26,1.0,0.9992
0.36,-0.26,1.0,0.999
0.38,-0.26,1.0,0.9987
0.4,-0.26,1.0,0.9983
0.42,-0.26,1.0,0.9979
0.44,-0.26,1.0,0.9972
0.46,-0.26,1.0,0.9964
0.48,-0.26,1.0,0.9954
0.5,-0.26,1.0,0.9941
0.52,-0.26,1.0,0.9923
0.54,-0.26,1.0,0.9901
0.56,-0.26,0.9999,0.9872
0.58,-0.26,0.9999,0.9834
0.6,-0.26,0.9998,0.9786
0.62,-0.26,0.9996,0.9725
0.64,-0.26,0.9993,0.9646
0.66,-0.26,0.9988,0.9546
0.68,-0.26,0.9979,0.9419
0.7,-0.26,0.9963,0.926
0.72,-0.26,0.9935,0.9061
0.74,-0.26,0.9887,0.8815
0.76,-0.26,0.9804,0.8516
0.78,-0.26,0.9663,0.8158
0.8,-0.26,0.9427,0.7735
0.82,-0.26,0.9041,0.7248
0.84,-0.26,0.8439,0.6702
0.86,-0.26,0.756,0.6105
0.88,-0.26,0.6397,0.5473
0.9,-0.26,0.5044,0.4826
0.92,-0.26,0.3684,0.4184
0.94,-0.26,0.2506,0.3569
0.96,-0.26,0.1608,0.2997
0.98,-0.26,0.099,0.2482
1.0,-0.26,0.0592,0.203
1.02,-0.26,0.0348,0.1642
1.04,-0.26,0.0203,0.1316
1.06,-0.26,0.0117,0.1046
1.08,-0.26,0.0068,0.0827
1.1,-0.26,0.0039,0.065
1.12,-0.26,0.0019,0.0509
1.14,-0.26,0.0008,0.0397
1.16,-0.26,0.0003,0.0309
1.18,-0.26,1e-04,0.024
1.2,-0.26,0.0,0.0186
1.22,-0.26,0.0,0.0144
1.24,-0.26,0.0,0.0111
1.26,-0.26,0.0,0.0084
1.28,-0.26,0.0,0.0064
1.3,-0.26,0.0,0.0049
1.32,-0.26,0.0,0.0037
1.34,-0.26,0.0,0.0028
1.36,-0.26,0.0,0.0021
1.38,-0.26,0.0,0.0016
1.4,-0.26,0.0,0.0012
1.42,-0.26,0.0,0.0009
1.44,-0.26,0.0,0.0007
1.46,-0.26,0.0,0.0005
1.48,-0.26,0.0,0.0004
1.5,-0.26,0.0,0.0003
1.52,-0.26,0.0,0.0002
1.54,-0.26,0.0,0.0002
1.56,-0.26,0.0,1e-04
1.58,-0.26,0.0,1e-04
1.6,-0.26,0.0,1e-04
-1.6,-0.24,0.0,0.0
-1.58,-0.24,0.0,0.0
-1.56,-0.24,0.0,0.0
-1.54,-0.24,0.0,0.0
-1.52,-0.24,0.0,0.0
-1.5,-0.24,0.0,0.0
-1.48,-0.24,0.0,0.0
-1.46,-0.24,0.0,0.0
-1.44,-0.24,0.0,0.0
-1.42,-0.24,0.0,0.0
-1.4,-0.24,0.0,0.0
-1.38,-0.24,0.0,1e-04
-1.36,-0.24,0.0,1e-04
-1.34,-0.24,0.0,1e-04
-1.32,-0.24,0.0,0.0002
-1.3,-0.24,0.0,0.0003
-1.28,-0.24,0.0,0.0004
-1.26,-0.24,0.0,0.0006
-1.24,-0.24,0.0,0.001
-1.22,-0.24,0.0,0.0015
-1.2,-0.24,0.0,0.0022
-1.18,-0.24,0.0,0.0033
-1.16,-0.24,0.0,0.005
-1.14,-0.24,0.0,0.0075
-1.12,-0.24,0.0,0.0113
-1.1,-0.24,0.0,0.017
-1.08,-0.24,0.0,0.0255
-1.06,-0.24,0.0,0.0381
-1.04,-0.24,0.0,0.0565
-1.02,-0.24,0.0,0.083
-1.0,-0.24,0.0,0.1203
-0.98,-0.24,1e-04,0.1713
-0.96,-0.24,0.0002,0.2381
-0.94,-0.24,0.0007,0.3208
-0.92,-0.24,0.0022,0.4165
-0.9,-0.24,0.0066,0.519
-0.88,-0.24,0.0195,0.62
-0.86,-0.24,0.0562,0.7104
-0.84,-0.24,0.1512,0.7811
-0.82,-0.24,0.3475,0.8382
-0.8,-0.24,0.6144,0.8827
-0.78,-0.24,0.8265,0.9162
-0.76,-0.24,0.9344,0.9408
-0.74,-0.24,0.9771,0.9585
-0.72,-0.24,0.9922,0.971
-0.7,-0.24,0.9974,0.9799
-0.68,-0.24,0.9991,0.9861
-0.66,-0.24,0.9997,0.9904
-0.64,-0.24,0.9999,0.9934
-0.62,-0.24,1.0,0.9954
-0.6,-0.24,1.0,0.9968
-0.58,-0.24,1.0,0.9978
-0.56,-0.24,1.0,0.9985
-0.54,-0.24,1.0,0.999
-0.52,-0.24,1.0,0.9993
-0.5,-0.24,1.0,0.9995
-0.48,-0.24,1.0,0.9997
-0.46,-0.24,1.0,0.9998
-0.44,-0.24,1.0,0.9998
-0.42,-0.24,1.0,0.9999
-0.4,-0.24,1.0,0.9999
-0.38,-0.24,1.0,0.9999
-0.36,-0.24,1.0,1.0
-0.34,-0.24,1.0,1.0
-0.32,-0.24,1.0,1.0
-0.3,-0.24,1.0,1.0
-0.28,-0.24,1.0,1.0
-0.26,-0.24,1.0,1.0
-0.24,-0.24,1.0,1.0
-0.22,-0.24,1.0,1.0
-0.2,-0.24,1.0,1.0
-0.18,-0.24,1.0,1.0
-0.16,-0.24,1.0,1.0
-0.14,-0.24,1.0,1.0
-0.12,-0.24,1.0,1.0
-0.1,-0.24,1.0,1.0
-0.08,-0.24,1.0,1.0
-0.06,-0.24,1.0,1.0
-0.04,-0.24,1.0,1.0
-0.02,-0.24,1.0,1.0
0.0,-0.24,1.0,1.0
0.02,-0.24,1.0,1.0
0.04,-0.24,1.0,1.0
0.06,-0.24,1.0,0.9999
0.08,-0.24,1.0,0.9999
0.1,-0.24,1.0,0.9999
0.12,-0.24,1.0,0.9999
0.14,-0.24,1.0,0.9999
0.16,-0.24,1.0,0.9999
0.18,-0.24,1.0,0.9999
0.2,-0.24,1.0,0.9999
0.22,-0.24,1.0,0.9998
0.24,-0.24,1.0,0.9998
0.26,-0.24,1.0,0.9998
0.28,-0.24,1.0,0.9997
0.3,-0.24,1.0,0.9996
0.32,-0.24,1.0,0.9995
0.34,-0.24,1.0,0.9994
0.36,-0.24,1.0,0.9992
0.38,-0.24,1.0,0.999
0.4,-0.24,1.0,0.9987
0.42,-0.24,1.0,0.9983
0.44,-0.24,1.0,0.9978
0.46,-0.24,1.0,0.9972
0.48,-0.24,1.0,0.9964
0.5,-0.24,1.0,0.9953
0.52,-0.24,1.0,0.994
0.54,-0.24,1.0,0.9922
0.56,-0.24,1.0,0.9899
0.58,-0.24,0.9999,0.9869
0.6,-0.24,0.9999,0.9831
0.62,-0.24,0.9998,0.9782
0.64,-0.24,0.9996,0.972
0.66,-0.24,0.9993,0.9639
0.68,-0.24,0.9987,0.9537
0.7,-0.24,0.9978,0.9408
0.72,-0.24,0.9961,0.9246
0.74,-0.24,0.9933,0.9044
0.76,-0.24,0.9883,0.8795
0.78,-0.24,0.9798,0.8492
0.8,-0.24,0.9653,0.8128
0.82,-0.24,0.941,0.7701
0.84,-0.24,0.9014,0.721
0.86,-0.24,0.8398,0.6659
0.88,-0.24,0.7502,0.6059
0.9,-0.24,0.6326,0.5425
0.92,-0.24,0.4967,0.4778
0.94,-0.24,0.3613,0.4137
0.96,-0.24,0.2448,0.3525
0.98,-0.24,0.1567,0.2957
1.0,-0.24,0.0963,0.2446
1.02,-0.24,0.0575,0.1999
1.04,-0.24,0.0338,0.1616
1.06,-0.24,0.0197,0.1294
1.08,-0.24,0.0113,0.1029
1.1,-0.24,0.0049,0.0812
1.12,-0.24,0.0019,0.0639
1.14,-0.24,0.0008,0.05
1.16,-0.24,0.0003,0.039
1.18,-0.24,1e-04,0.0303
1.2,-0.24,0.0,0.0232
1.22,-0.24,0.0,0.0177
1.24,-0.24,0.0,0.0135
1.26,-0.24,0.0,0.0103
1.28,-0.24,0.0,0.0079
1.3,-0.24,0.0,0.006
1.32,-0.24,0.0,0.0045
1.34,-0.24,0.0,0.0035
1.36,-0.24,0.0,0.0026
1.38,-0.24,0.0,0.002
1.4,-0.24,0.0,0.0015
1.42,-0.24,0.0,0.0012
1.44,-0.24,0.0,0.0009
1.46,-0.24,0.0,0.0007
1.48,-0.24,0.0,0.0005
1.5,-0.24,0.0,0.0004
1.52,-0.24,0.0,0.0003
1.54,-0.24,0.0,0.0002
1.56,-0.24,0.0,0.0002
1.58,-0.24,0.0,1e-04
1.6,-0.24,0.0,1e-04
-1.6,-0.22,0.0,0.0
-1.58,-0.22,0.0,0.0
-1.56,-0.22,0.0,0.0
-1.54,-0.22,0.0,0.0
-1.52,-0.22,0.0,0.0
-1.5,-0.22,0.0,0.0
-1.48,-0.22,0.0,0.0
-1.46,-0.22,0.0,0.0
-1.44,-0.22,0.0,0.0
-1.42,-0.22,0.0,0.0
-1.4,-0.22,0.0,0.0
-1.38,-0.22,0.0,1e-04
-1.36,-0.22,0.0,1e-04
-1.34,-0.22,0.0,1e-04
-1.32,-0.22,0.0,0.0002
-1.3,-0.22,0.0,0.0003
-1.28,-0.22,0.0,0.0005
-1.26,-0.22,0.0,0.0008
-1.24,-0.22,0.0,0.0012
-1.22,-0.22,0.0,0.0018
-1.2,-0.22,0.0,0.0027
-1.18,-0.22,0.0,0.0041
-1.16,-0.22,0.0,0.0061
-1.14,-0.22,0.0,0.0092
-1.12,-0.22,0.0,0.0139
-1.1,-0.22,0.0,0.0209
-1.08,-0.22,0.0,0.0312
-1.06,-0.22,0.0,0.0464
-1.04,-0.22,0.0,0.0686
-1.02,-0.22,0.0,0.1002
-1.0,-0.22,0.0,0.1442
-0.98,-0.22,1e-04,0.2031
-0.96,-0.22,0.0003,0.2782
-0.94,-0.22,0.001,0.3682
-0.92,-0.22,0.0029,0.4685
-0.9,-0.22,0.0086,0.5714
-0.88,-0.22,0.0253,0.6686
-0.86,-0.22,0.072,0.7532
-0.84,-0.22,0.1884,0.822
-0.82,-0.22,0.4099,0.872
-0.8,-0.22,0.6751,0.9083
-0.78,-0.22,0.8614,0.935
-0.76,-0.22,0.9489,0.9544
-0.74,-0.22,0.9823,0.9682
-0.72,-0.22,0.994,0.9779
-0.7,-0.22,0.998,0.9847
-0.68,-0.22,0.9993,0.9894
-0.66,-0.22,0.9998,0.9927
-0.64,-0.22,0.9999,0.995
-0.62,-0.22,1.0,0.9965
-0.6,-0.22,1.0,0.9976
-0.58,-0.22,1.0,0.9984
-0.56,-0.22,1.0,0.9989
-0.54,-0.22,1.0,0.9992
-0.52,-0.22,1.0,0.9995
-0.5,-0.22,1.0,0.9996
-0.48,-0.22,1.0,0.9997
-0.46,-0.22,1.0,0.9998
-0.44,-0.22,1.0,0.9999
-0.42,-0.22,1.0,0.9999
-0.4,-0.22,1.0,0.9999
-0.38,-0.22,1.0,1.0
-0.36,-0.22,1.0,1.0
-0.34,-0.22,1.0,1.0
-0.32,-0.22,1.0,1.0
-0.3,-0.22,1.0,1.0
-0.28,-0.22,1.0,1.0
-0.26,-0.22,1.0,1.0
-0.24,-0.22,1.0,1.0
-0.22,-0.22,1.0,1.0
-0.2,-0.22,1.0,1.0
-0.18,-0.22,1.0,1.0
-0.16,-0.22,1.0,1.0
-0.14,-0.22,1.0,1.0
-0.12,-0.22,1.0,1.0
-0.1,-0.22,1.0,1.0
-0.08,-0.22,1.0,1.0
-0.06,-0.22,1.0,1.0
-0.04,-0.22,1.0,1.0
-0.02,-0.22,1.0,1.0
0.0,-0.22,1.0,1.0
0.02,-0.22,1.0,1.0
0.04,-0.22,1.0,1.0
0.06,-0.22,1.0,1.0
0.08,-0.22,1.0,1.0
0.1,-0.22,1.0,0.9999
0.12,-0.22,1.0,0.9999
0.14,-0.22,1.0,0.9999
0.16,-0.22,1.0,0.9999
0.18,-0.22,1.0,0.9999
0.2,-0.22,1.0,0.9999
0.22,-0.22,1.0,0.9999
0.24,-0.22,1.0,0.9999
0.26,-0.22,1.0,0.9998
0.28,-0.22,1.0,0.9998
0.3,-0.22,1.0,0.9997
0.32,-0.22,1.0,0.9996
0.34,-0.22,1.0,0.9995
0.36,-0.22,1.0,0.9994
0.38,-0.22,1.0,0.9992
0.4,-0.22,1.0,0.999
0.42,-0.22,1.0,0.9987
0.44,-0.22,1.0,0.9983
0.46,-0.22,1.0,0.9978
0.48,-0.22,1.0,0.9971
0.5,-0.22,1.0,0.9963
0.52,-0.22,1.0,0.9952
0.54,-0.22,1.0,0.9938
0.56,-0.22,1.0,0.992
0.58,-0.22,1.0,0.9897
0.6,-0.22,0.9999,0.9867
0.62,-0.22,0.9999,0.9828
0.64,-0.22,0.9998,0.9778
0.66,-0.22,0.9996,0.9714
0.68,-0.22,0.9992,0.9633
0.7,-0.22,0.9987,0.9529
0.72,-0.22,0.9977,0.9398
0.74,-0.22,0.996,0.9233
0.76,-0.22,0.9931,0.9028
0.78,-0.22,0.988,0.8775
0.8,-0.22,0.9792,0.8467
0.82,-0.22,0.9643,0.8099
0.84,-0.22,0.9393,0.7667
0.86,-0.22,0.8986,0.7171
0.88,-0.22,0.8356,0.6616
0.9,-0.22,0.7444,0.6013
0.92,-0.22,0.6254,0.5378
0.94,-0.22,0.489,0.473
0.96,-0.22,0.3542,0.4091
0.98,-0.22,0.2392,0.3481
1.0,-0.22,0.1527,0.2917
1.02,-0.22,0.0936,0.2411
1.04,-0.22,0.0559,0.1968
1.06,-0.22,0.0306,0.159
1.08,-0.22,0.0123,0.1272
1.1,-0.22,0.0049,0.1011
1.12,-0.22,0.0019,0.0798
1.14,-0.22,0.0008,0.0623
1.16,-0.22,0.0003,0.048
1.18,-0.22,1e-04,0.0369
1.2,-0.22,0.0,0.0283
1.22,-0.22,0.0,0.0216
1.24,-0.22,0.0,0.0165
1.26,-0.22,0.0,0.0126
1.28,-0.22,0.0,0.0096
1.3,-0.22,0.0,0.0073
1.32,-0.22,0.0,0.0056
1.34,-0.22,0.0,0.0042
1.36,-0.22,0.0,0.0032
1.38,-0.22,0.0,0.0024
1.4,-0.22,0.0,0.0019
1.42,-0.22,0.0,0.0014
1.44,-0.22,0.0,0.0011
1.46,-0.22,0.0,0.0008
1.48,-0.22,0.0,0.0006
1.5,-0.22,0.0,0.0005
1.52,-0.22,0.0,0.0004
1.54,-0.22,0.0,0.0003
1.56,-0.22,0.0,0.0002
1.58,-0.22,0.0,0.0002
1.6,-0.22,0.0,1e-04
-1.6,-0.2,0.0,0.0
-1.58,-0.2,0.0,0.0
-1.56,-0.2,0.0,0.0
-1.54,-0.2,0.0,0.0
-1.52,-0.2,0.0,0.0
-1.5,-0.2,0.0,0.0
-1.48,-0.2,0.0,0.0
-1.46,-0.2,0.0,0.0
-1.44,-0.2,0.0,0.0
-1.42,-0.2,0.0,0.0
-1.4,-0.2,0.0,1e-04
-1.38,-0.2,0.0,1e-04
-1.36,-0.2,0.0,1e-04
-1.34,-0.2,0.0,0.0002
-1.32,-0.2,0.0,0.0003
-1.3,-0.2,0.0,0.0004
-1.28,-0.2,0.0,0.0006
-1.26,-0.2,0.0,0.0009
-1.24,-0.2,0.0,0.0014
-1.22,-0.2,0.0,0.0022
-1.2,-0.2,0.0,0.0033
-1.18,-0.2,0.0,0.0049
-1.16,-0.2,0.0,0.0075
-1.14,-0.2,0.0,0.0112
-1.12,-0.2,0.0,0.0169
-1.1,-0.2,0.0,0.0254
-1.08,-0.2,0.0,0.0379
-1.06,-0.2,0.0,0.0562
-1.04,-0.2,0.0,0.0827
-1.02,-0.2,0.0,0.12
-1.0,-0.2,0.0,0.171
-0.98,-0.2,1e-04,0.2379
-0.96,-0.2,0.0004,0.3207
-0.94,-0.2,0.0013,0.4166
-0.92,-0.2,0.0038,0.5192
-0.9,-0.2,0.0112,0.6202
-0.88,-0.2,0.0327,0.7118
-0.86,-0.2,0.0919,0.789
-0.84,-0.2,0.2324,0.8498
-0.82,-0.2,0.4753,0.8954
-0.8,-0.2,0.7304,0.9279
-0.78,-0.2,0.8901,0.9493
-0.76,-0.2,0.9604,0.9645
-0.74,-0.2,0.9864,0.9753
-0.72,-0.2,0.9954,0.9829
-0.7,-0.2,0.9985,0.9882
-0.68,-0.2,0.9995,0.9918
-0.66,-0.2,0.9998,0.9944
-0.64,-0.2,0.9999,0.9961
-0.62,-0.2,1.0,0.9973
-0.6,-0.2,1.0,0.9982
-0.58,-0.2,1.0,0.9987
-0.56,-0.2,1.0,0.9991
-0.54,-0.2,1.0,0.9994
-0.52,-0.2,1.0,0.9996
-0.5,-0.2,1.0,0.9997
-0.48,-0.2,1.0,0.9998
-0.46,-0.2,1.0,0.9999
-0.44,-0.2,1.0,0.9999
-0.42,-0.2,1.0,0.9999
-0.4,-0.2,1.0,1.0
-0.38,-0.2,1.0,1.0
-0.36,-0.2,1.0,1.0
-0.34,-0.2,1.0,1.0
-0.32,-0.2,1.0,1.0
-0.3,-0.2,1.0,1.0
-0.28,-0.2,1.0,1.0
-0.26,-0.2,1.0,1.0
-0.24,-0.2,1.0,1.0
-0.22,-0.2,1.0,1.0
-0.2,-0.2,1.0,1.0
-0.18,-0.2,1.0,1.0
-0.16,-0.2,1.0,1.0
-0.14,-0.2,1.0,1.0
-0.12,-0.2,1.0,1.0
-0.1,-0.2,1.0,1.0
-0.08,-0.2,1.0,1.0
-0.06,-0.2,1.0,1.0
-0.04,-0.2,1.0,1.0
-0.02,-0.2,1.0,1.0
0.0,-0.2,1.0,1.0
0.02,-0.2,1.0,1.0
0.04,-0.2,1.0,1.0
0.06,-0.2,1.0,1.0
0.08,-0.2,1.0,1.0
0.1,-0.2,1.0,1.0
0.12,-0.2,1.0,1.0
0.14,-0.2,1.0,0.9999
0.16,-0.2,1.0,0.9999
0.18,-0.2,1.0,0.9999
0.2,-0.2,1.0,0.9999
0.22,-0.2,1.0,0.9999
0.24,-0.2,1.0,0.9999
0.26,-0.2,1.0,0.9999
0.28,-0.2,1.0,0.9998
0.3,-0.2,1.0,0.9998
0.32,-0.2,1.0,0.9997
0.34,-0.2,1.0,0.9996
0.36,-0.2,1.0,0.9995
0.38,-0.2,1.0,0.9994
0.4,-0.2,1.0,0.9992
0.42,-0.2,1.0,0.999
0.44,-0.2,1.0,0.9987
0.46,-0.2,1.0,0.9983
0.48,-0.2,1.0,0.9977
0.5,-0.2,1.0,0.9971
0.52,-0.2,1.0,0.9962
0.54,-0.2,1.0,0.9951
0.56,-0.2,1.0,0.9936
0.58,-0.2,1.0,0.9918
0.6,-0.2,1.0,0.9894
0.62,-0.2,0.9999,0.9863
0.64,-0.2,0.9999,0.9824
0.66,-0.2,0.9997,0.9773
0.68,-0.2,0.9996,0.9708
0.7,-0.2,0.9992,0.9625
0.72,-0.2,0.9986,0.952
0.74,-0.2,0.9976,0.9387
0.76,-0.2,0.9959,0.9219
0.78,-0.2,0.9929,0.9011
0.8,-0.2,0.9876,0.8754
0.82,-0.2,0.9786,0.8442
0.84,-0.2,0.9632,0.8069
0.86,-0.2,0.9375,0.7633
0.88,-0.2,0.8958,0.7132
0.9,-0.2,0.8313,0.6573
0.92,-0.2,0.7385,0.5967
0.94,-0.2,0.6181,0.533
0.96,-0.2,0.4813,0.4682
0.98,-0.2,0.3472,0.4044
1.0,-0.2,0.2336,0.3437
1.02,-0.2,0.1487,0.2878
1.04,-0.2,0.0749,0.2376
1.06,-0.2,0.0309,0.1938
1.08,-0.2,0.0124,0.1564
1.1,-0.2,0.0049,0.1236
1.12,-0.2,0.002,0.0968
1.14,-0.2,0.0008,0.0753
1.16,-0.2,0.0003,0.0582
1.18,-0.2,1e-04,0.0449
1.2,-0.2,0.0,0.0345
1.22,-0.2,0.0,0.0264
1.24,-0.2,0.0,0.0202
1.26,-0.2,0.0,0.0154
1.28,-0.2,0.0,0.0117
1.3,-0.2,0.0,0.0089
1.32,-0.2,0.0,0.0068
1.34,-0.2,0.0,0.0052
1.36,-0.2,0.0,0.0039
1.38,-0.2,0.0,0.003
1.4,-0.2,0.0,0.0023
1.42,-0.2,0.0,0.0017
1.44,-0.2,0.0,0.0013
1.46,-0.2,0.0,0.001
1.48,-0.2,0.0,0.0008
1.5,-0.2,0.0,0.0006
1.52,-0.2,0.0,0.0004
1.54,-0.2,0.0,0.0003
1.56,-0.2,0.0,0.0002
1.58,-0.2,0.0,0.0002
1.6,-0.2,0.0,1e-04
-1.6,-0.18,0.0,0.0
-1.58,-0.18,0.0,0.0
-1.56,-0.18,0.0,0.0
-1.54,-0.18,0.0,0.0
-1.52,-0.18,0.0,0.0
-1.5,-0.18,0.0,0.0
-1.48,-0.18,0.0,0.0
-1.46,-0.18,0.0,0.0
-1.44,-0.18,0.0,0.0
-1.42,-0.18,0.0,0.0
-1.4,-0.18,0.0,1e-04
-1.38,-0.18,0.0,1e-04
-1.36,-0.18,0.0,1e-04
-1.34,-0.18,0.0,0.0002
-1.32,-0.18,0.0,0.0003
-1.3,-0.18,0.0,0.0005
-1.28,-0.18,0.0,0.0007
-1.26,-0.18,0.0,0.0011
-1.24,-0.18,0.0,0.0017
-1.22,-0.18,0.0,0.0026
-1.2,-0.18,0.0,0.0039
-1.18,-0.18,0.0,0.0059
-1.16,-0.18,0.0,0.0089
-1.14,-0.18,0.0,0.0134
-1.12,-0.18,0.0,0.0201
-1.1,-0.18,0.0,0.0302
-1.08,-0.18,0.0,0.045
-1.06,-0.18,0.0,0.0667
-1.04,-0.18,0.0,0.0977
-1.02,-0.18,0.0,0.1409
-1.0,-0.18,1e-04,0.1989
-0.98,-0.18,0.0002,0.2733
-0.96,-0.18,0.0006,0.3628
-0.94,-0.18,0.0016,0.4629
-0.92,-0.18,0.0049,0.5661
-0.9,-0.18,0.0145,0.6638
-0.88,-0.18,0.0423,0.7493
-0.86,-0.18,0.1166,0.819
-0.84,-0.18,0.2831,0.8727
-0.82,-0.18,0.5415,0.9121
-0.8,-0.18,0.7794,0.9402
-0.78,-0.18,0.9135,0.9597
-0.76,-0.18,0.9693,0.9723
-0.74,-0.18,0.9895,0.9808
-0.72,-0.18,0.9965,0.9867
-0.7,-0.18,0.9988,0.9908
-0.68,-0.18,0.9996,0.9937
-0.66,-0.18,0.9999,0.9956
-0.64,-0.18,1.0,0.997
-0.62,-0.18,1.0,0.9979
-0.6,-0.18,1.0,0.9986
-0.58,-0.18,1.0,0.999
-0.56,-0.18,1.0,0.9993
-0.54,-0.18,1.0,0.9995
-0.52,-0.18,1.0,0.9997
-0.5,-0.18,1.0,0.9998
-0.48,-0.18,1.0,0.9999
-0.46,-0.18,1.0,0.9999
-0.44,-0.18,1.0,0.9999
-0.42,-0.18,1.0,1.0
-0.4,-0.18,1.0,1.0
-0.38,-0.18,1.0,1.0
-0.36,-0.18,1.0,1.0
-0.34,-0.18,1.0,1.0
-0.32,-0.18,1.0,1.0
-0.3,-0.18,1.0,1.0
-0.28,-0.18,1.0,1.0
-0.26,-0.18,1.0,1.0
-0.24,-0.18,1.0,1.0
-0.22,-0.18,1.0,1.0
-0.2,-0.18,1.0,1.0
-0.18,-0.18,1.0,1.0
-0.16,-0.18,1.0,1.0
-0.14,-0.18,1.0,1.0
-0.12,-0.18,1.0,1.0
-0.1,-0.18,1.0,1.0
-0.08,-0.18,1.0,1.0
-0.06,-0.18,1.0,1.0
-0.04,-0.18,1.0,1.0
-0.02,-0.18,1.0,1.0
0.0,-0.18,1.0,1.0
0.02,-0.18,1.0,1.0
0.04,-0.18,1.0,1.0
0.06,-0.18,1.0,1.0
0.08,-0.18,1.0,1.0
0.1,-0.18,1.0,1.0
0.12,-0.18,1.0,1.0
0.14,-0.18,1.0,1.0
0.16,-0.18,1.0,1.0
0.18,-0.18,1.0,0.9999
0.2,-0.18,1.0,0.9999
0.22,-0.18,1.0,0.9999
0.24,-0.18,1.0,0.9999
0.26,-0.18,1.0,0.9999
0.28,-0.18,1.0,0.9999
0.3,-0.18,1.0,0.9998
0.32,-0.18,1.0,0.9998
0.34,-0.18,1.0,0.9997
0.36,-0.18,1.0,0.9996
0.38,-0.18,1.0,0.9995
0.4,-0.18,1.0,0.9994
0.42,-0.18,1.0,0.9992
0.44,-0.18,1.0,0.9989
0.46,-0.18,1.0,0.9986
0.48,-0.18,1.0,0.9982
0.5,-0.18,1.0,0.9977
0.52,-0.18,1.0,0.997
0.54,-0.18,1.0,0.9961
0.56,-0.18,1.0,0.995
0.58,-0.18,1.0,0.9935
0.6,-0.18,1.0,0.9916
0.62,-0.18,1.0,0.9891
0.64,-0.18,0.9999,0.986
0.66,-0.18,0.9998,0.9819
0.68,-0.18,0.9997,0.9768
0.7,-0.18,0.9995,0.9701
0.72,-0.18,0.9992,0.9617
0.74,-0.18,0.9986,0.9509
0.76,-0.18,0.9976,0.9374
0.78,-0.18,0.9958,0.9204
0.8,-0.18,0.9926,0.8993
0.82,-0.18,0.9872,0.8733
0.84,-0.18,0.9779,0.8417
0.86,-0.18,0.9621,0.8039
0.88,-0.18,0.9357,0.7598
0.9,-0.18,0.8929,0.7093
0.92,-0.18,0.8269,0.653
0.94,-0.18,0.7325,0.5921
0.96,-0.18,0.6108,0.5282
0.98,-0.18,0.4736,0.4634
1.0,-0.18,0.3376,0.3998
1.02,-0.18,0.1716,0.3394
1.04,-0.18,0.0755,0.2828
1.06,-0.18,0.0312,0.2305
1.08,-0.18,0.0125,0.1853
1.1,-0.18,0.005,0.1474
1.12,-0.18,0.002,0.1161
1.14,-0.18,0.0008,0.0907
1.16,-0.18,0.0003,0.0704
1.18,-0.18,1e-04,0.0544
1.2,-0.18,0.0,0.0418
1.22,-0.18,0.0,0.0321
1.24,-0.18,0.0,0.0245
1.26,-0.18,0.0,0.0187
1.28,-0.18,0.0,0.0143
1.3,-0.18,0.0,0.0109
1.32,-0.18,0.0,0.0083
1.34,-0.18,0.0,0.0063
1.36,-0.18,0.0,0.0048
1.38,-0.18,0.0,0.0036
1.4,-0.18,0.0,0.0028
1.42,-0.18,0.0,0.0021
1.44,-0.18,0.0,0.0016
1.46,-0.18,0.0,0.0012
1.48,-0.18,0.0,0.0009
1.5,-0.18,0.0,0.0007
1.52,-0.18,0.0,0.0005
1.54,-0.18,0.0,0.0004
1.56,-0.18,0.0,0.0003
1.58,-0.18,0.0,0.0002
1.6,-0.18,0.0,0.0002
-1.6,-0.16,0.0,0.0
-1.58,-0.16,0.0,0.0
-1.56,-0.16,0.0,0.0
-1.54,-0.16,0.0,0.0
-1.52,-0.16,0.0,0.0
-1.5,-0.16,0.0,0.0
-1.48,-0.16,0.0,0.0
-1.46,-0.16,0.0,0.0
-1.44,-0.16,0.0,0.0
-1.42,-0.16,0.0,0.0
-1.4,-0.16,0.0,1e-04
-1.38,-0.16,0.0,1e-04
-1.36,-0.16,0.0,1e-04
-1.34,-0.16,0.0,0.0002
-1.32,-0.16,0.0,0.0003
-1.3,-0.16,0.0,0.0005
-1.28,-0.16,0.0,0.0007
-1.26,-0.16,0.0,0.0011
-1.24,-0.16,0.0,0.0016
-1.22,-0.16,0.0,0.0025
-1.2,-0.16,0.0,0.0038
-1.18,-0.16,0.0,0.0057
-1.16,-0.16,0.0,0.0087
-1.14,-0.16,0.0,0.0131
-1.12,-0.16,0.0,0.0197
-1.1,-0.16,0.0,0.0297
-1.08,-0.16,0.0,0.0444
-1.06,-0.16,0.0,0.066
-1.04,-0.16,0.0,0.0969
-1.02,-0.16,0.0,0.1401
-1.0,-0.16,1e-04,0.1984
-0.98,-0.16,0.0002,0.2733
-0.96,-0.16,0.0007,0.3636
-0.94,-0.16,0.0021,0.4647
-0.92,-0.16,0.0064,0.5687
-0.9,-0.16,0.0189,0.667
-0.88,-0.16,0.0544,0.7527
-0.86,-0.16,0.1469,0.8222
-0.84,-0.16,0.3399,0.8754
-0.82,-0.16,0.6063,0.9144
-0.8,-0.16,0.8216,0.942
-0.78,-0.16,0.9323,0.9611
-0.76,-0.16,0.9763,0.9741
-0.74,-0.16,0.992,0.9826
-0.72,-0.16,0.9973,0.988
-0.7,-0.16,0.9991,0.9918
-0.68,-0.16,0.9997,0.9944
-0.66,-0.16,0.9999,0.9961
-0.64,-0.16,1.0,0.9974
-0.62,-0.16,1.0,0.9982
-0.6,-0.16,1.0,0.9988
-0.58,-0.16,1.0,0.9991
-0.56,-0.16,1.0,0.9994
-0.54,-0.16,1.0,0.9996
-0.52,-0.16,1.0,0.9997
-0.5,-0.16,1.0,0.9998
-0.48,-0.16,1.0,0.9999
-0.46,-0.16,1.0,0.9999
-0.44,-0.16,1.0,0.9999
-0.42,-0.16,1.0,1.0
-0.4,-0.16,1.0,1.0
-0.38,-0.16,1.0,1.0
-0.36,-0.16,1.0,1.0
-0.34,-0.16,1.0,1.0
-0.32,-0.16,1.0,1.0
-0.3,-0.16,1.0,1.0
-0.28,-0.16,1.0,1.0
-0.26,-0.16,1.0,1.0
-0.24,-0.16,1.0,1.0
-0.22,-0.16,1.0,1.0
-0.2,-0.16,1.0,1.0
-0.18,-0.16,1.0,1.0
-0.16,-0.16,1.0,1.0
-0.14,-0.16,1.0,1.0
-0.12,-0.16,1.0,1.0
-0.1,-0.16,1.0,1.0
-0.08,-0.16,1.0,1.0
-0.06,-0.16,1.0,1.0
-0.04,-0.16,1.0,1.0
-0.02,-0.16,1.0,1.0
0.0,-0.16,1.0,1.0
0.02,-0.16,1.0,1.0
0.04,-0.16,1.0,1.0
0.06,-0.16,1.0,1.0
0.08,-0.16,1.0,1.0
0.1,-0.16,1.0,1.0
0.12,-0.16,1.0,1.0
0.14,-0.16,1.0,1.0
0.16,-0.16,1.0,1.0
0.18,-0.16,1.0,1.0
0.2,-0.16,1.0,0.9999
0.22,-0.16,1.0,0.9999
0.24,-0.16,1.0,0.9999
0.26,-0.16,1.0,0.9999
0.28,-0.16,1.0,0.9999
0.3,-0.16,1.0,0.9999
0.32,-0.16,1.0,0.9998
0.34,-0.16,1.0,0.9998
0.36,-0.16,1.0,0.9997
0.38,-0.16,1.0,0.9996
0.4,-0.16,1.0,0.9995
0.42,-0.16,1.0,0.9993
0.44,-0.16,1.0,0.9992
0.46,-0.16,1.0,0.9989
0.48,-0.16,1.0,0.9986
0.5,-0.16,1.0,0.9982
0.52,-0.16,1.0,0.9976
0.54,-0.16,1.0,0.9969
0.56,-0.16,1.0,0.996
0.58,-0.16,1.0,0.9948
0.6,-0.16,1.0,0.9933
0.62,-0.16,1.0,0.9914
0.64,-0.16,0.9999,0.9889
0.66,-0.16,0.9999,0.9857
0.68,-0.16,0.9998,0.9815
0.7,-0.16,0.9997,0.9762
0.72,-0.16,0.9995,0.9694
0.74,-0.16,0.9992,0.9608
0.76,-0.16,0.9986,0.9498
0.78,-0.16,0.9975,0.9359
0.8,-0.16,0.9956,0.9186
0.82,-0.16,0.9924,0.8971
0.84,-0.16,0.9868,0.8708
0.86,-0.16,0.9772,0.8388
0.88,-0.16,0.9609,0.8008
0.9,-0.16,0.9338,0.7562
0.92,-0.16,0.8899,0.7053
0.94,-0.16,0.8225,0.6486
0.96,-0.16,0.7264,0.5874
0.98,-0.16,0.5734,0.5234
1.0,-0.16,0.3464,0.4557
1.02,-0.16,0.1729,0.3887
1.04,-0.16,0.0761,0.3257
1.06,-0.16,0.0315,0.2683
1.08,-0.16,0.0127,0.2177
1.1,-0.16,0.005,0.1744
1.12,-0.16,0.002,0.1381
1.14,-0.16,0.0008,0.1084
1.16,-0.16,0.0003,0.0845
1.18,-0.16,1e-04,0.0655
1.2,-0.16,0.0,0.0505
1.22,-0.16,0.0,0.0388
1.24,-0.16,0.0,0.0297
1.26,-0.16,0.0,0.0227
1.28,-0.16,0.0,0.0173
1.3,-0.16,0.0,0.0132
1.32,-0.16,0.0,0.01
1.34,-0.16,0.0,0.0076
1.36,-0.16,0.0,0.0058
1.38,-0.16,0.0,0.0044
1.4,-0.16,0.0,0.0034
1.42,-0.16,0.0,0.0025
1.44,-0.16,0.0,0.0019
1.46,-0.16,0.0,0.0015
1.48,-0.16,0.0,0.0011
1.5,-0.16,0.0,0.0008
1.52,-0.16,0.0,0.0006
1.54,-0.16,0.0,0.0005
1.56,-0.16,0.0,0.0004
1.58,-0.16,0.0,0.0003
1.6,-0.16,0.0,0.0002
-1.6,-0.14,0.0,0.0
-1.58,-0.14,0.0,0.0
-1.56,-0.14,0.0,0.0
-1.54,-0.14,0.0,0.0
-1.52,-0.14,0.0,0.0
-1.5,-0.14,0.0,0.0
-1.48,-0.14,0.0,0.0
-1.46,-0.14,0.0,0.0
-1.44,-0.14,0.0,0.0
-1.42,-0.14,0.0,0.0
-1.4,-0.14,0.0,1e-04
-1.38,-0.14,0.0,1e-04
-1.36,-0.14,0.0,1e-04
-1.34,-0.14,0.0,0.0002
-1.32,-0.14,0.0,0.0003
-1.3,-0.14,0.0,0.0004
-1.28,-0.14,0.0,0.0006
-1.26,-0.14,0.0,0.001
-1.24,-0.14,0.0,0.0015
-1.22,-0.14,0.0,0.0023
-1.2,-0.14,0.0,0.0034
-1.18,-0.14,0.0,0.0052
-1.16,-0.14,0.0,0.0079
-1.14,-0.14,0.0,0.0119
-1.12,-0.14,0.0,0.018
-1.1,-0.14,0.0,0.0271
-1.08,-0.14,0.0,0.0407
-1.06,-0.14,0.0,0.0605
-1.04,-0.14,0.0,0.0891
-1.02,-0.14,0.0,0.1294
-1.0,-0.14,1e-04,0.1843
-0.98,-0.14,0.0003,0.2555
-0.96,-0.14,0.0009,0.3428
-0.94,-0.14,0.0028,0.4421
-0.92,-0.14,0.0083,0.5463
-0.9,-0.14,0.0245,0.6467
-0.88,-0.14,0.0698,0.7355
-0.86,-0.14,0.1833,0.8087
-0.84,-0.14,0.4017,0.8653
-0.82,-0.14,0.6676,0.9071
-0.8,-0.14,0.8573,0.9369
-0.78,-0.14,0.9473,0.9576
-0.76,-0.14,0.9817,0.9717
-0.74,-0.14,0.9938,0.9812
-0.72,-0.14,0.9979,0.9876
-0.7,-0.14,0.9993,0.9916
-0.68,-0.14,0.9998,0.9942
-0.66,-0.14,0.9999,0.996
-0.64,-0.14,1.0,0.9973
-0.62,-0.14,1.0,0.9981
-0.6,-0.14,1.0,0.9987
-0.58,-0.14,1.0,0.9991
-0.56,-0.14,1.0,0.9994
-0.54,-0.14,1.0,0.9996
-0.52,-0.14,1.0,0.9997
-0.5,-0.14,1.0,0.9998
-0.48,-0.14,1.0,0.9999
-0.46,-0.14,1.0,0.9999
-0.44,-0.14,1.0,0.9999
-0.42,-0.14,1.0,1.0
-0.4,-0.14,1.0,1.0
-0.38,-0.14,1.0,1.0
-0.36,-0.14,1.0,1.0
-0.34,-0.14,1.0,1.0
-0.32,-0.14,1.0,1.0
-0.3,-0.14,1.0,1.0
-0.28,-0.14,1.0,1.0
-0.26,-0.14,1.0,1.0
-0.24,-0.14,1.0,1.0
-0.22,-0.14,1.0,1.0
-0.2,-0.14,1.0,1.0
-0.18,-0.14,1.0,1.0
-0.16,-0.14,1.0,1.0
-0.14,-0.14,1.0,1.0
-0.12,-0.14,1.0,1.0
-0.1,-0.14,1.0,1.0
-0.08,-0.14,1.0,1.0
-0.06,-0.14,1.0,1.0
-0.04,-0.14,1.0,1.0
-0.02,-0.14,1.0,1.0
0.0,-0.14,1.0,1.0
0.02,-0.14,1.0,1.0
0.04,-0.14,1.0,1.0
0.06,-0.14,1.0,1.0
0.08,-0.14,1.0,1.0
0.1,-0.14,1.0,1.0
0.12,-0.14,1.0,1.0
0.14,-0.14,1.0,1.0
0.16,-0.14,1.0,1.0
0.18,-0.14,1.0,1.0
0.2,-0.14,1.0,0.9999
0.22,-0.14,1.0,0.9999
0.24,-0.14,1.0,0.9999
0.26,-0.14,1.0,0.9999
0.28,-0.14,1.0,0.9999
0.3,-0.14,1.0,0.9999
0.32,-0.14,1.0,0.9998
0.34,-0.14,1.0,0.9998
0.36,-0.14,1.0,0.9997
0.38,-0.14,1.0,0.9996
0.4,-0.14,1.0,0.9995
0.42,-0.14,1.0,0.9994
0.44,-0.14,1.0,0.9992
0.46,-0.14,1.0,0.9989
0.48,-0.14,1.0,0.9986
0.5,-0.14,1.0,0.9982
0.52,-0.14,1.0,0.9977
0.54,-0.14,1.0,0.9971
0.56,-0.14,1.0,0.9962
0.58,-0.14,1.0,0.9951
0.6,-0.14,1.0,0.9937
0.62,-0.14,1.0,0.992
0.64,-0.14,1.0,0.9897
0.66,-0.14,0.9999,0.9867
0.68,-0.14,0.9999,0.983
0.7,-0.14,0.9998,0.9782
0.72,-0.14,0.9997,0.9721
0.74,-0.14,0.9995,0.9643
0.76,-0.14,0.9991,0.9545
0.78,-0.14,0.9985,0.9422
0.8,-0.14,0.9974,0.9268
0.82,-0.14,0.9955,0.9077
0.84,-0.14,0.9922,0.8842
0.86,-0.14,0.9864,0.8557
0.88,-0.14,0.9765,0.8216
0.9,-0.14,0.9598,0.7815
0.92,-0.14,0.9318,0.7352
0.94,-0.14,0.8868,0.6823
0.96,-0.14,0.7747,0.6213
0.98,-0.14,0.5755,0.556
1.0,-0.14,0.3484,0.4885
1.02,-0.14,0.1741,0.4215
1.04,-0.14,0.0768,0.3572
1.06,-0.14,0.0318,0.2976
1.08,-0.14,0.0128,0.2441
1.1,-0.14,0.0051,0.1975
1.12,-0.14,0.002,0.158
1.14,-0.14,0.0008,0.1251
1.16,-0.14,0.0003,0.0983
1.18,-0.14,1e-04,0.0767
1.2,-0.14,0.0,0.0595
1.22,-0.14,0.0,0.046
1.24,-0.14,0.0,0.0354
1.26,-0.14,0.0,0.0271
1.28,-0.14,0.0,0.0208
1.3,-0.14,0.0,0.0159
1.32,-0.14,0.0,0.0121
1.34,-0.14,0.0,0.0092
1.36,-0.14,0.0,0.007
1.38,-0.14,0.0,0.0053
1.4,-0.14,0.0,0.0041
1.42,-0.14,0.0,0.0031
1.44,-0.14,0.0,0.0023
1.46,-0.14,0.0,0.0018
1.48,-0.14,0.0,0.0013
1.5,-0.14,0.0,0.001
1.52,-0.14,0.0,0.0008
1.54,-0.14,0.0,0.0006
1.56,-0.14,0.0,0.0004
1.58,-0.14,0.0,0.0003
1.6,-0.14,0.0,0.0003
-1.6,-0.12,0.0,0.0
-1.58,-0.12,0.0,0.0
-1.56,-0.12,0.0,0.0
-1.54,-0.12,0.0,0.0
-1.52,-0.12,0.0,0.0
-1.5,-0.12,0.0,0.0
-1.48,-0.12,0.0,0.0
-1.46,-0.12,0.0,0.0
-1.44,-0.12,0.0,0.0
-1.42,-0.12,0.0,0.0
-1.4,-0.12,0.0,0.0
-1.38,-0.12,0.0,1e-04
-1.36,-0.12,0.0,1e-04
-1.34,-0.12,0.0,0.0002
-1.32,-0.12,0.0,0.0003
-1.3,-0.12,0.0,0.0004
-1.28,-0.12,0.0,0.0006
-1.26,-0.12,0.0,0.0009
-1.24,-0.12,0.0,0.0013
-1.22,-0.12,0.0,0.002
-1.2,-0.12,0.0,0.0031
-1.18,-0.12,0.0,0.0047
-1.16,-0.12,0.0,0.0071
-1.14,-0.12,0.0,0.0108
-1.12,-0.12,0.0,0.0163
-1.1,-0.12,0.0,0.0245
-1.08,-0.12,0.0,0.0368
-1.06,-0.12,0.0,0.0549
-1.04,-0.12,0.0,0.0811
-1.02,-0.12,0.0,0.1182
-1.0,-0.12,1e-04,0.1692
-0.98,-0.12,0.0004,0.2363
-0.96,-0.12,0.0012,0.3198
-0.94,-0.12,0.0036,0.4168
-0.92,-0.12,0.0108,0.5206
-0.9,-0.12,0.0317,0.6227
-0.88,-0.12,0.0891,0.715
-0.86,-0.12,0.2264,0.7922
-0.84,-0.12,0.4668,0.8529
-0.82,-0.12,0.7237,0.8981
-0.8,-0.12,0.8868,0.9306
-0.78,-0.12,0.9591,0.9533
-0.76,-0.12,0.9859,0.9688
-0.74,-0.12,0.9953,0.9793
-0.72,-0.12,0.9984,0.9863
-0.7,-0.12,0.9995,0.9909
-0.68,-0.12,0.9998,0.994
-0.66,-0.12,0.9999,0.9959
-0.64,-0.12,1.0,0.9972
-0.62,-0.12,1.0,0.9981
-0.6,-0.12,1.0,0.9987
-0.58,-0.12,1.0,0.9991
-0.56,-0.12,1.0,0.9994
-0.54,-0.12,1.0,0.9996
-0.52,-0.12,1.0,0.9997
-0.5,-0.12,1.0,0.9998
-0.48,-0.12,1.0,0.9999
-0.46,-0.12,1.0,0.9999
-0.44,-0.12,1.0,0.9999
-0.42,-0.12,1.0,1.0
-0.4,-0.12,1.0,1.0
-0.38,-0.12,1.0,1.0
-0.36,-0.12,1.0,1.0
-0.34,-0.12,1.0,1.0
-0.32,-0.12,1.0,1.0
-0.3,-0.12,1.0,1.0
-0.28,-0.12,1.0,1.0
-0.26,-0.12,1.0,1.0
-0.24,-0.12,1.0,1.0
-0.22,-0.12,1.0,1.0
-0.2,-0.12,1.0,1.0
-0.18,-0.12,1.0,1.0
-0.16,-0.12,1.0,1.0
-0.14,-0.12,1.0,1.0
-0.12,-0.12,1.0,1.0
-0.1,-0.12,1.0,1.0
-0.08,-0.12,1.0,1.0
-0.06,-0.12,1.0,1.0
-0.04,-0.12,1.0,1.0
-0.02,-0.12,1.0,1.0
0.0,-0.12,1.0,1.0
0.02,-0.12,1.0,1.0
0.04,-0.12,1.0,1.0
0.06,-0.12,1.0,1.0
0.08,-0.12,1.0,1.0
0.1,-0.12,1.0,1.0
0.12,-0.12,1.0,1.0
0.14,-0.12,1.0,1.0
0.16,-0.12,1.0,1.0
0.18,-0.12,1.0,0.9999
0.2,-0.12,1.0,0.9999
0.22,-0.12,1.0,0.9999
0.24,-0.12,1.0,0.9999
0.26,-0.12,1.0,0.9999
0.28,-0.12,1.0,0.9999
0.3,-0.12,1.0,0.9998
0.32,-0.12,1.0,0.9998
0.34,-0.12,1.0,0.9997
0.36,-0.12,1.0,0.9997
0.38,-0.12,1.0,0.9996
0.4,-0.12,1.0,0.9995
0.42,-0.12,1.0,0.9993
0.44,-0.12,1.0,0.9991
0.46,-0.12,1.0,0.9988
0.48,-0.12,1.0,0.9985
0.5,-0.12,1.0,0.9981
0.52,-0.12,1.0,0.9975
0.54,-0.12,1.0,0.9968
0.56,-0.12,1.0,0.9959
0.58,-0.12,1.0,0.9947
0.6,-0.12,1.0,0.9932
0.62,-0.12,1.0,0.9912
0.64,-0.12,1.0,0.9887
0.66,-0.12,1.0,0.9855
0.68,-0.12,0.9999,0.9814
0.7,-0.12,0.9999,0.9762
0.72,-0.12,0.9998,0.9696
0.74,-0.12,0.9997,0.9612
0.76,-0.12,0.9995,0.9506
0.78,-0.12,0.9991,0.9372
0.8,-0.12,0.9985,0.9206
0.82,-0.12,0.9973,0.8999
0.84,-0.12,0.9954,0.8746
0.86,-0.12,0.9919,0.844
0.88,-0.12,0.986,0.8076
0.9,-0.12,0.9758,0.7633
0.92,-0.12,0.9568,0.7112
0.94,-0.12,0.8979,0.653
0.96,-0.12,0.7762,0.5898
0.98,-0.12,0.5777,0.5235
1.0,-0.12,0.3504,0.4563
1.02,-0.12,0.1754,0.3907
1.04,-0.12,0.0774,0.3288
1.06,-0.12,0.032,0.2722
1.08,-0.12,0.0129,0.222
1.1,-0.12,0.0051,0.1787
1.12,-0.12,0.002,0.1424
1.14,-0.12,0.0008,0.1124
1.16,-0.12,0.0003,0.0881
1.18,-0.12,1e-04,0.0686
1.2,-0.12,0.0,0.0532
1.22,-0.12,0.0,0.0411
1.24,-0.12,0.0,0.0317
1.26,-0.12,0.0,0.0243
1.28,-0.12,0.0,0.0187
1.3,-0.12,0.0,0.0143
1.32,-0.12,0.0,0.011
1.34,-0.12,0.0,0.0084
1.36,-0.12,0.0,0.0064
1.38,-0.12,0.0,0.0049
1.4,-0.12,0.0,0.0037
1.42,-0.12,0.0,0.0029
1.44,-0.12,0.0,0.0022
1.46,-0.12,0.0,0.0017
1.48,-0.12,0.0,0.0013
1.5,-0.12,0.0,0.001
1.52,-0.12,0.0,0.0007
1.54,-0.12,0.0,0.0006
1.56,-0.12,0.0,0.0004
1.58,-0.12,0.0,0.0003
1.6,-0.12,0.0,0.0002
-1.6,-0.1,0.0,0.0
-1.58,-0.1,0.0,0.0
-1.56,-0.1,0.0,0.0
-1.54,-0.1,0.0,0.0
-1.52,-0.1,0.0,0.0
-1.5,-0.1,0.0,0.0
-1.48,-0.1,0.0,0.0
-1.46,-0.1,0.0,0.0
-1.44,-0.1,0.0,0.0
-1.42,-0.1,0.0,0.0
-1.4,-0.1,0.0,0.0
-1.38,-0.1,0.0,1e-04
-1.36,-0.1,0.0,1e-04
-1.34,-0.1,0.0,0.0002
-1.32,-0.1,0.0,0.0002
-1.3,-0.1,0.0,0.0003
-1.28,-0.1,0.0,0.0005
-1.26,-0.1,0.0,0.0008
-1.24,-0.1,0.0,0.0012
-1.22,-0.1,0.0,0.0018
-1.2,-0.1,0.0,0.0028
-1.18,-0.1,0.0,0.0042
-1.16,-0.1,0.0,0.0064
-1.14,-0.1,0.0,0.0097
-1.12,-0.1,0.0,0.0147
-1.1,-0.1,0.0,0.0222
-1.08,-0.1,0.0,0.0333
-1.06,-0.1,0.0,0.0497
-1.04,-0.1,0.0,0.0737
-1.02,-0.1,1e-04,0.1078
-1.0,-0.1,0.0002,0.1551
-0.98,-0.1,0.0005,0.2182
-0.96,-0.1,0.0016,0.2978
-0.94,-0.1,0.0047,0.3919
-0.92,-0.1,0.0141,0.4948
-0.9,-0.1,0.0409,0.5982
-0.88,-0.1,0.1132,0.6935
-0.86,-0.1,0.2762,0.7748
-0.84,-0.1,0.5331,0.8395
-0.82,-0.1,0.7735,0.8883
-0.8,-0.1,0.9108,0.9236
-0.78,-0.1,0.9683,0.9485
-0.76,-0.1,0.9892,0.9655
-0.74,-0.1,0.9964,0.9771
-0.72,-0.1,0.9988,0.9848
-0.7,-0.1,0.9996,0.99
-0.68,-0.1,0.9999,0.9934
-0.66,-0.1,1.0,0.9956
-0.64,-0.1,1.0,0.997
-0.62,-0.1,1.0,0.998
-0.6,-0.1,1.0,0.9986
-0.58,-0.1,1.0,0.999
-0.56,-0.1,1.0,0.9993
-0.54,-0.1,1.0,0.9996
-0.52,-0.1,1.0,0.9997
-0.5,-0.1,1.0,0.9998
-0.48,-0.1,1.0,0.9999
-0.46,-0.1,1.0,0.9999
-0.44,-0.1,1.0,0.9999
-0.42,-0.1,1.0,1.0
-0.4,-0.1,1.0,1.0
-0.38,-0.1,1.0,1.0
-0.36,-0.1,1.0,1.0
-0.34,-0.1,1.0,1.0
-0.32,-0.1,1.0,1.0
-0.3,-0.1,1.0,1.0
-0.28,-0.1,1.0,1.0
-0.26,-0.1,1.0,1.0
-0.24,-0.1,1.0,1.0
-0.22,-0.1,1.0,1.0
-0.2,-0.1,1.0,1.0
-0.18,-0.1,1.0,1.0
-0.16,-0.1,1.0,1.0
-0.14,-0.1,1.0,1.0
-0.12,-0.1,1.0,1.0
-0.1,-0.1,1.0,1.0
-0.08,-0.1,1.0,1.0
-0.06,-0.1,1.0,1.0
-0.04,-0.1,1.0,1.0
-0.02,-0.1,1.0,1.0
0.0,-0.1,1.0,1.0
0.02,-0.1,1.0,1.0
0.04,-0.1,1.0,1.0
0.06,-0.1,1.0,1.0
0.08,-0.1,1.0,1.0
0.1,-0.1,1.0,1.0
0.12,-0.1,1.0,1.0
0.14,-0.1,1.0,1.0
0.16,-0.1,1.0,0.9999
0.18,-0.1,1.0,0.9999
0.2,-0.1,1.0,0.9999
0.22,-0.1,1.0,0.9999
0.24,-0.1,1.0,0.9999
0.26,-0.1,1.0,0.9999
0.28,-0.1,1.0,0.9999
0.3,-0.1,1.0,0.9998
0.32,-0.1,1.0,0.9998
0.34,-0.1,1.0,0.9997
0.36,-0.1,1.0,0.9996
0.38,-0.1,1.0,0.9995
0.4,-0.1,1.0,0.9994
0.42,-0.1,1.0,0.9992
0.44,-0.1,1.0,0.999
0.46,-0.1,1.0,0.9987
0.48,-0.1,1.0,0.9984
0.5,-0.1,1.0,0.9979
0.52,-0.1,1.0,0.9973
0.54,-0.1,1.0,0.9965
0.56,-0.1,1.0,0.9955
0.58,-0.1,1.0,0.9942
0.6,-0.1,1.0,0.9926
0.62,-0.1,1.0,0.9904
0.64,-0.1,1.0,0.9877
0.66,-0.1,1.0,0.9842
0.68,-0.1,1.0,0.9798
0.7,-0.1,0.9999,0.9741
0.72,-0.1,0.9999,0.9668
0.74,-0.1,0.9998,0.9576
0.76,-0.1,0.9997,0.946
0.78,-0.1,0.9995,0.9315
0.8,-0.1,0.9991,0.9134
0.82,-0.1,0.9984,0.891
0.84,-0.1,0.9972,0.8636
0.86,-0.1,0.9952,0.8288
0.88,-0.1,0.9917,0.7872
0.9,-0.1,0.9828,0.7386
0.92,-0.1,0.9575,0.6834
0.94,-0.1,0.8987,0.6226
0.96,-0.1,0.7778,0.5575
0.98,-0.1,0.5799,0.4905
1.0,-0.1,0.3524,0.4238
1.02,-0.1,0.1767,0.3598
1.04,-0.1,0.078,0.3004
1.06,-0.1,0.0323,0.247
1.08,-0.1,0.013,0.2004
1.1,-0.1,0.0052,0.1607
1.12,-0.1,0.002,0.1276
1.14,-0.1,0.0008,0.1005
1.16,-0.1,0.0003,0.0785
1.18,-0.1,1e-04,0.061
1.2,-0.1,0.0,0.0472
1.22,-0.1,0.0,0.0364
1.24,-0.1,0.0,0.028
1.26,-0.1,0.0,0.0215
1.28,-0.1,0.0,0.0165
1.3,-0.1,0.0,0.0126
1.32,-0.1,0.0,0.0097
1.34,-0.1,0.0,0.0074
1.36,-0.1,0.0,0.0057
1.38,-0.1,0.0,0.0043
1.4,-0.1,0.0,0.0033
1.42,-0.1,0.0,0.0025
1.44,-0.1,0.0,0.0019
1.46,-0.1,0.0,0.0015
1.48,-0.1,0.0,0.0011
1.5,-0.1,0.0,0.0009
1.52,-0.1,0.0,0.0007
1.54,-0.1,0.0,0.0005
1.56,-0.1,0.0,0.0004
1.58,-0.1,0.0,0.0003
1.6,-0.1,0.0,0.0002
-1.6,-0.08,0.0,0.0
-1.58,-0.08,0.0,0.0
-1.56,-0.08,0.0,0.0
-1.54,-0.08,0.0,0.0
-1.52,-0.08,0.0,0.0
-1.5,-0.08,0.0,0.0
-1.48,-0.08,0.0,0.0
-1.46,-0.08,0.0,0.0
-1.44,-0.08,0.0,0.0
-1.42,-0.08,0.0,0.0
-1.4,-0.08,0.0,0.0
-1.38,-0.08,0.0,1e-04
-1.36,-0.08,0.0,1e-04
-1.34,-0.08,0.0,1e-04
-1.32,-0.08,0.0,0.0002
-1.3,-0.08,0.0,0.0003
-1.28,-0.08,0.0,0.0005
-1.26,-0.08,0.0,0.0007
-1.24,-0.08,0.0,0.0011
-1.22,-0.08,0.0,0.0017
-1.2,-0.08,0.0,0.0025
-1.18,-0.08,0.0,0.0038
-1.16,-0.08,0.0,0.0058
-1.14,-0.08,0.0,0.0088
-1.12,-0.08,0.0,0.0133
-1.1,-0.08,0.0,0.02
-1.08,-0.08,0.0,0.0301
-1.06,-0.08,0.0,0.0451
-1.04,-0.08,0.0,0.0669
-1.02,-0.08,1e-04,0.0982
-1.0,-0.08,0.0002,0.1421
-0.98,-0.08,0.0007,0.201
-0.96,-0.08,0.002,0.2766
-0.94,-0.08,0.006,0.3676
-0.92,-0.08,0.0179,0.4691
-0.9,-0.08,0.0518,0.5732
-0.88,-0.08,0.1409,0.6713
-0.86,-0.08,0.3298,0.7564
-0.84,-0.08,0.5962,0.8253
-0.82,-0.08,0.8158,0.8778
-0.8,-0.08,0.93,0.9161
-0.78,-0.08,0.9755,0.9432
-0.76,-0.08,0.9917,0.9619
-0.74,-0.08,0.9972,0.9746
-0.72,-0.08,0.9991,0.9832
-0.7,-0.08,0.9997,0.9889
-0.68,-0.08,0.9999,0.9927
-0.66,-0.08,1.0,0.9952
-0.64,-0.08,1.0,0.9968
-0.62,-0.08,1.0,0.9979
-0.6,-0.08,1.0,0.9985
-0.58,-0.08,1.0,0.999
-0.56,-0.08,1.0,0.9993
-0.54,-0.08,1.0,0.9995
-0.52,-0.08,1.0,0.9997
-0.5,-0.08,1.0,0.9998
-0.48,-0.08,1.0,0.9999
-0.46,-0.08,1.0,0.9999
-0.44,-0.08,1.0,0.9999
-0.42,-0.08,1.0,1.0
-0.4,-0.08,1.0,1.0
-0.38,-0.08,1.0,1.0
-0.36,-0.08,1.0,1.0
-0.34,-0.08,1.0,1.0
-0.32,-0.08,1.0,1.0
-0.3,-0.08,1.0,1.0
-0.28,-0.08,1.0,1.0
-0.26,-0.08,1.0,1.0
-0.24,-0.08,1.0,1.0
-0.22,-0.08,1.0,1.0
-0.2,-0.08,1.0,1.0
-0.18,-0.08,1.0,1.0
-0.16,-0.08,1.0,1.0
-0.14,-0.08,1.0,1.0
-0.12,-0.08,1.0,1.0
-0.1,-0.08,1.0,1.0
-0.08,-0.08,1.0,1.0
-0.06,-0.08,1.0,1.0
-0.04,-0.08,1.0,1.0
-0.02,-0.08,1.0,1.0
0.0,-0.08,1.0,1.0
0.02,-0.08,1.0,1.0
0.04,-0.08,1.0,1.0
0.06,-0.08,1.0,1.0
0.08,-0.08,1.0,1.0
0.1,-0.08,1.0,1.0
0.12,-0.08,1.0,1.0
0.14,-0.08,1.0,0.9999
0.16,-0.08,1.0,0.9999
0.18,-0.08,1.0,0.9999
0.2,-0.08,1.0,0.9999
0.22,-0.08,1.0,0.9999
0.24,-0.08,1.0,0.9999
0.26,-0.08,1.0,0.9999
0.28,-0.08,1.0,0.9999
0.3,-0.08,1.0,0.9998
0.32,-0.08,1.0,0.9998
0.34,-0.08,1.0,0.9997
0.36,-0.08,1.0,0.9996
0.38,-0.08,1.0,0.9995
0.4,-0.08,1.0,0.9994
0.42,-0.08,1.0,0.9992
0.44,-0.08,1.0,0.9989
0.46,-0.08,1.0,0.9986
0.48,-0.08,1.0,0.9982
0.5,-0.08,1.0,0.9977
0.52,-0.08,1.0,0.997
0.54,-0.08,1.0,0.9962
0.56,-0.08,1.0,0.9951
0.58,-0.08,1.0,0.9937
0.6,-0.08,1.0,0.9919
0.62,-0.08,1.0,0.9895
0.64,-0.08,1.0,0.9865
0.66,-0.08,1.0,0.9827
0.68,-0.08,1.0,0.9778
0.7,-0.08,1.0,0.9716
0.72,-0.08,0.9999,0.9636
0.74,-0.08,0.9999,0.9536
0.76,-0.08,0.9998,0.941
0.78,-0.08,0.9997,0.9252
0.8,-0.08,0.9995,0.9049
0.82,-0.08,0.9991,0.8791
0.84,-0.08,0.9984,0.8474
0.86,-0.08,0.9972,0.8093
0.88,-0.08,0.9932,0.7642
0.9,-0.08,0.9829,0.7124
0.92,-0.08,0.9578,0.6542
0.94,-0.08,0.8995,0.5911
0.96,-0.08,0.7793,0.5248
0.98,-0.08,0.582,0.4576
1.0,-0.08,0.3545,0.392
1.02,-0.08,0.178,0.33
1.04,-0.08,0.0787,0.2734
1.06,-0.08,0.0326,0.2233
1.08,-0.08,0.0131,0.1801
1.1,-0.08,0.0052,0.1437
1.12,-0.08,0.002,0.1136
1.14,-0.08,0.0008,0.0892
1.16,-0.08,0.0003,0.0696
1.18,-0.08,1e-04,0.0541
1.2,-0.08,0.0,0.0419
1.22,-0.08,0.0,0.0323
1.24,-0.08,0.0,0.0248
1.26,-0.08,0.0,0.0191
1.28,-0.08,0.0,0.0146
1.3,-0.08,0.0,0.0112
1.32,-0.08,0.0,0.0085
1.34,-0.08,0.0,0.0065
1.36,-0.08,0.0,0.005
1.38,-0.08,0.0,0.0038
1.4,-0.08,0.0,0.0029
1.42,-0.08,0.0,0.0022
1.44,-0.08,0.0,0.0017
1.46,-0.08,0.0,0.0013
1.48,-0.08,0.0,0.001
1.5,-0.08,0.0,0.0008
1.52,-0.08,0.0,0.0006
1.54,-0.08,0.0,0.0004
1.56,-0.08,0.0,0.0003
1.58,-0.08,0.0,0.0003
1.6,-0.08,0.0,0.0002
-1.6,-0.06,0.0,0.0
-1.58,-0.06,0.0,0.0
-1.56,-0.06,0.0,0.0
-1.54,-0.06,0.0,0.0
-1.52,-0.06,0.0,0.0
-1.5,-0.06,0.0,0.0
-1.48,-0.06,0.0,0.0
-1.46,-0.06,0.0,0.0
-1.44,-0.06,0.0,0.0
-1.42,-0.06,0.0,0.0
-1.4,-0.06,0.0,0.0
-1.38,-0.06,0.0,1e-04
-1.36,-0.06,0.0,1e-04
-1.34,-0.06,0.0,1e-04
-1.32,-0.06,0.0,0.0002
-1.3,-0.06,0.0,0.0003
-1.28,-0.06,0.0,0.0004
-1.26,-0.06,0.0,0.0007
-1.24,-0.06,0.0,0.001
-1.22,-0.06,0.0,0.0015
-1.2,-0.06,0.0,0.0023
-1.18,-0.06,0.0,0.0034
-1.16,-0.06,0.0,0.0052
-1.14,-0.06,0.0,0.0079
-1.12,-0.06,0.0,0.012
-1.1,-0.06,0.0,0.0181
-1.08,-0.06,0.0,0.0272
-1.06,-0.06,0.0,0.0408
-1.04,-0.06,0.0,0.0607
-1.02,-0.06,1e-04,0.0895
-1.0,-0.06,0.0003,0.1299
-0.98,-0.06,0.0009,0.185
-0.96,-0.06,0.0026,0.2565
-0.94,-0.06,0.0077,0.344
-0.92,-0.06,0.0227,0.4436
-0.9,-0.06,0.0652,0.548
-0.88,-0.06,0.173,0.6484
-0.86,-0.06,0.3857,0.7371
-0.84,-0.06,0.6532,0.81
-0.82,-0.06,0.8497,0.8664
-0.8,-0.06,0.9443,0.9079
-0.78,-0.06,0.9807,0.9375
-0.76,-0.06,0.9937,0.958
-0.74,-0.06,0.998,0.972
-0.72,-0.06,0.9993,0.9814
-0.7,-0.06,0.9998,0.9877
-0.68,-0.06,0.9999,0.9919
-0.66,-0.06,1.0,0.9946
-0.64,-0.06,1.0,0.9965
-0.62,-0.06,1.0,0.9977
-0.6,-0.06,1.0,0.9985
-0.58,-0.06,1.0,0.999
-0.56,-0.06,1.0,0.9993
-0.54,-0.06,1.0,0.9995
-0.52,-0.06,1.0,0.9997
-0.5,-0.06,1.0,0.9998
-0.48,-0.06,1.0,0.9998
-0.46,-0.06,1.0,0.9999
-0.44,-0.06,1.0,0.9999
-0.42,-0.06,1.0,1.0
-0.4,-0.06,1.0,1.0
-0.38,-0.06,1.0,1.0
-0.36,-0.06,1.0,1.0
-0.34,-0.06,1.0,1.0
-0.32,-0.06,1.0,1.0
-0.3,-0.06,1.0,1.0
-0.28,-0.06,1.0,1.0
-0.26,-0.06,1.0,1.0
-0.24,-0.06,1.0,1.0
-0.22,-0.06,1.0,1.0
-0.2,-0.06,1.0,1.0
-0.18,-0.06,1.0,1.0
-0.16,-0.06,1.0,1.0
-0.14,-0.06,1.0,1.0
-0.12,-0.06,1.0,1.0
-0.1,-0.06,1.0,1.0
-0.08,-0.06,1.0,1.0
-0.06,-0.06,1.0,1.0
-0.04,-0.06,1.0,1.0
-0.02,-0.06,1.0,1.0
0.0,-0.06,1.0,1.0
0.02,-0.06,1.0,1.0
0.04,-0.06,1.0,1.0
0.06,-0.06,1.0,1.0
0.08,-0.06,1.0,1.0
0.1,-0.06,1.0,1.0
0.12,-0.06,1.0,0.9999
0.14,-0.06,1.0,0.9999
0.16,-0.06,1.0,0.9999
0.18,-0.06,1.0,0.9999
0.2,-0.06,1.0,0.9999
0.22,-0.06,1.0,0.9999
0.24,-0.06,1.0,0.9999
0.26,-0.06,1.0,0.9999
0.28,-0.06,1.0,0.9998
0.3,-0.06,1.0,0.9998
0.32,-0.06,1.0,0.9997
0.34,-0.06,1.0,0.9997
0.36,-0.06,1.0,0.9996
0.38,-0.06,1.0,0.9995
0.4,-0.06,1.0,0.9993
0.42,-0.06,1.0,0.9991
0.44,-0.06,1.0,0.9988
0.46,-0.06,1.0,0.9985
0.48,-0.06,1.0,0.998
0.5,-0.06,1.0,0.9975
0.52,-0.06,1.0,0.9968
0.54,-0.06,1.0,0.9958
0.56,-0.06,1.0,0.9946
0.58,-0.06,1.0,0.9931
0.6,-0.06,1.0,0.9911
0.62,-0.06,1.0,0.9885
0.64,-0.06,1.0,0.9852
0.66,-0.06,1.0,0.981
0.68,-0.06,1.0,0.9757
0.7,-0.06,1.0,0.9689
0.72,-0.06,1.0,0.9602
0.74,-0.06,0.9999,0.9492
0.76,-0.06,0.9999,0.9346
0.78,-0.06,0.9998,0.9161
0.8,-0.06,0.9997,0.8929
0.82,-0.06,0.9994,0.8643
0.84,-0.06,0.9989,0.8296
0.86,-0.06,0.9973,0.7881
0.88,-0.06,0.9931,0.7397
0.9,-0.06,0.9827,0.6846
0.92,-0.06,0.9571,0.6238
0.94,-0.06,0.8974,0.5589
0.96,-0.06,0.7743,0.4919
0.98,-0.06,0.5739,0.4251
1.0,-0.06,0.3453,0.361
1.02,-0.06,0.1711,0.3015
1.04,-0.06,0.0748,0.248
1.06,-0.06,0.0307,0.2013
1.08,-0.06,0.0122,0.1614
1.1,-0.06,0.0048,0.1282
1.12,-0.06,0.0019,0.101
1.14,-0.06,0.0007,0.0791
1.16,-0.06,0.0003,0.0615
1.18,-0.06,1e-04,0.0477
1.2,-0.06,0.0,0.0369
1.22,-0.06,0.0,0.0284
1.24,-0.06,0.0,0.0219
1.26,-0.06,0.0,0.0168
1.28,-0.06,0.0,0.0129
1.3,-0.06,0.0,0.0099
1.32,-0.06,0.0,0.0075
1.34,-0.06,0.0,0.0058
1.36,-0.06,0.0,0.0044
1.38,-0.06,0.0,0.0034
1.4,-0.06,0.0,0.0026
1.42,-0.06,0.0,0.002
1.44,-0.06,0.0,0.0015
1.46,-0.06,0.0,0.0011
1.48,-0.06,0.0,0.0009
1.5,-0.06,0.0,0.0007
1.52,-0.06,0.0,0.0005
1.54,-0.06,0.0,0.0004
1.56,-0.06,0.0,0.0003
1.58,-0.06,0.0,0.0002
1.6,-0.06,0.0,0.0002
-1.6,-0.04,0.0,0.0
-1.58,-0.04,0.0,0.0
-1.56,-0.04,0.0,0.0
-1.54,-0.04,0.0,0.0
-1.52,-0.04,0.0,0.0
-1.5,-0.04,0.0,0.0
-1.48,-0.04,0.0,0.0
-1.46,-0.04,0.0,0.0
-1.44,-0.04,0.0,0.0
-1.42,-0.04,0.0,0.0
-1.4,-0.04,0.0,0.0
-1.38,-0.04,0.0,0.0
-1.36,-0.04,0.0,1e-04
-1.34,-0.04,0.0,1e-04
-1.32,-0.04,0.0,0.0002
-1.3,-0.04,0.0,0.0003
-1.28,-0.04,0.0,0.0004
-1.26,-0.04,0.0,0.0006
-1.24,-0.04,0.0,0.0009
-1.22,-0.04,0.0,0.0014
-1.2,-0.04,0.0,0.002
-1.18,-0.04,0.0,0.0031
-1.16,-0.04,0.0,0.0047
-1.14,-0.04,0.0,0.0071
-1.12,-0.04,0.0,0.0108
-1.1,-0.04,0.0,0.0163
-1.08,-0.04,0.0,0.0246
-1.06,-0.04,0.0,0.0369
-1.04,-0.04,1e-04,0.0551
-1.02,-0.04,0.0002,0.0814
-1.0,-0.04,0.0005,0.1187
-0.98,-0.04,0.0013,0.17
-0.96,-0.04,0.0035,0.2374
-0.94,-0.04,0.0098,0.3213
-0.92,-0.04,0.0288,0.4186
-0.9,-0.04,0.0817,0.5226
-0.88,-0.04,0.2107,0.6247
-0.86,-0.04,0.4447,0.7168
-0.84,-0.04,0.7062,0.7938
-0.82,-0.04,0.8782,0.8541
-0.8,-0.04,0.9565,0.899
-0.78,-0.04,0.9856,0.9312
-0.76,-0.04,0.9953,0.9537
-0.74,-0.04,0.9985,0.969
-0.72,-0.04,0.9995,0.9794
-0.7,-0.04,0.9998,0.9864
-0.68,-0.04,1.0,0.991
-0.66,-0.04,1.0,0.9941
-0.64,-0.04,1.0,0.9961
-0.62,-0.04,1.0,0.9974
-0.6,-0.04,1.0,0.9983
-0.58,-0.04,1.0,0.9989
-0.56,-0.04,1.0,0.9993
-0.54,-0.04,1.0,0.9995
-0.52,-0.04,1.0,0.9997
-0.5,-0.04,1.0,0.9998
-0.48,-0.04,1.0,0.9998
-0.46,-0.04,1.0,0.9999
-0.44,-0.04,1.0,0.9999
-0.42,-0.04,1.0,0.9999
-0.4,-0.04,1.0,1.0
-0.38,-0.04,1.0,1.0
-0.36,-0.04,1.0,1.0
-0.34,-0.04,1.0,1.0
-0.32,-0.04,1.0,1.0
-0.3,-0.04,1.0,1.0
-0.28,-0.04,1.0,1.0
-0.26,-0.04,1.0,1.0
-0.24,-0.04,1.0,1.0
-0.22,-0.04,1.0,1.0
-0.2,-0.04,1.0,1.0
-0.18,-0.04,1.0,1.0
-0.16,-0.04,1.0,1.0
-0.14,-0.04,1.0,1.0
-0.12,-0.04,1.0,1.0
-0.1,-0.04,1.0,1.0
-0.08,-0.04,1.0,1.0
-0.06,-0.04,1.0,1.0
-0.04,-0.04,1.0,1.0
-0.02,-0.04,1.0,1.0
0.0,-0.04,1.0,1.0
0.02,-0.04,1.0,1.0
0.04,-0.04,1.0,1.0
0.06,-0.04,1.0,1.0
0.08,-0.04,1.0,1.0
0.1,-0.04,1.0,0.9999
0.12,-0.04,1.0,0.9999
0.14,-0.04,1.0,0.9999
0.16,-0.04,1.0,0.9999
0.18,-0.04,1.0,0.9999
0.2,-0.04,1.0,0.9999
0.22,-0.04,1.0,0.9999
0.24,-0.04,1.0,0.9999
0.26,-0.04,1.0,0.9998
0.28,-0.04,1.0,0.9998
0.3,-0.04,1.0,0.9998
0.32,-0.04,1.0,0.9997
0.34,-0.04,1.0,0.9996
0.36,-0.04,1.0,0.9995
0.38,-0.04,1.0,0.9994
0.4,-0.04,1.0,0.9992
0.42,-0.04,1.0,0.999
0.44,-0.04,1.0,0.9987
0.46,-0.04,1.0,0.9983
0.48,-0.04,1.0,0.9979
0.5,-0.04,1.0,0.9972
0.52,-0.04,1.0,0.9964
0.54,-0.04,1.0,0.9954
0.56,-0.04,1.0,0.9941
0.58,-0.04,1.0,0.9924
0.6,-0.04,1.0,0.9902
0.62,-0.04,1.0,0.9874
0.64,-0.04,1.0,0.9838
0.66,-0.04,1.0,0.9792
0.68,-0.04,1.0,0.9734
0.7,-0.04,1.0,0.9657
0.72,-0.04,1.0,0.9556
0.74,-0.04,1.0,0.9426
0.76,-0.04,0.9999,0.9262
0.78,-0.04,0.9999,0.9055
0.8,-0.04,0.9998,0.8797
0.82,-0.04,0.9995,0.8482
0.84,-0.04,0.9988,0.8101
0.86,-0.04,0.9969,0.7652
0.88,-0.04,0.9919,0.7135
0.9,-0.04,0.9793,0.6555
0.92,-0.04,0.948,0.5924
0.94,-0.04,0.8754,0.5262
0.96,-0.04,0.7295,0.459
0.98,-0.04,0.5086,0.3933
1.0,-0.04,0.2844,0.3312
1.02,-0.04,0.1324,0.2745
1.04,-0.04,0.0552,0.2242
1.06,-0.04,0.0219,0.1809
1.08,-0.04,0.0085,0.1444
1.1,-0.04,0.0033,0.1142
1.12,-0.04,0.0013,0.0897
1.14,-0.04,0.0005,0.07
1.16,-0.04,0.0002,0.0544
1.18,-0.04,1e-04,0.0421
1.2,-0.04,0.0,0.0325
1.22,-0.04,0.0,0.025
1.24,-0.04,0.0,0.0192
1.26,-0.04,0.0,0.0147
1.28,-0.04,0.0,0.0113
1.3,-0.04,0.0,0.0087
1.32,-0.04,0.0,0.0066
1.34,-0.04,0.0,0.0051
1.36,-0.04,0.0,0.0039
1.38,-0.04,0.0,0.003
1.4,-0.04,0.0,0.0023
1.42,-0.04,0.0,0.0017
1.44,-0.04,0.0,0.0013
1.46,-0.04,0.0,0.001
1.48,-0.04,0.0,0.0008
1.5,-0.04,0.0,0.0006
1.52,-0.04,0.0,0.0004
1.54,-0.04,0.0,0.0003
1.56,-0.04,0.0,0.0003
1.58,-0.04,0.0,0.0002
1.6,-0.04,0.0,0.0002
-1.6,-0.02,0.0,0.0
-1.58,-0.02,0.0,0.0
-1.56,-0.02,0.0,0.0
-1.54,-0.02,0.0,0.0
-1.52,-0.02,0.0,0.0
-1.5,-0.02,0.0,0.0
-1.48,-0.02,0.0,0.0
-1.46,-0.02,0.0,0.0
-1.44,-0.02,0.0,0.0
-1.42,-0.02,0.0,0.0
-1.4,-0.02,0.0,0.0
-1.38,-0.02,0.0,0.0
-1.36,-0.02,0.0,1e-04
-1.34,-0.02,0.0,1e-04
-1.32,-0.02,0.0,0.0002
-1.3,-0.02,0.0,0.0002
-1.28,-0.02,0.0,0.0003
-1.26,-0.02,0.0,0.0005
-1.24,-0.02,0.0,0.0008
-1.22,-0.02,0.0,0.0012
-1.2,-0.02,0.0,0.0019
-1.18,-0.02,0.0,0.0028
-1.16,-0.02,0.0,0.0043
-1.14,-0.02,0.0,0.0064
-1.12,-0.02,0.0,0.0098
-1.1,-0.02,0.0,0.0148
-1.08,-0.02,0.0,0.0223
-1.06,-0.02,0.0,0.0334
-1.04,-0.02,1e-04,0.05
-1.02,-0.02,0.0003,0.074
-1.0,-0.02,0.0007,0.1084
-0.98,-0.02,0.0019,0.156
-0.96,-0.02,0.0051,0.2194
-0.94,-0.02,0.0136,0.2994
-0.92,-0.02,0.0364,0.3939
-0.9,-0.02,0.1019,0.4971
-0.88,-0.02,0.2541,0.6005
-0.86,-0.02,0.5054,0.6956
-0.84,-0.02,0.7541,0.7765
-0.82,-0.02,0.9052,0.8409
-0.8,-0.02,0.9675,0.8893
-0.78,-0.02,0.9893,0.9244
-0.76,-0.02,0.9966,0.9489
-0.74,-0.02,0.9989,0.9658
-0.72,-0.02,0.9996,0.9773
-0.7,-0.02,0.9999,0.9849
-0.68,-0.02,1.0,0.99
-0.66,-0.02,1.0,0.9934
-0.64,-0.02,1.0,0.9957
-0.62,-0.02,1.0,0.9972
-0.6,-0.02,1.0,0.9981
-0.58,-0.02,1.0,0.9988
-0.56,-0.02,1.0,0.9992
-0.54,-0.02,1.0,0.9995
-0.52,-0.02,1.0,0.9996
-0.5,-0.02,1.0,0.9998
-0.48,-0.02,1.0,0.9998
-0.46,-0.02,1.0,0.9999
-0.44,-0.02,1.0,0.9999
-0.42,-0.02,1.0,0.9999
-0.4,-0.02,1.0,1.0
-0.38,-0.02,1.0,1.0
-0.36,-0.02,1.0,1.0
-0.34,-0.02,1.0,1.0
-0.32,-0.02,1.0,1.0
-0.3,-0.02,1.0,1.0
-0.28,-0.02,1.0,1.0
-0.26,-0.02,1.0,1.0
-0.24,-0.02,1.0,1.0
-0.22,-0.02,1.0,1.0
-0.2,-0.02,1.0,1.0
-0.18,-0.02,1.0,1.0
-0.16,-0.02,1.0,1.0
-0.14,-0.02,1.0,1.0
-0.12,-0.02,1.0,1.0
-0.1,-0.02,1.0,1.0
-0.08,-0.02,1.0,1.0
-0.06,-0.02,1.0,1.0
-0.04,-0.02,1.0,1.0
-0.02,-0.02,1.0,1.0
0.0,-0.02,1.0,1.0
0.02,-0.02,1.0,1.0
0.04,-0.02,1.0,1.0
0.06,-0.02,1.0,1.0
0.08,-0.02,1.0,0.9999
0.1,-0.02,1.0,0.9999
0.12,-0.02,1.0,0.9999
0.14,-0.02,1.0,0.9999
0.16,-0.02,1.0,0.9999
0.18,-0.02,1.0,0.9999
0.2,-0.02,1.0,0.9999
0.22,-0.02,1.0,0.9999
0.24,-0.02,1.0,0.9998
0.26,-0.02,1.0,0.9998
0.28,-0.02,1.0,0.9998
0.3,-0.02,1.0,0.9998
0.32,-0.02,1.0,0.9997
0.34,-0.02,1.0,0.9996
0.36,-0.02,1.0,0.9995
0.38,-0.02,1.0,0.9993
0.4,-0.02,1.0,0.9992
0.42,-0.02,1.0,0.9989
0.44,-0.02,1.0,0.9986
0.46,-0.02,1.0,0.9982
0.48,-0.02,1.0,0.9976
0.5,-0.02,1.0,0.997
0.52,-0.02,1.0,0.9961
0.54,-0.02,1.0,0.995
0.56,-0.02,1.0,0.9935
0.58,-0.02,1.0,0.9916
0.6,-0.02,1.0,0.9892
0.62,-0.02,1.0,0.9862
0.64,-0.02,1.0,0.9822
0.66,-0.02,1.0,0.9769
0.68,-0.02,1.0,0.97
0.7,-0.02,1.0,0.9611
0.72,-0.02,1.0,0.9497
0.74,-0.02,1.0,0.9351
0.76,-0.02,0.9999,0.9167
0.78,-0.02,0.9999,0.8937
0.8,-0.02,0.9997,0.8652
0.82,-0.02,0.9991,0.8305
0.84,-0.02,0.9977,0.7891
0.86,-0.02,0.994,0.7408
0.88,-0.02,0.9846,0.6858
0.9,-0.02,0.9606,0.6251
0.92,-0.02,0.9032,0.5602
0.94,-0.02,0.7811,0.4932
0.96,-0.02,0.5771,0.4265
0.98,-0.02,0.343,0.3623
1.0,-0.02,0.1665,0.3027
1.02,-0.02,0.071,0.249
1.04,-0.02,0.0284,0.2021
1.06,-0.02,0.0111,0.1622
1.08,-0.02,0.0043,0.1288
1.1,-0.02,0.0016,0.1015
1.12,-0.02,0.0006,0.0795
1.14,-0.02,0.0002,0.0619
1.16,-0.02,1e-04,0.048
1.18,-0.02,0.0,0.0371
1.2,-0.02,0.0,0.0286
1.22,-0.02,0.0,0.022
1.24,-0.02,0.0,0.0169
1.26,-0.02,0.0,0.0129
1.28,-0.02,0.0,0.0099
1.3,-0.02,0.0,0.0076
1.32,-0.02,0.0,0.0058
1.34,-0.02,0.0,0.0044
1.36,-0.02,0.0,0.0034
1.38,-0.02,0.0,0.0026
1.4,-0.02,0.0,0.002
1.42,-0.02,0.0,0.0015
1.44,-0.02,0.0,0.0012
1.46,-0.02,0.0,0.0009
1.48,-0.02,0.0,0.0007
1.5,-0.02,0.0,0.0005
1.52,-0.02,0.0,0.0004
1.54,-0.02,0.0,0.0003
1.56,-0.02,0.0,0.0002
1.58,-0.02,0.0,0.0002
1.6,-0.02,0.0,1e-04
-1.6,0.0,0.0,0.0
-1.58,0.0,0.0,0.0
-1.56,0.0,0.0,0.0
-1.54,0.0,0.0,0.0
-1.52,0.0,0.0,0.0
-1.5,0.0,0.0,0.0
-1.48,0.0,0.0,0.0
-1.46,0.0,0.0,0.0
-1.44,0.0,0.0,0.0
-1.42,0.0,0.0,0.0
-1.4,0.0,0.0,0.0
-1.38,0.0,0.0,0.0
-1.36,0.0,0.0,1e-04
-1.34,0.0,0.0,1e-04
-1.32,0.0,0.0,1e-04
-1.3,0.0,0.0,0.0002
-1.28,0.0,0.0,0.0003
-1.26,0.0,0.0,0.0005
-1.24,0.0,0.0,0.0007
-1.22,0.0,0.0,0.0011
-1.2,0.0,0.0,0.0017
-1.18,0.0,0.0,0.0025
-1.16,0.0,0.0,0.0038
-1.14,0.0,0.0,0.0058
-1.12,0.0,0.0,0.0088
-1.1,0.0,0.0,0.0133
-1.08,0.0,0.0,0.0201
-1.06,0.0,1e-04,0.0303
-1.04,0.0,1e-04,0.0453
-1.02,0.0,0.0004,0.0673
-1.0,0.0,0.001,0.0989
-0.98,0.0,0.0027,0.143
-0.96,0.0,0.0073,0.2024
-0.94,0.0,0.0192,0.2784
-0.92,0.0,0.0498,0.3698
-0.9,0.0,0.125,0.4715
-0.88,0.0,0.2998,0.5757
-0.86,0.0,0.5672,0.6735
-0.84,0.0,0.8033,0.7583
-0.82,0.0,0.9272,0.8267
-0.8,0.0,0.9754,0.8789
-0.78,0.0,0.992,0.9169
-0.76,0.0,0.9974,0.9437
-0.74,0.0,0.9992,0.9623
-0.72,0.0,0.9997,0.9749
-0.7,0.0,0.9999,0.9833
-0.68,0.0,1.0,0.989
-0.66,0.0,1.0,0.9927
-0.64,0.0,1.0,0.9952
-0.62,0.0,1.0,0.9968
-0.6,0.0,1.0,0.9979
-0.58,0.0,1.0,0.9986
-0.56,0.0,1.0,0.9991
-0.54,0.0,1.0,0.9994
-0.52,0.0,1.0,0.9996
-0.5,0.0,1.0,0.9997
-0.48,0.0,1.0,0.9998
-0.46,0.0,1.0,0.9999
-0.44,0.0,1.0,0.9999
-0.42,0.0,1.0,0.9999
-0.4,0.0,1.0,1.0
-0.38,0.0,1.0,1.0
-0.36,0.0,1.0,1.0
-0.34,0.0,1.0,1.0
-0.32,0.0,1.0,1.0
-0.3,0.0,1.0,1.0
-0.28,0.0,1.0,1.0
-0.26,0.0,1.0,1.0
-0.24,0.0,1.0,1.0
-0.22,0.0,1.0,1.0
-0.2,0.0,1.0,1.0
-0.18,0.0,1.0,1.0
-0.16,0.0,1.0,1.0
-0.14,0.0,1.0,1.0
-0.12,0.0,1.0,1.0
-0.1,0.0,1.0,1.0
-0.08,0.0,1.0,1.0
-0.06,0.0,1.0,1.0
-0.04,0.0,1.0,1.0
-0.02,0.0,1.0,1.0
0.0,0.0,1.0,1.0
0.02,0.0,1.0,1.0
0.04,0.0,1.0,1.0
0.06,0.0,1.0,0.9999
0.08,0.0,1.0,0.9999
0.1,0.0,1.0,0.9999
0.12,0.0,1.0,0.9999
0.14,0.0,1.0,0.9999
0.16,0.0,1.0,0.9999
0.18,0.0,1.0,0.9999
0.2,0.0,1.0,0.9999
0.22,0.0,1.0,0.9999
0.24,0.0,1.0,0.9998
0.26,0.0,1.0,0.9998
0.28,0.0,1.0,0.9998
0.3,0.0,1.0,0.9997
0.32,0.0,1.0,0.9997
0.34,0.0,1.0,0.9996
0.36,0.0,1.0,0.9994
0.38,0.0,1.0,0.9993
0.4,0.0,1.0,0.9991
0.42,0.0,1.0,0.9988
0.44,0.0,1.0,0.9984
0.46,0.0,1.0,0.998
0.48,0.0,1.0,0.9974
0.5,0.0,1.0,0.9967
0.52,0.0,1.0,0.9957
0.54,0.0,1.0,0.9945
0.56,0.0,1.0,0.9929
0.58,0.0,1.0,0.9908
0.6,0.0,1.0,0.9881
0.62,0.0,1.0,0.9846
0.64,0.0,1.0,0.9799
0.66,0.0,1.0,0.9738
0.68,0.0,1.0,0.966
0.7,0.0,1.0,0.9559
0.72,0.0,1.0,0.943
0.74,0.0,1.0,0.9267
0.76,0.0,0.9999,0.9061
0.78,0.0,0.9997,0.8805
0.8,0.0,0.9993,0.8491
0.82,0.0,0.9982,0.8113
0.84,0.0,0.9954,0.7665
0.86,0.0,0.9881,0.7148
0.88,0.0,0.9695,0.6569
0.9,0.0,0.924,0.5938
0.92,0.0,0.8229,0.5275
0.94,0.0,0.64,0.4603
0.96,0.0,0.4048,0.3946
0.98,0.0,0.2065,0.3324
1.0,0.0,0.0905,0.2756
1.02,0.0,0.0367,0.2252
1.04,0.0,0.0144,0.1817
1.06,0.0,0.0055,0.145
1.08,0.0,0.0021,0.1147
1.1,0.0,0.0008,0.0901
1.12,0.0,0.0003,0.0703
1.14,0.0,1e-04,0.0546
1.16,0.0,0.0,0.0423
1.18,0.0,0.0,0.0326
1.2,0.0,0.0,0.0251
1.22,0.0,0.0,0.0193
1.24,0.0,0.0,0.0148
1.26,0.0,0.0,0.0114
1.28,0.0,0.0,0.0087
1.3,0.0,0.0,0.0067
1.32,0.0,0.0,0.0051
1.34,0.0,0.0,0.0039
1.36,0.0,0.0,0.003
1.38,0.0,0.0,0.0023
1.4,0.0,0.0,0.0017
1.42,0.0,0.0,0.0013
1.44,0.0,0.0,0.001
1.46,0.0,0.0,0.0008
1.48,0.0,0.0,0.0006
1.5,0.0,0.0,0.0005
1.52,0.0,0.0,0.0003
1.54,0.0,0.0,0.0003
1.56,0.0,0.0,0.0002
1.58,0.0,0.0,0.0002
1.6,0.0,0.0,1e-04
-1.6,0.02,0.0,0.0
-1.58,0.02,0.0,0.0
-1.56,0.02,0.0,0.0
-1.54,0.02,0.0,0.0
-1.52,0.02,0.0,0.0
-1.5,0.02,0.0,0.0
-1.48,0.02,0.0,0.0
-1.46,0.02,0.0,0.0
-1.44,0.02,0.0,0.0
-1.42,0.02,0.0,0.0
-1.4,0.02,0.0,0.0
-1.38,0.02,0.0,0.0
-1.36,0.02,0.0,1e-04
-1.34,0.02,0.0,1e-04
-1.32,0.02,0.0,1e-04
-1.3,0.02,0.0,0.0002
-1.28,0.02,0.0,0.0003
-1.26,0.02,0.0,0.0004
-1.24,0.02,0.0,0.0007
-1.22,0.02,0.0,0.001
-1.2,0.02,0.0,0.0015
-1.18,0.02,0.0,0.0023
-1.16,0.02,0.0,0.0035
-1.14,0.02,0.0,0.0053
-1.12,0.02,0.0,0.008
-1.1,0.02,0.0,0.012
-1.08,0.02,0.0,0.0182
-1.06,0.02,1e-04,0.0274
-1.04,0.02,0.0002,0.0411
-1.02,0.02,0.0005,0.0612
-1.0,0.02,0.0013,0.0901
-0.98,0.02,0.0035,0.1309
-0.96,0.02,0.0092,0.1864
-0.94,0.02,0.024,0.2583
-0.92,0.02,0.0615,0.3463
-0.9,0.02,0.1489,0.4461
-0.88,0.02,0.3279,0.5505
-0.86,0.02,0.6019,0.6507
-0.84,0.02,0.824,0.7391
-0.82,0.02,0.9352,0.8116
-0.8,0.02,0.978,0.8676
-0.78,0.02,0.9927,0.9088
-0.76,0.02,0.9976,0.9381
-0.74,0.02,0.9992,0.9584
-0.72,0.02,0.9997,0.9722
-0.7,0.02,0.9999,0.9816
-0.68,0.02,1.0,0.9878
-0.66,0.02,1.0,0.992
-0.64,0.02,1.0,0.9947
-0.62,0.02,1.0,0.9965
-0.6,0.02,1.0,0.9977
-0.58,0.02,1.0,0.9985
-0.56,0.02,1.0,0.999
-0.54,0.02,1.0,0.9993
-0.52,0.02,1.0,0.9996
-0.5,0.02,1.0,0.9997
-0.48,0.02,1.0,0.9998
-0.46,0.02,1.0,0.9999
-0.44,0.02,1.0,0.9999
-0.42,0.02,1.0,0.9999
-0.4,0.02,1.0,1.0
-0.38,0.02,1.0,1.0
-0.36,0.02,1.0,1.0
-0.34,0.02,1.0,1.0
-0.32,0.02,1.0,1.0
-0.3,0.02,1.0,1.0
-0.28,0.02,1.0,1.0
-0.26,0.02,1.0,1.0
-0.24,0.02,1.0,1.0
-0.22,0.02,1.0,1.0
-0.2,0.02,1.0,1.0
-0.18,0.02,1.0,1.0
-0.16,0.02,1.0,1.0
-0.14,0.02,1.0,1.0
-0.12,0.02,1.0,1.0
-0.1,0.02,1.0,1.0
-0.08,0.02,1.0,1.0
-0.06,0.02,1.0,1.0
-0.04,0.02,1.0,1.0
-0.02,0.02,1.0,1.0
0.0,0.02,1.0,1.0
0.02,0.02,1.0,1.0
0.04,0.02,1.0,0.9999
0.06,0.02,1.0,0.9999
0.08,0.02,1.0,0.9999
0.1,0.02,1.0,0.9999
0.12,0.02,1.0,0.9999
0.14,0.02,1.0,0.9999
0.16,0.02,1.0,0.9999
0.18,0.02,1.0,0.9999
0.2,0.02,1.0,0.9999
0.22,0.02,1.0,0.9998
0.24,0.02,1.0,0.9998
0.26,0.02,1.0,0.9998
0.28,0.02,1.0,0.9997
0.3,0.02,1.0,0.9997
0.32,0.02,1.0,0.9996
0.34,0.02,1.0,0.9995
0.36,0.02,1.0,0.9994
0.38,0.02,1.0,0.9992
0.4,0.02,1.0,0.999
0.42,0.02,1.0,0.9987
0.44,0.02,1.0,0.9983
0.46,0.02,1.0,0.9978
0.48,0.02,1.0,0.9972
0.5,0.02,1.0,0.9963
0.52,0.02,1.0,0.9953
0.54,0.02,1.0,0.9939
0.56,0.02,1.0,0.9921
0.58,0.02,1.0,0.9897
0.6,0.02,1.0,0.9865
0.62,0.02,1.0,0.9824
0.64,0.02,1.0,0.9771
0.66,0.02,1.0,0.9702
0.68,0.02,1.0,0.9614
0.7,0.02,1.0,0.95
0.72,0.02,1.0,0.9356
0.74,0.02,0.9999,0.9173
0.76,0.02,0.9998,0.8944
0.78,0.02,0.9995,0.866
0.8,0.02,0.9986,0.8316
0.82,0.02,0.9965,0.7904
0.84,0.02,0.9908,0.7422
0.86,0.02,0.9764,0.6874
0.88,0.02,0.9406,0.6267
0.9,0.02,0.8582,0.5618
0.92,0.02,0.6984,0.4947
0.94,0.02,0.4698,0.4278
0.96,0.02,0.2531,0.3635
0.98,0.02,0.1148,0.3038
1.0,0.02,0.0472,0.25
1.02,0.02,0.0186,0.203
1.04,0.02,0.0072,0.1629
1.06,0.02,0.0028,0.1294
1.08,0.02,0.0011,0.102
1.1,0.02,0.0004,0.0799
1.12,0.02,0.0002,0.0622
1.14,0.02,1e-04,0.0482
1.16,0.02,0.0,0.0373
1.18,0.02,0.0,0.0287
1.2,0.02,0.0,0.0221
1.22,0.02,0.0,0.017
1.24,0.02,0.0,0.013
1.26,0.02,0.0,0.01
1.28,0.02,0.0,0.0076
1.3,0.02,0.0,0.0058
1.32,0.02,0.0,0.0045
1.34,0.02,0.0,0.0034
1.36,0.02,0.0,0.0026
1.38,0.02,0.0,0.002
1.4,0.02,0.0,0.0015
1.42,0.02,0.0,0.0012
1.44,0.02,0.0,0.0009
1.46,0.02,0.0,0.0007
1.48,0.02,0.0,0.0005
1.5,0.02,0.0,0.0004
1.52,0.02,0.0,0.0003
1.54,0.02,0.0,0.0002
1.56,0.02,0.0,0.0002
1.58,0.02,0.0,1e-04
1.6,0.02,0.0,1e-04
-1.6,0.04,0.0,0.0
-1.58,0.04,0.0,0.0
-1.56,0.04,0.0,0.0
-1.54,0.04,0.0,0.0
-1.52,0.04,0.0,0.0
-1.5,0.04,0.0,0.0
-1.48,0.04,0.0,0.0
-1.46,0.04,0.0,0.0
-1.44,0.04,0.0,0.0
-1.42,0.04,0.0,0.0
-1.4,0.04,0.0,0.0
-1.38,0.04,0.0,0.0
-1.36,0.04,0.0,0.0
-1.34,0.04,0.0,1e-04
-1.32,0.04,0.0,1e-04
-1.3,0.04,0.0,0.0002
-1.28,0.04,0.0,0.0003
-1.26,0.04,0.0,0.0004
-1.24,0.04,0.0,0.0006
-1.22,0.04,0.0,0.0009
-1.2,0.04,0.0,0.0014
-1.18,0.04,0.0,0.0021
-1.16,0.04,0.0,0.0031
-1.14,0.04,0.0,0.0048
-1.12,0.04,0.0,0.0072
-1.1,0.04,0.0,0.0109
-1.08,0.04,0.0,0.0165
-1.06,0.04,1e-04,0.0248
-1.04,0.04,0.0002,0.0372
-1.02,0.04,0.0005,0.0555
-1.0,0.04,0.0014,0.0821
-0.98,0.04,0.0038,0.1197
-0.96,0.04,0.0101,0.1714
-0.94,0.04,0.0264,0.2392
-0.92,0.04,0.0687,0.3235
-0.9,0.04,0.169,0.421
-0.88,0.04,0.3579,0.5251
-0.86,0.04,0.6038,0.6271
-0.84,0.04,0.8228,0.7189
-0.82,0.04,0.9342,0.7955
-0.8,0.04,0.9774,0.8554
-0.78,0.04,0.9925,0.8999
-0.76,0.04,0.9975,0.9319
-0.74,0.04,0.9992,0.9541
-0.72,0.04,0.9997,0.9693
-0.7,0.04,0.9999,0.9796
-0.68,0.04,1.0,0.9865
-0.66,0.04,1.0,0.9911
-0.64,0.04,1.0,0.9941
-0.62,0.04,1.0,0.9961
-0.6,0.04,1.0,0.9975
-0.58,0.04,1.0,0.9983
-0.56,0.04,1.0,0.9989
-0.54,0.04,1.0,0.9993
-0.52,0.04,1.0,0.9995
-0.5,0.04,1.0,0.9997
-0.48,0.04,1.0,0.9998
-0.46,0.04,1.0,0.9999
-0.44,0.04,1.0,0.9999
-0.42,0.04,1.0,0.9999
-0.4,0.04,1.0,1.0
-0.38,0.04,1.0,1.0
-0.36,0.04,1.0,1.0
-0.34,0.04,1.0,1.0
-0.32,0.04,1.0,1.0
-0.3,0.04,1.0,1.0
-0.28,0.04,1.0,1.0
-0.26,0.04,1.0,1.0
-0.24,0.04,1.0,1.0
-0.22,0.04,1.0,1.0
-0.2,0.04,1.0,1.0
-0.18,0.04,1.0,1.0
-0.16,0.04,1.0,1.0
-0.14,0.04,1.0,1.0
-0.12,0.04,1.0,1.0
-0.1,0.04,1.0,1.0
-0.08,0.04,1.0,1.0
-0.06,0.04,1.0,1.0
-0.04,0.04,1.0,1.0
-0.02,0.04,1.0,1.0
0.0,0.04,1.0,1.0
0.02,0.04,1.0,0.9999
0.04,0.04,1.0,0.9999
0.06,0.04,1.0,0.9999
0.08,0.04,1.0,0.9999
0.1,0.04,1.0,0.9999
0.12,0.04,1.0,0.9999
0.14,0.04,1.0,0.9999
0.16,0.04,1.0,0.9999
0.18,0.04,1.0,0.9999
0.2,0.04,1.0,0.9998
0.22,0.04,1.0,0.9998
0.24,0.04,1.0,0.9998
0.26,0.04,1.0,0.9997
0.28,0.04,1.0,0.9997
0.3,0.04,1.0,0.9997
0.32,0.04,1.0,0.9996
0.34,0.04,1.0,0.9995
0.36,0.04,1.0,0.9993
0.38,0.04,1.0,0.9991
0.4,0.04,1.0,0.9989
0.42,0.04,1.0,0.9986
0.44,0.04,1.0,0.9981
0.46,0.04,1.0,0.9976
0.48,0.04,1.0,0.9969
0.5,0.04,1.0,0.996
0.52,0.04,1.0,0.9947
0.54,0.04,1.0,0.9931
0.56,0.04,1.0,0.991
0.58,0.04,1.0,0.9882
0.6,0.04,1.0,0.9847
0.62,0.04,1.0,0.98
0.64,0.04,1.0,0.974
0.66,0.04,1.0,0.9662
0.68,0.04,1.0,0.9562
0.7,0.04,1.0,0.9434
0.72,0.04,0.9999,0.9272
0.74,0.04,0.9998,0.9068
0.76,0.04,0.9996,0.8813
0.78,0.04,0.999,0.8501
0.8,0.04,0.9973,0.8124
0.82,0.04,0.993,0.7678
0.84,0.04,0.9818,0.7164
0.86,0.04,0.9537,0.6585
0.88,0.04,0.8875,0.5956
0.9,0.04,0.7511,0.5294
0.92,0.04,0.5358,0.462
0.94,0.04,0.3063,0.3961
0.96,0.04,0.1445,0.3337
0.98,0.04,0.0607,0.2767
1.0,0.04,0.0241,0.2261
1.02,0.04,0.0094,0.1825
1.04,0.04,0.0036,0.1457
1.06,0.04,0.0014,0.1153
1.08,0.04,0.0005,0.0905
1.1,0.04,0.0002,0.0707
1.12,0.04,1e-04,0.0549
1.14,0.04,0.0,0.0425
1.16,0.04,0.0,0.0328
1.18,0.04,0.0,0.0253
1.2,0.04,0.0,0.0194
1.22,0.04,0.0,0.0149
1.24,0.04,0.0,0.0114
1.26,0.04,0.0,0.0088
1.28,0.04,0.0,0.0067
1.3,0.04,0.0,0.0051
1.32,0.04,0.0,0.0039
1.34,0.04,0.0,0.003
1.36,0.04,0.0,0.0023
1.38,0.04,0.0,0.0018
1.4,0.04,0.0,0.0013
1.42,0.04,0.0,0.001
1.44,0.04,0.0,0.0008
1.46,0.04,0.0,0.0006
1.48,0.04,0.0,0.0005
1.5,0.04,0.0,0.0003
1.52,0.04,0.0,0.0003
1.54,0.04,0.0,0.0002
1.56,0.04,0.0,0.0002
1.58,0.04,0.0,1e-04
1.6,0.04,0.0,1e-04
-1.6,0.06,0.0,0.0
-1.58,0.06,0.0,0.0
-1.56,0.06,0.0,0.0
-1.54,0.06,0.0,0.0
-1.52,0.06,0.0,0.0
-1.5,0.06,0.0,0.0
-1.48,0.06,0.0,0.0
-1.46,0.06,0.0,0.0
-1.44,0.06,0.0,0.0
-1.42,0.06,0.0,0.0
-1.4,0.06,0.0,0.0
-1.38,0.06,0.0,0.0
-1.36,0.06,0.0,0.0
-1.34,0.06,0.0,1e-04
-1.32,0.06,0.0,1e-04
-1.3,0.06,0.0,0.0002
-1.28,0.06,0.0,0.0002
-1.26,0.06,0.0,0.0004
-1.24,0.06,0.0,0.0005
-1.22,0.06,0.0,0.0008
-1.2,0.06,0.0,0.0012
-1.18,0.06,0.0,0.0019
-1.16,0.06,0.0,0.0028
-1.14,0.06,0.0,0.0043
-1.12,0.06,0.0,0.0065
-1.1,0.06,0.0,0.0099
-1.08,0.06,0.0,0.0149
-1.06,0.06,1e-04,0.0225
-1.04,0.06,0.0002,0.0337
-1.02,0.06,0.0005,0.0504
-1.0,0.06,0.0013,0.0747
-0.98,0.06,0.0035,0.1094
-0.96,0.06,0.0091,0.1573
-0.94,0.06,0.0242,0.2211
-0.92,0.06,0.0628,0.3016
-0.9,0.06,0.1529,0.3963
-0.88,0.06,0.3262,0.4996
-0.86,0.06,0.5646,0.6029
-0.84,0.06,0.7765,0.6978
-0.82,0.06,0.9117,0.7783
-0.8,0.06,0.9687,0.8422
-0.78,0.06,0.9894,0.8903
-0.76,0.06,0.9964,0.9251
-0.74,0.06,0.9988,0.9494
-0.72,0.06,0.9996,0.9662
-0.7,0.06,0.9999,0.9775
-0.68,0.06,1.0,0.9851
-0.66,0.06,1.0,0.9901
-0.64,0.06,1.0,0.9935
-0.62,0.06,1.0,0.9957
-0.6,0.06,1.0,0.9972
-0.58,0.06,1.0,0.9981
-0.56,0.06,1.0,0.9988
-0.54,0.06,1.0,0.9992
-0.52,0.06,1.0,0.9995
-0.5,0.06,1.0,0.9997
-0.48,0.06,1.0,0.9998
-0.46,0.06,1.0,0.9999
-0.44,0.06,1.0,0.9999
-0.42,0.06,1.0,0.9999
-0.4,0.06,1.0,0.9999
-0.38,0.06,1.0,1.0
-0.36,0.06,1.0,1.0
-0.34,0.06,1.0,1.0
-0.32,0.06,1.0,1.0
-0.3,0.06,1.0,1.0
-0.28,0.06,1.0,1.0
-0.26,0.06,1.0,1.0
-0.24,0.06,1.0,1.0
-0.22,0.06,1.0,1.0
-0.2,0.06,1.0,1.0
-0.18,0.06,1.0,1.0
-0.16,0.06,1.0,1.0
-0.14,0.06,1.0,1.0
-0.12,0.06,1.0,1.0
-0.1,0.06,1.0,1.0
-0.08,0.06,1.0,1.0
-0.06,0.06,1.0,1.0
-0.04,0.06,1.0,1.0
-0.02,0.06,1.0,0.9999
0.0,0.06,1.0,0.9999
0.02,0.06,1.0,0.9999
0.04,0.06,1.0,0.9999
0.06,0.06,1.0,0.9999
0.08,0.06,1.0,0.9999
0.1,0.06,1.0,0.9999
0.12,0.06,1.0,0.9999
0.14,0.06,1.0,0.9999
0.16,0.06,1.0,0.9999
0.18,0.06,1.0,0.9998
0.2,0.06,1.0,0.9998
0.22,0.06,1.0,0.9998
0.24,0.06,1.0,0.9998
0.26,0.06,1.0,0.9997
0.28,0.06,1.0,0.9997
0.3,0.06,1.0,0.9996
0.32,0.06,1.0,0.9995
0.34,0.06,1.0,0.9994
0.36,0.06,1.0,0.9993
0.38,0.06,1.0,0.999
0.4,0.06,1.0,0.9988
0.42,0.06,1.0,0.9984
0.44,0.06,1.0,0.998
0.46,0.06,1.0,0.9973
0.48,0.06,1.0,0.9965
0.5,0.06,1.0,0.9954
0.52,0.06,1.0,0.994
0.54,0.06,1.0,0.9922
0.56,0.06,1.0,0.9898
0.58,0.06,1.0,0.9866
0.6,0.06,1.0,0.9826
0.62,0.06,1.0,0.9773
0.64,0.06,1.0,0.9705
0.66,0.06,1.0,0.9617
0.68,0.06,1.0,0.9504
0.7,0.06,1.0,0.936
0.72,0.06,0.9999,0.9178
0.74,0.06,0.9997,0.8951
0.76,0.06,0.9992,0.8669
0.78,0.06,0.9979,0.8326
0.8,0.06,0.9946,0.7916
0.82,0.06,0.986,0.7437
0.84,0.06,0.9641,0.689
0.86,0.06,0.9113,0.6285
0.88,0.06,0.7972,0.5637
0.9,0.06,0.6005,0.4966
0.92,0.06,0.3651,0.4297
0.94,0.06,0.1803,0.3652
0.96,0.06,0.0776,0.3052
0.98,0.06,0.0312,0.2512
1.0,0.06,0.0122,0.204
1.02,0.06,0.0047,0.1637
1.04,0.06,0.0018,0.1301
1.06,0.06,0.0007,0.1025
1.08,0.06,0.0003,0.0803
1.1,0.06,1e-04,0.0625
1.12,0.06,0.0,0.0485
1.14,0.06,0.0,0.0375
1.16,0.06,0.0,0.0289
1.18,0.06,0.0,0.0222
1.2,0.06,0.0,0.0171
1.22,0.06,0.0,0.0131
1.24,0.06,0.0,0.01
1.26,0.06,0.0,0.0077
1.28,0.06,0.0,0.0059
1.3,0.06,0.0,0.0045
1.32,0.06,0.0,0.0034
1.34,0.06,0.0,0.0026
1.36,0.06,0.0,0.002
1.38,0.06,0.0,0.0015
1.4,0.06,0.0,0.0012
1.42,0.06,0.0,0.0009
1.44,0.06,0.0,0.0007
1.46,0.06,0.0,0.0005
1.48,0.06,0.0,0.0004
1.5,0.06,0.0,0.0003
1.52,0.06,0.0,0.0002
1.54,0.06,0.0,0.0002
1.56,0.06,0.0,1e-04
1.58,0.06,0.0,1e-04
1.6,0.06,0.0,1e-04
-1.6,0.08,0.0,0.0
-1.58,0.08,0.0,0.0
-1.56,0.08,0.0,0.0
-1.54,0.08,0.0,0.0
-1.52,0.08,0.0,0.0
-1.5,0.08,0.0,0.0
-1.48,0.08,0.0,0.0
-1.46,0.08,0.0,0.0
-1.44,0.08,0.0,0.0
-1.42,0.08,0.0,0.0
-1.4,0.08,0.0,0.0
-1.38,0.08,0.0,0.0
-1.36,0.08,0.0,0.0
-1.34,0.08,0.0,1e-04
-1.32,0.08,0.0,1e-04
-1.3,0.08,0.0,1e-04
-1.28,0.08,0.0,0.0002
-1.26,0.08,0.0,0.0003
-1.24,0.08,0.0,0.0005
-1.22,0.08,0.0,0.0007
-1.2,0.08,0.0,0.0011
-1.18,0.08,0.0,0.0017
-1.16,0.08,0.0,0.0026
-1.14,0.08,0.0,0.0039
-1.12,0.08,0.0,0.0059
-1.1,0.08,0.0,0.0089
-1.08,0.08,0.0,0.0135
-1.06,0.08,1e-04,0.0204
-1.04,0.08,1e-04,0.0306
-1.02,0.08,0.0004,0.0458
-1.0,0.08,0.001,0.0679
-0.98,0.08,0.0026,0.0998
-0.96,0.08,0.0069,0.1443
-0.94,0.08,0.0183,0.204
-0.92,0.08,0.0476,0.2805
-0.9,0.08,0.118,0.3722
-0.88,0.08,0.2639,0.4741
-0.86,0.08,0.4899,0.5782
-0.84,0.08,0.7201,0.6758
-0.82,0.08,0.873,0.7602
-0.8,0.08,0.9526,0.8282
-0.78,0.08,0.9836,0.8799
-0.76,0.08,0.9944,0.9177
-0.74,0.08,0.9981,0.9443
-0.72,0.08,0.9994,0.9627
-0.7,0.08,0.9998,0.9751
-0.68,0.08,0.9999,0.9835
-0.66,0.08,1.0,0.9891
-0.64,0.08,1.0,0.9928
-0.62,0.08,1.0,0.9953
-0.6,0.08,1.0,0.9969
-0.58,0.08,1.0,0.9979
-0.56,0.08,1.0,0.9986
-0.54,0.08,1.0,0.9991
-0.52,0.08,1.0,0.9994
-0.5,0.08,1.0,0.9996
-0.48,0.08,1.0,0.9997
-0.46,0.08,1.0,0.9998
-0.44,0.08,1.0,0.9999
-0.42,0.08,1.0,0.9999
-0.4,0.08,1.0,0.9999
-0.38,0.08,1.0,0.9999
-0.36,0.08,1.0,0.9999
-0.34,0.08,1.0,0.9999
-0.32,0.08,1.0,0.9999
-0.3,0.08,1.0,0.9999
-0.28,0.08,1.0,0.9999
-0.26,0.08,1.0,0.9999
-0.24,0.08,1.0,0.9999
-0.22,0.08,1.0,0.9999
-0.2,0.08,1.0,0.9999
-0.18,0.08,1.0,0.9999
-0.16,0.08,1.0,0.9999
-0.14,0.08,1.0,0.9999
-0.12,0.08,1.0,0.9999
-0.1,0.08,1.0,0.9999
-0.08,0.08,1.0,0.9999
-0.06,0.08,1.0,0.9999
-0.04,0.08,1.0,0.9999
-0.02,0.08,1.0,0.9999
0.0,0.08,1.0,0.9999
0.02,0.08,1.0,0.9999
0.04,0.08,1.0,0.9999
0.06,0.08,1.0,0.9999
0.08,0.08,1.0,0.9999
0.1,0.08,1.0,0.9999
0.12,0.08,1.0,0.9999
0.14,0.08,1.0,0.9999
0.16,0.08,1.0,0.9999
0.18,0.08,1.0,0.9998
0.2,0.08,1.0,0.9998
0.22,0.08,1.0,0.9998
0.24,0.08,1.0,0.9997
0.26,0.08,1.0,0.9997
0.28,0.08,1.0,0.9996
0.3,0.08,1.0,0.9996
0.32,0.08,1.0,0.9995
0.34,0.08,1.0,0.9994
0.36,0.08,1.0,0.9992
0.38,0.08,1.0,0.999
0.4,0.08,1.0,0.9986
0.42,0.08,1.0,0.9982
0.44,0.08,1.0,0.9977
0.46,0.08,1.0,0.997
0.48,0.08,1.0,0.996
0.5,0.08,1.0,0.9948
0.52,0.08,1.0,0.9932
0.54,0.08,1.0,0.9911
0.56,0.08,1.0,0.9884
0.58,0.08,1.0,0.9848
0.6,0.08,1.0,0.9802
0.62,0.08,1.0,0.9742
0.64,0.08,1.0,0.9665
0.66,0.08,1.0,0.9565
0.68,0.08,1.0,0.9438
0.7,0.08,0.9999,0.9277
0.72,0.08,0.9998,0.9074
0.74,0.08,0.9994,0.8821
0.76,0.08,0.9984,0.8511
0.78,0.08,0.9958,0.8136
0.8,0.08,0.9892,0.7692
0.82,0.08,0.9722,0.7179
0.84,0.08,0.9305,0.6602
0.86,0.08,0.8366,0.5974
0.88,0.08,0.662,0.5312
0.9,0.08,0.4283,0.4639
0.92,0.08,0.2227,0.3979
0.94,0.08,0.0988,0.3354
0.96,0.08,0.0402,0.2782
0.98,0.08,0.0158,0.2274
1.0,0.08,0.0061,0.1835
1.02,0.08,0.0023,0.1465
1.04,0.08,0.0009,0.1159
1.06,0.08,0.0003,0.091
1.08,0.08,1e-04,0.071
1.1,0.08,1e-04,0.0552
1.12,0.08,0.0,0.0427
1.14,0.08,0.0,0.033
1.16,0.08,0.0,0.0254
1.18,0.08,0.0,0.0195
1.2,0.08,0.0,0.015
1.22,0.08,0.0,0.0115
1.24,0.08,0.0,0.0088
1.26,0.08,0.0,0.0067
1.28,0.08,0.0,0.0052
1.3,0.08,0.0,0.0039
1.32,0.08,0.0,0.003
1.34,0.08,0.0,0.0023
1.36,0.08,0.0,0.0018
1.38,0.08,0.0,0.0013
1.4,0.08,0.0,0.001
1.42,0.08,0.0,0.0008
1.44,0.08,0.0,0.0006
1.46,0.08,0.0,0.0005
1.48,0.08,0.0,0.0004
1.5,0.08,0.0,0.0003
1.52,0.08,0.0,0.0002
1.54,0.08,0.0,0.0002
1.56,0.08,0.0,1e-04
1.58,0.08,0.0,1e-04
1.6,0.08,0.0,1e-04
-1.6,0.1,0.0,0.0
-1.58,0.1,0.0,0.0
-1.56,0.1,0.0,0.0
-1.54,0.1,0.0,0.0
-1.52,0.1,0.0,0.0
-1.5,0.1,0.0,0.0
-1.48,0.1,0.0,0.0
-1.46,0.1,0.0,0.0
-1.44,0.1,0.0,0.0
-1.42,0.1,0.0,0.0
-1.4,0.1,0.0,0.0
-1.38,0.1,0.0,0.0
-1.36,0.1,0.0,0.0
-1.34,0.1,0.0,1e-04
-1.32,0.1,0.0,1e-04
-1.3,0.1,0.0,1e-04
-1.28,0.1,0.0,0.0002
-1.26,0.1,0.0,0.0003
-1.24,0.1,0.0,0.0004
-1.22,0.1,0.0,0.0007
-1.2,0.1,0.0,0.001
-1.18,0.1,0.0,0.0015
-1.16,0.1,0.0,0.0023
-1.14,0.1,0.0,0.0035
-1.12,0.1,0.0,0.0053
-1.1,0.1,0.0,0.0081
-1.08,0.1,0.0,0.0122
-1.06,0.1,0.0,0.0185
-1.04,0.1,1e-04,0.0278
-1.02,0.1,0.0003,0.0416
-1.0,0.1,0.0008,0.0618
-0.98,0.1,0.0021,0.091
-0.96,0.1,0.0056,0.1321
-0.94,0.1,0.0145,0.1879
-0.92,0.1,0.0373,0.2603
-0.9,0.1,0.0925,0.3486
-0.88,0.1,0.2123,0.4487
-0.86,0.1,0.4146,0.5531
-0.84,0.1,0.6531,0.653
-0.82,0.1,0.8333,0.741
-0.8,0.1,0.9296,0.8131
-0.78,0.1,0.9742,0.8687
-0.76,0.1,0.9911,0.9096
-0.74,0.1,0.9969,0.9387
-0.72,0.1,0.999,0.9588
-0.7,0.1,0.9996,0.9725
-0.68,0.1,0.9999,0.9818
-0.66,0.1,1.0,0.9879
-0.64,0.1,1.0,0.992
-0.62,0.1,1.0,0.9947
-0.6,0.1,1.0,0.9965
-0.58,0.1,1.0,0.9977
-0.56,0.1,1.0,0.9985
-0.54,0.1,1.0,0.999
-0.52,0.1,1.0,0.9993
-0.5,0.1,1.0,0.9996
-0.48,0.1,1.0,0.9997
-0.46,0.1,1.0,0.9998
-0.44,0.1,1.0,0.9999
-0.42,0.1,1.0,0.9999
-0.4,0.1,1.0,0.9999
-0.38,0.1,1.0,0.9999
-0.36,0.1,1.0,0.9999
-0.34,0.1,1.0,0.9999
-0.32,0.1,1.0,0.9999
-0.3,0.1,1.0,0.9999
-0.28,0.1,1.0,0.9999
-0.26,0.1,1.0,0.9999
-0.24,0.1,1.0,0.9999
-0.22,0.1,1.0,0.9999
-0.2,0.1,1.0,0.9999
-0.18,0.1,1.0,0.9999
-0.16,0.1,1.0,0.9999
-0.14,0.1,1.0,0.9999
-0.12,0.1,1.0,0.9999
-0.1,0.1,1.0,0.9999
-0.08,0.1,1.0,0.9999
-0.06,0.1,1.0,0.9999
-0.04,0.1,1.0,0.9999
-0.02,0.1,1.0,0.9999
0.0,0.1,1.0,0.9999
0.02,0.1,1.0,0.9999
0.04,0.1,1.0,0.9999
0.06,0.1,1.0,0.9999
0.08,0.1,1.0,0.9999
0.1,0.1,1.0,0.9999
0.12,0.1,1.0,0.9999
0.14,0.1,1.0,0.9999
0.16,0.1,1.0,0.9998
0.18,0.1,1.0,0.9998
0.2,0.1,1.0,0.9998
0.22,0.1,1.0,0.9997
0.24,0.1,1.0,0.9997
0.26,0.1,1.0,0.9996
0.28,0.1,1.0,0.9996
0.3,0.1,1.0,0.9995
0.32,0.1,1.0,0.9994
0.34,0.1,1.0,0.9993
0.36,0.1,1.0,0.9991
0.38,0.1,1.0,0.9988
0.4,0.1,1.0,0.9985
0.42,0.1,1.0,0.998
0.44,0.1,1.0,0.9974
0.46,0.1,1.0,0.9965
0.48,0.1,1.0,0.9955
0.5,0.1,1.0,0.9941
0.52,0.1,1.0,0.9923
0.54,0.1,1.0,0.9899
0.56,0.1,1.0,0.9868
0.58,0.1,1.0,0.9827
0.6,0.1,1.0,0.9775
0.62,0.1,1.0,0.9707
0.64,0.1,1.0,0.9619
0.66,0.1,1.0,0.9507
0.68,0.1,0.9999,0.9365
0.7,0.1,0.9998,0.9184
0.72,0.1,0.9995,0.8958
0.74,0.1,0.9988,0.8678
0.76,0.1,0.9968,0.8337
0.78,0.1,0.9917,0.7928
0.8,0.1,0.9785,0.7451
0.82,0.1,0.9458,0.6906
0.84,0.1,0.8696,0.6302
0.86,0.1,0.7184,0.5655
0.88,0.1,0.4939,0.4985
0.9,0.1,0.2718,0.4315
0.92,0.1,0.125,0.367
0.94,0.1,0.0518,0.3068
0.96,0.1,0.0205,0.2526
0.98,0.1,0.0079,0.2052
1.0,0.1,0.003,0.1647
1.02,0.1,0.0012,0.1308
1.04,0.1,0.0004,0.1031
1.06,0.1,0.0002,0.0807
1.08,0.1,1e-04,0.0628
1.1,0.1,0.0,0.0487
1.12,0.1,0.0,0.0377
1.14,0.1,0.0,0.029
1.16,0.1,0.0,0.0223
1.18,0.1,0.0,0.0171
1.2,0.1,0.0,0.0132
1.22,0.1,0.0,0.0101
1.24,0.1,0.0,0.0077
1.26,0.1,0.0,0.0059
1.28,0.1,0.0,0.0045
1.3,0.1,0.0,0.0035
1.32,0.1,0.0,0.0026
1.34,0.1,0.0,0.002
1.36,0.1,0.0,0.0015
1.38,0.1,0.0,0.0012
1.4,0.1,0.0,0.0009
1.42,0.1,0.0,0.0007
1.44,0.1,0.0,0.0005
1.46,0.1,0.0,0.0004
1.48,0.1,0.0,0.0003
1.5,0.1,0.0,0.0002
1.52,0.1,0.0,0.0002
1.54,0.1,0.0,1e-04
1.56,0.1,0.0,1e-04
1.58,0.1,0.0,1e-04
1.6,0.1,0.0,1e-04
-1.6,0.12,0.0,0.0
-1.58,0.12,0.0,0.0
-1.56,0.12,0.0,0.0
-1.54,0.12,0.0,0.0
-1.52,0.12,0.0,0.0
-1.5,0.12,0.0,0.0
-1.48,0.12,0.0,0.0
-1.46,0.12,0.0,0.0
-1.44,0.12,0.0,0.0
-1.42,0.12,0.0,0.0
-1.4,0.12,0.0,0.0
-1.38,0.12,0.0,0.0
-1.36,0.12,0.0,0.0
-1.34,0.12,0.0,0.0
-1.32,0.12,0.0,1e-04
-1.3,0.12,0.0,1e-04
-1.28,0.12,0.0,0.0002
-1.26,0.12,0.0,0.0003
-1.24,0.12,0.0,0.0004
-1.22,0.12,0.0,0.0006
-1.2,0.12,0.0,0.0009
-1.18,0.12,0.0,0.0014
-1.16,0.12,0.0,0.0021
-1.14,0.12,0.0,0.0032
-1.12,0.12,0.0,0.0048
-1.1,0.12,0.0,0.0073
-1.08,0.12,0.0,0.0111
-1.06,0.12,0.0,0.0167
-1.04,0.12,1e-04,0.0252
-1.02,0.12,0.0003,0.0378
-1.0,0.12,0.0008,0.0562
-0.98,0.12,0.002,0.083
-0.96,0.12,0.0054,0.1208
-0.94,0.12,0.0139,0.1728
-0.92,0.12,0.0357,0.2411
-0.9,0.12,0.0881,0.3258
-0.88,0.12,0.2014,0.4235
-0.86,0.12,0.3957,0.5277
-0.84,0.12,0.6282,0.6295
-0.82,0.12,0.8133,0.721
-0.8,0.12,0.9181,0.7971
-0.78,0.12,0.9663,0.8566
-0.76,0.12,0.9875,0.9007
-0.74,0.12,0.9956,0.9324
-0.72,0.12,0.9985,0.9544
-0.7,0.12,0.9995,0.9695
-0.68,0.12,0.9998,0.9797
-0.66,0.12,0.9999,0.9866
-0.64,0.12,1.0,0.9911
-0.62,0.12,1.0,0.9941
-0.6,0.12,1.0,0.9961
-0.58,0.12,1.0,0.9975
-0.56,0.12,1.0,0.9983
-0.54,0.12,1.0,0.9989
-0.52,0.12,1.0,0.9993
-0.5,0.12,1.0,0.9995
-0.48,0.12,1.0,0.9997
-0.46,0.12,1.0,0.9998
-0.44,0.12,1.0,0.9999
-0.42,0.12,1.0,0.9999
-0.4,0.12,1.0,0.9999
-0.38,0.12,1.0,0.9999
-0.36,0.12,1.0,0.9999
-0.34,0.12,1.0,0.9999
-0.32,0.12,1.0,0.9999
-0.3,0.12,1.0,0.9999
-0.28,0.12,1.0,0.9999
-0.26,0.12,1.0,0.9999
-0.24,0.12,1.0,0.9999
-0.22,0.12,1.0,0.9999
-0.2,0.12,1.0,0.9999
-0.18,0.12,1.0,0.9999
-0.16,0.12,1.0,0.9999
-0.14,0.12,1.0,0.9999
-0.12,0.12,1.0,0.9999
-0.1,0.12,1.0,0.9999
-0.08,0.12,1.0,0.9999
-0.06,0.12,1.0,0.9999
-0.04,0.12,1.0,0.9999
-0.02,0.12,1.0,0.9999
0.0,0.12,1.0,0.9999
0.02,0.12,1.0,0.9999
0.04,0.12,1.0,0.9999
0.06,0.12,1.0,0.9999
0.08,0.12,1.0,0.9999
0.1,0.12,1.0,0.9999
0.12,0.12,1.0,0.9999
0.14,0.12,1.0,0.9998
0.16,0.12,1.0,0.9998
0.18,0.12,1.0,0.9998
0.2,0.12,1.0,0.9997
0.22,0.12,1.0,0.9997
0.24,0.12,1.0,0.9997
0.26,0.12,1.0,0.9996
0.28,0.12,1.0,0.9995
0.3,0.12,1.0,0.9994
0.32,0.12,1.0,0.9993
0.34,0.12,1.0,0.9992
0.36,0.12,1.0,0.999
0.38,0.12,1.0,0.9987
0.4,0.12,1.0,0.9983
0.42,0.12,1.0,0.9977
0.44,0.12,1.0,0.997
0.46,0.12,1.0,0.9961
0.48,0.12,1.0,0.9949
0.5,0.12,1.0,0.9933
0.52,0.12,1.0,0.9912
0.54,0.12,1.0,0.9885
0.56,0.12,1.0,0.985
0.58,0.12,1.0,0.9804
0.6,0.12,1.0,0.9745
0.62,0.12,1.0,0.9668
0.64,0.12,1.0,0.9569
0.66,0.12,0.9999,0.9443
0.68,0.12,0.9999,0.9282
0.7,0.12,0.9996,0.908
0.72,0.12,0.9991,0.8829
0.74,0.12,0.9975,0.852
0.76,0.12,0.9936,0.8147
0.78,0.12,0.9834,0.7705
0.8,0.12,0.9578,0.7194
0.82,0.12,0.8968,0.6619
0.84,0.12,0.7687,0.5992
0.86,0.12,0.5597,0.5331
0.88,0.12,0.3272,0.4658
0.9,0.12,0.1568,0.3997
0.92,0.12,0.0664,0.3371
0.94,0.12,0.0265,0.2797
0.96,0.12,0.0103,0.2287
0.98,0.12,0.004,0.1846
1.0,0.12,0.0015,0.1474
1.02,0.12,0.0006,0.1166
1.04,0.12,0.0002,0.0916
1.06,0.12,1e-04,0.0715
1.08,0.12,0.0,0.0555
1.1,0.12,0.0,0.043
1.12,0.12,0.0,0.0332
1.14,0.12,0.0,0.0255
1.16,0.12,0.0,0.0196
1.18,0.12,0.0,0.0151
1.2,0.12,0.0,0.0115
1.22,0.12,0.0,0.0088
1.24,0.12,0.0,0.0068
1.26,0.12,0.0,0.0052
1.28,0.12,0.0,0.004
1.3,0.12,0.0,0.003
1.32,0.12,0.0,0.0023
1.34,0.12,0.0,0.0018
1.36,0.12,0.0,0.0014
1.38,0.12,0.0,0.001
1.4,0.12,0.0,0.0008
1.42,0.12,0.0,0.0006
1.44,0.12,0.0,0.0005
1.46,0.12,0.0,0.0004
1.48,0.12,0.0,0.0003
1.5,0.12,0.0,0.0002
1.52,0.12,0.0,0.0002
1.54,0.12,0.0,1e-04
1.56,0.12,0.0,1e-04
1.58,0.12,0.0,1e-04
1.6,0.12,0.0,1e-04
-1.6,0.14,0.0,0.0
-1.58,0.14,0.0,0.0
-1.56,0.14,0.0,0.0
-1.54,0.14,0.0,0.0
-1.52,0.14,0.0,0.0
-1.5,0.14,0.0,0.0
-1.48,0.14,0.0,0.0
-1.46,0.14,0.0,0.0
-1.44,0.14,0.0,0.0
-1.42,0.14,0.0,0.0
-1.4,0.14,0.0,0.0
-1.38,0.14,0.0,0.0
-1.36,0.14,0.0,0.0
-1.34,0.14,0.0,0.0
-1.32,0.14,0.0,1e-04
-1.3,0.14,0.0,1e-04
-1.28,0.14,0.0,0.0002
-1.26,0.14,0.0,0.0002
-1.24,0.14,0.0,0.0004
-1.22,0.14,0.0,0.0005
-1.2,0.14,0.0,0.0008
-1.18,0.14,0.0,0.0013
-1.16,0.14,0.0,0.0019
-1.14,0.14,0.0,0.0029
-1.12,0.14,0.0,0.0044
-1.1,0.14,0.0,0.0066
-1.08,0.14,0.0,0.01
-1.06,0.14,0.0,0.0152
-1.04,0.14,1e-04,0.0229
-1.02,0.14,0.0003,0.0343
-1.0,0.14,0.0007,0.0512
-0.98,0.14,0.002,0.0757
-0.96,0.14,0.0051,0.1105
-0.94,0.14,0.0132,0.1588
-0.92,0.14,0.0337,0.2229
-0.9,0.14,0.0828,0.3035
-0.88,0.14,0.1888,0.3984
-0.86,0.14,0.375,0.5016
-0.84,0.14,0.6063,0.6046
-0.82,0.14,0.7977,0.699
-0.8,0.14,0.9099,0.7791
-0.78,0.14,0.9628,0.8427
-0.76,0.14,0.9851,0.8906
-0.74,0.14,0.9945,0.9252
-0.72,0.14,0.9981,0.9495
-0.7,0.14,0.9993,0.9661
-0.68,0.14,0.9998,0.9775
-0.66,0.14,0.9999,0.985
-0.64,0.14,1.0,0.9901
-0.62,0.14,1.0,0.9935
-0.6,0.14,1.0,0.9957
-0.58,0.14,1.0,0.9972
-0.56,0.14,1.0,0.9981
-0.54,0.14,1.0,0.9988
-0.52,0.14,1.0,0.9992
-0.5,0.14,1.0,0.9995
-0.48,0.14,1.0,0.9996
-0.46,0.14,1.0,0.9998
-0.44,0.14,1.0,0.9998
-0.42,0.14,1.0,0.9998
-0.4,0.14,1.0,0.9999
-0.38,0.14,1.0,0.9999
-0.36,0.14,1.0,0.9999
-0.34,0.14,1.0,0.9999
-0.32,0.14,1.0,0.9999
-0.3,0.14,1.0,0.9999
-0.28,0.14,1.0,0.9999
-0.26,0.14,1.0,0.9999
-0.24,0.14,1.0,0.9999
-0.22,0.14,1.0,0.9999
-0.2,0.14,1.0,0.9999
-0.18,0.14,1.0,0.9999
-0.16,0.14,1.0,0.9999
-0.14,0.14,1.0,0.9999
-0.12,0.14,1.0,0.9999
-0.1,0.14,1.0,0.9999
-0.08,0.14,1.0,0.9999
-0.06,0.14,1.0,0.9999
-0.04,0.14,1.0,0.9999
-0.02,0.14,1.0,0.9999
0.0,0.14,1.0,0.9999
0.02,0.14,1.0,0.9999
0.04,0.14,1.0,0.9999
0.06,0.14,1.0,0.9999
0.08,0.14,1.0,0.9999
0.1,0.14,1.0,0.9998
0.12,0.14,1.0,0.9998
0.14,0.14,1.0,0.9998
0.16,0.14,1.0,0.9998
0.18,0.14,1.0,0.9998
0.2,0.14,1.0,0.9997
0.22,0.14,1.0,0.9997
0.24,0.14,1.0,0.9996
0.26,0.14,1.0,0.9995
0.28,0.14,1.0,0.9995
0.3,0.14,1.0,0.9994
0.32,0.14,1.0,0.9992
0.34,0.14,1.0,0.9991
0.36,0.14,1.0,0.9988
0.38,0.14,1.0,0.9985
0.4,0.14,1.0,0.998
0.42,0.14,1.0,0.9974
0.44,0.14,1.0,0.9966
0.46,0.14,1.0,0.9955
0.48,0.14,1.0,0.9941
0.5,0.14,1.0,0.9923
0.52,0.14,1.0,0.99
0.54,0.14,1.0,0.9869
0.56,0.14,1.0,0.9829
0.58,0.14,1.0,0.9777
0.6,0.14,1.0,0.971
0.62,0.14,1.0,0.9623
0.64,0.14,1.0,0.9512
0.66,0.14,0.9999,0.937
0.68,0.14,0.9997,0.919
0.7,0.14,0.9993,0.8965
0.72,0.14,0.9981,0.8686
0.74,0.14,0.9951,0.8347
0.76,0.14,0.9872,0.7941
0.78,0.14,0.9673,0.7465
0.8,0.14,0.9188,0.6922
0.82,0.14,0.8123,0.632
0.84,0.14,0.6235,0.5674
0.86,0.14,0.3878,0.5004
0.88,0.14,0.1951,0.4334
0.9,0.14,0.0848,0.3687
0.92,0.14,0.0342,0.3084
0.94,0.14,0.0134,0.2541
0.96,0.14,0.0052,0.2064
0.98,0.14,0.002,0.1657
1.0,0.14,0.0008,0.1317
1.02,0.14,0.0003,0.1038
1.04,0.14,1e-04,0.0812
1.06,0.14,0.0,0.0633
1.08,0.14,0.0,0.049
1.1,0.14,0.0,0.0379
1.12,0.14,0.0,0.0292
1.14,0.14,0.0,0.0224
1.16,0.14,0.0,0.0172
1.18,0.14,0.0,0.0132
1.2,0.14,0.0,0.0101
1.22,0.14,0.0,0.0078
1.24,0.14,0.0,0.0059
1.26,0.14,0.0,0.0045
1.28,0.14,0.0,0.0035
1.3,0.14,0.0,0.0027
1.32,0.14,0.0,0.002
1.34,0.14,0.0,0.0016
1.36,0.14,0.0,0.0012
1.38,0.14,0.0,0.0009
1.4,0.14,0.0,0.0007
1.42,0.14,0.0,0.0005
1.44,0.14,0.0,0.0004
1.46,0.14,0.0,0.0003
1.48,0.14,0.0,0.0002
1.5,0.14,0.0,0.0002
1.52,0.14,0.0,1e-04
1.54,0.14,0.0,1e-04
1.56,0.14,0.0,1e-04
1.58,0.14,0.0,1e-04
1.6,0.14,0.0,0.0
-1.6,0.16,0.0,0.0
-1.58,0.16,0.0,0.0
-1.56,0.16,0.0,0.0
-1.54,0.16,0.0,0.0
-1.52,0.16,0.0,0.0
-1.5,0.16,0.0,0.0
-1.48,0.16,0.0,0.0
-1.46,0.16,0.0,0.0
-1.44,0.16,0.0,0.0
-1.42,0.16,0.0,0.0
-1.4,0.16,0.0,0.0
-1.38,0.16,0.0,0.0
-1.36,0.16,0.0,0.0
-1.34,0.16,0.0,0.0
-1.32,0.16,0.0,1e-04
-1.3,0.16,0.0,1e-04
-1.28,0.16,0.0,1e-04
-1.26,0.16,0.0,0.0002
-1.24,0.16,0.0,0.0003
-1.22,0.16,0.0,0.0005
-1.2,0.16,0.0,0.0007
-1.18,0.16,0.0,0.0011
-1.16,0.16,0.0,0.0017
-1.14,0.16,0.0,0.0026
-1.12,0.16,0.0,0.004
-1.1,0.16,0.0,0.006
-1.08,0.16,0.0,0.0091
-1.06,0.16,0.0,0.0137
-1.04,0.16,1e-04,0.0207
-1.02,0.16,0.0003,0.0311
-1.0,0.16,0.0007,0.0464
-0.98,0.16,0.0019,0.0688
-0.96,0.16,0.0048,0.1007
-0.94,0.16,0.0123,0.1452
-0.92,0.16,0.0311,0.2049
-0.9,0.16,0.0764,0.2812
-0.88,0.16,0.1747,0.3727
-0.86,0.16,0.3516,0.4744
-0.84,0.16,0.5813,0.5782
-0.82,0.16,0.7805,0.6756
-0.8,0.16,0.9011,0.7598
-0.78,0.16,0.9589,0.8278
-0.76,0.16,0.9835,0.8795
-0.74,0.16,0.9935,0.9173
-0.72,0.16,0.9976,0.944
-0.7,0.16,0.9992,0.9624
-0.68,0.16,0.9997,0.9749
-0.66,0.16,0.9999,0.9834
-0.64,0.16,1.0,0.989
-0.62,0.16,1.0,0.9927
-0.6,0.16,1.0,0.9952
-0.58,0.16,1.0,0.9968
-0.56,0.16,1.0,0.9979
-0.54,0.16,1.0,0.9986
-0.52,0.16,1.0,0.9991
-0.5,0.16,1.0,0.9994
-0.48,0.16,1.0,0.9996
-0.46,0.16,1.0,0.9997
-0.44,0.16,1.0,0.9998
-0.42,0.16,1.0,0.9998
-0.4,0.16,1.0,0.9998
-0.38,0.16,1.0,0.9998
-0.36,0.16,1.0,0.9998
-0.34,0.16,1.0,0.9998
-0.32,0.16,1.0,0.9998
-0.3,0.16,1.0,0.9999
-0.28,0.16,1.0,0.9999
-0.26,0.16,1.0,0.9999
-0.24,0.16,1.0,0.9999
-0.22,0.16,1.0,0.9999
-0.2,0.16,1.0,0.9999
-0.18,0.16,1.0,0.9999
-0.16,0.16,1.0,0.9999
-0.14,0.16,1.0,0.9999
-0.12,0.16,1.0,0.9999
-0.1,0.16,1.0,0.9999
-0.08,0.16,1.0,0.9999
-0.06,0.16,1.0,0.9999
-0.04,0.16,1.0,0.9999
-0.02,0.16,1.0,0.9999
0.0,0.16,1.0,0.9999
0.02,0.16,1.0,0.9999
0.04,0.16,1.0,0.9998
0.06,0.16,1.0,0.9998
0.08,0.16,1.0,0.9998
0.1,0.16,1.0,0.9998
0.12,0.16,1.0,0.9998
0.14,0.16,1.0,0.9998
0.16,0.16,1.0,0.9998
0.18,0.16,1.0,0.9997
0.2,0.16,1.0,0.9997
0.22,0.16,1.0,0.9996
0.24,0.16,1.0,0.9995
0.26,0.16,1.0,0.9995
0.28,0.16,1.0,0.9994
0.3,0.16,1.0,0.9993
0.32,0.16,1.0,0.9991
0.34,0.16,1.0,0.9989
0.36,0.16,1.0,0.9987
0.38,0.16,1.0,0.9983
0.4,0.16,1.0,0.9977
0.42,0.16,1.0,0.997
0.44,0.16,1.0,0.9961
0.46,0.16,1.0,0.9949
0.48,0.16,1.0,0.9933
0.5,0.16,1.0,0.9913
0.52,0.16,1.0,0.9886
0.54,0.16,1.0,0.9851
0.56,0.16,1.0,0.9806
0.58,0.16,1.0,0.9747
0.6,0.16,1.0,0.9671
0.62,0.16,1.0,0.9573
0.64,0.16,0.9999,0.9447
0.66,0.16,0.9998,0.9287
0.68,0.16,0.9995,0.9086
0.7,0.16,0.9986,0.8835
0.72,0.16,0.9962,0.8526
0.74,0.16,0.99,0.8154
0.76,0.16,0.9743,0.7713
0.78,0.16,0.9356,0.7203
0.8,0.16,0.8478,0.6629
0.82,0.16,0.6813,0.6003
0.84,0.16,0.4507,0.5342
0.86,0.16,0.2395,0.4669
0.88,0.16,0.1077,0.4007
0.9,0.16,0.0442,0.338
0.92,0.16,0.0174,0.2805
0.94,0.16,0.0067,0.2294
0.96,0.16,0.0026,0.1852
0.98,0.16,0.001,0.1479
1.0,0.16,0.0004,0.1171
1.02,0.16,1e-04,0.0919
1.04,0.16,1e-04,0.0718
1.06,0.16,0.0,0.0557
1.08,0.16,0.0,0.0431
1.1,0.16,0.0,0.0333
1.12,0.16,0.0,0.0256
1.14,0.16,0.0,0.0197
1.16,0.16,0.0,0.0151
1.18,0.16,0.0,0.0116
1.2,0.16,0.0,0.0089
1.22,0.16,0.0,0.0068
1.24,0.16,0.0,0.0052
1.26,0.16,0.0,0.004
1.28,0.16,0.0,0.003
1.3,0.16,0.0,0.0023
1.32,0.16,0.0,0.0018
1.34,0.16,0.0,0.0014
1.36,0.16,0.0,0.001
1.38,0.16,0.0,0.0008
1.4,0.16,0.0,0.0006
1.42,0.16,0.0,0.0005
1.44,0.16,0.0,0.0004
1.46,0.16,0.0,0.0003
1.48,0.16,0.0,0.0002
1.5,0.16,0.0,0.0002
1.52,0.16,0.0,1e-04
1.54,0.16,0.0,1e-04
1.56,0.16,0.0,1e-04
1.58,0.16,0.0,1e-04
1.6,0.16,0.0,0.0
-1.6,0.18,0.0,0.0
-1.58,0.18,0.0,0.0
-1.56,0.18,0.0,0.0
-1.54,0.18,0.0,0.0
-1.52,0.18,0.0,0.0
-1.5,0.18,0.0,0.0
-1.48,0.18,0.0,0.0
-1.46,0.18,0.0,0.0
-1.44,0.18,0.0,0.0
-1.42,0.18,0.0,0.0
-1.4,0.18,0.0,0.0
-1.38,0.18,0.0,0.0
-1.36,0.18,0.0,0.0
-1.34,0.18,0.0,0.0
-1.32,0.18,0.0,1e-04
-1.3,0.18,0.0,1e-04
-1.28,0.18,0.0,1e-04
-1.26,0.18,0.0,0.0002
-1.24,0.18,0.0,0.0003
-1.22,0.18,0.0,0.0004
-1.2,0.18,0.0,0.0007
-1.18,0.18,0.0,0.001
-1.16,0.18,0.0,0.0016
-1.14,0.18,0.0,0.0024
-1.12,0.18,0.0,0.0036
-1.1,0.18,0.0,0.0054
-1.08,0.18,0.0,0.0082
-1.06,0.18,0.0,0.0124
-1.04,0.18,1e-04,0.0186
-1.02,0.18,0.0003,0.028
-1.0,0.18,0.0007,0.0419
-0.98,0.18,0.0017,0.0621
-0.96,0.18,0.0044,0.0913
-0.94,0.18,0.0112,0.1322
-0.92,0.18,0.0283,0.1877
-0.9,0.18,0.0694,0.2595
-0.88,0.18,0.1603,0.3472
-0.86,0.18,0.3283,0.4467
-0.84,0.18,0.5559,0.5509
-0.82,0.18,0.7622,0.6507
-0.8,0.18,0.8914,0.7389
-0.78,0.18,0.9546,0.8113
-0.76,0.18,0.9818,0.8672
-0.74,0.18,0.9928,0.9084
-0.72,0.18,0.9972,0.9378
-0.7,0.18,0.9989,0.9581
-0.68,0.18,0.9996,0.972
-0.66,0.18,0.9999,0.9814
-0.64,0.18,1.0,0.9877
-0.62,0.18,1.0,0.9919
-0.6,0.18,1.0,0.9946
-0.58,0.18,1.0,0.9965
-0.56,0.18,1.0,0.9977
-0.54,0.18,1.0,0.9985
-0.52,0.18,1.0,0.999
-0.5,0.18,1.0,0.9993
-0.48,0.18,1.0,0.9996
-0.46,0.18,1.0,0.9997
-0.44,0.18,1.0,0.9997
-0.42,0.18,1.0,0.9997
-0.4,0.18,1.0,0.9997
-0.38,0.18,1.0,0.9998
-0.36,0.18,1.0,0.9998
-0.34,0.18,1.0,0.9998
-0.32,0.18,1.0,0.9998
-0.3,0.18,1.0,0.9998
-0.28,0.18,1.0,0.9998
-0.26,0.18,1.0,0.9998
-0.24,0.18,1.0,0.9998
-0.22,0.18,1.0,0.9998
-0.2,0.18,1.0,0.9998
-0.18,0.18,1.0,0.9998
-0.16,0.18,1.0,0.9998
-0.14,0.18,1.0,0.9998
-0.12,0.18,1.0,0.9998
-0.1,0.18,1.0,0.9998
-0.08,0.18,1.0,0.9998
-0.06,0.18,1.0,0.9998
-0.04,0.18,1.0,0.9998
-0.02,0.18,1.0,0.9998
0.0,0.18,1.0,0.9998
0.02,0.18,1.0,0.9998
0.04,0.18,1.0,0.9998
0.06,0.18,1.0,0.9998
0.08,0.18,1.0,0.9998
0.1,0.18,1.0,0.9998
0.12,0.18,1.0,0.9998
0.14,0.18,1.0,0.9997
0.16,0.18,1.0,0.9997
0.18,0.18,1.0,0.9997
0.2,0.18,1.0,0.9996
0.22,0.18,1.0,0.9996
0.24,0.18,1.0,0.9995
0.26,0.18,1.0,0.9994
0.28,0.18,1.0,0.9993
0.3,0.18,1.0,0.9991
0.32,0.18,1.0,0.999
0.34,0.18,1.0,0.9988
0.36,0.18,1.0,0.9985
0.38,0.18,1.0,0.998
0.4,0.18,1.0,0.9974
0.42,0.18,1.0,0.9966
0.44,0.18,1.0,0.9956
0.46,0.18,1.0,0.9942
0.48,0.18,1.0,0.9924
0.5,0.18,1.0,0.99
0.52,0.18,1.0,0.987
0.54,0.18,1.0,0.983
0.56,0.18,1.0,0.9778
0.58,0.18,1.0,0.9711
0.6,0.18,1.0,0.9625
0.62,0.18,0.9999,0.9514
0.64,0.18,0.9999,0.9373
0.66,0.18,0.9996,0.9193
0.68,0.18,0.999,0.8968
0.7,0.18,0.9972,0.869
0.72,0.18,0.9925,0.8349
0.74,0.18,0.98,0.7942
0.76,0.18,0.9486,0.7465
0.78,0.18,0.8762,0.6922
0.8,0.18,0.7309,0.632
0.82,0.18,0.5104,0.5674
0.84,0.18,0.2857,0.5004
0.86,0.18,0.1331,0.4333
0.88,0.18,0.0556,0.3687
0.9,0.18,0.0221,0.3084
0.92,0.18,0.0086,0.254
0.94,0.18,0.0033,0.2064
0.96,0.18,0.0013,0.1657
0.98,0.18,0.0005,0.1317
1.0,0.18,0.0002,0.1038
1.02,0.18,1e-04,0.0812
1.04,0.18,0.0,0.0632
1.06,0.18,0.0,0.049
1.08,0.18,0.0,0.0379
1.1,0.18,0.0,0.0292
1.12,0.18,0.0,0.0224
1.14,0.18,0.0,0.0172
1.16,0.18,0.0,0.0132
1.18,0.18,0.0,0.0101
1.2,0.18,0.0,0.0077
1.22,0.18,0.0,0.0059
1.24,0.18,0.0,0.0045
1.26,0.18,0.0,0.0035
1.28,0.18,0.0,0.0026
1.3,0.18,0.0,0.002
1.32,0.18,0.0,0.0015
1.34,0.18,0.0,0.0012
1.36,0.18,0.0,0.0009
1.38,0.18,0.0,0.0007
1.4,0.18,0.0,0.0005
1.42,0.18,0.0,0.0004
1.44,0.18,0.0,0.0003
1.46,0.18,0.0,0.0002
1.48,0.18,0.0,0.0002
1.5,0.18,0.0,1e-04
1.52,0.18,0.0,1e-04
1.54,0.18,0.0,1e-04
1.56,0.18,0.0,1e-04
1.58,0.18,0.0,0.0
1.6,0.18,0.0,0.0
-1.6,0.2,0.0,0.0
-1.58,0.2,0.0,0.0
-1.56,0.2,0.0,0.0
-1.54,0.2,0.0,0.0
-1.52,0.2,0.0,0.0
-1.5,0.2,0.0,0.0
-1.48,0.2,0.0,0.0
-1.46,0.2,0.0,0.0
-1.44,0.2,0.0,0.0
-1.42,0.2,0.0,0.0
-1.4,0.2,0.0,0.0
-1.38,0.2,0.0,0.0
-1.36,0.2,0.0,0.0
-1.34,0.2,0.0,0.0
-1.32,0.2,0.0,0.0
-1.3,0.2,0.0,1e-04
-1.28,0.2,0.0,1e-04
-1.26,0.2,0.0,0.0002
-1.24,0.2,0.0,0.0003
-1.22,0.2,0.0,0.0004
-1.2,0.2,0.0,0.0006
-1.18,0.2,0.0,0.0009
-1.16,0.2,0.0,0.0014
-1.14,0.2,0.0,0.0021
-1.12,0.2,0.0,0.0032
-1.1,0.2,0.0,0.0048
-1.08,0.2,0.0,0.0073
-1.06,0.2,0.0,0.0111
-1.04,0.2,1e-04,0.0167
-1.02,0.2,0.0002,0.0251
-1.0,0.2,0.0006,0.0376
-0.98,0.2,0.0016,0.056
-0.96,0.2,0.004,0.0825
-0.94,0.2,0.0101,0.12
-0.92,0.2,0.0256,0.1713
-0.9,0.2,0.063,0.2387
-0.88,0.2,0.1468,0.3223
-0.86,0.2,0.3059,0.4191
-0.84,0.2,0.5302,0.5227
-0.82,0.2,0.743,0.6245
-0.8,0.2,0.881,0.7164
-0.78,0.2,0.9499,0.7933
-0.76,0.2,0.9798,0.8536
-0.74,0.2,0.992,0.8985
-0.72,0.2,0.9969,0.9308
-0.7,0.2,0.9988,0.9533
-0.68,0.2,0.9995,0.9688
-0.66,0.2,0.9998,0.9792
-0.64,0.2,0.9999,0.9862
-0.62,0.2,1.0,0.9909
-0.6,0.2,1.0,0.994
-0.58,0.2,1.0,0.996
-0.56,0.2,1.0,0.9974
-0.54,0.2,1.0,0.9983
-0.52,0.2,1.0,0.9989
-0.5,0.2,1.0,0.9993
-0.48,0.2,1.0,0.9995
-0.46,0.2,1.0,0.9996
-0.44,0.2,1.0,0.9996
-0.42,0.2,1.0,0.9996
-0.4,0.2,1.0,0.9997
-0.38,0.2,1.0,0.9997
-0.36,0.2,1.0,0.9997
-0.34,0.2,1.0,0.9997
-0.32,0.2,1.0,0.9997
-0.3,0.2,1.0,0.9997
-0.28,0.2,1.0,0.9998
-0.26,0.2,1.0,0.9998
-0.24,0.2,1.0,0.9998
-0.22,0.2,1.0,0.9998
-0.2,0.2,1.0,0.9998
-0.18,0.2,1.0,0.9998
-0.16,0.2,1.0,0.9998
-0.14,0.2,1.0,0.9998
-0.12,0.2,1.0,0.9998
-0.1,0.2,1.0,0.9998
-0.08,0.2,1.0,0.9998
-0.06,0.2,1.0,0.9998
-0.04,0.2,1.0,0.9998
-0.02,0.2,1.0,0.9998
0.0,0.2,1.0,0.9998
0.02,0.2,1.0,0.9998
0.04,0.2,1.0,0.9998
0.06,0.2,1.0,0.9998
0.08,0.2,1.0,0.9998
0.1,0.2,1.0,0.9997
0.12,0.2,1.0,0.9997
0.14,0.2,1.0,0.9997
0.16,0.2,1.0,0.9997
0.18,0.2,1.0,0.9996
0.2,0.2,1.0,0.9995
0.22,0.2,1.0,0.9995
0.24,0.2,1.0,0.9994
0.26,0.2,1.0,0.9993
0.28,0.2,1.0,0.9991
0.3,0.2,1.0,0.999
0.32,0.2,1.0,0.9988
0.34,0.2,1.0,0.9986
0.36,0.2,1.0,0.9983
0.38,0.2,1.0,0.9977
0.4,0.2,1.0,0.997
0.42,0.2,1.0,0.9961
0.44,0.2,1.0,0.9949
0.46,0.2,1.0,0.9933
0.48,0.2,1.0,0.9913
0.5,0.2,1.0,0.9886
0.52,0.2,1.0,0.9851
0.54,0.2,1.0,0.9806
0.56,0.2,1.0,0.9747
0.58,0.2,1.0,0.9671
0.6,0.2,1.0,0.9573
0.62,0.2,0.9999,0.9448
0.64,0.2,0.9997,0.9289
0.66,0.2,0.9992,0.9088
0.68,0.2,0.998,0.8837
0.7,0.2,0.9945,0.8529
0.72,0.2,0.9854,0.8156
0.74,0.2,0.9615,0.7714
0.76,0.2,0.9026,0.7202
0.78,0.2,0.7754,0.6626
0.8,0.2,0.5698,0.6
0.82,0.2,0.337,0.5339
0.84,0.2,0.1632,0.4665
0.86,0.2,0.0696,0.4004
0.88,0.2,0.0279,0.3377
0.9,0.2,0.0109,0.2803
0.92,0.2,0.0042,0.2292
0.94,0.2,0.0016,0.185
0.96,0.2,0.0006,0.1478
0.98,0.2,0.0002,0.1169
1.0,0.2,1e-04,0.0918
1.02,0.2,0.0,0.0717
1.04,0.2,0.0,0.0557
1.06,0.2,0.0,0.0431
1.08,0.2,0.0,0.0332
1.1,0.2,0.0,0.0256
1.12,0.2,0.0,0.0196
1.14,0.2,0.0,0.0151
1.16,0.2,0.0,0.0116
1.18,0.2,0.0,0.0088
1.2,0.2,0.0,0.0068
1.22,0.2,0.0,0.0052
1.24,0.2,0.0,0.004
1.26,0.2,0.0,0.003
1.28,0.2,0.0,0.0023
1.3,0.2,0.0,0.0018
1.32,0.2,0.0,0.0014
1.34,0.2,0.0,0.001
1.36,0.2,0.0,0.0008
1.38,0.2,0.0,0.0006
1.4,0.2,0.0,0.0005
1.42,0.2,0.0,0.0004
1.44,0.2,0.0,0.0003
1.46,0.2,0.0,0.0002
1.48,0.2,0.0,0.0002
1.5,0.2,0.0,1e-04
1.52,0.2,0.0,1e-04
1.54,0.2,0.0,1e-04
1.56,0.2,0.0,1e-04
1.58,0.2,0.0,0.0
1.6,0.2,0.0,0.0
-1.6,0.22,0.0,0.0
-1.58,0.22,0.0,0.0
-1.56,0.22,0.0,0.0
-1.54,0.22,0.0,0.0
-1.52,0.22,0.0,0.0
-1.5,0.22,0.0,0.0
-1.48,0.22,0.0,0.0
-1.46,0.22,0.0,0.0
-1.44,0.22,0.0,0.0
-1.42,0.22,0.0,0.0
-1.4,0.22,0.0,0.0
-1.38,0.22,0.0,0.0
-1.36,0.22,0.0,0.0
-1.34,0.22,0.0,0.0
-1.32,0.22,0.0,0.0
-1.3,0.22,0.0,1e-04
-1.28,0.22,0.0,1e-04
-1.26,0.22,0.0,0.0002
-1.24,0.22,0.0,0.0002
-1.22,0.22,0.0,0.0004
-1.2,0.22,0.0,0.0005
-1.18,0.22,0.0,0.0008
-1.16,0.22,0.0,0.0012
-1.14,0.22,0.0,0.0019
-1.12,0.22,0.0,0.0029
-1.1,0.22,0.0,0.0043
-1.08,0.22,0.0,0.0066
-1.06,0.22,0.0,0.0099
-1.04,0.22,1e-04,0.015
-1.02,0.22,0.0002,0.0225
-1.0,0.22,0.0005,0.0338
-0.98,0.22,0.0014,0.0504
-0.96,0.22,0.0036,0.0744
-0.94,0.22,0.0092,0.1087
-0.92,0.22,0.0231,0.1561
-0.9,0.22,0.0571,0.2191
-0.88,0.22,0.1343,0.2985
-0.86,0.22,0.2843,0.3922
-0.84,0.22,0.5043,0.4947
-0.82,0.22,0.7227,0.5976
-0.8,0.22,0.8697,0.6928
-0.78,0.22,0.9447,0.7741
-0.76,0.22,0.9777,0.8388
-0.74,0.22,0.9912,0.8877
-0.72,0.22,0.9965,0.9231
-0.7,0.22,0.9986,0.948
-0.68,0.22,0.9995,0.9652
-0.66,0.22,0.9998,0.9768
-0.64,0.22,0.9999,0.9846
-0.62,0.22,1.0,0.9898
-0.6,0.22,1.0,0.9933
-0.58,0.22,1.0,0.9956
-0.56,0.22,1.0,0.9971
-0.54,0.22,1.0,0.9981
-0.52,0.22,1.0,0.9987
-0.5,0.22,1.0,0.9992
-0.48,0.22,1.0,0.9994
-0.46,0.22,1.0,0.9994
-0.44,0.22,1.0,0.9995
-0.42,0.22,1.0,0.9995
-0.4,0.22,1.0,0.9995
-0.38,0.22,1.0,0.9996
-0.36,0.22,1.0,0.9996
-0.34,0.22,1.0,0.9996
-0.32,0.22,1.0,0.9996
-0.3,0.22,1.0,0.9997
-0.28,0.22,1.0,0.9997
-0.26,0.22,1.0,0.9997
-0.24,0.22,1.0,0.9997
-0.22,0.22,1.0,0.9997
-0.2,0.22,1.0,0.9997
-0.18,0.22,1.0,0.9997
-0.16,0.22,1.0,0.9997
-0.14,0.22,1.0,0.9997
-0.12,0.22,1.0,0.9997
-0.1,0.22,1.0,0.9997
-0.08,0.22,1.0,0.9997
-0.06,0.22,1.0,0.9997
-0.04,0.22,1.0,0.9997
-0.02,0.22,1.0,0.9997
0.0,0.22,1.0,0.9997
0.02,0.22,1.0,0.9997
0.04,0.22,1.0,0.9997
0.06,0.22,1.0,0.9997
0.08,0.22,1.0,0.9997
0.1,0.22,1.0,0.9997
0.12,0.22,1.0,0.9996
0.14,0.22,1.0,0.9996
0.16,0.22,1.0,0.9996
0.18,0.22,1.0,0.9995
0.2,0.22,1.0,0.9994
0.22,0.22,1.0,0.9994
0.24,0.22,1.0,0.9993
0.26,0.22,1.0,0.9991
0.28,0.22,1.0,0.999
0.3,0.22,1.0,0.9988
0.32,0.22,1.0,0.9986
0.34,0.22,1.0,0.9983
0.36,0.22,1.0,0.998
0.38,0.22,1.0,0.9974
0.4,0.22,1.0,0.9966
0.42,0.22,1.0,0.9956
0.44,0.22,1.0,0.9942
0.46,0.22,1.0,0.9924
0.48,0.22,1.0,0.9901
0.5,0.22,1.0,0.987
0.52,0.22,1.0,0.983
0.54,0.22,1.0,0.9779
0.56,0.22,1.0,0.9712
0.58,0.22,1.0,0.9626
0.6,0.22,0.9999,0.9515
0.62,0.22,0.9998,0.9374
0.64,0.22,0.9995,0.9195
0.66,0.22,0.9986,0.897
0.68,0.22,0.9961,0.8692
0.7,0.22,0.9893,0.8352
0.72,0.22,0.9716,0.7946
0.74,0.22,0.927,0.7469
0.76,0.22,0.825,0.6924
0.78,0.22,0.6362,0.6319
0.8,0.22,0.3936,0.5671
0.82,0.22,0.1986,0.5
0.84,0.22,0.0868,0.433
0.86,0.22,0.0352,0.3684
0.88,0.22,0.0138,0.3081
0.9,0.22,0.0053,0.2538
0.92,0.22,0.0021,0.2061
0.94,0.22,0.0008,0.1655
0.96,0.22,0.0003,0.1315
0.98,0.22,1e-04,0.1036
1.0,0.22,0.0,0.0811
1.02,0.22,0.0,0.0632
1.04,0.22,0.0,0.049
1.06,0.22,0.0,0.0378
1.08,0.22,0.0,0.0291
1.1,0.22,0.0,0.0224
1.12,0.22,0.0,0.0172
1.14,0.22,0.0,0.0132
1.16,0.22,0.0,0.0101
1.18,0.22,0.0,0.0077
1.2,0.22,0.0,0.0059
1.22,0.22,0.0,0.0045
1.24,0.22,0.0,0.0035
1.26,0.22,0.0,0.0026
1.28,0.22,0.0,0.002
1.3,0.22,0.0,0.0015
1.32,0.22,0.0,0.0012
1.34,0.22,0.0,0.0009
1.36,0.22,0.0,0.0007
1.38,0.22,0.0,0.0005
1.4,0.22,0.0,0.0004
1.42,0.22,0.0,0.0003
1.44,0.22,0.0,0.0002
1.46,0.22,0.0,0.0002
1.48,0.22,0.0,1e-04
1.5,0.22,0.0,1e-04
1.52,0.22,0.0,1e-04
1.54,0.22,0.0,1e-04
1.56,0.22,0.0,0.0
1.58,0.22,0.0,0.0
1.6,0.22,0.0,0.0
-1.6,0.24,0.0,0.0
-1.58,0.24,0.0,0.0
-1.56,0.24,0.0,0.0
-1.54,0.24,0.0,0.0
-1.52,0.24,0.0,0.0
-1.5,0.24,0.0,0.0
-1.48,0.24,0.0,0.0
-1.46,0.24,0.0,0.0
-1.44,0.24,0.0,0.0
-1.42,0.24,0.0,0.0
-1.4,0.24,0.0,0.0
-1.38,0.24,0.0,0.0
-1.36,0.24,0.0,0.0
-1.34,0.24,0.0,0.0
-1.32,0.24,0.0,0.0
-1.3,0.24,0.0,1e-04
-1.28,0.24,0.0,1e-04
-1.26,0.24,0.0,1e-04
-1.24,0.24,0.0,0.0002
-1.22,0.24,0.0,0.0003
-1.2,0.24,0.0,0.0005
-1.18,0.24,0.0,0.0007
-1.16,0.24,0.0,0.0011
-1.14,0.24,0.0,0.0017
-1.12,0.24,0.0,0.0026
-1.1,0.24,0.0,0.0039
-1.08,0.24,0.0,0.0059
-1.06,0.24,0.0,0.0089
-1.04,0.24,1e-04,0.0134
-1.02,0.24,0.0002,0.0202
-1.0,0.24,0.0005,0.0303
-0.98,0.24,0.0013,0.0453
-0.96,0.24,0.0032,0.0671
-0.94,0.24,0.0083,0.0984
-0.92,0.24,0.0209,0.142
-0.9,0.24,0.0518,0.2007
-0.88,0.24,0.1227,0.2758
-0.86,0.24,0.2637,0.3661
-0.84,0.24,0.4784,0.4669
-0.82,0.24,0.7014,0.5705
-0.8,0.24,0.8575,0.6683
-0.78,0.24,0.9391,0.7536
-0.76,0.24,0.9753,0.8229
-0.74,0.24,0.9902,0.8759
-0.72,0.24,0.9961,0.9147
-0.7,0.24,0.9985,0.9422
-0.68,0.24,0.9994,0.9612
-0.66,0.24,0.9998,0.9741
-0.64,0.24,0.9999,0.9828
-0.62,0.24,1.0,0.9886
-0.6,0.24,1.0,0.9925
-0.58,0.24,1.0,0.995
-0.56,0.24,1.0,0.9967
-0.54,0.24,1.0,0.9978
-0.52,0.24,1.0,0.9986
-0.5,0.24,1.0,0.999
-0.48,0.24,1.0,0.9992
-0.46,0.24,1.0,0.9993
-0.44,0.24,1.0,0.9993
-0.42,0.24,1.0,0.9993
-0.4,0.24,1.0,0.9994
-0.38,0.24,1.0,0.9994
-0.36,0.24,1.0,0.9995
-0.34,0.24,1.0,0.9995
-0.32,0.24,1.0,0.9995
-0.3,0.24,1.0,0.9996
-0.28,0.24,1.0,0.9996
-0.26,0.24,1.0,0.9996
-0.24,0.24,1.0,0.9996
-0.22,0.24,1.0,0.9996
-0.2,0.24,1.0,0.9996
-0.18,0.24,1.0,0.9997
-0.16,0.24,1.0,0.9997
-0.14,0.24,1.0,0.9997
-0.12,0.24,1.0,0.9997
-0.1,0.24,1.0,0.9997
-0.08,0.24,1.0,0.9997
-0.06,0.24,1.0,0.9997
-0.04,0.24,1.0,0.9997
-0.02,0.24,1.0,0.9997
0.0,0.24,1.0,0.9997
0.02,0.24,1.0,0.9997
0.04,0.24,1.0,0.9997
0.06,0.24,1.0,0.9997
0.08,0.24,1.0,0.9996
0.1,0.24,1.0,0.9996
0.12,0.24,1.0,0.9996
0.14,0.24,1.0,0.9995
0.16,0.24,1.0,0.9995
0.18,0.24,1.0,0.9994
0.2,0.24,1.0,0.9993
0.22,0.24,1.0,0.9992
0.24,0.24,1.0,0.9991
0.26,0.24,1.0,0.999
0.28,0.24,1.0,0.9988
0.3,0.24,1.0,0.9986
0.32,0.24,1.0,0.9983
0.34,0.24,1.0,0.998
0.36,0.24,1.0,0.9976
0.38,0.24,1.0,0.997
0.4,0.24,1.0,0.9961
0.42,0.24,1.0,0.9949
0.44,0.24,1.0,0.9934
0.46,0.24,1.0,0.9913
0.48,0.24,1.0,0.9886
0.5,0.24,1.0,0.9852
0.52,0.24,1.0,0.9806
0.54,0.24,1.0,0.9748
0.56,0.24,1.0,0.9672
0.58,0.24,1.0,0.9574
0.6,0.24,0.9999,0.9449
0.62,0.24,0.9997,0.929
0.64,0.24,0.9992,0.909
0.66,0.24,0.9978,0.8839
0.68,0.24,0.9941,0.8532
0.7,0.24,0.9839,0.8159
0.72,0.24,0.957,0.7718
0.74,0.24,0.8901,0.7206
0.76,0.24,0.7466,0.6631
0.78,0.24,0.5174,0.6002
0.8,0.24,0.2806,0.5338
0.82,0.24,0.1243,0.4663
0.84,0.24,0.05,0.4001
0.86,0.24,0.0194,0.3374
0.88,0.24,0.0074,0.28
0.9,0.24,0.0028,0.229
0.92,0.24,0.0011,0.1848
0.94,0.24,0.0004,0.1476
0.96,0.24,1e-04,0.1168
0.98,0.24,1e-04,0.0917
1.0,0.24,0.0,0.0716
1.02,0.24,0.0,0.0556
1.04,0.24,0.0,0.043
1.06,0.24,0.0,0.0332
1.08,0.24,0.0,0.0255
1.1,0.24,0.0,0.0196
1.12,0.24,0.0,0.0151
1.14,0.24,0.0,0.0115
1.16,0.24,0.0,0.0088
1.18,0.24,0.0,0.0068
1.2,0.24,0.0,0.0052
1.22,0.24,0.0,0.004
1.24,0.24,0.0,0.003
1.26,0.24,0.0,0.0023
1.28,0.24,0.0,0.0018
1.3,0.24,0.0,0.0013
1.32,0.24,0.0,0.001
1.34,0.24,0.0,0.0008
1.36,0.24,0.0,0.0006
1.38,0.24,0.0,0.0005
1.4,0.24,0.0,0.0004
1.42,0.24,0.0,0.0003
1.44,0.24,0.0,0.0002
1.46,0.24,0.0,0.0002
1.48,0.24,0.0,1e-04
1.5,0.24,0.0,1e-04
1.52,0.24,0.0,1e-04
1.54,0.24,0.0,1e-04
1.56,0.24,0.0,0.0
1.58,0.24,0.0,0.0
1.6,0.24,0.0,0.0
-1.6,0.26,0.0,0.0
-1.58,0.26,0.0,0.0
-1.56,0.26,0.0,0.0
-1.54,0.26,0.0,0.0
-1.52,0.26,0.0,0.0
-1.5,0.26,0.0,0.0
-1.48,0.26,0.0,0.0
-1.46,0.26,0.0,0.0
-1.44,0.26,0.0,0.0
-1.42,0.26,0.0,0.0
-1.4,0.26,0.0,0.0
-1.38,0.26,0.0,0.0
-1.36,0.26,0.0,0.0
-1.34,0.26,0.0,0.0
-1.32,0.26,0.0,0.0
-1.3,0.26,0.0,1e-04
-1.28,0.26,0.0,1e-04
-1.26,0.26,0.0,1e-04
-1.24,0.26,0.0,0.0002
-1.22,0.26,0.0,0.0003
-1.2,0.26,0.0,0.0004
-1.18,0.26,0.0,0.0007
-1.16,0.26,0.0,0.001
-1.14,0.26,0.0,0.0015
-1.12,0.26,0.0,0.0023
-1.1,0.26,0.0,0.0035
-1.08,0.26,0.0,0.0053
-1.06,0.26,0.0,0.008
-1.04,0.26,1e-04,0.012
-1.02,0.26,0.0002,0.0181
-1.0,0.26,0.0004,0.0272
-0.98,0.26,0.0011,0.0407
-0.96,0.26,0.0029,0.0605
-0.94,0.26,0.0075,0.089
-0.92,0.26,0.0189,0.129
-0.9,0.26,0.0469,0.1834
-0.88,0.26,0.112,0.2541
-0.86,0.26,0.2441,0.3407
-0.84,0.26,0.4527,0.4394
-0.82,0.26,0.6793,0.5431
-0.8,0.26,0.8443,0.6432
-0.78,0.26,0.9328,0.7322
-0.76,0.26,0.9726,0.8058
-0.74,0.26,0.989,0.863
-0.72,0.26,0.9957,0.9054
-0.7,0.26,0.9983,0.9357
-0.68,0.26,0.9993,0.9567
-0.66,0.26,0.9997,0.9711
-0.64,0.26,0.9999,0.9808
-0.62,0.26,1.0,0.9873
-0.6,0.26,1.0,0.9916
-0.58,0.26,1.0,0.9944
-0.56,0.26,1.0,0.9963
-0.54,0.26,1.0,0.9976
-0.52,0.26,1.0,0.9984
-0.5,0.26,1.0,0.9988
-0.48,0.26,1.0,0.9989
-0.46,0.26,1.0,0.999
-0.44,0.26,1.0,0.9991
-0.42,0.26,1.0,0.9991
-0.4,0.26,1.0,0.9992
-0.38,0.26,1.0,0.9992
-0.36,0.26,1.0,0.9993
-0.34,0.26,1.0,0.9993
-0.32,0.26,1.0,0.9994
-0.3,0.26,1.0,0.9994
-0.28,0.26,1.0,0.9994
-0.26,0.26,1.0,0.9995
-0.24,0.26,1.0,0.9995
-0.22,0.26,1.0,0.9995
-0.2,0.26,1.0,0.9995
-0.18,0.26,1.0,0.9995
-0.16,0.26,1.0,0.9996
-0.14,0.26,1.0,0.9996
-0.12,0.26,1.0,0.9996
-0.1,0.26,1.0,0.9996
-0.08,0.26,1.0,0.9996
-0.06,0.26,1.0,0.9996
-0.04,0.26,1.0,0.9996
-0.02,0.26,1.0,0.9996
0.0,0.26,1.0,0.9996
0.02,0.26,1.0,0.9996
0.04,0.26,1.0,0.9996
0.06,0.26,1.0,0.9995
0.08,0.26,1.0,0.9995
0.1,0.26,1.0,0.9995
0.12,0.26,1.0,0.9995
0.14,0.26,1.0,0.9994
0.16,0.26,1.0,0.9994
0.18,0.26,1.0,0.9993
0.2,0.26,1.0,0.9992
0.22,0.26,1.0,0.9991
0.24,0.26,1.0,0.9989
0.26,0.26,1.0,0.9988
0.28,0.26,1.0,0.9986
0.3,0.26,1.0,0.9983
0.32,0.26,1.0,0.998
0.34,0.26,1.0,0.9977
0.36,0.26,1.0,0.9972
0.38,0.26,1.0,0.9966
0.4,0.26,1.0,0.9956
0.42,0.26,1.0,0.9942
0.44,0.26,1.0,0.9924
0.46,0.26,1.0,0.9901
0.48,0.26,1.0,0.987
0.5,0.26,1.0,0.9831
0.52,0.26,1.0,0.9779
0.54,0.26,1.0,0.9713
0.56,0.26,1.0,0.9627
0.58,0.26,0.9999,0.9516
0.6,0.26,0.9998,0.9375
0.62,0.26,0.9996,0.9196
0.64,0.26,0.9988,0.8972
0.66,0.26,0.9967,0.8694
0.68,0.26,0.9911,0.8355
0.7,0.26,0.9758,0.7949
0.72,0.26,0.9362,0.7473
0.74,0.26,0.8422,0.6928
0.76,0.26,0.6601,0.6324
0.78,0.26,0.4141,0.5676
0.8,0.26,0.2045,0.5003
0.82,0.26,0.0856,0.4331
0.84,0.26,0.0329,0.3682
0.86,0.26,0.0124,0.3078
0.88,0.26,0.0047,0.2535
0.9,0.26,0.0018,0.2059
0.92,0.26,0.0007,0.1653
0.94,0.26,0.0003,0.1313
0.96,0.26,1e-04,0.1035
0.98,0.26,0.0,0.081
1.0,0.26,0.0,0.0631
1.02,0.26,0.0,0.0489
1.04,0.26,0.0,0.0378
1.06,0.26,0.0,0.0291
1.08,0.26,0.0,0.0224
1.1,0.26,0.0,0.0172
1.12,0.26,0.0,0.0132
1.14,0.26,0.0,0.0101
1.16,0.26,0.0,0.0077
1.18,0.26,0.0,0.0059
1.2,0.26,0.0,0.0045
1.22,0.26,0.0,0.0035
1.24,0.26,0.0,0.0026
1.26,0.26,0.0,0.002
1.28,0.26,0.0,0.0015
1.3,0.26,0.0,0.0012
1.32,0.26,0.0,0.0009
1.34,0.26,0.0,0.0007
1.36,0.26,0.0,0.0005
1.38,0.26,0.0,0.0004
1.4,0.26,0.0,0.0003
1.42,0.26,0.0,0.0002
1.44,0.26,0.0,0.0002
1.46,0.26,0.0,1e-04
1.48,0.26,0.0,1e-04
1.5,0.26,0.0,1e-04
1.52,0.26,0.0,1e-04
1.54,0.26,0.0,0.0
1.56,0.26,0.0,0.0
1.58,0.26,0.0,0.0
1.6,0.26,0.0,0.0
-1.6,0.28,0.0,0.0
-1.58,0.28,0.0,0.0
-1.56,0.28,0.0,0.0
-1.54,0.28,0.0,0.0
-1.52,0.28,0.0,0.0
-1.5,0.28,0.0,0.0
-1.48,0.28,0.0,0.0
-1.46,0.28,0.0,0.0
-1.44,0.28,0.0,0.0
-1.42,0.28,0.0,0.0
-1.4,0.28,0.0,0.0
-1.38,0.28,0.0,0.0
-1.36,0.28,0.0,0.0
-1.34,0.28,0.0,0.0
-1.32,0.28,0.0,0.0
-1.3,0.28,0.0,0.0
-1.28,0.28,0.0,1e-04
-1.26,0.28,0.0,1e-04
-1.24,0.28,0.0,0.0002
-1.22,0.28,0.0,0.0003
-1.2,0.28,0.0,0.0004
-1.18,0.28,0.0,0.0006
-1.16,0.28,0.0,0.0009
-1.14,0.28,0.0,0.0014
-1.12,0.28,0.0,0.0021
-1.1,0.28,0.0,0.0031
-1.08,0.28,0.0,0.0047
-1.06,0.28,0.0,0.0071
-1.04,0.28,1e-04,0.0108
-1.02,0.28,0.0002,0.0162
-1.0,0.28,0.0004,0.0244
-0.98,0.28,0.001,0.0366
-0.96,0.28,0.0026,0.0545
-0.94,0.28,0.0067,0.0804
-0.92,0.28,0.017,0.117
-0.9,0.28,0.0425,0.1674
-0.88,0.28,0.1021,0.2336
-0.86,0.28,0.2255,0.3162
-0.84,0.28,0.4271,0.4122
-0.82,0.28,0.6563,0.5154
-0.8,0.28,0.8298,0.6173
-0.78,0.28,0.9253,0.7098
-0.76,0.28,0.9692,0.7877
-0.74,0.28,0.9877,0.8491
-0.72,0.28,0.9951,0.8953
-0.7,0.28,0.9981,0.9285
-0.68,0.28,0.9992,0.9518
-0.66,0.28,0.9997,0.9677
-0.64,0.28,0.9999,0.9785
-0.62,0.28,1.0,0.9858
-0.6,0.28,1.0,0.9906
-0.58,0.28,1.0,0.9938
-0.56,0.28,1.0,0.9959
-0.54,0.28,1.0,0.9973
-0.52,0.28,1.0,0.9981
-0.5,0.28,1.0,0.9985
-0.48,0.28,1.0,0.9986
-0.46,0.28,1.0,0.9987
-0.44,0.28,1.0,0.9988
-0.42,0.28,1.0,0.9988
-0.4,0.28,1.0,0.9989
-0.38,0.28,1.0,0.999
-0.36,0.28,1.0,0.999
-0.34,0.28,1.0,0.9991
-0.32,0.28,1.0,0.9992
-0.3,0.28,1.0,0.9992
-0.28,0.28,1.0,0.9992
-0.26,0.28,1.0,0.9993
-0.24,0.28,1.0,0.9993
-0.22,0.28,1.0,0.9993
-0.2,0.28,1.0,0.9994
-0.18,0.28,1.0,0.9994
-0.16,0.28,1.0,0.9994
-0.14,0.28,1.0,0.9994
-0.12,0.28,1.0,0.9994
-0.1,0.28,1.0,0.9995
-0.08,0.28,1.0,0.9995
-0.06,0.28,1.0,0.9995
-0.04,0.28,1.0,0.9995
-0.02,0.28,1.0,0.9994
0.0,0.28,1.0,0.9994
0.02,0.28,1.0,0.9994
0.04,0.28,1.0,0.9994
0.06,0.28,1.0,0.9994
0.08,0.28,1.0,0.9994
0.1,0.28,1.0,0.9994
0.12,0.28,1.0,0.9993
0.14,0.28,1.0,0.9993
0.16,0.28,1.0,0.9992
0.18,0.28,1.0,0.9991
0.2,0.28,1.0,0.999
0.22,0.28,1.0,0.9988
0.24,0.28,1.0,0.9987
0.26,0.28,1.0,0.9985
0.28,0.28,1.0,0.9983
0.3,0.28,1.0,0.9981
0.32,0.28,1.0,0.9977
0.34,0.28,1.0,0.9973
0.36,0.28,1.0,0.9968
0.38,0.28,1.0,0.9961
0.4,0.28,1.0,0.9949
0.42,0.28,1.0,0.9934
0.44,0.28,1.0,0.9913
0.46,0.28,1.0,0.9887
0.48,0.28,1.0,0.9852
0.5,0.28,1.0,0.9807
0.52,0.28,1.0,0.9748
0.54,0.28,1.0,0.9673
0.56,0.28,1.0,0.9575
0.58,0.28,0.9999,0.945
0.6,0.28,0.9998,0.9292
0.62,0.28,0.9993,0.9091
0.64,0.28,0.9982,0.8842
0.66,0.28,0.995,0.8534
0.68,0.28,0.9865,0.8163
0.7,0.28,0.9637,0.7721
0.72,0.28,0.9063,0.7211
0.74,0.28,0.7787,0.6635
0.76,0.28,0.5615,0.6007
0.78,0.28,0.3178,0.5344
0.8,0.28,0.1449,0.4668
0.82,0.28,0.0581,0.4004
0.84,0.28,0.022,0.3375
0.86,0.28,0.0081,0.2799
0.88,0.28,0.003,0.2287
0.9,0.28,0.0011,0.1846
0.92,0.28,0.0004,0.1474
0.94,0.28,0.0002,0.1166
0.96,0.28,1e-04,0.0916
0.98,0.28,0.0,0.0715
1.0,0.28,0.0,0.0555
1.02,0.28,0.0,0.043
1.04,0.28,0.0,0.0331
1.06,0.28,0.0,0.0255
1.08,0.28,0.0,0.0196
1.1,0.28,0.0,0.015
1.12,0.28,0.0,0.0115
1.14,0.28,0.0,0.0088
1.16,0.28,0.0,0.0068
1.18,0.28,0.0,0.0052
1.2,0.28,0.0,0.0039
1.22,0.28,0.0,0.003
1.24,0.28,0.0,0.0023
1.26,0.28,0.0,0.0018
1.28,0.28,0.0,0.0013
1.3,0.28,0.0,0.001
1.32,0.28,0.0,0.0008
1.34,0.28,0.0,0.0006
1.36,0.28,0.0,0.0005
1.38,0.28,0.0,0.0003
1.4,0.28,0.0,0.0003
1.42,0.28,0.0,0.0002
1.44,0.28,0.0,0.0002
1.46,0.28,0.0,1e-04
1.48,0.28,0.0,1e-04
1.5,0.28,0.0,1e-04
1.52,0.28,0.0,1e-04
1.54,0.28,0.0,0.0
1.56,0.28,0.0,0.0
1.58,0.28,0.0,0.0
1.6,0.28,0.0,0.0
-1.6,0.3,0.0,0.0
-1.58,0.3,0.0,0.0
-1.56,0.3,0.0,0.0
-1.54,0.3,0.0,0.0
-1.52,0.3,0.0,0.0
-1.5,0.3,0.0,0.0
-1.48,0.3,0.0,0.0
-1.46,0.3,0.0,0.0
-1.44,0.3,0.0,0.0
-1.42,0.3,0.0,0.0
-1.4,0.3,0.0,0.0
-1.38,0.3,0.0,0.0
-1.36,0.3,0.0,0.0
-1.34,0.3,0.0,0.0
-1.32,0.3,0.0,0.0
-1.3,0.3,0.0,0.0
-1.28,0.3,0.0,1e-04
-1.26,0.3,0.0,1e-04
-1.24,0.3,0.0,0.0002
-1.22,0.3,0.0,0.0002
-1.2,0.3,0.0,0.0003
-1.18,0.3,0.0,0.0005
-1.16,0.3,0.0,0.0008
-1.14,0.3,0.0,0.0012
-1.12,0.3,0.0,0.0018
-1.1,0.3,0.0,0.0028
-1.08,0.3,0.0,0.0042
-1.06,0.3,0.0,0.0064
-1.04,0.3,1e-04,0.0096
-1.02,0.3,1e-04,0.0146
-1.0,0.3,0.0004,0.0219
-0.98,0.3,0.0009,0.0329
-0.96,0.3,0.0024,0.049
-0.94,0.3,0.0061,0.0725
-0.92,0.3,0.0154,0.106
-0.9,0.3,0.0385,0.1524
-0.88,0.3,0.093,0.2143
-0.86,0.3,0.2079,0.2926
-0.84,0.3,0.4014,0.3855
-0.82,0.3,0.6303,0.4876
-0.8,0.3,0.8126,0.5907
-0.78,0.3,0.9168,0.6864
-0.76,0.3,0.9656,0.7685
-0.74,0.3,0.9862,0.8344
-0.72,0.3,0.9945,0.8843
-0.7,0.3,0.9978,0.9207
-0.68,0.3,0.9991,0.9463
-0.66,0.3,0.9997,0.964
-0.64,0.3,0.9999,0.976
-0.62,0.3,0.9999,0.9841
-0.6,0.3,1.0,0.9895
-0.58,0.3,1.0,0.993
-0.56,0.3,1.0,0.9954
-0.54,0.3,1.0,0.997
-0.52,0.3,1.0,0.9977
-0.5,0.3,1.0,0.998
-0.48,0.3,1.0,0.9981
-0.46,0.3,1.0,0.9983
-0.44,0.3,1.0,0.9984
-0.42,0.3,1.0,0.9985
-0.4,0.3,1.0,0.9986
-0.38,0.3,1.0,0.9986
-0.36,0.3,1.0,0.9987
-0.34,0.3,1.0,0.9988
-0.32,0.3,1.0,0.9989
-0.3,0.3,1.0,0.9989
-0.28,0.3,1.0,0.999
-0.26,0.3,1.0,0.999
-0.24,0.3,1.0,0.9991
-0.22,0.3,1.0,0.9991
-0.2,0.3,1.0,0.9991
-0.18,0.3,1.0,0.9992
-0.16,0.3,1.0,0.9992
-0.14,0.3,1.0,0.9992
-0.12,0.3,1.0,0.9992
-0.1,0.3,1.0,0.9993
-0.08,0.3,1.0,0.9993
-0.06,0.3,1.0,0.9993
-0.04,0.3,1.0,0.9993
-0.02,0.3,1.0,0.9993
0.0,0.3,1.0,0.9993
0.02,0.3,1.0,0.9992
0.04,0.3,1.0,0.9992
0.06,0.3,1.0,0.9992
0.08,0.3,1.0,0.9992
0.1,0.3,1.0,0.9992
0.12,0.3,1.0,0.9992
0.14,0.3,1.0,0.9991
0.16,0.3,1.0,0.999
0.18,0.3,1.0,0.9989
0.2,0.3,1.0,0.9988
0.22,0.3,1.0,0.9986
0.24,0.3,1.0,0.9984
0.26,0.3,1.0,0.9982
0.28,0.3,1.0,0.9979
0.3,0.3,1.0,0.9976
0.32,0.3,1.0,0.9973
0.34,0.3,1.0,0.9968
0.36,0.3,1.0,0.9962
0.38,0.3,1.0,0.9955
0.4,0.3,1.0,0.9942
0.42,0.3,1.0,0.9924
0.44,0.3,1.0,0.9901
0.46,0.3,1.0,0.9871
0.48,0.3,1.0,0.9831
0.5,0.3,1.0,0.978
0.52,0.3,1.0,0.9713
0.54,0.3,1.0,0.9627
0.56,0.3,1.0,0.9517
0.58,0.3,0.9999,0.9376
0.6,0.3,0.9996,0.9198
0.62,0.3,0.999,0.8974
0.64,0.3,0.9973,0.8697
0.66,0.3,0.9925,0.8358
0.68,0.3,0.9797,0.7953
0.7,0.3,0.946,0.7477
0.72,0.3,0.8644,0.6933
0.74,0.3,0.6988,0.6329
0.76,0.3,0.4577,0.5681
0.78,0.3,0.235,0.5009
0.8,0.3,0.1005,0.4336
0.82,0.3,0.0391,0.3687
0.84,0.3,0.0146,0.3082
0.86,0.3,0.0054,0.2536
0.88,0.3,0.002,0.2059
0.9,0.3,0.0007,0.1651
0.92,0.3,0.0003,0.1312
0.94,0.3,1e-04,0.1034
0.96,0.3,0.0,0.0809
0.98,0.3,0.0,0.063
1.0,0.3,0.0,0.0488
1.02,0.3,0.0,0.0377
1.04,0.3,0.0,0.0291
1.06,0.3,0.0,0.0224
1.08,0.3,0.0,0.0172
1.1,0.3,0.0,0.0132
1.12,0.3,0.0,0.0101
1.14,0.3,0.0,0.0077
1.16,0.3,0.0,0.0059
1.18,0.3,0.0,0.0045
1.2,0.3,0.0,0.0034
1.22,0.3,0.0,0.0026
1.24,0.3,0.0,0.002
1.26,0.3,0.0,0.0015
1.28,0.3,0.0,0.0012
1.3,0.3,0.0,0.0009
1.32,0.3,0.0,0.0007
1.34,0.3,0.0,0.0005
1.36,0.3,0.0,0.0004
1.38,0.3,0.0,0.0003
1.4,0.3,0.0,0.0002
1.42,0.3,0.0,0.0002
1.44,0.3,0.0,1e-04
1.46,0.3,0.0,1e-04
1.48,0.3,0.0,1e-04
1.5,0.3,0.0,1e-04
1.52,0.3,0.0,0.0
1.54,0.3,0.0,0.0
1.56,0.3,0.0,0.0
1.58,0.3,0.0,0.0
1.6,0.3,0.0,0.0
-1.6,0.32,0.0,0.0
-1.58,0.32,0.0,0.0
-1.56,0.32,0.0,0.0
-1.54,0.32,0.0,0.0
-1.52,0.32,0.0,0.0
-1.5,0.32,0.0,0.0
-1.48,0.32,0.0,0.0
-1.46,0.32,0.0,0.0
-1.44,0.32,0.0,0.0
-1.42,0.32,0.0,0.0
-1.4,0.32,0.0,0.0
-1.38,0.32,0.0,0.0
-1.36,0.32,0.0,0.0
-1.34,0.32,0.0,0.0
-1.32,0.32,0.0,0.0
-1.3,0.32,0.0,0.0
-1.28,0.32,0.0,1e-04
-1.26,0.32,0.0,1e-04
-1.24,0.32,0.0,1e-04
-1.22,0.32,0.0,0.0002
-1.2,0.32,0.0,0.0003
-1.18,0.32,0.0,0.0005
-1.16,0.32,0.0,0.0007
-1.14,0.32,0.0,0.0011
-1.12,0.32,0.0,0.0016
-1.1,0.32,0.0,0.0025
-1.08,0.32,0.0,0.0038
-1.06,0.32,0.0,0.0057
-1.04,0.32,0.0,0.0086
-1.02,0.32,1e-04,0.013
-1.0,0.32,0.0003,0.0197
-0.98,0.32,0.0008,0.0295
-0.96,0.32,0.0021,0.0441
-0.94,0.32,0.0055,0.0654
-0.92,0.32,0.0139,0.0959
-0.9,0.32,0.0348,0.1386
-0.88,0.32,0.0845,0.1962
-0.86,0.32,0.19,0.2702
-0.84,0.32,0.3736,0.3596
-0.82,0.32,0.6026,0.4599
-0.8,0.32,0.7941,0.5636
-0.78,0.32,0.9075,0.6621
-0.76,0.32,0.9614,0.7483
-0.74,0.32,0.9845,0.8185
-0.72,0.32,0.9938,0.8725
-0.7,0.32,0.9976,0.9121
-0.68,0.32,0.999,0.9403
-0.66,0.32,0.9996,0.9599
-0.64,0.32,0.9999,0.9732
-0.62,0.32,0.9999,0.9822
-0.6,0.32,1.0,0.9882
-0.58,0.32,1.0,0.9922
-0.56,0.32,1.0,0.9949
-0.54,0.32,1.0,0.9964
-0.52,0.32,1.0,0.9971
-0.5,0.32,1.0,0.9974
-0.48,0.32,1.0,0.9975
-0.46,0.32,1.0,0.9977
-0.44,0.32,1.0,0.9978
-0.42,0.32,1.0,0.998
-0.4,0.32,1.0,0.9981
-0.38,0.32,1.0,0.9982
-0.36,0.32,1.0,0.9983
-0.34,0.32,1.0,0.9984
-0.32,0.32,1.0,0.9985
-0.3,0.32,1.0,0.9986
-0.28,0.32,1.0,0.9986
-0.26,0.32,1.0,0.9987
-0.24,0.32,1.0,0.9987
-0.22,0.32,1.0,0.9988
-0.2,0.32,1.0,0.9988
-0.18,0.32,1.0,0.9989
-0.16,0.32,1.0,0.9989
-0.14,0.32,1.0,0.9989
-0.12,0.32,1.0,0.999
-0.1,0.32,1.0,0.999
-0.08,0.32,1.0,0.999
-0.06,0.32,1.0,0.999
-0.04,0.32,1.0,0.999
-0.02,0.32,1.0,0.999
0.0,0.32,1.0,0.999
0.02,0.32,1.0,0.999
0.04,0.32,1.0,0.999
0.06,0.32,1.0,0.999
0.08,0.32,1.0,0.999
0.1,0.32,1.0,0.9989
0.12,0.32,1.0,0.9989
0.14,0.32,1.0,0.9989
0.16,0.32,1.0,0.9988
0.18,0.32,1.0,0.9987
0.2,0.32,1.0,0.9985
0.22,0.32,1.0,0.9983
0.24,0.32,1.0,0.998
0.26,0.32,1.0,0.9978
0.28,0.32,1.0,0.9975
0.3,0.32,1.0,0.9971
0.32,0.32,1.0,0.9967
0.34,0.32,1.0,0.9962
0.36,0.32,1.0,0.9956
0.38,0.32,1.0,0.9947
0.4,0.32,1.0,0.9934
0.42,0.32,1.0,0.9914
0.44,0.32,1.0,0.9887
0.46,0.32,1.0,0.9852
0.48,0.32,1.0,0.9807
0.5,0.32,1.0,0.9749
0.52,0.32,1.0,0.9673
0.54,0.32,1.0,0.9576
0.56,0.32,0.9999,0.9451
0.58,0.32,0.9998,0.9293
0.6,0.32,0.9994,0.9093
0.62,0.32,0.9985,0.8844
0.64,0.32,0.9958,0.8537
0.66,0.32,0.9887,0.8166
0.68,0.32,0.9695,0.7725
0.7,0.32,0.9203,0.7215
0.72,0.32,0.8078,0.664
0.74,0.32,0.6046,0.6012
0.76,0.32,0.3575,0.5349
0.78,0.32,0.1684,0.4673
0.8,0.32,0.0686,0.401
0.82,0.32,0.0261,0.338
0.84,0.32,0.0097,0.2803
0.86,0.32,0.0035,0.2291
0.88,0.32,0.0013,0.1848
0.9,0.32,0.0005,0.1474
0.92,0.32,0.0002,0.1165
0.94,0.32,1e-04,0.0915
0.96,0.32,0.0,0.0714
0.98,0.32,0.0,0.0555
1.0,0.32,0.0,0.0429
1.02,0.32,0.0,0.0331
1.04,0.32,0.0,0.0255
1.06,0.32,0.0,0.0196
1.08,0.32,0.0,0.015
1.1,0.32,0.0,0.0115
1.12,0.32,0.0,0.0088
1.14,0.32,0.0,0.0067
1.16,0.32,0.0,0.0052
1.18,0.32,0.0,0.0039
1.2,0.32,0.0,0.003
1.22,0.32,0.0,0.0023
1.24,0.32,0.0,0.0018
1.26,0.32,0.0,0.0014
1.28,0.32,0.0,0.001
1.3,0.32,0.0,0.0008
1.32,0.32,0.0,0.0006
1.34,0.32,0.0,0.0005
1.36,0.32,0.0,0.0004
1.38,0.32,0.0,0.0003
1.4,0.32,0.0,0.0002
1.42,0.32,0.0,0.0002
1.44,0.32,0.0,1e-04
1.46,0.32,0.0,1e-04
1.48,0.32,0.0,1e-04
1.5,0.32,0.0,1e-04
1.52,0.32,0.0,0.0
1.54,0.32,0.0,0.0
1.56,0.32,0.0,0.0
1.58,0.32,0.0,0.0
1.6,0.32,0.0,0.0
-1.6,0.34,0.0,0.0
-1.58,0.34,0.0,0.0
-1.56,0.34,0.0,0.0
-1.54,0.34,0.0,0.0
-1.52,0.34,0.0,0.0
-1.5,0.34,0.0,0.0
-1.48,0.34,0.0,0.0
-1.46,0.34,0.0,0.0
-1.44,0.34,0.0,0.0
-1.42,0.34,0.0,0.0
-1.4,0.34,0.0,0.0
-1.38,0.34,0.0,0.0
-1.36,0.34,0.0,0.0
-1.34,0.34,0.0,0.0
-1.32,0.34,0.0,0.0
-1.3,0.34,0.0,0.0
-1.28,0.34,0.0,1e-04
-1.26,0.34,0.0,1e-04
-1.24,0.34,0.0,1e-04
-1.22,0.34,0.0,0.0002
-1.2,0.34,0.0,0.0003
-1.18,0.34,0.0,0.0004
-1.16,0.34,0.0,0.0006
-1.14,0.34,0.0,0.001
-1.12,0.34,0.0,0.0015
-1.1,0.34,0.0,0.0022
-1.08,0.34,0.0,0.0034
-1.06,0.34,0.0,0.0051
-1.04,0.34,0.0,0.0077
-1.02,0.34,1e-04,0.0117
-1.0,0.34,0.0003,0.0176
-0.98,0.34,0.0008,0.0265
-0.96,0.34,0.0019,0.0396
-0.94,0.34,0.0049,0.0589
-0.92,0.34,0.0125,0.0867
-0.9,0.34,0.0313,0.1259
-0.88,0.34,0.0758,0.1792
-0.86,0.34,0.1726,0.2488
-0.84,0.34,0.3466,0.3344
-0.82,0.34,0.5743,0.4325
-0.8,0.34,0.7743,0.5362
-0.78,0.34,0.8971,0.6369
-0.76,0.34,0.9569,0.7268
-0.74,0.34,0.9826,0.8015
-0.72,0.34,0.9931,0.8596
-0.7,0.34,0.9973,0.9028
-0.68,0.34,0.9989,0.9338
-0.66,0.34,0.9996,0.9553
-0.64,0.34,0.9998,0.9701
-0.62,0.34,0.9999,0.9801
-0.6,0.34,1.0,0.9868
-0.58,0.34,1.0,0.9913
-0.56,0.34,1.0,0.9942
-0.54,0.34,1.0,0.9957
-0.52,0.34,1.0,0.9962
-0.5,0.34,1.0,0.9965
-0.48,0.34,1.0,0.9967
-0.46,0.34,1.0,0.9969
-0.44,0.34,1.0,0.9971
-0.42,0.34,1.0,0.9973
-0.4,0.34,1.0,0.9975
-0.38,0.34,1.0,0.9976
-0.36,0.34,1.0,0.9977
-0.34,0.34,1.0,0.9979
-0.32,0.34,1.0,0.998
-0.3,0.34,1.0,0.9981
-0.28,0.34,1.0,0.9982
-0.26,0.34,1.0,0.9982
-0.24,0.34,1.0,0.9983
-0.22,0.34,1.0,0.9983
-0.2,0.34,1.0,0.9984
-0.18,0.34,1.0,0.9984
-0.16,0.34,1.0,0.9985
-0.14,0.34,1.0,0.9985
-0.12,0.34,1.0,0.9985
-0.1,0.34,1.0,0.9986
-0.08,0.34,1.0,0.9986
-0.06,0.34,1.0,0.9986
-0.04,0.34,1.0,0.9987
-0.02,0.34,1.0,0.9987
0.0,0.34,1.0,0.9987
0.02,0.34,1.0,0.9987
0.04,0.34,1.0,0.9987
0.06,0.34,1.0,0.9986
0.08,0.34,1.0,0.9986
0.1,0.34,1.0,0.9986
0.12,0.34,1.0,0.9986
0.14,0.34,1.0,0.9985
0.16,0.34,1.0,0.9985
0.18,0.34,1.0,0.9984
0.2,0.34,1.0,0.9981
0.22,0.34,1.0,0.9979
0.24,0.34,1.0,0.9976
0.26,0.34,1.0,0.9973
0.28,0.34,1.0,0.9969
0.3,0.34,1.0,0.9965
0.32,0.34,1.0,0.996
0.34,0.34,1.0,0.9954
0.36,0.34,1.0,0.9948
0.38,0.34,1.0,0.9939
0.4,0.34,1.0,0.9924
0.42,0.34,1.0,0.9901
0.44,0.34,1.0,0.9871
0.46,0.34,1.0,0.9831
0.48,0.34,1.0,0.978
0.5,0.34,1.0,0.9714
0.52,0.34,1.0,0.9628
0.54,0.34,1.0,0.9518
0.56,0.34,0.9999,0.9378
0.58,0.34,0.9997,0.92
0.6,0.34,0.9992,0.8976
0.62,0.34,0.9977,0.8699
0.64,0.34,0.9937,0.8361
0.66,0.34,0.9829,0.7956
0.68,0.34,0.9544,0.7481
0.7,0.34,0.8839,0.6937
0.72,0.34,0.7348,0.6334
0.74,0.34,0.502,0.5686
0.76,0.34,0.2684,0.5014
0.78,0.34,0.1178,0.4341
0.8,0.34,0.0463,0.3692
0.82,0.34,0.0174,0.3087
0.84,0.34,0.0064,0.2541
0.86,0.34,0.0023,0.2062
0.88,0.34,0.0009,0.1654
0.9,0.34,0.0003,0.1314
0.92,0.34,1e-04,0.1036
0.94,0.34,0.0,0.0812
0.96,0.34,0.0,0.0632
0.98,0.34,0.0,0.0491
1.0,0.34,0.0,0.038
1.02,0.34,0.0,0.0293
1.04,0.34,0.0,0.0226
1.06,0.34,0.0,0.0173
1.08,0.34,0.0,0.0133
1.1,0.34,0.0,0.0102
1.12,0.34,0.0,0.0078
1.14,0.34,0.0,0.006
1.16,0.34,0.0,0.0046
1.18,0.34,0.0,0.0035
1.2,0.34,0.0,0.0027
1.22,0.34,0.0,0.0021
1.24,0.34,0.0,0.0016
1.26,0.34,0.0,0.0012
1.28,0.34,0.0,0.0009
1.3,0.34,0.0,0.0007
1.32,0.34,0.0,0.0005
1.34,0.34,0.0,0.0004
1.36,0.34,0.0,0.0003
1.38,0.34,0.0,0.0002
1.4,0.34,0.0,0.0002
1.42,0.34,0.0,1e-04
1.44,0.34,0.0,1e-04
1.46,0.34,0.0,1e-04
1.48,0.34,0.0,1e-04
1.5,0.34,0.0,0.0
1.52,0.34,0.0,0.0
1.54,0.34,0.0,0.0
1.56,0.34,0.0,0.0
1.58,0.34,0.0,0.0
1.6,0.34,0.0,0.0
-1.6,0.36,0.0,0.0
-1.58,0.36,0.0,0.0
-1.56,0.36,0.0,0.0
-1.54,0.36,0.0,0.0
-1.52,0.36,0.0,0.0
-1.5,0.36,0.0,0.0
-1.48,0.36,0.0,0.0
-1.46,0.36,0.0,0.0
-1.44,0.36,0.0,0.0
-1.42,0.36,0.0,0.0
-1.4,0.36,0.0,0.0
-1.38,0.36,0.0,0.0
-1.36,0.36,0.0,0.0
-1.34,0.36,0.0,0.0
-1.32,0.36,0.0,0.0
-1.3,0.36,0.0,0.0
-1.28,0.36,0.0,0.0
-1.26,0.36,0.0,1e-04
-1.24,0.36,0.0,1e-04
-1.22,0.36,0.0,0.0002
-1.2,0.36,0.0,0.0002
-1.18,0.36,0.0,0.0004
-1.16,0.36,0.0,0.0006
-1.14,0.36,0.0,0.0009
-1.12,0.36,0.0,0.0013
-1.1,0.36,0.0,0.002
-1.08,0.36,0.0,0.003
-1.06,0.36,0.0,0.0046
-1.04,0.36,0.0,0.0069
-1.02,0.36,1e-04,0.0105
-1.0,0.36,0.0003,0.0158
-0.98,0.36,0.0007,0.0238
-0.96,0.36,0.0017,0.0356
-0.94,0.36,0.0044,0.053
-0.92,0.36,0.0112,0.0783
-0.9,0.36,0.0279,0.1141
-0.88,0.36,0.068,0.1635
-0.86,0.36,0.1565,0.2286
-0.84,0.36,0.3206,0.3102
-0.82,0.36,0.5454,0.4055
-0.8,0.36,0.7531,0.5086
-0.78,0.36,0.8858,0.6109
-0.76,0.36,0.9517,0.7043
-0.74,0.36,0.9804,0.7833
-0.72,0.36,0.9922,0.8458
-0.7,0.36,0.9969,0.8927
-0.68,0.36,0.9988,0.9266
-0.66,0.36,0.9995,0.9504
-0.64,0.36,0.9998,0.9667
-0.62,0.36,0.9999,0.9778
-0.6,0.36,1.0,0.9853
-0.58,0.36,1.0,0.9903
-0.56,0.36,1.0,0.9933
-0.54,0.36,1.0,0.9946
-0.52,0.36,1.0,0.995
-0.5,0.36,1.0,0.9954
-0.48,0.36,1.0,0.9956
-0.46,0.36,1.0,0.9959
-0.44,0.36,1.0,0.9962
-0.42,0.36,1.0,0.9964
-0.4,0.36,1.0,0.9966
-0.38,0.36,1.0,0.9968
-0.36,0.36,1.0,0.997
-0.34,0.36,1.0,0.9972
-0.32,0.36,1.0,0.9973
-0.3,0.36,1.0,0.9974
-0.28,0.36,1.0,0.9975
-0.26,0.36,1.0,0.9976
-0.24,0.36,1.0,0.9976
-0.22,0.36,1.0,0.9977
-0.2,0.36,1.0,0.9977
-0.18,0.36,1.0,0.9978
-0.16,0.36,1.0,0.9979
-0.14,0.36,1.0,0.9979
-0.12,0.36,1.0,0.998
-0.1,0.36,1.0,0.998
-0.08,0.36,1.0,0.998
-0.06,0.36,1.0,0.9981
-0.04,0.36,1.0,0.9981
-0.02,0.36,1.0,0.9982
0.0,0.36,1.0,0.9982
0.02,0.36,1.0,0.9983
0.04,0.36,1.0,0.9982
0.06,0.36,1.0,0.9982
0.08,0.36,1.0,0.9982
0.1,0.36,1.0,0.9981
0.12,0.36,1.0,0.9981
0.14,0.36,1.0,0.9981
0.16,0.36,1.0,0.9981
0.18,0.36,1.0,0.998
0.2,0.36,1.0,0.9977
0.22,0.36,1.0,0.9974
0.24,0.36,1.0,0.9971
0.26,0.36,1.0,0.9967
0.28,0.36,1.0,0.9962
0.3,0.36,1.0,0.9957
0.32,0.36,1.0,0.9951
0.34,0.36,1.0,0.9944
0.36,0.36,1.0,0.9936
0.38,0.36,1.0,0.9927
0.4,0.36,1.0,0.9914
0.42,0.36,1.0,0.9887
0.44,0.36,1.0,0.9853
0.46,0.36,1.0,0.9808
0.48,0.36,1.0,0.9749
0.5,0.36,1.0,0.9674
0.52,0.36,1.0,0.9577
0.54,0.36,0.9999,0.9453
0.56,0.36,0.9998,0.9294
0.58,0.36,0.9995,0.9095
0.6,0.36,0.9987,0.8846
0.62,0.36,0.9965,0.8542
0.64,0.36,0.9905,0.8173
0.66,0.36,0.9743,0.7737
0.68,0.36,0.9324,0.7231
0.7,0.36,0.8339,0.6661
0.72,0.36,0.6462,0.6038
0.74,0.36,0.3992,0.538
0.76,0.36,0.1947,0.4708
0.78,0.36,0.0809,0.4046
0.8,0.36,0.031,0.3417
0.82,0.36,0.0115,0.284
0.84,0.36,0.0042,0.2325
0.86,0.36,0.0015,0.188
0.88,0.36,0.0006,0.1503
0.9,0.36,0.0002,0.119
0.92,0.36,1e-04,0.0936
0.94,0.36,0.0,0.0731
0.96,0.36,0.0,0.0568
0.98,0.36,0.0,0.044
1.0,0.36,0.0,0.034
1.02,0.36,0.0,0.0262
1.04,0.36,0.0,0.0202
1.06,0.36,0.0,0.0155
1.08,0.36,0.0,0.0119
1.1,0.36,0.0,0.0091
1.12,0.36,0.0,0.007
1.14,0.36,0.0,0.0054
1.16,0.36,0.0,0.0041
1.18,0.36,0.0,0.0031
1.2,0.36,0.0,0.0024
1.22,0.36,0.0,0.0018
1.24,0.36,0.0,0.0014
1.26,0.36,0.0,0.0011
1.28,0.36,0.0,0.0008
1.3,0.36,0.0,0.0006
1.32,0.36,0.0,0.0005
1.34,0.36,0.0,0.0004
1.36,0.36,0.0,0.0003
1.38,0.36,0.0,0.0002
1.4,0.36,0.0,0.0002
1.42,0.36,0.0,1e-04
1.44,0.36,0.0,1e-04
1.46,0.36,0.0,1e-04
1.48,0.36,0.0,1e-04
1.5,0.36,0.0,0.0
1.52,0.36,0.0,0.0
1.54,0.36,0.0,0.0
1.56,0.36,0.0,0.0
1.58,0.36,0.0,0.0
1.6,0.36,0.0,0.0
-1.6,0.38,0.0,0.0
-1.58,0.38,0.0,0.0
-1.56,0.38,0.0,0.0
-1.54,0.38,0.0,0.0
-1.52,0.38,0.0,0.0
-1.5,0.38,0.0,0.0
-1.48,0.38,0.0,0.0
-1.46,0.38,0.0,0.0
-1.44,0.38,0.0,0.0
-1.42,0.38,0.0,0.0
-1.4,0.38,0.0,0.0
-1.38,0.38,0.0,0.0
-1.36,0.38,0.0,0.0
-1.34,0.38,0.0,0.0
-1.32,0.38,0.0,0.0
-1.3,0.38,0.0,0.0
-1.28,0.38,0.0,0.0
-1.26,0.38,0.0,1e-04
-1.24,0.38,0.0,1e-04
-1.22,0.38,0.0,1e-04
-1.2,0.38,0.0,0.0002
-1.18,0.38,0.0,0.0003
-1.16,0.38,0.0,0.0005
-1.14,0.38,0.0,0.0008
-1.12,0.38,0.0,0.0012
-1.1,0.38,0.0,0.0018
-1.08,0.38,0.0,0.0027
-1.06,0.38,0.0,0.0041
-1.04,0.38,0.0,0.0062
-1.02,0.38,1e-04,0.0094
-1.0,0.38,0.0002,0.0142
-0.98,0.38,0.0006,0.0213
-0.96,0.38,0.0016,0.032
-0.94,0.38,0.0039,0.0477
-0.92,0.38,0.0099,0.0706
-0.9,0.38,0.0249,0.1034
-0.88,0.38,0.0609,0.1488
-0.86,0.38,0.1417,0.2097
-0.84,0.38,0.2956,0.287
-0.82,0.38,0.5162,0.3791
-0.8,0.38,0.7307,0.4809
-0.78,0.38,0.8734,0.5843
-0.76,0.38,0.9461,0.6808
-0.74,0.38,0.9781,0.7639
-0.72,0.38,0.9912,0.8308
-0.7,0.38,0.9965,0.8816
-0.68,0.38,0.9986,0.9187
-0.66,0.38,0.9994,0.9449
-0.64,0.38,0.9998,0.963
-0.62,0.38,0.9999,0.9753
-0.6,0.38,1.0,0.9836
-0.58,0.38,1.0,0.9891
-0.56,0.38,1.0,0.9918
-0.54,0.38,1.0,0.9929
-0.52,0.38,1.0,0.9934
-0.5,0.38,1.0,0.9938
-0.48,0.38,1.0,0.9942
-0.46,0.38,1.0,0.9946
-0.44,0.38,1.0,0.9949
-0.42,0.38,1.0,0.9952
-0.4,0.38,1.0,0.9955
-0.38,0.38,1.0,0.9957
-0.36,0.38,1.0,0.996
-0.34,0.38,1.0,0.9962
-0.32,0.38,1.0,0.9963
-0.3,0.38,1.0,0.9964
-0.28,0.38,1.0,0.9965
-0.26,0.38,1.0,0.9966
-0.24,0.38,1.0,0.9967
-0.22,0.38,1.0,0.9968
-0.2,0.38,1.0,0.9969
-0.18,0.38,1.0,0.9969
-0.16,0.38,1.0,0.997
-0.14,0.38,1.0,0.9971
-0.12,0.38,1.0,0.9971
-0.1,0.38,1.0,0.9972
-0.08,0.38,1.0,0.9973
-0.06,0.38,1.0,0.9973
-0.04,0.38,1.0,0.9974
-0.02,0.38,1.0,0.9975
0.0,0.38,1.0,0.9975
0.02,0.38,1.0,0.9976
0.04,0.38,1.0,0.9976
0.06,0.38,1.0,0.9976
0.08,0.38,1.0,0.9976
0.1,0.38,1.0,0.9976
0.12,0.38,1.0,0.9975
0.14,0.38,1.0,0.9975
0.16,0.38,1.0,0.9975
0.18,0.38,1.0,0.9974
0.2,0.38,1.0,0.9972
0.22,0.38,1.0,0.9968
0.24,0.38,1.0,0.9964
0.26,0.38,1.0,0.9959
0.28,0.38,1.0,0.9953
0.3,0.38,1.0,0.9947
0.32,0.38,1.0,0.994
0.34,0.38,1.0,0.9932
0.36,0.38,1.0,0.9922
0.38,0.38,1.0,0.9911
0.4,0.38,1.0,0.9898
0.42,0.38,1.0,0.9872
0.44,0.38,1.0,0.9833
0.46,0.38,1.0,0.9783
0.48,0.38,1.0,0.9718
0.5,0.38,1.0,0.9634
0.52,0.38,1.0,0.9526
0.54,0.38,0.9999,0.9388
0.56,0.38,0.9997,0.9214
0.58,0.38,0.9993,0.8996
0.6,0.38,0.9981,0.8725
0.62,0.38,0.9947,0.8395
0.64,0.38,0.9857,0.7998
0.66,0.38,0.9615,0.7532
0.68,0.38,0.9009,0.6998
0.7,0.38,0.7679,0.6404
0.72,0.38,0.5463,0.5764
0.74,0.38,0.3046,0.5097
0.76,0.38,0.1375,0.4426
0.78,0.38,0.0548,0.3776
0.8,0.38,0.0207,0.3167
0.82,0.38,0.0076,0.2615
0.84,0.38,0.0028,0.2129
0.86,0.38,0.001,0.1713
0.88,0.38,0.0004,0.1364
0.9,0.38,1e-04,0.1076
0.92,0.38,0.0,0.0844
0.94,0.38,0.0,0.0658
0.96,0.38,0.0,0.051
0.98,0.38,0.0,0.0395
1.0,0.38,0.0,0.0304
1.02,0.38,0.0,0.0234
1.04,0.38,0.0,0.018
1.06,0.38,0.0,0.0138
1.08,0.38,0.0,0.0106
1.1,0.38,0.0,0.0081
1.12,0.38,0.0,0.0062
1.14,0.38,0.0,0.0048
1.16,0.38,0.0,0.0037
1.18,0.38,0.0,0.0028
1.2,0.38,0.0,0.0021
1.22,0.38,0.0,0.0016
1.24,0.38,0.0,0.0013
1.26,0.38,0.0,0.001
1.28,0.38,0.0,0.0007
1.3,0.38,0.0,0.0006
1.32,0.38,0.0,0.0004
1.34,0.38,0.0,0.0003
1.36,0.38,0.0,0.0003
1.38,0.38,0.0,0.0002
1.4,0.38,0.0,1e-04
1.42,0.38,0.0,1e-04
1.44,0.38,0.0,1e-04
1.46,0.38,0.0,1e-04
1.48,0.38,0.0,1e-04
1.5,0.38,0.0,0.0
1.52,0.38,0.0,0.0
1.54,0.38,0.0,0.0
1.56,0.38,0.0,0.0
1.58,0.38,0.0,0.0
1.6,0.38,0.0,0.0
-1.6,0.4,0.0,0.0
-1.58,0.4,0.0,0.0
-1.56,0.4,0.0,0.0
-1.54,0.4,0.0,0.0
-1.52,0.4,0.0,0.0
-1.5,0.4,0.0,0.0
-1.48,0.4,0.0,0.0
-1.46,0.4,0.0,0.0
-1.44,0.4,0.0,0.0
-1.42,0.4,0.0,0.0
-1.4,0.4,0.0,0.0
-1.38,0.4,0.0,0.0
-1.36,0.4,0.0,0.0
-1.34,0.4,0.0,0.0
-1.32,0.4,0.0,0.0
-1.3,0.4,0.0,0.0
-1.28,0.4,0.0,0.0
-1.26,0.4,0.0,1e-04
-1.24,0.4,0.0,1e-04
-1.22,0.4,0.0,1e-04
-1.2,0.4,0.0,0.0002
-1.18,0.4,0.0,0.0003
-1.16,0.4,0.0,0.0005
-1.14,0.4,0.0,0.0007
-1.12,0.4,0.0,0.0011
-1.1,0.4,0.0,0.0016
-1.08,0.4,0.0,0.0024
-1.06,0.4,0.0,0.0037
-1.04,0.4,0.0,0.0056
-1.02,0.4,1e-04,0.0084
-1.0,0.4,0.0002,0.0127
-0.98,0.4,0.0005,0.0191
-0.96,0.4,0.0014,0.0287
-0.94,0.4,0.0035,0.0429
-0.92,0.4,0.0088,0.0637
-0.9,0.4,0.0222,0.0935
-0.88,0.4,0.0546,0.1354
-0.86,0.4,0.128,0.1919
-0.84,0.4,0.2718,0.2649
-0.82,0.4,0.4869,0.3535
-0.8,0.4,0.707,0.4534
-0.78,0.4,0.8599,0.5572
-0.76,0.4,0.9394,0.6563
-0.74,0.4,0.975,0.7434
-0.72,0.4,0.9899,0.8146
-0.7,0.4,0.996,0.8696
-0.68,0.4,0.9984,0.91
-0.66,0.4,0.9994,0.9388
-0.64,0.4,0.9997,0.9588
-0.62,0.4,0.9999,0.9725
-0.6,0.4,1.0,0.9817
-0.58,0.4,1.0,0.9873
-0.56,0.4,1.0,0.9898
-0.54,0.4,1.0,0.9907
-0.52,0.4,1.0,0.9913
-0.5,0.4,1.0,0.9918
-0.48,0.4,1.0,0.9923
-0.46,0.4,1.0,0.9928
-0.44,0.4,1.0,0.9932
-0.42,0.4,1.0,0.9936
-0.4,0.4,1.0,0.9939
-0.38,0.4,1.0,0.9943
-0.36,0.4,1.0,0.9945
-0.34,0.4,1.0,0.9947
-0.32,0.4,1.0,0.9949
-0.3,0.4,1.0,0.9951
-0.28,0.4,1.0,0.9952
-0.26,0.4,1.0,0.9953
-0.24,0.4,1.0,0.9954
-0.22,0.4,1.0,0.9955
-0.2,0.4,1.0,0.9956
-0.18,0.4,1.0,0.9957
-0.16,0.4,1.0,0.9958
-0.14,0.4,1.0,0.9959
-0.12,0.4,1.0,0.996
-0.1,0.4,1.0,0.9961
-0.08,0.4,1.0,0.9962
-0.06,0.4,1.0,0.9963
-0.04,0.4,1.0,0.9964
-0.02,0.4,1.0,0.9964
0.0,0.4,1.0,0.9965
0.02,0.4,1.0,0.9966
0.04,0.4,1.0,0.9967
0.06,0.4,1.0,0.9968
0.08,0.4,1.0,0.9969
0.1,0.4,1.0,0.9968
0.12,0.4,1.0,0.9968
0.14,0.4,1.0,0.9967
0.16,0.4,1.0,0.9967
0.18,0.4,1.0,0.9966
0.2,0.4,1.0,0.9964
0.22,0.4,1.0,0.9962
0.24,0.4,1.0,0.9957
0.26,0.4,1.0,0.9951
0.28,0.4,1.0,0.9944
0.3,0.4,1.0,0.9937
0.32,0.4,1.0,0.9928
0.34,0.4,1.0,0.9918
0.36,0.4,1.0,0.9907
0.38,0.4,1.0,0.9894
0.4,0.4,1.0,0.9879
0.42,0.4,1.0,0.9853
0.44,0.4,1.0,0.9814
0.46,0.4,1.0,0.9757
0.48,0.4,1.0,0.9685
0.5,0.4,1.0,0.9591
0.52,0.4,0.9999,0.9472
0.54,0.4,0.9999,0.932
0.56,0.4,0.9996,0.9128
0.58,0.4,0.9989,0.8889
0.6,0.4,0.9971,0.8594
0.62,0.4,0.992,0.8236
0.64,0.4,0.9784,0.781
0.66,0.4,0.9428,0.7315
0.68,0.4,0.857,0.6755
0.7,0.4,0.6857,0.6139
0.72,0.4,0.4425,0.5485
0.74,0.4,0.2241,0.4813
0.76,0.4,0.0951,0.4149
0.78,0.4,0.0368,0.3513
0.8,0.4,0.0137,0.2927
0.82,0.4,0.005,0.2402
0.84,0.4,0.0018,0.1945
0.86,0.4,0.0007,0.1558
0.88,0.4,0.0002,0.1235
0.9,0.4,1e-04,0.0972
0.92,0.4,0.0,0.076
0.94,0.4,0.0,0.0591
0.96,0.4,0.0,0.0458
0.98,0.4,0.0,0.0354
1.0,0.4,0.0,0.0273
1.02,0.4,0.0,0.021
1.04,0.4,0.0,0.0161
1.06,0.4,0.0,0.0124
1.08,0.4,0.0,0.0095
1.1,0.4,0.0,0.0073
1.12,0.4,0.0,0.0056
1.14,0.4,0.0,0.0043
1.16,0.4,0.0,0.0033
1.18,0.4,0.0,0.0025
1.2,0.4,0.0,0.0019
1.22,0.4,0.0,0.0015
1.24,0.4,0.0,0.0011
1.26,0.4,0.0,0.0009
1.28,0.4,0.0,0.0007
1.3,0.4,0.0,0.0005
1.32,0.4,0.0,0.0004
1.34,0.4,0.0,0.0003
1.36,0.4,0.0,0.0002
1.38,0.4,0.0,0.0002
1.4,0.4,0.0,1e-04
1.42,0.4,0.0,1e-04
1.44,0.4,0.0,1e-04
1.46,0.4,0.0,1e-04
1.48,0.4,0.0,0.0
1.5,0.4,0.0,0.0
1.52,0.4,0.0,0.0
1.54,0.4,0.0,0.0
1.56,0.4,0.0,0.0
1.58,0.4,0.0,0.0
1.6,0.4,0.0,0.0
-1.6,0.42,0.0,0.0
-1.58,0.42,0.0,0.0
-1.56,0.42,0.0,0.0
-1.54,0.42,0.0,0.0
-1.52,0.42,0.0,0.0
-1.5,0.42,0.0,0.0
-1.48,0.42,0.0,0.0
-1.46,0.42,0.0,0.0
-1.44,0.42,0.0,0.0
-1.42,0.42,0.0,0.0
-1.4,0.42,0.0,0.0
-1.38,0.42,0.0,0.0
-1.36,0.42,0.0,0.0
-1.34,0.42,0.0,0.0
-1.32,0.42,0.0,0.0
-1.3,0.42,0.0,0.0
-1.28,0.42,0.0,0.0
-1.26,0.42,0.0,1e-04
-1.24,0.42,0.0,1e-04
-1.22,0.42,0.0,1e-04
-1.2,0.42,0.0,0.0002
-1.18,0.42,0.0,0.0003
-1.16,0.42,0.0,0.0004
-1.14,0.42,0.0,0.0006
-1.12,0.42,0.0,0.0009
-1.1,0.42,0.0,0.0014
-1.08,0.42,0.0,0.0022
-1.06,0.42,0.0,0.0033
-1.04,0.42,0.0,0.005
-1.02,0.42,1e-04,0.0075
-1.0,0.42,0.0002,0.0114
-0.98,0.42,0.0005,0.0171
-0.96,0.42,0.0012,0.0258
-0.94,0.42,0.0031,0.0386
-0.92,0.42,0.0079,0.0574
-0.9,0.42,0.0198,0.0846
-0.88,0.42,0.0488,0.1229
-0.86,0.42,0.1155,0.1754
-0.84,0.42,0.2492,0.2439
-0.82,0.42,0.4577,0.3286
-0.8,0.42,0.6816,0.4261
-0.78,0.42,0.8436,0.5298
-0.76,0.42,0.9314,0.6309
-0.74,0.42,0.9716,0.7217
-0.72,0.42,0.9885,0.7973
-0.7,0.42,0.9954,0.8565
-0.68,0.42,0.9982,0.9006
-0.66,0.42,0.9993,0.9322
-0.64,0.42,0.9997,0.9542
-0.62,0.42,0.9999,0.9693
-0.6,0.42,0.9999,0.9795
-0.58,0.42,1.0,0.9847
-0.56,0.42,1.0,0.9868
-0.54,0.42,1.0,0.9877
-0.52,0.42,1.0,0.9885
-0.5,0.42,1.0,0.9891
-0.48,0.42,1.0,0.9898
-0.46,0.42,1.0,0.9904
-0.44,0.42,1.0,0.9909
-0.42,0.42,1.0,0.9913
-0.4,0.42,1.0,0.9917
-0.38,0.42,1.0,0.9921
-0.36,0.42,1.0,0.9924
-0.34,0.42,1.0,0.9927
-0.32,0.42,1.0,0.9929
-0.3,0.42,1.0,0.9931
-0.28,0.42,1.0,0.9933
-0.26,0.42,1.0,0.9934
-0.24,0.42,1.0,0.9936
-0.22,0.42,1.0,0.9937
-0.2,0.42,1.0,0.9939
-0.18,0.42,1.0,0.9941
-0.16,0.42,1.0,0.9942
-0.14,0.42,1.0,0.9943
-0.12,0.42,1.0,0.9945
-0.1,0.42,1.0,0.9946
-0.08,0.42,1.0,0.9947
-0.06,0.42,1.0,0.9949
-0.04,0.42,1.0,0.995
-0.02,0.42,1.0,0.9951
0.0,0.42,1.0,0.9952
0.02,0.42,1.0,0.9954
0.04,0.42,1.0,0.9955
0.06,0.42,1.0,0.9956
0.08,0.42,1.0,0.9957
0.1,0.42,1.0,0.9958
0.12,0.42,1.0,0.9958
0.14,0.42,1.0,0.9958
0.16,0.42,1.0,0.9957
0.18,0.42,1.0,0.9956
0.2,0.42,1.0,0.9954
0.22,0.42,1.0,0.9951
0.24,0.42,1.0,0.9948
0.26,0.42,1.0,0.9941
0.28,0.42,1.0,0.9933
0.3,0.42,1.0,0.9924
0.32,0.42,1.0,0.9914
0.34,0.42,1.0,0.9902
0.36,0.42,1.0,0.9889
0.38,0.42,1.0,0.9874
0.4,0.42,1.0,0.9856
0.42,0.42,1.0,0.9829
0.44,0.42,1.0,0.9785
0.46,0.42,1.0,0.9729
0.48,0.42,1.0,0.9648
0.5,0.42,1.0,0.9545
0.52,0.42,0.9999,0.9412
0.54,0.42,0.9998,0.9244
0.56,0.42,0.9994,0.9033
0.58,0.42,0.9984,0.8772
0.6,0.42,0.9956,0.8451
0.62,0.42,0.988,0.8065
0.64,0.42,0.9676,0.761
0.66,0.42,0.9157,0.7086
0.68,0.42,0.7981,0.6501
0.7,0.42,0.5898,0.5867
0.72,0.42,0.3435,0.5203
0.74,0.42,0.1599,0.4531
0.76,0.42,0.0648,0.3876
0.78,0.42,0.0246,0.3259
0.8,0.42,0.0091,0.2698
0.82,0.42,0.0033,0.2201
0.84,0.42,0.0012,0.1774
0.86,0.42,0.0004,0.1414
0.88,0.42,0.0002,0.1118
0.9,0.42,1e-04,0.0877
0.92,0.42,0.0,0.0684
0.94,0.42,0.0,0.0531
0.96,0.42,0.0,0.0411
0.98,0.42,0.0,0.0317
1.0,0.42,0.0,0.0244
1.02,0.42,0.0,0.0188
1.04,0.42,0.0,0.0144
1.06,0.42,0.0,0.011
1.08,0.42,0.0,0.0085
1.1,0.42,0.0,0.0065
1.12,0.42,0.0,0.005
1.14,0.42,0.0,0.0038
1.16,0.42,0.0,0.0029
1.18,0.42,0.0,0.0022
1.2,0.42,0.0,0.0017
1.22,0.42,0.0,0.0013
1.24,0.42,0.0,0.001
1.26,0.42,0.0,0.0008
1.28,0.42,0.0,0.0006
1.3,0.42,0.0,0.0004
1.32,0.42,0.0,0.0003
1.34,0.42,0.0,0.0003
1.36,0.42,0.0,0.0002
1.38,0.42,0.0,0.0002
1.4,0.42,0.0,1e-04
1.42,0.42,0.0,1e-04
1.44,0.42,0.0,1e-04
1.46,0.42,0.0,1e-04
1.48,0.42,0.0,0.0
1.5,0.42,0.0,0.0
1.52,0.42,0.0,0.0
1.54,0.42,0.0,0.0
1.56,0.42,0.0,0.0
1.58,0.42,0.0,0.0
1.6,0.42,0.0,0.0
-1.6,0.44,0.0,0.0
-1.58,0.44,0.0,0.0
-1.56,0.44,0.0,0.0
-1.54,0.44,0.0,0.0
-1.52,0.44,0.0,0.0
-1.5,0.44,0.0,0.0
-1.48,0.44,0.0,0.0
-1.46,0.44,0.0,0.0
-1.44,0.44,0.0,0.0
-1.42,0.44,0.0,0.0
-1.4,0.44,0.0,0.0
-1.38,0.44,0.0,0.0
-1.36,0.44,0.0,0.0
-1.34,0.44,0.0,0.0
-1.32,0.44,0.0,0.0
-1.3,0.44,0.0,0.0
-1.28,0.44,0.0,0.0
-1.26,0.44,0.0,0.0
-1.24,0.44,0.0,1e-04
-1.22,0.44,0.0,1e-04
-1.2,0.44,0.0,0.0002
-1.18,0.44,0.0,0.0002
-1.16,0.44,0.0,0.0004
-1.14,0.44,0.0,0.0006
-1.12,0.44,0.0,0.0008
-1.1,0.44,0.0,0.0013
-1.08,0.44,0.0,0.0019
-1.06,0.44,0.0,0.0029
-1.04,0.44,0.0,0.0045
-1.02,0.44,1e-04,0.0067
-1.0,0.44,0.0002,0.0102
-0.98,0.44,0.0004,0.0154
-0.96,0.44,0.0011,0.0231
-0.94,0.44,0.0028,0.0347
-0.92,0.44,0.007,0.0517
-0.9,0.44,0.0176,0.0764
-0.88,0.44,0.0437,0.1115
-0.86,0.44,0.104,0.1599
-0.84,0.44,0.2279,0.2241
-0.82,0.44,0.4268,0.3047
-0.8,0.44,0.6522,0.3993
-0.78,0.44,0.8253,0.5021
-0.76,0.44,0.9225,0.6048
-0.74,0.44,0.9677,0.6989
-0.72,0.44,0.9869,0.7789
-0.7,0.44,0.9948,0.8424
-0.68,0.44,0.9979,0.8902
-0.66,0.44,0.9992,0.9248
-0.64,0.44,0.9997,0.9491
-0.62,0.44,0.9999,0.9659
-0.6,0.44,0.9999,0.9763
-0.58,0.44,0.9999,0.9809
-0.56,0.44,1.0,0.9827
-0.54,0.44,1.0,0.9838
-0.52,0.44,1.0,0.9847
-0.5,0.44,1.0,0.9856
-0.48,0.44,1.0,0.9863
-0.46,0.44,1.0,0.987
-0.44,0.44,1.0,0.9876
-0.42,0.44,1.0,0.9882
-0.4,0.44,1.0,0.9887
-0.38,0.44,1.0,0.9892
-0.36,0.44,1.0,0.9896
-0.34,0.44,1.0,0.99
-0.32,0.44,1.0,0.9903
-0.3,0.44,1.0,0.9906
-0.28,0.44,1.0,0.9908
-0.26,0.44,1.0,0.991
-0.24,0.44,1.0,0.9912
-0.22,0.44,1.0,0.9915
-0.2,0.44,1.0,0.9917
-0.18,0.44,1.0,0.9919
-0.16,0.44,0.9999,0.9921
-0.14,0.44,1.0,0.9923
-0.12,0.44,1.0,0.9925
-0.1,0.44,1.0,0.9926
-0.08,0.44,1.0,0.9928
-0.06,0.44,1.0,0.993
-0.04,0.44,1.0,0.9932
-0.02,0.44,1.0,0.9933
0.0,0.44,1.0,0.9935
0.02,0.44,1.0,0.9937
0.04,0.44,1.0,0.9938
0.06,0.44,1.0,0.994
0.08,0.44,1.0,0.9941
0.1,0.44,1.0,0.9943
0.12,0.44,1.0,0.9944
0.14,0.44,1.0,0.9946
0.16,0.44,1.0,0.9945
0.18,0.44,1.0,0.9944
0.2,0.44,1.0,0.9941
0.22,0.44,1.0,0.9937
0.24,0.44,1.0,0.9934
0.26,0.44,1.0,0.9929
0.28,0.44,1.0,0.992
0.3,0.44,1.0,0.9909
0.32,0.44,1.0,0.9897
0.34,0.44,1.0,0.9883
0.36,0.44,1.0,0.9867
0.38,0.44,1.0,0.9849
0.4,0.44,1.0,0.9828
0.42,0.44,1.0,0.9801
0.44,0.44,1.0,0.975
0.46,0.44,1.0,0.9686
0.48,0.44,1.0,0.9607
0.5,0.44,1.0,0.9493
0.52,0.44,0.9999,0.9346
0.54,0.44,0.9997,0.9161
0.56,0.44,0.9991,0.893
0.58,0.44,0.9976,0.8644
0.6,0.44,0.9933,0.8296
0.62,0.44,0.9818,0.7881
0.64,0.44,0.9516,0.7397
0.66,0.44,0.8775,0.6847
0.68,0.44,0.7226,0.6239
0.7,0.44,0.4866,0.5589
0.72,0.44,0.2565,0.4919
0.74,0.44,0.1115,0.4252
0.76,0.44,0.0437,0.361
0.78,0.44,0.0163,0.3015
0.8,0.44,0.006,0.248
0.82,0.44,0.0022,0.2012
0.84,0.44,0.0008,0.1614
0.86,0.44,0.0003,0.1282
0.88,0.44,1e-04,0.101
0.9,0.44,0.0,0.079
0.92,0.44,0.0,0.0615
0.94,0.44,0.0,0.0477
0.96,0.44,0.0,0.0369
0.98,0.44,0.0,0.0284
1.0,0.44,0.0,0.0218
1.02,0.44,0.0,0.0168
1.04,0.44,0.0,0.0129
1.06,0.44,0.0,0.0099
1.08,0.44,0.0,0.0076
1.1,0.44,0.0,0.0058
1.12,0.44,0.0,0.0044
1.14,0.44,0.0,0.0034
1.16,0.44,0.0,0.0026
1.18,0.44,0.0,0.002
1.2,0.44,0.0,0.0015
1.22,0.44,0.0,0.0012
1.24,0.44,0.0,0.0009
1.26,0.44,0.0,0.0007
1.28,0.44,0.0,0.0005
1.3,0.44,0.0,0.0004
1.32,0.44,0.0,0.0003
1.34,0.44,0.0,0.0002
1.36,0.44,0.0,0.0002
1.38,0.44,0.0,1e-04
1.4,0.44,0.0,1e-04
1.42,0.44,0.0,1e-04
1.44,0.44,0.0,1e-04
1.46,0.44,0.0,1e-04
1.48,0.44,0.0,0.0
1.5,0.44,0.0,0.0
1.52,0.44,0.0,0.0
1.54,0.44,0.0,0.0
1.56,0.44,0.0,0.0
1.58,0.44,0.0,0.0
1.6,0.44,0.0,0.0
-1.6,0.46,0.0,0.0
-1.58,0.46,0.0,0.0
-1.56,0.46,0.0,0.0
-1.54,0.46,0.0,0.0
-1.52,0.46,0.0,0.0
-1.5,0.46,0.0,0.0
-1.48,0.46,0.0,0.0
-1.46,0.46,0.0,0.0
-1.44,0.46,0.0,0.0
-1.42,0.46,0.0,0.0
-1.4,0.46,0.0,0.0
-1.38,0.46,0.0,0.0
-1.36,0.46,0.0,0.0
-1.34,0.46,0.0,0.0
-1.32,0.46,0.0,0.0
-1.3,0.46,0.0,0.0
-1.28,0.46,0.0,0.0
-1.26,0.46,0.0,0.0
-1.24,0.46,0.0,1e-04
-1.22,0.46,0.0,1e-04
-1.2,0.46,0.0,1e-04
-1.18,0.46,0.0,0.0002
-1.16,0.46,0.0,0.0003
-1.14,0.46,0.0,0.0005
-1.12,0.46,0.0,0.0008
-1.1,0.46,0.0,0.0011
-1.08,0.46,0.0,0.0017
-1.06,0.46,0.0,0.0026
-1.04,0.46,0.0,0.004
-1.02,0.46,1e-04,0.006
-1.0,0.46,0.0002,0.0091
-0.98,0.46,0.0004,0.0138
-0.96,0.46,0.001,0.0208
-0.94,0.46,0.0025,0.0312
-0.92,0.46,0.0062,0.0465
-0.9,0.46,0.0157,0.0689
-0.88,0.46,0.039,0.101
-0.86,0.46,0.0932,0.1456
-0.84,0.46,0.2057,0.2055
-0.82,0.46,0.3948,0.282
-0.8,0.46,0.6217,0.3737
-0.78,0.46,0.8054,0.4755
-0.76,0.46,0.9125,0.5794
-0.74,0.46,0.9633,0.6767
-0.72,0.46,0.9851,0.7608
-0.7,0.46,0.994,0.8285
-0.68,0.46,0.9976,0.8801
-0.66,0.46,0.9991,0.9177
-0.64,0.46,0.9996,0.9443
-0.62,0.46,0.9998,0.9624
-0.6,0.46,0.9999,0.972
-0.58,0.46,0.9999,0.976
-0.56,0.46,0.9999,0.9776
-0.54,0.46,0.9999,0.9788
-0.52,0.46,0.9999,0.9799
-0.5,0.46,0.9999,0.9808
-0.48,0.46,0.9999,0.9817
-0.46,0.46,0.9999,0.9825
-0.44,0.46,0.9999,0.9833
-0.42,0.46,0.9999,0.9841
-0.4,0.46,0.9999,0.9848
-0.38,0.46,0.9999,0.9854
-0.36,0.46,0.9999,0.9859
-0.34,0.46,0.9999,0.9864
-0.32,0.46,0.9999,0.9868
-0.3,0.46,0.9999,0.9871
-0.28,0.46,0.9999,0.9874
-0.26,0.46,0.9999,0.9877
-0.24,0.46,0.9999,0.988
-0.22,0.46,0.9999,0.9883
-0.2,0.46,0.9999,0.9886
-0.18,0.46,0.9999,0.9889
-0.16,0.46,0.9999,0.9892
-0.14,0.46,0.9999,0.9894
-0.12,0.46,0.9999,0.9897
-0.1,0.46,1.0,0.99
-0.08,0.46,1.0,0.9902
-0.06,0.46,1.0,0.9904
-0.04,0.46,1.0,0.9907
-0.02,0.46,1.0,0.9909
0.0,0.46,1.0,0.9911
0.02,0.46,1.0,0.9913
0.04,0.46,1.0,0.9916
0.06,0.46,1.0,0.9918
0.08,0.46,1.0,0.992
0.1,0.46,1.0,0.9922
0.12,0.46,1.0,0.9924
0.14,0.46,1.0,0.9926
0.16,0.46,1.0,0.9928
0.18,0.46,1.0,0.9928
0.2,0.46,1.0,0.9924
0.22,0.46,1.0,0.992
0.24,0.46,1.0,0.9915
0.26,0.46,1.0,0.991
0.28,0.46,1.0,0.9904
0.3,0.46,1.0,0.9891
0.32,0.46,1.0,0.9877
0.34,0.46,1.0,0.986
0.36,0.46,1.0,0.9841
0.38,0.46,1.0,0.982
0.4,0.46,1.0,0.9795
0.42,0.46,1.0,0.9766
0.44,0.46,1.0,0.9709
0.46,0.46,1.0,0.9635
0.48,0.46,1.0,0.9544
0.5,0.46,0.9999,0.9431
0.52,0.46,0.9998,0.9273
0.54,0.46,0.9995,0.907
0.56,0.46,0.9987,0.8816
0.58,0.46,0.9963,0.8505
0.6,0.46,0.9899,0.813
0.62,0.46,0.9727,0.7686
0.64,0.46,0.9284,0.7173
0.66,0.46,0.8252,0.6597
0.68,0.46,0.632,0.5969
0.7,0.46,0.3846,0.5308
0.72,0.46,0.1853,0.4636
0.74,0.46,0.0764,0.3977
0.76,0.46,0.0292,0.3353
0.78,0.46,0.0108,0.2782
0.8,0.46,0.004,0.2274
0.82,0.46,0.0014,0.1836
0.84,0.46,0.0005,0.1466
0.86,0.46,0.0002,0.116
0.88,0.46,1e-04,0.0911
0.9,0.46,0.0,0.0712
0.92,0.46,0.0,0.0553
0.94,0.46,0.0,0.0428
0.96,0.46,0.0,0.033
0.98,0.46,0.0,0.0254
1.0,0.46,0.0,0.0195
1.02,0.46,0.0,0.015
1.04,0.46,0.0,0.0115
1.06,0.46,0.0,0.0088
1.08,0.46,0.0,0.0067
1.1,0.46,0.0,0.0052
1.12,0.46,0.0,0.004
1.14,0.46,0.0,0.003
1.16,0.46,0.0,0.0023
1.18,0.46,0.0,0.0018
1.2,0.46,0.0,0.0014
1.22,0.46,0.0,0.001
1.24,0.46,0.0,0.0008
1.26,0.46,0.0,0.0006
1.28,0.46,0.0,0.0005
1.3,0.46,0.0,0.0004
1.32,0.46,0.0,0.0003
1.34,0.46,0.0,0.0002
1.36,0.46,0.0,0.0002
1.38,0.46,0.0,1e-04
1.4,0.46,0.0,1e-04
1.42,0.46,0.0,1e-04
1.44,0.46,0.0,1e-04
1.46,0.46,0.0,0.0
1.48,0.46,0.0,0.0
1.5,0.46,0.0,0.0
1.52,0.46,0.0,0.0
1.54,0.46,0.0,0.0
1.56,0.46,0.0,0.0
1.58,0.46,0.0,0.0
1.6,0.46,0.0,0.0
-1.6,0.48,0.0,0.0
-1.58,0.48,0.0,0.0
-1.56,0.48,0.0,0.0
-1.54,0.48,0.0,0.0
-1.52,0.48,0.0,0.0
-1.5,0.48,0.0,0.0
-1.48,0.48,0.0,0.0
-1.46,0.48,0.0,0.0
-1.44,0.48,0.0,0.0
-1.42,0.48,0.0,0.0
-1.4,0.48,0.0,0.0
-1.38,0.48,0.0,0.0
-1.36,0.48,0.0,0.0
-1.34,0.48,0.0,0.0
-1.32,0.48,0.0,0.0
-1.3,0.48,0.0,0.0
-1.28,0.48,0.0,0.0
-1.26,0.48,0.0,0.0
-1.24,0.48,0.0,1e-04
-1.22,0.48,0.0,1e-04
-1.2,0.48,0.0,1e-04
-1.18,0.48,0.0,0.0002
-1.16,0.48,0.0,0.0003
-1.14,0.48,0.0,0.0004
-1.12,0.48,0.0,0.0007
-1.1,0.48,0.0,0.001
-1.08,0.48,0.0,0.0016
-1.06,0.48,0.0,0.0024
-1.04,0.48,0.0,0.0036
-1.02,0.48,1e-04,0.0054
-1.0,0.48,1e-04,0.0083
-0.98,0.48,0.0003,0.0125
-0.96,0.48,0.0009,0.0188
-0.94,0.48,0.0022,0.0284
-0.92,0.48,0.0056,0.0425
-0.9,0.48,0.014,0.0631
-0.88,0.48,0.0345,0.0929
-0.86,0.48,0.0826,0.1346
-0.84,0.48,0.1849,0.1911
-0.82,0.48,0.3637,0.2642
-0.8,0.48,0.5901,0.3529
-0.78,0.48,0.7839,0.4532
-0.76,0.48,0.9013,0.5574
-0.74,0.48,0.9584,0.6567
-0.72,0.48,0.983,0.744
-0.7,0.48,0.9932,0.8154
-0.68,0.48,0.9973,0.8703
-0.66,0.48,0.9989,0.9107
-0.64,0.48,0.9996,0.9393
-0.62,0.48,0.9998,0.9575
-0.6,0.48,0.9998,0.9658
-0.58,0.48,0.9999,0.9688
-0.56,0.48,0.9999,0.9705
-0.54,0.48,0.9999,0.9719
-0.52,0.48,0.9999,0.9731
-0.5,0.48,0.9999,0.9743
-0.48,0.48,0.9999,0.9754
-0.46,0.48,0.9999,0.9764
-0.44,0.48,0.9999,0.9775
-0.42,0.48,0.9999,0.9785
-0.4,0.48,0.9999,0.9794
-0.38,0.48,0.9998,0.9802
-0.36,0.48,0.9998,0.9809
-0.34,0.48,0.9998,0.9815
-0.32,0.48,0.9998,0.982
-0.3,0.48,0.9998,0.9825
-0.28,0.48,0.9998,0.9829
-0.26,0.48,0.9998,0.9833
-0.24,0.48,0.9998,0.9837
-0.22,0.48,0.9998,0.9841
-0.2,0.48,0.9998,0.9845
-0.18,0.48,0.9998,0.9849
-0.16,0.48,0.9998,0.9852
-0.14,0.48,0.9998,0.9856
-0.12,0.48,0.9999,0.986
-0.1,0.48,0.9999,0.9863
-0.08,0.48,0.9999,0.9866
-0.06,0.48,1.0,0.987
-0.04,0.48,1.0,0.9873
-0.02,0.48,1.0,0.9876
0.0,0.48,1.0,0.9879
0.02,0.48,1.0,0.9882
0.04,0.48,1.0,0.9885
0.06,0.48,1.0,0.9888
0.08,0.48,1.0,0.9891
0.1,0.48,1.0,0.9894
0.12,0.48,1.0,0.9897
0.14,0.48,1.0,0.9899
0.16,0.48,1.0,0.9902
0.18,0.48,1.0,0.9904
0.2,0.48,1.0,0.9902
0.22,0.48,1.0,0.9897
0.24,0.48,1.0,0.9891
0.26,0.48,1.0,0.9885
0.28,0.48,1.0,0.9879
0.3,0.48,1.0,0.987
0.32,0.48,1.0,0.9853
0.34,0.48,1.0,0.9833
0.36,0.48,1.0,0.981
0.38,0.48,1.0,0.9785
0.4,0.48,1.0,0.9756
0.42,0.48,1.0,0.9722
0.44,0.48,1.0,0.9662
0.46,0.48,1.0,0.9577
0.48,0.48,1.0,0.9472
0.5,0.48,0.9999,0.9342
0.52,0.48,0.9997,0.9184
0.54,0.48,0.9993,0.897
0.56,0.48,0.998,0.8693
0.58,0.48,0.9944,0.8355
0.6,0.48,0.9848,0.7951
0.62,0.48,0.9592,0.7478
0.64,0.48,0.8953,0.6937
0.66,0.48,0.7568,0.6338
0.68,0.48,0.531,0.5693
0.7,0.48,0.2918,0.5025
0.72,0.48,0.1304,0.4355
0.74,0.48,0.0517,0.3709
0.76,0.48,0.0195,0.3105
0.78,0.48,0.0072,0.256
0.8,0.48,0.0026,0.2081
0.82,0.48,0.001,0.1672
0.84,0.48,0.0003,0.133
0.86,0.48,1e-04,0.1049
0.88,0.48,0.0,0.0822
0.9,0.48,0.0,0.064
0.92,0.48,0.0,0.0497
0.94,0.48,0.0,0.0384
0.96,0.48,0.0,0.0296
0.98,0.48,0.0,0.0228
1.0,0.48,0.0,0.0175
1.02,0.48,0.0,0.0134
1.04,0.48,0.0,0.0103
1.06,0.48,0.0,0.0079
1.08,0.48,0.0,0.006
1.1,0.48,0.0,0.0046
1.12,0.48,0.0,0.0035
1.14,0.48,0.0,0.0027
1.16,0.48,0.0,0.0021
1.18,0.48,0.0,0.0016
1.2,0.48,0.0,0.0012
1.22,0.48,0.0,0.0009
1.24,0.48,0.0,0.0007
1.26,0.48,0.0,0.0005
1.28,0.48,0.0,0.0004
1.3,0.48,0.0,0.0003
1.32,0.48,0.0,0.0002
1.34,0.48,0.0,0.0002
1.36,0.48,0.0,1e-04
1.38,0.48,0.0,1e-04
1.4,0.48,0.0,1e-04
1.42,0.48,0.0,1e-04
1.44,0.48,0.0,1e-04
1.46,0.48,0.0,0.0
1.48,0.48,0.0,0.0
1.5,0.48,0.0,0.0
1.52,0.48,0.0,0.0
1.54,0.48,0.0,0.0
1.56,0.48,0.0,0.0
1.58,0.48,0.0,0.0
1.6,0.48,0.0,0.0
-1.6,0.5,0.0,0.0
-1.58,0.5,0.0,0.0
-1.56,0.5,0.0,0.0
-1.54,0.5,0.0,0.0
-1.52,0.5,0.0,0.0
-1.5,0.5,0.0,0.0
-1.48,0.5,0.0,0.0
-1.46,0.5,0.0,0.0
-1.44,0.5,0.0,0.0
-1.42,0.5,0.0,0.0
-1.4,0.5,0.0,0.0
-1.38,0.5,0.0,0.0
-1.36,0.5,0.0,0.0
-1.34,0.5,0.0,0.0
-1.32,0.5,0.0,0.0
-1.3,0.5,0.0,0.0
-1.28,0.5,0.0,0.0
-1.26,0.5,0.0,0.0
-1.24,0.5,0.0,1e-04
-1.22,0.5,0.0,1e-04
-1.2,0.5,0.0,1e-04
-1.18,0.5,0.0,0.0002
-1.16,0.5,0.0,0.0003
-1.14,0.5,0.0,0.0004
-1.12,0.5,0.0,0.0006
-1.1,0.5,0.0,0.0009
-1.08,0.5,0.0,0.0014
-1.06,0.5,0.0,0.0022
-1.04,0.5,0.0,0.0033
-1.02,0.5,0.0,0.005
-1.0,0.5,1e-04,0.0075
-0.98,0.5,0.0003,0.0114
-0.96,0.5,0.0008,0.0173
-0.94,0.5,0.002,0.026
-0.92,0.5,0.0049,0.039
-0.9,0.5,0.0123,0.058
-0.88,0.5,0.0304,0.0856
-0.86,0.5,0.0731,0.1245
-0.84,0.5,0.1658,0.1776
-0.82,0.5,0.3337,0.2471
-0.8,0.5,0.5578,0.3327
-0.78,0.5,0.7606,0.431
-0.76,0.5,0.889,0.5351
-0.74,0.5,0.9528,0.6362
-0.72,0.5,0.9807,0.7266
-0.7,0.5,0.9923,0.8015
-0.68,0.5,0.9969,0.8598
-0.66,0.5,0.9988,0.9031
-0.64,0.5,0.9995,0.9332
-0.62,0.5,0.9997,0.9494
-0.6,0.5,0.9997,0.9563
-0.58,0.5,0.9998,0.9589
-0.56,0.5,0.9998,0.9607
-0.54,0.5,0.9998,0.9623
-0.52,0.5,0.9999,0.9639
-0.5,0.5,0.9999,0.9655
-0.48,0.5,0.9999,0.9669
-0.46,0.5,0.9998,0.9683
-0.44,0.5,0.9998,0.9697
-0.42,0.5,0.9998,0.971
-0.4,0.5,0.9998,0.9722
-0.38,0.5,0.9997,0.9732
-0.36,0.5,0.9997,0.9742
-0.34,0.5,0.9997,0.9749
-0.32,0.5,0.9997,0.9755
-0.3,0.5,0.9997,0.9761
-0.28,0.5,0.9997,0.9767
-0.26,0.5,0.9997,0.9773
-0.24,0.5,0.9997,0.9778
-0.22,0.5,0.9997,0.9784
-0.2,0.5,0.9996,0.9789
-0.18,0.5,0.9996,0.9794
-0.16,0.5,0.9996,0.9799
-0.14,0.5,0.9996,0.9804
-0.12,0.5,0.9998,0.9809
-0.1,0.5,0.9998,0.9813
-0.08,0.5,0.9999,0.9818
-0.06,0.5,0.9999,0.9822
-0.04,0.5,1.0,0.9827
-0.02,0.5,1.0,0.9831
0.0,0.5,1.0,0.9835
0.02,0.5,1.0,0.9839
0.04,0.5,1.0,0.9843
0.06,0.5,1.0,0.9847
0.08,0.5,1.0,0.9852
0.1,0.5,1.0,0.9855
0.12,0.5,1.0,0.9859
0.14,0.5,1.0,0.9863
0.16,0.5,1.0,0.9867
0.18,0.5,1.0,0.9869
0.2,0.5,1.0,0.9868
0.22,0.5,1.0,0.9866
0.24,0.5,1.0,0.9861
0.26,0.5,1.0,0.9853
0.28,0.5,1.0,0.9845
0.3,0.5,1.0,0.9836
0.32,0.5,1.0,0.9824
0.34,0.5,1.0,0.98
0.36,0.5,1.0,0.9774
0.38,0.5,1.0,0.9743
0.4,0.5,1.0,0.9709
0.42,0.5,1.0,0.9669
0.44,0.5,1.0,0.9607
0.46,0.5,1.0,0.951
0.48,0.5,0.9999,0.9389
0.5,0.5,0.9999,0.9241
0.52,0.5,0.9996,0.906
0.54,0.5,0.9989,0.8842
0.56,0.5,0.9969,0.8558
0.58,0.5,0.9915,0.8193
0.6,0.5,0.9771,0.776
0.62,0.5,0.9394,0.7258
0.64,0.5,0.8493,0.6691
0.66,0.5,0.6723,0.6071
0.68,0.5,0.4274,0.5413
0.7,0.5,0.2136,0.4741
0.72,0.5,0.0899,0.4079
0.74,0.5,0.0347,0.3448
0.76,0.5,0.0129,0.2868
0.78,0.5,0.0047,0.235
0.8,0.5,0.0017,0.1901
0.82,0.5,0.0006,0.152
0.84,0.5,0.0002,0.1205
0.86,0.5,1e-04,0.0947
0.88,0.5,0.0,0.074
0.9,0.5,0.0,0.0575
0.92,0.5,0.0,0.0446
0.94,0.5,0.0,0.0344
0.96,0.5,0.0,0.0265
0.98,0.5,0.0,0.0204
1.0,0.5,0.0,0.0156
1.02,0.5,0.0,0.012
1.04,0.5,0.0,0.0092
1.06,0.5,0.0,0.007
1.08,0.5,0.0,0.0054
1.1,0.5,0.0,0.0041
1.12,0.5,0.0,0.0031
1.14,0.5,0.0,0.0024
1.16,0.5,0.0,0.0018
1.18,0.5,0.0,0.0014
1.2,0.5,0.0,0.0011
1.22,0.5,0.0,0.0008
1.24,0.5,0.0,0.0006
1.26,0.5,0.0,0.0005
1.28,0.5,0.0,0.0004
1.3,0.5,0.0,0.0003
1.32,0.5,0.0,0.0002
1.34,0.5,0.0,0.0002
1.36,0.5,0.0,1e-04
1.38,0.5,0.0,1e-04
1.4,0.5,0.0,1e-04
1.42,0.5,0.0,1e-04
1.44,0.5,0.0,0.0
1.46,0.5,0.0,0.0
1.48,0.5,0.0,0.0
1.5,0.5,0.0,0.0
1.52,0.5,0.0,0.0
1.54,0.5,0.0,0.0
1.56,0.5,0.0,0.0
1.58,0.5,0.0,0.0
1.6,0.5,0.0,0.0
-1.6,0.52,0.0,0.0
-1.58,0.52,0.0,0.0
-1.56,0.52,0.0,0.0
-1.54,0.52,0.0,0.0
-1.52,0.52,0.0,0.0
-1.5,0.52,0.0,0.0
-1.48,0.52,0.0,0.0
-1.46,0.52,0.0,0.0
-1.44,0.52,0.0,0.0
-1.42,0.52,0.0,0.0
-1.4,0.52,0.0,0.0
-1.38,0.52,0.0,0.0
-1.36,0.52,0.0,0.0
-1.34,0.52,0.0,0.0
-1.32,0.52,0.0,0.0
-1.3,0.52,0.0,0.0
-1.28,0.52,0.0,0.0
-1.26,0.52,0.0,0.0
-1.24,0.52,0.0,0.0
-1.22,0.52,0.0,1e-04
-1.2,0.52,0.0,1e-04
-1.18,0.52,0.0,0.0002
-1.16,0.52,0.0,0.0002
-1.14,0.52,0.0,0.0004
-1.12,0.52,0.0,0.0006
-1.1,0.52,0.0,0.0009
-1.08,0.52,0.0,0.0013
-1.06,0.52,0.0,0.002
-1.04,0.52,0.0,0.003
-1.02,0.52,0.0,0.0046
-1.0,0.52,1e-04,0.0069
-0.98,0.52,0.0003,0.0105
-0.96,0.52,0.0007,0.0158
-0.94,0.52,0.0017,0.0238
-0.92,0.52,0.0043,0.0357
-0.9,0.52,0.0108,0.0533
-0.88,0.52,0.0267,0.0788
-0.86,0.52,0.0647,0.115
-0.84,0.52,0.1483,0.1649
-0.82,0.52,0.305,0.2307
-0.8,0.52,0.525,0.3131
-0.78,0.52,0.7358,0.4091
-0.76,0.52,0.8752,0.5127
-0.74,0.52,0.9464,0.6152
-0.72,0.52,0.9781,0.7083
-0.7,0.52,0.9912,0.7867
-0.68,0.52,0.9965,0.8474
-0.66,0.52,0.9986,0.8928
-0.64,0.52,0.9993,0.9229
-0.62,0.52,0.9995,0.937
-0.6,0.52,0.9996,0.9425
-0.58,0.52,0.9996,0.9452
-0.56,0.52,0.9997,0.9475
-0.54,0.52,0.9997,0.9496
-0.52,0.52,0.9998,0.9517
-0.5,0.52,0.9998,0.9538
-0.48,0.52,0.9997,0.9557
-0.46,0.52,0.9997,0.9576
-0.44,0.52,0.9997,0.9593
-0.42,0.52,0.9996,0.961
-0.4,0.52,0.9996,0.9625
-0.38,0.52,0.9995,0.9639
-0.36,0.52,0.9995,0.9651
-0.34,0.52,0.9994,0.966
-0.32,0.52,0.9994,0.9668
-0.3,0.52,0.9994,0.9676
-0.28,0.52,0.9994,0.9684
-0.26,0.52,0.9994,0.9691
-0.24,0.52,0.9993,0.9699
-0.22,0.52,0.9993,0.9706
-0.2,0.52,0.9993,0.9713
-0.18,0.52,0.9993,0.972
-0.16,0.52,0.9993,0.9727
-0.14,0.52,0.9993,0.9733
-0.12,0.52,0.9995,0.974
-0.1,0.52,0.9997,0.9746
-0.08,0.52,0.9998,0.9752
-0.06,0.52,0.9999,0.9758
-0.04,0.52,0.9999,0.9764
-0.02,0.52,0.9999,0.977
0.0,0.52,1.0,0.9775
0.02,0.52,1.0,0.9781
0.04,0.52,1.0,0.9787
0.06,0.52,1.0,0.9793
0.08,0.52,1.0,0.9798
0.1,0.52,1.0,0.9803
0.12,0.52,1.0,0.9809
0.14,0.52,1.0,0.9814
0.16,0.52,1.0,0.9819
0.18,0.52,1.0,0.9823
0.2,0.52,1.0,0.9821
0.22,0.52,1.0,0.9818
0.24,0.52,1.0,0.9816
0.26,0.52,1.0,0.9812
0.28,0.52,1.0,0.9802
0.3,0.52,1.0,0.9791
0.32,0.52,1.0,0.978
0.34,0.52,1.0,0.9762
0.36,0.52,1.0,0.973
0.38,0.52,1.0,0.9694
0.4,0.52,1.0,0.9653
0.42,0.52,1.0,0.9608
0.44,0.52,1.0,0.9545
0.46,0.52,1.0,0.9432
0.48,0.52,0.9999,0.9294
0.5,0.52,0.9998,0.9125
0.52,0.52,0.9994,0.892
0.54,0.52,0.9983,0.8674
0.56,0.52,0.9953,0.8382
0.58,0.52,0.9872,0.8019
0.6,0.52,0.9656,0.7557
0.62,0.52,0.9108,0.7027
0.64,0.52,0.788,0.6435
0.66,0.52,0.5749,0.5797
0.68,0.52,0.3298,0.5131
0.7,0.52,0.1518,0.446
0.72,0.52,0.0612,0.3808
0.74,0.52,0.0232,0.3196
0.76,0.52,0.0086,0.2641
0.78,0.52,0.0031,0.2152
0.8,0.52,0.0011,0.1732
0.82,0.52,0.0004,0.138
0.84,0.52,0.0002,0.1089
0.86,0.52,1e-04,0.0854
0.88,0.52,0.0,0.0666
0.9,0.52,0.0,0.0517
0.92,0.52,0.0,0.04
0.94,0.52,0.0,0.0308
0.96,0.52,0.0,0.0237
0.98,0.52,0.0,0.0182
1.0,0.52,0.0,0.014
1.02,0.52,0.0,0.0107
1.04,0.52,0.0,0.0082
1.06,0.52,0.0,0.0063
1.08,0.52,0.0,0.0048
1.1,0.52,0.0,0.0037
1.12,0.52,0.0,0.0028
1.14,0.52,0.0,0.0022
1.16,0.52,0.0,0.0016
1.18,0.52,0.0,0.0013
1.2,0.52,0.0,0.001
1.22,0.52,0.0,0.0007
1.24,0.52,0.0,0.0006
1.26,0.52,0.0,0.0004
1.28,0.52,0.0,0.0003
1.3,0.52,0.0,0.0003
1.32,0.52,0.0,0.0002
1.34,0.52,0.0,0.0002
1.36,0.52,0.0,1e-04
1.38,0.52,0.0,1e-04
1.4,0.52,0.0,1e-04
1.42,0.52,0.0,1e-04
1.44,0.52,0.0,0.0
1.46,0.52,0.0,0.0
1.48,0.52,0.0,0.0
1.5,0.52,0.0,0.0
1.52,0.52,0.0,0.0
1.54,0.52,0.0,0.0
1.56,0.52,0.0,0.0
1.58,0.52,0.0,0.0
1.6,0.52,0.0,0.0
-1.6,0.54,0.0,0.0
-1.58,0.54,0.0,0.0
-1.56,0.54,0.0,0.0
-1.54,0.54,0.0,0.0
-1.52,0.54,0.0,0.0
-1.5,0.54,0.0,0.0
-1.48,0.54,0.0,0.0
-1.46,0.54,0.0,0.0
-1.44,0.54,0.0,0.0
-1.42,0.54,0.0,0.0
-1.4,0.54,0.0,0.0
-1.38,0.54,0.0,0.0
-1.36,0.54,0.0,0.0
-1.34,0.54,0.0,0.0
-1.32,0.54,0.0,0.0
-1.3,0.54,0.0,0.0
-1.28,0.54,0.0,0.0
-1.26,0.54,0.0,0.0
-1.24,0.54,0.0,0.0
-1.22,0.54,0.0,1e-04
-1.2,0.54,0.0,1e-04
-1.18,0.54,0.0,1e-04
-1.16,0.54,0.0,0.0002
-1.14,0.54,0.0,0.0003
-1.12,0.54,0.0,0.0005
-1.1,0.54,0.0,0.0008
-1.08,0.54,0.0,0.0012
-1.06,0.54,0.0,0.0018
-1.04,0.54,0.0,0.0027
-1.02,0.54,0.0,0.0042
-1.0,0.54,1e-04,0.0063
-0.98,0.54,0.0002,0.0096
-0.96,0.54,0.0006,0.0145
-0.94,0.54,0.0015,0.0218
-0.92,0.54,0.0038,0.0328
-0.9,0.54,0.0095,0.0489
-0.88,0.54,0.0235,0.0725
-0.86,0.54,0.0571,0.1062
-0.84,0.54,0.1324,0.1529
-0.82,0.54,0.2777,0.2152
-0.8,0.54,0.492,0.2941
-0.78,0.54,0.7093,0.3876
-0.76,0.54,0.8601,0.4902
-0.74,0.54,0.9394,0.5926
-0.72,0.54,0.975,0.6868
-0.7,0.54,0.99,0.7669
-0.68,0.54,0.996,0.8311
-0.66,0.54,0.9984,0.8797
-0.64,0.54,0.999,0.9072
-0.62,0.54,0.9992,0.9194
-0.6,0.54,0.9993,0.9239
-0.58,0.54,0.9994,0.9271
-0.56,0.54,0.9995,0.9301
-0.54,0.54,0.9996,0.933
-0.52,0.54,0.9996,0.9357
-0.5,0.54,0.9996,0.9384
-0.48,0.54,0.9996,0.9409
-0.46,0.54,0.9995,0.9433
-0.44,0.54,0.9995,0.9457
-0.42,0.54,0.9994,0.9479
-0.4,0.54,0.9993,0.9497
-0.38,0.54,0.9992,0.9514
-0.36,0.54,0.9991,0.9529
-0.34,0.54,0.999,0.9541
-0.32,0.54,0.9988,0.9552
-0.3,0.54,0.9988,0.9562
-0.28,0.54,0.9988,0.9572
-0.26,0.54,0.9988,0.9582
-0.24,0.54,0.9987,0.9592
-0.22,0.54,0.9987,0.9602
-0.2,0.54,0.9987,0.9611
-0.18,0.54,0.9987,0.9621
-0.16,0.54,0.9987,0.963
-0.14,0.54,0.9986,0.9639
-0.12,0.54,0.9991,0.9647
-0.1,0.54,0.9994,0.9656
-0.08,0.54,0.9996,0.9664
-0.06,0.54,0.9997,0.9672
-0.04,0.54,0.9998,0.968
-0.02,0.54,0.9999,0.9688
0.0,0.54,0.9999,0.9695
0.02,0.54,0.9999,0.9703
0.04,0.54,0.9999,0.9711
0.06,0.54,0.9999,0.9719
0.08,0.54,0.9999,0.9726
0.1,0.54,0.9999,0.9733
0.12,0.54,1.0,0.974
0.14,0.54,1.0,0.9747
0.16,0.54,1.0,0.9754
0.18,0.54,1.0,0.976
0.2,0.54,1.0,0.9757
0.22,0.54,1.0,0.9754
0.24,0.54,1.0,0.975
0.26,0.54,1.0,0.9747
0.28,0.54,1.0,0.9744
0.3,0.54,1.0,0.9733
0.32,0.54,1.0,0.9719
0.34,0.54,1.0,0.9704
0.36,0.54,1.0,0.9678
0.38,0.54,1.0,0.9636
0.4,0.54,1.0,0.9588
0.42,0.54,1.0,0.9534
0.44,0.54,1.0,0.947
0.46,0.54,1.0,0.9343
0.48,0.54,0.9999,0.9185
0.5,0.54,0.9997,0.8993
0.52,0.54,0.9991,0.8761
0.54,0.54,0.9974,0.8486
0.56,0.54,0.9929,0.8161
0.58,0.54,0.9807,0.7786
0.6,0.54,0.9487,0.7341
0.62,0.54,0.8707,0.6784
0.64,0.54,0.7101,0.6171
0.66,0.54,0.4713,0.5518
0.68,0.54,0.2449,0.4847
0.7,0.54,0.1056,0.4181
0.72,0.54,0.0412,0.3544
0.74,0.54,0.0154,0.2955
0.76,0.54,0.0057,0.2427
0.78,0.54,0.0021,0.1967
0.8,0.54,0.0008,0.1575
0.82,0.54,0.0003,0.125
0.84,0.54,1e-04,0.0984
0.86,0.54,0.0,0.077
0.88,0.54,0.0,0.0599
0.9,0.54,0.0,0.0464
0.92,0.54,0.0,0.0358
0.94,0.54,0.0,0.0276
0.96,0.54,0.0,0.0212
0.98,0.54,0.0,0.0163
1.0,0.54,0.0,0.0125
1.02,0.54,0.0,0.0096
1.04,0.54,0.0,0.0073
1.06,0.54,0.0,0.0056
1.08,0.54,0.0,0.0043
1.1,0.54,0.0,0.0033
1.12,0.54,0.0,0.0025
1.14,0.54,0.0,0.0019
1.16,0.54,0.0,0.0015
1.18,0.54,0.0,0.0011
1.2,0.54,0.0,0.0009
1.22,0.54,0.0,0.0007
1.24,0.54,0.0,0.0005
1.26,0.54,0.0,0.0004
1.28,0.54,0.0,0.0003
1.3,0.54,0.0,0.0002
1.32,0.54,0.0,0.0002
1.34,0.54,0.0,1e-04
1.36,0.54,0.0,1e-04
1.38,0.54,0.0,1e-04
1.4,0.54,0.0,1e-04
1.42,0.54,0.0,1e-04
1.44,0.54,0.0,0.0
1.46,0.54,0.0,0.0
1.48,0.54,0.0,0.0
1.5,0.54,0.0,0.0
1.52,0.54,0.0,0.0
1.54,0.54,0.0,0.0
1.56,0.54,0.0,0.0
1.58,0.54,0.0,0.0
1.6,0.54,0.0,0.0
-1.6,0.56,0.0,0.0
-1.58,0.56,0.0,0.0
-1.56,0.56,0.0,0.0
-1.54,0.56,0.0,0.0
-1.52,0.56,0.0,0.0
-1.5,0.56,0.0,0.0
-1.48,0.56,0.0,0.0
-1.46,0.56,0.0,0.0
-1.44,0.56,0.0,0.0
-1.42,0.56,0.0,0.0
-1.4,0.56,0.0,0.0
-1.38,0.56,0.0,0.0
-1.36,0.56,0.0,0.0
-1.34,0.56,0.0,0.0
-1.32,0.56,0.0,0.0
-1.3,0.56,0.0,0.0
-1.28,0.56,0.0,0.0
-1.26,0.56,0.0,0.0
-1.24,0.56,0.0,0.0
-1.22,0.56,0.0,1e-04
-1.2,0.56,0.0,1e-04
-1.18,0.56,0.0,1e-04
-1.16,0.56,0.0,0.0002
-1.14,0.56,0.0,0.0003
-1.12,0.56,0.0,0.0005
-1.1,0.56,0.0,0.0007
-1.08,0.56,0.0,0.0011
-1.06,0.56,0.0,0.0017
-1.04,0.56,0.0,0.0025
-1.02,0.56,0.0,0.0038
-1.0,0.56,1e-04,0.0058
-0.98,0.56,0.0002,0.0087
-0.96,0.56,0.0005,0.0132
-0.94,0.56,0.0013,0.02
-0.92,0.56,0.0033,0.03
-0.9,0.56,0.0083,0.0449
-0.88,0.56,0.0206,0.0667
-0.86,0.56,0.0504,0.0979
-0.84,0.56,0.1179,0.1416
-0.82,0.56,0.252,0.2004
-0.8,0.56,0.459,0.2757
-0.78,0.56,0.6813,0.3646
-0.76,0.56,0.8435,0.4637
-0.74,0.56,0.9315,0.5649
-0.72,0.56,0.9716,0.6601
-0.7,0.56,0.9886,0.7435
-0.68,0.56,0.9954,0.8118
-0.66,0.56,0.9979,0.8609
-0.64,0.56,0.9985,0.885
-0.62,0.56,0.9987,0.8949
-0.6,0.56,0.9989,0.8997
-0.58,0.56,0.999,0.9037
-0.56,0.56,0.9992,0.9076
-0.54,0.56,0.9993,0.9112
-0.52,0.56,0.9993,0.9148
-0.5,0.56,0.9993,0.9182
-0.48,0.56,0.9993,0.9215
-0.46,0.56,0.9992,0.9247
-0.44,0.56,0.9991,0.9277
-0.42,0.56,0.9989,0.9305
-0.4,0.56,0.9988,0.9328
-0.38,0.56,0.9986,0.935
-0.36,0.56,0.9984,0.9368
-0.34,0.56,0.9982,0.9382
-0.32,0.56,0.998,0.9396
-0.3,0.56,0.9977,0.941
-0.28,0.56,0.9976,0.9424
-0.26,0.56,0.9976,0.9437
-0.24,0.56,0.9976,0.945
-0.22,0.56,0.9975,0.9463
-0.2,0.56,0.9975,0.9475
-0.18,0.56,0.9974,0.9488
-0.16,0.56,0.9974,0.95
-0.14,0.56,0.9974,0.9512
-0.12,0.56,0.9982,0.9523
-0.1,0.56,0.9988,0.9534
-0.08,0.56,0.9992,0.9545
-0.06,0.56,0.9995,0.9556
-0.04,0.56,0.9996,0.9567
-0.02,0.56,0.9997,0.9577
0.0,0.56,0.9998,0.9588
0.02,0.56,0.9998,0.9599
0.04,0.56,0.9998,0.9609
0.06,0.56,0.9998,0.9619
0.08,0.56,0.9998,0.9629
0.1,0.56,0.9998,0.9639
0.12,0.56,0.9998,0.9648
0.14,0.56,0.9999,0.9657
0.16,0.56,0.9999,0.9666
0.18,0.56,0.9999,0.9675
0.2,0.56,0.9999,0.9671
0.22,0.56,0.9999,0.9667
0.24,0.56,0.9999,0.9663
0.26,0.56,0.9999,0.9658
0.28,0.56,0.9999,0.9654
0.3,0.56,0.9999,0.9649
0.32,0.56,0.9999,0.9642
0.34,0.56,0.9999,0.9623
0.36,0.56,0.9999,0.9603
0.38,0.56,0.9999,0.9567
0.4,0.56,0.9999,0.951
0.42,0.56,0.9999,0.9447
0.44,0.56,0.9999,0.9374
0.46,0.56,0.9999,0.9242
0.48,0.56,0.9998,0.9062
0.5,0.56,0.9995,0.8844
0.52,0.56,0.9986,0.8584
0.54,0.56,0.9961,0.8276
0.56,0.56,0.9893,0.7918
0.58,0.56,0.971,0.7508
0.6,0.56,0.9242,0.7047
0.62,0.56,0.8161,0.6532
0.64,0.56,0.6176,0.59
0.66,0.56,0.3701,0.5236
0.68,0.56,0.1762,0.4565
0.7,0.56,0.0722,0.3908
0.72,0.56,0.0275,0.3289
0.74,0.56,0.0102,0.2724
0.76,0.56,0.0037,0.2224
0.78,0.56,0.0014,0.1793
0.8,0.56,0.0005,0.1431
0.82,0.56,0.0002,0.1131
0.84,0.56,1e-04,0.0888
0.86,0.56,0.0,0.0693
0.88,0.56,0.0,0.0538
0.9,0.56,0.0,0.0416
0.92,0.56,0.0,0.0321
0.94,0.56,0.0,0.0247
0.96,0.56,0.0,0.019
0.98,0.56,0.0,0.0146
1.0,0.56,0.0,0.0112
1.02,0.56,0.0,0.0086
1.04,0.56,0.0,0.0066
1.06,0.56,0.0,0.005
1.08,0.56,0.0,0.0038
1.1,0.56,0.0,0.0029
1.12,0.56,0.0,0.0022
1.14,0.56,0.0,0.0017
1.16,0.56,0.0,0.0013
1.18,0.56,0.0,0.001
1.2,0.56,0.0,0.0008
1.22,0.56,0.0,0.0006
1.24,0.56,0.0,0.0004
1.26,0.56,0.0,0.0003
1.28,0.56,0.0,0.0003
1.3,0.56,0.0,0.0002
1.32,0.56,0.0,0.0002
1.34,0.56,0.0,1e-04
1.36,0.56,0.0,1e-04
1.38,0.56,0.0,1e-04
1.4,0.56,0.0,1e-04
1.42,0.56,0.0,0.0
1.44,0.56,0.0,0.0
1.46,0.56,0.0,0.0
1.48,0.56,0.0,0.0
1.5,0.56,0.0,0.0
1.52,0.56,0.0,0.0
1.54,0.56,0.0,0.0
1.56,0.56,0.0,0.0
1.58,0.56,0.0,0.0
1.6,0.56,0.0,0.0
-1.6,0.58,0.0,0.0
-1.58,0.58,0.0,0.0
-1.56,0.58,0.0,0.0
-1.54,0.58,0.0,0.0
-1.52,0.58,0.0,0.0
-1.5,0.58,0.0,0.0
-1.48,0.58,0.0,0.0
-1.46,0.58,0.0,0.0
-1.44,0.58,0.0,0.0
-1.42,0.58,0.0,0.0
-1.4,0.58,0.0,0.0
-1.38,0.58,0.0,0.0
-1.36,0.58,0.0,0.0
-1.34,0.58,0.0,0.0
-1.32,0.58,0.0,0.0
-1.3,0.58,0.0,0.0
-1.28,0.58,0.0,0.0
-1.26,0.58,0.0,0.0
-1.24,0.58,0.0,0.0
-1.22,0.58,0.0,1e-04
-1.2,0.58,0.0,1e-04
-1.18,0.58,0.0,1e-04
-1.16,0.58,0.0,0.0002
-1.14,0.58,0.0,0.0003
-1.12,0.58,0.0,0.0004
-1.1,0.58,0.0,0.0007
-1.08,0.58,0.0,0.001
-1.06,0.58,0.0,0.0015
-1.04,0.58,0.0,0.0023
-1.02,0.58,0.0,0.0035
-1.0,0.58,1e-04,0.0053
-0.98,0.58,0.0002,0.008
-0.96,0.58,0.0005,0.0121
-0.94,0.58,0.0012,0.0183
-0.92,0.58,0.0029,0.0275
-0.9,0.58,0.0073,0.0412
-0.88,0.58,0.0181,0.0613
-0.86,0.58,0.0444,0.0903
-0.84,0.58,0.1049,0.1305
-0.82,0.58,0.2279,0.1846
-0.8,0.58,0.4264,0.2542
-0.78,0.58,0.6521,0.3387
-0.76,0.58,0.8254,0.4338
-0.74,0.58,0.9226,0.5331
-0.72,0.58,0.9678,0.6299
-0.7,0.58,0.987,0.7172
-0.68,0.58,0.9947,0.7897
-0.66,0.58,0.997,0.8344
-0.64,0.58,0.9976,0.8554
-0.62,0.58,0.9979,0.8633
-0.6,0.58,0.9982,0.8688
-0.58,0.58,0.9984,0.8738
-0.56,0.58,0.9986,0.8787
-0.54,0.58,0.9988,0.8834
-0.52,0.58,0.9989,0.8879
-0.5,0.58,0.9989,0.8923
-0.48,0.58,0.9988,0.8965
-0.46,0.58,0.9986,0.9006
-0.44,0.58,0.9984,0.9044
-0.42,0.58,0.9982,0.9078
-0.4,0.58,0.998,0.9108
-0.38,0.58,0.9977,0.9135
-0.36,0.58,0.9973,0.9156
-0.34,0.58,0.997,0.9175
-0.32,0.58,0.9966,0.9192
-0.3,0.58,0.9961,0.921
-0.28,0.58,0.9956,0.9227
-0.26,0.58,0.9954,0.9245
-0.24,0.58,0.9953,0.9262
-0.22,0.58,0.9952,0.9279
-0.2,0.58,0.9952,0.9295
-0.18,0.58,0.9951,0.9312
-0.16,0.58,0.995,0.9328
-0.14,0.58,0.9949,0.9343
-0.12,0.58,0.9965,0.9358
-0.1,0.58,0.9977,0.9373
-0.08,0.58,0.9984,0.9388
-0.06,0.58,0.9989,0.9402
-0.04,0.58,0.9992,0.9416
-0.02,0.58,0.9992,0.9431
0.0,0.58,0.9993,0.9445
0.02,0.58,0.9993,0.946
0.04,0.58,0.9994,0.9473
0.06,0.58,0.9994,0.9487
0.08,0.58,0.9994,0.95
0.1,0.58,0.9995,0.9512
0.12,0.58,0.9995,0.9525
0.14,0.58,0.9995,0.9537
0.16,0.58,0.9996,0.9549
0.18,0.58,0.9996,0.956
0.2,0.58,0.9996,0.9557
0.22,0.58,0.9996,0.9551
0.24,0.58,0.9997,0.9546
0.26,0.58,0.9997,0.954
0.28,0.58,0.9997,0.9534
0.3,0.58,0.9997,0.9528
0.32,0.58,0.9997,0.9522
0.34,0.58,0.9998,0.9516
0.36,0.58,0.9998,0.9496
0.38,0.58,0.9998,0.9469
0.4,0.58,0.9998,0.9419
0.42,0.58,0.9998,0.9344
0.44,0.58,0.9998,0.9261
0.46,0.58,0.9998,0.9126
0.48,0.58,0.9996,0.8921
0.5,0.58,0.9991,0.8676
0.52,0.58,0.9978,0.8385
0.54,0.58,0.994,0.8044
0.56,0.58,0.9838,0.7651
0.58,0.58,0.9567,0.7207
0.6,0.58,0.8894,0.6715
0.62,0.58,0.7453,0.6182
0.64,0.58,0.5157,0.562
0.66,0.58,0.2792,0.4953
0.68,0.58,0.1235,0.4285
0.7,0.58,0.0488,0.3642
0.72,0.58,0.0183,0.3044
0.74,0.58,0.0067,0.2505
0.76,0.58,0.0025,0.2034
0.78,0.58,0.0009,0.1632
0.8,0.58,0.0003,0.1297
0.82,0.58,1e-04,0.1022
0.84,0.58,0.0,0.08
0.86,0.58,0.0,0.0623
0.88,0.58,0.0,0.0483
0.9,0.58,0.0,0.0373
0.92,0.58,0.0,0.0288
0.94,0.58,0.0,0.0221
0.96,0.58,0.0,0.017
0.98,0.58,0.0,0.013
1.0,0.58,0.0,0.01
1.02,0.58,0.0,0.0077
1.04,0.58,0.0,0.0059
1.06,0.58,0.0,0.0045
1.08,0.58,0.0,0.0034
1.1,0.58,0.0,0.0026
1.12,0.58,0.0,0.002
1.14,0.58,0.0,0.0015
1.16,0.58,0.0,0.0012
1.18,0.58,0.0,0.0009
1.2,0.58,0.0,0.0007
1.22,0.58,0.0,0.0005
1.24,0.58,0.0,0.0004
1.26,0.58,0.0,0.0003
1.28,0.58,0.0,0.0002
1.3,0.58,0.0,0.0002
1.32,0.58,0.0,1e-04
1.34,0.58,0.0,1e-04
1.36,0.58,0.0,1e-04
1.38,0.58,0.0,1e-04
1.4,0.58,0.0,1e-04
1.42,0.58,0.0,0.0
1.44,0.58,0.0,0.0
1.46,0.58,0.0,0.0
1.48,0.58,0.0,0.0
1.5,0.58,0.0,0.0
1.52,0.58,0.0,0.0
1.54,0.58,0.0,0.0
1.56,0.58,0.0,0.0
1.58,0.58,0.0,0.0
1.6,0.58,0.0,0.0
-1.6,0.6,0.0,0.0
-1.58,0.6,0.0,0.0
-1.56,0.6,0.0,0.0
-1.54,0.6,0.0,0.0
-1.52,0.6,0.0,0.0
-1.5,0.6,0.0,0.0
-1.48,0.6,0.0,0.0
-1.46,0.6,0.0,0.0
-1.44,0.6,0.0,0.0
-1.42,0.6,0.0,0.0
-1.4,0.6,0.0,0.0
-1.38,0.6,0.0,0.0
-1.36,0.6,0.0,0.0
-1.34,0.6,0.0,0.0
-1.32,0.6,0.0,0.0
-1.3,0.6,0.0,0.0
-1.28,0.6,0.0,0.0
-1.26,0.6,0.0,0.0
-1.24,0.6,0.0,0.0
-1.22,0.6,0.0,0.0
-1.2,0.6,0.0,1e-04
-1.18,0.6,0.0,1e-04
-1.16,0.6,0.0,0.0002
-1.14,0.6,0.0,0.0003
-1.12,0.6,0.0,0.0004
-1.1,0.6,0.0,0.0006
-1.08,0.6,0.0,0.0009
-1.06,0.6,0.0,0.0014
-1.04,0.6,0.0,0.0021
-1.02,0.6,0.0,0.0032
-1.0,0.6,1e-04,0.0048
-0.98,0.6,0.0002,0.0073
-0.96,0.6,0.0004,0.0111
-0.94,0.6,0.001,0.0167
-0.92,0.6,0.0025,0.0252
-0.9,0.6,0.0064,0.0378
-0.88,0.6,0.0159,0.0559
-0.86,0.6,0.0392,0.0819
-0.84,0.6,0.0931,0.1184
-0.82,0.6,0.2055,0.1679
-0.8,0.6,0.3946,0.232
-0.78,0.6,0.6217,0.3104
-0.76,0.6,0.8056,0.4014
-0.74,0.6,0.9127,0.4998
-0.72,0.6,0.9634,0.5982
-0.7,0.6,0.9852,0.6891
-0.68,0.6,0.9933,0.7609
-0.66,0.6,0.9955,0.7991
-0.64,0.6,0.9962,0.8158
-0.62,0.6,0.9967,0.8237
-0.6,0.6,0.9971,0.8301
-0.58,0.6,0.9975,0.8363
-0.56,0.6,0.9978,0.8424
-0.54,0.6,0.9981,0.8482
-0.52,0.6,0.9982,0.8539
-0.5,0.6,0.9981,0.8594
-0.48,0.6,0.9979,0.8647
-0.46,0.6,0.9976,0.8697
-0.44,0.6,0.9973,0.8746
-0.42,0.6,0.9969,0.8787
-0.4,0.6,0.9965,0.8825
-0.38,0.6,0.996,0.8857
-0.36,0.6,0.9955,0.8883
-0.34,0.6,0.9949,0.8906
-0.32,0.6,0.9941,0.8928
-0.3,0.6,0.9933,0.895
-0.28,0.6,0.9924,0.8972
-0.26,0.6,0.9914,0.8994
-0.24,0.6,0.991,0.9017
-0.22,0.6,0.9908,0.9038
-0.2,0.6,0.9907,0.906
-0.18,0.6,0.9905,0.9081
-0.16,0.6,0.9904,0.9102
-0.14,0.6,0.9902,0.9122
-0.12,0.6,0.9932,0.9142
-0.1,0.6,0.9955,0.9161
-0.08,0.6,0.9969,0.918
-0.06,0.6,0.9972,0.9199
-0.04,0.6,0.9973,0.9219
-0.02,0.6,0.9975,0.9238
0.0,0.6,0.9977,0.9257
0.02,0.6,0.9978,0.9275
0.04,0.6,0.998,0.9294
0.06,0.6,0.9981,0.9311
0.08,0.6,0.9982,0.9328
0.1,0.6,0.9983,0.9345
0.12,0.6,0.9984,0.9362
0.14,0.6,0.9985,0.9378
0.16,0.6,0.9986,0.9393
0.18,0.6,0.9987,0.9409
0.2,0.6,0.9988,0.9406
0.22,0.6,0.9989,0.9398
0.24,0.6,0.999,0.9391
0.26,0.6,0.999,0.9383
0.28,0.6,0.9991,0.9375
0.3,0.6,0.9991,0.9367
0.32,0.6,0.9992,0.9359
0.34,0.6,0.9992,0.9351
0.36,0.6,0.9993,0.9343
0.38,0.6,0.9993,0.9328
0.4,0.6,0.9994,0.9293
0.42,0.6,0.9994,0.9224
0.44,0.6,0.9994,0.9127
0.46,0.6,0.9994,0.8994
0.48,0.6,0.9989,0.8763
0.5,0.6,0.998,0.8488
0.52,0.6,0.996,0.8164
0.54,0.6,0.9908,0.7789
0.56,0.6,0.9756,0.7362
0.58,0.6,0.9358,0.6885
0.6,0.6,0.8413,0.6365
0.62,0.6,0.6586,0.5811
0.64,0.6,0.4124,0.5236
0.66,0.6,0.2034,0.4654
0.68,0.6,0.085,0.4009
0.7,0.6,0.0327,0.3383
0.72,0.6,0.0122,0.2809
0.74,0.6,0.0045,0.2298
0.76,0.6,0.0016,0.1857
0.78,0.6,0.0006,0.1483
0.8,0.6,0.0002,0.1174
0.82,0.6,1e-04,0.0923
0.84,0.6,0.0,0.0721
0.86,0.6,0.0,0.056
0.88,0.6,0.0,0.0434
0.9,0.6,0.0,0.0335
0.92,0.6,0.0,0.0258
0.94,0.6,0.0,0.0198
0.96,0.6,0.0,0.0152
0.98,0.6,0.0,0.0117
1.0,0.6,0.0,0.0089
1.02,0.6,0.0,0.0068
1.04,0.6,0.0,0.0052
1.06,0.6,0.0,0.004
1.08,0.6,0.0,0.0031
1.1,0.6,0.0,0.0023
1.12,0.6,0.0,0.0018
1.14,0.6,0.0,0.0014
1.16,0.6,0.0,0.001
1.18,0.6,0.0,0.0008
1.2,0.6,0.0,0.0006
1.22,0.6,0.0,0.0005
1.24,0.6,0.0,0.0004
1.26,0.6,0.0,0.0003
1.28,0.6,0.0,0.0002
1.3,0.6,0.0,0.0002
1.32,0.6,0.0,1e-04
1.34,0.6,0.0,1e-04
1.36,0.6,0.0,1e-04
1.38,0.6,0.0,1e-04
1.4,0.6,0.0,1e-04
1.42,0.6,0.0,0.0
1.44,0.6,0.0,0.0
1.46,0.6,0.0,0.0
1.48,0.6,0.0,0.0
1.5,0.6,0.0,0.0
1.52,0.6,0.0,0.0
1.54,0.6,0.0,0.0
1.56,0.6,0.0,0.0
1.58,0.6,0.0,0.0
1.6,0.6,0.0,0.0
-1.6,0.62,0.0,0.0
-1.58,0.62,0.0,0.0
-1.56,0.62,0.0,0.0
-1.54,0.62,0.0,0.0
-1.52,0.62,0.0,0.0
-1.5,0.62,0.0,0.0
-1.48,0.62,0.0,0.0
-1.46,0.62,0.0,0.0
-1.44,0.62,0.0,0.0
-1.42,0.62,0.0,0.0
-1.4,0.62,0.0,0.0
-1.38,0.62,0.0,0.0
-1.36,0.62,0.0,0.0
-1.34,0.62,0.0,0.0
-1.32,0.62,0.0,0.0
-1.3,0.62,0.0,0.0
-1.28,0.62,0.0,0.0
-1.26,0.62,0.0,0.0
-1.24,0.62,0.0,0.0
-1.22,0.62,0.0,0.0
-1.2,0.62,0.0,1e-04
-1.18,0.62,0.0,1e-04
-1.16,0.62,0.0,0.0002
-1.14,0.62,0.0,0.0002
-1.12,0.62,0.0,0.0004
-1.1,0.62,0.0,0.0005
-1.08,0.62,0.0,0.0008
-1.06,0.62,0.0,0.0013
-1.04,0.62,0.0,0.0019
-1.02,0.62,0.0,0.0029
-1.0,0.62,1e-04,0.0044
-0.98,0.62,1e-04,0.0067
-0.96,0.62,0.0004,0.0101
-0.94,0.62,0.0009,0.0153
-0.92,0.62,0.0022,0.0228
-0.9,0.62,0.0056,0.034
-0.88,0.62,0.014,0.0502
-0.86,0.62,0.0345,0.0736
-0.84,0.62,0.0825,0.1064
-0.82,0.62,0.1848,0.1506
-0.8,0.62,0.3637,0.209
-0.78,0.62,0.5904,0.2825
-0.76,0.62,0.7842,0.3698
-0.74,0.62,0.9016,0.4664
-0.72,0.62,0.9585,0.5657
-0.7,0.62,0.983,0.6586
-0.68,0.62,0.9907,0.722
-0.66,0.62,0.9929,0.7541
-0.64,0.62,0.9939,0.7666
-0.62,0.62,0.9947,0.7751
-0.6,0.62,0.9953,0.7829
-0.58,0.62,0.996,0.7904
-0.56,0.62,0.9965,0.7977
-0.54,0.62,0.9969,0.8049
-0.52,0.62,0.997,0.8118
-0.5,0.62,0.9968,0.8184
-0.48,0.62,0.9965,0.8249
-0.46,0.62,0.996,0.8312
-0.44,0.62,0.9954,0.837
-0.42,0.62,0.9948,0.8419
-0.4,0.62,0.9941,0.8465
-0.38,0.62,0.9932,0.8504
-0.36,0.62,0.9923,0.8535
-0.34,0.62,0.9912,0.8563
-0.32,0.62,0.99,0.8591
-0.3,0.62,0.9887,0.8619
-0.28,0.62,0.9871,0.8646
-0.26,0.62,0.9854,0.8673
-0.24,0.62,0.9834,0.8701
-0.22,0.62,0.9824,0.8729
-0.2,0.62,0.9822,0.8756
-0.18,0.62,0.9819,0.8783
-0.16,0.62,0.9816,0.881
-0.14,0.62,0.9813,0.8836
-0.12,0.62,0.9868,0.8861
-0.1,0.62,0.9904,0.8886
-0.08,0.62,0.9907,0.8911
-0.06,0.62,0.991,0.8936
-0.04,0.62,0.9916,0.8962
-0.02,0.62,0.9921,0.8987
0.0,0.62,0.9926,0.9011
0.02,0.62,0.9931,0.9035
0.04,0.62,0.9936,0.9059
0.06,0.62,0.994,0.9081
0.08,0.62,0.9944,0.9104
0.1,0.62,0.9947,0.9126
0.12,0.62,0.9951,0.9147
0.14,0.62,0.9954,0.9168
0.16,0.62,0.9957,0.9189
0.18,0.62,0.996,0.9209
0.2,0.62,0.9962,0.9207
0.22,0.62,0.9965,0.9197
0.24,0.62,0.9967,0.9187
0.26,0.62,0.9969,0.9177
0.28,0.62,0.9971,0.9167
0.3,0.62,0.9973,0.9156
0.32,0.62,0.9975,0.9146
0.34,0.62,0.9976,0.9136
0.36,0.62,0.9978,0.9125
0.38,0.62,0.9979,0.9114
0.4,0.62,0.9981,0.9103
0.42,0.62,0.9982,0.9066
0.44,0.62,0.9983,0.8972
0.46,0.62,0.9983,0.8845
0.48,0.62,0.9971,0.8586
0.5,0.62,0.995,0.8278
0.52,0.62,0.9913,0.7921
0.54,0.62,0.9827,0.7511
0.56,0.62,0.9624,0.7051
0.58,0.62,0.9056,0.6544
0.6,0.62,0.7775,0.6
0.62,0.62,0.5598,0.5431
0.64,0.62,0.3163,0.4849
0.66,0.62,0.1441,0.4272
0.68,0.62,0.0577,0.3714
0.7,0.62,0.0218,0.3134
0.72,0.62,0.008,0.2586
0.74,0.62,0.0029,0.2104
0.76,0.62,0.0011,0.1691
0.78,0.62,0.0004,0.1346
0.8,0.62,1e-04,0.1062
0.82,0.62,1e-04,0.0832
0.84,0.62,0.0,0.0648
0.86,0.62,0.0,0.0503
0.88,0.62,0.0,0.0389
0.9,0.62,0.0,0.03
0.92,0.62,0.0,0.0231
0.94,0.62,0.0,0.0177
0.96,0.62,0.0,0.0136
0.98,0.62,0.0,0.0104
1.0,0.62,0.0,0.008
1.02,0.62,0.0,0.0061
1.04,0.62,0.0,0.0047
1.06,0.62,0.0,0.0036
1.08,0.62,0.0,0.0027
1.1,0.62,0.0,0.0021
1.12,0.62,0.0,0.0016
1.14,0.62,0.0,0.0012
1.16,0.62,0.0,0.0009
1.18,0.62,0.0,0.0007
1.2,0.62,0.0,0.0005
1.22,0.62,0.0,0.0004
1.24,0.62,0.0,0.0003
1.26,0.62,0.0,0.0003
1.28,0.62,0.0,0.0002
1.3,0.62,0.0,0.0002
1.32,0.62,0.0,1e-04
1.34,0.62,0.0,1e-04
1.36,0.62,0.0,1e-04
1.38,0.62,0.0,1e-04
1.4,0.62,0.0,0.0
1.42,0.62,0.0,0.0
1.44,0.62,0.0,0.0
1.46,0.62,0.0,0.0
1.48,0.62,0.0,0.0
1.5,0.62,0.0,0.0
1.52,0.62,0.0,0.0
1.54,0.62,0.0,0.0
1.56,0.62,0.0,0.0
1.58,0.62,0.0,0.0
1.6,0.62,0.0,0.0
-1.6,0.64,0.0,0.0
-1.58,0.64,0.0,0.0
-1.56,0.64,0.0,0.0
-1.54,0.64,0.0,0.0
-1.52,0.64,0.0,0.0
-1.5,0.64,0.0,0.0
-1.48,0.64,0.0,0.0
-1.46,0.64,0.0,0.0
-1.44,0.64,0.0,0.0
-1.42,0.64,0.0,0.0
-1.4,0.64,0.0,0.0
-1.38,0.64,0.0,0.0
-1.36,0.64,0.0,0.0
-1.34,0.64,0.0,0.0
-1.32,0.64,0.0,0.0
-1.3,0.64,0.0,0.0
-1.28,0.64,0.0,0.0
-1.26,0.64,0.0,0.0
-1.24,0.64,0.0,0.0
-1.22,0.64,0.0,0.0
-1.2,0.64,0.0,1e-04
-1.18,0.64,0.0,1e-04
-1.16,0.64,0.0,1e-04
-1.14,0.64,0.0,0.0002
-1.12,0.64,0.0,0.0003
-1.1,0.64,0.0,0.0005
-1.08,0.64,0.0,0.0008
-1.06,0.64,0.0,0.0012
-1.04,0.64,0.0,0.0018
-1.02,0.64,0.0,0.0027
-1.0,0.64,0.0,0.004
-0.98,0.64,1e-04,0.0061
-0.96,0.64,0.0003,0.0091
-0.94,0.64,0.0008,0.0137
-0.92,0.64,0.002,0.0204
-0.9,0.64,0.0049,0.0303
-0.88,0.64,0.0123,0.0447
-0.86,0.64,0.0303,0.0653
-0.84,0.64,0.0731,0.0943
-0.82,0.64,0.1658,0.1343
-0.8,0.64,0.3339,0.1878
-0.78,0.64,0.5583,0.2562
-0.76,0.64,0.7612,0.3392
-0.74,0.64,0.8894,0.4334
-0.72,0.64,0.953,0.5324
-0.7,0.64,0.979,0.6209
-0.68,0.64,0.9864,0.6728
-0.66,0.64,0.9887,0.6971
-0.64,0.64,0.9901,0.7086
-0.62,0.64,0.9914,0.7178
-0.6,0.64,0.9925,0.7268
-0.58,0.64,0.9935,0.7356
-0.56,0.64,0.9943,0.7442
-0.54,0.64,0.995,0.7527
-0.52,0.64,0.995,0.7608
-0.5,0.64,0.9946,0.7687
-0.48,0.64,0.994,0.7765
-0.46,0.64,0.9931,0.7839
-0.44,0.64,0.9922,0.7907
-0.42,0.64,0.9911,0.7966
-0.4,0.64,0.9899,0.802
-0.38,0.64,0.9885,0.8064
-0.36,0.64,0.9869,0.8101
-0.34,0.64,0.9851,0.8136
-0.32,0.64,0.9831,0.8171
-0.3,0.64,0.9808,0.8205
-0.28,0.64,0.9782,0.8239
-0.26,0.64,0.9753,0.8272
-0.24,0.64,0.972,0.8305
-0.22,0.64,0.9682,0.8338
-0.2,0.64,0.9661,0.8372
-0.18,0.64,0.9656,0.8405
-0.16,0.64,0.9651,0.8439
-0.14,0.64,0.9637,0.8471
-0.12,0.64,0.9685,0.8504
-0.1,0.64,0.9694,0.8535
-0.08,0.64,0.9703,0.8567
-0.06,0.64,0.9721,0.86
-0.04,0.64,0.9739,0.8633
-0.02,0.64,0.9755,0.8664
0.0,0.64,0.9771,0.8695
0.02,0.64,0.9785,0.8726
0.04,0.64,0.9799,0.8756
0.06,0.64,0.9812,0.8785
0.08,0.64,0.9824,0.8814
0.1,0.64,0.9835,0.8842
0.12,0.64,0.9845,0.887
0.14,0.64,0.9855,0.8896
0.16,0.64,0.9865,0.8923
0.18,0.64,0.9873,0.8949
0.2,0.64,0.9881,0.8949
0.22,0.64,0.9889,0.8936
0.24,0.64,0.9896,0.8923
0.26,0.64,0.9903,0.891
0.28,0.64,0.9909,0.8897
0.3,0.64,0.9915,0.8884
0.32,0.64,0.992,0.8871
0.34,0.64,0.9925,0.8857
0.36,0.64,0.993,0.8843
0.38,0.64,0.9935,0.883
0.4,0.64,0.9939,0.8816
0.42,0.64,0.9943,0.8802
0.44,0.64,0.9947,0.8774
0.46,0.64,0.9949,0.865
0.48,0.64,0.9924,0.8387
0.5,0.64,0.987,0.8047
0.52,0.64,0.9779,0.7654
0.54,0.64,0.9618,0.7211
0.56,0.64,0.9273,0.6719
0.58,0.64,0.8573,0.6187
0.6,0.64,0.6965,0.5624
0.62,0.64,0.456,0.5045
0.64,0.64,0.2337,0.4464
0.66,0.64,0.0999,0.3898
0.68,0.64,0.0388,0.336
0.7,0.64,0.0145,0.2862
0.72,0.64,0.0053,0.2374
0.74,0.64,0.0019,0.1921
0.76,0.64,0.0007,0.1538
0.78,0.64,0.0003,0.1219
0.8,0.64,1e-04,0.0959
0.82,0.64,0.0,0.0749
0.84,0.64,0.0,0.0583
0.86,0.64,0.0,0.0452
0.88,0.64,0.0,0.0349
0.9,0.64,0.0,0.0269
0.92,0.64,0.0,0.0206
0.94,0.64,0.0,0.0159
0.96,0.64,0.0,0.0122
0.98,0.64,0.0,0.0093
1.0,0.64,0.0,0.0071
1.02,0.64,0.0,0.0055
1.04,0.64,0.0,0.0042
1.06,0.64,0.0,0.0032
1.08,0.64,0.0,0.0024
1.1,0.64,0.0,0.0019
1.12,0.64,0.0,0.0014
1.14,0.64,0.0,0.0011
1.16,0.64,0.0,0.0008
1.18,0.64,0.0,0.0006
1.2,0.64,0.0,0.0005
1.22,0.64,0.0,0.0004
1.24,0.64,0.0,0.0003
1.26,0.64,0.0,0.0002
1.28,0.64,0.0,0.0002
1.3,0.64,0.0,1e-04
1.32,0.64,0.0,1e-04
1.34,0.64,0.0,1e-04
1.36,0.64,0.0,1e-04
1.38,0.64,0.0,1e-04
1.4,0.64,0.0,0.0
1.42,0.64,0.0,0.0
1.44,0.64,0.0,0.0
1.46,0.64,0.0,0.0
1.48,0.64,0.0,0.0
1.5,0.64,0.0,0.0
1.52,0.64,0.0,0.0
1.54,0.64,0.0,0.0
1.56,0.64,0.0,0.0
1.58,0.64,0.0,0.0
1.6,0.64,0.0,0.0
-1.6,0.66,0.0,0.0
-1.58,0.66,0.0,0.0
-1.56,0.66,0.0,0.0
-1.54,0.66,0.0,0.0
-1.52,0.66,0.0,0.0
-1.5,0.66,0.0,0.0
-1.48,0.66,0.0,0.0
-1.46,0.66,0.0,0.0
-1.44,0.66,0.0,0.0
-1.42,0.66,0.0,0.0
-1.4,0.66,0.0,0.0
-1.38,0.66,0.0,0.0
-1.36,0.66,0.0,0.0
-1.34,0.66,0.0,0.0
-1.32,0.66,0.0,0.0
-1.3,0.66,0.0,0.0
-1.28,0.66,0.0,0.0
-1.26,0.66,0.0,0.0
-1.24,0.66,0.0,0.0
-1.22,0.66,0.0,0.0
-1.2,0.66,0.0,1e-04
-1.18,0.66,0.0,1e-04
-1.16,0.66,0.0,1e-04
-1.14,0.66,0.0,0.0002
-1.12,0.66,0.0,0.0003
-1.1,0.66,0.0,0.0005
-1.08,0.66,0.0,0.0007
-1.06,0.66,0.0,0.0011
-1.04,0.66,0.0,0.0016
-1.02,0.66,0.0,0.0024
-1.0,0.66,0.0,0.0036
-0.98,0.66,1e-04,0.0054
-0.96,0.66,0.0003,0.0081
-0.94,0.66,0.0007,0.0122
-0.92,0.66,0.0017,0.0181
-0.9,0.66,0.0043,0.0268
-0.88,0.66,0.0108,0.0394
-0.86,0.66,0.0267,0.0576
-0.84,0.66,0.0647,0.0835
-0.82,0.66,0.1484,0.1195
-0.8,0.66,0.3053,0.1683
-0.78,0.66,0.5257,0.2316
-0.76,0.66,0.7365,0.3099
-0.74,0.66,0.8758,0.4009
-0.72,0.66,0.9465,0.4978
-0.7,0.66,0.9716,0.5723
-0.68,0.66,0.9788,0.6139
-0.66,0.66,0.9818,0.6307
-0.64,0.66,0.9841,0.6421
-0.62,0.66,0.9861,0.6524
-0.6,0.66,0.9879,0.6625
-0.58,0.66,0.9895,0.6724
-0.56,0.66,0.9908,0.6822
-0.54,0.66,0.9918,0.6917
-0.52,0.66,0.9917,0.701
-0.5,0.66,0.991,0.7102
-0.48,0.66,0.9897,0.7192
-0.46,0.66,0.9883,0.7278
-0.44,0.66,0.9867,0.7353
-0.42,0.66,0.9849,0.7422
-0.4,0.66,0.9829,0.7483
-0.38,0.66,0.9805,0.7532
-0.36,0.66,0.9779,0.7575
-0.34,0.66,0.9749,0.7617
-0.32,0.66,0.9715,0.7659
-0.3,0.66,0.9677,0.77
-0.28,0.66,0.9634,0.774
-0.26,0.66,0.9585,0.778
-0.24,0.66,0.9531,0.782
-0.22,0.66,0.9469,0.7859
-0.2,0.66,0.94,0.7898
-0.18,0.66,0.9353,0.7938
-0.16,0.66,0.9319,0.7979
-0.14,0.66,0.9064,0.8019
-0.12,0.66,0.9041,0.8059
-0.1,0.66,0.9068,0.8098
-0.08,0.66,0.9115,0.8139
-0.06,0.66,0.9168,0.818
-0.04,0.66,0.9218,0.822
-0.02,0.66,0.9265,0.8259
0.0,0.66,0.9309,0.8298
0.02,0.66,0.9351,0.8336
0.04,0.66,0.939,0.8373
0.06,0.66,0.9428,0.841
0.08,0.66,0.9463,0.8446
0.1,0.66,0.9496,0.8481
0.12,0.66,0.9527,0.8516
0.14,0.66,0.9556,0.855
0.16,0.66,0.9584,0.8583
0.18,0.66,0.961,0.8616
0.2,0.66,0.9634,0.8619
0.22,0.66,0.9657,0.8603
0.24,0.66,0.9679,0.8587
0.26,0.66,0.9699,0.8571
0.28,0.66,0.9718,0.8554
0.3,0.66,0.9736,0.8538
0.32,0.66,0.9752,0.8521
0.34,0.66,0.9768,0.8504
0.36,0.66,0.9783,0.8487
0.38,0.66,0.9796,0.8469
0.4,0.66,0.9809,0.8452
0.42,0.66,0.9822,0.8434
0.44,0.66,0.9833,0.8417
0.46,0.66,0.9844,0.8399
0.48,0.66,0.9801,0.8167
0.5,0.66,0.9664,0.7792
0.52,0.66,0.9437,0.7365
0.54,0.66,0.9071,0.6889
0.56,0.66,0.8483,0.6369
0.58,0.66,0.7407,0.5815
0.6,0.66,0.5809,0.524
0.62,0.66,0.354,0.4659
0.64,0.66,0.1674,0.4086
0.66,0.66,0.0682,0.3537
0.68,0.66,0.0259,0.3024
0.7,0.66,0.0096,0.2557
0.72,0.66,0.0035,0.2139
0.74,0.66,0.0013,0.1751
0.76,0.66,0.0005,0.1396
0.78,0.66,0.0002,0.1103
0.8,0.66,1e-04,0.0865
0.82,0.66,0.0,0.0674
0.84,0.66,0.0,0.0524
0.86,0.66,0.0,0.0405
0.88,0.66,0.0,0.0312
0.9,0.66,0.0,0.024
0.92,0.66,0.0,0.0185
0.94,0.66,0.0,0.0142
0.96,0.66,0.0,0.0109
0.98,0.66,0.0,0.0083
1.0,0.66,0.0,0.0064
1.02,0.66,0.0,0.0049
1.04,0.66,0.0,0.0037
1.06,0.66,0.0,0.0029
1.08,0.66,0.0,0.0022
1.1,0.66,0.0,0.0017
1.12,0.66,0.0,0.0013
1.14,0.66,0.0,0.001
1.16,0.66,0.0,0.0007
1.18,0.66,0.0,0.0006
1.2,0.66,0.0,0.0004
1.22,0.66,0.0,0.0003
1.24,0.66,0.0,0.0003
1.26,0.66,0.0,0.0002
1.28,0.66,0.0,0.0002
1.3,0.66,0.0,1e-04
1.32,0.66,0.0,1e-04
1.34,0.66,0.0,1e-04
1.36,0.66,0.0,1e-04
1.38,0.66,0.0,1e-04
1.4,0.66,0.0,0.0
1.42,0.66,0.0,0.0
1.44,0.66,0.0,0.0
1.46,0.66,0.0,0.0
1.48,0.66,0.0,0.0
1.5,0.66,0.0,0.0
1.52,0.66,0.0,0.0
1.54,0.66,0.0,0.0
1.56,0.66,0.0,0.0
1.58,0.66,0.0,0.0
1.6,0.66,0.0,0.0
-1.6,0.68,0.0,0.0
-1.58,0.68,0.0,0.0
-1.56,0.68,0.0,0.0
-1.54,0.68,0.0,0.0
-1.52,0.68,0.0,0.0
-1.5,0.68,0.0,0.0
-1.48,0.68,0.0,0.0
-1.46,0.68,0.0,0.0
-1.44,0.68,0.0,0.0
-1.42,0.68,0.0,0.0
-1.4,0.68,0.0,0.0
-1.38,0.68,0.0,0.0
-1.36,0.68,0.0,0.0
-1.34,0.68,0.0,0.0
-1.32,0.68,0.0,0.0
-1.3,0.68,0.0,0.0
-1.28,0.68,0.0,0.0
-1.26,0.68,0.0,0.0
-1.24,0.68,0.0,0.0
-1.22,0.68,0.0,0.0
-1.2,0.68,0.0,1e-04
-1.18,0.68,0.0,1e-04
-1.16,0.68,0.0,1e-04
-1.14,0.68,0.0,0.0002
-1.12,0.68,0.0,0.0003
-1.1,0.68,0.0,0.0004
-1.08,0.68,0.0,0.0006
-1.06,0.68,0.0,0.001
-1.04,0.68,0.0,0.0014
-1.02,0.68,0.0,0.0021
-1.0,0.68,0.0,0.0032
-0.98,0.68,1e-04,0.0048
-0.96,0.68,0.0002,0.0072
-0.94,0.68,0.0006,0.0107
-0.92,0.68,0.0015,0.0159
-0.9,0.68,0.0038,0.0235
-0.88,0.68,0.0094,0.0347
-0.86,0.68,0.0235,0.0508
-0.84,0.68,0.0572,0.0738
-0.82,0.68,0.1326,0.1062
-0.8,0.68,0.2782,0.1504
-0.78,0.68,0.4929,0.2087
-0.76,0.68,0.7102,0.2821
-0.74,0.68,0.8607,0.3691
-0.72,0.68,0.9358,0.4572
-0.7,0.68,0.9594,0.5151
-0.68,0.68,0.9665,0.5445
-0.66,0.68,0.9709,0.5587
-0.64,0.68,0.9746,0.5697
-0.62,0.68,0.9778,0.5807
-0.6,0.68,0.9806,0.5915
-0.58,0.68,0.9831,0.6023
-0.56,0.68,0.9853,0.6129
-0.54,0.68,0.9865,0.6233
-0.52,0.68,0.986,0.6336
-0.5,0.68,0.9847,0.6437
-0.48,0.68,0.9826,0.6538
-0.46,0.68,0.9802,0.6631
-0.44,0.68,0.9775,0.6713
-0.42,0.68,0.9745,0.679
-0.4,0.68,0.9711,0.6856
-0.38,0.68,0.9672,0.6909
-0.36,0.68,0.9628,0.6958
-0.34,0.68,0.9579,0.7007
-0.32,0.68,0.9523,0.7055
-0.3,0.68,0.9461,0.7102
-0.28,0.68,0.9391,0.715
-0.26,0.68,0.9312,0.7196
-0.24,0.68,0.9224,0.7243
-0.22,0.68,0.9126,0.7288
-0.2,0.68,0.9004,0.7334
-0.18,0.68,0.8746,0.7379
-0.16,0.68,0.8154,0.7425
-0.14,0.68,0.7494,0.7472
-0.12,0.68,0.743,0.752
-0.1,0.68,0.7529,0.7569
-0.08,0.68,0.7652,0.7618
-0.06,0.68,0.777,0.7667
-0.04,0.68,0.7884,0.7715
-0.02,0.68,0.7994,0.7763
0.0,0.68,0.8099,0.781
0.02,0.68,0.82,0.7856
0.04,0.68,0.8297,0.7901
0.06,0.68,0.8389,0.7946
0.08,0.68,0.8478,0.799
0.1,0.68,0.8562,0.8033
0.12,0.68,0.8643,0.8076
0.14,0.68,0.872,0.8118
0.16,0.68,0.8793,0.8159
0.18,0.68,0.8862,0.8199
0.2,0.68,0.8928,0.8207
0.22,0.68,0.899,0.8187
0.24,0.68,0.905,0.8167
0.26,0.68,0.9106,0.8147
0.28,0.68,0.9159,0.8127
0.3,0.68,0.9209,0.8106
0.32,0.68,0.9256,0.8086
0.34,0.68,0.9301,0.8065
0.36,0.68,0.9344,0.8044
0.38,0.68,0.9384,0.8023
0.4,0.68,0.9421,0.8002
0.42,0.68,0.9457,0.798
0.44,0.68,0.949,0.7958
0.46,0.68,0.9522,0.7936
0.48,0.68,0.949,0.7867
0.5,0.68,0.916,0.7514
0.52,0.68,0.8641,0.7054
0.54,0.68,0.7875,0.6548
0.56,0.68,0.6835,0.6005
0.58,0.68,0.5538,0.5435
0.6,0.68,0.3901,0.4854
0.62,0.68,0.2386,0.4276
0.64,0.68,0.1151,0.3718
0.66,0.68,0.046,0.3192
0.68,0.68,0.0172,0.2708
0.7,0.68,0.0063,0.2273
0.72,0.68,0.0023,0.189
0.74,0.68,0.0008,0.1559
0.76,0.68,0.0003,0.1265
0.78,0.68,1e-04,0.0996
0.8,0.68,0.0,0.0779
0.82,0.68,0.0,0.0607
0.84,0.68,0.0,0.047
0.86,0.68,0.0,0.0363
0.88,0.68,0.0,0.028
0.9,0.68,0.0,0.0215
0.92,0.68,0.0,0.0165
0.94,0.68,0.0,0.0127
0.96,0.68,0.0,0.0097
0.98,0.68,0.0,0.0074
1.0,0.68,0.0,0.0057
1.02,0.68,0.0,0.0044
1.04,0.68,0.0,0.0033
1.06,0.68,0.0,0.0025
1.08,0.68,0.0,0.0019
1.1,0.68,0.0,0.0015
1.12,0.68,0.0,0.0011
1.14,0.68,0.0,0.0009
1.16,0.68,0.0,0.0007
1.18,0.68,0.0,0.0005
1.2,0.68,0.0,0.0004
1.22,0.68,0.0,0.0003
1.24,0.68,0.0,0.0002
1.26,0.68,0.0,0.0002
1.28,0.68,0.0,0.0002
1.3,0.68,0.0,1e-04
1.32,0.68,0.0,1e-04
1.34,0.68,0.0,1e-04
1.36,0.68,0.0,1e-04
1.38,0.68,0.0,0.0
1.4,0.68,0.0,0.0
1.42,0.68,0.0,0.0
1.44,0.68,0.0,0.0
1.46,0.68,0.0,0.0
1.48,0.68,0.0,0.0
1.5,0.68,0.0,0.0
1.52,0.68,0.0,0.0
1.54,0.68,0.0,0.0
1.56,0.68,0.0,0.0
1.58,0.68,0.0,0.0
1.6,0.68,0.0,0.0
-1.6,0.7,0.0,0.0
-1.58,0.7,0.0,0.0
-1.56,0.7,0.0,0.0
-1.54,0.7,0.0,0.0
-1.52,0.7,0.0,0.0
-1.5,0.7,0.0,0.0
-1.48,0.7,0.0,0.0
-1.46,0.7,0.0,0.0
-1.44,0.7,0.0,0.0
-1.42,0.7,0.0,0.0
-1.4,0.7,0.0,0.0
-1.38,0.7,0.0,0.0
-1.36,0.7,0.0,0.0
-1.34,0.7,0.0,0.0
-1.32,0.7,0.0,0.0
-1.3,0.7,0.0,0.0
-1.28,0.7,0.0,0.0
-1.26,0.7,0.0,0.0
-1.24,0.7,0.0,0.0
-1.22,0.7,0.0,0.0
-1.2,0.7,0.0,0.0
-1.18,0.7,0.0,1e-04
-1.16,0.7,0.0,1e-04
-1.14,0.7,0.0,0.0002
-1.12,0.7,0.0,0.0002
-1.1,0.7,0.0,0.0004
-1.08,0.7,0.0,0.0006
-1.06,0.7,0.0,0.0008
-1.04,0.7,0.0,0.0013
-1.02,0.7,0.0,0.0019
-1.0,0.7,0.0,0.0028
-0.98,0.7,1e-04,0.0042
-0.96,0.7,0.0002,0.0063
-0.94,0.7,0.0005,0.0094
-0.92,0.7,0.0013,0.014
-0.9,0.7,0.0033,0.0206
-0.88,0.7,0.0083,0.0305
-0.86,0.7,0.0206,0.0447
-0.84,0.7,0.0505,0.0652
-0.82,0.7,0.1182,0.0941
-0.8,0.7,0.2526,0.1341
-0.78,0.7,0.4602,0.1875
-0.76,0.7,0.6825,0.2559
-0.74,0.7,0.844,0.3374
-0.72,0.7,0.9163,0.4082
-0.7,0.7,0.9386,0.4516
-0.68,0.7,0.9472,0.4704
-0.66,0.7,0.9537,0.4829
-0.64,0.7,0.9595,0.4941
-0.62,0.7,0.9646,0.5054
-0.6,0.7,0.969,0.5166
-0.58,0.7,0.973,0.5276
-0.56,0.7,0.9764,0.5386
-0.54,0.7,0.9779,0.5495
-0.52,0.7,0.9766,0.5604
-0.5,0.7,0.9741,0.5712
-0.48,0.7,0.9706,0.5819
-0.46,0.7,0.9667,0.5916
-0.44,0.7,0.9623,0.6003
-0.42,0.7,0.9572,0.6083
-0.4,0.7,0.9516,0.6151
-0.38,0.7,0.9453,0.6207
-0.36,0.7,0.9382,0.6262
-0.34,0.7,0.9302,0.6315
-0.32,0.7,0.9213,0.6369
-0.3,0.7,0.9113,0.6422
-0.28,0.7,0.9003,0.6475
-0.26,0.7,0.888,0.6527
-0.24,0.7,0.8743,0.6579
-0.22,0.7,0.8556,0.6631
-0.2,0.7,0.8014,0.6682
-0.18,0.7,0.7091,0.6733
-0.16,0.7,0.5956,0.6784
-0.14,0.7,0.4802,0.6835
-0.12,0.7,0.474,0.689
-0.1,0.7,0.4907,0.6948
-0.08,0.7,0.5075,0.7006
-0.06,0.7,0.5242,0.7062
-0.04,0.7,0.5409,0.7118
-0.02,0.7,0.5575,0.7174
0.0,0.7,0.5739,0.7229
0.02,0.7,0.5902,0.7283
0.04,0.7,0.6064,0.7336
0.06,0.7,0.6222,0.7389
0.08,0.7,0.6379,0.7441
0.1,0.7,0.6532,0.7492
0.12,0.7,0.6682,0.7543
0.14,0.7,0.6829,0.7593
0.16,0.7,0.6972,0.7642
0.18,0.7,0.7112,0.7691
0.2,0.7,0.7248,0.7705
0.22,0.7,0.7379,0.7681
0.24,0.7,0.7507,0.7657
0.26,0.7,0.763,0.7633
0.28,0.7,0.7749,0.7609
0.3,0.7,0.7864,0.7584
0.32,0.7,0.7974,0.756
0.34,0.7,0.808,0.7535
0.36,0.7,0.8182,0.751
0.38,0.7,0.828,0.7485
0.4,0.7,0.8373,0.7459
0.42,0.7,0.8462,0.7434
0.44,0.7,0.8548,0.7408
0.46,0.7,0.8629,0.7383
0.48,0.7,0.8706,0.7349
0.5,0.7,0.8045,0.7116
0.52,0.7,0.7068,0.6714
0.54,0.7,0.5842,0.6191
0.56,0.7,0.4503,0.5628
0.58,0.7,0.3232,0.5049
0.6,0.7,0.2161,0.4469
0.62,0.7,0.1253,0.3903
0.64,0.7,0.0657,0.3364
0.66,0.7,0.0296,0.2866
0.68,0.7,0.0114,0.2414
0.7,0.7,0.0042,0.2013
0.72,0.7,0.0015,0.1664
0.74,0.7,0.0006,0.1366
0.76,0.7,0.0002,0.1114
0.78,0.7,1e-04,0.0899
0.8,0.7,0.0,0.0702
0.82,0.7,0.0,0.0545
0.84,0.7,0.0,0.0422
0.86,0.7,0.0,0.0325
0.88,0.7,0.0,0.0251
0.9,0.7,0.0,0.0193
0.92,0.7,0.0,0.0148
0.94,0.7,0.0,0.0113
0.96,0.7,0.0,0.0087
0.98,0.7,0.0,0.0066
1.0,0.7,0.0,0.0051
1.02,0.7,0.0,0.0039
1.04,0.7,0.0,0.003
1.06,0.7,0.0,0.0023
1.08,0.7,0.0,0.0017
1.1,0.7,0.0,0.0013
1.12,0.7,0.0,0.001
1.14,0.7,0.0,0.0008
1.16,0.7,0.0,0.0006
1.18,0.7,0.0,0.0005
1.2,0.7,0.0,0.0004
1.22,0.7,0.0,0.0003
1.24,0.7,0.0,0.0002
1.26,0.7,0.0,0.0002
1.28,0.7,0.0,1e-04
1.3,0.7,0.0,1e-04
1.32,0.7,0.0,1e-04
1.34,0.7,0.0,1e-04
1.36,0.7,0.0,1e-04
1.38,0.7,0.0,0.0
1.4,0.7,0.0,0.0
1.42,0.7,0.0,0.0
1.44,0.7,0.0,0.0
1.46,0.7,0.0,0.0
1.48,0.7,0.0,0.0
1.5,0.7,0.0,0.0
1.52,0.7,0.0,0.0
1.54,0.7,0.0,0.0
1.56,0.7,0.0,0.0
1.58,0.7,0.0,0.0
1.6,0.7,0.0,0.0
-1.6,0.72,0.0,0.0
-1.58,0.72,0.0,0.0
-1.56,0.72,0.0,0.0
-1.54,0.72,0.0,0.0
-1.52,0.72,0.0,0.0
-1.5,0.72,0.0,0.0
-1.48,0.72,0.0,0.0
-1.46,0.72,0.0,0.0
-1.44,0.72,0.0,0.0
-1.42,0.72,0.0,0.0
-1.4,0.72,0.0,0.0
-1.38,0.72,0.0,0.0
-1.36,0.72,0.0,0.0
-1.34,0.72,0.0,0.0
-1.32,0.72,0.0,0.0
-1.3,0.72,0.0,0.0
-1.28,0.72,0.0,0.0
-1.26,0.72,0.0,0.0
-1.24,0.72,0.0,0.0
-1.22,0.72,0.0,0.0
-1.2,0.72,0.0,0.0
-1.18,0.72,0.0,1e-04
-1.16,0.72,0.0,1e-04
-1.14,0.72,0.0,1e-04
-1.12,0.72,0.0,0.0002
-1.1,0.72,0.0,0.0003
-1.08,0.72,0.0,0.0005
-1.06,0.72,0.0,0.0007
-1.04,0.72,0.0,0.0011
-1.02,0.72,0.0,0.0017
-1.0,0.72,0.0,0.0025
-0.98,0.72,1e-04,0.0037
-0.96,0.72,0.0002,0.0055
-0.94,0.72,0.0005,0.0082
-0.92,0.72,0.0012,0.0122
-0.9,0.72,0.0029,0.0181
-0.88,0.72,0.0073,0.0268
-0.86,0.72,0.0182,0.0393
-0.84,0.72,0.0445,0.0575
-0.82,0.72,0.1052,0.0834
-0.8,0.72,0.2287,0.1193
-0.78,0.72,0.4278,0.168
-0.76,0.72,0.6534,0.2311
-0.74,0.72,0.8198,0.3024
-0.72,0.72,0.8842,0.3543
-0.7,0.72,0.9055,0.3832
-0.68,0.72,0.9172,0.3971
-0.66,0.72,0.9272,0.408
-0.64,0.72,0.9361,0.4189
-0.62,0.72,0.9439,0.4298
-0.6,0.72,0.9509,0.4407
-0.58,0.72,0.957,0.4516
-0.56,0.72,0.9623,0.4625
-0.54,0.72,0.9635,0.4735
-0.52,0.72,0.9611,0.4845
-0.5,0.72,0.9566,0.4956
-0.48,0.72,0.9509,0.5063
-0.46,0.72,0.9444,0.5158
-0.44,0.72,0.9372,0.5248
-0.42,0.72,0.9291,0.5328
-0.4,0.72,0.9201,0.5393
-0.38,0.72,0.91,0.5452
-0.36,0.72,0.8988,0.5509
-0.34,0.72,0.8864,0.5566
-0.32,0.72,0.8727,0.5622
-0.3,0.72,0.8575,0.5679
-0.28,0.72,0.8409,0.5736
-0.26,0.72,0.8214,0.5792
-0.24,0.72,0.7911,0.5848
-0.22,0.72,0.6999,0.5904
-0.2,0.72,0.5849,0.5959
-0.18,0.72,0.4599,0.6015
-0.16,0.72,0.3397,0.607
-0.14,0.72,0.2391,0.6125
-0.12,0.72,0.2217,0.6185
-0.1,0.72,0.2335,0.6248
-0.08,0.72,0.2457,0.6312
-0.06,0.72,0.2584,0.6375
-0.04,0.72,0.2714,0.6437
-0.02,0.72,0.2849,0.6499
0.0,0.72,0.2987,0.6561
0.02,0.72,0.3129,0.6622
0.04,0.72,0.3275,0.6682
0.06,0.72,0.3425,0.6742
0.08,0.72,0.3577,0.6802
0.1,0.72,0.3733,0.6861
0.12,0.72,0.3891,0.6919
0.14,0.72,0.4051,0.6977
0.16,0.72,0.4214,0.7034
0.18,0.72,0.4378,0.709
0.2,0.72,0.4543,0.7111
0.22,0.72,0.471,0.7084
0.24,0.72,0.4877,0.7056
0.26,0.72,0.5045,0.7028
0.28,0.72,0.5212,0.7
0.3,0.72,0.5379,0.6972
0.32,0.72,0.5545,0.6944
0.34,0.72,0.571,0.6915
0.36,0.72,0.5873,0.6886
0.38,0.72,0.6035,0.6858
0.4,0.72,0.6194,0.6829
0.42,0.72,0.6351,0.68
0.44,0.72,0.6505,0.677
0.46,0.72,0.6655,0.6741
0.48,0.72,0.6803,0.6712
0.5,0.72,0.6049,0.65
0.52,0.72,0.4765,0.6221
0.54,0.72,0.3477,0.5763
0.56,0.72,0.237,0.5245
0.58,0.72,0.1533,0.4663
0.6,0.72,0.0955,0.409
0.62,0.72,0.0577,0.3541
0.64,0.72,0.0311,0.3028
0.66,0.72,0.0155,0.256
0.68,0.72,0.007,0.2142
0.7,0.72,0.0027,0.1776
0.72,0.72,0.001,0.1461
0.74,0.72,0.0004,0.1193
0.76,0.72,1e-04,0.0969
0.78,0.72,0.0,0.0784
0.8,0.72,0.0,0.0631
0.82,0.72,0.0,0.0489
0.84,0.72,0.0,0.0378
0.86,0.72,0.0,0.0292
0.88,0.72,0.0,0.0224
0.9,0.72,0.0,0.0172
0.92,0.72,0.0,0.0132
0.94,0.72,0.0,0.0101
0.96,0.72,0.0,0.0078
0.98,0.72,0.0,0.0059
1.0,0.72,0.0,0.0045
1.02,0.72,0.0,0.0035
1.04,0.72,0.0,0.0027
1.06,0.72,0.0,0.002
1.08,0.72,0.0,0.0016
1.1,0.72,0.0,0.0012
1.12,0.72,0.0,0.0009
1.14,0.72,0.0,0.0007
1.16,0.72,0.0,0.0005
1.18,0.72,0.0,0.0004
1.2,0.72,0.0,0.0003
1.22,0.72,0.0,0.0003
1.24,0.72,0.0,0.0002
1.26,0.72,0.0,0.0002
1.28,0.72,0.0,1e-04
1.3,0.72,0.0,1e-04
1.32,0.72,0.0,1e-04
1.34,0.72,0.0,1e-04
1.36,0.72,0.0,0.0
1.38,0.72,0.0,0.0
1.4,0.72,0.0,0.0
1.42,0.72,0.0,0.0
1.44,0.72,0.0,0.0
1.46,0.72,0.0,0.0
1.48,0.72,0.0,0.0
1.5,0.72,0.0,0.0
1.52,0.72,0.0,0.0
1.54,0.72,0.0,0.0
1.56,0.72,0.0,0.0
1.58,0.72,0.0,0.0
1.6,0.72,0.0,0.0
-1.6,0.74,0.0,0.0
-1.58,0.74,0.0,0.0
-1.56,0.74,0.0,0.0
-1.54,0.74,0.0,0.0
-1.52,0.74,0.0,0.0
-1.5,0.74,0.0,0.0
-1.48,0.74,0.0,0.0
-1.46,0.74,0.0,0.0
-1.44,0.74,0.0,0.0
-1.42,0.74,0.0,0.0
-1.4,0.74,0.0,0.0
-1.38,0.74,0.0,0.0
-1.36,0.74,0.0,0.0
-1.34,0.74,0.0,0.0
-1.32,0.74,0.0,0.0
-1.3,0.74,0.0,0.0
-1.28,0.74,0.0,0.0
-1.26,0.74,0.0,0.0
-1.24,0.74,0.0,0.0
-1.22,0.74,0.0,0.0
-1.2,0.74,0.0,0.0
-1.18,0.74,0.0,1e-04
-1.16,0.74,0.0,1e-04
-1.14,0.74,0.0,1e-04
-1.12,0.74,0.0,0.0002
-1.1,0.74,0.0,0.0003
-1.08,0.74,0.0,0.0004
-1.06,0.74,0.0,0.0007
-1.04,0.74,0.0,0.001
-1.02,0.74,0.0,0.0015
-1.0,0.74,0.0,0.0022
-0.98,0.74,1e-04,0.0033
-0.96,0.74,0.0002,0.0049
-0.94,0.74,0.0004,0.0072
-0.92,0.74,0.001,0.0107
-0.9,0.74,0.0025,0.0159
-0.88,0.74,0.0064,0.0235
-0.86,0.74,0.016,0.0346
-0.84,0.74,0.0393,0.0507
-0.82,0.74,0.0935,0.0737
-0.8,0.74,0.2063,0.106
-0.78,0.74,0.396,0.1501
-0.76,0.74,0.6231,0.2073
-0.74,0.74,0.7761,0.2622
-0.72,0.74,0.8347,0.2988
-0.7,0.74,0.8564,0.3159
-0.68,0.74,0.8727,0.3271
-0.66,0.74,0.8874,0.3371
-0.64,0.74,0.9006,0.3472
-0.62,0.74,0.9124,0.3573
-0.6,0.74,0.9229,0.3675
-0.58,0.74,0.9322,0.3778
-0.56,0.74,0.9397,0.3882
-0.54,0.74,0.9402,0.3987
-0.52,0.74,0.9358,0.4094
-0.5,0.74,0.9281,0.42
-0.48,0.74,0.9189,0.4302
-0.46,0.74,0.9087,0.4392
-0.44,0.74,0.8974,0.4479
-0.42,0.74,0.8848,0.4555
-0.4,0.74,0.8709,0.4617
-0.38,0.74,0.8556,0.4674
-0.36,0.74,0.8388,0.4732
-0.34,0.74,0.8205,0.4789
-0.32,0.74,0.8005,0.4847
-0.3,0.74,0.779,0.4904
-0.28,0.74,0.7515,0.4962
-0.26,0.74,0.6904,0.502
-0.24,0.74,0.5741,0.5077
-0.22,0.74,0.4489,0.5135
-0.2,0.74,0.3298,0.5192
-0.18,0.74,0.2292,0.525
-0.16,0.74,0.153,0.5307
-0.14,0.74,0.1017,0.5369
-0.12,0.74,0.0901,0.5431
-0.1,0.74,0.0879,0.5494
-0.08,0.74,0.0934,0.5559
-0.06,0.74,0.0992,0.5626
-0.04,0.74,0.1054,0.5693
-0.02,0.74,0.1119,0.5759
0.0,0.74,0.1187,0.5825
0.02,0.74,0.1259,0.5891
0.04,0.74,0.1335,0.5957
0.06,0.74,0.1414,0.6022
0.08,0.74,0.1497,0.6087
0.1,0.74,0.1585,0.6152
0.12,0.74,0.1676,0.6216
0.14,0.74,0.1772,0.6279
0.16,0.74,0.1872,0.6343
0.18,0.74,0.1976,0.6405
0.2,0.74,0.2084,0.6436
0.22,0.74,0.2197,0.6405
0.24,0.74,0.2314,0.6374
0.26,0.74,0.2435,0.6343
0.28,0.74,0.2561,0.6312
0.3,0.74,0.2691,0.628
0.32,0.74,0.2824,0.6249
0.34,0.74,0.2962,0.6218
0.36,0.74,0.3104,0.6186
0.38,0.74,0.3249,0.6154
0.4,0.74,0.3398,0.6123
0.42,0.74,0.355,0.6091
0.44,0.74,0.3704,0.6059
0.46,0.74,0.3862,0.6027
0.48,0.74,0.4022,0.5995
0.5,0.74,0.3628,0.5829
0.52,0.74,0.2529,0.554
0.54,0.74,0.1675,0.5229
0.56,0.74,0.1054,0.4753
0.58,0.74,0.0643,0.4276
0.6,0.74,0.0385,0.3722
0.62,0.74,0.0228,0.3196
0.64,0.74,0.0134,0.2712
0.66,0.74,0.0071,0.2277
0.68,0.74,0.0035,0.1893
0.7,0.74,0.0016,0.1561
0.72,0.74,0.0007,0.1278
0.74,0.74,0.0002,0.104
0.76,0.74,1e-04,0.0842
0.78,0.74,0.0,0.0679
0.8,0.74,0.0,0.0546
0.82,0.74,0.0,0.0437
0.84,0.74,0.0,0.0339
0.86,0.74,0.0,0.0261
0.88,0.74,0.0,0.0201
0.9,0.74,0.0,0.0154
0.92,0.74,0.0,0.0118
0.94,0.74,0.0,0.0091
0.96,0.74,0.0,0.0069
0.98,0.74,0.0,0.0053
1.0,0.74,0.0,0.0041
1.02,0.74,0.0,0.0031
1.04,0.74,0.0,0.0024
1.06,0.74,0.0,0.0018
1.08,0.74,0.0,0.0014
1.1,0.74,0.0,0.0011
1.12,0.74,0.0,0.0008
1.14,0.74,0.0,0.0006
1.16,0.74,0.0,0.0005
1.18,0.74,0.0,0.0004
1.2,0.74,0.0,0.0003
1.22,0.74,0.0,0.0002
1.24,0.74,0.0,0.0002
1.26,0.74,0.0,1e-04
1.28,0.74,0.0,1e-04
1.3,0.74,0.0,1e-04
1.32,0.74,0.0,1e-04
1.34,0.74,0.0,1e-04
1.36,0.74,0.0,0.0
1.38,0.74,0.0,0.0
1.4,0.74,0.0,0.0
1.42,0.74,0.0,0.0
1.44,0.74,0.0,0.0
1.46,0.74,0.0,0.0
1.48,0.74,0.0,0.0
1.5,0.74,0.0,0.0
1.52,0.74,0.0,0.0
1.54,0.74,0.0,0.0
1.56,0.74,0.0,0.0
1.58,0.74,0.0,0.0
1.6,0.74,0.0,0.0
-1.6,0.76,0.0,0.0
-1.58,0.76,0.0,0.0
-1.56,0.76,0.0,0.0
-1.54,0.76,0.0,0.0
-1.52,0.76,0.0,0.0
-1.5,0.76,0.0,0.0
-1.48,0.76,0.0,0.0
-1.46,0.76,0.0,0.0
-1.44,0.76,0.0,0.0
-1.42,0.76,0.0,0.0
-1.4,0.76,0.0,0.0
-1.38,0.76,0.0,0.0
-1.36,0.76,0.0,0.0
-1.34,0.76,0.0,0.0
-1.32,0.76,0.0,0.0
-1.3,0.76,0.0,0.0
-1.28,0.76,0.0,0.0
-1.26,0.76,0.0,0.0
-1.24,0.76,0.0,0.0
-1.22,0.76,0.0,0.0
-1.2,0.76,0.0,0.0
-1.18,0.76,0.0,1e-04
-1.16,0.76,0.0,1e-04
-1.14,0.76,0.0,1e-04
-1.12,0.76,0.0,0.0002
-1.1,0.76,0.0,0.0003
-1.08,0.76,0.0,0.0004
-1.06,0.76,0.0,0.0006
-1.04,0.76,0.0,0.0009
-1.02,0.76,0.0,0.0013
-1.0,0.76,0.0,0.0019
-0.98,0.76,1e-04,0.0029
-0.96,0.76,1e-04,0.0043
-0.94,0.76,0.0004,0.0063
-0.92,0.76,0.0009,0.0094
-0.9,0.76,0.0022,0.0139
-0.88,0.76,0.0056,0.0206
-0.86,0.76,0.014,0.0304
-0.84,0.76,0.0346,0.0446
-0.82,0.76,0.0829,0.0651
-0.8,0.76,0.1857,0.094
-0.78,0.76,0.365,0.1337
-0.76,0.76,0.5854,0.1823
-0.74,0.76,0.7111,0.2208
-0.72,0.76,0.7605,0.244
-0.7,0.76,0.7867,0.2551
-0.68,0.76,0.8091,0.264
-0.66,0.76,0.8297,0.2728
-0.64,0.76,0.8485,0.2817
-0.62,0.76,0.8656,0.2907
-0.6,0.76,0.881,0.2999
-0.58,0.76,0.8948,0.3092
-0.56,0.76,0.9046,0.3187
-0.54,0.76,0.9035,0.3284
-0.52,0.76,0.8959,0.3382
-0.5,0.76,0.8832,0.348
-0.48,0.76,0.8691,0.3571
-0.46,0.76,0.8536,0.3655
-0.44,0.76,0.8366,0.3733
-0.42,0.76,0.8181,0.38
-0.4,0.76,0.798,0.3858
-0.38,0.76,0.7762,0.3912
-0.36,0.76,0.7529,0.3968
-0.34,0.76,0.728,0.4023
-0.32,0.76,0.7002,0.4078
-0.3,0.76,0.6646,0.4134
-0.28,0.76,0.5632,0.419
-0.26,0.76,0.4379,0.4246
-0.24,0.76,0.3201,0.4303
-0.22,0.76,0.2215,0.4359
-0.2,0.76,0.1467,0.4416
-0.18,0.76,0.0941,0.4473
-0.16,0.76,0.0611,0.4533
-0.14,0.76,0.0392,0.4595
-0.12,0.76,0.0342,0.4657
-0.1,0.76,0.0327,0.472
-0.08,0.76,0.0315,0.4783
-0.06,0.76,0.0337,0.4847
-0.04,0.76,0.0359,0.4915
-0.02,0.76,0.0383,0.4983
0.0,0.76,0.0409,0.5051
0.02,0.76,0.0436,0.5119
0.04,0.76,0.0464,0.5187
0.06,0.76,0.0495,0.5255
0.08,0.76,0.0527,0.5322
0.1,0.76,0.0562,0.539
0.12,0.76,0.0599,0.5457
0.14,0.76,0.0637,0.5525
0.16,0.76,0.0679,0.5592
0.18,0.76,0.0722,0.5659
0.2,0.76,0.0769,0.5697
0.22,0.76,0.0817,0.5664
0.24,0.76,0.0869,0.5631
0.26,0.76,0.0924,0.5598
0.28,0.76,0.0982,0.5565
0.3,0.76,0.1043,0.5532
0.32,0.76,0.1107,0.5499
0.34,0.76,0.1175,0.5466
0.36,0.76,0.1246,0.5433
0.38,0.76,0.1321,0.5399
0.4,0.76,0.14,0.5366
0.42,0.76,0.1482,0.5333
0.44,0.76,0.1569,0.53
0.46,0.76,0.1659,0.5266
0.48,0.76,0.1754,0.5233
0.5,0.76,0.1741,0.5122
0.52,0.76,0.1118,0.4832
0.54,0.76,0.0696,0.4539
0.56,0.76,0.0426,0.4218
0.58,0.76,0.0254,0.3762
0.6,0.76,0.015,0.3322
0.62,0.76,0.0088,0.2869
0.64,0.76,0.0051,0.2417
0.66,0.76,0.003,0.2016
0.68,0.76,0.0016,0.1667
0.7,0.76,0.0008,0.1368
0.72,0.76,0.0004,0.1115
0.74,0.76,0.0002,0.0904
0.76,0.76,1e-04,0.073
0.78,0.76,0.0,0.0587
0.8,0.76,0.0,0.0471
0.82,0.76,0.0,0.0377
0.84,0.76,0.0,0.0301
0.86,0.76,0.0,0.0234
0.88,0.76,0.0,0.018
0.9,0.76,0.0,0.0138
0.92,0.76,0.0,0.0106
0.94,0.76,0.0,0.0081
0.96,0.76,0.0,0.0062
0.98,0.76,0.0,0.0047
1.0,0.76,0.0,0.0036
1.02,0.76,0.0,0.0028
1.04,0.76,0.0,0.0021
1.06,0.76,0.0,0.0016
1.08,0.76,0.0,0.0012
1.1,0.76,0.0,0.001
1.12,0.76,0.0,0.0007
1.14,0.76,0.0,0.0006
1.16,0.76,0.0,0.0005
1.18,0.76,0.0,0.0004
1.2,0.76,0.0,0.0003
1.22,0.76,0.0,0.0002
1.24,0.76,0.0,0.0002
1.26,0.76,0.0,1e-04
1.28,0.76,0.0,1e-04
1.3,0.76,0.0,1e-04
1.32,0.76,0.0,1e-04
1.34,0.76,0.0,1e-04
1.36,0.76,0.0,0.0
1.38,0.76,0.0,0.0
1.4,0.76,0.0,0.0
1.42,0.76,0.0,0.0
1.44,0.76,0.0,0.0
1.46,0.76,0.0,0.0
1.48,0.76,0.0,0.0
1.5,0.76,0.0,0.0
1.52,0.76,0.0,0.0
1.54,0.76,0.0,0.0
1.56,0.76,0.0,0.0
1.58,0.76,0.0,0.0
1.6,0.76,0.0,0.0
-1.6,0.78,0.0,0.0
-1.58,0.78,0.0,0.0
-1.56,0.78,0.0,0.0
-1.54,0.78,0.0,0.0
-1.52,0.78,0.0,0.0
-1.5,0.78,0.0,0.0
-1.48,0.78,0.0,0.0
-1.46,0.78,0.0,0.0
-1.44,0.78,0.0,0.0
-1.42,0.78,0.0,0.0
-1.4,0.78,0.0,0.0
-1.38,0.78,0.0,0.0
-1.36,0.78,0.0,0.0
-1.34,0.78,0.0,0.0
-1.32,0.78,0.0,0.0
-1.3,0.78,0.0,0.0
-1.28,0.78,0.0,0.0
-1.26,0.78,0.0,0.0
-1.24,0.78,0.0,0.0
-1.22,0.78,0.0,0.0
-1.2,0.78,0.0,0.0
-1.18,0.78,0.0,0.0
-1.16,0.78,0.0,1e-04
-1.14,0.78,0.0,1e-04
-1.12,0.78,0.0,0.0002
-1.1,0.78,0.0,0.0002
-1.08,0.78,0.0,0.0003
-1.06,0.78,0.0,0.0005
-1.04,0.78,0.0,0.0008
-1.02,0.78,0.0,0.0011
-1.0,0.78,0.0,0.0017
-0.98,0.78,0.0,0.0025
-0.96,0.78,1e-04,0.0037
-0.94,0.78,0.0003,0.0055
-0.92,0.78,0.0008,0.0082
-0.9,0.78,0.002,0.0122
-0.88,0.78,0.0049,0.0181
-0.86,0.78,0.0123,0.0267
-0.84,0.78,0.0305,0.0393
-0.82,0.78,0.0735,0.0574
-0.8,0.78,0.1666,0.0832
-0.78,0.78,0.3352,0.1184
-0.76,0.78,0.523,0.1548
-0.74,0.78,0.6232,0.1806
-0.72,0.78,0.6648,0.1937
-0.7,0.78,0.6952,0.202
-0.68,0.78,0.7239,0.2093
-0.66,0.78,0.7508,0.2167
-0.64,0.78,0.776,0.2243
-0.62,0.78,0.7993,0.2321
-0.6,0.78,0.8207,0.24
-0.58,0.78,0.8403,0.2482
-0.56,0.78,0.852,0.2565
-0.54,0.78,0.8474,0.265
-0.52,0.78,0.8344,0.2737
-0.5,0.78,0.8157,0.2822
-0.48,0.78,0.7954,0.29
-0.46,0.78,0.7735,0.2975
-0.44,0.78,0.7499,0.3043
-0.42,0.78,0.7248,0.31
-0.4,0.78,0.6982,0.315
-0.38,0.78,0.6702,0.32
-0.36,0.78,0.6409,0.3251
-0.34,0.78,0.6068,0.3301
-0.32,0.78,0.5507,0.3353
-0.3,0.78,0.427,0.3404
-0.28,0.78,0.3105,0.3456
-0.26,0.78,0.2139,0.3508
-0.24,0.78,0.1412,0.3561
-0.22,0.78,0.0904,0.3614
-0.2,0.78,0.0566,0.3668
-0.18,0.78,0.036,0.3722
-0.16,0.78,0.0229,0.3781
-0.14,0.78,0.0145,0.384
-0.12,0.78,0.0125,0.39
-0.1,0.78,0.0119,0.396
-0.08,0.78,0.0114,0.402
-0.06,0.78,0.0109,0.4081
-0.04,0.78,0.0116,0.4143
-0.02,0.78,0.0124,0.4208
0.0,0.78,0.0133,0.4274
0.02,0.78,0.0142,0.4341
0.04,0.78,0.0152,0.4408
0.06,0.78,0.0162,0.4475
0.08,0.78,0.0173,0.4542
0.1,0.78,0.0185,0.461
0.12,0.78,0.0197,0.4677
0.14,0.78,0.0211,0.4745
0.16,0.78,0.0225,0.4813
0.18,0.78,0.024,0.4881
0.2,0.78,0.0256,0.4926
0.22,0.78,0.0274,0.4893
0.24,0.78,0.0292,0.4859
0.26,0.78,0.0312,0.4826
0.28,0.78,0.0333,0.4793
0.3,0.78,0.0355,0.4759
0.32,0.78,0.0379,0.4726
0.34,0.78,0.0404,0.4692
0.36,0.78,0.0431,0.4659
0.38,0.78,0.0459,0.4626
0.4,0.78,0.0489,0.4592
0.42,0.78,0.0522,0.4559
0.44,0.78,0.0556,0.4526
0.46,0.78,0.0592,0.4493
0.48,0.78,0.063,0.446
0.5,0.78,0.0671,0.4407
0.52,0.78,0.0447,0.4131
0.54,0.78,0.0271,0.3848
0.56,0.78,0.0163,0.3573
0.58,0.78,0.0097,0.3268
0.6,0.78,0.0057,0.2865
0.62,0.78,0.0033,0.2488
0.64,0.78,0.002,0.2144
0.66,0.78,0.0011,0.1778
0.68,0.78,0.0007,0.1463
0.7,0.78,0.0004,0.1195
0.72,0.78,0.0002,0.0971
0.74,0.78,1e-04,0.0785
0.76,0.78,0.0,0.0632
0.78,0.78,0.0,0.0507
0.8,0.78,0.0,0.0406
0.82,0.78,0.0,0.0325
0.84,0.78,0.0,0.0259
0.86,0.78,0.0,0.0206
0.88,0.78,0.0,0.0161
0.9,0.78,0.0,0.0123
0.92,0.78,0.0,0.0094
0.94,0.78,0.0,0.0072
0.96,0.78,0.0,0.0055
0.98,0.78,0.0,0.0042
1.0,0.78,0.0,0.0032
1.02,0.78,0.0,0.0025
1.04,0.78,0.0,0.0019
1.06,0.78,0.0,0.0014
1.08,0.78,0.0,0.0011
1.1,0.78,0.0,0.0009
1.12,0.78,0.0,0.0007
1.14,0.78,0.0,0.0005
1.16,0.78,0.0,0.0004
1.18,0.78,0.0,0.0003
1.2,0.78,0.0,0.0003
1.22,0.78,0.0,0.0002
1.24,0.78,0.0,0.0002
1.26,0.78,0.0,1e-04
1.28,0.78,0.0,1e-04
1.3,0.78,0.0,1e-04
1.32,0.78,0.0,1e-04
1.34,0.78,0.0,0.0
1.36,0.78,0.0,0.0
1.38,0.78,0.0,0.0
1.4,0.78,0.0,0.0
1.42,0.78,0.0,0.0
1.44,0.78,0.0,0.0
1.46,0.78,0.0,0.0
1.48,0.78,0.0,0.0
1.5,0.78,0.0,0.0
1.52,0.78,0.0,0.0
1.54,0.78,0.0,0.0
1.56,0.78,0.0,0.0
1.58,0.78,0.0,0.0
1.6,0.78,0.0,0.0
-1.6,0.8,0.0,0.0
-1.58,0.8,0.0,0.0
-1.56,0.8,0.0,0.0
-1.54,0.8,0.0,0.0
-1.52,0.8,0.0,0.0
-1.5,0.8,0.0,0.0
-1.48,0.8,0.0,0.0
-1.46,0.8,0.0,0.0
-1.44,0.8,0.0,0.0
-1.42,0.8,0.0,0.0
-1.4,0.8,0.0,0.0
-1.38,0.8,0.0,0.0
-1.36,0.8,0.0,0.0
-1.34,0.8,0.0,0.0
-1.32,0.8,0.0,0.0
-1.3,0.8,0.0,0.0
-1.28,0.8,0.0,0.0
-1.26,0.8,0.0,0.0
-1.24,0.8,0.0,0.0
-1.22,0.8,0.0,0.0
-1.2,0.8,0.0,0.0
-1.18,0.8,0.0,0.0
-1.16,0.8,0.0,1e-04
-1.14,0.8,0.0,1e-04
-1.12,0.8,0.0,1e-04
-1.1,0.8,0.0,0.0002
-1.08,0.8,0.0,0.0003
-1.06,0.8,0.0,0.0004
-1.04,0.8,0.0,0.0007
-1.02,0.8,0.0,0.001
-1.0,0.8,0.0,0.0015
-0.98,0.8,0.0,0.0022
-0.96,0.8,1e-04,0.0033
-0.94,0.8,0.0003,0.0048
-0.92,0.8,0.0007,0.0072
-0.9,0.8,0.0017,0.0107
-0.88,0.8,0.0043,0.0159
-0.86,0.8,0.0108,0.0234
-0.84,0.8,0.0268,0.0345
-0.82,0.8,0.065,0.0506
-0.8,0.8,0.1492,0.0735
-0.78,0.8,0.304,0.1029
-0.76,0.8,0.442,0.1276
-0.74,0.8,0.5128,0.1436
-0.72,0.8,0.5509,0.1512
-0.7,0.8,0.5851,0.1574
-0.68,0.8,0.6185,0.1633
-0.66,0.8,0.6508,0.1695
-0.64,0.8,0.6818,0.1758
-0.62,0.8,0.7112,0.1822
-0.6,0.8,0.739,0.1889
-0.58,0.8,0.765,0.1958
-0.56,0.8,0.7764,0.2028
-0.54,0.8,0.7664,0.21
-0.52,0.8,0.7469,0.2174
-0.5,0.8,0.7216,0.2245
-0.48,0.8,0.6948,0.231
-0.46,0.8,0.6666,0.2373
-0.44,0.8,0.6372,0.243
-0.42,0.8,0.6067,0.2476
-0.4,0.8,0.5753,0.2519
-0.38,0.8,0.5427,0.2563
-0.36,0.8,0.5029,0.2607
-0.34,0.8,0.4161,0.2652
-0.32,0.8,0.301,0.2697
-0.3,0.8,0.2065,0.2743
-0.28,0.8,0.1359,0.2789
-0.26,0.8,0.0868,0.2835
-0.24,0.8,0.0543,0.2883
-0.22,0.8,0.0335,0.293
-0.2,0.8,0.021,0.2978
-0.18,0.8,0.0133,0.303
-0.16,0.8,0.0084,0.3084
-0.14,0.8,0.0053,0.3137
-0.12,0.8,0.0045,0.3192
-0.1,0.8,0.0043,0.3247
-0.08,0.8,0.0041,0.3302
-0.06,0.8,0.0039,0.3358
-0.04,0.8,0.0037,0.3415
-0.02,0.8,0.004,0.3473
0.0,0.8,0.0042,0.3532
0.02,0.8,0.0045,0.3594
0.04,0.8,0.0048,0.3657
0.06,0.8,0.0052,0.372
0.08,0.8,0.0055,0.3784
0.1,0.8,0.0059,0.3848
0.12,0.8,0.0063,0.3913
0.14,0.8,0.0068,0.3978
0.16,0.8,0.0072,0.4043
0.18,0.8,0.0077,0.4108
0.2,0.8,0.0083,0.4159
0.22,0.8,0.0088,0.4127
0.24,0.8,0.0094,0.4094
0.26,0.8,0.0101,0.4062
0.28,0.8,0.0108,0.403
0.3,0.8,0.0115,0.3997
0.32,0.8,0.0123,0.3965
0.34,0.8,0.0131,0.3933
0.36,0.8,0.014,0.3901
0.38,0.8,0.015,0.387
0.4,0.8,0.016,0.3838
0.42,0.8,0.0171,0.3806
0.44,0.8,0.0183,0.3775
0.46,0.8,0.0195,0.3743
0.48,0.8,0.0208,0.3712
0.5,0.8,0.0222,0.3681
0.52,0.8,0.0171,0.3463
0.54,0.8,0.0102,0.3201
0.56,0.8,0.0061,0.295
0.58,0.8,0.0036,0.2711
0.6,0.8,0.0022,0.2442
0.62,0.8,0.0013,0.211
0.64,0.8,0.0007,0.1807
0.66,0.8,0.0004,0.1539
0.68,0.8,0.0003,0.128
0.7,0.8,1e-04,0.1042
0.72,0.8,1e-04,0.0843
0.74,0.8,0.0,0.068
0.76,0.8,0.0,0.0546
0.78,0.8,0.0,0.0438
0.8,0.8,0.0,0.035
0.82,0.8,0.0,0.0279
0.84,0.8,0.0,0.0223
0.86,0.8,0.0,0.0177
0.88,0.8,0.0,0.0141
0.9,0.8,0.0,0.011
0.92,0.8,0.0,0.0084
0.94,0.8,0.0,0.0065
0.96,0.8,0.0,0.0049
0.98,0.8,0.0,0.0038
1.0,0.8,0.0,0.0029
1.02,0.8,0.0,0.0022
1.04,0.8,0.0,0.0017
1.06,0.8,0.0,0.0013
1.08,0.8,0.0,0.001
1.1,0.8,0.0,0.0008
1.12,0.8,0.0,0.0006
1.14,0.8,0.0,0.0005
1.16,0.8,0.0,0.0004
1.18,0.8,0.0,0.0003
1.2,0.8,0.0,0.0002
1.22,0.8,0.0,0.0002
1.24,0.8,0.0,1e-04
1.26,0.8,0.0,1e-04
1.28,0.8,0.0,1e-04
1.3,0.8,0.0,1e-04
1.32,0.8,0.0,1e-04
1.34,0.8,0.0,0.0
1.36,0.8,0.0,0.0
1.38,0.8,0.0,0.0
1.4,0.8,0.0,0.0
1.42,0.8,0.0,0.0
1.44,0.8,0.0,0.0
1.46,0.8,0.0,0.0
1.48,0.8,0.0,0.0
1.5,0.8,0.0,0.0
1.52,0.8,0.0,0.0
1.54,0.8,0.0,0.0
1.56,0.8,0.0,0.0
1.58,0.8,0.0,0.0
1.6,0.8,0.0,0.0
-1.6,0.82,0.0,0.0
-1.58,0.82,0.0,0.0
-1.56,0.82,0.0,0.0
-1.54,0.82,0.0,0.0
-1.52,0.82,0.0,0.0
-1.5,0.82,0.0,0.0
-1.48,0.82,0.0,0.0
-1.46,0.82,0.0,0.0
-1.44,0.82,0.0,0.0
-1.42,0.82,0.0,0.0
-1.4,0.82,0.0,0.0
-1.38,0.82,0.0,0.0
-1.36,0.82,0.0,0.0
-1.34,0.82,0.0,0.0
-1.32,0.82,0.0,0.0
-1.3,0.82,0.0,0.0
-1.28,0.82,0.0,0.0
-1.26,0.82,0.0,0.0
-1.24,0.82,0.0,0.0
-1.22,0.82,0.0,0.0
-1.2,0.82,0.0,0.0
-1.18,0.82,0.0,0.0
-1.16,0.82,0.0,1e-04
-1.14,0.82,0.0,1e-04
-1.12,0.82,0.0,1e-04
-1.1,0.82,0.0,0.0002
-1.08,0.82,0.0,0.0003
-1.06,0.82,0.0,0.0004
-1.04,0.82,0.0,0.0006
-1.02,0.82,0.0,0.0009
-1.0,0.82,0.0,0.0013
-0.98,0.82,0.0,0.0019
-0.96,0.82,1e-04,0.0029
-0.94,0.82,0.0002,0.0042
-0.92,0.82,0.0006,0.0063
-0.9,0.82,0.0015,0.0094
-0.88,0.82,0.0038,0.0139
-0.86,0.82,0.0095,0.0206
-0.84,0.82,0.0236,0.0303
-0.82,0.82,0.0575,0.0445
-0.8,0.82,0.1333,0.0646
-0.78,0.82,0.257,0.0862
-0.76,0.82,0.351,0.1023
-0.74,0.82,0.3966,0.111
-0.72,0.82,0.4314,0.1164
-0.7,0.82,0.4659,0.1211
-0.68,0.82,0.5006,0.1258
-0.66,0.82,0.5354,0.1308
-0.64,0.82,0.5699,0.1359
-0.62,0.82,0.6036,0.1411
-0.6,0.82,0.6365,0.1466
-0.58,0.82,0.6674,0.1522
-0.56,0.82,0.6748,0.1579
-0.54,0.82,0.6598,0.1639
-0.52,0.82,0.6335,0.1699
-0.5,0.82,0.6029,0.1756
-0.48,0.82,0.5714,0.1809
-0.46,0.82,0.5394,0.186
-0.44,0.82,0.507,0.1904
-0.42,0.82,0.4746,0.1942
-0.4,0.82,0.4397,0.1978
-0.38,0.82,0.3959,0.2015
-0.36,0.82,0.2918,0.2053
-0.34,0.82,0.1993,0.209
-0.32,0.82,0.1308,0.2129
-0.3,0.82,0.0833,0.2168
-0.28,0.82,0.0521,0.2207
-0.26,0.82,0.0321,0.2247
-0.24,0.82,0.0197,0.2287
-0.22,0.82,0.0122,0.2328
-0.2,0.82,0.0077,0.2372
-0.18,0.82,0.0048,0.2418
-0.16,0.82,0.003,0.2464
-0.14,0.82,0.0019,0.2511
-0.12,0.82,0.0016,0.2558
-0.1,0.82,0.0015,0.2607
-0.08,0.82,0.0015,0.2655
-0.06,0.82,0.0014,0.2705
-0.04,0.82,0.0013,0.2754
-0.02,0.82,0.0013,0.2806
0.0,0.82,0.0013,0.2858
0.02,0.82,0.0014,0.291
0.04,0.82,0.0015,0.2966
0.06,0.82,0.0016,0.3023
0.08,0.82,0.0018,0.3081
0.1,0.82,0.0019,0.3139
0.12,0.82,0.002,0.3198
0.14,0.82,0.0021,0.3257
0.16,0.82,0.0023,0.3317
0.18,0.82,0.0025,0.3378
0.2,0.82,0.0026,0.3431
0.22,0.82,0.0028,0.34
0.24,0.82,0.003,0.337
0.26,0.82,0.0032,0.3341
0.28,0.82,0.0034,0.3311
0.3,0.82,0.0037,0.3281
0.32,0.82,0.0039,0.3252
0.34,0.82,0.0042,0.3223
0.36,0.82,0.0045,0.3193
0.38,0.82,0.0048,0.3164
0.4,0.82,0.0051,0.3135
0.42,0.82,0.0055,0.3107
0.44,0.82,0.0058,0.3078
0.46,0.82,0.0063,0.305
0.48,0.82,0.0067,0.3021
0.5,0.82,0.0071,0.2993
0.52,0.82,0.0064,0.2845
0.54,0.82,0.0038,0.2616
0.56,0.82,0.0023,0.2395
0.58,0.82,0.0014,0.2187
0.6,0.82,0.0008,0.1992
0.62,0.82,0.0005,0.177
0.64,0.82,0.0003,0.1511
0.66,0.82,0.0002,0.128
0.68,0.82,1e-04,0.108
0.7,0.82,1e-04,0.0906
0.72,0.82,0.0,0.0731
0.74,0.82,0.0,0.0588
0.76,0.82,0.0,0.0472
0.78,0.82,0.0,0.0377
0.8,0.82,0.0,0.0301
0.82,0.82,0.0,0.024
0.84,0.82,0.0,0.0191
0.86,0.82,0.0,0.0152
0.88,0.82,0.0,0.0121
0.9,0.82,0.0,0.0096
0.92,0.82,0.0,0.0075
0.94,0.82,0.0,0.0058
0.96,0.82,0.0,0.0044
0.98,0.82,0.0,0.0034
1.0,0.82,0.0,0.0026
1.02,0.82,0.0,0.002
1.04,0.82,0.0,0.0015
1.06,0.82,0.0,0.0012
1.08,0.82,0.0,0.0009
1.1,0.82,0.0,0.0007
1.12,0.82,0.0,0.0006
1.14,0.82,0.0,0.0004
1.16,0.82,0.0,0.0003
1.18,0.82,0.0,0.0003
1.2,0.82,0.0,0.0002
1.22,0.82,0.0,0.0002
1.24,0.82,0.0,1e-04
1.26,0.82,0.0,1e-04
1.28,0.82,0.0,1e-04
1.3,0.82,0.0,1e-04
1.32,0.82,0.0,1e-04
1.34,0.82,0.0,0.0
1.36,0.82,0.0,0.0
1.38,0.82,0.0,0.0
1.4,0.82,0.0,0.0
1.42,0.82,0.0,0.0
1.44,0.82,0.0,0.0
1.46,0.82,0.0,0.0
1.48,0.82,0.0,0.0
1.5,0.82,0.0,0.0
1.52,0.82,0.0,0.0
1.54,0.82,0.0,0.0
1.56,0.82,0.0,0.0
1.58,0.82,0.0,0.0
1.6,0.82,0.0,0.0
-1.6,0.84,0.0,0.0
-1.58,0.84,0.0,0.0
-1.56,0.84,0.0,0.0
-1.54,0.84,0.0,0.0
-1.52,0.84,0.0,0.0
-1.5,0.84,0.0,0.0
-1.48,0.84,0.0,0.0
-1.46,0.84,0.0,0.0
-1.44,0.84,0.0,0.0
-1.42,0.84,0.0,0.0
-1.4,0.84,0.0,0.0
-1.38,0.84,0.0,0.0
-1.36,0.84,0.0,0.0
-1.34,0.84,0.0,0.0
-1.32,0.84,0.0,0.0
-1.3,0.84,0.0,0.0
-1.28,0.84,0.0,0.0
-1.26,0.84,0.0,0.0
-1.24,0.84,0.0,0.0
-1.22,0.84,0.0,0.0
-1.2,0.84,0.0,0.0
-1.18,0.84,0.0,0.0
-1.16,0.84,0.0,0.0
-1.14,0.84,0.0,1e-04
-1.12,0.84,0.0,1e-04
-1.1,0.84,0.0,0.0002
-1.08,0.84,0.0,0.0002
-1.06,0.84,0.0,0.0003
-1.04,0.84,0.0,0.0005
-1.02,0.84,0.0,0.0008
-1.0,0.84,0.0,0.0011
-0.98,0.84,0.0,0.0017
-0.96,0.84,1e-04,0.0025
-0.94,0.84,0.0002,0.0037
-0.92,0.84,0.0005,0.0055
-0.9,0.84,0.0013,0.0082
-0.88,0.84,0.0033,0.0122
-0.86,0.84,0.0083,0.018
-0.84,0.84,0.0208,0.0266
-0.82,0.84,0.0508,0.0391
-0.8,0.84,0.1183,0.0557
-0.78,0.84,0.2025,0.0702
-0.76,0.84,0.2582,0.08
-0.74,0.84,0.2899,0.0848
-0.72,0.84,0.3194,0.0886
-0.7,0.84,0.3504,0.0922
-0.68,0.84,0.3827,0.096
-0.66,0.84,0.4161,0.0998
-0.64,0.84,0.4503,0.1039
-0.62,0.84,0.485,0.1081
-0.6,0.84,0.5199,0.1124
-0.58,0.84,0.5508,0.1169
-0.56,0.84,0.5528,0.1215
-0.54,0.84,0.5341,0.1263
-0.52,0.84,0.503,0.131
-0.5,0.84,0.4706,0.1354
-0.48,0.84,0.4385,0.1397
-0.46,0.84,0.4068,0.1437
-0.44,0.84,0.3759,0.147
-0.42,0.84,0.3405,0.15
-0.4,0.84,0.2823,0.153
-0.38,0.84,0.1923,0.156
-0.36,0.84,0.1258,0.159
-0.34,0.84,0.08,0.1621
-0.32,0.84,0.0499,0.1653
-0.3,0.84,0.0308,0.1685
-0.28,0.84,0.0188,0.1718
-0.26,0.84,0.0115,0.1751
-0.24,0.84,0.0071,0.1784
-0.22,0.84,0.0044,0.1819
-0.2,0.84,0.0028,0.1857
-0.18,0.84,0.0017,0.1895
-0.16,0.84,0.0011,0.1934
-0.14,0.84,0.0007,0.1974
-0.12,0.84,0.0006,0.2014
-0.1,0.84,0.0006,0.2054
-0.08,0.84,0.0005,0.2096
-0.06,0.84,0.0005,0.2138
-0.04,0.84,0.0005,0.218
-0.02,0.84,0.0005,0.2223
0.0,0.84,0.0004,0.2268
0.02,0.84,0.0005,0.2313
0.04,0.84,0.0005,0.2359
0.06,0.84,0.0005,0.2407
0.08,0.84,0.0006,0.2457
0.1,0.84,0.0006,0.2507
0.12,0.84,0.0006,0.2559
0.14,0.84,0.0007,0.2611
0.16,0.84,0.0007,0.2664
0.18,0.84,0.0008,0.2717
0.2,0.84,0.0008,0.2769
0.22,0.84,0.0009,0.2742
0.24,0.84,0.001,0.2716
0.26,0.84,0.001,0.2689
0.28,0.84,0.0011,0.2663
0.3,0.84,0.0012,0.2637
0.32,0.84,0.0012,0.2611
0.34,0.84,0.0013,0.2585
0.36,0.84,0.0014,0.256
0.38,0.84,0.0015,0.2534
0.4,0.84,0.0016,0.2509
0.42,0.84,0.0017,0.2484
0.44,0.84,0.0019,0.2459
0.46,0.84,0.002,0.2434
0.48,0.84,0.0021,0.241
0.5,0.84,0.0023,0.2385
0.52,0.84,0.0024,0.2298
0.54,0.84,0.0014,0.2105
0.56,0.84,0.0009,0.1916
0.58,0.84,0.0005,0.174
0.6,0.84,0.0003,0.1577
0.62,0.84,0.0002,0.1427
0.64,0.84,1e-04,0.1252
0.66,0.84,1e-04,0.106
0.68,0.84,0.0,0.089
0.7,0.84,0.0,0.0746
0.72,0.84,0.0,0.0623
0.74,0.84,0.0,0.0508
0.76,0.84,0.0,0.0407
0.78,0.84,0.0,0.0325
0.8,0.84,0.0,0.0259
0.82,0.84,0.0,0.0207
0.84,0.84,0.0,0.0164
0.86,0.84,0.0,0.0131
0.88,0.84,0.0,0.0104
0.9,0.84,0.0,0.0082
0.92,0.84,0.0,0.0065
0.94,0.84,0.0,0.0052
0.96,0.84,0.0,0.0039
0.98,0.84,0.0,0.003
1.0,0.84,0.0,0.0023
1.02,0.84,0.0,0.0018
1.04,0.84,0.0,0.0014
1.06,0.84,0.0,0.0011
1.08,0.84,0.0,0.0008
1.1,0.84,0.0,0.0007
1.12,0.84,0.0,0.0005
1.14,0.84,0.0,0.0004
1.16,0.84,0.0,0.0003
1.18,0.84,0.0,0.0003
1.2,0.84,0.0,0.0002
1.22,0.84,0.0,0.0002
1.24,0.84,0.0,1e-04
1.26,0.84,0.0,1e-04
1.28,0.84,0.0,1e-04
1.3,0.84,0.0,1e-04
1.32,0.84,0.0,0.0
1.34,0.84,0.0,0.0
1.36,0.84,0.0,0.0
1.38,0.84,0.0,0.0
1.4,0.84,0.0,0.0
1.42,0.84,0.0,0.0
1.44,0.84,0.0,0.0
1.46,0.84,0.0,0.0
1.48,0.84,0.0,0.0
1.5,0.84,0.0,0.0
1.52,0.84,0.0,0.0
1.54,0.84,0.0,0.0
1.56,0.84,0.0,0.0
1.58,0.84,0.0,0.0
1.6,0.84,0.0,0.0
-1.6,0.86,0.0,0.0
-1.58,0.86,0.0,0.0
-1.56,0.86,0.0,0.0
-1.54,0.86,0.0,0.0
-1.52,0.86,0.0,0.0
-1.5,0.86,0.0,0.0
-1.48,0.86,0.0,0.0
-1.46,0.86,0.0,0.0
-1.44,0.86,0.0,0.0
-1.42,0.86,0.0,0.0
-1.4,0.86,0.0,0.0
-1.38,0.86,0.0,0.0
-1.36,0.86,0.0,0.0
-1.34,0.86,0.0,0.0
-1.32,0.86,0.0,0.0
-1.3,0.86,0.0,0.0
-1.28,0.86,0.0,0.0
-1.26,0.86,0.0,0.0
-1.24,0.86,0.0,0.0
-1.22,0.86,0.0,0.0
-1.2,0.86,0.0,0.0
-1.18,0.86,0.0,0.0
-1.16,0.86,0.0,0.0
-1.14,0.86,0.0,1e-04
-1.12,0.86,0.0,1e-04
-1.1,0.86,0.0,1e-04
-1.08,0.86,0.0,0.0002
-1.06,0.86,0.0,0.0003
-1.04,0.86,0.0,0.0004
-1.02,0.86,0.0,0.0007
-1.0,0.86,0.0,0.001
-0.98,0.86,0.0,0.0015
-0.96,0.86,1e-04,0.0022
-0.94,0.86,0.0002,0.0033
-0.92,0.86,0.0005,0.0048
-0.9,0.86,0.0012,0.0072
-0.88,0.86,0.0029,0.0107
-0.86,0.86,0.0073,0.0158
-0.84,0.86,0.0183,0.0234
-0.82,0.86,0.0448,0.0342
-0.8,0.86,0.0978,0.0463
-0.78,0.86,0.1491,0.0557
-0.76,0.86,0.1789,0.061
-0.74,0.86,0.2015,0.0642
-0.72,0.86,0.2249,0.0669
-0.7,0.86,0.2501,0.0697
-0.68,0.86,0.2772,0.0726
-0.66,0.86,0.3059,0.0756
-0.64,0.86,0.3363,0.0787
-0.62,0.86,0.3681,0.082
-0.6,0.86,0.401,0.0854
-0.58,0.86,0.4272,0.0889
-0.56,0.86,0.424,0.0925
-0.54,0.86,0.403,0.0963
-0.52,0.86,0.3722,0.0999
-0.5,0.86,0.3424,0.1033
-0.48,0.86,0.3138,0.1066
-0.46,0.86,0.285,0.1096
-0.44,0.86,0.2529,0.1121
-0.42,0.86,0.1855,0.1144
-0.4,0.86,0.121,0.1168
-0.38,0.86,0.0768,0.1192
-0.36,0.86,0.0479,0.1216
-0.34,0.86,0.0295,0.1241
-0.32,0.86,0.018,0.1267
-0.3,0.86,0.011,0.1292
-0.28,0.86,0.0067,0.1318
-0.26,0.86,0.0041,0.1345
-0.24,0.86,0.0026,0.1372
-0.22,0.86,0.0016,0.1402
-0.2,0.86,0.001,0.1433
-0.18,0.86,0.0006,0.1464
-0.16,0.86,0.0004,0.1495
-0.14,0.86,0.0002,0.1528
-0.12,0.86,0.0002,0.156
-0.1,0.86,0.0002,0.1594
-0.08,0.86,0.0002,0.1628
-0.06,0.86,0.0002,0.1662
-0.04,0.86,0.0002,0.1697
-0.02,0.86,0.0002,0.1733
0.0,0.86,0.0002,0.177
0.02,0.86,1e-04,0.1807
0.04,0.86,0.0002,0.1845
0.06,0.86,0.0002,0.1884
0.08,0.86,0.0002,0.1924
0.1,0.86,0.0002,0.1966
0.12,0.86,0.0002,0.201
0.14,0.86,0.0002,0.2054
0.16,0.86,0.0002,0.2098
0.18,0.86,0.0002,0.2144
0.2,0.86,0.0003,0.219
0.22,0.86,0.0003,0.217
0.24,0.86,0.0003,0.2147
0.26,0.86,0.0003,0.2125
0.28,0.86,0.0003,0.2102
0.3,0.86,0.0004,0.208
0.32,0.86,0.0004,0.2058
0.34,0.86,0.0004,0.2036
0.36,0.86,0.0004,0.2015
0.38,0.86,0.0005,0.1993
0.4,0.86,0.0005,0.1972
0.42,0.86,0.0005,0.1951
0.44,0.86,0.0006,0.193
0.46,0.86,0.0006,0.1909
0.48,0.86,0.0007,0.1889
0.5,0.86,0.0007,0.1868
0.52,0.86,0.0008,0.183
0.54,0.86,0.0005,0.1671
0.56,0.86,0.0003,0.1514
0.58,0.86,0.0002,0.1369
0.6,0.86,1e-04,0.1235
0.62,0.86,1e-04,0.1113
0.64,0.86,0.0,0.1002
0.66,0.86,0.0,0.087
0.68,0.86,0.0,0.0731
0.7,0.86,0.0,0.0611
0.72,0.86,0.0,0.0509
0.74,0.86,0.0,0.0424
0.76,0.86,0.0,0.0351
0.78,0.86,0.0,0.028
0.8,0.86,0.0,0.0223
0.82,0.86,0.0,0.0177
0.84,0.86,0.0,0.0141
0.86,0.86,0.0,0.0112
0.88,0.86,0.0,0.0089
0.9,0.86,0.0,0.0071
0.92,0.86,0.0,0.0056
0.94,0.86,0.0,0.0044
0.96,0.86,0.0,0.0035
0.98,0.86,0.0,0.0027
1.0,0.86,0.0,0.0021
1.02,0.86,0.0,0.0016
1.04,0.86,0.0,0.0012
1.06,0.86,0.0,0.001
1.08,0.86,0.0,0.0008
1.1,0.86,0.0,0.0006
1.12,0.86,0.0,0.0005
1.14,0.86,0.0,0.0004
1.16,0.86,0.0,0.0003
1.18,0.86,0.0,0.0002
1.2,0.86,0.0,0.0002
1.22,0.86,0.0,1e-04
1.24,0.86,0.0,1e-04
1.26,0.86,0.0,1e-04
1.28,0.86,0.0,1e-04
1.3,0.86,0.0,1e-04
1.32,0.86,0.0,0.0
1.34,0.86,0.0,0.0
1.36,0.86,0.0,0.0
1.38,0.86,0.0,0.0
1.4,0.86,0.0,0.0
1.42,0.86,0.0,0.0
1.44,0.86,0.0,0.0
1.46,0.86,0.0,0.0
1.48,0.86,0.0,0.0
1.5,0.86,0.0,0.0
1.52,0.86,0.0,0.0
1.54,0.86,0.0,0.0
1.56,0.86,0.0,0.0
1.58,0.86,0.0,0.0
1.6,0.86,0.0,0.0
-1.6,0.88,0.0,0.0
-1.58,0.88,0.0,0.0
-1.56,0.88,0.0,0.0
-1.54,0.88,0.0,0.0
-1.52,0.88,0.0,0.0
-1.5,0.88,0.0,0.0
-1.48,0.88,0.0,0.0
-1.46,0.88,0.0,0.0
-1.44,0.88,0.0,0.0
-1.42,0.88,0.0,0.0
-1.4,0.88,0.0,0.0
-1.38,0.88,0.0,0.0
-1.36,0.88,0.0,0.0
-1.34,0.88,0.0,0.0
-1.32,0.88,0.0,0.0
-1.3,0.88,0.0,0.0
-1.28,0.88,0.0,0.0
-1.26,0.88,0.0,0.0
-1.24,0.88,0.0,0.0
-1.22,0.88,0.0,0.0
-1.2,0.88,0.0,0.0
-1.18,0.88,0.0,0.0
-1.16,0.88,0.0,0.0
-1.14,0.88,0.0,1e-04
-1.12,0.88,0.0,1e-04
-1.1,0.88,0.0,1e-04
-1.08,0.88,0.0,0.0002
-1.06,0.88,0.0,0.0003
-1.04,0.88,0.0,0.0004
-1.02,0.88,0.0,0.0006
-1.0,0.88,0.0,0.0009
-0.98,0.88,0.0,0.0013
-0.96,0.88,1e-04,0.0019
-0.94,0.88,0.0002,0.0028
-0.92,0.88,0.0004,0.0042
-0.9,0.88,0.001,0.0063
-0.88,0.88,0.0026,0.0094
-0.86,0.88,0.0064,0.0139
-0.84,0.88,0.016,0.0205
-0.82,0.88,0.0394,0.0295
-0.8,0.88,0.075,0.0375
-0.78,0.88,0.1031,0.0432
-0.76,0.88,0.1196,0.0459
-0.74,0.88,0.135,0.0481
-0.72,0.88,0.1521,0.0502
-0.7,0.88,0.171,0.0523
-0.68,0.88,0.1917,0.0546
-0.66,0.88,0.2142,0.0569
-0.64,0.88,0.2386,0.0593
-0.62,0.88,0.2648,0.0618
-0.6,0.88,0.2928,0.0644
-0.58,0.88,0.3117,0.0671
-0.56,0.88,0.3038,0.0699
-0.54,0.88,0.2833,0.0728
-0.52,0.88,0.2577,0.0755
-0.5,0.88,0.2337,0.0781
-0.48,0.88,0.2086,0.0806
-0.46,0.88,0.1762,0.0828
-0.44,0.88,0.1163,0.0846
-0.42,0.88,0.0737,0.0865
-0.4,0.88,0.0459,0.0883
-0.38,0.88,0.0282,0.0902
-0.36,0.88,0.0173,0.0921
-0.34,0.88,0.0105,0.094
-0.32,0.88,0.0064,0.096
-0.3,0.88,0.0039,0.098
-0.28,0.88,0.0023,0.1001
-0.26,0.88,0.0015,0.1022
-0.24,0.88,0.0009,0.1044
-0.22,0.88,0.0006,0.1068
-0.2,0.88,0.0004,0.1092
-0.18,0.88,0.0002,0.1117
-0.16,0.88,1e-04,0.1142
-0.14,0.88,1e-04,0.1168
-0.12,0.88,1e-04,0.1194
-0.1,0.88,1e-04,0.1221
-0.08,0.88,1e-04,0.1248
-0.06,0.88,1e-04,0.1276
-0.04,0.88,1e-04,0.1304
-0.02,0.88,1e-04,0.1333
0.0,0.88,1e-04,0.1362
0.02,0.88,1e-04,0.1392
0.04,0.88,1e-04,0.1423
0.06,0.88,1e-04,0.1454
0.08,0.88,1e-04,0.1487
0.1,0.88,1e-04,0.1519
0.12,0.88,1e-04,0.1554
0.14,0.88,1e-04,0.159
0.16,0.88,1e-04,0.1626
0.18,0.88,1e-04,0.1664
0.2,0.88,1e-04,0.1702
0.22,0.88,1e-04,0.1689
0.24,0.88,1e-04,0.167
0.26,0.88,1e-04,0.1652
0.28,0.88,1e-04,0.1633
0.3,0.88,1e-04,0.1615
0.32,0.88,1e-04,0.1597
0.34,0.88,1e-04,0.1579
0.36,0.88,1e-04,0.1561
0.38,0.88,0.0002,0.1544
0.4,0.88,0.0002,0.1526
0.42,0.88,0.0002,0.1509
0.44,0.88,0.0002,0.1492
0.46,0.88,0.0002,0.1475
0.48,0.88,0.0002,0.1458
0.5,0.88,0.0002,0.1442
0.52,0.88,0.0002,0.1425
0.54,0.88,0.0002,0.1309
0.56,0.88,1e-04,0.1184
0.58,0.88,1e-04,0.1066
0.6,0.88,0.0,0.0959
0.62,0.88,0.0,0.0861
0.64,0.88,0.0,0.0773
0.66,0.88,0.0,0.0693
0.68,0.88,0.0,0.0596
0.7,0.88,0.0,0.0499
0.72,0.88,0.0,0.0415
0.74,0.88,0.0,0.0345
0.76,0.88,0.0,0.0286
0.78,0.88,0.0,0.0237
0.8,0.88,0.0,0.0192
0.82,0.88,0.0,0.0152
0.84,0.88,0.0,0.0121
0.86,0.88,0.0,0.0096
0.88,0.88,0.0,0.0076
0.9,0.88,0.0,0.0061
0.92,0.88,0.0,0.0048
0.94,0.88,0.0,0.0038
0.96,0.88,0.0,0.003
0.98,0.88,0.0,0.0024
1.0,0.88,0.0,0.0019
1.02,0.88,0.0,0.0015
1.04,0.88,0.0,0.0011
1.06,0.88,0.0,0.0009
1.08,0.88,0.0,0.0007
1.1,0.88,0.0,0.0006
1.12,0.88,0.0,0.0004
1.14,0.88,0.0,0.0003
1.16,0.88,0.0,0.0003
1.18,0.88,0.0,0.0002
1.2,0.88,0.0,0.0002
1.22,0.88,0.0,1e-04
1.24,0.88,0.0,1e-04
1.26,0.88,0.0,1e-04
1.28,0.88,0.0,1e-04
1.3,0.88,0.0,1e-04
1.32,0.88,0.0,0.0
1.34,0.88,0.0,0.0
1.36,0.88,0.0,0.0
1.38,0.88,0.0,0.0
1.4,0.88,0.0,0.0
1.42,0.88,0.0,0.0
1.44,0.88,0.0,0.0
1.46,0.88,0.0,0.0
1.48,0.88,0.0,0.0
1.5,0.88,0.0,0.0
1.52,0.88,0.0,0.0
1.54,0.88,0.0,0.0
1.56,0.88,0.0,0.0
1.58,0.88,0.0,0.0
1.6,0.88,0.0,0.0
-1.6,0.9,0.0,0.0
-1.58,0.9,0.0,0.0
-1.56,0.9,0.0,0.0
-1.54,0.9,0.0,0.0
-1.52,0.9,0.0,0.0
-1.5,0.9,0.0,0.0
-1.48,0.9,0.0,0.0
-1.46,0.9,0.0,0.0
-1.44,0.9,0.0,0.0
-1.42,0.9,0.0,0.0
-1.4,0.9,0.0,0.0
-1.38,0.9,0.0,0.0
-1.36,0.9,0.0,0.0
-1.34,0.9,0.0,0.0
-1.32,0.9,0.0,0.0
-1.3,0.9,0.0,0.0
-1.28,0.9,0.0,0.0
-1.26,0.9,0.0,0.0
-1.24,0.9,0.0,0.0
-1.22,0.9,0.0,0.0
-1.2,0.9,0.0,0.0
-1.18,0.9,0.0,0.0
-1.16,0.9,0.0,0.0
-1.14,0.9,0.0,0.0
-1.12,0.9,0.0,1e-04
-1.1,0.9,0.0,1e-04
-1.08,0.9,0.0,0.0002
-1.06,0.9,0.0,0.0002
-1.04,0.9,0.0,0.0003
-1.02,0.9,0.0,0.0005
-1.0,0.9,0.0,0.0008
-0.98,0.9,0.0,0.0011
-0.96,0.9,1e-04,0.0017
-0.94,0.9,1e-04,0.0025
-0.92,0.9,0.0004,0.0037
-0.9,0.9,0.0009,0.0055
-0.88,0.9,0.0022,0.0082
-0.86,0.9,0.0056,0.0122
-0.84,0.9,0.0141,0.0179
-0.82,0.9,0.0328,0.0244
-0.8,0.9,0.0536,0.0296
-0.78,0.9,0.0674,0.0326
-0.76,0.9,0.0775,0.0344
-0.74,0.9,0.088,0.0359
-0.72,0.9,0.0999,0.0375
-0.7,0.9,0.1131,0.0391
-0.68,0.9,0.1279,0.0408
-0.66,0.9,0.1443,0.0426
-0.64,0.9,0.1623,0.0444
-0.62,0.9,0.1822,0.0463
-0.6,0.9,0.2039,0.0483
-0.58,0.9,0.2145,0.0504
-0.56,0.9,0.205,0.0525
-0.54,0.9,0.188,0.0547
-0.52,0.9,0.1684,0.0567
-0.5,0.9,0.1473,0.0586
-0.48,0.9,0.1118,0.0605
-0.46,0.9,0.0707,0.062
-0.44,0.9,0.044,0.0634
-0.42,0.9,0.027,0.0648
-0.4,0.9,0.0165,0.0662
-0.38,0.9,0.01,0.0677
-0.36,0.9,0.0061,0.0691
-0.34,0.9,0.0037,0.0706
-0.32,0.9,0.0022,0.0722
-0.3,0.9,0.0014,0.0737
-0.28,0.9,0.0008,0.0753
-0.26,0.9,0.0005,0.077
-0.24,0.9,0.0003,0.0788
-0.22,0.9,0.0002,0.0806
-0.2,0.9,1e-04,0.0825
-0.18,0.9,1e-04,0.0844
-0.16,0.9,1e-04,0.0864
-0.14,0.9,0.0,0.0884
-0.12,0.9,0.0,0.0904
-0.1,0.9,0.0,0.0925
-0.08,0.9,0.0,0.0947
-0.06,0.9,0.0,0.0968
-0.04,0.9,0.0,0.0991
-0.02,0.9,0.0,0.1013
0.0,0.9,0.0,0.1036
0.02,0.9,0.0,0.106
0.04,0.9,0.0,0.1084
0.06,0.9,0.0,0.1109
0.08,0.9,0.0,0.1135
0.1,0.9,0.0,0.1161
0.12,0.9,0.0,0.1187
0.14,0.9,0.0,0.1215
0.16,0.9,0.0,0.1244
0.18,0.9,0.0,0.1274
0.2,0.9,0.0,0.1304
0.22,0.9,0.0,0.1297
0.24,0.9,0.0,0.1282
0.26,0.9,0.0,0.1267
0.28,0.9,0.0,0.1252
0.3,0.9,0.0,0.1238
0.32,0.9,0.0,0.1223
0.34,0.9,0.0,0.1209
0.36,0.9,0.0,0.1195
0.38,0.9,0.0,0.1181
0.4,0.9,1e-04,0.1167
0.42,0.9,1e-04,0.1153
0.44,0.9,1e-04,0.114
0.46,0.9,1e-04,0.1126
0.48,0.9,1e-04,0.1113
0.5,0.9,1e-04,0.11
0.52,0.9,1e-04,0.1087
0.54,0.9,1e-04,0.1015
0.56,0.9,0.0,0.0918
0.58,0.9,0.0,0.0824
0.6,0.9,0.0,0.0739
0.62,0.9,0.0,0.0663
0.64,0.9,0.0,0.0593
0.66,0.9,0.0,0.0531
0.68,0.9,0.0,0.0474
0.7,0.9,0.0,0.0405
0.72,0.9,0.0,0.0338
0.74,0.9,0.0,0.028
0.76,0.9,0.0,0.0232
0.78,0.9,0.0,0.0192
0.8,0.9,0.0,0.0159
0.82,0.9,0.0,0.0131
0.84,0.9,0.0,0.0104
0.86,0.9,0.0,0.0083
0.88,0.9,0.0,0.0065
0.9,0.9,0.0,0.0052
0.92,0.9,0.0,0.0041
0.94,0.9,0.0,0.0033
0.96,0.9,0.0,0.0026
0.98,0.9,0.0,0.0021
1.0,0.9,0.0,0.0017
1.02,0.9,0.0,0.0013
1.04,0.9,0.0,0.001
1.06,0.9,0.0,0.0008
1.08,0.9,0.0,0.0006
1.1,0.9,0.0,0.0005
1.12,0.9,0.0,0.0004
1.14,0.9,0.0,0.0003
1.16,0.9,0.0,0.0003
1.18,0.9,0.0,0.0002
1.2,0.9,0.0,0.0002
1.22,0.9,0.0,1e-04
1.24,0.9,0.0,1e-04
1.26,0.9,0.0,1e-04
1.28,0.9,0.0,1e-04
1.3,0.9,0.0,1e-04
1.32,0.9,0.0,0.0
1.34,0.9,0.0,0.0
1.36,0.9,0.0,0.0
1.38,0.9,0.0,0.0
1.4,0.9,0.0,0.0
1.42,0.9,0.0,0.0
1.44,0.9,0.0,0.0
1.46,0.9,0.0,0.0
1.48,0.9,0.0,0.0
1.5,0.9,0.0,0.0
1.52,0.9,0.0,0.0
1.54,0.9,0.0,0.0
1.56,0.9,0.0,0.0
1.58,0.9,0.0,0.0
1.6,0.9,0.0,0.0
-1.6,0.92,0.0,0.0
-1.58,0.92,0.0,0.0
-1.56,0.92,0.0,0.0
-1.54,0.92,0.0,0.0
-1.52,0.92,0.0,0.0
-1.5,0.92,0.0,0.0
-1.48,0.92,0.0,0.0
-1.46,0.92,0.0,0.0
-1.44,0.92,0.0,0.0
-1.42,0.92,0.0,0.0
-1.4,0.92,0.0,0.0
-1.38,0.92,0.0,0.0
-1.36,0.92,0.0,0.0
-1.34,0.92,0.0,0.0
-1.32,0.92,0.0,0.0
-1.3,0.92,0.0,0.0
-1.28,0.92,0.0,0.0
-1.26,0.92,0.0,0.0
-1.24,0.92,0.0,0.0
-1.22,0.92,0.0,0.0
-1.2,0.92,0.0,0.0
-1.18,0.92,0.0,0.0
-1.16,0.92,0.0,0.0
-1.14,0.92,0.0,0.0
-1.12,0.92,0.0,1e-04
-1.1,0.92,0.0,1e-04
-1.08,0.92,0.0,1e-04
-1.06,0.92,0.0,0.0002
-1.04,0.92,0.0,0.0003
-1.02,0.92,0.0,0.0004
-1.0,0.92,0.0,0.0007
-0.98,0.92,0.0,0.001
-0.96,0.92,0.0,0.0015
-0.94,0.92,1e-04,0.0022
-0.92,0.92,0.0003,0.0032
-0.9,0.92,0.0008,0.0048
-0.88,0.92,0.002,0.0072
-0.86,0.92,0.0049,0.0106
-0.84,0.92,0.0124,0.0154
-0.82,0.92,0.025,0.0197
-0.8,0.92,0.0364,0.0228
-0.78,0.92,0.0432,0.0244
-0.76,0.92,0.0494,0.0256
-0.74,0.92,0.0563,0.0267
-0.72,0.92,0.0642,0.0279
-0.7,0.92,0.0731,0.0291
-0.68,0.92,0.0831,0.0304
-0.66,0.92,0.0944,0.0317
-0.64,0.92,0.107,0.0331
-0.62,0.92,0.1211,0.0346
-0.6,0.92,0.1363,0.0361
-0.58,0.92,0.1402,0.0376
-0.56,0.92,0.1323,0.0393
-0.54,0.92,0.1181,0.0408
-0.52,0.92,0.1015,0.0423
-0.5,0.92,0.0678,0.0438
-0.48,0.92,0.0421,0.0451
-0.46,0.92,0.0259,0.0462
-0.44,0.92,0.0158,0.0472
-0.42,0.92,0.0096,0.0483
-0.4,0.92,0.0058,0.0494
-0.38,0.92,0.0035,0.0505
-0.36,0.92,0.0021,0.0516
-0.34,0.92,0.0013,0.0527
-0.32,0.92,0.0008,0.0539
-0.3,0.92,0.0005,0.0551
-0.28,0.92,0.0003,0.0563
-0.26,0.92,0.0002,0.0576
-0.24,0.92,1e-04,0.059
-0.22,0.92,1e-04,0.0604
-0.2,0.92,0.0,0.0619
-0.18,0.92,0.0,0.0633
-0.16,0.92,0.0,0.0649
-0.14,0.92,0.0,0.0664
-0.12,0.92,0.0,0.068
-0.1,0.92,0.0,0.0696
-0.08,0.92,0.0,0.0712
-0.06,0.92,0.0,0.0729
-0.04,0.92,0.0,0.0746
-0.02,0.92,0.0,0.0764
0.0,0.92,0.0,0.0782
0.02,0.92,0.0,0.08
0.04,0.92,0.0,0.0819
0.06,0.92,0.0,0.0838
0.08,0.92,0.0,0.0858
0.1,0.92,0.0,0.0878
0.12,0.92,0.0,0.0899
0.14,0.92,0.0,0.092
0.16,0.92,0.0,0.0942
0.18,0.92,0.0,0.0965
0.2,0.92,0.0,0.0989
0.22,0.92,0.0,0.0985
0.24,0.92,0.0,0.0973
0.26,0.92,0.0,0.0962
0.28,0.92,0.0,0.095
0.3,0.92,0.0,0.0939
0.32,0.92,0.0,0.0927
0.34,0.92,0.0,0.0916
0.36,0.92,0.0,0.0905
0.38,0.92,0.0,0.0894
0.4,0.92,0.0,0.0883
0.42,0.92,0.0,0.0873
0.44,0.92,0.0,0.0862
0.46,0.92,0.0,0.0851
0.48,0.92,0.0,0.0841
0.5,0.92,0.0,0.0831
0.52,0.92,0.0,0.0821
0.54,0.92,0.0,0.0782
0.56,0.92,0.0,0.0706
0.58,0.92,0.0,0.0633
0.6,0.92,0.0,0.0567
0.62,0.92,0.0,0.0507
0.64,0.92,0.0,0.0453
0.66,0.92,0.0,0.0405
0.68,0.92,0.0,0.0361
0.7,0.92,0.0,0.0322
0.72,0.92,0.0,0.0273
0.74,0.92,0.0,0.0228
0.76,0.92,0.0,0.0189
0.78,0.92,0.0,0.0156
0.8,0.92,0.0,0.0129
0.82,0.92,0.0,0.0107
0.84,0.92,0.0,0.0088
0.86,0.92,0.0,0.0071
0.88,0.92,0.0,0.0056
0.9,0.92,0.0,0.0045
0.92,0.92,0.0,0.0035
0.94,0.92,0.0,0.0028
0.96,0.92,0.0,0.0022
0.98,0.92,0.0,0.0018
1.0,0.92,0.0,0.0015
1.02,0.92,0.0,0.0012
1.04,0.92,0.0,0.001
1.06,0.92,0.0,0.0008
1.08,0.92,0.0,0.0006
1.1,0.92,0.0,0.0005
1.12,0.92,0.0,0.0004
1.14,0.92,0.0,0.0003
1.16,0.92,0.0,0.0002
1.18,0.92,0.0,0.0002
1.2,0.92,0.0,1e-04
1.22,0.92,0.0,1e-04
1.24,0.92,0.0,1e-04
1.26,0.92,0.0,1e-04
1.28,0.92,0.0,1e-04
1.3,0.92,0.0,0.0
1.32,0.92,0.0,0.0
1.34,0.92,0.0,0.0
1.36,0.92,0.0,0.0
1.38,0.92,0.0,0.0
1.4,0.92,0.0,0.0
1.42,0.92,0.0,0.0
1.44,0.92,0.0,0.0
1.46,0.92,0.0,0.0
1.48,0.92,0.0,0.0
1.5,0.92,0.0,0.0
1.52,0.92,0.0,0.0
1.54,0.92,0.0,0.0
1.56,0.92,0.0,0.0
1.58,0.92,0.0,0.0
1.6,0.92,0.0,0.0
-1.6,0.94,0.0,0.0
-1.58,0.94,0.0,0.0
-1.56,0.94,0.0,0.0
-1.54,0.94,0.0,0.0
-1.52,0.94,0.0,0.0
-1.5,0.94,0.0,0.0
-1.48,0.94,0.0,0.0
-1.46,0.94,0.0,0.0
-1.44,0.94,0.0,0.0
-1.42,0.94,0.0,0.0
-1.4,0.94,0.0,0.0
-1.38,0.94,0.0,0.0
-1.36,0.94,0.0,0.0
-1.34,0.94,0.0,0.0
-1.32,0.94,0.0,0.0
-1.3,0.94,0.0,0.0
-1.28,0.94,0.0,0.0
-1.26,0.94,0.0,0.0
-1.24,0.94,0.0,0.0
-1.22,0.94,0.0,0.0
-1.2,0.94,0.0,0.0
-1.18,0.94,0.0,0.0
-1.16,0.94,0.0,0.0
-1.14,0.94,0.0,0.0
-1.12,0.94,0.0,1e-04
-1.1,0.94,0.0,1e-04
-1.08,0.94,0.0,1e-04
-1.06,0.94,0.0,0.0002
-1.04,0.94,0.0,0.0003
-1.02,0.94,0.0,0.0004
-1.0,0.94,0.0,0.0006
-0.98,0.94,0.0,0.0009
-0.96,0.94,0.0,0.0013
-0.94,0.94,1e-04,0.0019
-0.92,0.94,0.0003,0.0028
-0.9,0.94,0.0007,0.0042
-0.88,0.94,0.0017,0.0063
-0.86,0.94,0.0043,0.0093
-0.84,0.94,0.0105,0.0127
-0.82,0.94,0.0179,0.0155
-0.8,0.94,0.0234,0.0172
-0.78,0.94,0.0272,0.0182
-0.76,0.94,0.0311,0.019
-0.74,0.94,0.0356,0.0199
-0.72,0.94,0.0407,0.0207
-0.7,0.94,0.0465,0.0217
-0.68,0.94,0.0531,0.0226
-0.66,0.94,0.0606,0.0236
-0.64,0.94,0.069,0.0246
-0.62,0.94,0.0785,0.0257
-0.6,0.94,0.088,0.0269
-0.58,0.94,0.0885,0.028
-0.56,0.94,0.0808,0.0292
-0.54,0.94,0.0646,0.0304
-0.52,0.94,0.0404,0.0315
-0.5,0.94,0.0248,0.0325
-0.48,0.94,0.0151,0.0335
-0.46,0.94,0.0092,0.0343
-0.44,0.94,0.0056,0.035
-0.42,0.94,0.0034,0.0358
-0.4,0.94,0.002,0.0366
-0.38,0.94,0.0012,0.0375
-0.36,0.94,0.0007,0.0383
-0.34,0.94,0.0005,0.0392
-0.32,0.94,0.0003,0.04
-0.3,0.94,0.0002,0.0409
-0.28,0.94,1e-04,0.0419
-0.26,0.94,1e-04,0.0429
-0.24,0.94,0.0,0.044
-0.22,0.94,0.0,0.045
-0.2,0.94,0.0,0.0461
-0.18,0.94,0.0,0.0473
-0.16,0.94,0.0,0.0484
-0.14,0.94,0.0,0.0496
-0.12,0.94,0.0,0.0508
-0.1,0.94,0.0,0.052
-0.08,0.94,0.0,0.0532
-0.06,0.94,0.0,0.0545
-0.04,0.94,0.0,0.0558
-0.02,0.94,0.0,0.0572
0.0,0.94,0.0,0.0585
0.02,0.94,0.0,0.0599
0.04,0.94,0.0,0.0614
0.06,0.94,0.0,0.0628
0.08,0.94,0.0,0.0644
0.1,0.94,0.0,0.0659
0.12,0.94,0.0,0.0675
0.14,0.94,0.0,0.0691
0.16,0.94,0.0,0.0708
0.18,0.94,0.0,0.0725
0.2,0.94,0.0,0.0743
0.22,0.94,0.0,0.0742
0.24,0.94,0.0,0.0733
0.26,0.94,0.0,0.0724
0.28,0.94,0.0,0.0715
0.3,0.94,0.0,0.0706
0.32,0.94,0.0,0.0697
0.34,0.94,0.0,0.0689
0.36,0.94,0.0,0.068
0.38,0.94,0.0,0.0672
0.4,0.94,0.0,0.0663
0.42,0.94,0.0,0.0655
0.44,0.94,0.0,0.0647
0.46,0.94,0.0,0.0639
0.48,0.94,0.0,0.0631
0.5,0.94,0.0,0.0623
0.52,0.94,0.0,0.0615
0.54,0.94,0.0,0.0599
0.56,0.94,0.0,0.0539
0.58,0.94,0.0,0.0484
0.6,0.94,0.0,0.0433
0.62,0.94,0.0,0.0386
0.64,0.94,0.0,0.0345
0.66,0.94,0.0,0.0308
0.68,0.94,0.0,0.0274
0.7,0.94,0.0,0.0245
0.72,0.94,0.0,0.0218
0.74,0.94,0.0,0.0184
0.76,0.94,0.0,0.0153
0.78,0.94,0.0,0.0126
0.8,0.94,0.0,0.0104
0.82,0.94,0.0,0.0086
0.84,0.94,0.0,0.0071
0.86,0.94,0.0,0.0059
0.88,0.94,0.0,0.0048
0.9,0.94,0.0,0.0038
0.92,0.94,0.0,0.003
0.94,0.94,0.0,0.0024
0.96,0.94,0.0,0.002
0.98,0.94,0.0,0.0016
1.0,0.94,0.0,0.0013
1.02,0.94,0.0,0.001
1.04,0.94,0.0,0.0009
1.06,0.94,0.0,0.0007
1.08,0.94,0.0,0.0005
1.1,0.94,0.0,0.0004
1.12,0.94,0.0,0.0003
1.14,0.94,0.0,0.0003
1.16,0.94,0.0,0.0002
1.18,0.94,0.0,0.0002
1.2,0.94,0.0,1e-04
1.22,0.94,0.0,1e-04
1.24,0.94,0.0,1e-04
1.26,0.94,0.0,1e-04
1.28,0.94,0.0,1e-04
1.3,0.94,0.0,0.0
1.32,0.94,0.0,0.0
1.34,0.94,0.0,0.0
1.36,0.94,0.0,0.0
1.38,0.94,0.0,0.0
1.4,0.94,0.0,0.0
1.42,0.94,0.0,0.0
1.44,0.94,0.0,0.0
1.46,0.94,0.0,0.0
1.48,0.94,0.0,0.0
1.5,0.94,0.0,0.0
1.52,0.94,0.0,0.0
1.54,0.94,0.0,0.0
1.56,0.94,0.0,0.0
1.58,0.94,0.0,0.0
1.6,0.94,0.0,0.0
-1.6,0.96,0.0,0.0
-1.58,0.96,0.0,0.0
-1.56,0.96,0.0,0.0
-1.54,0.96,0.0,0.0
-1.52,0.96,0.0,0.0
-1.5,0.96,0.0,0.0
-1.48,0.96,0.0,0.0
-1.46,0.96,0.0,0.0
-1.44,0.96,0.0,0.0
-1.42,0.96,0.0,0.0
-1.4,0.96,0.0,0.0
-1.38,0.96,0.0,0.0
-1.36,0.96,0.0,0.0
-1.34,0.96,0.0,0.0
-1.32,0.96,0.0,0.0
-1.3,0.96,0.0,0.0
-1.28,0.96,0.0,0.0
-1.26,0.96,0.0,0.0
-1.24,0.96,0.0,0.0
-1.22,0.96,0.0,0.0
-1.2,0.96,0.0,0.0
-1.18,0.96,0.0,0.0
-1.16,0.96,0.0,0.0
-1.14,0.96,0.0,0.0
-1.12,0.96,0.0,0.0
-1.1,0.96,0.0,1e-04
-1.08,0.96,0.0,1e-04
-1.06,0.96,0.0,0.0002
-1.04,0.96,0.0,0.0002
-1.02,0.96,0.0,0.0003
-1.0,0.96,0.0,0.0005
-0.98,0.96,0.0,0.0008
-0.96,0.96,0.0,0.0011
-0.94,0.96,1e-04,0.0017
-0.92,0.96,0.0002,0.0025
-0.9,0.96,0.0006,0.0037
-0.88,0.96,0.0015,0.0055
-0.86,0.96,0.0038,0.008
-0.84,0.96,0.0081,0.0103
-0.82,0.96,0.0122,0.012
-0.8,0.96,0.0147,0.0128
-0.78,0.96,0.017,0.0135
-0.76,0.96,0.0195,0.0141
-0.74,0.96,0.0223,0.0147
-0.72,0.96,0.0256,0.0154
-0.7,0.96,0.0293,0.0161
-0.68,0.96,0.0335,0.0168
-0.66,0.96,0.0383,0.0175
-0.64,0.96,0.0438,0.0183
-0.62,0.96,0.0501,0.0191
-0.6,0.96,0.055,0.0199
-0.58,0.96,0.0526,0.0208
-0.56,0.96,0.0387,0.0217
-0.54,0.96,0.0237,0.0225
-0.52,0.96,0.0145,0.0233
-0.5,0.96,0.0088,0.0241
-0.48,0.96,0.0053,0.0247
-0.46,0.96,0.0032,0.0253
-0.44,0.96,0.002,0.0259
-0.42,0.96,0.0012,0.0265
-0.4,0.96,0.0007,0.0271
-0.38,0.96,0.0004,0.0277
-0.36,0.96,0.0003,0.0283
-0.34,0.96,0.0002,0.029
-0.32,0.96,1e-04,0.0296
-0.3,0.96,1e-04,0.0303
-0.28,0.96,0.0,0.0311
-0.26,0.96,0.0,0.0318
-0.24,0.96,0.0,0.0326
-0.22,0.96,0.0,0.0334
-0.2,0.96,0.0,0.0343
-0.18,0.96,0.0,0.0351
-0.16,0.96,0.0,0.036
-0.14,0.96,0.0,0.0368
-0.12,0.96,0.0,0.0377
-0.1,0.96,0.0,0.0387
-0.08,0.96,0.0,0.0396
-0.06,0.96,0.0,0.0406
-0.04,0.96,0.0,0.0416
-0.02,0.96,0.0,0.0426
0.0,0.96,0.0,0.0436
0.02,0.96,0.0,0.0447
0.04,0.96,0.0,0.0458
0.06,0.96,0.0,0.0469
0.08,0.96,0.0,0.048
0.1,0.96,0.0,0.0492
0.12,0.96,0.0,0.0504
0.14,0.96,0.0,0.0516
0.16,0.96,0.0,0.0529
0.18,0.96,0.0,0.0542
0.2,0.96,0.0,0.0555
0.22,0.96,0.0,0.0555
0.24,0.96,0.0,0.0548
0.26,0.96,0.0,0.0541
0.28,0.96,0.0,0.0534
0.3,0.96,0.0,0.0528
0.32,0.96,0.0,0.0521
0.34,0.96,0.0,0.0515
0.36,0.96,0.0,0.0508
0.38,0.96,0.0,0.0502
0.4,0.96,0.0,0.0495
0.42,0.96,0.0,0.0489
0.44,0.96,0.0,0.0483
0.46,0.96,0.0,0.0477
0.48,0.96,0.0,0.0471
0.5,0.96,0.0,0.0465
0.52,0.96,0.0,0.0459
0.54,0.96,0.0,0.0453
0.56,0.96,0.0,0.041
0.58,0.96,0.0,0.0369
0.6,0.96,0.0,0.0329
0.62,0.96,0.0,0.0294
0.64,0.96,0.0,0.0262
0.66,0.96,0.0,0.0233
0.68,0.96,0.0,0.0208
0.7,0.96,0.0,0.0185
0.72,0.96,0.0,0.0165
0.74,0.96,0.0,0.0147
0.76,0.96,0.0,0.0123
0.78,0.96,0.0,0.0102
0.8,0.96,0.0,0.0084
0.82,0.96,0.0,0.007
0.84,0.96,0.0,0.0058
0.86,0.96,0.0,0.0048
0.88,0.96,0.0,0.0039
0.9,0.96,0.0,0.0032
0.92,0.96,0.0,0.0026
0.94,0.96,0.0,0.0021
0.96,0.96,0.0,0.0017
0.98,0.96,0.0,0.0014
1.0,0.96,0.0,0.0011
1.02,0.96,0.0,0.0009
1.04,0.96,0.0,0.0008
1.06,0.96,0.0,0.0006
1.08,0.96,0.0,0.0005
1.1,0.96,0.0,0.0004
1.12,0.96,0.0,0.0003
1.14,0.96,0.0,0.0003
1.16,0.96,0.0,0.0002
1.18,0.96,0.0,0.0002
1.2,0.96,0.0,1e-04
1.22,0.96,0.0,1e-04
1.24,0.96,0.0,1e-04
1.26,0.96,0.0,1e-04
1.28,0.96,0.0,1e-04
1.3,0.96,0.0,0.0
1.32,0.96,0.0,0.0
1.34,0.96,0.0,0.0
1.36,0.96,0.0,0.0
1.38,0.96,0.0,0.0
1.4,0.96,0.0,0.0
1.42,0.96,0.0,0.0
1.44,0.96,0.0,0.0
1.46,0.96,0.0,0.0
1.48,0.96,0.0,0.0
1.5,0.96,0.0,0.0
1.52,0.96,0.0,0.0
1.54,0.96,0.0,0.0
1.56,0.96,0.0,0.0
1.58,0.96,0.0,0.0
1.6,0.96,0.0,0.0
-1.6,0.98,0.0,0.0
-1.58,0.98,0.0,0.0
-1.56,0.98,0.0,0.0
-1.54,0.98,0.0,0.0
-1.52,0.98,0.0,0.0
-1.5,0.98,0.0,0.0
-1.48,0.98,0.0,0.0
-1.46,0.98,0.0,0.0
-1.44,0.98,0.0,0.0
-1.42,0.98,0.0,0.0
-1.4,0.98,0.0,0.0
-1.38,0.98,0.0,0.0
-1.36,0.98,0.0,0.0
-1.34,0.98,0.0,0.0
-1.32,0.98,0.0,0.0
-1.3,0.98,0.0,0.0
-1.28,0.98,0.0,0.0
-1.26,0.98,0.0,0.0
-1.24,0.98,0.0,0.0
-1.22,0.98,0.0,0.0
-1.2,0.98,0.0,0.0
-1.18,0.98,0.0,0.0
-1.16,0.98,0.0,0.0
-1.14,0.98,0.0,0.0
-1.12,0.98,0.0,0.0
-1.1,0.98,0.0,1e-04
-1.08,0.98,0.0,1e-04
-1.06,0.98,0.0,1e-04
-1.04,0.98,0.0,0.0002
-1.02,0.98,0.0,0.0003
-1.0,0.98,0.0,0.0004
-0.98,0.98,0.0,0.0007
-0.96,0.98,0.0,0.001
-0.94,0.98,1e-04,0.0015
-0.92,0.98,0.0002,0.0022
-0.9,0.98,0.0005,0.0032
-0.88,0.98,0.0013,0.0048
-0.86,0.98,0.0033,0.0066
-0.84,0.98,0.0058,0.0081
-0.82,0.98,0.0079,0.009
-0.8,0.98,0.0092,0.0095
-0.78,0.98,0.0106,0.01
-0.76,0.98,0.0121,0.0104
-0.74,0.98,0.0139,0.0109
-0.72,0.98,0.016,0.0114
-0.7,0.98,0.0183,0.0119
-0.68,0.98,0.021,0.0124
-0.66,0.98,0.0241,0.013
-0.64,0.98,0.0276,0.0135
-0.62,0.98,0.031,0.0142
-0.6,0.98,0.0318,0.0148
-0.58,0.98,0.0221,0.0154
-0.56,0.98,0.0139,0.0161
-0.54,0.98,0.0084,0.0167
-0.52,0.98,0.0051,0.0173
-0.5,0.98,0.0031,0.0178
-0.48,0.98,0.0019,0.0183
-0.46,0.98,0.0011,0.0187
-0.44,0.98,0.0007,0.0191
-0.42,0.98,0.0004,0.0195
-0.4,0.98,0.0002,0.02
-0.38,0.98,0.0002,0.0204
-0.36,0.98,1e-04,0.0209
-0.34,0.98,1e-04,0.0214
-0.32,0.98,0.0,0.0219
-0.3,0.98,0.0,0.0224
-0.28,0.98,0.0,0.023
-0.26,0.98,0.0,0.0236
-0.24,0.98,0.0,0.0241
-0.22,0.98,0.0,0.0247
-0.2,0.98,0.0,0.0254
-0.18,0.98,0.0,0.026
-0.16,0.98,0.0,0.0266
-0.14,0.98,0.0,0.0273
-0.12,0.98,0.0,0.028
-0.1,0.98,0.0,0.0286
-0.08,0.98,0.0,0.0294
-0.06,0.98,0.0,0.0301
-0.04,0.98,0.0,0.0308
-0.02,0.98,0.0,0.0316
0.0,0.98,0.0,0.0324
0.02,0.98,0.0,0.0332
0.04,0.98,0.0,0.034
0.06,0.98,0.0,0.0348
0.08,0.98,0.0,0.0357
0.1,0.98,0.0,0.0365
0.12,0.98,0.0,0.0374
0.14,0.98,0.0,0.0384
0.16,0.98,0.0,0.0393
0.18,0.98,0.0,0.0403
0.2,0.98,0.0,0.0413
0.22,0.98,0.0,0.0414
0.24,0.98,0.0,0.0408
0.26,0.98,0.0,0.0403
0.28,0.98,0.0,0.0398
0.3,0.98,0.0,0.0393
0.32,0.98,0.0,0.0388
0.34,0.98,0.0,0.0383
0.36,0.98,0.0,0.0378
0.38,0.98,0.0,0.0373
0.4,0.98,0.0,0.0368
0.42,0.98,0.0,0.0363
0.44,0.98,0.0,0.0359
0.46,0.98,0.0,0.0354
0.48,0.98,0.0,0.035
0.5,0.98,0.0,0.0345
0.52,0.98,0.0,0.0341
0.54,0.98,0.0,0.0336
0.56,0.98,0.0,0.0311
0.58,0.98,0.0,0.028
0.6,0.98,0.0,0.025
0.62,0.98,0.0,0.0223
0.64,0.98,0.0,0.0198
0.66,0.98,0.0,0.0177
0.68,0.98,0.0,0.0157
0.7,0.98,0.0,0.014
0.72,0.98,0.0,0.0125
0.74,0.98,0.0,0.0111
0.76,0.98,0.0,0.0098
0.78,0.98,0.0,0.0082
0.8,0.98,0.0,0.0068
0.82,0.98,0.0,0.0056
0.84,0.98,0.0,0.0047
0.86,0.98,0.0,0.0038
0.88,0.98,0.0,0.0032
0.9,0.98,0.0,0.0026
0.92,0.98,0.0,0.0022
0.94,0.98,0.0,0.0018
0.96,0.98,0.0,0.0015
0.98,0.98,0.0,0.0012
1.0,0.98,0.0,0.001
1.02,0.98,0.0,0.0008
1.04,0.98,0.0,0.0007
1.06,0.98,0.0,0.0006
1.08,0.98,0.0,0.0005
1.1,0.98,0.0,0.0004
1.12,0.98,0.0,0.0003
1.14,0.98,0.0,0.0002
1.16,0.98,0.0,0.0002
1.18,0.98,0.0,0.0002
1.2,0.98,0.0,1e-04
1.22,0.98,0.0,1e-04
1.24,0.98,0.0,1e-04
1.26,0.98,0.0,1e-04
1.28,0.98,0.0,1e-04
1.3,0.98,0.0,0.0
1.32,0.98,0.0,0.0
1.34,0.98,0.0,0.0
1.36,0.98,0.0,0.0
1.38,0.98,0.0,0.0
1.4,0.98,0.0,0.0
1.42,0.98,0.0,0.0
1.44,0.98,0.0,0.0
1.46,0.98,0.0,0.0
1.48,0.98,0.0,0.0
1.5,0.98,0.0,0.0
1.52,0.98,0.0,0.0
1.54,0.98,0.0,0.0
1.56,0.98,0.0,0.0
1.58,0.98,0.0,0.0
1.6,0.98,0.0,0.0
-1.6,1.0,0.0,0.0
-1.58,1.0,0.0,0.0
-1.56,1.0,0.0,0.0
-1.54,1.0,0.0,0.0
-1.52,1.0,0.0,0.0
-1.5,1.0,0.0,0.0
-1.48,1.0,0.0,0.0
-1.46,1.0,0.0,0.0
-1.44,1.0,0.0,0.0
-1.42,1.0,0.0,0.0
-1.4,1.0,0.0,0.0
-1.38,1.0,0.0,0.0
-1.36,1.0,0.0,0.0
-1.34,1.0,0.0,0.0
-1.32,1.0,0.0,0.0
-1.3,1.0,0.0,0.0
-1.28,1.0,0.0,0.0
-1.26,1.0,0.0,0.0
-1.24,1.0,0.0,0.0
-1.22,1.0,0.0,0.0
-1.2,1.0,0.0,0.0
-1.18,1.0,0.0,0.0
-1.16,1.0,0.0,0.0
-1.14,1.0,0.0,0.0
-1.12,1.0,0.0,0.0
-1.1,1.0,0.0,1e-04
-1.08,1.0,0.0,1e-04
-1.06,1.0,0.0,1e-04
-1.04,1.0,0.0,0.0002
-1.02,1.0,0.0,0.0003
-1.0,1.0,0.0,0.0004
-0.98,1.0,0.0,0.0006
-0.96,1.0,0.0,0.0009
-0.94,1.0,1e-04,0.0013
-0.92,1.0,0.0002,0.0019
-0.9,1.0,0.0005,0.0028
-0.88,1.0,0.0012,0.0041
-0.86,1.0,0.0026,0.0053
-0.84,1.0,0.004,0.0062
-0.82,1.0,0.0049,0.0067
-0.8,1.0,0.0057,0.0071
-0.78,1.0,0.0066,0.0074
-0.76,1.0,0.0075,0.0077
-0.74,1.0,0.0087,0.0081
-0.72,1.0,0.0099,0.0084
-0.7,1.0,0.0114,0.0088
-0.68,1.0,0.0131,0.0092
-0.66,1.0,0.0149,0.0096
-0.64,1.0,0.0167,0.01
-0.62,1.0,0.0164,0.0105
-0.6,1.0,0.0121,0.0109
-0.58,1.0,0.0079,0.0114
-0.56,1.0,0.0049,0.0119
-0.54,1.0,0.003,0.0123
-0.52,1.0,0.0018,0.0127
-0.5,1.0,0.0011,0.0131
-0.48,1.0,0.0007,0.0134
-0.46,1.0,0.0004,0.0137
-0.44,1.0,0.0002,0.0141
-0.42,1.0,1e-04,0.0144
-0.4,1.0,1e-04,0.0147
-0.38,1.0,1e-04,0.0151
-0.36,1.0,0.0,0.0154
-0.34,1.0,0.0,0.0158
-0.32,1.0,0.0,0.0161
-0.3,1.0,0.0,0.0165
-0.28,1.0,0.0,0.017
-0.26,1.0,0.0,0.0174
-0.24,1.0,0.0,0.0178
-0.22,1.0,0.0,0.0183
-0.2,1.0,0.0,0.0187
-0.18,1.0,0.0,0.0192
-0.16,1.0,0.0,0.0197
-0.14,1.0,0.0,0.0202
-0.12,1.0,0.0,0.0207
-0.1,1.0,0.0,0.0212
-0.08,1.0,0.0,0.0217
-0.06,1.0,0.0,0.0222
-0.04,1.0,0.0,0.0228
-0.02,1.0,0.0,0.0234
0.0,1.0,0.0,0.0239
0.02,1.0,0.0,0.0245
0.04,1.0,0.0,0.0251
0.06,1.0,0.0,0.0258
0.08,1.0,0.0,0.0264
0.1,1.0,0.0,0.0271
0.12,1.0,0.0,0.0277
0.14,1.0,0.0,0.0284
0.16,1.0,0.0,0.0291
0.18,1.0,0.0,0.0299
0.2,1.0,0.0,0.0306
0.22,1.0,0.0,0.0308
0.24,1.0,0.0,0.0303
0.26,1.0,0.0,0.0299
0.28,1.0,0.0,0.0295
0.3,1.0,0.0,0.0291
0.32,1.0,0.0,0.0287
0.34,1.0,0.0,0.0283
0.36,1.0,0.0,0.028
0.38,1.0,0.0,0.0276
0.4,1.0,0.0,0.0273
0.42,1.0,0.0,0.0269
0.44,1.0,0.0,0.0266
0.46,1.0,0.0,0.0262
0.48,1.0,0.0,0.0259
0.5,1.0,0.0,0.0255
0.52,1.0,0.0,0.0252
0.54,1.0,0.0,0.0249
0.56,1.0,0.0,0.0235
0.58,1.0,0.0,0.0211
0.6,1.0,0.0,0.0189
0.62,1.0,0.0,0.0168
0.64,1.0,0.0,0.015
0.66,1.0,0.0,0.0134
0.68,1.0,0.0,0.0119
0.7,1.0,0.0,0.0106
0.72,1.0,0.0,0.0094
0.74,1.0,0.0,0.0084
0.76,1.0,0.0,0.0075
0.78,1.0,0.0,0.0066
0.8,1.0,0.0,0.0055
0.82,1.0,0.0,0.0045
0.84,1.0,0.0,0.0038
0.86,1.0,0.0,0.0031
0.88,1.0,0.0,0.0026
0.9,1.0,0.0,0.0022
0.92,1.0,0.0,0.0018
0.94,1.0,0.0,0.0015
0.96,1.0,0.0,0.0013
0.98,1.0,0.0,0.0011
1.0,1.0,0.0,0.0009
1.02,1.0,0.0,0.0007
1.04,1.0,0.0,0.0006
1.06,1.0,0.0,0.0005
1.08,1.0,0.0,0.0004
1.1,1.0,0.0,0.0004
1.12,1.0,0.0,0.0003
1.14,1.0,0.0,0.0002
1.16,1.0,0.0,0.0002
1.18,1.0,0.0,0.0002
1.2,1.0,0.0,1e-04
1.22,1.0,0.0,1e-04
1.24,1.0,0.0,1e-04
1.26,1.0,0.0,1e-04
1.28,1.0,0.0,1e-04
1.3,1.0,0.0,0.0
1.32,1.0,0.0,0.0
1.34,1.0,0.0,0.0
1.36,1.0,0.0,0.0
1.38,1.0,0.0,0.0
1.4,1.0,0.0,0.0
1.42,1.0,0.0,0.0
1.44,1.0,0.0,0.0
1.46,1.0,0.0,0.0
1.48,1.0,0.0,0.0
1.5,1.0,0.0,0.0
1.52,1.0,0.0,0.0
1.54,1.0,0.0,0.0
1.56,1.0,0.0,0.0
1.58,1.0,0.0,0.0
1.6,1.0,0.0,0.0
-1.6,1.02,0.0,0.0
-1.58,1.02,0.0,0.0
-1.56,1.02,0.0,0.0
-1.54,1.02,0.0,0.0
-1.52,1.02,0.0,0.0
-1.5,1.02,0.0,0.0
-1.48,1.02,0.0,0.0
-1.46,1.02,0.0,0.0
-1.44,1.02,0.0,0.0
-1.42,1.02,0.0,0.0
-1.4,1.02,0.0,0.0
-1.38,1.02,0.0,0.0
-1.36,1.02,0.0,0.0
-1.34,1.02,0.0,0.0
-1.32,1.02,0.0,0.0
-1.3,1.02,0.0,0.0
-1.28,1.02,0.0,0.0
-1.26,1.02,0.0,0.0
-1.24,1.02,0.0,0.0
-1.22,1.02,0.0,0.0
-1.2,1.02,0.0,0.0
-1.18,1.02,0.0,0.0
-1.16,1.02,0.0,0.0
-1.14,1.02,0.0,0.0
-1.12,1.02,0.0,0.0
-1.1,1.02,0.0,0.0
-1.08,1.02,0.0,1e-04
-1.06,1.02,0.0,1e-04
-1.04,1.02,0.0,0.0002
-1.02,1.02,0.0,0.0002
-1.0,1.02,0.0,0.0003
-0.98,1.02,0.0,0.0005
-0.96,1.02,0.0,0.0008
-0.94,1.02,1e-04,0.0011
-0.92,1.02,0.0002,0.0017
-0.9,1.02,0.0004,0.0025
-0.88,1.02,0.001,0.0034
-0.86,1.02,0.0019,0.0042
-0.84,1.02,0.0026,0.0047
-0.82,1.02,0.0031,0.005
-0.8,1.02,0.0035,0.0052
-0.78,1.02,0.0041,0.0055
-0.76,1.02,0.0047,0.0057
-0.74,1.02,0.0054,0.006
-0.72,1.02,0.0062,0.0062
-0.7,1.02,0.0071,0.0065
-0.68,1.02,0.008,0.0068
-0.66,1.02,0.0089,0.0071
-0.64,1.02,0.0077,0.0074
-0.62,1.02,0.0061,0.0077
-0.6,1.02,0.0043,0.0081
-0.58,1.02,0.0028,0.0084
-0.56,1.02,0.0017,0.0088
-0.54,1.02,0.001,0.0091
-0.52,1.02,0.0006,0.0094
-0.5,1.02,0.0004,0.0096
-0.48,1.02,0.0002,0.0099
-0.46,1.02,1e-04,0.0101
-0.44,1.02,1e-04,0.0103
-0.42,1.02,1e-04,0.0106
-0.4,1.02,0.0,0.0108
-0.38,1.02,0.0,0.0111
-0.36,1.02,0.0,0.0113
-0.34,1.02,0.0,0.0116
-0.32,1.02,0.0,0.0119
-0.3,1.02,0.0,0.0122
-0.28,1.02,0.0,0.0125
-0.26,1.02,0.0,0.0128
-0.24,1.02,0.0,0.0131
-0.22,1.02,0.0,0.0135
-0.2,1.02,0.0,0.0138
-0.18,1.02,0.0,0.0141
-0.16,1.02,0.0,0.0145
-0.14,1.02,0.0,0.0149
-0.12,1.02,0.0,0.0152
-0.1,1.02,0.0,0.0156
-0.08,1.02,0.0,0.016
-0.06,1.02,0.0,0.0164
-0.04,1.02,0.0,0.0168
-0.02,1.02,0.0,0.0172
0.0,1.02,0.0,0.0177
0.02,1.02,0.0,0.0181
0.04,1.02,0.0,0.0186
0.06,1.02,0.0,0.019
0.08,1.02,0.0,0.0195
0.1,1.02,0.0,0.02
0.12,1.02,0.0,0.0205
0.14,1.02,0.0,0.021
0.16,1.02,0.0,0.0215
0.18,1.02,0.0,0.0221
0.2,1.02,0.0,0.0226
0.22,1.02,0.0,0.0228
0.24,1.02,0.0,0.0225
0.26,1.02,0.0,0.0221
0.28,1.02,0.0,0.0218
0.3,1.02,0.0,0.0215
0.32,1.02,0.0,0.0212
0.34,1.02,0.0,0.0209
0.36,1.02,0.0,0.0207
0.38,1.02,0.0,0.0204
0.4,1.02,0.0,0.0201
0.42,1.02,0.0,0.0199
0.44,1.02,0.0,0.0196
0.46,1.02,0.0,0.0194
0.48,1.02,0.0,0.0191
0.5,1.02,0.0,0.0189
0.52,1.02,0.0,0.0186
0.54,1.02,0.0,0.0184
0.56,1.02,0.0,0.0178
0.58,1.02,0.0,0.0159
0.6,1.02,0.0,0.0143
0.62,1.02,0.0,0.0127
0.64,1.02,0.0,0.0113
0.66,1.02,0.0,0.0101
0.68,1.02,0.0,0.009
0.7,1.02,0.0,0.008
0.72,1.02,0.0,0.0071
0.74,1.02,0.0,0.0063
0.76,1.02,0.0,0.0056
0.78,1.02,0.0,0.005
0.8,1.02,0.0,0.0044
0.82,1.02,0.0,0.0037
0.84,1.02,0.0,0.003
0.86,1.02,0.0,0.0025
0.88,1.02,0.0,0.0021
0.9,1.02,0.0,0.0018
0.92,1.02,0.0,0.0015
0.94,1.02,0.0,0.0013
0.96,1.02,0.0,0.0011
0.98,1.02,0.0,0.001
1.0,1.02,0.0,0.0008
1.02,1.02,0.0,0.0007
1.04,1.02,0.0,0.0006
1.06,1.02,0.0,0.0005
1.08,1.02,0.0,0.0004
1.1,1.02,0.0,0.0003
1.12,1.02,0.0,0.0003
1.14,1.02,0.0,0.0002
1.16,1.02,0.0,0.0002
1.18,1.02,0.0,0.0002
1.2,1.02,0.0,1e-04
1.22,1.02,0.0,1e-04
1.24,1.02,0.0,1e-04
1.26,1.02,0.0,1e-04
1.28,1.02,0.0,1e-04
1.3,1.02,0.0,0.0
1.32,1.02,0.0,0.0
1.34,1.02,0.0,0.0
1.36,1.02,0.0,0.0
1.38,1.02,0.0,0.0
1.4,1.02,0.0,0.0
1.42,1.02,0.0,0.0
1.44,1.02,0.0,0.0
1.46,1.02,0.0,0.0
1.48,1.02,0.0,0.0
1.5,1.02,0.0,0.0
1.52,1.02,0.0,0.0
1.54,1.02,0.0,0.0
1.56,1.02,0.0,0.0
1.58,1.02,0.0,0.0
1.6,1.02,0.0,0.0
-1.6,1.04,0.0,0.0
-1.58,1.04,0.0,0.0
-1.56,1.04,0.0,0.0
-1.54,1.04,0.0,0.0
-1.52,1.04,0.0,0.0
-1.5,1.04,0.0,0.0
-1.48,1.04,0.0,0.0
-1.46,1.04,0.0,0.0
-1.44,1.04,0.0,0.0
-1.42,1.04,0.0,0.0
-1.4,1.04,0.0,0.0
-1.38,1.04,0.0,0.0
-1.36,1.04,0.0,0.0
-1.34,1.04,0.0,0.0
-1.32,1.04,0.0,0.0
-1.3,1.04,0.0,0.0
-1.28,1.04,0.0,0.0
-1.26,1.04,0.0,0.0
-1.24,1.04,0.0,0.0
-1.22,1.04,0.0,0.0
-1.2,1.04,0.0,0.0
-1.18,1.04,0.0,0.0
-1.16,1.04,0.0,0.0
-1.14,1.04,0.0,0.0
-1.12,1.04,0.0,0.0
-1.1,1.04,0.0,0.0
-1.08,1.04,0.0,1e-04
-1.06,1.04,0.0,1e-04
-1.04,1.04,0.0,1e-04
-1.02,1.04,0.0,0.0002
-1.0,1.04,0.0,0.0003
-0.98,1.04,0.0,0.0004
-0.96,1.04,0.0,0.0007
-0.94,1.04,1e-04,0.001
-0.92,1.04,1e-04,0.0015
-0.9,1.04,0.0004,0.0021
-0.88,1.04,0.0008,0.0027
-0.86,1.04,0.0013,0.0032
-0.84,1.04,0.0016,0.0035
-0.82,1.04,0.0019,0.0037
-0.8,1.04,0.0022,0.0039
-0.78,1.04,0.0025,0.004
-0.76,1.04,0.0029,0.0042
-0.74,1.04,0.0033,0.0044
-0.72,1.04,0.0038,0.0046
-0.7,1.04,0.0043,0.0048
-0.68,1.04,0.0045,0.005
-0.66,1.04,0.0036,0.0052
-0.64,1.04,0.0029,0.0055
-0.62,1.04,0.0022,0.0057
-0.6,1.04,0.0015,0.006
-0.58,1.04,0.001,0.0062
-0.56,1.04,0.0006,0.0065
-0.54,1.04,0.0004,0.0067
-0.52,1.04,0.0002,0.0069
-0.5,1.04,1e-04,0.0071
-0.48,1.04,1e-04,0.0072
-0.46,1.04,0.0,0.0074
-0.44,1.04,0.0,0.0076
-0.42,1.04,0.0,0.0078
-0.4,1.04,0.0,0.0079
-0.38,1.04,0.0,0.0081
-0.36,1.04,0.0,0.0083
-0.34,1.04,0.0,0.0085
-0.32,1.04,0.0,0.0087
-0.3,1.04,0.0,0.009
-0.28,1.04,0.0,0.0092
-0.26,1.04,0.0,0.0094
-0.24,1.04,0.0,0.0097
-0.22,1.04,0.0,0.0099
-0.2,1.04,0.0,0.0102
-0.18,1.04,0.0,0.0104
-0.16,1.04,0.0,0.0107
-0.14,1.04,0.0,0.0109
-0.12,1.04,0.0,0.0112
-0.1,1.04,0.0,0.0115
-0.08,1.04,0.0,0.0118
-0.06,1.04,0.0,0.0121
-0.04,1.04,0.0,0.0124
-0.02,1.04,0.0,0.0127
0.0,1.04,0.0,0.013
0.02,1.04,0.0,0.0133
0.04,1.04,0.0,0.0137
0.06,1.04,0.0,0.014
0.08,1.04,0.0,0.0144
0.1,1.04,0.0,0.0147
0.12,1.04,0.0,0.0151
0.14,1.04,0.0,0.0155
0.16,1.04,0.0,0.0159
0.18,1.04,0.0,0.0163
0.2,1.04,0.0,0.0167
0.22,1.04,0.0,0.0169
0.24,1.04,0.0,0.0166
0.26,1.04,0.0,0.0164
0.28,1.04,0.0,0.0161
0.3,1.04,0.0,0.0159
0.32,1.04,0.0,0.0157
0.34,1.04,0.0,0.0154
0.36,1.04,0.0,0.0152
0.38,1.04,0.0,0.015
0.4,1.04,0.0,0.0148
0.42,1.04,0.0,0.0147
0.44,1.04,0.0,0.0145
0.46,1.04,0.0,0.0143
0.48,1.04,0.0,0.0141
0.5,1.04,0.0,0.0139
0.52,1.04,0.0,0.0137
0.54,1.04,0.0,0.0135
0.56,1.04,0.0,0.0134
0.58,1.04,0.0,0.012
0.6,1.04,0.0,0.0108
0.62,1.04,0.0,0.0096
0.64,1.04,0.0,0.0086
0.66,1.04,0.0,0.0076
0.68,1.04,0.0,0.0068
0.7,1.04,0.0,0.006
0.72,1.04,0.0,0.0054
0.74,1.04,0.0,0.0048
0.76,1.04,0.0,0.0042
0.78,1.04,0.0,0.0038
0.8,1.04,0.0,0.0034
0.82,1.04,0.0,0.003
0.84,1.04,0.0,0.0025
0.86,1.04,0.0,0.0021
0.88,1.04,0.0,0.0018
0.9,1.04,0.0,0.0015
0.92,1.04,0.0,0.0013
0.94,1.04,0.0,0.0011
0.96,1.04,0.0,0.001
0.98,1.04,0.0,0.0009
1.0,1.04,0.0,0.0007
1.02,1.04,0.0,0.0006
1.04,1.04,0.0,0.0005
1.06,1.04,0.0,0.0005
1.08,1.04,0.0,0.0004
1.1,1.04,0.0,0.0003
1.12,1.04,0.0,0.0003
1.14,1.04,0.0,0.0002
1.16,1.04,0.0,0.0002
1.18,1.04,0.0,0.0002
1.2,1.04,0.0,1e-04
1.22,1.04,0.0,1e-04
1.24,1.04,0.0,1e-04
1.26,1.04,0.0,1e-04
1.28,1.04,0.0,1e-04
1.3,1.04,0.0,0.0
1.32,1.04,0.0,0.0
1.34,1.04,0.0,0.0
1.36,1.04,0.0,0.0
1.38,1.04,0.0,0.0
1.4,1.04,0.0,0.0
1.42,1.04,0.0,0.0
1.44,1.04,0.0,0.0
1.46,1.04,0.0,0.0
1.48,1.04,0.0,0.0
1.5,1.04,0.0,0.0
1.52,1.04,0.0,0.0
1.54,1.04,0.0,0.0
1.56,1.04,0.0,0.0
1.58,1.04,0.0,0.0
1.6,1.04,0.0,0.0
-1.6,1.06,0.0,0.0
-1.58,1.06,0.0,0.0
-1.56,1.06,0.0,0.0
-1.54,1.06,0.0,0.0
-1.52,1.06,0.0,0.0
-1.5,1.06,0.0,0.0
-1.48,1.06,0.0,0.0
-1.46,1.06,0.0,0.0
-1.44,1.06,0.0,0.0
-1.42,1.06,0.0,0.0
-1.4,1.06,0.0,0.0
-1.38,1.06,0.0,0.0
-1.36,1.06,0.0,0.0
-1.34,1.06,0.0,0.0
-1.32,1.06,0.0,0.0
-1.3,1.06,0.0,0.0
-1.28,1.06,0.0,0.0
-1.26,1.06,0.0,0.0
-1.24,1.06,0.0,0.0
-1.22,1.06,0.0,0.0
-1.2,1.06,0.0,0.0
-1.18,1.06,0.0,0.0
-1.16,1.06,0.0,0.0
-1.14,1.06,0.0,0.0
-1.12,1.06,0.0,0.0
-1.1,1.06,0.0,0.0
-1.08,1.06,0.0,1e-04
-1.06,1.06,0.0,1e-04
-1.04,1.06,0.0,1e-04
-1.02,1.06,0.0,0.0002
-1.0,1.06,0.0,0.0003
-0.98,1.06,0.0,0.0004
-0.96,1.06,0.0,0.0006
-0.94,1.06,0.0,0.0009
-0.92,1.06,1e-04,0.0013
-0.9,1.06,0.0003,0.0018
-0.88,1.06,0.0006,0.0022
-0.86,1.06,0.0009,0.0024
-0.84,1.06,0.001,0.0026
-0.82,1.06,0.0012,0.0027
-0.8,1.06,0.0014,0.0028
-0.78,1.06,0.0016,0.003
-0.76,1.06,0.0018,0.0031
-0.74,1.06,0.002,0.0032
-0.72,1.06,0.0023,0.0034
-0.7,1.06,0.0021,0.0035
-0.68,1.06,0.0017,0.0037
-0.66,1.06,0.0013,0.0039
-0.64,1.06,0.0011,0.004
-0.62,1.06,0.0008,0.0042
-0.6,1.06,0.0006,0.0044
-0.58,1.06,0.0003,0.0046
-0.56,1.06,0.0002,0.0048
-0.54,1.06,1e-04,0.0049
-0.52,1.06,1e-04,0.0051
-0.5,1.06,0.0,0.0052
-0.48,1.06,0.0,0.0053
-0.46,1.06,0.0,0.0054
-0.44,1.06,0.0,0.0056
-0.42,1.06,0.0,0.0057
-0.4,1.06,0.0,0.0058
-0.38,1.06,0.0,0.006
-0.36,1.06,0.0,0.0061
-0.34,1.06,0.0,0.0063
-0.32,1.06,0.0,0.0064
-0.3,1.06,0.0,0.0066
-0.28,1.06,0.0,0.0068
-0.26,1.06,0.0,0.0069
-0.24,1.06,0.0,0.0071
-0.22,1.06,0.0,0.0073
-0.2,1.06,0.0,0.0075
-0.18,1.06,0.0,0.0077
-0.16,1.06,0.0,0.0078
-0.14,1.06,0.0,0.008
-0.12,1.06,0.0,0.0082
-0.1,1.06,0.0,0.0085
-0.08,1.06,0.0,0.0087
-0.06,1.06,0.0,0.0089
-0.04,1.06,0.0,0.0091
-0.02,1.06,0.0,0.0093
0.0,1.06,0.0,0.0096
0.02,1.06,0.0,0.0098
0.04,1.06,0.0,0.0101
0.06,1.06,0.0,0.0103
0.08,1.06,0.0,0.0106
0.1,1.06,0.0,0.0108
0.12,1.06,0.0,0.0111
0.14,1.06,0.0,0.0114
0.16,1.06,0.0,0.0117
0.18,1.06,0.0,0.012
0.2,1.06,0.0,0.0123
0.22,1.06,0.0,0.0125
0.24,1.06,0.0,0.0123
0.26,1.06,0.0,0.0121
0.28,1.06,0.0,0.0119
0.3,1.06,0.0,0.0117
0.32,1.06,0.0,0.0116
0.34,1.06,0.0,0.0114
0.36,1.06,0.0,0.0112
0.38,1.06,0.0,0.0111
0.4,1.06,0.0,0.0109
0.42,1.06,0.0,0.0108
0.44,1.06,0.0,0.0106
0.46,1.06,0.0,0.0105
0.48,1.06,0.0,0.0104
0.5,1.06,0.0,0.0102
0.52,1.06,0.0,0.0101
0.54,1.06,0.0,0.01
0.56,1.06,0.0,0.0098
0.58,1.06,0.0,0.009
0.6,1.06,0.0,0.0081
0.62,1.06,0.0,0.0073
0.64,1.06,0.0,0.0065
0.66,1.06,0.0,0.0057
0.68,1.06,0.0,0.0051
0.7,1.06,0.0,0.0045
0.72,1.06,0.0,0.004
0.74,1.06,0.0,0.0036
0.76,1.06,0.0,0.0032
0.78,1.06,0.0,0.0029
0.8,1.06,0.0,0.0026
0.82,1.06,0.0,0.0024
0.84,1.06,0.0,0.0021
0.86,1.06,0.0,0.0018
0.88,1.06,0.0,0.0016
0.9,1.06,0.0,0.0013
0.92,1.06,0.0,0.0012
0.94,1.06,0.0,0.001
0.96,1.06,0.0,0.0009
0.98,1.06,0.0,0.0008
1.0,1.06,0.0,0.0007
1.02,1.06,0.0,0.0006
1.04,1.06,0.0,0.0005
1.06,1.06,0.0,0.0004
1.08,1.06,0.0,0.0004
1.1,1.06,0.0,0.0003
1.12,1.06,0.0,0.0002
1.14,1.06,0.0,0.0002
1.16,1.06,0.0,0.0002
1.18,1.06,0.0,1e-04
1.2,1.06,0.0,1e-04
1.22,1.06,0.0,1e-04
1.24,1.06,0.0,1e-04
1.26,1.06,0.0,1e-04
1.28,1.06,0.0,1e-04
1.3,1.06,0.0,0.0
1.32,1.06,0.0,0.0
1.34,1.06,0.0,0.0
1.36,1.06,0.0,0.0
1.38,1.06,0.0,0.0
1.4,1.06,0.0,0.0
1.42,1.06,0.0,0.0
1.44,1.06,0.0,0.0
1.46,1.06,0.0,0.0
1.48,1.06,0.0,0.0
1.5,1.06,0.0,0.0
1.52,1.06,0.0,0.0
1.54,1.06,0.0,0.0
1.56,1.06,0.0,0.0
1.58,1.06,0.0,0.0
1.6,1.06,0.0,0.0
-1.6,1.08,0.0,0.0
-1.58,1.08,0.0,0.0
-1.56,1.08,0.0,0.0
-1.54,1.08,0.0,0.0
-1.52,1.08,0.0,0.0
-1.5,1.08,0.0,0.0
-1.48,1.08,0.0,0.0
-1.46,1.08,0.0,0.0
-1.44,1.08,0.0,0.0
-1.42,1.08,0.0,0.0
-1.4,1.08,0.0,0.0
-1.38,1.08,0.0,0.0
-1.36,1.08,0.0,0.0
-1.34,1.08,0.0,0.0
-1.32,1.08,0.0,0.0
-1.3,1.08,0.0,0.0
-1.28,1.08,0.0,0.0
-1.26,1.08,0.0,0.0
-1.24,1.08,0.0,0.0
-1.22,1.08,0.0,0.0
-1.2,1.08,0.0,0.0
-1.18,1.08,0.0,0.0
-1.16,1.08,0.0,0.0
-1.14,1.08,0.0,0.0
-1.12,1.08,0.0,0.0
-1.1,1.08,0.0,0.0
-1.08,1.08,0.0,0.0
-1.06,1.08,0.0,1e-04
-1.04,1.08,0.0,1e-04
-1.02,1.08,0.0,0.0002
-1.0,1.08,0.0,0.0002
-0.98,1.08,0.0,0.0003
-0.96,1.08,0.0,0.0005
-0.94,1.08,0.0,0.0007
-0.92,1.08,1e-04,0.0011
-0.9,1.08,0.0003,0.0014
-0.88,1.08,0.0004,0.0017
-0.86,1.08,0.0005,0.0018
-0.84,1.08,0.0006,0.0019
-0.82,1.08,0.0007,0.002
-0.8,1.08,0.0008,0.0021
-0.78,1.08,0.001,0.0022
-0.76,1.08,0.0011,0.0023
-0.74,1.08,0.0012,0.0024
-0.72,1.08,0.001,0.0025
-0.7,1.08,0.0008,0.0026
-0.68,1.08,0.0006,0.0027
-0.66,1.08,0.0005,0.0029
-0.64,1.08,0.0004,0.003
-0.62,1.08,0.0003,0.0031
-0.6,1.08,0.0002,0.0033
-0.58,1.08,1e-04,0.0034
-0.56,1.08,1e-04,0.0035
-0.54,1.08,0.0,0.0036
-0.52,1.08,0.0,0.0037
-0.5,1.08,0.0,0.0038
-0.48,1.08,0.0,0.0039
-0.46,1.08,0.0,0.004
-0.44,1.08,0.0,0.0041
-0.42,1.08,0.0,0.0042
-0.4,1.08,0.0,0.0043
-0.38,1.08,0.0,0.0044
-0.36,1.08,0.0,0.0045
-0.34,1.08,0.0,0.0046
-0.32,1.08,0.0,0.0047
-0.3,1.08,0.0,0.0048
-0.28,1.08,0.0,0.005
-0.26,1.08,0.0,0.0051
-0.24,1.08,0.0,0.0052
-0.22,1.08,0.0,0.0054
-0.2,1.08,0.0,0.0055
-0.18,1.08,0.0,0.0056
-0.16,1.08,0.0,0.0058
-0.14,1.08,0.0,0.0059
-0.12,1.08,0.0,0.0061
-0.1,1.08,0.0,0.0062
-0.08,1.08,0.0,0.0064
-0.06,1.08,0.0,0.0065
-0.04,1.08,0.0,0.0067
-0.02,1.08,0.0,0.0069
0.0,1.08,0.0,0.007
0.02,1.08,0.0,0.0072
0.04,1.08,0.0,0.0074
0.06,1.08,0.0,0.0076
0.08,1.08,0.0,0.0078
0.1,1.08,0.0,0.008
0.12,1.08,0.0,0.0082
0.14,1.08,0.0,0.0084
0.16,1.08,0.0,0.0086
0.18,1.08,0.0,0.0088
0.2,1.08,0.0,0.009
0.22,1.08,0.0,0.0092
0.24,1.08,0.0,0.009
0.26,1.08,0.0,0.0089
0.28,1.08,0.0,0.0088
0.3,1.08,0.0,0.0087
0.32,1.08,0.0,0.0085
0.34,1.08,0.0,0.0084
0.36,1.08,0.0,0.0083
0.38,1.08,0.0,0.0082
0.4,1.08,0.0,0.008
0.42,1.08,0.0,0.0079
0.44,1.08,0.0,0.0078
0.46,1.08,0.0,0.0077
0.48,1.08,0.0,0.0076
0.5,1.08,0.0,0.0075
0.52,1.08,0.0,0.0074
0.54,1.08,0.0,0.0073
0.56,1.08,0.0,0.0072
0.58,1.08,0.0,0.0068
0.6,1.08,0.0,0.0061
0.62,1.08,0.0,0.0055
0.64,1.08,0.0,0.0049
0.66,1.08,0.0,0.0044
0.68,1.08,0.0,0.0039
0.7,1.08,0.0,0.0035
0.72,1.08,0.0,0.0031
0.74,1.08,0.0,0.0028
0.76,1.08,0.0,0.0025
0.78,1.08,0.0,0.0023
0.8,1.08,0.0,0.0021
0.82,1.08,0.0,0.0019
0.84,1.08,0.0,0.0017
0.86,1.08,0.0,0.0016
0.88,1.08,0.0,0.0014
0.9,1.08,0.0,0.0012
0.92,1.08,0.0,0.001
0.94,1.08,0.0,0.0009
0.96,1.08,0.0,0.0008
0.98,1.08,0.0,0.0007
1.0,1.08,0.0,0.0006
1.02,1.08,0.0,0.0005
1.04,1.08,0.0,0.0004
1.06,1.08,0.0,0.0004
1.08,1.08,0.0,0.0003
1.1,1.08,0.0,0.0003
1.12,1.08,0.0,0.0002
1.14,1.08,0.0,0.0002
1.16,1.08,0.0,0.0002
1.18,1.08,0.0,1e-04
1.2,1.08,0.0,1e-04
1.22,1.08,0.0,1e-04
1.24,1.08,0.0,1e-04
1.26,1.08,0.0,1e-04
1.28,1.08,0.0,1e-04
1.3,1.08,0.0,0.0
1.32,1.08,0.0,0.0
1.34,1.08,0.0,0.0
1.36,1.08,0.0,0.0
1.38,1.08,0.0,0.0
1.4,1.08,0.0,0.0
1.42,1.08,0.0,0.0
1.44,1.08,0.0,0.0
1.46,1.08,0.0,0.0
1.48,1.08,0.0,0.0
1.5,1.08,0.0,0.0
1.52,1.08,0.0,0.0
1.54,1.08,0.0,0.0
1.56,1.08,0.0,0.0
1.58,1.08,0.0,0.0
1.6,1.08,0.0,0.0
-1.6,1.1,0.0,0.0
-1.58,1.1,0.0,0.0
-1.56,1.1,0.0,0.0
-1.54,1.1,0.0,0.0
-1.52,1.1,0.0,0.0
-1.5,1.1,0.0,0.0
-1.48,1.1,0.0,0.0
-1.46,1.1,0.0,0.0
-1.44,1.1,0.0,0.0
-1.42,1.1,0.0,0.0
-1.4,1.1,0.0,0.0
-1.38,1.1,0.0,0.0
-1.36,1.1,0.0,0.0
-1.34,1.1,0.0,0.0
-1.32,1.1,0.0,0.0
-1.3,1.1,0.0,0.0
-1.28,1.1,0.0,0.0
-1.26,1.1,0.0,0.0
-1.24,1.1,0.0,0.0
-1.22,1.1,0.0,0.0
-1.2,1.1,0.0,0.0
-1.18,1.1,0.0,0.0
-1.16,1.1,0.0,0.0
-1.14,1.1,0.0,0.0
-1.12,1.1,0.0,0.0
-1.1,1.1,0.0,0.0
-1.08,1.1,0.0,0.0
-1.06,1.1,0.0,1e-04
-1.04,1.1,0.0,1e-04
-1.02,1.1,0.0,1e-04
-1.0,1.1,0.0,0.0002
-0.98,1.1,0.0,0.0003
-0.96,1.1,0.0,0.0004
-0.94,1.1,0.0,0.0007
-0.92,1.1,1e-04,0.0009
-0.9,1.1,0.0002,0.0011
-0.88,1.1,0.0003,0.0013
-0.86,1.1,0.0003,0.0014
-0.84,1.1,0.0004,0.0014
-0.82,1.1,0.0005,0.0015
-0.8,1.1,0.0005,0.0015
-0.78,1.1,0.0006,0.0016
-0.76,1.1,0.0006,0.0017
-0.74,1.1,0.0005,0.0018
-0.72,1.1,0.0004,0.0018
-0.7,1.1,0.0003,0.0019
-0.68,1.1,0.0002,0.002
-0.66,1.1,0.0002,0.0021
-0.64,1.1,1e-04,0.0022
-0.62,1.1,1e-04,0.0023
-0.6,1.1,1e-04,0.0024
-0.58,1.1,0.0,0.0025
-0.56,1.1,0.0,0.0026
-0.54,1.1,0.0,0.0027
-0.52,1.1,0.0,0.0027
-0.5,1.1,0.0,0.0028
-0.48,1.1,0.0,0.0029
-0.46,1.1,0.0,0.0029
-0.44,1.1,0.0,0.003
-0.42,1.1,0.0,0.0031
-0.4,1.1,0.0,0.0031
-0.38,1.1,0.0,0.0032
-0.36,1.1,0.0,0.0033
-0.34,1.1,0.0,0.0034
-0.32,1.1,0.0,0.0035
-0.3,1.1,0.0,0.0036
-0.28,1.1,0.0,0.0036
-0.26,1.1,0.0,0.0037
-0.24,1.1,0.0,0.0038
-0.22,1.1,0.0,0.0039
-0.2,1.1,0.0,0.004
-0.18,1.1,0.0,0.0041
-0.16,1.1,0.0,0.0042
-0.14,1.1,0.0,0.0043
-0.12,1.1,0.0,0.0045
-0.1,1.1,0.0,0.0046
-0.08,1.1,0.0,0.0047
-0.06,1.1,0.0,0.0048
-0.04,1.1,0.0,0.0049
-0.02,1.1,0.0,0.005
0.0,1.1,0.0,0.0052
0.02,1.1,0.0,0.0053
0.04,1.1,0.0,0.0054
0.06,1.1,0.0,0.0056
0.08,1.1,0.0,0.0057
0.1,1.1,0.0,0.0059
0.12,1.1,0.0,0.006
0.14,1.1,0.0,0.0062
0.16,1.1,0.0,0.0063
0.18,1.1,0.0,0.0065
0.2,1.1,0.0,0.0066
0.22,1.1,0.0,0.0068
0.24,1.1,0.0,0.0067
0.26,1.1,0.0,0.0066
0.28,1.1,0.0,0.0065
0.3,1.1,0.0,0.0064
0.32,1.1,0.0,0.0063
0.34,1.1,0.0,0.0062
0.36,1.1,0.0,0.0061
0.38,1.1,0.0,0.006
0.4,1.1,0.0,0.0059
0.42,1.1,0.0,0.0058
0.44,1.1,0.0,0.0058
0.46,1.1,0.0,0.0057
0.48,1.1,0.0,0.0056
0.5,1.1,0.0,0.0055
0.52,1.1,0.0,0.0055
0.54,1.1,0.0,0.0054
0.56,1.1,0.0,0.0053
0.58,1.1,0.0,0.0052
0.6,1.1,0.0,0.0047
0.62,1.1,0.0,0.0042
0.64,1.1,0.0,0.0038
0.66,1.1,0.0,0.0034
0.68,1.1,0.0,0.0031
0.7,1.1,0.0,0.0028
0.72,1.1,0.0,0.0025
0.74,1.1,0.0,0.0022
0.76,1.1,0.0,0.002
0.78,1.1,0.0,0.0018
0.8,1.1,0.0,0.0017
0.82,1.1,0.0,0.0015
0.84,1.1,0.0,0.0014
0.86,1.1,0.0,0.0013
0.88,1.1,0.0,0.0012
0.9,1.1,0.0,0.001
0.92,1.1,0.0,0.0009
0.94,1.1,0.0,0.0008
0.96,1.1,0.0,0.0007
0.98,1.1,0.0,0.0006
1.0,1.1,0.0,0.0005
1.02,1.1,0.0,0.0004
1.04,1.1,0.0,0.0004
1.06,1.1,0.0,0.0003
1.08,1.1,0.0,0.0003
1.1,1.1,0.0,0.0003
1.12,1.1,0.0,0.0002
1.14,1.1,0.0,0.0002
1.16,1.1,0.0,0.0002
1.18,1.1,0.0,1e-04
1.2,1.1,0.0,1e-04
1.22,1.1,0.0,1e-04
1.24,1.1,0.0,1e-04
1.26,1.1,0.0,1e-04
1.28,1.1,0.0,1e-04
1.3,1.1,0.0,0.0
1.32,1.1,0.0,0.0
1.34,1.1,0.0,0.0
1.36,1.1,0.0,0.0
1.38,1.1,0.0,0.0
1.4,1.1,0.0,0.0
1.42,1.1,0.0,0.0
1.44,1.1,0.0,0.0
1.46,1.1,0.0,0.0
1.48,1.1,0.0,0.0
1.5,1.1,0.0,0.0
1.52,1.1,0.0,0.0
1.54,1.1,0.0,0.0
1.56,1.1,0.0,0.0
1.58,1.1,0.0,0.0
1.6,1.1,0.0,0.0
-1.6,1.12,0.0,0.0
-1.58,1.12,0.0,0.0
-1.56,1.12,0.0,0.0
-1.54,1.12,0.0,0.0
-1.52,1.12,0.0,0.0
-1.5,1.12,0.0,0.0
-1.48,1.12,0.0,0.0
-1.46,1.12,0.0,0.0
-1.44,1.12,0.0,0.0
-1.42,1.12,0.0,0.0
-1.4,1.12,0.0,0.0
-1.38,1.12,0.0,0.0
-1.36,1.12,0.0,0.0
-1.34,1.12,0.0,0.0
-1.32,1.12,0.0,0.0
-1.3,1.12,0.0,0.0
-1.28,1.12,0.0,0.0
-1.26,1.12,0.0,0.0
-1.24,1.12,0.0,0.0
-1.22,1.12,0.0,0.0
-1.2,1.12,0.0,0.0
-1.18,1.12,0.0,0.0
-1.16,1.12,0.0,0.0
-1.14,1.12,0.0,0.0
-1.12,1.12,0.0,0.0
-1.1,1.12,0.0,0.0
-1.08,1.12,0.0,0.0
-1.06,1.12,0.0,1e-04
-1.04,1.12,0.0,1e-04
-1.02,1.12,0.0,1e-04
-1.0,1.12,0.0,0.0002
-0.98,1.12,0.0,0.0003
-0.96,1.12,0.0,0.0004
-0.94,1.12,0.0,0.0006
-0.92,1.12,1e-04,0.0007
-0.9,1.12,1e-04,0.0009
-0.88,1.12,0.0002,0.0009
-0.86,1.12,0.0002,0.001
-0.84,1.12,0.0002,0.001
-0.82,1.12,0.0003,0.0011
-0.8,1.12,0.0003,0.0011
-0.78,1.12,0.0003,0.0012
-0.76,1.12,0.0002,0.0012
-0.74,1.12,0.0002,0.0013
-0.72,1.12,1e-04,0.0014
-0.7,1.12,1e-04,0.0014
-0.68,1.12,1e-04,0.0015
-0.66,1.12,1e-04,0.0016
-0.64,1.12,1e-04,0.0016
-0.62,1.12,0.0,0.0017
-0.6,1.12,0.0,0.0018
-0.58,1.12,0.0,0.0018
-0.56,1.12,0.0,0.0019
-0.54,1.12,0.0,0.002
-0.52,1.12,0.0,0.002
-0.5,1.12,0.0,0.002
-0.48,1.12,0.0,0.0021
-0.46,1.12,0.0,0.0021
-0.44,1.12,0.0,0.0022
-0.42,1.12,0.0,0.0022
-0.4,1.12,0.0,0.0023
-0.38,1.12,0.0,0.0024
-0.36,1.12,0.0,0.0024
-0.34,1.12,0.0,0.0025
-0.32,1.12,0.0,0.0025
-0.3,1.12,0.0,0.0026
-0.28,1.12,0.0,0.0027
-0.26,1.12,0.0,0.0027
-0.24,1.12,0.0,0.0028
-0.22,1.12,0.0,0.0029
-0.2,1.12,0.0,0.003
-0.18,1.12,0.0,0.003
-0.16,1.12,0.0,0.0031
-0.14,1.12,0.0,0.0032
-0.12,1.12,0.0,0.0033
-0.1,1.12,0.0,0.0034
-0.08,1.12,0.0,0.0034
-0.06,1.12,0.0,0.0035
-0.04,1.12,0.0,0.0036
-0.02,1.12,0.0,0.0037
0.0,1.12,0.0,0.0038
0.02,1.12,0.0,0.0039
0.04,1.12,0.0,0.004
0.06,1.12,0.0,0.0041
0.08,1.12,0.0,0.0042
0.1,1.12,0.0,0.0043
0.12,1.12,0.0,0.0044
0.14,1.12,0.0,0.0045
0.16,1.12,0.0,0.0046
0.18,1.12,0.0,0.0048
0.2,1.12,0.0,0.0049
0.22,1.12,0.0,0.005
0.24,1.12,0.0,0.0049
0.26,1.12,0.0,0.0048
0.28,1.12,0.0,0.0048
0.3,1.12,0.0,0.0047
0.32,1.12,0.0,0.0046
0.34,1.12,0.0,0.0046
0.36,1.12,0.0,0.0045
0.38,1.12,0.0,0.0044
0.4,1.12,0.0,0.0044
0.42,1.12,0.0,0.0043
0.44,1.12,0.0,0.0042
0.46,1.12,0.0,0.0042
0.48,1.12,0.0,0.0041
0.5,1.12,0.0,0.0041
0.52,1.12,0.0,0.0041
0.54,1.12,0.0,0.0041
0.56,1.12,0.0,0.0041
0.58,1.12,0.0,0.004
0.6,1.12,0.0,0.0037
0.62,1.12,0.0,0.0033
0.64,1.12,0.0,0.003
0.66,1.12,0.0,0.0027
0.68,1.12,0.0,0.0024
0.7,1.12,0.0,0.0022
0.72,1.12,0.0,0.002
0.74,1.12,0.0,0.0018
0.76,1.12,0.0,0.0016
0.78,1.12,0.0,0.0015
0.8,1.12,0.0,0.0013
0.82,1.12,0.0,0.0012
0.84,1.12,0.0,0.0011
0.86,1.12,0.0,0.0011
0.88,1.12,0.0,0.001
0.9,1.12,0.0,0.0009
0.92,1.12,0.0,0.0008
0.94,1.12,0.0,0.0007
0.96,1.12,0.0,0.0006
0.98,1.12,0.0,0.0005
1.0,1.12,0.0,0.0005
1.02,1.12,0.0,0.0004
1.04,1.12,0.0,0.0003
1.06,1.12,0.0,0.0003
1.08,1.12,0.0,0.0003
1.1,1.12,0.0,0.0002
1.12,1.12,0.0,0.0002
1.14,1.12,0.0,0.0002
1.16,1.12,0.0,1e-04
1.18,1.12,0.0,1e-04
1.2,1.12,0.0,1e-04
1.22,1.12,0.0,1e-04
1.24,1.12,0.0,1e-04
1.26,1.12,0.0,1e-04
1.28,1.12,0.0,1e-04
1.3,1.12,0.0,0.0
1.32,1.12,0.0,0.0
1.34,1.12,0.0,0.0
1.36,1.12,0.0,0.0
1.38,1.12,0.0,0.0
1.4,1.12,0.0,0.0
1.42,1.12,0.0,0.0
1.44,1.12,0.0,0.0
1.46,1.12,0.0,0.0
1.48,1.12,0.0,0.0
1.5,1.12,0.0,0.0
1.52,1.12,0.0,0.0
1.54,1.12,0.0,0.0
1.56,1.12,0.0,0.0
1.58,1.12,0.0,0.0
1.6,1.12,0.0,0.0
-1.6,1.14,0.0,0.0
-1.58,1.14,0.0,0.0
-1.56,1.14,0.0,0.0
-1.54,1.14,0.0,0.0
-1.52,1.14,0.0,0.0
-1.5,1.14,0.0,0.0
-1.48,1.14,0.0,0.0
-1.46,1.14,0.0,0.0
-1.44,1.14,0.0,0.0
-1.42,1.14,0.0,0.0
-1.4,1.14,0.0,0.0
-1.38,1.14,0.0,0.0
-1.36,1.14,0.0,0.0
-1.34,1.14,0.0,0.0
-1.32,1.14,0.0,0.0
-1.3,1.14,0.0,0.0
-1.28,1.14,0.0,0.0
-1.26,1.14,0.0,0.0
-1.24,1.14,0.0,0.0
-1.22,1.14,0.0,0.0
-1.2,1.14,0.0,0.0
-1.18,1.14,0.0,0.0
-1.16,1.14,0.0,0.0
-1.14,1.14,0.0,0.0
-1.12,1.14,0.0,0.0
-1.1,1.14,0.0,0.0
-1.08,1.14,0.0,0.0
-1.06,1.14,0.0,0.0
-1.04,1.14,0.0,1e-04
-1.02,1.14,0.0,1e-04
-1.0,1.14,0.0,0.0002
-0.98,1.14,0.0,0.0002
-0.96,1.14,0.0,0.0003
-0.94,1.14,0.0,0.0005
-0.92,1.14,1e-04,0.0006
-0.9,1.14,1e-04,0.0007
-0.88,1.14,1e-04,0.0007
-0.86,1.14,1e-04,0.0007
-0.84,1.14,1e-04,0.0008
-0.82,1.14,0.0002,0.0008
-0.8,1.14,1e-04,0.0008
-0.78,1.14,1e-04,0.0009
-0.76,1.14,1e-04,0.0009
-0.74,1.14,1e-04,0.001
-0.72,1.14,1e-04,0.001
-0.7,1.14,0.0,0.0011
-0.68,1.14,0.0,0.0011
-0.66,1.14,0.0,0.0011
-0.64,1.14,0.0,0.0012
-0.62,1.14,0.0,0.0012
-0.6,1.14,0.0,0.0013
-0.58,1.14,0.0,0.0013
-0.56,1.14,0.0,0.0014
-0.54,1.14,0.0,0.0014
-0.52,1.14,0.0,0.0015
-0.5,1.14,0.0,0.0015
-0.48,1.14,0.0,0.0015
-0.46,1.14,0.0,0.0016
-0.44,1.14,0.0,0.0016
-0.42,1.14,0.0,0.0016
-0.4,1.14,0.0,0.0017
-0.38,1.14,0.0,0.0017
-0.36,1.14,0.0,0.0018
-0.34,1.14,0.0,0.0018
-0.32,1.14,0.0,0.0019
-0.3,1.14,0.0,0.0019
-0.28,1.14,0.0,0.002
-0.26,1.14,0.0,0.002
-0.24,1.14,0.0,0.0021
-0.22,1.14,0.0,0.0021
-0.2,1.14,0.0,0.0022
-0.18,1.14,0.0,0.0022
-0.16,1.14,0.0,0.0023
-0.14,1.14,0.0,0.0023
-0.12,1.14,0.0,0.0024
-0.1,1.14,0.0,0.0025
-0.08,1.14,0.0,0.0025
-0.06,1.14,0.0,0.0026
-0.04,1.14,0.0,0.0027
-0.02,1.14,0.0,0.0027
0.0,1.14,0.0,0.0028
0.02,1.14,0.0,0.0029
0.04,1.14,0.0,0.0029
0.06,1.14,0.0,0.003
0.08,1.14,0.0,0.0031
0.1,1.14,0.0,0.0032
0.12,1.14,0.0,0.0032
0.14,1.14,0.0,0.0033
0.16,1.14,0.0,0.0034
0.18,1.14,0.0,0.0035
0.2,1.14,0.0,0.0036
0.22,1.14,0.0,0.0037
0.24,1.14,0.0,0.0036
0.26,1.14,0.0,0.0036
0.28,1.14,0.0,0.0035
0.3,1.14,0.0,0.0035
0.32,1.14,0.0,0.0034
0.34,1.14,0.0,0.0034
0.36,1.14,0.0,0.0033
0.38,1.14,0.0,0.0033
0.4,1.14,0.0,0.0032
0.42,1.14,0.0,0.0032
0.44,1.14,0.0,0.0032
0.46,1.14,0.0,0.0032
0.48,1.14,0.0,0.0032
0.5,1.14,0.0,0.0031
0.52,1.14,0.0,0.0031
0.54,1.14,0.0,0.0031
0.56,1.14,0.0,0.0031
0.58,1.14,0.0,0.0031
0.6,1.14,0.0,0.0029
0.62,1.14,0.0,0.0026
0.64,1.14,0.0,0.0023
0.66,1.14,0.0,0.0021
0.68,1.14,0.0,0.0019
0.7,1.14,0.0,0.0017
0.72,1.14,0.0,0.0015
0.74,1.14,0.0,0.0014
0.76,1.14,0.0,0.0013
0.78,1.14,0.0,0.0012
0.8,1.14,0.0,0.0011
0.82,1.14,0.0,0.001
0.84,1.14,0.0,0.0009
0.86,1.14,0.0,0.0009
0.88,1.14,0.0,0.0008
0.9,1.14,0.0,0.0008
0.92,1.14,0.0,0.0007
0.94,1.14,0.0,0.0006
0.96,1.14,0.0,0.0005
0.98,1.14,0.0,0.0005
1.0,1.14,0.0,0.0004
1.02,1.14,0.0,0.0004
1.04,1.14,0.0,0.0003
1.06,1.14,0.0,0.0003
1.08,1.14,0.0,0.0002
1.1,1.14,0.0,0.0002
1.12,1.14,0.0,0.0002
1.14,1.14,0.0,0.0002
1.16,1.14,0.0,1e-04
1.18,1.14,0.0,1e-04
1.2,1.14,0.0,1e-04
1.22,1.14,0.0,1e-04
1.24,1.14,0.0,1e-04
1.26,1.14,0.0,1e-04
1.28,1.14,0.0,1e-04
1.3,1.14,0.0,0.0
1.32,1.14,0.0,0.0
1.34,1.14,0.0,0.0
1.36,1.14,0.0,0.0
1.38,1.14,0.0,0.0
1.4,1.14,0.0,0.0
1.42,1.14,0.0,0.0
1.44,1.14,0.0,0.0
1.46,1.14,0.0,0.0
1.48,1.14,0.0,0.0
1.5,1.14,0.0,0.0
1.52,1.14,0.0,0.0
1.54,1.14,0.0,0.0
1.56,1.14,0.0,0.0
1.58,1.14,0.0,0.0
1.6,1.14,0.0,0.0
-1.6,1.16,0.0,0.0
-1.58,1.16,0.0,0.0
-1.56,1.16,0.0,0.0
-1.54,1.16,0.0,0.0
-1.52,1.16,0.0,0.0
-1.5,1.16,0.0,0.0
-1.48,1.16,0.0,0.0
-1.46,1.16,0.0,0.0
-1.44,1.16,0.0,0.0
-1.42,1.16,0.0,0.0
-1.4,1.16,0.0,0.0
-1.38,1.16,0.0,0.0
-1.36,1.16,0.0,0.0
-1.34,1.16,0.0,0.0
-1.32,1.16,0.0,0.0
-1.3,1.16,0.0,0.0
-1.28,1.16,0.0,0.0
-1.26,1.16,0.0,0.0
-1.24,1.16,0.0,0.0
-1.22,1.16,0.0,0.0
-1.2,1.16,0.0,0.0
-1.18,1.16,0.0,0.0
-1.16,1.16,0.0,0.0
-1.14,1.16,0.0,0.0
-1.12,1.16,0.0,0.0
-1.1,1.16,0.0,0.0
-1.08,1.16,0.0,0.0
-1.06,1.16,0.0,0.0
-1.04,1.16,0.0,1e-04
-1.02,1.16,0.0,1e-04
-1.0,1.16,0.0,1e-04
-0.98,1.16,0.0,0.0002
-0.96,1.16,0.0,0.0003
-0.94,1.16,0.0,0.0004
-0.92,1.16,0.0,0.0004
-0.9,1.16,1e-04,0.0005
-0.88,1.16,1e-04,0.0005
-0.86,1.16,1e-04,0.0005
-0.84,1.16,1e-04,0.0006
-0.82,1.16,1e-04,0.0006
-0.8,1.16,0.0,0.0006
-0.78,1.16,0.0,0.0006
-0.76,1.16,0.0,0.0007
-0.74,1.16,0.0,0.0007
-0.72,1.16,0.0,0.0007
-0.7,1.16,0.0,0.0008
-0.68,1.16,0.0,0.0008
-0.66,1.16,0.0,0.0008
-0.64,1.16,0.0,0.0009
-0.62,1.16,0.0,0.0009
-0.6,1.16,0.0,0.001
-0.58,1.16,0.0,0.001
-0.56,1.16,0.0,0.001
-0.54,1.16,0.0,0.001
-0.52,1.16,0.0,0.0011
-0.5,1.16,0.0,0.0011
-0.48,1.16,0.0,0.0011
-0.46,1.16,0.0,0.0012
-0.44,1.16,0.0,0.0012
-0.42,1.16,0.0,0.0012
-0.4,1.16,0.0,0.0012
-0.38,1.16,0.0,0.0013
-0.36,1.16,0.0,0.0013
-0.34,1.16,0.0,0.0013
-0.32,1.16,0.0,0.0014
-0.3,1.16,0.0,0.0014
-0.28,1.16,0.0,0.0014
-0.26,1.16,0.0,0.0015
-0.24,1.16,0.0,0.0015
-0.22,1.16,0.0,0.0016
-0.2,1.16,0.0,0.0016
-0.18,1.16,0.0,0.0016
-0.16,1.16,0.0,0.0017
-0.14,1.16,0.0,0.0017
-0.12,1.16,0.0,0.0018
-0.1,1.16,0.0,0.0018
-0.08,1.16,0.0,0.0019
-0.06,1.16,0.0,0.0019
-0.04,1.16,0.0,0.0019
-0.02,1.16,0.0,0.002
0.0,1.16,0.0,0.002
0.02,1.16,0.0,0.0021
0.04,1.16,0.0,0.0022
0.06,1.16,0.0,0.0022
0.08,1.16,0.0,0.0023
0.1,1.16,0.0,0.0023
0.12,1.16,0.0,0.0024
0.14,1.16,0.0,0.0024
0.16,1.16,0.0,0.0025
0.18,1.16,0.0,0.0026
0.2,1.16,0.0,0.0026
0.22,1.16,0.0,0.0027
0.24,1.16,0.0,0.0027
0.26,1.16,0.0,0.0026
0.28,1.16,0.0,0.0026
0.3,1.16,0.0,0.0026
0.32,1.16,0.0,0.0025
0.34,1.16,0.0,0.0025
0.36,1.16,0.0,0.0025
0.38,1.16,0.0,0.0025
0.4,1.16,0.0,0.0025
0.42,1.16,0.0,0.0025
0.44,1.16,0.0,0.0024
0.46,1.16,0.0,0.0024
0.48,1.16,0.0,0.0024
0.5,1.16,0.0,0.0024
0.52,1.16,0.0,0.0024
0.54,1.16,0.0,0.0024
0.56,1.16,0.0,0.0024
0.58,1.16,0.0,0.0024
0.6,1.16,0.0,0.0022
0.62,1.16,0.0,0.002
0.64,1.16,0.0,0.0019
0.66,1.16,0.0,0.0017
0.68,1.16,0.0,0.0015
0.7,1.16,0.0,0.0014
0.72,1.16,0.0,0.0012
0.74,1.16,0.0,0.0011
0.76,1.16,0.0,0.001
0.78,1.16,0.0,0.001
0.8,1.16,0.0,0.0009
0.82,1.16,0.0,0.0008
0.84,1.16,0.0,0.0008
0.86,1.16,0.0,0.0007
0.88,1.16,0.0,0.0007
0.9,1.16,0.0,0.0006
0.92,1.16,0.0,0.0006
0.94,1.16,0.0,0.0005
0.96,1.16,0.0,0.0005
0.98,1.16,0.0,0.0004
1.0,1.16,0.0,0.0004
1.02,1.16,0.0,0.0003
1.04,1.16,0.0,0.0003
1.06,1.16,0.0,0.0002
1.08,1.16,0.0,0.0002
1.1,1.16,0.0,0.0002
1.12,1.16,0.0,0.0002
1.14,1.16,0.0,1e-04
1.16,1.16,0.0,1e-04
1.18,1.16,0.0,1e-04
1.2,1.16,0.0,1e-04
1.22,1.16,0.0,1e-04
1.24,1.16,0.0,1e-04
1.26,1.16,0.0,1e-04
1.28,1.16,0.0,0.0
1.3,1.16,0.0,0.0
1.32,1.16,0.0,0.0
1.34,1.16,0.0,0.0
1.36,1.16,0.0,0.0
1.38,1.16,0.0,0.0
1.4,1.16,0.0,0.0
1.42,1.16,0.0,0.0
1.44,1.16,0.0,0.0
1.46,1.16,0.0,0.0
1.48,1.16,0.0,0.0
1.5,1.16,0.0,0.0
1.52,1.16,0.0,0.0
1.54,1.16,0.0,0.0
1.56,1.16,0.0,0.0
1.58,1.16,0.0,0.0
1.6,1.16,0.0,0.0
-1.6,1.18,0.0,0.0
-1.58,1.18,0.0,0.0
-1.56,1.18,0.0,0.0
-1.54,1.18,0.0,0.0
-1.52,1.18,0.0,0.0
-1.5,1.18,0.0,0.0
-1.48,1.18,0.0,0.0
-1.46,1.18,0.0,0.0
-1.44,1.18,0.0,0.0
-1.42,1.18,0.0,0.0
-1.4,1.18,0.0,0.0
-1.38,1.18,0.0,0.0
-1.36,1.18,0.0,0.0
-1.34,1.18,0.0,0.0
-1.32,1.18,0.0,0.0
-1.3,1.18,0.0,0.0
-1.28,1.18,0.0,0.0
-1.26,1.18,0.0,0.0
-1.24,1.18,0.0,0.0
-1.22,1.18,0.0,0.0
-1.2,1.18,0.0,0.0
-1.18,1.18,0.0,0.0
-1.16,1.18,0.0,0.0
-1.14,1.18,0.0,0.0
-1.12,1.18,0.0,0.0
-1.1,1.18,0.0,0.0
-1.08,1.18,0.0,0.0
-1.06,1.18,0.0,0.0
-1.04,1.18,0.0,1e-04
-1.02,1.18,0.0,1e-04
-1.0,1.18,0.0,1e-04
-0.98,1.18,0.0,0.0002
-0.96,1.18,0.0,0.0002
-0.94,1.18,0.0,0.0003
-0.92,1.18,0.0,0.0003
-0.9,1.18,0.0,0.0004
-0.88,1.18,0.0,0.0004
-0.86,1.18,0.0,0.0004
-0.84,1.18,0.0,0.0004
-0.82,1.18,0.0,0.0004
-0.8,1.18,0.0,0.0005
-0.78,1.18,0.0,0.0005
-0.76,1.18,0.0,0.0005
-0.74,1.18,0.0,0.0005
-0.72,1.18,0.0,0.0005
-0.7,1.18,0.0,0.0006
-0.68,1.18,0.0,0.0006
-0.66,1.18,0.0,0.0006
-0.64,1.18,0.0,0.0007
-0.62,1.18,0.0,0.0007
-0.6,1.18,0.0,0.0007
-0.58,1.18,0.0,0.0007
-0.56,1.18,0.0,0.0007
-0.54,1.18,0.0,0.0008
-0.52,1.18,0.0,0.0008
-0.5,1.18,0.0,0.0008
-0.48,1.18,0.0,0.0008
-0.46,1.18,0.0,0.0008
-0.44,1.18,0.0,0.0009
-0.42,1.18,0.0,0.0009
-0.4,1.18,0.0,0.0009
-0.38,1.18,0.0,0.0009
-0.36,1.18,0.0,0.001
-0.34,1.18,0.0,0.001
-0.32,1.18,0.0,0.001
-0.3,1.18,0.0,0.001
-0.28,1.18,0.0,0.0011
-0.26,1.18,0.0,0.0011
-0.24,1.18,0.0,0.0011
-0.22,1.18,0.0,0.0011
-0.2,1.18,0.0,0.0012
-0.18,1.18,0.0,0.0012
-0.16,1.18,0.0,0.0012
-0.14,1.18,0.0,0.0013
-0.12,1.18,0.0,0.0013
-0.1,1.18,0.0,0.0013
-0.08,1.18,0.0,0.0014
-0.06,1.18,0.0,0.0014
-0.04,1.18,0.0,0.0014
-0.02,1.18,0.0,0.0015
0.0,1.18,0.0,0.0015
0.02,1.18,0.0,0.0015
0.04,1.18,0.0,0.0016
0.06,1.18,0.0,0.0016
0.08,1.18,0.0,0.0017
0.1,1.18,0.0,0.0017
0.12,1.18,0.0,0.0017
0.14,1.18,0.0,0.0018
0.16,1.18,0.0,0.0018
0.18,1.18,0.0,0.0019
0.2,1.18,0.0,0.0019
0.22,1.18,0.0,0.002
0.24,1.18,0.0,0.002
0.26,1.18,0.0,0.002
0.28,1.18,0.0,0.002
0.3,1.18,0.0,0.0019
0.32,1.18,0.0,0.0019
0.34,1.18,0.0,0.0019
0.36,1.18,0.0,0.0019
0.38,1.18,0.0,0.0019
0.4,1.18,0.0,0.0019
0.42,1.18,0.0,0.0019
0.44,1.18,0.0,0.0019
0.46,1.18,0.0,0.0019
0.48,1.18,0.0,0.0018
0.5,1.18,0.0,0.0018
0.52,1.18,0.0,0.0018
0.54,1.18,0.0,0.0018
0.56,1.18,0.0,0.0018
0.58,1.18,0.0,0.0018
0.6,1.18,0.0,0.0018
0.62,1.18,0.0,0.0016
0.64,1.18,0.0,0.0015
0.66,1.18,0.0,0.0013
0.68,1.18,0.0,0.0012
0.7,1.18,0.0,0.0011
0.72,1.18,0.0,0.001
0.74,1.18,0.0,0.0009
0.76,1.18,0.0,0.0008
0.78,1.18,0.0,0.0008
0.8,1.18,0.0,0.0007
0.82,1.18,0.0,0.0007
0.84,1.18,0.0,0.0006
0.86,1.18,0.0,0.0006
0.88,1.18,0.0,0.0006
0.9,1.18,0.0,0.0005
0.92,1.18,0.0,0.0005
0.94,1.18,0.0,0.0005
0.96,1.18,0.0,0.0004
0.98,1.18,0.0,0.0004
1.0,1.18,0.0,0.0003
1.02,1.18,0.0,0.0003
1.04,1.18,0.0,0.0003
1.06,1.18,0.0,0.0002
1.08,1.18,0.0,0.0002
1.1,1.18,0.0,0.0002
1.12,1.18,0.0,1e-04
1.14,1.18,0.0,1e-04
1.16,1.18,0.0,1e-04
1.18,1.18,0.0,1e-04
1.2,1.18,0.0,1e-04
1.22,1.18,0.0,1e-04
1.24,1.18,0.0,1e-04
1.26,1.18,0.0,1e-04
1.28,1.18,0.0,0.0
1.3,1.18,0.0,0.0
1.32,1.18,0.0,0.0
1.34,1.18,0.0,0.0
1.36,1.18,0.0,0.0
1.38,1.18,0.0,0.0
1.4,1.18,0.0,0.0
1.42,1.18,0.0,0.0
1.44,1.18,0.0,0.0
1.46,1.18,0.0,0.0
1.48,1.18,0.0,0.0
1.5,1.18,0.0,0.0
1.52,1.18,0.0,0.0
1.54,1.18,0.0,0.0
1.56,1.18,0.0,0.0
1.58,1.18,0.0,0.0
1.6,1.18,0.0,0.0
-1.6,1.2,0.0,0.0
-1.58,1.2,0.0,0.0
-1.56,1.2,0.0,0.0
-1.54,1.2,0.0,0.0
-1.52,1.2,0.0,0.0
-1.5,1.2,0.0,0.0
-1.48,1.2,0.0,0.0
-1.46,1.2,0.0,0.0
-1.44,1.2,0.0,0.0
-1.42,1.2,0.0,0.0
-1.4,1.2,0.0,0.0
-1.38,1.2,0.0,0.0
-1.36,1.2,0.0,0.0
-1.34,1.2,0.0,0.0
-1.32,1.2,0.0,0.0
-1.3,1.2,0.0,0.0
-1.28,1.2,0.0,0.0
-1.26,1.2,0.0,0.0
-1.24,1.2,0.0,0.0
-1.22,1.2,0.0,0.0
-1.2,1.2,0.0,0.0
-1.18,1.2,0.0,0.0
-1.16,1.2,0.0,0.0
-1.14,1.2,0.0,0.0
-1.12,1.2,0.0,0.0
-1.1,1.2,0.0,0.0
-1.08,1.2,0.0,0.0
-1.06,1.2,0.0,0.0
-1.04,1.2,0.0,0.0
-1.02,1.2,0.0,1e-04
-1.0,1.2,0.0,1e-04
-0.98,1.2,0.0,1e-04
-0.96,1.2,0.0,0.0002
-0.94,1.2,0.0,0.0002
-0.92,1.2,0.0,0.0003
-0.9,1.2,0.0,0.0003
-0.88,1.2,0.0,0.0003
-0.86,1.2,0.0,0.0003
-0.84,1.2,0.0,0.0003
-0.82,1.2,0.0,0.0003
-0.8,1.2,0.0,0.0003
-0.78,1.2,0.0,0.0004
-0.76,1.2,0.0,0.0004
-0.74,1.2,0.0,0.0004
-0.72,1.2,0.0,0.0004
-0.7,1.2,0.0,0.0004
-0.68,1.2,0.0,0.0004
-0.66,1.2,0.0,0.0005
-0.64,1.2,0.0,0.0005
-0.62,1.2,0.0,0.0005
-0.6,1.2,0.0,0.0005
-0.58,1.2,0.0,0.0005
-0.56,1.2,0.0,0.0005
-0.54,1.2,0.0,0.0006
-0.52,1.2,0.0,0.0006
-0.5,1.2,0.0,0.0006
-0.48,1.2,0.0,0.0006
-0.46,1.2,0.0,0.0006
-0.44,1.2,0.0,0.0006
-0.42,1.2,0.0,0.0007
-0.4,1.2,0.0,0.0007
-0.38,1.2,0.0,0.0007
-0.36,1.2,0.0,0.0007
-0.34,1.2,0.0,0.0007
-0.32,1.2,0.0,0.0007
-0.3,1.2,0.0,0.0008
-0.28,1.2,0.0,0.0008
-0.26,1.2,0.0,0.0008
-0.24,1.2,0.0,0.0008
-0.22,1.2,0.0,0.0008
-0.2,1.2,0.0,0.0009
-0.18,1.2,0.0,0.0009
-0.16,1.2,0.0,0.0009
-0.14,1.2,0.0,0.0009
-0.12,1.2,0.0,0.0009
-0.1,1.2,0.0,0.001
-0.08,1.2,0.0,0.001
-0.06,1.2,0.0,0.001
-0.04,1.2,0.0,0.001
-0.02,1.2,0.0,0.0011
0.0,1.2,0.0,0.0011
0.02,1.2,0.0,0.0011
0.04,1.2,0.0,0.0012
0.06,1.2,0.0,0.0012
0.08,1.2,0.0,0.0012
0.1,1.2,0.0,0.0013
0.12,1.2,0.0,0.0013
0.14,1.2,0.0,0.0013
0.16,1.2,0.0,0.0014
0.18,1.2,0.0,0.0014
0.2,1.2,0.0,0.0015
0.22,1.2,0.0,0.0015
0.24,1.2,0.0,0.0015
0.26,1.2,0.0,0.0015
0.28,1.2,0.0,0.0015
0.3,1.2,0.0,0.0015
0.32,1.2,0.0,0.0015
0.34,1.2,0.0,0.0015
0.36,1.2,0.0,0.0015
0.38,1.2,0.0,0.0015
0.4,1.2,0.0,0.0014
0.42,1.2,0.0,0.0014
0.44,1.2,0.0,0.0014
0.46,1.2,0.0,0.0014
0.48,1.2,0.0,0.0014
0.5,1.2,0.0,0.0014
0.52,1.2,0.0,0.0014
0.54,1.2,0.0,0.0014
0.56,1.2,0.0,0.0014
0.58,1.2,0.0,0.0014
0.6,1.2,0.0,0.0014
0.62,1.2,0.0,0.0013
0.64,1.2,0.0,0.0012
0.66,1.2,0.0,0.0011
0.68,1.2,0.0,0.001
0.7,1.2,0.0,0.0009
0.72,1.2,0.0,0.0008
0.74,1.2,0.0,0.0007
0.76,1.2,0.0,0.0007
0.78,1.2,0.0,0.0007
0.8,1.2,0.0,0.0006
0.82,1.2,0.0,0.0006
0.84,1.2,0.0,0.0005
0.86,1.2,0.0,0.0005
0.88,1.2,0.0,0.0005
0.9,1.2,0.0,0.0004
0.92,1.2,0.0,0.0004
0.94,1.2,0.0,0.0004
0.96,1.2,0.0,0.0004
0.98,1.2,0.0,0.0003
1.0,1.2,0.0,0.0003
1.02,1.2,0.0,0.0003
1.04,1.2,0.0,0.0002
1.06,1.2,0.0,0.0002
1.08,1.2,0.0,0.0002
1.1,1.2,0.0,0.0002
1.12,1.2,0.0,1e-04
1.14,1.2,0.0,1e-04
1.16,1.2,0.0,1e-04
1.18,1.2,0.0,1e-04
1.2,1.2,0.0,1e-04
1.22,1.2,0.0,1e-04
1.24,1.2,0.0,1e-04
1.26,1.2,0.0,1e-04
1.28,1.2,0.0,0.0
1.3,1.2,0.0,0.0
1.32,1.2,0.0,0.0
1.34,1.2,0.0,0.0
1.36,1.2,0.0,0.0
1.38,1.2,0.0,0.0
1.4,1.2,0.0,0.0
1.42,1.2,0.0,0.0
1.44,1.2,0.0,0.0
1.46,1.2,0.0,0.0
1.48,1.2,0.0,0.0
1.5,1.2,0.0,0.0
1.52,1.2,0.0,0.0
1.54,1.2,0.0,0.0
1.56,1.2,0.0,0.0
1.58,1.2,0.0,0.0
1.6,1.2,0.0,0.0
-1.6,1.22,0.0,0.0
-1.58,1.22,0.0,0.0
-1.56,1.22,0.0,0.0
-1.54,1.22,0.0,0.0
-1.52,1.22,0.0,0.0
-1.5,1.22,0.0,0.0
-1.48,1.22,0.0,0.0
-1.46,1.22,0.0,0.0
-1.44,1.22,0.0,0.0
-1.42,1.22,0.0,0.0
-1.4,1.22,0.0,0.0
-1.38,1.22,0.0,0.0
-1.36,1.22,0.0,0.0
-1.34,1.22,0.0,0.0
-1.32,1.22,0.0,0.0
-1.3,1.22,0.0,0.0
-1.28,1.22,0.0,0.0
-1.26,1.22,0.0,0.0
-1.24,1.22,0.0,0.0
-1.22,1.22,0.0,0.0
-1.2,1.22,0.0,0.0
-1.18,1.22,0.0,0.0
-1.16,1.22,0.0,0.0
-1.14,1.22,0.0,0.0
-1.12,1.22,0.0,0.0
-1.1,1.22,0.0,0.0
-1.08,1.22,0.0,0.0
-1.06,1.22,0.0,0.0
-1.04,1.22,0.0,0.0
-1.02,1.22,0.0,1e-04
-1.0,1.22,0.0,1e-04
-0.98,1.22,0.0,1e-04
-0.96,1.22,0.0,0.0002
-0.94,1.22,0.0,0.0002
-0.92,1.22,0.0,0.0002
-0.9,1.22,0.0,0.0002
-0.88,1.22,0.0,0.0002
-0.86,1.22,0.0,0.0002
-0.84,1.22,0.0,0.0002
-0.82,1.22,0.0,0.0002
-0.8,1.22,0.0,0.0002
-0.78,1.22,0.0,0.0003
-0.76,1.22,0.0,0.0003
-0.74,1.22,0.0,0.0003
-0.72,1.22,0.0,0.0003
-0.7,1.22,0.0,0.0003
-0.68,1.22,0.0,0.0003
-0.66,1.22,0.0,0.0003
-0.64,1.22,0.0,0.0004
-0.62,1.22,0.0,0.0004
-0.6,1.22,0.0,0.0004
-0.58,1.22,0.0,0.0004
-0.56,1.22,0.0,0.0004
-0.54,1.22,0.0,0.0004
-0.52,1.22,0.0,0.0004
-0.5,1.22,0.0,0.0004
-0.48,1.22,0.0,0.0004
-0.46,1.22,0.0,0.0005
-0.44,1.22,0.0,0.0005
-0.42,1.22,0.0,0.0005
-0.4,1.22,0.0,0.0005
-0.38,1.22,0.0,0.0005
-0.36,1.22,0.0,0.0005
-0.34,1.22,0.0,0.0005
-0.32,1.22,0.0,0.0005
-0.3,1.22,0.0,0.0006
-0.28,1.22,0.0,0.0006
-0.26,1.22,0.0,0.0006
-0.24,1.22,0.0,0.0006
-0.22,1.22,0.0,0.0006
-0.2,1.22,0.0,0.0006
-0.18,1.22,0.0,0.0006
-0.16,1.22,0.0,0.0007
-0.14,1.22,0.0,0.0007
-0.12,1.22,0.0,0.0007
-0.1,1.22,0.0,0.0007
-0.08,1.22,0.0,0.0007
-0.06,1.22,0.0,0.0008
-0.04,1.22,0.0,0.0008
-0.02,1.22,0.0,0.0008
0.0,1.22,0.0,0.0008
0.02,1.22,0.0,0.0008
0.04,1.22,0.0,0.0009
0.06,1.22,0.0,0.0009
0.08,1.22,0.0,0.0009
0.1,1.22,0.0,0.0009
0.12,1.22,0.0,0.001
0.14,1.22,0.0,0.001
0.16,1.22,0.0,0.001
0.18,1.22,0.0,0.0011
0.2,1.22,0.0,0.0011
0.22,1.22,0.0,0.0012
0.24,1.22,0.0,0.0012
0.26,1.22,0.0,0.0012
0.28,1.22,0.0,0.0011
0.3,1.22,0.0,0.0011
0.32,1.22,0.0,0.0011
0.34,1.22,0.0,0.0011
0.36,1.22,0.0,0.0011
0.38,1.22,0.0,0.0011
0.4,1.22,0.0,0.0011
0.42,1.22,0.0,0.0011
0.44,1.22,0.0,0.0011
0.46,1.22,0.0,0.0011
0.48,1.22,0.0,0.0011
0.5,1.22,0.0,0.0011
0.52,1.22,0.0,0.0011
0.54,1.22,0.0,0.0011
0.56,1.22,0.0,0.0011
0.58,1.22,0.0,0.0011
0.6,1.22,0.0,0.0011
0.62,1.22,0.0,0.001
0.64,1.22,0.0,0.0009
0.66,1.22,0.0,0.0008
0.68,1.22,0.0,0.0008
0.7,1.22,0.0,0.0007
0.72,1.22,0.0,0.0007
0.74,1.22,0.0,0.0006
0.76,1.22,0.0,0.0006
0.78,1.22,0.0,0.0005
0.8,1.22,0.0,0.0005
0.82,1.22,0.0,0.0005
0.84,1.22,0.0,0.0005
0.86,1.22,0.0,0.0004
0.88,1.22,0.0,0.0004
0.9,1.22,0.0,0.0004
0.92,1.22,0.0,0.0004
0.94,1.22,0.0,0.0003
0.96,1.22,0.0,0.0003
0.98,1.22,0.0,0.0003
1.0,1.22,0.0,0.0003
1.02,1.22,0.0,0.0002
1.04,1.22,0.0,0.0002
1.06,1.22,0.0,0.0002
1.08,1.22,0.0,0.0002
1.1,1.22,0.0,1e-04
1.12,1.22,0.0,1e-04
1.14,1.22,0.0,1e-04
1.16,1.22,0.0,1e-04
1.18,1.22,0.0,1e-04
1.2,1.22,0.0,1e-04
1.22,1.22,0.0,1e-04
1.24,1.22,0.0,1e-04
1.26,1.22,0.0,0.0
1.28,1.22,0.0,0.0
1.3,1.22,0.0,0.0
1.32,1.22,0.0,0.0
1.34,1.22,0.0,0.0
1.36,1.22,0.0,0.0
1.38,1.22,0.0,0.0
1.4,1.22,0.0,0.0
1.42,1.22,0.0,0.0
1.44,1.22,0.0,0.0
1.46,1.22,0.0,0.0
1.48,1.22,0.0,0.0
1.5,1.22,0.0,0.0
1.52,1.22,0.0,0.0
1.54,1.22,0.0,0.0
1.56,1.22,0.0,0.0
1.58,1.22,0.0,0.0
1.6,1.22,0.0,0.0
-1.6,1.24,0.0,0.0
-1.58,1.24,0.0,0.0
-1.56,1.24,0.0,0.0
-1.54,1.24,0.0,0.0
-1.52,1.24,0.0,0.0
-1.5,1.24,0.0,0.0
-1.48,1.24,0.0,0.0
-1.46,1.24,0.0,0.0
-1.44,1.24,0.0,0.0
-1.42,1.24,0.0,0.0
-1.4,1.24,0.0,0.0
-1.38,1.24,0.0,0.0
-1.36,1.24,0.0,0.0
-1.34,1.24,0.0,0.0
-1.32,1.24,0.0,0.0
-1.3,1.24,0.0,0.0
-1.28,1.24,0.0,0.0
-1.26,1.24,0.0,0.0
-1.24,1.24,0.0,0.0
-1.22,1.24,0.0,0.0
-1.2,1.24,0.0,0.0
-1.18,1.24,0.0,0.0
-1.16,1.24,0.0,0.0
-1.14,1.24,0.0,0.0
-1.12,1.24,0.0,0.0
-1.1,1.24,0.0,0.0
-1.08,1.24,0.0,0.0
-1.06,1.24,0.0,0.0
-1.04,1.24,0.0,0.0
-1.02,1.24,0.0,1e-04
-1.0,1.24,0.0,1e-04
-0.98,1.24,0.0,1e-04
-0.96,1.24,0.0,1e-04
-0.94,1.24,0.0,1e-04
-0.92,1.24,0.0,1e-04
-0.9,1.24,0.0,1e-04
-0.88,1.24,0.0,0.0002
-0.86,1.24,0.0,0.0002
-0.84,1.24,0.0,0.0002
-0.82,1.24,0.0,0.0002
-0.8,1.24,0.0,0.0002
-0.78,1.24,0.0,0.0002
-0.76,1.24,0.0,0.0002
-0.74,1.24,0.0,0.0002
-0.72,1.24,0.0,0.0002
-0.7,1.24,0.0,0.0002
-0.68,1.24,0.0,0.0002
-0.66,1.24,0.0,0.0002
-0.64,1.24,0.0,0.0003
-0.62,1.24,0.0,0.0003
-0.6,1.24,0.0,0.0003
-0.58,1.24,0.0,0.0003
-0.56,1.24,0.0,0.0003
-0.54,1.24,0.0,0.0003
-0.52,1.24,0.0,0.0003
-0.5,1.24,0.0,0.0003
-0.48,1.24,0.0,0.0003
-0.46,1.24,0.0,0.0003
-0.44,1.24,0.0,0.0003
-0.42,1.24,0.0,0.0004
-0.4,1.24,0.0,0.0004
-0.38,1.24,0.0,0.0004
-0.36,1.24,0.0,0.0004
-0.34,1.24,0.0,0.0004
-0.32,1.24,0.0,0.0004
-0.3,1.24,0.0,0.0004
-0.28,1.24,0.0,0.0004
-0.26,1.24,0.0,0.0004
-0.24,1.24,0.0,0.0004
-0.22,1.24,0.0,0.0005
-0.2,1.24,0.0,0.0005
-0.18,1.24,0.0,0.0005
-0.16,1.24,0.0,0.0005
-0.14,1.24,0.0,0.0005
-0.12,1.24,0.0,0.0005
-0.1,1.24,0.0,0.0005
-0.08,1.24,0.0,0.0005
-0.06,1.24,0.0,0.0006
-0.04,1.24,0.0,0.0006
-0.02,1.24,0.0,0.0006
0.0,1.24,0.0,0.0006
0.02,1.24,0.0,0.0006
0.04,1.24,0.0,0.0007
0.06,1.24,0.0,0.0007
0.08,1.24,0.0,0.0007
0.1,1.24,0.0,0.0007
0.12,1.24,0.0,0.0007
0.14,1.24,0.0,0.0008
0.16,1.24,0.0,0.0008
0.18,1.24,0.0,0.0008
0.2,1.24,0.0,0.0009
0.22,1.24,0.0,0.0009
0.24,1.24,0.0,0.0009
0.26,1.24,0.0,0.0009
0.28,1.24,0.0,0.0009
0.3,1.24,0.0,0.0009
0.32,1.24,0.0,0.0009
0.34,1.24,0.0,0.0009
0.36,1.24,0.0,0.0009
0.38,1.24,0.0,0.0009
0.4,1.24,0.0,0.0009
0.42,1.24,0.0,0.0009
0.44,1.24,0.0,0.0009
0.46,1.24,0.0,0.0009
0.48,1.24,0.0,0.0009
0.5,1.24,0.0,0.0009
0.52,1.24,0.0,0.0009
0.54,1.24,0.0,0.0009
0.56,1.24,0.0,0.0009
0.58,1.24,0.0,0.0009
0.6,1.24,0.0,0.0009
0.62,1.24,0.0,0.0008
0.64,1.24,0.0,0.0007
0.66,1.24,0.0,0.0007
0.68,1.24,0.0,0.0006
0.7,1.24,0.0,0.0006
0.72,1.24,0.0,0.0006
0.74,1.24,0.0,0.0005
0.76,1.24,0.0,0.0005
0.78,1.24,0.0,0.0005
0.8,1.24,0.0,0.0004
0.82,1.24,0.0,0.0004
0.84,1.24,0.0,0.0004
0.86,1.24,0.0,0.0004
0.88,1.24,0.0,0.0003
0.9,1.24,0.0,0.0003
0.92,1.24,0.0,0.0003
0.94,1.24,0.0,0.0003
0.96,1.24,0.0,0.0003
0.98,1.24,0.0,0.0002
1.0,1.24,0.0,0.0002
1.02,1.24,0.0,0.0002
1.04,1.24,0.0,0.0002
1.06,1.24,0.0,0.0002
1.08,1.24,0.0,1e-04
1.1,1.24,0.0,1e-04
1.12,1.24,0.0,1e-04
1.14,1.24,0.0,1e-04
1.16,1.24,0.0,1e-04
1.18,1.24,0.0,1e-04
1.2,1.24,0.0,1e-04
1.22,1.24,0.0,1e-04
1.24,1.24,0.0,1e-04
1.26,1.24,0.0,0.0
1.28,1.24,0.0,0.0
1.3,1.24,0.0,0.0
1.32,1.24,0.0,0.0
1.34,1.24,0.0,0.0
1.36,1.24,0.0,0.0
1.38,1.24,0.0,0.0
1.4,1.24,0.0,0.0
1.42,1.24,0.0,0.0
1.44,1.24,0.0,0.0
1.46,1.24,0.0,0.0
1.48,1.24,0.0,0.0
1.5,1.24,0.0,0.0
1.52,1.24,0.0,0.0
1.54,1.24,0.0,0.0
1.56,1.24,0.0,0.0
1.58,1.24,0.0,0.0
1.6,1.24,0.0,0.0
-1.6,1.26,0.0,0.0
-1.58,1.26,0.0,0.0
-1.56,1.26,0.0,0.0
-1.54,1.26,0.0,0.0
-1.52,1.26,0.0,0.0
-1.5,1.26,0.0,0.0
-1.48,1.26,0.0,0.0
-1.46,1.26,0.0,0.0
-1.44,1.26,0.0,0.0
-1.42,1.26,0.0,0.0
-1.4,1.26,0.0,0.0
-1.38,1.26,0.0,0.0
-1.36,1.26,0.0,0.0
-1.34,1.26,0.0,0.0
-1.32,1.26,0.0,0.0
-1.3,1.26,0.0,0.0
-1.28,1.26,0.0,0.0
-1.26,1.26,0.0,0.0
-1.24,1.26,0.0,0.0
-1.22,1.26,0.0,0.0
-1.2,1.26,0.0,0.0
-1.18,1.26,0.0,0.0
-1.16,1.26,0.0,0.0
-1.14,1.26,0.0,0.0
-1.12,1.26,0.0,0.0
-1.1,1.26,0.0,0.0
-1.08,1.26,0.0,0.0
-1.06,1.26,0.0,0.0
-1.04,1.26,0.0,0.0
-1.02,1.26,0.0,0.0
-1.0,1.26,0.0,1e-04
-0.98,1.26,0.0,1e-04
-0.96,1.26,0.0,1e-04
-0.94,1.26,0.0,1e-04
-0.92,1.26,0.0,1e-04
-0.9,1.26,0.0,1e-04
-0.88,1.26,0.0,1e-04
-0.86,1.26,0.0,1e-04
-0.84,1.26,0.0,1e-04
-0.82,1.26,0.0,1e-04
-0.8,1.26,0.0,1e-04
-0.78,1.26,0.0,1e-04
-0.76,1.26,0.0,1e-04
-0.74,1.26,0.0,0.0002
-0.72,1.26,0.0,0.0002
-0.7,1.26,0.0,0.0002
-0.68,1.26,0.0,0.0002
-0.66,1.26,0.0,0.0002
-0.64,1.26,0.0,0.0002
-0.62,1.26,0.0,0.0002
-0.6,1.26,0.0,0.0002
-0.58,1.26,0.0,0.0002
-0.56,1.26,0.0,0.0002
-0.54,1.26,0.0,0.0002
-0.52,1.26,0.0,0.0002
-0.5,1.26,0.0,0.0002
-0.48,1.26,0.0,0.0002
-0.46,1.26,0.0,0.0002
-0.44,1.26,0.0,0.0003
-0.42,1.26,0.0,0.0003
-0.4,1.26,0.0,0.0003
-0.38,1.26,0.0,0.0003
-0.36,1.26,0.0,0.0003
-0.34,1.26,0.0,0.0003
-0.32,1.26,0.0,0.0003
-0.3,1.26,0.0,0.0003
-0.28,1.26,0.0,0.0003
-0.26,1.26,0.0,0.0003
-0.24,1.26,0.0,0.0003
-0.22,1.26,0.0,0.0003
-0.2,1.26,0.0,0.0003
-0.18,1.26,0.0,0.0004
-0.16,1.26,0.0,0.0004
-0.14,1.26,0.0,0.0004
-0.12,1.26,0.0,0.0004
-0.1,1.26,0.0,0.0004
-0.08,1.26,0.0,0.0004
-0.06,1.26,0.0,0.0004
-0.04,1.26,0.0,0.0004
-0.02,1.26,0.0,0.0005
0.0,1.26,0.0,0.0005
0.02,1.26,0.0,0.0005
0.04,1.26,0.0,0.0005
0.06,1.26,0.0,0.0005
0.08,1.26,0.0,0.0005
0.1,1.26,0.0,0.0006
0.12,1.26,0.0,0.0006
0.14,1.26,0.0,0.0006
0.16,1.26,0.0,0.0006
0.18,1.26,0.0,0.0006
0.2,1.26,0.0,0.0007
0.22,1.26,0.0,0.0007
0.24,1.26,0.0,0.0007
0.26,1.26,0.0,0.0007
0.28,1.26,0.0,0.0007
0.3,1.26,0.0,0.0007
0.32,1.26,0.0,0.0007
0.34,1.26,0.0,0.0007
0.36,1.26,0.0,0.0007
0.38,1.26,0.0,0.0007
0.4,1.26,0.0,0.0007
0.42,1.26,0.0,0.0007
0.44,1.26,0.0,0.0007
0.46,1.26,0.0,0.0007
0.48,1.26,0.0,0.0007
0.5,1.26,0.0,0.0007
0.52,1.26,0.0,0.0007
0.54,1.26,0.0,0.0007
0.56,1.26,0.0,0.0007
0.58,1.26,0.0,0.0007
0.6,1.26,0.0,0.0007
0.62,1.26,0.0,0.0007
0.64,1.26,0.0,0.0006
0.66,1.26,0.0,0.0006
0.68,1.26,0.0,0.0005
0.7,1.26,0.0,0.0005
0.72,1.26,0.0,0.0005
0.74,1.26,0.0,0.0004
0.76,1.26,0.0,0.0004
0.78,1.26,0.0,0.0004
0.8,1.26,0.0,0.0004
0.82,1.26,0.0,0.0003
0.84,1.26,0.0,0.0003
0.86,1.26,0.0,0.0003
0.88,1.26,0.0,0.0003
0.9,1.26,0.0,0.0003
0.92,1.26,0.0,0.0003
0.94,1.26,0.0,0.0002
0.96,1.26,0.0,0.0002
0.98,1.26,0.0,0.0002
1.0,1.26,0.0,0.0002
1.02,1.26,0.0,0.0002
1.04,1.26,0.0,0.0002
1.06,1.26,0.0,1e-04
1.08,1.26,0.0,1e-04
1.1,1.26,0.0,1e-04
1.12,1.26,0.0,1e-04
1.14,1.26,0.0,1e-04
1.16,1.26,0.0,1e-04
1.18,1.26,0.0,1e-04
1.2,1.26,0.0,1e-04
1.22,1.26,0.0,1e-04
1.24,1.26,0.0,0.0
1.26,1.26,0.0,0.0
1.28,1.26,0.0,0.0
1.3,1.26,0.0,0.0
1.32,1.26,0.0,0.0
1.34,1.26,0.0,0.0
1.36,1.26,0.0,0.0
1.38,1.26,0.0,0.0
1.4,1.26,0.0,0.0
1.42,1.26,0.0,0.0
1.44,1.26,0.0,0.0
1.46,1.26,0.0,0.0
1.48,1.26,0.0,0.0
1.5,1.26,0.0,0.0
1.52,1.26,0.0,0.0
1.54,1.26,0.0,0.0
1.56,1.26,0.0,0.0
1.58,1.26,0.0,0.0
1.6,1.26,0.0,0.0
-1.6,1.28,0.0,0.0
-1.58,1.28,0.0,0.0
-1.56,1.28,0.0,0.0
-1.54,1.28,0.0,0.0
-1.52,1.28,0.0,0.0
-1.5,1.28,0.0,0.0
-1.48,1.28,0.0,0.0
-1.46,1.28,0.0,0.0
-1.44,1.28,0.0,0.0
-1.42,1.28,0.0,0.0
-1.4,1.28,0.0,0.0
-1.38,1.28,0.0,0.0
-1.36,1.28,0.0,0.0
-1.34,1.28,0.0,0.0
-1.32,1.28,0.0,0.0
-1.3,1.28,0.0,0.0
-1.28,1.28,0.0,0.0
-1.26,1.28,0.0,0.0
-1.24,1.28,0.0,0.0
-1.22,1.28,0.0,0.0
-1.2,1.28,0.0,0.0
-1.18,1.28,0.0,0.0
-1.16,1.28,0.0,0.0
-1.14,1.28,0.0,0.0
-1.12,1.28,0.0,0.0
-1.1,1.28,0.0,0.0
-1.08,1.28,0.0,0.0
-1.06,1.28,0.0,0.0
-1.04,1.28,0.0,0.0
-1.02,1.28,0.0,0.0
-1.0,1.28,0.0,1e-04
-0.98,1.28,0.0,1e-04
-0.96,1.28,0.0,1e-04
-0.94,1.28,0.0,1e-04
-0.92,1.28,0.0,1e-04
-0.9,1.28,0.0,1e-04
-0.88,1.28,0.0,1e-04
-0.86,1.28,0.0,1e-04
-0.84,1.28,0.0,1e-04
-0.82,1.28,0.0,1e-04
-0.8,1.28,0.0,1e-04
-0.78,1.28,0.0,1e-04
-0.76,1.28,0.0,1e-04
-0.74,1.28,0.0,1e-04
-0.72,1.28,0.0,1e-04
-0.7,1.28,0.0,1e-04
-0.68,1.28,0.0,1e-04
-0.66,1.28,0.0,1e-04
-0.64,1.28,0.0,1e-04
-0.62,1.28,0.0,1e-04
-0.6,1.28,0.0,0.0002
-0.58,1.28,0.0,0.0002
-0.56,1.28,0.0,0.0002
-0.54,1.28,0.0,0.0002
-0.52,1.28,0.0,0.0002
-0.5,1.28,0.0,0.0002
-0.48,1.28,0.0,0.0002
-0.46,1.28,0.0,0.0002
-0.44,1.28,0.0,0.0002
-0.42,1.28,0.0,0.0002
-0.4,1.28,0.0,0.0002
-0.38,1.28,0.0,0.0002
-0.36,1.28,0.0,0.0002
-0.34,1.28,0.0,0.0002
-0.32,1.28,0.0,0.0002
-0.3,1.28,0.0,0.0002
-0.28,1.28,0.0,0.0002
-0.26,1.28,0.0,0.0002
-0.24,1.28,0.0,0.0002
-0.22,1.28,0.0,0.0002
-0.2,1.28,0.0,0.0003
-0.18,1.28,0.0,0.0003
-0.16,1.28,0.0,0.0003
-0.14,1.28,0.0,0.0003
-0.12,1.28,0.0,0.0003
-0.1,1.28,0.0,0.0003
-0.08,1.28,0.0,0.0003
-0.06,1.28,0.0,0.0003
-0.04,1.28,0.0,0.0003
-0.02,1.28,0.0,0.0003
0.0,1.28,0.0,0.0004
0.02,1.28,0.0,0.0004
0.04,1.28,0.0,0.0004
0.06,1.28,0.0,0.0004
0.08,1.28,0.0,0.0004
0.1,1.28,0.0,0.0004
0.12,1.28,0.0,0.0004
0.14,1.28,0.0,0.0005
0.16,1.28,0.0,0.0005
0.18,1.28,0.0,0.0005
0.2,1.28,0.0,0.0005
0.22,1.28,0.0,0.0005
0.24,1.28,0.0,0.0005
0.26,1.28,0.0,0.0005
0.28,1.28,0.0,0.0005
0.3,1.28,0.0,0.0005
0.32,1.28,0.0,0.0005
0.34,1.28,0.0,0.0005
0.36,1.28,0.0,0.0005
0.38,1.28,0.0,0.0005
0.4,1.28,0.0,0.0005
0.42,1.28,0.0,0.0005
0.44,1.28,0.0,0.0005
0.46,1.28,0.0,0.0005
0.48,1.28,0.0,0.0005
0.5,1.28,0.0,0.0005
0.52,1.28,0.0,0.0005
0.54,1.28,0.0,0.0005
0.56,1.28,0.0,0.0005
0.58,1.28,0.0,0.0005
0.6,1.28,0.0,0.0005
0.62,1.28,0.0,0.0005
0.64,1.28,0.0,0.0005
0.66,1.28,0.0,0.0005
0.68,1.28,0.0,0.0004
0.7,1.28,0.0,0.0004
0.72,1.28,0.0,0.0004
0.74,1.28,0.0,0.0004
0.76,1.28,0.0,0.0003
0.78,1.28,0.0,0.0003
0.8,1.28,0.0,0.0003
0.82,1.28,0.0,0.0003
0.84,1.28,0.0,0.0003
0.86,1.28,0.0,0.0003
0.88,1.28,0.0,0.0002
0.9,1.28,0.0,0.0002
0.92,1.28,0.0,0.0002
0.94,1.28,0.0,0.0002
0.96,1.28,0.0,0.0002
0.98,1.28,0.0,0.0002
1.0,1.28,0.0,0.0002
1.02,1.28,0.0,0.0002
1.04,1.28,0.0,1e-04
1.06,1.28,0.0,1e-04
1.08,1.28,0.0,1e-04
1.1,1.28,0.0,1e-04
1.12,1.28,0.0,1e-04
1.14,1.28,0.0,1e-04
1.16,1.28,0.0,1e-04
1.18,1.28,0.0,1e-04
1.2,1.28,0.0,1e-04
1.22,1.28,0.0,0.0
1.24,1.28,0.0,0.0
1.26,1.28,0.0,0.0
1.28,1.28,0.0,0.0
1.3,1.28,0.0,0.0
1.32,1.28,0.0,0.0
1.34,1.28,0.0,0.0
1.36,1.28,0.0,0.0
1.38,1.28,0.0,0.0
1.4,1.28,0.0,0.0
1.42,1.28,0.0,0.0
1.44,1.28,0.0,0.0
1.46,1.28,0.0,0.0
1.48,1.28,0.0,0.0
1.5,1.28,0.0,0.0
1.52,1.28,0.0,0.0
1.54,1.28,0.0,0.0
1.56,1.28,0.0,0.0
1.58,1.28,0.0,0.0
1.6,1.28,0.0,0.0
-1.6,1.3,0.0,0.0
-1.58,1.3,0.0,0.0
-1.56,1.3,0.0,0.0
-1.54,1.3,0.0,0.0
-1.52,1.3,0.0,0.0
-1.5,1.3,0.0,0.0
-1.48,1.3,0.0,0.0
-1.46,1.3,0.0,0.0
-1.44,1.3,0.0,0.0
-1.42,1.3,0.0,0.0
-1.4,1.3,0.0,0.0
-1.38,1.3,0.0,0.0
-1.36,1.3,0.0,0.0
-1.34,1.3,0.0,0.0
-1.32,1.3,0.0,0.0
-1.3,1.3,0.0,0.0
-1.28,1.3,0.0,0.0
-1.26,1.3,0.0,0.0
-1.24,1.3,0.0,0.0
-1.22,1.3,0.0,0.0
-1.2,1.3,0.0,0.0
-1.18,1.3,0.0,0.0
-1.16,1.3,0.0,0.0
-1.14,1.3,0.0,0.0
-1.12,1.3,0.0,0.0
-1.1,1.3,0.0,0.0
-1.08,1.3,0.0,0.0
-1.06,1.3,0.0,0.0
-1.04,1.3,0.0,0.0
-1.02,1.3,0.0,0.0
-1.0,1.3,0.0,0.0
-0.98,1.3,0.0,0.0
-0.96,1.3,0.0,1e-04
-0.94,1.3,0.0,1e-04
-0.92,1.3,0.0,1e-04
-0.9,1.3,0.0,1e-04
-0.88,1.3,0.0,1e-04
-0.86,1.3,0.0,1e-04
-0.84,1.3,0.0,1e-04
-0.82,1.3,0.0,1e-04
-0.8,1.3,0.0,1e-04
-0.78,1.3,0.0,1e-04
-0.76,1.3,0.0,1e-04
-0.74,1.3,0.0,1e-04
-0.72,1.3,0.0,1e-04
-0.7,1.3,0.0,1e-04
-0.68,1.3,0.0,1e-04
-0.66,1.3,0.0,1e-04
-0.64,1.3,0.0,1e-04
-0.62,1.3,0.0,1e-04
-0.6,1.3,0.0,1e-04
-0.58,1.3,0.0,1e-04
-0.56,1.3,0.0,1e-04
-0.54,1.3,0.0,1e-04
-0.52,1.3,0.0,1e-04
-0.5,1.3,0.0,1e-04
-0.48,1.3,0.0,1e-04
-0.46,1.3,0.0,1e-04
-0.44,1.3,0.0,1e-04
-0.42,1.3,0.0,1e-04
-0.4,1.3,0.0,1e-04
-0.38,1.3,0.0,1e-04
-0.36,1.3,0.0,0.0002
-0.34,1.3,0.0,0.0002
-0.32,1.3,0.0,0.0002
-0.3,1.3,0.0,0.0002
-0.28,1.3,0.0,0.0002
-0.26,1.3,0.0,0.0002
-0.24,1.3,0.0,0.0002
-0.22,1.3,0.0,0.0002
-0.2,1.3,0.0,0.0002
-0.18,1.3,0.0,0.0002
-0.16,1.3,0.0,0.0002
-0.14,1.3,0.0,0.0002
-0.12,1.3,0.0,0.0002
-0.1,1.3,0.0,0.0002
-0.08,1.3,0.0,0.0002
-0.06,1.3,0.0,0.0002
-0.04,1.3,0.0,0.0003
-0.02,1.3,0.0,0.0003
0.0,1.3,0.0,0.0003
0.02,1.3,0.0,0.0003
0.04,1.3,0.0,0.0003
0.06,1.3,0.0,0.0003
0.08,1.3,0.0,0.0003
0.1,1.3,0.0,0.0003
0.12,1.3,0.0,0.0003
0.14,1.3,0.0,0.0004
0.16,1.3,0.0,0.0004
0.18,1.3,0.0,0.0004
0.2,1.3,0.0,0.0004
0.22,1.3,0.0,0.0004
0.24,1.3,0.0,0.0004
0.26,1.3,0.0,0.0004
0.28,1.3,0.0,0.0004
0.3,1.3,0.0,0.0004
0.32,1.3,0.0,0.0004
0.34,1.3,0.0,0.0004
0.36,1.3,0.0,0.0004
0.38,1.3,0.0,0.0004
0.4,1.3,0.0,0.0004
0.42,1.3,0.0,0.0004
0.44,1.3,0.0,0.0004
0.46,1.3,0.0,0.0004
0.48,1.3,0.0,0.0004
0.5,1.3,0.0,0.0004
0.52,1.3,0.0,0.0004
0.54,1.3,0.0,0.0004
0.56,1.3,0.0,0.0004
0.58,1.3,0.0,0.0004
0.6,1.3,0.0,0.0004
0.62,1.3,0.0,0.0004
0.64,1.3,0.0,0.0004
0.66,1.3,0.0,0.0004
0.68,1.3,0.0,0.0004
0.7,1.3,0.0,0.0003
0.72,1.3,0.0,0.0003
0.74,1.3,0.0,0.0003
0.76,1.3,0.0,0.0003
0.78,1.3,0.0,0.0003
0.8,1.3,0.0,0.0003
0.82,1.3,0.0,0.0002
0.84,1.3,0.0,0.0002
0.86,1.3,0.0,0.0002
0.88,1.3,0.0,0.0002
0.9,1.3,0.0,0.0002
0.92,1.3,0.0,0.0002
0.94,1.3,0.0,0.0002
0.96,1.3,0.0,0.0002
0.98,1.3,0.0,0.0002
1.0,1.3,0.0,1e-04
1.02,1.3,0.0,1e-04
1.04,1.3,0.0,1e-04
1.06,1.3,0.0,1e-04
1.08,1.3,0.0,1e-04
1.1,1.3,0.0,1e-04
1.12,1.3,0.0,1e-04
1.14,1.3,0.0,1e-04
1.16,1.3,0.0,1e-04
1.18,1.3,0.0,1e-04
1.2,1.3,0.0,0.0
1.22,1.3,0.0,0.0
1.24,1.3,0.0,0.0
1.26,1.3,0.0,0.0
1.28,1.3,0.0,0.0
1.3,1.3,0.0,0.0
1.32,1.3,0.0,0.0
1.34,1.3,0.0,0.0
1.36,1.3,0.0,0.0
1.38,1.3,0.0,0.0
1.4,1.3,0.0,0.0
1.42,1.3,0.0,0.0
1.44,1.3,0.0,0.0
1.46,1.3,0.0,0.0
1.48,1.3,0.0,0.0
1.5,1.3,0.0,0.0
1.52,1.3,0.0,0.0
1.54,1.3,0.0,0.0
1.56,1.3,0.0,0.0
1.58,1.3,0.0,0.0
1.6,1.3,0.0,0.0
-1.6,1.32,0.0,0.0
-1.58,1.32,0.0,0.0
-1.56,1.32,0.0,0.0
-1.54,1.32,0.0,0.0
-1.52,1.32,0.0,0.0
-1.5,1.32,0.0,0.0
-1.48,1.32,0.0,0.0
-1.46,1.32,0.0,0.0
-1.44,1.32,0.0,0.0
-1.42,1.32,0.0,0.0
-1.4,1.32,0.0,0.0
-1.38,1.32,0.0,0.0
-1.36,1.32,0.0,0.0
-1.34,1.32,0.0,0.0
-1.32,1.32,0.0,0.0
-1.3,1.32,0.0,0.0
-1.28,1.32,0.0,0.0
-1.26,1.32,0.0,0.0
-1.24,1.32,0.0,0.0
-1.22,1.32,0.0,0.0
-1.2,1.32,0.0,0.0
-1.18,1.32,0.0,0.0
-1.16,1.32,0.0,0.0
-1.14,1.32,0.0,0.0
-1.12,1.32,0.0,0.0
-1.1,1.32,0.0,0.0
-1.08,1.32,0.0,0.0
-1.06,1.32,0.0,0.0
-1.04,1.32,0.0,0.0
-1.02,1.32,0.0,0.0
-1.0,1.32,0.0,0.0
-0.98,1.32,0.0,0.0
-0.96,1.32,0.0,0.0
-0.94,1.32,0.0,0.0
-0.92,1.32,0.0,0.0
-0.9,1.32,0.0,0.0
-0.88,1.32,0.0,0.0
-0.86,1.32,0.0,0.0
-0.84,1.32,0.0,1e-04
-0.82,1.32,0.0,1e-04
-0.8,1.32,0.0,1e-04
-0.78,1.32,0.0,1e-04
-0.76,1.32,0.0,1e-04
-0.74,1.32,0.0,1e-04
-0.72,1.32,0.0,1e-04
-0.7,1.32,0.0,1e-04
-0.68,1.32,0.0,1e-04
-0.66,1.32,0.0,1e-04
-0.64,1.32,0.0,1e-04
-0.62,1.32,0.0,1e-04
-0.6,1.32,0.0,1e-04
-0.58,1.32,0.0,1e-04
-0.56,1.32,0.0,1e-04
-0.54,1.32,0.0,1e-04
-0.52,1.32,0.0,1e-04
-0.5,1.32,0.0,1e-04
-0.48,1.32,0.0,1e-04
-0.46,1.32,0.0,1e-04
-0.44,1.32,0.0,1e-04
-0.42,1.32,0.0,1e-04
-0.4,1.32,0.0,1e-04
-0.38,1.32,0.0,1e-04
-0.36,1.32,0.0,1e-04
-0.34,1.32,0.0,1e-04
-0.32,1.32,0.0,1e-04
-0.3,1.32,0.0,1e-04
-0.28,1.32,0.0,1e-04
-0.26,1.32,0.0,1e-04
-0.24,1.32,0.0,1e-04
-0.22,1.32,0.0,1e-04
-0.2,1.32,0.0,0.0002
-0.18,1.32,0.0,0.0002
-0.16,1.32,0.0,0.0002
-0.14,1.32,0.0,0.0002
-0.12,1.32,0.0,0.0002
-0.1,1.32,0.0,0.0002
-0.08,1.32,0.0,0.0002
-0.06,1.32,0.0,0.0002
-0.04,1.32,0.0,0.0002
-0.02,1.32,0.0,0.0002
0.0,1.32,0.0,0.0002
0.02,1.32,0.0,0.0002
0.04,1.32,0.0,0.0002
0.06,1.32,0.0,0.0002
0.08,1.32,0.0,0.0002
0.1,1.32,0.0,0.0003
0.12,1.32,0.0,0.0003
0.14,1.32,0.0,0.0003
0.16,1.32,0.0,0.0003
0.18,1.32,0.0,0.0003
0.2,1.32,0.0,0.0003
0.22,1.32,0.0,0.0003
0.24,1.32,0.0,0.0003
0.26,1.32,0.0,0.0003
0.28,1.32,0.0,0.0003
0.3,1.32,0.0,0.0003
0.32,1.32,0.0,0.0003
0.34,1.32,0.0,0.0003
0.36,1.32,0.0,0.0003
0.38,1.32,0.0,0.0003
0.4,1.32,0.0,0.0003
0.42,1.32,0.0,0.0003
0.44,1.32,0.0,0.0003
0.46,1.32,0.0,0.0003
0.48,1.32,0.0,0.0003
0.5,1.32,0.0,0.0003
0.52,1.32,0.0,0.0003
0.54,1.32,0.0,0.0003
0.56,1.32,0.0,0.0003
0.58,1.32,0.0,0.0003
0.6,1.32,0.0,0.0003
0.62,1.32,0.0,0.0004
0.64,1.32,0.0,0.0003
0.66,1.32,0.0,0.0003
0.68,1.32,0.0,0.0003
0.7,1.32,0.0,0.0003
0.72,1.32,0.0,0.0003
0.74,1.32,0.0,0.0003
0.76,1.32,0.0,0.0002
0.78,1.32,0.0,0.0002
0.8,1.32,0.0,0.0002
0.82,1.32,0.0,0.0002
0.84,1.32,0.0,0.0002
0.86,1.32,0.0,0.0002
0.88,1.32,0.0,0.0002
0.9,1.32,0.0,0.0002
0.92,1.32,0.0,0.0002
0.94,1.32,0.0,1e-04
0.96,1.32,0.0,1e-04
0.98,1.32,0.0,1e-04
1.0,1.32,0.0,1e-04
1.02,1.32,0.0,1e-04
1.04,1.32,0.0,1e-04
1.06,1.32,0.0,1e-04
1.08,1.32,0.0,1e-04
1.1,1.32,0.0,1e-04
1.12,1.32,0.0,1e-04
1.14,1.32,0.0,1e-04
1.16,1.32,0.0,1e-04
1.18,1.32,0.0,1e-04
1.2,1.32,0.0,0.0
1.22,1.32,0.0,0.0
1.24,1.32,0.0,0.0
1.26,1.32,0.0,0.0
1.28,1.32,0.0,0.0
1.3,1.32,0.0,0.0
1.32,1.32,0.0,0.0
1.34,1.32,0.0,0.0
1.36,1.32,0.0,0.0
1.38,1.32,0.0,0.0
1.4,1.32,0.0,0.0
1.42,1.32,0.0,0.0
1.44,1.32,0.0,0.0
1.46,1.32,0.0,0.0
1.48,1.32,0.0,0.0
1.5,1.32,0.0,0.0
1.52,1.32,0.0,0.0
1.54,1.32,0.0,0.0
1.56,1.32,0.0,0.0
1.58,1.32,0.0,0.0
1.6,1.32,0.0,0.0
-1.6,1.34,0.0,0.0
-1.58,1.34,0.0,0.0
-1.56,1.34,0.0,0.0
-1.54,1.34,0.0,0.0
-1.52,1.34,0.0,0.0
-1.5,1.34,0.0,0.0
-1.48,1.34,0.0,0.0
-1.46,1.34,0.0,0.0
-1.44,1.34,0.0,0.0
-1.42,1.34,0.0,0.0
-1.4,1.34,0.0,0.0
-1.38,1.34,0.0,0.0
-1.36,1.34,0.0,0.0
-1.34,1.34,0.0,0.0
-1.32,1.34,0.0,0.0
-1.3,1.34,0.0,0.0
-1.28,1.34,0.0,0.0
-1.26,1.34,0.0,0.0
-1.24,1.34,0.0,0.0
-1.22,1.34,0.0,0.0
-1.2,1.34,0.0,0.0
-1.18,1.34,0.0,0.0
-1.16,1.34,0.0,0.0
-1.14,1.34,0.0,0.0
-1.12,1.34,0.0,0.0
-1.1,1.34,0.0,0.0
-1.08,1.34,0.0,0.0
-1.06,1.34,0.0,0.0
-1.04,1.34,0.0,0.0
-1.02,1.34,0.0,0.0
-1.0,1.34,0.0,0.0
-0.98,1.34,0.0,0.0
-0.96,1.34,0.0,0.0
-0.94,1.34,0.0,0.0
-0.92,1.34,0.0,0.0
-0.9,1.34,0.0,0.0
-0.88,1.34,0.0,0.0
-0.86,1.34,0.0,0.0
-0.84,1.34,0.0,0.0
-0.82,1.34,0.0,0.0
-0.8,1.34,0.0,0.0
-0.78,1.34,0.0,0.0
-0.76,1.34,0.0,0.0
-0.74,1.34,0.0,0.0
-0.72,1.34,0.0,0.0
-0.7,1.34,0.0,1e-04
-0.68,1.34,0.0,1e-04
-0.66,1.34,0.0,1e-04
-0.64,1.34,0.0,1e-04
-0.62,1.34,0.0,1e-04
-0.6,1.34,0.0,1e-04
-0.58,1.34,0.0,1e-04
-0.56,1.34,0.0,1e-04
-0.54,1.34,0.0,1e-04
-0.52,1.34,0.0,1e-04
-0.5,1.34,0.0,1e-04
-0.48,1.34,0.0,1e-04
-0.46,1.34,0.0,1e-04
-0.44,1.34,0.0,1e-04
-0.42,1.34,0.0,1e-04
-0.4,1.34,0.0,1e-04
-0.38,1.34,0.0,1e-04
-0.36,1.34,0.0,1e-04
-0.34,1.34,0.0,1e-04
-0.32,1.34,0.0,1e-04
-0.3,1.34,0.0,1e-04
-0.28,1.34,0.0,1e-04
-0.26,1.34,0.0,1e-04
-0.24,1.34,0.0,1e-04
-0.22,1.34,0.0,1e-04
-0.2,1.34,0.0,1e-04
-0.18,1.34,0.0,1e-04
-0.16,1.34,0.0,1e-04
-0.14,1.34,0.0,1e-04
-0.12,1.34,0.0,1e-04
-0.1,1.34,0.0,1e-04
-0.08,1.34,0.0,1e-04
-0.06,1.34,0.0,1e-04
-0.04,1.34,0.0,0.0002
-0.02,1.34,0.0,0.0002
0.0,1.34,0.0,0.0002
0.02,1.34,0.0,0.0002
0.04,1.34,0.0,0.0002
0.06,1.34,0.0,0.0002
0.08,1.34,0.0,0.0002
0.1,1.34,0.0,0.0002
0.12,1.34,0.0,0.0002
0.14,1.34,0.0,0.0002
0.16,1.34,0.0,0.0002
0.18,1.34,0.0,0.0002
0.2,1.34,0.0,0.0002
0.22,1.34,0.0,0.0002
0.24,1.34,0.0,0.0002
0.26,1.34,0.0,0.0002
0.28,1.34,0.0,0.0002
0.3,1.34,0.0,0.0003
0.32,1.34,0.0,0.0003
0.34,1.34,0.0,0.0003
0.36,1.34,0.0,0.0003
0.38,1.34,0.0,0.0003
0.4,1.34,0.0,0.0003
0.42,1.34,0.0,0.0003
0.44,1.34,0.0,0.0003
0.46,1.34,0.0,0.0003
0.48,1.34,0.0,0.0003
0.5,1.34,0.0,0.0003
0.52,1.34,0.0,0.0003
0.54,1.34,0.0,0.0003
0.56,1.34,0.0,0.0003
0.58,1.34,0.0,0.0003
0.6,1.34,0.0,0.0003
0.62,1.34,0.0,0.0003
0.64,1.34,0.0,0.0003
0.66,1.34,0.0,0.0003
0.68,1.34,0.0,0.0003
0.7,1.34,0.0,0.0002
0.72,1.34,0.0,0.0002
0.74,1.34,0.0,0.0002
0.76,1.34,0.0,0.0002
0.78,1.34,0.0,0.0002
0.8,1.34,0.0,0.0002
0.82,1.34,0.0,0.0002
0.84,1.34,0.0,0.0002
0.86,1.34,0.0,0.0002
0.88,1.34,0.0,1e-04
0.9,1.34,0.0,1e-04
0.92,1.34,0.0,1e-04
0.94,1.34,0.0,1e-04
0.96,1.34,0.0,1e-04
0.98,1.34,0.0,1e-04
1.0,1.34,0.0,1e-04
1.02,1.34,0.0,1e-04
1.04,1.34,0.0,1e-04
1.06,1.34,0.0,1e-04
1.08,1.34,0.0,1e-04
1.1,1.34,0.0,1e-04
1.12,1.34,0.0,1e-04
1.14,1.34,0.0,1e-04
1.16,1.34,0.0,1e-04
1.18,1.34,0.0,0.0
1.2,1.34,0.0,0.0
1.22,1.34,0.0,0.0
1.24,1.34,0.0,0.0
1.26,1.34,0.0,0.0
1.28,1.34,0.0,0.0
1.3,1.34,0.0,0.0
1.32,1.34,0.0,0.0
1.34,1.34,0.0,0.0
1.36,1.34,0.0,0.0
1.38,1.34,0.0,0.0
1.4,1.34,0.0,0.0
1.42,1.34,0.0,0.0
1.44,1.34,0.0,0.0
1.46,1.34,0.0,0.0
1.48,1.34,0.0,0.0
1.5,1.34,0.0,0.0
1.52,1.34,0.0,0.0
1.54,1.34,0.0,0.0
1.56,1.34,0.0,0.0
1.58,1.34,0.0,0.0
1.6,1.34,0.0,0.0
-1.6,1.36,0.0,0.0
-1.58,1.36,0.0,0.0
-1.56,1.36,0.0,0.0
-1.54,1.36,0.0,0.0
-1.52,1.36,0.0,0.0
-1.5,1.36,0.0,0.0
-1.48,1.36,0.0,0.0
-1.46,1.36,0.0,0.0
-1.44,1.36,0.0,0.0
-1.42,1.36,0.0,0.0
-1.4,1.36,0.0,0.0
-1.38,1.36,0.0,0.0
-1.36,1.36,0.0,0.0
-1.34,1.36,0.0,0.0
-1.32,1.36,0.0,0.0
-1.3,1.36,0.0,0.0
-1.28,1.36,0.0,0.0
-1.26,1.36,0.0,0.0
-1.24,1.36,0.0,0.0
-1.22,1.36,0.0,0.0
-1.2,1.36,0.0,0.0
-1.18,1.36,0.0,0.0
-1.16,1.36,0.0,0.0
-1.14,1.36,0.0,0.0
-1.12,1.36,0.0,0.0
-1.1,1.36,0.0,0.0
-1.08,1.36,0.0,0.0
-1.06,1.36,0.0,0.0
-1.04,1.36,0.0,0.0
-1.02,1.36,0.0,0.0
-1.0,1.36,0.0,0.0
-0.98,1.36,0.0,0.0
-0.96,1.36,0.0,0.0
-0.94,1.36,0.0,0.0
-0.92,1.36,0.0,0.0
-0.9,1.36,0.0,0.0
-0.88,1.36,0.0,0.0
-0.86,1.36,0.0,0.0
-0.84,1.36,0.0,0.0
-0.82,1.36,0.0,0.0
-0.8,1.36,0.0,0.0
-0.78,1.36,0.0,0.0
-0.76,1.36,0.0,0.0
-0.74,1.36,0.0,0.0
-0.72,1.36,0.0,0.0
-0.7,1.36,0.0,0.0
-0.68,1.36,0.0,0.0
-0.66,1.36,0.0,0.0
-0.64,1.36,0.0,0.0
-0.62,1.36,0.0,0.0
-0.6,1.36,0.0,0.0
-0.58,1.36,0.0,0.0
-0.56,1.36,0.0,0.0
-0.54,1.36,0.0,1e-04
-0.52,1.36,0.0,1e-04
-0.5,1.36,0.0,1e-04
-0.48,1.36,0.0,1e-04
-0.46,1.36,0.0,1e-04
-0.44,1.36,0.0,1e-04
-0.42,1.36,0.0,1e-04
-0.4,1.36,0.0,1e-04
-0.38,1.36,0.0,1e-04
-0.36,1.36,0.0,1e-04
-0.34,1.36,0.0,1e-04
-0.32,1.36,0.0,1e-04
-0.3,1.36,0.0,1e-04
-0.28,1.36,0.0,1e-04
-0.26,1.36,0.0,1e-04
-0.24,1.36,0.0,1e-04
-0.22,1.36,0.0,1e-04
-0.2,1.36,0.0,1e-04
-0.18,1.36,0.0,1e-04
-0.16,1.36,0.0,1e-04
-0.14,1.36,0.0,1e-04
-0.12,1.36,0.0,1e-04
-0.1,1.36,0.0,1e-04
-0.08,1.36,0.0,1e-04
-0.06,1.36,0.0,1e-04
-0.04,1.36,0.0,1e-04
-0.02,1.36,0.0,1e-04
0.0,1.36,0.0,1e-04
0.02,1.36,0.0,1e-04
0.04,1.36,0.0,1e-04
0.06,1.36,0.0,1e-04
0.08,1.36,0.0,1e-04
0.1,1.36,0.0,0.0002
0.12,1.36,0.0,0.0002
0.14,1.36,0.0,0.0002
0.16,1.36,0.0,0.0002
0.18,1.36,0.0,0.0002
0.2,1.36,0.0,0.0002
0.22,1.36,0.0,0.0002
0.24,1.36,0.0,0.0002
0.26,1.36,0.0,0.0002
0.28,1.36,0.0,0.0002
0.3,1.36,0.0,0.0002
0.32,1.36,0.0,0.0002
0.34,1.36,0.0,0.0002
0.36,1.36,0.0,0.0002
0.38,1.36,0.0,0.0002
0.4,1.36,0.0,0.0002
0.42,1.36,0.0,0.0002
0.44,1.36,0.0,0.0002
0.46,1.36,0.0,0.0002
0.48,1.36,0.0,0.0002
0.5,1.36,0.0,0.0002
0.52,1.36,0.0,0.0002
0.54,1.36,0.0,0.0002
0.56,1.36,0.0,0.0002
0.58,1.36,0.0,0.0002
0.6,1.36,0.0,0.0002
0.62,1.36,0.0,0.0002
0.64,1.36,0.0,0.0002
0.66,1.36,0.0,0.0002
0.68,1.36,0.0,0.0002
0.7,1.36,0.0,0.0002
0.72,1.36,0.0,0.0002
0.74,1.36,0.0,0.0002
0.76,1.36,0.0,0.0002
0.78,1.36,0.0,0.0002
0.8,1.36,0.0,0.0002
0.82,1.36,0.0,1e-04
0.84,1.36,0.0,1e-04
0.86,1.36,0.0,1e-04
0.88,1.36,0.0,1e-04
0.9,1.36,0.0,1e-04
0.92,1.36,0.0,1e-04
0.94,1.36,0.0,1e-04
0.96,1.36,0.0,1e-04
0.98,1.36,0.0,1e-04
1.0,1.36,0.0,1e-04
1.02,1.36,0.0,1e-04
1.04,1.36,0.0,1e-04
1.06,1.36,0.0,1e-04
1.08,1.36,0.0,1e-04
1.1,1.36,0.0,1e-04
1.12,1.36,0.0,1e-04
1.14,1.36,0.0,1e-04
1.16,1.36,0.0,0.0
1.18,1.36,0.0,0.0
1.2,1.36,0.0,0.0
1.22,1.36,0.0,0.0
1.24,1.36,0.0,0.0
1.26,1.36,0.0,0.0
1.28,1.36,0.0,0.0
1.3,1.36,0.0,0.0
1.32,1.36,0.0,0.0
1.34,1.36,0.0,0.0
1.36,1.36,0.0,0.0
1.38,1.36,0.0,0.0
1.4,1.36,0.0,0.0
1.42,1.36,0.0,0.0
1.44,1.36,0.0,0.0
1.46,1.36,0.0,0.0
1.48,1.36,0.0,0.0
1.5,1.36,0.0,0.0
1.52,1.36,0.0,0.0
1.54,1.36,0.0,0.0
1.56,1.36,0.0,0.0
1.58,1.36,0.0,0.0
1.6,1.36,0.0,0.0
-1.6,1.38,0.0,0.0
-1.58,1.38,0.0,0.0
-1.56,1.38,0.0,0.0
-1.54,1.38,0.0,0.0
-1.52,1.38,0.0,0.0
-1.5,1.38,0.0,0.0
-1.48,1.38,0.0,0.0
-1.46,1.38,0.0,0.0
-1.44,1.38,0.0,0.0
-1.42,1.38,0.0,0.0
-1.4,1.38,0.0,0.0
-1.38,1.38,0.0,0.0
-1.36,1.38,0.0,0.0
-1.34,1.38,0.0,0.0
-1.32,1.38,0.0,0.0
-1.3,1.38,0.0,0.0
-1.28,1.38,0.0,0.0
-1.26,1.38,0.0,0.0
-1.24,1.38,0.0,0.0
-1.22,1.38,0.0,0.0
-1.2,1.38,0.0,0.0
-1.18,1.38,0.0,0.0
-1.16,1.38,0.0,0.0
-1.14,1.38,0.0,0.0
-1.12,1.38,0.0,0.0
-1.1,1.38,0.0,0.0
-1.08,1.38,0.0,0.0
-1.06,1.38,0.0,0.0
-1.04,1.38,0.0,0.0
-1.02,1.38,0.0,0.0
-1.0,1.38,0.0,0.0
-0.98,1.38,0.0,0.0
-0.96,1.38,0.0,0.0
-0.94,1.38,0.0,0.0
-0.92,1.38,0.0,0.0
-0.9,1.38,0.0,0.0
-0.88,1.38,0.0,0.0
-0.86,1.38,0.0,0.0
-0.84,1.38,0.0,0.0
-0.82,1.38,0.0,0.0
-0.8,1.38,0.0,0.0
-0.78,1.38,0.0,0.0
-0.76,1.38,0.0,0.0
-0.74,1.38,0.0,0.0
-0.72,1.38,0.0,0.0
-0.7,1.38,0.0,0.0
-0.68,1.38,0.0,0.0
-0.66,1.38,0.0,0.0
-0.64,1.38,0.0,0.0
-0.62,1.38,0.0,0.0
-0.6,1.38,0.0,0.0
-0.58,1.38,0.0,0.0
-0.56,1.38,0.0,0.0
-0.54,1.38,0.0,0.0
-0.52,1.38,0.0,0.0
-0.5,1.38,0.0,0.0
-0.48,1.38,0.0,0.0
-0.46,1.38,0.0,0.0
-0.44,1.38,0.0,0.0
-0.42,1.38,0.0,0.0
-0.4,1.38,0.0,0.0
-0.38,1.38,0.0,1e-04
-0.36,1.38,0.0,1e-04
-0.34,1.38,0.0,1e-04
-0.32,1.38,0.0,1e-04
-0.3,1.38,0.0,1e-04
-0.28,1.38,0.0,1e-04
-0.26,1.38,0.0,1e-04
-0.24,1.38,0.0,1e-04
-0.22,1.38,0.0,1e-04
-0.2,1.38,0.0,1e-04
-0.18,1.38,0.0,1e-04
-0.16,1.38,0.0,1e-04
-0.14,1.38,0.0,1e-04
-0.12,1.38,0.0,1e-04
-0.1,1.38,0.0,1e-04
-0.08,1.38,0.0,1e-04
-0.06,1.38,0.0,1e-04
-0.04,1.38,0.0,1e-04
-0.02,1.38,0.0,1e-04
0.0,1.38,0.0,1e-04
0.02,1.38,0.0,1e-04
0.04,1.38,0.0,1e-04
0.06,1.38,0.0,1e-04
0.08,1.38,0.0,1e-04
0.1,1.38,0.0,1e-04
0.12,1.38,0.0,1e-04
0.14,1.38,0.0,1e-04
0.16,1.38,0.0,1e-04
0.18,1.38,0.0,1e-04
0.2,1.38,0.0,1e-04
0.22,1.38,0.0,0.0002
0.24,1.38,0.0,0.0002
0.26,1.38,0.0,0.0002
0.28,1.38,0.0,0.0002
0.3,1.38,0.0,0.0002
0.32,1.38,0.0,0.0002
0.34,1.38,0.0,0.0002
0.36,1.38,0.0,0.0002
0.38,1.38,0.0,0.0002
0.4,1.38,0.0,0.0002
0.42,1.38,0.0,0.0002
0.44,1.38,0.0,0.0002
0.46,1.38,0.0,0.0002
0.48,1.38,0.0,0.0002
0.5,1.38,0.0,0.0002
0.52,1.38,0.0,0.0002
0.54,1.38,0.0,0.0002
0.56,1.38,0.0,0.0002
0.58,1.38,0.0,0.0002
0.6,1.38,0.0,0.0002
0.62,1.38,0.0,0.0002
0.64,1.38,0.0,0.0002
0.66,1.38,0.0,0.0002
0.68,1.38,0.0,0.0002
0.7,1.38,0.0,0.0002
0.72,1.38,0.0,0.0002
0.74,1.38,0.0,0.0002
0.76,1.38,0.0,1e-04
0.78,1.38,0.0,1e-04
0.8,1.38,0.0,1e-04
0.82,1.38,0.0,1e-04
0.84,1.38,0.0,1e-04
0.86,1.38,0.0,1e-04
0.88,1.38,0.0,1e-04
0.9,1.38,0.0,1e-04
0.92,1.38,0.0,1e-04
0.94,1.38,0.0,1e-04
0.96,1.38,0.0,1e-04
0.98,1.38,0.0,1e-04
1.0,1.38,0.0,1e-04
1.02,1.38,0.0,1e-04
1.04,1.38,0.0,1e-04
1.06,1.38,0.0,1e-04
1.08,1.38,0.0,1e-04
1.1,1.38,0.0,1e-04
1.12,1.38,0.0,1e-04
1.14,1.38,0.0,0.0
1.16,1.38,0.0,0.0
1.18,1.38,0.0,0.0
1.2,1.38,0.0,0.0
1.22,1.38,0.0,0.0
1.24,1.38,0.0,0.0
1.26,1.38,0.0,0.0
1.28,1.38,0.0,0.0
1.3,1.38,0.0,0.0
1.32,1.38,0.0,0.0
1.34,1.38,0.0,0.0
1.36,1.38,0.0,0.0
1.38,1.38,0.0,0.0
1.4,1.38,0.0,0.0
1.42,1.38,0.0,0.0
1.44,1.38,0.0,0.0
1.46,1.38,0.0,0.0
1.48,1.38,0.0,0.0
1.5,1.38,0.0,0.0
1.52,1.38,0.0,0.0
1.54,1.38,0.0,0.0
1.56,1.38,0.0,0.0
1.58,1.38,0.0,0.0
1.6,1.38,0.0,0.0
-1.6,1.4,0.0,0.0
-1.58,1.4,0.0,0.0
-1.56,1.4,0.0,0.0
-1.54,1.4,0.0,0.0
-1.52,1.4,0.0,0.0
-1.5,1.4,0.0,0.0
-1.48,1.4,0.0,0.0
-1.46,1.4,0.0,0.0
-1.44,1.4,0.0,0.0
-1.42,1.4,0.0,0.0
-1.4,1.4,0.0,0.0
-1.38,1.4,0.0,0.0
-1.36,1.4,0.0,0.0
-1.34,1.4,0.0,0.0
-1.32,1.4,0.0,0.0
-1.3,1.4,0.0,0.0
-1.28,1.4,0.0,0.0
-1.26,1.4,0.0,0.0
-1.24,1.4,0.0,0.0
-1.22,1.4,0.0,0.0
-1.2,1.4,0.0,0.0
-1.18,1.4,0.0,0.0
-1.16,1.4,0.0,0.0
-1.14,1.4,0.0,0.0
-1.12,1.4,0.0,0.0
-1.1,1.4,0.0,0.0
-1.08,1.4,0.0,0.0
-1.06,1.4,0.0,0.0
-1.04,1.4,0.0,0.0
-1.02,1.4,0.0,0.0
-1.0,1.4,0.0,0.0
-0.98,1.4,0.0,0.0
-0.96,1.4,0.0,0.0
-0.94,1.4,0.0,0.0
-0.92,1.4,0.0,0.0
-0.9,1.4,0.0,0.0
-0.88,1.4,0.0,0.0
-0.86,1.4,0.0,0.0
-0.84,1.4,0.0,0.0
-0.82,1.4,0.0,0.0
-0.8,1.4,0.0,0.0
-0.78,1.4,0.0,0.0
-0.76,1.4,0.0,0.0
-0.74,1.4,0.0,0.0
-0.72,1.4,0.0,0.0
-0.7,1.4,0.0,0.0
-0.68,1.4,0.0,0.0
-0.66,1.4,0.0,0.0
-0.64,1.4,0.0,0.0
-0.62,1.4,0.0,0.0
-0.6,1.4,0.0,0.0
-0.58,1.4,0.0,0.0
-0.56,1.4,0.0,0.0
-0.54,1.4,0.0,0.0
-0.52,1.4,0.0,0.0
-0.5,1.4,0.0,0.0
-0.48,1.4,0.0,0.0
-0.46,1.4,0.0,0.0
-0.44,1.4,0.0,0.0
-0.42,1.4,0.0,0.0
-0.4,1.4,0.0,0.0
-0.38,1.4,0.0,0.0
-0.36,1.4,0.0,0.0
-0.34,1.4,0.0,0.0
-0.32,1.4,0.0,0.0
-0.3,1.4,0.0,0.0
-0.28,1.4,0.0,0.0
-0.26,1.4,0.0,0.0
-0.24,1.4,0.0,0.0
-0.22,1.4,0.0,1e-04
-0.2,1.4,0.0,1e-04
-0.18,1.4,0.0,1e-04
-0.16,1.4,0.0,1e-04
-0.14,1.4,0.0,1e-04
-0.12,1.4,0.0,1e-04
-0.1,1.4,0.0,1e-04
-0.08,1.4,0.0,1e-04
-0.06,1.4,0.0,1e-04
-0.04,1.4,0.0,1e-04
-0.02,1.4,0.0,1e-04
0.0,1.4,0.0,1e-04
0.02,1.4,0.0,1e-04
0.04,1.4,0.0,1e-04
0.06,1.4,0.0,1e-04
0.08,1.4,0.0,1e-04
0.1,1.4,0.0,1e-04
0.12,1.4,0.0,1e-04
0.14,1.4,0.0,1e-04
0.16,1.4,0.0,1e-04
0.18,1.4,0.0,1e-04
0.2,1.4,0.0,1e-04
0.22,1.4,0.0,1e-04
0.24,1.4,0.0,1e-04
0.26,1.4,0.0,1e-04
0.28,1.4,0.0,1e-04
0.3,1.4,0.0,1e-04
0.32,1.4,0.0,1e-04
0.34,1.4,0.0,1e-04
0.36,1.4,0.0,1e-04
0.38,1.4,0.0,1e-04
0.4,1.4,0.0,1e-04
0.42,1.4,0.0,1e-04
0.44,1.4,0.0,1e-04
0.46,1.4,0.0,1e-04
0.48,1.4,0.0,1e-04
0.5,1.4,0.0,1e-04
0.52,1.4,0.0,1e-04
0.54,1.4,0.0,1e-04
0.56,1.4,0.0,1e-04
0.58,1.4,0.0,0.0002
0.6,1.4,0.0,0.0002
0.62,1.4,0.0,0.0002
0.64,1.4,0.0,0.0002
0.66,1.4,0.0,0.0002
0.68,1.4,0.0,0.0002
0.7,1.4,0.0,1e-04
0.72,1.4,0.0,1e-04
0.74,1.4,0.0,1e-04
0.76,1.4,0.0,1e-04
0.78,1.4,0.0,1e-04
0.8,1.4,0.0,1e-04
0.82,1.4,0.0,1e-04
0.84,1.4,0.0,1e-04
0.86,1.4,0.0,1e-04
0.88,1.4,0.0,1e-04
0.9,1.4,0.0,1e-04
0.92,1.4,0.0,1e-04
0.94,1.4,0.0,1e-04
0.96,1.4,0.0,1e-04
0.98,1.4,0.0,1e-04
1.0,1.4,0.0,1e-04
1.02,1.4,0.0,1e-04
1.04,1.4,0.0,1e-04
1.06,1.4,0.0,1e-04
1.08,1.4,0.0,1e-04
1.1,1.4,0.0,0.0
1.12,1.4,0.0,0.0
1.14,1.4,0.0,0.0
1.16,1.4,0.0,0.0
1.18,1.4,0.0,0.0
1.2,1.4,0.0,0.0
1.22,1.4,0.0,0.0
1.24,1.4,0.0,0.0
1.26,1.4,0.0,0.0
1.28,1.4,0.0,0.0
1.3,1.4,0.0,0.0
1.32,1.4,0.0,0.0
1.34,1.4,0.0,0.0
1.36,1.4,0.0,0.0
1.38,1.4,0.0,0.0
1.4,1.4,0.0,0.0
1.42,1.4,0.0,0.0
1.44,1.4,0.0,0.0
1.46,1.4,0.0,0.0
1.48,1.4,0.0,0.0
1.5,1.4,0.0,0.0
1.52,1.4,0.0,0.0
1.54,1.4,0.0,0.0
1.56,1.4,0.0,0.0
1.58,1.4,0.0,0.0
1.6,1.4,0.0,0.0
-1.6,1.42,0.0,0.0
-1.58,1.42,0.0,0.0
-1.56,1.42,0.0,0.0
-1.54,1.42,0.0,0.0
-1.52,1.42,0.0,0.0
-1.5,1.42,0.0,0.0
-1.48,1.42,0.0,0.0
-1.46,1.42,0.0,0.0
-1.44,1.42,0.0,0.0
-1.42,1.42,0.0,0.0
-1.4,1.42,0.0,0.0
-1.38,1.42,0.0,0.0
-1.36,1.42,0.0,0.0
-1.34,1.42,0.0,0.0
-1.32,1.42,0.0,0.0
-1.3,1.42,0.0,0.0
-1.28,1.42,0.0,0.0
-1.26,1.42,0.0,0.0
-1.24,1.42,0.0,0.0
-1.22,1.42,0.0,0.0
-1.2,1.42,0.0,0.0
-1.18,1.42,0.0,0.0
-1.16,1.42,0.0,0.0
-1.14,1.42,0.0,0.0
-1.12,1.42,0.0,0.0
-1.1,1.42,0.0,0.0
-1.08,1.42,0.0,0.0
-1.06,1.42,0.0,0.0
-1.04,1.42,0.0,0.0
-1.02,1.42,0.0,0.0
-1.0,1.42,0.0,0.0
-0.98,1.42,0.0,0.0
-0.96,1.42,0.0,0.0
-0.94,1.42,0.0,0.0
-0.92,1.42,0.0,0.0
-0.9,1.42,0.0,0.0
-0.88,1.42,0.0,0.0
-0.86,1.42,0.0,0.0
-0.84,1.42,0.0,0.0
-0.82,1.42,0.0,0.0
-0.8,1.42,0.0,0.0
-0.78,1.42,0.0,0.0
-0.76,1.42,0.0,0.0
-0.74,1.42,0.0,0.0
-0.72,1.42,0.0,0.0
-0.7,1.42,0.0,0.0
-0.68,1.42,0.0,0.0
-0.66,1.42,0.0,0.0
-0.64,1.42,0.0,0.0
-0.62,1.42,0.0,0.0
-0.6,1.42,0.0,0.0
-0.58,1.42,0.0,0.0
-0.56,1.42,0.0,0.0
-0.54,1.42,0.0,0.0
-0.52,1.42,0.0,0.0
-0.5,1.42,0.0,0.0
-0.48,1.42,0.0,0.0
-0.46,1.42,0.0,0.0
-0.44,1.42,0.0,0.0
-0.42,1.42,0.0,0.0
-0.4,1.42,0.0,0.0
-0.38,1.42,0.0,0.0
-0.36,1.42,0.0,0.0
-0.34,1.42,0.0,0.0
-0.32,1.42,0.0,0.0
-0.3,1.42,0.0,0.0
-0.28,1.42,0.0,0.0
-0.26,1.42,0.0,0.0
-0.24,1.42,0.0,0.0
-0.22,1.42,0.0,0.0
-0.2,1.42,0.0,0.0
-0.18,1.42,0.0,0.0
-0.16,1.42,0.0,0.0
-0.14,1.42,0.0,0.0
-0.12,1.42,0.0,0.0
-0.1,1.42,0.0,0.0
-0.08,1.42,0.0,1e-04
-0.06,1.42,0.0,1e-04
-0.04,1.42,0.0,1e-04
-0.02,1.42,0.0,1e-04
0.0,1.42,0.0,1e-04
0.02,1.42,0.0,1e-04
0.04,1.42,0.0,1e-04
0.06,1.42,0.0,1e-04
0.08,1.42,0.0,1e-04
0.1,1.42,0.0,1e-04
0.12,1.42,0.0,1e-04
0.14,1.42,0.0,1e-04
0.16,1.42,0.0,1e-04
0.18,1.42,0.0,1e-04
0.2,1.42,0.0,1e-04
0.22,1.42,0.0,1e-04
0.24,1.42,0.0,1e-04
0.26,1.42,0.0,1e-04
0.28,1.42,0.0,1e-04
0.3,1.42,0.0,1e-04
0.32,1.42,0.0,1e-04
0.34,1.42,0.0,1e-04
0.36,1.42,0.0,1e-04
0.38,1.42,0.0,1e-04
0.4,1.42,0.0,1e-04
0.42,1.42,0.0,1e-04
0.44,1.42,0.0,1e-04
0.46,1.42,0.0,1e-04
0.48,1.42,0.0,1e-04
0.5,1.42,0.0,1e-04
0.52,1.42,0.0,1e-04
0.54,1.42,0.0,1e-04
0.56,1.42,0.0,1e-04
0.58,1.42,0.0,1e-04
0.6,1.42,0.0,1e-04
0.62,1.42,0.0,1e-04
0.64,1.42,0.0,1e-04
0.66,1.42,0.0,1e-04
0.68,1.42,0.0,1e-04
0.7,1.42,0.0,1e-04
0.72,1.42,0.0,1e-04
0.74,1.42,0.0,1e-04
0.76,1.42,0.0,1e-04
0.78,1.42,0.0,1e-04
0.8,1.42,0.0,1e-04
0.82,1.42,0.0,1e-04
0.84,1.42,0.0,1e-04
0.86,1.42,0.0,1e-04
0.88,1.42,0.0,1e-04
0.9,1.42,0.0,1e-04
0.92,1.42,0.0,1e-04
0.94,1.42,0.0,1e-04
0.96,1.42,0.0,1e-04
0.98,1.42,0.0,1e-04
1.0,1.42,0.0,1e-04
1.02,1.42,0.0,1e-04
1.04,1.42,0.0,0.0
1.06,1.42,0.0,0.0
1.08,1.42,0.0,0.0
1.1,1.42,0.0,0.0
1.12,1.42,0.0,0.0
1.14,1.42,0.0,0.0
1.16,1.42,0.0,0.0
1.18,1.42,0.0,0.0
1.2,1.42,0.0,0.0
1.22,1.42,0.0,0.0
1.24,1.42,0.0,0.0
1.26,1.42,0.0,0.0
1.28,1.42,0.0,0.0
1.3,1.42,0.0,0.0
1.32,1.42,0.0,0.0
1.34,1.42,0.0,0.0
1.36,1.42,0.0,0.0
1.38,1.42,0.0,0.0
1.4,1.42,0.0,0.0
1.42,1.42,0.0,0.0
1.44,1.42,0.0,0.0
1.46,1.42,0.0,0.0
1.48,1.42,0.0,0.0
1.5,1.42,0.0,0.0
1.52,1.42,0.0,0.0
1.54,1.42,0.0,0.0
1.56,1.42,0.0,0.0
1.58,1.42,0.0,0.0
1.6,1.42,0.0,0.0
-1.6,1.44,0.0,0.0
-1.58,1.44,0.0,0.0
-1.56,1.44,0.0,0.0
-1.54,1.44,0.0,0.0
-1.52,1.44,0.0,0.0
-1.5,1.44,0.0,0.0
-1.48,1.44,0.0,0.0
-1.46,1.44,0.0,0.0
-1.44,1.44,0.0,0.0
-1.42,1.44,0.0,0.0
-1.4,1.44,0.0,0.0
-1.38,1.44,0.0,0.0
-1.36,1.44,0.0,0.0
-1.34,1.44,0.0,0.0
-1.32,1.44,0.0,0.0
-1.3,1.44,0.0,0.0
-1.28,1.44,0.0,0.0
-1.26,1.44,0.0,0.0
-1.24,1.44,0.0,0.0
-1.22,1.44,0.0,0.0
-1.2,1.44,0.0,0.0
-1.18,1.44,0.0,0.0
-1.16,1.44,0.0,0.0
-1.14,1.44,0.0,0.0
-1.12,1.44,0.0,0.0
-1.1,1.44,0.0,0.0
-1.08,1.44,0.0,0.0
-1.06,1.44,0.0,0.0
-1.04,1.44,0.0,0.0
-1.02,1.44,0.0,0.0
-1.0,1.44,0.0,0.0
-0.98,1.44,0.0,0.0
-0.96,1.44,0.0,0.0
-0.94,1.44,0.0,0.0
-0.92,1.44,0.0,0.0
-0.9,1.44,0.0,0.0
-0.88,1.44,0.0,0.0
-0.86,1.44,0.0,0.0
-0.84,1.44,0.0,0.0
-0.82,1.44,0.0,0.0
-0.8,1.44,0.0,0.0
-0.78,1.44,0.0,0.0
-0.76,1.44,0.0,0.0
-0.74,1.44,0.0,0.0
-0.72,1.44,0.0,0.0
-0.7,1.44,0.0,0.0
-0.68,1.44,0.0,0.0
-0.66,1.44,0.0,0.0
-0.64,1.44,0.0,0.0
-0.62,1.44,0.0,0.0
-0.6,1.44,0.0,0.0
-0.58,1.44,0.0,0.0
-0.56,1.44,0.0,0.0
-0.54,1.44,0.0,0.0
-0.52,1.44,0.0,0.0
-0.5,1.44,0.0,0.0
-0.48,1.44,0.0,0.0
-0.46,1.44,0.0,0.0
-0.44,1.44,0.0,0.0
-0.42,1.44,0.0,0.0
-0.4,1.44,0.0,0.0
-0.38,1.44,0.0,0.0
-0.36,1.44,0.0,0.0
-0.34,1.44,0.0,0.0
-0.32,1.44,0.0,0.0
-0.3,1.44,0.0,0.0
-0.28,1.44,0.0,0.0
-0.26,1.44,0.0,0.0
-0.24,1.44,0.0,0.0
-0.22,1.44,0.0,0.0
-0.2,1.44,0.0,0.0
-0.18,1.44,0.0,0.0
-0.16,1.44,0.0,0.0
-0.14,1.44,0.0,0.0
-0.12,1.44,0.0,0.0
-0.1,1.44,0.0,0.0
-0.08,1.44,0.0,0.0
-0.06,1.44,0.0,0.0
-0.04,1.44,0.0,0.0
-0.02,1.44,0.0,0.0
0.0,1.44,0.0,0.0
0.02,1.44,0.0,0.0
0.04,1.44,0.0,1e-04
0.06,1.44,0.0,1e-04
0.08,1.44,0.0,1e-04
0.1,1.44,0.0,1e-04
0.12,1.44,0.0,1e-04
0.14,1.44,0.0,1e-04
0.16,1.44,0.0,1e-04
0.18,1.44,0.0,1e-04
0.2,1.44,0.0,1e-04
0.22,1.44,0.0,1e-04
0.24,1.44,0.0,1e-04
0.26,1.44,0.0,1e-04
0.28,1.44,0.0,1e-04
0.3,1.44,0.0,1e-04
0.32,1.44,0.0,1e-04
0.34,1.44,0.0,1e-04
0.36,1.44,0.0,1e-04
0.38,1.44,0.0,1e-04
0.4,1.44,0.0,1e-04
0.42,1.44,0.0,1e-04
0.44,1.44,0.0,1e-04
0.46,1.44,0.0,1e-04
0.48,1.44,0.0,1e-04
0.5,1.44,0.0,1e-04
0.52,1.44,0.0,1e-04
0.54,1.44,0.0,1e-04
0.56,1.44,0.0,1e-04
0.58,1.44,0.0,1e-04
0.6,1.44,0.0,1e-04
0.62,1.44,0.0,1e-04
0.64,1.44,0.0,1e-04
0.66,1.44,0.0,1e-04
0.68,1.44,0.0,1e-04
0.7,1.44,0.0,1e-04
0.72,1.44,0.0,1e-04
0.74,1.44,0.0,1e-04
0.76,1.44,0.0,1e-04
0.78,1.44,0.0,1e-04
0.8,1.44,0.0,1e-04
0.82,1.44,0.0,1e-04
0.84,1.44,0.0,1e-04
0.86,1.44,0.0,1e-04
0.88,1.44,0.0,1e-04
0.9,1.44,0.0,1e-04
0.92,1.44,0.0,1e-04
0.94,1.44,0.0,1e-04
0.96,1.44,0.0,1e-04
0.98,1.44,0.0,0.0
1.0,1.44,0.0,0.0
1.02,1.44,0.0,0.0
1.04,1.44,0.0,0.0
1.06,1.44,0.0,0.0
1.08,1.44,0.0,0.0
1.1,1.44,0.0,0.0
1.12,1.44,0.0,0.0
1.14,1.44,0.0,0.0
1.16,1.44,0.0,0.0
1.18,1.44,0.0,0.0
1.2,1.44,0.0,0.0
1.22,1.44,0.0,0.0
1.24,1.44,0.0,0.0
1.26,1.44,0.0,0.0
1.28,1.44,0.0,0.0
1.3,1.44,0.0,0.0
1.32,1.44,0.0,0.0
1.34,1.44,0.0,0.0
1.36,1.44,0.0,0.0
1.38,1.44,0.0,0.0
1.4,1.44,0.0,0.0
1.42,1.44,0.0,0.0
1.44,1.44,0.0,0.0
1.46,1.44,0.0,0.0
1.48,1.44,0.0,0.0
1.5,1.44,0.0,0.0
1.52,1.44,0.0,0.0
1.54,1.44,0.0,0.0
1.56,1.44,0.0,0.0
1.58,1.44,0.0,0.0
1.6,1.44,0.0,0.0
-1.6,1.46,0.0,0.0
-1.58,1.46,0.0,0.0
-1.56,1.46,0.0,0.0
-1.54,1.46,0.0,0.0
-1.52,1.46,0.0,0.0
-1.5,1.46,0.0,0.0
-1.48,1.46,0.0,0.0
-1.46,1.46,0.0,0.0
-1.44,1.46,0.0,0.0
-1.42,1.46,0.0,0.0
-1.4,1.46,0.0,0.0
-1.38,1.46,0.0,0.0
-1.36,1.46,0.0,0.0
-1.34,1.46,0.0,0.0
-1.32,1.46,0.0,0.0
-1.3,1.46,0.0,0.0
-1.28,1.46,0.0,0.0
-1.26,1.46,0.0,0.0
-1.24,1.46,0.0,0.0
-1.22,1.46,0.0,0.0
-1.2,1.46,0.0,0.0
-1.18,1.46,0.0,0.0
-1.16,1.46,0.0,0.0
-1.14,1.46,0.0,0.0
-1.12,1.46,0.0,0.0
-1.1,1.46,0.0,0.0
-1.08,1.46,0.0,0.0
-1.06,1.46,0.0,0.0
-1.04,1.46,0.0,0.0
-1.02,1.46,0.0,0.0
-1.0,1.46,0.0,0.0
-0.98,1.46,0.0,0.0
-0.96,1.46,0.0,0.0
-0.94,1.46,0.0,0.0
-0.92,1.46,0.0,0.0
-0.9,1.46,0.0,0.0
-0.88,1.46,0.0,0.0
-0.86,1.46,0.0,0.0
-0.84,1.46,0.0,0.0
-0.82,1.46,0.0,0.0
-0.8,1.46,0.0,0.0
-0.78,1.46,0.0,0.0
-0.76,1.46,0.0,0.0
-0.74,1.46,0.0,0.0
-0.72,1.46,0.0,0.0
-0.7,1.46,0.0,0.0
-0.68,1.46,0.0,0.0
-0.66,1.46,0.0,0.0
-0.64,1.46,0.0,0.0
-0.62,1.46,0.0,0.0
-0.6,1.46,0.0,0.0
-0.58,1.46,0.0,0.0
-0.56,1.46,0.0,0.0
-0.54,1.46,0.0,0.0
-0.52,1.46,0.0,0.0
-0.5,1.46,0.0,0.0
-0.48,1.46,0.0,0.0
-0.46,1.46,0.0,0.0
-0.44,1.46,0.0,0.0
-0.42,1.46,0.0,0.0
-0.4,1.46,0.0,0.0
-0.38,1.46,0.0,0.0
-0.36,1.46,0.0,0.0
-0.34,1.46,0.0,0.0
-0.32,1.46,0.0,0.0
-0.3,1.46,0.0,0.0
-0.28,1.46,0.0,0.0
-0.26,1.46,0.0,0.0
-0.24,1.46,0.0,0.0
-0.22,1.46,0.0,0.0
-0.2,1.46,0.0,0.0
-0.18,1.46,0.0,0.0
-0.16,1.46,0.0,0.0
-0.14,1.46,0.0,0.0
-0.12,1.46,0.0,0.0
-0.1,1.46,0.0,0.0
-0.08,1.46,0.0,0.0
-0.06,1.46,0.0,0.0
-0.04,1.46,0.0,0.0
-0.02,1.46,0.0,0.0
0.0,1.46,0.0,0.0
0.02,1.46,0.0,0.0
0.04,1.46,0.0,0.0
0.06,1.46,0.0,0.0
0.08,1.46,0.0,0.0
0.1,1.46,0.0,0.0
0.12,1.46,0.0,0.0
0.14,1.46,0.0,0.0
0.16,1.46,0.0,1e-04
0.18,1.46,0.0,1e-04
0.2,1.46,0.0,1e-04
0.22,1.46,0.0,1e-04
0.24,1.46,0.0,1e-04
0.26,1.46,0.0,1e-04
0.28,1.46,0.0,1e-04
0.3,1.46,0.0,1e-04
0.32,1.46,0.0,1e-04
0.34,1.46,0.0,1e-04
0.36,1.46,0.0,1e-04
0.38,1.46,0.0,1e-04
0.4,1.46,0.0,1e-04
0.42,1.46,0.0,1e-04
0.44,1.46,0.0,1e-04
0.46,1.46,0.0,1e-04
0.48,1.46,0.0,1e-04
0.5,1.46,0.0,1e-04
0.52,1.46,0.0,1e-04
0.54,1.46,0.0,1e-04
0.56,1.46,0.0,1e-04
0.58,1.46,0.0,1e-04
0.6,1.46,0.0,1e-04
0.62,1.46,0.0,1e-04
0.64,1.46,0.0,1e-04
0.66,1.46,0.0,1e-04
0.68,1.46,0.0,1e-04
0.7,1.46,0.0,1e-04
0.72,1.46,0.0,1e-04
0.74,1.46,0.0,1e-04
0.76,1.46,0.0,1e-04
0.78,1.46,0.0,1e-04
0.8,1.46,0.0,1e-04
0.82,1.46,0.0,1e-04
0.84,1.46,0.0,1e-04
0.86,1.46,0.0,1e-04
0.88,1.46,0.0,1e-04
0.9,1.46,0.0,1e-04
0.92,1.46,0.0,0.0
0.94,1.46,0.0,0.0
0.96,1.46,0.0,0.0
0.98,1.46,0.0,0.0
1.0,1.46,0.0,0.0
1.02,1.46,0.0,0.0
1.04,1.46,0.0,0.0
1.06,1.46,0.0,0.0
1.08,1.46,0.0,0.0
1.1,1.46,0.0,0.0
1.12,1.46,0.0,0.0
1.14,1.46,0.0,0.0
1.16,1.46,0.0,0.0
1.18,1.46,0.0,0.0
1.2,1.46,0.0,0.0
1.22,1.46,0.0,0.0
1.24,1.46,0.0,0.0
1.26,1.46,0.0,0.0
1.28,1.46,0.0,0.0
1.3,1.46,0.0,0.0
1.32,1.46,0.0,0.0
1.34,1.46,0.0,0.0
1.36,1.46,0.0,0.0
1.38,1.46,0.0,0.0
1.4,1.46,0.0,0.0
1.42,1.46,0.0,0.0
1.44,1.46,0.0,0.0
1.46,1.46,0.0,0.0
1.48,1.46,0.0,0.0
1.5,1.46,0.0,0.0
1.52,1.46,0.0,0.0
1.54,1.46,0.0,0.0
1.56,1.46,0.0,0.0
1.58,1.46,0.0,0.0
1.6,1.46,0.0,0.0
-1.6,1.48,0.0,0.0
-1.58,1.48,0.0,0.0
-1.56,1.48,0.0,0.0
-1.54,1.48,0.0,0.0
-1.52,1.48,0.0,0.0
-1.5,1.48,0.0,0.0
-1.48,1.48,0.0,0.0
-1.46,1.48,0.0,0.0
-1.44,1.48,0.0,0.0
-1.42,1.48,0.0,0.0
-1.4,1.48,0.0,0.0
-1.38,1.48,0.0,0.0
-1.36,1.48,0.0,0.0
-1.34,1.48,0.0,0.0
-1.32,1.48,0.0,0.0
-1.3,1.48,0.0,0.0
-1.28,1.48,0.0,0.0
-1.26,1.48,0.0,0.0
-1.24,1.48,0.0,0.0
-1.22,1.48,0.0,0.0
-1.2,1.48,0.0,0.0
-1.18,1.48,0.0,0.0
-1.16,1.48,0.0,0.0
-1.14,1.48,0.0,0.0
-1.12,1.48,0.0,0.0
-1.1,1.48,0.0,0.0
-1.08,1.48,0.0,0.0
-1.06,1.48,0.0,0.0
-1.04,1.48,0.0,0.0
-1.02,1.48,0.0,0.0
-1.0,1.48,0.0,0.0
-0.98,1.48,0.0,0.0
-0.96,1.48,0.0,0.0
-0.94,1.48,0.0,0.0
-0.92,1.48,0.0,0.0
-0.9,1.48,0.0,0.0
-0.88,1.48,0.0,0.0
-0.86,1.48,0.0,0.0
-0.84,1.48,0.0,0.0
-0.82,1.48,0.0,0.0
-0.8,1.48,0.0,0.0
-0.78,1.48,0.0,0.0
-0.76,1.48,0.0,0.0
-0.74,1.48,0.0,0.0
-0.72,1.48,0.0,0.0
-0.7,1.48,0.0,0.0
-0.68,1.48,0.0,0.0
-0.66,1.48,0.0,0.0
-0.64,1.48,0.0,0.0
-0.62,1.48,0.0,0.0
-0.6,1.48,0.0,0.0
-0.58,1.48,0.0,0.0
-0.56,1.48,0.0,0.0
-0.54,1.48,0.0,0.0
-0.52,1.48,0.0,0.0
-0.5,1.48,0.0,0.0
-0.48,1.48,0.0,0.0
-0.46,1.48,0.0,0.0
-0.44,1.48,0.0,0.0
-0.42,1.48,0.0,0.0
-0.4,1.48,0.0,0.0
-0.38,1.48,0.0,0.0
-0.36,1.48,0.0,0.0
-0.34,1.48,0.0,0.0
-0.32,1.48,0.0,0.0
-0.3,1.48,0.0,0.0
-0.28,1.48,0.0,0.0
-0.26,1.48,0.0,0.0
-0.24,1.48,0.0,0.0
-0.22,1.48,0.0,0.0
-0.2,1.48,0.0,0.0
-0.18,1.48,0.0,0.0
-0.16,1.48,0.0,0.0
-0.14,1.48,0.0,0.0
-0.12,1.48,0.0,0.0
-0.1,1.48,0.0,0.0
-0.08,1.48,0.0,0.0
-0.06,1.48,0.0,0.0
-0.04,1.48,0.0,0.0
-0.02,1.48,0.0,0.0
0.0,1.48,0.0,0.0
0.02,1.48,0.0,0.0
0.04,1.48,0.0,0.0
0.06,1.48,0.0,0.0
0.08,1.48,0.0,0.0
0.1,1.48,0.0,0.0
0.12,1.48,0.0,0.0
0.14,1.48,0.0,0.0
0.16,1.48,0.0,0.0
0.18,1.48,0.0,0.0
0.2,1.48,0.0,0.0
0.22,1.48,0.0,0.0
0.24,1.48,0.0,0.0
0.26,1.48,0.0,0.0
0.28,1.48,0.0,1e-04
0.3,1.48,0.0,1e-04
0.32,1.48,0.0,1e-04
0.34,1.48,0.0,1e-04
0.36,1.48,0.0,1e-04
0.38,1.48,0.0,1e-04
0.4,1.48,0.0,1e-04
0.42,1.48,0.0,1e-04
0.44,1.48,0.0,1e-04
0.46,1.48,0.0,1e-04
0.48,1.48,0.0,1e-04
0.5,1.48,0.0,1e-04
0.52,1.48,0.0,1e-04
0.54,1.48,0.0,1e-04
0.56,1.48,0.0,1e-04
0.58,1.48,0.0,1e-04
0.6,1.48,0.0,1e-04
0.62,1.48,0.0,1e-04
0.64,1.48,0.0,1e-04
0.66,1.48,0.0,1e-04
0.68,1.48,0.0,1e-04
0.7,1.48,0.0,1e-04
0.72,1.48,0.0,1e-04
0.74,1.48,0.0,1e-04
0.76,1.48,0.0,1e-04
0.78,1.48,0.0,1e-04
0.8,1.48,0.0,1e-04
0.82,1.48,0.0,1e-04
0.84,1.48,0.0,1e-04
0.86,1.48,0.0,0.0
0.88,1.48,0.0,0.0
0.9,1.48,0.0,0.0
0.92,1.48,0.0,0.0
0.94,1.48,0.0,0.0
0.96,1.48,0.0,0.0
0.98,1.48,0.0,0.0
1.0,1.48,0.0,0.0
1.02,1.48,0.0,0.0
1.04,1.48,0.0,0.0
1.06,1.48,0.0,0.0
1.08,1.48,0.0,0.0
1.1,1.48,0.0,0.0
1.12,1.48,0.0,0.0
1.14,1.48,0.0,0.0
1.16,1.48,0.0,0.0
1.18,1.48,0.0,0.0
1.2,1.48,0.0,0.0
1.22,1.48,0.0,0.0
1.24,1.48,0.0,0.0
1.26,1.48,0.0,0.0
1.28,1.48,0.0,0.0
1.3,1.48,0.0,0.0
1.32,1.48,0.0,0.0
1.34,1.48,0.0,0.0
1.36,1.48,0.0,0.0
1.38,1.48,0.0,0.0
1.4,1.48,0.0,0.0
1.42,1.48,0.0,0.0
1.44,1.48,0.0,0.0
1.46,1.48,0.0,0.0
1.48,1.48,0.0,0.0
1.5,1.48,0.0,0.0
1.52,1.48,0.0,0.0
1.54,1.48,0.0,0.0
1.56,1.48,0.0,0.0
1.58,1.48,0.0,0.0
1.6,1.48,0.0,0.0
-1.6,1.5,0.0,0.0
-1.58,1.5,0.0,0.0
-1.56,1.5,0.0,0.0
-1.54,1.5,0.0,0.0
-1.52,1.5,0.0,0.0
-1.5,1.5,0.0,0.0
-1.48,1.5,0.0,0.0
-1.46,1.5,0.0,0.0
-1.44,1.5,0.0,0.0
-1.42,1.5,0.0,0.0
-1.4,1.5,0.0,0.0
-1.38,1.5,0.0,0.0
-1.36,1.5,0.0,0.0
-1.34,1.5,0.0,0.0
-1.32,1.5,0.0,0.0
-1.3,1.5,0.0,0.0
-1.28,1.5,0.0,0.0
-1.26,1.5,0.0,0.0
-1.24,1.5,0.0,0.0
-1.22,1.5,0.0,0.0
-1.2,1.5,0.0,0.0
-1.18,1.5,0.0,0.0
-1.16,1.5,0.0,0.0
-1.14,1.5,0.0,0.0
-1.12,1.5,0.0,0.0
-1.1,1.5,0.0,0.0
-1.08,1.5,0.0,0.0
-1.06,1.5,0.0,0.0
-1.04,1.5,0.0,0.0
-1.02,1.5,0.0,0.0
-1.0,1.5,0.0,0.0
-0.98,1.5,0.0,0.0
-0.96,1.5,0.0,0.0
-0.94,1.5,0.0,0.0
-0.92,1.5,0.0,0.0
-0.9,1.5,0.0,0.0
-0.88,1.5,0.0,0.0
-0.86,1.5,0.0,0.0
-0.84,1.5,0.0,0.0
-0.82,1.5,0.0,0.0
-0.8,1.5,0.0,0.0
-0.78,1.5,0.0,0.0
-0.76,1.5,0.0,0.0
-0.74,1.5,0.0,0.0
-0.72,1.5,0.0,0.0
-0.7,1.5,0.0,0.0
-0.68,1.5,0.0,0.0
-0.66,1.5,0.0,0.0
-0.64,1.5,0.0,0.0
-0.62,1.5,0.0,0.0
-0.6,1.5,0.0,0.0
-0.58,1.5,0.0,0.0
-0.56,1.5,0.0,0.0
-0.54,1.5,0.0,0.0
-0.52,1.5,0.0,0.0
-0.5,1.5,0.0,0.0
-0.48,1.5,0.0,0.0
-0.46,1.5,0.0,0.0
-0.44,1.5,0.0,0.0
-0.42,1.5,0.0,0.0
-0.4,1.5,0.0,0.0
-0.38,1.5,0.0,0.0
-0.36,1.5,0.0,0.0
-0.34,1.5,0.0,0.0
-0.32,1.5,0.0,0.0
-0.3,1.5,0.0,0.0
-0.28,1.5,0.0,0.0
-0.26,1.5,0.0,0.0
-0.24,1.5,0.0,0.0
-0.22,1.5,0.0,0.0
-0.2,1.5,0.0,0.0
-0.18,1.5,0.0,0.0
-0.16,1.5,0.0,0.0
-0.14,1.5,0.0,0.0
-0.12,1.5,0.0,0.0
-0.1,1.5,0.0,0.0
-0.08,1.5,0.0,0.0
-0.06,1.5,0.0,0.0
-0.04,1.5,0.0,0.0
-0.02,1.5,0.0,0.0
0.0,1.5,0.0,0.0
0.02,1.5,0.0,0.0
0.04,1.5,0.0,0.0
0.06,1.5,0.0,0.0
0.08,1.5,0.0,0.0
0.1,1.5,0.0,0.0
0.12,1.5,0.0,0.0
0.14,1.5,0.0,0.0
0.16,1.5,0.0,0.0
0.18,1.5,0.0,0.0
0.2,1.5,0.0,0.0
0.22,1.5,0.0,0.0
0.24,1.5,0.0,0.0
0.26,1.5,0.0,0.0
0.28,1.5,0.0,0.0
0.3,1.5,0.0,0.0
0.32,1.5,0.0,0.0
0.34,1.5,0.0,0.0
0.36,1.5,0.0,0.0
0.38,1.5,0.0,0.0
0.4,1.5,0.0,0.0
0.42,1.5,0.0,0.0
0.44,1.5,0.0,0.0
0.46,1.5,0.0,0.0
0.48,1.5,0.0,0.0
0.5,1.5,0.0,0.0
0.52,1.5,0.0,1e-04
0.54,1.5,0.0,1e-04
0.56,1.5,0.0,1e-04
0.58,1.5,0.0,1e-04
0.6,1.5,0.0,1e-04
0.62,1.5,0.0,1e-04
0.64,1.5,0.0,1e-04
0.66,1.5,0.0,1e-04
0.68,1.5,0.0,1e-04
0.7,1.5,0.0,1e-04
0.72,1.5,0.0,1e-04
0.74,1.5,0.0,1e-04
0.76,1.5,0.0,1e-04
0.78,1.5,0.0,1e-04
0.8,1.5,0.0,1e-04
0.82,1.5,0.0,0.0
0.84,1.5,0.0,0.0
0.86,1.5,0.0,0.0
0.88,1.5,0.0,0.0
0.9,1.5,0.0,0.0
0.92,1.5,0.0,0.0
0.94,1.5,0.0,0.0
0.96,1.5,0.0,0.0
0.98,1.5,0.0,0.0
1.0,1.5,0.0,0.0
1.02,1.5,0.0,0.0
1.04,1.5,0.0,0.0
1.06,1.5,0.0,0.0
1.08,1.5,0.0,0.0
1.1,1.5,0.0,0.0
1.12,1.5,0.0,0.0
1.14,1.5,0.0,0.0
1.16,1.5,0.0,0.0
1.18,1.5,0.0,0.0
1.2,1.5,0.0,0.0
1.22,1.5,0.0,0.0
1.24,1.5,0.0,0.0
1.26,1.5,0.0,0.0
1.28,1.5,0.0,0.0
1.3,1.5,0.0,0.0
1.32,1.5,0.0,0.0
1.34,1.5,0.0,0.0
1.36,1.5,0.0,0.0
1.38,1.5,0.0,0.0
1.4,1.5,0.0,0.0
1.42,1.5,0.0,0.0
1.44,1.5,0.0,0.0
1.46,1.5,0.0,0.0
1.48,1.5,0.0,0.0
1.5,1.5,0.0,0.0
1.52,1.5,0.0,0.0
1.54,1.5,0.0,0.0
1.56,1.5,0.0,0.0
1.58,1.5,0.0,0.0
1.6,1.5,0.0,0.0
-1.6,1.52,0.0,0.0
-1.58,1.52,0.0,0.0
-1.56,1.52,0.0,0.0
-1.54,1.52,0.0,0.0
-1.52,1.52,0.0,0.0
-1.5,1.52,0.0,0.0
-1.48,1.52,0.0,0.0
-1.46,1.52,0.0,0.0
-1.44,1.52,0.0,0.0
-1.42,1.52,0.0,0.0
-1.4,1.52,0.0,0.0
-1.38,1.52,0.0,0.0
-1.36,1.52,0.0,0.0
-1.34,1.52,0.0,0.0
-1.32,1.52,0.0,0.0
-1.3,1.52,0.0,0.0
-1.28,1.52,0.0,0.0
-1.26,1.52,0.0,0.0
-1.24,1.52,0.0,0.0
-1.22,1.52,0.0,0.0
-1.2,1.52,0.0,0.0
-1.18,1.52,0.0,0.0
-1.16,1.52,0.0,0.0
-1.14,1.52,0.0,0.0
-1.12,1.52,0.0,0.0
-1.1,1.52,0.0,0.0
-1.08,1.52,0.0,0.0
-1.06,1.52,0.0,0.0
-1.04,1.52,0.0,0.0
-1.02,1.52,0.0,0.0
-1.0,1.52,0.0,0.0
-0.98,1.52,0.0,0.0
-0.96,1.52,0.0,0.0
-0.94,1.52,0.0,0.0
-0.92,1.52,0.0,0.0
-0.9,1.52,0.0,0.0
-0.88,1.52,0.0,0.0
-0.86,1.52,0.0,0.0
-0.84,1.52,0.0,0.0
-0.82,1.52,0.0,0.0
-0.8,1.52,0.0,0.0
-0.78,1.52,0.0,0.0
-0.76,1.52,0.0,0.0
-0.74,1.52,0.0,0.0
-0.72,1.52,0.0,0.0
-0.7,1.52,0.0,0.0
-0.68,1.52,0.0,0.0
-0.66,1.52,0.0,0.0
-0.64,1.52,0.0,0.0
-0.62,1.52,0.0,0.0
-0.6,1.52,0.0,0.0
-0.58,1.52,0.0,0.0
-0.56,1.52,0.0,0.0
-0.54,1.52,0.0,0.0
-0.52,1.52,0.0,0.0
-0.5,1.52,0.0,0.0
-0.48,1.52,0.0,0.0
-0.46,1.52,0.0,0.0
-0.44,1.52,0.0,0.0
-0.42,1.52,0.0,0.0
-0.4,1.52,0.0,0.0
-0.38,1.52,0.0,0.0
-0.36,1.52,0.0,0.0
-0.34,1.52,0.0,0.0
-0.32,1.52,0.0,0.0
-0.3,1.52,0.0,0.0
-0.28,1.52,0.0,0.0
-0.26,1.52,0.0,0.0
-0.24,1.52,0.0,0.0
-0.22,1.52,0.0,0.0
-0.2,1.52,0.0,0.0
-0.18,1.52,0.0,0.0
-0.16,1.52,0.0,0.0
-0.14,1.52,0.0,0.0
-0.12,1.52,0.0,0.0
-0.1,1.52,0.0,0.0
-0.08,1.52,0.0,0.0
-0.06,1.52,0.0,0.0
-0.04,1.52,0.0,0.0
-0.02,1.52,0.0,0.0
0.0,1.52,0.0,0.0
0.02,1.52,0.0,0.0
0.04,1.52,0.0,0.0
0.06,1.52,0.0,0.0
0.08,1.52,0.0,0.0
0.1,1.52,0.0,0.0
0.12,1.52,0.0,0.0
0.14,1.52,0.0,0.0
0.16,1.52,0.0,0.0
0.18,1.52,0.0,0.0
0.2,1.52,0.0,0.0
0.22,1.52,0.0,0.0
0.24,1.52,0.0,0.0
0.26,1.52,0.0,0.0
0.28,1.52,0.0,0.0
0.3,1.52,0.0,0.0
0.32,1.52,0.0,0.0
0.34,1.52,0.0,0.0
0.36,1.52,0.0,0.0
0.38,1.52,0.0,0.0
0.4,1.52,0.0,0.0
0.42,1.52,0.0,0.0
0.44,1.52,0.0,0.0
0.46,1.52,0.0,0.0
0.48,1.52,0.0,0.0
0.5,1.52,0.0,0.0
0.52,1.52,0.0,0.0
0.54,1.52,0.0,0.0
0.56,1.52,0.0,0.0
0.58,1.52,0.0,0.0
0.6,1.52,0.0,0.0
0.62,1.52,0.0,1e-04
0.64,1.52,0.0,1e-04
0.66,1.52,0.0,1e-04
0.68,1.52,0.0,1e-04
0.7,1.52,0.0,1e-04
0.72,1.52,0.0,1e-04
0.74,1.52,0.0,1e-04
0.76,1.52,0.0,0.0
0.78,1.52,0.0,0.0
0.8,1.52,0.0,0.0
0.82,1.52,0.0,0.0
0.84,1.52,0.0,0.0
0.86,1.52,0.0,0.0
0.88,1.52,0.0,0.0
0.9,1.52,0.0,0.0
0.92,1.52,0.0,0.0
0.94,1.52,0.0,0.0
0.96,1.52,0.0,0.0
0.98,1.52,0.0,0.0
1.0,1.52,0.0,0.0
1.02,1.52,0.0,0.0
1.04,1.52,0.0,0.0
1.06,1.52,0.0,0.0
1.08,1.52,0.0,0.0
1.1,1.52,0.0,0.0
1.12,1.52,0.0,0.0
1.14,1.52,0.0,0.0
1.16,1.52,0.0,0.0
1.18,1.52,0.0,0.0
1.2,1.52,0.0,0.0
1.22,1.52,0.0,0.0
1.24,1.52,0.0,0.0
1.26,1.52,0.0,0.0
1.28,1.52,0.0,0.0
1.3,1.52,0.0,0.0
1.32,1.52,0.0,0.0
1.34,1.52,0.0,0.0
1.36,1.52,0.0,0.0
1.38,1.52,0.0,0.0
1.4,1.52,0.0,0.0
1.42,1.52,0.0,0.0
1.44,1.52,0.0,0.0
1.46,1.52,0.0,0.0
1.48,1.52,0.0,0.0
1.5,1.52,0.0,0.0
1.52,1.52,0.0,0.0
1.54,1.52,0.0,0.0
1.56,1.52,0.0,0.0
1.58,1.52,0.0,0.0
1.6,1.52,0.0,0.0
-1.6,1.54,0.0,0.0
-1.58,1.54,0.0,0.0
-1.56,1.54,0.0,0.0
-1.54,1.54,0.0,0.0
-1.52,1.54,0.0,0.0
-1.5,1.54,0.0,0.0
-1.48,1.54,0.0,0.0
-1.46,1.54,0.0,0.0
-1.44,1.54,0.0,0.0
-1.42,1.54,0.0,0.0
-1.4,1.54,0.0,0.0
-1.38,1.54,0.0,0.0
-1.36,1.54,0.0,0.0
-1.34,1.54,0.0,0.0
-1.32,1.54,0.0,0.0
-1.3,1.54,0.0,0.0
-1.28,1.54,0.0,0.0
-1.26,1.54,0.0,0.0
-1.24,1.54,0.0,0.0
-1.22,1.54,0.0,0.0
-1.2,1.54,0.0,0.0
-1.18,1.54,0.0,0.0
-1.16,1.54,0.0,0.0
-1.14,1.54,0.0,0.0
-1.12,1.54,0.0,0.0
-1.1,1.54,0.0,0.0
-1.08,1.54,0.0,0.0
-1.06,1.54,0.0,0.0
-1.04,1.54,0.0,0.0
-1.02,1.54,0.0,0.0
-1.0,1.54,0.0,0.0
-0.98,1.54,0.0,0.0
-0.96,1.54,0.0,0.0
-0.94,1.54,0.0,0.0
-0.92,1.54,0.0,0.0
-0.9,1.54,0.0,0.0
-0.88,1.54,0.0,0.0
-0.86,1.54,0.0,0.0
-0.84,1.54,0.0,0.0
-0.82,1.54,0.0,0.0
-0.8,1.54,0.0,0.0
-0.78,1.54,0.0,0.0
-0.76,1.54,0.0,0.0
-0.74,1.54,0.0,0.0
-0.72,1.54,0.0,0.0
-0.7,1.54,0.0,0.0
-0.68,1.54,0.0,0.0
-0.66,1.54,0.0,0.0
-0.64,1.54,0.0,0.0
-0.62,1.54,0.0,0.0
-0.6,1.54,0.0,0.0
-0.58,1.54,0.0,0.0
-0.56,1.54,0.0,0.0
-0.54,1.54,0.0,0.0
-0.52,1.54,0.0,0.0
-0.5,1.54,0.0,0.0
-0.48,1.54,0.0,0.0
-0.46,1.54,0.0,0.0
-0.44,1.54,0.0,0.0
-0.42,1.54,0.0,0.0
-0.4,1.54,0.0,0.0
-0.38,1.54,0.0,0.0
-0.36,1.54,0.0,0.0
-0.34,1.54,0.0,0.0
-0.32,1.54,0.0,0.0
-0.3,1.54,0.0,0.0
-0.28,1.54,0.0,0.0
-0.26,1.54,0.0,0.0
-0.24,1.54,0.0,0.0
-0.22,1.54,0.0,0.0
-0.2,1.54,0.0,0.0
-0.18,1.54,0.0,0.0
-0.16,1.54,0.0,0.0
-0.14,1.54,0.0,0.0
-0.12,1.54,0.0,0.0
-0.1,1.54,0.0,0.0
-0.08,1.54,0.0,0.0
-0.06,1.54,0.0,0.0
-0.04,1.54,0.0,0.0
-0.02,1.54,0.0,0.0
0.0,1.54,0.0,0.0
0.02,1.54,0.0,0.0
0.04,1.54,0.0,0.0
0.06,1.54,0.0,0.0
0.08,1.54,0.0,0.0
0.1,1.54,0.0,0.0
0.12,1.54,0.0,0.0
0.14,1.54,0.0,0.0
0.16,1.54,0.0,0.0
0.18,1.54,0.0,0.0
0.2,1.54,0.0,0.0
0.22,1.54,0.0,0.0
0.24,1.54,0.0,0.0
0.26,1.54,0.0,0.0
0.28,1.54,0.0,0.0
0.3,1.54,0.0,0.0
0.32,1.54,0.0,0.0
0.34,1.54,0.0,0.0
0.36,1.54,0.0,0.0
0.38,1.54,0.0,0.0
0.4,1.54,0.0,0.0
0.42,1.54,0.0,0.0
0.44,1.54,0.0,0.0
0.46,1.54,0.0,0.0
0.48,1.54,0.0,0.0
0.5,1.54,0.0,0.0
0.52,1.54,0.0,0.0
0.54,1.54,0.0,0.0
0.56,1.54,0.0,0.0
0.58,1.54,0.0,0.0
0.6,1.54,0.0,0.0
0.62,1.54,0.0,0.0
0.64,1.54,0.0,0.0
0.66,1.54,0.0,0.0
0.68,1.54,0.0,0.0
0.7,1.54,0.0,0.0
0.72,1.54,0.0,0.0
0.74,1.54,0.0,0.0
0.76,1.54,0.0,0.0
0.78,1.54,0.0,0.0
0.8,1.54,0.0,0.0
0.82,1.54,0.0,0.0
0.84,1.54,0.0,0.0
0.86,1.54,0.0,0.0
0.88,1.54,0.0,0.0
0.9,1.54,0.0,0.0
0.92,1.54,0.0,0.0
0.94,1.54,0.0,0.0
0.96,1.54,0.0,0.0
0.98,1.54,0.0,0.0
1.0,1.54,0.0,0.0
1.02,1.54,0.0,0.0
1.04,1.54,0.0,0.0
1.06,1.54,0.0,0.0
1.08,1.54,0.0,0.0
1.1,1.54,0.0,0.0
1.12,1.54,0.0,0.0
1.14,1.54,0.0,0.0
1.16,1.54,0.0,0.0
1.18,1.54,0.0,0.0
1.2,1.54,0.0,0.0
1.22,1.54,0.0,0.0
1.24,1.54,0.0,0.0
1.26,1.54,0.0,0.0
1.28,1.54,0.0,0.0
1.3,1.54,0.0,0.0
1.32,1.54,0.0,0.0
1.34,1.54,0.0,0.0
1.36,1.54,0.0,0.0
1.38,1.54,0.0,0.0
1.4,1.54,0.0,0.0
1.42,1.54,0.0,0.0
1.44,1.54,0.0,0.0
1.46,1.54,0.0,0.0
1.48,1.54,0.0,0.0
1.5,1.54,0.0,0.0
1.52,1.54,0.0,0.0
1.54,1.54,0.0,0.0
1.56,1.54,0.0,0.0
1.58,1.54,0.0,0.0
1.6,1.54,0.0,0.0
-1.6,1.56,0.0,0.0
-1.58,1.56,0.0,0.0
-1.56,1.56,0.0,0.0
-1.54,1.56,0.0,0.0
-1.52,1.56,0.0,0.0
-1.5,1.56,0.0,0.0
-1.48,1.56,0.0,0.0
-1.46,1.56,0.0,0.0
-1.44,1.56,0.0,0.0
-1.42,1.56,0.0,0.0
-1.4,1.56,0.0,0.0
-1.38,1.56,0.0,0.0
-1.36,1.56,0.0,0.0
-1.34,1.56,0.0,0.0
-1.32,1.56,0.0,0.0
-1.3,1.56,0.0,0.0
-1.28,1.56,0.0,0.0
-1.26,1.56,0.0,0.0
-1.24,1.56,0.0,0.0
-1.22,1.56,0.0,0.0
-1.2,1.56,0.0,0.0
-1.18,1.56,0.0,0.0
-1.16,1.56,0.0,0.0
-1.14,1.56,0.0,0.0
-1.12,1.56,0.0,0.0
-1.1,1.56,0.0,0.0
-1.08,1.56,0.0,0.0
-1.06,1.56,0.0,0.0
-1.04,1.56,0.0,0.0
-1.02,1.56,0.0,0.0
-1.0,1.56,0.0,0.0
-0.98,1.56,0.0,0.0
-0.96,1.56,0.0,0.0
-0.94,1.56,0.0,0.0
-0.92,1.56,0.0,0.0
-0.9,1.56,0.0,0.0
-0.88,1.56,0.0,0.0
-0.86,1.56,0.0,0.0
-0.84,1.56,0.0,0.0
-0.82,1.56,0.0,0.0
-0.8,1.56,0.0,0.0
-0.78,1.56,0.0,0.0
-0.76,1.56,0.0,0.0
-0.74,1.56,0.0,0.0
-0.72,1.56,0.0,0.0
-0.7,1.56,0.0,0.0
-0.68,1.56,0.0,0.0
-0.66,1.56,0.0,0.0
-0.64,1.56,0.0,0.0
-0.62,1.56,0.0,0.0
-0.6,1.56,0.0,0.0
-0.58,1.56,0.0,0.0
-0.56,1.56,0.0,0.0
-0.54,1.56,0.0,0.0
-0.52,1.56,0.0,0.0
-0.5,1.56,0.0,0.0
-0.48,1.56,0.0,0.0
-0.46,1.56,0.0,0.0
-0.44,1.56,0.0,0.0
-0.42,1.56,0.0,0.0
-0.4,1.56,0.0,0.0
-0.38,1.56,0.0,0.0
-0.36,1.56,0.0,0.0
-0.34,1.56,0.0,0.0
-0.32,1.56,0.0,0.0
-0.3,1.56,0.0,0.0
-0.28,1.56,0.0,0.0
-0.26,1.56,0.0,0.0
-0.24,1.56,0.0,0.0
-0.22,1.56,0.0,0.0
-0.2,1.56,0.0,0.0
-0.18,1.56,0.0,0.0
-0.16,1.56,0.0,0.0
-0.14,1.56,0.0,0.0
-0.12,1.56,0.0,0.0
-0.1,1.56,0.0,0.0
-0.08,1.56,0.0,0.0
-0.06,1.56,0.0,0.0
-0.04,1.56,0.0,0.0
-0.02,1.56,0.0,0.0
0.0,1.56,0.0,0.0
0.02,1.56,0.0,0.0
0.04,1.56,0.0,0.0
0.06,1.56,0.0,0.0
0.08,1.56,0.0,0.0
0.1,1.56,0.0,0.0
0.12,1.56,0.0,0.0
0.14,1.56,0.0,0.0
0.16,1.56,0.0,0.0
0.18,1.56,0.0,0.0
0.2,1.56,0.0,0.0
0.22,1.56,0.0,0.0
0.24,1.56,0.0,0.0
0.26,1.56,0.0,0.0
0.28,1.56,0.0,0.0
0.3,1.56,0.0,0.0
0.32,1.56,0.0,0.0
0.34,1.56,0.0,0.0
0.36,1.56,0.0,0.0
0.38,1.56,0.0,0.0
0.4,1.56,0.0,0.0
0.42,1.56,0.0,0.0
0.44,1.56,0.0,0.0
0.46,1.56,0.0,0.0
0.48,1.56,0.0,0.0
0.5,1.56,0.0,0.0
0.52,1.56,0.0,0.0
0.54,1.56,0.0,0.0
0.56,1.56,0.0,0.0
0.58,1.56,0.0,0.0
0.6,1.56,0.0,0.0
0.62,1.56,0.0,0.0
0.64,1.56,0.0,0.0
0.66,1.56,0.0,0.0
0.68,1.56,0.0,0.0
0.7,1.56,0.0,0.0
0.72,1.56,0.0,0.0
0.74,1.56,0.0,0.0
0.76,1.56,0.0,0.0
0.78,1.56,0.0,0.0
0.8,1.56,0.0,0.0
0.82,1.56,0.0,0.0
0.84,1.56,0.0,0.0
0.86,1.56,0.0,0.0
0.88,1.56,0.0,0.0
0.9,1.56,0.0,0.0
0.92,1.56,0.0,0.0
0.94,1.56,0.0,0.0
0.96,1.56,0.0,0.0
0.98,1.56,0.0,0.0
1.0,1.56,0.0,0.0
1.02,1.56,0.0,0.0
1.04,1.56,0.0,0.0
1.06,1.56,0.0,0.0
1.08,1.56,0.0,0.0
1.1,1.56,0.0,0.0
1.12,1.56,0.0,0.0
1.14,1.56,0.0,0.0
1.16,1.56,0.0,0.0
1.18,1.56,0.0,0.0
1.2,1.56,0.0,0.0
1.22,1.56,0.0,0.0
1.24,1.56,0.0,0.0
1.26,1.56,0.0,0.0
1.28,1.56,0.0,0.0
1.3,1.56,0.0,0.0
1.32,1.56,0.0,0.0
1.34,1.56,0.0,0.0
1.36,1.56,0.0,0.0
1.38,1.56,0.0,0.0
1.4,1.56,0.0,0.0
1.42,1.56,0.0,0.0
1.44,1.56,0.0,0.0
1.46,1.56,0.0,0.0
1.48,1.56,0.0,0.0
1.5,1.56,0.0,0.0
1.52,1.56,0.0,0.0
1.54,1.56,0.0,0.0
1.56,1.56,0.0,0.0
1.58,1.56,0.0,0.0
1.6,1.56,0.0,0.0
-1.6,1.58,0.0,0.0
-1.58,1.58,0.0,0.0
-1.56,1.58,0.0,0.0
-1.54,1.58,0.0,0.0
-1.52,1.58,0.0,0.0
-1.5,1.58,0.0,0.0
-1.48,1.58,0.0,0.0
-1.46,1.58,0.0,0.0
-1.44,1.58,0.0,0.0
-1.42,1.58,0.0,0.0
-1.4,1.58,0.0,0.0
-1.38,1.58,0.0,0.0
-1.36,1.58,0.0,0.0
-1.34,1.58,0.0,0.0
-1.32,1.58,0.0,0.0
-1.3,1.58,0.0,0.0
-1.28,1.58,0.0,0.0
-1.26,1.58,0.0,0.0
-1.24,1.58,0.0,0.0
-1.22,1.58,0.0,0.0
-1.2,1.58,0.0,0.0
-1.18,1.58,0.0,0.0
-1.16,1.58,0.0,0.0
-1.14,1.58,0.0,0.0
-1.12,1.58,0.0,0.0
-1.1,1.58,0.0,0.0
-1.08,1.58,0.0,0.0
-1.06,1.58,0.0,0.0
-1.04,1.58,0.0,0.0
-1.02,1.58,0.0,0.0
-1.0,1.58,0.0,0.0
-0.98,1.58,0.0,0.0
-0.96,1.58,0.0,0.0
-0.94,1.58,0.0,0.0
-0.92,1.58,0.0,0.0
-0.9,1.58,0.0,0.0
-0.88,1.58,0.0,0.0
-0.86,1.58,0.0,0.0
-0.84,1.58,0.0,0.0
-0.82,1.58,0.0,0.0
-0.8,1.58,0.0,0.0
-0.78,1.58,0.0,0.0
-0.76,1.58,0.0,0.0
-0.74,1.58,0.0,0.0
-0.72,1.58,0.0,0.0
-0.7,1.58,0.0,0.0
-0.68,1.58,0.0,0.0
-0.66,1.58,0.0,0.0
-0.64,1.58,0.0,0.0
-0.62,1.58,0.0,0.0
-0.6,1.58,0.0,0.0
-0.58,1.58,0.0,0.0
-0.56,1.58,0.0,0.0
-0.54,1.58,0.0,0.0
-0.52,1.58,0.0,0.0
-0.5,1.58,0.0,0.0
-0.48,1.58,0.0,0.0
-0.46,1.58,0.0,0.0
-0.44,1.58,0.0,0.0
-0.42,1.58,0.0,0.0
-0.4,1.58,0.0,0.0
-0.38,1.58,0.0,0.0
-0.36,1.58,0.0,0.0
-0.34,1.58,0.0,0.0
-0.32,1.58,0.0,0.0
-0.3,1.58,0.0,0.0
-0.28,1.58,0.0,0.0
-0.26,1.58,0.0,0.0
-0.24,1.58,0.0,0.0
-0.22,1.58,0.0,0.0
-0.2,1.58,0.0,0.0
-0.18,1.58,0.0,0.0
-0.16,1.58,0.0,0.0
-0.14,1.58,0.0,0.0
-0.12,1.58,0.0,0.0
-0.1,1.58,0.0,0.0
-0.08,1.58,0.0,0.0
-0.06,1.58,0.0,0.0
-0.04,1.58,0.0,0.0
-0.02,1.58,0.0,0.0
0.0,1.58,0.0,0.0
0.02,1.58,0.0,0.0
0.04,1.58,0.0,0.0
0.06,1.58,0.0,0.0
0.08,1.58,0.0,0.0
0.1,1.58,0.0,0.0
0.12,1.58,0.0,0.0
0.14,1.58,0.0,0.0
0.16,1.58,0.0,0.0
0.18,1.58,0.0,0.0
0.2,1.58,0.0,0.0
0.22,1.58,0.0,0.0
0.24,1.58,0.0,0.0
0.26,1.58,0.0,0.0
0.28,1.58,0.0,0.0
0.3,1.58,0.0,0.0
0.32,1.58,0.0,0.0
0.34,1.58,0.0,0.0
0.36,1.58,0.0,0.0
0.38,1.58,0.0,0.0
0.4,1.58,0.0,0.0
0.42,1.58,0.0,0.0
0.44,1.58,0.0,0.0
0.46,1.58,0.0,0.0
0.48,1.58,0.0,0.0
0.5,1.58,0.0,0.0
0.52,1.58,0.0,0.0
0.54,1.58,0.0,0.0
0.56,1.58,0.0,0.0
0.58,1.58,0.0,0.0
0.6,1.58,0.0,0.0
0.62,1.58,0.0,0.0
0.64,1.58,0.0,0.0
0.66,1.58,0.0,0.0
0.68,1.58,0.0,0.0
0.7,1.58,0.0,0.0
0.72,1.58,0.0,0.0
0.74,1.58,0.0,0.0
0.76,1.58,0.0,0.0
0.78,1.58,0.0,0.0
0.8,1.58,0.0,0.0
0.82,1.58,0.0,0.0
0.84,1.58,0.0,0.0
0.86,1.58,0.0,0.0
0.88,1.58,0.0,0.0
0.9,1.58,0.0,0.0
0.92,1.58,0.0,0.0
0.94,1.58,0.0,0.0
0.96,1.58,0.0,0.0
0.98,1.58,0.0,0.0
1.0,1.58,0.0,0.0
1.02,1.58,0.0,0.0
1.04,1.58,0.0,0.0
1.06,1.58,0.0,0.0
1.08,1.58,0.0,0.0
1.1,1.58,0.0,0.0
1.12,1.58,0.0,0.0
1.14,1.58,0.0,0.0
1.16,1.58,0.0,0.0
1.18,1.58,0.0,0.0
1.2,1.58,0.0,0.0
1.22,1.58,0.0,0.0
1.24,1.58,0.0,0.0
1.26,1.58,0.0,0.0
1.28,1.58,0.0,0.0
1.3,1.58,0.0,0.0
1.32,1.58,0.0,0.0
1.34,1.58,0.0,0.0
1.36,1.58,0.0,0.0
1.38,1.58,0.0,0.0
1.4,1.58,0.0,0.0
1.42,1.58,0.0,0.0
1.44,1.58,0.0,0.0
1.46,1.58,0.0,0.0
1.48,1.58,0.0,0.0
1.5,1.58,0.0,0.0
1.52,1.58,0.0,0.0
1.54,1.58,0.0,0.0
1.56,1.58,0.0,0.0
1.58,1.58,0.0,0.0
1.6,1.58,0.0,0.0
-1.6,1.6,0.0,0.0
-1.58,1.6,0.0,0.0
-1.56,1.6,0.0,0.0
-1.54,1.6,0.0,0.0
-1.52,1.6,0.0,0.0
-1.5,1.6,0.0,0.0
-1.48,1.6,0.0,0.0
-1.46,1.6,0.0,0.0
-1.44,1.6,0.0,0.0
-1.42,1.6,0.0,0.0
-1.4,1.6,0.0,0.0
-1.38,1.6,0.0,0.0
-1.36,1.6,0.0,0.0
-1.34,1.6,0.0,0.0
-1.32,1.6,0.0,0.0
-1.3,1.6,0.0,0.0
-1.28,1.6,0.0,0.0
-1.26,1.6,0.0,0.0
-1.24,1.6,0.0,0.0
-1.22,1.6,0.0,0.0
-1.2,1.6,0.0,0.0
-1.18,1.6,0.0,0.0
-1.16,1.6,0.0,0.0
-1.14,1.6,0.0,0.0
-1.12,1.6,0.0,0.0
-1.1,1.6,0.0,0.0
-1.08,1.6,0.0,0.0
-1.06,1.6,0.0,0.0
-1.04,1.6,0.0,0.0
-1.02,1.6,0.0,0.0
-1.0,1.6,0.0,0.0
-0.98,1.6,0.0,0.0
-0.96,1.6,0.0,0.0
-0.94,1.6,0.0,0.0
-0.92,1.6,0.0,0.0
-0.9,1.6,0.0,0.0
-0.88,1.6,0.0,0.0
-0.86,1.6,0.0,0.0
-0.84,1.6,0.0,0.0
-0.82,1.6,0.0,0.0
-0.8,1.6,0.0,0.0
-0.78,1.6,0.0,0.0
-0.76,1.6,0.0,0.0
-0.74,1.6,0.0,0.0
-0.72,1.6,0.0,0.0
-0.7,1.6,0.0,0.0
-0.68,1.6,0.0,0.0
-0.66,1.6,0.0,0.0
-0.64,1.6,0.0,0.0
-0.62,1.6,0.0,0.0
-0.6,1.6,0.0,0.0
-0.58,1.6,0.0,0.0
-0.56,1.6,0.0,0.0
-0.54,1.6,0.0,0.0
-0.52,1.6,0.0,0.0
-0.5,1.6,0.0,0.0
-0.48,1.6,0.0,0.0
-0.46,1.6,0.0,0.0
-0.44,1.6,0.0,0.0
-0.42,1.6,0.0,0.0
-0.4,1.6,0.0,0.0
-0.38,1.6,0.0,0.0
-0.36,1.6,0.0,0.0
-0.34,1.6,0.0,0.0
-0.32,1.6,0.0,0.0
-0.3,1.6,0.0,0.0
-0.28,1.6,0.0,0.0
-0.26,1.6,0.0,0.0
-0.24,1.6,0.0,0.0
-0.22,1.6,0.0,0.0
-0.2,1.6,0.0,0.0
-0.18,1.6,0.0,0.0
-0.16,1.6,0.0,0.0
-0.14,1.6,0.0,0.0
-0.12,1.6,0.0,0.0
-0.1,1.6,0.0,0.0
-0.08,1.6,0.0,0.0
-0.06,1.6,0.0,0.0
-0.04,1.6,0.0,0.0
-0.02,1.6,0.0,0.0
0.0,1.6,0.0,0.0
0.02,1.6,0.0,0.0
0.04,1.6,0.0,0.0
0.06,1.6,0.0,0.0
0.08,1.6,0.0,0.0
0.1,1.6,0.0,0.0
0.12,1.6,0.0,0.0
0.14,1.6,0.0,0.0
0.16,1.6,0.0,0.0
0.18,1.6,0.0,0.0
0.2,1.6,0.0,0.0
0.22,1.6,0.0,0.0
0.24,1.6,0.0,0.0
0.26,1.6,0.0,0.0
0.28,1.6,0.0,0.0
0.3,1.6,0.0,0.0
0.32,1.6,0.0,0.0
0.34,1.6,0.0,0.0
0.36,1.6,0.0,0.0
0.38,1.6,0.0,0.0
0.4,1.6,0.0,0.0
0.42,1.6,0.0,0.0
0.44,1.6,0.0,0.0
0.46,1.6,0.0,0.0
0.48,1.6,0.0,0.0
0.5,1.6,0.0,0.0
0.52,1.6,0.0,0.0
0.54,1.6,0.0,0.0
0.56,1.6,0.0,0.0
0.58,1.6,0.0,0.0
0.6,1.6,0.0,0.0
0.62,1.6,0.0,0.0
0.64,1.6,0.0,0.0
0.66,1.6,0.0,0.0
0.68,1.6,0.0,0.0
0.7,1.6,0.0,0.0
0.72,1.6,0.0,0.0
0.74,1.6,0.0,0.0
0.76,1.6,0.0,0.0
0.78,1.6,0.0,0.0
0.8,1.6,0.0,0.0
0.82,1.6,0.0,0.0
0.84,1.6,0.0,0.0
0.86,1.6,0.0,0.0
0.88,1.6,0.0,0.0
0.9,1.6,0.0,0.0
0.92,1.6,0.0,0.0
0.94,1.6,0.0,0.0
0.96,1.6,0.0,0.0
0.98,1.6,0.0,0.0
1.0,1.6,0.0,0.0
1.02,1.6,0.0,0.0
1.04,1.6,0.0,0.0
1.06,1.6,0.0,0.0
1.08,1.6,0.0,0.0
1.1,1.6,0.0,0.0
1.12,1.6,0.0,0.0
1.14,1.6,0.0,0.0
1.16,1.6,0.0,0.0
1.18,1.6,0.0,0.0
1.2,1.6,0.0,0.0
1.22,1.6,0.0,0.0
1.24,1.6,0.0,0.0
1.26,1.6,0.0,0.0
1.28,1.6,0.0,0.0
1.3,1.6,0.0,0.0
1.32,1.6,0.0,0.0
1.34,1.6,0.0,0.0
1.36,1.6,0.0,0.0
1.38,1.6,0.0,0.0
1.4,1.6,0.0,0.0
1.42,1.6,0.0,0.0
1.44,1.6,0.0,0.0
1.46,1.6,0.0,0.0
1.48,1.6,0.0,0.0
1.5,1.6,0.0,0.0
1.52,1.6,0.0,0.0
1.54,1.6,0.0,0.0
1.56,1.6,0.0,0.0
1.58,1.6,0.0,0.0
1.6,1.6,0.0,0.0
