x1,x2,p=0,p=0.2,p=0.5
-4.0,-4.0,0.0,0.0,0.0
-3.95,-4.0,0.0,0.0,0.0
-3.9,-4.0,0.0,0.0,0.0
-3.85,-4.0,0.0,0.0,0.0
-3.8,-4.0,0.0,0.0,0.0
-3.75,-4.0,0.0,0.0,0.0
-3.7,-4.0,0.0,0.0,0.0
-3.65,-4.0,0.0,0.0,0.0
-3.6,-4.0,0.0,0.0,0.0
-3.55,-4.0,0.0,0.0,0.0
-3.5,-4.0,0.0,0.0,0.0
-3.45,-4.0,0.0,0.0,0.0
-3.4,-4.0,0.0,0.0,0.0
-3.35,-4.0,0.0,0.0,0.0
-3.3,-4.0,0.0,0.0,0.0
-3.25,-4.0,0.0,0.0,0.0
-3.2,-4.0,0.0,0.0,0.0
-3.15,-4.0,0.0,0.0,0.0
-3.1,-4.0,0.0,0.0,0.0
-3.05,-4.0,0.0,0.0,0.0
-3.0,-4.0,0.0,0.0,0.0
-2.95,-4.0,0.0,0.0,0.0
-2.9,-4.0,0.0,0.0,0.0
-2.85,-4.0,0.0,0.0,0.0
-2.8,-4.0,0.0,0.0,0.0
-2.75,-4.0,0.0,0.0,0.0
-2.7,-4.0,0.0,0.0,0.0
-2.65,-4.0,0.0,0.0,0.0
-2.6,-4.0,0.0,0.0,0.0
-2.55,-4.0,0.0,0.0,0.0
-2.5,-4.0,0.0,0.0,0.0
-2.45,-4.0,0.0,0.0,0.0
-2.4,-4.0,0.0,0.0,0.0
-2.35,-4.0,0.0,0.0,0.0
-2.3,-4.0,0.0,0.0,0.0
-2.25,-4.0,0.0,0.0,0.0
-2.2,-4.0,0.0,0.0,0.0
-2.15,-4.0,0.0,0.0,0.0
-2.1,-4.0,0.0,0.0,0.0
-2.05,-4.0,0.0,0.0,0.0
-2.0,-4.0,0.0,0.0,0.0
-1.95,-4.0,0.0,0.0,0.0
-1.9,-4.0,0.0,0.0,0.0
-1.85,-4.0,0.0,0.0,0.0
-1.8,-4.0,0.0,0.0,0.0
-1.75,-4.0,0.0,0.0,0.0
-1.7,-4.0,0.0,0.0,0.0
-1.65,-4.0,0.0,0.0,0.0
-1.6,-4.0,0.0,0.0,0.0
-1.55,-4.0,0.0,0.0,0.0
-1.5,-4.0,0.0,0.0,0.0
-1.45,-4.0,0.0,0.0,0.0
-1.4,-4.0,0.0,0.0,0.0
-1.35,-4.0,0.0,0.0,0.0
-1.3,-4.0,0.0,0.0,0.0
-1.25,-4.0,0.0,0.0,0.0
-1.2,-4.0,0.0,0.0,0.0
-1.15,-4.0,0.0,0.0,0.0
-1.1,-4.0,0.0,0.0,0.0
-1.05,-4.0,0.0,0.0,0.0
-1.0,-4.0,0.0,0.0,0.0
-0.95,-4.0,0.0,0.0,0.0
-0.9,-4.0,0.0,0.0,0.0
-0.85,-4.0,0.0,0.0,0.0
-0.8,-4.0,0.0,0.0,0.0
-0.75,-4.0,0.0,0.0,0.0
-0.7,-4.0,0.0,0.0,0.0
-0.65,-4.0,0.0,0.0,0.0
-0.6,-4.0,0.0,0.0,0.0
-0.55,-4.0,0.0,0.0,0.0
-0.5,-4.0,0.0,0.0,0.0
-0.45,-4.0,0.0,0.0,0.0
-0.4,-4.0,0.0,0.0,0.0
-0.35,-4.0,0.0,0.0,0.0
-0.3,-4.0,0.0,0.0,0.0
-0.25,-4.0,0.0,0.0,0.0
-0.2,-4.0,0.0,0.0,0.0
-0.15,-4.0,0.0,0.0,0.0
-0.1,-4.0,0.0,0.0,0.0
-0.05,-4.0,0.0,0.0,0.0
0.0,-4.0,0.0,0.0,0.0
0.05,-4.0,0.0,0.0,0.0
0.1,-4.0,0.0,0.0,0.0
0.15,-4.0,0.0,0.0,0.0
0.2,-4.0,0.0,0.0,0.0
0.25,-4.0,0.0,0.0,0.0
0.3,-4.0,0.0,0.0,1e-04
0.35,-4.0,0.0,0.0,0.0002
0.4,-4.0,0.0,0.0,0.0007
0.45,-4.0,0.0,0.0,0.0022
0.5,-4.0,0.0,0.0,0.0043
0.55,-4.0,0.0,0.0,0.0075
0.6,-4.0,0.0,0.0,0.0109
0.65,-4.0,0.0,0.0,0.0127
0.7,-4.0,0.0,0.0,0.0147
0.75,-4.0,0.0,0.0,0.0169
0.8,-4.0,0.0,0.0,0.0195
0.85,-4.0,0.0,0.0,0.0224
0.9,-4.0,0.0,0.0,0.0257
0.95,-4.0,0.0,0.0,0.0294
1.0,-4.0,0.0,0.0,0.0338
1.05,-4.0,0.0,0.0,0.0388
1.1,-4.0,0.0,0.0,0.0442
1.15,-4.0,0.0,0.0,0.0498
1.2,-4.0,0.0,0.0,0.0536
1.25,-4.0,0.0,0.0,0.0575
1.3,-4.0,0.0,0.0,0.0616
1.35,-4.0,0.0,0.0,0.066
1.4,-4.0,0.0,0.0,0.0708
1.45,-4.0,0.0,0.0,0.0759
1.5,-4.0,0.0,0.0,0.0804
1.55,-4.0,0.0,0.0,0.0845
1.6,-4.0,0.0,0.0,0.0886
1.65,-4.0,0.0,0.0,0.0929
1.7,-4.0,0.0,0.0,0.0955
1.75,-4.0,0.0,0.0,0.0979
1.8,-4.0,0.0,0.0,0.1001
1.85,-4.0,0.0,0.0,0.1021
1.9,-4.0,0.0,0.0,0.1041
1.95,-4.0,0.0,0.0,0.1028
2.0,-4.0,0.0,0.0,0.0998
2.05,-4.0,0.0,0.0,0.096
2.1,-4.0,0.0,0.0,0.0924
2.15,-4.0,0.0,0.0,0.0898
2.2,-4.0,0.0,0.0,0.0874
2.25,-4.0,0.0,0.0,0.0853
2.3,-4.0,0.0,0.0,0.0827
2.35,-4.0,0.0,0.0,0.0801
2.4,-4.0,0.0,0.0,0.078
2.45,-4.0,0.0,0.0,0.0771
2.5,-4.0,0.0,0.0,0.0763
2.55,-4.0,0.0,0.0,0.0754
2.6,-4.0,0.0,0.0,0.0746
2.65,-4.0,0.0008,0.0,0.0737
2.7,-4.0,0.0205,0.0,0.073
2.75,-4.0,0.3593,0.0,0.0784
2.8,-4.0,0.9292,0.0,0.0843
2.85,-4.0,0.9967,0.0,0.0907
2.9,-4.0,0.9999,0.0,0.0974
2.95,-4.0,1.0,0.0,0.1051
3.0,-4.0,1.0,0.0,0.1132
3.05,-4.0,1.0,0.0,0.1218
3.1,-4.0,1.0,1e-04,0.131
3.15,-4.0,1.0,1e-04,0.1408
3.2,-4.0,1.0,0.0003,0.1549
3.25,-4.0,1.0,0.0014,0.1768
3.3,-4.0,1.0,0.0106,0.201
3.35,-4.0,1.0,0.0771,0.2277
3.4,-4.0,1.0,0.3948,0.2567
3.45,-4.0,1.0,0.8358,0.2881
3.5,-4.0,1.0,0.9754,0.3216
3.55,-4.0,1.0,0.9968,0.3571
3.6,-4.0,1.0,0.9996,0.3946
3.65,-4.0,1.0,0.9999,0.4334
3.7,-4.0,1.0,1.0,0.4731
3.75,-4.0,1.0,1.0,0.5131
3.8,-4.0,1.0,1.0,0.5529
3.85,-4.0,1.0,1.0,0.5937
3.9,-4.0,1.0,1.0,0.6396
3.95,-4.0,1.0,1.0,0.6882
4.0,-4.0,1.0,1.0,0.733
-4.0,-3.95,0.0,0.0,0.0
-3.95,-3.95,0.0,0.0,0.0
-3.9,-3.95,0.0,0.0,0.0
-3.85,-3.95,0.0,0.0,0.0
-3.8,-3.95,0.0,0.0,0.0
-3.75,-3.95,0.0,0.0,0.0
-3.7,-3.95,0.0,0.0,0.0
-3.65,-3.95,0.0,0.0,0.0
-3.6,-3.95,0.0,0.0,0.0
-3.55,-3.95,0.0,0.0,0.0
-3.5,-3.95,0.0,0.0,0.0
-3.45,-3.95,0.0,0.0,0.0
-3.4,-3.95,0.0,0.0,0.0
-3.35,-3.95,0.0,0.0,0.0
-3.3,-3.95,0.0,0.0,0.0
-3.25,-3.95,0.0,0.0,0.0
-3.2,-3.95,0.0,0.0,0.0
-3.15,-3.95,0.0,0.0,0.0
-3.1,-3.95,0.0,0.0,0.0
-3.05,-3.95,0.0,0.0,0.0
-3.0,-3.95,0.0,0.0,0.0
-2.95,-3.95,0.0,0.0,0.0
-2.9,-3.95,0.0,0.0,0.0
-2.85,-3.95,0.0,0.0,0.0
-2.8,-3.95,0.0,0.0,0.0
-2.75,-3.95,0.0,0.0,0.0
-2.7,-3.95,0.0,0.0,0.0
-2.65,-3.95,0.0,0.0,0.0
-2.6,-3.95,0.0,0.0,0.0
-2.55,-3.95,0.0,0.0,0.0
-2.5,-3.95,0.0,0.0,0.0
-2.45,-3.95,0.0,0.0,0.0
-2.4,-3.95,0.0,0.0,0.0
-2.35,-3.95,0.0,0.0,0.0
-2.3,-3.95,0.0,0.0,0.0
-2.25,-3.95,0.0,0.0,0.0
-2.2,-3.95,0.0,0.0,0.0
-2.15,-3.95,0.0,0.0,0.0
-2.1,-3.95,0.0,0.0,0.0
-2.05,-3.95,0.0,0.0,0.0
-2.0,-3.95,0.0,0.0,0.0
-1.95,-3.95,0.0,0.0,0.0
-1.9,-3.95,0.0,0.0,0.0
-1.85,-3.95,0.0,0.0,0.0
-1.8,-3.95,0.0,0.0,0.0
-1.75,-3.95,0.0,0.0,0.0
-1.7,-3.95,0.0,0.0,0.0
-1.65,-3.95,0.0,0.0,0.0
-1.6,-3.95,0.0,0.0,0.0
-1.55,-3.95,0.0,0.0,0.0
-1.5,-3.95,0.0,0.0,0.0
-1.45,-3.95,0.0,0.0,0.0
-1.4,-3.95,0.0,0.0,0.0
-1.35,-3.95,0.0,0.0,0.0
-1.3,-3.95,0.0,0.0,0.0
-1.25,-3.95,0.0,0.0,0.0
-1.2,-3.95,0.0,0.0,0.0
-1.15,-3.95,0.0,0.0,0.0
-1.1,-3.95,0.0,0.0,0.0
-1.05,-3.95,0.0,0.0,0.0
-1.0,-3.95,0.0,0.0,0.0
-0.95,-3.95,0.0,0.0,0.0
-0.9,-3.95,0.0,0.0,0.0
-0.85,-3.95,0.0,0.0,0.0
-0.8,-3.95,0.0,0.0,0.0
-0.75,-3.95,0.0,0.0,0.0
-0.7,-3.95,0.0,0.0,0.0
-0.65,-3.95,0.0,0.0,0.0
-0.6,-3.95,0.0,0.0,0.0
-0.55,-3.95,0.0,0.0,0.0
-0.5,-3.95,0.0,0.0,0.0
-0.45,-3.95,0.0,0.0,0.0
-0.4,-3.95,0.0,0.0,0.0
-0.35,-3.95,0.0,0.0,0.0
-0.3,-3.95,0.0,0.0,0.0
-0.25,-3.95,0.0,0.0,0.0
-0.2,-3.95,0.0,0.0,0.0
-0.15,-3.95,0.0,0.0,0.0
-0.1,-3.95,0.0,0.0,0.0
-0.05,-3.95,0.0,0.0,0.0
0.0,-3.95,0.0,0.0,0.0
0.05,-3.95,0.0,0.0,0.0
0.1,-3.95,0.0,0.0,0.0
0.15,-3.95,0.0,0.0,0.0
0.2,-3.95,0.0,0.0,0.0
0.25,-3.95,0.0,0.0,0.0
0.3,-3.95,0.0,0.0,1e-04
0.35,-3.95,0.0,0.0,0.0003
0.4,-3.95,0.0,0.0,0.001
0.45,-3.95,0.0,0.0,0.0028
0.5,-3.95,0.0,0.0,0.0053
0.55,-3.95,0.0,0.0,0.0093
0.6,-3.95,0.0,0.0,0.0128
0.65,-3.95,0.0,0.0,0.0148
0.7,-3.95,0.0,0.0,0.0171
0.75,-3.95,0.0,0.0,0.0197
0.8,-3.95,0.0,0.0,0.0227
0.85,-3.95,0.0,0.0,0.026
0.9,-3.95,0.0,0.0,0.0298
0.95,-3.95,0.0,0.0,0.0342
1.0,-3.95,0.0,0.0,0.0393
1.05,-3.95,0.0,0.0,0.0447
1.1,-3.95,0.0,0.0,0.0505
1.15,-3.95,0.0,0.0,0.0555
1.2,-3.95,0.0,0.0,0.0595
1.25,-3.95,0.0,0.0,0.0638
1.3,-3.95,0.0,0.0,0.0683
1.35,-3.95,0.0,0.0,0.0732
1.4,-3.95,0.0,0.0,0.0784
1.45,-3.95,0.0,0.0,0.0834
1.5,-3.95,0.0,0.0,0.088
1.55,-3.95,0.0,0.0,0.0922
1.6,-3.95,0.0,0.0,0.0967
1.65,-3.95,0.0,0.0,0.1
1.7,-3.95,0.0,0.0,0.1026
1.75,-3.95,0.0,0.0,0.1049
1.8,-3.95,0.0,0.0,0.1071
1.85,-3.95,0.0,0.0,0.1091
1.9,-3.95,0.0,0.0,0.1089
1.95,-3.95,0.0,0.0,0.1068
2.0,-3.95,0.0,0.0,0.1031
2.05,-3.95,0.0,0.0,0.0992
2.1,-3.95,0.0,0.0,0.096
2.15,-3.95,0.0,0.0,0.0934
2.2,-3.95,0.0,0.0,0.0911
2.25,-3.95,0.0,0.0,0.0885
2.3,-3.95,0.0,0.0,0.0856
2.35,-3.95,0.0,0.0,0.0829
2.4,-3.95,0.0,0.0,0.0815
2.45,-3.95,0.0,0.0,0.0806
2.5,-3.95,0.0,0.0,0.0797
2.55,-3.95,0.0,0.0,0.0788
2.6,-3.95,0.0002,0.0,0.0779
2.65,-3.95,0.0044,0.0,0.0769
2.7,-3.95,0.1088,0.0,0.0791
2.75,-3.95,0.7402,0.0,0.0851
2.8,-3.95,0.985,0.0,0.0914
2.85,-3.95,0.9993,0.0,0.0982
2.9,-3.95,1.0,0.0,0.1058
2.95,-3.95,1.0,0.0,0.1138
3.0,-3.95,1.0,0.0,0.1224
3.05,-3.95,1.0,1e-04,0.1316
3.1,-3.95,1.0,1e-04,0.1415
3.15,-3.95,1.0,0.0003,0.1523
3.2,-3.95,1.0,0.001,0.1739
3.25,-3.95,1.0,0.0077,0.1979
3.3,-3.95,1.0,0.0567,0.2242
3.35,-3.95,1.0,0.3195,0.253
3.4,-3.95,1.0,0.7855,0.2841
3.45,-3.95,1.0,0.9662,0.3174
3.5,-3.95,1.0,0.9955,0.3527
3.55,-3.95,1.0,0.9994,0.3896
3.6,-3.95,1.0,0.9999,0.4283
3.65,-3.95,1.0,1.0,0.4678
3.7,-3.95,1.0,1.0,0.5078
3.75,-3.95,1.0,1.0,0.5477
3.8,-3.95,1.0,1.0,0.5876
3.85,-3.95,1.0,1.0,0.6327
3.9,-3.95,1.0,1.0,0.6818
3.95,-3.95,1.0,1.0,0.7271
4.0,-3.95,1.0,1.0,0.7681
-4.0,-3.9,0.0,0.0,0.0
-3.95,-3.9,0.0,0.0,0.0
-3.9,-3.9,0.0,0.0,0.0
-3.85,-3.9,0.0,0.0,0.0
-3.8,-3.9,0.0,0.0,0.0
-3.75,-3.9,0.0,0.0,0.0
-3.7,-3.9,0.0,0.0,0.0
-3.65,-3.9,0.0,0.0,0.0
-3.6,-3.9,0.0,0.0,0.0
-3.55,-3.9,0.0,0.0,0.0
-3.5,-3.9,0.0,0.0,0.0
-3.45,-3.9,0.0,0.0,0.0
-3.4,-3.9,0.0,0.0,0.0
-3.35,-3.9,0.0,0.0,0.0
-3.3,-3.9,0.0,0.0,0.0
-3.25,-3.9,0.0,0.0,0.0
-3.2,-3.9,0.0,0.0,0.0
-3.15,-3.9,0.0,0.0,0.0
-3.1,-3.9,0.0,0.0,0.0
-3.05,-3.9,0.0,0.0,0.0
-3.0,-3.9,0.0,0.0,0.0
-2.95,-3.9,0.0,0.0,0.0
-2.9,-3.9,0.0,0.0,0.0
-2.85,-3.9,0.0,0.0,0.0
-2.8,-3.9,0.0,0.0,0.0
-2.75,-3.9,0.0,0.0,0.0
-2.7,-3.9,0.0,0.0,0.0
-2.65,-3.9,0.0,0.0,0.0
-2.6,-3.9,0.0,0.0,0.0
-2.55,-3.9,0.0,0.0,0.0
-2.5,-3.9,0.0,0.0,0.0
-2.45,-3.9,0.0,0.0,0.0
-2.4,-3.9,0.0,0.0,0.0
-2.35,-3.9,0.0,0.0,0.0
-2.3,-3.9,0.0,0.0,0.0
-2.25,-3.9,0.0,0.0,0.0
-2.2,-3.9,0.0,0.0,0.0
-2.15,-3.9,0.0,0.0,0.0
-2.1,-3.9,0.0,0.0,0.0
-2.05,-3.9,0.0,0.0,0.0
-2.0,-3.9,0.0,0.0,0.0
-1.95,-3.9,0.0,0.0,0.0
-1.9,-3.9,0.0,0.0,0.0
-1.85,-3.9,0.0,0.0,0.0
-1.8,-3.9,0.0,0.0,0.0
-1.75,-3.9,0.0,0.0,0.0
-1.7,-3.9,0.0,0.0,0.0
-1.65,-3.9,0.0,0.0,0.0
-1.6,-3.9,0.0,0.0,0.0
-1.55,-3.9,0.0,0.0,0.0
-1.5,-3.9,0.0,0.0,0.0
-1.45,-3.9,0.0,0.0,0.0
-1.4,-3.9,0.0,0.0,0.0
-1.35,-3.9,0.0,0.0,0.0
-1.3,-3.9,0.0,0.0,0.0
-1.25,-3.9,0.0,0.0,0.0
-1.2,-3.9,0.0,0.0,0.0
-1.15,-3.9,0.0,0.0,0.0
-1.1,-3.9,0.0,0.0,0.0
-1.05,-3.9,0.0,0.0,0.0
-1.0,-3.9,0.0,0.0,0.0
-0.95,-3.9,0.0,0.0,0.0
-0.9,-3.9,0.0,0.0,0.0
-0.85,-3.9,0.0,0.0,0.0
-0.8,-3.9,0.0,0.0,0.0
-0.75,-3.9,0.0,0.0,0.0
-0.7,-3.9,0.0,0.0,0.0
-0.65,-3.9,0.0,0.0,0.0
-0.6,-3.9,0.0,0.0,0.0
-0.55,-3.9,0.0,0.0,0.0
-0.5,-3.9,0.0,0.0,0.0
-0.45,-3.9,0.0,0.0,0.0
-0.4,-3.9,0.0,0.0,0.0
-0.35,-3.9,0.0,0.0,0.0
-0.3,-3.9,0.0,0.0,0.0
-0.25,-3.9,0.0,0.0,0.0
-0.2,-3.9,0.0,0.0,0.0
-0.15,-3.9,0.0,0.0,0.0
-0.1,-3.9,0.0,0.0,0.0
-0.05,-3.9,0.0,0.0,0.0
0.0,-3.9,0.0,0.0,0.0
0.05,-3.9,0.0,0.0,0.0
0.1,-3.9,0.0,0.0,0.0
0.15,-3.9,0.0,0.0,0.0
0.2,-3.9,0.0,0.0,0.0
0.25,-3.9,0.0,0.0,0.0
0.3,-3.9,0.0,0.0,1e-04
0.35,-3.9,0.0,0.0,0.0004
0.4,-3.9,0.0,0.0,0.0013
0.45,-3.9,0.0,0.0,0.0036
0.5,-3.9,0.0,0.0,0.0066
0.55,-3.9,0.0,0.0,0.0116
0.6,-3.9,0.0,0.0,0.0149
0.65,-3.9,0.0,0.0,0.0172
0.7,-3.9,0.0,0.0,0.0199
0.75,-3.9,0.0,0.0,0.0229
0.8,-3.9,0.0,0.0,0.0264
0.85,-3.9,0.0,0.0,0.0302
0.9,-3.9,0.0,0.0,0.0346
0.95,-3.9,0.0,0.0,0.0397
1.0,-3.9,0.0,0.0,0.0453
1.05,-3.9,0.0,0.0,0.0511
1.1,-3.9,0.0,0.0,0.0574
1.15,-3.9,0.0,0.0,0.0616
1.2,-3.9,0.0,0.0,0.066
1.25,-3.9,0.0,0.0,0.0707
1.3,-3.9,0.0,0.0,0.0757
1.35,-3.9,0.0,0.0,0.0811
1.4,-3.9,0.0,0.0,0.0866
1.45,-3.9,0.0,0.0,0.0916
1.5,-3.9,0.0,0.0,0.096
1.55,-3.9,0.0,0.0,0.1006
1.6,-3.9,0.0,0.0,0.1047
1.65,-3.9,0.0,0.0,0.1074
1.7,-3.9,0.0,0.0,0.11
1.75,-3.9,0.0,0.0,0.1123
1.8,-3.9,0.0,0.0,0.1144
1.85,-3.9,0.0,0.0,0.1152
1.9,-3.9,0.0,0.0,0.1132
1.95,-3.9,0.0,0.0,0.1107
2.0,-3.9,0.0,0.0,0.1066
2.05,-3.9,0.0,0.0,0.1026
2.1,-3.9,0.0,0.0,0.0999
2.15,-3.9,0.0,0.0,0.0972
2.2,-3.9,0.0,0.0,0.0946
2.25,-3.9,0.0,0.0,0.0916
2.3,-3.9,0.0,0.0,0.0887
2.35,-3.9,0.0,0.0,0.086
2.4,-3.9,0.0,0.0,0.0851
2.45,-3.9,0.0,0.0,0.0841
2.5,-3.9,0.0,0.0,0.0832
2.55,-3.9,0.0,0.0,0.0822
2.6,-3.9,0.001,0.0,0.0812
2.65,-3.9,0.0258,0.0,0.0805
2.7,-3.9,0.382,0.0,0.0858
2.75,-3.9,0.9342,0.0,0.0922
2.8,-3.9,0.9969,0.0,0.0991
2.85,-3.9,0.9999,0.0,0.1064
2.9,-3.9,1.0,0.0,0.1145
2.95,-3.9,1.0,0.0,0.1231
3.0,-3.9,1.0,1e-04,0.1322
3.05,-3.9,1.0,1e-04,0.1421
3.1,-3.9,1.0,0.0003,0.1525
3.15,-3.9,1.0,0.0007,0.1711
3.2,-3.9,1.0,0.0055,0.1948
3.25,-3.9,1.0,0.0415,0.2209
3.3,-3.9,1.0,0.2525,0.2493
3.35,-3.9,1.0,0.725,0.2801
3.4,-3.9,1.0,0.9536,0.3132
3.45,-3.9,1.0,0.9938,0.3482
3.5,-3.9,1.0,0.9992,0.385
3.55,-3.9,1.0,0.9999,0.4231
3.6,-3.9,1.0,1.0,0.4626
3.65,-3.9,1.0,1.0,0.5026
3.7,-3.9,1.0,1.0,0.5425
3.75,-3.9,1.0,1.0,0.5812
3.8,-3.9,1.0,1.0,0.6257
3.85,-3.9,1.0,1.0,0.6752
3.9,-3.9,1.0,1.0,0.7211
3.95,-3.9,1.0,1.0,0.7628
4.0,-3.9,1.0,1.0,0.7999
-4.0,-3.85,0.0,0.0,0.0
-3.95,-3.85,0.0,0.0,0.0
-3.9,-3.85,0.0,0.0,0.0
-3.85,-3.85,0.0,0.0,0.0
-3.8,-3.85,0.0,0.0,0.0
-3.75,-3.85,0.0,0.0,0.0
-3.7,-3.85,0.0,0.0,0.0
-3.65,-3.85,0.0,0.0,0.0
-3.6,-3.85,0.0,0.0,0.0
-3.55,-3.85,0.0,0.0,0.0
-3.5,-3.85,0.0,0.0,0.0
-3.45,-3.85,0.0,0.0,0.0
-3.4,-3.85,0.0,0.0,0.0
-3.35,-3.85,0.0,0.0,0.0
-3.3,-3.85,0.0,0.0,0.0
-3.25,-3.85,0.0,0.0,0.0
-3.2,-3.85,0.0,0.0,0.0
-3.15,-3.85,0.0,0.0,0.0
-3.1,-3.85,0.0,0.0,0.0
-3.05,-3.85,0.0,0.0,0.0
-3.0,-3.85,0.0,0.0,0.0
-2.95,-3.85,0.0,0.0,0.0
-2.9,-3.85,0.0,0.0,0.0
-2.85,-3.85,0.0,0.0,0.0
-2.8,-3.85,0.0,0.0,0.0
-2.75,-3.85,0.0,0.0,0.0
-2.7,-3.85,0.0,0.0,0.0
-2.65,-3.85,0.0,0.0,0.0
-2.6,-3.85,0.0,0.0,0.0
-2.55,-3.85,0.0,0.0,0.0
-2.5,-3.85,0.0,0.0,0.0
-2.45,-3.85,0.0,0.0,0.0
-2.4,-3.85,0.0,0.0,0.0
-2.35,-3.85,0.0,0.0,0.0
-2.3,-3.85,0.0,0.0,0.0
-2.25,-3.85,0.0,0.0,0.0
-2.2,-3.85,0.0,0.0,0.0
-2.15,-3.85,0.0,0.0,0.0
-2.1,-3.85,0.0,0.0,0.0
-2.05,-3.85,0.0,0.0,0.0
-2.0,-3.85,0.0,0.0,0.0
-1.95,-3.85,0.0,0.0,0.0
-1.9,-3.85,0.0,0.0,0.0
-1.85,-3.85,0.0,0.0,0.0
-1.8,-3.85,0.0,0.0,0.0
-1.75,-3.85,0.0,0.0,0.0
-1.7,-3.85,0.0,0.0,0.0
-1.65,-3.85,0.0,0.0,0.0
-1.6,-3.85,0.0,0.0,0.0
-1.55,-3.85,0.0,0.0,0.0
-1.5,-3.85,0.0,0.0,0.0
-1.45,-3.85,0.0,0.0,0.0
-1.4,-3.85,0.0,0.0,0.0
-1.35,-3.85,0.0,0.0,0.0
-1.3,-3.85,0.0,0.0,0.0
-1.25,-3.85,0.0,0.0,0.0
-1.2,-3.85,0.0,0.0,0.0
-1.15,-3.85,0.0,0.0,0.0
-1.1,-3.85,0.0,0.0,0.0
-1.05,-3.85,0.0,0.0,0.0
-1.0,-3.85,0.0,0.0,0.0
-0.95,-3.85,0.0,0.0,0.0
-0.9,-3.85,0.0,0.0,0.0
-0.85,-3.85,0.0,0.0,0.0
-0.8,-3.85,0.0,0.0,0.0
-0.75,-3.85,0.0,0.0,0.0
-0.7,-3.85,0.0,0.0,0.0
-0.65,-3.85,0.0,0.0,0.0
-0.6,-3.85,0.0,0.0,0.0
-0.55,-3.85,0.0,0.0,0.0
-0.5,-3.85,0.0,0.0,0.0
-0.45,-3.85,0.0,0.0,0.0
-0.4,-3.85,0.0,0.0,0.0
-0.35,-3.85,0.0,0.0,0.0
-0.3,-3.85,0.0,0.0,0.0
-0.25,-3.85,0.0,0.0,0.0
-0.2,-3.85,0.0,0.0,0.0
-0.15,-3.85,0.0,0.0,0.0
-0.1,-3.85,0.0,0.0,0.0
-0.05,-3.85,0.0,0.0,0.0
0.0,-3.85,0.0,0.0,0.0
0.05,-3.85,0.0,0.0,0.0
0.1,-3.85,0.0,0.0,0.0
0.15,-3.85,0.0,0.0,0.0
0.2,-3.85,0.0,0.0,0.0
0.25,-3.85,0.0,0.0,0.0
0.3,-3.85,0.0,0.0,1e-04
0.35,-3.85,0.0,0.0,0.0005
0.4,-3.85,0.0,0.0,0.0017
0.45,-3.85,0.0,0.0,0.0045
0.5,-3.85,0.0,0.0,0.0081
0.55,-3.85,0.0,0.0,0.0141
0.6,-3.85,0.0,0.0,0.0174
0.65,-3.85,0.0,0.0,0.02
0.7,-3.85,0.0,0.0,0.0231
0.75,-3.85,0.0,0.0,0.0267
0.8,-3.85,0.0,0.0,0.0306
0.85,-3.85,0.0,0.0,0.0351
0.9,-3.85,0.0,0.0,0.0402
0.95,-3.85,0.0,0.0,0.0459
1.0,-3.85,0.0,0.0,0.0518
1.05,-3.85,0.0,0.0,0.0584
1.1,-3.85,0.0,0.0,0.0638
1.15,-3.85,0.0,0.0,0.0683
1.2,-3.85,0.0,0.0,0.0732
1.25,-3.85,0.0,0.0,0.0784
1.3,-3.85,0.0,0.0,0.0839
1.35,-3.85,0.0,0.0,0.0897
1.4,-3.85,0.0,0.0,0.095
1.45,-3.85,0.0,0.0,0.0999
1.5,-3.85,0.0,0.0,0.1046
1.55,-3.85,0.0,0.0,0.1094
1.6,-3.85,0.0,0.0,0.1124
1.65,-3.85,0.0,0.0,0.1152
1.7,-3.85,0.0,0.0,0.1177
1.75,-3.85,0.0,0.0,0.1199
1.8,-3.85,0.0,0.0,0.1219
1.85,-3.85,0.0,0.0,0.1199
1.9,-3.85,0.0,0.0,0.1174
1.95,-3.85,0.0,0.0,0.1144
2.0,-3.85,0.0,0.0,0.1101
2.05,-3.85,0.0,0.0,0.1067
2.1,-3.85,0.0,0.0,0.1039
2.15,-3.85,0.0,0.0,0.1011
2.2,-3.85,0.0,0.0,0.0979
2.25,-3.85,0.0,0.0,0.0948
2.3,-3.85,0.0,0.0,0.0918
2.35,-3.85,0.0,0.0,0.0898
2.4,-3.85,0.0,0.0,0.0888
2.45,-3.85,0.0,0.0,0.0878
2.5,-3.85,0.0,0.0,0.0868
2.55,-3.85,0.0002,0.0,0.0858
2.6,-3.85,0.0057,0.0,0.0847
2.65,-3.85,0.1183,0.0,0.0871
2.7,-3.85,0.7551,0.0,0.093
2.75,-3.85,0.9861,0.0,0.0999
2.8,-3.85,0.9993,0.0,0.107
2.85,-3.85,1.0,0.0,0.1151
2.9,-3.85,1.0,0.0,0.1238
2.95,-3.85,1.0,1e-04,0.133
3.0,-3.85,1.0,1e-04,0.1427
3.05,-3.85,1.0,0.0003,0.1532
3.1,-3.85,1.0,0.0005,0.1684
3.15,-3.85,1.0,0.004,0.1917
3.2,-3.85,1.0,0.0302,0.2175
3.25,-3.85,1.0,0.1956,0.2457
3.3,-3.85,1.0,0.6549,0.2762
3.35,-3.85,1.0,0.9367,0.309
3.4,-3.85,1.0,0.9914,0.3438
3.45,-3.85,1.0,0.9989,0.3804
3.5,-3.85,1.0,0.9998,0.4183
3.55,-3.85,1.0,1.0,0.4574
3.6,-3.85,1.0,1.0,0.4973
3.65,-3.85,1.0,1.0,0.5373
3.7,-3.85,1.0,1.0,0.5756
3.75,-3.85,1.0,1.0,0.6187
3.8,-3.85,1.0,1.0,0.6686
3.85,-3.85,1.0,1.0,0.715
3.9,-3.85,1.0,1.0,0.7573
3.95,-3.85,1.0,1.0,0.7951
4.0,-3.85,1.0,1.0,0.8283
-4.0,-3.8,0.0,0.0,0.0
-3.95,-3.8,0.0,0.0,0.0
-3.9,-3.8,0.0,0.0,0.0
-3.85,-3.8,0.0,0.0,0.0
-3.8,-3.8,0.0,0.0,0.0
-3.75,-3.8,0.0,0.0,0.0
-3.7,-3.8,0.0,0.0,0.0
-3.65,-3.8,0.0,0.0,0.0
-3.6,-3.8,0.0,0.0,0.0
-3.55,-3.8,0.0,0.0,0.0
-3.5,-3.8,0.0,0.0,0.0
-3.45,-3.8,0.0,0.0,0.0
-3.4,-3.8,0.0,0.0,0.0
-3.35,-3.8,0.0,0.0,0.0
-3.3,-3.8,0.0,0.0,0.0
-3.25,-3.8,0.0,0.0,0.0
-3.2,-3.8,0.0,0.0,0.0
-3.15,-3.8,0.0,0.0,0.0
-3.1,-3.8,0.0,0.0,0.0
-3.05,-3.8,0.0,0.0,0.0
-3.0,-3.8,0.0,0.0,0.0
-2.95,-3.8,0.0,0.0,0.0
-2.9,-3.8,0.0,0.0,0.0
-2.85,-3.8,0.0,0.0,0.0
-2.8,-3.8,0.0,0.0,0.0
-2.75,-3.8,0.0,0.0,0.0
-2.7,-3.8,0.0,0.0,0.0
-2.65,-3.8,0.0,0.0,0.0
-2.6,-3.8,0.0,0.0,0.0
-2.55,-3.8,0.0,0.0,0.0
-2.5,-3.8,0.0,0.0,0.0
-2.45,-3.8,0.0,0.0,0.0
-2.4,-3.8,0.0,0.0,0.0
-2.35,-3.8,0.0,0.0,0.0
-2.3,-3.8,0.0,0.0,0.0
-2.25,-3.8,0.0,0.0,0.0
-2.2,-3.8,0.0,0.0,0.0
-2.15,-3.8,0.0,0.0,0.0
-2.1,-3.8,0.0,0.0,0.0
-2.05,-3.8,0.0,0.0,0.0
-2.0,-3.8,0.0,0.0,0.0
-1.95,-3.8,0.0,0.0,0.0
-1.9,-3.8,0.0,0.0,0.0
-1.85,-3.8,0.0,0.0,0.0
-1.8,-3.8,0.0,0.0,0.0
-1.75,-3.8,0.0,0.0,0.0
-1.7,-3.8,0.0,0.0,0.0
-1.65,-3.8,0.0,0.0,0.0
-1.6,-3.8,0.0,0.0,0.0
-1.55,-3.8,0.0,0.0,0.0
-1.5,-3.8,0.0,0.0,0.0
-1.45,-3.8,0.0,0.0,0.0
-1.4,-3.8,0.0,0.0,0.0
-1.35,-3.8,0.0,0.0,0.0
-1.3,-3.8,0.0,0.0,0.0
-1.25,-3.8,0.0,0.0,0.0
-1.2,-3.8,0.0,0.0,0.0
-1.15,-3.8,0.0,0.0,0.0
-1.1,-3.8,0.0,0.0,0.0
-1.05,-3.8,0.0,0.0,0.0
-1.0,-3.8,0.0,0.0,0.0
-0.95,-3.8,0.0,0.0,0.0
-0.9,-3.8,0.0,0.0,0.0
-0.85,-3.8,0.0,0.0,0.0
-0.8,-3.8,0.0,0.0,0.0
-0.75,-3.8,0.0,0.0,0.0
-0.7,-3.8,0.0,0.0,0.0
-0.65,-3.8,0.0,0.0,0.0
-0.6,-3.8,0.0,0.0,0.0
-0.55,-3.8,0.0,0.0,0.0
-0.5,-3.8,0.0,0.0,0.0
-0.45,-3.8,0.0,0.0,0.0
-0.4,-3.8,0.0,0.0,0.0
-0.35,-3.8,0.0,0.0,0.0
-0.3,-3.8,0.0,0.0,0.0
-0.25,-3.8,0.0,0.0,0.0
-0.2,-3.8,0.0,0.0,0.0
-0.15,-3.8,0.0,0.0,0.0
-0.1,-3.8,0.0,0.0,0.0
-0.05,-3.8,0.0,0.0,0.0
0.0,-3.8,0.0,0.0,0.0
0.05,-3.8,0.0,0.0,0.0
0.1,-3.8,0.0,0.0,0.0
0.15,-3.8,0.0,0.0,0.0
0.2,-3.8,0.0,0.0,0.0
0.25,-3.8,0.0,0.0,0.0
0.3,-3.8,0.0,0.0,0.0002
0.35,-3.8,0.0,0.0,0.0006
0.4,-3.8,0.0,0.0,0.0023
0.45,-3.8,0.0,0.0,0.0056
0.5,-3.8,0.0,0.0,0.0101
0.55,-3.8,0.0,0.0,0.0167
0.6,-3.8,0.0,0.0,0.0202
0.65,-3.8,0.0,0.0,0.0233
0.7,-3.8,0.0,0.0,0.0269
0.75,-3.8,0.0,0.0,0.031
0.8,-3.8,0.0,0.0,0.0355
0.85,-3.8,0.0,0.0,0.0407
0.9,-3.8,0.0,0.0,0.0464
0.95,-3.8,0.0,0.0,0.0524
1.0,-3.8,0.0,0.0,0.0591
1.05,-3.8,0.0,0.0,0.0659
1.1,-3.8,0.0,0.0,0.0707
1.15,-3.8,0.0,0.0,0.0757
1.2,-3.8,0.0,0.0,0.081
1.25,-3.8,0.0,0.0,0.0867
1.3,-3.8,0.0,0.0,0.0928
1.35,-3.8,0.0,0.0,0.0987
1.4,-3.8,0.0,0.0,0.104
1.45,-3.8,0.0,0.0,0.1089
1.5,-3.8,0.0,0.0,0.1139
1.55,-3.8,0.0,0.0,0.1176
1.6,-3.8,0.0,0.0,0.1206
1.65,-3.8,0.0,0.0,0.1232
1.7,-3.8,0.0,0.0,0.1256
1.75,-3.8,0.0,0.0,0.128
1.8,-3.8,0.0,0.0,0.1268
1.85,-3.8,0.0,0.0,0.1244
1.9,-3.8,0.0,0.0,0.1218
1.95,-3.8,0.0,0.0,0.1181
2.0,-3.8,0.0,0.0,0.1139
2.05,-3.8,0.0,0.0,0.111
2.1,-3.8,0.0,0.0,0.1079
2.15,-3.8,0.0,0.0,0.1046
2.2,-3.8,0.0,0.0,0.1013
2.25,-3.8,0.0,0.0,0.0981
2.3,-3.8,0.0,0.0,0.095
2.35,-3.8,0.0,0.0,0.0937
2.4,-3.8,0.0,0.0,0.0927
2.45,-3.8,0.0,0.0,0.0916
2.5,-3.8,1e-04,0.0,0.0905
2.55,-3.8,0.0012,0.0,0.0894
2.6,-3.8,0.0283,0.0,0.0892
2.65,-3.8,0.4008,0.0,0.0941
2.7,-3.8,0.9389,0.0,0.1006
2.75,-3.8,0.997,0.0,0.1078
2.8,-3.8,0.9999,0.0,0.1158
2.85,-3.8,1.0,0.0,0.1245
2.9,-3.8,1.0,1e-04,0.1337
2.95,-3.8,1.0,1e-04,0.1435
3.0,-3.8,1.0,0.0003,0.1539
3.05,-3.8,1.0,0.0005,0.1657
3.1,-3.8,1.0,0.0029,0.1887
3.15,-3.8,1.0,0.0219,0.2142
3.2,-3.8,1.0,0.1489,0.2421
3.25,-3.8,1.0,0.5773,0.2723
3.3,-3.8,1.0,0.9142,0.3048
3.35,-3.8,1.0,0.9881,0.3394
3.4,-3.8,1.0,0.9984,0.3758
3.45,-3.8,1.0,0.9998,0.4136
3.5,-3.8,1.0,1.0,0.4525
3.55,-3.8,1.0,1.0,0.4921
3.6,-3.8,1.0,1.0,0.5321
3.65,-3.8,1.0,1.0,0.57
3.7,-3.8,1.0,1.0,0.6116
3.75,-3.8,1.0,1.0,0.6619
3.8,-3.8,1.0,1.0,0.7089
3.85,-3.8,1.0,1.0,0.7518
3.9,-3.8,1.0,1.0,0.7902
3.95,-3.8,1.0,1.0,0.824
4.0,-3.8,1.0,1.0,0.8559
-4.0,-3.75,0.0,0.0,0.0
-3.95,-3.75,0.0,0.0,0.0
-3.9,-3.75,0.0,0.0,0.0
-3.85,-3.75,0.0,0.0,0.0
-3.8,-3.75,0.0,0.0,0.0
-3.75,-3.75,0.0,0.0,0.0
-3.7,-3.75,0.0,0.0,0.0
-3.65,-3.75,0.0,0.0,0.0
-3.6,-3.75,0.0,0.0,0.0
-3.55,-3.75,0.0,0.0,0.0
-3.5,-3.75,0.0,0.0,0.0
-3.45,-3.75,0.0,0.0,0.0
-3.4,-3.75,0.0,0.0,0.0
-3.35,-3.75,0.0,0.0,0.0
-3.3,-3.75,0.0,0.0,0.0
-3.25,-3.75,0.0,0.0,0.0
-3.2,-3.75,0.0,0.0,0.0
-3.15,-3.75,0.0,0.0,0.0
-3.1,-3.75,0.0,0.0,0.0
-3.05,-3.75,0.0,0.0,0.0
-3.0,-3.75,0.0,0.0,0.0
-2.95,-3.75,0.0,0.0,0.0
-2.9,-3.75,0.0,0.0,0.0
-2.85,-3.75,0.0,0.0,0.0
-2.8,-3.75,0.0,0.0,0.0
-2.75,-3.75,0.0,0.0,0.0
-2.7,-3.75,0.0,0.0,0.0
-2.65,-3.75,0.0,0.0,0.0
-2.6,-3.75,0.0,0.0,0.0
-2.55,-3.75,0.0,0.0,0.0
-2.5,-3.75,0.0,0.0,0.0
-2.45,-3.75,0.0,0.0,0.0
-2.4,-3.75,0.0,0.0,0.0
-2.35,-3.75,0.0,0.0,0.0
-2.3,-3.75,0.0,0.0,0.0
-2.25,-3.75,0.0,0.0,0.0
-2.2,-3.75,0.0,0.0,0.0
-2.15,-3.75,0.0,0.0,0.0
-2.1,-3.75,0.0,0.0,0.0
-2.05,-3.75,0.0,0.0,0.0
-2.0,-3.75,0.0,0.0,0.0
-1.95,-3.75,0.0,0.0,0.0
-1.9,-3.75,0.0,0.0,0.0
-1.85,-3.75,0.0,0.0,0.0
-1.8,-3.75,0.0,0.0,0.0
-1.75,-3.75,0.0,0.0,0.0
-1.7,-3.75,0.0,0.0,0.0
-1.65,-3.75,0.0,0.0,0.0
-1.6,-3.75,0.0,0.0,0.0
-1.55,-3.75,0.0,0.0,0.0
-1.5,-3.75,0.0,0.0,0.0
-1.45,-3.75,0.0,0.0,0.0
-1.4,-3.75,0.0,0.0,0.0
-1.35,-3.75,0.0,0.0,0.0
-1.3,-3.75,0.0,0.0,0.0
-1.25,-3.75,0.0,0.0,0.0
-1.2,-3.75,0.0,0.0,0.0
-1.15,-3.75,0.0,0.0,0.0
-1.1,-3.75,0.0,0.0,0.0
-1.05,-3.75,0.0,0.0,0.0
-1.0,-3.75,0.0,0.0,0.0
-0.95,-3.75,0.0,0.0,0.0
-0.9,-3.75,0.0,0.0,0.0
-0.85,-3.75,0.0,0.0,0.0
-0.8,-3.75,0.0,0.0,0.0
-0.75,-3.75,0.0,0.0,0.0
-0.7,-3.75,0.0,0.0,0.0
-0.65,-3.75,0.0,0.0,0.0
-0.6,-3.75,0.0,0.0,0.0
-0.55,-3.75,0.0,0.0,0.0
-0.5,-3.75,0.0,0.0,0.0
-0.45,-3.75,0.0,0.0,0.0
-0.4,-3.75,0.0,0.0,0.0
-0.35,-3.75,0.0,0.0,0.0
-0.3,-3.75,0.0,0.0,0.0
-0.25,-3.75,0.0,0.0,0.0
-0.2,-3.75,0.0,0.0,0.0
-0.15,-3.75,0.0,0.0,0.0
-0.1,-3.75,0.0,0.0,0.0
-0.05,-3.75,0.0,0.0,0.0
0.0,-3.75,0.0,0.0,0.0
0.05,-3.75,0.0,0.0,0.0
0.1,-3.75,0.0,0.0,0.0
0.15,-3.75,0.0,0.0,0.0
0.2,-3.75,0.0,0.0,0.0
0.25,-3.75,0.0,0.0,1e-04
0.3,-3.75,0.0,0.0,0.0002
0.35,-3.75,0.0,0.0,0.0009
0.4,-3.75,0.0,0.0,0.0031
0.45,-3.75,0.0,0.0,0.0071
0.5,-3.75,0.0,0.0,0.0125
0.55,-3.75,0.0,0.0,0.0197
0.6,-3.75,0.0,0.0,0.0235
0.65,-3.75,0.0,0.0,0.0271
0.7,-3.75,0.0,0.0,0.0312
0.75,-3.75,0.0,0.0,0.036
0.8,-3.75,0.0,0.0,0.0412
0.85,-3.75,0.0,0.0,0.047
0.9,-3.75,0.0,0.0,0.053
0.95,-3.75,0.0,0.0,0.0598
1.0,-3.75,0.0,0.0,0.0673
1.05,-3.75,0.0,0.0,0.0731
1.1,-3.75,0.0,0.0,0.0783
1.15,-3.75,0.0,0.0,0.0838
1.2,-3.75,0.0,0.0,0.0897
1.25,-3.75,0.0,0.0,0.0959
1.3,-3.75,0.0,0.0,0.1025
1.35,-3.75,0.0,0.0,0.1082
1.4,-3.75,0.0,0.0,0.1133
1.45,-3.75,0.0,0.0,0.1185
1.5,-3.75,0.0,0.0,0.1231
1.55,-3.75,0.0,0.0,0.1261
1.6,-3.75,0.0,0.0,0.129
1.65,-3.75,0.0,0.0,0.1316
1.7,-3.75,0.0,0.0,0.134
1.75,-3.75,0.0,0.0,0.1341
1.8,-3.75,0.0,0.0,0.1317
1.85,-3.75,0.0,0.0,0.1289
1.9,-3.75,0.0,0.0,0.1262
1.95,-3.75,0.0,0.0,0.1219
2.0,-3.75,0.0,0.0,0.1184
2.05,-3.75,0.0,0.0,0.1153
2.1,-3.75,0.0,0.0,0.1116
2.15,-3.75,0.0,0.0,0.1082
2.2,-3.75,0.0,0.0,0.1048
2.25,-3.75,0.0,0.0,0.1015
2.3,-3.75,0.0,0.0,0.0989
2.35,-3.75,0.0,0.0,0.0978
2.4,-3.75,0.0,0.0,0.0967
2.45,-3.75,0.0,0.0,0.0955
2.5,-3.75,0.0003,0.0,0.0944
2.55,-3.75,0.0063,0.0,0.0933
2.6,-3.75,0.1267,0.0,0.0962
2.65,-3.75,0.7694,0.0,0.1014
2.7,-3.75,0.9865,0.0,0.1086
2.75,-3.75,0.9994,0.0,0.1164
2.8,-3.75,1.0,0.0,0.1252
2.85,-3.75,1.0,1e-04,0.1344
2.9,-3.75,1.0,1e-04,0.1443
2.95,-3.75,1.0,0.0003,0.1547
3.0,-3.75,1.0,0.0005,0.1658
3.05,-3.75,1.0,0.0021,0.1858
3.1,-3.75,1.0,0.0159,0.2109
3.15,-3.75,1.0,0.1119,0.2385
3.2,-3.75,1.0,0.4957,0.2685
3.25,-3.75,1.0,0.8846,0.3007
3.3,-3.75,1.0,0.9836,0.335
3.35,-3.75,1.0,0.9978,0.3712
3.4,-3.75,1.0,0.9997,0.4088
3.45,-3.75,1.0,1.0,0.4476
3.5,-3.75,1.0,1.0,0.487
3.55,-3.75,1.0,1.0,0.5266
3.6,-3.75,1.0,1.0,0.5644
3.65,-3.75,1.0,1.0,0.6045
3.7,-3.75,1.0,1.0,0.6552
3.75,-3.75,1.0,1.0,0.7027
3.8,-3.75,1.0,1.0,0.7461
3.85,-3.75,1.0,1.0,0.7852
3.9,-3.75,1.0,1.0,0.8197
3.95,-3.75,1.0,1.0,0.8527
4.0,-3.75,1.0,1.0,0.8819
-4.0,-3.7,0.0,0.0,0.0
-3.95,-3.7,0.0,0.0,0.0
-3.9,-3.7,0.0,0.0,0.0
-3.85,-3.7,0.0,0.0,0.0
-3.8,-3.7,0.0,0.0,0.0
-3.75,-3.7,0.0,0.0,0.0
-3.7,-3.7,0.0,0.0,0.0
-3.65,-3.7,0.0,0.0,0.0
-3.6,-3.7,0.0,0.0,0.0
-3.55,-3.7,0.0,0.0,0.0
-3.5,-3.7,0.0,0.0,0.0
-3.45,-3.7,0.0,0.0,0.0
-3.4,-3.7,0.0,0.0,0.0
-3.35,-3.7,0.0,0.0,0.0
-3.3,-3.7,0.0,0.0,0.0
-3.25,-3.7,0.0,0.0,0.0
-3.2,-3.7,0.0,0.0,0.0
-3.15,-3.7,0.0,0.0,0.0
-3.1,-3.7,0.0,0.0,0.0
-3.05,-3.7,0.0,0.0,0.0
-3.0,-3.7,0.0,0.0,0.0
-2.95,-3.7,0.0,0.0,0.0
-2.9,-3.7,0.0,0.0,0.0
-2.85,-3.7,0.0,0.0,0.0
-2.8,-3.7,0.0,0.0,0.0
-2.75,-3.7,0.0,0.0,0.0
-2.7,-3.7,0.0,0.0,0.0
-2.65,-3.7,0.0,0.0,0.0
-2.6,-3.7,0.0,0.0,0.0
-2.55,-3.7,0.0,0.0,0.0
-2.5,-3.7,0.0,0.0,0.0
-2.45,-3.7,0.0,0.0,0.0
-2.4,-3.7,0.0,0.0,0.0
-2.35,-3.7,0.0,0.0,0.0
-2.3,-3.7,0.0,0.0,0.0
-2.25,-3.7,0.0,0.0,0.0
-2.2,-3.7,0.0,0.0,0.0
-2.15,-3.7,0.0,0.0,0.0
-2.1,-3.7,0.0,0.0,0.0
-2.05,-3.7,0.0,0.0,0.0
-2.0,-3.7,0.0,0.0,0.0
-1.95,-3.7,0.0,0.0,0.0
-1.9,-3.7,0.0,0.0,0.0
-1.85,-3.7,0.0,0.0,0.0
-1.8,-3.7,0.0,0.0,0.0
-1.75,-3.7,0.0,0.0,0.0
-1.7,-3.7,0.0,0.0,0.0
-1.65,-3.7,0.0,0.0,0.0
-1.6,-3.7,0.0,0.0,0.0
-1.55,-3.7,0.0,0.0,0.0
-1.5,-3.7,0.0,0.0,0.0
-1.45,-3.7,0.0,0.0,0.0
-1.4,-3.7,0.0,0.0,0.0
-1.35,-3.7,0.0,0.0,0.0
-1.3,-3.7,0.0,0.0,0.0
-1.25,-3.7,0.0,0.0,0.0
-1.2,-3.7,0.0,0.0,0.0
-1.15,-3.7,0.0,0.0,0.0
-1.1,-3.7,0.0,0.0,0.0
-1.05,-3.7,0.0,0.0,0.0
-1.0,-3.7,0.0,0.0,0.0
-0.95,-3.7,0.0,0.0,0.0
-0.9,-3.7,0.0,0.0,0.0
-0.85,-3.7,0.0,0.0,0.0
-0.8,-3.7,0.0,0.0,0.0
-0.75,-3.7,0.0,0.0,0.0
-0.7,-3.7,0.0,0.0,0.0
-0.65,-3.7,0.0,0.0,0.0
-0.6,-3.7,0.0,0.0,0.0
-0.55,-3.7,0.0,0.0,0.0
-0.5,-3.7,0.0,0.0,0.0
-0.45,-3.7,0.0,0.0,0.0
-0.4,-3.7,0.0,0.0,0.0
-0.35,-3.7,0.0,0.0,0.0
-0.3,-3.7,0.0,0.0,0.0
-0.25,-3.7,0.0,0.0,0.0
-0.2,-3.7,0.0,0.0,0.0
-0.15,-3.7,0.0,0.0,0.0
-0.1,-3.7,0.0,0.0,0.0
-0.05,-3.7,0.0,0.0,0.0
0.0,-3.7,0.0,0.0,0.0
0.05,-3.7,0.0,0.0,0.0
0.1,-3.7,0.0,0.0,0.0
0.15,-3.7,0.0,0.0,0.0
0.2,-3.7,0.0,0.0,0.0
0.25,-3.7,0.0,0.0,1e-04
0.3,-3.7,0.0,0.0,0.0003
0.35,-3.7,0.0,0.0,0.0012
0.4,-3.7,0.0,0.0,0.0041
0.45,-3.7,0.0,0.0,0.0088
0.5,-3.7,0.0,0.0,0.0156
0.55,-3.7,0.0,0.0,0.0232
0.6,-3.7,0.0,0.0,0.0274
0.65,-3.7,0.0,0.0,0.0315
0.7,-3.7,0.0,0.0,0.0363
0.75,-3.7,0.0,0.0,0.0417
0.8,-3.7,0.0,0.0,0.0477
0.85,-3.7,0.0,0.0,0.0537
0.9,-3.7,0.0,0.0,0.0605
0.95,-3.7,0.0,0.0,0.0682
1.0,-3.7,0.0,0.0,0.0755
1.05,-3.7,0.0,0.0,0.081
1.1,-3.7,0.0,0.0,0.0867
1.15,-3.7,0.0,0.0,0.0927
1.2,-3.7,0.0,0.0,0.0991
1.25,-3.7,0.0,0.0,0.1059
1.3,-3.7,0.0,0.0,0.1122
1.35,-3.7,0.0,0.0,0.1179
1.4,-3.7,0.0,0.0,0.1234
1.45,-3.7,0.0,0.0,0.1285
1.5,-3.7,0.0,0.0,0.132
1.55,-3.7,0.0,0.0,0.135
1.6,-3.7,0.0,0.0,0.1378
1.65,-3.7,0.0,0.0,0.1403
1.7,-3.7,0.0,0.0,0.1417
1.75,-3.7,0.0,0.0,0.1393
1.8,-3.7,0.0,0.0,0.1364
1.85,-3.7,0.0,0.0,0.1336
1.9,-3.7,0.0,0.0,0.1307
1.95,-3.7,0.0,0.0,0.1263
2.0,-3.7,0.0,0.0,0.1231
2.05,-3.7,0.0,0.0,0.1191
2.1,-3.7,0.0,0.0,0.1155
2.15,-3.7,0.0,0.0,0.1119
2.2,-3.7,0.0,0.0,0.1084
2.25,-3.7,0.0,0.0,0.105
2.3,-3.7,0.0,0.0,0.1032
2.35,-3.7,0.0,0.0,0.102
2.4,-3.7,0.0,0.0,0.1008
2.45,-3.7,1e-04,0.0,0.0996
2.5,-3.7,0.0014,0.0,0.0984
2.55,-3.7,0.0305,0.0,0.0984
2.6,-3.7,0.4199,0.0,0.1036
2.65,-3.7,0.941,0.0,0.1095
2.7,-3.7,0.9971,0.0,0.1172
2.75,-3.7,0.9999,0.0,0.1259
2.8,-3.7,1.0,1e-04,0.1352
2.85,-3.7,1.0,1e-04,0.1451
2.9,-3.7,1.0,0.0002,0.1556
2.95,-3.7,1.0,0.0005,0.1666
3.0,-3.7,1.0,0.0015,0.1828
3.05,-3.7,1.0,0.0115,0.2077
3.1,-3.7,1.0,0.0831,0.235
3.15,-3.7,1.0,0.4143,0.2646
3.2,-3.7,1.0,0.8466,0.2966
3.25,-3.7,1.0,0.9772,0.3307
3.3,-3.7,1.0,0.9969,0.3666
3.35,-3.7,1.0,0.9996,0.4041
3.4,-3.7,1.0,0.9999,0.4428
3.45,-3.7,1.0,1.0,0.4821
3.5,-3.7,1.0,1.0,0.5211
3.55,-3.7,1.0,1.0,0.5588
3.6,-3.7,1.0,1.0,0.5982
3.65,-3.7,1.0,1.0,0.6484
3.7,-3.7,1.0,1.0,0.6964
3.75,-3.7,1.0,1.0,0.7404
3.8,-3.7,1.0,1.0,0.7801
3.85,-3.7,1.0,1.0,0.8152
3.9,-3.7,1.0,1.0,0.8494
3.95,-3.7,1.0,1.0,0.8792
4.0,-3.7,1.0,1.0,0.9084
-4.0,-3.65,0.0,0.0,0.0
-3.95,-3.65,0.0,0.0,0.0
-3.9,-3.65,0.0,0.0,0.0
-3.85,-3.65,0.0,0.0,0.0
-3.8,-3.65,0.0,0.0,0.0
-3.75,-3.65,0.0,0.0,0.0
-3.7,-3.65,0.0,0.0,0.0
-3.65,-3.65,0.0,0.0,0.0
-3.6,-3.65,0.0,0.0,0.0
-3.55,-3.65,0.0,0.0,0.0
-3.5,-3.65,0.0,0.0,0.0
-3.45,-3.65,0.0,0.0,0.0
-3.4,-3.65,0.0,0.0,0.0
-3.35,-3.65,0.0,0.0,0.0
-3.3,-3.65,0.0,0.0,0.0
-3.25,-3.65,0.0,0.0,0.0
-3.2,-3.65,0.0,0.0,0.0
-3.15,-3.65,0.0,0.0,0.0
-3.1,-3.65,0.0,0.0,0.0
-3.05,-3.65,0.0,0.0,0.0
-3.0,-3.65,0.0,0.0,0.0
-2.95,-3.65,0.0,0.0,0.0
-2.9,-3.65,0.0,0.0,0.0
-2.85,-3.65,0.0,0.0,0.0
-2.8,-3.65,0.0,0.0,0.0
-2.75,-3.65,0.0,0.0,0.0
-2.7,-3.65,0.0,0.0,0.0
-2.65,-3.65,0.0,0.0,0.0
-2.6,-3.65,0.0,0.0,0.0
-2.55,-3.65,0.0,0.0,0.0
-2.5,-3.65,0.0,0.0,0.0
-2.45,-3.65,0.0,0.0,0.0
-2.4,-3.65,0.0,0.0,0.0
-2.35,-3.65,0.0,0.0,0.0
-2.3,-3.65,0.0,0.0,0.0
-2.25,-3.65,0.0,0.0,0.0
-2.2,-3.65,0.0,0.0,0.0
-2.15,-3.65,0.0,0.0,0.0
-2.1,-3.65,0.0,0.0,0.0
-2.05,-3.65,0.0,0.0,0.0
-2.0,-3.65,0.0,0.0,0.0
-1.95,-3.65,0.0,0.0,0.0
-1.9,-3.65,0.0,0.0,0.0
-1.85,-3.65,0.0,0.0,0.0
-1.8,-3.65,0.0,0.0,0.0
-1.75,-3.65,0.0,0.0,0.0
-1.7,-3.65,0.0,0.0,0.0
-1.65,-3.65,0.0,0.0,0.0
-1.6,-3.65,0.0,0.0,0.0
-1.55,-3.65,0.0,0.0,0.0
-1.5,-3.65,0.0,0.0,0.0
-1.45,-3.65,0.0,0.0,0.0
-1.4,-3.65,0.0,0.0,0.0
-1.35,-3.65,0.0,0.0,0.0
-1.3,-3.65,0.0,0.0,0.0
-1.25,-3.65,0.0,0.0,0.0
-1.2,-3.65,0.0,0.0,0.0
-1.15,-3.65,0.0,0.0,0.0
-1.1,-3.65,0.0,0.0,0.0
-1.05,-3.65,0.0,0.0,0.0
-1.0,-3.65,0.0,0.0,0.0
-0.95,-3.65,0.0,0.0,0.0
-0.9,-3.65,0.0,0.0,0.0
-0.85,-3.65,0.0,0.0,0.0
-0.8,-3.65,0.0,0.0,0.0
-0.75,-3.65,0.0,0.0,0.0
-0.7,-3.65,0.0,0.0,0.0
-0.65,-3.65,0.0,0.0,0.0
-0.6,-3.65,0.0,0.0,0.0
-0.55,-3.65,0.0,0.0,0.0
-0.5,-3.65,0.0,0.0,0.0
-0.45,-3.65,0.0,0.0,0.0
-0.4,-3.65,0.0,0.0,0.0
-0.35,-3.65,0.0,0.0,0.0
-0.3,-3.65,0.0,0.0,0.0
-0.25,-3.65,0.0,0.0,0.0
-0.2,-3.65,0.0,0.0,0.0
-0.15,-3.65,0.0,0.0,0.0
-0.1,-3.65,0.0,0.0,0.0
-0.05,-3.65,0.0,0.0,0.0
0.0,-3.65,0.0,0.0,0.0
0.05,-3.65,0.0,0.0,0.0
0.1,-3.65,0.0,0.0,0.0
0.15,-3.65,0.0,0.0,0.0
0.2,-3.65,0.0,0.0,0.0
0.25,-3.65,0.0,0.0,1e-04
0.3,-3.65,0.0,0.0,0.0004
0.35,-3.65,0.0,0.0,0.0016
0.4,-3.65,0.0,0.0,0.0053
0.45,-3.65,0.0,0.0,0.0109
0.5,-3.65,0.0,0.0,0.0193
0.55,-3.65,0.0,0.0,0.0273
0.6,-3.65,0.0,0.0,0.0318
0.65,-3.65,0.0,0.0,0.0366
0.7,-3.65,0.0,0.0,0.0421
0.75,-3.65,0.0,0.0,0.0483
0.8,-3.65,0.0,0.0,0.0544
0.85,-3.65,0.0,0.0,0.0613
0.9,-3.65,0.0,0.0,0.069
0.95,-3.65,0.0,0.0,0.0773
1.0,-3.65,0.0,0.0,0.0837
1.05,-3.65,0.0,0.0,0.0896
1.1,-3.65,0.0,0.0,0.0959
1.15,-3.65,0.0,0.0,0.1025
1.2,-3.65,0.0,0.0,0.1095
1.25,-3.65,0.0,0.0,0.1165
1.3,-3.65,0.0,0.0,0.1227
1.35,-3.65,0.0,0.0,0.1283
1.4,-3.65,0.0,0.0,0.134
1.45,-3.65,0.0,0.0,0.1381
1.5,-3.65,0.0,0.0,0.1414
1.55,-3.65,0.0,0.0,0.1442
1.6,-3.65,0.0,0.0,0.1468
1.65,-3.65,0.0,0.0,0.1495
1.7,-3.65,0.0,0.0,0.1472
1.75,-3.65,0.0,0.0,0.1443
1.8,-3.65,0.0,0.0,0.1414
1.85,-3.65,0.0,0.0,0.1383
1.9,-3.65,0.0,0.0,0.1348
1.95,-3.65,0.0,0.0,0.1312
2.0,-3.65,0.0,0.0,0.1271
2.05,-3.65,0.0,0.0,0.1232
2.1,-3.65,0.0,0.0,0.1194
2.15,-3.65,0.0,0.0,0.1157
2.2,-3.65,0.0,0.0,0.1121
2.25,-3.65,0.0,0.0,0.1088
2.3,-3.65,0.0,0.0,0.1075
2.35,-3.65,0.0,0.0,0.1063
2.4,-3.65,0.0,0.0,0.1049
2.45,-3.65,0.0003,0.0,0.1037
2.5,-3.65,0.0068,0.0,0.1025
2.55,-3.65,0.1357,0.0,0.1059
2.6,-3.65,0.7776,0.0,0.1115
2.65,-3.65,0.9867,0.0,0.1181
2.7,-3.65,0.9994,0.0,0.1266
2.75,-3.65,1.0,1e-04,0.1359
2.8,-3.65,1.0,1e-04,0.1459
2.85,-3.65,1.0,0.0002,0.1564
2.9,-3.65,1.0,0.0005,0.1676
2.95,-3.65,1.0,0.0011,0.18
3.0,-3.65,1.0,0.0083,0.2045
3.05,-3.65,1.0,0.0613,0.2315
3.1,-3.65,1.0,0.3374,0.2608
3.15,-3.65,1.0,0.7989,0.2925
3.2,-3.65,1.0,0.9682,0.3263
3.25,-3.65,1.0,0.9955,0.3621
3.3,-3.65,1.0,0.9994,0.3994
3.35,-3.65,1.0,0.9999,0.4379
3.4,-3.65,1.0,1.0,0.4773
3.45,-3.65,1.0,1.0,0.5157
3.5,-3.65,1.0,1.0,0.5532
3.55,-3.65,1.0,1.0,0.5919
3.6,-3.65,1.0,1.0,0.6415
3.65,-3.65,1.0,1.0,0.69
3.7,-3.65,1.0,1.0,0.7346
3.75,-3.65,1.0,1.0,0.7749
3.8,-3.65,1.0,1.0,0.8106
3.85,-3.65,1.0,1.0,0.8461
3.9,-3.65,1.0,1.0,0.8765
3.95,-3.65,1.0,1.0,0.9069
4.0,-3.65,1.0,1.0,0.9308
-4.0,-3.6,0.0,0.0,0.0
-3.95,-3.6,0.0,0.0,0.0
-3.9,-3.6,0.0,0.0,0.0
-3.85,-3.6,0.0,0.0,0.0
-3.8,-3.6,0.0,0.0,0.0
-3.75,-3.6,0.0,0.0,0.0
-3.7,-3.6,0.0,0.0,0.0
-3.65,-3.6,0.0,0.0,0.0
-3.6,-3.6,0.0,0.0,0.0
-3.55,-3.6,0.0,0.0,0.0
-3.5,-3.6,0.0,0.0,0.0
-3.45,-3.6,0.0,0.0,0.0
-3.4,-3.6,0.0,0.0,0.0
-3.35,-3.6,0.0,0.0,0.0
-3.3,-3.6,0.0,0.0,0.0
-3.25,-3.6,0.0,0.0,0.0
-3.2,-3.6,0.0,0.0,0.0
-3.15,-3.6,0.0,0.0,0.0
-3.1,-3.6,0.0,0.0,0.0
-3.05,-3.6,0.0,0.0,0.0
-3.0,-3.6,0.0,0.0,0.0
-2.95,-3.6,0.0,0.0,0.0
-2.9,-3.6,0.0,0.0,0.0
-2.85,-3.6,0.0,0.0,0.0
-2.8,-3.6,0.0,0.0,0.0
-2.75,-3.6,0.0,0.0,0.0
-2.7,-3.6,0.0,0.0,0.0
-2.65,-3.6,0.0,0.0,0.0
-2.6,-3.6,0.0,0.0,0.0
-2.55,-3.6,0.0,0.0,0.0
-2.5,-3.6,0.0,0.0,0.0
-2.45,-3.6,0.0,0.0,0.0
-2.4,-3.6,0.0,0.0,0.0
-2.35,-3.6,0.0,0.0,0.0
-2.3,-3.6,0.0,0.0,0.0
-2.25,-3.6,0.0,0.0,0.0
-2.2,-3.6,0.0,0.0,0.0
-2.15,-3.6,0.0,0.0,0.0
-2.1,-3.6,0.0,0.0,0.0
-2.05,-3.6,0.0,0.0,0.0
-2.0,-3.6,0.0,0.0,0.0
-1.95,-3.6,0.0,0.0,0.0
-1.9,-3.6,0.0,0.0,0.0
-1.85,-3.6,0.0,0.0,0.0
-1.8,-3.6,0.0,0.0,0.0
-1.75,-3.6,0.0,0.0,0.0
-1.7,-3.6,0.0,0.0,0.0
-1.65,-3.6,0.0,0.0,0.0
-1.6,-3.6,0.0,0.0,0.0
-1.55,-3.6,0.0,0.0,0.0
-1.5,-3.6,0.0,0.0,0.0
-1.45,-3.6,0.0,0.0,0.0
-1.4,-3.6,0.0,0.0,0.0
-1.35,-3.6,0.0,0.0,0.0
-1.3,-3.6,0.0,0.0,0.0
-1.25,-3.6,0.0,0.0,0.0
-1.2,-3.6,0.0,0.0,0.0
-1.15,-3.6,0.0,0.0,0.0
-1.1,-3.6,0.0,0.0,0.0
-1.05,-3.6,0.0,0.0,0.0
-1.0,-3.6,0.0,0.0,0.0
-0.95,-3.6,0.0,0.0,0.0
-0.9,-3.6,0.0,0.0,0.0
-0.85,-3.6,0.0,0.0,0.0
-0.8,-3.6,0.0,0.0,0.0
-0.75,-3.6,0.0,0.0,0.0
-0.7,-3.6,0.0,0.0,0.0
-0.65,-3.6,0.0,0.0,0.0
-0.6,-3.6,0.0,0.0,0.0
-0.55,-3.6,0.0,0.0,0.0
-0.5,-3.6,0.0,0.0,0.0
-0.45,-3.6,0.0,0.0,0.0
-0.4,-3.6,0.0,0.0,0.0
-0.35,-3.6,0.0,0.0,0.0
-0.3,-3.6,0.0,0.0,0.0
-0.25,-3.6,0.0,0.0,0.0
-0.2,-3.6,0.0,0.0,0.0
-0.15,-3.6,0.0,0.0,0.0
-0.1,-3.6,0.0,0.0,0.0
-0.05,-3.6,0.0,0.0,0.0
0.0,-3.6,0.0,0.0,0.0
0.05,-3.6,0.0,0.0,0.0
0.1,-3.6,0.0,0.0,0.0
0.15,-3.6,0.0,0.0,0.0
0.2,-3.6,0.0,0.0,0.0
0.25,-3.6,0.0,0.0,1e-04
0.3,-3.6,0.0,0.0,0.0006
0.35,-3.6,0.0,0.0,0.0021
0.4,-3.6,0.0,0.0,0.0067
0.45,-3.6,0.0,0.0,0.0136
0.5,-3.6,0.0,0.0,0.0239
0.55,-3.6,0.0,0.0,0.0321
0.6,-3.6,0.0,0.0,0.0369
0.65,-3.6,0.0,0.0,0.0424
0.7,-3.6,0.0,0.0,0.0487
0.75,-3.6,0.0,0.0,0.0552
0.8,-3.6,0.0,0.0,0.0621
0.85,-3.6,0.0,0.0,0.0699
0.9,-3.6,0.0,0.0,0.0786
0.95,-3.6,0.0,0.0,0.0864
1.0,-3.6,0.0,0.0,0.0927
1.05,-3.6,0.0,0.0,0.0991
1.1,-3.6,0.0,0.0,0.1059
1.15,-3.6,0.0,0.0,0.1131
1.2,-3.6,0.0,0.0,0.1207
1.25,-3.6,0.0,0.0,0.1274
1.3,-3.6,0.0,0.0,0.1335
1.35,-3.6,0.0,0.0,0.1395
1.4,-3.6,0.0,0.0,0.1445
1.45,-3.6,0.0,0.0,0.1479
1.5,-3.6,0.0,0.0,0.151
1.55,-3.6,0.0,0.0,0.1537
1.6,-3.6,0.0,0.0,0.1564
1.65,-3.6,0.0,0.0,0.1554
1.7,-3.6,0.0,0.0,0.1526
1.75,-3.6,0.0,0.0,0.1495
1.8,-3.6,0.0,0.0,0.1463
1.85,-3.6,0.0,0.0,0.1432
1.9,-3.6,0.0,0.0,0.1399
1.95,-3.6,0.0,0.0,0.1356
2.0,-3.6,0.0,0.0,0.1313
2.05,-3.6,0.0,0.0,0.1273
2.1,-3.6,0.0,0.0,0.1234
2.15,-3.6,0.0,0.0,0.1196
2.2,-3.6,0.0,0.0,0.1159
2.25,-3.6,0.0,0.0,0.1134
2.3,-3.6,0.0,0.0,0.112
2.35,-3.6,0.0,0.0,0.1106
2.4,-3.6,1e-04,0.0,0.1093
2.45,-3.6,0.0015,0.0,0.108
2.5,-3.6,0.033,0.0,0.1083
2.55,-3.6,0.4336,0.0,0.114
2.6,-3.6,0.9422,0.0,0.12
2.65,-3.6,0.9971,0.0,0.1273
2.7,-3.6,0.9999,1e-04,0.1367
2.75,-3.6,1.0,1e-04,0.1467
2.8,-3.6,1.0,0.0002,0.1573
2.85,-3.6,1.0,0.0005,0.1685
2.9,-3.6,1.0,0.0009,0.1802
2.95,-3.6,1.0,0.006,0.2015
3.0,-3.6,1.0,0.0449,0.228
3.05,-3.6,1.0,0.2682,0.2571
3.1,-3.6,1.0,0.7409,0.2885
3.15,-3.6,1.0,0.9556,0.3221
3.2,-3.6,1.0,0.9936,0.3576
3.25,-3.6,1.0,0.9991,0.3947
3.3,-3.6,1.0,0.9999,0.4331
3.35,-3.6,1.0,1.0,0.4724
3.4,-3.6,1.0,1.0,0.5104
3.45,-3.6,1.0,1.0,0.5479
3.5,-3.6,1.0,1.0,0.5856
3.55,-3.6,1.0,1.0,0.6346
3.6,-3.6,1.0,1.0,0.6835
3.65,-3.6,1.0,1.0,0.7287
3.7,-3.6,1.0,1.0,0.7696
3.75,-3.6,1.0,1.0,0.806
3.8,-3.6,1.0,1.0,0.8428
3.85,-3.6,1.0,1.0,0.8737
3.9,-3.6,1.0,1.0,0.9053
3.95,-3.6,1.0,1.0,0.9297
4.0,-3.6,1.0,1.0,0.9481
-4.0,-3.55,0.0,0.0,0.0
-3.95,-3.55,0.0,0.0,0.0
-3.9,-3.55,0.0,0.0,0.0
-3.85,-3.55,0.0,0.0,0.0
-3.8,-3.55,0.0,0.0,0.0
-3.75,-3.55,0.0,0.0,0.0
-3.7,-3.55,0.0,0.0,0.0
-3.65,-3.55,0.0,0.0,0.0
-3.6,-3.55,0.0,0.0,0.0
-3.55,-3.55,0.0,0.0,0.0
-3.5,-3.55,0.0,0.0,0.0
-3.45,-3.55,0.0,0.0,0.0
-3.4,-3.55,0.0,0.0,0.0
-3.35,-3.55,0.0,0.0,0.0
-3.3,-3.55,0.0,0.0,0.0
-3.25,-3.55,0.0,0.0,0.0
-3.2,-3.55,0.0,0.0,0.0
-3.15,-3.55,0.0,0.0,0.0
-3.1,-3.55,0.0,0.0,0.0
-3.05,-3.55,0.0,0.0,0.0
-3.0,-3.55,0.0,0.0,0.0
-2.95,-3.55,0.0,0.0,0.0
-2.9,-3.55,0.0,0.0,0.0
-2.85,-3.55,0.0,0.0,0.0
-2.8,-3.55,0.0,0.0,0.0
-2.75,-3.55,0.0,0.0,0.0
-2.7,-3.55,0.0,0.0,0.0
-2.65,-3.55,0.0,0.0,0.0
-2.6,-3.55,0.0,0.0,0.0
-2.55,-3.55,0.0,0.0,0.0
-2.5,-3.55,0.0,0.0,0.0
-2.45,-3.55,0.0,0.0,0.0
-2.4,-3.55,0.0,0.0,0.0
-2.35,-3.55,0.0,0.0,0.0
-2.3,-3.55,0.0,0.0,0.0
-2.25,-3.55,0.0,0.0,0.0
-2.2,-3.55,0.0,0.0,0.0
-2.15,-3.55,0.0,0.0,0.0
-2.1,-3.55,0.0,0.0,0.0
-2.05,-3.55,0.0,0.0,0.0
-2.0,-3.55,0.0,0.0,0.0
-1.95,-3.55,0.0,0.0,0.0
-1.9,-3.55,0.0,0.0,0.0
-1.85,-3.55,0.0,0.0,0.0
-1.8,-3.55,0.0,0.0,0.0
-1.75,-3.55,0.0,0.0,0.0
-1.7,-3.55,0.0,0.0,0.0
-1.65,-3.55,0.0,0.0,0.0
-1.6,-3.55,0.0,0.0,0.0
-1.55,-3.55,0.0,0.0,0.0
-1.5,-3.55,0.0,0.0,0.0
-1.45,-3.55,0.0,0.0,0.0
-1.4,-3.55,0.0,0.0,0.0
-1.35,-3.55,0.0,0.0,0.0
-1.3,-3.55,0.0,0.0,0.0
-1.25,-3.55,0.0,0.0,0.0
-1.2,-3.55,0.0,0.0,0.0
-1.15,-3.55,0.0,0.0,0.0
-1.1,-3.55,0.0,0.0,0.0
-1.05,-3.55,0.0,0.0,0.0
-1.0,-3.55,0.0,0.0,0.0
-0.95,-3.55,0.0,0.0,0.0
-0.9,-3.55,0.0,0.0,0.0
-0.85,-3.55,0.0,0.0,0.0
-0.8,-3.55,0.0,0.0,0.0
-0.75,-3.55,0.0,0.0,0.0
-0.7,-3.55,0.0,0.0,0.0
-0.65,-3.55,0.0,0.0,0.0
-0.6,-3.55,0.0,0.0,0.0
-0.55,-3.55,0.0,0.0,0.0
-0.5,-3.55,0.0,0.0,0.0
-0.45,-3.55,0.0,0.0,0.0
-0.4,-3.55,0.0,0.0,0.0
-0.35,-3.55,0.0,0.0,0.0
-0.3,-3.55,0.0,0.0,0.0
-0.25,-3.55,0.0,0.0,0.0
-0.2,-3.55,0.0,0.0,0.0
-0.15,-3.55,0.0,0.0,0.0
-0.1,-3.55,0.0,0.0,0.0
-0.05,-3.55,0.0,0.0,0.0
0.0,-3.55,0.0,0.0,0.0
0.05,-3.55,0.0,0.0,0.0
0.1,-3.55,0.0,0.0,0.0
0.15,-3.55,0.0,0.0,0.0
0.2,-3.55,0.0,0.0,0.0
0.25,-3.55,0.0,0.0,0.0002
0.3,-3.55,0.0,0.0,0.0008
0.35,-3.55,0.0,0.0,0.0028
0.4,-3.55,0.0,0.0,0.0085
0.45,-3.55,0.0,0.0,0.0169
0.5,-3.55,0.0,0.0,0.0293
0.55,-3.55,0.0,0.0,0.0372
0.6,-3.55,0.0,0.0,0.0428
0.65,-3.55,0.0,0.0,0.0491
0.7,-3.55,0.0,0.0,0.0558
0.75,-3.55,0.0,0.0,0.0629
0.8,-3.55,0.0,0.0,0.0707
0.85,-3.55,0.0,0.0,0.0795
0.9,-3.55,0.0,0.0,0.0886
0.95,-3.55,0.0,0.0,0.0957
1.0,-3.55,0.0,0.0,0.1024
1.05,-3.55,0.0,0.0,0.1094
1.1,-3.55,0.0,0.0,0.1168
1.15,-3.55,0.0,0.0,0.1247
1.2,-3.55,0.0,0.0,0.1321
1.25,-3.55,0.0,0.0,0.1388
1.3,-3.55,0.0,0.0,0.145
1.35,-3.55,0.0,0.0,0.1507
1.4,-3.55,0.0,0.0,0.1547
1.45,-3.55,0.0,0.0,0.158
1.5,-3.55,0.0,0.0,0.161
1.55,-3.55,0.0,0.0,0.1637
1.6,-3.55,0.0,0.0,0.1641
1.65,-3.55,0.0,0.0,0.1612
1.7,-3.55,0.0,0.0,0.1579
1.75,-3.55,0.0,0.0,0.1547
1.8,-3.55,0.0,0.0,0.1514
1.85,-3.55,0.0,0.0,0.1483
1.9,-3.55,0.0,0.0,0.1446
1.95,-3.55,0.0,0.0,0.1399
2.0,-3.55,0.0,0.0,0.1357
2.05,-3.55,0.0,0.0,0.1316
2.1,-3.55,0.0,0.0,0.1276
2.15,-3.55,0.0,0.0,0.1237
2.2,-3.55,0.0,0.0,0.1198
2.25,-3.55,0.0,0.0,0.1179
2.3,-3.55,0.0,0.0,0.1165
2.35,-3.55,0.0,0.0,0.1151
2.4,-3.55,0.0003,0.0,0.1138
2.45,-3.55,0.0074,0.0,0.1125
2.5,-3.55,0.1436,0.0,0.1165
2.55,-3.55,0.7812,0.0,0.1226
2.6,-3.55,0.987,0.0,0.129
2.65,-3.55,0.9994,1e-04,0.1374
2.7,-3.55,1.0,1e-04,0.1475
2.75,-3.55,1.0,0.0002,0.1581
2.8,-3.55,1.0,0.0005,0.1693
2.85,-3.55,1.0,0.0009,0.1812
2.9,-3.55,1.0,0.0043,0.1985
2.95,-3.55,1.0,0.0327,0.2247
3.0,-3.55,1.0,0.2087,0.2534
3.05,-3.55,1.0,0.673,0.2845
3.1,-3.55,1.0,0.938,0.3178
3.15,-3.55,1.0,0.991,0.3531
3.2,-3.55,1.0,0.9987,0.3901
3.25,-3.55,1.0,0.9998,0.4283
3.3,-3.55,1.0,1.0,0.4673
3.35,-3.55,1.0,1.0,0.505
3.4,-3.55,1.0,1.0,0.5426
3.45,-3.55,1.0,1.0,0.5798
3.5,-3.55,1.0,1.0,0.6277
3.55,-3.55,1.0,1.0,0.677
3.6,-3.55,1.0,1.0,0.7227
3.65,-3.55,1.0,1.0,0.7643
3.7,-3.55,1.0,1.0,0.8019
3.75,-3.55,1.0,1.0,0.8393
3.8,-3.55,1.0,1.0,0.8717
3.85,-3.55,1.0,1.0,0.9038
3.9,-3.55,1.0,1.0,0.9285
3.95,-3.55,1.0,1.0,0.9472
4.0,-3.55,1.0,1.0,0.9612
-4.0,-3.5,0.0,0.0,0.0
-3.95,-3.5,0.0,0.0,0.0
-3.9,-3.5,0.0,0.0,0.0
-3.85,-3.5,0.0,0.0,0.0
-3.8,-3.5,0.0,0.0,0.0
-3.75,-3.5,0.0,0.0,0.0
-3.7,-3.5,0.0,0.0,0.0
-3.65,-3.5,0.0,0.0,0.0
-3.6,-3.5,0.0,0.0,0.0
-3.55,-3.5,0.0,0.0,0.0
-3.5,-3.5,0.0,0.0,0.0
-3.45,-3.5,0.0,0.0,0.0
-3.4,-3.5,0.0,0.0,0.0
-3.35,-3.5,0.0,0.0,0.0
-3.3,-3.5,0.0,0.0,0.0
-3.25,-3.5,0.0,0.0,0.0
-3.2,-3.5,0.0,0.0,0.0
-3.15,-3.5,0.0,0.0,0.0
-3.1,-3.5,0.0,0.0,0.0
-3.05,-3.5,0.0,0.0,0.0
-3.0,-3.5,0.0,0.0,0.0
-2.95,-3.5,0.0,0.0,0.0
-2.9,-3.5,0.0,0.0,0.0
-2.85,-3.5,0.0,0.0,0.0
-2.8,-3.5,0.0,0.0,0.0
-2.75,-3.5,0.0,0.0,0.0
-2.7,-3.5,0.0,0.0,0.0
-2.65,-3.5,0.0,0.0,0.0
-2.6,-3.5,0.0,0.0,0.0
-2.55,-3.5,0.0,0.0,0.0
-2.5,-3.5,0.0,0.0,0.0
-2.45,-3.5,0.0,0.0,0.0
-2.4,-3.5,0.0,0.0,0.0
-2.35,-3.5,0.0,0.0,0.0
-2.3,-3.5,0.0,0.0,0.0
-2.25,-3.5,0.0,0.0,0.0
-2.2,-3.5,0.0,0.0,0.0
-2.15,-3.5,0.0,0.0,0.0
-2.1,-3.5,0.0,0.0,0.0
-2.05,-3.5,0.0,0.0,0.0
-2.0,-3.5,0.0,0.0,0.0
-1.95,-3.5,0.0,0.0,0.0
-1.9,-3.5,0.0,0.0,0.0
-1.85,-3.5,0.0,0.0,0.0
-1.8,-3.5,0.0,0.0,0.0
-1.75,-3.5,0.0,0.0,0.0
-1.7,-3.5,0.0,0.0,0.0
-1.65,-3.5,0.0,0.0,0.0
-1.6,-3.5,0.0,0.0,0.0
-1.55,-3.5,0.0,0.0,0.0
-1.5,-3.5,0.0,0.0,0.0
-1.45,-3.5,0.0,0.0,0.0
-1.4,-3.5,0.0,0.0,0.0
-1.35,-3.5,0.0,0.0,0.0
-1.3,-3.5,0.0,0.0,0.0
-1.25,-3.5,0.0,0.0,0.0
-1.2,-3.5,0.0,0.0,0.0
-1.15,-3.5,0.0,0.0,0.0
-1.1,-3.5,0.0,0.0,0.0
-1.05,-3.5,0.0,0.0,0.0
-1.0,-3.5,0.0,0.0,0.0
-0.95,-3.5,0.0,0.0,0.0
-0.9,-3.5,0.0,0.0,0.0
-0.85,-3.5,0.0,0.0,0.0
-0.8,-3.5,0.0,0.0,0.0
-0.75,-3.5,0.0,0.0,0.0
-0.7,-3.5,0.0,0.0,0.0
-0.65,-3.5,0.0,0.0,0.0
-0.6,-3.5,0.0,0.0,0.0
-0.55,-3.5,0.0,0.0,0.0
-0.5,-3.5,0.0,0.0,0.0
-0.45,-3.5,0.0,0.0,0.0
-0.4,-3.5,0.0,0.0,0.0
-0.35,-3.5,0.0,0.0,0.0
-0.3,-3.5,0.0,0.0,0.0
-0.25,-3.5,0.0,0.0,0.0
-0.2,-3.5,0.0,0.0,0.0
-0.15,-3.5,0.0,0.0,0.0
-0.1,-3.5,0.0,0.0,0.0
-0.05,-3.5,0.0,0.0,0.0
0.0,-3.5,0.0,0.0,0.0
0.05,-3.5,0.0,0.0,0.0
0.1,-3.5,0.0,0.0,0.0
0.15,-3.5,0.0,0.0,0.0
0.2,-3.5,0.0,0.0,1e-04
0.25,-3.5,0.0,0.0,0.0003
0.3,-3.5,0.0,0.0,0.001
0.35,-3.5,0.0,0.0,0.0037
0.4,-3.5,0.0,0.0,0.0107
0.45,-3.5,0.0,0.0,0.0209
0.5,-3.5,0.0,0.0,0.0349
0.55,-3.5,0.0,0.0,0.0431
0.6,-3.5,0.0,0.0,0.0495
0.65,-3.5,0.0,0.0,0.0563
0.7,-3.5,0.0,0.0,0.0637
0.75,-3.5,0.0,0.0,0.0716
0.8,-3.5,0.0,0.0,0.0805
0.85,-3.5,0.0,0.0,0.0904
0.9,-3.5,0.0,0.0,0.0988
0.95,-3.5,0.0,0.0,0.1059
1.0,-3.5,0.0,0.0,0.1131
1.05,-3.5,0.0,0.0,0.1207
1.1,-3.5,0.0,0.0,0.1288
1.15,-3.5,0.0,0.0,0.137
1.2,-3.5,0.0,0.0,0.1443
1.25,-3.5,0.0,0.0,0.1507
1.3,-3.5,0.0,0.0,0.1569
1.35,-3.5,0.0,0.0,0.1617
1.4,-3.5,0.0,0.0,0.1653
1.45,-3.5,0.0,0.0,0.1685
1.5,-3.5,0.0,0.0,0.1713
1.55,-3.5,0.0,0.0,0.1732
1.6,-3.5,0.0,0.0,0.1703
1.65,-3.5,0.0,0.0,0.1668
1.7,-3.5,0.0,0.0,0.1635
1.75,-3.5,0.0,0.0,0.16
1.8,-3.5,0.0,0.0,0.1566
1.85,-3.5,0.0,0.0,0.1539
1.9,-3.5,0.0,0.0,0.1491
1.95,-3.5,0.0,0.0,0.1446
2.0,-3.5,0.0,0.0,0.1402
2.05,-3.5,0.0,0.0,0.136
2.1,-3.5,0.0,0.0,0.1318
2.15,-3.5,0.0,0.0,0.1277
2.2,-3.5,0.0,0.0,0.1242
2.25,-3.5,0.0,0.0,0.1226
2.3,-3.5,0.0,0.0,0.1212
2.35,-3.5,1e-04,0.0,0.1199
2.4,-3.5,0.0016,0.0,0.1185
2.45,-3.5,0.0356,0.0,0.1191
2.5,-3.5,0.4388,0.0,0.1253
2.55,-3.5,0.9433,0.0,0.1317
2.6,-3.5,0.9972,1e-04,0.1385
2.65,-3.5,0.9999,1e-04,0.1482
2.7,-3.5,1.0,0.0002,0.1589
2.75,-3.5,1.0,0.0004,0.1702
2.8,-3.5,1.0,0.0009,0.1821
2.85,-3.5,1.0,0.0031,0.1956
2.9,-3.5,1.0,0.0234,0.2215
2.95,-3.5,1.0,0.1571,0.2498
3.0,-3.5,1.0,0.5893,0.2805
3.05,-3.5,1.0,0.9128,0.3136
3.1,-3.5,1.0,0.9871,0.3486
3.15,-3.5,1.0,0.9982,0.3854
3.2,-3.5,1.0,0.9998,0.4235
3.25,-3.5,1.0,1.0,0.462
3.3,-3.5,1.0,1.0,0.4997
3.35,-3.5,1.0,1.0,0.5373
3.4,-3.5,1.0,1.0,0.5746
3.45,-3.5,1.0,1.0,0.6207
3.5,-3.5,1.0,1.0,0.6704
3.55,-3.5,1.0,1.0,0.7167
3.6,-3.5,1.0,1.0,0.7588
3.65,-3.5,1.0,1.0,0.7978
3.7,-3.5,1.0,1.0,0.8359
3.75,-3.5,1.0,1.0,0.8697
3.8,-3.5,1.0,1.0,0.9022
3.85,-3.5,1.0,1.0,0.9273
3.9,-3.5,1.0,1.0,0.9463
3.95,-3.5,1.0,1.0,0.9606
4.0,-3.5,1.0,1.0,0.9718
-4.0,-3.45,0.0,0.0,0.0
-3.95,-3.45,0.0,0.0,0.0
-3.9,-3.45,0.0,0.0,0.0
-3.85,-3.45,0.0,0.0,0.0
-3.8,-3.45,0.0,0.0,0.0
-3.75,-3.45,0.0,0.0,0.0
-3.7,-3.45,0.0,0.0,0.0
-3.65,-3.45,0.0,0.0,0.0
-3.6,-3.45,0.0,0.0,0.0
-3.55,-3.45,0.0,0.0,0.0
-3.5,-3.45,0.0,0.0,0.0
-3.45,-3.45,0.0,0.0,0.0
-3.4,-3.45,0.0,0.0,0.0
-3.35,-3.45,0.0,0.0,0.0
-3.3,-3.45,0.0,0.0,0.0
-3.25,-3.45,0.0,0.0,0.0
-3.2,-3.45,0.0,0.0,0.0
-3.15,-3.45,0.0,0.0,0.0
-3.1,-3.45,0.0,0.0,0.0
-3.05,-3.45,0.0,0.0,0.0
-3.0,-3.45,0.0,0.0,0.0
-2.95,-3.45,0.0,0.0,0.0
-2.9,-3.45,0.0,0.0,0.0
-2.85,-3.45,0.0,0.0,0.0
-2.8,-3.45,0.0,0.0,0.0
-2.75,-3.45,0.0,0.0,0.0
-2.7,-3.45,0.0,0.0,0.0
-2.65,-3.45,0.0,0.0,0.0
-2.6,-3.45,0.0,0.0,0.0
-2.55,-3.45,0.0,0.0,0.0
-2.5,-3.45,0.0,0.0,0.0
-2.45,-3.45,0.0,0.0,0.0
-2.4,-3.45,0.0,0.0,0.0
-2.35,-3.45,0.0,0.0,0.0
-2.3,-3.45,0.0,0.0,0.0
-2.25,-3.45,0.0,0.0,0.0
-2.2,-3.45,0.0,0.0,0.0
-2.15,-3.45,0.0,0.0,0.0
-2.1,-3.45,0.0,0.0,0.0
-2.05,-3.45,0.0,0.0,0.0
-2.0,-3.45,0.0,0.0,0.0
-1.95,-3.45,0.0,0.0,0.0
-1.9,-3.45,0.0,0.0,0.0
-1.85,-3.45,0.0,0.0,0.0
-1.8,-3.45,0.0,0.0,0.0
-1.75,-3.45,0.0,0.0,0.0
-1.7,-3.45,0.0,0.0,0.0
-1.65,-3.45,0.0,0.0,0.0
-1.6,-3.45,0.0,0.0,0.0
-1.55,-3.45,0.0,0.0,0.0
-1.5,-3.45,0.0,0.0,0.0
-1.45,-3.45,0.0,0.0,0.0
-1.4,-3.45,0.0,0.0,0.0
-1.35,-3.45,0.0,0.0,0.0
-1.3,-3.45,0.0,0.0,0.0
-1.25,-3.45,0.0,0.0,0.0
-1.2,-3.45,0.0,0.0,0.0
-1.15,-3.45,0.0,0.0,0.0
-1.1,-3.45,0.0,0.0,0.0
-1.05,-3.45,0.0,0.0,0.0
-1.0,-3.45,0.0,0.0,0.0
-0.95,-3.45,0.0,0.0,0.0
-0.9,-3.45,0.0,0.0,0.0
-0.85,-3.45,0.0,0.0,0.0
-0.8,-3.45,0.0,0.0,0.0
-0.75,-3.45,0.0,0.0,0.0
-0.7,-3.45,0.0,0.0,0.0
-0.65,-3.45,0.0,0.0,0.0
-0.6,-3.45,0.0,0.0,0.0
-0.55,-3.45,0.0,0.0,0.0
-0.5,-3.45,0.0,0.0,0.0
-0.45,-3.45,0.0,0.0,0.0
-0.4,-3.45,0.0,0.0,0.0
-0.35,-3.45,0.0,0.0,0.0
-0.3,-3.45,0.0,0.0,0.0
-0.25,-3.45,0.0,0.0,0.0
-0.2,-3.45,0.0,0.0,0.0
-0.15,-3.45,0.0,0.0,0.0
-0.1,-3.45,0.0,0.0,0.0
-0.05,-3.45,0.0,0.0,0.0
0.0,-3.45,0.0,0.0,0.0
0.05,-3.45,0.0,0.0,0.0
0.1,-3.45,0.0,0.0,0.0
0.15,-3.45,0.0,0.0,0.0
0.2,-3.45,0.0,0.0,1e-04
0.25,-3.45,0.0,0.0,0.0004
0.3,-3.45,0.0,0.0,0.0014
0.35,-3.45,0.0,0.0,0.0048
0.4,-3.45,0.0,0.0,0.0134
0.45,-3.45,0.0,0.0,0.0258
0.5,-3.45,0.0,0.0,0.0415
0.55,-3.45,0.0,0.0,0.0499
0.6,-3.45,0.0,0.0,0.0569
0.65,-3.45,0.0,0.0,0.0643
0.7,-3.45,0.0,0.0,0.0726
0.75,-3.45,0.0,0.0,0.0815
0.8,-3.45,0.0,0.0,0.0915
0.85,-3.45,0.0,0.0,0.1014
0.9,-3.45,0.0,0.0,0.1093
0.95,-3.45,0.0,0.0,0.1169
1.0,-3.45,0.0,0.0,0.1247
1.05,-3.45,0.0,0.0,0.133
1.1,-3.45,0.0,0.0,0.1417
1.15,-3.45,0.0,0.0,0.1495
1.2,-3.45,0.0,0.0,0.1566
1.25,-3.45,0.0,0.0,0.1633
1.3,-3.45,0.0,0.0,0.169
1.35,-3.45,0.0,0.0,0.1729
1.4,-3.45,0.0,0.0,0.1762
1.45,-3.45,0.0,0.0,0.1792
1.5,-3.45,0.0,0.0,0.1822
1.55,-3.45,0.0,0.0,0.1798
1.6,-3.45,0.0,0.0,0.1763
1.65,-3.45,0.0,0.0,0.1727
1.7,-3.45,0.0,0.0,0.169
1.75,-3.45,0.0,0.0,0.1655
1.8,-3.45,0.0,0.0,0.162
1.85,-3.45,0.0,0.0,0.1588
1.9,-3.45,0.0,0.0,0.1539
1.95,-3.45,0.0,0.0,0.1493
2.0,-3.45,0.0,0.0,0.1448
2.05,-3.45,0.0,0.0,0.1404
2.1,-3.45,0.0,0.0,0.1361
2.15,-3.45,0.0,0.0,0.1317
2.2,-3.45,0.0,0.0,0.1291
2.25,-3.45,0.0,0.0,0.1276
2.3,-3.45,1e-04,0.0,0.1262
2.35,-3.45,0.0004,0.0,0.1248
2.4,-3.45,0.0081,0.0,0.1234
2.45,-3.45,0.1467,0.0,0.128
2.5,-3.45,0.7848,0.0,0.1346
2.55,-3.45,0.9873,1e-04,0.1414
2.6,-3.45,0.9994,1e-04,0.149
2.65,-3.45,1.0,0.0002,0.1597
2.7,-3.45,1.0,0.0004,0.1711
2.75,-3.45,1.0,0.0008,0.1831
2.8,-3.45,1.0,0.0022,0.1956
2.85,-3.45,1.0,0.0165,0.2183
2.9,-3.45,1.0,0.1151,0.2464
2.95,-3.45,1.0,0.4952,0.2767
3.0,-3.45,1.0,0.8774,0.3094
3.05,-3.45,1.0,0.9812,0.3442
3.1,-3.45,1.0,0.9974,0.3808
3.15,-3.45,1.0,0.9996,0.4188
3.2,-3.45,1.0,0.9999,0.4567
3.25,-3.45,1.0,1.0,0.4943
3.3,-3.45,1.0,1.0,0.532
3.35,-3.45,1.0,1.0,0.5693
3.4,-3.45,1.0,1.0,0.6136
3.45,-3.45,1.0,1.0,0.6638
3.5,-3.45,1.0,1.0,0.7106
3.55,-3.45,1.0,1.0,0.7533
3.6,-3.45,1.0,1.0,0.7936
3.65,-3.45,1.0,1.0,0.8323
3.7,-3.45,1.0,1.0,0.8676
3.75,-3.45,1.0,1.0,0.9006
3.8,-3.45,1.0,1.0,0.926
3.85,-3.45,1.0,1.0,0.9454
3.9,-3.45,1.0,1.0,0.9599
3.95,-3.45,1.0,1.0,0.9718
4.0,-3.45,1.0,1.0,0.9814
-4.0,-3.4,0.0,0.0,0.0
-3.95,-3.4,0.0,0.0,0.0
-3.9,-3.4,0.0,0.0,0.0
-3.85,-3.4,0.0,0.0,0.0
-3.8,-3.4,0.0,0.0,0.0
-3.75,-3.4,0.0,0.0,0.0
-3.7,-3.4,0.0,0.0,0.0
-3.65,-3.4,0.0,0.0,0.0
-3.6,-3.4,0.0,0.0,0.0
-3.55,-3.4,0.0,0.0,0.0
-3.5,-3.4,0.0,0.0,0.0
-3.45,-3.4,0.0,0.0,0.0
-3.4,-3.4,0.0,0.0,0.0
-3.35,-3.4,0.0,0.0,0.0
-3.3,-3.4,0.0,0.0,0.0
-3.25,-3.4,0.0,0.0,0.0
-3.2,-3.4,0.0,0.0,0.0
-3.15,-3.4,0.0,0.0,0.0
-3.1,-3.4,0.0,0.0,0.0
-3.05,-3.4,0.0,0.0,0.0
-3.0,-3.4,0.0,0.0,0.0
-2.95,-3.4,0.0,0.0,0.0
-2.9,-3.4,0.0,0.0,0.0
-2.85,-3.4,0.0,0.0,0.0
-2.8,-3.4,0.0,0.0,0.0
-2.75,-3.4,0.0,0.0,0.0
-2.7,-3.4,0.0,0.0,0.0
-2.65,-3.4,0.0,0.0,0.0
-2.6,-3.4,0.0,0.0,0.0
-2.55,-3.4,0.0,0.0,0.0
-2.5,-3.4,0.0,0.0,0.0
-2.45,-3.4,0.0,0.0,0.0
-2.4,-3.4,0.0,0.0,0.0
-2.35,-3.4,0.0,0.0,0.0
-2.3,-3.4,0.0,0.0,0.0
-2.25,-3.4,0.0,0.0,0.0
-2.2,-3.4,0.0,0.0,0.0
-2.15,-3.4,0.0,0.0,0.0
-2.1,-3.4,0.0,0.0,0.0
-2.05,-3.4,0.0,0.0,0.0
-2.0,-3.4,0.0,0.0,0.0
-1.95,-3.4,0.0,0.0,0.0
-1.9,-3.4,0.0,0.0,0.0
-1.85,-3.4,0.0,0.0,0.0
-1.8,-3.4,0.0,0.0,0.0
-1.75,-3.4,0.0,0.0,0.0
-1.7,-3.4,0.0,0.0,0.0
-1.65,-3.4,0.0,0.0,0.0
-1.6,-3.4,0.0,0.0,0.0
-1.55,-3.4,0.0,0.0,0.0
-1.5,-3.4,0.0,0.0,0.0
-1.45,-3.4,0.0,0.0,0.0
-1.4,-3.4,0.0,0.0,0.0
-1.35,-3.4,0.0,0.0,0.0
-1.3,-3.4,0.0,0.0,0.0
-1.25,-3.4,0.0,0.0,0.0
-1.2,-3.4,0.0,0.0,0.0
-1.15,-3.4,0.0,0.0,0.0
-1.1,-3.4,0.0,0.0,0.0
-1.05,-3.4,0.0,0.0,0.0
-1.0,-3.4,0.0,0.0,0.0
-0.95,-3.4,0.0,0.0,0.0
-0.9,-3.4,0.0,0.0,0.0
-0.85,-3.4,0.0,0.0,0.0
-0.8,-3.4,0.0,0.0,0.0
-0.75,-3.4,0.0,0.0,0.0
-0.7,-3.4,0.0,0.0,0.0
-0.65,-3.4,0.0,0.0,0.0
-0.6,-3.4,0.0,0.0,0.0
-0.55,-3.4,0.0,0.0,0.0
-0.5,-3.4,0.0,0.0,0.0
-0.45,-3.4,0.0,0.0,0.0
-0.4,-3.4,0.0,0.0,0.0
-0.35,-3.4,0.0,0.0,0.0
-0.3,-3.4,0.0,0.0,0.0
-0.25,-3.4,0.0,0.0,0.0
-0.2,-3.4,0.0,0.0,0.0
-0.15,-3.4,0.0,0.0,0.0
-0.1,-3.4,0.0,0.0,0.0
-0.05,-3.4,0.0,0.0,0.0
0.0,-3.4,0.0,0.0,0.0
0.05,-3.4,0.0,0.0,0.0
0.1,-3.4,0.0,0.0,0.0
0.15,-3.4,0.0,0.0,0.0
0.2,-3.4,0.0,0.0,1e-04
0.25,-3.4,0.0,0.0,0.0005
0.3,-3.4,0.0,0.0,0.0019
0.35,-3.4,0.0,0.0,0.0064
0.4,-3.4,0.0,0.0,0.0168
0.45,-3.4,0.0,0.0,0.0319
0.5,-3.4,0.0,0.0,0.0486
0.55,-3.4,0.0,0.0,0.0574
0.6,-3.4,0.0,0.0,0.0649
0.65,-3.4,0.0,0.0,0.0732
0.7,-3.4,0.0,0.0,0.0825
0.75,-3.4,0.0,0.0,0.0926
0.8,-3.4,0.0,0.0,0.1035
0.85,-3.4,0.0,0.0,0.1127
0.9,-3.4,0.0,0.0,0.1207
0.95,-3.4,0.0,0.0,0.1289
1.0,-3.4,0.0,0.0,0.1374
1.05,-3.4,0.0,0.0,0.1463
1.1,-3.4,0.0,0.0,0.155
1.15,-3.4,0.0,0.0,0.1627
1.2,-3.4,0.0,0.0,0.1698
1.25,-3.4,0.0,0.0,0.1759
1.3,-3.4,0.0,0.0,0.1805
1.35,-3.4,0.0,0.0,0.1842
1.4,-3.4,0.0,0.0,0.1874
1.45,-3.4,0.0,0.0,0.1905
1.5,-3.4,0.0,0.0,0.1897
1.55,-3.4,0.0,0.0,0.1862
1.6,-3.4,0.0,0.0,0.1824
1.65,-3.4,0.0,0.0,0.1786
1.7,-3.4,0.0,0.0,0.1747
1.75,-3.4,0.0,0.0,0.1708
1.8,-3.4,0.0,0.0,0.1674
1.85,-3.4,0.0,0.0,0.1637
1.9,-3.4,0.0,0.0,0.1588
1.95,-3.4,0.0,0.0,0.1541
2.0,-3.4,0.0,0.0,0.1494
2.05,-3.4,0.0,0.0,0.1449
2.1,-3.4,0.0,0.0,0.1403
2.15,-3.4,0.0,0.0,0.1358
2.2,-3.4,0.0,0.0,0.1343
2.25,-3.4,0.0,0.0,0.1328
2.3,-3.4,1e-04,0.0,0.1313
2.35,-3.4,0.0018,0.0,0.1299
2.4,-3.4,0.0366,0.0,0.1307
2.45,-3.4,0.4444,0.0,0.1374
2.5,-3.4,0.9445,1e-04,0.1444
2.55,-3.4,0.9972,1e-04,0.1518
2.6,-3.4,0.9999,0.0002,0.1606
2.65,-3.4,1.0,0.0004,0.172
2.7,-3.4,1.0,0.0008,0.184
2.75,-3.4,1.0,0.0017,0.1966
2.8,-3.4,1.0,0.0116,0.2152
2.85,-3.4,1.0,0.0826,0.243
2.9,-3.4,1.0,0.4015,0.273
2.95,-3.4,1.0,0.8303,0.3054
3.0,-3.4,1.0,0.9727,0.3398
3.05,-3.4,1.0,0.9962,0.3762
3.1,-3.4,1.0,0.9995,0.414
3.15,-3.4,1.0,0.9999,0.4514
3.2,-3.4,1.0,1.0,0.489
3.25,-3.4,1.0,1.0,0.5267
3.3,-3.4,1.0,1.0,0.5641
3.35,-3.4,1.0,1.0,0.6065
3.4,-3.4,1.0,1.0,0.6571
3.45,-3.4,1.0,1.0,0.7044
3.5,-3.4,1.0,1.0,0.7477
3.55,-3.4,1.0,1.0,0.7894
3.6,-3.4,1.0,1.0,0.8287
3.65,-3.4,1.0,1.0,0.8656
3.7,-3.4,1.0,1.0,0.899
3.75,-3.4,1.0,1.0,0.9248
3.8,-3.4,1.0,1.0,0.9444
3.85,-3.4,1.0,1.0,0.9592
3.9,-3.4,1.0,1.0,0.9717
3.95,-3.4,1.0,1.0,0.9813
4.0,-3.4,1.0,1.0,0.9877
-4.0,-3.35,0.0,0.0,0.0
-3.95,-3.35,0.0,0.0,0.0
-3.9,-3.35,0.0,0.0,0.0
-3.85,-3.35,0.0,0.0,0.0
-3.8,-3.35,0.0,0.0,0.0
-3.75,-3.35,0.0,0.0,0.0
-3.7,-3.35,0.0,0.0,0.0
-3.65,-3.35,0.0,0.0,0.0
-3.6,-3.35,0.0,0.0,0.0
-3.55,-3.35,0.0,0.0,0.0
-3.5,-3.35,0.0,0.0,0.0
-3.45,-3.35,0.0,0.0,0.0
-3.4,-3.35,0.0,0.0,0.0
-3.35,-3.35,0.0,0.0,0.0
-3.3,-3.35,0.0,0.0,0.0
-3.25,-3.35,0.0,0.0,0.0
-3.2,-3.35,0.0,0.0,0.0
-3.15,-3.35,0.0,0.0,0.0
-3.1,-3.35,0.0,0.0,0.0
-3.05,-3.35,0.0,0.0,0.0
-3.0,-3.35,0.0,0.0,0.0
-2.95,-3.35,0.0,0.0,0.0
-2.9,-3.35,0.0,0.0,0.0
-2.85,-3.35,0.0,0.0,0.0
-2.8,-3.35,0.0,0.0,0.0
-2.75,-3.35,0.0,0.0,0.0
-2.7,-3.35,0.0,0.0,0.0
-2.65,-3.35,0.0,0.0,0.0
-2.6,-3.35,0.0,0.0,0.0
-2.55,-3.35,0.0,0.0,0.0
-2.5,-3.35,0.0,0.0,0.0
-2.45,-3.35,0.0,0.0,0.0
-2.4,-3.35,0.0,0.0,0.0
-2.35,-3.35,0.0,0.0,0.0
-2.3,-3.35,0.0,0.0,0.0
-2.25,-3.35,0.0,0.0,0.0
-2.2,-3.35,0.0,0.0,0.0
-2.15,-3.35,0.0,0.0,0.0
-2.1,-3.35,0.0,0.0,0.0
-2.05,-3.35,0.0,0.0,0.0
-2.0,-3.35,0.0,0.0,0.0
-1.95,-3.35,0.0,0.0,0.0
-1.9,-3.35,0.0,0.0,0.0
-1.85,-3.35,0.0,0.0,0.0
-1.8,-3.35,0.0,0.0,0.0
-1.75,-3.35,0.0,0.0,0.0
-1.7,-3.35,0.0,0.0,0.0
-1.65,-3.35,0.0,0.0,0.0
-1.6,-3.35,0.0,0.0,0.0
-1.55,-3.35,0.0,0.0,0.0
-1.5,-3.35,0.0,0.0,0.0
-1.45,-3.35,0.0,0.0,0.0
-1.4,-3.35,0.0,0.0,0.0
-1.35,-3.35,0.0,0.0,0.0
-1.3,-3.35,0.0,0.0,0.0
-1.25,-3.35,0.0,0.0,0.0
-1.2,-3.35,0.0,0.0,0.0
-1.15,-3.35,0.0,0.0,0.0
-1.1,-3.35,0.0,0.0,0.0
-1.05,-3.35,0.0,0.0,0.0
-1.0,-3.35,0.0,0.0,0.0
-0.95,-3.35,0.0,0.0,0.0
-0.9,-3.35,0.0,0.0,0.0
-0.85,-3.35,0.0,0.0,0.0
-0.8,-3.35,0.0,0.0,0.0
-0.75,-3.35,0.0,0.0,0.0
-0.7,-3.35,0.0,0.0,0.0
-0.65,-3.35,0.0,0.0,0.0
-0.6,-3.35,0.0,0.0,0.0
-0.55,-3.35,0.0,0.0,0.0
-0.5,-3.35,0.0,0.0,0.0
-0.45,-3.35,0.0,0.0,0.0
-0.4,-3.35,0.0,0.0,0.0
-0.35,-3.35,0.0,0.0,0.0
-0.3,-3.35,0.0,0.0,0.0
-0.25,-3.35,0.0,0.0,0.0
-0.2,-3.35,0.0,0.0,0.0
-0.15,-3.35,0.0,0.0,0.0
-0.1,-3.35,0.0,0.0,0.0
-0.05,-3.35,0.0,0.0,0.0
0.0,-3.35,0.0,0.0,0.0
0.05,-3.35,0.0,0.0,0.0
0.1,-3.35,0.0,0.0,0.0
0.15,-3.35,0.0,0.0,0.0
0.2,-3.35,0.0,0.0,0.0002
0.25,-3.35,0.0,0.0,0.0007
0.3,-3.35,0.0,0.0,0.0024
0.35,-3.35,0.0,0.0,0.0084
0.4,-3.35,0.0,0.0,0.021
0.45,-3.35,0.0,0.0,0.0394
0.5,-3.35,0.0,0.0,0.0567
0.55,-3.35,0.0,0.0,0.0655
0.6,-3.35,0.0,0.0,0.0739
0.65,-3.35,0.0,0.0,0.0834
0.7,-3.35,0.0,0.0,0.0937
0.75,-3.35,0.0,0.0,0.1051
0.8,-3.35,0.0,0.0,0.1158
0.85,-3.35,0.0,0.0,0.1245
0.9,-3.35,0.0,0.0,0.1331
0.95,-3.35,0.0,0.0,0.1418
1.0,-3.35,0.0,0.0,0.1511
1.05,-3.35,0.0,0.0,0.1606
1.1,-3.35,0.0,0.0,0.1689
1.15,-3.35,0.0,0.0,0.1763
1.2,-3.35,0.0,0.0,0.183
1.25,-3.35,0.0,0.0,0.1885
1.3,-3.35,0.0,0.0,0.1924
1.35,-3.35,0.0,0.0,0.1958
1.4,-3.35,0.0,0.0,0.1991
1.45,-3.35,0.0,0.0,0.1999
1.5,-3.35,0.0,0.0,0.1965
1.55,-3.35,0.0,0.0,0.1925
1.6,-3.35,0.0,0.0,0.1886
1.65,-3.35,0.0,0.0,0.1846
1.7,-3.35,0.0,0.0,0.1805
1.75,-3.35,0.0,0.0,0.1761
1.8,-3.35,0.0,0.0,0.173
1.85,-3.35,0.0,0.0,0.1688
1.9,-3.35,0.0,0.0,0.1638
1.95,-3.35,0.0,0.0,0.1589
2.0,-3.35,0.0,0.0,0.1541
2.05,-3.35,0.0,0.0,0.1493
2.1,-3.35,0.0,0.0,0.1446
2.15,-3.35,0.0,0.0,0.1412
2.2,-3.35,0.0,0.0,0.1397
2.25,-3.35,1e-04,0.0,0.1382
2.3,-3.35,0.0004,0.0,0.1367
2.35,-3.35,0.0083,0.0,0.1352
2.4,-3.35,0.1503,0.0,0.1404
2.45,-3.35,0.7883,1e-04,0.1475
2.5,-3.35,0.9875,1e-04,0.1549
2.55,-3.35,0.9994,0.0002,0.1631
2.6,-3.35,1.0,0.0004,0.1728
2.65,-3.35,1.0,0.0008,0.1849
2.7,-3.35,1.0,0.0015,0.1976
2.75,-3.35,1.0,0.0081,0.2121
2.8,-3.35,1.0,0.0587,0.2396
2.85,-3.35,1.0,0.3145,0.2694
2.9,-3.35,1.0,0.7699,0.3014
2.95,-3.35,1.0,0.9606,0.3356
3.0,-3.35,1.0,0.9944,0.3716
3.05,-3.35,1.0,0.9992,0.4092
3.1,-3.35,1.0,0.9999,0.4461
3.15,-3.35,1.0,1.0,0.4836
3.2,-3.35,1.0,1.0,0.5213
3.25,-3.35,1.0,1.0,0.5588
3.3,-3.35,1.0,1.0,0.5994
3.35,-3.35,1.0,1.0,0.6504
3.4,-3.35,1.0,1.0,0.6982
3.45,-3.35,1.0,1.0,0.742
3.5,-3.35,1.0,1.0,0.7851
3.55,-3.35,1.0,1.0,0.825
3.6,-3.35,1.0,1.0,0.8635
3.65,-3.35,1.0,1.0,0.8973
3.7,-3.35,1.0,1.0,0.9235
3.75,-3.35,1.0,1.0,0.9435
3.8,-3.35,1.0,1.0,0.9585
3.85,-3.35,1.0,1.0,0.9717
3.9,-3.35,1.0,1.0,0.9813
3.95,-3.35,1.0,1.0,0.9877
4.0,-3.35,1.0,1.0,0.992
-4.0,-3.3,0.0,0.0,0.0
-3.95,-3.3,0.0,0.0,0.0
-3.9,-3.3,0.0,0.0,0.0
-3.85,-3.3,0.0,0.0,0.0
-3.8,-3.3,0.0,0.0,0.0
-3.75,-3.3,0.0,0.0,0.0
-3.7,-3.3,0.0,0.0,0.0
-3.65,-3.3,0.0,0.0,0.0
-3.6,-3.3,0.0,0.0,0.0
-3.55,-3.3,0.0,0.0,0.0
-3.5,-3.3,0.0,0.0,0.0
-3.45,-3.3,0.0,0.0,0.0
-3.4,-3.3,0.0,0.0,0.0
-3.35,-3.3,0.0,0.0,0.0
-3.3,-3.3,0.0,0.0,0.0
-3.25,-3.3,0.0,0.0,0.0
-3.2,-3.3,0.0,0.0,0.0
-3.15,-3.3,0.0,0.0,0.0
-3.1,-3.3,0.0,0.0,0.0
-3.05,-3.3,0.0,0.0,0.0
-3.0,-3.3,0.0,0.0,0.0
-2.95,-3.3,0.0,0.0,0.0
-2.9,-3.3,0.0,0.0,0.0
-2.85,-3.3,0.0,0.0,0.0
-2.8,-3.3,0.0,0.0,0.0
-2.75,-3.3,0.0,0.0,0.0
-2.7,-3.3,0.0,0.0,0.0
-2.65,-3.3,0.0,0.0,0.0
-2.6,-3.3,0.0,0.0,0.0
-2.55,-3.3,0.0,0.0,0.0
-2.5,-3.3,0.0,0.0,0.0
-2.45,-3.3,0.0,0.0,0.0
-2.4,-3.3,0.0,0.0,0.0
-2.35,-3.3,0.0,0.0,0.0
-2.3,-3.3,0.0,0.0,0.0
-2.25,-3.3,0.0,0.0,0.0
-2.2,-3.3,0.0,0.0,0.0
-2.15,-3.3,0.0,0.0,0.0
-2.1,-3.3,0.0,0.0,0.0
-2.05,-3.3,0.0,0.0,0.0
-2.0,-3.3,0.0,0.0,0.0
-1.95,-3.3,0.0,0.0,0.0
-1.9,-3.3,0.0,0.0,0.0
-1.85,-3.3,0.0,0.0,0.0
-1.8,-3.3,0.0,0.0,0.0
-1.75,-3.3,0.0,0.0,0.0
-1.7,-3.3,0.0,0.0,0.0
-1.65,-3.3,0.0,0.0,0.0
-1.6,-3.3,0.0,0.0,0.0
-1.55,-3.3,0.0,0.0,0.0
-1.5,-3.3,0.0,0.0,0.0
-1.45,-3.3,0.0,0.0,0.0
-1.4,-3.3,0.0,0.0,0.0
-1.35,-3.3,0.0,0.0,0.0
-1.3,-3.3,0.0,0.0,0.0
-1.25,-3.3,0.0,0.0,0.0
-1.2,-3.3,0.0,0.0,0.0
-1.15,-3.3,0.0,0.0,0.0
-1.1,-3.3,0.0,0.0,0.0
-1.05,-3.3,0.0,0.0,0.0
-1.0,-3.3,0.0,0.0,0.0
-0.95,-3.3,0.0,0.0,0.0
-0.9,-3.3,0.0,0.0,0.0
-0.85,-3.3,0.0,0.0,0.0
-0.8,-3.3,0.0,0.0,0.0
-0.75,-3.3,0.0,0.0,0.0
-0.7,-3.3,0.0,0.0,0.0
-0.65,-3.3,0.0,0.0,0.0
-0.6,-3.3,0.0,0.0,0.0
-0.55,-3.3,0.0,0.0,0.0
-0.5,-3.3,0.0,0.0,0.0
-0.45,-3.3,0.0,0.0,0.0
-0.4,-3.3,0.0,0.0,0.0
-0.35,-3.3,0.0,0.0,0.0
-0.3,-3.3,0.0,0.0,0.0
-0.25,-3.3,0.0,0.0,0.0
-0.2,-3.3,0.0,0.0,0.0
-0.15,-3.3,0.0,0.0,0.0
-0.1,-3.3,0.0,0.0,0.0
-0.05,-3.3,0.0,0.0,0.0
0.0,-3.3,0.0,0.0,0.0
0.05,-3.3,0.0,0.0,0.0
0.1,-3.3,0.0,0.0,0.0
0.15,-3.3,0.0,0.0,0.0
0.2,-3.3,0.0,0.0,0.0002
0.25,-3.3,0.0,0.0,0.0009
0.3,-3.3,0.0,0.0,0.0032
0.35,-3.3,0.0,0.0,0.011
0.4,-3.3,0.0,0.0,0.0263
0.45,-3.3,0.0,0.0,0.0482
0.5,-3.3,0.0,0.0,0.0655
0.55,-3.3,0.0,0.0,0.0746
0.6,-3.3,0.0,0.0,0.0841
0.65,-3.3,0.0,0.0,0.0948
0.7,-3.3,0.0,0.0,0.1063
0.75,-3.3,0.0,0.0,0.1182
0.8,-3.3,0.0,0.0,0.1284
0.85,-3.3,0.0,0.0,0.1373
0.9,-3.3,0.0,0.0,0.1464
0.95,-3.3,0.0,0.0,0.1559
1.0,-3.3,0.0,0.0,0.1659
1.05,-3.3,0.0,0.0,0.1749
1.1,-3.3,0.0,0.0,0.183
1.15,-3.3,0.0,0.0,0.1903
1.2,-3.3,0.0,0.0,0.1967
1.25,-3.3,0.0,0.0,0.201
1.3,-3.3,0.0,0.0,0.2046
1.35,-3.3,0.0,0.0,0.2079
1.4,-3.3,0.0,0.0,0.2106
1.45,-3.3,0.0,0.0,0.2072
1.5,-3.3,0.0,0.0,0.2031
1.55,-3.3,0.0,0.0,0.199
1.6,-3.3,0.0,0.0,0.1949
1.65,-3.3,0.0,0.0,0.1907
1.7,-3.3,0.0,0.0,0.1854
1.75,-3.3,0.0,0.0,0.1819
1.8,-3.3,0.0,0.0,0.1787
1.85,-3.3,0.0,0.0,0.174
1.9,-3.3,0.0,0.0,0.1689
1.95,-3.3,0.0,0.0,0.1639
2.0,-3.3,0.0,0.0,0.1589
2.05,-3.3,0.0,0.0,0.1539
2.1,-3.3,0.0,0.0,0.1492
2.15,-3.3,0.0,0.0,0.1469
2.2,-3.3,1e-04,0.0,0.1453
2.25,-3.3,0.0002,0.0,0.1437
2.3,-3.3,0.0019,0.0,0.1422
2.35,-3.3,0.0376,0.0,0.1433
2.4,-3.3,0.4514,1e-04,0.1506
2.45,-3.3,0.9443,1e-04,0.1581
2.5,-3.3,0.9971,0.0002,0.1662
2.55,-3.3,0.9999,0.0004,0.175
2.6,-3.3,1.0,0.0008,0.1858
2.65,-3.3,1.0,0.0015,0.1986
2.7,-3.3,1.0,0.0058,0.212
2.75,-3.3,1.0,0.0413,0.2362
2.8,-3.3,1.0,0.2388,0.2658
2.85,-3.3,1.0,0.6959,0.2976
2.9,-3.3,1.0,0.9435,0.3315
2.95,-3.3,1.0,0.9918,0.3672
3.0,-3.3,1.0,0.9988,0.404
3.05,-3.3,1.0,0.9998,0.4408
3.1,-3.3,1.0,1.0,0.4782
3.15,-3.3,1.0,1.0,0.516
3.2,-3.3,1.0,1.0,0.5535
3.25,-3.3,1.0,1.0,0.5922
3.3,-3.3,1.0,1.0,0.6436
3.35,-3.3,1.0,1.0,0.6918
3.4,-3.3,1.0,1.0,0.7362
3.45,-3.3,1.0,1.0,0.7808
3.5,-3.3,1.0,1.0,0.8213
3.55,-3.3,1.0,1.0,0.8613
3.6,-3.3,1.0,1.0,0.8957
3.65,-3.3,1.0,1.0,0.9223
3.7,-3.3,1.0,1.0,0.9425
3.75,-3.3,1.0,1.0,0.9577
3.8,-3.3,1.0,1.0,0.9717
3.85,-3.3,1.0,1.0,0.9813
3.9,-3.3,1.0,1.0,0.9877
3.95,-3.3,1.0,1.0,0.992
4.0,-3.3,1.0,1.0,0.9948
-4.0,-3.25,0.0,0.0,0.0
-3.95,-3.25,0.0,0.0,0.0
-3.9,-3.25,0.0,0.0,0.0
-3.85,-3.25,0.0,0.0,0.0
-3.8,-3.25,0.0,0.0,0.0
-3.75,-3.25,0.0,0.0,0.0
-3.7,-3.25,0.0,0.0,0.0
-3.65,-3.25,0.0,0.0,0.0
-3.6,-3.25,0.0,0.0,0.0
-3.55,-3.25,0.0,0.0,0.0
-3.5,-3.25,0.0,0.0,0.0
-3.45,-3.25,0.0,0.0,0.0
-3.4,-3.25,0.0,0.0,0.0
-3.35,-3.25,0.0,0.0,0.0
-3.3,-3.25,0.0,0.0,0.0
-3.25,-3.25,0.0,0.0,0.0
-3.2,-3.25,0.0,0.0,0.0
-3.15,-3.25,0.0,0.0,0.0
-3.1,-3.25,0.0,0.0,0.0
-3.05,-3.25,0.0,0.0,0.0
-3.0,-3.25,0.0,0.0,0.0
-2.95,-3.25,0.0,0.0,0.0
-2.9,-3.25,0.0,0.0,0.0
-2.85,-3.25,0.0,0.0,0.0
-2.8,-3.25,0.0,0.0,0.0
-2.75,-3.25,0.0,0.0,0.0
-2.7,-3.25,0.0,0.0,0.0
-2.65,-3.25,0.0,0.0,0.0
-2.6,-3.25,0.0,0.0,0.0
-2.55,-3.25,0.0,0.0,0.0
-2.5,-3.25,0.0,0.0,0.0
-2.45,-3.25,0.0,0.0,0.0
-2.4,-3.25,0.0,0.0,0.0
-2.35,-3.25,0.0,0.0,0.0
-2.3,-3.25,0.0,0.0,0.0
-2.25,-3.25,0.0,0.0,0.0
-2.2,-3.25,0.0,0.0,0.0
-2.15,-3.25,0.0,0.0,0.0
-2.1,-3.25,0.0,0.0,0.0
-2.05,-3.25,0.0,0.0,0.0
-2.0,-3.25,0.0,0.0,0.0
-1.95,-3.25,0.0,0.0,0.0
-1.9,-3.25,0.0,0.0,0.0
-1.85,-3.25,0.0,0.0,0.0
-1.8,-3.25,0.0,0.0,0.0
-1.75,-3.25,0.0,0.0,0.0
-1.7,-3.25,0.0,0.0,0.0
-1.65,-3.25,0.0,0.0,0.0
-1.6,-3.25,0.0,0.0,0.0
-1.55,-3.25,0.0,0.0,0.0
-1.5,-3.25,0.0,0.0,0.0
-1.45,-3.25,0.0,0.0,0.0
-1.4,-3.25,0.0,0.0,0.0
-1.35,-3.25,0.0,0.0,0.0
-1.3,-3.25,0.0,0.0,0.0
-1.25,-3.25,0.0,0.0,0.0
-1.2,-3.25,0.0,0.0,0.0
-1.15,-3.25,0.0,0.0,0.0
-1.1,-3.25,0.0,0.0,0.0
-1.05,-3.25,0.0,0.0,0.0
-1.0,-3.25,0.0,0.0,0.0
-0.95,-3.25,0.0,0.0,0.0
-0.9,-3.25,0.0,0.0,0.0
-0.85,-3.25,0.0,0.0,0.0
-0.8,-3.25,0.0,0.0,0.0
-0.75,-3.25,0.0,0.0,0.0
-0.7,-3.25,0.0,0.0,0.0
-0.65,-3.25,0.0,0.0,0.0
-0.6,-3.25,0.0,0.0,0.0
-0.55,-3.25,0.0,0.0,0.0
-0.5,-3.25,0.0,0.0,0.0
-0.45,-3.25,0.0,0.0,0.0
-0.4,-3.25,0.0,0.0,0.0
-0.35,-3.25,0.0,0.0,0.0
-0.3,-3.25,0.0,0.0,0.0
-0.25,-3.25,0.0,0.0,0.0
-0.2,-3.25,0.0,0.0,0.0
-0.15,-3.25,0.0,0.0,0.0
-0.1,-3.25,0.0,0.0,0.0
-0.05,-3.25,0.0,0.0,0.0
0.0,-3.25,0.0,0.0,0.0
0.05,-3.25,0.0,0.0,0.0
0.1,-3.25,0.0,0.0,0.0
0.15,-3.25,0.0,0.0,1e-04
0.2,-3.25,0.0,0.0,0.0003
0.25,-3.25,0.0,0.0,0.0012
0.3,-3.25,0.0,0.0,0.0043
0.35,-3.25,0.0,0.0,0.0145
0.4,-3.25,0.0,0.0,0.0327
0.45,-3.25,0.0,0.0,0.058
0.5,-3.25,0.0,0.0,0.0753
0.55,-3.25,0.0,0.0,0.0849
0.6,-3.25,0.0,0.0,0.0955
0.65,-3.25,0.0,0.0,0.1076
0.7,-3.25,0.0,0.0,0.1204
0.75,-3.25,0.0,0.0,0.132
0.8,-3.25,0.0,0.0,0.1415
0.85,-3.25,0.0,0.0,0.1511
0.9,-3.25,0.0,0.0,0.1609
0.95,-3.25,0.0,0.0,0.1711
1.0,-3.25,0.0,0.0,0.181
1.05,-3.25,0.0,0.0,0.19
1.1,-3.25,0.0,0.0,0.1978
1.15,-3.25,0.0,0.0,0.2045
1.2,-3.25,0.0,0.0,0.2097
1.25,-3.25,0.0,0.0,0.2137
1.3,-3.25,0.0,0.0,0.2171
1.35,-3.25,0.0,0.0,0.2206
1.4,-3.25,0.0,0.0,0.2182
1.45,-3.25,0.0,0.0,0.2141
1.5,-3.25,0.0,0.0,0.2099
1.55,-3.25,0.0,0.0,0.2056
1.6,-3.25,0.0,0.0,0.2013
1.65,-3.25,0.0,0.0,0.1959
1.7,-3.25,0.0,0.0,0.1913
1.75,-3.25,0.0,0.0,0.1878
1.8,-3.25,0.0,0.0,0.1847
1.85,-3.25,0.0,0.0,0.1794
1.9,-3.25,0.0,0.0,0.1742
1.95,-3.25,0.0,0.0,0.1689
2.0,-3.25,0.0,0.0,0.1637
2.05,-3.25,0.0,0.0,0.1587
2.1,-3.25,0.0,0.0,0.1544
2.15,-3.25,1e-04,0.0,0.1528
2.2,-3.25,1e-04,0.0,0.1511
2.25,-3.25,0.0004,0.0,0.1495
2.3,-3.25,0.0086,1e-04,0.1479
2.35,-3.25,0.1539,1e-04,0.1537
2.4,-3.25,0.7854,1e-04,0.1614
2.45,-3.25,0.9866,0.0002,0.1694
2.5,-3.25,0.9993,0.0004,0.1783
2.55,-3.25,1.0,0.0007,0.1876
2.6,-3.25,1.0,0.0014,0.1996
2.65,-3.25,1.0,0.0041,0.213
2.7,-3.25,1.0,0.0288,0.2329
2.75,-3.25,1.0,0.1767,0.2622
2.8,-3.25,1.0,0.6101,0.2937
2.85,-3.25,1.0,0.9194,0.3274
2.9,-3.25,1.0,0.988,0.3629
2.95,-3.25,1.0,0.9983,0.399
3.0,-3.25,1.0,0.9997,0.4355
3.05,-3.25,1.0,1.0,0.4729
3.1,-3.25,1.0,1.0,0.5106
3.15,-3.25,1.0,1.0,0.5482
3.2,-3.25,1.0,1.0,0.5856
3.25,-3.25,1.0,1.0,0.6367
3.3,-3.25,1.0,1.0,0.6854
3.35,-3.25,1.0,1.0,0.7304
3.4,-3.25,1.0,1.0,0.7765
3.45,-3.25,1.0,1.0,0.8175
3.5,-3.25,1.0,1.0,0.8592
3.55,-3.25,1.0,1.0,0.894
3.6,-3.25,1.0,1.0,0.921
3.65,-3.25,1.0,1.0,0.9415
3.7,-3.25,1.0,1.0,0.9572
3.75,-3.25,1.0,1.0,0.9716
3.8,-3.25,1.0,1.0,0.9813
3.85,-3.25,1.0,1.0,0.9876
3.9,-3.25,1.0,1.0,0.9919
3.95,-3.25,1.0,1.0,0.9947
4.0,-3.25,1.0,1.0,0.9966
-4.0,-3.2,0.0,0.0,0.0
-3.95,-3.2,0.0,0.0,0.0
-3.9,-3.2,0.0,0.0,0.0
-3.85,-3.2,0.0,0.0,0.0
-3.8,-3.2,0.0,0.0,0.0
-3.75,-3.2,0.0,0.0,0.0
-3.7,-3.2,0.0,0.0,0.0
-3.65,-3.2,0.0,0.0,0.0
-3.6,-3.2,0.0,0.0,0.0
-3.55,-3.2,0.0,0.0,0.0
-3.5,-3.2,0.0,0.0,0.0
-3.45,-3.2,0.0,0.0,0.0
-3.4,-3.2,0.0,0.0,0.0
-3.35,-3.2,0.0,0.0,0.0
-3.3,-3.2,0.0,0.0,0.0
-3.25,-3.2,0.0,0.0,0.0
-3.2,-3.2,0.0,0.0,0.0
-3.15,-3.2,0.0,0.0,0.0
-3.1,-3.2,0.0,0.0,0.0
-3.05,-3.2,0.0,0.0,0.0
-3.0,-3.2,0.0,0.0,0.0
-2.95,-3.2,0.0,0.0,0.0
-2.9,-3.2,0.0,0.0,0.0
-2.85,-3.2,0.0,0.0,0.0
-2.8,-3.2,0.0,0.0,0.0
-2.75,-3.2,0.0,0.0,0.0
-2.7,-3.2,0.0,0.0,0.0
-2.65,-3.2,0.0,0.0,0.0
-2.6,-3.2,0.0,0.0,0.0
-2.55,-3.2,0.0,0.0,0.0
-2.5,-3.2,0.0,0.0,0.0
-2.45,-3.2,0.0,0.0,0.0
-2.4,-3.2,0.0,0.0,0.0
-2.35,-3.2,0.0,0.0,0.0
-2.3,-3.2,0.0,0.0,0.0
-2.25,-3.2,0.0,0.0,0.0
-2.2,-3.2,0.0,0.0,0.0
-2.15,-3.2,0.0,0.0,0.0
-2.1,-3.2,0.0,0.0,0.0
-2.05,-3.2,0.0,0.0,0.0
-2.0,-3.2,0.0,0.0,0.0
-1.95,-3.2,0.0,0.0,0.0
-1.9,-3.2,0.0,0.0,0.0
-1.85,-3.2,0.0,0.0,0.0
-1.8,-3.2,0.0,0.0,0.0
-1.75,-3.2,0.0,0.0,0.0
-1.7,-3.2,0.0,0.0,0.0
-1.65,-3.2,0.0,0.0,0.0
-1.6,-3.2,0.0,0.0,0.0
-1.55,-3.2,0.0,0.0,0.0
-1.5,-3.2,0.0,0.0,0.0
-1.45,-3.2,0.0,0.0,0.0
-1.4,-3.2,0.0,0.0,0.0
-1.35,-3.2,0.0,0.0,0.0
-1.3,-3.2,0.0,0.0,0.0
-1.25,-3.2,0.0,0.0,0.0
-1.2,-3.2,0.0,0.0,0.0
-1.15,-3.2,0.0,0.0,0.0
-1.1,-3.2,0.0,0.0,0.0
-1.05,-3.2,0.0,0.0,0.0
-1.0,-3.2,0.0,0.0,0.0
-0.95,-3.2,0.0,0.0,0.0
-0.9,-3.2,0.0,0.0,0.0
-0.85,-3.2,0.0,0.0,0.0
-0.8,-3.2,0.0,0.0,0.0
-0.75,-3.2,0.0,0.0,0.0
-0.7,-3.2,0.0,0.0,0.0
-0.65,-3.2,0.0,0.0,0.0
-0.6,-3.2,0.0,0.0,0.0
-0.55,-3.2,0.0,0.0,0.0
-0.5,-3.2,0.0,0.0,0.0
-0.45,-3.2,0.0,0.0,0.0
-0.4,-3.2,0.0,0.0,0.0
-0.35,-3.2,0.0,0.0,0.0
-0.3,-3.2,0.0,0.0,0.0
-0.25,-3.2,0.0,0.0,0.0
-0.2,-3.2,0.0,0.0,0.0
-0.15,-3.2,0.0,0.0,0.0
-0.1,-3.2,0.0,0.0,0.0
-0.05,-3.2,0.0,0.0,0.0
0.0,-3.2,0.0,0.0,0.0
0.05,-3.2,0.0,0.0,0.0
0.1,-3.2,0.0,0.0,0.0
0.15,-3.2,0.0,0.0,1e-04
0.2,-3.2,0.0,0.0,0.0004
0.25,-3.2,0.0,0.0,0.0016
0.3,-3.2,0.0,0.0,0.0057
0.35,-3.2,0.0,0.0,0.0189
0.4,-3.2,0.0,0.0,0.0402
0.45,-3.2,0.0,0.0,0.0684
0.5,-3.2,0.0,0.0,0.0857
0.55,-3.2,0.0,0.0,0.0964
0.6,-3.2,0.0,0.0,0.1085
0.65,-3.2,0.0,0.0,0.1217
0.7,-3.2,0.0,0.0,0.1347
0.75,-3.2,0.0,0.0,0.1458
0.8,-3.2,0.0,0.0,0.1557
0.85,-3.2,0.0,0.0,0.166
0.9,-3.2,0.0,0.0,0.1764
0.95,-3.2,0.0,0.0,0.1873
1.0,-3.2,0.0,0.0,0.1967
1.05,-3.2,0.0,0.0,0.2053
1.1,-3.2,0.0,0.0,0.2125
1.15,-3.2,0.0,0.0,0.2187
1.2,-3.2,0.0,0.0,0.2229
1.25,-3.2,0.0,0.0,0.2266
1.3,-3.2,0.0,0.0,0.2302
1.35,-3.2,0.0,0.0,0.2297
1.4,-3.2,0.0,0.0,0.2256
1.45,-3.2,0.0,0.0,0.2212
1.5,-3.2,0.0,0.0,0.2168
1.55,-3.2,0.0,0.0,0.2122
1.6,-3.2,0.0,0.0,0.2067
1.65,-3.2,0.0,0.0,0.201
1.7,-3.2,0.0,0.0,0.1974
1.75,-3.2,0.0,0.0,0.194
1.8,-3.2,0.0,0.0,0.1904
1.85,-3.2,0.0,0.0,0.1849
1.9,-3.2,0.0,0.0,0.1794
1.95,-3.2,0.0,0.0,0.1739
2.0,-3.2,0.0,0.0,0.1687
2.05,-3.2,0.0,0.0,0.1637
2.1,-3.2,1e-04,0.0,0.1605
2.15,-3.2,1e-04,0.0,0.1588
2.2,-3.2,0.0003,1e-04,0.1571
2.25,-3.2,0.0019,1e-04,0.1554
2.3,-3.2,0.0381,1e-04,0.1569
2.35,-3.2,0.4419,1e-04,0.1647
2.4,-3.2,0.9406,0.0002,0.1728
2.45,-3.2,0.9969,0.0004,0.1817
2.5,-3.2,0.9998,0.0007,0.1911
2.55,-3.2,1.0,0.0014,0.2009
2.6,-3.2,1.0,0.0031,0.214
2.65,-3.2,1.0,0.0202,0.2296
2.7,-3.2,1.0,0.1288,0.2586
2.75,-3.2,1.0,0.5169,0.2899
2.8,-3.2,1.0,0.8862,0.3233
2.85,-3.2,1.0,0.9823,0.3587
2.9,-3.2,1.0,0.9974,0.3942
2.95,-3.2,1.0,0.9996,0.4305
3.0,-3.2,1.0,0.9999,0.4676
3.05,-3.2,1.0,1.0,0.5053
3.1,-3.2,1.0,1.0,0.543
3.15,-3.2,1.0,1.0,0.5801
3.2,-3.2,1.0,1.0,0.6298
3.25,-3.2,1.0,1.0,0.679
3.3,-3.2,1.0,1.0,0.7245
3.35,-3.2,1.0,1.0,0.7722
3.4,-3.2,1.0,1.0,0.8138
3.45,-3.2,1.0,1.0,0.857
3.5,-3.2,1.0,1.0,0.8923
3.55,-3.2,1.0,1.0,0.9197
3.6,-3.2,1.0,1.0,0.9406
3.65,-3.2,1.0,1.0,0.9571
3.7,-3.2,1.0,1.0,0.9715
3.75,-3.2,1.0,1.0,0.9812
3.8,-3.2,1.0,1.0,0.9875
3.85,-3.2,1.0,1.0,0.9918
3.9,-3.2,1.0,1.0,0.9947
3.95,-3.2,1.0,1.0,0.9965
4.0,-3.2,1.0,1.0,0.9977
-4.0,-3.15,0.0,0.0,0.0
-3.95,-3.15,0.0,0.0,0.0
-3.9,-3.15,0.0,0.0,0.0
-3.85,-3.15,0.0,0.0,0.0
-3.8,-3.15,0.0,0.0,0.0
-3.75,-3.15,0.0,0.0,0.0
-3.7,-3.15,0.0,0.0,0.0
-3.65,-3.15,0.0,0.0,0.0
-3.6,-3.15,0.0,0.0,0.0
-3.55,-3.15,0.0,0.0,0.0
-3.5,-3.15,0.0,0.0,0.0
-3.45,-3.15,0.0,0.0,0.0
-3.4,-3.15,0.0,0.0,0.0
-3.35,-3.15,0.0,0.0,0.0
-3.3,-3.15,0.0,0.0,0.0
-3.25,-3.15,0.0,0.0,0.0
-3.2,-3.15,0.0,0.0,0.0
-3.15,-3.15,0.0,0.0,0.0
-3.1,-3.15,0.0,0.0,0.0
-3.05,-3.15,0.0,0.0,0.0
-3.0,-3.15,0.0,0.0,0.0
-2.95,-3.15,0.0,0.0,0.0
-2.9,-3.15,0.0,0.0,0.0
-2.85,-3.15,0.0,0.0,0.0
-2.8,-3.15,0.0,0.0,0.0
-2.75,-3.15,0.0,0.0,0.0
-2.7,-3.15,0.0,0.0,0.0
-2.65,-3.15,0.0,0.0,0.0
-2.6,-3.15,0.0,0.0,0.0
-2.55,-3.15,0.0,0.0,0.0
-2.5,-3.15,0.0,0.0,0.0
-2.45,-3.15,0.0,0.0,0.0
-2.4,-3.15,0.0,0.0,0.0
-2.35,-3.15,0.0,0.0,0.0
-2.3,-3.15,0.0,0.0,0.0
-2.25,-3.15,0.0,0.0,0.0
-2.2,-3.15,0.0,0.0,0.0
-2.15,-3.15,0.0,0.0,0.0
-2.1,-3.15,0.0,0.0,0.0
-2.05,-3.15,0.0,0.0,0.0
-2.0,-3.15,0.0,0.0,0.0
-1.95,-3.15,0.0,0.0,0.0
-1.9,-3.15,0.0,0.0,0.0
-1.85,-3.15,0.0,0.0,0.0
-1.8,-3.15,0.0,0.0,0.0
-1.75,-3.15,0.0,0.0,0.0
-1.7,-3.15,0.0,0.0,0.0
-1.65,-3.15,0.0,0.0,0.0
-1.6,-3.15,0.0,0.0,0.0
-1.55,-3.15,0.0,0.0,0.0
-1.5,-3.15,0.0,0.0,0.0
-1.45,-3.15,0.0,0.0,0.0
-1.4,-3.15,0.0,0.0,0.0
-1.35,-3.15,0.0,0.0,0.0
-1.3,-3.15,0.0,0.0,0.0
-1.25,-3.15,0.0,0.0,0.0
-1.2,-3.15,0.0,0.0,0.0
-1.15,-3.15,0.0,0.0,0.0
-1.1,-3.15,0.0,0.0,0.0
-1.05,-3.15,0.0,0.0,0.0
-1.0,-3.15,0.0,0.0,0.0
-0.95,-3.15,0.0,0.0,0.0
-0.9,-3.15,0.0,0.0,0.0
-0.85,-3.15,0.0,0.0,0.0
-0.8,-3.15,0.0,0.0,0.0
-0.75,-3.15,0.0,0.0,0.0
-0.7,-3.15,0.0,0.0,0.0
-0.65,-3.15,0.0,0.0,0.0
-0.6,-3.15,0.0,0.0,0.0
-0.55,-3.15,0.0,0.0,0.0
-0.5,-3.15,0.0,0.0,0.0
-0.45,-3.15,0.0,0.0,0.0
-0.4,-3.15,0.0,0.0,0.0
-0.35,-3.15,0.0,0.0,0.0
-0.3,-3.15,0.0,0.0,0.0
-0.25,-3.15,0.0,0.0,0.0
-0.2,-3.15,0.0,0.0,0.0
-0.15,-3.15,0.0,0.0,0.0
-0.1,-3.15,0.0,0.0,0.0
-0.05,-3.15,0.0,0.0,0.0
0.0,-3.15,0.0,0.0,0.0
0.05,-3.15,0.0,0.0,0.0
0.1,-3.15,0.0,0.0,0.0
0.15,-3.15,0.0,0.0,1e-04
0.2,-3.15,0.0,0.0,0.0006
0.25,-3.15,0.0,0.0,0.0022
0.3,-3.15,0.0,0.0,0.0075
0.35,-3.15,0.0,0.0,0.0238
0.4,-3.15,0.0,0.0,0.0493
0.45,-3.15,0.0,0.0,0.0798
0.5,-3.15,0.0,0.0,0.0974
0.55,-3.15,0.0,0.0,0.1093
0.6,-3.15,0.0,0.0,0.1229
0.65,-3.15,0.0,0.0,0.1371
0.7,-3.15,0.0,0.0,0.15
0.75,-3.15,0.0,0.0,0.1604
0.8,-3.15,0.0,0.0,0.1711
0.85,-3.15,0.0,0.0,0.1819
0.9,-3.15,0.0,0.0,0.1931
0.95,-3.15,0.0,0.0,0.2035
1.0,-3.15,0.0,0.0,0.2128
1.05,-3.15,0.0,0.0,0.2206
1.1,-3.15,0.0,0.0,0.2278
1.15,-3.15,0.0,0.0,0.2325
1.2,-3.15,0.0,0.0,0.2364
1.25,-3.15,0.0,0.0,0.24
1.3,-3.15,0.0,0.0,0.2415
1.35,-3.15,0.0,0.0,0.2375
1.4,-3.15,0.0,0.0,0.233
1.45,-3.15,0.0,0.0,0.2284
1.5,-3.15,0.0,0.0,0.2236
1.55,-3.15,0.0,0.0,0.2181
1.6,-3.15,0.0,0.0,0.212
1.65,-3.15,0.0,0.0,0.2074
1.7,-3.15,0.0,0.0,0.2037
1.75,-3.15,0.0,0.0,0.2004
1.8,-3.15,0.0,0.0,0.1963
1.85,-3.15,0.0,0.0,0.1904
1.9,-3.15,0.0,0.0,0.1847
1.95,-3.15,0.0,0.0,0.1792
2.0,-3.15,0.0,0.0,0.174
2.05,-3.15,1e-04,0.0,0.1689
2.1,-3.15,1e-04,0.0,0.1668
2.15,-3.15,0.0002,1e-04,0.1651
2.2,-3.15,0.0006,1e-04,0.1633
2.25,-3.15,0.0085,1e-04,0.1616
2.3,-3.15,0.1464,1e-04,0.1681
2.35,-3.15,0.774,0.0002,0.1764
2.4,-3.15,0.9856,0.0004,0.185
2.45,-3.15,0.9993,0.0007,0.1946
2.5,-3.15,1.0,0.0013,0.2046
2.55,-3.15,1.0,0.0025,0.2151
2.6,-3.15,1.0,0.0142,0.2293
2.65,-3.15,1.0,0.0928,0.2551
2.7,-3.15,1.0,0.4246,0.2862
2.75,-3.15,1.0,0.8401,0.3194
2.8,-3.15,1.0,0.9739,0.3544
2.85,-3.15,1.0,0.9961,0.3894
2.9,-3.15,1.0,0.9994,0.4256
2.95,-3.15,1.0,0.9999,0.4626
3.0,-3.15,1.0,1.0,0.5
3.05,-3.15,1.0,1.0,0.5377
3.1,-3.15,1.0,1.0,0.575
3.15,-3.15,1.0,1.0,0.6228
3.2,-3.15,1.0,1.0,0.6725
3.25,-3.15,1.0,1.0,0.7194
3.3,-3.15,1.0,1.0,0.7678
3.35,-3.15,1.0,1.0,0.81
3.4,-3.15,1.0,1.0,0.8548
3.45,-3.15,1.0,1.0,0.8905
3.5,-3.15,1.0,1.0,0.9183
3.55,-3.15,1.0,1.0,0.9395
3.6,-3.15,1.0,1.0,0.957
3.65,-3.15,1.0,1.0,0.9715
3.7,-3.15,1.0,1.0,0.9811
3.75,-3.15,1.0,1.0,0.9874
3.8,-3.15,1.0,1.0,0.9918
3.85,-3.15,1.0,1.0,0.9946
3.9,-3.15,1.0,1.0,0.9965
3.95,-3.15,1.0,1.0,0.9977
4.0,-3.15,1.0,1.0,0.9985
-4.0,-3.1,0.0,0.0,0.0
-3.95,-3.1,0.0,0.0,0.0
-3.9,-3.1,0.0,0.0,0.0
-3.85,-3.1,0.0,0.0,0.0
-3.8,-3.1,0.0,0.0,0.0
-3.75,-3.1,0.0,0.0,0.0
-3.7,-3.1,0.0,0.0,0.0
-3.65,-3.1,0.0,0.0,0.0
-3.6,-3.1,0.0,0.0,0.0
-3.55,-3.1,0.0,0.0,0.0
-3.5,-3.1,0.0,0.0,0.0
-3.45,-3.1,0.0,0.0,0.0
-3.4,-3.1,0.0,0.0,0.0
-3.35,-3.1,0.0,0.0,0.0
-3.3,-3.1,0.0,0.0,0.0
-3.25,-3.1,0.0,0.0,0.0
-3.2,-3.1,0.0,0.0,0.0
-3.15,-3.1,0.0,0.0,0.0
-3.1,-3.1,0.0,0.0,0.0
-3.05,-3.1,0.0,0.0,0.0
-3.0,-3.1,0.0,0.0,0.0
-2.95,-3.1,0.0,0.0,0.0
-2.9,-3.1,0.0,0.0,0.0
-2.85,-3.1,0.0,0.0,0.0
-2.8,-3.1,0.0,0.0,0.0
-2.75,-3.1,0.0,0.0,0.0
-2.7,-3.1,0.0,0.0,0.0
-2.65,-3.1,0.0,0.0,0.0
-2.6,-3.1,0.0,0.0,0.0
-2.55,-3.1,0.0,0.0,0.0
-2.5,-3.1,0.0,0.0,0.0
-2.45,-3.1,0.0,0.0,0.0
-2.4,-3.1,0.0,0.0,0.0
-2.35,-3.1,0.0,0.0,0.0
-2.3,-3.1,0.0,0.0,0.0
-2.25,-3.1,0.0,0.0,0.0
-2.2,-3.1,0.0,0.0,0.0
-2.15,-3.1,0.0,0.0,0.0
-2.1,-3.1,0.0,0.0,0.0
-2.05,-3.1,0.0,0.0,0.0
-2.0,-3.1,0.0,0.0,0.0
-1.95,-3.1,0.0,0.0,0.0
-1.9,-3.1,0.0,0.0,0.0
-1.85,-3.1,0.0,0.0,0.0
-1.8,-3.1,0.0,0.0,0.0
-1.75,-3.1,0.0,0.0,0.0
-1.7,-3.1,0.0,0.0,0.0
-1.65,-3.1,0.0,0.0,0.0
-1.6,-3.1,0.0,0.0,0.0
-1.55,-3.1,0.0,0.0,0.0
-1.5,-3.1,0.0,0.0,0.0
-1.45,-3.1,0.0,0.0,0.0
-1.4,-3.1,0.0,0.0,0.0
-1.35,-3.1,0.0,0.0,0.0
-1.3,-3.1,0.0,0.0,0.0
-1.25,-3.1,0.0,0.0,0.0
-1.2,-3.1,0.0,0.0,0.0
-1.15,-3.1,0.0,0.0,0.0
-1.1,-3.1,0.0,0.0,0.0
-1.05,-3.1,0.0,0.0,0.0
-1.0,-3.1,0.0,0.0,0.0
-0.95,-3.1,0.0,0.0,0.0
-0.9,-3.1,0.0,0.0,0.0
-0.85,-3.1,0.0,0.0,0.0
-0.8,-3.1,0.0,0.0,0.0
-0.75,-3.1,0.0,0.0,0.0
-0.7,-3.1,0.0,0.0,0.0
-0.65,-3.1,0.0,0.0,0.0
-0.6,-3.1,0.0,0.0,0.0
-0.55,-3.1,0.0,0.0,0.0
-0.5,-3.1,0.0,0.0,0.0
-0.45,-3.1,0.0,0.0,0.0
-0.4,-3.1,0.0,0.0,0.0
-0.35,-3.1,0.0,0.0,0.0
-0.3,-3.1,0.0,0.0,0.0
-0.25,-3.1,0.0,0.0,0.0
-0.2,-3.1,0.0,0.0,0.0
-0.15,-3.1,0.0,0.0,0.0
-0.1,-3.1,0.0,0.0,0.0
-0.05,-3.1,0.0,0.0,0.0
0.0,-3.1,0.0,0.0,0.0
0.05,-3.1,0.0,0.0,0.0
0.1,-3.1,0.0,0.0,0.0
0.15,-3.1,0.0,0.0,0.0002
0.2,-3.1,0.0,0.0,0.0007
0.25,-3.1,0.0,0.0,0.0029
0.3,-3.1,0.0,0.0,0.0098
0.35,-3.1,0.0,0.0,0.0295
0.4,-3.1,0.0,0.0,0.0602
0.45,-3.1,0.0,0.0,0.093
0.5,-3.1,0.0,0.0,0.1105
0.55,-3.1,0.0,0.0,0.1239
0.6,-3.1,0.0,0.0,0.139
0.65,-3.1,0.0,0.0,0.1528
0.7,-3.1,0.0,0.0,0.1652
0.75,-3.1,0.0,0.0,0.1761
0.8,-3.1,0.0,0.0,0.1875
0.85,-3.1,0.0,0.0,0.199
0.9,-3.1,0.0,0.0,0.2104
0.95,-3.1,0.0,0.0,0.2206
1.0,-3.1,1e-04,0.0,0.2289
1.05,-3.1,1e-04,0.0,0.2365
1.1,-3.1,1e-04,0.0,0.2423
1.15,-3.1,1e-04,0.0,0.2465
1.2,-3.1,0.0,0.0,0.2502
1.25,-3.1,0.0,0.0,0.2538
1.3,-3.1,0.0,0.0,0.2499
1.35,-3.1,0.0,0.0,0.2452
1.4,-3.1,0.0,0.0,0.2404
1.45,-3.1,0.0,0.0,0.2355
1.5,-3.1,0.0,0.0,0.2299
1.55,-3.1,0.0,0.0,0.2236
1.6,-3.1,0.0,0.0,0.2178
1.65,-3.1,0.0,0.0,0.214
1.7,-3.1,0.0,0.0,0.2104
1.75,-3.1,0.0,0.0,0.2071
1.8,-3.1,0.0,0.0,0.2022
1.85,-3.1,0.0,0.0,0.1961
1.9,-3.1,0.0,0.0,0.1903
1.95,-3.1,1e-04,1e-04,0.1848
2.0,-3.1,1e-04,1e-04,0.1794
2.05,-3.1,1e-04,1e-04,0.1752
2.1,-3.1,0.0002,1e-04,0.1733
2.15,-3.1,0.0005,1e-04,0.1715
2.2,-3.1,0.0019,1e-04,0.1697
2.25,-3.1,0.0358,1e-04,0.1716
2.3,-3.1,0.4258,0.0002,0.18
2.35,-3.1,0.9368,0.0003,0.1887
2.4,-3.1,0.9966,0.0007,0.1982
2.45,-3.1,0.9998,0.0012,0.2083
2.5,-3.1,1.0,0.0024,0.2188
2.55,-3.1,1.0,0.01,0.2304
2.6,-3.1,1.0,0.0661,0.2517
2.65,-3.1,1.0,0.3368,0.2825
2.7,-3.1,1.0,0.7814,0.3154
2.75,-3.1,1.0,0.9618,0.3499
2.8,-3.1,1.0,0.9942,0.3847
2.85,-3.1,1.0,0.9991,0.4207
2.9,-3.1,1.0,0.9999,0.4576
2.95,-3.1,1.0,1.0,0.4949
3.0,-3.1,1.0,1.0,0.5325
3.05,-3.1,1.0,1.0,0.5698
3.1,-3.1,1.0,1.0,0.6158
3.15,-3.1,1.0,1.0,0.6658
3.2,-3.1,1.0,1.0,0.7142
3.25,-3.1,1.0,1.0,0.7632
3.3,-3.1,1.0,1.0,0.8072
3.35,-3.1,1.0,1.0,0.8526
3.4,-3.1,1.0,1.0,0.8888
3.45,-3.1,1.0,1.0,0.917
3.5,-3.1,1.0,1.0,0.9385
3.55,-3.1,1.0,1.0,0.957
3.6,-3.1,1.0,1.0,0.9714
3.65,-3.1,1.0,1.0,0.9809
3.7,-3.1,1.0,1.0,0.9873
3.75,-3.1,1.0,1.0,0.9917
3.8,-3.1,1.0,1.0,0.9946
3.85,-3.1,1.0,1.0,0.9965
3.9,-3.1,1.0,1.0,0.9977
3.95,-3.1,1.0,1.0,0.9985
4.0,-3.1,1.0,1.0,0.999
-4.0,-3.05,0.0,0.0,0.0
-3.95,-3.05,0.0,0.0,0.0
-3.9,-3.05,0.0,0.0,0.0
-3.85,-3.05,0.0,0.0,0.0
-3.8,-3.05,0.0,0.0,0.0
-3.75,-3.05,0.0,0.0,0.0
-3.7,-3.05,0.0,0.0,0.0
-3.65,-3.05,0.0,0.0,0.0
-3.6,-3.05,0.0,0.0,0.0
-3.55,-3.05,0.0,0.0,0.0
-3.5,-3.05,0.0,0.0,0.0
-3.45,-3.05,0.0,0.0,0.0
-3.4,-3.05,0.0,0.0,0.0
-3.35,-3.05,0.0,0.0,0.0
-3.3,-3.05,0.0,0.0,0.0
-3.25,-3.05,0.0,0.0,0.0
-3.2,-3.05,0.0,0.0,0.0
-3.15,-3.05,0.0,0.0,0.0
-3.1,-3.05,0.0,0.0,0.0
-3.05,-3.05,0.0,0.0,0.0
-3.0,-3.05,0.0,0.0,0.0
-2.95,-3.05,0.0,0.0,0.0
-2.9,-3.05,0.0,0.0,0.0
-2.85,-3.05,0.0,0.0,0.0
-2.8,-3.05,0.0,0.0,0.0
-2.75,-3.05,0.0,0.0,0.0
-2.7,-3.05,0.0,0.0,0.0
-2.65,-3.05,0.0,0.0,0.0
-2.6,-3.05,0.0,0.0,0.0
-2.55,-3.05,0.0,0.0,0.0
-2.5,-3.05,0.0,0.0,0.0
-2.45,-3.05,0.0,0.0,0.0
-2.4,-3.05,0.0,0.0,0.0
-2.35,-3.05,0.0,0.0,0.0
-2.3,-3.05,0.0,0.0,0.0
-2.25,-3.05,0.0,0.0,0.0
-2.2,-3.05,0.0,0.0,0.0
-2.15,-3.05,0.0,0.0,0.0
-2.1,-3.05,0.0,0.0,0.0
-2.05,-3.05,0.0,0.0,0.0
-2.0,-3.05,0.0,0.0,0.0
-1.95,-3.05,0.0,0.0,0.0
-1.9,-3.05,0.0,0.0,0.0
-1.85,-3.05,0.0,0.0,0.0
-1.8,-3.05,0.0,0.0,0.0
-1.75,-3.05,0.0,0.0,0.0
-1.7,-3.05,0.0,0.0,0.0
-1.65,-3.05,0.0,0.0,0.0
-1.6,-3.05,0.0,0.0,0.0
-1.55,-3.05,0.0,0.0,0.0
-1.5,-3.05,0.0,0.0,0.0
-1.45,-3.05,0.0,0.0,0.0
-1.4,-3.05,0.0,0.0,0.0
-1.35,-3.05,0.0,0.0,0.0
-1.3,-3.05,0.0,0.0,0.0
-1.25,-3.05,0.0,0.0,0.0
-1.2,-3.05,0.0,0.0,0.0
-1.15,-3.05,0.0,0.0,0.0
-1.1,-3.05,0.0,0.0,0.0
-1.05,-3.05,0.0,0.0,0.0
-1.0,-3.05,0.0,0.0,0.0
-0.95,-3.05,0.0,0.0,0.0
-0.9,-3.05,0.0,0.0,0.0
-0.85,-3.05,0.0,0.0,0.0
-0.8,-3.05,0.0,0.0,0.0
-0.75,-3.05,0.0,0.0,0.0
-0.7,-3.05,0.0,0.0,0.0
-0.65,-3.05,0.0,0.0,0.0
-0.6,-3.05,0.0,0.0,0.0
-0.55,-3.05,0.0,0.0,0.0
-0.5,-3.05,0.0,0.0,0.0
-0.45,-3.05,0.0,0.0,0.0
-0.4,-3.05,0.0,0.0,0.0
-0.35,-3.05,0.0,0.0,0.0
-0.3,-3.05,0.0,0.0,0.0
-0.25,-3.05,0.0,0.0,0.0
-0.2,-3.05,0.0,0.0,0.0
-0.15,-3.05,0.0,0.0,0.0
-0.1,-3.05,0.0,0.0,0.0
-0.05,-3.05,0.0,0.0,0.0
0.0,-3.05,0.0,0.0,0.0
0.05,-3.05,0.0,0.0,0.0
0.1,-3.05,0.0,0.0,0.0
0.15,-3.05,0.0,0.0,0.0002
0.2,-3.05,0.0,0.0,0.001
0.25,-3.05,0.0,0.0,0.0037
0.3,-3.05,0.0,0.0,0.0126
0.35,-3.05,0.0,0.0,0.0365
0.4,-3.05,0.0,0.0,0.0735
0.45,-3.05,0.0,0.0,0.1079
0.5,-3.05,0.0,0.0,0.1251
0.55,-3.05,0.0,0.0,0.1402
0.6,-3.05,0.0,0.0,0.1558
0.65,-3.05,0.0,0.0,0.1701
0.7,-3.05,0.0,0.0,0.1813
0.75,-3.05,0.0,0.0,0.193
0.8,-3.05,0.0,0.0,0.205
0.85,-3.05,0.0,0.0,0.2173
0.9,-3.05,0.0,0.0,0.2279
0.95,-3.05,1e-04,0.0,0.2375
1.0,-3.05,0.0002,0.0,0.2452
1.05,-3.05,1e-04,0.0,0.2522
1.1,-3.05,1e-04,0.0,0.2568
1.15,-3.05,1e-04,0.0,0.2607
1.2,-3.05,1e-04,0.0,0.2646
1.25,-3.05,1e-04,0.0,0.2625
1.3,-3.05,1e-04,0.0,0.2578
1.35,-3.05,1e-04,0.0,0.2528
1.4,-3.05,1e-04,0.0,0.2478
1.45,-3.05,1e-04,1e-04,0.2422
1.5,-3.05,1e-04,1e-04,0.2356
1.55,-3.05,1e-04,1e-04,0.2292
1.6,-3.05,0.0,1e-04,0.2247
1.65,-3.05,0.0,1e-04,0.2207
1.7,-3.05,0.0,0.0,0.2173
1.75,-3.05,0.0,1e-04,0.2138
1.8,-3.05,0.0,1e-04,0.2081
1.85,-3.05,1e-04,1e-04,0.2019
1.9,-3.05,1e-04,1e-04,0.1961
1.95,-3.05,1e-04,1e-04,0.1905
2.0,-3.05,1e-04,1e-04,0.185
2.05,-3.05,0.0002,1e-04,0.1819
2.1,-3.05,0.0004,1e-04,0.18
2.15,-3.05,0.001,1e-04,0.1782
2.2,-3.05,0.008,0.0002,0.1763
2.25,-3.05,0.1384,0.0002,0.1836
2.3,-3.05,0.7624,0.0003,0.1924
2.35,-3.05,0.9846,0.0006,0.2018
2.4,-3.05,0.9992,0.0012,0.2121
2.45,-3.05,1.0,0.0023,0.2227
2.5,-3.05,1.0,0.007,0.2337
2.55,-3.05,1.0,0.0467,0.2482
2.6,-3.05,1.0,0.2572,0.2788
2.65,-3.05,1.0,0.709,0.3115
2.7,-3.05,1.0,0.9449,0.3453
2.75,-3.05,1.0,0.9914,0.3799
2.8,-3.05,1.0,0.9987,0.4158
2.85,-3.05,1.0,0.9998,0.4526
2.9,-3.05,1.0,1.0,0.4899
2.95,-3.05,1.0,1.0,0.5273
3.0,-3.05,1.0,1.0,0.5646
3.05,-3.05,1.0,1.0,0.6087
3.1,-3.05,1.0,1.0,0.6592
3.15,-3.05,1.0,1.0,0.709
3.2,-3.05,1.0,1.0,0.7586
3.25,-3.05,1.0,1.0,0.8044
3.3,-3.05,1.0,1.0,0.8503
3.35,-3.05,1.0,1.0,0.887
3.4,-3.05,1.0,1.0,0.9156
3.45,-3.05,1.0,1.0,0.9375
3.5,-3.05,1.0,1.0,0.9569
3.55,-3.05,1.0,1.0,0.9713
3.6,-3.05,1.0,1.0,0.9807
3.65,-3.05,1.0,1.0,0.9872
3.7,-3.05,1.0,1.0,0.9916
3.75,-3.05,1.0,1.0,0.9945
3.8,-3.05,1.0,1.0,0.9965
3.85,-3.05,1.0,1.0,0.9977
3.9,-3.05,1.0,1.0,0.9985
3.95,-3.05,1.0,1.0,0.999
4.0,-3.05,1.0,1.0,0.9994
-4.0,-3.0,0.0,0.0,0.0
-3.95,-3.0,0.0,0.0,0.0
-3.9,-3.0,0.0,0.0,0.0
-3.85,-3.0,0.0,0.0,0.0
-3.8,-3.0,0.0,0.0,0.0
-3.75,-3.0,0.0,0.0,0.0
-3.7,-3.0,0.0,0.0,0.0
-3.65,-3.0,0.0,0.0,0.0
-3.6,-3.0,0.0,0.0,0.0
-3.55,-3.0,0.0,0.0,0.0
-3.5,-3.0,0.0,0.0,0.0
-3.45,-3.0,0.0,0.0,0.0
-3.4,-3.0,0.0,0.0,0.0
-3.35,-3.0,0.0,0.0,0.0
-3.3,-3.0,0.0,0.0,0.0
-3.25,-3.0,0.0,0.0,0.0
-3.2,-3.0,0.0,0.0,0.0
-3.15,-3.0,0.0,0.0,0.0
-3.1,-3.0,0.0,0.0,0.0
-3.05,-3.0,0.0,0.0,0.0
-3.0,-3.0,0.0,0.0,0.0
-2.95,-3.0,0.0,0.0,0.0
-2.9,-3.0,0.0,0.0,0.0
-2.85,-3.0,0.0,0.0,0.0
-2.8,-3.0,0.0,0.0,0.0
-2.75,-3.0,0.0,0.0,0.0
-2.7,-3.0,0.0,0.0,0.0
-2.65,-3.0,0.0,0.0,0.0
-2.6,-3.0,0.0,0.0,0.0
-2.55,-3.0,0.0,0.0,0.0
-2.5,-3.0,0.0,0.0,0.0
-2.45,-3.0,0.0,0.0,0.0
-2.4,-3.0,0.0,0.0,0.0
-2.35,-3.0,0.0,0.0,0.0
-2.3,-3.0,0.0,0.0,0.0
-2.25,-3.0,0.0,0.0,0.0
-2.2,-3.0,0.0,0.0,0.0
-2.15,-3.0,0.0,0.0,0.0
-2.1,-3.0,0.0,0.0,0.0
-2.05,-3.0,0.0,0.0,0.0
-2.0,-3.0,0.0,0.0,0.0
-1.95,-3.0,0.0,0.0,0.0
-1.9,-3.0,0.0,0.0,0.0
-1.85,-3.0,0.0,0.0,0.0
-1.8,-3.0,0.0,0.0,0.0
-1.75,-3.0,0.0,0.0,0.0
-1.7,-3.0,0.0,0.0,0.0
-1.65,-3.0,0.0,0.0,0.0
-1.6,-3.0,0.0,0.0,0.0
-1.55,-3.0,0.0,0.0,0.0
-1.5,-3.0,0.0,0.0,0.0
-1.45,-3.0,0.0,0.0,0.0
-1.4,-3.0,0.0,0.0,0.0
-1.35,-3.0,0.0,0.0,0.0
-1.3,-3.0,0.0,0.0,0.0
-1.25,-3.0,0.0,0.0,0.0
-1.2,-3.0,0.0,0.0,0.0
-1.15,-3.0,0.0,0.0,0.0
-1.1,-3.0,0.0,0.0,0.0
-1.05,-3.0,0.0,0.0,0.0
-1.0,-3.0,0.0,0.0,0.0
-0.95,-3.0,0.0,0.0,0.0
-0.9,-3.0,0.0,0.0,0.0
-0.85,-3.0,0.0,0.0,0.0
-0.8,-3.0,0.0,0.0,0.0
-0.75,-3.0,0.0,0.0,0.0
-0.7,-3.0,0.0,0.0,0.0
-0.65,-3.0,0.0,0.0,0.0
-0.6,-3.0,0.0,0.0,0.0
-0.55,-3.0,0.0,0.0,0.0
-0.5,-3.0,0.0,0.0,0.0
-0.45,-3.0,0.0,0.0,0.0
-0.4,-3.0,0.0,0.0,0.0
-0.35,-3.0,0.0,0.0,0.0
-0.3,-3.0,0.0,0.0,0.0
-0.25,-3.0,0.0,0.0,0.0
-0.2,-3.0,0.0,0.0,0.0
-0.15,-3.0,0.0,0.0,0.0
-0.1,-3.0,0.0,0.0,0.0
-0.05,-3.0,0.0,0.0,0.0
0.0,-3.0,0.0,0.0,0.0
0.05,-3.0,0.0,0.0,0.0
0.1,-3.0,0.0,0.0,0.0
0.15,-3.0,0.0,0.0,0.0003
0.2,-3.0,0.0,0.0,0.0013
0.25,-3.0,0.0,0.0,0.0049
0.3,-3.0,0.0,0.0,0.0163
0.35,-3.0,0.0,0.0,0.0452
0.4,-3.0,0.0,0.0,0.0883
0.45,-3.0,0.0,0.0,0.1237
0.5,-3.0,0.0,0.0,0.1414
0.55,-3.0,0.0,0.0,0.1582
0.6,-3.0,0.0,0.0,0.1732
0.65,-3.0,0.0,0.0,0.1868
0.7,-3.0,0.0,0.0,0.1988
0.75,-3.0,0.0,0.0,0.2112
0.8,-3.0,0.0,0.0,0.2237
0.85,-3.0,0.0,0.0,0.2354
0.9,-3.0,1e-04,0.0,0.2461
0.95,-3.0,0.0002,0.0,0.2543
1.0,-3.0,0.0003,0.0,0.2623
1.05,-3.0,0.0002,0.0,0.2673
1.1,-3.0,0.0002,0.0,0.2715
1.15,-3.0,1e-04,0.0,0.2755
1.2,-3.0,1e-04,0.0,0.2754
1.25,-3.0,1e-04,0.0,0.2708
1.3,-3.0,1e-04,1e-04,0.2657
1.35,-3.0,1e-04,1e-04,0.2605
1.4,-3.0,1e-04,1e-04,0.255
1.45,-3.0,1e-04,1e-04,0.2482
1.5,-3.0,1e-04,1e-04,0.2415
1.55,-3.0,1e-04,1e-04,0.2358
1.6,-3.0,1e-04,1e-04,0.2317
1.65,-3.0,0.0,1e-04,0.2279
1.7,-3.0,0.0,1e-04,0.2243
1.75,-3.0,1e-04,1e-04,0.2206
1.8,-3.0,1e-04,1e-04,0.2142
1.85,-3.0,1e-04,1e-04,0.2081
1.9,-3.0,1e-04,1e-04,0.2021
1.95,-3.0,1e-04,1e-04,0.1963
2.0,-3.0,0.0002,1e-04,0.1909
2.05,-3.0,0.0003,1e-04,0.1889
2.1,-3.0,0.0009,0.0002,0.187
2.15,-3.0,0.0021,0.0002,0.185
2.2,-3.0,0.0336,0.0003,0.1874
2.25,-3.0,0.41,0.0003,0.1963
2.3,-3.0,0.9328,0.0006,0.2056
2.35,-3.0,0.9964,0.0012,0.2159
2.4,-3.0,0.9998,0.0022,0.2267
2.45,-3.0,1.0,0.0052,0.2378
2.5,-3.0,1.0,0.0329,0.2493
2.55,-3.0,1.0,0.191,0.2751
2.6,-3.0,1.0,0.6243,0.3076
2.65,-3.0,1.0,0.9212,0.3408
2.7,-3.0,1.0,0.9874,0.3752
2.75,-3.0,1.0,0.998,0.4109
2.8,-3.0,1.0,0.9997,0.4476
2.85,-3.0,1.0,1.0,0.4849
2.9,-3.0,1.0,1.0,0.5223
2.95,-3.0,1.0,1.0,0.5595
3.0,-3.0,1.0,1.0,0.6015
3.05,-3.0,1.0,1.0,0.6524
3.1,-3.0,1.0,1.0,0.7038
3.15,-3.0,1.0,1.0,0.7539
3.2,-3.0,1.0,1.0,0.8015
3.25,-3.0,1.0,1.0,0.848
3.3,-3.0,1.0,1.0,0.8852
3.35,-3.0,1.0,1.0,0.9142
3.4,-3.0,1.0,1.0,0.9364
3.45,-3.0,1.0,1.0,0.9568
3.5,-3.0,1.0,1.0,0.971
3.55,-3.0,1.0,1.0,0.9805
3.6,-3.0,1.0,1.0,0.9871
3.65,-3.0,1.0,1.0,0.9916
3.7,-3.0,1.0,1.0,0.9945
3.75,-3.0,1.0,1.0,0.9964
3.8,-3.0,1.0,1.0,0.9977
3.85,-3.0,1.0,1.0,0.9985
3.9,-3.0,1.0,1.0,0.999
3.95,-3.0,1.0,1.0,0.9994
4.0,-3.0,1.0,1.0,0.9996
-4.0,-2.95,0.0,0.0,0.0
-3.95,-2.95,0.0,0.0,0.0
-3.9,-2.95,0.0,0.0,0.0
-3.85,-2.95,0.0,0.0,0.0
-3.8,-2.95,0.0,0.0,0.0
-3.75,-2.95,0.0,0.0,0.0
-3.7,-2.95,0.0,0.0,0.0
-3.65,-2.95,0.0,0.0,0.0
-3.6,-2.95,0.0,0.0,0.0
-3.55,-2.95,0.0,0.0,0.0
-3.5,-2.95,0.0,0.0,0.0
-3.45,-2.95,0.0,0.0,0.0
-3.4,-2.95,0.0,0.0,0.0
-3.35,-2.95,0.0,0.0,0.0
-3.3,-2.95,0.0,0.0,0.0
-3.25,-2.95,0.0,0.0,0.0
-3.2,-2.95,0.0,0.0,0.0
-3.15,-2.95,0.0,0.0,0.0
-3.1,-2.95,0.0,0.0,0.0
-3.05,-2.95,0.0,0.0,0.0
-3.0,-2.95,0.0,0.0,0.0
-2.95,-2.95,0.0,0.0,0.0
-2.9,-2.95,0.0,0.0,0.0
-2.85,-2.95,0.0,0.0,0.0
-2.8,-2.95,0.0,0.0,0.0
-2.75,-2.95,0.0,0.0,0.0
-2.7,-2.95,0.0,0.0,0.0
-2.65,-2.95,0.0,0.0,0.0
-2.6,-2.95,0.0,0.0,0.0
-2.55,-2.95,0.0,0.0,0.0
-2.5,-2.95,0.0,0.0,0.0
-2.45,-2.95,0.0,0.0,0.0
-2.4,-2.95,0.0,0.0,0.0
-2.35,-2.95,0.0,0.0,0.0
-2.3,-2.95,0.0,0.0,0.0
-2.25,-2.95,0.0,0.0,0.0
-2.2,-2.95,0.0,0.0,0.0
-2.15,-2.95,0.0,0.0,0.0
-2.1,-2.95,0.0,0.0,0.0
-2.05,-2.95,0.0,0.0,0.0
-2.0,-2.95,0.0,0.0,0.0
-1.95,-2.95,0.0,0.0,0.0
-1.9,-2.95,0.0,0.0,0.0
-1.85,-2.95,0.0,0.0,0.0
-1.8,-2.95,0.0,0.0,0.0
-1.75,-2.95,0.0,0.0,0.0
-1.7,-2.95,0.0,0.0,0.0
-1.65,-2.95,0.0,0.0,0.0
-1.6,-2.95,0.0,0.0,0.0
-1.55,-2.95,0.0,0.0,0.0
-1.5,-2.95,0.0,0.0,0.0
-1.45,-2.95,0.0,0.0,0.0
-1.4,-2.95,0.0,0.0,0.0
-1.35,-2.95,0.0,0.0,0.0
-1.3,-2.95,0.0,0.0,0.0
-1.25,-2.95,0.0,0.0,0.0
-1.2,-2.95,0.0,0.0,0.0
-1.15,-2.95,0.0,0.0,0.0
-1.1,-2.95,0.0,0.0,0.0
-1.05,-2.95,0.0,0.0,0.0
-1.0,-2.95,0.0,0.0,0.0
-0.95,-2.95,0.0,0.0,0.0
-0.9,-2.95,0.0,0.0,0.0
-0.85,-2.95,0.0,0.0,0.0
-0.8,-2.95,0.0,0.0,0.0
-0.75,-2.95,0.0,0.0,0.0
-0.7,-2.95,0.0,0.0,0.0
-0.65,-2.95,0.0,0.0,0.0
-0.6,-2.95,0.0,0.0,0.0
-0.55,-2.95,0.0,0.0,0.0
-0.5,-2.95,0.0,0.0,0.0
-0.45,-2.95,0.0,0.0,0.0
-0.4,-2.95,0.0,0.0,0.0
-0.35,-2.95,0.0,0.0,0.0
-0.3,-2.95,0.0,0.0,0.0
-0.25,-2.95,0.0,0.0,0.0
-0.2,-2.95,0.0,0.0,0.0
-0.15,-2.95,0.0,0.0,0.0
-0.1,-2.95,0.0,0.0,0.0
-0.05,-2.95,0.0,0.0,0.0
0.0,-2.95,0.0,0.0,0.0
0.05,-2.95,0.0,0.0,0.0
0.1,-2.95,0.0,0.0,1e-04
0.15,-2.95,0.0,0.0,0.0004
0.2,-2.95,0.0,0.0,0.0017
0.25,-2.95,0.0,0.0,0.0063
0.3,-2.95,0.0,0.0,0.0211
0.35,-2.95,0.0,0.0,0.0557
0.4,-2.95,0.0,0.0,0.1059
0.45,-2.95,0.0,0.0,0.1415
0.5,-2.95,0.0,0.0,0.1596
0.55,-2.95,0.0,0.0,0.1763
0.6,-2.95,0.0,0.0,0.1922
0.65,-2.95,0.0,0.0,0.2047
0.7,-2.95,0.0,0.0,0.2175
0.75,-2.95,0.0,0.0,0.2306
0.8,-2.95,0.0,0.0,0.2433
0.85,-2.95,1e-04,0.0,0.2545
0.9,-2.95,0.0002,0.0,0.2635
0.95,-2.95,0.0005,0.0,0.2718
1.0,-2.95,0.0004,0.0,0.2781
1.05,-2.95,0.0004,0.0,0.2825
1.1,-2.95,0.0003,0.0,0.2865
1.15,-2.95,0.0002,0.0,0.2887
1.2,-2.95,0.0002,0.0,0.2842
1.25,-2.95,0.0002,1e-04,0.279
1.3,-2.95,0.0002,1e-04,0.2736
1.35,-2.95,0.0002,1e-04,0.2681
1.4,-2.95,0.0002,1e-04,0.2611
1.45,-2.95,0.0002,1e-04,0.2542
1.5,-2.95,1e-04,1e-04,0.2474
1.55,-2.95,1e-04,1e-04,0.243
1.6,-2.95,1e-04,1e-04,0.2389
1.65,-2.95,1e-04,1e-04,0.2352
1.7,-2.95,1e-04,1e-04,0.2314
1.75,-2.95,1e-04,1e-04,0.2271
1.8,-2.95,1e-04,1e-04,0.2207
1.85,-2.95,1e-04,1e-04,0.2144
1.9,-2.95,1e-04,1e-04,0.2083
1.95,-2.95,0.0002,0.0002,0.2023
2.0,-2.95,0.0003,0.0002,0.1981
2.05,-2.95,0.0007,0.0002,0.1961
2.1,-2.95,0.0018,0.0003,0.1941
2.15,-2.95,0.0075,0.0003,0.1921
2.2,-2.95,0.1308,0.0004,0.2003
2.25,-2.95,0.7504,0.0006,0.2096
2.3,-2.95,0.9836,0.0011,0.2198
2.35,-2.95,0.9992,0.0021,0.2307
2.4,-2.95,1.0,0.004,0.2419
2.45,-2.95,1.0,0.023,0.2536
2.5,-2.95,1.0,0.1387,0.2728
2.55,-2.95,1.0,0.5312,0.3037
2.6,-2.95,1.0,0.8885,0.3363
2.65,-2.95,1.0,0.9814,0.3705
2.7,-2.95,1.0,0.997,0.4061
2.75,-2.95,1.0,0.9995,0.4427
2.8,-2.95,1.0,0.9999,0.4799
2.85,-2.95,1.0,1.0,0.5173
2.9,-2.95,1.0,1.0,0.5546
2.95,-2.95,1.0,1.0,0.5955
3.0,-2.95,1.0,1.0,0.6456
3.05,-2.95,1.0,1.0,0.6985
3.1,-2.95,1.0,1.0,0.7492
3.15,-2.95,1.0,1.0,0.7987
3.2,-2.95,1.0,1.0,0.8457
3.25,-2.95,1.0,1.0,0.8833
3.3,-2.95,1.0,1.0,0.9128
3.35,-2.95,1.0,1.0,0.9353
3.4,-2.95,1.0,1.0,0.9567
3.45,-2.95,1.0,1.0,0.9707
3.5,-2.95,1.0,1.0,0.9803
3.55,-2.95,1.0,1.0,0.987
3.6,-2.95,1.0,1.0,0.9915
3.65,-2.95,1.0,1.0,0.9945
3.7,-2.95,1.0,1.0,0.9964
3.75,-2.95,1.0,1.0,0.9977
3.8,-2.95,1.0,1.0,0.9985
3.85,-2.95,1.0,1.0,0.999
3.9,-2.95,1.0,1.0,0.9994
3.95,-2.95,1.0,1.0,0.9996
4.0,-2.95,1.0,1.0,0.9997
-4.0,-2.9,0.0,0.0,0.0
-3.95,-2.9,0.0,0.0,0.0
-3.9,-2.9,0.0,0.0,0.0
-3.85,-2.9,0.0,0.0,0.0
-3.8,-2.9,0.0,0.0,0.0
-3.75,-2.9,0.0,0.0,0.0
-3.7,-2.9,0.0,0.0,0.0
-3.65,-2.9,0.0,0.0,0.0
-3.6,-2.9,0.0,0.0,0.0
-3.55,-2.9,0.0,0.0,0.0
-3.5,-2.9,0.0,0.0,0.0
-3.45,-2.9,0.0,0.0,0.0
-3.4,-2.9,0.0,0.0,0.0
-3.35,-2.9,0.0,0.0,0.0
-3.3,-2.9,0.0,0.0,0.0
-3.25,-2.9,0.0,0.0,0.0
-3.2,-2.9,0.0,0.0,0.0
-3.15,-2.9,0.0,0.0,0.0
-3.1,-2.9,0.0,0.0,0.0
-3.05,-2.9,0.0,0.0,0.0
-3.0,-2.9,0.0,0.0,0.0
-2.95,-2.9,0.0,0.0,0.0
-2.9,-2.9,0.0,0.0,0.0
-2.85,-2.9,0.0,0.0,0.0
-2.8,-2.9,0.0,0.0,0.0
-2.75,-2.9,0.0,0.0,0.0
-2.7,-2.9,0.0,0.0,0.0
-2.65,-2.9,0.0,0.0,0.0
-2.6,-2.9,0.0,0.0,0.0
-2.55,-2.9,0.0,0.0,0.0
-2.5,-2.9,0.0,0.0,0.0
-2.45,-2.9,0.0,0.0,0.0
-2.4,-2.9,0.0,0.0,0.0
-2.35,-2.9,0.0,0.0,0.0
-2.3,-2.9,0.0,0.0,0.0
-2.25,-2.9,0.0,0.0,0.0
-2.2,-2.9,0.0,0.0,0.0
-2.15,-2.9,0.0,0.0,0.0
-2.1,-2.9,0.0,0.0,0.0
-2.05,-2.9,0.0,0.0,0.0
-2.0,-2.9,0.0,0.0,0.0
-1.95,-2.9,0.0,0.0,0.0
-1.9,-2.9,0.0,0.0,0.0
-1.85,-2.9,0.0,0.0,0.0
-1.8,-2.9,0.0,0.0,0.0
-1.75,-2.9,0.0,0.0,0.0
-1.7,-2.9,0.0,0.0,0.0
-1.65,-2.9,0.0,0.0,0.0
-1.6,-2.9,0.0,0.0,0.0
-1.55,-2.9,0.0,0.0,0.0
-1.5,-2.9,0.0,0.0,0.0
-1.45,-2.9,0.0,0.0,0.0
-1.4,-2.9,0.0,0.0,0.0
-1.35,-2.9,0.0,0.0,0.0
-1.3,-2.9,0.0,0.0,0.0
-1.25,-2.9,0.0,0.0,0.0
-1.2,-2.9,0.0,0.0,0.0
-1.15,-2.9,0.0,0.0,0.0
-1.1,-2.9,0.0,0.0,0.0
-1.05,-2.9,0.0,0.0,0.0
-1.0,-2.9,0.0,0.0,0.0
-0.95,-2.9,0.0,0.0,0.0
-0.9,-2.9,0.0,0.0,0.0
-0.85,-2.9,0.0,0.0,0.0
-0.8,-2.9,0.0,0.0,0.0
-0.75,-2.9,0.0,0.0,0.0
-0.7,-2.9,0.0,0.0,0.0
-0.65,-2.9,0.0,0.0,0.0
-0.6,-2.9,0.0,0.0,0.0
-0.55,-2.9,0.0,0.0,0.0
-0.5,-2.9,0.0,0.0,0.0
-0.45,-2.9,0.0,0.0,0.0
-0.4,-2.9,0.0,0.0,0.0
-0.35,-2.9,0.0,0.0,0.0
-0.3,-2.9,0.0,0.0,0.0
-0.25,-2.9,0.0,0.0,0.0
-0.2,-2.9,0.0,0.0,0.0
-0.15,-2.9,0.0,0.0,0.0
-0.1,-2.9,0.0,0.0,0.0
-0.05,-2.9,0.0,0.0,0.0
0.0,-2.9,0.0,0.0,0.0
0.05,-2.9,0.0,0.0,0.0
0.1,-2.9,0.0,0.0,1e-04
0.15,-2.9,0.0,0.0,0.0005
0.2,-2.9,0.0,0.0,0.0021
0.25,-2.9,0.0,0.0,0.0082
0.3,-2.9,0.0,0.0,0.0272
0.35,-2.9,0.0,0.0,0.0685
0.4,-2.9,0.0,0.0,0.1251
0.45,-2.9,0.0,0.0,0.1611
0.5,-2.9,0.0,0.0,0.1793
0.55,-2.9,0.0,0.0,0.1957
0.6,-2.9,0.0,0.0,0.2106
0.65,-2.9,0.0,0.0,0.2239
0.7,-2.9,0.0,0.0,0.2375
0.75,-2.9,0.0,0.0,0.2511
0.8,-2.9,1e-04,0.0,0.2629
0.85,-2.9,0.0003,0.0,0.2732
0.9,-2.9,0.0006,0.0,0.2814
0.95,-2.9,0.0009,0.0,0.2891
1.0,-2.9,0.0007,0.0,0.2938
1.05,-2.9,0.0006,0.0,0.2979
1.1,-2.9,0.0005,0.0,0.302
1.15,-2.9,0.0004,1e-04,0.298
1.2,-2.9,0.0004,1e-04,0.2926
1.25,-2.9,0.0004,0.0002,0.2872
1.3,-2.9,0.0004,0.0002,0.2816
1.35,-2.9,0.0003,0.0002,0.2745
1.4,-2.9,0.0003,0.0002,0.2674
1.45,-2.9,0.0003,0.0002,0.2603
1.5,-2.9,0.0002,0.0002,0.2547
1.55,-2.9,1e-04,0.0002,0.2504
1.6,-2.9,1e-04,0.0002,0.2465
1.65,-2.9,1e-04,1e-04,0.2425
1.7,-2.9,1e-04,1e-04,0.2387
1.75,-2.9,1e-04,0.0002,0.2338
1.8,-2.9,1e-04,0.0002,0.2273
1.85,-2.9,1e-04,0.0002,0.2209
1.9,-2.9,0.0002,0.0002,0.2146
1.95,-2.9,0.0003,0.0002,0.2085
2.0,-2.9,0.0006,0.0002,0.2056
2.05,-2.9,0.0014,0.0003,0.2035
2.1,-2.9,0.0036,0.0004,0.2014
2.15,-2.9,0.0316,0.0004,0.2043
2.2,-2.9,0.3943,0.0006,0.2138
2.25,-2.9,0.9286,0.0011,0.2237
2.3,-2.9,0.9962,0.002,0.2348
2.35,-2.9,0.9998,0.0038,0.2461
2.4,-2.9,1.0,0.016,0.2579
2.45,-2.9,1.0,0.0989,0.273
2.5,-2.9,1.0,0.4358,0.3
2.55,-2.9,1.0,0.8446,0.3318
2.6,-2.9,1.0,0.9728,0.3658
2.65,-2.9,1.0,0.9956,0.4012
2.7,-2.9,1.0,0.9993,0.4377
2.75,-2.9,1.0,0.9999,0.4749
2.8,-2.9,1.0,1.0,0.5123
2.85,-2.9,1.0,1.0,0.5496
2.9,-2.9,1.0,1.0,0.5896
2.95,-2.9,1.0,1.0,0.6388
3.0,-2.9,1.0,1.0,0.6931
3.05,-2.9,1.0,1.0,0.7444
3.1,-2.9,1.0,1.0,0.7958
3.15,-2.9,1.0,1.0,0.8433
3.2,-2.9,1.0,1.0,0.8815
3.25,-2.9,1.0,1.0,0.9113
3.3,-2.9,1.0,1.0,0.9351
3.35,-2.9,1.0,1.0,0.9563
3.4,-2.9,1.0,1.0,0.9704
3.45,-2.9,1.0,1.0,0.9801
3.5,-2.9,1.0,1.0,0.9869
3.55,-2.9,1.0,1.0,0.9914
3.6,-2.9,1.0,1.0,0.9944
3.65,-2.9,1.0,1.0,0.9964
3.7,-2.9,1.0,1.0,0.9976
3.75,-2.9,1.0,1.0,0.9985
3.8,-2.9,1.0,1.0,0.999
3.85,-2.9,1.0,1.0,0.9993
3.9,-2.9,1.0,1.0,0.9996
3.95,-2.9,1.0,1.0,0.9997
4.0,-2.9,1.0,1.0,0.9998
-4.0,-2.85,0.0,0.0,0.0
-3.95,-2.85,0.0,0.0,0.0
-3.9,-2.85,0.0,0.0,0.0
-3.85,-2.85,0.0,0.0,0.0
-3.8,-2.85,0.0,0.0,0.0
-3.75,-2.85,0.0,0.0,0.0
-3.7,-2.85,0.0,0.0,0.0
-3.65,-2.85,0.0,0.0,0.0
-3.6,-2.85,0.0,0.0,0.0
-3.55,-2.85,0.0,0.0,0.0
-3.5,-2.85,0.0,0.0,0.0
-3.45,-2.85,0.0,0.0,0.0
-3.4,-2.85,0.0,0.0,0.0
-3.35,-2.85,0.0,0.0,0.0
-3.3,-2.85,0.0,0.0,0.0
-3.25,-2.85,0.0,0.0,0.0
-3.2,-2.85,0.0,0.0,0.0
-3.15,-2.85,0.0,0.0,0.0
-3.1,-2.85,0.0,0.0,0.0
-3.05,-2.85,0.0,0.0,0.0
-3.0,-2.85,0.0,0.0,0.0
-2.95,-2.85,0.0,0.0,0.0
-2.9,-2.85,0.0,0.0,0.0
-2.85,-2.85,0.0,0.0,0.0
-2.8,-2.85,0.0,0.0,0.0
-2.75,-2.85,0.0,0.0,0.0
-2.7,-2.85,0.0,0.0,0.0
-2.65,-2.85,0.0,0.0,0.0
-2.6,-2.85,0.0,0.0,0.0
-2.55,-2.85,0.0,0.0,0.0
-2.5,-2.85,0.0,0.0,0.0
-2.45,-2.85,0.0,0.0,0.0
-2.4,-2.85,0.0,0.0,0.0
-2.35,-2.85,0.0,0.0,0.0
-2.3,-2.85,0.0,0.0,0.0
-2.25,-2.85,0.0,0.0,0.0
-2.2,-2.85,0.0,0.0,0.0
-2.15,-2.85,0.0,0.0,0.0
-2.1,-2.85,0.0,0.0,0.0
-2.05,-2.85,0.0,0.0,0.0
-2.0,-2.85,0.0,0.0,0.0
-1.95,-2.85,0.0,0.0,0.0
-1.9,-2.85,0.0,0.0,0.0
-1.85,-2.85,0.0,0.0,0.0
-1.8,-2.85,0.0,0.0,0.0
-1.75,-2.85,0.0,0.0,0.0
-1.7,-2.85,0.0,0.0,0.0
-1.65,-2.85,0.0,0.0,0.0
-1.6,-2.85,0.0,0.0,0.0
-1.55,-2.85,0.0,0.0,0.0
-1.5,-2.85,0.0,0.0,0.0
-1.45,-2.85,0.0,0.0,0.0
-1.4,-2.85,0.0,0.0,0.0
-1.35,-2.85,0.0,0.0,0.0
-1.3,-2.85,0.0,0.0,0.0
-1.25,-2.85,0.0,0.0,0.0
-1.2,-2.85,0.0,0.0,0.0
-1.15,-2.85,0.0,0.0,0.0
-1.1,-2.85,0.0,0.0,0.0
-1.05,-2.85,0.0,0.0,0.0
-1.0,-2.85,0.0,0.0,0.0
-0.95,-2.85,0.0,0.0,0.0
-0.9,-2.85,0.0,0.0,0.0
-0.85,-2.85,0.0,0.0,0.0
-0.8,-2.85,0.0,0.0,0.0
-0.75,-2.85,0.0,0.0,0.0
-0.7,-2.85,0.0,0.0,0.0
-0.65,-2.85,0.0,0.0,0.0
-0.6,-2.85,0.0,0.0,0.0
-0.55,-2.85,0.0,0.0,0.0
-0.5,-2.85,0.0,0.0,0.0
-0.45,-2.85,0.0,0.0,0.0
-0.4,-2.85,0.0,0.0,0.0
-0.35,-2.85,0.0,0.0,0.0
-0.3,-2.85,0.0,0.0,0.0
-0.25,-2.85,0.0,0.0,0.0
-0.2,-2.85,0.0,0.0,0.0
-0.15,-2.85,0.0,0.0,0.0
-0.1,-2.85,0.0,0.0,0.0
-0.05,-2.85,0.0,0.0,0.0
0.0,-2.85,0.0,0.0,0.0
0.05,-2.85,0.0,0.0,0.0
0.1,-2.85,0.0,0.0,1e-04
0.15,-2.85,0.0,0.0,0.0006
0.2,-2.85,0.0,0.0,0.0028
0.25,-2.85,0.0,0.0,0.0106
0.3,-2.85,0.0,0.0,0.035
0.35,-2.85,0.0,0.0,0.0834
0.4,-2.85,0.0,0.0,0.1462
0.45,-2.85,0.0,0.0,0.1812
0.5,-2.85,0.0,0.0,0.1989
0.55,-2.85,0.0,0.0,0.2161
0.6,-2.85,0.0,0.0,0.2303
0.65,-2.85,0.0,0.0,0.2442
0.7,-2.85,0.0,0.0,0.2585
0.75,-2.85,1e-04,0.0,0.2715
0.8,-2.85,0.0003,0.0,0.2832
0.85,-2.85,0.0008,0.0,0.2917
0.9,-2.85,0.0015,0.0,0.3002
0.95,-2.85,0.0015,0.0,0.3054
1.0,-2.85,0.0012,0.0,0.3095
1.05,-2.85,0.001,1e-04,0.3137
1.1,-2.85,0.0008,1e-04,0.3119
1.15,-2.85,0.0007,0.0002,0.3066
1.2,-2.85,0.0006,0.0003,0.3011
1.25,-2.85,0.0006,0.0004,0.2955
1.3,-2.85,0.0006,0.0004,0.2883
1.35,-2.85,0.0006,0.0004,0.2809
1.4,-2.85,0.0005,0.0003,0.2737
1.45,-2.85,0.0004,0.0003,0.2668
1.5,-2.85,0.0003,0.0003,0.2623
1.55,-2.85,0.0002,0.0002,0.2581
1.6,-2.85,0.0002,0.0002,0.254
1.65,-2.85,1e-04,0.0002,0.25
1.7,-2.85,1e-04,0.0002,0.2465
1.75,-2.85,1e-04,0.0002,0.2407
1.8,-2.85,0.0002,0.0003,0.234
1.85,-2.85,0.0002,0.0003,0.2275
1.9,-2.85,0.0003,0.0003,0.2211
1.95,-2.85,0.0006,0.0003,0.2155
2.0,-2.85,0.0012,0.0004,0.2132
2.05,-2.85,0.0029,0.0004,0.2111
2.1,-2.85,0.0073,0.0005,0.2089
2.15,-2.85,0.1236,0.0006,0.218
2.2,-2.85,0.738,0.001,0.228
2.25,-2.85,0.9826,0.0019,0.2389
2.3,-2.85,0.9991,0.0036,0.2504
2.35,-2.85,1.0,0.0111,0.2623
2.4,-2.85,1.0,0.0704,0.2745
2.45,-2.85,1.0,0.345,0.2999
2.5,-2.85,1.0,0.7875,0.3273
2.55,-2.85,1.0,0.9603,0.3612
2.6,-2.85,1.0,0.9935,0.3964
2.65,-2.85,1.0,0.999,0.4328
2.7,-2.85,1.0,0.9998,0.4699
2.75,-2.85,1.0,1.0,0.5073
2.8,-2.85,1.0,1.0,0.5446
2.85,-2.85,1.0,1.0,0.5837
2.9,-2.85,1.0,1.0,0.6321
2.95,-2.85,1.0,1.0,0.6878
3.0,-2.85,1.0,1.0,0.7396
3.05,-2.85,1.0,1.0,0.7928
3.1,-2.85,1.0,1.0,0.841
3.15,-2.85,1.0,1.0,0.8796
3.2,-2.85,1.0,1.0,0.9099
3.25,-2.85,1.0,1.0,0.935
3.3,-2.85,1.0,1.0,0.9558
3.35,-2.85,1.0,1.0,0.9701
3.4,-2.85,1.0,1.0,0.9798
3.45,-2.85,1.0,1.0,0.9868
3.5,-2.85,1.0,1.0,0.9914
3.55,-2.85,1.0,1.0,0.9944
3.6,-2.85,1.0,1.0,0.9963
3.65,-2.85,1.0,1.0,0.9976
3.7,-2.85,1.0,1.0,0.9984
3.75,-2.85,1.0,1.0,0.999
3.8,-2.85,1.0,1.0,0.9993
3.85,-2.85,1.0,1.0,0.9996
3.9,-2.85,1.0,1.0,0.9997
3.95,-2.85,1.0,1.0,0.9998
4.0,-2.85,1.0,1.0,0.9999
-4.0,-2.8,0.0,0.0,0.0
-3.95,-2.8,0.0,0.0,0.0
-3.9,-2.8,0.0,0.0,0.0
-3.85,-2.8,0.0,0.0,0.0
-3.8,-2.8,0.0,0.0,0.0
-3.75,-2.8,0.0,0.0,0.0
-3.7,-2.8,0.0,0.0,0.0
-3.65,-2.8,0.0,0.0,0.0
-3.6,-2.8,0.0,0.0,0.0
-3.55,-2.8,0.0,0.0,0.0
-3.5,-2.8,0.0,0.0,0.0
-3.45,-2.8,0.0,0.0,0.0
-3.4,-2.8,0.0,0.0,0.0
-3.35,-2.8,0.0,0.0,0.0
-3.3,-2.8,0.0,0.0,0.0
-3.25,-2.8,0.0,0.0,0.0
-3.2,-2.8,0.0,0.0,0.0
-3.15,-2.8,0.0,0.0,0.0
-3.1,-2.8,0.0,0.0,0.0
-3.05,-2.8,0.0,0.0,0.0
-3.0,-2.8,0.0,0.0,0.0
-2.95,-2.8,0.0,0.0,0.0
-2.9,-2.8,0.0,0.0,0.0
-2.85,-2.8,0.0,0.0,0.0
-2.8,-2.8,0.0,0.0,0.0
-2.75,-2.8,0.0,0.0,0.0
-2.7,-2.8,0.0,0.0,0.0
-2.65,-2.8,0.0,0.0,0.0
-2.6,-2.8,0.0,0.0,0.0
-2.55,-2.8,0.0,0.0,0.0
-2.5,-2.8,0.0,0.0,0.0
-2.45,-2.8,0.0,0.0,0.0
-2.4,-2.8,0.0,0.0,0.0
-2.35,-2.8,0.0,0.0,0.0
-2.3,-2.8,0.0,0.0,0.0
-2.25,-2.8,0.0,0.0,0.0
-2.2,-2.8,0.0,0.0,0.0
-2.15,-2.8,0.0,0.0,0.0
-2.1,-2.8,0.0,0.0,0.0
-2.05,-2.8,0.0,0.0,0.0
-2.0,-2.8,0.0,0.0,0.0
-1.95,-2.8,0.0,0.0,0.0
-1.9,-2.8,0.0,0.0,0.0
-1.85,-2.8,0.0,0.0,0.0
-1.8,-2.8,0.0,0.0,0.0
-1.75,-2.8,0.0,0.0,0.0
-1.7,-2.8,0.0,0.0,0.0
-1.65,-2.8,0.0,0.0,0.0
-1.6,-2.8,0.0,0.0,0.0
-1.55,-2.8,0.0,0.0,0.0
-1.5,-2.8,0.0,0.0,0.0
-1.45,-2.8,0.0,0.0,0.0
-1.4,-2.8,0.0,0.0,0.0
-1.35,-2.8,0.0,0.0,0.0
-1.3,-2.8,0.0,0.0,0.0
-1.25,-2.8,0.0,0.0,0.0
-1.2,-2.8,0.0,0.0,0.0
-1.15,-2.8,0.0,0.0,0.0
-1.1,-2.8,0.0,0.0,0.0
-1.05,-2.8,0.0,0.0,0.0
-1.0,-2.8,0.0,0.0,0.0
-0.95,-2.8,0.0,0.0,0.0
-0.9,-2.8,0.0,0.0,0.0
-0.85,-2.8,0.0,0.0,0.0
-0.8,-2.8,0.0,0.0,0.0
-0.75,-2.8,0.0,0.0,0.0
-0.7,-2.8,0.0,0.0,0.0
-0.65,-2.8,0.0,0.0,0.0
-0.6,-2.8,0.0,0.0,0.0
-0.55,-2.8,0.0,0.0,0.0
-0.5,-2.8,0.0,0.0,0.0
-0.45,-2.8,0.0,0.0,0.0
-0.4,-2.8,0.0,0.0,0.0
-0.35,-2.8,0.0,0.0,0.0
-0.3,-2.8,0.0,0.0,0.0
-0.25,-2.8,0.0,0.0,0.0
-0.2,-2.8,0.0,0.0,0.0
-0.15,-2.8,0.0,0.0,0.0
-0.1,-2.8,0.0,0.0,0.0
-0.05,-2.8,0.0,0.0,0.0
0.0,-2.8,0.0,0.0,0.0
0.05,-2.8,0.0,0.0,0.0
0.1,-2.8,0.0,0.0,1e-04
0.15,-2.8,0.0,0.0,0.0008
0.2,-2.8,0.0,0.0,0.0036
0.25,-2.8,0.0,0.0,0.0138
0.3,-2.8,0.0,0.0,0.0445
0.35,-2.8,1e-04,0.0,0.1012
0.4,-2.8,1e-04,0.0,0.1683
0.45,-2.8,0.0,0.0,0.2021
0.5,-2.8,0.0,0.0,0.2201
0.55,-2.8,0.0,0.0,0.2364
0.6,-2.8,0.0,0.0,0.2511
0.65,-2.8,0.0,0.0,0.2658
0.7,-2.8,1e-04,0.0,0.2803
0.75,-2.8,0.0003,0.0,0.2925
0.8,-2.8,0.0007,0.0,0.302
0.85,-2.8,0.002,0.0,0.3107
0.9,-2.8,0.0028,0.0,0.3173
0.95,-2.8,0.0024,1e-04,0.3216
1.0,-2.8,0.002,1e-04,0.3258
1.05,-2.8,0.0016,0.0002,0.3262
1.1,-2.8,0.0013,0.0003,0.321
1.15,-2.8,0.0011,0.0004,0.3155
1.2,-2.8,0.0011,0.0006,0.3096
1.25,-2.8,0.0011,0.0006,0.3025
1.3,-2.8,0.001,0.0006,0.295
1.35,-2.8,0.0009,0.0006,0.2875
1.4,-2.8,0.0007,0.0005,0.2801
1.45,-2.8,0.0005,0.0004,0.2746
1.5,-2.8,0.0004,0.0004,0.2701
1.55,-2.8,0.0003,0.0003,0.2659
1.6,-2.8,0.0002,0.0003,0.2617
1.65,-2.8,0.0002,0.0003,0.2581
1.7,-2.8,0.0002,0.0003,0.2545
1.75,-2.8,0.0002,0.0003,0.2477
1.8,-2.8,0.0002,0.0004,0.2409
1.85,-2.8,0.0004,0.0004,0.2343
1.9,-2.8,0.0006,0.0004,0.2277
1.95,-2.8,0.0011,0.0004,0.2235
2.0,-2.8,0.0024,0.0005,0.2211
2.05,-2.8,0.006,0.0006,0.2189
2.1,-2.8,0.0296,0.0008,0.2223
2.15,-2.8,0.38,0.0011,0.2324
2.2,-2.8,0.9249,0.0018,0.2431
2.25,-2.8,0.996,0.0034,0.2548
2.3,-2.8,0.9998,0.0082,0.2668
2.35,-2.8,1.0,0.0497,0.2791
2.4,-2.8,1.0,0.2643,0.2998
2.45,-2.8,1.0,0.7165,0.327
2.5,-2.8,1.0,0.9424,0.3566
2.55,-2.8,1.0,0.9905,0.3917
2.6,-2.8,1.0,0.9985,0.4279
2.65,-2.8,1.0,0.9998,0.4649
2.7,-2.8,1.0,1.0,0.5023
2.75,-2.8,1.0,1.0,0.5396
2.8,-2.8,1.0,1.0,0.5777
2.85,-2.8,1.0,1.0,0.6253
2.9,-2.8,1.0,1.0,0.6824
2.95,-2.8,1.0,1.0,0.7347
3.0,-2.8,1.0,1.0,0.7899
3.05,-2.8,1.0,1.0,0.8385
3.1,-2.8,1.0,1.0,0.8777
3.15,-2.8,1.0,1.0,0.9084
3.2,-2.8,1.0,1.0,0.9346
3.25,-2.8,1.0,1.0,0.9554
3.3,-2.8,1.0,1.0,0.9698
3.35,-2.8,1.0,1.0,0.9796
3.4,-2.8,1.0,1.0,0.9866
3.45,-2.8,1.0,1.0,0.9913
3.5,-2.8,1.0,1.0,0.9943
3.55,-2.8,1.0,1.0,0.9963
3.6,-2.8,1.0,1.0,0.9976
3.65,-2.8,1.0,1.0,0.9984
3.7,-2.8,1.0,1.0,0.999
3.75,-2.8,1.0,1.0,0.9993
3.8,-2.8,1.0,1.0,0.9996
3.85,-2.8,1.0,1.0,0.9997
3.9,-2.8,1.0,1.0,0.9998
3.95,-2.8,1.0,1.0,0.9999
4.0,-2.8,1.0,1.0,0.9999
-4.0,-2.75,0.0,0.0,0.0
-3.95,-2.75,0.0,0.0,0.0
-3.9,-2.75,0.0,0.0,0.0
-3.85,-2.75,0.0,0.0,0.0
-3.8,-2.75,0.0,0.0,0.0
-3.75,-2.75,0.0,0.0,0.0
-3.7,-2.75,0.0,0.0,0.0
-3.65,-2.75,0.0,0.0,0.0
-3.6,-2.75,0.0,0.0,0.0
-3.55,-2.75,0.0,0.0,0.0
-3.5,-2.75,0.0,0.0,0.0
-3.45,-2.75,0.0,0.0,0.0
-3.4,-2.75,0.0,0.0,0.0
-3.35,-2.75,0.0,0.0,0.0
-3.3,-2.75,0.0,0.0,0.0
-3.25,-2.75,0.0,0.0,0.0
-3.2,-2.75,0.0,0.0,0.0
-3.15,-2.75,0.0,0.0,0.0
-3.1,-2.75,0.0,0.0,0.0
-3.05,-2.75,0.0,0.0,0.0
-3.0,-2.75,0.0,0.0,0.0
-2.95,-2.75,0.0,0.0,0.0
-2.9,-2.75,0.0,0.0,0.0
-2.85,-2.75,0.0,0.0,0.0
-2.8,-2.75,0.0,0.0,0.0
-2.75,-2.75,0.0,0.0,0.0
-2.7,-2.75,0.0,0.0,0.0
-2.65,-2.75,0.0,0.0,0.0
-2.6,-2.75,0.0,0.0,0.0
-2.55,-2.75,0.0,0.0,0.0
-2.5,-2.75,0.0,0.0,0.0
-2.45,-2.75,0.0,0.0,0.0
-2.4,-2.75,0.0,0.0,0.0
-2.35,-2.75,0.0,0.0,0.0
-2.3,-2.75,0.0,0.0,0.0
-2.25,-2.75,0.0,0.0,0.0
-2.2,-2.75,0.0,0.0,0.0
-2.15,-2.75,0.0,0.0,0.0
-2.1,-2.75,0.0,0.0,0.0
-2.05,-2.75,0.0,0.0,0.0
-2.0,-2.75,0.0,0.0,0.0
-1.95,-2.75,0.0,0.0,0.0
-1.9,-2.75,0.0,0.0,0.0
-1.85,-2.75,0.0,0.0,0.0
-1.8,-2.75,0.0,0.0,0.0
-1.75,-2.75,0.0,0.0,0.0
-1.7,-2.75,0.0,0.0,0.0
-1.65,-2.75,0.0,0.0,0.0
-1.6,-2.75,0.0,0.0,0.0
-1.55,-2.75,0.0,0.0,0.0
-1.5,-2.75,0.0,0.0,0.0
-1.45,-2.75,0.0,0.0,0.0
-1.4,-2.75,0.0,0.0,0.0
-1.35,-2.75,0.0,0.0,0.0
-1.3,-2.75,0.0,0.0,0.0
-1.25,-2.75,0.0,0.0,0.0
-1.2,-2.75,0.0,0.0,0.0
-1.15,-2.75,0.0,0.0,0.0
-1.1,-2.75,0.0,0.0,0.0
-1.05,-2.75,0.0,0.0,0.0
-1.0,-2.75,0.0,0.0,0.0
-0.95,-2.75,0.0,0.0,0.0
-0.9,-2.75,0.0,0.0,0.0
-0.85,-2.75,0.0,0.0,0.0
-0.8,-2.75,0.0,0.0,0.0
-0.75,-2.75,0.0,0.0,0.0
-0.7,-2.75,0.0,0.0,0.0
-0.65,-2.75,0.0,0.0,0.0
-0.6,-2.75,0.0,0.0,0.0
-0.55,-2.75,0.0,0.0,0.0
-0.5,-2.75,0.0,0.0,0.0
-0.45,-2.75,0.0,0.0,0.0
-0.4,-2.75,0.0,0.0,0.0
-0.35,-2.75,0.0,0.0,0.0
-0.3,-2.75,0.0,0.0,0.0
-0.25,-2.75,0.0,0.0,0.0
-0.2,-2.75,0.0,0.0,0.0
-0.15,-2.75,0.0,0.0,0.0
-0.1,-2.75,0.0,0.0,0.0
-0.05,-2.75,0.0,0.0,0.0
0.0,-2.75,0.0,0.0,0.0
0.05,-2.75,0.0,0.0,0.0
0.1,-2.75,0.0,0.0,0.0002
0.15,-2.75,0.0,0.0,0.001
0.2,-2.75,0.0,0.0,0.0046
0.25,-2.75,0.0,0.0,0.0179
0.3,-2.75,1e-04,0.0,0.0564
0.35,-2.75,1e-04,0.0,0.1222
0.4,-2.75,1e-04,0.0,0.193
0.45,-2.75,1e-04,0.0,0.2236
0.5,-2.75,1e-04,0.0,0.242
0.55,-2.75,0.0,0.0,0.2577
0.6,-2.75,0.0,0.0,0.2731
0.65,-2.75,1e-04,0.0,0.2886
0.7,-2.75,0.0002,0.0,0.3017
0.75,-2.75,0.0006,0.0,0.3126
0.8,-2.75,0.0017,0.0,0.3214
0.85,-2.75,0.0049,0.0,0.3295
0.9,-2.75,0.0046,1e-04,0.3341
0.95,-2.75,0.0039,1e-04,0.3383
1.0,-2.75,0.0032,0.0002,0.3412
1.05,-2.75,0.0026,0.0004,0.336
1.1,-2.75,0.0021,0.0007,0.3302
1.15,-2.75,0.0019,0.0009,0.3242
1.2,-2.75,0.0018,0.001,0.3171
1.25,-2.75,0.0018,0.001,0.3093
1.3,-2.75,0.0016,0.0009,0.3017
1.35,-2.75,0.0012,0.0008,0.2941
1.4,-2.75,0.0009,0.0007,0.2873
1.45,-2.75,0.0007,0.0006,0.2826
1.5,-2.75,0.0005,0.0005,0.2781
1.55,-2.75,0.0004,0.0004,0.2738
1.6,-2.75,0.0003,0.0004,0.27
1.65,-2.75,0.0003,0.0004,0.2663
1.7,-2.75,0.0002,0.0004,0.2619
1.75,-2.75,0.0003,0.0005,0.2549
1.8,-2.75,0.0004,0.0005,0.2479
1.85,-2.75,0.0006,0.0005,0.2411
1.9,-2.75,0.001,0.0005,0.2345
1.95,-2.75,0.0022,0.0006,0.2317
2.0,-2.75,0.0049,0.0008,0.2293
2.05,-2.75,0.0122,0.0009,0.2269
2.1,-2.75,0.1181,0.0011,0.2369
2.15,-2.75,0.729,0.0017,0.2475
2.2,-2.75,0.9818,0.0032,0.2591
2.25,-2.75,0.9991,0.0061,0.2713
2.3,-2.75,1.0,0.0349,0.2838
2.35,-2.75,1.0,0.1967,0.2997
2.4,-2.75,1.0,0.6328,0.3269
2.45,-2.75,1.0,0.9171,0.3552
2.5,-2.75,1.0,0.986,0.3869
2.55,-2.75,1.0,0.9978,0.423
2.6,-2.75,1.0,0.9996,0.4599
2.65,-2.75,1.0,0.9999,0.4973
2.7,-2.75,1.0,1.0,0.5347
2.75,-2.75,1.0,1.0,0.5717
2.8,-2.75,1.0,1.0,0.6192
2.85,-2.75,1.0,1.0,0.677
2.9,-2.75,1.0,1.0,0.7298
2.95,-2.75,1.0,1.0,0.7869
3.0,-2.75,1.0,1.0,0.8361
3.05,-2.75,1.0,1.0,0.8757
3.1,-2.75,1.0,1.0,0.9069
3.15,-2.75,1.0,1.0,0.934
3.2,-2.75,1.0,1.0,0.9549
3.25,-2.75,1.0,1.0,0.9695
3.3,-2.75,1.0,1.0,0.9794
3.35,-2.75,1.0,1.0,0.9865
3.4,-2.75,1.0,1.0,0.9912
3.45,-2.75,1.0,1.0,0.9943
3.5,-2.75,1.0,1.0,0.9963
3.55,-2.75,1.0,1.0,0.9976
3.6,-2.75,1.0,1.0,0.9984
3.65,-2.75,1.0,1.0,0.999
3.7,-2.75,1.0,1.0,0.9993
3.75,-2.75,1.0,1.0,0.9996
3.8,-2.75,1.0,1.0,0.9997
3.85,-2.75,1.0,1.0,0.9998
3.9,-2.75,1.0,1.0,0.9999
3.95,-2.75,1.0,1.0,0.9999
4.0,-2.75,1.0,1.0,0.9999
-4.0,-2.7,0.0,0.0,0.0
-3.95,-2.7,0.0,0.0,0.0
-3.9,-2.7,0.0,0.0,0.0
-3.85,-2.7,0.0,0.0,0.0
-3.8,-2.7,0.0,0.0,0.0
-3.75,-2.7,0.0,0.0,0.0
-3.7,-2.7,0.0,0.0,0.0
-3.65,-2.7,0.0,0.0,0.0
-3.6,-2.7,0.0,0.0,0.0
-3.55,-2.7,0.0,0.0,0.0
-3.5,-2.7,0.0,0.0,0.0
-3.45,-2.7,0.0,0.0,0.0
-3.4,-2.7,0.0,0.0,0.0
-3.35,-2.7,0.0,0.0,0.0
-3.3,-2.7,0.0,0.0,0.0
-3.25,-2.7,0.0,0.0,0.0
-3.2,-2.7,0.0,0.0,0.0
-3.15,-2.7,0.0,0.0,0.0
-3.1,-2.7,0.0,0.0,0.0
-3.05,-2.7,0.0,0.0,0.0
-3.0,-2.7,0.0,0.0,0.0
-2.95,-2.7,0.0,0.0,0.0
-2.9,-2.7,0.0,0.0,0.0
-2.85,-2.7,0.0,0.0,0.0
-2.8,-2.7,0.0,0.0,0.0
-2.75,-2.7,0.0,0.0,0.0
-2.7,-2.7,0.0,0.0,0.0
-2.65,-2.7,0.0,0.0,0.0
-2.6,-2.7,0.0,0.0,0.0
-2.55,-2.7,0.0,0.0,0.0
-2.5,-2.7,0.0,0.0,0.0
-2.45,-2.7,0.0,0.0,0.0
-2.4,-2.7,0.0,0.0,0.0
-2.35,-2.7,0.0,0.0,0.0
-2.3,-2.7,0.0,0.0,0.0
-2.25,-2.7,0.0,0.0,0.0
-2.2,-2.7,0.0,0.0,0.0
-2.15,-2.7,0.0,0.0,0.0
-2.1,-2.7,0.0,0.0,0.0
-2.05,-2.7,0.0,0.0,0.0
-2.0,-2.7,0.0,0.0,0.0
-1.95,-2.7,0.0,0.0,0.0
-1.9,-2.7,0.0,0.0,0.0
-1.85,-2.7,0.0,0.0,0.0
-1.8,-2.7,0.0,0.0,0.0
-1.75,-2.7,0.0,0.0,0.0
-1.7,-2.7,0.0,0.0,0.0
-1.65,-2.7,0.0,0.0,0.0
-1.6,-2.7,0.0,0.0,0.0
-1.55,-2.7,0.0,0.0,0.0
-1.5,-2.7,0.0,0.0,0.0
-1.45,-2.7,0.0,0.0,0.0
-1.4,-2.7,0.0,0.0,0.0
-1.35,-2.7,0.0,0.0,0.0
-1.3,-2.7,0.0,0.0,0.0
-1.25,-2.7,0.0,0.0,0.0
-1.2,-2.7,0.0,0.0,0.0
-1.15,-2.7,0.0,0.0,0.0
-1.1,-2.7,0.0,0.0,0.0
-1.05,-2.7,0.0,0.0,0.0
-1.0,-2.7,0.0,0.0,0.0
-0.95,-2.7,0.0,0.0,0.0
-0.9,-2.7,0.0,0.0,0.0
-0.85,-2.7,0.0,0.0,0.0
-0.8,-2.7,0.0,0.0,0.0
-0.75,-2.7,0.0,0.0,0.0
-0.7,-2.7,0.0,0.0,0.0
-0.65,-2.7,0.0,0.0,0.0
-0.6,-2.7,0.0,0.0,0.0
-0.55,-2.7,0.0,0.0,0.0
-0.5,-2.7,0.0,0.0,0.0
-0.45,-2.7,0.0,0.0,0.0
-0.4,-2.7,0.0,0.0,0.0
-0.35,-2.7,0.0,0.0,0.0
-0.3,-2.7,0.0,0.0,0.0
-0.25,-2.7,0.0,0.0,0.0
-0.2,-2.7,0.0,0.0,0.0
-0.15,-2.7,0.0,0.0,0.0
-0.1,-2.7,0.0,0.0,0.0
-0.05,-2.7,0.0,0.0,0.0
0.0,-2.7,0.0,0.0,0.0
0.05,-2.7,0.0,0.0,0.0
0.1,-2.7,0.0,0.0,0.0002
0.15,-2.7,0.0,0.0,0.0013
0.2,-2.7,0.0,0.0,0.0059
0.25,-2.7,0.0,0.0,0.0231
0.3,-2.7,1e-04,0.0,0.0712
0.35,-2.7,1e-04,0.0,0.147
0.4,-2.7,1e-04,0.0,0.2177
0.45,-2.7,1e-04,0.0,0.2466
0.5,-2.7,1e-04,0.0,0.2636
0.55,-2.7,1e-04,0.0,0.2803
0.6,-2.7,1e-04,0.0,0.2962
0.65,-2.7,1e-04,0.0,0.311
0.7,-2.7,0.0005,0.0,0.3233
0.75,-2.7,0.0015,0.0,0.3323
0.8,-2.7,0.0043,1e-04,0.3414
0.85,-2.7,0.009,1e-04,0.3468
0.9,-2.7,0.0075,0.0002,0.3511
0.95,-2.7,0.0064,0.0003,0.3554
1.0,-2.7,0.0052,0.0006,0.3515
1.05,-2.7,0.0043,0.001,0.3455
1.1,-2.7,0.0035,0.0015,0.3394
1.15,-2.7,0.0032,0.0016,0.3323
1.2,-2.7,0.0032,0.0016,0.3241
1.25,-2.7,0.0028,0.0015,0.3162
1.3,-2.7,0.0022,0.0013,0.3085
1.35,-2.7,0.0017,0.0011,0.3008
1.4,-2.7,0.0012,0.001,0.2955
1.45,-2.7,0.0009,0.0008,0.2906
1.5,-2.7,0.0007,0.0007,0.2862
1.55,-2.7,0.0006,0.0006,0.2823
1.6,-2.7,0.0005,0.0006,0.2785
1.65,-2.7,0.0004,0.0006,0.2747
1.7,-2.7,0.0003,0.0006,0.2694
1.75,-2.7,0.0004,0.0006,0.2622
1.8,-2.7,0.0006,0.0007,0.2551
1.85,-2.7,0.001,0.0007,0.2482
1.9,-2.7,0.002,0.0008,0.2425
1.95,-2.7,0.0042,0.0009,0.2401
2.0,-2.7,0.0101,0.0011,0.2376
2.05,-2.7,0.0284,0.0014,0.2415
2.1,-2.7,0.3702,0.0018,0.2522
2.15,-2.7,0.9219,0.0031,0.2636
2.2,-2.7,0.9958,0.0056,0.2759
2.25,-2.7,0.9998,0.0243,0.2883
2.3,-2.7,1.0,0.1441,0.3005
2.35,-2.7,1.0,0.5402,0.3267
2.4,-2.7,1.0,0.8822,0.3551
2.45,-2.7,1.0,0.9794,0.3846
2.5,-2.7,1.0,0.9967,0.4181
2.55,-2.7,1.0,0.9995,0.455
2.6,-2.7,1.0,0.9999,0.4923
2.65,-2.7,1.0,1.0,0.5297
2.7,-2.7,1.0,1.0,0.5668
2.75,-2.7,1.0,1.0,0.6142
2.8,-2.7,1.0,1.0,0.6716
2.85,-2.7,1.0,1.0,0.7249
2.9,-2.7,1.0,1.0,0.784
2.95,-2.7,1.0,1.0,0.8337
3.0,-2.7,1.0,1.0,0.8738
3.05,-2.7,1.0,1.0,0.9053
3.1,-2.7,1.0,1.0,0.9333
3.15,-2.7,1.0,1.0,0.9545
3.2,-2.7,1.0,1.0,0.9691
3.25,-2.7,1.0,1.0,0.9793
3.3,-2.7,1.0,1.0,0.9864
3.35,-2.7,1.0,1.0,0.9911
3.4,-2.7,1.0,1.0,0.9942
3.45,-2.7,1.0,1.0,0.9962
3.5,-2.7,1.0,1.0,0.9976
3.55,-2.7,1.0,1.0,0.9984
3.6,-2.7,1.0,1.0,0.999
3.65,-2.7,1.0,1.0,0.9993
3.7,-2.7,1.0,1.0,0.9996
3.75,-2.7,1.0,1.0,0.9997
3.8,-2.7,1.0,1.0,0.9998
3.85,-2.7,1.0,1.0,0.9999
3.9,-2.7,1.0,1.0,0.9999
3.95,-2.7,1.0,1.0,0.9999
4.0,-2.7,1.0,1.0,1.0
-4.0,-2.65,0.0,0.0,0.0
-3.95,-2.65,0.0,0.0,0.0
-3.9,-2.65,0.0,0.0,0.0
-3.85,-2.65,0.0,0.0,0.0
-3.8,-2.65,0.0,0.0,0.0
-3.75,-2.65,0.0,0.0,0.0
-3.7,-2.65,0.0,0.0,0.0
-3.65,-2.65,0.0,0.0,0.0
-3.6,-2.65,0.0,0.0,0.0
-3.55,-2.65,0.0,0.0,0.0
-3.5,-2.65,0.0,0.0,0.0
-3.45,-2.65,0.0,0.0,0.0
-3.4,-2.65,0.0,0.0,0.0
-3.35,-2.65,0.0,0.0,0.0
-3.3,-2.65,0.0,0.0,0.0
-3.25,-2.65,0.0,0.0,0.0
-3.2,-2.65,0.0,0.0,0.0
-3.15,-2.65,0.0,0.0,0.0
-3.1,-2.65,0.0,0.0,0.0
-3.05,-2.65,0.0,0.0,0.0
-3.0,-2.65,0.0,0.0,0.0
-2.95,-2.65,0.0,0.0,0.0
-2.9,-2.65,0.0,0.0,0.0
-2.85,-2.65,0.0,0.0,0.0
-2.8,-2.65,0.0,0.0,0.0
-2.75,-2.65,0.0,0.0,0.0
-2.7,-2.65,0.0,0.0,0.0
-2.65,-2.65,0.0,0.0,0.0
-2.6,-2.65,0.0,0.0,0.0
-2.55,-2.65,0.0,0.0,0.0
-2.5,-2.65,0.0,0.0,0.0
-2.45,-2.65,0.0,0.0,0.0
-2.4,-2.65,0.0,0.0,0.0
-2.35,-2.65,0.0,0.0,0.0
-2.3,-2.65,0.0,0.0,0.0
-2.25,-2.65,0.0,0.0,0.0
-2.2,-2.65,0.0,0.0,0.0
-2.15,-2.65,0.0,0.0,0.0
-2.1,-2.65,0.0,0.0,0.0
-2.05,-2.65,0.0,0.0,0.0
-2.0,-2.65,0.0,0.0,0.0
-1.95,-2.65,0.0,0.0,0.0
-1.9,-2.65,0.0,0.0,0.0
-1.85,-2.65,0.0,0.0,0.0
-1.8,-2.65,0.0,0.0,0.0
-1.75,-2.65,0.0,0.0,0.0
-1.7,-2.65,0.0,0.0,0.0
-1.65,-2.65,0.0,0.0,0.0
-1.6,-2.65,0.0,0.0,0.0
-1.55,-2.65,0.0,0.0,0.0
-1.5,-2.65,0.0,0.0,0.0
-1.45,-2.65,0.0,0.0,0.0
-1.4,-2.65,0.0,0.0,0.0
-1.35,-2.65,0.0,0.0,0.0
-1.3,-2.65,0.0,0.0,0.0
-1.25,-2.65,0.0,0.0,0.0
-1.2,-2.65,0.0,0.0,0.0
-1.15,-2.65,0.0,0.0,0.0
-1.1,-2.65,0.0,0.0,0.0
-1.05,-2.65,0.0,0.0,0.0
-1.0,-2.65,0.0,0.0,0.0
-0.95,-2.65,0.0,0.0,0.0
-0.9,-2.65,0.0,0.0,0.0
-0.85,-2.65,0.0,0.0,0.0
-0.8,-2.65,0.0,0.0,0.0
-0.75,-2.65,0.0,0.0,0.0
-0.7,-2.65,0.0,0.0,0.0
-0.65,-2.65,0.0,0.0,0.0
-0.6,-2.65,0.0,0.0,0.0
-0.55,-2.65,0.0,0.0,0.0
-0.5,-2.65,0.0,0.0,0.0
-0.45,-2.65,0.0,0.0,0.0
-0.4,-2.65,0.0,0.0,0.0
-0.35,-2.65,0.0,0.0,0.0
-0.3,-2.65,0.0,0.0,0.0
-0.25,-2.65,0.0,0.0,0.0
-0.2,-2.65,0.0,0.0,0.0
-0.15,-2.65,0.0,0.0,0.0
-0.1,-2.65,0.0,0.0,0.0
-0.05,-2.65,0.0,0.0,0.0
0.0,-2.65,0.0,0.0,0.0
0.05,-2.65,0.0,0.0,0.0
0.1,-2.65,0.0,0.0,0.0002
0.15,-2.65,0.0,0.0,0.0017
0.2,-2.65,0.0,0.0,0.0076
0.25,-2.65,1e-04,0.0,0.0297
0.3,-2.65,1e-04,0.0,0.0889
0.35,-2.65,0.0002,0.0,0.1751
0.4,-2.65,1e-04,0.0,0.2439
0.45,-2.65,1e-04,0.0,0.2699
0.5,-2.65,1e-04,0.0,0.2868
0.55,-2.65,1e-04,0.0,0.3039
0.6,-2.65,1e-04,0.0,0.3202
0.65,-2.65,0.0004,0.0,0.3335
0.7,-2.65,0.0013,0.0,0.3434
0.75,-2.65,0.0038,1e-04,0.3527
0.8,-2.65,0.0105,0.0002,0.3597
0.85,-2.65,0.014,0.0003,0.3641
0.9,-2.65,0.0122,0.0005,0.3685
0.95,-2.65,0.0104,0.0008,0.3671
1.0,-2.65,0.0086,0.0014,0.3612
1.05,-2.65,0.007,0.0023,0.355
1.1,-2.65,0.0057,0.0026,0.348
1.15,-2.65,0.0055,0.0026,0.3397
1.2,-2.65,0.005,0.0024,0.3314
1.25,-2.65,0.0039,0.0022,0.3233
1.3,-2.65,0.003,0.0019,0.3154
1.35,-2.65,0.0023,0.0016,0.3087
1.4,-2.65,0.0017,0.0014,0.3036
1.45,-2.65,0.0012,0.0011,0.2989
1.5,-2.65,0.001,0.001,0.2949
1.55,-2.65,0.0008,0.0008,0.291
1.6,-2.65,0.0006,0.0008,0.2872
1.65,-2.65,0.0005,0.0008,0.2833
1.7,-2.65,0.0005,0.0009,0.2769
1.75,-2.65,0.0007,0.0009,0.2696
1.8,-2.65,0.001,0.0009,0.2624
1.85,-2.65,0.0019,0.0009,0.2553
1.9,-2.65,0.004,0.0011,0.2512
1.95,-2.65,0.0083,0.0014,0.2487
2.0,-2.65,0.0204,0.0016,0.2462
2.05,-2.65,0.1138,0.0019,0.2569
2.1,-2.65,0.7207,0.0029,0.2682
2.15,-2.65,0.9811,0.0054,0.2806
2.2,-2.65,0.999,0.0169,0.2929
2.25,-2.65,1.0,0.1042,0.3052
2.3,-2.65,1.0,0.4431,0.3266
2.35,-2.65,1.0,0.8351,0.355
2.4,-2.65,1.0,0.9699,0.3845
2.45,-2.65,1.0,0.9951,0.4148
2.5,-2.65,1.0,0.9992,0.45
2.55,-2.65,1.0,0.9999,0.4873
2.6,-2.65,1.0,1.0,0.5247
2.65,-2.65,1.0,1.0,0.5619
2.7,-2.65,1.0,1.0,0.6095
2.75,-2.65,1.0,1.0,0.6661
2.8,-2.65,1.0,1.0,0.7211
2.85,-2.65,1.0,1.0,0.7811
2.9,-2.65,1.0,1.0,0.8313
2.95,-2.65,1.0,1.0,0.8718
3.0,-2.65,1.0,1.0,0.9031
3.05,-2.65,1.0,1.0,0.9326
3.1,-2.65,1.0,1.0,0.954
3.15,-2.65,1.0,1.0,0.9688
3.2,-2.65,1.0,1.0,0.9791
3.25,-2.65,1.0,1.0,0.9863
3.3,-2.65,1.0,1.0,0.9911
3.35,-2.65,1.0,1.0,0.9942
3.4,-2.65,1.0,1.0,0.9962
3.45,-2.65,1.0,1.0,0.9975
3.5,-2.65,1.0,1.0,0.9984
3.55,-2.65,1.0,1.0,0.999
3.6,-2.65,1.0,1.0,0.9993
3.65,-2.65,1.0,1.0,0.9996
3.7,-2.65,1.0,1.0,0.9997
3.75,-2.65,1.0,1.0,0.9998
3.8,-2.65,1.0,1.0,0.9999
3.85,-2.65,1.0,1.0,0.9999
3.9,-2.65,1.0,1.0,0.9999
3.95,-2.65,1.0,1.0,1.0
4.0,-2.65,1.0,1.0,1.0
-4.0,-2.6,0.0,0.0,0.0
-3.95,-2.6,0.0,0.0,0.0
-3.9,-2.6,0.0,0.0,0.0
-3.85,-2.6,0.0,0.0,0.0
-3.8,-2.6,0.0,0.0,0.0
-3.75,-2.6,0.0,0.0,0.0
-3.7,-2.6,0.0,0.0,0.0
-3.65,-2.6,0.0,0.0,0.0
-3.6,-2.6,0.0,0.0,0.0
-3.55,-2.6,0.0,0.0,0.0
-3.5,-2.6,0.0,0.0,0.0
-3.45,-2.6,0.0,0.0,0.0
-3.4,-2.6,0.0,0.0,0.0
-3.35,-2.6,0.0,0.0,0.0
-3.3,-2.6,0.0,0.0,0.0
-3.25,-2.6,0.0,0.0,0.0
-3.2,-2.6,0.0,0.0,0.0
-3.15,-2.6,0.0,0.0,0.0
-3.1,-2.6,0.0,0.0,0.0
-3.05,-2.6,0.0,0.0,0.0
-3.0,-2.6,0.0,0.0,0.0
-2.95,-2.6,0.0,0.0,0.0
-2.9,-2.6,0.0,0.0,0.0
-2.85,-2.6,0.0,0.0,0.0
-2.8,-2.6,0.0,0.0,0.0
-2.75,-2.6,0.0,0.0,0.0
-2.7,-2.6,0.0,0.0,0.0
-2.65,-2.6,0.0,0.0,0.0
-2.6,-2.6,0.0,0.0,0.0
-2.55,-2.6,0.0,0.0,0.0
-2.5,-2.6,0.0,0.0,0.0
-2.45,-2.6,0.0,0.0,0.0
-2.4,-2.6,0.0,0.0,0.0
-2.35,-2.6,0.0,0.0,0.0
-2.3,-2.6,0.0,0.0,0.0
-2.25,-2.6,0.0,0.0,0.0
-2.2,-2.6,0.0,0.0,0.0
-2.15,-2.6,0.0,0.0,0.0
-2.1,-2.6,0.0,0.0,0.0
-2.05,-2.6,0.0,0.0,0.0
-2.0,-2.6,0.0,0.0,0.0
-1.95,-2.6,0.0,0.0,0.0
-1.9,-2.6,0.0,0.0,0.0
-1.85,-2.6,0.0,0.0,0.0
-1.8,-2.6,0.0,0.0,0.0
-1.75,-2.6,0.0,0.0,0.0
-1.7,-2.6,0.0,0.0,0.0
-1.65,-2.6,0.0,0.0,0.0
-1.6,-2.6,0.0,0.0,0.0
-1.55,-2.6,0.0,0.0,0.0
-1.5,-2.6,0.0,0.0,0.0
-1.45,-2.6,0.0,0.0,0.0
-1.4,-2.6,0.0,0.0,0.0
-1.35,-2.6,0.0,0.0,0.0
-1.3,-2.6,0.0,0.0,0.0
-1.25,-2.6,0.0,0.0,0.0
-1.2,-2.6,0.0,0.0,0.0
-1.15,-2.6,0.0,0.0,0.0
-1.1,-2.6,0.0,0.0,0.0
-1.05,-2.6,0.0,0.0,0.0
-1.0,-2.6,0.0,0.0,0.0
-0.95,-2.6,0.0,0.0,0.0
-0.9,-2.6,0.0,0.0,0.0
-0.85,-2.6,0.0,0.0,0.0
-0.8,-2.6,0.0,0.0,0.0
-0.75,-2.6,0.0,0.0,0.0
-0.7,-2.6,0.0,0.0,0.0
-0.65,-2.6,0.0,0.0,0.0
-0.6,-2.6,0.0,0.0,0.0
-0.55,-2.6,0.0,0.0,0.0
-0.5,-2.6,0.0,0.0,0.0
-0.45,-2.6,0.0,0.0,0.0
-0.4,-2.6,0.0,0.0,0.0
-0.35,-2.6,0.0,0.0,0.0
-0.3,-2.6,0.0,0.0,0.0
-0.25,-2.6,0.0,0.0,0.0
-0.2,-2.6,0.0,0.0,0.0
-0.15,-2.6,0.0,0.0,0.0
-0.1,-2.6,0.0,0.0,0.0
-0.05,-2.6,0.0,0.0,0.0
0.0,-2.6,0.0,0.0,0.0
0.05,-2.6,0.0,0.0,0.0
0.1,-2.6,0.0,0.0,0.0003
0.15,-2.6,0.0,0.0,0.0021
0.2,-2.6,0.0,0.0,0.0098
0.25,-2.6,1e-04,0.0,0.0381
0.3,-2.6,1e-04,0.0,0.1094
0.35,-2.6,0.0002,0.0,0.2024
0.4,-2.6,0.0002,0.0,0.2713
0.45,-2.6,0.0002,0.0,0.2929
0.5,-2.6,1e-04,0.0,0.311
0.55,-2.6,1e-04,0.0,0.3283
0.6,-2.6,0.0002,0.0,0.3432
0.65,-2.6,0.0011,1e-04,0.3547
0.7,-2.6,0.0033,1e-04,0.3641
0.75,-2.6,0.0092,0.0002,0.3726
0.8,-2.6,0.0212,0.0004,0.3773
0.85,-2.6,0.0216,0.0007,0.3817
0.9,-2.6,0.0197,0.0012,0.3829
0.95,-2.6,0.0169,0.0021,0.3772
1.0,-2.6,0.0139,0.0035,0.3709
1.05,-2.6,0.0114,0.0042,0.364
1.1,-2.6,0.0095,0.0041,0.3555
1.15,-2.6,0.0089,0.0039,0.3471
1.2,-2.6,0.007,0.0035,0.3388
1.25,-2.6,0.0054,0.0031,0.3306
1.3,-2.6,0.0042,0.0027,0.3225
1.35,-2.6,0.0032,0.0023,0.317
1.4,-2.6,0.0023,0.0019,0.312
1.45,-2.6,0.0017,0.0015,0.3079
1.5,-2.6,0.0014,0.0013,0.3039
1.55,-2.6,0.0011,0.0011,0.2999
1.6,-2.6,0.0009,0.0011,0.296
1.65,-2.6,0.0007,0.0011,0.292
1.7,-2.6,0.0007,0.0011,0.2846
1.75,-2.6,0.0011,0.0012,0.2771
1.8,-2.6,0.0018,0.0012,0.2698
1.85,-2.6,0.0037,0.0014,0.2626
1.9,-2.6,0.0077,0.0016,0.2601
1.95,-2.6,0.0169,0.0019,0.2575
2.0,-2.6,0.0411,0.0023,0.2616
2.05,-2.6,0.3605,0.0031,0.2729
2.1,-2.6,0.9189,0.0051,0.2852
2.15,-2.6,0.9956,0.0125,0.2976
2.2,-2.6,0.9998,0.0744,0.31
2.25,-2.6,1.0,0.3499,0.3266
2.3,-2.6,1.0,0.774,0.355
2.35,-2.6,1.0,0.9561,0.3844
2.4,-2.6,1.0,0.9928,0.4146
2.45,-2.6,1.0,0.9989,0.4456
2.5,-2.6,1.0,0.9998,0.4823
2.55,-2.6,1.0,1.0,0.5198
2.6,-2.6,1.0,1.0,0.557
2.65,-2.6,1.0,1.0,0.6047
2.7,-2.6,1.0,1.0,0.6606
2.75,-2.6,1.0,1.0,0.7176
2.8,-2.6,1.0,1.0,0.7782
2.85,-2.6,1.0,1.0,0.8289
2.9,-2.6,1.0,1.0,0.8699
2.95,-2.6,1.0,1.0,0.9015
3.0,-2.6,1.0,1.0,0.932
3.05,-2.6,1.0,1.0,0.9535
3.1,-2.6,1.0,1.0,0.9685
3.15,-2.6,1.0,1.0,0.9789
3.2,-2.6,1.0,1.0,0.9862
3.25,-2.6,1.0,1.0,0.991
3.3,-2.6,1.0,1.0,0.9941
3.35,-2.6,1.0,1.0,0.9962
3.4,-2.6,1.0,1.0,0.9975
3.45,-2.6,1.0,1.0,0.9984
3.5,-2.6,1.0,1.0,0.999
3.55,-2.6,1.0,1.0,0.9994
3.6,-2.6,1.0,1.0,0.9996
3.65,-2.6,1.0,1.0,0.9997
3.7,-2.6,1.0,1.0,0.9998
3.75,-2.6,1.0,1.0,0.9999
3.8,-2.6,1.0,1.0,0.9999
3.85,-2.6,1.0,1.0,0.9999
3.9,-2.6,1.0,1.0,1.0
3.95,-2.6,1.0,1.0,1.0
4.0,-2.6,1.0,1.0,1.0
-4.0,-2.55,0.0,0.0,0.0
-3.95,-2.55,0.0,0.0,0.0
-3.9,-2.55,0.0,0.0,0.0
-3.85,-2.55,0.0,0.0,0.0
-3.8,-2.55,0.0,0.0,0.0
-3.75,-2.55,0.0,0.0,0.0
-3.7,-2.55,0.0,0.0,0.0
-3.65,-2.55,0.0,0.0,0.0
-3.6,-2.55,0.0,0.0,0.0
-3.55,-2.55,0.0,0.0,0.0
-3.5,-2.55,0.0,0.0,0.0
-3.45,-2.55,0.0,0.0,0.0
-3.4,-2.55,0.0,0.0,0.0
-3.35,-2.55,0.0,0.0,0.0
-3.3,-2.55,0.0,0.0,0.0
-3.25,-2.55,0.0,0.0,0.0
-3.2,-2.55,0.0,0.0,0.0
-3.15,-2.55,0.0,0.0,0.0
-3.1,-2.55,0.0,0.0,0.0
-3.05,-2.55,0.0,0.0,0.0
-3.0,-2.55,0.0,0.0,0.0
-2.95,-2.55,0.0,0.0,0.0
-2.9,-2.55,0.0,0.0,0.0
-2.85,-2.55,0.0,0.0,0.0
-2.8,-2.55,0.0,0.0,0.0
-2.75,-2.55,0.0,0.0,0.0
-2.7,-2.55,0.0,0.0,0.0
-2.65,-2.55,0.0,0.0,0.0
-2.6,-2.55,0.0,0.0,0.0
-2.55,-2.55,0.0,0.0,0.0
-2.5,-2.55,0.0,0.0,0.0
-2.45,-2.55,0.0,0.0,0.0
-2.4,-2.55,0.0,0.0,0.0
-2.35,-2.55,0.0,0.0,0.0
-2.3,-2.55,0.0,0.0,0.0
-2.25,-2.55,0.0,0.0,0.0
-2.2,-2.55,0.0,0.0,0.0
-2.15,-2.55,0.0,0.0,0.0
-2.1,-2.55,0.0,0.0,0.0
-2.05,-2.55,0.0,0.0,0.0
-2.0,-2.55,0.0,0.0,0.0
-1.95,-2.55,0.0,0.0,0.0
-1.9,-2.55,0.0,0.0,0.0
-1.85,-2.55,0.0,0.0,0.0
-1.8,-2.55,0.0,0.0,0.0
-1.75,-2.55,0.0,0.0,0.0
-1.7,-2.55,0.0,0.0,0.0
-1.65,-2.55,0.0,0.0,0.0
-1.6,-2.55,0.0,0.0,0.0
-1.55,-2.55,0.0,0.0,0.0
-1.5,-2.55,0.0,0.0,0.0
-1.45,-2.55,0.0,0.0,0.0
-1.4,-2.55,0.0,0.0,0.0
-1.35,-2.55,0.0,0.0,0.0
-1.3,-2.55,0.0,0.0,0.0
-1.25,-2.55,0.0,0.0,0.0
-1.2,-2.55,0.0,0.0,0.0
-1.15,-2.55,0.0,0.0,0.0
-1.1,-2.55,0.0,0.0,0.0
-1.05,-2.55,0.0,0.0,0.0
-1.0,-2.55,0.0,0.0,0.0
-0.95,-2.55,0.0,0.0,0.0
-0.9,-2.55,0.0,0.0,0.0
-0.85,-2.55,0.0,0.0,0.0
-0.8,-2.55,0.0,0.0,0.0
-0.75,-2.55,0.0,0.0,0.0
-0.7,-2.55,0.0,0.0,0.0
-0.65,-2.55,0.0,0.0,0.0
-0.6,-2.55,0.0,0.0,0.0
-0.55,-2.55,0.0,0.0,0.0
-0.5,-2.55,0.0,0.0,0.0
-0.45,-2.55,0.0,0.0,0.0
-0.4,-2.55,0.0,0.0,0.0
-0.35,-2.55,0.0,0.0,0.0
-0.3,-2.55,0.0,0.0,0.0
-0.25,-2.55,0.0,0.0,0.0
-0.2,-2.55,0.0,0.0,0.0
-0.15,-2.55,0.0,0.0,0.0
-0.1,-2.55,0.0,0.0,0.0
-0.05,-2.55,0.0,0.0,0.0
0.0,-2.55,0.0,0.0,0.0
0.05,-2.55,0.0,0.0,0.0
0.1,-2.55,0.0,0.0,0.0004
0.15,-2.55,0.0,0.0,0.0026
0.2,-2.55,0.0,0.0,0.0125
0.25,-2.55,1e-04,0.0,0.0487
0.3,-2.55,0.0002,0.0,0.1311
0.35,-2.55,0.0003,0.0,0.2314
0.4,-2.55,0.0002,0.0,0.2973
0.45,-2.55,0.0002,0.0,0.317
0.5,-2.55,0.0002,0.0,0.3359
0.55,-2.55,0.0002,0.0,0.3528
0.6,-2.55,0.0005,1e-04,0.3658
0.65,-2.55,0.0028,0.0002,0.3756
0.7,-2.55,0.008,0.0003,0.3852
0.75,-2.55,0.0224,0.0006,0.3906
0.8,-2.55,0.0326,0.001,0.3952
0.85,-2.55,0.0332,0.0018,0.399
0.9,-2.55,0.0319,0.003,0.3934
0.95,-2.55,0.0273,0.0051,0.3872
1.0,-2.55,0.0226,0.0068,0.3803
1.05,-2.55,0.0186,0.0066,0.3718
1.1,-2.55,0.0156,0.0063,0.3632
1.15,-2.55,0.0123,0.0058,0.3547
1.2,-2.55,0.0097,0.0051,0.3463
1.25,-2.55,0.0074,0.0044,0.338
1.3,-2.55,0.0057,0.0037,0.331
1.35,-2.55,0.0043,0.0031,0.3256
1.4,-2.55,0.0031,0.0025,0.3212
1.45,-2.55,0.0024,0.0021,0.317
1.5,-2.55,0.0019,0.0017,0.313
1.55,-2.55,0.0015,0.0014,0.3089
1.6,-2.55,0.0012,0.0015,0.3049
1.65,-2.55,0.0009,0.0015,0.3001
1.7,-2.55,0.0011,0.0015,0.2924
1.75,-2.55,0.0017,0.0016,0.2848
1.8,-2.55,0.0034,0.0017,0.2774
1.85,-2.55,0.0072,0.002,0.2718
1.9,-2.55,0.0149,0.0023,0.2691
1.95,-2.55,0.0341,0.0027,0.2665
2.0,-2.55,0.1096,0.0032,0.2778
2.05,-2.55,0.7122,0.0049,0.2898
2.1,-2.55,0.9803,0.0093,0.3022
2.15,-2.55,0.999,0.0526,0.3148
2.2,-2.55,1.0,0.268,0.3275
2.25,-2.55,1.0,0.6985,0.3549
2.3,-2.55,1.0,0.9365,0.3843
2.35,-2.55,1.0,0.9895,0.4146
2.4,-2.55,1.0,0.9983,0.4455
2.45,-2.55,1.0,0.9997,0.4773
2.5,-2.55,1.0,1.0,0.5148
2.55,-2.55,1.0,1.0,0.5521
2.6,-2.55,1.0,1.0,0.5999
2.65,-2.55,1.0,1.0,0.6551
2.7,-2.55,1.0,1.0,0.7142
2.75,-2.55,1.0,1.0,0.7753
2.8,-2.55,1.0,1.0,0.8265
2.85,-2.55,1.0,1.0,0.8674
2.9,-2.55,1.0,1.0,0.9006
2.95,-2.55,1.0,1.0,0.9313
3.0,-2.55,1.0,1.0,0.9531
3.05,-2.55,1.0,1.0,0.9682
3.1,-2.55,1.0,1.0,0.9787
3.15,-2.55,1.0,1.0,0.9861
3.2,-2.55,1.0,1.0,0.9909
3.25,-2.55,1.0,1.0,0.9941
3.3,-2.55,1.0,1.0,0.9961
3.35,-2.55,1.0,1.0,0.9975
3.4,-2.55,1.0,1.0,0.9984
3.45,-2.55,1.0,1.0,0.999
3.5,-2.55,1.0,1.0,0.9994
3.55,-2.55,1.0,1.0,0.9996
3.6,-2.55,1.0,1.0,0.9997
3.65,-2.55,1.0,1.0,0.9998
3.7,-2.55,1.0,1.0,0.9999
3.75,-2.55,1.0,1.0,0.9999
3.8,-2.55,1.0,1.0,0.9999
3.85,-2.55,1.0,1.0,0.9999
3.9,-2.55,1.0,1.0,1.0
3.95,-2.55,1.0,1.0,1.0
4.0,-2.55,1.0,1.0,1.0
-4.0,-2.5,0.0,0.0,0.0
-3.95,-2.5,0.0,0.0,0.0
-3.9,-2.5,0.0,0.0,0.0
-3.85,-2.5,0.0,0.0,0.0
-3.8,-2.5,0.0,0.0,0.0
-3.75,-2.5,0.0,0.0,0.0
-3.7,-2.5,0.0,0.0,0.0
-3.65,-2.5,0.0,0.0,0.0
-3.6,-2.5,0.0,0.0,0.0
-3.55,-2.5,0.0,0.0,0.0
-3.5,-2.5,0.0,0.0,0.0
-3.45,-2.5,0.0,0.0,0.0
-3.4,-2.5,0.0,0.0,0.0
-3.35,-2.5,0.0,0.0,0.0
-3.3,-2.5,0.0,0.0,0.0
-3.25,-2.5,0.0,0.0,0.0
-3.2,-2.5,0.0,0.0,0.0
-3.15,-2.5,0.0,0.0,0.0
-3.1,-2.5,0.0,0.0,0.0
-3.05,-2.5,0.0,0.0,0.0
-3.0,-2.5,0.0,0.0,0.0
-2.95,-2.5,0.0,0.0,0.0
-2.9,-2.5,0.0,0.0,0.0
-2.85,-2.5,0.0,0.0,0.0
-2.8,-2.5,0.0,0.0,0.0
-2.75,-2.5,0.0,0.0,0.0
-2.7,-2.5,0.0,0.0,0.0
-2.65,-2.5,0.0,0.0,0.0
-2.6,-2.5,0.0,0.0,0.0
-2.55,-2.5,0.0,0.0,0.0
-2.5,-2.5,0.0,0.0,0.0
-2.45,-2.5,0.0,0.0,0.0
-2.4,-2.5,0.0,0.0,0.0
-2.35,-2.5,0.0,0.0,0.0
-2.3,-2.5,0.0,0.0,0.0
-2.25,-2.5,0.0,0.0,0.0
-2.2,-2.5,0.0,0.0,0.0
-2.15,-2.5,0.0,0.0,0.0
-2.1,-2.5,0.0,0.0,0.0
-2.05,-2.5,0.0,0.0,0.0
-2.0,-2.5,0.0,0.0,0.0
-1.95,-2.5,0.0,0.0,0.0
-1.9,-2.5,0.0,0.0,0.0
-1.85,-2.5,0.0,0.0,0.0
-1.8,-2.5,0.0,0.0,0.0
-1.75,-2.5,0.0,0.0,0.0
-1.7,-2.5,0.0,0.0,0.0
-1.65,-2.5,0.0,0.0,0.0
-1.6,-2.5,0.0,0.0,0.0
-1.55,-2.5,0.0,0.0,0.0
-1.5,-2.5,0.0,0.0,0.0
-1.45,-2.5,0.0,0.0,0.0
-1.4,-2.5,0.0,0.0,0.0
-1.35,-2.5,0.0,0.0,0.0
-1.3,-2.5,0.0,0.0,0.0
-1.25,-2.5,0.0,0.0,0.0
-1.2,-2.5,0.0,0.0,0.0
-1.15,-2.5,0.0,0.0,0.0
-1.1,-2.5,0.0,0.0,0.0
-1.05,-2.5,0.0,0.0,0.0
-1.0,-2.5,0.0,0.0,0.0
-0.95,-2.5,0.0,0.0,0.0
-0.9,-2.5,0.0,0.0,0.0
-0.85,-2.5,0.0,0.0,0.0
-0.8,-2.5,0.0,0.0,0.0
-0.75,-2.5,0.0,0.0,0.0
-0.7,-2.5,0.0,0.0,0.0
-0.65,-2.5,0.0,0.0,0.0
-0.6,-2.5,0.0,0.0,0.0
-0.55,-2.5,0.0,0.0,0.0
-0.5,-2.5,0.0,0.0,0.0
-0.45,-2.5,0.0,0.0,0.0
-0.4,-2.5,0.0,0.0,0.0
-0.35,-2.5,0.0,0.0,0.0
-0.3,-2.5,0.0,0.0,0.0
-0.25,-2.5,0.0,0.0,0.0
-0.2,-2.5,0.0,0.0,0.0
-0.15,-2.5,0.0,0.0,0.0
-0.1,-2.5,0.0,0.0,0.0
-0.05,-2.5,0.0,0.0,0.0
0.0,-2.5,0.0,0.0,0.0
0.05,-2.5,0.0,0.0,1e-04
0.1,-2.5,0.0,0.0,0.0004
0.15,-2.5,0.0,0.0,0.0033
0.2,-2.5,1e-04,0.0,0.016
0.25,-2.5,1e-04,0.0,0.0621
0.3,-2.5,0.0002,0.0,0.1539
0.35,-2.5,0.0004,0.0,0.2632
0.4,-2.5,0.0003,0.0,0.3231
0.45,-2.5,0.0003,0.0,0.3425
0.5,-2.5,0.0002,0.0,0.3617
0.55,-2.5,0.0003,1e-04,0.3764
0.6,-2.5,0.0016,0.0002,0.3873
0.65,-2.5,0.0069,0.0005,0.397
0.7,-2.5,0.0194,0.0008,0.4042
0.75,-2.5,0.0488,0.0015,0.4088
0.8,-2.5,0.0499,0.0026,0.4133
0.85,-2.5,0.0508,0.0044,0.4099
0.9,-2.5,0.0514,0.0075,0.4036
0.95,-2.5,0.0439,0.011,0.3968
1.0,-2.5,0.0365,0.0105,0.3883
1.05,-2.5,0.0296,0.01,0.3795
1.1,-2.5,0.0216,0.0093,0.3709
1.15,-2.5,0.017,0.0083,0.3623
1.2,-2.5,0.0133,0.0071,0.3538
1.25,-2.5,0.0102,0.0061,0.3454
1.3,-2.5,0.0079,0.0052,0.3398
1.35,-2.5,0.0059,0.0042,0.3351
1.4,-2.5,0.0043,0.0034,0.3308
1.45,-2.5,0.0034,0.0027,0.3264
1.5,-2.5,0.0027,0.0022,0.3222
1.55,-2.5,0.0021,0.002,0.3181
1.6,-2.5,0.0016,0.002,0.314
1.65,-2.5,0.0012,0.002,0.3081
1.7,-2.5,0.0018,0.0021,0.3003
1.75,-2.5,0.0032,0.0021,0.2926
1.8,-2.5,0.0067,0.0023,0.285
1.85,-2.5,0.0139,0.0028,0.2811
1.9,-2.5,0.0287,0.0033,0.2784
1.95,-2.5,0.0675,0.0038,0.2827
2.0,-2.5,0.3509,0.0052,0.2944
2.05,-2.5,0.9157,0.0085,0.3067
2.1,-2.5,0.9954,0.0369,0.3194
2.15,-2.5,0.9998,0.2005,0.3324
2.2,-2.5,1.0,0.6105,0.3549
2.25,-2.5,1.0,0.9089,0.3843
2.3,-2.5,1.0,0.9845,0.4146
2.35,-2.5,1.0,0.9975,0.4455
2.4,-2.5,1.0,0.9996,0.4769
2.45,-2.5,1.0,0.9999,0.5098
2.5,-2.5,1.0,1.0,0.5471
2.55,-2.5,1.0,1.0,0.5951
2.6,-2.5,1.0,1.0,0.6496
2.65,-2.5,1.0,1.0,0.7107
2.7,-2.5,1.0,1.0,0.7723
2.75,-2.5,1.0,1.0,0.824
2.8,-2.5,1.0,1.0,0.8646
2.85,-2.5,1.0,1.0,0.8997
2.9,-2.5,1.0,1.0,0.9307
2.95,-2.5,1.0,1.0,0.9526
3.0,-2.5,1.0,1.0,0.9679
3.05,-2.5,1.0,1.0,0.9786
3.1,-2.5,1.0,1.0,0.986
3.15,-2.5,1.0,1.0,0.9908
3.2,-2.5,1.0,1.0,0.994
3.25,-2.5,1.0,1.0,0.9961
3.3,-2.5,1.0,1.0,0.9975
3.35,-2.5,1.0,1.0,0.9984
3.4,-2.5,1.0,1.0,0.999
3.45,-2.5,1.0,1.0,0.9994
3.5,-2.5,1.0,1.0,0.9996
3.55,-2.5,1.0,1.0,0.9997
3.6,-2.5,1.0,1.0,0.9998
3.65,-2.5,1.0,1.0,0.9998
3.7,-2.5,1.0,1.0,0.9999
3.75,-2.5,1.0,1.0,0.9999
3.8,-2.5,1.0,1.0,0.9999
3.85,-2.5,1.0,1.0,0.9999
3.9,-2.5,1.0,1.0,1.0
3.95,-2.5,1.0,1.0,1.0
4.0,-2.5,1.0,1.0,1.0
-4.0,-2.45,0.0,0.0,0.0
-3.95,-2.45,0.0,0.0,0.0
-3.9,-2.45,0.0,0.0,0.0
-3.85,-2.45,0.0,0.0,0.0
-3.8,-2.45,0.0,0.0,0.0
-3.75,-2.45,0.0,0.0,0.0
-3.7,-2.45,0.0,0.0,0.0
-3.65,-2.45,0.0,0.0,0.0
-3.6,-2.45,0.0,0.0,0.0
-3.55,-2.45,0.0,0.0,0.0
-3.5,-2.45,0.0,0.0,0.0
-3.45,-2.45,0.0,0.0,0.0
-3.4,-2.45,0.0,0.0,0.0
-3.35,-2.45,0.0,0.0,0.0
-3.3,-2.45,0.0,0.0,0.0
-3.25,-2.45,0.0,0.0,0.0
-3.2,-2.45,0.0,0.0,0.0
-3.15,-2.45,0.0,0.0,0.0
-3.1,-2.45,0.0,0.0,0.0
-3.05,-2.45,0.0,0.0,0.0
-3.0,-2.45,0.0,0.0,0.0
-2.95,-2.45,0.0,0.0,0.0
-2.9,-2.45,0.0,0.0,0.0
-2.85,-2.45,0.0,0.0,0.0
-2.8,-2.45,0.0,0.0,0.0
-2.75,-2.45,0.0,0.0,0.0
-2.7,-2.45,0.0,0.0,0.0
-2.65,-2.45,0.0,0.0,0.0
-2.6,-2.45,0.0,0.0,0.0
-2.55,-2.45,0.0,0.0,0.0
-2.5,-2.45,0.0,0.0,0.0
-2.45,-2.45,0.0,0.0,0.0
-2.4,-2.45,0.0,0.0,0.0
-2.35,-2.45,0.0,0.0,0.0
-2.3,-2.45,0.0,0.0,0.0
-2.25,-2.45,0.0,0.0,0.0
-2.2,-2.45,0.0,0.0,0.0
-2.15,-2.45,0.0,0.0,0.0
-2.1,-2.45,0.0,0.0,0.0
-2.05,-2.45,0.0,0.0,0.0
-2.0,-2.45,0.0,0.0,0.0
-1.95,-2.45,0.0,0.0,0.0
-1.9,-2.45,0.0,0.0,0.0
-1.85,-2.45,0.0,0.0,0.0
-1.8,-2.45,0.0,0.0,0.0
-1.75,-2.45,0.0,0.0,0.0
-1.7,-2.45,0.0,0.0,0.0
-1.65,-2.45,0.0,0.0,0.0
-1.6,-2.45,0.0,0.0,0.0
-1.55,-2.45,0.0,0.0,0.0
-1.5,-2.45,0.0,0.0,0.0
-1.45,-2.45,0.0,0.0,0.0
-1.4,-2.45,0.0,0.0,0.0
-1.35,-2.45,0.0,0.0,0.0
-1.3,-2.45,0.0,0.0,0.0
-1.25,-2.45,0.0,0.0,0.0
-1.2,-2.45,0.0,0.0,0.0
-1.15,-2.45,0.0,0.0,0.0
-1.1,-2.45,0.0,0.0,0.0
-1.05,-2.45,0.0,0.0,0.0
-1.0,-2.45,0.0,0.0,0.0
-0.95,-2.45,0.0,0.0,0.0
-0.9,-2.45,0.0,0.0,0.0
-0.85,-2.45,0.0,0.0,0.0
-0.8,-2.45,0.0,0.0,0.0
-0.75,-2.45,0.0,0.0,0.0
-0.7,-2.45,0.0,0.0,0.0
-0.65,-2.45,0.0,0.0,0.0
-0.6,-2.45,0.0,0.0,0.0
-0.55,-2.45,0.0,0.0,0.0
-0.5,-2.45,0.0,0.0,0.0
-0.45,-2.45,0.0,0.0,0.0
-0.4,-2.45,0.0,0.0,0.0
-0.35,-2.45,0.0,0.0,0.0
-0.3,-2.45,0.0,0.0,0.0
-0.25,-2.45,0.0,0.0,0.0
-0.2,-2.45,0.0,0.0,0.0
-0.15,-2.45,0.0,0.0,0.0
-0.1,-2.45,0.0,0.0,0.0
-0.05,-2.45,0.0,0.0,0.0
0.0,-2.45,0.0,0.0,0.0
0.05,-2.45,0.0,0.0,1e-04
0.1,-2.45,0.0,0.0,0.0005
0.15,-2.45,0.0,0.0,0.0041
0.2,-2.45,1e-04,0.0,0.0205
0.25,-2.45,0.0002,0.0,0.076
0.3,-2.45,0.0003,0.0,0.1798
0.35,-2.45,0.0005,0.0,0.2919
0.4,-2.45,0.0004,0.0,0.3492
0.45,-2.45,0.0004,1e-04,0.3689
0.5,-2.45,0.0003,1e-04,0.3866
0.55,-2.45,0.0007,0.0004,0.3991
0.6,-2.45,0.0047,0.0006,0.4089
0.65,-2.45,0.0167,0.0012,0.4178
0.7,-2.45,0.0462,0.0021,0.4225
0.75,-2.45,0.0743,0.0037,0.4271
0.8,-2.45,0.0756,0.0065,0.4264
0.85,-2.45,0.077,0.0109,0.4202
0.9,-2.45,0.0783,0.0171,0.4136
0.95,-2.45,0.0699,0.0167,0.405
1.0,-2.45,0.0585,0.016,0.3962
1.05,-2.45,0.039,0.0151,0.3874
1.1,-2.45,0.0298,0.0135,0.3786
1.15,-2.45,0.0235,0.0117,0.37
1.2,-2.45,0.0182,0.0101,0.3611
1.25,-2.45,0.014,0.0085,0.3544
1.3,-2.45,0.0108,0.007,0.3493
1.35,-2.45,0.008,0.0056,0.3449
1.4,-2.45,0.0059,0.0045,0.3405
1.45,-2.45,0.0047,0.0035,0.3361
1.5,-2.45,0.0037,0.0028,0.3317
1.55,-2.45,0.0028,0.0027,0.3274
1.6,-2.45,0.002,0.0027,0.3233
1.65,-2.45,0.0019,0.0027,0.3163
1.7,-2.45,0.003,0.0027,0.3083
1.75,-2.45,0.0063,0.0028,0.3005
1.8,-2.45,0.013,0.0033,0.2934
1.85,-2.45,0.0269,0.0039,0.2906
1.9,-2.45,0.0563,0.0046,0.2878
1.95,-2.45,0.1294,0.0055,0.2993
2.0,-2.45,0.7035,0.0083,0.3113
2.05,-2.45,0.9795,0.0258,0.3241
2.1,-2.45,0.999,0.1467,0.3372
2.15,-2.45,1.0,0.5146,0.3548
2.2,-2.45,1.0,0.8709,0.3842
2.25,-2.45,1.0,0.9772,0.4145
2.3,-2.45,1.0,0.9964,0.4455
2.35,-2.45,1.0,0.9994,0.4768
2.4,-2.45,1.0,0.9999,0.5084
2.45,-2.45,1.0,1.0,0.5422
2.5,-2.45,1.0,1.0,0.5904
2.55,-2.45,1.0,1.0,0.6446
2.6,-2.45,1.0,1.0,0.7073
2.65,-2.45,1.0,1.0,0.7693
2.7,-2.45,1.0,1.0,0.8213
2.75,-2.45,1.0,1.0,0.8617
2.8,-2.45,1.0,1.0,0.8988
2.85,-2.45,1.0,1.0,0.9301
2.9,-2.45,1.0,1.0,0.9522
2.95,-2.45,1.0,1.0,0.9675
3.0,-2.45,1.0,1.0,0.9784
3.05,-2.45,1.0,1.0,0.9858
3.1,-2.45,1.0,1.0,0.9908
3.15,-2.45,1.0,1.0,0.994
3.2,-2.45,1.0,1.0,0.9961
3.25,-2.45,1.0,1.0,0.9975
3.3,-2.45,1.0,1.0,0.9984
3.35,-2.45,1.0,1.0,0.999
3.4,-2.45,1.0,1.0,0.9993
3.45,-2.45,1.0,1.0,0.9995
3.5,-2.45,1.0,1.0,0.9997
3.55,-2.45,1.0,1.0,0.9998
3.6,-2.45,1.0,1.0,0.9998
3.65,-2.45,1.0,1.0,0.9999
3.7,-2.45,1.0,1.0,0.9999
3.75,-2.45,1.0,1.0,0.9999
3.8,-2.45,1.0,1.0,0.9999
3.85,-2.45,1.0,1.0,1.0
3.9,-2.45,1.0,1.0,1.0
3.95,-2.45,1.0,1.0,1.0
4.0,-2.45,1.0,1.0,1.0
-4.0,-2.4,0.0,0.0,0.0
-3.95,-2.4,0.0,0.0,0.0
-3.9,-2.4,0.0,0.0,0.0
-3.85,-2.4,0.0,0.0,0.0
-3.8,-2.4,0.0,0.0,0.0
-3.75,-2.4,0.0,0.0,0.0
-3.7,-2.4,0.0,0.0,0.0
-3.65,-2.4,0.0,0.0,0.0
-3.6,-2.4,0.0,0.0,0.0
-3.55,-2.4,0.0,0.0,0.0
-3.5,-2.4,0.0,0.0,0.0
-3.45,-2.4,0.0,0.0,0.0
-3.4,-2.4,0.0,0.0,0.0
-3.35,-2.4,0.0,0.0,0.0
-3.3,-2.4,0.0,0.0,0.0
-3.25,-2.4,0.0,0.0,0.0
-3.2,-2.4,0.0,0.0,0.0
-3.15,-2.4,0.0,0.0,0.0
-3.1,-2.4,0.0,0.0,0.0
-3.05,-2.4,0.0,0.0,0.0
-3.0,-2.4,0.0,0.0,0.0
-2.95,-2.4,0.0,0.0,0.0
-2.9,-2.4,0.0,0.0,0.0
-2.85,-2.4,0.0,0.0,0.0
-2.8,-2.4,0.0,0.0,0.0
-2.75,-2.4,0.0,0.0,0.0
-2.7,-2.4,0.0,0.0,0.0
-2.65,-2.4,0.0,0.0,0.0
-2.6,-2.4,0.0,0.0,0.0
-2.55,-2.4,0.0,0.0,0.0
-2.5,-2.4,0.0,0.0,0.0
-2.45,-2.4,0.0,0.0,0.0
-2.4,-2.4,0.0,0.0,0.0
-2.35,-2.4,0.0,0.0,0.0
-2.3,-2.4,0.0,0.0,0.0
-2.25,-2.4,0.0,0.0,0.0
-2.2,-2.4,0.0,0.0,0.0
-2.15,-2.4,0.0,0.0,0.0
-2.1,-2.4,0.0,0.0,0.0
-2.05,-2.4,0.0,0.0,0.0
-2.0,-2.4,0.0,0.0,0.0
-1.95,-2.4,0.0,0.0,0.0
-1.9,-2.4,0.0,0.0,0.0
-1.85,-2.4,0.0,0.0,0.0
-1.8,-2.4,0.0,0.0,0.0
-1.75,-2.4,0.0,0.0,0.0
-1.7,-2.4,0.0,0.0,0.0
-1.65,-2.4,0.0,0.0,0.0
-1.6,-2.4,0.0,0.0,0.0
-1.55,-2.4,0.0,0.0,0.0
-1.5,-2.4,0.0,0.0,0.0
-1.45,-2.4,0.0,0.0,0.0
-1.4,-2.4,0.0,0.0,0.0
-1.35,-2.4,0.0,0.0,0.0
-1.3,-2.4,0.0,0.0,0.0
-1.25,-2.4,0.0,0.0,0.0
-1.2,-2.4,0.0,0.0,0.0
-1.15,-2.4,0.0,0.0,0.0
-1.1,-2.4,0.0,0.0,0.0
-1.05,-2.4,0.0,0.0,0.0
-1.0,-2.4,0.0,0.0,0.0
-0.95,-2.4,0.0,0.0,0.0
-0.9,-2.4,0.0,0.0,0.0
-0.85,-2.4,0.0,0.0,0.0
-0.8,-2.4,0.0,0.0,0.0
-0.75,-2.4,0.0,0.0,0.0
-0.7,-2.4,0.0,0.0,0.0
-0.65,-2.4,0.0,0.0,0.0
-0.6,-2.4,0.0,0.0,0.0
-0.55,-2.4,0.0,0.0,0.0
-0.5,-2.4,0.0,0.0,0.0
-0.45,-2.4,0.0,0.0,0.0
-0.4,-2.4,0.0,0.0,0.0
-0.35,-2.4,0.0,0.0,0.0
-0.3,-2.4,0.0,0.0,0.0
-0.25,-2.4,0.0,0.0,0.0
-0.2,-2.4,0.0,0.0,0.0
-0.15,-2.4,0.0,0.0,0.0
-0.1,-2.4,0.0,0.0,0.0
-0.05,-2.4,0.0,0.0,0.0
0.0,-2.4,0.0,0.0,0.0
0.05,-2.4,0.0,0.0,1e-04
0.1,-2.4,0.0,0.0,0.0007
0.15,-2.4,1e-04,0.0,0.0051
0.2,-2.4,1e-04,0.0,0.0261
0.25,-2.4,0.0002,0.0,0.0904
0.3,-2.4,0.0004,0.0,0.2091
0.35,-2.4,0.0006,0.0,0.3191
0.4,-2.4,0.0006,1e-04,0.3755
0.45,-2.4,0.0005,0.0002,0.3956
0.5,-2.4,0.0005,0.0004,0.4101
0.55,-2.4,0.0021,0.0009,0.421
0.6,-2.4,0.0137,0.0017,0.4309
0.65,-2.4,0.0399,0.003,0.4363
0.7,-2.4,0.1029,0.0054,0.441
0.75,-2.4,0.1111,0.0095,0.443
0.8,-2.4,0.113,0.016,0.437
0.85,-2.4,0.1149,0.0261,0.4304
0.9,-2.4,0.1169,0.0264,0.422
0.95,-2.4,0.1093,0.0253,0.413
1.0,-2.4,0.0764,0.0242,0.4041
1.05,-2.4,0.0515,0.0218,0.3953
1.1,-2.4,0.0408,0.019,0.3865
1.15,-2.4,0.0322,0.0164,0.3774
1.2,-2.4,0.0249,0.014,0.3693
1.25,-2.4,0.0193,0.0115,0.3639
1.3,-2.4,0.0149,0.0093,0.3593
1.35,-2.4,0.011,0.0075,0.3548
1.4,-2.4,0.0082,0.0058,0.3503
1.45,-2.4,0.0064,0.0045,0.3459
1.5,-2.4,0.0049,0.0036,0.3415
1.55,-2.4,0.0036,0.0035,0.3371
1.6,-2.4,0.0029,0.0036,0.3327
1.65,-2.4,0.003,0.0035,0.3245
1.7,-2.4,0.0059,0.0035,0.3165
1.75,-2.4,0.0122,0.004,0.3086
1.8,-2.4,0.0251,0.0047,0.3031
1.85,-2.4,0.0512,0.0055,0.3003
1.9,-2.4,0.1091,0.0065,0.3043
1.95,-2.4,0.3414,0.0088,0.3159
2.0,-2.4,0.9124,0.0191,0.3289
2.05,-2.4,0.9952,0.1054,0.3421
2.1,-2.4,0.9998,0.4182,0.3555
2.15,-2.4,1.0,0.8203,0.3842
2.2,-2.4,1.0,0.9667,0.4145
2.25,-2.4,1.0,0.9946,0.4454
2.3,-2.4,1.0,0.9992,0.4768
2.35,-2.4,1.0,0.9999,0.5083
2.4,-2.4,1.0,1.0,0.5398
2.45,-2.4,1.0,1.0,0.5855
2.5,-2.4,1.0,1.0,0.6401
2.55,-2.4,1.0,1.0,0.7038
2.6,-2.4,1.0,1.0,0.7663
2.65,-2.4,1.0,1.0,0.8177
2.7,-2.4,1.0,1.0,0.8588
2.75,-2.4,1.0,1.0,0.8979
2.8,-2.4,1.0,1.0,0.9294
2.85,-2.4,1.0,1.0,0.9517
2.9,-2.4,1.0,1.0,0.9672
2.95,-2.4,1.0,1.0,0.9782
3.0,-2.4,1.0,1.0,0.9857
3.05,-2.4,1.0,1.0,0.9907
3.1,-2.4,1.0,1.0,0.9939
3.15,-2.4,1.0,1.0,0.996
3.2,-2.4,1.0,1.0,0.9975
3.25,-2.4,1.0,1.0,0.9984
3.3,-2.4,1.0,1.0,0.999
3.35,-2.4,1.0,1.0,0.9993
3.4,-2.4,1.0,1.0,0.9995
3.45,-2.4,1.0,1.0,0.9996
3.5,-2.4,1.0,1.0,0.9997
3.55,-2.4,1.0,1.0,0.9998
3.6,-2.4,1.0,1.0,0.9998
3.65,-2.4,1.0,1.0,0.9999
3.7,-2.4,1.0,1.0,0.9999
3.75,-2.4,1.0,1.0,0.9999
3.8,-2.4,1.0,1.0,0.9999
3.85,-2.4,1.0,1.0,1.0
3.9,-2.4,1.0,1.0,1.0
3.95,-2.4,1.0,1.0,1.0
4.0,-2.4,1.0,1.0,1.0
-4.0,-2.35,0.0,0.0,0.0
-3.95,-2.35,0.0,0.0,0.0
-3.9,-2.35,0.0,0.0,0.0
-3.85,-2.35,0.0,0.0,0.0
-3.8,-2.35,0.0,0.0,0.0
-3.75,-2.35,0.0,0.0,0.0
-3.7,-2.35,0.0,0.0,0.0
-3.65,-2.35,0.0,0.0,0.0
-3.6,-2.35,0.0,0.0,0.0
-3.55,-2.35,0.0,0.0,0.0
-3.5,-2.35,0.0,0.0,0.0
-3.45,-2.35,0.0,0.0,0.0
-3.4,-2.35,0.0,0.0,0.0
-3.35,-2.35,0.0,0.0,0.0
-3.3,-2.35,0.0,0.0,0.0
-3.25,-2.35,0.0,0.0,0.0
-3.2,-2.35,0.0,0.0,0.0
-3.15,-2.35,0.0,0.0,0.0
-3.1,-2.35,0.0,0.0,0.0
-3.05,-2.35,0.0,0.0,0.0
-3.0,-2.35,0.0,0.0,0.0
-2.95,-2.35,0.0,0.0,0.0
-2.9,-2.35,0.0,0.0,0.0
-2.85,-2.35,0.0,0.0,0.0
-2.8,-2.35,0.0,0.0,0.0
-2.75,-2.35,0.0,0.0,0.0
-2.7,-2.35,0.0,0.0,0.0
-2.65,-2.35,0.0,0.0,0.0
-2.6,-2.35,0.0,0.0,0.0
-2.55,-2.35,0.0,0.0,0.0
-2.5,-2.35,0.0,0.0,0.0
-2.45,-2.35,0.0,0.0,0.0
-2.4,-2.35,0.0,0.0,0.0
-2.35,-2.35,0.0,0.0,0.0
-2.3,-2.35,0.0,0.0,0.0
-2.25,-2.35,0.0,0.0,0.0
-2.2,-2.35,0.0,0.0,0.0
-2.15,-2.35,0.0,0.0,0.0
-2.1,-2.35,0.0,0.0,0.0
-2.05,-2.35,0.0,0.0,0.0
-2.0,-2.35,0.0,0.0,0.0
-1.95,-2.35,0.0,0.0,0.0
-1.9,-2.35,0.0,0.0,0.0
-1.85,-2.35,0.0,0.0,0.0
-1.8,-2.35,0.0,0.0,0.0
-1.75,-2.35,0.0,0.0,0.0
-1.7,-2.35,0.0,0.0,0.0
-1.65,-2.35,0.0,0.0,0.0
-1.6,-2.35,0.0,0.0,0.0
-1.55,-2.35,0.0,0.0,0.0
-1.5,-2.35,0.0,0.0,0.0
-1.45,-2.35,0.0,0.0,0.0
-1.4,-2.35,0.0,0.0,0.0
-1.35,-2.35,0.0,0.0,0.0
-1.3,-2.35,0.0,0.0,0.0
-1.25,-2.35,0.0,0.0,0.0
-1.2,-2.35,0.0,0.0,0.0
-1.15,-2.35,0.0,0.0,0.0
-1.1,-2.35,0.0,0.0,0.0
-1.05,-2.35,0.0,0.0,0.0
-1.0,-2.35,0.0,0.0,0.0
-0.95,-2.35,0.0,0.0,0.0
-0.9,-2.35,0.0,0.0,0.0
-0.85,-2.35,0.0,0.0,0.0
-0.8,-2.35,0.0,0.0,0.0
-0.75,-2.35,0.0,0.0,0.0
-0.7,-2.35,0.0,0.0,0.0
-0.65,-2.35,0.0,0.0,0.0
-0.6,-2.35,0.0,0.0,0.0
-0.55,-2.35,0.0,0.0,0.0
-0.5,-2.35,0.0,0.0,0.0
-0.45,-2.35,0.0,0.0,0.0
-0.4,-2.35,0.0,0.0,0.0
-0.35,-2.35,0.0,0.0,0.0
-0.3,-2.35,0.0,0.0,0.0
-0.25,-2.35,0.0,0.0,0.0
-0.2,-2.35,0.0,0.0,0.0
-0.15,-2.35,0.0,0.0,0.0
-0.1,-2.35,0.0,0.0,0.0
-0.05,-2.35,0.0,0.0,0.0
0.0,-2.35,0.0,0.0,0.0
0.05,-2.35,0.0,0.0,1e-04
0.1,-2.35,0.0,0.0,0.0009
0.15,-2.35,1e-04,0.0,0.0063
0.2,-2.35,1e-04,0.0,0.0309
0.25,-2.35,0.0003,0.0,0.1071
0.3,-2.35,0.0006,0.0,0.2363
0.35,-2.35,0.0008,1e-04,0.3475
0.4,-2.35,0.0008,0.0002,0.4029
0.45,-2.35,0.0007,0.0006,0.4202
0.5,-2.35,0.0011,0.0013,0.4329
0.55,-2.35,0.0059,0.0024,0.4431
0.6,-2.35,0.0345,0.0044,0.4503
0.65,-2.35,0.0925,0.0078,0.455
0.7,-2.35,0.1586,0.0137,0.4597
0.75,-2.35,0.1629,0.0233,0.4539
0.8,-2.35,0.1656,0.0381,0.4474
0.85,-2.35,0.1682,0.0416,0.4392
0.9,-2.35,0.1709,0.0399,0.4301
0.95,-2.35,0.1423,0.0382,0.4211
1.0,-2.35,0.0992,0.0349,0.4121
1.05,-2.35,0.0701,0.0308,0.4032
1.1,-2.35,0.0558,0.0267,0.394
1.15,-2.35,0.0439,0.0227,0.385
1.2,-2.35,0.0341,0.0188,0.3789
1.25,-2.35,0.0265,0.0153,0.3739
1.3,-2.35,0.0205,0.0124,0.3694
1.35,-2.35,0.0147,0.0096,0.3648
1.4,-2.35,0.0112,0.0075,0.3603
1.45,-2.35,0.0086,0.0057,0.3558
1.5,-2.35,0.0064,0.0048,0.3513
1.55,-2.35,0.0047,0.0047,0.3469
1.6,-2.35,0.0044,0.0046,0.3413
1.65,-2.35,0.0055,0.0046,0.333
1.7,-2.35,0.0114,0.0047,0.3248
1.75,-2.35,0.0235,0.0056,0.3167
1.8,-2.35,0.048,0.0066,0.313
1.85,-2.35,0.0953,0.0077,0.3098
1.9,-2.35,0.2009,0.0093,0.321
1.95,-2.35,0.6947,0.0151,0.3336
2.0,-2.35,0.9786,0.0747,0.3469
2.05,-2.35,0.9989,0.33,0.3604
2.1,-2.35,1.0,0.7554,0.3842
2.15,-2.35,1.0,0.9516,0.4144
2.2,-2.35,1.0,0.9921,0.4454
2.25,-2.35,1.0,0.9987,0.4767
2.3,-2.35,1.0,0.9998,0.5083
2.35,-2.35,1.0,1.0,0.5398
2.4,-2.35,1.0,1.0,0.5822
2.45,-2.35,1.0,1.0,0.6355
2.5,-2.35,1.0,1.0,0.7002
2.55,-2.35,1.0,1.0,0.7633
2.6,-2.35,1.0,1.0,0.814
2.65,-2.35,1.0,1.0,0.8558
2.7,-2.35,1.0,1.0,0.897
2.75,-2.35,1.0,1.0,0.9288
2.8,-2.35,1.0,1.0,0.9513
2.85,-2.35,1.0,1.0,0.9669
2.9,-2.35,1.0,1.0,0.978
2.95,-2.35,1.0,1.0,0.9856
3.0,-2.35,1.0,1.0,0.9906
3.05,-2.35,1.0,1.0,0.9939
3.1,-2.35,1.0,1.0,0.996
3.15,-2.35,1.0,1.0,0.9975
3.2,-2.35,1.0,1.0,0.9984
3.25,-2.35,1.0,1.0,0.9989
3.3,-2.35,1.0,1.0,0.9992
3.35,-2.35,1.0,1.0,0.9994
3.4,-2.35,1.0,1.0,0.9996
3.45,-2.35,1.0,1.0,0.9997
3.5,-2.35,1.0,1.0,0.9998
3.55,-2.35,1.0,1.0,0.9998
3.6,-2.35,1.0,1.0,0.9999
3.65,-2.35,1.0,1.0,0.9999
3.7,-2.35,1.0,1.0,0.9999
3.75,-2.35,1.0,1.0,0.9999
3.8,-2.35,1.0,1.0,0.9999
3.85,-2.35,1.0,1.0,1.0
3.9,-2.35,1.0,1.0,1.0
3.95,-2.35,1.0,1.0,1.0
4.0,-2.35,1.0,1.0,1.0
-4.0,-2.3,0.0,0.0,0.0
-3.95,-2.3,0.0,0.0,0.0
-3.9,-2.3,0.0,0.0,0.0
-3.85,-2.3,0.0,0.0,0.0
-3.8,-2.3,0.0,0.0,0.0
-3.75,-2.3,0.0,0.0,0.0
-3.7,-2.3,0.0,0.0,0.0
-3.65,-2.3,0.0,0.0,0.0
-3.6,-2.3,0.0,0.0,0.0
-3.55,-2.3,0.0,0.0,0.0
-3.5,-2.3,0.0,0.0,0.0
-3.45,-2.3,0.0,0.0,0.0
-3.4,-2.3,0.0,0.0,0.0
-3.35,-2.3,0.0,0.0,0.0
-3.3,-2.3,0.0,0.0,0.0
-3.25,-2.3,0.0,0.0,0.0
-3.2,-2.3,0.0,0.0,0.0
-3.15,-2.3,0.0,0.0,0.0
-3.1,-2.3,0.0,0.0,0.0
-3.05,-2.3,0.0,0.0,0.0
-3.0,-2.3,0.0,0.0,0.0
-2.95,-2.3,0.0,0.0,0.0
-2.9,-2.3,0.0,0.0,0.0
-2.85,-2.3,0.0,0.0,0.0
-2.8,-2.3,0.0,0.0,0.0
-2.75,-2.3,0.0,0.0,0.0
-2.7,-2.3,0.0,0.0,0.0
-2.65,-2.3,0.0,0.0,0.0
-2.6,-2.3,0.0,0.0,0.0
-2.55,-2.3,0.0,0.0,0.0
-2.5,-2.3,0.0,0.0,0.0
-2.45,-2.3,0.0,0.0,0.0
-2.4,-2.3,0.0,0.0,0.0
-2.35,-2.3,0.0,0.0,0.0
-2.3,-2.3,0.0,0.0,0.0
-2.25,-2.3,0.0,0.0,0.0
-2.2,-2.3,0.0,0.0,0.0
-2.15,-2.3,0.0,0.0,0.0
-2.1,-2.3,0.0,0.0,0.0
-2.05,-2.3,0.0,0.0,0.0
-2.0,-2.3,0.0,0.0,0.0
-1.95,-2.3,0.0,0.0,0.0
-1.9,-2.3,0.0,0.0,0.0
-1.85,-2.3,0.0,0.0,0.0
-1.8,-2.3,0.0,0.0,0.0
-1.75,-2.3,0.0,0.0,0.0
-1.7,-2.3,0.0,0.0,0.0
-1.65,-2.3,0.0,0.0,0.0
-1.6,-2.3,0.0,0.0,0.0
-1.55,-2.3,0.0,0.0,0.0
-1.5,-2.3,0.0,0.0,0.0
-1.45,-2.3,0.0,0.0,0.0
-1.4,-2.3,0.0,0.0,0.0
-1.35,-2.3,0.0,0.0,0.0
-1.3,-2.3,0.0,0.0,0.0
-1.25,-2.3,0.0,0.0,0.0
-1.2,-2.3,0.0,0.0,0.0
-1.15,-2.3,0.0,0.0,0.0
-1.1,-2.3,0.0,0.0,0.0
-1.05,-2.3,0.0,0.0,0.0
-1.0,-2.3,0.0,0.0,0.0
-0.95,-2.3,0.0,0.0,0.0
-0.9,-2.3,0.0,0.0,0.0
-0.85,-2.3,0.0,0.0,0.0
-0.8,-2.3,0.0,0.0,0.0
-0.75,-2.3,0.0,0.0,0.0
-0.7,-2.3,0.0,0.0,0.0
-0.65,-2.3,0.0,0.0,0.0
-0.6,-2.3,0.0,0.0,0.0
-0.55,-2.3,0.0,0.0,0.0
-0.5,-2.3,0.0,0.0,0.0
-0.45,-2.3,0.0,0.0,0.0
-0.4,-2.3,0.0,0.0,0.0
-0.35,-2.3,0.0,0.0,0.0
-0.3,-2.3,0.0,0.0,0.0
-0.25,-2.3,0.0,0.0,0.0
-0.2,-2.3,0.0,0.0,0.0
-0.15,-2.3,0.0,0.0,0.0
-0.1,-2.3,0.0,0.0,0.0
-0.05,-2.3,0.0,0.0,0.0
0.0,-2.3,0.0,0.0,0.0
0.05,-2.3,0.0,0.0,0.0002
0.1,-2.3,0.0,0.0,0.0012
0.15,-2.3,1e-04,0.0,0.0075
0.2,-2.3,0.0002,0.0,0.0366
0.25,-2.3,0.0004,0.0,0.1264
0.3,-2.3,0.0008,1e-04,0.2644
0.35,-2.3,0.001,0.0003,0.3771
0.4,-2.3,0.001,0.0007,0.429
0.45,-2.3,0.0009,0.0018,0.4443
0.5,-2.3,0.0025,0.0034,0.4554
0.55,-2.3,0.017,0.0062,0.4643
0.6,-2.3,0.08,0.0112,0.469
0.65,-2.3,0.2001,0.0197,0.4738
0.7,-2.3,0.2271,0.0338,0.471
0.75,-2.3,0.2326,0.0552,0.4644
0.8,-2.3,0.2361,0.065,0.4565
0.85,-2.3,0.2395,0.0623,0.4474
0.9,-2.3,0.2123,0.0597,0.4383
0.95,-2.3,0.1806,0.0555,0.4292
1.0,-2.3,0.1277,0.0496,0.4202
1.05,-2.3,0.0948,0.0429,0.4109
1.1,-2.3,0.076,0.0367,0.4017
1.15,-2.3,0.0597,0.0308,0.3941
1.2,-2.3,0.0466,0.0251,0.3889
1.25,-2.3,0.0362,0.0204,0.3842
1.3,-2.3,0.0276,0.0159,0.3796
1.35,-2.3,0.0196,0.0124,0.375
1.4,-2.3,0.0152,0.0094,0.3704
1.45,-2.3,0.0112,0.0071,0.3658
1.5,-2.3,0.0083,0.0064,0.3613
1.55,-2.3,0.0068,0.0061,0.3568
1.6,-2.3,0.0066,0.0061,0.3501
1.65,-2.3,0.0106,0.006,0.3416
1.7,-2.3,0.022,0.0067,0.3333
1.75,-2.3,0.0449,0.0078,0.326
1.8,-2.3,0.0896,0.0092,0.3227
1.85,-2.3,0.1716,0.0109,0.3261
1.9,-2.3,0.3404,0.0149,0.3384
1.95,-2.3,0.909,0.0524,0.3518
2.0,-2.3,0.9951,0.2524,0.3654
2.05,-2.3,0.9998,0.6762,0.3841
2.1,-2.3,1.0,0.93,0.4144
2.15,-2.3,1.0,0.9883,0.4453
2.2,-2.3,1.0,0.9981,0.4767
2.25,-2.3,1.0,0.9997,0.5082
2.3,-2.3,1.0,1.0,0.5403
2.35,-2.3,1.0,1.0,0.5821
2.4,-2.3,1.0,1.0,0.6314
2.45,-2.3,1.0,1.0,0.6966
2.5,-2.3,1.0,1.0,0.759
2.55,-2.3,1.0,1.0,0.8103
2.6,-2.3,1.0,1.0,0.8528
2.65,-2.3,1.0,1.0,0.8961
2.7,-2.3,1.0,1.0,0.9281
2.75,-2.3,1.0,1.0,0.9508
2.8,-2.3,1.0,1.0,0.9666
2.85,-2.3,1.0,1.0,0.9779
2.9,-2.3,1.0,1.0,0.9855
2.95,-2.3,1.0,1.0,0.9905
3.0,-2.3,1.0,1.0,0.9937
3.05,-2.3,1.0,1.0,0.9961
3.1,-2.3,1.0,1.0,0.9975
3.15,-2.3,1.0,1.0,0.9983
3.2,-2.3,1.0,1.0,0.9988
3.25,-2.3,1.0,1.0,0.9991
3.3,-2.3,1.0,1.0,0.9994
3.35,-2.3,1.0,1.0,0.9996
3.4,-2.3,1.0,1.0,0.9997
3.45,-2.3,1.0,1.0,0.9997
3.5,-2.3,1.0,1.0,0.9998
3.55,-2.3,1.0,1.0,0.9998
3.6,-2.3,1.0,1.0,0.9999
3.65,-2.3,1.0,1.0,0.9999
3.7,-2.3,1.0,1.0,0.9999
3.75,-2.3,1.0,1.0,0.9999
3.8,-2.3,1.0,1.0,1.0
3.85,-2.3,1.0,1.0,1.0
3.9,-2.3,1.0,1.0,1.0
3.95,-2.3,1.0,1.0,1.0
4.0,-2.3,1.0,1.0,1.0
-4.0,-2.25,0.0,0.0,0.0
-3.95,-2.25,0.0,0.0,0.0
-3.9,-2.25,0.0,0.0,0.0
-3.85,-2.25,0.0,0.0,0.0
-3.8,-2.25,0.0,0.0,0.0
-3.75,-2.25,0.0,0.0,0.0
-3.7,-2.25,0.0,0.0,0.0
-3.65,-2.25,0.0,0.0,0.0
-3.6,-2.25,0.0,0.0,0.0
-3.55,-2.25,0.0,0.0,0.0
-3.5,-2.25,0.0,0.0,0.0
-3.45,-2.25,0.0,0.0,0.0
-3.4,-2.25,0.0,0.0,0.0
-3.35,-2.25,0.0,0.0,0.0
-3.3,-2.25,0.0,0.0,0.0
-3.25,-2.25,0.0,0.0,0.0
-3.2,-2.25,0.0,0.0,0.0
-3.15,-2.25,0.0,0.0,0.0
-3.1,-2.25,0.0,0.0,0.0
-3.05,-2.25,0.0,0.0,0.0
-3.0,-2.25,0.0,0.0,0.0
-2.95,-2.25,0.0,0.0,0.0
-2.9,-2.25,0.0,0.0,0.0
-2.85,-2.25,0.0,0.0,0.0
-2.8,-2.25,0.0,0.0,0.0
-2.75,-2.25,0.0,0.0,0.0
-2.7,-2.25,0.0,0.0,0.0
-2.65,-2.25,0.0,0.0,0.0
-2.6,-2.25,0.0,0.0,0.0
-2.55,-2.25,0.0,0.0,0.0
-2.5,-2.25,0.0,0.0,0.0
-2.45,-2.25,0.0,0.0,0.0
-2.4,-2.25,0.0,0.0,0.0
-2.35,-2.25,0.0,0.0,0.0
-2.3,-2.25,0.0,0.0,0.0
-2.25,-2.25,0.0,0.0,0.0
-2.2,-2.25,0.0,0.0,0.0
-2.15,-2.25,0.0,0.0,0.0
-2.1,-2.25,0.0,0.0,0.0
-2.05,-2.25,0.0,0.0,0.0
-2.0,-2.25,0.0,0.0,0.0
-1.95,-2.25,0.0,0.0,0.0
-1.9,-2.25,0.0,0.0,0.0
-1.85,-2.25,0.0,0.0,0.0
-1.8,-2.25,0.0,0.0,0.0
-1.75,-2.25,0.0,0.0,0.0
-1.7,-2.25,0.0,0.0,0.0
-1.65,-2.25,0.0,0.0,0.0
-1.6,-2.25,0.0,0.0,0.0
-1.55,-2.25,0.0,0.0,0.0
-1.5,-2.25,0.0,0.0,0.0
-1.45,-2.25,0.0,0.0,0.0
-1.4,-2.25,0.0,0.0,0.0
-1.35,-2.25,0.0,0.0,0.0
-1.3,-2.25,0.0,0.0,0.0
-1.25,-2.25,0.0,0.0,0.0
-1.2,-2.25,0.0,0.0,0.0
-1.15,-2.25,0.0,0.0,0.0
-1.1,-2.25,0.0,0.0,0.0
-1.05,-2.25,0.0,0.0,0.0
-1.0,-2.25,0.0,0.0,0.0
-0.95,-2.25,0.0,0.0,0.0
-0.9,-2.25,0.0,0.0,0.0
-0.85,-2.25,0.0,0.0,0.0
-0.8,-2.25,0.0,0.0,0.0
-0.75,-2.25,0.0,0.0,0.0
-0.7,-2.25,0.0,0.0,0.0
-0.65,-2.25,0.0,0.0,0.0
-0.6,-2.25,0.0,0.0,0.0
-0.55,-2.25,0.0,0.0,0.0
-0.5,-2.25,0.0,0.0,0.0
-0.45,-2.25,0.0,0.0,0.0
-0.4,-2.25,0.0,0.0,0.0
-0.35,-2.25,0.0,0.0,0.0
-0.3,-2.25,0.0,0.0,0.0
-0.25,-2.25,0.0,0.0,0.0
-0.2,-2.25,0.0,0.0,0.0
-0.15,-2.25,0.0,0.0,0.0
-0.1,-2.25,0.0,0.0,0.0
-0.05,-2.25,0.0,0.0,0.0
0.0,-2.25,0.0,0.0,0.0
0.05,-2.25,0.0,0.0,0.0002
0.1,-2.25,0.0,0.0,0.0015
0.15,-2.25,1e-04,0.0,0.0089
0.2,-2.25,0.0003,0.0,0.0431
0.25,-2.25,0.0005,1e-04,0.1431
0.3,-2.25,0.001,0.0003,0.2946
0.35,-2.25,0.0012,0.0009,0.4072
0.4,-2.25,0.0013,0.0023,0.4537
0.45,-2.25,0.0015,0.0048,0.4672
0.5,-2.25,0.0073,0.0088,0.4776
0.55,-2.25,0.048,0.016,0.4831
0.6,-2.25,0.1739,0.0283,0.4879
0.65,-2.25,0.3056,0.0488,0.4879
0.7,-2.25,0.3141,0.0795,0.4815
0.75,-2.25,0.3207,0.1001,0.474
0.8,-2.25,0.3249,0.0961,0.4648
0.85,-2.25,0.295,0.0922,0.4556
0.9,-2.25,0.2541,0.0872,0.4464
0.95,-2.25,0.2264,0.0783,0.4373
1.0,-2.25,0.1634,0.068,0.4279
1.05,-2.25,0.1274,0.0587,0.4186
1.1,-2.25,0.1025,0.0498,0.4097
1.15,-2.25,0.0808,0.0408,0.4042
1.2,-2.25,0.0633,0.0333,0.3992
1.25,-2.25,0.0491,0.0262,0.3946
1.3,-2.25,0.0366,0.0204,0.3899
1.35,-2.25,0.0266,0.0155,0.3852
1.4,-2.25,0.0197,0.0116,0.3806
1.45,-2.25,0.0146,0.0088,0.376
1.5,-2.25,0.0107,0.0083,0.3714
1.55,-2.25,0.0102,0.008,0.3669
1.6,-2.25,0.0122,0.0079,0.3589
1.65,-2.25,0.0206,0.008,0.3504
1.7,-2.25,0.0421,0.0094,0.3418
1.75,-2.25,0.0841,0.011,0.336
1.8,-2.25,0.1612,0.013,0.3325
1.85,-2.25,0.2984,0.0157,0.3435
1.9,-2.25,0.6858,0.0396,0.3567
1.95,-2.25,0.9777,0.1878,0.3704
2.0,-2.25,0.9991,0.5855,0.3843
2.05,-2.25,1.0,0.8999,0.4143
2.1,-2.25,1.0,0.9828,0.4453
2.15,-2.25,1.0,0.9973,0.4766
2.2,-2.25,1.0,0.9996,0.5082
2.25,-2.25,1.0,0.9999,0.5415
2.3,-2.25,1.0,1.0,0.5822
2.35,-2.25,1.0,1.0,0.6313
2.4,-2.25,1.0,1.0,0.693
2.45,-2.25,1.0,1.0,0.7545
2.5,-2.25,1.0,1.0,0.8065
2.55,-2.25,1.0,1.0,0.8508
2.6,-2.25,1.0,1.0,0.8952
2.65,-2.25,1.0,1.0,0.9275
2.7,-2.25,1.0,1.0,0.9504
2.75,-2.25,1.0,1.0,0.9663
2.8,-2.25,1.0,1.0,0.9777
2.85,-2.25,1.0,1.0,0.9854
2.9,-2.25,1.0,1.0,0.9903
2.95,-2.25,1.0,1.0,0.9938
3.0,-2.25,1.0,1.0,0.9961
3.05,-2.25,1.0,1.0,0.9974
3.1,-2.25,1.0,1.0,0.9982
3.15,-2.25,1.0,1.0,0.9987
3.2,-2.25,1.0,1.0,0.9991
3.25,-2.25,1.0,1.0,0.9993
3.3,-2.25,1.0,1.0,0.9995
3.35,-2.25,1.0,1.0,0.9996
3.4,-2.25,1.0,1.0,0.9997
3.45,-2.25,1.0,1.0,0.9998
3.5,-2.25,1.0,1.0,0.9998
3.55,-2.25,1.0,1.0,0.9999
3.6,-2.25,1.0,1.0,0.9999
3.65,-2.25,1.0,1.0,0.9999
3.7,-2.25,1.0,1.0,0.9999
3.75,-2.25,1.0,1.0,0.9999
3.8,-2.25,1.0,1.0,1.0
3.85,-2.25,1.0,1.0,1.0
3.9,-2.25,1.0,1.0,1.0
3.95,-2.25,1.0,1.0,1.0
4.0,-2.25,1.0,1.0,1.0
-4.0,-2.2,0.0,0.0,0.0
-3.95,-2.2,0.0,0.0,0.0
-3.9,-2.2,0.0,0.0,0.0
-3.85,-2.2,0.0,0.0,0.0
-3.8,-2.2,0.0,0.0,0.0
-3.75,-2.2,0.0,0.0,0.0
-3.7,-2.2,0.0,0.0,0.0
-3.65,-2.2,0.0,0.0,0.0
-3.6,-2.2,0.0,0.0,0.0
-3.55,-2.2,0.0,0.0,0.0
-3.5,-2.2,0.0,0.0,0.0
-3.45,-2.2,0.0,0.0,0.0
-3.4,-2.2,0.0,0.0,0.0
-3.35,-2.2,0.0,0.0,0.0
-3.3,-2.2,0.0,0.0,0.0
-3.25,-2.2,0.0,0.0,0.0
-3.2,-2.2,0.0,0.0,0.0
-3.15,-2.2,0.0,0.0,0.0
-3.1,-2.2,0.0,0.0,0.0
-3.05,-2.2,0.0,0.0,0.0
-3.0,-2.2,0.0,0.0,0.0
-2.95,-2.2,0.0,0.0,0.0
-2.9,-2.2,0.0,0.0,0.0
-2.85,-2.2,0.0,0.0,0.0
-2.8,-2.2,0.0,0.0,0.0
-2.75,-2.2,0.0,0.0,0.0
-2.7,-2.2,0.0,0.0,0.0
-2.65,-2.2,0.0,0.0,0.0
-2.6,-2.2,0.0,0.0,0.0
-2.55,-2.2,0.0,0.0,0.0
-2.5,-2.2,0.0,0.0,0.0
-2.45,-2.2,0.0,0.0,0.0
-2.4,-2.2,0.0,0.0,0.0
-2.35,-2.2,0.0,0.0,0.0
-2.3,-2.2,0.0,0.0,0.0
-2.25,-2.2,0.0,0.0,0.0
-2.2,-2.2,0.0,0.0,0.0
-2.15,-2.2,0.0,0.0,0.0
-2.1,-2.2,0.0,0.0,0.0
-2.05,-2.2,0.0,0.0,0.0
-2.0,-2.2,0.0,0.0,0.0
-1.95,-2.2,0.0,0.0,0.0
-1.9,-2.2,0.0,0.0,0.0
-1.85,-2.2,0.0,0.0,0.0
-1.8,-2.2,0.0,0.0,0.0
-1.75,-2.2,0.0,0.0,0.0
-1.7,-2.2,0.0,0.0,0.0
-1.65,-2.2,0.0,0.0,0.0
-1.6,-2.2,0.0,0.0,0.0
-1.55,-2.2,0.0,0.0,0.0
-1.5,-2.2,0.0,0.0,0.0
-1.45,-2.2,0.0,0.0,0.0
-1.4,-2.2,0.0,0.0,0.0
-1.35,-2.2,0.0,0.0,0.0
-1.3,-2.2,0.0,0.0,0.0
-1.25,-2.2,0.0,0.0,0.0
-1.2,-2.2,0.0,0.0,0.0
-1.15,-2.2,0.0,0.0,0.0
-1.1,-2.2,0.0,0.0,0.0
-1.05,-2.2,0.0,0.0,0.0
-1.0,-2.2,0.0,0.0,0.0
-0.95,-2.2,0.0,0.0,0.0
-0.9,-2.2,0.0,0.0,0.0
-0.85,-2.2,0.0,0.0,0.0
-0.8,-2.2,0.0,0.0,0.0
-0.75,-2.2,0.0,0.0,0.0
-0.7,-2.2,0.0,0.0,0.0
-0.65,-2.2,0.0,0.0,0.0
-0.6,-2.2,0.0,0.0,0.0
-0.55,-2.2,0.0,0.0,0.0
-0.5,-2.2,0.0,0.0,0.0
-0.45,-2.2,0.0,0.0,0.0
-0.4,-2.2,0.0,0.0,0.0
-0.35,-2.2,0.0,0.0,0.0
-0.3,-2.2,0.0,0.0,0.0
-0.25,-2.2,0.0,0.0,0.0
-0.2,-2.2,0.0,0.0,0.0
-0.15,-2.2,0.0,0.0,0.0
-0.1,-2.2,0.0,0.0,0.0
-0.05,-2.2,0.0,0.0,0.0
0.0,-2.2,0.0,0.0,0.0
0.05,-2.2,0.0,0.0,0.0003
0.1,-2.2,1e-04,0.0,0.0019
0.15,-2.2,0.0002,0.0,0.0108
0.2,-2.2,0.0003,0.0,0.0506
0.25,-2.2,0.0007,0.0002,0.1608
0.3,-2.2,0.0013,0.0011,0.3267
0.35,-2.2,0.0015,0.0028,0.4331
0.4,-2.2,0.0016,0.0067,0.478
0.45,-2.2,0.0035,0.0124,0.4901
0.5,-2.2,0.0208,0.0227,0.4973
0.55,-2.2,0.1282,0.0403,0.502
0.6,-2.2,0.3378,0.0696,0.5047
0.65,-2.2,0.4068,0.1129,0.4987
0.7,-2.2,0.4164,0.1464,0.4913
0.75,-2.2,0.4235,0.1454,0.4822
0.8,-2.2,0.3937,0.1399,0.473
0.85,-2.2,0.3458,0.1344,0.4638
0.9,-2.2,0.3008,0.1206,0.4546
0.95,-2.2,0.2806,0.1064,0.4452
1.0,-2.2,0.2068,0.0923,0.4357
1.05,-2.2,0.169,0.0792,0.4267
1.1,-2.2,0.1364,0.0658,0.4198
1.15,-2.2,0.1083,0.0539,0.4145
1.2,-2.2,0.085,0.043,0.4097
1.25,-2.2,0.0655,0.0335,0.405
1.3,-2.2,0.0482,0.0255,0.4003
1.35,-2.2,0.0344,0.0191,0.3956
1.4,-2.2,0.0255,0.0143,0.3909
1.45,-2.2,0.0189,0.0114,0.3863
1.5,-2.2,0.0158,0.0108,0.3817
1.55,-2.2,0.0166,0.0103,0.3766
1.6,-2.2,0.0223,0.0103,0.3679
1.65,-2.2,0.0394,0.0112,0.3591
1.7,-2.2,0.079,0.0132,0.3504
1.75,-2.2,0.1521,0.0155,0.3461
1.8,-2.2,0.2728,0.0182,0.3492
1.85,-2.2,0.4661,0.0327,0.3619
1.9,-2.2,0.9055,0.1386,0.3754
1.95,-2.2,0.9956,0.4917,0.3894
2.0,-2.2,0.9998,0.8588,0.4143
2.05,-2.2,1.0,0.9748,0.4452
2.1,-2.2,1.0,0.996,0.4766
2.15,-2.2,1.0,0.9994,0.5081
2.2,-2.2,1.0,0.9999,0.5426
2.25,-2.2,1.0,1.0,0.5828
2.3,-2.2,1.0,1.0,0.6324
2.35,-2.2,1.0,1.0,0.6929
2.4,-2.2,1.0,1.0,0.7499
2.45,-2.2,1.0,1.0,0.8027
2.5,-2.2,1.0,1.0,0.8495
2.55,-2.2,1.0,1.0,0.8942
2.6,-2.2,1.0,1.0,0.9268
2.65,-2.2,1.0,1.0,0.9499
2.7,-2.2,1.0,1.0,0.966
2.75,-2.2,1.0,1.0,0.9775
2.8,-2.2,1.0,1.0,0.9852
2.85,-2.2,1.0,1.0,0.9901
2.9,-2.2,1.0,1.0,0.9938
2.95,-2.2,1.0,1.0,0.996
3.0,-2.2,1.0,1.0,0.9972
3.05,-2.2,1.0,1.0,0.998
3.1,-2.2,1.0,1.0,0.9986
3.15,-2.2,1.0,1.0,0.999
3.2,-2.2,1.0,1.0,0.9992
3.25,-2.2,1.0,1.0,0.9994
3.3,-2.2,1.0,1.0,0.9995
3.35,-2.2,1.0,1.0,0.9996
3.4,-2.2,1.0,1.0,0.9997
3.45,-2.2,1.0,1.0,0.9998
3.5,-2.2,1.0,1.0,0.9998
3.55,-2.2,1.0,1.0,0.9999
3.6,-2.2,1.0,1.0,0.9999
3.65,-2.2,1.0,1.0,0.9999
3.7,-2.2,1.0,1.0,0.9999
3.75,-2.2,1.0,1.0,1.0
3.8,-2.2,1.0,1.0,1.0
3.85,-2.2,1.0,1.0,1.0
3.9,-2.2,1.0,1.0,1.0
3.95,-2.2,1.0,1.0,1.0
4.0,-2.2,1.0,1.0,1.0
-4.0,-2.15,0.0,0.0,0.0
-3.95,-2.15,0.0,0.0,0.0
-3.9,-2.15,0.0,0.0,0.0
-3.85,-2.15,0.0,0.0,0.0
-3.8,-2.15,0.0,0.0,0.0
-3.75,-2.15,0.0,0.0,0.0
-3.7,-2.15,0.0,0.0,0.0
-3.65,-2.15,0.0,0.0,0.0
-3.6,-2.15,0.0,0.0,0.0
-3.55,-2.15,0.0,0.0,0.0
-3.5,-2.15,0.0,0.0,0.0
-3.45,-2.15,0.0,0.0,0.0
-3.4,-2.15,0.0,0.0,0.0
-3.35,-2.15,0.0,0.0,0.0
-3.3,-2.15,0.0,0.0,0.0
-3.25,-2.15,0.0,0.0,0.0
-3.2,-2.15,0.0,0.0,0.0
-3.15,-2.15,0.0,0.0,0.0
-3.1,-2.15,0.0,0.0,0.0
-3.05,-2.15,0.0,0.0,0.0
-3.0,-2.15,0.0,0.0,0.0
-2.95,-2.15,0.0,0.0,0.0
-2.9,-2.15,0.0,0.0,0.0
-2.85,-2.15,0.0,0.0,0.0
-2.8,-2.15,0.0,0.0,0.0
-2.75,-2.15,0.0,0.0,0.0
-2.7,-2.15,0.0,0.0,0.0
-2.65,-2.15,0.0,0.0,0.0
-2.6,-2.15,0.0,0.0,0.0
-2.55,-2.15,0.0,0.0,0.0
-2.5,-2.15,0.0,0.0,0.0
-2.45,-2.15,0.0,0.0,0.0
-2.4,-2.15,0.0,0.0,0.0
-2.35,-2.15,0.0,0.0,0.0
-2.3,-2.15,0.0,0.0,0.0
-2.25,-2.15,0.0,0.0,0.0
-2.2,-2.15,0.0,0.0,0.0
-2.15,-2.15,0.0,0.0,0.0
-2.1,-2.15,0.0,0.0,0.0
-2.05,-2.15,0.0,0.0,0.0
-2.0,-2.15,0.0,0.0,0.0
-1.95,-2.15,0.0,0.0,0.0
-1.9,-2.15,0.0,0.0,0.0
-1.85,-2.15,0.0,0.0,0.0
-1.8,-2.15,0.0,0.0,0.0
-1.75,-2.15,0.0,0.0,0.0
-1.7,-2.15,0.0,0.0,0.0
-1.65,-2.15,0.0,0.0,0.0
-1.6,-2.15,0.0,0.0,0.0
-1.55,-2.15,0.0,0.0,0.0
-1.5,-2.15,0.0,0.0,0.0
-1.45,-2.15,0.0,0.0,0.0
-1.4,-2.15,0.0,0.0,0.0
-1.35,-2.15,0.0,0.0,0.0
-1.3,-2.15,0.0,0.0,0.0
-1.25,-2.15,0.0,0.0,0.0
-1.2,-2.15,0.0,0.0,0.0
-1.15,-2.15,0.0,0.0,0.0
-1.1,-2.15,0.0,0.0,0.0
-1.05,-2.15,0.0,0.0,0.0
-1.0,-2.15,0.0,0.0,0.0
-0.95,-2.15,0.0,0.0,0.0
-0.9,-2.15,0.0,0.0,0.0
-0.85,-2.15,0.0,0.0,0.0
-0.8,-2.15,0.0,0.0,0.0
-0.75,-2.15,0.0,0.0,0.0
-0.7,-2.15,0.0,0.0,0.0
-0.65,-2.15,0.0,0.0,0.0
-0.6,-2.15,0.0,0.0,0.0
-0.55,-2.15,0.0,0.0,0.0
-0.5,-2.15,0.0,0.0,0.0
-0.45,-2.15,0.0,0.0,0.0
-0.4,-2.15,0.0,0.0,0.0
-0.35,-2.15,0.0,0.0,0.0
-0.3,-2.15,0.0,0.0,0.0
-0.25,-2.15,0.0,0.0,0.0
-0.2,-2.15,0.0,0.0,0.0
-0.15,-2.15,0.0,0.0,0.0
-0.1,-2.15,0.0,0.0,0.0
-0.05,-2.15,0.0,0.0,0.0
0.0,-2.15,0.0,0.0,1e-04
0.05,-2.15,0.0,0.0,0.0004
0.1,-2.15,1e-04,0.0,0.0023
0.15,-2.15,0.0002,0.0,0.013
0.2,-2.15,0.0005,1e-04,0.0573
0.25,-2.15,0.0009,0.0006,0.1803
0.3,-2.15,0.0017,0.0035,0.3543
0.35,-2.15,0.0019,0.0092,0.4592
0.4,-2.15,0.002,0.0175,0.496
0.45,-2.15,0.0082,0.0319,0.5009
0.5,-2.15,0.0579,0.0568,0.5053
0.55,-2.15,0.2869,0.0976,0.5098
0.6,-2.15,0.4954,0.1574,0.5119
0.65,-2.15,0.5164,0.2065,0.5088
0.7,-2.15,0.5262,0.214,0.4997
0.75,-2.15,0.5019,0.2065,0.4905
0.8,-2.15,0.4506,0.1983,0.4813
0.85,-2.15,0.4005,0.1814,0.472
0.9,-2.15,0.3523,0.1626,0.4625
0.95,-2.15,0.3355,0.1423,0.453
1.0,-2.15,0.2651,0.1236,0.4439
1.05,-2.15,0.2208,0.1043,0.4355
1.1,-2.15,0.1792,0.0861,0.43
1.15,-2.15,0.1432,0.0696,0.4251
1.2,-2.15,0.1123,0.0544,0.4203
1.25,-2.15,0.0864,0.0416,0.4155
1.3,-2.15,0.0604,0.0314,0.4108
1.35,-2.15,0.0443,0.0235,0.4061
1.4,-2.15,0.0329,0.0175,0.4014
1.45,-2.15,0.0246,0.0148,0.3967
1.5,-2.15,0.0237,0.014,0.392
1.55,-2.15,0.0302,0.0135,0.3857
1.6,-2.15,0.0404,0.0134,0.3768
1.65,-2.15,0.0742,0.0157,0.3679
1.7,-2.15,0.1435,0.0185,0.3599
1.75,-2.15,0.2595,0.0217,0.3563
1.8,-2.15,0.4229,0.027,0.3674
1.85,-2.15,0.6767,0.1095,0.381
1.9,-2.15,0.9796,0.3987,0.3949
1.95,-2.15,0.9992,0.8045,0.4144
2.0,-2.15,1.0,0.9632,0.4452
2.05,-2.15,1.0,0.994,0.4765
2.1,-2.15,1.0,0.9991,0.5081
2.15,-2.15,1.0,0.9999,0.5438
2.2,-2.15,1.0,1.0,0.5839
2.25,-2.15,1.0,1.0,0.6345
2.3,-2.15,1.0,1.0,0.6934
2.35,-2.15,1.0,1.0,0.7482
2.4,-2.15,1.0,1.0,0.7988
2.45,-2.15,1.0,1.0,0.8483
2.5,-2.15,1.0,1.0,0.8933
2.55,-2.15,1.0,1.0,0.9261
2.6,-2.15,1.0,1.0,0.9494
2.65,-2.15,1.0,1.0,0.9656
2.7,-2.15,1.0,1.0,0.9773
2.75,-2.15,1.0,1.0,0.9848
2.8,-2.15,1.0,1.0,0.9902
2.85,-2.15,1.0,1.0,0.9938
2.9,-2.15,1.0,1.0,0.9957
2.95,-2.15,1.0,1.0,0.997
3.0,-2.15,1.0,1.0,0.9978
3.05,-2.15,1.0,1.0,0.9984
3.1,-2.15,1.0,1.0,0.9988
3.15,-2.15,1.0,1.0,0.9991
3.2,-2.15,1.0,1.0,0.9993
3.25,-2.15,1.0,1.0,0.9994
3.3,-2.15,1.0,1.0,0.9996
3.35,-2.15,1.0,1.0,0.9997
3.4,-2.15,1.0,1.0,0.9997
3.45,-2.15,1.0,1.0,0.9998
3.5,-2.15,1.0,1.0,0.9998
3.55,-2.15,1.0,1.0,0.9999
3.6,-2.15,1.0,1.0,0.9999
3.65,-2.15,1.0,1.0,0.9999
3.7,-2.15,1.0,1.0,0.9999
3.75,-2.15,1.0,1.0,1.0
3.8,-2.15,1.0,1.0,1.0
3.85,-2.15,1.0,1.0,1.0
3.9,-2.15,1.0,1.0,1.0
3.95,-2.15,1.0,1.0,1.0
4.0,-2.15,1.0,1.0,1.0
-4.0,-2.1,0.0,0.0,0.0
-3.95,-2.1,0.0,0.0,0.0
-3.9,-2.1,0.0,0.0,0.0
-3.85,-2.1,0.0,0.0,0.0
-3.8,-2.1,0.0,0.0,0.0
-3.75,-2.1,0.0,0.0,0.0
-3.7,-2.1,0.0,0.0,0.0
-3.65,-2.1,0.0,0.0,0.0
-3.6,-2.1,0.0,0.0,0.0
-3.55,-2.1,0.0,0.0,0.0
-3.5,-2.1,0.0,0.0,0.0
-3.45,-2.1,0.0,0.0,0.0
-3.4,-2.1,0.0,0.0,0.0
-3.35,-2.1,0.0,0.0,0.0
-3.3,-2.1,0.0,0.0,0.0
-3.25,-2.1,0.0,0.0,0.0
-3.2,-2.1,0.0,0.0,0.0
-3.15,-2.1,0.0,0.0,0.0
-3.1,-2.1,0.0,0.0,0.0
-3.05,-2.1,0.0,0.0,0.0
-3.0,-2.1,0.0,0.0,0.0
-2.95,-2.1,0.0,0.0,0.0
-2.9,-2.1,0.0,0.0,0.0
-2.85,-2.1,0.0,0.0,0.0
-2.8,-2.1,0.0,0.0,0.0
-2.75,-2.1,0.0,0.0,0.0
-2.7,-2.1,0.0,0.0,0.0
-2.65,-2.1,0.0,0.0,0.0
-2.6,-2.1,0.0,0.0,0.0
-2.55,-2.1,0.0,0.0,0.0
-2.5,-2.1,0.0,0.0,0.0
-2.45,-2.1,0.0,0.0,0.0
-2.4,-2.1,0.0,0.0,0.0
-2.35,-2.1,0.0,0.0,0.0
-2.3,-2.1,0.0,0.0,0.0
-2.25,-2.1,0.0,0.0,0.0
-2.2,-2.1,0.0,0.0,0.0
-2.15,-2.1,0.0,0.0,0.0
-2.1,-2.1,0.0,0.0,0.0
-2.05,-2.1,0.0,0.0,0.0
-2.0,-2.1,0.0,0.0,0.0
-1.95,-2.1,0.0,0.0,0.0
-1.9,-2.1,0.0,0.0,0.0
-1.85,-2.1,0.0,0.0,0.0
-1.8,-2.1,0.0,0.0,0.0
-1.75,-2.1,0.0,0.0,0.0
-1.7,-2.1,0.0,0.0,0.0
-1.65,-2.1,0.0,0.0,0.0
-1.6,-2.1,0.0,0.0,0.0
-1.55,-2.1,0.0,0.0,0.0
-1.5,-2.1,0.0,0.0,0.0
-1.45,-2.1,0.0,0.0,0.0
-1.4,-2.1,0.0,0.0,0.0
-1.35,-2.1,0.0,0.0,0.0
-1.3,-2.1,0.0,0.0,0.0
-1.25,-2.1,0.0,0.0,0.0
-1.2,-2.1,0.0,0.0,0.0
-1.15,-2.1,0.0,0.0,0.0
-1.1,-2.1,0.0,0.0,0.0
-1.05,-2.1,0.0,0.0,0.0
-1.0,-2.1,0.0,0.0,0.0
-0.95,-2.1,0.0,0.0,0.0
-0.9,-2.1,0.0,0.0,0.0
-0.85,-2.1,0.0,0.0,0.0
-0.8,-2.1,0.0,0.0,0.0
-0.75,-2.1,0.0,0.0,0.0
-0.7,-2.1,0.0,0.0,0.0
-0.65,-2.1,0.0,0.0,0.0
-0.6,-2.1,0.0,0.0,0.0
-0.55,-2.1,0.0,0.0,0.0
-0.5,-2.1,0.0,0.0,0.0
-0.45,-2.1,0.0,0.0,0.0
-0.4,-2.1,0.0,0.0,0.0
-0.35,-2.1,0.0,0.0,0.0
-0.3,-2.1,0.0,0.0,0.0
-0.25,-2.1,0.0,0.0,0.0
-0.2,-2.1,0.0,0.0,0.0
-0.15,-2.1,0.0,0.0,0.0
-0.1,-2.1,0.0,0.0,0.0
-0.05,-2.1,0.0,0.0,0.0
0.0,-2.1,0.0,0.0,1e-04
0.05,-2.1,0.0,0.0,0.0006
0.1,-2.1,1e-04,0.0,0.003
0.15,-2.1,0.0003,0.0,0.0156
0.2,-2.1,0.0006,0.0002,0.066
0.25,-2.1,0.0012,0.0016,0.2004
0.3,-2.1,0.0022,0.0109,0.3711
0.35,-2.1,0.0024,0.0239,0.4668
0.4,-2.1,0.0029,0.0446,0.498
0.45,-2.1,0.0204,0.0791,0.5027
0.5,-2.1,0.152,0.1352,0.5071
0.55,-2.1,0.4932,0.2151,0.51
0.6,-2.1,0.6013,0.2753,0.5116
0.65,-2.1,0.6243,0.302,0.5121
0.7,-2.1,0.6078,0.2938,0.508
0.75,-2.1,0.5602,0.2823,0.4988
0.8,-2.1,0.5091,0.2637,0.4895
0.85,-2.1,0.4578,0.2399,0.48
0.9,-2.1,0.4074,0.2129,0.4704
0.95,-2.1,0.3889,0.1878,0.4612
1.0,-2.1,0.3345,0.1616,0.4524
1.05,-2.1,0.2818,0.1349,0.4459
1.1,-2.1,0.2314,0.1105,0.4406
1.15,-2.1,0.1859,0.0872,0.4358
1.2,-2.1,0.1458,0.0674,0.431
1.25,-2.1,0.1091,0.0511,0.4262
1.3,-2.1,0.0758,0.0384,0.4214
1.35,-2.1,0.0569,0.0288,0.4166
1.4,-2.1,0.0425,0.0215,0.4119
1.45,-2.1,0.0363,0.0192,0.4071
1.5,-2.1,0.0408,0.0181,0.4024
1.55,-2.1,0.0544,0.0175,0.3947
1.6,-2.1,0.0721,0.0189,0.3857
1.65,-2.1,0.1353,0.0221,0.3767
1.7,-2.1,0.2465,0.0259,0.3704
1.75,-2.1,0.4063,0.0298,0.3734
1.8,-2.1,0.5962,0.0858,0.3866
1.85,-2.1,0.9108,0.324,0.4006
1.9,-2.1,0.9961,0.7357,0.415
1.95,-2.1,0.9998,0.9466,0.4457
2.0,-2.1,1.0,0.9912,0.4768
2.05,-2.1,1.0,0.9986,0.5081
2.1,-2.1,1.0,0.9998,0.5449
2.15,-2.1,1.0,1.0,0.5851
2.2,-2.1,1.0,1.0,0.6364
2.25,-2.1,1.0,1.0,0.6939
2.3,-2.1,1.0,1.0,0.7479
2.35,-2.1,1.0,1.0,0.7967
2.4,-2.1,1.0,1.0,0.847
2.45,-2.1,1.0,1.0,0.8924
2.5,-2.1,1.0,1.0,0.9254
2.55,-2.1,1.0,1.0,0.9489
2.6,-2.1,1.0,1.0,0.9653
2.65,-2.1,1.0,1.0,0.9768
2.7,-2.1,1.0,1.0,0.9846
2.75,-2.1,1.0,1.0,0.9903
2.8,-2.1,1.0,1.0,0.9934
2.85,-2.1,1.0,1.0,0.9954
2.9,-2.1,1.0,1.0,0.9967
2.95,-2.1,1.0,1.0,0.9976
3.0,-2.1,1.0,1.0,0.9982
3.05,-2.1,1.0,1.0,0.9986
3.1,-2.1,1.0,1.0,0.9989
3.15,-2.1,1.0,1.0,0.9992
3.2,-2.1,1.0,1.0,0.9993
3.25,-2.1,1.0,1.0,0.9995
3.3,-2.1,1.0,1.0,0.9996
3.35,-2.1,1.0,1.0,0.9997
3.4,-2.1,1.0,1.0,0.9998
3.45,-2.1,1.0,1.0,0.9998
3.5,-2.1,1.0,1.0,0.9999
3.55,-2.1,1.0,1.0,0.9999
3.6,-2.1,1.0,1.0,0.9999
3.65,-2.1,1.0,1.0,0.9999
3.7,-2.1,1.0,1.0,0.9999
3.75,-2.1,1.0,1.0,1.0
3.8,-2.1,1.0,1.0,1.0
3.85,-2.1,1.0,1.0,1.0
3.9,-2.1,1.0,1.0,1.0
3.95,-2.1,1.0,1.0,1.0
4.0,-2.1,1.0,1.0,1.0
-4.0,-2.05,0.0,0.0,0.0
-3.95,-2.05,0.0,0.0,0.0
-3.9,-2.05,0.0,0.0,0.0
-3.85,-2.05,0.0,0.0,0.0
-3.8,-2.05,0.0,0.0,0.0
-3.75,-2.05,0.0,0.0,0.0
-3.7,-2.05,0.0,0.0,0.0
-3.65,-2.05,0.0,0.0,0.0
-3.6,-2.05,0.0,0.0,0.0
-3.55,-2.05,0.0,0.0,0.0
-3.5,-2.05,0.0,0.0,0.0
-3.45,-2.05,0.0,0.0,0.0
-3.4,-2.05,0.0,0.0,0.0
-3.35,-2.05,0.0,0.0,0.0
-3.3,-2.05,0.0,0.0,0.0
-3.25,-2.05,0.0,0.0,0.0
-3.2,-2.05,0.0,0.0,0.0
-3.15,-2.05,0.0,0.0,0.0
-3.1,-2.05,0.0,0.0,0.0
-3.05,-2.05,0.0,0.0,0.0
-3.0,-2.05,0.0,0.0,0.0
-2.95,-2.05,0.0,0.0,0.0
-2.9,-2.05,0.0,0.0,0.0
-2.85,-2.05,0.0,0.0,0.0
-2.8,-2.05,0.0,0.0,0.0
-2.75,-2.05,0.0,0.0,0.0
-2.7,-2.05,0.0,0.0,0.0
-2.65,-2.05,0.0,0.0,0.0
-2.6,-2.05,0.0,0.0,0.0
-2.55,-2.05,0.0,0.0,0.0
-2.5,-2.05,0.0,0.0,0.0
-2.45,-2.05,0.0,0.0,0.0
-2.4,-2.05,0.0,0.0,0.0
-2.35,-2.05,0.0,0.0,0.0
-2.3,-2.05,0.0,0.0,0.0
-2.25,-2.05,0.0,0.0,0.0
-2.2,-2.05,0.0,0.0,0.0
-2.15,-2.05,0.0,0.0,0.0
-2.1,-2.05,0.0,0.0,0.0
-2.05,-2.05,0.0,0.0,0.0
-2.0,-2.05,0.0,0.0,0.0
-1.95,-2.05,0.0,0.0,0.0
-1.9,-2.05,0.0,0.0,0.0
-1.85,-2.05,0.0,0.0,0.0
-1.8,-2.05,0.0,0.0,0.0
-1.75,-2.05,0.0,0.0,0.0
-1.7,-2.05,0.0,0.0,0.0
-1.65,-2.05,0.0,0.0,0.0
-1.6,-2.05,0.0,0.0,0.0
-1.55,-2.05,0.0,0.0,0.0
-1.5,-2.05,0.0,0.0,0.0
-1.45,-2.05,0.0,0.0,0.0
-1.4,-2.05,0.0,0.0,0.0
-1.35,-2.05,0.0,0.0,0.0
-1.3,-2.05,0.0,0.0,0.0
-1.25,-2.05,0.0,0.0,0.0
-1.2,-2.05,0.0,0.0,0.0
-1.15,-2.05,0.0,0.0,0.0
-1.1,-2.05,0.0,0.0,0.0
-1.05,-2.05,0.0,0.0,0.0
-1.0,-2.05,0.0,0.0,0.0
-0.95,-2.05,0.0,0.0,0.0
-0.9,-2.05,0.0,0.0,0.0
-0.85,-2.05,0.0,0.0,0.0
-0.8,-2.05,0.0,0.0,0.0
-0.75,-2.05,0.0,0.0,0.0
-0.7,-2.05,0.0,0.0,0.0
-0.65,-2.05,0.0,0.0,0.0
-0.6,-2.05,0.0,0.0,0.0
-0.55,-2.05,0.0,0.0,0.0
-0.5,-2.05,0.0,0.0,0.0
-0.45,-2.05,0.0,0.0,0.0
-0.4,-2.05,0.0,0.0,0.0
-0.35,-2.05,0.0,0.0,0.0
-0.3,-2.05,0.0,0.0,0.0
-0.25,-2.05,0.0,0.0,0.0
-0.2,-2.05,0.0,0.0,0.0
-0.15,-2.05,0.0,0.0,0.0
-0.1,-2.05,0.0,0.0,0.0
-0.05,-2.05,0.0,0.0,0.0
0.0,-2.05,0.0,0.0,1e-04
0.05,-2.05,0.0,0.0,0.0007
0.1,-2.05,1e-04,0.0,0.0041
0.15,-2.05,0.0004,1e-04,0.0183
0.2,-2.05,0.0008,0.0006,0.0744
0.25,-2.05,0.0015,0.0047,0.1967
0.3,-2.05,0.0028,0.0301,0.3728
0.35,-2.05,0.003,0.0593,0.4689
0.4,-2.05,0.0059,0.1071,0.4997
0.45,-2.05,0.0503,0.1823,0.5045
0.5,-2.05,0.3429,0.2822,0.508
0.55,-2.05,0.6746,0.3515,0.5098
0.6,-2.05,0.6986,0.3555,0.5104
0.65,-2.05,0.7021,0.3475,0.5108
0.7,-2.05,0.6623,0.3395,0.5112
0.75,-2.05,0.6168,0.3255,0.507
0.8,-2.05,0.5673,0.3092,0.4975
0.85,-2.05,0.5163,0.2927,0.4879
0.9,-2.05,0.465,0.2737,0.4786
0.95,-2.05,0.445,0.2413,0.4698
1.0,-2.05,0.4119,0.205,0.4618
1.05,-2.05,0.3514,0.1709,0.4563
1.1,-2.05,0.2916,0.1368,0.4513
1.15,-2.05,0.2355,0.1072,0.4465
1.2,-2.05,0.1821,0.0821,0.4417
1.25,-2.05,0.1348,0.0622,0.4369
1.3,-2.05,0.0965,0.0469,0.432
1.35,-2.05,0.0728,0.0352,0.4273
1.4,-2.05,0.0561,0.0269,0.4225
1.45,-2.05,0.055,0.0248,0.4177
1.5,-2.05,0.0729,0.0235,0.413
1.55,-2.05,0.0961,0.0227,0.4038
1.6,-2.05,0.1274,0.0264,0.3947
1.65,-2.05,0.234,0.031,0.3857
1.7,-2.05,0.3899,0.0354,0.3809
1.75,-2.05,0.5608,0.0676,0.3923
1.8,-2.05,0.7488,0.268,0.4063
1.85,-2.05,0.9795,0.6552,0.4204
1.9,-2.05,0.9991,0.923,0.4464
1.95,-2.05,1.0,0.9871,0.4775
2.0,-2.05,1.0,0.9979,0.5087
2.05,-2.05,1.0,0.9997,0.5466
2.1,-2.05,1.0,0.9999,0.5863
2.15,-2.05,1.0,1.0,0.637
2.2,-2.05,1.0,1.0,0.6945
2.25,-2.05,1.0,1.0,0.7475
2.3,-2.05,1.0,1.0,0.7964
2.35,-2.05,1.0,1.0,0.8472
2.4,-2.05,1.0,1.0,0.8915
2.45,-2.05,1.0,1.0,0.9248
2.5,-2.05,1.0,1.0,0.9485
2.55,-2.05,1.0,1.0,0.9648
2.6,-2.05,1.0,1.0,0.9763
2.65,-2.05,1.0,1.0,0.9847
2.7,-2.05,1.0,1.0,0.99
2.75,-2.05,1.0,1.0,0.9929
2.8,-2.05,1.0,1.0,0.9949
2.85,-2.05,1.0,1.0,0.9963
2.9,-2.05,1.0,1.0,0.9973
2.95,-2.05,1.0,1.0,0.9979
3.0,-2.05,1.0,1.0,0.9984
3.05,-2.05,1.0,1.0,0.9987
3.1,-2.05,1.0,1.0,0.999
3.15,-2.05,1.0,1.0,0.9992
3.2,-2.05,1.0,1.0,0.9994
3.25,-2.05,1.0,1.0,0.9995
3.3,-2.05,1.0,1.0,0.9996
3.35,-2.05,1.0,1.0,0.9997
3.4,-2.05,1.0,1.0,0.9998
3.45,-2.05,1.0,1.0,0.9998
3.5,-2.05,1.0,1.0,0.9999
3.55,-2.05,1.0,1.0,0.9999
3.6,-2.05,1.0,1.0,0.9999
3.65,-2.05,1.0,1.0,0.9999
3.7,-2.05,1.0,1.0,1.0
3.75,-2.05,1.0,1.0,1.0
3.8,-2.05,1.0,1.0,1.0
3.85,-2.05,1.0,1.0,1.0
3.9,-2.05,1.0,1.0,1.0
3.95,-2.05,1.0,1.0,1.0
4.0,-2.05,1.0,1.0,1.0
-4.0,-2.0,0.0,0.0,0.0
-3.95,-2.0,0.0,0.0,0.0
-3.9,-2.0,0.0,0.0,0.0
-3.85,-2.0,0.0,0.0,0.0
-3.8,-2.0,0.0,0.0,0.0
-3.75,-2.0,0.0,0.0,0.0
-3.7,-2.0,0.0,0.0,0.0
-3.65,-2.0,0.0,0.0,0.0
-3.6,-2.0,0.0,0.0,0.0
-3.55,-2.0,0.0,0.0,0.0
-3.5,-2.0,0.0,0.0,0.0
-3.45,-2.0,0.0,0.0,0.0
-3.4,-2.0,0.0,0.0,0.0
-3.35,-2.0,0.0,0.0,0.0
-3.3,-2.0,0.0,0.0,0.0
-3.25,-2.0,0.0,0.0,0.0
-3.2,-2.0,0.0,0.0,0.0
-3.15,-2.0,0.0,0.0,0.0
-3.1,-2.0,0.0,0.0,0.0
-3.05,-2.0,0.0,0.0,0.0
-3.0,-2.0,0.0,0.0,0.0
-2.95,-2.0,0.0,0.0,0.0
-2.9,-2.0,0.0,0.0,0.0
-2.85,-2.0,0.0,0.0,0.0
-2.8,-2.0,0.0,0.0,0.0
-2.75,-2.0,0.0,0.0,0.0
-2.7,-2.0,0.0,0.0,0.0
-2.65,-2.0,0.0,0.0,0.0
-2.6,-2.0,0.0,0.0,0.0
-2.55,-2.0,0.0,0.0,0.0
-2.5,-2.0,0.0,0.0,0.0
-2.45,-2.0,0.0,0.0,0.0
-2.4,-2.0,0.0,0.0,0.0
-2.35,-2.0,0.0,0.0,0.0
-2.3,-2.0,0.0,0.0,0.0
-2.25,-2.0,0.0,0.0,0.0
-2.2,-2.0,0.0,0.0,0.0
-2.15,-2.0,0.0,0.0,0.0
-2.1,-2.0,0.0,0.0,0.0
-2.05,-2.0,0.0,0.0,0.0
-2.0,-2.0,0.0,0.0,0.0
-1.95,-2.0,0.0,0.0,0.0
-1.9,-2.0,0.0,0.0,0.0
-1.85,-2.0,0.0,0.0,0.0
-1.8,-2.0,0.0,0.0,0.0
-1.75,-2.0,0.0,0.0,0.0
-1.7,-2.0,0.0,0.0,0.0
-1.65,-2.0,0.0,0.0,0.0
-1.6,-2.0,0.0,0.0,0.0
-1.55,-2.0,0.0,0.0,0.0
-1.5,-2.0,0.0,0.0,0.0
-1.45,-2.0,0.0,0.0,0.0
-1.4,-2.0,0.0,0.0,0.0
-1.35,-2.0,0.0,0.0,0.0
-1.3,-2.0,0.0,0.0,0.0
-1.25,-2.0,0.0,0.0,0.0
-1.2,-2.0,0.0,0.0,0.0
-1.15,-2.0,0.0,0.0,0.0
-1.1,-2.0,0.0,0.0,0.0
-1.05,-2.0,0.0,0.0,0.0
-1.0,-2.0,0.0,0.0,0.0
-0.95,-2.0,0.0,0.0,0.0
-0.9,-2.0,0.0,0.0,0.0
-0.85,-2.0,0.0,0.0,0.0
-0.8,-2.0,0.0,0.0,0.0
-0.75,-2.0,0.0,0.0,0.0
-0.7,-2.0,0.0,0.0,0.0
-0.65,-2.0,0.0,0.0,0.0
-0.6,-2.0,0.0,0.0,0.0
-0.55,-2.0,0.0,0.0,0.0
-0.5,-2.0,0.0,0.0,0.0
-0.45,-2.0,0.0,0.0,0.0
-0.4,-2.0,0.0,0.0,0.0
-0.35,-2.0,0.0,0.0,0.0
-0.3,-2.0,0.0,0.0,0.0
-0.25,-2.0,0.0,0.0,0.0
-0.2,-2.0,0.0,0.0,0.0
-0.15,-2.0,0.0,0.0,0.0
-0.1,-2.0,0.0,0.0,0.0
-0.05,-2.0,0.0,0.0,0.0
0.0,-2.0,0.0,0.0,0.0002
0.05,-2.0,0.0,0.0,0.001
0.1,-2.0,1e-04,0.0,0.0054
0.15,-2.0,0.0005,0.0002,0.021
0.2,-2.0,0.001,0.0017,0.073
0.25,-2.0,0.002,0.0133,0.196
0.3,-2.0,0.0035,0.0616,0.3729
0.35,-2.0,0.0038,0.1386,0.4658
0.4,-2.0,0.0126,0.2286,0.5015
0.45,-2.0,0.1185,0.3507,0.506
0.5,-2.0,0.5867,0.3702,0.5079
0.55,-2.0,0.7611,0.3809,0.5087
0.6,-2.0,0.7676,0.3761,0.5091
0.65,-2.0,0.7471,0.3694,0.5094
0.7,-2.0,0.7127,0.3616,0.5098
0.75,-2.0,0.6704,0.3443,0.5098
0.8,-2.0,0.6236,0.3228,0.5054
0.85,-2.0,0.5743,0.3053,0.4961
0.9,-2.0,0.5235,0.2881,0.4872
0.95,-2.0,0.5026,0.2694,0.4783
1.0,-2.0,0.4937,0.2508,0.4722
1.05,-2.0,0.4256,0.2082,0.467
1.1,-2.0,0.3574,0.1664,0.4622
1.15,-2.0,0.2883,0.1293,0.4573
1.2,-2.0,0.2216,0.0992,0.4524
1.25,-2.0,0.1644,0.0755,0.4476
1.3,-2.0,0.122,0.057,0.4428
1.35,-2.0,0.0884,0.0429,0.4379
1.4,-2.0,0.0724,0.0347,0.4332
1.45,-2.0,0.0831,0.032,0.4284
1.5,-2.0,0.1047,0.0303,0.4222
1.55,-2.0,0.1311,0.0316,0.413
1.6,-2.0,0.1731,0.0369,0.4038
1.65,-2.0,0.2949,0.0422,0.3953
1.7,-2.0,0.455,0.0635,0.3983
1.75,-2.0,0.6355,0.2186,0.412
1.8,-2.0,0.8768,0.5881,0.4262
1.85,-2.0,0.9942,0.8902,0.4471
1.9,-2.0,0.9998,0.981,0.4782
1.95,-2.0,1.0,0.997,0.5094
2.0,-2.0,1.0,0.9995,0.5488
2.05,-2.0,1.0,0.9999,0.5884
2.1,-2.0,1.0,1.0,0.6386
2.15,-2.0,1.0,1.0,0.6954
2.2,-2.0,1.0,1.0,0.7472
2.25,-2.0,1.0,1.0,0.7968
2.3,-2.0,1.0,1.0,0.85
2.35,-2.0,1.0,1.0,0.8911
2.4,-2.0,1.0,1.0,0.9243
2.45,-2.0,1.0,1.0,0.9479
2.5,-2.0,1.0,1.0,0.9639
2.55,-2.0,1.0,1.0,0.976
2.6,-2.0,1.0,1.0,0.9845
2.65,-2.0,1.0,1.0,0.9892
2.7,-2.0,1.0,1.0,0.9922
2.75,-2.0,1.0,1.0,0.9944
2.8,-2.0,1.0,1.0,0.9959
2.85,-2.0,1.0,1.0,0.9968
2.9,-2.0,1.0,1.0,0.9975
2.95,-2.0,1.0,1.0,0.9981
3.0,-2.0,1.0,1.0,0.9985
3.05,-2.0,1.0,1.0,0.9988
3.1,-2.0,1.0,1.0,0.9991
3.15,-2.0,1.0,1.0,0.9993
3.2,-2.0,1.0,1.0,0.9995
3.25,-2.0,1.0,1.0,0.9996
3.3,-2.0,1.0,1.0,0.9997
3.35,-2.0,1.0,1.0,0.9997
3.4,-2.0,1.0,1.0,0.9998
3.45,-2.0,1.0,1.0,0.9998
3.5,-2.0,1.0,1.0,0.9999
3.55,-2.0,1.0,1.0,0.9999
3.6,-2.0,1.0,1.0,0.9999
3.65,-2.0,1.0,1.0,0.9999
3.7,-2.0,1.0,1.0,1.0
3.75,-2.0,1.0,1.0,1.0
3.8,-2.0,1.0,1.0,1.0
3.85,-2.0,1.0,1.0,1.0
3.9,-2.0,1.0,1.0,1.0
3.95,-2.0,1.0,1.0,1.0
4.0,-2.0,1.0,1.0,1.0
-4.0,-1.95,0.0,0.0,0.0
-3.95,-1.95,0.0,0.0,0.0
-3.9,-1.95,0.0,0.0,0.0
-3.85,-1.95,0.0,0.0,0.0
-3.8,-1.95,0.0,0.0,0.0
-3.75,-1.95,0.0,0.0,0.0
-3.7,-1.95,0.0,0.0,0.0
-3.65,-1.95,0.0,0.0,0.0
-3.6,-1.95,0.0,0.0,0.0
-3.55,-1.95,0.0,0.0,0.0
-3.5,-1.95,0.0,0.0,0.0
-3.45,-1.95,0.0,0.0,0.0
-3.4,-1.95,0.0,0.0,0.0
-3.35,-1.95,0.0,0.0,0.0
-3.3,-1.95,0.0,0.0,0.0
-3.25,-1.95,0.0,0.0,0.0
-3.2,-1.95,0.0,0.0,0.0
-3.15,-1.95,0.0,0.0,0.0
-3.1,-1.95,0.0,0.0,0.0
-3.05,-1.95,0.0,0.0,0.0
-3.0,-1.95,0.0,0.0,0.0
-2.95,-1.95,0.0,0.0,0.0
-2.9,-1.95,0.0,0.0,0.0
-2.85,-1.95,0.0,0.0,0.0
-2.8,-1.95,0.0,0.0,0.0
-2.75,-1.95,0.0,0.0,0.0
-2.7,-1.95,0.0,0.0,0.0
-2.65,-1.95,0.0,0.0,0.0
-2.6,-1.95,0.0,0.0,0.0
-2.55,-1.95,0.0,0.0,0.0
-2.5,-1.95,0.0,0.0,0.0
-2.45,-1.95,0.0,0.0,0.0
-2.4,-1.95,0.0,0.0,0.0
-2.35,-1.95,0.0,0.0,0.0
-2.3,-1.95,0.0,0.0,0.0
-2.25,-1.95,0.0,0.0,0.0
-2.2,-1.95,0.0,0.0,0.0
-2.15,-1.95,0.0,0.0,0.0
-2.1,-1.95,0.0,0.0,0.0
-2.05,-1.95,0.0,0.0,0.0
-2.0,-1.95,0.0,0.0,0.0
-1.95,-1.95,0.0,0.0,0.0
-1.9,-1.95,0.0,0.0,0.0
-1.85,-1.95,0.0,0.0,0.0
-1.8,-1.95,0.0,0.0,0.0
-1.75,-1.95,0.0,0.0,0.0
-1.7,-1.95,0.0,0.0,0.0
-1.65,-1.95,0.0,0.0,0.0
-1.6,-1.95,0.0,0.0,0.0
-1.55,-1.95,0.0,0.0,0.0
-1.5,-1.95,0.0,0.0,0.0
-1.45,-1.95,0.0,0.0,0.0
-1.4,-1.95,0.0,0.0,0.0
-1.35,-1.95,0.0,0.0,0.0
-1.3,-1.95,0.0,0.0,0.0
-1.25,-1.95,0.0,0.0,0.0
-1.2,-1.95,0.0,0.0,0.0
-1.15,-1.95,0.0,0.0,0.0
-1.1,-1.95,0.0,0.0,0.0
-1.05,-1.95,0.0,0.0,0.0
-1.0,-1.95,0.0,0.0,0.0
-0.95,-1.95,0.0,0.0,0.0
-0.9,-1.95,0.0,0.0,0.0
-0.85,-1.95,0.0,0.0,0.0
-0.8,-1.95,0.0,0.0,0.0
-0.75,-1.95,0.0,0.0,0.0
-0.7,-1.95,0.0,0.0,0.0
-0.65,-1.95,0.0,0.0,0.0
-0.6,-1.95,0.0,0.0,0.0
-0.55,-1.95,0.0,0.0,0.0
-0.5,-1.95,0.0,0.0,0.0
-0.45,-1.95,0.0,0.0,0.0
-0.4,-1.95,0.0,0.0,0.0
-0.35,-1.95,0.0,0.0,0.0
-0.3,-1.95,0.0,0.0,0.0
-0.25,-1.95,0.0,0.0,0.0
-0.2,-1.95,0.0,0.0,0.0
-0.15,-1.95,0.0,0.0,0.0
-0.1,-1.95,0.0,0.0,0.0
-0.05,-1.95,0.0,0.0,1e-04
0.0,-1.95,0.0,0.0,0.0002
0.05,-1.95,1e-04,0.0,0.0013
0.1,-1.95,0.0002,0.0,0.0061
0.15,-1.95,0.0006,0.0004,0.0228
0.2,-1.95,0.0013,0.0044,0.0726
0.25,-1.95,0.0026,0.0274,0.1937
0.3,-1.95,0.0043,0.1197,0.3665
0.35,-1.95,0.0048,0.2796,0.4575
0.4,-1.95,0.0319,0.3663,0.5034
0.45,-1.95,0.2556,0.3841,0.506
0.5,-1.95,0.7761,0.4051,0.507
0.55,-1.95,0.822,0.4106,0.5073
0.6,-1.95,0.8051,0.4126,0.5077
0.65,-1.95,0.7868,0.4087,0.508
0.7,-1.95,0.7584,0.3958,0.5081
0.75,-1.95,0.72,0.3797,0.5082
0.8,-1.95,0.6768,0.3539,0.5087
0.85,-1.95,0.6304,0.3287,0.5047
0.9,-1.95,0.5814,0.2985,0.4958
0.95,-1.95,0.5659,0.2786,0.4883
1.0,-1.95,0.5715,0.2585,0.4828
1.05,-1.95,0.501,0.2386,0.4779
1.1,-1.95,0.4242,0.1978,0.473
1.15,-1.95,0.3412,0.1545,0.4681
1.2,-1.95,0.2388,0.1193,0.4633
1.25,-1.95,0.1547,0.0912,0.4584
1.3,-1.95,0.109,0.0693,0.4535
1.35,-1.95,0.0802,0.0523,0.4487
1.4,-1.95,0.0797,0.0447,0.4439
1.45,-1.95,0.1006,0.0413,0.4391
1.5,-1.95,0.1262,0.0391,0.4315
1.55,-1.95,0.1571,0.0439,0.4222
1.6,-1.95,0.2147,0.0501,0.413
1.65,-1.95,0.3532,0.0596,0.4061
1.7,-1.95,0.525,0.18,0.4178
1.75,-1.95,0.7358,0.5222,0.432
1.8,-1.95,0.9624,0.8486,0.4478
1.85,-1.95,0.9984,0.9721,0.4789
1.9,-1.95,0.9999,0.9955,0.5107
1.95,-1.95,1.0,0.9993,0.551
2.0,-1.95,1.0,0.9999,0.5902
2.05,-1.95,1.0,1.0,0.6405
2.1,-1.95,1.0,1.0,0.6972
2.15,-1.95,1.0,1.0,0.7484
2.2,-1.95,1.0,1.0,0.8013
2.25,-1.95,1.0,1.0,0.8528
2.3,-1.95,1.0,1.0,0.8932
2.35,-1.95,1.0,1.0,0.9238
2.4,-1.95,1.0,1.0,0.9468
2.45,-1.95,1.0,1.0,0.9631
2.5,-1.95,1.0,1.0,0.976
2.55,-1.95,1.0,1.0,0.9835
2.6,-1.95,1.0,1.0,0.9881
2.65,-1.95,1.0,1.0,0.9914
2.7,-1.95,1.0,1.0,0.9937
2.75,-1.95,1.0,1.0,0.9952
2.8,-1.95,1.0,1.0,0.9962
2.85,-1.95,1.0,1.0,0.9971
2.9,-1.95,1.0,1.0,0.9977
2.95,-1.95,1.0,1.0,0.9982
3.0,-1.95,1.0,1.0,0.9986
3.05,-1.95,1.0,1.0,0.9989
3.1,-1.95,1.0,1.0,0.9992
3.15,-1.95,1.0,1.0,0.9994
3.2,-1.95,1.0,1.0,0.9995
3.25,-1.95,1.0,1.0,0.9996
3.3,-1.95,1.0,1.0,0.9997
3.35,-1.95,1.0,1.0,0.9998
3.4,-1.95,1.0,1.0,0.9998
3.45,-1.95,1.0,1.0,0.9999
3.5,-1.95,1.0,1.0,0.9999
3.55,-1.95,1.0,1.0,0.9999
3.6,-1.95,1.0,1.0,0.9999
3.65,-1.95,1.0,1.0,0.9999
3.7,-1.95,1.0,1.0,1.0
3.75,-1.95,1.0,1.0,1.0
3.8,-1.95,1.0,1.0,1.0
3.85,-1.95,1.0,1.0,1.0
3.9,-1.95,1.0,1.0,1.0
3.95,-1.95,1.0,1.0,1.0
4.0,-1.95,1.0,1.0,1.0
-4.0,-1.9,0.0,0.0,0.0
-3.95,-1.9,0.0,0.0,0.0
-3.9,-1.9,0.0,0.0,0.0
-3.85,-1.9,0.0,0.0,0.0
-3.8,-1.9,0.0,0.0,0.0
-3.75,-1.9,0.0,0.0,0.0
-3.7,-1.9,0.0,0.0,0.0
-3.65,-1.9,0.0,0.0,0.0
-3.6,-1.9,0.0,0.0,0.0
-3.55,-1.9,0.0,0.0,0.0
-3.5,-1.9,0.0,0.0,0.0
-3.45,-1.9,0.0,0.0,0.0
-3.4,-1.9,0.0,0.0,0.0
-3.35,-1.9,0.0,0.0,0.0
-3.3,-1.9,0.0,0.0,0.0
-3.25,-1.9,0.0,0.0,0.0
-3.2,-1.9,0.0,0.0,0.0
-3.15,-1.9,0.0,0.0,0.0
-3.1,-1.9,0.0,0.0,0.0
-3.05,-1.9,0.0,0.0,0.0
-3.0,-1.9,0.0,0.0,0.0
-2.95,-1.9,0.0,0.0,0.0
-2.9,-1.9,0.0,0.0,0.0
-2.85,-1.9,0.0,0.0,0.0
-2.8,-1.9,0.0,0.0,0.0
-2.75,-1.9,0.0,0.0,0.0
-2.7,-1.9,0.0,0.0,0.0
-2.65,-1.9,0.0,0.0,0.0
-2.6,-1.9,0.0,0.0,0.0
-2.55,-1.9,0.0,0.0,0.0
-2.5,-1.9,0.0,0.0,0.0
-2.45,-1.9,0.0,0.0,0.0
-2.4,-1.9,0.0,0.0,0.0
-2.35,-1.9,0.0,0.0,0.0
-2.3,-1.9,0.0,0.0,0.0
-2.25,-1.9,0.0,0.0,0.0
-2.2,-1.9,0.0,0.0,0.0
-2.15,-1.9,0.0,0.0,0.0
-2.1,-1.9,0.0,0.0,0.0
-2.05,-1.9,0.0,0.0,0.0
-2.0,-1.9,0.0,0.0,0.0
-1.95,-1.9,0.0,0.0,0.0
-1.9,-1.9,0.0,0.0,0.0
-1.85,-1.9,0.0,0.0,0.0
-1.8,-1.9,0.0,0.0,0.0
-1.75,-1.9,0.0,0.0,0.0
-1.7,-1.9,0.0,0.0,0.0
-1.65,-1.9,0.0,0.0,0.0
-1.6,-1.9,0.0,0.0,0.0
-1.55,-1.9,0.0,0.0,0.0
-1.5,-1.9,0.0,0.0,0.0
-1.45,-1.9,0.0,0.0,0.0
-1.4,-1.9,0.0,0.0,0.0
-1.35,-1.9,0.0,0.0,0.0
-1.3,-1.9,0.0,0.0,0.0
-1.25,-1.9,0.0,0.0,0.0
-1.2,-1.9,0.0,0.0,0.0
-1.15,-1.9,0.0,0.0,0.0
-1.1,-1.9,0.0,0.0,0.0
-1.05,-1.9,0.0,0.0,0.0
-1.0,-1.9,0.0,0.0,0.0
-0.95,-1.9,0.0,0.0,0.0
-0.9,-1.9,0.0,0.0,0.0
-0.85,-1.9,0.0,0.0,0.0
-0.8,-1.9,0.0,0.0,0.0
-0.75,-1.9,0.0,0.0,0.0
-0.7,-1.9,0.0,0.0,0.0
-0.65,-1.9,0.0,0.0,0.0
-0.6,-1.9,0.0,0.0,0.0
-0.55,-1.9,0.0,0.0,0.0
-0.5,-1.9,0.0,0.0,0.0
-0.45,-1.9,0.0,0.0,0.0
-0.4,-1.9,0.0,0.0,0.0
-0.35,-1.9,0.0,0.0,0.0
-0.3,-1.9,0.0,0.0,0.0
-0.25,-1.9,0.0,0.0,0.0
-0.2,-1.9,0.0,0.0,0.0
-0.15,-1.9,0.0,0.0,0.0
-0.1,-1.9,0.0,0.0,0.0
-0.05,-1.9,0.0,0.0,1e-04
0.0,-1.9,0.0,0.0,0.0004
0.05,-1.9,1e-04,0.0,0.0016
0.1,-1.9,0.0002,0.0,0.0067
0.15,-1.9,0.0007,0.0003,0.0238
0.2,-1.9,0.0016,0.0093,0.0733
0.25,-1.9,0.0031,0.0503,0.1881
0.3,-1.9,0.0054,0.1974,0.3542
0.35,-1.9,0.0094,0.3657,0.4477
0.4,-1.9,0.0772,0.4,0.5024
0.45,-1.9,0.4675,0.4222,0.5053
0.5,-1.9,0.8229,0.433,0.5056
0.55,-1.9,0.8524,0.4362,0.506
0.6,-1.9,0.8377,0.4377,0.5063
0.65,-1.9,0.8218,0.4365,0.5064
0.7,-1.9,0.7988,0.4311,0.5064
0.75,-1.9,0.7647,0.413,0.5069
0.8,-1.9,0.7258,0.3857,0.5088
0.85,-1.9,0.6831,0.3534,0.5107
0.9,-1.9,0.6371,0.3149,0.5044
0.95,-1.9,0.6295,0.2871,0.4988
1.0,-1.9,0.6444,0.2659,0.4937
1.05,-1.9,0.5671,0.2444,0.4888
1.1,-1.9,0.4325,0.2241,0.4839
1.15,-1.9,0.307,0.1836,0.479
1.2,-1.9,0.2047,0.1429,0.4741
1.25,-1.9,0.1338,0.11,0.4692
1.3,-1.9,0.0947,0.0839,0.4644
1.35,-1.9,0.0789,0.0636,0.4596
1.4,-1.9,0.0967,0.0574,0.4548
1.45,-1.9,0.1214,0.0532,0.4499
1.5,-1.9,0.1513,0.0532,0.4408
1.55,-1.9,0.1869,0.0595,0.4315
1.6,-1.9,0.2631,0.0678,0.4222
1.65,-1.9,0.4156,0.1605,0.4236
1.7,-1.9,0.6375,0.4562,0.4378
1.75,-1.9,0.8232,0.8102,0.4522
1.8,-1.9,0.9895,0.9594,0.4796
1.85,-1.9,0.9995,0.9934,0.5129
1.9,-1.9,1.0,0.999,0.5531
1.95,-1.9,1.0,0.9998,0.5918
2.0,-1.9,1.0,1.0,0.6424
2.05,-1.9,1.0,1.0,0.6989
2.1,-1.9,1.0,1.0,0.75
2.15,-1.9,1.0,1.0,0.8069
2.2,-1.9,1.0,1.0,0.8572
2.25,-1.9,1.0,1.0,0.8961
2.3,-1.9,1.0,1.0,0.9245
2.35,-1.9,1.0,1.0,0.9458
2.4,-1.9,1.0,1.0,0.9629
2.45,-1.9,1.0,1.0,0.9748
2.5,-1.9,1.0,1.0,0.982
2.55,-1.9,1.0,1.0,0.9869
2.6,-1.9,1.0,1.0,0.9904
2.65,-1.9,1.0,1.0,0.9927
2.7,-1.9,1.0,1.0,0.9943
2.75,-1.9,1.0,1.0,0.9956
2.8,-1.9,1.0,1.0,0.9966
2.85,-1.9,1.0,1.0,0.9973
2.9,-1.9,1.0,1.0,0.9979
2.95,-1.9,1.0,1.0,0.9984
3.0,-1.9,1.0,1.0,0.9988
3.05,-1.9,1.0,1.0,0.999
3.1,-1.9,1.0,1.0,0.9993
3.15,-1.9,1.0,1.0,0.9994
3.2,-1.9,1.0,1.0,0.9995
3.25,-1.9,1.0,1.0,0.9996
3.3,-1.9,1.0,1.0,0.9997
3.35,-1.9,1.0,1.0,0.9998
3.4,-1.9,1.0,1.0,0.9998
3.45,-1.9,1.0,1.0,0.9999
3.5,-1.9,1.0,1.0,0.9999
3.55,-1.9,1.0,1.0,0.9999
3.6,-1.9,1.0,1.0,0.9999
3.65,-1.9,1.0,1.0,1.0
3.7,-1.9,1.0,1.0,1.0
3.75,-1.9,1.0,1.0,1.0
3.8,-1.9,1.0,1.0,1.0
3.85,-1.9,1.0,1.0,1.0
3.9,-1.9,1.0,1.0,1.0
3.95,-1.9,1.0,1.0,1.0
4.0,-1.9,1.0,1.0,1.0
-4.0,-1.85,0.0,0.0,0.0
-3.95,-1.85,0.0,0.0,0.0
-3.9,-1.85,0.0,0.0,0.0
-3.85,-1.85,0.0,0.0,0.0
-3.8,-1.85,0.0,0.0,0.0
-3.75,-1.85,0.0,0.0,0.0
-3.7,-1.85,0.0,0.0,0.0
-3.65,-1.85,0.0,0.0,0.0
-3.6,-1.85,0.0,0.0,0.0
-3.55,-1.85,0.0,0.0,0.0
-3.5,-1.85,0.0,0.0,0.0
-3.45,-1.85,0.0,0.0,0.0
-3.4,-1.85,0.0,0.0,0.0
-3.35,-1.85,0.0,0.0,0.0
-3.3,-1.85,0.0,0.0,0.0
-3.25,-1.85,0.0,0.0,0.0
-3.2,-1.85,0.0,0.0,0.0
-3.15,-1.85,0.0,0.0,0.0
-3.1,-1.85,0.0,0.0,0.0
-3.05,-1.85,0.0,0.0,0.0
-3.0,-1.85,0.0,0.0,0.0
-2.95,-1.85,0.0,0.0,0.0
-2.9,-1.85,0.0,0.0,0.0
-2.85,-1.85,0.0,0.0,0.0
-2.8,-1.85,0.0,0.0,0.0
-2.75,-1.85,0.0,0.0,0.0
-2.7,-1.85,0.0,0.0,0.0
-2.65,-1.85,0.0,0.0,0.0
-2.6,-1.85,0.0,0.0,0.0
-2.55,-1.85,0.0,0.0,0.0
-2.5,-1.85,0.0,0.0,0.0
-2.45,-1.85,0.0,0.0,0.0
-2.4,-1.85,0.0,0.0,0.0
-2.35,-1.85,0.0,0.0,0.0
-2.3,-1.85,0.0,0.0,0.0
-2.25,-1.85,0.0,0.0,0.0
-2.2,-1.85,0.0,0.0,0.0
-2.15,-1.85,0.0,0.0,0.0
-2.1,-1.85,0.0,0.0,0.0
-2.05,-1.85,0.0,0.0,0.0
-2.0,-1.85,0.0,0.0,0.0
-1.95,-1.85,0.0,0.0,0.0
-1.9,-1.85,0.0,0.0,0.0
-1.85,-1.85,0.0,0.0,0.0
-1.8,-1.85,0.0,0.0,0.0
-1.75,-1.85,0.0,0.0,0.0
-1.7,-1.85,0.0,0.0,0.0
-1.65,-1.85,0.0,0.0,0.0
-1.6,-1.85,0.0,0.0,0.0
-1.55,-1.85,0.0,0.0,0.0
-1.5,-1.85,0.0,0.0,0.0
-1.45,-1.85,0.0,0.0,0.0
-1.4,-1.85,0.0,0.0,0.0
-1.35,-1.85,0.0,0.0,0.0
-1.3,-1.85,0.0,0.0,0.0
-1.25,-1.85,0.0,0.0,0.0
-1.2,-1.85,0.0,0.0,0.0
-1.15,-1.85,0.0,0.0,0.0
-1.1,-1.85,0.0,0.0,0.0
-1.05,-1.85,0.0,0.0,0.0
-1.0,-1.85,0.0,0.0,0.0
-0.95,-1.85,0.0,0.0,0.0
-0.9,-1.85,0.0,0.0,0.0
-0.85,-1.85,0.0,0.0,0.0
-0.8,-1.85,0.0,0.0,0.0
-0.75,-1.85,0.0,0.0,0.0
-0.7,-1.85,0.0,0.0,0.0
-0.65,-1.85,0.0,0.0,0.0
-0.6,-1.85,0.0,0.0,0.0
-0.55,-1.85,0.0,0.0,0.0
-0.5,-1.85,0.0,0.0,0.0
-0.45,-1.85,0.0,0.0,0.0
-0.4,-1.85,0.0,0.0,0.0
-0.35,-1.85,0.0,0.0,0.0
-0.3,-1.85,0.0,0.0,0.0
-0.25,-1.85,0.0,0.0,0.0
-0.2,-1.85,0.0,0.0,0.0
-0.15,-1.85,0.0,0.0,0.0
-0.1,-1.85,0.0,0.0,0.0
-0.05,-1.85,0.0,0.0,1e-04
0.0,-1.85,0.0,0.0,0.0006
0.05,-1.85,1e-04,0.0,0.0021
0.1,-1.85,0.0003,0.0,0.007
0.15,-1.85,0.0008,0.0002,0.0241
0.2,-1.85,0.0019,0.0037,0.0746
0.25,-1.85,0.0038,0.0495,0.1775
0.3,-1.85,0.0064,0.1971,0.3337
0.35,-1.85,0.0192,0.416,0.4352
0.4,-1.85,0.1753,0.4385,0.497
0.45,-1.85,0.6864,0.4534,0.5039
0.5,-1.85,0.8361,0.4572,0.5043
0.55,-1.85,0.8735,0.4604,0.5046
0.6,-1.85,0.8657,0.4614,0.5046
0.65,-1.85,0.8521,0.4583,0.5047
0.7,-1.85,0.834,0.4533,0.5051
0.75,-1.85,0.8042,0.4447,0.507
0.8,-1.85,0.7698,0.4153,0.5088
0.85,-1.85,0.7315,0.3743,0.5107
0.9,-1.85,0.688,0.3324,0.513
0.95,-1.85,0.6869,0.295,0.5094
1.0,-1.85,0.6455,0.272,0.5046
1.05,-1.85,0.5173,0.2501,0.4997
1.1,-1.85,0.3841,0.2295,0.4948
1.15,-1.85,0.2663,0.21,0.4899
1.2,-1.85,0.1743,0.1702,0.485
1.25,-1.85,0.1167,0.1319,0.4802
1.3,-1.85,0.0878,0.1013,0.4753
1.35,-1.85,0.0929,0.0803,0.4705
1.4,-1.85,0.1168,0.0735,0.4656
1.45,-1.85,0.1457,0.0676,0.4596
1.5,-1.85,0.1802,0.0718,0.4502
1.55,-1.85,0.2208,0.0802,0.4408
1.6,-1.85,0.3173,0.1444,0.4318
1.65,-1.85,0.5272,0.4014,0.4437
1.7,-1.85,0.7367,0.7662,0.4581
1.75,-1.85,0.9334,0.9446,0.4802
1.8,-1.85,0.9968,0.9903,0.515
1.85,-1.85,0.9999,0.9985,0.5551
1.9,-1.85,1.0,0.9998,0.5935
1.95,-1.85,1.0,1.0,0.6445
2.0,-1.85,1.0,1.0,0.7007
2.05,-1.85,1.0,1.0,0.7528
2.1,-1.85,1.0,1.0,0.8124
2.15,-1.85,1.0,1.0,0.8615
2.2,-1.85,1.0,1.0,0.8989
2.25,-1.85,1.0,1.0,0.926
2.3,-1.85,1.0,1.0,0.9462
2.35,-1.85,1.0,1.0,0.9622
2.4,-1.85,1.0,1.0,0.9729
2.45,-1.85,1.0,1.0,0.9802
2.5,-1.85,1.0,1.0,0.9855
2.55,-1.85,1.0,1.0,0.989
2.6,-1.85,1.0,1.0,0.9914
2.65,-1.85,1.0,1.0,0.9933
2.7,-1.85,1.0,1.0,0.9948
2.75,-1.85,1.0,1.0,0.996
2.8,-1.85,1.0,1.0,0.9969
2.85,-1.85,1.0,1.0,0.9976
2.9,-1.85,1.0,1.0,0.9981
2.95,-1.85,1.0,1.0,0.9985
3.0,-1.85,1.0,1.0,0.9989
3.05,-1.85,1.0,1.0,0.9991
3.1,-1.85,1.0,1.0,0.9993
3.15,-1.85,1.0,1.0,0.9995
3.2,-1.85,1.0,1.0,0.9996
3.25,-1.85,1.0,1.0,0.9997
3.3,-1.85,1.0,1.0,0.9998
3.35,-1.85,1.0,1.0,0.9998
3.4,-1.85,1.0,1.0,0.9998
3.45,-1.85,1.0,1.0,0.9999
3.5,-1.85,1.0,1.0,0.9999
3.55,-1.85,1.0,1.0,0.9999
3.6,-1.85,1.0,1.0,0.9999
3.65,-1.85,1.0,1.0,1.0
3.7,-1.85,1.0,1.0,1.0
3.75,-1.85,1.0,1.0,1.0
3.8,-1.85,1.0,1.0,1.0
3.85,-1.85,1.0,1.0,1.0
3.9,-1.85,1.0,1.0,1.0
3.95,-1.85,1.0,1.0,1.0
4.0,-1.85,1.0,1.0,1.0
-4.0,-1.8,0.0,0.0,0.0
-3.95,-1.8,0.0,0.0,0.0
-3.9,-1.8,0.0,0.0,0.0
-3.85,-1.8,0.0,0.0,0.0
-3.8,-1.8,0.0,0.0,0.0
-3.75,-1.8,0.0,0.0,0.0
-3.7,-1.8,0.0,0.0,0.0
-3.65,-1.8,0.0,0.0,0.0
-3.6,-1.8,0.0,0.0,0.0
-3.55,-1.8,0.0,0.0,0.0
-3.5,-1.8,0.0,0.0,0.0
-3.45,-1.8,0.0,0.0,0.0
-3.4,-1.8,0.0,0.0,0.0
-3.35,-1.8,0.0,0.0,0.0
-3.3,-1.8,0.0,0.0,0.0
-3.25,-1.8,0.0,0.0,0.0
-3.2,-1.8,0.0,0.0,0.0
-3.15,-1.8,0.0,0.0,0.0
-3.1,-1.8,0.0,0.0,0.0
-3.05,-1.8,0.0,0.0,0.0
-3.0,-1.8,0.0,0.0,0.0
-2.95,-1.8,0.0,0.0,0.0
-2.9,-1.8,0.0,0.0,0.0
-2.85,-1.8,0.0,0.0,0.0
-2.8,-1.8,0.0,0.0,0.0
-2.75,-1.8,0.0,0.0,0.0
-2.7,-1.8,0.0,0.0,0.0
-2.65,-1.8,0.0,0.0,0.0
-2.6,-1.8,0.0,0.0,0.0
-2.55,-1.8,0.0,0.0,0.0
-2.5,-1.8,0.0,0.0,0.0
-2.45,-1.8,0.0,0.0,0.0
-2.4,-1.8,0.0,0.0,0.0
-2.35,-1.8,0.0,0.0,0.0
-2.3,-1.8,0.0,0.0,0.0
-2.25,-1.8,0.0,0.0,0.0
-2.2,-1.8,0.0,0.0,0.0
-2.15,-1.8,0.0,0.0,0.0
-2.1,-1.8,0.0,0.0,0.0
-2.05,-1.8,0.0,0.0,0.0
-2.0,-1.8,0.0,0.0,0.0
-1.95,-1.8,0.0,0.0,0.0
-1.9,-1.8,0.0,0.0,0.0
-1.85,-1.8,0.0,0.0,0.0
-1.8,-1.8,0.0,0.0,0.0
-1.75,-1.8,0.0,0.0,0.0
-1.7,-1.8,0.0,0.0,0.0
-1.65,-1.8,0.0,0.0,0.0
-1.6,-1.8,0.0,0.0,0.0
-1.55,-1.8,0.0,0.0,0.0
-1.5,-1.8,0.0,0.0,0.0
-1.45,-1.8,0.0,0.0,0.0
-1.4,-1.8,0.0,0.0,0.0
-1.35,-1.8,0.0,0.0,0.0
-1.3,-1.8,0.0,0.0,0.0
-1.25,-1.8,0.0,0.0,0.0
-1.2,-1.8,0.0,0.0,0.0
-1.15,-1.8,0.0,0.0,0.0
-1.1,-1.8,0.0,0.0,0.0
-1.05,-1.8,0.0,0.0,0.0
-1.0,-1.8,0.0,0.0,0.0
-0.95,-1.8,0.0,0.0,0.0
-0.9,-1.8,0.0,0.0,0.0
-0.85,-1.8,0.0,0.0,0.0
-0.8,-1.8,0.0,0.0,0.0
-0.75,-1.8,0.0,0.0,0.0
-0.7,-1.8,0.0,0.0,0.0
-0.65,-1.8,0.0,0.0,0.0
-0.6,-1.8,0.0,0.0,0.0
-0.55,-1.8,0.0,0.0,0.0
-0.5,-1.8,0.0,0.0,0.0
-0.45,-1.8,0.0,0.0,0.0
-0.4,-1.8,0.0,0.0,0.0
-0.35,-1.8,0.0,0.0,0.0
-0.3,-1.8,0.0,0.0,0.0
-0.25,-1.8,0.0,0.0,0.0
-0.2,-1.8,0.0,0.0,0.0
-0.15,-1.8,0.0,0.0,0.0
-0.1,-1.8,0.0,0.0,1e-04
-0.05,-1.8,0.0,0.0,0.0002
0.0,-1.8,0.0,0.0,0.0008
0.05,-1.8,1e-04,0.0,0.0027
0.1,-1.8,0.0003,0.0,0.0082
0.15,-1.8,0.001,1e-04,0.0241
0.2,-1.8,0.0024,0.0009,0.0727
0.25,-1.8,0.0046,0.012,0.16
0.3,-1.8,0.0074,0.155,0.3038
0.35,-1.8,0.0484,0.4181,0.4192
0.4,-1.8,0.3501,0.474,0.4798
0.45,-1.8,0.758,0.4779,0.5025
0.5,-1.8,0.8483,0.481,0.5028
0.55,-1.8,0.8833,0.4838,0.5029
0.6,-1.8,0.8896,0.4824,0.503
0.65,-1.8,0.878,0.4791,0.5033
0.7,-1.8,0.864,0.4713,0.5052
0.75,-1.8,0.8384,0.4631,0.507
0.8,-1.8,0.8087,0.4353,0.5089
0.85,-1.8,0.7741,0.3939,0.5109
0.9,-1.8,0.7081,0.3471,0.5136
0.95,-1.8,0.6311,0.3015,0.5166
1.0,-1.8,0.5844,0.2782,0.5154
1.05,-1.8,0.4672,0.256,0.5106
1.1,-1.8,0.3378,0.235,0.5057
1.15,-1.8,0.2289,0.2152,0.5008
1.2,-1.8,0.1473,0.1967,0.4959
1.25,-1.8,0.1014,0.1575,0.4911
1.3,-1.8,0.0892,0.1217,0.4862
1.35,-1.8,0.1122,0.1021,0.4814
1.4,-1.8,0.1402,0.0926,0.4765
1.45,-1.8,0.1737,0.0886,0.4691
1.5,-1.8,0.2132,0.0961,0.4596
1.55,-1.8,0.2581,0.1364,0.4502
1.6,-1.8,0.4141,0.3686,0.4496
1.65,-1.8,0.6395,0.7156,0.464
1.7,-1.8,0.8219,0.9282,0.4809
1.75,-1.8,0.9786,0.9858,0.5172
1.8,-1.8,0.999,0.9977,0.5568
1.85,-1.8,1.0,0.9996,0.5965
1.9,-1.8,1.0,1.0,0.648
1.95,-1.8,1.0,1.0,0.7024
2.0,-1.8,1.0,1.0,0.76
2.05,-1.8,1.0,1.0,0.8177
2.1,-1.8,1.0,1.0,0.8656
2.15,-1.8,1.0,1.0,0.9007
2.2,-1.8,1.0,1.0,0.9273
2.25,-1.8,1.0,1.0,0.9473
2.3,-1.8,1.0,1.0,0.9608
2.35,-1.8,1.0,1.0,0.9706
2.4,-1.8,1.0,1.0,0.9784
2.45,-1.8,1.0,1.0,0.9836
2.5,-1.8,1.0,1.0,0.9871
2.55,-1.8,1.0,1.0,0.9899
2.6,-1.8,1.0,1.0,0.9922
2.65,-1.8,1.0,1.0,0.9939
2.7,-1.8,1.0,1.0,0.9953
2.75,-1.8,1.0,1.0,0.9963
2.8,-1.8,1.0,1.0,0.9971
2.85,-1.8,1.0,1.0,0.9978
2.9,-1.8,1.0,1.0,0.9983
2.95,-1.8,1.0,1.0,0.9987
3.0,-1.8,1.0,1.0,0.999
3.05,-1.8,1.0,1.0,0.9992
3.1,-1.8,1.0,1.0,0.9994
3.15,-1.8,1.0,1.0,0.9995
3.2,-1.8,1.0,1.0,0.9996
3.25,-1.8,1.0,1.0,0.9997
3.3,-1.8,1.0,1.0,0.9998
3.35,-1.8,1.0,1.0,0.9998
3.4,-1.8,1.0,1.0,0.9999
3.45,-1.8,1.0,1.0,0.9999
3.5,-1.8,1.0,1.0,0.9999
3.55,-1.8,1.0,1.0,0.9999
3.6,-1.8,1.0,1.0,1.0
3.65,-1.8,1.0,1.0,1.0
3.7,-1.8,1.0,1.0,1.0
3.75,-1.8,1.0,1.0,1.0
3.8,-1.8,1.0,1.0,1.0
3.85,-1.8,1.0,1.0,1.0
3.9,-1.8,1.0,1.0,1.0
3.95,-1.8,1.0,1.0,1.0
4.0,-1.8,1.0,1.0,1.0
-4.0,-1.75,0.0,0.0,0.0
-3.95,-1.75,0.0,0.0,0.0
-3.9,-1.75,0.0,0.0,0.0
-3.85,-1.75,0.0,0.0,0.0
-3.8,-1.75,0.0,0.0,0.0
-3.75,-1.75,0.0,0.0,0.0
-3.7,-1.75,0.0,0.0,0.0
-3.65,-1.75,0.0,0.0,0.0
-3.6,-1.75,0.0,0.0,0.0
-3.55,-1.75,0.0,0.0,0.0
-3.5,-1.75,0.0,0.0,0.0
-3.45,-1.75,0.0,0.0,0.0
-3.4,-1.75,0.0,0.0,0.0
-3.35,-1.75,0.0,0.0,0.0
-3.3,-1.75,0.0,0.0,0.0
-3.25,-1.75,0.0,0.0,0.0
-3.2,-1.75,0.0,0.0,0.0
-3.15,-1.75,0.0,0.0,0.0
-3.1,-1.75,0.0,0.0,0.0
-3.05,-1.75,0.0,0.0,0.0
-3.0,-1.75,0.0,0.0,0.0
-2.95,-1.75,0.0,0.0,0.0
-2.9,-1.75,0.0,0.0,0.0
-2.85,-1.75,0.0,0.0,0.0
-2.8,-1.75,0.0,0.0,0.0
-2.75,-1.75,0.0,0.0,0.0
-2.7,-1.75,0.0,0.0,0.0
-2.65,-1.75,0.0,0.0,0.0
-2.6,-1.75,0.0,0.0,0.0
-2.55,-1.75,0.0,0.0,0.0
-2.5,-1.75,0.0,0.0,0.0
-2.45,-1.75,0.0,0.0,0.0
-2.4,-1.75,0.0,0.0,0.0
-2.35,-1.75,0.0,0.0,0.0
-2.3,-1.75,0.0,0.0,0.0
-2.25,-1.75,0.0,0.0,0.0
-2.2,-1.75,0.0,0.0,0.0
-2.15,-1.75,0.0,0.0,0.0
-2.1,-1.75,0.0,0.0,0.0
-2.05,-1.75,0.0,0.0,0.0
-2.0,-1.75,0.0,0.0,0.0
-1.95,-1.75,0.0,0.0,0.0
-1.9,-1.75,0.0,0.0,0.0
-1.85,-1.75,0.0,0.0,0.0
-1.8,-1.75,0.0,0.0,0.0
-1.75,-1.75,0.0,0.0,0.0
-1.7,-1.75,0.0,0.0,0.0
-1.65,-1.75,0.0,0.0,0.0
-1.6,-1.75,0.0,0.0,0.0
-1.55,-1.75,0.0,0.0,0.0
-1.5,-1.75,0.0,0.0,0.0
-1.45,-1.75,0.0,0.0,0.0
-1.4,-1.75,0.0,0.0,0.0
-1.35,-1.75,0.0,0.0,0.0
-1.3,-1.75,0.0,0.0,0.0
-1.25,-1.75,0.0,0.0,0.0
-1.2,-1.75,0.0,0.0,0.0
-1.15,-1.75,0.0,0.0,0.0
-1.1,-1.75,0.0,0.0,0.0
-1.05,-1.75,0.0,0.0,0.0
-1.0,-1.75,0.0,0.0,0.0
-0.95,-1.75,0.0,0.0,0.0
-0.9,-1.75,0.0,0.0,0.0
-0.85,-1.75,0.0,0.0,0.0
-0.8,-1.75,0.0,0.0,0.0
-0.75,-1.75,0.0,0.0,0.0
-0.7,-1.75,0.0,0.0,0.0
-0.65,-1.75,0.0,0.0,0.0
-0.6,-1.75,0.0,0.0,0.0
-0.55,-1.75,0.0,0.0,0.0
-0.5,-1.75,0.0,0.0,0.0
-0.45,-1.75,0.0,0.0,0.0
-0.4,-1.75,0.0,0.0,0.0
-0.35,-1.75,0.0,0.0,0.0
-0.3,-1.75,0.0,0.0,0.0
-0.25,-1.75,0.0,0.0,0.0
-0.2,-1.75,0.0,0.0,0.0
-0.15,-1.75,0.0,0.0,0.0
-0.1,-1.75,0.0,0.0,1e-04
-0.05,-1.75,0.0,0.0,0.0004
0.0,-1.75,0.0,0.0,0.0011
0.05,-1.75,1e-04,0.0,0.0034
0.1,-1.75,0.0004,0.0,0.0101
0.15,-1.75,0.0012,0.0,0.0265
0.2,-1.75,0.003,0.0002,0.0644
0.25,-1.75,0.0056,0.0028,0.1445
0.3,-1.75,0.0113,0.0409,0.2589
0.35,-1.75,0.1076,0.3507,0.3916
0.4,-1.75,0.5283,0.4985,0.4592
0.45,-1.75,0.8052,0.5017,0.4982
0.5,-1.75,0.8597,0.5048,0.5012
0.55,-1.75,0.8925,0.5039,0.5012
0.6,-1.75,0.9095,0.5019,0.5015
0.65,-1.75,0.8999,0.4964,0.5034
0.7,-1.75,0.8893,0.4894,0.5052
0.75,-1.75,0.8677,0.4747,0.5071
0.8,-1.75,0.8419,0.4437,0.5089
0.85,-1.75,0.7708,0.4085,0.5114
0.9,-1.75,0.6373,0.3563,0.5143
0.95,-1.75,0.569,0.308,0.5173
1.0,-1.75,0.5207,0.2844,0.5203
1.05,-1.75,0.4177,0.2619,0.5214
1.1,-1.75,0.2945,0.2406,0.5166
1.15,-1.75,0.1954,0.2205,0.5117
1.2,-1.75,0.1242,0.2016,0.5069
1.25,-1.75,0.0956,0.184,0.502
1.3,-1.75,0.1077,0.1457,0.4972
1.35,-1.75,0.1348,0.1275,0.4923
1.4,-1.75,0.1673,0.1144,0.4874
1.45,-1.75,0.2058,0.118,0.4785
1.5,-1.75,0.2495,0.1304,0.4691
1.55,-1.75,0.3261,0.337,0.4596
1.6,-1.75,0.5293,0.6718,0.4699
1.65,-1.75,0.7456,0.9077,0.4845
1.7,-1.75,0.8772,0.9811,0.5193
1.75,-1.75,0.9933,0.9967,0.5584
1.8,-1.75,0.9997,0.9995,0.6003
1.85,-1.75,1.0,1.0,0.6516
1.9,-1.75,1.0,1.0,0.7042
1.95,-1.75,1.0,1.0,0.767
2.0,-1.75,1.0,1.0,0.8229
2.05,-1.75,1.0,1.0,0.868
2.1,-1.75,1.0,1.0,0.9025
2.15,-1.75,1.0,1.0,0.9281
2.2,-1.75,1.0,1.0,0.947
2.25,-1.75,1.0,1.0,0.9592
2.3,-1.75,1.0,1.0,0.9685
2.35,-1.75,1.0,1.0,0.9759
2.4,-1.75,1.0,1.0,0.981
2.45,-1.75,1.0,1.0,0.9851
2.5,-1.75,1.0,1.0,0.9883
2.55,-1.75,1.0,1.0,0.9908
2.6,-1.75,1.0,1.0,0.9928
2.65,-1.75,1.0,1.0,0.9944
2.7,-1.75,1.0,1.0,0.9957
2.75,-1.75,1.0,1.0,0.9966
2.8,-1.75,1.0,1.0,0.9974
2.85,-1.75,1.0,1.0,0.998
2.9,-1.75,1.0,1.0,0.9984
2.95,-1.75,1.0,1.0,0.9988
3.0,-1.75,1.0,1.0,0.9991
3.05,-1.75,1.0,1.0,0.9993
3.1,-1.75,1.0,1.0,0.9994
3.15,-1.75,1.0,1.0,0.9996
3.2,-1.75,1.0,1.0,0.9997
3.25,-1.75,1.0,1.0,0.9997
3.3,-1.75,1.0,1.0,0.9998
3.35,-1.75,1.0,1.0,0.9998
3.4,-1.75,1.0,1.0,0.9999
3.45,-1.75,1.0,1.0,0.9999
3.5,-1.75,1.0,1.0,0.9999
3.55,-1.75,1.0,1.0,0.9999
3.6,-1.75,1.0,1.0,1.0
3.65,-1.75,1.0,1.0,1.0
3.7,-1.75,1.0,1.0,1.0
3.75,-1.75,1.0,1.0,1.0
3.8,-1.75,1.0,1.0,1.0
3.85,-1.75,1.0,1.0,1.0
3.9,-1.75,1.0,1.0,1.0
3.95,-1.75,1.0,1.0,1.0
4.0,-1.75,1.0,1.0,1.0
-4.0,-1.7,0.0,0.0,0.0
-3.95,-1.7,0.0,0.0,0.0
-3.9,-1.7,0.0,0.0,0.0
-3.85,-1.7,0.0,0.0,0.0
-3.8,-1.7,0.0,0.0,0.0
-3.75,-1.7,0.0,0.0,0.0
-3.7,-1.7,0.0,0.0,0.0
-3.65,-1.7,0.0,0.0,0.0
-3.6,-1.7,0.0,0.0,0.0
-3.55,-1.7,0.0,0.0,0.0
-3.5,-1.7,0.0,0.0,0.0
-3.45,-1.7,0.0,0.0,0.0
-3.4,-1.7,0.0,0.0,0.0
-3.35,-1.7,0.0,0.0,0.0
-3.3,-1.7,0.0,0.0,0.0
-3.25,-1.7,0.0,0.0,0.0
-3.2,-1.7,0.0,0.0,0.0
-3.15,-1.7,0.0,0.0,0.0
-3.1,-1.7,0.0,0.0,0.0
-3.05,-1.7,0.0,0.0,0.0
-3.0,-1.7,0.0,0.0,0.0
-2.95,-1.7,0.0,0.0,0.0
-2.9,-1.7,0.0,0.0,0.0
-2.85,-1.7,0.0,0.0,0.0
-2.8,-1.7,0.0,0.0,0.0
-2.75,-1.7,0.0,0.0,0.0
-2.7,-1.7,0.0,0.0,0.0
-2.65,-1.7,0.0,0.0,0.0
-2.6,-1.7,0.0,0.0,0.0
-2.55,-1.7,0.0,0.0,0.0
-2.5,-1.7,0.0,0.0,0.0
-2.45,-1.7,0.0,0.0,0.0
-2.4,-1.7,0.0,0.0,0.0
-2.35,-1.7,0.0,0.0,0.0
-2.3,-1.7,0.0,0.0,0.0
-2.25,-1.7,0.0,0.0,0.0
-2.2,-1.7,0.0,0.0,0.0
-2.15,-1.7,0.0,0.0,0.0
-2.1,-1.7,0.0,0.0,0.0
-2.05,-1.7,0.0,0.0,0.0
-2.0,-1.7,0.0,0.0,0.0
-1.95,-1.7,0.0,0.0,0.0
-1.9,-1.7,0.0,0.0,0.0
-1.85,-1.7,0.0,0.0,0.0
-1.8,-1.7,0.0,0.0,0.0
-1.75,-1.7,0.0,0.0,0.0
-1.7,-1.7,0.0,0.0,0.0
-1.65,-1.7,0.0,0.0,0.0
-1.6,-1.7,0.0,0.0,0.0
-1.55,-1.7,0.0,0.0,0.0
-1.5,-1.7,0.0,0.0,0.0
-1.45,-1.7,0.0,0.0,0.0
-1.4,-1.7,0.0,0.0,0.0
-1.35,-1.7,0.0,0.0,0.0
-1.3,-1.7,0.0,0.0,0.0
-1.25,-1.7,0.0,0.0,0.0
-1.2,-1.7,0.0,0.0,0.0
-1.15,-1.7,0.0,0.0,0.0
-1.1,-1.7,0.0,0.0,0.0
-1.05,-1.7,0.0,0.0,0.0
-1.0,-1.7,0.0,0.0,0.0
-0.95,-1.7,0.0,0.0,0.0
-0.9,-1.7,0.0,0.0,0.0
-0.85,-1.7,0.0,0.0,0.0
-0.8,-1.7,0.0,0.0,0.0
-0.75,-1.7,0.0,0.0,0.0
-0.7,-1.7,0.0,0.0,0.0
-0.65,-1.7,0.0,0.0,0.0
-0.6,-1.7,0.0,0.0,0.0
-0.55,-1.7,0.0,0.0,0.0
-0.5,-1.7,0.0,0.0,0.0
-0.45,-1.7,0.0,0.0,0.0
-0.4,-1.7,0.0,0.0,0.0
-0.35,-1.7,0.0,0.0,0.0
-0.3,-1.7,0.0,0.0,0.0
-0.25,-1.7,0.0,0.0,0.0
-0.2,-1.7,0.0,0.0,0.0
-0.15,-1.7,0.0,0.0,0.0
-0.1,-1.7,0.0,0.0,0.0002
-0.05,-1.7,0.0,0.0,0.0006
0.0,-1.7,0.0,0.0,0.0016
0.05,-1.7,1e-04,0.0,0.0044
0.1,-1.7,0.0004,0.0,0.012
0.15,-1.7,0.0014,0.0,0.0291
0.2,-1.7,0.0036,1e-04,0.0622
0.25,-1.7,0.0068,0.0005,0.1217
0.3,-1.7,0.0218,0.0092,0.2097
0.35,-1.7,0.1848,0.1,0.3365
0.4,-1.7,0.634,0.4699,0.4386
0.45,-1.7,0.8322,0.5255,0.4879
0.5,-1.7,0.8704,0.5254,0.4995
0.55,-1.7,0.9009,0.5233,0.4997
0.6,-1.7,0.9248,0.5191,0.5016
0.65,-1.7,0.9181,0.513,0.5034
0.7,-1.7,0.9093,0.5032,0.5053
0.75,-1.7,0.8921,0.4834,0.5071
0.8,-1.7,0.8239,0.4481,0.5092
0.85,-1.7,0.703,0.4076,0.5119
0.9,-1.7,0.5759,0.3657,0.515
0.95,-1.7,0.505,0.3148,0.518
1.0,-1.7,0.456,0.2907,0.5211
1.05,-1.7,0.3696,0.2679,0.5243
1.1,-1.7,0.2544,0.2463,0.5275
1.15,-1.7,0.1657,0.2258,0.5227
1.2,-1.7,0.1087,0.2066,0.5178
1.25,-1.7,0.1032,0.1886,0.513
1.3,-1.7,0.1293,0.1729,0.5081
1.35,-1.7,0.1609,0.156,0.5032
1.4,-1.7,0.1983,0.1467,0.4975
1.45,-1.7,0.241,0.1554,0.488
1.5,-1.7,0.3097,0.3097,0.4785
1.55,-1.7,0.4208,0.6406,0.4758
1.6,-1.7,0.6519,0.883,0.4904
1.65,-1.7,0.8164,0.9752,0.5211
1.7,-1.7,0.9565,0.9952,0.5601
1.75,-1.7,0.998,0.9993,0.604
1.8,-1.7,0.9999,1.0,0.6551
1.85,-1.7,1.0,1.0,0.7085
1.9,-1.7,1.0,1.0,0.774
1.95,-1.7,1.0,1.0,0.8271
2.0,-1.7,1.0,1.0,0.8704
2.05,-1.7,1.0,1.0,0.9043
2.1,-1.7,1.0,1.0,0.9286
2.15,-1.7,1.0,1.0,0.9451
2.2,-1.7,1.0,1.0,0.9574
2.25,-1.7,1.0,1.0,0.9662
2.3,-1.7,1.0,1.0,0.9724
2.35,-1.7,1.0,1.0,0.9782
2.4,-1.7,1.0,1.0,0.9828
2.45,-1.7,1.0,1.0,0.9865
2.5,-1.7,1.0,1.0,0.9894
2.55,-1.7,1.0,1.0,0.9917
2.6,-1.7,1.0,1.0,0.9935
2.65,-1.7,1.0,1.0,0.9949
2.7,-1.7,1.0,1.0,0.9961
2.75,-1.7,1.0,1.0,0.9969
2.8,-1.7,1.0,1.0,0.9976
2.85,-1.7,1.0,1.0,0.9982
2.9,-1.7,1.0,1.0,0.9986
2.95,-1.7,1.0,1.0,0.9989
3.0,-1.7,1.0,1.0,0.9991
3.05,-1.7,1.0,1.0,0.9993
3.1,-1.7,1.0,1.0,0.9995
3.15,-1.7,1.0,1.0,0.9996
3.2,-1.7,1.0,1.0,0.9997
3.25,-1.7,1.0,1.0,0.9997
3.3,-1.7,1.0,1.0,0.9998
3.35,-1.7,1.0,1.0,0.9998
3.4,-1.7,1.0,1.0,0.9999
3.45,-1.7,1.0,1.0,0.9999
3.5,-1.7,1.0,1.0,0.9999
3.55,-1.7,1.0,1.0,0.9999
3.6,-1.7,1.0,1.0,1.0
3.65,-1.7,1.0,1.0,1.0
3.7,-1.7,1.0,1.0,1.0
3.75,-1.7,1.0,1.0,1.0
3.8,-1.7,1.0,1.0,1.0
3.85,-1.7,1.0,1.0,1.0
3.9,-1.7,1.0,1.0,1.0
3.95,-1.7,1.0,1.0,1.0
4.0,-1.7,1.0,1.0,1.0
-4.0,-1.65,0.0,0.0,0.0
-3.95,-1.65,0.0,0.0,0.0
-3.9,-1.65,0.0,0.0,0.0
-3.85,-1.65,0.0,0.0,0.0
-3.8,-1.65,0.0,0.0,0.0
-3.75,-1.65,0.0,0.0,0.0
-3.7,-1.65,0.0,0.0,0.0
-3.65,-1.65,0.0,0.0,0.0
-3.6,-1.65,0.0,0.0,0.0
-3.55,-1.65,0.0,0.0,0.0
-3.5,-1.65,0.0,0.0,0.0
-3.45,-1.65,0.0,0.0,0.0
-3.4,-1.65,0.0,0.0,0.0
-3.35,-1.65,0.0,0.0,0.0
-3.3,-1.65,0.0,0.0,0.0
-3.25,-1.65,0.0,0.0,0.0
-3.2,-1.65,0.0,0.0,0.0
-3.15,-1.65,0.0,0.0,0.0
-3.1,-1.65,0.0,0.0,0.0
-3.05,-1.65,0.0,0.0,0.0
-3.0,-1.65,0.0,0.0,0.0
-2.95,-1.65,0.0,0.0,0.0
-2.9,-1.65,0.0,0.0,0.0
-2.85,-1.65,0.0,0.0,0.0
-2.8,-1.65,0.0,0.0,0.0
-2.75,-1.65,0.0,0.0,0.0
-2.7,-1.65,0.0,0.0,0.0
-2.65,-1.65,0.0,0.0,0.0
-2.6,-1.65,0.0,0.0,0.0
-2.55,-1.65,0.0,0.0,0.0
-2.5,-1.65,0.0,0.0,0.0
-2.45,-1.65,0.0,0.0,0.0
-2.4,-1.65,0.0,0.0,0.0
-2.35,-1.65,0.0,0.0,0.0
-2.3,-1.65,0.0,0.0,0.0
-2.25,-1.65,0.0,0.0,0.0
-2.2,-1.65,0.0,0.0,0.0
-2.15,-1.65,0.0,0.0,0.0
-2.1,-1.65,0.0,0.0,0.0
-2.05,-1.65,0.0,0.0,0.0
-2.0,-1.65,0.0,0.0,0.0
-1.95,-1.65,0.0,0.0,0.0
-1.9,-1.65,0.0,0.0,0.0
-1.85,-1.65,0.0,0.0,0.0
-1.8,-1.65,0.0,0.0,0.0
-1.75,-1.65,0.0,0.0,0.0
-1.7,-1.65,0.0,0.0,0.0
-1.65,-1.65,0.0,0.0,0.0
-1.6,-1.65,0.0,0.0,0.0
-1.55,-1.65,0.0,0.0,0.0
-1.5,-1.65,0.0,0.0,0.0
-1.45,-1.65,0.0,0.0,0.0
-1.4,-1.65,0.0,0.0,0.0
-1.35,-1.65,0.0,0.0,0.0
-1.3,-1.65,0.0,0.0,0.0
-1.25,-1.65,0.0,0.0,0.0
-1.2,-1.65,0.0,0.0,0.0
-1.15,-1.65,0.0,0.0,0.0
-1.1,-1.65,0.0,0.0,0.0
-1.05,-1.65,0.0,0.0,0.0
-1.0,-1.65,0.0,0.0,0.0
-0.95,-1.65,0.0,0.0,0.0
-0.9,-1.65,0.0,0.0,0.0
-0.85,-1.65,0.0,0.0,0.0
-0.8,-1.65,0.0,0.0,0.0
-0.75,-1.65,0.0,0.0,0.0
-0.7,-1.65,0.0,0.0,0.0
-0.65,-1.65,0.0,0.0,0.0
-0.6,-1.65,0.0,0.0,0.0
-0.55,-1.65,0.0,0.0,0.0
-0.5,-1.65,0.0,0.0,0.0
-0.45,-1.65,0.0,0.0,0.0
-0.4,-1.65,0.0,0.0,0.0
-0.35,-1.65,0.0,0.0,0.0
-0.3,-1.65,0.0,0.0,0.0
-0.25,-1.65,0.0,0.0,0.0
-0.2,-1.65,0.0,0.0,0.0
-0.15,-1.65,0.0,0.0,1e-04
-0.1,-1.65,0.0,0.0,0.0003
-0.05,-1.65,0.0,0.0,0.0008
0.0,-1.65,0.0,0.0,0.0023
0.05,-1.65,1e-04,0.0,0.0063
0.1,-1.65,0.0002,0.0,0.0143
0.15,-1.65,0.0008,0.0,0.0298
0.2,-1.65,0.0025,0.0,0.0611
0.25,-1.65,0.0054,0.0002,0.1004
0.3,-1.65,0.032,0.0014,0.1625
0.35,-1.65,0.2967,0.0162,0.2778
0.4,-1.65,0.6768,0.1679,0.4156
0.45,-1.65,0.8446,0.5207,0.4754
0.5,-1.65,0.8804,0.5447,0.4979
0.55,-1.65,0.9088,0.5417,0.4998
0.6,-1.65,0.9309,0.5356,0.5016
0.65,-1.65,0.9333,0.5286,0.5035
0.7,-1.65,0.926,0.5119,0.5053
0.75,-1.65,0.866,0.4874,0.5072
0.8,-1.65,0.7629,0.447,0.5098
0.85,-1.65,0.632,0.4066,0.5127
0.9,-1.65,0.5139,0.3674,0.5157
0.95,-1.65,0.4407,0.3233,0.5188
1.0,-1.65,0.3928,0.2971,0.5221
1.05,-1.65,0.324,0.274,0.5253
1.1,-1.65,0.2183,0.252,0.5286
1.15,-1.65,0.1401,0.2313,0.5318
1.2,-1.65,0.104,0.2117,0.5287
1.25,-1.65,0.1241,0.1941,0.5239
1.3,-1.65,0.1545,0.1854,0.519
1.35,-1.65,0.1909,0.1896,0.5142
1.4,-1.65,0.2323,0.1912,0.507
1.45,-1.65,0.2934,0.2947,0.4975
1.5,-1.65,0.4066,0.611,0.488
1.55,-1.65,0.5448,0.8621,0.4965
1.6,-1.65,0.7393,0.9676,0.5227
1.65,-1.65,0.8706,0.9937,0.5617
1.7,-1.65,0.9864,0.9993,0.6077
1.75,-1.65,0.9994,1.0,0.6586
1.8,-1.65,0.9999,1.0,0.7165
1.85,-1.65,1.0,1.0,0.7802
1.9,-1.65,1.0,1.0,0.8305
1.95,-1.65,1.0,1.0,0.8727
2.0,-1.65,1.0,1.0,0.904
2.05,-1.65,1.0,1.0,0.9266
2.1,-1.65,1.0,1.0,0.9428
2.15,-1.65,1.0,1.0,0.9546
2.2,-1.65,1.0,1.0,0.9628
2.25,-1.65,1.0,1.0,0.9692
2.3,-1.65,1.0,1.0,0.9749
2.35,-1.65,1.0,1.0,0.9802
2.4,-1.65,1.0,1.0,0.9844
2.45,-1.65,1.0,1.0,0.9877
2.5,-1.65,1.0,1.0,0.9904
2.55,-1.65,1.0,1.0,0.9925
2.6,-1.65,1.0,1.0,0.9941
2.65,-1.65,1.0,1.0,0.9954
2.7,-1.65,1.0,1.0,0.9964
2.75,-1.65,1.0,1.0,0.9972
2.8,-1.65,1.0,1.0,0.9979
2.85,-1.65,1.0,1.0,0.9983
2.9,-1.65,1.0,1.0,0.9987
2.95,-1.65,1.0,1.0,0.999
3.0,-1.65,1.0,1.0,0.9992
3.05,-1.65,1.0,1.0,0.9994
3.1,-1.65,1.0,1.0,0.9995
3.15,-1.65,1.0,1.0,0.9996
3.2,-1.65,1.0,1.0,0.9997
3.25,-1.65,1.0,1.0,0.9998
3.3,-1.65,1.0,1.0,0.9998
3.35,-1.65,1.0,1.0,0.9999
3.4,-1.65,1.0,1.0,0.9999
3.45,-1.65,1.0,1.0,0.9999
3.5,-1.65,1.0,1.0,0.9999
3.55,-1.65,1.0,1.0,0.9999
3.6,-1.65,1.0,1.0,0.9999
3.65,-1.65,1.0,1.0,1.0
3.7,-1.65,1.0,1.0,1.0
3.75,-1.65,1.0,1.0,1.0
3.8,-1.65,1.0,1.0,1.0
3.85,-1.65,1.0,1.0,1.0
3.9,-1.65,1.0,1.0,1.0
3.95,-1.65,1.0,1.0,1.0
4.0,-1.65,1.0,1.0,1.0
-4.0,-1.6,0.0,0.0,0.0
-3.95,-1.6,0.0,0.0,0.0
-3.9,-1.6,0.0,0.0,0.0
-3.85,-1.6,0.0,0.0,0.0
-3.8,-1.6,0.0,0.0,0.0
-3.75,-1.6,0.0,0.0,0.0
-3.7,-1.6,0.0,0.0,0.0
-3.65,-1.6,0.0,0.0,0.0
-3.6,-1.6,0.0,0.0,0.0
-3.55,-1.6,0.0,0.0,0.0
-3.5,-1.6,0.0,0.0,0.0
-3.45,-1.6,0.0,0.0,0.0
-3.4,-1.6,0.0,0.0,0.0
-3.35,-1.6,0.0,0.0,0.0
-3.3,-1.6,0.0,0.0,0.0
-3.25,-1.6,0.0,0.0,0.0
-3.2,-1.6,0.0,0.0,0.0
-3.15,-1.6,0.0,0.0,0.0
-3.1,-1.6,0.0,0.0,0.0
-3.05,-1.6,0.0,0.0,0.0
-3.0,-1.6,0.0,0.0,0.0
-2.95,-1.6,0.0,0.0,0.0
-2.9,-1.6,0.0,0.0,0.0
-2.85,-1.6,0.0,0.0,0.0
-2.8,-1.6,0.0,0.0,0.0
-2.75,-1.6,0.0,0.0,0.0
-2.7,-1.6,0.0,0.0,0.0
-2.65,-1.6,0.0,0.0,0.0
-2.6,-1.6,0.0,0.0,0.0
-2.55,-1.6,0.0,0.0,0.0
-2.5,-1.6,0.0,0.0,0.0
-2.45,-1.6,0.0,0.0,0.0
-2.4,-1.6,0.0,0.0,0.0
-2.35,-1.6,0.0,0.0,0.0
-2.3,-1.6,0.0,0.0,0.0
-2.25,-1.6,0.0,0.0,0.0
-2.2,-1.6,0.0,0.0,0.0
-2.15,-1.6,0.0,0.0,0.0
-2.1,-1.6,0.0,0.0,0.0
-2.05,-1.6,0.0,0.0,0.0
-2.0,-1.6,0.0,0.0,0.0
-1.95,-1.6,0.0,0.0,0.0
-1.9,-1.6,0.0,0.0,0.0
-1.85,-1.6,0.0,0.0,0.0
-1.8,-1.6,0.0,0.0,0.0
-1.75,-1.6,0.0,0.0,0.0
-1.7,-1.6,0.0,0.0,0.0
-1.65,-1.6,0.0,0.0,0.0
-1.6,-1.6,0.0,0.0,0.0
-1.55,-1.6,0.0,0.0,0.0
-1.5,-1.6,0.0,0.0,0.0
-1.45,-1.6,0.0,0.0,0.0
-1.4,-1.6,0.0,0.0,0.0
-1.35,-1.6,0.0,0.0,0.0
-1.3,-1.6,0.0,0.0,0.0
-1.25,-1.6,0.0,0.0,0.0
-1.2,-1.6,0.0,0.0,0.0
-1.15,-1.6,0.0,0.0,0.0
-1.1,-1.6,0.0,0.0,0.0
-1.05,-1.6,0.0,0.0,0.0
-1.0,-1.6,0.0,0.0,0.0
-0.95,-1.6,0.0,0.0,0.0
-0.9,-1.6,0.0,0.0,0.0
-0.85,-1.6,0.0,0.0,0.0
-0.8,-1.6,0.0,0.0,0.0
-0.75,-1.6,0.0,0.0,0.0
-0.7,-1.6,0.0,0.0,0.0
-0.65,-1.6,0.0,0.0,0.0
-0.6,-1.6,0.0,0.0,0.0
-0.55,-1.6,0.0,0.0,0.0
-0.5,-1.6,0.0,0.0,0.0
-0.45,-1.6,0.0,0.0,0.0
-0.4,-1.6,0.0,0.0,0.0
-0.35,-1.6,0.0,0.0,0.0
-0.3,-1.6,0.0,0.0,0.0
-0.25,-1.6,0.0,0.0,0.0
-0.2,-1.6,0.0,0.0,0.0
-0.15,-1.6,0.0,0.0,1e-04
-0.1,-1.6,0.0,0.0,0.0004
-0.05,-1.6,0.0,0.0,0.0012
0.0,-1.6,0.0,0.0,0.0033
0.05,-1.6,1e-04,0.0,0.008
0.1,-1.6,1e-04,0.0,0.0169
0.15,-1.6,0.0004,0.0,0.0327
0.2,-1.6,0.0012,0.0,0.0529
0.25,-1.6,0.0021,1e-04,0.086
0.3,-1.6,0.0254,0.0003,0.1347
0.35,-1.6,0.2714,0.0022,0.2234
0.4,-1.6,0.713,0.0276,0.357
0.45,-1.6,0.8528,0.2668,0.4575
0.5,-1.6,0.8897,0.5417,0.4883
0.55,-1.6,0.9161,0.5581,0.4998
0.6,-1.6,0.9366,0.552,0.5017
0.65,-1.6,0.9459,0.5372,0.5035
0.7,-1.6,0.8996,0.5172,0.5054
0.75,-1.6,0.8135,0.4844,0.5076
0.8,-1.6,0.6987,0.4453,0.5104
0.85,-1.6,0.5564,0.4055,0.5134
0.9,-1.6,0.4514,0.3664,0.5166
0.95,-1.6,0.3784,0.329,0.5198
1.0,-1.6,0.3331,0.3033,0.5231
1.05,-1.6,0.282,0.2802,0.5263
1.1,-1.6,0.1864,0.2579,0.5295
1.15,-1.6,0.1209,0.2368,0.5328
1.2,-1.6,0.119,0.2177,0.536
1.25,-1.6,0.1484,0.2001,0.5348
1.3,-1.6,0.1836,0.1982,0.5299
1.35,-1.6,0.2238,0.2192,0.5251
1.4,-1.6,0.2774,0.2967,0.5165
1.45,-1.6,0.3964,0.5899,0.507
1.5,-1.6,0.5192,0.8461,0.5059
1.55,-1.6,0.6437,0.9577,0.5276
1.6,-1.6,0.8162,0.9919,0.5634
1.65,-1.6,0.9192,0.9994,0.6114
1.7,-1.6,0.9959,1.0,0.662
1.75,-1.6,0.9996,1.0,0.7244
1.8,-1.6,0.9999,1.0,0.7843
1.85,-1.6,1.0,1.0,0.8338
1.9,-1.6,1.0,1.0,0.8725
1.95,-1.6,1.0,1.0,0.9026
2.0,-1.6,1.0,1.0,0.9236
2.05,-1.6,1.0,1.0,0.9393
2.1,-1.6,1.0,1.0,0.9505
2.15,-1.6,1.0,1.0,0.9589
2.2,-1.6,1.0,1.0,0.9659
2.25,-1.6,1.0,1.0,0.9718
2.3,-1.6,1.0,1.0,0.9772
2.35,-1.6,1.0,1.0,0.982
2.4,-1.6,1.0,1.0,0.9859
2.45,-1.6,1.0,1.0,0.9889
2.5,-1.6,1.0,1.0,0.9913
2.55,-1.6,1.0,1.0,0.9932
2.6,-1.6,1.0,1.0,0.9947
2.65,-1.6,1.0,1.0,0.9959
2.7,-1.6,1.0,1.0,0.9968
2.75,-1.6,1.0,1.0,0.9974
2.8,-1.6,1.0,1.0,0.998
2.85,-1.6,1.0,1.0,0.9984
2.9,-1.6,1.0,1.0,0.9988
2.95,-1.6,1.0,1.0,0.999
3.0,-1.6,1.0,1.0,0.9992
3.05,-1.6,1.0,1.0,0.9994
3.1,-1.6,1.0,1.0,0.9995
3.15,-1.6,1.0,1.0,0.9996
3.2,-1.6,1.0,1.0,0.9997
3.25,-1.6,1.0,1.0,0.9998
3.3,-1.6,1.0,1.0,0.9998
3.35,-1.6,1.0,1.0,0.9999
3.4,-1.6,1.0,1.0,0.9999
3.45,-1.6,1.0,1.0,0.9999
3.5,-1.6,1.0,1.0,0.9999
3.55,-1.6,1.0,1.0,0.9999
3.6,-1.6,1.0,1.0,0.9999
3.65,-1.6,1.0,1.0,1.0
3.7,-1.6,1.0,1.0,1.0
3.75,-1.6,1.0,1.0,1.0
3.8,-1.6,1.0,1.0,1.0
3.85,-1.6,1.0,1.0,1.0
3.9,-1.6,1.0,1.0,1.0
3.95,-1.6,1.0,1.0,1.0
4.0,-1.6,1.0,1.0,1.0
-4.0,-1.55,0.0,0.0,0.0
-3.95,-1.55,0.0,0.0,0.0
-3.9,-1.55,0.0,0.0,0.0
-3.85,-1.55,0.0,0.0,0.0
-3.8,-1.55,0.0,0.0,0.0
-3.75,-1.55,0.0,0.0,0.0
-3.7,-1.55,0.0,0.0,0.0
-3.65,-1.55,0.0,0.0,0.0
-3.6,-1.55,0.0,0.0,0.0
-3.55,-1.55,0.0,0.0,0.0
-3.5,-1.55,0.0,0.0,0.0
-3.45,-1.55,0.0,0.0,0.0
-3.4,-1.55,0.0,0.0,0.0
-3.35,-1.55,0.0,0.0,0.0
-3.3,-1.55,0.0,0.0,0.0
-3.25,-1.55,0.0,0.0,0.0
-3.2,-1.55,0.0,0.0,0.0
-3.15,-1.55,0.0,0.0,0.0
-3.1,-1.55,0.0,0.0,0.0
-3.05,-1.55,0.0,0.0,0.0
-3.0,-1.55,0.0,0.0,0.0
-2.95,-1.55,0.0,0.0,0.0
-2.9,-1.55,0.0,0.0,0.0
-2.85,-1.55,0.0,0.0,0.0
-2.8,-1.55,0.0,0.0,0.0
-2.75,-1.55,0.0,0.0,0.0
-2.7,-1.55,0.0,0.0,0.0
-2.65,-1.55,0.0,0.0,0.0
-2.6,-1.55,0.0,0.0,0.0
-2.55,-1.55,0.0,0.0,0.0
-2.5,-1.55,0.0,0.0,0.0
-2.45,-1.55,0.0,0.0,0.0
-2.4,-1.55,0.0,0.0,0.0
-2.35,-1.55,0.0,0.0,0.0
-2.3,-1.55,0.0,0.0,0.0
-2.25,-1.55,0.0,0.0,0.0
-2.2,-1.55,0.0,0.0,0.0
-2.15,-1.55,0.0,0.0,0.0
-2.1,-1.55,0.0,0.0,0.0
-2.05,-1.55,0.0,0.0,0.0
-2.0,-1.55,0.0,0.0,0.0
-1.95,-1.55,0.0,0.0,0.0
-1.9,-1.55,0.0,0.0,0.0
-1.85,-1.55,0.0,0.0,0.0
-1.8,-1.55,0.0,0.0,0.0
-1.75,-1.55,0.0,0.0,0.0
-1.7,-1.55,0.0,0.0,0.0
-1.65,-1.55,0.0,0.0,0.0
-1.6,-1.55,0.0,0.0,0.0
-1.55,-1.55,0.0,0.0,0.0
-1.5,-1.55,0.0,0.0,0.0
-1.45,-1.55,0.0,0.0,0.0
-1.4,-1.55,0.0,0.0,0.0
-1.35,-1.55,0.0,0.0,0.0
-1.3,-1.55,0.0,0.0,0.0
-1.25,-1.55,0.0,0.0,0.0
-1.2,-1.55,0.0,0.0,0.0
-1.15,-1.55,0.0,0.0,0.0
-1.1,-1.55,0.0,0.0,0.0
-1.05,-1.55,0.0,0.0,0.0
-1.0,-1.55,0.0,0.0,0.0
-0.95,-1.55,0.0,0.0,0.0
-0.9,-1.55,0.0,0.0,0.0
-0.85,-1.55,0.0,0.0,0.0
-0.8,-1.55,0.0,0.0,0.0
-0.75,-1.55,0.0,0.0,0.0
-0.7,-1.55,0.0,0.0,0.0
-0.65,-1.55,0.0,0.0,0.0
-0.6,-1.55,0.0,0.0,0.0
-0.55,-1.55,0.0,0.0,0.0
-0.5,-1.55,0.0,0.0,0.0
-0.45,-1.55,0.0,0.0,0.0
-0.4,-1.55,0.0,0.0,0.0
-0.35,-1.55,0.0,0.0,0.0
-0.3,-1.55,0.0,0.0,0.0
-0.25,-1.55,0.0,0.0,0.0
-0.2,-1.55,0.0,0.0,1e-04
-0.15,-1.55,0.0,0.0,0.0003
-0.1,-1.55,0.0,0.0,0.0007
-0.05,-1.55,0.0,0.0,0.0017
0.0,-1.55,0.0,0.0,0.0043
0.05,-1.55,0.0,0.0,0.0099
0.1,-1.55,0.0,0.0,0.0193
0.15,-1.55,1e-04,0.0,0.0323
0.2,-1.55,0.0002,0.0,0.0484
0.25,-1.55,0.0007,0.0,0.072
0.3,-1.55,0.0155,1e-04,0.116
0.35,-1.55,0.1702,0.0004,0.1806
0.4,-1.55,0.5937,0.0038,0.2962
0.45,-1.55,0.8441,0.0494,0.4244
0.5,-1.55,0.8984,0.4137,0.4782
0.55,-1.55,0.9229,0.5601,0.4988
0.6,-1.55,0.9409,0.5624,0.5017
0.65,-1.55,0.9225,0.543,0.5036
0.7,-1.55,0.8559,0.5174,0.5054
0.75,-1.55,0.7579,0.4815,0.5081
0.8,-1.55,0.6287,0.4424,0.5111
0.85,-1.55,0.4797,0.404,0.5143
0.9,-1.55,0.3898,0.3654,0.5176
0.95,-1.55,0.3203,0.328,0.5208
1.0,-1.55,0.279,0.3091,0.524
1.05,-1.55,0.2437,0.286,0.5273
1.1,-1.55,0.1582,0.2639,0.5305
1.15,-1.55,0.1193,0.2434,0.5337
1.2,-1.55,0.1425,0.2242,0.537
1.25,-1.55,0.1765,0.2062,0.5402
1.3,-1.55,0.2155,0.2117,0.5408
1.35,-1.55,0.2659,0.2536,0.5354
1.4,-1.55,0.3863,0.5664,0.5259
1.45,-1.55,0.5019,0.8327,0.52
1.5,-1.55,0.6098,0.9496,0.5354
1.55,-1.55,0.7478,0.9921,0.565
1.6,-1.55,0.8837,0.9994,0.615
1.65,-1.55,0.9729,0.9999,0.6695
1.7,-1.55,0.9977,1.0,0.7312
1.75,-1.55,0.9997,1.0,0.7883
1.8,-1.55,1.0,1.0,0.8359
1.85,-1.55,1.0,1.0,0.8713
1.9,-1.55,1.0,1.0,0.8986
1.95,-1.55,1.0,1.0,0.9192
2.0,-1.55,1.0,1.0,0.9342
2.05,-1.55,1.0,1.0,0.9453
2.1,-1.55,1.0,1.0,0.9546
2.15,-1.55,1.0,1.0,0.9623
2.2,-1.55,1.0,1.0,0.9688
2.25,-1.55,1.0,1.0,0.9743
2.3,-1.55,1.0,1.0,0.9793
2.35,-1.55,1.0,1.0,0.9838
2.4,-1.55,1.0,1.0,0.9873
2.45,-1.55,1.0,1.0,0.9901
2.5,-1.55,1.0,1.0,0.9923
2.55,-1.55,1.0,1.0,0.9939
2.6,-1.55,1.0,1.0,0.9952
2.65,-1.55,1.0,1.0,0.9961
2.7,-1.55,1.0,1.0,0.9969
2.75,-1.55,1.0,1.0,0.9976
2.8,-1.55,1.0,1.0,0.9981
2.85,-1.55,1.0,1.0,0.9985
2.9,-1.55,1.0,1.0,0.9988
2.95,-1.55,1.0,1.0,0.9991
3.0,-1.55,1.0,1.0,0.9993
3.05,-1.55,1.0,1.0,0.9994
3.1,-1.55,1.0,1.0,0.9996
3.15,-1.55,1.0,1.0,0.9997
3.2,-1.55,1.0,1.0,0.9997
3.25,-1.55,1.0,1.0,0.9998
3.3,-1.55,1.0,1.0,0.9998
3.35,-1.55,1.0,1.0,0.9998
3.4,-1.55,1.0,1.0,0.9999
3.45,-1.55,1.0,1.0,0.9999
3.5,-1.55,1.0,1.0,0.9999
3.55,-1.55,1.0,1.0,0.9999
3.6,-1.55,1.0,1.0,0.9999
3.65,-1.55,1.0,1.0,1.0
3.7,-1.55,1.0,1.0,1.0
3.75,-1.55,1.0,1.0,1.0
3.8,-1.55,1.0,1.0,1.0
3.85,-1.55,1.0,1.0,1.0
3.9,-1.55,1.0,1.0,1.0
3.95,-1.55,1.0,1.0,1.0
4.0,-1.55,1.0,1.0,1.0
-4.0,-1.5,0.0,0.0,0.0
-3.95,-1.5,0.0,0.0,0.0
-3.9,-1.5,0.0,0.0,0.0
-3.85,-1.5,0.0,0.0,0.0
-3.8,-1.5,0.0,0.0,0.0
-3.75,-1.5,0.0,0.0,0.0
-3.7,-1.5,0.0,0.0,0.0
-3.65,-1.5,0.0,0.0,0.0
-3.6,-1.5,0.0,0.0,0.0
-3.55,-1.5,0.0,0.0,0.0
-3.5,-1.5,0.0,0.0,0.0
-3.45,-1.5,0.0,0.0,0.0
-3.4,-1.5,0.0,0.0,0.0
-3.35,-1.5,0.0,0.0,0.0
-3.3,-1.5,0.0,0.0,0.0
-3.25,-1.5,0.0,0.0,0.0
-3.2,-1.5,0.0,0.0,0.0
-3.15,-1.5,0.0,0.0,0.0
-3.1,-1.5,0.0,0.0,0.0
-3.05,-1.5,0.0,0.0,0.0
-3.0,-1.5,0.0,0.0,0.0
-2.95,-1.5,0.0,0.0,0.0
-2.9,-1.5,0.0,0.0,0.0
-2.85,-1.5,0.0,0.0,0.0
-2.8,-1.5,0.0,0.0,0.0
-2.75,-1.5,0.0,0.0,0.0
-2.7,-1.5,0.0,0.0,0.0
-2.65,-1.5,0.0,0.0,0.0
-2.6,-1.5,0.0,0.0,0.0
-2.55,-1.5,0.0,0.0,0.0
-2.5,-1.5,0.0,0.0,0.0
-2.45,-1.5,0.0,0.0,0.0
-2.4,-1.5,0.0,0.0,0.0
-2.35,-1.5,0.0,0.0,0.0
-2.3,-1.5,0.0,0.0,0.0
-2.25,-1.5,0.0,0.0,0.0
-2.2,-1.5,0.0,0.0,0.0
-2.15,-1.5,0.0,0.0,0.0
-2.1,-1.5,0.0,0.0,0.0
-2.05,-1.5,0.0,0.0,0.0
-2.0,-1.5,0.0,0.0,0.0
-1.95,-1.5,0.0,0.0,0.0
-1.9,-1.5,0.0,0.0,0.0
-1.85,-1.5,0.0,0.0,0.0
-1.8,-1.5,0.0,0.0,0.0
-1.75,-1.5,0.0,0.0,0.0
-1.7,-1.5,0.0,0.0,0.0
-1.65,-1.5,0.0,0.0,0.0
-1.6,-1.5,0.0,0.0,0.0
-1.55,-1.5,0.0,0.0,0.0
-1.5,-1.5,0.0,0.0,0.0
-1.45,-1.5,0.0,0.0,0.0
-1.4,-1.5,0.0,0.0,0.0
-1.35,-1.5,0.0,0.0,0.0
-1.3,-1.5,0.0,0.0,0.0
-1.25,-1.5,0.0,0.0,0.0
-1.2,-1.5,0.0,0.0,0.0
-1.15,-1.5,0.0,0.0,0.0
-1.1,-1.5,0.0,0.0,0.0
-1.05,-1.5,0.0,0.0,0.0
-1.0,-1.5,0.0,0.0,0.0
-0.95,-1.5,0.0,0.0,0.0
-0.9,-1.5,0.0,0.0,0.0
-0.85,-1.5,0.0,0.0,0.0
-0.8,-1.5,0.0,0.0,0.0
-0.75,-1.5,0.0,0.0,0.0
-0.7,-1.5,0.0,0.0,0.0
-0.65,-1.5,0.0,0.0,0.0
-0.6,-1.5,0.0,0.0,0.0
-0.55,-1.5,0.0,0.0,0.0
-0.5,-1.5,0.0,0.0,0.0
-0.45,-1.5,0.0,0.0,0.0
-0.4,-1.5,0.0,0.0,0.0
-0.35,-1.5,0.0,0.0,0.0
-0.3,-1.5,0.0,0.0,0.0
-0.25,-1.5,0.0,0.0,1e-04
-0.2,-1.5,0.0,0.0,0.0002
-0.15,-1.5,0.0,0.0,0.0005
-0.1,-1.5,0.0,0.0,0.0012
-0.05,-1.5,0.0,0.0,0.0028
0.0,-1.5,0.0,0.0,0.0057
0.05,-1.5,0.0,0.0,0.0113
0.1,-1.5,0.0,0.0,0.0201
0.15,-1.5,0.0,0.0,0.0304
0.2,-1.5,0.0,0.0,0.0455
0.25,-1.5,1e-04,0.0,0.0674
0.3,-1.5,0.0032,0.0,0.0998
0.35,-1.5,0.0376,1e-04,0.156
0.4,-1.5,0.3038,0.0008,0.2288
0.45,-1.5,0.713,0.0071,0.3353
0.5,-1.5,0.8829,0.0944,0.4567
0.55,-1.5,0.9233,0.5454,0.4889
0.6,-1.5,0.9003,0.5659,0.5018
0.65,-1.5,0.8719,0.5435,0.5036
0.7,-1.5,0.8096,0.5175,0.5059
0.75,-1.5,0.6957,0.4785,0.5088
0.8,-1.5,0.5529,0.4395,0.5121
0.85,-1.5,0.4174,0.4012,0.5153
0.9,-1.5,0.3324,0.364,0.5185
0.95,-1.5,0.2676,0.327,0.5218
1.0,-1.5,0.2308,0.3083,0.525
1.05,-1.5,0.2011,0.2873,0.5283
1.1,-1.5,0.1399,0.2642,0.5315
1.15,-1.5,0.1368,0.2425,0.5347
1.2,-1.5,0.1696,0.2218,0.5379
1.25,-1.5,0.2074,0.2024,0.5411
1.3,-1.5,0.2617,0.2195,0.5443
1.35,-1.5,0.3762,0.451,0.5449
1.4,-1.5,0.4846,0.7824,0.5405
1.45,-1.5,0.605,0.941,0.5467
1.5,-1.5,0.72,0.9922,0.5667
1.55,-1.5,0.8355,0.9993,0.6187
1.6,-1.5,0.9288,0.9999,0.6784
1.65,-1.5,0.9871,1.0,0.7376
1.7,-1.5,0.9984,1.0,0.7923
1.75,-1.5,0.9997,1.0,0.8341
1.8,-1.5,1.0,1.0,0.8672
1.85,-1.5,1.0,1.0,0.8932
1.9,-1.5,1.0,1.0,0.9132
1.95,-1.5,1.0,1.0,0.9275
2.0,-1.5,1.0,1.0,0.9396
2.05,-1.5,1.0,1.0,0.9498
2.1,-1.5,1.0,1.0,0.9584
2.15,-1.5,1.0,1.0,0.9655
2.2,-1.5,1.0,1.0,0.9716
2.25,-1.5,1.0,1.0,0.9767
2.3,-1.5,1.0,1.0,0.9815
2.35,-1.5,1.0,1.0,0.9854
2.4,-1.5,1.0,1.0,0.9884
2.45,-1.5,1.0,1.0,0.9908
2.5,-1.5,1.0,1.0,0.9927
2.55,-1.5,1.0,1.0,0.9942
2.6,-1.5,1.0,1.0,0.9954
2.65,-1.5,1.0,1.0,0.9964
2.7,-1.5,1.0,1.0,0.9971
2.75,-1.5,1.0,1.0,0.9977
2.8,-1.5,1.0,1.0,0.9982
2.85,-1.5,1.0,1.0,0.9986
2.9,-1.5,1.0,1.0,0.9989
2.95,-1.5,1.0,1.0,0.9991
3.0,-1.5,1.0,1.0,0.9993
3.05,-1.5,1.0,1.0,0.9995
3.1,-1.5,1.0,1.0,0.9996
3.15,-1.5,1.0,1.0,0.9996
3.2,-1.5,1.0,1.0,0.9997
3.25,-1.5,1.0,1.0,0.9998
3.3,-1.5,1.0,1.0,0.9998
3.35,-1.5,1.0,1.0,0.9998
3.4,-1.5,1.0,1.0,0.9999
3.45,-1.5,1.0,1.0,0.9999
3.5,-1.5,1.0,1.0,0.9999
3.55,-1.5,1.0,1.0,0.9999
3.6,-1.5,1.0,1.0,0.9999
3.65,-1.5,1.0,1.0,0.9999
3.7,-1.5,1.0,1.0,1.0
3.75,-1.5,1.0,1.0,1.0
3.8,-1.5,1.0,1.0,1.0
3.85,-1.5,1.0,1.0,1.0
3.9,-1.5,1.0,1.0,1.0
3.95,-1.5,1.0,1.0,1.0
4.0,-1.5,1.0,1.0,1.0
-4.0,-1.45,0.0,0.0,0.0
-3.95,-1.45,0.0,0.0,0.0
-3.9,-1.45,0.0,0.0,0.0
-3.85,-1.45,0.0,0.0,0.0
-3.8,-1.45,0.0,0.0,0.0
-3.75,-1.45,0.0,0.0,0.0
-3.7,-1.45,0.0,0.0,0.0
-3.65,-1.45,0.0,0.0,0.0
-3.6,-1.45,0.0,0.0,0.0
-3.55,-1.45,0.0,0.0,0.0
-3.5,-1.45,0.0,0.0,0.0
-3.45,-1.45,0.0,0.0,0.0
-3.4,-1.45,0.0,0.0,0.0
-3.35,-1.45,0.0,0.0,0.0
-3.3,-1.45,0.0,0.0,0.0
-3.25,-1.45,0.0,0.0,0.0
-3.2,-1.45,0.0,0.0,0.0
-3.15,-1.45,0.0,0.0,0.0
-3.1,-1.45,0.0,0.0,0.0
-3.05,-1.45,0.0,0.0,0.0
-3.0,-1.45,0.0,0.0,0.0
-2.95,-1.45,0.0,0.0,0.0
-2.9,-1.45,0.0,0.0,0.0
-2.85,-1.45,0.0,0.0,0.0
-2.8,-1.45,0.0,0.0,0.0
-2.75,-1.45,0.0,0.0,0.0
-2.7,-1.45,0.0,0.0,0.0
-2.65,-1.45,0.0,0.0,0.0
-2.6,-1.45,0.0,0.0,0.0
-2.55,-1.45,0.0,0.0,0.0
-2.5,-1.45,0.0,0.0,0.0
-2.45,-1.45,0.0,0.0,0.0
-2.4,-1.45,0.0,0.0,0.0
-2.35,-1.45,0.0,0.0,0.0
-2.3,-1.45,0.0,0.0,0.0
-2.25,-1.45,0.0,0.0,0.0
-2.2,-1.45,0.0,0.0,0.0
-2.15,-1.45,0.0,0.0,0.0
-2.1,-1.45,0.0,0.0,0.0
-2.05,-1.45,0.0,0.0,0.0
-2.0,-1.45,0.0,0.0,0.0
-1.95,-1.45,0.0,0.0,0.0
-1.9,-1.45,0.0,0.0,0.0
-1.85,-1.45,0.0,0.0,0.0
-1.8,-1.45,0.0,0.0,0.0
-1.75,-1.45,0.0,0.0,0.0
-1.7,-1.45,0.0,0.0,0.0
-1.65,-1.45,0.0,0.0,0.0
-1.6,-1.45,0.0,0.0,0.0
-1.55,-1.45,0.0,0.0,0.0
-1.5,-1.45,0.0,0.0,0.0
-1.45,-1.45,0.0,0.0,0.0
-1.4,-1.45,0.0,0.0,0.0
-1.35,-1.45,0.0,0.0,0.0
-1.3,-1.45,0.0,0.0,0.0
-1.25,-1.45,0.0,0.0,0.0
-1.2,-1.45,0.0,0.0,0.0
-1.15,-1.45,0.0,0.0,0.0
-1.1,-1.45,0.0,0.0,0.0
-1.05,-1.45,0.0,0.0,0.0
-1.0,-1.45,0.0,0.0,0.0
-0.95,-1.45,0.0,0.0,0.0
-0.9,-1.45,0.0,0.0,0.0
-0.85,-1.45,0.0,0.0,0.0
-0.8,-1.45,0.0,0.0,0.0
-0.75,-1.45,0.0,0.0,0.0
-0.7,-1.45,0.0,0.0,0.0
-0.65,-1.45,0.0,0.0,0.0
-0.6,-1.45,0.0,0.0,0.0
-0.55,-1.45,0.0,0.0,0.0
-0.5,-1.45,0.0,0.0,0.0
-0.45,-1.45,0.0,0.0,0.0
-0.4,-1.45,0.0,0.0,0.0
-0.35,-1.45,0.0,0.0,0.0
-0.3,-1.45,0.0,0.0,1e-04
-0.25,-1.45,0.0,0.0,0.0002
-0.2,-1.45,0.0,0.0,0.0005
-0.15,-1.45,0.0,0.0,0.0011
-0.1,-1.45,0.0,1e-04,0.0023
-0.05,-1.45,0.0,1e-04,0.0043
0.0,-1.45,0.0,1e-04,0.0081
0.05,-1.45,0.0,1e-04,0.0136
0.1,-1.45,0.0,1e-04,0.0189
0.15,-1.45,0.0,1e-04,0.0285
0.2,-1.45,0.0,0.0,0.0427
0.25,-1.45,0.0,0.0,0.0633
0.3,-1.45,0.0006,1e-04,0.0946
0.35,-1.45,0.0078,1e-04,0.1264
0.4,-1.45,0.0638,0.0003,0.1745
0.45,-1.45,0.2469,0.0017,0.2596
0.5,-1.45,0.5718,0.0154,0.3857
0.55,-1.45,0.7991,0.1977,0.4777
0.6,-1.45,0.837,0.5441,0.4996
0.65,-1.45,0.8096,0.5436,0.5038
0.7,-1.45,0.7567,0.5149,0.5066
0.75,-1.45,0.6258,0.4756,0.5098
0.8,-1.45,0.4759,0.4328,0.513
0.85,-1.45,0.3583,0.3896,0.5163
0.9,-1.45,0.2795,0.3482,0.5195
0.95,-1.45,0.2202,0.3089,0.5228
1.0,-1.45,0.1887,0.2864,0.526
1.05,-1.45,0.1632,0.2743,0.5292
1.1,-1.45,0.1458,0.2543,0.5325
1.15,-1.45,0.1629,0.2332,0.5357
1.2,-1.45,0.2029,0.2134,0.5389
1.25,-1.45,0.2592,0.2007,0.5421
1.3,-1.45,0.3661,0.3407,0.5456
1.35,-1.45,0.474,0.6934,0.551
1.4,-1.45,0.602,0.9204,0.5586
1.45,-1.45,0.7184,0.9918,0.577
1.5,-1.45,0.8115,0.9992,0.6222
1.55,-1.45,0.8981,0.9999,0.6855
1.6,-1.45,0.9546,1.0,0.7439
1.65,-1.45,0.9911,1.0,0.7907
1.7,-1.45,0.9985,1.0,0.8303
1.75,-1.45,0.9997,1.0,0.8616
1.8,-1.45,0.9999,1.0,0.8863
1.85,-1.45,1.0,1.0,0.9046
1.9,-1.45,1.0,1.0,0.9202
1.95,-1.45,1.0,1.0,0.9334
2.0,-1.45,1.0,1.0,0.9446
2.05,-1.45,1.0,1.0,0.954
2.1,-1.45,1.0,1.0,0.9621
2.15,-1.45,1.0,1.0,0.9686
2.2,-1.45,1.0,1.0,0.9739
2.25,-1.45,1.0,1.0,0.9784
2.3,-1.45,1.0,1.0,0.9827
2.35,-1.45,1.0,1.0,0.9863
2.4,-1.45,1.0,1.0,0.9891
2.45,-1.45,1.0,1.0,0.9914
2.5,-1.45,1.0,1.0,0.9931
2.55,-1.45,1.0,1.0,0.9945
2.6,-1.45,1.0,1.0,0.9957
2.65,-1.45,1.0,1.0,0.9966
2.7,-1.45,1.0,1.0,0.9973
2.75,-1.45,1.0,1.0,0.9979
2.8,-1.45,1.0,1.0,0.9983
2.85,-1.45,1.0,1.0,0.9987
2.9,-1.45,1.0,1.0,0.999
2.95,-1.45,1.0,1.0,0.9992
3.0,-1.45,1.0,1.0,0.9993
3.05,-1.45,1.0,1.0,0.9994
3.1,-1.45,1.0,1.0,0.9995
3.15,-1.45,1.0,1.0,0.9996
3.2,-1.45,1.0,1.0,0.9997
3.25,-1.45,1.0,1.0,0.9997
3.3,-1.45,1.0,1.0,0.9998
3.35,-1.45,1.0,1.0,0.9998
3.4,-1.45,1.0,1.0,0.9999
3.45,-1.45,1.0,1.0,0.9999
3.5,-1.45,1.0,1.0,0.9999
3.55,-1.45,1.0,1.0,0.9999
3.6,-1.45,1.0,1.0,0.9999
3.65,-1.45,1.0,1.0,0.9999
3.7,-1.45,1.0,1.0,1.0
3.75,-1.45,1.0,1.0,1.0
3.8,-1.45,1.0,1.0,1.0
3.85,-1.45,1.0,1.0,1.0
3.9,-1.45,1.0,1.0,1.0
3.95,-1.45,1.0,1.0,1.0
4.0,-1.45,1.0,1.0,1.0
-4.0,-1.4,0.0,0.0,0.0
-3.95,-1.4,0.0,0.0,0.0
-3.9,-1.4,0.0,0.0,0.0
-3.85,-1.4,0.0,0.0,0.0
-3.8,-1.4,0.0,0.0,0.0
-3.75,-1.4,0.0,0.0,0.0
-3.7,-1.4,0.0,0.0,0.0
-3.65,-1.4,0.0,0.0,0.0
-3.6,-1.4,0.0,0.0,0.0
-3.55,-1.4,0.0,0.0,0.0
-3.5,-1.4,0.0,0.0,0.0
-3.45,-1.4,0.0,0.0,0.0
-3.4,-1.4,0.0,0.0,0.0
-3.35,-1.4,0.0,0.0,0.0
-3.3,-1.4,0.0,0.0,0.0
-3.25,-1.4,0.0,0.0,0.0
-3.2,-1.4,0.0,0.0,0.0
-3.15,-1.4,0.0,0.0,0.0
-3.1,-1.4,0.0,0.0,0.0
-3.05,-1.4,0.0,0.0,0.0
-3.0,-1.4,0.0,0.0,0.0
-2.95,-1.4,0.0,0.0,0.0
-2.9,-1.4,0.0,0.0,0.0
-2.85,-1.4,0.0,0.0,0.0
-2.8,-1.4,0.0,0.0,0.0
-2.75,-1.4,0.0,0.0,0.0
-2.7,-1.4,0.0,0.0,0.0
-2.65,-1.4,0.0,0.0,0.0
-2.6,-1.4,0.0,0.0,0.0
-2.55,-1.4,0.0,0.0,0.0
-2.5,-1.4,0.0,0.0,0.0
-2.45,-1.4,0.0,0.0,0.0
-2.4,-1.4,0.0,0.0,0.0
-2.35,-1.4,0.0,0.0,0.0
-2.3,-1.4,0.0,0.0,0.0
-2.25,-1.4,0.0,0.0,0.0
-2.2,-1.4,0.0,0.0,0.0
-2.15,-1.4,0.0,0.0,0.0
-2.1,-1.4,0.0,0.0,0.0
-2.05,-1.4,0.0,0.0,0.0
-2.0,-1.4,0.0,0.0,0.0
-1.95,-1.4,0.0,0.0,0.0
-1.9,-1.4,0.0,0.0,0.0
-1.85,-1.4,0.0,0.0,0.0
-1.8,-1.4,0.0,0.0,0.0
-1.75,-1.4,0.0,0.0,0.0
-1.7,-1.4,0.0,0.0,0.0
-1.65,-1.4,0.0,0.0,0.0
-1.6,-1.4,0.0,0.0,0.0
-1.55,-1.4,0.0,0.0,0.0
-1.5,-1.4,0.0,0.0,0.0
-1.45,-1.4,0.0,0.0,0.0
-1.4,-1.4,0.0,0.0,0.0
-1.35,-1.4,0.0,0.0,0.0
-1.3,-1.4,0.0,0.0,0.0
-1.25,-1.4,0.0,0.0,0.0
-1.2,-1.4,0.0,0.0,0.0
-1.15,-1.4,0.0,0.0,0.0
-1.1,-1.4,0.0,0.0,0.0
-1.05,-1.4,0.0,0.0,0.0
-1.0,-1.4,0.0,0.0,0.0
-0.95,-1.4,0.0,0.0,0.0
-0.9,-1.4,0.0,0.0,0.0
-0.85,-1.4,0.0,0.0,0.0
-0.8,-1.4,0.0,0.0,0.0
-0.75,-1.4,0.0,0.0,0.0
-0.7,-1.4,0.0,0.0,0.0
-0.65,-1.4,0.0,0.0,0.0
-0.6,-1.4,0.0,0.0,0.0
-0.55,-1.4,0.0,0.0,0.0
-0.5,-1.4,0.0,0.0,0.0
-0.45,-1.4,0.0,0.0,0.0
-0.4,-1.4,0.0,0.0,0.0
-0.35,-1.4,0.0,0.0,1e-04
-0.3,-1.4,0.0,0.0,0.0002
-0.25,-1.4,0.0,0.0,0.0004
-0.2,-1.4,0.0,0.0,0.001
-0.15,-1.4,0.0,1e-04,0.0022
-0.1,-1.4,0.0,0.0002,0.0043
-0.05,-1.4,0.0,0.0002,0.0076
0.0,-1.4,0.0,0.0002,0.0118
0.05,-1.4,0.0,0.0002,0.0155
0.1,-1.4,0.0,1e-04,0.0206
0.15,-1.4,0.0,1e-04,0.0273
0.2,-1.4,0.0,1e-04,0.04
0.25,-1.4,0.0,1e-04,0.0599
0.3,-1.4,1e-04,1e-04,0.0815
0.35,-1.4,0.0018,1e-04,0.1075
0.4,-1.4,0.0115,0.0002,0.1406
0.45,-1.4,0.0503,0.0006,0.2011
0.5,-1.4,0.1192,0.0041,0.2925
0.55,-1.4,0.2628,0.0443,0.4434
0.6,-1.4,0.5012,0.4227,0.4892
0.65,-1.4,0.7316,0.5226,0.5041
0.7,-1.4,0.6953,0.4959,0.5072
0.75,-1.4,0.5513,0.4514,0.5105
0.8,-1.4,0.4013,0.4078,0.5138
0.85,-1.4,0.3031,0.3655,0.517
0.9,-1.4,0.2321,0.3252,0.5203
0.95,-1.4,0.1791,0.2875,0.5236
1.0,-1.4,0.1526,0.268,0.5268
1.05,-1.4,0.1422,0.2564,0.5301
1.1,-1.4,0.159,0.2447,0.5334
1.15,-1.4,0.2009,0.2242,0.5366
1.2,-1.4,0.257,0.2049,0.5399
1.25,-1.4,0.3505,0.2553,0.5437
1.3,-1.4,0.4725,0.5829,0.5534
1.35,-1.4,0.6018,0.906,0.5609
1.4,-1.4,0.7184,0.9892,0.5763
1.45,-1.4,0.8115,0.9988,0.6218
1.5,-1.4,0.879,0.9999,0.6905
1.55,-1.4,0.9364,1.0,0.7465
1.6,-1.4,0.9675,1.0,0.7872
1.65,-1.4,0.9919,1.0,0.8239
1.7,-1.4,0.9985,1.0,0.8544
1.75,-1.4,0.9997,1.0,0.876
1.8,-1.4,0.9999,1.0,0.8952
1.85,-1.4,1.0,1.0,0.9121
1.9,-1.4,1.0,1.0,0.9266
1.95,-1.4,1.0,1.0,0.9391
2.0,-1.4,1.0,1.0,0.949
2.05,-1.4,1.0,1.0,0.9574
2.1,-1.4,1.0,1.0,0.9645
2.15,-1.4,1.0,1.0,0.9704
2.2,-1.4,1.0,1.0,0.9754
2.25,-1.4,1.0,1.0,0.9796
2.3,-1.4,1.0,1.0,0.9838
2.35,-1.4,1.0,1.0,0.9871
2.4,-1.4,1.0,1.0,0.9897
2.45,-1.4,1.0,1.0,0.9918
2.5,-1.4,1.0,1.0,0.9935
2.55,-1.4,1.0,1.0,0.9948
2.6,-1.4,1.0,1.0,0.9959
2.65,-1.4,1.0,1.0,0.9968
2.7,-1.4,1.0,1.0,0.9975
2.75,-1.4,1.0,1.0,0.998
2.8,-1.4,1.0,1.0,0.9985
2.85,-1.4,1.0,1.0,0.9988
2.9,-1.4,1.0,1.0,0.999
2.95,-1.4,1.0,1.0,0.9992
3.0,-1.4,1.0,1.0,0.9993
3.05,-1.4,1.0,1.0,0.9994
3.1,-1.4,1.0,1.0,0.9995
3.15,-1.4,1.0,1.0,0.9996
3.2,-1.4,1.0,1.0,0.9997
3.25,-1.4,1.0,1.0,0.9997
3.3,-1.4,1.0,1.0,0.9998
3.35,-1.4,1.0,1.0,0.9998
3.4,-1.4,1.0,1.0,0.9998
3.45,-1.4,1.0,1.0,0.9999
3.5,-1.4,1.0,1.0,0.9999
3.55,-1.4,1.0,1.0,0.9999
3.6,-1.4,1.0,1.0,0.9999
3.65,-1.4,1.0,1.0,0.9999
3.7,-1.4,1.0,1.0,1.0
3.75,-1.4,1.0,1.0,1.0
3.8,-1.4,1.0,1.0,1.0
3.85,-1.4,1.0,1.0,1.0
3.9,-1.4,1.0,1.0,1.0
3.95,-1.4,1.0,1.0,1.0
4.0,-1.4,1.0,1.0,1.0
-4.0,-1.35,0.0,0.0,0.0
-3.95,-1.35,0.0,0.0,0.0
-3.9,-1.35,0.0,0.0,0.0
-3.85,-1.35,0.0,0.0,0.0
-3.8,-1.35,0.0,0.0,0.0
-3.75,-1.35,0.0,0.0,0.0
-3.7,-1.35,0.0,0.0,0.0
-3.65,-1.35,0.0,0.0,0.0
-3.6,-1.35,0.0,0.0,0.0
-3.55,-1.35,0.0,0.0,0.0
-3.5,-1.35,0.0,0.0,0.0
-3.45,-1.35,0.0,0.0,0.0
-3.4,-1.35,0.0,0.0,0.0
-3.35,-1.35,0.0,0.0,0.0
-3.3,-1.35,0.0,0.0,0.0
-3.25,-1.35,0.0,0.0,0.0
-3.2,-1.35,0.0,0.0,0.0
-3.15,-1.35,0.0,0.0,0.0
-3.1,-1.35,0.0,0.0,0.0
-3.05,-1.35,0.0,0.0,0.0
-3.0,-1.35,0.0,0.0,0.0
-2.95,-1.35,0.0,0.0,0.0
-2.9,-1.35,0.0,0.0,0.0
-2.85,-1.35,0.0,0.0,0.0
-2.8,-1.35,0.0,0.0,0.0
-2.75,-1.35,0.0,0.0,0.0
-2.7,-1.35,0.0,0.0,0.0
-2.65,-1.35,0.0,0.0,0.0
-2.6,-1.35,0.0,0.0,0.0
-2.55,-1.35,0.0,0.0,0.0
-2.5,-1.35,0.0,0.0,0.0
-2.45,-1.35,0.0,0.0,0.0
-2.4,-1.35,0.0,0.0,0.0
-2.35,-1.35,0.0,0.0,0.0
-2.3,-1.35,0.0,0.0,0.0
-2.25,-1.35,0.0,0.0,0.0
-2.2,-1.35,0.0,0.0,0.0
-2.15,-1.35,0.0,0.0,0.0
-2.1,-1.35,0.0,0.0,0.0
-2.05,-1.35,0.0,0.0,0.0
-2.0,-1.35,0.0,0.0,0.0
-1.95,-1.35,0.0,0.0,0.0
-1.9,-1.35,0.0,0.0,0.0
-1.85,-1.35,0.0,0.0,0.0
-1.8,-1.35,0.0,0.0,0.0
-1.75,-1.35,0.0,0.0,0.0
-1.7,-1.35,0.0,0.0,0.0
-1.65,-1.35,0.0,0.0,0.0
-1.6,-1.35,0.0,0.0,0.0
-1.55,-1.35,0.0,0.0,0.0
-1.5,-1.35,0.0,0.0,0.0
-1.45,-1.35,0.0,0.0,0.0
-1.4,-1.35,0.0,0.0,0.0
-1.35,-1.35,0.0,0.0,0.0
-1.3,-1.35,0.0,0.0,0.0
-1.25,-1.35,0.0,0.0,0.0
-1.2,-1.35,0.0,0.0,0.0
-1.15,-1.35,0.0,0.0,0.0
-1.1,-1.35,0.0,0.0,0.0
-1.05,-1.35,0.0,0.0,0.0
-1.0,-1.35,0.0,0.0,0.0
-0.95,-1.35,0.0,0.0,0.0
-0.9,-1.35,0.0,0.0,0.0
-0.85,-1.35,0.0,0.0,0.0
-0.8,-1.35,0.0,0.0,0.0
-0.75,-1.35,0.0,0.0,0.0
-0.7,-1.35,0.0,0.0,0.0
-0.65,-1.35,0.0,0.0,0.0
-0.6,-1.35,0.0,0.0,0.0
-0.55,-1.35,0.0,0.0,0.0
-0.5,-1.35,0.0,0.0,0.0
-0.45,-1.35,0.0,0.0,0.0
-0.4,-1.35,0.0,0.0,0.0
-0.35,-1.35,0.0,0.0,1e-04
-0.3,-1.35,1e-04,0.0,0.0004
-0.25,-1.35,1e-04,0.0,0.001
-0.2,-1.35,1e-04,1e-04,0.0021
-0.15,-1.35,1e-04,0.0004,0.0042
-0.1,-1.35,0.0,0.0004,0.0077
-0.05,-1.35,0.0,0.0004,0.0125
0.0,-1.35,0.0,0.0003,0.0163
0.05,-1.35,0.0,0.0003,0.0191
0.1,-1.35,0.0,1e-04,0.0234
0.15,-1.35,0.0,1e-04,0.0312
0.2,-1.35,0.0,1e-04,0.0411
0.25,-1.35,0.0,1e-04,0.053
0.3,-1.35,1e-04,1e-04,0.0702
0.35,-1.35,0.0007,1e-04,0.0924
0.4,-1.35,0.0038,0.0002,0.1207
0.45,-1.35,0.0114,0.0005,0.1606
0.5,-1.35,0.0261,0.0018,0.2306
0.55,-1.35,0.0692,0.0132,0.3403
0.6,-1.35,0.2258,0.1231,0.476
0.65,-1.35,0.4787,0.4778,0.4996
0.7,-1.35,0.6267,0.4702,0.5074
0.75,-1.35,0.4878,0.4262,0.5107
0.8,-1.35,0.3341,0.3832,0.5139
0.85,-1.35,0.2532,0.3421,0.5172
0.9,-1.35,0.1906,0.3035,0.5205
0.95,-1.35,0.1443,0.2695,0.5237
1.0,-1.35,0.1218,0.2507,0.527
1.05,-1.35,0.1494,0.2393,0.5303
1.1,-1.35,0.2004,0.2285,0.5335
1.15,-1.35,0.2562,0.2154,0.537
1.2,-1.35,0.3474,0.2086,0.541
1.25,-1.35,0.4724,0.4868,0.5525
1.3,-1.35,0.6018,0.8834,0.5625
1.35,-1.35,0.7183,0.9849,0.575
1.4,-1.35,0.8115,0.998,0.6174
1.45,-1.35,0.879,0.9997,0.68
1.5,-1.35,0.9243,1.0,0.7339
1.55,-1.35,0.9545,1.0,0.7769
1.6,-1.35,0.975,1.0,0.8141
1.65,-1.35,0.9916,1.0,0.8425
1.7,-1.35,0.998,1.0,0.8651
1.75,-1.35,0.9994,1.0,0.885
1.8,-1.35,0.9998,1.0,0.9028
1.85,-1.35,0.9999,1.0,0.9182
1.9,-1.35,1.0,1.0,0.9313
1.95,-1.35,1.0,1.0,0.9424
2.0,-1.35,1.0,1.0,0.9518
2.05,-1.35,1.0,1.0,0.9598
2.1,-1.35,1.0,1.0,0.9665
2.15,-1.35,1.0,1.0,0.9721
2.2,-1.35,1.0,1.0,0.9768
2.25,-1.35,1.0,1.0,0.9808
2.3,-1.35,1.0,1.0,0.9846
2.35,-1.35,1.0,1.0,0.9877
2.4,-1.35,1.0,1.0,0.9903
2.45,-1.35,1.0,1.0,0.9923
2.5,-1.35,1.0,1.0,0.9939
2.55,-1.35,1.0,1.0,0.9952
2.6,-1.35,1.0,1.0,0.9963
2.65,-1.35,1.0,1.0,0.9971
2.7,-1.35,1.0,1.0,0.9977
2.75,-1.35,1.0,1.0,0.9981
2.8,-1.35,1.0,1.0,0.9985
2.85,-1.35,1.0,1.0,0.9987
2.9,-1.35,1.0,1.0,0.9989
2.95,-1.35,1.0,1.0,0.9991
3.0,-1.35,1.0,1.0,0.9993
3.05,-1.35,1.0,1.0,0.9994
3.1,-1.35,1.0,1.0,0.9995
3.15,-1.35,1.0,1.0,0.9996
3.2,-1.35,1.0,1.0,0.9996
3.25,-1.35,1.0,1.0,0.9997
3.3,-1.35,1.0,1.0,0.9998
3.35,-1.35,1.0,1.0,0.9998
3.4,-1.35,1.0,1.0,0.9998
3.45,-1.35,1.0,1.0,0.9999
3.5,-1.35,1.0,1.0,0.9999
3.55,-1.35,1.0,1.0,0.9999
3.6,-1.35,1.0,1.0,0.9999
3.65,-1.35,1.0,1.0,0.9999
3.7,-1.35,1.0,1.0,1.0
3.75,-1.35,1.0,1.0,1.0
3.8,-1.35,1.0,1.0,1.0
3.85,-1.35,1.0,1.0,1.0
3.9,-1.35,1.0,1.0,1.0
3.95,-1.35,1.0,1.0,1.0
4.0,-1.35,1.0,1.0,1.0
-4.0,-1.3,0.0,0.0,0.0
-3.95,-1.3,0.0,0.0,0.0
-3.9,-1.3,0.0,0.0,0.0
-3.85,-1.3,0.0,0.0,0.0
-3.8,-1.3,0.0,0.0,0.0
-3.75,-1.3,0.0,0.0,0.0
-3.7,-1.3,0.0,0.0,0.0
-3.65,-1.3,0.0,0.0,0.0
-3.6,-1.3,0.0,0.0,0.0
-3.55,-1.3,0.0,0.0,0.0
-3.5,-1.3,0.0,0.0,0.0
-3.45,-1.3,0.0,0.0,0.0
-3.4,-1.3,0.0,0.0,0.0
-3.35,-1.3,0.0,0.0,0.0
-3.3,-1.3,0.0,0.0,0.0
-3.25,-1.3,0.0,0.0,0.0
-3.2,-1.3,0.0,0.0,0.0
-3.15,-1.3,0.0,0.0,0.0
-3.1,-1.3,0.0,0.0,0.0
-3.05,-1.3,0.0,0.0,0.0
-3.0,-1.3,0.0,0.0,0.0
-2.95,-1.3,0.0,0.0,0.0
-2.9,-1.3,0.0,0.0,0.0
-2.85,-1.3,0.0,0.0,0.0
-2.8,-1.3,0.0,0.0,0.0
-2.75,-1.3,0.0,0.0,0.0
-2.7,-1.3,0.0,0.0,0.0
-2.65,-1.3,0.0,0.0,0.0
-2.6,-1.3,0.0,0.0,0.0
-2.55,-1.3,0.0,0.0,0.0
-2.5,-1.3,0.0,0.0,0.0
-2.45,-1.3,0.0,0.0,0.0
-2.4,-1.3,0.0,0.0,0.0
-2.35,-1.3,0.0,0.0,0.0
-2.3,-1.3,0.0,0.0,0.0
-2.25,-1.3,0.0,0.0,0.0
-2.2,-1.3,0.0,0.0,0.0
-2.15,-1.3,0.0,0.0,0.0
-2.1,-1.3,0.0,0.0,0.0
-2.05,-1.3,0.0,0.0,0.0
-2.0,-1.3,0.0,0.0,0.0
-1.95,-1.3,0.0,0.0,0.0
-1.9,-1.3,0.0,0.0,0.0
-1.85,-1.3,0.0,0.0,0.0
-1.8,-1.3,0.0,0.0,0.0
-1.75,-1.3,0.0,0.0,0.0
-1.7,-1.3,0.0,0.0,0.0
-1.65,-1.3,0.0,0.0,0.0
-1.6,-1.3,0.0,0.0,0.0
-1.55,-1.3,0.0,0.0,0.0
-1.5,-1.3,0.0,0.0,0.0
-1.45,-1.3,0.0,0.0,0.0
-1.4,-1.3,0.0,0.0,0.0
-1.35,-1.3,0.0,0.0,0.0
-1.3,-1.3,0.0,0.0,0.0
-1.25,-1.3,0.0,0.0,0.0
-1.2,-1.3,0.0,0.0,0.0
-1.15,-1.3,0.0,0.0,0.0
-1.1,-1.3,0.0,0.0,0.0
-1.05,-1.3,0.0,0.0,0.0
-1.0,-1.3,0.0,0.0,0.0
-0.95,-1.3,0.0,0.0,0.0
-0.9,-1.3,0.0,0.0,0.0
-0.85,-1.3,0.0,0.0,0.0
-0.8,-1.3,0.0,0.0,0.0
-0.75,-1.3,0.0,0.0,0.0
-0.7,-1.3,0.0,0.0,0.0
-0.65,-1.3,0.0,0.0,0.0
-0.6,-1.3,1e-04,0.0,0.0
-0.55,-1.3,1e-04,0.0,0.0
-0.5,-1.3,1e-04,0.0,0.0
-0.45,-1.3,1e-04,0.0,0.0
-0.4,-1.3,0.0002,0.0,1e-04
-0.35,-1.3,1e-04,0.0,0.0003
-0.3,-1.3,0.0002,0.0,0.0008
-0.25,-1.3,0.0002,0.0002,0.002
-0.2,-1.3,1e-04,0.0006,0.0041
-0.15,-1.3,1e-04,0.0009,0.0076
-0.1,-1.3,1e-04,0.0009,0.013
-0.05,-1.3,0.0,0.0008,0.0183
0.0,-1.3,0.0,0.0006,0.0214
0.05,-1.3,0.0,0.0003,0.0252
0.1,-1.3,0.0,0.0002,0.0301
0.15,-1.3,0.0,0.0002,0.0358
0.2,-1.3,0.0,1e-04,0.0425
0.25,-1.3,0.0,1e-04,0.0503
0.3,-1.3,0.0,1e-04,0.0611
0.35,-1.3,0.0003,0.0002,0.0807
0.4,-1.3,0.0013,0.0003,0.1059
0.45,-1.3,0.0029,0.0006,0.1377
0.5,-1.3,0.0078,0.0017,0.1925
0.55,-1.3,0.0333,0.0061,0.2654
0.6,-1.3,0.1312,0.0388,0.4066
0.65,-1.3,0.3472,0.2936,0.4892
0.7,-1.3,0.5342,0.4277,0.5076
0.75,-1.3,0.5682,0.4013,0.5108
0.8,-1.3,0.3717,0.3593,0.5141
0.85,-1.3,0.2495,0.3199,0.5174
0.9,-1.3,0.1709,0.2849,0.5207
0.95,-1.3,0.1233,0.2522,0.5239
1.0,-1.3,0.1228,0.2341,0.5272
1.05,-1.3,0.1705,0.2232,0.5305
1.1,-1.3,0.2589,0.2127,0.5342
1.15,-1.3,0.3474,0.2036,0.5387
1.2,-1.3,0.4727,0.3932,0.5509
1.25,-1.3,0.6021,0.8455,0.563
1.3,-1.3,0.7186,0.976,0.5776
1.35,-1.3,0.8117,0.9966,0.6169
1.4,-1.3,0.8792,0.9992,0.667
1.45,-1.3,0.9247,0.9998,0.7115
1.5,-1.3,0.9448,1.0,0.7564
1.55,-1.3,0.9651,1.0,0.7923
1.6,-1.3,0.9803,1.0,0.8209
1.65,-1.3,0.9889,1.0,0.8471
1.7,-1.3,0.9961,1.0,0.8714
1.75,-1.3,0.9988,1.0,0.8909
1.8,-1.3,0.9995,1.0,0.908
1.85,-1.3,0.9997,1.0,0.9226
1.9,-1.3,0.9999,1.0,0.935
1.95,-1.3,0.9999,1.0,0.9456
2.0,-1.3,1.0,1.0,0.9545
2.05,-1.3,1.0,1.0,0.962
2.1,-1.3,1.0,1.0,0.9684
2.15,-1.3,1.0,1.0,0.9736
2.2,-1.3,1.0,1.0,0.978
2.25,-1.3,1.0,1.0,0.9818
2.3,-1.3,1.0,1.0,0.9854
2.35,-1.3,1.0,1.0,0.9885
2.4,-1.3,1.0,1.0,0.9909
2.45,-1.3,1.0,1.0,0.9929
2.5,-1.3,1.0,1.0,0.9945
2.55,-1.3,1.0,1.0,0.9957
2.6,-1.3,1.0,1.0,0.9966
2.65,-1.3,1.0,1.0,0.9972
2.7,-1.3,1.0,1.0,0.9977
2.75,-1.3,1.0,1.0,0.9981
2.8,-1.3,1.0,1.0,0.9984
2.85,-1.3,1.0,1.0,0.9986
2.9,-1.3,1.0,1.0,0.9989
2.95,-1.3,1.0,1.0,0.9991
3.0,-1.3,1.0,1.0,0.9992
3.05,-1.3,1.0,1.0,0.9993
3.1,-1.3,1.0,1.0,0.9995
3.15,-1.3,1.0,1.0,0.9995
3.2,-1.3,1.0,1.0,0.9996
3.25,-1.3,1.0,1.0,0.9997
3.3,-1.3,1.0,1.0,0.9997
3.35,-1.3,1.0,1.0,0.9998
3.4,-1.3,1.0,1.0,0.9998
3.45,-1.3,1.0,1.0,0.9999
3.5,-1.3,1.0,1.0,0.9999
3.55,-1.3,1.0,1.0,0.9999
3.6,-1.3,1.0,1.0,0.9999
3.65,-1.3,1.0,1.0,0.9999
3.7,-1.3,1.0,1.0,0.9999
3.75,-1.3,1.0,1.0,1.0
3.8,-1.3,1.0,1.0,1.0
3.85,-1.3,1.0,1.0,1.0
3.9,-1.3,1.0,1.0,1.0
3.95,-1.3,1.0,1.0,1.0
4.0,-1.3,1.0,1.0,1.0
-4.0,-1.25,0.0,0.0,0.0
-3.95,-1.25,0.0,0.0,0.0
-3.9,-1.25,0.0,0.0,0.0
-3.85,-1.25,0.0,0.0,0.0
-3.8,-1.25,0.0,0.0,0.0
-3.75,-1.25,0.0,0.0,0.0
-3.7,-1.25,0.0,0.0,0.0
-3.65,-1.25,0.0,0.0,0.0
-3.6,-1.25,0.0,0.0,0.0
-3.55,-1.25,0.0,0.0,0.0
-3.5,-1.25,0.0,0.0,0.0
-3.45,-1.25,0.0,0.0,0.0
-3.4,-1.25,0.0,0.0,0.0
-3.35,-1.25,0.0,0.0,0.0
-3.3,-1.25,0.0,0.0,0.0
-3.25,-1.25,0.0,0.0,0.0
-3.2,-1.25,0.0,0.0,0.0
-3.15,-1.25,0.0,0.0,0.0
-3.1,-1.25,0.0,0.0,0.0
-3.05,-1.25,0.0,0.0,0.0
-3.0,-1.25,0.0,0.0,0.0
-2.95,-1.25,0.0,0.0,0.0
-2.9,-1.25,0.0,0.0,0.0
-2.85,-1.25,0.0,0.0,0.0
-2.8,-1.25,0.0,0.0,0.0
-2.75,-1.25,0.0,0.0,0.0
-2.7,-1.25,0.0,0.0,0.0
-2.65,-1.25,0.0,0.0,0.0
-2.6,-1.25,0.0,0.0,0.0
-2.55,-1.25,0.0,0.0,0.0
-2.5,-1.25,0.0,0.0,0.0
-2.45,-1.25,0.0,0.0,0.0
-2.4,-1.25,0.0,0.0,0.0
-2.35,-1.25,0.0,0.0,0.0
-2.3,-1.25,0.0,0.0,0.0
-2.25,-1.25,0.0,0.0,0.0
-2.2,-1.25,0.0,0.0,0.0
-2.15,-1.25,0.0,0.0,0.0
-2.1,-1.25,0.0,0.0,0.0
-2.05,-1.25,0.0,0.0,0.0
-2.0,-1.25,0.0,0.0,0.0
-1.95,-1.25,0.0,0.0,0.0
-1.9,-1.25,0.0,0.0,0.0
-1.85,-1.25,0.0,0.0,0.0
-1.8,-1.25,0.0,0.0,0.0
-1.75,-1.25,0.0,0.0,0.0
-1.7,-1.25,0.0,0.0,0.0
-1.65,-1.25,0.0,0.0,0.0
-1.6,-1.25,0.0,0.0,0.0
-1.55,-1.25,0.0,0.0,0.0
-1.5,-1.25,0.0,0.0,0.0
-1.45,-1.25,0.0,0.0,0.0
-1.4,-1.25,0.0,0.0,0.0
-1.35,-1.25,0.0,0.0,0.0
-1.3,-1.25,0.0,0.0,0.0
-1.25,-1.25,0.0,0.0,0.0
-1.2,-1.25,0.0,0.0,0.0
-1.15,-1.25,0.0,0.0,0.0
-1.1,-1.25,0.0,0.0,0.0
-1.05,-1.25,0.0,0.0,0.0
-1.0,-1.25,0.0,0.0,0.0
-0.95,-1.25,0.0,0.0,0.0
-0.9,-1.25,0.0,0.0,0.0
-0.85,-1.25,0.0,0.0,0.0
-0.8,-1.25,0.0,0.0,0.0
-0.75,-1.25,0.0,0.0,0.0
-0.7,-1.25,1e-04,0.0,0.0
-0.65,-1.25,1e-04,0.0,0.0
-0.6,-1.25,0.0002,0.0,0.0
-0.55,-1.25,0.0003,0.0,0.0
-0.5,-1.25,0.0004,0.0,0.0
-0.45,-1.25,0.0005,0.0,1e-04
-0.4,-1.25,0.0005,0.0,0.0003
-0.35,-1.25,0.0005,1e-04,0.0007
-0.3,-1.25,0.0005,0.0002,0.0019
-0.25,-1.25,0.0006,0.001,0.004
-0.2,-1.25,0.0004,0.0017,0.0076
-0.15,-1.25,0.0002,0.0018,0.0136
-0.1,-1.25,1e-04,0.0016,0.0203
-0.05,-1.25,0.0,0.0014,0.024
0.0,-1.25,0.0,0.0008,0.028
0.05,-1.25,0.0,0.0004,0.0331
0.1,-1.25,0.0,0.0003,0.0394
0.15,-1.25,0.0,0.0002,0.0426
0.2,-1.25,0.0,0.0002,0.044
0.25,-1.25,0.0,0.0002,0.0502
0.3,-1.25,0.0,0.0002,0.0598
0.35,-1.25,1e-04,0.0002,0.0706
0.4,-1.25,0.0004,0.0004,0.0918
0.45,-1.25,0.001,0.0009,0.1206
0.5,-1.25,0.0042,0.0022,0.1625
0.55,-1.25,0.0203,0.0058,0.2273
0.6,-1.25,0.0912,0.0201,0.3212
0.65,-1.25,0.2672,0.1061,0.4617
0.7,-1.25,0.4698,0.3836,0.5014
0.75,-1.25,0.5951,0.3751,0.5114
0.8,-1.25,0.5047,0.3368,0.5146
0.85,-1.25,0.3467,0.3007,0.5178
0.9,-1.25,0.2212,0.2669,0.5209
0.95,-1.25,0.1539,0.2357,0.5241
1.0,-1.25,0.1821,0.2183,0.5275
1.05,-1.25,0.2652,0.209,0.5314
1.1,-1.25,0.398,0.2034,0.5371
1.15,-1.25,0.5162,0.3593,0.5494
1.2,-1.25,0.6327,0.7668,0.561
1.25,-1.25,0.7356,0.9606,0.5841
1.3,-1.25,0.8179,0.9914,0.6185
1.35,-1.25,0.8798,0.9977,0.6494
1.4,-1.25,0.9251,0.9994,0.6911
1.45,-1.25,0.9473,0.9999,0.729
1.5,-1.25,0.9572,1.0,0.7623
1.55,-1.25,0.9717,1.0,0.7939
1.6,-1.25,0.981,1.0,0.8224
1.65,-1.25,0.9885,1.0,0.8486
1.7,-1.25,0.9912,1.0,0.8727
1.75,-1.25,0.9955,1.0,0.8944
1.8,-1.25,0.9978,1.0,0.9128
1.85,-1.25,0.9989,1.0,0.9267
1.9,-1.25,0.9994,1.0,0.9386
1.95,-1.25,0.9997,1.0,0.9486
2.0,-1.25,0.9998,1.0,0.957
2.05,-1.25,0.9999,1.0,0.964
2.1,-1.25,1.0,1.0,0.9699
2.15,-1.25,1.0,1.0,0.9749
2.2,-1.25,1.0,1.0,0.9791
2.25,-1.25,1.0,1.0,0.9829
2.3,-1.25,1.0,1.0,0.9866
2.35,-1.25,1.0,1.0,0.9895
2.4,-1.25,1.0,1.0,0.9918
2.45,-1.25,1.0,1.0,0.9937
2.5,-1.25,1.0,1.0,0.9949
2.55,-1.25,1.0,1.0,0.9958
2.6,-1.25,1.0,1.0,0.9965
2.65,-1.25,1.0,1.0,0.9971
2.7,-1.25,1.0,1.0,0.9975
2.75,-1.25,1.0,1.0,0.998
2.8,-1.25,1.0,1.0,0.9983
2.85,-1.25,1.0,1.0,0.9986
2.9,-1.25,1.0,1.0,0.9988
2.95,-1.25,1.0,1.0,0.999
3.0,-1.25,1.0,1.0,0.9992
3.05,-1.25,1.0,1.0,0.9993
3.1,-1.25,1.0,1.0,0.9994
3.15,-1.25,1.0,1.0,0.9995
3.2,-1.25,1.0,1.0,0.9996
3.25,-1.25,1.0,1.0,0.9997
3.3,-1.25,1.0,1.0,0.9997
3.35,-1.25,1.0,1.0,0.9998
3.4,-1.25,1.0,1.0,0.9998
3.45,-1.25,1.0,1.0,0.9999
3.5,-1.25,1.0,1.0,0.9999
3.55,-1.25,1.0,1.0,0.9999
3.6,-1.25,1.0,1.0,0.9999
3.65,-1.25,1.0,1.0,0.9999
3.7,-1.25,1.0,1.0,0.9999
3.75,-1.25,1.0,1.0,1.0
3.8,-1.25,1.0,1.0,1.0
3.85,-1.25,1.0,1.0,1.0
3.9,-1.25,1.0,1.0,1.0
3.95,-1.25,1.0,1.0,1.0
4.0,-1.25,1.0,1.0,1.0
-4.0,-1.2,0.0,0.0,0.0
-3.95,-1.2,0.0,0.0,0.0
-3.9,-1.2,0.0,0.0,0.0
-3.85,-1.2,0.0,0.0,0.0
-3.8,-1.2,0.0,0.0,0.0
-3.75,-1.2,0.0,0.0,0.0
-3.7,-1.2,0.0,0.0,0.0
-3.65,-1.2,0.0,0.0,0.0
-3.6,-1.2,0.0,0.0,0.0
-3.55,-1.2,0.0,0.0,0.0
-3.5,-1.2,0.0,0.0,0.0
-3.45,-1.2,0.0,0.0,0.0
-3.4,-1.2,0.0,0.0,0.0
-3.35,-1.2,0.0,0.0,0.0
-3.3,-1.2,0.0,0.0,0.0
-3.25,-1.2,0.0,0.0,0.0
-3.2,-1.2,0.0,0.0,0.0
-3.15,-1.2,0.0,0.0,0.0
-3.1,-1.2,0.0,0.0,0.0
-3.05,-1.2,0.0,0.0,0.0
-3.0,-1.2,0.0,0.0,0.0
-2.95,-1.2,0.0,0.0,0.0
-2.9,-1.2,0.0,0.0,0.0
-2.85,-1.2,0.0,0.0,0.0
-2.8,-1.2,0.0,0.0,0.0
-2.75,-1.2,0.0,0.0,0.0
-2.7,-1.2,0.0,0.0,0.0
-2.65,-1.2,0.0,0.0,0.0
-2.6,-1.2,0.0,0.0,0.0
-2.55,-1.2,0.0,0.0,0.0
-2.5,-1.2,0.0,0.0,0.0
-2.45,-1.2,0.0,0.0,0.0
-2.4,-1.2,0.0,0.0,0.0
-2.35,-1.2,0.0,0.0,0.0
-2.3,-1.2,0.0,0.0,0.0
-2.25,-1.2,0.0,0.0,0.0
-2.2,-1.2,0.0,0.0,0.0
-2.15,-1.2,0.0,0.0,0.0
-2.1,-1.2,0.0,0.0,0.0
-2.05,-1.2,0.0,0.0,0.0
-2.0,-1.2,0.0,0.0,0.0
-1.95,-1.2,0.0,0.0,0.0
-1.9,-1.2,0.0,0.0,0.0
-1.85,-1.2,0.0,0.0,0.0
-1.8,-1.2,0.0,0.0,0.0
-1.75,-1.2,0.0,0.0,0.0
-1.7,-1.2,0.0,0.0,0.0
-1.65,-1.2,0.0,0.0,0.0
-1.6,-1.2,0.0,0.0,0.0
-1.55,-1.2,0.0,0.0,0.0
-1.5,-1.2,0.0,0.0,0.0
-1.45,-1.2,0.0,0.0,0.0
-1.4,-1.2,0.0,0.0,0.0
-1.35,-1.2,0.0,0.0,0.0
-1.3,-1.2,0.0,0.0,0.0
-1.25,-1.2,0.0,0.0,0.0
-1.2,-1.2,0.0,0.0,0.0
-1.15,-1.2,0.0,0.0,0.0
-1.1,-1.2,0.0,0.0,0.0
-1.05,-1.2,0.0,0.0,0.0
-1.0,-1.2,0.0,0.0,0.0
-0.95,-1.2,0.0,0.0,0.0
-0.9,-1.2,0.0,0.0,0.0
-0.85,-1.2,0.0,0.0,0.0
-0.8,-1.2,0.0,0.0,0.0
-0.75,-1.2,1e-04,0.0,0.0
-0.7,-1.2,0.0002,0.0,0.0
-0.65,-1.2,0.0004,0.0,0.0
-0.6,-1.2,0.0006,0.0,0.0
-0.55,-1.2,0.001,0.0,0.0
-0.5,-1.2,0.0014,0.0,1e-04
-0.45,-1.2,0.0014,0.0,0.0002
-0.4,-1.2,0.0014,1e-04,0.0006
-0.35,-1.2,0.0014,0.0003,0.0016
-0.3,-1.2,0.0016,0.0013,0.0038
-0.25,-1.2,0.0017,0.0029,0.0075
-0.2,-1.2,0.0012,0.0037,0.0137
-0.15,-1.2,0.0003,0.0037,0.0218
-0.1,-1.2,1e-04,0.0031,0.0268
-0.05,-1.2,0.0,0.002,0.0312
0.0,-1.2,0.0,0.001,0.0363
0.05,-1.2,0.0,0.0006,0.0432
0.1,-1.2,0.0,0.0004,0.0472
0.15,-1.2,0.0,0.0004,0.0486
0.2,-1.2,0.0,0.0004,0.0507
0.25,-1.2,0.0,0.0003,0.0543
0.3,-1.2,0.0,0.0003,0.0596
0.35,-1.2,1e-04,0.0004,0.0708
0.4,-1.2,1e-04,0.0007,0.0832
0.45,-1.2,0.0006,0.0013,0.1033
0.5,-1.2,0.0026,0.003,0.1352
0.55,-1.2,0.0133,0.0077,0.1953
0.6,-1.2,0.0644,0.019,0.2689
0.65,-1.2,0.2016,0.0608,0.4015
0.7,-1.2,0.4099,0.2508,0.4906
0.75,-1.2,0.561,0.3345,0.5157
0.8,-1.2,0.6416,0.3167,0.5191
0.85,-1.2,0.4998,0.2822,0.5212
0.9,-1.2,0.3607,0.2499,0.5233
0.95,-1.2,0.3178,0.2216,0.5255
1.0,-1.2,0.3677,0.2063,0.529
1.05,-1.2,0.429,0.2202,0.5358
1.1,-1.2,0.5939,0.3182,0.5475
1.15,-1.2,0.7044,0.6926,0.559
1.2,-1.2,0.7937,0.9032,0.5861
1.25,-1.2,0.8615,0.9742,0.6176
1.3,-1.2,0.9095,0.9931,0.6374
1.35,-1.2,0.942,0.9983,0.6641
1.4,-1.2,0.9599,0.9996,0.6974
1.45,-1.2,0.966,0.9999,0.7315
1.5,-1.2,0.9674,1.0,0.7648
1.55,-1.2,0.9725,1.0,0.7962
1.6,-1.2,0.9799,1.0,0.8245
1.65,-1.2,0.98,1.0,0.85
1.7,-1.2,0.9811,1.0,0.8742
1.75,-1.2,0.9802,1.0,0.896
1.8,-1.2,0.989,1.0,0.9144
1.85,-1.2,0.9943,1.0,0.9298
1.9,-1.2,0.9971,1.0,0.9419
1.95,-1.2,0.9985,1.0,0.9512
2.0,-1.2,0.9992,1.0,0.9591
2.05,-1.2,0.9996,1.0,0.9658
2.1,-1.2,0.9998,1.0,0.9717
2.15,-1.2,0.9999,1.0,0.9767
2.2,-1.2,0.9999,1.0,0.9809
2.25,-1.2,1.0,1.0,0.9847
2.3,-1.2,1.0,1.0,0.988
2.35,-1.2,1.0,1.0,0.9906
2.4,-1.2,1.0,1.0,0.9924
2.45,-1.2,1.0,1.0,0.9936
2.5,-1.2,1.0,1.0,0.9947
2.55,-1.2,1.0,1.0,0.9956
2.6,-1.2,1.0,1.0,0.9963
2.65,-1.2,1.0,1.0,0.9969
2.7,-1.2,1.0,1.0,0.9974
2.75,-1.2,1.0,1.0,0.9978
2.8,-1.2,1.0,1.0,0.9982
2.85,-1.2,1.0,1.0,0.9985
2.9,-1.2,1.0,1.0,0.9987
2.95,-1.2,1.0,1.0,0.999
3.0,-1.2,1.0,1.0,0.9991
3.05,-1.2,1.0,1.0,0.9993
3.1,-1.2,1.0,1.0,0.9994
3.15,-1.2,1.0,1.0,0.9995
3.2,-1.2,1.0,1.0,0.9996
3.25,-1.2,1.0,1.0,0.9997
3.3,-1.2,1.0,1.0,0.9997
3.35,-1.2,1.0,1.0,0.9998
3.4,-1.2,1.0,1.0,0.9998
3.45,-1.2,1.0,1.0,0.9998
3.5,-1.2,1.0,1.0,0.9999
3.55,-1.2,1.0,1.0,0.9999
3.6,-1.2,1.0,1.0,0.9999
3.65,-1.2,1.0,1.0,0.9999
3.7,-1.2,1.0,1.0,0.9999
3.75,-1.2,1.0,1.0,1.0
3.8,-1.2,1.0,1.0,1.0
3.85,-1.2,1.0,1.0,1.0
3.9,-1.2,1.0,1.0,1.0
3.95,-1.2,1.0,1.0,1.0
4.0,-1.2,1.0,1.0,1.0
-4.0,-1.15,0.0,0.0,0.0
-3.95,-1.15,0.0,0.0,0.0
-3.9,-1.15,0.0,0.0,0.0
-3.85,-1.15,0.0,0.0,0.0
-3.8,-1.15,0.0,0.0,0.0
-3.75,-1.15,0.0,0.0,0.0
-3.7,-1.15,0.0,0.0,0.0
-3.65,-1.15,0.0,0.0,0.0
-3.6,-1.15,0.0,0.0,0.0
-3.55,-1.15,0.0,0.0,0.0
-3.5,-1.15,0.0,0.0,0.0
-3.45,-1.15,0.0,0.0,0.0
-3.4,-1.15,0.0,0.0,0.0
-3.35,-1.15,0.0,0.0,0.0
-3.3,-1.15,0.0,0.0,0.0
-3.25,-1.15,0.0,0.0,0.0
-3.2,-1.15,0.0,0.0,0.0
-3.15,-1.15,0.0,0.0,0.0
-3.1,-1.15,0.0,0.0,0.0
-3.05,-1.15,0.0,0.0,0.0
-3.0,-1.15,0.0,0.0,0.0
-2.95,-1.15,0.0,0.0,0.0
-2.9,-1.15,0.0,0.0,0.0
-2.85,-1.15,0.0,0.0,0.0
-2.8,-1.15,0.0,0.0,0.0
-2.75,-1.15,0.0,0.0,0.0
-2.7,-1.15,0.0,0.0,0.0
-2.65,-1.15,0.0,0.0,0.0
-2.6,-1.15,0.0,0.0,0.0
-2.55,-1.15,0.0,0.0,0.0
-2.5,-1.15,0.0,0.0,0.0
-2.45,-1.15,0.0,0.0,0.0
-2.4,-1.15,0.0,0.0,0.0
-2.35,-1.15,0.0,0.0,0.0
-2.3,-1.15,0.0,0.0,0.0
-2.25,-1.15,0.0,0.0,0.0
-2.2,-1.15,0.0,0.0,0.0
-2.15,-1.15,0.0,0.0,0.0
-2.1,-1.15,0.0,0.0,0.0
-2.05,-1.15,0.0,0.0,0.0
-2.0,-1.15,0.0,0.0,0.0
-1.95,-1.15,0.0,0.0,0.0
-1.9,-1.15,0.0,0.0,0.0
-1.85,-1.15,0.0,0.0,0.0
-1.8,-1.15,0.0,0.0,0.0
-1.75,-1.15,0.0,0.0,0.0
-1.7,-1.15,0.0,0.0,0.0
-1.65,-1.15,0.0,0.0,0.0
-1.6,-1.15,0.0,0.0,0.0
-1.55,-1.15,0.0,0.0,0.0
-1.5,-1.15,0.0,0.0,0.0
-1.45,-1.15,0.0,0.0,0.0
-1.4,-1.15,0.0,0.0,0.0
-1.35,-1.15,0.0,0.0,0.0
-1.3,-1.15,0.0,0.0,0.0
-1.25,-1.15,0.0,0.0,0.0
-1.2,-1.15,0.0,0.0,0.0
-1.15,-1.15,0.0,0.0,0.0
-1.1,-1.15,0.0,0.0,0.0
-1.05,-1.15,0.0,0.0,0.0
-1.0,-1.15,0.0,0.0,0.0
-0.95,-1.15,0.0,0.0,0.0
-0.9,-1.15,0.0,0.0,0.0
-0.85,-1.15,0.0,0.0,0.0
-0.8,-1.15,1e-04,0.0,0.0
-0.75,-1.15,0.0002,0.0,0.0
-0.7,-1.15,0.0005,0.0,0.0
-0.65,-1.15,0.001,0.0,0.0
-0.6,-1.15,0.002,0.0,0.0
-0.55,-1.15,0.0029,0.0,1e-04
-0.5,-1.15,0.0042,0.0,0.0002
-0.45,-1.15,0.0043,1e-04,0.0005
-0.4,-1.15,0.0044,0.0004,0.0014
-0.35,-1.15,0.0043,0.0017,0.0036
-0.3,-1.15,0.0046,0.0049,0.0074
-0.25,-1.15,0.005,0.008,0.0136
-0.2,-1.15,0.0022,0.0077,0.0229
-0.15,-1.15,0.0004,0.0065,0.03
-0.1,-1.15,1e-04,0.0048,0.0348
-0.05,-1.15,0.0,0.0025,0.0404
0.0,-1.15,0.0,0.0013,0.0474
0.05,-1.15,0.0,0.0009,0.052
0.1,-1.15,0.0,0.0007,0.0538
0.15,-1.15,0.0,0.0006,0.0554
0.2,-1.15,0.0,0.0006,0.0583
0.25,-1.15,0.0,0.0006,0.0624
0.3,-1.15,0.0,0.0006,0.0668
0.35,-1.15,0.0,0.0009,0.0714
0.4,-1.15,1e-04,0.0013,0.0834
0.45,-1.15,0.0004,0.0021,0.0976
0.5,-1.15,0.0018,0.0042,0.1171
0.55,-1.15,0.0091,0.0101,0.1623
0.6,-1.15,0.0454,0.0242,0.2325
0.65,-1.15,0.1502,0.0573,0.3347
0.7,-1.15,0.3518,0.1664,0.4636
0.75,-1.15,0.5082,0.2977,0.5088
0.8,-1.15,0.728,0.293,0.5244
0.85,-1.15,0.6635,0.2665,0.5268
0.9,-1.15,0.5585,0.2375,0.5292
0.95,-1.15,0.5906,0.2106,0.5316
1.0,-1.15,0.6349,0.2312,0.5378
1.05,-1.15,0.7398,0.3587,0.5473
1.1,-1.15,0.8333,0.5503,0.5566
1.15,-1.15,0.8586,0.7913,0.5825
1.2,-1.15,0.8991,0.9229,0.6057
1.25,-1.15,0.9331,0.9792,0.6301
1.3,-1.15,0.9582,0.9948,0.6511
1.35,-1.15,0.9726,0.9984,0.6715
1.4,-1.15,0.977,0.9995,0.7013
1.45,-1.15,0.9759,0.9998,0.7352
1.5,-1.15,0.9726,0.9999,0.7673
1.55,-1.15,0.9706,1.0,0.7985
1.6,-1.15,0.967,1.0,0.8265
1.65,-1.15,0.9626,1.0,0.8514
1.7,-1.15,0.9579,1.0,0.8761
1.75,-1.15,0.9547,1.0,0.8976
1.8,-1.15,0.9599,1.0,0.9157
1.85,-1.15,0.9773,1.0,0.9306
1.9,-1.15,0.9873,1.0,0.943
1.95,-1.15,0.9929,1.0,0.9539
2.0,-1.15,0.9963,1.0,0.9622
2.05,-1.15,0.9981,1.0,0.9689
2.1,-1.15,0.999,1.0,0.9745
2.15,-1.15,0.9995,1.0,0.979
2.2,-1.15,0.9998,1.0,0.9828
2.25,-1.15,0.9999,1.0,0.9864
2.3,-1.15,0.9999,1.0,0.9886
2.35,-1.15,1.0,1.0,0.9904
2.4,-1.15,1.0,1.0,0.992
2.45,-1.15,1.0,1.0,0.9933
2.5,-1.15,1.0,1.0,0.9944
2.55,-1.15,1.0,1.0,0.9953
2.6,-1.15,1.0,1.0,0.9961
2.65,-1.15,1.0,1.0,0.9968
2.7,-1.15,1.0,1.0,0.9973
2.75,-1.15,1.0,1.0,0.9977
2.8,-1.15,1.0,1.0,0.9981
2.85,-1.15,1.0,1.0,0.9984
2.9,-1.15,1.0,1.0,0.9987
2.95,-1.15,1.0,1.0,0.9989
3.0,-1.15,1.0,1.0,0.9991
3.05,-1.15,1.0,1.0,0.9992
3.1,-1.15,1.0,1.0,0.9994
3.15,-1.15,1.0,1.0,0.9995
3.2,-1.15,1.0,1.0,0.9996
3.25,-1.15,1.0,1.0,0.9996
3.3,-1.15,1.0,1.0,0.9997
3.35,-1.15,1.0,1.0,0.9998
3.4,-1.15,1.0,1.0,0.9998
3.45,-1.15,1.0,1.0,0.9998
3.5,-1.15,1.0,1.0,0.9999
3.55,-1.15,1.0,1.0,0.9999
3.6,-1.15,1.0,1.0,0.9999
3.65,-1.15,1.0,1.0,0.9999
3.7,-1.15,1.0,1.0,0.9999
3.75,-1.15,1.0,1.0,0.9999
3.8,-1.15,1.0,1.0,1.0
3.85,-1.15,1.0,1.0,1.0
3.9,-1.15,1.0,1.0,1.0
3.95,-1.15,1.0,1.0,1.0
4.0,-1.15,1.0,1.0,1.0
-4.0,-1.1,0.0,0.0,0.0
-3.95,-1.1,0.0,0.0,0.0
-3.9,-1.1,0.0,0.0,0.0
-3.85,-1.1,0.0,0.0,0.0
-3.8,-1.1,0.0,0.0,0.0
-3.75,-1.1,0.0,0.0,0.0
-3.7,-1.1,0.0,0.0,0.0
-3.65,-1.1,0.0,0.0,0.0
-3.6,-1.1,0.0,0.0,0.0
-3.55,-1.1,0.0,0.0,0.0
-3.5,-1.1,0.0,0.0,0.0
-3.45,-1.1,0.0,0.0,0.0
-3.4,-1.1,0.0,0.0,0.0
-3.35,-1.1,0.0,0.0,0.0
-3.3,-1.1,0.0,0.0,0.0
-3.25,-1.1,0.0,0.0,0.0
-3.2,-1.1,0.0,0.0,0.0
-3.15,-1.1,0.0,0.0,0.0
-3.1,-1.1,0.0,0.0,0.0
-3.05,-1.1,0.0,0.0,0.0
-3.0,-1.1,0.0,0.0,0.0
-2.95,-1.1,0.0,0.0,0.0
-2.9,-1.1,0.0,0.0,0.0
-2.85,-1.1,0.0,0.0,0.0
-2.8,-1.1,0.0,0.0,0.0
-2.75,-1.1,0.0,0.0,0.0
-2.7,-1.1,0.0,0.0,0.0
-2.65,-1.1,0.0,0.0,0.0
-2.6,-1.1,0.0,0.0,0.0
-2.55,-1.1,0.0,0.0,0.0
-2.5,-1.1,0.0,0.0,0.0
-2.45,-1.1,0.0,0.0,0.0
-2.4,-1.1,0.0,0.0,0.0
-2.35,-1.1,0.0,0.0,0.0
-2.3,-1.1,0.0,0.0,0.0
-2.25,-1.1,0.0,0.0,0.0
-2.2,-1.1,0.0,0.0,0.0
-2.15,-1.1,0.0,0.0,0.0
-2.1,-1.1,0.0,0.0,0.0
-2.05,-1.1,0.0,0.0,0.0
-2.0,-1.1,0.0,0.0,0.0
-1.95,-1.1,0.0,0.0,0.0
-1.9,-1.1,0.0,0.0,0.0
-1.85,-1.1,0.0,0.0,0.0
-1.8,-1.1,0.0,0.0,0.0
-1.75,-1.1,0.0,0.0,0.0
-1.7,-1.1,0.0,0.0,0.0
-1.65,-1.1,0.0,0.0,0.0
-1.6,-1.1,0.0,0.0,0.0
-1.55,-1.1,0.0,0.0,0.0
-1.5,-1.1,0.0,0.0,0.0
-1.45,-1.1,0.0,0.0,0.0
-1.4,-1.1,0.0,0.0,0.0
-1.35,-1.1,0.0,0.0,0.0
-1.3,-1.1,0.0,0.0,0.0
-1.25,-1.1,0.0,0.0,0.0
-1.2,-1.1,0.0,0.0,0.0
-1.15,-1.1,0.0,0.0,0.0
-1.1,-1.1,0.0,0.0,0.0
-1.05,-1.1,0.0,0.0,0.0
-1.0,-1.1,0.0,0.0,0.0
-0.95,-1.1,0.0,0.0,0.0
-0.9,-1.1,0.0,0.0,0.0
-0.85,-1.1,1e-04,0.0,0.0
-0.8,-1.1,0.0002,0.0,0.0
-0.75,-1.1,0.0005,0.0,0.0
-0.7,-1.1,0.0012,0.0,0.0
-0.65,-1.1,0.0028,0.0,0.0
-0.6,-1.1,0.0058,0.0,0.0
-0.55,-1.1,0.0086,0.0,0.0002
-0.5,-1.1,0.0124,1e-04,0.0005
-0.45,-1.1,0.0131,0.0004,0.0012
-0.4,-1.1,0.0134,0.0019,0.0032
-0.35,-1.1,0.0129,0.0077,0.0072
-0.3,-1.1,0.0139,0.014,0.0136
-0.25,-1.1,0.0144,0.0164,0.024
-0.2,-1.1,0.0026,0.0147,0.0334
-0.15,-1.1,0.0004,0.0112,0.0388
-0.1,-1.1,1e-04,0.006,0.0451
-0.05,-1.1,0.0,0.0031,0.0522
0.0,-1.1,0.0,0.0018,0.0573
0.05,-1.1,0.0,0.0013,0.0595
0.1,-1.1,0.0,0.0011,0.0613
0.15,-1.1,0.0,0.001,0.0631
0.2,-1.1,0.0,0.001,0.067
0.25,-1.1,0.0,0.0011,0.0717
0.3,-1.1,0.0,0.0014,0.0766
0.35,-1.1,0.0,0.0019,0.0817
0.4,-1.1,1e-04,0.0025,0.0869
0.45,-1.1,0.0003,0.0035,0.0989
0.5,-1.1,0.0013,0.0061,0.1167
0.55,-1.1,0.0066,0.0128,0.1367
0.6,-1.1,0.032,0.0308,0.1963
0.65,-1.1,0.1099,0.0719,0.2765
0.7,-1.1,0.3163,0.155,0.4191
0.75,-1.1,0.5055,0.2741,0.4997
0.8,-1.1,0.8046,0.3379,0.531
0.85,-1.1,0.8128,0.4185,0.5382
0.9,-1.1,0.7816,0.4483,0.5388
0.95,-1.1,0.8062,0.529,0.5412
1.0,-1.1,0.8613,0.6171,0.5503
1.05,-1.1,0.9157,0.6568,0.5576
1.1,-1.1,0.9495,0.7388,0.5733
1.15,-1.1,0.9576,0.8838,0.5957
1.2,-1.1,0.962,0.954,0.6185
1.25,-1.1,0.9737,0.9812,0.6411
1.3,-1.1,0.9824,0.9923,0.6618
1.35,-1.1,0.9846,0.9971,0.6819
1.4,-1.1,0.9826,0.9989,0.7056
1.45,-1.1,0.9797,0.9996,0.739
1.5,-1.1,0.9589,0.9999,0.7701
1.55,-1.1,0.94,1.0,0.801
1.6,-1.1,0.9303,1.0,0.8287
1.65,-1.1,0.9252,1.0,0.8532
1.7,-1.1,0.9197,1.0,0.8777
1.75,-1.1,0.9139,1.0,0.8994
1.8,-1.1,0.9077,1.0,0.9178
1.85,-1.1,0.9363,1.0,0.9333
1.9,-1.1,0.9637,1.0,0.9461
1.95,-1.1,0.9796,1.0,0.9566
2.0,-1.1,0.9888,1.0,0.9652
2.05,-1.1,0.9939,1.0,0.972
2.1,-1.1,0.9967,1.0,0.977
2.15,-1.1,0.9982,1.0,0.981
2.2,-1.1,0.999,1.0,0.9834
2.25,-1.1,0.9995,1.0,0.986
2.3,-1.1,0.9997,1.0,0.9882
2.35,-1.1,0.9999,1.0,0.9901
2.4,-1.1,0.9999,1.0,0.9916
2.45,-1.1,1.0,1.0,0.993
2.5,-1.1,1.0,1.0,0.9941
2.55,-1.1,1.0,1.0,0.9951
2.6,-1.1,1.0,1.0,0.9959
2.65,-1.1,1.0,1.0,0.9966
2.7,-1.1,1.0,1.0,0.9971
2.75,-1.1,1.0,1.0,0.9976
2.8,-1.1,1.0,1.0,0.998
2.85,-1.1,1.0,1.0,0.9983
2.9,-1.1,1.0,1.0,0.9986
2.95,-1.1,1.0,1.0,0.9988
3.0,-1.1,1.0,1.0,0.999
3.05,-1.1,1.0,1.0,0.9992
3.1,-1.1,1.0,1.0,0.9993
3.15,-1.1,1.0,1.0,0.9995
3.2,-1.1,1.0,1.0,0.9995
3.25,-1.1,1.0,1.0,0.9996
3.3,-1.1,1.0,1.0,0.9997
3.35,-1.1,1.0,1.0,0.9997
3.4,-1.1,1.0,1.0,0.9998
3.45,-1.1,1.0,1.0,0.9998
3.5,-1.1,1.0,1.0,0.9998
3.55,-1.1,1.0,1.0,0.9999
3.6,-1.1,1.0,1.0,0.9999
3.65,-1.1,1.0,1.0,0.9999
3.7,-1.1,1.0,1.0,0.9999
3.75,-1.1,1.0,1.0,0.9999
3.8,-1.1,1.0,1.0,0.9999
3.85,-1.1,1.0,1.0,1.0
3.9,-1.1,1.0,1.0,1.0
3.95,-1.1,1.0,1.0,1.0
4.0,-1.1,1.0,1.0,1.0
-4.0,-1.05,0.0,0.0,0.0
-3.95,-1.05,0.0,0.0,0.0
-3.9,-1.05,0.0,0.0,0.0
-3.85,-1.05,0.0,0.0,0.0
-3.8,-1.05,0.0,0.0,0.0
-3.75,-1.05,0.0,0.0,0.0
-3.7,-1.05,0.0,0.0,0.0
-3.65,-1.05,0.0,0.0,0.0
-3.6,-1.05,0.0,0.0,0.0
-3.55,-1.05,0.0,0.0,0.0
-3.5,-1.05,0.0,0.0,0.0
-3.45,-1.05,0.0,0.0,0.0
-3.4,-1.05,0.0,0.0,0.0
-3.35,-1.05,0.0,0.0,0.0
-3.3,-1.05,0.0,0.0,0.0
-3.25,-1.05,0.0,0.0,0.0
-3.2,-1.05,0.0,0.0,0.0
-3.15,-1.05,0.0,0.0,0.0
-3.1,-1.05,0.0,0.0,0.0
-3.05,-1.05,0.0,0.0,0.0
-3.0,-1.05,0.0,0.0,0.0
-2.95,-1.05,0.0,0.0,0.0
-2.9,-1.05,0.0,0.0,0.0
-2.85,-1.05,0.0,0.0,0.0
-2.8,-1.05,0.0,0.0,0.0
-2.75,-1.05,0.0,0.0,0.0
-2.7,-1.05,0.0,0.0,0.0
-2.65,-1.05,0.0,0.0,0.0
-2.6,-1.05,0.0,0.0,0.0
-2.55,-1.05,0.0,0.0,0.0
-2.5,-1.05,0.0,0.0,0.0
-2.45,-1.05,0.0,0.0,0.0
-2.4,-1.05,0.0,0.0,0.0
-2.35,-1.05,0.0,0.0,0.0
-2.3,-1.05,0.0,0.0,0.0
-2.25,-1.05,0.0,0.0,0.0
-2.2,-1.05,0.0,0.0,0.0
-2.15,-1.05,0.0,0.0,0.0
-2.1,-1.05,0.0,0.0,0.0
-2.05,-1.05,0.0,0.0,0.0
-2.0,-1.05,0.0,0.0,0.0
-1.95,-1.05,0.0,0.0,0.0
-1.9,-1.05,0.0,0.0,0.0
-1.85,-1.05,0.0,0.0,0.0
-1.8,-1.05,0.0,0.0,0.0
-1.75,-1.05,0.0,0.0,0.0
-1.7,-1.05,0.0,0.0,0.0
-1.65,-1.05,0.0,0.0,0.0
-1.6,-1.05,0.0,0.0,0.0
-1.55,-1.05,0.0,0.0,0.0
-1.5,-1.05,0.0,0.0,0.0
-1.45,-1.05,0.0,0.0,0.0
-1.4,-1.05,0.0,0.0,0.0
-1.35,-1.05,0.0,0.0,0.0
-1.3,-1.05,0.0,0.0,0.0
-1.25,-1.05,0.0,0.0,0.0
-1.2,-1.05,0.0,0.0,0.0
-1.15,-1.05,0.0,0.0,0.0
-1.1,-1.05,0.0,0.0,0.0
-1.05,-1.05,0.0,0.0,0.0
-1.0,-1.05,0.0,0.0,0.0
-0.95,-1.05,0.0,0.0,0.0
-0.9,-1.05,0.0,0.0,0.0
-0.85,-1.05,1e-04,0.0,0.0
-0.8,-1.05,0.0003,0.0,0.0
-0.75,-1.05,0.0013,0.0,0.0
-0.7,-1.05,0.003,0.0,0.0
-0.65,-1.05,0.007,0.0,0.0
-0.6,-1.05,0.0152,0.0,1e-04
-0.55,-1.05,0.0252,0.0,0.0004
-0.5,-1.05,0.0362,0.0003,0.0011
-0.45,-1.05,0.0393,0.0018,0.0028
-0.4,-1.05,0.039,0.0088,0.0068
-0.35,-1.05,0.0383,0.0208,0.0132
-0.3,-1.05,0.0412,0.0369,0.024
-0.25,-1.05,0.0184,0.0326,0.0368
-0.2,-1.05,0.0032,0.0247,0.0433
-0.15,-1.05,0.0005,0.0144,0.0502
-0.1,-1.05,1e-04,0.0075,0.058
-0.05,-1.05,0.0,0.0039,0.0627
0.0,-1.05,0.0,0.0025,0.0653
0.05,-1.05,0.0,0.002,0.0677
0.1,-1.05,0.0,0.0018,0.0698
0.15,-1.05,0.0,0.0017,0.072
0.2,-1.05,0.0,0.0018,0.0769
0.25,-1.05,0.0,0.0023,0.082
0.3,-1.05,0.0,0.003,0.0873
0.35,-1.05,1e-04,0.0038,0.093
0.4,-1.05,1e-04,0.0047,0.1
0.45,-1.05,0.0002,0.0064,0.1079
0.5,-1.05,0.001,0.0096,0.1204
0.55,-1.05,0.0048,0.0172,0.1433
0.6,-1.05,0.0262,0.0381,0.181
0.65,-1.05,0.111,0.0986,0.2543
0.7,-1.05,0.2991,0.209,0.3835
0.75,-1.05,0.5698,0.4443,0.516
0.8,-1.05,0.8526,0.6518,0.5664
0.85,-1.05,0.9005,0.7859,0.5838
0.9,-1.05,0.9113,0.8388,0.5843
0.95,-1.05,0.9327,0.8648,0.5819
1.0,-1.05,0.9584,0.8621,0.5823
1.05,-1.05,0.9765,0.8786,0.5861
1.1,-1.05,0.9861,0.8889,0.5888
1.15,-1.05,0.9895,0.9192,0.6066
1.2,-1.05,0.9896,0.9419,0.631
1.25,-1.05,0.9914,0.9683,0.652
1.3,-1.05,0.9914,0.9846,0.6724
1.35,-1.05,0.9882,0.993,0.6921
1.4,-1.05,0.98,0.9971,0.7122
1.45,-1.05,0.9556,0.9988,0.7428
1.5,-1.05,0.9121,0.9996,0.7735
1.55,-1.05,0.8818,0.9999,0.8036
1.6,-1.05,0.8705,0.9999,0.8328
1.65,-1.05,0.8616,1.0,0.8584
1.7,-1.05,0.8523,1.0,0.8827
1.75,-1.05,0.8428,1.0,0.9043
1.8,-1.05,0.8342,1.0,0.9222
1.85,-1.05,0.8403,1.0,0.9371
1.9,-1.05,0.9064,1.0,0.9492
1.95,-1.05,0.9468,1.0,0.9592
2.0,-1.05,0.9704,1.0,0.9673
2.05,-1.05,0.9837,1.0,0.9731
2.1,-1.05,0.9911,1.0,0.977
2.15,-1.05,0.9951,1.0,0.9801
2.2,-1.05,0.9974,1.0,0.9827
2.25,-1.05,0.9986,1.0,0.9854
2.3,-1.05,0.9992,1.0,0.9877
2.35,-1.05,0.9996,1.0,0.9897
2.4,-1.05,0.9998,1.0,0.9913
2.45,-1.05,0.9999,1.0,0.9927
2.5,-1.05,1.0,1.0,0.9939
2.55,-1.05,1.0,1.0,0.9948
2.6,-1.05,1.0,1.0,0.9957
2.65,-1.05,1.0,1.0,0.9964
2.7,-1.05,1.0,1.0,0.997
2.75,-1.05,1.0,1.0,0.9975
2.8,-1.05,1.0,1.0,0.9979
2.85,-1.05,1.0,1.0,0.9982
2.9,-1.05,1.0,1.0,0.9985
2.95,-1.05,1.0,1.0,0.9988
3.0,-1.05,1.0,1.0,0.999
3.05,-1.05,1.0,1.0,0.9991
3.1,-1.05,1.0,1.0,0.9993
3.15,-1.05,1.0,1.0,0.9994
3.2,-1.05,1.0,1.0,0.9995
3.25,-1.05,1.0,1.0,0.9996
3.3,-1.05,1.0,1.0,0.9996
3.35,-1.05,1.0,1.0,0.9997
3.4,-1.05,1.0,1.0,0.9997
3.45,-1.05,1.0,1.0,0.9998
3.5,-1.05,1.0,1.0,0.9998
3.55,-1.05,1.0,1.0,0.9998
3.6,-1.05,1.0,1.0,0.9999
3.65,-1.05,1.0,1.0,0.9999
3.7,-1.05,1.0,1.0,0.9999
3.75,-1.05,1.0,1.0,0.9999
3.8,-1.05,1.0,1.0,0.9999
3.85,-1.05,1.0,1.0,0.9999
3.9,-1.05,1.0,1.0,1.0
3.95,-1.05,1.0,1.0,1.0
4.0,-1.05,1.0,1.0,1.0
-4.0,-1.0,0.0,0.0,0.0
-3.95,-1.0,0.0,0.0,0.0
-3.9,-1.0,0.0,0.0,0.0
-3.85,-1.0,0.0,0.0,0.0
-3.8,-1.0,0.0,0.0,0.0
-3.75,-1.0,0.0,0.0,0.0
-3.7,-1.0,0.0,0.0,0.0
-3.65,-1.0,0.0,0.0,0.0
-3.6,-1.0,0.0,0.0,0.0
-3.55,-1.0,0.0,0.0,0.0
-3.5,-1.0,0.0,0.0,0.0
-3.45,-1.0,0.0,0.0,0.0
-3.4,-1.0,0.0,0.0,0.0
-3.35,-1.0,0.0,0.0,0.0
-3.3,-1.0,0.0,0.0,0.0
-3.25,-1.0,0.0,0.0,0.0
-3.2,-1.0,0.0,0.0,0.0
-3.15,-1.0,0.0,0.0,0.0
-3.1,-1.0,0.0,0.0,0.0
-3.05,-1.0,0.0,0.0,0.0
-3.0,-1.0,0.0,0.0,0.0
-2.95,-1.0,0.0,0.0,0.0
-2.9,-1.0,0.0,0.0,0.0
-2.85,-1.0,0.0,0.0,0.0
-2.8,-1.0,0.0,0.0,0.0
-2.75,-1.0,0.0,0.0,0.0
-2.7,-1.0,0.0,0.0,0.0
-2.65,-1.0,0.0,0.0,0.0
-2.6,-1.0,0.0,0.0,0.0
-2.55,-1.0,0.0,0.0,0.0
-2.5,-1.0,0.0,0.0,0.0
-2.45,-1.0,0.0,0.0,0.0
-2.4,-1.0,0.0,0.0,0.0
-2.35,-1.0,0.0,0.0,0.0
-2.3,-1.0,0.0,0.0,0.0
-2.25,-1.0,0.0,0.0,0.0
-2.2,-1.0,0.0,0.0,0.0
-2.15,-1.0,0.0,0.0,0.0
-2.1,-1.0,0.0,0.0,0.0
-2.05,-1.0,0.0,0.0,0.0
-2.0,-1.0,0.0,0.0,0.0
-1.95,-1.0,0.0,0.0,0.0
-1.9,-1.0,0.0,0.0,0.0
-1.85,-1.0,0.0,0.0,0.0
-1.8,-1.0,0.0,0.0,0.0
-1.75,-1.0,0.0,0.0,0.0
-1.7,-1.0,0.0,0.0,0.0
-1.65,-1.0,0.0,0.0,0.0
-1.6,-1.0,0.0,0.0,0.0
-1.55,-1.0,0.0,0.0,0.0
-1.5,-1.0,0.0,0.0,0.0
-1.45,-1.0,0.0,0.0,0.0
-1.4,-1.0,0.0,0.0,0.0
-1.35,-1.0,0.0,0.0,0.0
-1.3,-1.0,0.0,0.0,0.0
-1.25,-1.0,0.0,0.0,0.0
-1.2,-1.0,0.0,0.0,0.0
-1.15,-1.0,0.0,0.0,0.0
-1.1,-1.0,0.0,0.0,0.0
-1.05,-1.0,0.0,0.0,0.0
-1.0,-1.0,0.0,0.0,0.0
-0.95,-1.0,0.0,0.0,0.0
-0.9,-1.0,0.0,0.0,0.0
-0.85,-1.0,1e-04,0.0,0.0
-0.8,-1.0,0.0005,0.0,0.0
-0.75,-1.0,0.0023,0.0,0.0
-0.7,-1.0,0.0072,0.0,0.0
-0.65,-1.0,0.0167,0.0,1e-04
-0.6,-1.0,0.0385,0.0,0.0003
-0.55,-1.0,0.0728,0.0002,0.0009
-0.5,-1.0,0.1016,0.0013,0.0024
-0.45,-1.0,0.1114,0.0077,0.0063
-0.4,-1.0,0.1073,0.0296,0.0129
-0.35,-1.0,0.1063,0.0556,0.0238
-0.3,-1.0,0.0759,0.0705,0.0385
-0.25,-1.0,0.0226,0.0562,0.0482
-0.2,-1.0,0.004,0.033,0.0559
-0.15,-1.0,0.0006,0.018,0.0642
-0.1,-1.0,1e-04,0.0094,0.0696
-0.05,-1.0,0.0,0.0052,0.0714
0.0,-1.0,0.0,0.0038,0.0743
0.05,-1.0,0.0,0.0031,0.0767
0.1,-1.0,0.0,0.003,0.0791
0.15,-1.0,0.0,0.0031,0.0824
0.2,-1.0,0.0,0.0038,0.0877
0.25,-1.0,0.0,0.0049,0.0933
0.3,-1.0,1e-04,0.0063,0.0993
0.35,-1.0,1e-04,0.0078,0.1066
0.4,-1.0,0.0002,0.0095,0.1167
0.45,-1.0,0.0002,0.0115,0.1298
0.5,-1.0,0.0008,0.0148,0.1425
0.55,-1.0,0.0046,0.0251,0.1611
0.6,-1.0,0.029,0.0581,0.195
0.65,-1.0,0.1453,0.2062,0.2621
0.7,-1.0,0.3301,0.479,0.3415
0.75,-1.0,0.617,0.7592,0.5059
0.8,-1.0,0.8747,0.8844,0.5942
0.85,-1.0,0.9621,0.9313,0.6352
0.9,-1.0,0.969,0.9472,0.6535
0.95,-1.0,0.9809,0.9499,0.6439
1.0,-1.0,0.9886,0.9407,0.6267
1.05,-1.0,0.9937,0.9236,0.6182
1.1,-1.0,0.9964,0.9008,0.6223
1.15,-1.0,0.9976,0.8889,0.6304
1.2,-1.0,0.9975,0.899,0.642
1.25,-1.0,0.9958,0.9232,0.6627
1.3,-1.0,0.9926,0.9521,0.6827
1.35,-1.0,0.9839,0.9747,0.7022
1.4,-1.0,0.9649,0.9887,0.7209
1.45,-1.0,0.9272,0.9955,0.7483
1.5,-1.0,0.8553,0.9983,0.782
1.55,-1.0,0.7975,0.9994,0.8124
1.6,-1.0,0.775,0.9998,0.8404
1.65,-1.0,0.7636,0.9999,0.8658
1.7,-1.0,0.7519,1.0,0.8888
1.75,-1.0,0.7398,1.0,0.9094
1.8,-1.0,0.7276,1.0,0.9265
1.85,-1.0,0.7155,1.0,0.9406
1.9,-1.0,0.782,1.0,0.9521
1.95,-1.0,0.8684,1.0,0.9599
2.0,-1.0,0.9239,1.0,0.9657
2.05,-1.0,0.9572,1.0,0.9707
2.1,-1.0,0.9763,1.0,0.9749
2.15,-1.0,0.9871,1.0,0.9786
2.2,-1.0,0.9936,1.0,0.9819
2.25,-1.0,0.9969,1.0,0.9849
2.3,-1.0,0.9985,1.0,0.9873
2.35,-1.0,0.9993,1.0,0.9893
2.4,-1.0,0.9997,1.0,0.991
2.45,-1.0,0.9998,1.0,0.9924
2.5,-1.0,0.9999,1.0,0.9936
2.55,-1.0,1.0,1.0,0.9946
2.6,-1.0,1.0,1.0,0.9955
2.65,-1.0,1.0,1.0,0.9962
2.7,-1.0,1.0,1.0,0.9968
2.75,-1.0,1.0,1.0,0.9973
2.8,-1.0,1.0,1.0,0.9978
2.85,-1.0,1.0,1.0,0.9981
2.9,-1.0,1.0,1.0,0.9984
2.95,-1.0,1.0,1.0,0.9986
3.0,-1.0,1.0,1.0,0.9988
3.05,-1.0,1.0,1.0,0.999
3.1,-1.0,1.0,1.0,0.9992
3.15,-1.0,1.0,1.0,0.9993
3.2,-1.0,1.0,1.0,0.9994
3.25,-1.0,1.0,1.0,0.9995
3.3,-1.0,1.0,1.0,0.9996
3.35,-1.0,1.0,1.0,0.9996
3.4,-1.0,1.0,1.0,0.9997
3.45,-1.0,1.0,1.0,0.9997
3.5,-1.0,1.0,1.0,0.9998
3.55,-1.0,1.0,1.0,0.9998
3.6,-1.0,1.0,1.0,0.9998
3.65,-1.0,1.0,1.0,0.9999
3.7,-1.0,1.0,1.0,0.9999
3.75,-1.0,1.0,1.0,0.9999
3.8,-1.0,1.0,1.0,0.9999
3.85,-1.0,1.0,1.0,0.9999
3.9,-1.0,1.0,1.0,0.9999
3.95,-1.0,1.0,1.0,1.0
4.0,-1.0,1.0,1.0,1.0
-4.0,-0.95,0.0,0.0,0.0
-3.95,-0.95,0.0,0.0,0.0
-3.9,-0.95,0.0,0.0,0.0
-3.85,-0.95,0.0,0.0,0.0
-3.8,-0.95,0.0,0.0,0.0
-3.75,-0.95,0.0,0.0,0.0
-3.7,-0.95,0.0,0.0,0.0
-3.65,-0.95,0.0,0.0,0.0
-3.6,-0.95,0.0,0.0,0.0
-3.55,-0.95,0.0,0.0,0.0
-3.5,-0.95,0.0,0.0,0.0
-3.45,-0.95,0.0,0.0,0.0
-3.4,-0.95,0.0,0.0,0.0
-3.35,-0.95,0.0,0.0,0.0
-3.3,-0.95,0.0,0.0,0.0
-3.25,-0.95,0.0,0.0,0.0
-3.2,-0.95,0.0,0.0,0.0
-3.15,-0.95,0.0,0.0,0.0
-3.1,-0.95,0.0,0.0,0.0
-3.05,-0.95,0.0,0.0,0.0
-3.0,-0.95,0.0,0.0,0.0
-2.95,-0.95,0.0,0.0,0.0
-2.9,-0.95,0.0,0.0,0.0
-2.85,-0.95,0.0,0.0,0.0
-2.8,-0.95,0.0,0.0,0.0
-2.75,-0.95,0.0,0.0,0.0
-2.7,-0.95,0.0,0.0,0.0
-2.65,-0.95,0.0,0.0,0.0
-2.6,-0.95,0.0,0.0,0.0
-2.55,-0.95,0.0,0.0,0.0
-2.5,-0.95,0.0,0.0,0.0
-2.45,-0.95,0.0,0.0,0.0
-2.4,-0.95,0.0,0.0,0.0
-2.35,-0.95,0.0,0.0,0.0
-2.3,-0.95,0.0,0.0,0.0
-2.25,-0.95,0.0,0.0,0.0
-2.2,-0.95,0.0,0.0,0.0
-2.15,-0.95,0.0,0.0,0.0
-2.1,-0.95,0.0,0.0,0.0
-2.05,-0.95,0.0,0.0,0.0
-2.0,-0.95,0.0,0.0,0.0
-1.95,-0.95,0.0,0.0,0.0
-1.9,-0.95,0.0,0.0,0.0
-1.85,-0.95,0.0,0.0,0.0
-1.8,-0.95,0.0,0.0,0.0
-1.75,-0.95,0.0,0.0,0.0
-1.7,-0.95,0.0,0.0,0.0
-1.65,-0.95,0.0,0.0,0.0
-1.6,-0.95,0.0,0.0,0.0
-1.55,-0.95,0.0,0.0,0.0
-1.5,-0.95,0.0,0.0,0.0
-1.45,-0.95,0.0,0.0,0.0
-1.4,-0.95,0.0,0.0,0.0
-1.35,-0.95,0.0,0.0,0.0
-1.3,-0.95,0.0,0.0,0.0
-1.25,-0.95,0.0,0.0,0.0
-1.2,-0.95,0.0,0.0,0.0
-1.15,-0.95,0.0,0.0,0.0
-1.1,-0.95,0.0,0.0,0.0
-1.05,-0.95,0.0,0.0,0.0
-1.0,-0.95,0.0,0.0,0.0
-0.95,-0.95,0.0,0.0,0.0
-0.9,-0.95,0.0,0.0,0.0
-0.85,-0.95,1e-04,0.0,0.0
-0.8,-0.95,0.0007,0.0,0.0
-0.75,-0.95,0.0033,0.0,0.0
-0.7,-0.95,0.0139,0.0,1e-04
-0.65,-0.95,0.0396,0.0,0.0003
-0.6,-0.95,0.0881,1e-04,0.0008
-0.55,-0.95,0.1849,0.0007,0.0021
-0.5,-0.95,0.255,0.0057,0.0054
-0.45,-0.95,0.2741,0.0287,0.0126
-0.4,-0.95,0.2661,0.0737,0.0234
-0.35,-0.95,0.1953,0.1273,0.0399
-0.3,-0.95,0.1076,0.115,0.0534
-0.25,-0.95,0.028,0.0785,0.062
-0.2,-0.95,0.005,0.0414,0.0711
-0.15,-0.95,0.0008,0.0225,0.0774
-0.1,-0.95,1e-04,0.0118,0.0785
-0.05,-0.95,0.0,0.0075,0.0812
0.0,-0.95,0.0,0.0057,0.0842
0.05,-0.95,0.0,0.005,0.0868
0.1,-0.95,0.0,0.0052,0.0894
0.15,-0.95,0.0,0.0062,0.0937
0.2,-0.95,0.0,0.008,0.0997
0.25,-0.95,0.0002,0.0104,0.1061
0.3,-0.95,0.0006,0.0127,0.1136
0.35,-0.95,0.0004,0.0153,0.1266
0.4,-0.95,0.0003,0.018,0.1416
0.45,-0.95,0.0005,0.0221,0.1598
0.5,-0.95,0.0011,0.0313,0.1801
0.55,-0.95,0.0066,0.071,0.2025
0.6,-0.95,0.0484,0.2175,0.2263
0.65,-0.95,0.1792,0.5472,0.278
0.7,-0.95,0.3336,0.8177,0.352
0.75,-0.95,0.66,0.9155,0.4764
0.8,-0.95,0.8983,0.9547,0.6157
0.85,-0.95,0.9842,0.9632,0.6692
0.9,-0.95,0.9913,0.9615,0.6844
0.95,-0.95,0.9948,0.9556,0.6849
1.0,-0.95,0.997,0.9387,0.6682
1.05,-0.95,0.9984,0.9115,0.6562
1.1,-0.95,0.999,0.8755,0.6589
1.15,-0.95,0.9993,0.8255,0.666
1.2,-0.95,0.9987,0.7659,0.6696
1.25,-0.95,0.997,0.7981,0.6766
1.3,-0.95,0.9905,0.8635,0.6936
1.35,-0.95,0.9757,0.9182,0.7171
1.4,-0.95,0.9444,0.9588,0.7394
1.45,-0.95,0.8886,0.9829,0.7616
1.5,-0.95,0.7891,0.9932,0.7924
1.55,-0.95,0.7185,0.9977,0.8217
1.6,-0.95,0.687,0.9992,0.8491
1.65,-0.95,0.6536,0.9997,0.8734
1.7,-0.95,0.6186,0.9999,0.8949
1.75,-0.95,0.6012,1.0,0.9143
1.8,-0.95,0.5867,1.0,0.9305
1.85,-0.95,0.5721,1.0,0.9406
1.9,-0.95,0.5708,1.0,0.949
1.95,-0.95,0.7098,1.0,0.9563
2.0,-0.95,0.8182,1.0,0.9626
2.05,-0.95,0.9013,1.0,0.968
2.1,-0.95,0.9491,1.0,0.9727
2.15,-0.95,0.9744,1.0,0.9766
2.2,-0.95,0.9873,1.0,0.9803
2.25,-0.95,0.9939,1.0,0.9837
2.3,-0.95,0.9972,1.0,0.9864
2.35,-0.95,0.9988,1.0,0.9887
2.4,-0.95,0.9995,1.0,0.9906
2.45,-0.95,0.9998,1.0,0.9921
2.5,-0.95,0.9999,1.0,0.9933
2.55,-0.95,1.0,1.0,0.9944
2.6,-0.95,1.0,1.0,0.9952
2.65,-0.95,1.0,1.0,0.9959
2.7,-0.95,1.0,1.0,0.9965
2.75,-0.95,1.0,1.0,0.997
2.8,-0.95,1.0,1.0,0.9974
2.85,-0.95,1.0,1.0,0.9978
2.9,-0.95,1.0,1.0,0.9982
2.95,-0.95,1.0,1.0,0.9984
3.0,-0.95,1.0,1.0,0.9987
3.05,-0.95,1.0,1.0,0.9989
3.1,-0.95,1.0,1.0,0.999
3.15,-0.95,1.0,1.0,0.9992
3.2,-0.95,1.0,1.0,0.9993
3.25,-0.95,1.0,1.0,0.9994
3.3,-0.95,1.0,1.0,0.9995
3.35,-0.95,1.0,1.0,0.9996
3.4,-0.95,1.0,1.0,0.9996
3.45,-0.95,1.0,1.0,0.9997
3.5,-0.95,1.0,1.0,0.9997
3.55,-0.95,1.0,1.0,0.9998
3.6,-0.95,1.0,1.0,0.9998
3.65,-0.95,1.0,1.0,0.9998
3.7,-0.95,1.0,1.0,0.9999
3.75,-0.95,1.0,1.0,0.9999
3.8,-0.95,1.0,1.0,0.9999
3.85,-0.95,1.0,1.0,0.9999
3.9,-0.95,1.0,1.0,0.9999
3.95,-0.95,1.0,1.0,0.9999
4.0,-0.95,1.0,1.0,1.0
-4.0,-0.9,0.0,0.0,0.0
-3.95,-0.9,0.0,0.0,0.0
-3.9,-0.9,0.0,0.0,0.0
-3.85,-0.9,0.0,0.0,0.0
-3.8,-0.9,0.0,0.0,0.0
-3.75,-0.9,0.0,0.0,0.0
-3.7,-0.9,0.0,0.0,0.0
-3.65,-0.9,0.0,0.0,0.0
-3.6,-0.9,0.0,0.0,0.0
-3.55,-0.9,0.0,0.0,0.0
-3.5,-0.9,0.0,0.0,0.0
-3.45,-0.9,0.0,0.0,0.0
-3.4,-0.9,0.0,0.0,0.0
-3.35,-0.9,0.0,0.0,0.0
-3.3,-0.9,0.0,0.0,0.0
-3.25,-0.9,0.0,0.0,0.0
-3.2,-0.9,0.0,0.0,0.0
-3.15,-0.9,0.0,0.0,0.0
-3.1,-0.9,0.0,0.0,0.0
-3.05,-0.9,0.0,0.0,0.0
-3.0,-0.9,0.0,0.0,0.0
-2.95,-0.9,0.0,0.0,0.0
-2.9,-0.9,0.0,0.0,0.0
-2.85,-0.9,0.0,0.0,0.0
-2.8,-0.9,0.0,0.0,0.0
-2.75,-0.9,0.0,0.0,0.0
-2.7,-0.9,0.0,0.0,0.0
-2.65,-0.9,0.0,0.0,0.0
-2.6,-0.9,0.0,0.0,0.0
-2.55,-0.9,0.0,0.0,0.0
-2.5,-0.9,0.0,0.0,0.0
-2.45,-0.9,0.0,0.0,0.0
-2.4,-0.9,0.0,0.0,0.0
-2.35,-0.9,0.0,0.0,0.0
-2.3,-0.9,0.0,0.0,0.0
-2.25,-0.9,0.0,0.0,0.0
-2.2,-0.9,0.0,0.0,0.0
-2.15,-0.9,0.0,0.0,0.0
-2.1,-0.9,0.0,0.0,0.0
-2.05,-0.9,0.0,0.0,0.0
-2.0,-0.9,0.0,0.0,0.0
-1.95,-0.9,0.0,0.0,0.0
-1.9,-0.9,0.0,0.0,0.0
-1.85,-0.9,0.0,0.0,0.0
-1.8,-0.9,0.0,0.0,0.0
-1.75,-0.9,0.0,0.0,0.0
-1.7,-0.9,0.0,0.0,0.0
-1.65,-0.9,0.0,0.0,0.0
-1.6,-0.9,0.0,0.0,0.0
-1.55,-0.9,0.0,0.0,0.0
-1.5,-0.9,0.0,0.0,0.0
-1.45,-0.9,0.0,0.0,0.0
-1.4,-0.9,0.0,0.0,0.0
-1.35,-0.9,0.0,0.0,0.0
-1.3,-0.9,0.0,0.0,0.0
-1.25,-0.9,0.0,0.0,0.0
-1.2,-0.9,0.0,0.0,0.0
-1.15,-0.9,0.0,0.0,0.0
-1.1,-0.9,0.0,0.0,0.0
-1.05,-0.9,0.0,0.0,0.0
-1.0,-0.9,0.0,0.0,0.0
-0.95,-0.9,0.0,0.0,0.0
-0.9,-0.9,0.0,0.0,0.0
-0.85,-0.9,0.0002,0.0,0.0
-0.8,-0.9,0.0008,0.0,0.0
-0.75,-0.9,0.0041,0.0,1e-04
-0.7,-0.9,0.0201,0.0,0.0002
-0.65,-0.9,0.0787,0.0,0.0007
-0.6,-0.9,0.1891,0.0003,0.0018
-0.55,-0.9,0.354,0.0034,0.0047
-0.5,-0.9,0.5011,0.022,0.0119
-0.45,-0.9,0.5332,0.0718,0.0229
-0.4,-0.9,0.4324,0.1705,0.0399
-0.35,-0.9,0.3165,0.2192,0.0587
-0.3,-0.9,0.136,0.162,0.0682
-0.25,-0.9,0.035,0.0957,0.0786
-0.2,-0.9,0.0063,0.0522,0.0859
-0.15,-0.9,0.001,0.0281,0.0872
-0.1,-0.9,0.0002,0.0157,0.0886
-0.05,-0.9,0.0,0.011,0.0921
0.0,-0.9,0.0,0.0088,0.0951
0.05,-0.9,0.0,0.0088,0.0979
0.1,-0.9,0.0,0.0101,0.1008
0.15,-0.9,1e-04,0.0129,0.1064
0.2,-0.9,0.0004,0.0166,0.1131
0.25,-0.9,0.0019,0.0204,0.1206
0.3,-0.9,0.0026,0.0244,0.1358
0.35,-0.9,0.0016,0.0286,0.1544
0.4,-0.9,0.0014,0.0414,0.1787
0.45,-0.9,0.0014,0.0818,0.2009
0.5,-0.9,0.0036,0.1741,0.2264
0.55,-0.9,0.0178,0.368,0.251
0.6,-0.9,0.0845,0.6143,0.2748
0.65,-0.9,0.1819,0.8048,0.3111
0.7,-0.9,0.3443,0.921,0.3796
0.75,-0.9,0.7004,0.9404,0.4714
0.8,-0.9,0.9359,0.9458,0.6023
0.85,-0.9,0.9937,0.9399,0.6758
0.9,-0.9,0.9977,0.934,0.7068
0.95,-0.9,0.9986,0.9207,0.711
1.0,-0.9,0.9992,0.9,0.7235
1.05,-0.9,0.9995,0.8721,0.71
1.1,-0.9,0.9997,0.8297,0.7018
1.15,-0.9,0.9996,0.7754,0.7025
1.2,-0.9,0.9991,0.7113,0.7073
1.25,-0.9,0.9968,0.6335,0.7158
1.3,-0.9,0.9882,0.6785,0.7257
1.35,-0.9,0.9664,0.7828,0.737
1.4,-0.9,0.9198,0.8664,0.7574
1.45,-0.9,0.8357,0.9379,0.7772
1.5,-0.9,0.7047,0.9743,0.8039
1.55,-0.9,0.6254,0.9904,0.8314
1.6,-0.9,0.5894,0.9968,0.8574
1.65,-0.9,0.5524,0.9989,0.8806
1.7,-0.9,0.515,0.9996,0.9
1.75,-0.9,0.4779,0.9999,0.9129
1.8,-0.9,0.4411,1.0,0.9249
1.85,-0.9,0.4154,1.0,0.9354
1.9,-0.9,0.4142,1.0,0.9445
1.95,-0.9,0.5219,1.0,0.9524
2.0,-0.9,0.6898,1.0,0.9592
2.05,-0.9,0.8208,1.0,0.9651
2.1,-0.9,0.906,1.0,0.9701
2.15,-0.9,0.9532,1.0,0.9745
2.2,-0.9,0.9799,1.0,0.9786
2.25,-0.9,0.9921,1.0,0.9822
2.3,-0.9,0.9969,1.0,0.9852
2.35,-0.9,0.9988,1.0,0.9877
2.4,-0.9,0.9995,1.0,0.9896
2.45,-0.9,0.9998,1.0,0.9912
2.5,-0.9,0.9999,1.0,0.9926
2.55,-0.9,1.0,1.0,0.9936
2.6,-0.9,1.0,1.0,0.9946
2.65,-0.9,1.0,1.0,0.9953
2.7,-0.9,1.0,1.0,0.996
2.75,-0.9,1.0,1.0,0.9966
2.8,-0.9,1.0,1.0,0.9971
2.85,-0.9,1.0,1.0,0.9975
2.9,-0.9,1.0,1.0,0.9979
2.95,-0.9,1.0,1.0,0.9982
3.0,-0.9,1.0,1.0,0.9985
3.05,-0.9,1.0,1.0,0.9987
3.1,-0.9,1.0,1.0,0.9989
3.15,-0.9,1.0,1.0,0.9991
3.2,-0.9,1.0,1.0,0.9992
3.25,-0.9,1.0,1.0,0.9993
3.3,-0.9,1.0,1.0,0.9994
3.35,-0.9,1.0,1.0,0.9995
3.4,-0.9,1.0,1.0,0.9996
3.45,-0.9,1.0,1.0,0.9997
3.5,-0.9,1.0,1.0,0.9997
3.55,-0.9,1.0,1.0,0.9998
3.6,-0.9,1.0,1.0,0.9998
3.65,-0.9,1.0,1.0,0.9998
3.7,-0.9,1.0,1.0,0.9998
3.75,-0.9,1.0,1.0,0.9999
3.8,-0.9,1.0,1.0,0.9999
3.85,-0.9,1.0,1.0,0.9999
3.9,-0.9,1.0,1.0,0.9999
3.95,-0.9,1.0,1.0,0.9999
4.0,-0.9,1.0,1.0,0.9999
-4.0,-0.85,0.0,0.0,0.0
-3.95,-0.85,0.0,0.0,0.0
-3.9,-0.85,0.0,0.0,0.0
-3.85,-0.85,0.0,0.0,0.0
-3.8,-0.85,0.0,0.0,0.0
-3.75,-0.85,0.0,0.0,0.0
-3.7,-0.85,0.0,0.0,0.0
-3.65,-0.85,0.0,0.0,0.0
-3.6,-0.85,0.0,0.0,0.0
-3.55,-0.85,0.0,0.0,0.0
-3.5,-0.85,0.0,0.0,0.0
-3.45,-0.85,0.0,0.0,0.0
-3.4,-0.85,0.0,0.0,0.0
-3.35,-0.85,0.0,0.0,0.0
-3.3,-0.85,0.0,0.0,0.0
-3.25,-0.85,0.0,0.0,0.0
-3.2,-0.85,0.0,0.0,0.0
-3.15,-0.85,0.0,0.0,0.0
-3.1,-0.85,0.0,0.0,0.0
-3.05,-0.85,0.0,0.0,0.0
-3.0,-0.85,0.0,0.0,0.0
-2.95,-0.85,0.0,0.0,0.0
-2.9,-0.85,0.0,0.0,0.0
-2.85,-0.85,0.0,0.0,0.0
-2.8,-0.85,0.0,0.0,0.0
-2.75,-0.85,0.0,0.0,0.0
-2.7,-0.85,0.0,0.0,0.0
-2.65,-0.85,0.0,0.0,0.0
-2.6,-0.85,0.0,0.0,0.0
-2.55,-0.85,0.0,0.0,0.0
-2.5,-0.85,0.0,0.0,0.0
-2.45,-0.85,0.0,0.0,0.0
-2.4,-0.85,0.0,0.0,0.0
-2.35,-0.85,0.0,0.0,0.0
-2.3,-0.85,0.0,0.0,0.0
-2.25,-0.85,0.0,0.0,0.0
-2.2,-0.85,0.0,0.0,0.0
-2.15,-0.85,0.0,0.0,0.0
-2.1,-0.85,0.0,0.0,0.0
-2.05,-0.85,0.0,0.0,0.0
-2.0,-0.85,0.0,0.0,0.0
-1.95,-0.85,0.0,0.0,0.0
-1.9,-0.85,0.0,0.0,0.0
-1.85,-0.85,0.0,0.0,0.0
-1.8,-0.85,0.0,0.0,0.0
-1.75,-0.85,0.0,0.0,0.0
-1.7,-0.85,0.0,0.0,0.0
-1.65,-0.85,0.0,0.0,0.0
-1.6,-0.85,0.0,0.0,0.0
-1.55,-0.85,0.0,0.0,0.0
-1.5,-0.85,0.0,0.0,0.0
-1.45,-0.85,0.0,0.0,0.0
-1.4,-0.85,0.0,0.0,0.0
-1.35,-0.85,0.0,0.0,0.0
-1.3,-0.85,0.0,0.0,0.0
-1.25,-0.85,0.0,0.0,0.0
-1.2,-0.85,0.0,0.0,0.0
-1.15,-0.85,0.0,0.0,0.0
-1.1,-0.85,0.0,0.0,0.0
-1.05,-0.85,0.0,0.0,0.0
-1.0,-0.85,0.0,0.0,0.0
-0.95,-0.85,0.0,0.0,0.0
-0.9,-0.85,0.0,0.0,0.0
-0.85,-0.85,0.0002,0.0,0.0
-0.8,-0.85,0.001,0.0,1e-04
-0.75,-0.85,0.0052,0.0,0.0002
-0.7,-0.85,0.0255,0.0,0.0006
-0.65,-0.85,0.1153,0.0,0.0016
-0.6,-0.85,0.3428,0.0011,0.0041
-0.55,-0.85,0.5676,0.0129,0.0107
-0.5,-0.85,0.7249,0.0653,0.0225
-0.45,-0.85,0.7123,0.165,0.0396
-0.4,-0.85,0.5887,0.3053,0.0627
-0.35,-0.85,0.4285,0.3037,0.0747
-0.3,-0.85,0.1708,0.1957,0.0863
-0.25,-0.85,0.044,0.1162,0.0953
-0.2,-0.85,0.0078,0.0655,0.0967
-0.15,-0.85,0.0013,0.0358,0.0981
-0.1,-0.85,0.0002,0.0224,0.1005
-0.05,-0.85,0.0,0.0164,0.1041
0.0,-0.85,1e-04,0.0149,0.107
0.05,-0.85,1e-04,0.0164,0.1101
0.1,-0.85,0.0003,0.0203,0.1135
0.15,-0.85,0.0008,0.0256,0.1204
0.2,-0.85,0.0034,0.0317,0.1283
0.25,-0.85,0.0148,0.0376,0.1456
0.3,-0.85,0.015,0.0484,0.1692
0.35,-0.85,0.0112,0.1142,0.1994
0.4,-0.85,0.0106,0.2466,0.2245
0.45,-0.85,0.014,0.4364,0.2511
0.5,-0.85,0.0184,0.6483,0.2756
0.55,-0.85,0.0377,0.7629,0.3062
0.6,-0.85,0.0878,0.803,0.3421
0.65,-0.85,0.1815,0.8074,0.3708
0.7,-0.85,0.3876,0.847,0.4205
0.75,-0.85,0.7514,0.8667,0.4694
0.8,-0.85,0.9637,0.882,0.5776
0.85,-0.85,0.9973,0.8769,0.6845
0.9,-0.85,0.9993,0.8688,0.7288
0.95,-0.85,0.9995,0.8571,0.7499
1.0,-0.85,0.9997,0.8391,0.7634
1.05,-0.85,0.9998,0.8182,0.7778
1.1,-0.85,0.9998,0.7814,0.7742
1.15,-0.85,0.9997,0.7269,0.7619
1.2,-0.85,0.999,0.6586,0.7586
1.25,-0.85,0.9963,0.5842,0.7614
1.3,-0.85,0.9866,0.5025,0.7663
1.35,-0.85,0.9553,0.5414,0.7717
1.4,-0.85,0.8917,0.6724,0.7774
1.45,-0.85,0.7665,0.8026,0.7949
1.5,-0.85,0.6034,0.9118,0.8149
1.55,-0.85,0.522,0.9634,0.8412
1.6,-0.85,0.4843,0.9875,0.8621
1.65,-0.85,0.4474,0.9958,0.8779
1.7,-0.85,0.411,0.9986,0.8928
1.75,-0.85,0.3869,0.9995,0.9061
1.8,-0.85,0.3676,0.9998,0.9183
1.85,-0.85,0.3488,0.9999,0.9296
1.9,-0.85,0.3344,1.0,0.9395
1.95,-0.85,0.3639,1.0,0.948
2.0,-0.85,0.5553,1.0,0.9554
2.05,-0.85,0.7551,1.0,0.9618
2.1,-0.85,0.8851,1.0,0.9673
2.15,-0.85,0.9507,1.0,0.972
2.2,-0.85,0.9804,1.0,0.9762
2.25,-0.85,0.9924,1.0,0.9798
2.3,-0.85,0.997,1.0,0.9829
2.35,-0.85,0.9989,1.0,0.9855
2.4,-0.85,0.9996,1.0,0.9877
2.45,-0.85,0.9998,1.0,0.9896
2.5,-0.85,0.9999,1.0,0.9912
2.55,-0.85,1.0,1.0,0.9926
2.6,-0.85,1.0,1.0,0.9937
2.65,-0.85,1.0,1.0,0.9947
2.7,-0.85,1.0,1.0,0.9954
2.75,-0.85,1.0,1.0,0.9961
2.8,-0.85,1.0,1.0,0.9967
2.85,-0.85,1.0,1.0,0.9972
2.9,-0.85,1.0,1.0,0.9976
2.95,-0.85,1.0,1.0,0.9979
3.0,-0.85,1.0,1.0,0.9982
3.05,-0.85,1.0,1.0,0.9985
3.1,-0.85,1.0,1.0,0.9987
3.15,-0.85,1.0,1.0,0.9989
3.2,-0.85,1.0,1.0,0.9991
3.25,-0.85,1.0,1.0,0.9992
3.3,-0.85,1.0,1.0,0.9993
3.35,-0.85,1.0,1.0,0.9994
3.4,-0.85,1.0,1.0,0.9995
3.45,-0.85,1.0,1.0,0.9996
3.5,-0.85,1.0,1.0,0.9997
3.55,-0.85,1.0,1.0,0.9997
3.6,-0.85,1.0,1.0,0.9998
3.65,-0.85,1.0,1.0,0.9998
3.7,-0.85,1.0,1.0,0.9998
3.75,-0.85,1.0,1.0,0.9999
3.8,-0.85,1.0,1.0,0.9999
3.85,-0.85,1.0,1.0,0.9999
3.9,-0.85,1.0,1.0,0.9999
3.95,-0.85,1.0,1.0,0.9999
4.0,-0.85,1.0,1.0,0.9999
-4.0,-0.8,0.0,0.0,0.0
-3.95,-0.8,0.0,0.0,0.0
-3.9,-0.8,0.0,0.0,0.0
-3.85,-0.8,0.0,0.0,0.0
-3.8,-0.8,0.0,0.0,0.0
-3.75,-0.8,0.0,0.0,0.0
-3.7,-0.8,0.0,0.0,0.0
-3.65,-0.8,0.0,0.0,0.0
-3.6,-0.8,0.0,0.0,0.0
-3.55,-0.8,0.0,0.0,0.0
-3.5,-0.8,0.0,0.0,0.0
-3.45,-0.8,0.0,0.0,0.0
-3.4,-0.8,0.0,0.0,0.0
-3.35,-0.8,0.0,0.0,0.0
-3.3,-0.8,0.0,0.0,0.0
-3.25,-0.8,0.0,0.0,0.0
-3.2,-0.8,0.0,0.0,0.0
-3.15,-0.8,0.0,0.0,0.0
-3.1,-0.8,0.0,0.0,0.0
-3.05,-0.8,0.0,0.0,0.0
-3.0,-0.8,0.0,0.0,0.0
-2.95,-0.8,0.0,0.0,0.0
-2.9,-0.8,0.0,0.0,0.0
-2.85,-0.8,0.0,0.0,0.0
-2.8,-0.8,0.0,0.0,0.0
-2.75,-0.8,0.0,0.0,0.0
-2.7,-0.8,0.0,0.0,0.0
-2.65,-0.8,0.0,0.0,0.0
-2.6,-0.8,0.0,0.0,0.0
-2.55,-0.8,0.0,0.0,0.0
-2.5,-0.8,0.0,0.0,0.0
-2.45,-0.8,0.0,0.0,0.0
-2.4,-0.8,0.0,0.0,0.0
-2.35,-0.8,0.0,0.0,0.0
-2.3,-0.8,0.0,0.0,0.0
-2.25,-0.8,0.0,0.0,0.0
-2.2,-0.8,0.0,0.0,0.0
-2.15,-0.8,0.0,0.0,0.0
-2.1,-0.8,0.0,0.0,0.0
-2.05,-0.8,0.0,0.0,0.0
-2.0,-0.8,0.0,0.0,0.0
-1.95,-0.8,0.0,0.0,0.0
-1.9,-0.8,0.0,0.0,0.0
-1.85,-0.8,0.0,0.0,0.0
-1.8,-0.8,0.0,0.0,0.0
-1.75,-0.8,0.0,0.0,0.0
-1.7,-0.8,0.0,0.0,0.0
-1.65,-0.8,0.0,0.0,0.0
-1.6,-0.8,0.0,0.0,0.0
-1.55,-0.8,0.0,0.0,0.0
-1.5,-0.8,0.0,0.0,0.0
-1.45,-0.8,0.0,0.0,0.0
-1.4,-0.8,0.0,0.0,0.0
-1.35,-0.8,0.0,0.0,0.0
-1.3,-0.8,0.0,0.0,0.0
-1.25,-0.8,0.0,0.0,0.0
-1.2,-0.8,0.0,0.0,0.0
-1.15,-0.8,0.0,0.0,0.0
-1.1,-0.8,0.0,0.0,0.0
-1.05,-0.8,0.0,0.0,0.0
-1.0,-0.8,0.0,0.0,0.0
-0.95,-0.8,0.0,0.0,0.0
-0.9,-0.8,0.0,0.0,0.0
-0.85,-0.8,0.0002,0.0,0.0
-0.8,-0.8,0.0009,0.0,1e-04
-0.75,-0.8,0.0049,0.0,0.0005
-0.7,-0.8,0.0262,0.0,0.0013
-0.65,-0.8,0.128,1e-04,0.0036
-0.6,-0.8,0.4445,0.0032,0.0093
-0.55,-0.8,0.7431,0.0476,0.0218
-0.5,-0.8,0.8228,0.1485,0.0393
-0.45,-0.8,0.8175,0.3308,0.0651
-0.4,-0.8,0.7288,0.4036,0.0816
-0.35,-0.8,0.4958,0.3495,0.0941
-0.3,-0.8,0.2129,0.233,0.1051
-0.25,-0.8,0.0551,0.1405,0.107
-0.2,-0.8,0.0098,0.0813,0.1085
-0.15,-0.8,0.0017,0.0462,0.11
-0.1,-0.8,0.0003,0.0309,0.1134
-0.05,-0.8,1e-04,0.0239,0.1168
0.0,-0.8,0.0005,0.0254,0.1201
0.05,-0.8,0.0011,0.0303,0.1235
0.1,-0.8,0.0023,0.038,0.1281
0.15,-0.8,0.0069,0.0476,0.1379
0.2,-0.8,0.0278,0.0576,0.156
0.25,-0.8,0.108,0.1009,0.1831
0.3,-0.8,0.12,0.3215,0.219
0.35,-0.8,0.1379,0.5314,0.2508
0.4,-0.8,0.1448,0.7348,0.2764
0.45,-0.8,0.1428,0.8088,0.3058
0.5,-0.8,0.096,0.7994,0.3456
0.55,-0.8,0.0511,0.736,0.3824
0.6,-0.8,0.0693,0.6727,0.4166
0.65,-0.8,0.1468,0.6347,0.4348
0.7,-0.8,0.3576,0.6704,0.4605
0.75,-0.8,0.7711,0.7342,0.5162
0.8,-0.8,0.9718,0.7717,0.5883
0.85,-0.8,0.998,0.7821,0.6966
0.9,-0.8,0.9996,0.7718,0.7647
0.95,-0.8,0.9998,0.7732,0.8028
1.0,-0.8,0.9998,0.7748,0.8211
1.05,-0.8,0.9998,0.7641,0.8392
1.1,-0.8,0.9998,0.7281,0.8525
1.15,-0.8,0.9995,0.6651,0.8389
1.2,-0.8,0.9986,0.5925,0.8188
1.25,-0.8,0.9952,0.5129,0.8106
1.3,-0.8,0.9845,0.4404,0.8078
1.35,-0.8,0.9472,0.3979,0.8114
1.4,-0.8,0.853,0.4326,0.8159
1.45,-0.8,0.6984,0.5706,0.8209
1.5,-0.8,0.4883,0.7459,0.8251
1.55,-0.8,0.4132,0.8807,0.8371
1.6,-0.8,0.3875,0.953,0.8529
1.65,-0.8,0.3685,0.9839,0.8692
1.7,-0.8,0.3511,0.9946,0.885
1.75,-0.8,0.3385,0.9982,0.8992
1.8,-0.8,0.3264,0.9994,0.9117
1.85,-0.8,0.3271,0.9998,0.9234
1.9,-0.8,0.3401,0.9999,0.934
1.95,-0.8,0.4067,1.0,0.943
2.0,-0.8,0.5962,1.0,0.9502
2.05,-0.8,0.7608,1.0,0.9565
2.1,-0.8,0.8848,1.0,0.962
2.15,-0.8,0.9522,1.0,0.9669
2.2,-0.8,0.981,1.0,0.9719
2.25,-0.8,0.9926,1.0,0.9761
2.3,-0.8,0.9971,1.0,0.9798
2.35,-0.8,0.9989,1.0,0.9829
2.4,-0.8,0.9996,1.0,0.9855
2.45,-0.8,0.9998,1.0,0.9877
2.5,-0.8,0.9999,1.0,0.9896
2.55,-0.8,1.0,1.0,0.9912
2.6,-0.8,1.0,1.0,0.9926
2.65,-0.8,1.0,1.0,0.9937
2.7,-0.8,1.0,1.0,0.9947
2.75,-0.8,1.0,1.0,0.9955
2.8,-0.8,1.0,1.0,0.9962
2.85,-0.8,1.0,1.0,0.9967
2.9,-0.8,1.0,1.0,0.9972
2.95,-0.8,1.0,1.0,0.9976
3.0,-0.8,1.0,1.0,0.998
3.05,-0.8,1.0,1.0,0.9983
3.1,-0.8,1.0,1.0,0.9985
3.15,-0.8,1.0,1.0,0.9988
3.2,-0.8,1.0,1.0,0.9989
3.25,-0.8,1.0,1.0,0.9991
3.3,-0.8,1.0,1.0,0.9992
3.35,-0.8,1.0,1.0,0.9994
3.4,-0.8,1.0,1.0,0.9994
3.45,-0.8,1.0,1.0,0.9995
3.5,-0.8,1.0,1.0,0.9996
3.55,-0.8,1.0,1.0,0.9997
3.6,-0.8,1.0,1.0,0.9997
3.65,-0.8,1.0,1.0,0.9998
3.7,-0.8,1.0,1.0,0.9998
3.75,-0.8,1.0,1.0,0.9998
3.8,-0.8,1.0,1.0,0.9999
3.85,-0.8,1.0,1.0,0.9999
3.9,-0.8,1.0,1.0,0.9999
3.95,-0.8,1.0,1.0,0.9999
4.0,-0.8,1.0,1.0,0.9999
-4.0,-0.75,0.0,0.0,0.0
-3.95,-0.75,0.0,0.0,0.0
-3.9,-0.75,0.0,0.0,0.0
-3.85,-0.75,0.0,0.0,0.0
-3.8,-0.75,0.0,0.0,0.0
-3.75,-0.75,0.0,0.0,0.0
-3.7,-0.75,0.0,0.0,0.0
-3.65,-0.75,0.0,0.0,0.0
-3.6,-0.75,0.0,0.0,0.0
-3.55,-0.75,0.0,0.0,0.0
-3.5,-0.75,0.0,0.0,0.0
-3.45,-0.75,0.0,0.0,0.0
-3.4,-0.75,0.0,0.0,0.0
-3.35,-0.75,0.0,0.0,0.0
-3.3,-0.75,0.0,0.0,0.0
-3.25,-0.75,0.0,0.0,0.0
-3.2,-0.75,0.0,0.0,0.0
-3.15,-0.75,0.0,0.0,0.0
-3.1,-0.75,0.0,0.0,0.0
-3.05,-0.75,0.0,0.0,0.0
-3.0,-0.75,0.0,0.0,0.0
-2.95,-0.75,0.0,0.0,0.0
-2.9,-0.75,0.0,0.0,0.0
-2.85,-0.75,0.0,0.0,0.0
-2.8,-0.75,0.0,0.0,0.0
-2.75,-0.75,0.0,0.0,0.0
-2.7,-0.75,0.0,0.0,0.0
-2.65,-0.75,0.0,0.0,0.0
-2.6,-0.75,0.0,0.0,0.0
-2.55,-0.75,0.0,0.0,0.0
-2.5,-0.75,0.0,0.0,0.0
-2.45,-0.75,0.0,0.0,0.0
-2.4,-0.75,0.0,0.0,0.0
-2.35,-0.75,0.0,0.0,0.0
-2.3,-0.75,0.0,0.0,0.0
-2.25,-0.75,0.0,0.0,0.0
-2.2,-0.75,0.0,0.0,0.0
-2.15,-0.75,0.0,0.0,0.0
-2.1,-0.75,0.0,0.0,0.0
-2.05,-0.75,0.0,0.0,0.0
-2.0,-0.75,0.0,0.0,0.0
-1.95,-0.75,0.0,0.0,0.0
-1.9,-0.75,0.0,0.0,0.0
-1.85,-0.75,0.0,0.0,0.0
-1.8,-0.75,0.0,0.0,0.0
-1.75,-0.75,0.0,0.0,0.0
-1.7,-0.75,0.0,0.0,0.0
-1.65,-0.75,0.0,0.0,0.0
-1.6,-0.75,0.0,0.0,0.0
-1.55,-0.75,0.0,0.0,0.0
-1.5,-0.75,0.0,0.0,0.0
-1.45,-0.75,0.0,0.0,0.0
-1.4,-0.75,0.0,0.0,0.0
-1.35,-0.75,0.0,0.0,0.0
-1.3,-0.75,0.0,0.0,0.0
-1.25,-0.75,0.0,0.0,0.0
-1.2,-0.75,0.0,0.0,0.0
-1.15,-0.75,0.0,0.0,0.0
-1.1,-0.75,0.0,0.0,0.0
-1.05,-0.75,0.0,0.0,0.0
-1.0,-0.75,0.0,0.0,0.0
-0.95,-0.75,0.0,0.0,0.0
-0.9,-0.75,0.0,0.0,0.0
-0.85,-0.75,1e-04,0.0,1e-04
-0.8,-0.75,0.0008,0.0,0.0004
-0.75,-0.75,0.0042,0.0,0.0011
-0.7,-0.75,0.0228,0.0,0.0031
-0.65,-0.75,0.1143,0.0002,0.0081
-0.6,-0.75,0.4006,0.0083,0.0201
-0.55,-0.75,0.682,0.0926,0.039
-0.5,-0.75,0.7939,0.2987,0.0653
-0.45,-0.75,0.8419,0.4447,0.0899
-0.4,-0.75,0.8098,0.4047,0.1032
-0.35,-0.75,0.5509,0.3563,0.115
-0.3,-0.75,0.2617,0.2434,0.1176
-0.25,-0.75,0.0688,0.1476,0.1198
-0.2,-0.75,0.0125,0.0933,0.1214
-0.15,-0.75,0.0025,0.0588,0.1231
-0.1,-0.75,0.0005,0.0408,0.1273
-0.05,-0.75,0.0021,0.039,0.1308
0.0,-0.75,0.0045,0.0454,0.1345
0.05,-0.75,0.0109,0.0555,0.1382
0.1,-0.75,0.0191,0.0678,0.1483
0.15,-0.75,0.0693,0.0919,0.167
0.2,-0.75,0.263,0.2714,0.198
0.25,-0.75,0.6042,0.5808,0.2387
0.3,-0.75,0.7104,0.7796,0.2772
0.35,-0.75,0.7193,0.8118,0.3068
0.4,-0.75,0.699,0.8079,0.351
0.45,-0.75,0.4888,0.7563,0.4013
0.5,-0.75,0.2674,0.6846,0.4428
0.55,-0.75,0.1276,0.6022,0.4675
0.6,-0.75,0.0721,0.5111,0.4972
0.65,-0.75,0.1204,0.4501,0.5289
0.7,-0.75,0.3139,0.4735,0.5674
0.75,-0.75,0.7692,0.5658,0.6325
0.8,-0.75,0.9744,0.6339,0.7026
0.85,-0.75,0.9983,0.6951,0.7862
0.9,-0.75,0.9998,0.7157,0.8537
0.95,-0.75,0.9998,0.7453,0.8819
1.0,-0.75,0.9998,0.7911,0.895
1.05,-0.75,0.9998,0.8302,0.897
1.1,-0.75,0.9995,0.8477,0.9008
1.15,-0.75,0.999,0.807,0.9029
1.2,-0.75,0.9975,0.6973,0.8927
1.25,-0.75,0.9915,0.5073,0.8782
1.3,-0.75,0.9726,0.3998,0.8649
1.35,-0.75,0.9156,0.338,0.8579
1.4,-0.75,0.7731,0.3092,0.8468
1.45,-0.75,0.5846,0.3282,0.8394
1.5,-0.75,0.3994,0.4901,0.8365
1.55,-0.75,0.3531,0.6881,0.8363
1.6,-0.75,0.3405,0.8465,0.8482
1.65,-0.75,0.3309,0.942,0.8617
1.7,-0.75,0.3385,0.9801,0.8766
1.75,-0.75,0.3518,0.9934,0.8909
1.8,-0.75,0.3653,0.9978,0.9028
1.85,-0.75,0.379,0.9993,0.9135
1.9,-0.75,0.393,0.9998,0.9234
1.95,-0.75,0.4892,0.9999,0.9329
2.0,-0.75,0.6781,1.0,0.9412
2.05,-0.75,0.8239,1.0,0.9486
2.1,-0.75,0.9122,1.0,0.9551
2.15,-0.75,0.9584,1.0,0.9609
2.2,-0.75,0.9819,1.0,0.9668
2.25,-0.75,0.9931,1.0,0.9718
2.3,-0.75,0.9974,1.0,0.9761
2.35,-0.75,0.999,1.0,0.9797
2.4,-0.75,0.9996,1.0,0.9828
2.45,-0.75,0.9999,1.0,0.9855
2.5,-0.75,1.0,1.0,0.9877
2.55,-0.75,1.0,1.0,0.9896
2.6,-0.75,1.0,1.0,0.9912
2.65,-0.75,1.0,1.0,0.9926
2.7,-0.75,1.0,1.0,0.9937
2.75,-0.75,1.0,1.0,0.9947
2.8,-0.75,1.0,1.0,0.9955
2.85,-0.75,1.0,1.0,0.9962
2.9,-0.75,1.0,1.0,0.9968
2.95,-0.75,1.0,1.0,0.9973
3.0,-0.75,1.0,1.0,0.9977
3.05,-0.75,1.0,1.0,0.998
3.1,-0.75,1.0,1.0,0.9983
3.15,-0.75,1.0,1.0,0.9986
3.2,-0.75,1.0,1.0,0.9988
3.25,-0.75,1.0,1.0,0.999
3.3,-0.75,1.0,1.0,0.9991
3.35,-0.75,1.0,1.0,0.9993
3.4,-0.75,1.0,1.0,0.9994
3.45,-0.75,1.0,1.0,0.9995
3.5,-0.75,1.0,1.0,0.9995
3.55,-0.75,1.0,1.0,0.9996
3.6,-0.75,1.0,1.0,0.9997
3.65,-0.75,1.0,1.0,0.9997
3.7,-0.75,1.0,1.0,0.9998
3.75,-0.75,1.0,1.0,0.9998
3.8,-0.75,1.0,1.0,0.9998
3.85,-0.75,1.0,1.0,0.9999
3.9,-0.75,1.0,1.0,0.9999
3.95,-0.75,1.0,1.0,0.9999
4.0,-0.75,1.0,1.0,0.9999
-4.0,-0.7,0.0,0.0,0.0
-3.95,-0.7,0.0,0.0,0.0
-3.9,-0.7,0.0,0.0,0.0
-3.85,-0.7,0.0,0.0,0.0
-3.8,-0.7,0.0,0.0,0.0
-3.75,-0.7,0.0,0.0,0.0
-3.7,-0.7,0.0,0.0,0.0
-3.65,-0.7,0.0,0.0,0.0
-3.6,-0.7,0.0,0.0,0.0
-3.55,-0.7,0.0,0.0,0.0
-3.5,-0.7,0.0,0.0,0.0
-3.45,-0.7,0.0,0.0,0.0
-3.4,-0.7,0.0,0.0,0.0
-3.35,-0.7,0.0,0.0,0.0
-3.3,-0.7,0.0,0.0,0.0
-3.25,-0.7,0.0,0.0,0.0
-3.2,-0.7,0.0,0.0,0.0
-3.15,-0.7,0.0,0.0,0.0
-3.1,-0.7,0.0,0.0,0.0
-3.05,-0.7,0.0,0.0,0.0
-3.0,-0.7,0.0,0.0,0.0
-2.95,-0.7,0.0,0.0,0.0
-2.9,-0.7,0.0,0.0,0.0
-2.85,-0.7,0.0,0.0,0.0
-2.8,-0.7,0.0,0.0,0.0
-2.75,-0.7,0.0,0.0,0.0
-2.7,-0.7,0.0,0.0,0.0
-2.65,-0.7,0.0,0.0,0.0
-2.6,-0.7,0.0,0.0,0.0
-2.55,-0.7,0.0,0.0,0.0
-2.5,-0.7,0.0,0.0,0.0
-2.45,-0.7,0.0,0.0,0.0
-2.4,-0.7,0.0,0.0,0.0
-2.35,-0.7,0.0,0.0,0.0
-2.3,-0.7,0.0,0.0,0.0
-2.25,-0.7,0.0,0.0,0.0
-2.2,-0.7,0.0,0.0,0.0
-2.15,-0.7,0.0,0.0,0.0
-2.1,-0.7,0.0,0.0,0.0
-2.05,-0.7,0.0,0.0,0.0
-2.0,-0.7,0.0,0.0,0.0
-1.95,-0.7,0.0,0.0,0.0
-1.9,-0.7,0.0,0.0,0.0
-1.85,-0.7,0.0,0.0,0.0
-1.8,-0.7,0.0,0.0,0.0
-1.75,-0.7,0.0,0.0,0.0
-1.7,-0.7,0.0,0.0,0.0
-1.65,-0.7,0.0,0.0,0.0
-1.6,-0.7,0.0,0.0,0.0
-1.55,-0.7,0.0,0.0,0.0
-1.5,-0.7,0.0,0.0,0.0
-1.45,-0.7,0.0,0.0,0.0
-1.4,-0.7,0.0,0.0,0.0
-1.35,-0.7,0.0,0.0,0.0
-1.3,-0.7,0.0,0.0,0.0
-1.25,-0.7,0.0,0.0,0.0
-1.2,-0.7,0.0,0.0,0.0
-1.15,-0.7,0.0,0.0,0.0
-1.1,-0.7,0.0,0.0,0.0
-1.05,-0.7,0.0,0.0,0.0
-1.0,-0.7,0.0,0.0,0.0
-0.95,-0.7,0.0,0.0,0.0
-0.9,-0.7,0.0,0.0,1e-04
-0.85,-0.7,1e-04,0.0,0.0003
-0.8,-0.7,0.0006,0.0,0.001
-0.75,-0.7,0.0036,0.0,0.0027
-0.7,-0.7,0.0196,0.0,0.007
-0.65,-0.7,0.0974,0.0006,0.018
-0.6,-0.7,0.2698,0.0156,0.038
-0.55,-0.7,0.443,0.114,0.065
-0.5,-0.7,0.6315,0.3797,0.0985
-0.45,-0.7,0.7789,0.4378,0.1134
-0.4,-0.7,0.8008,0.3993,0.1265
-0.35,-0.7,0.4806,0.3516,0.1291
-0.3,-0.7,0.2249,0.2504,0.1317
-0.25,-0.7,0.0589,0.1581,0.1338
-0.2,-0.7,0.014,0.1,0.1353
-0.15,-0.7,0.0032,0.0688,0.1383
-0.1,-0.7,0.0043,0.0558,0.1424
-0.05,-0.7,0.0239,0.0614,0.1463
0.0,-0.7,0.0414,0.0717,0.1503
0.05,-0.7,0.1056,0.0848,0.1591
0.1,-0.7,0.1858,0.197,0.1786
0.15,-0.7,0.5572,0.4884,0.2137
0.2,-0.7,0.887,0.7788,0.2582
0.25,-0.7,0.964,0.7961,0.3068
0.3,-0.7,0.9754,0.8019,0.3689
0.35,-0.7,0.9617,0.7759,0.4229
0.4,-0.7,0.9037,0.7124,0.4766
0.45,-0.7,0.7779,0.6329,0.5152
0.5,-0.7,0.5664,0.5433,0.5478
0.55,-0.7,0.3515,0.4639,0.5861
0.6,-0.7,0.188,0.405,0.6288
0.65,-0.7,0.1054,0.3832,0.6736
0.7,-0.7,0.2904,0.3917,0.7186
0.75,-0.7,0.7906,0.483,0.7702
0.8,-0.7,0.9795,0.5867,0.8281
0.85,-0.7,0.9986,0.7127,0.8782
0.9,-0.7,0.9998,0.7874,0.9195
0.95,-0.7,0.9999,0.8379,0.9366
1.0,-0.7,0.9998,0.8686,0.9449
1.05,-0.7,0.9996,0.8968,0.9439
1.1,-0.7,0.9991,0.9233,0.943
1.15,-0.7,0.9981,0.9326,0.9444
1.2,-0.7,0.9953,0.9,0.9433
1.25,-0.7,0.9849,0.799,0.9297
1.3,-0.7,0.9533,0.6044,0.909
1.35,-0.7,0.8697,0.3551,0.8894
1.4,-0.7,0.6912,0.2784,0.8726
1.45,-0.7,0.4637,0.2489,0.8575
1.5,-0.7,0.2945,0.2619,0.8477
1.55,-0.7,0.2708,0.4445,0.8441
1.6,-0.7,0.306,0.6556,0.8407
1.65,-0.7,0.3436,0.836,0.8507
1.7,-0.7,0.3833,0.9387,0.8623
1.75,-0.7,0.4053,0.9789,0.8748
1.8,-0.7,0.4196,0.9931,0.888
1.85,-0.7,0.434,0.9978,0.9002
1.9,-0.7,0.4598,0.9993,0.9112
1.95,-0.7,0.5979,0.9998,0.921
2.0,-0.7,0.7727,0.9999,0.9307
2.05,-0.7,0.8859,1.0,0.9393
2.1,-0.7,0.9467,1.0,0.9469
2.15,-0.7,0.9759,1.0,0.954
2.2,-0.7,0.9893,1.0,0.9609
2.25,-0.7,0.9953,1.0,0.9667
2.3,-0.7,0.9979,1.0,0.9718
2.35,-0.7,0.9992,1.0,0.9761
2.4,-0.7,0.9997,1.0,0.9797
2.45,-0.7,0.9999,1.0,0.9828
2.5,-0.7,1.0,1.0,0.9854
2.55,-0.7,1.0,1.0,0.9877
2.6,-0.7,1.0,1.0,0.9896
2.65,-0.7,1.0,1.0,0.9912
2.7,-0.7,1.0,1.0,0.9925
2.75,-0.7,1.0,1.0,0.9937
2.8,-0.7,1.0,1.0,0.9947
2.85,-0.7,1.0,1.0,0.9955
2.9,-0.7,1.0,1.0,0.9962
2.95,-0.7,1.0,1.0,0.9968
3.0,-0.7,1.0,1.0,0.9973
3.05,-0.7,1.0,1.0,0.9977
3.1,-0.7,1.0,1.0,0.9981
3.15,-0.7,1.0,1.0,0.9983
3.2,-0.7,1.0,1.0,0.9986
3.25,-0.7,1.0,1.0,0.9988
3.3,-0.7,1.0,1.0,0.999
3.35,-0.7,1.0,1.0,0.9991
3.4,-0.7,1.0,1.0,0.9993
3.45,-0.7,1.0,1.0,0.9994
3.5,-0.7,1.0,1.0,0.9995
3.55,-0.7,1.0,1.0,0.9996
3.6,-0.7,1.0,1.0,0.9996
3.65,-0.7,1.0,1.0,0.9997
3.7,-0.7,1.0,1.0,0.9997
3.75,-0.7,1.0,1.0,0.9998
3.8,-0.7,1.0,1.0,0.9998
3.85,-0.7,1.0,1.0,0.9998
3.9,-0.7,1.0,1.0,0.9999
3.95,-0.7,1.0,1.0,0.9999
4.0,-0.7,1.0,1.0,0.9999
-4.0,-0.65,0.0,0.0,0.0
-3.95,-0.65,0.0,0.0,0.0
-3.9,-0.65,0.0,0.0,0.0
-3.85,-0.65,0.0,0.0,0.0
-3.8,-0.65,0.0,0.0,0.0
-3.75,-0.65,0.0,0.0,0.0
-3.7,-0.65,0.0,0.0,0.0
-3.65,-0.65,0.0,0.0,0.0
-3.6,-0.65,0.0,0.0,0.0
-3.55,-0.65,0.0,0.0,0.0
-3.5,-0.65,0.0,0.0,0.0
-3.45,-0.65,0.0,0.0,0.0
-3.4,-0.65,0.0,0.0,0.0
-3.35,-0.65,0.0,0.0,0.0
-3.3,-0.65,0.0,0.0,0.0
-3.25,-0.65,0.0,0.0,0.0
-3.2,-0.65,0.0,0.0,0.0
-3.15,-0.65,0.0,0.0,0.0
-3.1,-0.65,0.0,0.0,0.0
-3.05,-0.65,0.0,0.0,0.0
-3.0,-0.65,0.0,0.0,0.0
-2.95,-0.65,0.0,0.0,0.0
-2.9,-0.65,0.0,0.0,0.0
-2.85,-0.65,0.0,0.0,0.0
-2.8,-0.65,0.0,0.0,0.0
-2.75,-0.65,0.0,0.0,0.0
-2.7,-0.65,0.0,0.0,0.0
-2.65,-0.65,0.0,0.0,0.0
-2.6,-0.65,0.0,0.0,0.0
-2.55,-0.65,0.0,0.0,0.0
-2.5,-0.65,0.0,0.0,0.0
-2.45,-0.65,0.0,0.0,0.0
-2.4,-0.65,0.0,0.0,0.0
-2.35,-0.65,0.0,0.0,0.0
-2.3,-0.65,0.0,0.0,0.0
-2.25,-0.65,0.0,0.0,0.0
-2.2,-0.65,0.0,0.0,0.0
-2.15,-0.65,0.0,0.0,0.0
-2.1,-0.65,0.0,0.0,0.0
-2.05,-0.65,0.0,0.0,0.0
-2.0,-0.65,0.0,0.0,0.0
-1.95,-0.65,0.0,0.0,0.0
-1.9,-0.65,0.0,0.0,0.0
-1.85,-0.65,0.0,0.0,0.0
-1.8,-0.65,0.0,0.0,0.0
-1.75,-0.65,0.0,0.0,0.0
-1.7,-0.65,0.0,0.0,0.0
-1.65,-0.65,0.0,0.0,0.0
-1.6,-0.65,0.0,0.0,0.0
-1.55,-0.65,0.0,0.0,0.0
-1.5,-0.65,0.0,0.0,0.0
-1.45,-0.65,0.0,0.0,0.0
-1.4,-0.65,0.0,0.0,0.0
-1.35,-0.65,0.0,0.0,0.0
-1.3,-0.65,0.0,0.0,0.0
-1.25,-0.65,0.0,0.0,0.0
-1.2,-0.65,0.0,0.0,0.0
-1.15,-0.65,0.0,0.0,0.0
-1.1,-0.65,0.0,0.0,0.0
-1.05,-0.65,0.0,0.0,0.0
-1.0,-0.65,0.0,0.0,0.0
-0.95,-0.65,0.0,0.0,1e-04
-0.9,-0.65,0.0,0.0,0.0002
-0.85,-0.65,1e-04,0.0,0.0008
-0.8,-0.65,0.0005,0.0,0.0022
-0.75,-0.65,0.003,0.0,0.0061
-0.7,-0.65,0.0168,1e-04,0.0156
-0.65,-0.65,0.0598,0.0017,0.0353
-0.6,-0.65,0.1207,0.0144,0.0634
-0.55,-0.65,0.2283,0.1002,0.1026
-0.5,-0.65,0.3893,0.272,0.1216
-0.45,-0.65,0.5797,0.2953,0.136
-0.4,-0.65,0.6312,0.2865,0.1402
-0.35,-0.65,0.354,0.2858,0.1443
-0.3,-0.65,0.1518,0.2466,0.1474
-0.25,-0.65,0.04,0.1638,0.1495
-0.2,-0.65,0.0098,0.1047,0.1506
-0.15,-0.65,0.0027,0.0789,0.1548
-0.1,-0.65,0.0274,0.0758,0.159
-0.05,-0.65,0.0891,0.0866,0.1632
0.0,-0.65,0.2517,0.1283,0.1713
0.05,-0.65,0.5702,0.3596,0.1904
0.1,-0.65,0.8153,0.6805,0.2303
0.15,-0.65,0.9687,0.7892,0.2771
0.2,-0.65,0.9939,0.7954,0.3609
0.25,-0.65,0.9976,0.7823,0.4476
0.3,-0.65,0.9959,0.7346,0.5198
0.35,-0.65,0.989,0.6661,0.57
0.4,-0.65,0.9709,0.5975,0.6068
0.45,-0.65,0.9198,0.5425,0.6471
0.5,-0.65,0.7985,0.498,0.6904
0.55,-0.65,0.6287,0.4862,0.7333
0.6,-0.65,0.4194,0.5108,0.7792
0.65,-0.65,0.2554,0.5232,0.8176
0.7,-0.65,0.4053,0.5681,0.8512
0.75,-0.65,0.8225,0.6366,0.88
0.8,-0.65,0.9833,0.7315,0.9111
0.85,-0.65,0.9993,0.8035,0.9313
0.9,-0.65,0.9999,0.8623,0.9506
0.95,-0.65,1.0,0.8962,0.9634
1.0,-0.65,0.9999,0.9257,0.9684
1.05,-0.65,0.9997,0.9502,0.9675
1.1,-0.65,0.9992,0.9693,0.9652
1.15,-0.65,0.9977,0.9819,0.9613
1.2,-0.65,0.9932,0.9858,0.9581
1.25,-0.65,0.9778,0.9751,0.9526
1.3,-0.65,0.9375,0.9164,0.9377
1.35,-0.65,0.8413,0.7073,0.9165
1.4,-0.65,0.6647,0.4357,0.8938
1.45,-0.65,0.4394,0.2347,0.8752
1.5,-0.65,0.2708,0.1955,0.8574
1.55,-0.65,0.2498,0.23,0.8449
1.6,-0.65,0.2768,0.4135,0.8403
1.65,-0.65,0.3161,0.6327,0.8379
1.7,-0.65,0.3582,0.8354,0.8471
1.75,-0.65,0.4053,0.9385,0.8592
1.8,-0.65,0.4585,0.9789,0.8719
1.85,-0.65,0.5126,0.993,0.8851
1.9,-0.65,0.5619,0.9977,0.8975
1.95,-0.65,0.7236,0.9992,0.9088
2.0,-0.65,0.8568,0.9998,0.9189
2.05,-0.65,0.932,0.9999,0.9285
2.1,-0.65,0.9692,1.0,0.9374
2.15,-0.65,0.9864,1.0,0.9459
2.2,-0.65,0.994,1.0,0.9539
2.25,-0.65,0.9974,1.0,0.9608
2.3,-0.65,0.9989,1.0,0.9667
2.35,-0.65,0.9995,1.0,0.9717
2.4,-0.65,0.9998,1.0,0.976
2.45,-0.65,0.9999,1.0,0.9797
2.5,-0.65,1.0,1.0,0.9828
2.55,-0.65,1.0,1.0,0.9854
2.6,-0.65,1.0,1.0,0.9877
2.65,-0.65,1.0,1.0,0.9896
2.7,-0.65,1.0,1.0,0.9912
2.75,-0.65,1.0,1.0,0.9925
2.8,-0.65,1.0,1.0,0.9937
2.85,-0.65,1.0,1.0,0.9947
2.9,-0.65,1.0,1.0,0.9955
2.95,-0.65,1.0,1.0,0.9962
3.0,-0.65,1.0,1.0,0.9968
3.05,-0.65,1.0,1.0,0.9973
3.1,-0.65,1.0,1.0,0.9977
3.15,-0.65,1.0,1.0,0.9981
3.2,-0.65,1.0,1.0,0.9984
3.25,-0.65,1.0,1.0,0.9986
3.3,-0.65,1.0,1.0,0.9988
3.35,-0.65,1.0,1.0,0.999
3.4,-0.65,1.0,1.0,0.9991
3.45,-0.65,1.0,1.0,0.9993
3.5,-0.65,1.0,1.0,0.9994
3.55,-0.65,1.0,1.0,0.9995
3.6,-0.65,1.0,1.0,0.9996
3.65,-0.65,1.0,1.0,0.9996
3.7,-0.65,1.0,1.0,0.9997
3.75,-0.65,1.0,1.0,0.9997
3.8,-0.65,1.0,1.0,0.9998
3.85,-0.65,1.0,1.0,0.9998
3.9,-0.65,1.0,1.0,0.9998
3.95,-0.65,1.0,1.0,0.9999
4.0,-0.65,1.0,1.0,0.9999
-4.0,-0.6,0.0,0.0,0.0
-3.95,-0.6,0.0,0.0,0.0
-3.9,-0.6,0.0,0.0,0.0
-3.85,-0.6,0.0,0.0,0.0
-3.8,-0.6,0.0,0.0,0.0
-3.75,-0.6,0.0,0.0,0.0
-3.7,-0.6,0.0,0.0,0.0
-3.65,-0.6,0.0,0.0,0.0
-3.6,-0.6,0.0,0.0,0.0
-3.55,-0.6,0.0,0.0,0.0
-3.5,-0.6,0.0,0.0,0.0
-3.45,-0.6,0.0,0.0,0.0
-3.4,-0.6,0.0,0.0,0.0
-3.35,-0.6,0.0,0.0,0.0
-3.3,-0.6,0.0,0.0,0.0
-3.25,-0.6,0.0,0.0,0.0
-3.2,-0.6,0.0,0.0,0.0
-3.15,-0.6,0.0,0.0,0.0
-3.1,-0.6,0.0,0.0,0.0
-3.05,-0.6,0.0,0.0,0.0
-3.0,-0.6,0.0,0.0,0.0
-2.95,-0.6,0.0,0.0,0.0
-2.9,-0.6,0.0,0.0,0.0
-2.85,-0.6,0.0,0.0,0.0
-2.8,-0.6,0.0,0.0,0.0
-2.75,-0.6,0.0,0.0,0.0
-2.7,-0.6,0.0,0.0,0.0
-2.65,-0.6,0.0,0.0,0.0
-2.6,-0.6,0.0,0.0,0.0
-2.55,-0.6,0.0,0.0,0.0
-2.5,-0.6,0.0,0.0,0.0
-2.45,-0.6,0.0,0.0,0.0
-2.4,-0.6,0.0,0.0,0.0
-2.35,-0.6,0.0,0.0,0.0
-2.3,-0.6,0.0,0.0,0.0
-2.25,-0.6,0.0,0.0,0.0
-2.2,-0.6,0.0,0.0,0.0
-2.15,-0.6,0.0,0.0,0.0
-2.1,-0.6,0.0,0.0,0.0
-2.05,-0.6,0.0,0.0,0.0
-2.0,-0.6,0.0,0.0,0.0
-1.95,-0.6,0.0,0.0,0.0
-1.9,-0.6,0.0,0.0,0.0
-1.85,-0.6,0.0,0.0,0.0
-1.8,-0.6,0.0,0.0,0.0
-1.75,-0.6,0.0,0.0,0.0
-1.7,-0.6,0.0,0.0,0.0
-1.65,-0.6,0.0,0.0,0.0
-1.6,-0.6,0.0,0.0,0.0
-1.55,-0.6,0.0,0.0,0.0
-1.5,-0.6,0.0,0.0,0.0
-1.45,-0.6,0.0,0.0,0.0
-1.4,-0.6,0.0,0.0,0.0
-1.35,-0.6,0.0,0.0,0.0
-1.3,-0.6,0.0,0.0,0.0
-1.25,-0.6,0.0,0.0,0.0
-1.2,-0.6,0.0,0.0,0.0
-1.15,-0.6,0.0,0.0,0.0
-1.1,-0.6,0.0,0.0,0.0
-1.05,-0.6,0.0,0.0,0.0
-1.0,-0.6,0.0,0.0,0.0
-0.95,-0.6,0.0,0.0,0.0002
-0.9,-0.6,0.0,0.0,0.0006
-0.85,-0.6,1e-04,0.0,0.0019
-0.8,-0.6,0.0004,0.0,0.0051
-0.75,-0.6,0.0025,0.0,0.0135
-0.7,-0.6,0.0108,0.0002,0.0325
-0.65,-0.6,0.0231,0.002,0.0612
-0.6,-0.6,0.0488,0.0137,0.0999
-0.55,-0.6,0.1006,0.0699,0.1282
-0.5,-0.6,0.1957,0.1044,0.1444
-0.45,-0.6,0.3408,0.1307,0.1506
-0.4,-0.6,0.4339,0.1629,0.1552
-0.35,-0.6,0.1862,0.1639,0.1597
-0.3,-0.6,0.0716,0.1474,0.1635
-0.25,-0.6,0.0243,0.1122,0.1671
-0.2,-0.6,0.0061,0.0923,0.168
-0.15,-0.6,0.0117,0.0919,0.1725
-0.1,-0.6,0.0961,0.1087,0.177
-0.05,-0.6,0.2947,0.239,0.1842
0.0,-0.6,0.7027,0.514,0.2026
0.05,-0.6,0.911,0.7085,0.2488
0.1,-0.6,0.9714,0.8038,0.3143
0.15,-0.6,0.9962,0.7988,0.4189
0.2,-0.6,0.9992,0.7578,0.5604
0.25,-0.6,0.9992,0.7159,0.617
0.3,-0.6,0.9989,0.6825,0.6487
0.35,-0.6,0.9971,0.6462,0.6867
0.4,-0.6,0.9915,0.6296,0.7225
0.45,-0.6,0.9747,0.633,0.7632
0.5,-0.6,0.9291,0.6851,0.8023
0.55,-0.6,0.8351,0.7126,0.8379
0.6,-0.6,0.6764,0.7407,0.8687
0.65,-0.6,0.6233,0.7812,0.8947
0.7,-0.6,0.7537,0.8149,0.9161
0.75,-0.6,0.9583,0.8454,0.9291
0.8,-0.6,0.997,0.8853,0.9424
0.85,-0.6,0.9999,0.9127,0.9557
0.9,-0.6,1.0,0.9458,0.9683
0.95,-0.6,1.0,0.964,0.978
1.0,-0.6,1.0,0.9779,0.9813
1.05,-0.6,0.9999,0.9864,0.9801
1.1,-0.6,0.9996,0.992,0.9767
1.15,-0.6,0.999,0.9953,0.9704
1.2,-0.6,0.9974,0.9973,0.9643
1.25,-0.6,0.9872,0.9978,0.9589
1.3,-0.6,0.9395,0.9955,0.9512
1.35,-0.6,0.8549,0.981,0.934
1.4,-0.6,0.6908,0.8532,0.9136
1.45,-0.6,0.4587,0.467,0.8904
1.5,-0.6,0.2781,0.1975,0.8713
1.55,-0.6,0.2488,0.1628,0.8531
1.6,-0.6,0.2657,0.2123,0.841
1.65,-0.6,0.3087,0.3902,0.8375
1.7,-0.6,0.3568,0.6194,0.8358
1.75,-0.6,0.408,0.8333,0.8435
1.8,-0.6,0.4612,0.9381,0.856
1.85,-0.6,0.5154,0.9787,0.8689
1.9,-0.6,0.5799,0.9928,0.8821
1.95,-0.6,0.7809,0.9977,0.8948
2.0,-0.6,0.9027,0.9992,0.9063
2.05,-0.6,0.9603,0.9998,0.9167
2.1,-0.6,0.9826,0.9999,0.9263
2.15,-0.6,0.9924,1.0,0.9364
2.2,-0.6,0.9967,1.0,0.9458
2.25,-0.6,0.9985,1.0,0.9538
2.3,-0.6,0.9994,1.0,0.9607
2.35,-0.6,0.9998,1.0,0.9666
2.4,-0.6,0.9999,1.0,0.9717
2.45,-0.6,1.0,1.0,0.976
2.5,-0.6,1.0,1.0,0.9796
2.55,-0.6,1.0,1.0,0.9828
2.6,-0.6,1.0,1.0,0.9854
2.65,-0.6,1.0,1.0,0.9876
2.7,-0.6,1.0,1.0,0.9895
2.75,-0.6,1.0,1.0,0.9912
2.8,-0.6,1.0,1.0,0.9925
2.85,-0.6,1.0,1.0,0.9937
2.9,-0.6,1.0,1.0,0.9947
2.95,-0.6,1.0,1.0,0.9955
3.0,-0.6,1.0,1.0,0.9962
3.05,-0.6,1.0,1.0,0.9968
3.1,-0.6,1.0,1.0,0.9973
3.15,-0.6,1.0,1.0,0.9977
3.2,-0.6,1.0,1.0,0.998
3.25,-0.6,1.0,1.0,0.9984
3.3,-0.6,1.0,1.0,0.9986
3.35,-0.6,1.0,1.0,0.9988
3.4,-0.6,1.0,1.0,0.999
3.45,-0.6,1.0,1.0,0.9992
3.5,-0.6,1.0,1.0,0.9993
3.55,-0.6,1.0,1.0,0.9994
3.6,-0.6,1.0,1.0,0.9995
3.65,-0.6,1.0,1.0,0.9996
3.7,-0.6,1.0,1.0,0.9996
3.75,-0.6,1.0,1.0,0.9997
3.8,-0.6,1.0,1.0,0.9997
3.85,-0.6,1.0,1.0,0.9998
3.9,-0.6,1.0,1.0,0.9998
3.95,-0.6,1.0,1.0,0.9998
4.0,-0.6,1.0,1.0,0.9999
-4.0,-0.55,0.0,0.0,0.0
-3.95,-0.55,0.0,0.0,0.0
-3.9,-0.55,0.0,0.0,0.0
-3.85,-0.55,0.0,0.0,0.0
-3.8,-0.55,0.0,0.0,0.0
-3.75,-0.55,0.0,0.0,0.0
-3.7,-0.55,0.0,0.0,0.0
-3.65,-0.55,0.0,0.0,0.0
-3.6,-0.55,0.0,0.0,0.0
-3.55,-0.55,0.0,0.0,0.0
-3.5,-0.55,0.0,0.0,0.0
-3.45,-0.55,0.0,0.0,0.0
-3.4,-0.55,0.0,0.0,0.0
-3.35,-0.55,0.0,0.0,0.0
-3.3,-0.55,0.0,0.0,0.0
-3.25,-0.55,0.0,0.0,0.0
-3.2,-0.55,0.0,0.0,0.0
-3.15,-0.55,0.0,0.0,0.0
-3.1,-0.55,0.0,0.0,0.0
-3.05,-0.55,0.0,0.0,0.0
-3.0,-0.55,0.0,0.0,0.0
-2.95,-0.55,0.0,0.0,0.0
-2.9,-0.55,0.0,0.0,0.0
-2.85,-0.55,0.0,0.0,0.0
-2.8,-0.55,0.0,0.0,0.0
-2.75,-0.55,0.0,0.0,0.0
-2.7,-0.55,0.0,0.0,0.0
-2.65,-0.55,0.0,0.0,0.0
-2.6,-0.55,0.0,0.0,0.0
-2.55,-0.55,0.0,0.0,0.0
-2.5,-0.55,0.0,0.0,0.0
-2.45,-0.55,0.0,0.0,0.0
-2.4,-0.55,0.0,0.0,0.0
-2.35,-0.55,0.0,0.0,0.0
-2.3,-0.55,0.0,0.0,0.0
-2.25,-0.55,0.0,0.0,0.0
-2.2,-0.55,0.0,0.0,0.0
-2.15,-0.55,0.0,0.0,0.0
-2.1,-0.55,0.0,0.0,0.0
-2.05,-0.55,0.0,0.0,0.0
-2.0,-0.55,0.0,0.0,0.0
-1.95,-0.55,0.0,0.0,0.0
-1.9,-0.55,0.0,0.0,0.0
-1.85,-0.55,0.0,0.0,0.0
-1.8,-0.55,0.0,0.0,0.0
-1.75,-0.55,0.0,0.0,0.0
-1.7,-0.55,0.0,0.0,0.0
-1.65,-0.55,0.0,0.0,0.0
-1.6,-0.55,0.0,0.0,0.0
-1.55,-0.55,0.0,0.0,0.0
-1.5,-0.55,0.0,0.0,0.0
-1.45,-0.55,0.0,0.0,0.0
-1.4,-0.55,0.0,0.0,0.0
-1.35,-0.55,0.0,0.0,0.0
-1.3,-0.55,0.0,0.0,0.0
-1.25,-0.55,0.0,0.0,0.0
-1.2,-0.55,0.0,0.0,0.0
-1.15,-0.55,0.0,0.0,0.0
-1.1,-0.55,0.0,0.0,0.0
-1.05,-0.55,0.0,0.0,0.0
-1.0,-0.55,0.0,0.0,1e-04
-0.95,-0.55,0.0,0.0,0.0004
-0.9,-0.55,0.0,0.0,0.0015
-0.85,-0.55,1e-04,0.0,0.0042
-0.8,-0.55,0.0004,0.0,0.0115
-0.75,-0.55,0.0018,0.0,0.0287
-0.7,-0.55,0.004,0.0003,0.0564
-0.65,-0.55,0.0088,0.0024,0.0945
-0.6,-0.55,0.0193,0.0169,0.1319
-0.55,-0.55,0.0411,0.0321,0.1498
-0.5,-0.55,0.0846,0.0385,0.1567
-0.45,-0.55,0.1524,0.051,0.1637
-0.4,-0.55,0.2408,0.0665,0.1707
-0.35,-0.55,0.097,0.0754,0.1758
-0.3,-0.55,0.0297,0.0684,0.1803
-0.25,-0.55,0.0097,0.0476,0.1841
-0.2,-0.55,0.0034,0.0472,0.1874
-0.15,-0.55,0.051,0.0932,0.1915
-0.1,-0.55,0.296,0.3389,0.1958
-0.05,-0.55,0.7511,0.5662,0.2144
0.0,-0.55,0.9673,0.7445,0.2613
0.05,-0.55,0.9922,0.8273,0.3376
0.1,-0.55,0.9983,0.812,0.4439
0.15,-0.55,0.9997,0.7947,0.6078
0.2,-0.55,0.9999,0.779,0.6712
0.25,-0.55,0.9999,0.7674,0.7078
0.3,-0.55,0.9998,0.7816,0.7457
0.35,-0.55,0.9996,0.8214,0.786
0.4,-0.55,0.999,0.8555,0.8238
0.45,-0.55,0.9971,0.8855,0.8567
0.5,-0.55,0.9933,0.9124,0.8844
0.55,-0.55,0.9847,0.93,0.9077
0.6,-0.55,0.9687,0.94,0.9267
0.65,-0.55,0.9877,0.9494,0.9382
0.7,-0.55,0.9949,0.9605,0.9479
0.75,-0.55,0.9988,0.9723,0.9562
0.8,-0.55,1.0,0.9821,0.9632
0.85,-0.55,1.0,0.9887,0.9719
0.9,-0.55,1.0,0.9919,0.9802
0.95,-0.55,1.0,0.9934,0.9837
1.0,-0.55,1.0,0.9952,0.9845
1.05,-0.55,1.0,0.9969,0.9827
1.1,-0.55,0.9999,0.9976,0.9791
1.15,-0.55,0.9996,0.9983,0.9747
1.2,-0.55,0.999,0.9988,0.9685
1.25,-0.55,0.9954,0.9992,0.9627
1.3,-0.55,0.9771,0.9993,0.9561
1.35,-0.55,0.8941,0.9985,0.9479
1.4,-0.55,0.7234,0.9935,0.93
1.45,-0.55,0.498,0.9232,0.911
1.5,-0.55,0.2955,0.516,0.8869
1.55,-0.55,0.2539,0.184,0.8674
1.6,-0.55,0.2666,0.1531,0.8497
1.65,-0.55,0.3111,0.1967,0.8384
1.7,-0.55,0.3594,0.3689,0.8352
1.75,-0.55,0.4109,0.608,0.8337
1.8,-0.55,0.4655,0.8265,0.8398
1.85,-0.55,0.521,0.9375,0.8528
1.9,-0.55,0.6205,0.9784,0.8659
1.95,-0.55,0.8091,0.9928,0.879
2.0,-0.55,0.9169,0.9976,0.892
2.05,-0.55,0.9664,0.9992,0.9038
2.1,-0.55,0.9869,0.9998,0.9144
2.15,-0.55,0.9951,0.9999,0.9255
2.2,-0.55,0.9982,1.0,0.9364
2.25,-0.55,0.9993,1.0,0.9457
2.3,-0.55,0.9998,1.0,0.9538
2.35,-0.55,0.9999,1.0,0.9607
2.4,-0.55,1.0,1.0,0.9666
2.45,-0.55,1.0,1.0,0.9716
2.5,-0.55,1.0,1.0,0.976
2.55,-0.55,1.0,1.0,0.9796
2.6,-0.55,1.0,1.0,0.9827
2.65,-0.55,1.0,1.0,0.9854
2.7,-0.55,1.0,1.0,0.9876
2.75,-0.55,1.0,1.0,0.9895
2.8,-0.55,1.0,1.0,0.9911
2.85,-0.55,1.0,1.0,0.9925
2.9,-0.55,1.0,1.0,0.9937
2.95,-0.55,1.0,1.0,0.9946
3.0,-0.55,1.0,1.0,0.9955
3.05,-0.55,1.0,1.0,0.9962
3.1,-0.55,1.0,1.0,0.9967
3.15,-0.55,1.0,1.0,0.9972
3.2,-0.55,1.0,1.0,0.9977
3.25,-0.55,1.0,1.0,0.998
3.3,-0.55,1.0,1.0,0.9983
3.35,-0.55,1.0,1.0,0.9986
3.4,-0.55,1.0,1.0,0.9988
3.45,-0.55,1.0,1.0,0.999
3.5,-0.55,1.0,1.0,0.9992
3.55,-0.55,1.0,1.0,0.9993
3.6,-0.55,1.0,1.0,0.9994
3.65,-0.55,1.0,1.0,0.9995
3.7,-0.55,1.0,1.0,0.9996
3.75,-0.55,1.0,1.0,0.9996
3.8,-0.55,1.0,1.0,0.9997
3.85,-0.55,1.0,1.0,0.9997
3.9,-0.55,1.0,1.0,0.9998
3.95,-0.55,1.0,1.0,0.9998
4.0,-0.55,1.0,1.0,0.9998
-4.0,-0.5,0.0,0.0,0.0
-3.95,-0.5,0.0,0.0,0.0
-3.9,-0.5,0.0,0.0,0.0
-3.85,-0.5,0.0,0.0,0.0
-3.8,-0.5,0.0,0.0,0.0
-3.75,-0.5,0.0,0.0,0.0
-3.7,-0.5,0.0,0.0,0.0
-3.65,-0.5,0.0,0.0,0.0
-3.6,-0.5,0.0,0.0,0.0
-3.55,-0.5,0.0,0.0,0.0
-3.5,-0.5,0.0,0.0,0.0
-3.45,-0.5,0.0,0.0,0.0
-3.4,-0.5,0.0,0.0,0.0
-3.35,-0.5,0.0,0.0,0.0
-3.3,-0.5,0.0,0.0,0.0
-3.25,-0.5,0.0,0.0,0.0
-3.2,-0.5,0.0,0.0,0.0
-3.15,-0.5,0.0,0.0,0.0
-3.1,-0.5,0.0,0.0,0.0
-3.05,-0.5,0.0,0.0,0.0
-3.0,-0.5,0.0,0.0,0.0
-2.95,-0.5,0.0,0.0,0.0
-2.9,-0.5,0.0,0.0,0.0
-2.85,-0.5,0.0,0.0,0.0
-2.8,-0.5,0.0,0.0,0.0
-2.75,-0.5,0.0,0.0,0.0
-2.7,-0.5,0.0,0.0,0.0
-2.65,-0.5,0.0,0.0,0.0
-2.6,-0.5,0.0,0.0,0.0
-2.55,-0.5,0.0,0.0,0.0
-2.5,-0.5,0.0,0.0,0.0
-2.45,-0.5,0.0,0.0,0.0
-2.4,-0.5,0.0,0.0,0.0
-2.35,-0.5,0.0,0.0,0.0
-2.3,-0.5,0.0,0.0,0.0
-2.25,-0.5,0.0,0.0,0.0
-2.2,-0.5,0.0,0.0,0.0
-2.15,-0.5,0.0,0.0,0.0
-2.1,-0.5,0.0,0.0,0.0
-2.05,-0.5,0.0,0.0,0.0
-2.0,-0.5,0.0,0.0,0.0
-1.95,-0.5,0.0,0.0,0.0
-1.9,-0.5,0.0,0.0,0.0
-1.85,-0.5,0.0,0.0,0.0
-1.8,-0.5,0.0,0.0,0.0
-1.75,-0.5,0.0,0.0,0.0
-1.7,-0.5,0.0,0.0,0.0
-1.65,-0.5,0.0,0.0,0.0
-1.6,-0.5,0.0,0.0,0.0
-1.55,-0.5,0.0,0.0,0.0
-1.5,-0.5,0.0,0.0,0.0
-1.45,-0.5,0.0,0.0,0.0
-1.4,-0.5,0.0,0.0,0.0
-1.35,-0.5,0.0,0.0,0.0
-1.3,-0.5,0.0,0.0,0.0
-1.25,-0.5,0.0,0.0,0.0
-1.2,-0.5,0.0,0.0,0.0
-1.15,-0.5,0.0,0.0,0.0
-1.1,-0.5,0.0,0.0,0.0
-1.05,-0.5,0.0,0.0,1e-04
-1.0,-0.5,0.0,0.0,0.0003
-0.95,-0.5,0.0,0.0,0.0011
-0.9,-0.5,0.0,0.0,0.0034
-0.85,-0.5,1e-04,0.0,0.0094
-0.8,-0.5,0.0003,0.0,0.0244
-0.75,-0.5,0.0007,1e-04,0.0504
-0.7,-0.5,0.0015,0.0008,0.0886
-0.65,-0.5,0.0034,0.0059,0.1344
-0.6,-0.5,0.0074,0.0189,0.1539
-0.55,-0.5,0.0162,0.0226,0.1612
-0.5,-0.5,0.0312,0.0268,0.1687
-0.45,-0.5,0.0592,0.0312,0.1756
-0.4,-0.5,0.1096,0.0336,0.1826
-0.35,-0.5,0.0469,0.0383,0.19
-0.3,-0.5,0.0143,0.0341,0.1961
-0.25,-0.5,0.004,0.0248,0.2008
-0.2,-0.5,0.0166,0.0455,0.2067
-0.15,-0.5,0.4283,0.1823,0.2103
-0.1,-0.5,0.8798,0.4892,0.224
-0.05,-0.5,0.9862,0.7824,0.2652
0.0,-0.5,0.9985,0.8566,0.3388
0.05,-0.5,0.9995,0.8535,0.4766
0.1,-0.5,0.9998,0.8516,0.6269
0.15,-0.5,0.9999,0.8873,0.7301
0.2,-0.5,1.0,0.9291,0.769
0.25,-0.5,1.0,0.9557,0.8091
0.3,-0.5,1.0,0.9701,0.8438
0.35,-0.5,0.9999,0.9755,0.8736
0.4,-0.5,0.9998,0.9813,0.8986
0.45,-0.5,0.9994,0.985,0.9193
0.5,-0.5,0.9986,0.9881,0.936
0.55,-0.5,0.9983,0.9916,0.9462
0.6,-0.5,0.9991,0.9942,0.9547
0.65,-0.5,0.9998,0.996,0.962
0.7,-0.5,1.0,0.9973,0.9675
0.75,-0.5,1.0,0.9982,0.9714
0.8,-0.5,1.0,0.9988,0.9738
0.85,-0.5,1.0,0.9991,0.9761
0.9,-0.5,1.0,0.9992,0.98
0.95,-0.5,1.0,0.9991,0.9837
1.0,-0.5,1.0,0.999,0.9853
1.05,-0.5,1.0,0.999,0.9842
1.1,-0.5,1.0,0.999,0.9809
1.15,-0.5,0.9999,0.9992,0.9769
1.2,-0.5,0.9997,0.9994,0.9722
1.25,-0.5,0.9983,0.9996,0.967
1.3,-0.5,0.9917,0.9997,0.9609
1.35,-0.5,0.9595,0.9997,0.9539
1.4,-0.5,0.8265,0.9995,0.9445
1.45,-0.5,0.5487,0.9968,0.9267
1.5,-0.5,0.3271,0.9467,0.9082
1.55,-0.5,0.2817,0.584,0.8833
1.6,-0.5,0.2728,0.1857,0.8636
1.65,-0.5,0.3148,0.1463,0.848
1.7,-0.5,0.3645,0.183,0.836
1.75,-0.5,0.4173,0.3503,0.8328
1.8,-0.5,0.4721,0.5991,0.8316
1.85,-0.5,0.5276,0.8195,0.8363
1.9,-0.5,0.6594,0.9349,0.8495
1.95,-0.5,0.8379,0.9782,0.8629
2.0,-0.5,0.9329,0.9927,0.8759
2.05,-0.5,0.9739,0.9976,0.8892
2.1,-0.5,0.9902,0.9992,0.9012
2.15,-0.5,0.9963,0.9997,0.9141
2.2,-0.5,0.9988,0.9999,0.9255
2.25,-0.5,0.9996,1.0,0.9363
2.3,-0.5,0.9999,1.0,0.9456
2.35,-0.5,1.0,1.0,0.9537
2.4,-0.5,1.0,1.0,0.9606
2.45,-0.5,1.0,1.0,0.9665
2.5,-0.5,1.0,1.0,0.9716
2.55,-0.5,1.0,1.0,0.9759
2.6,-0.5,1.0,1.0,0.9796
2.65,-0.5,1.0,1.0,0.9827
2.7,-0.5,1.0,1.0,0.9854
2.75,-0.5,1.0,1.0,0.9876
2.8,-0.5,1.0,1.0,0.9895
2.85,-0.5,1.0,1.0,0.9911
2.9,-0.5,1.0,1.0,0.9925
2.95,-0.5,1.0,1.0,0.9937
3.0,-0.5,1.0,1.0,0.9946
3.05,-0.5,1.0,1.0,0.9955
3.1,-0.5,1.0,1.0,0.9961
3.15,-0.5,1.0,1.0,0.9967
3.2,-0.5,1.0,1.0,0.9972
3.25,-0.5,1.0,1.0,0.9976
3.3,-0.5,1.0,1.0,0.998
3.35,-0.5,1.0,1.0,0.9983
3.4,-0.5,1.0,1.0,0.9986
3.45,-0.5,1.0,1.0,0.9988
3.5,-0.5,1.0,1.0,0.999
3.55,-0.5,1.0,1.0,0.9992
3.6,-0.5,1.0,1.0,0.9993
3.65,-0.5,1.0,1.0,0.9994
3.7,-0.5,1.0,1.0,0.9995
3.75,-0.5,1.0,1.0,0.9996
3.8,-0.5,1.0,1.0,0.9997
3.85,-0.5,1.0,1.0,0.9997
3.9,-0.5,1.0,1.0,0.9998
3.95,-0.5,1.0,1.0,0.9998
4.0,-0.5,1.0,1.0,0.9998
-4.0,-0.45,0.0,0.0,0.0
-3.95,-0.45,0.0,0.0,0.0
-3.9,-0.45,0.0,0.0,0.0
-3.85,-0.45,0.0,0.0,0.0
-3.8,-0.45,0.0,0.0,0.0
-3.75,-0.45,0.0,0.0,0.0
-3.7,-0.45,0.0,0.0,0.0
-3.65,-0.45,0.0,0.0,0.0
-3.6,-0.45,0.0,0.0,0.0
-3.55,-0.45,0.0,0.0,0.0
-3.5,-0.45,0.0,0.0,0.0
-3.45,-0.45,0.0,0.0,0.0
-3.4,-0.45,0.0,0.0,0.0
-3.35,-0.45,0.0,0.0,0.0
-3.3,-0.45,0.0,0.0,0.0
-3.25,-0.45,0.0,0.0,0.0
-3.2,-0.45,0.0,0.0,0.0
-3.15,-0.45,0.0,0.0,0.0
-3.1,-0.45,0.0,0.0,0.0
-3.05,-0.45,0.0,0.0,0.0
-3.0,-0.45,0.0,0.0,0.0
-2.95,-0.45,0.0,0.0,0.0
-2.9,-0.45,0.0,0.0,0.0
-2.85,-0.45,0.0,0.0,0.0
-2.8,-0.45,0.0,0.0,0.0
-2.75,-0.45,0.0,0.0,0.0
-2.7,-0.45,0.0,0.0,0.0
-2.65,-0.45,0.0,0.0,0.0
-2.6,-0.45,0.0,0.0,0.0
-2.55,-0.45,0.0,0.0,0.0
-2.5,-0.45,0.0,0.0,0.0
-2.45,-0.45,0.0,0.0,0.0
-2.4,-0.45,0.0,0.0,0.0
-2.35,-0.45,0.0,0.0,0.0
-2.3,-0.45,0.0,0.0,0.0
-2.25,-0.45,0.0,0.0,0.0
-2.2,-0.45,0.0,0.0,0.0
-2.15,-0.45,0.0,0.0,0.0
-2.1,-0.45,0.0,0.0,0.0
-2.05,-0.45,0.0,0.0,0.0
-2.0,-0.45,0.0,0.0,0.0
-1.95,-0.45,0.0,0.0,0.0
-1.9,-0.45,0.0,0.0,0.0
-1.85,-0.45,0.0,0.0,0.0
-1.8,-0.45,0.0,0.0,0.0
-1.75,-0.45,0.0,0.0,0.0
-1.7,-0.45,0.0,0.0,0.0
-1.65,-0.45,0.0,0.0,0.0
-1.6,-0.45,0.0,0.0,0.0
-1.55,-0.45,0.0,0.0,0.0
-1.5,-0.45,0.0,0.0,0.0
-1.45,-0.45,0.0,0.0,0.0
-1.4,-0.45,0.0,0.0,0.0
-1.35,-0.45,0.0,0.0,0.0
-1.3,-0.45,0.0,0.0,0.0
-1.25,-0.45,0.0,0.0,0.0
-1.2,-0.45,0.0,0.0,0.0
-1.15,-0.45,0.0,0.0,0.0
-1.1,-0.45,0.0,0.0,1e-04
-1.05,-0.45,0.0,0.0,0.0002
-1.0,-0.45,0.0,0.0,0.0009
-0.95,-0.45,0.0,0.0,0.0028
-0.9,-0.45,0.0,0.0,0.0076
-0.85,-0.45,1e-04,0.0,0.0201
-0.8,-0.45,1e-04,0.0,0.0434
-0.75,-0.45,0.0003,0.0003,0.078
-0.7,-0.45,0.0006,0.0026,0.1276
-0.65,-0.45,0.0014,0.0134,0.1566
-0.6,-0.45,0.003,0.0177,0.1649
-0.55,-0.45,0.0061,0.0218,0.1725
-0.5,-0.45,0.012,0.0263,0.1801
-0.45,-0.45,0.0239,0.029,0.1874
-0.4,-0.45,0.043,0.0281,0.1949
-0.35,-0.45,0.0298,0.0246,0.2026
-0.3,-0.45,0.0193,0.0214,0.2105
-0.25,-0.45,0.0126,0.0259,0.2186
-0.2,-0.45,0.3461,0.0919,0.2265
-0.15,-0.45,0.9225,0.3186,0.2296
-0.1,-0.45,0.9906,0.6868,0.245
-0.05,-0.45,0.999,0.8621,0.3236
0.0,-0.45,0.9998,0.9016,0.4657
0.05,-0.45,0.9999,0.9453,0.6352
0.1,-0.45,0.9999,0.9716,0.7789
0.15,-0.45,1.0,0.9847,0.8302
0.2,-0.45,1.0,0.99,0.862
0.25,-0.45,1.0,0.9913,0.8888
0.3,-0.45,1.0,0.992,0.9112
0.35,-0.45,1.0,0.9936,0.9294
0.4,-0.45,0.9999,0.995,0.9442
0.45,-0.45,0.9998,0.9965,0.9532
0.5,-0.45,0.9998,0.9977,0.9596
0.55,-0.45,0.9998,0.9984,0.9644
0.6,-0.45,1.0,0.999,0.9686
0.65,-0.45,1.0,0.9993,0.9723
0.7,-0.45,1.0,0.9994,0.9738
0.75,-0.45,1.0,0.9995,0.9738
0.8,-0.45,1.0,0.9996,0.974
0.85,-0.45,1.0,0.9996,0.9763
0.9,-0.45,1.0,0.9996,0.9802
0.95,-0.45,1.0,0.9996,0.9836
1.0,-0.45,1.0,0.9995,0.9858
1.05,-0.45,1.0,0.9994,0.9854
1.1,-0.45,1.0,0.9995,0.9826
1.15,-0.45,1.0,0.9995,0.9789
1.2,-0.45,0.9999,0.9996,0.9746
1.25,-0.45,0.9996,0.9997,0.9699
1.3,-0.45,0.9971,0.9998,0.9654
1.35,-0.45,0.986,0.9999,0.9591
1.4,-0.45,0.9346,0.9999,0.9521
1.45,-0.45,0.7438,0.9996,0.9411
1.5,-0.45,0.3732,0.9968,0.9237
1.55,-0.45,0.3167,0.9453,0.9045
1.6,-0.45,0.2887,0.6034,0.88
1.65,-0.45,0.3205,0.1975,0.861
1.7,-0.45,0.3706,0.14,0.8463
1.75,-0.45,0.4273,0.1758,0.8334
1.8,-0.45,0.4915,0.3426,0.8303
1.85,-0.45,0.5559,0.5909,0.8295
1.9,-0.45,0.7195,0.8119,0.8339
1.95,-0.45,0.8734,0.9319,0.8461
2.0,-0.45,0.9488,0.9775,0.8597
2.05,-0.45,0.9803,0.9926,0.8727
2.1,-0.45,0.9926,0.9975,0.8867
2.15,-0.45,0.9976,0.9992,0.9013
2.2,-0.45,0.9993,0.9997,0.9142
2.25,-0.45,0.9998,0.9999,0.9255
2.3,-0.45,0.9999,1.0,0.9362
2.35,-0.45,1.0,1.0,0.9456
2.4,-0.45,1.0,1.0,0.9536
2.45,-0.45,1.0,1.0,0.9606
2.5,-0.45,1.0,1.0,0.9665
2.55,-0.45,1.0,1.0,0.9716
2.6,-0.45,1.0,1.0,0.9759
2.65,-0.45,1.0,1.0,0.9796
2.7,-0.45,1.0,1.0,0.9827
2.75,-0.45,1.0,1.0,0.9853
2.8,-0.45,1.0,1.0,0.9876
2.85,-0.45,1.0,1.0,0.9895
2.9,-0.45,1.0,1.0,0.9911
2.95,-0.45,1.0,1.0,0.9925
3.0,-0.45,1.0,1.0,0.9936
3.05,-0.45,1.0,1.0,0.9946
3.1,-0.45,1.0,1.0,0.9954
3.15,-0.45,1.0,1.0,0.9961
3.2,-0.45,1.0,1.0,0.9967
3.25,-0.45,1.0,1.0,0.9972
3.3,-0.45,1.0,1.0,0.9976
3.35,-0.45,1.0,1.0,0.998
3.4,-0.45,1.0,1.0,0.9983
3.45,-0.45,1.0,1.0,0.9986
3.5,-0.45,1.0,1.0,0.9988
3.55,-0.45,1.0,1.0,0.999
3.6,-0.45,1.0,1.0,0.9992
3.65,-0.45,1.0,1.0,0.9993
3.7,-0.45,1.0,1.0,0.9994
3.75,-0.45,1.0,1.0,0.9995
3.8,-0.45,1.0,1.0,0.9996
3.85,-0.45,1.0,1.0,0.9997
3.9,-0.45,1.0,1.0,0.9997
3.95,-0.45,1.0,1.0,0.9998
4.0,-0.45,1.0,1.0,0.9998
-4.0,-0.4,0.0,0.0,0.0
-3.95,-0.4,0.0,0.0,0.0
-3.9,-0.4,0.0,0.0,0.0
-3.85,-0.4,0.0,0.0,0.0
-3.8,-0.4,0.0,0.0,0.0
-3.75,-0.4,0.0,0.0,0.0
-3.7,-0.4,0.0,0.0,0.0
-3.65,-0.4,0.0,0.0,0.0
-3.6,-0.4,0.0,0.0,0.0
-3.55,-0.4,0.0,0.0,0.0
-3.5,-0.4,0.0,0.0,0.0
-3.45,-0.4,0.0,0.0,0.0
-3.4,-0.4,0.0,0.0,0.0
-3.35,-0.4,0.0,0.0,0.0
-3.3,-0.4,0.0,0.0,0.0
-3.25,-0.4,0.0,0.0,0.0
-3.2,-0.4,0.0,0.0,0.0
-3.15,-0.4,0.0,0.0,0.0
-3.1,-0.4,0.0,0.0,0.0
-3.05,-0.4,0.0,0.0,0.0
-3.0,-0.4,0.0,0.0,0.0
-2.95,-0.4,0.0,0.0,0.0
-2.9,-0.4,0.0,0.0,0.0
-2.85,-0.4,0.0,0.0,0.0
-2.8,-0.4,0.0,0.0,0.0
-2.75,-0.4,0.0,0.0,0.0
-2.7,-0.4,0.0,0.0,0.0
-2.65,-0.4,0.0,0.0,0.0
-2.6,-0.4,0.0,0.0,0.0
-2.55,-0.4,0.0,0.0,0.0
-2.5,-0.4,0.0,0.0,0.0
-2.45,-0.4,0.0,0.0,0.0
-2.4,-0.4,0.0,0.0,0.0
-2.35,-0.4,0.0,0.0,0.0
-2.3,-0.4,0.0,0.0,0.0
-2.25,-0.4,0.0,0.0,0.0
-2.2,-0.4,0.0,0.0,0.0
-2.15,-0.4,0.0,0.0,0.0
-2.1,-0.4,0.0,0.0,0.0
-2.05,-0.4,0.0,0.0,0.0
-2.0,-0.4,0.0,0.0,0.0
-1.95,-0.4,0.0,0.0,0.0
-1.9,-0.4,0.0,0.0,0.0
-1.85,-0.4,0.0,0.0,0.0
-1.8,-0.4,0.0,0.0,0.0
-1.75,-0.4,0.0,0.0,0.0
-1.7,-0.4,0.0,0.0,0.0
-1.65,-0.4,0.0,0.0,0.0
-1.6,-0.4,0.0,0.0,0.0
-1.55,-0.4,0.0,0.0,0.0
-1.5,-0.4,0.0,0.0,0.0
-1.45,-0.4,0.0,0.0,0.0
-1.4,-0.4,0.0,0.0,0.0
-1.35,-0.4,0.0,0.0,0.0
-1.3,-0.4,0.0,0.0,0.0
-1.25,-0.4,0.0,0.0,0.0
-1.2,-0.4,0.0,0.0,0.0
-1.15,-0.4,0.0,0.0,1e-04
-1.1,-0.4,0.0,0.0,0.0002
-1.05,-0.4,0.0,0.0,0.0006
-1.0,-0.4,0.0,0.0,0.0022
-0.95,-0.4,0.0,0.0,0.0062
-0.9,-0.4,0.0,0.0,0.0159
-0.85,-0.4,0.0,0.0,0.0367
-0.8,-0.4,1e-04,0.0002,0.0678
-0.75,-0.4,1e-04,0.0013,0.1167
-0.7,-0.4,0.0003,0.0079,0.1559
-0.65,-0.4,0.0006,0.0147,0.1662
-0.6,-0.4,0.0012,0.0194,0.1745
-0.55,-0.4,0.0023,0.0247,0.1829
-0.5,-0.4,0.005,0.0287,0.1915
-0.45,-0.4,0.0178,0.0321,0.1999
-0.4,-0.4,0.0429,0.0303,0.2078
-0.35,-0.4,0.0559,0.0229,0.2158
-0.3,-0.4,0.0516,0.0199,0.224
-0.25,-0.4,0.2273,0.0467,0.2335
-0.2,-0.4,0.9355,0.2473,0.2422
-0.15,-0.4,0.9916,0.5359,0.2434
-0.1,-0.4,0.9985,0.7979,0.2491
-0.05,-0.4,0.9998,0.9284,0.338
0.0,-0.4,0.9999,0.9787,0.6393
0.05,-0.4,0.9999,0.99,0.8083
0.1,-0.4,1.0,0.9935,0.8784
0.15,-0.4,1.0,0.9941,0.9024
0.2,-0.4,1.0,0.9945,0.9223
0.25,-0.4,1.0,0.9953,0.9384
0.3,-0.4,1.0,0.9964,0.9496
0.35,-0.4,1.0,0.9976,0.9557
0.4,-0.4,0.9999,0.9984,0.9609
0.45,-0.4,0.9999,0.999,0.9655
0.5,-0.4,0.9999,0.9992,0.9696
0.55,-0.4,1.0,0.9993,0.9732
0.6,-0.4,1.0,0.9994,0.9738
0.65,-0.4,1.0,0.9994,0.9738
0.7,-0.4,1.0,0.9995,0.9738
0.75,-0.4,1.0,0.9996,0.9738
0.8,-0.4,1.0,0.9997,0.9753
0.85,-0.4,1.0,0.9997,0.9774
0.9,-0.4,1.0,0.9998,0.9804
0.95,-0.4,1.0,0.9997,0.9835
1.0,-0.4,1.0,0.9997,0.986
1.05,-0.4,1.0,0.9996,0.9864
1.1,-0.4,1.0,0.9996,0.9842
1.15,-0.4,1.0,0.9996,0.9808
1.2,-0.4,1.0,0.9997,0.9768
1.25,-0.4,0.9999,0.9998,0.972
1.3,-0.4,0.9994,0.9998,0.9679
1.35,-0.4,0.9954,0.9999,0.9636
1.4,-0.4,0.9772,0.9999,0.9572
1.45,-0.4,0.8972,0.9999,0.9503
1.5,-0.4,0.6394,0.9995,0.9374
1.55,-0.4,0.4028,0.9954,0.9208
1.6,-0.4,0.3323,0.9264,0.9015
1.65,-0.4,0.3425,0.595,0.8775
1.7,-0.4,0.4029,0.2134,0.8594
1.75,-0.4,0.4664,0.1364,0.8445
1.8,-0.4,0.531,0.1699,0.8308
1.85,-0.4,0.5946,0.335,0.8279
1.9,-0.4,0.7739,0.5827,0.8273
1.95,-0.4,0.902,0.8032,0.8316
2.0,-0.4,0.9612,0.9283,0.8427
2.05,-0.4,0.9852,0.9762,0.8565
2.1,-0.4,0.9953,0.9924,0.8704
2.15,-0.4,0.9985,0.9975,0.8868
2.2,-0.4,0.9995,0.9992,0.9014
2.25,-0.4,0.9998,0.9997,0.9143
2.3,-0.4,0.9999,0.9999,0.9256
2.35,-0.4,1.0,1.0,0.9361
2.4,-0.4,1.0,1.0,0.9455
2.45,-0.4,1.0,1.0,0.9536
2.5,-0.4,1.0,1.0,0.9605
2.55,-0.4,1.0,1.0,0.9664
2.6,-0.4,1.0,1.0,0.9715
2.65,-0.4,1.0,1.0,0.9758
2.7,-0.4,1.0,1.0,0.9795
2.75,-0.4,1.0,1.0,0.9827
2.8,-0.4,1.0,1.0,0.9853
2.85,-0.4,1.0,1.0,0.9876
2.9,-0.4,1.0,1.0,0.9895
2.95,-0.4,1.0,1.0,0.9911
3.0,-0.4,1.0,1.0,0.9925
3.05,-0.4,1.0,1.0,0.9936
3.1,-0.4,1.0,1.0,0.9946
3.15,-0.4,1.0,1.0,0.9954
3.2,-0.4,1.0,1.0,0.9961
3.25,-0.4,1.0,1.0,0.9967
3.3,-0.4,1.0,1.0,0.9972
3.35,-0.4,1.0,1.0,0.9976
3.4,-0.4,1.0,1.0,0.998
3.45,-0.4,1.0,1.0,0.9983
3.5,-0.4,1.0,1.0,0.9986
3.55,-0.4,1.0,1.0,0.9988
3.6,-0.4,1.0,1.0,0.999
3.65,-0.4,1.0,1.0,0.9992
3.7,-0.4,1.0,1.0,0.9993
3.75,-0.4,1.0,1.0,0.9994
3.8,-0.4,1.0,1.0,0.9995
3.85,-0.4,1.0,1.0,0.9996
3.9,-0.4,1.0,1.0,0.9997
3.95,-0.4,1.0,1.0,0.9997
4.0,-0.4,1.0,1.0,0.9998
-4.0,-0.35,0.0,0.0,0.0
-3.95,-0.35,0.0,0.0,0.0
-3.9,-0.35,0.0,0.0,0.0
-3.85,-0.35,0.0,0.0,0.0
-3.8,-0.35,0.0,0.0,0.0
-3.75,-0.35,0.0,0.0,0.0
-3.7,-0.35,0.0,0.0,0.0
-3.65,-0.35,0.0,0.0,0.0
-3.6,-0.35,0.0,0.0,0.0
-3.55,-0.35,0.0,0.0,0.0
-3.5,-0.35,0.0,0.0,0.0
-3.45,-0.35,0.0,0.0,0.0
-3.4,-0.35,0.0,0.0,0.0
-3.35,-0.35,0.0,0.0,0.0
-3.3,-0.35,0.0,0.0,0.0
-3.25,-0.35,0.0,0.0,0.0
-3.2,-0.35,0.0,0.0,0.0
-3.15,-0.35,0.0,0.0,0.0
-3.1,-0.35,0.0,0.0,0.0
-3.05,-0.35,0.0,0.0,0.0
-3.0,-0.35,0.0,0.0,0.0
-2.95,-0.35,0.0,0.0,0.0
-2.9,-0.35,0.0,0.0,0.0
-2.85,-0.35,0.0,0.0,0.0
-2.8,-0.35,0.0,0.0,0.0
-2.75,-0.35,0.0,0.0,0.0
-2.7,-0.35,0.0,0.0,0.0
-2.65,-0.35,0.0,0.0,0.0
-2.6,-0.35,0.0,0.0,0.0
-2.55,-0.35,0.0,0.0,0.0
-2.5,-0.35,0.0,0.0,0.0
-2.45,-0.35,0.0,0.0,0.0
-2.4,-0.35,0.0,0.0,0.0
-2.35,-0.35,0.0,0.0,0.0
-2.3,-0.35,0.0,0.0,0.0
-2.25,-0.35,0.0,0.0,0.0
-2.2,-0.35,0.0,0.0,0.0
-2.15,-0.35,0.0,0.0,0.0
-2.1,-0.35,0.0,0.0,0.0
-2.05,-0.35,0.0,0.0,0.0
-2.0,-0.35,0.0,0.0,0.0
-1.95,-0.35,0.0,0.0,0.0
-1.9,-0.35,0.0,0.0,0.0
-1.85,-0.35,0.0,0.0,0.0
-1.8,-0.35,0.0,0.0,0.0
-1.75,-0.35,0.0,0.0,0.0
-1.7,-0.35,0.0,0.0,0.0
-1.65,-0.35,0.0,0.0,0.0
-1.6,-0.35,0.0,0.0,0.0
-1.55,-0.35,0.0,0.0,0.0
-1.5,-0.35,0.0,0.0,0.0
-1.45,-0.35,0.0,0.0,0.0
-1.4,-0.35,0.0,0.0,0.0
-1.35,-0.35,0.0,0.0,0.0
-1.3,-0.35,0.0,0.0,0.0
-1.25,-0.35,0.0,0.0,0.0
-1.2,-0.35,0.0,0.0,0.0
-1.15,-0.35,0.0,0.0,1e-04
-1.1,-0.35,0.0,0.0,0.0005
-1.05,-0.35,0.0,0.0,0.0017
-1.0,-0.35,0.0,0.0,0.005
-0.95,-0.35,0.0,0.0,0.0126
-0.9,-0.35,0.0,0.0,0.0302
-0.85,-0.35,0.0,1e-04,0.0589
-0.8,-0.35,0.0,0.0006,0.103
-0.75,-0.35,0.0,0.0047,0.154
-0.7,-0.35,1e-04,0.0129,0.166
-0.65,-0.35,0.0002,0.0194,0.1743
-0.6,-0.35,0.0006,0.027,0.1826
-0.55,-0.35,0.002,0.0347,0.1913
-0.5,-0.35,0.0072,0.0402,0.2002
-0.45,-0.35,0.0227,0.0387,0.2094
-0.4,-0.35,0.0724,0.0295,0.2183
-0.35,-0.35,0.1499,0.0242,0.2272
-0.3,-0.35,0.1545,0.0318,0.2354
-0.25,-0.35,0.851,0.1918,0.2437
-0.2,-0.35,0.9902,0.587,0.2486
-0.15,-0.35,0.998,0.8432,0.2503
-0.1,-0.35,0.9995,0.9393,0.2484
-0.05,-0.35,0.9999,0.9831,0.3145
0.0,-0.35,0.9999,0.9919,0.7268
0.05,-0.35,1.0,0.9944,0.9145
0.1,-0.35,1.0,0.9953,0.929
0.15,-0.35,1.0,0.9959,0.941
0.2,-0.35,1.0,0.9969,0.9511
0.25,-0.35,1.0,0.998,0.9572
0.3,-0.35,1.0,0.9984,0.9622
0.35,-0.35,0.9999,0.9987,0.9667
0.4,-0.35,0.9999,0.9988,0.9706
0.45,-0.35,0.9999,0.999,0.9738
0.5,-0.35,0.9999,0.9991,0.9738
0.55,-0.35,1.0,0.9993,0.9738
0.6,-0.35,1.0,0.9994,0.9738
0.65,-0.35,1.0,0.9995,0.9738
0.7,-0.35,1.0,0.9995,0.9738
0.75,-0.35,1.0,0.9996,0.9744
0.8,-0.35,1.0,0.9997,0.9766
0.85,-0.35,1.0,0.9998,0.9785
0.9,-0.35,1.0,0.9998,0.9806
0.95,-0.35,1.0,0.9998,0.9836
1.0,-0.35,1.0,0.9997,0.986
1.05,-0.35,1.0,0.9997,0.9871
1.1,-0.35,1.0,0.9996,0.9857
1.15,-0.35,1.0,0.9996,0.9825
1.2,-0.35,1.0,0.9997,0.9788
1.25,-0.35,1.0,0.9997,0.9744
1.3,-0.35,0.9998,0.9998,0.9699
1.35,-0.35,0.9988,0.9999,0.9658
1.4,-0.35,0.9927,0.9999,0.9614
1.45,-0.35,0.9648,0.9999,0.9553
1.5,-0.35,0.8528,0.9998,0.9486
1.55,-0.35,0.6811,0.9991,0.9354
1.6,-0.35,0.4955,0.9921,0.9186
1.65,-0.35,0.3795,0.8961,0.8988
1.7,-0.35,0.4415,0.5701,0.8749
1.75,-0.35,0.506,0.2107,0.8578
1.8,-0.35,0.5702,0.1348,0.8426
1.85,-0.35,0.6321,0.165,0.8283
1.9,-0.35,0.8143,0.3289,0.8254
1.95,-0.35,0.9185,0.5759,0.8251
2.0,-0.35,0.9672,0.7956,0.8291
2.05,-0.35,0.9892,0.925,0.8391
2.1,-0.35,0.9965,0.9751,0.8547
2.15,-0.35,0.9989,0.992,0.8705
2.2,-0.35,0.9996,0.9974,0.8869
2.25,-0.35,0.9999,0.9991,0.9015
2.3,-0.35,0.9999,0.9997,0.9143
2.35,-0.35,1.0,0.9999,0.9257
2.4,-0.35,1.0,1.0,0.936
2.45,-0.35,1.0,1.0,0.9454
2.5,-0.35,1.0,1.0,0.9535
2.55,-0.35,1.0,1.0,0.9605
2.6,-0.35,1.0,1.0,0.9664
2.65,-0.35,1.0,1.0,0.9715
2.7,-0.35,1.0,1.0,0.9758
2.75,-0.35,1.0,1.0,0.9795
2.8,-0.35,1.0,1.0,0.9826
2.85,-0.35,1.0,1.0,0.9853
2.9,-0.35,1.0,1.0,0.9876
2.95,-0.35,1.0,1.0,0.9895
3.0,-0.35,1.0,1.0,0.9911
3.05,-0.35,1.0,1.0,0.9924
3.1,-0.35,1.0,1.0,0.9936
3.15,-0.35,1.0,1.0,0.9945
3.2,-0.35,1.0,1.0,0.9953
3.25,-0.35,1.0,1.0,0.996
3.3,-0.35,1.0,1.0,0.9966
3.35,-0.35,1.0,1.0,0.9972
3.4,-0.35,1.0,1.0,0.9976
3.45,-0.35,1.0,1.0,0.998
3.5,-0.35,1.0,1.0,0.9983
3.55,-0.35,1.0,1.0,0.9986
3.6,-0.35,1.0,1.0,0.9988
3.65,-0.35,1.0,1.0,0.999
3.7,-0.35,1.0,1.0,0.9992
3.75,-0.35,1.0,1.0,0.9993
3.8,-0.35,1.0,1.0,0.9994
3.85,-0.35,1.0,1.0,0.9995
3.9,-0.35,1.0,1.0,0.9996
3.95,-0.35,1.0,1.0,0.9997
4.0,-0.35,1.0,1.0,0.9997
-4.0,-0.3,0.0,0.0,0.0
-3.95,-0.3,0.0,0.0,0.0
-3.9,-0.3,0.0,0.0,0.0
-3.85,-0.3,0.0,0.0,0.0
-3.8,-0.3,0.0,0.0,0.0
-3.75,-0.3,0.0,0.0,0.0
-3.7,-0.3,0.0,0.0,0.0
-3.65,-0.3,0.0,0.0,0.0
-3.6,-0.3,0.0,0.0,0.0
-3.55,-0.3,0.0,0.0,0.0
-3.5,-0.3,0.0,0.0,0.0
-3.45,-0.3,0.0,0.0,0.0
-3.4,-0.3,0.0,0.0,0.0
-3.35,-0.3,0.0,0.0,0.0
-3.3,-0.3,0.0,0.0,0.0
-3.25,-0.3,0.0,0.0,0.0
-3.2,-0.3,0.0,0.0,0.0
-3.15,-0.3,0.0,0.0,0.0
-3.1,-0.3,0.0,0.0,0.0
-3.05,-0.3,0.0,0.0,0.0
-3.0,-0.3,0.0,0.0,0.0
-2.95,-0.3,0.0,0.0,0.0
-2.9,-0.3,0.0,0.0,0.0
-2.85,-0.3,0.0,0.0,0.0
-2.8,-0.3,0.0,0.0,0.0
-2.75,-0.3,0.0,0.0,0.0
-2.7,-0.3,0.0,0.0,0.0
-2.65,-0.3,0.0,0.0,0.0
-2.6,-0.3,0.0,0.0,0.0
-2.55,-0.3,0.0,0.0,0.0
-2.5,-0.3,0.0,0.0,0.0
-2.45,-0.3,0.0,0.0,0.0
-2.4,-0.3,0.0,0.0,0.0
-2.35,-0.3,0.0,0.0,0.0
-2.3,-0.3,0.0,0.0,0.0
-2.25,-0.3,0.0,0.0,0.0
-2.2,-0.3,0.0,0.0,0.0
-2.15,-0.3,0.0,0.0,0.0
-2.1,-0.3,0.0,0.0,0.0
-2.05,-0.3,0.0,0.0,0.0
-2.0,-0.3,0.0,0.0,0.0
-1.95,-0.3,0.0,0.0,0.0
-1.9,-0.3,0.0,0.0,0.0
-1.85,-0.3,0.0,0.0,0.0
-1.8,-0.3,0.0,0.0,0.0
-1.75,-0.3,0.0,0.0,0.0
-1.7,-0.3,0.0,0.0,0.0
-1.65,-0.3,0.0,0.0,0.0
-1.6,-0.3,0.0,0.0,0.0
-1.55,-0.3,0.0,0.0,0.0
-1.5,-0.3,0.0,0.0,0.0
-1.45,-0.3,0.0,0.0,0.0
-1.4,-0.3,0.0,0.0,0.0
-1.35,-0.3,0.0,0.0,0.0
-1.3,-0.3,0.0,0.0,0.0
-1.25,-0.3,0.0,0.0,0.0
-1.2,-0.3,0.0,0.0,1e-04
-1.15,-0.3,0.0,0.0,0.0004
-1.1,-0.3,0.0,0.0,0.0013
-1.05,-0.3,0.0,0.0,0.004
-1.0,-0.3,0.0,0.0,0.01
-0.95,-0.3,0.0,0.0,0.0245
-0.9,-0.3,0.0,0.0,0.0506
-0.85,-0.3,0.0,0.0004,0.0899
-0.8,-0.3,0.0,0.0035,0.1474
-0.75,-0.3,0.0,0.0137,0.1644
-0.7,-0.3,1e-04,0.0225,0.174
-0.65,-0.3,0.0002,0.0314,0.1824
-0.6,-0.3,0.0007,0.0417,0.191
-0.55,-0.3,0.0025,0.0459,0.2
-0.5,-0.3,0.0089,0.0469,0.2092
-0.45,-0.3,0.0304,0.0367,0.2187
-0.4,-0.3,0.0977,0.0301,0.2272
-0.35,-0.3,0.266,0.0323,0.2339
-0.3,-0.3,0.5891,0.0954,0.24
-0.25,-0.3,0.9819,0.8422,0.2452
-0.2,-0.3,0.9974,0.9306,0.2502
-0.15,-0.3,0.9993,0.957,0.2542
-0.1,-0.3,0.9998,0.972,0.2598
-0.05,-0.3,0.9999,0.982,0.2868
0.0,-0.3,0.9999,0.9915,0.5664
0.05,-0.3,0.9999,0.9952,0.9199
0.1,-0.3,1.0,0.996,0.9527
0.15,-0.3,1.0,0.9966,0.9586
0.2,-0.3,1.0,0.9972,0.9634
0.25,-0.3,0.9999,0.9977,0.9678
0.3,-0.3,0.9998,0.9982,0.9716
0.35,-0.3,0.9996,0.9985,0.9738
0.4,-0.3,0.9996,0.9987,0.9738
0.45,-0.3,0.9998,0.9989,0.9738
0.5,-0.3,1.0,0.9991,0.9738
0.55,-0.3,1.0,0.9992,0.9738
0.6,-0.3,1.0,0.9993,0.9738
0.65,-0.3,1.0,0.9994,0.9738
0.7,-0.3,1.0,0.9995,0.9738
0.75,-0.3,1.0,0.9996,0.9757
0.8,-0.3,1.0,0.9997,0.9777
0.85,-0.3,1.0,0.9998,0.9796
0.9,-0.3,1.0,0.9998,0.9813
0.95,-0.3,1.0,0.9998,0.9838
1.0,-0.3,1.0,0.9998,0.9861
1.05,-0.3,1.0,0.9997,0.9875
1.1,-0.3,1.0,0.9996,0.987
1.15,-0.3,1.0,0.9996,0.9841
1.2,-0.3,1.0,0.9997,0.9807
1.25,-0.3,1.0,0.9997,0.9767
1.3,-0.3,1.0,0.9998,0.9719
1.35,-0.3,0.9996,0.9998,0.9678
1.4,-0.3,0.9976,0.9999,0.9636
1.45,-0.3,0.9855,0.9999,0.959
1.5,-0.3,0.9323,0.9998,0.9537
1.55,-0.3,0.8502,0.9996,0.9473
1.6,-0.3,0.7268,0.9984,0.9343
1.65,-0.3,0.5769,0.9869,0.9163
1.7,-0.3,0.4775,0.8689,0.8961
1.75,-0.3,0.5406,0.549,0.8729
1.8,-0.3,0.6025,0.2056,0.856
1.85,-0.3,0.6613,0.1334,0.8407
1.9,-0.3,0.8187,0.1644,0.8264
1.95,-0.3,0.9245,0.3284,0.8228
2.0,-0.3,0.9743,0.5697,0.8229
2.05,-0.3,0.9916,0.7883,0.8268
2.1,-0.3,0.9972,0.9219,0.8377
2.15,-0.3,0.9988,0.974,0.8549
2.2,-0.3,0.9995,0.9916,0.8706
2.25,-0.3,0.9998,0.9973,0.887
2.3,-0.3,0.9999,0.9991,0.9016
2.35,-0.3,1.0,0.9997,0.9144
2.4,-0.3,1.0,0.9999,0.9257
2.45,-0.3,1.0,1.0,0.9359
2.5,-0.3,1.0,1.0,0.9453
2.55,-0.3,1.0,1.0,0.9534
2.6,-0.3,1.0,1.0,0.9604
2.65,-0.3,1.0,1.0,0.9663
2.7,-0.3,1.0,1.0,0.9714
2.75,-0.3,1.0,1.0,0.9758
2.8,-0.3,1.0,1.0,0.9795
2.85,-0.3,1.0,1.0,0.9826
2.9,-0.3,1.0,1.0,0.9853
2.95,-0.3,1.0,1.0,0.9875
3.0,-0.3,1.0,1.0,0.9894
3.05,-0.3,1.0,1.0,0.991
3.1,-0.3,1.0,1.0,0.9924
3.15,-0.3,1.0,1.0,0.9935
3.2,-0.3,1.0,1.0,0.9945
3.25,-0.3,1.0,1.0,0.9953
3.3,-0.3,1.0,1.0,0.9961
3.35,-0.3,1.0,1.0,0.9966
3.4,-0.3,1.0,1.0,0.9971
3.45,-0.3,1.0,1.0,0.9976
3.5,-0.3,1.0,1.0,0.998
3.55,-0.3,1.0,1.0,0.9983
3.6,-0.3,1.0,1.0,0.9986
3.65,-0.3,1.0,1.0,0.9988
3.7,-0.3,1.0,1.0,0.999
3.75,-0.3,1.0,1.0,0.9992
3.8,-0.3,1.0,1.0,0.9993
3.85,-0.3,1.0,1.0,0.9994
3.9,-0.3,1.0,1.0,0.9995
3.95,-0.3,1.0,1.0,0.9996
4.0,-0.3,1.0,1.0,0.9996
-4.0,-0.25,0.0,0.0,0.0
-3.95,-0.25,0.0,0.0,0.0
-3.9,-0.25,0.0,0.0,0.0
-3.85,-0.25,0.0,0.0,0.0
-3.8,-0.25,0.0,0.0,0.0
-3.75,-0.25,0.0,0.0,0.0
-3.7,-0.25,0.0,0.0,0.0
-3.65,-0.25,0.0,0.0,0.0
-3.6,-0.25,0.0,0.0,0.0
-3.55,-0.25,0.0,0.0,0.0
-3.5,-0.25,0.0,0.0,0.0
-3.45,-0.25,0.0,0.0,0.0
-3.4,-0.25,0.0,0.0,0.0
-3.35,-0.25,0.0,0.0,0.0
-3.3,-0.25,0.0,0.0,0.0
-3.25,-0.25,0.0,0.0,0.0
-3.2,-0.25,0.0,0.0,0.0
-3.15,-0.25,0.0,0.0,0.0
-3.1,-0.25,0.0,0.0,0.0
-3.05,-0.25,0.0,0.0,0.0
-3.0,-0.25,0.0,0.0,0.0
-2.95,-0.25,0.0,0.0,0.0
-2.9,-0.25,0.0,0.0,0.0
-2.85,-0.25,0.0,0.0,0.0
-2.8,-0.25,0.0,0.0,0.0
-2.75,-0.25,0.0,0.0,0.0
-2.7,-0.25,0.0,0.0,0.0
-2.65,-0.25,0.0,0.0,0.0
-2.6,-0.25,0.0,0.0,0.0
-2.55,-0.25,0.0,0.0,0.0
-2.5,-0.25,0.0,0.0,0.0
-2.45,-0.25,0.0,0.0,0.0
-2.4,-0.25,0.0,0.0,0.0
-2.35,-0.25,0.0,0.0,0.0
-2.3,-0.25,0.0,0.0,0.0
-2.25,-0.25,0.0,0.0,0.0
-2.2,-0.25,0.0,0.0,0.0
-2.15,-0.25,0.0,0.0,0.0
-2.1,-0.25,0.0,0.0,0.0
-2.05,-0.25,0.0,0.0,0.0
-2.0,-0.25,0.0,0.0,0.0
-1.95,-0.25,0.0,0.0,0.0
-1.9,-0.25,0.0,0.0,0.0
-1.85,-0.25,0.0,0.0,0.0
-1.8,-0.25,0.0,0.0,0.0
-1.75,-0.25,0.0,0.0,0.0
-1.7,-0.25,0.0,0.0,0.0
-1.65,-0.25,0.0,0.0,0.0
-1.6,-0.25,0.0,0.0,0.0
-1.55,-0.25,0.0,0.0,0.0
-1.5,-0.25,0.0,0.0,0.0
-1.45,-0.25,0.0,0.0,0.0
-1.4,-0.25,0.0,0.0,0.0
-1.35,-0.25,0.0,0.0,0.0
-1.3,-0.25,0.0,0.0,0.0
-1.25,-0.25,0.0,0.0,1e-04
-1.2,-0.25,0.0,0.0,0.0003
-1.15,-0.25,0.0,0.0,0.001
-1.1,-0.25,0.0,0.0,0.003
-1.05,-0.25,0.0,0.0,0.0079
-1.0,-0.25,0.0,0.0,0.0195
-0.95,-0.25,0.0,0.0,0.0425
-0.9,-0.25,0.0,0.0003,0.0783
-0.85,-0.25,0.0,0.0026,0.1305
-0.8,-0.25,0.0,0.0127,0.16
-0.75,-0.25,1e-04,0.0255,0.1706
-0.7,-0.25,1e-04,0.0364,0.18
-0.65,-0.25,0.0002,0.0449,0.1897
-0.6,-0.25,0.0008,0.0503,0.1997
-0.55,-0.25,0.0027,0.0516,0.2089
-0.5,-0.25,0.0093,0.0454,0.2177
-0.45,-0.25,0.0311,0.0351,0.2256
-0.4,-0.25,0.0982,0.0323,0.2319
-0.35,-0.25,0.3533,0.0678,0.236
-0.3,-0.25,0.926,0.843,0.2394
-0.25,-0.25,0.9958,0.9698,0.2447
-0.2,-0.25,0.9989,0.9738,0.2497
-0.15,-0.25,0.9997,0.9751,0.2568
-0.1,-0.25,0.9999,0.9747,0.2699
-0.05,-0.25,0.9999,0.9736,0.2887
0.0,-0.25,0.9999,0.9799,0.3553
0.05,-0.25,0.9999,0.9889,0.768
0.1,-0.25,0.9999,0.9938,0.96
0.15,-0.25,0.9999,0.9951,0.9688
0.2,-0.25,0.9997,0.9961,0.9725
0.25,-0.25,0.9994,0.997,0.9738
0.3,-0.25,0.9985,0.9977,0.9738
0.35,-0.25,0.9979,0.9982,0.9738
0.4,-0.25,0.9982,0.9985,0.9738
0.45,-0.25,0.9997,0.9988,0.9738
0.5,-0.25,1.0,0.999,0.9738
0.55,-0.25,1.0,0.9991,0.9738
0.6,-0.25,1.0,0.9992,0.9738
0.65,-0.25,1.0,0.9994,0.9738
0.7,-0.25,1.0,0.9995,0.9748
0.75,-0.25,1.0,0.9996,0.9769
0.8,-0.25,1.0,0.9997,0.9789
0.85,-0.25,1.0,0.9997,0.9806
0.9,-0.25,1.0,0.9998,0.9822
0.95,-0.25,1.0,0.9998,0.9839
1.0,-0.25,1.0,0.9998,0.9862
1.05,-0.25,1.0,0.9997,0.9878
1.1,-0.25,1.0,0.9997,0.9879
1.15,-0.25,1.0,0.9996,0.9856
1.2,-0.25,1.0,0.9997,0.9824
1.25,-0.25,1.0,0.9997,0.9787
1.3,-0.25,1.0,0.9998,0.9742
1.35,-0.25,0.9999,0.9998,0.9699
1.4,-0.25,0.999,0.9999,0.9657
1.45,-0.25,0.9941,0.9999,0.9614
1.5,-0.25,0.9656,0.9998,0.9565
1.55,-0.25,0.9084,0.9997,0.9524
1.6,-0.25,0.8135,0.9993,0.9461
1.65,-0.25,0.6923,0.9973,0.9331
1.7,-0.25,0.5698,0.9788,0.914
1.75,-0.25,0.532,0.8414,0.8934
1.8,-0.25,0.6005,0.5278,0.8712
1.85,-0.25,0.6654,0.2005,0.8541
1.9,-0.25,0.8228,0.1321,0.8388
1.95,-0.25,0.9353,0.1686,0.8245
2.0,-0.25,0.975,0.3287,0.8203
2.05,-0.25,0.9894,0.5634,0.8206
2.1,-0.25,0.9955,0.7824,0.8262
2.15,-0.25,0.9981,0.9187,0.8379
2.2,-0.25,0.9992,0.9728,0.855
2.25,-0.25,0.9997,0.9913,0.8707
2.3,-0.25,0.9999,0.9973,0.8871
2.35,-0.25,0.9999,0.9992,0.9016
2.4,-0.25,1.0,0.9998,0.9145
2.45,-0.25,1.0,0.9999,0.9258
2.5,-0.25,1.0,1.0,0.9358
2.55,-0.25,1.0,1.0,0.9452
2.6,-0.25,1.0,1.0,0.9534
2.65,-0.25,1.0,1.0,0.9603
2.7,-0.25,1.0,1.0,0.9663
2.75,-0.25,1.0,1.0,0.9714
2.8,-0.25,1.0,1.0,0.9757
2.85,-0.25,1.0,1.0,0.9794
2.9,-0.25,1.0,1.0,0.9826
2.95,-0.25,1.0,1.0,0.9852
3.0,-0.25,1.0,1.0,0.9875
3.05,-0.25,1.0,1.0,0.9894
3.1,-0.25,1.0,1.0,0.9909
3.15,-0.25,1.0,1.0,0.9923
3.2,-0.25,1.0,1.0,0.9935
3.25,-0.25,1.0,1.0,0.9944
3.3,-0.25,1.0,1.0,0.9953
3.35,-0.25,1.0,1.0,0.9959
3.4,-0.25,1.0,1.0,0.9965
3.45,-0.25,1.0,1.0,0.9971
3.5,-0.25,1.0,1.0,0.9975
3.55,-0.25,1.0,1.0,0.9979
3.6,-0.25,1.0,1.0,0.9982
3.65,-0.25,1.0,1.0,0.9984
3.7,-0.25,1.0,1.0,0.9986
3.75,-0.25,1.0,1.0,0.9988
3.8,-0.25,1.0,1.0,0.999
3.85,-0.25,1.0,1.0,0.9991
3.9,-0.25,1.0,1.0,0.9993
3.95,-0.25,1.0,1.0,0.9994
4.0,-0.25,1.0,1.0,0.9995
-4.0,-0.2,0.0,0.0,0.0
-3.95,-0.2,0.0,0.0,0.0
-3.9,-0.2,0.0,0.0,0.0
-3.85,-0.2,0.0,0.0,0.0
-3.8,-0.2,0.0,0.0,0.0
-3.75,-0.2,0.0,0.0,0.0
-3.7,-0.2,0.0,0.0,0.0
-3.65,-0.2,0.0,0.0,0.0
-3.6,-0.2,0.0,0.0,0.0
-3.55,-0.2,0.0,0.0,0.0
-3.5,-0.2,0.0,0.0,0.0
-3.45,-0.2,0.0,0.0,0.0
-3.4,-0.2,0.0,0.0,0.0
-3.35,-0.2,0.0,0.0,0.0
-3.3,-0.2,0.0,0.0,0.0
-3.25,-0.2,0.0,0.0,0.0
-3.2,-0.2,0.0,0.0,0.0
-3.15,-0.2,0.0,0.0,0.0
-3.1,-0.2,0.0,0.0,0.0
-3.05,-0.2,0.0,0.0,0.0
-3.0,-0.2,0.0,0.0,0.0
-2.95,-0.2,0.0,0.0,0.0
-2.9,-0.2,0.0,0.0,0.0
-2.85,-0.2,0.0,0.0,0.0
-2.8,-0.2,0.0,0.0,0.0
-2.75,-0.2,0.0,0.0,0.0
-2.7,-0.2,0.0,0.0,0.0
-2.65,-0.2,0.0,0.0,0.0
-2.6,-0.2,0.0,0.0,0.0
-2.55,-0.2,0.0,0.0,0.0
-2.5,-0.2,0.0,0.0,0.0
-2.45,-0.2,0.0,0.0,0.0
-2.4,-0.2,0.0,0.0,0.0
-2.35,-0.2,0.0,0.0,0.0
-2.3,-0.2,0.0,0.0,0.0
-2.25,-0.2,0.0,0.0,0.0
-2.2,-0.2,0.0,0.0,0.0
-2.15,-0.2,0.0,0.0,0.0
-2.1,-0.2,0.0,0.0,0.0
-2.05,-0.2,0.0,0.0,0.0
-2.0,-0.2,0.0,0.0,0.0
-1.95,-0.2,0.0,0.0,0.0
-1.9,-0.2,0.0,0.0,0.0
-1.85,-0.2,0.0,0.0,0.0
-1.8,-0.2,0.0,0.0,0.0
-1.75,-0.2,0.0,0.0,0.0
-1.7,-0.2,0.0,0.0,0.0
-1.65,-0.2,0.0,0.0,0.0
-1.6,-0.2,0.0,0.0,0.0
-1.55,-0.2,0.0,0.0,0.0
-1.5,-0.2,0.0,0.0,0.0
-1.45,-0.2,0.0,0.0,0.0
-1.4,-0.2,0.0,0.0,0.0
-1.35,-0.2,0.0,0.0,0.0
-1.3,-0.2,0.0,0.0,1e-04
-1.25,-0.2,0.0,0.0,0.0003
-1.2,-0.2,0.0,0.0,0.0008
-1.15,-0.2,0.0,0.0,0.0023
-1.1,-0.2,1e-04,0.0,0.0062
-1.05,-0.2,1e-04,0.0,0.0154
-1.0,-0.2,1e-04,0.0,0.0352
-0.95,-0.2,1e-04,0.0002,0.0677
-0.9,-0.2,1e-04,0.0019,0.1136
-0.85,-0.2,1e-04,0.0117,0.1543
-0.8,-0.2,0.0002,0.0293,0.166
-0.75,-0.2,0.0004,0.0404,0.176
-0.7,-0.2,0.0006,0.0471,0.186
-0.65,-0.2,0.0009,0.0539,0.196
-0.6,-0.2,0.001,0.0566,0.2061
-0.55,-0.2,0.0029,0.056,0.216
-0.5,-0.2,0.0095,0.0474,0.2233
-0.45,-0.2,0.0302,0.0475,0.2287
-0.4,-0.2,0.1147,0.063,0.2329
-0.35,-0.2,0.4548,0.6617,0.2347
-0.3,-0.2,0.9843,0.9737,0.2391
-0.25,-0.2,0.9976,0.9763,0.2444
-0.2,-0.2,0.9993,0.9714,0.2504
-0.15,-0.2,0.9997,0.9647,0.2617
-0.1,-0.2,0.9999,0.9558,0.2839
-0.05,-0.2,0.9999,0.947,0.3012
0.0,-0.2,0.9997,0.9415,0.3114
0.05,-0.2,0.9994,0.9673,0.4033
0.1,-0.2,0.9995,0.9856,0.8692
0.15,-0.2,0.9991,0.9927,0.9724
0.2,-0.2,0.9978,0.9942,0.9738
0.25,-0.2,0.9947,0.9956,0.9738
0.3,-0.2,0.9885,0.9969,0.9738
0.35,-0.2,0.9877,0.9976,0.9738
0.4,-0.2,0.9954,0.9981,0.9738
0.45,-0.2,0.9996,0.9985,0.9738
0.5,-0.2,1.0,0.9987,0.9738
0.55,-0.2,1.0,0.999,0.9738
0.6,-0.2,1.0,0.9992,0.9738
0.65,-0.2,1.0,0.9993,0.9739
0.7,-0.2,1.0,0.9995,0.9761
0.75,-0.2,1.0,0.9996,0.9781
0.8,-0.2,1.0,0.9997,0.9799
0.85,-0.2,1.0,0.9997,0.9815
0.9,-0.2,1.0,0.9998,0.983
0.95,-0.2,1.0,0.9998,0.9844
1.0,-0.2,1.0,0.9998,0.9864
1.05,-0.2,1.0,0.9998,0.9879
1.1,-0.2,1.0,0.9997,0.9884
1.15,-0.2,1.0,0.9996,0.9871
1.2,-0.2,1.0,0.9996,0.984
1.25,-0.2,1.0,0.9997,0.9806
1.3,-0.2,1.0,0.9997,0.9764
1.35,-0.2,0.9999,0.9998,0.972
1.4,-0.2,0.9993,0.9998,0.9678
1.45,-0.2,0.9968,0.9998,0.9636
1.5,-0.2,0.9834,0.9997,0.959
1.55,-0.2,0.9504,0.9996,0.9547
1.6,-0.2,0.8787,0.9994,0.9506
1.65,-0.2,0.7849,0.9987,0.945
1.7,-0.2,0.6679,0.9954,0.932
1.75,-0.2,0.5884,0.9724,0.9125
1.8,-0.2,0.5839,0.828,0.8916
1.85,-0.2,0.6586,0.5061,0.869
1.9,-0.2,0.7952,0.1977,0.8524
1.95,-0.2,0.902,0.1313,0.8368
2.0,-0.2,0.9562,0.1748,0.8225
2.05,-0.2,0.981,0.3265,0.8177
2.1,-0.2,0.9919,0.5539,0.8193
2.15,-0.2,0.9966,0.7757,0.8263
2.2,-0.2,0.9985,0.9139,0.838
2.25,-0.2,0.9994,0.9721,0.8552
2.3,-0.2,0.9997,0.9913,0.8708
2.35,-0.2,0.9999,0.9974,0.8872
2.4,-0.2,1.0,0.9993,0.9017
2.45,-0.2,1.0,0.9998,0.9146
2.5,-0.2,1.0,0.9999,0.9259
2.55,-0.2,1.0,1.0,0.9358
2.6,-0.2,1.0,1.0,0.9452
2.65,-0.2,1.0,1.0,0.9533
2.7,-0.2,1.0,1.0,0.9603
2.75,-0.2,1.0,1.0,0.9662
2.8,-0.2,1.0,1.0,0.9713
2.85,-0.2,1.0,1.0,0.9757
2.9,-0.2,1.0,1.0,0.9794
2.95,-0.2,1.0,1.0,0.9825
3.0,-0.2,1.0,1.0,0.9852
3.05,-0.2,1.0,1.0,0.9874
3.1,-0.2,1.0,1.0,0.9893
3.15,-0.2,1.0,1.0,0.9907
3.2,-0.2,1.0,1.0,0.9918
3.25,-0.2,1.0,1.0,0.9929
3.3,-0.2,1.0,1.0,0.9937
3.35,-0.2,1.0,1.0,0.9944
3.4,-0.2,1.0,1.0,0.9951
3.45,-0.2,1.0,1.0,0.9957
3.5,-0.2,1.0,1.0,0.9963
3.55,-0.2,1.0,1.0,0.9968
3.6,-0.2,1.0,1.0,0.9972
3.65,-0.2,1.0,1.0,0.9976
3.7,-0.2,1.0,1.0,0.9979
3.75,-0.2,1.0,1.0,0.9982
3.8,-0.2,1.0,1.0,0.9985
3.85,-0.2,1.0,1.0,0.9987
3.9,-0.2,1.0,1.0,0.9989
3.95,-0.2,1.0,1.0,0.9991
4.0,-0.2,1.0,1.0,0.9992
-4.0,-0.15,0.0,0.0,0.0
-3.95,-0.15,0.0,0.0,0.0
-3.9,-0.15,0.0,0.0,0.0
-3.85,-0.15,0.0,0.0,0.0
-3.8,-0.15,0.0,0.0,0.0
-3.75,-0.15,0.0,0.0,0.0
-3.7,-0.15,0.0,0.0,0.0
-3.65,-0.15,0.0,0.0,0.0
-3.6,-0.15,0.0,0.0,0.0
-3.55,-0.15,0.0,0.0,0.0
-3.5,-0.15,0.0,0.0,0.0
-3.45,-0.15,0.0,0.0,0.0
-3.4,-0.15,0.0,0.0,0.0
-3.35,-0.15,0.0,0.0,0.0
-3.3,-0.15,0.0,0.0,0.0
-3.25,-0.15,0.0,0.0,0.0
-3.2,-0.15,0.0,0.0,0.0
-3.15,-0.15,0.0,0.0,0.0
-3.1,-0.15,0.0,0.0,0.0
-3.05,-0.15,0.0,0.0,0.0
-3.0,-0.15,0.0,0.0,0.0
-2.95,-0.15,0.0,0.0,0.0
-2.9,-0.15,0.0,0.0,0.0
-2.85,-0.15,0.0,0.0,0.0
-2.8,-0.15,0.0,0.0,0.0
-2.75,-0.15,0.0,0.0,0.0
-2.7,-0.15,0.0,0.0,0.0
-2.65,-0.15,0.0,0.0,0.0
-2.6,-0.15,0.0,0.0,0.0
-2.55,-0.15,0.0,0.0,0.0
-2.5,-0.15,0.0,0.0,0.0
-2.45,-0.15,0.0,0.0,0.0
-2.4,-0.15,0.0,0.0,0.0
-2.35,-0.15,0.0,0.0,0.0
-2.3,-0.15,0.0,0.0,0.0
-2.25,-0.15,0.0,0.0,0.0
-2.2,-0.15,0.0,0.0,0.0
-2.15,-0.15,0.0,0.0,0.0
-2.1,-0.15,0.0,0.0,0.0
-2.05,-0.15,0.0,0.0,0.0
-2.0,-0.15,0.0,0.0,0.0
-1.95,-0.15,0.0,0.0,0.0
-1.9,-0.15,0.0,0.0,0.0
-1.85,-0.15,0.0,0.0,0.0
-1.8,-0.15,0.0,0.0,0.0
-1.75,-0.15,0.0,0.0,0.0
-1.7,-0.15,0.0,0.0,0.0
-1.65,-0.15,0.0,0.0,0.0
-1.6,-0.15,0.0,0.0,0.0
-1.55,-0.15,0.0,0.0,0.0
-1.5,-0.15,0.0,0.0,0.0
-1.45,-0.15,0.0,0.0,0.0
-1.4,-0.15,1e-04,0.0,1e-04
-1.35,-0.15,1e-04,0.0,0.0002
-1.3,-0.15,0.0002,0.0,0.0004
-1.25,-0.15,0.0003,0.0,0.0009
-1.2,-0.15,0.0005,0.0,0.0023
-1.15,-0.15,0.0008,0.0,0.0053
-1.1,-0.15,0.0008,0.0,0.0122
-1.05,-0.15,0.0007,0.0,0.0288
-1.0,-0.15,0.0008,1e-04,0.0568
-0.95,-0.15,0.0009,0.0016,0.0986
-0.9,-0.15,0.0011,0.0107,0.1433
-0.85,-0.15,0.0014,0.0288,0.1608
-0.8,-0.15,0.0018,0.0457,0.1712
-0.75,-0.15,0.002,0.0573,0.1814
-0.7,-0.15,0.0022,0.0718,0.1918
-0.65,-0.15,0.0024,0.0854,0.202
-0.6,-0.15,0.0029,0.0819,0.2112
-0.55,-0.15,0.0033,0.0708,0.2188
-0.5,-0.15,0.0084,0.0659,0.225
-0.45,-0.15,0.0256,0.0698,0.2297
-0.4,-0.15,0.0873,0.2553,0.2315
-0.35,-0.15,0.6316,0.845,0.2336
-0.3,-0.15,0.9859,0.9686,0.2388
-0.25,-0.15,0.9968,0.9596,0.245
-0.2,-0.15,0.9986,0.9459,0.2533
-0.15,-0.15,0.9993,0.9261,0.272
-0.1,-0.15,0.9996,0.9072,0.2989
-0.05,-0.15,0.9995,0.8895,0.3106
0.0,-0.15,0.9988,0.8769,0.3145
0.05,-0.15,0.9976,0.863,0.3225
0.1,-0.15,0.9964,0.9337,0.4449
0.15,-0.15,0.9927,0.9785,0.8995
0.2,-0.15,0.9823,0.9912,0.9738
0.25,-0.15,0.9545,0.9934,0.9738
0.3,-0.15,0.933,0.9953,0.9738
0.35,-0.15,0.9359,0.9967,0.9738
0.4,-0.15,0.9928,0.9976,0.9738
0.45,-0.15,0.9996,0.9981,0.9738
0.5,-0.15,1.0,0.9984,0.9738
0.55,-0.15,1.0,0.9987,0.9738
0.6,-0.15,1.0,0.999,0.9738
0.65,-0.15,1.0,0.9992,0.9752
0.7,-0.15,1.0,0.9994,0.9773
0.75,-0.15,1.0,0.9995,0.9792
0.8,-0.15,1.0,0.9996,0.9809
0.85,-0.15,1.0,0.9997,0.9824
0.9,-0.15,1.0,0.9998,0.9838
0.95,-0.15,1.0,0.9998,0.9851
1.0,-0.15,1.0,0.9998,0.9866
1.05,-0.15,1.0,0.9998,0.988
1.1,-0.15,1.0,0.9997,0.9888
1.15,-0.15,1.0,0.9996,0.9883
1.2,-0.15,1.0,0.9996,0.9855
1.25,-0.15,1.0,0.9996,0.9823
1.3,-0.15,1.0,0.9997,0.9785
1.35,-0.15,0.9999,0.9998,0.974
1.4,-0.15,0.9995,0.9998,0.97
1.45,-0.15,0.9978,0.9998,0.9657
1.5,-0.15,0.9889,0.9997,0.9613
1.55,-0.15,0.9677,0.9995,0.9568
1.6,-0.15,0.9086,0.9992,0.9529
1.65,-0.15,0.8294,0.9988,0.9488
1.7,-0.15,0.73,0.9975,0.9439
1.75,-0.15,0.6317,0.9921,0.9308
1.8,-0.15,0.4885,0.9615,0.9117
1.85,-0.15,0.5094,0.8014,0.8899
1.9,-0.15,0.6962,0.4645,0.8669
1.95,-0.15,0.8453,0.188,0.8506
2.0,-0.15,0.9283,0.131,0.8348
2.05,-0.15,0.9685,0.1797,0.8204
2.1,-0.15,0.9863,0.3208,0.8154
2.15,-0.15,0.9941,0.5419,0.8183
2.2,-0.15,0.9973,0.7705,0.8264
2.25,-0.15,0.9987,0.915,0.8382
2.3,-0.15,0.9994,0.9725,0.8553
2.35,-0.15,0.9997,0.9915,0.8709
2.4,-0.15,0.9999,0.9976,0.8873
2.45,-0.15,1.0,0.9994,0.9018
2.5,-0.15,1.0,0.9998,0.9146
2.55,-0.15,1.0,1.0,0.9259
2.6,-0.15,1.0,1.0,0.9359
2.65,-0.15,1.0,1.0,0.9451
2.7,-0.15,1.0,1.0,0.9532
2.75,-0.15,1.0,1.0,0.9602
2.8,-0.15,1.0,1.0,0.9662
2.85,-0.15,1.0,1.0,0.971
2.9,-0.15,1.0,1.0,0.975
2.95,-0.15,1.0,1.0,0.9785
3.0,-0.15,1.0,1.0,0.9817
3.05,-0.15,1.0,1.0,0.9835
3.1,-0.15,1.0,1.0,0.9848
3.15,-0.15,1.0,1.0,0.986
3.2,-0.15,1.0,1.0,0.9871
3.25,-0.15,1.0,1.0,0.9887
3.3,-0.15,1.0,1.0,0.9902
3.35,-0.15,1.0,1.0,0.9914
3.4,-0.15,1.0,1.0,0.9924
3.45,-0.15,1.0,1.0,0.9933
3.5,-0.15,1.0,1.0,0.9942
3.55,-0.15,1.0,1.0,0.9949
3.6,-0.15,1.0,1.0,0.9956
3.65,-0.15,1.0,1.0,0.9962
3.7,-0.15,1.0,1.0,0.9967
3.75,-0.15,1.0,1.0,0.9972
3.8,-0.15,1.0,1.0,0.9977
3.85,-0.15,1.0,1.0,0.998
3.9,-0.15,1.0,1.0,0.9983
3.95,-0.15,1.0,1.0,0.9986
4.0,-0.15,1.0,1.0,0.9988
-4.0,-0.1,0.0,0.0,0.0
-3.95,-0.1,0.0,0.0,0.0
-3.9,-0.1,0.0,0.0,0.0
-3.85,-0.1,0.0,0.0,0.0
-3.8,-0.1,0.0,0.0,0.0
-3.75,-0.1,0.0,0.0,0.0
-3.7,-0.1,0.0,0.0,0.0
-3.65,-0.1,0.0,0.0,0.0
-3.6,-0.1,0.0,0.0,0.0
-3.55,-0.1,0.0,0.0,0.0
-3.5,-0.1,0.0,0.0,0.0
-3.45,-0.1,0.0,0.0,0.0
-3.4,-0.1,0.0,0.0,0.0
-3.35,-0.1,0.0,0.0,0.0
-3.3,-0.1,0.0,0.0,0.0
-3.25,-0.1,0.0,0.0,0.0
-3.2,-0.1,0.0,0.0,0.0
-3.15,-0.1,0.0,0.0,0.0
-3.1,-0.1,0.0,0.0,0.0
-3.05,-0.1,0.0,0.0,0.0
-3.0,-0.1,0.0,0.0,0.0
-2.95,-0.1,0.0,0.0,0.0
-2.9,-0.1,0.0,0.0,0.0
-2.85,-0.1,0.0,0.0,0.0
-2.8,-0.1,0.0,0.0,0.0
-2.75,-0.1,0.0,0.0,0.0
-2.7,-0.1,0.0,0.0,0.0
-2.65,-0.1,0.0,0.0,0.0
-2.6,-0.1,0.0,0.0,0.0
-2.55,-0.1,0.0,0.0,0.0
-2.5,-0.1,0.0,0.0,0.0
-2.45,-0.1,0.0,0.0,0.0
-2.4,-0.1,0.0,0.0,0.0
-2.35,-0.1,0.0,0.0,0.0
-2.3,-0.1,0.0,0.0,0.0
-2.25,-0.1,0.0,0.0,0.0
-2.2,-0.1,0.0,0.0,0.0
-2.15,-0.1,0.0,0.0,0.0
-2.1,-0.1,0.0,0.0,0.0
-2.05,-0.1,0.0,0.0,0.0
-2.0,-0.1,0.0,0.0,0.0
-1.95,-0.1,0.0,0.0,0.0
-1.9,-0.1,0.0,0.0,0.0
-1.85,-0.1,0.0,0.0,0.0
-1.8,-0.1,1e-04,0.0,0.0
-1.75,-0.1,1e-04,0.0,0.0
-1.7,-0.1,0.0002,0.0,0.0
-1.65,-0.1,0.0003,0.0,0.0
-1.6,-0.1,0.0006,0.0,0.0
-1.55,-0.1,0.0009,0.0,0.0
-1.5,-0.1,0.0016,0.0,1e-04
-1.45,-0.1,0.0026,0.0,1e-04
-1.4,-0.1,0.0044,0.0,0.0003
-1.35,-0.1,0.0074,0.0,0.0007
-1.3,-0.1,0.0122,0.0,0.0016
-1.25,-0.1,0.0199,0.0,0.0033
-1.2,-0.1,0.0322,0.0,0.0068
-1.15,-0.1,0.0396,0.0,0.0141
-1.1,-0.1,0.0297,0.0,0.0274
-1.05,-0.1,0.022,1e-04,0.0472
-1.0,-0.1,0.0217,0.0021,0.085
-0.95,-0.1,0.0222,0.0144,0.1289
-0.9,-0.1,0.0228,0.0403,0.156
-0.85,-0.1,0.0227,0.0788,0.1669
-0.8,-0.1,0.0189,0.1086,0.1767
-0.75,-0.1,0.0137,0.126,0.1868
-0.7,-0.1,0.0085,0.1275,0.1962
-0.65,-0.1,0.006,0.1148,0.205
-0.6,-0.1,0.005,0.089,0.2124
-0.55,-0.1,0.0038,0.0736,0.2189
-0.5,-0.1,0.0055,0.0657,0.2253
-0.45,-0.1,0.0144,0.0857,0.2283
-0.4,-0.1,0.0365,0.3404,0.23
-0.35,-0.1,0.5329,0.8925,0.2333
-0.3,-0.1,0.9276,0.929,0.2393
-0.25,-0.1,0.9823,0.8962,0.2463
-0.2,-0.1,0.9956,0.8667,0.2601
-0.15,-0.1,0.9983,0.8301,0.2841
-0.1,-0.1,0.9988,0.7974,0.3091
-0.05,-0.1,0.9978,0.7677,0.3135
0.0,-0.1,0.9956,0.7336,0.3133
0.05,-0.1,0.9913,0.697,0.315
0.1,-0.1,0.972,0.6552,0.3285
0.15,-0.1,0.9322,0.8175,0.4848
0.2,-0.1,0.867,0.9521,0.9224
0.25,-0.1,0.7279,0.9878,0.9738
0.3,-0.1,0.7061,0.9927,0.9738
0.35,-0.1,0.9136,0.995,0.9738
0.4,-0.1,0.9946,0.9965,0.9738
0.45,-0.1,0.9997,0.9975,0.9738
0.5,-0.1,1.0,0.998,0.9738
0.55,-0.1,1.0,0.9985,0.9738
0.6,-0.1,1.0,0.9988,0.9743
0.65,-0.1,1.0,0.9991,0.9765
0.7,-0.1,1.0,0.9993,0.9784
0.75,-0.1,1.0,0.9995,0.9802
0.8,-0.1,1.0,0.9996,0.9818
0.85,-0.1,1.0,0.9997,0.9833
0.9,-0.1,1.0,0.9997,0.9846
0.95,-0.1,1.0,0.9998,0.9858
1.0,-0.1,1.0,0.9998,0.9868
1.05,-0.1,1.0,0.9999,0.9882
1.1,-0.1,1.0,0.9998,0.9891
1.15,-0.1,1.0,0.9997,0.9889
1.2,-0.1,1.0,0.9996,0.987
1.25,-0.1,1.0,0.9996,0.9839
1.3,-0.1,1.0,0.9996,0.9804
1.35,-0.1,0.9999,0.9997,0.9763
1.4,-0.1,0.9996,0.9998,0.972
1.45,-0.1,0.9984,0.9997,0.9679
1.5,-0.1,0.9922,0.9996,0.9636
1.55,-0.1,0.9743,0.9993,0.9592
1.6,-0.1,0.9208,0.999,0.9552
1.65,-0.1,0.7933,0.9984,0.9512
1.7,-0.1,0.6627,0.9975,0.947
1.75,-0.1,0.4751,0.9954,0.9428
1.8,-0.1,0.3324,0.9884,0.9296
1.85,-0.1,0.3513,0.9463,0.911
1.9,-0.1,0.5575,0.7715,0.8881
1.95,-0.1,0.7512,0.4206,0.8648
2.0,-0.1,0.8689,0.1789,0.8488
2.05,-0.1,0.935,0.1325,0.8324
2.1,-0.1,0.969,0.1864,0.818
2.15,-0.1,0.9868,0.325,0.8141
2.2,-0.1,0.9944,0.547,0.8178
2.25,-0.1,0.9977,0.771,0.8265
2.3,-0.1,0.999,0.9158,0.8383
2.35,-0.1,0.9996,0.9716,0.8555
2.4,-0.1,0.9998,0.9914,0.8711
2.45,-0.1,0.9999,0.9977,0.8874
2.5,-0.1,1.0,0.9994,0.9019
2.55,-0.1,1.0,0.9999,0.9147
2.6,-0.1,1.0,1.0,0.9248
2.65,-0.1,1.0,1.0,0.9338
2.7,-0.1,1.0,1.0,0.9425
2.75,-0.1,1.0,1.0,0.9502
2.8,-0.1,1.0,1.0,0.955
2.85,-0.1,1.0,1.0,0.9594
2.9,-0.1,1.0,1.0,0.9638
2.95,-0.1,1.0,1.0,0.967
3.0,-0.1,1.0,1.0,0.9697
3.05,-0.1,1.0,1.0,0.9717
3.1,-0.1,1.0,1.0,0.9737
3.15,-0.1,1.0,1.0,0.9765
3.2,-0.1,1.0,1.0,0.9792
3.25,-0.1,1.0,1.0,0.9818
3.3,-0.1,1.0,1.0,0.9841
3.35,-0.1,1.0,1.0,0.9861
3.4,-0.1,1.0,1.0,0.9878
3.45,-0.1,1.0,1.0,0.9894
3.5,-0.1,1.0,1.0,0.9907
3.55,-0.1,1.0,1.0,0.992
3.6,-0.1,1.0,1.0,0.9932
3.65,-0.1,1.0,1.0,0.9942
3.7,-0.1,1.0,1.0,0.9952
3.75,-0.1,1.0,1.0,0.996
3.8,-0.1,1.0,1.0,0.9966
3.85,-0.1,1.0,1.0,0.9972
3.9,-0.1,1.0,1.0,0.9977
3.95,-0.1,1.0,1.0,0.9981
4.0,-0.1,1.0,1.0,0.9984
-4.0,-0.05,0.0,0.0,0.0
-3.95,-0.05,0.0,0.0,0.0
-3.9,-0.05,0.0,0.0,0.0
-3.85,-0.05,0.0,0.0,0.0
-3.8,-0.05,0.0,0.0,0.0
-3.75,-0.05,0.0,0.0,0.0
-3.7,-0.05,0.0,0.0,0.0
-3.65,-0.05,0.0,0.0,0.0
-3.6,-0.05,0.0,0.0,0.0
-3.55,-0.05,0.0,0.0,0.0
-3.5,-0.05,0.0,0.0,0.0
-3.45,-0.05,0.0,0.0,0.0
-3.4,-0.05,0.0,0.0,0.0
-3.35,-0.05,0.0,0.0,0.0
-3.3,-0.05,0.0,0.0,0.0
-3.25,-0.05,0.0,0.0,0.0
-3.2,-0.05,0.0,0.0,0.0
-3.15,-0.05,0.0,0.0,0.0
-3.1,-0.05,0.0,0.0,0.0
-3.05,-0.05,0.0,0.0,0.0
-3.0,-0.05,0.0,0.0,0.0
-2.95,-0.05,0.0,0.0,0.0
-2.9,-0.05,0.0,0.0,0.0
-2.85,-0.05,0.0,0.0,0.0
-2.8,-0.05,0.0,0.0,0.0
-2.75,-0.05,0.0,0.0,0.0
-2.7,-0.05,0.0,0.0,0.0
-2.65,-0.05,0.0,0.0,0.0
-2.6,-0.05,0.0,0.0,0.0
-2.55,-0.05,0.0,0.0,0.0
-2.5,-0.05,0.0,0.0,0.0
-2.45,-0.05,0.0,0.0,0.0
-2.4,-0.05,0.0,0.0,0.0
-2.35,-0.05,0.0,0.0,0.0
-2.3,-0.05,0.0,0.0,0.0
-2.25,-0.05,0.0,0.0,0.0
-2.2,-0.05,1e-04,0.0,0.0
-2.15,-0.05,1e-04,0.0,0.0
-2.1,-0.05,0.0002,0.0,0.0
-2.05,-0.05,0.0003,0.0,0.0
-2.0,-0.05,0.0005,0.0,0.0
-1.95,-0.05,0.0008,0.0,0.0
-1.9,-0.05,0.0014,0.0,0.0
-1.85,-0.05,0.0024,0.0,0.0
-1.8,-0.05,0.0042,0.0,0.0
-1.75,-0.05,0.0073,0.0,0.0
-1.7,-0.05,0.0124,0.0,0.0
-1.65,-0.05,0.0207,0.0,0.0
-1.6,-0.05,0.0344,0.0,1e-04
-1.55,-0.05,0.0566,0.0,0.0002
-1.5,-0.05,0.0919,0.0,0.0003
-1.45,-0.05,0.1456,0.0,0.0007
-1.4,-0.05,0.2223,0.0,0.0013
-1.35,-0.05,0.3237,0.0,0.0027
-1.3,-0.05,0.445,0.0,0.0057
-1.25,-0.05,0.6896,0.0,0.0116
-1.2,-0.05,0.7686,0.0,0.0219
-1.15,-0.05,0.7115,0.0,0.0369
-1.1,-0.05,0.6539,0.0003,0.0557
-1.05,-0.05,0.59,0.0046,0.088
-1.0,-0.05,0.5216,0.0278,0.1202
-0.95,-0.05,0.4648,0.0844,0.1488
-0.9,-0.05,0.416,0.1604,0.1621
-0.85,-0.05,0.2363,0.198,0.172
-0.8,-0.05,0.1118,0.1886,0.1811
-0.75,-0.05,0.0563,0.1765,0.1896
-0.7,-0.05,0.0252,0.1599,0.1973
-0.65,-0.05,0.0097,0.1232,0.2047
-0.6,-0.05,0.0032,0.0776,0.2121
-0.55,-0.05,0.0012,0.0573,0.2186
-0.5,-0.05,0.0015,0.0488,0.223
-0.45,-0.05,0.0033,0.0731,0.2263
-0.4,-0.05,0.0091,0.3348,0.2286
-0.35,-0.05,0.3149,0.8081,0.2336
-0.3,-0.05,0.678,0.7983,0.2401
-0.25,-0.05,0.9013,0.7487,0.25
-0.2,-0.05,0.9753,0.691,0.2682
-0.15,-0.05,0.9941,0.6455,0.2919
-0.1,-0.05,0.9957,0.6006,0.3069
-0.05,-0.05,0.992,0.5531,0.3118
0.0,-0.05,0.984,0.5028,0.3135
0.05,-0.05,0.9682,0.4497,0.3132
0.1,-0.05,0.8946,0.3975,0.3155
0.15,-0.05,0.6279,0.379,0.336
0.2,-0.05,0.4868,0.6207,0.5348
0.25,-0.05,0.4568,0.9014,0.9386
0.3,-0.05,0.645,0.985,0.9738
0.35,-0.05,0.9621,0.9923,0.9738
0.4,-0.05,0.9975,0.9947,0.9738
0.45,-0.05,0.9996,0.9963,0.9738
0.5,-0.05,0.9999,0.9975,0.9738
0.55,-0.05,1.0,0.9982,0.9738
0.6,-0.05,1.0,0.9986,0.9756
0.65,-0.05,1.0,0.9989,0.9777
0.7,-0.05,1.0,0.9992,0.9795
0.75,-0.05,1.0,0.9994,0.9812
0.8,-0.05,1.0,0.9995,0.9827
0.85,-0.05,1.0,0.9996,0.9841
0.9,-0.05,1.0,0.9997,0.9853
0.95,-0.05,1.0,0.9998,0.9864
1.0,-0.05,1.0,0.9998,0.9873
1.05,-0.05,1.0,0.9999,0.9883
1.1,-0.05,1.0,0.9998,0.9893
1.15,-0.05,1.0,0.9997,0.9894
1.2,-0.05,1.0,0.9996,0.9882
1.25,-0.05,1.0,0.9996,0.9854
1.3,-0.05,1.0,0.9996,0.9822
1.35,-0.05,0.9999,0.9997,0.9783
1.4,-0.05,0.9996,0.9997,0.974
1.45,-0.05,0.998,0.9997,0.97
1.5,-0.05,0.9908,0.9994,0.9657
1.55,-0.05,0.9723,0.9991,0.9615
1.6,-0.05,0.9152,0.9986,0.9573
1.65,-0.05,0.7497,0.9979,0.9535
1.7,-0.05,0.5026,0.9969,0.9493
1.75,-0.05,0.3116,0.9955,0.9452
1.8,-0.05,0.1928,0.9927,0.9415
1.85,-0.05,0.1958,0.984,0.929
1.9,-0.05,0.364,0.9295,0.9103
1.95,-0.05,0.5795,0.7386,0.8873
2.0,-0.05,0.7676,0.378,0.8627
2.05,-0.05,0.8873,0.1633,0.8461
2.1,-0.05,0.9495,0.1331,0.8287
2.15,-0.05,0.9782,0.1938,0.8154
2.2,-0.05,0.9908,0.3225,0.8128
2.25,-0.05,0.9961,0.5322,0.8172
2.3,-0.05,0.9984,0.7509,0.8262
2.35,-0.05,0.9993,0.8999,0.8354
2.4,-0.05,0.9997,0.9673,0.8503
2.45,-0.05,0.9999,0.9916,0.8648
2.5,-0.05,1.0,0.9979,0.8783
2.55,-0.05,1.0,0.9995,0.8873
2.6,-0.05,1.0,0.9999,0.8957
2.65,-0.05,1.0,1.0,0.9035
2.7,-0.05,1.0,1.0,0.912
2.75,-0.05,1.0,1.0,0.9194
2.8,-0.05,1.0,1.0,0.9261
2.85,-0.05,1.0,1.0,0.9307
2.9,-0.05,1.0,1.0,0.936
2.95,-0.05,1.0,1.0,0.9409
3.0,-0.05,1.0,1.0,0.9458
3.05,-0.05,1.0,1.0,0.9517
3.1,-0.05,1.0,1.0,0.9572
3.15,-0.05,1.0,1.0,0.9624
3.2,-0.05,1.0,1.0,0.9671
3.25,-0.05,1.0,1.0,0.9712
3.3,-0.05,1.0,1.0,0.9747
3.35,-0.05,1.0,1.0,0.9781
3.4,-0.05,1.0,1.0,0.9813
3.45,-0.05,1.0,1.0,0.9842
3.5,-0.05,1.0,1.0,0.9866
3.55,-0.05,1.0,1.0,0.9887
3.6,-0.05,1.0,1.0,0.9905
3.65,-0.05,1.0,1.0,0.992
3.7,-0.05,1.0,1.0,0.9935
3.75,-0.05,1.0,1.0,0.9947
3.8,-0.05,1.0,1.0,0.9957
3.85,-0.05,1.0,1.0,0.9965
3.9,-0.05,1.0,1.0,0.9972
3.95,-0.05,1.0,1.0,0.9977
4.0,-0.05,1.0,1.0,0.9982
-4.0,0.0,0.0,0.0,0.0
-3.95,0.0,0.0,0.0,0.0
-3.9,0.0,0.0,0.0,0.0
-3.85,0.0,0.0,0.0,0.0
-3.8,0.0,0.0,0.0,0.0
-3.75,0.0,0.0,0.0,0.0
-3.7,0.0,0.0,0.0,0.0
-3.65,0.0,0.0,0.0,0.0
-3.6,0.0,0.0,0.0,0.0
-3.55,0.0,0.0,0.0,0.0
-3.5,0.0,0.0,0.0,0.0
-3.45,0.0,0.0,0.0,0.0
-3.4,0.0,0.0,0.0,0.0
-3.35,0.0,0.0,0.0,0.0
-3.3,0.0,0.0,0.0,0.0
-3.25,0.0,0.0,0.0,0.0
-3.2,0.0,0.0,0.0,0.0
-3.15,0.0,0.0,0.0,0.0
-3.1,0.0,0.0,0.0,0.0
-3.05,0.0,0.0,0.0,0.0
-3.0,0.0,0.0,0.0,0.0
-2.95,0.0,0.0,0.0,0.0
-2.9,0.0,0.0,0.0,0.0
-2.85,0.0,0.0,0.0,0.0
-2.8,0.0,0.0,0.0,0.0
-2.75,0.0,0.0,0.0,0.0
-2.7,0.0,0.0,0.0,0.0
-2.65,0.0,0.0,0.0,0.0
-2.6,0.0,0.0,0.0,0.0
-2.55,0.0,0.0,0.0,0.0
-2.5,0.0,0.0,0.0,0.0
-2.45,0.0,1e-04,0.0,0.0
-2.4,0.0,1e-04,0.0,0.0
-2.35,0.0,0.0003,0.0,0.0
-2.3,0.0,0.0006,0.0,0.0
-2.25,0.0,0.0011,0.0,0.0
-2.2,0.0,0.002,0.0,0.0
-2.15,0.0,0.0037,0.0,0.0
-2.1,0.0,0.0068,0.0,0.0
-2.05,0.0,0.0124,0.0,0.0
-2.0,0.0,0.0225,0.0,0.0
-1.95,0.0,0.0405,0.0,0.0
-1.9,0.0,0.072,0.0,0.0
-1.85,0.0,0.1248,0.0,0.0
-1.8,0.0,0.2066,0.0,0.0
-1.75,0.0,0.3159,0.0,1e-04
-1.7,0.0,0.4473,0.0,0.0002
-1.65,0.0,0.5776,0.0,0.0003
-1.6,0.0,0.6974,0.0,0.0006
-1.55,0.0,0.7952,0.0,0.001
-1.5,0.0,0.8675,0.0,0.0018
-1.45,0.0,0.9165,0.0,0.0035
-1.4,0.0,0.9539,0.0,0.0064
-1.35,0.0,0.983,0.0,0.0115
-1.3,0.0,0.9938,0.0,0.0198
-1.25,0.0,0.9962,0.0,0.0337
-1.2,0.0,0.9952,1e-04,0.0574
-1.15,0.0,0.9939,0.0015,0.0854
-1.1,0.0,0.9917,0.0122,0.1173
-1.05,0.0,0.9873,0.0611,0.1444
-1.0,0.0,0.9784,0.1573,0.1664
-0.95,0.0,0.9469,0.258,0.175
-0.9,0.0,0.8623,0.288,0.1724
-0.85,0.0,0.6712,0.2617,0.175
-0.8,0.0,0.3355,0.2362,0.1826
-0.75,0.0,0.0821,0.2008,0.1897
-0.7,0.0,0.013,0.141,0.1968
-0.65,0.0,0.0019,0.083,0.2042
-0.6,0.0,0.0004,0.0446,0.2111
-0.55,0.0,0.0002,0.0303,0.2158
-0.5,0.0,0.0004,0.0243,0.2199
-0.45,0.0,0.0008,0.0379,0.2234
-0.4,0.0,0.0046,0.2752,0.2277
-0.35,0.0,0.0619,0.6295,0.2344
-0.3,0.0,0.2407,0.5773,0.2398
-0.25,0.0,0.5819,0.5111,0.2539
-0.2,0.0,0.8533,0.4765,0.2729
-0.15,0.0,0.9605,0.4419,0.293
-0.1,0.0,0.9763,0.4079,0.303
-0.05,0.0,0.9706,0.3727,0.3089
0.0,0.0,0.9595,0.362,0.3122
0.05,0.0,0.9464,0.3596,0.3134
0.1,0.0,0.8705,0.3571,0.3134
0.15,0.0,0.6579,0.3547,0.3162
0.2,0.0,0.3899,0.3523,0.3437
0.25,0.0,0.3489,0.6413,0.5913
0.3,0.0,0.762,0.893,0.943
0.35,0.0,0.985,0.9842,0.9733
0.4,0.0,0.9978,0.992,0.9738
0.45,0.0,0.9995,0.9945,0.9738
0.5,0.0,0.9999,0.9964,0.9738
0.55,0.0,1.0,0.9976,0.9747
0.6,0.0,1.0,0.9983,0.9768
0.65,0.0,1.0,0.9987,0.9788
0.7,0.0,1.0,0.999,0.9805
0.75,0.0,1.0,0.9993,0.9821
0.8,0.0,1.0,0.9994,0.9835
0.85,0.0,1.0,0.9996,0.9848
0.9,0.0,1.0,0.9997,0.986
0.95,0.0,1.0,0.9997,0.987
1.0,0.0,1.0,0.9998,0.9878
1.05,0.0,1.0,0.9998,0.9885
1.1,0.0,1.0,0.9999,0.9895
1.15,0.0,1.0,0.9998,0.9899
1.2,0.0,1.0,0.9997,0.9889
1.25,0.0,1.0,0.9996,0.9868
1.3,0.0,1.0,0.9996,0.9839
1.35,0.0,0.9999,0.9996,0.9802
1.4,0.0,0.9994,0.9997,0.9761
1.45,0.0,0.9974,0.9996,0.972
1.5,0.0,0.9881,0.9992,0.9679
1.55,0.0,0.9679,0.9988,0.9637
1.6,0.0,0.8799,0.9982,0.9596
1.65,0.0,0.5347,0.9973,0.9557
1.7,0.0,0.3141,0.996,0.9517
1.75,0.0,0.167,0.9947,0.9476
1.8,0.0,0.1077,0.9931,0.9433
1.85,0.0,0.1273,0.9898,0.9403
1.9,0.0,0.2585,0.9754,0.9285
1.95,0.0,0.4553,0.8954,0.9096
2.0,0.0,0.666,0.5856,0.8864
2.05,0.0,0.8262,0.2082,0.8586
2.1,0.0,0.919,0.1091,0.8376
2.15,0.0,0.9644,0.1189,0.8161
2.2,0.0,0.9847,0.1859,0.8013
2.25,0.0,0.9935,0.3066,0.7913
2.3,0.0,0.9973,0.5003,0.7832
2.35,0.0,0.9989,0.7482,0.7766
2.4,0.0,0.9995,0.9066,0.7865
2.45,0.0,0.9998,0.9731,0.7971
2.5,0.0,0.9999,0.9926,0.8069
2.55,0.0,1.0,0.998,0.8163
2.6,0.0,1.0,0.9995,0.8255
2.65,0.0,1.0,0.9999,0.8368
2.7,0.0,1.0,1.0,0.8507
2.75,0.0,1.0,1.0,0.8621
2.8,0.0,1.0,1.0,0.8728
2.85,0.0,1.0,1.0,0.8834
2.9,0.0,1.0,1.0,0.8936
2.95,0.0,1.0,1.0,0.9046
3.0,0.0,1.0,1.0,0.915
3.05,0.0,1.0,1.0,0.9248
3.1,0.0,1.0,1.0,0.9345
3.15,0.0,1.0,1.0,0.9433
3.2,0.0,1.0,1.0,0.951
3.25,0.0,1.0,1.0,0.9582
3.3,0.0,1.0,1.0,0.9652
3.35,0.0,1.0,1.0,0.9711
3.4,0.0,1.0,1.0,0.976
3.45,0.0,1.0,1.0,0.9803
3.5,0.0,1.0,1.0,0.9838
3.55,0.0,1.0,1.0,0.9867
3.6,0.0,1.0,1.0,0.9891
3.65,0.0,1.0,1.0,0.9911
3.7,0.0,1.0,1.0,0.9927
3.75,0.0,1.0,1.0,0.994
3.8,0.0,1.0,1.0,0.9952
3.85,0.0,1.0,1.0,0.9961
3.9,0.0,1.0,1.0,0.9968
3.95,0.0,1.0,1.0,0.9974
4.0,0.0,1.0,1.0,0.9979
-4.0,0.05,0.0,0.0,0.0
-3.95,0.05,0.0,0.0,0.0
-3.9,0.05,0.0,0.0,0.0
-3.85,0.05,0.0,0.0,0.0
-3.8,0.05,0.0,0.0,0.0
-3.75,0.05,0.0,0.0,0.0
-3.7,0.05,0.0,0.0,0.0
-3.65,0.05,0.0,0.0,0.0
-3.6,0.05,0.0,0.0,0.0
-3.55,0.05,0.0,0.0,0.0
-3.5,0.05,0.0,0.0,0.0
-3.45,0.05,0.0,0.0,0.0
-3.4,0.05,0.0,0.0,0.0
-3.35,0.05,0.0,0.0,0.0
-3.3,0.05,0.0,0.0,0.0
-3.25,0.05,0.0,0.0,0.0
-3.2,0.05,0.0,0.0,0.0
-3.15,0.05,0.0,0.0,0.0
-3.1,0.05,0.0,0.0,0.0
-3.05,0.05,0.0,0.0,0.0
-3.0,0.05,0.0,0.0,0.0
-2.95,0.05,0.0,0.0,0.0
-2.9,0.05,0.0,0.0,0.0
-2.85,0.05,0.0,0.0,0.0
-2.8,0.05,0.0,0.0,0.0
-2.75,0.05,1e-04,0.0,0.0
-2.7,0.05,1e-04,0.0,0.0
-2.65,0.05,0.0003,0.0,0.0
-2.6,0.05,0.0005,0.0,0.0
-2.55,0.05,0.0009,0.0,0.0
-2.5,0.05,0.0018,0.0,0.0
-2.45,0.05,0.0034,0.0,0.0
-2.4,0.05,0.0064,0.0,0.0
-2.35,0.05,0.0123,0.0,0.0
-2.3,0.05,0.0222,0.0,0.0
-2.25,0.05,0.0384,0.0,0.0
-2.2,0.05,0.0654,0.0,0.0
-2.15,0.05,0.1134,0.0,0.0
-2.1,0.05,0.1901,0.0,0.0
-2.05,0.05,0.3012,0.0,0.0
-2.0,0.05,0.442,0.0,0.0
-1.95,0.05,0.5927,0.0,0.0
-1.9,0.05,0.7265,0.0,1e-04
-1.85,0.05,0.8244,0.0,0.0002
-1.8,0.05,0.8924,0.0,0.0004
-1.75,0.05,0.9371,0.0,0.0007
-1.7,0.05,0.9641,0.0,0.0012
-1.65,0.05,0.9798,0.0,0.002
-1.6,0.05,0.9887,0.0,0.0034
-1.55,0.05,0.9937,0.0,0.0059
-1.5,0.05,0.9974,0.0,0.01
-1.45,0.05,0.9991,0.0,0.017
-1.4,0.05,0.9997,0.0,0.0286
-1.35,0.05,0.9999,0.0,0.0473
-1.3,0.05,0.9999,0.0002,0.0734
-1.25,0.05,0.9999,0.0018,0.1112
-1.2,0.05,0.9999,0.0081,0.1431
-1.15,0.05,0.9998,0.0376,0.1728
-1.1,0.05,0.9997,0.1503,0.2014
-1.05,0.05,0.9994,0.3165,0.2254
-1.0,0.05,0.9984,0.4403,0.2308
-0.95,0.05,0.9923,0.4883,0.2129
-0.9,0.05,0.9527,0.435,0.201
-0.85,0.05,0.6499,0.331,0.193
-0.8,0.05,0.1356,0.2181,0.1886
-0.75,0.05,0.0154,0.1568,0.1892
-0.7,0.05,0.0019,0.0907,0.1964
-0.65,0.05,0.0003,0.0371,0.2033
-0.6,0.05,1e-04,0.0206,0.2083
-0.55,0.05,0.0,0.0158,0.2131
-0.5,0.05,1e-04,0.0174,0.2166
-0.45,0.05,0.0002,0.0312,0.2198
-0.4,0.05,0.0021,0.2191,0.2245
-0.35,0.05,0.0099,0.3846,0.2309
-0.3,0.05,0.0439,0.3658,0.2402
-0.25,0.05,0.1777,0.3678,0.2559
-0.2,0.05,0.502,0.3674,0.2762
-0.15,0.05,0.8317,0.3664,0.2899
-0.1,0.05,0.912,0.3645,0.2988
-0.05,0.05,0.9262,0.3639,0.3043
0.0,0.05,0.9418,0.3623,0.3094
0.05,0.05,0.9515,0.3598,0.3125
0.1,0.05,0.9133,0.3574,0.3134
0.15,0.05,0.8006,0.355,0.3139
0.2,0.05,0.5239,0.3525,0.3168
0.25,0.05,0.394,0.3648,0.3513
0.3,0.05,0.7045,0.6698,0.6469
0.35,0.05,0.9834,0.893,0.9449
0.4,0.05,0.997,0.9838,0.9713
0.45,0.05,0.9994,0.9922,0.9738
0.5,0.05,0.9999,0.995,0.9738
0.55,0.05,1.0,0.9966,0.976
0.6,0.05,1.0,0.9977,0.978
0.65,0.05,1.0,0.9984,0.9799
0.7,0.05,1.0,0.9989,0.9815
0.75,0.05,1.0,0.9991,0.983
0.8,0.05,1.0,0.9993,0.9843
0.85,0.05,1.0,0.9995,0.9855
0.9,0.05,1.0,0.9996,0.9866
0.95,0.05,1.0,0.9997,0.9875
1.0,0.05,1.0,0.9998,0.9882
1.05,0.05,1.0,0.9998,0.9889
1.1,0.05,1.0,0.9999,0.9896
1.15,0.05,1.0,0.9999,0.9902
1.2,0.05,1.0,0.9998,0.9896
1.25,0.05,1.0,0.9996,0.988
1.3,0.05,1.0,0.9996,0.9853
1.35,0.05,0.9998,0.9996,0.9821
1.4,0.05,0.9992,0.9996,0.9781
1.45,0.05,0.9962,0.9995,0.974
1.5,0.05,0.9834,0.999,0.97
1.55,0.05,0.9402,0.9985,0.9658
1.6,0.05,0.7498,0.9977,0.9618
1.65,0.05,0.3636,0.9964,0.9577
1.7,0.05,0.1967,0.994,0.954
1.75,0.05,0.0993,0.9907,0.9499
1.8,0.05,0.0643,0.9868,0.9447
1.85,0.05,0.082,0.98,0.9391
1.9,0.05,0.1753,0.9623,0.9347
1.95,0.05,0.3354,0.9008,0.9196
2.0,0.05,0.5462,0.6592,0.8883
2.05,0.05,0.7417,0.2346,0.8445
2.1,0.05,0.8726,0.0991,0.8007
2.15,0.05,0.9423,0.0958,0.7611
2.2,0.05,0.975,0.1075,0.7267
2.25,0.05,0.9894,0.1762,0.6966
2.3,0.05,0.9955,0.3007,0.6706
2.35,0.05,0.9983,0.5173,0.6612
2.4,0.05,0.9994,0.781,0.6669
2.45,0.05,0.9998,0.9309,0.6781
2.5,0.05,0.9999,0.9807,0.6949
2.55,0.05,1.0,0.9948,0.7117
2.6,0.05,1.0,0.9986,0.7303
2.65,0.05,1.0,0.9996,0.7474
2.7,0.05,1.0,0.9999,0.7669
2.75,0.05,1.0,1.0,0.7854
2.8,0.05,1.0,1.0,0.8075
2.85,0.05,1.0,1.0,0.8303
2.9,0.05,1.0,1.0,0.8524
2.95,0.05,1.0,1.0,0.8719
3.0,0.05,1.0,1.0,0.8892
3.05,0.05,1.0,1.0,0.9047
3.1,0.05,1.0,1.0,0.9188
3.15,0.05,1.0,1.0,0.9319
3.2,0.05,1.0,1.0,0.9431
3.25,0.05,1.0,1.0,0.9525
3.3,0.05,1.0,1.0,0.9605
3.35,0.05,1.0,1.0,0.9673
3.4,0.05,1.0,1.0,0.9731
3.45,0.05,1.0,1.0,0.9779
3.5,0.05,1.0,1.0,0.9818
3.55,0.05,1.0,1.0,0.9851
3.6,0.05,1.0,1.0,0.9877
3.65,0.05,1.0,1.0,0.99
3.7,0.05,1.0,1.0,0.9918
3.75,0.05,1.0,1.0,0.9933
3.8,0.05,1.0,1.0,0.9945
3.85,0.05,1.0,1.0,0.9956
3.9,0.05,1.0,1.0,0.9964
3.95,0.05,1.0,1.0,0.9971
4.0,0.05,1.0,1.0,0.9976
-4.0,0.1,0.0,0.0,0.0
-3.95,0.1,0.0,0.0,0.0
-3.9,0.1,0.0,0.0,0.0
-3.85,0.1,0.0,0.0,0.0
-3.8,0.1,0.0,0.0,0.0
-3.75,0.1,0.0,0.0,0.0
-3.7,0.1,0.0,0.0,0.0
-3.65,0.1,0.0,0.0,0.0
-3.6,0.1,0.0,0.0,0.0
-3.55,0.1,0.0,0.0,0.0
-3.5,0.1,0.0,0.0,0.0
-3.45,0.1,0.0,0.0,0.0
-3.4,0.1,0.0,0.0,0.0
-3.35,0.1,0.0,0.0,0.0
-3.3,0.1,0.0,0.0,0.0
-3.25,0.1,0.0,0.0,0.0
-3.2,0.1,0.0,0.0,0.0
-3.15,0.1,0.0,0.0,0.0
-3.1,0.1,1e-04,0.0,0.0
-3.05,0.1,1e-04,0.0,0.0
-3.0,0.1,0.0003,0.0,0.0
-2.95,0.1,0.0006,0.0,0.0
-2.9,0.1,0.0014,0.0,0.0
-2.85,0.1,0.0028,0.0,0.0
-2.8,0.1,0.0057,0.0,0.0
-2.75,0.1,0.0108,0.0,0.0
-2.7,0.1,0.0185,0.0,0.0
-2.65,0.1,0.0325,0.0,0.0
-2.6,0.1,0.0564,0.0,0.0
-2.55,0.1,0.0949,0.0,0.0
-2.5,0.1,0.1495,0.0,0.0
-2.45,0.1,0.2265,0.0,0.0
-2.4,0.1,0.328,0.0,0.0
-2.35,0.1,0.438,0.0,0.0
-2.3,0.1,0.5547,0.0,0.0
-2.25,0.1,0.6657,0.0,0.0
-2.2,0.1,0.7609,0.0,0.0
-2.15,0.1,0.844,0.0,0.0
-2.1,0.1,0.9047,0.0,1e-04
-2.05,0.1,0.9434,0.0,1e-04
-2.0,0.1,0.9669,0.0,0.0002
-1.95,0.1,0.9802,0.0,0.0004
-1.9,0.1,0.9884,0.0,0.0007
-1.85,0.1,0.9934,0.0,0.0012
-1.8,0.1,0.9963,0.0,0.002
-1.75,0.1,0.9979,0.0,0.0034
-1.7,0.1,0.9988,0.0,0.0058
-1.65,0.1,0.9994,0.0,0.0098
-1.6,0.1,0.9998,0.0,0.0167
-1.55,0.1,0.9999,0.0,0.0281
-1.5,0.1,1.0,0.0,0.0464
-1.45,0.1,1.0,0.0,0.0746
-1.4,0.1,1.0,0.0004,0.1165
-1.35,0.1,1.0,0.0031,0.1606
-1.3,0.1,1.0,0.0136,0.2113
-1.25,0.1,1.0,0.0537,0.2562
-1.2,0.1,1.0,0.1886,0.2942
-1.15,0.1,1.0,0.4486,0.3257
-1.1,0.1,1.0,0.6134,0.3444
-1.05,0.1,0.9998,0.6417,0.3406
-1.0,0.1,0.9985,0.6559,0.3114
-0.95,0.1,0.9861,0.5686,0.2765
-0.9,0.1,0.8695,0.4167,0.2454
-0.85,0.1,0.3579,0.2858,0.2237
-0.8,0.1,0.0447,0.182,0.2098
-0.75,0.1,0.0037,0.1131,0.2045
-0.7,0.1,0.0003,0.0404,0.1996
-0.65,0.1,1e-04,0.0176,0.1998
-0.6,0.1,0.0,0.013,0.2044
-0.55,0.1,0.0,0.0132,0.2082
-0.5,0.1,0.0,0.0189,0.2104
-0.45,0.1,0.0,0.0421,0.2132
-0.4,0.1,0.0005,0.1655,0.2189
-0.35,0.1,0.0025,0.2011,0.2257
-0.3,0.1,0.0139,0.2157,0.2412
-0.25,0.1,0.0725,0.2407,0.2587
-0.2,0.1,0.3445,0.2679,0.2754
-0.15,0.1,0.6789,0.2969,0.2869
-0.1,0.1,0.7852,0.3271,0.2942
-0.05,0.1,0.8261,0.3535,0.2995
0.0,0.1,0.8702,0.3629,0.3049
0.05,0.1,0.8842,0.36,0.31
0.1,0.1,0.8146,0.3576,0.3129
0.15,0.1,0.696,0.3552,0.3133
0.2,0.1,0.5056,0.3528,0.3144
0.25,0.1,0.4722,0.3504,0.3175
0.3,0.1,0.5643,0.3977,0.3588
0.35,0.1,0.8816,0.6966,0.7011
0.4,0.1,0.9931,0.9094,0.9467
0.45,0.1,0.9991,0.9849,0.9691
0.5,0.1,0.9997,0.9929,0.9751
0.55,0.1,0.9999,0.9953,0.9772
0.6,0.1,1.0,0.9968,0.9791
0.65,0.1,1.0,0.9978,0.9808
0.7,0.1,1.0,0.9985,0.9824
0.75,0.1,1.0,0.9989,0.9838
0.8,0.1,1.0,0.9992,0.9851
0.85,0.1,1.0,0.9994,0.9862
0.9,0.1,1.0,0.9995,0.9871
0.95,0.1,1.0,0.9996,0.988
1.0,0.1,1.0,0.9997,0.9886
1.05,0.1,1.0,0.9998,0.9892
1.1,0.1,1.0,0.9998,0.9898
1.15,0.1,1.0,0.9999,0.9904
1.2,0.1,1.0,0.9998,0.9901
1.25,0.1,1.0,0.9997,0.9888
1.3,0.1,1.0,0.9996,0.9867
1.35,0.1,0.9998,0.9996,0.9837
1.4,0.1,0.999,0.9996,0.98
1.45,0.1,0.9956,0.9994,0.976
1.5,0.1,0.966,0.9986,0.972
1.55,0.1,0.8554,0.997,0.9672
1.6,0.1,0.5459,0.9943,0.9616
1.65,0.1,0.233,0.9884,0.9556
1.7,0.1,0.1158,0.9789,0.9483
1.75,0.1,0.0557,0.9667,0.9358
1.8,0.1,0.0378,0.9479,0.9227
1.85,0.1,0.0517,0.9171,0.9081
1.9,0.1,0.1142,0.8683,0.8883
1.95,0.1,0.2339,0.7769,0.8649
2.0,0.1,0.4208,0.5943,0.8167
2.05,0.1,0.6341,0.234,0.7629
2.1,0.1,0.8052,0.088,0.7051
2.15,0.1,0.9079,0.0874,0.6651
2.2,0.1,0.9592,0.0906,0.6299
2.25,0.1,0.9839,0.116,0.6033
2.3,0.1,0.9939,0.1957,0.577
2.35,0.1,0.9977,0.3388,0.5769
2.4,0.1,0.9991,0.5944,0.5821
2.45,0.1,0.9997,0.8411,0.5959
2.5,0.1,0.9999,0.9524,0.6136
2.55,0.1,1.0,0.9869,0.6323
2.6,0.1,1.0,0.9965,0.6559
2.65,0.1,1.0,0.9991,0.6852
2.7,0.1,1.0,0.9998,0.7151
2.75,0.1,1.0,1.0,0.7448
2.8,0.1,1.0,1.0,0.775
2.85,0.1,1.0,1.0,0.8025
2.9,0.1,1.0,1.0,0.8274
2.95,0.1,1.0,1.0,0.8497
3.0,0.1,1.0,1.0,0.8709
3.05,0.1,1.0,1.0,0.8909
3.1,0.1,1.0,1.0,0.9081
3.15,0.1,1.0,1.0,0.9228
3.2,0.1,1.0,1.0,0.9356
3.25,0.1,1.0,1.0,0.9465
3.3,0.1,1.0,1.0,0.9556
3.35,0.1,1.0,1.0,0.9634
3.4,0.1,1.0,1.0,0.9698
3.45,0.1,1.0,1.0,0.9752
3.5,0.1,1.0,1.0,0.9796
3.55,0.1,1.0,1.0,0.9833
3.6,0.1,1.0,1.0,0.9863
3.65,0.1,1.0,1.0,0.9888
3.7,0.1,1.0,1.0,0.9908
3.75,0.1,1.0,1.0,0.9925
3.8,0.1,1.0,1.0,0.9938
3.85,0.1,1.0,1.0,0.995
3.9,0.1,1.0,1.0,0.996
3.95,0.1,1.0,1.0,0.9967
4.0,0.1,1.0,1.0,0.9974
-4.0,0.15,0.0,0.0,0.0
-3.95,0.15,0.0,0.0,0.0
-3.9,0.15,0.0,0.0,0.0
-3.85,0.15,0.0,0.0,0.0
-3.8,0.15,0.0,0.0,0.0
-3.75,0.15,0.0,0.0,0.0
-3.7,0.15,0.0,0.0,0.0
-3.65,0.15,0.0,0.0,0.0
-3.6,0.15,0.0,0.0,0.0
-3.55,0.15,0.0,0.0,0.0
-3.5,0.15,0.0,0.0,0.0
-3.45,0.15,0.0,0.0,0.0
-3.4,0.15,0.0,0.0,0.0
-3.35,0.15,1e-04,0.0,0.0
-3.3,0.15,0.0002,0.0,0.0
-3.25,0.15,0.0005,0.0,0.0
-3.2,0.15,0.001,0.0,0.0
-3.15,0.15,0.0022,0.0,0.0
-3.1,0.15,0.0047,0.0,0.0
-3.05,0.15,0.01,0.0,0.0
-3.0,0.15,0.0209,0.0,0.0
-2.95,0.15,0.0433,0.0,0.0
-2.9,0.15,0.0831,0.0,0.0
-2.85,0.15,0.1517,0.0,0.0
-2.8,0.15,0.2593,0.0,0.0
-2.75,0.15,0.4054,0.0,0.0
-2.7,0.15,0.5705,0.0,0.0
-2.65,0.15,0.7213,0.0,0.0
-2.6,0.15,0.8323,0.0,0.0
-2.55,0.15,0.9014,0.0,0.0
-2.5,0.15,0.944,0.0,0.0
-2.45,0.15,0.9676,0.0,0.0
-2.4,0.15,0.9804,0.0,0.0
-2.35,0.15,0.9877,0.0,0.0
-2.3,0.15,0.9917,0.0,0.0
-2.25,0.15,0.9944,0.0,1e-04
-2.2,0.15,0.9962,0.0,1e-04
-2.15,0.15,0.9976,0.0,0.0003
-2.1,0.15,0.9985,0.0,0.0005
-2.05,0.15,0.999,0.0,0.0008
-2.0,0.15,0.9993,0.0,0.0015
-1.95,0.15,0.9996,0.0,0.0024
-1.9,0.15,0.9997,0.0,0.0039
-1.85,0.15,0.9998,0.0,0.0064
-1.8,0.15,0.9999,0.0,0.0104
-1.75,0.15,1.0,0.0,0.0166
-1.7,0.15,1.0,0.0,0.0266
-1.65,0.15,1.0,0.0,0.0431
-1.6,0.15,1.0,0.0,0.0702
-1.55,0.15,1.0,1e-04,0.108
-1.5,0.15,1.0,0.0006,0.1604
-1.45,0.15,1.0,0.005,0.2213
-1.4,0.15,1.0,0.0227,0.2839
-1.35,0.15,1.0,0.0871,0.3442
-1.3,0.15,1.0,0.2821,0.4058
-1.25,0.15,1.0,0.5997,0.4473
-1.2,0.15,1.0,0.8287,0.4796
-1.15,0.15,1.0,0.8915,0.4895
-1.1,0.15,0.9999,0.8738,0.4831
-1.05,0.15,0.9995,0.8191,0.4633
-1.0,0.15,0.9952,0.6822,0.4288
-0.95,0.15,0.9553,0.5089,0.3793
-0.9,0.15,0.6623,0.3648,0.3341
-0.85,0.15,0.1448,0.244,0.2898
-0.8,0.15,0.0131,0.1342,0.2546
-0.75,0.15,0.0009,0.047,0.2302
-0.7,0.15,1e-04,0.0169,0.2199
-0.65,0.15,0.0,0.0115,0.2101
-0.6,0.15,0.0,0.0109,0.2007
-0.55,0.15,0.0,0.0141,0.2009
-0.5,0.15,0.0,0.0203,0.2033
-0.45,0.15,1e-04,0.0561,0.2073
-0.4,0.15,0.0003,0.131,0.2133
-0.35,0.15,0.0012,0.1359,0.2242
-0.3,0.15,0.0063,0.1519,0.2407
-0.25,0.15,0.0346,0.172,0.2597
-0.2,0.15,0.2183,0.1934,0.2725
-0.15,0.15,0.4768,0.2167,0.2832
-0.1,0.15,0.5836,0.242,0.2896
-0.05,0.15,0.6655,0.2693,0.2948
0.0,0.15,0.7308,0.2983,0.3002
0.05,0.15,0.7263,0.3243,0.3055
0.1,0.15,0.6029,0.3501,0.3106
0.15,0.15,0.4506,0.3581,0.3132
0.2,0.15,0.4175,0.3539,0.3132
0.25,0.15,0.4216,0.3506,0.3149
0.3,0.15,0.3877,0.3482,0.3181
0.35,0.15,0.469,0.431,0.3663
0.4,0.15,0.8578,0.7211,0.7514
0.45,0.15,0.9899,0.9275,0.9493
0.5,0.15,0.9989,0.9859,0.97
0.55,0.15,0.9997,0.9935,0.9784
0.6,0.15,0.9999,0.9955,0.9802
0.65,0.15,1.0,0.9969,0.9818
0.7,0.15,1.0,0.9979,0.9832
0.75,0.15,1.0,0.9985,0.9845
0.8,0.15,1.0,0.999,0.9858
0.85,0.15,1.0,0.9992,0.9868
0.9,0.15,1.0,0.9994,0.9876
0.95,0.15,1.0,0.9996,0.9884
1.0,0.15,1.0,0.9997,0.989
1.05,0.15,1.0,0.9998,0.9895
1.1,0.15,1.0,0.9998,0.99
1.15,0.15,1.0,0.9999,0.9905
1.2,0.15,1.0,0.9999,0.9906
1.25,0.15,1.0,0.9998,0.9894
1.3,0.15,1.0,0.9995,0.9875
1.35,0.15,0.9997,0.9993,0.984
1.4,0.15,0.9988,0.9991,0.9795
1.45,0.15,0.9887,0.9979,0.9727
1.5,0.15,0.9147,0.9933,0.963
1.55,0.15,0.6889,0.9834,0.9501
1.6,0.15,0.3437,0.9647,0.9318
1.65,0.15,0.1363,0.9378,0.908
1.7,0.15,0.0641,0.9032,0.8811
1.75,0.15,0.0305,0.8588,0.8522
1.8,0.15,0.022,0.8034,0.8198
1.85,0.15,0.0323,0.7235,0.7908
1.9,0.15,0.0728,0.6258,0.767
1.95,0.15,0.1562,0.4986,0.7478
2.0,0.15,0.3049,0.336,0.7279
2.05,0.15,0.5113,0.176,0.6822
2.1,0.15,0.7139,0.0832,0.6426
2.15,0.15,0.8633,0.0839,0.5996
2.2,0.15,0.9438,0.0871,0.5748
2.25,0.15,0.9781,0.0903,0.5557
2.3,0.15,0.9916,0.1356,0.5509
2.35,0.15,0.9968,0.2494,0.555
2.4,0.15,0.9988,0.4529,0.5614
2.45,0.15,0.9996,0.6936,0.5684
2.5,0.15,0.9998,0.8871,0.5755
2.55,0.15,0.9999,0.9682,0.5894
2.6,0.15,1.0,0.9929,0.617
2.65,0.15,1.0,0.9985,0.6451
2.7,0.15,1.0,0.9997,0.6759
2.75,0.15,1.0,1.0,0.7092
2.8,0.15,1.0,1.0,0.7412
2.85,0.15,1.0,1.0,0.7725
2.9,0.15,1.0,1.0,0.8023
2.95,0.15,1.0,1.0,0.8295
3.0,0.15,1.0,1.0,0.8548
3.05,0.15,1.0,1.0,0.8769
3.1,0.15,1.0,1.0,0.8966
3.15,0.15,1.0,1.0,0.9135
3.2,0.15,1.0,1.0,0.9278
3.25,0.15,1.0,1.0,0.94
3.3,0.15,1.0,1.0,0.9503
3.35,0.15,1.0,1.0,0.959
3.4,0.15,1.0,1.0,0.9662
3.45,0.15,1.0,1.0,0.9722
3.5,0.15,1.0,1.0,0.9772
3.55,0.15,1.0,1.0,0.9813
3.6,0.15,1.0,1.0,0.9846
3.65,0.15,1.0,1.0,0.9874
3.7,0.15,1.0,1.0,0.9897
3.75,0.15,1.0,1.0,0.9916
3.8,0.15,1.0,1.0,0.9932
3.85,0.15,1.0,1.0,0.9945
3.9,0.15,1.0,1.0,0.9956
3.95,0.15,1.0,1.0,0.9965
4.0,0.15,1.0,1.0,0.9972
-4.0,0.2,0.0,0.0,0.0
-3.95,0.2,0.0,0.0,0.0
-3.9,0.2,0.0,0.0,0.0
-3.85,0.2,0.0,0.0,0.0
-3.8,0.2,0.0,0.0,0.0
-3.75,0.2,0.0,0.0,0.0
-3.7,0.2,0.0,0.0,0.0
-3.65,0.2,1e-04,0.0,0.0
-3.6,0.2,1e-04,0.0,0.0
-3.55,0.2,0.0003,0.0,0.0
-3.5,0.2,0.0006,0.0,0.0
-3.45,0.2,0.0014,0.0,0.0
-3.4,0.2,0.0032,0.0,0.0
-3.35,0.2,0.0068,0.0,0.0
-3.3,0.2,0.0143,0.0,0.0
-3.25,0.2,0.0299,0.0,0.0
-3.2,0.2,0.0616,0.0,0.0
-3.15,0.2,0.1225,0.0,0.0
-3.1,0.2,0.2282,0.0,0.0
-3.05,0.2,0.3754,0.0,0.0
-3.0,0.2,0.5465,0.0,0.0
-2.95,0.2,0.7038,0.0,0.0
-2.9,0.2,0.8242,0.0,0.0
-2.85,0.2,0.9024,0.0,0.0
-2.8,0.2,0.948,0.0,0.0
-2.75,0.2,0.9729,0.0,0.0
-2.7,0.2,0.9861,0.0,0.0
-2.65,0.2,0.9926,0.0,0.0
-2.6,0.2,0.996,0.0,0.0
-2.55,0.2,0.9978,0.0,0.0
-2.5,0.2,0.9987,0.0,0.0
-2.45,0.2,0.9993,0.0,1e-04
-2.4,0.2,0.9996,0.0,1e-04
-2.35,0.2,0.9997,0.0,0.0002
-2.3,0.2,0.9998,0.0,0.0003
-2.25,0.2,0.9999,0.0,0.0006
-2.2,0.2,0.9999,0.0,0.001
-2.15,0.2,1.0,0.0,0.0018
-2.1,0.2,1.0,0.0,0.003
-2.05,0.2,1.0,0.0,0.0049
-2.0,0.2,1.0,0.0,0.008
-1.95,0.2,1.0,0.0,0.0128
-1.9,0.2,1.0,0.0,0.0204
-1.85,0.2,1.0,0.0,0.0325
-1.8,0.2,1.0,0.0,0.0514
-1.75,0.2,1.0,0.0,0.0785
-1.7,0.2,1.0,0.0,0.1175
-1.65,0.2,1.0,1e-04,0.1695
-1.6,0.2,1.0,0.0007,0.2307
-1.55,0.2,1.0,0.0068,0.2991
-1.5,0.2,1.0,0.0373,0.3711
-1.45,0.2,1.0,0.1383,0.439
-1.4,0.2,1.0,0.3979,0.5007
-1.35,0.2,1.0,0.7243,0.5458
-1.3,0.2,1.0,0.9027,0.5636
-1.25,0.2,1.0,0.9591,0.568
-1.2,0.2,1.0,0.9774,0.567
-1.15,0.2,1.0,0.9721,0.5617
-1.1,0.2,0.9998,0.9373,0.552
-1.05,0.2,0.9984,0.8563,0.5363
-1.0,0.2,0.9845,0.6811,0.5138
-0.95,0.2,0.8684,0.4892,0.4838
-0.9,0.2,0.3688,0.3169,0.4481
-0.85,0.2,0.0425,0.1784,0.4088
-0.8,0.2,0.0031,0.0565,0.3582
-0.75,0.2,0.0003,0.0167,0.3045
-0.7,0.2,1e-04,0.0116,0.2632
-0.65,0.2,0.0,0.0096,0.2392
-0.6,0.2,0.0,0.012,0.2193
-0.55,0.2,0.0,0.0176,0.2083
-0.5,0.2,0.0,0.0305,0.1983
-0.45,0.2,1e-04,0.0859,0.202
-0.4,0.2,0.0002,0.1341,0.2096
-0.35,0.2,0.0008,0.1293,0.2237
-0.3,0.2,0.0036,0.1285,0.2401
-0.25,0.2,0.0195,0.1306,0.2557
-0.2,0.2,0.1301,0.1375,0.2695
-0.15,0.2,0.2962,0.1531,0.2791
-0.1,0.2,0.3714,0.1726,0.285
-0.05,0.2,0.4463,0.1944,0.2902
0.0,0.2,0.5237,0.2179,0.2955
0.05,0.2,0.4798,0.2434,0.3008
0.1,0.2,0.34,0.2707,0.3062
0.15,0.2,0.2753,0.2964,0.3111
0.2,0.2,0.3158,0.3207,0.3134
0.25,0.2,0.3157,0.3454,0.3132
0.3,0.2,0.2798,0.3516,0.3155
0.35,0.2,0.2456,0.3453,0.3188
0.4,0.2,0.3727,0.4608,0.3744
0.45,0.2,0.8147,0.7428,0.7952
0.5,0.2,0.9826,0.9427,0.9542
0.55,0.2,0.9986,0.9869,0.9719
0.6,0.2,0.9997,0.9937,0.9811
0.65,0.2,0.9999,0.9957,0.9826
0.7,0.2,1.0,0.997,0.984
0.75,0.2,1.0,0.998,0.9853
0.8,0.2,1.0,0.9986,0.9864
0.85,0.2,1.0,0.999,0.9873
0.9,0.2,1.0,0.9993,0.9881
0.95,0.2,1.0,0.9995,0.9888
1.0,0.2,1.0,0.9996,0.9893
1.05,0.2,1.0,0.9997,0.9896
1.1,0.2,1.0,0.9997,0.9896
1.15,0.2,1.0,0.9997,0.9896
1.2,0.2,1.0,0.9997,0.9883
1.25,0.2,1.0,0.9994,0.9835
1.3,0.2,0.9999,0.9983,0.976
1.35,0.2,0.9996,0.9964,0.9641
1.4,0.2,0.9961,0.9943,0.9448
1.45,0.2,0.964,0.9872,0.9186
1.5,0.2,0.8023,0.9574,0.8874
1.55,0.2,0.4654,0.8983,0.8511
1.6,0.2,0.1833,0.8324,0.8194
1.65,0.2,0.0753,0.7645,0.7876
1.7,0.2,0.0336,0.6871,0.7594
1.75,0.2,0.016,0.5833,0.7315
1.8,0.2,0.0126,0.4627,0.7093
1.85,0.2,0.0204,0.3535,0.6886
1.9,0.2,0.0459,0.256,0.6715
1.95,0.2,0.1016,0.1819,0.6591
2.0,0.2,0.2104,0.1133,0.6452
2.05,0.2,0.3947,0.0907,0.6273
2.1,0.2,0.6342,0.0857,0.5918
2.15,0.2,0.8218,0.0832,0.5631
2.2,0.2,0.9246,0.0836,0.541
2.25,0.2,0.9702,0.0867,0.5393
2.3,0.2,0.9886,0.0992,0.5425
2.35,0.2,0.9957,0.1871,0.5482
2.4,0.2,0.9984,0.3645,0.5549
2.45,0.2,0.9995,0.5922,0.5618
2.5,0.2,0.9999,0.8162,0.5694
2.55,0.2,1.0,0.9465,0.5895
2.6,0.2,1.0,0.9881,0.6152
2.65,0.2,1.0,0.998,0.6404
2.7,0.2,1.0,0.9997,0.6718
2.75,0.2,1.0,1.0,0.7043
2.8,0.2,1.0,1.0,0.7349
2.85,0.2,1.0,1.0,0.7634
2.9,0.2,1.0,1.0,0.794
2.95,0.2,1.0,1.0,0.8232
3.0,0.2,1.0,1.0,0.85
3.05,0.2,1.0,1.0,0.8734
3.1,0.2,1.0,1.0,0.8936
3.15,0.2,1.0,1.0,0.9109
3.2,0.2,1.0,1.0,0.9257
3.25,0.2,1.0,1.0,0.9385
3.3,0.2,1.0,1.0,0.9492
3.35,0.2,1.0,1.0,0.9581
3.4,0.2,1.0,1.0,0.9655
3.45,0.2,1.0,1.0,0.9717
3.5,0.2,1.0,1.0,0.9768
3.55,0.2,1.0,1.0,0.981
3.6,0.2,1.0,1.0,0.9845
3.65,0.2,1.0,1.0,0.9875
3.7,0.2,1.0,1.0,0.9898
3.75,0.2,1.0,1.0,0.9918
3.8,0.2,1.0,1.0,0.9933
3.85,0.2,1.0,1.0,0.9946
3.9,0.2,1.0,1.0,0.9957
3.95,0.2,1.0,1.0,0.9966
4.0,0.2,1.0,1.0,0.9972
-4.0,0.25,0.0,0.0,0.0
-3.95,0.25,0.0,0.0,0.0
-3.9,0.25,1e-04,0.0,0.0
-3.85,0.25,0.0002,0.0,0.0
-3.8,0.25,0.0004,0.0,0.0
-3.75,0.25,0.0009,0.0,0.0
-3.7,0.25,0.0019,0.0,0.0
-3.65,0.25,0.0043,0.0,0.0
-3.6,0.25,0.0095,0.0,0.0
-3.55,0.25,0.0201,0.0,0.0
-3.5,0.25,0.0418,0.0,0.0
-3.45,0.25,0.0851,0.0,0.0
-3.4,0.25,0.1652,0.0,0.0
-3.35,0.25,0.2965,0.0,0.0
-3.3,0.25,0.4729,0.0,0.0
-3.25,0.25,0.6564,0.0,0.0
-3.2,0.25,0.7953,0.0,0.0
-3.15,0.25,0.8869,0.0,0.0
-3.1,0.25,0.9404,0.0,0.0
-3.05,0.25,0.9693,0.0,0.0
-3.0,0.25,0.9842,0.0,0.0
-2.95,0.25,0.9919,0.0,0.0
-2.9,0.25,0.9959,0.0,0.0
-2.85,0.25,0.9979,0.0,0.0
-2.8,0.25,0.9989,0.0,0.0
-2.75,0.25,0.9995,0.0,0.0
-2.7,0.25,0.9997,0.0,0.0
-2.65,0.25,0.9998,0.0,0.0
-2.6,0.25,0.9999,0.0,1e-04
-2.55,0.25,0.9999,0.0,1e-04
-2.5,0.25,1.0,0.0,0.0002
-2.45,0.25,1.0,0.0,0.0004
-2.4,0.25,1.0,0.0,0.0007
-2.35,0.25,1.0,0.0,0.0012
-2.3,0.25,1.0,0.0,0.0021
-2.25,0.25,1.0,0.0,0.0037
-2.2,0.25,1.0,0.0,0.0061
-2.15,0.25,1.0,0.0,0.0098
-2.1,0.25,1.0,0.0,0.0156
-2.05,0.25,1.0,0.0,0.0249
-2.0,0.25,1.0,0.0,0.039
-1.95,0.25,1.0,0.0,0.0593
-1.9,0.25,1.0,0.0,0.0883
-1.85,0.25,1.0,0.0,0.1297
-1.8,0.25,1.0,0.0,0.1865
-1.75,0.25,1.0,1e-04,0.2529
-1.7,0.25,1.0,0.001,0.3322
-1.65,0.25,1.0,0.0091,0.4115
-1.6,0.25,1.0,0.0525,0.4887
-1.55,0.25,1.0,0.2124,0.5477
-1.5,0.25,1.0,0.5263,0.5912
-1.45,0.25,1.0,0.8206,0.6056
-1.4,0.25,1.0,0.9431,0.5995
-1.35,0.25,1.0,0.979,0.5942
-1.3,0.25,1.0,0.9908,0.5865
-1.25,0.25,1.0,0.9945,0.5814
-1.2,0.25,1.0,0.993,0.5749
-1.15,0.25,0.9999,0.9823,0.5675
-1.1,0.25,0.9993,0.9548,0.5626
-1.05,0.25,0.9944,0.8836,0.5605
-1.0,0.25,0.9562,0.7292,0.5569
-0.95,0.25,0.6843,0.4972,0.5464
-0.9,0.25,0.1351,0.2729,0.5247
-0.85,0.25,0.0124,0.0799,0.4966
-0.8,0.25,0.0016,0.0205,0.4581
-0.75,0.25,0.0002,0.0119,0.4218
-0.7,0.25,0.0,0.0106,0.3794
-0.65,0.25,0.0,0.0135,0.3272
-0.6,0.25,0.0,0.0186,0.2813
-0.55,0.25,0.0,0.0264,0.2482
-0.5,0.25,1e-04,0.0559,0.23
-0.45,0.25,1e-04,0.13,0.2129
-0.4,0.25,0.0002,0.1451,0.2076
-0.35,0.25,0.0007,0.1401,0.2232
-0.3,0.25,0.0029,0.1351,0.2372
-0.25,0.25,0.0186,0.1303,0.251
-0.2,0.25,0.1082,0.1267,0.2649
-0.15,0.25,0.2207,0.1283,0.275
-0.1,0.25,0.2641,0.1311,0.2805
-0.05,0.25,0.3131,0.1383,0.2856
0.0,0.25,0.3667,0.1537,0.2908
0.05,0.25,0.2814,0.1738,0.2961
0.1,0.25,0.1811,0.1956,0.3014
0.15,0.25,0.1973,0.2192,0.3068
0.2,0.25,0.2082,0.2447,0.3116
0.25,0.25,0.2182,0.2697,0.3134
0.3,0.25,0.2008,0.2914,0.3134
0.35,0.25,0.1753,0.3125,0.316
0.4,0.25,0.1584,0.3333,0.3262
0.45,0.25,0.2936,0.4953,0.4165
0.5,0.25,0.777,0.7656,0.8333
0.55,0.25,0.9775,0.9533,0.9571
0.6,0.25,0.9989,0.9883,0.9736
0.65,0.25,0.9998,0.994,0.9835
0.7,0.25,1.0,0.996,0.9848
0.75,0.25,1.0,0.9971,0.9859
0.8,0.25,1.0,0.998,0.9865
0.85,0.25,1.0,0.9986,0.9869
0.9,0.25,1.0,0.9986,0.987
0.95,0.25,1.0,0.9987,0.9853
1.0,0.25,1.0,0.9986,0.9822
1.05,0.25,1.0,0.9985,0.9781
1.1,0.25,1.0,0.9984,0.9727
1.15,0.25,1.0,0.9983,0.9654
1.2,0.25,1.0,0.9982,0.9554
1.25,0.25,1.0,0.9975,0.9405
1.3,0.25,0.9998,0.9941,0.9197
1.35,0.25,0.9984,0.9841,0.8953
1.4,0.25,0.9848,0.9698,0.8567
1.45,0.25,0.8713,0.9224,0.8145
1.5,0.25,0.5862,0.7679,0.7768
1.55,0.25,0.2741,0.6204,0.7444
1.6,0.25,0.0883,0.507,0.7145
1.65,0.25,0.0396,0.4172,0.6939
1.7,0.25,0.0173,0.3072,0.6752
1.75,0.25,0.0081,0.2289,0.658
1.8,0.25,0.0075,0.1682,0.6405
1.85,0.25,0.0127,0.1279,0.6235
1.9,0.25,0.0291,0.1165,0.6071
1.95,0.25,0.065,0.1092,0.5961
2.0,0.25,0.1541,0.1024,0.5851
2.05,0.25,0.3238,0.0965,0.5739
2.1,0.25,0.5587,0.0913,0.5625
2.15,0.25,0.7774,0.0866,0.5492
2.2,0.25,0.9124,0.0846,0.5407
2.25,0.25,0.9768,0.0848,0.5355
2.3,0.25,0.9953,0.0911,0.5395
2.35,0.25,0.9991,0.1559,0.5437
2.4,0.25,0.9998,0.3324,0.5493
2.45,0.25,1.0,0.6047,0.5567
2.5,0.25,1.0,0.8245,0.5774
2.55,0.25,1.0,0.9392,0.6006
2.6,0.25,1.0,0.9868,0.6295
2.65,0.25,1.0,0.998,0.6574
2.7,0.25,1.0,0.9997,0.6843
2.75,0.25,1.0,1.0,0.7101
2.8,0.25,1.0,1.0,0.7379
2.85,0.25,1.0,1.0,0.768
2.9,0.25,1.0,1.0,0.7973
2.95,0.25,1.0,1.0,0.8237
3.0,0.25,1.0,1.0,0.8475
3.05,0.25,1.0,1.0,0.8713
3.1,0.25,1.0,1.0,0.8919
3.15,0.25,1.0,1.0,0.9097
3.2,0.25,1.0,1.0,0.9251
3.25,0.25,1.0,1.0,0.938
3.3,0.25,1.0,1.0,0.9489
3.35,0.25,1.0,1.0,0.9579
3.4,0.25,1.0,1.0,0.9657
3.45,0.25,1.0,1.0,0.9721
3.5,0.25,1.0,1.0,0.9773
3.55,0.25,1.0,1.0,0.9816
3.6,0.25,1.0,1.0,0.985
3.65,0.25,1.0,1.0,0.9879
3.7,0.25,1.0,1.0,0.9902
3.75,0.25,1.0,1.0,0.992
3.8,0.25,1.0,1.0,0.9935
3.85,0.25,1.0,1.0,0.9948
3.9,0.25,1.0,1.0,0.9958
3.95,0.25,1.0,1.0,0.9967
4.0,0.25,1.0,1.0,0.9974
-4.0,0.3,0.0015,0.0,0.0
-3.95,0.3,0.0032,0.0,0.0
-3.9,0.3,0.0072,0.0,0.0
-3.85,0.3,0.0157,0.0,0.0
-3.8,0.3,0.0342,0.0,0.0
-3.75,0.3,0.0694,0.0,0.0
-3.7,0.3,0.136,0.0,0.0
-3.65,0.3,0.2494,0.0,0.0
-3.6,0.3,0.4121,0.0,0.0
-3.55,0.3,0.5966,0.0,0.0
-3.5,0.3,0.7573,0.0,0.0
-3.45,0.3,0.8681,0.0,0.0
-3.4,0.3,0.9328,0.0,0.0
-3.35,0.3,0.9654,0.0,0.0
-3.3,0.3,0.9824,0.0,0.0
-3.25,0.3,0.9911,0.0,0.0
-3.2,0.3,0.9955,0.0,0.0
-3.15,0.3,0.9978,0.0,0.0
-3.1,0.3,0.9989,0.0,0.0
-3.05,0.3,0.9994,0.0,0.0
-3.0,0.3,0.9997,0.0,0.0
-2.95,0.3,0.9998,0.0,0.0
-2.9,0.3,0.9999,0.0,0.0
-2.85,0.3,1.0,0.0,0.0
-2.8,0.3,1.0,0.0,1e-04
-2.75,0.3,1.0,0.0,1e-04
-2.7,0.3,1.0,0.0,0.0002
-2.65,0.3,1.0,0.0,0.0003
-2.6,0.3,1.0,0.0,0.0005
-2.55,0.3,1.0,0.0,0.0008
-2.5,0.3,1.0,0.0,0.0014
-2.45,0.3,1.0,0.0,0.0025
-2.4,0.3,1.0,0.0,0.0043
-2.35,0.3,1.0,0.0,0.0074
-2.3,0.3,1.0,0.0,0.0118
-2.25,0.3,1.0,0.0,0.0184
-2.2,0.3,1.0,0.0,0.0288
-2.15,0.3,1.0,0.0,0.0442
-2.1,0.3,1.0,0.0,0.0664
-2.05,0.3,1.0,0.0,0.0986
-2.0,0.3,1.0,0.0,0.1441
-1.95,0.3,1.0,0.0,0.2057
-1.9,0.3,1.0,0.0,0.2748
-1.85,0.3,1.0,0.0002,0.3514
-1.8,0.3,1.0,0.0019,0.4352
-1.75,0.3,1.0,0.0167,0.5064
-1.7,0.3,1.0,0.0928,0.5687
-1.65,0.3,1.0,0.328,0.6149
-1.6,0.3,1.0,0.6767,0.6376
-1.55,0.3,1.0,0.8876,0.6321
-1.5,0.3,1.0,0.9666,0.6258
-1.45,0.3,1.0,0.9888,0.6152
-1.4,0.3,1.0,0.9954,0.6044
-1.35,0.3,1.0,0.9975,0.5964
-1.3,0.3,1.0,0.9984,0.5848
-1.25,0.3,1.0,0.9979,0.5732
-1.2,0.3,1.0,0.9947,0.5649
-1.15,0.3,0.9998,0.9867,0.5583
-1.1,0.3,0.9984,0.9651,0.5549
-1.05,0.3,0.987,0.91,0.5523
-1.0,0.3,0.8926,0.7673,0.5487
-0.95,0.3,0.5415,0.5145,0.5445
-0.9,0.3,0.0969,0.1907,0.5404
-0.85,0.3,0.0111,0.0458,0.5363
-0.8,0.3,0.0015,0.0155,0.5262
-0.75,0.3,0.0003,0.0122,0.5085
-0.7,0.3,1e-04,0.013,0.4763
-0.65,0.3,1e-04,0.0194,0.4396
-0.6,0.3,1e-04,0.0284,0.4052
-0.55,0.3,1e-04,0.0396,0.3582
-0.5,0.3,0.0002,0.0863,0.3175
-0.45,0.3,0.0002,0.1619,0.2821
-0.4,0.3,0.0003,0.1564,0.2599
-0.35,0.3,0.0009,0.1515,0.2499
-0.3,0.3,0.0033,0.1463,0.2379
-0.25,0.3,0.0258,0.1412,0.2463
-0.2,0.3,0.1146,0.1371,0.2603
-0.15,0.3,0.191,0.1334,0.2693
-0.1,0.3,0.2213,0.1299,0.2759
-0.05,0.3,0.2561,0.1266,0.2811
0.0,0.3,0.271,0.1283,0.287
0.05,0.3,0.1957,0.1313,0.2965
0.1,0.3,0.1658,0.1392,0.3062
0.15,0.3,0.173,0.1549,0.316
0.2,0.3,0.1748,0.1749,0.3252
0.25,0.3,0.1942,0.1957,0.3336
0.3,0.3,0.2184,0.2139,0.3414
0.35,0.3,0.2161,0.2321,0.3459
0.4,0.3,0.2126,0.2515,0.3719
0.45,0.3,0.2063,0.2719,0.401
0.5,0.3,0.4142,0.4771,0.5064
0.55,0.3,0.8465,0.7762,0.8655
0.6,0.3,0.9833,0.9621,0.9584
0.65,0.3,0.9995,0.9882,0.9718
0.7,0.3,0.9999,0.9905,0.9789
0.75,0.3,1.0,0.9911,0.9766
0.8,0.3,1.0,0.9911,0.9714
0.85,0.3,1.0,0.9913,0.965
0.9,0.3,1.0,0.9914,0.9568
0.95,0.3,1.0,0.9914,0.947
1.0,0.3,1.0,0.9914,0.9354
1.05,0.3,1.0,0.9914,0.9245
1.1,0.3,1.0,0.991,0.9127
1.15,0.3,1.0,0.9905,0.8993
1.2,0.3,1.0,0.9896,0.8831
1.25,0.3,0.9999,0.9884,0.861
1.3,0.3,0.9986,0.9782,0.8274
1.35,0.3,0.9935,0.9371,0.8005
1.4,0.3,0.9418,0.8464,0.7713
1.45,0.3,0.6544,0.6478,0.7406
1.5,0.3,0.3246,0.3902,0.7113
1.55,0.3,0.1215,0.2567,0.6876
1.6,0.3,0.0432,0.1957,0.6671
1.65,0.3,0.0199,0.1713,0.6496
1.7,0.3,0.0088,0.1628,0.6344
1.75,0.3,0.0048,0.1543,0.6209
1.8,0.3,0.0046,0.1457,0.6106
1.85,0.3,0.0087,0.1375,0.6015
1.9,0.3,0.0208,0.1296,0.592
1.95,0.3,0.0581,0.1222,0.5824
2.0,0.3,0.1587,0.1151,0.5747
2.05,0.3,0.4883,0.1084,0.569
2.1,0.3,0.8288,0.1023,0.5654
2.15,0.3,0.9608,0.097,0.5622
2.2,0.3,0.992,0.092,0.5584
2.25,0.3,0.9984,0.0902,0.556
2.3,0.3,0.9997,0.107,0.5543
2.35,0.3,0.9999,0.1917,0.5526
2.4,0.3,1.0,0.3806,0.5614
2.45,0.3,1.0,0.6421,0.5797
2.5,0.3,1.0,0.8682,0.602
2.55,0.3,1.0,0.9645,0.625
2.6,0.3,1.0,0.9916,0.6507
2.65,0.3,1.0,0.9984,0.6764
2.7,0.3,1.0,0.9997,0.7025
2.75,0.3,1.0,1.0,0.7281
2.8,0.3,1.0,1.0,0.755
2.85,0.3,1.0,1.0,0.7805
2.9,0.3,1.0,1.0,0.8049
2.95,0.3,1.0,1.0,0.8308
3.0,0.3,1.0,1.0,0.854
3.05,0.3,1.0,1.0,0.8747
3.1,0.3,1.0,1.0,0.893
3.15,0.3,1.0,1.0,0.9096
3.2,0.3,1.0,1.0,0.9258
3.25,0.3,1.0,1.0,0.9392
3.3,0.3,1.0,1.0,0.9504
3.35,0.3,1.0,1.0,0.9596
3.4,0.3,1.0,1.0,0.9671
3.45,0.3,1.0,1.0,0.9733
3.5,0.3,1.0,1.0,0.9783
3.55,0.3,1.0,1.0,0.9824
3.6,0.3,1.0,1.0,0.9858
3.65,0.3,1.0,1.0,0.9885
3.7,0.3,1.0,1.0,0.9907
3.75,0.3,1.0,1.0,0.9925
3.8,0.3,1.0,1.0,0.9939
3.85,0.3,1.0,1.0,0.9951
3.9,0.3,1.0,1.0,0.9961
3.95,0.3,1.0,1.0,0.997
4.0,0.3,1.0,1.0,0.9976
-4.0,0.35,0.1438,0.0,0.0
-3.95,0.35,0.2614,0.0,0.0
-3.9,0.35,0.427,0.0,0.0
-3.85,0.35,0.6109,0.0,0.0
-3.8,0.35,0.7678,0.0,0.0
-3.75,0.35,0.8745,0.0,0.0
-3.7,0.35,0.9362,0.0,0.0
-3.65,0.35,0.9687,0.0,0.0
-3.6,0.35,0.9849,0.0,0.0
-3.55,0.35,0.9928,0.0,0.0
-3.5,0.35,0.9964,0.0,0.0
-3.45,0.35,0.9982,0.0,0.0
-3.4,0.35,0.9991,0.0,0.0
-3.35,0.35,0.9995,0.0,0.0
-3.3,0.35,0.9998,0.0,0.0
-3.25,0.35,0.9999,0.0,0.0
-3.2,0.35,0.9999,0.0,0.0
-3.15,0.35,1.0,0.0,0.0
-3.1,0.35,1.0,0.0,0.0
-3.05,0.35,1.0,0.0,0.0
-3.0,0.35,1.0,0.0,0.0
-2.95,0.35,1.0,0.0,1e-04
-2.9,0.35,1.0,0.0,1e-04
-2.85,0.35,1.0,0.0,0.0002
-2.8,0.35,1.0,0.0,0.0003
-2.75,0.35,1.0,0.0,0.0006
-2.7,0.35,1.0,0.0,0.001
-2.65,0.35,1.0,0.0,0.0017
-2.6,0.35,1.0,0.0,0.0028
-2.55,0.35,1.0,0.0,0.0048
-2.5,0.35,1.0,0.0,0.0082
-2.45,0.35,1.0,0.0,0.0139
-2.4,0.35,1.0,0.0,0.0217
-2.35,0.35,1.0,0.0,0.0333
-2.3,0.35,1.0,0.0,0.0502
-2.25,0.35,1.0,0.0,0.0746
-2.2,0.35,1.0,0.0,0.1076
-2.15,0.35,1.0,0.0,0.1529
-2.1,0.35,1.0,0.0,0.2132
-2.05,0.35,1.0,0.0,0.2831
-2.0,0.35,1.0,1e-04,0.3633
-1.95,0.35,1.0,0.0005,0.445
-1.9,0.35,1.0,0.0048,0.5217
-1.85,0.35,1.0,0.0399,0.5823
-1.8,0.35,1.0,0.2089,0.6326
-1.75,0.35,1.0,0.56,0.6569
-1.7,0.35,1.0,0.8535,0.6648
-1.65,0.35,1.0,0.9529,0.6586
-1.6,0.35,1.0,0.9842,0.652
-1.55,0.35,1.0,0.9947,0.6425
-1.5,0.35,1.0,0.9977,0.6279
-1.45,0.35,1.0,0.9988,0.6127
-1.4,0.35,1.0,0.9993,0.5961
-1.35,0.35,1.0,0.9995,0.5843
-1.3,0.35,1.0,0.9993,0.5723
-1.25,0.35,1.0,0.9982,0.5625
-1.2,0.35,1.0,0.9954,0.5551
-1.15,0.35,0.9996,0.9879,0.5508
-1.1,0.35,0.9965,0.9677,0.5476
-1.05,0.35,0.9755,0.9155,0.5441
-1.0,0.35,0.8499,0.7743,0.5406
-0.95,0.35,0.4344,0.491,0.537
-0.9,0.35,0.0953,0.1646,0.5343
-0.85,0.35,0.014,0.0478,0.5343
-0.8,0.35,0.0024,0.021,0.5343
-0.75,0.35,0.0005,0.0142,0.5343
-0.7,0.35,0.0005,0.0194,0.5343
-0.65,0.35,0.0005,0.0281,0.5263
-0.6,0.35,0.0005,0.0392,0.5069
-0.55,0.35,0.0005,0.0657,0.4773
-0.5,0.35,0.0007,0.1344,0.4488
-0.45,0.35,0.0005,0.1822,0.4254
-0.4,0.35,0.0012,0.1735,0.4007
-0.35,0.35,0.0037,0.1659,0.3692
-0.3,0.35,0.0161,0.1597,0.3314
-0.25,0.35,0.0922,0.1532,0.3096
-0.2,0.35,0.2183,0.1482,0.2978
-0.15,0.35,0.2662,0.1443,0.3002
-0.1,0.35,0.2928,0.1405,0.3037
-0.05,0.35,0.3296,0.1367,0.3156
0.0,0.35,0.3326,0.1331,0.3276
0.05,0.35,0.2771,0.1295,0.3387
0.1,0.35,0.2997,0.1266,0.3492
0.15,0.35,0.3064,0.1282,0.3584
0.2,0.35,0.3176,0.1323,0.3674
0.25,0.35,0.3353,0.1357,0.3793
0.3,0.35,0.3508,0.1494,0.3949
0.35,0.35,0.3785,0.1657,0.4235
0.4,0.35,0.3602,0.1913,0.4679
0.45,0.35,0.3228,0.2274,0.5158
0.5,0.35,0.3105,0.2786,0.5542
0.55,0.35,0.611,0.541,0.6272
0.6,0.35,0.9316,0.7719,0.7752
0.65,0.35,0.9954,0.9256,0.8795
0.7,0.35,0.9999,0.9551,0.8992
0.75,0.35,0.9999,0.9615,0.9155
0.8,0.35,1.0,0.9623,0.9115
0.85,0.35,1.0,0.9629,0.8974
0.9,0.35,1.0,0.9626,0.882
0.95,0.35,0.9999,0.9609,0.8646
1.0,0.35,0.9999,0.9598,0.8484
1.05,0.35,0.9999,0.9587,0.8336
1.1,0.35,0.9999,0.9591,0.8253
1.15,0.35,0.9999,0.9603,0.8176
1.2,0.35,0.9998,0.9621,0.8124
1.25,0.35,0.9989,0.9639,0.8071
1.3,0.35,0.9941,0.9516,0.7935
1.35,0.35,0.9755,0.8982,0.7756
1.4,0.35,0.8097,0.7453,0.76
1.45,0.35,0.3798,0.466,0.7371
1.5,0.35,0.1495,0.2782,0.7105
1.55,0.35,0.0481,0.2134,0.6869
1.6,0.35,0.0184,0.2021,0.67
1.65,0.35,0.0093,0.193,0.6548
1.7,0.35,0.005,0.1837,0.6424
1.75,0.35,0.0038,0.1745,0.6305
1.8,0.35,0.0067,0.1656,0.6196
1.85,0.35,0.0283,0.1566,0.61
1.9,0.35,0.1112,0.1481,0.6021
1.95,0.35,0.3515,0.1399,0.5957
2.0,0.35,0.7298,0.1322,0.588
2.05,0.35,0.9308,0.1248,0.5796
2.1,0.35,0.9856,0.1177,0.5789
2.15,0.35,0.9971,0.1115,0.5806
2.2,0.35,0.9994,0.1073,0.5825
2.25,0.35,0.9999,0.1104,0.5798
2.3,0.35,1.0,0.1508,0.5821
2.35,0.35,1.0,0.256,0.5948
2.4,0.35,1.0,0.4932,0.6083
2.45,0.35,1.0,0.7734,0.6218
2.5,0.35,1.0,0.9294,0.6382
2.55,0.35,1.0,0.9833,0.6594
2.6,0.35,1.0,0.9962,0.684
2.65,0.35,1.0,0.9992,0.7088
2.7,0.35,1.0,0.9998,0.7329
2.75,0.35,1.0,1.0,0.7584
2.8,0.35,1.0,1.0,0.7828
2.85,0.35,1.0,1.0,0.8063
2.9,0.35,1.0,1.0,0.8285
2.95,0.35,1.0,1.0,0.8489
3.0,0.35,1.0,1.0,0.8678
3.05,0.35,1.0,1.0,0.8874
3.1,0.35,1.0,1.0,0.905
3.15,0.35,1.0,1.0,0.92
3.2,0.35,1.0,1.0,0.9329
3.25,0.35,1.0,1.0,0.9438
3.3,0.35,1.0,1.0,0.954
3.35,0.35,1.0,1.0,0.9625
3.4,0.35,1.0,1.0,0.9695
3.45,0.35,1.0,1.0,0.9753
3.5,0.35,1.0,1.0,0.98
3.55,0.35,1.0,1.0,0.9838
3.6,0.35,1.0,1.0,0.9869
3.65,0.35,1.0,1.0,0.9896
3.7,0.35,1.0,1.0,0.9917
3.75,0.35,1.0,1.0,0.9933
3.8,0.35,1.0,1.0,0.9947
3.85,0.35,1.0,1.0,0.9958
3.9,0.35,1.0,1.0,0.9967
3.95,0.35,1.0,1.0,0.9974
4.0,0.35,1.0,1.0,0.998
-4.0,0.4,0.9505,0.0,0.0
-3.95,0.4,0.9759,0.0,0.0
-3.9,0.4,0.9885,0.0,0.0
-3.85,0.4,0.9945,0.0,0.0
-3.8,0.4,0.9974,0.0,0.0
-3.75,0.4,0.9988,0.0,0.0
-3.7,0.4,0.9994,0.0,0.0
-3.65,0.4,0.9997,0.0,0.0
-3.6,0.4,0.9999,0.0,0.0
-3.55,0.4,0.9999,0.0,0.0
-3.5,0.4,1.0,0.0,0.0
-3.45,0.4,1.0,0.0,0.0
-3.4,0.4,1.0,0.0,0.0
-3.35,0.4,1.0,0.0,0.0
-3.3,0.4,1.0,0.0,0.0
-3.25,0.4,1.0,0.0,0.0
-3.2,0.4,1.0,0.0,0.0
-3.15,0.4,1.0,0.0,0.0
-3.1,0.4,1.0,0.0,1e-04
-3.05,0.4,1.0,0.0,1e-04
-3.0,0.4,1.0,0.0,0.0002
-2.95,0.4,1.0,0.0,0.0004
-2.9,0.4,1.0,0.0,0.0007
-2.85,0.4,1.0,0.0,0.0011
-2.8,0.4,1.0,0.0,0.0019
-2.75,0.4,1.0,0.0,0.0032
-2.7,0.4,1.0,0.0,0.0054
-2.65,0.4,1.0,0.0,0.0092
-2.6,0.4,1.0,0.0,0.0155
-2.55,0.4,1.0,0.0,0.0249
-2.5,0.4,1.0,0.0,0.0367
-2.45,0.4,1.0,0.0,0.0539
-2.4,0.4,1.0,0.0,0.0785
-2.35,0.4,1.0,0.0,0.113
-2.3,0.4,1.0,0.0,0.1601
-2.25,0.4,1.0,0.0,0.2219
-2.2,0.4,1.0,0.0,0.2932
-2.15,0.4,1.0,0.0,0.3704
-2.1,0.4,1.0,0.0002,0.452
-2.05,0.4,1.0,0.0014,0.5326
-2.0,0.4,1.0,0.0127,0.597
-1.95,0.4,1.0,0.1012,0.6443
-1.9,0.4,1.0,0.4152,0.6731
-1.85,0.4,1.0,0.7755,0.6909
-1.8,0.4,1.0,0.938,0.69
-1.75,0.4,1.0,0.9846,0.6842
-1.7,0.4,1.0,0.9953,0.6779
-1.65,0.4,1.0,0.9984,0.669
-1.6,0.4,1.0,0.9993,0.6553
-1.55,0.4,1.0,0.9996,0.6385
-1.5,0.4,1.0,0.9997,0.6139
-1.45,0.4,1.0,0.9998,0.5958
-1.4,0.4,1.0,0.9999,0.5858
-1.35,0.4,1.0,0.9997,0.5757
-1.3,0.4,1.0,0.9993,0.5654
-1.25,0.4,1.0,0.9983,0.5576
-1.2,0.4,0.9999,0.9954,0.5508
-1.15,0.4,0.9993,0.9871,0.5463
-1.1,0.4,0.9958,0.9638,0.5428
-1.05,0.4,0.9746,0.8925,0.5392
-1.0,0.4,0.8607,0.7237,0.5357
-0.95,0.4,0.4668,0.4636,0.5343
-0.9,0.4,0.1291,0.1579,0.5343
-0.85,0.4,0.0299,0.0716,0.5343
-0.8,0.4,0.0073,0.04,0.5343
-0.75,0.4,0.0064,0.0297,0.5343
-0.7,0.4,0.0064,0.0291,0.5343
-0.65,0.4,0.0064,0.0388,0.5343
-0.6,0.4,0.006,0.0535,0.5343
-0.55,0.4,0.0077,0.1009,0.539
-0.5,0.4,0.0053,0.2052,0.5447
-0.45,0.4,0.0038,0.2118,0.5445
-0.4,0.4,0.0082,0.194,0.5383
-0.35,0.4,0.0266,0.1857,0.5251
-0.3,0.4,0.1516,0.1777,0.5051
-0.25,0.4,0.546,0.1703,0.49
-0.2,0.4,0.7792,0.1642,0.4702
-0.15,0.4,0.7795,0.1586,0.4311
-0.1,0.4,0.8308,0.1531,0.4035
-0.05,0.4,0.8847,0.1478,0.3864
0.0,0.4,0.8849,0.1439,0.3784
0.05,0.4,0.8514,0.1401,0.3888
0.1,0.4,0.8403,0.1496,0.413
0.15,0.4,0.8323,0.1749,0.4444
0.2,0.4,0.8276,0.1969,0.4764
0.25,0.4,0.8256,0.2394,0.5073
0.3,0.4,0.835,0.3092,0.5332
0.35,0.4,0.8508,0.3815,0.5613
0.4,0.4,0.8657,0.4136,0.5798
0.45,0.4,0.8501,0.4394,0.588
0.5,0.4,0.8126,0.4593,0.5969
0.55,0.4,0.8271,0.4807,0.6059
0.6,0.4,0.9533,0.6848,0.6537
0.65,0.4,0.9968,0.8003,0.7233
0.7,0.4,0.9998,0.8609,0.7698
0.75,0.4,1.0,0.8817,0.7899
0.8,0.4,1.0,0.8931,0.8094
0.85,0.4,1.0,0.9082,0.8167
0.9,0.4,1.0,0.9186,0.8126
0.95,0.4,1.0,0.9268,0.8096
1.0,0.4,0.9999,0.935,0.8098
1.05,0.4,1.0,0.9424,0.81
1.1,0.4,1.0,0.949,0.8102
1.15,0.4,0.9999,0.9551,0.8105
1.2,0.4,0.9993,0.9595,0.8107
1.25,0.4,0.998,0.9625,0.8091
1.3,0.4,0.9923,0.9651,0.8015
1.35,0.4,0.9662,0.9365,0.7871
1.4,0.4,0.7591,0.843,0.7721
1.45,0.4,0.3873,0.5386,0.7543
1.5,0.4,0.1549,0.318,0.7289
1.55,0.4,0.0539,0.2517,0.7028
1.6,0.4,0.0421,0.2295,0.683
1.65,0.4,0.0328,0.2186,0.667
1.7,0.4,0.0278,0.2081,0.6535
1.75,0.4,0.0526,0.1983,0.6422
1.8,0.4,0.142,0.1891,0.6326
1.85,0.4,0.4089,0.1802,0.6254
1.9,0.4,0.743,0.1716,0.6205
1.95,0.4,0.9236,0.1629,0.6155
2.0,0.4,0.9806,0.1545,0.6087
2.05,0.4,0.9959,0.1465,0.6065
2.1,0.4,0.9992,0.1406,0.6045
2.15,0.4,0.9998,0.1398,0.6061
2.2,0.4,1.0,0.1603,0.6163
2.25,0.4,1.0,0.1894,0.6291
2.3,0.4,1.0,0.2346,0.6419
2.35,0.4,1.0,0.3998,0.6554
2.4,0.4,1.0,0.6938,0.6686
2.45,0.4,1.0,0.8961,0.6812
2.5,0.4,1.0,0.9716,0.6933
2.55,0.4,1.0,0.9927,0.7071
2.6,0.4,1.0,0.9983,0.7245
2.65,0.4,1.0,0.9996,0.7485
2.7,0.4,1.0,0.9999,0.7734
2.75,0.4,1.0,1.0,0.7974
2.8,0.4,1.0,1.0,0.8197
2.85,0.4,1.0,1.0,0.8402
2.9,0.4,1.0,1.0,0.8589
2.95,0.4,1.0,1.0,0.8755
3.0,0.4,1.0,1.0,0.8914
3.05,0.4,1.0,1.0,0.9059
3.1,0.4,1.0,1.0,0.9186
3.15,0.4,1.0,1.0,0.9305
3.2,0.4,1.0,1.0,0.9418
3.25,0.4,1.0,1.0,0.9513
3.3,0.4,1.0,1.0,0.9594
3.35,0.4,1.0,1.0,0.9663
3.4,0.4,1.0,1.0,0.9726
3.45,0.4,1.0,1.0,0.9781
3.5,0.4,1.0,1.0,0.9825
3.55,0.4,1.0,1.0,0.986
3.6,0.4,1.0,1.0,0.9888
3.65,0.4,1.0,1.0,0.9911
3.7,0.4,1.0,1.0,0.9929
3.75,0.4,1.0,1.0,0.9943
3.8,0.4,1.0,1.0,0.9955
3.85,0.4,1.0,1.0,0.9965
3.9,0.4,1.0,1.0,0.9973
3.95,0.4,1.0,1.0,0.9979
4.0,0.4,1.0,1.0,0.9984
-4.0,0.45,0.9995,0.0,0.0
-3.95,0.45,0.9998,0.0,0.0
-3.9,0.45,0.9999,0.0,0.0
-3.85,0.45,0.9999,0.0,0.0
-3.8,0.45,1.0,0.0,0.0
-3.75,0.45,1.0,0.0,0.0
-3.7,0.45,1.0,0.0,0.0
-3.65,0.45,1.0,0.0,0.0
-3.6,0.45,1.0,0.0,0.0
-3.55,0.45,1.0,0.0,0.0
-3.5,0.45,1.0,0.0,0.0
-3.45,0.45,1.0,0.0,0.0
-3.4,0.45,1.0,0.0,0.0
-3.35,0.45,1.0,0.0,0.0
-3.3,0.45,1.0,0.0,1e-04
-3.25,0.45,1.0,0.0,1e-04
-3.2,0.45,1.0,0.0,0.0002
-3.15,0.45,1.0,0.0,0.0003
-3.1,0.45,1.0,0.0,0.0005
-3.05,0.45,1.0,0.0,0.0008
-3.0,0.45,1.0,0.0,0.0014
-2.95,0.45,1.0,0.0,0.0023
-2.9,0.45,1.0,0.0,0.0039
-2.85,0.45,1.0,0.0,0.0064
-2.8,0.45,1.0,0.0,0.0105
-2.75,0.45,1.0,0.0,0.0168
-2.7,0.45,1.0,0.0,0.0265
-2.65,0.45,1.0,0.0,0.0403
-2.6,0.45,1.0,0.0,0.0583
-2.55,0.45,1.0,0.0,0.0842
-2.5,0.45,1.0,0.0,0.1203
-2.45,0.45,1.0,0.0,0.1691
-2.4,0.45,1.0,0.0,0.2324
-2.35,0.45,1.0,0.0,0.3017
-2.3,0.45,1.0,0.0,0.3772
-2.25,0.45,1.0,0.0,0.4592
-2.2,0.45,1.0,0.0004,0.5383
-2.15,0.45,1.0,0.0038,0.6062
-2.1,0.45,1.0,0.0309,0.6561
-2.05,0.45,1.0,0.2083,0.6878
-2.0,0.45,1.0,0.6214,0.7085
-1.95,0.45,1.0,0.8887,0.7158
-1.9,0.45,1.0,0.9745,0.7141
-1.85,0.45,1.0,0.9939,0.7086
-1.8,0.45,1.0,0.9986,0.7026
-1.75,0.45,1.0,0.9995,0.6948
-1.7,0.45,1.0,0.9998,0.6826
-1.65,0.45,1.0,0.9999,0.6662
-1.6,0.45,1.0,0.9999,0.6416
-1.55,0.45,1.0,0.9999,0.6179
-1.5,0.45,1.0,1.0,0.6016
-1.45,0.45,1.0,1.0,0.5913
-1.4,0.45,1.0,0.9999,0.5809
-1.35,0.45,1.0,0.9996,0.5681
-1.3,0.45,1.0,0.9991,0.5586
-1.25,0.45,1.0,0.9974,0.5507
-1.2,0.45,0.9998,0.9928,0.5449
-1.15,0.45,0.999,0.9807,0.5414
-1.1,0.45,0.9937,0.9447,0.5379
-1.05,0.45,0.9623,0.8524,0.5343
-1.0,0.45,0.8096,0.7124,0.5343
-0.95,0.45,0.4498,0.4731,0.5343
-0.9,0.45,0.1779,0.2429,0.5343
-0.85,0.45,0.0671,0.1223,0.5343
-0.8,0.45,0.0767,0.088,0.5343
-0.75,0.45,0.0868,0.0791,0.5343
-0.7,0.45,0.0949,0.0756,0.5343
-0.65,0.45,0.0803,0.066,0.5343
-0.6,0.45,0.0562,0.0822,0.5376
-0.55,0.45,0.0575,0.1564,0.5447
-0.5,0.45,0.0396,0.2762,0.5534
-0.45,0.45,0.0255,0.2787,0.5628
-0.4,0.45,0.0623,0.2861,0.5702
-0.35,0.45,0.2461,0.2951,0.575
-0.3,0.45,0.7273,0.3123,0.5799
-0.25,0.45,0.9295,0.3299,0.5897
-0.2,0.45,0.9689,0.3482,0.5929
-0.15,0.45,0.9698,0.3843,0.5886
-0.1,0.45,0.9687,0.4426,0.5818
-0.05,0.45,0.9741,0.5028,0.5724
0.0,0.45,0.9649,0.5597,0.5692
0.05,0.45,0.9614,0.6467,0.5738
0.1,0.45,0.9603,0.7205,0.5774
0.15,0.45,0.9635,0.7479,0.5794
0.2,0.45,0.9691,0.7548,0.5833
0.25,0.45,0.9765,0.7678,0.5885
0.3,0.45,0.9774,0.7792,0.5942
0.35,0.45,0.9765,0.787,0.5994
0.4,0.45,0.9756,0.7873,0.6011
0.45,0.45,0.9744,0.7803,0.6016
0.5,0.45,0.9661,0.7687,0.6018
0.55,0.45,0.9529,0.7559,0.6045
0.6,0.45,0.9683,0.7431,0.6125
0.65,0.45,0.9972,0.7734,0.6636
0.7,0.45,0.9998,0.7953,0.7295
0.75,0.45,1.0,0.8334,0.7623
0.8,0.45,1.0,0.8504,0.7786
0.85,0.45,1.0,0.8691,0.7969
0.9,0.45,1.0,0.8885,0.8088
0.95,0.45,1.0,0.9086,0.809
1.0,0.45,1.0,0.9248,0.8093
1.05,0.45,1.0,0.936,0.8095
1.1,0.45,0.9999,0.9448,0.8097
1.15,0.45,0.9996,0.9523,0.8103
1.2,0.45,0.999,0.9585,0.8115
1.25,0.45,0.9978,0.9636,0.8127
1.3,0.45,0.9941,0.9661,0.8099
1.35,0.45,0.9822,0.9555,0.7981
1.4,0.45,0.9351,0.9166,0.7838
1.45,0.45,0.8541,0.7232,0.7695
1.5,0.45,0.7217,0.4226,0.7483
1.55,0.45,0.6222,0.3092,0.7233
1.6,0.45,0.5548,0.2759,0.6992
1.65,0.45,0.5213,0.2559,0.6815
1.7,0.45,0.5558,0.2415,0.6675
1.75,0.45,0.7088,0.23,0.6595
1.8,0.45,0.8982,0.2197,0.6538
1.85,0.45,0.9759,0.2097,0.6486
1.9,0.45,0.9945,0.2,0.6451
1.95,0.45,0.9986,0.1907,0.6456
2.0,0.45,0.9997,0.1836,0.6453
2.05,0.45,0.9999,0.1938,0.6529
2.1,0.45,1.0,0.2162,0.6616
2.15,0.45,1.0,0.2453,0.6703
2.2,0.45,1.0,0.2972,0.6796
2.25,0.45,1.0,0.3772,0.6905
2.3,0.45,1.0,0.4768,0.7033
2.35,0.45,1.0,0.6524,0.7155
2.4,0.45,1.0,0.8589,0.728
2.45,0.45,1.0,0.9575,0.7423
2.5,0.45,1.0,0.9889,0.756
2.55,0.45,1.0,0.9972,0.7704
2.6,0.45,1.0,0.9993,0.7876
2.65,0.45,1.0,0.9998,0.804
2.7,0.45,1.0,1.0,0.8203
2.75,0.45,1.0,1.0,0.8394
2.8,0.45,1.0,1.0,0.8577
2.85,0.45,1.0,1.0,0.8741
2.9,0.45,1.0,1.0,0.8889
2.95,0.45,1.0,1.0,0.9024
3.0,0.45,1.0,1.0,0.9144
3.05,0.45,1.0,1.0,0.9252
3.1,0.45,1.0,1.0,0.9352
3.15,0.45,1.0,1.0,0.9448
3.2,0.45,1.0,1.0,0.9529
3.25,0.45,1.0,1.0,0.96
3.3,0.45,1.0,1.0,0.967
3.35,0.45,1.0,1.0,0.9728
3.4,0.45,1.0,1.0,0.9776
3.45,0.45,1.0,1.0,0.9816
3.5,0.45,1.0,1.0,0.985
3.55,0.45,1.0,1.0,0.988
3.6,0.45,1.0,1.0,0.9906
3.65,0.45,1.0,1.0,0.9926
3.7,0.45,1.0,1.0,0.9942
3.75,0.45,1.0,1.0,0.9955
3.8,0.45,1.0,1.0,0.9965
3.85,0.45,1.0,1.0,0.9973
3.9,0.45,1.0,1.0,0.9979
3.95,0.45,1.0,1.0,0.9984
4.0,0.45,1.0,1.0,0.9988
-4.0,0.5,1.0,0.0,0.0
-3.95,0.5,1.0,0.0,0.0
-3.9,0.5,1.0,0.0,0.0
-3.85,0.5,1.0,0.0,0.0
-3.8,0.5,1.0,0.0,0.0
-3.75,0.5,1.0,0.0,0.0
-3.7,0.5,1.0,0.0,0.0
-3.65,0.5,1.0,0.0,0.0
-3.6,0.5,1.0,0.0,0.0
-3.55,0.5,1.0,0.0,0.0
-3.5,0.5,1.0,0.0,0.0
-3.45,0.5,1.0,0.0,1e-04
-3.4,0.5,1.0,0.0,1e-04
-3.35,0.5,1.0,0.0,0.0002
-3.3,0.5,1.0,0.0,0.0003
-3.25,0.5,1.0,0.0,0.0005
-3.2,0.5,1.0,0.0,0.0009
-3.15,0.5,1.0,0.0,0.0015
-3.1,0.5,1.0,0.0,0.0025
-3.05,0.5,1.0,0.0,0.0043
-3.0,0.5,1.0,0.0,0.0071
-2.95,0.5,1.0,0.0,0.0114
-2.9,0.5,1.0,0.0,0.018
-2.85,0.5,1.0,0.0,0.0285
-2.8,0.5,1.0,0.0,0.0446
-2.75,0.5,1.0,0.0,0.0654
-2.7,0.5,1.0,0.0,0.0934
-2.65,0.5,1.0,0.0,0.132
-2.6,0.5,1.0,0.0,0.1839
-2.55,0.5,1.0,0.0,0.2479
-2.5,0.5,1.0,0.0,0.3175
-2.45,0.5,1.0,0.0,0.3935
-2.4,0.5,1.0,0.0,0.4729
-2.35,0.5,1.0,1e-04,0.5452
-2.3,0.5,1.0,0.001,0.6114
-2.25,0.5,1.0,0.0084,0.6698
-2.2,0.5,1.0,0.0664,0.7009
-2.15,0.5,1.0,0.3724,0.7243
-2.1,0.5,1.0,0.7914,0.742
-2.05,0.5,1.0,0.9486,0.7416
-2.0,0.5,1.0,0.989,0.7381
-1.95,0.5,1.0,0.9976,0.7326
-1.9,0.5,1.0,0.9994,0.727
-1.85,0.5,1.0,0.9999,0.7202
-1.8,0.5,1.0,0.9999,0.7092
-1.75,0.5,1.0,1.0,0.6941
-1.7,0.5,1.0,1.0,0.6697
-1.65,0.5,1.0,1.0,0.6484
-1.6,0.5,1.0,1.0,0.626
-1.55,0.5,1.0,1.0,0.6077
-1.5,0.5,1.0,1.0,0.5968
-1.45,0.5,1.0,0.9999,0.5846
-1.4,0.5,1.0,0.9998,0.5703
-1.35,0.5,1.0,0.9993,0.5596
-1.3,0.5,1.0,0.9981,0.5506
-1.25,0.5,1.0,0.9948,0.5444
-1.2,0.5,0.9997,0.985,0.54
-1.15,0.5,0.9983,0.9576,0.5365
-1.1,0.5,0.9897,0.8885,0.5343
-1.05,0.5,0.9414,0.7915,0.5343
-1.0,0.5,0.7473,0.638,0.5343
-0.95,0.5,0.4276,0.4883,0.5343
-0.9,0.5,0.1885,0.3816,0.5343
-0.85,0.5,0.2334,0.3273,0.5343
-0.8,0.5,0.3328,0.3286,0.5343
-0.75,0.5,0.4414,0.3765,0.5343
-0.7,0.5,0.5271,0.4242,0.5343
-0.65,0.5,0.5792,0.4063,0.5362
-0.6,0.5,0.5848,0.4294,0.5435
-0.55,0.5,0.4769,0.5998,0.5517
-0.5,0.5,0.3411,0.7077,0.5612
-0.45,0.5,0.2164,0.7144,0.5693
-0.4,0.5,0.4477,0.7356,0.5727
-0.35,0.5,0.8294,0.7651,0.5778
-0.3,0.5,0.9764,0.7927,0.5842
-0.25,0.5,0.9915,0.8173,0.595
-0.2,0.5,0.9937,0.8334,0.6001
-0.15,0.5,0.9922,0.8485,0.6008
-0.1,0.5,0.9902,0.858,0.6015
-0.05,0.5,0.9849,0.8592,0.6019
0.0,0.5,0.9648,0.8545,0.6021
0.05,0.5,0.9509,0.8513,0.6022
0.1,0.5,0.9516,0.8476,0.6026
0.15,0.5,0.959,0.8383,0.6029
0.2,0.5,0.9675,0.8249,0.6033
0.25,0.5,0.9758,0.8076,0.6036
0.3,0.5,0.982,0.7891,0.604
0.35,0.5,0.9867,0.7746,0.6044
0.4,0.5,0.9907,0.7595,0.6048
0.45,0.5,0.9937,0.7442,0.605
0.5,0.5,0.9944,0.7283,0.6052
0.55,0.5,0.9926,0.7171,0.6061
0.6,0.5,0.993,0.7084,0.6093
0.65,0.5,0.9984,0.7033,0.6228
0.7,0.5,0.9999,0.7264,0.6722
0.75,0.5,1.0,0.7544,0.7365
0.8,0.5,1.0,0.8001,0.7663
0.85,0.5,1.0,0.8258,0.7819
0.9,0.5,1.0,0.85,0.7967
0.95,0.5,1.0,0.8714,0.8093
1.0,0.5,1.0,0.8932,0.8105
1.05,0.5,0.9999,0.9129,0.8117
1.1,0.5,0.9998,0.93,0.8129
1.15,0.5,0.9994,0.9442,0.8141
1.2,0.5,0.9991,0.9533,0.8153
1.25,0.5,0.9989,0.96,0.8165
1.3,0.5,0.9985,0.9658,0.8159
1.35,0.5,0.9968,0.9697,0.8096
1.4,0.5,0.9913,0.9559,0.7965
1.45,0.5,0.9835,0.8734,0.7828
1.5,0.5,0.9734,0.6355,0.7669
1.55,0.5,0.9733,0.4392,0.7449
1.6,0.5,0.974,0.3478,0.7219
1.65,0.5,0.9727,0.3212,0.7046
1.7,0.5,0.9816,0.2994,0.6919
1.75,0.5,0.991,0.2784,0.6833
1.8,0.5,0.9979,0.2626,0.6808
1.85,0.5,0.9995,0.2503,0.6849
1.9,0.5,0.9999,0.2471,0.694
1.95,0.5,1.0,0.2685,0.7033
2.0,0.5,1.0,0.2987,0.711
2.05,0.5,1.0,0.3526,0.7185
2.1,0.5,1.0,0.4275,0.727
2.15,0.5,1.0,0.5078,0.7355
2.2,0.5,1.0,0.5956,0.744
2.25,0.5,1.0,0.6891,0.753
2.3,0.5,1.0,0.8103,0.763
2.35,0.5,1.0,0.8957,0.7749
2.4,0.5,1.0,0.9488,0.7884
2.45,0.5,1.0,0.9835,0.8017
2.5,0.5,1.0,0.9957,0.816
2.55,0.5,1.0,0.9989,0.8306
2.6,0.5,1.0,0.9997,0.8442
2.65,0.5,1.0,0.9999,0.8568
2.7,0.5,1.0,1.0,0.8687
2.75,0.5,1.0,1.0,0.8805
2.8,0.5,1.0,1.0,0.8915
2.85,0.5,1.0,1.0,0.9034
2.9,0.5,1.0,1.0,0.9163
2.95,0.5,1.0,1.0,0.9275
3.0,0.5,1.0,1.0,0.9373
3.05,0.5,1.0,1.0,0.9459
3.1,0.5,1.0,1.0,0.9533
3.15,0.5,1.0,1.0,0.9597
3.2,0.5,1.0,1.0,0.9657
3.25,0.5,1.0,1.0,0.9708
3.3,0.5,1.0,1.0,0.9753
3.35,0.5,1.0,1.0,0.9793
3.4,0.5,1.0,1.0,0.9831
3.45,0.5,1.0,1.0,0.9864
3.5,0.5,1.0,1.0,0.989
3.55,0.5,1.0,1.0,0.9911
3.6,0.5,1.0,1.0,0.9929
3.65,0.5,1.0,1.0,0.9945
3.7,0.5,1.0,1.0,0.9957
3.75,0.5,1.0,1.0,0.9966
3.8,0.5,1.0,1.0,0.9974
3.85,0.5,1.0,1.0,0.998
3.9,0.5,1.0,1.0,0.9985
3.95,0.5,1.0,1.0,0.9989
4.0,0.5,1.0,1.0,0.9991
-4.0,0.55,1.0,0.0,0.0
-3.95,0.55,1.0,0.0,0.0
-3.9,0.55,1.0,0.0,0.0
-3.85,0.55,1.0,0.0,0.0
-3.8,0.55,1.0,0.0,0.0
-3.75,0.55,1.0,0.0,0.0
-3.7,0.55,1.0,0.0,0.0
-3.65,0.55,1.0,0.0,0.0
-3.6,0.55,1.0,0.0,1e-04
-3.55,0.55,1.0,0.0,1e-04
-3.5,0.55,1.0,0.0,0.0002
-3.45,0.55,1.0,0.0,0.0003
-3.4,0.55,1.0,0.0,0.0006
-3.35,0.55,1.0,0.0,0.001
-3.3,0.55,1.0,0.0,0.0016
-3.25,0.55,1.0,0.0,0.0027
-3.2,0.55,1.0,0.0,0.0045
-3.15,0.55,1.0,0.0,0.0074
-3.1,0.55,1.0,0.0,0.012
-3.05,0.55,1.0,0.0,0.0194
-3.0,0.55,1.0,0.0,0.0306
-2.95,0.55,1.0,0.0,0.0479
-2.9,0.55,1.0,0.0,0.0739
-2.85,0.55,1.0,0.0,0.1049
-2.8,0.55,1.0,0.0,0.1467
-2.75,0.55,1.0,0.0,0.1991
-2.7,0.55,1.0,0.0,0.2629
-2.65,0.55,1.0,0.0,0.3359
-2.6,0.55,1.0,0.0,0.4158
-2.55,0.55,1.0,0.0,0.4897
-2.5,0.55,1.0,0.0,0.5589
-2.45,0.55,1.0,0.0002,0.6259
-2.4,0.55,1.0,0.0021,0.6885
-2.35,0.55,1.0,0.0186,0.7199
-2.3,0.55,1.0,0.1368,0.7429
-2.25,0.55,1.0,0.57,0.7647
-2.2,0.55,1.0,0.8984,0.7688
-2.15,0.55,1.0,0.9778,0.7679
-2.1,0.55,1.0,0.9955,0.7633
-2.05,0.55,1.0,0.9991,0.757
-2.0,0.55,1.0,0.9998,0.751
-1.95,0.55,1.0,1.0,0.7445
-1.9,0.55,1.0,1.0,0.7342
-1.85,0.55,1.0,1.0,0.7194
-1.8,0.55,1.0,1.0,0.6987
-1.75,0.55,1.0,1.0,0.678
-1.7,0.55,1.0,1.0,0.6561
-1.65,0.55,1.0,1.0,0.634
-1.6,0.55,1.0,1.0,0.6141
-1.55,0.55,1.0,1.0,0.6004
-1.5,0.55,1.0,1.0,0.5869
-1.45,0.55,1.0,0.9998,0.5727
-1.4,0.55,1.0,0.9994,0.5606
-1.35,0.55,1.0,0.9984,0.5512
-1.3,0.55,1.0,0.9956,0.5442
-1.25,0.55,0.9999,0.9872,0.5386
-1.2,0.55,0.9994,0.9627,0.5351
-1.15,0.55,0.9965,0.8982,0.5343
-1.1,0.55,0.9794,0.8058,0.5343
-1.05,0.55,0.8943,0.6599,0.5343
-1.0,0.55,0.6768,0.4906,0.5343
-0.95,0.55,0.4026,0.3994,0.5343
-0.9,0.55,0.4796,0.3514,0.5343
-0.85,0.55,0.6143,0.4044,0.5343
-0.8,0.55,0.7336,0.483,0.5343
-0.75,0.55,0.8269,0.5879,0.5343
-0.7,0.55,0.892,0.6944,0.5347
-0.65,0.55,0.8976,0.7458,0.542
-0.6,0.55,0.9062,0.8096,0.5501
-0.55,0.55,0.9002,0.8931,0.56
-0.5,0.55,0.8552,0.9005,0.5695
-0.45,0.55,0.7298,0.9009,0.5737
-0.4,0.55,0.8982,0.8986,0.5762
-0.35,0.55,0.9754,0.8933,0.5812
-0.3,0.55,0.995,0.885,0.588
-0.25,0.55,0.997,0.8773,0.5977
-0.2,0.55,0.9968,0.8687,0.6026
-0.15,0.55,0.9962,0.859,0.6037
-0.1,0.55,0.9944,0.8488,0.6042
-0.05,0.55,0.9905,0.8368,0.6049
0.0,0.55,0.979,0.8207,0.6056
0.05,0.55,0.9688,0.8034,0.6059
0.1,0.55,0.9579,0.7846,0.606
0.15,0.55,0.9551,0.7659,0.6062
0.2,0.55,0.9658,0.7498,0.6066
0.25,0.55,0.9746,0.7342,0.607
0.3,0.55,0.9812,0.7181,0.6073
0.35,0.55,0.9861,0.7001,0.6077
0.4,0.55,0.9905,0.6897,0.608
0.45,0.55,0.9937,0.68,0.6084
0.5,0.55,0.9957,0.6701,0.6087
0.55,0.55,0.997,0.6595,0.6091
0.6,0.55,0.9981,0.6492,0.6107
0.65,0.55,0.9996,0.6423,0.6139
0.7,0.55,1.0,0.6438,0.6359
0.75,0.55,1.0,0.672,0.6816
0.8,0.55,1.0,0.7076,0.7441
0.85,0.55,1.0,0.7623,0.7711
0.9,0.55,1.0,0.7958,0.7861
0.95,0.55,1.0,0.8251,0.8006
1.0,0.55,1.0,0.8517,0.8148
1.05,0.55,0.9999,0.8753,0.8166
1.1,0.55,0.9999,0.8969,0.8179
1.15,0.55,0.9998,0.9178,0.8191
1.2,0.55,0.9998,0.9349,0.8204
1.25,0.55,0.9997,0.9485,0.8216
1.3,0.55,0.9997,0.9618,0.8229
1.35,0.55,0.9993,0.9756,0.8204
1.4,0.55,0.9986,0.9785,0.8097
1.45,0.55,0.9975,0.9591,0.7986
1.5,0.55,0.9974,0.8778,0.7871
1.55,0.55,0.9976,0.6903,0.7726
1.6,0.55,0.9978,0.5154,0.7573
1.65,0.55,0.9982,0.4205,0.7439
1.7,0.55,0.9991,0.3807,0.7355
1.75,0.55,0.9997,0.3628,0.7349
1.8,0.55,0.9999,0.3525,0.7425
1.85,0.55,1.0,0.3811,0.7504
1.9,0.55,1.0,0.4257,0.7581
1.95,0.55,1.0,0.4932,0.7649
2.0,0.55,1.0,0.5747,0.7716
2.05,0.55,1.0,0.6535,0.7791
2.1,0.55,1.0,0.7304,0.7876
2.15,0.55,1.0,0.8002,0.7969
2.2,0.55,1.0,0.8705,0.8067
2.25,0.55,1.0,0.9248,0.8172
2.3,0.55,1.0,0.9572,0.8273
2.35,0.55,1.0,0.9777,0.8374
2.4,0.55,1.0,0.9888,0.8477
2.45,0.55,1.0,0.9947,0.8558
2.5,0.55,1.0,0.9985,0.8666
2.55,0.55,1.0,0.9996,0.8781
2.6,0.55,1.0,0.9999,0.8895
2.65,0.55,1.0,1.0,0.9004
2.7,0.55,1.0,1.0,0.9102
2.75,0.55,1.0,1.0,0.9191
2.8,0.55,1.0,1.0,0.9275
2.85,0.55,1.0,1.0,0.9355
2.9,0.55,1.0,1.0,0.9428
2.95,0.55,1.0,1.0,0.9492
3.0,0.55,1.0,1.0,0.9552
3.05,0.55,1.0,1.0,0.9615
3.1,0.55,1.0,1.0,0.9671
3.15,0.55,1.0,1.0,0.9721
3.2,0.55,1.0,1.0,0.9763
3.25,0.55,1.0,1.0,0.98
3.3,0.55,1.0,1.0,0.9833
3.35,0.55,1.0,1.0,0.9861
3.4,0.55,1.0,1.0,0.9884
3.45,0.55,1.0,1.0,0.9904
3.5,0.55,1.0,1.0,0.9921
3.55,0.55,1.0,1.0,0.9937
3.6,0.55,1.0,1.0,0.9949
3.65,0.55,1.0,1.0,0.9959
3.7,0.55,1.0,1.0,0.9968
3.75,0.55,1.0,1.0,0.9976
3.8,0.55,1.0,1.0,0.9982
3.85,0.55,1.0,1.0,0.9986
3.9,0.55,1.0,1.0,0.999
3.95,0.55,1.0,1.0,0.9992
4.0,0.55,1.0,1.0,0.9994
-4.0,0.6,1.0,0.0,0.0
-3.95,0.6,1.0,0.0,0.0
-3.9,0.6,1.0,0.0,0.0
-3.85,0.6,1.0,0.0,0.0
-3.8,0.6,1.0,0.0,0.0
-3.75,0.6,1.0,0.0,1e-04
-3.7,0.6,1.0,0.0,1e-04
-3.65,0.6,1.0,0.0,0.0002
-3.6,0.6,1.0,0.0,0.0004
-3.55,0.6,1.0,0.0,0.0006
-3.5,0.6,1.0,0.0,0.001
-3.45,0.6,1.0,0.0,0.0017
-3.4,0.6,1.0,0.0,0.0029
-3.35,0.6,1.0,0.0,0.0047
-3.3,0.6,1.0,0.0,0.0076
-3.25,0.6,1.0,0.0,0.0123
-3.2,0.6,1.0,0.0,0.0201
-3.15,0.6,1.0,0.0,0.0327
-3.1,0.6,1.0,0.0,0.0527
-3.05,0.6,1.0,0.0,0.0826
-3.0,0.6,1.0,0.0,0.1226
-2.95,0.6,1.0,0.0,0.1687
-2.9,0.6,1.0,0.0,0.2268
-2.85,0.6,1.0,0.0,0.2978
-2.8,0.6,1.0,0.0,0.3736
-2.75,0.6,1.0,0.0,0.4431
-2.7,0.6,1.0,0.0,0.5105
-2.65,0.6,1.0,0.0,0.5792
-2.6,0.6,1.0,1e-04,0.6451
-2.55,0.6,1.0,0.0006,0.7047
-2.5,0.6,1.0,0.0063,0.7375
-2.45,0.6,1.0,0.0584,0.7607
-2.4,0.6,1.0,0.3544,0.7814
-2.35,0.6,1.0,0.8292,0.7926
-2.3,0.6,1.0,0.9721,0.7934
-2.25,0.6,1.0,0.9945,0.7922
-2.2,0.6,1.0,0.9989,0.7869
-2.15,0.6,1.0,0.9998,0.7812
-2.1,0.6,1.0,1.0,0.775
-2.05,0.6,1.0,1.0,0.7673
-2.0,0.6,1.0,1.0,0.7577
-1.95,0.6,1.0,1.0,0.7428
-1.9,0.6,1.0,1.0,0.725
-1.85,0.6,1.0,1.0,0.7062
-1.8,0.6,1.0,1.0,0.6851
-1.75,0.6,1.0,1.0,0.6631
-1.7,0.6,1.0,1.0,0.6411
-1.65,0.6,1.0,1.0,0.6176
-1.6,0.6,1.0,1.0,0.6025
-1.55,0.6,1.0,1.0,0.5886
-1.5,0.6,1.0,0.9999,0.5748
-1.45,0.6,1.0,0.9995,0.5614
-1.4,0.6,1.0,0.9986,0.5521
-1.35,0.6,1.0,0.9957,0.5441
-1.3,0.6,1.0,0.9872,0.5379
-1.25,0.6,0.9997,0.963,0.5343
-1.2,0.6,0.998,0.9012,0.5343
-1.15,0.6,0.9884,0.8151,0.5343
-1.1,0.6,0.9449,0.6746,0.5343
-1.05,0.6,0.8185,0.4926,0.5343
-1.0,0.6,0.6523,0.3922,0.5343
-0.95,0.6,0.7214,0.3189,0.5343
-0.9,0.6,0.8174,0.3373,0.5343
-0.85,0.6,0.8734,0.4019,0.5343
-0.8,0.6,0.9112,0.4923,0.5343
-0.75,0.6,0.9243,0.6015,0.5343
-0.7,0.6,0.9277,0.6797,0.5407
-0.65,0.6,0.9098,0.7427,0.5481
-0.6,0.6,0.8584,0.8029,0.559
-0.55,0.6,0.7834,0.8809,0.5686
-0.5,0.6,0.6807,0.8811,0.5755
-0.45,0.6,0.6693,0.8788,0.5781
-0.4,0.6,0.9187,0.8695,0.5806
-0.35,0.6,0.9892,0.8596,0.5846
-0.3,0.6,0.9969,0.8481,0.5914
-0.25,0.6,0.9984,0.8329,0.5981
-0.2,0.6,0.9983,0.816,0.6038
-0.15,0.6,0.9978,0.7976,0.6056
-0.1,0.6,0.9972,0.7765,0.6071
-0.05,0.6,0.9949,0.7546,0.6078
0.0,0.6,0.988,0.7366,0.6083
0.05,0.6,0.9791,0.7174,0.609
0.1,0.6,0.9688,0.6972,0.6097
0.15,0.6,0.96,0.6752,0.6098
0.2,0.6,0.9549,0.6624,0.61
0.25,0.6,0.9622,0.6519,0.6102
0.3,0.6,0.9732,0.6419,0.6106
0.35,0.6,0.9822,0.6314,0.611
0.4,0.6,0.9892,0.6251,0.6114
0.45,0.6,0.9934,0.6188,0.6117
0.5,0.6,0.996,0.6125,0.6121
0.55,0.6,0.9975,0.6061,0.6124
0.6,0.6,0.9988,0.6006,0.6128
0.65,0.6,0.9996,0.5952,0.6147
0.7,0.6,0.9999,0.5899,0.6185
0.75,0.6,1.0,0.5979,0.649
0.8,0.6,1.0,0.6282,0.6949
0.85,0.6,1.0,0.6696,0.7524
0.9,0.6,1.0,0.7332,0.7775
0.95,0.6,1.0,0.7766,0.7926
1.0,0.6,1.0,0.8098,0.8071
1.05,0.6,1.0,0.8388,0.8219
1.1,0.6,1.0,0.8642,0.8264
1.15,0.6,1.0,0.8848,0.8279
1.2,0.6,1.0,0.9055,0.8294
1.25,0.6,0.9999,0.9326,0.8308
1.3,0.6,0.9999,0.9584,0.8343
1.35,0.6,0.9999,0.9792,0.8358
1.4,0.6,0.9998,0.9904,0.8301
1.45,0.6,0.9998,0.9855,0.8232
1.5,0.6,0.9998,0.9672,0.8188
1.55,0.6,0.9998,0.8993,0.8132
1.6,0.6,0.9998,0.764,0.8056
1.65,0.6,0.9999,0.6109,0.8045
1.7,0.6,0.9999,0.5438,0.8033
1.75,0.6,1.0,0.5864,0.8028
1.8,0.6,1.0,0.6383,0.8041
1.85,0.6,1.0,0.6964,0.8096
1.9,0.6,1.0,0.7596,0.8183
1.95,0.6,1.0,0.8132,0.8259
2.0,0.6,1.0,0.8593,0.8326
2.05,0.6,1.0,0.8968,0.8392
2.1,0.6,1.0,0.9315,0.8474
2.15,0.6,1.0,0.9619,0.8564
2.2,0.6,1.0,0.9791,0.8649
2.25,0.6,1.0,0.9886,0.8732
2.3,0.6,1.0,0.9938,0.8824
2.35,0.6,1.0,0.9967,0.8923
2.4,0.6,1.0,0.9983,0.9023
2.45,0.6,1.0,0.9992,0.9109
2.5,0.6,1.0,0.9996,0.9181
2.55,0.6,1.0,0.9999,0.9248
2.6,0.6,1.0,1.0,0.931
2.65,0.6,1.0,1.0,0.938
2.7,0.6,1.0,1.0,0.9444
2.75,0.6,1.0,1.0,0.95
2.8,0.6,1.0,1.0,0.9553
2.85,0.6,1.0,1.0,0.9603
2.9,0.6,1.0,1.0,0.9654
2.95,0.6,1.0,1.0,0.9698
3.0,0.6,1.0,1.0,0.9736
3.05,0.6,1.0,1.0,0.9769
3.1,0.6,1.0,1.0,0.9799
3.15,0.6,1.0,1.0,0.9824
3.2,0.6,1.0,1.0,0.9851
3.25,0.6,1.0,1.0,0.9874
3.3,0.6,1.0,1.0,0.9893
3.35,0.6,1.0,1.0,0.9911
3.4,0.6,1.0,1.0,0.9926
3.45,0.6,1.0,1.0,0.9939
3.5,0.6,1.0,1.0,0.995
3.55,0.6,1.0,1.0,0.996
3.6,0.6,1.0,1.0,0.9968
3.65,0.6,1.0,1.0,0.9975
3.7,0.6,1.0,1.0,0.9981
3.75,0.6,1.0,1.0,0.9986
3.8,0.6,1.0,1.0,0.9989
3.85,0.6,1.0,1.0,0.9992
3.9,0.6,1.0,1.0,0.9994
3.95,0.6,1.0,1.0,0.9996
4.0,0.6,1.0,1.0,0.9997
-4.0,0.65,1.0,0.0,0.0
-3.95,0.65,1.0,0.0,0.0
-3.9,0.65,1.0,0.0,1e-04
-3.85,0.65,1.0,0.0,1e-04
-3.8,0.65,1.0,0.0,0.0002
-3.75,0.65,1.0,0.0,0.0004
-3.7,0.65,1.0,0.0,0.0007
-3.65,0.65,1.0,0.0,0.0011
-3.6,0.65,1.0,0.0,0.0019
-3.55,0.65,1.0,0.0,0.0031
-3.5,0.65,1.0,0.0,0.0051
-3.45,0.65,1.0,0.0,0.0084
-3.4,0.65,1.0,0.0,0.0138
-3.35,0.65,1.0,0.0,0.0225
-3.3,0.65,1.0,0.0,0.0365
-3.25,0.65,1.0,0.0,0.0587
-3.2,0.65,1.0,0.0,0.0923
-3.15,0.65,1.0,0.0,0.1405
-3.1,0.65,1.0,0.0,0.1952
-3.05,0.65,1.0,0.0,0.2595
-3.0,0.65,1.0,0.0,0.3361
-2.95,0.65,1.0,0.0,0.4042
-2.9,0.65,1.0,0.0,0.4697
-2.85,0.65,1.0,0.0,0.5364
-2.8,0.65,1.0,0.0,0.6019
-2.75,0.65,1.0,0.0,0.664
-2.7,0.65,1.0,0.0003,0.7177
-2.65,0.65,1.0,0.0029,0.7529
-2.6,0.65,1.0,0.0282,0.7769
-2.55,0.65,1.0,0.223,0.7974
-2.5,0.65,1.0,0.7174,0.8101
-2.45,0.65,1.0,0.9574,0.8159
-2.4,0.65,1.0,0.9939,0.8159
-2.35,0.65,1.0,0.9989,0.8138
-2.3,0.65,1.0,0.9998,0.8088
-2.25,0.65,1.0,1.0,0.8039
-2.2,0.65,1.0,1.0,0.7982
-2.15,0.65,1.0,1.0,0.7899
-2.1,0.65,1.0,1.0,0.7797
-2.05,0.65,1.0,1.0,0.7665
-2.0,0.65,1.0,1.0,0.7498
-1.95,0.65,1.0,1.0,0.7323
-1.9,0.65,1.0,1.0,0.713
-1.85,0.65,1.0,1.0,0.6921
-1.8,0.65,1.0,1.0,0.6696
-1.75,0.65,1.0,1.0,0.6458
-1.7,0.65,1.0,1.0,0.6208
-1.65,0.65,1.0,1.0,0.6042
-1.6,0.65,1.0,1.0,0.5897
-1.55,0.65,1.0,0.9999,0.5761
-1.5,0.65,1.0,0.9996,0.5617
-1.45,0.65,1.0,0.9987,0.5518
-1.4,0.65,1.0,0.9955,0.5427
-1.35,0.65,1.0,0.9861,0.5365
-1.3,0.65,0.9999,0.9573,0.5343
-1.25,0.65,0.9992,0.8935,0.5343
-1.2,0.65,0.995,0.8082,0.5343
-1.15,0.65,0.9711,0.6597,0.5343
-1.1,0.65,0.8895,0.4646,0.5343
-1.05,0.65,0.7626,0.3214,0.5343
-1.0,0.65,0.7452,0.2532,0.5343
-0.95,0.65,0.7768,0.2576,0.5343
-0.9,0.65,0.8054,0.3063,0.5343
-0.85,0.65,0.8333,0.3779,0.5343
-0.8,0.65,0.8586,0.4609,0.5343
-0.75,0.65,0.8747,0.5727,0.5394
-0.7,0.65,0.8338,0.6326,0.5468
-0.65,0.65,0.7243,0.6953,0.5571
-0.6,0.65,0.557,0.7744,0.5675
-0.55,0.65,0.4817,0.8218,0.5766
-0.5,0.65,0.4453,0.8163,0.5799
-0.45,0.65,0.4828,0.813,0.5825
-0.4,0.65,0.8571,0.8059,0.585
-0.35,0.65,0.9817,0.7858,0.5879
-0.3,0.65,0.9953,0.7641,0.5949
-0.25,0.65,0.9982,0.7408,0.5999
-0.2,0.65,0.9986,0.723,0.6032
-0.15,0.65,0.9987,0.7037,0.6065
-0.1,0.65,0.999,0.6827,0.6087
-0.05,0.65,0.9981,0.6634,0.6102
0.0,0.65,0.9956,0.6493,0.6113
0.05,0.65,0.9908,0.6383,0.6119
0.1,0.65,0.9846,0.6271,0.6124
0.15,0.65,0.9793,0.6161,0.6131
0.2,0.65,0.9735,0.6051,0.6136
0.25,0.65,0.9658,0.5946,0.6138
0.3,0.65,0.9557,0.5887,0.614
0.35,0.65,0.9653,0.5847,0.6143
0.4,0.65,0.9779,0.5807,0.6146
0.45,0.65,0.9866,0.5767,0.615
0.5,0.65,0.9918,0.5727,0.6154
0.55,0.65,0.9954,0.5687,0.6158
0.6,0.65,0.998,0.5647,0.6161
0.65,0.65,0.9994,0.5608,0.6165
0.7,0.65,0.9998,0.5568,0.6177
0.75,0.65,0.9999,0.5533,0.6216
0.8,0.65,0.9999,0.5707,0.6511
0.85,0.65,0.9998,0.6047,0.7068
0.9,0.65,0.9995,0.6515,0.7618
0.95,0.65,0.9996,0.7133,0.7859
1.0,0.65,0.9999,0.7614,0.8016
1.05,0.65,1.0,0.797,0.8172
1.1,0.65,1.0,0.8287,0.8324
1.15,0.65,1.0,0.8564,0.8404
1.2,0.65,1.0,0.8946,0.8447
1.25,0.65,1.0,0.9364,0.8488
1.3,0.65,1.0,0.9693,0.8529
1.35,0.65,1.0,0.9858,0.8596
1.4,0.65,1.0,0.9935,0.8637
1.45,0.65,1.0,0.9934,0.859
1.5,0.65,1.0,0.9881,0.8608
1.55,0.65,1.0,0.9729,0.8656
1.6,0.65,1.0,0.937,0.8664
1.65,0.65,1.0,0.9157,0.8653
1.7,0.65,1.0,0.8933,0.8664
1.75,0.65,1.0,0.8939,0.8686
1.8,0.65,1.0,0.9101,0.8711
1.85,0.65,1.0,0.9313,0.8743
1.9,0.65,1.0,0.9496,0.8784
1.95,0.65,1.0,0.9637,0.8813
2.0,0.65,1.0,0.9755,0.8877
2.05,0.65,1.0,0.9857,0.8943
2.1,0.65,1.0,0.9923,0.9015
2.15,0.65,1.0,0.9958,0.9092
2.2,0.65,1.0,0.9977,0.9173
2.25,0.65,1.0,0.9988,0.925
2.3,0.65,1.0,0.9993,0.9321
2.35,0.65,1.0,0.9996,0.9386
2.4,0.65,1.0,0.9998,0.9447
2.45,0.65,1.0,0.9999,0.9504
2.5,0.65,1.0,1.0,0.9552
2.55,0.65,1.0,1.0,0.9591
2.6,0.65,1.0,1.0,0.9628
2.65,0.65,1.0,1.0,0.9668
2.7,0.65,1.0,1.0,0.9704
2.75,0.65,1.0,1.0,0.9736
2.8,0.65,1.0,1.0,0.9766
2.85,0.65,1.0,1.0,0.9795
2.9,0.65,1.0,1.0,0.982
2.95,0.65,1.0,1.0,0.9844
3.0,0.65,1.0,1.0,0.9865
3.05,0.65,1.0,1.0,0.9883
3.1,0.65,1.0,1.0,0.9898
3.15,0.65,1.0,1.0,0.9912
3.2,0.65,1.0,1.0,0.9924
3.25,0.65,1.0,1.0,0.9934
3.3,0.65,1.0,1.0,0.9943
3.35,0.65,1.0,1.0,0.9953
3.4,0.65,1.0,1.0,0.9962
3.45,0.65,1.0,1.0,0.997
3.5,0.65,1.0,1.0,0.9976
3.55,0.65,1.0,1.0,0.9981
3.6,0.65,1.0,1.0,0.9985
3.65,0.65,1.0,1.0,0.9988
3.7,0.65,1.0,1.0,0.9991
3.75,0.65,1.0,1.0,0.9993
3.8,0.65,1.0,1.0,0.9995
3.85,0.65,1.0,1.0,0.9996
3.9,0.65,1.0,1.0,0.9997
3.95,0.65,1.0,1.0,0.9998
4.0,0.65,1.0,1.0,0.9998
-4.0,0.7,1.0,0.0,0.0002
-3.95,0.7,1.0,0.0,0.0003
-3.9,0.7,1.0,0.0,0.0005
-3.85,0.7,1.0,0.0,0.0008
-3.8,0.7,1.0,0.0,0.0013
-3.75,0.7,1.0,0.0,0.0022
-3.7,0.7,1.0,0.0,0.0035
-3.65,0.7,1.0,0.0,0.0058
-3.6,0.7,1.0,0.0,0.0095
-3.55,0.7,1.0,0.0,0.0155
-3.5,0.7,1.0,0.0,0.0253
-3.45,0.7,1.0,0.0,0.0406
-3.4,0.7,1.0,0.0,0.0642
-3.35,0.7,1.0,0.0,0.0992
-3.3,0.7,1.0,0.0,0.1502
-3.25,0.7,1.0,0.0,0.2211
-3.2,0.7,1.0,0.0,0.2942
-3.15,0.7,1.0,0.0,0.3666
-3.1,0.7,1.0,0.0,0.4307
-3.05,0.7,1.0,0.0,0.4969
-3.0,0.7,1.0,0.0,0.5632
-2.95,0.7,1.0,0.0,0.6273
-2.9,0.7,1.0,0.0,0.6874
-2.85,0.7,1.0,1e-04,0.7322
-2.8,0.7,1.0,0.0013,0.7654
-2.75,0.7,1.0,0.013,0.7906
-2.7,0.7,1.0,0.1166,0.8118
-2.65,0.7,1.0,0.5697,0.8262
-2.6,0.7,1.0,0.9215,0.8325
-2.55,0.7,1.0,0.9905,0.8368
-2.5,0.7,1.0,0.9987,0.8362
-2.45,0.7,1.0,0.9998,0.8336
-2.4,0.7,1.0,1.0,0.8293
-2.35,0.7,1.0,1.0,0.8248
-2.3,0.7,1.0,1.0,0.8196
-2.25,0.7,1.0,1.0,0.8114
-2.2,0.7,1.0,1.0,0.8025
-2.15,0.7,1.0,1.0,0.7887
-2.1,0.7,1.0,1.0,0.7731
-2.05,0.7,1.0,1.0,0.7567
-2.0,0.7,1.0,1.0,0.7393
-1.95,0.7,1.0,1.0,0.7197
-1.9,0.7,1.0,1.0,0.6981
-1.85,0.7,1.0,1.0,0.6745
-1.8,0.7,1.0,1.0,0.6501
-1.75,0.7,1.0,1.0,0.6244
-1.7,0.7,1.0,1.0,0.6059
-1.65,0.7,1.0,1.0,0.5908
-1.6,0.7,1.0,1.0,0.577
-1.55,0.7,1.0,0.9996,0.5626
-1.5,0.7,1.0,0.9986,0.5512
-1.45,0.7,1.0,0.995,0.5418
-1.4,0.7,1.0,0.9828,0.5346
-1.35,0.7,0.9999,0.9412,0.5343
-1.3,0.7,0.9994,0.8479,0.5343
-1.25,0.7,0.995,0.714,0.5343
-1.2,0.7,0.9629,0.541,0.5343
-1.15,0.7,0.8354,0.3575,0.5343
-1.1,0.7,0.6974,0.2289,0.5343
-1.05,0.7,0.6778,0.2022,0.5343
-1.0,0.7,0.7026,0.2006,0.5343
-0.95,0.7,0.7282,0.2251,0.5343
-0.9,0.7,0.7573,0.274,0.5343
-0.85,0.7,0.7658,0.3447,0.5343
-0.8,0.7,0.7524,0.4133,0.5386
-0.75,0.7,0.7157,0.5096,0.5457
-0.7,0.7,0.5745,0.5665,0.5551
-0.65,0.7,0.4059,0.6034,0.5662
-0.6,0.7,0.2855,0.7082,0.576
-0.55,0.7,0.2609,0.7037,0.5818
-0.5,0.7,0.2312,0.6913,0.5843
-0.45,0.7,0.3014,0.686,0.5869
-0.4,0.7,0.7474,0.6808,0.5894
-0.35,0.7,0.9586,0.6777,0.5919
-0.3,0.7,0.9887,0.662,0.5984
-0.25,0.7,0.9957,0.6464,0.6022
-0.2,0.7,0.9981,0.6376,0.603
-0.15,0.7,0.9993,0.6271,0.6059
-0.1,0.7,0.9998,0.6155,0.6091
-0.05,0.7,0.9998,0.6091,0.6117
0.0,0.7,0.9995,0.6038,0.6132
0.05,0.7,0.9988,0.5987,0.6147
0.1,0.7,0.9974,0.594,0.6154
0.15,0.7,0.9956,0.586,0.616
0.2,0.7,0.9932,0.5773,0.6166
0.25,0.7,0.9914,0.5686,0.6171
0.3,0.7,0.9888,0.5598,0.6176
0.35,0.7,0.9865,0.5521,0.6178
0.4,0.7,0.9847,0.5475,0.618
0.45,0.7,0.9885,0.5468,0.6183
0.5,0.7,0.9915,0.5465,0.6186
0.55,0.7,0.9951,0.5461,0.619
0.6,0.7,0.9978,0.5458,0.6194
0.65,0.7,0.9993,0.5458,0.6197
0.7,0.7,0.9997,0.547,0.6201
0.75,0.7,0.9997,0.5473,0.6206
0.8,0.7,0.9984,0.5476,0.6253
0.85,0.7,0.9922,0.5696,0.6518
0.9,0.7,0.9946,0.603,0.7016
0.95,0.7,0.9978,0.653,0.7573
1.0,0.7,0.9996,0.7104,0.7903
1.05,0.7,1.0,0.759,0.8138
1.1,0.7,1.0,0.7924,0.8347
1.15,0.7,1.0,0.8507,0.8519
1.2,0.7,1.0,0.916,0.8629
1.25,0.7,1.0,0.9562,0.8696
1.3,0.7,1.0,0.9795,0.8778
1.35,0.7,1.0,0.9904,0.8888
1.4,0.7,1.0,0.9958,0.8998
1.45,0.7,1.0,0.997,0.9058
1.5,0.7,1.0,0.9957,0.9108
1.55,0.7,1.0,0.9961,0.9159
1.6,0.7,1.0,0.9946,0.9205
1.65,0.7,1.0,0.9929,0.9217
1.7,0.7,1.0,0.9917,0.923
1.75,0.7,1.0,0.991,0.9243
1.8,0.7,1.0,0.9899,0.9256
1.85,0.7,1.0,0.9911,0.928
1.9,0.7,1.0,0.9928,0.9321
1.95,0.7,1.0,0.995,0.935
2.0,0.7,1.0,0.9972,0.9379
2.05,0.7,1.0,0.9985,0.9409
2.1,0.7,1.0,0.9992,0.9452
2.15,0.7,1.0,0.9996,0.9495
2.2,0.7,1.0,0.9998,0.954
2.25,0.7,1.0,0.9999,0.9582
2.3,0.7,1.0,0.9999,0.9621
2.35,0.7,1.0,1.0,0.9659
2.4,0.7,1.0,1.0,0.9701
2.45,0.7,1.0,1.0,0.9738
2.5,0.7,1.0,1.0,0.9772
2.55,0.7,1.0,1.0,0.98
2.6,0.7,1.0,1.0,0.9823
2.65,0.7,1.0,1.0,0.9844
2.7,0.7,1.0,1.0,0.9862
2.75,0.7,1.0,1.0,0.9879
2.8,0.7,1.0,1.0,0.9893
2.85,0.7,1.0,1.0,0.9906
2.9,0.7,1.0,1.0,0.9916
2.95,0.7,1.0,1.0,0.9926
3.0,0.7,1.0,1.0,0.9934
3.05,0.7,1.0,1.0,0.9943
3.1,0.7,1.0,1.0,0.9951
3.15,0.7,1.0,1.0,0.9959
3.2,0.7,1.0,1.0,0.9966
3.25,0.7,1.0,1.0,0.9971
3.3,0.7,1.0,1.0,0.9976
3.35,0.7,1.0,1.0,0.998
3.4,0.7,1.0,1.0,0.9984
3.45,0.7,1.0,1.0,0.9987
3.5,0.7,1.0,1.0,0.9989
3.55,0.7,1.0,1.0,0.9991
3.6,0.7,1.0,1.0,0.9993
3.65,0.7,1.0,1.0,0.9995
3.7,0.7,1.0,1.0,0.9996
3.75,0.7,1.0,1.0,0.9997
3.8,0.7,1.0,1.0,0.9997
3.85,0.7,1.0,1.0,0.9998
3.9,0.7,1.0,1.0,0.9999
3.95,0.7,1.0,1.0,0.9999
4.0,0.7,1.0,1.0,0.9999
-4.0,0.75,1.0,0.0,0.0009
-3.95,0.75,1.0,0.0,0.0015
-3.9,0.75,1.0,0.0,0.0024
-3.85,0.75,1.0,0.0,0.004
-3.8,0.75,1.0,0.0,0.0066
-3.75,0.75,1.0,0.0,0.0108
-3.7,0.75,1.0,0.0,0.0175
-3.65,0.75,1.0,0.0,0.0282
-3.6,0.75,1.0,0.0,0.0446
-3.55,0.75,1.0,0.0,0.0696
-3.5,0.75,1.0,0.0,0.107
-3.45,0.75,1.0,0.0,0.161
-3.4,0.75,1.0,0.0,0.2351
-3.35,0.75,1.0,0.0,0.3182
-3.3,0.75,1.0,0.0,0.3899
-3.25,0.75,1.0,0.0,0.4568
-3.2,0.75,1.0,0.0,0.5242
-3.15,0.75,1.0,0.0,0.5899
-3.1,0.75,1.0,0.0,0.6525
-3.05,0.75,1.0,0.0,0.7078
-3.0,0.75,1.0,1e-04,0.7481
-2.95,0.75,1.0,0.0006,0.7798
-2.9,0.75,1.0,0.0059,0.8053
-2.85,0.75,1.0,0.0566,0.8242
-2.8,0.75,1.0,0.3755,0.8407
-2.75,0.75,1.0,0.8577,0.8471
-2.7,0.75,1.0,0.9819,0.8528
-2.65,0.75,1.0,0.9979,0.8557
-2.6,0.75,1.0,0.9997,0.8549
-2.55,0.75,1.0,1.0,0.8519
-2.5,0.75,1.0,1.0,0.8479
-2.45,0.75,1.0,1.0,0.8439
-2.4,0.75,1.0,1.0,0.8392
-2.35,0.75,1.0,1.0,0.8312
-2.3,0.75,1.0,1.0,0.824
-2.25,0.75,1.0,1.0,0.8107
-2.2,0.75,1.0,1.0,0.7949
-2.15,0.75,1.0,1.0,0.7795
-2.1,0.75,1.0,1.0,0.7634
-2.05,0.75,1.0,1.0,0.7456
-2.0,0.75,1.0,1.0,0.7249
-1.95,0.75,1.0,1.0,0.7026
-1.9,0.75,1.0,1.0,0.6788
-1.85,0.75,1.0,1.0,0.6541
-1.8,0.75,1.0,1.0,0.6279
-1.75,0.75,1.0,1.0,0.6077
-1.7,0.75,1.0,1.0,0.5921
-1.65,0.75,1.0,1.0,0.5777
-1.6,0.75,1.0,0.9997,0.5633
-1.55,0.75,1.0,0.9981,0.5503
-1.5,0.75,1.0,0.992,0.5408
-1.45,0.75,1.0,0.9709,0.5343
-1.4,0.75,0.9999,0.9013,0.5343
-1.35,0.75,0.9989,0.7566,0.5343
-1.3,0.75,0.9905,0.5713,0.5343
-1.25,0.75,0.9306,0.3816,0.5343
-1.2,0.75,0.7274,0.2144,0.5343
-1.15,0.75,0.6108,0.1309,0.5343
-1.1,0.75,0.6037,0.1319,0.5343
-1.05,0.75,0.631,0.1515,0.5343
-1.0,0.75,0.6581,0.1781,0.5343
-0.95,0.75,0.6456,0.2093,0.5343
-0.9,0.75,0.6378,0.2433,0.5343
-0.85,0.75,0.6254,0.2949,0.5391
-0.8,0.75,0.5712,0.3513,0.5462
-0.75,0.75,0.472,0.3982,0.555
-0.7,0.75,0.3207,0.4571,0.5658
-0.65,0.75,0.2222,0.5055,0.5764
-0.6,0.75,0.1723,0.5942,0.5848
-0.55,0.75,0.1388,0.5659,0.587
-0.5,0.75,0.1165,0.548,0.5893
-0.45,0.75,0.1849,0.5481,0.5916
-0.4,0.75,0.6316,0.5591,0.5939
-0.35,0.75,0.9336,0.5746,0.5963
-0.3,0.75,0.9861,0.5883,0.6007
-0.25,0.75,0.9966,0.5923,0.6041
-0.2,0.75,0.9987,0.5914,0.6045
-0.15,0.75,0.9995,0.591,0.6053
-0.1,0.75,0.9998,0.588,0.6085
-0.05,0.75,0.9998,0.5826,0.6118
0.0,0.75,0.9999,0.5779,0.6147
0.05,0.75,0.9998,0.5734,0.6162
0.1,0.75,0.9998,0.5714,0.6177
0.15,0.75,0.9997,0.5662,0.619
0.2,0.75,0.9994,0.5601,0.6195
0.25,0.75,0.9988,0.555,0.6201
0.3,0.75,0.9977,0.5499,0.6207
0.35,0.75,0.9972,0.5447,0.6213
0.4,0.75,0.9968,0.5406,0.6216
0.45,0.75,0.9964,0.537,0.6218
0.5,0.75,0.9964,0.5366,0.622
0.55,0.75,0.998,0.5363,0.6222
0.6,0.75,0.999,0.5376,0.6226
0.65,0.75,0.9996,0.5389,0.623
0.7,0.75,0.9997,0.5401,0.6234
0.75,0.75,0.9976,0.5414,0.6237
0.8,0.75,0.9786,0.5419,0.6241
0.85,0.75,0.9707,0.5422,0.6294
0.9,0.75,0.9772,0.5679,0.6566
0.95,0.75,0.9878,0.6012,0.7045
1.0,0.75,0.9982,0.6546,0.7575
1.05,0.75,0.9998,0.716,0.7936
1.1,0.75,1.0,0.8146,0.8207
1.15,0.75,1.0,0.8947,0.8497
1.2,0.75,1.0,0.9437,0.8773
1.25,0.75,1.0,0.9709,0.8998
1.3,0.75,1.0,0.9867,0.9135
1.35,0.75,1.0,0.9942,0.9259
1.4,0.75,1.0,0.9977,0.9373
1.45,0.75,1.0,0.9991,0.9447
1.5,0.75,1.0,0.9995,0.9483
1.55,0.75,1.0,0.9996,0.9518
1.6,0.75,1.0,0.9996,0.9558
1.65,0.75,1.0,0.9995,0.9585
1.7,0.75,1.0,0.9994,0.9603
1.75,0.75,1.0,0.9993,0.9622
1.8,0.75,1.0,0.9993,0.9645
1.85,0.75,1.0,0.9994,0.9667
1.9,0.75,1.0,0.9995,0.9686
1.95,0.75,1.0,0.9997,0.9697
2.0,0.75,1.0,0.9998,0.9711
2.05,0.75,1.0,0.9999,0.9729
2.1,0.75,1.0,0.9999,0.9747
2.15,0.75,1.0,1.0,0.9769
2.2,0.75,1.0,1.0,0.9792
2.25,0.75,1.0,1.0,0.9814
2.3,0.75,1.0,1.0,0.9835
2.35,0.75,1.0,1.0,0.9855
2.4,0.75,1.0,1.0,0.9872
2.45,0.75,1.0,1.0,0.9888
2.5,0.75,1.0,1.0,0.9903
2.55,0.75,1.0,1.0,0.9916
2.6,0.75,1.0,1.0,0.9926
2.65,0.75,1.0,1.0,0.9935
2.7,0.75,1.0,1.0,0.9943
2.75,0.75,1.0,1.0,0.995
2.8,0.75,1.0,1.0,0.9956
2.85,0.75,1.0,1.0,0.9962
2.9,0.75,1.0,1.0,0.9967
2.95,0.75,1.0,1.0,0.9971
3.0,0.75,1.0,1.0,0.9976
3.05,0.75,1.0,1.0,0.9979
3.1,0.75,1.0,1.0,0.9982
3.15,0.75,1.0,1.0,0.9985
3.2,0.75,1.0,1.0,0.9987
3.25,0.75,1.0,1.0,0.9989
3.3,0.75,1.0,1.0,0.9991
3.35,0.75,1.0,1.0,0.9993
3.4,0.75,1.0,1.0,0.9994
3.45,0.75,1.0,1.0,0.9995
3.5,0.75,1.0,1.0,0.9996
3.55,0.75,1.0,1.0,0.9997
3.6,0.75,1.0,1.0,0.9997
3.65,0.75,1.0,1.0,0.9998
3.7,0.75,1.0,1.0,0.9998
3.75,0.75,1.0,1.0,0.9999
3.8,0.75,1.0,1.0,0.9999
3.85,0.75,1.0,1.0,0.9999
3.9,0.75,1.0,1.0,0.9999
3.95,0.75,1.0,1.0,1.0
4.0,0.75,1.0,1.0,1.0
-4.0,0.8,1.0,0.0,0.0045
-3.95,0.8,1.0,0.0,0.0074
-3.9,0.8,1.0,0.0,0.012
-3.85,0.8,1.0,0.0,0.0194
-3.8,0.8,1.0,0.0,0.0308
-3.75,0.8,1.0,0.0,0.0484
-3.7,0.8,1.0,0.0,0.0753
-3.65,0.8,1.0,0.0,0.1155
-3.6,0.8,1.0,0.0,0.1729
-3.55,0.8,1.0,0.0,0.2438
-3.5,0.8,1.0,0.0,0.3262
-3.45,0.8,1.0,0.0,0.4128
-3.4,0.8,1.0,0.0,0.4805
-3.35,0.8,1.0,0.0,0.5485
-3.3,0.8,1.0,0.0,0.615
-3.25,0.8,1.0,0.0,0.6768
-3.2,0.8,1.0,0.0,0.7268
-3.15,0.8,1.0,0.0,0.7636
-3.1,0.8,1.0,0.0003,0.7938
-3.05,0.8,1.0,0.0027,0.8205
-3.0,0.8,1.0,0.0265,0.8381
-2.95,0.8,1.0,0.2144,0.8542
-2.9,0.8,1.0,0.7324,0.8606
-2.85,0.8,1.0,0.9649,0.8657
-2.8,0.8,1.0,0.996,0.8709
-2.75,0.8,1.0,0.9996,0.8726
-2.7,0.8,1.0,0.9999,0.8719
-2.65,0.8,1.0,1.0,0.8684
-2.6,0.8,1.0,1.0,0.8649
-2.55,0.8,1.0,1.0,0.8612
-2.5,0.8,1.0,1.0,0.857
-2.45,0.8,1.0,1.0,0.8501
-2.4,0.8,1.0,1.0,0.843
-2.35,0.8,1.0,1.0,0.8308
-2.3,0.8,1.0,1.0,0.8167
-2.25,0.8,1.0,1.0,0.801
-2.2,0.8,1.0,1.0,0.7856
-2.15,0.8,1.0,1.0,0.769
-2.1,0.8,1.0,1.0,0.7501
-2.05,0.8,1.0,1.0,0.7292
-2.0,0.8,1.0,1.0,0.7067
-1.95,0.8,1.0,1.0,0.683
-1.9,0.8,1.0,1.0,0.6577
-1.85,0.8,1.0,1.0,0.6312
-1.8,0.8,1.0,1.0,0.6089
-1.75,0.8,1.0,1.0,0.593
-1.7,0.8,1.0,1.0,0.578
-1.65,0.8,1.0,0.9996,0.5638
-1.6,0.8,1.0,0.9965,0.5495
-1.55,0.8,1.0,0.9851,0.5397
-1.5,0.8,1.0,0.9454,0.5343
-1.45,0.8,0.9998,0.8258,0.5343
-1.4,0.8,0.9978,0.6012,0.5343
-1.35,0.8,0.9816,0.3593,0.5343
-1.3,0.8,0.8788,0.1876,0.5343
-1.25,0.8,0.5838,0.1048,0.5343
-1.2,0.8,0.5085,0.0828,0.5343
-1.15,0.8,0.5153,0.089,0.5343
-1.1,0.8,0.5277,0.1044,0.5343
-1.05,0.8,0.5082,0.1253,0.5343
-1.0,0.8,0.495,0.1557,0.5343
-0.95,0.8,0.4867,0.1886,0.5343
-0.9,0.8,0.4666,0.2216,0.5396
-0.85,0.8,0.4076,0.2529,0.5467
-0.8,0.8,0.3572,0.2973,0.5549
-0.75,0.8,0.2423,0.3344,0.5657
-0.7,0.8,0.1718,0.3642,0.5765
-0.65,0.8,0.1328,0.4281,0.5865
-0.6,0.8,0.1021,0.4709,0.5908
-0.55,0.8,0.0732,0.4621,0.5931
-0.5,0.8,0.0593,0.4567,0.5953
-0.45,0.8,0.1178,0.4597,0.5976
-0.4,0.8,0.5677,0.4822,0.5999
-0.35,0.8,0.9343,0.5074,0.6022
-0.3,0.8,0.9914,0.5325,0.6056
-0.25,0.8,0.9976,0.5572,0.6071
-0.2,0.8,0.9992,0.5702,0.6072
-0.15,0.8,0.9997,0.5741,0.6073
-0.1,0.8,0.9998,0.5781,0.6085
-0.05,0.8,0.9999,0.5771,0.6113
0.0,0.8,0.9999,0.5741,0.6144
0.05,0.8,0.9999,0.5719,0.6176
0.1,0.8,0.9999,0.5697,0.6192
0.15,0.8,0.9999,0.5645,0.6207
0.2,0.8,0.9999,0.5582,0.6222
0.25,0.8,0.9999,0.5528,0.6231
0.3,0.8,0.9998,0.5477,0.6237
0.35,0.8,0.9998,0.5425,0.6243
0.4,0.8,0.9996,0.5374,0.6248
0.45,0.8,0.9994,0.5331,0.6254
0.5,0.8,0.9993,0.531,0.6256
0.55,0.8,0.9994,0.5294,0.6257
0.6,0.8,0.9996,0.5307,0.6259
0.65,0.8,0.9998,0.5319,0.6262
0.7,0.8,0.999,0.5337,0.6266
0.75,0.8,0.9933,0.536,0.6269
0.8,0.8,0.9761,0.5384,0.6276
0.85,0.8,0.9655,0.5401,0.6285
0.9,0.8,0.9617,0.5415,0.6402
0.95,0.8,0.974,0.5716,0.6719
1.0,0.8,0.9933,0.6315,0.7186
1.05,0.8,0.9992,0.7559,0.7746
1.1,0.8,0.9999,0.8607,0.8204
1.15,0.8,1.0,0.9288,0.8579
1.2,0.8,1.0,0.963,0.8913
1.25,0.8,1.0,0.9819,0.919
1.3,0.8,1.0,0.9927,0.9406
1.35,0.8,1.0,0.998,0.9534
1.4,0.8,1.0,0.9996,0.9634
1.45,0.8,1.0,0.9998,0.9705
1.5,0.8,1.0,0.9999,0.9737
1.55,0.8,1.0,1.0,0.9762
1.6,0.8,1.0,1.0,0.9786
1.65,0.8,1.0,1.0,0.9808
1.7,0.8,1.0,1.0,0.9822
1.75,0.8,1.0,1.0,0.9835
1.8,0.8,1.0,1.0,0.9846
1.85,0.8,1.0,1.0,0.9858
1.9,0.8,1.0,1.0,0.9871
1.95,0.8,1.0,1.0,0.9882
2.0,0.8,1.0,1.0,0.9893
2.05,0.8,1.0,1.0,0.9902
2.1,0.8,1.0,1.0,0.9911
2.15,0.8,1.0,1.0,0.9919
2.2,0.8,1.0,1.0,0.9928
2.25,0.8,1.0,1.0,0.9936
2.3,0.8,1.0,1.0,0.9942
2.35,0.8,1.0,1.0,0.9949
2.4,0.8,1.0,1.0,0.9954
2.45,0.8,1.0,1.0,0.996
2.5,0.8,1.0,1.0,0.9964
2.55,0.8,1.0,1.0,0.9969
2.6,0.8,1.0,1.0,0.9972
2.65,0.8,1.0,1.0,0.9976
2.7,0.8,1.0,1.0,0.9978
2.75,0.8,1.0,1.0,0.9981
2.8,0.8,1.0,1.0,0.9984
2.85,0.8,1.0,1.0,0.9986
2.9,0.8,1.0,1.0,0.9988
2.95,0.8,1.0,1.0,0.999
3.0,0.8,1.0,1.0,0.9992
3.05,0.8,1.0,1.0,0.9993
3.1,0.8,1.0,1.0,0.9994
3.15,0.8,1.0,1.0,0.9995
3.2,0.8,1.0,1.0,0.9996
3.25,0.8,1.0,1.0,0.9996
3.3,0.8,1.0,1.0,0.9997
3.35,0.8,1.0,1.0,0.9998
3.4,0.8,1.0,1.0,0.9998
3.45,0.8,1.0,1.0,0.9998
3.5,0.8,1.0,1.0,0.9999
3.55,0.8,1.0,1.0,0.9999
3.6,0.8,1.0,1.0,0.9999
3.65,0.8,1.0,1.0,0.9999
3.7,0.8,1.0,1.0,0.9999
3.75,0.8,1.0,1.0,1.0
3.8,0.8,1.0,1.0,1.0
3.85,0.8,1.0,1.0,1.0
3.9,0.8,1.0,1.0,1.0
3.95,0.8,1.0,1.0,1.0
4.0,0.8,1.0,1.0,1.0
-4.0,0.85,1.0,0.0,0.0212
-3.95,0.85,1.0,0.0,0.0335
-3.9,0.85,1.0,0.0,0.0525
-3.85,0.85,1.0,0.0,0.0816
-3.8,0.85,1.0,0.0,0.1245
-3.75,0.85,1.0,0.0,0.1803
-3.7,0.85,1.0,0.0,0.2482
-3.65,0.85,1.0,0.0,0.3314
-3.6,0.85,1.0,0.0,0.4266
-3.55,0.85,1.0,0.0,0.5051
-3.5,0.85,1.0,0.0,0.5728
-3.45,0.85,1.0,0.0,0.6378
-3.4,0.85,1.0,0.0,0.6963
-3.35,0.85,1.0,0.0,0.7445
-3.3,0.85,1.0,0.0,0.7785
-3.25,0.85,1.0,1e-04,0.8073
-3.2,0.85,1.0,0.0012,0.8332
-3.15,0.85,1.0,0.0122,0.8514
-3.1,0.85,1.0,0.1103,0.8664
-3.05,0.85,1.0,0.5542,0.8734
-3.0,0.85,1.0,0.9257,0.8791
-2.95,0.85,1.0,0.9921,0.883
-2.9,0.85,1.0,0.9991,0.887
-2.85,0.85,1.0,0.9999,0.8882
-2.8,0.85,1.0,1.0,0.8868
-2.75,0.85,1.0,1.0,0.8835
-2.7,0.85,1.0,1.0,0.8802
-2.65,0.85,1.0,1.0,0.877
-2.6,0.85,1.0,1.0,0.8729
-2.55,0.85,1.0,1.0,0.868
-2.5,0.85,1.0,1.0,0.8602
-2.45,0.85,1.0,1.0,0.8491
-2.4,0.85,1.0,1.0,0.8366
-2.35,0.85,1.0,1.0,0.8222
-2.3,0.85,1.0,1.0,0.8069
-2.25,0.85,1.0,1.0,0.7908
-2.2,0.85,1.0,1.0,0.7734
-2.15,0.85,1.0,1.0,0.7541
-2.1,0.85,1.0,1.0,0.7328
-2.05,0.85,1.0,1.0,0.7104
-2.0,0.85,1.0,1.0,0.687
-1.95,0.85,1.0,1.0,0.6609
-1.9,0.85,1.0,1.0,0.6344
-1.85,0.85,1.0,1.0,0.6112
-1.8,0.85,1.0,1.0,0.5939
-1.75,0.85,1.0,1.0,0.5787
-1.7,0.85,1.0,0.9995,0.5643
-1.65,0.85,1.0,0.994,0.5496
-1.6,0.85,1.0,0.9702,0.5387
-1.55,0.85,0.9999,0.8813,0.5343
-1.5,0.85,0.9995,0.6336,0.5343
-1.45,0.85,0.9957,0.3265,0.5343
-1.4,0.85,0.9644,0.1443,0.5343
-1.35,0.85,0.793,0.0838,0.5343
-1.3,0.85,0.4267,0.0634,0.5343
-1.25,0.85,0.4053,0.0569,0.5343
-1.2,0.85,0.37,0.06,0.5343
-1.15,0.85,0.3702,0.0707,0.5343
-1.1,0.85,0.3567,0.0837,0.5343
-1.05,0.85,0.3452,0.1052,0.5343
-1.0,0.85,0.341,0.1315,0.5343
-0.95,0.85,0.3146,0.1631,0.5401
-0.9,0.85,0.2746,0.1978,0.5472
-0.85,0.85,0.2387,0.2291,0.5548
-0.8,0.85,0.1808,0.2668,0.5656
-0.75,0.85,0.1352,0.3128,0.5764
-0.7,0.85,0.1038,0.3581,0.5871
-0.65,0.85,0.0792,0.4284,0.5945
-0.6,0.85,0.06,0.4184,0.5968
-0.55,0.85,0.0415,0.4209,0.599
-0.5,0.85,0.0309,0.4254,0.6013
-0.45,0.85,0.0937,0.4347,0.6036
-0.4,0.85,0.6669,0.4446,0.6058
-0.35,0.85,0.9594,0.4694,0.6087
-0.3,0.85,0.9943,0.497,0.6115
-0.25,0.85,0.9982,0.5241,0.6118
-0.2,0.85,0.9994,0.5508,0.6111
-0.15,0.85,0.9998,0.5671,0.6112
-0.1,0.85,0.9999,0.5757,0.6113
-0.05,0.85,0.9999,0.5809,0.6137
0.0,0.85,0.9999,0.5795,0.6164
0.05,0.85,1.0,0.5773,0.6192
0.1,0.85,1.0,0.5751,0.622
0.15,0.85,1.0,0.5702,0.6235
0.2,0.85,0.9999,0.5639,0.6245
0.25,0.85,0.9999,0.5577,0.6256
0.3,0.85,0.9999,0.5514,0.6266
0.35,0.85,0.9999,0.546,0.6272
0.4,0.85,0.9999,0.5421,0.6278
0.45,0.85,0.9999,0.5385,0.6284
0.5,0.85,0.9999,0.5355,0.6289
0.55,0.85,0.9999,0.5334,0.6295
0.6,0.85,0.9998,0.5324,0.6296
0.65,0.85,0.9992,0.5324,0.6297
0.7,0.85,0.9983,0.5347,0.6303
0.75,0.85,0.9946,0.537,0.6311
0.8,0.85,0.9899,0.5394,0.632
0.85,0.85,0.9817,0.5417,0.6336
0.9,0.85,0.9767,0.5436,0.6441
0.95,0.85,0.9871,0.6075,0.6738
1.0,0.85,0.9966,0.7153,0.7216
1.05,0.85,0.9993,0.8036,0.7756
1.1,0.85,0.9999,0.8925,0.8387
1.15,0.85,1.0,0.9512,0.8834
1.2,0.85,1.0,0.9797,0.9169
1.25,0.85,1.0,0.9931,0.9416
1.3,0.85,1.0,0.9984,0.9595
1.35,0.85,1.0,0.9997,0.972
1.4,0.85,1.0,0.9999,0.9791
1.45,0.85,1.0,1.0,0.9841
1.5,0.85,1.0,1.0,0.9872
1.55,0.85,1.0,1.0,0.989
1.6,0.85,1.0,1.0,0.9906
1.65,0.85,1.0,1.0,0.992
1.7,0.85,1.0,1.0,0.993
1.75,0.85,1.0,1.0,0.9938
1.8,0.85,1.0,1.0,0.9945
1.85,0.85,1.0,1.0,0.9952
1.9,0.85,1.0,1.0,0.9957
1.95,0.85,1.0,1.0,0.9961
2.0,0.85,1.0,1.0,0.9964
2.05,0.85,1.0,1.0,0.9968
2.1,0.85,1.0,1.0,0.9971
2.15,0.85,1.0,1.0,0.9974
2.2,0.85,1.0,1.0,0.9977
2.25,0.85,1.0,1.0,0.9979
2.3,0.85,1.0,1.0,0.9982
2.35,0.85,1.0,1.0,0.9984
2.4,0.85,1.0,1.0,0.9985
2.45,0.85,1.0,1.0,0.9987
2.5,0.85,1.0,1.0,0.9989
2.55,0.85,1.0,1.0,0.999
2.6,0.85,1.0,1.0,0.9992
2.65,0.85,1.0,1.0,0.9993
2.7,0.85,1.0,1.0,0.9994
2.75,0.85,1.0,1.0,0.9995
2.8,0.85,1.0,1.0,0.9995
2.85,0.85,1.0,1.0,0.9996
2.9,0.85,1.0,1.0,0.9996
2.95,0.85,1.0,1.0,0.9997
3.0,0.85,1.0,1.0,0.9997
3.05,0.85,1.0,1.0,0.9998
3.1,0.85,1.0,1.0,0.9998
3.15,0.85,1.0,1.0,0.9998
3.2,0.85,1.0,1.0,0.9999
3.25,0.85,1.0,1.0,0.9999
3.3,0.85,1.0,1.0,0.9999
3.35,0.85,1.0,1.0,0.9999
3.4,0.85,1.0,1.0,0.9999
3.45,0.85,1.0,1.0,0.9999
3.5,0.85,1.0,1.0,1.0
3.55,0.85,1.0,1.0,1.0
3.6,0.85,1.0,1.0,1.0
3.65,0.85,1.0,1.0,1.0
3.7,0.85,1.0,1.0,1.0
3.75,0.85,1.0,1.0,1.0
3.8,0.85,1.0,1.0,1.0
3.85,0.85,1.0,1.0,1.0
3.9,0.85,1.0,1.0,1.0
3.95,0.85,1.0,1.0,1.0
4.0,0.85,1.0,1.0,1.0
-4.0,0.9,1.0,0.0,0.0882
-3.95,0.9,1.0,0.0,0.1305
-3.9,0.9,1.0,0.0,0.1838
-3.85,0.9,1.0,0.0,0.2527
-3.8,0.9,1.0,0.0,0.3367
-3.75,0.9,1.0,0.0,0.4324
-3.7,0.9,1.0,0.0,0.5245
-3.65,0.9,1.0,0.0,0.5967
-3.6,0.9,1.0,0.0,0.6603
-3.55,0.9,1.0,0.0,0.7136
-3.5,0.9,1.0,0.0,0.76
-3.45,0.9,1.0,0.0,0.792
-3.4,0.9,1.0,1e-04,0.82
-3.35,0.9,1.0,0.0006,0.8448
-3.3,0.9,1.0,0.0057,0.8639
-3.25,0.9,1.0,0.054,0.8778
-3.2,0.9,1.0,0.3614,0.8853
-3.15,0.9,1.0,0.8498,0.8905
-3.1,0.9,1.0,0.9827,0.8954
-3.05,0.9,1.0,0.9982,0.8988
-3.0,0.9,1.0,0.9998,0.9021
-2.95,0.9,1.0,1.0,0.9022
-2.9,0.9,1.0,1.0,0.9005
-2.85,0.9,1.0,1.0,0.8977
-2.8,0.9,1.0,1.0,0.8948
-2.75,0.9,1.0,1.0,0.8918
-2.7,0.9,1.0,1.0,0.8883
-2.65,0.9,1.0,1.0,0.8841
-2.6,0.9,1.0,1.0,0.8757
-2.55,0.9,1.0,1.0,0.8658
-2.5,0.9,1.0,1.0,0.8548
-2.45,0.9,1.0,1.0,0.8418
-2.4,0.9,1.0,1.0,0.8277
-2.35,0.9,1.0,1.0,0.8118
-2.3,0.9,1.0,1.0,0.7947
-2.25,0.9,1.0,1.0,0.7771
-2.2,0.9,1.0,1.0,0.7574
-2.15,0.9,1.0,1.0,0.7363
-2.1,0.9,1.0,1.0,0.7141
-2.05,0.9,1.0,1.0,0.6907
-2.0,0.9,1.0,1.0,0.6643
-1.95,0.9,1.0,1.0,0.6375
-1.9,0.9,1.0,1.0,0.6142
-1.85,0.9,1.0,1.0,0.5949
-1.8,0.9,1.0,0.9999,0.5796
-1.75,0.9,1.0,0.9992,0.5647
-1.7,0.9,1.0,0.9868,0.5501
-1.65,0.9,1.0,0.9119,0.5377
-1.6,0.9,0.9999,0.6892,0.5343
-1.55,0.9,0.999,0.3356,0.5343
-1.5,0.9,0.9916,0.129,0.5343
-1.45,0.9,0.932,0.0665,0.5343
-1.4,0.9,0.6682,0.0486,0.5343
-1.35,0.9,0.3122,0.0434,0.5343
-1.3,0.9,0.2488,0.0396,0.5343
-1.25,0.9,0.2239,0.04,0.5343
-1.2,0.9,0.2354,0.0473,0.5343
-1.15,0.9,0.243,0.0563,0.5343
-1.1,0.9,0.2391,0.0713,0.5343
-1.05,0.9,0.2358,0.0911,0.5343
-1.0,0.9,0.2059,0.1156,0.5399
-0.95,0.9,0.1788,0.1456,0.5477
-0.9,0.9,0.1527,0.1788,0.5548
-0.85,0.9,0.1299,0.2175,0.5655
-0.8,0.9,0.0835,0.2763,0.5763
-0.75,0.9,0.0821,0.3399,0.587
-0.7,0.9,0.0639,0.4116,0.5972
-0.65,0.9,0.0496,0.4594,0.6005
-0.6,0.9,0.0384,0.4158,0.6027
-0.55,0.9,0.0251,0.4059,0.605
-0.5,0.9,0.0205,0.4104,0.6073
-0.45,0.9,0.1377,0.4175,0.6095
-0.4,0.9,0.8268,0.4264,0.6118
-0.35,0.9,0.9754,0.4359,0.6155
-0.3,0.9,0.9959,0.4606,0.6174
-0.25,0.9,0.9987,0.4888,0.6171
-0.2,0.9,0.9996,0.5186,0.6163
-0.15,0.9,0.9999,0.5504,0.6155
-0.1,0.9,0.9999,0.5697,0.6152
-0.05,0.9,0.9999,0.5806,0.6161
0.0,0.9,0.9999,0.5862,0.6188
0.05,0.9,1.0,0.585,0.6216
0.1,0.9,1.0,0.5839,0.6243
0.15,0.9,1.0,0.5803,0.6271
0.2,0.9,1.0,0.5751,0.629
0.25,0.9,1.0,0.57,0.63
0.3,0.9,1.0,0.5659,0.6311
0.35,0.9,1.0,0.5623,0.6322
0.4,0.9,1.0,0.5586,0.6327
0.45,0.9,1.0,0.555,0.6328
0.5,0.9,1.0,0.5513,0.6329
0.55,0.9,0.9999,0.5484,0.6332
0.6,0.9,0.9998,0.5463,0.634
0.65,0.9,0.9997,0.5442,0.6355
0.7,0.9,0.9995,0.5421,0.637
0.75,0.9,0.9989,0.5413,0.6385
0.8,0.9,0.9978,0.5425,0.6415
0.85,0.9,0.9962,0.5658,0.6518
0.9,0.9,0.9947,0.6409,0.6783
0.95,0.9,0.9959,0.7195,0.7165
1.0,0.9,0.9985,0.7869,0.7553
1.05,0.9,0.9997,0.8593,0.8095
1.1,0.9,0.9999,0.9289,0.8689
1.15,0.9,1.0,0.9781,0.9182
1.2,0.9,1.0,0.9947,0.9445
1.25,0.9,1.0,0.9989,0.9623
1.3,0.9,1.0,0.9998,0.974
1.35,0.9,1.0,1.0,0.9821
1.4,0.9,1.0,1.0,0.9878
1.45,0.9,1.0,1.0,0.9915
1.5,0.9,1.0,1.0,0.9938
1.55,0.9,1.0,1.0,0.9951
1.6,0.9,1.0,1.0,0.9961
1.65,0.9,1.0,1.0,0.9969
1.7,0.9,1.0,1.0,0.9975
1.75,0.9,1.0,1.0,0.9979
1.8,0.9,1.0,1.0,0.9982
1.85,0.9,1.0,1.0,0.9984
1.9,0.9,1.0,1.0,0.9986
1.95,0.9,1.0,1.0,0.9988
2.0,0.9,1.0,1.0,0.9989
2.05,0.9,1.0,1.0,0.999
2.1,0.9,1.0,1.0,0.9991
2.15,0.9,1.0,1.0,0.9992
2.2,0.9,1.0,1.0,0.9993
2.25,0.9,1.0,1.0,0.9994
2.3,0.9,1.0,1.0,0.9994
2.35,0.9,1.0,1.0,0.9995
2.4,0.9,1.0,1.0,0.9996
2.45,0.9,1.0,1.0,0.9996
2.5,0.9,1.0,1.0,0.9997
2.55,0.9,1.0,1.0,0.9997
2.6,0.9,1.0,1.0,0.9998
2.65,0.9,1.0,1.0,0.9998
2.7,0.9,1.0,1.0,0.9998
2.75,0.9,1.0,1.0,0.9999
2.8,0.9,1.0,1.0,0.9999
2.85,0.9,1.0,1.0,0.9999
2.9,0.9,1.0,1.0,0.9999
2.95,0.9,1.0,1.0,0.9999
3.0,0.9,1.0,1.0,0.9999
3.05,0.9,1.0,1.0,0.9999
3.1,0.9,1.0,1.0,0.9999
3.15,0.9,1.0,1.0,0.9999
3.2,0.9,1.0,1.0,1.0
3.25,0.9,1.0,1.0,1.0
3.3,0.9,1.0,1.0,1.0
3.35,0.9,1.0,1.0,1.0
3.4,0.9,1.0,1.0,1.0
3.45,0.9,1.0,1.0,1.0
3.5,0.9,1.0,1.0,1.0
3.55,0.9,1.0,1.0,1.0
3.6,0.9,1.0,1.0,1.0
3.65,0.9,1.0,1.0,1.0
3.7,0.9,1.0,1.0,1.0
3.75,0.9,1.0,1.0,1.0
3.8,0.9,1.0,1.0,1.0
3.85,0.9,1.0,1.0,1.0
3.9,0.9,1.0,1.0,1.0
3.95,0.9,1.0,1.0,1.0
4.0,0.9,1.0,1.0,1.0
-4.0,0.95,1.0,0.0,0.2572
-3.95,0.95,1.0,0.0,0.342
-3.9,0.95,1.0,0.0,0.4382
-3.85,0.95,1.0,0.0,0.5307
-3.8,0.95,1.0,0.0,0.6199
-3.75,0.95,1.0,0.0,0.6806
-3.7,0.95,1.0,0.0,0.7304
-3.65,0.95,1.0,0.0,0.7748
-3.6,0.95,1.0,0.0,0.8046
-3.55,0.95,1.0,0.0,0.8313
-3.5,0.95,1.0,0.0003,0.855
-3.45,0.95,1.0,0.0027,0.8755
-3.4,0.95,1.0,0.0263,0.8884
-3.35,0.95,1.0,0.2123,0.8962
-3.3,0.95,1.0,0.7292,0.9009
-3.25,0.95,1.0,0.9642,0.9057
-3.2,0.95,1.0,0.9963,0.9102
-3.15,0.95,1.0,0.9996,0.9134
-3.1,0.95,1.0,1.0,0.9161
-3.05,0.95,1.0,1.0,0.9157
-3.0,0.95,1.0,1.0,0.913
-2.95,0.95,1.0,1.0,0.9105
-2.9,0.95,1.0,1.0,0.9079
-2.85,0.95,1.0,1.0,0.9053
-2.8,0.95,1.0,1.0,0.9026
-2.75,0.95,1.0,1.0,0.8982
-2.7,0.95,1.0,1.0,0.8898
-2.65,0.95,1.0,1.0,0.8809
-2.6,0.95,1.0,1.0,0.8711
-2.55,0.95,1.0,1.0,0.8594
-2.5,0.95,1.0,1.0,0.8467
-2.45,0.95,1.0,1.0,0.832
-2.4,0.95,1.0,1.0,0.8157
-2.35,0.95,1.0,1.0,0.7982
-2.3,0.95,1.0,1.0,0.7804
-2.25,0.95,1.0,1.0,0.7607
-2.2,0.95,1.0,1.0,0.7398
-2.15,0.95,1.0,1.0,0.7178
-2.1,0.95,1.0,1.0,0.6939
-2.05,0.95,1.0,1.0,0.6677
-2.0,0.95,1.0,1.0,0.6406
-1.95,0.95,1.0,1.0,0.6172
-1.9,0.95,1.0,1.0,0.5961
-1.85,0.95,1.0,0.9999,0.5804
-1.8,0.95,1.0,0.9983,0.5653
-1.75,0.95,1.0,0.9687,0.5506
-1.7,0.95,1.0,0.7556,0.5369
-1.65,0.95,0.9998,0.3983,0.5343
-1.6,0.95,0.9981,0.1403,0.5343
-1.55,0.95,0.9836,0.0587,0.5343
-1.5,0.95,0.8805,0.038,0.5343
-1.45,0.95,0.5278,0.0332,0.5343
-1.4,0.95,0.1957,0.0297,0.5343
-1.35,0.95,0.1518,0.0278,0.5343
-1.3,0.95,0.1351,0.0286,0.5343
-1.25,0.95,0.1448,0.034,0.5343
-1.2,0.95,0.1551,0.0412,0.5343
-1.15,0.95,0.1595,0.0514,0.5343
-1.1,0.95,0.1484,0.0661,0.5343
-1.05,0.95,0.1277,0.0845,0.5398
-1.0,0.95,0.1112,0.1074,0.548
-0.95,0.95,0.0939,0.1346,0.5553
-0.9,0.95,0.0791,0.1666,0.5654
-0.85,0.95,0.0548,0.2357,0.5762
-0.8,0.95,0.068,0.3653,0.5869
-0.75,0.95,0.0529,0.4034,0.5975
-0.7,0.95,0.0409,0.4766,0.6042
-0.65,0.95,0.0315,0.4834,0.6064
-0.6,0.95,0.0275,0.4351,0.6087
-0.55,0.95,0.0209,0.3997,0.6109
-0.5,0.95,0.0286,0.4027,0.6132
-0.45,0.95,0.2749,0.4098,0.6154
-0.4,0.95,0.8899,0.4168,0.6176
-0.35,0.95,0.9856,0.4259,0.6214
-0.3,0.95,0.997,0.4353,0.6232
-0.25,0.95,0.9991,0.4615,0.6224
-0.2,0.95,0.9997,0.4947,0.6216
-0.15,0.95,0.9999,0.5278,0.6207
-0.1,0.95,0.9999,0.5605,0.6199
-0.05,0.95,0.9999,0.5797,0.6192
0.0,0.95,1.0,0.594,0.6212
0.05,0.95,1.0,0.5981,0.624
0.1,0.95,1.0,0.597,0.6267
0.15,0.95,1.0,0.5935,0.6295
0.2,0.95,1.0,0.5893,0.6323
0.25,0.95,1.0,0.5858,0.6347
0.3,0.95,1.0,0.5822,0.6359
0.35,0.95,1.0,0.5786,0.6372
0.4,0.95,1.0,0.5751,0.6388
0.45,0.95,1.0,0.5715,0.641
0.5,0.95,1.0,0.5679,0.6425
0.55,0.95,1.0,0.5641,0.644
0.6,0.95,0.9999,0.5613,0.646
0.65,0.95,0.9999,0.5593,0.6491
0.7,0.95,0.9999,0.5573,0.6526
0.75,0.95,0.9998,0.5637,0.659
0.8,0.95,0.9997,0.5992,0.6743
0.85,0.95,0.9994,0.6814,0.699
0.9,0.95,0.9992,0.7527,0.7311
0.95,0.95,0.9993,0.8123,0.7705
1.0,0.95,0.9996,0.871,0.811
1.05,0.95,0.9999,0.9344,0.8498
1.1,0.95,1.0,0.9801,0.8947
1.15,0.95,1.0,0.9954,0.9362
1.2,0.95,1.0,0.9991,0.9628
1.25,0.95,1.0,0.9998,0.9759
1.3,0.95,1.0,1.0,0.9844
1.35,0.95,1.0,1.0,0.9901
1.4,0.95,1.0,1.0,0.9937
1.45,0.95,1.0,1.0,0.996
1.5,0.95,1.0,1.0,0.9974
1.55,0.95,1.0,1.0,0.9981
1.6,0.95,1.0,1.0,0.9985
1.65,0.95,1.0,1.0,0.9988
1.7,0.95,1.0,1.0,0.9991
1.75,0.95,1.0,1.0,0.9993
1.8,0.95,1.0,1.0,0.9994
1.85,0.95,1.0,1.0,0.9995
1.9,0.95,1.0,1.0,0.9996
1.95,0.95,1.0,1.0,0.9996
2.0,0.95,1.0,1.0,0.9997
2.05,0.95,1.0,1.0,0.9997
2.1,0.95,1.0,1.0,0.9997
2.15,0.95,1.0,1.0,0.9998
2.2,0.95,1.0,1.0,0.9998
2.25,0.95,1.0,1.0,0.9998
2.3,0.95,1.0,1.0,0.9998
2.35,0.95,1.0,1.0,0.9999
2.4,0.95,1.0,1.0,0.9999
2.45,0.95,1.0,1.0,0.9999
2.5,0.95,1.0,1.0,0.9999
2.55,0.95,1.0,1.0,0.9999
2.6,0.95,1.0,1.0,0.9999
2.65,0.95,1.0,1.0,1.0
2.7,0.95,1.0,1.0,1.0
2.75,0.95,1.0,1.0,1.0
2.8,0.95,1.0,1.0,1.0
2.85,0.95,1.0,1.0,1.0
2.9,0.95,1.0,1.0,1.0
2.95,0.95,1.0,1.0,1.0
3.0,0.95,1.0,1.0,1.0
3.05,0.95,1.0,1.0,1.0
3.1,0.95,1.0,1.0,1.0
3.15,0.95,1.0,1.0,1.0
3.2,0.95,1.0,1.0,1.0
3.25,0.95,1.0,1.0,1.0
3.3,0.95,1.0,1.0,1.0
3.35,0.95,1.0,1.0,1.0
3.4,0.95,1.0,1.0,1.0
3.45,0.95,1.0,1.0,1.0
3.5,0.95,1.0,1.0,1.0
3.55,0.95,1.0,1.0,1.0
3.6,0.95,1.0,1.0,1.0
3.65,0.95,1.0,1.0,1.0
3.7,0.95,1.0,1.0,1.0
3.75,0.95,1.0,1.0,1.0
3.8,0.95,1.0,1.0,1.0
3.85,0.95,1.0,1.0,1.0
3.9,0.95,1.0,1.0,1.0
3.95,0.95,1.0,1.0,1.0
4.0,0.95,1.0,1.0,1.0
-4.0,1.0,1.0,0.0,0.5375
-3.95,1.0,1.0,0.0,0.626
-3.9,1.0,1.0,0.0,0.6985
-3.85,1.0,1.0,0.0,0.7465
-3.8,1.0,1.0,0.0,0.7882
-3.75,1.0,1.0,0.0,0.8166
-3.7,1.0,1.0,0.0,0.842
-3.65,1.0,1.0,1e-04,0.8644
-3.6,1.0,1.0,0.0013,0.8841
-3.55,1.0,1.0,0.0131,0.8984
-3.5,1.0,1.0,0.1172,0.9066
-3.45,1.0,1.0,0.5702,0.9111
-3.4,1.0,1.0,0.9298,0.9155
-3.35,1.0,1.0,0.9925,0.9197
-3.3,1.0,1.0,0.9992,0.9235
-3.25,1.0,1.0,0.9999,0.9262
-3.2,1.0,1.0,1.0,0.9284
-3.15,1.0,1.0,1.0,0.9274
-3.1,1.0,1.0,1.0,0.9247
-3.05,1.0,1.0,1.0,0.9221
-3.0,1.0,1.0,1.0,0.9201
-2.95,1.0,1.0,1.0,0.9186
-2.9,1.0,1.0,1.0,0.9157
-2.85,1.0,1.0,1.0,0.9101
-2.8,1.0,1.0,1.0,0.9026
-2.75,1.0,1.0,1.0,0.8945
-2.7,1.0,1.0,1.0,0.8857
-2.65,1.0,1.0,1.0,0.8754
-2.6,1.0,1.0,1.0,0.8637
-2.55,1.0,1.0,1.0,0.8504
-2.5,1.0,1.0,1.0,0.8356
-2.45,1.0,1.0,1.0,0.8191
-2.4,1.0,1.0,1.0,0.8012
-2.35,1.0,1.0,1.0,0.7834
-2.3,1.0,1.0,1.0,0.7639
-2.25,1.0,1.0,1.0,0.7432
-2.2,1.0,1.0,1.0,0.7214
-2.15,1.0,1.0,1.0,0.697
-2.1,1.0,1.0,1.0,0.6711
-2.05,1.0,1.0,1.0,0.6438
-2.0,1.0,1.0,1.0,0.6202
-1.95,1.0,1.0,1.0,0.5977
-1.9,1.0,1.0,0.9998,0.5813
-1.85,1.0,1.0,0.9963,0.5661
-1.8,1.0,1.0,0.9293,0.551
-1.75,1.0,1.0,0.4981,0.5363
-1.7,1.0,0.9996,0.1829,0.5343
-1.65,1.0,0.9969,0.0626,0.5343
-1.6,1.0,0.9748,0.0346,0.5343
-1.55,1.0,0.8214,0.0255,0.5343
-1.5,1.0,0.3484,0.0225,0.5343
-1.45,1.0,0.1205,0.0211,0.5343
-1.4,1.0,0.0888,0.0213,0.5343
-1.35,1.0,0.0787,0.0215,0.5343
-1.3,1.0,0.0847,0.0247,0.5343
-1.25,1.0,0.0912,0.03,0.5343
-1.2,1.0,0.1006,0.0369,0.5343
-1.15,1.0,0.0894,0.0476,0.5343
-1.1,1.0,0.0764,0.0612,0.5396
-1.05,1.0,0.0667,0.0783,0.5478
-1.0,1.0,0.0562,0.0998,0.5558
-0.95,1.0,0.047,0.1279,0.5653
-0.9,1.0,0.0401,0.1784,0.5761
-0.85,1.0,0.0384,0.384,0.5868
-0.8,1.0,0.0436,0.5043,0.5974
-0.75,1.0,0.0336,0.5337,0.6075
-0.7,1.0,0.0302,0.5539,0.6101
-0.65,1.0,0.0274,0.5075,0.6123
-0.6,1.0,0.0311,0.459,0.6146
-0.55,1.0,0.0345,0.4112,0.6168
-0.5,1.0,0.0573,0.3956,0.619
-0.45,1.0,0.4748,0.4021,0.6213
-0.4,1.0,0.9329,0.4091,0.6237
-0.35,1.0,0.9916,0.4162,0.6272
-0.3,1.0,0.9978,0.4261,0.6284
-0.25,1.0,0.9993,0.4398,0.6276
-0.2,1.0,0.9998,0.4713,0.6268
-0.15,1.0,0.9999,0.506,0.6261
-0.1,1.0,0.9999,0.5389,0.6253
-0.05,1.0,1.0,0.5713,0.6245
0.0,1.0,1.0,0.5902,0.6252
0.05,1.0,1.0,0.6061,0.6276
0.1,1.0,1.0,0.6105,0.6305
0.15,1.0,1.0,0.6089,0.6334
0.2,1.0,1.0,0.6054,0.6369
0.25,1.0,1.0,0.6019,0.6405
0.3,1.0,1.0,0.5985,0.644
0.35,1.0,1.0,0.5951,0.6468
0.4,1.0,1.0,0.5916,0.6499
0.45,1.0,1.0,0.5882,0.6529
0.5,1.0,1.0,0.5847,0.6565
0.55,1.0,1.0,0.5812,0.6605
0.6,1.0,1.0,0.5773,0.664
0.65,1.0,1.0,0.5746,0.6707
0.7,1.0,1.0,0.6031,0.6823
0.75,1.0,1.0,0.6473,0.7008
0.8,1.0,1.0,0.718,0.7247
0.85,1.0,0.9999,0.7835,0.759
0.9,1.0,0.9999,0.8397,0.7938
0.95,1.0,0.9999,0.9071,0.832
1.0,1.0,0.9999,0.9577,0.8658
1.05,1.0,1.0,0.9873,0.896
1.1,1.0,1.0,0.9968,0.9269
1.15,1.0,1.0,0.9993,0.9574
1.2,1.0,1.0,0.9999,0.9764
1.25,1.0,1.0,1.0,0.9869
1.3,1.0,1.0,1.0,0.9917
1.35,1.0,1.0,1.0,0.9949
1.4,1.0,1.0,1.0,0.9968
1.45,1.0,1.0,1.0,0.9981
1.5,1.0,1.0,1.0,0.9989
1.55,1.0,1.0,1.0,0.9993
1.6,1.0,1.0,1.0,0.9995
1.65,1.0,1.0,1.0,0.9996
1.7,1.0,1.0,1.0,0.9997
1.75,1.0,1.0,1.0,0.9997
1.8,1.0,1.0,1.0,0.9998
1.85,1.0,1.0,1.0,0.9998
1.9,1.0,1.0,1.0,0.9999
1.95,1.0,1.0,1.0,0.9999
2.0,1.0,1.0,1.0,0.9999
2.05,1.0,1.0,1.0,0.9999
2.1,1.0,1.0,1.0,0.9999
2.15,1.0,1.0,1.0,0.9999
2.2,1.0,1.0,1.0,0.9999
2.25,1.0,1.0,1.0,1.0
2.3,1.0,1.0,1.0,1.0
2.35,1.0,1.0,1.0,1.0
2.4,1.0,1.0,1.0,1.0
2.45,1.0,1.0,1.0,1.0
2.5,1.0,1.0,1.0,1.0
2.55,1.0,1.0,1.0,1.0
2.6,1.0,1.0,1.0,1.0
2.65,1.0,1.0,1.0,1.0
2.7,1.0,1.0,1.0,1.0
2.75,1.0,1.0,1.0,1.0
2.8,1.0,1.0,1.0,1.0
2.85,1.0,1.0,1.0,1.0
2.9,1.0,1.0,1.0,1.0
2.95,1.0,1.0,1.0,1.0
3.0,1.0,1.0,1.0,1.0
3.05,1.0,1.0,1.0,1.0
3.1,1.0,1.0,1.0,1.0
3.15,1.0,1.0,1.0,1.0
3.2,1.0,1.0,1.0,1.0
3.25,1.0,1.0,1.0,1.0
3.3,1.0,1.0,1.0,1.0
3.35,1.0,1.0,1.0,1.0
3.4,1.0,1.0,1.0,1.0
3.45,1.0,1.0,1.0,1.0
3.5,1.0,1.0,1.0,1.0
3.55,1.0,1.0,1.0,1.0
3.6,1.0,1.0,1.0,1.0
3.65,1.0,1.0,1.0,1.0
3.7,1.0,1.0,1.0,1.0
3.75,1.0,1.0,1.0,1.0
3.8,1.0,1.0,1.0,1.0
3.85,1.0,1.0,1.0,1.0
3.9,1.0,1.0,1.0,1.0
3.95,1.0,1.0,1.0,1.0
4.0,1.0,1.0,1.0,1.0
-4.0,1.05,1.0,0.0,0.7628
-3.95,1.05,1.0,0.0,0.8015
-3.9,1.05,1.0,0.0,0.8284
-3.85,1.05,1.0,0.0,0.853
-3.8,1.05,1.0,0.0,0.8748
-3.75,1.05,1.0,0.0006,0.8937
-3.7,1.05,1.0,0.0065,0.9084
-3.65,1.05,1.0,0.0614,0.9162
-3.6,1.05,1.0,0.3953,0.9203
-3.55,1.05,1.0,0.8672,0.9243
-3.5,1.05,1.0,0.9849,0.9282
-3.45,1.05,1.0,0.9985,0.9319
-3.4,1.05,1.0,0.9998,0.9349
-3.35,1.05,1.0,1.0,0.9372
-3.3,1.05,1.0,1.0,0.9392
-3.25,1.05,1.0,1.0,0.9379
-3.2,1.05,1.0,1.0,0.9356
-3.15,1.05,1.0,1.0,0.9333
-3.1,1.05,1.0,1.0,0.9312
-3.05,1.05,1.0,1.0,0.9296
-3.0,1.05,1.0,1.0,0.927
-2.95,1.05,1.0,1.0,0.9208
-2.9,1.05,1.0,1.0,0.914
-2.85,1.05,1.0,1.0,0.9068
-2.8,1.05,1.0,1.0,0.899
-2.75,1.05,1.0,1.0,0.8899
-2.7,1.05,1.0,1.0,0.8791
-2.65,1.05,1.0,1.0,0.867
-2.6,1.05,1.0,1.0,0.8538
-2.55,1.05,1.0,1.0,0.8388
-2.5,1.05,1.0,1.0,0.8222
-2.45,1.05,1.0,1.0,0.8043
-2.4,1.05,1.0,1.0,0.7865
-2.35,1.05,1.0,1.0,0.7672
-2.3,1.05,1.0,1.0,0.7467
-2.25,1.05,1.0,1.0,0.7245
-2.2,1.05,1.0,1.0,0.7002
-2.15,1.05,1.0,1.0,0.6744
-2.1,1.05,1.0,1.0,0.6472
-2.05,1.05,1.0,1.0,0.6232
-2.0,1.05,1.0,1.0,0.6007
-1.95,1.05,1.0,0.9996,0.5822
-1.9,1.05,1.0,0.992,0.5669
-1.85,1.05,1.0,0.8481,0.5514
-1.8,1.05,0.9999,0.2976,0.5367
-1.75,1.05,0.9994,0.082,0.5343
-1.7,1.05,0.9953,0.0342,0.5343
-1.65,1.05,0.9616,0.0223,0.5343
-1.6,1.05,0.6851,0.0178,0.5343
-1.55,1.05,0.2036,0.0163,0.5343
-1.5,1.05,0.0716,0.016,0.5343
-1.45,1.05,0.0503,0.0162,0.5343
-1.4,1.05,0.0446,0.0164,0.5343
-1.35,1.05,0.0482,0.0179,0.5343
-1.3,1.05,0.052,0.0218,0.5343
-1.25,1.05,0.0559,0.0265,0.5343
-1.2,1.05,0.0504,0.0341,0.5343
-1.15,1.05,0.0438,0.044,0.5395
-1.1,1.05,0.039,0.0566,0.5476
-1.05,1.05,0.0331,0.0726,0.5558
-1.0,1.05,0.0279,0.0993,0.5653
-0.95,1.05,0.0253,0.1334,0.576
-0.9,1.05,0.0201,0.2981,0.5867
-0.85,1.05,0.0344,0.6326,0.5973
-0.8,1.05,0.0327,0.6849,0.6078
-0.75,1.05,0.0294,0.7102,0.6137
-0.7,1.05,0.0311,0.6911,0.616
-0.65,1.05,0.0434,0.5618,0.6183
-0.6,1.05,0.0528,0.483,0.6205
-0.55,1.05,0.0582,0.4347,0.6228
-0.5,1.05,0.1124,0.3955,0.625
-0.45,1.05,0.6884,0.3945,0.6272
-0.4,1.05,0.9599,0.4015,0.6306
-0.35,1.05,0.9949,0.4094,0.6333
-0.3,1.05,0.9984,0.4197,0.6339
-0.25,1.05,0.9995,0.4353,0.6331
-0.2,1.05,0.9998,0.4526,0.6324
-0.15,1.05,0.9999,0.4832,0.6316
-0.1,1.05,1.0,0.5172,0.6308
-0.05,1.05,1.0,0.5499,0.6302
0.0,1.05,1.0,0.5822,0.6315
0.05,1.05,1.0,0.6014,0.6343
0.1,1.05,1.0,0.6198,0.6376
0.15,1.05,1.0,0.625,0.6415
0.2,1.05,1.0,0.6217,0.6459
0.25,1.05,1.0,0.6183,0.6506
0.3,1.05,1.0,0.6149,0.6552
0.35,1.05,1.0,0.6115,0.6601
0.4,1.05,1.0,0.6082,0.6647
0.45,1.05,1.0,0.6047,0.669
0.5,1.05,1.0,0.6013,0.6733
0.55,1.05,1.0,0.5979,0.6811
0.6,1.05,1.0,0.61,0.6935
0.65,1.05,1.0,0.6408,0.7061
0.7,1.05,1.0,0.6918,0.726
0.75,1.05,1.0,0.7546,0.7551
0.8,1.05,1.0,0.8115,0.7904
0.85,1.05,1.0,0.8796,0.8276
0.9,1.05,1.0,0.9416,0.8613
0.95,1.05,1.0,0.9767,0.8904
1.0,1.05,1.0,0.9935,0.9153
1.05,1.05,1.0,0.9982,0.936
1.1,1.05,1.0,0.9996,0.9556
1.15,1.05,1.0,0.9999,0.9727
1.2,1.05,1.0,1.0,0.9864
1.25,1.05,1.0,1.0,0.9928
1.3,1.05,1.0,1.0,0.996
1.35,1.05,1.0,1.0,0.9975
1.4,1.05,1.0,1.0,0.9985
1.45,1.05,1.0,1.0,0.9991
1.5,1.05,1.0,1.0,0.9995
1.55,1.05,1.0,1.0,0.9997
1.6,1.05,1.0,1.0,0.9998
1.65,1.05,1.0,1.0,0.9998
1.7,1.05,1.0,1.0,0.9999
1.75,1.05,1.0,1.0,0.9999
1.8,1.05,1.0,1.0,0.9999
1.85,1.05,1.0,1.0,0.9999
1.9,1.05,1.0,1.0,1.0
1.95,1.05,1.0,1.0,1.0
2.0,1.05,1.0,1.0,1.0
2.05,1.05,1.0,1.0,1.0
2.1,1.05,1.0,1.0,1.0
2.15,1.05,1.0,1.0,1.0
2.2,1.05,1.0,1.0,1.0
2.25,1.05,1.0,1.0,1.0
2.3,1.05,1.0,1.0,1.0
2.35,1.05,1.0,1.0,1.0
2.4,1.05,1.0,1.0,1.0
2.45,1.05,1.0,1.0,1.0
2.5,1.05,1.0,1.0,1.0
2.55,1.05,1.0,1.0,1.0
2.6,1.05,1.0,1.0,1.0
2.65,1.05,1.0,1.0,1.0
2.7,1.05,1.0,1.0,1.0
2.75,1.05,1.0,1.0,1.0
2.8,1.05,1.0,1.0,1.0
2.85,1.05,1.0,1.0,1.0
2.9,1.05,1.0,1.0,1.0
2.95,1.05,1.0,1.0,1.0
3.0,1.05,1.0,1.0,1.0
3.05,1.05,1.0,1.0,1.0
3.1,1.05,1.0,1.0,1.0
3.15,1.05,1.0,1.0,1.0
3.2,1.05,1.0,1.0,1.0
3.25,1.05,1.0,1.0,1.0
3.3,1.05,1.0,1.0,1.0
3.35,1.05,1.0,1.0,1.0
3.4,1.05,1.0,1.0,1.0
3.45,1.05,1.0,1.0,1.0
3.5,1.05,1.0,1.0,1.0
3.55,1.05,1.0,1.0,1.0
3.6,1.05,1.0,1.0,1.0
3.65,1.05,1.0,1.0,1.0
3.7,1.05,1.0,1.0,1.0
3.75,1.05,1.0,1.0,1.0
3.8,1.05,1.0,1.0,1.0
3.85,1.05,1.0,1.0,1.0
3.9,1.05,1.0,1.0,1.0
3.95,1.05,1.0,1.0,1.0
4.0,1.05,1.0,1.0,1.0
-4.0,1.1,1.0,0.0,0.8662
-3.95,1.1,1.0,0.0,0.8863
-3.9,1.1,1.0,0.0003,0.9037
-3.85,1.1,1.0,0.0029,0.918
-3.8,1.1,1.0,0.0314,0.9251
-3.75,1.1,1.0,0.244,0.9289
-3.7,1.1,1.0,0.763,0.9325
-3.65,1.1,1.0,0.9698,0.9359
-3.6,1.1,1.0,0.9969,0.9395
-3.55,1.1,1.0,0.9997,0.9433
-3.5,1.1,1.0,1.0,0.9459
-3.45,1.1,1.0,1.0,0.948
-3.4,1.1,1.0,1.0,0.9489
-3.35,1.1,1.0,1.0,0.9472
-3.3,1.1,1.0,1.0,0.9453
-3.25,1.1,1.0,1.0,0.9433
-3.2,1.1,1.0,1.0,0.9419
-3.15,1.1,1.0,1.0,0.9394
-3.1,1.1,1.0,1.0,0.9359
-3.05,1.1,1.0,1.0,0.9304
-3.0,1.1,1.0,1.0,0.9244
-2.95,1.1,1.0,1.0,0.9179
-2.9,1.1,1.0,1.0,0.9109
-2.85,1.1,1.0,1.0,0.903
-2.8,1.1,1.0,1.0,0.8931
-2.75,1.1,1.0,1.0,0.8822
-2.7,1.1,1.0,1.0,0.8704
-2.65,1.1,1.0,1.0,0.8568
-2.6,1.1,1.0,1.0,0.8417
-2.55,1.1,1.0,1.0,0.8253
-2.5,1.1,1.0,1.0,0.8076
-2.45,1.1,1.0,1.0,0.7895
-2.4,1.1,1.0,1.0,0.7704
-2.35,1.1,1.0,1.0,0.7501
-2.3,1.1,1.0,1.0,0.7275
-2.25,1.1,1.0,1.0,0.7034
-2.2,1.1,1.0,1.0,0.6778
-2.15,1.1,1.0,1.0,0.6507
-2.1,1.1,1.0,1.0,0.6262
-2.05,1.1,1.0,0.9999,0.6037
-2.0,1.1,1.0,0.9991,0.5832
-1.95,1.1,1.0,0.9829,0.5678
-1.9,1.1,1.0,0.7088,0.5523
-1.85,1.1,0.9999,0.1553,0.5372
-1.8,1.1,0.9991,0.0399,0.5343
-1.75,1.1,0.9927,0.0212,0.5343
-1.7,1.1,0.9219,0.0161,0.5343
-1.65,1.1,0.5073,0.0132,0.5343
-1.6,1.1,0.1108,0.012,0.5343
-1.55,1.1,0.0416,0.0121,0.5343
-1.5,1.1,0.028,0.0123,0.5343
-1.45,1.1,0.0248,0.0125,0.5343
-1.4,1.1,0.0269,0.0131,0.5343
-1.35,1.1,0.0291,0.0158,0.5343
-1.3,1.1,0.0293,0.0193,0.5343
-1.25,1.1,0.0279,0.0243,0.5343
-1.2,1.1,0.0243,0.0315,0.5393
-1.15,1.1,0.0217,0.0407,0.5475
-1.1,1.1,0.019,0.0537,0.5557
-1.05,1.1,0.0169,0.0759,0.5651
-1.0,1.1,0.0153,0.1036,0.576
-0.95,1.1,0.0127,0.2068,0.5867
-0.9,1.1,0.0183,0.6317,0.5974
-0.85,1.1,0.0319,0.8223,0.6079
-0.8,1.1,0.0308,0.8402,0.6169
-0.75,1.1,0.0408,0.8569,0.6198
-0.7,1.1,0.0569,0.8124,0.6221
-0.65,1.1,0.0761,0.6906,0.6243
-0.6,1.1,0.0882,0.5572,0.6266
-0.55,1.1,0.0981,0.4586,0.6288
-0.5,1.1,0.2115,0.4108,0.631
-0.45,1.1,0.8277,0.3905,0.6333
-0.4,1.1,0.9763,0.3948,0.6375
-0.35,1.1,0.9963,0.4041,0.6394
-0.3,1.1,0.9988,0.4163,0.6394
-0.25,1.1,0.9996,0.4311,0.6388
-0.2,1.1,0.9999,0.4484,0.6385
-0.15,1.1,0.9999,0.4657,0.6385
-0.1,1.1,1.0,0.495,0.6386
-0.05,1.1,1.0,0.5284,0.6388
0.0,1.1,1.0,0.5612,0.6419
0.05,1.1,1.0,0.595,0.6452
0.1,1.1,1.0,0.6166,0.6489
0.15,1.1,1.0,0.6328,0.6526
0.2,1.1,1.0,0.6377,0.6571
0.25,1.1,1.0,0.6344,0.6631
0.3,1.1,1.0,0.6311,0.669
0.35,1.1,1.0,0.6278,0.6749
0.4,1.1,1.0,0.6244,0.6807
0.45,1.1,1.0,0.6211,0.6891
0.5,1.1,1.0,0.6227,0.7032
0.55,1.1,1.0,0.648,0.7182
0.6,1.1,1.0,0.6784,0.7337
0.65,1.1,1.0,0.7331,0.7602
0.7,1.1,1.0,0.79,0.793
0.75,1.1,1.0,0.8482,0.8273
0.8,1.1,1.0,0.9235,0.8597
0.85,1.1,1.0,0.9657,0.8868
0.9,1.1,1.0,0.988,0.9113
0.95,1.1,1.0,0.9967,0.9319
1.0,1.1,1.0,0.9991,0.9491
1.05,1.1,1.0,0.9998,0.9631
1.1,1.1,1.0,0.9999,0.9739
1.15,1.1,1.0,1.0,0.9839
1.2,1.1,1.0,1.0,0.991
1.25,1.1,1.0,1.0,0.996
1.3,1.1,1.0,1.0,0.9979
1.35,1.1,1.0,1.0,0.9988
1.4,1.1,1.0,1.0,0.9993
1.45,1.1,1.0,1.0,0.9996
1.5,1.1,1.0,1.0,0.9998
1.55,1.1,1.0,1.0,0.9999
1.6,1.1,1.0,1.0,0.9999
1.65,1.1,1.0,1.0,0.9999
1.7,1.1,1.0,1.0,1.0
1.75,1.1,1.0,1.0,1.0
1.8,1.1,1.0,1.0,1.0
1.85,1.1,1.0,1.0,1.0
1.9,1.1,1.0,1.0,1.0
1.95,1.1,1.0,1.0,1.0
2.0,1.1,1.0,1.0,1.0
2.05,1.1,1.0,1.0,1.0
2.1,1.1,1.0,1.0,1.0
2.15,1.1,1.0,1.0,1.0
2.2,1.1,1.0,1.0,1.0
2.25,1.1,1.0,1.0,1.0
2.3,1.1,1.0,1.0,1.0
2.35,1.1,1.0,1.0,1.0
2.4,1.1,1.0,1.0,1.0
2.45,1.1,1.0,1.0,1.0
2.5,1.1,1.0,1.0,1.0
2.55,1.1,1.0,1.0,1.0
2.6,1.1,1.0,1.0,1.0
2.65,1.1,1.0,1.0,1.0
2.7,1.1,1.0,1.0,1.0
2.75,1.1,1.0,1.0,1.0
2.8,1.1,1.0,1.0,1.0
2.85,1.1,1.0,1.0,1.0
2.9,1.1,1.0,1.0,1.0
2.95,1.1,1.0,1.0,1.0
3.0,1.1,1.0,1.0,1.0
3.05,1.1,1.0,1.0,1.0
3.1,1.1,1.0,1.0,1.0
3.15,1.1,1.0,1.0,1.0
3.2,1.1,1.0,1.0,1.0
3.25,1.1,1.0,1.0,1.0
3.3,1.1,1.0,1.0,1.0
3.35,1.1,1.0,1.0,1.0
3.4,1.1,1.0,1.0,1.0
3.45,1.1,1.0,1.0,1.0
3.5,1.1,1.0,1.0,1.0
3.55,1.1,1.0,1.0,1.0
3.6,1.1,1.0,1.0,1.0
3.65,1.1,1.0,1.0,1.0
3.7,1.1,1.0,1.0,1.0
3.75,1.1,1.0,1.0,1.0
3.8,1.1,1.0,1.0,1.0
3.85,1.1,1.0,1.0,1.0
3.9,1.1,1.0,1.0,1.0
3.95,1.1,1.0,1.0,1.0
4.0,1.1,1.0,1.0,1.0
-4.0,1.15,1.0,0.0013,0.9276
-3.95,1.15,1.0,0.0145,0.9339
-3.9,1.15,1.0,0.1379,0.9372
-3.85,1.15,1.0,0.6145,0.9407
-3.8,1.15,1.0,0.9408,0.9443
-3.75,1.15,1.0,0.9937,0.9478
-3.7,1.15,1.0,0.9993,0.9511
-3.65,1.15,1.0,0.9999,0.9539
-3.6,1.15,1.0,1.0,0.9558
-3.55,1.15,1.0,1.0,0.9575
-3.5,1.15,1.0,1.0,0.957
-3.45,1.15,1.0,1.0,0.9554
-3.4,1.15,1.0,1.0,0.9538
-3.35,1.15,1.0,1.0,0.9524
-3.3,1.15,1.0,1.0,0.9508
-3.25,1.15,1.0,1.0,0.9487
-3.2,1.15,1.0,1.0,0.9441
-3.15,1.15,1.0,1.0,0.9392
-3.1,1.15,1.0,1.0,0.9339
-3.05,1.15,1.0,1.0,0.9282
-3.0,1.15,1.0,1.0,0.922
-2.95,1.15,1.0,1.0,0.9151
-2.9,1.15,1.0,1.0,0.9063
-2.85,1.15,1.0,1.0,0.8966
-2.8,1.15,1.0,1.0,0.886
-2.75,1.15,1.0,1.0,0.8738
-2.7,1.15,1.0,1.0,0.8602
-2.65,1.15,1.0,1.0,0.8453
-2.6,1.15,1.0,1.0,0.8292
-2.55,1.15,1.0,1.0,0.8118
-2.5,1.15,1.0,1.0,0.7934
-2.45,1.15,1.0,1.0,0.7746
-2.4,1.15,1.0,1.0,0.7543
-2.35,1.15,1.0,1.0,0.7316
-2.3,1.15,1.0,1.0,0.7076
-2.25,1.15,1.0,1.0,0.6823
-2.2,1.15,1.0,1.0,0.6555
-2.15,1.15,1.0,1.0,0.6305
-2.1,1.15,1.0,0.9999,0.6081
-2.05,1.15,1.0,0.9981,0.5854
-2.0,1.15,1.0,0.9637,0.5695
-1.95,1.15,1.0,0.5642,0.5541
-1.9,1.15,0.9998,0.0934,0.5385
-1.85,1.15,0.9987,0.0257,0.5343
-1.8,1.15,0.9849,0.015,0.5343
-1.75,1.15,0.8462,0.0122,0.5343
-1.7,1.15,0.3236,0.0099,0.5343
-1.65,1.15,0.057,0.0091,0.5343
-1.6,1.15,0.0238,0.0092,0.5343
-1.55,1.15,0.0162,0.0093,0.5343
-1.5,1.15,0.0137,0.0095,0.5343
-1.45,1.15,0.0149,0.0098,0.5343
-1.4,1.15,0.0156,0.0114,0.5343
-1.35,1.15,0.0152,0.0139,0.5343
-1.3,1.15,0.0149,0.0173,0.5343
-1.25,1.15,0.0134,0.0224,0.5402
-1.2,1.15,0.0119,0.029,0.5484
-1.15,1.15,0.0107,0.0398,0.5566
-1.1,1.15,0.0099,0.0568,0.5656
-1.05,1.15,0.0092,0.0798,0.5772
-1.0,1.15,0.0084,0.1387,0.5879
-0.95,1.15,0.0095,0.5179,0.5985
-0.9,1.15,0.0278,0.8763,0.609
-0.85,1.15,0.0381,0.9222,0.6194
-0.8,1.15,0.0534,0.9315,0.6244
-0.75,1.15,0.0742,0.9396,0.6269
-0.7,1.15,0.0988,0.8947,0.6291
-0.65,1.15,0.1302,0.8166,0.6313
-0.6,1.15,0.1414,0.6943,0.6335
-0.55,1.15,0.1572,0.5549,0.6357
-0.5,1.15,0.373,0.4366,0.6379
-0.45,1.15,0.892,0.396,0.6407
-0.4,1.15,0.9861,0.3924,0.6457
-0.35,1.15,0.9973,0.3998,0.6484
-0.3,1.15,0.9991,0.4139,0.6486
-0.25,1.15,0.9997,0.4282,0.6487
-0.2,1.15,0.9999,0.4441,0.6487
-0.15,1.15,1.0,0.4617,0.6487
-0.1,1.15,1.0,0.4793,0.6489
-0.05,1.15,1.0,0.5071,0.6508
0.0,1.15,1.0,0.5401,0.6545
0.05,1.15,1.0,0.576,0.6582
0.1,1.15,1.0,0.6094,0.6628
0.15,1.15,1.0,0.6299,0.6677
0.2,1.15,1.0,0.6431,0.6731
0.25,1.15,1.0,0.6501,0.6798
0.3,1.15,1.0,0.647,0.6867
0.35,1.15,1.0,0.6437,0.6993
0.4,1.15,1.0,0.6405,0.7157
0.45,1.15,1.0,0.6601,0.7323
0.5,1.15,1.0,0.6841,0.7475
0.55,1.15,1.0,0.7137,0.7663
0.6,1.15,1.0,0.7706,0.7934
0.65,1.15,1.0,0.8283,0.8237
0.7,1.15,1.0,0.9002,0.8581
0.75,1.15,1.0,0.9541,0.8878
0.8,1.15,1.0,0.9825,0.9103
0.85,1.15,1.0,0.9939,0.9293
0.9,1.15,1.0,0.9983,0.9464
0.95,1.15,1.0,0.9995,0.9603
1.0,1.15,1.0,0.9999,0.9708
1.05,1.15,1.0,1.0,0.9795
1.1,1.15,1.0,1.0,0.9856
1.15,1.15,1.0,1.0,0.9906
1.2,1.15,1.0,1.0,0.9948
1.25,1.15,1.0,1.0,0.9974
1.3,1.15,1.0,1.0,0.9989
1.35,1.15,1.0,1.0,0.9994
1.4,1.15,1.0,1.0,0.9997
1.45,1.15,1.0,1.0,0.9998
1.5,1.15,1.0,1.0,0.9999
1.55,1.15,1.0,1.0,0.9999
1.6,1.15,1.0,1.0,1.0
1.65,1.15,1.0,1.0,1.0
1.7,1.15,1.0,1.0,1.0
1.75,1.15,1.0,1.0,1.0
1.8,1.15,1.0,1.0,1.0
1.85,1.15,1.0,1.0,1.0
1.9,1.15,1.0,1.0,1.0
1.95,1.15,1.0,1.0,1.0
2.0,1.15,1.0,1.0,1.0
2.05,1.15,1.0,1.0,1.0
2.1,1.15,1.0,1.0,1.0
2.15,1.15,1.0,1.0,1.0
2.2,1.15,1.0,1.0,1.0
2.25,1.15,1.0,1.0,1.0
2.3,1.15,1.0,1.0,1.0
2.35,1.15,1.0,1.0,1.0
2.4,1.15,1.0,1.0,1.0
2.45,1.15,1.0,1.0,1.0
2.5,1.15,1.0,1.0,1.0
2.55,1.15,1.0,1.0,1.0
2.6,1.15,1.0,1.0,1.0
2.65,1.15,1.0,1.0,1.0
2.7,1.15,1.0,1.0,1.0
2.75,1.15,1.0,1.0,1.0
2.8,1.15,1.0,1.0,1.0
2.85,1.15,1.0,1.0,1.0
2.9,1.15,1.0,1.0,1.0
2.95,1.15,1.0,1.0,1.0
3.0,1.15,1.0,1.0,1.0
3.05,1.15,1.0,1.0,1.0
3.1,1.15,1.0,1.0,1.0
3.15,1.15,1.0,1.0,1.0
3.2,1.15,1.0,1.0,1.0
3.25,1.15,1.0,1.0,1.0
3.3,1.15,1.0,1.0,1.0
3.35,1.15,1.0,1.0,1.0
3.4,1.15,1.0,1.0,1.0
3.45,1.15,1.0,1.0,1.0
3.5,1.15,1.0,1.0,1.0
3.55,1.15,1.0,1.0,1.0
3.6,1.15,1.0,1.0,1.0
3.65,1.15,1.0,1.0,1.0
3.7,1.15,1.0,1.0,1.0
3.75,1.15,1.0,1.0,1.0
3.8,1.15,1.0,1.0,1.0
3.85,1.15,1.0,1.0,1.0
3.9,1.15,1.0,1.0,1.0
3.95,1.15,1.0,1.0,1.0
4.0,1.15,1.0,1.0,1.0
-4.0,1.2,1.0,0.439,0.9488
-3.95,1.2,1.0,0.8839,0.9519
-3.9,1.2,1.0,0.9867,0.955
-3.85,1.2,1.0,0.9986,0.9578
-3.8,1.2,1.0,0.9999,0.9605
-3.75,1.2,1.0,1.0,0.9625
-3.7,1.2,1.0,1.0,0.9639
-3.65,1.2,1.0,1.0,0.965
-3.6,1.2,1.0,1.0,0.9637
-3.55,1.2,1.0,1.0,0.9624
-3.5,1.2,1.0,1.0,0.961
-3.45,1.2,1.0,1.0,0.9602
-3.4,1.2,1.0,1.0,0.9584
-3.35,1.2,1.0,1.0,0.9558
-3.3,1.2,1.0,1.0,0.9517
-3.25,1.2,1.0,1.0,0.947
-3.2,1.2,1.0,1.0,0.9423
-3.15,1.2,1.0,1.0,0.9372
-3.1,1.2,1.0,1.0,0.9318
-3.05,1.2,1.0,1.0,0.9257
-3.0,1.2,1.0,1.0,0.918
-2.95,1.2,1.0,1.0,0.9094
-2.9,1.2,1.0,1.0,0.8999
-2.85,1.2,1.0,1.0,0.8893
-2.8,1.2,1.0,1.0,0.877
-2.75,1.2,1.0,1.0,0.8635
-2.7,1.2,1.0,1.0,0.8489
-2.65,1.2,1.0,1.0,0.8331
-2.6,1.2,1.0,1.0,0.8158
-2.55,1.2,1.0,1.0,0.7973
-2.5,1.2,1.0,1.0,0.7786
-2.45,1.2,1.0,1.0,0.758
-2.4,1.2,1.0,1.0,0.7356
-2.35,1.2,1.0,1.0,0.7119
-2.3,1.2,1.0,1.0,0.6868
-2.25,1.2,1.0,1.0,0.6602
-2.2,1.2,1.0,1.0,0.6347
-2.15,1.2,1.0,0.9997,0.6124
-2.1,1.2,1.0,0.9962,0.5897
-2.05,1.2,1.0,0.9302,0.5714
-2.0,1.2,1.0,0.4236,0.5562
-1.95,1.2,0.9998,0.0591,0.5405
-1.9,1.2,0.9973,0.0182,0.5343
-1.85,1.2,0.969,0.0114,0.5343
-1.8,1.2,0.7265,0.0092,0.5343
-1.75,1.2,0.1898,0.0075,0.5343
-1.7,1.2,0.0286,0.0068,0.5343
-1.65,1.2,0.0131,0.0069,0.5343
-1.6,1.2,0.0092,0.007,0.5343
-1.55,1.2,0.0076,0.0072,0.5343
-1.5,1.2,0.0082,0.0073,0.5343
-1.45,1.2,0.008,0.0083,0.5343
-1.4,1.2,0.0078,0.0101,0.5343
-1.35,1.2,0.0076,0.0123,0.5343
-1.3,1.2,0.0073,0.0159,0.5412
-1.25,1.2,0.0065,0.0212,0.5494
-1.2,1.2,0.0062,0.0293,0.5576
-1.15,1.2,0.0057,0.0423,0.5662
-1.1,1.2,0.0053,0.0606,0.5782
-1.05,1.2,0.0049,0.0968,0.5893
-1.0,1.2,0.0049,0.3704,0.5999
-0.95,1.2,0.0147,0.8497,0.6104
-0.9,1.2,0.0499,0.9642,0.6208
-0.85,1.2,0.0696,0.9686,0.6285
-0.8,1.2,0.0962,0.9725,0.6319
-0.75,1.2,0.1273,0.9709,0.6341
-0.7,1.2,0.1661,0.9436,0.6363
-0.65,1.2,0.2066,0.8969,0.639
-0.6,1.2,0.2107,0.8209,0.6418
-0.55,1.2,0.2756,0.7005,0.6445
-0.5,1.2,0.5798,0.5572,0.6473
-0.45,1.2,0.9343,0.4361,0.6527
-0.4,1.2,0.9919,0.391,0.6569
-0.35,1.2,0.998,0.4,0.6591
-0.3,1.2,0.9994,0.4116,0.6592
-0.25,1.2,0.9998,0.426,0.6592
-0.2,1.2,0.9999,0.4406,0.6592
-0.15,1.2,1.0,0.4578,0.6595
-0.1,1.2,1.0,0.4754,0.6607
-0.05,1.2,1.0,0.4932,0.6654
0.0,1.2,1.0,0.5196,0.6709
0.05,1.2,1.0,0.5559,0.6766
0.1,1.2,1.0,0.5916,0.6823
0.15,1.2,1.0,0.622,0.6882
0.2,1.2,1.0,0.6408,0.695
0.25,1.2,1.0,0.6525,0.7095
0.3,1.2,1.0,0.6594,0.7259
0.35,1.2,1.0,0.672,0.742
0.4,1.2,1.0,0.6956,0.7586
0.45,1.2,1.0,0.7198,0.7758
0.5,1.2,1.0,0.75,0.7984
0.55,1.2,1.0,0.8109,0.8253
0.6,1.2,1.0,0.8795,0.8514
0.65,1.2,1.0,0.9397,0.882
0.7,1.2,1.0,0.9749,0.9075
0.75,1.2,1.0,0.9911,0.928
0.8,1.2,1.0,0.997,0.9446
0.85,1.2,1.0,0.9992,0.9596
0.9,1.2,1.0,0.9998,0.9703
0.95,1.2,1.0,0.9999,0.9783
1.0,1.2,1.0,1.0,0.9845
1.05,1.2,1.0,1.0,0.9893
1.1,1.2,1.0,1.0,0.9927
1.15,1.2,1.0,1.0,0.9951
1.2,1.2,1.0,1.0,0.9974
1.25,1.2,1.0,1.0,0.9986
1.3,1.2,1.0,1.0,0.9994
1.35,1.2,1.0,1.0,0.9998
1.4,1.2,1.0,1.0,0.9999
1.45,1.2,1.0,1.0,0.9999
1.5,1.2,1.0,1.0,1.0
1.55,1.2,1.0,1.0,1.0
1.6,1.2,1.0,1.0,1.0
1.65,1.2,1.0,1.0,1.0
1.7,1.2,1.0,1.0,1.0
1.75,1.2,1.0,1.0,1.0
1.8,1.2,1.0,1.0,1.0
1.85,1.2,1.0,1.0,1.0
1.9,1.2,1.0,1.0,1.0
1.95,1.2,1.0,1.0,1.0
2.0,1.2,1.0,1.0,1.0
2.05,1.2,1.0,1.0,1.0
2.1,1.2,1.0,1.0,1.0
2.15,1.2,1.0,1.0,1.0
2.2,1.2,1.0,1.0,1.0
2.25,1.2,1.0,1.0,1.0
2.3,1.2,1.0,1.0,1.0
2.35,1.2,1.0,1.0,1.0
2.4,1.2,1.0,1.0,1.0
2.45,1.2,1.0,1.0,1.0
2.5,1.2,1.0,1.0,1.0
2.55,1.2,1.0,1.0,1.0
2.6,1.2,1.0,1.0,1.0
2.65,1.2,1.0,1.0,1.0
2.7,1.2,1.0,1.0,1.0
2.75,1.2,1.0,1.0,1.0
2.8,1.2,1.0,1.0,1.0
2.85,1.2,1.0,1.0,1.0
2.9,1.2,1.0,1.0,1.0
2.95,1.2,1.0,1.0,1.0
3.0,1.2,1.0,1.0,1.0
3.05,1.2,1.0,1.0,1.0
3.1,1.2,1.0,1.0,1.0
3.15,1.2,1.0,1.0,1.0
3.2,1.2,1.0,1.0,1.0
3.25,1.2,1.0,1.0,1.0
3.3,1.2,1.0,1.0,1.0
3.35,1.2,1.0,1.0,1.0
3.4,1.2,1.0,1.0,1.0
3.45,1.2,1.0,1.0,1.0
3.5,1.2,1.0,1.0,1.0
3.55,1.2,1.0,1.0,1.0
3.6,1.2,1.0,1.0,1.0
3.65,1.2,1.0,1.0,1.0
3.7,1.2,1.0,1.0,1.0
3.75,1.2,1.0,1.0,1.0
3.8,1.2,1.0,1.0,1.0
3.85,1.2,1.0,1.0,1.0
3.9,1.2,1.0,1.0,1.0
3.95,1.2,1.0,1.0,1.0
4.0,1.2,1.0,1.0,1.0
-4.0,1.25,1.0,0.9971,0.9637
-3.95,1.25,1.0,0.9997,0.966
-3.9,1.25,1.0,1.0,0.9681
-3.85,1.25,1.0,1.0,0.9695
-3.8,1.25,1.0,1.0,0.9706
-3.75,1.25,1.0,1.0,0.9706
-3.7,1.25,1.0,1.0,0.9695
-3.65,1.25,1.0,1.0,0.9683
-3.6,1.25,1.0,1.0,0.9675
-3.55,1.25,1.0,1.0,0.9664
-3.5,1.25,1.0,1.0,0.9649
-3.45,1.25,1.0,1.0,0.9619
-3.4,1.25,1.0,1.0,0.9583
-3.35,1.25,1.0,1.0,0.9542
-3.3,1.25,1.0,1.0,0.9497
-3.25,1.25,1.0,1.0,0.9452
-3.2,1.25,1.0,1.0,0.9404
-3.15,1.25,1.0,1.0,0.935
-3.1,1.25,1.0,1.0,0.9284
-3.05,1.25,1.0,1.0,0.9207
-3.0,1.25,1.0,1.0,0.9123
-2.95,1.25,1.0,1.0,0.903
-2.9,1.25,1.0,1.0,0.8921
-2.85,1.25,1.0,1.0,0.88
-2.8,1.25,1.0,1.0,0.8669
-2.75,1.25,1.0,1.0,0.8525
-2.7,1.25,1.0,1.0,0.8369
-2.65,1.25,1.0,1.0,0.8198
-2.6,1.25,1.0,1.0,0.801
-2.55,1.25,1.0,1.0,0.7827
-2.5,1.25,1.0,1.0,0.7619
-2.45,1.25,1.0,1.0,0.7398
-2.4,1.25,1.0,1.0,0.7164
-2.35,1.25,1.0,1.0,0.6918
-2.3,1.25,1.0,1.0,0.6655
-2.25,1.25,1.0,1.0,0.6401
-2.2,1.25,1.0,0.9995,0.6177
-2.15,1.25,1.0,0.9927,0.5952
-2.1,1.25,1.0,0.8796,0.5741
-2.05,1.25,1.0,0.2935,0.5588
-2.0,1.25,0.9995,0.0412,0.5432
-1.95,1.25,0.9943,0.0144,0.5343
-1.9,1.25,0.9366,0.0087,0.5343
-1.85,1.25,0.5564,0.007,0.5343
-1.8,1.25,0.1017,0.0058,0.5343
-1.75,1.25,0.0141,0.0051,0.5343
-1.7,1.25,0.0072,0.0052,0.5343
-1.65,1.25,0.0052,0.0053,0.5343
-1.6,1.25,0.0041,0.0054,0.5343
-1.55,1.25,0.0043,0.0055,0.5343
-1.5,1.25,0.004,0.006,0.5343
-1.45,1.25,0.004,0.0073,0.5343
-1.4,1.25,0.0039,0.0089,0.5343
-1.35,1.25,0.0039,0.0113,0.5412
-1.3,1.25,0.0036,0.0156,0.5501
-1.25,1.25,0.0035,0.0216,0.5586
-1.2,1.25,0.0033,0.0313,0.5669
-1.15,1.25,0.0031,0.0451,0.5788
-1.1,1.25,0.0029,0.0712,0.5906
-1.05,1.25,0.0028,0.2478,0.6012
-1.0,1.25,0.0077,0.7404,0.6117
-0.95,1.25,0.0463,0.9629,0.6221
-0.9,1.25,0.0902,0.9859,0.6324
-0.85,1.25,0.1237,0.9877,0.6369
-0.8,1.25,0.1626,0.9892,0.6404
-0.75,1.25,0.2096,0.985,0.6432
-0.7,1.25,0.2658,0.9706,0.6459
-0.65,1.25,0.2984,0.9439,0.6487
-0.6,1.25,0.2958,0.9001,0.6515
-0.55,1.25,0.4368,0.8252,0.6542
-0.5,1.25,0.762,0.7066,0.6587
-0.45,1.25,0.9607,0.56,0.6646
-0.4,1.25,0.9952,0.4403,0.668
-0.35,1.25,0.9985,0.402,0.6698
-0.3,1.25,0.9995,0.4123,0.67
-0.25,1.25,0.9999,0.4243,0.6707
-0.2,1.25,1.0,0.4389,0.6719
-0.15,1.25,1.0,0.4543,0.675
-0.1,1.25,1.0,0.472,0.6807
-0.05,1.25,1.0,0.4897,0.6864
0.0,1.25,1.0,0.5092,0.6921
0.05,1.25,1.0,0.5359,0.6977
0.1,1.25,1.0,0.572,0.705
0.15,1.25,1.0,0.6052,0.7207
0.2,1.25,1.0,0.6322,0.7371
0.25,1.25,1.0,0.6544,0.754
0.3,1.25,1.0,0.6916,0.771
0.35,1.25,1.0,0.7234,0.7891
0.4,1.25,1.0,0.753,0.8069
0.45,1.25,1.0,0.7922,0.829
0.5,1.25,1.0,0.8583,0.8546
0.55,1.25,1.0,0.9257,0.8786
0.6,1.25,1.0,0.9656,0.9062
0.65,1.25,1.0,0.9872,0.927
0.7,1.25,1.0,0.9955,0.9439
0.75,1.25,1.0,0.9985,0.957
0.8,1.25,1.0,0.9996,0.9688
0.85,1.25,1.0,0.9999,0.9777
0.9,1.25,1.0,1.0,0.9842
0.95,1.25,1.0,1.0,0.9888
1.0,1.25,1.0,1.0,0.9923
1.05,1.25,1.0,1.0,0.9948
1.1,1.25,1.0,1.0,0.9965
1.15,1.25,1.0,1.0,0.9977
1.2,1.25,1.0,1.0,0.9987
1.25,1.25,1.0,1.0,0.9994
1.3,1.25,1.0,1.0,0.9997
1.35,1.25,1.0,1.0,0.9999
1.4,1.25,1.0,1.0,1.0
1.45,1.25,1.0,1.0,1.0
1.5,1.25,1.0,1.0,1.0
1.55,1.25,1.0,1.0,1.0
1.6,1.25,1.0,1.0,1.0
1.65,1.25,1.0,1.0,1.0
1.7,1.25,1.0,1.0,1.0
1.75,1.25,1.0,1.0,1.0
1.8,1.25,1.0,1.0,1.0
1.85,1.25,1.0,1.0,1.0
1.9,1.25,1.0,1.0,1.0
1.95,1.25,1.0,1.0,1.0
2.0,1.25,1.0,1.0,1.0
2.05,1.25,1.0,1.0,1.0
2.1,1.25,1.0,1.0,1.0
2.15,1.25,1.0,1.0,1.0
2.2,1.25,1.0,1.0,1.0
2.25,1.25,1.0,1.0,1.0
2.3,1.25,1.0,1.0,1.0
2.35,1.25,1.0,1.0,1.0
2.4,1.25,1.0,1.0,1.0
2.45,1.25,1.0,1.0,1.0
2.5,1.25,1.0,1.0,1.0
2.55,1.25,1.0,1.0,1.0
2.6,1.25,1.0,1.0,1.0
2.65,1.25,1.0,1.0,1.0
2.7,1.25,1.0,1.0,1.0
2.75,1.25,1.0,1.0,1.0
2.8,1.25,1.0,1.0,1.0
2.85,1.25,1.0,1.0,1.0
2.9,1.25,1.0,1.0,1.0
2.95,1.25,1.0,1.0,1.0
3.0,1.25,1.0,1.0,1.0
3.05,1.25,1.0,1.0,1.0
3.1,1.25,1.0,1.0,1.0
3.15,1.25,1.0,1.0,1.0
3.2,1.25,1.0,1.0,1.0
3.25,1.25,1.0,1.0,1.0
3.3,1.25,1.0,1.0,1.0
3.35,1.25,1.0,1.0,1.0
3.4,1.25,1.0,1.0,1.0
3.45,1.25,1.0,1.0,1.0
3.5,1.25,1.0,1.0,1.0
3.55,1.25,1.0,1.0,1.0
3.6,1.25,1.0,1.0,1.0
3.65,1.25,1.0,1.0,1.0
3.7,1.25,1.0,1.0,1.0
3.75,1.25,1.0,1.0,1.0
3.8,1.25,1.0,1.0,1.0
3.85,1.25,1.0,1.0,1.0
3.9,1.25,1.0,1.0,1.0
3.95,1.25,1.0,1.0,1.0
4.0,1.25,1.0,1.0,1.0
-4.0,1.3,1.0,1.0,0.9741
-3.95,1.3,1.0,1.0,0.9751
-3.9,1.3,1.0,1.0,0.9761
-3.85,1.3,1.0,1.0,0.9754
-3.8,1.3,1.0,1.0,0.9744
-3.75,1.3,1.0,1.0,0.9735
-3.7,1.3,1.0,1.0,0.9729
-3.65,1.3,1.0,1.0,0.9717
-3.6,1.3,1.0,1.0,0.9699
-3.55,1.3,1.0,1.0,0.9671
-3.5,1.3,1.0,1.0,0.964
-3.45,1.3,1.0,1.0,0.9605
-3.4,1.3,1.0,1.0,0.9566
-3.35,1.3,1.0,1.0,0.9523
-3.3,1.3,1.0,1.0,0.9481
-3.25,1.3,1.0,1.0,0.9432
-3.2,1.3,1.0,1.0,0.9375
-3.15,1.3,1.0,1.0,0.9307
-3.1,1.3,1.0,1.0,0.9233
-3.05,1.3,1.0,1.0,0.9151
-3.0,1.3,1.0,1.0,0.9055
-2.95,1.3,1.0,1.0,0.8949
-2.9,1.3,1.0,1.0,0.8832
-2.85,1.3,1.0,1.0,0.8704
-2.8,1.3,1.0,1.0,0.8564
-2.75,1.3,1.0,1.0,0.8411
-2.7,1.3,1.0,1.0,0.8242
-2.65,1.3,1.0,1.0,0.8057
-2.6,1.3,1.0,1.0,0.7869
-2.55,1.3,1.0,1.0,0.7664
-2.5,1.3,1.0,1.0,0.7446
-2.45,1.3,1.0,1.0,0.7214
-2.4,1.3,1.0,1.0,0.6971
-2.35,1.3,1.0,1.0,0.6711
-2.3,1.3,1.0,0.9999,0.6457
-2.25,1.3,1.0,0.9991,0.623
-2.2,1.3,1.0,0.9858,0.6006
-2.15,1.3,1.0,0.8055,0.5778
-2.1,1.3,0.9999,0.1957,0.5615
-2.05,1.3,0.999,0.0309,0.5459
-2.0,1.3,0.9881,0.0117,0.5343
-1.95,1.3,0.8745,0.0068,0.5343
-1.9,1.3,0.3718,0.0053,0.5343
-1.85,1.3,0.0516,0.0045,0.5343
-1.8,1.3,0.0068,0.0039,0.5343
-1.75,1.3,0.0039,0.0039,0.5343
-1.7,1.3,0.0028,0.004,0.5343
-1.65,1.3,0.0022,0.0041,0.5343
-1.6,1.3,0.002,0.0042,0.5343
-1.55,1.3,0.002,0.0044,0.5343
-1.5,1.3,0.002,0.0052,0.5343
-1.45,1.3,0.002,0.0064,0.5343
-1.4,1.3,0.002,0.0082,0.5409
-1.35,1.3,0.002,0.0114,0.5498
-1.3,1.3,0.002,0.016,0.5586
-1.25,1.3,0.0019,0.0231,0.5674
-1.2,1.3,0.0018,0.0335,0.5795
-1.15,1.3,0.0016,0.0524,0.5915
-1.1,1.3,0.0017,0.1635,0.603
-1.05,1.3,0.0042,0.6095,0.6141
-1.0,1.3,0.0271,0.9444,0.6251
-0.95,1.3,0.1162,0.992,0.6359
-0.9,1.3,0.1577,0.9945,0.643
-0.85,1.3,0.2053,0.9952,0.6471
-0.8,1.3,0.2608,0.9958,0.6501
-0.75,1.3,0.3251,0.9923,0.6529
-0.7,1.3,0.3825,0.9848,0.6557
-0.65,1.3,0.4003,0.9702,0.6587
-0.6,1.3,0.4071,0.9457,0.6616
-0.55,1.3,0.6245,0.9033,0.6658
-0.5,1.3,0.8502,0.8296,0.6719
-0.45,1.3,0.9768,0.7132,0.6782
-0.4,1.3,0.9966,0.566,0.6815
-0.35,1.3,0.9989,0.453,0.6836
-0.3,1.3,0.9997,0.4177,0.6853
-0.25,1.3,0.9999,0.4263,0.687
-0.2,1.3,1.0,0.4386,0.6919
-0.15,1.3,1.0,0.4533,0.6975
-0.1,1.3,1.0,0.4698,0.7031
-0.05,1.3,1.0,0.4875,0.7087
0.0,1.3,1.0,0.5079,0.719
0.05,1.3,1.0,0.5293,0.7337
0.1,1.3,1.0,0.5535,0.7512
0.15,1.3,1.0,0.5874,0.7692
0.2,1.3,1.0,0.6369,0.7864
0.25,1.3,1.0,0.69,0.8035
0.3,1.3,1.0,0.7347,0.8203
0.35,1.3,1.0,0.774,0.8363
0.4,1.3,1.0,0.8355,0.8573
0.45,1.3,1.0,0.9089,0.8797
0.5,1.3,1.0,0.9574,0.8999
0.55,1.3,1.0,0.9817,0.9233
0.6,1.3,1.0,0.9936,0.942
0.65,1.3,1.0,0.9978,0.9563
0.7,1.3,1.0,0.9993,0.9669
0.75,1.3,1.0,0.9998,0.9757
0.8,1.3,1.0,0.9999,0.9827
0.85,1.3,1.0,1.0,0.9879
0.9,1.3,1.0,1.0,0.9917
0.95,1.3,1.0,1.0,0.9945
1.0,1.3,1.0,1.0,0.9965
1.05,1.3,1.0,1.0,0.9976
1.1,1.3,1.0,1.0,0.9984
1.15,1.3,1.0,1.0,0.999
1.2,1.3,1.0,1.0,0.9994
1.25,1.3,1.0,1.0,0.9997
1.3,1.3,1.0,1.0,0.9999
1.35,1.3,1.0,1.0,0.9999
1.4,1.3,1.0,1.0,1.0
1.45,1.3,1.0,1.0,1.0
1.5,1.3,1.0,1.0,1.0
1.55,1.3,1.0,1.0,1.0
1.6,1.3,1.0,1.0,1.0
1.65,1.3,1.0,1.0,1.0
1.7,1.3,1.0,1.0,1.0
1.75,1.3,1.0,1.0,1.0
1.8,1.3,1.0,1.0,1.0
1.85,1.3,1.0,1.0,1.0
1.9,1.3,1.0,1.0,1.0
1.95,1.3,1.0,1.0,1.0
2.0,1.3,1.0,1.0,1.0
2.05,1.3,1.0,1.0,1.0
2.1,1.3,1.0,1.0,1.0
2.15,1.3,1.0,1.0,1.0
2.2,1.3,1.0,1.0,1.0
2.25,1.3,1.0,1.0,1.0
2.3,1.3,1.0,1.0,1.0
2.35,1.3,1.0,1.0,1.0
2.4,1.3,1.0,1.0,1.0
2.45,1.3,1.0,1.0,1.0
2.5,1.3,1.0,1.0,1.0
2.55,1.3,1.0,1.0,1.0
2.6,1.3,1.0,1.0,1.0
2.65,1.3,1.0,1.0,1.0
2.7,1.3,1.0,1.0,1.0
2.75,1.3,1.0,1.0,1.0
2.8,1.3,1.0,1.0,1.0
2.85,1.3,1.0,1.0,1.0
2.9,1.3,1.0,1.0,1.0
2.95,1.3,1.0,1.0,1.0
3.0,1.3,1.0,1.0,1.0
3.05,1.3,1.0,1.0,1.0
3.1,1.3,1.0,1.0,1.0
3.15,1.3,1.0,1.0,1.0
3.2,1.3,1.0,1.0,1.0
3.25,1.3,1.0,1.0,1.0
3.3,1.3,1.0,1.0,1.0
3.35,1.3,1.0,1.0,1.0
3.4,1.3,1.0,1.0,1.0
3.45,1.3,1.0,1.0,1.0
3.5,1.3,1.0,1.0,1.0
3.55,1.3,1.0,1.0,1.0
3.6,1.3,1.0,1.0,1.0
3.65,1.3,1.0,1.0,1.0
3.7,1.3,1.0,1.0,1.0
3.75,1.3,1.0,1.0,1.0
3.8,1.3,1.0,1.0,1.0
3.85,1.3,1.0,1.0,1.0
3.9,1.3,1.0,1.0,1.0
3.95,1.3,1.0,1.0,1.0
4.0,1.3,1.0,1.0,1.0
-4.0,1.35,1.0,1.0,0.9802
-3.95,1.35,1.0,1.0,0.9794
-3.9,1.35,1.0,1.0,0.9785
-3.85,1.35,1.0,1.0,0.978
-3.8,1.35,1.0,1.0,0.9773
-3.75,1.35,1.0,1.0,0.9762
-3.7,1.35,1.0,1.0,0.9741
-3.65,1.35,1.0,1.0,0.9717
-3.6,1.35,1.0,1.0,0.969
-3.55,1.35,1.0,1.0,0.966
-3.5,1.35,1.0,1.0,0.9625
-3.45,1.35,1.0,1.0,0.9588
-3.4,1.35,1.0,1.0,0.9548
-3.35,1.35,1.0,1.0,0.9504
-3.3,1.35,1.0,1.0,0.9455
-3.25,1.35,1.0,1.0,0.9397
-3.2,1.35,1.0,1.0,0.9332
-3.15,1.35,1.0,1.0,0.926
-3.1,1.35,1.0,1.0,0.9177
-3.05,1.35,1.0,1.0,0.9083
-3.0,1.35,1.0,1.0,0.898
-2.95,1.35,1.0,1.0,0.8866
-2.9,1.35,1.0,1.0,0.8741
-2.85,1.35,1.0,1.0,0.8604
-2.8,1.35,1.0,1.0,0.8455
-2.75,1.35,1.0,1.0,0.8287
-2.7,1.35,1.0,1.0,0.8105
-2.65,1.35,1.0,1.0,0.7911
-2.6,1.35,1.0,1.0,0.7709
-2.55,1.35,1.0,1.0,0.7493
-2.5,1.35,1.0,1.0,0.7264
-2.45,1.35,1.0,1.0,0.7023
-2.4,1.35,1.0,1.0,0.6766
-2.35,1.35,1.0,0.9999,0.6513
-2.3,1.35,1.0,0.9983,0.6283
-2.25,1.35,1.0,0.9738,0.606
-2.2,1.35,1.0,0.7013,0.5833
-2.15,1.35,0.9998,0.1359,0.5641
-2.1,1.35,0.998,0.0238,0.5486
-2.05,1.35,0.9756,0.0095,0.5343
-2.0,1.35,0.7669,0.0056,0.5343
-1.95,1.35,0.2184,0.004,0.5343
-1.9,1.35,0.0254,0.0035,0.5343
-1.85,1.35,0.0033,0.003,0.5343
-1.8,1.35,0.0021,0.003,0.5343
-1.75,1.35,0.0015,0.003,0.5343
-1.7,1.35,0.0011,0.0031,0.5343
-1.65,1.35,0.0009,0.0031,0.5343
-1.6,1.35,0.0009,0.0033,0.5343
-1.55,1.35,0.0009,0.0037,0.5343
-1.5,1.35,0.0009,0.0046,0.5343
-1.45,1.35,0.001,0.006,0.5407
-1.4,1.35,0.0011,0.0083,0.5497
-1.35,1.35,0.0011,0.0117,0.5588
-1.3,1.35,0.0011,0.0171,0.568
-1.25,1.35,0.001,0.0247,0.5807
-1.2,1.35,0.0009,0.0384,0.5938
-1.15,1.35,0.001,0.1078,0.6065
-1.1,1.35,0.0024,0.4607,0.6178
-1.05,1.35,0.0155,0.8946,0.6288
-1.0,1.35,0.0939,0.9896,0.6398
-0.95,1.35,0.1988,0.9976,0.6497
-0.9,1.35,0.2558,0.9979,0.654
-0.85,1.35,0.3194,0.9982,0.6581
-0.8,1.35,0.3906,0.9981,0.661
-0.75,1.35,0.4556,0.9961,0.664
-0.7,1.35,0.5047,0.9923,0.6671
-0.65,1.35,0.5037,0.9847,0.6703
-0.6,1.35,0.566,0.9713,0.6748
-0.55,1.35,0.7824,0.9477,0.6812
-0.5,1.35,0.902,0.9065,0.6878
-0.45,1.35,0.9864,0.8354,0.694
-0.4,1.35,0.9975,0.7237,0.6982
-0.35,1.35,0.9993,0.5739,0.7002
-0.3,1.35,0.9998,0.4791,0.7031
-0.25,1.35,1.0,0.4402,0.7085
-0.2,1.35,1.0,0.4405,0.7139
-0.15,1.35,1.0,0.453,0.7208
-0.1,1.35,1.0,0.4677,0.7337
-0.05,1.35,1.0,0.4853,0.7499
0.0,1.35,1.0,0.5066,0.7676
0.05,1.35,1.0,0.528,0.7848
0.1,1.35,1.0,0.5566,0.8011
0.15,1.35,1.0,0.6087,0.8172
0.2,1.35,1.0,0.6667,0.833
0.25,1.35,1.0,0.7257,0.8482
0.3,1.35,1.0,0.792,0.8625
0.35,1.35,1.0,0.8753,0.8822
0.4,1.35,1.0,0.9424,0.9011
0.45,1.35,1.0,0.9746,0.9181
0.5,1.35,1.0,0.9906,0.938
0.55,1.35,1.0,0.9968,0.9533
0.6,1.35,1.0,0.9989,0.9649
0.65,1.35,1.0,0.9996,0.9739
0.7,1.35,1.0,0.9999,0.9813
0.75,1.35,1.0,1.0,0.9871
0.8,1.35,1.0,1.0,0.9912
0.85,1.35,1.0,1.0,0.9941
0.9,1.35,1.0,1.0,0.996
0.95,1.35,1.0,1.0,0.9974
1.0,1.35,1.0,1.0,0.9984
1.05,1.35,1.0,1.0,0.9989
1.1,1.35,1.0,1.0,0.9993
1.15,1.35,1.0,1.0,0.9995
1.2,1.35,1.0,1.0,0.9997
1.25,1.35,1.0,1.0,0.9999
1.3,1.35,1.0,1.0,0.9999
1.35,1.35,1.0,1.0,1.0
1.4,1.35,1.0,1.0,1.0
1.45,1.35,1.0,1.0,1.0
1.5,1.35,1.0,1.0,1.0
1.55,1.35,1.0,1.0,1.0
1.6,1.35,1.0,1.0,1.0
1.65,1.35,1.0,1.0,1.0
1.7,1.35,1.0,1.0,1.0
1.75,1.35,1.0,1.0,1.0
1.8,1.35,1.0,1.0,1.0
1.85,1.35,1.0,1.0,1.0
1.9,1.35,1.0,1.0,1.0
1.95,1.35,1.0,1.0,1.0
2.0,1.35,1.0,1.0,1.0
2.05,1.35,1.0,1.0,1.0
2.1,1.35,1.0,1.0,1.0
2.15,1.35,1.0,1.0,1.0
2.2,1.35,1.0,1.0,1.0
2.25,1.35,1.0,1.0,1.0
2.3,1.35,1.0,1.0,1.0
2.35,1.35,1.0,1.0,1.0
2.4,1.35,1.0,1.0,1.0
2.45,1.35,1.0,1.0,1.0
2.5,1.35,1.0,1.0,1.0
2.55,1.35,1.0,1.0,1.0
2.6,1.35,1.0,1.0,1.0
2.65,1.35,1.0,1.0,1.0
2.7,1.35,1.0,1.0,1.0
2.75,1.35,1.0,1.0,1.0
2.8,1.35,1.0,1.0,1.0
2.85,1.35,1.0,1.0,1.0
2.9,1.35,1.0,1.0,1.0
2.95,1.35,1.0,1.0,1.0
3.0,1.35,1.0,1.0,1.0
3.05,1.35,1.0,1.0,1.0
3.1,1.35,1.0,1.0,1.0
3.15,1.35,1.0,1.0,1.0
3.2,1.35,1.0,1.0,1.0
3.25,1.35,1.0,1.0,1.0
3.3,1.35,1.0,1.0,1.0
3.35,1.35,1.0,1.0,1.0
3.4,1.35,1.0,1.0,1.0
3.45,1.35,1.0,1.0,1.0
3.5,1.35,1.0,1.0,1.0
3.55,1.35,1.0,1.0,1.0
3.6,1.35,1.0,1.0,1.0
3.65,1.35,1.0,1.0,1.0
3.7,1.35,1.0,1.0,1.0
3.75,1.35,1.0,1.0,1.0
3.8,1.35,1.0,1.0,1.0
3.85,1.35,1.0,1.0,1.0
3.9,1.35,1.0,1.0,1.0
3.95,1.35,1.0,1.0,1.0
4.0,1.35,1.0,1.0,1.0
-4.0,1.4,1.0,1.0,0.9823
-3.95,1.4,1.0,1.0,0.9819
-3.9,1.4,1.0,1.0,0.9811
-3.85,1.4,1.0,1.0,0.9798
-3.8,1.4,1.0,1.0,0.9779
-3.75,1.4,1.0,1.0,0.9758
-3.7,1.4,1.0,1.0,0.9735
-3.65,1.4,1.0,1.0,0.9709
-3.6,1.4,1.0,1.0,0.968
-3.55,1.4,1.0,1.0,0.9648
-3.5,1.4,1.0,1.0,0.9612
-3.45,1.4,1.0,1.0,0.9571
-3.4,1.4,1.0,1.0,0.9528
-3.35,1.4,1.0,1.0,0.9478
-3.3,1.4,1.0,1.0,0.9421
-3.25,1.4,1.0,1.0,0.9358
-3.2,1.4,1.0,1.0,0.9286
-3.15,1.4,1.0,1.0,0.9203
-3.1,1.4,1.0,1.0,0.9112
-3.05,1.4,1.0,1.0,0.9011
-3.0,1.4,1.0,1.0,0.8901
-2.95,1.4,1.0,1.0,0.8779
-2.9,1.4,1.0,1.0,0.8646
-2.85,1.4,1.0,1.0,0.8499
-2.8,1.4,1.0,1.0,0.8334
-2.75,1.4,1.0,1.0,0.8152
-2.7,1.4,1.0,1.0,0.7954
-2.65,1.4,1.0,1.0,0.7755
-2.6,1.4,1.0,1.0,0.7542
-2.55,1.4,1.0,1.0,0.7316
-2.5,1.4,1.0,1.0,0.7077
-2.45,1.4,1.0,1.0,0.6824
-2.4,1.4,1.0,0.9997,0.6571
-2.35,1.4,1.0,0.9968,0.6338
-2.3,1.4,1.0,0.9554,0.6116
-2.25,1.4,1.0,0.5711,0.589
-2.2,1.4,0.9997,0.0923,0.567
-2.15,1.4,0.9959,0.0191,0.5516
-2.1,1.4,0.9509,0.0079,0.5359
-2.05,1.4,0.6086,0.0046,0.5343
-2.0,1.4,0.1166,0.0031,0.5343
-1.95,1.4,0.0124,0.0027,0.5343
-1.9,1.4,0.0018,0.0023,0.5343
-1.85,1.4,0.0011,0.0022,0.5343
-1.8,1.4,0.0008,0.0023,0.5343
-1.75,1.4,0.0005,0.0023,0.5343
-1.7,1.4,0.0004,0.0024,0.5343
-1.65,1.4,0.0004,0.0024,0.5343
-1.6,1.4,0.0004,0.0027,0.5343
-1.55,1.4,0.0004,0.0034,0.5343
-1.5,1.4,0.0005,0.0044,0.5419
-1.45,1.4,0.0006,0.0061,0.5513
-1.4,1.4,0.0006,0.0086,0.5608
-1.35,1.4,0.0006,0.0126,0.5701
-1.3,1.4,0.0006,0.0183,0.5828
-1.25,1.4,0.0006,0.028,0.5962
-1.2,1.4,0.0006,0.0616,0.6094
-1.15,1.4,0.0013,0.3185,0.6222
-1.1,1.4,0.0086,0.8118,0.6336
-1.05,1.4,0.0542,0.9808,0.6445
-1.0,1.4,0.2414,0.9978,0.6554
-0.95,1.4,0.3083,0.9991,0.6615
-0.9,1.4,0.3803,0.9992,0.6661
-0.85,1.4,0.4577,0.9993,0.6699
-0.8,1.4,0.5289,0.999,0.6731
-0.75,1.4,0.5823,0.998,0.6762
-0.7,1.4,0.6225,0.9961,0.6794
-0.65,1.4,0.6117,0.9922,0.6842
-0.6,1.4,0.7289,0.985,0.6912
-0.55,1.4,0.8869,0.9723,0.6984
-0.5,1.4,0.9371,0.9495,0.7056
-0.45,1.4,0.9919,0.9096,0.7109
-0.4,1.4,0.9981,0.8425,0.7148
-0.35,1.4,0.9995,0.7337,0.7193
-0.3,1.4,0.9999,0.5862,0.7256
-0.25,1.4,1.0,0.5113,0.7373
-0.2,1.4,1.0,0.4667,0.7513
-0.15,1.4,1.0,0.4549,0.7673
-0.1,1.4,1.0,0.4674,0.7834
-0.05,1.4,1.0,0.484,0.7995
0.0,1.4,1.0,0.506,0.815
0.05,1.4,1.0,0.5482,0.8301
0.1,1.4,1.0,0.5909,0.845
0.15,1.4,1.0,0.6433,0.8594
0.2,1.4,1.0,0.7244,0.8728
0.25,1.4,1.0,0.8066,0.8859
0.3,1.4,1.0,0.9073,0.9034
0.35,1.4,1.0,0.9616,0.9192
0.4,1.4,1.0,0.9846,0.9338
0.45,1.4,1.0,0.9945,0.95
0.5,1.4,1.0,0.9982,0.9624
0.55,1.4,1.0,0.9994,0.9724
0.6,1.4,1.0,0.9998,0.9799
0.65,1.4,1.0,0.9999,0.9861
0.7,1.4,1.0,1.0,0.9905
0.75,1.4,1.0,1.0,0.9937
0.8,1.4,1.0,1.0,0.9958
0.85,1.4,1.0,1.0,0.9971
0.9,1.4,1.0,1.0,0.9981
0.95,1.4,1.0,1.0,0.9988
1.0,1.4,1.0,1.0,0.9992
1.05,1.4,1.0,1.0,0.9995
1.1,1.4,1.0,1.0,0.9997
1.15,1.4,1.0,1.0,0.9998
1.2,1.4,1.0,1.0,0.9999
1.25,1.4,1.0,1.0,0.9999
1.3,1.4,1.0,1.0,1.0
1.35,1.4,1.0,1.0,1.0
1.4,1.4,1.0,1.0,1.0
1.45,1.4,1.0,1.0,1.0
1.5,1.4,1.0,1.0,1.0
1.55,1.4,1.0,1.0,1.0
1.6,1.4,1.0,1.0,1.0
1.65,1.4,1.0,1.0,1.0
1.7,1.4,1.0,1.0,1.0
1.75,1.4,1.0,1.0,1.0
1.8,1.4,1.0,1.0,1.0
1.85,1.4,1.0,1.0,1.0
1.9,1.4,1.0,1.0,1.0
1.95,1.4,1.0,1.0,1.0
2.0,1.4,1.0,1.0,1.0
2.05,1.4,1.0,1.0,1.0
2.1,1.4,1.0,1.0,1.0
2.15,1.4,1.0,1.0,1.0
2.2,1.4,1.0,1.0,1.0
2.25,1.4,1.0,1.0,1.0
2.3,1.4,1.0,1.0,1.0
2.35,1.4,1.0,1.0,1.0
2.4,1.4,1.0,1.0,1.0
2.45,1.4,1.0,1.0,1.0
2.5,1.4,1.0,1.0,1.0
2.55,1.4,1.0,1.0,1.0
2.6,1.4,1.0,1.0,1.0
2.65,1.4,1.0,1.0,1.0
2.7,1.4,1.0,1.0,1.0
2.75,1.4,1.0,1.0,1.0
2.8,1.4,1.0,1.0,1.0
2.85,1.4,1.0,1.0,1.0
2.9,1.4,1.0,1.0,1.0
2.95,1.4,1.0,1.0,1.0
3.0,1.4,1.0,1.0,1.0
3.05,1.4,1.0,1.0,1.0
3.1,1.4,1.0,1.0,1.0
3.15,1.4,1.0,1.0,1.0
3.2,1.4,1.0,1.0,1.0
3.25,1.4,1.0,1.0,1.0
3.3,1.4,1.0,1.0,1.0
3.35,1.4,1.0,1.0,1.0
3.4,1.4,1.0,1.0,1.0
3.45,1.4,1.0,1.0,1.0
3.5,1.4,1.0,1.0,1.0
3.55,1.4,1.0,1.0,1.0
3.6,1.4,1.0,1.0,1.0
3.65,1.4,1.0,1.0,1.0
3.7,1.4,1.0,1.0,1.0
3.75,1.4,1.0,1.0,1.0
3.8,1.4,1.0,1.0,1.0
3.85,1.4,1.0,1.0,1.0
3.9,1.4,1.0,1.0,1.0
3.95,1.4,1.0,1.0,1.0
4.0,1.4,1.0,1.0,1.0
-4.0,1.45,1.0,1.0,0.9843
-3.95,1.45,1.0,1.0,0.9829
-3.9,1.45,1.0,1.0,0.9812
-3.85,1.45,1.0,1.0,0.9794
-3.8,1.45,1.0,1.0,0.9774
-3.75,1.45,1.0,1.0,0.9752
-3.7,1.45,1.0,1.0,0.9727
-3.65,1.45,1.0,1.0,0.97
-3.6,1.45,1.0,1.0,0.9668
-3.55,1.45,1.0,1.0,0.9632
-3.5,1.45,1.0,1.0,0.9593
-3.45,1.45,1.0,1.0,0.955
-3.4,1.45,1.0,1.0,0.95
-3.35,1.45,1.0,1.0,0.9445
-3.3,1.45,1.0,1.0,0.9382
-3.25,1.45,1.0,1.0,0.931
-3.2,1.45,1.0,1.0,0.923
-3.15,1.45,1.0,1.0,0.9142
-3.1,1.45,1.0,1.0,0.9044
-3.05,1.45,1.0,1.0,0.8937
-3.0,1.45,1.0,1.0,0.8819
-2.95,1.45,1.0,1.0,0.869
-2.9,1.45,1.0,1.0,0.8545
-2.85,1.45,1.0,1.0,0.8385
-2.8,1.45,1.0,1.0,0.8204
-2.75,1.45,1.0,1.0,0.8003
-2.7,1.45,1.0,1.0,0.7807
-2.65,1.45,1.0,1.0,0.7598
-2.6,1.45,1.0,1.0,0.7377
-2.55,1.45,1.0,1.0,0.7142
-2.5,1.45,1.0,1.0,0.6893
-2.45,1.45,1.0,0.9995,0.6643
-2.4,1.45,1.0,0.9939,0.6414
-2.35,1.45,1.0,0.9249,0.619
-2.3,1.45,0.9999,0.4301,0.5966
-2.25,1.45,0.9993,0.0713,0.5741
-2.2,1.45,0.9916,0.0162,0.5562
-2.15,1.45,0.9036,0.0067,0.5404
-2.1,1.45,0.4265,0.0038,0.5343
-2.05,1.45,0.0588,0.0025,0.5343
-2.0,1.45,0.006,0.0021,0.5343
-1.95,1.45,0.001,0.0018,0.5343
-1.9,1.45,0.0006,0.0017,0.5343
-1.85,1.45,0.0004,0.0017,0.5343
-1.8,1.45,0.0003,0.0018,0.5343
-1.75,1.45,0.0002,0.0018,0.5343
-1.7,1.45,0.0002,0.0018,0.5343
-1.65,1.45,0.0002,0.002,0.5343
-1.6,1.45,0.0002,0.0025,0.5352
-1.55,1.45,0.0002,0.0033,0.5449
-1.5,1.45,0.0003,0.0044,0.5544
-1.45,1.45,0.0003,0.0063,0.564
-1.4,1.45,0.0003,0.0092,0.5735
-1.35,1.45,0.0003,0.0134,0.5864
-1.3,1.45,0.0003,0.0204,0.5997
-1.25,1.45,0.0004,0.0392,0.6128
-1.2,1.45,0.0008,0.2118,0.6259
-1.15,1.45,0.0048,0.7025,0.6384
-1.1,1.45,0.0307,0.9623,0.6502
-1.05,1.45,0.1725,0.9971,0.6614
-1.0,1.45,0.3638,0.9994,0.6703
-0.95,1.45,0.4407,0.9997,0.6748
-0.9,1.45,0.5203,0.9997,0.6792
-0.85,1.45,0.5934,0.9998,0.6826
-0.8,1.45,0.6483,0.9995,0.6857
-0.75,1.45,0.6876,0.999,0.689
-0.7,1.45,0.7147,0.998,0.6954
-0.65,1.45,0.7146,0.996,0.7025
-0.6,1.45,0.8406,0.9922,0.7098
-0.55,1.45,0.9385,0.9855,0.7182
-0.5,1.45,0.9593,0.9733,0.7264
-0.45,1.45,0.995,0.9512,0.7322
-0.4,1.45,0.9988,0.9125,0.7429
-0.35,1.45,0.9997,0.848,0.7568
-0.3,1.45,0.9999,0.7435,0.7701
-0.25,1.45,1.0,0.6032,0.7854
-0.2,1.45,1.0,0.5434,0.8005
-0.15,1.45,1.0,0.4977,0.8152
-0.1,1.45,1.0,0.473,0.8296
-0.05,1.45,1.0,0.497,0.8436
0.0,1.45,1.0,0.539,0.8576
0.05,1.45,1.0,0.5846,0.8711
0.1,1.45,1.0,0.6413,0.8835
0.15,1.45,1.0,0.7384,0.8949
0.2,1.45,1.0,0.8403,0.9069
0.25,1.45,1.0,0.9299,0.9222
0.3,1.45,1.0,0.9714,0.9353
0.35,1.45,1.0,0.9889,0.948
0.4,1.45,1.0,0.9965,0.9616
0.45,1.45,1.0,0.9989,0.9718
0.5,1.45,1.0,0.9997,0.9793
0.55,1.45,1.0,0.9999,0.9853
0.6,1.45,1.0,1.0,0.9899
0.65,1.45,1.0,1.0,0.993
0.7,1.45,1.0,1.0,0.9953
0.75,1.45,1.0,1.0,0.9969
0.8,1.45,1.0,1.0,0.9979
0.85,1.45,1.0,1.0,0.9987
0.9,1.45,1.0,1.0,0.9991
0.95,1.45,1.0,1.0,0.9994
1.0,1.45,1.0,1.0,0.9996
1.05,1.45,1.0,1.0,0.9998
1.1,1.45,1.0,1.0,0.9999
1.15,1.45,1.0,1.0,0.9999
1.2,1.45,1.0,1.0,0.9999
1.25,1.45,1.0,1.0,1.0
1.3,1.45,1.0,1.0,1.0
1.35,1.45,1.0,1.0,1.0
1.4,1.45,1.0,1.0,1.0
1.45,1.45,1.0,1.0,1.0
1.5,1.45,1.0,1.0,1.0
1.55,1.45,1.0,1.0,1.0
1.6,1.45,1.0,1.0,1.0
1.65,1.45,1.0,1.0,1.0
1.7,1.45,1.0,1.0,1.0
1.75,1.45,1.0,1.0,1.0
1.8,1.45,1.0,1.0,1.0
1.85,1.45,1.0,1.0,1.0
1.9,1.45,1.0,1.0,1.0
1.95,1.45,1.0,1.0,1.0
2.0,1.45,1.0,1.0,1.0
2.05,1.45,1.0,1.0,1.0
2.1,1.45,1.0,1.0,1.0
2.15,1.45,1.0,1.0,1.0
2.2,1.45,1.0,1.0,1.0
2.25,1.45,1.0,1.0,1.0
2.3,1.45,1.0,1.0,1.0
2.35,1.45,1.0,1.0,1.0
2.4,1.45,1.0,1.0,1.0
2.45,1.45,1.0,1.0,1.0
2.5,1.45,1.0,1.0,1.0
2.55,1.45,1.0,1.0,1.0
2.6,1.45,1.0,1.0,1.0
2.65,1.45,1.0,1.0,1.0
2.7,1.45,1.0,1.0,1.0
2.75,1.45,1.0,1.0,1.0
2.8,1.45,1.0,1.0,1.0
2.85,1.45,1.0,1.0,1.0
2.9,1.45,1.0,1.0,1.0
2.95,1.45,1.0,1.0,1.0
3.0,1.45,1.0,1.0,1.0
3.05,1.45,1.0,1.0,1.0
3.1,1.45,1.0,1.0,1.0
3.15,1.45,1.0,1.0,1.0
3.2,1.45,1.0,1.0,1.0
3.25,1.45,1.0,1.0,1.0
3.3,1.45,1.0,1.0,1.0
3.35,1.45,1.0,1.0,1.0
3.4,1.45,1.0,1.0,1.0
3.45,1.45,1.0,1.0,1.0
3.5,1.45,1.0,1.0,1.0
3.55,1.45,1.0,1.0,1.0
3.6,1.45,1.0,1.0,1.0
3.65,1.45,1.0,1.0,1.0
3.7,1.45,1.0,1.0,1.0
3.75,1.45,1.0,1.0,1.0
3.8,1.45,1.0,1.0,1.0
3.85,1.45,1.0,1.0,1.0
3.9,1.45,1.0,1.0,1.0
3.95,1.45,1.0,1.0,1.0
4.0,1.45,1.0,1.0,1.0
-4.0,1.5,1.0,1.0,0.9841
-3.95,1.5,1.0,1.0,0.9825
-3.9,1.5,1.0,1.0,0.9808
-3.85,1.5,1.0,1.0,0.9789
-3.8,1.5,1.0,1.0,0.9768
-3.75,1.5,1.0,1.0,0.9745
-3.7,1.5,1.0,1.0,0.9717
-3.65,1.5,1.0,1.0,0.9686
-3.6,1.5,1.0,1.0,0.9652
-3.55,1.5,1.0,1.0,0.9612
-3.5,1.5,1.0,1.0,0.9569
-3.45,1.5,1.0,1.0,0.9522
-3.4,1.5,1.0,1.0,0.9467
-3.35,1.5,1.0,1.0,0.9406
-3.3,1.5,1.0,1.0,0.9336
-3.25,1.5,1.0,1.0,0.9259
-3.2,1.5,1.0,1.0,0.9174
-3.15,1.5,1.0,1.0,0.908
-3.1,1.5,1.0,1.0,0.8977
-3.05,1.5,1.0,1.0,0.8864
-3.0,1.5,1.0,1.0,0.8739
-2.95,1.5,1.0,1.0,0.8599
-2.9,1.5,1.0,1.0,0.8443
-2.85,1.5,1.0,1.0,0.8263
-2.8,1.5,1.0,1.0,0.8067
-2.75,1.5,1.0,1.0,0.7866
-2.7,1.5,1.0,1.0,0.7661
-2.65,1.5,1.0,1.0,0.7443
-2.6,1.5,1.0,1.0,0.7212
-2.55,1.5,1.0,0.9999,0.6968
-2.5,1.5,1.0,0.9991,0.6719
-2.45,1.5,1.0,0.9899,0.6492
-2.4,1.5,1.0,0.8754,0.6266
-2.35,1.5,0.9999,0.2997,0.6044
-2.3,1.5,0.9986,0.0562,0.5817
-2.25,1.5,0.983,0.0142,0.5607
-2.2,1.5,0.8215,0.0056,0.545
-2.15,1.5,0.2684,0.0031,0.5343
-2.1,1.5,0.0294,0.0021,0.5343
-2.05,1.5,0.003,0.0016,0.5343
-2.0,1.5,0.0005,0.0014,0.5343
-1.95,1.5,0.0003,0.0013,0.5343
-1.9,1.5,0.0002,0.0013,0.5343
-1.85,1.5,1e-04,0.0013,0.5343
-1.8,1.5,1e-04,0.0014,0.5343
-1.75,1.5,1e-04,0.0014,0.5343
-1.7,1.5,1e-04,0.0015,0.5343
-1.65,1.5,1e-04,0.0019,0.5386
-1.6,1.5,1e-04,0.0025,0.5482
-1.55,1.5,1e-04,0.0032,0.5578
-1.5,1.5,0.0002,0.0047,0.5673
-1.45,1.5,0.0002,0.0068,0.5768
-1.4,1.5,0.0002,0.0099,0.5902
-1.35,1.5,0.0002,0.0148,0.6038
-1.3,1.5,0.0002,0.0286,0.6172
-1.25,1.5,0.0005,0.1109,0.6304
-1.2,1.5,0.0023,0.5637,0.6434
-1.15,1.5,0.0169,0.9272,0.6553
-1.1,1.5,0.1022,0.9937,0.6668
-1.05,1.5,0.4059,0.9994,0.6782
-1.0,1.5,0.5024,0.9998,0.6834
-0.95,1.5,0.5821,0.9999,0.6878
-0.9,1.5,0.6538,0.9999,0.692
-0.85,1.5,0.7041,0.9999,0.6957
-0.8,1.5,0.7381,0.9998,0.7009
-0.75,1.5,0.7682,0.9995,0.7093
-0.7,1.5,0.7775,0.999,0.7177
-0.65,1.5,0.8001,0.998,0.7259
-0.6,1.5,0.9077,0.996,0.7339
-0.55,1.5,0.9547,0.9925,0.7431
-0.5,1.5,0.9741,0.986,0.7568
-0.45,1.5,0.9967,0.9742,0.774
-0.4,1.5,0.9992,0.9528,0.7885
-0.35,1.5,0.9998,0.9153,0.8032
-0.3,1.5,1.0,0.8523,0.8174
-0.25,1.5,1.0,0.7531,0.8307
-0.2,1.5,1.0,0.6463,0.8441
-0.15,1.5,1.0,0.5942,0.857
-0.1,1.5,1.0,0.5647,0.8702
-0.05,1.5,1.0,0.5514,0.8827
0.0,1.5,1.0,0.5849,0.8941
0.05,1.5,1.0,0.6718,0.9046
0.1,1.5,1.0,0.7709,0.9141
0.15,1.5,1.0,0.8746,0.926
0.2,1.5,1.0,0.9469,0.9393
0.25,1.5,1.0,0.9785,0.9503
0.3,1.5,1.0,0.9918,0.9614
0.35,1.5,1.0,0.9974,0.9716
0.4,1.5,1.0,0.9992,0.9792
0.45,1.5,1.0,0.9998,0.985
0.5,1.5,1.0,0.9999,0.9895
0.55,1.5,1.0,1.0,0.9928
0.6,1.5,1.0,1.0,0.995
0.65,1.5,1.0,1.0,0.9966
0.7,1.5,1.0,1.0,0.9978
0.75,1.5,1.0,1.0,0.9985
0.8,1.5,1.0,1.0,0.999
0.85,1.5,1.0,1.0,0.9994
0.9,1.5,1.0,1.0,0.9996
0.95,1.5,1.0,1.0,0.9998
1.0,1.5,1.0,1.0,0.9998
1.05,1.5,1.0,1.0,0.9999
1.1,1.5,1.0,1.0,0.9999
1.15,1.5,1.0,1.0,1.0
1.2,1.5,1.0,1.0,1.0
1.25,1.5,1.0,1.0,1.0
1.3,1.5,1.0,1.0,1.0
1.35,1.5,1.0,1.0,1.0
1.4,1.5,1.0,1.0,1.0
1.45,1.5,1.0,1.0,1.0
1.5,1.5,1.0,1.0,1.0
1.55,1.5,1.0,1.0,1.0
1.6,1.5,1.0,1.0,1.0
1.65,1.5,1.0,1.0,1.0
1.7,1.5,1.0,1.0,1.0
1.75,1.5,1.0,1.0,1.0
1.8,1.5,1.0,1.0,1.0
1.85,1.5,1.0,1.0,1.0
1.9,1.5,1.0,1.0,1.0
1.95,1.5,1.0,1.0,1.0
2.0,1.5,1.0,1.0,1.0
2.05,1.5,1.0,1.0,1.0
2.1,1.5,1.0,1.0,1.0
2.15,1.5,1.0,1.0,1.0
2.2,1.5,1.0,1.0,1.0
2.25,1.5,1.0,1.0,1.0
2.3,1.5,1.0,1.0,1.0
2.35,1.5,1.0,1.0,1.0
2.4,1.5,1.0,1.0,1.0
2.45,1.5,1.0,1.0,1.0
2.5,1.5,1.0,1.0,1.0
2.55,1.5,1.0,1.0,1.0
2.6,1.5,1.0,1.0,1.0
2.65,1.5,1.0,1.0,1.0
2.7,1.5,1.0,1.0,1.0
2.75,1.5,1.0,1.0,1.0
2.8,1.5,1.0,1.0,1.0
2.85,1.5,1.0,1.0,1.0
2.9,1.5,1.0,1.0,1.0
2.95,1.5,1.0,1.0,1.0
3.0,1.5,1.0,1.0,1.0
3.05,1.5,1.0,1.0,1.0
3.1,1.5,1.0,1.0,1.0
3.15,1.5,1.0,1.0,1.0
3.2,1.5,1.0,1.0,1.0
3.25,1.5,1.0,1.0,1.0
3.3,1.5,1.0,1.0,1.0
3.35,1.5,1.0,1.0,1.0
3.4,1.5,1.0,1.0,1.0
3.45,1.5,1.0,1.0,1.0
3.5,1.5,1.0,1.0,1.0
3.55,1.5,1.0,1.0,1.0
3.6,1.5,1.0,1.0,1.0
3.65,1.5,1.0,1.0,1.0
3.7,1.5,1.0,1.0,1.0
3.75,1.5,1.0,1.0,1.0
3.8,1.5,1.0,1.0,1.0
3.85,1.5,1.0,1.0,1.0
3.9,1.5,1.0,1.0,1.0
3.95,1.5,1.0,1.0,1.0
4.0,1.5,1.0,1.0,1.0
-4.0,1.55,1.0,1.0,0.9838
-3.95,1.55,1.0,1.0,0.9822
-3.9,1.55,1.0,1.0,0.9804
-3.85,1.55,1.0,1.0,0.9783
-3.8,1.55,1.0,1.0,0.976
-3.75,1.55,1.0,1.0,0.9734
-3.7,1.55,1.0,1.0,0.9705
-3.65,1.55,1.0,1.0,0.9671
-3.6,1.55,1.0,1.0,0.9631
-3.55,1.55,1.0,1.0,0.959
-3.5,1.55,1.0,1.0,0.9543
-3.45,1.55,1.0,1.0,0.949
-3.4,1.55,1.0,1.0,0.943
-3.35,1.55,1.0,1.0,0.9363
-3.3,1.55,1.0,1.0,0.9289
-3.25,1.55,1.0,1.0,0.9207
-3.2,1.55,1.0,1.0,0.9117
-3.15,1.55,1.0,1.0,0.9017
-3.1,1.55,1.0,1.0,0.8908
-3.05,1.55,1.0,1.0,0.8788
-3.0,1.55,1.0,1.0,0.8651
-2.95,1.55,1.0,1.0,0.8496
-2.9,1.55,1.0,1.0,0.8321
-2.85,1.55,1.0,1.0,0.813
-2.8,1.55,1.0,1.0,0.7925
-2.75,1.55,1.0,1.0,0.7723
-2.7,1.55,1.0,1.0,0.7508
-2.65,1.55,1.0,1.0,0.7281
-2.6,1.55,1.0,0.9999,0.7041
-2.55,1.55,1.0,0.9984,0.6794
-2.5,1.55,1.0,0.983,0.6569
-2.45,1.55,1.0,0.7993,0.6341
-2.4,1.55,0.9998,0.2151,0.6123
-2.35,1.55,0.9973,0.0442,0.59
-2.3,1.55,0.9671,0.0123,0.5687
-2.25,1.55,0.7006,0.0047,0.5502
-2.2,1.55,0.1572,0.0026,0.5349
-2.15,1.55,0.0148,0.0018,0.5343
-2.1,1.55,0.0015,0.0013,0.5343
-2.05,1.55,0.0003,0.0011,0.5343
-2.0,1.55,0.0002,0.001,0.5343
-1.95,1.55,1e-04,0.001,0.5343
-1.9,1.55,1e-04,0.001,0.5343
-1.85,1.55,0.0,0.001,0.5343
-1.8,1.55,0.0,0.001,0.5343
-1.75,1.55,0.0,0.0012,0.5343
-1.7,1.55,1e-04,0.0014,0.5419
-1.65,1.55,1e-04,0.0018,0.5516
-1.6,1.55,1e-04,0.0024,0.5614
-1.55,1.55,1e-04,0.0034,0.5711
-1.5,1.55,1e-04,0.005,0.5812
-1.45,1.55,1e-04,0.0073,0.5949
-1.4,1.55,1e-04,0.0108,0.6084
-1.35,1.55,1e-04,0.0209,0.6218
-1.3,1.55,0.0003,0.0563,0.6349
-1.25,1.55,0.0012,0.4141,0.6479
-1.2,1.55,0.0092,0.8671,0.6603
-1.15,1.55,0.0581,0.9871,0.6718
-1.1,1.55,0.2858,0.9991,0.6831
-1.05,1.55,0.5551,0.9999,0.6912
-1.0,1.55,0.6305,0.9999,0.6976
-0.95,1.55,0.7001,1.0,0.7049
-0.9,1.55,0.748,1.0,0.7109
-0.85,1.55,0.7814,0.9999,0.7172
-0.8,1.55,0.8086,0.9999,0.7254
-0.75,1.55,0.8321,0.9998,0.7334
-0.7,1.55,0.8317,0.9995,0.742
-0.65,1.55,0.883,0.999,0.7515
-0.6,1.55,0.9488,0.998,0.7607
-0.55,1.55,0.967,0.9961,0.7806
-0.5,1.55,0.9838,0.9927,0.8014
-0.45,1.55,0.9978,0.9865,0.8189
-0.4,1.55,0.9997,0.9751,0.8331
-0.35,1.55,1.0,0.9544,0.8455
-0.3,1.55,1.0,0.9181,0.8576
-0.25,1.55,1.0,0.8564,0.8694
-0.2,1.55,1.0,0.7855,0.8819
-0.15,1.55,1.0,0.7423,0.8934
-0.1,1.55,1.0,0.7208,0.9039
-0.05,1.55,1.0,0.733,0.9135
0.0,1.55,1.0,0.7559,0.923
0.05,1.55,1.0,0.7993,0.9317
0.1,1.55,1.0,0.9029,0.9434
0.15,1.55,1.0,0.9599,0.9537
0.2,1.55,1.0,0.9839,0.9623
0.25,1.55,1.0,0.9939,0.9714
0.3,1.55,1.0,0.9981,0.979
0.35,1.55,1.0,0.9994,0.9849
0.4,1.55,1.0,0.9998,0.9892
0.45,1.55,1.0,1.0,0.9925
0.5,1.55,1.0,1.0,0.9949
0.55,1.55,1.0,1.0,0.9965
0.6,1.55,1.0,1.0,0.9976
0.65,1.55,1.0,1.0,0.9984
0.7,1.55,1.0,1.0,0.999
0.75,1.55,1.0,1.0,0.9993
0.8,1.55,1.0,1.0,0.9996
0.85,1.55,1.0,1.0,0.9997
0.9,1.55,1.0,1.0,0.9998
0.95,1.55,1.0,1.0,0.9999
1.0,1.55,1.0,1.0,0.9999
1.05,1.55,1.0,1.0,1.0
1.1,1.55,1.0,1.0,1.0
1.15,1.55,1.0,1.0,1.0
1.2,1.55,1.0,1.0,1.0
1.25,1.55,1.0,1.0,1.0
1.3,1.55,1.0,1.0,1.0
1.35,1.55,1.0,1.0,1.0
1.4,1.55,1.0,1.0,1.0
1.45,1.55,1.0,1.0,1.0
1.5,1.55,1.0,1.0,1.0
1.55,1.55,1.0,1.0,1.0
1.6,1.55,1.0,1.0,1.0
1.65,1.55,1.0,1.0,1.0
1.7,1.55,1.0,1.0,1.0
1.75,1.55,1.0,1.0,1.0
1.8,1.55,1.0,1.0,1.0
1.85,1.55,1.0,1.0,1.0
1.9,1.55,1.0,1.0,1.0
1.95,1.55,1.0,1.0,1.0
2.0,1.55,1.0,1.0,1.0
2.05,1.55,1.0,1.0,1.0
2.1,1.55,1.0,1.0,1.0
2.15,1.55,1.0,1.0,1.0
2.2,1.55,1.0,1.0,1.0
2.25,1.55,1.0,1.0,1.0
2.3,1.55,1.0,1.0,1.0
2.35,1.55,1.0,1.0,1.0
2.4,1.55,1.0,1.0,1.0
2.45,1.55,1.0,1.0,1.0
2.5,1.55,1.0,1.0,1.0
2.55,1.55,1.0,1.0,1.0
2.6,1.55,1.0,1.0,1.0
2.65,1.55,1.0,1.0,1.0
2.7,1.55,1.0,1.0,1.0
2.75,1.55,1.0,1.0,1.0
2.8,1.55,1.0,1.0,1.0
2.85,1.55,1.0,1.0,1.0
2.9,1.55,1.0,1.0,1.0
2.95,1.55,1.0,1.0,1.0
3.0,1.55,1.0,1.0,1.0
3.05,1.55,1.0,1.0,1.0
3.1,1.55,1.0,1.0,1.0
3.15,1.55,1.0,1.0,1.0
3.2,1.55,1.0,1.0,1.0
3.25,1.55,1.0,1.0,1.0
3.3,1.55,1.0,1.0,1.0
3.35,1.55,1.0,1.0,1.0
3.4,1.55,1.0,1.0,1.0
3.45,1.55,1.0,1.0,1.0
3.5,1.55,1.0,1.0,1.0
3.55,1.55,1.0,1.0,1.0
3.6,1.55,1.0,1.0,1.0
3.65,1.55,1.0,1.0,1.0
3.7,1.55,1.0,1.0,1.0
3.75,1.55,1.0,1.0,1.0
3.8,1.55,1.0,1.0,1.0
3.85,1.55,1.0,1.0,1.0
3.9,1.55,1.0,1.0,1.0
3.95,1.55,1.0,1.0,1.0
4.0,1.55,1.0,1.0,1.0
-4.0,1.6,1.0,1.0,0.9834
-3.95,1.6,1.0,1.0,0.9817
-3.9,1.6,1.0,1.0,0.9797
-3.85,1.6,1.0,1.0,0.9774
-3.8,1.6,1.0,1.0,0.975
-3.75,1.6,1.0,1.0,0.9722
-3.7,1.6,1.0,1.0,0.9688
-3.65,1.6,1.0,1.0,0.9649
-3.6,1.6,1.0,1.0,0.9609
-3.55,1.6,1.0,1.0,0.9564
-3.5,1.6,1.0,1.0,0.9512
-3.45,1.6,1.0,1.0,0.9454
-3.4,1.6,1.0,1.0,0.939
-3.35,1.6,1.0,1.0,0.9318
-3.3,1.6,1.0,1.0,0.924
-3.25,1.6,1.0,1.0,0.9153
-3.2,1.6,1.0,1.0,0.9057
-3.15,1.6,1.0,1.0,0.8951
-3.1,1.6,1.0,1.0,0.8834
-3.05,1.6,1.0,1.0,0.8701
-3.0,1.6,1.0,1.0,0.8547
-2.95,1.6,1.0,1.0,0.8377
-2.9,1.6,1.0,1.0,0.8191
-2.85,1.6,1.0,1.0,0.7989
-2.8,1.6,1.0,1.0,0.7785
-2.75,1.6,1.0,1.0,0.7573
-2.7,1.6,1.0,1.0,0.7349
-2.65,1.6,1.0,0.9998,0.7115
-2.6,1.6,1.0,0.9972,0.6872
-2.55,1.6,1.0,0.9708,0.6655
-2.5,1.6,1.0,0.6931,0.6431
-2.45,1.6,0.9996,0.1511,0.6218
-2.4,1.6,0.9947,0.0346,0.6
-2.35,1.6,0.9372,0.0107,0.5789
-2.3,1.6,0.5432,0.0041,0.5589
-2.25,1.6,0.0866,0.0022,0.5422
-2.2,1.6,0.0075,0.0015,0.5343
-2.15,1.6,0.0008,0.001,0.5343
-2.1,1.6,0.0002,0.0009,0.5343
-2.05,1.6,1e-04,0.0007,0.5343
-2.0,1.6,1e-04,0.0007,0.5343
-1.95,1.6,0.0,0.0008,0.5343
-1.9,1.6,0.0,0.0008,0.5343
-1.85,1.6,0.0,0.0008,0.5343
-1.8,1.6,0.0,0.0009,0.536
-1.75,1.6,0.0,0.001,0.5458
-1.7,1.6,0.0,0.0014,0.5556
-1.65,1.6,0.0,0.0018,0.5654
-1.6,1.6,0.0,0.0025,0.5751
-1.55,1.6,0.0,0.0037,0.586
-1.5,1.6,1e-04,0.0053,0.5996
-1.45,1.6,1e-04,0.0078,0.613
-1.4,1.6,1e-04,0.0152,0.6263
-1.35,1.6,0.0002,0.0304,0.6394
-1.3,1.6,0.0007,0.2272,0.6523
-1.25,1.6,0.0048,0.7812,0.665
-1.2,1.6,0.0314,0.9746,0.6767
-1.15,1.6,0.1733,0.9979,0.6882
-1.1,1.6,0.5681,0.9998,0.7025
-1.05,1.6,0.6744,1.0,0.7103
-1.0,1.6,0.7391,1.0,0.7179
-0.95,1.6,0.7848,1.0,0.7255
-0.9,1.6,0.8164,1.0,0.7329
-0.85,1.6,0.8413,1.0,0.7414
-0.8,1.6,0.8627,0.9999,0.7504
-0.75,1.6,0.8777,0.9999,0.7597
-0.7,1.6,0.8823,0.9997,0.7687
-0.65,1.6,0.9343,0.9995,0.7839
-0.6,1.6,0.9734,0.999,0.8025
-0.55,1.6,0.976,0.998,0.8263
-0.5,1.6,0.9952,0.9962,0.8446
-0.45,1.6,0.9996,0.993,0.8591
-0.4,1.6,1.0,0.987,0.8701
-0.35,1.6,1.0,0.9759,0.881
-0.3,1.6,1.0,0.9596,0.8926
-0.25,1.6,1.0,0.9365,0.9032
-0.2,1.6,1.0,0.9039,0.9135
-0.15,1.6,1.0,0.8788,0.9229
-0.1,1.6,1.0,0.8843,0.9314
-0.05,1.6,1.0,0.8942,0.9393
0.0,1.6,1.0,0.9063,0.9473
0.05,1.6,1.0,0.9426,0.9568
0.1,1.6,1.0,0.9718,0.9647
0.15,1.6,1.0,0.9882,0.9718
0.2,1.6,1.0,0.9956,0.9789
0.25,1.6,1.0,0.9986,0.9848
0.3,1.6,1.0,0.9996,0.9891
0.35,1.6,1.0,0.9999,0.9922
0.4,1.6,1.0,1.0,0.9947
0.45,1.6,1.0,1.0,0.9964
0.5,1.6,1.0,1.0,0.9976
0.55,1.6,1.0,1.0,0.9983
0.6,1.6,1.0,1.0,0.9989
0.65,1.6,1.0,1.0,0.9993
0.7,1.6,1.0,1.0,0.9995
0.75,1.6,1.0,1.0,0.9997
0.8,1.6,1.0,1.0,0.9998
0.85,1.6,1.0,1.0,0.9999
0.9,1.6,1.0,1.0,0.9999
0.95,1.6,1.0,1.0,1.0
1.0,1.6,1.0,1.0,1.0
1.05,1.6,1.0,1.0,1.0
1.1,1.6,1.0,1.0,1.0
1.15,1.6,1.0,1.0,1.0
1.2,1.6,1.0,1.0,1.0
1.25,1.6,1.0,1.0,1.0
1.3,1.6,1.0,1.0,1.0
1.35,1.6,1.0,1.0,1.0
1.4,1.6,1.0,1.0,1.0
1.45,1.6,1.0,1.0,1.0
1.5,1.6,1.0,1.0,1.0
1.55,1.6,1.0,1.0,1.0
1.6,1.6,1.0,1.0,1.0
1.65,1.6,1.0,1.0,1.0
1.7,1.6,1.0,1.0,1.0
1.75,1.6,1.0,1.0,1.0
1.8,1.6,1.0,1.0,1.0
1.85,1.6,1.0,1.0,1.0
1.9,1.6,1.0,1.0,1.0
1.95,1.6,1.0,1.0,1.0
2.0,1.6,1.0,1.0,1.0
2.05,1.6,1.0,1.0,1.0
2.1,1.6,1.0,1.0,1.0
2.15,1.6,1.0,1.0,1.0
2.2,1.6,1.0,1.0,1.0
2.25,1.6,1.0,1.0,1.0
2.3,1.6,1.0,1.0,1.0
2.35,1.6,1.0,1.0,1.0
2.4,1.6,1.0,1.0,1.0
2.45,1.6,1.0,1.0,1.0
2.5,1.6,1.0,1.0,1.0
2.55,1.6,1.0,1.0,1.0
2.6,1.6,1.0,1.0,1.0
2.65,1.6,1.0,1.0,1.0
2.7,1.6,1.0,1.0,1.0
2.75,1.6,1.0,1.0,1.0
2.8,1.6,1.0,1.0,1.0
2.85,1.6,1.0,1.0,1.0
2.9,1.6,1.0,1.0,1.0
2.95,1.6,1.0,1.0,1.0
3.0,1.6,1.0,1.0,1.0
3.05,1.6,1.0,1.0,1.0
3.1,1.6,1.0,1.0,1.0
3.15,1.6,1.0,1.0,1.0
3.2,1.6,1.0,1.0,1.0
3.25,1.6,1.0,1.0,1.0
3.3,1.6,1.0,1.0,1.0
3.35,1.6,1.0,1.0,1.0
3.4,1.6,1.0,1.0,1.0
3.45,1.6,1.0,1.0,1.0
3.5,1.6,1.0,1.0,1.0
3.55,1.6,1.0,1.0,1.0
3.6,1.6,1.0,1.0,1.0
3.65,1.6,1.0,1.0,1.0
3.7,1.6,1.0,1.0,1.0
3.75,1.6,1.0,1.0,1.0
3.8,1.6,1.0,1.0,1.0
3.85,1.6,1.0,1.0,1.0
3.9,1.6,1.0,1.0,1.0
3.95,1.6,1.0,1.0,1.0
4.0,1.6,1.0,1.0,1.0
-4.0,1.65,1.0,1.0,0.9828
-3.95,1.65,1.0,1.0,0.9809
-3.9,1.65,1.0,1.0,0.9788
-3.85,1.65,1.0,1.0,0.9764
-3.8,1.65,1.0,1.0,0.9737
-3.75,1.65,1.0,1.0,0.9704
-3.7,1.65,1.0,1.0,0.9665
-3.65,1.65,1.0,1.0,0.9627
-3.6,1.65,1.0,1.0,0.9582
-3.55,1.65,1.0,1.0,0.9532
-3.5,1.65,1.0,1.0,0.9477
-3.45,1.65,1.0,1.0,0.9415
-3.4,1.65,1.0,1.0,0.9346
-3.35,1.65,1.0,1.0,0.9271
-3.3,1.65,1.0,1.0,0.9187
-3.25,1.65,1.0,1.0,0.9094
-3.2,1.65,1.0,1.0,0.8992
-3.15,1.65,1.0,1.0,0.8878
-3.1,1.65,1.0,1.0,0.8747
-3.05,1.65,1.0,1.0,0.8596
-3.0,1.65,1.0,1.0,0.8431
-2.95,1.65,1.0,1.0,0.8251
-2.9,1.65,1.0,1.0,0.8056
-2.85,1.65,1.0,1.0,0.7851
-2.8,1.65,1.0,1.0,0.7648
-2.75,1.65,1.0,1.0,0.7432
-2.7,1.65,1.0,0.9995,0.7205
-2.65,1.65,1.0,0.9953,0.6968
-2.6,1.65,1.0,0.9504,0.6756
-2.55,1.65,0.9999,0.5615,0.6538
-2.5,1.65,0.9992,0.1211,0.6326
-2.45,1.65,0.9896,0.0271,0.6114
-2.4,1.65,0.8835,0.0094,0.5899
-2.35,1.65,0.3767,0.0035,0.5702
-2.3,1.65,0.0459,0.0019,0.5498
-2.25,1.65,0.0038,0.0012,0.5345
-2.2,1.65,0.0004,0.0008,0.5343
-2.15,1.65,1e-04,0.0007,0.5343
-2.1,1.65,0.0,0.0006,0.5343
-2.05,1.65,0.0,0.0006,0.5343
-2.0,1.65,0.0,0.0006,0.5343
-1.95,1.65,0.0,0.0006,0.5343
-1.9,1.65,0.0,0.0006,0.5343
-1.85,1.65,0.0,0.0007,0.5401
-1.8,1.65,0.0,0.0008,0.5498
-1.75,1.65,0.0,0.001,0.5596
-1.7,1.65,0.0,0.0013,0.5693
-1.65,1.65,0.0,0.0018,0.579
-1.6,1.65,0.0,0.0027,0.5906
-1.55,1.65,0.0,0.0039,0.6042
-1.5,1.65,0.0,0.0057,0.6176
-1.45,1.65,0.0,0.011,0.6308
-1.4,1.65,1e-04,0.0215,0.6439
-1.35,1.65,0.0004,0.1138,0.6567
-1.3,1.65,0.0022,0.6574,0.6695
-1.25,1.65,0.0166,0.9503,0.6823
-1.2,1.65,0.0987,0.9957,0.6957
-1.15,1.65,0.4076,0.9997,0.7122
-1.1,1.65,0.7152,1.0,0.7227
-1.05,1.65,0.7746,1.0,0.7301
-1.0,1.65,0.8174,1.0,0.7381
-0.95,1.65,0.8466,1.0,0.7486
-0.9,1.65,0.8682,1.0,0.7585
-0.85,1.65,0.887,1.0,0.7677
-0.8,1.65,0.9029,1.0,0.7765
-0.75,1.65,0.9111,0.9999,0.7882
-0.7,1.65,0.9187,0.9999,0.806
-0.65,1.65,0.9637,0.9997,0.8255
-0.6,1.65,0.9892,0.9995,0.847
-0.55,1.65,0.9953,0.999,0.8664
-0.5,1.65,0.9993,0.9981,0.8799
-0.45,1.65,0.9999,0.9964,0.8919
-0.4,1.65,1.0,0.9935,0.903
-0.35,1.65,1.0,0.9895,0.9134
-0.3,1.65,1.0,0.9838,0.9228
-0.25,1.65,1.0,0.9777,0.9313
-0.2,1.65,1.0,0.9718,0.939
-0.15,1.65,1.0,0.9647,0.946
-0.1,1.65,1.0,0.9607,0.9523
-0.05,1.65,1.0,0.9671,0.9597
0.0,1.65,1.0,0.9784,0.9672
0.05,1.65,1.0,0.9888,0.9732
0.1,1.65,1.0,0.9941,0.9789
0.15,1.65,1.0,0.9972,0.9849
0.2,1.65,1.0,0.999,0.9893
0.25,1.65,1.0,0.9997,0.9924
0.3,1.65,1.0,0.9999,0.9946
0.35,1.65,1.0,1.0,0.9964
0.4,1.65,1.0,1.0,0.9975
0.45,1.65,1.0,1.0,0.9983
0.5,1.65,1.0,1.0,0.9989
0.55,1.65,1.0,1.0,0.9992
0.6,1.65,1.0,1.0,0.9995
0.65,1.65,1.0,1.0,0.9997
0.7,1.65,1.0,1.0,0.9998
0.75,1.65,1.0,1.0,0.9999
0.8,1.65,1.0,1.0,0.9999
0.85,1.65,1.0,1.0,0.9999
0.9,1.65,1.0,1.0,1.0
0.95,1.65,1.0,1.0,1.0
1.0,1.65,1.0,1.0,1.0
1.05,1.65,1.0,1.0,1.0
1.1,1.65,1.0,1.0,1.0
1.15,1.65,1.0,1.0,1.0
1.2,1.65,1.0,1.0,1.0
1.25,1.65,1.0,1.0,1.0
1.3,1.65,1.0,1.0,1.0
1.35,1.65,1.0,1.0,1.0
1.4,1.65,1.0,1.0,1.0
1.45,1.65,1.0,1.0,1.0
1.5,1.65,1.0,1.0,1.0
1.55,1.65,1.0,1.0,1.0
1.6,1.65,1.0,1.0,1.0
1.65,1.65,1.0,1.0,1.0
1.7,1.65,1.0,1.0,1.0
1.75,1.65,1.0,1.0,1.0
1.8,1.65,1.0,1.0,1.0
1.85,1.65,1.0,1.0,1.0
1.9,1.65,1.0,1.0,1.0
1.95,1.65,1.0,1.0,1.0
2.0,1.65,1.0,1.0,1.0
2.05,1.65,1.0,1.0,1.0
2.1,1.65,1.0,1.0,1.0
2.15,1.65,1.0,1.0,1.0
2.2,1.65,1.0,1.0,1.0
2.25,1.65,1.0,1.0,1.0
2.3,1.65,1.0,1.0,1.0
2.35,1.65,1.0,1.0,1.0
2.4,1.65,1.0,1.0,1.0
2.45,1.65,1.0,1.0,1.0
2.5,1.65,1.0,1.0,1.0
2.55,1.65,1.0,1.0,1.0
2.6,1.65,1.0,1.0,1.0
2.65,1.65,1.0,1.0,1.0
2.7,1.65,1.0,1.0,1.0
2.75,1.65,1.0,1.0,1.0
2.8,1.65,1.0,1.0,1.0
2.85,1.65,1.0,1.0,1.0
2.9,1.65,1.0,1.0,1.0
2.95,1.65,1.0,1.0,1.0
3.0,1.65,1.0,1.0,1.0
3.05,1.65,1.0,1.0,1.0
3.1,1.65,1.0,1.0,1.0
3.15,1.65,1.0,1.0,1.0
3.2,1.65,1.0,1.0,1.0
3.25,1.65,1.0,1.0,1.0
3.3,1.65,1.0,1.0,1.0
3.35,1.65,1.0,1.0,1.0
3.4,1.65,1.0,1.0,1.0
3.45,1.65,1.0,1.0,1.0
3.5,1.65,1.0,1.0,1.0
3.55,1.65,1.0,1.0,1.0
3.6,1.65,1.0,1.0,1.0
3.65,1.65,1.0,1.0,1.0
3.7,1.65,1.0,1.0,1.0
3.75,1.65,1.0,1.0,1.0
3.8,1.65,1.0,1.0,1.0
3.85,1.65,1.0,1.0,1.0
3.9,1.65,1.0,1.0,1.0
3.95,1.65,1.0,1.0,1.0
4.0,1.65,1.0,1.0,1.0
-4.0,1.7,1.0,1.0,0.9821
-3.95,1.7,1.0,1.0,0.9801
-3.9,1.7,1.0,1.0,0.9778
-3.85,1.7,1.0,1.0,0.975
-3.8,1.7,1.0,1.0,0.9717
-3.75,1.7,1.0,1.0,0.9681
-3.7,1.7,1.0,1.0,0.9643
-3.65,1.7,1.0,1.0,0.96
-3.6,1.7,1.0,1.0,0.9552
-3.55,1.7,1.0,1.0,0.9499
-3.5,1.7,1.0,1.0,0.9439
-3.45,1.7,1.0,1.0,0.9373
-3.4,1.7,1.0,1.0,0.93
-3.35,1.7,1.0,1.0,0.922
-3.3,1.7,1.0,1.0,0.9131
-3.25,1.7,1.0,1.0,0.9032
-3.2,1.7,1.0,1.0,0.8921
-3.15,1.7,1.0,1.0,0.8794
-3.1,1.7,1.0,1.0,0.8652
-3.05,1.7,1.0,1.0,0.8495
-3.0,1.7,1.0,1.0,0.8324
-2.95,1.7,1.0,1.0,0.8138
-2.9,1.7,1.0,1.0,0.7936
-2.85,1.7,1.0,1.0,0.7731
-2.8,1.7,1.0,0.9999,0.7521
-2.75,1.7,1.0,0.9992,0.73
-2.7,1.7,1.0,0.9922,0.7068
-2.65,1.7,1.0,0.9168,0.6863
-2.6,1.7,0.9999,0.4206,0.6649
-2.55,1.7,0.9984,0.097,0.6436
-2.5,1.7,0.9797,0.022,0.6226
-2.45,1.7,0.794,0.0082,0.6012
-2.4,1.7,0.235,0.0031,0.5813
-2.35,1.7,0.0239,0.0017,0.5611
-2.3,1.7,0.0019,0.001,0.5421
-2.25,1.7,0.0002,0.0007,0.5343
-2.2,1.7,0.0,0.0005,0.5343
-2.15,1.7,0.0,0.0005,0.5343
-2.1,1.7,0.0,0.0004,0.5343
-2.05,1.7,0.0,0.0004,0.5343
-2.0,1.7,0.0,0.0005,0.5343
-1.95,1.7,0.0,0.0005,0.5351
-1.9,1.7,0.0,0.0005,0.5444
-1.85,1.7,0.0,0.0006,0.5538
-1.8,1.7,0.0,0.0008,0.5636
-1.75,1.7,0.0,0.001,0.5733
-1.7,1.7,0.0,0.0014,0.583
-1.65,1.7,0.0,0.002,0.5953
-1.6,1.7,0.0,0.0029,0.6088
-1.55,1.7,0.0,0.0042,0.6222
-1.5,1.7,0.0,0.008,0.6353
-1.45,1.7,1e-04,0.0156,0.6484
-1.4,1.7,0.0002,0.0557,0.6617
-1.35,1.7,0.0011,0.4263,0.6748
-1.3,1.7,0.0087,0.908,0.6878
-1.25,1.7,0.0541,0.9914,0.705
-1.2,1.7,0.2645,0.9993,0.7214
-1.15,1.7,0.6932,1.0,0.7362
-1.1,1.7,0.8062,1.0,0.7441
-1.05,1.7,0.8459,1.0,0.7519
-1.0,1.7,0.881,1.0,0.7635
-0.95,1.7,0.9038,1.0,0.7739
-0.9,1.7,0.9226,1.0,0.7832
-0.85,1.7,0.9377,1.0,0.7923
-0.8,1.7,0.9484,1.0,0.8102
-0.75,1.7,0.9547,1.0,0.8283
-0.7,1.7,0.9731,0.9999,0.8463
-0.65,1.7,0.995,0.9999,0.8657
-0.6,1.7,0.9985,0.9997,0.8832
-0.55,1.7,0.9993,0.9995,0.8995
-0.5,1.7,0.9999,0.999,0.9121
-0.45,1.7,1.0,0.9984,0.9227
-0.4,1.7,1.0,0.9974,0.9312
-0.35,1.7,1.0,0.9964,0.9388
-0.3,1.7,1.0,0.9953,0.9458
-0.25,1.7,1.0,0.9942,0.9521
-0.2,1.7,1.0,0.9927,0.9577
-0.15,1.7,1.0,0.991,0.9628
-0.1,1.7,1.0,0.9907,0.9695
-0.05,1.7,1.0,0.9931,0.9753
0.0,1.7,1.0,0.9959,0.9801
0.05,1.7,1.0,0.9979,0.9851
0.1,1.7,1.0,0.999,0.9894
0.15,1.7,1.0,0.9996,0.9925
0.2,1.7,1.0,0.9998,0.9947
0.25,1.7,1.0,0.9999,0.9963
0.3,1.7,1.0,1.0,0.9975
0.35,1.7,1.0,1.0,0.9983
0.4,1.7,1.0,1.0,0.9988
0.45,1.7,1.0,1.0,0.9992
0.5,1.7,1.0,1.0,0.9995
0.55,1.7,1.0,1.0,0.9997
0.6,1.7,1.0,1.0,0.9998
0.65,1.7,1.0,1.0,0.9999
0.7,1.7,1.0,1.0,0.9999
0.75,1.7,1.0,1.0,0.9999
0.8,1.7,1.0,1.0,1.0
0.85,1.7,1.0,1.0,1.0
0.9,1.7,1.0,1.0,1.0
0.95,1.7,1.0,1.0,1.0
1.0,1.7,1.0,1.0,1.0
1.05,1.7,1.0,1.0,1.0
1.1,1.7,1.0,1.0,1.0
1.15,1.7,1.0,1.0,1.0
1.2,1.7,1.0,1.0,1.0
1.25,1.7,1.0,1.0,1.0
1.3,1.7,1.0,1.0,1.0
1.35,1.7,1.0,1.0,1.0
1.4,1.7,1.0,1.0,1.0
1.45,1.7,1.0,1.0,1.0
1.5,1.7,1.0,1.0,1.0
1.55,1.7,1.0,1.0,1.0
1.6,1.7,1.0,1.0,1.0
1.65,1.7,1.0,1.0,1.0
1.7,1.7,1.0,1.0,1.0
1.75,1.7,1.0,1.0,1.0
1.8,1.7,1.0,1.0,1.0
1.85,1.7,1.0,1.0,1.0
1.9,1.7,1.0,1.0,1.0
1.95,1.7,1.0,1.0,1.0
2.0,1.7,1.0,1.0,1.0
2.05,1.7,1.0,1.0,1.0
2.1,1.7,1.0,1.0,1.0
2.15,1.7,1.0,1.0,1.0
2.2,1.7,1.0,1.0,1.0
2.25,1.7,1.0,1.0,1.0
2.3,1.7,1.0,1.0,1.0
2.35,1.7,1.0,1.0,1.0
2.4,1.7,1.0,1.0,1.0
2.45,1.7,1.0,1.0,1.0
2.5,1.7,1.0,1.0,1.0
2.55,1.7,1.0,1.0,1.0
2.6,1.7,1.0,1.0,1.0
2.65,1.7,1.0,1.0,1.0
2.7,1.7,1.0,1.0,1.0
2.75,1.7,1.0,1.0,1.0
2.8,1.7,1.0,1.0,1.0
2.85,1.7,1.0,1.0,1.0
2.9,1.7,1.0,1.0,1.0
2.95,1.7,1.0,1.0,1.0
3.0,1.7,1.0,1.0,1.0
3.05,1.7,1.0,1.0,1.0
3.1,1.7,1.0,1.0,1.0
3.15,1.7,1.0,1.0,1.0
3.2,1.7,1.0,1.0,1.0
3.25,1.7,1.0,1.0,1.0
3.3,1.7,1.0,1.0,1.0
3.35,1.7,1.0,1.0,1.0
3.4,1.7,1.0,1.0,1.0
3.45,1.7,1.0,1.0,1.0
3.5,1.7,1.0,1.0,1.0
3.55,1.7,1.0,1.0,1.0
3.6,1.7,1.0,1.0,1.0
3.65,1.7,1.0,1.0,1.0
3.7,1.7,1.0,1.0,1.0
3.75,1.7,1.0,1.0,1.0
3.8,1.7,1.0,1.0,1.0
3.85,1.7,1.0,1.0,1.0
3.9,1.7,1.0,1.0,1.0
3.95,1.7,1.0,1.0,1.0
4.0,1.7,1.0,1.0,1.0
-4.0,1.75,1.0,1.0,0.9812
-3.95,1.75,1.0,1.0,0.9789
-3.9,1.75,1.0,1.0,0.9761
-3.85,1.75,1.0,1.0,0.973
-3.8,1.75,1.0,1.0,0.9695
-3.75,1.75,1.0,1.0,0.9658
-3.7,1.75,1.0,1.0,0.9617
-3.65,1.75,1.0,1.0,0.9571
-3.6,1.75,1.0,1.0,0.952
-3.55,1.75,1.0,1.0,0.9462
-3.5,1.75,1.0,1.0,0.94
-3.45,1.75,1.0,1.0,0.9331
-3.4,1.75,1.0,1.0,0.9255
-3.35,1.75,1.0,1.0,0.9172
-3.3,1.75,1.0,1.0,0.908
-3.25,1.75,1.0,1.0,0.8973
-3.2,1.75,1.0,1.0,0.885
-3.15,1.75,1.0,1.0,0.8713
-3.1,1.75,1.0,1.0,0.8562
-3.05,1.75,1.0,1.0,0.8398
-3.0,1.75,1.0,1.0,0.8219
-2.95,1.75,1.0,1.0,0.8026
-2.9,1.75,1.0,1.0,0.7817
-2.85,1.75,1.0,0.9999,0.7614
-2.8,1.75,1.0,0.9987,0.7399
-2.75,1.75,1.0,0.9871,0.717
-2.7,1.75,1.0,0.8638,0.6969
-2.65,1.75,0.9997,0.3064,0.6759
-2.6,1.75,0.9968,0.0772,0.6546
-2.55,1.75,0.9608,0.0192,0.634
-2.5,1.75,0.6633,0.0071,0.6129
-2.45,1.75,0.1365,0.0028,0.5928
-2.4,1.75,0.0125,0.0014,0.5728
-2.35,1.75,0.001,0.0009,0.5529
-2.3,1.75,1e-04,0.0006,0.5344
-2.25,1.75,0.0,0.0004,0.5343
-2.2,1.75,0.0,0.0004,0.5343
-2.15,1.75,0.0,0.0003,0.5343
-2.1,1.75,0.0,0.0003,0.5343
-2.05,1.75,0.0,0.0004,0.5343
-2.0,1.75,0.0,0.0004,0.5394
-1.95,1.75,0.0,0.0004,0.5487
-1.9,1.75,0.0,0.0005,0.5579
-1.85,1.75,0.0,0.0006,0.5675
-1.8,1.75,0.0,0.0007,0.5772
-1.75,1.75,0.0,0.001,0.5869
-1.7,1.75,0.0,0.0014,0.6
-1.65,1.75,0.0,0.0021,0.6134
-1.6,1.75,0.0,0.0031,0.6267
-1.55,1.75,0.0,0.0058,0.6403
-1.5,1.75,0.0,0.0113,0.6537
-1.45,1.75,1e-04,0.0279,0.6671
-1.4,1.75,0.0006,0.2323,0.6803
-1.35,1.75,0.0045,0.8353,0.6959
-1.3,1.75,0.029,0.9829,0.715
-1.25,1.75,0.1582,0.9986,0.7323
-1.2,1.75,0.5414,0.9999,0.7486
-1.15,1.75,0.8341,1.0,0.7578
-1.1,1.75,0.907,1.0,0.7665
-1.05,1.75,0.9482,1.0,0.7776
-1.0,1.75,0.9603,1.0,0.7883
-0.95,1.75,0.9703,1.0,0.7974
-0.9,1.75,0.9781,1.0,0.8127
-0.85,1.75,0.9837,1.0,0.8314
-0.8,1.75,0.9871,1.0,0.8486
-0.75,1.75,0.995,1.0,0.866
-0.7,1.75,0.9987,1.0,0.8841
-0.65,1.75,0.9998,0.9999,0.9006
-0.6,1.75,0.9999,0.9999,0.9158
-0.55,1.75,1.0,0.9998,0.9289
-0.5,1.75,1.0,0.9996,0.9383
-0.45,1.75,1.0,0.9994,0.9456
-0.4,1.75,1.0,0.9993,0.9519
-0.35,1.75,1.0,0.9991,0.9576
-0.3,1.75,1.0,0.9988,0.9627
-0.25,1.75,1.0,0.9985,0.9672
-0.2,1.75,1.0,0.9983,0.972
-0.15,1.75,1.0,0.9983,0.9773
-0.1,1.75,1.0,0.9984,0.9817
-0.05,1.75,1.0,0.9986,0.9858
0.0,1.75,1.0,0.9992,0.9896
0.05,1.75,1.0,0.9997,0.9927
0.1,1.75,1.0,0.9999,0.9948
0.15,1.75,1.0,0.9999,0.9963
0.2,1.75,1.0,1.0,0.9975
0.25,1.75,1.0,1.0,0.9983
0.3,1.75,1.0,1.0,0.9988
0.35,1.75,1.0,1.0,0.9992
0.4,1.75,1.0,1.0,0.9995
0.45,1.75,1.0,1.0,0.9996
0.5,1.75,1.0,1.0,0.9998
0.55,1.75,1.0,1.0,0.9998
0.6,1.75,1.0,1.0,0.9999
0.65,1.75,1.0,1.0,0.9999
0.7,1.75,1.0,1.0,1.0
0.75,1.75,1.0,1.0,1.0
0.8,1.75,1.0,1.0,1.0
0.85,1.75,1.0,1.0,1.0
0.9,1.75,1.0,1.0,1.0
0.95,1.75,1.0,1.0,1.0
1.0,1.75,1.0,1.0,1.0
1.05,1.75,1.0,1.0,1.0
1.1,1.75,1.0,1.0,1.0
1.15,1.75,1.0,1.0,1.0
1.2,1.75,1.0,1.0,1.0
1.25,1.75,1.0,1.0,1.0
1.3,1.75,1.0,1.0,1.0
1.35,1.75,1.0,1.0,1.0
1.4,1.75,1.0,1.0,1.0
1.45,1.75,1.0,1.0,1.0
1.5,1.75,1.0,1.0,1.0
1.55,1.75,1.0,1.0,1.0
1.6,1.75,1.0,1.0,1.0
1.65,1.75,1.0,1.0,1.0
1.7,1.75,1.0,1.0,1.0
1.75,1.75,1.0,1.0,1.0
1.8,1.75,1.0,1.0,1.0
1.85,1.75,1.0,1.0,1.0
1.9,1.75,1.0,1.0,1.0
1.95,1.75,1.0,1.0,1.0
2.0,1.75,1.0,1.0,1.0
2.05,1.75,1.0,1.0,1.0
2.1,1.75,1.0,1.0,1.0
2.15,1.75,1.0,1.0,1.0
2.2,1.75,1.0,1.0,1.0
2.25,1.75,1.0,1.0,1.0
2.3,1.75,1.0,1.0,1.0
2.35,1.75,1.0,1.0,1.0
2.4,1.75,1.0,1.0,1.0
2.45,1.75,1.0,1.0,1.0
2.5,1.75,1.0,1.0,1.0
2.55,1.75,1.0,1.0,1.0
2.6,1.75,1.0,1.0,1.0
2.65,1.75,1.0,1.0,1.0
2.7,1.75,1.0,1.0,1.0
2.75,1.75,1.0,1.0,1.0
2.8,1.75,1.0,1.0,1.0
2.85,1.75,1.0,1.0,1.0
2.9,1.75,1.0,1.0,1.0
2.95,1.75,1.0,1.0,1.0
3.0,1.75,1.0,1.0,1.0
3.05,1.75,1.0,1.0,1.0
3.1,1.75,1.0,1.0,1.0
3.15,1.75,1.0,1.0,1.0
3.2,1.75,1.0,1.0,1.0
3.25,1.75,1.0,1.0,1.0
3.3,1.75,1.0,1.0,1.0
3.35,1.75,1.0,1.0,1.0
3.4,1.75,1.0,1.0,1.0
3.45,1.75,1.0,1.0,1.0
3.5,1.75,1.0,1.0,1.0
3.55,1.75,1.0,1.0,1.0
3.6,1.75,1.0,1.0,1.0
3.65,1.75,1.0,1.0,1.0
3.7,1.75,1.0,1.0,1.0
3.75,1.75,1.0,1.0,1.0
3.8,1.75,1.0,1.0,1.0
3.85,1.75,1.0,1.0,1.0
3.9,1.75,1.0,1.0,1.0
3.95,1.75,1.0,1.0,1.0
4.0,1.75,1.0,1.0,1.0
-4.0,1.8,1.0,1.0,0.9798
-3.95,1.8,1.0,1.0,0.9772
-3.9,1.8,1.0,1.0,0.9742
-3.85,1.8,1.0,1.0,0.9708
-3.8,1.8,1.0,1.0,0.9673
-3.75,1.8,1.0,1.0,0.9634
-3.7,1.8,1.0,1.0,0.9591
-3.65,1.8,1.0,1.0,0.9543
-3.6,1.8,1.0,1.0,0.949
-3.55,1.8,1.0,1.0,0.9431
-3.5,1.8,1.0,1.0,0.9366
-3.45,1.8,1.0,1.0,0.9294
-3.4,1.8,1.0,1.0,0.9214
-3.35,1.8,1.0,1.0,0.9126
-3.3,1.8,1.0,1.0,0.9022
-3.25,1.8,1.0,1.0,0.8903
-3.2,1.8,1.0,1.0,0.8773
-3.15,1.8,1.0,1.0,0.863
-3.1,1.8,1.0,1.0,0.8473
-3.05,1.8,1.0,1.0,0.8302
-3.0,1.8,1.0,1.0,0.8115
-2.95,1.8,1.0,1.0,0.7914
-2.9,1.8,1.0,0.9998,0.7705
-2.85,1.8,1.0,0.9978,0.7496
-2.8,1.8,1.0,0.9787,0.7272
-2.75,1.8,1.0,0.785,0.7076
-2.7,1.8,0.9995,0.2253,0.6871
-2.65,1.8,0.9938,0.0613,0.6658
-2.6,1.8,0.9281,0.0167,0.6455
-2.55,1.8,0.5089,0.0062,0.6247
-2.5,1.8,0.0768,0.0025,0.6042
-2.45,1.8,0.0066,0.0013,0.5845
-2.4,1.8,0.0005,0.0007,0.5646
-2.35,1.8,1e-04,0.0005,0.5446
-2.3,1.8,0.0,0.0003,0.5343
-2.25,1.8,0.0,0.0003,0.5343
-2.2,1.8,0.0,0.0002,0.5343
-2.15,1.8,0.0,0.0003,0.5343
-2.1,1.8,0.0,0.0003,0.5343
-2.05,1.8,0.0,0.0003,0.5437
-2.0,1.8,0.0,0.0003,0.5529
-1.95,1.8,0.0,0.0004,0.5621
-1.9,1.8,0.0,0.0004,0.5715
-1.85,1.8,0.0,0.0005,0.5812
-1.8,1.8,0.0,0.0008,0.5911
-1.75,1.8,0.0,0.0011,0.6046
-1.7,1.8,0.0,0.0015,0.6184
-1.65,1.8,0.0,0.0023,0.6322
-1.6,1.8,0.0,0.0042,0.6458
-1.55,1.8,0.0,0.0081,0.6593
-1.5,1.8,1e-04,0.017,0.6733
-1.45,1.8,0.0004,0.1167,0.6873
-1.4,1.8,0.0021,0.6626,0.7065
-1.35,1.8,0.0155,0.9663,0.7251
-1.3,1.8,0.0902,0.9971,0.7428
-1.25,1.8,0.3831,0.9998,0.7588
-1.2,1.8,0.827,1.0,0.7718
-1.15,1.8,0.963,1.0,0.7804
-1.1,1.8,0.9848,1.0,0.7911
-1.05,1.8,0.9888,1.0,0.8013
-1.0,1.8,0.9915,1.0,0.8144
-0.95,1.8,0.9936,1.0,0.8336
-0.9,1.8,0.9952,1.0,0.8514
-0.85,1.8,0.9979,1.0,0.8677
-0.8,1.8,0.9992,1.0,0.8844
-0.75,1.8,0.9997,1.0,0.9015
-0.7,1.8,1.0,1.0,0.9164
-0.65,1.8,1.0,1.0,0.9297
-0.6,1.8,1.0,0.9999,0.9417
-0.55,1.8,1.0,0.9999,0.9506
-0.5,1.8,1.0,0.9999,0.9575
-0.45,1.8,1.0,0.9998,0.9628
-0.4,1.8,1.0,0.9998,0.9673
-0.35,1.8,1.0,0.9998,0.9713
-0.3,1.8,1.0,0.9997,0.9747
-0.25,1.8,1.0,0.9997,0.9791
-0.2,1.8,1.0,0.9997,0.9833
-0.15,1.8,1.0,0.9997,0.9867
-0.1,1.8,1.0,0.9997,0.99
-0.05,1.8,1.0,0.9998,0.9928
0.0,1.8,1.0,0.9999,0.9949
0.05,1.8,1.0,1.0,0.9964
0.1,1.8,1.0,1.0,0.9975
0.15,1.8,1.0,1.0,0.9983
0.2,1.8,1.0,1.0,0.9988
0.25,1.8,1.0,1.0,0.9992
0.3,1.8,1.0,1.0,0.9995
0.35,1.8,1.0,1.0,0.9996
0.4,1.8,1.0,1.0,0.9998
0.45,1.8,1.0,1.0,0.9998
0.5,1.8,1.0,1.0,0.9999
0.55,1.8,1.0,1.0,0.9999
0.6,1.8,1.0,1.0,1.0
0.65,1.8,1.0,1.0,1.0
0.7,1.8,1.0,1.0,1.0
0.75,1.8,1.0,1.0,1.0
0.8,1.8,1.0,1.0,1.0
0.85,1.8,1.0,1.0,1.0
0.9,1.8,1.0,1.0,1.0
0.95,1.8,1.0,1.0,1.0
1.0,1.8,1.0,1.0,1.0
1.05,1.8,1.0,1.0,1.0
1.1,1.8,1.0,1.0,1.0
1.15,1.8,1.0,1.0,1.0
1.2,1.8,1.0,1.0,1.0
1.25,1.8,1.0,1.0,1.0
1.3,1.8,1.0,1.0,1.0
1.35,1.8,1.0,1.0,1.0
1.4,1.8,1.0,1.0,1.0
1.45,1.8,1.0,1.0,1.0
1.5,1.8,1.0,1.0,1.0
1.55,1.8,1.0,1.0,1.0
1.6,1.8,1.0,1.0,1.0
1.65,1.8,1.0,1.0,1.0
1.7,1.8,1.0,1.0,1.0
1.75,1.8,1.0,1.0,1.0
1.8,1.8,1.0,1.0,1.0
1.85,1.8,1.0,1.0,1.0
1.9,1.8,1.0,1.0,1.0
1.95,1.8,1.0,1.0,1.0
2.0,1.8,1.0,1.0,1.0
2.05,1.8,1.0,1.0,1.0
2.1,1.8,1.0,1.0,1.0
2.15,1.8,1.0,1.0,1.0
2.2,1.8,1.0,1.0,1.0
2.25,1.8,1.0,1.0,1.0
2.3,1.8,1.0,1.0,1.0
2.35,1.8,1.0,1.0,1.0
2.4,1.8,1.0,1.0,1.0
2.45,1.8,1.0,1.0,1.0
2.5,1.8,1.0,1.0,1.0
2.55,1.8,1.0,1.0,1.0
2.6,1.8,1.0,1.0,1.0
2.65,1.8,1.0,1.0,1.0
2.7,1.8,1.0,1.0,1.0
2.75,1.8,1.0,1.0,1.0
2.8,1.8,1.0,1.0,1.0
2.85,1.8,1.0,1.0,1.0
2.9,1.8,1.0,1.0,1.0
2.95,1.8,1.0,1.0,1.0
3.0,1.8,1.0,1.0,1.0
3.05,1.8,1.0,1.0,1.0
3.1,1.8,1.0,1.0,1.0
3.15,1.8,1.0,1.0,1.0
3.2,1.8,1.0,1.0,1.0
3.25,1.8,1.0,1.0,1.0
3.3,1.8,1.0,1.0,1.0
3.35,1.8,1.0,1.0,1.0
3.4,1.8,1.0,1.0,1.0
3.45,1.8,1.0,1.0,1.0
3.5,1.8,1.0,1.0,1.0
3.55,1.8,1.0,1.0,1.0
3.6,1.8,1.0,1.0,1.0
3.65,1.8,1.0,1.0,1.0
3.7,1.8,1.0,1.0,1.0
3.75,1.8,1.0,1.0,1.0
3.8,1.8,1.0,1.0,1.0
3.85,1.8,1.0,1.0,1.0
3.9,1.8,1.0,1.0,1.0
3.95,1.8,1.0,1.0,1.0
4.0,1.8,1.0,1.0,1.0
-4.0,1.85,1.0,1.0,0.9784
-3.95,1.85,1.0,1.0,0.9755
-3.9,1.85,1.0,1.0,0.9723
-3.85,1.85,1.0,1.0,0.969
-3.8,1.85,1.0,1.0,0.9654
-3.75,1.85,1.0,1.0,0.9613
-3.7,1.85,1.0,1.0,0.9568
-3.65,1.85,1.0,1.0,0.9517
-3.6,1.85,1.0,1.0,0.9461
-3.55,1.85,1.0,1.0,0.9399
-3.5,1.85,1.0,1.0,0.9331
-3.45,1.85,1.0,1.0,0.9255
-3.4,1.85,1.0,1.0,0.9171
-3.35,1.85,1.0,1.0,0.907
-3.3,1.85,1.0,1.0,0.8958
-3.25,1.85,1.0,1.0,0.8833
-3.2,1.85,1.0,1.0,0.8696
-3.15,1.85,1.0,1.0,0.8546
-3.1,1.85,1.0,1.0,0.8382
-3.05,1.85,1.0,1.0,0.8204
-3.0,1.85,1.0,1.0,0.8011
-2.95,1.85,1.0,0.9996,0.7803
-2.9,1.85,1.0,0.9964,0.7594
-2.85,1.85,1.0,0.9649,0.7376
-2.8,1.85,0.9999,0.6775,0.7183
-2.75,1.85,0.9991,0.1848,0.6981
-2.7,1.85,0.9883,0.0484,0.6773
-2.65,1.85,0.8716,0.0146,0.6568
-2.6,1.85,0.3528,0.0054,0.6363
-2.55,1.85,0.0419,0.0022,0.6155
-2.5,1.85,0.0035,0.0011,0.5962
-2.45,1.85,0.0003,0.0006,0.5762
-2.4,1.85,0.0,0.0004,0.5563
-2.35,1.85,0.0,0.0003,0.5389
-2.3,1.85,0.0,0.0002,0.5343
-2.25,1.85,0.0,0.0002,0.5343
-2.2,1.85,0.0,0.0002,0.5343
-2.15,1.85,0.0,0.0002,0.5382
-2.1,1.85,0.0,0.0002,0.548
-2.05,1.85,0.0,0.0003,0.5572
-2.0,1.85,0.0,0.0003,0.5664
-1.95,1.85,0.0,0.0003,0.5755
-1.9,1.85,0.0,0.0004,0.5851
-1.85,1.85,0.0,0.0006,0.596
-1.8,1.85,0.0,0.0008,0.61
-1.75,1.85,0.0,0.0011,0.6239
-1.7,1.85,0.0,0.0017,0.6378
-1.65,1.85,0.0,0.003,0.6525
-1.6,1.85,0.0,0.0059,0.667
-1.55,1.85,1e-04,0.0122,0.6812
-1.5,1.85,0.0002,0.055,0.6979
-1.45,1.85,0.0011,0.4321,0.7169
-1.4,1.85,0.0082,0.9306,0.7351
-1.35,1.85,0.0497,0.9943,0.7525
-1.3,1.85,0.2469,0.9995,0.7693
-1.25,1.85,0.7248,1.0,0.785
-1.2,1.85,0.9888,1.0,0.7938
-1.15,1.85,0.9954,1.0,0.8042
-1.1,1.85,0.9969,1.0,0.8154
-1.05,1.85,0.9977,1.0,0.8355
-1.0,1.85,0.9982,1.0,0.8542
-0.95,1.85,0.999,1.0,0.8702
-0.9,1.85,0.9997,1.0,0.8847
-0.85,1.85,0.9999,1.0,0.9007
-0.8,1.85,1.0,1.0,0.9164
-0.75,1.85,1.0,1.0,0.9302
-0.7,1.85,1.0,1.0,0.942
-0.65,1.85,1.0,1.0,0.9522
-0.6,1.85,1.0,1.0,0.9609
-0.55,1.85,1.0,1.0,0.9667
-0.5,1.85,1.0,1.0,0.9714
-0.45,1.85,1.0,1.0,0.9749
-0.4,1.85,1.0,1.0,0.9779
-0.35,1.85,1.0,0.9999,0.9808
-0.3,1.85,1.0,0.9999,0.9847
-0.25,1.85,1.0,1.0,0.9879
-0.2,1.85,1.0,1.0,0.9906
-0.15,1.85,1.0,1.0,0.993
-0.1,1.85,1.0,1.0,0.9951
-0.05,1.85,1.0,1.0,0.9965
0.0,1.85,1.0,1.0,0.9975
0.05,1.85,1.0,1.0,0.9983
0.1,1.85,1.0,1.0,0.9988
0.15,1.85,1.0,1.0,0.9992
0.2,1.85,1.0,1.0,0.9995
0.25,1.85,1.0,1.0,0.9996
0.3,1.85,1.0,1.0,0.9998
0.35,1.85,1.0,1.0,0.9998
0.4,1.85,1.0,1.0,0.9999
0.45,1.85,1.0,1.0,0.9999
0.5,1.85,1.0,1.0,1.0
0.55,1.85,1.0,1.0,1.0
0.6,1.85,1.0,1.0,1.0
0.65,1.85,1.0,1.0,1.0
0.7,1.85,1.0,1.0,1.0
0.75,1.85,1.0,1.0,1.0
0.8,1.85,1.0,1.0,1.0
0.85,1.85,1.0,1.0,1.0
0.9,1.85,1.0,1.0,1.0
0.95,1.85,1.0,1.0,1.0
1.0,1.85,1.0,1.0,1.0
1.05,1.85,1.0,1.0,1.0
1.1,1.85,1.0,1.0,1.0
1.15,1.85,1.0,1.0,1.0
1.2,1.85,1.0,1.0,1.0
1.25,1.85,1.0,1.0,1.0
1.3,1.85,1.0,1.0,1.0
1.35,1.85,1.0,1.0,1.0
1.4,1.85,1.0,1.0,1.0
1.45,1.85,1.0,1.0,1.0
1.5,1.85,1.0,1.0,1.0
1.55,1.85,1.0,1.0,1.0
1.6,1.85,1.0,1.0,1.0
1.65,1.85,1.0,1.0,1.0
1.7,1.85,1.0,1.0,1.0
1.75,1.85,1.0,1.0,1.0
1.8,1.85,1.0,1.0,1.0
1.85,1.85,1.0,1.0,1.0
1.9,1.85,1.0,1.0,1.0
1.95,1.85,1.0,1.0,1.0
2.0,1.85,1.0,1.0,1.0
2.05,1.85,1.0,1.0,1.0
2.1,1.85,1.0,1.0,1.0
2.15,1.85,1.0,1.0,1.0
2.2,1.85,1.0,1.0,1.0
2.25,1.85,1.0,1.0,1.0
2.3,1.85,1.0,1.0,1.0
2.35,1.85,1.0,1.0,1.0
2.4,1.85,1.0,1.0,1.0
2.45,1.85,1.0,1.0,1.0
2.5,1.85,1.0,1.0,1.0
2.55,1.85,1.0,1.0,1.0
2.6,1.85,1.0,1.0,1.0
2.65,1.85,1.0,1.0,1.0
2.7,1.85,1.0,1.0,1.0
2.75,1.85,1.0,1.0,1.0
2.8,1.85,1.0,1.0,1.0
2.85,1.85,1.0,1.0,1.0
2.9,1.85,1.0,1.0,1.0
2.95,1.85,1.0,1.0,1.0
3.0,1.85,1.0,1.0,1.0
3.05,1.85,1.0,1.0,1.0
3.1,1.85,1.0,1.0,1.0
3.15,1.85,1.0,1.0,1.0
3.2,1.85,1.0,1.0,1.0
3.25,1.85,1.0,1.0,1.0
3.3,1.85,1.0,1.0,1.0
3.35,1.85,1.0,1.0,1.0
3.4,1.85,1.0,1.0,1.0
3.45,1.85,1.0,1.0,1.0
3.5,1.85,1.0,1.0,1.0
3.55,1.85,1.0,1.0,1.0
3.6,1.85,1.0,1.0,1.0
3.65,1.85,1.0,1.0,1.0
3.7,1.85,1.0,1.0,1.0
3.75,1.85,1.0,1.0,1.0
3.8,1.85,1.0,1.0,1.0
3.85,1.85,1.0,1.0,1.0
3.9,1.85,1.0,1.0,1.0
3.95,1.85,1.0,1.0,1.0
4.0,1.85,1.0,1.0,1.0
-4.0,1.9,1.0,1.0,0.9768
-3.95,1.9,1.0,1.0,0.9738
-3.9,1.9,1.0,1.0,0.9707
-3.85,1.9,1.0,1.0,0.9673
-3.8,1.9,1.0,1.0,0.9634
-3.75,1.9,1.0,1.0,0.9591
-3.7,1.9,1.0,1.0,0.9543
-3.65,1.9,1.0,1.0,0.949
-3.6,1.9,1.0,1.0,0.9432
-3.55,1.9,1.0,1.0,0.9368
-3.5,1.9,1.0,1.0,0.9297
-3.45,1.9,1.0,1.0,0.9214
-3.4,1.9,1.0,1.0,0.9117
-3.35,1.9,1.0,1.0,0.901
-3.3,1.9,1.0,1.0,0.8892
-3.25,1.9,1.0,1.0,0.8762
-3.2,1.9,1.0,1.0,0.862
-3.15,1.9,1.0,1.0,0.8463
-3.1,1.9,1.0,1.0,0.8292
-3.05,1.9,1.0,0.9999,0.8107
-3.0,1.9,1.0,0.9994,0.7906
-2.95,1.9,1.0,0.994,0.7691
-2.9,1.9,1.0,0.9429,0.7478
-2.85,1.9,0.9999,0.5473,0.7288
-2.8,1.9,0.9982,0.1501,0.7091
-2.75,1.9,0.978,0.0381,0.6884
-2.7,1.9,0.7811,0.0127,0.6679
-2.65,1.9,0.2228,0.0047,0.6478
-2.6,1.9,0.0224,0.002,0.627
-2.55,1.9,0.0018,0.001,0.6077
-2.5,1.9,0.0002,0.0005,0.5877
-2.45,1.9,0.0,0.0004,0.568
-2.4,1.9,0.0,0.0002,0.5491
-2.35,1.9,0.0,0.0002,0.5376
-2.3,1.9,0.0,0.0002,0.5352
-2.25,1.9,0.0,0.0002,0.5343
-2.2,1.9,0.0,0.0002,0.5422
-2.15,1.9,0.0,0.0002,0.5521
-2.1,1.9,0.0,0.0002,0.5615
-2.05,1.9,0.0,0.0002,0.5706
-2.0,1.9,0.0,0.0003,0.5798
-1.95,1.9,0.0,0.0003,0.5896
-1.9,1.9,0.0,0.0004,0.6016
-1.85,1.9,0.0,0.0006,0.616
-1.8,1.9,0.0,0.0008,0.6312
-1.75,1.9,0.0,0.0012,0.646
-1.7,1.9,0.0,0.0022,0.6607
-1.65,1.9,0.0,0.0043,0.675
-1.6,1.9,0.0,0.0088,0.6892
-1.55,1.9,1e-04,0.0272,0.7084
-1.5,1.9,0.0006,0.2374,0.727
-1.45,1.9,0.0043,0.8385,0.7448
-1.4,1.9,0.0269,0.9886,0.7622
-1.35,1.9,0.1475,0.999,0.7796
-1.3,1.9,0.592,0.9999,0.7955
-1.25,1.9,0.9878,1.0,0.808
-1.2,1.9,0.9987,1.0,0.8191
-1.15,1.9,0.9992,1.0,0.8348
-1.1,1.9,0.9994,1.0,0.8546
-1.05,1.9,0.9996,1.0,0.8726
-1.0,1.9,0.9998,1.0,0.8876
-0.95,1.9,0.9999,1.0,0.9013
-0.9,1.9,1.0,1.0,0.9165
-0.85,1.9,1.0,1.0,0.9302
-0.8,1.9,1.0,1.0,0.9419
-0.75,1.9,1.0,1.0,0.9518
-0.7,1.9,1.0,1.0,0.9609
-0.65,1.9,1.0,1.0,0.9682
-0.6,1.9,1.0,1.0,0.9739
-0.55,1.9,1.0,1.0,0.9777
-0.5,1.9,1.0,1.0,0.9808
-0.45,1.9,1.0,1.0,0.983
-0.4,1.9,1.0,1.0,0.9861
-0.35,1.9,1.0,1.0,0.989
-0.3,1.9,1.0,1.0,0.9913
-0.25,1.9,1.0,1.0,0.9934
-0.2,1.9,1.0,1.0,0.9952
-0.15,1.9,1.0,1.0,0.9966
-0.1,1.9,1.0,1.0,0.9976
-0.05,1.9,1.0,1.0,0.9983
0.0,1.9,1.0,1.0,0.9988
0.05,1.9,1.0,1.0,0.9992
0.1,1.9,1.0,1.0,0.9995
0.15,1.9,1.0,1.0,0.9996
0.2,1.9,1.0,1.0,0.9998
0.25,1.9,1.0,1.0,0.9998
0.3,1.9,1.0,1.0,0.9999
0.35,1.9,1.0,1.0,0.9999
0.4,1.9,1.0,1.0,0.9999
0.45,1.9,1.0,1.0,1.0
0.5,1.9,1.0,1.0,1.0
0.55,1.9,1.0,1.0,1.0
0.6,1.9,1.0,1.0,1.0
0.65,1.9,1.0,1.0,1.0
0.7,1.9,1.0,1.0,1.0
0.75,1.9,1.0,1.0,1.0
0.8,1.9,1.0,1.0,1.0
0.85,1.9,1.0,1.0,1.0
0.9,1.9,1.0,1.0,1.0
0.95,1.9,1.0,1.0,1.0
1.0,1.9,1.0,1.0,1.0
1.05,1.9,1.0,1.0,1.0
1.1,1.9,1.0,1.0,1.0
1.15,1.9,1.0,1.0,1.0
1.2,1.9,1.0,1.0,1.0
1.25,1.9,1.0,1.0,1.0
1.3,1.9,1.0,1.0,1.0
1.35,1.9,1.0,1.0,1.0
1.4,1.9,1.0,1.0,1.0
1.45,1.9,1.0,1.0,1.0
1.5,1.9,1.0,1.0,1.0
1.55,1.9,1.0,1.0,1.0
1.6,1.9,1.0,1.0,1.0
1.65,1.9,1.0,1.0,1.0
1.7,1.9,1.0,1.0,1.0
1.75,1.9,1.0,1.0,1.0
1.8,1.9,1.0,1.0,1.0
1.85,1.9,1.0,1.0,1.0
1.9,1.9,1.0,1.0,1.0
1.95,1.9,1.0,1.0,1.0
2.0,1.9,1.0,1.0,1.0
2.05,1.9,1.0,1.0,1.0
2.1,1.9,1.0,1.0,1.0
2.15,1.9,1.0,1.0,1.0
2.2,1.9,1.0,1.0,1.0
2.25,1.9,1.0,1.0,1.0
2.3,1.9,1.0,1.0,1.0
2.35,1.9,1.0,1.0,1.0
2.4,1.9,1.0,1.0,1.0
2.45,1.9,1.0,1.0,1.0
2.5,1.9,1.0,1.0,1.0
2.55,1.9,1.0,1.0,1.0
2.6,1.9,1.0,1.0,1.0
2.65,1.9,1.0,1.0,1.0
2.7,1.9,1.0,1.0,1.0
2.75,1.9,1.0,1.0,1.0
2.8,1.9,1.0,1.0,1.0
2.85,1.9,1.0,1.0,1.0
2.9,1.9,1.0,1.0,1.0
2.95,1.9,1.0,1.0,1.0
3.0,1.9,1.0,1.0,1.0
3.05,1.9,1.0,1.0,1.0
3.1,1.9,1.0,1.0,1.0
3.15,1.9,1.0,1.0,1.0
3.2,1.9,1.0,1.0,1.0
3.25,1.9,1.0,1.0,1.0
3.3,1.9,1.0,1.0,1.0
3.35,1.9,1.0,1.0,1.0
3.4,1.9,1.0,1.0,1.0
3.45,1.9,1.0,1.0,1.0
3.5,1.9,1.0,1.0,1.0
3.55,1.9,1.0,1.0,1.0
3.6,1.9,1.0,1.0,1.0
3.65,1.9,1.0,1.0,1.0
3.7,1.9,1.0,1.0,1.0
3.75,1.9,1.0,1.0,1.0
3.8,1.9,1.0,1.0,1.0
3.85,1.9,1.0,1.0,1.0
3.9,1.9,1.0,1.0,1.0
3.95,1.9,1.0,1.0,1.0
4.0,1.9,1.0,1.0,1.0
-4.0,1.95,1.0,1.0,0.9753
-3.95,1.95,1.0,1.0,0.9723
-3.9,1.95,1.0,1.0,0.969
-3.85,1.95,1.0,1.0,0.9654
-3.8,1.95,1.0,1.0,0.9614
-3.75,1.95,1.0,1.0,0.9569
-3.7,1.95,1.0,1.0,0.9519
-3.65,1.95,1.0,1.0,0.9464
-3.6,1.95,1.0,1.0,0.9404
-3.55,1.95,1.0,1.0,0.9337
-3.5,1.95,1.0,1.0,0.9256
-3.45,1.95,1.0,1.0,0.9165
-3.4,1.95,1.0,1.0,0.9063
-3.35,1.95,1.0,1.0,0.8951
-3.3,1.95,1.0,1.0,0.8827
-3.25,1.95,1.0,1.0,0.8691
-3.2,1.95,1.0,1.0,0.8541
-3.15,1.95,1.0,1.0,0.8377
-3.1,1.95,1.0,0.9999,0.8199
-3.05,1.95,1.0,0.9989,0.8006
-3.0,1.95,1.0,0.99,0.7798
-2.95,1.95,1.0,0.908,0.7576
-2.9,1.95,0.9997,0.4152,0.7391
-2.85,1.95,0.9966,0.121,0.7198
-2.8,1.95,0.959,0.03,0.6996
-2.75,1.95,0.6524,0.0111,0.6789
-2.7,1.95,0.131,0.0042,0.659
-2.65,1.95,0.0121,0.0018,0.6386
-2.6,1.95,0.001,0.0009,0.619
-2.55,1.95,1e-04,0.0005,0.5992
-2.5,1.95,0.0,0.0003,0.5796
-2.45,1.95,0.0,0.0002,0.5597
-2.4,1.95,0.0,0.0002,0.5451
-2.35,1.95,0.0,1e-04,0.5386
-2.3,1.95,0.0,1e-04,0.5392
-2.25,1.95,0.0,1e-04,0.5471
-2.2,1.95,0.0,1e-04,0.5566
-2.15,1.95,0.0,0.0002,0.5661
-2.1,1.95,0.0,0.0002,0.5758
-2.05,1.95,0.0,0.0002,0.5855
-2.0,1.95,0.0,0.0002,0.5952
-1.95,1.95,0.0,0.0003,0.6093
-1.9,1.95,0.0,0.0004,0.6245
-1.85,1.95,0.0,0.0006,0.6395
-1.8,1.95,0.0,0.0009,0.6543
-1.75,1.95,0.0,0.0016,0.6687
-1.7,1.95,0.0,0.0031,0.6829
-1.65,1.95,0.0,0.0063,0.6999
-1.6,1.95,1e-04,0.0147,0.7187
-1.55,1.95,0.0003,0.1197,0.7369
-1.5,1.95,0.002,0.668,0.7549
-1.45,1.95,0.0144,0.9734,0.7731
-1.4,1.95,0.0837,0.9981,0.7904
-1.35,1.95,0.4442,0.9998,0.8066
-1.3,1.95,0.9779,1.0,0.8228
-1.25,1.95,0.9996,1.0,0.8346
-1.2,1.95,0.9998,1.0,0.8548
-1.15,1.95,0.9998,1.0,0.8729
-1.1,1.95,0.9999,1.0,0.8894
-1.05,1.95,1.0,1.0,0.9041
-1.0,1.95,1.0,1.0,0.9166
-0.95,1.95,1.0,1.0,0.9303
-0.9,1.95,1.0,1.0,0.9419
-0.85,1.95,1.0,1.0,0.9518
-0.8,1.95,1.0,1.0,0.9602
-0.75,1.95,1.0,1.0,0.9678
-0.7,1.95,1.0,1.0,0.9739
-0.65,1.95,1.0,1.0,0.9789
-0.6,1.95,1.0,1.0,0.9827
-0.55,1.95,1.0,1.0,0.9851
-0.5,1.95,1.0,1.0,0.9874
-0.45,1.95,1.0,1.0,0.99
-0.4,1.95,1.0,1.0,0.9921
-0.35,1.95,1.0,1.0,0.9938
-0.3,1.95,1.0,1.0,0.9954
-0.25,1.95,1.0,1.0,0.9967
-0.2,1.95,1.0,1.0,0.9977
-0.15,1.95,1.0,1.0,0.9984
-0.1,1.95,1.0,1.0,0.9988
-0.05,1.95,1.0,1.0,0.9992
0.0,1.95,1.0,1.0,0.9995
0.05,1.95,1.0,1.0,0.9996
0.1,1.95,1.0,1.0,0.9998
0.15,1.95,1.0,1.0,0.9998
0.2,1.95,1.0,1.0,0.9999
0.25,1.95,1.0,1.0,0.9999
0.3,1.95,1.0,1.0,0.9999
0.35,1.95,1.0,1.0,1.0
0.4,1.95,1.0,1.0,1.0
0.45,1.95,1.0,1.0,1.0
0.5,1.95,1.0,1.0,1.0
0.55,1.95,1.0,1.0,1.0
0.6,1.95,1.0,1.0,1.0
0.65,1.95,1.0,1.0,1.0
0.7,1.95,1.0,1.0,1.0
0.75,1.95,1.0,1.0,1.0
0.8,1.95,1.0,1.0,1.0
0.85,1.95,1.0,1.0,1.0
0.9,1.95,1.0,1.0,1.0
0.95,1.95,1.0,1.0,1.0
1.0,1.95,1.0,1.0,1.0
1.05,1.95,1.0,1.0,1.0
1.1,1.95,1.0,1.0,1.0
1.15,1.95,1.0,1.0,1.0
1.2,1.95,1.0,1.0,1.0
1.25,1.95,1.0,1.0,1.0
1.3,1.95,1.0,1.0,1.0
1.35,1.95,1.0,1.0,1.0
1.4,1.95,1.0,1.0,1.0
1.45,1.95,1.0,1.0,1.0
1.5,1.95,1.0,1.0,1.0
1.55,1.95,1.0,1.0,1.0
1.6,1.95,1.0,1.0,1.0
1.65,1.95,1.0,1.0,1.0
1.7,1.95,1.0,1.0,1.0
1.75,1.95,1.0,1.0,1.0
1.8,1.95,1.0,1.0,1.0
1.85,1.95,1.0,1.0,1.0
1.9,1.95,1.0,1.0,1.0
1.95,1.95,1.0,1.0,1.0
2.0,1.95,1.0,1.0,1.0
2.05,1.95,1.0,1.0,1.0
2.1,1.95,1.0,1.0,1.0
2.15,1.95,1.0,1.0,1.0
2.2,1.95,1.0,1.0,1.0
2.25,1.95,1.0,1.0,1.0
2.3,1.95,1.0,1.0,1.0
2.35,1.95,1.0,1.0,1.0
2.4,1.95,1.0,1.0,1.0
2.45,1.95,1.0,1.0,1.0
2.5,1.95,1.0,1.0,1.0
2.55,1.95,1.0,1.0,1.0
2.6,1.95,1.0,1.0,1.0
2.65,1.95,1.0,1.0,1.0
2.7,1.95,1.0,1.0,1.0
2.75,1.95,1.0,1.0,1.0
2.8,1.95,1.0,1.0,1.0
2.85,1.95,1.0,1.0,1.0
2.9,1.95,1.0,1.0,1.0
2.95,1.95,1.0,1.0,1.0
3.0,1.95,1.0,1.0,1.0
3.05,1.95,1.0,1.0,1.0
3.1,1.95,1.0,1.0,1.0
3.15,1.95,1.0,1.0,1.0
3.2,1.95,1.0,1.0,1.0
3.25,1.95,1.0,1.0,1.0
3.3,1.95,1.0,1.0,1.0
3.35,1.95,1.0,1.0,1.0
3.4,1.95,1.0,1.0,1.0
3.45,1.95,1.0,1.0,1.0
3.5,1.95,1.0,1.0,1.0
3.55,1.95,1.0,1.0,1.0
3.6,1.95,1.0,1.0,1.0
3.65,1.95,1.0,1.0,1.0
3.7,1.95,1.0,1.0,1.0
3.75,1.95,1.0,1.0,1.0
3.8,1.95,1.0,1.0,1.0
3.85,1.95,1.0,1.0,1.0
3.9,1.95,1.0,1.0,1.0
3.95,1.95,1.0,1.0,1.0
4.0,1.95,1.0,1.0,1.0
-4.0,2.0,1.0,1.0,0.9739
-3.95,2.0,1.0,1.0,0.9708
-3.9,2.0,1.0,1.0,0.9674
-3.85,2.0,1.0,1.0,0.9636
-3.8,2.0,1.0,1.0,0.9594
-3.75,2.0,1.0,1.0,0.9548
-3.7,2.0,1.0,1.0,0.9496
-3.65,2.0,1.0,1.0,0.9439
-3.6,2.0,1.0,1.0,0.9375
-3.55,2.0,1.0,1.0,0.9297
-3.5,2.0,1.0,1.0,0.921
-3.45,2.0,1.0,1.0,0.9114
-3.4,2.0,1.0,1.0,0.9007
-3.35,2.0,1.0,1.0,0.8889
-3.3,2.0,1.0,1.0,0.8759
-3.25,2.0,1.0,1.0,0.8616
-3.2,2.0,1.0,1.0,0.8459
-3.15,2.0,1.0,0.9998,0.8288
-3.1,2.0,1.0,0.9983,0.8102
-3.05,2.0,1.0,0.9835,0.7901
-3.0,2.0,1.0,0.8506,0.7684
-2.95,2.0,0.9995,0.3239,0.749
-2.9,2.0,0.9935,0.0971,0.7302
-2.85,2.0,0.9257,0.0253,0.7105
-2.8,2.0,0.5037,0.0096,0.6899
-2.75,2.0,0.0762,0.0037,0.6701
-2.7,2.0,0.0066,0.0016,0.65
-2.65,2.0,0.0006,0.0008,0.63
-2.6,2.0,0.0,0.0004,0.6107
-2.55,2.0,0.0,0.0003,0.5911
-2.5,2.0,0.0,0.0002,0.5714
-2.45,2.0,0.0,1e-04,0.5553
-2.4,2.0,0.0,1e-04,0.542
-2.35,2.0,0.0,1e-04,0.5467
-2.3,2.0,0.0,1e-04,0.5539
-2.25,2.0,0.0,1e-04,0.5637
-2.2,2.0,0.0,1e-04,0.5739
-2.15,2.0,0.0,1e-04,0.5837
-2.1,2.0,0.0,1e-04,0.5933
-2.05,2.0,0.0,0.0002,0.6032
-2.0,2.0,0.0,0.0002,0.6178
-1.95,2.0,0.0,0.0003,0.633
-1.9,2.0,0.0,0.0004,0.6478
-1.85,2.0,0.0,0.0007,0.6624
-1.8,2.0,0.0,0.0011,0.6767
-1.75,2.0,0.0,0.0022,0.6911
-1.7,2.0,0.0,0.0045,0.7108
-1.65,2.0,0.0,0.0098,0.7299
-1.6,2.0,0.0002,0.0564,0.7482
-1.55,2.0,0.001,0.4398,0.7667
-1.5,2.0,0.0076,0.9327,0.7846
-1.45,2.0,0.046,0.9962,0.8017
-1.4,2.0,0.3057,0.9997,0.8184
-1.35,2.0,0.9606,1.0,0.8361
-1.3,2.0,0.9994,1.0,0.855
-1.25,2.0,0.9999,1.0,0.8731
-1.2,2.0,1.0,1.0,0.8898
-1.15,2.0,1.0,1.0,0.9047
-1.1,2.0,1.0,1.0,0.9179
-1.05,2.0,1.0,1.0,0.9303
-1.0,2.0,1.0,1.0,0.942
-0.95,2.0,1.0,1.0,0.952
-0.9,2.0,1.0,1.0,0.9604
-0.85,2.0,1.0,1.0,0.9673
-0.8,2.0,1.0,1.0,0.9736
-0.75,2.0,1.0,1.0,0.9787
-0.7,2.0,1.0,1.0,0.9828
-0.65,2.0,1.0,1.0,0.9862
-0.6,2.0,1.0,1.0,0.9886
-0.55,2.0,1.0,1.0,0.9909
-0.5,2.0,1.0,1.0,0.9929
-0.45,2.0,1.0,1.0,0.9944
-0.4,2.0,1.0,1.0,0.9957
-0.35,2.0,1.0,1.0,0.9968
-0.3,2.0,1.0,1.0,0.9977
-0.25,2.0,1.0,1.0,0.9984
-0.2,2.0,1.0,1.0,0.9989
-0.15,2.0,1.0,1.0,0.9992
-0.1,2.0,1.0,1.0,0.9995
-0.05,2.0,1.0,1.0,0.9996
0.0,2.0,1.0,1.0,0.9998
0.05,2.0,1.0,1.0,0.9998
0.1,2.0,1.0,1.0,0.9999
0.15,2.0,1.0,1.0,0.9999
0.2,2.0,1.0,1.0,0.9999
0.25,2.0,1.0,1.0,1.0
0.3,2.0,1.0,1.0,1.0
0.35,2.0,1.0,1.0,1.0
0.4,2.0,1.0,1.0,1.0
0.45,2.0,1.0,1.0,1.0
0.5,2.0,1.0,1.0,1.0
0.55,2.0,1.0,1.0,1.0
0.6,2.0,1.0,1.0,1.0
0.65,2.0,1.0,1.0,1.0
0.7,2.0,1.0,1.0,1.0
0.75,2.0,1.0,1.0,1.0
0.8,2.0,1.0,1.0,1.0
0.85,2.0,1.0,1.0,1.0
0.9,2.0,1.0,1.0,1.0
0.95,2.0,1.0,1.0,1.0
1.0,2.0,1.0,1.0,1.0
1.05,2.0,1.0,1.0,1.0
1.1,2.0,1.0,1.0,1.0
1.15,2.0,1.0,1.0,1.0
1.2,2.0,1.0,1.0,1.0
1.25,2.0,1.0,1.0,1.0
1.3,2.0,1.0,1.0,1.0
1.35,2.0,1.0,1.0,1.0
1.4,2.0,1.0,1.0,1.0
1.45,2.0,1.0,1.0,1.0
1.5,2.0,1.0,1.0,1.0
1.55,2.0,1.0,1.0,1.0
1.6,2.0,1.0,1.0,1.0
1.65,2.0,1.0,1.0,1.0
1.7,2.0,1.0,1.0,1.0
1.75,2.0,1.0,1.0,1.0
1.8,2.0,1.0,1.0,1.0
1.85,2.0,1.0,1.0,1.0
1.9,2.0,1.0,1.0,1.0
1.95,2.0,1.0,1.0,1.0
2.0,2.0,1.0,1.0,1.0
2.05,2.0,1.0,1.0,1.0
2.1,2.0,1.0,1.0,1.0
2.15,2.0,1.0,1.0,1.0
2.2,2.0,1.0,1.0,1.0
2.25,2.0,1.0,1.0,1.0
2.3,2.0,1.0,1.0,1.0
2.35,2.0,1.0,1.0,1.0
2.4,2.0,1.0,1.0,1.0
2.45,2.0,1.0,1.0,1.0
2.5,2.0,1.0,1.0,1.0
2.55,2.0,1.0,1.0,1.0
2.6,2.0,1.0,1.0,1.0
2.65,2.0,1.0,1.0,1.0
2.7,2.0,1.0,1.0,1.0
2.75,2.0,1.0,1.0,1.0
2.8,2.0,1.0,1.0,1.0
2.85,2.0,1.0,1.0,1.0
2.9,2.0,1.0,1.0,1.0
2.95,2.0,1.0,1.0,1.0
3.0,2.0,1.0,1.0,1.0
3.05,2.0,1.0,1.0,1.0
3.1,2.0,1.0,1.0,1.0
3.15,2.0,1.0,1.0,1.0
3.2,2.0,1.0,1.0,1.0
3.25,2.0,1.0,1.0,1.0
3.3,2.0,1.0,1.0,1.0
3.35,2.0,1.0,1.0,1.0
3.4,2.0,1.0,1.0,1.0
3.45,2.0,1.0,1.0,1.0
3.5,2.0,1.0,1.0,1.0
3.55,2.0,1.0,1.0,1.0
3.6,2.0,1.0,1.0,1.0
3.65,2.0,1.0,1.0,1.0
3.7,2.0,1.0,1.0,1.0
3.75,2.0,1.0,1.0,1.0
3.8,2.0,1.0,1.0,1.0
3.85,2.0,1.0,1.0,1.0
3.9,2.0,1.0,1.0,1.0
3.95,2.0,1.0,1.0,1.0
4.0,2.0,1.0,1.0,1.0
-4.0,2.05,1.0,1.0,0.9726
-3.95,2.05,1.0,1.0,0.9694
-3.9,2.05,1.0,1.0,0.9658
-3.85,2.05,1.0,1.0,0.9619
-3.8,2.05,1.0,1.0,0.9575
-3.75,2.05,1.0,1.0,0.9527
-3.7,2.05,1.0,1.0,0.9473
-3.65,2.05,1.0,1.0,0.941
-3.6,2.05,1.0,1.0,0.9336
-3.55,2.05,1.0,1.0,0.9254
-3.5,2.05,1.0,1.0,0.9162
-3.45,2.05,1.0,1.0,0.9061
-3.4,2.05,1.0,1.0,0.8949
-3.35,2.05,1.0,1.0,0.8824
-3.3,2.05,1.0,1.0,0.8687
-3.25,2.05,1.0,1.0,0.8537
-3.2,2.05,1.0,0.9997,0.8373
-3.15,2.05,1.0,0.9972,0.8195
-3.1,2.05,1.0,0.9731,0.8001
-3.05,2.05,0.9999,0.7677,0.7792
-3.0,2.05,0.999,0.2726,0.7598
-2.95,2.05,0.9882,0.0776,0.7404
-2.9,2.05,0.8724,0.0222,0.7212
-2.85,2.05,0.3577,0.0084,0.7011
-2.8,2.05,0.0432,0.0033,0.6812
-2.75,2.05,0.0037,0.0015,0.6612
-2.7,2.05,0.0003,0.0007,0.6409
-2.65,2.05,0.0,0.0004,0.6221
-2.6,2.05,0.0,0.0002,0.6024
-2.55,2.05,0.0,0.0002,0.583
-2.5,2.05,0.0,1e-04,0.5654
-2.45,2.05,0.0,1e-04,0.5531
-2.4,2.05,0.0,1e-04,0.5546
-2.35,2.05,0.0,1e-04,0.5624
-2.3,2.05,0.0,1e-04,0.5716
-2.25,2.05,0.0,1e-04,0.5816
-2.2,2.05,0.0,1e-04,0.5916
-2.15,2.05,0.0,1e-04,0.6016
-2.1,2.05,0.0,1e-04,0.6127
-2.05,2.05,0.0,0.0002,0.6263
-2.0,2.05,0.0,0.0002,0.6413
-1.95,2.05,0.0,0.0003,0.656
-1.9,2.05,0.0,0.0005,0.6706
-1.85,2.05,0.0,0.0008,0.6852
-1.8,2.05,0.0,0.0016,0.7035
-1.75,2.05,0.0,0.0033,0.7232
-1.7,2.05,0.0,0.007,0.742
-1.65,2.05,1e-04,0.0274,0.7607
-1.6,2.05,0.0005,0.2465,0.779
-1.55,2.05,0.004,0.845,0.7966
-1.5,2.05,0.0248,0.9908,0.8136
-1.45,2.05,0.1952,0.9994,0.8298
-1.4,2.05,0.9305,0.9999,0.8492
-1.35,2.05,0.9991,1.0,0.8734
-1.3,2.05,1.0,1.0,0.8901
-1.25,2.05,1.0,1.0,0.905
-1.2,2.05,1.0,1.0,0.9182
-1.15,2.05,1.0,1.0,0.9302
-1.1,2.05,1.0,1.0,0.942
-1.05,2.05,1.0,1.0,0.9522
-1.0,2.05,1.0,1.0,0.9605
-0.95,2.05,1.0,1.0,0.9675
-0.9,2.05,1.0,1.0,0.9733
-0.85,2.05,1.0,1.0,0.9784
-0.8,2.05,1.0,1.0,0.9825
-0.75,2.05,1.0,1.0,0.9861
-0.7,2.05,1.0,1.0,0.989
-0.65,2.05,1.0,1.0,0.9912
-0.6,2.05,1.0,1.0,0.9932
-0.55,2.05,1.0,1.0,0.9948
-0.5,2.05,1.0,1.0,0.996
-0.45,2.05,1.0,1.0,0.997
-0.4,2.05,1.0,1.0,0.9978
-0.35,2.05,1.0,1.0,0.9985
-0.3,2.05,1.0,1.0,0.9989
-0.25,2.05,1.0,1.0,0.9992
-0.2,2.05,1.0,1.0,0.9995
-0.15,2.05,1.0,1.0,0.9996
-0.1,2.05,1.0,1.0,0.9998
-0.05,2.05,1.0,1.0,0.9998
0.0,2.05,1.0,1.0,0.9999
0.05,2.05,1.0,1.0,0.9999
0.1,2.05,1.0,1.0,0.9999
0.15,2.05,1.0,1.0,1.0
0.2,2.05,1.0,1.0,1.0
0.25,2.05,1.0,1.0,1.0
0.3,2.05,1.0,1.0,1.0
0.35,2.05,1.0,1.0,1.0
0.4,2.05,1.0,1.0,1.0
0.45,2.05,1.0,1.0,1.0
0.5,2.05,1.0,1.0,1.0
0.55,2.05,1.0,1.0,1.0
0.6,2.05,1.0,1.0,1.0
0.65,2.05,1.0,1.0,1.0
0.7,2.05,1.0,1.0,1.0
0.75,2.05,1.0,1.0,1.0
0.8,2.05,1.0,1.0,1.0
0.85,2.05,1.0,1.0,1.0
0.9,2.05,1.0,1.0,1.0
0.95,2.05,1.0,1.0,1.0
1.0,2.05,1.0,1.0,1.0
1.05,2.05,1.0,1.0,1.0
1.1,2.05,1.0,1.0,1.0
1.15,2.05,1.0,1.0,1.0
1.2,2.05,1.0,1.0,1.0
1.25,2.05,1.0,1.0,1.0
1.3,2.05,1.0,1.0,1.0
1.35,2.05,1.0,1.0,1.0
1.4,2.05,1.0,1.0,1.0
1.45,2.05,1.0,1.0,1.0
1.5,2.05,1.0,1.0,1.0
1.55,2.05,1.0,1.0,1.0
1.6,2.05,1.0,1.0,1.0
1.65,2.05,1.0,1.0,1.0
1.7,2.05,1.0,1.0,1.0
1.75,2.05,1.0,1.0,1.0
1.8,2.05,1.0,1.0,1.0
1.85,2.05,1.0,1.0,1.0
1.9,2.05,1.0,1.0,1.0
1.95,2.05,1.0,1.0,1.0
2.0,2.05,1.0,1.0,1.0
2.05,2.05,1.0,1.0,1.0
2.1,2.05,1.0,1.0,1.0
2.15,2.05,1.0,1.0,1.0
2.2,2.05,1.0,1.0,1.0
2.25,2.05,1.0,1.0,1.0
2.3,2.05,1.0,1.0,1.0
2.35,2.05,1.0,1.0,1.0
2.4,2.05,1.0,1.0,1.0
2.45,2.05,1.0,1.0,1.0
2.5,2.05,1.0,1.0,1.0
2.55,2.05,1.0,1.0,1.0
2.6,2.05,1.0,1.0,1.0
2.65,2.05,1.0,1.0,1.0
2.7,2.05,1.0,1.0,1.0
2.75,2.05,1.0,1.0,1.0
2.8,2.05,1.0,1.0,1.0
2.85,2.05,1.0,1.0,1.0
2.9,2.05,1.0,1.0,1.0
2.95,2.05,1.0,1.0,1.0
3.0,2.05,1.0,1.0,1.0
3.05,2.05,1.0,1.0,1.0
3.1,2.05,1.0,1.0,1.0
3.15,2.05,1.0,1.0,1.0
3.2,2.05,1.0,1.0,1.0
3.25,2.05,1.0,1.0,1.0
3.3,2.05,1.0,1.0,1.0
3.35,2.05,1.0,1.0,1.0
3.4,2.05,1.0,1.0,1.0
3.45,2.05,1.0,1.0,1.0
3.5,2.05,1.0,1.0,1.0
3.55,2.05,1.0,1.0,1.0
3.6,2.05,1.0,1.0,1.0
3.65,2.05,1.0,1.0,1.0
3.7,2.05,1.0,1.0,1.0
3.75,2.05,1.0,1.0,1.0
3.8,2.05,1.0,1.0,1.0
3.85,2.05,1.0,1.0,1.0
3.9,2.05,1.0,1.0,1.0
3.95,2.05,1.0,1.0,1.0
4.0,2.05,1.0,1.0,1.0
-4.0,2.1,1.0,1.0,0.9713
-3.95,2.1,1.0,1.0,0.968
-3.9,2.1,1.0,1.0,0.9642
-3.85,2.1,1.0,1.0,0.9601
-3.8,2.1,1.0,1.0,0.9555
-3.75,2.1,1.0,1.0,0.9504
-3.7,2.1,1.0,1.0,0.9443
-3.65,2.1,1.0,1.0,0.9373
-3.6,2.1,1.0,1.0,0.9295
-3.55,2.1,1.0,1.0,0.9208
-3.5,2.1,1.0,1.0,0.9112
-3.45,2.1,1.0,1.0,0.9005
-3.4,2.1,1.0,1.0,0.8886
-3.35,2.1,1.0,1.0,0.8756
-3.3,2.1,1.0,0.9999,0.8612
-3.25,2.1,1.0,0.9995,0.8455
-3.2,2.1,1.0,0.9955,0.8283
-3.15,2.1,1.0,0.9566,0.8097
-3.1,2.1,0.9999,0.658,0.7896
-3.05,2.1,0.9982,0.2284,0.7707
-3.0,2.1,0.9787,0.0631,0.7514
-2.95,2.1,0.7896,0.0202,0.7316
-2.9,2.1,0.2338,0.0077,0.7119
-2.85,2.1,0.0242,0.0031,0.692
-2.8,2.1,0.002,0.0014,0.6724
-2.75,2.1,0.0002,0.0007,0.6522
-2.7,2.1,0.0,0.0004,0.6333
-2.65,2.1,0.0,0.0002,0.6136
-2.6,2.1,0.0,1e-04,0.5944
-2.55,2.1,0.0,1e-04,0.5756
-2.5,2.1,0.0,1e-04,0.5693
-2.45,2.1,0.0,1e-04,0.5663
-2.4,2.1,0.0,1e-04,0.571
-2.35,2.1,0.0,1e-04,0.5794
-2.3,2.1,0.0,1e-04,0.5895
-2.25,2.1,0.0,1e-04,0.5999
-2.2,2.1,0.0,1e-04,0.6098
-2.15,2.1,0.0,1e-04,0.622
-2.1,2.1,0.0,1e-04,0.6354
-2.05,2.1,0.0,0.0002,0.6501
-2.0,2.1,0.0,0.0002,0.6654
-1.95,2.1,0.0,0.0004,0.6803
-1.9,2.1,0.0,0.0006,0.6969
-1.85,2.1,0.0,0.0012,0.7168
-1.8,2.1,0.0,0.0024,0.736
-1.75,2.1,0.0,0.0051,0.7547
-1.7,2.1,1e-04,0.0135,0.7733
-1.65,2.1,0.0003,0.1266,0.7913
-1.6,2.1,0.0018,0.6822,0.8087
-1.55,2.1,0.0133,0.9744,0.8253
-1.5,2.1,0.1179,0.9988,0.8407
-1.45,2.1,0.8804,0.9999,0.8642
-1.4,2.1,0.9985,1.0,0.8901
-1.35,2.1,1.0,1.0,0.9055
-1.3,2.1,1.0,1.0,0.9186
-1.25,2.1,1.0,1.0,0.9305
-1.2,2.1,1.0,1.0,0.9409
-1.15,2.1,1.0,1.0,0.9517
-1.1,2.1,1.0,1.0,0.9607
-1.05,2.1,1.0,1.0,0.9677
-1.0,2.1,1.0,1.0,0.9734
-0.95,2.1,1.0,1.0,0.9781
-0.9,2.1,1.0,1.0,0.9823
-0.85,2.1,1.0,1.0,0.986
-0.8,2.1,1.0,1.0,0.989
-0.75,2.1,1.0,1.0,0.9912
-0.7,2.1,1.0,1.0,0.9931
-0.65,2.1,1.0,1.0,0.995
-0.6,2.1,1.0,1.0,0.9962
-0.55,2.1,1.0,1.0,0.9971
-0.5,2.1,1.0,1.0,0.9979
-0.45,2.1,1.0,1.0,0.9985
-0.4,2.1,1.0,1.0,0.9989
-0.35,2.1,1.0,1.0,0.9993
-0.3,2.1,1.0,1.0,0.9995
-0.25,2.1,1.0,1.0,0.9996
-0.2,2.1,1.0,1.0,0.9998
-0.15,2.1,1.0,1.0,0.9998
-0.1,2.1,1.0,1.0,0.9999
-0.05,2.1,1.0,1.0,0.9999
0.0,2.1,1.0,1.0,0.9999
0.05,2.1,1.0,1.0,1.0
0.1,2.1,1.0,1.0,1.0
0.15,2.1,1.0,1.0,1.0
0.2,2.1,1.0,1.0,1.0
0.25,2.1,1.0,1.0,1.0
0.3,2.1,1.0,1.0,1.0
0.35,2.1,1.0,1.0,1.0
0.4,2.1,1.0,1.0,1.0
0.45,2.1,1.0,1.0,1.0
0.5,2.1,1.0,1.0,1.0
0.55,2.1,1.0,1.0,1.0
0.6,2.1,1.0,1.0,1.0
0.65,2.1,1.0,1.0,1.0
0.7,2.1,1.0,1.0,1.0
0.75,2.1,1.0,1.0,1.0
0.8,2.1,1.0,1.0,1.0
0.85,2.1,1.0,1.0,1.0
0.9,2.1,1.0,1.0,1.0
0.95,2.1,1.0,1.0,1.0
1.0,2.1,1.0,1.0,1.0
1.05,2.1,1.0,1.0,1.0
1.1,2.1,1.0,1.0,1.0
1.15,2.1,1.0,1.0,1.0
1.2,2.1,1.0,1.0,1.0
1.25,2.1,1.0,1.0,1.0
1.3,2.1,1.0,1.0,1.0
1.35,2.1,1.0,1.0,1.0
1.4,2.1,1.0,1.0,1.0
1.45,2.1,1.0,1.0,1.0
1.5,2.1,1.0,1.0,1.0
1.55,2.1,1.0,1.0,1.0
1.6,2.1,1.0,1.0,1.0
1.65,2.1,1.0,1.0,1.0
1.7,2.1,1.0,1.0,1.0
1.75,2.1,1.0,1.0,1.0
1.8,2.1,1.0,1.0,1.0
1.85,2.1,1.0,1.0,1.0
1.9,2.1,1.0,1.0,1.0
1.95,2.1,1.0,1.0,1.0
2.0,2.1,1.0,1.0,1.0
2.05,2.1,1.0,1.0,1.0
2.1,2.1,1.0,1.0,1.0
2.15,2.1,1.0,1.0,1.0
2.2,2.1,1.0,1.0,1.0
2.25,2.1,1.0,1.0,1.0
2.3,2.1,1.0,1.0,1.0
2.35,2.1,1.0,1.0,1.0
2.4,2.1,1.0,1.0,1.0
2.45,2.1,1.0,1.0,1.0
2.5,2.1,1.0,1.0,1.0
2.55,2.1,1.0,1.0,1.0
2.6,2.1,1.0,1.0,1.0
2.65,2.1,1.0,1.0,1.0
2.7,2.1,1.0,1.0,1.0
2.75,2.1,1.0,1.0,1.0
2.8,2.1,1.0,1.0,1.0
2.85,2.1,1.0,1.0,1.0
2.9,2.1,1.0,1.0,1.0
2.95,2.1,1.0,1.0,1.0
3.0,2.1,1.0,1.0,1.0
3.05,2.1,1.0,1.0,1.0
3.1,2.1,1.0,1.0,1.0
3.15,2.1,1.0,1.0,1.0
3.2,2.1,1.0,1.0,1.0
3.25,2.1,1.0,1.0,1.0
3.3,2.1,1.0,1.0,1.0
3.35,2.1,1.0,1.0,1.0
3.4,2.1,1.0,1.0,1.0
3.45,2.1,1.0,1.0,1.0
3.5,2.1,1.0,1.0,1.0
3.55,2.1,1.0,1.0,1.0
3.6,2.1,1.0,1.0,1.0
3.65,2.1,1.0,1.0,1.0
3.7,2.1,1.0,1.0,1.0
3.75,2.1,1.0,1.0,1.0
3.8,2.1,1.0,1.0,1.0
3.85,2.1,1.0,1.0,1.0
3.9,2.1,1.0,1.0,1.0
3.95,2.1,1.0,1.0,1.0
4.0,2.1,1.0,1.0,1.0
-4.0,2.15,1.0,1.0,0.9699
-3.95,2.15,1.0,1.0,0.9664
-3.9,2.15,1.0,1.0,0.9626
-3.85,2.15,1.0,1.0,0.9583
-3.8,2.15,1.0,1.0,0.9533
-3.75,2.15,1.0,1.0,0.9474
-3.7,2.15,1.0,1.0,0.9408
-3.65,2.15,1.0,1.0,0.9334
-3.6,2.15,1.0,1.0,0.9252
-3.55,2.15,1.0,1.0,0.916
-3.5,2.15,1.0,1.0,0.9058
-3.45,2.15,1.0,1.0,0.8946
-3.4,2.15,1.0,1.0,0.8821
-3.35,2.15,1.0,0.9999,0.8684
-3.3,2.15,1.0,0.9992,0.8533
-3.25,2.15,1.0,0.9929,0.8369
-3.2,2.15,1.0,0.9333,0.819
-3.15,2.15,0.9997,0.5427,0.7996
-3.1,2.15,0.9968,0.1969,0.7812
-3.05,2.15,0.9619,0.0527,0.7626
-3.0,2.15,0.6732,0.0187,0.7428
-2.95,2.15,0.1432,0.0072,0.7226
-2.9,2.15,0.0134,0.0029,0.7027
-2.85,2.15,0.0011,0.0013,0.6835
-2.8,2.15,1e-04,0.0007,0.6635
-2.75,2.15,0.0,0.0003,0.6443
-2.7,2.15,0.0,0.0002,0.6249
-2.65,2.15,0.0,1e-04,0.6064
-2.6,2.15,0.0,1e-04,0.5909
-2.55,2.15,0.0,1e-04,0.5859
-2.5,2.15,0.0,1e-04,0.5819
-2.45,2.15,0.0,1e-04,0.5805
-2.4,2.15,0.0,1e-04,0.5876
-2.35,2.15,0.0,1e-04,0.5978
-2.3,2.15,0.0,1e-04,0.6081
-2.25,2.15,0.0,1e-04,0.6184
-2.2,2.15,0.0,1e-04,0.6326
-2.15,2.15,0.0,1e-04,0.6465
-2.1,2.15,0.0,1e-04,0.6605
-2.05,2.15,0.0,0.0002,0.6756
-2.0,2.15,0.0,0.0003,0.6903
-1.95,2.15,0.0,0.0004,0.7104
-1.9,2.15,0.0,0.0009,0.7298
-1.85,2.15,0.0,0.0017,0.7486
-1.8,2.15,0.0,0.0037,0.7675
-1.75,2.15,0.0,0.0083,0.7859
-1.7,2.15,0.0002,0.0606,0.8036
-1.65,2.15,0.0009,0.4605,0.8206
-1.6,2.15,0.007,0.9381,0.8364
-1.55,2.15,0.0686,0.997,0.8519
-1.5,2.15,0.8018,0.9998,0.8789
-1.45,2.15,0.9984,1.0,0.9028
-1.4,2.15,1.0,1.0,0.919
-1.35,2.15,1.0,1.0,0.9309
-1.3,2.15,1.0,1.0,0.9412
-1.25,2.15,1.0,1.0,0.9504
-1.2,2.15,1.0,1.0,0.9598
-1.15,2.15,1.0,1.0,0.9675
-1.1,2.15,1.0,1.0,0.9735
-1.05,2.15,1.0,1.0,0.9782
-1.0,2.15,1.0,1.0,0.9823
-0.95,2.15,1.0,1.0,0.9859
-0.9,2.15,1.0,1.0,0.9889
-0.85,2.15,1.0,1.0,0.9912
-0.8,2.15,1.0,1.0,0.993
-0.75,2.15,1.0,1.0,0.9946
-0.7,2.15,1.0,1.0,0.9961
-0.65,2.15,1.0,1.0,0.9971
-0.6,2.15,1.0,1.0,0.9979
-0.55,2.15,1.0,1.0,0.9985
-0.5,2.15,1.0,1.0,0.999
-0.45,2.15,1.0,1.0,0.9993
-0.4,2.15,1.0,1.0,0.9995
-0.35,2.15,1.0,1.0,0.9996
-0.3,2.15,1.0,1.0,0.9998
-0.25,2.15,1.0,1.0,0.9998
-0.2,2.15,1.0,1.0,0.9999
-0.15,2.15,1.0,1.0,0.9999
-0.1,2.15,1.0,1.0,0.9999
-0.05,2.15,1.0,1.0,1.0
0.0,2.15,1.0,1.0,1.0
0.05,2.15,1.0,1.0,1.0
0.1,2.15,1.0,1.0,1.0
0.15,2.15,1.0,1.0,1.0
0.2,2.15,1.0,1.0,1.0
0.25,2.15,1.0,1.0,1.0
0.3,2.15,1.0,1.0,1.0
0.35,2.15,1.0,1.0,1.0
0.4,2.15,1.0,1.0,1.0
0.45,2.15,1.0,1.0,1.0
0.5,2.15,1.0,1.0,1.0
0.55,2.15,1.0,1.0,1.0
0.6,2.15,1.0,1.0,1.0
0.65,2.15,1.0,1.0,1.0
0.7,2.15,1.0,1.0,1.0
0.75,2.15,1.0,1.0,1.0
0.8,2.15,1.0,1.0,1.0
0.85,2.15,1.0,1.0,1.0
0.9,2.15,1.0,1.0,1.0
0.95,2.15,1.0,1.0,1.0
1.0,2.15,1.0,1.0,1.0
1.05,2.15,1.0,1.0,1.0
1.1,2.15,1.0,1.0,1.0
1.15,2.15,1.0,1.0,1.0
1.2,2.15,1.0,1.0,1.0
1.25,2.15,1.0,1.0,1.0
1.3,2.15,1.0,1.0,1.0
1.35,2.15,1.0,1.0,1.0
1.4,2.15,1.0,1.0,1.0
1.45,2.15,1.0,1.0,1.0
1.5,2.15,1.0,1.0,1.0
1.55,2.15,1.0,1.0,1.0
1.6,2.15,1.0,1.0,1.0
1.65,2.15,1.0,1.0,1.0
1.7,2.15,1.0,1.0,1.0
1.75,2.15,1.0,1.0,1.0
1.8,2.15,1.0,1.0,1.0
1.85,2.15,1.0,1.0,1.0
1.9,2.15,1.0,1.0,1.0
1.95,2.15,1.0,1.0,1.0
2.0,2.15,1.0,1.0,1.0
2.05,2.15,1.0,1.0,1.0
2.1,2.15,1.0,1.0,1.0
2.15,2.15,1.0,1.0,1.0
2.2,2.15,1.0,1.0,1.0
2.25,2.15,1.0,1.0,1.0
2.3,2.15,1.0,1.0,1.0
2.35,2.15,1.0,1.0,1.0
2.4,2.15,1.0,1.0,1.0
2.45,2.15,1.0,1.0,1.0
2.5,2.15,1.0,1.0,1.0
2.55,2.15,1.0,1.0,1.0
2.6,2.15,1.0,1.0,1.0
2.65,2.15,1.0,1.0,1.0
2.7,2.15,1.0,1.0,1.0
2.75,2.15,1.0,1.0,1.0
2.8,2.15,1.0,1.0,1.0
2.85,2.15,1.0,1.0,1.0
2.9,2.15,1.0,1.0,1.0
2.95,2.15,1.0,1.0,1.0
3.0,2.15,1.0,1.0,1.0
3.05,2.15,1.0,1.0,1.0
3.1,2.15,1.0,1.0,1.0
3.15,2.15,1.0,1.0,1.0
3.2,2.15,1.0,1.0,1.0
3.25,2.15,1.0,1.0,1.0
3.3,2.15,1.0,1.0,1.0
3.35,2.15,1.0,1.0,1.0
3.4,2.15,1.0,1.0,1.0
3.45,2.15,1.0,1.0,1.0
3.5,2.15,1.0,1.0,1.0
3.55,2.15,1.0,1.0,1.0
3.6,2.15,1.0,1.0,1.0
3.65,2.15,1.0,1.0,1.0
3.7,2.15,1.0,1.0,1.0
3.75,2.15,1.0,1.0,1.0
3.8,2.15,1.0,1.0,1.0
3.85,2.15,1.0,1.0,1.0
3.9,2.15,1.0,1.0,1.0
3.95,2.15,1.0,1.0,1.0
4.0,2.15,1.0,1.0,1.0
-4.0,2.2,1.0,1.0,0.9685
-3.95,2.2,1.0,1.0,0.9649
-3.9,2.2,1.0,1.0,0.9608
-3.85,2.2,1.0,1.0,0.956
-3.8,2.2,1.0,1.0,0.9504
-3.75,2.2,1.0,1.0,0.9441
-3.7,2.2,1.0,1.0,0.9371
-3.65,2.2,1.0,1.0,0.9293
-3.6,2.2,1.0,1.0,0.9206
-3.55,2.2,1.0,1.0,0.9109
-3.5,2.2,1.0,1.0,0.9002
-3.45,2.2,1.0,1.0,0.8883
-3.4,2.2,1.0,0.9999,0.8752
-3.35,2.2,1.0,0.9988,0.8608
-3.3,2.2,1.0,0.989,0.8451
-3.25,2.2,1.0,0.9003,0.8279
-3.2,2.2,0.9995,0.4549,0.8093
-3.15,2.2,0.9941,0.1691,0.7913
-3.1,2.2,0.9327,0.0441,0.7735
-3.05,2.2,0.5302,0.0172,0.7542
-3.0,2.2,0.0839,0.0067,0.734
-2.95,2.2,0.0074,0.0027,0.7134
-2.9,2.2,0.0006,0.0012,0.6943
-2.85,2.2,0.0,0.0006,0.6747
-2.8,2.2,0.0,0.0003,0.6557
-2.75,2.2,0.0,0.0002,0.6374
-2.7,2.2,0.0,1e-04,0.6189
-2.65,2.2,0.0,1e-04,0.6088
-2.6,2.2,0.0,1e-04,0.6023
-2.55,2.2,0.0,0.0,0.5986
-2.5,2.2,0.0,0.0,0.5972
-2.45,2.2,0.0,0.0,0.5983
-2.4,2.2,0.0,0.0,0.6069
-2.35,2.2,0.0,1e-04,0.6176
-2.3,2.2,0.0,1e-04,0.63
-2.25,2.2,0.0,1e-04,0.644
-2.2,2.2,0.0,1e-04,0.6578
-2.15,2.2,0.0,1e-04,0.6713
-2.1,2.2,0.0,1e-04,0.6856
-2.05,2.2,0.0,0.0002,0.7039
-2.0,2.2,0.0,0.0003,0.7236
-1.95,2.2,0.0,0.0006,0.7424
-1.9,2.2,0.0,0.0012,0.7616
-1.85,2.2,0.0,0.0027,0.7805
-1.8,2.2,0.0,0.0057,0.7987
-1.75,2.2,1e-04,0.0288,0.816
-1.7,2.2,0.0005,0.2647,0.8327
-1.65,2.2,0.0037,0.8586,0.8484
-1.6,2.2,0.039,0.9916,0.867
-1.55,2.2,0.7203,0.9996,0.8923
-1.5,2.2,0.9984,1.0,0.9138
-1.45,2.2,1.0,1.0,0.9312
-1.4,2.2,1.0,1.0,0.9415
-1.35,2.2,1.0,1.0,0.9505
-1.3,2.2,1.0,1.0,0.9587
-1.25,2.2,1.0,1.0,0.9666
-1.2,2.2,1.0,1.0,0.9731
-1.15,2.2,1.0,1.0,0.9783
-1.1,2.2,1.0,1.0,0.9825
-1.05,2.2,1.0,1.0,0.9859
-1.0,2.2,1.0,1.0,0.9888
-0.95,2.2,1.0,1.0,0.9912
-0.9,2.2,1.0,1.0,0.993
-0.85,2.2,1.0,1.0,0.9944
-0.8,2.2,1.0,1.0,0.9958
-0.75,2.2,1.0,1.0,0.997
-0.7,2.2,1.0,1.0,0.9979
-0.65,2.2,1.0,1.0,0.9985
-0.6,2.2,1.0,1.0,0.9989
-0.55,2.2,1.0,1.0,0.9993
-0.5,2.2,1.0,1.0,0.9995
-0.45,2.2,1.0,1.0,0.9996
-0.4,2.2,1.0,1.0,0.9998
-0.35,2.2,1.0,1.0,0.9998
-0.3,2.2,1.0,1.0,0.9999
-0.25,2.2,1.0,1.0,0.9999
-0.2,2.2,1.0,1.0,0.9999
-0.15,2.2,1.0,1.0,1.0
-0.1,2.2,1.0,1.0,1.0
-0.05,2.2,1.0,1.0,1.0
0.0,2.2,1.0,1.0,1.0
0.05,2.2,1.0,1.0,1.0
0.1,2.2,1.0,1.0,1.0
0.15,2.2,1.0,1.0,1.0
0.2,2.2,1.0,1.0,1.0
0.25,2.2,1.0,1.0,1.0
0.3,2.2,1.0,1.0,1.0
0.35,2.2,1.0,1.0,1.0
0.4,2.2,1.0,1.0,1.0
0.45,2.2,1.0,1.0,1.0
0.5,2.2,1.0,1.0,1.0
0.55,2.2,1.0,1.0,1.0
0.6,2.2,1.0,1.0,1.0
0.65,2.2,1.0,1.0,1.0
0.7,2.2,1.0,1.0,1.0
0.75,2.2,1.0,1.0,1.0
0.8,2.2,1.0,1.0,1.0
0.85,2.2,1.0,1.0,1.0
0.9,2.2,1.0,1.0,1.0
0.95,2.2,1.0,1.0,1.0
1.0,2.2,1.0,1.0,1.0
1.05,2.2,1.0,1.0,1.0
1.1,2.2,1.0,1.0,1.0
1.15,2.2,1.0,1.0,1.0
1.2,2.2,1.0,1.0,1.0
1.25,2.2,1.0,1.0,1.0
1.3,2.2,1.0,1.0,1.0
1.35,2.2,1.0,1.0,1.0
1.4,2.2,1.0,1.0,1.0
1.45,2.2,1.0,1.0,1.0
1.5,2.2,1.0,1.0,1.0
1.55,2.2,1.0,1.0,1.0
1.6,2.2,1.0,1.0,1.0
1.65,2.2,1.0,1.0,1.0
1.7,2.2,1.0,1.0,1.0
1.75,2.2,1.0,1.0,1.0
1.8,2.2,1.0,1.0,1.0
1.85,2.2,1.0,1.0,1.0
1.9,2.2,1.0,1.0,1.0
1.95,2.2,1.0,1.0,1.0
2.0,2.2,1.0,1.0,1.0
2.05,2.2,1.0,1.0,1.0
2.1,2.2,1.0,1.0,1.0
2.15,2.2,1.0,1.0,1.0
2.2,2.2,1.0,1.0,1.0
2.25,2.2,1.0,1.0,1.0
2.3,2.2,1.0,1.0,1.0
2.35,2.2,1.0,1.0,1.0
2.4,2.2,1.0,1.0,1.0
2.45,2.2,1.0,1.0,1.0
2.5,2.2,1.0,1.0,1.0
2.55,2.2,1.0,1.0,1.0
2.6,2.2,1.0,1.0,1.0
2.65,2.2,1.0,1.0,1.0
2.7,2.2,1.0,1.0,1.0
2.75,2.2,1.0,1.0,1.0
2.8,2.2,1.0,1.0,1.0
2.85,2.2,1.0,1.0,1.0
2.9,2.2,1.0,1.0,1.0
2.95,2.2,1.0,1.0,1.0
3.0,2.2,1.0,1.0,1.0
3.05,2.2,1.0,1.0,1.0
3.1,2.2,1.0,1.0,1.0
3.15,2.2,1.0,1.0,1.0
3.2,2.2,1.0,1.0,1.0
3.25,2.2,1.0,1.0,1.0
3.3,2.2,1.0,1.0,1.0
3.35,2.2,1.0,1.0,1.0
3.4,2.2,1.0,1.0,1.0
3.45,2.2,1.0,1.0,1.0
3.5,2.2,1.0,1.0,1.0
3.55,2.2,1.0,1.0,1.0
3.6,2.2,1.0,1.0,1.0
3.65,2.2,1.0,1.0,1.0
3.7,2.2,1.0,1.0,1.0
3.75,2.2,1.0,1.0,1.0
3.8,2.2,1.0,1.0,1.0
3.85,2.2,1.0,1.0,1.0
3.9,2.2,1.0,1.0,1.0
3.95,2.2,1.0,1.0,1.0
4.0,2.2,1.0,1.0,1.0
-4.0,2.25,1.0,1.0,0.967
-3.95,2.25,1.0,1.0,0.9631
-3.9,2.25,1.0,1.0,0.9585
-3.85,2.25,1.0,1.0,0.9532
-3.8,2.25,1.0,1.0,0.9473
-3.75,2.25,1.0,1.0,0.9406
-3.7,2.25,1.0,1.0,0.9332
-3.65,2.25,1.0,1.0,0.925
-3.6,2.25,1.0,1.0,0.9158
-3.55,2.25,1.0,1.0,0.9056
-3.5,2.25,1.0,1.0,0.8943
-3.45,2.25,1.0,0.9998,0.8818
-3.4,2.25,1.0,0.9982,0.868
-3.35,2.25,1.0,0.983,0.8529
-3.3,2.25,0.9999,0.8535,0.8365
-3.25,2.25,0.9991,0.4131,0.8185
-3.2,2.25,0.9893,0.1446,0.8012
-3.15,2.25,0.8835,0.0374,0.7839
-3.1,2.25,0.382,0.0159,0.7653
-3.05,2.25,0.0478,0.0063,0.7457
-3.0,2.25,0.0039,0.0025,0.7249
-2.95,2.25,0.0003,0.0012,0.7053
-2.9,2.25,0.0,0.0006,0.6868
-2.85,2.25,0.0,0.0003,0.6677
-2.8,2.25,0.0,0.0002,0.6498
-2.75,2.25,0.0,1e-04,0.636
-2.7,2.25,0.0,1e-04,0.627
-2.65,2.25,0.0,1e-04,0.6202
-2.6,2.25,0.0,0.0,0.6182
-2.55,2.25,0.0,0.0,0.6167
-2.5,2.25,0.0,0.0,0.6177
-2.45,2.25,0.0,0.0,0.6208
-2.4,2.25,0.0,0.0,0.6273
-2.35,2.25,0.0,0.0,0.6415
-2.3,2.25,0.0,0.0,0.6553
-2.25,2.25,0.0,1e-04,0.6689
-2.2,2.25,0.0,1e-04,0.6822
-2.15,2.25,0.0,1e-04,0.6973
-2.1,2.25,0.0,1e-04,0.7172
-2.05,2.25,0.0,0.0002,0.7364
-2.0,2.25,0.0,0.0005,0.7559
-1.95,2.25,0.0,0.0009,0.7752
-1.9,2.25,0.0,0.0019,0.7936
-1.85,2.25,0.0,0.0042,0.8115
-1.8,2.25,1e-04,0.0145,0.8288
-1.75,2.25,0.0003,0.1394,0.8448
-1.7,2.25,0.0017,0.7088,0.8596
-1.65,2.25,0.0219,0.9774,0.8813
-1.6,2.25,0.7051,0.999,0.9043
-1.55,2.25,0.9982,0.9999,0.9242
-1.5,2.25,1.0,1.0,0.9404
-1.45,2.25,1.0,1.0,0.9507
-1.4,2.25,1.0,1.0,0.9584
-1.35,2.25,1.0,1.0,0.9657
-1.3,2.25,1.0,1.0,0.9723
-1.25,2.25,1.0,1.0,0.9779
-1.2,2.25,1.0,1.0,0.9824
-1.15,2.25,1.0,1.0,0.986
-1.1,2.25,1.0,1.0,0.9888
-1.05,2.25,1.0,1.0,0.9911
-1.0,2.25,1.0,1.0,0.993
-0.95,2.25,1.0,1.0,0.9944
-0.9,2.25,1.0,1.0,0.9956
-0.85,2.25,1.0,1.0,0.9967
-0.8,2.25,1.0,1.0,0.9977
-0.75,2.25,1.0,1.0,0.9984
-0.7,2.25,1.0,1.0,0.9989
-0.65,2.25,1.0,1.0,0.9992
-0.6,2.25,1.0,1.0,0.9995
-0.55,2.25,1.0,1.0,0.9996
-0.5,2.25,1.0,1.0,0.9998
-0.45,2.25,1.0,1.0,0.9998
-0.4,2.25,1.0,1.0,0.9999
-0.35,2.25,1.0,1.0,0.9999
-0.3,2.25,1.0,1.0,0.9999
-0.25,2.25,1.0,1.0,1.0
-0.2,2.25,1.0,1.0,1.0
-0.15,2.25,1.0,1.0,1.0
-0.1,2.25,1.0,1.0,1.0
-0.05,2.25,1.0,1.0,1.0
0.0,2.25,1.0,1.0,1.0
0.05,2.25,1.0,1.0,1.0
0.1,2.25,1.0,1.0,1.0
0.15,2.25,1.0,1.0,1.0
0.2,2.25,1.0,1.0,1.0
0.25,2.25,1.0,1.0,1.0
0.3,2.25,1.0,1.0,1.0
0.35,2.25,1.0,1.0,1.0
0.4,2.25,1.0,1.0,1.0
0.45,2.25,1.0,1.0,1.0
0.5,2.25,1.0,1.0,1.0
0.55,2.25,1.0,1.0,1.0
0.6,2.25,1.0,1.0,1.0
0.65,2.25,1.0,1.0,1.0
0.7,2.25,1.0,1.0,1.0
0.75,2.25,1.0,1.0,1.0
0.8,2.25,1.0,1.0,1.0
0.85,2.25,1.0,1.0,1.0
0.9,2.25,1.0,1.0,1.0
0.95,2.25,1.0,1.0,1.0
1.0,2.25,1.0,1.0,1.0
1.05,2.25,1.0,1.0,1.0
1.1,2.25,1.0,1.0,1.0
1.15,2.25,1.0,1.0,1.0
1.2,2.25,1.0,1.0,1.0
1.25,2.25,1.0,1.0,1.0
1.3,2.25,1.0,1.0,1.0
1.35,2.25,1.0,1.0,1.0
1.4,2.25,1.0,1.0,1.0
1.45,2.25,1.0,1.0,1.0
1.5,2.25,1.0,1.0,1.0
1.55,2.25,1.0,1.0,1.0
1.6,2.25,1.0,1.0,1.0
1.65,2.25,1.0,1.0,1.0
1.7,2.25,1.0,1.0,1.0
1.75,2.25,1.0,1.0,1.0
1.8,2.25,1.0,1.0,1.0
1.85,2.25,1.0,1.0,1.0
1.9,2.25,1.0,1.0,1.0
1.95,2.25,1.0,1.0,1.0
2.0,2.25,1.0,1.0,1.0
2.05,2.25,1.0,1.0,1.0
2.1,2.25,1.0,1.0,1.0
2.15,2.25,1.0,1.0,1.0
2.2,2.25,1.0,1.0,1.0
2.25,2.25,1.0,1.0,1.0
2.3,2.25,1.0,1.0,1.0
2.35,2.25,1.0,1.0,1.0
2.4,2.25,1.0,1.0,1.0
2.45,2.25,1.0,1.0,1.0
2.5,2.25,1.0,1.0,1.0
2.55,2.25,1.0,1.0,1.0
2.6,2.25,1.0,1.0,1.0
2.65,2.25,1.0,1.0,1.0
2.7,2.25,1.0,1.0,1.0
2.75,2.25,1.0,1.0,1.0
2.8,2.25,1.0,1.0,1.0
2.85,2.25,1.0,1.0,1.0
2.9,2.25,1.0,1.0,1.0
2.95,2.25,1.0,1.0,1.0
3.0,2.25,1.0,1.0,1.0
3.05,2.25,1.0,1.0,1.0
3.1,2.25,1.0,1.0,1.0
3.15,2.25,1.0,1.0,1.0
3.2,2.25,1.0,1.0,1.0
3.25,2.25,1.0,1.0,1.0
3.3,2.25,1.0,1.0,1.0
3.35,2.25,1.0,1.0,1.0
3.4,2.25,1.0,1.0,1.0
3.45,2.25,1.0,1.0,1.0
3.5,2.25,1.0,1.0,1.0
3.55,2.25,1.0,1.0,1.0
3.6,2.25,1.0,1.0,1.0
3.65,2.25,1.0,1.0,1.0
3.7,2.25,1.0,1.0,1.0
3.75,2.25,1.0,1.0,1.0
3.8,2.25,1.0,1.0,1.0
3.85,2.25,1.0,1.0,1.0
3.9,2.25,1.0,1.0,1.0
3.95,2.25,1.0,1.0,1.0
4.0,2.25,1.0,1.0,1.0
-4.0,2.3,1.0,1.0,0.9653
-3.95,2.3,1.0,1.0,0.9609
-3.9,2.3,1.0,1.0,0.9559
-3.85,2.3,1.0,1.0,0.9502
-3.8,2.3,1.0,1.0,0.944
-3.75,2.3,1.0,1.0,0.9369
-3.7,2.3,1.0,1.0,0.9291
-3.65,2.3,1.0,1.0,0.9204
-3.6,2.3,1.0,1.0,0.9107
-3.55,2.3,1.0,1.0,0.8999
-3.5,2.3,1.0,0.9997,0.888
-3.45,2.3,1.0,0.9972,0.8749
-3.4,2.3,1.0,0.9741,0.8605
-3.35,2.3,0.9999,0.7906,0.8447
-3.3,2.3,0.9984,0.3733,0.8275
-3.25,2.3,0.9806,0.1234,0.8106
-3.2,2.3,0.8055,0.0335,0.7941
-3.15,2.3,0.2527,0.0147,0.7761
-3.1,2.3,0.0267,0.0059,0.7572
-3.05,2.3,0.002,0.0024,0.7378
-3.0,2.3,0.0002,0.0011,0.7179
-2.95,2.3,0.0,0.0006,0.6989
-2.9,2.3,0.0,0.0003,0.6805
-2.85,2.3,0.0,0.0002,0.6634
-2.8,2.3,0.0,1e-04,0.6551
-2.75,2.3,0.0,1e-04,0.6481
-2.7,2.3,0.0,0.0,0.6407
-2.65,2.3,0.0,0.0,0.6387
-2.6,2.3,0.0,0.0,0.6367
-2.55,2.3,0.0,0.0,0.6368
-2.5,2.3,0.0,0.0,0.6385
-2.45,2.3,0.0,0.0,0.6465
-2.4,2.3,0.0,0.0,0.6567
-2.35,2.3,0.0,0.0,0.6672
-2.3,2.3,0.0,0.0,0.6798
-2.25,2.3,0.0,1e-04,0.6929
-2.2,2.3,0.0,1e-04,0.7113
-2.15,2.3,0.0,1e-04,0.7305
-2.1,2.3,0.0,0.0002,0.7501
-2.05,2.3,0.0,0.0003,0.7697
-2.0,2.3,0.0,0.0007,0.7885
-1.95,2.3,0.0,0.0014,0.8073
-1.9,2.3,0.0,0.003,0.8249
-1.85,2.3,0.0,0.008,0.8412
-1.8,2.3,0.0002,0.0685,0.8563
-1.75,2.3,0.0008,0.4963,0.872
-1.7,2.3,0.0175,0.946,0.8943
-1.65,2.3,0.6895,0.9973,0.9157
-1.6,2.3,0.9983,0.9999,0.9336
-1.55,2.3,1.0,1.0,0.948
-1.5,2.3,1.0,1.0,0.9586
-1.45,2.3,1.0,1.0,0.965
-1.4,2.3,1.0,1.0,0.9717
-1.35,2.3,1.0,1.0,0.9775
-1.3,2.3,1.0,1.0,0.9822
-1.25,2.3,1.0,1.0,0.9859
-1.2,2.3,1.0,1.0,0.9888
-1.15,2.3,1.0,1.0,0.9911
-1.1,2.3,1.0,1.0,0.9929
-1.05,2.3,1.0,1.0,0.9944
-1.0,2.3,1.0,1.0,0.9955
-0.95,2.3,1.0,1.0,0.9965
-0.9,2.3,1.0,1.0,0.9975
-0.85,2.3,1.0,1.0,0.9982
-0.8,2.3,1.0,1.0,0.9987
-0.75,2.3,1.0,1.0,0.9992
-0.7,2.3,1.0,1.0,0.9995
-0.65,2.3,1.0,1.0,0.9996
-0.6,2.3,1.0,1.0,0.9998
-0.55,2.3,1.0,1.0,0.9998
-0.5,2.3,1.0,1.0,0.9999
-0.45,2.3,1.0,1.0,0.9999
-0.4,2.3,1.0,1.0,0.9999
-0.35,2.3,1.0,1.0,1.0
-0.3,2.3,1.0,1.0,1.0
-0.25,2.3,1.0,1.0,1.0
-0.2,2.3,1.0,1.0,1.0
-0.15,2.3,1.0,1.0,1.0
-0.1,2.3,1.0,1.0,1.0
-0.05,2.3,1.0,1.0,1.0
0.0,2.3,1.0,1.0,1.0
0.05,2.3,1.0,1.0,1.0
0.1,2.3,1.0,1.0,1.0
0.15,2.3,1.0,1.0,1.0
0.2,2.3,1.0,1.0,1.0
0.25,2.3,1.0,1.0,1.0
0.3,2.3,1.0,1.0,1.0
0.35,2.3,1.0,1.0,1.0
0.4,2.3,1.0,1.0,1.0
0.45,2.3,1.0,1.0,1.0
0.5,2.3,1.0,1.0,1.0
0.55,2.3,1.0,1.0,1.0
0.6,2.3,1.0,1.0,1.0
0.65,2.3,1.0,1.0,1.0
0.7,2.3,1.0,1.0,1.0
0.75,2.3,1.0,1.0,1.0
0.8,2.3,1.0,1.0,1.0
0.85,2.3,1.0,1.0,1.0
0.9,2.3,1.0,1.0,1.0
0.95,2.3,1.0,1.0,1.0
1.0,2.3,1.0,1.0,1.0
1.05,2.3,1.0,1.0,1.0
1.1,2.3,1.0,1.0,1.0
1.15,2.3,1.0,1.0,1.0
1.2,2.3,1.0,1.0,1.0
1.25,2.3,1.0,1.0,1.0
1.3,2.3,1.0,1.0,1.0
1.35,2.3,1.0,1.0,1.0
1.4,2.3,1.0,1.0,1.0
1.45,2.3,1.0,1.0,1.0
1.5,2.3,1.0,1.0,1.0
1.55,2.3,1.0,1.0,1.0
1.6,2.3,1.0,1.0,1.0
1.65,2.3,1.0,1.0,1.0
1.7,2.3,1.0,1.0,1.0
1.75,2.3,1.0,1.0,1.0
1.8,2.3,1.0,1.0,1.0
1.85,2.3,1.0,1.0,1.0
1.9,2.3,1.0,1.0,1.0
1.95,2.3,1.0,1.0,1.0
2.0,2.3,1.0,1.0,1.0
2.05,2.3,1.0,1.0,1.0
2.1,2.3,1.0,1.0,1.0
2.15,2.3,1.0,1.0,1.0
2.2,2.3,1.0,1.0,1.0
2.25,2.3,1.0,1.0,1.0
2.3,2.3,1.0,1.0,1.0
2.35,2.3,1.0,1.0,1.0
2.4,2.3,1.0,1.0,1.0
2.45,2.3,1.0,1.0,1.0
2.5,2.3,1.0,1.0,1.0
2.55,2.3,1.0,1.0,1.0
2.6,2.3,1.0,1.0,1.0
2.65,2.3,1.0,1.0,1.0
2.7,2.3,1.0,1.0,1.0
2.75,2.3,1.0,1.0,1.0
2.8,2.3,1.0,1.0,1.0
2.85,2.3,1.0,1.0,1.0
2.9,2.3,1.0,1.0,1.0
2.95,2.3,1.0,1.0,1.0
3.0,2.3,1.0,1.0,1.0
3.05,2.3,1.0,1.0,1.0
3.1,2.3,1.0,1.0,1.0
3.15,2.3,1.0,1.0,1.0
3.2,2.3,1.0,1.0,1.0
3.25,2.3,1.0,1.0,1.0
3.3,2.3,1.0,1.0,1.0
3.35,2.3,1.0,1.0,1.0
3.4,2.3,1.0,1.0,1.0
3.45,2.3,1.0,1.0,1.0
3.5,2.3,1.0,1.0,1.0
3.55,2.3,1.0,1.0,1.0
3.6,2.3,1.0,1.0,1.0
3.65,2.3,1.0,1.0,1.0
3.7,2.3,1.0,1.0,1.0
3.75,2.3,1.0,1.0,1.0
3.8,2.3,1.0,1.0,1.0
3.85,2.3,1.0,1.0,1.0
3.9,2.3,1.0,1.0,1.0
3.95,2.3,1.0,1.0,1.0
4.0,2.3,1.0,1.0,1.0
-4.0,2.35,1.0,1.0,0.9631
-3.95,2.35,1.0,1.0,0.9584
-3.9,2.35,1.0,1.0,0.9531
-3.85,2.35,1.0,1.0,0.9471
-3.8,2.35,1.0,1.0,0.9405
-3.75,2.35,1.0,1.0,0.933
-3.7,2.35,1.0,1.0,0.9248
-3.65,2.35,1.0,1.0,0.9155
-3.6,2.35,1.0,0.9999,0.9053
-3.55,2.35,1.0,0.9995,0.894
-3.5,2.35,1.0,0.9958,0.8815
-3.45,2.35,1.0,0.9606,0.8677
-3.4,2.35,0.9998,0.7101,0.8526
-3.35,2.35,0.997,0.3353,0.836
-3.3,2.35,0.9651,0.1051,0.8197
-3.25,2.35,0.6934,0.0309,0.8039
-3.2,2.35,0.1559,0.0136,0.7873
-3.15,2.35,0.0144,0.0055,0.7698
-3.1,2.35,0.001,0.0022,0.7514
-3.05,2.35,1e-04,0.0011,0.7321
-3.0,2.35,0.0,0.0005,0.7136
-2.95,2.35,0.0,0.0003,0.6946
-2.9,2.35,0.0,1e-04,0.6833
-2.85,2.35,0.0,1e-04,0.6759
-2.8,2.35,0.0,1e-04,0.6689
-2.75,2.35,0.0,0.0,0.6618
-2.7,2.35,0.0,0.0,0.6587
-2.65,2.35,0.0,0.0,0.6567
-2.6,2.35,0.0,0.0,0.6558
-2.55,2.35,0.0,0.0,0.6576
-2.5,2.35,0.0,0.0,0.6654
-2.45,2.35,0.0,0.0,0.675
-2.4,2.35,0.0,0.0,0.6854
-2.35,2.35,0.0,0.0,0.6955
-2.3,2.35,0.0,0.0,0.7088
-2.25,2.35,0.0,1e-04,0.7252
-2.2,2.35,0.0,1e-04,0.7442
-2.15,2.35,0.0,1e-04,0.7641
-2.1,2.35,0.0,0.0002,0.7837
-2.05,2.35,0.0,0.0005,0.803
-2.0,2.35,0.0,0.001,0.8209
-1.95,2.35,0.0,0.0022,0.8375
-1.9,2.35,0.0,0.005,0.8529
-1.85,2.35,1e-04,0.0323,0.867
-1.8,2.35,0.0005,0.2933,0.8859
-1.75,2.35,0.0161,0.8764,0.9066
-1.7,2.35,0.6909,0.9926,0.9262
-1.65,2.35,0.9984,0.9997,0.9421
-1.6,2.35,1.0,1.0,0.9549
-1.55,2.35,1.0,1.0,0.9649
-1.5,2.35,1.0,1.0,0.9713
-1.45,2.35,1.0,1.0,0.9772
-1.4,2.35,1.0,1.0,0.9819
-1.35,2.35,1.0,1.0,0.9857
-1.3,2.35,1.0,1.0,0.9887
-1.25,2.35,1.0,1.0,0.991
-1.2,2.35,1.0,1.0,0.9929
-1.15,2.35,1.0,1.0,0.9944
-1.1,2.35,1.0,1.0,0.9955
-1.05,2.35,1.0,1.0,0.9964
-1.0,2.35,1.0,1.0,0.9973
-0.95,2.35,1.0,1.0,0.998
-0.9,2.35,1.0,1.0,0.9986
-0.85,2.35,1.0,1.0,0.999
-0.8,2.35,1.0,1.0,0.9994
-0.75,2.35,1.0,1.0,0.9996
-0.7,2.35,1.0,1.0,0.9997
-0.65,2.35,1.0,1.0,0.9998
-0.6,2.35,1.0,1.0,0.9999
-0.55,2.35,1.0,1.0,0.9999
-0.5,2.35,1.0,1.0,0.9999
-0.45,2.35,1.0,1.0,1.0
-0.4,2.35,1.0,1.0,1.0
-0.35,2.35,1.0,1.0,1.0
-0.3,2.35,1.0,1.0,1.0
-0.25,2.35,1.0,1.0,1.0
-0.2,2.35,1.0,1.0,1.0
-0.15,2.35,1.0,1.0,1.0
-0.1,2.35,1.0,1.0,1.0
-0.05,2.35,1.0,1.0,1.0
0.0,2.35,1.0,1.0,1.0
0.05,2.35,1.0,1.0,1.0
0.1,2.35,1.0,1.0,1.0
0.15,2.35,1.0,1.0,1.0
0.2,2.35,1.0,1.0,1.0
0.25,2.35,1.0,1.0,1.0
0.3,2.35,1.0,1.0,1.0
0.35,2.35,1.0,1.0,1.0
0.4,2.35,1.0,1.0,1.0
0.45,2.35,1.0,1.0,1.0
0.5,2.35,1.0,1.0,1.0
0.55,2.35,1.0,1.0,1.0
0.6,2.35,1.0,1.0,1.0
0.65,2.35,1.0,1.0,1.0
0.7,2.35,1.0,1.0,1.0
0.75,2.35,1.0,1.0,1.0
0.8,2.35,1.0,1.0,1.0
0.85,2.35,1.0,1.0,1.0
0.9,2.35,1.0,1.0,1.0
0.95,2.35,1.0,1.0,1.0
1.0,2.35,1.0,1.0,1.0
1.05,2.35,1.0,1.0,1.0
1.1,2.35,1.0,1.0,1.0
1.15,2.35,1.0,1.0,1.0
1.2,2.35,1.0,1.0,1.0
1.25,2.35,1.0,1.0,1.0
1.3,2.35,1.0,1.0,1.0
1.35,2.35,1.0,1.0,1.0
1.4,2.35,1.0,1.0,1.0
1.45,2.35,1.0,1.0,1.0
1.5,2.35,1.0,1.0,1.0
1.55,2.35,1.0,1.0,1.0
1.6,2.35,1.0,1.0,1.0
1.65,2.35,1.0,1.0,1.0
1.7,2.35,1.0,1.0,1.0
1.75,2.35,1.0,1.0,1.0
1.8,2.35,1.0,1.0,1.0
1.85,2.35,1.0,1.0,1.0
1.9,2.35,1.0,1.0,1.0
1.95,2.35,1.0,1.0,1.0
2.0,2.35,1.0,1.0,1.0
2.05,2.35,1.0,1.0,1.0
2.1,2.35,1.0,1.0,1.0
2.15,2.35,1.0,1.0,1.0
2.2,2.35,1.0,1.0,1.0
2.25,2.35,1.0,1.0,1.0
2.3,2.35,1.0,1.0,1.0
2.35,2.35,1.0,1.0,1.0
2.4,2.35,1.0,1.0,1.0
2.45,2.35,1.0,1.0,1.0
2.5,2.35,1.0,1.0,1.0
2.55,2.35,1.0,1.0,1.0
2.6,2.35,1.0,1.0,1.0
2.65,2.35,1.0,1.0,1.0
2.7,2.35,1.0,1.0,1.0
2.75,2.35,1.0,1.0,1.0
2.8,2.35,1.0,1.0,1.0
2.85,2.35,1.0,1.0,1.0
2.9,2.35,1.0,1.0,1.0
2.95,2.35,1.0,1.0,1.0
3.0,2.35,1.0,1.0,1.0
3.05,2.35,1.0,1.0,1.0
3.1,2.35,1.0,1.0,1.0
3.15,2.35,1.0,1.0,1.0
3.2,2.35,1.0,1.0,1.0
3.25,2.35,1.0,1.0,1.0
3.3,2.35,1.0,1.0,1.0
3.35,2.35,1.0,1.0,1.0
3.4,2.35,1.0,1.0,1.0
3.45,2.35,1.0,1.0,1.0
3.5,2.35,1.0,1.0,1.0
3.55,2.35,1.0,1.0,1.0
3.6,2.35,1.0,1.0,1.0
3.65,2.35,1.0,1.0,1.0
3.7,2.35,1.0,1.0,1.0
3.75,2.35,1.0,1.0,1.0
3.8,2.35,1.0,1.0,1.0
3.85,2.35,1.0,1.0,1.0
3.9,2.35,1.0,1.0,1.0
3.95,2.35,1.0,1.0,1.0
4.0,2.35,1.0,1.0,1.0
-4.0,2.4,1.0,1.0,0.9608
-3.95,2.4,1.0,1.0,0.9557
-3.9,2.4,1.0,1.0,0.9501
-3.85,2.4,1.0,1.0,0.9438
-3.8,2.4,1.0,1.0,0.9368
-3.75,2.4,1.0,1.0,0.9289
-3.7,2.4,1.0,1.0,0.9202
-3.65,2.4,1.0,0.9999,0.9104
-3.6,2.4,1.0,0.9993,0.8997
-3.55,2.4,1.0,0.9937,0.8877
-3.5,2.4,1.0,0.9405,0.8746
-3.45,2.4,0.9996,0.6194,0.8602
-3.4,2.4,0.9946,0.2993,0.8446
-3.35,2.4,0.938,0.0891,0.8295
-3.3,2.4,0.5525,0.0286,0.815
-3.25,2.4,0.0916,0.0127,0.7993
-3.2,2.4,0.0073,0.0052,0.7828
-3.15,2.4,0.0005,0.0021,0.7655
-3.1,2.4,0.0,0.001,0.7473
-3.05,2.4,0.0,0.0005,0.7295
-3.0,2.4,0.0,0.0003,0.7133
-2.95,2.4,0.0,1e-04,0.7044
-2.9,2.4,0.0,1e-04,0.6961
-2.85,2.4,0.0,0.0,0.6891
-2.8,2.4,0.0,0.0,0.6824
-2.75,2.4,0.0,0.0,0.6782
-2.7,2.4,0.0,0.0,0.6763
-2.65,2.4,0.0,0.0,0.6744
-2.6,2.4,0.0,0.0,0.6778
-2.55,2.4,0.0,0.0,0.684
-2.5,2.4,0.0,0.0,0.6931
-2.45,2.4,0.0,0.0,0.7029
-2.4,2.4,0.0,0.0,0.7138
-2.35,2.4,0.0,0.0,0.7294
-2.3,2.4,0.0,0.0,0.7454
-2.25,2.4,0.0,1e-04,0.7623
-2.2,2.4,0.0,1e-04,0.782
-2.15,2.4,0.0,0.0002,0.8015
-2.1,2.4,0.0,0.0003,0.8198
-2.05,2.4,0.0,0.0007,0.8367
-2.0,2.4,0.0,0.0016,0.8522
-1.95,2.4,0.0,0.0035,0.8666
-1.9,2.4,1e-04,0.016,0.8797
-1.85,2.4,0.0005,0.1584,0.9015
-1.8,2.4,0.0134,0.7417,0.9203
-1.75,2.4,0.7052,0.9816,0.9375
-1.7,2.4,0.9985,0.9993,0.9512
-1.65,2.4,1.0,1.0,0.962
-1.6,2.4,1.0,1.0,0.9705
-1.55,2.4,1.0,1.0,0.9768
-1.5,2.4,1.0,1.0,0.9817
-1.45,2.4,1.0,1.0,0.9855
-1.4,2.4,1.0,1.0,0.9885
-1.35,2.4,1.0,1.0,0.9909
-1.3,2.4,1.0,1.0,0.9928
-1.25,2.4,1.0,1.0,0.9943
-1.2,2.4,1.0,1.0,0.9955
-1.15,2.4,1.0,1.0,0.9964
-1.1,2.4,1.0,1.0,0.9972
-1.05,2.4,1.0,1.0,0.9979
-1.0,2.4,1.0,1.0,0.9985
-0.95,2.4,1.0,1.0,0.9989
-0.9,2.4,1.0,1.0,0.9993
-0.85,2.4,1.0,1.0,0.9995
-0.8,2.4,1.0,1.0,0.9997
-0.75,2.4,1.0,1.0,0.9998
-0.7,2.4,1.0,1.0,0.9999
-0.65,2.4,1.0,1.0,0.9999
-0.6,2.4,1.0,1.0,0.9999
-0.55,2.4,1.0,1.0,1.0
-0.5,2.4,1.0,1.0,1.0
-0.45,2.4,1.0,1.0,1.0
-0.4,2.4,1.0,1.0,1.0
-0.35,2.4,1.0,1.0,1.0
-0.3,2.4,1.0,1.0,1.0
-0.25,2.4,1.0,1.0,1.0
-0.2,2.4,1.0,1.0,1.0
-0.15,2.4,1.0,1.0,1.0
-0.1,2.4,1.0,1.0,1.0
-0.05,2.4,1.0,1.0,1.0
0.0,2.4,1.0,1.0,1.0
0.05,2.4,1.0,1.0,1.0
0.1,2.4,1.0,1.0,1.0
0.15,2.4,1.0,1.0,1.0
0.2,2.4,1.0,1.0,1.0
0.25,2.4,1.0,1.0,1.0
0.3,2.4,1.0,1.0,1.0
0.35,2.4,1.0,1.0,1.0
0.4,2.4,1.0,1.0,1.0
0.45,2.4,1.0,1.0,1.0
0.5,2.4,1.0,1.0,1.0
0.55,2.4,1.0,1.0,1.0
0.6,2.4,1.0,1.0,1.0
0.65,2.4,1.0,1.0,1.0
0.7,2.4,1.0,1.0,1.0
0.75,2.4,1.0,1.0,1.0
0.8,2.4,1.0,1.0,1.0
0.85,2.4,1.0,1.0,1.0
0.9,2.4,1.0,1.0,1.0
0.95,2.4,1.0,1.0,1.0
1.0,2.4,1.0,1.0,1.0
1.05,2.4,1.0,1.0,1.0
1.1,2.4,1.0,1.0,1.0
1.15,2.4,1.0,1.0,1.0
1.2,2.4,1.0,1.0,1.0
1.25,2.4,1.0,1.0,1.0
1.3,2.4,1.0,1.0,1.0
1.35,2.4,1.0,1.0,1.0
1.4,2.4,1.0,1.0,1.0
1.45,2.4,1.0,1.0,1.0
1.5,2.4,1.0,1.0,1.0
1.55,2.4,1.0,1.0,1.0
1.6,2.4,1.0,1.0,1.0
1.65,2.4,1.0,1.0,1.0
1.7,2.4,1.0,1.0,1.0
1.75,2.4,1.0,1.0,1.0
1.8,2.4,1.0,1.0,1.0
1.85,2.4,1.0,1.0,1.0
1.9,2.4,1.0,1.0,1.0
1.95,2.4,1.0,1.0,1.0
2.0,2.4,1.0,1.0,1.0
2.05,2.4,1.0,1.0,1.0
2.1,2.4,1.0,1.0,1.0
2.15,2.4,1.0,1.0,1.0
2.2,2.4,1.0,1.0,1.0
2.25,2.4,1.0,1.0,1.0
2.3,2.4,1.0,1.0,1.0
2.35,2.4,1.0,1.0,1.0
2.4,2.4,1.0,1.0,1.0
2.45,2.4,1.0,1.0,1.0
2.5,2.4,1.0,1.0,1.0
2.55,2.4,1.0,1.0,1.0
2.6,2.4,1.0,1.0,1.0
2.65,2.4,1.0,1.0,1.0
2.7,2.4,1.0,1.0,1.0
2.75,2.4,1.0,1.0,1.0
2.8,2.4,1.0,1.0,1.0
2.85,2.4,1.0,1.0,1.0
2.9,2.4,1.0,1.0,1.0
2.95,2.4,1.0,1.0,1.0
3.0,2.4,1.0,1.0,1.0
3.05,2.4,1.0,1.0,1.0
3.1,2.4,1.0,1.0,1.0
3.15,2.4,1.0,1.0,1.0
3.2,2.4,1.0,1.0,1.0
3.25,2.4,1.0,1.0,1.0
3.3,2.4,1.0,1.0,1.0
3.35,2.4,1.0,1.0,1.0
3.4,2.4,1.0,1.0,1.0
3.45,2.4,1.0,1.0,1.0
3.5,2.4,1.0,1.0,1.0
3.55,2.4,1.0,1.0,1.0
3.6,2.4,1.0,1.0,1.0
3.65,2.4,1.0,1.0,1.0
3.7,2.4,1.0,1.0,1.0
3.75,2.4,1.0,1.0,1.0
3.8,2.4,1.0,1.0,1.0
3.85,2.4,1.0,1.0,1.0
3.9,2.4,1.0,1.0,1.0
3.95,2.4,1.0,1.0,1.0
4.0,2.4,1.0,1.0,1.0
-4.0,2.45,1.0,1.0,0.9583
-3.95,2.45,1.0,1.0,0.9529
-3.9,2.45,1.0,1.0,0.947
-3.85,2.45,1.0,1.0,0.9403
-3.8,2.45,1.0,1.0,0.9328
-3.75,2.45,1.0,1.0,0.9245
-3.7,2.45,1.0,0.9999,0.9153
-3.65,2.45,1.0,0.9989,0.9052
-3.6,2.45,1.0,0.9903,0.894
-3.55,2.45,0.9999,0.9112,0.8817
-3.5,2.45,0.9992,0.5795,0.8684
-3.45,2.45,0.9902,0.2647,0.854
-3.4,2.45,0.892,0.0754,0.8396
-3.35,2.45,0.4028,0.0265,0.8262
-3.3,2.45,0.0518,0.0119,0.8117
-3.25,2.45,0.0037,0.0049,0.7962
-3.2,2.45,0.0003,0.002,0.7797
-3.15,2.45,0.0,0.001,0.7625
-3.1,2.45,0.0,0.0005,0.7456
-3.05,2.45,0.0,0.0002,0.7348
-3.0,2.45,0.0,1e-04,0.7258
-2.95,2.45,0.0,1e-04,0.7181
-2.9,2.45,0.0,0.0,0.7099
-2.85,2.45,0.0,0.0,0.7025
-2.8,2.45,0.0,0.0,0.6968
-2.75,2.45,0.0,0.0,0.6953
-2.7,2.45,0.0,0.0,0.6952
-2.65,2.45,0.0,0.0,0.6977
-2.6,2.45,0.0,0.0,0.7022
-2.55,2.45,0.0,0.0,0.7107
-2.5,2.45,0.0,0.0,0.7199
-2.45,2.45,0.0,0.0,0.7342
-2.4,2.45,0.0,0.0,0.7507
-2.35,2.45,0.0,0.0,0.7677
-2.3,2.45,0.0,0.0,0.7847
-2.25,2.45,0.0,1e-04,0.8023
-2.2,2.45,0.0,1e-04,0.8204
-2.15,2.45,0.0,0.0003,0.8373
-2.1,2.45,0.0,0.0005,0.8528
-2.05,2.45,0.0,0.0012,0.8671
-2.0,2.45,0.0,0.0025,0.8802
-1.95,2.45,0.0,0.0082,0.8966
-1.9,2.45,0.0004,0.0787,0.9162
-1.85,2.45,0.0128,0.5477,0.9324
-1.8,2.45,0.719,0.9592,0.9472
-1.75,2.45,0.9986,0.9984,0.9589
-1.7,2.45,1.0,1.0,0.9681
-1.65,2.45,1.0,1.0,0.9753
-1.6,2.45,1.0,1.0,0.9812
-1.55,2.45,1.0,1.0,0.9853
-1.5,2.45,1.0,1.0,0.9883
-1.45,2.45,1.0,1.0,0.9908
-1.4,2.45,1.0,1.0,0.9927
-1.35,2.45,1.0,1.0,0.9942
-1.3,2.45,1.0,1.0,0.9954
-1.25,2.45,1.0,1.0,0.9964
-1.2,2.45,1.0,1.0,0.9972
-1.15,2.45,1.0,1.0,0.9978
-1.1,2.45,1.0,1.0,0.9983
-1.05,2.45,1.0,1.0,0.9988
-1.0,2.45,1.0,1.0,0.9992
-0.95,2.45,1.0,1.0,0.9995
-0.9,2.45,1.0,1.0,0.9997
-0.85,2.45,1.0,1.0,0.9998
-0.8,2.45,1.0,1.0,0.9999
-0.75,2.45,1.0,1.0,0.9999
-0.7,2.45,1.0,1.0,0.9999
-0.65,2.45,1.0,1.0,1.0
-0.6,2.45,1.0,1.0,1.0
-0.55,2.45,1.0,1.0,1.0
-0.5,2.45,1.0,1.0,1.0
-0.45,2.45,1.0,1.0,1.0
-0.4,2.45,1.0,1.0,1.0
-0.35,2.45,1.0,1.0,1.0
-0.3,2.45,1.0,1.0,1.0
-0.25,2.45,1.0,1.0,1.0
-0.2,2.45,1.0,1.0,1.0
-0.15,2.45,1.0,1.0,1.0
-0.1,2.45,1.0,1.0,1.0
-0.05,2.45,1.0,1.0,1.0
0.0,2.45,1.0,1.0,1.0
0.05,2.45,1.0,1.0,1.0
0.1,2.45,1.0,1.0,1.0
0.15,2.45,1.0,1.0,1.0
0.2,2.45,1.0,1.0,1.0
0.25,2.45,1.0,1.0,1.0
0.3,2.45,1.0,1.0,1.0
0.35,2.45,1.0,1.0,1.0
0.4,2.45,1.0,1.0,1.0
0.45,2.45,1.0,1.0,1.0
0.5,2.45,1.0,1.0,1.0
0.55,2.45,1.0,1.0,1.0
0.6,2.45,1.0,1.0,1.0
0.65,2.45,1.0,1.0,1.0
0.7,2.45,1.0,1.0,1.0
0.75,2.45,1.0,1.0,1.0
0.8,2.45,1.0,1.0,1.0
0.85,2.45,1.0,1.0,1.0
0.9,2.45,1.0,1.0,1.0
0.95,2.45,1.0,1.0,1.0
1.0,2.45,1.0,1.0,1.0
1.05,2.45,1.0,1.0,1.0
1.1,2.45,1.0,1.0,1.0
1.15,2.45,1.0,1.0,1.0
1.2,2.45,1.0,1.0,1.0
1.25,2.45,1.0,1.0,1.0
1.3,2.45,1.0,1.0,1.0
1.35,2.45,1.0,1.0,1.0
1.4,2.45,1.0,1.0,1.0
1.45,2.45,1.0,1.0,1.0
1.5,2.45,1.0,1.0,1.0
1.55,2.45,1.0,1.0,1.0
1.6,2.45,1.0,1.0,1.0
1.65,2.45,1.0,1.0,1.0
1.7,2.45,1.0,1.0,1.0
1.75,2.45,1.0,1.0,1.0
1.8,2.45,1.0,1.0,1.0
1.85,2.45,1.0,1.0,1.0
1.9,2.45,1.0,1.0,1.0
1.95,2.45,1.0,1.0,1.0
2.0,2.45,1.0,1.0,1.0
2.05,2.45,1.0,1.0,1.0
2.1,2.45,1.0,1.0,1.0
2.15,2.45,1.0,1.0,1.0
2.2,2.45,1.0,1.0,1.0
2.25,2.45,1.0,1.0,1.0
2.3,2.45,1.0,1.0,1.0
2.35,2.45,1.0,1.0,1.0
2.4,2.45,1.0,1.0,1.0
2.45,2.45,1.0,1.0,1.0
2.5,2.45,1.0,1.0,1.0
2.55,2.45,1.0,1.0,1.0
2.6,2.45,1.0,1.0,1.0
2.65,2.45,1.0,1.0,1.0
2.7,2.45,1.0,1.0,1.0
2.75,2.45,1.0,1.0,1.0
2.8,2.45,1.0,1.0,1.0
2.85,2.45,1.0,1.0,1.0
2.9,2.45,1.0,1.0,1.0
2.95,2.45,1.0,1.0,1.0
3.0,2.45,1.0,1.0,1.0
3.05,2.45,1.0,1.0,1.0
3.1,2.45,1.0,1.0,1.0
3.15,2.45,1.0,1.0,1.0
3.2,2.45,1.0,1.0,1.0
3.25,2.45,1.0,1.0,1.0
3.3,2.45,1.0,1.0,1.0
3.35,2.45,1.0,1.0,1.0
3.4,2.45,1.0,1.0,1.0
3.45,2.45,1.0,1.0,1.0
3.5,2.45,1.0,1.0,1.0
3.55,2.45,1.0,1.0,1.0
3.6,2.45,1.0,1.0,1.0
3.65,2.45,1.0,1.0,1.0
3.7,2.45,1.0,1.0,1.0
3.75,2.45,1.0,1.0,1.0
3.8,2.45,1.0,1.0,1.0
3.85,2.45,1.0,1.0,1.0
3.9,2.45,1.0,1.0,1.0
3.95,2.45,1.0,1.0,1.0
4.0,2.45,1.0,1.0,1.0
-4.0,2.5,1.0,1.0,0.9556
-3.95,2.5,1.0,1.0,0.9499
-3.9,2.5,1.0,1.0,0.9437
-3.85,2.5,1.0,1.0,0.9368
-3.8,2.5,1.0,1.0,0.929
-3.75,2.5,1.0,0.9998,0.9204
-3.7,2.5,1.0,0.9984,0.9109
-3.65,2.5,1.0,0.9851,0.9004
-3.6,2.5,0.9999,0.8694,0.889
-3.55,2.5,0.9985,0.5384,0.8768
-3.5,2.5,0.9822,0.2307,0.8635
-3.45,2.5,0.8185,0.0636,0.8502
-3.4,2.5,0.2692,0.0246,0.8375
-3.35,2.5,0.0266,0.0112,0.8237
-3.3,2.5,0.0019,0.0046,0.809
-3.25,2.5,1e-04,0.0019,0.7937
-3.2,2.5,0.0,0.0009,0.7777
-3.15,2.5,0.0,0.0005,0.7637
-3.1,2.5,0.0,0.0002,0.7554
-3.05,2.5,0.0,1e-04,0.7468
-3.0,2.5,0.0,1e-04,0.7392
-2.95,2.5,0.0,0.0,0.7313
-2.9,2.5,0.0,0.0,0.7241
-2.85,2.5,0.0,0.0,0.7167
-2.8,2.5,0.0,0.0,0.7156
-2.75,2.5,0.0,0.0,0.7164
-2.7,2.5,0.0,0.0,0.7175
-2.65,2.5,0.0,0.0,0.7213
-2.6,2.5,0.0,0.0,0.7286
-2.55,2.5,0.0,0.0,0.7401
-2.5,2.5,0.0,0.0,0.7565
-2.45,2.5,0.0,0.0,0.773
-2.4,2.5,0.0,0.0,0.7897
-2.35,2.5,0.0,0.0,0.8061
-2.3,2.5,0.0,0.0,0.8214
-2.25,2.5,0.0,1e-04,0.8379
-2.2,2.5,0.0,0.0002,0.8534
-2.15,2.5,0.0,0.0004,0.8676
-2.1,2.5,0.0,0.0009,0.8807
-2.05,2.5,0.0,0.0018,0.8931
-2.0,2.5,0.0,0.0049,0.9119
-1.95,2.5,0.0005,0.0386,0.9289
-1.9,2.5,0.0139,0.3497,0.9429
-1.85,2.5,0.7304,0.919,0.9555
-1.8,2.5,0.9987,0.9964,0.9654
-1.75,2.5,1.0,0.9999,0.9732
-1.7,2.5,1.0,1.0,0.9793
-1.65,2.5,1.0,1.0,0.9844
-1.6,2.5,1.0,1.0,0.9881
-1.55,2.5,1.0,1.0,0.9906
-1.5,2.5,1.0,1.0,0.9926
-1.45,2.5,1.0,1.0,0.9941
-1.4,2.5,1.0,1.0,0.9954
-1.35,2.5,1.0,1.0,0.9963
-1.3,2.5,1.0,1.0,0.9971
-1.25,2.5,1.0,1.0,0.9977
-1.2,2.5,1.0,1.0,0.9983
-1.15,2.5,1.0,1.0,0.9987
-1.1,2.5,1.0,1.0,0.9991
-1.05,2.5,1.0,1.0,0.9994
-1.0,2.5,1.0,1.0,0.9996
-0.95,2.5,1.0,1.0,0.9997
-0.9,2.5,1.0,1.0,0.9998
-0.85,2.5,1.0,1.0,0.9999
-0.8,2.5,1.0,1.0,0.9999
-0.75,2.5,1.0,1.0,1.0
-0.7,2.5,1.0,1.0,1.0
-0.65,2.5,1.0,1.0,1.0
-0.6,2.5,1.0,1.0,1.0
-0.55,2.5,1.0,1.0,1.0
-0.5,2.5,1.0,1.0,1.0
-0.45,2.5,1.0,1.0,1.0
-0.4,2.5,1.0,1.0,1.0
-0.35,2.5,1.0,1.0,1.0
-0.3,2.5,1.0,1.0,1.0
-0.25,2.5,1.0,1.0,1.0
-0.2,2.5,1.0,1.0,1.0
-0.15,2.5,1.0,1.0,1.0
-0.1,2.5,1.0,1.0,1.0
-0.05,2.5,1.0,1.0,1.0
0.0,2.5,1.0,1.0,1.0
0.05,2.5,1.0,1.0,1.0
0.1,2.5,1.0,1.0,1.0
0.15,2.5,1.0,1.0,1.0
0.2,2.5,1.0,1.0,1.0
0.25,2.5,1.0,1.0,1.0
0.3,2.5,1.0,1.0,1.0
0.35,2.5,1.0,1.0,1.0
0.4,2.5,1.0,1.0,1.0
0.45,2.5,1.0,1.0,1.0
0.5,2.5,1.0,1.0,1.0
0.55,2.5,1.0,1.0,1.0
0.6,2.5,1.0,1.0,1.0
0.65,2.5,1.0,1.0,1.0
0.7,2.5,1.0,1.0,1.0
0.75,2.5,1.0,1.0,1.0
0.8,2.5,1.0,1.0,1.0
0.85,2.5,1.0,1.0,1.0
0.9,2.5,1.0,1.0,1.0
0.95,2.5,1.0,1.0,1.0
1.0,2.5,1.0,1.0,1.0
1.05,2.5,1.0,1.0,1.0
1.1,2.5,1.0,1.0,1.0
1.15,2.5,1.0,1.0,1.0
1.2,2.5,1.0,1.0,1.0
1.25,2.5,1.0,1.0,1.0
1.3,2.5,1.0,1.0,1.0
1.35,2.5,1.0,1.0,1.0
1.4,2.5,1.0,1.0,1.0
1.45,2.5,1.0,1.0,1.0
1.5,2.5,1.0,1.0,1.0
1.55,2.5,1.0,1.0,1.0
1.6,2.5,1.0,1.0,1.0
1.65,2.5,1.0,1.0,1.0
1.7,2.5,1.0,1.0,1.0
1.75,2.5,1.0,1.0,1.0
1.8,2.5,1.0,1.0,1.0
1.85,2.5,1.0,1.0,1.0
1.9,2.5,1.0,1.0,1.0
1.95,2.5,1.0,1.0,1.0
2.0,2.5,1.0,1.0,1.0
2.05,2.5,1.0,1.0,1.0
2.1,2.5,1.0,1.0,1.0
2.15,2.5,1.0,1.0,1.0
2.2,2.5,1.0,1.0,1.0
2.25,2.5,1.0,1.0,1.0
2.3,2.5,1.0,1.0,1.0
2.35,2.5,1.0,1.0,1.0
2.4,2.5,1.0,1.0,1.0
2.45,2.5,1.0,1.0,1.0
2.5,2.5,1.0,1.0,1.0
2.55,2.5,1.0,1.0,1.0
2.6,2.5,1.0,1.0,1.0
2.65,2.5,1.0,1.0,1.0
2.7,2.5,1.0,1.0,1.0
2.75,2.5,1.0,1.0,1.0
2.8,2.5,1.0,1.0,1.0
2.85,2.5,1.0,1.0,1.0
2.9,2.5,1.0,1.0,1.0
2.95,2.5,1.0,1.0,1.0
3.0,2.5,1.0,1.0,1.0
3.05,2.5,1.0,1.0,1.0
3.1,2.5,1.0,1.0,1.0
3.15,2.5,1.0,1.0,1.0
3.2,2.5,1.0,1.0,1.0
3.25,2.5,1.0,1.0,1.0
3.3,2.5,1.0,1.0,1.0
3.35,2.5,1.0,1.0,1.0
3.4,2.5,1.0,1.0,1.0
3.45,2.5,1.0,1.0,1.0
3.5,2.5,1.0,1.0,1.0
3.55,2.5,1.0,1.0,1.0
3.6,2.5,1.0,1.0,1.0
3.65,2.5,1.0,1.0,1.0
3.7,2.5,1.0,1.0,1.0
3.75,2.5,1.0,1.0,1.0
3.8,2.5,1.0,1.0,1.0
3.85,2.5,1.0,1.0,1.0
3.9,2.5,1.0,1.0,1.0
3.95,2.5,1.0,1.0,1.0
4.0,2.5,1.0,1.0,1.0
-4.0,2.55,1.0,1.0,0.9531
-3.95,2.55,1.0,1.0,0.9472
-3.9,2.55,1.0,1.0,0.9407
-3.85,2.55,1.0,1.0,0.9334
-3.8,2.55,1.0,0.9997,0.9253
-3.75,2.55,1.0,0.9975,0.9166
-3.7,2.55,1.0,0.9773,0.9072
-3.65,2.55,0.9997,0.812,0.8968
-3.6,2.55,0.9973,0.4968,0.8853
-3.55,2.55,0.9679,0.2001,0.8728
-3.5,2.55,0.7112,0.055,0.8601
-3.45,2.55,0.1675,0.0228,0.8482
-3.4,2.55,0.0135,0.0106,0.8353
-3.35,2.55,0.001,0.0043,0.8218
-3.3,2.55,1e-04,0.0018,0.8074
-3.25,2.55,0.0,0.0009,0.7922
-3.2,2.55,0.0,0.0004,0.7827
-3.15,2.55,0.0,0.0002,0.7748
-3.1,2.55,0.0,1e-04,0.7667
-3.05,2.55,0.0,1e-04,0.7592
-3.0,2.55,0.0,0.0,0.7518
-2.95,2.55,0.0,0.0,0.7446
-2.9,2.55,0.0,0.0,0.7378
-2.85,2.55,0.0,0.0,0.7371
-2.8,2.55,0.0,0.0,0.7379
-2.75,2.55,0.0,0.0,0.7387
-2.7,2.55,0.0,0.0,0.7412
-2.65,2.55,0.0,0.0,0.7472
-2.6,2.55,0.0,0.0,0.7622
-2.55,2.55,0.0,0.0,0.7781
-2.5,2.55,0.0,0.0,0.7946
-2.45,2.55,0.0,0.0,0.8107
-2.4,2.55,0.0,0.0,0.8258
-2.35,2.55,0.0,0.0,0.8399
-2.3,2.55,0.0,1e-04,0.8539
-2.25,2.55,0.0,1e-04,0.8682
-2.2,2.55,0.0,0.0003,0.8812
-2.15,2.55,0.0,0.0006,0.8935
-2.1,2.55,0.0,0.0013,0.9075
-2.05,2.55,1e-04,0.0032,0.9252
-2.0,2.55,0.0006,0.0194,0.9398
-1.95,2.55,0.0151,0.2215,0.9518
-1.9,2.55,0.7155,0.8455,0.9625
-1.85,2.55,0.9988,0.9926,0.9709
-1.8,2.55,1.0,0.9998,0.9775
-1.75,2.55,1.0,1.0,0.9826
-1.7,2.55,1.0,1.0,0.987
-1.65,2.55,1.0,1.0,0.9904
-1.6,2.55,1.0,1.0,0.9925
-1.55,2.55,1.0,1.0,0.9941
-1.5,2.55,1.0,1.0,0.9953
-1.45,2.55,1.0,1.0,0.9963
-1.4,2.55,1.0,1.0,0.9971
-1.35,2.55,1.0,1.0,0.9977
-1.3,2.55,1.0,1.0,0.9982
-1.25,2.55,1.0,1.0,0.9986
-1.2,2.55,1.0,1.0,0.999
-1.15,2.55,1.0,1.0,0.9993
-1.1,2.55,1.0,1.0,0.9995
-1.05,2.55,1.0,1.0,0.9997
-1.0,2.55,1.0,1.0,0.9998
-0.95,2.55,1.0,1.0,0.9999
-0.9,2.55,1.0,1.0,0.9999
-0.85,2.55,1.0,1.0,1.0
-0.8,2.55,1.0,1.0,1.0
-0.75,2.55,1.0,1.0,1.0
-0.7,2.55,1.0,1.0,1.0
-0.65,2.55,1.0,1.0,1.0
-0.6,2.55,1.0,1.0,1.0
-0.55,2.55,1.0,1.0,1.0
-0.5,2.55,1.0,1.0,1.0
-0.45,2.55,1.0,1.0,1.0
-0.4,2.55,1.0,1.0,1.0
-0.35,2.55,1.0,1.0,1.0
-0.3,2.55,1.0,1.0,1.0
-0.25,2.55,1.0,1.0,1.0
-0.2,2.55,1.0,1.0,1.0
-0.15,2.55,1.0,1.0,1.0
-0.1,2.55,1.0,1.0,1.0
-0.05,2.55,1.0,1.0,1.0
0.0,2.55,1.0,1.0,1.0
0.05,2.55,1.0,1.0,1.0
0.1,2.55,1.0,1.0,1.0
0.15,2.55,1.0,1.0,1.0
0.2,2.55,1.0,1.0,1.0
0.25,2.55,1.0,1.0,1.0
0.3,2.55,1.0,1.0,1.0
0.35,2.55,1.0,1.0,1.0
0.4,2.55,1.0,1.0,1.0
0.45,2.55,1.0,1.0,1.0
0.5,2.55,1.0,1.0,1.0
0.55,2.55,1.0,1.0,1.0
0.6,2.55,1.0,1.0,1.0
0.65,2.55,1.0,1.0,1.0
0.7,2.55,1.0,1.0,1.0
0.75,2.55,1.0,1.0,1.0
0.8,2.55,1.0,1.0,1.0
0.85,2.55,1.0,1.0,1.0
0.9,2.55,1.0,1.0,1.0
0.95,2.55,1.0,1.0,1.0
1.0,2.55,1.0,1.0,1.0
1.05,2.55,1.0,1.0,1.0
1.1,2.55,1.0,1.0,1.0
1.15,2.55,1.0,1.0,1.0
1.2,2.55,1.0,1.0,1.0
1.25,2.55,1.0,1.0,1.0
1.3,2.55,1.0,1.0,1.0
1.35,2.55,1.0,1.0,1.0
1.4,2.55,1.0,1.0,1.0
1.45,2.55,1.0,1.0,1.0
1.5,2.55,1.0,1.0,1.0
1.55,2.55,1.0,1.0,1.0
1.6,2.55,1.0,1.0,1.0
1.65,2.55,1.0,1.0,1.0
1.7,2.55,1.0,1.0,1.0
1.75,2.55,1.0,1.0,1.0
1.8,2.55,1.0,1.0,1.0
1.85,2.55,1.0,1.0,1.0
1.9,2.55,1.0,1.0,1.0
1.95,2.55,1.0,1.0,1.0
2.0,2.55,1.0,1.0,1.0
2.05,2.55,1.0,1.0,1.0
2.1,2.55,1.0,1.0,1.0
2.15,2.55,1.0,1.0,1.0
2.2,2.55,1.0,1.0,1.0
2.25,2.55,1.0,1.0,1.0
2.3,2.55,1.0,1.0,1.0
2.35,2.55,1.0,1.0,1.0
2.4,2.55,1.0,1.0,1.0
2.45,2.55,1.0,1.0,1.0
2.5,2.55,1.0,1.0,1.0
2.55,2.55,1.0,1.0,1.0
2.6,2.55,1.0,1.0,1.0
2.65,2.55,1.0,1.0,1.0
2.7,2.55,1.0,1.0,1.0
2.75,2.55,1.0,1.0,1.0
2.8,2.55,1.0,1.0,1.0
2.85,2.55,1.0,1.0,1.0
2.9,2.55,1.0,1.0,1.0
2.95,2.55,1.0,1.0,1.0
3.0,2.55,1.0,1.0,1.0
3.05,2.55,1.0,1.0,1.0
3.1,2.55,1.0,1.0,1.0
3.15,2.55,1.0,1.0,1.0
3.2,2.55,1.0,1.0,1.0
3.25,2.55,1.0,1.0,1.0
3.3,2.55,1.0,1.0,1.0
3.35,2.55,1.0,1.0,1.0
3.4,2.55,1.0,1.0,1.0
3.45,2.55,1.0,1.0,1.0
3.5,2.55,1.0,1.0,1.0
3.55,2.55,1.0,1.0,1.0
3.6,2.55,1.0,1.0,1.0
3.65,2.55,1.0,1.0,1.0
3.7,2.55,1.0,1.0,1.0
3.75,2.55,1.0,1.0,1.0
3.8,2.55,1.0,1.0,1.0
3.85,2.55,1.0,1.0,1.0
3.9,2.55,1.0,1.0,1.0
3.95,2.55,1.0,1.0,1.0
4.0,2.55,1.0,1.0,1.0
-4.0,2.6,1.0,1.0,0.9505
-3.95,2.6,1.0,1.0,0.9444
-3.9,2.6,1.0,1.0,0.9378
-3.85,2.6,1.0,0.9996,0.9306
-3.8,2.6,1.0,0.9962,0.9226
-3.75,2.6,0.9999,0.9656,0.9138
-3.7,2.6,0.9995,0.7415,0.9041
-3.65,2.6,0.9951,0.4561,0.8934
-3.6,2.6,0.9427,0.1731,0.8816
-3.55,2.6,0.5735,0.0495,0.8696
-3.5,2.6,0.0924,0.0212,0.8586
-3.45,2.6,0.0068,0.01,0.8468
-3.4,2.6,0.0005,0.0041,0.8341
-3.35,2.6,0.0,0.0018,0.8205
-3.3,2.6,0.0,0.0008,0.8093
-3.25,2.6,0.0,0.0004,0.8009
-3.2,2.6,0.0,0.0002,0.7932
-3.15,2.6,0.0,1e-04,0.7856
-3.1,2.6,0.0,1e-04,0.7782
-3.05,2.6,0.0,0.0,0.7712
-3.0,2.6,0.0,0.0,0.7642
-2.95,2.6,0.0,0.0,0.7596
-2.9,2.6,0.0,0.0,0.7575
-2.85,2.6,0.0,0.0,0.7583
-2.8,2.6,0.0,0.0,0.7591
-2.75,2.6,0.0,0.0,0.7612
-2.7,2.6,0.0,0.0,0.769
-2.65,2.6,0.0,0.0,0.7834
-2.6,2.6,0.0,0.0,0.7994
-2.55,2.6,0.0,0.0,0.8152
-2.5,2.6,0.0,0.0,0.83
-2.45,2.6,0.0,0.0,0.8438
-2.4,2.6,0.0,0.0,0.8567
-2.35,2.6,0.0,1e-04,0.8687
-2.3,2.6,0.0,1e-04,0.8816
-2.25,2.6,0.0,0.0002,0.8939
-2.2,2.6,0.0,0.0005,0.9054
-2.15,2.6,0.0,0.001,0.9214
-2.1,2.6,1e-04,0.0022,0.9366
-2.05,2.6,0.0006,0.011,0.9491
-2.0,2.6,0.0167,0.1314,0.9594
-1.95,2.6,0.7067,0.7385,0.9685
-1.9,2.6,0.9989,0.9858,0.9756
-1.85,2.6,1.0,0.9996,0.9811
-1.8,2.6,1.0,1.0,0.9854
-1.75,2.6,1.0,1.0,0.9892
-1.7,2.6,1.0,1.0,0.9921
-1.65,2.6,1.0,1.0,0.9939
-1.6,2.6,1.0,1.0,0.9952
-1.55,2.6,1.0,1.0,0.9962
-1.5,2.6,1.0,1.0,0.997
-1.45,2.6,1.0,1.0,0.9976
-1.4,2.6,1.0,1.0,0.9981
-1.35,2.6,1.0,1.0,0.9985
-1.3,2.6,1.0,1.0,0.9989
-1.25,2.6,1.0,1.0,0.9992
-1.2,2.6,1.0,1.0,0.9995
-1.15,2.6,1.0,1.0,0.9996
-1.1,2.6,1.0,1.0,0.9998
-1.05,2.6,1.0,1.0,0.9999
-1.0,2.6,1.0,1.0,0.9999
-0.95,2.6,1.0,1.0,0.9999
-0.9,2.6,1.0,1.0,1.0
-0.85,2.6,1.0,1.0,1.0
-0.8,2.6,1.0,1.0,1.0
-0.75,2.6,1.0,1.0,1.0
-0.7,2.6,1.0,1.0,1.0
-0.65,2.6,1.0,1.0,1.0
-0.6,2.6,1.0,1.0,1.0
-0.55,2.6,1.0,1.0,1.0
-0.5,2.6,1.0,1.0,1.0
-0.45,2.6,1.0,1.0,1.0
-0.4,2.6,1.0,1.0,1.0
-0.35,2.6,1.0,1.0,1.0
-0.3,2.6,1.0,1.0,1.0
-0.25,2.6,1.0,1.0,1.0
-0.2,2.6,1.0,1.0,1.0
-0.15,2.6,1.0,1.0,1.0
-0.1,2.6,1.0,1.0,1.0
-0.05,2.6,1.0,1.0,1.0
0.0,2.6,1.0,1.0,1.0
0.05,2.6,1.0,1.0,1.0
0.1,2.6,1.0,1.0,1.0
0.15,2.6,1.0,1.0,1.0
0.2,2.6,1.0,1.0,1.0
0.25,2.6,1.0,1.0,1.0
0.3,2.6,1.0,1.0,1.0
0.35,2.6,1.0,1.0,1.0
0.4,2.6,1.0,1.0,1.0
0.45,2.6,1.0,1.0,1.0
0.5,2.6,1.0,1.0,1.0
0.55,2.6,1.0,1.0,1.0
0.6,2.6,1.0,1.0,1.0
0.65,2.6,1.0,1.0,1.0
0.7,2.6,1.0,1.0,1.0
0.75,2.6,1.0,1.0,1.0
0.8,2.6,1.0,1.0,1.0
0.85,2.6,1.0,1.0,1.0
0.9,2.6,1.0,1.0,1.0
0.95,2.6,1.0,1.0,1.0
1.0,2.6,1.0,1.0,1.0
1.05,2.6,1.0,1.0,1.0
1.1,2.6,1.0,1.0,1.0
1.15,2.6,1.0,1.0,1.0
1.2,2.6,1.0,1.0,1.0
1.25,2.6,1.0,1.0,1.0
1.3,2.6,1.0,1.0,1.0
1.35,2.6,1.0,1.0,1.0
1.4,2.6,1.0,1.0,1.0
1.45,2.6,1.0,1.0,1.0
1.5,2.6,1.0,1.0,1.0
1.55,2.6,1.0,1.0,1.0
1.6,2.6,1.0,1.0,1.0
1.65,2.6,1.0,1.0,1.0
1.7,2.6,1.0,1.0,1.0
1.75,2.6,1.0,1.0,1.0
1.8,2.6,1.0,1.0,1.0
1.85,2.6,1.0,1.0,1.0
1.9,2.6,1.0,1.0,1.0
1.95,2.6,1.0,1.0,1.0
2.0,2.6,1.0,1.0,1.0
2.05,2.6,1.0,1.0,1.0
2.1,2.6,1.0,1.0,1.0
2.15,2.6,1.0,1.0,1.0
2.2,2.6,1.0,1.0,1.0
2.25,2.6,1.0,1.0,1.0
2.3,2.6,1.0,1.0,1.0
2.35,2.6,1.0,1.0,1.0
2.4,2.6,1.0,1.0,1.0
2.45,2.6,1.0,1.0,1.0
2.5,2.6,1.0,1.0,1.0
2.55,2.6,1.0,1.0,1.0
2.6,2.6,1.0,1.0,1.0
2.65,2.6,1.0,1.0,1.0
2.7,2.6,1.0,1.0,1.0
2.75,2.6,1.0,1.0,1.0
2.8,2.6,1.0,1.0,1.0
2.85,2.6,1.0,1.0,1.0
2.9,2.6,1.0,1.0,1.0
2.95,2.6,1.0,1.0,1.0
3.0,2.6,1.0,1.0,1.0
3.05,2.6,1.0,1.0,1.0
3.1,2.6,1.0,1.0,1.0
3.15,2.6,1.0,1.0,1.0
3.2,2.6,1.0,1.0,1.0
3.25,2.6,1.0,1.0,1.0
3.3,2.6,1.0,1.0,1.0
3.35,2.6,1.0,1.0,1.0
3.4,2.6,1.0,1.0,1.0
3.45,2.6,1.0,1.0,1.0
3.5,2.6,1.0,1.0,1.0
3.55,2.6,1.0,1.0,1.0
3.6,2.6,1.0,1.0,1.0
3.65,2.6,1.0,1.0,1.0
3.7,2.6,1.0,1.0,1.0
3.75,2.6,1.0,1.0,1.0
3.8,2.6,1.0,1.0,1.0
3.85,2.6,1.0,1.0,1.0
3.9,2.6,1.0,1.0,1.0
3.95,2.6,1.0,1.0,1.0
4.0,2.6,1.0,1.0,1.0
-4.0,2.65,1.0,1.0,0.9484
-3.95,2.65,1.0,0.9999,0.9424
-3.9,2.65,1.0,0.9994,0.9357
-3.85,2.65,1.0,0.9944,0.9282
-3.8,2.65,0.9998,0.9485,0.92
-3.75,2.65,0.999,0.7087,0.9109
-3.7,2.65,0.991,0.416,0.9009
-3.65,2.65,0.8999,0.149,0.8899
-3.6,2.65,0.4234,0.0445,0.8788
-3.55,2.65,0.0484,0.02,0.8687
-3.5,2.65,0.0035,0.0094,0.8577
-3.45,2.65,0.0003,0.0038,0.8457
-3.4,2.65,0.0,0.0017,0.8334
-3.35,2.65,0.0,0.0008,0.8258
-3.3,2.65,0.0,0.0004,0.8179
-3.25,2.65,0.0,0.0002,0.8104
-3.2,2.65,0.0,1e-04,0.8032
-3.15,2.65,0.0,1e-04,0.7959
-3.1,2.65,0.0,0.0,0.7894
-3.05,2.65,0.0,0.0,0.7839
-3.0,2.65,0.0,0.0,0.7801
-2.95,2.65,0.0,0.0,0.7769
-2.9,2.65,0.0,0.0,0.7776
-2.85,2.65,0.0,0.0,0.779
-2.8,2.65,0.0,0.0,0.7814
-2.75,2.65,0.0,0.0,0.7907
-2.7,2.65,0.0,0.0,0.8046
-2.65,2.65,0.0,0.0,0.8196
-2.6,2.65,0.0,0.0,0.8341
-2.55,2.65,0.0,0.0,0.8477
-2.5,2.65,0.0,0.0,0.8603
-2.45,2.65,0.0,0.0,0.8721
-2.4,2.65,0.0,0.0,0.883
-2.35,2.65,0.0,1e-04,0.8942
-2.3,2.65,0.0,0.0002,0.9057
-2.25,2.65,0.0,0.0003,0.9173
-2.2,2.65,0.0,0.0007,0.9333
-2.15,2.65,1e-04,0.0017,0.9464
-2.1,2.65,0.0007,0.0067,0.957
-2.05,2.65,0.0198,0.0756,0.9659
-2.0,2.65,0.7281,0.5978,0.9735
-1.95,2.65,0.999,0.9733,0.9795
-1.9,2.65,1.0,0.9991,0.9842
-1.85,2.65,1.0,1.0,0.9878
-1.8,2.65,1.0,1.0,0.991
-1.75,2.65,1.0,1.0,0.9935
-1.7,2.65,1.0,1.0,0.9951
-1.65,2.65,1.0,1.0,0.9962
-1.6,2.65,1.0,1.0,0.997
-1.55,2.65,1.0,1.0,0.9976
-1.5,2.65,1.0,1.0,0.9981
-1.45,2.65,1.0,1.0,0.9985
-1.4,2.65,1.0,1.0,0.9988
-1.35,2.65,1.0,1.0,0.9991
-1.3,2.65,1.0,1.0,0.9994
-1.25,2.65,1.0,1.0,0.9996
-1.2,2.65,1.0,1.0,0.9997
-1.15,2.65,1.0,1.0,0.9998
-1.1,2.65,1.0,1.0,0.9999
-1.05,2.65,1.0,1.0,0.9999
-1.0,2.65,1.0,1.0,1.0
-0.95,2.65,1.0,1.0,1.0
-0.9,2.65,1.0,1.0,1.0
-0.85,2.65,1.0,1.0,1.0
-0.8,2.65,1.0,1.0,1.0
-0.75,2.65,1.0,1.0,1.0
-0.7,2.65,1.0,1.0,1.0
-0.65,2.65,1.0,1.0,1.0
-0.6,2.65,1.0,1.0,1.0
-0.55,2.65,1.0,1.0,1.0
-0.5,2.65,1.0,1.0,1.0
-0.45,2.65,1.0,1.0,1.0
-0.4,2.65,1.0,1.0,1.0
-0.35,2.65,1.0,1.0,1.0
-0.3,2.65,1.0,1.0,1.0
-0.25,2.65,1.0,1.0,1.0
-0.2,2.65,1.0,1.0,1.0
-0.15,2.65,1.0,1.0,1.0
-0.1,2.65,1.0,1.0,1.0
-0.05,2.65,1.0,1.0,1.0
0.0,2.65,1.0,1.0,1.0
0.05,2.65,1.0,1.0,1.0
0.1,2.65,1.0,1.0,1.0
0.15,2.65,1.0,1.0,1.0
0.2,2.65,1.0,1.0,1.0
0.25,2.65,1.0,1.0,1.0
0.3,2.65,1.0,1.0,1.0
0.35,2.65,1.0,1.0,1.0
0.4,2.65,1.0,1.0,1.0
0.45,2.65,1.0,1.0,1.0
0.5,2.65,1.0,1.0,1.0
0.55,2.65,1.0,1.0,1.0
0.6,2.65,1.0,1.0,1.0
0.65,2.65,1.0,1.0,1.0
0.7,2.65,1.0,1.0,1.0
0.75,2.65,1.0,1.0,1.0
0.8,2.65,1.0,1.0,1.0
0.85,2.65,1.0,1.0,1.0
0.9,2.65,1.0,1.0,1.0
0.95,2.65,1.0,1.0,1.0
1.0,2.65,1.0,1.0,1.0
1.05,2.65,1.0,1.0,1.0
1.1,2.65,1.0,1.0,1.0
1.15,2.65,1.0,1.0,1.0
1.2,2.65,1.0,1.0,1.0
1.25,2.65,1.0,1.0,1.0
1.3,2.65,1.0,1.0,1.0
1.35,2.65,1.0,1.0,1.0
1.4,2.65,1.0,1.0,1.0
1.45,2.65,1.0,1.0,1.0
1.5,2.65,1.0,1.0,1.0
1.55,2.65,1.0,1.0,1.0
1.6,2.65,1.0,1.0,1.0
1.65,2.65,1.0,1.0,1.0
1.7,2.65,1.0,1.0,1.0
1.75,2.65,1.0,1.0,1.0
1.8,2.65,1.0,1.0,1.0
1.85,2.65,1.0,1.0,1.0
1.9,2.65,1.0,1.0,1.0
1.95,2.65,1.0,1.0,1.0
2.0,2.65,1.0,1.0,1.0
2.05,2.65,1.0,1.0,1.0
2.1,2.65,1.0,1.0,1.0
2.15,2.65,1.0,1.0,1.0
2.2,2.65,1.0,1.0,1.0
2.25,2.65,1.0,1.0,1.0
2.3,2.65,1.0,1.0,1.0
2.35,2.65,1.0,1.0,1.0
2.4,2.65,1.0,1.0,1.0
2.45,2.65,1.0,1.0,1.0
2.5,2.65,1.0,1.0,1.0
2.55,2.65,1.0,1.0,1.0
2.6,2.65,1.0,1.0,1.0
2.65,2.65,1.0,1.0,1.0
2.7,2.65,1.0,1.0,1.0
2.75,2.65,1.0,1.0,1.0
2.8,2.65,1.0,1.0,1.0
2.85,2.65,1.0,1.0,1.0
2.9,2.65,1.0,1.0,1.0
2.95,2.65,1.0,1.0,1.0
3.0,2.65,1.0,1.0,1.0
3.05,2.65,1.0,1.0,1.0
3.1,2.65,1.0,1.0,1.0
3.15,2.65,1.0,1.0,1.0
3.2,2.65,1.0,1.0,1.0
3.25,2.65,1.0,1.0,1.0
3.3,2.65,1.0,1.0,1.0
3.35,2.65,1.0,1.0,1.0
3.4,2.65,1.0,1.0,1.0
3.45,2.65,1.0,1.0,1.0
3.5,2.65,1.0,1.0,1.0
3.55,2.65,1.0,1.0,1.0
3.6,2.65,1.0,1.0,1.0
3.65,2.65,1.0,1.0,1.0
3.7,2.65,1.0,1.0,1.0
3.75,2.65,1.0,1.0,1.0
3.8,2.65,1.0,1.0,1.0
3.85,2.65,1.0,1.0,1.0
3.9,2.65,1.0,1.0,1.0
3.95,2.65,1.0,1.0,1.0
4.0,2.65,1.0,1.0,1.0
-4.0,2.7,1.0,0.9999,0.9467
-3.95,2.7,1.0,0.999,0.9404
-3.9,2.7,1.0,0.9916,0.9335
-3.85,2.7,0.9997,0.9236,0.9259
-3.8,2.7,0.998,0.6835,0.9174
-3.75,2.7,0.9836,0.377,0.9081
-3.7,2.7,0.8308,0.1278,0.8981
-3.65,2.7,0.2748,0.0409,0.8877
-3.6,2.7,0.0248,0.0189,0.8782
-3.55,2.7,0.0018,0.0088,0.8679
-3.5,2.7,0.0002,0.0036,0.8566
-3.45,2.7,0.0,0.0016,0.8482
-3.4,2.7,0.0,0.0008,0.8411
-3.35,2.7,0.0,0.0004,0.8338
-3.3,2.7,0.0,0.0002,0.8265
-3.25,2.7,0.0,1e-04,0.8198
-3.2,2.7,0.0,1e-04,0.8129
-3.15,2.7,0.0,0.0,0.8073
-3.1,2.7,0.0,0.0,0.803
-3.05,2.7,0.0,0.0,0.7993
-3.0,2.7,0.0,0.0,0.7955
-2.95,2.7,0.0,0.0,0.7965
-2.9,2.7,0.0,0.0,0.7981
-2.85,2.7,0.0,0.0,0.8034
-2.8,2.7,0.0,0.0,0.8123
-2.75,2.7,0.0,0.0,0.8245
-2.7,2.7,0.0,0.0,0.8383
-2.65,2.7,0.0,0.0,0.8515
-2.6,2.7,0.0,0.0,0.8639
-2.55,2.7,0.0,0.0,0.8753
-2.5,2.7,0.0,0.0,0.886
-2.45,2.7,0.0,0.0,0.8962
-2.4,2.7,0.0,1e-04,0.906
-2.35,2.7,0.0,1e-04,0.9163
-2.3,2.7,0.0,0.0003,0.9299
-2.25,2.7,0.0,0.0006,0.9436
-2.2,2.7,1e-04,0.0014,0.9548
-2.15,2.7,0.0008,0.0047,0.9638
-2.1,2.7,0.0233,0.0448,0.9713
-2.05,2.7,0.7484,0.4389,0.9778
-2.0,2.7,0.9989,0.9505,0.9829
-1.95,2.7,1.0,0.9981,0.9868
-1.9,2.7,1.0,0.9999,0.9898
-1.85,2.7,1.0,1.0,0.9925
-1.8,2.7,1.0,1.0,0.9946
-1.75,2.7,1.0,1.0,0.996
-1.7,2.7,1.0,1.0,0.9969
-1.65,2.7,1.0,1.0,0.9976
-1.6,2.7,1.0,1.0,0.9981
-1.55,2.7,1.0,1.0,0.9985
-1.5,2.7,1.0,1.0,0.9988
-1.45,2.7,1.0,1.0,0.9991
-1.4,2.7,1.0,1.0,0.9993
-1.35,2.7,1.0,1.0,0.9995
-1.3,2.7,1.0,1.0,0.9997
-1.25,2.7,1.0,1.0,0.9998
-1.2,2.7,1.0,1.0,0.9999
-1.15,2.7,1.0,1.0,0.9999
-1.1,2.7,1.0,1.0,0.9999
-1.05,2.7,1.0,1.0,1.0
-1.0,2.7,1.0,1.0,1.0
-0.95,2.7,1.0,1.0,1.0
-0.9,2.7,1.0,1.0,1.0
-0.85,2.7,1.0,1.0,1.0
-0.8,2.7,1.0,1.0,1.0
-0.75,2.7,1.0,1.0,1.0
-0.7,2.7,1.0,1.0,1.0
-0.65,2.7,1.0,1.0,1.0
-0.6,2.7,1.0,1.0,1.0
-0.55,2.7,1.0,1.0,1.0
-0.5,2.7,1.0,1.0,1.0
-0.45,2.7,1.0,1.0,1.0
-0.4,2.7,1.0,1.0,1.0
-0.35,2.7,1.0,1.0,1.0
-0.3,2.7,1.0,1.0,1.0
-0.25,2.7,1.0,1.0,1.0
-0.2,2.7,1.0,1.0,1.0
-0.15,2.7,1.0,1.0,1.0
-0.1,2.7,1.0,1.0,1.0
-0.05,2.7,1.0,1.0,1.0
0.0,2.7,1.0,1.0,1.0
0.05,2.7,1.0,1.0,1.0
0.1,2.7,1.0,1.0,1.0
0.15,2.7,1.0,1.0,1.0
0.2,2.7,1.0,1.0,1.0
0.25,2.7,1.0,1.0,1.0
0.3,2.7,1.0,1.0,1.0
0.35,2.7,1.0,1.0,1.0
0.4,2.7,1.0,1.0,1.0
0.45,2.7,1.0,1.0,1.0
0.5,2.7,1.0,1.0,1.0
0.55,2.7,1.0,1.0,1.0
0.6,2.7,1.0,1.0,1.0
0.65,2.7,1.0,1.0,1.0
0.7,2.7,1.0,1.0,1.0
0.75,2.7,1.0,1.0,1.0
0.8,2.7,1.0,1.0,1.0
0.85,2.7,1.0,1.0,1.0
0.9,2.7,1.0,1.0,1.0
0.95,2.7,1.0,1.0,1.0
1.0,2.7,1.0,1.0,1.0
1.05,2.7,1.0,1.0,1.0
1.1,2.7,1.0,1.0,1.0
1.15,2.7,1.0,1.0,1.0
1.2,2.7,1.0,1.0,1.0
1.25,2.7,1.0,1.0,1.0
1.3,2.7,1.0,1.0,1.0
1.35,2.7,1.0,1.0,1.0
1.4,2.7,1.0,1.0,1.0
1.45,2.7,1.0,1.0,1.0
1.5,2.7,1.0,1.0,1.0
1.55,2.7,1.0,1.0,1.0
1.6,2.7,1.0,1.0,1.0
1.65,2.7,1.0,1.0,1.0
1.7,2.7,1.0,1.0,1.0
1.75,2.7,1.0,1.0,1.0
1.8,2.7,1.0,1.0,1.0
1.85,2.7,1.0,1.0,1.0
1.9,2.7,1.0,1.0,1.0
1.95,2.7,1.0,1.0,1.0
2.0,2.7,1.0,1.0,1.0
2.05,2.7,1.0,1.0,1.0
2.1,2.7,1.0,1.0,1.0
2.15,2.7,1.0,1.0,1.0
2.2,2.7,1.0,1.0,1.0
2.25,2.7,1.0,1.0,1.0
2.3,2.7,1.0,1.0,1.0
2.35,2.7,1.0,1.0,1.0
2.4,2.7,1.0,1.0,1.0
2.45,2.7,1.0,1.0,1.0
2.5,2.7,1.0,1.0,1.0
2.55,2.7,1.0,1.0,1.0
2.6,2.7,1.0,1.0,1.0
2.65,2.7,1.0,1.0,1.0
2.7,2.7,1.0,1.0,1.0
2.75,2.7,1.0,1.0,1.0
2.8,2.7,1.0,1.0,1.0
2.85,2.7,1.0,1.0,1.0
2.9,2.7,1.0,1.0,1.0
2.95,2.7,1.0,1.0,1.0
3.0,2.7,1.0,1.0,1.0
3.05,2.7,1.0,1.0,1.0
3.1,2.7,1.0,1.0,1.0
3.15,2.7,1.0,1.0,1.0
3.2,2.7,1.0,1.0,1.0
3.25,2.7,1.0,1.0,1.0
3.3,2.7,1.0,1.0,1.0
3.35,2.7,1.0,1.0,1.0
3.4,2.7,1.0,1.0,1.0
3.45,2.7,1.0,1.0,1.0
3.5,2.7,1.0,1.0,1.0
3.55,2.7,1.0,1.0,1.0
3.6,2.7,1.0,1.0,1.0
3.65,2.7,1.0,1.0,1.0
3.7,2.7,1.0,1.0,1.0
3.75,2.7,1.0,1.0,1.0
3.8,2.7,1.0,1.0,1.0
3.85,2.7,1.0,1.0,1.0
3.9,2.7,1.0,1.0,1.0
3.95,2.7,1.0,1.0,1.0
4.0,2.7,1.0,1.0,1.0
-4.0,2.75,1.0,0.9986,0.9449
-3.95,2.75,0.9999,0.9875,0.9384
-3.9,2.75,0.9994,0.8882,0.9313
-3.85,2.75,0.9963,0.6571,0.9236
-3.8,2.75,0.9704,0.3396,0.9151
-3.75,2.75,0.7284,0.1092,0.9058
-3.7,2.75,0.1594,0.038,0.8959
-3.65,2.75,0.0126,0.0178,0.8871
-3.6,2.75,0.001,0.0083,0.8775
-3.55,2.75,1e-04,0.0034,0.8681
-3.5,2.75,0.0,0.0015,0.8618
-3.45,2.75,0.0,0.0007,0.8553
-3.4,2.75,0.0,0.0004,0.8485
-3.35,2.75,0.0,0.0002,0.8415
-3.3,2.75,0.0,1e-04,0.8353
-3.25,2.75,0.0,0.0,0.829
-3.2,2.75,0.0,0.0,0.8248
-3.15,2.75,0.0,0.0,0.8209
-3.1,2.75,0.0,0.0,0.8172
-3.05,2.75,0.0,0.0,0.8145
-3.0,2.75,0.0,0.0,0.8145
-2.95,2.75,0.0,0.0,0.8182
-2.9,2.75,0.0,0.0,0.8254
-2.85,2.75,0.0,0.0,0.8329
-2.8,2.75,0.0,0.0,0.8428
-2.75,2.75,0.0,0.0,0.8555
-2.7,2.75,0.0,0.0,0.8673
-2.65,2.75,0.0,0.0,0.8786
-2.6,2.75,0.0,0.0,0.889
-2.55,2.75,0.0,0.0,0.8989
-2.5,2.75,0.0,0.0,0.9085
-2.45,2.75,0.0,0.0,0.9172
-2.4,2.75,0.0,1e-04,0.9263
-2.35,2.75,0.0,0.0002,0.9406
-2.3,2.75,0.0,0.0005,0.9524
-2.25,2.75,1e-04,0.0011,0.9619
-2.2,2.75,0.0009,0.0035,0.9695
-2.15,2.75,0.0274,0.0262,0.9759
-2.1,2.75,0.7673,0.3094,0.9814
-2.05,2.75,0.9988,0.91,0.9856
-2.0,2.75,1.0,0.9961,0.9889
-1.95,2.75,1.0,0.9999,0.9915
-1.9,2.75,1.0,1.0,0.9937
-1.85,2.75,1.0,1.0,0.9955
-1.8,2.75,1.0,1.0,0.9967
-1.75,2.75,1.0,1.0,0.9975
-1.7,2.75,1.0,1.0,0.9981
-1.65,2.75,1.0,1.0,0.9985
-1.6,2.75,1.0,1.0,0.9988
-1.55,2.75,1.0,1.0,0.999
-1.5,2.75,1.0,1.0,0.9993
-1.45,2.75,1.0,1.0,0.9995
-1.4,2.75,1.0,1.0,0.9996
-1.35,2.75,1.0,1.0,0.9998
-1.3,2.75,1.0,1.0,0.9999
-1.25,2.75,1.0,1.0,0.9999
-1.2,2.75,1.0,1.0,0.9999
-1.15,2.75,1.0,1.0,1.0
-1.1,2.75,1.0,1.0,1.0
-1.05,2.75,1.0,1.0,1.0
-1.0,2.75,1.0,1.0,1.0
-0.95,2.75,1.0,1.0,1.0
-0.9,2.75,1.0,1.0,1.0
-0.85,2.75,1.0,1.0,1.0
-0.8,2.75,1.0,1.0,1.0
-0.75,2.75,1.0,1.0,1.0
-0.7,2.75,1.0,1.0,1.0
-0.65,2.75,1.0,1.0,1.0
-0.6,2.75,1.0,1.0,1.0
-0.55,2.75,1.0,1.0,1.0
-0.5,2.75,1.0,1.0,1.0
-0.45,2.75,1.0,1.0,1.0
-0.4,2.75,1.0,1.0,1.0
-0.35,2.75,1.0,1.0,1.0
-0.3,2.75,1.0,1.0,1.0
-0.25,2.75,1.0,1.0,1.0
-0.2,2.75,1.0,1.0,1.0
-0.15,2.75,1.0,1.0,1.0
-0.1,2.75,1.0,1.0,1.0
-0.05,2.75,1.0,1.0,1.0
0.0,2.75,1.0,1.0,1.0
0.05,2.75,1.0,1.0,1.0
0.1,2.75,1.0,1.0,1.0
0.15,2.75,1.0,1.0,1.0
0.2,2.75,1.0,1.0,1.0
0.25,2.75,1.0,1.0,1.0
0.3,2.75,1.0,1.0,1.0
0.35,2.75,1.0,1.0,1.0
0.4,2.75,1.0,1.0,1.0
0.45,2.75,1.0,1.0,1.0
0.5,2.75,1.0,1.0,1.0
0.55,2.75,1.0,1.0,1.0
0.6,2.75,1.0,1.0,1.0
0.65,2.75,1.0,1.0,1.0
0.7,2.75,1.0,1.0,1.0
0.75,2.75,1.0,1.0,1.0
0.8,2.75,1.0,1.0,1.0
0.85,2.75,1.0,1.0,1.0
0.9,2.75,1.0,1.0,1.0
0.95,2.75,1.0,1.0,1.0
1.0,2.75,1.0,1.0,1.0
1.05,2.75,1.0,1.0,1.0
1.1,2.75,1.0,1.0,1.0
1.15,2.75,1.0,1.0,1.0
1.2,2.75,1.0,1.0,1.0
1.25,2.75,1.0,1.0,1.0
1.3,2.75,1.0,1.0,1.0
1.35,2.75,1.0,1.0,1.0
1.4,2.75,1.0,1.0,1.0
1.45,2.75,1.0,1.0,1.0
1.5,2.75,1.0,1.0,1.0
1.55,2.75,1.0,1.0,1.0
1.6,2.75,1.0,1.0,1.0
1.65,2.75,1.0,1.0,1.0
1.7,2.75,1.0,1.0,1.0
1.75,2.75,1.0,1.0,1.0
1.8,2.75,1.0,1.0,1.0
1.85,2.75,1.0,1.0,1.0
1.9,2.75,1.0,1.0,1.0
1.95,2.75,1.0,1.0,1.0
2.0,2.75,1.0,1.0,1.0
2.05,2.75,1.0,1.0,1.0
2.1,2.75,1.0,1.0,1.0
2.15,2.75,1.0,1.0,1.0
2.2,2.75,1.0,1.0,1.0
2.25,2.75,1.0,1.0,1.0
2.3,2.75,1.0,1.0,1.0
2.35,2.75,1.0,1.0,1.0
2.4,2.75,1.0,1.0,1.0
2.45,2.75,1.0,1.0,1.0
2.5,2.75,1.0,1.0,1.0
2.55,2.75,1.0,1.0,1.0
2.6,2.75,1.0,1.0,1.0
2.65,2.75,1.0,1.0,1.0
2.7,2.75,1.0,1.0,1.0
2.75,2.75,1.0,1.0,1.0
2.8,2.75,1.0,1.0,1.0
2.85,2.75,1.0,1.0,1.0
2.9,2.75,1.0,1.0,1.0
2.95,2.75,1.0,1.0,1.0
3.0,2.75,1.0,1.0,1.0
3.05,2.75,1.0,1.0,1.0
3.1,2.75,1.0,1.0,1.0
3.15,2.75,1.0,1.0,1.0
3.2,2.75,1.0,1.0,1.0
3.25,2.75,1.0,1.0,1.0
3.3,2.75,1.0,1.0,1.0
3.35,2.75,1.0,1.0,1.0
3.4,2.75,1.0,1.0,1.0
3.45,2.75,1.0,1.0,1.0
3.5,2.75,1.0,1.0,1.0
3.55,2.75,1.0,1.0,1.0
3.6,2.75,1.0,1.0,1.0
3.65,2.75,1.0,1.0,1.0
3.7,2.75,1.0,1.0,1.0
3.75,2.75,1.0,1.0,1.0
3.8,2.75,1.0,1.0,1.0
3.85,2.75,1.0,1.0,1.0
3.9,2.75,1.0,1.0,1.0
3.95,2.75,1.0,1.0,1.0
4.0,2.75,1.0,1.0,1.0
-4.0,2.8,0.9998,0.9811,0.943
-3.95,2.8,0.9989,0.8393,0.9366
-3.9,2.8,0.9929,0.6244,0.9295
-3.85,2.8,0.9472,0.304,0.9216
-3.8,2.8,0.5853,0.093,0.9129
-3.75,2.8,0.0866,0.0353,0.9037
-3.7,2.8,0.0065,0.0168,0.8954
-3.65,2.8,0.0006,0.0078,0.8864
-3.6,2.8,0.0,0.0032,0.8803
-3.55,2.8,0.0,0.0015,0.8745
-3.5,2.8,0.0,0.0007,0.8684
-3.45,2.8,0.0,0.0003,0.8622
-3.4,2.8,0.0,0.0002,0.8556
-3.35,2.8,0.0,1e-04,0.8496
-3.3,2.8,0.0,0.0,0.8451
-3.25,2.8,0.0,0.0,0.8411
-3.2,2.8,0.0,0.0,0.8376
-3.15,2.8,0.0,0.0,0.8347
-3.1,2.8,0.0,0.0,0.8323
-3.05,2.8,0.0,0.0,0.8321
-3.0,2.8,0.0,0.0,0.8389
-2.95,2.8,0.0,0.0,0.8456
-2.9,2.8,0.0,0.0,0.8522
-2.85,2.8,0.0,0.0,0.8602
-2.8,2.8,0.0,0.0,0.8707
-2.75,2.8,0.0,0.0,0.8817
-2.7,2.8,0.0,0.0,0.892
-2.65,2.8,0.0,0.0,0.9015
-2.6,2.8,0.0,0.0,0.9109
-2.55,2.8,0.0,0.0,0.9194
-2.5,2.8,0.0,0.0,0.9272
-2.45,2.8,0.0,1e-04,0.9375
-2.4,2.8,0.0,0.0002,0.9498
-2.35,2.8,0.0,0.0004,0.9598
-2.3,2.8,1e-04,0.0009,0.9679
-2.25,2.8,0.001,0.0026,0.9744
-2.2,2.8,0.0323,0.0152,0.9798
-2.15,2.8,0.7983,0.2045,0.9844
-2.1,2.8,0.9989,0.8418,0.988
-2.05,2.8,1.0,0.9926,0.9907
-2.0,2.8,1.0,0.9998,0.9929
-1.95,2.8,1.0,1.0,0.9948
-1.9,2.8,1.0,1.0,0.9962
-1.85,2.8,1.0,1.0,0.9973
-1.8,2.8,1.0,1.0,0.998
-1.75,2.8,1.0,1.0,0.9984
-1.7,2.8,1.0,1.0,0.9988
-1.65,2.8,1.0,1.0,0.999
-1.6,2.8,1.0,1.0,0.9992
-1.55,2.8,1.0,1.0,0.9994
-1.5,2.8,1.0,1.0,0.9996
-1.45,2.8,1.0,1.0,0.9997
-1.4,2.8,1.0,1.0,0.9998
-1.35,2.8,1.0,1.0,0.9999
-1.3,2.8,1.0,1.0,0.9999
-1.25,2.8,1.0,1.0,1.0
-1.2,2.8,1.0,1.0,1.0
-1.15,2.8,1.0,1.0,1.0
-1.1,2.8,1.0,1.0,1.0
-1.05,2.8,1.0,1.0,1.0
-1.0,2.8,1.0,1.0,1.0
-0.95,2.8,1.0,1.0,1.0
-0.9,2.8,1.0,1.0,1.0
-0.85,2.8,1.0,1.0,1.0
-0.8,2.8,1.0,1.0,1.0
-0.75,2.8,1.0,1.0,1.0
-0.7,2.8,1.0,1.0,1.0
-0.65,2.8,1.0,1.0,1.0
-0.6,2.8,1.0,1.0,1.0
-0.55,2.8,1.0,1.0,1.0
-0.5,2.8,1.0,1.0,1.0
-0.45,2.8,1.0,1.0,1.0
-0.4,2.8,1.0,1.0,1.0
-0.35,2.8,1.0,1.0,1.0
-0.3,2.8,1.0,1.0,1.0
-0.25,2.8,1.0,1.0,1.0
-0.2,2.8,1.0,1.0,1.0
-0.15,2.8,1.0,1.0,1.0
-0.1,2.8,1.0,1.0,1.0
-0.05,2.8,1.0,1.0,1.0
0.0,2.8,1.0,1.0,1.0
0.05,2.8,1.0,1.0,1.0
0.1,2.8,1.0,1.0,1.0
0.15,2.8,1.0,1.0,1.0
0.2,2.8,1.0,1.0,1.0
0.25,2.8,1.0,1.0,1.0
0.3,2.8,1.0,1.0,1.0
0.35,2.8,1.0,1.0,1.0
0.4,2.8,1.0,1.0,1.0
0.45,2.8,1.0,1.0,1.0
0.5,2.8,1.0,1.0,1.0
0.55,2.8,1.0,1.0,1.0
0.6,2.8,1.0,1.0,1.0
0.65,2.8,1.0,1.0,1.0
0.7,2.8,1.0,1.0,1.0
0.75,2.8,1.0,1.0,1.0
0.8,2.8,1.0,1.0,1.0
0.85,2.8,1.0,1.0,1.0
0.9,2.8,1.0,1.0,1.0
0.95,2.8,1.0,1.0,1.0
1.0,2.8,1.0,1.0,1.0
1.05,2.8,1.0,1.0,1.0
1.1,2.8,1.0,1.0,1.0
1.15,2.8,1.0,1.0,1.0
1.2,2.8,1.0,1.0,1.0
1.25,2.8,1.0,1.0,1.0
1.3,2.8,1.0,1.0,1.0
1.35,2.8,1.0,1.0,1.0
1.4,2.8,1.0,1.0,1.0
1.45,2.8,1.0,1.0,1.0
1.5,2.8,1.0,1.0,1.0
1.55,2.8,1.0,1.0,1.0
1.6,2.8,1.0,1.0,1.0
1.65,2.8,1.0,1.0,1.0
1.7,2.8,1.0,1.0,1.0
1.75,2.8,1.0,1.0,1.0
1.8,2.8,1.0,1.0,1.0
1.85,2.8,1.0,1.0,1.0
1.9,2.8,1.0,1.0,1.0
1.95,2.8,1.0,1.0,1.0
2.0,2.8,1.0,1.0,1.0
2.05,2.8,1.0,1.0,1.0
2.1,2.8,1.0,1.0,1.0
2.15,2.8,1.0,1.0,1.0
2.2,2.8,1.0,1.0,1.0
2.25,2.8,1.0,1.0,1.0
2.3,2.8,1.0,1.0,1.0
2.35,2.8,1.0,1.0,1.0
2.4,2.8,1.0,1.0,1.0
2.45,2.8,1.0,1.0,1.0
2.5,2.8,1.0,1.0,1.0
2.55,2.8,1.0,1.0,1.0
2.6,2.8,1.0,1.0,1.0
2.65,2.8,1.0,1.0,1.0
2.7,2.8,1.0,1.0,1.0
2.75,2.8,1.0,1.0,1.0
2.8,2.8,1.0,1.0,1.0
2.85,2.8,1.0,1.0,1.0
2.9,2.8,1.0,1.0,1.0
2.95,2.8,1.0,1.0,1.0
3.0,2.8,1.0,1.0,1.0
3.05,2.8,1.0,1.0,1.0
3.1,2.8,1.0,1.0,1.0
3.15,2.8,1.0,1.0,1.0
3.2,2.8,1.0,1.0,1.0
3.25,2.8,1.0,1.0,1.0
3.3,2.8,1.0,1.0,1.0
3.35,2.8,1.0,1.0,1.0
3.4,2.8,1.0,1.0,1.0
3.45,2.8,1.0,1.0,1.0
3.5,2.8,1.0,1.0,1.0
3.55,2.8,1.0,1.0,1.0
3.6,2.8,1.0,1.0,1.0
3.65,2.8,1.0,1.0,1.0
3.7,2.8,1.0,1.0,1.0
3.75,2.8,1.0,1.0,1.0
3.8,2.8,1.0,1.0,1.0
3.85,2.8,1.0,1.0,1.0
3.9,2.8,1.0,1.0,1.0
3.95,2.8,1.0,1.0,1.0
4.0,2.8,1.0,1.0,1.0
-4.0,2.85,0.9979,0.8022,0.9415
-3.95,2.85,0.9864,0.5854,0.9349
-3.9,2.85,0.9073,0.2707,0.9277
-3.85,2.85,0.4139,0.0819,0.9196
-3.8,2.85,0.0453,0.0329,0.9109
-3.75,2.85,0.0036,0.0159,0.9032
-3.7,2.85,0.0003,0.0074,0.8965
-3.65,2.85,0.0,0.003,0.8914
-3.6,2.85,0.0,0.0014,0.8861
-3.55,2.85,0.0,0.0007,0.8806
-3.5,2.85,0.0,0.0003,0.8748
-3.45,2.85,0.0,0.0002,0.8688
-3.4,2.85,0.0,1e-04,0.8638
-3.35,2.85,0.0,0.0,0.86
-3.3,2.85,0.0,0.0,0.8563
-3.25,2.85,0.0,0.0,0.8536
-3.2,2.85,0.0,0.0,0.8509
-3.15,2.85,0.0,0.0,0.8486
-3.1,2.85,0.0,0.0,0.8515
-3.05,2.85,0.0,0.0,0.8579
-3.0,2.85,0.0,0.0,0.864
-2.95,2.85,0.0,0.0,0.8698
-2.9,2.85,0.0,0.0,0.876
-2.85,2.85,0.0,0.0,0.8846
-2.8,2.85,0.0,0.0,0.8947
-2.75,2.85,0.0,0.0,0.9042
-2.7,2.85,0.0,0.0,0.9133
-2.65,2.85,0.0,0.0,0.9216
-2.6,2.85,0.0,0.0,0.9292
-2.55,2.85,0.0,0.0,0.9361
-2.5,2.85,0.0,1e-04,0.9476
-2.45,2.85,0.0,1e-04,0.9577
-2.4,2.85,0.0,0.0003,0.9661
-2.35,2.85,1e-04,0.0007,0.973
-2.3,2.85,0.0011,0.002,0.9785
-2.25,2.85,0.0379,0.0098,0.9831
-2.2,2.85,0.8271,0.1285,0.9869
-2.15,2.85,0.999,0.7421,0.9899
-2.1,2.85,1.0,0.9865,0.9923
-2.05,2.85,1.0,0.9996,0.994
-2.0,2.85,1.0,1.0,0.9957
-1.95,2.85,1.0,1.0,0.9969
-1.9,2.85,1.0,1.0,0.9977
-1.85,2.85,1.0,1.0,0.9984
-1.8,2.85,1.0,1.0,0.9987
-1.75,2.85,1.0,1.0,0.999
-1.7,2.85,1.0,1.0,0.9992
-1.65,2.85,1.0,1.0,0.9994
-1.6,2.85,1.0,1.0,0.9995
-1.55,2.85,1.0,1.0,0.9997
-1.5,2.85,1.0,1.0,0.9998
-1.45,2.85,1.0,1.0,0.9999
-1.4,2.85,1.0,1.0,0.9999
-1.35,2.85,1.0,1.0,0.9999
-1.3,2.85,1.0,1.0,1.0
-1.25,2.85,1.0,1.0,1.0
-1.2,2.85,1.0,1.0,1.0
-1.15,2.85,1.0,1.0,1.0
-1.1,2.85,1.0,1.0,1.0
-1.05,2.85,1.0,1.0,1.0
-1.0,2.85,1.0,1.0,1.0
-0.95,2.85,1.0,1.0,1.0
-0.9,2.85,1.0,1.0,1.0
-0.85,2.85,1.0,1.0,1.0
-0.8,2.85,1.0,1.0,1.0
-0.75,2.85,1.0,1.0,1.0
-0.7,2.85,1.0,1.0,1.0
-0.65,2.85,1.0,1.0,1.0
-0.6,2.85,1.0,1.0,1.0
-0.55,2.85,1.0,1.0,1.0
-0.5,2.85,1.0,1.0,1.0
-0.45,2.85,1.0,1.0,1.0
-0.4,2.85,1.0,1.0,1.0
-0.35,2.85,1.0,1.0,1.0
-0.3,2.85,1.0,1.0,1.0
-0.25,2.85,1.0,1.0,1.0
-0.2,2.85,1.0,1.0,1.0
-0.15,2.85,1.0,1.0,1.0
-0.1,2.85,1.0,1.0,1.0
-0.05,2.85,1.0,1.0,1.0
0.0,2.85,1.0,1.0,1.0
0.05,2.85,1.0,1.0,1.0
0.1,2.85,1.0,1.0,1.0
0.15,2.85,1.0,1.0,1.0
0.2,2.85,1.0,1.0,1.0
0.25,2.85,1.0,1.0,1.0
0.3,2.85,1.0,1.0,1.0
0.35,2.85,1.0,1.0,1.0
0.4,2.85,1.0,1.0,1.0
0.45,2.85,1.0,1.0,1.0
0.5,2.85,1.0,1.0,1.0
0.55,2.85,1.0,1.0,1.0
0.6,2.85,1.0,1.0,1.0
0.65,2.85,1.0,1.0,1.0
0.7,2.85,1.0,1.0,1.0
0.75,2.85,1.0,1.0,1.0
0.8,2.85,1.0,1.0,1.0
0.85,2.85,1.0,1.0,1.0
0.9,2.85,1.0,1.0,1.0
0.95,2.85,1.0,1.0,1.0
1.0,2.85,1.0,1.0,1.0
1.05,2.85,1.0,1.0,1.0
1.1,2.85,1.0,1.0,1.0
1.15,2.85,1.0,1.0,1.0
1.2,2.85,1.0,1.0,1.0
1.25,2.85,1.0,1.0,1.0
1.3,2.85,1.0,1.0,1.0
1.35,2.85,1.0,1.0,1.0
1.4,2.85,1.0,1.0,1.0
1.45,2.85,1.0,1.0,1.0
1.5,2.85,1.0,1.0,1.0
1.55,2.85,1.0,1.0,1.0
1.6,2.85,1.0,1.0,1.0
1.65,2.85,1.0,1.0,1.0
1.7,2.85,1.0,1.0,1.0
1.75,2.85,1.0,1.0,1.0
1.8,2.85,1.0,1.0,1.0
1.85,2.85,1.0,1.0,1.0
1.9,2.85,1.0,1.0,1.0
1.95,2.85,1.0,1.0,1.0
2.0,2.85,1.0,1.0,1.0
2.05,2.85,1.0,1.0,1.0
2.1,2.85,1.0,1.0,1.0
2.15,2.85,1.0,1.0,1.0
2.2,2.85,1.0,1.0,1.0
2.25,2.85,1.0,1.0,1.0
2.3,2.85,1.0,1.0,1.0
2.35,2.85,1.0,1.0,1.0
2.4,2.85,1.0,1.0,1.0
2.45,2.85,1.0,1.0,1.0
2.5,2.85,1.0,1.0,1.0
2.55,2.85,1.0,1.0,1.0
2.6,2.85,1.0,1.0,1.0
2.65,2.85,1.0,1.0,1.0
2.7,2.85,1.0,1.0,1.0
2.75,2.85,1.0,1.0,1.0
2.8,2.85,1.0,1.0,1.0
2.85,2.85,1.0,1.0,1.0
2.9,2.85,1.0,1.0,1.0
2.95,2.85,1.0,1.0,1.0
3.0,2.85,1.0,1.0,1.0
3.05,2.85,1.0,1.0,1.0
3.1,2.85,1.0,1.0,1.0
3.15,2.85,1.0,1.0,1.0
3.2,2.85,1.0,1.0,1.0
3.25,2.85,1.0,1.0,1.0
3.3,2.85,1.0,1.0,1.0
3.35,2.85,1.0,1.0,1.0
3.4,2.85,1.0,1.0,1.0
3.45,2.85,1.0,1.0,1.0
3.5,2.85,1.0,1.0,1.0
3.55,2.85,1.0,1.0,1.0
3.6,2.85,1.0,1.0,1.0
3.65,2.85,1.0,1.0,1.0
3.7,2.85,1.0,1.0,1.0
3.75,2.85,1.0,1.0,1.0
3.8,2.85,1.0,1.0,1.0
3.85,2.85,1.0,1.0,1.0
3.9,2.85,1.0,1.0,1.0
3.95,2.85,1.0,1.0,1.0
4.0,2.85,1.0,1.0,1.0
-4.0,2.9,0.9742,0.5454,0.94
-3.95,2.9,0.8402,0.2397,0.9333
-3.9,2.9,0.261,0.0739,0.9258
-3.85,2.9,0.0234,0.0311,0.9176
-3.8,2.9,0.002,0.015,0.9105
-3.75,2.9,0.0002,0.007,0.9062
-3.7,2.9,0.0,0.0028,0.9017
-3.65,2.9,0.0,0.0013,0.8968
-3.6,2.9,0.0,0.0006,0.8917
-3.55,2.9,0.0,0.0003,0.8864
-3.5,2.9,0.0,0.0002,0.8812
-3.45,2.9,0.0,1e-04,0.8772
-3.4,2.9,0.0,0.0,0.874
-3.35,2.9,0.0,0.0,0.871
-3.3,2.9,0.0,0.0,0.8684
-3.25,2.9,0.0,0.0,0.8658
-3.2,2.9,0.0,0.0,0.8667
-3.15,2.9,0.0,0.0,0.8697
-3.1,2.9,0.0,0.0,0.8749
-3.05,2.9,0.0,0.0,0.8804
-3.0,2.9,0.0,0.0,0.8857
-2.95,2.9,0.0,0.0,0.8907
-2.9,2.9,0.0,0.0,0.8976
-2.85,2.9,0.0,0.0,0.9065
-2.8,2.9,0.0,0.0,0.9153
-2.75,2.9,0.0,0.0,0.9237
-2.7,2.9,0.0,0.0,0.9311
-2.65,2.9,0.0,0.0,0.9378
-2.6,2.9,0.0,0.0,0.9463
-2.55,2.9,0.0,0.0,0.9561
-2.5,2.9,0.0,1e-04,0.9643
-2.45,2.9,0.0,0.0002,0.9715
-2.4,2.9,1e-04,0.0006,0.9773
-2.35,2.9,0.0013,0.0016,0.9819
-2.3,2.9,0.0445,0.0074,0.9858
-2.25,2.9,0.8526,0.0802,0.9891
-2.2,2.9,0.9991,0.612,0.9916
-2.15,2.9,1.0,0.9758,0.9935
-2.1,2.9,1.0,0.9992,0.995
-2.05,2.9,1.0,1.0,0.9964
-2.0,2.9,1.0,1.0,0.9974
-1.95,2.9,1.0,1.0,0.9981
-1.9,2.9,1.0,1.0,0.9986
-1.85,2.9,1.0,1.0,0.999
-1.8,2.9,1.0,1.0,0.9992
-1.75,2.9,1.0,1.0,0.9994
-1.7,2.9,1.0,1.0,0.9995
-1.65,2.9,1.0,1.0,0.9996
-1.6,2.9,1.0,1.0,0.9997
-1.55,2.9,1.0,1.0,0.9998
-1.5,2.9,1.0,1.0,0.9999
-1.45,2.9,1.0,1.0,0.9999
-1.4,2.9,1.0,1.0,1.0
-1.35,2.9,1.0,1.0,1.0
-1.3,2.9,1.0,1.0,1.0
-1.25,2.9,1.0,1.0,1.0
-1.2,2.9,1.0,1.0,1.0
-1.15,2.9,1.0,1.0,1.0
-1.1,2.9,1.0,1.0,1.0
-1.05,2.9,1.0,1.0,1.0
-1.0,2.9,1.0,1.0,1.0
-0.95,2.9,1.0,1.0,1.0
-0.9,2.9,1.0,1.0,1.0
-0.85,2.9,1.0,1.0,1.0
-0.8,2.9,1.0,1.0,1.0
-0.75,2.9,1.0,1.0,1.0
-0.7,2.9,1.0,1.0,1.0
-0.65,2.9,1.0,1.0,1.0
-0.6,2.9,1.0,1.0,1.0
-0.55,2.9,1.0,1.0,1.0
-0.5,2.9,1.0,1.0,1.0
-0.45,2.9,1.0,1.0,1.0
-0.4,2.9,1.0,1.0,1.0
-0.35,2.9,1.0,1.0,1.0
-0.3,2.9,1.0,1.0,1.0
-0.25,2.9,1.0,1.0,1.0
-0.2,2.9,1.0,1.0,1.0
-0.15,2.9,1.0,1.0,1.0
-0.1,2.9,1.0,1.0,1.0
-0.05,2.9,1.0,1.0,1.0
0.0,2.9,1.0,1.0,1.0
0.05,2.9,1.0,1.0,1.0
0.1,2.9,1.0,1.0,1.0
0.15,2.9,1.0,1.0,1.0
0.2,2.9,1.0,1.0,1.0
0.25,2.9,1.0,1.0,1.0
0.3,2.9,1.0,1.0,1.0
0.35,2.9,1.0,1.0,1.0
0.4,2.9,1.0,1.0,1.0
0.45,2.9,1.0,1.0,1.0
0.5,2.9,1.0,1.0,1.0
0.55,2.9,1.0,1.0,1.0
0.6,2.9,1.0,1.0,1.0
0.65,2.9,1.0,1.0,1.0
0.7,2.9,1.0,1.0,1.0
0.75,2.9,1.0,1.0,1.0
0.8,2.9,1.0,1.0,1.0
0.85,2.9,1.0,1.0,1.0
0.9,2.9,1.0,1.0,1.0
0.95,2.9,1.0,1.0,1.0
1.0,2.9,1.0,1.0,1.0
1.05,2.9,1.0,1.0,1.0
1.1,2.9,1.0,1.0,1.0
1.15,2.9,1.0,1.0,1.0
1.2,2.9,1.0,1.0,1.0
1.25,2.9,1.0,1.0,1.0
1.3,2.9,1.0,1.0,1.0
1.35,2.9,1.0,1.0,1.0
1.4,2.9,1.0,1.0,1.0
1.45,2.9,1.0,1.0,1.0
1.5,2.9,1.0,1.0,1.0
1.55,2.9,1.0,1.0,1.0
1.6,2.9,1.0,1.0,1.0
1.65,2.9,1.0,1.0,1.0
1.7,2.9,1.0,1.0,1.0
1.75,2.9,1.0,1.0,1.0
1.8,2.9,1.0,1.0,1.0
1.85,2.9,1.0,1.0,1.0
1.9,2.9,1.0,1.0,1.0
1.95,2.9,1.0,1.0,1.0
2.0,2.9,1.0,1.0,1.0
2.05,2.9,1.0,1.0,1.0
2.1,2.9,1.0,1.0,1.0
2.15,2.9,1.0,1.0,1.0
2.2,2.9,1.0,1.0,1.0
2.25,2.9,1.0,1.0,1.0
2.3,2.9,1.0,1.0,1.0
2.35,2.9,1.0,1.0,1.0
2.4,2.9,1.0,1.0,1.0
2.45,2.9,1.0,1.0,1.0
2.5,2.9,1.0,1.0,1.0
2.55,2.9,1.0,1.0,1.0
2.6,2.9,1.0,1.0,1.0
2.65,2.9,1.0,1.0,1.0
2.7,2.9,1.0,1.0,1.0
2.75,2.9,1.0,1.0,1.0
2.8,2.9,1.0,1.0,1.0
2.85,2.9,1.0,1.0,1.0
2.9,2.9,1.0,1.0,1.0
2.95,2.9,1.0,1.0,1.0
3.0,2.9,1.0,1.0,1.0
3.05,2.9,1.0,1.0,1.0
3.1,2.9,1.0,1.0,1.0
3.15,2.9,1.0,1.0,1.0
3.2,2.9,1.0,1.0,1.0
3.25,2.9,1.0,1.0,1.0
3.3,2.9,1.0,1.0,1.0
3.35,2.9,1.0,1.0,1.0
3.4,2.9,1.0,1.0,1.0
3.45,2.9,1.0,1.0,1.0
3.5,2.9,1.0,1.0,1.0
3.55,2.9,1.0,1.0,1.0
3.6,2.9,1.0,1.0,1.0
3.65,2.9,1.0,1.0,1.0
3.7,2.9,1.0,1.0,1.0
3.75,2.9,1.0,1.0,1.0
3.8,2.9,1.0,1.0,1.0
3.85,2.9,1.0,1.0,1.0
3.9,2.9,1.0,1.0,1.0
3.95,2.9,1.0,1.0,1.0
4.0,2.9,1.0,1.0,1.0
-4.0,2.95,0.7245,0.2093,0.9385
-3.95,2.95,0.1502,0.0667,0.9315
-3.9,2.95,0.0125,0.0294,0.9239
-3.85,2.95,0.0011,0.0141,0.9191
-3.8,2.95,1e-04,0.0065,0.9152
-3.75,2.95,0.0,0.0027,0.911
-3.7,2.95,0.0,0.0013,0.9066
-3.65,2.95,0.0,0.0006,0.9019
-3.6,2.95,0.0,0.0003,0.897
-3.55,2.95,0.0,1e-04,0.8933
-3.5,2.95,0.0,1e-04,0.8898
-3.45,2.95,0.0,0.0,0.8871
-3.4,2.95,0.0,0.0,0.8844
-3.35,2.95,0.0,0.0,0.8818
-3.3,2.95,0.0,0.0,0.8808
-3.25,2.95,0.0,0.0,0.8834
-3.2,2.95,0.0,0.0,0.8863
-3.15,2.95,0.0,0.0,0.8902
-3.1,2.95,0.0,0.0,0.8951
-3.05,2.95,0.0,0.0,0.8998
-3.0,2.95,0.0,0.0,0.9045
-2.95,2.95,0.0,0.0,0.9097
-2.9,2.95,0.0,0.0,0.9174
-2.85,2.95,0.0,0.0,0.9254
-2.8,2.95,0.0,0.0,0.9328
-2.75,2.95,0.0,0.0,0.9395
-2.7,2.95,0.0,0.0,0.9455
-2.65,2.95,0.0,0.0,0.955
-2.6,2.95,0.0,0.0,0.9633
-2.55,2.95,0.0,1e-04,0.9702
-2.5,2.95,0.0,0.0002,0.976
-2.45,2.95,0.0002,0.0005,0.9809
-2.4,2.95,0.0015,0.0013,0.9848
-2.35,2.95,0.0522,0.0057,0.9881
-2.3,2.95,0.8749,0.0493,0.9909
-2.25,2.95,0.9992,0.4715,0.993
-2.2,2.95,1.0,0.9569,0.9946
-2.15,2.95,1.0,0.9983,0.9958
-2.1,2.95,1.0,1.0,0.997
-2.05,2.95,1.0,1.0,0.9978
-2.0,2.95,1.0,1.0,0.9984
-1.95,2.95,1.0,1.0,0.9989
-1.9,2.95,1.0,1.0,0.9992
-1.85,2.95,1.0,1.0,0.9993
-1.8,2.95,1.0,1.0,0.9995
-1.75,2.95,1.0,1.0,0.9996
-1.7,2.95,1.0,1.0,0.9997
-1.65,2.95,1.0,1.0,0.9998
-1.6,2.95,1.0,1.0,0.9999
-1.55,2.95,1.0,1.0,0.9999
-1.5,2.95,1.0,1.0,1.0
-1.45,2.95,1.0,1.0,1.0
-1.4,2.95,1.0,1.0,1.0
-1.35,2.95,1.0,1.0,1.0
-1.3,2.95,1.0,1.0,1.0
-1.25,2.95,1.0,1.0,1.0
-1.2,2.95,1.0,1.0,1.0
-1.15,2.95,1.0,1.0,1.0
-1.1,2.95,1.0,1.0,1.0
-1.05,2.95,1.0,1.0,1.0
-1.0,2.95,1.0,1.0,1.0
-0.95,2.95,1.0,1.0,1.0
-0.9,2.95,1.0,1.0,1.0
-0.85,2.95,1.0,1.0,1.0
-0.8,2.95,1.0,1.0,1.0
-0.75,2.95,1.0,1.0,1.0
-0.7,2.95,1.0,1.0,1.0
-0.65,2.95,1.0,1.0,1.0
-0.6,2.95,1.0,1.0,1.0
-0.55,2.95,1.0,1.0,1.0
-0.5,2.95,1.0,1.0,1.0
-0.45,2.95,1.0,1.0,1.0
-0.4,2.95,1.0,1.0,1.0
-0.35,2.95,1.0,1.0,1.0
-0.3,2.95,1.0,1.0,1.0
-0.25,2.95,1.0,1.0,1.0
-0.2,2.95,1.0,1.0,1.0
-0.15,2.95,1.0,1.0,1.0
-0.1,2.95,1.0,1.0,1.0
-0.05,2.95,1.0,1.0,1.0
0.0,2.95,1.0,1.0,1.0
0.05,2.95,1.0,1.0,1.0
0.1,2.95,1.0,1.0,1.0
0.15,2.95,1.0,1.0,1.0
0.2,2.95,1.0,1.0,1.0
0.25,2.95,1.0,1.0,1.0
0.3,2.95,1.0,1.0,1.0
0.35,2.95,1.0,1.0,1.0
0.4,2.95,1.0,1.0,1.0
0.45,2.95,1.0,1.0,1.0
0.5,2.95,1.0,1.0,1.0
0.55,2.95,1.0,1.0,1.0
0.6,2.95,1.0,1.0,1.0
0.65,2.95,1.0,1.0,1.0
0.7,2.95,1.0,1.0,1.0
0.75,2.95,1.0,1.0,1.0
0.8,2.95,1.0,1.0,1.0
0.85,2.95,1.0,1.0,1.0
0.9,2.95,1.0,1.0,1.0
0.95,2.95,1.0,1.0,1.0
1.0,2.95,1.0,1.0,1.0
1.05,2.95,1.0,1.0,1.0
1.1,2.95,1.0,1.0,1.0
1.15,2.95,1.0,1.0,1.0
1.2,2.95,1.0,1.0,1.0
1.25,2.95,1.0,1.0,1.0
1.3,2.95,1.0,1.0,1.0
1.35,2.95,1.0,1.0,1.0
1.4,2.95,1.0,1.0,1.0
1.45,2.95,1.0,1.0,1.0
1.5,2.95,1.0,1.0,1.0
1.55,2.95,1.0,1.0,1.0
1.6,2.95,1.0,1.0,1.0
1.65,2.95,1.0,1.0,1.0
1.7,2.95,1.0,1.0,1.0
1.75,2.95,1.0,1.0,1.0
1.8,2.95,1.0,1.0,1.0
1.85,2.95,1.0,1.0,1.0
1.9,2.95,1.0,1.0,1.0
1.95,2.95,1.0,1.0,1.0
2.0,2.95,1.0,1.0,1.0
2.05,2.95,1.0,1.0,1.0
2.1,2.95,1.0,1.0,1.0
2.15,2.95,1.0,1.0,1.0
2.2,2.95,1.0,1.0,1.0
2.25,2.95,1.0,1.0,1.0
2.3,2.95,1.0,1.0,1.0
2.35,2.95,1.0,1.0,1.0
2.4,2.95,1.0,1.0,1.0
2.45,2.95,1.0,1.0,1.0
2.5,2.95,1.0,1.0,1.0
2.55,2.95,1.0,1.0,1.0
2.6,2.95,1.0,1.0,1.0
2.65,2.95,1.0,1.0,1.0
2.7,2.95,1.0,1.0,1.0
2.75,2.95,1.0,1.0,1.0
2.8,2.95,1.0,1.0,1.0
2.85,2.95,1.0,1.0,1.0
2.9,2.95,1.0,1.0,1.0
2.95,2.95,1.0,1.0,1.0
3.0,2.95,1.0,1.0,1.0
3.05,2.95,1.0,1.0,1.0
3.1,2.95,1.0,1.0,1.0
3.15,2.95,1.0,1.0,1.0
3.2,2.95,1.0,1.0,1.0
3.25,2.95,1.0,1.0,1.0
3.3,2.95,1.0,1.0,1.0
3.35,2.95,1.0,1.0,1.0
3.4,2.95,1.0,1.0,1.0
3.45,2.95,1.0,1.0,1.0
3.5,2.95,1.0,1.0,1.0
3.55,2.95,1.0,1.0,1.0
3.6,2.95,1.0,1.0,1.0
3.65,2.95,1.0,1.0,1.0
3.7,2.95,1.0,1.0,1.0
3.75,2.95,1.0,1.0,1.0
3.8,2.95,1.0,1.0,1.0
3.85,2.95,1.0,1.0,1.0
3.9,2.95,1.0,1.0,1.0
3.95,2.95,1.0,1.0,1.0
4.0,2.95,1.0,1.0,1.0
-4.0,3.0,0.0818,0.0601,0.9369
-3.95,3.0,0.0069,0.0278,0.9302
-3.9,3.0,0.0006,0.0133,0.9269
-3.85,3.0,0.0,0.0062,0.9234
-3.8,3.0,0.0,0.0025,0.9196
-3.75,3.0,0.0,0.0012,0.9155
-3.7,3.0,0.0,0.0006,0.9113
-3.65,3.0,0.0,0.0003,0.9076
-3.6,3.0,0.0,1e-04,0.9046
-3.55,3.0,0.0,1e-04,0.9016
-3.5,3.0,0.0,0.0,0.899
-3.45,3.0,0.0,0.0,0.8965
-3.4,3.0,0.0,0.0,0.8952
-3.35,3.0,0.0,0.0,0.8958
-3.3,3.0,0.0,0.0,0.8983
-3.25,3.0,0.0,0.0,0.9009
-3.2,3.0,0.0,0.0,0.9039
-3.15,3.0,0.0,0.0,0.9082
-3.1,3.0,0.0,0.0,0.9125
-3.05,3.0,0.0,0.0,0.9167
-3.0,3.0,0.0,0.0,0.9211
-2.95,3.0,0.0,0.0,0.9273
-2.9,3.0,0.0,0.0,0.9344
-2.85,3.0,0.0,0.0,0.9409
-2.8,3.0,0.0,0.0,0.9469
-2.75,3.0,0.0,0.0,0.9539
-2.7,3.0,0.0,0.0,0.9624
-2.65,3.0,0.0,0.0,0.9694
-2.6,3.0,0.0,1e-04,0.9751
-2.55,3.0,0.0,0.0002,0.9799
-2.5,3.0,0.0002,0.0004,0.984
-2.45,3.0,0.0019,0.0011,0.9873
-2.4,3.0,0.0612,0.0045,0.9901
-2.35,3.0,0.8943,0.0301,0.9923
-2.3,3.0,0.9994,0.3478,0.9941
-2.25,3.0,1.0,0.9246,0.9955
-2.2,3.0,1.0,0.9968,0.9965
-2.15,3.0,1.0,0.9999,0.9975
-2.1,3.0,1.0,1.0,0.9982
-2.05,3.0,1.0,1.0,0.9987
-2.0,3.0,1.0,1.0,0.9991
-1.95,3.0,1.0,1.0,0.9993
-1.9,3.0,1.0,1.0,0.9995
-1.85,3.0,1.0,1.0,0.9996
-1.8,3.0,1.0,1.0,0.9997
-1.75,3.0,1.0,1.0,0.9998
-1.7,3.0,1.0,1.0,0.9999
-1.65,3.0,1.0,1.0,0.9999
-1.6,3.0,1.0,1.0,0.9999
-1.55,3.0,1.0,1.0,1.0
-1.5,3.0,1.0,1.0,1.0
-1.45,3.0,1.0,1.0,1.0
-1.4,3.0,1.0,1.0,1.0
-1.35,3.0,1.0,1.0,1.0
-1.3,3.0,1.0,1.0,1.0
-1.25,3.0,1.0,1.0,1.0
-1.2,3.0,1.0,1.0,1.0
-1.15,3.0,1.0,1.0,1.0
-1.1,3.0,1.0,1.0,1.0
-1.05,3.0,1.0,1.0,1.0
-1.0,3.0,1.0,1.0,1.0
-0.95,3.0,1.0,1.0,1.0
-0.9,3.0,1.0,1.0,1.0
-0.85,3.0,1.0,1.0,1.0
-0.8,3.0,1.0,1.0,1.0
-0.75,3.0,1.0,1.0,1.0
-0.7,3.0,1.0,1.0,1.0
-0.65,3.0,1.0,1.0,1.0
-0.6,3.0,1.0,1.0,1.0
-0.55,3.0,1.0,1.0,1.0
-0.5,3.0,1.0,1.0,1.0
-0.45,3.0,1.0,1.0,1.0
-0.4,3.0,1.0,1.0,1.0
-0.35,3.0,1.0,1.0,1.0
-0.3,3.0,1.0,1.0,1.0
-0.25,3.0,1.0,1.0,1.0
-0.2,3.0,1.0,1.0,1.0
-0.15,3.0,1.0,1.0,1.0
-0.1,3.0,1.0,1.0,1.0
-0.05,3.0,1.0,1.0,1.0
0.0,3.0,1.0,1.0,1.0
0.05,3.0,1.0,1.0,1.0
0.1,3.0,1.0,1.0,1.0
0.15,3.0,1.0,1.0,1.0
0.2,3.0,1.0,1.0,1.0
0.25,3.0,1.0,1.0,1.0
0.3,3.0,1.0,1.0,1.0
0.35,3.0,1.0,1.0,1.0
0.4,3.0,1.0,1.0,1.0
0.45,3.0,1.0,1.0,1.0
0.5,3.0,1.0,1.0,1.0
0.55,3.0,1.0,1.0,1.0
0.6,3.0,1.0,1.0,1.0
0.65,3.0,1.0,1.0,1.0
0.7,3.0,1.0,1.0,1.0
0.75,3.0,1.0,1.0,1.0
0.8,3.0,1.0,1.0,1.0
0.85,3.0,1.0,1.0,1.0
0.9,3.0,1.0,1.0,1.0
0.95,3.0,1.0,1.0,1.0
1.0,3.0,1.0,1.0,1.0
1.05,3.0,1.0,1.0,1.0
1.1,3.0,1.0,1.0,1.0
1.15,3.0,1.0,1.0,1.0
1.2,3.0,1.0,1.0,1.0
1.25,3.0,1.0,1.0,1.0
1.3,3.0,1.0,1.0,1.0
1.35,3.0,1.0,1.0,1.0
1.4,3.0,1.0,1.0,1.0
1.45,3.0,1.0,1.0,1.0
1.5,3.0,1.0,1.0,1.0
1.55,3.0,1.0,1.0,1.0
1.6,3.0,1.0,1.0,1.0
1.65,3.0,1.0,1.0,1.0
1.7,3.0,1.0,1.0,1.0
1.75,3.0,1.0,1.0,1.0
1.8,3.0,1.0,1.0,1.0
1.85,3.0,1.0,1.0,1.0
1.9,3.0,1.0,1.0,1.0
1.95,3.0,1.0,1.0,1.0
2.0,3.0,1.0,1.0,1.0
2.05,3.0,1.0,1.0,1.0
2.1,3.0,1.0,1.0,1.0
2.15,3.0,1.0,1.0,1.0
2.2,3.0,1.0,1.0,1.0
2.25,3.0,1.0,1.0,1.0
2.3,3.0,1.0,1.0,1.0
2.35,3.0,1.0,1.0,1.0
2.4,3.0,1.0,1.0,1.0
2.45,3.0,1.0,1.0,1.0
2.5,3.0,1.0,1.0,1.0
2.55,3.0,1.0,1.0,1.0
2.6,3.0,1.0,1.0,1.0
2.65,3.0,1.0,1.0,1.0
2.7,3.0,1.0,1.0,1.0
2.75,3.0,1.0,1.0,1.0
2.8,3.0,1.0,1.0,1.0
2.85,3.0,1.0,1.0,1.0
2.9,3.0,1.0,1.0,1.0
2.95,3.0,1.0,1.0,1.0
3.0,3.0,1.0,1.0,1.0
3.05,3.0,1.0,1.0,1.0
3.1,3.0,1.0,1.0,1.0
3.15,3.0,1.0,1.0,1.0
3.2,3.0,1.0,1.0,1.0
3.25,3.0,1.0,1.0,1.0
3.3,3.0,1.0,1.0,1.0
3.35,3.0,1.0,1.0,1.0
3.4,3.0,1.0,1.0,1.0
3.45,3.0,1.0,1.0,1.0
3.5,3.0,1.0,1.0,1.0
3.55,3.0,1.0,1.0,1.0
3.6,3.0,1.0,1.0,1.0
3.65,3.0,1.0,1.0,1.0
3.7,3.0,1.0,1.0,1.0
3.75,3.0,1.0,1.0,1.0
3.8,3.0,1.0,1.0,1.0
3.85,3.0,1.0,1.0,1.0
3.9,3.0,1.0,1.0,1.0
3.95,3.0,1.0,1.0,1.0
4.0,3.0,1.0,1.0,1.0
-4.0,3.05,0.0038,0.0262,0.9371
-3.95,3.05,0.0003,0.0126,0.934
-3.9,3.05,0.0,0.0058,0.9308
-3.85,3.05,0.0,0.0024,0.9274
-3.8,3.05,0.0,0.0012,0.9237
-3.75,3.05,0.0,0.0006,0.9203
-3.7,3.05,0.0,0.0003,0.9177
-3.65,3.05,0.0,1e-04,0.915
-3.6,3.05,0.0,1e-04,0.9123
-3.55,3.05,0.0,0.0,0.9097
-3.5,3.05,0.0,0.0,0.9085
-3.45,3.05,0.0,0.0,0.9074
-3.4,3.05,0.0,0.0,0.9094
-3.35,3.05,0.0,0.0,0.9116
-3.3,3.05,0.0,0.0,0.9139
-3.25,3.05,0.0,0.0,0.916
-3.2,3.05,0.0,0.0,0.92
-3.15,3.05,0.0,0.0,0.9238
-3.1,3.05,0.0,0.0,0.9277
-3.05,3.05,0.0,0.0,0.9316
-3.0,3.05,0.0,0.0,0.9362
-2.95,3.05,0.0,0.0,0.9423
-2.9,3.05,0.0,0.0,0.948
-2.85,3.05,0.0,0.0,0.9533
-2.8,3.05,0.0,0.0,0.9614
-2.75,3.05,0.0,0.0,0.9686
-2.7,3.05,0.0,0.0,0.9745
-2.65,3.05,0.0,1e-04,0.9793
-2.6,3.05,0.0,1e-04,0.9832
-2.55,3.05,0.0002,0.0004,0.9866
-2.5,3.05,0.0023,0.0009,0.9893
-2.45,3.05,0.0716,0.0035,0.9917
-2.4,3.05,0.9165,0.0195,0.9936
-2.35,3.05,0.9995,0.2419,0.9951
-2.3,3.05,1.0,0.8715,0.9962
-2.25,3.05,1.0,0.9943,0.9971
-2.2,3.05,1.0,0.9998,0.9979
-2.15,3.05,1.0,1.0,0.9985
-2.1,3.05,1.0,1.0,0.9989
-2.05,3.05,1.0,1.0,0.9992
-2.0,3.05,1.0,1.0,0.9994
-1.95,3.05,1.0,1.0,0.9996
-1.9,3.05,1.0,1.0,0.9997
-1.85,3.05,1.0,1.0,0.9998
-1.8,3.05,1.0,1.0,0.9998
-1.75,3.05,1.0,1.0,0.9999
-1.7,3.05,1.0,1.0,0.9999
-1.65,3.05,1.0,1.0,1.0
-1.6,3.05,1.0,1.0,1.0
-1.55,3.05,1.0,1.0,1.0
-1.5,3.05,1.0,1.0,1.0
-1.45,3.05,1.0,1.0,1.0
-1.4,3.05,1.0,1.0,1.0
-1.35,3.05,1.0,1.0,1.0
-1.3,3.05,1.0,1.0,1.0
-1.25,3.05,1.0,1.0,1.0
-1.2,3.05,1.0,1.0,1.0
-1.15,3.05,1.0,1.0,1.0
-1.1,3.05,1.0,1.0,1.0
-1.05,3.05,1.0,1.0,1.0
-1.0,3.05,1.0,1.0,1.0
-0.95,3.05,1.0,1.0,1.0
-0.9,3.05,1.0,1.0,1.0
-0.85,3.05,1.0,1.0,1.0
-0.8,3.05,1.0,1.0,1.0
-0.75,3.05,1.0,1.0,1.0
-0.7,3.05,1.0,1.0,1.0
-0.65,3.05,1.0,1.0,1.0
-0.6,3.05,1.0,1.0,1.0
-0.55,3.05,1.0,1.0,1.0
-0.5,3.05,1.0,1.0,1.0
-0.45,3.05,1.0,1.0,1.0
-0.4,3.05,1.0,1.0,1.0
-0.35,3.05,1.0,1.0,1.0
-0.3,3.05,1.0,1.0,1.0
-0.25,3.05,1.0,1.0,1.0
-0.2,3.05,1.0,1.0,1.0
-0.15,3.05,1.0,1.0,1.0
-0.1,3.05,1.0,1.0,1.0
-0.05,3.05,1.0,1.0,1.0
0.0,3.05,1.0,1.0,1.0
0.05,3.05,1.0,1.0,1.0
0.1,3.05,1.0,1.0,1.0
0.15,3.05,1.0,1.0,1.0
0.2,3.05,1.0,1.0,1.0
0.25,3.05,1.0,1.0,1.0
0.3,3.05,1.0,1.0,1.0
0.35,3.05,1.0,1.0,1.0
0.4,3.05,1.0,1.0,1.0
0.45,3.05,1.0,1.0,1.0
0.5,3.05,1.0,1.0,1.0
0.55,3.05,1.0,1.0,1.0
0.6,3.05,1.0,1.0,1.0
0.65,3.05,1.0,1.0,1.0
0.7,3.05,1.0,1.0,1.0
0.75,3.05,1.0,1.0,1.0
0.8,3.05,1.0,1.0,1.0
0.85,3.05,1.0,1.0,1.0
0.9,3.05,1.0,1.0,1.0
0.95,3.05,1.0,1.0,1.0
1.0,3.05,1.0,1.0,1.0
1.05,3.05,1.0,1.0,1.0
1.1,3.05,1.0,1.0,1.0
1.15,3.05,1.0,1.0,1.0
1.2,3.05,1.0,1.0,1.0
1.25,3.05,1.0,1.0,1.0
1.3,3.05,1.0,1.0,1.0
1.35,3.05,1.0,1.0,1.0
1.4,3.05,1.0,1.0,1.0
1.45,3.05,1.0,1.0,1.0
1.5,3.05,1.0,1.0,1.0
1.55,3.05,1.0,1.0,1.0
1.6,3.05,1.0,1.0,1.0
1.65,3.05,1.0,1.0,1.0
1.7,3.05,1.0,1.0,1.0
1.75,3.05,1.0,1.0,1.0
1.8,3.05,1.0,1.0,1.0
1.85,3.05,1.0,1.0,1.0
1.9,3.05,1.0,1.0,1.0
1.95,3.05,1.0,1.0,1.0
2.0,3.05,1.0,1.0,1.0
2.05,3.05,1.0,1.0,1.0
2.1,3.05,1.0,1.0,1.0
2.15,3.05,1.0,1.0,1.0
2.2,3.05,1.0,1.0,1.0
2.25,3.05,1.0,1.0,1.0
2.3,3.05,1.0,1.0,1.0
2.35,3.05,1.0,1.0,1.0
2.4,3.05,1.0,1.0,1.0
2.45,3.05,1.0,1.0,1.0
2.5,3.05,1.0,1.0,1.0
2.55,3.05,1.0,1.0,1.0
2.6,3.05,1.0,1.0,1.0
2.65,3.05,1.0,1.0,1.0
2.7,3.05,1.0,1.0,1.0
2.75,3.05,1.0,1.0,1.0
2.8,3.05,1.0,1.0,1.0
2.85,3.05,1.0,1.0,1.0
2.9,3.05,1.0,1.0,1.0
2.95,3.05,1.0,1.0,1.0
3.0,3.05,1.0,1.0,1.0
3.05,3.05,1.0,1.0,1.0
3.1,3.05,1.0,1.0,1.0
3.15,3.05,1.0,1.0,1.0
3.2,3.05,1.0,1.0,1.0
3.25,3.05,1.0,1.0,1.0
3.3,3.05,1.0,1.0,1.0
3.35,3.05,1.0,1.0,1.0
3.4,3.05,1.0,1.0,1.0
3.45,3.05,1.0,1.0,1.0
3.5,3.05,1.0,1.0,1.0
3.55,3.05,1.0,1.0,1.0
3.6,3.05,1.0,1.0,1.0
3.65,3.05,1.0,1.0,1.0
3.7,3.05,1.0,1.0,1.0
3.75,3.05,1.0,1.0,1.0
3.8,3.05,1.0,1.0,1.0
3.85,3.05,1.0,1.0,1.0
3.9,3.05,1.0,1.0,1.0
3.95,3.05,1.0,1.0,1.0
4.0,3.05,1.0,1.0,1.0
-4.0,3.1,0.0002,0.0119,0.9404
-3.95,3.1,0.0,0.0055,0.9376
-3.9,3.1,0.0,0.0023,0.9345
-3.85,3.1,0.0,0.0011,0.9313
-3.8,3.1,0.0,0.0005,0.9291
-3.75,3.1,0.0,0.0003,0.9268
-3.7,3.1,0.0,1e-04,0.9244
-3.65,3.1,0.0,1e-04,0.9219
-3.6,3.1,0.0,0.0,0.9204
-3.55,3.1,0.0,0.0,0.9194
-3.5,3.1,0.0,0.0,0.9194
-3.45,3.1,0.0,0.0,0.9213
-3.4,3.1,0.0,0.0,0.9232
-3.35,3.1,0.0,0.0,0.9253
-3.3,3.1,0.0,0.0,0.9273
-3.25,3.1,0.0,0.0,0.9304
-3.2,3.1,0.0,0.0,0.9339
-3.15,3.1,0.0,0.0,0.9375
-3.1,3.1,0.0,0.0,0.9409
-3.05,3.1,0.0,0.0,0.9444
-3.0,3.1,0.0,0.0,0.9494
-2.95,3.1,0.0,0.0,0.9544
-2.9,3.1,0.0,0.0,0.9601
-2.85,3.1,0.0,0.0,0.9676
-2.8,3.1,0.0,0.0,0.9738
-2.75,3.1,0.0,0.0,0.9788
-2.7,3.1,0.0,0.0,0.9828
-2.65,3.1,0.0,1e-04,0.986
-2.6,3.1,0.0003,0.0003,0.9887
-2.55,3.1,0.0028,0.0008,0.9911
-2.5,3.1,0.0882,0.0027,0.993
-2.45,3.1,0.9347,0.0141,0.9946
-2.4,3.1,0.9996,0.1603,0.9959
-2.35,3.1,1.0,0.7893,0.9968
-2.3,3.1,1.0,0.9898,0.9976
-2.25,3.1,1.0,0.9997,0.9983
-2.2,3.1,1.0,1.0,0.9988
-2.15,3.1,1.0,1.0,0.9991
-2.1,3.1,1.0,1.0,0.9993
-2.05,3.1,1.0,1.0,0.9995
-2.0,3.1,1.0,1.0,0.9996
-1.95,3.1,1.0,1.0,0.9997
-1.9,3.1,1.0,1.0,0.9998
-1.85,3.1,1.0,1.0,0.9999
-1.8,3.1,1.0,1.0,0.9999
-1.75,3.1,1.0,1.0,0.9999
-1.7,3.1,1.0,1.0,1.0
-1.65,3.1,1.0,1.0,1.0
-1.6,3.1,1.0,1.0,1.0
-1.55,3.1,1.0,1.0,1.0
-1.5,3.1,1.0,1.0,1.0
-1.45,3.1,1.0,1.0,1.0
-1.4,3.1,1.0,1.0,1.0
-1.35,3.1,1.0,1.0,1.0
-1.3,3.1,1.0,1.0,1.0
-1.25,3.1,1.0,1.0,1.0
-1.2,3.1,1.0,1.0,1.0
-1.15,3.1,1.0,1.0,1.0
-1.1,3.1,1.0,1.0,1.0
-1.05,3.1,1.0,1.0,1.0
-1.0,3.1,1.0,1.0,1.0
-0.95,3.1,1.0,1.0,1.0
-0.9,3.1,1.0,1.0,1.0
-0.85,3.1,1.0,1.0,1.0
-0.8,3.1,1.0,1.0,1.0
-0.75,3.1,1.0,1.0,1.0
-0.7,3.1,1.0,1.0,1.0
-0.65,3.1,1.0,1.0,1.0
-0.6,3.1,1.0,1.0,1.0
-0.55,3.1,1.0,1.0,1.0
-0.5,3.1,1.0,1.0,1.0
-0.45,3.1,1.0,1.0,1.0
-0.4,3.1,1.0,1.0,1.0
-0.35,3.1,1.0,1.0,1.0
-0.3,3.1,1.0,1.0,1.0
-0.25,3.1,1.0,1.0,1.0
-0.2,3.1,1.0,1.0,1.0
-0.15,3.1,1.0,1.0,1.0
-0.1,3.1,1.0,1.0,1.0
-0.05,3.1,1.0,1.0,1.0
0.0,3.1,1.0,1.0,1.0
0.05,3.1,1.0,1.0,1.0
0.1,3.1,1.0,1.0,1.0
0.15,3.1,1.0,1.0,1.0
0.2,3.1,1.0,1.0,1.0
0.25,3.1,1.0,1.0,1.0
0.3,3.1,1.0,1.0,1.0
0.35,3.1,1.0,1.0,1.0
0.4,3.1,1.0,1.0,1.0
0.45,3.1,1.0,1.0,1.0
0.5,3.1,1.0,1.0,1.0
0.55,3.1,1.0,1.0,1.0
0.6,3.1,1.0,1.0,1.0
0.65,3.1,1.0,1.0,1.0
0.7,3.1,1.0,1.0,1.0
0.75,3.1,1.0,1.0,1.0
0.8,3.1,1.0,1.0,1.0
0.85,3.1,1.0,1.0,1.0
0.9,3.1,1.0,1.0,1.0
0.95,3.1,1.0,1.0,1.0
1.0,3.1,1.0,1.0,1.0
1.05,3.1,1.0,1.0,1.0
1.1,3.1,1.0,1.0,1.0
1.15,3.1,1.0,1.0,1.0
1.2,3.1,1.0,1.0,1.0
1.25,3.1,1.0,1.0,1.0
1.3,3.1,1.0,1.0,1.0
1.35,3.1,1.0,1.0,1.0
1.4,3.1,1.0,1.0,1.0
1.45,3.1,1.0,1.0,1.0
1.5,3.1,1.0,1.0,1.0
1.55,3.1,1.0,1.0,1.0
1.6,3.1,1.0,1.0,1.0
1.65,3.1,1.0,1.0,1.0
1.7,3.1,1.0,1.0,1.0
1.75,3.1,1.0,1.0,1.0
1.8,3.1,1.0,1.0,1.0
1.85,3.1,1.0,1.0,1.0
1.9,3.1,1.0,1.0,1.0
1.95,3.1,1.0,1.0,1.0
2.0,3.1,1.0,1.0,1.0
2.05,3.1,1.0,1.0,1.0
2.1,3.1,1.0,1.0,1.0
2.15,3.1,1.0,1.0,1.0
2.2,3.1,1.0,1.0,1.0
2.25,3.1,1.0,1.0,1.0
2.3,3.1,1.0,1.0,1.0
2.35,3.1,1.0,1.0,1.0
2.4,3.1,1.0,1.0,1.0
2.45,3.1,1.0,1.0,1.0
2.5,3.1,1.0,1.0,1.0
2.55,3.1,1.0,1.0,1.0
2.6,3.1,1.0,1.0,1.0
2.65,3.1,1.0,1.0,1.0
2.7,3.1,1.0,1.0,1.0
2.75,3.1,1.0,1.0,1.0
2.8,3.1,1.0,1.0,1.0
2.85,3.1,1.0,1.0,1.0
2.9,3.1,1.0,1.0,1.0
2.95,3.1,1.0,1.0,1.0
3.0,3.1,1.0,1.0,1.0
3.05,3.1,1.0,1.0,1.0
3.1,3.1,1.0,1.0,1.0
3.15,3.1,1.0,1.0,1.0
3.2,3.1,1.0,1.0,1.0
3.25,3.1,1.0,1.0,1.0
3.3,3.1,1.0,1.0,1.0
3.35,3.1,1.0,1.0,1.0
3.4,3.1,1.0,1.0,1.0
3.45,3.1,1.0,1.0,1.0
3.5,3.1,1.0,1.0,1.0
3.55,3.1,1.0,1.0,1.0
3.6,3.1,1.0,1.0,1.0
3.65,3.1,1.0,1.0,1.0
3.7,3.1,1.0,1.0,1.0
3.75,3.1,1.0,1.0,1.0
3.8,3.1,1.0,1.0,1.0
3.85,3.1,1.0,1.0,1.0
3.9,3.1,1.0,1.0,1.0
3.95,3.1,1.0,1.0,1.0
4.0,3.1,1.0,1.0,1.0
-4.0,3.15,0.0,0.0052,0.9437
-3.95,3.15,0.0,0.0022,0.941
-3.9,3.15,0.0,0.0011,0.939
-3.85,3.15,0.0,0.0005,0.937
-3.8,3.15,0.0,0.0002,0.9349
-3.75,3.15,0.0,1e-04,0.9328
-3.7,3.15,0.0,1e-04,0.9313
-3.65,3.15,0.0,0.0,0.93
-3.6,3.15,0.0,0.0,0.929
-3.55,3.15,0.0,0.0,0.9302
-3.5,3.15,0.0,0.0,0.9318
-3.45,3.15,0.0,0.0,0.9336
-3.4,3.15,0.0,0.0,0.9354
-3.35,3.15,0.0,0.0,0.9372
-3.3,3.15,0.0,0.0,0.9396
-3.25,3.15,0.0,0.0,0.9429
-3.2,3.15,0.0,0.0,0.9461
-3.15,3.15,0.0,0.0,0.949
-3.1,3.15,0.0,0.0,0.9518
-3.05,3.15,0.0,0.0,0.9556
-3.0,3.15,0.0,0.0,0.96
-2.95,3.15,0.0,0.0,0.9666
-2.9,3.15,0.0,0.0,0.9729
-2.85,3.15,0.0,0.0,0.9781
-2.8,3.15,0.0,0.0,0.9823
-2.75,3.15,0.0,0.0,0.9857
-2.7,3.15,0.0,1e-04,0.9884
-2.65,3.15,0.0003,0.0003,0.9906
-2.6,3.15,0.0036,0.0007,0.9925
-2.55,3.15,0.1096,0.0021,0.9942
-2.5,3.15,0.9492,0.0107,0.9955
-2.45,3.15,0.9997,0.1025,0.9966
-2.4,3.15,1.0,0.675,0.9974
-2.35,3.15,1.0,0.9818,0.998
-2.3,3.15,1.0,0.9994,0.9986
-2.25,3.15,1.0,1.0,0.999
-2.2,3.15,1.0,1.0,0.9993
-2.15,3.15,1.0,1.0,0.9995
-2.1,3.15,1.0,1.0,0.9996
-2.05,3.15,1.0,1.0,0.9997
-2.0,3.15,1.0,1.0,0.9998
-1.95,3.15,1.0,1.0,0.9998
-1.9,3.15,1.0,1.0,0.9999
-1.85,3.15,1.0,1.0,0.9999
-1.8,3.15,1.0,1.0,1.0
-1.75,3.15,1.0,1.0,1.0
-1.7,3.15,1.0,1.0,1.0
-1.65,3.15,1.0,1.0,1.0
-1.6,3.15,1.0,1.0,1.0
-1.55,3.15,1.0,1.0,1.0
-1.5,3.15,1.0,1.0,1.0
-1.45,3.15,1.0,1.0,1.0
-1.4,3.15,1.0,1.0,1.0
-1.35,3.15,1.0,1.0,1.0
-1.3,3.15,1.0,1.0,1.0
-1.25,3.15,1.0,1.0,1.0
-1.2,3.15,1.0,1.0,1.0
-1.15,3.15,1.0,1.0,1.0
-1.1,3.15,1.0,1.0,1.0
-1.05,3.15,1.0,1.0,1.0
-1.0,3.15,1.0,1.0,1.0
-0.95,3.15,1.0,1.0,1.0
-0.9,3.15,1.0,1.0,1.0
-0.85,3.15,1.0,1.0,1.0
-0.8,3.15,1.0,1.0,1.0
-0.75,3.15,1.0,1.0,1.0
-0.7,3.15,1.0,1.0,1.0
-0.65,3.15,1.0,1.0,1.0
-0.6,3.15,1.0,1.0,1.0
-0.55,3.15,1.0,1.0,1.0
-0.5,3.15,1.0,1.0,1.0
-0.45,3.15,1.0,1.0,1.0
-0.4,3.15,1.0,1.0,1.0
-0.35,3.15,1.0,1.0,1.0
-0.3,3.15,1.0,1.0,1.0
-0.25,3.15,1.0,1.0,1.0
-0.2,3.15,1.0,1.0,1.0
-0.15,3.15,1.0,1.0,1.0
-0.1,3.15,1.0,1.0,1.0
-0.05,3.15,1.0,1.0,1.0
0.0,3.15,1.0,1.0,1.0
0.05,3.15,1.0,1.0,1.0
0.1,3.15,1.0,1.0,1.0
0.15,3.15,1.0,1.0,1.0
0.2,3.15,1.0,1.0,1.0
0.25,3.15,1.0,1.0,1.0
0.3,3.15,1.0,1.0,1.0
0.35,3.15,1.0,1.0,1.0
0.4,3.15,1.0,1.0,1.0
0.45,3.15,1.0,1.0,1.0
0.5,3.15,1.0,1.0,1.0
0.55,3.15,1.0,1.0,1.0
0.6,3.15,1.0,1.0,1.0
0.65,3.15,1.0,1.0,1.0
0.7,3.15,1.0,1.0,1.0
0.75,3.15,1.0,1.0,1.0
0.8,3.15,1.0,1.0,1.0
0.85,3.15,1.0,1.0,1.0
0.9,3.15,1.0,1.0,1.0
0.95,3.15,1.0,1.0,1.0
1.0,3.15,1.0,1.0,1.0
1.05,3.15,1.0,1.0,1.0
1.1,3.15,1.0,1.0,1.0
1.15,3.15,1.0,1.0,1.0
1.2,3.15,1.0,1.0,1.0
1.25,3.15,1.0,1.0,1.0
1.3,3.15,1.0,1.0,1.0
1.35,3.15,1.0,1.0,1.0
1.4,3.15,1.0,1.0,1.0
1.45,3.15,1.0,1.0,1.0
1.5,3.15,1.0,1.0,1.0
1.55,3.15,1.0,1.0,1.0
1.6,3.15,1.0,1.0,1.0
1.65,3.15,1.0,1.0,1.0
1.7,3.15,1.0,1.0,1.0
1.75,3.15,1.0,1.0,1.0
1.8,3.15,1.0,1.0,1.0
1.85,3.15,1.0,1.0,1.0
1.9,3.15,1.0,1.0,1.0
1.95,3.15,1.0,1.0,1.0
2.0,3.15,1.0,1.0,1.0
2.05,3.15,1.0,1.0,1.0
2.1,3.15,1.0,1.0,1.0
2.15,3.15,1.0,1.0,1.0
2.2,3.15,1.0,1.0,1.0
2.25,3.15,1.0,1.0,1.0
2.3,3.15,1.0,1.0,1.0
2.35,3.15,1.0,1.0,1.0
2.4,3.15,1.0,1.0,1.0
2.45,3.15,1.0,1.0,1.0
2.5,3.15,1.0,1.0,1.0
2.55,3.15,1.0,1.0,1.0
2.6,3.15,1.0,1.0,1.0
2.65,3.15,1.0,1.0,1.0
2.7,3.15,1.0,1.0,1.0
2.75,3.15,1.0,1.0,1.0
2.8,3.15,1.0,1.0,1.0
2.85,3.15,1.0,1.0,1.0
2.9,3.15,1.0,1.0,1.0
2.95,3.15,1.0,1.0,1.0
3.0,3.15,1.0,1.0,1.0
3.05,3.15,1.0,1.0,1.0
3.1,3.15,1.0,1.0,1.0
3.15,3.15,1.0,1.0,1.0
3.2,3.15,1.0,1.0,1.0
3.25,3.15,1.0,1.0,1.0
3.3,3.15,1.0,1.0,1.0
3.35,3.15,1.0,1.0,1.0
3.4,3.15,1.0,1.0,1.0
3.45,3.15,1.0,1.0,1.0
3.5,3.15,1.0,1.0,1.0
3.55,3.15,1.0,1.0,1.0
3.6,3.15,1.0,1.0,1.0
3.65,3.15,1.0,1.0,1.0
3.7,3.15,1.0,1.0,1.0
3.75,3.15,1.0,1.0,1.0
3.8,3.15,1.0,1.0,1.0
3.85,3.15,1.0,1.0,1.0
3.9,3.15,1.0,1.0,1.0
3.95,3.15,1.0,1.0,1.0
4.0,3.15,1.0,1.0,1.0
-4.0,3.2,0.0,0.0021,0.9476
-3.95,3.2,0.0,0.001,0.9459
-3.9,3.2,0.0,0.0005,0.9441
-3.85,3.2,0.0,0.0002,0.9422
-3.8,3.2,0.0,1e-04,0.9409
-3.75,3.2,0.0,1e-04,0.9398
-3.7,3.2,0.0,0.0,0.9386
-3.65,3.2,0.0,0.0,0.9381
-3.6,3.2,0.0,0.0,0.9396
-3.55,3.2,0.0,0.0,0.9411
-3.5,3.2,0.0,0.0,0.9426
-3.45,3.2,0.0,0.0,0.9442
-3.4,3.2,0.0,0.0,0.9459
-3.35,3.2,0.0,0.0,0.9479
-3.3,3.2,0.0,0.0,0.9508
-3.25,3.2,0.0,0.0,0.9535
-3.2,3.2,0.0,0.0,0.9561
-3.15,3.2,0.0,0.0,0.9585
-3.1,3.2,0.0,0.0,0.9612
-3.05,3.2,0.0,0.0,0.9653
-3.0,3.2,0.0,0.0,0.972
-2.95,3.2,0.0,0.0,0.9774
-2.9,3.2,0.0,0.0,0.9817
-2.85,3.2,0.0,0.0,0.9852
-2.8,3.2,0.0,0.0,0.988
-2.75,3.2,0.0,1e-04,0.9903
-2.7,3.2,0.0004,0.0002,0.9922
-2.65,3.2,0.0045,0.0006,0.9937
-2.6,3.2,0.1354,0.0017,0.9951
-2.55,3.2,0.9605,0.0084,0.9963
-2.5,3.2,0.9998,0.064,0.9971
-2.45,3.2,1.0,0.5433,0.9978
-2.4,3.2,1.0,0.9678,0.9983
-2.35,3.2,1.0,0.9987,0.9988
-2.3,3.2,1.0,1.0,0.9991
-2.25,3.2,1.0,1.0,0.9994
-2.2,3.2,1.0,1.0,0.9995
-2.15,3.2,1.0,1.0,0.9997
-2.1,3.2,1.0,1.0,0.9998
-2.05,3.2,1.0,1.0,0.9998
-2.0,3.2,1.0,1.0,0.9999
-1.95,3.2,1.0,1.0,0.9999
-1.9,3.2,1.0,1.0,1.0
-1.85,3.2,1.0,1.0,1.0
-1.8,3.2,1.0,1.0,1.0
-1.75,3.2,1.0,1.0,1.0
-1.7,3.2,1.0,1.0,1.0
-1.65,3.2,1.0,1.0,1.0
-1.6,3.2,1.0,1.0,1.0
-1.55,3.2,1.0,1.0,1.0
-1.5,3.2,1.0,1.0,1.0
-1.45,3.2,1.0,1.0,1.0
-1.4,3.2,1.0,1.0,1.0
-1.35,3.2,1.0,1.0,1.0
-1.3,3.2,1.0,1.0,1.0
-1.25,3.2,1.0,1.0,1.0
-1.2,3.2,1.0,1.0,1.0
-1.15,3.2,1.0,1.0,1.0
-1.1,3.2,1.0,1.0,1.0
-1.05,3.2,1.0,1.0,1.0
-1.0,3.2,1.0,1.0,1.0
-0.95,3.2,1.0,1.0,1.0
-0.9,3.2,1.0,1.0,1.0
-0.85,3.2,1.0,1.0,1.0
-0.8,3.2,1.0,1.0,1.0
-0.75,3.2,1.0,1.0,1.0
-0.7,3.2,1.0,1.0,1.0
-0.65,3.2,1.0,1.0,1.0
-0.6,3.2,1.0,1.0,1.0
-0.55,3.2,1.0,1.0,1.0
-0.5,3.2,1.0,1.0,1.0
-0.45,3.2,1.0,1.0,1.0
-0.4,3.2,1.0,1.0,1.0
-0.35,3.2,1.0,1.0,1.0
-0.3,3.2,1.0,1.0,1.0
-0.25,3.2,1.0,1.0,1.0
-0.2,3.2,1.0,1.0,1.0
-0.15,3.2,1.0,1.0,1.0
-0.1,3.2,1.0,1.0,1.0
-0.05,3.2,1.0,1.0,1.0
0.0,3.2,1.0,1.0,1.0
0.05,3.2,1.0,1.0,1.0
0.1,3.2,1.0,1.0,1.0
0.15,3.2,1.0,1.0,1.0
0.2,3.2,1.0,1.0,1.0
0.25,3.2,1.0,1.0,1.0
0.3,3.2,1.0,1.0,1.0
0.35,3.2,1.0,1.0,1.0
0.4,3.2,1.0,1.0,1.0
0.45,3.2,1.0,1.0,1.0
0.5,3.2,1.0,1.0,1.0
0.55,3.2,1.0,1.0,1.0
0.6,3.2,1.0,1.0,1.0
0.65,3.2,1.0,1.0,1.0
0.7,3.2,1.0,1.0,1.0
0.75,3.2,1.0,1.0,1.0
0.8,3.2,1.0,1.0,1.0
0.85,3.2,1.0,1.0,1.0
0.9,3.2,1.0,1.0,1.0
0.95,3.2,1.0,1.0,1.0
1.0,3.2,1.0,1.0,1.0
1.05,3.2,1.0,1.0,1.0
1.1,3.2,1.0,1.0,1.0
1.15,3.2,1.0,1.0,1.0
1.2,3.2,1.0,1.0,1.0
1.25,3.2,1.0,1.0,1.0
1.3,3.2,1.0,1.0,1.0
1.35,3.2,1.0,1.0,1.0
1.4,3.2,1.0,1.0,1.0
1.45,3.2,1.0,1.0,1.0
1.5,3.2,1.0,1.0,1.0
1.55,3.2,1.0,1.0,1.0
1.6,3.2,1.0,1.0,1.0
1.65,3.2,1.0,1.0,1.0
1.7,3.2,1.0,1.0,1.0
1.75,3.2,1.0,1.0,1.0
1.8,3.2,1.0,1.0,1.0
1.85,3.2,1.0,1.0,1.0
1.9,3.2,1.0,1.0,1.0
1.95,3.2,1.0,1.0,1.0
2.0,3.2,1.0,1.0,1.0
2.05,3.2,1.0,1.0,1.0
2.1,3.2,1.0,1.0,1.0
2.15,3.2,1.0,1.0,1.0
2.2,3.2,1.0,1.0,1.0
2.25,3.2,1.0,1.0,1.0
2.3,3.2,1.0,1.0,1.0
2.35,3.2,1.0,1.0,1.0
2.4,3.2,1.0,1.0,1.0
2.45,3.2,1.0,1.0,1.0
2.5,3.2,1.0,1.0,1.0
2.55,3.2,1.0,1.0,1.0
2.6,3.2,1.0,1.0,1.0
2.65,3.2,1.0,1.0,1.0
2.7,3.2,1.0,1.0,1.0
2.75,3.2,1.0,1.0,1.0
2.8,3.2,1.0,1.0,1.0
2.85,3.2,1.0,1.0,1.0
2.9,3.2,1.0,1.0,1.0
2.95,3.2,1.0,1.0,1.0
3.0,3.2,1.0,1.0,1.0
3.05,3.2,1.0,1.0,1.0
3.1,3.2,1.0,1.0,1.0
3.15,3.2,1.0,1.0,1.0
3.2,3.2,1.0,1.0,1.0
3.25,3.2,1.0,1.0,1.0
3.3,3.2,1.0,1.0,1.0
3.35,3.2,1.0,1.0,1.0
3.4,3.2,1.0,1.0,1.0
3.45,3.2,1.0,1.0,1.0
3.5,3.2,1.0,1.0,1.0
3.55,3.2,1.0,1.0,1.0
3.6,3.2,1.0,1.0,1.0
3.65,3.2,1.0,1.0,1.0
3.7,3.2,1.0,1.0,1.0
3.75,3.2,1.0,1.0,1.0
3.8,3.2,1.0,1.0,1.0
3.85,3.2,1.0,1.0,1.0
3.9,3.2,1.0,1.0,1.0
3.95,3.2,1.0,1.0,1.0
4.0,3.2,1.0,1.0,1.0
-4.0,3.25,0.0,0.001,0.952
-3.95,3.25,0.0,0.0005,0.9504
-3.9,3.25,0.0,0.0002,0.9493
-3.85,3.25,0.0,1e-04,0.9483
-3.8,3.25,0.0,1e-04,0.9472
-3.75,3.25,0.0,0.0,0.9461
-3.7,3.25,0.0,0.0,0.9465
-3.65,3.25,0.0,0.0,0.9479
-3.6,3.25,0.0,0.0,0.9492
-3.55,3.25,0.0,0.0,0.9505
-3.5,3.25,0.0,0.0,0.952
-3.45,3.25,0.0,0.0,0.9537
-3.4,3.25,0.0,0.0,0.9552
-3.35,3.25,0.0,0.0,0.9576
-3.3,3.25,0.0,0.0,0.9599
-3.25,3.25,0.0,0.0,0.9622
-3.2,3.25,0.0,0.0,0.9643
-3.15,3.25,0.0,0.0,0.9663
-3.1,3.25,0.0,0.0,0.9709
-3.05,3.25,0.0,0.0,0.9765
-3.0,3.25,0.0,0.0,0.9811
-2.95,3.25,0.0,0.0,0.9847
-2.9,3.25,0.0,0.0,0.9877
-2.85,3.25,0.0,0.0,0.99
-2.8,3.25,0.0,1e-04,0.992
-2.75,3.25,0.0004,0.0002,0.9935
-2.7,3.25,0.0057,0.0005,0.9948
-2.65,3.25,0.1662,0.0013,0.9959
-2.6,3.25,0.9695,0.0066,0.9969
-2.55,3.25,0.9998,0.0422,0.9976
-2.5,3.25,1.0,0.4177,0.9982
-2.45,3.25,1.0,0.9439,0.9986
-2.4,3.25,1.0,0.9977,0.999
-2.35,3.25,1.0,0.9999,0.9993
-2.3,3.25,1.0,1.0,0.9995
-2.25,3.25,1.0,1.0,0.9996
-2.2,3.25,1.0,1.0,0.9997
-2.15,3.25,1.0,1.0,0.9998
-2.1,3.25,1.0,1.0,0.9999
-2.05,3.25,1.0,1.0,0.9999
-2.0,3.25,1.0,1.0,0.9999
-1.95,3.25,1.0,1.0,1.0
-1.9,3.25,1.0,1.0,1.0
-1.85,3.25,1.0,1.0,1.0
-1.8,3.25,1.0,1.0,1.0
-1.75,3.25,1.0,1.0,1.0
-1.7,3.25,1.0,1.0,1.0
-1.65,3.25,1.0,1.0,1.0
-1.6,3.25,1.0,1.0,1.0
-1.55,3.25,1.0,1.0,1.0
-1.5,3.25,1.0,1.0,1.0
-1.45,3.25,1.0,1.0,1.0
-1.4,3.25,1.0,1.0,1.0
-1.35,3.25,1.0,1.0,1.0
-1.3,3.25,1.0,1.0,1.0
-1.25,3.25,1.0,1.0,1.0
-1.2,3.25,1.0,1.0,1.0
-1.15,3.25,1.0,1.0,1.0
-1.1,3.25,1.0,1.0,1.0
-1.05,3.25,1.0,1.0,1.0
-1.0,3.25,1.0,1.0,1.0
-0.95,3.25,1.0,1.0,1.0
-0.9,3.25,1.0,1.0,1.0
-0.85,3.25,1.0,1.0,1.0
-0.8,3.25,1.0,1.0,1.0
-0.75,3.25,1.0,1.0,1.0
-0.7,3.25,1.0,1.0,1.0
-0.65,3.25,1.0,1.0,1.0
-0.6,3.25,1.0,1.0,1.0
-0.55,3.25,1.0,1.0,1.0
-0.5,3.25,1.0,1.0,1.0
-0.45,3.25,1.0,1.0,1.0
-0.4,3.25,1.0,1.0,1.0
-0.35,3.25,1.0,1.0,1.0
-0.3,3.25,1.0,1.0,1.0
-0.25,3.25,1.0,1.0,1.0
-0.2,3.25,1.0,1.0,1.0
-0.15,3.25,1.0,1.0,1.0
-0.1,3.25,1.0,1.0,1.0
-0.05,3.25,1.0,1.0,1.0
0.0,3.25,1.0,1.0,1.0
0.05,3.25,1.0,1.0,1.0
0.1,3.25,1.0,1.0,1.0
0.15,3.25,1.0,1.0,1.0
0.2,3.25,1.0,1.0,1.0
0.25,3.25,1.0,1.0,1.0
0.3,3.25,1.0,1.0,1.0
0.35,3.25,1.0,1.0,1.0
0.4,3.25,1.0,1.0,1.0
0.45,3.25,1.0,1.0,1.0
0.5,3.25,1.0,1.0,1.0
0.55,3.25,1.0,1.0,1.0
0.6,3.25,1.0,1.0,1.0
0.65,3.25,1.0,1.0,1.0
0.7,3.25,1.0,1.0,1.0
0.75,3.25,1.0,1.0,1.0
0.8,3.25,1.0,1.0,1.0
0.85,3.25,1.0,1.0,1.0
0.9,3.25,1.0,1.0,1.0
0.95,3.25,1.0,1.0,1.0
1.0,3.25,1.0,1.0,1.0
1.05,3.25,1.0,1.0,1.0
1.1,3.25,1.0,1.0,1.0
1.15,3.25,1.0,1.0,1.0
1.2,3.25,1.0,1.0,1.0
1.25,3.25,1.0,1.0,1.0
1.3,3.25,1.0,1.0,1.0
1.35,3.25,1.0,1.0,1.0
1.4,3.25,1.0,1.0,1.0
1.45,3.25,1.0,1.0,1.0
1.5,3.25,1.0,1.0,1.0
1.55,3.25,1.0,1.0,1.0
1.6,3.25,1.0,1.0,1.0
1.65,3.25,1.0,1.0,1.0
1.7,3.25,1.0,1.0,1.0
1.75,3.25,1.0,1.0,1.0
1.8,3.25,1.0,1.0,1.0
1.85,3.25,1.0,1.0,1.0
1.9,3.25,1.0,1.0,1.0
1.95,3.25,1.0,1.0,1.0
2.0,3.25,1.0,1.0,1.0
2.05,3.25,1.0,1.0,1.0
2.1,3.25,1.0,1.0,1.0
2.15,3.25,1.0,1.0,1.0
2.2,3.25,1.0,1.0,1.0
2.25,3.25,1.0,1.0,1.0
2.3,3.25,1.0,1.0,1.0
2.35,3.25,1.0,1.0,1.0
2.4,3.25,1.0,1.0,1.0
2.45,3.25,1.0,1.0,1.0
2.5,3.25,1.0,1.0,1.0
2.55,3.25,1.0,1.0,1.0
2.6,3.25,1.0,1.0,1.0
2.65,3.25,1.0,1.0,1.0
2.7,3.25,1.0,1.0,1.0
2.75,3.25,1.0,1.0,1.0
2.8,3.25,1.0,1.0,1.0
2.85,3.25,1.0,1.0,1.0
2.9,3.25,1.0,1.0,1.0
2.95,3.25,1.0,1.0,1.0
3.0,3.25,1.0,1.0,1.0
3.05,3.25,1.0,1.0,1.0
3.1,3.25,1.0,1.0,1.0
3.15,3.25,1.0,1.0,1.0
3.2,3.25,1.0,1.0,1.0
3.25,3.25,1.0,1.0,1.0
3.3,3.25,1.0,1.0,1.0
3.35,3.25,1.0,1.0,1.0
3.4,3.25,1.0,1.0,1.0
3.45,3.25,1.0,1.0,1.0
3.5,3.25,1.0,1.0,1.0
3.55,3.25,1.0,1.0,1.0
3.6,3.25,1.0,1.0,1.0
3.65,3.25,1.0,1.0,1.0
3.7,3.25,1.0,1.0,1.0
3.75,3.25,1.0,1.0,1.0
3.8,3.25,1.0,1.0,1.0
3.85,3.25,1.0,1.0,1.0
3.9,3.25,1.0,1.0,1.0
3.95,3.25,1.0,1.0,1.0
4.0,3.25,1.0,1.0,1.0
-4.0,3.3,0.0,0.0004,0.9565
-3.95,3.3,0.0,0.0002,0.9556
-3.9,3.3,0.0,1e-04,0.9547
-3.85,3.3,0.0,1e-04,0.9538
-3.8,3.3,0.0,0.0,0.953
-3.75,3.3,0.0,0.0,0.9539
-3.7,3.3,0.0,0.0,0.9551
-3.65,3.3,0.0,0.0,0.9563
-3.6,3.3,0.0,0.0,0.9574
-3.55,3.3,0.0,0.0,0.9589
-3.5,3.3,0.0,0.0,0.9603
-3.45,3.3,0.0,0.0,0.9616
-3.4,3.3,0.0,0.0,0.9635
-3.35,3.3,0.0,0.0,0.9655
-3.3,3.3,0.0,0.0,0.9675
-3.25,3.3,0.0,0.0,0.9693
-3.2,3.3,0.0,0.0,0.971
-3.15,3.3,0.0,0.0,0.9756
-3.1,3.3,0.0,0.0,0.9804
-3.05,3.3,0.0,0.0,0.9842
-3.0,3.3,0.0,0.0,0.9873
-2.95,3.3,0.0,0.0,0.9897
-2.9,3.3,0.0,0.0,0.9917
-2.85,3.3,1e-04,1e-04,0.9933
-2.8,3.3,0.0005,0.0002,0.9946
-2.75,3.3,0.0072,0.0004,0.9957
-2.7,3.3,0.208,0.0011,0.9966
-2.65,3.3,0.9771,0.0051,0.9974
-2.6,3.3,0.9999,0.0307,0.998
-2.55,3.3,1.0,0.304,0.9985
-2.5,3.3,1.0,0.9047,0.9989
-2.45,3.3,1.0,0.996,0.9992
-2.4,3.3,1.0,0.9999,0.9994
-2.35,3.3,1.0,1.0,0.9996
-2.3,3.3,1.0,1.0,0.9997
-2.25,3.3,1.0,1.0,0.9998
-2.2,3.3,1.0,1.0,0.9998
-2.15,3.3,1.0,1.0,0.9999
-2.1,3.3,1.0,1.0,0.9999
-2.05,3.3,1.0,1.0,1.0
-2.0,3.3,1.0,1.0,1.0
-1.95,3.3,1.0,1.0,1.0
-1.9,3.3,1.0,1.0,1.0
-1.85,3.3,1.0,1.0,1.0
-1.8,3.3,1.0,1.0,1.0
-1.75,3.3,1.0,1.0,1.0
-1.7,3.3,1.0,1.0,1.0
-1.65,3.3,1.0,1.0,1.0
-1.6,3.3,1.0,1.0,1.0
-1.55,3.3,1.0,1.0,1.0
-1.5,3.3,1.0,1.0,1.0
-1.45,3.3,1.0,1.0,1.0
-1.4,3.3,1.0,1.0,1.0
-1.35,3.3,1.0,1.0,1.0
-1.3,3.3,1.0,1.0,1.0
-1.25,3.3,1.0,1.0,1.0
-1.2,3.3,1.0,1.0,1.0
-1.15,3.3,1.0,1.0,1.0
-1.1,3.3,1.0,1.0,1.0
-1.05,3.3,1.0,1.0,1.0
-1.0,3.3,1.0,1.0,1.0
-0.95,3.3,1.0,1.0,1.0
-0.9,3.3,1.0,1.0,1.0
-0.85,3.3,1.0,1.0,1.0
-0.8,3.3,1.0,1.0,1.0
-0.75,3.3,1.0,1.0,1.0
-0.7,3.3,1.0,1.0,1.0
-0.65,3.3,1.0,1.0,1.0
-0.6,3.3,1.0,1.0,1.0
-0.55,3.3,1.0,1.0,1.0
-0.5,3.3,1.0,1.0,1.0
-0.45,3.3,1.0,1.0,1.0
-0.4,3.3,1.0,1.0,1.0
-0.35,3.3,1.0,1.0,1.0
-0.3,3.3,1.0,1.0,1.0
-0.25,3.3,1.0,1.0,1.0
-0.2,3.3,1.0,1.0,1.0
-0.15,3.3,1.0,1.0,1.0
-0.1,3.3,1.0,1.0,1.0
-0.05,3.3,1.0,1.0,1.0
0.0,3.3,1.0,1.0,1.0
0.05,3.3,1.0,1.0,1.0
0.1,3.3,1.0,1.0,1.0
0.15,3.3,1.0,1.0,1.0
0.2,3.3,1.0,1.0,1.0
0.25,3.3,1.0,1.0,1.0
0.3,3.3,1.0,1.0,1.0
0.35,3.3,1.0,1.0,1.0
0.4,3.3,1.0,1.0,1.0
0.45,3.3,1.0,1.0,1.0
0.5,3.3,1.0,1.0,1.0
0.55,3.3,1.0,1.0,1.0
0.6,3.3,1.0,1.0,1.0
0.65,3.3,1.0,1.0,1.0
0.7,3.3,1.0,1.0,1.0
0.75,3.3,1.0,1.0,1.0
0.8,3.3,1.0,1.0,1.0
0.85,3.3,1.0,1.0,1.0
0.9,3.3,1.0,1.0,1.0
0.95,3.3,1.0,1.0,1.0
1.0,3.3,1.0,1.0,1.0
1.05,3.3,1.0,1.0,1.0
1.1,3.3,1.0,1.0,1.0
1.15,3.3,1.0,1.0,1.0
1.2,3.3,1.0,1.0,1.0
1.25,3.3,1.0,1.0,1.0
1.3,3.3,1.0,1.0,1.0
1.35,3.3,1.0,1.0,1.0
1.4,3.3,1.0,1.0,1.0
1.45,3.3,1.0,1.0,1.0
1.5,3.3,1.0,1.0,1.0
1.55,3.3,1.0,1.0,1.0
1.6,3.3,1.0,1.0,1.0
1.65,3.3,1.0,1.0,1.0
1.7,3.3,1.0,1.0,1.0
1.75,3.3,1.0,1.0,1.0
1.8,3.3,1.0,1.0,1.0
1.85,3.3,1.0,1.0,1.0
1.9,3.3,1.0,1.0,1.0
1.95,3.3,1.0,1.0,1.0
2.0,3.3,1.0,1.0,1.0
2.05,3.3,1.0,1.0,1.0
2.1,3.3,1.0,1.0,1.0
2.15,3.3,1.0,1.0,1.0
2.2,3.3,1.0,1.0,1.0
2.25,3.3,1.0,1.0,1.0
2.3,3.3,1.0,1.0,1.0
2.35,3.3,1.0,1.0,1.0
2.4,3.3,1.0,1.0,1.0
2.45,3.3,1.0,1.0,1.0
2.5,3.3,1.0,1.0,1.0
2.55,3.3,1.0,1.0,1.0
2.6,3.3,1.0,1.0,1.0
2.65,3.3,1.0,1.0,1.0
2.7,3.3,1.0,1.0,1.0
2.75,3.3,1.0,1.0,1.0
2.8,3.3,1.0,1.0,1.0
2.85,3.3,1.0,1.0,1.0
2.9,3.3,1.0,1.0,1.0
2.95,3.3,1.0,1.0,1.0
3.0,3.3,1.0,1.0,1.0
3.05,3.3,1.0,1.0,1.0
3.1,3.3,1.0,1.0,1.0
3.15,3.3,1.0,1.0,1.0
3.2,3.3,1.0,1.0,1.0
3.25,3.3,1.0,1.0,1.0
3.3,3.3,1.0,1.0,1.0
3.35,3.3,1.0,1.0,1.0
3.4,3.3,1.0,1.0,1.0
3.45,3.3,1.0,1.0,1.0
3.5,3.3,1.0,1.0,1.0
3.55,3.3,1.0,1.0,1.0
3.6,3.3,1.0,1.0,1.0
3.65,3.3,1.0,1.0,1.0
3.7,3.3,1.0,1.0,1.0
3.75,3.3,1.0,1.0,1.0
3.8,3.3,1.0,1.0,1.0
3.85,3.3,1.0,1.0,1.0
3.9,3.3,1.0,1.0,1.0
3.95,3.3,1.0,1.0,1.0
4.0,3.3,1.0,1.0,1.0
-4.0,3.35,0.0,0.0002,0.9612
-3.95,3.35,0.0,1e-04,0.9604
-3.9,3.35,0.0,1e-04,0.9596
-3.85,3.35,0.0,0.0,0.9596
-3.8,3.35,0.0,0.0,0.9604
-3.75,3.35,0.0,0.0,0.9614
-3.7,3.35,0.0,0.0,0.9624
-3.65,3.35,0.0,0.0,0.9636
-3.6,3.35,0.0,0.0,0.9648
-3.55,3.35,0.0,0.0,0.966
-3.5,3.35,0.0,0.0,0.9672
-3.45,3.35,0.0,0.0,0.9686
-3.4,3.35,0.0,0.0,0.9704
-3.35,3.35,0.0,0.0,0.972
-3.3,3.35,0.0,0.0,0.9736
-3.25,3.35,0.0,0.0,0.9758
-3.2,3.35,0.0,0.0,0.9797
-3.15,3.35,0.0,0.0,0.9836
-3.1,3.35,0.0,0.0,0.9868
-3.05,3.35,0.0,0.0,0.9894
-3.0,3.35,0.0,0.0,0.9914
-2.95,3.35,0.0,0.0,0.9931
-2.9,3.35,1e-04,1e-04,0.9944
-2.85,3.35,0.0006,1e-04,0.9955
-2.8,3.35,0.009,0.0004,0.9964
-2.75,3.35,0.2647,0.0009,0.9972
-2.7,3.35,0.9832,0.0041,0.9978
-2.65,3.35,0.9999,0.0235,0.9984
-2.6,3.35,1.0,0.2105,0.9987
-2.55,3.35,1.0,0.8428,0.9991
-2.5,3.35,1.0,0.9929,0.9993
-2.45,3.35,1.0,0.9998,0.9995
-2.4,3.35,1.0,1.0,0.9996
-2.35,3.35,1.0,1.0,0.9997
-2.3,3.35,1.0,1.0,0.9998
-2.25,3.35,1.0,1.0,0.9999
-2.2,3.35,1.0,1.0,0.9999
-2.15,3.35,1.0,1.0,0.9999
-2.1,3.35,1.0,1.0,1.0
-2.05,3.35,1.0,1.0,1.0
-2.0,3.35,1.0,1.0,1.0
-1.95,3.35,1.0,1.0,1.0
-1.9,3.35,1.0,1.0,1.0
-1.85,3.35,1.0,1.0,1.0
-1.8,3.35,1.0,1.0,1.0
-1.75,3.35,1.0,1.0,1.0
-1.7,3.35,1.0,1.0,1.0
-1.65,3.35,1.0,1.0,1.0
-1.6,3.35,1.0,1.0,1.0
-1.55,3.35,1.0,1.0,1.0
-1.5,3.35,1.0,1.0,1.0
-1.45,3.35,1.0,1.0,1.0
-1.4,3.35,1.0,1.0,1.0
-1.35,3.35,1.0,1.0,1.0
-1.3,3.35,1.0,1.0,1.0
-1.25,3.35,1.0,1.0,1.0
-1.2,3.35,1.0,1.0,1.0
-1.15,3.35,1.0,1.0,1.0
-1.1,3.35,1.0,1.0,1.0
-1.05,3.35,1.0,1.0,1.0
-1.0,3.35,1.0,1.0,1.0
-0.95,3.35,1.0,1.0,1.0
-0.9,3.35,1.0,1.0,1.0
-0.85,3.35,1.0,1.0,1.0
-0.8,3.35,1.0,1.0,1.0
-0.75,3.35,1.0,1.0,1.0
-0.7,3.35,1.0,1.0,1.0
-0.65,3.35,1.0,1.0,1.0
-0.6,3.35,1.0,1.0,1.0
-0.55,3.35,1.0,1.0,1.0
-0.5,3.35,1.0,1.0,1.0
-0.45,3.35,1.0,1.0,1.0
-0.4,3.35,1.0,1.0,1.0
-0.35,3.35,1.0,1.0,1.0
-0.3,3.35,1.0,1.0,1.0
-0.25,3.35,1.0,1.0,1.0
-0.2,3.35,1.0,1.0,1.0
-0.15,3.35,1.0,1.0,1.0
-0.1,3.35,1.0,1.0,1.0
-0.05,3.35,1.0,1.0,1.0
0.0,3.35,1.0,1.0,1.0
0.05,3.35,1.0,1.0,1.0
0.1,3.35,1.0,1.0,1.0
0.15,3.35,1.0,1.0,1.0
0.2,3.35,1.0,1.0,1.0
0.25,3.35,1.0,1.0,1.0
0.3,3.35,1.0,1.0,1.0
0.35,3.35,1.0,1.0,1.0
0.4,3.35,1.0,1.0,1.0
0.45,3.35,1.0,1.0,1.0
0.5,3.35,1.0,1.0,1.0
0.55,3.35,1.0,1.0,1.0
0.6,3.35,1.0,1.0,1.0
0.65,3.35,1.0,1.0,1.0
0.7,3.35,1.0,1.0,1.0
0.75,3.35,1.0,1.0,1.0
0.8,3.35,1.0,1.0,1.0
0.85,3.35,1.0,1.0,1.0
0.9,3.35,1.0,1.0,1.0
0.95,3.35,1.0,1.0,1.0
1.0,3.35,1.0,1.0,1.0
1.05,3.35,1.0,1.0,1.0
1.1,3.35,1.0,1.0,1.0
1.15,3.35,1.0,1.0,1.0
1.2,3.35,1.0,1.0,1.0
1.25,3.35,1.0,1.0,1.0
1.3,3.35,1.0,1.0,1.0
1.35,3.35,1.0,1.0,1.0
1.4,3.35,1.0,1.0,1.0
1.45,3.35,1.0,1.0,1.0
1.5,3.35,1.0,1.0,1.0
1.55,3.35,1.0,1.0,1.0
1.6,3.35,1.0,1.0,1.0
1.65,3.35,1.0,1.0,1.0
1.7,3.35,1.0,1.0,1.0
1.75,3.35,1.0,1.0,1.0
1.8,3.35,1.0,1.0,1.0
1.85,3.35,1.0,1.0,1.0
1.9,3.35,1.0,1.0,1.0
1.95,3.35,1.0,1.0,1.0
2.0,3.35,1.0,1.0,1.0
2.05,3.35,1.0,1.0,1.0
2.1,3.35,1.0,1.0,1.0
2.15,3.35,1.0,1.0,1.0
2.2,3.35,1.0,1.0,1.0
2.25,3.35,1.0,1.0,1.0
2.3,3.35,1.0,1.0,1.0
2.35,3.35,1.0,1.0,1.0
2.4,3.35,1.0,1.0,1.0
2.45,3.35,1.0,1.0,1.0
2.5,3.35,1.0,1.0,1.0
2.55,3.35,1.0,1.0,1.0
2.6,3.35,1.0,1.0,1.0
2.65,3.35,1.0,1.0,1.0
2.7,3.35,1.0,1.0,1.0
2.75,3.35,1.0,1.0,1.0
2.8,3.35,1.0,1.0,1.0
2.85,3.35,1.0,1.0,1.0
2.9,3.35,1.0,1.0,1.0
2.95,3.35,1.0,1.0,1.0
3.0,3.35,1.0,1.0,1.0
3.05,3.35,1.0,1.0,1.0
3.1,3.35,1.0,1.0,1.0
3.15,3.35,1.0,1.0,1.0
3.2,3.35,1.0,1.0,1.0
3.25,3.35,1.0,1.0,1.0
3.3,3.35,1.0,1.0,1.0
3.35,3.35,1.0,1.0,1.0
3.4,3.35,1.0,1.0,1.0
3.45,3.35,1.0,1.0,1.0
3.5,3.35,1.0,1.0,1.0
3.55,3.35,1.0,1.0,1.0
3.6,3.35,1.0,1.0,1.0
3.65,3.35,1.0,1.0,1.0
3.7,3.35,1.0,1.0,1.0
3.75,3.35,1.0,1.0,1.0
3.8,3.35,1.0,1.0,1.0
3.85,3.35,1.0,1.0,1.0
3.9,3.35,1.0,1.0,1.0
3.95,3.35,1.0,1.0,1.0
4.0,3.35,1.0,1.0,1.0
-4.0,3.4,0.0,1e-04,0.9655
-3.95,3.4,0.0,0.0,0.9648
-3.9,3.4,0.0,0.0,0.9654
-3.85,3.4,0.0,0.0,0.966
-3.8,3.4,0.0,0.0,0.9668
-3.75,3.4,0.0,0.0,0.9679
-3.7,3.4,0.0,0.0,0.9689
-3.65,3.4,0.0,0.0,0.97
-3.6,3.4,0.0,0.0,0.971
-3.55,3.4,0.0,0.0,0.972
-3.5,3.4,0.0,0.0,0.973
-3.45,3.4,0.0,0.0,0.9745
-3.4,3.4,0.0,0.0,0.976
-3.35,3.4,0.0,0.0,0.9773
-3.3,3.4,0.0,0.0,0.9801
-3.25,3.4,0.0,0.0,0.9832
-3.2,3.4,0.0,0.0,0.9863
-3.15,3.4,0.0,0.0,0.989
-3.1,3.4,0.0,0.0,0.9911
-3.05,3.4,0.0,0.0,0.9928
-3.0,3.4,0.0,0.0,0.9942
-2.95,3.4,1e-04,0.0,0.9954
-2.9,3.4,0.0007,1e-04,0.9963
-2.85,3.4,0.0114,0.0003,0.997
-2.8,3.4,0.3305,0.0008,0.9977
-2.75,3.4,0.9877,0.0032,0.9982
-2.7,3.4,0.9999,0.0179,0.9986
-2.65,3.4,1.0,0.1399,0.999
-2.6,3.4,1.0,0.7517,0.9992
-2.55,3.4,1.0,0.9875,0.9994
-2.5,3.4,1.0,0.9996,0.9996
-2.45,3.4,1.0,1.0,0.9997
-2.4,3.4,1.0,1.0,0.9998
-2.35,3.4,1.0,1.0,0.9998
-2.3,3.4,1.0,1.0,0.9999
-2.25,3.4,1.0,1.0,0.9999
-2.2,3.4,1.0,1.0,1.0
-2.15,3.4,1.0,1.0,1.0
-2.1,3.4,1.0,1.0,1.0
-2.05,3.4,1.0,1.0,1.0
-2.0,3.4,1.0,1.0,1.0
-1.95,3.4,1.0,1.0,1.0
-1.9,3.4,1.0,1.0,1.0
-1.85,3.4,1.0,1.0,1.0
-1.8,3.4,1.0,1.0,1.0
-1.75,3.4,1.0,1.0,1.0
-1.7,3.4,1.0,1.0,1.0
-1.65,3.4,1.0,1.0,1.0
-1.6,3.4,1.0,1.0,1.0
-1.55,3.4,1.0,1.0,1.0
-1.5,3.4,1.0,1.0,1.0
-1.45,3.4,1.0,1.0,1.0
-1.4,3.4,1.0,1.0,1.0
-1.35,3.4,1.0,1.0,1.0
-1.3,3.4,1.0,1.0,1.0
-1.25,3.4,1.0,1.0,1.0
-1.2,3.4,1.0,1.0,1.0
-1.15,3.4,1.0,1.0,1.0
-1.1,3.4,1.0,1.0,1.0
-1.05,3.4,1.0,1.0,1.0
-1.0,3.4,1.0,1.0,1.0
-0.95,3.4,1.0,1.0,1.0
-0.9,3.4,1.0,1.0,1.0
-0.85,3.4,1.0,1.0,1.0
-0.8,3.4,1.0,1.0,1.0
-0.75,3.4,1.0,1.0,1.0
-0.7,3.4,1.0,1.0,1.0
-0.65,3.4,1.0,1.0,1.0
-0.6,3.4,1.0,1.0,1.0
-0.55,3.4,1.0,1.0,1.0
-0.5,3.4,1.0,1.0,1.0
-0.45,3.4,1.0,1.0,1.0
-0.4,3.4,1.0,1.0,1.0
-0.35,3.4,1.0,1.0,1.0
-0.3,3.4,1.0,1.0,1.0
-0.25,3.4,1.0,1.0,1.0
-0.2,3.4,1.0,1.0,1.0
-0.15,3.4,1.0,1.0,1.0
-0.1,3.4,1.0,1.0,1.0
-0.05,3.4,1.0,1.0,1.0
0.0,3.4,1.0,1.0,1.0
0.05,3.4,1.0,1.0,1.0
0.1,3.4,1.0,1.0,1.0
0.15,3.4,1.0,1.0,1.0
0.2,3.4,1.0,1.0,1.0
0.25,3.4,1.0,1.0,1.0
0.3,3.4,1.0,1.0,1.0
0.35,3.4,1.0,1.0,1.0
0.4,3.4,1.0,1.0,1.0
0.45,3.4,1.0,1.0,1.0
0.5,3.4,1.0,1.0,1.0
0.55,3.4,1.0,1.0,1.0
0.6,3.4,1.0,1.0,1.0
0.65,3.4,1.0,1.0,1.0
0.7,3.4,1.0,1.0,1.0
0.75,3.4,1.0,1.0,1.0
0.8,3.4,1.0,1.0,1.0
0.85,3.4,1.0,1.0,1.0
0.9,3.4,1.0,1.0,1.0
0.95,3.4,1.0,1.0,1.0
1.0,3.4,1.0,1.0,1.0
1.05,3.4,1.0,1.0,1.0
1.1,3.4,1.0,1.0,1.0
1.15,3.4,1.0,1.0,1.0
1.2,3.4,1.0,1.0,1.0
1.25,3.4,1.0,1.0,1.0
1.3,3.4,1.0,1.0,1.0
1.35,3.4,1.0,1.0,1.0
1.4,3.4,1.0,1.0,1.0
1.45,3.4,1.0,1.0,1.0
1.5,3.4,1.0,1.0,1.0
1.55,3.4,1.0,1.0,1.0
1.6,3.4,1.0,1.0,1.0
1.65,3.4,1.0,1.0,1.0
1.7,3.4,1.0,1.0,1.0
1.75,3.4,1.0,1.0,1.0
1.8,3.4,1.0,1.0,1.0
1.85,3.4,1.0,1.0,1.0
1.9,3.4,1.0,1.0,1.0
1.95,3.4,1.0,1.0,1.0
2.0,3.4,1.0,1.0,1.0
2.05,3.4,1.0,1.0,1.0
2.1,3.4,1.0,1.0,1.0
2.15,3.4,1.0,1.0,1.0
2.2,3.4,1.0,1.0,1.0
2.25,3.4,1.0,1.0,1.0
2.3,3.4,1.0,1.0,1.0
2.35,3.4,1.0,1.0,1.0
2.4,3.4,1.0,1.0,1.0
2.45,3.4,1.0,1.0,1.0
2.5,3.4,1.0,1.0,1.0
2.55,3.4,1.0,1.0,1.0
2.6,3.4,1.0,1.0,1.0
2.65,3.4,1.0,1.0,1.0
2.7,3.4,1.0,1.0,1.0
2.75,3.4,1.0,1.0,1.0
2.8,3.4,1.0,1.0,1.0
2.85,3.4,1.0,1.0,1.0
2.9,3.4,1.0,1.0,1.0
2.95,3.4,1.0,1.0,1.0
3.0,3.4,1.0,1.0,1.0
3.05,3.4,1.0,1.0,1.0
3.1,3.4,1.0,1.0,1.0
3.15,3.4,1.0,1.0,1.0
3.2,3.4,1.0,1.0,1.0
3.25,3.4,1.0,1.0,1.0
3.3,3.4,1.0,1.0,1.0
3.35,3.4,1.0,1.0,1.0
3.4,3.4,1.0,1.0,1.0
3.45,3.4,1.0,1.0,1.0
3.5,3.4,1.0,1.0,1.0
3.55,3.4,1.0,1.0,1.0
3.6,3.4,1.0,1.0,1.0
3.65,3.4,1.0,1.0,1.0
3.7,3.4,1.0,1.0,1.0
3.75,3.4,1.0,1.0,1.0
3.8,3.4,1.0,1.0,1.0
3.85,3.4,1.0,1.0,1.0
3.9,3.4,1.0,1.0,1.0
3.95,3.4,1.0,1.0,1.0
4.0,3.4,1.0,1.0,1.0
-4.0,3.45,0.0,0.0,0.9697
-3.95,3.45,0.0,0.0,0.9703
-3.9,3.45,0.0,0.0,0.9709
-3.85,3.45,0.0,0.0,0.9717
-3.8,3.45,0.0,0.0,0.9726
-3.75,3.45,0.0,0.0,0.9734
-3.7,3.45,0.0,0.0,0.9743
-3.65,3.45,0.0,0.0,0.9752
-3.6,3.45,0.0,0.0,0.9761
-3.55,3.45,0.0,0.0,0.9769
-3.5,3.45,0.0,0.0,0.9781
-3.45,3.45,0.0,0.0,0.9794
-3.4,3.45,0.0,0.0,0.9807
-3.35,3.45,0.0,0.0,0.9837
-3.3,3.45,0.0,0.0,0.9862
-3.25,3.45,0.0,0.0,0.9885
-3.2,3.45,0.0,0.0,0.9908
-3.15,3.45,0.0,0.0,0.9926
-3.1,3.45,0.0,0.0,0.994
-3.05,3.45,0.0,0.0,0.9952
-3.0,3.45,1e-04,0.0,0.9962
-2.95,3.45,0.0008,1e-04,0.9969
-2.9,3.45,0.0143,0.0003,0.9975
-2.85,3.45,0.3986,0.0007,0.9981
-2.8,3.45,0.991,0.0026,0.9985
-2.75,3.45,0.9999,0.0136,0.9989
-2.7,3.45,1.0,0.0985,0.9991
-2.65,3.45,1.0,0.6364,0.9994
-2.6,3.45,1.0,0.9781,0.9995
-2.55,3.45,1.0,0.9991,0.9997
-2.5,3.45,1.0,1.0,0.9998
-2.45,3.45,1.0,1.0,0.9998
-2.4,3.45,1.0,1.0,0.9999
-2.35,3.45,1.0,1.0,0.9999
-2.3,3.45,1.0,1.0,0.9999
-2.25,3.45,1.0,1.0,1.0
-2.2,3.45,1.0,1.0,1.0
-2.15,3.45,1.0,1.0,1.0
-2.1,3.45,1.0,1.0,1.0
-2.05,3.45,1.0,1.0,1.0
-2.0,3.45,1.0,1.0,1.0
-1.95,3.45,1.0,1.0,1.0
-1.9,3.45,1.0,1.0,1.0
-1.85,3.45,1.0,1.0,1.0
-1.8,3.45,1.0,1.0,1.0
-1.75,3.45,1.0,1.0,1.0
-1.7,3.45,1.0,1.0,1.0
-1.65,3.45,1.0,1.0,1.0
-1.6,3.45,1.0,1.0,1.0
-1.55,3.45,1.0,1.0,1.0
-1.5,3.45,1.0,1.0,1.0
-1.45,3.45,1.0,1.0,1.0
-1.4,3.45,1.0,1.0,1.0
-1.35,3.45,1.0,1.0,1.0
-1.3,3.45,1.0,1.0,1.0
-1.25,3.45,1.0,1.0,1.0
-1.2,3.45,1.0,1.0,1.0
-1.15,3.45,1.0,1.0,1.0
-1.1,3.45,1.0,1.0,1.0
-1.05,3.45,1.0,1.0,1.0
-1.0,3.45,1.0,1.0,1.0
-0.95,3.45,1.0,1.0,1.0
-0.9,3.45,1.0,1.0,1.0
-0.85,3.45,1.0,1.0,1.0
-0.8,3.45,1.0,1.0,1.0
-0.75,3.45,1.0,1.0,1.0
-0.7,3.45,1.0,1.0,1.0
-0.65,3.45,1.0,1.0,1.0
-0.6,3.45,1.0,1.0,1.0
-0.55,3.45,1.0,1.0,1.0
-0.5,3.45,1.0,1.0,1.0
-0.45,3.45,1.0,1.0,1.0
-0.4,3.45,1.0,1.0,1.0
-0.35,3.45,1.0,1.0,1.0
-0.3,3.45,1.0,1.0,1.0
-0.25,3.45,1.0,1.0,1.0
-0.2,3.45,1.0,1.0,1.0
-0.15,3.45,1.0,1.0,1.0
-0.1,3.45,1.0,1.0,1.0
-0.05,3.45,1.0,1.0,1.0
0.0,3.45,1.0,1.0,1.0
0.05,3.45,1.0,1.0,1.0
0.1,3.45,1.0,1.0,1.0
0.15,3.45,1.0,1.0,1.0
0.2,3.45,1.0,1.0,1.0
0.25,3.45,1.0,1.0,1.0
0.3,3.45,1.0,1.0,1.0
0.35,3.45,1.0,1.0,1.0
0.4,3.45,1.0,1.0,1.0
0.45,3.45,1.0,1.0,1.0
0.5,3.45,1.0,1.0,1.0
0.55,3.45,1.0,1.0,1.0
0.6,3.45,1.0,1.0,1.0
0.65,3.45,1.0,1.0,1.0
0.7,3.45,1.0,1.0,1.0
0.75,3.45,1.0,1.0,1.0
0.8,3.45,1.0,1.0,1.0
0.85,3.45,1.0,1.0,1.0
0.9,3.45,1.0,1.0,1.0
0.95,3.45,1.0,1.0,1.0
1.0,3.45,1.0,1.0,1.0
1.05,3.45,1.0,1.0,1.0
1.1,3.45,1.0,1.0,1.0
1.15,3.45,1.0,1.0,1.0
1.2,3.45,1.0,1.0,1.0
1.25,3.45,1.0,1.0,1.0
1.3,3.45,1.0,1.0,1.0
1.35,3.45,1.0,1.0,1.0
1.4,3.45,1.0,1.0,1.0
1.45,3.45,1.0,1.0,1.0
1.5,3.45,1.0,1.0,1.0
1.55,3.45,1.0,1.0,1.0
1.6,3.45,1.0,1.0,1.0
1.65,3.45,1.0,1.0,1.0
1.7,3.45,1.0,1.0,1.0
1.75,3.45,1.0,1.0,1.0
1.8,3.45,1.0,1.0,1.0
1.85,3.45,1.0,1.0,1.0
1.9,3.45,1.0,1.0,1.0
1.95,3.45,1.0,1.0,1.0
2.0,3.45,1.0,1.0,1.0
2.05,3.45,1.0,1.0,1.0
2.1,3.45,1.0,1.0,1.0
2.15,3.45,1.0,1.0,1.0
2.2,3.45,1.0,1.0,1.0
2.25,3.45,1.0,1.0,1.0
2.3,3.45,1.0,1.0,1.0
2.35,3.45,1.0,1.0,1.0
2.4,3.45,1.0,1.0,1.0
2.45,3.45,1.0,1.0,1.0
2.5,3.45,1.0,1.0,1.0
2.55,3.45,1.0,1.0,1.0
2.6,3.45,1.0,1.0,1.0
2.65,3.45,1.0,1.0,1.0
2.7,3.45,1.0,1.0,1.0
2.75,3.45,1.0,1.0,1.0
2.8,3.45,1.0,1.0,1.0
2.85,3.45,1.0,1.0,1.0
2.9,3.45,1.0,1.0,1.0
2.95,3.45,1.0,1.0,1.0
3.0,3.45,1.0,1.0,1.0
3.05,3.45,1.0,1.0,1.0
3.1,3.45,1.0,1.0,1.0
3.15,3.45,1.0,1.0,1.0
3.2,3.45,1.0,1.0,1.0
3.25,3.45,1.0,1.0,1.0
3.3,3.45,1.0,1.0,1.0
3.35,3.45,1.0,1.0,1.0
3.4,3.45,1.0,1.0,1.0
3.45,3.45,1.0,1.0,1.0
3.5,3.45,1.0,1.0,1.0
3.55,3.45,1.0,1.0,1.0
3.6,3.45,1.0,1.0,1.0
3.65,3.45,1.0,1.0,1.0
3.7,3.45,1.0,1.0,1.0
3.75,3.45,1.0,1.0,1.0
3.8,3.45,1.0,1.0,1.0
3.85,3.45,1.0,1.0,1.0
3.9,3.45,1.0,1.0,1.0
3.95,3.45,1.0,1.0,1.0
4.0,3.45,1.0,1.0,1.0
-4.0,3.5,0.0,0.0,0.9746
-3.95,3.5,0.0,0.0,0.9752
-3.9,3.5,0.0,0.0,0.9758
-3.85,3.5,0.0,0.0,0.9766
-3.8,3.5,0.0,0.0,0.9774
-3.75,3.5,0.0,0.0,0.9781
-3.7,3.5,0.0,0.0,0.9789
-3.65,3.5,0.0,0.0,0.9796
-3.6,3.5,0.0,0.0,0.9803
-3.55,3.5,0.0,0.0,0.9813
-3.5,3.5,0.0,0.0,0.9823
-3.45,3.5,0.0,0.0,0.9842
-3.4,3.5,0.0,0.0,0.9866
-3.35,3.5,0.0,0.0,0.9887
-3.3,3.5,0.0,0.0,0.9905
-3.25,3.5,0.0,0.0,0.9923
-3.2,3.5,0.0,0.0,0.9938
-3.15,3.5,0.0,0.0,0.9951
-3.1,3.5,0.0,0.0,0.996
-3.05,3.5,1e-04,0.0,0.9968
-3.0,3.5,0.0009,1e-04,0.9975
-2.95,3.5,0.0179,0.0002,0.998
-2.9,3.5,0.4729,0.0006,0.9984
-2.85,3.5,0.9937,0.0021,0.9988
-2.8,3.5,1.0,0.0106,0.9991
-2.75,3.5,1.0,0.0728,0.9993
-2.7,3.5,1.0,0.5164,0.9995
-2.65,3.5,1.0,0.9619,0.9996
-2.6,3.5,1.0,0.9985,0.9997
-2.55,3.5,1.0,1.0,0.9998
-2.5,3.5,1.0,1.0,0.9999
-2.45,3.5,1.0,1.0,0.9999
-2.4,3.5,1.0,1.0,0.9999
-2.35,3.5,1.0,1.0,1.0
-2.3,3.5,1.0,1.0,1.0
-2.25,3.5,1.0,1.0,1.0
-2.2,3.5,1.0,1.0,1.0
-2.15,3.5,1.0,1.0,1.0
-2.1,3.5,1.0,1.0,1.0
-2.05,3.5,1.0,1.0,1.0
-2.0,3.5,1.0,1.0,1.0
-1.95,3.5,1.0,1.0,1.0
-1.9,3.5,1.0,1.0,1.0
-1.85,3.5,1.0,1.0,1.0
-1.8,3.5,1.0,1.0,1.0
-1.75,3.5,1.0,1.0,1.0
-1.7,3.5,1.0,1.0,1.0
-1.65,3.5,1.0,1.0,1.0
-1.6,3.5,1.0,1.0,1.0
-1.55,3.5,1.0,1.0,1.0
-1.5,3.5,1.0,1.0,1.0
-1.45,3.5,1.0,1.0,1.0
-1.4,3.5,1.0,1.0,1.0
-1.35,3.5,1.0,1.0,1.0
-1.3,3.5,1.0,1.0,1.0
-1.25,3.5,1.0,1.0,1.0
-1.2,3.5,1.0,1.0,1.0
-1.15,3.5,1.0,1.0,1.0
-1.1,3.5,1.0,1.0,1.0
-1.05,3.5,1.0,1.0,1.0
-1.0,3.5,1.0,1.0,1.0
-0.95,3.5,1.0,1.0,1.0
-0.9,3.5,1.0,1.0,1.0
-0.85,3.5,1.0,1.0,1.0
-0.8,3.5,1.0,1.0,1.0
-0.75,3.5,1.0,1.0,1.0
-0.7,3.5,1.0,1.0,1.0
-0.65,3.5,1.0,1.0,1.0
-0.6,3.5,1.0,1.0,1.0
-0.55,3.5,1.0,1.0,1.0
-0.5,3.5,1.0,1.0,1.0
-0.45,3.5,1.0,1.0,1.0
-0.4,3.5,1.0,1.0,1.0
-0.35,3.5,1.0,1.0,1.0
-0.3,3.5,1.0,1.0,1.0
-0.25,3.5,1.0,1.0,1.0
-0.2,3.5,1.0,1.0,1.0
-0.15,3.5,1.0,1.0,1.0
-0.1,3.5,1.0,1.0,1.0
-0.05,3.5,1.0,1.0,1.0
0.0,3.5,1.0,1.0,1.0
0.05,3.5,1.0,1.0,1.0
0.1,3.5,1.0,1.0,1.0
0.15,3.5,1.0,1.0,1.0
0.2,3.5,1.0,1.0,1.0
0.25,3.5,1.0,1.0,1.0
0.3,3.5,1.0,1.0,1.0
0.35,3.5,1.0,1.0,1.0
0.4,3.5,1.0,1.0,1.0
0.45,3.5,1.0,1.0,1.0
0.5,3.5,1.0,1.0,1.0
0.55,3.5,1.0,1.0,1.0
0.6,3.5,1.0,1.0,1.0
0.65,3.5,1.0,1.0,1.0
0.7,3.5,1.0,1.0,1.0
0.75,3.5,1.0,1.0,1.0
0.8,3.5,1.0,1.0,1.0
0.85,3.5,1.0,1.0,1.0
0.9,3.5,1.0,1.0,1.0
0.95,3.5,1.0,1.0,1.0
1.0,3.5,1.0,1.0,1.0
1.05,3.5,1.0,1.0,1.0
1.1,3.5,1.0,1.0,1.0
1.15,3.5,1.0,1.0,1.0
1.2,3.5,1.0,1.0,1.0
1.25,3.5,1.0,1.0,1.0
1.3,3.5,1.0,1.0,1.0
1.35,3.5,1.0,1.0,1.0
1.4,3.5,1.0,1.0,1.0
1.45,3.5,1.0,1.0,1.0
1.5,3.5,1.0,1.0,1.0
1.55,3.5,1.0,1.0,1.0
1.6,3.5,1.0,1.0,1.0
1.65,3.5,1.0,1.0,1.0
1.7,3.5,1.0,1.0,1.0
1.75,3.5,1.0,1.0,1.0
1.8,3.5,1.0,1.0,1.0
1.85,3.5,1.0,1.0,1.0
1.9,3.5,1.0,1.0,1.0
1.95,3.5,1.0,1.0,1.0
2.0,3.5,1.0,1.0,1.0
2.05,3.5,1.0,1.0,1.0
2.1,3.5,1.0,1.0,1.0
2.15,3.5,1.0,1.0,1.0
2.2,3.5,1.0,1.0,1.0
2.25,3.5,1.0,1.0,1.0
2.3,3.5,1.0,1.0,1.0
2.35,3.5,1.0,1.0,1.0
2.4,3.5,1.0,1.0,1.0
2.45,3.5,1.0,1.0,1.0
2.5,3.5,1.0,1.0,1.0
2.55,3.5,1.0,1.0,1.0
2.6,3.5,1.0,1.0,1.0
2.65,3.5,1.0,1.0,1.0
2.7,3.5,1.0,1.0,1.0
2.75,3.5,1.0,1.0,1.0
2.8,3.5,1.0,1.0,1.0
2.85,3.5,1.0,1.0,1.0
2.9,3.5,1.0,1.0,1.0
2.95,3.5,1.0,1.0,1.0
3.0,3.5,1.0,1.0,1.0
3.05,3.5,1.0,1.0,1.0
3.1,3.5,1.0,1.0,1.0
3.15,3.5,1.0,1.0,1.0
3.2,3.5,1.0,1.0,1.0
3.25,3.5,1.0,1.0,1.0
3.3,3.5,1.0,1.0,1.0
3.35,3.5,1.0,1.0,1.0
3.4,3.5,1.0,1.0,1.0
3.45,3.5,1.0,1.0,1.0
3.5,3.5,1.0,1.0,1.0
3.55,3.5,1.0,1.0,1.0
3.6,3.5,1.0,1.0,1.0
3.65,3.5,1.0,1.0,1.0
3.7,3.5,1.0,1.0,1.0
3.75,3.5,1.0,1.0,1.0
3.8,3.5,1.0,1.0,1.0
3.85,3.5,1.0,1.0,1.0
3.9,3.5,1.0,1.0,1.0
3.95,3.5,1.0,1.0,1.0
4.0,3.5,1.0,1.0,1.0
-4.0,3.55,0.0,0.0,0.9789
-3.95,3.55,0.0,0.0,0.9794
-3.9,3.55,0.0,0.0,0.9801
-3.85,3.55,0.0,0.0,0.9808
-3.8,3.55,0.0,0.0,0.9813
-3.75,3.55,0.0,0.0,0.982
-3.7,3.55,0.0,0.0,0.9826
-3.65,3.55,0.0,0.0,0.9832
-3.6,3.55,0.0,0.0,0.9839
-3.55,3.55,0.0,0.0,0.9848
-3.5,3.55,0.0,0.0,0.987
-3.45,3.55,0.0,0.0,0.989
-3.4,3.55,0.0,0.0,0.9907
-3.35,3.55,0.0,0.0,0.9922
-3.3,3.55,0.0,0.0,0.9936
-3.25,3.55,0.0,0.0,0.9949
-3.2,3.55,0.0,0.0,0.9959
-3.15,3.55,0.0,0.0,0.9967
-3.1,3.55,1e-04,0.0,0.9974
-3.05,3.55,0.001,1e-04,0.9979
-3.0,3.55,0.0226,0.0002,0.9983
-2.95,3.55,0.5541,0.0005,0.9987
-2.9,3.55,0.9955,0.0017,0.999
-2.85,3.55,1.0,0.0085,0.9992
-2.8,3.55,1.0,0.0562,0.9994
-2.75,3.55,1.0,0.3946,0.9996
-2.7,3.55,1.0,0.9345,0.9997
-2.65,3.55,1.0,0.9974,0.9998
-2.6,3.55,1.0,0.9999,0.9998
-2.55,3.55,1.0,1.0,0.9999
-2.5,3.55,1.0,1.0,0.9999
-2.45,3.55,1.0,1.0,0.9999
-2.4,3.55,1.0,1.0,1.0
-2.35,3.55,1.0,1.0,1.0
-2.3,3.55,1.0,1.0,1.0
-2.25,3.55,1.0,1.0,1.0
-2.2,3.55,1.0,1.0,1.0
-2.15,3.55,1.0,1.0,1.0
-2.1,3.55,1.0,1.0,1.0
-2.05,3.55,1.0,1.0,1.0
-2.0,3.55,1.0,1.0,1.0
-1.95,3.55,1.0,1.0,1.0
-1.9,3.55,1.0,1.0,1.0
-1.85,3.55,1.0,1.0,1.0
-1.8,3.55,1.0,1.0,1.0
-1.75,3.55,1.0,1.0,1.0
-1.7,3.55,1.0,1.0,1.0
-1.65,3.55,1.0,1.0,1.0
-1.6,3.55,1.0,1.0,1.0
-1.55,3.55,1.0,1.0,1.0
-1.5,3.55,1.0,1.0,1.0
-1.45,3.55,1.0,1.0,1.0
-1.4,3.55,1.0,1.0,1.0
-1.35,3.55,1.0,1.0,1.0
-1.3,3.55,1.0,1.0,1.0
-1.25,3.55,1.0,1.0,1.0
-1.2,3.55,1.0,1.0,1.0
-1.15,3.55,1.0,1.0,1.0
-1.1,3.55,1.0,1.0,1.0
-1.05,3.55,1.0,1.0,1.0
-1.0,3.55,1.0,1.0,1.0
-0.95,3.55,1.0,1.0,1.0
-0.9,3.55,1.0,1.0,1.0
-0.85,3.55,1.0,1.0,1.0
-0.8,3.55,1.0,1.0,1.0
-0.75,3.55,1.0,1.0,1.0
-0.7,3.55,1.0,1.0,1.0
-0.65,3.55,1.0,1.0,1.0
-0.6,3.55,1.0,1.0,1.0
-0.55,3.55,1.0,1.0,1.0
-0.5,3.55,1.0,1.0,1.0
-0.45,3.55,1.0,1.0,1.0
-0.4,3.55,1.0,1.0,1.0
-0.35,3.55,1.0,1.0,1.0
-0.3,3.55,1.0,1.0,1.0
-0.25,3.55,1.0,1.0,1.0
-0.2,3.55,1.0,1.0,1.0
-0.15,3.55,1.0,1.0,1.0
-0.1,3.55,1.0,1.0,1.0
-0.05,3.55,1.0,1.0,1.0
0.0,3.55,1.0,1.0,1.0
0.05,3.55,1.0,1.0,1.0
0.1,3.55,1.0,1.0,1.0
0.15,3.55,1.0,1.0,1.0
0.2,3.55,1.0,1.0,1.0
0.25,3.55,1.0,1.0,1.0
0.3,3.55,1.0,1.0,1.0
0.35,3.55,1.0,1.0,1.0
0.4,3.55,1.0,1.0,1.0
0.45,3.55,1.0,1.0,1.0
0.5,3.55,1.0,1.0,1.0
0.55,3.55,1.0,1.0,1.0
0.6,3.55,1.0,1.0,1.0
0.65,3.55,1.0,1.0,1.0
0.7,3.55,1.0,1.0,1.0
0.75,3.55,1.0,1.0,1.0
0.8,3.55,1.0,1.0,1.0
0.85,3.55,1.0,1.0,1.0
0.9,3.55,1.0,1.0,1.0
0.95,3.55,1.0,1.0,1.0
1.0,3.55,1.0,1.0,1.0
1.05,3.55,1.0,1.0,1.0
1.1,3.55,1.0,1.0,1.0
1.15,3.55,1.0,1.0,1.0
1.2,3.55,1.0,1.0,1.0
1.25,3.55,1.0,1.0,1.0
1.3,3.55,1.0,1.0,1.0
1.35,3.55,1.0,1.0,1.0
1.4,3.55,1.0,1.0,1.0
1.45,3.55,1.0,1.0,1.0
1.5,3.55,1.0,1.0,1.0
1.55,3.55,1.0,1.0,1.0
1.6,3.55,1.0,1.0,1.0
1.65,3.55,1.0,1.0,1.0
1.7,3.55,1.0,1.0,1.0
1.75,3.55,1.0,1.0,1.0
1.8,3.55,1.0,1.0,1.0
1.85,3.55,1.0,1.0,1.0
1.9,3.55,1.0,1.0,1.0
1.95,3.55,1.0,1.0,1.0
2.0,3.55,1.0,1.0,1.0
2.05,3.55,1.0,1.0,1.0
2.1,3.55,1.0,1.0,1.0
2.15,3.55,1.0,1.0,1.0
2.2,3.55,1.0,1.0,1.0
2.25,3.55,1.0,1.0,1.0
2.3,3.55,1.0,1.0,1.0
2.35,3.55,1.0,1.0,1.0
2.4,3.55,1.0,1.0,1.0
2.45,3.55,1.0,1.0,1.0
2.5,3.55,1.0,1.0,1.0
2.55,3.55,1.0,1.0,1.0
2.6,3.55,1.0,1.0,1.0
2.65,3.55,1.0,1.0,1.0
2.7,3.55,1.0,1.0,1.0
2.75,3.55,1.0,1.0,1.0
2.8,3.55,1.0,1.0,1.0
2.85,3.55,1.0,1.0,1.0
2.9,3.55,1.0,1.0,1.0
2.95,3.55,1.0,1.0,1.0
3.0,3.55,1.0,1.0,1.0
3.05,3.55,1.0,1.0,1.0
3.1,3.55,1.0,1.0,1.0
3.15,3.55,1.0,1.0,1.0
3.2,3.55,1.0,1.0,1.0
3.25,3.55,1.0,1.0,1.0
3.3,3.55,1.0,1.0,1.0
3.35,3.55,1.0,1.0,1.0
3.4,3.55,1.0,1.0,1.0
3.45,3.55,1.0,1.0,1.0
3.5,3.55,1.0,1.0,1.0
3.55,3.55,1.0,1.0,1.0
3.6,3.55,1.0,1.0,1.0
3.65,3.55,1.0,1.0,1.0
3.7,3.55,1.0,1.0,1.0
3.75,3.55,1.0,1.0,1.0
3.8,3.55,1.0,1.0,1.0
3.85,3.55,1.0,1.0,1.0
3.9,3.55,1.0,1.0,1.0
3.95,3.55,1.0,1.0,1.0
4.0,3.55,1.0,1.0,1.0
-4.0,3.6,0.0,0.0,0.9825
-3.95,3.6,0.0,0.0,0.983
-3.9,3.6,0.0,0.0,0.9836
-3.85,3.6,0.0,0.0,0.9841
-3.8,3.6,0.0,0.0,0.9846
-3.75,3.6,0.0,0.0,0.9852
-3.7,3.6,0.0,0.0,0.9857
-3.65,3.6,0.0,0.0,0.9862
-3.6,3.6,0.0,0.0,0.9874
-3.55,3.6,0.0,0.0,0.9894
-3.5,3.6,0.0,0.0,0.991
-3.45,3.6,0.0,0.0,0.9924
-3.4,3.6,0.0,0.0,0.9936
-3.35,3.6,0.0,0.0,0.9947
-3.3,3.6,0.0,0.0,0.9958
-3.25,3.6,0.0,0.0,0.9966
-3.2,3.6,0.0,0.0,0.9973
-3.15,3.6,1e-04,0.0,0.9978
-3.1,3.6,0.0012,1e-04,0.9983
-3.05,3.6,0.0287,0.0002,0.9986
-3.0,3.6,0.6324,0.0005,0.9989
-2.95,3.6,0.9968,0.0013,0.9992
-2.9,3.6,1.0,0.0068,0.9993
-2.85,3.6,1.0,0.0431,0.9995
-2.8,3.6,1.0,0.2884,0.9996
-2.75,3.6,1.0,0.8895,0.9997
-2.7,3.6,1.0,0.9956,0.9998
-2.65,3.6,1.0,0.9999,0.9999
-2.6,3.6,1.0,1.0,0.9999
-2.55,3.6,1.0,1.0,0.9999
-2.5,3.6,1.0,1.0,1.0
-2.45,3.6,1.0,1.0,1.0
-2.4,3.6,1.0,1.0,1.0
-2.35,3.6,1.0,1.0,1.0
-2.3,3.6,1.0,1.0,1.0
-2.25,3.6,1.0,1.0,1.0
-2.2,3.6,1.0,1.0,1.0
-2.15,3.6,1.0,1.0,1.0
-2.1,3.6,1.0,1.0,1.0
-2.05,3.6,1.0,1.0,1.0
-2.0,3.6,1.0,1.0,1.0
-1.95,3.6,1.0,1.0,1.0
-1.9,3.6,1.0,1.0,1.0
-1.85,3.6,1.0,1.0,1.0
-1.8,3.6,1.0,1.0,1.0
-1.75,3.6,1.0,1.0,1.0
-1.7,3.6,1.0,1.0,1.0
-1.65,3.6,1.0,1.0,1.0
-1.6,3.6,1.0,1.0,1.0
-1.55,3.6,1.0,1.0,1.0
-1.5,3.6,1.0,1.0,1.0
-1.45,3.6,1.0,1.0,1.0
-1.4,3.6,1.0,1.0,1.0
-1.35,3.6,1.0,1.0,1.0
-1.3,3.6,1.0,1.0,1.0
-1.25,3.6,1.0,1.0,1.0
-1.2,3.6,1.0,1.0,1.0
-1.15,3.6,1.0,1.0,1.0
-1.1,3.6,1.0,1.0,1.0
-1.05,3.6,1.0,1.0,1.0
-1.0,3.6,1.0,1.0,1.0
-0.95,3.6,1.0,1.0,1.0
-0.9,3.6,1.0,1.0,1.0
-0.85,3.6,1.0,1.0,1.0
-0.8,3.6,1.0,1.0,1.0
-0.75,3.6,1.0,1.0,1.0
-0.7,3.6,1.0,1.0,1.0
-0.65,3.6,1.0,1.0,1.0
-0.6,3.6,1.0,1.0,1.0
-0.55,3.6,1.0,1.0,1.0
-0.5,3.6,1.0,1.0,1.0
-0.45,3.6,1.0,1.0,1.0
-0.4,3.6,1.0,1.0,1.0
-0.35,3.6,1.0,1.0,1.0
-0.3,3.6,1.0,1.0,1.0
-0.25,3.6,1.0,1.0,1.0
-0.2,3.6,1.0,1.0,1.0
-0.15,3.6,1.0,1.0,1.0
-0.1,3.6,1.0,1.0,1.0
-0.05,3.6,1.0,1.0,1.0
0.0,3.6,1.0,1.0,1.0
0.05,3.6,1.0,1.0,1.0
0.1,3.6,1.0,1.0,1.0
0.15,3.6,1.0,1.0,1.0
0.2,3.6,1.0,1.0,1.0
0.25,3.6,1.0,1.0,1.0
0.3,3.6,1.0,1.0,1.0
0.35,3.6,1.0,1.0,1.0
0.4,3.6,1.0,1.0,1.0
0.45,3.6,1.0,1.0,1.0
0.5,3.6,1.0,1.0,1.0
0.55,3.6,1.0,1.0,1.0
0.6,3.6,1.0,1.0,1.0
0.65,3.6,1.0,1.0,1.0
0.7,3.6,1.0,1.0,1.0
0.75,3.6,1.0,1.0,1.0
0.8,3.6,1.0,1.0,1.0
0.85,3.6,1.0,1.0,1.0
0.9,3.6,1.0,1.0,1.0
0.95,3.6,1.0,1.0,1.0
1.0,3.6,1.0,1.0,1.0
1.05,3.6,1.0,1.0,1.0
1.1,3.6,1.0,1.0,1.0
1.15,3.6,1.0,1.0,1.0
1.2,3.6,1.0,1.0,1.0
1.25,3.6,1.0,1.0,1.0
1.3,3.6,1.0,1.0,1.0
1.35,3.6,1.0,1.0,1.0
1.4,3.6,1.0,1.0,1.0
1.45,3.6,1.0,1.0,1.0
1.5,3.6,1.0,1.0,1.0
1.55,3.6,1.0,1.0,1.0
1.6,3.6,1.0,1.0,1.0
1.65,3.6,1.0,1.0,1.0
1.7,3.6,1.0,1.0,1.0
1.75,3.6,1.0,1.0,1.0
1.8,3.6,1.0,1.0,1.0
1.85,3.6,1.0,1.0,1.0
1.9,3.6,1.0,1.0,1.0
1.95,3.6,1.0,1.0,1.0
2.0,3.6,1.0,1.0,1.0
2.05,3.6,1.0,1.0,1.0
2.1,3.6,1.0,1.0,1.0
2.15,3.6,1.0,1.0,1.0
2.2,3.6,1.0,1.0,1.0
2.25,3.6,1.0,1.0,1.0
2.3,3.6,1.0,1.0,1.0
2.35,3.6,1.0,1.0,1.0
2.4,3.6,1.0,1.0,1.0
2.45,3.6,1.0,1.0,1.0
2.5,3.6,1.0,1.0,1.0
2.55,3.6,1.0,1.0,1.0
2.6,3.6,1.0,1.0,1.0
2.65,3.6,1.0,1.0,1.0
2.7,3.6,1.0,1.0,1.0
2.75,3.6,1.0,1.0,1.0
2.8,3.6,1.0,1.0,1.0
2.85,3.6,1.0,1.0,1.0
2.9,3.6,1.0,1.0,1.0
2.95,3.6,1.0,1.0,1.0
3.0,3.6,1.0,1.0,1.0
3.05,3.6,1.0,1.0,1.0
3.1,3.6,1.0,1.0,1.0
3.15,3.6,1.0,1.0,1.0
3.2,3.6,1.0,1.0,1.0
3.25,3.6,1.0,1.0,1.0
3.3,3.6,1.0,1.0,1.0
3.35,3.6,1.0,1.0,1.0
3.4,3.6,1.0,1.0,1.0
3.45,3.6,1.0,1.0,1.0
3.5,3.6,1.0,1.0,1.0
3.55,3.6,1.0,1.0,1.0
3.6,3.6,1.0,1.0,1.0
3.65,3.6,1.0,1.0,1.0
3.7,3.6,1.0,1.0,1.0
3.75,3.6,1.0,1.0,1.0
3.8,3.6,1.0,1.0,1.0
3.85,3.6,1.0,1.0,1.0
3.9,3.6,1.0,1.0,1.0
3.95,3.6,1.0,1.0,1.0
4.0,3.6,1.0,1.0,1.0
-4.0,3.65,0.0,0.0,0.9856
-3.95,3.65,0.0,0.0,0.986
-3.9,3.65,0.0,0.0,0.9865
-3.85,3.65,0.0,0.0,0.9869
-3.8,3.65,0.0,0.0,0.9874
-3.75,3.65,0.0,0.0,0.9878
-3.7,3.65,0.0,0.0,0.9882
-3.65,3.65,0.0,0.0,0.9897
-3.6,3.65,0.0,0.0,0.9913
-3.55,3.65,0.0,0.0,0.9927
-3.5,3.65,0.0,0.0,0.9938
-3.45,3.65,0.0,0.0,0.9948
-3.4,3.65,0.0,0.0,0.9956
-3.35,3.65,0.0,0.0,0.9965
-3.3,3.65,0.0,0.0,0.9972
-3.25,3.65,0.0,0.0,0.9978
-3.2,3.65,1e-04,0.0,0.9982
-3.15,3.65,0.0013,1e-04,0.9986
-3.1,3.65,0.0357,0.0002,0.9989
-3.05,3.65,0.7044,0.0004,0.9991
-3.0,3.65,0.9978,0.0011,0.9993
-2.95,3.65,1.0,0.0054,0.9995
-2.9,3.65,1.0,0.033,0.9996
-2.85,3.65,1.0,0.2144,0.9997
-2.8,3.65,1.0,0.8257,0.9998
-2.75,3.65,1.0,0.9926,0.9998
-2.7,3.65,1.0,0.9997,0.9999
-2.65,3.65,1.0,1.0,0.9999
-2.6,3.65,1.0,1.0,0.9999
-2.55,3.65,1.0,1.0,1.0
-2.5,3.65,1.0,1.0,1.0
-2.45,3.65,1.0,1.0,1.0
-2.4,3.65,1.0,1.0,1.0
-2.35,3.65,1.0,1.0,1.0
-2.3,3.65,1.0,1.0,1.0
-2.25,3.65,1.0,1.0,1.0
-2.2,3.65,1.0,1.0,1.0
-2.15,3.65,1.0,1.0,1.0
-2.1,3.65,1.0,1.0,1.0
-2.05,3.65,1.0,1.0,1.0
-2.0,3.65,1.0,1.0,1.0
-1.95,3.65,1.0,1.0,1.0
-1.9,3.65,1.0,1.0,1.0
-1.85,3.65,1.0,1.0,1.0
-1.8,3.65,1.0,1.0,1.0
-1.75,3.65,1.0,1.0,1.0
-1.7,3.65,1.0,1.0,1.0
-1.65,3.65,1.0,1.0,1.0
-1.6,3.65,1.0,1.0,1.0
-1.55,3.65,1.0,1.0,1.0
-1.5,3.65,1.0,1.0,1.0
-1.45,3.65,1.0,1.0,1.0
-1.4,3.65,1.0,1.0,1.0
-1.35,3.65,1.0,1.0,1.0
-1.3,3.65,1.0,1.0,1.0
-1.25,3.65,1.0,1.0,1.0
-1.2,3.65,1.0,1.0,1.0
-1.15,3.65,1.0,1.0,1.0
-1.1,3.65,1.0,1.0,1.0
-1.05,3.65,1.0,1.0,1.0
-1.0,3.65,1.0,1.0,1.0
-0.95,3.65,1.0,1.0,1.0
-0.9,3.65,1.0,1.0,1.0
-0.85,3.65,1.0,1.0,1.0
-0.8,3.65,1.0,1.0,1.0
-0.75,3.65,1.0,1.0,1.0
-0.7,3.65,1.0,1.0,1.0
-0.65,3.65,1.0,1.0,1.0
-0.6,3.65,1.0,1.0,1.0
-0.55,3.65,1.0,1.0,1.0
-0.5,3.65,1.0,1.0,1.0
-0.45,3.65,1.0,1.0,1.0
-0.4,3.65,1.0,1.0,1.0
-0.35,3.65,1.0,1.0,1.0
-0.3,3.65,1.0,1.0,1.0
-0.25,3.65,1.0,1.0,1.0
-0.2,3.65,1.0,1.0,1.0
-0.15,3.65,1.0,1.0,1.0
-0.1,3.65,1.0,1.0,1.0
-0.05,3.65,1.0,1.0,1.0
0.0,3.65,1.0,1.0,1.0
0.05,3.65,1.0,1.0,1.0
0.1,3.65,1.0,1.0,1.0
0.15,3.65,1.0,1.0,1.0
0.2,3.65,1.0,1.0,1.0
0.25,3.65,1.0,1.0,1.0
0.3,3.65,1.0,1.0,1.0
0.35,3.65,1.0,1.0,1.0
0.4,3.65,1.0,1.0,1.0
0.45,3.65,1.0,1.0,1.0
0.5,3.65,1.0,1.0,1.0
0.55,3.65,1.0,1.0,1.0
0.6,3.65,1.0,1.0,1.0
0.65,3.65,1.0,1.0,1.0
0.7,3.65,1.0,1.0,1.0
0.75,3.65,1.0,1.0,1.0
0.8,3.65,1.0,1.0,1.0
0.85,3.65,1.0,1.0,1.0
0.9,3.65,1.0,1.0,1.0
0.95,3.65,1.0,1.0,1.0
1.0,3.65,1.0,1.0,1.0
1.05,3.65,1.0,1.0,1.0
1.1,3.65,1.0,1.0,1.0
1.15,3.65,1.0,1.0,1.0
1.2,3.65,1.0,1.0,1.0
1.25,3.65,1.0,1.0,1.0
1.3,3.65,1.0,1.0,1.0
1.35,3.65,1.0,1.0,1.0
1.4,3.65,1.0,1.0,1.0
1.45,3.65,1.0,1.0,1.0
1.5,3.65,1.0,1.0,1.0
1.55,3.65,1.0,1.0,1.0
1.6,3.65,1.0,1.0,1.0
1.65,3.65,1.0,1.0,1.0
1.7,3.65,1.0,1.0,1.0
1.75,3.65,1.0,1.0,1.0
1.8,3.65,1.0,1.0,1.0
1.85,3.65,1.0,1.0,1.0
1.9,3.65,1.0,1.0,1.0
1.95,3.65,1.0,1.0,1.0
2.0,3.65,1.0,1.0,1.0
2.05,3.65,1.0,1.0,1.0
2.1,3.65,1.0,1.0,1.0
2.15,3.65,1.0,1.0,1.0
2.2,3.65,1.0,1.0,1.0
2.25,3.65,1.0,1.0,1.0
2.3,3.65,1.0,1.0,1.0
2.35,3.65,1.0,1.0,1.0
2.4,3.65,1.0,1.0,1.0
2.45,3.65,1.0,1.0,1.0
2.5,3.65,1.0,1.0,1.0
2.55,3.65,1.0,1.0,1.0
2.6,3.65,1.0,1.0,1.0
2.65,3.65,1.0,1.0,1.0
2.7,3.65,1.0,1.0,1.0
2.75,3.65,1.0,1.0,1.0
2.8,3.65,1.0,1.0,1.0
2.85,3.65,1.0,1.0,1.0
2.9,3.65,1.0,1.0,1.0
2.95,3.65,1.0,1.0,1.0
3.0,3.65,1.0,1.0,1.0
3.05,3.65,1.0,1.0,1.0
3.1,3.65,1.0,1.0,1.0
3.15,3.65,1.0,1.0,1.0
3.2,3.65,1.0,1.0,1.0
3.25,3.65,1.0,1.0,1.0
3.3,3.65,1.0,1.0,1.0
3.35,3.65,1.0,1.0,1.0
3.4,3.65,1.0,1.0,1.0
3.45,3.65,1.0,1.0,1.0
3.5,3.65,1.0,1.0,1.0
3.55,3.65,1.0,1.0,1.0
3.6,3.65,1.0,1.0,1.0
3.65,3.65,1.0,1.0,1.0
3.7,3.65,1.0,1.0,1.0
3.75,3.65,1.0,1.0,1.0
3.8,3.65,1.0,1.0,1.0
3.85,3.65,1.0,1.0,1.0
3.9,3.65,1.0,1.0,1.0
3.95,3.65,1.0,1.0,1.0
4.0,3.65,1.0,1.0,1.0
-4.0,3.7,0.0,0.0,0.9881
-3.95,3.7,0.0,0.0,0.9885
-3.9,3.7,0.0,0.0,0.9889
-3.85,3.7,0.0,0.0,0.9893
-3.8,3.7,0.0,0.0,0.9896
-3.75,3.7,0.0,0.0,0.9901
-3.7,3.7,0.0,0.0,0.9915
-3.65,3.7,0.0,0.0,0.9929
-3.6,3.7,0.0,0.0,0.994
-3.55,3.7,0.0,0.0,0.995
-3.5,3.7,0.0,0.0,0.9958
-3.45,3.7,0.0,0.0,0.9964
-3.4,3.7,0.0,0.0,0.9971
-3.35,3.7,0.0,0.0,0.9977
-3.3,3.7,0.0,0.0,0.9981
-3.25,3.7,1e-04,0.0,0.9985
-3.2,3.7,0.0015,1e-04,0.9988
-3.15,3.7,0.0438,1e-04,0.9991
-3.1,3.7,0.7674,0.0003,0.9993
-3.05,3.7,0.9984,0.0009,0.9994
-3.0,3.7,1.0,0.0044,0.9996
-2.95,3.7,1.0,0.0252,0.9997
-2.9,3.7,1.0,0.1636,0.9997
-2.85,3.7,1.0,0.7368,0.9998
-2.8,3.7,1.0,0.9875,0.9999
-2.75,3.7,1.0,0.9996,0.9999
-2.7,3.7,1.0,1.0,0.9999
-2.65,3.7,1.0,1.0,0.9999
-2.6,3.7,1.0,1.0,1.0
-2.55,3.7,1.0,1.0,1.0
-2.5,3.7,1.0,1.0,1.0
-2.45,3.7,1.0,1.0,1.0
-2.4,3.7,1.0,1.0,1.0
-2.35,3.7,1.0,1.0,1.0
-2.3,3.7,1.0,1.0,1.0
-2.25,3.7,1.0,1.0,1.0
-2.2,3.7,1.0,1.0,1.0
-2.15,3.7,1.0,1.0,1.0
-2.1,3.7,1.0,1.0,1.0
-2.05,3.7,1.0,1.0,1.0
-2.0,3.7,1.0,1.0,1.0
-1.95,3.7,1.0,1.0,1.0
-1.9,3.7,1.0,1.0,1.0
-1.85,3.7,1.0,1.0,1.0
-1.8,3.7,1.0,1.0,1.0
-1.75,3.7,1.0,1.0,1.0
-1.7,3.7,1.0,1.0,1.0
-1.65,3.7,1.0,1.0,1.0
-1.6,3.7,1.0,1.0,1.0
-1.55,3.7,1.0,1.0,1.0
-1.5,3.7,1.0,1.0,1.0
-1.45,3.7,1.0,1.0,1.0
-1.4,3.7,1.0,1.0,1.0
-1.35,3.7,1.0,1.0,1.0
-1.3,3.7,1.0,1.0,1.0
-1.25,3.7,1.0,1.0,1.0
-1.2,3.7,1.0,1.0,1.0
-1.15,3.7,1.0,1.0,1.0
-1.1,3.7,1.0,1.0,1.0
-1.05,3.7,1.0,1.0,1.0
-1.0,3.7,1.0,1.0,1.0
-0.95,3.7,1.0,1.0,1.0
-0.9,3.7,1.0,1.0,1.0
-0.85,3.7,1.0,1.0,1.0
-0.8,3.7,1.0,1.0,1.0
-0.75,3.7,1.0,1.0,1.0
-0.7,3.7,1.0,1.0,1.0
-0.65,3.7,1.0,1.0,1.0
-0.6,3.7,1.0,1.0,1.0
-0.55,3.7,1.0,1.0,1.0
-0.5,3.7,1.0,1.0,1.0
-0.45,3.7,1.0,1.0,1.0
-0.4,3.7,1.0,1.0,1.0
-0.35,3.7,1.0,1.0,1.0
-0.3,3.7,1.0,1.0,1.0
-0.25,3.7,1.0,1.0,1.0
-0.2,3.7,1.0,1.0,1.0
-0.15,3.7,1.0,1.0,1.0
-0.1,3.7,1.0,1.0,1.0
-0.05,3.7,1.0,1.0,1.0
0.0,3.7,1.0,1.0,1.0
0.05,3.7,1.0,1.0,1.0
0.1,3.7,1.0,1.0,1.0
0.15,3.7,1.0,1.0,1.0
0.2,3.7,1.0,1.0,1.0
0.25,3.7,1.0,1.0,1.0
0.3,3.7,1.0,1.0,1.0
0.35,3.7,1.0,1.0,1.0
0.4,3.7,1.0,1.0,1.0
0.45,3.7,1.0,1.0,1.0
0.5,3.7,1.0,1.0,1.0
0.55,3.7,1.0,1.0,1.0
0.6,3.7,1.0,1.0,1.0
0.65,3.7,1.0,1.0,1.0
0.7,3.7,1.0,1.0,1.0
0.75,3.7,1.0,1.0,1.0
0.8,3.7,1.0,1.0,1.0
0.85,3.7,1.0,1.0,1.0
0.9,3.7,1.0,1.0,1.0
0.95,3.7,1.0,1.0,1.0
1.0,3.7,1.0,1.0,1.0
1.05,3.7,1.0,1.0,1.0
1.1,3.7,1.0,1.0,1.0
1.15,3.7,1.0,1.0,1.0
1.2,3.7,1.0,1.0,1.0
1.25,3.7,1.0,1.0,1.0
1.3,3.7,1.0,1.0,1.0
1.35,3.7,1.0,1.0,1.0
1.4,3.7,1.0,1.0,1.0
1.45,3.7,1.0,1.0,1.0
1.5,3.7,1.0,1.0,1.0
1.55,3.7,1.0,1.0,1.0
1.6,3.7,1.0,1.0,1.0
1.65,3.7,1.0,1.0,1.0
1.7,3.7,1.0,1.0,1.0
1.75,3.7,1.0,1.0,1.0
1.8,3.7,1.0,1.0,1.0
1.85,3.7,1.0,1.0,1.0
1.9,3.7,1.0,1.0,1.0
1.95,3.7,1.0,1.0,1.0
2.0,3.7,1.0,1.0,1.0
2.05,3.7,1.0,1.0,1.0
2.1,3.7,1.0,1.0,1.0
2.15,3.7,1.0,1.0,1.0
2.2,3.7,1.0,1.0,1.0
2.25,3.7,1.0,1.0,1.0
2.3,3.7,1.0,1.0,1.0
2.35,3.7,1.0,1.0,1.0
2.4,3.7,1.0,1.0,1.0
2.45,3.7,1.0,1.0,1.0
2.5,3.7,1.0,1.0,1.0
2.55,3.7,1.0,1.0,1.0
2.6,3.7,1.0,1.0,1.0
2.65,3.7,1.0,1.0,1.0
2.7,3.7,1.0,1.0,1.0
2.75,3.7,1.0,1.0,1.0
2.8,3.7,1.0,1.0,1.0
2.85,3.7,1.0,1.0,1.0
2.9,3.7,1.0,1.0,1.0
2.95,3.7,1.0,1.0,1.0
3.0,3.7,1.0,1.0,1.0
3.05,3.7,1.0,1.0,1.0
3.1,3.7,1.0,1.0,1.0
3.15,3.7,1.0,1.0,1.0
3.2,3.7,1.0,1.0,1.0
3.25,3.7,1.0,1.0,1.0
3.3,3.7,1.0,1.0,1.0
3.35,3.7,1.0,1.0,1.0
3.4,3.7,1.0,1.0,1.0
3.45,3.7,1.0,1.0,1.0
3.5,3.7,1.0,1.0,1.0
3.55,3.7,1.0,1.0,1.0
3.6,3.7,1.0,1.0,1.0
3.65,3.7,1.0,1.0,1.0
3.7,3.7,1.0,1.0,1.0
3.75,3.7,1.0,1.0,1.0
3.8,3.7,1.0,1.0,1.0
3.85,3.7,1.0,1.0,1.0
3.9,3.7,1.0,1.0,1.0
3.95,3.7,1.0,1.0,1.0
4.0,3.7,1.0,1.0,1.0
-4.0,3.75,0.0,0.0,0.9902
-3.95,3.75,0.0,0.0,0.9905
-3.9,3.75,0.0,0.0,0.9909
-3.85,3.75,0.0,0.0,0.9912
-3.8,3.75,0.0,0.0,0.9919
-3.75,3.75,0.0,0.0,0.9931
-3.7,3.75,0.0,0.0,0.9942
-3.65,3.75,0.0,0.0,0.9951
-3.6,3.75,0.0,0.0,0.9959
-3.55,3.75,0.0,0.0,0.9965
-3.5,3.75,0.0,0.0,0.9971
-3.45,3.75,0.0,0.0,0.9976
-3.4,3.75,0.0,0.0,0.9981
-3.35,3.75,0.0,0.0,0.9985
-3.3,3.75,0.0002,0.0,0.9988
-3.25,3.75,0.0017,0.0,0.999
-3.2,3.75,0.0538,1e-04,0.9992
-3.15,3.75,0.8205,0.0003,0.9994
-3.1,3.75,0.9989,0.0008,0.9995
-3.05,3.75,1.0,0.0035,0.9996
-3.0,3.75,1.0,0.0193,0.9997
-2.95,3.75,1.0,0.133,0.9998
-2.9,3.75,1.0,0.6393,0.9998
-2.85,3.75,1.0,0.979,0.9999
-2.8,3.75,1.0,0.9992,0.9999
-2.75,3.75,1.0,1.0,0.9999
-2.7,3.75,1.0,1.0,1.0
-2.65,3.75,1.0,1.0,1.0
-2.6,3.75,1.0,1.0,1.0
-2.55,3.75,1.0,1.0,1.0
-2.5,3.75,1.0,1.0,1.0
-2.45,3.75,1.0,1.0,1.0
-2.4,3.75,1.0,1.0,1.0
-2.35,3.75,1.0,1.0,1.0
-2.3,3.75,1.0,1.0,1.0
-2.25,3.75,1.0,1.0,1.0
-2.2,3.75,1.0,1.0,1.0
-2.15,3.75,1.0,1.0,1.0
-2.1,3.75,1.0,1.0,1.0
-2.05,3.75,1.0,1.0,1.0
-2.0,3.75,1.0,1.0,1.0
-1.95,3.75,1.0,1.0,1.0
-1.9,3.75,1.0,1.0,1.0
-1.85,3.75,1.0,1.0,1.0
-1.8,3.75,1.0,1.0,1.0
-1.75,3.75,1.0,1.0,1.0
-1.7,3.75,1.0,1.0,1.0
-1.65,3.75,1.0,1.0,1.0
-1.6,3.75,1.0,1.0,1.0
-1.55,3.75,1.0,1.0,1.0
-1.5,3.75,1.0,1.0,1.0
-1.45,3.75,1.0,1.0,1.0
-1.4,3.75,1.0,1.0,1.0
-1.35,3.75,1.0,1.0,1.0
-1.3,3.75,1.0,1.0,1.0
-1.25,3.75,1.0,1.0,1.0
-1.2,3.75,1.0,1.0,1.0
-1.15,3.75,1.0,1.0,1.0
-1.1,3.75,1.0,1.0,1.0
-1.05,3.75,1.0,1.0,1.0
-1.0,3.75,1.0,1.0,1.0
-0.95,3.75,1.0,1.0,1.0
-0.9,3.75,1.0,1.0,1.0
-0.85,3.75,1.0,1.0,1.0
-0.8,3.75,1.0,1.0,1.0
-0.75,3.75,1.0,1.0,1.0
-0.7,3.75,1.0,1.0,1.0
-0.65,3.75,1.0,1.0,1.0
-0.6,3.75,1.0,1.0,1.0
-0.55,3.75,1.0,1.0,1.0
-0.5,3.75,1.0,1.0,1.0
-0.45,3.75,1.0,1.0,1.0
-0.4,3.75,1.0,1.0,1.0
-0.35,3.75,1.0,1.0,1.0
-0.3,3.75,1.0,1.0,1.0
-0.25,3.75,1.0,1.0,1.0
-0.2,3.75,1.0,1.0,1.0
-0.15,3.75,1.0,1.0,1.0
-0.1,3.75,1.0,1.0,1.0
-0.05,3.75,1.0,1.0,1.0
0.0,3.75,1.0,1.0,1.0
0.05,3.75,1.0,1.0,1.0
0.1,3.75,1.0,1.0,1.0
0.15,3.75,1.0,1.0,1.0
0.2,3.75,1.0,1.0,1.0
0.25,3.75,1.0,1.0,1.0
0.3,3.75,1.0,1.0,1.0
0.35,3.75,1.0,1.0,1.0
0.4,3.75,1.0,1.0,1.0
0.45,3.75,1.0,1.0,1.0
0.5,3.75,1.0,1.0,1.0
0.55,3.75,1.0,1.0,1.0
0.6,3.75,1.0,1.0,1.0
0.65,3.75,1.0,1.0,1.0
0.7,3.75,1.0,1.0,1.0
0.75,3.75,1.0,1.0,1.0
0.8,3.75,1.0,1.0,1.0
0.85,3.75,1.0,1.0,1.0
0.9,3.75,1.0,1.0,1.0
0.95,3.75,1.0,1.0,1.0
1.0,3.75,1.0,1.0,1.0
1.05,3.75,1.0,1.0,1.0
1.1,3.75,1.0,1.0,1.0
1.15,3.75,1.0,1.0,1.0
1.2,3.75,1.0,1.0,1.0
1.25,3.75,1.0,1.0,1.0
1.3,3.75,1.0,1.0,1.0
1.35,3.75,1.0,1.0,1.0
1.4,3.75,1.0,1.0,1.0
1.45,3.75,1.0,1.0,1.0
1.5,3.75,1.0,1.0,1.0
1.55,3.75,1.0,1.0,1.0
1.6,3.75,1.0,1.0,1.0
1.65,3.75,1.0,1.0,1.0
1.7,3.75,1.0,1.0,1.0
1.75,3.75,1.0,1.0,1.0
1.8,3.75,1.0,1.0,1.0
1.85,3.75,1.0,1.0,1.0
1.9,3.75,1.0,1.0,1.0
1.95,3.75,1.0,1.0,1.0
2.0,3.75,1.0,1.0,1.0
2.05,3.75,1.0,1.0,1.0
2.1,3.75,1.0,1.0,1.0
2.15,3.75,1.0,1.0,1.0
2.2,3.75,1.0,1.0,1.0
2.25,3.75,1.0,1.0,1.0
2.3,3.75,1.0,1.0,1.0
2.35,3.75,1.0,1.0,1.0
2.4,3.75,1.0,1.0,1.0
2.45,3.75,1.0,1.0,1.0
2.5,3.75,1.0,1.0,1.0
2.55,3.75,1.0,1.0,1.0
2.6,3.75,1.0,1.0,1.0
2.65,3.75,1.0,1.0,1.0
2.7,3.75,1.0,1.0,1.0
2.75,3.75,1.0,1.0,1.0
2.8,3.75,1.0,1.0,1.0
2.85,3.75,1.0,1.0,1.0
2.9,3.75,1.0,1.0,1.0
2.95,3.75,1.0,1.0,1.0
3.0,3.75,1.0,1.0,1.0
3.05,3.75,1.0,1.0,1.0
3.1,3.75,1.0,1.0,1.0
3.15,3.75,1.0,1.0,1.0
3.2,3.75,1.0,1.0,1.0
3.25,3.75,1.0,1.0,1.0
3.3,3.75,1.0,1.0,1.0
3.35,3.75,1.0,1.0,1.0
3.4,3.75,1.0,1.0,1.0
3.45,3.75,1.0,1.0,1.0
3.5,3.75,1.0,1.0,1.0
3.55,3.75,1.0,1.0,1.0
3.6,3.75,1.0,1.0,1.0
3.65,3.75,1.0,1.0,1.0
3.7,3.75,1.0,1.0,1.0
3.75,3.75,1.0,1.0,1.0
3.8,3.75,1.0,1.0,1.0
3.85,3.75,1.0,1.0,1.0
3.9,3.75,1.0,1.0,1.0
3.95,3.75,1.0,1.0,1.0
4.0,3.75,1.0,1.0,1.0
-4.0,3.8,0.0,0.0,0.9919
-3.95,3.8,0.0,0.0,0.9922
-3.9,3.8,0.0,0.0,0.9925
-3.85,3.8,0.0,0.0,0.9935
-3.8,3.8,0.0,0.0,0.9944
-3.75,3.8,0.0,0.0,0.9953
-3.7,3.8,0.0,0.0,0.996
-3.65,3.8,0.0,0.0,0.9967
-3.6,3.8,0.0,0.0,0.9972
-3.55,3.8,0.0,0.0,0.9976
-3.5,3.8,0.0,0.0,0.998
-3.45,3.8,0.0,0.0,0.9984
-3.4,3.8,0.0,0.0,0.9987
-3.35,3.8,0.0002,0.0,0.999
-3.3,3.8,0.0019,0.0,0.9992
-3.25,3.8,0.0658,1e-04,0.9994
-3.2,3.8,0.8635,0.0003,0.9995
-3.15,3.8,0.9992,0.0007,0.9996
-3.1,3.8,1.0,0.0028,0.9997
-3.05,3.8,1.0,0.015,0.9998
-3.0,3.8,1.0,0.1074,0.9998
-2.95,3.8,1.0,0.5367,0.9999
-2.9,3.8,1.0,0.965,0.9999
-2.85,3.8,1.0,0.9988,0.9999
-2.8,3.8,1.0,1.0,1.0
-2.75,3.8,1.0,1.0,1.0
-2.7,3.8,1.0,1.0,1.0
-2.65,3.8,1.0,1.0,1.0
-2.6,3.8,1.0,1.0,1.0
-2.55,3.8,1.0,1.0,1.0
-2.5,3.8,1.0,1.0,1.0
-2.45,3.8,1.0,1.0,1.0
-2.4,3.8,1.0,1.0,1.0
-2.35,3.8,1.0,1.0,1.0
-2.3,3.8,1.0,1.0,1.0
-2.25,3.8,1.0,1.0,1.0
-2.2,3.8,1.0,1.0,1.0
-2.15,3.8,1.0,1.0,1.0
-2.1,3.8,1.0,1.0,1.0
-2.05,3.8,1.0,1.0,1.0
-2.0,3.8,1.0,1.0,1.0
-1.95,3.8,1.0,1.0,1.0
-1.9,3.8,1.0,1.0,1.0
-1.85,3.8,1.0,1.0,1.0
-1.8,3.8,1.0,1.0,1.0
-1.75,3.8,1.0,1.0,1.0
-1.7,3.8,1.0,1.0,1.0
-1.65,3.8,1.0,1.0,1.0
-1.6,3.8,1.0,1.0,1.0
-1.55,3.8,1.0,1.0,1.0
-1.5,3.8,1.0,1.0,1.0
-1.45,3.8,1.0,1.0,1.0
-1.4,3.8,1.0,1.0,1.0
-1.35,3.8,1.0,1.0,1.0
-1.3,3.8,1.0,1.0,1.0
-1.25,3.8,1.0,1.0,1.0
-1.2,3.8,1.0,1.0,1.0
-1.15,3.8,1.0,1.0,1.0
-1.1,3.8,1.0,1.0,1.0
-1.05,3.8,1.0,1.0,1.0
-1.0,3.8,1.0,1.0,1.0
-0.95,3.8,1.0,1.0,1.0
-0.9,3.8,1.0,1.0,1.0
-0.85,3.8,1.0,1.0,1.0
-0.8,3.8,1.0,1.0,1.0
-0.75,3.8,1.0,1.0,1.0
-0.7,3.8,1.0,1.0,1.0
-0.65,3.8,1.0,1.0,1.0
-0.6,3.8,1.0,1.0,1.0
-0.55,3.8,1.0,1.0,1.0
-0.5,3.8,1.0,1.0,1.0
-0.45,3.8,1.0,1.0,1.0
-0.4,3.8,1.0,1.0,1.0
-0.35,3.8,1.0,1.0,1.0
-0.3,3.8,1.0,1.0,1.0
-0.25,3.8,1.0,1.0,1.0
-0.2,3.8,1.0,1.0,1.0
-0.15,3.8,1.0,1.0,1.0
-0.1,3.8,1.0,1.0,1.0
-0.05,3.8,1.0,1.0,1.0
0.0,3.8,1.0,1.0,1.0
0.05,3.8,1.0,1.0,1.0
0.1,3.8,1.0,1.0,1.0
0.15,3.8,1.0,1.0,1.0
0.2,3.8,1.0,1.0,1.0
0.25,3.8,1.0,1.0,1.0
0.3,3.8,1.0,1.0,1.0
0.35,3.8,1.0,1.0,1.0
0.4,3.8,1.0,1.0,1.0
0.45,3.8,1.0,1.0,1.0
0.5,3.8,1.0,1.0,1.0
0.55,3.8,1.0,1.0,1.0
0.6,3.8,1.0,1.0,1.0
0.65,3.8,1.0,1.0,1.0
0.7,3.8,1.0,1.0,1.0
0.75,3.8,1.0,1.0,1.0
0.8,3.8,1.0,1.0,1.0
0.85,3.8,1.0,1.0,1.0
0.9,3.8,1.0,1.0,1.0
0.95,3.8,1.0,1.0,1.0
1.0,3.8,1.0,1.0,1.0
1.05,3.8,1.0,1.0,1.0
1.1,3.8,1.0,1.0,1.0
1.15,3.8,1.0,1.0,1.0
1.2,3.8,1.0,1.0,1.0
1.25,3.8,1.0,1.0,1.0
1.3,3.8,1.0,1.0,1.0
1.35,3.8,1.0,1.0,1.0
1.4,3.8,1.0,1.0,1.0
1.45,3.8,1.0,1.0,1.0
1.5,3.8,1.0,1.0,1.0
1.55,3.8,1.0,1.0,1.0
1.6,3.8,1.0,1.0,1.0
1.65,3.8,1.0,1.0,1.0
1.7,3.8,1.0,1.0,1.0
1.75,3.8,1.0,1.0,1.0
1.8,3.8,1.0,1.0,1.0
1.85,3.8,1.0,1.0,1.0
1.9,3.8,1.0,1.0,1.0
1.95,3.8,1.0,1.0,1.0
2.0,3.8,1.0,1.0,1.0
2.05,3.8,1.0,1.0,1.0
2.1,3.8,1.0,1.0,1.0
2.15,3.8,1.0,1.0,1.0
2.2,3.8,1.0,1.0,1.0
2.25,3.8,1.0,1.0,1.0
2.3,3.8,1.0,1.0,1.0
2.35,3.8,1.0,1.0,1.0
2.4,3.8,1.0,1.0,1.0
2.45,3.8,1.0,1.0,1.0
2.5,3.8,1.0,1.0,1.0
2.55,3.8,1.0,1.0,1.0
2.6,3.8,1.0,1.0,1.0
2.65,3.8,1.0,1.0,1.0
2.7,3.8,1.0,1.0,1.0
2.75,3.8,1.0,1.0,1.0
2.8,3.8,1.0,1.0,1.0
2.85,3.8,1.0,1.0,1.0
2.9,3.8,1.0,1.0,1.0
2.95,3.8,1.0,1.0,1.0
3.0,3.8,1.0,1.0,1.0
3.05,3.8,1.0,1.0,1.0
3.1,3.8,1.0,1.0,1.0
3.15,3.8,1.0,1.0,1.0
3.2,3.8,1.0,1.0,1.0
3.25,3.8,1.0,1.0,1.0
3.3,3.8,1.0,1.0,1.0
3.35,3.8,1.0,1.0,1.0
3.4,3.8,1.0,1.0,1.0
3.45,3.8,1.0,1.0,1.0
3.5,3.8,1.0,1.0,1.0
3.55,3.8,1.0,1.0,1.0
3.6,3.8,1.0,1.0,1.0
3.65,3.8,1.0,1.0,1.0
3.7,3.8,1.0,1.0,1.0
3.75,3.8,1.0,1.0,1.0
3.8,3.8,1.0,1.0,1.0
3.85,3.8,1.0,1.0,1.0
3.9,3.8,1.0,1.0,1.0
3.95,3.8,1.0,1.0,1.0
4.0,3.8,1.0,1.0,1.0
-4.0,3.85,0.0,0.0,0.9934
-3.95,3.85,0.0,0.0,0.9938
-3.9,3.85,0.0,0.0,0.9947
-3.85,3.85,0.0,0.0,0.9954
-3.8,3.85,0.0,0.0,0.9961
-3.75,3.85,0.0,0.0,0.9968
-3.7,3.85,0.0,0.0,0.9973
-3.65,3.85,0.0,0.0,0.9977
-3.6,3.85,0.0,0.0,0.9981
-3.55,3.85,0.0,0.0,0.9984
-3.5,3.85,0.0,0.0,0.9987
-3.45,3.85,0.0,0.0,0.9989
-3.4,3.85,0.0002,0.0,0.9992
-3.35,3.85,0.0022,0.0,0.9993
-3.3,3.85,0.0803,1e-04,0.9995
-3.25,3.85,0.8976,0.0002,0.9996
-3.2,3.85,0.9995,0.0006,0.9997
-3.15,3.85,1.0,0.0022,0.9997
-3.1,3.85,1.0,0.0119,0.9998
-3.05,3.85,1.0,0.0863,0.9999
-3.0,3.85,1.0,0.4472,0.9999
-2.95,3.85,1.0,0.9423,0.9999
-2.9,3.85,1.0,0.998,0.9999
-2.85,3.85,1.0,1.0,1.0
-2.8,3.85,1.0,1.0,1.0
-2.75,3.85,1.0,1.0,1.0
-2.7,3.85,1.0,1.0,1.0
-2.65,3.85,1.0,1.0,1.0
-2.6,3.85,1.0,1.0,1.0
-2.55,3.85,1.0,1.0,1.0
-2.5,3.85,1.0,1.0,1.0
-2.45,3.85,1.0,1.0,1.0
-2.4,3.85,1.0,1.0,1.0
-2.35,3.85,1.0,1.0,1.0
-2.3,3.85,1.0,1.0,1.0
-2.25,3.85,1.0,1.0,1.0
-2.2,3.85,1.0,1.0,1.0
-2.15,3.85,1.0,1.0,1.0
-2.1,3.85,1.0,1.0,1.0
-2.05,3.85,1.0,1.0,1.0
-2.0,3.85,1.0,1.0,1.0
-1.95,3.85,1.0,1.0,1.0
-1.9,3.85,1.0,1.0,1.0
-1.85,3.85,1.0,1.0,1.0
-1.8,3.85,1.0,1.0,1.0
-1.75,3.85,1.0,1.0,1.0
-1.7,3.85,1.0,1.0,1.0
-1.65,3.85,1.0,1.0,1.0
-1.6,3.85,1.0,1.0,1.0
-1.55,3.85,1.0,1.0,1.0
-1.5,3.85,1.0,1.0,1.0
-1.45,3.85,1.0,1.0,1.0
-1.4,3.85,1.0,1.0,1.0
-1.35,3.85,1.0,1.0,1.0
-1.3,3.85,1.0,1.0,1.0
-1.25,3.85,1.0,1.0,1.0
-1.2,3.85,1.0,1.0,1.0
-1.15,3.85,1.0,1.0,1.0
-1.1,3.85,1.0,1.0,1.0
-1.05,3.85,1.0,1.0,1.0
-1.0,3.85,1.0,1.0,1.0
-0.95,3.85,1.0,1.0,1.0
-0.9,3.85,1.0,1.0,1.0
-0.85,3.85,1.0,1.0,1.0
-0.8,3.85,1.0,1.0,1.0
-0.75,3.85,1.0,1.0,1.0
-0.7,3.85,1.0,1.0,1.0
-0.65,3.85,1.0,1.0,1.0
-0.6,3.85,1.0,1.0,1.0
-0.55,3.85,1.0,1.0,1.0
-0.5,3.85,1.0,1.0,1.0
-0.45,3.85,1.0,1.0,1.0
-0.4,3.85,1.0,1.0,1.0
-0.35,3.85,1.0,1.0,1.0
-0.3,3.85,1.0,1.0,1.0
-0.25,3.85,1.0,1.0,1.0
-0.2,3.85,1.0,1.0,1.0
-0.15,3.85,1.0,1.0,1.0
-0.1,3.85,1.0,1.0,1.0
-0.05,3.85,1.0,1.0,1.0
0.0,3.85,1.0,1.0,1.0
0.05,3.85,1.0,1.0,1.0
0.1,3.85,1.0,1.0,1.0
0.15,3.85,1.0,1.0,1.0
0.2,3.85,1.0,1.0,1.0
0.25,3.85,1.0,1.0,1.0
0.3,3.85,1.0,1.0,1.0
0.35,3.85,1.0,1.0,1.0
0.4,3.85,1.0,1.0,1.0
0.45,3.85,1.0,1.0,1.0
0.5,3.85,1.0,1.0,1.0
0.55,3.85,1.0,1.0,1.0
0.6,3.85,1.0,1.0,1.0
0.65,3.85,1.0,1.0,1.0
0.7,3.85,1.0,1.0,1.0
0.75,3.85,1.0,1.0,1.0
0.8,3.85,1.0,1.0,1.0
0.85,3.85,1.0,1.0,1.0
0.9,3.85,1.0,1.0,1.0
0.95,3.85,1.0,1.0,1.0
1.0,3.85,1.0,1.0,1.0
1.05,3.85,1.0,1.0,1.0
1.1,3.85,1.0,1.0,1.0
1.15,3.85,1.0,1.0,1.0
1.2,3.85,1.0,1.0,1.0
1.25,3.85,1.0,1.0,1.0
1.3,3.85,1.0,1.0,1.0
1.35,3.85,1.0,1.0,1.0
1.4,3.85,1.0,1.0,1.0
1.45,3.85,1.0,1.0,1.0
1.5,3.85,1.0,1.0,1.0
1.55,3.85,1.0,1.0,1.0
1.6,3.85,1.0,1.0,1.0
1.65,3.85,1.0,1.0,1.0
1.7,3.85,1.0,1.0,1.0
1.75,3.85,1.0,1.0,1.0
1.8,3.85,1.0,1.0,1.0
1.85,3.85,1.0,1.0,1.0
1.9,3.85,1.0,1.0,1.0
1.95,3.85,1.0,1.0,1.0
2.0,3.85,1.0,1.0,1.0
2.05,3.85,1.0,1.0,1.0
2.1,3.85,1.0,1.0,1.0
2.15,3.85,1.0,1.0,1.0
2.2,3.85,1.0,1.0,1.0
2.25,3.85,1.0,1.0,1.0
2.3,3.85,1.0,1.0,1.0
2.35,3.85,1.0,1.0,1.0
2.4,3.85,1.0,1.0,1.0
2.45,3.85,1.0,1.0,1.0
2.5,3.85,1.0,1.0,1.0
2.55,3.85,1.0,1.0,1.0
2.6,3.85,1.0,1.0,1.0
2.65,3.85,1.0,1.0,1.0
2.7,3.85,1.0,1.0,1.0
2.75,3.85,1.0,1.0,1.0
2.8,3.85,1.0,1.0,1.0
2.85,3.85,1.0,1.0,1.0
2.9,3.85,1.0,1.0,1.0
2.95,3.85,1.0,1.0,1.0
3.0,3.85,1.0,1.0,1.0
3.05,3.85,1.0,1.0,1.0
3.1,3.85,1.0,1.0,1.0
3.15,3.85,1.0,1.0,1.0
3.2,3.85,1.0,1.0,1.0
3.25,3.85,1.0,1.0,1.0
3.3,3.85,1.0,1.0,1.0
3.35,3.85,1.0,1.0,1.0
3.4,3.85,1.0,1.0,1.0
3.45,3.85,1.0,1.0,1.0
3.5,3.85,1.0,1.0,1.0
3.55,3.85,1.0,1.0,1.0
3.6,3.85,1.0,1.0,1.0
3.65,3.85,1.0,1.0,1.0
3.7,3.85,1.0,1.0,1.0
3.75,3.85,1.0,1.0,1.0
3.8,3.85,1.0,1.0,1.0
3.85,3.85,1.0,1.0,1.0
3.9,3.85,1.0,1.0,1.0
3.95,3.85,1.0,1.0,1.0
4.0,3.85,1.0,1.0,1.0
-4.0,3.9,0.0,0.0,0.995
-3.95,3.9,0.0,0.0,0.9957
-3.9,3.9,0.0,0.0,0.9963
-3.85,3.9,0.0,0.0,0.9969
-3.8,3.9,0.0,0.0,0.9974
-3.75,3.9,0.0,0.0,0.9978
-3.7,3.9,0.0,0.0,0.9981
-3.65,3.9,0.0,0.0,0.9984
-3.6,3.9,0.0,0.0,0.9987
-3.55,3.9,0.0,0.0,0.9989
-3.5,3.9,0.0,0.0,0.9991
-3.45,3.9,0.0002,0.0,0.9993
-3.4,3.9,0.0025,0.0,0.9994
-3.35,3.9,0.0976,1e-04,0.9996
-3.3,3.9,0.9218,0.0002,0.9997
-3.25,3.9,0.9996,0.0005,0.9997
-3.2,3.9,1.0,0.0018,0.9998
-3.15,3.9,1.0,0.0098,0.9998
-3.1,3.9,1.0,0.069,0.9999
-3.05,3.9,1.0,0.3699,0.9999
-3.0,3.9,1.0,0.9062,0.9999
-2.95,3.9,1.0,0.9968,1.0
-2.9,3.9,1.0,0.9999,1.0
-2.85,3.9,1.0,1.0,1.0
-2.8,3.9,1.0,1.0,1.0
-2.75,3.9,1.0,1.0,1.0
-2.7,3.9,1.0,1.0,1.0
-2.65,3.9,1.0,1.0,1.0
-2.6,3.9,1.0,1.0,1.0
-2.55,3.9,1.0,1.0,1.0
-2.5,3.9,1.0,1.0,1.0
-2.45,3.9,1.0,1.0,1.0
-2.4,3.9,1.0,1.0,1.0
-2.35,3.9,1.0,1.0,1.0
-2.3,3.9,1.0,1.0,1.0
-2.25,3.9,1.0,1.0,1.0
-2.2,3.9,1.0,1.0,1.0
-2.15,3.9,1.0,1.0,1.0
-2.1,3.9,1.0,1.0,1.0
-2.05,3.9,1.0,1.0,1.0
-2.0,3.9,1.0,1.0,1.0
-1.95,3.9,1.0,1.0,1.0
-1.9,3.9,1.0,1.0,1.0
-1.85,3.9,1.0,1.0,1.0
-1.8,3.9,1.0,1.0,1.0
-1.75,3.9,1.0,1.0,1.0
-1.7,3.9,1.0,1.0,1.0
-1.65,3.9,1.0,1.0,1.0
-1.6,3.9,1.0,1.0,1.0
-1.55,3.9,1.0,1.0,1.0
-1.5,3.9,1.0,1.0,1.0
-1.45,3.9,1.0,1.0,1.0
-1.4,3.9,1.0,1.0,1.0
-1.35,3.9,1.0,1.0,1.0
-1.3,3.9,1.0,1.0,1.0
-1.25,3.9,1.0,1.0,1.0
-1.2,3.9,1.0,1.0,1.0
-1.15,3.9,1.0,1.0,1.0
-1.1,3.9,1.0,1.0,1.0
-1.05,3.9,1.0,1.0,1.0
-1.0,3.9,1.0,1.0,1.0
-0.95,3.9,1.0,1.0,1.0
-0.9,3.9,1.0,1.0,1.0
-0.85,3.9,1.0,1.0,1.0
-0.8,3.9,1.0,1.0,1.0
-0.75,3.9,1.0,1.0,1.0
-0.7,3.9,1.0,1.0,1.0
-0.65,3.9,1.0,1.0,1.0
-0.6,3.9,1.0,1.0,1.0
-0.55,3.9,1.0,1.0,1.0
-0.5,3.9,1.0,1.0,1.0
-0.45,3.9,1.0,1.0,1.0
-0.4,3.9,1.0,1.0,1.0
-0.35,3.9,1.0,1.0,1.0
-0.3,3.9,1.0,1.0,1.0
-0.25,3.9,1.0,1.0,1.0
-0.2,3.9,1.0,1.0,1.0
-0.15,3.9,1.0,1.0,1.0
-0.1,3.9,1.0,1.0,1.0
-0.05,3.9,1.0,1.0,1.0
0.0,3.9,1.0,1.0,1.0
0.05,3.9,1.0,1.0,1.0
0.1,3.9,1.0,1.0,1.0
0.15,3.9,1.0,1.0,1.0
0.2,3.9,1.0,1.0,1.0
0.25,3.9,1.0,1.0,1.0
0.3,3.9,1.0,1.0,1.0
0.35,3.9,1.0,1.0,1.0
0.4,3.9,1.0,1.0,1.0
0.45,3.9,1.0,1.0,1.0
0.5,3.9,1.0,1.0,1.0
0.55,3.9,1.0,1.0,1.0
0.6,3.9,1.0,1.0,1.0
0.65,3.9,1.0,1.0,1.0
0.7,3.9,1.0,1.0,1.0
0.75,3.9,1.0,1.0,1.0
0.8,3.9,1.0,1.0,1.0
0.85,3.9,1.0,1.0,1.0
0.9,3.9,1.0,1.0,1.0
0.95,3.9,1.0,1.0,1.0
1.0,3.9,1.0,1.0,1.0
1.05,3.9,1.0,1.0,1.0
1.1,3.9,1.0,1.0,1.0
1.15,3.9,1.0,1.0,1.0
1.2,3.9,1.0,1.0,1.0
1.25,3.9,1.0,1.0,1.0
1.3,3.9,1.0,1.0,1.0
1.35,3.9,1.0,1.0,1.0
1.4,3.9,1.0,1.0,1.0
1.45,3.9,1.0,1.0,1.0
1.5,3.9,1.0,1.0,1.0
1.55,3.9,1.0,1.0,1.0
1.6,3.9,1.0,1.0,1.0
1.65,3.9,1.0,1.0,1.0
1.7,3.9,1.0,1.0,1.0
1.75,3.9,1.0,1.0,1.0
1.8,3.9,1.0,1.0,1.0
1.85,3.9,1.0,1.0,1.0
1.9,3.9,1.0,1.0,1.0
1.95,3.9,1.0,1.0,1.0
2.0,3.9,1.0,1.0,1.0
2.05,3.9,1.0,1.0,1.0
2.1,3.9,1.0,1.0,1.0
2.15,3.9,1.0,1.0,1.0
2.2,3.9,1.0,1.0,1.0
2.25,3.9,1.0,1.0,1.0
2.3,3.9,1.0,1.0,1.0
2.35,3.9,1.0,1.0,1.0
2.4,3.9,1.0,1.0,1.0
2.45,3.9,1.0,1.0,1.0
2.5,3.9,1.0,1.0,1.0
2.55,3.9,1.0,1.0,1.0
2.6,3.9,1.0,1.0,1.0
2.65,3.9,1.0,1.0,1.0
2.7,3.9,1.0,1.0,1.0
2.75,3.9,1.0,1.0,1.0
2.8,3.9,1.0,1.0,1.0
2.85,3.9,1.0,1.0,1.0
2.9,3.9,1.0,1.0,1.0
2.95,3.9,1.0,1.0,1.0
3.0,3.9,1.0,1.0,1.0
3.05,3.9,1.0,1.0,1.0
3.1,3.9,1.0,1.0,1.0
3.15,3.9,1.0,1.0,1.0
3.2,3.9,1.0,1.0,1.0
3.25,3.9,1.0,1.0,1.0
3.3,3.9,1.0,1.0,1.0
3.35,3.9,1.0,1.0,1.0
3.4,3.9,1.0,1.0,1.0
3.45,3.9,1.0,1.0,1.0
3.5,3.9,1.0,1.0,1.0
3.55,3.9,1.0,1.0,1.0
3.6,3.9,1.0,1.0,1.0
3.65,3.9,1.0,1.0,1.0
3.7,3.9,1.0,1.0,1.0
3.75,3.9,1.0,1.0,1.0
3.8,3.9,1.0,1.0,1.0
3.85,3.9,1.0,1.0,1.0
3.9,3.9,1.0,1.0,1.0
3.95,3.9,1.0,1.0,1.0
4.0,3.9,1.0,1.0,1.0
-4.0,3.95,0.0,0.0,0.9965
-3.95,3.95,0.0,0.0,0.997
-3.9,3.95,0.0,0.0,0.9974
-3.85,3.95,0.0,0.0,0.9978
-3.8,3.95,0.0,0.0,0.9982
-3.75,3.95,0.0,0.0,0.9985
-3.7,3.95,0.0,0.0,0.9987
-3.65,3.95,0.0,0.0,0.9989
-3.6,3.95,0.0,0.0,0.9991
-3.55,3.95,0.0,0.0,0.9993
-3.5,3.95,0.0003,0.0,0.9994
-3.45,3.95,0.0029,0.0,0.9995
-3.4,3.95,0.1182,1e-04,0.9996
-3.35,3.95,0.9406,0.0002,0.9997
-3.3,3.95,0.9997,0.0005,0.9998
-3.25,3.95,1.0,0.0015,0.9998
-3.2,3.95,1.0,0.0081,0.9999
-3.15,3.95,1.0,0.055,0.9999
-3.1,3.95,1.0,0.3155,0.9999
-3.05,3.95,1.0,0.8512,0.9999
-3.0,3.95,1.0,0.9948,1.0
-2.95,3.95,1.0,0.9999,1.0
-2.9,3.95,1.0,1.0,1.0
-2.85,3.95,1.0,1.0,1.0
-2.8,3.95,1.0,1.0,1.0
-2.75,3.95,1.0,1.0,1.0
-2.7,3.95,1.0,1.0,1.0
-2.65,3.95,1.0,1.0,1.0
-2.6,3.95,1.0,1.0,1.0
-2.55,3.95,1.0,1.0,1.0
-2.5,3.95,1.0,1.0,1.0
-2.45,3.95,1.0,1.0,1.0
-2.4,3.95,1.0,1.0,1.0
-2.35,3.95,1.0,1.0,1.0
-2.3,3.95,1.0,1.0,1.0
-2.25,3.95,1.0,1.0,1.0
-2.2,3.95,1.0,1.0,1.0
-2.15,3.95,1.0,1.0,1.0
-2.1,3.95,1.0,1.0,1.0
-2.05,3.95,1.0,1.0,1.0
-2.0,3.95,1.0,1.0,1.0
-1.95,3.95,1.0,1.0,1.0
-1.9,3.95,1.0,1.0,1.0
-1.85,3.95,1.0,1.0,1.0
-1.8,3.95,1.0,1.0,1.0
-1.75,3.95,1.0,1.0,1.0
-1.7,3.95,1.0,1.0,1.0
-1.65,3.95,1.0,1.0,1.0
-1.6,3.95,1.0,1.0,1.0
-1.55,3.95,1.0,1.0,1.0
-1.5,3.95,1.0,1.0,1.0
-1.45,3.95,1.0,1.0,1.0
-1.4,3.95,1.0,1.0,1.0
-1.35,3.95,1.0,1.0,1.0
-1.3,3.95,1.0,1.0,1.0
-1.25,3.95,1.0,1.0,1.0
-1.2,3.95,1.0,1.0,1.0
-1.15,3.95,1.0,1.0,1.0
-1.1,3.95,1.0,1.0,1.0
-1.05,3.95,1.0,1.0,1.0
-1.0,3.95,1.0,1.0,1.0
-0.95,3.95,1.0,1.0,1.0
-0.9,3.95,1.0,1.0,1.0
-0.85,3.95,1.0,1.0,1.0
-0.8,3.95,1.0,1.0,1.0
-0.75,3.95,1.0,1.0,1.0
-0.7,3.95,1.0,1.0,1.0
-0.65,3.95,1.0,1.0,1.0
-0.6,3.95,1.0,1.0,1.0
-0.55,3.95,1.0,1.0,1.0
-0.5,3.95,1.0,1.0,1.0
-0.45,3.95,1.0,1.0,1.0
-0.4,3.95,1.0,1.0,1.0
-0.35,3.95,1.0,1.0,1.0
-0.3,3.95,1.0,1.0,1.0
-0.25,3.95,1.0,1.0,1.0
-0.2,3.95,1.0,1.0,1.0
-0.15,3.95,1.0,1.0,1.0
-0.1,3.95,1.0,1.0,1.0
-0.05,3.95,1.0,1.0,1.0
0.0,3.95,1.0,1.0,1.0
0.05,3.95,1.0,1.0,1.0
0.1,3.95,1.0,1.0,1.0
0.15,3.95,1.0,1.0,1.0
0.2,3.95,1.0,1.0,1.0
0.25,3.95,1.0,1.0,1.0
0.3,3.95,1.0,1.0,1.0
0.35,3.95,1.0,1.0,1.0
0.4,3.95,1.0,1.0,1.0
0.45,3.95,1.0,1.0,1.0
0.5,3.95,1.0,1.0,1.0
0.55,3.95,1.0,1.0,1.0
0.6,3.95,1.0,1.0,1.0
0.65,3.95,1.0,1.0,1.0
0.7,3.95,1.0,1.0,1.0
0.75,3.95,1.0,1.0,1.0
0.8,3.95,1.0,1.0,1.0
0.85,3.95,1.0,1.0,1.0
0.9,3.95,1.0,1.0,1.0
0.95,3.95,1.0,1.0,1.0
1.0,3.95,1.0,1.0,1.0
1.05,3.95,1.0,1.0,1.0
1.1,3.95,1.0,1.0,1.0
1.15,3.95,1.0,1.0,1.0
1.2,3.95,1.0,1.0,1.0
1.25,3.95,1.0,1.0,1.0
1.3,3.95,1.0,1.0,1.0
1.35,3.95,1.0,1.0,1.0
1.4,3.95,1.0,1.0,1.0
1.45,3.95,1.0,1.0,1.0
1.5,3.95,1.0,1.0,1.0
1.55,3.95,1.0,1.0,1.0
1.6,3.95,1.0,1.0,1.0
1.65,3.95,1.0,1.0,1.0
1.7,3.95,1.0,1.0,1.0
1.75,3.95,1.0,1.0,1.0
1.8,3.95,1.0,1.0,1.0
1.85,3.95,1.0,1.0,1.0
1.9,3.95,1.0,1.0,1.0
1.95,3.95,1.0,1.0,1.0
2.0,3.95,1.0,1.0,1.0
2.05,3.95,1.0,1.0,1.0
2.1,3.95,1.0,1.0,1.0
2.15,3.95,1.0,1.0,1.0
2.2,3.95,1.0,1.0,1.0
2.25,3.95,1.0,1.0,1.0
2.3,3.95,1.0,1.0,1.0
2.35,3.95,1.0,1.0,1.0
2.4,3.95,1.0,1.0,1.0
2.45,3.95,1.0,1.0,1.0
2.5,3.95,1.0,1.0,1.0
2.55,3.95,1.0,1.0,1.0
2.6,3.95,1.0,1.0,1.0
2.65,3.95,1.0,1.0,1.0
2.7,3.95,1.0,1.0,1.0
2.75,3.95,1.0,1.0,1.0
2.8,3.95,1.0,1.0,1.0
2.85,3.95,1.0,1.0,1.0
2.9,3.95,1.0,1.0,1.0
2.95,3.95,1.0,1.0,1.0
3.0,3.95,1.0,1.0,1.0
3.05,3.95,1.0,1.0,1.0
3.1,3.95,1.0,1.0,1.0
3.15,3.95,1.0,1.0,1.0
3.2,3.95,1.0,1.0,1.0
3.25,3.95,1.0,1.0,1.0
3.3,3.95,1.0,1.0,1.0
3.35,3.95,1.0,1.0,1.0
3.4,3.95,1.0,1.0,1.0
3.45,3.95,1.0,1.0,1.0
3.5,3.95,1.0,1.0,1.0
3.55,3.95,1.0,1.0,1.0
3.6,3.95,1.0,1.0,1.0
3.65,3.95,1.0,1.0,1.0
3.7,3.95,1.0,1.0,1.0
3.75,3.95,1.0,1.0,1.0
3.8,3.95,1.0,1.0,1.0
3.85,3.95,1.0,1.0,1.0
3.9,3.95,1.0,1.0,1.0
3.95,3.95,1.0,1.0,1.0
4.0,3.95,1.0,1.0,1.0
-4.0,4.0,0.0,0.0,0.9976
-3.95,4.0,0.0,0.0,0.9979
-3.9,4.0,0.0,0.0,0.9982
-3.85,4.0,0.0,0.0,0.9985
-3.8,4.0,0.0,0.0,0.9988
-3.75,4.0,0.0,0.0,0.999
-3.7,4.0,0.0,0.0,0.9991
-3.65,4.0,0.0,0.0,0.9993
-3.6,4.0,0.0,0.0,0.9994
-3.55,4.0,0.0003,0.0,0.9995
-3.5,4.0,0.0036,0.0,0.9996
-3.45,4.0,0.1425,1e-04,0.9997
-3.4,4.0,0.9551,0.0002,0.9998
-3.35,4.0,0.9998,0.0004,0.9998
-3.3,4.0,1.0,0.0012,0.9999
-3.25,4.0,1.0,0.0067,0.9999
-3.2,4.0,1.0,0.0437,0.9999
-3.15,4.0,1.0,0.2657,0.9999
-3.1,4.0,1.0,0.7796,1.0
-3.05,4.0,1.0,0.9916,1.0
-3.0,4.0,1.0,0.9998,1.0
-2.95,4.0,1.0,1.0,1.0
-2.9,4.0,1.0,1.0,1.0
-2.85,4.0,1.0,1.0,1.0
-2.8,4.0,1.0,1.0,1.0
-2.75,4.0,1.0,1.0,1.0
-2.7,4.0,1.0,1.0,1.0
-2.65,4.0,1.0,1.0,1.0
-2.6,4.0,1.0,1.0,1.0
-2.55,4.0,1.0,1.0,1.0
-2.5,4.0,1.0,1.0,1.0
-2.45,4.0,1.0,1.0,1.0
-2.4,4.0,1.0,1.0,1.0
-2.35,4.0,1.0,1.0,1.0
-2.3,4.0,1.0,1.0,1.0
-2.25,4.0,1.0,1.0,1.0
-2.2,4.0,1.0,1.0,1.0
-2.15,4.0,1.0,1.0,1.0
-2.1,4.0,1.0,1.0,1.0
-2.05,4.0,1.0,1.0,1.0
-2.0,4.0,1.0,1.0,1.0
-1.95,4.0,1.0,1.0,1.0
-1.9,4.0,1.0,1.0,1.0
-1.85,4.0,1.0,1.0,1.0
-1.8,4.0,1.0,1.0,1.0
-1.75,4.0,1.0,1.0,1.0
-1.7,4.0,1.0,1.0,1.0
-1.65,4.0,1.0,1.0,1.0
-1.6,4.0,1.0,1.0,1.0
-1.55,4.0,1.0,1.0,1.0
-1.5,4.0,1.0,1.0,1.0
-1.45,4.0,1.0,1.0,1.0
-1.4,4.0,1.0,1.0,1.0
-1.35,4.0,1.0,1.0,1.0
-1.3,4.0,1.0,1.0,1.0
-1.25,4.0,1.0,1.0,1.0
-1.2,4.0,1.0,1.0,1.0
-1.15,4.0,1.0,1.0,1.0
-1.1,4.0,1.0,1.0,1.0
-1.05,4.0,1.0,1.0,1.0
-1.0,4.0,1.0,1.0,1.0
-0.95,4.0,1.0,1.0,1.0
-0.9,4.0,1.0,1.0,1.0
-0.85,4.0,1.0,1.0,1.0
-0.8,4.0,1.0,1.0,1.0
-0.75,4.0,1.0,1.0,1.0
-0.7,4.0,1.0,1.0,1.0
-0.65,4.0,1.0,1.0,1.0
-0.6,4.0,1.0,1.0,1.0
-0.55,4.0,1.0,1.0,1.0
-0.5,4.0,1.0,1.0,1.0
-0.45,4.0,1.0,1.0,1.0
-0.4,4.0,1.0,1.0,1.0
-0.35,4.0,1.0,1.0,1.0
-0.3,4.0,1.0,1.0,1.0
-0.25,4.0,1.0,1.0,1.0
-0.2,4.0,1.0,1.0,1.0
-0.15,4.0,1.0,1.0,1.0
-0.1,4.0,1.0,1.0,1.0
-0.05,4.0,1.0,1.0,1.0
0.0,4.0,1.0,1.0,1.0
0.05,4.0,1.0,1.0,1.0
0.1,4.0,1.0,1.0,1.0
0.15,4.0,1.0,1.0,1.0
0.2,4.0,1.0,1.0,1.0
0.25,4.0,1.0,1.0,1.0
0.3,4.0,1.0,1.0,1.0
0.35,4.0,1.0,1.0,1.0
0.4,4.0,1.0,1.0,1.0
0.45,4.0,1.0,1.0,1.0
0.5,4.0,1.0,1.0,1.0
0.55,4.0,1.0,1.0,1.0
0.6,4.0,1.0,1.0,1.0
0.65,4.0,1.0,1.0,1.0
0.7,4.0,1.0,1.0,1.0
0.75,4.0,1.0,1.0,1.0
0.8,4.0,1.0,1.0,1.0
0.85,4.0,1.0,1.0,1.0
0.9,4.0,1.0,1.0,1.0
0.95,4.0,1.0,1.0,1.0
1.0,4.0,1.0,1.0,1.0
1.05,4.0,1.0,1.0,1.0
1.1,4.0,1.0,1.0,1.0
1.15,4.0,1.0,1.0,1.0
1.2,4.0,1.0,1.0,1.0
1.25,4.0,1.0,1.0,1.0
1.3,4.0,1.0,1.0,1.0
1.35,4.0,1.0,1.0,1.0
1.4,4.0,1.0,1.0,1.0
1.45,4.0,1.0,1.0,1.0
1.5,4.0,1.0,1.0,1.0
1.55,4.0,1.0,1.0,1.0
1.6,4.0,1.0,1.0,1.0
1.65,4.0,1.0,1.0,1.0
1.7,4.0,1.0,1.0,1.0
1.75,4.0,1.0,1.0,1.0
1.8,4.0,1.0,1.0,1.0
1.85,4.0,1.0,1.0,1.0
1.9,4.0,1.0,1.0,1.0
1.95,4.0,1.0,1.0,1.0
2.0,4.0,1.0,1.0,1.0
2.05,4.0,1.0,1.0,1.0
2.1,4.0,1.0,1.0,1.0
2.15,4.0,1.0,1.0,1.0
2.2,4.0,1.0,1.0,1.0
2.25,4.0,1.0,1.0,1.0
2.3,4.0,1.0,1.0,1.0
2.35,4.0,1.0,1.0,1.0
2.4,4.0,1.0,1.0,1.0
2.45,4.0,1.0,1.0,1.0
2.5,4.0,1.0,1.0,1.0
2.55,4.0,1.0,1.0,1.0
2.6,4.0,1.0,1.0,1.0
2.65,4.0,1.0,1.0,1.0
2.7,4.0,1.0,1.0,1.0
2.75,4.0,1.0,1.0,1.0
2.8,4.0,1.0,1.0,1.0
2.85,4.0,1.0,1.0,1.0
2.9,4.0,1.0,1.0,1.0
2.95,4.0,1.0,1.0,1.0
3.0,4.0,1.0,1.0,1.0
3.05,4.0,1.0,1.0,1.0
3.1,4.0,1.0,1.0,1.0
3.15,4.0,1.0,1.0,1.0
3.2,4.0,1.0,1.0,1.0
3.25,4.0,1.0,1.0,1.0
3.3,4.0,1.0,1.0,1.0
3.35,4.0,1.0,1.0,1.0
3.4,4.0,1.0,1.0,1.0
3.45,4.0,1.0,1.0,1.0
3.5,4.0,1.0,1.0,1.0
3.55,4.0,1.0,1.0,1.0
3.6,4.0,1.0,1.0,1.0
3.65,4.0,1.0,1.0,1.0
3.7,4.0,1.0,1.0,1.0
3.75,4.0,1.0,1.0,1.0
3.8,4.0,1.0,1.0,1.0
3.85,4.0,1.0,1.0,1.0
3.9,4.0,1.0,1.0,1.0
3.95,4.0,1.0,1.0,1.0
4.0,4.0,1.0,1.0,1.0
