epoch,loss none,val_loss none,acc none,val_acc none,loss L2,val_loss L2,acc L2,val_acc L2,loss L1,val_loss L1,acc L1,val_acc L1
0,0.63604,0.41623,0.6125,0.9,4.07079,2.73099,0.55,0.85,1.83917,1.45081,0.575,0.9
1,0.42497,0.22368,0.85,0.9,2.36774,1.55353,0.775,0.9,1.36197,1.03385,0.85,0.9
2,0.37864,0.1873,0.8375,0.9,1.37226,0.90921,0.825,0.9,1.05861,0.76463,0.8125,0.9
3,0.37143,0.19643,0.85,0.9,0.86747,0.61704,0.8125,0.9,0.87108,0.63363,0.825,0.9
4,0.35035,0.20802,0.85,0.9,0.67168,0.52565,0.8125,0.9,0.7534,0.58753,0.8375,0.9
5,0.34053,0.22106,0.85,0.9,0.63289,0.52463,0.8125,0.9,0.70356,0.58345,0.8375,0.9
6,0.33325,0.21678,0.85,0.9,0.64146,0.5378,0.8125,0.9,0.67652,0.5544,0.85,0.9
7,0.31949,0.19373,0.85,0.9,0.64168,0.51996,0.825,0.9,0.63122,0.49907,0.85,0.9
8,0.30247,0.17113,0.8625,0.9,0.62007,0.47779,0.8375,0.9,0.58702,0.45038,0.85,0.9
9,0.28404,0.16063,0.8625,0.9,0.58066,0.43018,0.8375,0.9,0.55861,0.43295,0.85,0.9
10,0.25881,0.15728,0.8875,1.0,0.53954,0.39566,0.8375,0.9,0.53824,0.41834,0.85,0.9
11,0.23206,0.16882,0.9,0.95,0.50757,0.37453,0.8375,0.9,0.51851,0.40315,0.85,0.9
12,0.20824,0.16769,0.925,0.95,0.4875,0.36027,0.8375,0.9,0.50168,0.38537,0.85,0.9
13,0.18415,0.14104,0.925,0.95,0.47677,0.35065,0.85,0.9,0.48682,0.37117,0.85,0.9
14,0.16287,0.15022,0.925,0.95,0.47114,0.34548,0.85,0.9,0.47398,0.36198,0.85,0.9
15,0.14701,0.15234,0.9375,0.95,0.4675,0.34256,0.85,0.9,0.46019,0.35229,0.85,0.9
16,0.13637,0.14723,0.9375,0.95,0.46431,0.3393,0.85,0.9,0.44811,0.34729,0.85,0.9
17,0.12683,0.16349,0.95,0.95,0.46049,0.33402,0.85,0.9,0.43478,0.34025,0.875,0.9
18,0.11639,0.17277,0.95,0.95,0.45652,0.32889,0.85,0.9,0.42074,0.33552,0.8875,0.9
19,0.11363,0.17231,0.95,0.95,0.45289,0.3262,0.85,0.9,0.40604,0.32778,0.8875,1.0
20,0.1047,0.20413,0.95,0.95,0.45027,0.32508,0.85,0.9,0.3917,0.3218,0.8875,1.0
21,0.10319,0.19299,0.9625,0.95,0.44821,0.32327,0.85,0.9,0.37651,0.31422,0.9,1.0
22,0.09729,0.23212,0.95,0.95,0.44689,0.32334,0.85,0.9,0.36321,0.31065,0.9125,1.0
23,0.09852,0.20315,0.9625,0.95,0.44511,0.32142,0.85,0.9,0.35117,0.30305,0.9125,0.95
24,0.09335,0.26169,0.95,0.95,0.44382,0.32198,0.85,0.9,0.3409,0.29839,0.925,0.95
25,0.09509,0.19669,0.9625,0.95,0.44235,0.32141,0.85,0.9,0.33119,0.29444,0.9375,0.95
26,0.0938,0.28438,0.9625,0.95,0.44105,0.32185,0.85,0.9,0.32407,0.28972,0.9125,0.95
27,0.09574,0.20131,0.9625,0.95,0.43949,0.32079,0.85,0.9,0.3171,0.28282,0.925,0.95
28,0.09675,0.26873,0.9625,0.95,0.43854,0.32119,0.85,0.9,0.31001,0.27859,0.925,0.95
29,0.08878,0.2502,0.9625,0.95,0.437,0.3215,0.85,0.9,0.30411,0.27853,0.925,0.95
30,0.08585,0.23413,0.975,0.95,0.43592,0.32177,0.85,0.9,0.2977,0.27526,0.925,0.95
31,0.07819,0.28133,0.9625,0.95,0.43466,0.32227,0.85,0.9,0.29306,0.27369,0.925,0.95
32,0.08181,0.24602,0.9625,0.95,0.43366,0.32261,0.85,0.9,0.28837,0.26974,0.925,0.95
33,0.07787,0.27309,0.9625,0.95,0.43263,0.32328,0.85,0.9,0.28373,0.26513,0.925,0.95
34,0.0772,0.26843,0.9625,0.95,0.43123,0.32162,0.85,0.9,0.28058,0.26447,0.925,0.95
35,0.07543,0.26756,0.975,0.95,0.43043,0.32435,0.85,0.9,0.27603,0.2601,0.925,0.95
36,0.0717,0.28493,0.9625,0.95,0.42893,0.32332,0.85,0.9,0.27353,0.25834,0.925,0.95
37,0.0738,0.27836,0.9625,0.95,0.42822,0.32479,0.85,0.9,0.26949,0.25955,0.925,0.95
38,0.07252,0.29299,0.9625,0.95,0.42677,0.32486,0.85,0.9,0.26688,0.2534,0.925,0.95
39,0.07095,0.2884,0.9625,0.95,0.42494,0.32378,0.85,0.9,0.26365,0.25199,0.925,0.95
40,0.07042,0.29782,0.9625,0.95,0.42192,0.32413,0.8625,0.9,0.26117,0.24812,0.925,0.95
41,0.06835,0.30418,0.9625,0.95,0.41888,0.32551,0.8625,0.9,0.25814,0.25013,0.925,0.95
42,0.0683,0.30145,0.9625,0.95,0.41739,0.32497,0.8625,0.9,0.25763,0.2448,0.925,0.95
43,0.06767,0.31069,0.9625,0.95,0.41377,0.32201,0.8625,0.9,0.25313,0.24608,0.925,0.95
44,0.06644,0.31174,0.9625,0.95,0.41122,0.32383,0.875,0.9,0.25475,0.24157,0.925,0.95
45,0.06661,0.31728,0.9625,0.95,0.40795,0.32524,0.875,0.9,0.24883,0.24505,0.9375,0.95
46,0.0654,0.31737,0.9625,0.95,0.40557,0.32555,0.875,0.9,0.2523,0.23524,0.925,0.95
47,0.06478,0.32103,0.9625,0.95,0.40309,0.32329,0.875,0.9,0.24458,0.249,0.9375,0.95
48,0.06463,0.32888,0.9625,0.95,0.39873,0.32631,0.875,0.95,0.25077,0.23481,0.925,0.95
49,0.06484,0.32633,0.9625,0.95,0.39664,0.32532,0.8875,1.0,0.2431,0.25851,0.9375,0.95
50,0.06359,0.33658,0.9625,0.95,0.3943,0.33043,0.8875,0.9,0.2539,0.22891,0.9375,0.95
51,0.06326,0.3346,0.9625,0.95,0.38999,0.33043,0.9,1.0,0.24273,0.2749,0.9375,0.95
52,0.06305,0.33855,0.9625,0.95,0.39041,0.31928,0.8875,1.0,0.2556,0.22492,0.95,0.95
53,0.06177,0.34474,0.9625,0.95,0.38809,0.34024,0.9,0.9,0.24352,0.26896,0.925,0.95
54,0.06216,0.34254,0.9625,0.95,0.38069,0.32441,0.9,1.0,0.24753,0.22753,0.9375,0.95
55,0.0608,0.35324,0.9625,0.95,0.39213,0.31405,0.8875,0.9,0.24052,0.24211,0.925,0.95
56,0.06097,0.34975,0.9625,0.95,0.39259,0.37019,0.9,1.0,0.23573,0.23138,0.9375,0.95
57,0.06057,0.35385,0.9625,0.95,0.37689,0.31815,0.9,0.95,0.23471,0.23213,0.925,0.95
58,0.05917,0.35714,0.9625,0.95,0.41364,0.35981,0.8875,0.9,0.23012,0.23462,0.9375,0.95
59,0.05982,0.35619,0.9625,0.95,0.41896,0.31744,0.8875,1.0,0.23157,0.2288,0.95,0.95
60,0.05872,0.36136,0.9625,0.95,0.38342,0.34788,0.9,1.0,0.22815,0.23694,0.9375,0.95
61,0.05874,0.3632,0.9625,0.95,0.3922,0.3267,0.9125,0.9,0.22969,0.22754,0.95,0.95
62,0.05899,0.36346,0.9625,0.95,0.38906,0.29256,0.9125,1.0,0.22649,0.23394,0.9375,0.95
63,0.05734,0.37306,0.9625,0.95,0.36932,0.38411,0.9,0.95,0.2268,0.22546,0.9375,0.95
64,0.05882,0.36731,0.9625,0.95,0.37197,0.30084,0.9125,1.0,0.22437,0.23056,0.9375,0.95
65,0.05898,0.37304,0.9625,0.95,0.37202,0.32493,0.9,0.9,0.22394,0.22742,0.95,0.95
66,0.05679,0.38096,0.9625,0.95,0.36212,0.32823,0.925,1.0,0.22269,0.22855,0.9375,0.95
67,0.05804,0.37596,0.9625,0.95,0.37533,0.32039,0.925,0.95,0.2219,0.22447,0.95,0.95
68,0.05715,0.38438,0.9625,0.95,0.37083,0.29533,0.925,1.0,0.22083,0.22798,0.95,0.95
69,0.05827,0.38802,0.9625,0.95,0.35663,0.3327,0.9125,1.0,0.21994,0.22541,0.9375,0.95
70,0.05414,0.393,0.975,0.95,0.35903,0.31069,0.9125,1.0,0.21927,0.22272,0.9375,0.95
71,0.055,0.38413,0.9625,0.95,0.3544,0.30476,0.9125,1.0,0.21792,0.22292,0.9375,0.95
72,0.05529,0.39249,0.9625,0.95,0.35294,0.32102,0.925,0.95,0.21729,0.22391,0.95,0.95
73,0.0527,0.40976,0.975,0.95,0.35157,0.30517,0.9125,1.0,0.21623,0.22416,0.95,0.95
74,0.05202,0.3922,0.9625,0.95,0.35213,0.30832,0.9125,1.0,0.21612,0.22602,0.95,0.95
75,0.05582,0.38774,0.9625,0.95,0.34751,0.31125,0.925,1.0,0.21469,0.22693,0.95,0.95
76,0.04944,0.42659,0.975,0.95,0.3495,0.30966,0.9125,1.0,0.21454,0.22345,0.95,0.95
77,0.05695,0.39977,0.9625,0.95,0.35013,0.3088,0.925,0.95,0.21335,0.22301,0.95,0.95
78,0.05193,0.41282,0.975,0.95,0.34381,0.3052,0.925,0.95,0.21285,0.22178,0.95,0.95
79,0.0513,0.41131,0.9625,0.95,0.34668,0.30417,0.9125,1.0,0.21178,0.22229,0.95,0.95
80,0.0524,0.41559,0.9625,0.95,0.34461,0.30085,0.925,1.0,0.21132,0.22311,0.95,0.95
81,0.04897,0.42706,0.975,0.95,0.34088,0.30271,0.925,0.95,0.21075,0.22189,0.95,0.95
82,0.05164,0.40698,0.9625,0.95,0.3437,0.3043,0.9125,1.0,0.21015,0.22041,0.95,0.95
83,0.04866,0.42764,0.975,0.95,0.33881,0.30287,0.925,0.95,0.20948,0.22112,0.95,0.95
84,0.04853,0.42556,0.9625,0.95,0.34127,0.29519,0.925,1.0,0.2089,0.22136,0.95,0.95
85,0.05058,0.41784,0.975,0.95,0.34364,0.301,0.9125,0.95,0.2083,0.22229,0.95,0.95
86,0.04567,0.43802,0.975,0.95,0.33402,0.29272,0.9375,1.0,0.20722,0.22182,0.95,0.95
87,0.05004,0.41767,0.9625,0.95,0.34097,0.29729,0.925,1.0,0.20678,0.22025,0.95,0.95
88,0.04729,0.45087,0.975,0.95,0.34453,0.29963,0.9125,0.95,0.20568,0.22188,0.95,0.95
89,0.0485,0.44298,0.9625,0.95,0.33358,0.28606,0.925,1.0,0.20584,0.22103,0.95,0.95
90,0.04688,0.44688,0.975,0.95,0.33968,0.29941,0.9,0.95,0.20502,0.21886,0.95,0.95
91,0.04828,0.44332,0.9625,0.95,0.33487,0.29989,0.925,0.95,0.20499,0.21683,0.95,0.95
92,0.04553,0.44191,0.9625,0.95,0.33984,0.28966,0.9375,1.0,0.20382,0.21964,0.95,0.95
93,0.04348,0.44996,0.975,0.95,0.34845,0.28807,0.9125,1.0,0.20318,0.22029,0.95,0.95
94,0.04555,0.4462,0.9625,0.95,0.32614,0.29691,0.9375,0.95,0.2027,0.21925,0.95,0.95
95,0.04416,0.45467,0.975,0.95,0.33772,0.29382,0.925,0.95,0.20218,0.21843,0.95,0.95
96,0.04179,0.46304,0.975,0.95,0.34265,0.2864,0.925,0.95,0.2015,0.22007,0.95,0.95
97,0.04362,0.4519,0.9625,0.95,0.32919,0.30844,0.925,0.95,0.20112,0.21815,0.95,0.95
98,0.04039,0.46299,0.975,0.95,0.33037,0.26551,0.9,1.0,0.20076,0.21965,0.95,0.95
99,0.03989,0.46744,0.975,0.95,0.32403,0.28247,0.9375,0.95,0.19986,0.21887,0.95,0.95
100,0.04071,0.46928,0.975,0.95,0.3221,0.29229,0.925,0.95,0.19963,0.21795,0.95,0.95
101,0.03743,0.48181,0.975,0.95,0.32255,0.28331,0.925,0.95,0.19857,0.22,0.95,0.95
102,0.04146,0.46237,0.9625,0.95,0.32541,0.28814,0.925,0.95,0.19857,0.2164,0.95,0.95
103,0.03823,0.47948,0.9875,0.95,0.31943,0.28273,0.925,0.95,0.19753,0.21488,0.95,0.95
104,0.03845,0.48593,0.975,0.95,0.32199,0.2733,0.9125,1.0,0.19767,0.21665,0.95,0.95
105,0.03606,0.48283,0.975,0.95,0.31929,0.28286,0.9375,0.95,0.19599,0.22033,0.95,0.95
106,0.03696,0.46967,0.975,0.95,0.31798,0.28737,0.925,0.95,0.19647,0.21491,0.95,0.95
107,0.03487,0.49042,0.975,0.95,0.32073,0.27373,0.9125,0.95,0.19594,0.21823,0.95,0.95
108,0.03746,0.48099,0.975,0.95,0.31428,0.28076,0.9375,0.95,0.19474,0.21999,0.95,0.95
109,0.03323,0.51013,0.9875,0.95,0.31583,0.27674,0.925,0.95,0.19485,0.21571,0.95,0.95
110,0.03649,0.49104,0.975,0.95,0.31568,0.2793,0.925,0.95,0.19437,0.21868,0.95,0.95
111,0.03186,0.50257,0.9875,0.95,0.31342,0.2796,0.9375,0.95,0.19318,0.22053,0.95,0.95
112,0.03423,0.47889,0.975,0.95,0.31435,0.27437,0.925,0.95,0.1934,0.22065,0.95,0.95
113,0.0318,0.49662,0.9875,0.95,0.31219,0.27339,0.9375,0.95,0.19278,0.22262,0.95,0.95
114,0.03157,0.50876,0.975,0.95,0.31096,0.27489,0.9375,0.95,0.19223,0.22009,0.95,0.95
115,0.03041,0.51395,0.975,0.95,0.31257,0.27395,0.925,0.95,0.19194,0.22075,0.95,0.95
116,0.03046,0.51636,0.9875,0.95,0.31037,0.27544,0.9375,0.95,0.19203,0.22122,0.95,0.95
117,0.02971,0.51712,0.9875,0.95,0.31028,0.27232,0.925,0.95,0.19082,0.21787,0.95,0.95
118,0.03007,0.50407,0.9875,0.95,0.30942,0.27166,0.925,0.95,0.19065,0.21976,0.95,0.95
119,0.02718,0.51483,0.9875,0.95,0.30704,0.27318,0.9375,0.95,0.19055,0.22373,0.95,0.95
120,0.0271,0.51427,0.9875,0.95,0.30788,0.27201,0.925,0.95,0.18935,0.22374,0.95,0.95
121,0.02715,0.49874,0.9875,0.95,0.30685,0.27238,0.925,0.95,0.18996,0.22107,0.95,0.95
122,0.02463,0.52628,1.0,0.95,0.30642,0.26725,0.925,0.95,0.18968,0.22354,0.95,0.95
123,0.02686,0.48746,0.9875,0.95,0.30642,0.26969,0.925,0.95,0.18818,0.22202,0.95,0.95
124,0.02408,0.49934,0.9875,0.95,0.30468,0.27178,0.925,0.95,0.18879,0.21863,0.95,0.95
125,0.0241,0.51237,1.0,0.95,0.30447,0.27336,0.925,0.95,0.18803,0.22195,0.95,0.95
126,0.02382,0.54374,1.0,0.95,0.30558,0.27044,0.925,0.95,0.1869,0.22422,0.95,0.95
127,0.02278,0.55661,1.0,0.95,0.30215,0.26363,0.9375,0.95,0.18743,0.21931,0.95,0.95
128,0.02283,0.52253,1.0,0.95,0.30482,0.26373,0.925,0.95,0.18713,0.22194,0.95,0.95
129,0.02137,0.54831,1.0,0.95,0.30115,0.26411,0.925,0.95,0.18608,0.22389,0.95,0.95
130,0.02221,0.54279,1.0,0.95,0.30137,0.26969,0.925,0.95,0.18606,0.21781,0.95,0.95
131,0.02103,0.5531,1.0,0.95,0.30573,0.27124,0.925,0.95,0.18604,0.22084,0.95,0.95
132,0.01975,0.54922,1.0,0.95,0.29929,0.26143,0.9375,0.95,0.18445,0.22473,0.95,0.95
133,0.01955,0.56099,1.0,0.95,0.3054,0.26432,0.925,0.95,0.18542,0.21908,0.95,0.95
134,0.01819,0.60404,1.0,0.95,0.29752,0.26631,0.9375,0.95,0.18405,0.21889,0.95,0.95
135,0.01847,0.58652,1.0,0.95,0.29995,0.26424,0.9125,0.95,0.18539,0.21936,0.95,0.95
136,0.01736,0.5761,1.0,0.95,0.30605,0.26649,0.925,0.95,0.18319,0.22556,0.95,0.95
137,0.0164,0.59158,1.0,0.95,0.29781,0.25975,0.9375,0.95,0.18396,0.22056,0.95,0.95
138,0.01595,0.62839,1.0,0.95,0.30761,0.25513,0.9125,0.95,0.18356,0.22448,0.95,0.95
139,0.01636,0.60282,1.0,0.95,0.29402,0.26579,0.9375,0.95,0.18262,0.22047,0.95,0.95
140,0.01493,0.59827,1.0,0.95,0.29752,0.26037,0.925,0.95,0.18235,0.2198,0.95,0.95
141,0.01393,0.60648,1.0,0.95,0.30156,0.26471,0.925,0.95,0.18139,0.22384,0.95,0.95
142,0.01403,0.61299,1.0,0.95,0.2942,0.26383,0.9375,0.95,0.18124,0.22149,0.95,0.95
143,0.01374,0.62091,1.0,0.95,0.30127,0.25019,0.925,0.95,0.18174,0.22099,0.95,0.95
144,0.01346,0.62446,1.0,0.95,0.29191,0.25826,0.9375,0.95,0.18192,0.2233,0.95,0.95
145,0.01258,0.62937,1.0,0.95,0.29481,0.25267,0.925,0.95,0.1806,0.22374,0.95,0.95
146,0.0123,0.63709,1.0,0.95,0.29301,0.26035,0.925,0.95,0.18172,0.22347,0.95,0.95
147,0.01129,0.63581,1.0,0.95,0.292,0.26159,0.925,0.95,0.17952,0.22768,0.95,0.95
148,0.01178,0.62241,1.0,0.95,0.29254,0.25543,0.925,0.95,0.17983,0.22153,0.95,0.95
149,0.0106,0.64264,1.0,0.95,0.29229,0.25405,0.925,0.95,0.17965,0.22191,0.95,0.95
150,0.01022,0.66941,1.0,0.95,0.29051,0.25569,0.925,0.95,0.17831,0.22536,0.95,0.95
151,0.01004,0.65605,1.0,0.95,0.29081,0.25544,0.925,0.95,0.17855,0.22212,0.95,0.95
152,0.00982,0.65884,1.0,0.95,0.289,0.25812,0.925,0.95,0.17768,0.2251,0.95,0.95
153,0.00848,0.66793,1.0,0.95,0.29012,0.25331,0.925,0.95,0.17755,0.22564,0.95,0.95
154,0.00888,0.65428,1.0,0.95,0.28898,0.25043,0.925,0.95,0.1779,0.22595,0.95,0.95
155,0.00825,0.65703,1.0,0.95,0.28887,0.25327,0.925,0.95,0.1771,0.22412,0.95,0.95
156,0.00793,0.67779,1.0,0.95,0.28823,0.25759,0.925,0.95,0.17607,0.22319,0.95,0.95
157,0.00747,0.68899,1.0,0.95,0.28861,0.25397,0.925,0.95,0.17758,0.2244,0.95,0.95
158,0.00726,0.68776,1.0,0.95,0.28798,0.25224,0.925,0.95,0.17523,0.23082,0.95,0.95
159,0.00695,0.66936,1.0,0.95,0.28716,0.24788,0.925,0.95,0.17671,0.22431,0.9625,0.95
160,0.00659,0.67917,1.0,0.95,0.28569,0.24968,0.925,0.95,0.17519,0.22559,0.95,0.95
161,0.00625,0.69791,1.0,0.95,0.28787,0.25279,0.925,0.95,0.17533,0.22805,0.9625,0.95
162,0.00615,0.69602,1.0,0.95,0.28441,0.25389,0.925,0.95,0.17457,0.22746,0.9625,0.95
163,0.00594,0.68465,1.0,0.95,0.28848,0.2488,0.925,0.95,0.17498,0.22582,0.95,0.95
164,0.00574,0.69399,1.0,0.95,0.28353,0.25005,0.925,0.95,0.17429,0.22553,0.9625,0.95
165,0.00546,0.71337,1.0,0.95,0.28693,0.24783,0.925,0.95,0.17418,0.22754,0.95,0.95
166,0.00539,0.70964,1.0,0.95,0.28359,0.24931,0.925,0.95,0.1732,0.23402,0.9625,0.95
167,0.00502,0.70872,1.0,0.95,0.284,0.25246,0.925,0.95,0.17346,0.23181,0.9625,0.95
168,0.0048,0.70784,1.0,0.95,0.28386,0.2451,0.925,0.95,0.17295,0.22665,0.9625,0.95
169,0.00463,0.7185,1.0,0.95,0.28196,0.24831,0.925,0.95,0.17282,0.23013,0.95,0.95
170,0.00449,0.73035,1.0,0.95,0.284,0.24722,0.925,0.95,0.17256,0.23668,0.9625,0.95
171,0.00437,0.71992,1.0,0.95,0.28064,0.24977,0.9375,0.95,0.17214,0.23452,0.9625,0.95
172,0.0042,0.71672,1.0,0.95,0.28856,0.24805,0.925,0.95,0.17163,0.23121,0.9625,0.95
173,0.00406,0.7166,1.0,0.95,0.27917,0.25094,0.9375,0.95,0.17168,0.23127,0.9625,0.95
174,0.00396,0.72655,1.0,0.95,0.28695,0.23813,0.925,0.95,0.17072,0.23671,0.9625,0.95
175,0.0038,0.73541,1.0,0.95,0.27772,0.24977,0.9375,0.95,0.17183,0.23202,0.9625,0.95
176,0.00373,0.74353,1.0,0.95,0.28369,0.23837,0.925,0.95,0.17052,0.23528,0.9625,0.95
177,0.00355,0.73377,1.0,0.95,0.27826,0.25217,0.95,0.95,0.17006,0.23491,0.9625,0.95
178,0.00349,0.72149,1.0,0.95,0.29097,0.24736,0.925,0.95,0.17114,0.23095,0.9625,0.95
179,0.0034,0.74356,1.0,0.95,0.27864,0.25806,0.95,0.95,0.1684,0.23542,0.9625,0.95
180,0.00335,0.74771,1.0,0.95,0.29481,0.22359,0.9125,0.95,0.17031,0.23411,0.9625,0.95
181,0.00328,0.73659,1.0,0.95,0.28289,0.27601,0.9375,0.95,0.1698,0.24092,0.9625,0.95
182,0.00307,0.74355,1.0,0.95,0.30035,0.23845,0.9125,0.95,0.16871,0.23932,0.9625,0.95
183,0.00299,0.75608,1.0,0.95,0.30492,0.34929,0.925,0.85,0.1705,0.23421,0.9625,0.95
184,0.00295,0.75238,1.0,0.95,0.34816,0.21152,0.9375,1.0,0.16757,0.23918,0.9625,0.95
185,0.00283,0.75033,1.0,0.95,0.30231,0.39087,0.9,0.9,0.16811,0.23404,0.9625,0.95
186,0.0027,0.7582,1.0,0.95,0.31017,0.22937,0.9375,1.0,0.16727,0.23291,0.9625,0.95
187,0.00266,0.75783,1.0,0.95,0.3242,0.35765,0.925,0.85,0.16816,0.23977,0.9625,0.95
188,0.00261,0.75043,1.0,0.95,0.35733,0.20027,0.9125,1.0,0.16726,0.24564,0.9625,0.95
189,0.00249,0.76049,1.0,0.95,0.31522,0.31531,0.925,0.95,0.16767,0.23777,0.9625,0.95
190,0.00242,0.75902,1.0,0.95,0.29562,0.24421,0.9375,0.95,0.1672,0.23385,0.9625,0.95
191,0.00239,0.75238,1.0,0.95,0.29621,0.18317,0.9125,1.0,0.16549,0.23978,0.9625,0.95
192,0.00232,0.75645,1.0,0.95,0.29131,0.26924,0.9375,0.95,0.16689,0.24045,0.9625,0.95
193,0.00223,0.77532,1.0,0.95,0.28212,0.25849,0.9375,0.95,0.16615,0.24506,0.9625,0.95
194,0.00222,0.77021,1.0,0.95,0.3012,0.29795,0.9125,0.85,0.16636,0.2394,0.9625,0.95
195,0.00219,0.76024,1.0,0.95,0.32025,0.20714,0.9375,1.0,0.16612,0.23983,0.9625,0.95
196,0.0021,0.76476,1.0,0.95,0.29859,0.31114,0.9125,0.95,0.16438,0.24652,0.9625,0.95
197,0.00206,0.78042,1.0,0.95,0.28574,0.22912,0.95,0.95,0.16576,0.24331,0.9625,0.95
198,0.00207,0.77396,1.0,0.95,0.28452,0.19304,0.925,1.0,0.16512,0.2454,0.9625,0.95
199,0.00195,0.76703,1.0,0.95,0.28153,0.22797,0.9375,0.95,0.16412,0.24121,0.9625,0.95
200,0.00193,0.77313,1.0,0.95,0.2713,0.25509,0.925,0.95,0.16434,0.24115,0.9625,0.95
201,0.00187,0.7836,1.0,0.95,0.27946,0.25434,0.925,0.95,0.16327,0.24414,0.9625,0.95
202,0.00181,0.78542,1.0,0.95,0.28802,0.21265,0.9125,1.0,0.1642,0.24383,0.9625,0.95
203,0.00178,0.77037,1.0,0.95,0.27575,0.27377,0.9375,0.95,0.16337,0.2501,0.9625,0.95
204,0.00175,0.76919,1.0,0.95,0.27425,0.2239,0.9125,0.95,0.16392,0.24485,0.9625,0.95
205,0.00171,0.78496,1.0,0.95,0.27656,0.23784,0.9375,0.95,0.16314,0.24316,0.9625,0.95
206,0.00164,0.79504,1.0,0.95,0.27733,0.22374,0.9375,0.95,0.16241,0.24538,0.9625,0.95
207,0.00165,0.78695,1.0,0.95,0.27232,0.26818,0.9375,0.95,0.16183,0.2485,0.9625,0.95
208,0.0016,0.77634,1.0,0.95,0.27096,0.22253,0.925,0.95,0.16199,0.24896,0.9625,0.95
209,0.00158,0.77593,1.0,0.95,0.27245,0.23171,0.9375,0.95,0.16192,0.24775,0.9625,0.95
210,0.00153,0.78241,1.0,0.95,0.27087,0.226,0.925,0.95,0.16198,0.24528,0.9625,0.95
211,0.00151,0.79371,1.0,0.95,0.27025,0.24414,0.9375,0.95,0.16086,0.25012,0.9625,0.95
212,0.00146,0.79634,1.0,0.95,0.26992,0.22143,0.925,0.95,0.16088,0.24919,0.9625,0.95
213,0.00147,0.79111,1.0,0.95,0.27006,0.24185,0.9375,0.95,0.16206,0.24971,0.9625,0.95
214,0.00142,0.78811,1.0,0.95,0.26939,0.22814,0.925,0.95,0.16019,0.25354,0.9625,0.95
215,0.00138,0.791,1.0,0.95,0.26914,0.242,0.9375,0.95,0.16021,0.24864,0.9625,0.95
216,0.00136,0.79271,1.0,0.95,0.26962,0.21981,0.925,0.95,0.15997,0.24842,0.9625,0.95
217,0.00131,0.79475,1.0,0.95,0.26855,0.24286,0.9375,0.95,0.15904,0.25308,0.9625,0.95
218,0.0013,0.79093,1.0,0.95,0.26972,0.22014,0.925,0.95,0.16042,0.25125,0.9625,0.95
219,0.00128,0.79726,1.0,0.95,0.26894,0.24731,0.9375,0.95,0.16018,0.25682,0.9625,0.95
220,0.00127,0.80194,1.0,0.95,0.2704,0.21682,0.925,0.95,0.15952,0.25164,0.9625,0.95
221,0.00126,0.79837,1.0,0.95,0.26877,0.25003,0.9375,0.95,0.15911,0.24802,0.9625,0.95
222,0.00123,0.79499,1.0,0.95,0.27088,0.21758,0.925,0.95,0.15847,0.25444,0.9625,0.95
223,0.0012,0.79927,1.0,0.95,0.26908,0.25614,0.9375,0.95,0.15808,0.25688,0.9625,0.95
224,0.00116,0.79854,1.0,0.95,0.27281,0.21247,0.925,0.95,0.15964,0.25485,0.9625,0.95
225,0.00116,0.79964,1.0,0.95,0.2702,0.25921,0.9375,0.95,0.1585,0.2598,0.9625,0.95
226,0.00114,0.80328,1.0,0.95,0.27193,0.2159,0.925,0.95,0.15806,0.25686,0.9625,0.95
227,0.00111,0.80914,1.0,0.95,0.27201,0.2648,0.925,0.95,0.1577,0.25186,0.9625,0.95
228,0.00109,0.8064,1.0,0.95,0.27522,0.20741,0.9375,0.95,0.15676,0.25583,0.9625,0.95
229,0.00107,0.80397,1.0,0.95,0.27149,0.25937,0.9375,0.95,0.15698,0.25652,0.9625,0.95
230,0.00107,0.80438,1.0,0.95,0.27154,0.20947,0.9375,0.95,0.15759,0.25612,0.9625,0.95
231,0.00104,0.80293,1.0,0.95,0.27099,0.25861,0.925,0.95,0.15709,0.26158,0.9625,0.95
232,0.00102,0.80904,1.0,0.95,0.27233,0.20962,0.9375,0.95,0.15658,0.25945,0.9625,0.95
233,0.00101,0.8149,1.0,0.95,0.27043,0.25702,0.9375,0.95,0.15602,0.25341,0.9625,0.95
234,0.00099,0.81193,1.0,0.95,0.26974,0.20987,0.9375,0.95,0.156,0.2569,0.9625,0.95
235,0.00098,0.80759,1.0,0.95,0.2695,0.25226,0.9375,0.95,0.15505,0.2599,0.9625,0.95
236,0.00096,0.80927,1.0,0.95,0.26791,0.21299,0.9375,0.95,0.15701,0.25876,0.9625,0.95
237,0.00095,0.80711,1.0,0.95,0.26725,0.24766,0.9375,0.95,0.15587,0.26405,0.9625,0.95
238,0.00093,0.80686,1.0,0.95,0.26592,0.21408,0.925,0.95,0.15593,0.2568,0.9625,0.95
239,0.00092,0.8157,1.0,0.95,0.26558,0.2407,0.9375,0.95,0.1551,0.25766,0.9625,0.95
240,0.00091,0.82176,1.0,0.95,0.26495,0.2142,0.925,0.95,0.15447,0.26357,0.9625,0.95
241,0.00089,0.81773,1.0,0.95,0.26432,0.24657,0.9375,0.95,0.15404,0.26236,0.9625,0.95
242,0.00088,0.81141,1.0,0.95,0.26522,0.20942,0.925,0.95,0.1551,0.26353,0.9625,0.95
243,0.00086,0.81433,1.0,0.95,0.26498,0.24286,0.9375,0.95,0.15465,0.2687,0.9625,0.95
244,0.00085,0.81599,1.0,0.95,0.26421,0.21682,0.925,0.95,0.15546,0.25968,0.9625,0.95
245,0.00084,0.81591,1.0,0.95,0.26404,0.24532,0.9375,0.95,0.15388,0.26138,0.9625,0.95
246,0.00082,0.82032,1.0,0.95,0.26645,0.20694,0.925,0.95,0.15313,0.26491,0.9625,0.95
247,0.00082,0.82326,1.0,0.95,0.26424,0.2485,0.9375,0.95,0.15281,0.26367,0.9625,0.95
248,0.0008,0.82537,1.0,0.95,0.26406,0.21133,0.925,0.95,0.15381,0.26562,0.9625,0.95
249,0.00079,0.82327,1.0,0.95,0.26427,0.24666,0.9375,0.95,0.15337,0.26908,0.9625,0.95
250,0.00078,0.81971,1.0,0.95,0.26757,0.20978,0.925,0.95,0.15339,0.2645,0.9625,0.95
251,0.00077,0.8173,1.0,0.95,0.26492,0.25765,0.9375,0.95,0.15338,0.26259,0.9625,0.95
252,0.00075,0.8224,1.0,0.95,0.26609,0.20711,0.925,0.95,0.15178,0.26821,0.9625,0.95
253,0.00074,0.82803,1.0,0.95,0.26462,0.24758,0.9375,0.95,0.15194,0.2686,0.9625,0.95
254,0.00074,0.82828,1.0,0.95,0.26547,0.20815,0.925,0.95,0.15241,0.2648,0.9625,0.95
255,0.00073,0.82872,1.0,0.95,0.26386,0.25307,0.9375,0.95,0.15308,0.26636,0.9625,0.95
256,0.00071,0.8286,1.0,0.95,0.2651,0.20448,0.925,0.95,0.1509,0.27044,0.9625,0.95
257,0.0007,0.82773,1.0,0.95,0.26425,0.24816,0.9375,0.95,0.15172,0.26758,0.9625,0.95
258,0.00071,0.82313,1.0,0.95,0.26394,0.20748,0.925,0.95,0.15146,0.26759,0.9625,0.95
259,0.00069,0.82619,1.0,0.95,0.26349,0.24659,0.9375,0.95,0.1507,0.27102,0.9625,0.95
260,0.00068,0.835,1.0,0.95,0.26389,0.20636,0.925,0.95,0.15076,0.27106,0.9625,0.95
261,0.00067,0.83954,1.0,0.95,0.26182,0.24647,0.9375,0.95,0.15163,0.27076,0.9625,0.95
262,0.00066,0.83633,1.0,0.95,0.26126,0.20756,0.925,0.95,0.15075,0.27732,0.9625,0.95
263,0.00066,0.8265,1.0,0.95,0.26163,0.23973,0.9375,0.95,0.15103,0.2699,0.9625,0.95
264,0.00065,0.82716,1.0,0.95,0.26185,0.20845,0.925,0.95,0.15072,0.26745,0.9625,0.95
265,0.00064,0.83609,1.0,0.95,0.26041,0.2459,0.9375,0.95,0.14903,0.27214,0.9625,0.95
266,0.00063,0.84263,1.0,0.95,0.26123,0.20752,0.925,0.95,0.14971,0.27057,0.9625,0.95
267,0.00063,0.83762,1.0,0.95,0.26045,0.24184,0.9375,0.95,0.15011,0.27421,0.9625,0.95
268,0.00061,0.8351,1.0,0.95,0.26165,0.20619,0.925,0.95,0.15005,0.27569,0.9625,0.95
269,0.00061,0.83597,1.0,0.95,0.25989,0.24334,0.9375,0.95,0.14978,0.27906,0.9625,0.95
270,0.00061,0.83748,1.0,0.95,0.26072,0.20681,0.925,0.95,0.14973,0.27784,0.9625,0.95
271,0.00059,0.83946,1.0,0.95,0.26021,0.24446,0.9375,0.95,0.14917,0.27511,0.9625,0.95
272,0.00059,0.83866,1.0,0.95,0.26236,0.20486,0.925,0.95,0.14785,0.27361,0.9625,0.95
273,0.00058,0.8405,1.0,0.95,0.2602,0.25037,0.9375,0.95,0.14875,0.27119,0.9625,0.95
274,0.00057,0.83963,1.0,0.95,0.26172,0.20428,0.925,0.95,0.1485,0.27317,0.9625,0.95
275,0.00057,0.84199,1.0,0.95,0.26048,0.24567,0.9375,0.95,0.14971,0.27467,0.9625,0.95
276,0.00055,0.84482,1.0,0.95,0.26084,0.20314,0.925,0.95,0.14869,0.28077,0.9625,0.95
277,0.00055,0.8457,1.0,0.95,0.2601,0.24126,0.9375,0.95,0.14865,0.27461,0.9625,0.95
278,0.00054,0.84379,1.0,0.95,0.25994,0.20541,0.925,0.95,0.14819,0.27119,0.9625,0.95
279,0.00054,0.84269,1.0,0.95,0.25895,0.24551,0.9375,0.95,0.14665,0.27626,0.9625,0.95
280,0.00053,0.84563,1.0,0.95,0.26068,0.20059,0.925,0.95,0.14709,0.27362,0.9625,0.95
281,0.00052,0.84677,1.0,0.95,0.25838,0.24283,0.9375,0.95,0.14755,0.27804,0.9625,0.95
282,0.00052,0.84658,1.0,0.95,0.25888,0.2065,0.925,0.95,0.14812,0.2797,0.9625,0.95
283,0.00052,0.84667,1.0,0.95,0.25886,0.24882,0.9375,0.95,0.14793,0.27997,0.9625,0.95
284,0.00051,0.84807,1.0,0.95,0.26252,0.20248,0.925,0.95,0.14746,0.27569,0.9625,0.95
285,0.00051,0.84604,1.0,0.95,0.25885,0.24926,0.9375,0.95,0.14676,0.27369,0.9625,0.95
286,0.0005,0.8477,1.0,0.95,0.25961,0.20241,0.925,0.95,0.14577,0.27569,0.9625,0.95
287,0.00049,0.8514,1.0,0.95,0.25834,0.24622,0.9375,0.95,0.14571,0.2779,0.9625,0.95
288,0.00049,0.85379,1.0,0.95,0.25993,0.19988,0.925,0.95,0.14656,0.2782,0.9625,0.95
289,0.00048,0.85171,1.0,0.95,0.25833,0.24137,0.9375,0.95,0.14603,0.28079,0.9625,0.95
290,0.00048,0.85192,1.0,0.95,0.25789,0.2017,0.925,0.95,0.14862,0.27741,0.9625,0.95
291,0.00047,0.84859,1.0,0.95,0.2573,0.2434,0.9375,0.95,0.1455,0.28056,0.9625,0.95
292,0.00047,0.8491,1.0,0.95,0.2588,0.20297,0.925,0.95,0.1471,0.27899,0.9625,0.95
293,0.00047,0.85494,1.0,0.95,0.25659,0.24468,0.9375,0.95,0.14584,0.28717,0.9625,0.95
294,0.00046,0.85931,1.0,0.95,0.2571,0.20282,0.925,0.95,0.14517,0.27857,0.9625,0.95
295,0.00046,0.85861,1.0,0.95,0.25657,0.23851,0.9375,0.95,0.14506,0.27768,0.9625,0.95
296,0.00045,0.85544,1.0,0.95,0.25689,0.2038,0.925,0.95,0.14421,0.2803,0.9625,0.95
297,0.00045,0.85163,1.0,0.95,0.25563,0.24172,0.9375,0.95,0.14436,0.2793,0.9625,0.95
298,0.00044,0.85421,1.0,0.95,0.25666,0.20157,0.925,0.95,0.14599,0.27942,0.9625,0.95
299,0.00043,0.85713,1.0,0.95,0.25478,0.23546,0.9375,0.95,0.14474,0.28785,0.9625,0.95
300,0.00043,0.85527,1.0,0.95,0.2551,0.20094,0.925,0.95,0.14532,0.28156,0.9625,0.95
301,0.00042,0.85692,1.0,0.95,0.25499,0.23763,0.9375,0.95,0.14488,0.2773,0.9625,0.95
302,0.00043,0.85976,1.0,0.95,0.25617,0.20345,0.925,0.95,0.14357,0.28547,0.9625,0.95
303,0.00042,0.86101,1.0,0.95,0.25477,0.24126,0.9375,0.95,0.1461,0.28039,0.9625,0.95
304,0.00041,0.86108,1.0,0.95,0.25645,0.20147,0.925,0.95,0.14648,0.29094,0.9625,0.95
305,0.00041,0.85738,1.0,0.95,0.25526,0.23835,0.9375,0.95,0.14499,0.2892,0.9625,0.95
306,0.00041,0.85872,1.0,0.95,0.25607,0.20128,0.925,0.95,0.14483,0.27543,0.9625,0.95
307,0.0004,0.86172,1.0,0.95,0.25368,0.24199,0.9375,0.95,0.14481,0.28211,0.975,0.95
308,0.0004,0.86318,1.0,0.95,0.25452,0.19916,0.925,0.95,0.14247,0.29514,0.9625,0.95
309,0.0004,0.86018,1.0,0.95,0.25366,0.23429,0.9375,0.95,0.14464,0.2853,0.9625,0.95
310,0.00039,0.86155,1.0,0.95,0.25387,0.20211,0.925,0.95,0.14422,0.28113,0.9625,0.95
311,0.00039,0.86406,1.0,0.95,0.25423,0.239,0.9375,0.95,0.14239,0.28404,0.9625,0.95
312,0.00038,0.86463,1.0,0.95,0.2566,0.20118,0.925,0.95,0.14204,0.27956,0.9625,0.95
313,0.00038,0.86207,1.0,0.95,0.25432,0.24705,0.9375,0.95,0.14293,0.28788,0.9625,0.95
314,0.00038,0.86338,1.0,0.95,0.25558,0.19977,0.925,0.95,0.14273,0.29049,0.9625,0.95
315,0.00037,0.86599,1.0,0.95,0.25371,0.23606,0.9375,0.95,0.14317,0.28468,0.9625,0.95
316,0.00037,0.86807,1.0,0.95,0.25346,0.19833,0.925,0.95,0.14298,0.29154,0.9625,0.95
317,0.00037,0.86517,1.0,0.95,0.25307,0.23415,0.9375,0.95,0.14246,0.29083,0.9625,0.95
318,0.00036,0.86512,1.0,0.95,0.25373,0.19984,0.925,0.95,0.14234,0.2811,0.9625,0.95
319,0.00036,0.8679,1.0,0.95,0.25245,0.23816,0.9375,0.95,0.14158,0.28588,0.9625,0.95
320,0.00036,0.87042,1.0,0.95,0.25336,0.197,0.925,0.95,0.14097,0.29003,0.9625,0.95
321,0.00035,0.86883,1.0,0.95,0.25175,0.22984,0.9375,0.95,0.14164,0.28641,0.9625,0.95
322,0.00035,0.86844,1.0,0.95,0.25093,0.2041,0.925,0.95,0.14128,0.28355,0.9625,0.95
323,0.00035,0.86877,1.0,0.95,0.25129,0.23498,0.9375,0.95,0.14297,0.28741,0.9625,0.95
324,0.00034,0.86675,1.0,0.95,0.25422,0.19985,0.925,0.95,0.14131,0.29199,0.9625,0.95
325,0.00034,0.869,1.0,0.95,0.25029,0.23713,0.9375,0.95,0.14084,0.28551,0.9625,0.95
326,0.00034,0.87347,1.0,0.95,0.2518,0.19768,0.925,0.95,0.14144,0.28471,0.9625,0.95
327,0.00033,0.87657,1.0,0.95,0.25187,0.23934,0.9375,0.95,0.14023,0.29732,0.9625,0.95
328,0.00033,0.87238,1.0,0.95,0.25458,0.19828,0.925,0.95,0.14044,0.28995,0.9625,0.95
329,0.00033,0.86848,1.0,0.95,0.25152,0.23861,0.9375,0.95,0.14146,0.28379,0.9625,0.95
330,0.00033,0.86939,1.0,0.95,0.25232,0.19696,0.925,0.95,0.1402,0.29481,0.9625,0.95
331,0.00032,0.87343,1.0,0.95,0.25095,0.23559,0.9375,0.95,0.14037,0.29262,0.9625,0.95
332,0.00032,0.87705,1.0,0.95,0.25268,0.19435,0.925,0.95,0.14099,0.28506,0.9625,0.95
333,0.00032,0.87566,1.0,0.95,0.25224,0.24097,0.9375,0.95,0.13916,0.28769,0.9625,0.95
334,0.00032,0.87196,1.0,0.95,0.25302,0.19735,0.925,0.95,0.14253,0.28788,0.9625,0.95
335,0.00031,0.87207,1.0,0.95,0.25073,0.23952,0.9375,0.95,0.1398,0.29655,0.9625,0.95
336,0.00031,0.87536,1.0,0.95,0.25232,0.1961,0.925,0.95,0.13961,0.29362,0.9625,0.95
337,0.00031,0.87773,1.0,0.95,0.25024,0.23206,0.9375,0.95,0.13998,0.28444,0.9625,0.95
338,0.00031,0.87893,1.0,0.95,0.25063,0.1981,0.925,0.95,0.1411,0.28734,0.9625,0.95
339,0.0003,0.87933,1.0,0.95,0.2498,0.23784,0.9375,0.95,0.13885,0.30707,0.9625,0.95
340,0.0003,0.8748,1.0,0.95,0.25279,0.19421,0.925,0.95,0.14043,0.29281,0.9625,0.95
341,0.0003,0.87182,1.0,0.95,0.24937,0.23805,0.9375,0.95,0.14038,0.28466,0.9625,0.95
342,0.0003,0.87589,1.0,0.95,0.25008,0.19502,0.925,0.95,0.13843,0.29418,0.975,0.95
343,0.00029,0.88118,1.0,0.95,0.2501,0.23174,0.9375,0.95,0.1408,0.29023,0.9625,0.95
344,0.00029,0.88389,1.0,0.95,0.25266,0.19436,0.925,0.95,0.14048,0.30152,0.9625,0.95
345,0.00029,0.88361,1.0,0.95,0.24933,0.2413,0.9375,0.95,0.13934,0.29943,0.9625,0.95
346,0.00029,0.88215,1.0,0.95,0.25128,0.19706,0.925,0.95,0.13921,0.28653,0.9625,0.95
347,0.00029,0.87679,1.0,0.95,0.24932,0.23566,0.9375,0.95,0.1381,0.28856,0.9625,0.95
348,0.00028,0.87398,1.0,0.95,0.25252,0.19198,0.925,0.95,0.13756,0.29445,0.9625,0.95
349,0.00028,0.87893,1.0,0.95,0.24864,0.23778,0.9375,0.95,0.13797,0.29413,0.9625,0.95
350,0.00028,0.88576,1.0,0.95,0.25031,0.19517,0.925,0.95,0.13879,0.29266,0.9625,0.95
351,0.00028,0.88881,1.0,0.95,0.24931,0.23595,0.9375,0.95,0.13898,0.29735,0.9625,0.95
352,0.00027,0.88714,1.0,0.95,0.25229,0.19401,0.925,0.95,0.13788,0.30337,0.9625,0.95
353,0.00027,0.88329,1.0,0.95,0.24952,0.24132,0.9375,0.95,0.13801,0.29262,0.9625,0.95
354,0.00027,0.87783,1.0,0.95,0.25199,0.1916,0.925,0.95,0.13796,0.29381,0.9625,0.95
355,0.00027,0.87664,1.0,0.95,0.24962,0.23787,0.9375,0.95,0.13659,0.29839,0.9625,0.95
356,0.00026,0.88152,1.0,0.95,0.24999,0.19439,0.925,0.95,0.13654,0.29249,0.9625,0.95
357,0.00026,0.88752,1.0,0.95,0.24905,0.22921,0.9375,0.95,0.13731,0.29597,0.9625,0.95
358,0.00026,0.89079,1.0,0.95,0.24965,0.19373,0.925,0.95,0.13689,0.30496,0.9625,0.95
359,0.00026,0.88991,1.0,0.95,0.24743,0.23517,0.9375,0.95,0.13686,0.29771,0.9625,0.95
360,0.00026,0.88758,1.0,0.95,0.24809,0.19563,0.925,0.95,0.13956,0.29025,0.9625,0.95
361,0.00025,0.88369,1.0,0.95,0.24767,0.22756,0.9375,0.95,0.13672,0.30333,0.9625,0.95
362,0.00025,0.8829,1.0,0.95,0.24735,0.19502,0.925,0.95,0.13679,0.29718,0.9625,0.95
363,0.00025,0.88549,1.0,0.95,0.24648,0.2258,0.9375,0.95,0.13885,0.29357,0.9625,0.95
364,0.00025,0.88818,1.0,0.95,0.24679,0.19627,0.925,0.95,0.13702,0.3066,0.975,0.95
365,0.00025,0.89042,1.0,0.95,0.24512,0.228,0.9375,0.95,0.13624,0.29857,0.9625,0.95
366,0.00024,0.8919,1.0,0.95,0.24751,0.19582,0.925,0.95,0.13709,0.29206,0.9625,0.95
367,0.00024,0.88926,1.0,0.95,0.24497,0.22646,0.9375,0.95,0.13546,0.30297,0.975,0.95
368,0.00024,0.88733,1.0,0.95,0.24642,0.19523,0.925,0.95,0.13559,0.29955,0.9625,0.95
369,0.00024,0.88891,1.0,0.95,0.24544,0.23125,0.9375,0.95,0.13691,0.29607,0.9625,0.95
370,0.00024,0.8919,1.0,0.95,0.24872,0.19446,0.925,0.95,0.13705,0.30398,0.9625,0.95
371,0.00024,0.89189,1.0,0.95,0.24587,0.23325,0.9375,0.95,0.13601,0.3118,0.9625,0.95
372,0.00024,0.89257,1.0,0.95,0.24809,0.19283,0.925,0.95,0.13673,0.30031,0.9625,0.95
373,0.00023,0.89259,1.0,0.95,0.24641,0.23188,0.9375,0.95,0.13615,0.29825,0.9625,0.95
374,0.00023,0.89274,1.0,0.95,0.24882,0.19366,0.925,0.95,0.13464,0.30316,0.9625,0.95
375,0.00023,0.89182,1.0,0.95,0.24536,0.23664,0.9375,0.95,0.13647,0.29769,0.9625,0.95
376,0.00023,0.89341,1.0,0.95,0.2482,0.18864,0.925,0.95,0.13579,0.30704,0.9625,0.95
377,0.00023,0.89575,1.0,0.95,0.24602,0.22979,0.9375,0.95,0.13504,0.30254,0.9625,0.95
378,0.00022,0.895,1.0,0.95,0.2467,0.19492,0.925,0.95,0.13645,0.29266,0.9625,0.95
379,0.00022,0.89458,1.0,0.95,0.24521,0.23584,0.9375,0.95,0.13443,0.30422,0.9625,0.95
380,0.00022,0.89581,1.0,0.95,0.24975,0.19148,0.925,0.95,0.13426,0.30471,0.9625,0.95
381,0.00022,0.89523,1.0,0.95,0.24613,0.23732,0.9375,0.95,0.13487,0.3,0.9625,0.95
382,0.00022,0.8963,1.0,0.95,0.2463,0.19153,0.925,0.95,0.13407,0.30412,0.9625,0.95
383,0.00022,0.89777,1.0,0.95,0.24572,0.22562,0.9375,0.95,0.1365,0.30079,0.9625,0.95
384,0.00021,0.89823,1.0,0.95,0.24665,0.19239,0.925,0.95,0.13449,0.30971,0.9625,0.95
385,0.00021,0.89802,1.0,0.95,0.2443,0.23263,0.9375,0.95,0.13418,0.30523,0.9625,0.95
386,0.00021,0.89639,1.0,0.95,0.24561,0.19135,0.925,0.95,0.13437,0.29991,0.9625,0.95
387,0.00021,0.89597,1.0,0.95,0.24374,0.2248,0.9375,0.95,0.13452,0.30375,0.9625,0.95
388,0.00021,0.89848,1.0,0.95,0.2453,0.19354,0.925,0.95,0.134,0.31395,0.9625,0.95
389,0.00021,0.90121,1.0,0.95,0.24277,0.23268,0.9375,0.95,0.13395,0.30436,0.9625,0.95
390,0.00021,0.90245,1.0,0.95,0.24668,0.19252,0.925,0.95,0.13508,0.2963,0.9625,0.95
391,0.0002,0.9022,1.0,0.95,0.24376,0.23447,0.9375,0.95,0.13291,0.31214,0.975,0.95
392,0.0002,0.89904,1.0,0.95,0.24682,0.18973,0.925,0.95,0.13306,0.30947,0.9625,0.95
393,0.0002,0.89717,1.0,0.95,0.24444,0.23293,0.9375,0.95,0.13388,0.3001,0.9625,0.95
394,0.0002,0.89974,1.0,0.95,0.24796,0.19042,0.925,0.95,0.13306,0.30882,0.9625,0.95
395,0.0002,0.90338,1.0,0.95,0.24409,0.24183,0.9375,0.95,0.13511,0.30607,0.9625,0.95
396,0.0002,0.90555,1.0,0.95,0.2483,0.18493,0.925,0.95,0.13355,0.3135,0.9625,0.95
397,0.0002,0.90538,1.0,0.95,0.2455,0.23163,0.9375,0.95,0.13306,0.30981,0.9625,0.95
398,0.0002,0.90189,1.0,0.95,0.24594,0.19148,0.925,0.95,0.13481,0.30039,0.9625,0.95
399,0.00019,0.89914,1.0,0.95,0.24445,0.23987,0.9375,0.95,0.13296,0.31475,0.975,0.95
400,0.00019,0.9008,1.0,0.95,0.2485,0.1863,0.925,0.95,0.13247,0.30712,0.9625,0.95
401,0.00019,0.90475,1.0,0.95,0.2446,0.23446,0.9375,0.95,0.134,0.29915,0.9625,0.95
402,0.00019,0.90828,1.0,0.95,0.24349,0.19131,0.925,0.95,0.13264,0.31294,0.975,0.95
403,0.00019,0.9092,1.0,0.95,0.24467,0.22582,0.9375,0.95,0.1323,0.31321,0.9625,0.95
404,0.00019,0.9055,1.0,0.95,0.24679,0.1918,0.925,0.95,0.13345,0.30752,0.9625,0.95
405,0.00019,0.90237,1.0,0.95,0.24284,0.23945,0.9375,0.95,0.13211,0.31418,0.9625,0.95
406,0.00018,0.90313,1.0,0.95,0.24306,0.18904,0.925,0.95,0.13156,0.30957,0.9625,0.95
407,0.00018,0.90615,1.0,0.95,0.24276,0.21615,0.9375,0.95,0.13446,0.30261,0.9625,0.95
408,0.00018,0.90884,1.0,0.95,0.24233,0.19433,0.925,0.95,0.13243,0.31246,0.9625,0.95
409,0.00018,0.91057,1.0,0.95,0.24138,0.23047,0.9375,0.95,0.13214,0.30806,0.9625,0.95
410,0.00018,0.90868,1.0,0.95,0.24483,0.1903,0.925,0.95,0.13224,0.30461,0.9625,0.95
411,0.00018,0.90825,1.0,0.95,0.24198,0.23141,0.9375,0.95,0.13355,0.31254,0.975,0.95
412,0.00018,0.90883,1.0,0.95,0.242,0.19102,0.925,0.95,0.13109,0.31857,0.9625,0.95
413,0.00018,0.90774,1.0,0.95,0.24185,0.21995,0.9375,0.95,0.1321,0.31003,0.9625,0.95
414,0.00018,0.90891,1.0,0.95,0.244,0.19056,0.925,0.95,0.13215,0.30643,0.9625,0.95
415,0.00017,0.91097,1.0,0.95,0.24034,0.23383,0.9375,0.95,0.13221,0.31148,0.975,0.95
416,0.00017,0.91007,1.0,0.95,0.24335,0.18806,0.925,0.95,0.13062,0.31506,0.9625,0.95
417,0.00017,0.90993,1.0,0.95,0.24179,0.22783,0.9375,0.95,0.13191,0.30882,0.9625,0.95
418,0.00017,0.91099,1.0,0.95,0.2443,0.18914,0.925,0.95,0.13169,0.30894,0.9625,0.95
419,0.00017,0.91253,1.0,0.95,0.24115,0.23453,0.9375,0.95,0.13141,0.30829,0.9625,0.95
420,0.00017,0.91246,1.0,0.95,0.24428,0.18889,0.925,0.95,0.13056,0.31762,0.9625,0.95
421,0.00017,0.91175,1.0,0.95,0.24147,0.23055,0.9375,0.95,0.13114,0.31329,0.9625,0.95
422,0.00017,0.91252,1.0,0.95,0.24242,0.18823,0.925,0.95,0.13104,0.31001,0.9625,0.95
423,0.00017,0.91368,1.0,0.95,0.24187,0.22509,0.9375,0.95,0.12977,0.31296,0.9625,0.95
424,0.00017,0.91414,1.0,0.95,0.24405,0.18909,0.925,0.95,0.13118,0.31136,0.9625,0.95
425,0.00016,0.91445,1.0,0.95,0.24126,0.24117,0.9375,0.95,0.13046,0.31675,0.9625,0.95
426,0.00016,0.91338,1.0,0.95,0.24441,0.18644,0.925,0.95,0.12968,0.31368,0.9625,0.95
427,0.00016,0.9134,1.0,0.95,0.24137,0.22568,0.9375,0.95,0.13023,0.31052,0.9625,0.95
428,0.00016,0.91523,1.0,0.95,0.24136,0.1905,0.925,0.95,0.12889,0.31432,0.9625,0.95
429,0.00016,0.91713,1.0,0.95,0.24016,0.22727,0.9375,0.95,0.13177,0.31105,0.9625,0.95
430,0.00016,0.91792,1.0,0.95,0.24393,0.18738,0.925,0.95,0.13058,0.32217,0.975,0.95
431,0.00016,0.91825,1.0,0.95,0.2409,0.23514,0.9375,0.95,0.13,0.31744,0.9625,0.95
432,0.00016,0.9183,1.0,0.95,0.24153,0.18588,0.925,0.95,0.13182,0.30869,0.9625,0.95
433,0.00016,0.91586,1.0,0.95,0.24088,0.22165,0.9375,0.95,0.12978,0.32516,0.975,0.95
434,0.00016,0.91455,1.0,0.95,0.24252,0.18962,0.925,0.95,0.12939,0.31983,0.9625,0.95
435,0.00015,0.917,1.0,0.95,0.24026,0.23587,0.9375,0.95,0.13026,0.30645,0.9625,0.95
436,0.00015,0.91995,1.0,0.95,0.24303,0.18545,0.925,0.95,0.13011,0.31853,0.975,0.95
437,0.00015,0.92147,1.0,0.95,0.24033,0.2254,0.9375,0.95,0.12919,0.33199,0.9625,0.95
438,0.00015,0.92166,1.0,0.95,0.23951,0.18956,0.925,0.95,0.13029,0.3137,0.9625,0.95
439,0.00015,0.92142,1.0,0.95,0.23966,0.22238,0.9375,0.95,0.12988,0.30917,0.9625,0.95
440,0.00015,0.91947,1.0,0.95,0.24305,0.18588,0.925,0.95,0.12823,0.32307,0.975,0.95
441,0.00015,0.91757,1.0,0.95,0.23917,0.23544,0.9375,0.95,0.13028,0.31463,0.9625,0.95
442,0.00015,0.91865,1.0,0.95,0.24,0.18782,0.925,0.95,0.13022,0.31889,0.9625,0.95
443,0.00015,0.92108,1.0,0.95,0.23895,0.21376,0.9375,0.95,0.12923,0.31966,0.9625,0.95
444,0.00015,0.92303,1.0,0.95,0.23997,0.18961,0.925,0.95,0.12953,0.31341,0.9625,0.95
445,0.00015,0.92332,1.0,0.95,0.23737,0.22586,0.9375,0.95,0.12836,0.31375,0.9625,0.95
446,0.00015,0.92157,1.0,0.95,0.2405,0.18823,0.925,0.95,0.12761,0.31737,0.9625,0.95
447,0.00014,0.92227,1.0,0.95,0.23874,0.22733,0.9375,0.95,0.1277,0.31827,0.9625,0.95
448,0.00014,0.92364,1.0,0.95,0.24005,0.18751,0.925,0.95,0.12798,0.31706,0.9625,0.95
449,0.00014,0.92344,1.0,0.95,0.2387,0.22114,0.9375,0.95,0.12786,0.3176,0.9625,0.95
450,0.00014,0.92384,1.0,0.95,0.2398,0.18949,0.925,0.95,0.12849,0.32026,0.9625,0.95
451,0.00014,0.92452,1.0,0.95,0.23779,0.22952,0.9375,0.95,0.12884,0.32766,0.9625,0.95
452,0.00014,0.92415,1.0,0.95,0.24037,0.18894,0.925,0.95,0.1285,0.32276,0.9625,0.95
453,0.00014,0.9249,1.0,0.95,0.23789,0.22144,0.9375,0.95,0.12857,0.31376,0.9625,0.95
454,0.00014,0.92657,1.0,0.95,0.23883,0.19017,0.925,0.95,0.12752,0.31907,0.975,0.95
455,0.00014,0.92819,1.0,0.95,0.23712,0.22222,0.9375,0.95,0.12803,0.32075,0.9625,0.95
456,0.00014,0.9269,1.0,0.95,0.24061,0.18622,0.925,0.95,0.12927,0.32991,0.9625,0.95
457,0.00014,0.92511,1.0,0.95,0.23718,0.23159,0.9375,0.95,0.12879,0.32257,0.9625,0.95
458,0.00014,0.92564,1.0,0.95,0.24012,0.18611,0.925,0.95,0.12827,0.30956,0.9625,0.95
459,0.00013,0.92851,1.0,0.95,0.23774,0.22287,0.9375,0.95,0.12853,0.31562,0.9625,0.95
460,0.00013,0.93081,1.0,0.95,0.24107,0.18441,0.925,0.95,0.12686,0.32958,0.975,0.95
461,0.00013,0.93129,1.0,0.95,0.23723,0.23102,0.9375,0.95,0.12767,0.32091,0.9625,0.95
462,0.00013,0.92931,1.0,0.95,0.2406,0.18836,0.925,0.95,0.12846,0.31554,0.9625,0.95
463,0.00013,0.92668,1.0,0.95,0.23774,0.23089,0.9375,0.95,0.12726,0.3236,0.9625,0.95
464,0.00013,0.92669,1.0,0.95,0.24227,0.18249,0.925,0.95,0.1274,0.31918,0.9625,0.95
465,0.00013,0.92852,1.0,0.95,0.23909,0.2303,0.9375,0.95,0.12706,0.32263,0.9625,0.95
466,0.00013,0.93106,1.0,0.95,0.23997,0.18615,0.925,0.95,0.12666,0.32094,0.9625,0.95
467,0.00013,0.93316,1.0,0.95,0.23853,0.22949,0.9375,0.95,0.12641,0.31657,0.9625,0.95
468,0.00013,0.93212,1.0,0.95,0.24118,0.18381,0.925,0.95,0.12691,0.32058,0.9625,0.95
469,0.00013,0.93128,1.0,0.95,0.23809,0.22583,0.9375,0.95,0.12696,0.33121,0.9625,0.95
470,0.00013,0.93119,1.0,0.95,0.23846,0.18498,0.925,0.95,0.12745,0.32278,0.9625,0.95
471,0.00013,0.9307,1.0,0.95,0.23709,0.22401,0.9375,0.95,0.12719,0.31441,0.9625,0.95
472,0.00012,0.93212,1.0,0.95,0.23985,0.1853,0.925,0.95,0.12625,0.31523,0.975,0.95
473,0.00012,0.93376,1.0,0.95,0.23678,0.22945,0.9375,0.95,0.12515,0.32399,0.9625,0.95
474,0.00012,0.93486,1.0,0.95,0.23808,0.18551,0.925,0.95,0.12655,0.32384,0.9625,0.95
475,0.00012,0.93355,1.0,0.95,0.23666,0.22016,0.9375,0.95,0.12667,0.32131,0.9625,0.95
476,0.00012,0.93191,1.0,0.95,0.23886,0.18672,0.925,0.95,0.12742,0.32259,0.9625,0.95
477,0.00012,0.93291,1.0,0.95,0.2357,0.22639,0.9375,0.95,0.12614,0.33291,0.9625,0.95
478,0.00012,0.93533,1.0,0.95,0.23779,0.18632,0.925,0.95,0.12626,0.32526,0.9625,0.95
479,0.00012,0.93702,1.0,0.95,0.23592,0.22133,0.9375,0.95,0.12546,0.31676,0.9625,0.95
480,0.00012,0.93769,1.0,0.95,0.23703,0.18454,0.925,0.95,0.128,0.31998,0.975,0.95
481,0.00012,0.93594,1.0,0.95,0.23597,0.21775,0.9375,0.95,0.12556,0.33444,0.975,0.95
482,0.00012,0.93592,1.0,0.95,0.23649,0.18828,0.925,0.95,0.12641,0.32637,0.9625,0.95
483,0.00012,0.93607,1.0,0.95,0.23506,0.22659,0.9375,0.95,0.12626,0.31409,0.9625,0.95
484,0.00012,0.93685,1.0,0.95,0.23811,0.18793,0.925,0.95,0.12808,0.32263,0.975,0.95
485,0.00012,0.93773,1.0,0.95,0.23496,0.2203,0.9375,0.95,0.12387,0.34082,0.975,0.95
486,0.00012,0.9389,1.0,0.95,0.23609,0.18601,0.925,0.95,0.12541,0.32027,0.9625,0.95
487,0.00012,0.93798,1.0,0.95,0.23439,0.21927,0.9375,0.95,0.12909,0.31756,0.9625,0.95
488,0.00011,0.93703,1.0,0.95,0.23717,0.18692,0.925,0.95,0.12659,0.3446,0.975,0.95
489,0.00011,0.93824,1.0,0.95,0.23447,0.22866,0.9375,0.95,0.12561,0.32771,0.9625,0.95
490,0.00011,0.9404,1.0,0.95,0.23732,0.18342,0.925,0.95,0.12896,0.30783,0.9625,0.95
491,0.00011,0.94157,1.0,0.95,0.23515,0.21925,0.9375,0.95,0.12704,0.34081,0.975,0.95
492,0.00011,0.94126,1.0,0.95,0.23677,0.18426,0.925,0.95,0.12469,0.3369,0.9625,0.95
493,0.00011,0.93939,1.0,0.95,0.23381,0.22208,0.9375,0.95,0.12562,0.30607,0.9625,0.95
494,0.00011,0.9386,1.0,0.95,0.23653,0.18716,0.925,0.95,0.12732,0.31856,0.975,0.95
495,0.00011,0.94029,1.0,0.95,0.23467,0.22548,0.9375,0.95,0.12351,0.34617,0.975,0.95
496,0.00011,0.94241,1.0,0.95,0.23819,0.18329,0.925,0.95,0.1253,0.31962,0.9625,0.95
497,0.00011,0.94374,1.0,0.95,0.23432,0.22213,0.9375,0.95,0.13003,0.31094,0.9625,0.95
498,0.00011,0.94405,1.0,0.95,0.23638,0.18672,0.925,0.95,0.12677,0.34806,0.9875,0.95
499,0.00011,0.9423,1.0,0.95,0.23442,0.22635,0.9375,0.95,0.1251,0.33385,0.9625,0.95
500,0.00011,0.94062,1.0,0.95,0.23734,0.18379,0.925,0.95,0.12627,0.30781,0.9625,0.95
501,0.00011,0.94206,1.0,0.95,0.23392,0.21921,0.9375,0.95,0.12693,0.32621,0.975,0.95
502,0.00011,0.94467,1.0,0.95,0.23497,0.18523,0.925,0.95,0.12278,0.3477,0.975,0.95
503,0.00011,0.94654,1.0,0.95,0.23417,0.22215,0.9375,0.95,0.12483,0.32154,0.9625,0.95
504,0.00011,0.94703,1.0,0.95,0.23752,0.18499,0.925,0.95,0.12524,0.31863,0.9625,0.95
505,0.00011,0.94607,1.0,0.95,0.23424,0.22786,0.9375,0.95,0.12478,0.33807,0.975,0.95
506,0.00011,0.94326,1.0,0.95,0.23662,0.18275,0.925,0.95,0.12281,0.33898,0.9625,0.95
507,0.0001,0.94201,1.0,0.95,0.23419,0.22049,0.9375,0.95,0.12323,0.32049,0.9625,0.95
508,0.0001,0.94425,1.0,0.95,0.23609,0.18471,0.925,0.95,0.12837,0.32348,0.9625,0.95
509,0.0001,0.94737,1.0,0.95,0.23372,0.22146,0.9375,0.95,0.12542,0.35837,0.9875,0.95
510,0.0001,0.94956,1.0,0.95,0.23602,0.18345,0.925,0.95,0.12575,0.3348,0.9625,0.95
511,0.0001,0.95001,1.0,0.95,0.23297,0.22133,0.9375,0.95,0.12723,0.32023,0.9625,0.95
512,0.0001,0.94748,1.0,0.95,0.23598,0.18104,0.925,0.95,0.12394,0.3344,0.975,0.95
513,0.0001,0.94604,1.0,0.95,0.23297,0.22083,0.9375,0.95,0.12469,0.32506,0.9625,0.95
514,0.0001,0.94665,1.0,0.95,0.23458,0.18857,0.925,0.95,0.12335,0.32565,0.9625,0.95
515,0.0001,0.94714,1.0,0.95,0.23298,0.22567,0.9375,0.95,0.12258,0.33553,0.9625,0.95
516,0.0001,0.94882,1.0,0.95,0.2386,0.18304,0.925,0.95,0.12293,0.32713,0.9625,0.95
517,0.0001,0.9505,1.0,0.95,0.2328,0.22554,0.9375,0.95,0.12465,0.32502,0.975,0.95
518,0.0001,0.94954,1.0,0.95,0.23464,0.18333,0.925,0.95,0.12293,0.34297,0.975,0.95
519,0.0001,0.94951,1.0,0.95,0.23326,0.22455,0.9375,0.95,0.12303,0.33543,0.9625,0.95
520,0.0001,0.95058,1.0,0.95,0.23889,0.17961,0.925,0.95,0.12283,0.32289,0.9625,0.95
521,0.0001,0.95144,1.0,0.95,0.23444,0.23419,0.9375,0.95,0.12549,0.33063,0.975,0.95
522,0.0001,0.9508,1.0,0.95,0.23552,0.18397,0.925,0.95,0.12239,0.34592,0.975,0.95
523,0.0001,0.95164,1.0,0.95,0.23418,0.22456,0.9375,0.95,0.12375,0.33434,0.9625,0.95
524,0.0001,0.95138,1.0,0.95,0.23786,0.17994,0.925,0.95,0.12345,0.32635,0.9625,0.95
525,0.0001,0.95174,1.0,0.95,0.23337,0.22409,0.9375,0.95,0.12412,0.33332,0.975,0.95
526,9e-05,0.95291,1.0,0.95,0.23415,0.18255,0.925,0.95,0.12055,0.34429,0.975,0.95
527,9e-05,0.9544,1.0,0.95,0.23269,0.22451,0.9375,0.95,0.12374,0.3301,0.9625,0.95
528,9e-05,0.95489,1.0,0.95,0.23759,0.18019,0.925,0.95,0.12503,0.33805,0.9625,0.95
529,9e-05,0.95316,1.0,0.95,0.23389,0.22969,0.9375,0.95,0.1227,0.34426,0.9625,0.95
530,9e-05,0.95191,1.0,0.95,0.2341,0.18377,0.925,0.95,0.12212,0.32699,0.9625,0.95
531,9e-05,0.9535,1.0,0.95,0.23291,0.21731,0.9375,0.95,0.12471,0.32021,0.9625,0.95
532,9e-05,0.956,1.0,0.95,0.2351,0.18233,0.925,0.95,0.12297,0.34768,0.975,0.95
533,9e-05,0.95792,1.0,0.95,0.23179,0.22271,0.9375,0.95,0.12258,0.34658,0.9625,0.95
534,9e-05,0.95839,1.0,0.95,0.23379,0.18541,0.925,0.95,0.12371,0.32515,0.9625,0.95
535,9e-05,0.95636,1.0,0.95,0.23142,0.22129,0.9375,0.95,0.12144,0.32755,0.975,0.95
536,9e-05,0.95423,1.0,0.95,0.23525,0.18069,0.925,0.95,0.12356,0.33735,0.975,0.95
537,9e-05,0.95504,1.0,0.95,0.23238,0.22097,0.9375,0.95,0.12197,0.34572,0.975,0.95
538,9e-05,0.95673,1.0,0.95,0.23248,0.18369,0.925,0.95,0.12299,0.33393,0.9625,0.95
539,9e-05,0.95814,1.0,0.95,0.23118,0.21947,0.9375,0.95,0.12223,0.32987,0.9625,0.95
540,9e-05,0.9577,1.0,0.95,0.23437,0.183,0.925,0.95,0.12262,0.33128,0.975,0.95
541,9e-05,0.95797,1.0,0.95,0.23197,0.22127,0.9375,0.95,0.12065,0.34045,0.975,0.95
542,9e-05,0.95854,1.0,0.95,0.23277,0.1806,0.925,0.95,0.12094,0.33195,0.9625,0.95
543,9e-05,0.95798,1.0,0.95,0.23193,0.218,0.9375,0.95,0.1244,0.32834,0.9625,0.95
544,9e-05,0.95887,1.0,0.95,0.23387,0.18434,0.925,0.95,0.12324,0.35441,0.9875,0.95
545,9e-05,0.95999,1.0,0.95,0.23104,0.22174,0.9375,0.95,0.12094,0.34546,0.9625,0.95
546,9e-05,0.95936,1.0,0.95,0.23303,0.18143,0.925,0.95,0.12261,0.3241,0.9625,0.95
547,9e-05,0.95962,1.0,0.95,0.23097,0.21317,0.9375,0.95,0.12102,0.33166,0.975,0.95
548,9e-05,0.96103,1.0,0.95,0.23233,0.18266,0.925,0.95,0.12236,0.34256,0.975,0.95
549,9e-05,0.96197,1.0,0.95,0.22998,0.21517,0.9375,0.95,0.12102,0.34727,0.9625,0.95
550,9e-05,0.96166,1.0,0.95,0.23313,0.18364,0.925,0.95,0.12257,0.33756,0.9625,0.95
551,8e-05,0.96065,1.0,0.95,0.22993,0.22323,0.9375,0.95,0.12184,0.33664,0.9625,0.95
552,8e-05,0.9611,1.0,0.95,0.23283,0.18251,0.925,0.95,0.12084,0.3354,0.975,0.95
553,8e-05,0.96284,1.0,0.95,0.23037,0.21585,0.9375,0.95,0.11996,0.34476,0.975,0.95
554,8e-05,0.96407,1.0,0.95,0.23288,0.18162,0.925,0.95,0.1201,0.33369,0.9625,0.95
555,8e-05,0.9644,1.0,0.95,0.22994,0.22124,0.9375,0.95,0.125,0.32763,0.9625,0.95
556,8e-05,0.96273,1.0,0.95,0.23373,0.18268,0.925,0.95,0.12295,0.3543,0.9875,0.95
557,8e-05,0.96162,1.0,0.95,0.23038,0.22665,0.9375,0.95,0.12053,0.34647,0.9625,0.95
558,8e-05,0.96307,1.0,0.95,0.23319,0.18179,0.925,0.95,0.1216,0.32068,0.9625,0.95
559,8e-05,0.9652,1.0,0.95,0.23072,0.21487,0.9375,0.95,0.12317,0.33064,0.975,0.95
560,8e-05,0.96616,1.0,0.95,0.23279,0.18098,0.925,0.95,0.12018,0.35802,0.975,0.95
561,8e-05,0.96535,1.0,0.95,0.22992,0.21867,0.9375,0.95,0.1213,0.34068,0.9625,0.95
562,8e-05,0.96498,1.0,0.95,0.23325,0.1832,0.925,0.95,0.12149,0.3233,0.9625,0.95
563,8e-05,0.96522,1.0,0.95,0.22941,0.22636,0.9375,0.95,0.12171,0.33779,0.975,0.95
564,8e-05,0.96508,1.0,0.95,0.23265,0.18117,0.925,0.95,0.11896,0.35442,0.975,0.95
565,8e-05,0.9662,1.0,0.95,0.23057,0.21149,0.9375,0.95,0.11993,0.3324,0.9625,0.95
566,8e-05,0.96729,1.0,0.95,0.23126,0.18109,0.925,0.95,0.12291,0.32727,0.9625,0.95
567,8e-05,0.96692,1.0,0.95,0.22895,0.21783,0.9375,0.95,0.12226,0.35682,0.975,0.95
568,8e-05,0.96699,1.0,0.95,0.23353,0.18011,0.925,0.95,0.11934,0.34711,0.9625,0.95
569,8e-05,0.96666,1.0,0.95,0.22934,0.23145,0.9375,0.95,0.12046,0.31931,0.9625,0.95
570,8e-05,0.96693,1.0,0.95,0.23264,0.18,0.925,0.95,0.12459,0.32751,0.975,0.95
571,8e-05,0.96788,1.0,0.95,0.23056,0.21494,0.9375,0.95,0.12093,0.36435,0.9875,0.95
572,8e-05,0.96933,1.0,0.95,0.23251,0.18284,0.925,0.95,0.12033,0.34137,0.9625,0.95
573,8e-05,0.96978,1.0,0.95,0.22952,0.22377,0.9375,0.95,0.12504,0.31493,0.9625,0.95
574,8e-05,0.96871,1.0,0.95,0.23383,0.17754,0.925,0.95,0.12403,0.35392,0.9875,0.95
575,8e-05,0.96887,1.0,0.95,0.22932,0.22718,0.9375,0.95,0.11867,0.36247,0.9625,0.95
576,8e-05,0.96994,1.0,0.95,0.23108,0.18366,0.925,0.95,0.12251,0.31709,0.9625,0.95
577,8e-05,0.97138,1.0,0.95,0.22965,0.21344,0.9375,0.95,0.12011,0.324,0.9625,0.95
578,7e-05,0.97214,1.0,0.95,0.23442,0.18037,0.925,0.95,0.12012,0.35001,0.975,0.95
579,7e-05,0.97108,1.0,0.95,0.22872,0.22702,0.9375,0.95,0.11912,0.35321,0.9625,0.95
580,7e-05,0.97003,1.0,0.95,0.23134,0.17805,0.925,0.95,0.11965,0.33296,0.9625,0.95
581,7e-05,0.97087,1.0,0.95,0.22893,0.21553,0.9375,0.95,0.12134,0.32928,0.9625,0.95
582,7e-05,0.97216,1.0,0.95,0.23026,0.18646,0.925,0.95,0.12003,0.35234,0.975,0.95
583,7e-05,0.97307,1.0,0.95,0.22873,0.22102,0.9375,0.95,0.11844,0.34605,0.9625,0.95
584,7e-05,0.97371,1.0,0.95,0.23313,0.17814,0.925,0.95,0.11938,0.32746,0.9625,0.95
585,7e-05,0.97309,1.0,0.95,0.22939,0.22085,0.9375,0.95,0.12128,0.33739,0.975,0.95
586,7e-05,0.97204,1.0,0.95,0.22877,0.17977,0.925,0.95,0.11886,0.36005,0.975,0.95
587,7e-05,0.97287,1.0,0.95,0.22912,0.21226,0.9375,0.95,0.11931,0.34483,0.9625,0.95
588,7e-05,0.97455,1.0,0.95,0.23242,0.18217,0.925,0.95,0.11993,0.32898,0.9625,0.95
589,7e-05,0.97569,1.0,0.95,0.22871,0.2246,0.9375,0.95,0.11939,0.33735,0.975,0.95
590,7e-05,0.97459,1.0,0.95,0.23109,0.18112,0.925,0.95,0.11793,0.35499,0.975,0.95
591,7e-05,0.97425,1.0,0.95,0.22819,0.21319,0.9375,0.95,0.11811,0.33537,0.9625,0.95
592,7e-05,0.97483,1.0,0.95,0.23014,0.18093,0.925,0.95,0.12104,0.32631,0.9625,0.95
593,7e-05,0.97499,1.0,0.95,0.22779,0.21755,0.9375,0.95,0.12062,0.35917,0.975,0.95
594,7e-05,0.97582,1.0,0.95,0.23103,0.17698,0.925,0.95,0.11821,0.35342,0.9625,0.95
595,7e-05,0.97673,1.0,0.95,0.22777,0.21886,0.9375,0.95,0.11925,0.32351,0.9625,0.95
596,7e-05,0.97763,1.0,0.95,0.22924,0.18119,0.925,0.95,0.11787,0.32974,0.975,0.95
597,7e-05,0.97709,1.0,0.95,0.22825,0.2147,0.9375,0.95,0.1182,0.3461,0.975,0.95
598,7e-05,0.97606,1.0,0.95,0.23122,0.17947,0.925,0.95,0.11795,0.3505,0.975,0.95
599,7e-05,0.97604,1.0,0.95,0.22815,0.21936,0.9375,0.95,0.11902,0.33768,0.9625,0.95
600,7e-05,0.97738,1.0,0.95,0.23001,0.17929,0.925,0.95,0.11835,0.3363,0.9625,0.95
601,7e-05,0.97931,1.0,0.95,0.22785,0.21589,0.9375,0.95,0.11749,0.3395,0.975,0.95
602,7e-05,0.97919,1.0,0.95,0.23015,0.18055,0.925,0.95,0.11689,0.34713,0.975,0.95
603,7e-05,0.97885,1.0,0.95,0.22675,0.2174,0.9375,0.95,0.11667,0.33824,0.9625,0.95
604,7e-05,0.9793,1.0,0.95,0.22946,0.17871,0.925,0.95,0.11894,0.33093,0.9625,0.95
605,7e-05,0.97935,1.0,0.95,0.22733,0.21531,0.9375,0.95,0.11848,0.35274,0.975,0.95
606,7e-05,0.97882,1.0,0.95,0.2301,0.18258,0.925,0.95,0.11723,0.34944,0.9625,0.95
607,7e-05,0.97961,1.0,0.95,0.2273,0.21998,0.9375,0.95,0.1185,0.33103,0.9625,0.95
608,7e-05,0.98107,1.0,0.95,0.23299,0.17988,0.925,0.95,0.1167,0.33347,0.975,0.95
609,7e-05,0.98183,1.0,0.95,0.22822,0.2275,0.9375,0.95,0.1189,0.34297,0.975,0.95
610,7e-05,0.98188,1.0,0.95,0.23097,0.17764,0.925,0.95,0.11734,0.35613,0.975,0.95
611,7e-05,0.98077,1.0,0.95,0.22818,0.21711,0.9375,0.95,0.11887,0.34656,0.9625,0.95
612,7e-05,0.98013,1.0,0.95,0.22892,0.17766,0.925,0.95,0.11881,0.33834,0.9625,0.95
613,6e-05,0.98138,1.0,0.95,0.22809,0.20983,0.9375,0.95,0.11654,0.34324,0.975,0.95
614,6e-05,0.98316,1.0,0.95,0.22962,0.17766,0.925,0.95,0.11934,0.33167,0.975,0.95
615,6e-05,0.9844,1.0,0.95,0.22636,0.22032,0.9375,0.95,0.11772,0.34659,0.975,0.95
616,6e-05,0.9848,1.0,0.95,0.22968,0.17917,0.925,0.95,0.11809,0.34901,0.9625,0.95
617,6e-05,0.98363,1.0,0.95,0.22677,0.21816,0.9375,0.95,0.11813,0.33635,0.9625,0.95
618,6e-05,0.98221,1.0,0.95,0.22951,0.1796,0.925,0.95,0.11822,0.33269,0.975,0.95
619,6e-05,0.9827,1.0,0.95,0.22663,0.21824,0.9375,0.95,0.11724,0.35395,0.975,0.95
620,6e-05,0.98446,1.0,0.95,0.22987,0.17741,0.925,0.95,0.11652,0.34504,0.9625,0.95
621,6e-05,0.9863,1.0,0.95,0.22772,0.21893,0.9375,0.95,0.12048,0.32722,0.9625,0.95
622,6e-05,0.98554,1.0,0.95,0.22946,0.18126,0.925,0.95,0.12017,0.35266,0.975,0.95
623,6e-05,0.98517,1.0,0.95,0.22636,0.22043,0.9375,0.95,0.11662,0.3569,0.9625,0.95
624,6e-05,0.98572,1.0,0.95,0.2303,0.17399,0.925,0.95,0.11821,0.33325,0.9625,0.95
625,6e-05,0.98536,1.0,0.95,0.22743,0.2192,0.9375,0.95,0.11657,0.33255,0.9625,0.95
626,6e-05,0.98591,1.0,0.95,0.22764,0.18013,0.925,0.95,0.11808,0.34705,0.975,0.95
627,6e-05,0.98702,1.0,0.95,0.22741,0.2114,0.9375,0.95,0.11637,0.35647,0.975,0.95
628,6e-05,0.98677,1.0,0.95,0.23056,0.17753,0.925,0.95,0.11832,0.34069,0.9625,0.95
629,6e-05,0.98679,1.0,0.95,0.2259,0.21888,0.9375,0.95,0.11782,0.33563,0.9625,0.95
630,6e-05,0.98767,1.0,0.95,0.22698,0.17538,0.925,0.95,0.11567,0.34014,0.975,0.95
631,6e-05,0.98738,1.0,0.95,0.22653,0.2105,0.9375,0.95,0.12011,0.33361,0.975,0.95
632,6e-05,0.98786,1.0,0.95,0.22767,0.18303,0.925,0.95,0.11651,0.34889,0.975,0.95
633,6e-05,0.98848,1.0,0.95,0.22558,0.21362,0.9375,0.95,0.11703,0.34882,0.9625,0.95
634,6e-05,0.98856,1.0,0.95,0.22935,0.17708,0.925,0.95,0.11814,0.33833,0.9625,0.95
635,6e-05,0.98943,1.0,0.95,0.22519,0.21851,0.9375,0.95,0.11553,0.33974,0.975,0.95
636,6e-05,0.99002,1.0,0.95,0.22662,0.17826,0.925,0.95,0.11858,0.33945,0.975,0.95
637,6e-05,0.98969,1.0,0.95,0.22621,0.2103,0.9375,0.95,0.11624,0.35245,0.975,0.95
638,6e-05,0.99043,1.0,0.95,0.22855,0.1806,0.925,0.95,0.11721,0.34778,0.9625,0.95
639,6e-05,0.99027,1.0,0.95,0.22556,0.2164,0.9375,0.95,0.11696,0.33928,0.9625,0.95
640,6e-05,0.99035,1.0,0.95,0.22849,0.17553,0.925,0.95,0.11491,0.33966,0.975,0.95
641,6e-05,0.99125,1.0,0.95,0.22487,0.21277,0.9375,0.95,0.11848,0.3388,0.975,0.95
642,6e-05,0.9923,1.0,0.95,0.22573,0.18065,0.925,0.95,0.11632,0.35402,0.975,0.95
643,6e-05,0.99152,1.0,0.95,0.22452,0.21063,0.9375,0.95,0.11757,0.34922,0.9625,0.95
644,6e-05,0.991,1.0,0.95,0.22875,0.17723,0.925,0.95,0.11755,0.33804,0.9625,0.95
645,6e-05,0.99215,1.0,0.95,0.22501,0.21564,0.9375,0.95,0.1158,0.33781,0.975,0.95
646,6e-05,0.99365,1.0,0.95,0.22666,0.17852,0.925,0.95,0.1149,0.34919,0.975,0.95
647,6e-05,0.9945,1.0,0.95,0.2246,0.21464,0.9375,0.95,0.11463,0.33861,0.9625,0.95
648,6e-05,0.9949,1.0,0.95,0.22793,0.1763,0.925,0.95,0.11507,0.33345,0.9625,0.95
649,6e-05,0.99366,1.0,0.95,0.22557,0.21845,0.9375,0.95,0.11704,0.34313,0.975,0.95
650,6e-05,0.99235,1.0,0.95,0.22793,0.18048,0.925,0.95,0.1157,0.35805,0.975,0.95
651,6e-05,0.99348,1.0,0.95,0.22613,0.22094,0.9375,0.95,0.1156,0.34151,0.9625,0.95
652,6e-05,0.99525,1.0,0.95,0.22828,0.17898,0.925,0.95,0.11903,0.32749,0.9625,0.95
653,6e-05,0.99646,1.0,0.95,0.22494,0.21649,0.9375,0.95,0.11831,0.36367,0.9875,0.95
654,5e-05,0.99667,1.0,0.95,0.22659,0.1734,0.925,0.95,0.11507,0.36364,0.9625,0.95
655,5e-05,0.99555,1.0,0.95,0.22592,0.21502,0.9375,0.95,0.11723,0.32997,0.9625,0.95
656,5e-05,0.99466,1.0,0.95,0.22908,0.17999,0.925,0.95,0.1158,0.33445,0.9625,0.95
657,5e-05,0.99528,1.0,0.95,0.22508,0.22602,0.9375,0.95,0.11756,0.35367,0.975,0.95
658,5e-05,0.9964,1.0,0.95,0.22867,0.17722,0.925,0.95,0.11516,0.36148,0.975,0.95
659,5e-05,0.99753,1.0,0.95,0.22532,0.21262,0.9375,0.95,0.11624,0.3429,0.9625,0.95
660,5e-05,0.99718,1.0,0.95,0.22615,0.17722,0.925,0.95,0.11582,0.33777,0.9625,0.95
661,5e-05,0.99694,1.0,0.95,0.22386,0.21232,0.9375,0.95,0.11545,0.3476,0.975,0.95
662,5e-05,0.99745,1.0,0.95,0.22742,0.17451,0.925,0.95,0.11447,0.35934,0.975,0.95
663,5e-05,0.9983,1.0,0.95,0.2245,0.21916,0.9375,0.95,0.11441,0.34129,0.9625,0.95
664,5e-05,0.99913,1.0,0.95,0.22572,0.1807,0.925,0.95,0.11683,0.33179,0.9625,0.95
665,5e-05,0.99851,1.0,0.95,0.22389,0.21439,0.9375,0.95,0.11699,0.35891,0.975,0.95
666,5e-05,0.99853,1.0,0.95,0.22784,0.17954,0.925,0.95,0.11452,0.35587,0.9625,0.95
667,5e-05,0.99921,1.0,0.95,0.22396,0.2167,0.9375,0.95,0.11566,0.32856,0.9625,0.95
668,5e-05,0.9992,1.0,0.95,0.22609,0.17864,0.925,0.95,0.1145,0.33459,0.975,0.95
669,5e-05,0.99963,1.0,0.95,0.2233,0.2121,0.9375,0.95,0.11647,0.3486,0.975,0.95
670,5e-05,0.99931,1.0,0.95,0.22763,0.17789,0.925,0.95,0.11521,0.35773,0.975,0.95
671,5e-05,1.0001,1.0,0.95,0.22372,0.22236,0.9375,0.95,0.11616,0.34377,0.9625,0.95
672,5e-05,1.00114,1.0,0.95,0.22704,0.17817,0.925,0.95,0.11571,0.33625,0.9625,0.95
673,5e-05,1.00203,1.0,0.95,0.22411,0.21317,0.9375,0.95,0.11357,0.34458,0.975,0.95
674,5e-05,1.00146,1.0,0.95,0.22727,0.17728,0.925,0.95,0.11753,0.34166,0.975,0.95
675,5e-05,1.00156,1.0,0.95,0.22284,0.21844,0.9375,0.95,0.11519,0.35344,0.975,0.95
676,5e-05,1.00158,1.0,0.95,0.22696,0.1723,0.925,0.95,0.11612,0.35085,0.9625,0.95
677,5e-05,1.00245,1.0,0.95,0.22487,0.21719,0.9375,0.95,0.11626,0.3413,0.9625,0.95
678,5e-05,1.00311,1.0,0.95,0.22623,0.17837,0.925,0.95,0.11436,0.3404,0.975,0.95
679,5e-05,1.00279,1.0,0.95,0.22372,0.21288,0.9375,0.95,0.11391,0.35129,0.975,0.95
680,5e-05,1.00252,1.0,0.95,0.22896,0.17415,0.925,0.95,0.11262,0.3393,0.9625,0.95
681,5e-05,1.0033,1.0,0.95,0.22377,0.22078,0.9375,0.95,0.11637,0.33167,0.9625,0.95
682,5e-05,1.00422,1.0,0.95,0.22537,0.17633,0.925,0.95,0.11742,0.36244,0.975,0.95
683,5e-05,1.00489,1.0,0.95,0.22368,0.21282,0.9375,0.95,0.11463,0.36217,0.9625,0.95
684,5e-05,1.00433,1.0,0.95,0.22686,0.1757,0.925,0.95,0.11586,0.33212,0.9625,0.95
685,5e-05,1.00369,1.0,0.95,0.22363,0.21281,0.9375,0.95,0.11411,0.32776,0.9625,0.95
686,5e-05,1.00439,1.0,0.95,0.22559,0.17568,0.925,0.95,0.11657,0.34836,0.975,0.95
687,5e-05,1.00549,1.0,0.95,0.22339,0.21669,0.9375,0.95,0.11436,0.36896,0.975,0.95
688,5e-05,1.00661,1.0,0.95,0.2266,0.17547,0.925,0.95,0.11578,0.35007,0.9625,0.95
689,5e-05,1.00727,1.0,0.95,0.22337,0.21445,0.9375,0.95,0.11603,0.33795,0.9625,0.95
690,5e-05,1.0063,1.0,0.95,0.22399,0.17734,0.925,0.95,0.11329,0.34729,0.975,0.95
691,5e-05,1.00522,1.0,0.95,0.22317,0.20847,0.9375,0.95,0.11706,0.34416,0.975,0.95
692,5e-05,1.00616,1.0,0.95,0.22644,0.17501,0.925,0.95,0.1137,0.35477,0.975,0.95
693,5e-05,1.00741,1.0,0.95,0.22231,0.21985,0.9375,0.95,0.11362,0.35288,0.9625,0.95
694,5e-05,1.00846,1.0,0.95,0.22499,0.17945,0.925,0.95,0.11442,0.33998,0.9625,0.95
695,5e-05,1.0093,1.0,0.95,0.22277,0.20973,0.9375,0.95,0.11627,0.34754,0.975,0.95
696,5e-05,1.0085,1.0,0.95,0.22561,0.17965,0.925,0.95,0.11488,0.37034,0.9875,0.95
697,5e-05,1.00721,1.0,0.95,0.22166,0.20976,0.9375,0.95,0.11381,0.34769,0.9625,0.95
698,5e-05,1.0076,1.0,0.95,0.22529,0.17534,0.925,0.95,0.11961,0.32416,0.9625,0.95
699,5e-05,1.00906,1.0,0.95,0.22198,0.21469,0.9375,0.95,0.11834,0.36755,0.9875,0.95
700,5e-05,1.01058,1.0,0.95,0.22464,0.17613,0.925,0.95,0.11301,0.37606,0.9625,0.95
701,5e-05,1.01012,1.0,0.95,0.22252,0.21179,0.9375,0.95,0.1154,0.33105,0.9625,0.95
702,5e-05,1.00954,1.0,0.95,0.22389,0.1763,0.925,0.95,0.11456,0.32857,0.9625,0.95
703,5e-05,1.00879,1.0,0.95,0.22258,0.20626,0.9375,0.95,0.11501,0.35741,0.975,0.95
704,5e-05,1.0097,1.0,0.95,0.22498,0.17575,0.925,0.95,0.11316,0.37034,0.975,0.95
705,5e-05,1.0111,1.0,0.95,0.2215,0.2174,0.9375,0.95,0.11455,0.34418,0.9625,0.95
706,5e-05,1.0123,1.0,0.95,0.2253,0.17701,0.925,0.95,0.11382,0.33132,0.9625,0.95
707,4e-05,1.01167,1.0,0.95,0.22188,0.21534,0.9375,0.95,0.11455,0.34818,0.975,0.95
708,4e-05,1.01069,1.0,0.95,0.22568,0.17731,0.925,0.95,0.11371,0.37245,0.975,0.95
709,4e-05,1.01123,1.0,0.95,0.22182,0.21636,0.9375,0.95,0.11278,0.34664,0.9625,0.95
710,4e-05,1.01244,1.0,0.95,0.22603,0.173,0.925,0.95,0.11796,0.32231,0.9625,0.95
711,4e-05,1.01322,1.0,0.95,0.22314,0.21674,0.9375,0.95,0.11767,0.36619,0.975,0.95
712,4e-05,1.01289,1.0,0.95,0.22527,0.1731,0.925,0.95,0.11306,0.37676,0.9625,0.95
713,4e-05,1.01299,1.0,0.95,0.22239,0.21629,0.9375,0.95,0.11482,0.33067,0.9625,0.95
714,4e-05,1.01279,1.0,0.95,0.22617,0.17418,0.925,0.95,0.11378,0.31928,0.9625,0.95
715,4e-05,1.01333,1.0,0.95,0.22314,0.2231,0.9375,0.95,0.11413,0.34969,0.975,0.95
716,4e-05,1.01428,1.0,0.95,0.22517,0.1777,0.925,0.95,0.11295,0.37056,0.975,0.95
717,4e-05,1.01411,1.0,0.95,0.22287,0.21091,0.9375,0.95,0.11452,0.34677,0.9625,0.95
718,4e-05,1.0148,1.0,0.95,0.22473,0.17499,0.925,0.95,0.115,0.33321,0.9625,0.95
719,4e-05,1.01567,1.0,0.95,0.22208,0.21458,0.9375,0.95,0.11328,0.34801,0.975,0.95
720,4e-05,1.01552,1.0,0.95,0.22485,0.17529,0.925,0.95,0.11112,0.35416,0.975,0.95
721,4e-05,1.0162,1.0,0.95,0.22216,0.21892,0.9375,0.95,0.11749,0.33729,0.975,0.95
722,4e-05,1.01668,1.0,0.95,0.22404,0.17813,0.925,0.95,0.11583,0.36228,0.975,0.95
723,4e-05,1.01579,1.0,0.95,0.22165,0.20951,0.9375,0.95,0.11446,0.36782,0.9625,0.95
724,4e-05,1.01583,1.0,0.95,0.22371,0.17646,0.925,0.95,0.11539,0.34207,0.9625,0.95
725,4e-05,1.01676,1.0,0.95,0.22064,0.21142,0.9375,0.95,0.11223,0.33391,0.9625,0.95
726,4e-05,1.01671,1.0,0.95,0.22246,0.17609,0.925,0.95,0.11622,0.33935,0.975,0.95
727,4e-05,1.01755,1.0,0.95,0.22084,0.21204,0.9375,0.95,0.1124,0.36496,0.9875,0.95
728,4e-05,1.01757,1.0,0.95,0.22353,0.17661,0.925,0.95,0.11212,0.35327,0.9625,0.95
729,4e-05,1.01803,1.0,0.95,0.22131,0.21049,0.9375,0.95,0.11362,0.33411,0.9625,0.95
730,4e-05,1.01862,1.0,0.95,0.22441,0.17485,0.925,0.95,0.11421,0.34441,0.975,0.95
731,4e-05,1.01912,1.0,0.95,0.22055,0.21176,0.9375,0.95,0.11411,0.37695,0.9875,0.95
732,4e-05,1.01883,1.0,0.95,0.22224,0.175,0.925,0.95,0.11177,0.35466,0.9625,0.95
733,4e-05,1.01931,1.0,0.95,0.22079,0.20468,0.9375,0.95,0.11828,0.32326,0.9625,0.95
734,4e-05,1.0191,1.0,0.95,0.22255,0.17907,0.925,0.95,0.11737,0.36292,0.975,0.95
735,4e-05,1.01939,1.0,0.95,0.21945,0.20959,0.9375,0.95,0.11201,0.38207,0.9625,0.95
736,4e-05,1.02034,1.0,0.95,0.22399,0.1778,0.925,0.95,0.11421,0.3393,0.9625,0.95
737,4e-05,1.02036,1.0,0.95,0.21951,0.21377,0.9375,0.95,0.11267,0.32535,0.9625,0.95
738,4e-05,1.02088,1.0,0.95,0.22278,0.17441,0.925,0.95,0.11432,0.34459,0.975,0.95
739,4e-05,1.02073,1.0,0.95,0.22017,0.20994,0.9375,0.95,0.11189,0.36891,0.975,0.95
740,4e-05,1.02102,1.0,0.95,0.22312,0.17813,0.925,0.95,0.11316,0.34723,0.9625,0.95
741,4e-05,1.02177,1.0,0.95,0.22016,0.2126,0.9375,0.95,0.11392,0.33236,0.9625,0.95
742,4e-05,1.02258,1.0,0.95,0.22557,0.17496,0.925,0.95,0.1117,0.34651,0.975,0.95
743,4e-05,1.02236,1.0,0.95,0.21985,0.22085,0.9375,0.95,0.11307,0.34731,0.975,0.95
744,4e-05,1.0217,1.0,0.95,0.22322,0.17387,0.925,0.95,0.11191,0.35152,0.975,0.95
745,4e-05,1.02251,1.0,0.95,0.22026,0.20981,0.9375,0.95,0.11216,0.35572,0.9625,0.95
746,4e-05,1.0236,1.0,0.95,0.22387,0.17451,0.925,0.95,0.11319,0.35129,0.9625,0.95
747,4e-05,1.02421,1.0,0.95,0.22052,0.21537,0.9375,0.95,0.11218,0.34998,0.9625,0.95
748,4e-05,1.02365,1.0,0.95,0.22511,0.17514,0.925,0.95,0.10983,0.34815,0.975,0.95
749,4e-05,1.02389,1.0,0.95,0.2205,0.22231,0.9375,0.95,0.11616,0.33775,0.975,0.95
750,4e-05,1.02392,1.0,0.95,0.2252,0.17167,0.925,0.95,0.11404,0.36153,0.975,0.95
751,4e-05,1.02421,1.0,0.95,0.22096,0.213,0.9375,0.95,0.1131,0.36419,0.9625,0.95
752,4e-05,1.02469,1.0,0.95,0.22231,0.17502,0.925,0.95,0.11353,0.34479,0.9625,0.95
753,4e-05,1.02454,1.0,0.95,0.22055,0.20945,0.9375,0.95,0.11128,0.3381,0.9625,0.95
754,4e-05,1.02543,1.0,0.95,0.22495,0.17502,0.925,0.95,0.11444,0.34208,0.975,0.95
755,4e-05,1.02534,1.0,0.95,0.22025,0.22109,0.9375,0.95,0.11181,0.3659,0.9875,0.95
756,4e-05,1.02568,1.0,0.95,0.22234,0.17199,0.925,0.95,0.11114,0.35358,0.9625,0.95
757,4e-05,1.02662,1.0,0.95,0.22055,0.20715,0.9375,0.95,0.11251,0.33211,0.9625,0.95
758,4e-05,1.02736,1.0,0.95,0.22087,0.17894,0.925,0.95,0.11204,0.34235,0.975,0.95
759,4e-05,1.02667,1.0,0.95,0.22015,0.2078,0.9375,0.95,0.11293,0.37193,0.9875,0.95
760,4e-05,1.02606,1.0,0.95,0.22421,0.17578,0.925,0.95,0.10993,0.35037,0.9625,0.95
761,4e-05,1.02687,1.0,0.95,0.21943,0.22102,0.9375,0.95,0.11689,0.32245,0.9625,0.95
762,4e-05,1.02801,1.0,0.95,0.22187,0.17615,0.925,0.95,0.11576,0.36368,0.975,0.95
763,4e-05,1.02885,1.0,0.95,0.21986,0.20487,0.9375,0.95,0.11137,0.38038,0.975,0.95
764,4e-05,1.02933,1.0,0.95,0.22209,0.17618,0.925,0.95,0.11272,0.33795,0.9625,0.95
765,4e-05,1.0287,1.0,0.95,0.21886,0.20998,0.9375,0.95,0.11152,0.32531,0.9625,0.95
766,4e-05,1.02775,1.0,0.95,0.22308,0.17362,0.925,0.95,0.11319,0.34775,0.975,0.95
767,4e-05,1.02819,1.0,0.95,0.21935,0.21806,0.9375,0.95,0.11166,0.37354,0.975,0.95
768,4e-05,1.02932,1.0,0.95,0.22308,0.17462,0.925,0.95,0.11202,0.35056,0.9625,0.95
769,4e-05,1.03009,1.0,0.95,0.21929,0.20796,0.9375,0.95,0.1138,0.32904,0.9625,0.95
770,4e-05,1.02977,1.0,0.95,0.22268,0.17218,0.925,0.95,0.11106,0.34102,0.9625,0.95
771,4e-05,1.02981,1.0,0.95,0.21945,0.21753,0.9375,0.95,0.11327,0.34434,0.975,0.95
772,4e-05,1.02999,1.0,0.95,0.22295,0.17671,0.925,0.95,0.11092,0.35117,0.975,0.95
773,4e-05,1.03087,1.0,0.95,0.21974,0.21564,0.9375,0.95,0.11004,0.34712,0.9625,0.95
774,4e-05,1.03173,1.0,0.95,0.2227,0.17466,0.925,0.95,0.11142,0.33943,0.9625,0.95
775,4e-05,1.03159,1.0,0.95,0.21934,0.20931,0.9375,0.95,0.1121,0.3455,0.975,0.95
776,4e-05,1.03079,1.0,0.95,0.22209,0.17165,0.925,0.95,0.11231,0.36353,0.9875,0.95
777,4e-05,1.0312,1.0,0.95,0.21846,0.21687,0.9375,0.95,0.11022,0.35274,0.9625,0.95
778,4e-05,1.03211,1.0,0.95,0.222,0.17611,0.925,0.95,0.11207,0.33559,0.9625,0.95
779,4e-05,1.03276,1.0,0.95,0.22001,0.2137,0.9375,0.95,0.10977,0.34378,0.9625,0.95
780,4e-05,1.03241,1.0,0.95,0.22236,0.17578,0.925,0.95,0.11275,0.35144,0.975,0.95
781,3e-05,1.03198,1.0,0.95,0.21852,0.20915,0.9375,0.95,0.11048,0.36048,0.975,0.95
782,3e-05,1.03289,1.0,0.95,0.22114,0.17647,0.925,0.95,0.11073,0.348,0.9625,0.95
783,3e-05,1.03398,1.0,0.95,0.21804,0.21392,0.9375,0.95,0.11118,0.33856,0.9625,0.95
784,3e-05,1.03491,1.0,0.95,0.22157,0.17888,0.925,0.95,0.11187,0.34994,0.975,0.95
785,3e-05,1.03464,1.0,0.95,0.21754,0.2104,0.9375,0.95,0.11197,0.37287,0.9875,0.95
786,3e-05,1.03383,1.0,0.95,0.22133,0.17173,0.925,0.95,0.11005,0.3573,0.9625,0.95
787,3e-05,1.03387,1.0,0.95,0.2187,0.20975,0.9375,0.95,0.11202,0.33721,0.9625,0.95
788,3e-05,1.0348,1.0,0.95,0.22225,0.1793,0.925,0.95,0.10957,0.34918,0.9625,0.95
789,3e-05,1.036,1.0,0.95,0.21842,0.21782,0.9375,0.95,0.11256,0.35634,0.975,0.95
790,3e-05,1.03663,1.0,0.95,0.22253,0.17236,0.925,0.95,0.11028,0.36134,0.975,0.95
791,3e-05,1.03611,1.0,0.95,0.21876,0.20438,0.9375,0.95,0.11031,0.34778,0.9625,0.95
792,3e-05,1.03528,1.0,0.95,0.21819,0.17811,0.925,0.95,0.11238,0.33844,0.9625,0.95
793,3e-05,1.03598,1.0,0.95,0.21692,0.2068,0.9375,0.95,0.11363,0.36732,0.975,0.95
794,3e-05,1.03707,1.0,0.95,0.22314,0.1716,0.925,0.95,0.11029,0.36838,0.975,0.95
795,3e-05,1.03785,1.0,0.95,0.21758,0.21515,0.9375,0.95,0.10997,0.33926,0.9625,0.95
796,3e-05,1.03815,1.0,0.95,0.21901,0.17818,0.925,0.95,0.1102,0.33215,0.9625,0.95
797,3e-05,1.03717,1.0,0.95,0.21735,0.20326,0.9375,0.95,0.11183,0.35173,0.975,0.95
798,3e-05,1.03666,1.0,0.95,0.22289,0.1753,0.925,0.95,0.11118,0.37365,0.975,0.95
799,3e-05,1.03756,1.0,0.95,0.2181,0.21677,0.9375,0.95,0.11088,0.353,0.9625,0.95
800,3e-05,1.03886,1.0,0.95,0.22063,0.17319,0.925,0.95,0.11254,0.33316,0.9625,0.95
801,3e-05,1.0391,1.0,0.95,0.21809,0.21122,0.9375,0.95,0.11137,0.34641,0.9625,0.95
802,3e-05,1.03945,1.0,0.95,0.22152,0.17322,0.925,0.95,0.1097,0.3625,0.975,0.95
803,3e-05,1.03968,1.0,0.95,0.21811,0.20999,0.9375,0.95,0.10841,0.34513,0.975,0.95
804,3e-05,1.03878,1.0,0.95,0.22054,0.17269,0.925,0.95,0.11318,0.33071,0.9625,0.95
805,3e-05,1.03873,1.0,0.95,0.21767,0.20933,0.9375,0.95,0.11326,0.36805,0.975,0.95
806,3e-05,1.03895,1.0,0.95,0.2217,0.1747,0.925,0.95,0.11161,0.37427,0.9625,0.95
807,3e-05,1.03999,1.0,0.95,0.21719,0.21794,0.9375,0.95,0.11171,0.34411,0.9625,0.95
808,3e-05,1.041,1.0,0.95,0.22082,0.17474,0.925,0.95,0.10957,0.33542,0.9625,0.95
809,3e-05,1.04112,1.0,0.95,0.21821,0.20777,0.9375,0.95,0.11346,0.34787,0.975,0.95
810,3e-05,1.04145,1.0,0.95,0.2213,0.17248,0.925,0.95,0.11176,0.37372,0.9875,0.95
811,3e-05,1.04164,1.0,0.95,0.21758,0.21651,0.9375,0.95,0.10888,0.3526,0.9625,0.95
812,3e-05,1.04104,1.0,0.95,0.22174,0.17109,0.925,0.95,0.111,0.32784,0.9625,0.95
813,3e-05,1.0409,1.0,0.95,0.21836,0.21004,0.9375,0.95,0.11266,0.34175,0.975,0.95
814,3e-05,1.04174,1.0,0.95,0.22106,0.17313,0.925,0.95,0.11358,0.37572,0.9875,0.95
815,3e-05,1.04284,1.0,0.95,0.21697,0.21309,0.9375,0.95,0.10924,0.35633,0.9625,0.95
816,3e-05,1.04364,1.0,0.95,0.22096,0.17467,0.925,0.95,0.11208,0.32849,0.9625,0.95
817,3e-05,1.043,1.0,0.95,0.21795,0.21446,0.9375,0.95,0.11052,0.34227,0.9625,0.95
818,3e-05,1.04288,1.0,0.95,0.2205,0.17289,0.925,0.95,0.10828,0.36005,0.975,0.95
819,3e-05,1.04283,1.0,0.95,0.2177,0.20662,0.9375,0.95,0.11149,0.33937,0.975,0.95
820,3e-05,1.0438,1.0,0.95,0.21983,0.17359,0.925,0.95,0.11002,0.34719,0.975,0.95
821,3e-05,1.04492,1.0,0.95,0.21641,0.2132,0.9375,0.95,0.11063,0.36054,0.9625,0.95
822,3e-05,1.04555,1.0,0.95,0.21991,0.17599,0.925,0.95,0.11146,0.35665,0.9625,0.95
823,3e-05,1.04461,1.0,0.95,0.21748,0.21714,0.9375,0.95,0.10981,0.34971,0.9625,0.95
824,3e-05,1.04386,1.0,0.95,0.21956,0.17302,0.925,0.95,0.10824,0.34491,0.975,0.95
825,3e-05,1.04473,1.0,0.95,0.21735,0.20796,0.9375,0.95,0.1119,0.33764,0.975,0.95
826,3e-05,1.04622,1.0,0.95,0.22039,0.17296,0.925,0.95,0.11134,0.36297,0.975,0.95
827,3e-05,1.04716,1.0,0.95,0.21622,0.22077,0.9375,0.95,0.11138,0.36495,0.9625,0.95
828,3e-05,1.04675,1.0,0.95,0.22086,0.1738,0.925,0.95,0.11227,0.34212,0.9625,0.95
829,3e-05,1.04579,1.0,0.95,0.21696,0.22232,0.9375,0.95,0.10969,0.33837,0.9625,0.95
830,3e-05,1.04588,1.0,0.95,0.21996,0.17227,0.925,0.95,0.10917,0.34568,0.975,0.95
831,3e-05,1.04659,1.0,0.95,0.21777,0.21856,0.9375,0.95,0.10878,0.35653,0.975,0.95
832,3e-05,1.04754,1.0,0.95,0.22295,0.16816,0.925,0.95,0.10758,0.34347,0.9625,0.95
833,3e-05,1.04837,1.0,0.95,0.21709,0.23,0.9375,0.95,0.10876,0.33616,0.9625,0.95
834,3e-05,1.04795,1.0,0.95,0.22055,0.173,0.925,0.95,0.10991,0.34556,0.975,0.95
835,3e-05,1.04736,1.0,0.95,0.21727,0.22502,0.9375,0.95,0.11091,0.36388,0.975,0.95
836,3e-05,1.04766,1.0,0.95,0.22434,0.17225,0.925,0.95,0.10926,0.35289,0.9625,0.95
837,3e-05,1.04868,1.0,0.95,0.21844,0.23345,0.9375,0.95,0.11054,0.33916,0.9625,0.95
838,3e-05,1.0495,1.0,0.95,0.2215,0.17759,0.925,0.95,0.10872,0.34169,0.9625,0.95
839,3e-05,1.05,1.0,0.95,0.21773,0.22589,0.9375,0.95,0.1098,0.34581,0.975,0.95
840,3e-05,1.05038,1.0,0.95,0.22037,0.17149,0.925,0.95,0.10951,0.35409,0.975,0.95
841,3e-05,1.04968,1.0,0.95,0.21712,0.23206,0.9375,0.95,0.1092,0.35116,0.9625,0.95
842,3e-05,1.04853,1.0,0.95,0.21782,0.17204,0.9375,0.95,0.11109,0.34064,0.9625,0.95
843,3e-05,1.04877,1.0,0.95,0.21699,0.23194,0.9375,0.95,0.1097,0.34423,0.9625,0.95
844,3e-05,1.05017,1.0,0.95,0.22162,0.18632,0.925,0.95,0.10781,0.34852,0.975,0.95
845,3e-05,1.05154,1.0,0.95,0.21679,0.232,0.9375,0.95,0.11008,0.33424,0.975,0.95
846,3e-05,1.05166,1.0,0.95,0.22062,0.16803,0.925,0.95,0.10946,0.35352,0.975,0.95
847,3e-05,1.05095,1.0,0.95,0.21699,0.24056,0.9375,0.95,0.10972,0.3646,0.9625,0.95
848,3e-05,1.05116,1.0,0.95,0.21457,0.18916,0.925,0.95,0.11022,0.35024,0.9625,0.95
849,3e-05,1.05166,1.0,0.95,0.21651,0.23127,0.9375,0.95,0.10953,0.34499,0.9625,0.95
850,3e-05,1.05222,1.0,0.95,0.22918,0.1785,0.9375,0.95,0.10787,0.34814,0.975,0.95
851,3e-05,1.05209,1.0,0.95,0.21811,0.24538,0.9375,0.95,0.1107,0.34155,0.975,0.95
852,3e-05,1.05201,1.0,0.95,0.21427,0.18773,0.925,0.95,0.11003,0.35914,0.975,0.95
853,3e-05,1.0526,1.0,0.95,0.21586,0.2244,0.9375,0.95,0.10969,0.36271,0.9625,0.95
854,3e-05,1.05328,1.0,0.95,0.21634,0.17818,0.9375,0.95,0.1111,0.34411,0.9625,0.95
855,3e-05,1.05394,1.0,0.95,0.21503,0.2286,0.9375,0.95,0.10997,0.34043,0.9625,0.95
856,3e-05,1.05351,1.0,0.95,0.21564,0.18562,0.9375,0.95,0.10921,0.35416,0.975,0.95
857,3e-05,1.05304,1.0,0.95,0.21405,0.23814,0.9375,0.95,0.10813,0.34586,0.975,0.95
858,3e-05,1.05365,1.0,0.95,0.21818,0.19234,0.9375,0.95,0.10916,0.35114,0.9625,0.95
859,3e-05,1.05453,1.0,0.95,0.21494,0.22519,0.9375,0.95,0.10996,0.35878,0.9625,0.95
860,3e-05,1.05506,1.0,0.95,0.2125,0.19474,0.9375,0.95,0.10983,0.35393,0.9625,0.95
861,3e-05,1.05549,1.0,0.95,0.21087,0.21455,0.9375,0.95,0.10869,0.34755,0.9625,0.95
862,3e-05,1.05524,1.0,0.95,0.21115,0.19672,0.9375,0.95,0.10764,0.34389,0.975,0.95
863,3e-05,1.05521,1.0,0.95,0.21139,0.21226,0.95,0.95,0.1101,0.34282,0.975,0.95
864,3e-05,1.05581,1.0,0.95,0.21169,0.20622,0.925,0.95,0.11049,0.36198,0.975,0.95
865,3e-05,1.05634,1.0,0.95,0.20945,0.2266,0.95,0.95,0.10955,0.35924,0.9625,0.95
866,3e-05,1.05684,1.0,0.95,0.21202,0.19153,0.9375,0.95,0.11041,0.34059,0.9625,0.95
867,3e-05,1.05622,1.0,0.95,0.21146,0.22266,0.9375,0.95,0.10959,0.33975,0.9625,0.95
868,3e-05,1.05581,1.0,0.95,0.21047,0.19776,0.9375,0.95,0.10835,0.35284,0.975,0.95
869,3e-05,1.05675,1.0,0.95,0.20959,0.22564,0.95,0.95,0.10782,0.34704,0.975,0.95
870,3e-05,1.05817,1.0,0.95,0.21505,0.18811,0.95,0.95,0.10875,0.35119,0.975,0.95
871,3e-05,1.05924,1.0,0.95,0.21076,0.24063,0.9375,0.95,0.10964,0.35456,0.9625,0.95
872,3e-05,1.05877,1.0,0.95,0.21269,0.18815,0.9375,0.95,0.10938,0.34766,0.9625,0.95
873,3e-05,1.05746,1.0,0.95,0.2116,0.2409,0.95,0.95,0.1083,0.3461,0.9625,0.95
874,3e-05,1.05764,1.0,0.95,0.21912,0.18503,0.95,0.95,0.10705,0.34401,0.975,0.95
875,3e-05,1.059,1.0,0.95,0.21356,0.25841,0.9375,0.95,0.1101,0.33761,0.975,0.95
876,3e-05,1.06028,1.0,0.95,0.21575,0.18577,0.9375,0.95,0.10995,0.35949,0.975,0.95
877,3e-05,1.05989,1.0,0.95,0.21488,0.253,0.9375,0.95,0.10941,0.35919,0.9625,0.95
878,3e-05,1.05886,1.0,0.95,0.21752,0.1925,0.9375,0.95,0.11025,0.33867,0.9625,0.95
879,3e-05,1.05869,1.0,0.95,0.21694,0.23908,0.9375,0.95,0.10907,0.33822,0.9625,0.95
880,3e-05,1.05923,1.0,0.95,0.21773,0.17872,0.9375,0.95,0.10721,0.34557,0.975,0.95
881,3e-05,1.06046,1.0,0.95,0.21452,0.24681,0.9375,0.95,0.11019,0.33726,0.975,0.95
882,3e-05,1.06177,1.0,0.95,0.211,0.18524,0.925,0.95,0.10992,0.35599,0.975,0.95
883,3e-05,1.06155,1.0,0.95,0.21431,0.24259,0.9375,0.95,0.11004,0.35803,0.9625,0.95
884,3e-05,1.06041,1.0,0.95,0.21788,0.20029,0.9375,0.95,0.11146,0.33858,0.9625,0.95
885,3e-05,1.06017,1.0,0.95,0.21539,0.24192,0.9375,0.95,0.10882,0.33838,0.9625,0.95
886,3e-05,1.06075,1.0,0.95,0.21296,0.178,0.9375,0.95,0.10649,0.34661,0.975,0.95
887,3e-05,1.06176,1.0,0.95,0.21416,0.23162,0.9375,0.95,0.11315,0.33057,0.975,0.95
888,3e-05,1.0619,1.0,0.95,0.21044,0.19736,0.9375,0.95,0.10934,0.34419,0.9875,0.95
889,2e-05,1.06203,1.0,0.95,0.21165,0.23464,0.95,0.95,0.10914,0.35233,0.9625,0.95
890,2e-05,1.0625,1.0,0.95,0.21947,0.19211,0.95,0.95,0.11115,0.34138,0.9625,0.95
891,2e-05,1.06307,1.0,0.95,0.21303,0.24439,0.9375,0.95,0.10954,0.33561,0.9625,0.95
892,2e-05,1.06381,1.0,0.95,0.20827,0.19949,0.9375,0.95,0.10775,0.33969,0.975,0.95
893,2e-05,1.06335,1.0,0.95,0.20947,0.22382,0.95,0.95,0.10625,0.33799,0.975,0.95
894,2e-05,1.06297,1.0,0.95,0.21393,0.19345,0.9375,0.95,0.11089,0.32414,0.975,0.95
895,2e-05,1.06374,1.0,0.95,0.20895,0.22528,0.95,0.95,0.11026,0.35091,0.975,0.95
896,2e-05,1.06484,1.0,0.95,0.21069,0.20215,0.9375,0.95,0.11008,0.36515,0.9625,0.95
897,2e-05,1.06534,1.0,0.95,0.20861,0.22333,0.9375,0.95,0.11015,0.34236,0.9625,0.95
898,2e-05,1.06465,1.0,0.95,0.21078,0.20224,0.95,0.95,0.10925,0.33059,0.9625,0.95
899,2e-05,1.06427,1.0,0.95,0.20928,0.22035,0.95,0.95,0.10755,0.34121,0.975,0.95
900,2e-05,1.06493,1.0,0.95,0.21051,0.19552,0.9375,0.95,0.1065,0.34712,0.975,0.95
901,2e-05,1.06588,1.0,0.95,0.20779,0.23118,0.95,0.95,0.10827,0.33645,0.975,0.95
902,2e-05,1.06668,1.0,0.95,0.20878,0.20663,0.9375,0.95,0.10957,0.35108,0.975,0.95
903,2e-05,1.06711,1.0,0.95,0.20838,0.21948,0.95,0.95,0.11012,0.35883,0.9625,0.95
904,2e-05,1.06643,1.0,0.95,0.21152,0.20424,0.9375,0.95,0.10971,0.34224,0.9625,0.95
905,2e-05,1.06553,1.0,0.95,0.20778,0.21782,0.95,0.95,0.1082,0.33724,0.9625,0.95
906,2e-05,1.06608,1.0,0.95,0.2081,0.20007,0.9375,0.95,0.10675,0.33992,0.975,0.95
907,2e-05,1.06712,1.0,0.95,0.20671,0.22451,0.95,0.95,0.11065,0.33392,0.975,0.95
908,2e-05,1.06799,1.0,0.95,0.20881,0.19904,0.9375,0.95,0.10906,0.35295,0.9875,0.95
909,2e-05,1.06792,1.0,0.95,0.20786,0.2122,0.95,0.95,0.10865,0.35727,0.9625,0.95
910,2e-05,1.06751,1.0,0.95,0.20849,0.21064,0.9375,0.95,0.11064,0.344,0.9625,0.95
911,2e-05,1.06773,1.0,0.95,0.20588,0.22157,0.95,0.95,0.10936,0.34117,0.9625,0.95
912,2e-05,1.06828,1.0,0.95,0.20977,0.19664,0.95,0.95,0.10789,0.34677,0.975,0.95
913,2e-05,1.06877,1.0,0.95,0.20698,0.22631,0.95,0.95,0.10609,0.34383,0.975,0.95
914,2e-05,1.06849,1.0,0.95,0.20776,0.20176,0.9375,0.95,0.11055,0.32887,0.975,0.95
915,2e-05,1.06791,1.0,0.95,0.20657,0.22475,0.95,0.95,0.11044,0.35751,0.975,0.95
916,2e-05,1.06863,1.0,0.95,0.21244,0.20603,0.95,0.95,0.11012,0.36597,0.9625,0.95
917,2e-05,1.06971,1.0,0.95,0.20908,0.22851,0.95,0.95,0.11009,0.33826,0.9625,0.95
918,2e-05,1.07069,1.0,0.95,0.21024,0.18831,0.9375,0.95,0.10826,0.33132,0.9625,0.95
919,2e-05,1.07057,1.0,0.95,0.20708,0.22996,0.95,0.95,0.10631,0.34519,0.975,0.95
920,2e-05,1.0697,1.0,0.95,0.2073,0.20606,0.9375,0.95,0.11243,0.34011,0.975,0.95
921,2e-05,1.06982,1.0,0.95,0.20804,0.2231,0.95,0.95,0.10902,0.34953,0.9875,0.95
922,2e-05,1.07062,1.0,0.95,0.21508,0.20209,0.95,0.95,0.10835,0.34954,0.9625,0.95
923,2e-05,1.07131,1.0,0.95,0.2084,0.2391,0.95,0.95,0.11057,0.34021,0.9625,0.95
924,2e-05,1.0708,1.0,0.95,0.20794,0.19868,0.9375,0.95,0.10945,0.33612,0.9625,0.95
925,2e-05,1.07106,1.0,0.95,0.20728,0.22714,0.95,0.95,0.10758,0.33906,0.975,0.95
926,2e-05,1.07138,1.0,0.95,0.2092,0.19705,0.9375,0.95,0.10573,0.33047,0.975,0.95
927,2e-05,1.072,1.0,0.95,0.2074,0.22294,0.95,0.95,0.11018,0.31756,0.975,0.95
928,2e-05,1.07265,1.0,0.95,0.21082,0.2001,0.9375,0.95,0.1093,0.34803,0.975,0.95
929,2e-05,1.07263,1.0,0.95,0.20663,0.23839,0.95,0.95,0.10947,0.36053,0.9625,0.95
930,2e-05,1.07211,1.0,0.95,0.2112,0.19303,0.95,0.95,0.10962,0.34068,0.9625,0.95
931,2e-05,1.07262,1.0,0.95,0.20759,0.23901,0.95,0.95,0.10906,0.32958,0.9625,0.95
932,2e-05,1.07349,1.0,0.95,0.21028,0.19837,0.95,0.95,0.10723,0.33997,0.975,0.95
933,2e-05,1.07419,1.0,0.95,0.20668,0.23391,0.95,0.95,0.10591,0.34478,0.975,0.95
934,2e-05,1.07378,1.0,0.95,0.21259,0.20102,0.95,0.95,0.10888,0.32372,0.975,0.95
935,2e-05,1.0738,1.0,0.95,0.20946,0.24339,0.95,0.95,0.10882,0.34233,0.975,0.95
936,2e-05,1.07399,1.0,0.95,0.21271,0.18733,0.95,0.95,0.10925,0.3614,0.9625,0.95
937,2e-05,1.07469,1.0,0.95,0.20813,0.24309,0.9375,0.95,0.10969,0.34824,0.9625,0.95
938,2e-05,1.07449,1.0,0.95,0.20865,0.18926,0.9375,0.95,0.10866,0.33151,0.9625,0.95
939,2e-05,1.07466,1.0,0.95,0.20974,0.23857,0.95,0.95,0.10696,0.33789,0.975,0.95
940,2e-05,1.07519,1.0,0.95,0.21656,0.19817,0.95,0.95,0.10555,0.34558,0.975,0.95
941,2e-05,1.07573,1.0,0.95,0.21158,0.25708,0.95,0.95,0.10829,0.33079,0.975,0.95
942,2e-05,1.07556,1.0,0.95,0.21106,0.18584,0.95,0.95,0.10849,0.34811,0.975,0.95
943,2e-05,1.07523,1.0,0.95,0.21129,0.23702,0.9375,0.95,0.10869,0.35659,0.9625,0.95
944,2e-05,1.0753,1.0,0.95,0.20921,0.20233,0.9375,0.95,0.10899,0.33953,0.9625,0.95
945,2e-05,1.07616,1.0,0.95,0.2092,0.23837,0.95,0.95,0.10802,0.33137,0.9625,0.95
946,2e-05,1.07717,1.0,0.95,0.21887,0.1891,0.95,0.95,0.10657,0.33782,0.975,0.95
947,2e-05,1.07783,1.0,0.95,0.21109,0.24859,0.95,0.95,0.10534,0.33801,0.975,0.95
948,2e-05,1.07827,1.0,0.95,0.20668,0.19598,0.9375,0.95,0.10676,0.32469,0.975,0.95
949,2e-05,1.07723,1.0,0.95,0.20916,0.22841,0.9375,0.95,0.1089,0.34844,0.975,0.95
950,2e-05,1.07634,1.0,0.95,0.2113,0.20245,0.95,0.95,0.1094,0.35704,0.9625,0.95
951,2e-05,1.07741,1.0,0.95,0.21072,0.24123,0.95,0.95,0.10911,0.33377,0.9625,0.95
952,2e-05,1.07873,1.0,0.95,0.21048,0.19044,0.95,0.95,0.10707,0.32982,0.9625,0.95
953,2e-05,1.07877,1.0,0.95,0.20786,0.22947,0.9375,0.95,0.10523,0.33984,0.975,0.95
954,2e-05,1.07838,1.0,0.95,0.20742,0.20005,0.9375,0.95,0.11207,0.32921,0.975,0.95
955,2e-05,1.07851,1.0,0.95,0.20661,0.22686,0.95,0.95,0.10866,0.34654,0.9875,0.95
956,2e-05,1.0789,1.0,0.95,0.21216,0.19046,0.95,0.95,0.10767,0.34752,0.9625,0.95
957,2e-05,1.07972,1.0,0.95,0.20644,0.24189,0.95,0.95,0.11008,0.3305,0.9625,0.95
958,2e-05,1.07973,1.0,0.95,0.20734,0.19568,0.9375,0.95,0.10867,0.33348,0.9625,0.95
959,2e-05,1.08006,1.0,0.95,0.20642,0.2309,0.95,0.95,0.10731,0.34656,0.975,0.95
960,2e-05,1.07977,1.0,0.95,0.21158,0.19323,0.95,0.95,0.1051,0.33919,0.975,0.95
961,2e-05,1.07982,1.0,0.95,0.20774,0.24698,0.95,0.95,0.10976,0.32276,0.975,0.95
962,2e-05,1.08015,1.0,0.95,0.20948,0.196,0.9375,0.95,0.10864,0.35303,0.975,0.95
963,2e-05,1.08058,1.0,0.95,0.20797,0.23164,0.95,0.95,0.10857,0.37085,0.9625,0.95
964,2e-05,1.08116,1.0,0.95,0.20994,0.19579,0.9375,0.95,0.10916,0.34653,0.9625,0.95
965,2e-05,1.0812,1.0,0.95,0.20655,0.22482,0.95,0.95,0.10794,0.33326,0.9625,0.95
966,2e-05,1.08107,1.0,0.95,0.20635,0.20014,0.9375,0.95,0.10671,0.34548,0.975,0.95
967,2e-05,1.08162,1.0,0.95,0.20505,0.23505,0.95,0.95,0.10528,0.34751,0.975,0.95
968,2e-05,1.08212,1.0,0.95,0.20859,0.19439,0.95,0.95,0.10738,0.3281,0.975,0.95
969,2e-05,1.08268,1.0,0.95,0.20626,0.22436,0.95,0.95,0.10824,0.34888,0.975,0.95
970,2e-05,1.08244,1.0,0.95,0.20584,0.20418,0.9375,0.95,0.10858,0.36466,0.9625,0.95
971,2e-05,1.08191,1.0,0.95,0.20437,0.22917,0.95,0.95,0.10894,0.34399,0.9625,0.95
972,2e-05,1.08261,1.0,0.95,0.20942,0.19682,0.95,0.95,0.10784,0.33258,0.9625,0.95
973,2e-05,1.08374,1.0,0.95,0.20455,0.23698,0.95,0.95,0.10614,0.3423,0.975,0.95
974,2e-05,1.08443,1.0,0.95,0.20659,0.19495,0.9375,0.95,0.10523,0.34388,0.975,0.95
975,2e-05,1.08373,1.0,0.95,0.20536,0.23236,0.95,0.95,0.10816,0.32838,0.975,0.95
976,2e-05,1.08371,1.0,0.95,0.21049,0.20354,0.95,0.95,0.10806,0.3475,0.975,0.95
977,2e-05,1.08362,1.0,0.95,0.20705,0.2366,0.95,0.95,0.10821,0.3618,0.9625,0.95
978,2e-05,1.08409,1.0,0.95,0.21013,0.18431,0.95,0.95,0.10898,0.34304,0.9625,0.95
979,2e-05,1.084,1.0,0.95,0.20624,0.23941,0.9375,0.95,0.10771,0.33172,0.9625,0.95
980,2e-05,1.08454,1.0,0.95,0.2066,0.19834,0.9375,0.95,0.10671,0.34271,0.975,0.95
981,2e-05,1.08533,1.0,0.95,0.20631,0.23549,0.95,0.95,0.10509,0.34253,0.975,0.95
982,2e-05,1.08599,1.0,0.95,0.21516,0.19193,0.95,0.95,0.10719,0.3249,0.975,0.95
983,2e-05,1.08542,1.0,0.95,0.20794,0.23884,0.95,0.95,0.1076,0.34776,0.975,0.95
984,2e-05,1.08481,1.0,0.95,0.20708,0.19055,0.9375,0.95,0.10783,0.36039,0.9625,0.95
985,2e-05,1.08548,1.0,0.95,0.20577,0.2331,0.95,0.95,0.10817,0.33732,0.9625,0.95
986,2e-05,1.08642,1.0,0.95,0.20874,0.20083,0.95,0.95,0.10735,0.3283,0.9625,0.95
987,2e-05,1.08714,1.0,0.95,0.2059,0.24453,0.95,0.95,0.1066,0.34429,0.975,0.95
988,2e-05,1.08679,1.0,0.95,0.21107,0.20079,0.95,0.95,0.10489,0.34646,0.975,0.95
989,2e-05,1.08654,1.0,0.95,0.2059,0.23424,0.95,0.95,0.1102,0.32836,0.975,0.95
990,2e-05,1.08683,1.0,0.95,0.2071,0.19806,0.9375,0.95,0.10928,0.35678,0.975,0.95
991,2e-05,1.08768,1.0,0.95,0.20467,0.23607,0.95,0.95,0.10877,0.36621,0.9625,0.95
992,2e-05,1.0886,1.0,0.95,0.20821,0.19719,0.95,0.95,0.10888,0.33654,0.9625,0.95
993,2e-05,1.08851,1.0,0.95,0.20554,0.22531,0.95,0.95,0.10698,0.33002,0.9625,0.95
994,2e-05,1.08764,1.0,0.95,0.20947,0.20192,0.9375,0.95,0.10513,0.34367,0.975,0.95
995,2e-05,1.08775,1.0,0.95,0.20506,0.2342,0.95,0.95,0.1095,0.33598,0.975,0.95
996,2e-05,1.08861,1.0,0.95,0.2063,0.1962,0.95,0.95,0.10754,0.34379,0.9875,0.95
997,2e-05,1.08953,1.0,0.95,0.20638,0.22393,0.95,0.95,0.10665,0.34759,0.9625,0.95
998,2e-05,1.08949,1.0,0.95,0.20703,0.19522,0.9375,0.95,0.10894,0.33547,0.9625,0.95
999,2e-05,1.08939,1.0,0.95,0.20411,0.23154,0.95,0.95,0.10761,0.33577,0.9625,0.95
1000,2e-05,1.0894,1.0,0.95,0.20695,0.19912,0.95,0.95,0.10615,0.34682,0.975,0.95
1001,2e-05,1.09003,1.0,0.95,0.20328,0.23485,0.95,0.95,0.10423,0.33812,0.975,0.95
1002,2e-05,1.08994,1.0,0.95,0.20941,0.1962,0.95,0.95,0.10887,0.32065,0.975,0.95
1003,2e-05,1.09021,1.0,0.95,0.2056,0.23075,0.95,0.95,0.10778,0.35046,0.975,0.95
1004,2e-05,1.09079,1.0,0.95,0.20702,0.1977,0.9375,0.95,0.10791,0.36378,0.9625,0.95
1005,2e-05,1.09069,1.0,0.95,0.20352,0.23306,0.95,0.95,0.10789,0.33748,0.9625,0.95
1006,2e-05,1.09096,1.0,0.95,0.20789,0.19541,0.95,0.95,0.10736,0.32737,0.9625,0.95
1007,2e-05,1.0909,1.0,0.95,0.20405,0.23534,0.95,0.95,0.10604,0.34732,0.975,0.95
1008,2e-05,1.09131,1.0,0.95,0.20725,0.20033,0.9375,0.95,0.10462,0.34783,0.975,0.95
1009,2e-05,1.09171,1.0,0.95,0.20382,0.22665,0.95,0.95,0.10682,0.31915,0.975,0.95
1010,2e-05,1.09166,1.0,0.95,0.20748,0.19928,0.9375,0.95,0.10794,0.34262,0.975,0.95
1011,2e-05,1.0916,1.0,0.95,0.20281,0.23982,0.95,0.95,0.1081,0.35976,0.9625,0.95
1012,2e-05,1.09212,1.0,0.95,0.20672,0.2009,0.95,0.95,0.10817,0.33959,0.9625,0.95
1013,2e-05,1.093,1.0,0.95,0.20429,0.22208,0.95,0.95,0.10638,0.33315,0.9625,0.95
1014,2e-05,1.09366,1.0,0.95,0.20837,0.20213,0.9375,0.95,0.10441,0.34201,0.975,0.95
1015,2e-05,1.09322,1.0,0.95,0.20366,0.22709,0.95,0.95,0.11107,0.33134,0.975,0.95
1016,2e-05,1.09256,1.0,0.95,0.20575,0.19625,0.9375,0.95,0.10765,0.35073,0.9875,0.95
1017,2e-05,1.09323,1.0,0.95,0.20387,0.2279,0.95,0.95,0.10591,0.35825,0.9625,0.95
1018,2e-05,1.09436,1.0,0.95,0.20576,0.2008,0.9375,0.95,0.10863,0.33947,0.9625,0.95
1019,2e-05,1.0946,1.0,0.95,0.20356,0.23201,0.95,0.95,0.10762,0.33018,0.9625,0.95
1020,2e-05,1.09479,1.0,0.95,0.20684,0.20476,0.95,0.95,0.10652,0.34222,0.975,0.95
1021,2e-05,1.09499,1.0,0.95,0.20301,0.23153,0.95,0.95,0.10493,0.34571,0.975,0.95
1022,2e-05,1.09458,1.0,0.95,0.20723,0.19216,0.95,0.95,0.10405,0.33316,0.9625,0.95
1023,2e-05,1.09428,1.0,0.95,0.20403,0.23915,0.95,0.95,0.10623,0.32516,0.9625,0.95
1024,2e-05,1.09497,1.0,0.95,0.20546,0.1975,0.9375,0.95,0.10758,0.35423,0.975,0.95
1025,2e-05,1.09567,1.0,0.95,0.20399,0.23744,0.95,0.95,0.1069,0.35764,0.975,0.95
1026,2e-05,1.09629,1.0,0.95,0.20991,0.19551,0.95,0.95,0.10671,0.33537,0.9625,0.95
1027,2e-05,1.09677,1.0,0.95,0.20503,0.23551,0.95,0.95,0.10652,0.33117,0.9625,0.95
1028,2e-05,1.09618,1.0,0.95,0.20581,0.19576,0.9375,0.95,0.10531,0.34616,0.9625,0.95
1029,2e-05,1.09548,1.0,0.95,0.20339,0.2361,0.95,0.95,0.10426,0.3451,0.975,0.95
1030,2e-05,1.09649,1.0,0.95,0.20861,0.19616,0.95,0.95,0.10507,0.32398,0.975,0.95
1031,2e-05,1.09779,1.0,0.95,0.20313,0.23618,0.95,0.95,0.10621,0.34437,0.975,0.95
1032,2e-05,1.09836,1.0,0.95,0.20678,0.19953,0.9375,0.95,0.10648,0.36153,0.9625,0.95
1033,2e-05,1.09747,1.0,0.95,0.20273,0.23756,0.95,0.95,0.107,0.34571,0.9625,0.95
1034,2e-05,1.09663,1.0,0.95,0.20742,0.19265,0.95,0.95,0.10655,0.33532,0.9625,0.95
1035,2e-05,1.09708,1.0,0.95,0.20314,0.2294,0.95,0.95,0.10491,0.34521,0.975,0.95
1036,2e-05,1.0979,1.0,0.95,0.2068,0.20039,0.9375,0.95,0.10374,0.3453,0.975,0.95
1037,2e-05,1.09875,1.0,0.95,0.20229,0.23745,0.95,0.95,0.10621,0.32579,0.975,0.95
1038,2e-05,1.09867,1.0,0.95,0.20897,0.19294,0.95,0.95,0.10662,0.35205,0.975,0.95
1039,2e-05,1.09858,1.0,0.95,0.20299,0.2329,0.95,0.95,0.10662,0.36398,0.9625,0.95
1040,2e-05,1.09817,1.0,0.95,0.20673,0.20004,0.9375,0.95,0.10718,0.33948,0.9625,0.95
1041,2e-05,1.09859,1.0,0.95,0.2037,0.23515,0.95,0.95,0.10667,0.33024,0.9625,0.95
1042,2e-05,1.09885,1.0,0.95,0.20809,0.19588,0.95,0.95,0.10516,0.3484,0.975,0.95
1043,2e-05,1.09939,1.0,0.95,0.20493,0.23584,0.95,0.95,0.10411,0.34556,0.975,0.95
1044,2e-05,1.10012,1.0,0.95,0.20619,0.19327,0.9375,0.95,0.10571,0.32267,0.975,0.95
1045,2e-05,1.09994,1.0,0.95,0.20349,0.23662,0.95,0.95,0.1061,0.35599,0.975,0.95
1046,2e-05,1.10021,1.0,0.95,0.20706,0.19621,0.95,0.95,0.10661,0.3707,0.9625,0.95
1047,2e-05,1.10021,1.0,0.95,0.20341,0.23444,0.95,0.95,0.10718,0.34099,0.9625,0.95
1048,2e-05,1.10058,1.0,0.95,0.2084,0.19309,0.95,0.95,0.10633,0.3268,0.9625,0.95
1049,2e-05,1.10102,1.0,0.95,0.20346,0.24664,0.95,0.95,0.10541,0.34309,0.975,0.95
1050,2e-05,1.10159,1.0,0.95,0.20594,0.20265,0.95,0.95,0.10444,0.35082,0.975,0.95
1051,2e-05,1.1017,1.0,0.95,0.20292,0.23159,0.95,0.95,0.10356,0.33436,0.9625,0.95
1052,2e-05,1.10152,1.0,0.95,0.20786,0.20097,0.9375,0.95,0.10666,0.32631,0.9625,0.95
1053,2e-05,1.10177,1.0,0.95,0.20245,0.23244,0.95,0.95,0.10775,0.36493,0.975,0.95
1054,2e-05,1.10239,1.0,0.95,0.2044,0.19405,0.9375,0.95,0.10745,0.36249,0.9625,0.95
1055,2e-05,1.10297,1.0,0.95,0.2023,0.23404,0.95,0.95,0.10677,0.329,0.9625,0.95
1056,2e-05,1.10276,1.0,0.95,0.20578,0.20202,0.95,0.95,0.10533,0.33346,0.9625,0.95
1057,2e-05,1.10221,1.0,0.95,0.20267,0.23172,0.95,0.95,0.10371,0.35124,0.975,0.95
1058,2e-05,1.10291,1.0,0.95,0.20678,0.20125,0.95,0.95,0.10953,0.33022,0.975,0.95
1059,2e-05,1.10391,1.0,0.95,0.2019,0.23676,0.95,0.95,0.107,0.34913,0.9875,0.95
1060,2e-05,1.10467,1.0,0.95,0.20381,0.19222,0.95,0.95,0.10508,0.35844,0.9625,0.95
1061,2e-05,1.10438,1.0,0.95,0.20254,0.21312,0.95,0.95,0.1079,0.33983,0.9625,0.95
1062,2e-05,1.10387,1.0,0.95,0.20491,0.2046,0.9375,0.95,0.10726,0.33948,0.9625,0.95
1063,2e-05,1.10423,1.0,0.95,0.20206,0.23499,0.95,0.95,0.10578,0.35519,0.975,0.95
1064,2e-05,1.10493,1.0,0.95,0.20726,0.19886,0.95,0.95,0.10478,0.35712,0.975,0.95
1065,2e-05,1.10489,1.0,0.95,0.20323,0.23025,0.95,0.95,0.10311,0.33897,0.9625,0.95
1066,2e-05,1.1046,1.0,0.95,0.20363,0.19357,0.9375,0.95,0.10487,0.32789,0.9625,0.95
1067,2e-05,1.10503,1.0,0.95,0.20184,0.22782,0.95,0.95,0.10761,0.36866,0.975,0.95
1068,2e-05,1.1058,1.0,0.95,0.20671,0.20456,0.95,0.95,0.10755,0.37605,0.9625,0.95
1069,2e-05,1.1063,1.0,0.95,0.20093,0.23922,0.95,0.95,0.10667,0.34084,0.9625,0.95
1070,2e-05,1.10573,1.0,0.95,0.20797,0.19068,0.95,0.95,0.10533,0.33486,0.9625,0.95
1071,2e-05,1.10526,1.0,0.95,0.20234,0.25009,0.95,0.95,0.10362,0.34919,0.975,0.95
1072,1e-05,1.10578,1.0,0.95,0.20417,0.19628,0.9375,0.95,0.11023,0.33677,0.975,0.95
1073,1e-05,1.10682,1.0,0.95,0.20291,0.23705,0.95,0.95,0.10715,0.34613,0.9875,0.95
1074,1e-05,1.10777,1.0,0.95,0.2088,0.19524,0.95,0.95,0.10484,0.34972,0.9625,0.95
1075,1e-05,1.1075,1.0,0.95,0.20458,0.24189,0.95,0.95,0.10773,0.34248,0.9625,0.95
1076,1e-05,1.10753,1.0,0.95,0.20513,0.18577,0.95,0.95,0.10725,0.34178,0.9625,0.95
1077,1e-05,1.10739,1.0,0.95,0.20416,0.23855,0.95,0.95,0.10556,0.3424,0.975,0.95
1078,1e-05,1.10785,1.0,0.95,0.20606,0.1956,0.95,0.95,0.10458,0.34082,0.975,0.95
1079,1e-05,1.10794,1.0,0.95,0.20364,0.23758,0.95,0.95,0.10293,0.3454,0.975,0.95
1080,1e-05,1.10844,1.0,0.95,0.20785,0.19659,0.95,0.95,0.10346,0.34333,0.9625,0.95
1081,1e-05,1.10894,1.0,0.95,0.20259,0.23461,0.95,0.95,0.10326,0.34082,0.9625,0.95
1082,1e-05,1.10851,1.0,0.95,0.20275,0.19587,0.9375,0.95,0.10258,0.34313,0.975,0.95
1083,1e-05,1.10865,1.0,0.95,0.20123,0.23504,0.95,0.95,0.10334,0.34519,0.975,0.95
1084,1e-05,1.10863,1.0,0.95,0.20554,0.19937,0.95,0.95,0.10564,0.36091,0.975,0.95
1085,1e-05,1.10929,1.0,0.95,0.20147,0.23666,0.95,0.95,0.10556,0.35554,0.9625,0.95
1086,1e-05,1.1101,1.0,0.95,0.20412,0.20212,0.95,0.95,0.10549,0.34374,0.9625,0.95
1087,1e-05,1.1098,1.0,0.95,0.2007,0.23662,0.95,0.95,0.10403,0.3428,0.9625,0.95
1088,1e-05,1.10931,1.0,0.95,0.20409,0.19894,0.95,0.95,0.10248,0.34419,0.975,0.95
1089,1e-05,1.10967,1.0,0.95,0.20128,0.22429,0.95,0.95,0.10597,0.32909,0.975,0.95
1090,1e-05,1.11062,1.0,0.95,0.20582,0.20036,0.9375,0.95,0.10534,0.3458,0.975,0.95
1091,1e-05,1.11131,1.0,0.95,0.20145,0.23505,0.95,0.95,0.10431,0.35223,0.9625,0.95
1092,1e-05,1.11097,1.0,0.95,0.20365,0.19745,0.95,0.95,0.10592,0.337,0.9625,0.95
1093,1e-05,1.11054,1.0,0.95,0.20208,0.22929,0.95,0.95,0.10544,0.33587,0.9625,0.95
1094,1e-05,1.11094,1.0,0.95,0.20314,0.19784,0.9375,0.95,0.10466,0.34542,0.975,0.95
1095,1e-05,1.11155,1.0,0.95,0.20104,0.23105,0.95,0.95,0.10327,0.34587,0.975,0.95
1096,1e-05,1.11225,1.0,0.95,0.20413,0.20299,0.95,0.95,0.10231,0.33429,0.9625,0.95
1097,1e-05,1.11222,1.0,0.95,0.20013,0.22884,0.95,0.95,0.10229,0.33131,0.9625,0.95
1098,1e-05,1.11189,1.0,0.95,0.20449,0.1953,0.95,0.95,0.10182,0.34823,0.975,0.95
1099,1e-05,1.11241,1.0,0.95,0.19964,0.23796,0.95,0.95,0.10149,0.35295,0.975,0.95
1100,1e-05,1.11324,1.0,0.95,0.20195,0.19746,0.95,0.95,0.10356,0.33522,0.975,0.95
1101,1e-05,1.1138,1.0,0.95,0.20031,0.2315,0.95,0.95,0.10619,0.35154,0.975,0.95
1102,1e-05,1.11316,1.0,0.95,0.20578,0.20035,0.95,0.95,0.10536,0.35908,0.9625,0.95
1103,1e-05,1.11326,1.0,0.95,0.20066,0.24748,0.95,0.95,0.10488,0.34558,0.9625,0.95
1104,1e-05,1.11339,1.0,0.95,0.20599,0.19866,0.95,0.95,0.10318,0.336,0.9625,0.95
1105,1e-05,1.11385,1.0,0.95,0.20206,0.2327,0.95,0.95,0.10516,0.33008,0.975,0.95
1106,1e-05,1.1138,1.0,0.95,0.20362,0.19752,0.9375,0.95,0.10583,0.35367,0.9875,0.95
1107,1e-05,1.11395,1.0,0.95,0.19969,0.22388,0.95,0.95,0.10315,0.35175,0.975,0.95
1108,1e-05,1.11453,1.0,0.95,0.20285,0.19784,0.9375,0.95,0.10527,0.33453,0.9625,0.95
1109,1e-05,1.1144,1.0,0.95,0.19979,0.22839,0.95,0.95,0.10539,0.34264,0.9625,0.95
1110,1e-05,1.11481,1.0,0.95,0.20334,0.19987,0.95,0.95,0.1045,0.35257,0.975,0.95
1111,1e-05,1.11485,1.0,0.95,0.2007,0.22534,0.95,0.95,0.10406,0.3504,0.975,0.95
1112,1e-05,1.11524,1.0,0.95,0.20205,0.20081,0.9375,0.95,0.10192,0.34243,0.9625,0.95
1113,1e-05,1.11599,1.0,0.95,0.19861,0.22201,0.95,0.95,0.10212,0.34372,0.9625,0.95
1114,1e-05,1.11585,1.0,0.95,0.20136,0.20503,0.9375,0.95,0.10165,0.35439,0.975,0.95
1115,1e-05,1.1162,1.0,0.95,0.2,0.22997,0.95,0.95,0.10096,0.35961,0.975,0.95
1116,1e-05,1.11627,1.0,0.95,0.20269,0.20036,0.95,0.95,0.10273,0.3477,0.975,0.95
1117,1e-05,1.11645,1.0,0.95,0.19892,0.23316,0.95,0.95,0.10572,0.36745,0.975,0.95
1118,1e-05,1.11686,1.0,0.95,0.2009,0.19639,0.9375,0.95,0.10512,0.37275,0.9625,0.95
1119,1e-05,1.11674,1.0,0.95,0.19968,0.23138,0.95,0.95,0.10429,0.35379,0.9625,0.95
1120,1e-05,1.11708,1.0,0.95,0.20381,0.19776,0.95,0.95,0.10237,0.34113,0.9625,0.95
1121,1e-05,1.11748,1.0,0.95,0.19992,0.23225,0.95,0.95,0.1044,0.33656,0.975,0.95
1122,1e-05,1.11766,1.0,0.95,0.20328,0.19575,0.95,0.95,0.10587,0.36793,0.9875,0.95
1123,1e-05,1.11751,1.0,0.95,0.19951,0.22407,0.95,0.95,0.10163,0.3567,0.9625,0.95
1124,1e-05,1.11779,1.0,0.95,0.20241,0.20195,0.95,0.95,0.10327,0.32511,0.9625,0.95
1125,1e-05,1.11839,1.0,0.95,0.1991,0.23476,0.95,0.95,0.10904,0.32455,0.9625,0.95
1126,1e-05,1.11896,1.0,0.95,0.20405,0.19687,0.95,0.95,0.10972,0.37279,0.9875,0.95
1127,1e-05,1.11887,1.0,0.95,0.19911,0.2271,0.95,0.95,0.10421,0.36149,0.975,0.95
1128,1e-05,1.1191,1.0,0.95,0.20198,0.20427,0.9375,0.95,0.1054,0.32917,0.9625,0.95
1129,1e-05,1.11867,1.0,0.95,0.19879,0.22928,0.95,0.95,0.10563,0.34038,0.9625,0.95
1130,1e-05,1.11907,1.0,0.95,0.20353,0.20466,0.95,0.95,0.10292,0.36193,0.975,0.95
1131,1e-05,1.11989,1.0,0.95,0.1998,0.22951,0.95,0.95,0.10304,0.34248,0.9875,0.95
1132,1e-05,1.11988,1.0,0.95,0.20354,0.19433,0.95,0.95,0.10352,0.35345,0.9875,0.95
1133,1e-05,1.12003,1.0,0.95,0.1986,0.23475,0.95,0.95,0.10296,0.36876,0.9625,0.95
1134,1e-05,1.11994,1.0,0.95,0.20261,0.19835,0.95,0.95,0.10577,0.35753,0.9625,0.95
1135,1e-05,1.1204,1.0,0.95,0.19847,0.22559,0.95,0.95,0.1047,0.34824,0.9625,0.95
1136,1e-05,1.12027,1.0,0.95,0.2048,0.19504,0.95,0.95,0.10379,0.36117,0.975,0.95
1137,1e-05,1.12075,1.0,0.95,0.19849,0.23008,0.95,0.95,0.10149,0.35671,0.975,0.95
1138,1e-05,1.12133,1.0,0.95,0.20345,0.20162,0.95,0.95,0.10421,0.33323,0.9625,0.95
1139,1e-05,1.12131,1.0,0.95,0.19864,0.23636,0.95,0.95,0.10468,0.36266,0.975,0.95
1140,1e-05,1.1215,1.0,0.95,0.20384,0.2027,0.95,0.95,0.10434,0.37552,0.9625,0.95
1141,1e-05,1.12206,1.0,0.95,0.2005,0.23265,0.95,0.95,0.10472,0.3473,0.9625,0.95
1142,1e-05,1.12198,1.0,0.95,0.20384,0.18888,0.95,0.95,0.10469,0.33757,0.9625,0.95
1143,1e-05,1.12182,1.0,0.95,0.20021,0.23905,0.95,0.95,0.10372,0.35423,0.9625,0.95
1144,1e-05,1.12213,1.0,0.95,0.20182,0.19488,0.9375,0.95,0.10307,0.35972,0.975,0.95
1145,1e-05,1.12262,1.0,0.95,0.2005,0.22646,0.95,0.95,0.10144,0.34524,0.975,0.95
1146,1e-05,1.12321,1.0,0.95,0.20587,0.19787,0.95,0.95,0.1044,0.33362,0.9625,0.95
1147,1e-05,1.12317,1.0,0.95,0.20041,0.23546,0.95,0.95,0.10605,0.37253,0.975,0.95
1148,1e-05,1.12339,1.0,0.95,0.20125,0.19327,0.9375,0.95,0.10596,0.37147,0.9625,0.95
1149,1e-05,1.12316,1.0,0.95,0.19944,0.23386,0.95,0.95,0.1049,0.33168,0.9625,0.95
1150,1e-05,1.12361,1.0,0.95,0.20117,0.20092,0.95,0.95,0.10334,0.33335,0.9625,0.95
1151,1e-05,1.12385,1.0,0.95,0.19914,0.22676,0.95,0.95,0.10182,0.35329,0.975,0.95
1152,1e-05,1.12421,1.0,0.95,0.20341,0.20354,0.95,0.95,0.10881,0.33454,0.975,0.95
1153,1e-05,1.12475,1.0,0.95,0.19827,0.24014,0.95,0.95,0.10659,0.34556,0.9875,0.95
1154,1e-05,1.1246,1.0,0.95,0.20073,0.19596,0.95,0.95,0.1038,0.35497,0.9625,0.95
1155,1e-05,1.12431,1.0,0.95,0.1993,0.2287,0.95,0.95,0.10697,0.34565,0.9625,0.95
1156,1e-05,1.1246,1.0,0.95,0.20202,0.20418,0.95,0.95,0.10604,0.34125,0.9625,0.95
1157,1e-05,1.1251,1.0,0.95,0.19857,0.22908,0.95,0.95,0.10423,0.34404,0.975,0.95
1158,1e-05,1.12578,1.0,0.95,0.2028,0.19605,0.95,0.95,0.10306,0.3463,0.975,0.95
1159,1e-05,1.12565,1.0,0.95,0.1985,0.24555,0.95,0.95,0.10115,0.34204,0.975,0.95
1160,1e-05,1.12612,1.0,0.95,0.20137,0.20627,0.95,0.95,0.10346,0.33316,0.9625,0.95
1161,1e-05,1.12608,1.0,0.95,0.19957,0.2249,0.95,0.95,0.10659,0.36941,0.975,0.95
1162,1e-05,1.12634,1.0,0.95,0.20443,0.20358,0.9375,0.95,0.10699,0.37429,0.9625,0.95
1163,1e-05,1.12674,1.0,0.95,0.19884,0.23368,0.95,0.95,0.10502,0.33933,0.9625,0.95
1164,1e-05,1.1267,1.0,0.95,0.19905,0.19692,0.95,0.95,0.10383,0.33596,0.9625,0.95
1165,1e-05,1.12703,1.0,0.95,0.20026,0.22347,0.95,0.95,0.10179,0.35201,0.975,0.95
1166,1e-05,1.12675,1.0,0.95,0.20129,0.1991,0.9375,0.95,0.10938,0.33111,0.975,0.95
1167,1e-05,1.12705,1.0,0.95,0.19843,0.2323,0.95,0.95,0.10617,0.34459,0.9875,0.95
1168,1e-05,1.12768,1.0,0.95,0.20181,0.20772,0.95,0.95,0.10296,0.35589,0.9625,0.95
1169,1e-05,1.12782,1.0,0.95,0.19758,0.23588,0.95,0.95,0.10674,0.34168,0.9625,0.95
1170,1e-05,1.12783,1.0,0.95,0.20255,0.1938,0.95,0.95,0.10617,0.337,0.9625,0.95
1171,1e-05,1.12815,1.0,0.95,0.19826,0.23468,0.95,0.95,0.10429,0.34511,0.975,0.95
1172,1e-05,1.12878,1.0,0.95,0.19954,0.2017,0.9375,0.95,0.10354,0.34703,0.975,0.95
1173,1e-05,1.12857,1.0,0.95,0.1989,0.23026,0.95,0.95,0.10148,0.33674,0.975,0.95
1174,1e-05,1.12892,1.0,0.95,0.20602,0.19547,0.95,0.95,0.10439,0.32659,0.9625,0.95
1175,1e-05,1.12898,1.0,0.95,0.19846,0.25299,0.95,0.95,0.10518,0.36227,0.975,0.95
1176,1e-05,1.12944,1.0,0.95,0.20019,0.20001,0.95,0.95,0.10583,0.37157,0.975,0.95
1177,1e-05,1.12996,1.0,0.95,0.19852,0.23883,0.95,0.95,0.10462,0.33994,0.9625,0.95
1178,1e-05,1.12986,1.0,0.95,0.20569,0.20286,0.95,0.95,0.10452,0.32938,0.9625,0.95
1179,1e-05,1.1297,1.0,0.95,0.199,0.23925,0.95,0.95,0.10288,0.34962,0.9625,0.95
1180,1e-05,1.13027,1.0,0.95,0.20489,0.19121,0.95,0.95,0.10157,0.35003,0.975,0.95
1181,1e-05,1.13086,1.0,0.95,0.19928,0.24345,0.95,0.95,0.10233,0.32216,0.975,0.95
1182,1e-05,1.13113,1.0,0.95,0.20142,0.19271,0.95,0.95,0.10331,0.34922,0.975,0.95
1183,1e-05,1.13082,1.0,0.95,0.19916,0.2375,0.95,0.95,0.10377,0.3643,0.9625,0.95
1184,1e-05,1.13059,1.0,0.95,0.20363,0.2029,0.95,0.95,0.10486,0.33794,0.9625,0.95
1185,1e-05,1.13086,1.0,0.95,0.19974,0.24136,0.95,0.95,0.10399,0.3309,0.9625,0.95
1186,1e-05,1.13156,1.0,0.95,0.20316,0.19731,0.95,0.95,0.10298,0.34617,0.9625,0.95
1187,1e-05,1.13152,1.0,0.95,0.19829,0.2418,0.95,0.95,0.10148,0.34548,0.975,0.95
1188,1e-05,1.13198,1.0,0.95,0.20099,0.19048,0.95,0.95,0.10098,0.33107,0.975,0.95
1189,1e-05,1.13191,1.0,0.95,0.19902,0.23897,0.95,0.95,0.10083,0.33502,0.975,0.95
1190,1e-05,1.13232,1.0,0.95,0.20167,0.19639,0.95,0.95,0.10046,0.34764,0.975,0.95
1191,1e-05,1.13301,1.0,0.95,0.19882,0.23977,0.95,0.95,0.10016,0.34869,0.975,0.95
1192,1e-05,1.13346,1.0,0.95,0.20387,0.19774,0.95,0.95,0.09963,0.34548,0.975,0.95
1193,1e-05,1.13282,1.0,0.95,0.19891,0.23926,0.95,0.95,0.10312,0.34239,0.975,0.95
1194,1e-05,1.1322,1.0,0.95,0.19994,0.20237,0.95,0.95,0.10561,0.36026,0.975,0.95
1195,1e-05,1.13287,1.0,0.95,0.19712,0.23674,0.95,0.95,0.10402,0.35766,0.9625,0.95
1196,1e-05,1.13376,1.0,0.95,0.20183,0.19466,0.95,0.95,0.10382,0.34549,0.9625,0.95
1197,1e-05,1.13455,1.0,0.95,0.19759,0.22333,0.95,0.95,0.10277,0.34274,0.9625,0.95
1198,1e-05,1.13432,1.0,0.95,0.20003,0.19965,0.9375,0.95,0.1011,0.343,0.975,0.95
1199,1e-05,1.13381,1.0,0.95,0.19662,0.22747,0.95,0.95,0.10165,0.3321,0.975,0.95
1200,1e-05,1.13405,1.0,0.95,0.20094,0.2042,0.95,0.95,0.10309,0.34528,0.9875,0.95
1201,1e-05,1.13464,1.0,0.95,0.19797,0.23394,0.95,0.95,0.10248,0.35204,0.9625,0.95
1202,1e-05,1.13508,1.0,0.95,0.20185,0.19588,0.95,0.95,0.1046,0.34,0.9625,0.95
1203,1e-05,1.13486,1.0,0.95,0.1969,0.23456,0.95,0.95,0.10385,0.34058,0.9625,0.95
1204,1e-05,1.13455,1.0,0.95,0.19939,0.19783,0.95,0.95,0.10305,0.35043,0.975,0.95
1205,1e-05,1.135,1.0,0.95,0.19657,0.22781,0.95,0.95,0.10192,0.3451,0.975,0.95
1206,1e-05,1.13609,1.0,0.95,0.20197,0.19117,0.95,0.95,0.10134,0.33943,0.9625,0.95
1207,1e-05,1.13686,1.0,0.95,0.19721,0.24093,0.95,0.95,0.10139,0.34062,0.9625,0.95
1208,1e-05,1.13636,1.0,0.95,0.20059,0.2015,0.95,0.95,0.10079,0.3428,0.9625,0.95
1209,1e-05,1.13558,1.0,0.95,0.19799,0.23444,0.95,0.95,0.10042,0.34398,0.975,0.95
1210,1e-05,1.13603,1.0,0.95,0.20433,0.19684,0.95,0.95,0.09971,0.34757,0.975,0.95
1211,1e-05,1.137,1.0,0.95,0.19818,0.23368,0.95,0.95,0.09948,0.3489,0.975,0.95
1212,1e-05,1.13728,1.0,0.95,0.19837,0.19602,0.9375,0.95,0.10295,0.34017,0.975,0.95
1213,1e-05,1.13736,1.0,0.95,0.19666,0.23201,0.95,0.95,0.1052,0.35742,0.9875,0.95
1214,1e-05,1.13716,1.0,0.95,0.20129,0.20188,0.95,0.95,0.1037,0.35783,0.9625,0.95
1215,1e-05,1.13751,1.0,0.95,0.19833,0.23452,0.95,0.95,0.10358,0.34192,0.9625,0.95
1216,1e-05,1.13761,1.0,0.95,0.20057,0.19731,0.95,0.95,0.10309,0.3364,0.9625,0.95
1217,1e-05,1.13779,1.0,0.95,0.19785,0.2397,0.95,0.95,0.101,0.34407,0.975,0.95
1218,1e-05,1.13768,1.0,0.95,0.19798,0.19826,0.9375,0.95,0.10918,0.32765,0.975,0.95
1219,1e-05,1.13816,1.0,0.95,0.19782,0.2297,0.95,0.95,0.10521,0.35166,0.9875,0.95
1220,1e-05,1.13872,1.0,0.95,0.20125,0.19433,0.95,0.95,0.10367,0.35594,0.9625,0.95
1221,1e-05,1.13854,1.0,0.95,0.1976,0.23943,0.95,0.95,0.10584,0.33483,0.9625,0.95
1222,1e-05,1.13883,1.0,0.95,0.20113,0.1982,0.95,0.95,0.10467,0.33385,0.9625,0.95
1223,1e-05,1.13879,1.0,0.95,0.19693,0.24169,0.95,0.95,0.10216,0.35052,0.975,0.95
1224,1e-05,1.13908,1.0,0.95,0.20303,0.198,0.95,0.95,0.10086,0.34081,0.975,0.95
1225,1e-05,1.13914,1.0,0.95,0.19904,0.23696,0.95,0.95,0.10452,0.32319,0.975,0.95
1226,1e-05,1.13963,1.0,0.95,0.20068,0.20044,0.95,0.95,0.10431,0.35823,0.975,0.95
1227,1e-05,1.14037,1.0,0.95,0.19708,0.24056,0.95,0.95,0.10512,0.363,0.9625,0.95
1228,1e-05,1.14027,1.0,0.95,0.20176,0.18569,0.95,0.95,0.10504,0.32885,0.9625,0.95
1229,1e-05,1.14041,1.0,0.95,0.19867,0.24256,0.95,0.95,0.1033,0.33159,0.9625,0.95
1230,1e-05,1.14036,1.0,0.95,0.19983,0.19228,0.95,0.95,0.10098,0.34999,0.975,0.95
1231,1e-05,1.1408,1.0,0.95,0.19805,0.24379,0.95,0.95,0.1065,0.32965,0.975,0.95
1232,1e-05,1.14097,1.0,0.95,0.20477,0.19535,0.95,0.95,0.10433,0.34125,0.9875,0.95
1233,1e-05,1.14117,1.0,0.95,0.19914,0.25675,0.95,0.95,0.10201,0.35294,0.9625,0.95
1234,1e-05,1.1416,1.0,0.95,0.2015,0.19492,0.95,0.95,0.10519,0.34417,0.9625,0.95
1235,1e-05,1.14165,1.0,0.95,0.1986,0.24245,0.95,0.95,0.10446,0.34158,0.9625,0.95
1236,1e-05,1.14148,1.0,0.95,0.20112,0.19103,0.95,0.95,0.10329,0.34489,0.975,0.95
1237,1e-05,1.14178,1.0,0.95,0.19851,0.2265,0.95,0.95,0.10246,0.34407,0.975,0.95
1238,1e-05,1.14258,1.0,0.95,0.20135,0.19392,0.95,0.95,0.10041,0.33525,0.975,0.95
1239,1e-05,1.14319,1.0,0.95,0.19681,0.24066,0.95,0.95,0.1017,0.32899,0.9625,0.95
1240,1e-05,1.14285,1.0,0.95,0.19959,0.19323,0.95,0.95,0.10366,0.36003,0.975,0.95
1241,1e-05,1.14229,1.0,0.95,0.19746,0.228,0.95,0.95,0.10434,0.36555,0.975,0.95
1242,1e-05,1.14282,1.0,0.95,0.19933,0.20024,0.95,0.95,0.10356,0.34224,0.9625,0.95
1243,1e-05,1.14368,1.0,0.95,0.19566,0.23196,0.95,0.95,0.10351,0.34121,0.9625,0.95
1244,1e-05,1.14368,1.0,0.95,0.19963,0.19761,0.95,0.95,0.10215,0.35789,0.9625,0.95
1245,1e-05,1.14356,1.0,0.95,0.19546,0.24614,0.95,0.95,0.10079,0.34769,0.975,0.95
1246,1e-05,1.14365,1.0,0.95,0.19962,0.20166,0.95,0.95,0.10166,0.32731,0.975,0.95
1247,1e-05,1.14399,1.0,0.95,0.19632,0.24256,0.95,0.95,0.10243,0.35726,0.975,0.95
1248,1e-05,1.14455,1.0,0.95,0.20031,0.19753,0.95,0.95,0.10291,0.36384,0.9625,0.95
1249,1e-05,1.14427,1.0,0.95,0.19648,0.24365,0.95,0.95,0.10448,0.33874,0.9625,0.95
1250,1e-05,1.14418,1.0,0.95,0.20141,0.19347,0.95,0.95,0.10367,0.33455,0.9625,0.95
1251,1e-05,1.14478,1.0,0.95,0.19729,0.23273,0.95,0.95,0.10245,0.34643,0.9625,0.95
1252,1e-05,1.14534,1.0,0.95,0.20175,0.19313,0.95,0.95,0.10106,0.34688,0.975,0.95
1253,1e-05,1.14498,1.0,0.95,0.19846,0.24128,0.95,0.95,0.1,0.33524,0.975,0.95
1254,1e-05,1.14482,1.0,0.95,0.19913,0.19354,0.95,0.95,0.09999,0.33383,0.975,0.95
1255,1e-05,1.14531,1.0,0.95,0.1981,0.22926,0.95,0.95,0.0995,0.34151,0.975,0.95
1256,1e-05,1.14601,1.0,0.95,0.19994,0.19652,0.95,0.95,0.0995,0.34185,0.975,0.95
1257,1e-05,1.14648,1.0,0.95,0.19579,0.23641,0.95,0.95,0.09918,0.33775,0.975,0.95
1258,1e-05,1.14681,1.0,0.95,0.20057,0.19558,0.95,0.95,0.10127,0.33247,0.975,0.95
1259,1e-05,1.14643,1.0,0.95,0.19621,0.23447,0.95,0.95,0.1041,0.35278,0.975,0.95
1260,1e-05,1.14603,1.0,0.95,0.19921,0.1942,0.95,0.95,0.10341,0.34835,0.9625,0.95
1261,1e-05,1.14612,1.0,0.95,0.1962,0.23837,0.95,0.95,0.10307,0.33389,0.9625,0.95
1262,1e-05,1.14675,1.0,0.95,0.19947,0.20211,0.95,0.95,0.102,0.34187,0.9625,0.95
1263,1e-05,1.14745,1.0,0.95,0.19603,0.23248,0.95,0.95,0.10038,0.34365,0.975,0.95
1264,1e-05,1.14799,1.0,0.95,0.1993,0.19522,0.95,0.95,0.10282,0.32286,0.975,0.95
1265,1e-05,1.14856,1.0,0.95,0.19565,0.24283,0.95,0.95,0.10326,0.34927,0.9875,0.95
1266,1e-05,1.14818,1.0,0.95,0.19672,0.18816,0.95,0.95,0.10238,0.35241,0.9625,0.95
1267,1e-05,1.14759,1.0,0.95,0.19772,0.23181,0.95,0.95,0.10442,0.3317,0.9625,0.95
1268,1e-05,1.1475,1.0,0.95,0.20041,0.19494,0.95,0.95,0.10379,0.33649,0.9625,0.95
1269,1e-05,1.14809,1.0,0.95,0.19676,0.25101,0.95,0.95,0.10126,0.35161,0.975,0.95
1270,1e-05,1.14871,1.0,0.95,0.20252,0.19571,0.95,0.95,0.09992,0.34425,0.975,0.95
1271,1e-05,1.14924,1.0,0.95,0.19872,0.24128,0.95,0.95,0.10559,0.32585,0.975,0.95
1272,1e-05,1.14952,1.0,0.95,0.1989,0.18639,0.9375,0.95,0.10329,0.35953,0.9875,0.95
1273,1e-05,1.14916,1.0,0.95,0.19805,0.23922,0.95,0.95,0.10318,0.36482,0.9625,0.95
1274,1e-05,1.14891,1.0,0.95,0.19902,0.20376,0.95,0.95,0.1045,0.33794,0.9625,0.95
1275,1e-05,1.14914,1.0,0.95,0.19683,0.23921,0.95,0.95,0.10362,0.33776,0.9625,0.95
1276,1e-05,1.14982,1.0,0.95,0.20235,0.19182,0.95,0.95,0.10237,0.34857,0.9625,0.95
1277,1e-05,1.1504,1.0,0.95,0.19727,0.23924,0.95,0.95,0.10147,0.33709,0.975,0.95
1278,1e-05,1.15078,1.0,0.95,0.19477,0.19002,0.9375,0.95,0.10003,0.33078,0.975,0.95
1279,1e-05,1.15041,1.0,0.95,0.1969,0.22901,0.95,0.95,0.09964,0.34436,0.9625,0.95
1280,1e-05,1.14984,1.0,0.95,0.19936,0.20488,0.95,0.95,0.09933,0.35176,0.975,0.95
1281,1e-05,1.15036,1.0,0.95,0.19695,0.23573,0.95,0.95,0.09927,0.35023,0.975,0.95
1282,1e-05,1.15117,1.0,0.95,0.19935,0.19015,0.95,0.95,0.0987,0.3552,0.975,0.95
1283,1e-05,1.15121,1.0,0.95,0.19625,0.23709,0.95,0.95,0.10377,0.34635,0.975,0.95
1284,1e-05,1.15124,1.0,0.95,0.19669,0.20422,0.9375,0.95,0.10538,0.36311,0.9875,0.95
1285,1e-05,1.15103,1.0,0.95,0.19457,0.23028,0.95,0.95,0.10315,0.36784,0.9625,0.95
1286,1e-05,1.15135,1.0,0.95,0.20123,0.19587,0.95,0.95,0.10317,0.3524,0.9625,0.95
1287,1e-05,1.15134,1.0,0.95,0.19683,0.23149,0.95,0.95,0.10216,0.34401,0.9625,0.95
1288,1e-05,1.15188,1.0,0.95,0.19502,0.19659,0.9375,0.95,0.10025,0.34514,0.975,0.95
1289,1e-05,1.15243,1.0,0.95,0.1948,0.23134,0.95,0.95,0.10038,0.33803,0.975,0.95
1290,1e-05,1.15235,1.0,0.95,0.19876,0.19693,0.95,0.95,0.1022,0.35443,0.9875,0.95
1291,1e-05,1.15222,1.0,0.95,0.1958,0.23123,0.95,0.95,0.10021,0.34539,0.9625,0.95
1292,1e-05,1.1529,1.0,0.95,0.19673,0.20178,0.95,0.95,0.10143,0.32518,0.9625,0.95
1293,1e-05,1.15354,1.0,0.95,0.19364,0.23309,0.95,0.95,0.10229,0.32679,0.9625,0.95
1294,1e-05,1.15398,1.0,0.95,0.197,0.1966,0.95,0.95,0.10575,0.35496,0.9875,0.95
1295,1e-05,1.15345,1.0,0.95,0.19399,0.23448,0.95,0.95,0.10195,0.34274,0.975,0.95
1296,1e-05,1.1529,1.0,0.95,0.19693,0.19891,0.95,0.95,0.10224,0.32893,0.9625,0.95
1297,1e-05,1.15353,1.0,0.95,0.19372,0.23551,0.95,0.95,0.10265,0.34454,0.9625,0.95
1298,1e-05,1.15445,1.0,0.95,0.1987,0.19451,0.95,0.95,0.10075,0.35087,0.9625,0.95
1299,1e-05,1.15526,1.0,0.95,0.19516,0.2379,0.95,0.95,0.10067,0.33485,0.975,0.95
1300,1e-05,1.15506,1.0,0.95,0.19779,0.19731,0.95,0.95,0.10209,0.35607,0.9875,0.95
1301,1e-05,1.15464,1.0,0.95,0.19487,0.22922,0.95,0.95,0.10086,0.35888,0.9625,0.95
1302,1e-05,1.15476,1.0,0.95,0.19883,0.19837,0.95,0.95,0.10361,0.34245,0.9625,0.95
1303,1e-05,1.15518,1.0,0.95,0.19441,0.23533,0.95,0.95,0.10325,0.34336,0.9625,0.95
1304,1e-05,1.1551,1.0,0.95,0.19664,0.19046,0.95,0.95,0.10223,0.35264,0.975,0.95
1305,1e-05,1.15537,1.0,0.95,0.19511,0.23028,0.95,0.95,0.10098,0.3498,0.975,0.95
1306,1e-05,1.15512,1.0,0.95,0.1973,0.19889,0.95,0.95,0.09944,0.33426,0.9625,0.95
1307,1e-05,1.15534,1.0,0.95,0.19398,0.23164,0.95,0.95,0.10101,0.33046,0.9625,0.95
1308,1e-05,1.15585,1.0,0.95,0.20054,0.1999,0.95,0.95,0.10324,0.36832,0.975,0.95
1309,1e-05,1.15585,1.0,0.95,0.19393,0.23536,0.95,0.95,0.10378,0.36145,0.975,0.95
1310,1e-05,1.15588,1.0,0.95,0.19582,0.19393,0.95,0.95,0.10288,0.33218,0.9625,0.95
1311,1e-05,1.1565,1.0,0.95,0.1949,0.23046,0.95,0.95,0.10289,0.33711,0.9625,0.95
1312,1e-05,1.15718,1.0,0.95,0.19676,0.19651,0.95,0.95,0.10093,0.35206,0.9625,0.95
1313,1e-05,1.15703,1.0,0.95,0.19434,0.23654,0.95,0.95,0.09994,0.33571,0.975,0.95
1314,1e-05,1.15698,1.0,0.95,0.19785,0.1923,0.95,0.95,0.09941,0.32619,0.975,0.95
1315,1e-05,1.15727,1.0,0.95,0.19427,0.23241,0.95,0.95,0.09832,0.34015,0.975,0.95
1316,1e-05,1.1577,1.0,0.95,0.19737,0.20148,0.95,0.95,0.09883,0.34371,0.975,0.95
1317,1e-05,1.15829,1.0,0.95,0.19407,0.23119,0.95,0.95,0.09877,0.34021,0.975,0.95
1318,1e-05,1.15815,1.0,0.95,0.19907,0.19617,0.95,0.95,0.09992,0.33479,0.975,0.95
1319,1e-05,1.15826,1.0,0.95,0.19387,0.23967,0.95,0.95,0.10393,0.35171,0.9875,0.95
1320,1e-05,1.15812,1.0,0.95,0.1961,0.19496,0.95,0.95,0.10199,0.35402,0.9625,0.95
1321,1e-05,1.15863,1.0,0.95,0.19437,0.22046,0.95,0.95,0.10228,0.3439,0.9625,0.95
1322,1e-05,1.15876,1.0,0.95,0.1978,0.20118,0.95,0.95,0.1008,0.33779,0.9625,0.95
1323,1e-05,1.1591,1.0,0.95,0.19351,0.23484,0.95,0.95,0.09967,0.33853,0.975,0.95
1324,1e-05,1.15962,1.0,0.95,0.19571,0.19353,0.95,0.95,0.10518,0.33142,0.975,0.95
1325,1e-05,1.15932,1.0,0.95,0.19431,0.23419,0.95,0.95,0.10383,0.35464,0.9875,0.95
1326,1e-05,1.15888,1.0,0.95,0.19557,0.19982,0.95,0.95,0.10173,0.35914,0.9625,0.95
1327,1e-05,1.15957,1.0,0.95,0.19326,0.23179,0.95,0.95,0.10479,0.33976,0.9625,0.95
1328,1e-05,1.16065,1.0,0.95,0.19786,0.19935,0.95,0.95,0.10374,0.33689,0.9625,0.95
1329,1e-05,1.16071,1.0,0.95,0.19343,0.23401,0.95,0.95,0.1023,0.34734,0.975,0.95
1330,1e-05,1.16098,1.0,0.95,0.19787,0.19999,0.95,0.95,0.10189,0.341,0.9875,0.95
1331,1e-05,1.1605,1.0,0.95,0.19329,0.23111,0.95,0.95,0.10024,0.33709,0.975,0.95
1332,1e-05,1.16035,1.0,0.95,0.19613,0.19728,0.95,0.95,0.1004,0.34307,0.9625,0.95
1333,1e-05,1.16069,1.0,0.95,0.19343,0.22828,0.95,0.95,0.10003,0.35312,0.9625,0.95
1334,1e-05,1.16078,1.0,0.95,0.19602,0.19579,0.95,0.95,0.09938,0.35791,0.975,0.95
1335,1e-05,1.16129,1.0,0.95,0.1931,0.23242,0.95,0.95,0.0983,0.355,0.975,0.95
1336,1e-05,1.16114,1.0,0.95,0.19664,0.20099,0.95,0.95,0.10062,0.34472,0.975,0.95
1337,1e-05,1.16143,1.0,0.95,0.19267,0.23941,0.95,0.95,0.10431,0.37433,0.975,0.95
1338,1e-05,1.16201,1.0,0.95,0.19776,0.1921,0.95,0.95,0.10399,0.36825,0.9625,0.95
1339,1e-05,1.16193,1.0,0.95,0.19373,0.23831,0.95,0.95,0.10234,0.33635,0.9625,0.95
1340,1e-05,1.16236,1.0,0.95,0.1963,0.20545,0.95,0.95,0.10036,0.33633,0.9625,0.95
1341,1e-05,1.16251,1.0,0.95,0.19344,0.24055,0.95,0.95,0.10392,0.33898,0.975,0.95
1342,1e-05,1.16301,1.0,0.95,0.19889,0.19291,0.95,0.95,0.10477,0.35105,0.9875,0.95
1343,1e-05,1.16352,1.0,0.95,0.19452,0.22811,0.95,0.95,0.10039,0.34386,0.975,0.95
1344,1e-05,1.16338,1.0,0.95,0.19539,0.19953,0.9375,0.95,0.10303,0.3397,0.9625,0.95
1345,1e-05,1.16295,1.0,0.95,0.19372,0.23373,0.95,0.95,0.10329,0.34756,0.9625,0.95
1346,1e-05,1.16338,1.0,0.95,0.19824,0.19882,0.95,0.95,0.10185,0.3537,0.9625,0.95
1347,1e-05,1.16402,1.0,0.95,0.1968,0.23663,0.95,0.95,0.10139,0.34586,0.975,0.95
1348,1e-05,1.16394,1.0,0.95,0.19672,0.19365,0.95,0.95,0.09996,0.34683,0.975,0.95
1349,1e-05,1.16401,1.0,0.95,0.19364,0.23011,0.95,0.95,0.10042,0.35756,0.9625,0.95
1350,1e-05,1.16387,1.0,0.95,0.19512,0.20155,0.95,0.95,0.10112,0.36112,0.9625,0.95
1351,1e-05,1.16428,1.0,0.95,0.19419,0.23167,0.95,0.95,0.10117,0.35745,0.9625,0.95
1352,1e-05,1.16425,1.0,0.95,0.19745,0.19384,0.95,0.95,0.10037,0.35536,0.975,0.95
1353,1e-05,1.16473,1.0,0.95,0.19298,0.23633,0.95,0.95,0.10006,0.35614,0.9625,0.95
1354,1e-05,1.16518,1.0,0.95,0.19408,0.19369,0.95,0.95,0.10062,0.35364,0.9625,0.95
1355,1e-05,1.16486,1.0,0.95,0.19319,0.23251,0.95,0.95,0.10048,0.35499,0.9625,0.95
1356,1e-05,1.16517,1.0,0.95,0.19867,0.19646,0.95,0.95,0.1007,0.35661,0.9625,0.95
1357,1e-05,1.16542,1.0,0.95,0.19371,0.2371,0.95,0.95,0.10038,0.34789,0.9625,0.95
1358,1e-05,1.1659,1.0,0.95,0.19771,0.19165,0.95,0.95,0.10035,0.34423,0.9625,0.95
1359,1e-05,1.16571,1.0,0.95,0.19458,0.23862,0.95,0.95,0.10027,0.34773,0.9625,0.95
1360,1e-05,1.16591,1.0,0.95,0.19523,0.19687,0.95,0.95,0.09921,0.34776,0.9625,0.95
1361,1e-05,1.16646,1.0,0.95,0.19564,0.23394,0.95,0.95,0.09883,0.34334,0.9625,0.95
1362,1e-05,1.16637,1.0,0.95,0.1984,0.18932,0.95,0.95,0.09842,0.33992,0.975,0.95
1363,1e-05,1.16622,1.0,0.95,0.19373,0.23653,0.95,0.95,0.09808,0.34867,0.975,0.95
1364,1e-05,1.16691,1.0,0.95,0.1947,0.19702,0.95,0.95,0.09778,0.34792,0.975,0.95
1365,1e-05,1.16771,1.0,0.95,0.19288,0.22391,0.95,0.95,0.10177,0.33173,0.975,0.95
1366,1e-05,1.16806,1.0,0.95,0.19788,0.19264,0.95,0.95,0.10376,0.36159,0.9875,0.95
1367,1e-05,1.16773,1.0,0.95,0.19251,0.24155,0.95,0.95,0.10202,0.36182,0.9625,0.95
1368,1e-05,1.16734,1.0,0.95,0.19468,0.19611,0.95,0.95,0.10218,0.33198,0.9625,0.95
1369,1e-05,1.16775,1.0,0.95,0.19319,0.23491,0.95,0.95,0.10228,0.33885,0.9625,0.95
1370,1e-05,1.16832,1.0,0.95,0.19868,0.19631,0.95,0.95,0.09997,0.35684,0.975,0.95
1371,1e-05,1.16874,1.0,0.95,0.19313,0.24561,0.95,0.95,0.10942,0.3316,0.975,0.95
1372,1e-05,1.16858,1.0,0.95,0.19562,0.18621,0.95,0.95,0.10476,0.36511,0.9875,0.95
1373,1e-05,1.16826,1.0,0.95,0.19508,0.24098,0.95,0.95,0.10217,0.37662,0.9625,0.95
1374,1e-05,1.16862,1.0,0.95,0.19801,0.19578,0.95,0.95,0.10491,0.33887,0.9625,0.95
1375,1e-05,1.16925,1.0,0.95,0.19509,0.25081,0.95,0.95,0.10339,0.33632,0.9625,0.95
1376,1e-05,1.16973,1.0,0.95,0.19946,0.18461,0.95,0.95,0.09968,0.35646,0.975,0.95
1377,1e-05,1.16941,1.0,0.95,0.19615,0.24302,0.95,0.95,0.10293,0.33495,0.975,0.95
1378,1e-05,1.16905,1.0,0.95,0.19435,0.19109,0.9375,0.95,0.10263,0.3423,0.9875,0.95
1379,1e-05,1.16958,1.0,0.95,0.19492,0.23763,0.95,0.95,0.10071,0.35265,0.9625,0.95
1380,1e-05,1.16988,1.0,0.95,0.20049,0.19188,0.95,0.95,0.10418,0.34245,0.9625,0.95
1381,1e-05,1.17012,1.0,0.95,0.19453,0.24407,0.95,0.95,0.1033,0.33876,0.9625,0.95
1382,1e-05,1.17025,1.0,0.95,0.19504,0.19106,0.95,0.95,0.10086,0.34218,0.975,0.95
1383,1e-05,1.17059,1.0,0.95,0.19426,0.23648,0.95,0.95,0.09856,0.3421,0.975,0.95
1384,1e-05,1.17039,1.0,0.95,0.19667,0.19571,0.95,0.95,0.10498,0.32619,0.975,0.95
1385,1e-05,1.17015,1.0,0.95,0.19424,0.22979,0.95,0.95,0.1022,0.3591,0.9875,0.95
1386,1e-05,1.17076,1.0,0.95,0.19668,0.19527,0.95,0.95,0.10256,0.37029,0.9625,0.95
1387,1e-05,1.17148,1.0,0.95,0.19281,0.23247,0.95,0.95,0.10287,0.34431,0.9625,0.95
1388,1e-05,1.17168,1.0,0.95,0.1939,0.19657,0.95,0.95,0.10252,0.33167,0.9625,0.95
1389,1e-05,1.17162,1.0,0.95,0.19187,0.22335,0.95,0.95,0.10137,0.34583,0.9625,0.95
1390,1e-05,1.172,1.0,0.95,0.1952,0.20533,0.95,0.95,0.10022,0.3485,0.975,0.95
1391,1e-05,1.1725,1.0,0.95,0.19085,0.23566,0.95,0.95,0.09887,0.33296,0.975,0.95
1392,1e-05,1.17243,1.0,0.95,0.19451,0.19266,0.95,0.95,0.09837,0.33344,0.9625,0.95
1393,1e-05,1.17205,1.0,0.95,0.19172,0.22434,0.95,0.95,0.09843,0.35065,0.975,0.95
1394,1e-05,1.17219,1.0,0.95,0.19311,0.20865,0.95,0.95,0.09824,0.34946,0.975,0.95
1395,1e-05,1.17283,1.0,0.95,0.19045,0.23181,0.95,0.95,0.09747,0.33868,0.975,0.95
1396,1e-05,1.17337,1.0,0.95,0.19711,0.19456,0.95,0.95,0.10192,0.3386,0.975,0.95
1397,1e-05,1.1733,1.0,0.95,0.19228,0.22642,0.95,0.95,0.10378,0.36883,0.9875,0.95
1398,1e-05,1.17358,1.0,0.95,0.19224,0.19779,0.9375,0.95,0.10223,0.3598,0.9625,0.95
1399,1e-05,1.1735,1.0,0.95,0.19147,0.22602,0.95,0.95,0.10194,0.33872,0.9625,0.95
1400,1e-05,1.17373,1.0,0.95,0.19533,0.20596,0.95,0.95,0.10108,0.3447,0.9625,0.95
1401,1e-05,1.17413,1.0,0.95,0.19328,0.24102,0.95,0.95,0.09915,0.355,0.975,0.95
1402,1e-05,1.17413,1.0,0.95,0.19556,0.20122,0.95,0.95,0.09931,0.34103,0.975,0.95
1403,1e-05,1.17399,1.0,0.95,0.19142,0.23352,0.95,0.95,0.1011,0.34871,0.9875,0.95
1404,1e-05,1.1743,1.0,0.95,0.19224,0.20603,0.95,0.95,0.10026,0.35964,0.9625,0.95
1405,1e-05,1.17485,1.0,0.95,0.19103,0.22384,0.95,0.95,0.10216,0.35342,0.9625,0.95
1406,1e-05,1.17539,1.0,0.95,0.19602,0.19365,0.95,0.95,0.10202,0.3507,0.9625,0.95
1407,1e-05,1.17519,1.0,0.95,0.19179,0.23855,0.95,0.95,0.10087,0.35227,0.975,0.95
1408,1e-05,1.17486,1.0,0.95,0.19298,0.20429,0.95,0.95,0.09984,0.34592,0.975,0.95
1409,1e-05,1.1755,1.0,0.95,0.19162,0.22813,0.95,0.95,0.09925,0.34186,0.9625,0.95
1410,1e-05,1.17638,1.0,0.95,0.19601,0.19791,0.95,0.95,0.09938,0.33788,0.9625,0.95
1411,1e-05,1.17684,1.0,0.95,0.19183,0.24365,0.95,0.95,0.09901,0.34691,0.9625,0.95
1412,1e-05,1.17635,1.0,0.95,0.19213,0.19465,0.95,0.95,0.09827,0.35725,0.975,0.95
1413,1e-05,1.17564,1.0,0.95,0.19274,0.23088,0.95,0.95,0.0974,0.36124,0.975,0.95
1414,1e-05,1.17595,1.0,0.95,0.19483,0.2012,0.95,0.95,0.09905,0.34607,0.975,0.95
1415,1e-05,1.17678,1.0,0.95,0.19266,0.23594,0.95,0.95,0.10316,0.37236,0.975,0.95
1416,1e-05,1.17687,1.0,0.95,0.19544,0.18981,0.95,0.95,0.10297,0.36954,0.9625,0.95
1417,1e-05,1.17702,1.0,0.95,0.19264,0.24786,0.95,0.95,0.10153,0.34101,0.9625,0.95
1418,1e-05,1.17735,1.0,0.95,0.19339,0.20193,0.95,0.95,0.09943,0.33912,0.9625,0.95
1419,1e-05,1.1772,1.0,0.95,0.19158,0.23864,0.95,0.95,0.10328,0.33539,0.975,0.95
1420,1e-05,1.17705,1.0,0.95,0.19801,0.19519,0.95,0.95,0.10438,0.35751,0.9875,0.95
1421,1e-05,1.17753,1.0,0.95,0.19229,0.24258,0.95,0.95,0.09998,0.354,0.975,0.95
1422,1e-05,1.17822,1.0,0.95,0.19363,0.18971,0.95,0.95,0.10244,0.34201,0.9625,0.95
1423,1e-05,1.17818,1.0,0.95,0.1922,0.24096,0.95,0.95,0.10317,0.35344,0.9625,0.95
1424,1e-05,1.17794,1.0,0.95,0.19647,0.19378,0.95,0.95,0.10166,0.36004,0.9625,0.95
1425,1e-05,1.17823,1.0,0.95,0.19291,0.23803,0.95,0.95,0.10115,0.35166,0.975,0.95
1426,1e-05,1.17889,1.0,0.95,0.19645,0.19533,0.95,0.95,0.09945,0.35452,0.975,0.95
1427,1e-05,1.17941,1.0,0.95,0.19255,0.24314,0.95,0.95,0.09889,0.35243,0.9625,0.95
1428,1e-05,1.17922,1.0,0.95,0.19621,0.19446,0.95,0.95,0.09923,0.34816,0.9625,0.95
1429,1e-05,1.17881,1.0,0.95,0.19277,0.23158,0.95,0.95,0.09859,0.36057,0.975,0.95
1430,1e-05,1.17911,1.0,0.95,0.19506,0.19537,0.9375,0.95,0.09794,0.36735,0.975,0.95
1431,1e-05,1.17958,1.0,0.95,0.1926,0.23416,0.95,0.95,0.09892,0.34669,0.975,0.95
1432,1e-05,1.17994,1.0,0.95,0.19267,0.19353,0.95,0.95,0.10144,0.37017,0.975,0.95
1433,1e-05,1.17984,1.0,0.95,0.19205,0.22894,0.95,0.95,0.10182,0.3744,0.9625,0.95
1434,1e-05,1.17979,1.0,0.95,0.19446,0.20405,0.95,0.95,0.10185,0.34925,0.9625,0.95
1435,1e-05,1.18028,1.0,0.95,0.19109,0.23984,0.95,0.95,0.10055,0.35173,0.9625,0.95
1436,1e-05,1.18088,1.0,0.95,0.19489,0.1977,0.95,0.95,0.09859,0.35614,0.975,0.95
1437,1e-05,1.18136,1.0,0.95,0.19167,0.22438,0.95,0.95,0.10183,0.33038,0.975,0.95
1438,1e-05,1.18105,1.0,0.95,0.19365,0.19982,0.9375,0.95,0.10288,0.35395,0.9875,0.95
1439,1e-05,1.18044,1.0,0.95,0.19025,0.23527,0.95,0.95,0.10132,0.36032,0.9625,0.95
1440,1e-05,1.18096,1.0,0.95,0.19209,0.19497,0.95,0.95,0.10311,0.33814,0.9625,0.95
1441,1e-05,1.18189,1.0,0.95,0.19222,0.22822,0.95,0.95,0.10257,0.34663,0.9625,0.95
1442,1e-05,1.18252,1.0,0.95,0.19268,0.208,0.95,0.95,0.09909,0.35604,0.9625,0.95
1443,1e-05,1.18223,1.0,0.95,0.19001,0.23275,0.95,0.95,0.10186,0.33247,0.975,0.95
1444,1e-05,1.18157,1.0,0.95,0.19481,0.19515,0.95,0.95,0.10241,0.35765,0.9875,0.95
1445,1e-05,1.18183,1.0,0.95,0.18994,0.2419,0.95,0.95,0.09922,0.37227,0.9625,0.95
1446,1e-05,1.1825,1.0,0.95,0.19209,0.19722,0.95,0.95,0.10217,0.34557,0.9625,0.95
1447,1e-05,1.18285,1.0,0.95,0.1908,0.23115,0.95,0.95,0.10232,0.34198,0.9625,0.95
1448,1e-05,1.18326,1.0,0.95,0.19527,0.19386,0.95,0.95,0.10078,0.35933,0.9625,0.95
1449,1e-05,1.18312,1.0,0.95,0.19108,0.24418,0.95,0.95,0.1002,0.35432,0.975,0.95
1450,1e-05,1.18309,1.0,0.95,0.19499,0.18609,0.95,0.95,0.09836,0.33299,0.975,0.95
1451,1e-05,1.18286,1.0,0.95,0.19196,0.24406,0.95,0.95,0.10174,0.32719,0.9625,0.95
1452,1e-05,1.18341,1.0,0.95,0.19423,0.19351,0.95,0.95,0.10289,0.37151,0.975,0.95
1453,1e-05,1.18403,1.0,0.95,0.19234,0.24351,0.95,0.95,0.10343,0.37752,0.975,0.95
1454,1e-05,1.1841,1.0,0.95,0.19747,0.19179,0.95,0.95,0.10181,0.34048,0.9625,0.95
1455,1e-05,1.18396,1.0,0.95,0.19284,0.24038,0.95,0.95,0.10183,0.34127,0.9625,0.95
1456,1e-05,1.18433,1.0,0.95,0.19382,0.19362,0.95,0.95,0.09993,0.35149,0.9625,0.95
1457,1e-05,1.18474,1.0,0.95,0.19224,0.23624,0.95,0.95,0.10159,0.33159,0.975,0.95
1458,1e-05,1.18448,1.0,0.95,0.19479,0.19963,0.95,0.95,0.10286,0.35282,0.9875,0.95
1459,1e-05,1.18423,1.0,0.95,0.19181,0.24075,0.95,0.95,0.09984,0.36099,0.9625,0.95
1460,1e-05,1.18465,1.0,0.95,0.1926,0.19118,0.95,0.95,0.10278,0.33947,0.9625,0.95
1461,1e-05,1.18522,1.0,0.95,0.19126,0.23304,0.95,0.95,0.10316,0.34204,0.9625,0.95
1462,1e-05,1.18573,1.0,0.95,0.19166,0.19805,0.95,0.95,0.10119,0.35669,0.9625,0.95
1463,1e-05,1.18589,1.0,0.95,0.19052,0.23469,0.95,0.95,0.10039,0.3524,0.975,0.95
1464,1e-05,1.18556,1.0,0.95,0.19609,0.1967,0.95,0.95,0.09829,0.33172,0.975,0.95
1465,1e-05,1.18586,1.0,0.95,0.19114,0.23923,0.95,0.95,0.10094,0.32506,0.9625,0.95
1466,1e-05,1.18643,1.0,0.95,0.19332,0.19898,0.95,0.95,0.10195,0.37314,0.975,0.95
1467,1e-05,1.18648,1.0,0.95,0.19032,0.22979,0.95,0.95,0.10301,0.38404,0.975,0.95
1468,1e-05,1.18674,1.0,0.95,0.1933,0.19753,0.95,0.95,0.1014,0.34159,0.9625,0.95
1469,1e-05,1.18656,1.0,0.95,0.19058,0.22752,0.95,0.95,0.10169,0.33814,0.9625,0.95
1470,1e-05,1.18633,1.0,0.95,0.19103,0.20281,0.95,0.95,0.10103,0.36702,0.9625,0.95
1471,1e-05,1.18691,1.0,0.95,0.1899,0.2289,0.95,0.95,0.09935,0.35832,0.975,0.95
1472,1e-05,1.18763,1.0,0.95,0.19272,0.20474,0.95,0.95,0.10425,0.3232,0.975,0.95
1473,1e-05,1.1881,1.0,0.95,0.18932,0.221,0.95,0.95,0.10287,0.36935,0.9875,0.95
1474,1e-05,1.18798,1.0,0.95,0.19149,0.20331,0.9375,0.95,0.10345,0.38525,0.9625,0.95
1475,1e-05,1.18742,1.0,0.95,0.18919,0.2288,0.95,0.95,0.10323,0.33416,0.9625,0.95
1476,1e-05,1.18767,1.0,0.95,0.19056,0.19938,0.95,0.95,0.10157,0.32947,0.9625,0.95
1477,1e-05,1.18835,1.0,0.95,0.18995,0.22403,0.95,0.95,0.09845,0.35663,0.975,0.95
1478,1e-05,1.18841,1.0,0.95,0.19133,0.2097,0.95,0.95,0.10335,0.33356,0.975,0.95
1479,1e-05,1.18819,1.0,0.95,0.18895,0.23576,0.95,0.95,0.10229,0.3463,0.9875,0.95
1480,1e-05,1.18849,1.0,0.95,0.1918,0.19858,0.95,0.95,0.09951,0.3568,0.9625,0.95
1481,1e-05,1.189,1.0,0.95,0.18948,0.22043,0.95,0.95,0.10296,0.34275,0.9625,0.95
1482,1e-05,1.18939,1.0,0.95,0.19014,0.20869,0.95,0.95,0.10302,0.3518,0.9625,0.95
1483,1e-05,1.18944,1.0,0.95,0.18801,0.21964,0.95,0.95,0.10113,0.36195,0.9625,0.95
1484,1e-05,1.18916,1.0,0.95,0.19379,0.20457,0.95,0.95,0.10076,0.35518,0.975,0.95
1485,1e-05,1.18964,1.0,0.95,0.18897,0.22924,0.95,0.95,0.0983,0.35061,0.975,0.95
1486,1e-05,1.19027,1.0,0.95,0.19003,0.19724,0.95,0.95,0.09838,0.34756,0.9625,0.95
1487,1e-05,1.19028,1.0,0.95,0.18906,0.21875,0.95,0.95,0.09834,0.34985,0.9625,0.95
1488,1e-05,1.18992,1.0,0.95,0.19045,0.20438,0.9375,0.95,0.0978,0.36044,0.975,0.95
1489,1e-05,1.19017,1.0,0.95,0.18854,0.22976,0.95,0.95,0.09748,0.36253,0.975,0.95
1490,1e-05,1.19071,1.0,0.95,0.19347,0.20004,0.95,0.95,0.09679,0.36093,0.975,0.95
1491,1e-05,1.1908,1.0,0.95,0.19006,0.22628,0.95,0.95,0.10014,0.35129,0.9625,0.95
1492,1e-05,1.19106,1.0,0.95,0.19036,0.20199,0.9375,0.95,0.10224,0.37001,0.975,0.95
1493,1e-05,1.19118,1.0,0.95,0.18816,0.21896,0.95,0.95,0.10187,0.36729,0.975,0.95
1494,1e-05,1.19122,1.0,0.95,0.19184,0.20901,0.95,0.95,0.10101,0.34649,0.9625,0.95
1495,1e-05,1.19155,1.0,0.95,0.18871,0.22804,0.95,0.95,0.10073,0.3493,0.9625,0.95
1496,1e-05,1.19203,1.0,0.95,0.19148,0.20497,0.95,0.95,0.09894,0.35283,0.9625,0.95
1497,1e-05,1.19194,1.0,0.95,0.18879,0.22646,0.95,0.95,0.10456,0.32689,0.975,0.95
1498,1e-05,1.19221,1.0,0.95,0.19055,0.20356,0.95,0.95,0.10373,0.35694,0.9875,0.95
1499,1e-05,1.19192,1.0,0.95,0.18844,0.21352,0.95,0.95,0.10092,0.36777,0.9625,0.95
1500,1e-05,1.19211,1.0,0.95,0.19157,0.20501,0.95,0.95,0.10318,0.33778,0.9625,0.95
1501,1e-05,1.1928,1.0,0.95,0.1879,0.22893,0.95,0.95,0.10323,0.3404,0.9625,0.95
1502,1e-05,1.19278,1.0,0.95,0.19032,0.19566,0.95,0.95,0.09985,0.36171,0.9625,0.95
1503,1e-05,1.19303,1.0,0.95,0.18958,0.22086,0.95,0.95,0.09836,0.35424,0.9875,0.95
1504,1e-05,1.19309,1.0,0.95,0.19028,0.20931,0.95,0.95,0.10238,0.33006,0.975,0.95
1505,1e-05,1.19319,1.0,0.95,0.18756,0.22719,0.95,0.95,0.10036,0.3653,0.9875,0.95
1506,1e-05,1.19361,1.0,0.95,0.19217,0.19837,0.95,0.95,0.10068,0.37877,0.9625,0.95
1507,1e-05,1.19397,1.0,0.95,0.18903,0.22376,0.95,0.95,0.10224,0.34644,0.9625,0.95
1508,1e-05,1.19391,1.0,0.95,0.19047,0.20377,0.95,0.95,0.10186,0.33993,0.9625,0.95
1509,1e-05,1.19419,1.0,0.95,0.18777,0.2311,0.95,0.95,0.10034,0.35524,0.9625,0.95
1510,1e-05,1.19427,1.0,0.95,0.19191,0.20289,0.95,0.95,0.09967,0.35363,0.975,0.95
1511,1e-05,1.19464,1.0,0.95,0.18832,0.22243,0.95,0.95,0.09822,0.33044,0.975,0.95
1512,1e-05,1.19449,1.0,0.95,0.19096,0.20758,0.95,0.95,0.09764,0.33441,0.975,0.95
1513,1e-05,1.19487,1.0,0.95,0.18674,0.22759,0.95,0.95,0.09733,0.36696,0.975,0.95
1514,1e-05,1.19549,1.0,0.95,0.19226,0.1975,0.95,0.95,0.09739,0.37019,0.975,0.95
1515,1e-05,1.19528,1.0,0.95,0.18743,0.22313,0.95,0.95,0.09674,0.35105,0.975,0.95
1516,1e-05,1.19505,1.0,0.95,0.19133,0.20604,0.95,0.95,0.09674,0.35879,0.975,0.95
1517,1e-05,1.19551,1.0,0.95,0.18794,0.23225,0.95,0.95,0.10115,0.3579,0.975,0.95
1518,1e-05,1.19613,1.0,0.95,0.1928,0.19864,0.95,0.95,0.10423,0.37353,0.9875,0.95
1519,1e-05,1.19592,1.0,0.95,0.18823,0.22755,0.95,0.95,0.10102,0.364,0.9625,0.95
1520,1e-05,1.19607,1.0,0.95,0.19079,0.20416,0.95,0.95,0.10071,0.34445,0.9625,0.95
1521,1e-05,1.19625,1.0,0.95,0.18784,0.22771,0.95,0.95,0.09997,0.34729,0.9625,0.95
1522,1e-05,1.19672,1.0,0.95,0.19336,0.20502,0.95,0.95,0.09839,0.35586,0.975,0.95
1523,1e-05,1.19707,1.0,0.95,0.18822,0.23229,0.95,0.95,0.098,0.34626,0.9875,0.95
1524,1e-05,1.19682,1.0,0.95,0.19072,0.20022,0.95,0.95,0.10007,0.33323,0.975,0.95
1525,1e-05,1.19652,1.0,0.95,0.18741,0.22548,0.95,0.95,0.10098,0.37237,0.975,0.95
1526,1e-05,1.19688,1.0,0.95,0.19061,0.19836,0.95,0.95,0.10293,0.37839,0.9625,0.95
1527,1e-05,1.1976,1.0,0.95,0.18782,0.23332,0.95,0.95,0.10267,0.34044,0.9625,0.95
1528,1e-05,1.19776,1.0,0.95,0.19301,0.20179,0.95,0.95,0.10084,0.34203,0.9625,0.95
1529,1e-05,1.19813,1.0,0.95,0.18849,0.23003,0.95,0.95,0.09771,0.3569,0.975,0.95
1530,1e-05,1.19816,1.0,0.95,0.19269,0.20044,0.95,0.95,0.10301,0.32836,0.975,0.95
1531,1e-05,1.19836,1.0,0.95,0.18749,0.22966,0.95,0.95,0.1024,0.35081,0.9875,0.95
1532,1e-05,1.19864,1.0,0.95,0.19007,0.2001,0.95,0.95,0.09924,0.36641,0.9625,0.95
1533,1e-05,1.19856,1.0,0.95,0.18793,0.22166,0.95,0.95,0.10199,0.3483,0.9625,0.95
1534,1e-05,1.19852,1.0,0.95,0.19101,0.20569,0.95,0.95,0.10232,0.35146,0.9625,0.95
1535,1e-05,1.19888,1.0,0.95,0.18714,0.22723,0.95,0.95,0.10038,0.36269,0.9625,0.95
1536,1e-05,1.19921,1.0,0.95,0.19129,0.20729,0.95,0.95,0.1,0.35855,0.975,0.95
1537,1e-05,1.19897,1.0,0.95,0.18745,0.22889,0.95,0.95,0.09818,0.35624,0.975,0.95
1538,1e-05,1.19939,1.0,0.95,0.18932,0.20947,0.95,0.95,0.09789,0.35263,0.9625,0.95
1539,1e-05,1.19927,1.0,0.95,0.18685,0.2204,0.95,0.95,0.09759,0.34896,0.9625,0.95
1540,1e-05,1.19957,1.0,0.95,0.18976,0.20709,0.95,0.95,0.09723,0.35981,0.975,0.95
1541,1e-05,1.20018,1.0,0.95,0.18653,0.21913,0.95,0.95,0.0968,0.36412,0.975,0.95
1542,1e-05,1.20022,1.0,0.95,0.18934,0.20972,0.95,0.95,0.09635,0.35113,0.975,0.95
1543,1e-05,1.19989,1.0,0.95,0.1866,0.22703,0.9625,0.95,0.10137,0.34204,0.975,0.95
1544,1e-05,1.20031,1.0,0.95,0.18981,0.20272,0.95,0.95,0.10355,0.3776,0.975,0.95
1545,1e-05,1.2009,1.0,0.95,0.18836,0.21201,0.95,0.95,0.10154,0.37226,0.9625,0.95
1546,0.0,1.20129,1.0,0.95,0.18893,0.20799,0.95,0.95,0.10045,0.33976,0.9625,0.95
1547,0.0,1.20111,1.0,0.95,0.18622,0.22539,0.95,0.95,0.10002,0.35157,0.9625,0.95
1548,0.0,1.20087,1.0,0.95,0.18947,0.20332,0.95,0.95,0.09852,0.36352,0.9625,0.95
1549,0.0,1.20114,1.0,0.95,0.18863,0.2197,0.95,0.95,0.09983,0.34004,0.975,0.95
1550,0.0,1.20164,1.0,0.95,0.18889,0.21154,0.95,0.95,0.10119,0.36844,0.9875,0.95
1551,0.0,1.20172,1.0,0.95,0.18608,0.2207,0.95,0.95,0.09907,0.37732,0.975,0.95
1552,0.0,1.20215,1.0,0.95,0.19003,0.20141,0.95,0.95,0.10129,0.34813,0.9625,0.95
1553,0.0,1.20259,1.0,0.95,0.18681,0.22377,0.95,0.95,0.10159,0.3456,0.9625,0.95
1554,0.0,1.20221,1.0,0.95,0.18882,0.21164,0.95,0.95,0.10044,0.35903,0.9625,0.95
1555,0.0,1.20176,1.0,0.95,0.18605,0.225,0.95,0.95,0.09962,0.35378,0.975,0.95
1556,0.0,1.20231,1.0,0.95,0.19123,0.20417,0.95,0.95,0.09883,0.33964,0.975,0.95
1557,0.0,1.20295,1.0,0.95,0.18723,0.21975,0.95,0.95,0.09849,0.34455,0.9625,0.95
1558,0.0,1.20353,1.0,0.95,0.1897,0.20642,0.95,0.95,0.09895,0.36055,0.9625,0.95
1559,0.0,1.20334,1.0,0.95,0.18654,0.22406,0.95,0.95,0.09904,0.36142,0.9625,0.95
1560,0.0,1.2029,1.0,0.95,0.18938,0.20057,0.95,0.95,0.09887,0.35423,0.975,0.95
1561,0.0,1.20326,1.0,0.95,0.18791,0.22044,0.95,0.95,0.09876,0.35943,0.975,0.95
1562,0.0,1.20388,1.0,0.95,0.18937,0.2095,0.95,0.95,0.0987,0.35824,0.9625,0.95
1563,0.0,1.20432,1.0,0.95,0.18582,0.22434,0.95,0.95,0.09881,0.35221,0.9625,0.95
1564,0.0,1.20413,1.0,0.95,0.19067,0.20124,0.95,0.95,0.09907,0.35503,0.9625,0.95
1565,0.0,1.20399,1.0,0.95,0.18673,0.22085,0.95,0.95,0.09854,0.35863,0.9625,0.95
1566,0.0,1.20407,1.0,0.95,0.18984,0.20892,0.95,0.95,0.09743,0.34682,0.9625,0.95
1567,0.0,1.20455,1.0,0.95,0.18642,0.22443,0.95,0.95,0.09698,0.33795,0.9625,0.95
1568,0.0,1.20507,1.0,0.95,0.18918,0.20232,0.95,0.95,0.09644,0.34715,0.975,0.95
1569,0.0,1.20541,1.0,0.95,0.18717,0.21994,0.95,0.95,0.09635,0.35251,0.975,0.95
1570,0.0,1.2052,1.0,0.95,0.18956,0.20898,0.95,0.95,0.09612,0.34654,0.975,0.95
1571,0.0,1.20476,1.0,0.95,0.18555,0.23122,0.95,0.95,0.09799,0.33943,0.975,0.95
1572,0.0,1.20505,1.0,0.95,0.19022,0.201,0.95,0.95,0.10193,0.3644,0.975,0.95
1573,0.0,1.20564,1.0,0.95,0.18713,0.22458,0.95,0.95,0.10099,0.35724,0.9625,0.95
1574,0.0,1.20583,1.0,0.95,0.18899,0.20635,0.95,0.95,0.1003,0.33862,0.9625,0.95
1575,0.0,1.20627,1.0,0.95,0.18578,0.2263,0.95,0.95,0.09923,0.35358,0.9625,0.95
1576,0.0,1.2063,1.0,0.95,0.19222,0.20022,0.95,0.95,0.09755,0.35681,0.9625,0.95
1577,0.0,1.20658,1.0,0.95,0.1876,0.233,0.95,0.95,0.10713,0.32756,0.975,0.95
1578,0.0,1.20702,1.0,0.95,0.18998,0.20461,0.95,0.95,0.10406,0.38191,0.9875,0.95
1579,0.0,1.2069,1.0,0.95,0.1867,0.22969,0.95,0.95,0.10087,0.38307,0.9625,0.95
1580,0.0,1.20655,1.0,0.95,0.19005,0.19631,0.95,0.95,0.10296,0.3284,0.9625,0.95
1581,0.0,1.20685,1.0,0.95,0.18697,0.23464,0.95,0.95,0.10243,0.33514,0.9625,0.95
1582,0.0,1.20732,1.0,0.95,0.1912,0.19633,0.95,0.95,0.09832,0.3717,0.9625,0.95
1583,0.0,1.2079,1.0,0.95,0.18619,0.24146,0.95,0.95,0.10138,0.33973,0.975,0.95
1584,0.0,1.2078,1.0,0.95,0.19251,0.19627,0.95,0.95,0.10215,0.35758,0.9875,0.95
1585,0.0,1.20745,1.0,0.95,0.1877,0.24185,0.95,0.95,0.09843,0.37385,0.9625,0.95
1586,0.0,1.20778,1.0,0.95,0.19274,0.19468,0.95,0.95,0.10193,0.3463,0.9625,0.95
1587,0.0,1.20835,1.0,0.95,0.18915,0.2343,0.95,0.95,0.10216,0.34248,0.9625,0.95
1588,0.0,1.20845,1.0,0.95,0.19181,0.1948,0.95,0.95,0.09994,0.35683,0.9625,0.95
1589,0.0,1.2087,1.0,0.95,0.18778,0.23528,0.95,0.95,0.09676,0.34362,0.975,0.95
1590,0.0,1.20858,1.0,0.95,0.1917,0.20141,0.95,0.95,0.10282,0.32196,0.975,0.95
1591,0.0,1.20848,1.0,0.95,0.18756,0.24506,0.95,0.95,0.10071,0.36615,0.9875,0.95
1592,0.0,1.20882,1.0,0.95,0.19273,0.19876,0.95,0.95,0.10001,0.3708,0.9625,0.95
1593,0.0,1.20933,1.0,0.95,0.18847,0.22552,0.95,0.95,0.10098,0.34356,0.9625,0.95
1594,0.0,1.20983,1.0,0.95,0.19149,0.19668,0.95,0.95,0.10126,0.34642,0.9625,0.95
1595,0.0,1.20987,1.0,0.95,0.18654,0.23627,0.95,0.95,0.09954,0.35971,0.9625,0.95
1596,0.0,1.20945,1.0,0.95,0.19034,0.19507,0.95,0.95,0.09891,0.3497,0.975,0.95
1597,0.0,1.20974,1.0,0.95,0.18716,0.24239,0.95,0.95,0.09727,0.33657,0.975,0.95
1598,0.0,1.21028,1.0,0.95,0.19133,0.20361,0.95,0.95,0.09808,0.33269,0.975,0.95
1599,0.0,1.21021,1.0,0.95,0.18691,0.2338,0.95,0.95,0.09994,0.366,0.975,0.95
1600,0.0,1.21,1.0,0.95,0.19182,0.20124,0.95,0.95,0.10169,0.36891,0.975,0.95
1601,0.0,1.2104,1.0,0.95,0.18634,0.23916,0.95,0.95,0.10039,0.34184,0.9625,0.95
1602,0.0,1.21096,1.0,0.95,0.18951,0.19721,0.95,0.95,0.10051,0.34399,0.9625,0.95
1603,0.0,1.21159,1.0,0.95,0.1867,0.22444,0.95,0.95,0.09886,0.36102,0.9625,0.95
1604,0.0,1.2114,1.0,0.95,0.18975,0.20424,0.95,0.95,0.09781,0.34441,0.975,0.95
1605,0.0,1.211,1.0,0.95,0.18557,0.23517,0.95,0.95,0.09747,0.3267,0.975,0.95
1606,0.0,1.21152,1.0,0.95,0.19167,0.19646,0.95,0.95,0.09914,0.35907,0.975,0.95
1607,0.0,1.21229,1.0,0.95,0.18765,0.23871,0.95,0.95,0.09928,0.3692,0.9625,0.95
1608,0.0,1.21203,1.0,0.95,0.18889,0.20642,0.95,0.95,0.10082,0.34251,0.9625,0.95
1609,0.0,1.21214,1.0,0.95,0.18668,0.24163,0.95,0.95,0.10064,0.34293,0.9625,0.95
1610,0.0,1.21209,1.0,0.95,0.19183,0.19851,0.95,0.95,0.09961,0.36471,0.9625,0.95
1611,0.0,1.21238,1.0,0.95,0.18799,0.23271,0.95,0.95,0.09839,0.35786,0.975,0.95
1612,0.0,1.21303,1.0,0.95,0.18895,0.19975,0.95,0.95,0.09679,0.33384,0.975,0.95
1613,0.0,1.21308,1.0,0.95,0.18681,0.23437,0.95,0.95,0.09724,0.33383,0.975,0.95
1614,0.0,1.21275,1.0,0.95,0.19165,0.1956,0.95,0.95,0.09958,0.38118,0.975,0.95
1615,0.0,1.21295,1.0,0.95,0.18705,0.23739,0.95,0.95,0.10085,0.37694,0.975,0.95
1616,0.0,1.21332,1.0,0.95,0.1904,0.1999,0.95,0.95,0.09994,0.33849,0.9625,0.95
1617,0.0,1.21365,1.0,0.95,0.18693,0.24073,0.95,0.95,0.10006,0.34699,0.9625,0.95
1618,0.0,1.21368,1.0,0.95,0.19066,0.19506,0.95,0.95,0.09918,0.36404,0.9625,0.95
1619,0.0,1.21355,1.0,0.95,0.1878,0.22898,0.95,0.95,0.0988,0.34986,0.975,0.95
1620,0.0,1.21393,1.0,0.95,0.19058,0.20066,0.95,0.95,0.098,0.34422,0.975,0.95
1621,0.0,1.21447,1.0,0.95,0.18685,0.24629,0.95,0.95,0.09708,0.3494,0.9625,0.95
1622,0.0,1.21455,1.0,0.95,0.1912,0.19074,0.95,0.95,0.09998,0.33677,0.9625,0.95
1623,0.0,1.21428,1.0,0.95,0.18831,0.24239,0.95,0.95,0.10188,0.36864,0.975,0.95
1624,0.0,1.21442,1.0,0.95,0.18966,0.19795,0.95,0.95,0.1025,0.36478,0.9625,0.95
1625,0.0,1.21491,1.0,0.95,0.18732,0.22739,0.95,0.95,0.09986,0.33053,0.9625,0.95
1626,0.0,1.21548,1.0,0.95,0.19453,0.20006,0.95,0.95,0.09905,0.3421,0.9625,0.95
1627,0.0,1.21518,1.0,0.95,0.18749,0.24991,0.95,0.95,0.09725,0.3634,0.9625,0.95
1628,0.0,1.21499,1.0,0.95,0.19016,0.19474,0.95,0.95,0.10446,0.33583,0.975,0.95
1629,0.0,1.21564,1.0,0.95,0.18788,0.24602,0.95,0.95,0.10374,0.35955,0.9875,0.95
1630,0.0,1.21636,1.0,0.95,0.18936,0.1993,0.95,0.95,0.09989,0.37665,0.975,0.95
1631,0.0,1.21624,1.0,0.95,0.1877,0.2229,0.95,0.95,0.10254,0.34274,0.9625,0.95
1632,0.0,1.21637,1.0,0.95,0.19201,0.1949,0.95,0.95,0.10286,0.33943,0.9625,0.95
1633,0.0,1.21632,1.0,0.95,0.18651,0.24439,0.95,0.95,0.1001,0.3683,0.9625,0.95
1634,0.0,1.21658,1.0,0.95,0.18975,0.19152,0.95,0.95,0.10025,0.35862,0.9875,0.95
1635,0.0,1.2165,1.0,0.95,0.18721,0.2304,0.95,0.95,0.09757,0.34163,0.975,0.95
1636,0.0,1.21694,1.0,0.95,0.18889,0.21131,0.95,0.95,0.09696,0.33967,0.9625,0.95
1637,0.0,1.21726,1.0,0.95,0.18641,0.23301,0.95,0.95,0.09719,0.34604,0.9625,0.95
1638,0.0,1.21718,1.0,0.95,0.19225,0.20367,0.95,0.95,0.09708,0.35382,0.975,0.95
1639,0.0,1.21701,1.0,0.95,0.1862,0.2514,0.95,0.95,0.09651,0.35581,0.975,0.95
1640,0.0,1.21745,1.0,0.95,0.18754,0.20341,0.95,0.95,0.09562,0.35073,0.975,0.95
1641,0.0,1.21797,1.0,0.95,0.18708,0.21374,0.95,0.95,0.09685,0.34208,0.975,0.95
1642,0.0,1.21836,1.0,0.95,0.18942,0.20972,0.95,0.95,0.10008,0.36463,0.975,0.95
1643,0.0,1.218,1.0,0.95,0.18464,0.23427,0.95,0.95,0.10076,0.36146,0.9625,0.95
1644,0.0,1.21762,1.0,0.95,0.18917,0.19516,0.95,0.95,0.09996,0.34643,0.9625,0.95
1645,0.0,1.21838,1.0,0.95,0.18644,0.22359,0.9625,0.95,0.09942,0.35957,0.9625,0.95
1646,0.0,1.21918,1.0,0.95,0.18718,0.2091,0.95,0.95,0.09708,0.35692,0.9625,0.95
1647,0.0,1.21919,1.0,0.95,0.18471,0.22016,0.95,0.95,0.10191,0.32699,0.975,0.95
1648,0.0,1.21932,1.0,0.95,0.19009,0.20333,0.95,0.95,0.10211,0.37798,0.9875,0.95
1649,0.0,1.21901,1.0,0.95,0.18549,0.23066,0.95,0.95,0.10033,0.38482,0.975,0.95
1650,0.0,1.2192,1.0,0.95,0.18705,0.19668,0.95,0.95,0.10117,0.33116,0.9625,0.95
1651,0.0,1.21962,1.0,0.95,0.18546,0.23266,0.95,0.95,0.10188,0.33367,0.9625,0.95
1652,0.0,1.21955,1.0,0.95,0.18876,0.21224,0.95,0.95,0.09883,0.37533,0.9625,0.95
1653,0.0,1.21943,1.0,0.95,0.18521,0.22628,0.95,0.95,0.09702,0.35585,0.975,0.95
1654,0.0,1.21977,1.0,0.95,0.19015,0.20317,0.95,0.95,0.09979,0.32394,0.975,0.95
1655,0.0,1.22023,1.0,0.95,0.18583,0.23139,0.95,0.95,0.09904,0.36913,0.9875,0.95
1656,0.0,1.22066,1.0,0.95,0.18565,0.20041,0.95,0.95,0.09878,0.37766,0.9625,0.95
1657,0.0,1.22037,1.0,0.95,0.1845,0.22135,0.95,0.95,0.10086,0.33619,0.9625,0.95
1658,0.0,1.22026,1.0,0.95,0.18735,0.2031,0.95,0.95,0.10057,0.34558,0.9625,0.95
1659,0.0,1.22082,1.0,0.95,0.18456,0.23535,0.95,0.95,0.09903,0.37544,0.9625,0.95
1660,0.0,1.22152,1.0,0.95,0.18821,0.19646,0.95,0.95,0.09865,0.35443,0.975,0.95
1661,0.0,1.22143,1.0,0.95,0.18589,0.22432,0.95,0.95,0.09693,0.34255,0.975,0.95
1662,0.0,1.22091,1.0,0.95,0.1875,0.20385,0.95,0.95,0.09691,0.3513,0.9625,0.95
1663,0.0,1.2215,1.0,0.95,0.18556,0.22902,0.95,0.95,0.0967,0.35718,0.9625,0.95
1664,0.0,1.22227,1.0,0.95,0.18919,0.19306,0.95,0.95,0.09647,0.3681,0.975,0.95
1665,0.0,1.22285,1.0,0.95,0.18603,0.23985,0.95,0.95,0.0958,0.36671,0.975,0.95
1666,0.0,1.22251,1.0,0.95,0.18686,0.19301,0.95,0.95,0.09539,0.36049,0.975,0.95
1667,0.0,1.22197,1.0,0.95,0.18573,0.23368,0.95,0.95,0.09642,0.35599,0.975,0.95
1668,0.0,1.22234,1.0,0.95,0.19136,0.20114,0.95,0.95,0.10041,0.37747,0.975,0.95
1669,0.0,1.22305,1.0,0.95,0.18648,0.23749,0.95,0.95,0.10071,0.37153,0.9625,0.95
1670,0.0,1.22308,1.0,0.95,0.19283,0.19883,0.95,0.95,0.0994,0.34547,0.9625,0.95
1671,0.0,1.22269,1.0,0.95,0.18622,0.24685,0.95,0.95,0.09925,0.3521,0.9625,0.95
1672,0.0,1.22297,1.0,0.95,0.18855,0.18914,0.95,0.95,0.09669,0.36315,0.9625,0.95
1673,0.0,1.22344,1.0,0.95,0.18661,0.23745,0.95,0.95,0.0974,0.33379,0.975,0.95
1674,0.0,1.22387,1.0,0.95,0.18879,0.19892,0.95,0.95,0.10073,0.35704,0.9875,0.95
1675,0.0,1.22383,1.0,0.95,0.18599,0.22783,0.95,0.95,0.09898,0.36795,0.975,0.95
1676,0.0,1.22355,1.0,0.95,0.19244,0.19539,0.95,0.95,0.1004,0.34041,0.9625,0.95
1677,0.0,1.22375,1.0,0.95,0.18592,0.24682,0.95,0.95,0.10082,0.34174,0.9625,0.95
1678,0.0,1.22416,1.0,0.95,0.18822,0.18861,0.95,0.95,0.09905,0.36877,0.9625,0.95
1679,0.0,1.22423,1.0,0.95,0.18791,0.22827,0.95,0.95,0.09615,0.36147,0.975,0.95
1680,0.0,1.22409,1.0,0.95,0.18893,0.20492,0.95,0.95,0.10118,0.33476,0.975,0.95
1681,0.0,1.22464,1.0,0.95,0.18498,0.23482,0.95,0.95,0.09966,0.36824,0.9875,0.95
1682,0.0,1.2252,1.0,0.95,0.18897,0.19892,0.95,0.95,0.09854,0.37734,0.975,0.95
1683,0.0,1.22566,1.0,0.95,0.18705,0.23453,0.95,0.95,0.10025,0.35068,0.9625,0.95
1684,0.0,1.22551,1.0,0.95,0.18669,0.19203,0.95,0.95,0.10069,0.35032,0.9625,0.95
1685,0.0,1.22516,1.0,0.95,0.18625,0.23142,0.95,0.95,0.09916,0.36455,0.9625,0.95
1686,0.0,1.22554,1.0,0.95,0.18855,0.20453,0.95,0.95,0.09858,0.35735,0.975,0.95
1687,0.0,1.22618,1.0,0.95,0.18611,0.23108,0.95,0.95,0.09723,0.34908,0.975,0.95
1688,0.0,1.22606,1.0,0.95,0.19094,0.20126,0.95,0.95,0.09649,0.34467,0.9625,0.95
1689,0.0,1.22584,1.0,0.95,0.18622,0.23318,0.95,0.95,0.09641,0.34725,0.9625,0.95
1690,0.0,1.22616,1.0,0.95,0.1853,0.19939,0.95,0.95,0.09618,0.35964,0.975,0.95
1691,0.0,1.2268,1.0,0.95,0.18403,0.22108,0.95,0.95,0.09584,0.3606,0.975,0.95
1692,0.0,1.22725,1.0,0.95,0.18663,0.20538,0.95,0.95,0.09541,0.35198,0.975,0.95
1693,0.0,1.22703,1.0,0.95,0.18361,0.2382,0.95,0.95,0.0972,0.34886,0.975,0.95
1694,0.0,1.22677,1.0,0.95,0.18794,0.19331,0.95,0.95,0.10169,0.38065,0.975,0.95
1695,0.0,1.22718,1.0,0.95,0.18618,0.23883,0.95,0.95,0.10016,0.36992,0.9625,0.95
1696,0.0,1.22754,1.0,0.95,0.18675,0.19379,0.95,0.95,0.09895,0.34126,0.9625,0.95
1697,0.0,1.22738,1.0,0.95,0.18549,0.2355,0.95,0.95,0.09828,0.35787,0.9625,0.95
1698,0.0,1.22774,1.0,0.95,0.1901,0.1977,0.95,0.95,0.09654,0.37089,0.9625,0.95
1699,0.0,1.22769,1.0,0.95,0.18582,0.25131,0.95,0.95,0.09793,0.34095,0.975,0.95
1700,0.0,1.22798,1.0,0.95,0.19069,0.18807,0.95,0.95,0.09999,0.36521,0.9875,0.95
1701,0.0,1.22854,1.0,0.95,0.1871,0.24322,0.95,0.95,0.09819,0.37759,0.975,0.95
1702,0.0,1.22863,1.0,0.95,0.18814,0.19424,0.95,0.95,0.09998,0.34945,0.9625,0.95
1703,0.0,1.2285,1.0,0.95,0.18609,0.24618,0.95,0.95,0.10064,0.34477,0.9625,0.95
1704,0.0,1.2288,1.0,0.95,0.19251,0.18896,0.95,0.95,0.09952,0.3614,0.9625,0.95
1705,0.0,1.22925,1.0,0.95,0.1879,0.24847,0.95,0.95,0.0986,0.35158,0.975,0.95
1706,0.0,1.22921,1.0,0.95,0.18727,0.19345,0.95,0.95,0.09724,0.34072,0.975,0.95
1707,0.0,1.22959,1.0,0.95,0.18701,0.23606,0.95,0.95,0.09593,0.34813,0.9625,0.95
1708,0.0,1.22941,1.0,0.95,0.18994,0.19741,0.95,0.95,0.09621,0.35386,0.9625,0.95
1709,0.0,1.22976,1.0,0.95,0.18621,0.23859,0.95,0.95,0.09571,0.3655,0.975,0.95
1710,0.0,1.23034,1.0,0.95,0.18827,0.20192,0.95,0.95,0.09563,0.36649,0.975,0.95
1711,0.0,1.23027,1.0,0.95,0.18511,0.23842,0.95,0.95,0.0951,0.36205,0.975,0.95
1712,0.0,1.23007,1.0,0.95,0.18681,0.1918,0.95,0.95,0.09808,0.35174,0.975,0.95
1713,0.0,1.23049,1.0,0.95,0.18595,0.22924,0.95,0.95,0.10196,0.38528,0.975,0.95
1714,0.0,1.23104,1.0,0.95,0.18663,0.20349,0.95,0.95,0.10034,0.379,0.9625,0.95
1715,0.0,1.23093,1.0,0.95,0.18396,0.22729,0.95,0.95,0.09926,0.34628,0.9625,0.95
1716,0.0,1.23079,1.0,0.95,0.18755,0.20487,0.95,0.95,0.09866,0.35135,0.9625,0.95
1717,0.0,1.23128,1.0,0.95,0.18437,0.23125,0.9625,0.95,0.09691,0.36033,0.9625,0.95
1718,0.0,1.23187,1.0,0.95,0.18565,0.20855,0.95,0.95,0.09742,0.33818,0.975,0.95
1719,0.0,1.23187,1.0,0.95,0.18367,0.22746,0.9625,0.95,0.09948,0.3653,0.9875,0.95
1720,0.0,1.23175,1.0,0.95,0.18577,0.20443,0.95,0.95,0.09735,0.37213,0.975,0.95
1721,0.0,1.23193,1.0,0.95,0.18371,0.21863,0.95,0.95,0.09956,0.34431,0.9625,0.95
1722,0.0,1.23237,1.0,0.95,0.18526,0.21067,0.95,0.95,0.10048,0.34393,0.9625,0.95
1723,0.0,1.23221,1.0,0.95,0.1833,0.22768,0.95,0.95,0.0992,0.36099,0.9625,0.95
1724,0.0,1.2319,1.0,0.95,0.1856,0.20139,0.95,0.95,0.09874,0.35468,0.975,0.95
1725,0.0,1.23245,1.0,0.95,0.18465,0.21808,0.9625,0.95,0.09737,0.33899,0.975,0.95
1726,0.0,1.23326,1.0,0.95,0.18476,0.21047,0.95,0.95,0.09694,0.35176,0.9625,0.95
1727,0.0,1.23319,1.0,0.95,0.18254,0.21491,0.95,0.95,0.09758,0.36528,0.9625,0.95
1728,0.0,1.2329,1.0,0.95,0.18566,0.21233,0.95,0.95,0.09784,0.35684,0.9625,0.95
1729,0.0,1.23332,1.0,0.95,0.18411,0.22995,0.9625,0.95,0.09802,0.35179,0.975,0.95
1730,0.0,1.23392,1.0,0.95,0.18456,0.2079,0.95,0.95,0.09642,0.34233,0.975,0.95
1731,0.0,1.23425,1.0,0.95,0.1847,0.22736,0.95,0.95,0.09837,0.32782,0.975,0.95
1732,0.0,1.23395,1.0,0.95,0.18459,0.21914,0.95,0.95,0.10038,0.3698,0.975,0.95
1733,0.0,1.23367,1.0,0.95,0.18327,0.22271,0.95,0.95,0.10124,0.36483,0.9625,0.95
1734,0.0,1.23399,1.0,0.95,0.18706,0.21326,0.95,0.95,0.09969,0.32902,0.9625,0.95
1735,0.0,1.23439,1.0,0.95,0.18372,0.22283,0.95,0.95,0.09844,0.34923,0.9625,0.95
1736,0.0,1.23445,1.0,0.95,0.18314,0.20951,0.9625,0.95,0.09632,0.37092,0.9625,0.95
1737,0.0,1.2342,1.0,0.95,0.1832,0.21762,0.95,0.95,0.10217,0.34167,0.975,0.95
1738,0.0,1.23462,1.0,0.95,0.18429,0.20821,0.95,0.95,0.10149,0.3697,0.9875,0.95
1739,0.0,1.23528,1.0,0.95,0.18387,0.22217,0.9625,0.95,0.098,0.37991,0.975,0.95
1740,0.0,1.23572,1.0,0.95,0.18418,0.21159,0.95,0.95,0.10045,0.34348,0.9625,0.95
1741,0.0,1.23559,1.0,0.95,0.18424,0.21729,0.95,0.95,0.10154,0.34333,0.9625,0.95
1742,0.0,1.2355,1.0,0.95,0.18586,0.20019,0.95,0.95,0.09929,0.36985,0.9625,0.95
1743,0.0,1.23585,1.0,0.95,0.18326,0.23063,0.95,0.95,0.09892,0.36366,0.975,0.95
1744,0.0,1.2362,1.0,0.95,0.18482,0.21318,0.95,0.95,0.09751,0.34996,0.975,0.95
1745,0.0,1.23603,1.0,0.95,0.18359,0.22346,0.9625,0.95,0.09626,0.34133,0.9625,0.95
1746,0.0,1.23595,1.0,0.95,0.18672,0.19931,0.95,0.95,0.09629,0.34629,0.9625,0.95
1747,0.0,1.23627,1.0,0.95,0.18326,0.22973,0.95,0.95,0.09597,0.36872,0.975,0.95
1748,0.0,1.23663,1.0,0.95,0.18305,0.20076,0.95,0.95,0.09587,0.35798,0.975,0.95
1749,0.0,1.2371,1.0,0.95,0.18322,0.22695,0.95,0.95,0.09491,0.34058,0.975,0.95
1750,0.0,1.23731,1.0,0.95,0.18979,0.2054,0.95,0.95,0.09492,0.35665,0.975,0.95
1751,0.0,1.23732,1.0,0.95,0.18331,0.22888,0.95,0.95,0.10085,0.34838,0.975,0.95
1752,0.0,1.23759,1.0,0.95,0.18659,0.20038,0.95,0.95,0.10387,0.36772,0.9875,0.95
1753,0.0,1.23796,1.0,0.95,0.18333,0.23058,0.95,0.95,0.09948,0.36026,0.9625,0.95
1754,0.0,1.23779,1.0,0.95,0.18567,0.19901,0.95,0.95,0.09926,0.3399,0.9625,0.95
1755,0.0,1.23751,1.0,0.95,0.18324,0.22888,0.95,0.95,0.09841,0.35654,0.9625,0.95
1756,0.0,1.23812,1.0,0.95,0.18754,0.2021,0.95,0.95,0.09664,0.36763,0.9625,0.95
1757,0.0,1.23885,1.0,0.95,0.1826,0.2305,0.95,0.95,0.09916,0.34758,0.975,0.95
1758,0.0,1.23931,1.0,0.95,0.18744,0.20252,0.95,0.95,0.10001,0.38086,0.9875,0.95
1759,0.0,1.23881,1.0,0.95,0.18288,0.24328,0.95,0.95,0.09811,0.38624,0.9625,0.95
1760,0.0,1.2382,1.0,0.95,0.18811,0.2007,0.95,0.95,0.10042,0.35192,0.9625,0.95
1761,0.0,1.2387,1.0,0.95,0.18432,0.2235,0.95,0.95,0.10067,0.35593,0.9625,0.95
1762,0.0,1.23949,1.0,0.95,0.18681,0.19983,0.95,0.95,0.09907,0.3694,0.9625,0.95
1763,0.0,1.23994,1.0,0.95,0.18283,0.23372,0.95,0.95,0.0971,0.35588,0.975,0.95
1764,0.0,1.23971,1.0,0.95,0.18573,0.19517,0.95,0.95,0.09535,0.34062,0.975,0.95
1765,0.0,1.23941,1.0,0.95,0.18439,0.22156,0.95,0.95,0.1004,0.33553,0.975,0.95
1766,0.0,1.23954,1.0,0.95,0.18704,0.2063,0.95,0.95,0.09939,0.37809,0.975,0.95
1767,0.0,1.23989,1.0,0.95,0.1837,0.23195,0.95,0.95,0.10136,0.37638,0.975,0.95
1768,0.0,1.23999,1.0,0.95,0.18677,0.19673,0.95,0.95,0.09889,0.34893,0.9625,0.95
1769,0.0,1.24035,1.0,0.95,0.18358,0.23749,0.9625,0.95,0.09962,0.35284,0.9625,0.95
1770,0.0,1.24049,1.0,0.95,0.18411,0.20178,0.95,0.95,0.09819,0.36762,0.9625,0.95
1771,0.0,1.2407,1.0,0.95,0.18332,0.23248,0.95,0.95,0.09719,0.34343,0.975,0.95
1772,0.0,1.24072,1.0,0.95,0.18704,0.20638,0.95,0.95,0.09583,0.33668,0.975,0.95
1773,0.0,1.24116,1.0,0.95,0.18342,0.23349,0.95,0.95,0.09474,0.36406,0.975,0.95
1774,0.0,1.24107,1.0,0.95,0.18741,0.19115,0.95,0.95,0.095,0.36756,0.975,0.95
1775,0.0,1.24133,1.0,0.95,0.18424,0.23771,0.95,0.95,0.09501,0.35033,0.9625,0.95
1776,0.0,1.24141,1.0,0.95,0.18611,0.20173,0.95,0.95,0.09515,0.35361,0.975,0.95
1777,0.0,1.24196,1.0,0.95,0.18314,0.2287,0.95,0.95,0.09725,0.35266,0.975,0.95
1778,0.0,1.24234,1.0,0.95,0.18969,0.20116,0.95,0.95,0.1016,0.36754,0.9875,0.95
1779,0.0,1.24224,1.0,0.95,0.18508,0.24171,0.95,0.95,0.09896,0.3504,0.9625,0.95
1780,0.0,1.24227,1.0,0.95,0.18377,0.18664,0.95,0.95,0.09909,0.33805,0.9625,0.95
1781,0.0,1.24271,1.0,0.95,0.18539,0.22947,0.95,0.95,0.09869,0.35992,0.9625,0.95
1782,0.0,1.24301,1.0,0.95,0.18451,0.2044,0.95,0.95,0.0964,0.35806,0.9625,0.95
1783,0.0,1.24291,1.0,0.95,0.18346,0.23194,0.95,0.95,0.09621,0.33629,0.975,0.95
1784,0.0,1.24282,1.0,0.95,0.19023,0.1999,0.95,0.95,0.10137,0.33827,0.975,0.95
1785,0.0,1.24308,1.0,0.95,0.18434,0.24982,0.9625,0.95,0.09969,0.38858,0.9875,0.95
1786,0.0,1.24355,1.0,0.95,0.18448,0.19955,0.95,0.95,0.10031,0.376,0.9625,0.95
1787,0.0,1.24409,1.0,0.95,0.18398,0.21288,0.95,0.95,0.10081,0.33298,0.9625,0.95
1788,0.0,1.24402,1.0,0.95,0.18716,0.20995,0.95,0.95,0.10077,0.35085,0.9625,0.95
1789,0.0,1.24369,1.0,0.95,0.18335,0.24456,0.95,0.95,0.09887,0.37839,0.9625,0.95
1790,0.0,1.24399,1.0,0.95,0.18511,0.19597,0.95,0.95,0.09904,0.35546,0.9875,0.95
1791,0.0,1.24457,1.0,0.95,0.18506,0.22705,0.9625,0.95,0.0971,0.35594,0.975,0.95
1792,0.0,1.24457,1.0,0.95,0.18378,0.21309,0.95,0.95,0.09582,0.3601,0.9625,0.95
1793,0.0,1.24464,1.0,0.95,0.18272,0.21907,0.95,0.95,0.10153,0.33717,0.9625,0.95
1794,0.0,1.24446,1.0,0.95,0.18895,0.20252,0.95,0.95,0.10798,0.41475,0.975,0.95
1795,0.0,1.24507,1.0,0.95,0.18283,0.23811,0.9625,0.95,0.10022,0.37451,0.9625,0.95
1796,0.0,1.24563,1.0,0.95,0.18354,0.20981,0.95,0.95,0.09957,0.31328,0.9625,0.95
1797,0.0,1.24551,1.0,0.95,0.18244,0.2287,0.9625,0.95,0.09855,0.34808,0.9625,0.95
1798,0.0,1.24537,1.0,0.95,0.18535,0.20719,0.95,0.95,0.10135,0.36205,0.975,0.95
1799,0.0,1.24575,1.0,0.95,0.18349,0.21945,0.95,0.95,0.10223,0.38053,0.9875,0.95
1800,0.0,1.24623,1.0,0.95,0.18408,0.20526,0.95,0.95,0.09947,0.36706,0.975,0.95
1801,0.0,1.24603,1.0,0.95,0.18205,0.23179,0.95,0.95,0.10011,0.34042,0.9625,0.95
1802,0.0,1.24578,1.0,0.95,0.1855,0.20003,0.95,0.95,0.10184,0.34465,0.9625,0.95
1803,0.0,1.24618,1.0,0.95,0.18266,0.2251,0.9625,0.95,0.09931,0.36782,0.9625,0.95
1804,0.0,1.24693,1.0,0.95,0.18375,0.20762,0.95,0.95,0.09784,0.36135,0.975,0.95
1805,0.0,1.24759,1.0,0.95,0.18178,0.22276,0.95,0.95,0.09525,0.34494,0.975,0.95
1806,0.0,1.24734,1.0,0.95,0.18493,0.19915,0.95,0.95,0.1007,0.33189,0.975,0.95
1807,0.0,1.24689,1.0,0.95,0.18271,0.23762,0.95,0.95,0.09861,0.37288,0.975,0.95
1808,0.0,1.24707,1.0,0.95,0.18505,0.20186,0.95,0.95,0.10119,0.37163,0.975,0.95
1809,0.0,1.24752,1.0,0.95,0.18203,0.23515,0.95,0.95,0.09944,0.34286,0.9625,0.95
1810,0.0,1.24748,1.0,0.95,0.18605,0.19653,0.95,0.95,0.09941,0.35914,0.9625,0.95
1811,0.0,1.24771,1.0,0.95,0.18315,0.23876,0.95,0.95,0.09836,0.38302,0.9625,0.95
1812,0.0,1.2478,1.0,0.95,0.18593,0.20119,0.95,0.95,0.09724,0.3667,0.975,0.95
1813,0.0,1.24809,1.0,0.95,0.18328,0.2356,0.95,0.95,0.09612,0.35195,0.975,0.95
1814,0.0,1.2484,1.0,0.95,0.18693,0.19499,0.95,0.95,0.0954,0.36003,0.975,0.95
1815,0.0,1.24833,1.0,0.95,0.18404,0.23661,0.95,0.95,0.09487,0.37592,0.975,0.95
1816,0.0,1.24842,1.0,0.95,0.18359,0.19166,0.95,0.95,0.09506,0.37758,0.975,0.95
1817,0.0,1.2488,1.0,0.95,0.18454,0.23875,0.95,0.95,0.09489,0.36863,0.975,0.95
1818,0.0,1.24921,1.0,0.95,0.1857,0.20137,0.95,0.95,0.09474,0.36767,0.975,0.95
1819,0.0,1.24912,1.0,0.95,0.18343,0.22792,0.95,0.95,0.09591,0.35898,0.975,0.95
1820,0.0,1.2494,1.0,0.95,0.18741,0.20133,0.95,0.95,0.09993,0.37479,0.975,0.95
1821,0.0,1.24981,1.0,0.95,0.18248,0.24471,0.95,0.95,0.09977,0.36594,0.9625,0.95
1822,0.0,1.2498,1.0,0.95,0.18371,0.19536,0.95,0.95,0.09865,0.34262,0.9625,0.95
1823,0.0,1.24947,1.0,0.95,0.18381,0.23199,0.95,0.95,0.09873,0.35644,0.9625,0.95
1824,0.0,1.24978,1.0,0.95,0.1851,0.21013,0.95,0.95,0.09683,0.37207,0.9625,0.95
1825,0.0,1.2504,1.0,0.95,0.18233,0.22992,0.95,0.95,0.09557,0.35416,0.975,0.95
1826,0.0,1.2505,1.0,0.95,0.18609,0.19947,0.95,0.95,0.09641,0.33626,0.975,0.95
1827,0.0,1.25041,1.0,0.95,0.18267,0.23123,0.9625,0.95,0.09753,0.37419,0.975,0.95
1828,0.0,1.25075,1.0,0.95,0.18311,0.20461,0.95,0.95,0.09723,0.37273,0.975,0.95
1829,0.0,1.25104,1.0,0.95,0.1817,0.23039,0.9625,0.95,0.09879,0.34161,0.9625,0.95
1830,0.0,1.25147,1.0,0.95,0.18469,0.20272,0.95,0.95,0.09924,0.35285,0.9625,0.95
1831,0.0,1.25132,1.0,0.95,0.18316,0.2244,0.95,0.95,0.09829,0.37615,0.9625,0.95
1832,0.0,1.25129,1.0,0.95,0.18317,0.20768,0.95,0.95,0.09762,0.35826,0.975,0.95
1833,0.0,1.25142,1.0,0.95,0.18126,0.2264,0.95,0.95,0.09684,0.34601,0.975,0.95
1834,0.0,1.25186,1.0,0.95,0.18371,0.19766,0.95,0.95,0.09672,0.35539,0.9625,0.95
1835,0.0,1.25222,1.0,0.95,0.18225,0.22742,0.95,0.95,0.0969,0.36099,0.9625,0.95
1836,0.0,1.25217,1.0,0.95,0.18255,0.21268,0.95,0.95,0.09739,0.35473,0.9625,0.95
1837,0.0,1.2523,1.0,0.95,0.18096,0.22377,0.9625,0.95,0.09718,0.34978,0.9625,0.95
1838,0.0,1.25226,1.0,0.95,0.18448,0.20978,0.95,0.95,0.0967,0.35185,0.975,0.95
1839,0.0,1.25268,1.0,0.95,0.1826,0.22695,0.9625,0.95,0.09646,0.35611,0.9625,0.95
1840,0.0,1.2532,1.0,0.95,0.18178,0.19442,0.95,0.95,0.09636,0.3618,0.9625,0.95
1841,0.0,1.2531,1.0,0.95,0.183,0.22232,0.95,0.95,0.09585,0.34777,0.9625,0.95
1842,0.0,1.25302,1.0,0.95,0.18252,0.21453,0.95,0.95,0.09919,0.32018,0.975,0.95
1843,0.0,1.25334,1.0,0.95,0.18247,0.22685,0.9625,0.95,0.09968,0.37062,0.975,0.95
1844,0.0,1.25365,1.0,0.95,0.18694,0.20868,0.95,0.95,0.1011,0.37091,0.975,0.95
1845,0.0,1.25347,1.0,0.95,0.18289,0.23326,0.9625,0.95,0.09874,0.3282,0.9625,0.95
1846,0.0,1.25329,1.0,0.95,0.18048,0.19643,0.9375,0.95,0.09872,0.35039,0.9625,0.95
1847,0.0,1.25385,1.0,0.95,0.18261,0.22598,0.95,0.95,0.09575,0.38118,0.9625,0.95
1848,0.0,1.2545,1.0,0.95,0.18244,0.20734,0.95,0.95,0.10008,0.35008,0.975,0.95
1849,0.0,1.255,1.0,0.95,0.18184,0.23502,0.9625,0.95,0.10076,0.37525,0.9875,0.95
1850,0.0,1.25487,1.0,0.95,0.18491,0.19762,0.95,0.95,0.097,0.38792,0.975,0.95
1851,0.0,1.25444,1.0,0.95,0.18242,0.23965,0.95,0.95,0.09911,0.35155,0.9625,0.95
1852,0.0,1.2546,1.0,0.95,0.18356,0.19663,0.95,0.95,0.10032,0.34523,0.9625,0.95
1853,0.0,1.25514,1.0,0.95,0.18181,0.23464,0.95,0.95,0.09858,0.37851,0.9625,0.95
1854,0.0,1.25511,1.0,0.95,0.18691,0.19185,0.95,0.95,0.09824,0.37345,0.975,0.95
1855,0.0,1.25537,1.0,0.95,0.18342,0.24623,0.95,0.95,0.09695,0.35558,0.975,0.95
1856,0.0,1.25587,1.0,0.95,0.18495,0.19976,0.95,0.95,0.09551,0.35921,0.975,0.95
1857,0.0,1.25637,1.0,0.95,0.18275,0.24294,0.95,0.95,0.09605,0.35347,0.9625,0.95
1858,0.0,1.25622,1.0,0.95,0.18596,0.19624,0.95,0.95,0.09554,0.34633,0.9625,0.95
1859,0.0,1.25635,1.0,0.95,0.18454,0.23362,0.95,0.95,0.09496,0.35627,0.975,0.95
1860,0.0,1.25619,1.0,0.95,0.18501,0.19885,0.95,0.95,0.09462,0.36053,0.975,0.95
1861,0.0,1.25637,1.0,0.95,0.18275,0.24182,0.95,0.95,0.09407,0.34824,0.975,0.95
1862,0.0,1.25666,1.0,0.95,0.18455,0.19039,0.95,0.95,0.09774,0.33538,0.975,0.95
1863,0.0,1.25664,1.0,0.95,0.18387,0.23466,0.95,0.95,0.09941,0.36763,0.975,0.95
1864,0.0,1.25669,1.0,0.95,0.1834,0.20803,0.95,0.95,0.10065,0.36676,0.975,0.95
1865,0.0,1.25715,1.0,0.95,0.18168,0.22446,0.95,0.95,0.09799,0.34362,0.9625,0.95
1866,0.0,1.25758,1.0,0.95,0.18589,0.20287,0.95,0.95,0.09837,0.36127,0.9625,0.95
1867,0.0,1.25755,1.0,0.95,0.18135,0.2349,0.9625,0.95,0.09611,0.36993,0.9625,0.95
1868,0.0,1.25738,1.0,0.95,0.18102,0.19178,0.95,0.95,0.09874,0.34383,0.975,0.95
1869,0.0,1.25768,1.0,0.95,0.18358,0.22997,0.95,0.95,0.10065,0.39165,0.9875,0.95
1870,0.0,1.25832,1.0,0.95,0.18306,0.21311,0.95,0.95,0.09867,0.39212,0.975,0.95
1871,0.0,1.25872,1.0,0.95,0.18228,0.23033,0.9625,0.95,0.09942,0.3461,0.9625,0.95
1872,0.0,1.2585,1.0,0.95,0.1862,0.18896,0.95,0.95,0.10052,0.34149,0.9625,0.95
1873,0.0,1.25835,1.0,0.95,0.18333,0.24524,0.95,0.95,0.09825,0.36978,0.9625,0.95
1874,0.0,1.25883,1.0,0.95,0.18193,0.20475,0.9625,0.95,0.09556,0.35647,0.975,0.95
1875,0.0,1.25936,1.0,0.95,0.18236,0.2212,0.95,0.95,0.10095,0.3257,0.975,0.95
1876,0.0,1.25933,1.0,0.95,0.18751,0.20529,0.95,0.95,0.09879,0.3772,0.9875,0.95
1877,0.0,1.25904,1.0,0.95,0.18342,0.24324,0.9625,0.95,0.09703,0.38391,0.975,0.95
1878,0.0,1.25939,1.0,0.95,0.17992,0.19094,0.95,0.95,0.09904,0.34552,0.9625,0.95
1879,0.0,1.25996,1.0,0.95,0.18443,0.22653,0.95,0.95,0.0996,0.35372,0.9625,0.95
1880,0.0,1.2598,1.0,0.95,0.18209,0.20948,0.95,0.95,0.09811,0.37298,0.9625,0.95
1881,0.0,1.25999,1.0,0.95,0.1814,0.21996,0.95,0.95,0.09775,0.35851,0.975,0.95
1882,0.0,1.25993,1.0,0.95,0.18585,0.20481,0.95,0.95,0.09684,0.3547,0.975,0.95
1883,0.0,1.26043,1.0,0.95,0.18134,0.24285,0.95,0.95,0.09539,0.36281,0.9625,0.95
1884,0.0,1.26096,1.0,0.95,0.18234,0.20568,0.9625,0.95,0.09596,0.35081,0.9625,0.95
1885,0.0,1.26071,1.0,0.95,0.18245,0.21211,0.95,0.95,0.095,0.34792,0.9625,0.95
1886,0.0,1.26031,1.0,0.95,0.18383,0.21737,0.95,0.95,0.09467,0.35828,0.975,0.95
1887,0.0,1.26047,1.0,0.95,0.18018,0.22942,0.95,0.95,0.09405,0.35077,0.975,0.95
1888,0.0,1.26099,1.0,0.95,0.182,0.19723,0.95,0.95,0.09361,0.34096,0.975,0.95
1889,0.0,1.26135,1.0,0.95,0.18216,0.22534,0.95,0.95,0.09694,0.33757,0.975,0.95
1890,0.0,1.26132,1.0,0.95,0.18239,0.21316,0.95,0.95,0.10034,0.37434,0.975,0.95
1891,0.0,1.26146,1.0,0.95,0.17943,0.21552,0.95,0.95,0.10004,0.36753,0.975,0.95
1892,0.0,1.26176,1.0,0.95,0.18619,0.2053,0.95,0.95,0.09789,0.34092,0.9625,0.95
1893,0.0,1.26192,1.0,0.95,0.18022,0.22934,0.95,0.95,0.09798,0.36517,0.9625,0.95
1894,0.0,1.26177,1.0,0.95,0.18152,0.19818,0.9625,0.95,0.09609,0.3697,0.9625,0.95
1895,0.0,1.26215,1.0,0.95,0.18122,0.22449,0.95,0.95,0.09788,0.34651,0.975,0.95
1896,0.0,1.26269,1.0,0.95,0.18172,0.21826,0.95,0.95,0.09957,0.38965,0.9875,0.95
1897,0.0,1.26319,1.0,0.95,0.18118,0.2309,0.9625,0.95,0.09747,0.39384,0.975,0.95
1898,0.0,1.26311,1.0,0.95,0.18607,0.19665,0.95,0.95,0.09884,0.35708,0.9625,0.95
1899,0.0,1.26276,1.0,0.95,0.18215,0.24006,0.95,0.95,0.09984,0.35274,0.9625,0.95
1900,0.0,1.26312,1.0,0.95,0.18137,0.20713,0.95,0.95,0.09831,0.37025,0.9625,0.95
1901,0.0,1.26376,1.0,0.95,0.18109,0.21777,0.95,0.95,0.09764,0.36421,0.975,0.95
1902,0.0,1.26385,1.0,0.95,0.18566,0.20565,0.95,0.95,0.09664,0.35857,0.975,0.95
1903,0.0,1.26382,1.0,0.95,0.18189,0.24157,0.9625,0.95,0.09548,0.34655,0.975,0.95
1904,0.0,1.26369,1.0,0.95,0.18083,0.1989,0.95,0.95,0.09961,0.32415,0.9625,0.95
1905,0.0,1.26393,1.0,0.95,0.18274,0.22612,0.95,0.95,0.10014,0.39345,0.975,0.95
1906,0.0,1.26437,1.0,0.95,0.18143,0.21157,0.95,0.95,0.10685,0.38898,0.975,0.95
1907,0.0,1.26446,1.0,0.95,0.18002,0.21854,0.95,0.95,0.09982,0.33293,0.9625,0.95
1908,0.0,1.26428,1.0,0.95,0.18485,0.20001,0.95,0.95,0.10098,0.3517,0.9625,0.95
1909,0.0,1.26458,1.0,0.95,0.18087,0.23659,0.95,0.95,0.09893,0.38505,0.9625,0.95
1910,0.0,1.26501,1.0,0.95,0.18217,0.20753,0.9625,0.95,0.09774,0.35163,0.975,0.95
1911,0.0,1.26518,1.0,0.95,0.18134,0.21655,0.9625,0.95,0.09654,0.35168,0.9875,0.95
1912,0.0,1.26515,1.0,0.95,0.18427,0.2109,0.95,0.95,0.09389,0.39228,0.975,0.95
1913,0.0,1.2655,1.0,0.95,0.1806,0.23154,0.95,0.95,0.09392,0.39135,0.9625,0.95
1914,0.0,1.26588,1.0,0.95,0.18138,0.19978,0.9625,0.95,0.09519,0.36941,0.9625,0.95
1915,0.0,1.2656,1.0,0.95,0.18177,0.21841,0.9625,0.95,0.09472,0.37797,0.9625,0.95
1916,0.0,1.26578,1.0,0.95,0.18064,0.21729,0.95,0.95,0.09709,0.375,0.975,0.95
1917,0.0,1.26594,1.0,0.95,0.17962,0.2193,0.95,0.95,0.10091,0.38917,0.9875,0.95
1918,0.0,1.26628,1.0,0.95,0.18272,0.21357,0.95,0.95,0.09855,0.37237,0.975,0.95
1919,0.0,1.26688,1.0,0.95,0.17986,0.22263,0.9625,0.95,0.09816,0.34192,0.9625,0.95
1920,0.0,1.26684,1.0,0.95,0.18035,0.21395,0.95,0.95,0.09891,0.35087,0.9625,0.95
1921,0.0,1.26654,1.0,0.95,0.17968,0.20835,0.9625,0.95,0.09597,0.36322,0.9625,0.95
1922,0.0,1.26669,1.0,0.95,0.18102,0.21982,0.9625,0.95,0.0952,0.34538,0.975,0.95
1923,0.0,1.26727,1.0,0.95,0.18006,0.21958,0.9625,0.95,0.10181,0.33617,0.975,0.95
1924,0.0,1.26752,1.0,0.95,0.1798,0.20982,0.9625,0.95,0.09959,0.39338,0.9875,0.95
1925,0.0,1.26746,1.0,0.95,0.18148,0.22013,0.95,0.95,0.09925,0.37385,0.975,0.95
1926,0.0,1.26774,1.0,0.95,0.17954,0.21378,0.9625,0.95,0.10034,0.33089,0.9625,0.95
1927,0.0,1.26819,1.0,0.95,0.18001,0.21427,0.9625,0.95,0.10058,0.34936,0.9625,0.95
1928,0.0,1.26865,1.0,0.95,0.18033,0.21702,0.95,0.95,0.09811,0.37706,0.9625,0.95
1929,0.0,1.26836,1.0,0.95,0.18076,0.21722,0.9625,0.95,0.09767,0.36556,0.975,0.95
1930,0.0,1.26801,1.0,0.95,0.18007,0.20681,0.9625,0.95,0.09522,0.33419,0.975,0.95
1931,0.0,1.26844,1.0,0.95,0.18133,0.21672,0.9625,0.95,0.10163,0.33054,0.975,0.95
1932,0.0,1.26906,1.0,0.95,0.18005,0.2193,0.9625,0.95,0.10109,0.41319,0.975,0.95
1933,0.0,1.26906,1.0,0.95,0.17997,0.21073,0.9625,0.95,0.10391,0.37306,0.9625,0.95
1934,0.0,1.26873,1.0,0.95,0.1818,0.20807,0.95,0.95,0.09925,0.32237,0.9625,0.95
1935,0.0,1.26907,1.0,0.95,0.18,0.23246,0.9625,0.95,0.09827,0.35929,0.9625,0.95
1936,0.0,1.26971,1.0,0.95,0.17868,0.21253,0.9625,0.95,0.10172,0.37764,0.9625,0.95
1937,0.0,1.27018,1.0,0.95,0.18043,0.22101,0.9625,0.95,0.10275,0.38491,0.9875,0.95
1938,0.0,1.26993,1.0,0.95,0.18194,0.21799,0.95,0.95,0.09894,0.38136,0.9875,0.95
1939,0.0,1.26964,1.0,0.95,0.17948,0.21662,0.9625,0.95,0.09718,0.36852,0.9625,0.95
1940,0.0,1.26984,1.0,0.95,0.1819,0.20869,0.95,0.95,0.10081,0.35492,0.9625,0.95
1941,0.0,1.27015,1.0,0.95,0.17971,0.22544,0.9625,0.95,0.09927,0.35656,0.9625,0.95
1942,0.0,1.27041,1.0,0.95,0.18065,0.20836,0.9625,0.95,0.09816,0.35993,0.975,0.95
1943,0.0,1.27036,1.0,0.95,0.18027,0.21804,0.9625,0.95,0.09771,0.3608,0.975,0.95
1944,0.0,1.27073,1.0,0.95,0.18103,0.21648,0.95,0.95,0.096,0.36674,0.975,0.95
1945,0.0,1.27122,1.0,0.95,0.17906,0.21458,0.9625,0.95,0.09623,0.36568,0.9625,0.95
1946,0.0,1.27147,1.0,0.95,0.18052,0.21255,0.95,0.95,0.09642,0.35641,0.9625,0.95
1947,0.0,1.27111,1.0,0.95,0.18024,0.21571,0.9625,0.95,0.09535,0.367,0.9625,0.95
1948,0.0,1.27098,1.0,0.95,0.17952,0.21517,0.9625,0.95,0.09472,0.37083,0.975,0.95
1949,0.0,1.2714,1.0,0.95,0.1802,0.20651,0.95,0.95,0.09381,0.35039,0.975,0.95
1950,0.0,1.27212,1.0,0.95,0.17955,0.22541,0.9625,0.95,0.09974,0.3303,0.975,0.95
1951,0.0,1.27224,1.0,0.95,0.18001,0.21531,0.9625,0.95,0.09937,0.38478,0.975,0.95
1952,0.0,1.27197,1.0,0.95,0.17914,0.2141,0.9625,0.95,0.10086,0.38584,0.975,0.95
1953,0.0,1.27209,1.0,0.95,0.18149,0.2159,0.95,0.95,0.09801,0.33384,0.9625,0.95
1954,0.0,1.27245,1.0,0.95,0.17962,0.22172,0.9625,0.95,0.09882,0.34915,0.9625,0.95
1955,0.0,1.27291,1.0,0.95,0.17989,0.20583,0.9625,0.95,0.0965,0.38747,0.9625,0.95
1956,0.0,1.27288,1.0,0.95,0.17964,0.22659,0.9625,0.95,0.0961,0.35624,0.975,0.95
1957,0.0,1.27261,1.0,0.95,0.1805,0.21379,0.95,0.95,0.09767,0.33822,0.975,0.95
1958,0.0,1.27263,1.0,0.95,0.17973,0.21162,0.9625,0.95,0.09717,0.39085,0.9875,0.95
1959,0.0,1.27311,1.0,0.95,0.18266,0.21199,0.95,0.95,0.09685,0.38703,0.975,0.95
1960,0.0,1.27374,1.0,0.95,0.17917,0.22891,0.9625,0.95,0.09877,0.35054,0.9625,0.95
1961,0.0,1.27439,1.0,0.95,0.18039,0.20317,0.9625,0.95,0.09872,0.35059,0.9625,0.95
1962,0.0,1.27418,1.0,0.95,0.18109,0.21787,0.9625,0.95,0.09749,0.36466,0.9625,0.95
1963,0.0,1.27377,1.0,0.95,0.18013,0.22125,0.95,0.95,0.09699,0.35902,0.975,0.95
1964,0.0,1.27403,1.0,0.95,0.17851,0.21916,0.9625,0.95,0.09578,0.35929,0.975,0.95
1965,0.0,1.27467,1.0,0.95,0.18112,0.21299,0.95,0.95,0.09383,0.35793,0.975,0.95
1966,0.0,1.27512,1.0,0.95,0.18102,0.22804,0.9625,0.95,0.10149,0.3336,0.9625,0.95
1967,0.0,1.27541,1.0,0.95,0.17985,0.20767,0.9625,0.95,0.0989,0.39143,0.975,0.95
1968,0.0,1.27562,1.0,0.95,0.1807,0.21547,0.9625,0.95,0.10201,0.398,0.975,0.95
1969,0.0,1.27528,1.0,0.95,0.18089,0.2202,0.95,0.95,0.09721,0.34293,0.9625,0.95
1970,0.0,1.27502,1.0,0.95,0.17911,0.21506,0.9625,0.95,0.09907,0.35233,0.9625,0.95
1971,0.0,1.27497,1.0,0.95,0.1813,0.20305,0.95,0.95,0.09709,0.39215,0.9625,0.95
1972,0.0,1.27551,1.0,0.95,0.17973,0.23127,0.95,0.95,0.09586,0.36906,0.975,0.95
1973,0.0,1.2761,1.0,0.95,0.17937,0.20924,0.9625,0.95,0.09473,0.35878,0.975,0.95
1974,0.0,1.27655,1.0,0.95,0.17952,0.22182,0.9625,0.95,0.09553,0.37491,0.975,0.95
1975,0.0,1.2768,1.0,0.95,0.18245,0.21273,0.95,0.95,0.09622,0.40003,0.975,0.95
1976,0.0,1.27648,1.0,0.95,0.17848,0.23433,0.9625,0.95,0.09904,0.38131,0.9625,0.95
1977,0.0,1.2759,1.0,0.95,0.18054,0.19624,0.95,0.95,0.09843,0.35909,0.9625,0.95
1978,0.0,1.27568,1.0,0.95,0.18027,0.23691,0.95,0.95,0.09739,0.35456,0.9625,0.95
1979,0.0,1.27624,1.0,0.95,0.18101,0.2052,0.95,0.95,0.09641,0.359,0.9625,0.95
1980,0.0,1.27687,1.0,0.95,0.17869,0.23717,0.95,0.95,0.09578,0.36987,0.975,0.95
1981,0.0,1.27742,1.0,0.95,0.18485,0.1949,0.95,0.95,0.0942,0.3485,0.975,0.95
1982,0.0,1.27724,1.0,0.95,0.18007,0.23461,0.95,0.95,0.10278,0.33323,0.975,0.95
1983,0.0,1.2773,1.0,0.95,0.18234,0.20042,0.95,0.95,0.09833,0.4194,0.975,0.95
1984,0.0,1.2773,1.0,0.95,0.17942,0.24171,0.95,0.95,0.10229,0.40586,0.975,0.95
1985,0.0,1.27753,1.0,0.95,0.18431,0.19693,0.95,0.95,0.09709,0.3517,0.9625,0.95
1986,0.0,1.27754,1.0,0.95,0.18166,0.23147,0.95,0.95,0.09909,0.35566,0.9625,0.95
1987,0.0,1.27786,1.0,0.95,0.18175,0.20335,0.95,0.95,0.09701,0.38403,0.9625,0.95
1988,0.0,1.27807,1.0,0.95,0.17977,0.24177,0.95,0.95,0.09524,0.35482,0.975,0.95
1989,0.0,1.27778,1.0,0.95,0.18404,0.1918,0.95,0.95,0.097,0.32634,0.975,0.95
1990,0.0,1.2781,1.0,0.95,0.18114,0.23524,0.95,0.95,0.09666,0.36843,0.9875,0.95
1991,0.0,1.27876,1.0,0.95,0.18187,0.20416,0.95,0.95,0.09575,0.37556,0.975,0.95
1992,0.0,1.27928,1.0,0.95,0.1791,0.22479,0.95,0.95,0.09784,0.35002,0.9625,0.95
1993,0.0,1.27918,1.0,0.95,0.18512,0.20223,0.95,0.95,0.09819,0.3578,0.9625,0.95
1994,0.0,1.27898,1.0,0.95,0.17983,0.23806,0.9625,0.95,0.09695,0.37223,0.9625,0.95
1995,0.0,1.27932,1.0,0.95,0.18099,0.20586,0.95,0.95,0.0963,0.36155,0.975,0.95
1996,0.0,1.27932,1.0,0.95,0.17885,0.23326,0.9625,0.95,0.09569,0.359,0.975,0.95
1997,0.0,1.27959,1.0,0.95,0.18242,0.20509,0.95,0.95,0.09473,0.37785,0.975,0.95
1998,0.0,1.28008,1.0,0.95,0.17973,0.22474,0.95,0.95,0.09401,0.36346,0.9625,0.95
1999,0.0,1.28056,1.0,0.95,0.1813,0.20759,0.95,0.95,0.0979,0.33631,0.9625,0.95
