run,epoch,w
none,0,0.00674
none,0,-0.08204
none,0,0.14562
none,0,-0.16903
none,0,-0.04515
none,0,-0.13461
none,0,-0.0004
none,0,0.20913
none,0,0.02331
none,0,-0.02687
none,0,0.12072
none,0,0.03367
none,0,0.00393
none,0,-0.01188
none,0,-0.1527
none,0,0.06207
none,0,-0.00638
none,0,0.20039
none,0,-0.12603
none,0,-0.15945
none,0,0.10298
none,0,0.08575
none,0,0.08085
none,0,0.15977
none,0,0.03583
none,0,0.20307
none,0,-0.11155
none,0,-0.06087
none,0,-0.01445
none,0,0.10876
none,0,0.1735
none,0,-0.02254
none,0,-0.1359
none,0,-0.02117
none,0,-0.19259
none,0,0.12686
none,0,0.18354
none,0,0.17144
none,0,0.10278
none,0,0.15169
none,0,0.11452
none,0,-0.18354
none,0,0.10846
none,0,0.12308
none,0,0.08318
none,0,-0.10264
none,0,0.1567
none,0,0.20075
none,0,-0.16476
none,0,0.02786
none,0,0.16856
none,0,0.15002
none,0,-0.09358
none,0,0.19052
none,0,-0.13804
none,0,0.13691
none,0,-0.02578
none,0,-0.19848
none,0,-0.10379
none,0,0.19089
none,0,-0.05858
none,0,0.04166
none,0,0.19881
none,0,0.13657
none,0,-0.15651
none,0,0.0289
none,0,0.03495
none,0,-0.11776
none,0,0.09665
none,0,0.13928
none,0,-0.01371
none,0,0.17682
none,0,0.00187
none,0,-0.00791
none,0,-0.03364
none,0,-0.04573
none,0,-0.18653
none,0,-0.0541
none,0,0.09776
none,0,-0.0094
none,0,-0.09008
none,0,-0.01669
none,0,0.11184
none,0,-0.10497
none,0,-0.18169
none,0,-0.05829
none,0,-0.09676
none,0,-0.20725
none,0,0.12504
none,0,0.1542
none,0,-0.20459
none,0,-0.04519
none,0,0.11443
none,0,-0.13865
none,0,0.0388
none,0,0.03236
none,0,-0.01767
none,0,0.01545
none,0,0.08869
none,0,0.00843
none,0,0.16808
none,0,-0.1112
none,0,-0.14771
none,0,0.14003
none,0,0.19137
none,0,-0.04052
none,0,0.04378
none,0,-0.08001
none,0,-0.11706
none,0,-0.03244
none,0,0.08885
none,0,0.13821
none,0,0.05469
none,0,0.00169
none,0,0.05775
none,0,0.20492
none,0,-0.07548
none,0,-0.19526
none,0,-0.07437
none,0,0.12809
none,0,-0.13793
none,0,-0.01366
none,0,0.12832
none,0,-0.13178
none,0,0.06051
none,0,0.04149
none,0,-0.13816
none,0,-0.0317
none,0,-0.00175
none,0,-0.08789
none,0,0.05119
none,0,-0.00059
none,0,0.01802
none,0,-0.06792
none,0,-0.02434
none,0,0.0201
none,0,-0.0614
none,0,0.054
none,0,-0.07963
none,0,0.19764
none,0,-0.10324
none,0,-0.16526
none,0,-0.08732
none,0,-0.17788
none,0,-0.18393
none,0,-0.156
none,0,0.08068
none,0,0.03249
none,0,0.08601
none,0,-0.02612
none,0,-0.00814
none,0,0.07645
none,0,0.11591
none,0,-0.08769
none,0,-0.16897
none,0,-0.20741
none,0,-0.17715
none,0,-0.06685
none,0,-0.03142
none,0,-0.17276
none,0,-0.12979
none,0,-0.07433
none,0,-0.12265
none,0,-0.02055
none,0,0.13393
none,0,0.14612
none,0,-0.15748
none,0,-0.12305
none,0,-0.19722
none,0,-0.04704
none,0,0.05571
none,0,-0.04352
none,0,-0.0023
none,0,0.21051
none,0,0.0217
none,0,-0.11393
none,0,-0.164
none,0,0.09042
none,0,0.08774
none,0,-0.09627
none,0,-0.05585
none,0,-0.04553
none,0,0.11191
none,0,0.09444
none,0,-0.18232
none,0,-0.06323
none,0,0.20435
none,0,0.18574
none,0,0.10511
none,0,0.10949
none,0,-0.01281
none,0,0.15038
none,0,0.09804
none,0,0.13446
none,0,-0.03247
none,0,-0.18265
none,0,0.00111
none,0,-0.01794
none,0,-0.06286
none,0,-0.15203
none,0,-0.01037
none,0,0.17686
none,0,-0.19231
none,0,-0.18898
none,0,0.08348
none,0,0.09819
none,0,-0.14521
none,0,-0.15006
none,0,-0.21261
none,0,-0.0517
none,0,0.03605
none,0,0.08824
none,0,0.1311
none,0,0.02613
none,0,0.07897
none,0,0.00281
none,0,-0.18029
none,0,-0.11315
none,0,0.15439
none,0,-0.10448
none,0,-0.19905
none,0,-0.13484
none,0,0.1927
none,0,0.14655
none,0,0.08101
none,0,-0.10183
none,0,-0.17656
none,0,0.03265
none,0,0.01608
none,0,-0.07603
none,0,0.11016
none,0,0.13286
none,0,0.04555
none,0,-0.02914
none,0,0.2054
none,0,0.16948
none,0,0.2125
none,0,-0.09302
none,0,-0.17292
none,0,-0.07994
none,0,0.09746
none,0,-0.10261
none,0,0.11185
none,0,0.13695
none,0,-0.1361
none,0,-0.01926
none,0,-0.02001
none,0,0.08312
none,0,-0.16005
none,0,-0.18491
none,0,-0.14559
none,0,0.0012
none,0,0.21042
none,0,-0.20318
none,0,-0.16114
none,0,-0.08355
none,1,-0.01257
none,1,-0.1071
none,1,0.16374
none,1,-0.19546
none,1,-0.03604
none,1,-0.1621
none,1,0.01865
none,1,0.22639
none,1,0.02427
none,1,-0.03736
none,1,0.09535
none,1,0.03384
none,1,-0.01701
none,1,0.01772
none,1,-0.18215
none,1,0.04319
none,1,0.02321
none,1,0.20798
none,1,-0.15457
none,1,-0.15677
none,1,0.09298
none,1,0.05715
none,1,0.09577
none,1,0.12983
none,1,0.06423
none,1,0.2108
none,1,-0.08273
none,1,-0.03112
none,1,0.01501
none,1,0.08914
none,1,0.15217
none,1,0.00442
none,1,-0.16545
none,1,0.00871
none,1,-0.21823
none,1,0.10079
none,1,0.16415
none,1,0.20108
none,1,0.08531
none,1,0.16028
none,1,0.13058
none,1,-0.21346
none,1,0.08614
none,1,0.14037
none,1,0.10221
none,1,-0.09122
none,1,0.16222
none,1,0.21653
none,1,-0.19383
none,1,0.04046
none,1,0.14415
none,1,0.16573
none,1,-0.08086
none,1,0.20485
none,1,-0.11265
none,1,0.11907
none,1,-0.04111
none,1,-0.17053
none,1,-0.10658
none,1,0.18818
none,1,-0.02909
none,1,0.07106
none,1,0.17107
none,1,0.1154
none,1,-0.14895
none,1,0.05721
none,1,0.03264
none,1,-0.14562
none,1,0.07307
none,1,0.139
none,1,0.01582
none,1,0.18749
none,1,-0.01878
none,1,0.02051
none,1,-0.00875
none,1,-0.0577
none,1,-0.21597
none,1,-0.06102
none,1,0.12111
none,1,-0.02438
none,1,-0.06222
none,1,0.01228
none,1,0.08371
none,1,-0.1317
none,1,-0.16918
none,1,-0.08695
none,1,-0.07272
none,1,-0.23612
none,1,0.10729
none,1,0.16939
none,1,-0.20045
none,1,-0.07501
none,1,0.10181
none,1,-0.11717
none,1,0.05711
none,1,0.05909
none,1,0.00959
none,1,-0.00757
none,1,0.11077
none,1,0.02455
none,1,0.16088
none,1,-0.11223
none,1,-0.12654
none,1,0.16673
none,1,0.17547
none,1,-0.01915
none,1,0.06549
none,1,-0.05314
none,1,-0.0921
none,1,-0.00261
none,1,0.08527
none,1,0.15182
none,1,0.07633
none,1,-0.02039
none,1,0.05059
none,1,0.22593
none,1,-0.07208
none,1,-0.18312
none,1,-0.06023
none,1,0.1442
none,1,-0.16564
none,1,-0.0363
none,1,0.10556
none,1,-0.15465
none,1,0.05584
none,1,0.02674
none,1,-0.11776
none,1,-0.04931
none,1,0.01685
none,1,-0.08373
none,1,0.02341
none,1,0.02231
none,1,0.00803
none,1,-0.03936
none,1,-0.05309
none,1,-0.0083
none,1,-0.09052
none,1,0.08213
none,1,-0.07882
none,1,0.20178
none,1,-0.08439
none,1,-0.19284
none,1,-0.0583
none,1,-0.16462
none,1,-0.21355
none,1,-0.16205
none,1,0.10641
none,1,0.05606
none,1,0.09764
none,1,-0.0523
none,1,-0.03731
none,1,0.05057
none,1,0.11679
none,1,-0.11579
none,1,-0.197
none,1,-0.2359
none,1,-0.2069
none,1,-0.05627
none,1,-0.03605
none,1,-0.20094
none,1,-0.10194
none,1,-0.10319
none,1,-0.09364
none,1,-0.01971
none,1,0.16227
none,1,0.13029
none,1,-0.15002
none,1,-0.15143
none,1,-0.22502
none,1,-0.02149
none,1,0.05922
none,1,-0.07133
none,1,-0.0288
none,1,0.18533
none,1,-0.00735
none,1,-0.14188
none,1,-0.1355
none,1,0.06262
none,1,0.10438
none,1,-0.12594
none,1,-0.07899
none,1,-0.07472
none,1,0.08779
none,1,0.12359
none,1,-0.16985
none,1,-0.09103
none,1,0.18235
none,1,0.1575
none,1,0.08442
none,1,0.10341
none,1,-0.01853
none,1,0.1711
none,1,0.0887
none,1,0.1638
none,1,-0.06187
none,1,-0.15746
none,1,0.01351
none,1,-0.04556
none,1,-0.09178
none,1,-0.17998
none,1,0.01232
none,1,0.18116
none,1,-0.21477
none,1,-0.17134
none,1,0.10868
none,1,0.12791
none,1,-0.17488
none,1,-0.13206
none,1,-0.23971
none,1,-0.08004
none,1,0.0332
none,1,0.11682
none,1,0.10679
none,1,0.0528
none,1,0.05281
none,1,0.02794
none,1,-0.16387
none,1,-0.14219
none,1,0.13555
none,1,-0.08072
none,1,-0.18696
none,1,-0.15577
none,1,0.16367
none,1,0.14245
none,1,0.08621
none,1,-0.07852
none,1,-0.20542
none,1,0.06242
none,1,0.02887
none,1,-0.07637
none,1,0.08429
none,1,0.1209
none,1,0.06707
none,1,-0.05183
none,1,0.20896
none,1,0.15346
none,1,0.1941
none,1,-0.12194
none,1,-0.2005
none,1,-0.10884
none,1,0.07022
none,1,-0.0778
none,1,0.11807
none,1,0.10795
none,1,-0.16222
none,1,-0.03477
none,1,-0.04139
none,1,0.05457
none,1,-0.13563
none,1,-0.16207
none,1,-0.11946
none,1,0.02596
none,1,0.23931
none,1,-0.2014
none,1,-0.18507
none,1,-0.08723
none,2,-0.01702
none,2,-0.13012
none,2,0.17086
none,2,-0.22121
none,2,-0.05396
none,2,-0.18917
none,2,0.02675
none,2,0.23476
none,2,0.03909
none,2,-0.02346
none,2,0.09592
none,2,0.04502
none,2,-0.02137
none,2,0.04216
none,2,-0.21069
none,2,0.04432
none,2,0.04905
none,2,0.2082
none,2,-0.17856
none,2,-0.17826
none,2,0.10046
none,2,0.05572
none,2,0.0973
none,2,0.11749
none,2,0.0715
none,2,0.20679
none,2,-0.06114
none,2,-0.00712
none,2,0.0411
none,2,0.0847
none,2,0.15469
none,2,0.02483
none,2,-0.19345
none,2,0.0288
none,2,-0.24466
none,2,0.08595
none,2,0.15936
none,2,0.21512
none,2,0.09521
none,2,0.15626
none,2,0.13985
none,2,-0.24197
none,2,0.08003
none,2,0.14045
none,2,0.11009
none,2,-0.09332
none,2,0.15459
none,2,0.2179
none,2,-0.22171
none,2,0.04265
none,2,0.13084
none,2,0.16891
none,2,-0.09967
none,2,0.20517
none,2,-0.1045
none,2,0.11502
none,2,-0.03288
none,2,-0.15231
none,2,-0.10878
none,2,0.17615
none,2,-0.00164
none,2,0.08611
none,2,0.15803
none,2,0.11181
none,2,-0.16888
none,2,0.0709
none,2,0.04528
none,2,-0.17077
none,2,0.06174
none,2,0.13722
none,2,0.03446
none,2,0.18451
none,2,-0.02525
none,2,0.03348
none,2,0.01483
none,2,-0.04786
none,2,-0.24422
none,2,-0.04774
none,2,0.13369
none,2,-0.01743
none,2,-0.03899
none,2,0.02937
none,2,0.06862
none,2,-0.14168
none,2,-0.1852
none,2,-0.10656
none,2,-0.06404
none,2,-0.26401
none,2,0.11507
none,2,0.17053
none,2,-0.22233
none,2,-0.10421
none,2,0.11658
none,2,-0.11608
none,2,0.064
none,2,0.06995
none,2,0.01857
none,2,-0.01832
none,2,0.12384
none,2,0.03054
none,2,0.16974
none,2,-0.13779
none,2,-0.12958
none,2,0.18468
none,2,0.17954
none,2,-0.01139
none,2,0.07553
none,2,-0.03901
none,2,-0.06978
none,2,0.02204
none,2,0.10241
none,2,0.14853
none,2,0.0864
none,2,-0.02713
none,2,0.0621
none,2,0.23206
none,2,-0.05386
none,2,-0.20016
none,2,-0.0708
none,2,0.15298
none,2,-0.1925
none,2,-0.04533
none,2,0.09376
none,2,-0.17039
none,2,0.06432
none,2,0.03785
none,2,-0.11026
none,2,-0.04056
none,2,0.0147
none,2,-0.06958
none,2,0.00164
none,2,0.0361
none,2,0.01573
none,2,-0.01991
none,2,-0.07694
none,2,-0.03509
none,2,-0.11833
none,2,0.11046
none,2,-0.09816
none,2,0.22636
none,2,-0.08799
none,2,-0.21861
none,2,-0.03841
none,2,-0.17915
none,2,-0.2412
none,2,-0.18489
none,2,0.12514
none,2,0.07017
none,2,0.11241
none,2,-0.07221
none,2,-0.06335
none,2,0.03465
none,2,0.14104
none,2,-0.14166
none,2,-0.22185
none,2,-0.26175
none,2,-0.23415
none,2,-0.07385
none,2,-0.06079
none,2,-0.221
none,2,-0.08408
none,2,-0.1322
none,2,-0.06771
none,2,-0.03826
none,2,0.18912
none,2,0.13982
none,2,-0.15997
none,2,-0.17723
none,2,-0.24904
none,2,-0.00657
none,2,0.05402
none,2,-0.09641
none,2,-0.05075
none,2,0.18344
none,2,-0.03311
none,2,-0.16835
none,2,-0.11101
none,2,0.04939
none,2,0.10596
none,2,-0.15186
none,2,-0.07104
none,2,-0.10098
none,2,0.07873
none,2,0.14973
none,2,-0.18591
none,2,-0.10901
none,2,0.18859
none,2,0.14164
none,2,0.09736
none,2,0.12691
none,2,-0.04226
none,2,0.18793
none,2,0.09713
none,2,0.19197
none,2,-0.08628
none,2,-0.13778
none,2,0.00603
none,2,-0.07066
none,2,-0.12085
none,2,-0.20487
none,2,0.01603
none,2,0.20696
none,2,-0.23488
none,2,-0.17613
none,2,0.1258
none,2,0.15614
none,2,-0.20217
none,2,-0.14035
none,2,-0.26398
none,2,-0.10668
none,2,0.01357
none,2,0.14393
none,2,0.09818
none,2,0.07614
none,2,0.04143
none,2,0.04203
none,2,-0.16936
none,2,-0.16826
none,2,0.14014
none,2,-0.06289
none,2,-0.19536
none,2,-0.16592
none,2,0.14727
none,2,0.16423
none,2,0.11151
none,2,-0.06771
none,2,-0.23042
none,2,0.09167
none,2,0.02319
none,2,-0.05375
none,2,0.07708
none,2,0.13919
none,2,0.08004
none,2,-0.06269
none,2,0.22096
none,2,0.1655
none,2,0.20154
none,2,-0.14957
none,2,-0.2273
none,2,-0.136
none,2,0.06856
none,2,-0.06444
none,2,0.13276
none,2,0.08465
none,2,-0.18469
none,2,-0.02959
none,2,-0.04694
none,2,0.03381
none,2,-0.11292
none,2,-0.15334
none,2,-0.10458
none,2,0.0384
none,2,0.26697
none,2,-0.22338
none,2,-0.20538
none,2,-0.10806
none,3,-0.01961
none,3,-0.14182
none,3,0.17801
none,3,-0.24013
none,3,-0.06855
none,3,-0.20892
none,3,0.03435
none,3,0.23892
none,3,0.04915
none,3,-0.01975
none,3,0.10285
none,3,0.04569
none,3,-0.01885
none,3,0.05841
none,3,-0.2317
none,3,0.04533
none,3,0.06746
none,3,0.21205
none,3,-0.1937
none,3,-0.1952
none,3,0.10014
none,3,0.06559
none,3,0.09905
none,3,0.11322
none,3,0.07178
none,3,0.20675
none,3,-0.06405
none,3,-0.00409
none,3,0.06013
none,3,0.09024
none,3,0.15913
none,3,0.03117
none,3,-0.21446
none,3,0.04067
none,3,-0.26439
none,3,0.07922
none,3,0.15821
none,3,0.21535
none,3,0.10754
none,3,0.15719
none,3,0.14882
none,3,-0.2628
none,3,0.07859
none,3,0.14287
none,3,0.12072
none,3,-0.08438
none,3,0.15137
none,3,0.21937
none,3,-0.2438
none,3,0.04184
none,3,0.12265
none,3,0.17298
none,3,-0.11661
none,3,0.20673
none,3,-0.10173
none,3,0.11246
none,3,-0.02898
none,3,-0.142
none,3,-0.09813
none,3,0.17319
none,3,-0.00156
none,3,0.08953
none,3,0.15267
none,3,0.11076
none,3,-0.18519
none,3,0.07452
none,3,0.05463
none,3,-0.19451
none,3,0.059
none,3,0.1408
none,3,0.04552
none,3,0.18566
none,3,-0.02934
none,3,0.03625
none,3,0.02715
none,3,-0.04093
none,3,-0.26592
none,3,-0.03923
none,3,0.14249
none,3,-0.01606
none,3,-0.03441
none,3,0.03901
none,3,0.0576
none,3,-0.13378
none,3,-0.19868
none,3,-0.10762
none,3,-0.06099
none,3,-0.28436
none,3,0.12394
none,3,0.17227
none,3,-0.23989
none,3,-0.12406
none,3,0.12953
none,3,-0.12043
none,3,0.06729
none,3,0.07298
none,3,0.01756
none,3,-0.02465
none,3,0.1344
none,3,0.03079
none,3,0.17777
none,3,-0.15531
none,3,-0.13482
none,3,0.19218
none,3,0.1847
none,3,-0.00642
none,3,0.07734
none,3,-0.03712
none,3,-0.0605
none,3,0.03652
none,3,0.11589
none,3,0.14656
none,3,0.09135
none,3,-0.02988
none,3,0.06362
none,3,0.23415
none,3,-0.05961
none,3,-0.21495
none,3,-0.08274
none,3,0.15878
none,3,-0.21427
none,3,-0.04945
none,3,0.08826
none,3,-0.18244
none,3,0.06792
none,3,0.04095
none,3,-0.10848
none,3,-0.0512
none,3,0.01289
none,3,-0.08521
none,3,-0.01268
none,3,0.03758
none,3,0.0099
none,3,-0.0198
none,3,-0.0902
none,3,-0.05396
none,3,-0.12372
none,3,0.12627
none,3,-0.10627
none,3,0.23728
none,3,-0.09867
none,3,-0.23414
none,3,-0.04214
none,3,-0.19126
none,3,-0.25427
none,3,-0.19843
none,3,0.13325
none,3,0.06808
none,3,0.11471
none,3,-0.07646
none,3,-0.08245
none,3,0.02918
none,3,0.15235
none,3,-0.15989
none,3,-0.23785
none,3,-0.28042
none,3,-0.2467
none,3,-0.07414
none,3,-0.0773
none,3,-0.23601
none,3,-0.08065
none,3,-0.13987
none,3,-0.05746
none,3,-0.04838
none,3,0.20442
none,3,0.14477
none,3,-0.15414
none,3,-0.19444
none,3,-0.25899
none,3,-0.01168
none,3,0.0615
none,3,-0.11333
none,3,-0.0621
none,3,0.18225
none,3,-0.05081
none,3,-0.18714
none,3,-0.09402
none,3,0.039
none,3,0.10637
none,3,-0.17007
none,3,-0.06352
none,3,-0.11946
none,3,0.06927
none,3,0.16451
none,3,-0.19998
none,3,-0.12043
none,3,0.19254
none,3,0.132
none,3,0.09974
none,3,0.14015
none,3,-0.05933
none,3,0.19447
none,3,0.09185
none,3,0.20792
none,3,-0.09004
none,3,-0.12131
none,3,0.00413
none,3,-0.08561
none,3,-0.13099
none,3,-0.22205
none,3,0.01749
none,3,0.21915
none,3,-0.25037
none,3,-0.1845
none,3,0.12821
none,3,0.17465
none,3,-0.21822
none,3,-0.14726
none,3,-0.28163
none,3,-0.11401
none,3,-0.00103
none,3,0.16469
none,3,0.0864
none,3,0.0898
none,3,0.03542
none,3,0.04156
none,3,-0.16794
none,3,-0.18687
none,3,0.13338
none,3,-0.06011
none,3,-0.19201
none,3,-0.17509
none,3,0.13686
none,3,0.17355
none,3,0.12201
none,3,-0.06061
none,3,-0.24189
none,3,0.10965
none,3,0.01751
none,3,-0.04671
none,3,0.0684
none,3,0.14859
none,3,0.08587
none,3,-0.06952
none,3,0.22045
none,3,0.17169
none,3,0.20765
none,3,-0.16611
none,3,-0.23178
none,3,-0.15692
none,3,0.06845
none,3,-0.0556
none,3,0.13843
none,3,0.06609
none,3,-0.19797
none,3,-0.03347
none,3,-0.04696
none,3,0.02157
none,3,-0.09434
none,3,-0.14957
none,3,-0.09119
none,3,0.03884
none,3,0.28326
none,3,-0.23991
none,3,-0.2215
none,3,-0.1217
none,5,-0.02277
none,5,-0.13426
none,5,0.19723
none,5,-0.25714
none,5,-0.08285
none,5,-0.22614
none,5,0.03816
none,5,0.23822
none,5,0.05618
none,5,-0.01088
none,5,0.10539
none,5,0.05391
none,5,-0.0272
none,5,0.05295
none,5,-0.24878
none,5,0.01475
none,5,0.08086
none,5,0.21228
none,5,-0.20916
none,5,-0.20374
none,5,0.10936
none,5,0.08424
none,5,0.09997
none,5,0.10729
none,5,0.08014
none,5,0.20302
none,5,-0.09537
none,5,-0.04353
none,5,0.06498
none,5,0.09533
none,5,0.1622
none,5,-0.00034
none,5,-0.23855
none,5,0.04874
none,5,-0.27965
none,5,0.08527
none,5,0.16593
none,5,0.22545
none,5,0.1168
none,5,0.15612
none,5,0.15383
none,5,-0.27808
none,5,0.08504
none,5,0.14408
none,5,0.13152
none,5,-0.05612
none,5,0.14609
none,5,0.21664
none,5,-0.26953
none,5,0.04829
none,5,0.11702
none,5,0.17579
none,5,-0.13756
none,5,0.20506
none,5,-0.09725
none,5,0.1163
none,5,-0.05935
none,5,-0.13484
none,5,-0.06497
none,5,0.17981
none,5,-0.01753
none,5,0.09797
none,5,0.14375
none,5,0.1181
none,5,-0.19674
none,5,0.08427
none,5,0.05797
none,5,-0.22156
none,5,0.07242
none,5,0.13995
none,5,0.0533
none,5,0.18516
none,5,-0.03448
none,5,0.04615
none,5,-0.01268
none,5,-0.05635
none,5,-0.28898
none,5,-0.0401
none,5,0.14796
none,5,-0.03218
none,5,-0.07186
none,5,0.04268
none,5,0.06447
none,5,-0.10413
none,5,-0.2074
none,5,-0.09296
none,5,-0.06243
none,5,-0.30092
none,5,0.12728
none,5,0.17147
none,5,-0.25317
none,5,-0.13906
none,5,0.13681
none,5,-0.12557
none,5,0.07505
none,5,0.08198
none,5,0.01538
none,5,-0.03242
none,5,0.14394
none,5,0.03684
none,5,0.18808
none,5,-0.16799
none,5,-0.13719
none,5,0.20952
none,5,0.19965
none,5,-0.00041
none,5,0.08778
none,5,-0.04512
none,5,-0.05541
none,5,0.0441
none,5,0.12505
none,5,0.14476
none,5,0.10203
none,5,-0.03324
none,5,0.07193
none,5,0.24566
none,5,-0.09077
none,5,-0.23537
none,5,-0.09975
none,5,0.17734
none,5,-0.24113
none,5,-0.05256
none,5,0.07934
none,5,-0.19002
none,5,0.07854
none,5,0.00157
none,5,-0.12466
none,5,-0.09005
none,5,0.01068
none,5,-0.11697
none,5,-0.02526
none,5,0.01552
none,5,-0.0079
none,5,-0.04112
none,5,-0.08396
none,5,-0.06424
none,5,-0.10865
none,5,0.1168
none,5,-0.09007
none,5,0.2182
none,5,-0.10865
none,5,-0.23457
none,5,-0.06843
none,5,-0.18972
none,5,-0.23369
none,5,-0.19482
none,5,0.12106
none,5,0.04387
none,5,0.0819
none,5,-0.05049
none,5,-0.09876
none,5,0.03676
none,5,0.13421
none,5,-0.17117
none,5,-0.24017
none,5,-0.29152
none,5,-0.23352
none,5,-0.04393
none,5,-0.08103
none,5,-0.23483
none,5,-0.07982
none,5,-0.12249
none,5,-0.07947
none,5,-0.04098
none,5,0.19338
none,5,0.12799
none,5,-0.13253
none,5,-0.20152
none,5,-0.25017
none,5,-0.03944
none,5,0.07331
none,5,-0.1198
none,5,-0.0575
none,5,0.16279
none,5,-0.06191
none,5,-0.19632
none,5,-0.08281
none,5,0.00555
none,5,0.10992
none,5,-0.18088
none,5,-0.05576
none,5,-0.1348
none,5,0.04416
none,5,0.15478
none,5,-0.19827
none,5,-0.13364
none,5,0.1747
none,5,0.10772
none,5,0.07422
none,5,0.12497
none,5,-0.06881
none,5,0.16531
none,5,0.06175
none,5,0.19986
none,5,-0.07546
none,5,-0.11084
none,5,0.01933
none,5,-0.08795
none,5,-0.11655
none,5,-0.23121
none,5,0.01962
none,5,0.20375
none,5,-0.25572
none,5,-0.1845
none,5,0.10607
none,5,0.17945
none,5,-0.21705
none,5,-0.14151
none,5,-0.28916
none,5,-0.09573
none,5,-0.01249
none,5,0.18166
none,5,0.05331
none,5,0.08197
none,5,0.03254
none,5,0.01992
none,5,-0.1465
none,5,-0.19999
none,5,0.1008
none,5,-0.08401
none,5,-0.17109
none,5,-0.19692
none,5,0.11559
none,5,0.1515
none,5,0.1043
none,5,-0.0519
none,5,-0.23627
none,5,0.10265
none,5,0.02293
none,5,-0.06259
none,5,0.0427
none,5,0.12622
none,5,0.07267
none,5,-0.07771
none,5,0.18486
none,5,0.15335
none,5,0.19093
none,5,-0.14861
none,5,-0.21417
none,5,-0.16897
none,5,0.04338
none,5,-0.04476
none,5,0.11407
none,5,0.03882
none,5,-0.19145
none,5,-0.03811
none,5,-0.04557
none,5,0.00973
none,5,-0.06995
none,5,-0.1474
none,5,-0.05484
none,5,0.01759
none,5,0.27745
none,5,-0.24476
none,5,-0.2338
none,5,-0.12135
none,7,-0.02452
none,7,-0.13449
none,7,0.21911
none,7,-0.28308
none,7,-0.11269
none,7,-0.24869
none,7,0.04297
none,7,0.24738
none,7,0.05922
none,7,-0.00503
none,7,0.11831
none,7,0.05923
none,7,-0.0474
none,7,0.04027
none,7,-0.27187
none,7,-0.01678
none,7,0.09218
none,7,0.21883
none,7,-0.22825
none,7,-0.22548
none,7,0.1173
none,7,0.11661
none,7,0.10257
none,7,0.12739
none,7,0.08656
none,7,0.20405
none,7,-0.1214
none,7,-0.08306
none,7,0.07357
none,7,0.12426
none,7,0.16775
none,7,-0.0317
none,7,-0.26605
none,7,0.05558
none,7,-0.30231
none,7,0.11784
none,7,0.17413
none,7,0.2308
none,7,0.12247
none,7,0.16137
none,7,0.16027
none,7,-0.30136
none,7,0.10443
none,7,0.15355
none,7,0.14773
none,7,-0.0241
none,7,0.15007
none,7,0.21825
none,7,-0.29524
none,7,0.05185
none,7,0.12098
none,7,0.17959
none,7,-0.16691
none,7,0.20664
none,7,-0.11411
none,7,0.12431
none,7,-0.08565
none,7,-0.14312
none,7,-0.02595
none,7,0.19146
none,7,-0.02904
none,7,0.10054
none,7,0.15241
none,7,0.12706
none,7,-0.21283
none,7,0.09013
none,7,0.05977
none,7,-0.24695
none,7,0.10582
none,7,0.14463
none,7,0.05984
none,7,0.18831
none,7,-0.03751
none,7,0.05411
none,7,-0.04942
none,7,-0.069
none,7,-0.30978
none,7,-0.04642
none,7,0.15336
none,7,-0.03821
none,7,-0.10991
none,7,0.04583
none,7,0.09874
none,7,-0.07563
none,7,-0.22845
none,7,-0.0918
none,7,-0.07888
none,7,-0.32419
none,7,0.13505
none,7,0.17515
none,7,-0.26733
none,7,-0.15839
none,7,0.14145
none,7,-0.13249
none,7,0.08258
none,7,0.08814
none,7,0.00164
none,7,-0.03669
none,7,0.15233
none,7,0.04039
none,7,0.21013
none,7,-0.1928
none,7,-0.15719
none,7,0.22145
none,7,0.21885
none,7,0.00203
none,7,0.09899
none,7,-0.04822
none,7,-0.05431
none,7,0.04888
none,7,0.13232
none,7,0.14959
none,7,0.11118
none,7,-0.0351
none,7,0.0754
none,7,0.25467
none,7,-0.11451
none,7,-0.2676
none,7,-0.12614
none,7,0.19444
none,7,-0.27259
none,7,-0.05076
none,7,0.09284
none,7,-0.21537
none,7,0.08446
none,7,-0.03691
none,7,-0.13958
none,7,-0.11932
none,7,0.00947
none,7,-0.12311
none,7,-0.02013
none,7,0.00324
none,7,-0.00949
none,7,-0.04811
none,7,-0.06718
none,7,-0.05096
none,7,-0.09635
none,7,0.09831
none,7,-0.05551
none,7,0.19347
none,7,-0.10874
none,7,-0.22521
none,7,-0.07666
none,7,-0.18157
none,7,-0.20808
none,7,-0.17403
none,7,0.11064
none,7,0.03376
none,7,0.05354
none,7,-0.01494
none,7,-0.10284
none,7,0.06278
none,7,0.11063
none,7,-0.16767
none,7,-0.23257
none,7,-0.29048
none,7,-0.20838
none,7,-0.00685
none,7,-0.07084
none,7,-0.22794
none,7,-0.06185
none,7,-0.10064
none,7,-0.08558
none,7,-0.01696
none,7,0.17858
none,7,0.10382
none,7,-0.11574
none,7,-0.19263
none,7,-0.23312
none,7,-0.04983
none,7,0.09788
none,7,-0.10801
none,7,-0.03501
none,7,0.15835
none,7,-0.05411
none,7,-0.1904
none,7,-0.06547
none,7,-0.01518
none,7,0.1318
none,7,-0.17842
none,7,-0.02995
none,7,-0.13564
none,7,0.04035
none,7,0.14239
none,7,-0.1922
none,7,-0.1389
none,7,0.17415
none,7,0.08892
none,7,0.06177
none,7,0.10144
none,7,-0.05581
none,7,0.13932
none,7,0.04261
none,7,0.18345
none,7,-0.0597
none,7,-0.09865
none,7,0.04168
none,7,-0.07472
none,7,-0.09858
none,7,-0.22704
none,7,0.02112
none,7,0.1827
none,7,-0.2517
none,7,-0.19161
none,7,0.08969
none,7,0.1765
none,7,-0.20422
none,7,-0.14863
none,7,-0.28543
none,7,-0.07652
none,7,-0.00793
none,7,0.19671
none,7,0.03813
none,7,0.0706
none,7,0.04635
none,7,0.00852
none,7,-0.11855
none,7,-0.19746
none,7,0.07933
none,7,-0.09398
none,7,-0.15316
none,7,-0.21631
none,7,0.10605
none,7,0.12637
none,7,0.08444
none,7,-0.04711
none,7,-0.22213
none,7,0.08736
none,7,0.05164
none,7,-0.05965
none,7,0.03495
none,7,0.10218
none,7,0.08022
none,7,-0.08128
none,7,0.1533
none,7,0.14449
none,7,0.181
none,7,-0.12702
none,7,-0.19291
none,7,-0.16371
none,7,0.02601
none,7,-0.0388
none,7,0.08676
none,7,0.02522
none,7,-0.18037
none,7,-0.01736
none,7,-0.02431
none,7,0.01502
none,7,-0.03223
none,7,-0.1515
none,7,-0.01545
none,7,0.01334
none,7,0.26245
none,7,-0.23979
none,7,-0.24812
none,7,-0.10418
none,10,-0.02583
none,10,-0.16574
none,10,0.25639
none,10,-0.32315
none,10,-0.15165
none,10,-0.28175
none,10,0.04518
none,10,0.27371
none,10,0.05689
none,10,0.00399
none,10,0.16492
none,10,0.06859
none,10,-0.05126
none,10,0.0245
none,10,-0.30538
none,10,-0.03322
none,10,0.09875
none,10,0.23575
none,10,-0.25636
none,10,-0.26414
none,10,0.13759
none,10,0.15433
none,10,0.10562
none,10,0.15277
none,10,0.09928
none,10,0.20548
none,10,-0.13952
none,10,-0.11377
none,10,0.08172
none,10,0.17149
none,10,0.17493
none,10,-0.05865
none,10,-0.29969
none,10,0.05835
none,10,-0.33657
none,10,0.15639
none,10,0.19266
none,10,0.2461
none,10,0.12537
none,10,0.17351
none,10,0.16652
none,10,-0.33592
none,10,0.1326
none,10,0.17127
none,10,0.18069
none,10,-0.00948
none,10,0.16
none,10,0.21986
none,10,-0.32316
none,10,0.06291
none,10,0.13804
none,10,0.1818
none,10,-0.19786
none,10,0.20928
none,10,-0.15633
none,10,0.14427
none,10,-0.11355
none,10,-0.17033
none,10,-0.01769
none,10,0.2162
none,10,-0.03875
none,10,0.10785
none,10,0.19643
none,10,0.14597
none,10,-0.24206
none,10,0.10182
none,10,0.05592
none,10,-0.27871
none,10,0.1428
none,10,0.15255
none,10,0.06277
none,10,0.19499
none,10,-0.03994
none,10,0.06765
none,10,-0.07573
none,10,-0.07276
none,10,-0.33556
none,10,-0.04727
none,10,0.15745
none,10,-0.03275
none,10,-0.13643
none,10,0.04576
none,10,0.12668
none,10,-0.0562
none,10,-0.26407
none,10,-0.10032
none,10,-0.09849
none,10,-0.36146
none,10,0.14645
none,10,0.18213
none,10,-0.28915
none,10,-0.1785
none,10,0.14162
none,10,-0.15341
none,10,0.10097
none,10,0.1009
none,10,-0.01541
none,10,-0.0399
none,10,0.15931
none,10,0.04709
none,10,0.26113
none,10,-0.22988
none,10,-0.19179
none,10,0.24381
none,10,0.25427
none,10,0.00129
none,10,0.12017
none,10,-0.03519
none,10,-0.03838
none,10,0.04583
none,10,0.1377
none,10,0.15702
none,10,0.12831
none,10,-0.03649
none,10,0.08316
none,10,0.2739
none,10,-0.14107
none,10,-0.30051
none,10,-0.15377
none,10,0.22583
none,10,-0.29966
none,10,-0.03452
none,10,0.13349
none,10,-0.25663
none,10,0.0956
none,10,-0.07269
none,10,-0.14519
none,10,-0.15405
none,10,0.00855
none,10,-0.0886
none,10,0.00551
none,10,0.01065
none,10,0.00618
none,10,-0.038
none,10,-0.0606
none,10,-0.01815
none,10,-0.10214
none,10,0.08548
none,10,-0.0114
none,10,0.17599
none,10,-0.1433
none,10,-0.22468
none,10,-0.06546
none,10,-0.19674
none,10,-0.19149
none,10,-0.13618
none,10,0.10644
none,10,0.03936
none,10,0.05655
none,10,0.00778
none,10,-0.107
none,10,0.1222
none,10,0.09852
none,10,-0.16514
none,10,-0.21985
none,10,-0.29956
none,10,-0.18974
none,10,0.00713
none,10,-0.0596
none,10,-0.23378
none,10,-0.02863
none,10,-0.09057
none,10,-0.07233
none,10,-0.00068
none,10,0.18018
none,10,0.09359
none,10,-0.11162
none,10,-0.17674
none,10,-0.22364
none,10,-0.042
none,10,0.14359
none,10,-0.08579
none,10,0.00809
none,10,0.18041
none,10,-0.03612
none,10,-0.18892
none,10,-0.04956
none,10,-0.01458
none,10,0.16567
none,10,-0.18147
none,10,-0.02429
none,10,-0.13579
none,10,0.06535
none,10,0.14639
none,10,-0.19094
none,10,-0.13607
none,10,0.20012
none,10,0.08484
none,10,0.05983
none,10,0.08869
none,10,-0.03188
none,10,0.1287
none,10,0.03846
none,10,0.1794
none,10,-0.05724
none,10,-0.06841
none,10,0.0424
none,10,-0.05347
none,10,-0.09204
none,10,-0.22035
none,10,0.02252
none,10,0.16945
none,10,-0.26215
none,10,-0.22425
none,10,0.08038
none,10,0.18221
none,10,-0.19981
none,10,-0.18668
none,10,-0.29373
none,10,-0.0697
none,10,-0.00153
none,10,0.21736
none,10,0.04139
none,10,0.07058
none,10,0.06031
none,10,0.01575
none,10,-0.08856
none,10,-0.19161
none,10,0.06869
none,10,-0.09862
none,10,-0.15379
none,10,-0.22984
none,10,0.1174
none,10,0.11644
none,10,0.08139
none,10,-0.04351
none,10,-0.21574
none,10,0.08296
none,10,0.1138
none,10,-0.0327
none,10,0.04327
none,10,0.09737
none,10,0.11888
none,10,-0.08135
none,10,0.1378
none,10,0.16037
none,10,0.19807
none,10,-0.11317
none,10,-0.18319
none,10,-0.15641
none,10,0.03276
none,10,-0.03432
none,10,0.07312
none,10,0.03937
none,10,-0.15883
none,10,-0.01762
none,10,-0.02169
none,10,0.04202
none,10,-0.03748
none,10,-0.17943
none,10,0.00839
none,10,0.0294
none,10,0.25485
none,10,-0.24494
none,10,-0.28419
none,10,-0.05964
none,15,-0.02658
none,15,-0.27906
none,15,0.3084
none,15,-0.3637
none,15,-0.19498
none,15,-0.32389
none,15,0.03769
none,15,0.31524
none,15,0.05623
none,15,0.0176
none,15,0.23718
none,15,0.08732
none,15,-0.06964
none,15,-0.00877
none,15,-0.34919
none,15,-0.03603
none,15,0.09328
none,15,0.28274
none,15,-0.27974
none,15,-0.30504
none,15,0.17251
none,15,0.23999
none,15,0.11036
none,15,0.17346
none,15,0.12207
none,15,0.20838
none,15,-0.22229
none,15,-0.13297
none,15,0.08219
none,15,0.26442
none,15,0.18752
none,15,-0.0707
none,15,-0.33628
none,15,0.0572
none,15,-0.37997
none,15,0.24634
none,15,0.21832
none,15,0.27898
none,15,0.13613
none,15,0.19244
none,15,0.17214
none,15,-0.3794
none,15,0.18029
none,15,0.19125
none,15,0.22077
none,15,-0.04105
none,15,0.23793
none,15,0.2145
none,15,-0.35827
none,15,0.08635
none,15,0.17893
none,15,0.18164
none,15,-0.23852
none,15,0.20414
none,15,-0.19005
none,15,0.17686
none,15,-0.16824
none,15,-0.18752
none,15,-0.04336
none,15,0.25088
none,15,-0.04576
none,15,0.12773
none,15,0.26271
none,15,0.17307
none,15,-0.28338
none,15,0.12541
none,15,0.04171
none,15,-0.31794
none,15,0.22859
none,15,0.21208
none,15,0.06037
none,15,0.2088
none,15,-0.04135
none,15,0.08719
none,15,-0.09442
none,15,-0.07537
none,15,-0.36068
none,15,-0.04488
none,15,0.15323
none,15,-0.034
none,15,-0.15356
none,15,0.0393
none,15,0.21648
none,15,-0.05925
none,15,-0.302
none,15,-0.10543
none,15,-0.11442
none,15,-0.40306
none,15,0.18459
none,15,0.19383
none,15,-0.32508
none,15,-0.18143
none,15,0.14273
none,15,-0.20348
none,15,0.12771
none,15,0.12009
none,15,-0.02425
none,15,-0.04174
none,15,0.1604
none,15,0.0629
none,15,0.33126
none,15,-0.27123
none,15,-0.23536
none,15,0.28072
none,15,0.30709
none,15,-5e-05
none,15,0.14736
none,15,-0.02672
none,15,-0.03125
none,15,0.03181
none,15,0.13728
none,15,0.17389
none,15,0.15716
none,15,-0.03729
none,15,0.10455
none,15,0.31514
none,15,-0.21128
none,15,-0.33898
none,15,-0.19044
none,15,0.27511
none,15,-0.33564
none,15,-0.03026
none,15,0.2123
none,15,-0.29878
none,15,0.11511
none,15,-0.07027
none,15,-0.18441
none,15,-0.25071
none,15,0.00803
none,15,-0.03726
none,15,0.04919
none,15,0.01497
none,15,0.03471
none,15,-0.01565
none,15,-0.05381
none,15,0.0351
none,15,-0.0917
none,15,0.05334
none,15,0.00899
none,15,0.14482
none,15,-0.13404
none,15,-0.23325
none,15,-0.03218
none,15,-0.23753
none,15,-0.16722
none,15,-0.06958
none,15,0.10096
none,15,0.05999
none,15,0.05411
none,15,0.00933
none,15,-0.10096
none,15,0.19106
none,15,0.07673
none,15,-0.14704
none,15,-0.13143
none,15,-0.31129
none,15,-0.17223
none,15,0.00126
none,15,-0.04876
none,15,-0.26905
none,15,-0.02175
none,15,-0.07288
none,15,-0.04008
none,15,-0.00281
none,15,0.19125
none,15,0.07312
none,15,-0.06678
none,15,-0.13238
none,15,-0.19731
none,15,-0.01495
none,15,0.20811
none,15,-0.05572
none,15,0.10435
none,15,0.21471
none,15,-0.01152
none,15,-0.18422
none,15,-0.03192
none,15,-0.04762
none,15,0.21769
none,15,-0.17518
none,15,-0.00824
none,15,-0.13063
none,15,0.08983
none,15,0.15789
none,15,-0.11736
none,15,-0.16521
none,15,0.22927
none,15,0.07839
none,15,0.06662
none,15,0.06342
none,15,-0.01307
none,15,0.1301
none,15,0.05468
none,15,0.15309
none,15,-0.0425
none,15,-0.0422
none,15,0.04927
none,15,-0.01556
none,15,-0.08009
none,15,-0.1853
none,15,0.02335
none,15,0.14364
none,15,-0.27534
none,15,-0.24899
none,15,0.07277
none,15,0.16397
none,15,-0.19042
none,15,-0.2401
none,15,-0.24265
none,15,-0.05748
none,15,0.01044
none,15,0.19278
none,15,0.04695
none,15,0.09675
none,15,0.07659
none,15,0.02991
none,15,-0.03234
none,15,-0.16148
none,15,0.07507
none,15,-0.0502
none,15,-0.13483
none,15,-0.13919
none,15,0.13671
none,15,0.10838
none,15,0.10895
none,15,-0.04145
none,15,-0.20312
none,15,0.04894
none,15,0.16285
none,15,0.00171
none,15,0.0834
none,15,0.10402
none,15,0.14476
none,15,-0.08025
none,15,0.12283
none,15,0.19026
none,15,0.23355
none,15,-0.05649
none,15,-0.16992
none,15,-0.11949
none,15,0.02601
none,15,-0.03175
none,15,0.05232
none,15,0.05786
none,15,-0.07439
none,15,-0.01311
none,15,-0.01502
none,15,0.07004
none,15,-0.04031
none,15,-0.20998
none,15,-0.00346
none,15,0.05689
none,15,0.23493
none,15,-0.29673
none,15,-0.25515
none,15,-0.0048
none,20,-0.02676
none,20,-0.33472
none,20,0.32543
none,20,-0.39278
none,20,-0.22613
none,20,-0.35589
none,20,0.03218
none,20,0.32585
none,20,0.05825
none,20,0.02312
none,20,0.26431
none,20,0.09537
none,20,-0.09081
none,20,-0.00877
none,20,-0.38343
none,20,-0.03631
none,20,0.09511
none,20,0.31646
none,20,-0.30994
none,20,-0.33879
none,20,0.18924
none,20,0.27154
none,20,0.11487
none,20,0.16402
none,20,0.13241
none,20,0.20978
none,20,-0.25796
none,20,-0.11901
none,20,0.07827
none,20,0.29213
none,20,0.19735
none,20,-0.07511
none,20,-0.36849
none,20,0.06174
none,20,-0.41336
none,20,0.27384
none,20,0.23146
none,20,0.29428
none,20,0.15948
none,20,0.19966
none,20,0.17659
none,20,-0.40909
none,20,0.17363
none,20,0.20218
none,20,0.23192
none,20,-0.04964
none,20,0.26869
none,20,0.21119
none,20,-0.3898
none,20,0.10009
none,20,0.18315
none,20,0.18218
none,20,-0.27161
none,20,0.19927
none,20,-0.21844
none,20,0.18912
none,20,-0.20974
none,20,-0.21653
none,20,-0.03966
none,20,0.26551
none,20,-0.04782
none,20,0.14094
none,20,0.28913
none,20,0.17977
none,20,-0.32387
none,20,0.14276
none,20,0.03769
none,20,-0.3525
none,20,0.25505
none,20,0.23998
none,20,0.05838
none,20,0.21548
none,20,-0.04169
none,20,0.09402
none,20,-0.05188
none,20,-0.06524
none,20,-0.39423
none,20,-0.04373
none,20,0.1508
none,20,-0.02512
none,20,-0.1922
none,20,0.04041
none,20,0.24596
none,20,-0.06137
none,20,-0.33019
none,20,-0.07955
none,20,-0.14113
none,20,-0.43209
none,20,0.21448
none,20,0.1985
none,20,-0.362
none,20,-0.24181
none,20,0.14572
none,20,-0.21471
none,20,0.14586
none,20,0.12894
none,20,-0.02244
none,20,-0.04218
none,20,0.15889
none,20,0.07299
none,20,0.35282
none,20,-0.30306
none,20,-0.26827
none,20,0.2976
none,20,0.32873
none,20,-0.00066
none,20,0.15726
none,20,-0.04401
none,20,-0.06539
none,20,0.02585
none,20,0.13568
none,20,0.18028
none,20,0.17139
none,20,-0.03748
none,20,0.115
none,20,0.33482
none,20,-0.24872
none,20,-0.37244
none,20,-0.2271
none,20,0.29586
none,20,-0.37393
none,20,-0.02199
none,20,0.23372
none,20,-0.33198
none,20,0.12216
none,20,-0.04932
none,20,-0.18676
none,20,-0.29921
none,20,0.0079
none,20,-0.03694
none,20,0.09558
none,20,-0.02427
none,20,0.05795
none,20,-0.03964
none,20,-0.04718
none,20,0.07544
none,20,-0.07826
none,20,0.04209
none,20,0.00847
none,20,0.14338
none,20,-0.09738
none,20,-0.24457
none,20,-0.04954
none,20,-0.28236
none,20,-0.1521
none,20,-0.05484
none,20,0.13945
none,20,0.09992
none,20,0.07052
none,20,0.00533
none,20,-0.0912
none,20,0.17741
none,20,0.0909
none,20,-0.13302
none,20,-0.13625
none,20,-0.35009
none,20,-0.16152
none,20,-0.00291
none,20,-0.04369
none,20,-0.31627
none,20,-0.04924
none,20,-0.06275
none,20,-0.06176
none,20,-0.00857
none,20,0.21259
none,20,0.09634
none,20,-0.04782
none,20,-0.10447
none,20,-0.17798
none,20,-0.06217
none,20,0.24899
none,20,-0.04564
none,20,0.16962
none,20,0.25589
none,20,-0.01739
none,20,-0.18243
none,20,-0.05168
none,20,-0.06629
none,20,0.26158
none,20,-0.16237
none,20,-0.0401
none,20,-0.1236
none,20,0.11052
none,20,0.1905
none,20,-0.04621
none,20,-0.20111
none,20,0.27331
none,20,0.09608
none,20,0.07031
none,20,0.0673
none,20,-0.01132
none,20,0.1534
none,20,0.10648
none,20,0.1507
none,20,-0.02627
none,20,-0.06261
none,20,0.07737
none,20,-0.01056
none,20,-0.06818
none,20,-0.16333
none,20,0.02355
none,20,0.14583
none,20,-0.35449
none,20,-0.29968
none,20,0.10853
none,20,0.18001
none,20,-0.186
none,20,-0.31072
none,20,-0.16434
none,20,-0.04649
none,20,0.00931
none,20,0.16584
none,20,0.0403
none,20,0.139
none,20,0.10218
none,20,0.00875
none,20,-0.0173
none,20,-0.14021
none,20,0.11835
none,20,-0.02769
none,20,-0.116
none,20,-0.12057
none,20,0.15452
none,20,0.12602
none,20,0.14729
none,20,-0.04095
none,20,-0.19458
none,20,0.05173
none,20,0.20496
none,20,0.02552
none,20,0.11327
none,20,0.12939
none,20,0.17063
none,20,-0.07967
none,20,0.14126
none,20,0.22559
none,20,0.26284
none,20,-0.03484
none,20,-0.15981
none,20,-0.09188
none,20,0.03965
none,20,-0.03113
none,20,0.0682
none,20,0.08036
none,20,-0.08394
none,20,-0.03987
none,20,-0.02172
none,20,0.10639
none,20,-0.03553
none,20,-0.26056
none,20,-0.00998
none,20,0.09642
none,20,0.23504
none,20,-0.36193
none,20,-0.24209
none,20,-0.00394
none,30,-0.02681
none,30,-0.37068
none,30,0.33192
none,30,-0.42087
none,30,-0.24764
none,30,-0.38362
none,30,0.02526
none,30,0.3266
none,30,0.05658
none,30,0.02309
none,30,0.27968
none,30,0.09994
none,30,-0.12314
none,30,-0.00397
none,30,-0.41129
none,30,-0.01583
none,30,0.08847
none,30,0.32525
none,30,-0.33156
none,30,-0.36012
none,30,0.19599
none,30,0.28488
none,30,0.11188
none,30,0.16632
none,30,0.13381
none,30,0.20576
none,30,-0.29762
none,30,-0.09824
none,30,0.07278
none,30,0.30616
none,30,0.19767
none,30,-0.06631
none,30,-0.39696
none,30,0.05838
none,30,-0.44099
none,30,0.28438
none,30,0.24092
none,30,0.30299
none,30,0.17283
none,30,0.20585
none,30,0.17411
none,30,-0.4359
none,30,0.15546
none,30,0.20066
none,30,0.24045
none,30,-0.05796
none,30,0.27681
none,30,0.20357
none,30,-0.41651
none,30,0.10777
none,30,0.15211
none,30,0.17698
none,30,-0.30075
none,30,0.19364
none,30,-0.2398
none,30,0.19473
none,30,-0.2424
none,30,-0.25562
none,30,-0.05561
none,30,0.27461
none,30,-0.04843
none,30,0.14986
none,30,0.30703
none,30,0.1839
none,30,-0.3461
none,30,0.14979
none,30,0.02955
none,30,-0.38138
none,30,0.26223
none,30,0.25374
none,30,0.05098
none,30,0.21317
none,30,-0.04179
none,30,0.10669
none,30,-0.02288
none,30,-0.03847
none,30,-0.41633
none,30,-0.05084
none,30,0.14497
none,30,-0.01372
none,30,-0.16046
none,30,0.03342
none,30,0.25788
none,30,-0.07638
none,30,-0.35557
none,30,-0.10663
none,30,-0.16258
none,30,-0.45899
none,30,0.22737
none,30,0.19588
none,30,-0.3843
none,30,-0.28362
none,30,0.14339
none,30,-0.19267
none,30,0.15964
none,30,0.13957
none,30,-0.04747
none,30,-0.04231
none,30,0.15529
none,30,0.0776
none,30,0.36079
none,30,-0.32538
none,30,-0.28986
none,30,0.30693
none,30,0.33909
none,30,-0.00085
none,30,0.16724
none,30,-0.06041
none,30,-0.08299
none,30,0.01793
none,30,0.13135
none,30,0.18449
none,30,0.17998
none,30,-0.03754
none,30,0.12317
none,30,0.34411
none,30,-0.29184
none,30,-0.40017
none,30,-0.25429
none,30,0.30449
none,30,-0.40321
none,30,-0.00808
none,30,0.24815
none,30,-0.35314
none,30,0.12628
none,30,-0.03872
none,30,-0.19321
none,30,-0.33521
none,30,0.00787
none,30,-0.04571
none,30,0.11242
none,30,-0.04308
none,30,0.08144
none,30,-0.05601
none,30,-0.05115
none,30,0.10423
none,30,-0.06734
none,30,0.03853
none,30,0.02358
none,30,0.13675
none,30,-0.08011
none,30,-0.26787
none,30,-0.07214
none,30,-0.37116
none,30,-0.14877
none,30,-0.02936
none,30,0.15052
none,30,0.10463
none,30,0.06991
none,30,0.01999
none,30,-0.07579
none,30,0.21833
none,30,0.11698
none,30,-0.11201
none,30,-0.15168
none,30,-0.40135
none,30,-0.16008
none,30,0.01283
none,30,-0.04663
none,30,-0.38998
none,30,-0.06727
none,30,-0.05821
none,30,-0.08107
none,30,0.01011
none,30,0.23164
none,30,0.10179
none,30,-0.02931
none,30,-0.08498
none,30,-0.15792
none,30,-0.0925
none,30,0.2907
none,30,-0.04482
none,30,0.18706
none,30,0.30991
none,30,0.00424
none,30,-0.1706
none,30,-0.07508
none,30,-0.08083
none,30,0.3158
none,30,-0.14422
none,30,-0.05828
none,30,-0.10498
none,30,0.11728
none,30,0.2096
none,30,-0.04257
none,30,-0.28997
none,30,0.3211
none,30,0.10138
none,30,0.07147
none,30,0.0637
none,30,-0.00358
none,30,0.1749
none,30,0.11181
none,30,0.16263
none,30,0.00184
none,30,-0.07942
none,30,0.14568
none,30,0.00518
none,30,-0.06101
none,30,-0.14275
none,30,0.02361
none,30,0.13591
none,30,-0.43919
none,30,-0.3723
none,30,0.13682
none,30,0.22374
none,30,-0.17478
none,30,-0.39107
none,30,-0.15491
none,30,-0.0448
none,30,0.03057
none,30,0.20737
none,30,0.02691
none,30,0.19871
none,30,0.11122
none,30,-0.00694
none,30,0.00197
none,30,-0.11889
none,30,0.13768
none,30,-0.03445
none,30,-0.09441
none,30,-0.13385
none,30,0.16025
none,30,0.14068
none,30,0.19295
none,30,-0.0408
none,30,-0.17886
none,30,0.05477
none,30,0.21842
none,30,0.03744
none,30,0.11469
none,30,0.13485
none,30,0.17999
none,30,-0.07949
none,30,0.15371
none,30,0.27874
none,30,0.31496
none,30,-0.02281
none,30,-0.14498
none,30,-0.07137
none,30,0.04077
none,30,-0.03096
none,30,0.08347
none,30,0.08445
none,30,-0.09729
none,30,-0.06509
none,30,-0.0543
none,30,0.11579
none,30,-0.04738
none,30,-0.33604
none,30,0.00322
none,30,0.10003
none,30,0.22926
none,30,-0.43844
none,30,-0.24402
none,30,-0.00925
none,50,-0.02682
none,50,-0.4027
none,50,0.33179
none,50,-0.44485
none,50,-0.26123
none,50,-0.40692
none,50,0.01358
none,50,0.32171
none,50,0.05996
none,50,0.01695
none,50,0.2845
none,50,0.10365
none,50,-0.1459
none,50,0.00307
none,50,-0.43526
none,50,0.00924
none,50,0.07408
none,50,0.3306
none,50,-0.3462
none,50,-0.37408
none,50,0.19818
none,50,0.28829
none,50,0.10958
none,50,0.19114
none,50,0.13666
none,50,0.20714
none,50,-0.36799
none,50,-0.08832
none,50,0.05888
none,50,0.31073
none,50,0.18784
none,50,0.00415
none,50,-0.42097
none,50,0.04746
none,50,-0.46425
none,50,0.28935
none,50,0.24317
none,50,0.30606
none,50,0.17749
none,50,0.20876
none,50,0.16838
none,50,-0.45999
none,50,0.14413
none,50,0.19015
none,50,0.23288
none,50,-0.09161
none,50,0.28081
none,50,0.19338
none,50,-0.44023
none,50,0.11079
none,50,0.13721
none,50,0.16934
none,50,-0.32425
none,50,0.1937
none,50,-0.25501
none,50,0.19229
none,50,-0.27238
none,50,-0.32871
none,50,-0.08929
none,50,0.27835
none,50,-0.04847
none,50,0.15299
none,50,0.30969
none,50,0.1856
none,50,-0.35963
none,50,0.1513
none,50,0.01508
none,50,-0.40493
none,50,0.27144
none,50,0.25736
none,50,0.03818
none,50,0.20908
none,50,-0.04179
none,50,0.1132
none,50,0.00988
none,50,-0.02959
none,50,-0.43012
none,50,-0.06669
none,50,0.1354
none,50,0.01675
none,50,-0.1744
none,50,0.02303
none,50,0.2638
none,50,-0.10345
none,50,-0.37907
none,50,-0.13951
none,50,-0.17827
none,50,-0.48241
none,50,0.23208
none,50,0.19289
none,50,-0.39819
none,50,-0.32435
none,50,0.1433
none,50,-0.19998
none,50,0.15941
none,50,0.14107
none,50,-0.07354
none,50,-0.04232
none,50,0.14871
none,50,0.07857
none,50,0.36216
none,50,-0.33914
none,50,-0.30414
none,50,0.31043
none,50,0.34255
none,50,-0.00086
none,50,0.16828
none,50,-0.09184
none,50,-0.11701
none,50,0.00033
none,50,0.12451
none,50,0.19125
none,50,0.18362
none,50,-0.03754
none,50,0.12514
none,50,0.34706
none,50,-0.3365
none,50,-0.42372
none,50,-0.27783
none,50,0.30656
none,50,-0.42682
none,50,-0.00761
none,50,0.25238
none,50,-0.36709
none,50,0.12739
none,50,-0.00238
none,50,-0.20665
none,50,-0.36591
none,50,0.00787
none,50,-0.03706
none,50,0.11121
none,50,-0.0526
none,50,0.09657
none,50,-0.0659
none,50,-0.0855
none,50,0.09688
none,50,-0.04946
none,50,0.04394
none,50,0.04717
none,50,0.12543
none,50,-0.06527
none,50,-0.28066
none,50,-0.08256
none,50,-0.44411
none,50,-0.14961
none,50,-0.01054
none,50,0.17135
none,50,0.12692
none,50,0.05703
none,50,0.04499
none,50,-0.06517
none,50,0.28763
none,50,0.13128
none,50,-0.09554
none,50,-0.12466
none,50,-0.44931
none,50,-0.16245
none,50,0.03619
none,50,-0.04871
none,50,-0.47592
none,50,-0.07814
none,50,-0.05383
none,50,-0.09137
none,50,0.03156
none,50,0.24941
none,50,0.09371
none,50,-0.01241
none,50,-0.05839
none,50,-0.13727
none,50,-0.1031
none,50,0.30595
none,50,-0.04194
none,50,0.21731
none,50,0.35624
none,50,0.02608
none,50,-0.15248
none,50,-0.08583
none,50,-0.08669
none,50,0.35813
none,50,-0.1242
none,50,-0.06854
none,50,-0.08847
none,50,0.14234
none,50,0.2343
none,50,-0.03466
none,50,-0.4112
none,50,0.36666
none,50,0.09865
none,50,0.07154
none,50,0.0669
none,50,0.02104
none,50,0.19146
none,50,0.13058
none,50,0.17895
none,50,0.03447
none,50,-0.08985
none,50,0.1734
none,50,0.02886
none,50,-0.05649
none,50,-0.122
none,50,0.02361
none,50,0.13713
none,50,-0.51166
none,50,-0.43645
none,50,0.15321
none,50,0.26694
none,50,-0.15987
none,50,-0.45903
none,50,-0.14522
none,50,-0.04937
none,50,0.05059
none,50,0.25261
none,50,0.01816
none,50,0.24104
none,50,0.13449
none,50,-0.01626
none,50,0.02385
none,50,-0.09779
none,50,0.1569
none,50,-0.02696
none,50,-0.07246
none,50,-0.12675
none,50,0.1778
none,50,0.15967
none,50,0.23696
none,50,-0.0408
none,50,-0.15866
none,50,0.0507
none,50,0.21052
none,50,0.06141
none,50,0.13814
none,50,0.12521
none,50,0.16897
none,50,-0.07948
none,50,0.1746
none,50,0.32636
none,50,0.36056
none,50,0.00865
none,50,-0.12887
none,50,-0.05766
none,50,0.03894
none,50,-0.03095
none,50,0.09958
none,50,0.07016
none,50,-0.08155
none,50,-0.07527
none,50,-0.06535
none,50,0.10694
none,50,-0.05753
none,50,-0.39885
none,50,0.02723
none,50,0.12083
none,50,0.22001
none,50,-0.50624
none,50,-0.24548
none,50,0.00052
none,70,-0.02682
none,70,-0.424
none,70,0.3299
none,70,-0.45932
none,70,-0.26532
none,70,-0.42109
none,70,0.0093
none,70,0.31571
none,70,0.06826
none,70,0.011
none,70,0.28569
none,70,0.10481
none,70,-0.16068
none,70,-0.00389
none,70,-0.45018
none,70,0.03945
none,70,0.06298
none,70,0.33294
none,70,-0.35086
none,70,-0.37814
none,70,0.19737
none,70,0.29099
none,70,0.11429
none,70,0.19859
none,70,0.13633
none,70,0.20976
none,70,-0.36758
none,70,-0.06496
none,70,0.05177
none,70,0.31295
none,70,0.17822
none,70,0.01049
none,70,-0.43609
none,70,0.0412
none,70,-0.47844
none,70,0.29143
none,70,0.24349
none,70,0.30588
none,70,0.18001
none,70,0.21071
none,70,0.16665
none,70,-0.47493
none,70,0.1533
none,70,0.18086
none,70,0.2293
none,70,-0.11578
none,70,0.28103
none,70,0.18888
none,70,-0.45515
none,70,0.11035
none,70,0.10758
none,70,0.16813
none,70,-0.33858
none,70,0.19464
none,70,-0.25945
none,70,0.19032
none,70,-0.29622
none,70,-0.37012
none,70,-0.10578
none,70,0.27803
none,70,-0.04847
none,70,0.15284
none,70,0.31116
none,70,0.18505
none,70,-0.36373
none,70,0.15033
none,70,0.00326
none,70,-0.41933
none,70,0.28341
none,70,0.25882
none,70,0.03221
none,70,0.20941
none,70,-0.04179
none,70,0.11212
none,70,0.01576
none,70,-0.03634
none,70,-0.43455
none,70,-0.07611
none,70,0.13093
none,70,0.01937
none,70,-0.18978
none,70,0.01789
none,70,0.26529
none,70,-0.13687
none,70,-0.39347
none,70,-0.18165
none,70,-0.18291
none,70,-0.49652
none,70,0.23458
none,70,0.19713
none,70,-0.40237
none,70,-0.35268
none,70,0.14679
none,70,-0.21254
none,70,0.15842
none,70,0.14095
none,70,-0.09421
none,70,-0.04232
none,70,0.14741
none,70,0.07695
none,70,0.36205
none,70,-0.34307
none,70,-0.30841
none,70,0.31164
none,70,0.343
none,70,-0.00086
none,70,0.16798
none,70,-0.1114
none,70,-0.14361
none,70,-0.01684
none,70,0.12186
none,70,0.19325
none,70,0.1842
none,70,-0.03754
none,70,0.12509
none,70,0.34721
none,70,-0.35262
none,70,-0.43802
none,70,-0.29257
none,70,0.30672
none,70,-0.44102
none,70,0.0281
none,70,0.25447
none,70,-0.37108
none,70,0.12688
none,70,0.00209
none,70,-0.22173
none,70,-0.38418
none,70,0.00787
none,70,-0.0378
none,70,0.10234
none,70,-0.0532
none,70,0.1053
none,70,-0.06647
none,70,-0.12041
none,70,0.10078
none,70,-0.04399
none,70,0.04898
none,70,0.07041
none,70,0.11844
none,70,-0.04767
none,70,-0.26581
none,70,-0.08305
none,70,-0.48719
none,70,-0.14803
none,70,0.01036
none,70,0.1811
none,70,0.13577
none,70,0.05372
none,70,0.06486
none,70,-0.06279
none,70,0.3507
none,70,0.13691
none,70,-0.07574
none,70,-0.12044
none,70,-0.49752
none,70,-0.1524
none,70,0.05777
none,70,-0.04083
none,70,-0.50426
none,70,-0.0789
none,70,-0.06318
none,70,-0.09191
none,70,0.05324
none,70,0.254
none,70,0.09655
none,70,0.00407
none,70,-0.04101
none,70,-0.12103
none,70,-0.10378
none,70,0.56622
none,70,-0.04029
none,70,0.22458
none,70,0.37437
none,70,0.05332
none,70,-0.13843
none,70,-0.08647
none,70,-0.07918
none,70,0.43132
none,70,-0.10676
none,70,-0.06913
none,70,-0.07041
none,70,0.15212
none,70,0.24081
none,70,-0.03547
none,70,-0.49263
none,70,0.38216
none,70,0.10252
none,70,0.07154
none,70,0.06923
none,70,0.04366
none,70,0.19792
none,70,0.14033
none,70,0.18671
none,70,0.05179
none,70,-0.09036
none,70,0.11333
none,70,0.0499
none,70,-0.05883
none,70,-0.1011
none,70,0.02361
none,70,0.14193
none,70,-0.5414
none,70,-0.46657
none,70,0.16424
none,70,0.28293
none,70,-0.14544
none,70,-0.48059
none,70,-0.13381
none,70,-0.04244
none,70,0.07436
none,70,0.27369
none,70,0.01761
none,70,0.25733
none,70,0.14386
none,70,-0.01687
none,70,0.04179
none,70,-0.08124
none,70,0.16542
none,70,-0.02798
none,70,-0.05345
none,70,-0.10753
none,70,0.18535
none,70,0.16681
none,70,0.25121
none,70,-0.0408
none,70,-0.14604
none,70,0.05173
none,70,0.19751
none,70,0.06994
none,70,0.14666
none,70,0.11326
none,70,0.15552
none,70,-0.07948
none,70,0.18014
none,70,0.34387
none,70,0.3749
none,70,0.03077
none,70,-0.11302
none,70,-0.04122
none,70,0.04162
none,70,-0.03095
none,70,0.10221
none,70,0.05777
none,70,-0.08158
none,70,-0.07571
none,70,-0.06586
none,70,0.09652
none,70,-0.05816
none,70,-0.45714
none,70,0.04813
none,70,0.12947
none,70,0.21488
none,70,-0.53203
none,70,-0.23726
none,70,-0.00035
none,100,-0.02682
none,100,-0.44415
none,100,0.32609
none,100,-0.47716
none,100,-0.27099
none,100,-0.43811
none,100,-0.01705
none,100,0.30547
none,100,0.08589
none,100,0.00185
none,100,0.29024
none,100,0.10353
none,100,-0.17668
none,100,0.00024
none,100,-0.46815
none,100,0.03542
none,100,0.06442
none,100,0.33723
none,100,-0.3576
none,100,-0.38383
none,100,0.19474
none,100,0.29568
none,100,0.12447
none,100,0.29677
none,100,0.13506
none,100,0.21134
none,100,-0.38807
none,100,-0.05379
none,100,0.04522
none,100,0.31715
none,100,0.16337
none,100,0.02342
none,100,-0.45546
none,100,0.0399
none,100,-0.49539
none,100,0.29526
none,100,0.24111
none,100,0.30347
none,100,0.18229
none,100,0.21301
none,100,0.16074
none,100,-0.49387
none,100,0.18726
none,100,0.16578
none,100,0.22323
none,100,-0.15695
none,100,0.28535
none,100,0.18185
none,100,-0.47384
none,100,0.10941
none,100,0.14252
none,100,0.16524
none,100,-0.35625
none,100,0.19545
none,100,-0.26562
none,100,0.1852
none,100,-0.31827
none,100,-0.41139
none,100,-0.14657
none,100,0.27619
none,100,-0.04847
none,100,0.15029
none,100,0.3145
none,100,0.18209
none,100,-0.36946
none,100,0.14812
none,100,-0.00592
none,100,-0.43668
none,100,0.28402
none,100,0.26218
none,100,0.03733
none,100,0.20894
none,100,-0.04179
none,100,0.10891
none,100,0.02918
none,100,-0.04233
none,100,-0.4407
none,100,-0.10073
none,100,0.12823
none,100,0.05484
none,100,-0.20671
none,100,0.01801
none,100,0.2695
none,100,-0.18276
none,100,-0.41126
none,100,-0.20357
none,100,-0.18946
none,100,-0.51392
none,100,0.23736
none,100,0.19915
none,100,-0.40831
none,100,-0.37779
none,100,0.14971
none,100,-0.23663
none,100,0.15517
none,100,0.13855
none,100,-0.14113
none,100,-0.04232
none,100,0.14205
none,100,0.07205
none,100,0.36062
none,100,-0.34848
none,100,-0.31436
none,100,0.31205
none,100,0.34178
none,100,-0.00086
none,100,0.16594
none,100,-0.15132
none,100,-0.18449
none,100,-0.04165
none,100,0.12066
none,100,0.19405
none,100,0.18284
none,100,-0.03754
none,100,0.12307
none,100,0.34494
none,100,-0.36988
none,100,-0.45515
none,100,-0.31044
none,100,0.30564
none,100,-0.45835
none,100,0.04833
none,100,0.25831
none,100,-0.37677
none,100,0.12525
none,100,0.02367
none,100,-0.22009
none,100,-0.40307
none,100,0.00787
none,100,-0.02414
none,100,0.05388
none,100,-0.06187
none,100,0.10694
none,100,-0.07488
none,100,-0.12018
none,100,0.10132
none,100,-0.08358
none,100,0.06979
none,100,0.11899
none,100,0.08349
none,100,-0.02305
none,100,-0.35553
none,100,-0.09202
none,100,-0.59473
none,100,-0.15605
none,100,0.05237
none,100,0.18352
none,100,0.1387
none,100,0.04296
none,100,0.11304
none,100,-0.10716
none,100,0.58253
none,100,0.10863
none,100,-0.07035
none,100,-0.10723
none,100,-0.53015
none,100,-0.17632
none,100,0.11111
none,100,-0.10197
none,100,-0.60747
none,100,-0.08904
none,100,-0.07623
none,100,-0.10047
none,100,0.10607
none,100,0.23186
none,100,0.08785
none,100,0.03041
none,100,-0.02593
none,100,-0.10416
none,100,-0.11338
none,100,1.15468
none,100,-0.0905
none,100,0.20356
none,100,0.36596
none,100,0.1055
none,100,-0.13552
none,100,-0.09612
none,100,-0.12199
none,100,0.69245
none,100,-0.10164
none,100,-0.07818
none,100,-0.0619
none,100,0.15377
none,100,0.2185
none,100,-0.01415
none,100,-0.57308
none,100,0.37572
none,100,0.09401
none,100,0.07154
none,100,0.06074
none,100,0.09128
none,100,0.18022
none,100,0.14191
none,100,0.15779
none,100,0.07827
none,100,-0.09925
none,100,0.13666
none,100,0.09469
none,100,-0.06213
none,100,-0.07609
none,100,0.02361
none,100,0.11527
none,100,-0.65474
none,100,-0.51447
none,100,0.16418
none,100,0.27991
none,100,-0.13738
none,100,-0.57047
none,100,-0.02197
none,100,-0.08106
none,100,0.11746
none,100,0.26245
none,100,0.00989
none,100,0.27456
none,100,0.14746
none,100,-0.02507
none,100,0.08239
none,100,-0.07008
none,100,0.16691
none,100,-0.00398
none,100,-0.05162
none,100,0.01471
none,100,0.16575
none,100,0.14738
none,100,0.24325
none,100,-0.0408
none,100,-0.13053
none,100,0.04897
none,100,0.16398
none,100,0.07059
none,100,0.14898
none,100,0.07486
none,100,0.11715
none,100,-0.07948
none,100,0.15169
none,100,0.33441
none,100,0.36444
none,100,0.06572
none,100,-0.10186
none,100,-0.05169
none,100,0.02871
none,100,-0.03095
none,100,0.07392
none,100,0.03616
none,100,-0.0695
none,100,-0.0843
none,100,-0.07507
none,100,0.04626
none,100,-0.06722
none,100,-0.57285
none,100,0.10138
none,100,0.13201
none,100,0.19035
none,100,-0.62806
none,100,-0.24154
none,100,0.01373
none,150,-0.02682
none,150,-0.4619
none,150,0.32492
none,150,-0.50055
none,150,-0.27745
none,150,-0.46002
none,150,-0.01705
none,150,0.29774
none,150,0.10406
none,150,-0.00355
none,150,0.29781
none,150,0.10223
none,150,-0.20132
none,150,-0.02803
none,150,-0.49166
none,150,0.05633
none,150,0.0784
none,150,0.34387
none,150,-0.36554
none,150,-0.39014
none,150,0.19325
none,150,0.30166
none,150,0.13774
none,150,0.33129
none,150,0.13644
none,150,0.21111
none,150,-0.40253
none,150,0.00022
none,150,0.02463
none,150,0.32369
none,150,0.15166
none,150,0.04191
none,150,-0.48171
none,150,0.05434
none,150,-0.51713
none,150,0.30204
none,150,0.2434
none,150,0.30233
none,150,0.18878
none,150,0.21733
none,150,0.16448
none,150,-0.51934
none,150,0.21222
none,150,0.15314
none,150,0.22283
none,150,-0.17838
none,150,0.29098
none,150,0.19077
none,150,-0.49896
none,150,0.10946
none,150,0.16278
none,150,0.18094
none,150,-0.37931
none,150,0.19225
none,150,-0.27238
none,150,0.18409
none,150,-0.34333
none,150,-0.47277
none,150,-0.16544
none,150,0.27501
none,150,-0.04847
none,150,0.14896
none,150,0.32103
none,150,0.18303
none,150,-0.376
none,150,0.14817
none,150,-0.00132
none,150,-0.45913
none,150,0.29205
none,150,0.26752
none,150,0.05279
none,150,0.21283
none,150,-0.04179
none,150,0.10723
none,150,0.04564
none,150,-0.00444
none,150,-0.44825
none,150,-0.10977
none,150,0.13435
none,150,0.06015
none,150,-0.23686
none,150,0.00895
none,150,0.27649
none,150,-0.20001
none,150,-0.43436
none,150,-0.20603
none,150,-0.19646
none,150,-0.53659
none,150,0.24386
none,150,0.2012
none,150,-0.41509
none,150,-0.40903
none,150,0.15335
none,150,-0.25777
none,150,0.15471
none,150,0.13908
none,150,-0.16465
none,150,-0.04232
none,150,0.13705
none,150,0.07185
none,150,0.36086
none,150,-0.35486
none,150,-0.32113
none,150,0.31371
none,150,0.34167
none,150,-0.00086
none,150,0.16698
none,150,-0.17201
none,150,-0.20568
none,150,-0.0606
none,150,0.13474
none,150,0.19512
none,150,0.18273
none,150,-0.03754
none,150,0.12526
none,150,0.34494
none,150,-0.38555
none,150,-0.47717
none,150,-0.33391
none,150,0.30534
none,150,-0.48069
none,150,0.02951
none,150,0.26539
none,150,-0.38331
none,150,0.12867
none,150,0.03566
none,150,-0.22075
none,150,-0.42091
none,150,0.00787
none,150,0.02066
none,150,-0.02553
none,150,-0.10171
none,150,0.1
none,150,-0.11328
none,150,-0.12018
none,150,0.0765
none,150,-0.26189
none,150,0.19057
none,150,0.22214
none,150,0.01726
none,150,0.06115
none,150,-0.8795
none,150,-0.13382
none,150,-0.71208
none,150,-0.21056
none,150,0.15829
none,150,0.17309
none,150,0.13036
none,150,-0.04865
none,150,0.21901
none,150,-0.31456
none,150,1.10159
none,150,0.02241
none,150,-0.1079
none,150,-0.0691
none,150,-0.64955
none,150,-0.50049
none,150,0.22367
none,150,-0.32494
none,150,-0.71792
none,150,-0.13623
none,150,-0.12485
none,150,-0.13938
none,150,0.21545
none,150,0.15632
none,150,0.00846
none,150,0.08576
none,150,-0.00707
none,150,-0.09839
none,150,-0.15797
none,150,1.96471
none,150,-0.27927
none,150,0.14594
none,150,0.34578
none,150,0.21845
none,150,-0.16105
none,150,-0.14124
none,150,-0.29726
none,150,1.26544
none,150,-0.15205
none,150,-0.11952
none,150,-0.0893
none,150,0.14424
none,150,0.16155
none,150,0.05007
none,150,-0.69702
none,150,0.35009
none,150,0.05736
none,150,0.07154
none,150,-0.01166
none,150,0.19504
none,150,0.12285
none,150,0.13269
none,150,0.07818
none,150,0.2045
none,150,-0.13971
none,150,0.23962
none,150,0.19241
none,150,-0.09487
none,150,-0.07391
none,150,0.02361
none,150,0.04928
none,150,-0.76867
none,150,-0.56249
none,150,0.15554
none,150,0.2633
none,150,-0.16001
none,150,-0.67154
none,150,0.11725
none,150,-0.458
none,150,0.21283
none,150,0.27988
none,150,-0.02535
none,150,0.29515
none,150,0.13711
none,150,-0.06231
none,150,0.16215
none,150,-0.0921
none,150,0.15588
none,150,0.07341
none,150,-0.08656
none,150,0.12502
none,150,0.10698
none,150,0.08453
none,150,0.24828
none,150,-0.0408
none,150,-0.11626
none,150,0.03582
none,150,0.13556
none,150,0.05958
none,150,0.1396
none,150,-0.00068
none,150,0.0737
none,150,-0.07948
none,150,0.06637
none,150,0.32269
none,150,0.35527
none,150,0.14648
none,150,-0.11802
none,150,-0.091
none,150,-0.06772
none,150,-0.03095
none,150,-0.013
none,150,-0.0617
none,150,-0.02845
none,150,-0.1237
none,150,-0.11821
none,150,-0.04138
none,150,-0.10799
none,150,-0.664
none,150,0.20135
none,150,0.12387
none,150,0.14545
none,150,-0.73044
none,150,-0.24345
none,150,0.05794
none,200,-0.02682
none,200,-0.46716
none,200,0.3244
none,200,-0.51506
none,200,-0.28155
none,200,-0.47369
none,200,-0.01705
none,200,0.29832
none,200,0.09033
none,200,-0.00217
none,200,0.30229
none,200,0.10237
none,200,-0.21152
none,200,-0.051
none,200,-0.50657
none,200,0.07348
none,200,0.08369
none,200,0.34796
none,200,-0.36982
none,200,-0.39404
none,200,0.19222
none,200,0.30587
none,200,0.12414
none,200,0.35033
none,200,0.13598
none,200,0.216
none,200,-0.40615
none,200,0.00409
none,200,0.00394
none,200,0.32785
none,200,0.15601
none,200,0.05849
none,200,-0.49799
none,200,0.0595
none,200,-0.53073
none,200,0.30629
none,200,0.24333
none,200,0.30125
none,200,0.19269
none,200,0.22107
none,200,0.16974
none,200,-0.535
none,200,0.22103
none,200,0.1563
none,200,0.22462
none,200,-0.18976
none,200,0.29533
none,200,0.19771
none,200,-0.51461
none,200,0.11026
none,200,0.17964
none,200,0.18819
none,200,-0.39364
none,200,0.19638
none,200,-0.27661
none,200,0.18444
none,200,-0.35214
none,200,-0.51173
none,200,-0.17359
none,200,0.27392
none,200,-0.04847
none,200,0.14793
none,200,0.32515
none,200,0.1837
none,200,-0.37986
none,200,0.14827
none,200,0.00716
none,200,-0.47302
none,200,0.29661
none,200,0.27163
none,200,0.06067
none,200,0.21595
none,200,-0.04179
none,200,0.10729
none,200,0.05267
none,200,-4e-05
none,200,-0.4526
none,200,-0.11421
none,200,0.14084
none,200,0.06658
none,200,-0.24799
none,200,-0.01688
none,200,0.28116
none,200,-0.21371
none,200,-0.44863
none,200,-0.22272
none,200,-0.20074
none,200,-0.55045
none,200,0.2481
none,200,0.20427
none,200,-0.41914
none,200,-0.42521
none,200,0.15933
none,200,-0.26922
none,200,0.15518
none,200,0.13948
none,200,-0.1773
none,200,-0.04232
none,200,0.14256
none,200,0.07422
none,200,0.36185
none,200,-0.35871
none,200,-0.32515
none,200,0.31352
none,200,0.34085
none,200,-0.00086
none,200,0.16709
none,200,-0.18278
none,200,-0.21693
none,200,-0.06466
none,200,0.14103
none,200,0.19969
none,200,0.18132
none,200,-0.03754
none,200,0.12519
none,200,0.34398
none,200,-0.38975
none,200,-0.49097
none,200,-0.3489
none,200,0.30444
none,200,-0.49453
none,200,0.04685
none,200,0.2698
none,200,-0.38742
none,200,0.13173
none,200,0.04707
none,200,-0.22137
none,200,-0.42711
none,200,0.00787
none,200,0.04558
none,200,-0.05831
none,200,-0.11875
none,200,0.10179
none,200,-0.12969
none,200,-0.12018
none,200,0.06364
none,200,-0.47689
none,200,0.28963
none,200,0.2196
none,200,0.00029
none,200,0.11482
none,200,-1.46783
none,200,-0.15174
none,200,-0.76399
none,200,-0.23122
none,200,0.18084
none,200,0.17342
none,200,0.13104
none,200,-0.07472
none,200,0.22581
none,200,-0.5625
none,200,1.33103
none,200,0.00763
none,200,-0.12318
none,200,-0.04663
none,200,-0.70376
none,200,-0.77385
none,200,0.23702
none,200,-0.35736
none,200,-0.76903
none,200,-0.15668
none,200,-0.14448
none,200,-0.15582
none,200,0.22783
none,200,0.14162
none,200,-0.01699
none,200,0.09399
none,200,-0.00917
none,200,-0.09793
none,200,-0.17744
none,200,2.2539
none,200,-0.3127
none,200,0.14114
none,200,0.35223
none,200,0.21934
none,200,-0.17472
none,200,-0.16106
none,200,-0.33712
none,200,1.50983
none,200,-0.16719
none,200,-0.1371
none,200,-0.10928
none,200,0.14493
none,200,0.1567
none,200,0.08592
none,200,-0.77552
none,200,0.35774
none,200,0.05724
none,200,0.07154
none,200,-0.0326
none,200,0.20352
none,200,0.11478
none,200,0.13288
none,200,0.05715
none,200,0.31356
none,200,-0.15714
none,200,0.25368
none,200,0.20251
none,200,-0.11395
none,200,-0.08298
none,200,0.02361
none,200,0.03299
none,200,-0.81494
none,200,-0.60085
none,200,0.15602
none,200,0.27088
none,200,-0.18665
none,200,-0.70949
none,200,0.10779
none,200,-0.88653
none,200,0.20357
none,200,0.29091
none,200,-0.04039
none,200,0.30655
none,200,0.13765
none,200,-0.07816
none,200,0.16496
none,200,-0.11025
none,200,0.15511
none,200,0.121
none,200,-0.09092
none,200,0.11612
none,200,0.10028
none,200,0.06897
none,200,0.25786
none,200,-0.0408
none,200,-0.11444
none,200,0.03006
none,200,0.12283
none,200,0.04617
none,200,0.14076
none,200,-0.02407
none,200,0.07276
none,200,-0.07948
none,200,0.04098
none,200,0.3298
none,200,0.3623
none,200,0.18144
none,200,-0.12519
none,200,-0.11409
none,200,-0.09305
none,200,-0.03095
none,200,-0.03804
none,200,-0.08945
none,200,-0.00521
none,200,-0.14033
none,200,-0.13693
none,200,-0.06776
none,200,-0.12502
none,200,-0.71251
none,200,0.19794
none,200,0.12513
none,200,0.13563
none,200,-0.77475
none,200,-0.2466
none,200,0.08296
none,300,-0.02682
none,300,-0.46978
none,300,0.3244
none,300,-0.52391
none,300,-0.2827
none,300,-0.48203
none,300,-0.01705
none,300,0.30014
none,300,0.07538
none,300,0.00217
none,300,0.3055
none,300,0.10273
none,300,-0.22207
none,300,-0.07494
none,300,-0.51568
none,300,0.07504
none,300,0.08858
none,300,0.35105
none,300,-0.37055
none,300,-0.39497
none,300,0.19128
none,300,0.30886
none,300,0.10928
none,300,0.37175
none,300,0.13588
none,300,0.22079
none,300,-0.40726
none,300,0.00466
none,300,-0.01307
none,300,0.33092
none,300,0.15809
none,300,0.06004
none,300,-0.50799
none,300,0.06414
none,300,-0.53907
none,300,0.3094
none,300,0.24313
none,300,0.30062
none,300,0.1962
none,300,0.22413
none,300,0.17484
none,300,-0.54468
none,300,0.23125
none,300,0.15883
none,300,0.22691
none,300,-0.20322
none,300,0.29852
none,300,0.20339
none,300,-0.52421
none,300,0.10914
none,300,0.19095
none,300,0.19485
none,300,-0.40249
none,300,0.20043
none,300,-0.27779
none,300,0.18515
none,300,-0.36003
none,300,-0.54594
none,300,-0.18624
none,300,0.27405
none,300,-0.04847
none,300,0.14695
none,300,0.32817
none,300,0.18388
none,300,-0.38078
none,300,0.14833
none,300,0.01428
none,300,-0.48159
none,300,0.30029
none,300,0.27481
none,300,0.06523
none,300,0.21852
none,300,-0.04179
none,300,0.10747
none,300,0.05068
none,300,-0.00036
none,300,-0.45353
none,300,-0.121
none,300,0.14523
none,300,0.0664
none,300,-0.25266
none,300,-0.04368
none,300,0.28455
none,300,-0.22254
none,300,-0.45738
none,300,-0.23463
none,300,-0.20201
none,300,-0.55889
none,300,0.25123
none,300,0.20902
none,300,-0.42015
none,300,-0.44041
none,300,0.16467
none,300,-0.2724
none,300,0.15567
none,300,0.1399
none,300,-0.18831
none,300,-0.04232
none,300,0.14741
none,300,0.0771
none,300,0.36345
none,300,-0.35907
none,300,-0.32625
none,300,0.3133
none,300,0.34107
none,300,-0.00086
none,300,0.16674
none,300,-0.19552
none,300,-0.23052
none,300,-0.0662
none,300,0.14648
none,300,0.20554
none,300,0.18031
none,300,-0.03754
none,300,0.12528
none,300,0.34308
none,300,-0.39367
none,300,-0.49948
none,300,-0.35817
none,300,0.30389
none,300,-0.50307
none,300,0.04715
none,300,0.27297
none,300,-0.3885
none,300,0.13485
none,300,0.04503
none,300,-0.21782
none,300,-0.43416
none,300,0.00787
none,300,0.05812
none,300,-0.06507
none,300,-0.12927
none,300,0.1068
none,300,-0.13984
none,300,-0.12018
none,300,0.06086
none,300,-0.60155
none,300,0.33587
none,300,0.20919
none,300,-0.00316
none,300,0.14582
none,300,-1.78166
none,300,-0.16294
none,300,-0.80238
none,300,-0.22043
none,300,0.17724
none,300,0.17773
none,300,0.13489
none,300,-0.07844
none,300,0.21537
none,300,-0.69741
none,300,1.48722
none,300,0.0028
none,300,-0.12568
none,300,-0.03511
none,300,-0.75326
none,300,-0.91506
none,300,0.22618
none,300,-0.3484
none,300,-0.80669
none,300,-0.1694
none,300,-0.13959
none,300,-0.16575
none,300,0.2177
none,300,0.14526
none,300,-0.02104
none,300,0.08684
none,300,-0.01623
none,300,-0.09928
none,300,-0.18935
none,300,2.43846
none,300,-0.30468
none,300,0.1468
none,300,0.35881
none,300,0.20957
none,300,-0.17482
none,300,-0.17356
none,300,-0.34169
none,300,1.67907
none,300,-0.16505
none,300,-0.14768
none,300,-0.114
none,300,0.14993
none,300,0.1629
none,300,0.10505
none,300,-0.83607
none,300,0.36472
none,300,0.05123
none,300,0.07154
none,300,-0.03549
none,300,0.19599
none,300,0.1197
none,300,0.13684
none,300,0.05271
none,300,0.37026
none,300,-0.16769
none,300,0.21758
none,300,0.19132
none,300,-0.12049
none,300,-0.09008
none,300,0.02361
none,300,0.02993
none,300,-0.85125
none,300,-0.63417
none,300,0.15983
none,300,0.27919
none,300,-0.19738
none,300,-0.74004
none,300,0.1093
none,300,-1.14155
none,300,0.19315
none,300,0.30344
none,300,-0.04965
none,300,0.31725
none,300,0.14342
none,300,-0.08788
none,300,0.15066
none,300,-0.11751
none,300,0.15891
none,300,0.14932
none,300,-0.09336
none,300,0.11789
none,300,0.10569
none,300,0.06529
none,300,0.26817
none,300,-0.0408
none,300,-0.11436
none,300,0.02789
none,300,0.11741
none,300,0.03177
none,300,0.14609
none,300,-0.0286
none,300,0.07469
none,300,-0.07948
none,300,0.03603
none,300,0.33862
none,300,0.37011
none,300,0.19049
none,300,-0.12142
none,300,-0.1171
none,300,-0.09618
none,300,-0.03095
none,300,-0.04362
none,300,-0.09418
none,300,0.00778
none,300,-0.15035
none,300,-0.14862
none,300,-0.07158
none,300,-0.13514
none,300,-0.74795
none,300,0.18731
none,300,0.12937
none,300,0.13228
none,300,-0.80716
none,300,-0.25372
none,300,0.09695
none,500,-0.02682
none,500,-0.47752
none,500,0.3252
none,500,-0.53173
none,500,-0.28171
none,500,-0.48964
none,500,-0.01705
none,500,0.30344
none,500,0.06645
none,500,0.00724
none,500,0.308
none,500,0.10358
none,500,-0.2406
none,500,-0.09264
none,500,-0.52403
none,500,0.07499
none,500,0.0916
none,500,0.35373
none,500,-0.36868
none,500,-0.39382
none,500,0.19084
none,500,0.31128
none,500,0.09851
none,500,0.38942
none,500,0.13621
none,500,0.22548
none,500,-0.4135
none,500,0.00409
none,500,-0.02587
none,500,0.3334
none,500,0.1579
none,500,0.05989
none,500,-0.51727
none,500,0.06755
none,500,-0.54673
none,500,0.31185
none,500,0.24382
none,500,0.30063
none,500,0.19944
none,500,0.22735
none,500,0.17947
none,500,-0.55354
none,500,0.24123
none,500,0.15861
none,500,0.23221
none,500,-0.21078
none,500,0.30106
none,500,0.2086
none,500,-0.53325
none,500,0.1079
none,500,0.20083
none,500,0.20087
none,500,-0.41051
none,500,0.20444
none,500,-0.27657
none,500,0.18676
none,500,-0.37205
none,500,-0.58111
none,500,-0.19338
none,500,0.27492
none,500,-0.04847
none,500,0.14659
none,500,0.33073
none,500,0.18707
none,500,-0.3796
none,500,0.14877
none,500,0.02241
none,500,-0.48965
none,500,0.30284
none,500,0.27741
none,500,0.06919
none,500,0.22191
none,500,-0.04179
none,500,0.10802
none,500,0.04997
none,500,-0.00204
none,500,-0.45204
none,500,-0.12497
none,500,0.14865
none,500,0.06548
none,500,-0.256
none,500,-0.06236
none,500,0.28727
none,500,-0.2278
none,500,-0.46517
none,500,-0.2419
none,500,-0.20051
none,500,-0.5665
none,500,0.25396
none,500,0.21354
none,500,-0.41902
none,500,-0.45787
none,500,0.16973
none,500,-0.27529
none,500,0.15788
none,500,0.14024
none,500,-0.19176
none,500,-0.04232
none,500,0.15165
none,500,0.0805
none,500,0.36594
none,500,-0.36506
none,500,-0.32539
none,500,0.31359
none,500,0.34251
none,500,-0.00086
none,500,0.16698
none,500,-0.20274
none,500,-0.23811
none,500,-0.06733
none,500,0.15163
none,500,0.21104
none,500,0.1799
none,500,-0.03754
none,500,0.12593
none,500,0.34296
none,500,-0.40059
none,500,-0.50718
none,500,-0.36666
none,500,0.30405
none,500,-0.51083
none,500,0.04659
none,500,0.27547
none,500,-0.38748
none,500,0.13712
none,500,0.04442
none,500,-0.21083
none,500,-0.44195
none,500,0.00787
none,500,0.0675
none,500,-0.07299
none,500,-0.13726
none,500,0.112
none,500,-0.14711
none,500,-0.12018
none,500,0.05962
none,500,-0.68519
none,500,0.3676
none,500,0.19903
none,500,-0.00481
none,500,0.16704
none,500,-2.00226
none,500,-0.17093
none,500,-0.8366
none,500,-0.21342
none,500,0.17006
none,500,0.18159
none,500,0.13851
none,500,-0.08029
none,500,0.20522
none,500,-0.79024
none,500,1.5992
none,500,0.00018
none,500,-0.12815
none,500,-0.026
none,500,-0.8018
none,500,-1.0115
none,500,0.21561
none,500,-0.35393
none,500,-0.84094
none,500,-0.17841
none,500,-0.13458
none,500,-0.17264
none,500,0.2072
none,500,0.14992
none,500,-0.02252
none,500,0.07689
none,500,-0.02486
none,500,-0.10194
none,500,-0.19793
none,500,2.57307
none,500,-0.30734
none,500,0.14217
none,500,0.36833
none,500,0.1995
none,500,-0.17466
none,500,-0.18232
none,500,-0.34431
none,500,1.81056
none,500,-0.16173
none,500,-0.15526
none,500,-0.11629
none,500,0.15494
none,500,0.16812
none,500,0.11776
none,500,-0.88367
none,500,0.37476
none,500,0.04848
none,500,0.07154
none,500,-0.03603
none,500,0.18956
none,500,0.11626
none,500,0.14113
none,500,0.05086
none,500,0.40702
none,500,-0.17471
none,500,0.20774
none,500,0.17995
none,500,-0.1284
none,500,-0.09817
none,500,0.02361
none,500,0.02885
none,500,-0.88657
none,500,-0.6681
none,500,0.16303
none,500,0.29067
none,500,-0.20802
none,500,-0.76905
none,500,0.11115
none,500,-1.32949
none,500,0.18286
none,500,0.32074
none,500,-0.05674
none,500,0.33133
none,500,0.14938
none,500,-0.09504
none,500,0.14282
none,500,-0.12139
none,500,0.16276
none,500,0.16809
none,500,-0.09643
none,500,0.11958
none,500,0.10658
none,500,0.06888
none,500,0.28203
none,500,-0.0408
none,500,-0.11427
none,500,0.02582
none,500,0.11466
none,500,0.02928
none,500,0.15162
none,500,-0.03075
none,500,0.07193
none,500,-0.07948
none,500,0.03442
none,500,0.35022
none,500,0.38107
none,500,0.19429
none,500,-0.11725
none,500,-0.12002
none,500,-0.09696
none,500,-0.03095
none,500,-0.05059
none,500,-0.09647
none,500,0.01708
none,500,-0.15755
none,500,-0.1571
none,500,-0.07311
none,500,-0.14229
none,500,-0.78177
none,500,0.17706
none,500,0.13351
none,500,0.13028
none,500,-0.83871
none,500,-0.26267
none,500,0.10586
none,700,-0.02682
none,700,-0.48295
none,700,0.32596
none,700,-0.5369
none,700,-0.28027
none,700,-0.49461
none,700,-0.01705
none,700,0.30561
none,700,0.06249
none,700,0.01058
none,700,0.30937
none,700,0.10437
none,700,-0.25261
none,700,-0.10007
none,700,-0.52953
none,700,0.07521
none,700,0.09166
none,700,0.35529
none,700,-0.36655
none,700,-0.39238
none,700,0.19091
none,700,0.3126
none,700,0.09492
none,700,0.3995
none,700,0.13661
none,700,0.22844
none,700,-0.41796
none,700,0.00378
none,700,-0.03193
none,700,0.33477
none,700,0.15829
none,700,0.05958
none,700,-0.52347
none,700,0.06961
none,700,-0.55177
none,700,0.31322
none,700,0.24445
none,700,0.30079
none,700,0.2014
none,700,0.22953
none,700,0.18238
none,700,-0.55936
none,700,0.24679
none,700,0.15882
none,700,0.23568
none,700,-0.21231
none,700,0.30246
none,700,0.21201
none,700,-0.53923
none,700,0.10748
none,700,0.20635
none,700,0.20478
none,700,-0.41578
none,700,0.20713
none,700,-0.27487
none,700,0.18907
none,700,-0.38066
none,700,-0.60388
none,700,-0.19485
none,700,0.27569
none,700,-0.04847
none,700,0.14662
none,700,0.33218
none,700,0.18914
none,700,-0.37809
none,700,0.14924
none,700,0.02707
none,700,-0.49494
none,700,0.3042
none,700,0.27891
none,700,0.07191
none,700,0.22433
none,700,-0.04179
none,700,0.10863
none,700,0.04959
none,700,-0.00322
none,700,-0.45041
none,700,-0.12587
none,700,0.15082
none,700,0.06495
none,700,-0.25782
none,700,-0.06981
none,700,0.28877
none,700,-0.22912
none,700,-0.47026
none,700,-0.24454
none,700,-0.1984
none,700,-0.57151
none,700,0.25564
none,700,0.21638
none,700,-0.41751
none,700,-0.47025
none,700,0.17284
none,700,-0.27675
none,700,0.16002
none,700,0.14066
none,700,-0.1924
none,700,-0.04232
none,700,0.15435
none,700,0.08264
none,700,0.36782
none,700,-0.36867
none,700,-0.32405
none,700,0.31399
none,700,0.34365
none,700,-0.00086
none,700,0.16734
none,700,-0.20423
none,700,-0.23958
none,700,-0.06802
none,700,0.15486
none,700,0.21448
none,700,0.17983
none,700,-0.03754
none,700,0.12647
none,700,0.3434
none,700,-0.40548
none,700,-0.51222
none,700,-0.37227
none,700,0.30438
none,700,-0.51592
none,700,0.04638
none,700,0.27689
none,700,-0.38612
none,700,0.13844
none,700,0.04421
none,700,-0.20634
none,700,-0.4474
none,700,0.00787
none,700,0.07162
none,700,-0.07797
none,700,-0.14106
none,700,0.11441
none,700,-0.15051
none,700,-0.12018
none,700,0.05858
none,700,-0.72785
none,700,0.38362
none,700,0.19403
none,700,-0.00581
none,700,0.17661
none,700,-2.1163
none,700,-0.1746
none,700,-0.85606
none,700,-0.21466
none,700,0.16578
none,700,0.18447
none,700,0.14116
none,700,-0.08168
none,700,0.20033
none,700,-0.83496
none,700,1.6542
none,700,-0.00096
none,700,-0.12989
none,700,-0.02212
none,700,-0.83086
none,700,-1.06025
none,700,0.21062
none,700,-0.35915
none,700,-0.86045
none,700,-0.18246
none,700,-0.13241
none,700,-0.17572
none,700,0.20194
none,700,0.15251
none,700,-0.0233
none,700,0.0708
none,700,-0.02976
none,700,-0.10371
none,700,-0.20196
none,700,2.64231
none,700,-0.31025
none,700,0.13908
none,700,0.37508
none,700,0.19444
none,700,-0.17394
none,700,-0.18634
none,700,-0.34574
none,700,1.88039
none,700,-0.15888
none,700,-0.15876
none,700,-0.11776
none,700,0.15858
none,700,0.16623
none,700,0.1233
none,700,-0.90907
none,700,0.38191
none,700,0.04717
none,700,0.07154
none,700,-0.03672
none,700,0.18555
none,700,0.11411
none,700,0.14427
none,700,0.04993
none,700,0.42497
none,700,-0.17778
none,700,0.20334
none,700,0.17444
none,700,-0.13392
none,700,-0.10294
none,700,0.02361
none,700,0.0283
none,700,-0.907
none,700,-0.68863
none,700,0.16552
none,700,0.29894
none,700,-0.21462
none,700,-0.78583
none,700,0.11181
none,700,-1.42903
none,700,0.17792
none,700,0.33481
none,700,-0.06021
none,700,0.34266
none,700,0.15362
none,700,-0.09841
none,700,0.13823
none,700,-0.12303
none,700,0.16565
none,700,0.17672
none,700,-0.09822
none,700,0.1203
none,700,0.10431
none,700,0.07125
none,700,0.29281
none,700,-0.0408
none,700,-0.11374
none,700,0.02467
none,700,0.11285
none,700,0.02736
none,700,0.15553
none,700,-0.03215
none,700,0.07037
none,700,-0.07948
none,700,0.03371
none,700,0.35834
none,700,0.38873
none,700,0.1957
none,700,-0.11477
none,700,-0.1219
none,700,-0.09755
none,700,-0.03095
none,700,-0.05472
none,700,-0.09802
none,700,0.02131
none,700,-0.16089
none,700,-0.16104
none,700,-0.07466
none,700,-0.14553
none,700,-0.80145
none,700,0.17218
none,700,0.13641
none,700,0.12922
none,700,-0.85693
none,700,-0.268
none,700,0.10978
none,1000,-0.02682
none,1000,-0.48923
none,1000,0.32689
none,1000,-0.5428
none,1000,-0.27843
none,1000,-0.50025
none,1000,-0.01705
none,1000,0.30791
none,1000,0.05889
none,1000,0.01384
none,1000,0.31074
none,1000,0.10532
none,1000,-0.26667
none,1000,-0.10659
none,1000,-0.53576
none,1000,0.07572
none,1000,0.09179
none,1000,0.3569
none,1000,-0.36401
none,1000,-0.39065
none,1000,0.1912
none,1000,0.31391
none,1000,0.09169
none,1000,0.4097
none,1000,0.13712
none,1000,0.23178
none,1000,-0.42321
none,1000,0.00322
none,1000,-0.03735
none,1000,0.33614
none,1000,0.15895
none,1000,0.05965
none,1000,-0.53045
none,1000,0.07053
none,1000,-0.55744
none,1000,0.3146
none,1000,0.24517
none,1000,0.30104
none,1000,0.20351
none,1000,0.23204
none,1000,0.18557
none,1000,-0.56596
none,1000,0.25188
none,1000,0.15926
none,1000,0.23923
none,1000,-0.21218
none,1000,0.30384
none,1000,0.21585
none,1000,-0.54599
none,1000,0.10722
none,1000,0.21205
none,1000,0.2092
none,1000,-0.42172
none,1000,0.21024
none,1000,-0.27263
none,1000,0.1915
none,1000,-0.39081
none,1000,-0.62866
none,1000,-0.19477
none,1000,0.27664
none,1000,-0.04847
none,1000,0.14681
none,1000,0.33365
none,1000,0.19138
none,1000,-0.37624
none,1000,0.14986
none,1000,0.03207
none,1000,-0.50096
none,1000,0.30551
none,1000,0.28047
none,1000,0.07505
none,1000,0.2272
none,1000,-0.04179
none,1000,0.10929
none,1000,0.04956
none,1000,-0.00483
none,1000,-0.44849
none,1000,-0.12589
none,1000,0.1533
none,1000,0.06475
none,1000,-0.25961
none,1000,-0.07733
none,1000,0.29026
none,1000,-0.22905
none,1000,-0.47607
none,1000,-0.24421
none,1000,-0.19559
none,1000,-0.5772
none,1000,0.25737
none,1000,0.21953
none,1000,-0.41566
none,1000,-0.4847
none,1000,0.17631
none,1000,-0.27817
none,1000,0.16236
none,1000,0.14116
none,1000,-0.19227
none,1000,-0.04232
none,1000,0.15722
none,1000,0.0847
none,1000,0.36987
none,1000,-0.37262
none,1000,-0.32225
none,1000,0.31451
none,1000,0.34492
none,1000,-0.00086
none,1000,0.16784
none,1000,-0.20418
none,1000,-0.23936
none,1000,-0.06879
none,1000,0.15862
none,1000,0.21826
none,1000,0.17992
none,1000,-0.03754
none,1000,0.12703
none,1000,0.34402
none,1000,-0.41121
none,1000,-0.51788
none,1000,-0.37859
none,1000,0.30485
none,1000,-0.52161
none,1000,0.04613
none,1000,0.27829
none,1000,-0.38438
none,1000,0.13979
none,1000,0.04418
none,1000,-0.20164
none,1000,-0.45369
none,1000,0.00787
none,1000,0.07498
none,1000,-0.08337
none,1000,-0.1444
none,1000,0.11727
none,1000,-0.15329
none,1000,-0.12018
none,1000,0.0574
none,1000,-0.76994
none,1000,0.39899
none,1000,0.18979
none,1000,-0.00694
none,1000,0.18394
none,1000,-2.22798
none,1000,-0.17759
none,1000,-0.87536
none,1000,-0.21647
none,1000,0.16155
none,1000,0.1882
none,1000,0.14441
none,1000,-0.08348
none,1000,0.19624
none,1000,-0.87889
none,1000,1.70526
none,1000,-0.00199
none,1000,-0.1319
none,1000,-0.0189
none,1000,-0.86143
none,1000,-1.10783
none,1000,0.2064
none,1000,-0.36543
none,1000,-0.88014
none,1000,-0.18577
none,1000,-0.13431
none,1000,-0.17817
none,1000,0.19739
none,1000,0.15517
none,1000,-0.02426
none,1000,0.0646
none,1000,-0.03455
none,1000,-0.10549
none,1000,-0.20529
none,1000,2.71008
none,1000,-0.31298
none,1000,0.13595
none,1000,0.38293
none,1000,0.19019
none,1000,-0.17281
none,1000,-0.18963
none,1000,-0.34769
none,1000,1.95002
none,1000,-0.15572
none,1000,-0.1616
none,1000,-0.11962
none,1000,0.16295
none,1000,0.16422
none,1000,0.12774
none,1000,-0.93361
none,1000,0.39014
none,1000,0.04588
none,1000,0.07154
none,1000,-0.03767
none,1000,0.18162
none,1000,0.11191
none,1000,0.14804
none,1000,0.0489
none,1000,0.44207
none,1000,-0.18011
none,1000,0.19962
none,1000,0.16998
none,1000,-0.14013
none,1000,-0.10773
none,1000,0.02361
none,1000,0.02778
none,1000,-0.92769
none,1000,-0.71008
none,1000,0.1687
none,1000,0.30855
none,1000,-0.22175
none,1000,-0.80277
none,1000,0.11278
none,1000,-1.52805
none,1000,0.17374
none,1000,0.35194
none,1000,-0.06337
none,1000,0.3561
none,1000,0.15876
none,1000,-0.10141
none,1000,0.13364
none,1000,-0.12486
none,1000,0.1692
none,1000,0.18409
none,1000,-0.10027
none,1000,0.12081
none,1000,0.10186
none,1000,0.07363
none,1000,0.30586
none,1000,-0.0408
none,1000,-0.11268
none,1000,0.02358
none,1000,0.11083
none,1000,0.02503
none,1000,0.15859
none,1000,-0.03382
none,1000,0.0689
none,1000,-0.07948
none,1000,0.03304
none,1000,0.36769
none,1000,0.39759
none,1000,0.19674
none,1000,-0.11156
none,1000,-0.12407
none,1000,-0.09845
none,1000,-0.03095
none,1000,-0.05904
none,1000,-0.09988
none,1000,0.02487
none,1000,-0.16367
none,1000,-0.16436
none,1000,-0.07651
none,1000,-0.14816
none,1000,-0.82115
none,1000,0.16805
none,1000,0.13986
none,1000,0.1282
none,1000,-0.87514
none,1000,-0.27338
none,1000,0.11296
none,1500,-0.02682
none,1500,-0.49751
none,1500,0.32814
none,1500,-0.55096
none,1500,-0.27677
none,1500,-0.50805
none,1500,-0.01705
none,1500,0.31079
none,1500,0.05517
none,1500,0.01808
none,1500,0.31231
none,1500,0.10667
none,1500,-0.28518
none,1500,-0.11332
none,1500,-0.54444
none,1500,0.07677
none,1500,0.0922
none,1500,0.35879
none,1500,-0.36159
none,1500,-0.38913
none,1500,0.19174
none,1500,0.31537
none,1500,0.08865
none,1500,0.42246
none,1500,0.13785
none,1500,0.23597
none,1500,-0.43023
none,1500,0.00048
none,1500,-0.04255
none,1500,0.33773
none,1500,0.16003
none,1500,0.06016
none,1500,-0.54015
none,1500,0.07184
none,1500,-0.56524
none,1500,0.31621
none,1500,0.24703
none,1500,0.30142
none,1500,0.2061
none,1500,0.23522
none,1500,0.18952
none,1500,-0.57512
none,1500,0.25763
none,1500,0.15986
none,1500,0.24362
none,1500,-0.21053
none,1500,0.30539
none,1500,0.22074
none,1500,-0.55537
none,1500,0.10715
none,1500,0.21777
none,1500,0.21483
none,1500,-0.42997
none,1500,0.21415
none,1500,-0.2705
none,1500,0.19445
none,1500,-0.40436
none,1500,-0.65821
none,1500,-0.1933
none,1500,0.27792
none,1500,-0.04847
none,1500,0.14729
none,1500,0.33536
none,1500,0.19418
none,1500,-0.37458
none,1500,0.15076
none,1500,0.03842
none,1500,-0.50918
none,1500,0.307
none,1500,0.2823
none,1500,0.07914
none,1500,0.23086
none,1500,-0.04179
none,1500,0.1102
none,1500,0.04976
none,1500,-0.00801
none,1500,-0.44684
none,1500,-0.12508
none,1500,0.15644
none,1500,0.06464
none,1500,-0.26169
none,1500,-0.08462
none,1500,0.29194
none,1500,-0.22692
none,1500,-0.48448
none,1500,-0.24067
none,1500,-0.19274
none,1500,-0.5854
none,1500,0.25939
none,1500,0.22341
none,1500,-0.41404
none,1500,-0.50397
none,1500,0.18064
none,1500,-0.27985
none,1500,0.16528
none,1500,0.14188
none,1500,-0.19086
none,1500,-0.04232
none,1500,0.1608
none,1500,0.08734
none,1500,0.37249
none,1500,-0.37816
none,1500,-0.32061
none,1500,0.31526
none,1500,0.34658
none,1500,-0.00086
none,1500,0.1686
none,1500,-0.20268
none,1500,-0.23755
none,1500,-0.06983
none,1500,0.16335
none,1500,0.22293
none,1500,0.18014
none,1500,-0.03754
none,1500,0.12783
none,1500,0.34497
none,1500,-0.41881
none,1500,-0.52573
none,1500,-0.3874
none,1500,0.30558
none,1500,-0.52948
none,1500,0.04633
none,1500,0.27988
none,1500,-0.38286
none,1500,0.1415
none,1500,0.04459
none,1500,-0.19632
none,1500,-0.46198
none,1500,0.00787
none,1500,0.07807
none,1500,-0.08969
none,1500,-0.14651
none,1500,0.12063
none,1500,-0.15503
none,1500,-0.12018
none,1500,0.05598
none,1500,-0.8184
none,1500,0.41579
none,1500,0.18544
none,1500,-0.00833
none,1500,0.18887
none,1500,-2.35354
none,1500,-0.17935
none,1500,-0.89676
none,1500,-0.21905
none,1500,0.15642
none,1500,0.19299
none,1500,0.14841
none,1500,-0.0855
none,1500,0.19198
none,1500,-0.92882
none,1500,1.75877
none,1500,-0.00294
none,1500,-0.1342
none,1500,-0.0159
none,1500,-0.89918
none,1500,-1.16148
none,1500,0.20208
none,1500,-0.37388
none,1500,-0.90218
none,1500,-0.18775
none,1500,-0.13692
none,1500,-0.17954
none,1500,0.19263
none,1500,0.15453
none,1500,-0.02554
none,1500,0.05702
none,1500,-0.04011
none,1500,-0.10774
none,1500,-0.20744
none,1500,2.78725
none,1500,-0.31664
none,1500,0.13269
none,1500,0.393
none,1500,0.18565
none,1500,-0.17081
none,1500,-0.19168
none,1500,-0.35002
none,1500,2.03072
none,1500,-0.15115
none,1500,-0.16326
none,1500,-0.12187
none,1500,0.1684
none,1500,0.16179
none,1500,0.13167
none,1500,-0.96062
none,1500,0.40063
none,1500,0.04429
none,1500,0.07154
none,1500,-0.03869
none,1500,0.17688
none,1500,0.10972
none,1500,0.15268
none,1500,0.04764
none,1500,0.46061
none,1500,-0.18127
none,1500,0.19566
none,1500,0.16554
none,1500,-0.14815
none,1500,-0.11347
none,1500,0.02361
none,1500,0.02717
none,1500,-0.9508
none,1500,-0.73601
none,1500,0.17271
none,1500,0.32103
none,1500,-0.23036
none,1500,-0.8215
none,1500,0.11369
none,1500,-1.64193
none,1500,0.1695
none,1500,0.37449
none,1500,-0.06673
none,1500,0.37356
none,1500,0.16407
none,1500,-0.10452
none,1500,0.12801
none,1500,-0.12709
none,1500,0.17364
none,1500,0.19121
none,1500,-0.10272
none,1500,0.12163
none,1500,0.0991
none,1500,0.0765
none,1500,0.32292
none,1500,-0.0408
none,1500,-0.11086
none,1500,0.02247
none,1500,0.10861
none,1500,0.02192
none,1500,0.16218
none,1500,-0.03562
none,1500,0.06741
none,1500,-0.07948
none,1500,0.03244
none,1500,0.37964
none,1500,0.40895
none,1500,0.19699
none,1500,-0.10722
none,1500,-0.12678
none,1500,-0.0996
none,1500,-0.03095
none,1500,-0.06404
none,1500,-0.10196
none,1500,0.0282
none,1500,-0.1653
none,1500,-0.16646
none,1500,-0.07859
none,1500,-0.14962
none,1500,-0.84335
none,1500,0.16391
none,1500,0.14411
none,1500,0.1272
none,1500,-0.89551
none,1500,-0.27925
none,1500,0.11584
none,2000,-0.02682
none,2000,-0.50441
none,2000,0.32931
none,2000,-0.55843
none,2000,-0.27626
none,2000,-0.51515
none,2000,-0.01705
none,2000,0.31334
none,2000,0.05283
none,2000,0.02183
none,2000,0.31346
none,2000,0.10785
none,2000,-0.30092
none,2000,-0.11741
none,2000,-0.55238
none,2000,0.07778
none,2000,0.09279
none,2000,0.36022
none,2000,-0.36064
none,2000,-0.38871
none,2000,0.19231
none,2000,0.31647
none,2000,0.08661
none,2000,0.43287
none,2000,0.13859
none,2000,0.23946
none,2000,-0.43616
none,2000,-0.00398
none,2000,-0.04585
none,2000,0.3389
none,2000,0.16098
none,2000,0.06074
none,2000,-0.54902
none,2000,0.07317
none,2000,-0.57232
none,2000,0.3174
none,2000,0.24887
none,2000,0.30196
none,2000,0.20814
none,2000,0.23782
none,2000,0.19272
none,2000,-0.58349
none,2000,0.26165
none,2000,0.16081
none,2000,0.24708
none,2000,-0.20847
none,2000,0.30658
none,2000,0.22485
none,2000,-0.56393
none,2000,0.10728
none,2000,0.22199
none,2000,0.21961
none,2000,-0.43748
none,2000,0.21751
none,2000,-0.26965
none,2000,0.19683
none,2000,-0.41578
none,2000,-0.68167
none,2000,-0.19143
none,2000,0.27914
none,2000,-0.04847
none,2000,0.14773
none,2000,0.33663
none,2000,0.19643
none,2000,-0.37409
none,2000,0.15161
none,2000,0.04404
none,2000,-0.51663
none,2000,0.30811
none,2000,0.28368
none,2000,0.08258
none,2000,0.23393
none,2000,-0.04179
none,2000,0.11107
none,2000,0.05026
none,2000,-0.01146
none,2000,-0.44643
none,2000,-0.12398
none,2000,0.15909
none,2000,0.06472
none,2000,-0.26335
none,2000,-0.08993
none,2000,0.29321
none,2000,-0.22395
none,2000,-0.49247
none,2000,-0.23622
none,2000,-0.19143
none,2000,-0.59276
none,2000,0.26095
none,2000,0.22658
none,2000,-0.41364
none,2000,-0.5203
none,2000,0.18418
none,2000,-0.28114
none,2000,0.1677
none,2000,0.14273
none,2000,-0.18876
none,2000,-0.04232
none,2000,0.16375
none,2000,0.08959
none,2000,0.37458
none,2000,-0.38329
none,2000,-0.32016
none,2000,0.31601
none,2000,0.34795
none,2000,-0.00086
none,2000,0.16934
none,2000,-0.20077
none,2000,-0.23534
none,2000,-0.07073
none,2000,0.16733
none,2000,0.22677
none,2000,0.18053
none,2000,-0.03754
none,2000,0.12865
none,2000,0.34587
none,2000,-0.42517
none,2000,-0.53289
none,2000,-0.39547
none,2000,0.3063
none,2000,-0.53662
none,2000,0.0467
none,2000,0.28108
none,2000,-0.38242
none,2000,0.14281
none,2000,0.04503
none,2000,-0.19203
none,2000,-0.46888
none,2000,0.00787
none,2000,0.07995
none,2000,-0.09461
none,2000,-0.14707
none,2000,0.12297
none,2000,-0.15536
none,2000,-0.12018
none,2000,0.05524
none,2000,-0.85569
none,2000,0.42813
none,2000,0.18263
none,2000,-0.00939
none,2000,0.19022
none,2000,-2.4476
none,2000,-0.17955
none,2000,-0.91248
none,2000,-0.22121
none,2000,0.15261
none,2000,0.19679
none,2000,0.15149
none,2000,-0.08708
none,2000,0.18915
none,2000,-0.96697
none,2000,1.79724
none,2000,-0.00342
none,2000,-0.13625
none,2000,-0.01401
none,2000,-0.92995
none,2000,-1.20152
none,2000,0.19925
none,2000,-0.38046
none,2000,-0.91846
none,2000,-0.18797
none,2000,-0.13911
none,2000,-0.17958
none,2000,0.18948
none,2000,0.1533
none,2000,-0.02658
none,2000,0.05131
none,2000,-0.04423
none,2000,-0.10961
none,2000,-0.20788
none,2000,2.84553
none,2000,-0.31971
none,2000,0.13027
none,2000,0.40151
none,2000,0.18269
none,2000,-0.16899
none,2000,-0.192
none,2000,-0.35193
none,2000,2.09302
none,2000,-0.14711
none,2000,-0.16344
none,2000,-0.12376
none,2000,0.17117
none,2000,0.15989
none,2000,0.13382
none,2000,-0.98035
none,2000,0.40944
none,2000,0.04318
none,2000,0.07154
none,2000,-0.03947
none,2000,0.17342
none,2000,0.10838
none,2000,0.15639
none,2000,0.04665
none,2000,0.47401
none,2000,-0.18109
none,2000,0.19297
none,2000,0.16231
none,2000,-0.15457
none,2000,-0.1179
none,2000,0.02361
none,2000,0.02669
none,2000,-0.96798
none,2000,-0.75689
none,2000,0.17599
none,2000,0.33151
none,2000,-0.23719
none,2000,-0.83526
none,2000,0.11442
none,2000,-1.72929
none,2000,0.16663
none,2000,0.39372
none,2000,-0.0694
none,2000,0.3883
none,2000,0.16746
none,2000,-0.10565
none,2000,0.12383
none,2000,-0.12891
none,2000,0.17728
none,2000,0.19591
none,2000,-0.10472
none,2000,0.12211
none,2000,0.09715
none,2000,0.07853
none,2000,0.33722
none,2000,-0.0408
none,2000,-0.1092
none,2000,0.02161
none,2000,0.10685
none,2000,0.01894
none,2000,0.16469
none,2000,-0.03899
none,2000,0.06627
none,2000,-0.07948
none,2000,0.03217
none,2000,0.38968
none,2000,0.41844
none,2000,0.19712
none,2000,-0.10325
none,2000,-0.129
none,2000,-0.10058
none,2000,-0.03095
none,2000,-0.06796
none,2000,-0.10366
none,2000,0.03022
none,2000,-0.16552
none,2000,-0.16687
none,2000,-0.08022
none,2000,-0.1497
none,2000,-0.85981
none,2000,0.1611
none,2000,0.14637
none,2000,0.12649
none,2000,-0.91049
none,2000,-0.28375
none,2000,0.11754
L2,0,0.00674
L2,0,-0.08204
L2,0,0.14562
L2,0,-0.16903
L2,0,-0.04515
L2,0,-0.13461
L2,0,-0.0004
L2,0,0.20913
L2,0,0.02331
L2,0,-0.02687
L2,0,0.12072
L2,0,0.03367
L2,0,0.00393
L2,0,-0.01188
L2,0,-0.1527
L2,0,0.06207
L2,0,-0.00638
L2,0,0.20039
L2,0,-0.12603
L2,0,-0.15945
L2,0,0.10298
L2,0,0.08575
L2,0,0.08085
L2,0,0.15977
L2,0,0.03583
L2,0,0.20307
L2,0,-0.11155
L2,0,-0.06087
L2,0,-0.01445
L2,0,0.10876
L2,0,0.1735
L2,0,-0.02254
L2,0,-0.1359
L2,0,-0.02117
L2,0,-0.19259
L2,0,0.12686
L2,0,0.18354
L2,0,0.17144
L2,0,0.10278
L2,0,0.15169
L2,0,0.11452
L2,0,-0.18354
L2,0,0.10846
L2,0,0.12308
L2,0,0.08318
L2,0,-0.10264
L2,0,0.1567
L2,0,0.20075
L2,0,-0.16476
L2,0,0.02786
L2,0,0.16856
L2,0,0.15002
L2,0,-0.09358
L2,0,0.19052
L2,0,-0.13804
L2,0,0.13691
L2,0,-0.02578
L2,0,-0.19848
L2,0,-0.10379
L2,0,0.19089
L2,0,-0.05858
L2,0,0.04166
L2,0,0.19881
L2,0,0.13657
L2,0,-0.15651
L2,0,0.0289
L2,0,0.03495
L2,0,-0.11776
L2,0,0.09665
L2,0,0.13928
L2,0,-0.01371
L2,0,0.17682
L2,0,0.00187
L2,0,-0.00791
L2,0,-0.03364
L2,0,-0.04573
L2,0,-0.18653
L2,0,-0.0541
L2,0,0.09776
L2,0,-0.0094
L2,0,-0.09008
L2,0,-0.01669
L2,0,0.11184
L2,0,-0.10497
L2,0,-0.18169
L2,0,-0.05829
L2,0,-0.09676
L2,0,-0.20725
L2,0,0.12504
L2,0,0.1542
L2,0,-0.20459
L2,0,-0.04519
L2,0,0.11443
L2,0,-0.13865
L2,0,0.0388
L2,0,0.03236
L2,0,-0.01767
L2,0,0.01545
L2,0,0.08869
L2,0,0.00843
L2,0,0.16808
L2,0,-0.1112
L2,0,-0.14771
L2,0,0.14003
L2,0,0.19137
L2,0,-0.04052
L2,0,0.04378
L2,0,-0.08001
L2,0,-0.11706
L2,0,-0.03244
L2,0,0.08885
L2,0,0.13821
L2,0,0.05469
L2,0,0.00169
L2,0,0.05775
L2,0,0.20492
L2,0,-0.07548
L2,0,-0.19526
L2,0,-0.07437
L2,0,0.12809
L2,0,-0.13793
L2,0,-0.01366
L2,0,0.12832
L2,0,-0.13178
L2,0,0.06051
L2,0,0.04149
L2,0,-0.13816
L2,0,-0.0317
L2,0,-0.00175
L2,0,-0.08789
L2,0,0.05119
L2,0,-0.00059
L2,0,0.01802
L2,0,-0.06792
L2,0,-0.02434
L2,0,0.0201
L2,0,-0.0614
L2,0,0.054
L2,0,-0.07963
L2,0,0.19764
L2,0,-0.10324
L2,0,-0.16526
L2,0,-0.08732
L2,0,-0.17788
L2,0,-0.18393
L2,0,-0.156
L2,0,0.08068
L2,0,0.03249
L2,0,0.08601
L2,0,-0.02612
L2,0,-0.00814
L2,0,0.07645
L2,0,0.11591
L2,0,-0.08769
L2,0,-0.16897
L2,0,-0.20741
L2,0,-0.17715
L2,0,-0.06685
L2,0,-0.03142
L2,0,-0.17276
L2,0,-0.12979
L2,0,-0.07433
L2,0,-0.12265
L2,0,-0.02055
L2,0,0.13393
L2,0,0.14612
L2,0,-0.15748
L2,0,-0.12305
L2,0,-0.19722
L2,0,-0.04704
L2,0,0.05571
L2,0,-0.04352
L2,0,-0.0023
L2,0,0.21051
L2,0,0.0217
L2,0,-0.11393
L2,0,-0.164
L2,0,0.09042
L2,0,0.08774
L2,0,-0.09627
L2,0,-0.05585
L2,0,-0.04553
L2,0,0.11191
L2,0,0.09444
L2,0,-0.18232
L2,0,-0.06323
L2,0,0.20435
L2,0,0.18574
L2,0,0.10511
L2,0,0.10949
L2,0,-0.01281
L2,0,0.15038
L2,0,0.09804
L2,0,0.13446
L2,0,-0.03247
L2,0,-0.18265
L2,0,0.00111
L2,0,-0.01794
L2,0,-0.06286
L2,0,-0.15203
L2,0,-0.01037
L2,0,0.17686
L2,0,-0.19231
L2,0,-0.18898
L2,0,0.08348
L2,0,0.09819
L2,0,-0.14521
L2,0,-0.15006
L2,0,-0.21261
L2,0,-0.0517
L2,0,0.03605
L2,0,0.08824
L2,0,0.1311
L2,0,0.02613
L2,0,0.07897
L2,0,0.00281
L2,0,-0.18029
L2,0,-0.11315
L2,0,0.15439
L2,0,-0.10448
L2,0,-0.19905
L2,0,-0.13484
L2,0,0.1927
L2,0,0.14655
L2,0,0.08101
L2,0,-0.10183
L2,0,-0.17656
L2,0,0.03265
L2,0,0.01608
L2,0,-0.07603
L2,0,0.11016
L2,0,0.13286
L2,0,0.04555
L2,0,-0.02914
L2,0,0.2054
L2,0,0.16948
L2,0,0.2125
L2,0,-0.09302
L2,0,-0.17292
L2,0,-0.07994
L2,0,0.09746
L2,0,-0.10261
L2,0,0.11185
L2,0,0.13695
L2,0,-0.1361
L2,0,-0.01926
L2,0,-0.02001
L2,0,0.08312
L2,0,-0.16005
L2,0,-0.18491
L2,0,-0.14559
L2,0,0.0012
L2,0,0.21042
L2,0,-0.20318
L2,0,-0.16114
L2,0,-0.08355
L2,1,-0.01404
L2,1,-0.05204
L2,1,0.15089
L2,1,-0.13923
L2,1,-0.01529
L2,1,-0.10595
L2,1,0.02684
L2,1,0.18024
L2,1,0.00117
L2,1,-0.03725
L2,1,0.09198
L2,1,0.01716
L2,1,-0.02227
L2,1,0.01694
L2,1,-0.12281
L2,1,0.03671
L2,1,0.02342
L2,1,0.17035
L2,1,-0.09866
L2,1,-0.13003
L2,1,0.08241
L2,1,0.05585
L2,1,0.09643
L2,1,0.12981
L2,1,0.0621
L2,1,0.19892
L2,1,-0.08173
L2,1,-0.03163
L2,1,0.01481
L2,1,0.08169
L2,1,0.14448
L2,1,-0.00627
L2,1,-0.10673
L2,1,0.00814
L2,1,-0.16266
L2,1,0.10031
L2,1,0.15779
L2,1,0.14146
L2,1,0.08098
L2,1,0.1506
L2,1,0.12033
L2,1,-0.1535
L2,1,0.08084
L2,1,0.13988
L2,1,0.06667
L2,1,-0.07491
L2,1,0.15082
L2,1,0.20594
L2,1,-0.1358
L2,1,0.03675
L2,1,0.14229
L2,1,0.16418
L2,1,-0.06458
L2,1,0.20165
L2,1,-0.10853
L2,1,0.11273
L2,1,-0.03763
L2,1,-0.16872
L2,1,-0.08312
L2,1,0.16102
L2,1,-0.02923
L2,1,0.0678
L2,1,0.16879
L2,1,0.10672
L2,1,-0.12706
L2,1,0.05694
L2,1,0.00701
L2,1,-0.08828
L2,1,0.07248
L2,1,0.10936
L2,1,0.01498
L2,1,0.18199
L2,1,-0.01587
L2,1,0.02018
L2,1,-0.01383
L2,1,-0.05237
L2,1,-0.15712
L2,1,-0.06375
L2,1,0.11673
L2,1,-0.03153
L2,1,-0.06178
L2,1,0.01227
L2,1,0.08254
L2,1,-0.11003
L2,1,-0.15256
L2,1,-0.07577
L2,1,-0.06781
L2,1,-0.17724
L2,1,0.09859
L2,1,0.16839
L2,1,-0.17531
L2,1,-0.0313
L2,1,0.09317
L2,1,-0.10877
L2,1,0.05847
L2,1,0.00645
L2,1,-0.00476
L2,1,-0.00921
L2,1,0.11083
L2,1,0.01429
L2,1,0.14766
L2,1,-0.08126
L2,1,-0.11837
L2,1,0.15727
L2,1,0.1635
L2,1,-0.01148
L2,1,0.0602
L2,1,-0.05156
L2,1,-0.08798
L2,1,-0.00317
L2,1,0.0676
L2,1,0.1425
L2,1,0.07437
L2,1,-0.02587
L2,1,0.03272
L2,1,0.21381
L2,1,-0.0455
L2,1,-0.16549
L2,1,-0.04515
L2,1,0.10134
L2,1,-0.1087
L2,1,-0.03955
L2,1,0.10275
L2,1,-0.10219
L2,1,0.04381
L2,1,0.01869
L2,1,-0.10871
L2,1,-0.00418
L2,1,0.01774
L2,1,-0.05841
L2,1,0.02199
L2,1,0.02549
L2,1,-0.00895
L2,1,-0.03823
L2,1,-0.05112
L2,1,-0.00869
L2,1,-0.03163
L2,1,0.07796
L2,1,-0.06098
L2,1,0.17051
L2,1,-0.07398
L2,1,-0.16219
L2,1,-0.05825
L2,1,-0.14837
L2,1,-0.15397
L2,1,-0.1401
L2,1,0.10784
L2,1,0.05067
L2,1,0.05795
L2,1,-0.02991
L2,1,-0.03788
L2,1,0.04804
L2,1,0.08688
L2,1,-0.09344
L2,1,-0.13903
L2,1,-0.17756
L2,1,-0.14721
L2,1,-0.0374
L2,1,-0.02611
L2,1,-0.14275
L2,1,-0.09982
L2,1,-0.07181
L2,1,-0.09293
L2,1,-0.00916
L2,1,0.15661
L2,1,0.11803
L2,1,-0.1291
L2,1,-0.12256
L2,1,-0.16852
L2,1,-0.0183
L2,1,0.0293
L2,1,-0.04689
L2,1,-0.0162
L2,1,0.18121
L2,1,-0.00739
L2,1,-0.11439
L2,1,-0.13406
L2,1,0.06093
L2,1,0.09324
L2,1,-0.12566
L2,1,-0.0263
L2,1,-0.07484
L2,1,0.08342
L2,1,0.12211
L2,1,-0.15304
L2,1,-0.08697
L2,1,0.17471
L2,1,0.15607
L2,1,0.07572
L2,1,0.08102
L2,1,-0.01772
L2,1,0.12094
L2,1,0.06912
L2,1,0.15361
L2,1,-0.00283
L2,1,-0.15307
L2,1,0.02641
L2,1,-0.04528
L2,1,-0.06834
L2,1,-0.15538
L2,1,0.00774
L2,1,0.14884
L2,1,-0.16234
L2,1,-0.15953
L2,1,0.0992
L2,1,0.12668
L2,1,-0.14686
L2,1,-0.12017
L2,1,-0.1828
L2,1,-0.02285
L2,1,0.02993
L2,1,0.1145
L2,1,0.10232
L2,1,0.05224
L2,1,0.0509
L2,1,0.02889
L2,1,-0.15133
L2,1,-0.14154
L2,1,0.12525
L2,1,-0.07481
L2,1,-0.17122
L2,1,-0.10509
L2,1,0.16325
L2,1,0.11744
L2,1,0.05109
L2,1,-0.07369
L2,1,-0.15657
L2,1,0.06115
L2,1,0.03104
L2,1,-0.04639
L2,1,0.08191
L2,1,0.10301
L2,1,0.06345
L2,1,-0.04456
L2,1,0.17578
L2,1,0.14077
L2,1,0.18367
L2,1,-0.08845
L2,1,-0.1436
L2,1,-0.0848
L2,1,0.06907
L2,1,-0.07327
L2,1,0.0887
L2,1,0.10749
L2,1,-0.10636
L2,1,-0.03169
L2,1,-0.03946
L2,1,0.05457
L2,1,-0.13049
L2,1,-0.15615
L2,1,-0.11645
L2,1,0.02745
L2,1,0.21221
L2,1,-0.17342
L2,1,-0.13114
L2,1,-0.05506
L2,2,-0.02009
L2,2,-0.02262
L2,2,0.13479
L2,2,-0.10956
L2,2,0.00803
L2,2,-0.08389
L2,2,0.04599
L2,2,0.16005
L2,2,0.00957
L2,2,-0.02322
L2,2,0.07605
L2,2,0.0134
L2,2,-0.03661
L2,2,0.04441
L2,2,-0.09276
L2,2,0.02562
L2,2,0.05227
L2,2,0.15994
L2,2,-0.07057
L2,2,-0.10203
L2,2,0.06478
L2,2,0.04019
L2,2,0.09988
L2,2,0.10789
L2,2,0.05788
L2,2,0.19013
L2,2,-0.05267
L2,2,-0.00526
L2,2,0.04245
L2,2,0.05643
L2,2,0.12421
L2,2,-0.00072
L2,2,-0.07981
L2,2,0.03151
L2,2,-0.13429
L2,2,0.08071
L2,2,0.13489
L2,2,0.11242
L2,2,0.08461
L2,2,0.13915
L2,2,0.11814
L2,2,-0.1241
L2,2,0.06292
L2,2,0.12571
L2,2,0.05517
L2,2,-0.05439
L2,2,0.12979
L2,2,0.19673
L2,2,-0.10985
L2,2,0.02635
L2,2,0.11937
L2,2,0.16272
L2,2,-0.03911
L2,2,0.19812
L2,2,-0.08113
L2,2,0.0955
L2,2,-0.02091
L2,2,-0.14059
L2,2,-0.07034
L2,2,0.13316
L2,2,-0.0031
L2,2,0.07147
L2,2,0.14672
L2,2,0.08046
L2,2,-0.10303
L2,2,0.04863
L2,2,-0.012
L2,2,-0.05898
L2,2,0.05592
L2,2,0.09194
L2,2,0.03382
L2,2,0.17615
L2,2,-0.01703
L2,2,0.01976
L2,2,-0.01241
L2,2,-0.0343
L2,2,-0.12845
L2,2,-0.05274
L2,2,0.12481
L2,2,-0.03206
L2,2,-0.0392
L2,2,0.03393
L2,2,0.058
L2,2,-0.08707
L2,2,-0.12684
L2,2,-0.05443
L2,2,-0.04267
L2,2,-0.14742
L2,2,0.08986
L2,2,0.16733
L2,2,-0.15077
L2,2,-0.04456
L2,2,0.1036
L2,2,-0.08144
L2,2,0.06289
L2,2,-0.00169
L2,2,-0.00886
L2,2,-0.02361
L2,2,0.12196
L2,2,-0.00217
L2,2,0.13208
L2,2,-0.05272
L2,2,-0.09332
L2,2,0.14356
L2,2,0.1392
L2,2,0.00877
L2,2,0.0549
L2,2,-0.02874
L2,2,-0.05952
L2,2,0.0243
L2,2,0.07497
L2,2,0.12664
L2,2,0.07355
L2,2,-0.03879
L2,2,0.01573
L2,2,0.19444
L2,2,-0.01558
L2,2,-0.13719
L2,2,-0.02101
L2,2,0.07607
L2,2,-0.08226
L2,2,-0.05407
L2,2,0.08272
L2,2,-0.07263
L2,2,0.03534
L2,2,0.02162
L2,2,-0.08077
L2,2,0.01962
L2,2,0.01481
L2,2,-0.03277
L2,2,-0.00612
L2,2,0.0403
L2,2,-0.01924
L2,2,-0.0101
L2,2,-0.07654
L2,2,-0.03666
L2,2,-0.0141
L2,2,0.08419
L2,2,-0.06088
L2,2,0.15131
L2,2,-0.04657
L2,2,-0.13693
L2,2,-0.03199
L2,2,-0.12054
L2,2,-0.12611
L2,2,-0.14614
L2,2,0.12217
L2,2,0.05192
L2,2,0.03413
L2,2,-0.04289
L2,2,-0.0649
L2,2,0.02108
L2,2,0.06918
L2,2,-0.11921
L2,2,-0.10962
L2,2,-0.14766
L2,2,-0.11948
L2,2,-0.01214
L2,2,-0.04883
L2,2,-0.11355
L2,2,-0.07042
L2,2,-0.06011
L2,2,-0.06361
L2,2,-0.02339
L2,2,0.15768
L2,2,0.09859
L2,2,-0.1048
L2,2,-0.14285
L2,2,-0.1517
L2,2,0.00546
L2,2,0.003
L2,2,-0.06923
L2,2,-0.03581
L2,2,0.15411
L2,2,-0.03393
L2,2,-0.1369
L2,2,-0.10427
L2,2,0.03386
L2,2,0.0715
L2,2,-0.15021
L2,2,0.00088
L2,2,-0.10216
L2,2,0.05843
L2,2,0.1216
L2,2,-0.12551
L2,2,-0.08578
L2,2,0.15074
L2,2,0.12844
L2,2,0.04769
L2,2,0.06269
L2,2,-0.04331
L2,2,0.10157
L2,2,0.05746
L2,2,0.16548
L2,2,0.01562
L2,2,-0.12442
L2,2,0.02706
L2,2,-0.07131
L2,2,-0.05799
L2,2,-0.17716
L2,2,0.00487
L2,2,0.12802
L2,2,-0.13249
L2,2,-0.13094
L2,2,0.09801
L2,2,0.15207
L2,2,-0.16211
L2,2,-0.09129
L2,2,-0.15276
L2,2,-0.01972
L2,2,0.00461
L2,2,0.13573
L2,2,0.07778
L2,2,0.06726
L2,2,0.02805
L2,2,0.04521
L2,2,-0.12488
L2,2,-0.16564
L2,2,0.10318
L2,2,-0.04617
L2,2,-0.14871
L2,2,-0.07527
L2,2,0.13742
L2,2,0.09581
L2,2,0.02453
L2,2,-0.04864
L2,2,-0.15403
L2,2,0.08502
L2,2,0.01842
L2,2,-0.01827
L2,2,0.06178
L2,2,0.08064
L2,2,0.06256
L2,2,-0.03102
L2,2,0.14795
L2,2,0.11751
L2,2,0.15915
L2,2,-0.0762
L2,2,-0.11723
L2,2,-0.10641
L2,2,0.05394
L2,2,-0.04698
L2,2,0.07032
L2,2,0.08029
L2,2,-0.07849
L2,2,-0.01294
L2,2,-0.03341
L2,2,0.02921
L2,2,-0.10163
L2,2,-0.12948
L2,2,-0.09011
L2,2,0.03945
L2,2,0.22955
L2,2,-0.14482
L2,2,-0.10131
L2,2,-0.04495
L2,3,-0.02018
L2,3,0.00383
L2,3,0.11461
L2,3,-0.08007
L2,3,0.02027
L2,3,-0.06319
L2,3,0.05984
L2,3,0.14492
L2,3,0.01989
L2,3,-0.01433
L2,3,0.07241
L2,3,0.00893
L2,3,-0.03773
L2,3,0.06814
L2,3,-0.06341
L2,3,0.02153
L2,3,0.07378
L2,3,0.15668
L2,3,-0.0438
L2,3,-0.07633
L2,3,0.04383
L2,3,0.0352
L2,3,0.09979
L2,3,0.08994
L2,3,0.04493
L2,3,0.18406
L2,3,-0.02542
L2,3,0.01953
L2,3,0.06387
L2,3,0.03631
L2,3,0.10554
L2,3,0.00686
L2,3,-0.05247
L2,3,0.04715
L2,3,-0.10811
L2,3,0.06617
L2,3,0.11347
L2,3,0.08612
L2,3,0.09024
L2,3,0.13349
L2,3,0.11701
L2,3,-0.09738
L2,3,0.05087
L2,3,0.10655
L2,3,0.04986
L2,3,-0.03732
L2,3,0.11243
L2,3,0.18871
L2,3,-0.08521
L2,3,0.01235
L2,3,0.098
L2,3,0.1597
L2,3,-0.01934
L2,3,0.19352
L2,3,-0.05722
L2,3,0.07982
L2,3,-0.00071
L2,3,-0.11453
L2,3,-0.04962
L2,3,0.10651
L2,3,0.0153
L2,3,0.05834
L2,3,0.12885
L2,3,0.05908
L2,3,-0.08381
L2,3,0.03391
L2,3,-0.01971
L2,3,-0.03013
L2,3,0.04085
L2,3,0.08218
L2,3,0.04182
L2,3,0.17269
L2,3,-0.01225
L2,3,0.0155
L2,3,-0.00938
L2,3,-0.01424
L2,3,-0.09983
L2,3,-0.03644
L2,3,0.13
L2,3,-0.02182
L2,3,-0.01806
L2,3,0.046
L2,3,0.03733
L2,3,-0.06299
L2,3,-0.10439
L2,3,-0.03199
L2,3,-0.02247
L2,3,-0.11792
L2,3,0.09608
L2,3,0.16455
L2,3,-0.13002
L2,3,-0.0371
L2,3,0.11477
L2,3,-0.05776
L2,3,0.06195
L2,3,0.00112
L2,3,-0.00802
L2,3,-0.03125
L2,3,0.12731
L2,3,-0.01576
L2,3,0.11088
L2,3,-0.02691
L2,3,-0.07328
L2,3,0.12183
L2,3,0.11534
L2,3,0.02054
L2,3,0.04224
L2,3,-0.00956
L2,3,-0.03138
L2,3,0.04682
L2,3,0.08302
L2,3,0.11346
L2,3,0.06649
L2,3,-0.03921
L2,3,-0.00171
L2,3,0.16908
L2,3,0.01214
L2,3,-0.1114
L2,3,-0.00201
L2,3,0.05289
L2,3,-0.05976
L2,3,-0.05866
L2,3,0.06608
L2,3,-0.04276
L2,3,0.02828
L2,3,0.03505
L2,3,-0.05432
L2,3,0.03965
L2,3,0.00519
L2,3,-0.02948
L2,3,-0.0307
L2,3,0.04724
L2,3,-0.01697
L2,3,0.01462
L2,3,-0.09481
L2,3,-0.06211
L2,3,-0.01376
L2,3,0.08343
L2,3,-0.06332
L2,3,0.14152
L2,3,-0.02199
L2,3,-0.11683
L2,3,-0.00835
L2,3,-0.09381
L2,3,-0.1097
L2,3,-0.15581
L2,3,0.13387
L2,3,0.04585
L2,3,0.02269
L2,3,-0.04482
L2,3,-0.08961
L2,3,-0.00017
L2,3,0.06659
L2,3,-0.14401
L2,3,-0.08094
L2,3,-0.11857
L2,3,-0.09858
L2,3,0.00494
L2,3,-0.07374
L2,3,-0.08573
L2,3,-0.04302
L2,3,-0.06469
L2,3,-0.03526
L2,3,-0.03782
L2,3,0.16078
L2,3,0.09219
L2,3,-0.08975
L2,3,-0.16449
L2,3,-0.15322
L2,3,0.0258
L2,3,-0.01982
L2,3,-0.08871
L2,3,-0.05393
L2,3,0.13046
L2,3,-0.05615
L2,3,-0.15917
L2,3,-0.0753
L2,3,0.01115
L2,3,0.04872
L2,3,-0.17263
L2,3,0.02189
L2,3,-0.12818
L2,3,0.03717
L2,3,0.11506
L2,3,-0.09886
L2,3,-0.06978
L2,3,0.1321
L2,3,0.10588
L2,3,0.02328
L2,3,0.05642
L2,3,-0.06775
L2,3,0.08982
L2,3,0.0516
L2,3,0.18293
L2,3,0.01434
L2,3,-0.09699
L2,3,0.013
L2,3,-0.09404
L2,3,-0.05815
L2,3,-0.19909
L2,3,-0.00133
L2,3,0.11833
L2,3,-0.10373
L2,3,-0.10331
L2,3,0.10986
L2,3,0.17532
L2,3,-0.17732
L2,3,-0.06424
L2,3,-0.12365
L2,3,-0.03562
L2,3,-0.01474
L2,3,0.15496
L2,3,0.05761
L2,3,0.0853
L2,3,0.01055
L2,3,0.05566
L2,3,-0.10289
L2,3,-0.18814
L2,3,0.08805
L2,3,-0.02022
L2,3,-0.13713
L2,3,-0.0461
L2,3,0.1165
L2,3,0.08333
L2,3,0.00297
L2,3,-0.02695
L2,3,-0.16834
L2,3,0.10613
L2,3,0.00226
L2,3,0.00515
L2,3,0.04841
L2,3,0.06956
L2,3,0.06307
L2,3,-0.01223
L2,3,0.12684
L2,3,0.10279
L2,3,0.13696
L2,3,-0.08523
L2,3,-0.09916
L2,3,-0.1271
L2,3,0.05275
L2,3,-0.02424
L2,3,0.06315
L2,3,0.05591
L2,3,-0.05557
L2,3,0.0104
L2,3,-0.01922
L2,3,0.00662
L2,3,-0.07413
L2,3,-0.10448
L2,3,-0.06647
L2,3,0.03831
L2,3,0.24727
L2,3,-0.11731
L2,3,-0.07242
L2,3,-0.04861
L2,5,-0.01136
L2,5,0.04014
L2,5,0.07373
L2,5,-0.02259
L2,5,0.01517
L2,5,-0.0178
L2,5,0.07071
L2,5,0.11094
L2,5,0.02552
L2,5,-0.0198
L2,5,0.06944
L2,5,-0.00393
L2,5,-0.01757
L2,5,0.08873
L2,5,-0.01071
L2,5,0.02056
L2,5,0.08884
L2,5,0.15458
L2,5,-0.01729
L2,5,-0.02993
L2,5,0.00425
L2,5,0.0309
L2,5,0.09226
L2,5,0.05599
L2,5,0.01901
L2,5,0.1678
L2,5,0.01887
L2,5,0.0553
L2,5,0.07942
L2,5,0.01679
L2,5,0.07643
L2,5,0.00388
L2,5,-0.00467
L2,5,0.06034
L2,5,-0.06193
L2,5,0.04944
L2,5,0.0795
L2,5,0.04506
L2,5,0.08596
L2,5,0.12686
L2,5,0.11123
L2,5,-0.0493
L2,5,0.03649
L2,5,0.07986
L2,5,0.04105
L2,5,0.00392
L2,5,0.08237
L2,5,0.17033
L2,5,-0.03546
L2,5,-0.00737
L2,5,0.05905
L2,5,0.15081
L2,5,0.00944
L2,5,0.18014
L2,5,-0.01969
L2,5,0.05429
L2,5,0.03137
L2,5,-0.07005
L2,5,-0.00919
L2,5,0.06253
L2,5,0.03011
L2,5,0.02401
L2,5,0.10597
L2,5,0.02661
L2,5,-0.05124
L2,5,0.00861
L2,5,-0.01038
L2,5,0.01603
L2,5,0.01645
L2,5,0.06838
L2,5,0.05075
L2,5,0.16849
L2,5,0.00183
L2,5,0.00253
L2,5,-0.00543
L2,5,0.01543
L2,5,-0.04858
L2,5,-0.02217
L2,5,0.13116
L2,5,0.0029
L2,5,0.02334
L2,5,0.05483
L2,5,0.00543
L2,5,-0.02875
L2,5,-0.0658
L2,5,-0.01776
L2,5,0.00532
L2,5,-0.05919
L2,5,0.10012
L2,5,0.15615
L2,5,-0.09165
L2,5,-0.00286
L2,5,0.11992
L2,5,-0.01947
L2,5,0.05416
L2,5,-0.00136
L2,5,-1e-04
L2,5,-0.03393
L2,5,0.12798
L2,5,-0.02823
L2,5,0.06444
L2,5,0.01223
L2,5,-0.04304
L2,5,0.07809
L2,5,0.07059
L2,5,0.02442
L2,5,0.01888
L2,5,0.01727
L2,5,0.00742
L2,5,0.07449
L2,5,0.08512
L2,5,0.09658
L2,5,0.0494
L2,5,-0.02551
L2,5,-0.0245
L2,5,0.11676
L2,5,0.04722
L2,5,-0.0691
L2,5,0.0201
L2,5,0.01978
L2,5,-0.02841
L2,5,-0.05136
L2,5,0.04569
L2,5,0.00712
L2,5,0.01386
L2,5,0.05207
L2,5,-0.00972
L2,5,0.05564
L2,5,-0.00873
L2,5,-0.04818
L2,5,-0.06879
L2,5,0.04973
L2,5,0.00126
L2,5,0.04885
L2,5,-0.11046
L2,5,-0.10121
L2,5,-0.02736
L2,5,0.10685
L2,5,-0.07411
L2,5,0.14144
L2,5,0.01391
L2,5,-0.11313
L2,5,0.02586
L2,5,-0.04517
L2,5,-0.11531
L2,5,-0.16922
L2,5,0.15912
L2,5,0.04675
L2,5,0.02461
L2,5,-0.02746
L2,5,-0.12787
L2,5,-0.0263
L2,5,0.08101
L2,5,-0.18525
L2,5,-0.03628
L2,5,-0.07273
L2,5,-0.08481
L2,5,0.02233
L2,5,-0.11602
L2,5,-0.03553
L2,5,0.00154
L2,5,-0.07067
L2,5,0.01039
L2,5,-0.03783
L2,5,0.15867
L2,5,0.10335
L2,5,-0.08909
L2,5,-0.20074
L2,5,-0.17088
L2,5,0.05814
L2,5,-0.03674
L2,5,-0.1174
L2,5,-0.08019
L2,5,0.09356
L2,5,-0.07986
L2,5,-0.19625
L2,5,-0.02504
L2,5,-0.01823
L2,5,0.01701
L2,5,-0.21007
L2,5,0.02468
L2,5,-0.17323
L2,5,0.00562
L2,5,0.10159
L2,5,-0.05009
L2,5,-0.02686
L2,5,0.10561
L2,5,0.07719
L2,5,-0.0111
L2,5,0.06124
L2,5,-0.09779
L2,5,0.07433
L2,5,0.03468
L2,5,0.20464
L2,5,-0.00651
L2,5,-0.04754
L2,5,-0.0126
L2,5,-0.12389
L2,5,-0.06062
L2,5,-0.23179
L2,5,-0.00292
L2,5,0.11058
L2,5,-0.05142
L2,5,-0.05336
L2,5,0.14175
L2,5,0.21186
L2,5,-0.20466
L2,5,-0.01786
L2,5,-0.07797
L2,5,-0.06494
L2,5,-0.02851
L2,5,0.18566
L2,5,0.02628
L2,5,0.12208
L2,5,-0.01192
L2,5,0.07987
L2,5,-0.08914
L2,5,-0.22251
L2,5,0.06345
L2,5,0.01697
L2,5,-0.1421
L2,5,0.0034
L2,5,0.0871
L2,5,0.07432
L2,5,-0.022
L2,5,0.00559
L2,5,-0.19777
L2,5,0.14217
L2,5,-0.02772
L2,5,0.02494
L2,5,0.03053
L2,5,0.06033
L2,5,0.06368
L2,5,0.01567
L2,5,0.10981
L2,5,0.08432
L2,5,0.10043
L2,5,-0.11018
L2,5,-0.09234
L2,5,-0.16026
L2,5,0.06338
L2,5,0.00906
L2,5,0.07126
L2,5,0.01865
L2,5,-0.03723
L2,5,0.03518
L2,5,0.00847
L2,5,-0.02393
L2,5,-0.02437
L2,5,-0.05953
L2,5,-0.02638
L2,5,0.02666
L2,5,0.26957
L2,5,-0.07238
L2,5,-0.02108
L2,5,-0.05259
L2,7,0.00013
L2,7,0.04981
L2,7,0.03722
L2,7,0.0177
L2,7,-0.00347
L2,7,0.01755
L2,7,0.06061
L2,7,0.07608
L2,7,0.01292
L2,7,-0.02486
L2,7,0.06009
L2,7,-0.01395
L2,7,0.00571
L2,7,0.08674
L2,7,0.02315
L2,7,0.01749
L2,7,0.08481
L2,7,0.1404
L2,7,-0.01262
L2,7,0.006
L2,7,-0.01844
L2,7,0.02971
L2,7,0.0743
L2,7,0.03937
L2,7,0.00082
L2,7,0.14363
L2,7,0.04119
L2,7,0.06312
L2,7,0.07655
L2,7,0.00426
L2,7,0.0517
L2,7,-0.00356
L2,7,0.02065
L2,7,0.05421
L2,7,-0.02174
L2,7,0.04205
L2,7,0.05867
L2,7,0.02017
L2,7,0.06794
L2,7,0.11512
L2,7,0.0962
L2,7,-0.00682
L2,7,0.02614
L2,7,0.06056
L2,7,0.03424
L2,7,0.02432
L2,7,0.05925
L2,7,0.14474
L2,7,0.00596
L2,7,-0.01535
L2,7,0.02961
L2,7,0.13315
L2,7,0.01937
L2,7,0.1573
L2,7,0.00497
L2,7,0.03908
L2,7,0.03528
L2,7,-0.03522
L2,7,0.00944
L2,7,0.03647
L2,7,0.02356
L2,7,-0.00261
L2,7,0.09404
L2,7,0.00694
L2,7,-0.0217
L2,7,-0.00633
L2,7,0.00598
L2,7,0.02715
L2,7,-0.00057
L2,7,0.05233
L2,7,0.04438
L2,7,0.16191
L2,7,0.0076
L2,7,-0.00965
L2,7,0.0014
L2,7,0.01834
L2,7,-0.01988
L2,7,-0.01858
L2,7,0.11893
L2,7,0.01372
L2,7,0.04352
L2,7,0.04589
L2,7,-0.01379
L2,7,-0.01911
L2,7,-0.03456
L2,7,-0.01685
L2,7,0.01932
L2,7,-0.00912
L2,7,0.08544
L2,7,0.14635
L2,7,-0.05173
L2,7,0.01424
L2,7,0.1068
L2,7,0.00775
L2,7,0.03996
L2,7,-0.00787
L2,7,0.00431
L2,7,-0.02656
L2,7,0.11601
L2,7,-0.0284
L2,7,0.02394
L2,7,0.02741
L2,7,-0.02133
L2,7,0.04028
L2,7,0.03663
L2,7,0.01275
L2,7,0.00025
L2,7,0.03091
L2,7,0.02538
L2,7,0.07588
L2,7,0.06935
L2,7,0.08077
L2,7,0.03444
L2,7,-0.0062
L2,7,-0.02655
L2,7,0.0715
L2,7,0.05499
L2,7,-0.03874
L2,7,0.02246
L2,7,-0.00145
L2,7,-0.00034
L2,7,-0.03332
L2,7,0.04116
L2,7,0.03022
L2,7,0.00356
L2,7,0.04747
L2,7,0.01795
L2,7,0.04978
L2,7,-0.00421
L2,7,-0.0592
L2,7,-0.08333
L2,7,0.03529
L2,7,0.00945
L2,7,0.04843
L2,7,-0.10903
L2,7,-0.11898
L2,7,-0.02888
L2,7,0.10827
L2,7,-0.06963
L2,7,0.13917
L2,7,0.02606
L2,7,-0.1061
L2,7,0.03211
L2,7,-0.00914
L2,7,-0.11637
L2,7,-0.17349
L2,7,0.17072
L2,7,0.04356
L2,7,0.01128
L2,7,-0.00155
L2,7,-0.14324
L2,7,-0.03241
L2,7,0.08036
L2,7,-0.21058
L2,7,-0.01717
L2,7,-0.053
L2,7,-0.08433
L2,7,0.01561
L2,7,-0.13316
L2,7,0.00208
L2,7,0.02587
L2,7,-0.0623
L2,7,0.03349
L2,7,-0.01408
L2,7,0.13087
L2,7,0.10789
L2,7,-0.09396
L2,7,-0.21554
L2,7,-0.18074
L2,7,0.06179
L2,7,-0.02543
L2,7,-0.11441
L2,7,-0.08171
L2,7,0.06306
L2,7,-0.07575
L2,7,-0.21944
L2,7,0.0084
L2,7,-0.02865
L2,7,-0.00013
L2,7,-0.22859
L2,7,0.00154
L2,7,-0.20346
L2,7,-0.01296
L2,7,0.08561
L2,7,-0.01358
L2,7,0.00912
L2,7,0.08159
L2,7,0.05892
L2,7,-0.02583
L2,7,0.0568
L2,7,-0.0909
L2,7,0.05832
L2,7,0.0128
L2,7,0.19114
L2,7,-0.00541
L2,7,-0.00894
L2,7,-0.01932
L2,7,-0.12264
L2,7,-0.05268
L2,7,-0.23743
L2,7,0.0029
L2,7,0.09869
L2,7,-0.01053
L2,7,-0.01371
L2,7,0.14465
L2,7,0.22394
L2,7,-0.22086
L2,7,0.01332
L2,7,-0.05565
L2,7,-0.07138
L2,7,-0.0182
L2,7,0.1929
L2,7,0.00022
L2,7,0.12511
L2,7,-0.02157
L2,7,0.07803
L2,7,-0.09316
L2,7,-0.22697
L2,7,0.04015
L2,7,0.02299
L2,7,-0.14953
L2,7,0.02994
L2,7,0.06765
L2,7,0.0662
L2,7,-0.02229
L2,7,0.02122
L2,7,-0.21088
L2,7,0.14292
L2,7,-0.04036
L2,7,0.01304
L2,7,0.01506
L2,7,0.04794
L2,7,0.05193
L2,7,0.01445
L2,7,0.10489
L2,7,0.06535
L2,7,0.07151
L2,7,-0.10761
L2,7,-0.08993
L2,7,-0.16603
L2,7,0.06049
L2,7,0.02351
L2,7,0.07516
L2,7,-0.00362
L2,7,-0.03422
L2,7,0.01601
L2,7,0.01541
L2,7,-0.03405
L2,7,0.00959
L2,7,-0.02329
L2,7,0.00467
L2,7,0.01762
L2,7,0.26094
L2,7,-0.04673
L2,7,0.01445
L2,7,-0.05213
L2,10,0.0069
L2,10,0.04132
L2,10,0.01016
L2,10,0.02733
L2,10,-0.00702
L2,10,0.0164
L2,10,0.04706
L2,10,0.04004
L2,10,0.00526
L2,10,-0.03124
L2,10,0.04205
L2,10,-0.02506
L2,10,0.01241
L2,10,0.07568
L2,10,0.01588
L2,10,0.00944
L2,10,0.07171
L2,10,0.11427
L2,10,-0.01936
L2,10,0.01607
L2,10,-0.01852
L2,10,0.02505
L2,10,0.0493
L2,10,0.03797
L2,10,-0.01313
L2,10,0.10823
L2,10,0.0455
L2,10,0.05998
L2,10,0.0654
L2,10,-0.00674
L2,10,0.03138
L2,10,0.00102
L2,10,0.01427
L2,10,0.04
L2,10,0.0146
L2,10,0.03953
L2,10,0.03922
L2,10,0.00297
L2,10,0.038
L2,10,0.09574
L2,10,0.07187
L2,10,0.01129
L2,10,0.00837
L2,10,0.04739
L2,10,0.03182
L2,10,0.01627
L2,10,0.04844
L2,10,0.10809
L2,10,0.02852
L2,10,-0.0105
L2,10,0.00202
L2,10,0.10871
L2,10,0.0021
L2,10,0.12078
L2,10,0.02038
L2,10,0.02412
L2,10,0.02431
L2,10,-2e-05
L2,10,0.00499
L2,10,0.01601
L2,10,0.00084
L2,10,-0.0238
L2,10,0.08304
L2,10,-0.01332
L2,10,0.01001
L2,10,-0.02055
L2,10,0.00423
L2,10,0.00042
L2,10,-0.01201
L2,10,0.03279
L2,10,0.03338
L2,10,0.14495
L2,10,-0.00079
L2,10,-0.02355
L2,10,0.00244
L2,10,-0.00305
L2,10,-0.00939
L2,10,-0.02218
L2,10,0.09673
L2,10,0.00133
L2,10,0.05335
L2,10,0.03306
L2,10,-0.01882
L2,10,-0.02276
L2,10,-0.0128
L2,10,-0.02203
L2,10,0.02095
L2,10,0.01727
L2,10,0.05289
L2,10,0.13004
L2,10,0.00461
L2,10,-0.00964
L2,10,0.07501
L2,10,0.01961
L2,10,0.01711
L2,10,-0.01979
L2,10,-0.00081
L2,10,-0.00939
L2,10,0.09128
L2,10,-0.03005
L2,10,-0.00073
L2,10,0.01925
L2,10,-0.00544
L2,10,-0.00254
L2,10,0.00726
L2,10,-0.00601
L2,10,-0.0168
L2,10,0.03016
L2,10,0.01974
L2,10,0.06209
L2,10,0.04614
L2,10,0.0611
L2,10,0.01478
L2,10,0.01088
L2,10,-0.02217
L2,10,0.02138
L2,10,0.0427
L2,10,-0.00903
L2,10,0.00616
L2,10,-0.0141
L2,10,0.01631
L2,10,-0.00462
L2,10,0.04306
L2,10,0.03594
L2,10,-0.01032
L2,10,0.03899
L2,10,0.02448
L2,10,0.03837
L2,10,0.00467
L2,10,-0.06481
L2,10,-0.07122
L2,10,0.01087
L2,10,-0.00304
L2,10,0.01938
L2,10,-0.08879
L2,10,-0.10675
L2,10,-0.02474
L2,10,0.09618
L2,10,-0.04082
L2,10,0.122
L2,10,0.0112
L2,10,-0.10281
L2,10,0.02194
L2,10,0.0051
L2,10,-0.10325
L2,10,-0.15515
L2,10,0.16413
L2,10,0.02369
L2,10,-0.01933
L2,10,0.00883
L2,10,-0.13842
L2,10,-0.01782
L2,10,0.05468
L2,10,-0.21799
L2,10,-0.03192
L2,10,-0.06766
L2,10,-0.09761
L2,10,-0.00717
L2,10,-0.12666
L2,10,0.02635
L2,10,0.02454
L2,10,-0.06881
L2,10,0.02938
L2,10,0.01097
L2,10,0.10237
L2,10,0.08636
L2,10,-0.09555
L2,10,-0.20225
L2,10,-0.17333
L2,10,0.04032
L2,10,0.00385
L2,10,-0.1075
L2,10,-0.09388
L2,10,0.02843
L2,10,-0.03969
L2,10,-0.23133
L2,10,0.02771
L2,10,-0.02029
L2,10,0.00136
L2,10,-0.22023
L2,10,-0.01697
L2,10,-0.21621
L2,10,-0.02066
L2,10,0.07144
L2,10,-7e-05
L2,10,0.02378
L2,10,0.05969
L2,10,0.03853
L2,10,-0.01937
L2,10,0.03597
L2,10,-0.04813
L2,10,0.04081
L2,10,-0.01108
L2,10,0.15833
L2,10,0.00464
L2,10,0.02162
L2,10,-0.006
L2,10,-0.10318
L2,10,-0.06513
L2,10,-0.21992
L2,10,-0.00191
L2,10,0.08084
L2,10,0.02229
L2,10,0.01957
L2,10,0.12245
L2,10,0.20871
L2,10,-0.21766
L2,10,0.02626
L2,10,-0.06376
L2,10,-0.07521
L2,10,0.00569
L2,10,0.18283
L2,10,-0.01653
L2,10,0.09074
L2,10,-0.01969
L2,10,0.04836
L2,10,-0.08645
L2,10,-0.2039
L2,10,0.01531
L2,10,0.0082
L2,10,-0.14529
L2,10,0.03148
L2,10,0.0494
L2,10,0.05364
L2,10,-0.00128
L2,10,0.01738
L2,10,-0.20126
L2,10,0.13091
L2,10,-0.05737
L2,10,-0.0081
L2,10,-0.0004
L2,10,0.02364
L2,10,0.02421
L2,10,-0.00693
L2,10,0.09793
L2,10,0.04252
L2,10,0.05407
L2,10,-0.08144
L2,10,-0.0769
L2,10,-0.15031
L2,10,0.03958
L2,10,0.01645
L2,10,0.06781
L2,10,-0.01358
L2,10,-0.05048
L2,10,-0.00806
L2,10,-0.00218
L2,10,-0.02446
L2,10,0.01166
L2,10,0.01058
L2,10,0.02118
L2,10,0.01491
L2,10,0.23128
L2,10,-0.04939
L2,10,0.02804
L2,10,-0.07621
L2,15,-0.00222
L2,15,0.02599
L2,15,0.00927
L2,15,-0.00498
L2,15,0.0025
L2,15,-0.00431
L2,15,0.03689
L2,15,0.02343
L2,15,0.00167
L2,15,-0.03914
L2,15,0.0252
L2,15,-0.03691
L2,15,-0.006
L2,15,0.05626
L2,15,-0.01861
L2,15,-0.00266
L2,15,0.05295
L2,15,0.07691
L2,15,-0.03619
L2,15,-0.00945
L2,15,-0.00251
L2,15,0.02655
L2,15,0.03035
L2,15,0.03659
L2,15,-0.0205
L2,15,0.07629
L2,15,0.02417
L2,15,0.04656
L2,15,0.04748
L2,15,-0.00198
L2,15,0.02173
L2,15,-0.00129
L2,15,-0.00604
L2,15,0.02713
L2,15,0.02047
L2,15,0.04928
L2,15,0.02085
L2,15,-0.01282
L2,15,0.01455
L2,15,0.06641
L2,15,0.05297
L2,15,-0.01022
L2,15,-0.00696
L2,15,0.04065
L2,15,0.03059
L2,15,0.00315
L2,15,0.0478
L2,15,0.08089
L2,15,-0.00157
L2,15,0.00407
L2,15,-0.01224
L2,15,0.07587
L2,15,0.00294
L2,15,0.08001
L2,15,0.01057
L2,15,0.00732
L2,15,0.00028
L2,15,0.01626
L2,15,-0.01872
L2,15,-0.00976
L2,15,-0.00635
L2,15,-0.03034
L2,15,0.07796
L2,15,-0.02116
L2,15,0.00993
L2,15,-0.03498
L2,15,-0.00076
L2,15,-0.00243
L2,15,-0.00504
L2,15,0.02221
L2,15,0.02426
L2,15,0.10258
L2,15,0.00098
L2,15,-0.03575
L2,15,-0.00074
L2,15,0.00054
L2,15,-0.02342
L2,15,-0.03677
L2,15,0.06987
L2,15,-0.00082
L2,15,0.04381
L2,15,0.02576
L2,15,0.00043
L2,15,-0.03774
L2,15,-0.01345
L2,15,-0.0342
L2,15,0.00312
L2,15,-0.00796
L2,15,0.01757
L2,15,0.08725
L2,15,0.02188
L2,15,-0.00194
L2,15,0.03727
L2,15,-0.00926
L2,15,0.00203
L2,15,-0.02794
L2,15,0.00107
L2,15,0.00646
L2,15,0.06264
L2,15,-0.03566
L2,15,0.00702
L2,15,-0.00867
L2,15,0.00025
L2,15,-0.02727
L2,15,-0.00677
L2,15,-0.00104
L2,15,-0.02549
L2,15,0.01416
L2,15,-0.01028
L2,15,0.04284
L2,15,0.03103
L2,15,0.0402
L2,15,-0.00079
L2,15,0.00043
L2,15,-0.02443
L2,15,-0.01234
L2,15,0.02257
L2,15,0.01302
L2,15,-0.00669
L2,15,0.00061
L2,15,-0.00714
L2,15,0.01116
L2,15,0.05135
L2,15,0.01983
L2,15,-0.02936
L2,15,0.02831
L2,15,-0.00183
L2,15,0.02919
L2,15,-0.00112
L2,15,-0.07145
L2,15,-0.06497
L2,15,-0.00617
L2,15,0.00272
L2,15,0.0069
L2,15,-0.09646
L2,15,-0.08663
L2,15,-0.0095
L2,15,0.1062
L2,15,-0.00088
L2,15,0.11116
L2,15,-0.0084
L2,15,-0.10336
L2,15,0.01157
L2,15,-0.00682
L2,15,-0.10239
L2,15,-0.11637
L2,15,0.14249
L2,15,0.00203
L2,15,0.00036
L2,15,-0.00957
L2,15,-0.1232
L2,15,0.00063
L2,15,0.04188
L2,15,-0.17628
L2,15,-0.05876
L2,15,-0.09635
L2,15,-0.10142
L2,15,0.00245
L2,15,-0.07684
L2,15,0.0074
L2,15,-0.00408
L2,15,-0.08143
L2,15,0.02232
L2,15,-0.01181
L2,15,0.06376
L2,15,0.04584
L2,15,-0.07107
L2,15,-0.17742
L2,15,-0.14883
L2,15,0.03307
L2,15,0.00536
L2,15,-0.11684
L2,15,-0.09256
L2,15,0.00749
L2,15,0.00302
L2,15,-0.18986
L2,15,0.01508
L2,15,0.00452
L2,15,0.00039
L2,15,-0.18724
L2,15,-0.00128
L2,15,-0.17994
L2,15,-0.00617
L2,15,0.03264
L2,15,-0.02068
L2,15,-0.00612
L2,15,0.04808
L2,15,0.01768
L2,15,0.00589
L2,15,0.04466
L2,15,-0.00508
L2,15,0.03481
L2,15,-0.01232
L2,15,0.13487
L2,15,0.00157
L2,15,0.01358
L2,15,0.00571
L2,15,-0.09891
L2,15,-0.07929
L2,15,-0.19251
L2,15,-0.00081
L2,15,0.08589
L2,15,0.01483
L2,15,0.01536
L2,15,0.10488
L2,15,0.17687
L2,15,-0.19721
L2,15,0.00095
L2,15,-0.08107
L2,15,-0.08497
L2,15,0.00143
L2,15,0.15804
L2,15,-0.00162
L2,15,0.08118
L2,15,-0.00212
L2,15,0.03545
L2,15,-0.05487
L2,15,-0.18465
L2,15,0.00841
L2,15,0.00725
L2,15,-0.1334
L2,15,0.01908
L2,15,0.02678
L2,15,0.04581
L2,15,0.00475
L2,15,-0.00539
L2,15,-0.17959
L2,15,0.10933
L2,15,-0.07392
L2,15,0.0036
L2,15,-0.00742
L2,15,0.00421
L2,15,-0.00593
L2,15,0.0039
L2,15,0.08188
L2,15,0.03214
L2,15,0.05134
L2,15,-0.08416
L2,15,-0.09147
L2,15,-0.13708
L2,15,0.01726
L2,15,-0.00678
L2,15,0.0651
L2,15,-0.01641
L2,15,-0.07001
L2,15,-0.00091
L2,15,0.00128
L2,15,0.00346
L2,15,-0.00651
L2,15,0.01693
L2,15,-0.00426
L2,15,0.01997
L2,15,0.19172
L2,15,-0.0714
L2,15,-0.00158
L2,15,-0.09141
L2,20,0.00044
L2,20,0.01976
L2,20,0.01339
L2,20,-0.01236
L2,20,-0.00018
L2,20,-0.00082
L2,20,0.03032
L2,20,0.02361
L2,20,-0.0044
L2,20,-0.03789
L2,20,0.0322
L2,20,-0.03899
L2,20,0.00271
L2,20,0.04474
L2,20,-0.01446
L2,20,-0.00782
L2,20,0.04304
L2,20,0.05682
L2,20,-0.04589
L2,20,-0.01206
L2,20,-0.00642
L2,20,0.04057
L2,20,0.03051
L2,20,0.04936
L2,20,-0.01906
L2,20,0.06274
L2,20,0.01405
L2,20,0.03542
L2,20,0.03844
L2,20,0.00212
L2,20,0.02265
L2,20,-0.00032
L2,20,0.00248
L2,20,0.02251
L2,20,0.01395
L2,20,0.06416
L2,20,0.01271
L2,20,-0.01973
L2,20,0.01104
L2,20,0.06132
L2,20,0.05105
L2,20,-0.02148
L2,20,-0.00113
L2,20,0.03729
L2,20,0.02831
L2,20,-0.00581
L2,20,0.06837
L2,20,0.06853
L2,20,-0.00719
L2,20,0.0006
L2,20,-0.01486
L2,20,0.06629
L2,20,-0.00066
L2,20,0.06055
L2,20,-0.00273
L2,20,0.0033
L2,20,-0.00621
L2,20,0.00577
L2,20,-0.0273
L2,20,-0.01724
L2,20,0.00339
L2,20,-0.02758
L2,20,0.10668
L2,20,-0.01711
L2,20,0.01449
L2,20,-0.03944
L2,20,-0.00073
L2,20,0.00133
L2,20,0.00275
L2,20,0.02398
L2,20,0.02102
L2,20,0.07425
L2,20,-0.00091
L2,20,-0.03484
L2,20,-9e-05
L2,20,-0.00046
L2,20,-0.03788
L2,20,-0.04997
L2,20,0.06685
L2,20,-3e-05
L2,20,0.03207
L2,20,0.02261
L2,20,0.00389
L2,20,-0.04948
L2,20,-0.00071
L2,20,-0.04101
L2,20,-0.00441
L2,20,-0.02393
L2,20,0.01132
L2,20,0.06554
L2,20,0.00401
L2,20,-0.00152
L2,20,0.03019
L2,20,-0.00795
L2,20,-0.00861
L2,20,-0.025
L2,20,-0.0006
L2,20,0.00197
L2,20,0.06221
L2,20,-0.04012
L2,20,0.01732
L2,20,-0.0044
L2,20,0.00479
L2,20,-0.01696
L2,20,-0.0058
L2,20,0.0017
L2,20,-0.02643
L2,20,0.00946
L2,20,-0.02319
L2,20,0.03252
L2,20,0.02589
L2,20,0.0303
L2,20,-0.00532
L2,20,-0.0023
L2,20,-0.02749
L2,20,-0.00519
L2,20,0.01814
L2,20,0.01301
L2,20,0.00256
L2,20,0.00251
L2,20,-0.00058
L2,20,-7e-05
L2,20,0.06583
L2,20,0.0088
L2,20,-0.04237
L2,20,0.02051
L2,20,-0.00469
L2,20,0.02606
L2,20,-0.00071
L2,20,-0.07619
L2,20,-0.06067
L2,20,-0.00774
L2,20,-0.00099
L2,20,0.00128
L2,20,-0.08946
L2,20,-0.09381
L2,20,-0.01046
L2,20,0.10528
L2,20,-0.0027
L2,20,0.10974
L2,20,0.00312
L2,20,-0.11338
L2,20,0.01795
L2,20,-0.00021
L2,20,-0.11152
L2,20,-0.09017
L2,20,0.14306
L2,20,0.00436
L2,20,0.00036
L2,20,-0.01061
L2,20,-0.11391
L2,20,-0.01239
L2,20,0.04015
L2,20,-0.16889
L2,20,-0.06585
L2,20,-0.09589
L2,20,-0.10575
L2,20,-0.00125
L2,20,-0.07541
L2,20,-0.00677
L2,20,-0.004
L2,20,-0.08031
L2,20,0.01359
L2,20,-0.01325
L2,20,0.0391
L2,20,0.03974
L2,20,-0.04692
L2,20,-0.16552
L2,20,-0.13822
L2,20,0.02979
L2,20,-0.004
L2,20,-0.11091
L2,20,-0.08535
L2,20,-0.0007
L2,20,-0.01178
L2,20,-0.18799
L2,20,0.00795
L2,20,0.00361
L2,20,-0.00236
L2,20,-0.17659
L2,20,0.0044
L2,20,-0.16635
L2,20,0.00393
L2,20,0.01407
L2,20,-0.01695
L2,20,-0.00083
L2,20,0.04827
L2,20,0.0155
L2,20,0.00214
L2,20,0.05669
L2,20,-0.03198
L2,20,0.04053
L2,20,0.00062
L2,20,0.12646
L2,20,-0.00033
L2,20,-0.0047
L2,20,-0.00269
L2,20,-0.08869
L2,20,-0.07707
L2,20,-0.17408
L2,20,-0.0004
L2,20,0.0903
L2,20,-0.00464
L2,20,-0.00368
L2,20,0.10938
L2,20,0.18082
L2,20,-0.18301
L2,20,-0.00577
L2,20,-0.08813
L2,20,-0.07673
L2,20,-0.00187
L2,20,0.16222
L2,20,0.0037
L2,20,0.09717
L2,20,0.00414
L2,20,0.03164
L2,20,-0.05937
L2,20,-0.15546
L2,20,0.00802
L2,20,0.00607
L2,20,-0.11928
L2,20,0.01524
L2,20,0.01511
L2,20,0.05368
L2,20,-0.00302
L2,20,-0.00151
L2,20,-0.16819
L2,20,0.10657
L2,20,-0.06813
L2,20,-0.00331
L2,20,-0.00126
L2,20,0.01657
L2,20,0.0009
L2,20,-0.00223
L2,20,0.07261
L2,20,0.01723
L2,20,0.0435
L2,20,-0.09648
L2,20,-0.08811
L2,20,-0.12272
L2,20,0.00861
L2,20,-0.00039
L2,20,0.06767
L2,20,-0.01639
L2,20,-0.076
L2,20,-0.00022
L2,20,-0.00122
L2,20,0.00513
L2,20,0.00222
L2,20,0.00085
L2,20,-0.02059
L2,20,0.0132
L2,20,0.18192
L2,20,-0.07148
L2,20,-0.00525
L2,20,-0.08772
L2,30,-3e-05
L2,30,0.00927
L2,30,0.00777
L2,30,-0.02362
L2,30,0.00041
L2,30,-0.00168
L2,30,0.01711
L2,30,0.01529
L2,30,-0.00194
L2,30,-0.02976
L2,30,0.07792
L2,30,-0.03192
L2,30,0.00061
L2,30,0.02635
L2,30,-0.00476
L2,30,-0.00219
L2,30,0.02558
L2,30,0.01975
L2,30,-0.03948
L2,30,-0.00149
L2,30,-0.0015
L2,30,0.11624
L2,30,0.02271
L2,30,0.12443
L2,30,-0.01181
L2,30,0.05529
L2,30,0.00834
L2,30,0.01804
L2,30,0.02226
L2,30,-3e-05
L2,30,0.01167
L2,30,0.00012
L2,30,0.00059
L2,30,0.0109
L2,30,0.01808
L2,30,0.13987
L2,30,0.01639
L2,30,-0.01249
L2,30,0.00371
L2,30,0.05458
L2,30,0.04413
L2,30,-0.01036
L2,30,-0.00032
L2,30,0.02392
L2,30,0.01438
L2,30,-0.00126
L2,30,0.13328
L2,30,0.06163
L2,30,0.00206
L2,30,0.00053
L2,30,-0.02625
L2,30,0.05882
L2,30,-8e-05
L2,30,0.05393
L2,30,0.00067
L2,30,0.00115
L2,30,-0.00218
L2,30,-0.00161
L2,30,-0.01521
L2,30,-0.00676
L2,30,0.00017
L2,30,-0.01868
L2,30,0.1897
L2,30,-0.01123
L2,30,0.06164
L2,30,-0.03674
L2,30,-0.00019
L2,30,-0.00011
L2,30,-0.00074
L2,30,0.01549
L2,30,0.00952
L2,30,0.05375
L2,30,-8e-05
L2,30,-0.02564
L2,30,-0.00012
L2,30,-0.00046
L2,30,-0.04002
L2,30,-0.04652
L2,30,0.06046
L2,30,-0.00039
L2,30,0.01521
L2,30,0.01085
L2,30,-0.00014
L2,30,-0.04463
L2,30,0.00579
L2,30,-0.03377
L2,30,0.001
L2,30,-0.01537
L2,30,0.00493
L2,30,0.05136
L2,30,-0.00159
L2,30,0.00045
L2,30,0.02437
L2,30,-0.00261
L2,30,-0.00656
L2,30,-0.01591
L2,30,0.00013
L2,30,-3e-05
L2,30,0.05404
L2,30,-0.03207
L2,30,0.00891
L2,30,-6e-05
L2,30,0.02076
L2,30,-0.0079
L2,30,-0.00763
L2,30,0.00053
L2,30,-0.0223
L2,30,0.01256
L2,30,-0.01321
L2,30,0.01754
L2,30,0.01475
L2,30,0.02496
L2,30,-0.00239
L2,30,-0.0006
L2,30,-0.01886
L2,30,0.00059
L2,30,0.00856
L2,30,0.04537
L2,30,-0.00011
L2,30,0.00056
L2,30,0.00202
L2,30,0.00076
L2,30,0.13184
L2,30,0.01139
L2,30,-0.04464
L2,30,0.00818
L2,30,-6e-05
L2,30,0.01337
L2,30,0.00019
L2,30,-0.07556
L2,30,-0.06623
L2,30,-0.01427
L2,30,0.00026
L2,30,-0.00033
L2,30,-0.09661
L2,30,-0.09259
L2,30,-0.00014
L2,30,0.09842
L2,30,-0.01703
L2,30,0.10588
L2,30,3e-05
L2,30,-0.11943
L2,30,0.01353
L2,30,0.00354
L2,30,-0.11695
L2,30,-0.04846
L2,30,0.13579
L2,30,0.00452
L2,30,0.00167
L2,30,-0.02362
L2,30,-0.08927
L2,30,-0.03034
L2,30,0.03586
L2,30,-0.14573
L2,30,-0.07809
L2,30,-0.09927
L2,30,-0.11054
L2,30,-0.00053
L2,30,-0.07468
L2,30,0.00128
L2,30,-0.00041
L2,30,-0.07882
L2,30,0.00941
L2,30,-0.03335
L2,30,0.01475
L2,30,0.03601
L2,30,-0.04657
L2,30,-0.14506
L2,30,-0.11803
L2,30,0.03091
L2,30,-0.00072
L2,30,-0.11369
L2,30,-0.086
L2,30,-0.00175
L2,30,-0.03138
L2,30,-0.1627
L2,30,0.00251
L2,30,3e-05
L2,30,0.0006
L2,30,-0.15628
L2,30,-0.00062
L2,30,-0.14514
L2,30,-0.00097
L2,30,0.00039
L2,30,-0.01083
L2,30,-0.00104
L2,30,0.04712
L2,30,0.01762
L2,30,0.00071
L2,30,0.05977
L2,30,-0.04756
L2,30,0.03519
L2,30,-0.01341
L2,30,0.12142
L2,30,-0.00024
L2,30,0.0015
L2,30,-0.00036
L2,30,-0.06343
L2,30,-0.07313
L2,30,-0.14218
L2,30,-4e-05
L2,30,0.08377
L2,30,0.00152
L2,30,0.00131
L2,30,0.1141
L2,30,0.17171
L2,30,-0.16238
L2,30,0.00026
L2,30,-0.09324
L2,30,-0.07742
L2,30,-0.00055
L2,30,0.15594
L2,30,-0.00099
L2,30,0.10071
L2,30,-0.00093
L2,30,0.0314
L2,30,-0.0549
L2,30,-0.13647
L2,30,0.00334
L2,30,-0.00015
L2,30,-0.09638
L2,30,0.00806
L2,30,0.01359
L2,30,0.05164
L2,30,-0.00068
L2,30,-0.00077
L2,30,-0.14698
L2,30,0.1056
L2,30,-0.06702
L2,30,-0.00042
L2,30,-0.00463
L2,30,0.01683
L2,30,-0.00153
L2,30,-6e-05
L2,30,0.06841
L2,30,0.00687
L2,30,0.0402
L2,30,-0.10243
L2,30,-0.0915
L2,30,-0.09902
L2,30,0.00503
L2,30,-0.00088
L2,30,0.06164
L2,30,-0.01037
L2,30,-0.07335
L2,30,-0.01835
L2,30,-0.00045
L2,30,-0.0006
L2,30,0.00084
L2,30,-0.00013
L2,30,-0.03527
L2,30,0.00973
L2,30,0.16706
L2,30,-0.07161
L2,30,-0.00046
L2,30,-0.08394
L2,50,1e-05
L2,50,0.00048
L2,50,-0.00053
L2,50,-0.09919
L2,50,2e-05
L2,50,-0.00223
L2,50,0.00369
L2,50,0.00303
L2,50,6e-05
L2,50,-0.01684
L2,50,0.19704
L2,50,-0.01873
L2,50,-2e-05
L2,50,0.00829
L2,50,0.00014
L2,50,0.01904
L2,50,0.00803
L2,50,0.00261
L2,50,-0.02532
L2,50,0.00823
L2,50,2e-05
L2,50,0.24356
L2,50,0.00883
L2,50,0.25218
L2,50,-0.00267
L2,50,0.03208
L2,50,0.00155
L2,50,0.00405
L2,50,0.00617
L2,50,-2e-05
L2,50,0.00086
L2,50,1e-05
L2,50,0.0
L2,50,0.00093
L2,50,0.23112
L2,50,0.27562
L2,50,0.15887
L2,50,-0.00348
L2,50,-0.00134
L2,50,0.03067
L2,50,0.02119
L2,50,-0.00123
L2,50,-1e-05
L2,50,0.00711
L2,50,0.00184
L2,50,-1e-05
L2,50,0.26413
L2,50,0.03796
L2,50,0.11044
L2,50,-2e-05
L2,50,-0.53278
L2,50,0.0359
L2,50,-1e-05
L2,50,0.03227
L2,50,6e-05
L2,50,0.00235
L2,50,-0.00071
L2,50,-7e-05
L2,50,-0.0049
L2,50,-0.00064
L2,50,-2e-05
L2,50,-0.00658
L2,50,0.32379
L2,50,-0.00233
L2,50,0.19306
L2,50,-0.0222
L2,50,-1e-05
L2,50,-1e-05
L2,50,2e-05
L2,50,0.00354
L2,50,0.00023
L2,50,0.03141
L2,50,-1e-05
L2,50,-0.01358
L2,50,-1e-05
L2,50,2e-05
L2,50,-0.02299
L2,50,-0.03242
L2,50,0.03741
L2,50,2e-05
L2,50,0.00334
L2,50,0.00072
L2,50,0.0
L2,50,-0.02979
L2,50,0.03761
L2,50,-0.0178
L2,50,-0.0
L2,50,-0.00396
L2,50,-0.00138
L2,50,0.02903
L2,50,4e-05
L2,50,2e-05
L2,50,0.00945
L2,50,0.00023
L2,50,-0.00047
L2,50,-0.00522
L2,50,0.0
L2,50,3e-05
L2,50,0.03186
L2,50,-0.0186
L2,50,-0.00028
L2,50,1e-05
L2,50,0.08837
L2,50,9e-05
L2,50,-0.29748
L2,50,2e-05
L2,50,-0.00996
L2,50,0.18838
L2,50,-0.00376
L2,50,0.00436
L2,50,0.00264
L2,50,0.01059
L2,50,-8e-05
L2,50,-1e-05
L2,50,-0.00798
L2,50,-0.0002
L2,50,0.00012
L2,50,0.15397
L2,50,-3e-05
L2,50,-2e-05
L2,50,0.10505
L2,50,-1e-05
L2,50,0.24617
L2,50,0.2121
L2,50,-0.03149
L2,50,0.0003
L2,50,2e-05
L2,50,0.0017
L2,50,-1e-05
L2,50,-0.07044
L2,50,-0.0584
L2,50,-0.05152
L2,50,-1e-05
L2,50,-0.00133
L2,50,-0.09974
L2,50,-0.09438
L2,50,5e-05
L2,50,0.05388
L2,50,-0.02854
L2,50,0.06557
L2,50,-1e-05
L2,50,-0.12823
L2,50,-0.00017
L2,50,0.00841
L2,50,-0.12658
L2,50,-0.01444
L2,50,0.09493
L2,50,0.00807
L2,50,8e-05
L2,50,-0.05452
L2,50,-0.04324
L2,50,-0.0468
L2,50,0.00474
L2,50,-0.09405
L2,50,-0.08243
L2,50,-0.1038
L2,50,-0.11764
L2,50,3e-05
L2,50,-0.07306
L2,50,-7e-05
L2,50,4e-05
L2,50,-0.07521
L2,50,0.13791
L2,50,-0.04951
L2,50,0.09543
L2,50,0.00899
L2,50,-0.04177
L2,50,-0.09146
L2,50,-0.06485
L2,50,-0.00012
L2,50,-3e-05
L2,50,-0.12217
L2,50,-0.08449
L2,50,4e-05
L2,50,-0.05577
L2,50,-0.11038
L2,50,0.06151
L2,50,1e-05
L2,50,-0.07447
L2,50,-0.10296
L2,50,1e-05
L2,50,-0.09309
L2,50,-3e-05
L2,50,-6e-05
L2,50,-0.00115
L2,50,-5e-05
L2,50,0.01934
L2,50,0.00305
L2,50,-4e-05
L2,50,0.01693
L2,50,-0.06151
L2,50,0.00443
L2,50,-0.04544
L2,50,0.08216
L2,50,-0.0
L2,50,0.0
L2,50,-2e-05
L2,50,-0.02095
L2,50,-0.06816
L2,50,-0.09021
L2,50,-0.0
L2,50,0.04231
L2,50,1e-05
L2,50,4e-05
L2,50,0.07862
L2,50,0.13492
L2,50,-0.10717
L2,50,0.0
L2,50,-0.09622
L2,50,-0.07323
L2,50,-0.0
L2,50,0.11581
L2,50,-0.00726
L2,50,0.06041
L2,50,-1e-05
L2,50,0.00055
L2,50,-0.04532
L2,50,-0.0843
L2,50,-0.00011
L2,50,-1e-05
L2,50,-0.04997
L2,50,1e-04
L2,50,0.00381
L2,50,0.01338
L2,50,-3e-05
L2,50,3e-05
L2,50,-0.09298
L2,50,0.06265
L2,50,-0.05947
L2,50,-1e-05
L2,50,-0.02259
L2,50,0.00021
L2,50,-0.01437
L2,50,-2e-05
L2,50,0.03444
L2,50,0.11496
L2,50,0.01476
L2,50,-0.10574
L2,50,-0.09252
L2,50,-0.05208
L2,50,-0.00013
L2,50,1e-05
L2,50,0.021
L2,50,-0.00025
L2,50,-0.06704
L2,50,-0.01871
L2,50,-0.0
L2,50,5e-05
L2,50,0.05935
L2,50,6e-05
L2,50,-0.05076
L2,50,0.12842
L2,50,0.12992
L2,50,-0.06574
L2,50,6e-05
L2,50,-0.08188
L2,70,-0.0
L2,70,-0.00169
L2,70,-0.00174
L2,70,-0.15344
L2,70,0.0
L2,70,0.00094
L2,70,0.00027
L2,70,-0.00027
L2,70,-0.0
L2,70,-0.00086
L2,70,0.23245
L2,70,-0.00306
L2,70,0.0
L2,70,0.00286
L2,70,5e-05
L2,70,0.00358
L2,70,0.00238
L2,70,-0.00155
L2,70,-0.01021
L2,70,0.00026
L2,70,0.0
L2,70,0.30077
L2,70,-0.00079
L2,70,0.3065
L2,70,0.00037
L2,70,-0.00296
L2,70,-0.00096
L2,70,0.00062
L2,70,0.00168
L2,70,-0.0
L2,70,-0.00164
L2,70,-0.0
L2,70,0.0
L2,70,-0.00119
L2,70,0.27398
L2,70,0.33156
L2,70,0.18589
L2,70,0.00065
L2,70,-0.00082
L2,70,-0.00335
L2,70,-0.00235
L2,70,1e-04
L2,70,-0.0
L2,70,0.00231
L2,70,-0.00105
L2,70,-0.0
L2,70,0.31491
L2,70,0.00215
L2,70,0.10796
L2,70,-0.0
L2,70,-0.6313
L2,70,0.00192
L2,70,-0.0
L2,70,-0.00644
L2,70,-0.0
L2,70,-0.00038
L2,70,0.0002
L2,70,0.0
L2,70,0.00161
L2,70,-1e-05
L2,70,0.0
L2,70,0.00111
L2,70,0.37929
L2,70,0.00027
L2,70,0.22507
L2,70,-0.00718
L2,70,0.0
L2,70,-0.0
L2,70,-0.0
L2,70,-0.00136
L2,70,-0.0015
L2,70,-0.00571
L2,70,0.0
L2,70,0.00151
L2,70,0.0
L2,70,0.0
L2,70,-0.00724
L2,70,-0.01879
L2,70,0.00189
L2,70,0.0
L2,70,-8e-05
L2,70,-0.00159
L2,70,0.0
L2,70,-0.01516
L2,70,-0.00098
L2,70,-0.00183
L2,70,-0.0
L2,70,0.0003
L2,70,-0.00108
L2,70,-0.00302
L2,70,0.0
L2,70,-0.0
L2,70,-0.00129
L2,70,4e-05
L2,70,3e-05
L2,70,0.00141
L2,70,0.0
L2,70,-0.0
L2,70,-0.00317
L2,70,-0.00286
L2,70,-0.00174
L2,70,-0.0
L2,70,0.02256
L2,70,0.0
L2,70,-0.35162
L2,70,-0.0
L2,70,0.0039
L2,70,0.22366
L2,70,0.00164
L2,70,0.0007
L2,70,-0.00026
L2,70,-0.00143
L2,70,4e-05
L2,70,-0.0
L2,70,0.00281
L2,70,-1e-05
L2,70,-0.00178
L2,70,0.19784
L2,70,-0.0
L2,70,-0.0
L2,70,0.10383
L2,70,0.0
L2,70,0.30032
L2,70,0.25319
L2,70,-0.01771
L2,70,-0.00185
L2,70,-0.0
L2,70,-0.00112
L2,70,-0.0
L2,70,-0.05321
L2,70,-0.03559
L2,70,-0.16576
L2,70,0.0
L2,70,-0.001
L2,70,-0.09383
L2,70,-0.08641
L2,70,0.0
L2,70,0.00736
L2,70,-0.05557
L2,70,0.02621
L2,70,0.0
L2,70,-0.12895
L2,70,-2e-05
L2,70,0.00163
L2,70,-0.12725
L2,70,-0.00079
L2,70,0.0687
L2,70,-0.00039
L2,70,-0.0
L2,70,-0.06676
L2,70,-0.00963
L2,70,-0.07081
L2,70,-9e-05
L2,70,-0.02112
L2,70,-0.07156
L2,70,-0.09852
L2,70,-0.11424
L2,70,0.0
L2,70,-0.05992
L2,70,0.0
L2,70,-0.0
L2,70,-0.0604
L2,70,0.15797
L2,70,-0.07659
L2,70,0.10757
L2,70,0.00194
L2,70,-0.01587
L2,70,-0.02244
L2,70,-0.01552
L2,70,-0.00033
L2,70,-0.0
L2,70,-0.11957
L2,70,-0.0745
L2,70,-0.0
L2,70,-0.0702
L2,70,-0.03996
L2,70,0.05688
L2,70,0.0
L2,70,-0.06772
L2,70,-0.03398
L2,70,-0.0
L2,70,-0.03072
L2,70,0.0
L2,70,0.00014
L2,70,0.00065
L2,70,-0.0
L2,70,0.00019
L2,70,9e-05
L2,70,-0.0
L2,70,0.00464
L2,70,-0.08139
L2,70,-9e-05
L2,70,0.03988
L2,70,0.05132
L2,70,-0.0
L2,70,-0.0
L2,70,-0.0
L2,70,-0.00221
L2,70,-0.05115
L2,70,-0.03022
L2,70,-0.0
L2,70,-0.00398
L2,70,-0.0
L2,70,-0.0
L2,70,0.04238
L2,70,0.12325
L2,70,-0.03612
L2,70,-0.0
L2,70,-0.08879
L2,70,-0.05756
L2,70,0.0
L2,70,0.09767
L2,70,-0.00152
L2,70,0.01654
L2,70,0.0
L2,70,0.00014
L2,70,-0.0207
L2,70,-0.01789
L2,70,1e-05
L2,70,0.0
L2,70,-0.01325
L2,70,2e-05
L2,70,-7e-05
L2,70,0.00428
L2,70,0.0
L2,70,0.0
L2,70,-0.02106
L2,70,0.02079
L2,70,-0.03798
L2,70,0.0
L2,70,-0.00237
L2,70,4e-05
L2,70,-0.04033
L2,70,0.0
L2,70,-0.00096
L2,70,0.128
L2,70,0.00117
L2,70,-0.1009
L2,70,-0.08457
L2,70,-0.01445
L2,70,0.00016
L2,70,0.0
L2,70,0.00355
L2,70,3e-05
L2,70,-0.04914
L2,70,-0.04674
L2,70,-0.0
L2,70,-0.0
L2,70,0.04292
L2,70,0.0
L2,70,-0.0555
L2,70,0.14155
L2,70,0.11695
L2,70,-0.04799
L2,70,0.0
L2,70,-0.07071
L2,100,-0.0
L2,100,-0.00093
L2,100,-0.00109
L2,100,-0.23293
L2,100,-0.0
L2,100,1e-05
L2,100,0.00446
L2,100,0.00341
L2,100,-0.0
L2,100,-0.00038
L2,100,0.22952
L2,100,-0.00187
L2,100,-0.0
L2,100,0.01052
L2,100,-0.0
L2,100,3e-05
L2,100,0.01009
L2,100,-0.00079
L2,100,-0.00858
L2,100,-0.0
L2,100,0.0
L2,100,0.29895
L2,100,-0.00128
L2,100,0.31113
L2,100,-0.0
L2,100,-0.00145
L2,100,0.00097
L2,100,0.00522
L2,100,0.00815
L2,100,-0.0
L2,100,-0.00046
L2,100,-0.0
L2,100,0.0
L2,100,-0.00039
L2,100,0.29091
L2,100,0.33495
L2,100,0.19144
L2,100,0.0
L2,100,-0.00031
L2,100,-0.00146
L2,100,-0.00334
L2,100,-0.0
L2,100,0.0
L2,100,0.00898
L2,100,0.00136
L2,100,0.0
L2,100,0.32181
L2,100,-0.0016
L2,100,0.09408
L2,100,-0.0
L2,100,-0.64745
L2,100,-0.00168
L2,100,-0.0
L2,100,-0.01204
L2,100,-0.0
L2,100,-0.0
L2,100,-0.0
L2,100,-0.0
L2,100,0.0
L2,100,0.0
L2,100,-0.0
L2,100,1e-05
L2,100,0.38536
L2,100,-0.0
L2,100,0.19899
L2,100,-0.00542
L2,100,-0.0
L2,100,0.0
L2,100,0.0
L2,100,-0.00077
L2,100,-0.00107
L2,100,-0.01064
L2,100,-0.0
L2,100,-4e-05
L2,100,-0.0
L2,100,-0.0
L2,100,-0.00645
L2,100,-0.01948
L2,100,-0.00157
L2,100,0.0
L2,100,0.00331
L2,100,-0.00065
L2,100,0.0
L2,100,-0.01489
L2,100,-5e-05
L2,100,-0.00119
L2,100,0.0
L2,100,-0.0
L2,100,-0.00097
L2,100,-0.00132
L2,100,-0.0
L2,100,0.0
L2,100,-0.00225
L2,100,-0.0
L2,100,0.0
L2,100,1e-05
L2,100,0.0
L2,100,0.0
L2,100,-0.00138
L2,100,-0.00175
L2,100,-0.00116
L2,100,0.0
L2,100,0.00025
L2,100,-0.0
L2,100,-0.35166
L2,100,-0.0
L2,100,0.00373
L2,100,0.23537
L2,100,-1e-05
L2,100,0.00512
L2,100,0.00302
L2,100,-0.00301
L2,100,0.0
L2,100,0.0
L2,100,3e-05
L2,100,-0.0
L2,100,-0.00112
L2,100,0.18886
L2,100,0.0
L2,100,0.0
L2,100,0.08714
L2,100,-0.0
L2,100,0.30955
L2,100,0.26809
L2,100,-0.01816
L2,100,-0.00126
L2,100,-0.0
L2,100,0.00088
L2,100,0.0
L2,100,-0.01818
L2,100,-0.00438
L2,100,-0.27763
L2,100,0.0
L2,100,1e-05
L2,100,-0.06732
L2,100,-0.05827
L2,100,0.0
L2,100,1e-04
L2,100,-0.04289
L2,100,0.00418
L2,100,-0.0
L2,100,-0.11467
L2,100,0.0
L2,100,-1e-05
L2,100,-0.1111
L2,100,-0.00074
L2,100,0.04732
L2,100,-0.0
L2,100,0.0
L2,100,-0.05861
L2,100,-0.00071
L2,100,-0.06937
L2,100,0.0
L2,100,-0.01106
L2,100,-0.03792
L2,100,-0.07239
L2,100,-0.09525
L2,100,-0.0
L2,100,-0.02586
L2,100,0.0
L2,100,-0.0
L2,100,-0.02608
L2,100,0.13749
L2,100,-0.06796
L2,100,0.09347
L2,100,-0.0
L2,100,0.00023
L2,100,-0.01063
L2,100,-0.00293
L2,100,0.0
L2,100,0.0
L2,100,-0.10216
L2,100,-0.04187
L2,100,-0.0
L2,100,-0.06986
L2,100,-0.00747
L2,100,0.05114
L2,100,-0.0
L2,100,-0.0734
L2,100,-0.00555
L2,100,0.0
L2,100,-0.01221
L2,100,-0.0
L2,100,-0.0
L2,100,-0.0
L2,100,0.0
L2,100,1e-05
L2,100,0.0
L2,100,-0.0
L2,100,-2e-05
L2,100,-0.0601
L2,100,0.0
L2,100,0.03768
L2,100,0.0251
L2,100,0.0
L2,100,0.0
L2,100,-0.0
L2,100,-0.00133
L2,100,-0.01586
L2,100,-0.01181
L2,100,0.0
L2,100,-0.00014
L2,100,0.0
L2,100,0.0
L2,100,0.02851
L2,100,0.12055
L2,100,-0.00607
L2,100,-0.0
L2,100,-0.06092
L2,100,-0.0225
L2,100,0.0
L2,100,0.08859
L2,100,-1e-05
L2,100,0.00146
L2,100,-0.0
L2,100,0.0
L2,100,0.00024
L2,100,-0.00755
L2,100,-0.0
L2,100,-0.0
L2,100,-0.00127
L2,100,-0.0
L2,100,-0.0
L2,100,-3e-05
L2,100,0.0
L2,100,0.0
L2,100,-0.01087
L2,100,0.00305
L2,100,-0.0057
L2,100,0.0
L2,100,6e-05
L2,100,0.0
L2,100,-0.03834
L2,100,0.0
L2,100,0.00121
L2,100,0.10718
L2,100,2e-05
L2,100,-0.07556
L2,100,-0.05442
L2,100,-0.00166
L2,100,-0.0
L2,100,-0.0
L2,100,-3e-05
L2,100,-0.0
L2,100,-0.01414
L2,100,-0.03699
L2,100,-0.0
L2,100,0.0
L2,100,0.05003
L2,100,-0.0
L2,100,-0.06559
L2,100,0.12175
L2,100,0.11185
L2,100,-0.01306
L2,100,0.0
L2,100,-0.03797
L2,150,-0.0
L2,150,-4e-05
L2,150,-0.0
L2,150,-0.30153
L2,150,0.0
L2,150,-0.0
L2,150,0.00268
L2,150,0.00124
L2,150,0.0
L2,150,0.0
L2,150,0.21093
L2,150,-0.0
L2,150,-0.0
L2,150,0.01362
L2,150,0.0
L2,150,-0.0
L2,150,0.01264
L2,150,0.0
L2,150,-0.00506
L2,150,-0.0
L2,150,0.0
L2,150,0.28407
L2,150,-0.00021
L2,150,0.29551
L2,150,0.0
L2,150,-0.00017
L2,150,1e-05
L2,150,0.00358
L2,150,0.00871
L2,150,0.0
L2,150,-0.00014
L2,150,-0.0
L2,150,0.0
L2,150,-0.00013
L2,150,0.27207
L2,150,0.32155
L2,150,0.16399
L2,150,-0.0
L2,150,-0.0
L2,150,-0.00013
L2,150,-0.00165
L2,150,0.0
L2,150,0.0
L2,150,0.01057
L2,150,1e-04
L2,150,0.0
L2,150,0.302
L2,150,-0.00025
L2,150,0.05678
L2,150,-0.0
L2,150,-0.66998
L2,150,-0.00013
L2,150,-0.0
L2,150,-0.01308
L2,150,0.0
L2,150,-0.0
L2,150,0.0
L2,150,-0.0
L2,150,-0.0
L2,150,-0.0
L2,150,0.0
L2,150,0.0
L2,150,0.36787
L2,150,0.0
L2,150,0.13452
L2,150,-0.00121
L2,150,0.0
L2,150,-0.0
L2,150,-0.0
L2,150,-4e-05
L2,150,-1e-04
L2,150,-0.00917
L2,150,-0.0
L2,150,0.0
L2,150,0.0
L2,150,-0.0
L2,150,-0.0016
L2,150,-0.02331
L2,150,-0.00017
L2,150,0.0
L2,150,0.00164
L2,150,-1e-04
L2,150,0.0
L2,150,-0.01513
L2,150,0.0
L2,150,0.0
L2,150,-0.0
L2,150,-0.0
L2,150,0.0
L2,150,-6e-05
L2,150,0.0
L2,150,0.0
L2,150,-0.00054
L2,150,-0.0
L2,150,0.0
L2,150,-0.0
L2,150,0.0
L2,150,0.0
L2,150,-0.00017
L2,150,0.0
L2,150,-0.0
L2,150,0.0
L2,150,0.0
L2,150,-0.0
L2,150,-0.35176
L2,150,-0.0
L2,150,0.00151
L2,150,0.2109
L2,150,-0.0
L2,150,0.00415
L2,150,0.00098
L2,150,-0.0008
L2,150,-0.0
L2,150,-0.0
L2,150,0.0
L2,150,0.0
L2,150,-6e-05
L2,150,0.16253
L2,150,0.0
L2,150,0.0
L2,150,0.04978
L2,150,-0.0
L2,150,0.29239
L2,150,0.24688
L2,150,-0.0206
L2,150,-0.00016
L2,150,0.0
L2,150,-4e-05
L2,150,0.0
L2,150,8e-05
L2,150,0.0
L2,150,-0.35587
L2,150,-0.0
L2,150,-0.0
L2,150,-0.02401
L2,150,-0.0154
L2,150,0.0
L2,150,0.0
L2,150,-0.04068
L2,150,3e-05
L2,150,-0.0
L2,150,-0.07448
L2,150,0.0
L2,150,-0.0
L2,150,-0.07034
L2,150,0.0
L2,150,0.01873
L2,150,0.0
L2,150,-0.0
L2,150,-0.05506
L2,150,-0.00017
L2,150,-0.06149
L2,150,-0.0
L2,150,0.00045
L2,150,-0.00324
L2,150,-0.02929
L2,150,-0.05367
L2,150,0.0
L2,150,-0.0004
L2,150,0.0
L2,150,0.0
L2,150,-0.00039
L2,150,0.12985
L2,150,-0.05884
L2,150,0.08333
L2,150,0.0
L2,150,-0.0
L2,150,0.00032
L2,150,-0.00171
L2,150,0.0
L2,150,0.0
L2,150,-0.06158
L2,150,-0.00502
L2,150,0.0
L2,150,-0.06001
L2,150,8e-05
L2,150,0.03088
L2,150,0.0
L2,150,-0.08067
L2,150,0.00025
L2,150,0.0
L2,150,-0.00964
L2,150,0.0
L2,150,0.0
L2,150,0.0
L2,150,0.0
L2,150,-0.0
L2,150,0.0
L2,150,0.0
L2,150,-0.0
L2,150,-0.07043
L2,150,-0.0
L2,150,0.02469
L2,150,0.00418
L2,150,-0.0
L2,150,0.0
L2,150,-0.0
L2,150,2e-05
L2,150,-9e-05
L2,150,-0.01088
L2,150,-0.0
L2,150,-0.0
L2,150,0.0
L2,150,-0.0
L2,150,0.00568
L2,150,0.10083
L2,150,0.0003
L2,150,0.0
L2,150,-0.01752
L2,150,-8e-05
L2,150,-0.0
L2,150,0.06148
L2,150,0.0
L2,150,0.0
L2,150,0.0
L2,150,0.0
L2,150,-0.0
L2,150,0.00034
L2,150,-0.0
L2,150,-0.0
L2,150,-0.00046
L2,150,0.0
L2,150,-0.0
L2,150,-0.0
L2,150,0.0
L2,150,0.0
L2,150,0.00048
L2,150,1e-05
L2,150,1e-05
L2,150,-0.0
L2,150,0.0
L2,150,0.0
L2,150,-0.04895
L2,150,0.0
L2,150,0.00024
L2,150,0.10698
L2,150,0.0
L2,150,-0.03238
L2,150,-0.01285
L2,150,-0.00077
L2,150,-0.0
L2,150,-0.0
L2,150,-0.0
L2,150,0.0
L2,150,-3e-05
L2,150,-0.03035
L2,150,0.0
L2,150,0.0
L2,150,0.02805
L2,150,-0.0
L2,150,-0.05669
L2,150,0.11726
L2,150,0.08878
L2,150,-0.00014
L2,150,-0.0
L2,150,-0.00324
L2,200,0.0
L2,200,-0.0
L2,200,-0.0
L2,200,-0.33616
L2,200,0.0
L2,200,0.0
L2,200,-0.00109
L2,200,-0.00057
L2,200,0.0
L2,200,-0.0
L2,200,0.1957
L2,200,0.0
L2,200,-0.0
L2,200,0.00129
L2,200,0.0
L2,200,-0.0
L2,200,0.00067
L2,200,-0.0
L2,200,-0.001
L2,200,-0.0
L2,200,-0.0
L2,200,0.27048
L2,200,-1e-05
L2,200,0.2762
L2,200,0.0
L2,200,-1e-05
L2,200,-4e-05
L2,200,-0.00131
L2,200,-0.00119
L2,200,-0.0
L2,200,-1e-05
L2,200,-0.0
L2,200,0.0
L2,200,-1e-05
L2,200,0.25172
L2,200,0.30886
L2,200,0.13844
L2,200,0.0
L2,200,-0.0
L2,200,-1e-05
L2,200,-4e-05
L2,200,0.0
L2,200,-0.0
L2,200,-0.0005
L2,200,-8e-05
L2,200,-0.0
L2,200,0.29021
L2,200,-2e-05
L2,200,0.02692
L2,200,0.0
L2,200,-0.67454
L2,200,-1e-05
L2,200,-0.0
L2,200,-0.00229
L2,200,-0.0
L2,200,0.0
L2,200,0.0
L2,200,-0.0
L2,200,0.0
L2,200,0.0
L2,200,0.0
L2,200,-0.0
L2,200,0.35849
L2,200,-0.0
L2,200,0.06827
L2,200,-4e-05
L2,200,0.0
L2,200,0.0
L2,200,0.0
L2,200,-0.00011
L2,200,-1e-05
L2,200,-0.00247
L2,200,0.0
L2,200,0.0
L2,200,-0.0
L2,200,-0.0
L2,200,-6e-05
L2,200,-0.01909
L2,200,-1e-05
L2,200,-0.0
L2,200,-0.0007
L2,200,-0.0
L2,200,0.0
L2,200,-0.00898
L2,200,-0.0
L2,200,-0.0
L2,200,-0.0
L2,200,0.0
L2,200,0.0
L2,200,-0.0
L2,200,0.0
L2,200,0.0
L2,200,-0.0
L2,200,-0.0
L2,200,-0.0
L2,200,0.0
L2,200,-0.0
L2,200,0.0
L2,200,-1e-05
L2,200,-0.0
L2,200,0.0
L2,200,-0.0
L2,200,0.0
L2,200,-0.0
L2,200,-0.34187
L2,200,-0.0
L2,200,-0.0
L2,200,0.18715
L2,200,-0.0
L2,200,-0.00146
L2,200,-0.00041
L2,200,-0.0
L2,200,-0.0
L2,200,-0.0
L2,200,0.0
L2,200,0.0
L2,200,-0.0
L2,200,0.14106
L2,200,0.0
L2,200,0.0
L2,200,0.02064
L2,200,0.0
L2,200,0.2791
L2,200,0.22447
L2,200,-0.01609
L2,200,-1e-05
L2,200,0.0
L2,200,-5e-05
L2,200,-0.0
L2,200,0.0
L2,200,-0.0
L2,200,-0.38793
L2,200,-0.0
L2,200,0.0
L2,200,-9e-05
L2,200,0.00057
L2,200,0.0
L2,200,0.0
L2,200,-0.03676
L2,200,-0.0
L2,200,0.0
L2,200,-0.03159
L2,200,-0.0
L2,200,-0.0
L2,200,-0.02787
L2,200,0.0
L2,200,0.00149
L2,200,-0.0
L2,200,0.0
L2,200,-0.05567
L2,200,0.0
L2,200,-0.04991
L2,200,-0.0
L2,200,1e-05
L2,200,6e-05
L2,200,-0.00133
L2,200,-0.0139
L2,200,0.0
L2,200,1e-05
L2,200,-0.0
L2,200,0.0
L2,200,1e-05
L2,200,0.12664
L2,200,-0.06424
L2,200,0.07232
L2,200,-0.0
L2,200,-0.0
L2,200,1e-05
L2,200,-4e-05
L2,200,-0.0
L2,200,-0.0
L2,200,-0.02007
L2,200,0.00015
L2,200,0.0
L2,200,-0.05791
L2,200,2e-05
L2,200,0.01595
L2,200,-0.0
L2,200,-0.08582
L2,200,1e-05
L2,200,-0.0
L2,200,-0.00133
L2,200,-0.0
L2,200,-0.0
L2,200,-0.0
L2,200,-0.0
L2,200,0.0
L2,200,-0.0
L2,200,0.0
L2,200,0.0
L2,200,-0.07573
L2,200,-0.0
L2,200,0.0108
L2,200,4e-05
L2,200,0.0
L2,200,0.0
L2,200,-0.0
L2,200,4e-05
L2,200,-1e-05
L2,200,-0.00112
L2,200,0.0
L2,200,0.0
L2,200,0.0
L2,200,-0.0
L2,200,5e-05
L2,200,0.05965
L2,200,1e-05
L2,200,0.0
L2,200,0.00055
L2,200,0.0
L2,200,0.0
L2,200,0.02455
L2,200,0.0
L2,200,0.0
L2,200,-0.0
L2,200,0.0
L2,200,-0.0
L2,200,0.0
L2,200,0.0
L2,200,0.0
L2,200,0.0
L2,200,0.0
L2,200,0.0
L2,200,0.0
L2,200,-0.0
L2,200,-0.0
L2,200,1e-05
L2,200,-0.0
L2,200,0.0
L2,200,-0.0
L2,200,0.0
L2,200,0.0
L2,200,-0.03978
L2,200,0.0
L2,200,-0.0
L2,200,0.09771
L2,200,-0.0
L2,200,-0.00225
L2,200,0.00056
L2,200,-0.0
L2,200,0.0
L2,200,0.0
L2,200,-0.0
L2,200,0.0
L2,200,-0.0
L2,200,-0.02519
L2,200,-0.0
L2,200,-0.0
L2,200,0.01276
L2,200,0.0
L2,200,-0.05926
L2,200,0.11748
L2,200,0.04863
L2,200,-1e-05
L2,200,0.0
L2,200,8e-05
L2,300,0.0
L2,300,0.0
L2,300,-0.0
L2,300,-0.36932
L2,300,0.0
L2,300,0.0
L2,300,-3e-05
L2,300,0.0
L2,300,-0.0
L2,300,-0.0
L2,300,0.13578
L2,300,0.0
L2,300,-0.0
L2,300,-0.01075
L2,300,-0.0
L2,300,0.0
L2,300,-0.00584
L2,300,0.0
L2,300,-0.0
L2,300,0.0
L2,300,0.0
L2,300,0.25722
L2,300,-0.0
L2,300,0.26635
L2,300,-0.0
L2,300,-0.0
L2,300,0.0
L2,300,-0.00016
L2,300,-0.00263
L2,300,-0.0
L2,300,-0.0
L2,300,0.0
L2,300,-0.0
L2,300,-0.0
L2,300,0.22315
L2,300,0.3017
L2,300,0.04833
L2,300,0.0
L2,300,0.0
L2,300,-0.0
L2,300,0.0
L2,300,0.0
L2,300,0.0
L2,300,-0.0041
L2,300,0.0
L2,300,-0.0
L2,300,0.27804
L2,300,0.0
L2,300,-0.0
L2,300,0.0
L2,300,-0.67862
L2,300,0.0
L2,300,0.0
L2,300,-0.00043
L2,300,0.0
L2,300,0.0
L2,300,0.0
L2,300,0.0
L2,300,0.0
L2,300,-0.0
L2,300,-0.0
L2,300,-0.0
L2,300,0.365
L2,300,-0.0
L2,300,0.0112
L2,300,-0.0
L2,300,-0.0
L2,300,-0.0
L2,300,0.0
L2,300,0.0
L2,300,-0.0
L2,300,-0.00027
L2,300,-0.0
L2,300,0.0
L2,300,0.0
L2,300,-0.0
L2,300,-0.0
L2,300,-0.00759
L2,300,0.0
L2,300,-0.0
L2,300,-0.0
L2,300,-0.0
L2,300,-0.0
L2,300,-0.00037
L2,300,-0.0
L2,300,0.0
L2,300,0.0
L2,300,-0.0
L2,300,-0.0
L2,300,0.0
L2,300,-0.0
L2,300,0.0
L2,300,-0.0
L2,300,-0.0
L2,300,0.0
L2,300,0.0
L2,300,-0.0
L2,300,0.0
L2,300,0.0
L2,300,-0.0
L2,300,-0.0
L2,300,0.0
L2,300,0.0
L2,300,0.0
L2,300,-0.30495
L2,300,-0.0
L2,300,0.0
L2,300,0.12201
L2,300,-0.0
L2,300,-0.00025
L2,300,-0.0
L2,300,0.0
L2,300,-0.0
L2,300,0.0
L2,300,0.0
L2,300,-0.0
L2,300,0.0
L2,300,0.06193
L2,300,-0.0
L2,300,-0.0
L2,300,0.0
L2,300,-0.0
L2,300,0.25969
L2,300,0.1817
L2,300,-0.00457
L2,300,-1e-05
L2,300,-0.0
L2,300,0.0
L2,300,0.0
L2,300,0.0
L2,300,-0.0
L2,300,-0.38471
L2,300,-0.0
L2,300,-0.0
L2,300,-1e-05
L2,300,-0.0
L2,300,-0.0
L2,300,0.0
L2,300,-0.02895
L2,300,-0.0
L2,300,-0.0
L2,300,-0.00841
L2,300,-0.0
L2,300,0.0
L2,300,-0.00444
L2,300,-0.0
L2,300,0.0
L2,300,0.0
L2,300,-0.0
L2,300,-0.05966
L2,300,0.0
L2,300,-0.06062
L2,300,-0.0
L2,300,-0.0
L2,300,-0.0
L2,300,-9e-05
L2,300,-0.00159
L2,300,0.0
L2,300,0.0
L2,300,-0.0
L2,300,0.0
L2,300,-0.0
L2,300,0.10719
L2,300,-0.06549
L2,300,0.02605
L2,300,-0.0
L2,300,0.0
L2,300,-0.0
L2,300,-0.0
L2,300,-0.0
L2,300,0.0
L2,300,-0.00066
L2,300,-0.0
L2,300,-0.0
L2,300,-0.05367
L2,300,-0.0
L2,300,-0.0
L2,300,-0.0
L2,300,-0.10201
L2,300,-0.0
L2,300,-0.0
L2,300,0.00018
L2,300,0.0
L2,300,0.0
L2,300,0.0
L2,300,0.0
L2,300,0.0
L2,300,0.0
L2,300,-0.0
L2,300,0.0
L2,300,-0.08165
L2,300,-0.0
L2,300,0.00205
L2,300,-0.0
L2,300,0.0
L2,300,0.0
L2,300,-0.0
L2,300,-0.0
L2,300,0.0
L2,300,0.00013
L2,300,-0.0
L2,300,0.0
L2,300,-0.0
L2,300,-0.0
L2,300,-0.0
L2,300,-0.00457
L2,300,-0.0
L2,300,-0.0
L2,300,-0.0
L2,300,-0.0
L2,300,0.0
L2,300,-0.00022
L2,300,-0.0
L2,300,-0.0
L2,300,-0.0
L2,300,-0.0
L2,300,-0.0
L2,300,-0.0
L2,300,-0.0
L2,300,-0.0
L2,300,0.0
L2,300,-0.0
L2,300,-0.0
L2,300,-0.0
L2,300,0.0
L2,300,0.0
L2,300,-0.0
L2,300,-0.0
L2,300,-0.0
L2,300,-0.0
L2,300,0.0
L2,300,0.0
L2,300,-0.04406
L2,300,0.0
L2,300,0.0
L2,300,0.06539
L2,300,-0.0
L2,300,-0.00015
L2,300,-0.0
L2,300,0.0
L2,300,-0.0
L2,300,-0.0
L2,300,-0.0
L2,300,0.0
L2,300,-0.0
L2,300,-0.01394
L2,300,-0.0
L2,300,-0.0
L2,300,-0.0
L2,300,0.0
L2,300,-0.05011
L2,300,0.09389
L2,300,-0.00275
L2,300,1e-05
L2,300,-0.0
L2,300,-0.0
L2,500,0.0
L2,500,0.0
L2,500,-0.0
L2,500,-0.36457
L2,500,0.0
L2,500,-0.0
L2,500,-0.0
L2,500,0.0
L2,500,-0.0
L2,500,0.0
L2,500,0.05694
L2,500,-0.0
L2,500,-0.0
L2,500,-2e-05
L2,500,0.0
L2,500,0.0
L2,500,-0.0
L2,500,0.0
L2,500,-0.0
L2,500,-0.0
L2,500,0.0
L2,500,0.23747
L2,500,0.0
L2,500,0.24802
L2,500,0.0
L2,500,-0.0
L2,500,-0.0
L2,500,-0.0
L2,500,-0.0
L2,500,-0.0
L2,500,0.0
L2,500,0.0
L2,500,-0.0
L2,500,0.0
L2,500,0.24452
L2,500,0.2944
L2,500,0.00053
L2,500,0.0
L2,500,-0.0
L2,500,0.0
L2,500,-0.0
L2,500,-0.0
L2,500,-0.0
L2,500,-0.0
L2,500,-0.0
L2,500,0.0
L2,500,0.26651
L2,500,0.0
L2,500,0.0
L2,500,0.0
L2,500,-0.66474
L2,500,0.0
L2,500,-0.0
L2,500,-0.0
L2,500,-0.0
L2,500,0.0
L2,500,-0.0
L2,500,0.0
L2,500,0.0
L2,500,-0.0
L2,500,0.0
L2,500,-0.0
L2,500,0.36178
L2,500,-0.0
L2,500,0.0
L2,500,-0.0
L2,500,-0.0
L2,500,0.0
L2,500,0.0
L2,500,0.0
L2,500,0.0
L2,500,-0.00289
L2,500,0.0
L2,500,-0.0
L2,500,0.0
L2,500,-0.0
L2,500,0.0
L2,500,-0.0
L2,500,0.0
L2,500,-0.0
L2,500,-0.0
L2,500,-0.0
L2,500,0.0
L2,500,0.0
L2,500,-0.0
L2,500,-0.0
L2,500,-0.0
L2,500,0.0
L2,500,-0.0
L2,500,-0.0
L2,500,0.0
L2,500,-0.0
L2,500,0.0
L2,500,0.0
L2,500,0.0
L2,500,-0.0
L2,500,-0.0
L2,500,0.0
L2,500,-0.0
L2,500,0.0
L2,500,-0.0
L2,500,0.0
L2,500,0.0
L2,500,-0.0
L2,500,-0.22429
L2,500,0.0
L2,500,0.0
L2,500,0.05607
L2,500,0.0
L2,500,-0.0
L2,500,-0.0
L2,500,0.0
L2,500,-0.0
L2,500,0.0
L2,500,0.0
L2,500,-0.0
L2,500,-0.0
L2,500,0.00345
L2,500,0.0
L2,500,0.0
L2,500,-0.0
L2,500,0.0
L2,500,0.23984
L2,500,0.16666
L2,500,-0.0
L2,500,-0.0
L2,500,-0.0
L2,500,0.0
L2,500,-0.0
L2,500,-0.0
L2,500,0.0
L2,500,-0.36367
L2,500,-0.0
L2,500,-0.0
L2,500,0.0
L2,500,0.0
L2,500,0.0
L2,500,-0.0
L2,500,-0.01208
L2,500,-0.0
L2,500,-0.0
L2,500,-1e-05
L2,500,-0.0
L2,500,0.0
L2,500,-0.0
L2,500,-0.0
L2,500,0.0
L2,500,-0.0
L2,500,0.0
L2,500,-0.04494
L2,500,0.0
L2,500,-0.04999
L2,500,0.0
L2,500,0.0
L2,500,-0.0
L2,500,0.0
L2,500,-0.0
L2,500,0.0
L2,500,-0.0
L2,500,0.0
L2,500,-0.0
L2,500,-0.0
L2,500,0.1107
L2,500,-0.06138
L2,500,0.00031
L2,500,-0.0
L2,500,0.0
L2,500,-0.0
L2,500,0.0
L2,500,0.0
L2,500,0.0
L2,500,-0.0
L2,500,-0.0
L2,500,0.0
L2,500,-0.05127
L2,500,-0.0
L2,500,0.0
L2,500,0.0
L2,500,-0.09904
L2,500,0.0
L2,500,-0.0
L2,500,0.0
L2,500,0.0
L2,500,-0.0
L2,500,0.0
L2,500,-0.0
L2,500,0.0
L2,500,0.0
L2,500,0.0
L2,500,-0.0
L2,500,-0.06217
L2,500,-0.0
L2,500,0.0
L2,500,-0.0
L2,500,0.0
L2,500,0.0
L2,500,0.0
L2,500,-0.0
L2,500,0.0
L2,500,-0.00414
L2,500,-0.0
L2,500,0.0
L2,500,0.0
L2,500,0.0
L2,500,0.0
L2,500,-0.0
L2,500,-0.0
L2,500,0.0
L2,500,-0.0
L2,500,-0.0
L2,500,-0.0
L2,500,0.0
L2,500,0.0
L2,500,-0.0
L2,500,0.0
L2,500,-0.0
L2,500,0.0
L2,500,-0.0
L2,500,-0.0
L2,500,0.0
L2,500,-0.0
L2,500,0.0
L2,500,-0.0
L2,500,0.0
L2,500,-0.0
L2,500,0.0
L2,500,-0.0
L2,500,0.0
L2,500,0.0
L2,500,-0.0
L2,500,0.0
L2,500,0.0
L2,500,-0.03034
L2,500,-0.0
L2,500,-0.0
L2,500,0.0303
L2,500,-0.0
L2,500,-0.0
L2,500,-0.0
L2,500,-0.0
L2,500,0.0
L2,500,-0.0
L2,500,0.0
L2,500,0.0
L2,500,-0.0
L2,500,0.00061
L2,500,0.0
L2,500,-0.0
L2,500,0.0
L2,500,-0.0
L2,500,-0.04829
L2,500,0.08837
L2,500,-0.0
L2,500,-0.0
L2,500,0.0
L2,500,0.0
L2,700,0.0
L2,700,0.0
L2,700,0.0
L2,700,-0.34852
L2,700,-0.0
L2,700,0.0
L2,700,0.0
L2,700,-0.0
L2,700,-0.0
L2,700,0.0
L2,700,0.00649
L2,700,-0.0
L2,700,-0.0
L2,700,0.0
L2,700,0.0
L2,700,-0.0
L2,700,-0.0
L2,700,0.0
L2,700,0.0
L2,700,-0.0
L2,700,0.0
L2,700,0.21322
L2,700,0.0
L2,700,0.23025
L2,700,-0.0
L2,700,0.0
L2,700,0.0
L2,700,-0.0
L2,700,0.0
L2,700,-0.0
L2,700,-0.0
L2,700,0.0
L2,700,-0.0
L2,700,-0.0
L2,700,0.26977
L2,700,0.28899
L2,700,0.0
L2,700,0.0
L2,700,0.0
L2,700,0.0
L2,700,-0.0
L2,700,0.0
L2,700,-0.0
L2,700,-0.0
L2,700,-0.0
L2,700,0.0
L2,700,0.25485
L2,700,0.0
L2,700,0.0
L2,700,0.0
L2,700,-0.65308
L2,700,0.0
L2,700,-0.0
L2,700,0.0
L2,700,-0.0
L2,700,-0.0
L2,700,-0.0
L2,700,0.0
L2,700,-0.0
L2,700,0.0
L2,700,0.0
L2,700,0.0
L2,700,0.37343
L2,700,-0.0
L2,700,0.0
L2,700,0.0
L2,700,-0.0
L2,700,0.0
L2,700,0.0
L2,700,0.0
L2,700,0.0
L2,700,0.0
L2,700,0.0
L2,700,0.0
L2,700,-0.0
L2,700,-0.0
L2,700,-0.0
L2,700,-0.0
L2,700,-0.0
L2,700,-0.0
L2,700,-0.0
L2,700,0.0
L2,700,0.0
L2,700,0.0
L2,700,0.0
L2,700,-0.0
L2,700,0.0
L2,700,0.0
L2,700,0.0
L2,700,0.0
L2,700,0.0
L2,700,-0.0
L2,700,-0.0
L2,700,-0.0
L2,700,0.0
L2,700,0.0
L2,700,-0.0
L2,700,0.0
L2,700,-0.0
L2,700,0.0
L2,700,-0.0
L2,700,-0.0
L2,700,0.0
L2,700,0.0
L2,700,-0.14433
L2,700,0.0
L2,700,0.0
L2,700,0.00409
L2,700,0.0
L2,700,-0.0
L2,700,0.0
L2,700,0.0
L2,700,-0.0
L2,700,0.0
L2,700,-0.0
L2,700,-0.0
L2,700,-0.0
L2,700,-0.0
L2,700,0.0
L2,700,0.0
L2,700,0.0
L2,700,0.0
L2,700,0.22175
L2,700,0.13939
L2,700,0.0
L2,700,0.0
L2,700,-0.0
L2,700,0.0
L2,700,0.0
L2,700,-0.0
L2,700,0.0
L2,700,-0.3441
L2,700,-0.0
L2,700,-0.0
L2,700,0.0
L2,700,-0.0
L2,700,0.0
L2,700,0.0
L2,700,-0.00122
L2,700,0.0
L2,700,-0.0
L2,700,0.0
L2,700,0.0
L2,700,-0.0
L2,700,0.0
L2,700,-0.0
L2,700,0.0
L2,700,0.0
L2,700,0.0
L2,700,-0.0417
L2,700,0.0
L2,700,-0.03591
L2,700,-0.0
L2,700,0.0
L2,700,-0.0
L2,700,-0.0
L2,700,0.0
L2,700,-0.0
L2,700,0.0
L2,700,0.0
L2,700,-0.0
L2,700,-0.0
L2,700,0.12652
L2,700,-0.05472
L2,700,-0.0
L2,700,-0.0
L2,700,0.0
L2,700,-0.0
L2,700,0.0
L2,700,-0.0
L2,700,0.0
L2,700,0.0
L2,700,-0.0
L2,700,0.0
L2,700,-0.04297
L2,700,-0.0
L2,700,-0.0
L2,700,0.0
L2,700,-0.09978
L2,700,-0.0
L2,700,-0.0
L2,700,-0.0
L2,700,0.0
L2,700,-0.0
L2,700,0.0
L2,700,0.0
L2,700,0.0
L2,700,0.0
L2,700,0.0
L2,700,0.0
L2,700,-0.05359
L2,700,0.0
L2,700,-0.0
L2,700,-0.0
L2,700,-0.0
L2,700,0.0
L2,700,0.0
L2,700,0.0
L2,700,0.0
L2,700,-0.0
L2,700,-0.0
L2,700,0.0
L2,700,0.0
L2,700,0.0
L2,700,-0.0
L2,700,0.0
L2,700,0.0
L2,700,0.0
L2,700,0.0
L2,700,-0.0
L2,700,-0.0
L2,700,-0.0
L2,700,0.0
L2,700,0.0
L2,700,0.0
L2,700,-0.0
L2,700,0.0
L2,700,-0.0
L2,700,-0.0
L2,700,0.0
L2,700,0.0
L2,700,0.0
L2,700,-0.0
L2,700,0.0
L2,700,-0.0
L2,700,0.0
L2,700,0.0
L2,700,0.0
L2,700,-0.0
L2,700,0.0
L2,700,0.0
L2,700,0.0
L2,700,-0.01944
L2,700,-0.0
L2,700,0.0
L2,700,0.00242
L2,700,0.0
L2,700,0.0
L2,700,-0.0
L2,700,-0.0
L2,700,-0.0
L2,700,-0.0
L2,700,0.0
L2,700,-0.0
L2,700,0.0
L2,700,0.0
L2,700,0.0
L2,700,-0.0
L2,700,-0.0
L2,700,-0.0
L2,700,-0.03771
L2,700,0.0766
L2,700,-0.0
L2,700,-0.0
L2,700,0.0
L2,700,-0.0
L2,1000,0.0
L2,1000,0.0
L2,1000,0.0
L2,1000,-0.33066
L2,1000,-0.0
L2,1000,0.0
L2,1000,0.0
L2,1000,-0.0
L2,1000,-0.0
L2,1000,0.0
L2,1000,0.0
L2,1000,-0.0
L2,1000,-0.0
L2,1000,-0.0
L2,1000,0.0
L2,1000,-0.0
L2,1000,0.0
L2,1000,0.0
L2,1000,0.0
L2,1000,-0.0
L2,1000,0.0
L2,1000,0.1791
L2,1000,0.0
L2,1000,0.2093
L2,1000,-0.0
L2,1000,0.0
L2,1000,0.0
L2,1000,-0.0
L2,1000,-0.0
L2,1000,-0.0
L2,1000,-0.0
L2,1000,0.0
L2,1000,-0.0
L2,1000,-0.0
L2,1000,0.30577
L2,1000,0.28272
L2,1000,-0.0
L2,1000,0.0
L2,1000,0.0
L2,1000,0.0
L2,1000,-0.0
L2,1000,0.0
L2,1000,-0.0
L2,1000,0.0
L2,1000,-0.0
L2,1000,0.0
L2,1000,0.23433
L2,1000,0.0
L2,1000,0.0
L2,1000,0.0
L2,1000,-0.60458
L2,1000,0.0
L2,1000,-0.0
L2,1000,-0.0
L2,1000,-0.0
L2,1000,-0.0
L2,1000,-0.0
L2,1000,0.0
L2,1000,-0.0
L2,1000,0.0
L2,1000,0.0
L2,1000,0.0
L2,1000,0.39375
L2,1000,-0.0
L2,1000,0.0
L2,1000,0.0
L2,1000,0.0
L2,1000,0.0
L2,1000,0.0
L2,1000,0.0
L2,1000,0.0
L2,1000,0.0
L2,1000,0.0
L2,1000,0.0
L2,1000,-0.0
L2,1000,-0.0
L2,1000,-0.0
L2,1000,-0.2477
L2,1000,-0.0
L2,1000,-0.0
L2,1000,-0.0
L2,1000,0.0
L2,1000,0.0
L2,1000,-0.0
L2,1000,0.0
L2,1000,-0.0
L2,1000,0.0
L2,1000,0.0
L2,1000,0.0
L2,1000,0.0
L2,1000,0.0
L2,1000,-0.0
L2,1000,-0.0
L2,1000,-0.0
L2,1000,0.0
L2,1000,0.0
L2,1000,-0.0
L2,1000,0.0
L2,1000,-0.0
L2,1000,0.0
L2,1000,-0.0
L2,1000,0.0
L2,1000,0.0
L2,1000,0.0
L2,1000,-0.02633
L2,1000,0.0
L2,1000,0.0
L2,1000,0.0
L2,1000,0.0
L2,1000,-0.0
L2,1000,0.0
L2,1000,0.0
L2,1000,-0.0
L2,1000,0.0
L2,1000,-0.0
L2,1000,-0.0
L2,1000,-0.0
L2,1000,0.0
L2,1000,0.0
L2,1000,0.0
L2,1000,0.0
L2,1000,0.0
L2,1000,0.19182
L2,1000,0.0632
L2,1000,0.0
L2,1000,-0.0
L2,1000,-0.0
L2,1000,0.0
L2,1000,0.0
L2,1000,-0.0
L2,1000,0.0
L2,1000,-0.28074
L2,1000,-0.0
L2,1000,-0.0
L2,1000,-0.0
L2,1000,-0.0
L2,1000,0.0
L2,1000,0.0
L2,1000,0.0
L2,1000,0.0
L2,1000,-0.0
L2,1000,-0.0
L2,1000,0.0
L2,1000,-0.0
L2,1000,-0.0
L2,1000,-0.0
L2,1000,0.0
L2,1000,0.0
L2,1000,0.0
L2,1000,-0.04439
L2,1000,0.0
L2,1000,-0.05329
L2,1000,-0.0
L2,1000,0.0
L2,1000,-0.0
L2,1000,-0.0
L2,1000,-0.0
L2,1000,0.0
L2,1000,0.0
L2,1000,0.0
L2,1000,-0.0
L2,1000,-0.0
L2,1000,0.13515
L2,1000,-0.0593
L2,1000,0.0
L2,1000,-0.0
L2,1000,0.0
L2,1000,-0.0
L2,1000,0.0
L2,1000,-0.0
L2,1000,0.0
L2,1000,-0.0
L2,1000,-0.0
L2,1000,0.0
L2,1000,-0.0499
L2,1000,-0.0
L2,1000,-0.0
L2,1000,0.0
L2,1000,-0.13544
L2,1000,-0.0
L2,1000,-0.0
L2,1000,-0.0
L2,1000,0.0
L2,1000,-0.0
L2,1000,0.0
L2,1000,-0.0
L2,1000,0.0
L2,1000,0.0
L2,1000,0.0
L2,1000,0.0
L2,1000,-0.04186
L2,1000,0.0
L2,1000,-0.0
L2,1000,-0.0
L2,1000,-0.0
L2,1000,0.0
L2,1000,0.0
L2,1000,0.0
L2,1000,0.0
L2,1000,0.0
L2,1000,-0.0
L2,1000,0.0
L2,1000,0.0
L2,1000,0.0
L2,1000,-0.0
L2,1000,0.33327
L2,1000,0.0
L2,1000,0.0
L2,1000,0.0
L2,1000,-0.0
L2,1000,-0.0
L2,1000,-0.0
L2,1000,-0.0
L2,1000,0.0
L2,1000,0.0
L2,1000,-0.0
L2,1000,0.0
L2,1000,-0.0
L2,1000,-0.0
L2,1000,0.0
L2,1000,0.0
L2,1000,0.0
L2,1000,-0.0
L2,1000,0.0
L2,1000,-0.0
L2,1000,0.0
L2,1000,0.0
L2,1000,0.0
L2,1000,-0.0
L2,1000,0.0
L2,1000,0.0
L2,1000,0.0
L2,1000,-0.00592
L2,1000,-0.0
L2,1000,0.0
L2,1000,0.0
L2,1000,0.0
L2,1000,-0.0
L2,1000,-0.0
L2,1000,-0.0
L2,1000,-0.0
L2,1000,-0.0
L2,1000,0.0
L2,1000,-0.0
L2,1000,0.0
L2,1000,-0.0
L2,1000,-0.0
L2,1000,-0.0
L2,1000,-0.0
L2,1000,-0.0
L2,1000,-0.04515
L2,1000,0.03392
L2,1000,-0.0
L2,1000,0.0
L2,1000,0.0
L2,1000,-0.0
L2,1500,0.0
L2,1500,0.0
L2,1500,0.0
L2,1500,-0.30567
L2,1500,-0.0
L2,1500,0.0
L2,1500,-0.0
L2,1500,-0.0
L2,1500,-0.0
L2,1500,0.0
L2,1500,0.0
L2,1500,-0.0
L2,1500,-0.0
L2,1500,0.0
L2,1500,0.0
L2,1500,-0.0
L2,1500,0.0
L2,1500,0.0
L2,1500,0.0
L2,1500,-0.0
L2,1500,0.0
L2,1500,0.10957
L2,1500,0.0
L2,1500,0.1658
L2,1500,-0.0
L2,1500,0.0
L2,1500,0.0
L2,1500,0.0
L2,1500,-0.0
L2,1500,-0.0
L2,1500,-0.0
L2,1500,0.0
L2,1500,-0.0
L2,1500,-0.0
L2,1500,0.31832
L2,1500,0.27695
L2,1500,0.0
L2,1500,0.0
L2,1500,0.0
L2,1500,0.0
L2,1500,-0.0
L2,1500,0.0
L2,1500,-0.0
L2,1500,-0.0
L2,1500,-0.0
L2,1500,0.0
L2,1500,0.20693
L2,1500,0.0
L2,1500,0.0
L2,1500,0.0
L2,1500,-0.55054
L2,1500,0.0
L2,1500,-0.0
L2,1500,-0.0
L2,1500,-0.0
L2,1500,-0.0
L2,1500,-0.0
L2,1500,0.0
L2,1500,-0.0
L2,1500,0.0
L2,1500,0.0
L2,1500,0.0
L2,1500,0.43012
L2,1500,-0.0
L2,1500,0.0
L2,1500,0.0
L2,1500,-0.0
L2,1500,0.0
L2,1500,0.0
L2,1500,0.0
L2,1500,0.0
L2,1500,0.0
L2,1500,0.0
L2,1500,0.0
L2,1500,-0.0
L2,1500,-0.0
L2,1500,-0.0
L2,1500,-0.25775
L2,1500,-0.0
L2,1500,-0.0
L2,1500,-0.0
L2,1500,0.0
L2,1500,0.0
L2,1500,-0.0
L2,1500,0.0
L2,1500,-0.0
L2,1500,0.0
L2,1500,0.0
L2,1500,0.0
L2,1500,0.0
L2,1500,0.0
L2,1500,-0.0
L2,1500,-0.0
L2,1500,-0.0
L2,1500,0.0
L2,1500,0.0
L2,1500,-0.0
L2,1500,0.0
L2,1500,-0.0
L2,1500,0.0
L2,1500,-0.0
L2,1500,0.0
L2,1500,0.0
L2,1500,0.0
L2,1500,-0.0
L2,1500,0.0
L2,1500,0.0
L2,1500,-0.0
L2,1500,0.0
L2,1500,-0.0
L2,1500,0.0
L2,1500,0.0
L2,1500,-0.0
L2,1500,0.0
L2,1500,-0.0
L2,1500,-0.0
L2,1500,-0.0
L2,1500,0.0
L2,1500,0.0
L2,1500,0.0
L2,1500,0.0
L2,1500,0.0
L2,1500,0.13337
L2,1500,1e-05
L2,1500,0.0
L2,1500,-0.0
L2,1500,-0.0
L2,1500,0.0
L2,1500,0.0
L2,1500,-0.0
L2,1500,0.0
L2,1500,-0.25107
L2,1500,-0.0
L2,1500,-0.0
L2,1500,0.0
L2,1500,-0.0
L2,1500,0.0
L2,1500,0.0
L2,1500,0.0
L2,1500,0.0
L2,1500,-0.0
L2,1500,0.0
L2,1500,0.0
L2,1500,-0.0
L2,1500,0.0
L2,1500,-0.0
L2,1500,0.0
L2,1500,0.0
L2,1500,0.0
L2,1500,-0.03058
L2,1500,0.0
L2,1500,-0.0433
L2,1500,-0.0
L2,1500,0.0
L2,1500,-0.0
L2,1500,0.0
L2,1500,-0.0
L2,1500,-0.0
L2,1500,0.0
L2,1500,0.0
L2,1500,-0.0
L2,1500,-0.0
L2,1500,0.13639
L2,1500,-0.07321
L2,1500,0.0
L2,1500,-0.0
L2,1500,0.0
L2,1500,-0.0
L2,1500,0.0
L2,1500,-0.0
L2,1500,0.0
L2,1500,0.0
L2,1500,-0.0
L2,1500,0.0
L2,1500,-0.05628
L2,1500,-0.0
L2,1500,-0.0
L2,1500,0.0
L2,1500,-0.14779
L2,1500,-0.0
L2,1500,-0.0
L2,1500,-0.0
L2,1500,0.0
L2,1500,-0.0
L2,1500,0.0
L2,1500,0.0
L2,1500,0.0
L2,1500,0.0
L2,1500,0.0
L2,1500,0.0
L2,1500,-0.02634
L2,1500,0.0
L2,1500,-0.0
L2,1500,-0.0
L2,1500,-0.0
L2,1500,0.0
L2,1500,0.0
L2,1500,0.0
L2,1500,0.0
L2,1500,0.0
L2,1500,-0.0
L2,1500,0.0
L2,1500,0.0
L2,1500,0.0
L2,1500,-0.0
L2,1500,0.35299
L2,1500,0.0
L2,1500,0.0
L2,1500,0.0
L2,1500,-0.0
L2,1500,-0.0
L2,1500,-0.0
L2,1500,-0.0
L2,1500,0.0
L2,1500,0.0
L2,1500,-0.0
L2,1500,0.0
L2,1500,-0.0
L2,1500,-0.0
L2,1500,0.0
L2,1500,0.0
L2,1500,0.0
L2,1500,-0.0
L2,1500,0.0
L2,1500,-0.0
L2,1500,0.0
L2,1500,0.0
L2,1500,0.0
L2,1500,-0.0
L2,1500,0.0
L2,1500,0.0
L2,1500,0.0
L2,1500,-0.0
L2,1500,0.0
L2,1500,0.0
L2,1500,0.0
L2,1500,0.0
L2,1500,-0.0
L2,1500,-0.0
L2,1500,-0.0
L2,1500,-0.0
L2,1500,-0.0
L2,1500,0.0
L2,1500,-0.0
L2,1500,0.0
L2,1500,0.0
L2,1500,-0.0
L2,1500,-0.0
L2,1500,-0.0
L2,1500,-0.0
L2,1500,-0.03796
L2,1500,1e-05
L2,1500,-0.0
L2,1500,0.0
L2,1500,0.0
L2,1500,-0.0
L2,2000,0.0
L2,2000,0.0
L2,2000,0.0
L2,2000,-0.28127
L2,2000,-0.0
L2,2000,0.0
L2,2000,-0.0
L2,2000,-0.0
L2,2000,-0.0
L2,2000,0.0
L2,2000,0.0
L2,2000,-0.0
L2,2000,-0.0
L2,2000,0.0
L2,2000,0.0
L2,2000,-0.0
L2,2000,0.0
L2,2000,0.0
L2,2000,0.0
L2,2000,-0.0
L2,2000,0.0
L2,2000,0.02532
L2,2000,0.0
L2,2000,0.10193
L2,2000,-0.0
L2,2000,0.0
L2,2000,0.0
L2,2000,0.0
L2,2000,-0.0
L2,2000,-0.0
L2,2000,-0.0
L2,2000,0.0
L2,2000,-0.0
L2,2000,-0.0
L2,2000,0.32115
L2,2000,0.27023
L2,2000,0.0
L2,2000,0.0
L2,2000,0.0
L2,2000,0.0
L2,2000,-0.0
L2,2000,0.0
L2,2000,-0.0
L2,2000,-0.0
L2,2000,-0.0
L2,2000,0.0
L2,2000,0.17445
L2,2000,0.0
L2,2000,0.0
L2,2000,0.0
L2,2000,-0.51639
L2,2000,0.0
L2,2000,-0.0
L2,2000,-0.0
L2,2000,-0.0
L2,2000,-0.0
L2,2000,-0.0
L2,2000,0.0
L2,2000,-0.0
L2,2000,0.0
L2,2000,0.0
L2,2000,0.0
L2,2000,0.46545
L2,2000,-0.0
L2,2000,0.0
L2,2000,0.0
L2,2000,-0.0
L2,2000,0.0
L2,2000,0.0
L2,2000,0.0
L2,2000,0.0
L2,2000,0.0
L2,2000,0.0
L2,2000,0.0
L2,2000,-0.0
L2,2000,-0.0
L2,2000,-0.0
L2,2000,-0.25623
L2,2000,-0.0
L2,2000,-0.0
L2,2000,-0.0
L2,2000,0.0
L2,2000,0.0
L2,2000,-0.0
L2,2000,0.0
L2,2000,-0.0
L2,2000,0.0
L2,2000,0.0
L2,2000,0.0
L2,2000,0.0
L2,2000,0.0
L2,2000,-0.0
L2,2000,-0.0
L2,2000,-0.0
L2,2000,0.0
L2,2000,0.0
L2,2000,-0.0
L2,2000,0.0
L2,2000,-0.0
L2,2000,0.0
L2,2000,-0.0
L2,2000,0.0
L2,2000,0.0
L2,2000,0.0
L2,2000,-0.0
L2,2000,0.0
L2,2000,0.0
L2,2000,-0.0
L2,2000,0.0
L2,2000,-0.0
L2,2000,0.0
L2,2000,0.0
L2,2000,-0.0
L2,2000,0.0
L2,2000,-0.0
L2,2000,-0.0
L2,2000,-0.0
L2,2000,0.0
L2,2000,0.0
L2,2000,0.0
L2,2000,0.0
L2,2000,0.0
L2,2000,0.05584
L2,2000,0.0
L2,2000,0.0
L2,2000,-0.0
L2,2000,-0.0
L2,2000,0.0
L2,2000,0.0
L2,2000,-0.0
L2,2000,0.0
L2,2000,-0.23066
L2,2000,-0.0
L2,2000,-0.0
L2,2000,0.0
L2,2000,-0.0
L2,2000,0.0
L2,2000,0.0
L2,2000,0.0
L2,2000,0.0
L2,2000,-0.0
L2,2000,0.0
L2,2000,-0.0
L2,2000,-0.0
L2,2000,0.0
L2,2000,-0.0
L2,2000,0.0
L2,2000,0.0
L2,2000,0.0
L2,2000,-0.00889
L2,2000,0.0
L2,2000,-0.02865
L2,2000,-0.0
L2,2000,0.0
L2,2000,-0.0
L2,2000,0.0
L2,2000,-0.0
L2,2000,-0.0
L2,2000,0.0
L2,2000,0.0
L2,2000,-0.0
L2,2000,-0.0
L2,2000,0.14176
L2,2000,-0.0742
L2,2000,0.0
L2,2000,-0.0
L2,2000,0.0
L2,2000,-0.0
L2,2000,0.0
L2,2000,-0.0
L2,2000,0.0
L2,2000,0.0
L2,2000,-0.0
L2,2000,0.0
L2,2000,-0.05056
L2,2000,-0.0
L2,2000,-0.0
L2,2000,0.0
L2,2000,-0.1471
L2,2000,-0.0
L2,2000,-0.0
L2,2000,-0.0
L2,2000,0.0
L2,2000,-0.0
L2,2000,0.0
L2,2000,0.0
L2,2000,0.0
L2,2000,0.0
L2,2000,0.0
L2,2000,0.0
L2,2000,-0.03071
L2,2000,0.0
L2,2000,-0.0
L2,2000,-0.0
L2,2000,-0.0
L2,2000,0.0
L2,2000,0.0
L2,2000,0.0
L2,2000,0.0
L2,2000,0.0
L2,2000,-0.0
L2,2000,0.0
L2,2000,0.0
L2,2000,0.0
L2,2000,-0.0
L2,2000,0.3589
L2,2000,0.0
L2,2000,0.0
L2,2000,0.0
L2,2000,-0.0
L2,2000,-0.0
L2,2000,-0.0
L2,2000,-0.0
L2,2000,0.0
L2,2000,0.0
L2,2000,-0.0
L2,2000,0.0
L2,2000,-0.0
L2,2000,-0.0
L2,2000,0.0
L2,2000,0.0
L2,2000,0.0
L2,2000,-0.0
L2,2000,0.0
L2,2000,-0.0
L2,2000,0.0
L2,2000,0.0
L2,2000,0.0
L2,2000,-0.0
L2,2000,0.0
L2,2000,0.0
L2,2000,0.0
L2,2000,0.0
L2,2000,0.0
L2,2000,0.0
L2,2000,0.0
L2,2000,0.0
L2,2000,-0.0
L2,2000,-0.0
L2,2000,-0.0
L2,2000,-0.0
L2,2000,-0.0
L2,2000,0.0
L2,2000,-0.0
L2,2000,0.0
L2,2000,0.0
L2,2000,-0.0
L2,2000,-0.0
L2,2000,-0.0
L2,2000,-0.0
L2,2000,-0.0205
L2,2000,-0.0
L2,2000,-0.0
L2,2000,0.0
L2,2000,0.0
L2,2000,-0.0
