x1,x2,linear,relu
-1.6,-1.6,0.5092,2.889e-32
-1.58,-1.6,0.509,5.034e-32
-1.56,-1.6,0.5087,8.774e-32
-1.54,-1.6,0.5085,1.529e-31
-1.52,-1.6,0.5082,2.665e-31
-1.5,-1.6,0.508,4.644e-31
-1.48,-1.6,0.5077,8.094e-31
-1.46,-1.6,0.5075,1.411e-30
-1.44,-1.6,0.5072,2.458e-30
-1.42,-1.6,0.507,4.284e-30
-1.4,-1.6,0.5067,7.466e-30
-1.38,-1.6,0.5065,1.301e-29
-1.36,-1.6,0.5062,2.268e-29
-1.34,-1.6,0.506,3.952e-29
-1.32,-1.6,0.5057,6.887e-29
-1.3,-1.6,0.5055,1.2e-28
-1.28,-1.6,0.5052,2.092e-28
-1.26,-1.6,0.505,3.51e-28
-1.24,-1.6,0.5047,5.513e-28
-1.22,-1.6,0.5045,8.658e-28
-1.2,-1.6,0.5042,1.36e-27
-1.18,-1.6,0.504,2.136e-27
-1.16,-1.6,0.5037,3.354e-27
-1.14,-1.6,0.5035,5.268e-27
-1.12,-1.6,0.5033,8.273e-27
-1.1,-1.6,0.503,1.299e-26
-1.08,-1.6,0.5028,2.041e-26
-1.06,-1.6,0.5025,3.205e-26
-1.04,-1.6,0.5023,5.034e-26
-1.02,-1.6,0.502,7.906e-26
-1,-1.6,0.5018,1.242e-25
-0.98,-1.6,0.5015,1.95e-25
-0.96,-1.6,0.5013,3.063e-25
-0.94,-1.6,0.501,4.81e-25
-0.92,-1.6,0.5008,7.555e-25
-0.9,-1.6,0.5005,1.187e-24
-0.88,-1.6,0.5003,1.863e-24
-0.86,-1.6,0.5,2.927e-24
-0.84,-1.6,0.4998,4.597e-24
-0.82,-1.6,0.4995,7.219e-24
-0.8,-1.6,0.4993,1.134e-23
-0.78,-1.6,0.499,1.781e-23
-0.76,-1.6,0.4988,2.797e-23
-0.74,-1.6,0.4985,4.041e-23
-0.72,-1.6,0.4983,5.747e-23
-0.7,-1.6,0.498,8.172e-23
-0.68,-1.6,0.4978,1.162e-22
-0.66,-1.6,0.4976,1.526e-22
-0.64,-1.6,0.4973,1.933e-22
-0.62,-1.6,0.4971,2.448e-22
-0.6,-1.6,0.4968,3.101e-22
-0.58,-1.6,0.4966,3.928e-22
-0.56,-1.6,0.4963,4.976e-22
-0.54,-1.6,0.4961,6.303e-22
-0.52,-1.6,0.4958,7.984e-22
-0.5,-1.6,0.4956,1.011e-21
-0.48,-1.6,0.4953,1.281e-21
-0.46,-1.6,0.4951,1.623e-21
-0.44,-1.6,0.4948,2.056e-21
-0.42,-1.6,0.4946,2.604e-21
-0.4,-1.6,0.4943,3.298e-21
-0.38,-1.6,0.4941,4.178e-21
-0.36,-1.6,0.4938,5.292e-21
-0.34,-1.6,0.4936,6.704e-21
-0.32,-1.6,0.4933,8.492e-21
-0.3,-1.6,0.4931,1.076e-20
-0.28,-1.6,0.4928,1.363e-20
-0.26,-1.6,0.4926,1.726e-20
-0.24,-1.6,0.4923,2.186e-20
-0.22,-1.6,0.4921,2.77e-20
-0.2,-1.6,0.4919,3.508e-20
-0.18,-1.6,0.4916,4.444e-20
-0.16,-1.6,0.4914,5.629e-20
-0.14,-1.6,0.4911,7.131e-20
-0.12,-1.6,0.4909,9.032e-20
-0.1,-1.6,0.4906,1.144e-19
-0.08,-1.6,0.4904,1.449e-19
-0.06,-1.6,0.4901,1.836e-19
-0.04,-1.6,0.4899,2.325e-19
-0.02,-1.6,0.4896,2.946e-19
0,-1.6,0.4894,3.731e-19
0.02,-1.6,0.4891,4.727e-19
0.04,-1.6,0.4889,5.987e-19
0.06,-1.6,0.4886,6.839e-19
0.08,-1.6,0.4884,7.145e-19
0.1,-1.6,0.4881,6.453e-19
0.12,-1.6,0.4879,5.828e-19
0.14,-1.6,0.4876,5.264e-19
0.16,-1.6,0.4874,4.754e-19
0.18,-1.6,0.4871,4.294e-19
0.2,-1.6,0.4869,3.878e-19
0.22,-1.6,0.4867,3.503e-19
0.24,-1.6,0.4864,3.163e-19
0.26,-1.6,0.4862,2.857e-19
0.28,-1.6,0.4859,2.58e-19
0.3,-1.6,0.4857,2.331e-19
0.32,-1.6,0.4854,2.105e-19
0.34,-1.6,0.4852,1.901e-19
0.36,-1.6,0.4849,1.717e-19
0.38,-1.6,0.4847,1.551e-19
0.4,-1.6,0.4844,1.401e-19
0.42,-1.6,0.4842,1.265e-19
0.44,-1.6,0.4839,1.143e-19
0.46,-1.6,0.4837,1.032e-19
0.48,-1.6,0.4834,8.235e-20
0.5,-1.6,0.4832,6.085e-20
0.52,-1.6,0.4829,3.889e-20
0.54,-1.6,0.4827,2.485e-20
0.56,-1.6,0.4824,1.588e-20
0.58,-1.6,0.4822,1.015e-20
0.6,-1.6,0.4819,6.485e-21
0.62,-1.6,0.4817,3.9e-21
0.64,-1.6,0.4815,2.141e-21
0.66,-1.6,0.4812,1.175e-21
0.68,-1.6,0.481,6.451e-22
0.7,-1.6,0.4807,3.541e-22
0.72,-1.6,0.4805,1.944e-22
0.74,-1.6,0.4802,1.067e-22
0.76,-1.6,0.48,5.857e-23
0.78,-1.6,0.4797,3.215e-23
0.8,-1.6,0.4795,1.765e-23
0.82,-1.6,0.4792,9.689e-24
0.84,-1.6,0.479,5.318e-24
0.86,-1.6,0.4787,2.919e-24
0.88,-1.6,0.4785,1.603e-24
0.9,-1.6,0.4782,8.797e-25
0.92,-1.6,0.478,4.829e-25
0.94,-1.6,0.4777,2.651e-25
0.96,-1.6,0.4775,1.455e-25
0.98,-1.6,0.4772,7.988e-26
1,-1.6,0.477,4.385e-26
1.02,-1.6,0.4768,2.407e-26
1.04,-1.6,0.4765,1.321e-26
1.06,-1.6,0.4763,7.253e-27
1.08,-1.6,0.476,3.982e-27
1.1,-1.6,0.4758,2.186e-27
1.12,-1.6,0.4755,1.2e-27
1.14,-1.6,0.4753,6.586e-28
1.16,-1.6,0.475,3.615e-28
1.18,-1.6,0.4748,1.985e-28
1.2,-1.6,0.4745,1.089e-28
1.22,-1.6,0.4743,5.98e-29
1.24,-1.6,0.474,3.283e-29
1.26,-1.6,0.4738,1.802e-29
1.28,-1.6,0.4735,9.892e-30
1.3,-1.6,0.4733,5.045e-30
1.32,-1.6,0.473,2.544e-30
1.34,-1.6,0.4728,1.283e-30
1.36,-1.6,0.4725,6.468e-31
1.38,-1.6,0.4723,3.261e-31
1.4,-1.6,0.4721,1.645e-31
1.42,-1.6,0.4718,8.293e-32
1.44,-1.6,0.4716,4.181e-32
1.46,-1.6,0.4713,2.108e-32
1.48,-1.6,0.4711,1.063e-32
1.5,-1.6,0.4708,5.361e-33
1.52,-1.6,0.4706,2.703e-33
1.54,-1.6,0.4703,1.363e-33
1.56,-1.6,0.4701,6.873e-34
1.58,-1.6,0.4698,3.466e-34
1.6,-1.6,0.4696,1.747e-34
-1.6,-1.58,0.5091,5.491e-32
-1.58,-1.58,0.5089,9.57e-32
-1.56,-1.58,0.5086,1.668e-31
-1.54,-1.58,0.5084,2.907e-31
-1.52,-1.58,0.5082,5.065e-31
-1.5,-1.58,0.5079,8.828e-31
-1.48,-1.58,0.5077,1.539e-30
-1.46,-1.58,0.5074,2.681e-30
-1.44,-1.58,0.5072,4.673e-30
-1.42,-1.58,0.5069,8.144e-30
-1.4,-1.58,0.5067,1.419e-29
-1.38,-1.58,0.5064,2.473e-29
-1.36,-1.58,0.5062,4.311e-29
-1.34,-1.58,0.5059,7.512e-29
-1.32,-1.58,0.5057,1.309e-28
-1.3,-1.58,0.5054,2.282e-28
-1.28,-1.58,0.5052,3.976e-28
-1.26,-1.58,0.5049,6.93e-28
-1.24,-1.58,0.5047,1.159e-27
-1.22,-1.58,0.5044,1.82e-27
-1.2,-1.58,0.5042,2.859e-27
-1.18,-1.58,0.5039,4.49e-27
-1.16,-1.58,0.5037,7.052e-27
-1.14,-1.58,0.5034,1.108e-26
-1.12,-1.58,0.5032,1.74e-26
-1.1,-1.58,0.5029,2.732e-26
-1.08,-1.58,0.5027,4.291e-26
-1.06,-1.58,0.5025,6.739e-26
-1.04,-1.58,0.5022,1.058e-25
-1.02,-1.58,0.502,1.662e-25
-1,-1.58,0.5017,2.611e-25
-0.98,-1.58,0.5015,4.1e-25
-0.96,-1.58,0.5012,6.44e-25
-0.94,-1.58,0.501,1.011e-24
-0.92,-1.58,0.5007,1.588e-24
-0.9,-1.58,0.5005,2.495e-24
-0.88,-1.58,0.5002,3.918e-24
-0.86,-1.58,0.5,6.154e-24
-0.84,-1.58,0.4997,9.665e-24
-0.82,-1.58,0.4995,1.518e-23
-0.8,-1.58,0.4992,2.384e-23
-0.78,-1.58,0.499,3.744e-23
-0.76,-1.58,0.4987,5.88e-23
-0.74,-1.58,0.4985,8.794e-23
-0.72,-1.58,0.4982,1.251e-22
-0.7,-1.58,0.498,1.778e-22
-0.68,-1.58,0.4977,2.529e-22
-0.66,-1.58,0.4975,3.427e-22
-0.64,-1.58,0.4972,4.341e-22
-0.62,-1.58,0.497,5.499e-22
-0.6,-1.58,0.4968,6.966e-22
-0.58,-1.58,0.4965,8.824e-22
-0.56,-1.58,0.4963,1.118e-21
-0.54,-1.58,0.496,1.416e-21
-0.52,-1.58,0.4958,1.793e-21
-0.5,-1.58,0.4955,2.272e-21
-0.48,-1.58,0.4953,2.878e-21
-0.46,-1.58,0.495,3.645e-21
-0.44,-1.58,0.4948,4.617e-21
-0.42,-1.58,0.4945,5.849e-21
-0.4,-1.58,0.4943,7.409e-21
-0.38,-1.58,0.494,9.385e-21
-0.36,-1.58,0.4938,1.189e-20
-0.34,-1.58,0.4935,1.506e-20
-0.32,-1.58,0.4933,1.908e-20
-0.3,-1.58,0.493,2.416e-20
-0.28,-1.58,0.4928,3.061e-20
-0.26,-1.58,0.4925,3.877e-20
-0.24,-1.58,0.4923,4.911e-20
-0.22,-1.58,0.492,6.221e-20
-0.2,-1.58,0.4918,7.88e-20
-0.18,-1.58,0.4915,9.982e-20
-0.16,-1.58,0.4913,1.264e-19
-0.14,-1.58,0.4911,1.602e-19
-0.12,-1.58,0.4908,2.029e-19
-0.1,-1.58,0.4906,2.57e-19
-0.08,-1.58,0.4903,3.255e-19
-0.06,-1.58,0.4901,4.124e-19
-0.04,-1.58,0.4898,5.224e-19
-0.02,-1.58,0.4896,6.617e-19
0,-1.58,0.4893,8.382e-19
0.02,-1.58,0.4891,1.062e-18
0.04,-1.58,0.4888,1.345e-18
0.06,-1.58,0.4886,1.574e-18
0.08,-1.58,0.4883,1.677e-18
0.1,-1.58,0.4881,1.517e-18
0.12,-1.58,0.4878,1.37e-18
0.14,-1.58,0.4876,1.237e-18
0.16,-1.58,0.4873,1.117e-18
0.18,-1.58,0.4871,1.009e-18
0.2,-1.58,0.4868,9.115e-19
0.22,-1.58,0.4866,8.233e-19
0.24,-1.58,0.4863,7.436e-19
0.26,-1.58,0.4861,6.716e-19
0.28,-1.58,0.4858,6.065e-19
0.3,-1.58,0.4856,5.478e-19
0.32,-1.58,0.4854,4.948e-19
0.34,-1.58,0.4851,4.469e-19
0.36,-1.58,0.4849,4.036e-19
0.38,-1.58,0.4846,3.645e-19
0.4,-1.58,0.4844,3.292e-19
0.42,-1.58,0.4841,2.974e-19
0.44,-1.58,0.4839,2.686e-19
0.46,-1.58,0.4836,2.426e-19
0.48,-1.58,0.4834,1.876e-19
0.5,-1.58,0.4831,1.268e-19
0.52,-1.58,0.4829,8.102e-20
0.54,-1.58,0.4826,5.177e-20
0.56,-1.58,0.4824,3.309e-20
0.58,-1.58,0.4821,2.114e-20
0.6,-1.58,0.4819,1.351e-20
0.62,-1.58,0.4816,7.461e-21
0.64,-1.58,0.4814,4.095e-21
0.66,-1.58,0.4811,2.248e-21
0.68,-1.58,0.4809,1.234e-21
0.7,-1.58,0.4807,6.774e-22
0.72,-1.58,0.4804,3.719e-22
0.74,-1.58,0.4802,2.041e-22
0.76,-1.58,0.4799,1.121e-22
0.78,-1.58,0.4797,6.151e-23
0.8,-1.58,0.4794,3.377e-23
0.82,-1.58,0.4792,1.854e-23
0.84,-1.58,0.4789,1.017e-23
0.86,-1.58,0.4787,5.585e-24
0.88,-1.58,0.4784,3.066e-24
0.9,-1.58,0.4782,1.683e-24
0.92,-1.58,0.4779,9.239e-25
0.94,-1.58,0.4777,5.072e-25
0.96,-1.58,0.4774,2.784e-25
0.98,-1.58,0.4772,1.528e-25
1,-1.58,0.4769,8.389e-26
1.02,-1.58,0.4767,4.605e-26
1.04,-1.58,0.4764,2.528e-26
1.06,-1.58,0.4762,1.388e-26
1.08,-1.58,0.476,7.617e-27
1.1,-1.58,0.4757,4.181e-27
1.12,-1.58,0.4755,2.295e-27
1.14,-1.58,0.4752,1.26e-27
1.16,-1.58,0.475,6.917e-28
1.18,-1.58,0.4747,3.797e-28
1.2,-1.58,0.4745,2.084e-28
1.22,-1.58,0.4742,1.144e-28
1.24,-1.58,0.474,6.28e-29
1.26,-1.58,0.4737,3.448e-29
1.28,-1.58,0.4735,1.823e-29
1.3,-1.58,0.4732,9.193e-30
1.32,-1.58,0.473,4.635e-30
1.34,-1.58,0.4727,2.337e-30
1.36,-1.58,0.4725,1.179e-30
1.38,-1.58,0.4722,5.943e-31
1.4,-1.58,0.472,2.997e-31
1.42,-1.58,0.4717,1.511e-31
1.44,-1.58,0.4715,7.619e-32
1.46,-1.58,0.4713,3.842e-32
1.48,-1.58,0.471,1.937e-32
1.5,-1.58,0.4708,9.768e-33
1.52,-1.58,0.4705,4.925e-33
1.54,-1.58,0.4703,2.484e-33
1.56,-1.58,0.47,1.252e-33
1.58,-1.58,0.4698,6.315e-34
1.6,-1.58,0.4695,3.184e-34
-1.6,-1.56,0.5091,1.044e-31
-1.58,-1.56,0.5088,1.819e-31
-1.56,-1.56,0.5086,3.17e-31
-1.54,-1.56,0.5083,5.525e-31
-1.52,-1.56,0.5081,9.629e-31
-1.5,-1.56,0.5078,1.678e-30
-1.48,-1.56,0.5076,2.924e-30
-1.46,-1.56,0.5073,5.097e-30
-1.44,-1.56,0.5071,8.882e-30
-1.42,-1.56,0.5069,1.548e-29
-1.4,-1.56,0.5066,2.698e-29
-1.38,-1.56,0.5064,4.702e-29
-1.36,-1.56,0.5061,8.194e-29
-1.34,-1.56,0.5059,1.428e-28
-1.32,-1.56,0.5056,2.489e-28
-1.3,-1.56,0.5054,4.337e-28
-1.28,-1.56,0.5051,7.559e-28
-1.26,-1.56,0.5049,1.317e-27
-1.24,-1.56,0.5046,2.296e-27
-1.22,-1.56,0.5044,3.828e-27
-1.2,-1.56,0.5041,6.012e-27
-1.18,-1.56,0.5039,9.442e-27
-1.16,-1.56,0.5036,1.483e-26
-1.14,-1.56,0.5034,2.329e-26
-1.12,-1.56,0.5031,3.658e-26
-1.1,-1.56,0.5029,5.745e-26
-1.08,-1.56,0.5026,9.022e-26
-1.06,-1.56,0.5024,1.417e-25
-1.04,-1.56,0.5021,2.225e-25
-1.02,-1.56,0.5019,3.495e-25
-1,-1.56,0.5016,5.489e-25
-0.98,-1.56,0.5014,8.622e-25
-0.96,-1.56,0.5012,1.354e-24
-0.94,-1.56,0.5009,2.127e-24
-0.92,-1.56,0.5007,3.34e-24
-0.9,-1.56,0.5004,5.246e-24
-0.88,-1.56,0.5002,8.239e-24
-0.86,-1.56,0.4999,1.294e-23
-0.84,-1.56,0.4997,2.032e-23
-0.82,-1.56,0.4994,3.192e-23
-0.8,-1.56,0.4992,5.013e-23
-0.78,-1.56,0.4989,7.873e-23
-0.76,-1.56,0.4987,1.236e-22
-0.74,-1.56,0.4984,1.914e-22
-0.72,-1.56,0.4982,2.722e-22
-0.7,-1.56,0.4979,3.87e-22
-0.68,-1.56,0.4977,5.504e-22
-0.66,-1.56,0.4974,7.698e-22
-0.64,-1.56,0.4972,9.752e-22
-0.62,-1.56,0.4969,1.235e-21
-0.6,-1.56,0.4967,1.565e-21
-0.58,-1.56,0.4964,1.982e-21
-0.56,-1.56,0.4962,2.511e-21
-0.54,-1.56,0.4959,3.18e-21
-0.52,-1.56,0.4957,4.029e-21
-0.5,-1.56,0.4955,5.103e-21
-0.48,-1.56,0.4952,6.464e-21
-0.46,-1.56,0.495,8.188e-21
-0.44,-1.56,0.4947,1.037e-20
-0.42,-1.56,0.4945,1.314e-20
-0.4,-1.56,0.4942,1.664e-20
-0.38,-1.56,0.494,2.108e-20
-0.36,-1.56,0.4937,2.67e-20
-0.34,-1.56,0.4935,3.383e-20
-0.32,-1.56,0.4932,4.285e-20
-0.3,-1.56,0.493,5.428e-20
-0.28,-1.56,0.4927,6.875e-20
-0.26,-1.56,0.4925,8.709e-20
-0.24,-1.56,0.4922,1.103e-19
-0.22,-1.56,0.492,1.397e-19
-0.2,-1.56,0.4917,1.77e-19
-0.18,-1.56,0.4915,2.242e-19
-0.16,-1.56,0.4912,2.84e-19
-0.14,-1.56,0.491,3.598e-19
-0.12,-1.56,0.4907,4.557e-19
-0.1,-1.56,0.4905,5.773e-19
-0.08,-1.56,0.4902,7.313e-19
-0.06,-1.56,0.49,9.263e-19
-0.04,-1.56,0.4898,1.173e-18
-0.02,-1.56,0.4895,1.486e-18
0,-1.56,0.4893,1.883e-18
0.02,-1.56,0.489,2.385e-18
0.04,-1.56,0.4888,3.021e-18
0.06,-1.56,0.4885,3.624e-18
0.08,-1.56,0.4883,3.86e-18
0.1,-1.56,0.488,3.565e-18
0.12,-1.56,0.4878,3.22e-18
0.14,-1.56,0.4875,2.908e-18
0.16,-1.56,0.4873,2.627e-18
0.18,-1.56,0.487,2.372e-18
0.2,-1.56,0.4868,2.143e-18
0.22,-1.56,0.4865,1.935e-18
0.24,-1.56,0.4863,1.748e-18
0.26,-1.56,0.486,1.579e-18
0.28,-1.56,0.4858,1.426e-18
0.3,-1.56,0.4855,1.288e-18
0.32,-1.56,0.4853,1.163e-18
0.34,-1.56,0.485,1.05e-18
0.36,-1.56,0.4848,9.487e-19
0.38,-1.56,0.4846,8.568e-19
0.4,-1.56,0.4843,7.739e-19
0.42,-1.56,0.4841,6.989e-19
0.44,-1.56,0.4838,6.313e-19
0.46,-1.56,0.4836,5.598e-19
0.48,-1.56,0.4833,4.133e-19
0.5,-1.56,0.4831,2.641e-19
0.52,-1.56,0.4828,1.688e-19
0.54,-1.56,0.4826,1.079e-19
0.56,-1.56,0.4823,6.893e-20
0.58,-1.56,0.4821,4.405e-20
0.6,-1.56,0.4818,2.6e-20
0.62,-1.56,0.4816,1.427e-20
0.64,-1.56,0.4813,7.835e-21
0.66,-1.56,0.4811,4.301e-21
0.68,-1.56,0.4808,2.361e-21
0.7,-1.56,0.4806,1.296e-21
0.72,-1.56,0.4803,7.114e-22
0.74,-1.56,0.4801,3.905e-22
0.76,-1.56,0.4799,2.144e-22
0.78,-1.56,0.4796,1.177e-22
0.8,-1.56,0.4794,6.46e-23
0.82,-1.56,0.4791,3.546e-23
0.84,-1.56,0.4789,1.947e-23
0.86,-1.56,0.4786,1.069e-23
0.88,-1.56,0.4784,5.866e-24
0.9,-1.56,0.4781,3.22e-24
0.92,-1.56,0.4779,1.768e-24
0.94,-1.56,0.4776,9.703e-25
0.96,-1.56,0.4774,5.326e-25
0.98,-1.56,0.4771,2.924e-25
1,-1.56,0.4769,1.605e-25
1.02,-1.56,0.4766,8.81e-26
1.04,-1.56,0.4764,4.836e-26
1.06,-1.56,0.4761,2.655e-26
1.08,-1.56,0.4759,1.457e-26
1.1,-1.56,0.4756,8e-27
1.12,-1.56,0.4754,4.391e-27
1.14,-1.56,0.4752,2.411e-27
1.16,-1.56,0.4749,1.323e-27
1.18,-1.56,0.4747,7.264e-28
1.2,-1.56,0.4744,3.987e-28
1.22,-1.56,0.4742,2.189e-28
1.24,-1.56,0.4739,1.202e-28
1.26,-1.56,0.4737,6.588e-29
1.28,-1.56,0.4734,3.322e-29
1.3,-1.56,0.4732,1.675e-29
1.32,-1.56,0.4729,8.446e-30
1.34,-1.56,0.4727,4.259e-30
1.36,-1.56,0.4724,2.147e-30
1.38,-1.56,0.4722,1.083e-30
1.4,-1.56,0.4719,5.46e-31
1.42,-1.56,0.4717,2.753e-31
1.44,-1.56,0.4714,1.388e-31
1.46,-1.56,0.4712,7e-32
1.48,-1.56,0.4709,3.53e-32
1.5,-1.56,0.4707,1.78e-32
1.52,-1.56,0.4705,8.975e-33
1.54,-1.56,0.4702,4.525e-33
1.56,-1.56,0.47,2.282e-33
1.58,-1.56,0.4697,1.151e-33
1.6,-1.56,0.4695,5.802e-34
-1.6,-1.54,0.509,1.984e-31
-1.58,-1.54,0.5088,3.458e-31
-1.56,-1.54,0.5085,6.026e-31
-1.54,-1.54,0.5083,1.05e-30
-1.52,-1.54,0.508,1.83e-30
-1.5,-1.54,0.5078,3.19e-30
-1.48,-1.54,0.5075,5.559e-30
-1.46,-1.54,0.5073,9.688e-30
-1.44,-1.54,0.507,1.688e-29
-1.42,-1.54,0.5068,2.943e-29
-1.4,-1.54,0.5065,5.128e-29
-1.38,-1.54,0.5063,8.937e-29
-1.36,-1.54,0.5061,1.558e-28
-1.34,-1.54,0.5058,2.715e-28
-1.32,-1.54,0.5056,4.731e-28
-1.3,-1.54,0.5053,8.245e-28
-1.28,-1.54,0.5051,1.437e-27
-1.26,-1.54,0.5048,2.504e-27
-1.24,-1.54,0.5046,4.364e-27
-1.22,-1.54,0.5043,7.606e-27
-1.2,-1.54,0.5041,1.264e-26
-1.18,-1.54,0.5038,1.985e-26
-1.16,-1.54,0.5036,3.118e-26
-1.14,-1.54,0.5033,4.897e-26
-1.12,-1.54,0.5031,7.691e-26
-1.1,-1.54,0.5028,1.208e-25
-1.08,-1.54,0.5026,1.897e-25
-1.06,-1.54,0.5023,2.979e-25
-1.04,-1.54,0.5021,4.679e-25
-1.02,-1.54,0.5018,7.349e-25
-1,-1.54,0.5016,1.154e-24
-0.98,-1.54,0.5013,1.813e-24
-0.96,-1.54,0.5011,2.847e-24
-0.94,-1.54,0.5008,4.472e-24
-0.92,-1.54,0.5006,7.023e-24
-0.9,-1.54,0.5004,1.103e-23
-0.88,-1.54,0.5001,1.732e-23
-0.86,-1.54,0.4999,2.721e-23
-0.84,-1.54,0.4996,4.273e-23
-0.82,-1.54,0.4994,6.711e-23
-0.8,-1.54,0.4991,1.054e-22
-0.78,-1.54,0.4989,1.655e-22
-0.76,-1.54,0.4986,2.6e-22
-0.74,-1.54,0.4984,4.083e-22
-0.72,-1.54,0.4981,5.923e-22
-0.7,-1.54,0.4979,8.423e-22
-0.68,-1.54,0.4976,1.198e-21
-0.66,-1.54,0.4974,1.703e-21
-0.64,-1.54,0.4971,2.19e-21
-0.62,-1.54,0.4969,2.775e-21
-0.6,-1.54,0.4966,3.515e-21
-0.58,-1.54,0.4964,4.452e-21
-0.56,-1.54,0.4961,5.64e-21
-0.54,-1.54,0.4959,7.144e-21
-0.52,-1.54,0.4956,9.049e-21
-0.5,-1.54,0.4954,1.146e-20
-0.48,-1.54,0.4951,1.452e-20
-0.46,-1.54,0.4949,1.839e-20
-0.44,-1.54,0.4947,2.33e-20
-0.42,-1.54,0.4944,2.951e-20
-0.4,-1.54,0.4942,3.738e-20
-0.38,-1.54,0.4939,4.735e-20
-0.36,-1.54,0.4937,5.998e-20
-0.34,-1.54,0.4934,7.598e-20
-0.32,-1.54,0.4932,9.625e-20
-0.3,-1.54,0.4929,1.219e-19
-0.28,-1.54,0.4927,1.544e-19
-0.26,-1.54,0.4924,1.956e-19
-0.24,-1.54,0.4922,2.478e-19
-0.22,-1.54,0.4919,3.139e-19
-0.2,-1.54,0.4917,3.976e-19
-0.18,-1.54,0.4914,5.037e-19
-0.16,-1.54,0.4912,6.38e-19
-0.14,-1.54,0.4909,8.082e-19
-0.12,-1.54,0.4907,1.024e-18
-0.1,-1.54,0.4904,1.297e-18
-0.08,-1.54,0.4902,1.643e-18
-0.06,-1.54,0.4899,2.081e-18
-0.04,-1.54,0.4897,2.636e-18
-0.02,-1.54,0.4894,3.339e-18
0,-1.54,0.4892,4.229e-18
0.02,-1.54,0.489,5.357e-18
0.04,-1.54,0.4887,6.786e-18
0.06,-1.54,0.4885,8.342e-18
0.08,-1.54,0.4882,8.886e-18
0.1,-1.54,0.488,8.38e-18
0.12,-1.54,0.4877,7.569e-18
0.14,-1.54,0.4875,6.836e-18
0.16,-1.54,0.4872,6.174e-18
0.18,-1.54,0.487,5.576e-18
0.2,-1.54,0.4867,5.036e-18
0.22,-1.54,0.4865,4.549e-18
0.24,-1.54,0.4862,4.108e-18
0.26,-1.54,0.486,3.71e-18
0.28,-1.54,0.4857,3.351e-18
0.3,-1.54,0.4855,3.027e-18
0.32,-1.54,0.4852,2.734e-18
0.34,-1.54,0.485,2.469e-18
0.36,-1.54,0.4847,2.23e-18
0.38,-1.54,0.4845,2.014e-18
0.4,-1.54,0.4842,1.819e-18
0.42,-1.54,0.484,1.643e-18
0.44,-1.54,0.4838,1.484e-18
0.46,-1.54,0.4835,1.275e-18
0.48,-1.54,0.4833,8.612e-19
0.5,-1.54,0.483,5.503e-19
0.52,-1.54,0.4828,3.517e-19
0.54,-1.54,0.4825,2.247e-19
0.56,-1.54,0.4823,1.436e-19
0.58,-1.54,0.482,9.062e-20
0.6,-1.54,0.4818,4.974e-20
0.62,-1.54,0.4815,2.731e-20
0.64,-1.54,0.4813,1.499e-20
0.66,-1.54,0.481,8.228e-21
0.68,-1.54,0.4808,4.517e-21
0.7,-1.54,0.4805,2.479e-21
0.72,-1.54,0.4803,1.361e-21
0.74,-1.54,0.48,7.471e-22
0.76,-1.54,0.4798,4.101e-22
0.78,-1.54,0.4795,2.251e-22
0.8,-1.54,0.4793,1.236e-22
0.82,-1.54,0.479,6.784e-23
0.84,-1.54,0.4788,3.724e-23
0.86,-1.54,0.4786,2.044e-23
0.88,-1.54,0.4783,1.122e-23
0.9,-1.54,0.4781,6.16e-24
0.92,-1.54,0.4778,3.382e-24
0.94,-1.54,0.4776,1.856e-24
0.96,-1.54,0.4773,1.019e-24
0.98,-1.54,0.4771,5.593e-25
1,-1.54,0.4768,3.07e-25
1.02,-1.54,0.4766,1.685e-25
1.04,-1.54,0.4763,9.252e-26
1.06,-1.54,0.4761,5.079e-26
1.08,-1.54,0.4758,2.788e-26
1.1,-1.54,0.4756,1.53e-26
1.12,-1.54,0.4753,8.401e-27
1.14,-1.54,0.4751,4.612e-27
1.16,-1.54,0.4748,2.532e-27
1.18,-1.54,0.4746,1.39e-27
1.2,-1.54,0.4744,7.628e-28
1.22,-1.54,0.4741,4.187e-28
1.24,-1.54,0.4739,2.299e-28
1.26,-1.54,0.4736,1.2e-28
1.28,-1.54,0.4734,6.053e-29
1.3,-1.54,0.4731,3.052e-29
1.32,-1.54,0.4729,1.539e-29
1.34,-1.54,0.4726,7.76e-30
1.36,-1.54,0.4724,3.913e-30
1.38,-1.54,0.4721,1.973e-30
1.4,-1.54,0.4719,9.949e-31
1.42,-1.54,0.4716,5.017e-31
1.44,-1.54,0.4714,2.53e-31
1.46,-1.54,0.4711,1.275e-31
1.48,-1.54,0.4709,6.432e-32
1.5,-1.54,0.4706,3.243e-32
1.52,-1.54,0.4704,1.635e-32
1.54,-1.54,0.4702,8.246e-33
1.56,-1.54,0.4699,4.158e-33
1.58,-1.54,0.4697,2.096e-33
1.6,-1.54,0.4694,1.057e-33
-1.6,-1.52,0.509,3.772e-31
-1.58,-1.52,0.5087,6.573e-31
-1.56,-1.52,0.5085,1.146e-30
-1.54,-1.52,0.5082,1.996e-30
-1.52,-1.52,0.508,3.479e-30
-1.5,-1.52,0.5077,6.064e-30
-1.48,-1.52,0.5075,1.057e-29
-1.46,-1.52,0.5072,1.842e-29
-1.44,-1.52,0.507,3.21e-29
-1.42,-1.52,0.5067,5.594e-29
-1.4,-1.52,0.5065,9.748e-29
-1.38,-1.52,0.5062,1.699e-28
-1.36,-1.52,0.506,2.961e-28
-1.34,-1.52,0.5057,5.16e-28
-1.32,-1.52,0.5055,8.993e-28
-1.3,-1.52,0.5053,1.567e-27
-1.28,-1.52,0.505,2.731e-27
-1.26,-1.52,0.5048,4.76e-27
-1.24,-1.52,0.5045,8.296e-27
-1.22,-1.52,0.5043,1.446e-26
-1.2,-1.52,0.504,2.52e-26
-1.18,-1.52,0.5038,4.174e-26
-1.16,-1.52,0.5035,6.556e-26
-1.14,-1.52,0.5033,1.03e-25
-1.12,-1.52,0.503,1.617e-25
-1.1,-1.52,0.5028,2.54e-25
-1.08,-1.52,0.5025,3.989e-25
-1.06,-1.52,0.5023,6.265e-25
-1.04,-1.52,0.502,9.839e-25
-1.02,-1.52,0.5018,1.545e-24
-1,-1.52,0.5015,2.427e-24
-0.98,-1.52,0.5013,3.812e-24
-0.96,-1.52,0.501,5.986e-24
-0.94,-1.52,0.5008,9.402e-24
-0.92,-1.52,0.5005,1.477e-23
-0.9,-1.52,0.5003,2.319e-23
-0.88,-1.52,0.5,3.642e-23
-0.86,-1.52,0.4998,5.72e-23
-0.84,-1.52,0.4996,8.984e-23
-0.82,-1.52,0.4993,1.411e-22
-0.8,-1.52,0.4991,2.216e-22
-0.78,-1.52,0.4988,3.481e-22
-0.76,-1.52,0.4986,5.466e-22
-0.74,-1.52,0.4983,8.585e-22
-0.72,-1.52,0.4981,1.289e-21
-0.7,-1.52,0.4978,1.833e-21
-0.68,-1.52,0.4976,2.607e-21
-0.66,-1.52,0.4973,3.707e-21
-0.64,-1.52,0.4971,4.92e-21
-0.62,-1.52,0.4968,6.233e-21
-0.6,-1.52,0.4966,7.895e-21
-0.58,-1.52,0.4963,1e-20
-0.56,-1.52,0.4961,1.267e-20
-0.54,-1.52,0.4958,1.605e-20
-0.52,-1.52,0.4956,2.033e-20
-0.5,-1.52,0.4953,2.575e-20
-0.48,-1.52,0.4951,3.261e-20
-0.46,-1.52,0.4948,4.131e-20
-0.44,-1.52,0.4946,5.233e-20
-0.42,-1.52,0.4943,6.629e-20
-0.4,-1.52,0.4941,8.397e-20
-0.38,-1.52,0.4939,1.064e-19
-0.36,-1.52,0.4936,1.347e-19
-0.34,-1.52,0.4934,1.707e-19
-0.32,-1.52,0.4931,2.162e-19
-0.3,-1.52,0.4929,2.739e-19
-0.28,-1.52,0.4926,3.469e-19
-0.26,-1.52,0.4924,4.394e-19
-0.24,-1.52,0.4921,5.566e-19
-0.22,-1.52,0.4919,7.051e-19
-0.2,-1.52,0.4916,8.931e-19
-0.18,-1.52,0.4914,1.131e-18
-0.16,-1.52,0.4911,1.433e-18
-0.14,-1.52,0.4909,1.815e-18
-0.12,-1.52,0.4906,2.299e-18
-0.1,-1.52,0.4904,2.913e-18
-0.08,-1.52,0.4901,3.69e-18
-0.06,-1.52,0.4899,4.674e-18
-0.04,-1.52,0.4896,5.92e-18
-0.02,-1.52,0.4894,7.499e-18
0,-1.52,0.4891,9.499e-18
0.02,-1.52,0.4889,1.203e-17
0.04,-1.52,0.4886,1.524e-17
0.06,-1.52,0.4884,1.92e-17
0.08,-1.52,0.4882,2.045e-17
0.1,-1.52,0.4879,1.97e-17
0.12,-1.52,0.4877,1.779e-17
0.14,-1.52,0.4874,1.607e-17
0.16,-1.52,0.4872,1.451e-17
0.18,-1.52,0.4869,1.311e-17
0.2,-1.52,0.4867,1.184e-17
0.22,-1.52,0.4864,1.069e-17
0.24,-1.52,0.4862,9.656e-18
0.26,-1.52,0.4859,8.721e-18
0.28,-1.52,0.4857,7.877e-18
0.3,-1.52,0.4854,7.114e-18
0.32,-1.52,0.4852,6.425e-18
0.34,-1.52,0.4849,5.803e-18
0.36,-1.52,0.4847,5.241e-18
0.38,-1.52,0.4844,4.734e-18
0.4,-1.52,0.4842,4.275e-18
0.42,-1.52,0.4839,3.862e-18
0.44,-1.52,0.4837,3.488e-18
0.46,-1.52,0.4834,2.808e-18
0.48,-1.52,0.4832,1.794e-18
0.5,-1.52,0.483,1.147e-18
0.52,-1.52,0.4827,7.327e-19
0.54,-1.52,0.4825,4.682e-19
0.56,-1.52,0.4822,2.992e-19
0.58,-1.52,0.482,1.734e-19
0.6,-1.52,0.4817,9.517e-20
0.62,-1.52,0.4815,5.224e-20
0.64,-1.52,0.4812,2.868e-20
0.66,-1.52,0.481,1.574e-20
0.68,-1.52,0.4807,8.641e-21
0.7,-1.52,0.4805,4.744e-21
0.72,-1.52,0.4802,2.604e-21
0.74,-1.52,0.48,1.429e-21
0.76,-1.52,0.4797,7.846e-22
0.78,-1.52,0.4795,4.307e-22
0.8,-1.52,0.4792,2.364e-22
0.82,-1.52,0.479,1.298e-22
0.84,-1.52,0.4787,7.125e-23
0.86,-1.52,0.4785,3.911e-23
0.88,-1.52,0.4782,2.147e-23
0.9,-1.52,0.478,1.179e-23
0.92,-1.52,0.4778,6.469e-24
0.94,-1.52,0.4775,3.551e-24
0.96,-1.52,0.4773,1.949e-24
0.98,-1.52,0.477,1.07e-24
1,-1.52,0.4768,5.874e-25
1.02,-1.52,0.4765,3.225e-25
1.04,-1.52,0.4763,1.77e-25
1.06,-1.52,0.476,9.717e-26
1.08,-1.52,0.4758,5.334e-26
1.1,-1.52,0.4755,2.928e-26
1.12,-1.52,0.4753,1.607e-26
1.14,-1.52,0.475,8.823e-27
1.16,-1.52,0.4748,4.843e-27
1.18,-1.52,0.4745,2.659e-27
1.2,-1.52,0.4743,1.459e-27
1.22,-1.52,0.474,8.011e-28
1.24,-1.52,0.4738,4.338e-28
1.26,-1.52,0.4736,2.187e-28
1.28,-1.52,0.4733,1.103e-28
1.3,-1.52,0.4731,5.561e-29
1.32,-1.52,0.4728,2.804e-29
1.34,-1.52,0.4726,1.414e-29
1.36,-1.52,0.4723,7.13e-30
1.38,-1.52,0.4721,3.595e-30
1.4,-1.52,0.4718,1.813e-30
1.42,-1.52,0.4716,9.141e-31
1.44,-1.52,0.4713,4.609e-31
1.46,-1.52,0.4711,2.324e-31
1.48,-1.52,0.4708,1.172e-31
1.5,-1.52,0.4706,5.909e-32
1.52,-1.52,0.4703,2.98e-32
1.54,-1.52,0.4701,1.502e-32
1.56,-1.52,0.4698,7.576e-33
1.58,-1.52,0.4696,3.82e-33
1.6,-1.52,0.4694,1.926e-33
-1.6,-1.5,0.5089,7.169e-31
-1.58,-1.5,0.5087,1.249e-30
-1.56,-1.5,0.5084,2.178e-30
-1.54,-1.5,0.5082,3.795e-30
-1.52,-1.5,0.5079,6.614e-30
-1.5,-1.5,0.5077,1.153e-29
-1.48,-1.5,0.5074,2.009e-29
-1.46,-1.5,0.5072,3.501e-29
-1.44,-1.5,0.5069,6.101e-29
-1.42,-1.5,0.5067,1.063e-28
-1.4,-1.5,0.5064,1.853e-28
-1.38,-1.5,0.5062,3.229e-28
-1.36,-1.5,0.5059,5.628e-28
-1.34,-1.5,0.5057,9.808e-28
-1.32,-1.5,0.5054,1.709e-27
-1.3,-1.5,0.5052,2.979e-27
-1.28,-1.5,0.5049,5.192e-27
-1.26,-1.5,0.5047,9.048e-27
-1.24,-1.5,0.5044,1.577e-26
-1.22,-1.5,0.5042,2.748e-26
-1.2,-1.5,0.504,4.789e-26
-1.18,-1.5,0.5037,8.347e-26
-1.16,-1.5,0.5035,1.378e-25
-1.14,-1.5,0.5032,2.165e-25
-1.12,-1.5,0.503,3.4e-25
-1.1,-1.5,0.5027,5.34e-25
-1.08,-1.5,0.5025,8.387e-25
-1.06,-1.5,0.5022,1.317e-24
-1.04,-1.5,0.502,2.069e-24
-1.02,-1.5,0.5017,3.249e-24
-1,-1.5,0.5015,5.103e-24
-0.98,-1.5,0.5012,8.014e-24
-0.96,-1.5,0.501,1.259e-23
-0.94,-1.5,0.5007,1.977e-23
-0.92,-1.5,0.5005,3.105e-23
-0.9,-1.5,0.5002,4.876e-23
-0.88,-1.5,0.5,7.658e-23
-0.86,-1.5,0.4997,1.203e-22
-0.84,-1.5,0.4995,1.889e-22
-0.82,-1.5,0.4992,2.967e-22
-0.8,-1.5,0.499,4.66e-22
-0.78,-1.5,0.4987,7.318e-22
-0.76,-1.5,0.4985,1.149e-21
-0.74,-1.5,0.4983,1.805e-21
-0.72,-1.5,0.498,2.805e-21
-0.7,-1.5,0.4978,3.989e-21
-0.68,-1.5,0.4975,5.673e-21
-0.66,-1.5,0.4973,8.067e-21
-0.64,-1.5,0.497,1.105e-20
-0.62,-1.5,0.4968,1.4e-20
-0.6,-1.5,0.4965,1.773e-20
-0.58,-1.5,0.4963,2.246e-20
-0.56,-1.5,0.496,2.845e-20
-0.54,-1.5,0.4958,3.604e-20
-0.52,-1.5,0.4955,4.566e-20
-0.5,-1.5,0.4953,5.784e-20
-0.48,-1.5,0.495,7.326e-20
-0.46,-1.5,0.4948,9.28e-20
-0.44,-1.5,0.4945,1.176e-19
-0.42,-1.5,0.4943,1.489e-19
-0.4,-1.5,0.494,1.886e-19
-0.38,-1.5,0.4938,2.389e-19
-0.36,-1.5,0.4935,3.027e-19
-0.34,-1.5,0.4933,3.834e-19
-0.32,-1.5,0.493,4.856e-19
-0.3,-1.5,0.4928,6.151e-19
-0.28,-1.5,0.4926,7.792e-19
-0.26,-1.5,0.4923,9.87e-19
-0.24,-1.5,0.4921,1.25e-18
-0.22,-1.5,0.4918,1.584e-18
-0.2,-1.5,0.4916,2.006e-18
-0.18,-1.5,0.4913,2.541e-18
-0.16,-1.5,0.4911,3.219e-18
-0.14,-1.5,0.4908,4.078e-18
-0.12,-1.5,0.4906,5.165e-18
-0.1,-1.5,0.4903,6.543e-18
-0.08,-1.5,0.4901,8.288e-18
-0.06,-1.5,0.4898,1.05e-17
-0.04,-1.5,0.4896,1.33e-17
-0.02,-1.5,0.4893,1.685e-17
0,-1.5,0.4891,2.134e-17
0.02,-1.5,0.4888,2.703e-17
0.04,-1.5,0.4886,3.424e-17
0.06,-1.5,0.4883,4.337e-17
0.08,-1.5,0.4881,4.708e-17
0.1,-1.5,0.4878,4.63e-17
0.12,-1.5,0.4876,4.182e-17
0.14,-1.5,0.4874,3.777e-17
0.16,-1.5,0.4871,3.411e-17
0.18,-1.5,0.4869,3.081e-17
0.2,-1.5,0.4866,2.782e-17
0.22,-1.5,0.4864,2.513e-17
0.24,-1.5,0.4861,2.27e-17
0.26,-1.5,0.4859,2.05e-17
0.28,-1.5,0.4856,1.851e-17
0.3,-1.5,0.4854,1.672e-17
0.32,-1.5,0.4851,1.51e-17
0.34,-1.5,0.4849,1.364e-17
0.36,-1.5,0.4846,1.232e-17
0.38,-1.5,0.4844,1.113e-17
0.4,-1.5,0.4841,1.005e-17
0.42,-1.5,0.4839,9.076e-18
0.44,-1.5,0.4836,8.198e-18
0.46,-1.5,0.4834,5.849e-18
0.48,-1.5,0.4831,3.738e-18
0.5,-1.5,0.4829,2.389e-18
0.52,-1.5,0.4826,1.526e-18
0.54,-1.5,0.4824,9.755e-19
0.56,-1.5,0.4822,6.042e-19
0.58,-1.5,0.4819,3.317e-19
0.6,-1.5,0.4817,1.821e-19
0.62,-1.5,0.4814,9.994e-20
0.64,-1.5,0.4812,5.486e-20
0.66,-1.5,0.4809,3.012e-20
0.68,-1.5,0.4807,1.653e-20
0.7,-1.5,0.4804,9.075e-21
0.72,-1.5,0.4802,4.982e-21
0.74,-1.5,0.4799,2.735e-21
0.76,-1.5,0.4797,1.501e-21
0.78,-1.5,0.4794,8.24e-22
0.8,-1.5,0.4792,4.523e-22
0.82,-1.5,0.4789,2.483e-22
0.84,-1.5,0.4787,1.363e-22
0.86,-1.5,0.4784,7.482e-23
0.88,-1.5,0.4782,4.107e-23
0.9,-1.5,0.4779,2.255e-23
0.92,-1.5,0.4777,1.238e-23
0.94,-1.5,0.4774,6.794e-24
0.96,-1.5,0.4772,3.729e-24
0.98,-1.5,0.477,2.047e-24
1,-1.5,0.4767,1.124e-24
1.02,-1.5,0.4765,6.169e-25
1.04,-1.5,0.4762,3.386e-25
1.06,-1.5,0.476,1.859e-25
1.08,-1.5,0.4757,1.02e-25
1.1,-1.5,0.4755,5.601e-26
1.12,-1.5,0.4752,3.075e-26
1.14,-1.5,0.475,1.688e-26
1.16,-1.5,0.4747,9.266e-27
1.18,-1.5,0.4745,5.086e-27
1.2,-1.5,0.4742,2.792e-27
1.22,-1.5,0.474,1.533e-27
1.24,-1.5,0.4737,7.904e-28
1.26,-1.5,0.4735,3.985e-28
1.28,-1.5,0.4732,2.01e-28
1.3,-1.5,0.473,1.013e-28
1.32,-1.5,0.4728,5.109e-29
1.34,-1.5,0.4725,2.576e-29
1.36,-1.5,0.4723,1.299e-29
1.38,-1.5,0.472,6.551e-30
1.4,-1.5,0.4718,3.303e-30
1.42,-1.5,0.4715,1.666e-30
1.44,-1.5,0.4713,8.398e-31
1.46,-1.5,0.471,4.235e-31
1.48,-1.5,0.4708,2.135e-31
1.5,-1.5,0.4705,1.077e-31
1.52,-1.5,0.4703,5.429e-32
1.54,-1.5,0.47,2.738e-32
1.56,-1.5,0.4698,1.38e-32
1.58,-1.5,0.4695,6.96e-33
1.6,-1.5,0.4693,3.51e-33
-1.6,-1.48,0.5089,1.363e-30
-1.58,-1.48,0.5086,2.375e-30
-1.56,-1.48,0.5084,4.139e-30
-1.54,-1.48,0.5081,7.214e-30
-1.52,-1.48,0.5079,1.257e-29
-1.5,-1.48,0.5076,2.191e-29
-1.48,-1.48,0.5074,3.818e-29
-1.46,-1.48,0.5071,6.654e-29
-1.44,-1.48,0.5069,1.16e-28
-1.42,-1.48,0.5066,2.021e-28
-1.4,-1.48,0.5064,3.522e-28
-1.38,-1.48,0.5061,6.139e-28
-1.36,-1.48,0.5059,1.07e-27
-1.34,-1.48,0.5056,1.864e-27
-1.32,-1.48,0.5054,3.249e-27
-1.3,-1.48,0.5051,5.663e-27
-1.28,-1.48,0.5049,9.869e-27
-1.26,-1.48,0.5046,1.72e-26
-1.24,-1.48,0.5044,2.997e-26
-1.22,-1.48,0.5041,5.224e-26
-1.2,-1.48,0.5039,9.104e-26
-1.18,-1.48,0.5036,1.587e-25
-1.16,-1.48,0.5034,2.765e-25
-1.14,-1.48,0.5032,4.552e-25
-1.12,-1.48,0.5029,7.149e-25
-1.1,-1.48,0.5027,1.123e-24
-1.08,-1.48,0.5024,1.763e-24
-1.06,-1.48,0.5022,2.77e-24
-1.04,-1.48,0.5019,4.35e-24
-1.02,-1.48,0.5017,6.832e-24
-1,-1.48,0.5014,1.073e-23
-0.98,-1.48,0.5012,1.685e-23
-0.96,-1.48,0.5009,2.647e-23
-0.94,-1.48,0.5007,4.157e-23
-0.92,-1.48,0.5004,6.528e-23
-0.9,-1.48,0.5002,1.025e-22
-0.88,-1.48,0.4999,1.61e-22
-0.86,-1.48,0.4997,2.529e-22
-0.84,-1.48,0.4994,3.972e-22
-0.82,-1.48,0.4992,6.238e-22
-0.8,-1.48,0.4989,9.798e-22
-0.78,-1.48,0.4987,1.539e-21
-0.76,-1.48,0.4984,2.417e-21
-0.74,-1.48,0.4982,3.796e-21
-0.72,-1.48,0.4979,5.961e-21
-0.7,-1.48,0.4977,8.681e-21
-0.68,-1.48,0.4975,1.235e-20
-0.66,-1.48,0.4972,1.756e-20
-0.64,-1.48,0.497,2.483e-20
-0.62,-1.48,0.4967,3.145e-20
-0.6,-1.48,0.4965,3.983e-20
-0.58,-1.48,0.4962,5.046e-20
-0.56,-1.48,0.496,6.392e-20
-0.54,-1.48,0.4957,8.096e-20
-0.52,-1.48,0.4955,1.026e-19
-0.5,-1.48,0.4952,1.299e-19
-0.48,-1.48,0.495,1.646e-19
-0.46,-1.48,0.4947,2.085e-19
-0.44,-1.48,0.4945,2.64e-19
-0.42,-1.48,0.4942,3.345e-19
-0.4,-1.48,0.494,4.237e-19
-0.38,-1.48,0.4937,5.367e-19
-0.36,-1.48,0.4935,6.798e-19
-0.34,-1.48,0.4932,8.611e-19
-0.32,-1.48,0.493,1.091e-18
-0.3,-1.48,0.4927,1.382e-18
-0.28,-1.48,0.4925,1.75e-18
-0.26,-1.48,0.4922,2.217e-18
-0.24,-1.48,0.492,2.808e-18
-0.22,-1.48,0.4918,3.558e-18
-0.2,-1.48,0.4915,4.506e-18
-0.18,-1.48,0.4913,5.708e-18
-0.16,-1.48,0.491,7.231e-18
-0.14,-1.48,0.4908,9.159e-18
-0.12,-1.48,0.4905,1.16e-17
-0.1,-1.48,0.4903,1.47e-17
-0.08,-1.48,0.49,1.862e-17
-0.06,-1.48,0.4898,2.358e-17
-0.04,-1.48,0.4895,2.987e-17
-0.02,-1.48,0.4893,3.784e-17
0,-1.48,0.489,4.793e-17
0.02,-1.48,0.4888,6.071e-17
0.04,-1.48,0.4885,7.691e-17
0.06,-1.48,0.4883,9.742e-17
0.08,-1.48,0.488,1.084e-16
0.1,-1.48,0.4878,1.088e-16
0.12,-1.48,0.4875,9.829e-17
0.14,-1.48,0.4873,8.877e-17
0.16,-1.48,0.487,8.018e-17
0.18,-1.48,0.4868,7.241e-17
0.2,-1.48,0.4865,6.54e-17
0.22,-1.48,0.4863,5.907e-17
0.24,-1.48,0.4861,5.335e-17
0.26,-1.48,0.4858,4.818e-17
0.28,-1.48,0.4856,4.352e-17
0.3,-1.48,0.4853,3.93e-17
0.32,-1.48,0.4851,3.55e-17
0.34,-1.48,0.4848,3.206e-17
0.36,-1.48,0.4846,2.896e-17
0.38,-1.48,0.4843,2.615e-17
0.4,-1.48,0.4841,2.362e-17
0.42,-1.48,0.4838,2.133e-17
0.44,-1.48,0.4836,1.861e-17
0.46,-1.48,0.4833,1.219e-17
0.48,-1.48,0.4831,7.788e-18
0.5,-1.48,0.4828,4.977e-18
0.52,-1.48,0.4826,3.18e-18
0.54,-1.48,0.4823,2.032e-18
0.56,-1.48,0.4821,1.156e-18
0.58,-1.48,0.4818,6.345e-19
0.6,-1.48,0.4816,3.483e-19
0.62,-1.48,0.4814,1.912e-19
0.64,-1.48,0.4811,1.05e-19
0.66,-1.48,0.4809,5.762e-20
0.68,-1.48,0.4806,3.163e-20
0.7,-1.48,0.4804,1.736e-20
0.72,-1.48,0.4801,9.531e-21
0.74,-1.48,0.4799,5.232e-21
0.76,-1.48,0.4796,2.872e-21
0.78,-1.48,0.4794,1.576e-21
0.8,-1.48,0.4791,8.654e-22
0.82,-1.48,0.4789,4.75e-22
0.84,-1.48,0.4786,2.608e-22
0.86,-1.48,0.4784,1.431e-22
0.88,-1.48,0.4781,7.858e-23
0.9,-1.48,0.4779,4.313e-23
0.92,-1.48,0.4776,2.368e-23
0.94,-1.48,0.4774,1.3e-23
0.96,-1.48,0.4771,7.135e-24
0.98,-1.48,0.4769,3.917e-24
1,-1.48,0.4766,2.15e-24
1.02,-1.48,0.4764,1.18e-24
1.04,-1.48,0.4762,6.479e-25
1.06,-1.48,0.4759,3.556e-25
1.08,-1.48,0.4757,1.952e-25
1.1,-1.48,0.4754,1.072e-25
1.12,-1.48,0.4752,5.883e-26
1.14,-1.48,0.4749,3.229e-26
1.16,-1.48,0.4747,1.773e-26
1.18,-1.48,0.4744,9.731e-27
1.2,-1.48,0.4742,5.341e-27
1.22,-1.48,0.4739,2.856e-27
1.24,-1.48,0.4737,1.44e-27
1.26,-1.48,0.4734,7.262e-28
1.28,-1.48,0.4732,3.662e-28
1.3,-1.48,0.4729,1.846e-28
1.32,-1.48,0.4727,9.31e-29
1.34,-1.48,0.4724,4.694e-29
1.36,-1.48,0.4722,2.367e-29
1.38,-1.48,0.472,1.194e-29
1.4,-1.48,0.4717,6.019e-30
1.42,-1.48,0.4715,3.035e-30
1.44,-1.48,0.4712,1.53e-30
1.46,-1.48,0.471,7.716e-31
1.48,-1.48,0.4707,3.891e-31
1.5,-1.48,0.4705,1.962e-31
1.52,-1.48,0.4702,9.892e-32
1.54,-1.48,0.47,4.988e-32
1.56,-1.48,0.4697,2.515e-32
1.58,-1.48,0.4695,1.268e-32
1.6,-1.48,0.4692,6.395e-33
-1.6,-1.46,0.5088,2.591e-30
-1.58,-1.46,0.5085,4.515e-30
-1.56,-1.46,0.5083,7.868e-30
-1.54,-1.46,0.508,1.371e-29
-1.52,-1.46,0.5078,2.39e-29
-1.5,-1.46,0.5076,4.165e-29
-1.48,-1.46,0.5073,7.258e-29
-1.46,-1.46,0.5071,1.265e-28
-1.44,-1.46,0.5068,2.205e-28
-1.42,-1.46,0.5066,3.842e-28
-1.4,-1.46,0.5063,6.696e-28
-1.38,-1.46,0.5061,1.167e-27
-1.36,-1.46,0.5058,2.034e-27
-1.34,-1.46,0.5056,3.544e-27
-1.32,-1.46,0.5053,6.177e-27
-1.3,-1.46,0.5051,1.076e-26
-1.28,-1.46,0.5048,1.876e-26
-1.26,-1.46,0.5046,3.269e-26
-1.24,-1.46,0.5043,5.698e-26
-1.22,-1.46,0.5041,9.93e-26
-1.2,-1.46,0.5038,1.731e-25
-1.18,-1.46,0.5036,3.016e-25
-1.16,-1.46,0.5033,5.256e-25
-1.14,-1.46,0.5031,9.16e-25
-1.12,-1.46,0.5028,1.503e-24
-1.1,-1.46,0.5026,2.361e-24
-1.08,-1.46,0.5023,3.708e-24
-1.06,-1.46,0.5021,5.824e-24
-1.04,-1.46,0.5019,9.146e-24
-1.02,-1.46,0.5016,1.436e-23
-1,-1.46,0.5014,2.256e-23
-0.98,-1.46,0.5011,3.543e-23
-0.96,-1.46,0.5009,5.565e-23
-0.94,-1.46,0.5006,8.74e-23
-0.92,-1.46,0.5004,1.373e-22
-0.9,-1.46,0.5001,2.156e-22
-0.88,-1.46,0.4999,3.386e-22
-0.86,-1.46,0.4996,5.318e-22
-0.84,-1.46,0.4994,8.352e-22
-0.82,-1.46,0.4991,1.312e-21
-0.8,-1.46,0.4989,2.06e-21
-0.78,-1.46,0.4986,3.235e-21
-0.76,-1.46,0.4984,5.081e-21
-0.74,-1.46,0.4981,7.981e-21
-0.72,-1.46,0.4979,1.253e-20
-0.7,-1.46,0.4976,1.889e-20
-0.68,-1.46,0.4974,2.687e-20
-0.66,-1.46,0.4971,3.821e-20
-0.64,-1.46,0.4969,5.433e-20
-0.62,-1.46,0.4966,7.064e-20
-0.6,-1.46,0.4964,8.948e-20
-0.58,-1.46,0.4962,1.133e-19
-0.56,-1.46,0.4959,1.436e-19
-0.54,-1.46,0.4957,1.819e-19
-0.52,-1.46,0.4954,2.304e-19
-0.5,-1.46,0.4952,2.918e-19
-0.48,-1.46,0.4949,3.696e-19
-0.46,-1.46,0.4947,4.682e-19
-0.44,-1.46,0.4944,5.931e-19
-0.42,-1.46,0.4942,7.513e-19
-0.4,-1.46,0.4939,9.517e-19
-0.38,-1.46,0.4937,1.206e-18
-0.36,-1.46,0.4934,1.527e-18
-0.34,-1.46,0.4932,1.934e-18
-0.32,-1.46,0.4929,2.45e-18
-0.3,-1.46,0.4927,3.104e-18
-0.28,-1.46,0.4924,3.932e-18
-0.26,-1.46,0.4922,4.98e-18
-0.24,-1.46,0.4919,6.309e-18
-0.22,-1.46,0.4917,7.991e-18
-0.2,-1.46,0.4914,1.012e-17
-0.18,-1.46,0.4912,1.282e-17
-0.16,-1.46,0.491,1.624e-17
-0.14,-1.46,0.4907,2.057e-17
-0.12,-1.46,0.4905,2.606e-17
-0.1,-1.46,0.4902,3.301e-17
-0.08,-1.46,0.49,4.182e-17
-0.06,-1.46,0.4897,5.297e-17
-0.04,-1.46,0.4895,6.71e-17
-0.02,-1.46,0.4892,8.499e-17
0,-1.46,0.489,1.077e-16
0.02,-1.46,0.4887,1.364e-16
0.04,-1.46,0.4885,1.728e-16
0.06,-1.46,0.4882,2.188e-16
0.08,-1.46,0.488,2.495e-16
0.1,-1.46,0.4877,2.558e-16
0.12,-1.46,0.4875,2.31e-16
0.14,-1.46,0.4872,2.087e-16
0.16,-1.46,0.487,1.885e-16
0.18,-1.46,0.4867,1.702e-16
0.2,-1.46,0.4865,1.537e-16
0.22,-1.46,0.4862,1.388e-16
0.24,-1.46,0.486,1.254e-16
0.26,-1.46,0.4857,1.133e-16
0.28,-1.46,0.4855,1.023e-16
0.3,-1.46,0.4853,9.239e-17
0.32,-1.46,0.485,8.344e-17
0.34,-1.46,0.4848,7.536e-17
0.36,-1.46,0.4845,6.807e-17
0.38,-1.46,0.4843,6.147e-17
0.4,-1.46,0.484,5.552e-17
0.42,-1.46,0.4838,5.015e-17
0.44,-1.46,0.4835,3.973e-17
0.46,-1.46,0.4833,2.539e-17
0.48,-1.46,0.483,1.623e-17
0.5,-1.46,0.4828,1.037e-17
0.52,-1.46,0.4825,6.626e-18
0.54,-1.46,0.4823,4.029e-18
0.56,-1.46,0.482,2.211e-18
0.58,-1.46,0.4818,1.214e-18
0.6,-1.46,0.4815,6.664e-19
0.62,-1.46,0.4813,3.658e-19
0.64,-1.46,0.481,2.008e-19
0.66,-1.46,0.4808,1.102e-19
0.68,-1.46,0.4805,6.051e-20
0.7,-1.46,0.4803,3.322e-20
0.72,-1.46,0.4801,1.823e-20
0.74,-1.46,0.4798,1.001e-20
0.76,-1.46,0.4796,5.494e-21
0.78,-1.46,0.4793,3.016e-21
0.8,-1.46,0.4791,1.656e-21
0.82,-1.46,0.4788,9.088e-22
0.84,-1.46,0.4786,4.989e-22
0.86,-1.46,0.4783,2.739e-22
0.88,-1.46,0.4781,1.503e-22
0.9,-1.46,0.4778,8.252e-23
0.92,-1.46,0.4776,4.53e-23
0.94,-1.46,0.4773,2.487e-23
0.96,-1.46,0.4771,1.365e-23
0.98,-1.46,0.4768,7.493e-24
1,-1.46,0.4766,4.113e-24
1.02,-1.46,0.4763,2.258e-24
1.04,-1.46,0.4761,1.239e-24
1.06,-1.46,0.4758,6.804e-25
1.08,-1.46,0.4756,3.735e-25
1.1,-1.46,0.4754,2.05e-25
1.12,-1.46,0.4751,1.125e-25
1.14,-1.46,0.4749,6.178e-26
1.16,-1.46,0.4746,3.391e-26
1.18,-1.46,0.4744,1.862e-26
1.2,-1.46,0.4741,1.022e-26
1.22,-1.46,0.4739,5.204e-27
1.24,-1.46,0.4736,2.624e-27
1.26,-1.46,0.4734,1.323e-27
1.28,-1.46,0.4731,6.672e-28
1.3,-1.46,0.4729,3.364e-28
1.32,-1.46,0.4726,1.696e-28
1.34,-1.46,0.4724,8.554e-29
1.36,-1.46,0.4721,4.313e-29
1.38,-1.46,0.4719,2.175e-29
1.4,-1.46,0.4716,1.097e-29
1.42,-1.46,0.4714,5.53e-30
1.44,-1.46,0.4712,2.788e-30
1.46,-1.46,0.4709,1.406e-30
1.48,-1.46,0.4707,7.089e-31
1.5,-1.46,0.4704,3.575e-31
1.52,-1.46,0.4702,1.803e-31
1.54,-1.46,0.4699,9.089e-32
1.56,-1.46,0.4697,4.583e-32
1.58,-1.46,0.4694,2.311e-32
1.6,-1.46,0.4692,1.165e-32
-1.6,-1.44,0.5087,4.924e-30
-1.58,-1.44,0.5085,8.582e-30
-1.56,-1.44,0.5082,1.496e-29
-1.54,-1.44,0.508,2.607e-29
-1.52,-1.44,0.5077,4.543e-29
-1.5,-1.44,0.5075,7.917e-29
-1.48,-1.44,0.5072,1.38e-28
-1.46,-1.44,0.507,2.405e-28
-1.44,-1.44,0.5068,4.191e-28
-1.42,-1.44,0.5065,7.303e-28
-1.4,-1.44,0.5063,1.273e-27
-1.38,-1.44,0.506,2.218e-27
-1.36,-1.44,0.5058,3.866e-27
-1.34,-1.44,0.5055,6.737e-27
-1.32,-1.44,0.5053,1.174e-26
-1.3,-1.44,0.505,2.046e-26
-1.28,-1.44,0.5048,3.566e-26
-1.26,-1.44,0.5045,6.215e-26
-1.24,-1.44,0.5043,1.083e-25
-1.22,-1.44,0.504,1.888e-25
-1.2,-1.44,0.5038,3.29e-25
-1.18,-1.44,0.5035,5.733e-25
-1.16,-1.44,0.5033,9.991e-25
-1.14,-1.44,0.503,1.741e-24
-1.12,-1.44,0.5028,3.035e-24
-1.1,-1.44,0.5025,4.964e-24
-1.08,-1.44,0.5023,7.796e-24
-1.06,-1.44,0.502,1.224e-23
-1.04,-1.44,0.5018,1.923e-23
-1.02,-1.44,0.5015,3.02e-23
-1,-1.44,0.5013,4.744e-23
-0.98,-1.44,0.5011,7.45e-23
-0.96,-1.44,0.5008,1.17e-22
-0.94,-1.44,0.5006,1.838e-22
-0.92,-1.44,0.5003,2.886e-22
-0.9,-1.44,0.5001,4.533e-22
-0.88,-1.44,0.4998,7.119e-22
-0.86,-1.44,0.4996,1.118e-21
-0.84,-1.44,0.4993,1.756e-21
-0.82,-1.44,0.4991,2.758e-21
-0.8,-1.44,0.4988,4.332e-21
-0.78,-1.44,0.4986,6.803e-21
-0.76,-1.44,0.4983,1.068e-20
-0.74,-1.44,0.4981,1.678e-20
-0.72,-1.44,0.4978,2.635e-20
-0.7,-1.44,0.4976,4.111e-20
-0.68,-1.44,0.4973,5.847e-20
-0.66,-1.44,0.4971,8.315e-20
-0.64,-1.44,0.4968,1.182e-19
-0.62,-1.44,0.4966,1.587e-19
-0.6,-1.44,0.4963,2.01e-19
-0.58,-1.44,0.4961,2.546e-19
-0.56,-1.44,0.4958,3.225e-19
-0.54,-1.44,0.4956,4.085e-19
-0.52,-1.44,0.4954,5.175e-19
-0.5,-1.44,0.4951,6.555e-19
-0.48,-1.44,0.4949,8.303e-19
-0.46,-1.44,0.4946,1.052e-18
-0.44,-1.44,0.4944,1.332e-18
-0.42,-1.44,0.4941,1.688e-18
-0.4,-1.44,0.4939,2.138e-18
-0.38,-1.44,0.4936,2.708e-18
-0.36,-1.44,0.4934,3.43e-18
-0.34,-1.44,0.4931,4.345e-18
-0.32,-1.44,0.4929,5.504e-18
-0.3,-1.44,0.4926,6.972e-18
-0.28,-1.44,0.4924,8.831e-18
-0.26,-1.44,0.4921,1.119e-17
-0.24,-1.44,0.4919,1.417e-17
-0.22,-1.44,0.4916,1.795e-17
-0.2,-1.44,0.4914,2.274e-17
-0.18,-1.44,0.4911,2.88e-17
-0.16,-1.44,0.4909,3.648e-17
-0.14,-1.44,0.4906,4.621e-17
-0.12,-1.44,0.4904,5.854e-17
-0.1,-1.44,0.4901,7.415e-17
-0.08,-1.44,0.4899,9.393e-17
-0.06,-1.44,0.4897,1.19e-16
-0.04,-1.44,0.4894,1.507e-16
-0.02,-1.44,0.4892,1.909e-16
0,-1.44,0.4889,2.418e-16
0.02,-1.44,0.4887,3.063e-16
0.04,-1.44,0.4884,3.88e-16
0.06,-1.44,0.4882,4.915e-16
0.08,-1.44,0.4879,5.742e-16
0.1,-1.44,0.4877,6.012e-16
0.12,-1.44,0.4874,5.43e-16
0.14,-1.44,0.4872,4.904e-16
0.16,-1.44,0.4869,4.43e-16
0.18,-1.44,0.4867,4.001e-16
0.2,-1.44,0.4864,3.613e-16
0.22,-1.44,0.4862,3.263e-16
0.24,-1.44,0.4859,2.947e-16
0.26,-1.44,0.4857,2.662e-16
0.28,-1.44,0.4854,2.404e-16
0.3,-1.44,0.4852,2.172e-16
0.32,-1.44,0.4849,1.961e-16
0.34,-1.44,0.4847,1.771e-16
0.36,-1.44,0.4845,1.6e-16
0.38,-1.44,0.4842,1.445e-16
0.4,-1.44,0.484,1.305e-16
0.42,-1.44,0.4837,1.137e-16
0.44,-1.44,0.4835,8.278e-17
0.46,-1.44,0.4832,5.29e-17
0.48,-1.44,0.483,3.38e-17
0.5,-1.44,0.4827,2.16e-17
0.52,-1.44,0.4825,1.38e-17
0.54,-1.44,0.4822,7.707e-18
0.56,-1.44,0.482,4.231e-18
0.58,-1.44,0.4817,2.322e-18
0.6,-1.44,0.4815,1.275e-18
0.62,-1.44,0.4812,6.998e-19
0.64,-1.44,0.481,3.842e-19
0.66,-1.44,0.4807,2.109e-19
0.68,-1.44,0.4805,1.158e-19
0.7,-1.44,0.4802,6.355e-20
0.72,-1.44,0.48,3.488e-20
0.74,-1.44,0.4797,1.915e-20
0.76,-1.44,0.4795,1.051e-20
0.78,-1.44,0.4793,5.77e-21
0.8,-1.44,0.479,3.167e-21
0.82,-1.44,0.4788,1.739e-21
0.84,-1.44,0.4785,9.544e-22
0.86,-1.44,0.4783,5.239e-22
0.88,-1.44,0.478,2.876e-22
0.9,-1.44,0.4778,1.579e-22
0.92,-1.44,0.4775,8.666e-23
0.94,-1.44,0.4773,4.757e-23
0.96,-1.44,0.477,2.611e-23
0.98,-1.44,0.4768,1.434e-23
1,-1.44,0.4765,7.869e-24
1.02,-1.44,0.4763,4.32e-24
1.04,-1.44,0.476,2.371e-24
1.06,-1.44,0.4758,1.302e-24
1.08,-1.44,0.4755,7.145e-25
1.1,-1.44,0.4753,3.922e-25
1.12,-1.44,0.475,2.153e-25
1.14,-1.44,0.4748,1.182e-25
1.16,-1.44,0.4746,6.488e-26
1.18,-1.44,0.4743,3.561e-26
1.2,-1.44,0.4741,1.881e-26
1.22,-1.44,0.4738,9.482e-27
1.24,-1.44,0.4736,4.781e-27
1.26,-1.44,0.4733,2.411e-27
1.28,-1.44,0.4731,1.216e-27
1.3,-1.44,0.4728,6.13e-28
1.32,-1.44,0.4726,3.091e-28
1.34,-1.44,0.4723,1.559e-28
1.36,-1.44,0.4721,7.859e-29
1.38,-1.44,0.4718,3.963e-29
1.4,-1.44,0.4716,1.998e-29
1.42,-1.44,0.4713,1.008e-29
1.44,-1.44,0.4711,5.08e-30
1.46,-1.44,0.4708,2.562e-30
1.48,-1.44,0.4706,1.292e-30
1.5,-1.44,0.4704,6.513e-31
1.52,-1.44,0.4701,3.284e-31
1.54,-1.44,0.4699,1.656e-31
1.56,-1.44,0.4696,8.351e-32
1.58,-1.44,0.4694,4.211e-32
1.6,-1.44,0.4691,2.123e-32
-1.6,-1.42,0.5087,9.361e-30
-1.58,-1.42,0.5084,1.631e-29
-1.56,-1.42,0.5082,2.843e-29
-1.54,-1.42,0.5079,4.955e-29
-1.52,-1.42,0.5077,8.635e-29
-1.5,-1.42,0.5074,1.505e-28
-1.48,-1.42,0.5072,2.623e-28
-1.46,-1.42,0.5069,4.571e-28
-1.44,-1.42,0.5067,7.966e-28
-1.42,-1.42,0.5064,1.388e-27
-1.4,-1.42,0.5062,2.419e-27
-1.38,-1.42,0.506,4.216e-27
-1.36,-1.42,0.5057,7.348e-27
-1.34,-1.42,0.5055,1.281e-26
-1.32,-1.42,0.5052,2.232e-26
-1.3,-1.42,0.505,3.89e-26
-1.28,-1.42,0.5047,6.779e-26
-1.26,-1.42,0.5045,1.181e-25
-1.24,-1.42,0.5042,2.059e-25
-1.22,-1.42,0.504,3.588e-25
-1.2,-1.42,0.5037,6.253e-25
-1.18,-1.42,0.5035,1.09e-24
-1.16,-1.42,0.5032,1.899e-24
-1.14,-1.42,0.503,3.31e-24
-1.12,-1.42,0.5027,5.769e-24
-1.1,-1.42,0.5025,1.005e-23
-1.08,-1.42,0.5022,1.639e-23
-1.06,-1.42,0.502,2.575e-23
-1.04,-1.42,0.5017,4.044e-23
-1.02,-1.42,0.5015,6.351e-23
-1,-1.42,0.5012,9.974e-23
-0.98,-1.42,0.501,1.566e-22
-0.96,-1.42,0.5007,2.46e-22
-0.94,-1.42,0.5005,3.864e-22
-0.92,-1.42,0.5003,6.069e-22
-0.9,-1.42,0.5,9.531e-22
-0.88,-1.42,0.4998,1.497e-21
-0.86,-1.42,0.4995,2.351e-21
-0.84,-1.42,0.4993,3.692e-21
-0.82,-1.42,0.499,5.799e-21
-0.8,-1.42,0.4988,9.108e-21
-0.78,-1.42,0.4985,1.43e-20
-0.76,-1.42,0.4983,2.247e-20
-0.74,-1.42,0.498,3.528e-20
-0.72,-1.42,0.4978,5.541e-20
-0.7,-1.42,0.4975,8.703e-20
-0.68,-1.42,0.4973,1.272e-19
-0.66,-1.42,0.497,1.809e-19
-0.64,-1.42,0.4968,2.573e-19
-0.62,-1.42,0.4965,3.564e-19
-0.6,-1.42,0.4963,4.515e-19
-0.58,-1.42,0.496,5.719e-19
-0.56,-1.42,0.4958,7.244e-19
-0.54,-1.42,0.4955,9.176e-19
-0.52,-1.42,0.4953,1.162e-18
-0.5,-1.42,0.495,1.472e-18
-0.48,-1.42,0.4948,1.865e-18
-0.46,-1.42,0.4946,2.363e-18
-0.44,-1.42,0.4943,2.993e-18
-0.42,-1.42,0.4941,3.791e-18
-0.4,-1.42,0.4938,4.802e-18
-0.38,-1.42,0.4936,6.083e-18
-0.36,-1.42,0.4933,7.705e-18
-0.34,-1.42,0.4931,9.76e-18
-0.32,-1.42,0.4928,1.236e-17
-0.3,-1.42,0.4926,1.566e-17
-0.28,-1.42,0.4923,1.984e-17
-0.26,-1.42,0.4921,2.513e-17
-0.24,-1.42,0.4918,3.183e-17
-0.22,-1.42,0.4916,4.032e-17
-0.2,-1.42,0.4913,5.107e-17
-0.18,-1.42,0.4911,6.47e-17
-0.16,-1.42,0.4908,8.195e-17
-0.14,-1.42,0.4906,1.038e-16
-0.12,-1.42,0.4903,1.315e-16
-0.1,-1.42,0.4901,1.666e-16
-0.08,-1.42,0.4898,2.11e-16
-0.06,-1.42,0.4896,2.673e-16
-0.04,-1.42,0.4893,3.386e-16
-0.02,-1.42,0.4891,4.289e-16
0,-1.42,0.4889,5.432e-16
0.02,-1.42,0.4886,6.881e-16
0.04,-1.42,0.4884,8.717e-16
0.06,-1.42,0.4881,1.104e-15
0.08,-1.42,0.4879,1.322e-15
0.1,-1.42,0.4876,1.408e-15
0.12,-1.42,0.4874,1.276e-15
0.14,-1.42,0.4871,1.153e-15
0.16,-1.42,0.4869,1.041e-15
0.18,-1.42,0.4866,9.404e-16
0.2,-1.42,0.4864,8.493e-16
0.22,-1.42,0.4861,7.671e-16
0.24,-1.42,0.4859,6.928e-16
0.26,-1.42,0.4856,6.257e-16
0.28,-1.42,0.4854,5.651e-16
0.3,-1.42,0.4851,5.104e-16
0.32,-1.42,0.4849,4.61e-16
0.34,-1.42,0.4846,4.164e-16
0.36,-1.42,0.4844,3.761e-16
0.38,-1.42,0.4841,3.396e-16
0.4,-1.42,0.4839,3.068e-16
0.42,-1.42,0.4837,2.445e-16
0.44,-1.42,0.4834,1.725e-16
0.46,-1.42,0.4832,1.102e-16
0.48,-1.42,0.4829,7.043e-17
0.5,-1.42,0.4827,4.501e-17
0.52,-1.42,0.4824,2.686e-17
0.54,-1.42,0.4822,1.475e-17
0.56,-1.42,0.4819,8.094e-18
0.58,-1.42,0.4817,4.443e-18
0.6,-1.42,0.4814,2.439e-18
0.62,-1.42,0.4812,1.339e-18
0.64,-1.42,0.4809,7.35e-19
0.66,-1.42,0.4807,4.034e-19
0.68,-1.42,0.4804,2.215e-19
0.7,-1.42,0.4802,1.216e-19
0.72,-1.42,0.4799,6.674e-20
0.74,-1.42,0.4797,3.663e-20
0.76,-1.42,0.4794,2.011e-20
0.78,-1.42,0.4792,1.104e-20
0.8,-1.42,0.4789,6.06e-21
0.82,-1.42,0.4787,3.326e-21
0.84,-1.42,0.4785,1.826e-21
0.86,-1.42,0.4782,1.002e-21
0.88,-1.42,0.478,5.502e-22
0.9,-1.42,0.4777,3.02e-22
0.92,-1.42,0.4775,1.658e-22
0.94,-1.42,0.4772,9.101e-23
0.96,-1.42,0.477,4.996e-23
0.98,-1.42,0.4767,2.743e-23
1,-1.42,0.4765,1.505e-23
1.02,-1.42,0.4762,8.264e-24
1.04,-1.42,0.476,4.536e-24
1.06,-1.42,0.4757,2.49e-24
1.08,-1.42,0.4755,1.367e-24
1.1,-1.42,0.4752,7.504e-25
1.12,-1.42,0.475,4.119e-25
1.14,-1.42,0.4747,2.261e-25
1.16,-1.42,0.4745,1.241e-25
1.18,-1.42,0.4743,6.795e-26
1.2,-1.42,0.474,3.426e-26
1.22,-1.42,0.4738,1.728e-26
1.24,-1.42,0.4735,8.712e-27
1.26,-1.42,0.4733,4.393e-27
1.28,-1.42,0.473,2.215e-27
1.3,-1.42,0.4728,1.117e-27
1.32,-1.42,0.4725,5.632e-28
1.34,-1.42,0.4723,2.84e-28
1.36,-1.42,0.472,1.432e-28
1.38,-1.42,0.4718,7.221e-29
1.4,-1.42,0.4715,3.641e-29
1.42,-1.42,0.4713,1.836e-29
1.44,-1.42,0.471,9.257e-30
1.46,-1.42,0.4708,4.668e-30
1.48,-1.42,0.4705,2.354e-30
1.5,-1.42,0.4703,1.187e-30
1.52,-1.42,0.4701,5.984e-31
1.54,-1.42,0.4698,3.018e-31
1.56,-1.42,0.4696,1.522e-31
1.58,-1.42,0.4693,7.672e-32
1.6,-1.42,0.4691,3.869e-32
-1.6,-1.4,0.5086,1.779e-29
-1.58,-1.4,0.5084,3.101e-29
-1.56,-1.4,0.5081,5.404e-29
-1.54,-1.4,0.5079,9.418e-29
-1.52,-1.4,0.5076,1.641e-28
-1.5,-1.4,0.5074,2.861e-28
-1.48,-1.4,0.5071,4.985e-28
-1.46,-1.4,0.5069,8.688e-28
-1.44,-1.4,0.5066,1.514e-27
-1.42,-1.4,0.5064,2.639e-27
-1.4,-1.4,0.5061,4.599e-27
-1.38,-1.4,0.5059,8.015e-27
-1.36,-1.4,0.5056,1.397e-26
-1.34,-1.4,0.5054,2.434e-26
-1.32,-1.4,0.5051,4.242e-26
-1.3,-1.4,0.5049,7.394e-26
-1.28,-1.4,0.5047,1.289e-25
-1.26,-1.4,0.5044,2.246e-25
-1.24,-1.4,0.5042,3.914e-25
-1.22,-1.4,0.5039,6.821e-25
-1.2,-1.4,0.5037,1.189e-24
-1.18,-1.4,0.5034,2.072e-24
-1.16,-1.4,0.5032,3.61e-24
-1.14,-1.4,0.5029,6.292e-24
-1.12,-1.4,0.5027,1.097e-23
-1.1,-1.4,0.5024,1.911e-23
-1.08,-1.4,0.5022,3.33e-23
-1.06,-1.4,0.5019,5.413e-23
-1.04,-1.4,0.5017,8.502e-23
-1.02,-1.4,0.5014,1.335e-22
-1,-1.4,0.5012,2.097e-22
-0.98,-1.4,0.5009,3.294e-22
-0.96,-1.4,0.5007,5.173e-22
-0.94,-1.4,0.5004,8.124e-22
-0.92,-1.4,0.5002,1.276e-21
-0.9,-1.4,0.4999,2.004e-21
-0.88,-1.4,0.4997,3.147e-21
-0.86,-1.4,0.4994,4.943e-21
-0.84,-1.4,0.4992,7.764e-21
-0.82,-1.4,0.499,1.219e-20
-0.8,-1.4,0.4987,1.915e-20
-0.78,-1.4,0.4985,3.008e-20
-0.76,-1.4,0.4982,4.724e-20
-0.74,-1.4,0.498,7.419e-20
-0.72,-1.4,0.4977,1.165e-19
-0.7,-1.4,0.4975,1.83e-19
-0.68,-1.4,0.4972,2.769e-19
-0.66,-1.4,0.497,3.938e-19
-0.64,-1.4,0.4967,5.6e-19
-0.62,-1.4,0.4965,7.964e-19
-0.6,-1.4,0.4962,1.014e-18
-0.58,-1.4,0.496,1.285e-18
-0.56,-1.4,0.4957,1.627e-18
-0.54,-1.4,0.4955,2.061e-18
-0.52,-1.4,0.4952,2.611e-18
-0.5,-1.4,0.495,3.307e-18
-0.48,-1.4,0.4947,4.189e-18
-0.46,-1.4,0.4945,5.307e-18
-0.44,-1.4,0.4942,6.722e-18
-0.42,-1.4,0.494,8.515e-18
-0.4,-1.4,0.4937,1.079e-17
-0.38,-1.4,0.4935,1.366e-17
-0.36,-1.4,0.4933,1.731e-17
-0.34,-1.4,0.493,2.192e-17
-0.32,-1.4,0.4928,2.777e-17
-0.3,-1.4,0.4925,3.518e-17
-0.28,-1.4,0.4923,4.456e-17
-0.26,-1.4,0.492,5.644e-17
-0.24,-1.4,0.4918,7.15e-17
-0.22,-1.4,0.4915,9.057e-17
-0.2,-1.4,0.4913,1.147e-16
-0.18,-1.4,0.491,1.453e-16
-0.16,-1.4,0.4908,1.841e-16
-0.14,-1.4,0.4905,2.332e-16
-0.12,-1.4,0.4903,2.954e-16
-0.1,-1.4,0.49,3.742e-16
-0.08,-1.4,0.4898,4.739e-16
-0.06,-1.4,0.4895,6.004e-16
-0.04,-1.4,0.4893,7.605e-16
-0.02,-1.4,0.489,9.633e-16
0,-1.4,0.4888,1.22e-15
0.02,-1.4,0.4885,1.546e-15
0.04,-1.4,0.4883,1.958e-15
0.06,-1.4,0.4881,2.48e-15
0.08,-1.4,0.4878,3.043e-15
0.1,-1.4,0.4876,3.241e-15
0.12,-1.4,0.4873,3e-15
0.14,-1.4,0.4871,2.71e-15
0.16,-1.4,0.4868,2.447e-15
0.18,-1.4,0.4866,2.21e-15
0.2,-1.4,0.4863,1.996e-15
0.22,-1.4,0.4861,1.803e-15
0.24,-1.4,0.4858,1.628e-15
0.26,-1.4,0.4856,1.471e-15
0.28,-1.4,0.4853,1.328e-15
0.3,-1.4,0.4851,1.2e-15
0.32,-1.4,0.4848,1.084e-15
0.34,-1.4,0.4846,9.787e-16
0.36,-1.4,0.4843,8.839e-16
0.38,-1.4,0.4841,7.983e-16
0.4,-1.4,0.4838,6.95e-16
0.42,-1.4,0.4836,5.255e-16
0.44,-1.4,0.4833,3.593e-16
0.46,-1.4,0.4831,2.296e-16
0.48,-1.4,0.4829,1.467e-16
0.5,-1.4,0.4826,9.362e-17
0.52,-1.4,0.4824,5.139e-17
0.54,-1.4,0.4821,2.821e-17
0.56,-1.4,0.4819,1.549e-17
0.58,-1.4,0.4816,8.5e-18
0.6,-1.4,0.4814,4.666e-18
0.62,-1.4,0.4811,2.561e-18
0.64,-1.4,0.4809,1.406e-18
0.66,-1.4,0.4806,7.718e-19
0.68,-1.4,0.4804,4.237e-19
0.7,-1.4,0.4801,2.326e-19
0.72,-1.4,0.4799,1.277e-19
0.74,-1.4,0.4796,7.008e-20
0.76,-1.4,0.4794,3.847e-20
0.78,-1.4,0.4791,2.112e-20
0.8,-1.4,0.4789,1.159e-20
0.82,-1.4,0.4786,6.364e-21
0.84,-1.4,0.4784,3.493e-21
0.86,-1.4,0.4781,1.918e-21
0.88,-1.4,0.4779,1.053e-21
0.9,-1.4,0.4777,5.778e-22
0.92,-1.4,0.4774,3.172e-22
0.94,-1.4,0.4772,1.741e-22
0.96,-1.4,0.4769,9.558e-23
0.98,-1.4,0.4767,5.247e-23
1,-1.4,0.4764,2.88e-23
1.02,-1.4,0.4762,1.581e-23
1.04,-1.4,0.4759,8.679e-24
1.06,-1.4,0.4757,4.764e-24
1.08,-1.4,0.4754,2.615e-24
1.1,-1.4,0.4752,1.436e-24
1.12,-1.4,0.4749,7.88e-25
1.14,-1.4,0.4747,4.326e-25
1.16,-1.4,0.4744,2.375e-25
1.18,-1.4,0.4742,1.238e-25
1.2,-1.4,0.4739,6.243e-26
1.22,-1.4,0.4737,3.148e-26
1.24,-1.4,0.4735,1.587e-26
1.26,-1.4,0.4732,8.004e-27
1.28,-1.4,0.473,4.036e-27
1.3,-1.4,0.4727,2.035e-27
1.32,-1.4,0.4725,1.026e-27
1.34,-1.4,0.4722,5.175e-28
1.36,-1.4,0.472,2.609e-28
1.38,-1.4,0.4717,1.316e-28
1.4,-1.4,0.4715,6.634e-29
1.42,-1.4,0.4712,3.345e-29
1.44,-1.4,0.471,1.687e-29
1.46,-1.4,0.4707,8.505e-30
1.48,-1.4,0.4705,4.289e-30
1.5,-1.4,0.4702,2.163e-30
1.52,-1.4,0.47,1.09e-30
1.54,-1.4,0.4697,5.498e-31
1.56,-1.4,0.4695,2.772e-31
1.58,-1.4,0.4693,1.398e-31
1.6,-1.4,0.469,7.049e-32
-1.6,-1.38,0.5086,3.382e-29
-1.58,-1.38,0.5083,5.895e-29
-1.56,-1.38,0.5081,1.027e-28
-1.54,-1.38,0.5078,1.79e-28
-1.52,-1.38,0.5076,3.12e-28
-1.5,-1.38,0.5073,5.438e-28
-1.48,-1.38,0.5071,9.477e-28
-1.46,-1.38,0.5068,1.652e-27
-1.44,-1.38,0.5066,2.878e-27
-1.42,-1.38,0.5063,5.016e-27
-1.4,-1.38,0.5061,8.742e-27
-1.38,-1.38,0.5058,1.524e-26
-1.36,-1.38,0.5056,2.655e-26
-1.34,-1.38,0.5053,4.627e-26
-1.32,-1.38,0.5051,8.064e-26
-1.3,-1.38,0.5048,1.405e-25
-1.28,-1.38,0.5046,2.449e-25
-1.26,-1.38,0.5043,4.269e-25
-1.24,-1.38,0.5041,7.439e-25
-1.22,-1.38,0.5039,1.297e-24
-1.2,-1.38,0.5036,2.26e-24
-1.18,-1.38,0.5034,3.938e-24
-1.16,-1.38,0.5031,6.863e-24
-1.14,-1.38,0.5029,1.196e-23
-1.12,-1.38,0.5026,2.084e-23
-1.1,-1.38,0.5024,3.633e-23
-1.08,-1.38,0.5021,6.331e-23
-1.06,-1.38,0.5019,1.103e-22
-1.04,-1.38,0.5016,1.788e-22
-1.02,-1.38,0.5014,2.808e-22
-1,-1.38,0.5011,4.41e-22
-0.98,-1.38,0.5009,6.926e-22
-0.96,-1.38,0.5006,1.088e-21
-0.94,-1.38,0.5004,1.708e-21
-0.92,-1.38,0.5001,2.683e-21
-0.9,-1.38,0.4999,4.214e-21
-0.88,-1.38,0.4996,6.618e-21
-0.86,-1.38,0.4994,1.039e-20
-0.84,-1.38,0.4991,1.632e-20
-0.82,-1.38,0.4989,2.564e-20
-0.8,-1.38,0.4986,4.027e-20
-0.78,-1.38,0.4984,6.324e-20
-0.76,-1.38,0.4982,9.932e-20
-0.74,-1.38,0.4979,1.56e-19
-0.72,-1.38,0.4977,2.45e-19
-0.7,-1.38,0.4974,3.848e-19
-0.68,-1.38,0.4972,6.026e-19
-0.66,-1.38,0.4969,8.569e-19
-0.64,-1.38,0.4967,1.219e-18
-0.62,-1.38,0.4964,1.733e-18
-0.6,-1.38,0.4962,2.278e-18
-0.58,-1.38,0.4959,2.886e-18
-0.56,-1.38,0.4957,3.655e-18
-0.54,-1.38,0.4954,4.63e-18
-0.52,-1.38,0.4952,5.865e-18
-0.5,-1.38,0.4949,7.429e-18
-0.48,-1.38,0.4947,9.411e-18
-0.46,-1.38,0.4944,1.192e-17
-0.44,-1.38,0.4942,1.51e-17
-0.42,-1.38,0.4939,1.913e-17
-0.4,-1.38,0.4937,2.423e-17
-0.38,-1.38,0.4934,3.069e-17
-0.36,-1.38,0.4932,3.888e-17
-0.34,-1.38,0.4929,4.925e-17
-0.32,-1.38,0.4927,6.238e-17
-0.3,-1.38,0.4925,7.902e-17
-0.28,-1.38,0.4922,1.001e-16
-0.26,-1.38,0.492,1.268e-16
-0.24,-1.38,0.4917,1.606e-16
-0.22,-1.38,0.4915,2.034e-16
-0.2,-1.38,0.4912,2.577e-16
-0.18,-1.38,0.491,3.264e-16
-0.16,-1.38,0.4907,4.135e-16
-0.14,-1.38,0.4905,5.238e-16
-0.12,-1.38,0.4902,6.635e-16
-0.1,-1.38,0.49,8.404e-16
-0.08,-1.38,0.4897,1.065e-15
-0.06,-1.38,0.4895,1.349e-15
-0.04,-1.38,0.4892,1.708e-15
-0.02,-1.38,0.489,2.164e-15
0,-1.38,0.4887,2.741e-15
0.02,-1.38,0.4885,3.472e-15
0.04,-1.38,0.4882,4.398e-15
0.06,-1.38,0.488,5.571e-15
0.08,-1.38,0.4877,7.004e-15
0.1,-1.38,0.4875,7.461e-15
0.12,-1.38,0.4872,7.052e-15
0.14,-1.38,0.487,6.369e-15
0.16,-1.38,0.4868,5.752e-15
0.18,-1.38,0.4865,5.195e-15
0.2,-1.38,0.4863,4.692e-15
0.22,-1.38,0.486,4.238e-15
0.24,-1.38,0.4858,3.828e-15
0.26,-1.38,0.4855,3.457e-15
0.28,-1.38,0.4853,3.122e-15
0.3,-1.38,0.485,2.82e-15
0.32,-1.38,0.4848,2.547e-15
0.34,-1.38,0.4845,2.3e-15
0.36,-1.38,0.4843,2.078e-15
0.38,-1.38,0.484,1.876e-15
0.4,-1.38,0.4838,1.494e-15
0.42,-1.38,0.4835,1.13e-15
0.44,-1.38,0.4833,7.486e-16
0.46,-1.38,0.483,4.784e-16
0.48,-1.38,0.4828,3.057e-16
0.5,-1.38,0.4825,1.791e-16
0.52,-1.38,0.4823,9.831e-17
0.54,-1.38,0.482,5.397e-17
0.56,-1.38,0.4818,2.963e-17
0.58,-1.38,0.4816,1.626e-17
0.6,-1.38,0.4813,8.927e-18
0.62,-1.38,0.4811,4.9e-18
0.64,-1.38,0.4808,2.69e-18
0.66,-1.38,0.4806,1.477e-18
0.68,-1.38,0.4803,8.106e-19
0.7,-1.38,0.4801,4.45e-19
0.72,-1.38,0.4798,2.443e-19
0.74,-1.38,0.4796,1.341e-19
0.76,-1.38,0.4793,7.36e-20
0.78,-1.38,0.4791,4.04e-20
0.8,-1.38,0.4788,2.218e-20
0.82,-1.38,0.4786,1.217e-20
0.84,-1.38,0.4783,6.683e-21
0.86,-1.38,0.4781,3.669e-21
0.88,-1.38,0.4778,2.014e-21
0.9,-1.38,0.4776,1.105e-21
0.92,-1.38,0.4773,6.068e-22
0.94,-1.38,0.4771,3.331e-22
0.96,-1.38,0.4769,1.829e-22
0.98,-1.38,0.4766,1.004e-22
1,-1.38,0.4764,5.51e-23
1.02,-1.38,0.4761,3.025e-23
1.04,-1.38,0.4759,1.66e-23
1.06,-1.38,0.4756,9.114e-24
1.08,-1.38,0.4754,5.003e-24
1.1,-1.38,0.4751,2.746e-24
1.12,-1.38,0.4749,1.508e-24
1.14,-1.38,0.4746,8.276e-25
1.16,-1.38,0.4744,4.474e-25
1.18,-1.38,0.4741,2.256e-25
1.2,-1.38,0.4739,1.138e-25
1.22,-1.38,0.4736,5.736e-26
1.24,-1.38,0.4734,2.892e-26
1.26,-1.38,0.4731,1.458e-26
1.28,-1.38,0.4729,7.354e-27
1.3,-1.38,0.4727,3.708e-27
1.32,-1.38,0.4724,1.87e-27
1.34,-1.38,0.4722,9.429e-28
1.36,-1.38,0.4719,4.754e-28
1.38,-1.38,0.4717,2.397e-28
1.4,-1.38,0.4714,1.209e-28
1.42,-1.38,0.4712,6.095e-29
1.44,-1.38,0.4709,3.073e-29
1.46,-1.38,0.4707,1.55e-29
1.48,-1.38,0.4704,7.814e-30
1.5,-1.38,0.4702,3.94e-30
1.52,-1.38,0.4699,1.987e-30
1.54,-1.38,0.4697,1.002e-30
1.56,-1.38,0.4694,5.052e-31
1.58,-1.38,0.4692,2.547e-31
1.6,-1.38,0.4689,1.284e-31
-1.6,-1.36,0.5085,6.429e-29
-1.58,-1.36,0.5083,1.12e-28
-1.56,-1.36,0.508,1.953e-28
-1.54,-1.36,0.5078,3.403e-28
-1.52,-1.36,0.5075,5.931e-28
-1.5,-1.36,0.5073,1.034e-27
-1.48,-1.36,0.507,1.801e-27
-1.46,-1.36,0.5068,3.139e-27
-1.44,-1.36,0.5065,5.471e-27
-1.42,-1.36,0.5063,9.535e-27
-1.4,-1.36,0.506,1.662e-26
-1.38,-1.36,0.5058,2.896e-26
-1.36,-1.36,0.5055,5.047e-26
-1.34,-1.36,0.5053,8.796e-26
-1.32,-1.36,0.505,1.533e-25
-1.3,-1.36,0.5048,2.672e-25
-1.28,-1.36,0.5045,4.656e-25
-1.26,-1.36,0.5043,8.114e-25
-1.24,-1.36,0.504,1.414e-24
-1.22,-1.36,0.5038,2.465e-24
-1.2,-1.36,0.5035,4.295e-24
-1.18,-1.36,0.5033,7.485e-24
-1.16,-1.36,0.5031,1.305e-23
-1.14,-1.36,0.5028,2.273e-23
-1.12,-1.36,0.5026,3.962e-23
-1.1,-1.36,0.5023,6.905e-23
-1.08,-1.36,0.5021,1.203e-22
-1.06,-1.36,0.5018,2.097e-22
-1.04,-1.36,0.5016,3.655e-22
-1.02,-1.36,0.5013,5.903e-22
-1,-1.36,0.5011,9.272e-22
-0.98,-1.36,0.5008,1.456e-21
-0.96,-1.36,0.5006,2.287e-21
-0.94,-1.36,0.5003,3.592e-21
-0.92,-1.36,0.5001,5.641e-21
-0.9,-1.36,0.4998,8.86e-21
-0.88,-1.36,0.4996,1.391e-20
-0.86,-1.36,0.4993,2.185e-20
-0.84,-1.36,0.4991,3.432e-20
-0.82,-1.36,0.4988,5.391e-20
-0.8,-1.36,0.4986,8.466e-20
-0.78,-1.36,0.4983,1.33e-19
-0.76,-1.36,0.4981,2.088e-19
-0.74,-1.36,0.4978,3.28e-19
-0.72,-1.36,0.4976,5.151e-19
-0.7,-1.36,0.4974,8.09e-19
-0.68,-1.36,0.4971,1.271e-18
-0.66,-1.36,0.4969,1.865e-18
-0.64,-1.36,0.4966,2.652e-18
-0.62,-1.36,0.4964,3.772e-18
-0.6,-1.36,0.4961,5.117e-18
-0.58,-1.36,0.4959,6.482e-18
-0.56,-1.36,0.4956,8.21e-18
-0.54,-1.36,0.4954,1.04e-17
-0.52,-1.36,0.4951,1.317e-17
-0.5,-1.36,0.4949,1.669e-17
-0.48,-1.36,0.4946,2.114e-17
-0.46,-1.36,0.4944,2.678e-17
-0.44,-1.36,0.4941,3.392e-17
-0.42,-1.36,0.4939,4.296e-17
-0.4,-1.36,0.4936,5.442e-17
-0.38,-1.36,0.4934,6.894e-17
-0.36,-1.36,0.4931,8.733e-17
-0.34,-1.36,0.4929,1.106e-16
-0.32,-1.36,0.4926,1.401e-16
-0.3,-1.36,0.4924,1.775e-16
-0.28,-1.36,0.4921,2.248e-16
-0.26,-1.36,0.4919,2.848e-16
-0.24,-1.36,0.4917,3.608e-16
-0.22,-1.36,0.4914,4.57e-16
-0.2,-1.36,0.4912,5.789e-16
-0.18,-1.36,0.4909,7.332e-16
-0.16,-1.36,0.4907,9.288e-16
-0.14,-1.36,0.4904,1.177e-15
-0.12,-1.36,0.4902,1.49e-15
-0.1,-1.36,0.4899,1.888e-15
-0.08,-1.36,0.4897,2.391e-15
-0.06,-1.36,0.4894,3.029e-15
-0.04,-1.36,0.4892,3.837e-15
-0.02,-1.36,0.4889,4.86e-15
0,-1.36,0.4887,6.157e-15
0.02,-1.36,0.4884,7.799e-15
0.04,-1.36,0.4882,9.879e-15
0.06,-1.36,0.4879,1.251e-14
0.08,-1.36,0.4877,1.585e-14
0.1,-1.36,0.4874,1.717e-14
0.12,-1.36,0.4872,1.658e-14
0.14,-1.36,0.4869,1.497e-14
0.16,-1.36,0.4867,1.352e-14
0.18,-1.36,0.4864,1.221e-14
0.2,-1.36,0.4862,1.103e-14
0.22,-1.36,0.486,9.962e-15
0.24,-1.36,0.4857,8.997e-15
0.26,-1.36,0.4855,8.126e-15
0.28,-1.36,0.4852,7.339e-15
0.3,-1.36,0.485,6.629e-15
0.32,-1.36,0.4847,5.987e-15
0.34,-1.36,0.4845,5.407e-15
0.36,-1.36,0.4842,4.884e-15
0.38,-1.36,0.484,4.248e-15
0.4,-1.36,0.4837,3.212e-15
0.42,-1.36,0.4835,2.429e-15
0.44,-1.36,0.4832,1.56e-15
0.46,-1.36,0.483,9.966e-16
0.48,-1.36,0.4827,6.242e-16
0.5,-1.36,0.4825,3.426e-16
0.52,-1.36,0.4822,1.881e-16
0.54,-1.36,0.482,1.032e-16
0.56,-1.36,0.4817,5.668e-17
0.58,-1.36,0.4815,3.111e-17
0.6,-1.36,0.4812,1.708e-17
0.62,-1.36,0.481,9.375e-18
0.64,-1.36,0.4808,5.146e-18
0.66,-1.36,0.4805,2.825e-18
0.68,-1.36,0.4803,1.551e-18
0.7,-1.36,0.48,8.513e-19
0.72,-1.36,0.4798,4.673e-19
0.74,-1.36,0.4795,2.565e-19
0.76,-1.36,0.4793,1.408e-19
0.78,-1.36,0.479,7.73e-20
0.8,-1.36,0.4788,4.243e-20
0.82,-1.36,0.4785,2.329e-20
0.84,-1.36,0.4783,1.279e-20
0.86,-1.36,0.478,7.019e-21
0.88,-1.36,0.4778,3.853e-21
0.9,-1.36,0.4775,2.115e-21
0.92,-1.36,0.4773,1.161e-21
0.94,-1.36,0.477,6.373e-22
0.96,-1.36,0.4768,3.498e-22
0.98,-1.36,0.4765,1.92e-22
1,-1.36,0.4763,1.054e-22
1.02,-1.36,0.4761,5.787e-23
1.04,-1.36,0.4758,3.177e-23
1.06,-1.36,0.4756,1.744e-23
1.08,-1.36,0.4753,9.572e-24
1.1,-1.36,0.4751,5.254e-24
1.12,-1.36,0.4748,2.884e-24
1.14,-1.36,0.4746,1.583e-24
1.16,-1.36,0.4743,8.153e-25
1.18,-1.36,0.4741,4.111e-25
1.2,-1.36,0.4738,2.073e-25
1.22,-1.36,0.4736,1.045e-25
1.24,-1.36,0.4733,5.27e-26
1.26,-1.36,0.4731,2.658e-26
1.28,-1.36,0.4728,1.34e-26
1.3,-1.36,0.4726,6.757e-27
1.32,-1.36,0.4723,3.407e-27
1.34,-1.36,0.4721,1.718e-27
1.36,-1.36,0.4719,8.663e-28
1.38,-1.36,0.4716,4.368e-28
1.4,-1.36,0.4714,2.203e-28
1.42,-1.36,0.4711,1.111e-28
1.44,-1.36,0.4709,5.6e-29
1.46,-1.36,0.4706,2.824e-29
1.48,-1.36,0.4704,1.424e-29
1.5,-1.36,0.4701,7.18e-30
1.52,-1.36,0.4699,3.62e-30
1.54,-1.36,0.4696,1.825e-30
1.56,-1.36,0.4694,9.205e-31
1.58,-1.36,0.4691,4.641e-31
1.6,-1.36,0.4689,2.34e-31
-1.6,-1.34,0.5084,1.222e-28
-1.58,-1.34,0.5082,2.13e-28
-1.56,-1.34,0.5079,3.712e-28
-1.54,-1.34,0.5077,6.469e-28
-1.52,-1.34,0.5075,1.127e-27
-1.5,-1.34,0.5072,1.965e-27
-1.48,-1.34,0.507,3.424e-27
-1.46,-1.34,0.5067,5.968e-27
-1.44,-1.34,0.5065,1.04e-26
-1.42,-1.34,0.5062,1.813e-26
-1.4,-1.34,0.506,3.159e-26
-1.38,-1.34,0.5057,5.505e-26
-1.36,-1.34,0.5055,9.594e-26
-1.34,-1.34,0.5052,1.672e-25
-1.32,-1.34,0.505,2.914e-25
-1.3,-1.34,0.5047,5.078e-25
-1.28,-1.34,0.5045,8.85e-25
-1.26,-1.34,0.5042,1.542e-24
-1.24,-1.34,0.504,2.688e-24
-1.22,-1.34,0.5037,4.685e-24
-1.2,-1.34,0.5035,8.164e-24
-1.18,-1.34,0.5032,1.423e-23
-1.16,-1.34,0.503,2.48e-23
-1.14,-1.34,0.5027,4.322e-23
-1.12,-1.34,0.5025,7.532e-23
-1.1,-1.34,0.5022,1.313e-22
-1.08,-1.34,0.502,2.288e-22
-1.06,-1.34,0.5018,3.987e-22
-1.04,-1.34,0.5015,6.948e-22
-1.02,-1.34,0.5013,1.211e-21
-1,-1.34,0.501,1.95e-21
-0.98,-1.34,0.5008,3.062e-21
-0.96,-1.34,0.5005,4.809e-21
-0.94,-1.34,0.5003,7.552e-21
-0.92,-1.34,0.5,1.186e-20
-0.9,-1.34,0.4998,1.863e-20
-0.88,-1.34,0.4995,2.926e-20
-0.86,-1.34,0.4993,4.595e-20
-0.84,-1.34,0.499,7.217e-20
-0.82,-1.34,0.4988,1.133e-19
-0.8,-1.34,0.4985,1.78e-19
-0.78,-1.34,0.4983,2.796e-19
-0.76,-1.34,0.498,4.391e-19
-0.74,-1.34,0.4978,6.896e-19
-0.72,-1.34,0.4975,1.083e-18
-0.7,-1.34,0.4973,1.701e-18
-0.68,-1.34,0.497,2.672e-18
-0.66,-1.34,0.4968,4.058e-18
-0.64,-1.34,0.4965,5.771e-18
-0.62,-1.34,0.4963,8.208e-18
-0.6,-1.34,0.4961,1.149e-17
-0.58,-1.34,0.4958,1.456e-17
-0.56,-1.34,0.4956,1.844e-17
-0.54,-1.34,0.4953,2.336e-17
-0.52,-1.34,0.4951,2.959e-17
-0.5,-1.34,0.4948,3.748e-17
-0.48,-1.34,0.4946,4.748e-17
-0.46,-1.34,0.4943,6.015e-17
-0.44,-1.34,0.4941,7.619e-17
-0.42,-1.34,0.4938,9.651e-17
-0.4,-1.34,0.4936,1.222e-16
-0.38,-1.34,0.4933,1.549e-16
-0.36,-1.34,0.4931,1.962e-16
-0.34,-1.34,0.4928,2.485e-16
-0.32,-1.34,0.4926,3.147e-16
-0.3,-1.34,0.4923,3.987e-16
-0.28,-1.34,0.4921,5.05e-16
-0.26,-1.34,0.4918,6.397e-16
-0.24,-1.34,0.4916,8.103e-16
-0.22,-1.34,0.4913,1.026e-15
-0.2,-1.34,0.4911,1.3e-15
-0.18,-1.34,0.4908,1.647e-15
-0.16,-1.34,0.4906,2.086e-15
-0.14,-1.34,0.4904,2.643e-15
-0.12,-1.34,0.4901,3.348e-15
-0.1,-1.34,0.4899,4.241e-15
-0.08,-1.34,0.4896,5.372e-15
-0.06,-1.34,0.4894,6.804e-15
-0.04,-1.34,0.4891,8.619e-15
-0.02,-1.34,0.4889,1.092e-14
0,-1.34,0.4886,1.383e-14
0.02,-1.34,0.4884,1.752e-14
0.04,-1.34,0.4881,2.219e-14
0.06,-1.34,0.4879,2.811e-14
0.08,-1.34,0.4876,3.561e-14
0.1,-1.34,0.4874,3.953e-14
0.12,-1.34,0.4871,3.896e-14
0.14,-1.34,0.4869,3.519e-14
0.16,-1.34,0.4866,3.178e-14
0.18,-1.34,0.4864,2.87e-14
0.2,-1.34,0.4861,2.592e-14
0.22,-1.34,0.4859,2.341e-14
0.24,-1.34,0.4856,2.115e-14
0.26,-1.34,0.4854,1.91e-14
0.28,-1.34,0.4852,1.725e-14
0.3,-1.34,0.4849,1.558e-14
0.32,-1.34,0.4847,1.407e-14
0.34,-1.34,0.4844,1.271e-14
0.36,-1.34,0.4842,1.148e-14
0.38,-1.34,0.4839,9.131e-15
0.4,-1.34,0.4837,6.905e-15
0.42,-1.34,0.4834,5.085e-15
0.44,-1.34,0.4832,3.249e-15
0.46,-1.34,0.4829,2.076e-15
0.48,-1.34,0.4827,1.194e-15
0.5,-1.34,0.4824,6.555e-16
0.52,-1.34,0.4822,3.598e-16
0.54,-1.34,0.4819,1.975e-16
0.56,-1.34,0.4817,1.084e-16
0.58,-1.34,0.4814,5.952e-17
0.6,-1.34,0.4812,3.267e-17
0.62,-1.34,0.4809,1.794e-17
0.64,-1.34,0.4807,9.846e-18
0.66,-1.34,0.4804,5.405e-18
0.68,-1.34,0.4802,2.967e-18
0.7,-1.34,0.48,1.629e-18
0.72,-1.34,0.4797,8.94e-19
0.74,-1.34,0.4795,4.907e-19
0.76,-1.34,0.4792,2.694e-19
0.78,-1.34,0.479,1.479e-19
0.8,-1.34,0.4787,8.118e-20
0.82,-1.34,0.4785,4.456e-20
0.84,-1.34,0.4782,2.446e-20
0.86,-1.34,0.478,1.343e-20
0.88,-1.34,0.4777,7.371e-21
0.9,-1.34,0.4775,4.046e-21
0.92,-1.34,0.4772,2.221e-21
0.94,-1.34,0.477,1.219e-21
0.96,-1.34,0.4767,6.693e-22
0.98,-1.34,0.4765,3.674e-22
1,-1.34,0.4762,2.017e-22
1.02,-1.34,0.476,1.107e-22
1.04,-1.34,0.4757,6.077e-23
1.06,-1.34,0.4755,3.336e-23
1.08,-1.34,0.4753,1.831e-23
1.1,-1.34,0.475,1.005e-23
1.12,-1.34,0.4748,5.518e-24
1.14,-1.34,0.4745,2.946e-24
1.16,-1.34,0.4743,1.485e-24
1.18,-1.34,0.474,7.49e-25
1.2,-1.34,0.4738,3.777e-25
1.22,-1.34,0.4735,1.904e-25
1.24,-1.34,0.4733,9.603e-26
1.26,-1.34,0.473,4.842e-26
1.28,-1.34,0.4728,2.442e-26
1.3,-1.34,0.4725,1.231e-26
1.32,-1.34,0.4723,6.208e-27
1.34,-1.34,0.472,3.13e-27
1.36,-1.34,0.4718,1.578e-27
1.38,-1.34,0.4715,7.959e-28
1.4,-1.34,0.4713,4.013e-28
1.42,-1.34,0.4711,2.024e-28
1.44,-1.34,0.4708,1.02e-28
1.46,-1.34,0.4706,5.145e-29
1.48,-1.34,0.4703,2.594e-29
1.5,-1.34,0.4701,1.308e-29
1.52,-1.34,0.4698,6.597e-30
1.54,-1.34,0.4696,3.326e-30
1.56,-1.34,0.4693,1.677e-30
1.58,-1.34,0.4691,8.457e-31
1.6,-1.34,0.4688,4.156e-31
-1.6,-1.32,0.5084,2.323e-28
-1.58,-1.32,0.5081,4.049e-28
-1.56,-1.32,0.5079,7.056e-28
-1.54,-1.32,0.5076,1.23e-27
-1.52,-1.32,0.5074,2.143e-27
-1.5,-1.32,0.5071,3.735e-27
-1.48,-1.32,0.5069,6.509e-27
-1.46,-1.32,0.5067,1.134e-26
-1.44,-1.32,0.5064,1.977e-26
-1.42,-1.32,0.5062,3.445e-26
-1.4,-1.32,0.5059,6.005e-26
-1.38,-1.32,0.5057,1.046e-25
-1.36,-1.32,0.5054,1.824e-25
-1.34,-1.32,0.5052,3.178e-25
-1.32,-1.32,0.5049,5.539e-25
-1.3,-1.32,0.5047,9.653e-25
-1.28,-1.32,0.5044,1.682e-24
-1.26,-1.32,0.5042,2.932e-24
-1.24,-1.32,0.5039,5.11e-24
-1.22,-1.32,0.5037,8.905e-24
-1.2,-1.32,0.5034,1.552e-23
-1.18,-1.32,0.5032,2.705e-23
-1.16,-1.32,0.5029,4.714e-23
-1.14,-1.32,0.5027,8.215e-23
-1.12,-1.32,0.5024,1.432e-22
-1.1,-1.32,0.5022,2.495e-22
-1.08,-1.32,0.5019,4.348e-22
-1.06,-1.32,0.5017,7.578e-22
-1.04,-1.32,0.5014,1.321e-21
-1.02,-1.32,0.5012,2.302e-21
-1,-1.32,0.501,4.011e-21
-0.98,-1.32,0.5007,6.438e-21
-0.96,-1.32,0.5005,1.011e-20
-0.94,-1.32,0.5002,1.588e-20
-0.92,-1.32,0.5,2.494e-20
-0.9,-1.32,0.4997,3.917e-20
-0.88,-1.32,0.4995,6.152e-20
-0.86,-1.32,0.4992,9.662e-20
-0.84,-1.32,0.499,1.517e-19
-0.82,-1.32,0.4987,2.383e-19
-0.8,-1.32,0.4985,3.743e-19
-0.78,-1.32,0.4982,5.879e-19
-0.76,-1.32,0.498,9.233e-19
-0.74,-1.32,0.4977,1.45e-18
-0.72,-1.32,0.4975,2.277e-18
-0.7,-1.32,0.4972,3.577e-18
-0.68,-1.32,0.497,5.617e-18
-0.66,-1.32,0.4967,8.823e-18
-0.64,-1.32,0.4965,1.256e-17
-0.62,-1.32,0.4962,1.786e-17
-0.6,-1.32,0.496,2.54e-17
-0.58,-1.32,0.4957,3.27e-17
-0.56,-1.32,0.4955,4.143e-17
-0.54,-1.32,0.4953,5.247e-17
-0.52,-1.32,0.495,6.647e-17
-0.5,-1.32,0.4948,8.42e-17
-0.48,-1.32,0.4945,1.067e-16
-0.46,-1.32,0.4943,1.351e-16
-0.44,-1.32,0.494,1.711e-16
-0.42,-1.32,0.4938,2.168e-16
-0.4,-1.32,0.4935,2.746e-16
-0.38,-1.32,0.4933,3.478e-16
-0.36,-1.32,0.493,4.406e-16
-0.34,-1.32,0.4928,5.581e-16
-0.32,-1.32,0.4925,7.07e-16
-0.3,-1.32,0.4923,8.956e-16
-0.28,-1.32,0.492,1.134e-15
-0.26,-1.32,0.4918,1.437e-15
-0.24,-1.32,0.4915,1.82e-15
-0.22,-1.32,0.4913,2.306e-15
-0.2,-1.32,0.491,2.921e-15
-0.18,-1.32,0.4908,3.7e-15
-0.16,-1.32,0.4905,4.686e-15
-0.14,-1.32,0.4903,5.936e-15
-0.12,-1.32,0.49,7.52e-15
-0.1,-1.32,0.4898,9.525e-15
-0.08,-1.32,0.4896,1.207e-14
-0.06,-1.32,0.4893,1.528e-14
-0.04,-1.32,0.4891,1.936e-14
-0.02,-1.32,0.4888,2.452e-14
0,-1.32,0.4886,3.106e-14
0.02,-1.32,0.4883,3.935e-14
0.04,-1.32,0.4881,4.985e-14
0.06,-1.32,0.4878,6.314e-14
0.08,-1.32,0.4876,7.998e-14
0.1,-1.32,0.4873,9.1e-14
0.12,-1.32,0.4871,9.158e-14
0.14,-1.32,0.4868,8.271e-14
0.16,-1.32,0.4866,7.47e-14
0.18,-1.32,0.4863,6.747e-14
0.2,-1.32,0.4861,6.094e-14
0.22,-1.32,0.4858,5.504e-14
0.24,-1.32,0.4856,4.971e-14
0.26,-1.32,0.4853,4.489e-14
0.28,-1.32,0.4851,4.055e-14
0.3,-1.32,0.4848,3.662e-14
0.32,-1.32,0.4846,3.308e-14
0.34,-1.32,0.4844,2.987e-14
0.36,-1.32,0.4841,2.596e-14
0.38,-1.32,0.4839,1.963e-14
0.4,-1.32,0.4836,1.484e-14
0.42,-1.32,0.4834,1.059e-14
0.44,-1.32,0.4831,6.77e-15
0.46,-1.32,0.4829,4.162e-15
0.48,-1.32,0.4826,2.285e-15
0.5,-1.32,0.4824,1.254e-15
0.52,-1.32,0.4821,6.884e-16
0.54,-1.32,0.4819,3.779e-16
0.56,-1.32,0.4816,2.074e-16
0.58,-1.32,0.4814,1.139e-16
0.6,-1.32,0.4811,6.251e-17
0.62,-1.32,0.4809,3.431e-17
0.64,-1.32,0.4806,1.884e-17
0.66,-1.32,0.4804,1.034e-17
0.68,-1.32,0.4801,5.676e-18
0.7,-1.32,0.4799,3.116e-18
0.72,-1.32,0.4796,1.71e-18
0.74,-1.32,0.4794,9.389e-19
0.76,-1.32,0.4792,5.154e-19
0.78,-1.32,0.4789,2.829e-19
0.8,-1.32,0.4787,1.553e-19
0.82,-1.32,0.4784,8.525e-20
0.84,-1.32,0.4782,4.68e-20
0.86,-1.32,0.4779,2.569e-20
0.88,-1.32,0.4777,1.41e-20
0.9,-1.32,0.4774,7.741e-21
0.92,-1.32,0.4772,4.249e-21
0.94,-1.32,0.4769,2.333e-21
0.96,-1.32,0.4767,1.28e-21
0.98,-1.32,0.4764,7.029e-22
1,-1.32,0.4762,3.858e-22
1.02,-1.32,0.4759,2.118e-22
1.04,-1.32,0.4757,1.163e-22
1.06,-1.32,0.4754,6.382e-23
1.08,-1.32,0.4752,3.503e-23
1.1,-1.32,0.4749,1.923e-23
1.12,-1.32,0.4747,1.056e-23
1.14,-1.32,0.4745,5.368e-24
1.16,-1.32,0.4742,2.707e-24
1.18,-1.32,0.474,1.365e-24
1.2,-1.32,0.4737,6.882e-25
1.22,-1.32,0.4735,3.47e-25
1.24,-1.32,0.4732,1.75e-25
1.26,-1.32,0.473,8.823e-26
1.28,-1.32,0.4727,4.449e-26
1.3,-1.32,0.4725,2.243e-26
1.32,-1.32,0.4722,1.131e-26
1.34,-1.32,0.472,5.704e-27
1.36,-1.32,0.4717,2.876e-27
1.38,-1.32,0.4715,1.45e-27
1.4,-1.32,0.4712,7.313e-28
1.42,-1.32,0.471,3.687e-28
1.44,-1.32,0.4707,1.859e-28
1.46,-1.32,0.4705,9.375e-29
1.48,-1.32,0.4703,4.727e-29
1.5,-1.32,0.47,2.384e-29
1.52,-1.32,0.4698,1.202e-29
1.54,-1.32,0.4695,6.061e-30
1.56,-1.32,0.4693,3.056e-30
1.58,-1.32,0.469,1.506e-30
1.6,-1.32,0.4688,7.14e-31
-1.6,-1.3,0.5083,4.416e-28
-1.58,-1.3,0.5081,7.696e-28
-1.56,-1.3,0.5078,1.341e-27
-1.54,-1.3,0.5076,2.338e-27
-1.52,-1.3,0.5073,4.074e-27
-1.5,-1.3,0.5071,7.1e-27
-1.48,-1.3,0.5068,1.237e-26
-1.46,-1.3,0.5066,2.156e-26
-1.44,-1.3,0.5063,3.758e-26
-1.42,-1.3,0.5061,6.549e-26
-1.4,-1.3,0.5058,1.141e-25
-1.38,-1.3,0.5056,1.989e-25
-1.36,-1.3,0.5054,3.467e-25
-1.34,-1.3,0.5051,6.042e-25
-1.32,-1.3,0.5049,1.053e-24
-1.3,-1.3,0.5046,1.835e-24
-1.28,-1.3,0.5044,3.198e-24
-1.26,-1.3,0.5041,5.573e-24
-1.24,-1.3,0.5039,9.713e-24
-1.22,-1.3,0.5036,1.693e-23
-1.2,-1.3,0.5034,2.95e-23
-1.18,-1.3,0.5031,5.141e-23
-1.16,-1.3,0.5029,8.96e-23
-1.14,-1.3,0.5026,1.562e-22
-1.12,-1.3,0.5024,2.721e-22
-1.1,-1.3,0.5021,4.743e-22
-1.08,-1.3,0.5019,8.266e-22
-1.06,-1.3,0.5016,1.441e-21
-1.04,-1.3,0.5014,2.511e-21
-1.02,-1.3,0.5011,4.375e-21
-1,-1.3,0.5009,7.625e-21
-0.98,-1.3,0.5006,1.329e-20
-0.96,-1.3,0.5004,2.126e-20
-0.94,-1.3,0.5001,3.339e-20
-0.92,-1.3,0.4999,5.244e-20
-0.9,-1.3,0.4997,8.236e-20
-0.88,-1.3,0.4994,1.294e-19
-0.86,-1.3,0.4992,2.032e-19
-0.84,-1.3,0.4989,3.191e-19
-0.82,-1.3,0.4987,5.011e-19
-0.8,-1.3,0.4984,7.87e-19
-0.78,-1.3,0.4982,1.236e-18
-0.76,-1.3,0.4979,1.941e-18
-0.74,-1.3,0.4977,3.049e-18
-0.72,-1.3,0.4974,4.789e-18
-0.7,-1.3,0.4972,7.521e-18
-0.68,-1.3,0.4969,1.181e-17
-0.66,-1.3,0.4967,1.855e-17
-0.64,-1.3,0.4964,2.733e-17
-0.62,-1.3,0.4962,3.887e-17
-0.6,-1.3,0.4959,5.528e-17
-0.58,-1.3,0.4957,7.346e-17
-0.56,-1.3,0.4954,9.305e-17
-0.54,-1.3,0.4952,1.179e-16
-0.52,-1.3,0.4949,1.493e-16
-0.5,-1.3,0.4947,1.891e-16
-0.48,-1.3,0.4944,2.396e-16
-0.46,-1.3,0.4942,3.035e-16
-0.44,-1.3,0.494,3.844e-16
-0.42,-1.3,0.4937,4.869e-16
-0.4,-1.3,0.4935,6.168e-16
-0.38,-1.3,0.4932,7.813e-16
-0.36,-1.3,0.493,9.897e-16
-0.34,-1.3,0.4927,1.254e-15
-0.32,-1.3,0.4925,1.588e-15
-0.3,-1.3,0.4922,2.012e-15
-0.28,-1.3,0.492,2.548e-15
-0.26,-1.3,0.4917,3.228e-15
-0.24,-1.3,0.4915,4.089e-15
-0.22,-1.3,0.4912,5.179e-15
-0.2,-1.3,0.491,6.561e-15
-0.18,-1.3,0.4907,8.31e-15
-0.16,-1.3,0.4905,1.053e-14
-0.14,-1.3,0.4902,1.333e-14
-0.12,-1.3,0.49,1.689e-14
-0.1,-1.3,0.4897,2.14e-14
-0.08,-1.3,0.4895,2.71e-14
-0.06,-1.3,0.4892,3.433e-14
-0.04,-1.3,0.489,4.349e-14
-0.02,-1.3,0.4888,5.509e-14
0,-1.3,0.4885,6.978e-14
0.02,-1.3,0.4883,8.839e-14
0.04,-1.3,0.488,1.12e-13
0.06,-1.3,0.4878,1.418e-13
0.08,-1.3,0.4875,1.797e-13
0.1,-1.3,0.4873,2.095e-13
0.12,-1.3,0.487,2.153e-13
0.14,-1.3,0.4868,1.944e-13
0.16,-1.3,0.4865,1.756e-13
0.18,-1.3,0.4863,1.586e-13
0.2,-1.3,0.486,1.432e-13
0.22,-1.3,0.4858,1.294e-13
0.24,-1.3,0.4855,1.168e-13
0.26,-1.3,0.4853,1.055e-13
0.28,-1.3,0.485,9.531e-14
0.3,-1.3,0.4848,8.608e-14
0.32,-1.3,0.4845,7.775e-14
0.34,-1.3,0.4843,7.022e-14
0.36,-1.3,0.484,5.581e-14
0.38,-1.3,0.4838,4.22e-14
0.4,-1.3,0.4836,3.191e-14
0.42,-1.3,0.4833,2.207e-14
0.44,-1.3,0.4831,1.41e-14
0.46,-1.3,0.4828,7.962e-15
0.48,-1.3,0.4826,4.371e-15
0.5,-1.3,0.4823,2.399e-15
0.52,-1.3,0.4821,1.317e-15
0.54,-1.3,0.4818,7.23e-16
0.56,-1.3,0.4816,3.969e-16
0.58,-1.3,0.4813,2.179e-16
0.6,-1.3,0.4811,1.196e-16
0.62,-1.3,0.4808,6.565e-17
0.64,-1.3,0.4806,3.604e-17
0.66,-1.3,0.4803,1.978e-17
0.68,-1.3,0.4801,1.086e-17
0.7,-1.3,0.4798,5.961e-18
0.72,-1.3,0.4796,3.272e-18
0.74,-1.3,0.4793,1.796e-18
0.76,-1.3,0.4791,9.86e-19
0.78,-1.3,0.4788,5.412e-19
0.8,-1.3,0.4786,2.971e-19
0.82,-1.3,0.4784,1.631e-19
0.84,-1.3,0.4781,8.953e-20
0.86,-1.3,0.4779,4.915e-20
0.88,-1.3,0.4776,2.698e-20
0.9,-1.3,0.4774,1.481e-20
0.92,-1.3,0.4771,8.129e-21
0.94,-1.3,0.4769,4.462e-21
0.96,-1.3,0.4766,2.45e-21
0.98,-1.3,0.4764,1.345e-21
1,-1.3,0.4761,7.381e-22
1.02,-1.3,0.4759,4.052e-22
1.04,-1.3,0.4756,2.224e-22
1.06,-1.3,0.4754,1.221e-22
1.08,-1.3,0.4751,6.702e-23
1.1,-1.3,0.4749,3.679e-23
1.12,-1.3,0.4746,1.94e-23
1.14,-1.3,0.4744,9.781e-24
1.16,-1.3,0.4741,4.932e-24
1.18,-1.3,0.4739,2.487e-24
1.2,-1.3,0.4737,1.254e-24
1.22,-1.3,0.4734,6.323e-25
1.24,-1.3,0.4732,3.188e-25
1.26,-1.3,0.4729,1.608e-25
1.28,-1.3,0.4727,8.106e-26
1.3,-1.3,0.4724,4.088e-26
1.32,-1.3,0.4722,2.061e-26
1.34,-1.3,0.4719,1.039e-26
1.36,-1.3,0.4717,5.241e-27
1.38,-1.3,0.4714,2.642e-27
1.4,-1.3,0.4712,1.332e-27
1.42,-1.3,0.4709,6.719e-28
1.44,-1.3,0.4707,3.388e-28
1.46,-1.3,0.4704,1.708e-28
1.48,-1.3,0.4702,8.614e-29
1.5,-1.3,0.4699,4.343e-29
1.52,-1.3,0.4697,2.19e-29
1.54,-1.3,0.4695,1.104e-29
1.56,-1.3,0.4692,5.458e-30
1.58,-1.3,0.469,2.588e-30
1.6,-1.3,0.4687,1.227e-30
-1.6,-1.28,0.5083,8.394e-28
-1.58,-1.28,0.508,1.463e-27
-1.56,-1.28,0.5078,2.55e-27
-1.54,-1.28,0.5075,4.443e-27
-1.52,-1.28,0.5073,7.744e-27
-1.5,-1.28,0.507,1.35e-26
-1.48,-1.28,0.5068,2.352e-26
-1.46,-1.28,0.5065,4.099e-26
-1.44,-1.28,0.5063,7.144e-26
-1.42,-1.28,0.506,1.245e-25
-1.4,-1.28,0.5058,2.17e-25
-1.38,-1.28,0.5055,3.781e-25
-1.36,-1.28,0.5053,6.59e-25
-1.34,-1.28,0.505,1.148e-24
-1.32,-1.28,0.5048,2.001e-24
-1.3,-1.28,0.5046,3.488e-24
-1.28,-1.28,0.5043,6.079e-24
-1.26,-1.28,0.5041,1.059e-23
-1.24,-1.28,0.5038,1.846e-23
-1.22,-1.28,0.5036,3.218e-23
-1.2,-1.28,0.5033,5.608e-23
-1.18,-1.28,0.5031,9.773e-23
-1.16,-1.28,0.5028,1.703e-22
-1.14,-1.28,0.5026,2.968e-22
-1.12,-1.28,0.5023,5.173e-22
-1.1,-1.28,0.5021,9.016e-22
-1.08,-1.28,0.5018,1.571e-21
-1.06,-1.28,0.5016,2.738e-21
-1.04,-1.28,0.5013,4.772e-21
-1.02,-1.28,0.5011,8.317e-21
-1,-1.28,0.5008,1.449e-20
-0.98,-1.28,0.5006,2.526e-20
-0.96,-1.28,0.5003,4.402e-20
-0.94,-1.28,0.5001,7.021e-20
-0.92,-1.28,0.4998,1.103e-19
-0.9,-1.28,0.4996,1.732e-19
-0.88,-1.28,0.4993,2.72e-19
-0.86,-1.28,0.4991,4.272e-19
-0.84,-1.28,0.4989,6.709e-19
-0.82,-1.28,0.4986,1.054e-18
-0.8,-1.28,0.4984,1.655e-18
-0.78,-1.28,0.4981,2.599e-18
-0.76,-1.28,0.4979,4.082e-18
-0.74,-1.28,0.4976,6.411e-18
-0.72,-1.28,0.4974,1.007e-17
-0.7,-1.28,0.4971,1.581e-17
-0.68,-1.28,0.4969,2.484e-17
-0.66,-1.28,0.4966,3.901e-17
-0.64,-1.28,0.4964,5.948e-17
-0.62,-1.28,0.4961,8.459e-17
-0.6,-1.28,0.4959,1.203e-16
-0.58,-1.28,0.4956,1.65e-16
-0.56,-1.28,0.4954,2.09e-16
-0.54,-1.28,0.4951,2.648e-16
-0.52,-1.28,0.4949,3.354e-16
-0.5,-1.28,0.4946,4.248e-16
-0.48,-1.28,0.4944,5.381e-16
-0.46,-1.28,0.4941,6.817e-16
-0.44,-1.28,0.4939,8.635e-16
-0.42,-1.28,0.4936,1.094e-15
-0.4,-1.28,0.4934,1.386e-15
-0.38,-1.28,0.4932,1.755e-15
-0.36,-1.28,0.4929,2.223e-15
-0.34,-1.28,0.4927,2.816e-15
-0.32,-1.28,0.4924,3.567e-15
-0.3,-1.28,0.4922,4.519e-15
-0.28,-1.28,0.4919,5.724e-15
-0.26,-1.28,0.4917,7.25e-15
-0.24,-1.28,0.4914,9.184e-15
-0.22,-1.28,0.4912,1.163e-14
-0.2,-1.28,0.4909,1.474e-14
-0.18,-1.28,0.4907,1.867e-14
-0.16,-1.28,0.4904,2.365e-14
-0.14,-1.28,0.4902,2.995e-14
-0.12,-1.28,0.4899,3.794e-14
-0.1,-1.28,0.4897,4.806e-14
-0.08,-1.28,0.4894,6.088e-14
-0.06,-1.28,0.4892,7.712e-14
-0.04,-1.28,0.4889,9.769e-14
-0.02,-1.28,0.4887,1.237e-13
0,-1.28,0.4884,1.567e-13
0.02,-1.28,0.4882,1.985e-13
0.04,-1.28,0.4879,2.515e-13
0.06,-1.28,0.4877,3.186e-13
0.08,-1.28,0.4875,4.036e-13
0.1,-1.28,0.4872,4.822e-13
0.12,-1.28,0.487,5.06e-13
0.14,-1.28,0.4867,4.57e-13
0.16,-1.28,0.4865,4.127e-13
0.18,-1.28,0.4862,3.728e-13
0.2,-1.28,0.486,3.367e-13
0.22,-1.28,0.4857,3.041e-13
0.24,-1.28,0.4855,2.746e-13
0.26,-1.28,0.4852,2.48e-13
0.28,-1.28,0.485,2.24e-13
0.3,-1.28,0.4847,2.023e-13
0.32,-1.28,0.4845,1.827e-13
0.34,-1.28,0.4842,1.587e-13
0.36,-1.28,0.484,1.2e-13
0.38,-1.28,0.4837,9.072e-14
0.4,-1.28,0.4835,6.86e-14
0.42,-1.28,0.4832,4.598e-14
0.44,-1.28,0.483,2.775e-14
0.46,-1.28,0.4827,1.523e-14
0.48,-1.28,0.4825,8.362e-15
0.5,-1.28,0.4823,4.59e-15
0.52,-1.28,0.482,2.52e-15
0.54,-1.28,0.4818,1.383e-15
0.56,-1.28,0.4815,7.593e-16
0.58,-1.28,0.4813,4.168e-16
0.6,-1.28,0.481,2.288e-16
0.62,-1.28,0.4808,1.256e-16
0.64,-1.28,0.4805,6.894e-17
0.66,-1.28,0.4803,3.784e-17
0.68,-1.28,0.48,2.077e-17
0.7,-1.28,0.4798,1.14e-17
0.72,-1.28,0.4795,6.26e-18
0.74,-1.28,0.4793,3.436e-18
0.76,-1.28,0.479,1.886e-18
0.78,-1.28,0.4788,1.035e-18
0.8,-1.28,0.4785,5.684e-19
0.82,-1.28,0.4783,3.12e-19
0.84,-1.28,0.478,1.713e-19
0.86,-1.28,0.4778,9.402e-20
0.88,-1.28,0.4776,5.161e-20
0.9,-1.28,0.4773,2.833e-20
0.92,-1.28,0.4771,1.555e-20
0.94,-1.28,0.4768,8.537e-21
0.96,-1.28,0.4766,4.686e-21
0.98,-1.28,0.4763,2.573e-21
1,-1.28,0.4761,1.412e-21
1.02,-1.28,0.4758,7.752e-22
1.04,-1.28,0.4756,4.255e-22
1.06,-1.28,0.4753,2.336e-22
1.08,-1.28,0.4751,1.282e-22
1.1,-1.28,0.4748,7.009e-23
1.12,-1.28,0.4746,3.534e-23
1.14,-1.28,0.4743,1.782e-23
1.16,-1.28,0.4741,8.986e-24
1.18,-1.28,0.4738,4.531e-24
1.2,-1.28,0.4736,2.285e-24
1.22,-1.28,0.4733,1.152e-24
1.24,-1.28,0.4731,5.809e-25
1.26,-1.28,0.4729,2.929e-25
1.28,-1.28,0.4726,1.477e-25
1.3,-1.28,0.4724,7.448e-26
1.32,-1.28,0.4721,3.756e-26
1.34,-1.28,0.4719,1.894e-26
1.36,-1.28,0.4716,9.549e-27
1.38,-1.28,0.4714,4.815e-27
1.4,-1.28,0.4711,2.428e-27
1.42,-1.28,0.4709,1.224e-27
1.44,-1.28,0.4706,6.173e-28
1.46,-1.28,0.4704,3.113e-28
1.48,-1.28,0.4701,1.569e-28
1.5,-1.28,0.4699,7.914e-29
1.52,-1.28,0.4696,3.991e-29
1.54,-1.28,0.4694,1.978e-29
1.56,-1.28,0.4692,9.377e-30
1.58,-1.28,0.4689,4.445e-30
1.6,-1.28,0.4687,2.108e-30
-1.6,-1.26,0.5082,1.485e-27
-1.58,-1.26,0.508,2.781e-27
-1.56,-1.26,0.5077,4.846e-27
-1.54,-1.26,0.5075,8.446e-27
-1.52,-1.26,0.5072,1.472e-26
-1.5,-1.26,0.507,2.565e-26
-1.48,-1.26,0.5067,4.471e-26
-1.46,-1.26,0.5065,7.792e-26
-1.44,-1.26,0.5062,1.358e-25
-1.42,-1.26,0.506,2.367e-25
-1.4,-1.26,0.5057,4.124e-25
-1.38,-1.26,0.5055,7.188e-25
-1.36,-1.26,0.5052,1.253e-24
-1.34,-1.26,0.505,2.183e-24
-1.32,-1.26,0.5047,3.805e-24
-1.3,-1.26,0.5045,6.631e-24
-1.28,-1.26,0.5042,1.156e-23
-1.26,-1.26,0.504,2.014e-23
-1.24,-1.26,0.5038,3.51e-23
-1.22,-1.26,0.5035,6.117e-23
-1.2,-1.26,0.5033,1.066e-22
-1.18,-1.26,0.503,1.858e-22
-1.16,-1.26,0.5028,3.238e-22
-1.14,-1.26,0.5025,5.643e-22
-1.12,-1.26,0.5023,9.834e-22
-1.1,-1.26,0.502,1.714e-21
-1.08,-1.26,0.5018,2.987e-21
-1.06,-1.26,0.5015,5.205e-21
-1.04,-1.26,0.5013,9.071e-21
-1.02,-1.26,0.501,1.581e-20
-1,-1.26,0.5008,2.755e-20
-0.98,-1.26,0.5005,4.802e-20
-0.96,-1.26,0.5003,8.368e-20
-0.94,-1.26,0.5,1.458e-19
-0.92,-1.26,0.4998,2.318e-19
-0.9,-1.26,0.4995,3.641e-19
-0.88,-1.26,0.4993,5.719e-19
-0.86,-1.26,0.499,8.982e-19
-0.84,-1.26,0.4988,1.411e-18
-0.82,-1.26,0.4985,2.215e-18
-0.8,-1.26,0.4983,3.479e-18
-0.78,-1.26,0.4981,5.465e-18
-0.76,-1.26,0.4978,8.583e-18
-0.74,-1.26,0.4976,1.348e-17
-0.72,-1.26,0.4973,2.117e-17
-0.7,-1.26,0.4971,3.325e-17
-0.68,-1.26,0.4968,5.222e-17
-0.66,-1.26,0.4966,8.201e-17
-0.64,-1.26,0.4963,1.288e-16
-0.62,-1.26,0.4961,1.841e-16
-0.6,-1.26,0.4958,2.618e-16
-0.58,-1.26,0.4956,3.707e-16
-0.56,-1.26,0.4953,4.695e-16
-0.54,-1.26,0.4951,5.947e-16
-0.52,-1.26,0.4948,7.534e-16
-0.5,-1.26,0.4946,9.543e-16
-0.48,-1.26,0.4943,1.209e-15
-0.46,-1.26,0.4941,1.531e-15
-0.44,-1.26,0.4938,1.94e-15
-0.42,-1.26,0.4936,2.457e-15
-0.4,-1.26,0.4933,3.112e-15
-0.38,-1.26,0.4931,3.942e-15
-0.36,-1.26,0.4928,4.994e-15
-0.34,-1.26,0.4926,6.326e-15
-0.32,-1.26,0.4924,8.013e-15
-0.3,-1.26,0.4921,1.015e-14
-0.28,-1.26,0.4919,1.286e-14
-0.26,-1.26,0.4916,1.629e-14
-0.24,-1.26,0.4914,2.063e-14
-0.22,-1.26,0.4911,2.613e-14
-0.2,-1.26,0.4909,3.31e-14
-0.18,-1.26,0.4906,4.193e-14
-0.16,-1.26,0.4904,5.311e-14
-0.14,-1.26,0.4901,6.728e-14
-0.12,-1.26,0.4899,8.523e-14
-0.1,-1.26,0.4896,1.08e-13
-0.08,-1.26,0.4894,1.368e-13
-0.06,-1.26,0.4891,1.732e-13
-0.04,-1.26,0.4889,2.194e-13
-0.02,-1.26,0.4886,2.779e-13
0,-1.26,0.4884,3.521e-13
0.02,-1.26,0.4881,4.46e-13
0.04,-1.26,0.4879,5.649e-13
0.06,-1.26,0.4876,7.156e-13
0.08,-1.26,0.4874,9.065e-13
0.1,-1.26,0.4871,1.11e-12
0.12,-1.26,0.4869,1.182e-12
0.14,-1.26,0.4867,1.074e-12
0.16,-1.26,0.4864,9.701e-13
0.18,-1.26,0.4862,8.762e-13
0.2,-1.26,0.4859,7.913e-13
0.22,-1.26,0.4857,7.147e-13
0.24,-1.26,0.4854,6.455e-13
0.26,-1.26,0.4852,5.83e-13
0.28,-1.26,0.4849,5.266e-13
0.3,-1.26,0.4847,4.756e-13
0.32,-1.26,0.4844,4.295e-13
0.34,-1.26,0.4842,3.411e-13
0.36,-1.26,0.4839,2.579e-13
0.38,-1.26,0.4837,1.95e-13
0.4,-1.26,0.4834,1.475e-13
0.42,-1.26,0.4832,9.58e-14
0.44,-1.26,0.4829,5.309e-14
0.46,-1.26,0.4827,2.914e-14
0.48,-1.26,0.4824,1.6e-14
0.5,-1.26,0.4822,8.781e-15
0.52,-1.26,0.4819,4.82e-15
0.54,-1.26,0.4817,2.646e-15
0.56,-1.26,0.4815,1.453e-15
0.58,-1.26,0.4812,7.974e-16
0.6,-1.26,0.481,4.377e-16
0.62,-1.26,0.4807,2.403e-16
0.64,-1.26,0.4805,1.319e-16
0.66,-1.26,0.4802,7.24e-17
0.68,-1.26,0.48,3.974e-17
0.7,-1.26,0.4797,2.182e-17
0.72,-1.26,0.4795,1.198e-17
0.74,-1.26,0.4792,6.574e-18
0.76,-1.26,0.479,3.609e-18
0.78,-1.26,0.4787,1.981e-18
0.8,-1.26,0.4785,1.087e-18
0.82,-1.26,0.4782,5.969e-19
0.84,-1.26,0.478,3.277e-19
0.86,-1.26,0.4777,1.799e-19
0.88,-1.26,0.4775,9.874e-20
0.9,-1.26,0.4772,5.42e-20
0.92,-1.26,0.477,2.975e-20
0.94,-1.26,0.4768,1.633e-20
0.96,-1.26,0.4765,8.966e-21
0.98,-1.26,0.4763,4.922e-21
1,-1.26,0.476,2.702e-21
1.02,-1.26,0.4758,1.483e-21
1.04,-1.26,0.4755,8.141e-22
1.06,-1.26,0.4753,4.469e-22
1.08,-1.26,0.475,2.453e-22
1.1,-1.26,0.4748,1.277e-22
1.12,-1.26,0.4745,6.44e-23
1.14,-1.26,0.4743,3.247e-23
1.16,-1.26,0.474,1.637e-23
1.18,-1.26,0.4738,8.257e-24
1.2,-1.26,0.4735,4.163e-24
1.22,-1.26,0.4733,2.099e-24
1.24,-1.26,0.473,1.059e-24
1.26,-1.26,0.4728,5.338e-25
1.28,-1.26,0.4726,2.691e-25
1.3,-1.26,0.4723,1.357e-25
1.32,-1.26,0.4721,6.843e-26
1.34,-1.26,0.4718,3.451e-26
1.36,-1.26,0.4716,1.74e-26
1.38,-1.26,0.4713,8.773e-27
1.4,-1.26,0.4711,4.424e-27
1.42,-1.26,0.4708,2.231e-27
1.44,-1.26,0.4706,1.125e-27
1.46,-1.26,0.4703,5.672e-28
1.48,-1.26,0.4701,2.86e-28
1.5,-1.26,0.4698,1.442e-28
1.52,-1.26,0.4696,7.168e-29
1.54,-1.26,0.4693,3.398e-29
1.56,-1.26,0.4691,1.611e-29
1.58,-1.26,0.4688,7.637e-30
1.6,-1.26,0.4686,3.621e-30
-1.6,-1.24,0.5082,2.512e-27
-1.58,-1.24,0.5079,4.722e-27
-1.56,-1.24,0.5077,8.876e-27
-1.54,-1.24,0.5074,1.606e-26
-1.52,-1.24,0.5072,2.798e-26
-1.5,-1.24,0.5069,4.876e-26
-1.48,-1.24,0.5067,8.499e-26
-1.46,-1.24,0.5064,1.481e-25
-1.44,-1.24,0.5062,2.581e-25
-1.42,-1.24,0.5059,4.498e-25
-1.4,-1.24,0.5057,7.84e-25
-1.38,-1.24,0.5054,1.366e-24
-1.36,-1.24,0.5052,2.381e-24
-1.34,-1.24,0.5049,4.15e-24
-1.32,-1.24,0.5047,7.232e-24
-1.3,-1.24,0.5044,1.26e-23
-1.28,-1.24,0.5042,2.197e-23
-1.26,-1.24,0.5039,3.828e-23
-1.24,-1.24,0.5037,6.672e-23
-1.22,-1.24,0.5034,1.163e-22
-1.2,-1.24,0.5032,2.026e-22
-1.18,-1.24,0.5029,3.531e-22
-1.16,-1.24,0.5027,6.154e-22
-1.14,-1.24,0.5025,1.073e-21
-1.12,-1.24,0.5022,1.869e-21
-1.1,-1.24,0.502,3.258e-21
-1.08,-1.24,0.5017,5.677e-21
-1.06,-1.24,0.5015,9.894e-21
-1.04,-1.24,0.5012,1.724e-20
-1.02,-1.24,0.501,3.005e-20
-1,-1.24,0.5007,5.237e-20
-0.98,-1.24,0.5005,9.127e-20
-0.96,-1.24,0.5002,1.591e-19
-0.94,-1.24,0.5,2.772e-19
-0.92,-1.24,0.4997,4.831e-19
-0.9,-1.24,0.4995,7.656e-19
-0.88,-1.24,0.4992,1.202e-18
-0.86,-1.24,0.499,1.888e-18
-0.84,-1.24,0.4987,2.966e-18
-0.82,-1.24,0.4985,4.658e-18
-0.8,-1.24,0.4982,7.316e-18
-0.78,-1.24,0.498,1.149e-17
-0.76,-1.24,0.4977,1.805e-17
-0.74,-1.24,0.4975,2.834e-17
-0.72,-1.24,0.4972,4.451e-17
-0.7,-1.24,0.497,6.991e-17
-0.68,-1.24,0.4968,1.098e-16
-0.66,-1.24,0.4965,1.724e-16
-0.64,-1.24,0.4963,2.708e-16
-0.62,-1.24,0.496,4.006e-16
-0.6,-1.24,0.4958,5.697e-16
-0.58,-1.24,0.4955,8.102e-16
-0.56,-1.24,0.4953,1.055e-15
-0.54,-1.24,0.495,1.336e-15
-0.52,-1.24,0.4948,1.692e-15
-0.5,-1.24,0.4945,2.144e-15
-0.48,-1.24,0.4943,2.715e-15
-0.46,-1.24,0.494,3.439e-15
-0.44,-1.24,0.4938,4.357e-15
-0.42,-1.24,0.4935,5.519e-15
-0.4,-1.24,0.4933,6.991e-15
-0.38,-1.24,0.493,8.855e-15
-0.36,-1.24,0.4928,1.122e-14
-0.34,-1.24,0.4925,1.421e-14
-0.32,-1.24,0.4923,1.8e-14
-0.3,-1.24,0.492,2.28e-14
-0.28,-1.24,0.4918,2.888e-14
-0.26,-1.24,0.4915,3.658e-14
-0.24,-1.24,0.4913,4.634e-14
-0.22,-1.24,0.4911,5.87e-14
-0.2,-1.24,0.4908,7.436e-14
-0.18,-1.24,0.4906,9.419e-14
-0.16,-1.24,0.4903,1.193e-13
-0.14,-1.24,0.4901,1.511e-13
-0.12,-1.24,0.4898,1.914e-13
-0.1,-1.24,0.4896,2.425e-13
-0.08,-1.24,0.4893,3.072e-13
-0.06,-1.24,0.4891,3.891e-13
-0.04,-1.24,0.4888,4.929e-13
-0.02,-1.24,0.4886,6.243e-13
0,-1.24,0.4883,7.909e-13
0.02,-1.24,0.4881,1.002e-12
0.04,-1.24,0.4878,1.269e-12
0.06,-1.24,0.4876,1.607e-12
0.08,-1.24,0.4873,2.036e-12
0.1,-1.24,0.4871,2.555e-12
0.12,-1.24,0.4868,2.722e-12
0.14,-1.24,0.4866,2.525e-12
0.16,-1.24,0.4863,2.28e-12
0.18,-1.24,0.4861,2.059e-12
0.2,-1.24,0.4859,1.86e-12
0.22,-1.24,0.4856,1.68e-12
0.24,-1.24,0.4854,1.517e-12
0.26,-1.24,0.4851,1.37e-12
0.28,-1.24,0.4849,1.238e-12
0.3,-1.24,0.4846,1.118e-12
0.32,-1.24,0.4844,9.697e-13
0.34,-1.24,0.4841,7.333e-13
0.36,-1.24,0.4839,5.545e-13
0.38,-1.24,0.4836,4.193e-13
0.4,-1.24,0.4834,3.123e-13
0.42,-1.24,0.4831,1.85e-13
0.44,-1.24,0.4829,1.016e-13
0.46,-1.24,0.4826,5.575e-14
0.48,-1.24,0.4824,3.06e-14
0.5,-1.24,0.4821,1.68e-14
0.52,-1.24,0.4819,9.222e-15
0.54,-1.24,0.4816,5.062e-15
0.56,-1.24,0.4814,2.779e-15
0.58,-1.24,0.4811,1.525e-15
0.6,-1.24,0.4809,8.374e-16
0.62,-1.24,0.4807,4.597e-16
0.64,-1.24,0.4804,2.523e-16
0.66,-1.24,0.4802,1.385e-16
0.68,-1.24,0.4799,7.604e-17
0.7,-1.24,0.4797,4.174e-17
0.72,-1.24,0.4794,2.291e-17
0.74,-1.24,0.4792,1.258e-17
0.76,-1.24,0.4789,6.904e-18
0.78,-1.24,0.4787,3.79e-18
0.8,-1.24,0.4784,2.08e-18
0.82,-1.24,0.4782,1.142e-18
0.84,-1.24,0.4779,6.269e-19
0.86,-1.24,0.4777,3.441e-19
0.88,-1.24,0.4774,1.889e-19
0.9,-1.24,0.4772,1.037e-19
0.92,-1.24,0.4769,5.692e-20
0.94,-1.24,0.4767,3.125e-20
0.96,-1.24,0.4764,1.715e-20
0.98,-1.24,0.4762,9.416e-21
1,-1.24,0.476,5.169e-21
1.02,-1.24,0.4757,2.837e-21
1.04,-1.24,0.4755,1.557e-21
1.06,-1.24,0.4752,8.55e-22
1.08,-1.24,0.475,4.615e-22
1.1,-1.24,0.4747,2.327e-22
1.12,-1.24,0.4745,1.173e-22
1.14,-1.24,0.4742,5.917e-23
1.16,-1.24,0.474,2.984e-23
1.18,-1.24,0.4737,1.504e-23
1.2,-1.24,0.4735,7.586e-24
1.22,-1.24,0.4732,3.825e-24
1.24,-1.24,0.473,1.929e-24
1.26,-1.24,0.4727,9.726e-25
1.28,-1.24,0.4725,4.904e-25
1.3,-1.24,0.4722,2.473e-25
1.32,-1.24,0.472,1.247e-25
1.34,-1.24,0.4718,6.287e-26
1.36,-1.24,0.4715,3.17e-26
1.38,-1.24,0.4713,1.599e-26
1.4,-1.24,0.471,8.061e-27
1.42,-1.24,0.4708,4.064e-27
1.44,-1.24,0.4705,2.049e-27
1.46,-1.24,0.4703,1.033e-27
1.48,-1.24,0.47,5.211e-28
1.5,-1.24,0.4698,2.598e-28
1.52,-1.24,0.4695,1.231e-28
1.54,-1.24,0.4693,5.838e-29
1.56,-1.24,0.469,2.768e-29
1.58,-1.24,0.4688,1.312e-29
1.6,-1.24,0.4685,6.22e-30
-1.6,-1.22,0.5081,4.248e-27
-1.58,-1.22,0.5078,7.986e-27
-1.56,-1.22,0.5076,1.501e-26
-1.54,-1.22,0.5074,2.822e-26
-1.52,-1.22,0.5071,5.304e-26
-1.5,-1.22,0.5069,9.27e-26
-1.48,-1.22,0.5066,1.615e-25
-1.46,-1.22,0.5064,2.815e-25
-1.44,-1.22,0.5061,4.907e-25
-1.42,-1.22,0.5059,8.551e-25
-1.4,-1.22,0.5056,1.49e-24
-1.38,-1.22,0.5054,2.597e-24
-1.36,-1.22,0.5051,4.526e-24
-1.34,-1.22,0.5049,7.888e-24
-1.32,-1.22,0.5046,1.375e-23
-1.3,-1.22,0.5044,2.396e-23
-1.28,-1.22,0.5041,4.175e-23
-1.26,-1.22,0.5039,7.277e-23
-1.24,-1.22,0.5036,1.268e-22
-1.22,-1.22,0.5034,2.21e-22
-1.2,-1.22,0.5031,3.852e-22
-1.18,-1.22,0.5029,6.713e-22
-1.16,-1.22,0.5026,1.17e-21
-1.14,-1.22,0.5024,2.039e-21
-1.12,-1.22,0.5021,3.553e-21
-1.1,-1.22,0.5019,6.192e-21
-1.08,-1.22,0.5017,1.079e-20
-1.06,-1.22,0.5014,1.881e-20
-1.04,-1.22,0.5012,3.278e-20
-1.02,-1.22,0.5009,5.712e-20
-1,-1.22,0.5007,9.955e-20
-0.98,-1.22,0.5004,1.735e-19
-0.96,-1.22,0.5002,3.024e-19
-0.94,-1.22,0.4999,5.27e-19
-0.92,-1.22,0.4997,9.184e-19
-0.9,-1.22,0.4994,1.601e-18
-0.88,-1.22,0.4992,2.528e-18
-0.86,-1.22,0.4989,3.971e-18
-0.84,-1.22,0.4987,6.236e-18
-0.82,-1.22,0.4984,9.795e-18
-0.8,-1.22,0.4982,1.538e-17
-0.78,-1.22,0.4979,2.416e-17
-0.76,-1.22,0.4977,3.794e-17
-0.74,-1.22,0.4974,5.959e-17
-0.72,-1.22,0.4972,9.359e-17
-0.7,-1.22,0.4969,1.47e-16
-0.68,-1.22,0.4967,2.309e-16
-0.66,-1.22,0.4964,3.626e-16
-0.64,-1.22,0.4962,5.695e-16
-0.62,-1.22,0.496,8.718e-16
-0.6,-1.22,0.4957,1.24e-15
-0.58,-1.22,0.4955,1.763e-15
-0.56,-1.22,0.4952,2.369e-15
-0.54,-1.22,0.495,3.001e-15
-0.52,-1.22,0.4947,3.801e-15
-0.5,-1.22,0.4945,4.815e-15
-0.48,-1.22,0.4942,6.099e-15
-0.46,-1.22,0.494,7.726e-15
-0.44,-1.22,0.4937,9.787e-15
-0.42,-1.22,0.4935,1.24e-14
-0.4,-1.22,0.4932,1.57e-14
-0.38,-1.22,0.493,1.989e-14
-0.36,-1.22,0.4927,2.52e-14
-0.34,-1.22,0.4925,3.192e-14
-0.32,-1.22,0.4922,4.043e-14
-0.3,-1.22,0.492,5.121e-14
-0.28,-1.22,0.4917,6.487e-14
-0.26,-1.22,0.4915,8.217e-14
-0.24,-1.22,0.4912,1.041e-13
-0.22,-1.22,0.491,1.319e-13
-0.2,-1.22,0.4907,1.67e-13
-0.18,-1.22,0.4905,2.116e-13
-0.16,-1.22,0.4903,2.68e-13
-0.14,-1.22,0.49,3.395e-13
-0.12,-1.22,0.4898,4.3e-13
-0.1,-1.22,0.4895,5.447e-13
-0.08,-1.22,0.4893,6.9e-13
-0.06,-1.22,0.489,8.74e-13
-0.04,-1.22,0.4888,1.107e-12
-0.02,-1.22,0.4885,1.402e-12
0,-1.22,0.4883,1.776e-12
0.02,-1.22,0.488,2.25e-12
0.04,-1.22,0.4878,2.85e-12
0.06,-1.22,0.4875,3.611e-12
0.08,-1.22,0.4873,4.574e-12
0.1,-1.22,0.487,5.794e-12
0.12,-1.22,0.4868,6.265e-12
0.14,-1.22,0.4865,5.934e-12
0.16,-1.22,0.4863,5.36e-12
0.18,-1.22,0.486,4.841e-12
0.2,-1.22,0.4858,4.372e-12
0.22,-1.22,0.4855,3.949e-12
0.24,-1.22,0.4853,3.566e-12
0.26,-1.22,0.4851,3.221e-12
0.28,-1.22,0.4848,2.909e-12
0.3,-1.22,0.4846,2.628e-12
0.32,-1.22,0.4843,2.085e-12
0.34,-1.22,0.4841,1.576e-12
0.36,-1.22,0.4838,1.192e-12
0.38,-1.22,0.4836,9.013e-13
0.4,-1.22,0.4833,6.448e-13
0.42,-1.22,0.4831,3.54e-13
0.44,-1.22,0.4828,1.943e-13
0.46,-1.22,0.4826,1.067e-13
0.48,-1.22,0.4823,5.855e-14
0.5,-1.22,0.4821,3.214e-14
0.52,-1.22,0.4818,1.764e-14
0.54,-1.22,0.4816,9.685e-15
0.56,-1.22,0.4813,5.316e-15
0.58,-1.22,0.4811,2.918e-15
0.6,-1.22,0.4808,1.602e-15
0.62,-1.22,0.4806,8.794e-16
0.64,-1.22,0.4803,4.827e-16
0.66,-1.22,0.4801,2.65e-16
0.68,-1.22,0.4799,1.455e-16
0.7,-1.22,0.4796,7.985e-17
0.72,-1.22,0.4794,4.383e-17
0.74,-1.22,0.4791,2.406e-17
0.76,-1.22,0.4789,1.321e-17
0.78,-1.22,0.4786,7.251e-18
0.8,-1.22,0.4784,3.98e-18
0.82,-1.22,0.4781,2.185e-18
0.84,-1.22,0.4779,1.199e-18
0.86,-1.22,0.4776,6.584e-19
0.88,-1.22,0.4774,3.614e-19
0.9,-1.22,0.4771,1.984e-19
0.92,-1.22,0.4769,1.089e-19
0.94,-1.22,0.4766,5.978e-20
0.96,-1.22,0.4764,3.282e-20
0.98,-1.22,0.4761,1.801e-20
1,-1.22,0.4759,9.888e-21
1.02,-1.22,0.4756,5.428e-21
1.04,-1.22,0.4754,2.98e-21
1.06,-1.22,0.4752,1.636e-21
1.08,-1.22,0.4749,8.409e-22
1.1,-1.22,0.4747,4.24e-22
1.12,-1.22,0.4744,2.138e-22
1.14,-1.22,0.4742,1.078e-22
1.16,-1.22,0.4739,5.436e-23
1.18,-1.22,0.4737,2.741e-23
1.2,-1.22,0.4734,1.382e-23
1.22,-1.22,0.4732,6.97e-24
1.24,-1.22,0.4729,3.514e-24
1.26,-1.22,0.4727,1.772e-24
1.28,-1.22,0.4724,8.935e-25
1.3,-1.22,0.4722,4.506e-25
1.32,-1.22,0.4719,2.272e-25
1.34,-1.22,0.4717,1.146e-25
1.36,-1.22,0.4714,5.776e-26
1.38,-1.22,0.4712,2.913e-26
1.4,-1.22,0.471,1.469e-26
1.42,-1.22,0.4707,7.406e-27
1.44,-1.22,0.4705,3.734e-27
1.46,-1.22,0.4702,1.883e-27
1.48,-1.22,0.47,9.413e-28
1.5,-1.22,0.4697,4.463e-28
1.52,-1.22,0.4695,2.116e-28
1.54,-1.22,0.4692,1.003e-28
1.56,-1.22,0.469,4.755e-29
1.58,-1.22,0.4687,2.254e-29
1.6,-1.22,0.4685,1.069e-29
-1.6,-1.2,0.508,7.184e-27
-1.58,-1.2,0.5078,1.351e-26
-1.56,-1.2,0.5075,2.539e-26
-1.54,-1.2,0.5073,4.772e-26
-1.52,-1.2,0.507,8.97e-26
-1.5,-1.2,0.5068,1.686e-25
-1.48,-1.2,0.5066,3.071e-25
-1.46,-1.2,0.5063,5.352e-25
-1.44,-1.2,0.5061,9.327e-25
-1.42,-1.2,0.5058,1.625e-24
-1.4,-1.2,0.5056,2.833e-24
-1.38,-1.2,0.5053,4.937e-24
-1.36,-1.2,0.5051,8.604e-24
-1.34,-1.2,0.5048,1.499e-23
-1.32,-1.2,0.5046,2.613e-23
-1.3,-1.2,0.5043,4.554e-23
-1.28,-1.2,0.5041,7.937e-23
-1.26,-1.2,0.5038,1.383e-22
-1.24,-1.2,0.5036,2.411e-22
-1.22,-1.2,0.5033,4.201e-22
-1.2,-1.2,0.5031,7.322e-22
-1.18,-1.2,0.5028,1.276e-21
-1.16,-1.2,0.5026,2.224e-21
-1.14,-1.2,0.5023,3.876e-21
-1.12,-1.2,0.5021,6.754e-21
-1.1,-1.2,0.5018,1.177e-20
-1.08,-1.2,0.5016,2.051e-20
-1.06,-1.2,0.5013,3.575e-20
-1.04,-1.2,0.5011,6.231e-20
-1.02,-1.2,0.5009,1.086e-19
-1,-1.2,0.5006,1.892e-19
-0.98,-1.2,0.5004,3.298e-19
-0.96,-1.2,0.5001,5.748e-19
-0.94,-1.2,0.4999,1.002e-18
-0.92,-1.2,0.4996,1.746e-18
-0.9,-1.2,0.4994,3.042e-18
-0.88,-1.2,0.4991,5.302e-18
-0.86,-1.2,0.4989,8.349e-18
-0.84,-1.2,0.4986,1.311e-17
-0.82,-1.2,0.4984,2.059e-17
-0.8,-1.2,0.4981,3.234e-17
-0.78,-1.2,0.4979,5.08e-17
-0.76,-1.2,0.4976,7.978e-17
-0.74,-1.2,0.4974,1.253e-16
-0.72,-1.2,0.4971,1.968e-16
-0.7,-1.2,0.4969,3.091e-16
-0.68,-1.2,0.4966,4.854e-16
-0.66,-1.2,0.4964,7.624e-16
-0.64,-1.2,0.4961,1.197e-15
-0.62,-1.2,0.4959,1.881e-15
-0.6,-1.2,0.4956,2.698e-15
-0.58,-1.2,0.4954,3.837e-15
-0.56,-1.2,0.4952,5.321e-15
-0.54,-1.2,0.4949,6.741e-15
-0.52,-1.2,0.4947,8.538e-15
-0.5,-1.2,0.4944,1.082e-14
-0.48,-1.2,0.4942,1.37e-14
-0.46,-1.2,0.4939,1.735e-14
-0.44,-1.2,0.4937,2.198e-14
-0.42,-1.2,0.4934,2.785e-14
-0.4,-1.2,0.4932,3.527e-14
-0.38,-1.2,0.4929,4.468e-14
-0.36,-1.2,0.4927,5.66e-14
-0.34,-1.2,0.4924,7.169e-14
-0.32,-1.2,0.4922,9.081e-14
-0.3,-1.2,0.4919,1.15e-13
-0.28,-1.2,0.4917,1.457e-13
-0.26,-1.2,0.4914,1.846e-13
-0.24,-1.2,0.4912,2.338e-13
-0.22,-1.2,0.4909,2.962e-13
-0.2,-1.2,0.4907,3.752e-13
-0.18,-1.2,0.4904,4.752e-13
-0.16,-1.2,0.4902,6.02e-13
-0.14,-1.2,0.4899,7.625e-13
-0.12,-1.2,0.4897,9.659e-13
-0.1,-1.2,0.4895,1.224e-12
-0.08,-1.2,0.4892,1.55e-12
-0.06,-1.2,0.489,1.963e-12
-0.04,-1.2,0.4887,2.487e-12
-0.02,-1.2,0.4885,3.15e-12
0,-1.2,0.4882,3.99e-12
0.02,-1.2,0.488,5.055e-12
0.04,-1.2,0.4877,6.403e-12
0.06,-1.2,0.4875,8.111e-12
0.08,-1.2,0.4872,1.027e-11
0.1,-1.2,0.487,1.301e-11
0.12,-1.2,0.4867,1.442e-11
0.14,-1.2,0.4865,1.395e-11
0.16,-1.2,0.4862,1.26e-11
0.18,-1.2,0.486,1.138e-11
0.2,-1.2,0.4857,1.028e-11
0.22,-1.2,0.4855,9.282e-12
0.24,-1.2,0.4852,8.383e-12
0.26,-1.2,0.485,7.571e-12
0.28,-1.2,0.4847,6.838e-12
0.3,-1.2,0.4845,5.927e-12
0.32,-1.2,0.4843,4.482e-12
0.34,-1.2,0.484,3.389e-12
0.36,-1.2,0.4838,2.562e-12
0.38,-1.2,0.4835,1.938e-12
0.4,-1.2,0.4833,1.234e-12
0.42,-1.2,0.483,6.772e-13
0.44,-1.2,0.4828,3.717e-13
0.46,-1.2,0.4825,2.041e-13
0.48,-1.2,0.4823,1.12e-13
0.5,-1.2,0.482,6.149e-14
0.52,-1.2,0.4818,3.375e-14
0.54,-1.2,0.4815,1.853e-14
0.56,-1.2,0.4813,1.017e-14
0.58,-1.2,0.481,5.583e-15
0.6,-1.2,0.4808,3.065e-15
0.62,-1.2,0.4805,1.682e-15
0.64,-1.2,0.4803,9.235e-16
0.66,-1.2,0.48,5.07e-16
0.68,-1.2,0.4798,2.783e-16
0.7,-1.2,0.4795,1.528e-16
0.72,-1.2,0.4793,8.386e-17
0.74,-1.2,0.4791,4.603e-17
0.76,-1.2,0.4788,2.527e-17
0.78,-1.2,0.4786,1.387e-17
0.8,-1.2,0.4783,7.614e-18
0.82,-1.2,0.4781,4.18e-18
0.84,-1.2,0.4778,2.294e-18
0.86,-1.2,0.4776,1.26e-18
0.88,-1.2,0.4773,6.914e-19
0.9,-1.2,0.4771,3.795e-19
0.92,-1.2,0.4768,2.083e-19
0.94,-1.2,0.4766,1.144e-19
0.96,-1.2,0.4763,6.278e-20
0.98,-1.2,0.4761,3.446e-20
1,-1.2,0.4758,1.892e-20
1.02,-1.2,0.4756,1.038e-20
1.04,-1.2,0.4753,5.701e-21
1.06,-1.2,0.4751,3.039e-21
1.08,-1.2,0.4748,1.532e-21
1.1,-1.2,0.4746,7.726e-22
1.12,-1.2,0.4744,3.896e-22
1.14,-1.2,0.4741,1.964e-22
1.16,-1.2,0.4739,9.906e-23
1.18,-1.2,0.4736,4.995e-23
1.2,-1.2,0.4734,2.519e-23
1.22,-1.2,0.4731,1.27e-23
1.24,-1.2,0.4729,6.404e-24
1.26,-1.2,0.4726,3.229e-24
1.28,-1.2,0.4724,1.628e-24
1.3,-1.2,0.4721,8.21e-25
1.32,-1.2,0.4719,4.14e-25
1.34,-1.2,0.4716,2.087e-25
1.36,-1.2,0.4714,1.053e-25
1.38,-1.2,0.4711,5.307e-26
1.4,-1.2,0.4709,2.676e-26
1.42,-1.2,0.4706,1.349e-26
1.44,-1.2,0.4704,6.804e-27
1.46,-1.2,0.4702,3.411e-27
1.48,-1.2,0.4699,1.617e-27
1.5,-1.2,0.4697,7.667e-28
1.52,-1.2,0.4694,3.635e-28
1.54,-1.2,0.4692,1.723e-28
1.56,-1.2,0.4689,8.169e-29
1.58,-1.2,0.4687,3.873e-29
1.6,-1.2,0.4684,1.836e-29
-1.6,-1.18,0.508,1.215e-26
-1.58,-1.18,0.5077,2.284e-26
-1.56,-1.18,0.5075,4.293e-26
-1.54,-1.18,0.5072,8.07e-26
-1.52,-1.18,0.507,1.517e-25
-1.5,-1.18,0.5067,2.852e-25
-1.48,-1.18,0.5065,5.361e-25
-1.46,-1.18,0.5062,1.008e-24
-1.44,-1.18,0.506,1.773e-24
-1.42,-1.18,0.5057,3.09e-24
-1.4,-1.18,0.5055,5.385e-24
-1.38,-1.18,0.5053,9.385e-24
-1.36,-1.18,0.505,1.636e-23
-1.34,-1.18,0.5048,2.85e-23
-1.32,-1.18,0.5045,4.967e-23
-1.3,-1.18,0.5043,8.657e-23
-1.28,-1.18,0.504,1.509e-22
-1.26,-1.18,0.5038,2.629e-22
-1.24,-1.18,0.5035,4.582e-22
-1.22,-1.18,0.5033,7.986e-22
-1.2,-1.18,0.503,1.392e-21
-1.18,-1.18,0.5028,2.426e-21
-1.16,-1.18,0.5025,4.227e-21
-1.14,-1.18,0.5023,7.367e-21
-1.12,-1.18,0.502,1.284e-20
-1.1,-1.18,0.5018,2.238e-20
-1.08,-1.18,0.5015,3.9e-20
-1.06,-1.18,0.5013,6.796e-20
-1.04,-1.18,0.501,1.184e-19
-1.02,-1.18,0.5008,2.064e-19
-1,-1.18,0.5005,3.597e-19
-0.98,-1.18,0.5003,6.269e-19
-0.96,-1.18,0.5,1.093e-18
-0.94,-1.18,0.4998,1.904e-18
-0.92,-1.18,0.4996,3.318e-18
-0.9,-1.18,0.4993,5.783e-18
-0.88,-1.18,0.4991,1.008e-17
-0.86,-1.18,0.4988,1.756e-17
-0.84,-1.18,0.4986,2.757e-17
-0.82,-1.18,0.4983,4.33e-17
-0.8,-1.18,0.4981,6.801e-17
-0.78,-1.18,0.4978,1.068e-16
-0.76,-1.18,0.4976,1.678e-16
-0.74,-1.18,0.4973,2.635e-16
-0.72,-1.18,0.4971,4.138e-16
-0.7,-1.18,0.4968,6.499e-16
-0.68,-1.18,0.4966,1.021e-15
-0.66,-1.18,0.4963,1.603e-15
-0.64,-1.18,0.4961,2.518e-15
-0.62,-1.18,0.4958,3.954e-15
-0.6,-1.18,0.4956,5.872e-15
-0.58,-1.18,0.4953,8.35e-15
-0.56,-1.18,0.4951,1.188e-14
-0.54,-1.18,0.4948,1.514e-14
-0.52,-1.18,0.4946,1.918e-14
-0.5,-1.18,0.4943,2.429e-14
-0.48,-1.18,0.4941,3.077e-14
-0.46,-1.18,0.4939,3.898e-14
-0.44,-1.18,0.4936,4.938e-14
-0.42,-1.18,0.4934,6.255e-14
-0.4,-1.18,0.4931,7.923e-14
-0.38,-1.18,0.4929,1.004e-13
-0.36,-1.18,0.4926,1.271e-13
-0.34,-1.18,0.4924,1.61e-13
-0.32,-1.18,0.4921,2.04e-13
-0.3,-1.18,0.4919,2.584e-13
-0.28,-1.18,0.4916,3.273e-13
-0.26,-1.18,0.4914,4.146e-13
-0.24,-1.18,0.4911,5.252e-13
-0.22,-1.18,0.4909,6.653e-13
-0.2,-1.18,0.4906,8.427e-13
-0.18,-1.18,0.4904,1.067e-12
-0.16,-1.18,0.4901,1.352e-12
-0.14,-1.18,0.4899,1.713e-12
-0.12,-1.18,0.4896,2.17e-12
-0.1,-1.18,0.4894,2.748e-12
-0.08,-1.18,0.4891,3.481e-12
-0.06,-1.18,0.4889,4.41e-12
-0.04,-1.18,0.4886,5.586e-12
-0.02,-1.18,0.4884,7.076e-12
0,-1.18,0.4882,8.963e-12
0.02,-1.18,0.4879,1.135e-11
0.04,-1.18,0.4877,1.438e-11
0.06,-1.18,0.4874,1.822e-11
0.08,-1.18,0.4872,2.308e-11
0.1,-1.18,0.4869,2.923e-11
0.12,-1.18,0.4867,3.319e-11
0.14,-1.18,0.4864,3.279e-11
0.16,-1.18,0.4862,2.961e-11
0.18,-1.18,0.4859,2.674e-11
0.2,-1.18,0.4857,2.416e-11
0.22,-1.18,0.4854,2.182e-11
0.24,-1.18,0.4852,1.97e-11
0.26,-1.18,0.4849,1.78e-11
0.28,-1.18,0.4847,1.607e-11
0.3,-1.18,0.4844,1.274e-11
0.32,-1.18,0.4842,9.635e-12
0.34,-1.18,0.4839,7.285e-12
0.36,-1.18,0.4837,5.509e-12
0.38,-1.18,0.4834,4.052e-12
0.4,-1.18,0.4832,2.36e-12
0.42,-1.18,0.483,1.296e-12
0.44,-1.18,0.4827,7.112e-13
0.46,-1.18,0.4825,3.904e-13
0.48,-1.18,0.4822,2.143e-13
0.5,-1.18,0.482,1.176e-13
0.52,-1.18,0.4817,6.458e-14
0.54,-1.18,0.4815,3.545e-14
0.56,-1.18,0.4812,1.946e-14
0.58,-1.18,0.481,1.068e-14
0.6,-1.18,0.4807,5.864e-15
0.62,-1.18,0.4805,3.219e-15
0.64,-1.18,0.4802,1.767e-15
0.66,-1.18,0.48,9.699e-16
0.68,-1.18,0.4797,5.324e-16
0.7,-1.18,0.4795,2.923e-16
0.72,-1.18,0.4792,1.604e-16
0.74,-1.18,0.479,8.807e-17
0.76,-1.18,0.4787,4.834e-17
0.78,-1.18,0.4785,2.654e-17
0.8,-1.18,0.4783,1.457e-17
0.82,-1.18,0.478,7.997e-18
0.84,-1.18,0.4778,4.39e-18
0.86,-1.18,0.4775,2.41e-18
0.88,-1.18,0.4773,1.323e-18
0.9,-1.18,0.477,7.261e-19
0.92,-1.18,0.4768,3.986e-19
0.94,-1.18,0.4765,2.188e-19
0.96,-1.18,0.4763,1.201e-19
0.98,-1.18,0.476,6.593e-20
1,-1.18,0.4758,3.619e-20
1.02,-1.18,0.4755,1.987e-20
1.04,-1.18,0.4753,1.091e-20
1.06,-1.18,0.475,5.537e-21
1.08,-1.18,0.4748,2.792e-21
1.1,-1.18,0.4745,1.408e-21
1.12,-1.18,0.4743,7.099e-22
1.14,-1.18,0.474,3.579e-22
1.16,-1.18,0.4738,1.805e-22
1.18,-1.18,0.4736,9.101e-23
1.2,-1.18,0.4733,4.589e-23
1.22,-1.18,0.4731,2.314e-23
1.24,-1.18,0.4728,1.167e-23
1.26,-1.18,0.4726,5.883e-24
1.28,-1.18,0.4723,2.967e-24
1.3,-1.18,0.4721,1.496e-24
1.32,-1.18,0.4718,7.543e-25
1.34,-1.18,0.4716,3.803e-25
1.36,-1.18,0.4713,1.918e-25
1.38,-1.18,0.4711,9.67e-26
1.4,-1.18,0.4708,4.876e-26
1.42,-1.18,0.4706,2.459e-26
1.44,-1.18,0.4703,1.236e-26
1.46,-1.18,0.4701,5.861e-27
1.48,-1.18,0.4698,2.778e-27
1.5,-1.18,0.4696,1.317e-27
1.52,-1.18,0.4694,6.244e-28
1.54,-1.18,0.4691,2.96e-28
1.56,-1.18,0.4689,1.403e-28
1.58,-1.18,0.4686,6.654e-29
1.6,-1.18,0.4684,3.154e-29
-1.6,-1.16,0.5079,2.039e-26
-1.58,-1.16,0.5077,3.863e-26
-1.56,-1.16,0.5074,7.261e-26
-1.54,-1.16,0.5072,1.365e-25
-1.52,-1.16,0.5069,2.566e-25
-1.5,-1.16,0.5067,4.823e-25
-1.48,-1.16,0.5064,9.066e-25
-1.46,-1.16,0.5062,1.704e-24
-1.44,-1.16,0.5059,3.203e-24
-1.42,-1.16,0.5057,5.873e-24
-1.4,-1.16,0.5054,1.024e-23
-1.38,-1.16,0.5052,1.784e-23
-1.36,-1.16,0.5049,3.109e-23
-1.34,-1.16,0.5047,5.418e-23
-1.32,-1.16,0.5045,9.442e-23
-1.3,-1.16,0.5042,1.646e-22
-1.28,-1.16,0.504,2.868e-22
-1.26,-1.16,0.5037,4.998e-22
-1.24,-1.16,0.5035,8.711e-22
-1.22,-1.16,0.5032,1.518e-21
-1.2,-1.16,0.503,2.646e-21
-1.18,-1.16,0.5027,4.611e-21
-1.16,-1.16,0.5025,8.035e-21
-1.14,-1.16,0.5022,1.4e-20
-1.12,-1.16,0.502,2.441e-20
-1.1,-1.16,0.5017,4.253e-20
-1.08,-1.16,0.5015,7.413e-20
-1.06,-1.16,0.5012,1.292e-19
-1.04,-1.16,0.501,2.251e-19
-1.02,-1.16,0.5007,3.924e-19
-1,-1.16,0.5005,6.838e-19
-0.98,-1.16,0.5002,1.192e-18
-0.96,-1.16,0.5,2.077e-18
-0.94,-1.16,0.4997,3.62e-18
-0.92,-1.16,0.4995,6.308e-18
-0.9,-1.16,0.4992,1.099e-17
-0.88,-1.16,0.499,1.916e-17
-0.86,-1.16,0.4988,3.339e-17
-0.84,-1.16,0.4985,5.797e-17
-0.82,-1.16,0.4983,9.105e-17
-0.8,-1.16,0.498,1.43e-16
-0.78,-1.16,0.4978,2.246e-16
-0.76,-1.16,0.4975,3.527e-16
-0.74,-1.16,0.4973,5.54e-16
-0.72,-1.16,0.497,8.7e-16
-0.7,-1.16,0.4968,1.366e-15
-0.68,-1.16,0.4965,2.146e-15
-0.66,-1.16,0.4963,3.371e-15
-0.64,-1.16,0.496,5.294e-15
-0.62,-1.16,0.4958,8.314e-15
-0.6,-1.16,0.4955,1.278e-14
-0.58,-1.16,0.4953,1.817e-14
-0.56,-1.16,0.495,2.584e-14
-0.54,-1.16,0.4948,3.401e-14
-0.52,-1.16,0.4945,4.308e-14
-0.5,-1.16,0.4943,5.457e-14
-0.48,-1.16,0.494,6.913e-14
-0.46,-1.16,0.4938,8.756e-14
-0.44,-1.16,0.4935,1.109e-13
-0.42,-1.16,0.4933,1.405e-13
-0.4,-1.16,0.4931,1.78e-13
-0.38,-1.16,0.4928,2.254e-13
-0.36,-1.16,0.4926,2.856e-13
-0.34,-1.16,0.4923,3.617e-13
-0.32,-1.16,0.4921,4.582e-13
-0.3,-1.16,0.4918,5.804e-13
-0.28,-1.16,0.4916,7.352e-13
-0.26,-1.16,0.4913,9.313e-13
-0.24,-1.16,0.4911,1.18e-12
-0.22,-1.16,0.4908,1.494e-12
-0.2,-1.16,0.4906,1.893e-12
-0.18,-1.16,0.4903,2.398e-12
-0.16,-1.16,0.4901,3.037e-12
-0.14,-1.16,0.4898,3.848e-12
-0.12,-1.16,0.4896,4.874e-12
-0.1,-1.16,0.4893,6.174e-12
-0.08,-1.16,0.4891,7.82e-12
-0.06,-1.16,0.4888,9.906e-12
-0.04,-1.16,0.4886,1.255e-11
-0.02,-1.16,0.4883,1.589e-11
0,-1.16,0.4881,2.013e-11
0.02,-1.16,0.4878,2.55e-11
0.04,-1.16,0.4876,3.231e-11
0.06,-1.16,0.4874,4.129e-11
0.08,-1.16,0.4871,5.284e-11
0.1,-1.16,0.4869,6.762e-11
0.12,-1.16,0.4866,7.9e-11
0.14,-1.16,0.4864,7.924e-11
0.16,-1.16,0.4861,7.076e-11
0.18,-1.16,0.4859,6.319e-11
0.2,-1.16,0.4856,5.678e-11
0.22,-1.16,0.4854,5.128e-11
0.24,-1.16,0.4851,4.631e-11
0.26,-1.16,0.4849,4.183e-11
0.28,-1.16,0.4846,3.622e-11
0.3,-1.16,0.4844,2.739e-11
0.32,-1.16,0.4841,2.071e-11
0.34,-1.16,0.4839,1.566e-11
0.36,-1.16,0.4836,1.184e-11
0.38,-1.16,0.4834,7.999e-12
0.4,-1.16,0.4831,4.515e-12
0.42,-1.16,0.4829,2.479e-12
0.44,-1.16,0.4826,1.361e-12
0.46,-1.16,0.4824,7.469e-13
0.48,-1.16,0.4822,4.1e-13
0.5,-1.16,0.4819,2.251e-13
0.52,-1.16,0.4817,1.235e-13
0.54,-1.16,0.4814,6.782e-14
0.56,-1.16,0.4812,3.723e-14
0.58,-1.16,0.4809,2.044e-14
0.6,-1.16,0.4807,1.122e-14
0.62,-1.16,0.4804,6.158e-15
0.64,-1.16,0.4802,3.38e-15
0.66,-1.16,0.4799,1.856e-15
0.68,-1.16,0.4797,1.019e-15
0.7,-1.16,0.4794,5.591e-16
0.72,-1.16,0.4792,3.069e-16
0.74,-1.16,0.4789,1.685e-16
0.76,-1.16,0.4787,9.249e-17
0.78,-1.16,0.4784,5.077e-17
0.8,-1.16,0.4782,2.787e-17
0.82,-1.16,0.4779,1.53e-17
0.84,-1.16,0.4777,8.398e-18
0.86,-1.16,0.4775,4.61e-18
0.88,-1.16,0.4772,2.531e-18
0.9,-1.16,0.477,1.389e-18
0.92,-1.16,0.4767,7.625e-19
0.94,-1.16,0.4765,4.186e-19
0.96,-1.16,0.4762,2.298e-19
0.98,-1.16,0.476,1.261e-19
1,-1.16,0.4757,6.924e-20
1.02,-1.16,0.4755,3.801e-20
1.04,-1.16,0.4752,2.001e-20
1.06,-1.16,0.475,1.009e-20
1.08,-1.16,0.4747,5.087e-21
1.1,-1.16,0.4745,2.565e-21
1.12,-1.16,0.4742,1.293e-21
1.14,-1.16,0.474,6.522e-22
1.16,-1.16,0.4737,3.289e-22
1.18,-1.16,0.4735,1.658e-22
1.2,-1.16,0.4732,8.362e-23
1.22,-1.16,0.473,4.216e-23
1.24,-1.16,0.4728,2.126e-23
1.26,-1.16,0.4725,1.072e-23
1.28,-1.16,0.4723,5.406e-24
1.3,-1.16,0.472,2.726e-24
1.32,-1.16,0.4718,1.374e-24
1.34,-1.16,0.4715,6.93e-25
1.36,-1.16,0.4713,3.494e-25
1.38,-1.16,0.471,1.762e-25
1.4,-1.16,0.4708,8.885e-26
1.42,-1.16,0.4705,4.48e-26
1.44,-1.16,0.4703,2.124e-26
1.46,-1.16,0.47,1.007e-26
1.48,-1.16,0.4698,4.773e-27
1.5,-1.16,0.4695,2.263e-27
1.52,-1.16,0.4693,1.073e-27
1.54,-1.16,0.469,5.086e-28
1.56,-1.16,0.4688,2.411e-28
1.58,-1.16,0.4686,1.143e-28
1.6,-1.16,0.4683,5.419e-29
-1.6,-1.14,0.5079,3.3e-26
-1.58,-1.14,0.5076,6.493e-26
-1.56,-1.14,0.5074,1.228e-25
-1.54,-1.14,0.5071,2.308e-25
-1.52,-1.14,0.5069,4.339e-25
-1.5,-1.14,0.5066,8.156e-25
-1.48,-1.14,0.5064,1.533e-24
-1.46,-1.14,0.5061,2.882e-24
-1.44,-1.14,0.5059,5.417e-24
-1.42,-1.14,0.5056,1.018e-23
-1.4,-1.14,0.5054,1.914e-23
-1.38,-1.14,0.5051,3.391e-23
-1.36,-1.14,0.5049,5.91e-23
-1.34,-1.14,0.5046,1.03e-22
-1.32,-1.14,0.5044,1.795e-22
-1.3,-1.14,0.5041,3.128e-22
-1.28,-1.14,0.5039,5.452e-22
-1.26,-1.14,0.5036,9.501e-22
-1.24,-1.14,0.5034,1.656e-21
-1.22,-1.14,0.5032,2.886e-21
-1.2,-1.14,0.5029,5.029e-21
-1.18,-1.14,0.5027,8.764e-21
-1.16,-1.14,0.5024,1.527e-20
-1.14,-1.14,0.5022,2.662e-20
-1.12,-1.14,0.5019,4.639e-20
-1.1,-1.14,0.5017,8.085e-20
-1.08,-1.14,0.5014,1.409e-19
-1.06,-1.14,0.5012,2.456e-19
-1.04,-1.14,0.5009,4.28e-19
-1.02,-1.14,0.5007,7.458e-19
-1,-1.14,0.5004,1.3e-18
-0.98,-1.14,0.5002,2.265e-18
-0.96,-1.14,0.4999,3.948e-18
-0.94,-1.14,0.4997,6.88e-18
-0.92,-1.14,0.4994,1.199e-17
-0.9,-1.14,0.4992,2.09e-17
-0.88,-1.14,0.4989,3.642e-17
-0.86,-1.14,0.4987,6.347e-17
-0.84,-1.14,0.4984,1.106e-16
-0.82,-1.14,0.4982,1.914e-16
-0.8,-1.14,0.4979,3.007e-16
-0.78,-1.14,0.4977,4.722e-16
-0.76,-1.14,0.4975,7.417e-16
-0.74,-1.14,0.4972,1.165e-15
-0.72,-1.14,0.497,1.829e-15
-0.7,-1.14,0.4967,2.873e-15
-0.68,-1.14,0.4965,4.512e-15
-0.66,-1.14,0.4962,7.087e-15
-0.64,-1.14,0.496,1.113e-14
-0.62,-1.14,0.4957,1.748e-14
-0.6,-1.14,0.4955,2.746e-14
-0.58,-1.14,0.4952,3.955e-14
-0.56,-1.14,0.495,5.624e-14
-0.54,-1.14,0.4947,7.64e-14
-0.52,-1.14,0.4945,9.677e-14
-0.5,-1.14,0.4942,1.226e-13
-0.48,-1.14,0.494,1.553e-13
-0.46,-1.14,0.4937,1.967e-13
-0.44,-1.14,0.4935,2.491e-13
-0.42,-1.14,0.4932,3.156e-13
-0.4,-1.14,0.493,3.998e-13
-0.38,-1.14,0.4927,5.064e-13
-0.36,-1.14,0.4925,6.415e-13
-0.34,-1.14,0.4922,8.126e-13
-0.32,-1.14,0.492,1.029e-12
-0.3,-1.14,0.4918,1.304e-12
-0.28,-1.14,0.4915,1.652e-12
-0.26,-1.14,0.4913,2.092e-12
-0.24,-1.14,0.491,2.65e-12
-0.22,-1.14,0.4908,3.357e-12
-0.2,-1.14,0.4905,4.252e-12
-0.18,-1.14,0.4903,5.386e-12
-0.16,-1.14,0.49,6.823e-12
-0.14,-1.14,0.4898,8.642e-12
-0.12,-1.14,0.4895,1.095e-11
-0.1,-1.14,0.4893,1.387e-11
-0.08,-1.14,0.489,1.757e-11
-0.06,-1.14,0.4888,2.225e-11
-0.04,-1.14,0.4885,2.819e-11
-0.02,-1.14,0.4883,3.601e-11
0,-1.14,0.488,4.608e-11
0.02,-1.14,0.4878,5.897e-11
0.04,-1.14,0.4875,7.546e-11
0.06,-1.14,0.4873,9.656e-11
0.08,-1.14,0.487,1.236e-10
0.1,-1.14,0.4868,1.581e-10
0.12,-1.14,0.4866,1.897e-10
0.14,-1.14,0.4863,1.945e-10
0.16,-1.14,0.4861,1.737e-10
0.18,-1.14,0.4858,1.551e-10
0.2,-1.14,0.4856,1.385e-10
0.22,-1.14,0.4853,1.237e-10
0.24,-1.14,0.4851,1.104e-10
0.26,-1.14,0.4848,9.863e-11
0.28,-1.14,0.4846,7.787e-11
0.3,-1.14,0.4843,5.888e-11
0.32,-1.14,0.4841,4.453e-11
0.34,-1.14,0.4838,3.367e-11
0.36,-1.14,0.4836,2.431e-11
0.38,-1.14,0.4833,1.574e-11
0.4,-1.14,0.4831,8.638e-12
0.42,-1.14,0.4828,4.742e-12
0.44,-1.14,0.4826,2.603e-12
0.46,-1.14,0.4823,1.429e-12
0.48,-1.14,0.4821,7.844e-13
0.5,-1.14,0.4818,4.306e-13
0.52,-1.14,0.4816,2.364e-13
0.54,-1.14,0.4814,1.297e-13
0.56,-1.14,0.4811,7.122e-14
0.58,-1.14,0.4809,3.91e-14
0.6,-1.14,0.4806,2.146e-14
0.62,-1.14,0.4804,1.178e-14
0.64,-1.14,0.4801,6.467e-15
0.66,-1.14,0.4799,3.55e-15
0.68,-1.14,0.4796,1.949e-15
0.7,-1.14,0.4794,1.07e-15
0.72,-1.14,0.4791,5.872e-16
0.74,-1.14,0.4789,3.223e-16
0.76,-1.14,0.4786,1.769e-16
0.78,-1.14,0.4784,9.713e-17
0.8,-1.14,0.4781,5.332e-17
0.82,-1.14,0.4779,2.927e-17
0.84,-1.14,0.4776,1.607e-17
0.86,-1.14,0.4774,8.82e-18
0.88,-1.14,0.4771,4.841e-18
0.9,-1.14,0.4769,2.658e-18
0.92,-1.14,0.4767,1.459e-18
0.94,-1.14,0.4764,8.008e-19
0.96,-1.14,0.4762,4.396e-19
0.98,-1.14,0.4759,2.413e-19
1,-1.14,0.4757,1.325e-19
1.02,-1.14,0.4754,7.23e-20
1.04,-1.14,0.4752,3.646e-20
1.06,-1.14,0.4749,1.838e-20
1.08,-1.14,0.4747,9.269e-21
1.1,-1.14,0.4744,4.674e-21
1.12,-1.14,0.4742,2.357e-21
1.14,-1.14,0.4739,1.188e-21
1.16,-1.14,0.4737,5.992e-22
1.18,-1.14,0.4734,3.022e-22
1.2,-1.14,0.4732,1.524e-22
1.22,-1.14,0.4729,7.683e-23
1.24,-1.14,0.4727,3.874e-23
1.26,-1.14,0.4724,1.953e-23
1.28,-1.14,0.4722,9.849e-24
1.3,-1.14,0.472,4.966e-24
1.32,-1.14,0.4717,2.504e-24
1.34,-1.14,0.4715,1.263e-24
1.36,-1.14,0.4712,6.367e-25
1.38,-1.14,0.471,3.211e-25
1.4,-1.14,0.4707,1.619e-25
1.42,-1.14,0.4705,7.696e-26
1.44,-1.14,0.4702,3.649e-26
1.46,-1.14,0.47,1.73e-26
1.48,-1.14,0.4697,8.201e-27
1.5,-1.14,0.4695,3.888e-27
1.52,-1.14,0.4692,1.843e-27
1.54,-1.14,0.469,8.738e-28
1.56,-1.14,0.4687,4.142e-28
1.58,-1.14,0.4685,1.964e-28
1.6,-1.14,0.4683,9.31e-29
-1.6,-1.12,0.5078,5.34e-26
-1.58,-1.12,0.5076,1.051e-25
-1.56,-1.12,0.5073,2.068e-25
-1.54,-1.12,0.5071,3.904e-25
-1.52,-1.12,0.5068,7.338e-25
-1.5,-1.12,0.5066,1.379e-24
-1.48,-1.12,0.5063,2.593e-24
-1.46,-1.12,0.5061,4.874e-24
-1.44,-1.12,0.5058,9.162e-24
-1.42,-1.12,0.5056,1.722e-23
-1.4,-1.12,0.5053,3.237e-23
-1.38,-1.12,0.5051,6.085e-23
-1.36,-1.12,0.5048,1.123e-22
-1.34,-1.12,0.5046,1.958e-22
-1.32,-1.12,0.5043,3.412e-22
-1.3,-1.12,0.5041,5.946e-22
-1.28,-1.12,0.5038,1.036e-21
-1.26,-1.12,0.5036,1.806e-21
-1.24,-1.12,0.5033,3.147e-21
-1.22,-1.12,0.5031,5.485e-21
-1.2,-1.12,0.5028,9.56e-21
-1.18,-1.12,0.5026,1.666e-20
-1.16,-1.12,0.5024,2.903e-20
-1.14,-1.12,0.5021,5.06e-20
-1.12,-1.12,0.5019,8.819e-20
-1.1,-1.12,0.5016,1.537e-19
-1.08,-1.12,0.5014,2.678e-19
-1.06,-1.12,0.5011,4.668e-19
-1.04,-1.12,0.5009,8.135e-19
-1.02,-1.12,0.5006,1.418e-18
-1,-1.12,0.5004,2.471e-18
-0.98,-1.12,0.5001,4.306e-18
-0.96,-1.12,0.4999,7.504e-18
-0.94,-1.12,0.4996,1.308e-17
-0.92,-1.12,0.4994,2.279e-17
-0.9,-1.12,0.4991,3.972e-17
-0.88,-1.12,0.4989,6.923e-17
-0.86,-1.12,0.4986,1.206e-16
-0.84,-1.12,0.4984,2.103e-16
-0.82,-1.12,0.4981,3.664e-16
-0.8,-1.12,0.4979,6.322e-16
-0.78,-1.12,0.4976,9.929e-16
-0.76,-1.12,0.4974,1.559e-15
-0.74,-1.12,0.4971,2.449e-15
-0.72,-1.12,0.4969,3.847e-15
-0.7,-1.12,0.4967,6.041e-15
-0.68,-1.12,0.4964,9.488e-15
-0.66,-1.12,0.4962,1.49e-14
-0.64,-1.12,0.4959,2.34e-14
-0.62,-1.12,0.4957,3.676e-14
-0.6,-1.12,0.4954,5.773e-14
-0.58,-1.12,0.4952,8.606e-14
-0.56,-1.12,0.4949,1.224e-13
-0.54,-1.12,0.4947,1.716e-13
-0.52,-1.12,0.4944,2.174e-13
-0.5,-1.12,0.4942,2.753e-13
-0.48,-1.12,0.4939,3.488e-13
-0.46,-1.12,0.4937,4.418e-13
-0.44,-1.12,0.4934,5.596e-13
-0.42,-1.12,0.4932,7.089e-13
-0.4,-1.12,0.4929,8.98e-13
-0.38,-1.12,0.4927,1.137e-12
-0.36,-1.12,0.4924,1.441e-12
-0.34,-1.12,0.4922,1.825e-12
-0.32,-1.12,0.4919,2.312e-12
-0.3,-1.12,0.4917,2.929e-12
-0.28,-1.12,0.4914,3.71e-12
-0.26,-1.12,0.4912,4.699e-12
-0.24,-1.12,0.491,5.953e-12
-0.22,-1.12,0.4907,7.54e-12
-0.2,-1.12,0.4905,9.551e-12
-0.18,-1.12,0.4902,1.21e-11
-0.16,-1.12,0.49,1.533e-11
-0.14,-1.12,0.4897,1.941e-11
-0.12,-1.12,0.4895,2.459e-11
-0.1,-1.12,0.4892,3.14e-11
-0.08,-1.12,0.489,4.018e-11
-0.06,-1.12,0.4887,5.142e-11
-0.04,-1.12,0.4885,6.58e-11
-0.02,-1.12,0.4882,8.42e-11
0,-1.12,0.488,1.078e-10
0.02,-1.12,0.4877,1.379e-10
0.04,-1.12,0.4875,1.765e-10
0.06,-1.12,0.4872,2.258e-10
0.08,-1.12,0.487,2.89e-10
0.1,-1.12,0.4867,3.698e-10
0.12,-1.12,0.4865,4.554e-10
0.14,-1.12,0.4862,4.773e-10
0.16,-1.12,0.486,4.263e-10
0.18,-1.12,0.4858,3.806e-10
0.2,-1.12,0.4855,3.399e-10
0.22,-1.12,0.4853,3.035e-10
0.24,-1.12,0.485,2.711e-10
0.26,-1.12,0.4848,2.316e-10
0.28,-1.12,0.4845,1.722e-10
0.3,-1.12,0.4843,1.28e-10
0.32,-1.12,0.484,9.572e-11
0.34,-1.12,0.4838,7.238e-11
0.36,-1.12,0.4835,4.799e-11
0.38,-1.12,0.4833,3.011e-11
0.4,-1.12,0.483,1.653e-11
0.42,-1.12,0.4828,9.072e-12
0.44,-1.12,0.4825,4.98e-12
0.46,-1.12,0.4823,2.734e-12
0.48,-1.12,0.482,1.501e-12
0.5,-1.12,0.4818,8.237e-13
0.52,-1.12,0.4815,4.522e-13
0.54,-1.12,0.4813,2.482e-13
0.56,-1.12,0.481,1.363e-13
0.58,-1.12,0.4808,7.48e-14
0.6,-1.12,0.4806,4.106e-14
0.62,-1.12,0.4803,2.254e-14
0.64,-1.12,0.4801,1.237e-14
0.66,-1.12,0.4798,6.791e-15
0.68,-1.12,0.4796,3.728e-15
0.7,-1.12,0.4793,2.046e-15
0.72,-1.12,0.4791,1.123e-15
0.74,-1.12,0.4788,6.167e-16
0.76,-1.12,0.4786,3.385e-16
0.78,-1.12,0.4783,1.858e-16
0.8,-1.12,0.4781,1.02e-16
0.82,-1.12,0.4778,5.599e-17
0.84,-1.12,0.4776,3.074e-17
0.86,-1.12,0.4773,1.687e-17
0.88,-1.12,0.4771,9.262e-18
0.9,-1.12,0.4768,5.084e-18
0.92,-1.12,0.4766,2.791e-18
0.94,-1.12,0.4763,1.532e-18
0.96,-1.12,0.4761,8.41e-19
0.98,-1.12,0.4759,4.617e-19
1,-1.12,0.4756,2.534e-19
1.02,-1.12,0.4754,1.317e-19
1.04,-1.12,0.4751,6.643e-20
1.06,-1.12,0.4749,3.35e-20
1.08,-1.12,0.4746,1.689e-20
1.1,-1.12,0.4744,8.517e-21
1.12,-1.12,0.4741,4.294e-21
1.14,-1.12,0.4739,2.165e-21
1.16,-1.12,0.4736,1.092e-21
1.18,-1.12,0.4734,5.506e-22
1.2,-1.12,0.4731,2.776e-22
1.22,-1.12,0.4729,1.4e-22
1.24,-1.12,0.4726,7.059e-23
1.26,-1.12,0.4724,3.559e-23
1.28,-1.12,0.4721,1.795e-23
1.3,-1.12,0.4719,9.049e-24
1.32,-1.12,0.4717,4.563e-24
1.34,-1.12,0.4714,2.301e-24
1.36,-1.12,0.4712,1.16e-24
1.38,-1.12,0.4709,5.85e-25
1.4,-1.12,0.4707,2.789e-25
1.42,-1.12,0.4704,1.322e-25
1.44,-1.12,0.4702,6.269e-26
1.46,-1.12,0.4699,2.972e-26
1.48,-1.12,0.4697,1.409e-26
1.5,-1.12,0.4694,6.679e-27
1.52,-1.12,0.4692,3.166e-27
1.54,-1.12,0.4689,1.501e-27
1.56,-1.12,0.4687,7.117e-28
1.58,-1.12,0.4684,3.374e-28
1.6,-1.12,0.4682,1.579e-28
-1.6,-1.1,0.5077,8.643e-26
-1.58,-1.1,0.5075,1.701e-25
-1.56,-1.1,0.5073,3.347e-25
-1.54,-1.1,0.507,6.586e-25
-1.52,-1.1,0.5068,1.241e-24
-1.5,-1.1,0.5065,2.333e-24
-1.48,-1.1,0.5063,4.385e-24
-1.46,-1.1,0.506,8.243e-24
-1.44,-1.1,0.5058,1.549e-23
-1.42,-1.1,0.5055,2.913e-23
-1.4,-1.1,0.5053,5.475e-23
-1.38,-1.1,0.505,1.029e-22
-1.36,-1.1,0.5048,1.935e-22
-1.34,-1.1,0.5045,3.637e-22
-1.32,-1.1,0.5043,6.486e-22
-1.3,-1.1,0.504,1.13e-21
-1.28,-1.1,0.5038,1.97e-21
-1.26,-1.1,0.5035,3.433e-21
-1.24,-1.1,0.5033,5.983e-21
-1.22,-1.1,0.503,1.043e-20
-1.2,-1.1,0.5028,1.817e-20
-1.18,-1.1,0.5025,3.167e-20
-1.16,-1.1,0.5023,5.519e-20
-1.14,-1.1,0.502,9.619e-20
-1.12,-1.1,0.5018,1.676e-19
-1.1,-1.1,0.5016,2.921e-19
-1.08,-1.1,0.5013,5.091e-19
-1.06,-1.1,0.5011,8.873e-19
-1.04,-1.1,0.5008,1.546e-18
-1.02,-1.1,0.5006,2.695e-18
-1,-1.1,0.5003,4.697e-18
-0.98,-1.1,0.5001,8.185e-18
-0.96,-1.1,0.4998,1.427e-17
-0.94,-1.1,0.4996,2.486e-17
-0.92,-1.1,0.4993,4.333e-17
-0.9,-1.1,0.4991,7.551e-17
-0.88,-1.1,0.4988,1.316e-16
-0.86,-1.1,0.4986,2.293e-16
-0.84,-1.1,0.4983,3.997e-16
-0.82,-1.1,0.4981,6.966e-16
-0.8,-1.1,0.4978,1.214e-15
-0.78,-1.1,0.4976,2.088e-15
-0.76,-1.1,0.4973,3.279e-15
-0.74,-1.1,0.4971,5.15e-15
-0.72,-1.1,0.4968,8.088e-15
-0.7,-1.1,0.4966,1.27e-14
-0.68,-1.1,0.4963,1.995e-14
-0.66,-1.1,0.4961,3.133e-14
-0.64,-1.1,0.4959,4.921e-14
-0.62,-1.1,0.4956,7.729e-14
-0.6,-1.1,0.4954,1.214e-13
-0.58,-1.1,0.4951,1.873e-13
-0.56,-1.1,0.4949,2.663e-13
-0.54,-1.1,0.4946,3.788e-13
-0.52,-1.1,0.4944,4.883e-13
-0.5,-1.1,0.4941,6.185e-13
-0.48,-1.1,0.4939,7.835e-13
-0.46,-1.1,0.4936,9.924e-13
-0.44,-1.1,0.4934,1.257e-12
-0.42,-1.1,0.4931,1.592e-12
-0.4,-1.1,0.4929,2.017e-12
-0.38,-1.1,0.4926,2.555e-12
-0.36,-1.1,0.4924,3.237e-12
-0.34,-1.1,0.4921,4.1e-12
-0.32,-1.1,0.4919,5.193e-12
-0.3,-1.1,0.4916,6.578e-12
-0.28,-1.1,0.4914,8.333e-12
-0.26,-1.1,0.4911,1.056e-11
-0.24,-1.1,0.4909,1.337e-11
-0.22,-1.1,0.4906,1.694e-11
-0.2,-1.1,0.4904,2.145e-11
-0.18,-1.1,0.4902,2.738e-11
-0.16,-1.1,0.4899,3.504e-11
-0.14,-1.1,0.4897,4.484e-11
-0.12,-1.1,0.4894,5.738e-11
-0.1,-1.1,0.4892,7.343e-11
-0.08,-1.1,0.4889,9.396e-11
-0.06,-1.1,0.4887,1.202e-10
-0.04,-1.1,0.4884,1.539e-10
-0.02,-1.1,0.4882,1.969e-10
0,-1.1,0.4879,2.52e-10
0.02,-1.1,0.4877,3.225e-10
0.04,-1.1,0.4874,4.127e-10
0.06,-1.1,0.4872,5.281e-10
0.08,-1.1,0.4869,6.758e-10
0.1,-1.1,0.4867,8.677e-10
0.12,-1.1,0.4864,1.125e-09
0.14,-1.1,0.4862,1.213e-09
0.16,-1.1,0.4859,1.094e-09
0.18,-1.1,0.4857,9.782e-10
0.2,-1.1,0.4854,8.744e-10
0.22,-1.1,0.4852,7.816e-10
0.24,-1.1,0.485,6.987e-10
0.26,-1.1,0.4847,5.372e-10
0.28,-1.1,0.4845,3.921e-10
0.3,-1.1,0.4842,2.865e-10
0.32,-1.1,0.484,2.13e-10
0.34,-1.1,0.4837,1.48e-10
0.36,-1.1,0.4835,9.473e-11
0.38,-1.1,0.4832,5.76e-11
0.4,-1.1,0.483,3.162e-11
0.42,-1.1,0.4827,1.736e-11
0.44,-1.1,0.4825,9.527e-12
0.46,-1.1,0.4822,5.23e-12
0.48,-1.1,0.482,2.871e-12
0.5,-1.1,0.4817,1.576e-12
0.52,-1.1,0.4815,8.651e-13
0.54,-1.1,0.4812,4.749e-13
0.56,-1.1,0.481,2.607e-13
0.58,-1.1,0.4807,1.431e-13
0.6,-1.1,0.4805,7.855e-14
0.62,-1.1,0.4802,4.312e-14
0.64,-1.1,0.48,2.367e-14
0.66,-1.1,0.4798,1.299e-14
0.68,-1.1,0.4795,7.132e-15
0.7,-1.1,0.4793,3.915e-15
0.72,-1.1,0.479,2.149e-15
0.74,-1.1,0.4788,1.18e-15
0.76,-1.1,0.4785,6.476e-16
0.78,-1.1,0.4783,3.555e-16
0.8,-1.1,0.478,1.951e-16
0.82,-1.1,0.4778,1.071e-16
0.84,-1.1,0.4775,5.88e-17
0.86,-1.1,0.4773,3.228e-17
0.88,-1.1,0.477,1.772e-17
0.9,-1.1,0.4768,9.727e-18
0.92,-1.1,0.4765,5.34e-18
0.94,-1.1,0.4763,2.931e-18
0.96,-1.1,0.476,1.609e-18
0.98,-1.1,0.4758,8.832e-19
1,-1.1,0.4755,4.761e-19
1.02,-1.1,0.4753,2.4e-19
1.04,-1.1,0.4751,1.21e-19
1.06,-1.1,0.4748,6.103e-20
1.08,-1.1,0.4746,3.078e-20
1.1,-1.1,0.4743,1.552e-20
1.12,-1.1,0.4741,7.825e-21
1.14,-1.1,0.4738,3.946e-21
1.16,-1.1,0.4736,1.989e-21
1.18,-1.1,0.4733,1.003e-21
1.2,-1.1,0.4731,5.058e-22
1.22,-1.1,0.4728,2.551e-22
1.24,-1.1,0.4726,1.286e-22
1.26,-1.1,0.4723,6.485e-23
1.28,-1.1,0.4721,3.27e-23
1.3,-1.1,0.4718,1.649e-23
1.32,-1.1,0.4716,8.314e-24
1.34,-1.1,0.4713,4.192e-24
1.36,-1.1,0.4711,2.114e-24
1.38,-1.1,0.4709,1.011e-24
1.4,-1.1,0.4706,4.792e-25
1.42,-1.1,0.4704,2.272e-25
1.44,-1.1,0.4701,1.077e-25
1.46,-1.1,0.4699,5.106e-26
1.48,-1.1,0.4696,2.42e-26
1.5,-1.1,0.4694,1.147e-26
1.52,-1.1,0.4691,5.44e-27
1.54,-1.1,0.4689,2.579e-27
1.56,-1.1,0.4686,1.223e-27
1.58,-1.1,0.4684,5.699e-28
1.6,-1.1,0.4681,2.555e-28
-1.6,-1.08,0.5077,1.399e-25
-1.58,-1.08,0.5074,2.753e-25
-1.56,-1.08,0.5072,5.416e-25
-1.54,-1.08,0.5069,1.066e-24
-1.52,-1.08,0.5067,2.097e-24
-1.5,-1.08,0.5064,3.945e-24
-1.48,-1.08,0.5062,7.416e-24
-1.46,-1.08,0.506,1.394e-23
-1.44,-1.08,0.5057,2.62e-23
-1.42,-1.08,0.5055,4.926e-23
-1.4,-1.08,0.5052,9.259e-23
-1.38,-1.08,0.505,1.741e-22
-1.36,-1.08,0.5047,3.272e-22
-1.34,-1.08,0.5045,6.15e-22
-1.32,-1.08,0.5042,1.156e-21
-1.3,-1.08,0.504,2.149e-21
-1.28,-1.08,0.5037,3.744e-21
-1.26,-1.08,0.5035,6.526e-21
-1.24,-1.08,0.5032,1.137e-20
-1.22,-1.08,0.503,1.982e-20
-1.2,-1.08,0.5027,3.454e-20
-1.18,-1.08,0.5025,6.02e-20
-1.16,-1.08,0.5022,1.049e-19
-1.14,-1.08,0.502,1.828e-19
-1.12,-1.08,0.5017,3.186e-19
-1.1,-1.08,0.5015,5.553e-19
-1.08,-1.08,0.5012,9.678e-19
-1.06,-1.08,0.501,1.687e-18
-1.04,-1.08,0.5007,2.939e-18
-1.02,-1.08,0.5005,5.123e-18
-1,-1.08,0.5003,8.928e-18
-0.98,-1.08,0.5,1.556e-17
-0.96,-1.08,0.4998,2.712e-17
-0.94,-1.08,0.4995,4.726e-17
-0.92,-1.08,0.4993,8.236e-17
-0.9,-1.08,0.499,1.435e-16
-0.88,-1.08,0.4988,2.501e-16
-0.86,-1.08,0.4985,4.359e-16
-0.84,-1.08,0.4983,7.598e-16
-0.82,-1.08,0.498,1.324e-15
-0.8,-1.08,0.4978,2.308e-15
-0.78,-1.08,0.4975,4.022e-15
-0.76,-1.08,0.4973,6.894e-15
-0.74,-1.08,0.497,1.083e-14
-0.72,-1.08,0.4968,1.701e-14
-0.7,-1.08,0.4965,2.671e-14
-0.68,-1.08,0.4963,4.195e-14
-0.66,-1.08,0.496,6.588e-14
-0.64,-1.08,0.4958,1.035e-13
-0.62,-1.08,0.4955,1.625e-13
-0.6,-1.08,0.4953,2.552e-13
-0.58,-1.08,0.495,4.008e-13
-0.56,-1.08,0.4948,5.796e-13
-0.54,-1.08,0.4946,8.243e-13
-0.52,-1.08,0.4943,1.097e-12
-0.5,-1.08,0.4941,1.389e-12
-0.48,-1.08,0.4938,1.76e-12
-0.46,-1.08,0.4936,2.229e-12
-0.44,-1.08,0.4933,2.824e-12
-0.42,-1.08,0.4931,3.577e-12
-0.4,-1.08,0.4928,4.531e-12
-0.38,-1.08,0.4926,5.739e-12
-0.36,-1.08,0.4923,7.27e-12
-0.34,-1.08,0.4921,9.209e-12
-0.32,-1.08,0.4918,1.167e-11
-0.3,-1.08,0.4916,1.478e-11
-0.28,-1.08,0.4913,1.872e-11
-0.26,-1.08,0.4911,2.387e-11
-0.24,-1.08,0.4908,3.055e-11
-0.22,-1.08,0.4906,3.91e-11
-0.2,-1.08,0.4903,5.003e-11
-0.18,-1.08,0.4901,6.403e-11
-0.16,-1.08,0.4898,8.194e-11
-0.14,-1.08,0.4896,1.049e-10
-0.12,-1.08,0.4894,1.342e-10
-0.1,-1.08,0.4891,1.717e-10
-0.08,-1.08,0.4889,2.197e-10
-0.06,-1.08,0.4886,2.812e-10
-0.04,-1.08,0.4884,3.599e-10
-0.02,-1.08,0.4881,4.605e-10
0,-1.08,0.4879,5.893e-10
0.02,-1.08,0.4876,7.542e-10
0.04,-1.08,0.4874,9.651e-10
0.06,-1.08,0.4871,1.241e-09
0.08,-1.08,0.4869,1.631e-09
0.1,-1.08,0.4866,2.143e-09
0.12,-1.08,0.4864,2.868e-09
0.14,-1.08,0.4861,3.18e-09
0.16,-1.08,0.4859,2.936e-09
0.18,-1.08,0.4856,2.616e-09
0.2,-1.08,0.4854,2.336e-09
0.22,-1.08,0.4851,2.087e-09
0.24,-1.08,0.4849,1.761e-09
0.26,-1.08,0.4846,1.262e-09
0.28,-1.08,0.4844,9.21e-10
0.3,-1.08,0.4841,6.723e-10
0.32,-1.08,0.4839,4.908e-10
0.34,-1.08,0.4837,3.036e-10
0.36,-1.08,0.4834,1.921e-10
0.38,-1.08,0.4832,1.102e-10
0.4,-1.08,0.4829,6.049e-11
0.42,-1.08,0.4827,3.32e-11
0.44,-1.08,0.4824,1.823e-11
0.46,-1.08,0.4822,1.001e-11
0.48,-1.08,0.4819,5.492e-12
0.5,-1.08,0.4817,3.015e-12
0.52,-1.08,0.4814,1.655e-12
0.54,-1.08,0.4812,9.085e-13
0.56,-1.08,0.4809,4.987e-13
0.58,-1.08,0.4807,2.738e-13
0.6,-1.08,0.4804,1.503e-13
0.62,-1.08,0.4802,8.249e-14
0.64,-1.08,0.4799,4.528e-14
0.66,-1.08,0.4797,2.486e-14
0.68,-1.08,0.4794,1.365e-14
0.7,-1.08,0.4792,7.49e-15
0.72,-1.08,0.479,4.112e-15
0.74,-1.08,0.4787,2.257e-15
0.76,-1.08,0.4785,1.239e-15
0.78,-1.08,0.4782,6.801e-16
0.8,-1.08,0.478,3.733e-16
0.82,-1.08,0.4777,2.049e-16
0.84,-1.08,0.4775,1.125e-16
0.86,-1.08,0.4772,6.176e-17
0.88,-1.08,0.477,3.39e-17
0.9,-1.08,0.4767,1.861e-17
0.92,-1.08,0.4765,1.022e-17
0.94,-1.08,0.4762,5.608e-18
0.96,-1.08,0.476,3.078e-18
0.98,-1.08,0.4757,1.69e-18
1,-1.08,0.4755,8.674e-19
1.02,-1.08,0.4752,4.374e-19
1.04,-1.08,0.475,2.205e-19
1.06,-1.08,0.4747,1.112e-19
1.08,-1.08,0.4745,5.608e-20
1.1,-1.08,0.4743,2.828e-20
1.12,-1.08,0.474,1.426e-20
1.14,-1.08,0.4738,7.189e-21
1.16,-1.08,0.4735,3.625e-21
1.18,-1.08,0.4733,1.828e-21
1.2,-1.08,0.473,9.217e-22
1.22,-1.08,0.4728,4.648e-22
1.24,-1.08,0.4725,2.343e-22
1.26,-1.08,0.4723,1.182e-22
1.28,-1.08,0.472,5.958e-23
1.3,-1.08,0.4718,3.004e-23
1.32,-1.08,0.4715,1.515e-23
1.34,-1.08,0.4713,7.639e-24
1.36,-1.08,0.471,3.663e-24
1.38,-1.08,0.4708,1.736e-24
1.4,-1.08,0.4705,8.232e-25
1.42,-1.08,0.4703,3.903e-25
1.44,-1.08,0.4701,1.85e-25
1.46,-1.08,0.4698,8.771e-26
1.48,-1.08,0.4696,4.158e-26
1.5,-1.08,0.4693,1.971e-26
1.52,-1.08,0.4691,9.346e-27
1.54,-1.08,0.4688,4.431e-27
1.56,-1.08,0.4686,2.056e-27
1.58,-1.08,0.4683,9.219e-28
1.6,-1.08,0.4681,4.134e-28
-1.6,-1.06,0.5076,2.264e-25
-1.58,-1.06,0.5074,4.455e-25
-1.56,-1.06,0.5071,8.766e-25
-1.54,-1.06,0.5069,1.725e-24
-1.52,-1.06,0.5066,3.394e-24
-1.5,-1.06,0.5064,6.672e-24
-1.48,-1.06,0.5061,1.254e-23
-1.46,-1.06,0.5059,2.357e-23
-1.44,-1.06,0.5056,4.432e-23
-1.42,-1.06,0.5054,8.33e-23
-1.4,-1.06,0.5052,1.566e-22
-1.38,-1.06,0.5049,2.943e-22
-1.36,-1.06,0.5047,5.533e-22
-1.34,-1.06,0.5044,1.04e-21
-1.32,-1.06,0.5042,1.955e-21
-1.3,-1.06,0.5039,3.675e-21
-1.28,-1.06,0.5037,6.909e-21
-1.26,-1.06,0.5034,1.24e-20
-1.24,-1.06,0.5032,2.162e-20
-1.22,-1.06,0.5029,3.768e-20
-1.2,-1.06,0.5027,6.566e-20
-1.18,-1.06,0.5024,1.144e-19
-1.16,-1.06,0.5022,1.994e-19
-1.14,-1.06,0.5019,3.476e-19
-1.12,-1.06,0.5017,6.057e-19
-1.1,-1.06,0.5014,1.056e-18
-1.08,-1.06,0.5012,1.84e-18
-1.06,-1.06,0.5009,3.206e-18
-1.04,-1.06,0.5007,5.588e-18
-1.02,-1.06,0.5004,9.738e-18
-1,-1.06,0.5002,1.697e-17
-0.98,-1.06,0.4999,2.958e-17
-0.96,-1.06,0.4997,5.155e-17
-0.94,-1.06,0.4995,8.983e-17
-0.92,-1.06,0.4992,1.566e-16
-0.9,-1.06,0.499,2.728e-16
-0.88,-1.06,0.4987,4.755e-16
-0.86,-1.06,0.4985,8.287e-16
-0.84,-1.06,0.4982,1.444e-15
-0.82,-1.06,0.498,2.517e-15
-0.8,-1.06,0.4977,4.386e-15
-0.78,-1.06,0.4975,7.645e-15
-0.76,-1.06,0.4972,1.332e-14
-0.74,-1.06,0.497,2.277e-14
-0.72,-1.06,0.4967,3.576e-14
-0.7,-1.06,0.4965,5.616e-14
-0.68,-1.06,0.4962,8.82e-14
-0.66,-1.06,0.496,1.385e-13
-0.64,-1.06,0.4957,2.176e-13
-0.62,-1.06,0.4955,3.417e-13
-0.6,-1.06,0.4952,5.366e-13
-0.58,-1.06,0.495,8.428e-13
-0.56,-1.06,0.4947,1.261e-12
-0.54,-1.06,0.4945,1.794e-12
-0.52,-1.06,0.4942,2.464e-12
-0.5,-1.06,0.494,3.121e-12
-0.48,-1.06,0.4938,3.953e-12
-0.46,-1.06,0.4935,5.007e-12
-0.44,-1.06,0.4933,6.343e-12
-0.42,-1.06,0.493,8.035e-12
-0.4,-1.06,0.4928,1.018e-11
-0.38,-1.06,0.4925,1.289e-11
-0.36,-1.06,0.4923,1.633e-11
-0.34,-1.06,0.492,2.082e-11
-0.32,-1.06,0.4918,2.664e-11
-0.3,-1.06,0.4915,3.409e-11
-0.28,-1.06,0.4913,4.363e-11
-0.26,-1.06,0.491,5.583e-11
-0.24,-1.06,0.4908,7.145e-11
-0.22,-1.06,0.4905,9.143e-11
-0.2,-1.06,0.4903,1.17e-10
-0.18,-1.06,0.49,1.497e-10
-0.16,-1.06,0.4898,1.916e-10
-0.14,-1.06,0.4895,2.452e-10
-0.12,-1.06,0.4893,3.138e-10
-0.1,-1.06,0.489,4.016e-10
-0.08,-1.06,0.4888,5.139e-10
-0.06,-1.06,0.4885,6.576e-10
-0.04,-1.06,0.4883,8.416e-10
-0.02,-1.06,0.4881,1.077e-09
0,-1.06,0.4878,1.378e-09
0.02,-1.06,0.4876,1.775e-09
0.04,-1.06,0.4873,2.333e-09
0.06,-1.06,0.4871,3.065e-09
0.08,-1.06,0.4868,4.114e-09
0.1,-1.06,0.4866,5.528e-09
0.12,-1.06,0.4863,7.621e-09
0.14,-1.06,0.4861,8.898e-09
0.16,-1.06,0.4858,8.455e-09
0.18,-1.06,0.4856,7.512e-09
0.2,-1.06,0.4853,6.678e-09
0.22,-1.06,0.4851,5.967e-09
0.24,-1.06,0.4848,4.477e-09
0.26,-1.06,0.4846,3.169e-09
0.28,-1.06,0.4843,2.243e-09
0.3,-1.06,0.4841,1.596e-09
0.32,-1.06,0.4838,1.051e-09
0.34,-1.06,0.4836,6.489e-10
0.36,-1.06,0.4833,4.005e-10
0.38,-1.06,0.4831,2.179e-10
0.4,-1.06,0.4829,1.158e-10
0.42,-1.06,0.4826,6.352e-11
0.44,-1.06,0.4824,3.487e-11
0.46,-1.06,0.4821,1.914e-11
0.48,-1.06,0.4819,1.051e-11
0.5,-1.06,0.4816,5.768e-12
0.52,-1.06,0.4814,3.166e-12
0.54,-1.06,0.4811,1.738e-12
0.56,-1.06,0.4809,9.541e-13
0.58,-1.06,0.4806,5.237e-13
0.6,-1.06,0.4804,2.875e-13
0.62,-1.06,0.4801,1.578e-13
0.64,-1.06,0.4799,8.663e-14
0.66,-1.06,0.4796,4.756e-14
0.68,-1.06,0.4794,2.61e-14
0.7,-1.06,0.4791,1.433e-14
0.72,-1.06,0.4789,7.866e-15
0.74,-1.06,0.4786,4.318e-15
0.76,-1.06,0.4784,2.37e-15
0.78,-1.06,0.4782,1.301e-15
0.8,-1.06,0.4779,7.143e-16
0.82,-1.06,0.4777,3.921e-16
0.84,-1.06,0.4774,2.152e-16
0.86,-1.06,0.4772,1.181e-16
0.88,-1.06,0.4769,6.486e-17
0.9,-1.06,0.4767,3.56e-17
0.92,-1.06,0.4764,1.954e-17
0.94,-1.06,0.4762,1.073e-17
0.96,-1.06,0.4759,5.889e-18
0.98,-1.06,0.4757,3.134e-18
1,-1.06,0.4754,1.581e-18
1.02,-1.06,0.4752,7.97e-19
1.04,-1.06,0.4749,4.019e-19
1.06,-1.06,0.4747,2.026e-19
1.08,-1.06,0.4744,1.022e-19
1.1,-1.06,0.4742,5.152e-20
1.12,-1.06,0.4739,2.598e-20
1.14,-1.06,0.4737,1.31e-20
1.16,-1.06,0.4735,6.605e-21
1.18,-1.06,0.4732,3.331e-21
1.2,-1.06,0.473,1.679e-21
1.22,-1.06,0.4727,8.468e-22
1.24,-1.06,0.4725,4.27e-22
1.26,-1.06,0.4722,2.153e-22
1.28,-1.06,0.472,1.086e-22
1.3,-1.06,0.4717,5.474e-23
1.32,-1.06,0.4715,2.76e-23
1.34,-1.06,0.4712,1.327e-23
1.36,-1.06,0.471,6.293e-24
1.38,-1.06,0.4707,2.983e-24
1.4,-1.06,0.4705,1.414e-24
1.42,-1.06,0.4702,6.705e-25
1.44,-1.06,0.47,3.179e-25
1.46,-1.06,0.4697,1.507e-25
1.48,-1.06,0.4695,7.144e-26
1.5,-1.06,0.4693,3.387e-26
1.52,-1.06,0.469,1.606e-26
1.54,-1.06,0.4688,7.42e-27
1.56,-1.06,0.4685,3.327e-27
1.58,-1.06,0.4683,1.492e-27
1.6,-1.06,0.468,6.688e-28
-1.6,-1.04,0.5076,3.569e-25
-1.58,-1.04,0.5073,7.209e-25
-1.56,-1.04,0.5071,1.419e-24
-1.54,-1.04,0.5068,2.792e-24
-1.52,-1.04,0.5066,5.493e-24
-1.5,-1.04,0.5063,1.081e-23
-1.48,-1.04,0.5061,2.121e-23
-1.46,-1.04,0.5058,3.987e-23
-1.44,-1.04,0.5056,7.494e-23
-1.42,-1.04,0.5053,1.409e-22
-1.4,-1.04,0.5051,2.648e-22
-1.38,-1.04,0.5048,4.978e-22
-1.36,-1.04,0.5046,9.357e-22
-1.34,-1.04,0.5044,1.759e-21
-1.32,-1.04,0.5041,3.306e-21
-1.3,-1.04,0.5039,6.215e-21
-1.28,-1.04,0.5036,1.168e-20
-1.26,-1.04,0.5034,2.196e-20
-1.24,-1.04,0.5031,4.109e-20
-1.22,-1.04,0.5029,7.162e-20
-1.2,-1.04,0.5026,1.248e-19
-1.18,-1.04,0.5024,2.175e-19
-1.16,-1.04,0.5021,3.791e-19
-1.14,-1.04,0.5019,6.607e-19
-1.12,-1.04,0.5016,1.151e-18
-1.1,-1.04,0.5014,2.007e-18
-1.08,-1.04,0.5011,3.497e-18
-1.06,-1.04,0.5009,6.095e-18
-1.04,-1.04,0.5006,1.062e-17
-1.02,-1.04,0.5004,1.851e-17
-1,-1.04,0.5001,3.226e-17
-0.98,-1.04,0.4999,5.622e-17
-0.96,-1.04,0.4996,9.798e-17
-0.94,-1.04,0.4994,1.708e-16
-0.92,-1.04,0.4991,2.976e-16
-0.9,-1.04,0.4989,5.186e-16
-0.88,-1.04,0.4987,9.039e-16
-0.86,-1.04,0.4984,1.575e-15
-0.84,-1.04,0.4982,2.745e-15
-0.82,-1.04,0.4979,4.784e-15
-0.8,-1.04,0.4977,8.338e-15
-0.78,-1.04,0.4974,1.453e-14
-0.76,-1.04,0.4972,2.532e-14
-0.74,-1.04,0.4969,4.414e-14
-0.72,-1.04,0.4967,7.518e-14
-0.7,-1.04,0.4964,1.181e-13
-0.68,-1.04,0.4962,1.855e-13
-0.66,-1.04,0.4959,2.913e-13
-0.64,-1.04,0.4957,4.574e-13
-0.62,-1.04,0.4954,7.184e-13
-0.6,-1.04,0.4952,1.128e-12
-0.58,-1.04,0.4949,1.772e-12
-0.56,-1.04,0.4947,2.745e-12
-0.54,-1.04,0.4944,3.904e-12
-0.52,-1.04,0.4942,5.534e-12
-0.5,-1.04,0.4939,7.01e-12
-0.48,-1.04,0.4937,8.88e-12
-0.46,-1.04,0.4934,1.125e-11
-0.44,-1.04,0.4932,1.425e-11
-0.42,-1.04,0.493,1.815e-11
-0.4,-1.04,0.4927,2.323e-11
-0.38,-1.04,0.4925,2.973e-11
-0.36,-1.04,0.4922,3.805e-11
-0.34,-1.04,0.492,4.869e-11
-0.32,-1.04,0.4917,6.23e-11
-0.3,-1.04,0.4915,7.973e-11
-0.28,-1.04,0.4912,1.02e-10
-0.26,-1.04,0.491,1.306e-10
-0.24,-1.04,0.4907,1.671e-10
-0.22,-1.04,0.4905,2.138e-10
-0.2,-1.04,0.4902,2.736e-10
-0.18,-1.04,0.49,3.502e-10
-0.16,-1.04,0.4897,4.481e-10
-0.14,-1.04,0.4895,5.735e-10
-0.12,-1.04,0.4892,7.339e-10
-0.1,-1.04,0.489,9.391e-10
-0.08,-1.04,0.4887,1.202e-09
-0.06,-1.04,0.4885,1.538e-09
-0.04,-1.04,0.4882,1.968e-09
-0.02,-1.04,0.488,2.539e-09
0,-1.04,0.4877,3.336e-09
0.02,-1.04,0.4875,4.393e-09
0.04,-1.04,0.4873,5.902e-09
0.06,-1.04,0.487,7.93e-09
0.08,-1.04,0.4868,1.091e-08
0.1,-1.04,0.4865,1.53e-08
0.12,-1.04,0.4863,2.148e-08
0.14,-1.04,0.486,2.592e-08
0.16,-1.04,0.4858,2.533e-08
0.18,-1.04,0.4855,2.251e-08
0.2,-1.04,0.4853,2e-08
0.22,-1.04,0.485,1.669e-08
0.24,-1.04,0.4848,1.157e-08
0.26,-1.04,0.4845,8.059e-09
0.28,-1.04,0.4843,5.705e-09
0.3,-1.04,0.484,3.959e-09
0.32,-1.04,0.4838,2.339e-09
0.34,-1.04,0.4835,1.396e-09
0.36,-1.04,0.4833,8.56e-10
0.38,-1.04,0.483,4.403e-10
0.4,-1.04,0.4828,2.294e-10
0.42,-1.04,0.4825,1.219e-10
0.44,-1.04,0.4823,6.671e-11
0.46,-1.04,0.4821,3.662e-11
0.48,-1.04,0.4818,2.01e-11
0.5,-1.04,0.4816,1.103e-11
0.52,-1.04,0.4813,6.057e-12
0.54,-1.04,0.4811,3.325e-12
0.56,-1.04,0.4808,1.825e-12
0.58,-1.04,0.4806,1.002e-12
0.6,-1.04,0.4803,5.5e-13
0.62,-1.04,0.4801,3.019e-13
0.64,-1.04,0.4798,1.657e-13
0.66,-1.04,0.4796,9.098e-14
0.68,-1.04,0.4793,4.994e-14
0.7,-1.04,0.4791,2.742e-14
0.72,-1.04,0.4788,1.505e-14
0.74,-1.04,0.4786,8.261e-15
0.76,-1.04,0.4783,4.535e-15
0.78,-1.04,0.4781,2.489e-15
0.8,-1.04,0.4778,1.366e-15
0.82,-1.04,0.4776,7.501e-16
0.84,-1.04,0.4774,4.118e-16
0.86,-1.04,0.4771,2.26e-16
0.88,-1.04,0.4769,1.241e-16
0.9,-1.04,0.4766,6.811e-17
0.92,-1.04,0.4764,3.739e-17
0.94,-1.04,0.4761,2.052e-17
0.96,-1.04,0.4759,1.127e-17
0.98,-1.04,0.4756,5.711e-18
1,-1.04,0.4754,2.88e-18
1.02,-1.04,0.4751,1.452e-18
1.04,-1.04,0.4749,7.322e-19
1.06,-1.04,0.4746,3.692e-19
1.08,-1.04,0.4744,1.862e-19
1.1,-1.04,0.4741,9.388e-20
1.12,-1.04,0.4739,4.734e-20
1.14,-1.04,0.4736,2.387e-20
1.16,-1.04,0.4734,1.204e-20
1.18,-1.04,0.4731,6.069e-21
1.2,-1.04,0.4729,3.06e-21
1.22,-1.04,0.4727,1.543e-21
1.24,-1.04,0.4724,7.78e-22
1.26,-1.04,0.4722,3.923e-22
1.28,-1.04,0.4719,1.978e-22
1.3,-1.04,0.4717,9.975e-23
1.32,-1.04,0.4714,4.81e-23
1.34,-1.04,0.4712,2.28e-23
1.36,-1.04,0.4709,1.081e-23
1.38,-1.04,0.4707,5.125e-24
1.4,-1.04,0.4704,2.43e-24
1.42,-1.04,0.4702,1.152e-24
1.44,-1.04,0.4699,5.461e-25
1.46,-1.04,0.4697,2.589e-25
1.48,-1.04,0.4694,1.227e-25
1.5,-1.04,0.4692,5.819e-26
1.52,-1.04,0.4689,2.677e-26
1.54,-1.04,0.4687,1.2e-26
1.56,-1.04,0.4685,5.382e-27
1.58,-1.04,0.4682,2.413e-27
1.6,-1.04,0.468,1.068e-27
-1.6,-1.02,0.5075,5.434e-25
-1.58,-1.02,0.5073,1.133e-24
-1.56,-1.02,0.507,2.296e-24
-1.54,-1.02,0.5068,4.518e-24
-1.52,-1.02,0.5065,8.89e-24
-1.5,-1.02,0.5063,1.749e-23
-1.48,-1.02,0.506,3.443e-23
-1.46,-1.02,0.5058,6.743e-23
-1.44,-1.02,0.5055,1.267e-22
-1.42,-1.02,0.5053,2.382e-22
-1.4,-1.02,0.505,4.479e-22
-1.38,-1.02,0.5048,8.419e-22
-1.36,-1.02,0.5045,1.583e-21
-1.34,-1.02,0.5043,2.975e-21
-1.32,-1.02,0.504,5.592e-21
-1.3,-1.02,0.5038,1.051e-20
-1.28,-1.02,0.5035,1.976e-20
-1.26,-1.02,0.5033,3.714e-20
-1.24,-1.02,0.5031,6.982e-20
-1.22,-1.02,0.5028,1.312e-19
-1.2,-1.02,0.5026,2.373e-19
-1.18,-1.02,0.5023,4.135e-19
-1.16,-1.02,0.5021,7.206e-19
-1.14,-1.02,0.5018,1.256e-18
-1.12,-1.02,0.5016,2.189e-18
-1.1,-1.02,0.5013,3.814e-18
-1.08,-1.02,0.5011,6.647e-18
-1.06,-1.02,0.5008,1.159e-17
-1.04,-1.02,0.5006,2.019e-17
-1.02,-1.02,0.5003,3.519e-17
-1,-1.02,0.5001,6.132e-17
-0.98,-1.02,0.4998,1.069e-16
-0.96,-1.02,0.4996,1.863e-16
-0.94,-1.02,0.4993,3.246e-16
-0.92,-1.02,0.4991,5.657e-16
-0.9,-1.02,0.4988,9.859e-16
-0.88,-1.02,0.4986,1.718e-15
-0.86,-1.02,0.4983,2.994e-15
-0.84,-1.02,0.4981,5.218e-15
-0.82,-1.02,0.4978,9.095e-15
-0.8,-1.02,0.4976,1.585e-14
-0.78,-1.02,0.4974,2.762e-14
-0.76,-1.02,0.4971,4.814e-14
-0.74,-1.02,0.4969,8.39e-14
-0.72,-1.02,0.4966,1.462e-13
-0.7,-1.02,0.4964,2.483e-13
-0.68,-1.02,0.4961,3.899e-13
-0.66,-1.02,0.4959,6.124e-13
-0.64,-1.02,0.4956,9.618e-13
-0.62,-1.02,0.4954,1.511e-12
-0.6,-1.02,0.4951,2.373e-12
-0.58,-1.02,0.4949,3.726e-12
-0.56,-1.02,0.4946,5.852e-12
-0.54,-1.02,0.4944,8.496e-12
-0.52,-1.02,0.4941,1.208e-11
-0.5,-1.02,0.4939,1.583e-11
-0.48,-1.02,0.4936,2.026e-11
-0.46,-1.02,0.4934,2.592e-11
-0.44,-1.02,0.4931,3.318e-11
-0.42,-1.02,0.4929,4.245e-11
-0.4,-1.02,0.4926,5.433e-11
-0.38,-1.02,0.4924,6.953e-11
-0.36,-1.02,0.4921,8.897e-11
-0.34,-1.02,0.4919,1.139e-10
-0.32,-1.02,0.4917,1.457e-10
-0.3,-1.02,0.4914,1.865e-10
-0.28,-1.02,0.4912,2.386e-10
-0.26,-1.02,0.4909,3.054e-10
-0.24,-1.02,0.4907,3.908e-10
-0.22,-1.02,0.4904,5.001e-10
-0.2,-1.02,0.4902,6.399e-10
-0.18,-1.02,0.4899,8.189e-10
-0.16,-1.02,0.4897,1.048e-09
-0.14,-1.02,0.4894,1.341e-09
-0.12,-1.02,0.4892,1.716e-09
-0.1,-1.02,0.4889,2.196e-09
-0.08,-1.02,0.4887,2.811e-09
-0.06,-1.02,0.4884,3.632e-09
-0.04,-1.02,0.4882,4.772e-09
-0.02,-1.02,0.4879,6.302e-09
0,-1.02,0.4877,8.467e-09
0.02,-1.02,0.4874,1.138e-08
0.04,-1.02,0.4872,1.561e-08
0.06,-1.02,0.4869,2.19e-08
0.08,-1.02,0.4867,3.073e-08
0.1,-1.02,0.4865,4.313e-08
0.12,-1.02,0.4862,6.052e-08
0.14,-1.02,0.486,7.551e-08
0.16,-1.02,0.4857,7.591e-08
0.18,-1.02,0.4855,6.745e-08
0.2,-1.02,0.4852,5.993e-08
0.22,-1.02,0.485,4.416e-08
0.24,-1.02,0.4847,3.062e-08
0.26,-1.02,0.4845,2.123e-08
0.28,-1.02,0.4842,1.472e-08
0.3,-1.02,0.484,9.098e-09
0.32,-1.02,0.4837,5.375e-09
0.34,-1.02,0.4835,3.176e-09
0.36,-1.02,0.4832,1.822e-09
0.38,-1.02,0.483,9.083e-10
0.4,-1.02,0.4827,4.629e-10
0.42,-1.02,0.4825,2.416e-10
0.44,-1.02,0.4822,1.284e-10
0.46,-1.02,0.482,7.006e-11
0.48,-1.02,0.4817,3.846e-11
0.5,-1.02,0.4815,2.111e-11
0.52,-1.02,0.4813,1.159e-11
0.54,-1.02,0.481,6.361e-12
0.56,-1.02,0.4808,3.492e-12
0.58,-1.02,0.4805,1.917e-12
0.6,-1.02,0.4803,1.052e-12
0.62,-1.02,0.48,5.776e-13
0.64,-1.02,0.4798,3.171e-13
0.66,-1.02,0.4795,1.741e-13
0.68,-1.02,0.4793,9.555e-14
0.7,-1.02,0.479,5.245e-14
0.72,-1.02,0.4788,2.879e-14
0.74,-1.02,0.4785,1.58e-14
0.76,-1.02,0.4783,8.676e-15
0.78,-1.02,0.478,4.762e-15
0.8,-1.02,0.4778,2.614e-15
0.82,-1.02,0.4775,1.435e-15
0.84,-1.02,0.4773,7.878e-16
0.86,-1.02,0.477,4.324e-16
0.88,-1.02,0.4768,2.374e-16
0.9,-1.02,0.4766,1.303e-16
0.92,-1.02,0.4763,7.153e-17
0.94,-1.02,0.4761,3.926e-17
0.96,-1.02,0.4758,2.064e-17
0.98,-1.02,0.4756,1.041e-17
1,-1.02,0.4753,5.247e-18
1.02,-1.02,0.4751,2.646e-18
1.04,-1.02,0.4748,1.334e-18
1.06,-1.02,0.4746,6.728e-19
1.08,-1.02,0.4743,3.392e-19
1.1,-1.02,0.4741,1.711e-19
1.12,-1.02,0.4738,8.625e-20
1.14,-1.02,0.4736,4.349e-20
1.16,-1.02,0.4733,2.193e-20
1.18,-1.02,0.4731,1.106e-20
1.2,-1.02,0.4728,5.576e-21
1.22,-1.02,0.4726,2.812e-21
1.24,-1.02,0.4723,1.418e-21
1.26,-1.02,0.4721,7.149e-22
1.28,-1.02,0.4719,3.605e-22
1.3,-1.02,0.4716,1.743e-22
1.32,-1.02,0.4714,8.264e-23
1.34,-1.02,0.4711,3.918e-23
1.36,-1.02,0.4709,1.857e-23
1.38,-1.02,0.4706,8.805e-24
1.4,-1.02,0.4704,4.174e-24
1.42,-1.02,0.4701,1.979e-24
1.44,-1.02,0.4699,9.382e-25
1.46,-1.02,0.4696,4.448e-25
1.48,-1.02,0.4694,2.109e-25
1.5,-1.02,0.4691,9.661e-26
1.52,-1.02,0.4689,4.332e-26
1.54,-1.02,0.4686,1.942e-26
1.56,-1.02,0.4684,8.52e-27
1.58,-1.02,0.4682,3.676e-27
1.6,-1.02,0.4679,1.586e-27
-1.6,-1,0.5075,7.956e-25
-1.58,-1,0.5072,1.721e-24
-1.56,-1,0.507,3.598e-24
-1.54,-1,0.5067,7.312e-24
-1.52,-1,0.5065,1.439e-23
-1.5,-1,0.5062,2.831e-23
-1.48,-1,0.506,5.571e-23
-1.46,-1,0.5057,1.096e-22
-1.44,-1,0.5055,2.143e-22
-1.42,-1,0.5052,4.029e-22
-1.4,-1,0.505,7.574e-22
-1.38,-1,0.5047,1.424e-21
-1.36,-1,0.5045,2.676e-21
-1.34,-1,0.5042,5.031e-21
-1.32,-1,0.504,9.457e-21
-1.3,-1,0.5037,1.778e-20
-1.28,-1,0.5035,3.342e-20
-1.26,-1,0.5032,6.281e-20
-1.24,-1,0.503,1.181e-19
-1.22,-1,0.5027,2.22e-19
-1.2,-1,0.5025,4.172e-19
-1.18,-1,0.5023,7.843e-19
-1.16,-1,0.502,1.37e-18
-1.14,-1,0.5018,2.387e-18
-1.12,-1,0.5015,4.16e-18
-1.1,-1,0.5013,7.251e-18
-1.08,-1,0.501,1.264e-17
-1.06,-1,0.5008,2.202e-17
-1.04,-1,0.5005,3.838e-17
-1.02,-1,0.5003,6.689e-17
-1,-1,0.5,1.166e-16
-0.98,-1,0.4998,2.031e-16
-0.96,-1,0.4995,3.54e-16
-0.94,-1,0.4993,6.17e-16
-0.92,-1,0.499,1.075e-15
-0.9,-1,0.4988,1.874e-15
-0.88,-1,0.4985,3.266e-15
-0.86,-1,0.4983,5.692e-15
-0.84,-1,0.498,9.92e-15
-0.82,-1,0.4978,1.729e-14
-0.8,-1,0.4975,3.013e-14
-0.78,-1,0.4973,5.251e-14
-0.76,-1,0.497,9.151e-14
-0.74,-1,0.4968,1.595e-13
-0.72,-1,0.4966,2.779e-13
-0.7,-1,0.4963,4.844e-13
-0.68,-1,0.4961,8.199e-13
-0.66,-1,0.4958,1.288e-12
-0.64,-1,0.4956,2.022e-12
-0.62,-1,0.4953,3.176e-12
-0.6,-1,0.4951,4.988e-12
-0.58,-1,0.4948,7.835e-12
-0.56,-1,0.4946,1.23e-11
-0.54,-1,0.4943,1.871e-11
-0.52,-1,0.4941,2.712e-11
-0.5,-1,0.4938,3.702e-11
-0.48,-1,0.4936,4.738e-11
-0.46,-1,0.4933,6.063e-11
-0.44,-1,0.4931,7.758e-11
-0.42,-1,0.4928,9.928e-11
-0.4,-1,0.4926,1.271e-10
-0.38,-1,0.4923,1.626e-10
-0.36,-1,0.4921,2.081e-10
-0.34,-1,0.4918,2.663e-10
-0.32,-1,0.4916,3.407e-10
-0.3,-1,0.4913,4.361e-10
-0.28,-1,0.4911,5.58e-10
-0.26,-1,0.4909,7.141e-10
-0.24,-1,0.4906,9.138e-10
-0.22,-1,0.4904,1.169e-09
-0.2,-1,0.4901,1.497e-09
-0.18,-1,0.4899,1.915e-09
-0.16,-1,0.4896,2.451e-09
-0.14,-1,0.4894,3.136e-09
-0.12,-1,0.4891,4.014e-09
-0.1,-1,0.4889,5.194e-09
-0.08,-1,0.4886,6.825e-09
-0.06,-1,0.4884,9.041e-09
-0.04,-1,0.4881,1.215e-08
-0.02,-1,0.4879,1.632e-08
0,-1,0.4876,2.233e-08
0.02,-1,0.4874,3.134e-08
0.04,-1,0.4871,4.398e-08
0.06,-1,0.4869,6.172e-08
0.08,-1,0.4866,8.661e-08
0.1,-1,0.4864,1.22e-07
0.12,-1,0.4861,1.74e-07
0.14,-1,0.4859,2.316e-07
0.16,-1,0.4856,2.429e-07
0.18,-1,0.4854,2.138e-07
0.2,-1,0.4852,1.746e-07
0.22,-1,0.4849,1.172e-07
0.24,-1,0.4847,8.1e-08
0.26,-1,0.4844,5.616e-08
0.28,-1,0.4842,3.725e-08
0.3,-1,0.4839,2.132e-08
0.32,-1,0.4837,1.235e-08
0.34,-1,0.4834,7.298e-09
0.36,-1,0.4832,4.026e-09
0.38,-1,0.4829,1.926e-09
0.4,-1,0.4827,9.549e-10
0.42,-1,0.4824,4.867e-10
0.44,-1,0.4822,2.544e-10
0.46,-1,0.4819,1.352e-10
0.48,-1,0.4817,7.357e-11
0.5,-1,0.4814,4.039e-11
0.52,-1,0.4812,2.217e-11
0.54,-1,0.4809,1.217e-11
0.56,-1,0.4807,6.681e-12
0.58,-1,0.4805,3.667e-12
0.6,-1,0.4802,2.013e-12
0.62,-1,0.48,1.105e-12
0.64,-1,0.4797,6.066e-13
0.66,-1,0.4795,3.33e-13
0.68,-1,0.4792,1.828e-13
0.7,-1,0.479,1.003e-13
0.72,-1,0.4787,5.508e-14
0.74,-1,0.4785,3.024e-14
0.76,-1,0.4782,1.66e-14
0.78,-1,0.478,9.111e-15
0.8,-1,0.4777,5.001e-15
0.82,-1,0.4775,2.745e-15
0.84,-1,0.4772,1.507e-15
0.86,-1,0.477,8.273e-16
0.88,-1,0.4767,4.541e-16
0.9,-1,0.4765,2.493e-16
0.92,-1,0.4762,1.368e-16
0.94,-1,0.476,7.458e-17
0.96,-1,0.4758,3.761e-17
0.98,-1,0.4755,1.896e-17
1,-1,0.4753,9.561e-18
1.02,-1,0.475,4.821e-18
1.04,-1,0.4748,2.431e-18
1.06,-1,0.4745,1.226e-18
1.08,-1,0.4743,6.181e-19
1.1,-1,0.474,3.117e-19
1.12,-1,0.4738,1.572e-19
1.14,-1,0.4735,7.924e-20
1.16,-1,0.4733,3.996e-20
1.18,-1,0.473,2.015e-20
1.2,-1,0.4728,1.016e-20
1.22,-1,0.4725,5.123e-21
1.24,-1,0.4723,2.583e-21
1.26,-1,0.472,1.303e-21
1.28,-1,0.4718,6.317e-22
1.3,-1,0.4715,2.995e-22
1.32,-1,0.4713,1.42e-22
1.34,-1,0.4711,6.731e-23
1.36,-1,0.4708,3.191e-23
1.38,-1,0.4706,1.513e-23
1.4,-1,0.4703,7.172e-24
1.42,-1,0.4701,3.4e-24
1.44,-1,0.4698,1.612e-24
1.46,-1,0.4696,7.641e-25
1.48,-1,0.4693,3.486e-25
1.5,-1,0.4691,1.563e-25
1.52,-1,0.4688,6.797e-26
1.54,-1,0.4686,2.933e-26
1.56,-1,0.4683,1.265e-26
1.58,-1,0.4681,5.459e-27
1.6,-1,0.4678,2.355e-27
-1.6,-0.98,0.5074,1.165e-24
-1.58,-0.98,0.5071,2.52e-24
-1.56,-0.98,0.5069,5.451e-24
-1.54,-0.98,0.5067,1.142e-23
-1.52,-0.98,0.5064,2.329e-23
-1.5,-0.98,0.5062,4.582e-23
-1.48,-0.98,0.5059,9.017e-23
-1.46,-0.98,0.5057,1.774e-22
-1.44,-0.98,0.5054,3.491e-22
-1.42,-0.98,0.5052,6.814e-22
-1.4,-0.98,0.5049,1.281e-21
-1.38,-0.98,0.5047,2.408e-21
-1.36,-0.98,0.5044,4.526e-21
-1.34,-0.98,0.5042,8.508e-21
-1.32,-0.98,0.5039,1.599e-20
-1.3,-0.98,0.5037,3.006e-20
-1.28,-0.98,0.5034,5.651e-20
-1.26,-0.98,0.5032,1.062e-19
-1.24,-0.98,0.5029,1.997e-19
-1.22,-0.98,0.5027,3.754e-19
-1.2,-0.98,0.5024,7.056e-19
-1.18,-0.98,0.5022,1.326e-18
-1.16,-0.98,0.5019,2.493e-18
-1.14,-0.98,0.5017,4.538e-18
-1.12,-0.98,0.5014,7.908e-18
-1.1,-0.98,0.5012,1.378e-17
-1.08,-0.98,0.501,2.402e-17
-1.06,-0.98,0.5007,4.186e-17
-1.04,-0.98,0.5005,7.295e-17
-1.02,-0.98,0.5002,1.271e-16
-1,-0.98,0.5,2.216e-16
-0.98,-0.98,0.4997,3.862e-16
-0.96,-0.98,0.4995,6.73e-16
-0.94,-0.98,0.4992,1.173e-15
-0.92,-0.98,0.499,2.044e-15
-0.9,-0.98,0.4987,3.562e-15
-0.88,-0.98,0.4985,6.208e-15
-0.86,-0.98,0.4982,1.082e-14
-0.84,-0.98,0.498,1.886e-14
-0.82,-0.98,0.4977,3.286e-14
-0.8,-0.98,0.4975,5.727e-14
-0.78,-0.98,0.4972,9.981e-14
-0.76,-0.98,0.497,1.739e-13
-0.74,-0.98,0.4967,3.031e-13
-0.72,-0.98,0.4965,5.283e-13
-0.7,-0.98,0.4962,9.207e-13
-0.68,-0.98,0.496,1.605e-12
-0.66,-0.98,0.4957,2.708e-12
-0.64,-0.98,0.4955,4.252e-12
-0.62,-0.98,0.4953,6.678e-12
-0.6,-0.98,0.495,1.049e-11
-0.58,-0.98,0.4948,1.661e-11
-0.56,-0.98,0.4945,2.664e-11
-0.54,-0.98,0.4943,4.23e-11
-0.52,-0.98,0.494,6.13e-11
-0.5,-0.98,0.4938,8.658e-11
-0.48,-0.98,0.4935,1.108e-10
-0.46,-0.98,0.4933,1.418e-10
-0.44,-0.98,0.493,1.814e-10
-0.42,-0.98,0.4928,2.322e-10
-0.4,-0.98,0.4925,2.971e-10
-0.38,-0.98,0.4923,3.802e-10
-0.36,-0.98,0.492,4.866e-10
-0.34,-0.98,0.4918,6.227e-10
-0.32,-0.98,0.4915,7.969e-10
-0.3,-0.98,0.4913,1.02e-09
-0.28,-0.98,0.491,1.305e-09
-0.26,-0.98,0.4908,1.67e-09
-0.24,-0.98,0.4905,2.137e-09
-0.22,-0.98,0.4903,2.735e-09
-0.2,-0.98,0.4901,3.5e-09
-0.18,-0.98,0.4898,4.479e-09
-0.16,-0.98,0.4896,5.731e-09
-0.14,-0.98,0.4893,7.43e-09
-0.12,-0.98,0.4891,9.762e-09
-0.1,-0.98,0.4888,1.297e-08
-0.08,-0.98,0.4886,1.743e-08
-0.06,-0.98,0.4883,2.341e-08
-0.04,-0.98,0.4881,3.196e-08
-0.02,-0.98,0.4878,4.485e-08
0,-0.98,0.4876,6.294e-08
0.02,-0.98,0.4873,8.832e-08
0.04,-0.98,0.4871,1.246e-07
0.06,-0.98,0.4868,1.776e-07
0.08,-0.98,0.4866,2.54e-07
0.1,-0.98,0.4863,3.792e-07
0.12,-0.98,0.4861,5.714e-07
0.14,-0.98,0.4858,8.187e-07
0.16,-0.98,0.4856,8.929e-07
0.18,-0.98,0.4853,7.829e-07
0.2,-0.98,0.4851,5.441e-07
0.22,-0.98,0.4848,3.516e-07
0.24,-0.98,0.4846,2.31e-07
0.26,-0.98,0.4844,1.53e-07
0.28,-0.98,0.4841,8.849e-08
0.3,-0.98,0.4839,5.065e-08
0.32,-0.98,0.4836,2.899e-08
0.34,-0.98,0.4834,1.677e-08
0.36,-0.98,0.4831,8.894e-09
0.38,-0.98,0.4829,4.254e-09
0.4,-0.98,0.4826,2.035e-09
0.42,-0.98,0.4824,1.004e-09
0.44,-0.98,0.4821,5.116e-10
0.46,-0.98,0.4819,2.679e-10
0.48,-0.98,0.4816,1.424e-10
0.5,-0.98,0.4814,7.727e-11
0.52,-0.98,0.4811,4.242e-11
0.54,-0.98,0.4809,2.328e-11
0.56,-0.98,0.4806,1.278e-11
0.58,-0.98,0.4804,7.016e-12
0.6,-0.98,0.4801,3.851e-12
0.62,-0.98,0.4799,2.114e-12
0.64,-0.98,0.4797,1.161e-12
0.66,-0.98,0.4794,6.371e-13
0.68,-0.98,0.4792,3.497e-13
0.7,-0.98,0.4789,1.92e-13
0.72,-0.98,0.4787,1.054e-13
0.74,-0.98,0.4784,5.785e-14
0.76,-0.98,0.4782,3.175e-14
0.78,-0.98,0.4779,1.743e-14
0.8,-0.98,0.4777,9.568e-15
0.82,-0.98,0.4774,5.252e-15
0.84,-0.98,0.4772,2.883e-15
0.86,-0.98,0.4769,1.583e-15
0.88,-0.98,0.4767,8.688e-16
0.9,-0.98,0.4764,4.769e-16
0.92,-0.98,0.4762,2.618e-16
0.94,-0.98,0.4759,1.359e-16
0.96,-0.98,0.4757,6.852e-17
0.98,-0.98,0.4754,3.455e-17
1,-0.98,0.4752,1.742e-17
1.02,-0.98,0.475,8.785e-18
1.04,-0.98,0.4747,4.43e-18
1.06,-0.98,0.4745,2.234e-18
1.08,-0.98,0.4742,1.126e-18
1.1,-0.98,0.474,5.679e-19
1.12,-0.98,0.4737,2.864e-19
1.14,-0.98,0.4735,1.444e-19
1.16,-0.98,0.4732,7.281e-20
1.18,-0.98,0.473,3.671e-20
1.2,-0.98,0.4727,1.851e-20
1.22,-0.98,0.4725,9.334e-21
1.24,-0.98,0.4722,4.707e-21
1.26,-0.98,0.472,2.289e-21
1.28,-0.98,0.4717,1.085e-21
1.3,-0.98,0.4715,5.145e-22
1.32,-0.98,0.4712,2.439e-22
1.34,-0.98,0.471,1.156e-22
1.36,-0.98,0.4708,5.482e-23
1.38,-0.98,0.4705,2.599e-23
1.4,-0.98,0.4703,1.232e-23
1.42,-0.98,0.47,5.841e-24
1.44,-0.98,0.4698,2.769e-24
1.46,-0.98,0.4695,1.257e-24
1.48,-0.98,0.4693,5.422e-25
1.5,-0.98,0.469,2.339e-25
1.52,-0.98,0.4688,1.009e-25
1.54,-0.98,0.4685,4.355e-26
1.56,-0.98,0.4683,1.879e-26
1.58,-0.98,0.468,8.107e-27
1.6,-0.98,0.4678,3.498e-27
-1.6,-0.96,0.5073,1.705e-24
-1.58,-0.96,0.5071,3.689e-24
-1.56,-0.96,0.5068,7.98e-24
-1.54,-0.96,0.5066,1.726e-23
-1.52,-0.96,0.5063,3.628e-23
-1.5,-0.96,0.5061,7.416e-23
-1.48,-0.96,0.5059,1.459e-22
-1.46,-0.96,0.5056,2.872e-22
-1.44,-0.96,0.5054,5.651e-22
-1.42,-0.96,0.5051,1.112e-21
-1.4,-0.96,0.5049,2.166e-21
-1.38,-0.96,0.5046,4.072e-21
-1.36,-0.96,0.5044,7.654e-21
-1.34,-0.96,0.5041,1.439e-20
-1.32,-0.96,0.5039,2.705e-20
-1.3,-0.96,0.5036,5.084e-20
-1.28,-0.96,0.5034,9.557e-20
-1.26,-0.96,0.5031,1.797e-19
-1.24,-0.96,0.5029,3.377e-19
-1.22,-0.96,0.5026,6.348e-19
-1.2,-0.96,0.5024,1.193e-18
-1.18,-0.96,0.5021,2.243e-18
-1.16,-0.96,0.5019,4.217e-18
-1.14,-0.96,0.5016,7.926e-18
-1.12,-0.96,0.5014,1.49e-17
-1.1,-0.96,0.5011,2.62e-17
-1.08,-0.96,0.5009,4.566e-17
-1.06,-0.96,0.5006,7.957e-17
-1.04,-0.96,0.5004,1.387e-16
-1.02,-0.96,0.5002,2.417e-16
-1,-0.96,0.4999,4.212e-16
-0.98,-0.96,0.4997,7.341e-16
-0.96,-0.96,0.4994,1.279e-15
-0.94,-0.96,0.4992,2.229e-15
-0.92,-0.96,0.4989,3.886e-15
-0.9,-0.96,0.4987,6.772e-15
-0.88,-0.96,0.4984,1.18e-14
-0.86,-0.96,0.4982,2.057e-14
-0.84,-0.96,0.4979,3.584e-14
-0.82,-0.96,0.4977,6.247e-14
-0.8,-0.96,0.4974,1.089e-13
-0.78,-0.96,0.4972,1.897e-13
-0.76,-0.96,0.4969,3.307e-13
-0.74,-0.96,0.4967,5.762e-13
-0.72,-0.96,0.4964,1.004e-12
-0.7,-0.96,0.4962,1.75e-12
-0.68,-0.96,0.4959,3.05e-12
-0.66,-0.96,0.4957,5.316e-12
-0.64,-0.96,0.4954,8.941e-12
-0.62,-0.96,0.4952,1.41e-11
-0.6,-0.96,0.4949,2.261e-11
-0.58,-0.96,0.4947,3.626e-11
-0.56,-0.96,0.4945,5.815e-11
-0.54,-0.96,0.4942,9.324e-11
-0.52,-0.96,0.494,1.385e-10
-0.5,-0.96,0.4937,2.008e-10
-0.48,-0.96,0.4935,2.591e-10
-0.46,-0.96,0.4932,3.316e-10
-0.44,-0.96,0.493,4.243e-10
-0.42,-0.96,0.4927,5.43e-10
-0.4,-0.96,0.4925,6.949e-10
-0.38,-0.96,0.4922,8.892e-10
-0.36,-0.96,0.492,1.138e-09
-0.34,-0.96,0.4917,1.456e-09
-0.32,-0.96,0.4915,1.864e-09
-0.3,-0.96,0.4912,2.385e-09
-0.28,-0.96,0.491,3.052e-09
-0.26,-0.96,0.4907,3.906e-09
-0.24,-0.96,0.4905,4.998e-09
-0.22,-0.96,0.4902,6.396e-09
-0.2,-0.96,0.49,8.185e-09
-0.18,-0.96,0.4897,1.063e-08
-0.16,-0.96,0.4895,1.396e-08
-0.14,-0.96,0.4892,1.861e-08
-0.12,-0.96,0.489,2.5e-08
-0.1,-0.96,0.4888,3.359e-08
-0.08,-0.96,0.4885,4.589e-08
-0.06,-0.96,0.4883,6.418e-08
-0.04,-0.96,0.488,9.006e-08
-0.02,-0.96,0.4878,1.273e-07
0,-0.96,0.4875,1.814e-07
0.02,-0.96,0.4873,2.586e-07
0.04,-0.96,0.487,3.77e-07
0.06,-0.96,0.4868,5.628e-07
0.08,-0.96,0.4865,8.541e-07
0.1,-0.96,0.4863,1.302e-06
0.12,-0.96,0.486,1.985e-06
0.14,-0.96,0.4858,2.96e-06
0.16,-0.96,0.4855,3.34e-06
0.18,-0.96,0.4853,2.703e-06
0.2,-0.96,0.485,1.745e-06
0.22,-0.96,0.4848,1.126e-06
0.24,-0.96,0.4845,7.269e-07
0.26,-0.96,0.4843,4.323e-07
0.28,-0.96,0.484,2.265e-07
0.3,-0.96,0.4838,1.221e-07
0.32,-0.96,0.4836,6.887e-08
0.34,-0.96,0.4833,3.942e-08
0.36,-0.96,0.4831,1.965e-08
0.38,-0.96,0.4828,9.399e-09
0.4,-0.96,0.4826,4.496e-09
0.42,-0.96,0.4823,2.15e-09
0.44,-0.96,0.4821,1.055e-09
0.46,-0.96,0.4818,5.379e-10
0.48,-0.96,0.4816,2.821e-10
0.5,-0.96,0.4813,1.499e-10
0.52,-0.96,0.4811,8.115e-11
0.54,-0.96,0.4808,4.454e-11
0.56,-0.96,0.4806,2.445e-11
0.58,-0.96,0.4803,1.342e-11
0.6,-0.96,0.4801,7.368e-12
0.62,-0.96,0.4798,4.045e-12
0.64,-0.96,0.4796,2.22e-12
0.66,-0.96,0.4793,1.219e-12
0.68,-0.96,0.4791,6.69e-13
0.7,-0.96,0.4789,3.673e-13
0.72,-0.96,0.4786,2.016e-13
0.74,-0.96,0.4784,1.107e-13
0.76,-0.96,0.4781,6.075e-14
0.78,-0.96,0.4779,3.335e-14
0.8,-0.96,0.4776,1.831e-14
0.82,-0.96,0.4774,1.005e-14
0.84,-0.96,0.4771,5.516e-15
0.86,-0.96,0.4769,3.028e-15
0.88,-0.96,0.4766,1.662e-15
0.9,-0.96,0.4764,9.124e-16
0.92,-0.96,0.4761,4.91e-16
0.94,-0.96,0.4759,2.476e-16
0.96,-0.96,0.4756,1.249e-16
0.98,-0.96,0.4754,6.295e-17
1,-0.96,0.4751,3.174e-17
1.02,-0.96,0.4749,1.601e-17
1.04,-0.96,0.4746,8.071e-18
1.06,-0.96,0.4744,4.07e-18
1.08,-0.96,0.4742,2.052e-18
1.1,-0.96,0.4739,1.035e-18
1.12,-0.96,0.4737,5.218e-19
1.14,-0.96,0.4734,2.631e-19
1.16,-0.96,0.4732,1.327e-19
1.18,-0.96,0.4729,6.689e-20
1.2,-0.96,0.4727,3.373e-20
1.22,-0.96,0.4724,1.701e-20
1.24,-0.96,0.4722,8.296e-21
1.26,-0.96,0.4719,3.933e-21
1.28,-0.96,0.4717,1.865e-21
1.3,-0.96,0.4714,8.839e-22
1.32,-0.96,0.4712,4.19e-22
1.34,-0.96,0.4709,1.987e-22
1.36,-0.96,0.4707,9.418e-23
1.38,-0.96,0.4704,4.465e-23
1.4,-0.96,0.4702,2.117e-23
1.42,-0.96,0.47,9.937e-24
1.44,-0.96,0.4697,4.326e-24
1.46,-0.96,0.4695,1.866e-24
1.48,-0.96,0.4692,8.052e-25
1.5,-0.96,0.469,3.474e-25
1.52,-0.96,0.4687,1.499e-25
1.54,-0.96,0.4685,6.467e-26
1.56,-0.96,0.4682,2.79e-26
1.58,-0.96,0.468,1.204e-26
1.6,-0.96,0.4677,5.194e-27
-1.6,-0.94,0.5073,2.496e-24
-1.58,-0.94,0.507,5.4e-24
-1.56,-0.94,0.5068,1.168e-23
-1.54,-0.94,0.5065,2.527e-23
-1.52,-0.94,0.5063,5.467e-23
-1.5,-0.94,0.506,1.152e-22
-1.48,-0.94,0.5058,2.362e-22
-1.46,-0.94,0.5055,4.647e-22
-1.44,-0.94,0.5053,9.145e-22
-1.42,-0.94,0.5051,1.8e-21
-1.4,-0.94,0.5048,3.541e-21
-1.38,-0.94,0.5046,6.886e-21
-1.36,-0.94,0.5043,1.294e-20
-1.34,-0.94,0.5041,2.433e-20
-1.32,-0.94,0.5038,4.574e-20
-1.3,-0.94,0.5036,8.598e-20
-1.28,-0.94,0.5033,1.616e-19
-1.26,-0.94,0.5031,3.038e-19
-1.24,-0.94,0.5028,5.711e-19
-1.22,-0.94,0.5026,1.074e-18
-1.2,-0.94,0.5023,2.018e-18
-1.18,-0.94,0.5021,3.793e-18
-1.16,-0.94,0.5018,7.131e-18
-1.14,-0.94,0.5016,1.34e-17
-1.12,-0.94,0.5013,2.52e-17
-1.1,-0.94,0.5011,4.736e-17
-1.08,-0.94,0.5008,8.679e-17
-1.06,-0.94,0.5006,1.513e-16
-1.04,-0.94,0.5003,2.636e-16
-1.02,-0.94,0.5001,4.594e-16
-1,-0.94,0.4998,8.006e-16
-0.98,-0.94,0.4996,1.395e-15
-0.96,-0.94,0.4994,2.432e-15
-0.94,-0.94,0.4991,4.238e-15
-0.92,-0.94,0.4989,7.386e-15
-0.9,-0.94,0.4986,1.287e-14
-0.88,-0.94,0.4984,2.243e-14
-0.86,-0.94,0.4981,3.91e-14
-0.84,-0.94,0.4979,6.813e-14
-0.82,-0.94,0.4976,1.187e-13
-0.8,-0.94,0.4974,2.069e-13
-0.78,-0.94,0.4971,3.607e-13
-0.76,-0.94,0.4969,6.285e-13
-0.74,-0.94,0.4966,1.095e-12
-0.72,-0.94,0.4964,1.909e-12
-0.7,-0.94,0.4961,3.327e-12
-0.68,-0.94,0.4959,5.798e-12
-0.66,-0.94,0.4956,1.01e-11
-0.64,-0.94,0.4954,1.789e-11
-0.62,-0.94,0.4951,3.077e-11
-0.6,-0.94,0.4949,4.935e-11
-0.58,-0.94,0.4946,7.914e-11
-0.56,-0.94,0.4944,1.269e-10
-0.54,-0.94,0.4941,2.035e-10
-0.52,-0.94,0.4939,3.132e-10
-0.5,-0.94,0.4937,4.538e-10
-0.48,-0.94,0.4934,6.059e-10
-0.46,-0.94,0.4932,7.754e-10
-0.44,-0.94,0.4929,9.923e-10
-0.42,-0.94,0.4927,1.27e-09
-0.4,-0.94,0.4924,1.625e-09
-0.38,-0.94,0.4922,2.08e-09
-0.36,-0.94,0.4919,2.661e-09
-0.34,-0.94,0.4917,3.406e-09
-0.32,-0.94,0.4914,4.358e-09
-0.3,-0.94,0.4912,5.577e-09
-0.28,-0.94,0.4909,7.137e-09
-0.26,-0.94,0.4907,9.133e-09
-0.24,-0.94,0.4904,1.169e-08
-0.22,-0.94,0.4902,1.52e-08
-0.2,-0.94,0.4899,1.997e-08
-0.18,-0.94,0.4897,2.669e-08
-0.16,-0.94,0.4894,3.587e-08
-0.14,-0.94,0.4892,4.819e-08
-0.12,-0.94,0.4889,6.6e-08
-0.1,-0.94,0.4887,9.184e-08
-0.08,-0.94,0.4884,1.3e-07
-0.06,-0.94,0.4882,1.852e-07
-0.04,-0.94,0.488,2.64e-07
-0.02,-0.94,0.4877,3.765e-07
0,-0.94,0.4875,5.596e-07
0.02,-0.94,0.4872,8.374e-07
0.04,-0.94,0.487,1.277e-06
0.06,-0.94,0.4867,1.946e-06
0.08,-0.94,0.4865,2.966e-06
0.1,-0.94,0.4862,4.522e-06
0.12,-0.94,0.486,7.022e-06
0.14,-0.94,0.4857,1.091e-05
0.16,-0.94,0.4855,1.293e-05
0.18,-0.94,0.4852,9.023e-06
0.2,-0.94,0.485,5.732e-06
0.22,-0.94,0.4847,3.641e-06
0.24,-0.94,0.4845,2.331e-06
0.26,-0.94,0.4842,1.217e-06
0.28,-0.94,0.484,6.23e-07
0.3,-0.94,0.4837,3.227e-07
0.32,-0.94,0.4835,1.705e-07
0.34,-0.94,0.4832,9.444e-08
0.36,-0.94,0.483,4.425e-08
0.38,-0.94,0.4828,2.077e-08
0.4,-0.94,0.4825,9.932e-09
0.42,-0.94,0.4823,4.751e-09
0.44,-0.94,0.482,2.272e-09
0.46,-0.94,0.4818,1.11e-09
0.48,-0.94,0.4815,5.655e-10
0.5,-0.94,0.4813,2.97e-10
0.52,-0.94,0.481,1.579e-10
0.54,-0.94,0.4808,8.522e-11
0.56,-0.94,0.4805,4.678e-11
0.58,-0.94,0.4803,2.568e-11
0.6,-0.94,0.48,1.41e-11
0.62,-0.94,0.4798,7.738e-12
0.64,-0.94,0.4795,4.248e-12
0.66,-0.94,0.4793,2.332e-12
0.68,-0.94,0.479,1.28e-12
0.7,-0.94,0.4788,7.026e-13
0.72,-0.94,0.4785,3.857e-13
0.74,-0.94,0.4783,2.117e-13
0.76,-0.94,0.4781,1.162e-13
0.78,-0.94,0.4778,6.38e-14
0.8,-0.94,0.4776,3.502e-14
0.82,-0.94,0.4773,1.922e-14
0.84,-0.94,0.4771,1.055e-14
0.86,-0.94,0.4768,5.793e-15
0.88,-0.94,0.4766,3.18e-15
0.9,-0.94,0.4763,1.746e-15
0.92,-0.94,0.4761,8.947e-16
0.94,-0.94,0.4758,4.512e-16
0.96,-0.94,0.4756,2.275e-16
0.98,-0.94,0.4753,1.147e-16
1,-0.94,0.4751,5.784e-17
1.02,-0.94,0.4748,2.917e-17
1.04,-0.94,0.4746,1.471e-17
1.06,-0.94,0.4743,7.416e-18
1.08,-0.94,0.4741,3.739e-18
1.1,-0.94,0.4738,1.885e-18
1.12,-0.94,0.4736,9.507e-19
1.14,-0.94,0.4734,4.794e-19
1.16,-0.94,0.4731,2.417e-19
1.18,-0.94,0.4729,1.219e-19
1.2,-0.94,0.4726,6.146e-20
1.22,-0.94,0.4724,3.006e-20
1.24,-0.94,0.4721,1.425e-20
1.26,-0.94,0.4719,6.757e-21
1.28,-0.94,0.4716,3.203e-21
1.3,-0.94,0.4714,1.519e-21
1.32,-0.94,0.4711,7.199e-22
1.34,-0.94,0.4709,3.413e-22
1.36,-0.94,0.4706,1.618e-22
1.38,-0.94,0.4704,7.529e-23
1.4,-0.94,0.4701,3.435e-23
1.42,-0.94,0.4699,1.489e-23
1.44,-0.94,0.4696,6.423e-24
1.46,-0.94,0.4694,2.771e-24
1.48,-0.94,0.4692,1.196e-24
1.5,-0.94,0.4689,5.159e-25
1.52,-0.94,0.4687,2.226e-25
1.54,-0.94,0.4684,9.603e-26
1.56,-0.94,0.4682,4.143e-26
1.58,-0.94,0.4679,1.788e-26
1.6,-0.94,0.4677,7.713e-27
-1.6,-0.92,0.5072,3.654e-24
-1.58,-0.92,0.507,7.906e-24
-1.56,-0.92,0.5067,1.71e-23
-1.54,-0.92,0.5065,3.7e-23
-1.52,-0.92,0.5062,8.004e-23
-1.5,-0.92,0.506,1.732e-22
-1.48,-0.92,0.5057,3.657e-22
-1.46,-0.92,0.5055,7.521e-22
-1.44,-0.92,0.5052,1.48e-21
-1.42,-0.92,0.505,2.912e-21
-1.4,-0.92,0.5047,5.731e-21
-1.38,-0.92,0.5045,1.128e-20
-1.36,-0.92,0.5042,2.189e-20
-1.34,-0.92,0.504,4.115e-20
-1.32,-0.92,0.5038,7.736e-20
-1.3,-0.92,0.5035,1.454e-19
-1.28,-0.92,0.5033,2.733e-19
-1.26,-0.92,0.503,5.138e-19
-1.24,-0.92,0.5028,9.659e-19
-1.22,-0.92,0.5025,1.816e-18
-1.2,-0.92,0.5023,3.413e-18
-1.18,-0.92,0.502,6.415e-18
-1.16,-0.92,0.5018,1.206e-17
-1.14,-0.92,0.5015,2.267e-17
-1.12,-0.92,0.5013,4.261e-17
-1.1,-0.92,0.501,8.01e-17
-1.08,-0.92,0.5008,1.506e-16
-1.06,-0.92,0.5005,2.83e-16
-1.04,-0.92,0.5003,5.011e-16
-1.02,-0.92,0.5,8.733e-16
-1,-0.92,0.4998,1.522e-15
-0.98,-0.92,0.4995,2.652e-15
-0.96,-0.92,0.4993,4.623e-15
-0.94,-0.92,0.499,8.056e-15
-0.92,-0.92,0.4988,1.404e-14
-0.9,-0.92,0.4985,2.447e-14
-0.88,-0.92,0.4983,4.264e-14
-0.86,-0.92,0.4981,7.432e-14
-0.84,-0.92,0.4978,1.295e-13
-0.82,-0.92,0.4976,2.257e-13
-0.8,-0.92,0.4973,3.934e-13
-0.78,-0.92,0.4971,6.856e-13
-0.76,-0.92,0.4968,1.195e-12
-0.74,-0.92,0.4966,2.082e-12
-0.72,-0.92,0.4963,3.629e-12
-0.7,-0.92,0.4961,6.324e-12
-0.68,-0.92,0.4958,1.102e-11
-0.66,-0.92,0.4956,1.952e-11
-0.64,-0.92,0.4953,3.502e-11
-0.62,-0.92,0.4951,6.281e-11
-0.6,-0.92,0.4948,1.077e-10
-0.58,-0.92,0.4946,1.727e-10
-0.56,-0.92,0.4943,2.77e-10
-0.54,-0.92,0.4941,4.441e-10
-0.52,-0.92,0.4938,7.079e-10
-0.5,-0.92,0.4936,1.026e-09
-0.48,-0.92,0.4933,1.417e-09
-0.46,-0.92,0.4931,1.813e-09
-0.44,-0.92,0.4928,2.321e-09
-0.42,-0.92,0.4926,2.97e-09
-0.4,-0.92,0.4924,3.8e-09
-0.38,-0.92,0.4921,4.863e-09
-0.36,-0.92,0.4919,6.224e-09
-0.34,-0.92,0.4916,7.964e-09
-0.32,-0.92,0.4914,1.019e-08
-0.3,-0.92,0.4911,1.304e-08
-0.28,-0.92,0.4909,1.669e-08
-0.26,-0.92,0.4906,2.174e-08
-0.24,-0.92,0.4904,2.856e-08
-0.22,-0.92,0.4901,3.829e-08
-0.2,-0.92,0.4899,5.145e-08
-0.18,-0.92,0.4896,6.922e-08
-0.16,-0.92,0.4894,9.492e-08
-0.14,-0.92,0.4891,1.327e-07
-0.12,-0.92,0.4889,1.892e-07
-0.1,-0.92,0.4886,2.696e-07
-0.08,-0.92,0.4884,3.843e-07
-0.06,-0.92,0.4881,5.564e-07
-0.04,-0.92,0.4879,8.306e-07
-0.02,-0.92,0.4876,1.252e-06
0,-0.92,0.4874,1.908e-06
0.02,-0.92,0.4872,2.909e-06
0.04,-0.92,0.4869,4.434e-06
0.06,-0.92,0.4867,6.84e-06
0.08,-0.92,0.4864,1.063e-05
0.1,-0.92,0.4862,1.659e-05
0.12,-0.92,0.4859,2.641e-05
0.14,-0.92,0.4857,4.202e-05
0.16,-0.92,0.4854,4.805e-05
0.18,-0.92,0.4852,3.18e-05
0.2,-0.92,0.4849,1.991e-05
0.22,-0.92,0.4847,1.247e-05
0.24,-0.92,0.4844,6.935e-06
0.26,-0.92,0.4842,3.461e-06
0.28,-0.92,0.4839,1.754e-06
0.3,-0.92,0.4837,8.978e-07
0.32,-0.92,0.4834,4.598e-07
0.34,-0.92,0.4832,2.379e-07
0.36,-0.92,0.4829,1.022e-07
0.38,-0.92,0.4827,4.651e-08
0.4,-0.92,0.4824,2.194e-08
0.42,-0.92,0.4822,1.05e-08
0.44,-0.92,0.482,5.02e-09
0.46,-0.92,0.4817,2.401e-09
0.48,-0.92,0.4815,1.168e-09
0.5,-0.92,0.4812,5.945e-10
0.52,-0.92,0.481,3.128e-10
0.54,-0.92,0.4807,1.663e-10
0.56,-0.92,0.4805,8.95e-11
0.58,-0.92,0.4802,4.913e-11
0.6,-0.92,0.48,2.697e-11
0.62,-0.92,0.4797,1.48e-11
0.64,-0.92,0.4795,8.126e-12
0.66,-0.92,0.4792,4.461e-12
0.68,-0.92,0.479,2.449e-12
0.7,-0.92,0.4787,1.344e-12
0.72,-0.92,0.4785,7.379e-13
0.74,-0.92,0.4782,4.05e-13
0.76,-0.92,0.478,2.223e-13
0.78,-0.92,0.4777,1.221e-13
0.8,-0.92,0.4775,6.7e-14
0.82,-0.92,0.4773,3.678e-14
0.84,-0.92,0.477,2.019e-14
0.86,-0.92,0.4768,1.108e-14
0.88,-0.92,0.4765,6.084e-15
0.9,-0.92,0.4763,3.233e-15
0.92,-0.92,0.476,1.63e-15
0.94,-0.92,0.4758,8.221e-16
0.96,-0.92,0.4755,4.145e-16
0.98,-0.92,0.4753,2.09e-16
1,-0.92,0.475,1.054e-16
1.02,-0.92,0.4748,5.314e-17
1.04,-0.92,0.4745,2.68e-17
1.06,-0.92,0.4743,1.351e-17
1.08,-0.92,0.474,6.813e-18
1.1,-0.92,0.4738,3.436e-18
1.12,-0.92,0.4735,1.732e-18
1.14,-0.92,0.4733,8.735e-19
1.16,-0.92,0.473,4.405e-19
1.18,-0.92,0.4728,2.221e-19
1.2,-0.92,0.4726,1.089e-19
1.22,-0.92,0.4723,5.165e-20
1.24,-0.92,0.4721,2.449e-20
1.26,-0.92,0.4718,1.161e-20
1.28,-0.92,0.4716,5.503e-21
1.3,-0.92,0.4713,2.609e-21
1.32,-0.92,0.4711,1.237e-21
1.34,-0.92,0.4708,5.705e-22
1.36,-0.92,0.4706,2.602e-22
1.38,-0.92,0.4703,1.187e-22
1.4,-0.92,0.4701,5.124e-23
1.42,-0.92,0.4698,2.211e-23
1.44,-0.92,0.4696,9.539e-24
1.46,-0.92,0.4693,4.115e-24
1.48,-0.92,0.4691,1.776e-24
1.5,-0.92,0.4688,7.661e-25
1.52,-0.92,0.4686,3.305e-25
1.54,-0.92,0.4684,1.426e-25
1.56,-0.92,0.4681,6.153e-26
1.58,-0.92,0.4679,2.655e-26
1.6,-0.92,0.4676,1.145e-26
-1.6,-0.9,0.5072,5.35e-24
-1.58,-0.9,0.5069,1.157e-23
-1.56,-0.9,0.5067,2.504e-23
-1.54,-0.9,0.5064,5.417e-23
-1.52,-0.9,0.5062,1.172e-22
-1.5,-0.9,0.5059,2.535e-22
-1.48,-0.9,0.5057,5.484e-22
-1.46,-0.9,0.5054,1.161e-21
-1.44,-0.9,0.5052,2.395e-21
-1.42,-0.9,0.5049,4.713e-21
-1.4,-0.9,0.5047,9.275e-21
-1.38,-0.9,0.5044,1.825e-20
-1.36,-0.9,0.5042,3.591e-20
-1.34,-0.9,0.5039,6.96e-20
-1.32,-0.9,0.5037,1.308e-19
-1.3,-0.9,0.5034,2.459e-19
-1.28,-0.9,0.5032,4.623e-19
-1.26,-0.9,0.503,8.69e-19
-1.24,-0.9,0.5027,1.633e-18
-1.22,-0.9,0.5025,3.07e-18
-1.2,-0.9,0.5022,5.772e-18
-1.18,-0.9,0.502,1.085e-17
-1.16,-0.9,0.5017,2.039e-17
-1.14,-0.9,0.5015,3.834e-17
-1.12,-0.9,0.5012,7.207e-17
-1.1,-0.9,0.501,1.355e-16
-1.08,-0.9,0.5007,2.546e-16
-1.06,-0.9,0.5005,4.787e-16
-1.04,-0.9,0.5002,8.998e-16
-1.02,-0.9,0.5,1.66e-15
-1,-0.9,0.4997,2.893e-15
-0.98,-0.9,0.4995,5.042e-15
-0.96,-0.9,0.4992,8.787e-15
-0.94,-0.9,0.499,1.531e-14
-0.92,-0.9,0.4987,2.669e-14
-0.9,-0.9,0.4985,4.651e-14
-0.88,-0.9,0.4982,8.106e-14
-0.86,-0.9,0.498,1.413e-13
-0.84,-0.9,0.4977,2.462e-13
-0.82,-0.9,0.4975,4.291e-13
-0.8,-0.9,0.4973,7.478e-13
-0.78,-0.9,0.497,1.303e-12
-0.76,-0.9,0.4968,2.271e-12
-0.74,-0.9,0.4965,3.958e-12
-0.72,-0.9,0.4963,6.898e-12
-0.7,-0.9,0.496,1.202e-11
-0.68,-0.9,0.4958,2.13e-11
-0.66,-0.9,0.4955,3.822e-11
-0.64,-0.9,0.4953,6.855e-11
-0.62,-0.9,0.495,1.23e-10
-0.6,-0.9,0.4948,2.206e-10
-0.58,-0.9,0.4945,3.769e-10
-0.56,-0.9,0.4943,6.044e-10
-0.54,-0.9,0.494,9.693e-10
-0.52,-0.9,0.4938,1.554e-09
-0.5,-0.9,0.4935,2.319e-09
-0.48,-0.9,0.4933,3.314e-09
-0.46,-0.9,0.493,4.241e-09
-0.44,-0.9,0.4928,5.427e-09
-0.42,-0.9,0.4925,6.945e-09
-0.4,-0.9,0.4923,8.887e-09
-0.38,-0.9,0.492,1.137e-08
-0.36,-0.9,0.4918,1.455e-08
-0.34,-0.9,0.4916,1.863e-08
-0.32,-0.9,0.4913,2.384e-08
-0.3,-0.9,0.4911,3.109e-08
-0.28,-0.9,0.4908,4.089e-08
-0.26,-0.9,0.4906,5.494e-08
-0.24,-0.9,0.4903,7.381e-08
-0.22,-0.9,0.4901,9.955e-08
-0.2,-0.9,0.4898,1.38e-07
-0.18,-0.9,0.4896,1.932e-07
-0.16,-0.9,0.4893,2.753e-07
-0.14,-0.9,0.4891,3.924e-07
-0.12,-0.9,0.4888,5.593e-07
-0.1,-0.9,0.4886,8.258e-07
-0.08,-0.9,0.4883,1.233e-06
-0.06,-0.9,0.4881,1.871e-06
-0.04,-0.9,0.4878,2.852e-06
-0.02,-0.9,0.4876,4.347e-06
0,-0.9,0.4873,6.663e-06
0.02,-0.9,0.4871,1.035e-05
0.04,-0.9,0.4868,1.612e-05
0.06,-0.9,0.4866,2.566e-05
0.08,-0.9,0.4863,4.083e-05
0.1,-0.9,0.4861,6.498e-05
0.12,-0.9,0.4859,0.0001034
0.14,-0.9,0.4856,0.0001646
0.16,-0.9,0.4854,0.0001659
0.18,-0.9,0.4851,0.000114
0.2,-0.9,0.4849,7.137e-05
0.22,-0.9,0.4846,4.429e-05
0.24,-0.9,0.4844,2.163e-05
0.26,-0.9,0.4841,1.056e-05
0.28,-0.9,0.4839,5.156e-06
0.3,-0.9,0.4836,2.536e-06
0.32,-0.9,0.4834,1.294e-06
0.34,-0.9,0.4831,6.2e-07
0.36,-0.9,0.4829,2.522e-07
0.38,-0.9,0.4826,1.077e-07
0.4,-0.9,0.4824,4.888e-08
0.42,-0.9,0.4821,2.319e-08
0.44,-0.9,0.4819,1.109e-08
0.46,-0.9,0.4816,5.305e-09
0.48,-0.9,0.4814,2.538e-09
0.5,-0.9,0.4812,1.231e-09
0.52,-0.9,0.4809,6.25e-10
0.54,-0.9,0.4807,3.294e-10
0.56,-0.9,0.4804,1.751e-10
0.58,-0.9,0.4802,9.399e-11
0.6,-0.9,0.4799,5.159e-11
0.62,-0.9,0.4797,2.832e-11
0.64,-0.9,0.4794,1.555e-11
0.66,-0.9,0.4792,8.534e-12
0.68,-0.9,0.4789,4.685e-12
0.7,-0.9,0.4787,2.572e-12
0.72,-0.9,0.4784,1.412e-12
0.74,-0.9,0.4782,7.749e-13
0.76,-0.9,0.4779,4.254e-13
0.78,-0.9,0.4777,2.335e-13
0.8,-0.9,0.4774,1.282e-13
0.82,-0.9,0.4772,7.036e-14
0.84,-0.9,0.4769,3.862e-14
0.86,-0.9,0.4767,2.12e-14
0.88,-0.9,0.4765,1.164e-14
0.9,-0.9,0.4762,5.891e-15
0.92,-0.9,0.476,2.971e-15
0.94,-0.9,0.4757,1.498e-15
0.96,-0.9,0.4755,7.553e-16
0.98,-0.9,0.4752,3.808e-16
1,-0.9,0.475,1.92e-16
1.02,-0.9,0.4747,9.683e-17
1.04,-0.9,0.4745,4.883e-17
1.06,-0.9,0.4742,2.462e-17
1.08,-0.9,0.474,1.241e-17
1.1,-0.9,0.4737,6.26e-18
1.12,-0.9,0.4735,3.156e-18
1.14,-0.9,0.4732,1.592e-18
1.16,-0.9,0.473,8.026e-19
1.18,-0.9,0.4727,3.948e-19
1.2,-0.9,0.4725,1.872e-19
1.22,-0.9,0.4722,8.873e-20
1.24,-0.9,0.472,4.207e-20
1.26,-0.9,0.4718,1.994e-20
1.28,-0.9,0.4715,9.455e-21
1.3,-0.9,0.4713,4.322e-21
1.32,-0.9,0.471,1.972e-21
1.34,-0.9,0.4708,8.996e-22
1.36,-0.9,0.4705,4.088e-22
1.38,-0.9,0.4703,1.764e-22
1.4,-0.9,0.47,7.609e-23
1.42,-0.9,0.4698,3.283e-23
1.44,-0.9,0.4695,1.416e-23
1.46,-0.9,0.4693,6.111e-24
1.48,-0.9,0.469,2.637e-24
1.5,-0.9,0.4688,1.138e-24
1.52,-0.9,0.4685,4.908e-25
1.54,-0.9,0.4683,2.118e-25
1.56,-0.9,0.468,9.137e-26
1.58,-0.9,0.4678,3.942e-26
1.6,-0.9,0.4676,1.701e-26
-1.6,-0.88,0.5071,7.832e-24
-1.58,-0.88,0.5069,1.694e-23
-1.56,-0.88,0.5066,3.665e-23
-1.54,-0.88,0.5064,7.93e-23
-1.52,-0.88,0.5061,1.715e-22
-1.5,-0.88,0.5059,3.711e-22
-1.48,-0.88,0.5056,8.028e-22
-1.46,-0.88,0.5054,1.737e-21
-1.44,-0.88,0.5051,3.687e-21
-1.42,-0.88,0.5049,7.628e-21
-1.4,-0.88,0.5046,1.501e-20
-1.38,-0.88,0.5044,2.954e-20
-1.36,-0.88,0.5041,5.812e-20
-1.34,-0.88,0.5039,1.144e-19
-1.32,-0.88,0.5036,2.212e-19
-1.3,-0.88,0.5034,4.159e-19
-1.28,-0.88,0.5031,7.818e-19
-1.26,-0.88,0.5029,1.47e-18
-1.24,-0.88,0.5026,2.762e-18
-1.22,-0.88,0.5024,5.193e-18
-1.2,-0.88,0.5022,9.761e-18
-1.18,-0.88,0.5019,1.835e-17
-1.16,-0.88,0.5017,3.449e-17
-1.14,-0.88,0.5014,6.484e-17
-1.12,-0.88,0.5012,1.219e-16
-1.1,-0.88,0.5009,2.291e-16
-1.08,-0.88,0.5007,4.307e-16
-1.06,-0.88,0.5004,8.095e-16
-1.04,-0.88,0.5002,1.522e-15
-1.02,-0.88,0.4999,2.86e-15
-1,-0.88,0.4997,5.377e-15
-0.98,-0.88,0.4994,9.584e-15
-0.96,-0.88,0.4992,1.67e-14
-0.94,-0.88,0.4989,2.911e-14
-0.92,-0.88,0.4987,5.073e-14
-0.9,-0.88,0.4984,8.841e-14
-0.88,-0.88,0.4982,1.541e-13
-0.86,-0.88,0.4979,2.685e-13
-0.84,-0.88,0.4977,4.68e-13
-0.82,-0.88,0.4974,8.156e-13
-0.8,-0.88,0.4972,1.421e-12
-0.78,-0.88,0.4969,2.477e-12
-0.76,-0.88,0.4967,4.317e-12
-0.74,-0.88,0.4964,7.524e-12
-0.72,-0.88,0.4962,1.311e-11
-0.7,-0.88,0.496,2.325e-11
-0.68,-0.88,0.4957,4.171e-11
-0.66,-0.88,0.4955,7.481e-11
-0.64,-0.88,0.4952,1.342e-10
-0.62,-0.88,0.495,2.407e-10
-0.6,-0.88,0.4947,4.318e-10
-0.58,-0.88,0.4945,7.746e-10
-0.56,-0.88,0.4942,1.319e-09
-0.54,-0.88,0.494,2.115e-09
-0.52,-0.88,0.4937,3.392e-09
-0.5,-0.88,0.4935,5.241e-09
-0.48,-0.88,0.4932,7.595e-09
-0.46,-0.88,0.493,9.918e-09
-0.44,-0.88,0.4927,1.269e-08
-0.42,-0.88,0.4925,1.624e-08
-0.4,-0.88,0.4922,2.078e-08
-0.38,-0.88,0.492,2.66e-08
-0.36,-0.88,0.4917,3.404e-08
-0.34,-0.88,0.4915,4.447e-08
-0.32,-0.88,0.4912,5.866e-08
-0.3,-0.88,0.491,7.881e-08
-0.28,-0.88,0.4908,1.059e-07
-0.26,-0.88,0.4905,1.45e-07
-0.24,-0.88,0.4903,2.019e-07
-0.22,-0.88,0.49,2.813e-07
-0.2,-0.88,0.4898,4.007e-07
-0.18,-0.88,0.4895,5.712e-07
-0.16,-0.88,0.4893,8.211e-07
-0.14,-0.88,0.489,1.226e-06
-0.12,-0.88,0.4888,1.834e-06
-0.1,-0.88,0.4885,2.796e-06
-0.08,-0.88,0.4883,4.262e-06
-0.06,-0.88,0.488,6.498e-06
-0.04,-0.88,0.4878,1.008e-05
-0.02,-0.88,0.4875,1.567e-05
0,-0.88,0.4873,2.493e-05
0.02,-0.88,0.487,3.968e-05
0.04,-0.88,0.4868,6.315e-05
0.06,-0.88,0.4865,0.0001005
0.08,-0.88,0.4863,0.0001599
0.1,-0.88,0.486,0.0002545
0.12,-0.88,0.4858,0.0004049
0.14,-0.88,0.4855,0.0005882
0.16,-0.88,0.4853,0.0005728
0.18,-0.88,0.4851,0.0004085
0.2,-0.88,0.4848,0.0002558
0.22,-0.88,0.4846,0.0001381
0.24,-0.88,0.4843,6.743e-05
0.26,-0.88,0.4841,3.293e-05
0.28,-0.88,0.4838,1.608e-05
0.3,-0.88,0.4836,7.851e-06
0.32,-0.88,0.4833,3.833e-06
0.34,-0.88,0.4831,1.664e-06
0.36,-0.88,0.4828,6.582e-07
0.38,-0.88,0.4826,2.674e-07
0.4,-0.88,0.4823,1.134e-07
0.42,-0.88,0.4821,5.138e-08
0.44,-0.88,0.4818,2.45e-08
0.46,-0.88,0.4816,1.172e-08
0.48,-0.88,0.4813,5.606e-09
0.5,-0.88,0.4811,2.682e-09
0.52,-0.88,0.4808,1.298e-09
0.54,-0.88,0.4806,6.571e-10
0.56,-0.88,0.4804,3.468e-10
0.58,-0.88,0.4801,1.844e-10
0.6,-0.88,0.4799,9.87e-11
0.62,-0.88,0.4796,5.418e-11
0.64,-0.88,0.4794,2.974e-11
0.66,-0.88,0.4791,1.633e-11
0.68,-0.88,0.4789,8.962e-12
0.7,-0.88,0.4786,4.92e-12
0.72,-0.88,0.4784,2.701e-12
0.74,-0.88,0.4781,1.482e-12
0.76,-0.88,0.4779,8.138e-13
0.78,-0.88,0.4776,4.467e-13
0.8,-0.88,0.4774,2.452e-13
0.82,-0.88,0.4771,1.346e-13
0.84,-0.88,0.4769,7.389e-14
0.86,-0.88,0.4766,4.056e-14
0.88,-0.88,0.4764,2.129e-14
0.9,-0.88,0.4761,1.073e-14
0.92,-0.88,0.4759,5.413e-15
0.94,-0.88,0.4757,2.729e-15
0.96,-0.88,0.4754,1.376e-15
0.98,-0.88,0.4752,6.939e-16
1,-0.88,0.4749,3.499e-16
1.02,-0.88,0.4747,1.764e-16
1.04,-0.88,0.4744,8.897e-17
1.06,-0.88,0.4742,4.486e-17
1.08,-0.88,0.4739,2.262e-17
1.1,-0.88,0.4737,1.141e-17
1.12,-0.88,0.4734,5.751e-18
1.14,-0.88,0.4732,2.9e-18
1.16,-0.88,0.4729,1.431e-18
1.18,-0.88,0.4727,6.783e-19
1.2,-0.88,0.4724,3.216e-19
1.22,-0.88,0.4722,1.524e-19
1.24,-0.88,0.4719,7.178e-20
1.26,-0.88,0.4717,3.275e-20
1.28,-0.88,0.4714,1.494e-20
1.3,-0.88,0.4712,6.816e-21
1.32,-0.88,0.471,3.109e-21
1.34,-0.88,0.4707,1.407e-21
1.36,-0.88,0.4705,6.07e-22
1.38,-0.88,0.4702,2.619e-22
1.4,-0.88,0.47,1.13e-22
1.42,-0.88,0.4697,4.875e-23
1.44,-0.88,0.4695,2.103e-23
1.46,-0.88,0.4692,9.075e-24
1.48,-0.88,0.469,3.916e-24
1.5,-0.88,0.4687,1.689e-24
1.52,-0.88,0.4685,7.289e-25
1.54,-0.88,0.4682,3.145e-25
1.56,-0.88,0.468,1.357e-25
1.58,-0.88,0.4677,5.854e-26
1.6,-0.88,0.4675,2.526e-26
-1.6,-0.86,0.507,1.147e-23
-1.58,-0.86,0.5068,2.48e-23
-1.56,-0.86,0.5066,5.366e-23
-1.54,-0.86,0.5063,1.161e-22
-1.52,-0.86,0.5061,2.511e-22
-1.5,-0.86,0.5058,5.433e-22
-1.48,-0.86,0.5056,1.175e-21
-1.46,-0.86,0.5053,2.543e-21
-1.44,-0.86,0.5051,5.501e-21
-1.42,-0.86,0.5048,1.171e-20
-1.4,-0.86,0.5046,2.426e-20
-1.38,-0.86,0.5043,4.78e-20
-1.36,-0.86,0.5041,9.407e-20
-1.34,-0.86,0.5038,1.851e-19
-1.32,-0.86,0.5036,3.642e-19
-1.3,-0.86,0.5033,7.033e-19
-1.28,-0.86,0.5031,1.322e-18
-1.26,-0.86,0.5028,2.485e-18
-1.24,-0.86,0.5026,4.672e-18
-1.22,-0.86,0.5023,8.782e-18
-1.2,-0.86,0.5021,1.651e-17
-1.18,-0.86,0.5018,3.103e-17
-1.16,-0.86,0.5016,5.833e-17
-1.14,-0.86,0.5013,1.096e-16
-1.12,-0.86,0.5011,2.061e-16
-1.1,-0.86,0.5009,3.874e-16
-1.08,-0.86,0.5006,7.283e-16
-1.06,-0.86,0.5004,1.369e-15
-1.04,-0.86,0.5001,2.573e-15
-1.02,-0.86,0.4999,4.838e-15
-1,-0.86,0.4996,9.093e-15
-0.98,-0.86,0.4994,1.709e-14
-0.96,-0.86,0.4991,3.175e-14
-0.94,-0.86,0.4989,5.533e-14
-0.92,-0.86,0.4986,9.643e-14
-0.9,-0.86,0.4984,1.681e-13
-0.88,-0.86,0.4981,2.929e-13
-0.86,-0.86,0.4979,5.104e-13
-0.84,-0.86,0.4976,8.896e-13
-0.82,-0.86,0.4974,1.55e-12
-0.8,-0.86,0.4971,2.702e-12
-0.78,-0.86,0.4969,4.709e-12
-0.76,-0.86,0.4966,8.206e-12
-0.74,-0.86,0.4964,1.43e-11
-0.72,-0.86,0.4961,2.537e-11
-0.7,-0.86,0.4959,4.552e-11
-0.68,-0.86,0.4956,8.165e-11
-0.66,-0.86,0.4954,1.465e-10
-0.64,-0.86,0.4952,2.627e-10
-0.62,-0.86,0.4949,4.713e-10
-0.6,-0.86,0.4947,8.454e-10
-0.58,-0.86,0.4944,1.516e-09
-0.56,-0.86,0.4942,2.72e-09
-0.54,-0.86,0.4939,4.617e-09
-0.52,-0.86,0.4937,7.403e-09
-0.5,-0.86,0.4934,1.185e-08
-0.48,-0.86,0.4932,1.717e-08
-0.46,-0.86,0.4929,2.319e-08
-0.44,-0.86,0.4927,2.968e-08
-0.42,-0.86,0.4924,3.798e-08
-0.4,-0.86,0.4922,4.861e-08
-0.38,-0.86,0.4919,6.361e-08
-0.36,-0.86,0.4917,8.415e-08
-0.34,-0.86,0.4914,1.131e-07
-0.32,-0.86,0.4912,1.541e-07
-0.3,-0.86,0.4909,2.121e-07
-0.28,-0.86,0.4907,2.954e-07
-0.26,-0.86,0.4904,4.115e-07
-0.24,-0.86,0.4902,5.833e-07
-0.22,-0.86,0.4899,8.314e-07
-0.2,-0.86,0.4897,1.219e-06
-0.18,-0.86,0.4895,1.819e-06
-0.16,-0.86,0.4892,2.742e-06
-0.14,-0.86,0.489,4.179e-06
-0.12,-0.86,0.4887,6.371e-06
-0.1,-0.86,0.4885,9.823e-06
-0.08,-0.86,0.4882,1.526e-05
-0.06,-0.86,0.488,2.423e-05
-0.04,-0.86,0.4877,3.856e-05
-0.02,-0.86,0.4875,6.136e-05
0,-0.86,0.4872,9.765e-05
0.02,-0.86,0.487,0.0001554
0.04,-0.86,0.4867,0.0002473
0.06,-0.86,0.4865,0.0003935
0.08,-0.86,0.4862,0.000626
0.1,-0.86,0.486,0.0009959
0.12,-0.86,0.4857,0.001584
0.14,-0.86,0.4855,0.001944
0.16,-0.86,0.4852,0.001976
0.18,-0.86,0.485,0.001463
0.2,-0.86,0.4847,0.0008812
0.22,-0.86,0.4845,0.0004305
0.24,-0.86,0.4843,0.0002102
0.26,-0.86,0.484,0.0001027
0.28,-0.86,0.4838,5.013e-05
0.3,-0.86,0.4835,2.448e-05
0.32,-0.86,0.4833,1.195e-05
0.34,-0.86,0.483,4.887e-06
0.36,-0.86,0.4828,1.799e-06
0.38,-0.86,0.4825,6.988e-07
0.4,-0.86,0.4823,2.835e-07
0.42,-0.86,0.482,1.195e-07
0.44,-0.86,0.4818,5.414e-08
0.46,-0.86,0.4815,2.59e-08
0.48,-0.86,0.4813,1.239e-08
0.5,-0.86,0.481,5.924e-09
0.52,-0.86,0.4808,2.834e-09
0.54,-0.86,0.4805,1.369e-09
0.56,-0.86,0.4803,6.908e-10
0.58,-0.86,0.48,3.652e-10
0.6,-0.86,0.4798,1.941e-10
0.62,-0.86,0.4795,1.037e-10
0.64,-0.86,0.4793,5.69e-11
0.66,-0.86,0.4791,3.124e-11
0.68,-0.86,0.4788,1.715e-11
0.7,-0.86,0.4786,9.412e-12
0.72,-0.86,0.4783,5.167e-12
0.74,-0.86,0.4781,2.836e-12
0.76,-0.86,0.4778,1.557e-12
0.78,-0.86,0.4776,8.546e-13
0.8,-0.86,0.4773,4.691e-13
0.82,-0.86,0.4771,2.575e-13
0.84,-0.86,0.4768,1.414e-13
0.86,-0.86,0.4766,7.693e-14
0.88,-0.86,0.4763,3.879e-14
0.9,-0.86,0.4761,1.956e-14
0.92,-0.86,0.4758,9.862e-15
0.94,-0.86,0.4756,4.973e-15
0.96,-0.86,0.4753,2.508e-15
0.98,-0.86,0.4751,1.264e-15
1,-0.86,0.4749,6.376e-16
1.02,-0.86,0.4746,3.215e-16
1.04,-0.86,0.4744,1.621e-16
1.06,-0.86,0.4741,8.174e-17
1.08,-0.86,0.4739,4.122e-17
1.1,-0.86,0.4736,2.078e-17
1.12,-0.86,0.4734,1.048e-17
1.14,-0.86,0.4731,5.185e-18
1.16,-0.86,0.4729,2.458e-18
1.18,-0.86,0.4726,1.165e-18
1.2,-0.86,0.4724,5.439e-19
1.22,-0.86,0.4721,2.481e-19
1.24,-0.86,0.4719,1.132e-19
1.26,-0.86,0.4716,5.164e-20
1.28,-0.86,0.4714,2.356e-20
1.3,-0.86,0.4711,1.075e-20
1.32,-0.86,0.4709,4.842e-21
1.34,-0.86,0.4707,2.089e-21
1.36,-0.86,0.4704,9.014e-22
1.38,-0.86,0.4702,3.889e-22
1.4,-0.86,0.4699,1.678e-22
1.42,-0.86,0.4697,7.24e-23
1.44,-0.86,0.4694,3.124e-23
1.46,-0.86,0.4692,1.348e-23
1.48,-0.86,0.4689,5.815e-24
1.5,-0.86,0.4687,2.509e-24
1.52,-0.86,0.4684,1.082e-24
1.54,-0.86,0.4682,4.67e-25
1.56,-0.86,0.4679,2.015e-25
1.58,-0.86,0.4677,8.693e-26
1.6,-0.86,0.4674,3.751e-26
-1.6,-0.84,0.507,1.679e-23
-1.58,-0.84,0.5067,3.631e-23
-1.56,-0.84,0.5065,7.856e-23
-1.54,-0.84,0.5062,1.699e-22
-1.52,-0.84,0.506,3.677e-22
-1.5,-0.84,0.5058,7.954e-22
-1.48,-0.84,0.5055,1.721e-21
-1.46,-0.84,0.5053,3.722e-21
-1.44,-0.84,0.505,8.053e-21
-1.42,-0.84,0.5048,1.742e-20
-1.4,-0.84,0.5045,3.718e-20
-1.38,-0.84,0.5043,7.703e-20
-1.36,-0.84,0.504,1.522e-19
-1.34,-0.84,0.5038,2.996e-19
-1.32,-0.84,0.5035,5.895e-19
-1.3,-0.84,0.5033,1.16e-18
-1.28,-0.84,0.503,2.236e-18
-1.26,-0.84,0.5028,4.203e-18
-1.24,-0.84,0.5025,7.901e-18
-1.22,-0.84,0.5023,1.485e-17
-1.2,-0.84,0.502,2.792e-17
-1.18,-0.84,0.5018,5.248e-17
-1.16,-0.84,0.5015,9.865e-17
-1.14,-0.84,0.5013,1.854e-16
-1.12,-0.84,0.501,3.486e-16
-1.1,-0.84,0.5008,6.552e-16
-1.08,-0.84,0.5005,1.232e-15
-1.06,-0.84,0.5003,2.315e-15
-1.04,-0.84,0.5001,4.352e-15
-1.02,-0.84,0.4998,8.181e-15
-1,-0.84,0.4996,1.538e-14
-0.98,-0.84,0.4993,2.891e-14
-0.96,-0.84,0.4991,5.434e-14
-0.94,-0.84,0.4988,1.021e-13
-0.92,-0.84,0.4986,1.833e-13
-0.9,-0.84,0.4983,3.195e-13
-0.88,-0.84,0.4981,5.568e-13
-0.86,-0.84,0.4978,9.703e-13
-0.84,-0.84,0.4976,1.691e-12
-0.82,-0.84,0.4973,2.947e-12
-0.8,-0.84,0.4971,5.136e-12
-0.78,-0.84,0.4968,8.951e-12
-0.76,-0.84,0.4966,1.56e-11
-0.74,-0.84,0.4963,2.769e-11
-0.72,-0.84,0.4961,4.968e-11
-0.7,-0.84,0.4958,8.911e-11
-0.68,-0.84,0.4956,1.598e-10
-0.66,-0.84,0.4953,2.867e-10
-0.64,-0.84,0.4951,5.143e-10
-0.62,-0.84,0.4948,9.226e-10
-0.6,-0.84,0.4946,1.655e-09
-0.58,-0.84,0.4944,2.969e-09
-0.56,-0.84,0.4941,5.325e-09
-0.54,-0.84,0.4939,9.552e-09
-0.52,-0.84,0.4936,1.616e-08
-0.5,-0.84,0.4934,2.591e-08
-0.48,-0.84,0.4931,3.881e-08
-0.46,-0.84,0.4929,5.424e-08
-0.44,-0.84,0.4926,6.941e-08
-0.42,-0.84,0.4924,9.099e-08
-0.4,-0.84,0.4921,1.207e-07
-0.38,-0.84,0.4919,1.647e-07
-0.36,-0.84,0.4916,2.248e-07
-0.34,-0.84,0.4914,3.103e-07
-0.32,-0.84,0.4911,4.322e-07
-0.3,-0.84,0.4909,6.02e-07
-0.28,-0.84,0.4906,8.49e-07
-0.26,-0.84,0.4904,1.217e-06
-0.24,-0.84,0.4901,1.809e-06
-0.22,-0.84,0.4899,2.7e-06
-0.2,-0.84,0.4896,4.098e-06
-0.18,-0.84,0.4894,6.247e-06
-0.16,-0.84,0.4891,9.569e-06
-0.14,-0.84,0.4889,1.487e-05
-0.12,-0.84,0.4887,2.354e-05
-0.1,-0.84,0.4884,3.747e-05
-0.08,-0.84,0.4882,5.963e-05
-0.06,-0.84,0.4879,9.489e-05
-0.04,-0.84,0.4877,0.000151
-0.02,-0.84,0.4874,0.0002403
0,-0.84,0.4872,0.0003823
0.02,-0.84,0.4869,0.0006083
0.04,-0.84,0.4867,0.0009678
0.06,-0.84,0.4864,0.001539
0.08,-0.84,0.4862,0.002447
0.1,-0.84,0.4859,0.003889
0.12,-0.84,0.4857,0.005632
0.14,-0.84,0.4854,0.006403
0.16,-0.84,0.4852,0.006791
0.18,-0.84,0.4849,0.005225
0.2,-0.84,0.4847,0.002743
0.22,-0.84,0.4844,0.001341
0.24,-0.84,0.4842,0.0006553
0.26,-0.84,0.4839,0.0003201
0.28,-0.84,0.4837,0.0001563
0.3,-0.84,0.4835,7.633e-05
0.32,-0.84,0.4832,3.727e-05
0.34,-0.84,0.483,1.446e-05
0.36,-0.84,0.4827,5.321e-06
0.38,-0.84,0.4825,1.958e-06
0.4,-0.84,0.4822,7.419e-07
0.42,-0.84,0.482,3.005e-07
0.44,-0.84,0.4817,1.258e-07
0.46,-0.84,0.4815,5.721e-08
0.48,-0.84,0.4812,2.736e-08
0.5,-0.84,0.481,1.309e-08
0.52,-0.84,0.4807,6.261e-09
0.54,-0.84,0.4805,2.995e-09
0.56,-0.84,0.4802,1.444e-09
0.58,-0.84,0.48,7.262e-10
0.6,-0.84,0.4797,3.846e-10
0.62,-0.84,0.4795,2.044e-10
0.64,-0.84,0.4792,1.089e-10
0.66,-0.84,0.479,5.976e-11
0.68,-0.84,0.4787,3.28e-11
0.7,-0.84,0.4785,1.801e-11
0.72,-0.84,0.4783,9.885e-12
0.74,-0.84,0.478,5.426e-12
0.76,-0.84,0.4778,2.979e-12
0.78,-0.84,0.4775,1.635e-12
0.8,-0.84,0.4773,8.975e-13
0.82,-0.84,0.477,4.927e-13
0.84,-0.84,0.4768,2.705e-13
0.86,-0.84,0.4765,1.402e-13
0.88,-0.84,0.4763,7.068e-14
0.9,-0.84,0.476,3.564e-14
0.92,-0.84,0.4758,1.797e-14
0.94,-0.84,0.4755,9.061e-15
0.96,-0.84,0.4753,4.569e-15
0.98,-0.84,0.475,2.304e-15
1,-0.84,0.4748,1.162e-15
1.02,-0.84,0.4745,5.858e-16
1.04,-0.84,0.4743,2.954e-16
1.06,-0.84,0.4741,1.489e-16
1.08,-0.84,0.4738,7.51e-17
1.1,-0.84,0.4736,3.787e-17
1.12,-0.84,0.4733,1.879e-17
1.14,-0.84,0.4731,8.908e-18
1.16,-0.84,0.4728,4.121e-18
1.18,-0.84,0.4726,1.88e-18
1.2,-0.84,0.4723,8.577e-19
1.22,-0.84,0.4721,3.913e-19
1.24,-0.84,0.4718,1.785e-19
1.26,-0.84,0.4716,8.144e-20
1.28,-0.84,0.4713,3.715e-20
1.3,-0.84,0.4711,1.667e-20
1.32,-0.84,0.4708,7.191e-21
1.34,-0.84,0.4706,3.103e-21
1.36,-0.84,0.4703,1.339e-21
1.38,-0.84,0.4701,5.775e-22
1.4,-0.84,0.4699,2.492e-22
1.42,-0.84,0.4696,1.075e-22
1.44,-0.84,0.4694,4.639e-23
1.46,-0.84,0.4691,2.001e-23
1.48,-0.84,0.4689,8.635e-24
1.5,-0.84,0.4686,3.725e-24
1.52,-0.84,0.4684,1.607e-24
1.54,-0.84,0.4681,6.935e-25
1.56,-0.84,0.4679,2.992e-25
1.58,-0.84,0.4676,1.291e-25
1.6,-0.84,0.4674,5.57e-26
-1.6,-0.82,0.5069,2.457e-23
-1.58,-0.82,0.5067,5.316e-23
-1.56,-0.82,0.5064,1.15e-22
-1.54,-0.82,0.5062,2.488e-22
-1.52,-0.82,0.5059,5.382e-22
-1.5,-0.82,0.5057,1.164e-21
-1.48,-0.82,0.5054,2.519e-21
-1.46,-0.82,0.5052,5.45e-21
-1.44,-0.82,0.5049,1.179e-20
-1.42,-0.82,0.5047,2.55e-20
-1.4,-0.82,0.5045,5.517e-20
-1.38,-0.82,0.5042,1.18e-19
-1.36,-0.82,0.504,2.446e-19
-1.34,-0.82,0.5037,4.848e-19
-1.32,-0.82,0.5035,9.54e-19
-1.3,-0.82,0.5032,1.877e-18
-1.28,-0.82,0.503,3.694e-18
-1.26,-0.82,0.5027,7.108e-18
-1.24,-0.82,0.5025,1.336e-17
-1.22,-0.82,0.5022,2.512e-17
-1.2,-0.82,0.502,4.721e-17
-1.18,-0.82,0.5017,8.875e-17
-1.16,-0.82,0.5015,1.668e-16
-1.14,-0.82,0.5012,3.136e-16
-1.12,-0.82,0.501,5.895e-16
-1.1,-0.82,0.5007,1.108e-15
-1.08,-0.82,0.5005,2.083e-15
-1.06,-0.82,0.5002,3.916e-15
-1.04,-0.82,0.5,7.36e-15
-1.02,-0.82,0.4997,1.384e-14
-1,-0.82,0.4995,2.601e-14
-0.98,-0.82,0.4992,4.889e-14
-0.96,-0.82,0.499,9.19e-14
-0.94,-0.82,0.4988,1.728e-13
-0.92,-0.82,0.4985,3.247e-13
-0.9,-0.82,0.4983,6.073e-13
-0.88,-0.82,0.498,1.058e-12
-0.86,-0.82,0.4978,1.844e-12
-0.84,-0.82,0.4975,3.214e-12
-0.82,-0.82,0.4973,5.602e-12
-0.8,-0.82,0.497,9.763e-12
-0.78,-0.82,0.4968,1.701e-11
-0.76,-0.82,0.4965,3.022e-11
-0.74,-0.82,0.4963,5.422e-11
-0.72,-0.82,0.496,9.725e-11
-0.7,-0.82,0.4958,1.744e-10
-0.68,-0.82,0.4955,3.129e-10
-0.66,-0.82,0.4953,5.613e-10
-0.64,-0.82,0.495,1.007e-09
-0.62,-0.82,0.4948,1.806e-09
-0.6,-0.82,0.4945,3.24e-09
-0.58,-0.82,0.4943,5.812e-09
-0.56,-0.82,0.494,1.043e-08
-0.54,-0.82,0.4938,1.87e-08
-0.52,-0.82,0.4935,3.355e-08
-0.5,-0.82,0.4933,5.654e-08
-0.48,-0.82,0.4931,8.771e-08
-0.46,-0.82,0.4928,1.303e-07
-0.44,-0.82,0.4926,1.761e-07
-0.42,-0.82,0.4923,2.404e-07
-0.4,-0.82,0.4921,3.28e-07
-0.38,-0.82,0.4918,4.539e-07
-0.36,-0.82,0.4916,6.322e-07
-0.34,-0.82,0.4913,8.806e-07
-0.32,-0.82,0.4911,1.236e-06
-0.3,-0.82,0.4908,1.799e-06
-0.28,-0.82,0.4906,2.685e-06
-0.26,-0.82,0.4903,4.018e-06
-0.24,-0.82,0.4901,6.125e-06
-0.22,-0.82,0.4898,9.336e-06
-0.2,-0.82,0.4896,1.448e-05
-0.18,-0.82,0.4893,2.288e-05
-0.16,-0.82,0.4891,3.641e-05
-0.14,-0.82,0.4888,5.794e-05
-0.12,-0.82,0.4886,9.221e-05
-0.1,-0.82,0.4883,0.0001467
-0.08,-0.82,0.4881,0.0002335
-0.06,-0.82,0.4879,0.0003715
-0.04,-0.82,0.4876,0.0005912
-0.02,-0.82,0.4874,0.0009405
0,-0.82,0.4871,0.001496
0.02,-0.82,0.4869,0.002378
0.04,-0.82,0.4866,0.00378
0.06,-0.82,0.4864,0.006002
0.08,-0.82,0.4861,0.009518
0.1,-0.82,0.4859,0.01506
0.12,-0.82,0.4856,0.0184
0.14,-0.82,0.4854,0.02088
0.16,-0.82,0.4851,0.02307
0.18,-0.82,0.4849,0.01726
0.2,-0.82,0.4846,0.008502
0.22,-0.82,0.4844,0.00417
0.24,-0.82,0.4841,0.00204
0.26,-0.82,0.4839,0.0009973
0.28,-0.82,0.4836,0.0004872
0.3,-0.82,0.4834,0.000238
0.32,-0.82,0.4831,0.0001162
0.34,-0.82,0.4829,4.276e-05
0.36,-0.82,0.4827,1.574e-05
0.38,-0.82,0.4824,5.793e-06
0.4,-0.82,0.4822,2.132e-06
0.42,-0.82,0.4819,7.976e-07
0.44,-0.82,0.4817,3.186e-07
0.46,-0.82,0.4814,1.326e-07
0.48,-0.82,0.4812,6.046e-08
0.5,-0.82,0.4809,2.892e-08
0.52,-0.82,0.4807,1.383e-08
0.54,-0.82,0.4804,6.616e-09
0.56,-0.82,0.4802,3.164e-09
0.58,-0.82,0.4799,1.522e-09
0.6,-0.82,0.4797,7.635e-10
0.62,-0.82,0.4794,4.05e-10
0.64,-0.82,0.4792,2.153e-10
0.66,-0.82,0.4789,1.144e-10
0.68,-0.82,0.4787,6.276e-11
0.7,-0.82,0.4784,3.445e-11
0.72,-0.82,0.4782,1.891e-11
0.74,-0.82,0.4779,1.038e-11
0.76,-0.82,0.4777,5.698e-12
0.78,-0.82,0.4775,3.128e-12
0.8,-0.82,0.4772,1.717e-12
0.82,-0.82,0.477,9.426e-13
0.84,-0.82,0.4767,5.065e-13
0.86,-0.82,0.4765,2.554e-13
0.88,-0.82,0.4762,1.288e-13
0.9,-0.82,0.476,6.494e-14
0.92,-0.82,0.4757,3.274e-14
0.94,-0.82,0.4755,1.651e-14
0.96,-0.82,0.4752,8.325e-15
0.98,-0.82,0.475,4.198e-15
1,-0.82,0.4747,2.117e-15
1.02,-0.82,0.4745,1.067e-15
1.04,-0.82,0.4742,5.382e-16
1.06,-0.82,0.474,2.714e-16
1.08,-0.82,0.4737,1.368e-16
1.1,-0.82,0.4735,6.809e-17
1.12,-0.82,0.4733,3.122e-17
1.14,-0.82,0.473,1.424e-17
1.16,-0.82,0.4728,6.498e-18
1.18,-0.82,0.4725,2.965e-18
1.2,-0.82,0.4723,1.352e-18
1.22,-0.82,0.472,6.17e-19
1.24,-0.82,0.4718,2.815e-19
1.26,-0.82,0.4715,1.284e-19
1.28,-0.82,0.4713,5.737e-20
1.3,-0.82,0.471,2.475e-20
1.32,-0.82,0.4708,1.068e-20
1.34,-0.82,0.4705,4.607e-21
1.36,-0.82,0.4703,1.988e-21
1.38,-0.82,0.47,8.576e-22
1.4,-0.82,0.4698,3.7e-22
1.42,-0.82,0.4695,1.597e-22
1.44,-0.82,0.4693,6.888e-23
1.46,-0.82,0.4691,2.972e-23
1.48,-0.82,0.4688,1.282e-23
1.5,-0.82,0.4686,5.532e-24
1.52,-0.82,0.4683,2.387e-24
1.54,-0.82,0.4681,1.03e-24
1.56,-0.82,0.4678,4.443e-25
1.58,-0.82,0.4676,1.917e-25
1.6,-0.82,0.4673,8.271e-26
-1.6,-0.8,0.5069,3.598e-23
-1.58,-0.8,0.5066,7.783e-23
-1.56,-0.8,0.5064,1.684e-22
-1.54,-0.8,0.5061,3.642e-22
-1.52,-0.8,0.5059,7.88e-22
-1.5,-0.8,0.5056,1.705e-21
-1.48,-0.8,0.5054,3.688e-21
-1.46,-0.8,0.5051,7.978e-21
-1.44,-0.8,0.5049,1.726e-20
-1.42,-0.8,0.5046,3.734e-20
-1.4,-0.8,0.5044,8.077e-20
-1.38,-0.8,0.5041,1.747e-19
-1.36,-0.8,0.5039,3.748e-19
-1.34,-0.8,0.5037,7.766e-19
-1.32,-0.8,0.5034,1.544e-18
-1.3,-0.8,0.5032,3.038e-18
-1.28,-0.8,0.5029,5.979e-18
-1.26,-0.8,0.5027,1.176e-17
-1.24,-0.8,0.5024,2.26e-17
-1.22,-0.8,0.5022,4.248e-17
-1.2,-0.8,0.5019,7.985e-17
-1.18,-0.8,0.5017,1.501e-16
-1.16,-0.8,0.5014,2.821e-16
-1.14,-0.8,0.5012,5.304e-16
-1.12,-0.8,0.5009,9.969e-16
-1.1,-0.8,0.5007,1.874e-15
-1.08,-0.8,0.5004,3.523e-15
-1.06,-0.8,0.5002,6.622e-15
-1.04,-0.8,0.4999,1.245e-14
-1.02,-0.8,0.4997,2.34e-14
-1,-0.8,0.4994,4.398e-14
-0.98,-0.8,0.4992,8.268e-14
-0.96,-0.8,0.4989,1.554e-13
-0.94,-0.8,0.4987,2.922e-13
-0.92,-0.8,0.4984,5.492e-13
-0.9,-0.8,0.4982,1.032e-12
-0.88,-0.8,0.498,1.941e-12
-0.86,-0.8,0.4977,3.506e-12
-0.84,-0.8,0.4975,6.11e-12
-0.82,-0.8,0.4972,1.065e-11
-0.8,-0.8,0.497,1.856e-11
-0.78,-0.8,0.4967,3.299e-11
-0.76,-0.8,0.4965,5.917e-11
-0.74,-0.8,0.4962,1.061e-10
-0.72,-0.8,0.496,1.904e-10
-0.7,-0.8,0.4957,3.415e-10
-0.68,-0.8,0.4955,6.126e-10
-0.66,-0.8,0.4952,1.099e-09
-0.64,-0.8,0.495,1.971e-09
-0.62,-0.8,0.4947,3.536e-09
-0.6,-0.8,0.4945,6.343e-09
-0.58,-0.8,0.4942,1.138e-08
-0.56,-0.8,0.494,2.041e-08
-0.54,-0.8,0.4937,3.661e-08
-0.52,-0.8,0.4935,6.567e-08
-0.5,-0.8,0.4932,1.196e-07
-0.48,-0.8,0.493,2.157e-07
-0.46,-0.8,0.4927,3.385e-07
-0.44,-0.8,0.4925,4.786e-07
-0.42,-0.8,0.4923,6.64e-07
-0.4,-0.8,0.492,9.249e-07
-0.38,-0.8,0.4918,1.288e-06
-0.36,-0.8,0.4915,1.804e-06
-0.34,-0.8,0.4913,2.67e-06
-0.32,-0.8,0.491,3.985e-06
-0.3,-0.8,0.4908,6.005e-06
-0.28,-0.8,0.4905,9.154e-06
-0.26,-0.8,0.4903,1.411e-05
-0.24,-0.8,0.49,2.223e-05
-0.22,-0.8,0.4898,3.538e-05
-0.2,-0.8,0.4895,5.63e-05
-0.18,-0.8,0.4893,8.96e-05
-0.16,-0.8,0.489,0.0001426
-0.14,-0.8,0.4888,0.0002269
-0.12,-0.8,0.4885,0.000361
-0.1,-0.8,0.4883,0.0005744
-0.08,-0.8,0.488,0.0009139
-0.06,-0.8,0.4878,0.001454
-0.04,-0.8,0.4875,0.002311
-0.02,-0.8,0.4873,0.003673
0,-0.8,0.4871,0.005833
0.02,-0.8,0.4868,0.009251
0.04,-0.8,0.4866,0.01464
0.06,-0.8,0.4863,0.0231
0.08,-0.8,0.4861,0.03627
0.1,-0.8,0.4858,0.05168
0.12,-0.8,0.4856,0.05839
0.14,-0.8,0.4853,0.0659
0.16,-0.8,0.4851,0.07431
0.18,-0.8,0.4848,0.05192
0.2,-0.8,0.4846,0.02604
0.22,-0.8,0.4843,0.01289
0.24,-0.8,0.4841,0.006335
0.26,-0.8,0.4838,0.003103
0.28,-0.8,0.4836,0.001518
0.3,-0.8,0.4833,0.0007417
0.32,-0.8,0.4831,0.0003436
0.34,-0.8,0.4828,0.0001265
0.36,-0.8,0.4826,4.656e-05
0.38,-0.8,0.4823,1.714e-05
0.4,-0.8,0.4821,6.308e-06
0.42,-0.8,0.4819,2.322e-06
0.44,-0.8,0.4816,8.619e-07
0.46,-0.8,0.4814,3.378e-07
0.48,-0.8,0.4811,1.399e-07
0.5,-0.8,0.4809,6.389e-08
0.52,-0.8,0.4806,3.056e-08
0.54,-0.8,0.4804,1.462e-08
0.56,-0.8,0.4801,6.991e-09
0.58,-0.8,0.4799,3.344e-09
0.6,-0.8,0.4796,1.605e-09
0.62,-0.8,0.4794,8.027e-10
0.64,-0.8,0.4791,4.265e-10
0.66,-0.8,0.4789,2.267e-10
0.68,-0.8,0.4786,1.205e-10
0.7,-0.8,0.4784,6.591e-11
0.72,-0.8,0.4781,3.618e-11
0.74,-0.8,0.4779,1.986e-11
0.76,-0.8,0.4776,1.09e-11
0.78,-0.8,0.4774,5.984e-12
0.8,-0.8,0.4771,3.285e-12
0.82,-0.8,0.4769,1.803e-12
0.84,-0.8,0.4767,9.229e-13
0.86,-0.8,0.4764,4.654e-13
0.88,-0.8,0.4762,2.347e-13
0.9,-0.8,0.4759,1.183e-13
0.92,-0.8,0.4757,5.966e-14
0.94,-0.8,0.4754,3.008e-14
0.96,-0.8,0.4752,1.517e-14
0.98,-0.8,0.4749,7.649e-15
1,-0.8,0.4747,3.857e-15
1.02,-0.8,0.4744,1.945e-15
1.04,-0.8,0.4742,9.807e-16
1.06,-0.8,0.4739,4.927e-16
1.08,-0.8,0.4737,2.366e-16
1.1,-0.8,0.4734,1.079e-16
1.12,-0.8,0.4732,4.924e-17
1.14,-0.8,0.4729,2.246e-17
1.16,-0.8,0.4727,1.025e-17
1.18,-0.8,0.4725,4.675e-18
1.2,-0.8,0.4722,2.133e-18
1.22,-0.8,0.472,9.73e-19
1.24,-0.8,0.4717,4.439e-19
1.26,-0.8,0.4715,1.974e-19
1.28,-0.8,0.4712,8.519e-20
1.3,-0.8,0.471,3.675e-20
1.32,-0.8,0.4707,1.586e-20
1.34,-0.8,0.4705,6.842e-21
1.36,-0.8,0.4702,2.952e-21
1.38,-0.8,0.47,1.274e-21
1.4,-0.8,0.4697,5.495e-22
1.42,-0.8,0.4695,2.371e-22
1.44,-0.8,0.4692,1.023e-22
1.46,-0.8,0.469,4.413e-23
1.48,-0.8,0.4687,1.904e-23
1.5,-0.8,0.4685,8.215e-24
1.52,-0.8,0.4683,3.544e-24
1.54,-0.8,0.468,1.529e-24
1.56,-0.8,0.4678,6.598e-25
1.58,-0.8,0.4675,2.847e-25
1.6,-0.8,0.4673,1.228e-25
-1.6,-0.78,0.5068,5.267e-23
-1.58,-0.78,0.5066,1.139e-22
-1.56,-0.78,0.5063,2.465e-22
-1.54,-0.78,0.5061,5.332e-22
-1.52,-0.78,0.5058,1.154e-21
-1.5,-0.78,0.5056,2.496e-21
-1.48,-0.78,0.5053,5.399e-21
-1.46,-0.78,0.5051,1.168e-20
-1.44,-0.78,0.5048,2.527e-20
-1.42,-0.78,0.5046,5.466e-20
-1.4,-0.78,0.5043,1.183e-19
-1.38,-0.78,0.5041,2.558e-19
-1.36,-0.78,0.5038,5.534e-19
-1.34,-0.78,0.5036,1.19e-18
-1.32,-0.78,0.5033,2.466e-18
-1.3,-0.78,0.5031,4.917e-18
-1.28,-0.78,0.5029,9.676e-18
-1.26,-0.78,0.5026,1.904e-17
-1.24,-0.78,0.5024,3.747e-17
-1.22,-0.78,0.5021,7.184e-17
-1.2,-0.78,0.5019,1.35e-16
-1.18,-0.78,0.5016,2.538e-16
-1.16,-0.78,0.5014,4.771e-16
-1.14,-0.78,0.5011,8.969e-16
-1.12,-0.78,0.5009,1.686e-15
-1.1,-0.78,0.5006,3.169e-15
-1.08,-0.78,0.5004,5.958e-15
-1.06,-0.78,0.5001,1.12e-14
-1.04,-0.78,0.4999,2.105e-14
-1.02,-0.78,0.4996,3.957e-14
-1,-0.78,0.4994,7.439e-14
-0.98,-0.78,0.4991,1.398e-13
-0.96,-0.78,0.4989,2.628e-13
-0.94,-0.78,0.4986,4.941e-13
-0.92,-0.78,0.4984,9.288e-13
-0.9,-0.78,0.4981,1.746e-12
-0.88,-0.78,0.4979,3.282e-12
-0.86,-0.78,0.4976,6.169e-12
-0.84,-0.78,0.4974,1.16e-11
-0.82,-0.78,0.4972,2.024e-11
-0.8,-0.78,0.4969,3.6e-11
-0.78,-0.78,0.4967,6.458e-11
-0.76,-0.78,0.4964,1.158e-10
-0.74,-0.78,0.4962,2.078e-10
-0.72,-0.78,0.4959,3.727e-10
-0.7,-0.78,0.4957,6.686e-10
-0.68,-0.78,0.4954,1.199e-09
-0.66,-0.78,0.4952,2.151e-09
-0.64,-0.78,0.4949,3.859e-09
-0.62,-0.78,0.4947,6.922e-09
-0.6,-0.78,0.4944,1.242e-08
-0.58,-0.78,0.4942,2.227e-08
-0.56,-0.78,0.4939,3.996e-08
-0.54,-0.78,0.4937,7.167e-08
-0.52,-0.78,0.4934,1.326e-07
-0.5,-0.78,0.4932,2.605e-07
-0.48,-0.78,0.4929,5.173e-07
-0.46,-0.78,0.4927,9.002e-07
-0.44,-0.78,0.4924,1.353e-06
-0.42,-0.78,0.4922,1.885e-06
-0.4,-0.78,0.4919,2.662e-06
-0.38,-0.78,0.4917,3.963e-06
-0.36,-0.78,0.4915,5.915e-06
-0.34,-0.78,0.4912,8.976e-06
-0.32,-0.78,0.491,1.374e-05
-0.3,-0.78,0.4907,2.16e-05
-0.28,-0.78,0.4905,3.438e-05
-0.26,-0.78,0.4902,5.471e-05
-0.24,-0.78,0.49,8.707e-05
-0.22,-0.78,0.4897,0.0001386
-0.2,-0.78,0.4895,0.0002205
-0.18,-0.78,0.4892,0.0003508
-0.16,-0.78,0.489,0.0005582
-0.14,-0.78,0.4887,0.0008881
-0.12,-0.78,0.4885,0.001413
-0.1,-0.78,0.4882,0.002246
-0.08,-0.78,0.488,0.00357
-0.06,-0.78,0.4877,0.005669
-0.04,-0.78,0.4875,0.008992
-0.02,-0.78,0.4872,0.01423
0,-0.78,0.487,0.02246
0.02,-0.78,0.4867,0.03528
0.04,-0.78,0.4865,0.055
0.06,-0.78,0.4862,0.08477
0.08,-0.78,0.486,0.1285
0.1,-0.78,0.4858,0.1528
0.12,-0.78,0.4855,0.1703
0.14,-0.78,0.4853,0.1893
0.16,-0.78,0.485,0.1938
0.18,-0.78,0.4848,0.1431
0.2,-0.78,0.4845,0.07696
0.22,-0.78,0.4843,0.03912
0.24,-0.78,0.484,0.01949
0.26,-0.78,0.4838,0.009614
0.28,-0.78,0.4835,0.004717
0.3,-0.78,0.4833,0.002309
0.32,-0.78,0.483,0.001016
0.34,-0.78,0.4828,0.0003741
0.36,-0.78,0.4825,0.0001377
0.38,-0.78,0.4823,5.07e-05
0.4,-0.78,0.482,1.866e-05
0.42,-0.78,0.4818,6.868e-06
0.44,-0.78,0.4815,2.528e-06
0.46,-0.78,0.4813,9.313e-07
0.48,-0.78,0.481,3.609e-07
0.5,-0.78,0.4808,1.482e-07
0.52,-0.78,0.4806,6.751e-08
0.54,-0.78,0.4803,3.229e-08
0.56,-0.78,0.4801,1.545e-08
0.58,-0.78,0.4798,7.388e-09
0.6,-0.78,0.4796,3.534e-09
0.62,-0.78,0.4793,1.692e-09
0.64,-0.78,0.4791,8.448e-10
0.66,-0.78,0.4788,4.491e-10
0.68,-0.78,0.4786,2.387e-10
0.7,-0.78,0.4783,1.269e-10
0.72,-0.78,0.4781,6.921e-11
0.74,-0.78,0.4778,3.799e-11
0.76,-0.78,0.4776,2.086e-11
0.78,-0.78,0.4773,1.145e-11
0.8,-0.78,0.4771,6.285e-12
0.82,-0.78,0.4768,3.335e-12
0.84,-0.78,0.4766,1.682e-12
0.86,-0.78,0.4763,8.48e-13
0.88,-0.78,0.4761,4.276e-13
0.9,-0.78,0.4759,2.156e-13
0.92,-0.78,0.4756,1.087e-13
0.94,-0.78,0.4754,5.482e-14
0.96,-0.78,0.4751,2.764e-14
0.98,-0.78,0.4749,1.394e-14
1,-0.78,0.4746,7.028e-15
1.02,-0.78,0.4744,3.5e-15
1.04,-0.78,0.4741,1.698e-15
1.06,-0.78,0.4739,8.177e-16
1.08,-0.78,0.4736,3.731e-16
1.1,-0.78,0.4734,1.702e-16
1.12,-0.78,0.4731,7.764e-17
1.14,-0.78,0.4729,3.542e-17
1.16,-0.78,0.4726,1.616e-17
1.18,-0.78,0.4724,7.372e-18
1.2,-0.78,0.4721,3.363e-18
1.22,-0.78,0.4719,1.534e-18
1.24,-0.78,0.4717,6.796e-19
1.26,-0.78,0.4714,2.932e-19
1.28,-0.78,0.4712,1.265e-19
1.3,-0.78,0.4709,5.458e-20
1.32,-0.78,0.4707,2.355e-20
1.34,-0.78,0.4704,1.016e-20
1.36,-0.78,0.4702,4.384e-21
1.38,-0.78,0.4699,1.891e-21
1.4,-0.78,0.4697,8.16e-22
1.42,-0.78,0.4694,3.521e-22
1.44,-0.78,0.4692,1.519e-22
1.46,-0.78,0.4689,6.554e-23
1.48,-0.78,0.4687,2.828e-23
1.5,-0.78,0.4684,1.22e-23
1.52,-0.78,0.4682,5.264e-24
1.54,-0.78,0.4679,2.271e-24
1.56,-0.78,0.4677,9.798e-25
1.58,-0.78,0.4675,4.227e-25
1.6,-0.78,0.4672,1.824e-25
-1.6,-0.76,0.5068,7.71e-23
-1.58,-0.76,0.5065,1.668e-22
-1.56,-0.76,0.5063,3.608e-22
-1.54,-0.76,0.506,7.806e-22
-1.52,-0.76,0.5058,1.689e-21
-1.5,-0.76,0.5055,3.653e-21
-1.48,-0.76,0.5053,7.904e-21
-1.46,-0.76,0.505,1.71e-20
-1.44,-0.76,0.5048,3.699e-20
-1.42,-0.76,0.5045,8.002e-20
-1.4,-0.76,0.5043,1.731e-19
-1.38,-0.76,0.504,3.745e-19
-1.36,-0.76,0.5038,8.102e-19
-1.34,-0.76,0.5035,1.753e-18
-1.32,-0.76,0.5033,3.779e-18
-1.3,-0.76,0.503,7.829e-18
-1.28,-0.76,0.5028,1.566e-17
-1.26,-0.76,0.5025,3.081e-17
-1.24,-0.76,0.5023,6.064e-17
-1.22,-0.76,0.502,1.193e-16
-1.2,-0.76,0.5018,2.284e-16
-1.18,-0.76,0.5016,4.293e-16
-1.16,-0.76,0.5013,8.069e-16
-1.14,-0.76,0.5011,1.517e-15
-1.12,-0.76,0.5008,2.851e-15
-1.1,-0.76,0.5006,5.36e-15
-1.08,-0.76,0.5003,1.008e-14
-1.06,-0.76,0.5001,1.894e-14
-1.04,-0.76,0.4998,3.56e-14
-1.02,-0.76,0.4996,6.692e-14
-1,-0.76,0.4993,1.258e-13
-0.98,-0.76,0.4991,2.365e-13
-0.96,-0.76,0.4988,4.445e-13
-0.94,-0.76,0.4986,8.356e-13
-0.92,-0.76,0.4983,1.571e-12
-0.9,-0.76,0.4981,2.953e-12
-0.88,-0.76,0.4978,5.55e-12
-0.86,-0.76,0.4976,1.043e-11
-0.84,-0.76,0.4973,1.961e-11
-0.82,-0.76,0.4971,3.762e-11
-0.8,-0.76,0.4968,7.048e-11
-0.78,-0.76,0.4966,1.264e-10
-0.76,-0.76,0.4963,2.268e-10
-0.74,-0.76,0.4961,4.068e-10
-0.72,-0.76,0.4959,7.297e-10
-0.7,-0.76,0.4956,1.309e-09
-0.68,-0.76,0.4954,2.348e-09
-0.66,-0.76,0.4951,4.212e-09
-0.64,-0.76,0.4949,7.555e-09
-0.62,-0.76,0.4946,1.355e-08
-0.6,-0.76,0.4944,2.431e-08
-0.58,-0.76,0.4941,4.361e-08
-0.56,-0.76,0.4939,7.91e-08
-0.54,-0.76,0.4936,1.482e-07
-0.52,-0.76,0.4934,2.918e-07
-0.5,-0.76,0.4931,5.797e-07
-0.48,-0.76,0.4929,1.179e-06
-0.46,-0.76,0.4926,2.345e-06
-0.44,-0.76,0.4924,3.971e-06
-0.42,-0.76,0.4921,5.882e-06
-0.4,-0.76,0.4919,8.801e-06
-0.38,-0.76,0.4916,1.342e-05
-0.36,-0.76,0.4914,2.099e-05
-0.34,-0.76,0.4911,3.341e-05
-0.32,-0.76,0.4909,5.316e-05
-0.3,-0.76,0.4906,8.46e-05
-0.28,-0.76,0.4904,0.0001346
-0.26,-0.76,0.4902,0.0002142
-0.24,-0.76,0.4899,0.0003409
-0.22,-0.76,0.4897,0.0005424
-0.2,-0.76,0.4894,0.000863
-0.18,-0.76,0.4892,0.001373
-0.16,-0.76,0.4889,0.002183
-0.14,-0.76,0.4887,0.003469
-0.12,-0.76,0.4884,0.00551
-0.1,-0.76,0.4882,0.00874
-0.08,-0.76,0.4879,0.01384
-0.06,-0.76,0.4877,0.02184
-0.04,-0.76,0.4874,0.03432
-0.02,-0.76,0.4872,0.05353
0,-0.76,0.4869,0.08258
0.02,-0.76,0.4867,0.1253
0.04,-0.76,0.4864,0.1856
0.06,-0.76,0.4862,0.2662
0.08,-0.76,0.4859,0.344
0.1,-0.76,0.4857,0.3737
0.12,-0.76,0.4854,0.4044
0.14,-0.76,0.4852,0.4358
0.16,-0.76,0.485,0.4089
0.18,-0.76,0.4847,0.3341
0.2,-0.76,0.4845,0.2063
0.22,-0.76,0.4842,0.1127
0.24,-0.76,0.484,0.05837
0.26,-0.76,0.4837,0.02938
0.28,-0.76,0.4835,0.01456
0.3,-0.76,0.4832,0.007165
0.32,-0.76,0.483,0.002999
0.34,-0.76,0.4827,0.001106
0.36,-0.76,0.4825,0.0004073
0.38,-0.76,0.4822,0.00015
0.4,-0.76,0.482,5.52e-05
0.42,-0.76,0.4817,2.032e-05
0.44,-0.76,0.4815,7.478e-06
0.46,-0.76,0.4812,2.752e-06
0.48,-0.76,0.481,1.013e-06
0.5,-0.76,0.4807,3.895e-07
0.52,-0.76,0.4805,1.569e-07
0.54,-0.76,0.4802,7.134e-08
0.56,-0.76,0.48,3.412e-08
0.58,-0.76,0.4798,1.632e-08
0.6,-0.76,0.4795,7.807e-09
0.62,-0.76,0.4793,3.734e-09
0.64,-0.76,0.479,1.786e-09
0.66,-0.76,0.4788,8.896e-10
0.68,-0.76,0.4785,4.729e-10
0.7,-0.76,0.4783,2.514e-10
0.72,-0.76,0.478,1.336e-10
0.74,-0.76,0.4778,7.269e-11
0.76,-0.76,0.4775,3.99e-11
0.78,-0.76,0.4773,2.19e-11
0.8,-0.76,0.477,1.202e-11
0.82,-0.76,0.4768,6.077e-12
0.84,-0.76,0.4765,3.064e-12
0.86,-0.76,0.4763,1.545e-12
0.88,-0.76,0.476,7.791e-13
0.9,-0.76,0.4758,3.928e-13
0.92,-0.76,0.4755,1.981e-13
0.94,-0.76,0.4753,9.988e-14
0.96,-0.76,0.4751,5.036e-14
0.98,-0.76,0.4748,2.486e-14
1,-0.76,0.4746,1.206e-14
1.02,-0.76,0.4743,5.853e-15
1.04,-0.76,0.4741,2.827e-15
1.06,-0.76,0.4738,1.29e-15
1.08,-0.76,0.4736,5.883e-16
1.1,-0.76,0.4733,2.684e-16
1.12,-0.76,0.4731,1.224e-16
1.14,-0.76,0.4728,5.586e-17
1.16,-0.76,0.4726,2.548e-17
1.18,-0.76,0.4723,1.163e-17
1.2,-0.76,0.4721,5.304e-18
1.22,-0.76,0.4718,2.339e-18
1.24,-0.76,0.4716,1.009e-18
1.26,-0.76,0.4713,4.354e-19
1.28,-0.76,0.4711,1.879e-19
1.3,-0.76,0.4709,8.105e-20
1.32,-0.76,0.4706,3.497e-20
1.34,-0.76,0.4704,1.509e-20
1.36,-0.76,0.4701,6.509e-21
1.38,-0.76,0.4699,2.809e-21
1.4,-0.76,0.4696,1.212e-21
1.42,-0.76,0.4694,5.228e-22
1.44,-0.76,0.4691,2.256e-22
1.46,-0.76,0.4689,9.732e-23
1.48,-0.76,0.4686,4.199e-23
1.5,-0.76,0.4684,1.812e-23
1.52,-0.76,0.4681,7.816e-24
1.54,-0.76,0.4679,3.372e-24
1.56,-0.76,0.4676,1.455e-24
1.58,-0.76,0.4674,6.278e-25
1.6,-0.76,0.4672,2.708e-25
-1.6,-0.74,0.5067,1.129e-22
-1.58,-0.74,0.5065,2.442e-22
-1.56,-0.74,0.5062,5.283e-22
-1.54,-0.74,0.506,1.143e-21
-1.52,-0.74,0.5057,2.472e-21
-1.5,-0.74,0.5055,5.349e-21
-1.48,-0.74,0.5052,1.157e-20
-1.46,-0.74,0.505,2.503e-20
-1.44,-0.74,0.5047,5.415e-20
-1.42,-0.74,0.5045,1.172e-19
-1.4,-0.74,0.5042,2.534e-19
-1.38,-0.74,0.504,5.483e-19
-1.36,-0.74,0.5037,1.186e-18
-1.34,-0.74,0.5035,2.566e-18
-1.32,-0.74,0.5032,5.551e-18
-1.3,-0.74,0.503,1.2e-17
-1.28,-0.74,0.5027,2.486e-17
-1.26,-0.74,0.5025,4.987e-17
-1.24,-0.74,0.5022,9.813e-17
-1.22,-0.74,0.502,1.931e-16
-1.2,-0.74,0.5017,3.8e-16
-1.18,-0.74,0.5015,7.26e-16
-1.16,-0.74,0.5012,1.365e-15
-1.14,-0.74,0.501,2.565e-15
-1.12,-0.74,0.5008,4.822e-15
-1.1,-0.74,0.5005,9.064e-15
-1.08,-0.74,0.5003,1.704e-14
-1.06,-0.74,0.5,3.203e-14
-1.04,-0.74,0.4998,6.021e-14
-1.02,-0.74,0.4995,1.132e-13
-1,-0.74,0.4993,2.127e-13
-0.98,-0.74,0.499,3.999e-13
-0.96,-0.74,0.4988,7.518e-13
-0.94,-0.74,0.4985,1.413e-12
-0.92,-0.74,0.4983,2.656e-12
-0.9,-0.74,0.498,4.993e-12
-0.88,-0.74,0.4978,9.386e-12
-0.86,-0.74,0.4975,1.764e-11
-0.84,-0.74,0.4973,3.377e-11
-0.82,-0.74,0.497,6.541e-11
-0.8,-0.74,0.4968,1.267e-10
-0.78,-0.74,0.4965,2.454e-10
-0.76,-0.74,0.4963,4.439e-10
-0.74,-0.74,0.496,7.963e-10
-0.72,-0.74,0.4958,1.428e-09
-0.7,-0.74,0.4955,2.562e-09
-0.68,-0.74,0.4953,4.596e-09
-0.66,-0.74,0.4951,8.245e-09
-0.64,-0.74,0.4948,1.479e-08
-0.62,-0.74,0.4946,2.653e-08
-0.6,-0.74,0.4943,4.759e-08
-0.58,-0.74,0.4941,8.766e-08
-0.56,-0.74,0.4938,1.659e-07
-0.54,-0.74,0.4936,3.27e-07
-0.52,-0.74,0.4933,6.495e-07
-0.5,-0.74,0.4931,1.323e-06
-0.48,-0.74,0.4928,2.722e-06
-0.46,-0.74,0.4926,5.98e-06
-0.44,-0.74,0.4923,1.237e-05
-0.42,-0.74,0.4921,2.04e-05
-0.4,-0.74,0.4918,3.246e-05
-0.38,-0.74,0.4916,5.166e-05
-0.36,-0.74,0.4913,8.221e-05
-0.34,-0.74,0.4911,0.0001308
-0.32,-0.74,0.4908,0.0002082
-0.3,-0.74,0.4906,0.0003313
-0.28,-0.74,0.4903,0.0005271
-0.26,-0.74,0.4901,0.0008386
-0.24,-0.74,0.4898,0.001334
-0.22,-0.74,0.4896,0.002121
-0.2,-0.74,0.4894,0.003372
-0.18,-0.74,0.4891,0.005355
-0.16,-0.74,0.4889,0.008495
-0.14,-0.74,0.4886,0.01345
-0.12,-0.74,0.4884,0.02124
-0.1,-0.74,0.4881,0.03338
-0.08,-0.74,0.4879,0.0521
-0.06,-0.74,0.4876,0.08043
-0.04,-0.74,0.4874,0.1222
-0.02,-0.74,0.4871,0.1813
0,-0.74,0.4869,0.2606
0.02,-0.74,0.4866,0.3594
0.04,-0.74,0.4864,0.4717
0.06,-0.74,0.4861,0.5869
0.08,-0.74,0.4859,0.6344
0.1,-0.74,0.4856,0.6638
0.12,-0.74,0.4854,0.692
0.14,-0.74,0.4851,0.6917
0.16,-0.74,0.4849,0.6657
0.18,-0.74,0.4846,0.6011
0.2,-0.74,0.4844,0.4477
0.22,-0.74,0.4842,0.2836
0.24,-0.74,0.4839,0.162
0.26,-0.74,0.4837,0.08624
0.28,-0.74,0.4834,0.04406
0.3,-0.74,0.4832,0.02201
0.32,-0.74,0.4829,0.00882
0.34,-0.74,0.4827,0.003264
0.36,-0.74,0.4824,0.001204
0.38,-0.74,0.4822,0.0004435
0.4,-0.74,0.4819,0.0001633
0.42,-0.74,0.4817,6.01e-05
0.44,-0.74,0.4814,2.212e-05
0.46,-0.74,0.4812,8.142e-06
0.48,-0.74,0.4809,2.997e-06
0.5,-0.74,0.4807,1.103e-06
0.52,-0.74,0.4804,4.203e-07
0.54,-0.74,0.4802,1.666e-07
0.56,-0.74,0.4799,7.539e-08
0.58,-0.74,0.4797,3.606e-08
0.6,-0.74,0.4794,1.725e-08
0.62,-0.74,0.4792,8.25e-09
0.64,-0.74,0.479,3.946e-09
0.66,-0.74,0.4787,1.887e-09
0.68,-0.74,0.4785,9.368e-10
0.7,-0.74,0.4782,4.98e-10
0.72,-0.74,0.478,2.647e-10
0.74,-0.74,0.4777,1.407e-10
0.76,-0.74,0.4775,7.634e-11
0.78,-0.74,0.4772,4.19e-11
0.8,-0.74,0.477,2.196e-11
0.82,-0.74,0.4767,1.107e-11
0.84,-0.74,0.4765,5.583e-12
0.86,-0.74,0.4762,2.815e-12
0.88,-0.74,0.476,1.42e-12
0.9,-0.74,0.4757,7.158e-13
0.92,-0.74,0.4755,3.609e-13
0.94,-0.74,0.4752,1.766e-13
0.96,-0.74,0.475,8.568e-14
0.98,-0.74,0.4747,4.158e-14
1,-0.74,0.4745,2.017e-14
1.02,-0.74,0.4743,9.77e-15
1.04,-0.74,0.474,4.457e-15
1.06,-0.74,0.4738,2.033e-15
1.08,-0.74,0.4735,9.277e-16
1.1,-0.74,0.4733,4.232e-16
1.12,-0.74,0.473,1.931e-16
1.14,-0.74,0.4728,8.808e-17
1.16,-0.74,0.4725,4.018e-17
1.18,-0.74,0.4723,1.833e-17
1.2,-0.74,0.472,8.05e-18
1.22,-0.74,0.4718,3.473e-18
1.24,-0.74,0.4715,1.499e-18
1.26,-0.74,0.4713,6.466e-19
1.28,-0.74,0.471,2.79e-19
1.3,-0.74,0.4708,1.204e-19
1.32,-0.74,0.4705,5.193e-20
1.34,-0.74,0.4703,2.24e-20
1.36,-0.74,0.4701,9.667e-21
1.38,-0.74,0.4698,4.171e-21
1.4,-0.74,0.4696,1.799e-21
1.42,-0.74,0.4693,7.764e-22
1.44,-0.74,0.4691,3.35e-22
1.46,-0.74,0.4688,1.445e-22
1.48,-0.74,0.4686,6.235e-23
1.5,-0.74,0.4683,2.69e-23
1.52,-0.74,0.4681,1.161e-23
1.54,-0.74,0.4678,5.008e-24
1.56,-0.74,0.4676,2.161e-24
1.58,-0.74,0.4673,9.322e-25
1.6,-0.74,0.4671,4.022e-25
-1.6,-0.72,0.5066,1.652e-22
-1.58,-0.72,0.5064,3.575e-22
-1.56,-0.72,0.5061,7.734e-22
-1.54,-0.72,0.5059,1.673e-21
-1.52,-0.72,0.5057,3.619e-21
-1.5,-0.72,0.5054,7.83e-21
-1.48,-0.72,0.5052,1.694e-20
-1.46,-0.72,0.5049,3.665e-20
-1.44,-0.72,0.5047,7.928e-20
-1.42,-0.72,0.5044,1.715e-19
-1.4,-0.72,0.5042,3.71e-19
-1.38,-0.72,0.5039,8.027e-19
-1.36,-0.72,0.5037,1.736e-18
-1.34,-0.72,0.5034,3.756e-18
-1.32,-0.72,0.5032,8.127e-18
-1.3,-0.72,0.5029,1.758e-17
-1.28,-0.72,0.5027,3.803e-17
-1.26,-0.72,0.5024,7.893e-17
-1.24,-0.72,0.5022,1.588e-16
-1.22,-0.72,0.5019,3.125e-16
-1.2,-0.72,0.5017,6.15e-16
-1.18,-0.72,0.5014,1.21e-15
-1.16,-0.72,0.5012,2.308e-15
-1.14,-0.72,0.5009,4.338e-15
-1.12,-0.72,0.5007,8.155e-15
-1.1,-0.72,0.5004,1.533e-14
-1.08,-0.72,0.5002,2.882e-14
-1.06,-0.72,0.5,5.417e-14
-1.04,-0.72,0.4997,1.018e-13
-1.02,-0.72,0.4995,1.914e-13
-1,-0.72,0.4992,3.598e-13
-0.98,-0.72,0.499,6.763e-13
-0.96,-0.72,0.4987,1.271e-12
-0.94,-0.72,0.4985,2.39e-12
-0.92,-0.72,0.4982,4.492e-12
-0.9,-0.72,0.498,8.445e-12
-0.88,-0.72,0.4977,1.587e-11
-0.86,-0.72,0.4975,3.031e-11
-0.84,-0.72,0.4972,5.871e-11
-0.82,-0.72,0.497,1.137e-10
-0.8,-0.72,0.4967,2.203e-10
-0.78,-0.72,0.4965,4.267e-10
-0.76,-0.72,0.4962,8.265e-10
-0.74,-0.72,0.496,1.559e-09
-0.72,-0.72,0.4957,2.797e-09
-0.7,-0.72,0.4955,5.016e-09
-0.68,-0.72,0.4952,8.999e-09
-0.66,-0.72,0.495,1.614e-08
-0.64,-0.72,0.4947,2.895e-08
-0.62,-0.72,0.4945,5.231e-08
-0.6,-0.72,0.4942,9.715e-08
-0.58,-0.72,0.494,1.857e-07
-0.56,-0.72,0.4938,3.664e-07
-0.54,-0.72,0.4935,7.277e-07
-0.52,-0.72,0.4933,1.486e-06
-0.5,-0.72,0.493,3.068e-06
-0.48,-0.72,0.4928,6.8e-06
-0.46,-0.72,0.4925,1.618e-05
-0.44,-0.72,0.4923,3.831e-05
-0.42,-0.72,0.492,7.625e-05
-0.4,-0.72,0.4918,0.0001271
-0.38,-0.72,0.4915,0.0002023
-0.36,-0.72,0.4913,0.0003219
-0.34,-0.72,0.491,0.0005122
-0.32,-0.72,0.4908,0.0008149
-0.3,-0.72,0.4905,0.001296
-0.28,-0.72,0.4903,0.002061
-0.26,-0.72,0.49,0.003276
-0.24,-0.72,0.4898,0.005204
-0.22,-0.72,0.4895,0.008257
-0.2,-0.72,0.4893,0.01308
-0.18,-0.72,0.489,0.02065
-0.16,-0.72,0.4888,0.03247
-0.14,-0.72,0.4886,0.0507
-0.12,-0.72,0.4883,0.07833
-0.1,-0.72,0.4881,0.1191
-0.08,-0.72,0.4878,0.1771
-0.06,-0.72,0.4876,0.2552
-0.04,-0.72,0.4873,0.3528
-0.02,-0.72,0.4871,0.4646
0,-0.72,0.4868,0.58
0.02,-0.72,0.4866,0.6872
0.04,-0.72,0.4863,0.7776
0.06,-0.72,0.4861,0.8346
0.08,-0.72,0.4858,0.8517
0.1,-0.72,0.4856,0.8673
0.12,-0.72,0.4853,0.8792
0.14,-0.72,0.4851,0.8659
0.16,-0.72,0.4848,0.8514
0.18,-0.72,0.4846,0.8191
0.2,-0.72,0.4843,0.7166
0.22,-0.72,0.4841,0.5525
0.24,-0.72,0.4838,0.3761
0.26,-0.72,0.4836,0.2274
0.28,-0.72,0.4834,0.1257
0.3,-0.72,0.4831,0.06557
0.32,-0.72,0.4829,0.02565
0.34,-0.72,0.4826,0.009596
0.36,-0.72,0.4824,0.003553
0.38,-0.72,0.4821,0.001311
0.4,-0.72,0.4819,0.0004828
0.42,-0.72,0.4816,0.0001778
0.44,-0.72,0.4814,6.544e-05
0.46,-0.72,0.4811,2.409e-05
0.48,-0.72,0.4809,8.865e-06
0.5,-0.72,0.4806,3.263e-06
0.52,-0.72,0.4804,1.201e-06
0.54,-0.72,0.4801,4.536e-07
0.56,-0.72,0.4799,1.801e-07
0.58,-0.72,0.4796,7.967e-08
0.6,-0.72,0.4794,3.811e-08
0.62,-0.72,0.4791,1.823e-08
0.64,-0.72,0.4789,8.718e-09
0.66,-0.72,0.4786,4.17e-09
0.68,-0.72,0.4784,1.995e-09
0.7,-0.72,0.4782,9.864e-10
0.72,-0.72,0.4779,5.244e-10
0.74,-0.72,0.4777,2.787e-10
0.76,-0.72,0.4774,1.482e-10
0.78,-0.72,0.4772,7.935e-11
0.8,-0.72,0.4769,4.001e-11
0.82,-0.72,0.4767,2.018e-11
0.84,-0.72,0.4764,1.017e-11
0.86,-0.72,0.4762,5.13e-12
0.88,-0.72,0.4759,2.585e-12
0.9,-0.72,0.4757,1.254e-12
0.92,-0.72,0.4754,6.086e-13
0.94,-0.72,0.4752,2.953e-13
0.96,-0.72,0.4749,1.433e-13
0.98,-0.72,0.4747,6.953e-14
1,-0.72,0.4744,3.374e-14
1.02,-0.72,0.4742,1.541e-14
1.04,-0.72,0.474,7.029e-15
1.06,-0.72,0.4737,3.207e-15
1.08,-0.72,0.4735,1.463e-15
1.1,-0.72,0.4732,6.674e-16
1.12,-0.72,0.473,3.045e-16
1.14,-0.72,0.4727,1.389e-16
1.16,-0.72,0.4725,6.337e-17
1.18,-0.72,0.4722,2.771e-17
1.2,-0.72,0.472,1.195e-17
1.22,-0.72,0.4717,5.158e-18
1.24,-0.72,0.4715,2.225e-18
1.26,-0.72,0.4712,9.601e-19
1.28,-0.72,0.471,4.143e-19
1.3,-0.72,0.4707,1.787e-19
1.32,-0.72,0.4705,7.711e-20
1.34,-0.72,0.4702,3.327e-20
1.36,-0.72,0.47,1.435e-20
1.38,-0.72,0.4698,6.193e-21
1.4,-0.72,0.4695,2.672e-21
1.42,-0.72,0.4693,1.153e-21
1.44,-0.72,0.469,4.974e-22
1.46,-0.72,0.4688,2.146e-22
1.48,-0.72,0.4685,9.259e-23
1.5,-0.72,0.4683,3.995e-23
1.52,-0.72,0.468,1.724e-23
1.54,-0.72,0.4678,7.437e-24
1.56,-0.72,0.4675,3.209e-24
1.58,-0.72,0.4673,1.384e-24
1.6,-0.72,0.467,5.973e-25
-1.6,-0.7,0.5066,2.419e-22
-1.58,-0.7,0.5063,5.234e-22
-1.56,-0.7,0.5061,1.132e-21
-1.54,-0.7,0.5058,2.449e-21
-1.52,-0.7,0.5056,5.299e-21
-1.5,-0.7,0.5053,1.146e-20
-1.48,-0.7,0.5051,2.48e-20
-1.46,-0.7,0.5048,5.365e-20
-1.44,-0.7,0.5046,1.161e-19
-1.42,-0.7,0.5044,2.511e-19
-1.4,-0.7,0.5041,5.432e-19
-1.38,-0.7,0.5039,1.175e-18
-1.36,-0.7,0.5036,2.542e-18
-1.34,-0.7,0.5034,5.499e-18
-1.32,-0.7,0.5031,1.19e-17
-1.3,-0.7,0.5029,2.574e-17
-1.28,-0.7,0.5026,5.568e-17
-1.26,-0.7,0.5024,1.205e-16
-1.24,-0.7,0.5021,2.506e-16
-1.22,-0.7,0.5019,5.058e-16
-1.2,-0.7,0.5016,9.953e-16
-1.18,-0.7,0.5014,1.958e-15
-1.16,-0.7,0.5011,3.854e-15
-1.14,-0.7,0.5009,7.337e-15
-1.12,-0.7,0.5006,1.379e-14
-1.1,-0.7,0.5004,2.593e-14
-1.08,-0.7,0.5001,4.873e-14
-1.06,-0.7,0.4999,9.161e-14
-1.04,-0.7,0.4996,1.722e-13
-1.02,-0.7,0.4994,3.237e-13
-1,-0.7,0.4991,6.085e-13
-0.98,-0.7,0.4989,1.144e-12
-0.96,-0.7,0.4987,2.15e-12
-0.94,-0.7,0.4984,4.042e-12
-0.92,-0.7,0.4982,7.597e-12
-0.9,-0.7,0.4979,1.428e-11
-0.88,-0.7,0.4977,2.721e-11
-0.86,-0.7,0.4974,5.27e-11
-0.84,-0.7,0.4972,1.021e-10
-0.82,-0.7,0.4969,1.977e-10
-0.8,-0.7,0.4967,3.83e-10
-0.78,-0.7,0.4964,7.418e-10
-0.76,-0.7,0.4962,1.437e-09
-0.74,-0.7,0.4959,2.783e-09
-0.72,-0.7,0.4957,5.391e-09
-0.7,-0.7,0.4954,9.821e-09
-0.68,-0.7,0.4952,1.762e-08
-0.66,-0.7,0.4949,3.16e-08
-0.64,-0.7,0.4947,5.797e-08
-0.62,-0.7,0.4944,1.085e-07
-0.6,-0.7,0.4942,2.079e-07
-0.58,-0.7,0.4939,4.105e-07
-0.56,-0.7,0.4937,8.153e-07
-0.54,-0.7,0.4934,1.668e-06
-0.52,-0.7,0.4932,3.464e-06
-0.5,-0.7,0.493,7.732e-06
-0.48,-0.7,0.4927,1.917e-05
-0.46,-0.7,0.4925,4.925e-05
-0.44,-0.7,0.4922,0.0001223
-0.42,-0.7,0.492,0.0002558
-0.4,-0.7,0.4917,0.0004774
-0.38,-0.7,0.4915,0.0007919
-0.36,-0.7,0.4912,0.00126
-0.34,-0.7,0.491,0.002003
-0.32,-0.7,0.4907,0.003184
-0.3,-0.7,0.4905,0.005058
-0.28,-0.7,0.4902,0.008025
-0.26,-0.7,0.49,0.01271
-0.24,-0.7,0.4897,0.02008
-0.22,-0.7,0.4895,0.03158
-0.2,-0.7,0.4892,0.04933
-0.18,-0.7,0.489,0.07629
-0.16,-0.7,0.4887,0.1162
-0.14,-0.7,0.4885,0.173
-0.12,-0.7,0.4882,0.2497
-0.1,-0.7,0.488,0.3463
-0.08,-0.7,0.4878,0.4574
-0.06,-0.7,0.4875,0.573
-0.04,-0.7,0.4873,0.681
-0.02,-0.7,0.487,0.7726
0,-0.7,0.4868,0.8439
0.02,-0.7,0.4865,0.8959
0.04,-0.7,0.4863,0.932
0.06,-0.7,0.486,0.9435
0.08,-0.7,0.4858,0.95
0.1,-0.7,0.4855,0.9558
0.12,-0.7,0.4853,0.9544
0.14,-0.7,0.485,0.9489
0.16,-0.7,0.4848,0.9428
0.18,-0.7,0.4845,0.9315
0.2,-0.7,0.4843,0.8874
0.22,-0.7,0.484,0.7938
0.24,-0.7,0.4838,0.6527
0.26,-0.7,0.4835,0.4785
0.28,-0.7,0.4833,0.3094
0.3,-0.7,0.483,0.1746
0.32,-0.7,0.4828,0.07225
0.34,-0.7,0.4826,0.02786
0.36,-0.7,0.4823,0.01044
0.38,-0.7,0.4821,0.003868
0.4,-0.7,0.4818,0.001427
0.42,-0.7,0.4816,0.0005257
0.44,-0.7,0.4813,0.0001936
0.46,-0.7,0.4811,7.125e-05
0.48,-0.7,0.4808,2.623e-05
0.5,-0.7,0.4806,9.653e-06
0.52,-0.7,0.4803,3.553e-06
0.54,-0.7,0.4801,1.308e-06
0.56,-0.7,0.4798,4.895e-07
0.58,-0.7,0.4796,1.952e-07
0.6,-0.7,0.4793,8.419e-08
0.62,-0.7,0.4791,4.027e-08
0.64,-0.7,0.4788,1.926e-08
0.66,-0.7,0.4786,9.213e-09
0.68,-0.7,0.4783,4.407e-09
0.7,-0.7,0.4781,2.108e-09
0.72,-0.7,0.4778,1.039e-09
0.74,-0.7,0.4776,5.522e-10
0.76,-0.7,0.4774,2.935e-10
0.78,-0.7,0.4771,1.47e-10
0.8,-0.7,0.4769,7.29e-11
0.82,-0.7,0.4766,3.676e-11
0.84,-0.7,0.4764,1.836e-11
0.86,-0.7,0.4761,8.91e-12
0.88,-0.7,0.4759,4.323e-12
0.9,-0.7,0.4756,2.098e-12
0.92,-0.7,0.4754,1.018e-12
0.94,-0.7,0.4751,4.939e-13
0.96,-0.7,0.4749,2.397e-13
0.98,-0.7,0.4746,1.163e-13
1,-0.7,0.4744,5.326e-14
1.02,-0.7,0.4741,2.43e-14
1.04,-0.7,0.4739,1.108e-14
1.06,-0.7,0.4736,5.057e-15
1.08,-0.7,0.4734,2.307e-15
1.1,-0.7,0.4732,1.052e-15
1.12,-0.7,0.4729,4.801e-16
1.14,-0.7,0.4727,2.19e-16
1.16,-0.7,0.4724,9.537e-17
1.18,-0.7,0.4722,4.115e-17
1.2,-0.7,0.4719,1.775e-17
1.22,-0.7,0.4717,7.659e-18
1.24,-0.7,0.4714,3.305e-18
1.26,-0.7,0.4712,1.426e-18
1.28,-0.7,0.4709,6.152e-19
1.3,-0.7,0.4707,2.654e-19
1.32,-0.7,0.4704,1.145e-19
1.34,-0.7,0.4702,4.941e-20
1.36,-0.7,0.4699,2.132e-20
1.38,-0.7,0.4697,9.197e-21
1.4,-0.7,0.4694,3.968e-21
1.42,-0.7,0.4692,1.712e-21
1.44,-0.7,0.469,7.387e-22
1.46,-0.7,0.4687,3.187e-22
1.48,-0.7,0.4685,1.375e-22
1.5,-0.7,0.4682,5.933e-23
1.52,-0.7,0.468,2.56e-23
1.54,-0.7,0.4677,1.104e-23
1.56,-0.7,0.4675,4.765e-24
1.58,-0.7,0.4672,2.056e-24
1.6,-0.7,0.467,8.819e-25
-1.6,-0.68,0.5065,3.542e-22
-1.58,-0.68,0.5063,7.662e-22
-1.56,-0.68,0.506,1.658e-21
-1.54,-0.68,0.5058,3.586e-21
-1.52,-0.68,0.5055,7.757e-21
-1.5,-0.68,0.5053,1.678e-20
-1.48,-0.68,0.505,3.63e-20
-1.46,-0.68,0.5048,7.854e-20
-1.44,-0.68,0.5045,1.699e-19
-1.42,-0.68,0.5043,3.676e-19
-1.4,-0.68,0.504,7.952e-19
-1.38,-0.68,0.5038,1.72e-18
-1.36,-0.68,0.5036,3.722e-18
-1.34,-0.68,0.5033,8.051e-18
-1.32,-0.68,0.5031,1.742e-17
-1.3,-0.68,0.5028,3.768e-17
-1.28,-0.68,0.5026,8.151e-17
-1.26,-0.68,0.5023,1.763e-16
-1.24,-0.68,0.5021,3.815e-16
-1.22,-0.68,0.5018,7.958e-16
-1.2,-0.68,0.5016,1.611e-15
-1.18,-0.68,0.5013,3.17e-15
-1.16,-0.68,0.5011,6.237e-15
-1.14,-0.68,0.5008,1.227e-14
-1.12,-0.68,0.5006,2.332e-14
-1.1,-0.68,0.5003,4.384e-14
-1.08,-0.68,0.5001,8.242e-14
-1.06,-0.68,0.4998,1.549e-13
-1.04,-0.68,0.4996,2.912e-13
-1.02,-0.68,0.4993,5.474e-13
-1,-0.68,0.4991,1.029e-12
-0.98,-0.68,0.4988,1.934e-12
-0.96,-0.68,0.4986,3.636e-12
-0.94,-0.68,0.4983,6.835e-12
-0.92,-0.68,0.4981,1.285e-11
-0.9,-0.68,0.4979,2.442e-11
-0.88,-0.68,0.4976,4.73e-11
-0.86,-0.68,0.4974,9.163e-11
-0.84,-0.68,0.4971,1.775e-10
-0.82,-0.68,0.4969,3.438e-10
-0.8,-0.68,0.4966,6.659e-10
-0.78,-0.68,0.4964,1.29e-09
-0.76,-0.68,0.4961,2.498e-09
-0.74,-0.68,0.4959,4.839e-09
-0.72,-0.68,0.4956,9.374e-09
-0.7,-0.68,0.4954,1.816e-08
-0.68,-0.68,0.4951,3.459e-08
-0.66,-0.68,0.4949,6.425e-08
-0.64,-0.68,0.4946,1.215e-07
-0.62,-0.68,0.4944,2.327e-07
-0.6,-0.68,0.4941,4.599e-07
-0.58,-0.68,0.4939,9.135e-07
-0.56,-0.68,0.4936,1.873e-06
-0.54,-0.68,0.4934,3.912e-06
-0.52,-0.68,0.4931,8.988e-06
-0.5,-0.68,0.4929,2.271e-05
-0.48,-0.68,0.4926,5.835e-05
-0.46,-0.68,0.4924,0.0001499
-0.44,-0.68,0.4922,0.0003851
-0.42,-0.68,0.4919,0.000858
-0.4,-0.68,0.4917,0.0016
-0.38,-0.68,0.4914,0.002983
-0.36,-0.68,0.4912,0.004916
-0.34,-0.68,0.4909,0.0078
-0.32,-0.68,0.4907,0.01236
-0.3,-0.68,0.4904,0.01952
-0.28,-0.68,0.4902,0.03071
-0.26,-0.68,0.4899,0.04801
-0.24,-0.68,0.4897,0.07429
-0.22,-0.68,0.4894,0.1133
-0.2,-0.68,0.4892,0.1689
-0.18,-0.68,0.4889,0.2444
-0.16,-0.68,0.4887,0.3398
-0.14,-0.68,0.4884,0.4503
-0.12,-0.68,0.4882,0.5659
-0.1,-0.68,0.4879,0.6748
-0.08,-0.68,0.4877,0.7675
-0.06,-0.68,0.4874,0.8401
-0.04,-0.68,0.4872,0.8932
-0.02,-0.68,0.4869,0.9301
0,-0.68,0.4867,0.9549
0.02,-0.68,0.4865,0.9712
0.04,-0.68,0.4862,0.9798
0.06,-0.68,0.486,0.9822
0.08,-0.68,0.4857,0.9843
0.1,-0.68,0.4855,0.9855
0.12,-0.68,0.4852,0.9837
0.14,-0.68,0.485,0.9817
0.16,-0.68,0.4847,0.9794
0.18,-0.68,0.4845,0.9761
0.2,-0.68,0.4842,0.9609
0.22,-0.68,0.484,0.9231
0.24,-0.68,0.4837,0.8542
0.26,-0.68,0.4835,0.741
0.28,-0.68,0.4832,0.5829
0.3,-0.68,0.483,0.385
0.32,-0.68,0.4827,0.1872
0.34,-0.68,0.4825,0.07816
0.36,-0.68,0.4822,0.03026
0.38,-0.68,0.482,0.01136
0.4,-0.68,0.4817,0.00421
0.42,-0.68,0.4815,0.001554
0.44,-0.68,0.4813,0.0005724
0.46,-0.68,0.481,0.0002107
0.48,-0.68,0.4808,7.758e-05
0.5,-0.68,0.4805,2.855e-05
0.52,-0.68,0.4803,1.051e-05
0.54,-0.68,0.48,3.868e-06
0.56,-0.68,0.4798,1.424e-06
0.58,-0.68,0.4795,5.309e-07
0.6,-0.68,0.4793,2.115e-07
0.62,-0.68,0.479,9.053e-08
0.64,-0.68,0.4788,4.255e-08
0.66,-0.68,0.4785,2.035e-08
0.68,-0.68,0.4783,9.736e-09
0.7,-0.68,0.478,4.657e-09
0.72,-0.68,0.4778,2.227e-09
0.74,-0.68,0.4775,1.096e-09
0.76,-0.68,0.4773,5.682e-10
0.78,-0.68,0.477,2.773e-10
0.8,-0.68,0.4768,1.328e-10
0.82,-0.68,0.4766,6.329e-11
0.84,-0.68,0.4763,3.071e-11
0.86,-0.68,0.4761,1.49e-11
0.88,-0.68,0.4758,7.231e-12
0.9,-0.68,0.4756,3.509e-12
0.92,-0.68,0.4753,1.702e-12
0.94,-0.68,0.4751,8.261e-13
0.96,-0.68,0.4748,4.008e-13
0.98,-0.68,0.4746,1.841e-13
1,-0.68,0.4743,8.398e-14
1.02,-0.68,0.4741,3.831e-14
1.04,-0.68,0.4738,1.748e-14
1.06,-0.68,0.4736,7.974e-15
1.08,-0.68,0.4733,3.638e-15
1.1,-0.68,0.4731,1.66e-15
1.12,-0.68,0.4728,7.571e-16
1.14,-0.68,0.4726,3.282e-16
1.16,-0.68,0.4724,1.416e-16
1.18,-0.68,0.4721,6.11e-17
1.2,-0.68,0.4719,2.636e-17
1.22,-0.68,0.4716,1.137e-17
1.24,-0.68,0.4714,4.907e-18
1.26,-0.68,0.4711,2.117e-18
1.28,-0.68,0.4709,9.135e-19
1.3,-0.68,0.4706,3.941e-19
1.32,-0.68,0.4704,1.701e-19
1.34,-0.68,0.4701,7.337e-20
1.36,-0.68,0.4699,3.165e-20
1.38,-0.68,0.4696,1.366e-20
1.4,-0.68,0.4694,5.893e-21
1.42,-0.68,0.4691,2.542e-21
1.44,-0.68,0.4689,1.097e-21
1.46,-0.68,0.4686,4.733e-22
1.48,-0.68,0.4684,2.042e-22
1.5,-0.68,0.4682,8.81e-23
1.52,-0.68,0.4679,3.801e-23
1.54,-0.68,0.4677,1.64e-23
1.56,-0.68,0.4674,7.076e-24
1.58,-0.68,0.4672,2.953e-24
1.6,-0.68,0.4669,1.224e-24
-1.6,-0.66,0.5065,5.185e-22
-1.58,-0.66,0.5062,1.122e-21
-1.56,-0.66,0.506,2.427e-21
-1.54,-0.66,0.5057,5.249e-21
-1.52,-0.66,0.5055,1.136e-20
-1.5,-0.66,0.5052,2.457e-20
-1.48,-0.66,0.505,5.315e-20
-1.46,-0.66,0.5047,1.15e-19
-1.44,-0.66,0.5045,2.487e-19
-1.42,-0.66,0.5042,5.381e-19
-1.4,-0.66,0.504,1.164e-18
-1.38,-0.66,0.5037,2.518e-18
-1.36,-0.66,0.5035,5.448e-18
-1.34,-0.66,0.5032,1.179e-17
-1.32,-0.66,0.503,2.55e-17
-1.3,-0.66,0.5027,5.516e-17
-1.28,-0.66,0.5025,1.193e-16
-1.26,-0.66,0.5023,2.582e-16
-1.24,-0.66,0.502,5.585e-16
-1.22,-0.66,0.5018,1.208e-15
-1.2,-0.66,0.5015,2.527e-15
-1.18,-0.66,0.5013,5.13e-15
-1.16,-0.66,0.501,1.009e-14
-1.14,-0.66,0.5008,1.986e-14
-1.12,-0.66,0.5005,3.909e-14
-1.1,-0.66,0.5003,7.415e-14
-1.08,-0.66,0.5,1.394e-13
-1.06,-0.66,0.4998,2.62e-13
-1.04,-0.66,0.4995,4.925e-13
-1.02,-0.66,0.4993,9.258e-13
-1,-0.66,0.499,1.74e-12
-0.98,-0.66,0.4988,3.271e-12
-0.96,-0.66,0.4985,6.149e-12
-0.94,-0.66,0.4983,1.156e-11
-0.92,-0.66,0.498,2.192e-11
-0.9,-0.66,0.4978,4.246e-11
-0.88,-0.66,0.4975,8.224e-11
-0.86,-0.66,0.4973,1.593e-10
-0.84,-0.66,0.497,3.086e-10
-0.82,-0.66,0.4968,5.977e-10
-0.8,-0.66,0.4966,1.158e-09
-0.78,-0.66,0.4963,2.243e-09
-0.76,-0.66,0.4961,4.344e-09
-0.74,-0.66,0.4958,8.414e-09
-0.72,-0.66,0.4956,1.63e-08
-0.7,-0.66,0.4953,3.173e-08
-0.68,-0.66,0.4951,6.401e-08
-0.66,-0.66,0.4948,1.327e-07
-0.64,-0.66,0.4946,2.606e-07
-0.62,-0.66,0.4943,5.153e-07
-0.6,-0.66,0.4941,1.024e-06
-0.58,-0.66,0.4938,2.103e-06
-0.56,-0.66,0.4936,4.461e-06
-0.54,-0.66,0.4933,1.062e-05
-0.52,-0.66,0.4931,2.691e-05
-0.5,-0.66,0.4928,6.914e-05
-0.48,-0.66,0.4926,0.0001776
-0.46,-0.66,0.4923,0.0004562
-0.44,-0.66,0.4921,0.001171
-0.42,-0.66,0.4918,0.002785
-0.4,-0.66,0.4916,0.00535
-0.38,-0.66,0.4913,0.009939
-0.36,-0.66,0.4911,0.01839
-0.34,-0.66,0.4909,0.02987
-0.32,-0.66,0.4906,0.04671
-0.3,-0.66,0.4904,0.07234
-0.28,-0.66,0.4901,0.1104
-0.26,-0.66,0.4899,0.1649
-0.24,-0.66,0.4896,0.2391
-0.22,-0.66,0.4894,0.3334
-0.2,-0.66,0.4891,0.4432
-0.18,-0.66,0.4889,0.5589
-0.16,-0.66,0.4886,0.6685
-0.14,-0.66,0.4884,0.7624
-0.12,-0.66,0.4881,0.8362
-0.1,-0.66,0.4879,0.8904
-0.08,-0.66,0.4876,0.9282
-0.06,-0.66,0.4874,0.9537
-0.04,-0.66,0.4871,0.9704
-0.02,-0.66,0.4869,0.9812
0,-0.66,0.4866,0.9881
0.02,-0.66,0.4864,0.9925
0.04,-0.66,0.4861,0.9938
0.06,-0.66,0.4859,0.9946
0.08,-0.66,0.4857,0.9952
0.1,-0.66,0.4854,0.9949
0.12,-0.66,0.4852,0.9943
0.14,-0.66,0.4849,0.9935
0.16,-0.66,0.4847,0.9927
0.18,-0.66,0.4844,0.9918
0.2,-0.66,0.4842,0.9871
0.22,-0.66,0.4839,0.974
0.24,-0.66,0.4837,0.9481
0.26,-0.66,0.4834,0.8992
0.28,-0.66,0.4832,0.8133
0.3,-0.66,0.4829,0.6493
0.32,-0.66,0.4827,0.4053
0.34,-0.66,0.4824,0.2005
0.36,-0.66,0.4822,0.08452
0.38,-0.66,0.4819,0.03286
0.4,-0.66,0.4817,0.01235
0.42,-0.66,0.4814,0.004582
0.44,-0.66,0.4812,0.001691
0.46,-0.66,0.4809,0.0006232
0.48,-0.66,0.4807,0.0002295
0.5,-0.66,0.4805,8.447e-05
0.52,-0.66,0.4802,3.109e-05
0.54,-0.66,0.48,1.144e-05
0.56,-0.66,0.4797,4.212e-06
0.58,-0.66,0.4795,1.55e-06
0.6,-0.66,0.4792,5.772e-07
0.62,-0.66,0.479,2.292e-07
0.64,-0.66,0.4787,9.759e-08
0.66,-0.66,0.4785,4.497e-08
0.68,-0.66,0.4782,2.151e-08
0.7,-0.66,0.478,1.029e-08
0.72,-0.66,0.4777,4.921e-09
0.74,-0.66,0.4775,2.354e-09
0.76,-0.66,0.4772,1.042e-09
0.78,-0.66,0.477,4.89e-10
0.8,-0.66,0.4767,2.294e-10
0.82,-0.66,0.4765,1.076e-10
0.84,-0.66,0.4762,5.136e-11
0.86,-0.66,0.476,2.492e-11
0.88,-0.66,0.4758,1.209e-11
0.9,-0.66,0.4755,5.868e-12
0.92,-0.66,0.4753,2.847e-12
0.94,-0.66,0.475,1.382e-12
0.96,-0.66,0.4748,6.363e-13
0.98,-0.66,0.4745,2.903e-13
1,-0.66,0.4743,1.324e-13
1.02,-0.66,0.474,6.042e-14
1.04,-0.66,0.4738,2.756e-14
1.06,-0.66,0.4735,1.257e-14
1.08,-0.66,0.4733,5.736e-15
1.1,-0.66,0.473,2.617e-15
1.12,-0.66,0.4728,1.13e-15
1.14,-0.66,0.4725,4.874e-16
1.16,-0.66,0.4723,2.103e-16
1.18,-0.66,0.472,9.074e-17
1.2,-0.66,0.4718,3.915e-17
1.22,-0.66,0.4716,1.689e-17
1.24,-0.66,0.4713,7.287e-18
1.26,-0.66,0.4711,3.144e-18
1.28,-0.66,0.4708,1.357e-18
1.3,-0.66,0.4706,5.853e-19
1.32,-0.66,0.4703,2.525e-19
1.34,-0.66,0.4701,1.09e-19
1.36,-0.66,0.4698,4.701e-20
1.38,-0.66,0.4696,2.028e-20
1.4,-0.66,0.4693,8.75e-21
1.42,-0.66,0.4691,3.775e-21
1.44,-0.66,0.4688,1.629e-21
1.46,-0.66,0.4686,7.028e-22
1.48,-0.66,0.4683,3.032e-22
1.5,-0.66,0.4681,1.308e-22
1.52,-0.66,0.4678,5.644e-23
1.54,-0.66,0.4676,2.384e-23
1.56,-0.66,0.4674,9.885e-24
1.58,-0.66,0.4671,4.098e-24
1.6,-0.66,0.4669,1.699e-24
-1.6,-0.64,0.5064,7.59e-22
-1.58,-0.64,0.5062,1.642e-21
-1.56,-0.64,0.5059,3.552e-21
-1.54,-0.64,0.5057,7.685e-21
-1.52,-0.64,0.5054,1.663e-20
-1.5,-0.64,0.5052,3.597e-20
-1.48,-0.64,0.5049,7.781e-20
-1.46,-0.64,0.5047,1.683e-19
-1.44,-0.64,0.5044,3.642e-19
-1.42,-0.64,0.5042,7.878e-19
-1.4,-0.64,0.5039,1.704e-18
-1.38,-0.64,0.5037,3.687e-18
-1.36,-0.64,0.5034,7.976e-18
-1.34,-0.64,0.5032,1.725e-17
-1.32,-0.64,0.5029,3.733e-17
-1.3,-0.64,0.5027,8.076e-17
-1.28,-0.64,0.5024,1.747e-16
-1.26,-0.64,0.5022,3.779e-16
-1.24,-0.64,0.5019,8.176e-16
-1.22,-0.64,0.5017,1.769e-15
-1.2,-0.64,0.5015,3.826e-15
-1.18,-0.64,0.5012,8.023e-15
-1.16,-0.64,0.501,1.634e-14
-1.14,-0.64,0.5007,3.215e-14
-1.12,-0.64,0.5005,6.326e-14
-1.1,-0.64,0.5002,1.245e-13
-1.08,-0.64,0.5,2.357e-13
-1.06,-0.64,0.4997,4.431e-13
-1.04,-0.64,0.4995,8.329e-13
-1.02,-0.64,0.4992,1.566e-12
-1,-0.64,0.499,2.943e-12
-0.98,-0.64,0.4987,5.532e-12
-0.96,-0.64,0.4985,1.04e-11
-0.94,-0.64,0.4982,1.968e-11
-0.92,-0.64,0.498,3.811e-11
-0.9,-0.64,0.4977,7.382e-11
-0.88,-0.64,0.4975,1.43e-10
-0.86,-0.64,0.4972,2.77e-10
-0.84,-0.64,0.497,5.365e-10
-0.82,-0.64,0.4967,1.039e-09
-0.8,-0.64,0.4965,2.013e-09
-0.78,-0.64,0.4962,3.899e-09
-0.76,-0.64,0.496,7.553e-09
-0.74,-0.64,0.4958,1.463e-08
-0.72,-0.64,0.4955,2.85e-08
-0.7,-0.64,0.4953,5.766e-08
-0.68,-0.64,0.495,1.201e-07
-0.66,-0.64,0.4948,2.502e-07
-0.64,-0.64,0.4945,5.36e-07
-0.62,-0.64,0.4943,1.148e-06
-0.6,-0.64,0.494,2.361e-06
-0.58,-0.64,0.4938,5.167e-06
-0.56,-0.64,0.4935,1.256e-05
-0.54,-0.64,0.4933,3.189e-05
-0.52,-0.64,0.493,8.193e-05
-0.5,-0.64,0.4928,0.0002105
-0.48,-0.64,0.4925,0.0005406
-0.46,-0.64,0.4923,0.001388
-0.44,-0.64,0.492,0.003557
-0.42,-0.64,0.4918,0.008834
-0.4,-0.64,0.4915,0.01773
-0.38,-0.64,0.4913,0.03259
-0.36,-0.64,0.491,0.05916
-0.34,-0.64,0.4908,0.105
-0.32,-0.64,0.4905,0.161
-0.3,-0.64,0.4903,0.234
-0.28,-0.64,0.4901,0.3271
-0.26,-0.64,0.4898,0.4362
-0.24,-0.64,0.4896,0.5518
-0.22,-0.64,0.4893,0.6621
-0.2,-0.64,0.4891,0.7572
-0.18,-0.64,0.4888,0.8323
-0.16,-0.64,0.4886,0.8876
-0.14,-0.64,0.4883,0.9263
-0.12,-0.64,0.4881,0.9524
-0.1,-0.64,0.4878,0.9695
-0.08,-0.64,0.4876,0.9806
-0.06,-0.64,0.4873,0.9877
-0.04,-0.64,0.4871,0.9923
-0.02,-0.64,0.4868,0.9951
0,-0.64,0.4866,0.9969
0.02,-0.64,0.4863,0.9979
0.04,-0.64,0.4861,0.9981
0.06,-0.64,0.4858,0.9983
0.08,-0.64,0.4856,0.9984
0.1,-0.64,0.4853,0.9982
0.12,-0.64,0.4851,0.998
0.14,-0.64,0.4849,0.9977
0.16,-0.64,0.4846,0.9975
0.18,-0.64,0.4844,0.9971
0.2,-0.64,0.4841,0.9958
0.22,-0.64,0.4839,0.9915
0.24,-0.64,0.4836,0.9828
0.26,-0.64,0.4834,0.9653
0.28,-0.64,0.4831,0.9314
0.3,-0.64,0.4829,0.8456
0.32,-0.64,0.4826,0.6684
0.34,-0.64,0.4824,0.426
0.36,-0.64,0.4821,0.2145
0.38,-0.64,0.4819,0.09134
0.4,-0.64,0.4816,0.03568
0.42,-0.64,0.4814,0.01343
0.44,-0.64,0.4811,0.004987
0.46,-0.64,0.4809,0.001841
0.48,-0.64,0.4806,0.0006785
0.5,-0.64,0.4804,0.0002498
0.52,-0.64,0.4801,9.197e-05
0.54,-0.64,0.4799,3.385e-05
0.56,-0.64,0.4797,1.246e-05
0.58,-0.64,0.4794,4.586e-06
0.6,-0.64,0.4792,1.688e-06
0.62,-0.64,0.4789,6.276e-07
0.64,-0.64,0.4787,2.484e-07
0.66,-0.64,0.4784,1.055e-07
0.68,-0.64,0.4782,4.803e-08
0.7,-0.64,0.4779,2.273e-08
0.72,-0.64,0.4777,1.04e-08
0.74,-0.64,0.4774,4.544e-09
0.76,-0.64,0.4772,1.868e-09
0.78,-0.64,0.4769,8.447e-10
0.8,-0.64,0.4767,3.963e-10
0.82,-0.64,0.4764,1.859e-10
0.84,-0.64,0.4762,8.722e-11
0.86,-0.64,0.4759,4.168e-11
0.88,-0.64,0.4757,2.023e-11
0.9,-0.64,0.4754,9.814e-12
0.92,-0.64,0.4752,4.762e-12
0.94,-0.64,0.475,2.199e-12
0.96,-0.64,0.4747,1.003e-12
0.98,-0.64,0.4745,4.578e-13
1,-0.64,0.4742,2.088e-13
1.02,-0.64,0.474,9.527e-14
1.04,-0.64,0.4737,4.346e-14
1.06,-0.64,0.4735,1.983e-14
1.08,-0.64,0.4732,9.012e-15
1.1,-0.64,0.473,3.888e-15
1.12,-0.64,0.4727,1.678e-15
1.14,-0.64,0.4725,7.238e-16
1.16,-0.64,0.4722,3.123e-16
1.18,-0.64,0.472,1.347e-16
1.2,-0.64,0.4717,5.813e-17
1.22,-0.64,0.4715,2.508e-17
1.24,-0.64,0.4712,1.082e-17
1.26,-0.64,0.471,4.669e-18
1.28,-0.64,0.4708,2.014e-18
1.3,-0.64,0.4705,8.691e-19
1.32,-0.64,0.4703,3.75e-19
1.34,-0.64,0.47,1.618e-19
1.36,-0.64,0.4698,6.981e-20
1.38,-0.64,0.4695,3.012e-20
1.4,-0.64,0.4693,1.299e-20
1.42,-0.64,0.469,5.606e-21
1.44,-0.64,0.4688,2.419e-21
1.46,-0.64,0.4685,1.044e-21
1.48,-0.64,0.4683,4.503e-22
1.5,-0.64,0.468,1.925e-22
1.52,-0.64,0.4678,7.982e-23
1.54,-0.64,0.4675,3.309e-23
1.56,-0.64,0.4673,1.372e-23
1.58,-0.64,0.4671,5.689e-24
1.6,-0.64,0.4668,2.359e-24
-1.6,-0.62,0.5064,1.111e-21
-1.58,-0.62,0.5061,2.404e-21
-1.56,-0.62,0.5059,5.201e-21
-1.54,-0.62,0.5056,1.125e-20
-1.52,-0.62,0.5054,2.434e-20
-1.5,-0.62,0.5051,5.265e-20
-1.48,-0.62,0.5049,1.139e-19
-1.46,-0.62,0.5046,2.464e-19
-1.44,-0.62,0.5044,5.331e-19
-1.42,-0.62,0.5041,1.153e-18
-1.4,-0.62,0.5039,2.495e-18
-1.38,-0.62,0.5036,5.398e-18
-1.36,-0.62,0.5034,1.168e-17
-1.34,-0.62,0.5031,2.526e-17
-1.32,-0.62,0.5029,5.465e-17
-1.3,-0.62,0.5026,1.182e-16
-1.28,-0.62,0.5024,2.558e-16
-1.26,-0.62,0.5021,5.533e-16
-1.24,-0.62,0.5019,1.197e-15
-1.22,-0.62,0.5016,2.589e-15
-1.2,-0.62,0.5014,5.602e-15
-1.18,-0.62,0.5011,1.212e-14
-1.16,-0.62,0.5009,2.548e-14
-1.14,-0.62,0.5007,5.203e-14
-1.12,-0.62,0.5004,1.024e-13
-1.1,-0.62,0.5002,2.015e-13
-1.08,-0.62,0.4999,3.964e-13
-1.06,-0.62,0.4997,7.494e-13
-1.04,-0.62,0.4994,1.409e-12
-1.02,-0.62,0.4992,2.648e-12
-1,-0.62,0.4989,4.977e-12
-0.98,-0.62,0.4987,9.356e-12
-0.96,-0.62,0.4984,1.766e-11
-0.94,-0.62,0.4982,3.421e-11
-0.92,-0.62,0.4979,6.627e-11
-0.9,-0.62,0.4977,1.284e-10
-0.88,-0.62,0.4974,2.486e-10
-0.86,-0.62,0.4972,4.816e-10
-0.84,-0.62,0.4969,9.328e-10
-0.82,-0.62,0.4967,1.807e-09
-0.8,-0.62,0.4964,3.5e-09
-0.78,-0.62,0.4962,6.779e-09
-0.76,-0.62,0.4959,1.313e-08
-0.74,-0.62,0.4957,2.56e-08
-0.72,-0.62,0.4954,5.218e-08
-0.7,-0.62,0.4952,1.087e-07
-0.68,-0.62,0.495,2.264e-07
-0.66,-0.62,0.4947,4.786e-07
-0.64,-0.62,0.4945,1.039e-06
-0.62,-0.62,0.4942,2.365e-06
-0.6,-0.62,0.494,5.795e-06
-0.58,-0.62,0.4937,1.485e-05
-0.56,-0.62,0.4935,3.779e-05
-0.54,-0.62,0.4932,9.708e-05
-0.52,-0.62,0.493,0.0002494
-0.5,-0.62,0.4927,0.0006405
-0.48,-0.62,0.4925,0.001644
-0.46,-0.62,0.4922,0.004212
-0.44,-0.62,0.492,0.01075
-0.42,-0.62,0.4917,0.02717
-0.4,-0.62,0.4915,0.05711
-0.38,-0.62,0.4912,0.1016
-0.36,-0.62,0.491,0.1742
-0.34,-0.62,0.4907,0.2826
-0.32,-0.62,0.4905,0.4237
-0.3,-0.62,0.4902,0.5447
-0.28,-0.62,0.49,0.6556
-0.26,-0.62,0.4897,0.7518
-0.24,-0.62,0.4895,0.8282
-0.22,-0.62,0.4893,0.8847
-0.2,-0.62,0.489,0.9243
-0.18,-0.62,0.4888,0.9511
-0.16,-0.62,0.4885,0.9687
-0.14,-0.62,0.4883,0.9801
-0.12,-0.62,0.488,0.9874
-0.1,-0.62,0.4878,0.992
-0.08,-0.62,0.4875,0.995
-0.06,-0.62,0.4873,0.9968
-0.04,-0.62,0.487,0.998
-0.02,-0.62,0.4868,0.9988
0,-0.62,0.4865,0.9992
0.02,-0.62,0.4863,0.9994
0.04,-0.62,0.486,0.9994
0.06,-0.62,0.4858,0.9995
0.08,-0.62,0.4855,0.9995
0.1,-0.62,0.4853,0.9994
0.12,-0.62,0.485,0.9993
0.14,-0.62,0.4848,0.9992
0.16,-0.62,0.4845,0.9991
0.18,-0.62,0.4843,0.999
0.2,-0.62,0.4841,0.9986
0.22,-0.62,0.4838,0.9973
0.24,-0.62,0.4836,0.9944
0.26,-0.62,0.4833,0.9886
0.28,-0.62,0.4831,0.9769
0.3,-0.62,0.4828,0.9419
0.32,-0.62,0.4826,0.8564
0.34,-0.62,0.4823,0.687
0.36,-0.62,0.4821,0.4469
0.38,-0.62,0.4818,0.2292
0.4,-0.62,0.4816,0.09865
0.42,-0.62,0.4813,0.03872
0.44,-0.62,0.4811,0.01461
0.46,-0.62,0.4808,0.005427
0.48,-0.62,0.4806,0.002004
0.5,-0.62,0.4803,0.0007387
0.52,-0.62,0.4801,0.000272
0.54,-0.62,0.4798,0.0001001
0.56,-0.62,0.4796,3.686e-05
0.58,-0.62,0.4793,1.357e-05
0.6,-0.62,0.4791,4.993e-06
0.62,-0.62,0.4789,1.838e-06
0.64,-0.62,0.4786,6.825e-07
0.66,-0.62,0.4784,2.668e-07
0.68,-0.62,0.4781,1.071e-07
0.7,-0.62,0.4779,4.615e-08
0.72,-0.62,0.4776,2.068e-08
0.74,-0.62,0.4774,8.509e-09
0.76,-0.62,0.4771,3.498e-09
0.78,-0.62,0.4769,1.46e-09
0.8,-0.62,0.4766,6.845e-10
0.82,-0.62,0.4764,3.211e-10
0.84,-0.62,0.4761,1.507e-10
0.86,-0.62,0.4759,7.068e-11
0.88,-0.62,0.4756,3.383e-11
0.9,-0.62,0.4754,1.641e-11
0.92,-0.62,0.4751,7.603e-12
0.94,-0.62,0.4749,3.468e-12
0.96,-0.62,0.4746,1.582e-12
0.98,-0.62,0.4744,7.219e-13
1,-0.62,0.4742,3.293e-13
1.02,-0.62,0.4739,1.502e-13
1.04,-0.62,0.4737,6.854e-14
1.06,-0.62,0.4734,3.102e-14
1.08,-0.62,0.4732,1.338e-14
1.1,-0.62,0.4729,5.774e-15
1.12,-0.62,0.4727,2.491e-15
1.14,-0.62,0.4724,1.075e-15
1.16,-0.62,0.4722,4.638e-16
1.18,-0.62,0.4719,2.001e-16
1.2,-0.62,0.4717,8.633e-17
1.22,-0.62,0.4714,3.725e-17
1.24,-0.62,0.4712,1.607e-17
1.26,-0.62,0.4709,6.934e-18
1.28,-0.62,0.4707,2.991e-18
1.3,-0.62,0.4704,1.291e-18
1.32,-0.62,0.4702,5.569e-19
1.34,-0.62,0.47,2.403e-19
1.36,-0.62,0.4697,1.037e-19
1.38,-0.62,0.4695,4.472e-20
1.4,-0.62,0.4692,1.93e-20
1.42,-0.62,0.469,8.325e-21
1.44,-0.62,0.4687,3.592e-21
1.46,-0.62,0.4685,1.55e-21
1.48,-0.62,0.4682,6.445e-22
1.5,-0.62,0.468,2.672e-22
1.52,-0.62,0.4677,1.108e-22
1.54,-0.62,0.4675,4.594e-23
1.56,-0.62,0.4672,1.905e-23
1.58,-0.62,0.467,7.896e-24
1.6,-0.62,0.4667,3.265e-24
-1.6,-0.6,0.5063,1.627e-21
-1.58,-0.6,0.506,3.519e-21
-1.56,-0.6,0.5058,7.614e-21
-1.54,-0.6,0.5055,1.647e-20
-1.52,-0.6,0.5053,3.563e-20
-1.5,-0.6,0.5051,7.708e-20
-1.48,-0.6,0.5048,1.668e-19
-1.46,-0.6,0.5046,3.608e-19
-1.44,-0.6,0.5043,7.805e-19
-1.42,-0.6,0.5041,1.688e-18
-1.4,-0.6,0.5038,3.653e-18
-1.38,-0.6,0.5036,7.902e-18
-1.36,-0.6,0.5033,1.709e-17
-1.34,-0.6,0.5031,3.698e-17
-1.32,-0.6,0.5028,8e-17
-1.3,-0.6,0.5026,1.731e-16
-1.28,-0.6,0.5023,3.744e-16
-1.26,-0.6,0.5021,8.1e-16
-1.24,-0.6,0.5018,1.752e-15
-1.22,-0.6,0.5016,3.791e-15
-1.2,-0.6,0.5013,8.201e-15
-1.18,-0.6,0.5011,1.774e-14
-1.16,-0.6,0.5008,3.838e-14
-1.14,-0.6,0.5006,8.089e-14
-1.12,-0.6,0.5003,1.657e-13
-1.1,-0.6,0.5001,3.26e-13
-1.08,-0.6,0.4998,6.416e-13
-1.06,-0.6,0.4996,1.262e-12
-1.04,-0.6,0.4994,2.382e-12
-1.02,-0.6,0.4991,4.478e-12
-1,-0.6,0.4989,8.418e-12
-0.98,-0.6,0.4986,1.585e-11
-0.96,-0.6,0.4984,3.071e-11
-0.94,-0.6,0.4981,5.948e-11
-0.92,-0.6,0.4979,1.152e-10
-0.9,-0.6,0.4976,2.232e-10
-0.88,-0.6,0.4974,4.323e-10
-0.86,-0.6,0.4971,8.373e-10
-0.84,-0.6,0.4969,1.622e-09
-0.82,-0.6,0.4966,3.142e-09
-0.8,-0.6,0.4964,6.085e-09
-0.78,-0.6,0.4961,1.179e-08
-0.76,-0.6,0.4959,2.299e-08
-0.74,-0.6,0.4956,4.721e-08
-0.72,-0.6,0.4954,9.835e-08
-0.7,-0.6,0.4951,2.049e-07
-0.68,-0.6,0.4949,4.274e-07
-0.66,-0.6,0.4946,9.281e-07
-0.64,-0.6,0.4944,2.111e-06
-0.62,-0.6,0.4941,5.129e-06
-0.6,-0.6,0.4939,1.396e-05
-0.58,-0.6,0.4937,3.996e-05
-0.56,-0.6,0.4934,0.000115
-0.54,-0.6,0.4932,0.0002955
-0.52,-0.6,0.4929,0.0007588
-0.5,-0.6,0.4927,0.001947
-0.48,-0.6,0.4924,0.004988
-0.46,-0.6,0.4922,0.01271
-0.44,-0.6,0.4919,0.03203
-0.42,-0.6,0.4917,0.07835
-0.4,-0.6,0.4914,0.1689
-0.38,-0.6,0.4912,0.275
-0.36,-0.6,0.4909,0.4146
-0.34,-0.6,0.4907,0.5693
-0.32,-0.6,0.4904,0.7116
-0.3,-0.6,0.4902,0.8216
-0.28,-0.6,0.4899,0.8817
-0.26,-0.6,0.4897,0.9223
-0.24,-0.6,0.4894,0.9497
-0.22,-0.6,0.4892,0.9678
-0.2,-0.6,0.4889,0.9795
-0.18,-0.6,0.4887,0.987
-0.16,-0.6,0.4885,0.9918
-0.14,-0.6,0.4882,0.9948
-0.12,-0.6,0.488,0.9968
-0.1,-0.6,0.4877,0.998
-0.08,-0.6,0.4875,0.9987
-0.06,-0.6,0.4872,0.9992
-0.04,-0.6,0.487,0.9995
-0.02,-0.6,0.4867,0.9997
0,-0.6,0.4865,0.9998
0.02,-0.6,0.4862,0.9998
0.04,-0.6,0.486,0.9998
0.06,-0.6,0.4857,0.9998
0.08,-0.6,0.4855,0.9998
0.1,-0.6,0.4852,0.9998
0.12,-0.6,0.485,0.9998
0.14,-0.6,0.4847,0.9997
0.16,-0.6,0.4845,0.9997
0.18,-0.6,0.4842,0.9997
0.2,-0.6,0.484,0.9995
0.22,-0.6,0.4837,0.9991
0.24,-0.6,0.4835,0.9982
0.26,-0.6,0.4832,0.9963
0.28,-0.6,0.483,0.9924
0.3,-0.6,0.4828,0.9796
0.32,-0.6,0.4825,0.9464
0.34,-0.6,0.4823,0.8666
0.36,-0.6,0.482,0.705
0.38,-0.6,0.4818,0.468
0.4,-0.6,0.4815,0.2446
0.42,-0.6,0.4813,0.1065
0.44,-0.6,0.481,0.04202
0.46,-0.6,0.4808,0.01589
0.48,-0.6,0.4805,0.005907
0.5,-0.6,0.4803,0.002182
0.52,-0.6,0.48,0.0008043
0.54,-0.6,0.4798,0.0002962
0.56,-0.6,0.4795,0.000109
0.58,-0.6,0.4793,4.013e-05
0.6,-0.6,0.479,1.477e-05
0.62,-0.6,0.4788,5.304e-06
0.64,-0.6,0.4785,1.834e-06
0.66,-0.6,0.4783,6.418e-07
0.68,-0.6,0.4781,2.414e-07
0.7,-0.6,0.4778,9.691e-08
0.72,-0.6,0.4776,3.939e-08
0.74,-0.6,0.4773,1.594e-08
0.76,-0.6,0.4771,6.55e-09
0.78,-0.6,0.4768,2.692e-09
0.8,-0.6,0.4766,1.182e-09
0.82,-0.6,0.4763,5.547e-10
0.84,-0.6,0.4761,2.602e-10
0.86,-0.6,0.4758,1.221e-10
0.88,-0.6,0.4756,5.728e-11
0.9,-0.6,0.4753,2.628e-11
0.92,-0.6,0.4751,1.199e-11
0.94,-0.6,0.4748,5.469e-12
0.96,-0.6,0.4746,2.495e-12
0.98,-0.6,0.4743,1.138e-12
1,-0.6,0.4741,5.193e-13
1.02,-0.6,0.4738,2.369e-13
1.04,-0.6,0.4736,1.068e-13
1.06,-0.6,0.4734,4.606e-14
1.08,-0.6,0.4731,1.987e-14
1.1,-0.6,0.4729,8.575e-15
1.12,-0.6,0.4726,3.7e-15
1.14,-0.6,0.4724,1.596e-15
1.16,-0.6,0.4721,6.887e-16
1.18,-0.6,0.4719,2.971e-16
1.2,-0.6,0.4716,1.282e-16
1.22,-0.6,0.4714,5.531e-17
1.24,-0.6,0.4711,2.386e-17
1.26,-0.6,0.4709,1.03e-17
1.28,-0.6,0.4706,4.442e-18
1.3,-0.6,0.4704,1.917e-18
1.32,-0.6,0.4701,8.269e-19
1.34,-0.6,0.4699,3.568e-19
1.36,-0.6,0.4696,1.539e-19
1.38,-0.6,0.4694,6.642e-20
1.4,-0.6,0.4692,2.866e-20
1.42,-0.6,0.4689,1.236e-20
1.44,-0.6,0.4687,5.205e-21
1.46,-0.6,0.4684,2.158e-21
1.48,-0.6,0.4682,8.947e-22
1.5,-0.6,0.4679,3.709e-22
1.52,-0.6,0.4677,1.518e-22
1.54,-0.6,0.4674,6.182e-23
1.56,-0.6,0.4672,2.518e-23
1.58,-0.6,0.4669,1.026e-23
1.6,-0.6,0.4667,4.178e-24
-1.6,-0.58,0.5062,2.382e-21
-1.58,-0.58,0.506,5.152e-21
-1.56,-0.58,0.5057,1.115e-20
-1.54,-0.58,0.5055,2.411e-20
-1.52,-0.58,0.5052,5.216e-20
-1.5,-0.58,0.505,1.128e-19
-1.48,-0.58,0.5047,2.441e-19
-1.46,-0.58,0.5045,5.281e-19
-1.44,-0.58,0.5043,1.143e-18
-1.42,-0.58,0.504,2.472e-18
-1.4,-0.58,0.5038,5.347e-18
-1.38,-0.58,0.5035,1.157e-17
-1.36,-0.58,0.5033,2.503e-17
-1.34,-0.58,0.503,5.414e-17
-1.32,-0.58,0.5028,1.171e-16
-1.3,-0.58,0.5025,2.534e-16
-1.28,-0.58,0.5023,5.481e-16
-1.26,-0.58,0.502,1.186e-15
-1.24,-0.58,0.5018,2.565e-15
-1.22,-0.58,0.5015,5.55e-15
-1.2,-0.58,0.5013,1.201e-14
-1.18,-0.58,0.501,2.597e-14
-1.16,-0.58,0.5008,5.619e-14
-1.14,-0.58,0.5005,1.216e-13
-1.12,-0.58,0.5003,2.568e-13
-1.1,-0.58,0.5,5.277e-13
-1.08,-0.58,0.4998,1.038e-12
-1.06,-0.58,0.4995,2.043e-12
-1.04,-0.58,0.4993,4.021e-12
-1.02,-0.58,0.499,7.573e-12
-1,-0.58,0.4988,1.424e-11
-0.98,-0.58,0.4986,2.756e-11
-0.96,-0.58,0.4983,5.339e-11
-0.94,-0.58,0.4981,1.034e-10
-0.92,-0.58,0.4978,2.003e-10
-0.9,-0.58,0.4976,3.88e-10
-0.88,-0.58,0.4973,7.516e-10
-0.86,-0.58,0.4971,1.456e-09
-0.84,-0.58,0.4968,2.82e-09
-0.82,-0.58,0.4966,5.462e-09
-0.8,-0.58,0.4963,1.058e-08
-0.78,-0.58,0.4961,2.065e-08
-0.76,-0.58,0.4958,4.272e-08
-0.74,-0.58,0.4956,8.9e-08
-0.72,-0.58,0.4953,1.854e-07
-0.7,-0.58,0.4951,3.862e-07
-0.68,-0.58,0.4948,8.309e-07
-0.66,-0.58,0.4946,1.885e-06
-0.64,-0.58,0.4943,4.539e-06
-0.62,-0.58,0.4941,1.219e-05
-0.6,-0.58,0.4938,3.461e-05
-0.58,-0.58,0.4936,0.0001006
-0.56,-0.58,0.4933,0.0002922
-0.54,-0.58,0.4931,0.0008486
-0.52,-0.58,0.4929,0.002306
-0.5,-0.58,0.4926,0.005904
-0.48,-0.58,0.4924,0.01503
-0.46,-0.58,0.4921,0.03773
-0.44,-0.58,0.4919,0.09151
-0.42,-0.58,0.4916,0.2056
-0.4,-0.58,0.4914,0.3938
-0.38,-0.58,0.4911,0.5601
-0.36,-0.58,0.4909,0.7038
-0.34,-0.58,0.4906,0.816
-0.32,-0.58,0.4904,0.8922
-0.3,-0.58,0.4901,0.9392
-0.28,-0.58,0.4899,0.9665
-0.26,-0.58,0.4896,0.9789
-0.24,-0.58,0.4894,0.9867
-0.22,-0.58,0.4891,0.9916
-0.2,-0.58,0.4889,0.9947
-0.18,-0.58,0.4886,0.9967
-0.16,-0.58,0.4884,0.9979
-0.14,-0.58,0.4881,0.9987
-0.12,-0.58,0.4879,0.9992
-0.1,-0.58,0.4876,0.9995
-0.08,-0.58,0.4874,0.9997
-0.06,-0.58,0.4872,0.9998
-0.04,-0.58,0.4869,0.9999
-0.02,-0.58,0.4867,0.9999
0,-0.58,0.4864,0.9999
0.02,-0.58,0.4862,0.9999
0.04,-0.58,0.4859,0.9999
0.06,-0.58,0.4857,0.9999
0.08,-0.58,0.4854,0.9999
0.1,-0.58,0.4852,0.9999
0.12,-0.58,0.4849,0.9999
0.14,-0.58,0.4847,0.9999
0.16,-0.58,0.4844,0.9999
0.18,-0.58,0.4842,0.9999
0.2,-0.58,0.4839,0.9998
0.22,-0.58,0.4837,0.9997
0.24,-0.58,0.4834,0.9994
0.26,-0.58,0.4832,0.9988
0.28,-0.58,0.4829,0.9974
0.3,-0.58,0.4827,0.993
0.32,-0.58,0.4824,0.9812
0.34,-0.58,0.4822,0.9505
0.36,-0.58,0.482,0.8761
0.38,-0.58,0.4817,0.7224
0.4,-0.58,0.4815,0.4892
0.42,-0.58,0.4812,0.2606
0.44,-0.58,0.481,0.1148
0.46,-0.58,0.4807,0.04558
0.48,-0.58,0.4805,0.01727
0.5,-0.58,0.4802,0.006428
0.52,-0.58,0.48,0.002375
0.54,-0.58,0.4797,0.0008756
0.56,-0.58,0.4795,0.0003225
0.58,-0.58,0.4792,0.0001142
0.6,-0.58,0.479,3.947e-05
0.62,-0.58,0.4787,1.365e-05
0.64,-0.58,0.4785,4.719e-06
0.66,-0.58,0.4782,1.632e-06
0.68,-0.58,0.478,5.773e-07
0.7,-0.58,0.4777,2.153e-07
0.72,-0.58,0.4775,7.706e-08
0.74,-0.58,0.4773,3.005e-08
0.76,-0.58,0.477,1.227e-08
0.78,-0.58,0.4768,5.042e-09
0.8,-0.58,0.4765,2.072e-09
0.82,-0.58,0.4763,9.582e-10
0.84,-0.58,0.476,4.495e-10
0.86,-0.58,0.4758,2.109e-10
0.88,-0.58,0.4755,9.481e-11
0.9,-0.58,0.4753,4.169e-11
0.92,-0.58,0.475,1.891e-11
0.94,-0.58,0.4748,8.625e-12
0.96,-0.58,0.4745,3.935e-12
0.98,-0.58,0.4743,1.795e-12
1,-0.58,0.474,8.189e-13
1.02,-0.58,0.4738,3.675e-13
1.04,-0.58,0.4735,1.585e-13
1.06,-0.58,0.4733,6.84e-14
1.08,-0.58,0.4731,2.951e-14
1.1,-0.58,0.4728,1.273e-14
1.12,-0.58,0.4726,5.494e-15
1.14,-0.58,0.4723,2.37e-15
1.16,-0.58,0.4721,1.023e-15
1.18,-0.58,0.4718,4.412e-16
1.2,-0.58,0.4716,1.904e-16
1.22,-0.58,0.4713,8.214e-17
1.24,-0.58,0.4711,3.544e-17
1.26,-0.58,0.4708,1.529e-17
1.28,-0.58,0.4706,6.597e-18
1.3,-0.58,0.4703,2.846e-18
1.32,-0.58,0.4701,1.228e-18
1.34,-0.58,0.4698,5.298e-19
1.36,-0.58,0.4696,2.286e-19
1.38,-0.58,0.4693,9.863e-20
1.4,-0.58,0.4691,4.203e-20
1.42,-0.58,0.4689,1.732e-20
1.44,-0.58,0.4686,7.056e-21
1.46,-0.58,0.4684,2.874e-21
1.48,-0.58,0.4681,1.171e-21
1.5,-0.58,0.4679,4.769e-22
1.52,-0.58,0.4676,1.942e-22
1.54,-0.58,0.4674,7.912e-23
1.56,-0.58,0.4671,3.223e-23
1.58,-0.58,0.4669,1.313e-23
1.6,-0.58,0.4666,5.347e-24
-1.6,-0.56,0.5062,3.487e-21
-1.58,-0.56,0.5059,7.543e-21
-1.56,-0.56,0.5057,1.632e-20
-1.54,-0.56,0.5054,3.53e-20
-1.52,-0.56,0.5052,7.637e-20
-1.5,-0.56,0.5049,1.652e-19
-1.48,-0.56,0.5047,3.574e-19
-1.46,-0.56,0.5044,7.732e-19
-1.44,-0.56,0.5042,1.673e-18
-1.42,-0.56,0.5039,3.619e-18
-1.4,-0.56,0.5037,7.828e-18
-1.38,-0.56,0.5035,1.694e-17
-1.36,-0.56,0.5032,3.664e-17
-1.34,-0.56,0.503,7.926e-17
-1.32,-0.56,0.5027,1.715e-16
-1.3,-0.56,0.5025,3.709e-16
-1.28,-0.56,0.5022,8.025e-16
-1.26,-0.56,0.502,1.736e-15
-1.24,-0.56,0.5017,3.756e-15
-1.22,-0.56,0.5015,8.125e-15
-1.2,-0.56,0.5012,1.758e-14
-1.18,-0.56,0.501,3.802e-14
-1.16,-0.56,0.5007,8.226e-14
-1.14,-0.56,0.5005,1.78e-13
-1.12,-0.56,0.5002,3.85e-13
-1.1,-0.56,0.5,8.156e-13
-1.08,-0.56,0.4997,1.68e-12
-1.06,-0.56,0.4995,3.307e-12
-1.04,-0.56,0.4992,6.507e-12
-1.02,-0.56,0.499,1.28e-11
-1,-0.56,0.4987,2.474e-11
-0.98,-0.56,0.4985,4.793e-11
-0.96,-0.56,0.4982,9.283e-11
-0.94,-0.56,0.498,1.798e-10
-0.92,-0.56,0.4977,3.483e-10
-0.9,-0.56,0.4975,6.747e-10
-0.88,-0.56,0.4973,1.307e-09
-0.86,-0.56,0.497,2.531e-09
-0.84,-0.56,0.4968,4.903e-09
-0.82,-0.56,0.4965,9.497e-09
-0.8,-0.56,0.4963,1.856e-08
-0.78,-0.56,0.496,3.866e-08
-0.76,-0.56,0.4958,8.054e-08
-0.74,-0.56,0.4955,1.678e-07
-0.72,-0.56,0.4953,3.495e-07
-0.7,-0.56,0.495,7.521e-07
-0.68,-0.56,0.4948,1.703e-06
-0.66,-0.56,0.4945,4.017e-06
-0.64,-0.56,0.4943,1.065e-05
-0.62,-0.56,0.494,2.998e-05
-0.6,-0.56,0.4938,8.712e-05
-0.58,-0.56,0.4935,0.0002531
-0.56,-0.56,0.4933,0.0007352
-0.54,-0.56,0.493,0.002133
-0.52,-0.56,0.4928,0.006174
-0.5,-0.56,0.4925,0.01773
-0.48,-0.56,0.4923,0.04439
-0.46,-0.56,0.4921,0.1066
-0.44,-0.56,0.4918,0.2347
-0.42,-0.56,0.4916,0.4407
-0.4,-0.56,0.4913,0.6693
-0.38,-0.56,0.4911,0.8103
-0.36,-0.56,0.4908,0.8886
-0.34,-0.56,0.4906,0.937
-0.32,-0.56,0.4903,0.9653
-0.3,-0.56,0.4901,0.9811
-0.28,-0.56,0.4898,0.9898
-0.26,-0.56,0.4896,0.9945
-0.24,-0.56,0.4893,0.9966
-0.22,-0.56,0.4891,0.9978
-0.2,-0.56,0.4888,0.9986
-0.18,-0.56,0.4886,0.9991
-0.16,-0.56,0.4883,0.9995
-0.14,-0.56,0.4881,0.9997
-0.12,-0.56,0.4878,0.9998
-0.1,-0.56,0.4876,0.9999
-0.08,-0.56,0.4873,0.9999
-0.06,-0.56,0.4871,0.9999
-0.04,-0.56,0.4868,1
-0.02,-0.56,0.4866,1
0,-0.56,0.4864,1
0.02,-0.56,0.4861,1
0.04,-0.56,0.4859,1
0.06,-0.56,0.4856,1
0.08,-0.56,0.4854,1
0.1,-0.56,0.4851,1
0.12,-0.56,0.4849,1
0.14,-0.56,0.4846,1
0.16,-0.56,0.4844,1
0.18,-0.56,0.4841,1
0.2,-0.56,0.4839,0.9999
0.22,-0.56,0.4836,0.9999
0.24,-0.56,0.4834,0.9998
0.26,-0.56,0.4831,0.9996
0.28,-0.56,0.4829,0.9991
0.3,-0.56,0.4826,0.9976
0.32,-0.56,0.4824,0.9936
0.34,-0.56,0.4821,0.9827
0.36,-0.56,0.4819,0.9544
0.38,-0.56,0.4816,0.885
0.4,-0.56,0.4814,0.7391
0.42,-0.56,0.4812,0.5105
0.44,-0.56,0.4809,0.2774
0.46,-0.56,0.4807,0.1238
0.48,-0.56,0.4804,0.04943
0.5,-0.56,0.4802,0.01878
0.52,-0.56,0.4799,0.006995
0.54,-0.56,0.4797,0.002452
0.56,-0.56,0.4794,0.000849
0.58,-0.56,0.4792,0.0002937
0.6,-0.56,0.4789,0.0001016
0.62,-0.56,0.4787,3.512e-05
0.64,-0.56,0.4784,1.214e-05
0.66,-0.56,0.4782,4.199e-06
0.68,-0.56,0.4779,1.452e-06
0.7,-0.56,0.4777,4.742e-07
0.72,-0.56,0.4774,1.605e-07
0.74,-0.56,0.4772,5.876e-08
0.76,-0.56,0.4769,2.297e-08
0.78,-0.56,0.4767,9.442e-09
0.8,-0.56,0.4765,3.881e-09
0.82,-0.56,0.4762,1.655e-09
0.84,-0.56,0.476,7.765e-10
0.86,-0.56,0.4757,3.501e-10
0.88,-0.56,0.4755,1.54e-10
0.9,-0.56,0.4752,6.771e-11
0.92,-0.56,0.475,2.981e-11
0.94,-0.56,0.4747,1.36e-11
0.96,-0.56,0.4745,6.205e-12
0.98,-0.56,0.4742,2.831e-12
1,-0.56,0.474,1.265e-12
1.02,-0.56,0.4737,5.457e-13
1.04,-0.56,0.4735,2.354e-13
1.06,-0.56,0.4732,1.016e-13
1.08,-0.56,0.473,4.383e-14
1.1,-0.56,0.4727,1.891e-14
1.12,-0.56,0.4725,8.158e-15
1.14,-0.56,0.4723,3.52e-15
1.16,-0.56,0.472,1.519e-15
1.18,-0.56,0.4718,6.552e-16
1.2,-0.56,0.4715,2.827e-16
1.22,-0.56,0.4713,1.22e-16
1.24,-0.56,0.471,5.263e-17
1.26,-0.56,0.4708,2.271e-17
1.28,-0.56,0.4705,9.796e-18
1.3,-0.56,0.4703,4.227e-18
1.32,-0.56,0.47,1.824e-18
1.34,-0.56,0.4698,7.74e-19
1.36,-0.56,0.4695,3.28e-19
1.38,-0.56,0.4693,1.336e-19
1.4,-0.56,0.469,5.442e-20
1.42,-0.56,0.4688,2.217e-20
1.44,-0.56,0.4685,9.03e-21
1.46,-0.56,0.4683,3.678e-21
1.48,-0.56,0.4681,1.498e-21
1.5,-0.56,0.4678,6.103e-22
1.52,-0.56,0.4676,2.486e-22
1.54,-0.56,0.4673,1.013e-22
1.56,-0.56,0.4671,4.125e-23
1.58,-0.56,0.4668,1.68e-23
1.6,-0.56,0.4666,6.844e-24
-1.6,-0.54,0.5061,4.866e-21
-1.58,-0.54,0.5059,1.086e-20
-1.56,-0.54,0.5056,2.389e-20
-1.54,-0.54,0.5054,5.168e-20
-1.52,-0.54,0.5051,1.118e-19
-1.5,-0.54,0.5049,2.419e-19
-1.48,-0.54,0.5046,5.232e-19
-1.46,-0.54,0.5044,1.132e-18
-1.44,-0.54,0.5041,2.449e-18
-1.42,-0.54,0.5039,5.298e-18
-1.4,-0.54,0.5036,1.146e-17
-1.38,-0.54,0.5034,2.479e-17
-1.36,-0.54,0.5031,5.364e-17
-1.34,-0.54,0.5029,1.16e-16
-1.32,-0.54,0.5026,2.51e-16
-1.3,-0.54,0.5024,5.43e-16
-1.28,-0.54,0.5022,1.175e-15
-1.26,-0.54,0.5019,2.541e-15
-1.24,-0.54,0.5017,5.498e-15
-1.22,-0.54,0.5014,1.189e-14
-1.2,-0.54,0.5012,2.573e-14
-1.18,-0.54,0.5009,5.567e-14
-1.16,-0.54,0.5007,1.204e-13
-1.14,-0.54,0.5004,2.605e-13
-1.12,-0.54,0.5002,5.636e-13
-1.1,-0.54,0.4999,1.219e-12
-1.08,-0.54,0.4997,2.59e-12
-1.06,-0.54,0.4994,5.352e-12
-1.04,-0.54,0.4992,1.053e-11
-1.02,-0.54,0.4989,2.118e-11
-1,-0.54,0.4987,4.302e-11
-0.98,-0.54,0.4984,8.333e-11
-0.96,-0.54,0.4982,1.614e-10
-0.94,-0.54,0.4979,3.126e-10
-0.92,-0.54,0.4977,6.056e-10
-0.9,-0.54,0.4974,1.173e-09
-0.88,-0.54,0.4972,2.272e-09
-0.86,-0.54,0.4969,4.401e-09
-0.84,-0.54,0.4967,8.525e-09
-0.82,-0.54,0.4965,1.679e-08
-0.8,-0.54,0.4962,3.498e-08
-0.78,-0.54,0.496,7.288e-08
-0.76,-0.54,0.4957,1.518e-07
-0.74,-0.54,0.4955,3.163e-07
-0.72,-0.54,0.4952,6.807e-07
-0.7,-0.54,0.495,1.541e-06
-0.68,-0.54,0.4947,3.558e-06
-0.66,-0.54,0.4945,9.298e-06
-0.64,-0.54,0.4942,2.597e-05
-0.62,-0.54,0.494,7.546e-05
-0.6,-0.54,0.4937,0.0002193
-0.58,-0.54,0.4935,0.0006369
-0.56,-0.54,0.4932,0.001848
-0.54,-0.54,0.493,0.005352
-0.52,-0.54,0.4927,0.0154
-0.5,-0.54,0.4925,0.04346
-0.48,-0.54,0.4922,0.1166
-0.46,-0.54,0.492,0.2665
-0.44,-0.54,0.4917,0.4828
-0.42,-0.54,0.4915,0.7058
-0.4,-0.54,0.4912,0.8604
-0.38,-0.54,0.491,0.9348
-0.36,-0.54,0.4908,0.964
-0.34,-0.54,0.4905,0.9804
-0.32,-0.54,0.4903,0.9894
-0.3,-0.54,0.49,0.9943
-0.28,-0.54,0.4898,0.9969
-0.26,-0.54,0.4895,0.9984
-0.24,-0.54,0.4893,0.9991
-0.22,-0.54,0.489,0.9994
-0.2,-0.54,0.4888,0.9997
-0.18,-0.54,0.4885,0.9998
-0.16,-0.54,0.4883,0.9999
-0.14,-0.54,0.488,0.9999
-0.12,-0.54,0.4878,0.9999
-0.1,-0.54,0.4875,1
-0.08,-0.54,0.4873,1
-0.06,-0.54,0.487,1
-0.04,-0.54,0.4868,1
-0.02,-0.54,0.4865,1
0,-0.54,0.4863,1
0.02,-0.54,0.486,1
0.04,-0.54,0.4858,1
0.06,-0.54,0.4856,1
0.08,-0.54,0.4853,1
0.1,-0.54,0.4851,1
0.12,-0.54,0.4848,1
0.14,-0.54,0.4846,1
0.16,-0.54,0.4843,1
0.18,-0.54,0.4841,1
0.2,-0.54,0.4838,1
0.22,-0.54,0.4836,1
0.24,-0.54,0.4833,0.9999
0.26,-0.54,0.4831,0.9999
0.28,-0.54,0.4828,0.9997
0.3,-0.54,0.4826,0.9992
0.32,-0.54,0.4823,0.9978
0.34,-0.54,0.4821,0.9941
0.36,-0.54,0.4818,0.9841
0.38,-0.54,0.4816,0.9579
0.4,-0.54,0.4813,0.8934
0.42,-0.54,0.4811,0.7552
0.44,-0.54,0.4808,0.5317
0.46,-0.54,0.4806,0.2947
0.48,-0.54,0.4804,0.1327
0.5,-0.54,0.4801,0.05024
0.52,-0.54,0.4799,0.01796
0.54,-0.54,0.4796,0.006284
0.56,-0.54,0.4794,0.002182
0.58,-0.54,0.4791,0.0007554
0.6,-0.54,0.4789,0.0002613
0.62,-0.54,0.4786,9.037e-05
0.64,-0.54,0.4784,3.125e-05
0.66,-0.54,0.4781,1.08e-05
0.68,-0.54,0.4779,3.595e-06
0.7,-0.54,0.4776,1.088e-06
0.72,-0.54,0.4774,3.491e-07
0.74,-0.54,0.4771,1.2e-07
0.76,-0.54,0.4769,4.482e-08
0.78,-0.54,0.4766,1.768e-08
0.8,-0.54,0.4764,7.268e-09
0.82,-0.54,0.4761,2.987e-09
0.84,-0.54,0.4759,1.293e-09
0.86,-0.54,0.4757,5.686e-10
0.88,-0.54,0.4754,2.501e-10
0.9,-0.54,0.4752,1.1e-10
0.92,-0.54,0.4749,4.836e-11
0.94,-0.54,0.4747,2.145e-11
0.96,-0.54,0.4744,9.784e-12
0.98,-0.54,0.4742,4.353e-12
1,-0.54,0.4739,1.878e-12
1.02,-0.54,0.4737,8.103e-13
1.04,-0.54,0.4734,3.496e-13
1.06,-0.54,0.4732,1.508e-13
1.08,-0.54,0.4729,6.508e-14
1.1,-0.54,0.4727,2.808e-14
1.12,-0.54,0.4724,1.212e-14
1.14,-0.54,0.4722,5.227e-15
1.16,-0.54,0.4719,2.255e-15
1.18,-0.54,0.4717,9.73e-16
1.2,-0.54,0.4715,4.198e-16
1.22,-0.54,0.4712,1.811e-16
1.24,-0.54,0.471,7.744e-17
1.26,-0.54,0.4707,3.283e-17
1.28,-0.54,0.4705,1.391e-17
1.3,-0.54,0.4702,5.898e-18
1.32,-0.54,0.47,2.5e-18
1.34,-0.54,0.4697,1.031e-18
1.36,-0.54,0.4695,4.198e-19
1.38,-0.54,0.4692,1.71e-19
1.4,-0.54,0.469,6.965e-20
1.42,-0.54,0.4687,2.837e-20
1.44,-0.54,0.4685,1.156e-20
1.46,-0.54,0.4682,4.707e-21
1.48,-0.54,0.468,1.917e-21
1.5,-0.54,0.4677,7.811e-22
1.52,-0.54,0.4675,3.182e-22
1.54,-0.54,0.4673,1.28e-22
1.56,-0.54,0.467,5.143e-23
1.58,-0.54,0.4668,2.066e-23
1.6,-0.54,0.4665,8.301e-24
-1.6,-0.52,0.5061,6.624e-21
-1.58,-0.52,0.5058,1.496e-20
-1.56,-0.52,0.5056,3.381e-20
-1.54,-0.52,0.5053,7.559e-20
-1.52,-0.52,0.5051,1.637e-19
-1.5,-0.52,0.5048,3.541e-19
-1.48,-0.52,0.5046,7.66e-19
-1.46,-0.52,0.5043,1.657e-18
-1.44,-0.52,0.5041,3.585e-18
-1.42,-0.52,0.5038,7.755e-18
-1.4,-0.52,0.5036,1.678e-17
-1.38,-0.52,0.5033,3.63e-17
-1.36,-0.52,0.5031,7.852e-17
-1.34,-0.52,0.5028,1.699e-16
-1.32,-0.52,0.5026,3.675e-16
-1.3,-0.52,0.5023,7.95e-16
-1.28,-0.52,0.5021,1.72e-15
-1.26,-0.52,0.5018,3.721e-15
-1.24,-0.52,0.5016,8.049e-15
-1.22,-0.52,0.5014,1.741e-14
-1.2,-0.52,0.5011,3.767e-14
-1.18,-0.52,0.5009,8.149e-14
-1.16,-0.52,0.5006,1.763e-13
-1.14,-0.52,0.5004,3.814e-13
-1.12,-0.52,0.5001,8.251e-13
-1.1,-0.52,0.4999,1.785e-12
-1.08,-0.52,0.4996,3.862e-12
-1.06,-0.52,0.4994,8.222e-12
-1.04,-0.52,0.4991,1.726e-11
-1.02,-0.52,0.4989,3.513e-11
-1,-0.52,0.4986,7.146e-11
-0.98,-0.52,0.4984,1.449e-10
-0.96,-0.52,0.4981,2.806e-10
-0.94,-0.52,0.4979,5.436e-10
-0.92,-0.52,0.4976,1.053e-09
-0.9,-0.52,0.4974,2.039e-09
-0.88,-0.52,0.4971,3.95e-09
-0.86,-0.52,0.4969,7.652e-09
-0.84,-0.52,0.4966,1.52e-08
-0.82,-0.52,0.4964,3.166e-08
-0.8,-0.52,0.4961,6.595e-08
-0.78,-0.52,0.4959,1.374e-07
-0.76,-0.52,0.4957,2.865e-07
-0.74,-0.52,0.4954,6.224e-07
-0.72,-0.52,0.4952,1.395e-06
-0.7,-0.52,0.4949,3.165e-06
-0.68,-0.52,0.4947,8.176e-06
-0.66,-0.52,0.4944,2.263e-05
-0.64,-0.52,0.4942,6.537e-05
-0.62,-0.52,0.4939,0.0001899
-0.6,-0.52,0.4937,0.0005517
-0.58,-0.52,0.4934,0.001601
-0.56,-0.52,0.4932,0.004639
-0.54,-0.52,0.4929,0.01336
-0.52,-0.52,0.4927,0.03787
-0.5,-0.52,0.4924,0.1026
-0.48,-0.52,0.4922,0.2494
-0.46,-0.52,0.4919,0.4913
-0.44,-0.52,0.4917,0.7373
-0.42,-0.52,0.4914,0.8795
-0.4,-0.52,0.4912,0.9494
-0.38,-0.52,0.4909,0.9793
-0.36,-0.52,0.4907,0.989
-0.34,-0.52,0.4904,0.9941
-0.32,-0.52,0.4902,0.9968
-0.3,-0.52,0.49,0.9983
-0.28,-0.52,0.4897,0.9991
-0.26,-0.52,0.4895,0.9995
-0.24,-0.52,0.4892,0.9997
-0.22,-0.52,0.489,0.9999
-0.2,-0.52,0.4887,0.9999
-0.18,-0.52,0.4885,0.9999
-0.16,-0.52,0.4882,1
-0.14,-0.52,0.488,1
-0.12,-0.52,0.4877,1
-0.1,-0.52,0.4875,1
-0.08,-0.52,0.4872,1
-0.06,-0.52,0.487,1
-0.04,-0.52,0.4867,1
-0.02,-0.52,0.4865,1
0,-0.52,0.4862,1
0.02,-0.52,0.486,1
0.04,-0.52,0.4857,1
0.06,-0.52,0.4855,1
0.08,-0.52,0.4852,1
0.1,-0.52,0.485,1
0.12,-0.52,0.4848,1
0.14,-0.52,0.4845,1
0.16,-0.52,0.4843,1
0.18,-0.52,0.484,1
0.2,-0.52,0.4838,1
0.22,-0.52,0.4835,1
0.24,-0.52,0.4833,1
0.26,-0.52,0.483,1
0.28,-0.52,0.4828,0.9999
0.3,-0.52,0.4825,0.9997
0.32,-0.52,0.4823,0.9993
0.34,-0.52,0.482,0.998
0.36,-0.52,0.4818,0.9946
0.38,-0.52,0.4815,0.9854
0.4,-0.52,0.4813,0.9612
0.42,-0.52,0.481,0.9012
0.44,-0.52,0.4808,0.7671
0.46,-0.52,0.4805,0.5324
0.48,-0.52,0.4803,0.2825
0.5,-0.52,0.48,0.1198
0.52,-0.52,0.4798,0.04495
0.54,-0.52,0.4796,0.01601
0.56,-0.52,0.4793,0.005595
0.58,-0.52,0.4791,0.001942
0.6,-0.52,0.4788,0.0006722
0.62,-0.52,0.4786,0.0002325
0.64,-0.52,0.4783,8.041e-05
0.66,-0.52,0.4781,2.78e-05
0.68,-0.52,0.4778,8.569e-06
0.7,-0.52,0.4776,2.592e-06
0.72,-0.52,0.4773,7.842e-07
0.74,-0.52,0.4771,2.601e-07
0.76,-0.52,0.4768,9.014e-08
0.78,-0.52,0.4766,3.419e-08
0.8,-0.52,0.4763,1.361e-08
0.82,-0.52,0.4761,5.388e-09
0.84,-0.52,0.4758,2.1e-09
0.86,-0.52,0.4756,9.234e-10
0.88,-0.52,0.4753,4.061e-10
0.9,-0.52,0.4751,1.786e-10
0.92,-0.52,0.4749,7.855e-11
0.94,-0.52,0.4746,3.454e-11
0.96,-0.52,0.4744,1.498e-11
0.98,-0.52,0.4741,6.464e-12
1,-0.52,0.4739,2.789e-12
1.02,-0.52,0.4736,1.203e-12
1.04,-0.52,0.4734,5.192e-13
1.06,-0.52,0.4731,2.24e-13
1.08,-0.52,0.4729,9.665e-14
1.1,-0.52,0.4726,4.17e-14
1.12,-0.52,0.4724,1.799e-14
1.14,-0.52,0.4721,7.748e-15
1.16,-0.52,0.4719,3.284e-15
1.18,-0.52,0.4716,1.392e-15
1.2,-0.52,0.4714,5.901e-16
1.22,-0.52,0.4711,2.501e-16
1.24,-0.52,0.4709,1.06e-16
1.26,-0.52,0.4707,4.494e-17
1.28,-0.52,0.4704,1.905e-17
1.3,-0.52,0.4702,7.949e-18
1.32,-0.52,0.4699,3.238e-18
1.34,-0.52,0.4697,1.319e-18
1.36,-0.52,0.4694,5.372e-19
1.38,-0.52,0.4692,2.188e-19
1.4,-0.52,0.4689,8.882e-20
1.42,-0.52,0.4687,3.568e-20
1.44,-0.52,0.4684,1.434e-20
1.46,-0.52,0.4682,5.759e-21
1.48,-0.52,0.4679,2.314e-21
1.5,-0.52,0.4677,9.295e-22
1.52,-0.52,0.4674,3.734e-22
1.54,-0.52,0.4672,1.5e-22
1.56,-0.52,0.4669,6.027e-23
1.58,-0.52,0.4667,2.421e-23
1.6,-0.52,0.4665,9.726e-24
-1.6,-0.5,0.506,8.339e-21
-1.58,-0.5,0.5058,1.922e-20
-1.56,-0.5,0.5055,4.418e-20
-1.54,-0.5,0.5053,9.981e-20
-1.52,-0.5,0.505,2.255e-19
-1.5,-0.5,0.5048,5.021e-19
-1.48,-0.5,0.5045,1.099e-18
-1.46,-0.5,0.5043,2.406e-18
-1.44,-0.5,0.504,5.248e-18
-1.42,-0.5,0.5038,1.135e-17
-1.4,-0.5,0.5035,2.456e-17
-1.38,-0.5,0.5033,5.314e-17
-1.36,-0.5,0.503,1.15e-16
-1.34,-0.5,0.5028,2.487e-16
-1.32,-0.5,0.5025,5.38e-16
-1.3,-0.5,0.5023,1.164e-15
-1.28,-0.5,0.502,2.518e-15
-1.26,-0.5,0.5018,5.447e-15
-1.24,-0.5,0.5015,1.178e-14
-1.22,-0.5,0.5013,2.549e-14
-1.2,-0.5,0.501,5.515e-14
-1.18,-0.5,0.5008,1.193e-13
-1.16,-0.5,0.5005,2.581e-13
-1.14,-0.5,0.5003,5.584e-13
-1.12,-0.5,0.5001,1.208e-12
-1.1,-0.5,0.4998,2.613e-12
-1.08,-0.5,0.4996,5.653e-12
-1.06,-0.5,0.4993,1.223e-11
-1.04,-0.5,0.4991,2.701e-11
-1.02,-0.5,0.4988,5.805e-11
-1,-0.5,0.4986,1.185e-10
-0.98,-0.5,0.4983,2.411e-10
-0.96,-0.5,0.4981,4.879e-10
-0.94,-0.5,0.4978,9.451e-10
-0.92,-0.5,0.4976,1.831e-09
-0.9,-0.5,0.4973,3.546e-09
-0.88,-0.5,0.4971,6.869e-09
-0.86,-0.5,0.4968,1.375e-08
-0.84,-0.5,0.4966,2.865e-08
-0.82,-0.5,0.4963,5.967e-08
-0.8,-0.5,0.4961,1.243e-07
-0.78,-0.5,0.4958,2.628e-07
-0.76,-0.5,0.4956,5.709e-07
-0.74,-0.5,0.4953,1.263e-06
-0.72,-0.5,0.4951,2.859e-06
-0.7,-0.5,0.4948,7.223e-06
-0.68,-0.5,0.4946,1.976e-05
-0.66,-0.5,0.4944,5.662e-05
-0.64,-0.5,0.4941,0.0001645
-0.62,-0.5,0.4939,0.0004779
-0.6,-0.5,0.4936,0.001387
-0.58,-0.5,0.4934,0.004021
-0.56,-0.5,0.4931,0.0116
-0.54,-0.5,0.4929,0.03297
-0.52,-0.5,0.4926,0.09014
-0.5,-0.5,0.4924,0.2235
-0.48,-0.5,0.4921,0.4555
-0.46,-0.5,0.4919,0.7085
-0.44,-0.5,0.4916,0.876
-0.42,-0.5,0.4914,0.9535
-0.4,-0.5,0.4911,0.9828
-0.38,-0.5,0.4909,0.9932
-0.36,-0.5,0.4906,0.9967
-0.34,-0.5,0.4904,0.9982
-0.32,-0.5,0.4901,0.999
-0.3,-0.5,0.4899,0.9995
-0.28,-0.5,0.4896,0.9997
-0.26,-0.5,0.4894,0.9999
-0.24,-0.5,0.4892,0.9999
-0.22,-0.5,0.4889,1
-0.2,-0.5,0.4887,1
-0.18,-0.5,0.4884,1
-0.16,-0.5,0.4882,1
-0.14,-0.5,0.4879,1
-0.12,-0.5,0.4877,1
-0.1,-0.5,0.4874,1
-0.08,-0.5,0.4872,1
-0.06,-0.5,0.4869,1
-0.04,-0.5,0.4867,1
-0.02,-0.5,0.4864,1
0,-0.5,0.4862,1
0.02,-0.5,0.4859,1
0.04,-0.5,0.4857,1
0.06,-0.5,0.4854,1
0.08,-0.5,0.4852,1
0.1,-0.5,0.4849,1
0.12,-0.5,0.4847,1
0.14,-0.5,0.4844,1
0.16,-0.5,0.4842,1
0.18,-0.5,0.4839,1
0.2,-0.5,0.4837,1
0.22,-0.5,0.4835,1
0.24,-0.5,0.4832,1
0.26,-0.5,0.483,1
0.28,-0.5,0.4827,1
0.3,-0.5,0.4825,0.9999
0.32,-0.5,0.4822,0.9997
0.34,-0.5,0.482,0.9993
0.36,-0.5,0.4817,0.9982
0.38,-0.5,0.4815,0.995
0.4,-0.5,0.4812,0.9861
0.42,-0.5,0.481,0.9608
0.44,-0.5,0.4807,0.8945
0.46,-0.5,0.4805,0.7456
0.48,-0.5,0.4802,0.5033
0.5,-0.5,0.48,0.2594
0.52,-0.5,0.4797,0.108
0.54,-0.5,0.4795,0.04019
0.56,-0.5,0.4792,0.01427
0.58,-0.5,0.479,0.004981
0.6,-0.5,0.4788,0.001728
0.62,-0.5,0.4785,0.0005981
0.64,-0.5,0.4783,0.0002069
0.66,-0.5,0.478,6.751e-05
0.68,-0.5,0.4778,2.042e-05
0.7,-0.5,0.4775,6.178e-06
0.72,-0.5,0.4773,1.869e-06
0.74,-0.5,0.477,5.737e-07
0.76,-0.5,0.4768,1.938e-07
0.78,-0.5,0.4765,6.829e-08
0.8,-0.5,0.4763,2.513e-08
0.82,-0.5,0.476,9.42e-09
0.84,-0.5,0.4758,3.603e-09
0.86,-0.5,0.4755,1.5e-09
0.88,-0.5,0.4753,6.596e-10
0.9,-0.5,0.475,2.901e-10
0.92,-0.5,0.4748,1.276e-10
0.94,-0.5,0.4745,5.408e-11
0.96,-0.5,0.4743,2.237e-11
0.98,-0.5,0.4741,9.6e-12
1,-0.5,0.4738,4.142e-12
1.02,-0.5,0.4736,1.787e-12
1.04,-0.5,0.4733,7.71e-13
1.06,-0.5,0.4731,3.286e-13
1.08,-0.5,0.4728,1.393e-13
1.1,-0.5,0.4726,5.904e-14
1.12,-0.5,0.4723,2.503e-14
1.14,-0.5,0.4721,1.061e-14
1.16,-0.5,0.4718,4.497e-15
1.18,-0.5,0.4716,1.906e-15
1.2,-0.5,0.4713,8.08e-16
1.22,-0.5,0.4711,3.425e-16
1.24,-0.5,0.4708,1.452e-16
1.26,-0.5,0.4706,6.132e-17
1.28,-0.5,0.4703,2.476e-17
1.3,-0.5,0.4701,9.946e-18
1.32,-0.5,0.4699,3.996e-18
1.34,-0.5,0.4696,1.605e-18
1.36,-0.5,0.4694,6.449e-19
1.38,-0.5,0.4691,2.591e-19
1.4,-0.5,0.4689,1.041e-19
1.42,-0.5,0.4686,4.181e-20
1.44,-0.5,0.4684,1.68e-20
1.46,-0.5,0.4681,6.748e-21
1.48,-0.5,0.4679,2.711e-21
1.5,-0.5,0.4676,1.089e-21
1.52,-0.5,0.4674,4.375e-22
1.54,-0.5,0.4671,1.758e-22
1.56,-0.5,0.4669,7.035e-23
1.58,-0.5,0.4666,2.803e-23
1.6,-0.5,0.4664,1.117e-23
-1.6,-0.48,0.5059,1.037e-20
-1.58,-0.48,0.5057,2.39e-20
-1.56,-0.48,0.5054,5.507e-20
-1.54,-0.48,0.5052,1.269e-19
-1.52,-0.48,0.505,2.925e-19
-1.5,-0.48,0.5047,6.657e-19
-1.48,-0.48,0.5045,1.504e-18
-1.46,-0.48,0.5042,3.298e-18
-1.44,-0.48,0.504,7.219e-18
-1.42,-0.48,0.5037,1.58e-17
-1.4,-0.48,0.5035,3.459e-17
-1.38,-0.48,0.5032,7.571e-17
-1.36,-0.48,0.503,1.657e-16
-1.34,-0.48,0.5027,3.627e-16
-1.32,-0.48,0.5025,7.876e-16
-1.3,-0.48,0.5022,1.704e-15
-1.28,-0.48,0.502,3.686e-15
-1.26,-0.48,0.5017,7.974e-15
-1.24,-0.48,0.5015,1.725e-14
-1.22,-0.48,0.5012,3.732e-14
-1.2,-0.48,0.501,8.074e-14
-1.18,-0.48,0.5007,1.747e-13
-1.16,-0.48,0.5005,3.779e-13
-1.14,-0.48,0.5002,8.174e-13
-1.12,-0.48,0.5,1.768e-12
-1.1,-0.48,0.4997,3.826e-12
-1.08,-0.48,0.4995,8.276e-12
-1.06,-0.48,0.4993,1.814e-11
-1.04,-0.48,0.499,4.083e-11
-1.02,-0.48,0.4988,9.085e-11
-1,-0.48,0.4985,1.953e-10
-0.98,-0.48,0.4983,3.999e-10
-0.96,-0.48,0.498,8.137e-10
-0.94,-0.48,0.4978,1.643e-09
-0.92,-0.48,0.4975,3.183e-09
-0.9,-0.48,0.4973,6.165e-09
-0.88,-0.48,0.497,1.244e-08
-0.86,-0.48,0.4968,2.592e-08
-0.84,-0.48,0.4965,5.4e-08
-0.82,-0.48,0.4963,1.125e-07
-0.8,-0.48,0.496,2.41e-07
-0.78,-0.48,0.4958,5.236e-07
-0.76,-0.48,0.4955,1.143e-06
-0.74,-0.48,0.4953,2.588e-06
-0.72,-0.48,0.495,6.382e-06
-0.7,-0.48,0.4948,1.726e-05
-0.68,-0.48,0.4945,4.905e-05
-0.66,-0.48,0.4943,0.0001425
-0.64,-0.48,0.494,0.000414
-0.62,-0.48,0.4938,0.001202
-0.6,-0.48,0.4936,0.003485
-0.58,-0.48,0.4933,0.01006
-0.56,-0.48,0.4931,0.02868
-0.54,-0.48,0.4928,0.07903
-0.52,-0.48,0.4926,0.1996
-0.5,-0.48,0.4923,0.4202
-0.48,-0.48,0.4921,0.678
-0.46,-0.48,0.4918,0.8595
-0.44,-0.48,0.4916,0.9467
-0.42,-0.48,0.4913,0.981
-0.4,-0.48,0.4911,0.9934
-0.38,-0.48,0.4908,0.9977
-0.36,-0.48,0.4906,0.999
-0.34,-0.48,0.4903,0.9995
-0.32,-0.48,0.4901,0.9997
-0.3,-0.48,0.4898,0.9998
-0.28,-0.48,0.4896,0.9999
-0.26,-0.48,0.4893,1
-0.24,-0.48,0.4891,1
-0.22,-0.48,0.4888,1
-0.2,-0.48,0.4886,1
-0.18,-0.48,0.4883,1
-0.16,-0.48,0.4881,1
-0.14,-0.48,0.4879,1
-0.12,-0.48,0.4876,1
-0.1,-0.48,0.4874,1
-0.08,-0.48,0.4871,1
-0.06,-0.48,0.4869,1
-0.04,-0.48,0.4866,1
-0.02,-0.48,0.4864,1
0,-0.48,0.4861,1
0.02,-0.48,0.4859,1
0.04,-0.48,0.4856,1
0.06,-0.48,0.4854,1
0.08,-0.48,0.4851,1
0.1,-0.48,0.4849,1
0.12,-0.48,0.4846,1
0.14,-0.48,0.4844,1
0.16,-0.48,0.4841,1
0.18,-0.48,0.4839,1
0.2,-0.48,0.4836,1
0.22,-0.48,0.4834,1
0.24,-0.48,0.4831,1
0.26,-0.48,0.4829,1
0.28,-0.48,0.4827,1
0.3,-0.48,0.4824,1
0.32,-0.48,0.4822,0.9999
0.34,-0.48,0.4819,0.9998
0.36,-0.48,0.4817,0.9993
0.38,-0.48,0.4814,0.9981
0.4,-0.48,0.4812,0.9945
0.42,-0.48,0.4809,0.9844
0.44,-0.48,0.4807,0.9562
0.46,-0.48,0.4804,0.8829
0.48,-0.48,0.4802,0.7228
0.5,-0.48,0.4799,0.4741
0.52,-0.48,0.4797,0.2376
0.54,-0.48,0.4794,0.09728
0.56,-0.48,0.4792,0.03592
0.58,-0.48,0.4789,0.01272
0.6,-0.48,0.4787,0.004434
0.62,-0.48,0.4784,0.001538
0.64,-0.48,0.4782,0.0005316
0.66,-0.48,0.478,0.0001609
0.68,-0.48,0.4777,4.867e-05
0.7,-0.48,0.4775,1.473e-05
0.72,-0.48,0.4772,4.455e-06
0.74,-0.48,0.477,1.348e-06
0.76,-0.48,0.4767,4.217e-07
0.78,-0.48,0.4765,1.392e-07
0.8,-0.48,0.4762,4.604e-08
0.82,-0.48,0.476,1.647e-08
0.84,-0.48,0.4757,6.299e-09
0.86,-0.48,0.4755,2.45e-09
0.88,-0.48,0.4752,1.071e-09
0.9,-0.48,0.475,4.711e-10
0.92,-0.48,0.4747,1.988e-10
0.94,-0.48,0.4745,8.224e-11
0.96,-0.48,0.4742,3.385e-11
0.98,-0.48,0.474,1.394e-11
1,-0.48,0.4737,5.907e-12
1.02,-0.48,0.4735,2.504e-12
1.04,-0.48,0.4733,1.061e-12
1.06,-0.48,0.473,4.499e-13
1.08,-0.48,0.4728,1.907e-13
1.1,-0.48,0.4725,8.084e-14
1.12,-0.48,0.4723,3.427e-14
1.14,-0.48,0.472,1.452e-14
1.16,-0.48,0.4718,6.072e-15
1.18,-0.48,0.4715,2.538e-15
1.2,-0.48,0.4713,1.061e-15
1.22,-0.48,0.471,4.436e-16
1.24,-0.48,0.4708,1.798e-16
1.26,-0.48,0.4705,7.221e-17
1.28,-0.48,0.4703,2.901e-17
1.3,-0.48,0.47,1.165e-17
1.32,-0.48,0.4698,4.682e-18
1.34,-0.48,0.4695,1.881e-18
1.36,-0.48,0.4693,7.557e-19
1.38,-0.48,0.4691,3.032e-19
1.4,-0.48,0.4688,1.208e-19
1.42,-0.48,0.4686,4.812e-20
1.44,-0.48,0.4683,1.917e-20
1.46,-0.48,0.4681,7.639e-21
1.48,-0.48,0.4678,3.043e-21
1.5,-0.48,0.4676,1.212e-21
1.52,-0.48,0.4673,4.831e-22
1.54,-0.48,0.4671,1.925e-22
1.56,-0.48,0.4668,7.667e-23
1.58,-0.48,0.4666,3.055e-23
1.6,-0.48,0.4663,1.217e-23
-1.6,-0.46,0.5059,1.289e-20
-1.58,-0.46,0.5056,2.971e-20
-1.56,-0.46,0.5054,6.848e-20
-1.54,-0.46,0.5051,1.578e-19
-1.52,-0.46,0.5049,3.637e-19
-1.5,-0.46,0.5046,8.382e-19
-1.48,-0.46,0.5044,1.932e-18
-1.46,-0.46,0.5042,4.44e-18
-1.44,-0.46,0.5039,9.896e-18
-1.42,-0.46,0.5037,2.166e-17
-1.4,-0.46,0.5034,4.742e-17
-1.38,-0.46,0.5032,1.038e-16
-1.36,-0.46,0.5029,2.272e-16
-1.34,-0.46,0.5027,4.973e-16
-1.32,-0.46,0.5024,1.088e-15
-1.3,-0.46,0.5022,2.383e-15
-1.28,-0.46,0.5019,5.215e-15
-1.26,-0.46,0.5017,1.142e-14
-1.24,-0.46,0.5014,2.499e-14
-1.22,-0.46,0.5012,5.464e-14
-1.2,-0.46,0.5009,1.182e-13
-1.18,-0.46,0.5007,2.557e-13
-1.16,-0.46,0.5004,5.532e-13
-1.14,-0.46,0.5002,1.197e-12
-1.12,-0.46,0.4999,2.589e-12
-1.1,-0.46,0.4997,5.601e-12
-1.08,-0.46,0.4994,1.212e-11
-1.06,-0.46,0.4992,2.703e-11
-1.04,-0.46,0.4989,6.084e-11
-1.02,-0.46,0.4987,1.369e-10
-1,-0.46,0.4985,3.056e-10
-0.98,-0.46,0.4982,6.567e-10
-0.96,-0.46,0.498,1.349e-09
-0.94,-0.46,0.4977,2.745e-09
-0.92,-0.46,0.4975,5.566e-09
-0.9,-0.46,0.4972,1.126e-08
-0.88,-0.46,0.497,2.346e-08
-0.86,-0.46,0.4967,4.886e-08
-0.84,-0.46,0.4965,1.018e-07
-0.82,-0.46,0.4962,2.211e-07
-0.8,-0.46,0.496,4.802e-07
-0.78,-0.46,0.4957,1.043e-06
-0.76,-0.46,0.4955,2.343e-06
-0.74,-0.46,0.4952,5.638e-06
-0.72,-0.46,0.495,1.507e-05
-0.7,-0.46,0.4947,4.248e-05
-0.68,-0.46,0.4945,0.0001234
-0.66,-0.46,0.4942,0.0003586
-0.64,-0.46,0.494,0.001041
-0.62,-0.46,0.4937,0.00302
-0.6,-0.46,0.4935,0.008726
-0.58,-0.46,0.4932,0.02494
-0.56,-0.46,0.493,0.06919
-0.54,-0.46,0.4928,0.1776
-0.52,-0.46,0.4925,0.3856
-0.5,-0.46,0.4923,0.6459
-0.48,-0.46,0.492,0.8413
-0.46,-0.46,0.4918,0.939
-0.44,-0.46,0.4915,0.9781
-0.42,-0.46,0.4913,0.9924
-0.4,-0.46,0.491,0.9974
-0.38,-0.46,0.4908,0.9991
-0.36,-0.46,0.4905,0.9997
-0.34,-0.46,0.4903,0.9998
-0.32,-0.46,0.49,0.9999
-0.3,-0.46,0.4898,1
-0.28,-0.46,0.4895,1
-0.26,-0.46,0.4893,1
-0.24,-0.46,0.489,1
-0.22,-0.46,0.4888,1
-0.2,-0.46,0.4885,1
-0.18,-0.46,0.4883,1
-0.16,-0.46,0.488,1
-0.14,-0.46,0.4878,1
-0.12,-0.46,0.4875,1
-0.1,-0.46,0.4873,1
-0.08,-0.46,0.4871,1
-0.06,-0.46,0.4868,1
-0.04,-0.46,0.4866,1
-0.02,-0.46,0.4863,1
0,-0.46,0.4861,1
0.02,-0.46,0.4858,1
0.04,-0.46,0.4856,1
0.06,-0.46,0.4853,1
0.08,-0.46,0.4851,1
0.1,-0.46,0.4848,1
0.12,-0.46,0.4846,1
0.14,-0.46,0.4843,1
0.16,-0.46,0.4841,1
0.18,-0.46,0.4838,1
0.2,-0.46,0.4836,1
0.22,-0.46,0.4833,1
0.24,-0.46,0.4831,1
0.26,-0.46,0.4828,1
0.28,-0.46,0.4826,1
0.3,-0.46,0.4823,1
0.32,-0.46,0.4821,1
0.34,-0.46,0.4819,0.9999
0.36,-0.46,0.4816,0.9997
0.38,-0.46,0.4814,0.9993
0.4,-0.46,0.4811,0.9979
0.42,-0.46,0.4809,0.9939
0.44,-0.46,0.4806,0.9825
0.46,-0.46,0.4804,0.951
0.48,-0.46,0.4801,0.8703
0.5,-0.46,0.4799,0.6988
0.52,-0.46,0.4796,0.4451
0.54,-0.46,0.4794,0.2171
0.56,-0.46,0.4791,0.08749
0.58,-0.46,0.4789,0.03209
0.6,-0.46,0.4786,0.01133
0.62,-0.46,0.4784,0.003947
0.64,-0.46,0.4781,0.001266
0.66,-0.46,0.4779,0.0003833
0.68,-0.46,0.4776,0.000116
0.7,-0.46,0.4774,3.509e-05
0.72,-0.46,0.4772,1.062e-05
0.74,-0.46,0.4769,3.212e-06
0.76,-0.46,0.4767,9.369e-07
0.78,-0.46,0.4764,2.792e-07
0.8,-0.46,0.4762,8.851e-08
0.82,-0.46,0.4759,2.986e-08
0.84,-0.46,0.4757,1.101e-08
0.86,-0.46,0.4754,4.212e-09
0.88,-0.46,0.4752,1.711e-09
0.9,-0.46,0.4749,7.053e-10
0.92,-0.46,0.4747,2.864e-10
0.94,-0.46,0.4744,1.163e-10
0.96,-0.46,0.4742,4.722e-11
0.98,-0.46,0.4739,1.917e-11
1,-0.46,0.4737,8.088e-12
1.02,-0.46,0.4734,3.41e-12
1.04,-0.46,0.4732,1.426e-12
1.06,-0.46,0.4729,5.96e-13
1.08,-0.46,0.4727,2.492e-13
1.1,-0.46,0.4725,1.042e-13
1.12,-0.46,0.4722,4.355e-14
1.14,-0.46,0.472,1.821e-14
1.16,-0.46,0.4717,7.611e-15
1.18,-0.46,0.4715,3.182e-15
1.2,-0.46,0.4712,1.305e-15
1.22,-0.46,0.471,5.206e-16
1.24,-0.46,0.4707,2.074e-16
1.26,-0.46,0.4705,8.263e-17
1.28,-0.46,0.4702,3.292e-17
1.3,-0.46,0.47,1.312e-17
1.32,-0.46,0.4697,5.225e-18
1.34,-0.46,0.4695,2.082e-18
1.36,-0.46,0.4692,8.294e-19
1.38,-0.46,0.469,3.304e-19
1.4,-0.46,0.4688,1.317e-19
1.42,-0.46,0.4685,5.245e-20
1.44,-0.46,0.4683,2.09e-20
1.46,-0.46,0.468,8.325e-21
1.48,-0.46,0.4678,3.317e-21
1.5,-0.46,0.4675,1.321e-21
1.52,-0.46,0.4673,5.265e-22
1.54,-0.46,0.467,2.098e-22
1.56,-0.46,0.4668,8.357e-23
1.58,-0.46,0.4665,3.329e-23
1.6,-0.46,0.4663,1.326e-23
-1.6,-0.44,0.5058,1.603e-20
-1.58,-0.44,0.5056,3.695e-20
-1.56,-0.44,0.5053,8.515e-20
-1.54,-0.44,0.5051,1.962e-19
-1.52,-0.44,0.5048,4.522e-19
-1.5,-0.44,0.5046,1.042e-18
-1.48,-0.44,0.5043,2.402e-18
-1.46,-0.44,0.5041,5.535e-18
-1.44,-0.44,0.5038,1.276e-17
-1.42,-0.44,0.5036,2.94e-17
-1.4,-0.44,0.5033,6.5e-17
-1.38,-0.44,0.5031,1.423e-16
-1.36,-0.44,0.5029,3.114e-16
-1.34,-0.44,0.5026,6.817e-16
-1.32,-0.44,0.5024,1.492e-15
-1.3,-0.44,0.5021,3.266e-15
-1.28,-0.44,0.5019,7.15e-15
-1.26,-0.44,0.5016,1.565e-14
-1.24,-0.44,0.5014,3.426e-14
-1.22,-0.44,0.5011,7.498e-14
-1.2,-0.44,0.5009,1.641e-13
-1.18,-0.44,0.5006,3.593e-13
-1.16,-0.44,0.5004,7.864e-13
-1.14,-0.44,0.5001,1.721e-12
-1.12,-0.44,0.4999,3.768e-12
-1.1,-0.44,0.4996,8.199e-12
-1.08,-0.44,0.4994,1.789e-11
-1.06,-0.44,0.4991,4.027e-11
-1.04,-0.44,0.4989,9.065e-11
-1.02,-0.44,0.4986,2.041e-10
-1,-0.44,0.4984,4.594e-10
-0.98,-0.44,0.4981,1.028e-09
-0.96,-0.44,0.4979,2.209e-09
-0.94,-0.44,0.4976,4.583e-09
-0.92,-0.44,0.4974,9.743e-09
-0.9,-0.44,0.4972,2.123e-08
-0.88,-0.44,0.4969,4.422e-08
-0.86,-0.44,0.4967,9.334e-08
-0.84,-0.44,0.4964,2.028e-07
-0.82,-0.44,0.4962,4.405e-07
-0.8,-0.44,0.4959,9.569e-07
-0.78,-0.44,0.4957,2.12e-06
-0.76,-0.44,0.4954,5.041e-06
-0.74,-0.44,0.4952,1.317e-05
-0.72,-0.44,0.4949,3.68e-05
-0.7,-0.44,0.4947,0.0001069
-0.68,-0.44,0.4944,0.0003106
-0.66,-0.44,0.4942,0.0009022
-0.64,-0.44,0.4939,0.002617
-0.62,-0.44,0.4937,0.007567
-0.6,-0.44,0.4934,0.02168
-0.58,-0.44,0.4932,0.06049
-0.56,-0.44,0.4929,0.1576
-0.54,-0.44,0.4927,0.3522
-0.52,-0.44,0.4924,0.6124
-0.5,-0.44,0.4922,0.8211
-0.48,-0.44,0.4919,0.9303
-0.46,-0.44,0.4917,0.9749
-0.44,-0.44,0.4915,0.9912
-0.42,-0.44,0.4912,0.997
-0.4,-0.44,0.491,0.9989
-0.38,-0.44,0.4907,0.9996
-0.36,-0.44,0.4905,0.9999
-0.34,-0.44,0.4902,0.9999
-0.32,-0.44,0.49,1
-0.3,-0.44,0.4897,1
-0.28,-0.44,0.4895,1
-0.26,-0.44,0.4892,1
-0.24,-0.44,0.489,1
-0.22,-0.44,0.4887,1
-0.2,-0.44,0.4885,1
-0.18,-0.44,0.4882,1
-0.16,-0.44,0.488,1
-0.14,-0.44,0.4877,1
-0.12,-0.44,0.4875,1
-0.1,-0.44,0.4872,1
-0.08,-0.44,0.487,1
-0.06,-0.44,0.4867,1
-0.04,-0.44,0.4865,1
-0.02,-0.44,0.4863,1
0,-0.44,0.486,1
0.02,-0.44,0.4858,1
0.04,-0.44,0.4855,1
0.06,-0.44,0.4853,1
0.08,-0.44,0.485,1
0.1,-0.44,0.4848,1
0.12,-0.44,0.4845,1
0.14,-0.44,0.4843,1
0.16,-0.44,0.484,1
0.18,-0.44,0.4838,1
0.2,-0.44,0.4835,1
0.22,-0.44,0.4833,1
0.24,-0.44,0.483,1
0.26,-0.44,0.4828,1
0.28,-0.44,0.4825,1
0.3,-0.44,0.4823,1
0.32,-0.44,0.482,1
0.34,-0.44,0.4818,1
0.36,-0.44,0.4815,0.9999
0.38,-0.44,0.4813,0.9997
0.4,-0.44,0.4811,0.9992
0.42,-0.44,0.4808,0.9976
0.44,-0.44,0.4806,0.9931
0.46,-0.44,0.4803,0.9804
0.48,-0.44,0.4801,0.9452
0.5,-0.44,0.4798,0.8565
0.52,-0.44,0.4796,0.6736
0.54,-0.44,0.4793,0.4164
0.56,-0.44,0.4791,0.1979
0.58,-0.44,0.4788,0.0786
0.6,-0.44,0.4786,0.02865
0.62,-0.44,0.4783,0.009888
0.64,-0.44,0.4781,0.003012
0.66,-0.44,0.4778,0.0009132
0.68,-0.44,0.4776,0.0002764
0.7,-0.44,0.4773,8.364e-05
0.72,-0.44,0.4771,2.53e-05
0.74,-0.44,0.4768,7.414e-06
0.76,-0.44,0.4766,2.04e-06
0.78,-0.44,0.4764,5.594e-07
0.8,-0.44,0.4761,1.695e-07
0.82,-0.44,0.4759,5.345e-08
0.84,-0.44,0.4756,1.806e-08
0.86,-0.44,0.4754,6.695e-09
0.88,-0.44,0.4751,2.438e-09
0.9,-0.44,0.4749,9.735e-10
0.92,-0.44,0.4746,3.897e-10
0.94,-0.44,0.4744,1.56e-10
0.96,-0.44,0.4741,6.244e-11
0.98,-0.44,0.4739,2.5e-11
1,-0.44,0.4736,1.023e-11
1.02,-0.44,0.4734,4.275e-12
1.04,-0.44,0.4731,1.779e-12
1.06,-0.44,0.4729,7.376e-13
1.08,-0.44,0.4726,3.058e-13
1.1,-0.44,0.4724,1.268e-13
1.12,-0.44,0.4721,5.256e-14
1.14,-0.44,0.4719,2.179e-14
1.16,-0.44,0.4717,8.972e-15
1.18,-0.44,0.4714,3.574e-15
1.2,-0.44,0.4712,1.424e-15
1.22,-0.44,0.4709,5.674e-16
1.24,-0.44,0.4707,2.26e-16
1.26,-0.44,0.4704,9.006e-17
1.28,-0.44,0.4702,3.588e-17
1.3,-0.44,0.4699,1.429e-17
1.32,-0.44,0.4697,5.695e-18
1.34,-0.44,0.4694,2.269e-18
1.36,-0.44,0.4692,9.04e-19
1.38,-0.44,0.4689,3.601e-19
1.4,-0.44,0.4687,1.435e-19
1.42,-0.44,0.4684,5.717e-20
1.44,-0.44,0.4682,2.278e-20
1.46,-0.44,0.468,9.074e-21
1.48,-0.44,0.4677,3.615e-21
1.5,-0.44,0.4675,1.44e-21
1.52,-0.44,0.4672,5.738e-22
1.54,-0.44,0.467,2.286e-22
1.56,-0.44,0.4667,9.108e-23
1.58,-0.44,0.4665,3.629e-23
1.6,-0.44,0.4662,1.446e-23
-1.6,-0.42,0.5058,1.993e-20
-1.58,-0.42,0.5055,4.594e-20
-1.56,-0.42,0.5053,1.059e-19
-1.54,-0.42,0.505,2.44e-19
-1.52,-0.42,0.5048,5.623e-19
-1.5,-0.42,0.5045,1.296e-18
-1.48,-0.42,0.5043,2.986e-18
-1.46,-0.42,0.504,6.882e-18
-1.44,-0.42,0.5038,1.586e-17
-1.42,-0.42,0.5035,3.655e-17
-1.4,-0.42,0.5033,8.424e-17
-1.38,-0.42,0.503,1.917e-16
-1.36,-0.42,0.5028,4.27e-16
-1.34,-0.42,0.5025,9.346e-16
-1.32,-0.42,0.5023,2.046e-15
-1.3,-0.42,0.5021,4.478e-15
-1.28,-0.42,0.5018,9.801e-15
-1.26,-0.42,0.5016,2.145e-14
-1.24,-0.42,0.5013,4.696e-14
-1.22,-0.42,0.5011,1.028e-13
-1.2,-0.42,0.5008,2.25e-13
-1.18,-0.42,0.5006,4.925e-13
-1.16,-0.42,0.5003,1.078e-12
-1.14,-0.42,0.5001,2.36e-12
-1.12,-0.42,0.4998,5.165e-12
-1.1,-0.42,0.4996,1.131e-11
-1.08,-0.42,0.4993,2.535e-11
-1.06,-0.42,0.4991,5.777e-11
-1.04,-0.42,0.4988,1.317e-10
-1.02,-0.42,0.4986,3e-10
-1,-0.42,0.4983,6.837e-10
-0.98,-0.42,0.4981,1.541e-09
-0.96,-0.42,0.4978,3.459e-09
-0.94,-0.42,0.4976,7.742e-09
-0.92,-0.42,0.4973,1.737e-08
-0.9,-0.42,0.4971,3.834e-08
-0.88,-0.42,0.4968,8.562e-08
-0.86,-0.42,0.4966,1.86e-07
-0.84,-0.42,0.4964,4.04e-07
-0.82,-0.42,0.4961,8.777e-07
-0.8,-0.42,0.4959,1.919e-06
-0.78,-0.42,0.4956,4.515e-06
-0.76,-0.42,0.4954,1.163e-05
-0.74,-0.42,0.4951,3.203e-05
-0.72,-0.42,0.4949,9.262e-05
-0.7,-0.42,0.4946,0.0002691
-0.68,-0.42,0.4944,0.0007815
-0.66,-0.42,0.4941,0.002268
-0.64,-0.42,0.4939,0.006561
-0.62,-0.42,0.4936,0.01883
-0.6,-0.42,0.4934,0.05282
-0.58,-0.42,0.4931,0.1395
-0.56,-0.42,0.4929,0.3201
-0.54,-0.42,0.4926,0.5778
-0.52,-0.42,0.4924,0.7991
-0.5,-0.42,0.4921,0.9203
-0.48,-0.42,0.4919,0.9711
-0.46,-0.42,0.4916,0.9899
-0.44,-0.42,0.4914,0.9965
-0.42,-0.42,0.4911,0.9988
-0.4,-0.42,0.4909,0.9996
-0.38,-0.42,0.4907,0.9999
-0.36,-0.42,0.4904,0.9999
-0.34,-0.42,0.4902,1
-0.32,-0.42,0.4899,1
-0.3,-0.42,0.4897,1
-0.28,-0.42,0.4894,1
-0.26,-0.42,0.4892,1
-0.24,-0.42,0.4889,1
-0.22,-0.42,0.4887,1
-0.2,-0.42,0.4884,1
-0.18,-0.42,0.4882,1
-0.16,-0.42,0.4879,1
-0.14,-0.42,0.4877,1
-0.12,-0.42,0.4874,1
-0.1,-0.42,0.4872,1
-0.08,-0.42,0.4869,1
-0.06,-0.42,0.4867,1
-0.04,-0.42,0.4864,1
-0.02,-0.42,0.4862,1
0,-0.42,0.4859,1
0.02,-0.42,0.4857,1
0.04,-0.42,0.4855,1
0.06,-0.42,0.4852,1
0.08,-0.42,0.485,1
0.1,-0.42,0.4847,1
0.12,-0.42,0.4845,1
0.14,-0.42,0.4842,1
0.16,-0.42,0.484,1
0.18,-0.42,0.4837,1
0.2,-0.42,0.4835,1
0.22,-0.42,0.4832,1
0.24,-0.42,0.483,1
0.26,-0.42,0.4827,1
0.28,-0.42,0.4825,1
0.3,-0.42,0.4822,1
0.32,-0.42,0.482,1
0.34,-0.42,0.4817,1
0.36,-0.42,0.4815,1
0.38,-0.42,0.4812,0.9999
0.4,-0.42,0.481,0.9997
0.42,-0.42,0.4807,0.9991
0.44,-0.42,0.4805,0.9973
0.46,-0.42,0.4803,0.9923
0.48,-0.42,0.48,0.978
0.5,-0.42,0.4798,0.9389
0.52,-0.42,0.4795,0.8415
0.54,-0.42,0.4793,0.6474
0.56,-0.42,0.479,0.3883
0.58,-0.42,0.4788,0.18
0.6,-0.42,0.4785,0.07055
0.62,-0.42,0.4783,0.02325
0.64,-0.42,0.478,0.007149
0.66,-0.42,0.4778,0.002174
0.68,-0.42,0.4775,0.0006576
0.7,-0.42,0.4773,0.0001935
0.72,-0.42,0.477,5.54e-05
0.74,-0.42,0.4768,1.482e-05
0.76,-0.42,0.4765,3.955e-06
0.78,-0.42,0.4763,1.035e-06
0.8,-0.42,0.476,2.89e-07
0.82,-0.42,0.4758,8.717e-08
0.84,-0.42,0.4756,2.756e-08
0.86,-0.42,0.4753,9.131e-09
0.88,-0.42,0.4751,3.108e-09
0.9,-0.42,0.4748,1.215e-09
0.92,-0.42,0.4746,4.82e-10
0.94,-0.42,0.4743,1.912e-10
0.96,-0.42,0.4741,7.586e-11
0.98,-0.42,0.4738,3.009e-11
1,-0.42,0.4736,1.207e-11
1.02,-0.42,0.4733,5.003e-12
1.04,-0.42,0.4731,2.074e-12
1.06,-0.42,0.4728,8.6e-13
1.08,-0.42,0.4726,3.566e-13
1.1,-0.42,0.4723,1.478e-13
1.12,-0.42,0.4721,6.129e-14
1.14,-0.42,0.4718,2.454e-14
1.16,-0.42,0.4716,9.779e-15
1.18,-0.42,0.4714,3.896e-15
1.2,-0.42,0.4711,1.552e-15
1.22,-0.42,0.4709,6.184e-16
1.24,-0.42,0.4706,2.464e-16
1.26,-0.42,0.4704,9.815e-17
1.28,-0.42,0.4701,3.91e-17
1.3,-0.42,0.4699,1.558e-17
1.32,-0.42,0.4696,6.207e-18
1.34,-0.42,0.4694,2.473e-18
1.36,-0.42,0.4691,9.852e-19
1.38,-0.42,0.4689,3.925e-19
1.4,-0.42,0.4686,1.564e-19
1.42,-0.42,0.4684,6.23e-20
1.44,-0.42,0.4681,2.482e-20
1.46,-0.42,0.4679,9.889e-21
1.48,-0.42,0.4676,3.94e-21
1.5,-0.42,0.4674,1.57e-21
1.52,-0.42,0.4672,6.254e-22
1.54,-0.42,0.4669,2.492e-22
1.56,-0.42,0.4667,9.9e-23
1.58,-0.42,0.4664,3.89e-23
1.6,-0.42,0.4662,1.529e-23
-1.6,-0.4,0.5057,2.479e-20
-1.58,-0.4,0.5055,5.712e-20
-1.56,-0.4,0.5052,1.316e-19
-1.54,-0.4,0.505,3.034e-19
-1.52,-0.4,0.5047,6.992e-19
-1.5,-0.4,0.5045,1.611e-18
-1.48,-0.4,0.5042,3.713e-18
-1.46,-0.4,0.504,8.558e-18
-1.44,-0.4,0.5037,1.972e-17
-1.42,-0.4,0.5035,4.545e-17
-1.4,-0.4,0.5032,1.047e-16
-1.38,-0.4,0.503,2.414e-16
-1.36,-0.4,0.5027,5.563e-16
-1.34,-0.4,0.5025,1.247e-15
-1.32,-0.4,0.5022,2.784e-15
-1.3,-0.4,0.502,6.139e-15
-1.28,-0.4,0.5017,1.344e-14
-1.26,-0.4,0.5015,2.941e-14
-1.24,-0.4,0.5013,6.438e-14
-1.22,-0.4,0.501,1.409e-13
-1.2,-0.4,0.5008,3.085e-13
-1.18,-0.4,0.5005,6.752e-13
-1.16,-0.4,0.5003,1.478e-12
-1.14,-0.4,0.5,3.235e-12
-1.12,-0.4,0.4998,7.081e-12
-1.1,-0.4,0.4995,1.55e-11
-1.08,-0.4,0.4993,3.527e-11
-1.06,-0.4,0.499,8.038e-11
-1.04,-0.4,0.4988,1.832e-10
-1.02,-0.4,0.4985,4.174e-10
-1,-0.4,0.4983,9.512e-10
-0.98,-0.4,0.498,2.168e-09
-0.96,-0.4,0.4978,5.064e-09
-0.94,-0.4,0.4975,1.235e-08
-0.92,-0.4,0.4973,2.953e-08
-0.9,-0.4,0.497,6.987e-08
-0.88,-0.4,0.4968,1.633e-07
-0.86,-0.4,0.4965,3.706e-07
-0.84,-0.4,0.4963,8.05e-07
-0.82,-0.4,0.496,1.749e-06
-0.8,-0.4,0.4958,4.045e-06
-0.78,-0.4,0.4955,1.028e-05
-0.76,-0.4,0.4953,2.797e-05
-0.74,-0.4,0.4951,8.023e-05
-0.72,-0.4,0.4948,0.0002331
-0.7,-0.4,0.4946,0.000677
-0.68,-0.4,0.4943,0.001965
-0.66,-0.4,0.4941,0.005688
-0.64,-0.4,0.4938,0.01635
-0.62,-0.4,0.4936,0.04608
-0.6,-0.4,0.4933,0.1231
-0.58,-0.4,0.4931,0.2897
-0.56,-0.4,0.4928,0.5424
-0.54,-0.4,0.4926,0.775
-0.52,-0.4,0.4923,0.9092
-0.5,-0.4,0.4921,0.9668
-0.48,-0.4,0.4918,0.9883
-0.46,-0.4,0.4916,0.9959
-0.44,-0.4,0.4913,0.9986
-0.42,-0.4,0.4911,0.9995
-0.4,-0.4,0.4908,0.9998
-0.38,-0.4,0.4906,0.9999
-0.36,-0.4,0.4903,1
-0.34,-0.4,0.4901,1
-0.32,-0.4,0.4899,1
-0.3,-0.4,0.4896,1
-0.28,-0.4,0.4894,1
-0.26,-0.4,0.4891,1
-0.24,-0.4,0.4889,1
-0.22,-0.4,0.4886,1
-0.2,-0.4,0.4884,1
-0.18,-0.4,0.4881,1
-0.16,-0.4,0.4879,1
-0.14,-0.4,0.4876,1
-0.12,-0.4,0.4874,1
-0.1,-0.4,0.4871,1
-0.08,-0.4,0.4869,1
-0.06,-0.4,0.4866,1
-0.04,-0.4,0.4864,1
-0.02,-0.4,0.4861,1
0,-0.4,0.4859,1
0.02,-0.4,0.4856,1
0.04,-0.4,0.4854,1
0.06,-0.4,0.4851,1
0.08,-0.4,0.4849,1
0.1,-0.4,0.4846,1
0.12,-0.4,0.4844,1
0.14,-0.4,0.4842,1
0.16,-0.4,0.4839,1
0.18,-0.4,0.4837,1
0.2,-0.4,0.4834,1
0.22,-0.4,0.4832,1
0.24,-0.4,0.4829,1
0.26,-0.4,0.4827,1
0.28,-0.4,0.4824,1
0.3,-0.4,0.4822,1
0.32,-0.4,0.4819,1
0.34,-0.4,0.4817,1
0.36,-0.4,0.4814,1
0.38,-0.4,0.4812,1
0.4,-0.4,0.4809,0.9999
0.42,-0.4,0.4807,0.9996
0.44,-0.4,0.4804,0.999
0.46,-0.4,0.4802,0.997
0.48,-0.4,0.4799,0.9913
0.5,-0.4,0.4797,0.9753
0.52,-0.4,0.4795,0.9318
0.54,-0.4,0.4792,0.8253
0.56,-0.4,0.479,0.6203
0.58,-0.4,0.4787,0.361
0.6,-0.4,0.4785,0.1555
0.62,-0.4,0.4782,0.0514
0.64,-0.4,0.478,0.01552
0.66,-0.4,0.4777,0.004515
0.68,-0.4,0.4775,0.001303
0.7,-0.4,0.4772,0.0003615
0.72,-0.4,0.477,9.32e-05
0.74,-0.4,0.4767,2.403e-05
0.76,-0.4,0.4765,6.193e-06
0.78,-0.4,0.4762,1.596e-06
0.8,-0.4,0.476,4.162e-07
0.82,-0.4,0.4757,1.232e-07
0.84,-0.4,0.4755,3.509e-08
0.86,-0.4,0.4752,1.102e-08
0.88,-0.4,0.475,3.741e-09
0.9,-0.4,0.4748,1.431e-09
0.92,-0.4,0.4745,5.676e-10
0.94,-0.4,0.4743,2.252e-10
0.96,-0.4,0.474,8.932e-11
0.98,-0.4,0.4738,3.543e-11
1,-0.4,0.4735,1.407e-11
1.02,-0.4,0.4733,5.834e-12
1.04,-0.4,0.473,2.419e-12
1.06,-0.4,0.4728,1.003e-12
1.08,-0.4,0.4725,4.157e-13
1.1,-0.4,0.4723,1.685e-13
1.12,-0.4,0.472,6.714e-14
1.14,-0.4,0.4718,2.675e-14
1.16,-0.4,0.4715,1.066e-14
1.18,-0.4,0.4713,4.246e-15
1.2,-0.4,0.471,1.692e-15
1.22,-0.4,0.4708,6.74e-16
1.24,-0.4,0.4706,2.685e-16
1.26,-0.4,0.4703,1.07e-16
1.28,-0.4,0.4701,4.262e-17
1.3,-0.4,0.4698,1.698e-17
1.32,-0.4,0.4696,6.765e-18
1.34,-0.4,0.4693,2.695e-18
1.36,-0.4,0.4691,1.074e-18
1.38,-0.4,0.4688,4.278e-19
1.4,-0.4,0.4686,1.704e-19
1.42,-0.4,0.4683,6.791e-20
1.44,-0.4,0.4681,2.705e-20
1.46,-0.4,0.4678,1.078e-20
1.48,-0.4,0.4676,4.294e-21
1.5,-0.4,0.4673,1.709e-21
1.52,-0.4,0.4671,6.717e-22
1.54,-0.4,0.4668,2.639e-22
1.56,-0.4,0.4666,1.037e-22
1.58,-0.4,0.4664,4.076e-23
1.6,-0.4,0.4661,1.602e-23
-1.6,-0.38,0.5057,3.082e-20
-1.58,-0.38,0.5054,7.103e-20
-1.56,-0.38,0.5052,1.637e-19
-1.54,-0.38,0.5049,3.772e-19
-1.52,-0.38,0.5047,8.694e-19
-1.5,-0.38,0.5044,2.004e-18
-1.48,-0.38,0.5042,4.617e-18
-1.46,-0.38,0.5039,1.064e-17
-1.44,-0.38,0.5037,2.452e-17
-1.42,-0.38,0.5034,5.652e-17
-1.4,-0.38,0.5032,1.302e-16
-1.38,-0.38,0.5029,3.002e-16
-1.36,-0.38,0.5027,6.917e-16
-1.34,-0.38,0.5024,1.594e-15
-1.32,-0.38,0.5022,3.631e-15
-1.3,-0.38,0.5019,8.108e-15
-1.28,-0.38,0.5017,1.81e-14
-1.26,-0.38,0.5014,4.032e-14
-1.24,-0.38,0.5012,8.826e-14
-1.22,-0.38,0.5009,1.932e-13
-1.2,-0.38,0.5007,4.229e-13
-1.18,-0.38,0.5004,9.256e-13
-1.16,-0.38,0.5002,2.026e-12
-1.14,-0.38,0.5,4.435e-12
-1.12,-0.38,0.4997,9.707e-12
-1.1,-0.38,0.4995,2.154e-11
-1.08,-0.38,0.4992,4.908e-11
-1.06,-0.38,0.499,1.118e-10
-1.04,-0.38,0.4987,2.549e-10
-1.02,-0.38,0.4985,5.808e-10
-1,-0.38,0.4982,1.323e-09
-0.98,-0.38,0.498,3.023e-09
-0.96,-0.38,0.4977,7.206e-09
-0.94,-0.38,0.4975,1.796e-08
-0.92,-0.38,0.4972,4.614e-08
-0.9,-0.38,0.497,1.168e-07
-0.88,-0.38,0.4967,2.826e-07
-0.86,-0.38,0.4965,6.636e-07
-0.84,-0.38,0.4962,1.525e-06
-0.82,-0.38,0.496,3.52e-06
-0.8,-0.38,0.4957,8.995e-06
-0.78,-0.38,0.4955,2.43e-05
-0.76,-0.38,0.4952,6.949e-05
-0.74,-0.38,0.495,0.0002019
-0.72,-0.38,0.4947,0.0005865
-0.7,-0.38,0.4945,0.001702
-0.68,-0.38,0.4943,0.004931
-0.66,-0.38,0.494,0.0142
-0.64,-0.38,0.4938,0.04016
-0.62,-0.38,0.4935,0.1084
-0.6,-0.38,0.4933,0.2611
-0.58,-0.38,0.493,0.5066
-0.56,-0.38,0.4928,0.749
-0.54,-0.38,0.4925,0.8966
-0.52,-0.38,0.4923,0.9618
-0.5,-0.38,0.492,0.9865
-0.48,-0.38,0.4918,0.9953
-0.46,-0.38,0.4915,0.9984
-0.44,-0.38,0.4913,0.9994
-0.42,-0.38,0.491,0.9998
-0.4,-0.38,0.4908,0.9999
-0.38,-0.38,0.4905,1
-0.36,-0.38,0.4903,1
-0.34,-0.38,0.49,1
-0.32,-0.38,0.4898,1
-0.3,-0.38,0.4895,1
-0.28,-0.38,0.4893,1
-0.26,-0.38,0.489,1
-0.24,-0.38,0.4888,1
-0.22,-0.38,0.4886,1
-0.2,-0.38,0.4883,1
-0.18,-0.38,0.4881,1
-0.16,-0.38,0.4878,1
-0.14,-0.38,0.4876,1
-0.12,-0.38,0.4873,1
-0.1,-0.38,0.4871,1
-0.08,-0.38,0.4868,1
-0.06,-0.38,0.4866,1
-0.04,-0.38,0.4863,1
-0.02,-0.38,0.4861,1
0,-0.38,0.4858,1
0.02,-0.38,0.4856,1
0.04,-0.38,0.4853,1
0.06,-0.38,0.4851,1
0.08,-0.38,0.4848,1
0.1,-0.38,0.4846,1
0.12,-0.38,0.4843,1
0.14,-0.38,0.4841,1
0.16,-0.38,0.4838,1
0.18,-0.38,0.4836,1
0.2,-0.38,0.4834,1
0.22,-0.38,0.4831,1
0.24,-0.38,0.4829,1
0.26,-0.38,0.4826,1
0.28,-0.38,0.4824,1
0.3,-0.38,0.4821,1
0.32,-0.38,0.4819,1
0.34,-0.38,0.4816,1
0.36,-0.38,0.4814,1
0.38,-0.38,0.4811,1
0.4,-0.38,0.4809,1
0.42,-0.38,0.4806,0.9999
0.44,-0.38,0.4804,0.9996
0.46,-0.38,0.4801,0.9988
0.48,-0.38,0.4799,0.9966
0.5,-0.38,0.4796,0.9902
0.52,-0.38,0.4794,0.9706
0.54,-0.38,0.4791,0.9144
0.56,-0.38,0.4789,0.7758
0.58,-0.38,0.4787,0.5285
0.6,-0.38,0.4784,0.2441
0.62,-0.38,0.4782,0.08383
0.64,-0.38,0.4779,0.02527
0.66,-0.38,0.4777,0.007294
0.68,-0.38,0.4774,0.002039
0.7,-0.38,0.4772,0.0005264
0.72,-0.38,0.4769,0.0001357
0.74,-0.38,0.4767,3.499e-05
0.76,-0.38,0.4764,9.019e-06
0.78,-0.38,0.4762,2.325e-06
0.8,-0.38,0.4759,5.958e-07
0.82,-0.38,0.4757,1.569e-07
0.84,-0.38,0.4754,4.409e-08
0.86,-0.38,0.4752,1.329e-08
0.88,-0.38,0.4749,4.513e-09
0.9,-0.38,0.4747,1.685e-09
0.92,-0.38,0.4744,6.683e-10
0.94,-0.38,0.4742,2.651e-10
0.96,-0.38,0.474,1.052e-10
0.98,-0.38,0.4737,4.172e-11
1,-0.38,0.4735,1.655e-11
1.02,-0.38,0.4732,6.802e-12
1.04,-0.38,0.473,2.82e-12
1.06,-0.38,0.4727,1.157e-12
1.08,-0.38,0.4725,4.61e-13
1.1,-0.38,0.4722,1.837e-13
1.12,-0.38,0.472,7.318e-14
1.14,-0.38,0.4717,2.916e-14
1.16,-0.38,0.4715,1.162e-14
1.18,-0.38,0.4712,4.628e-15
1.2,-0.38,0.471,1.844e-15
1.22,-0.38,0.4707,7.346e-16
1.24,-0.38,0.4705,2.926e-16
1.26,-0.38,0.4702,1.166e-16
1.28,-0.38,0.47,4.645e-17
1.3,-0.38,0.4698,1.851e-17
1.32,-0.38,0.4695,7.373e-18
1.34,-0.38,0.4693,2.938e-18
1.36,-0.38,0.469,1.17e-18
1.38,-0.38,0.4688,4.663e-19
1.4,-0.38,0.4685,1.858e-19
1.42,-0.38,0.4683,7.401e-20
1.44,-0.38,0.468,2.949e-20
1.46,-0.38,0.4678,1.16e-20
1.48,-0.38,0.4675,4.557e-21
1.5,-0.38,0.4673,1.791e-21
1.52,-0.38,0.467,7.037e-22
1.54,-0.38,0.4668,2.765e-22
1.56,-0.38,0.4665,1.087e-22
1.58,-0.38,0.4663,4.27e-23
1.6,-0.38,0.4661,1.678e-23
-1.6,-0.36,0.5056,3.832e-20
-1.58,-0.36,0.5053,8.832e-20
-1.56,-0.36,0.5051,2.035e-19
-1.54,-0.36,0.5049,4.691e-19
-1.52,-0.36,0.5046,1.081e-18
-1.5,-0.36,0.5044,2.491e-18
-1.48,-0.36,0.5041,5.741e-18
-1.46,-0.36,0.5039,1.323e-17
-1.44,-0.36,0.5036,3.049e-17
-1.42,-0.36,0.5034,7.027e-17
-1.4,-0.36,0.5031,1.619e-16
-1.38,-0.36,0.5029,3.732e-16
-1.36,-0.36,0.5026,8.601e-16
-1.34,-0.36,0.5024,1.982e-15
-1.32,-0.36,0.5021,4.568e-15
-1.3,-0.36,0.5019,1.053e-14
-1.28,-0.36,0.5016,2.361e-14
-1.26,-0.36,0.5014,5.273e-14
-1.24,-0.36,0.5011,1.177e-13
-1.22,-0.36,0.5009,2.629e-13
-1.2,-0.36,0.5006,5.797e-13
-1.18,-0.36,0.5004,1.269e-12
-1.16,-0.36,0.5001,2.778e-12
-1.14,-0.36,0.4999,6.08e-12
-1.12,-0.36,0.4996,1.331e-11
-1.1,-0.36,0.4994,2.996e-11
-1.08,-0.36,0.4992,6.828e-11
-1.06,-0.36,0.4989,1.556e-10
-1.04,-0.36,0.4987,3.546e-10
-1.02,-0.36,0.4984,8.08e-10
-1,-0.36,0.4982,1.841e-09
-0.98,-0.36,0.4979,4.302e-09
-0.96,-0.36,0.4977,1.037e-08
-0.94,-0.36,0.4974,2.611e-08
-0.92,-0.36,0.4972,6.928e-08
-0.9,-0.36,0.4969,1.852e-07
-0.88,-0.36,0.4967,4.704e-07
-0.86,-0.36,0.4964,1.143e-06
-0.84,-0.36,0.4962,2.745e-06
-0.82,-0.36,0.4959,7.224e-06
-0.8,-0.36,0.4957,1.885e-05
-0.78,-0.36,0.4954,5.374e-05
-0.76,-0.36,0.4952,0.0001592
-0.74,-0.36,0.4949,0.0004714
-0.72,-0.36,0.4947,0.001395
-0.7,-0.36,0.4944,0.004122
-0.68,-0.36,0.4942,0.01211
-0.66,-0.36,0.4939,0.03498
-0.64,-0.36,0.4937,0.09529
-0.62,-0.36,0.4935,0.2343
-0.6,-0.36,0.4932,0.4707
-0.58,-0.36,0.493,0.721
-0.56,-0.36,0.4927,0.8825
-0.54,-0.36,0.4925,0.9562
-0.52,-0.36,0.4922,0.9845
-0.5,-0.36,0.492,0.9946
-0.48,-0.36,0.4917,0.9981
-0.46,-0.36,0.4915,0.9994
-0.44,-0.36,0.4912,0.9998
-0.42,-0.36,0.491,0.9999
-0.4,-0.36,0.4907,1
-0.38,-0.36,0.4905,1
-0.36,-0.36,0.4902,1
-0.34,-0.36,0.49,1
-0.32,-0.36,0.4897,1
-0.3,-0.36,0.4895,1
-0.28,-0.36,0.4892,1
-0.26,-0.36,0.489,1
-0.24,-0.36,0.4887,1
-0.22,-0.36,0.4885,1
-0.2,-0.36,0.4882,1
-0.18,-0.36,0.488,1
-0.16,-0.36,0.4878,1
-0.14,-0.36,0.4875,1
-0.12,-0.36,0.4873,1
-0.1,-0.36,0.487,1
-0.08,-0.36,0.4868,1
-0.06,-0.36,0.4865,1
-0.04,-0.36,0.4863,1
-0.02,-0.36,0.486,1
0,-0.36,0.4858,1
0.02,-0.36,0.4855,1
0.04,-0.36,0.4853,1
0.06,-0.36,0.485,1
0.08,-0.36,0.4848,1
0.1,-0.36,0.4845,1
0.12,-0.36,0.4843,1
0.14,-0.36,0.484,1
0.16,-0.36,0.4838,1
0.18,-0.36,0.4835,1
0.2,-0.36,0.4833,1
0.22,-0.36,0.483,1
0.24,-0.36,0.4828,1
0.26,-0.36,0.4826,1
0.28,-0.36,0.4823,1
0.3,-0.36,0.4821,1
0.32,-0.36,0.4818,1
0.34,-0.36,0.4816,1
0.36,-0.36,0.4813,1
0.38,-0.36,0.4811,1
0.4,-0.36,0.4808,1
0.42,-0.36,0.4806,0.9999
0.44,-0.36,0.4803,0.9998
0.46,-0.36,0.4801,0.9994
0.48,-0.36,0.4798,0.9982
0.5,-0.36,0.4796,0.9943
0.52,-0.36,0.4793,0.9827
0.54,-0.36,0.4791,0.9484
0.56,-0.36,0.4788,0.8563
0.58,-0.36,0.4786,0.6449
0.6,-0.36,0.4783,0.3398
0.62,-0.36,0.4781,0.1273
0.64,-0.36,0.4779,0.0397
0.66,-0.36,0.4776,0.01141
0.68,-0.36,0.4774,0.002967
0.7,-0.36,0.4771,0.0007665
0.72,-0.36,0.4769,0.0001977
0.74,-0.36,0.4766,5.096e-05
0.76,-0.36,0.4764,1.314e-05
0.78,-0.36,0.4761,3.343e-06
0.8,-0.36,0.4759,7.861e-07
0.82,-0.36,0.4756,1.996e-07
0.84,-0.36,0.4754,5.539e-08
0.86,-0.36,0.4751,1.61e-08
0.88,-0.36,0.4749,5.445e-09
0.9,-0.36,0.4746,1.984e-09
0.92,-0.36,0.4744,7.869e-10
0.94,-0.36,0.4741,3.122e-10
0.96,-0.36,0.4739,1.238e-10
0.98,-0.36,0.4736,4.913e-11
1,-0.36,0.4734,1.949e-11
1.02,-0.36,0.4732,7.932e-12
1.04,-0.36,0.4729,3.166e-12
1.06,-0.36,0.4727,1.261e-12
1.08,-0.36,0.4724,5.025e-13
1.1,-0.36,0.4722,2.002e-13
1.12,-0.36,0.4719,7.976e-14
1.14,-0.36,0.4717,3.178e-14
1.16,-0.36,0.4714,1.266e-14
1.18,-0.36,0.4712,5.044e-15
1.2,-0.36,0.4709,2.009e-15
1.22,-0.36,0.4707,8.006e-16
1.24,-0.36,0.4704,3.19e-16
1.26,-0.36,0.4702,1.271e-16
1.28,-0.36,0.4699,5.063e-17
1.3,-0.36,0.4697,2.017e-17
1.32,-0.36,0.4694,8.036e-18
1.34,-0.36,0.4692,3.202e-18
1.36,-0.36,0.469,1.276e-18
1.38,-0.36,0.4687,5.082e-19
1.4,-0.36,0.4685,2.002e-19
1.42,-0.36,0.4682,7.868e-20
1.44,-0.36,0.468,3.092e-20
1.46,-0.36,0.4677,1.215e-20
1.48,-0.36,0.4675,4.774e-21
1.5,-0.36,0.4672,1.876e-21
1.52,-0.36,0.467,7.372e-22
1.54,-0.36,0.4667,2.897e-22
1.56,-0.36,0.4665,1.138e-22
1.58,-0.36,0.4662,4.473e-23
1.6,-0.36,0.466,1.758e-23
-1.6,-0.34,0.5055,4.765e-20
-1.58,-0.34,0.5053,1.098e-19
-1.56,-0.34,0.505,2.531e-19
-1.54,-0.34,0.5048,5.833e-19
-1.52,-0.34,0.5045,1.344e-18
-1.5,-0.34,0.5043,3.098e-18
-1.48,-0.34,0.504,7.139e-18
-1.46,-0.34,0.5038,1.645e-17
-1.44,-0.34,0.5036,3.792e-17
-1.42,-0.34,0.5033,8.738e-17
-1.4,-0.34,0.5031,2.014e-16
-1.38,-0.34,0.5028,4.641e-16
-1.36,-0.34,0.5026,1.069e-15
-1.34,-0.34,0.5023,2.465e-15
-1.32,-0.34,0.5021,5.68e-15
-1.3,-0.34,0.5018,1.309e-14
-1.28,-0.34,0.5016,3.017e-14
-1.26,-0.34,0.5013,6.878e-14
-1.24,-0.34,0.5011,1.536e-13
-1.22,-0.34,0.5008,3.429e-13
-1.2,-0.34,0.5006,7.657e-13
-1.18,-0.34,0.5003,1.71e-12
-1.16,-0.34,0.5001,3.808e-12
-1.14,-0.34,0.4998,8.335e-12
-1.12,-0.34,0.4996,1.829e-11
-1.1,-0.34,0.4993,4.169e-11
-1.08,-0.34,0.4991,9.5e-11
-1.06,-0.34,0.4988,2.165e-10
-1.04,-0.34,0.4986,4.933e-10
-1.02,-0.34,0.4983,1.124e-09
-1,-0.34,0.4981,2.568e-09
-0.98,-0.34,0.4979,6.122e-09
-0.96,-0.34,0.4976,1.507e-08
-0.94,-0.34,0.4974,3.892e-08
-0.92,-0.34,0.4971,1.04e-07
-0.9,-0.34,0.4969,2.781e-07
-0.88,-0.34,0.4966,7.434e-07
-0.86,-0.34,0.4964,1.908e-06
-0.84,-0.34,0.4961,5.177e-06
-0.82,-0.34,0.4959,1.435e-05
-0.8,-0.34,0.4956,4.124e-05
-0.78,-0.34,0.4954,0.0001214
-0.76,-0.34,0.4951,0.0003596
-0.74,-0.34,0.4949,0.001065
-0.72,-0.34,0.4946,0.003147
-0.7,-0.34,0.4944,0.009267
-0.68,-0.34,0.4941,0.02696
-0.66,-0.34,0.4939,0.07586
-0.64,-0.34,0.4936,0.1956
-0.62,-0.34,0.4934,0.4187
-0.6,-0.34,0.4931,0.6809
-0.58,-0.34,0.4929,0.8634
-0.56,-0.34,0.4926,0.9493
-0.54,-0.34,0.4924,0.9821
-0.52,-0.34,0.4922,0.9938
-0.5,-0.34,0.4919,0.9978
-0.48,-0.34,0.4917,0.9993
-0.46,-0.34,0.4914,0.9997
-0.44,-0.34,0.4912,0.9999
-0.42,-0.34,0.4909,1
-0.4,-0.34,0.4907,1
-0.38,-0.34,0.4904,1
-0.36,-0.34,0.4902,1
-0.34,-0.34,0.4899,1
-0.32,-0.34,0.4897,1
-0.3,-0.34,0.4894,1
-0.28,-0.34,0.4892,1
-0.26,-0.34,0.4889,1
-0.24,-0.34,0.4887,1
-0.22,-0.34,0.4884,1
-0.2,-0.34,0.4882,1
-0.18,-0.34,0.4879,1
-0.16,-0.34,0.4877,1
-0.14,-0.34,0.4874,1
-0.12,-0.34,0.4872,1
-0.1,-0.34,0.487,1
-0.08,-0.34,0.4867,1
-0.06,-0.34,0.4865,1
-0.04,-0.34,0.4862,1
-0.02,-0.34,0.486,1
0,-0.34,0.4857,1
0.02,-0.34,0.4855,1
0.04,-0.34,0.4852,1
0.06,-0.34,0.485,1
0.08,-0.34,0.4847,1
0.1,-0.34,0.4845,1
0.12,-0.34,0.4842,1
0.14,-0.34,0.484,1
0.16,-0.34,0.4837,1
0.18,-0.34,0.4835,1
0.2,-0.34,0.4832,1
0.22,-0.34,0.483,1
0.24,-0.34,0.4827,1
0.26,-0.34,0.4825,1
0.28,-0.34,0.4822,1
0.3,-0.34,0.482,1
0.32,-0.34,0.4818,1
0.34,-0.34,0.4815,1
0.36,-0.34,0.4813,1
0.38,-0.34,0.481,1
0.4,-0.34,0.4808,1
0.42,-0.34,0.4805,1
0.44,-0.34,0.4803,0.9999
0.46,-0.34,0.48,0.9997
0.48,-0.34,0.4798,0.9989
0.5,-0.34,0.4795,0.9967
0.52,-0.34,0.4793,0.9899
0.54,-0.34,0.479,0.9694
0.56,-0.34,0.4788,0.9109
0.58,-0.34,0.4785,0.7433
0.6,-0.34,0.4783,0.4507
0.62,-0.34,0.478,0.1887
0.64,-0.34,0.4778,0.06124
0.66,-0.34,0.4775,0.01654
0.68,-0.34,0.4773,0.004316
0.7,-0.34,0.4771,0.001116
0.72,-0.34,0.4768,0.0002879
0.74,-0.34,0.4766,7.422e-05
0.76,-0.34,0.4763,1.876e-05
0.78,-0.34,0.4761,4.41e-06
0.8,-0.34,0.4758,1.037e-06
0.82,-0.34,0.4756,2.539e-07
0.84,-0.34,0.4753,6.958e-08
0.86,-0.34,0.4751,2.001e-08
0.88,-0.34,0.4748,6.569e-09
0.9,-0.34,0.4746,2.336e-09
0.92,-0.34,0.4743,9.266e-10
0.94,-0.34,0.4741,3.676e-10
0.96,-0.34,0.4738,1.458e-10
0.98,-0.34,0.4736,5.785e-11
1,-0.34,0.4733,2.23e-11
1.02,-0.34,0.4731,8.66e-12
1.04,-0.34,0.4728,3.45e-12
1.06,-0.34,0.4726,1.375e-12
1.08,-0.34,0.4724,5.477e-13
1.1,-0.34,0.4721,2.182e-13
1.12,-0.34,0.4719,8.693e-14
1.14,-0.34,0.4716,3.463e-14
1.16,-0.34,0.4714,1.38e-14
1.18,-0.34,0.4711,5.497e-15
1.2,-0.34,0.4709,2.19e-15
1.22,-0.34,0.4706,8.726e-16
1.24,-0.34,0.4704,3.476e-16
1.26,-0.34,0.4701,1.385e-16
1.28,-0.34,0.4699,5.518e-17
1.3,-0.34,0.4696,2.198e-17
1.32,-0.34,0.4694,8.758e-18
1.34,-0.34,0.4691,3.457e-18
1.36,-0.34,0.4689,1.359e-18
1.38,-0.34,0.4686,5.338e-19
1.4,-0.34,0.4684,2.098e-19
1.42,-0.34,0.4682,8.243e-20
1.44,-0.34,0.4679,3.239e-20
1.46,-0.34,0.4677,1.273e-20
1.48,-0.34,0.4674,5.002e-21
1.5,-0.34,0.4672,1.965e-21
1.52,-0.34,0.4669,7.723e-22
1.54,-0.34,0.4667,3.035e-22
1.56,-0.34,0.4664,1.193e-22
1.58,-0.34,0.4662,4.686e-23
1.6,-0.34,0.4659,1.841e-23
-1.6,-0.32,0.5055,5.925e-20
-1.58,-0.32,0.5052,1.366e-19
-1.56,-0.32,0.505,3.147e-19
-1.54,-0.32,0.5047,7.252e-19
-1.52,-0.32,0.5045,1.671e-18
-1.5,-0.32,0.5042,3.852e-18
-1.48,-0.32,0.504,8.877e-18
-1.46,-0.32,0.5037,2.046e-17
-1.44,-0.32,0.5035,4.714e-17
-1.42,-0.32,0.5032,1.086e-16
-1.4,-0.32,0.503,2.504e-16
-1.38,-0.32,0.5028,5.77e-16
-1.36,-0.32,0.5025,1.33e-15
-1.34,-0.32,0.5023,3.065e-15
-1.32,-0.32,0.502,7.063e-15
-1.3,-0.32,0.5018,1.628e-14
-1.28,-0.32,0.5015,3.751e-14
-1.26,-0.32,0.5013,8.645e-14
-1.24,-0.32,0.501,1.992e-13
-1.22,-0.32,0.5008,4.473e-13
-1.2,-0.32,0.5005,9.988e-13
-1.18,-0.32,0.5003,2.23e-12
-1.16,-0.32,0.5,4.98e-12
-1.14,-0.32,0.4998,1.112e-11
-1.12,-0.32,0.4995,2.525e-11
-1.1,-0.32,0.4993,5.8e-11
-1.08,-0.32,0.499,1.322e-10
-1.06,-0.32,0.4988,3.012e-10
-1.04,-0.32,0.4985,6.864e-10
-1.02,-0.32,0.4983,1.564e-09
-1,-0.32,0.498,3.654e-09
-0.98,-0.32,0.4978,8.712e-09
-0.96,-0.32,0.4975,2.19e-08
-0.94,-0.32,0.4973,5.844e-08
-0.92,-0.32,0.4971,1.562e-07
-0.9,-0.32,0.4968,4.176e-07
-0.88,-0.32,0.4966,1.116e-06
-0.86,-0.32,0.4963,3.198e-06
-0.84,-0.32,0.4961,9.534e-06
-0.82,-0.32,0.4958,2.833e-05
-0.8,-0.32,0.4956,8.865e-05
-0.78,-0.32,0.4953,0.0002743
-0.76,-0.32,0.4951,0.0008123
-0.74,-0.32,0.4948,0.002402
-0.72,-0.32,0.4946,0.007084
-0.7,-0.32,0.4943,0.0207
-0.68,-0.32,0.4941,0.05892
-0.66,-0.32,0.4938,0.1565
-0.64,-0.32,0.4936,0.3546
-0.62,-0.32,0.4933,0.6194
-0.6,-0.32,0.4931,0.8282
-0.58,-0.32,0.4928,0.9346
-0.56,-0.32,0.4926,0.9769
-0.54,-0.32,0.4923,0.9921
-0.52,-0.32,0.4921,0.9973
-0.5,-0.32,0.4918,0.9991
-0.48,-0.32,0.4916,0.9997
-0.46,-0.32,0.4914,0.9999
-0.44,-0.32,0.4911,1
-0.42,-0.32,0.4909,1
-0.4,-0.32,0.4906,1
-0.38,-0.32,0.4904,1
-0.36,-0.32,0.4901,1
-0.34,-0.32,0.4899,1
-0.32,-0.32,0.4896,1
-0.3,-0.32,0.4894,1
-0.28,-0.32,0.4891,1
-0.26,-0.32,0.4889,1
-0.24,-0.32,0.4886,1
-0.22,-0.32,0.4884,1
-0.2,-0.32,0.4881,1
-0.18,-0.32,0.4879,1
-0.16,-0.32,0.4876,1
-0.14,-0.32,0.4874,1
-0.12,-0.32,0.4871,1
-0.1,-0.32,0.4869,1
-0.08,-0.32,0.4866,1
-0.06,-0.32,0.4864,1
-0.04,-0.32,0.4862,1
-0.02,-0.32,0.4859,1
0,-0.32,0.4857,1
0.02,-0.32,0.4854,1
0.04,-0.32,0.4852,1
0.06,-0.32,0.4849,1
0.08,-0.32,0.4847,1
0.1,-0.32,0.4844,1
0.12,-0.32,0.4842,1
0.14,-0.32,0.4839,1
0.16,-0.32,0.4837,1
0.18,-0.32,0.4834,1
0.2,-0.32,0.4832,1
0.22,-0.32,0.4829,1
0.24,-0.32,0.4827,1
0.26,-0.32,0.4824,1
0.28,-0.32,0.4822,1
0.3,-0.32,0.4819,1
0.32,-0.32,0.4817,1
0.34,-0.32,0.4814,1
0.36,-0.32,0.4812,1
0.38,-0.32,0.481,1
0.4,-0.32,0.4807,1
0.42,-0.32,0.4805,1
0.44,-0.32,0.4802,0.9999
0.46,-0.32,0.48,0.9998
0.48,-0.32,0.4797,0.9994
0.5,-0.32,0.4795,0.9981
0.52,-0.32,0.4792,0.9941
0.54,-0.32,0.479,0.982
0.56,-0.32,0.4787,0.9422
0.58,-0.32,0.4785,0.822
0.6,-0.32,0.4782,0.5668
0.62,-0.32,0.478,0.2693
0.64,-0.32,0.4777,0.08677
0.66,-0.32,0.4775,0.02391
0.68,-0.32,0.4772,0.006273
0.7,-0.32,0.477,0.001625
0.72,-0.32,0.4767,0.0004192
0.74,-0.32,0.4765,0.0001052
0.76,-0.32,0.4763,2.475e-05
0.78,-0.32,0.476,5.819e-06
0.8,-0.32,0.4758,1.368e-06
0.82,-0.32,0.4755,3.271e-07
0.84,-0.32,0.4753,8.822e-08
0.86,-0.32,0.475,2.514e-08
0.88,-0.32,0.4748,7.925e-09
0.9,-0.32,0.4745,2.75e-09
0.92,-0.32,0.4743,1.091e-09
0.94,-0.32,0.474,4.328e-10
0.96,-0.32,0.4738,1.691e-10
0.98,-0.32,0.4735,6.421e-11
1,-0.32,0.4733,2.438e-11
1.02,-0.32,0.473,9.439e-12
1.04,-0.32,0.4728,3.76e-12
1.06,-0.32,0.4725,1.498e-12
1.08,-0.32,0.4723,5.969e-13
1.1,-0.32,0.472,2.378e-13
1.12,-0.32,0.4718,9.474e-14
1.14,-0.32,0.4716,3.775e-14
1.16,-0.32,0.4713,1.504e-14
1.18,-0.32,0.4711,5.991e-15
1.2,-0.32,0.4708,2.387e-15
1.22,-0.32,0.4706,9.51e-16
1.24,-0.32,0.4703,3.789e-16
1.26,-0.32,0.4701,1.509e-16
1.28,-0.32,0.4698,5.969e-17
1.3,-0.32,0.4696,2.346e-17
1.32,-0.32,0.4693,9.217e-18
1.34,-0.32,0.4691,3.622e-18
1.36,-0.32,0.4688,1.423e-18
1.38,-0.32,0.4686,5.593e-19
1.4,-0.32,0.4683,2.198e-19
1.42,-0.32,0.4681,8.636e-20
1.44,-0.32,0.4679,3.393e-20
1.46,-0.32,0.4676,1.333e-20
1.48,-0.32,0.4674,5.24e-21
1.5,-0.32,0.4671,2.059e-21
1.52,-0.32,0.4669,8.091e-22
1.54,-0.32,0.4666,3.179e-22
1.56,-0.32,0.4664,1.249e-22
1.58,-0.32,0.4661,4.909e-23
1.6,-0.32,0.4659,1.929e-23
-1.6,-0.3,0.5054,7.368e-20
-1.58,-0.3,0.5052,1.698e-19
-1.56,-0.3,0.5049,3.913e-19
-1.54,-0.3,0.5047,9.018e-19
-1.52,-0.3,0.5044,2.078e-18
-1.5,-0.3,0.5042,4.789e-18
-1.48,-0.3,0.5039,1.104e-17
-1.46,-0.3,0.5037,2.544e-17
-1.44,-0.3,0.5034,5.862e-17
-1.42,-0.3,0.5032,1.351e-16
-1.4,-0.3,0.5029,3.113e-16
-1.38,-0.3,0.5027,7.175e-16
-1.36,-0.3,0.5024,1.654e-15
-1.34,-0.3,0.5022,3.811e-15
-1.32,-0.3,0.502,8.782e-15
-1.3,-0.3,0.5017,2.024e-14
-1.28,-0.3,0.5015,4.664e-14
-1.26,-0.3,0.5012,1.075e-13
-1.24,-0.3,0.501,2.477e-13
-1.22,-0.3,0.5007,5.709e-13
-1.2,-0.3,0.5005,1.303e-12
-1.18,-0.3,0.5002,2.909e-12
-1.16,-0.3,0.5,6.495e-12
-1.14,-0.3,0.4997,1.45e-11
-1.12,-0.3,0.4995,3.333e-11
-1.1,-0.3,0.4992,7.757e-11
-1.08,-0.3,0.499,1.805e-10
-1.06,-0.3,0.4987,4.191e-10
-1.04,-0.3,0.4985,9.55e-10
-1.02,-0.3,0.4982,2.181e-09
-1,-0.3,0.498,5.201e-09
-0.98,-0.3,0.4977,1.264e-08
-0.96,-0.3,0.4975,3.283e-08
-0.94,-0.3,0.4972,8.776e-08
-0.92,-0.3,0.497,2.346e-07
-0.9,-0.3,0.4967,6.271e-07
-0.88,-0.3,0.4965,1.715e-06
-0.86,-0.3,0.4963,5.159e-06
-0.84,-0.3,0.496,1.654e-05
-0.82,-0.3,0.4958,5.463e-05
-0.8,-0.3,0.4955,0.0001853
-0.78,-0.3,0.4953,0.000595
-0.76,-0.3,0.495,0.001834
-0.74,-0.3,0.4948,0.005412
-0.72,-0.3,0.4945,0.01586
-0.7,-0.3,0.4943,0.04558
-0.68,-0.3,0.494,0.1239
-0.66,-0.3,0.4938,0.2953
-0.64,-0.3,0.4935,0.5539
-0.62,-0.3,0.4933,0.7862
-0.6,-0.3,0.493,0.9159
-0.58,-0.3,0.4928,0.97
-0.56,-0.3,0.4925,0.9897
-0.54,-0.3,0.4923,0.9965
-0.52,-0.3,0.492,0.9988
-0.5,-0.3,0.4918,0.9996
-0.48,-0.3,0.4915,0.9999
-0.46,-0.3,0.4913,1
-0.44,-0.3,0.491,1
-0.42,-0.3,0.4908,1
-0.4,-0.3,0.4906,1
-0.38,-0.3,0.4903,1
-0.36,-0.3,0.4901,1
-0.34,-0.3,0.4898,1
-0.32,-0.3,0.4896,1
-0.3,-0.3,0.4893,1
-0.28,-0.3,0.4891,1
-0.26,-0.3,0.4888,1
-0.24,-0.3,0.4886,1
-0.22,-0.3,0.4883,1
-0.2,-0.3,0.4881,1
-0.18,-0.3,0.4878,1
-0.16,-0.3,0.4876,1
-0.14,-0.3,0.4873,1
-0.12,-0.3,0.4871,1
-0.1,-0.3,0.4868,1
-0.08,-0.3,0.4866,1
-0.06,-0.3,0.4863,1
-0.04,-0.3,0.4861,1
-0.02,-0.3,0.4858,1
0,-0.3,0.4856,1
0.02,-0.3,0.4853,1
0.04,-0.3,0.4851,1
0.06,-0.3,0.4849,1
0.08,-0.3,0.4846,1
0.1,-0.3,0.4844,1
0.12,-0.3,0.4841,1
0.14,-0.3,0.4839,1
0.16,-0.3,0.4836,1
0.18,-0.3,0.4834,1
0.2,-0.3,0.4831,1
0.22,-0.3,0.4829,1
0.24,-0.3,0.4826,1
0.26,-0.3,0.4824,1
0.28,-0.3,0.4821,1
0.3,-0.3,0.4819,1
0.32,-0.3,0.4816,1
0.34,-0.3,0.4814,1
0.36,-0.3,0.4811,1
0.38,-0.3,0.4809,1
0.4,-0.3,0.4806,1
0.42,-0.3,0.4804,1
0.44,-0.3,0.4802,1
0.46,-0.3,0.4799,0.9999
0.48,-0.3,0.4797,0.9996
0.5,-0.3,0.4794,0.9989
0.52,-0.3,0.4792,0.9966
0.54,-0.3,0.4789,0.9892
0.56,-0.3,0.4787,0.9629
0.58,-0.3,0.4784,0.8804
0.6,-0.3,0.4782,0.6756
0.62,-0.3,0.4779,0.3493
0.64,-0.3,0.4777,0.1216
0.66,-0.3,0.4774,0.03444
0.68,-0.3,0.4772,0.00911
0.7,-0.3,0.4769,0.002364
0.72,-0.3,0.4767,0.0005901
0.74,-0.3,0.4764,0.0001388
0.76,-0.3,0.4762,3.265e-05
0.78,-0.3,0.4759,7.676e-06
0.8,-0.3,0.4757,1.805e-06
0.82,-0.3,0.4755,4.281e-07
0.84,-0.3,0.4752,1.122e-07
0.86,-0.3,0.475,3.158e-08
0.88,-0.3,0.4747,9.671e-09
0.9,-0.3,0.4745,3.273e-09
0.92,-0.3,0.4742,1.282e-09
0.94,-0.3,0.474,4.869e-10
0.96,-0.3,0.4737,1.849e-10
0.98,-0.3,0.4735,7.019e-11
1,-0.3,0.4732,2.665e-11
1.02,-0.3,0.473,1.029e-11
1.04,-0.3,0.4727,4.099e-12
1.06,-0.3,0.4725,1.633e-12
1.08,-0.3,0.4722,6.505e-13
1.1,-0.3,0.472,2.592e-13
1.12,-0.3,0.4717,1.033e-13
1.14,-0.3,0.4715,4.114e-14
1.16,-0.3,0.4713,1.639e-14
1.18,-0.3,0.471,6.53e-15
1.2,-0.3,0.4708,2.602e-15
1.22,-0.3,0.4705,1.031e-15
1.24,-0.3,0.4703,4.05e-16
1.26,-0.3,0.47,1.591e-16
1.28,-0.3,0.4698,6.253e-17
1.3,-0.3,0.4695,2.457e-17
1.32,-0.3,0.4693,9.656e-18
1.34,-0.3,0.469,3.794e-18
1.36,-0.3,0.4688,1.491e-18
1.38,-0.3,0.4685,5.859e-19
1.4,-0.3,0.4683,2.302e-19
1.42,-0.3,0.468,9.047e-20
1.44,-0.3,0.4678,3.555e-20
1.46,-0.3,0.4675,1.397e-20
1.48,-0.3,0.4673,5.489e-21
1.5,-0.3,0.4671,2.157e-21
1.52,-0.3,0.4668,8.476e-22
1.54,-0.3,0.4666,3.331e-22
1.56,-0.3,0.4663,1.309e-22
1.58,-0.3,0.4661,5.143e-23
1.6,-0.3,0.4658,2.021e-23
-1.6,-0.28,0.5054,9.161e-20
-1.58,-0.28,0.5051,2.111e-19
-1.56,-0.28,0.5049,4.866e-19
-1.54,-0.28,0.5046,1.121e-18
-1.52,-0.28,0.5044,2.584e-18
-1.5,-0.28,0.5041,5.955e-18
-1.48,-0.28,0.5039,1.372e-17
-1.46,-0.28,0.5036,3.163e-17
-1.44,-0.28,0.5034,7.289e-17
-1.42,-0.28,0.5031,1.68e-16
-1.4,-0.28,0.5029,3.871e-16
-1.38,-0.28,0.5026,8.922e-16
-1.36,-0.28,0.5024,2.056e-15
-1.34,-0.28,0.5021,4.738e-15
-1.32,-0.28,0.5019,1.092e-14
-1.3,-0.28,0.5016,2.517e-14
-1.28,-0.28,0.5014,5.799e-14
-1.26,-0.28,0.5011,1.337e-13
-1.24,-0.28,0.5009,3.08e-13
-1.22,-0.28,0.5007,7.098e-13
-1.2,-0.28,0.5004,1.636e-12
-1.18,-0.28,0.5002,3.77e-12
-1.16,-0.28,0.4999,8.472e-12
-1.14,-0.28,0.4997,1.892e-11
-1.12,-0.28,0.4994,4.399e-11
-1.1,-0.28,0.4992,1.024e-10
-1.08,-0.28,0.4989,2.383e-10
-1.06,-0.28,0.4987,5.546e-10
-1.04,-0.28,0.4984,1.291e-09
-1.02,-0.28,0.4982,3.079e-09
-1,-0.28,0.4979,7.401e-09
-0.98,-0.28,0.4977,1.844e-08
-0.96,-0.28,0.4974,4.93e-08
-0.94,-0.28,0.4972,1.318e-07
-0.92,-0.28,0.4969,3.523e-07
-0.9,-0.28,0.4967,9.51e-07
-0.88,-0.28,0.4964,2.724e-06
-0.86,-0.28,0.4962,8.402e-06
-0.84,-0.28,0.4959,2.751e-05
-0.82,-0.28,0.4957,0.0001006
-0.8,-0.28,0.4954,0.0003635
-0.78,-0.28,0.4952,0.001243
-0.76,-0.28,0.495,0.003982
-0.74,-0.28,0.4947,0.01215
-0.72,-0.28,0.4945,0.03515
-0.7,-0.28,0.4942,0.0974
-0.68,-0.28,0.494,0.2422
-0.66,-0.28,0.4937,0.4864
-0.64,-0.28,0.4935,0.7372
-0.62,-0.28,0.4932,0.8926
-0.6,-0.28,0.493,0.961
-0.58,-0.28,0.4927,0.9865
-0.56,-0.28,0.4925,0.9954
-0.54,-0.28,0.4922,0.9984
-0.52,-0.28,0.492,0.9995
-0.5,-0.28,0.4917,0.9998
-0.48,-0.28,0.4915,0.9999
-0.46,-0.28,0.4912,1
-0.44,-0.28,0.491,1
-0.42,-0.28,0.4907,1
-0.4,-0.28,0.4905,1
-0.38,-0.28,0.4902,1
-0.36,-0.28,0.49,1
-0.34,-0.28,0.4897,1
-0.32,-0.28,0.4895,1
-0.3,-0.28,0.4893,1
-0.28,-0.28,0.489,1
-0.26,-0.28,0.4888,1
-0.24,-0.28,0.4885,1
-0.22,-0.28,0.4883,1
-0.2,-0.28,0.488,1
-0.18,-0.28,0.4878,1
-0.16,-0.28,0.4875,1
-0.14,-0.28,0.4873,1
-0.12,-0.28,0.487,1
-0.1,-0.28,0.4868,1
-0.08,-0.28,0.4865,1
-0.06,-0.28,0.4863,1
-0.04,-0.28,0.486,1
-0.02,-0.28,0.4858,1
0,-0.28,0.4855,1
0.02,-0.28,0.4853,1
0.04,-0.28,0.485,1
0.06,-0.28,0.4848,1
0.08,-0.28,0.4845,1
0.1,-0.28,0.4843,1
0.12,-0.28,0.4841,1
0.14,-0.28,0.4838,1
0.16,-0.28,0.4836,1
0.18,-0.28,0.4833,1
0.2,-0.28,0.4831,1
0.22,-0.28,0.4828,1
0.24,-0.28,0.4826,1
0.26,-0.28,0.4823,1
0.28,-0.28,0.4821,1
0.3,-0.28,0.4818,1
0.32,-0.28,0.4816,1
0.34,-0.28,0.4813,1
0.36,-0.28,0.4811,1
0.38,-0.28,0.4808,1
0.4,-0.28,0.4806,1
0.42,-0.28,0.4803,1
0.44,-0.28,0.4801,1
0.46,-0.28,0.4798,0.9999
0.48,-0.28,0.4796,0.9998
0.5,-0.28,0.4794,0.9994
0.52,-0.28,0.4791,0.998
0.54,-0.28,0.4789,0.9932
0.56,-0.28,0.4786,0.9764
0.58,-0.28,0.4784,0.9215
0.6,-0.28,0.4781,0.7521
0.62,-0.28,0.4779,0.4388
0.64,-0.28,0.4776,0.1677
0.66,-0.28,0.4774,0.04939
0.68,-0.28,0.4771,0.01321
0.7,-0.28,0.4769,0.003302
0.72,-0.28,0.4766,0.0007784
0.74,-0.28,0.4764,0.0001831
0.76,-0.28,0.4761,4.307e-05
0.78,-0.28,0.4759,1.013e-05
0.8,-0.28,0.4756,2.381e-06
0.82,-0.28,0.4754,5.603e-07
0.84,-0.28,0.4751,1.427e-07
0.86,-0.28,0.4749,3.968e-08
0.88,-0.28,0.4747,1.19e-08
0.9,-0.28,0.4744,3.8e-09
0.92,-0.28,0.4742,1.402e-09
0.94,-0.28,0.4739,5.323e-10
0.96,-0.28,0.4737,2.021e-10
0.98,-0.28,0.4734,7.673e-11
1,-0.28,0.4732,2.913e-11
1.02,-0.28,0.4729,1.121e-11
1.04,-0.28,0.4727,4.467e-12
1.06,-0.28,0.4724,1.78e-12
1.08,-0.28,0.4722,7.09e-13
1.1,-0.28,0.4719,2.825e-13
1.12,-0.28,0.4717,1.125e-13
1.14,-0.28,0.4714,4.484e-14
1.16,-0.28,0.4712,1.779e-14
1.18,-0.28,0.4709,6.992e-15
1.2,-0.28,0.4707,2.748e-15
1.22,-0.28,0.4705,1.08e-15
1.24,-0.28,0.4702,4.243e-16
1.26,-0.28,0.47,1.667e-16
1.28,-0.28,0.4697,6.551e-17
1.3,-0.28,0.4695,2.574e-17
1.32,-0.28,0.4692,1.012e-17
1.34,-0.28,0.469,3.975e-18
1.36,-0.28,0.4687,1.562e-18
1.38,-0.28,0.4685,6.138e-19
1.4,-0.28,0.4682,2.412e-19
1.42,-0.28,0.468,9.478e-20
1.44,-0.28,0.4677,3.724e-20
1.46,-0.28,0.4675,1.464e-20
1.48,-0.28,0.4672,5.751e-21
1.5,-0.28,0.467,2.26e-21
1.52,-0.28,0.4667,8.88e-22
1.54,-0.28,0.4665,3.489e-22
1.56,-0.28,0.4663,1.371e-22
1.58,-0.28,0.466,5.388e-23
1.6,-0.28,0.4658,2.117e-23
-1.6,-0.26,0.5053,1.139e-19
-1.58,-0.26,0.5051,2.625e-19
-1.56,-0.26,0.5048,6.05e-19
-1.54,-0.26,0.5046,1.394e-18
-1.52,-0.26,0.5043,3.213e-18
-1.5,-0.26,0.5041,7.405e-18
-1.48,-0.26,0.5038,1.707e-17
-1.46,-0.26,0.5036,3.933e-17
-1.44,-0.26,0.5033,9.063e-17
-1.42,-0.26,0.5031,2.089e-16
-1.4,-0.26,0.5028,4.814e-16
-1.38,-0.26,0.5026,1.109e-15
-1.36,-0.26,0.5023,2.557e-15
-1.34,-0.26,0.5021,5.892e-15
-1.32,-0.26,0.5018,1.358e-14
-1.3,-0.26,0.5016,3.129e-14
-1.28,-0.26,0.5013,7.211e-14
-1.26,-0.26,0.5011,1.662e-13
-1.24,-0.26,0.5008,3.83e-13
-1.22,-0.26,0.5006,8.826e-13
-1.2,-0.26,0.5003,2.034e-12
-1.18,-0.26,0.5001,4.688e-12
-1.16,-0.26,0.4999,1.08e-11
-1.14,-0.26,0.4996,2.495e-11
-1.12,-0.26,0.4994,5.806e-11
-1.1,-0.26,0.4991,1.351e-10
-1.08,-0.26,0.4989,3.145e-10
-1.06,-0.26,0.4986,7.32e-10
-1.04,-0.26,0.4984,1.704e-09
-1.02,-0.26,0.4981,4.149e-09
-1,-0.26,0.4979,1.016e-08
-0.98,-0.26,0.4976,2.711e-08
-0.96,-0.26,0.4974,7.403e-08
-0.94,-0.26,0.4971,1.979e-07
-0.92,-0.26,0.4969,5.29e-07
-0.9,-0.26,0.4966,1.471e-06
-0.88,-0.26,0.4964,4.394e-06
-0.86,-0.26,0.4961,1.38e-05
-0.84,-0.26,0.4959,4.668e-05
-0.82,-0.26,0.4956,0.0001757
-0.8,-0.26,0.4954,0.0006687
-0.78,-0.26,0.4951,0.002424
-0.76,-0.26,0.4949,0.008286
-0.74,-0.26,0.4946,0.02614
-0.72,-0.26,0.4944,0.07605
-0.7,-0.26,0.4942,0.196
-0.68,-0.26,0.4939,0.4194
-0.66,-0.26,0.4937,0.6815
-0.64,-0.26,0.4934,0.8637
-0.62,-0.26,0.4932,0.9494
-0.6,-0.26,0.4929,0.9823
-0.58,-0.26,0.4927,0.994
-0.56,-0.26,0.4924,0.998
-0.54,-0.26,0.4922,0.9993
-0.52,-0.26,0.4919,0.9998
-0.5,-0.26,0.4917,0.9999
-0.48,-0.26,0.4914,1
-0.46,-0.26,0.4912,1
-0.44,-0.26,0.4909,1
-0.42,-0.26,0.4907,1
-0.4,-0.26,0.4904,1
-0.38,-0.26,0.4902,1
-0.36,-0.26,0.4899,1
-0.34,-0.26,0.4897,1
-0.32,-0.26,0.4894,1
-0.3,-0.26,0.4892,1
-0.28,-0.26,0.4889,1
-0.26,-0.26,0.4887,1
-0.24,-0.26,0.4885,1
-0.22,-0.26,0.4882,1
-0.2,-0.26,0.488,1
-0.18,-0.26,0.4877,1
-0.16,-0.26,0.4875,1
-0.14,-0.26,0.4872,1
-0.12,-0.26,0.487,1
-0.1,-0.26,0.4867,1
-0.08,-0.26,0.4865,1
-0.06,-0.26,0.4862,1
-0.04,-0.26,0.486,1
-0.02,-0.26,0.4857,1
0,-0.26,0.4855,1
0.02,-0.26,0.4852,1
0.04,-0.26,0.485,1
0.06,-0.26,0.4847,1
0.08,-0.26,0.4845,1
0.1,-0.26,0.4842,1
0.12,-0.26,0.484,1
0.14,-0.26,0.4837,1
0.16,-0.26,0.4835,1
0.18,-0.26,0.4833,1
0.2,-0.26,0.483,1
0.22,-0.26,0.4828,1
0.24,-0.26,0.4825,1
0.26,-0.26,0.4823,1
0.28,-0.26,0.482,1
0.3,-0.26,0.4818,1
0.32,-0.26,0.4815,1
0.34,-0.26,0.4813,1
0.36,-0.26,0.481,1
0.38,-0.26,0.4808,1
0.4,-0.26,0.4805,1
0.42,-0.26,0.4803,1
0.44,-0.26,0.48,1
0.46,-0.26,0.4798,1
0.48,-0.26,0.4795,0.9999
0.5,-0.26,0.4793,0.9996
0.52,-0.26,0.479,0.9988
0.54,-0.26,0.4788,0.9957
0.56,-0.26,0.4786,0.9851
0.58,-0.26,0.4783,0.9449
0.6,-0.26,0.4781,0.8154
0.62,-0.26,0.4778,0.5325
0.64,-0.26,0.4776,0.2269
0.66,-0.26,0.4773,0.07034
0.68,-0.26,0.4771,0.01825
0.7,-0.26,0.4768,0.004352
0.72,-0.26,0.4766,0.001027
0.74,-0.26,0.4763,0.0002416
0.76,-0.26,0.4761,5.682e-05
0.78,-0.26,0.4758,1.336e-05
0.8,-0.26,0.4756,3.142e-06
0.82,-0.26,0.4753,7.387e-07
0.84,-0.26,0.4751,1.836e-07
0.86,-0.26,0.4748,4.866e-08
0.88,-0.26,0.4746,1.372e-08
0.9,-0.26,0.4743,4.218e-09
0.92,-0.26,0.4741,1.532e-09
0.94,-0.26,0.4739,5.819e-10
0.96,-0.26,0.4736,2.209e-10
0.98,-0.26,0.4734,8.388e-11
1,-0.26,0.4731,3.185e-11
1.02,-0.26,0.4729,1.222e-11
1.04,-0.26,0.4726,4.869e-12
1.06,-0.26,0.4724,1.94e-12
1.08,-0.26,0.4721,7.728e-13
1.1,-0.26,0.4719,3.072e-13
1.12,-0.26,0.4716,1.207e-13
1.14,-0.26,0.4714,4.744e-14
1.16,-0.26,0.4711,1.864e-14
1.18,-0.26,0.4709,7.326e-15
1.2,-0.26,0.4706,2.879e-15
1.22,-0.26,0.4704,1.131e-15
1.24,-0.26,0.4701,4.445e-16
1.26,-0.26,0.4699,1.747e-16
1.28,-0.26,0.4697,6.863e-17
1.3,-0.26,0.4694,2.697e-17
1.32,-0.26,0.4692,1.06e-17
1.34,-0.26,0.4689,4.164e-18
1.36,-0.26,0.4687,1.636e-18
1.38,-0.26,0.4684,6.43e-19
1.4,-0.26,0.4682,2.527e-19
1.42,-0.26,0.4679,9.929e-20
1.44,-0.26,0.4677,3.902e-20
1.46,-0.26,0.4674,1.533e-20
1.48,-0.26,0.4672,6.025e-21
1.5,-0.26,0.4669,2.367e-21
1.52,-0.26,0.4667,9.303e-22
1.54,-0.26,0.4664,3.656e-22
1.56,-0.26,0.4662,1.437e-22
1.58,-0.26,0.466,5.645e-23
1.6,-0.26,0.4657,2.218e-23
-1.6,-0.24,0.5052,1.416e-19
-1.58,-0.24,0.505,3.264e-19
-1.56,-0.24,0.5048,7.523e-19
-1.54,-0.24,0.5045,1.734e-18
-1.52,-0.24,0.5043,3.995e-18
-1.5,-0.24,0.504,9.207e-18
-1.48,-0.24,0.5038,2.122e-17
-1.46,-0.24,0.5035,4.89e-17
-1.44,-0.24,0.5033,1.127e-16
-1.42,-0.24,0.503,2.597e-16
-1.4,-0.24,0.5028,5.985e-16
-1.38,-0.24,0.5025,1.379e-15
-1.36,-0.24,0.5023,3.179e-15
-1.34,-0.24,0.502,7.326e-15
-1.32,-0.24,0.5018,1.688e-14
-1.3,-0.24,0.5015,3.891e-14
-1.28,-0.24,0.5013,8.967e-14
-1.26,-0.24,0.501,2.066e-13
-1.24,-0.24,0.5008,4.762e-13
-1.22,-0.24,0.5005,1.097e-12
-1.2,-0.24,0.5003,2.529e-12
-1.18,-0.24,0.5,5.829e-12
-1.16,-0.24,0.4998,1.343e-11
-1.14,-0.24,0.4995,3.16e-11
-1.12,-0.24,0.4993,7.603e-11
-1.1,-0.24,0.499,1.783e-10
-1.08,-0.24,0.4988,4.151e-10
-1.06,-0.24,0.4986,9.661e-10
-1.04,-0.24,0.4983,2.294e-09
-1.02,-0.24,0.4981,5.59e-09
-1,-0.24,0.4978,1.398e-08
-0.98,-0.24,0.4976,3.829e-08
-0.96,-0.24,0.4973,1.049e-07
-0.94,-0.24,0.4971,2.873e-07
-0.92,-0.24,0.4968,8.074e-07
-0.9,-0.24,0.4966,2.327e-06
-0.88,-0.24,0.4963,7.088e-06
-0.86,-0.24,0.4961,2.265e-05
-0.84,-0.24,0.4958,8.058e-05
-0.82,-0.24,0.4956,0.0003068
-0.8,-0.24,0.4953,0.001167
-0.78,-0.24,0.4951,0.004429
-0.76,-0.24,0.4948,0.01597
-0.74,-0.24,0.4946,0.05312
-0.72,-0.24,0.4943,0.1527
-0.7,-0.24,0.4941,0.3533
-0.68,-0.24,0.4938,0.6145
-0.66,-0.24,0.4936,0.823
-0.64,-0.24,0.4933,0.9314
-0.62,-0.24,0.4931,0.9754
-0.6,-0.24,0.4929,0.9914
-0.58,-0.24,0.4926,0.997
-0.56,-0.24,0.4924,0.999
-0.54,-0.24,0.4921,0.9997
-0.52,-0.24,0.4919,0.9999
-0.5,-0.24,0.4916,1
-0.48,-0.24,0.4914,1
-0.46,-0.24,0.4911,1
-0.44,-0.24,0.4909,1
-0.42,-0.24,0.4906,1
-0.4,-0.24,0.4904,1
-0.38,-0.24,0.4901,1
-0.36,-0.24,0.4899,1
-0.34,-0.24,0.4896,1
-0.32,-0.24,0.4894,1
-0.3,-0.24,0.4891,1
-0.28,-0.24,0.4889,1
-0.26,-0.24,0.4886,1
-0.24,-0.24,0.4884,1
-0.22,-0.24,0.4881,1
-0.2,-0.24,0.4879,1
-0.18,-0.24,0.4877,1
-0.16,-0.24,0.4874,1
-0.14,-0.24,0.4872,1
-0.12,-0.24,0.4869,1
-0.1,-0.24,0.4867,1
-0.08,-0.24,0.4864,1
-0.06,-0.24,0.4862,1
-0.04,-0.24,0.4859,1
-0.02,-0.24,0.4857,1
0,-0.24,0.4854,1
0.02,-0.24,0.4852,1
0.04,-0.24,0.4849,1
0.06,-0.24,0.4847,1
0.08,-0.24,0.4844,1
0.1,-0.24,0.4842,1
0.12,-0.24,0.4839,1
0.14,-0.24,0.4837,1
0.16,-0.24,0.4834,1
0.18,-0.24,0.4832,1
0.2,-0.24,0.4829,1
0.22,-0.24,0.4827,1
0.24,-0.24,0.4825,1
0.26,-0.24,0.4822,1
0.28,-0.24,0.482,1
0.3,-0.24,0.4817,1
0.32,-0.24,0.4815,1
0.34,-0.24,0.4812,1
0.36,-0.24,0.481,1
0.38,-0.24,0.4807,1
0.4,-0.24,0.4805,1
0.42,-0.24,0.4802,1
0.44,-0.24,0.48,1
0.46,-0.24,0.4797,1
0.48,-0.24,0.4795,0.9999
0.5,-0.24,0.4792,0.9998
0.52,-0.24,0.479,0.9992
0.54,-0.24,0.4787,0.9973
0.56,-0.24,0.4785,0.9898
0.58,-0.24,0.4782,0.9615
0.6,-0.24,0.478,0.8655
0.62,-0.24,0.4778,0.6239
0.64,-0.24,0.4775,0.2995
0.66,-0.24,0.4773,0.09445
0.68,-0.24,0.477,0.02394
0.7,-0.24,0.4768,0.005734
0.72,-0.24,0.4765,0.001354
0.74,-0.24,0.4763,0.0003187
0.76,-0.24,0.476,7.496e-05
0.78,-0.24,0.4758,1.763e-05
0.8,-0.24,0.4755,4.145e-06
0.82,-0.24,0.4753,9.668e-07
0.84,-0.24,0.475,2.22e-07
0.86,-0.24,0.4748,5.581e-08
0.88,-0.24,0.4745,1.559e-08
0.9,-0.24,0.4743,4.749e-09
0.92,-0.24,0.474,1.675e-09
0.94,-0.24,0.4738,6.36e-10
0.96,-0.24,0.4735,2.415e-10
0.98,-0.24,0.4733,9.169e-11
1,-0.24,0.4731,3.481e-11
1.02,-0.24,0.4728,1.332e-11
1.04,-0.24,0.4726,5.305e-12
1.06,-0.24,0.4723,2.085e-12
1.08,-0.24,0.4721,8.191e-13
1.1,-0.24,0.4718,3.219e-13
1.12,-0.24,0.4716,1.265e-13
1.14,-0.24,0.4713,4.97e-14
1.16,-0.24,0.4711,1.953e-14
1.18,-0.24,0.4708,7.674e-15
1.2,-0.24,0.4706,3.016e-15
1.22,-0.24,0.4703,1.185e-15
1.24,-0.24,0.4701,4.657e-16
1.26,-0.24,0.4698,1.83e-16
1.28,-0.24,0.4696,7.19e-17
1.3,-0.24,0.4693,2.825e-17
1.32,-0.24,0.4691,1.11e-17
1.34,-0.24,0.4689,4.363e-18
1.36,-0.24,0.4686,1.714e-18
1.38,-0.24,0.4684,6.737e-19
1.4,-0.24,0.4681,2.647e-19
1.42,-0.24,0.4679,1.04e-19
1.44,-0.24,0.4676,4.088e-20
1.46,-0.24,0.4674,1.606e-20
1.48,-0.24,0.4671,6.312e-21
1.5,-0.24,0.4669,2.48e-21
1.52,-0.24,0.4666,9.746e-22
1.54,-0.24,0.4664,3.83e-22
1.56,-0.24,0.4661,1.505e-22
1.58,-0.24,0.4659,5.914e-23
1.6,-0.24,0.4656,2.324e-23
-1.6,-0.22,0.5052,1.761e-19
-1.58,-0.22,0.5049,4.059e-19
-1.56,-0.22,0.5047,9.354e-19
-1.54,-0.22,0.5044,2.156e-18
-1.52,-0.22,0.5042,4.968e-18
-1.5,-0.22,0.5039,1.145e-17
-1.48,-0.22,0.5037,2.638e-17
-1.46,-0.22,0.5035,6.08e-17
-1.44,-0.22,0.5032,1.401e-16
-1.42,-0.22,0.503,3.229e-16
-1.4,-0.22,0.5027,7.442e-16
-1.38,-0.22,0.5025,1.715e-15
-1.36,-0.22,0.5022,3.953e-15
-1.34,-0.22,0.502,9.109e-15
-1.32,-0.22,0.5017,2.099e-14
-1.3,-0.22,0.5015,4.838e-14
-1.28,-0.22,0.5012,1.115e-13
-1.26,-0.22,0.501,2.569e-13
-1.24,-0.22,0.5007,5.921e-13
-1.22,-0.22,0.5005,1.365e-12
-1.2,-0.22,0.5002,3.145e-12
-1.18,-0.22,0.5,7.248e-12
-1.16,-0.22,0.4997,1.67e-11
-1.14,-0.22,0.4995,3.965e-11
-1.12,-0.22,0.4992,9.541e-11
-1.1,-0.22,0.499,2.296e-10
-1.08,-0.22,0.4987,5.478e-10
-1.06,-0.22,0.4985,1.275e-09
-1.04,-0.22,0.4982,3.091e-09
-1.02,-0.22,0.498,7.531e-09
-1,-0.22,0.4978,1.974e-08
-0.98,-0.22,0.4975,5.407e-08
-0.96,-0.22,0.4973,1.481e-07
-0.94,-0.22,0.497,4.112e-07
-0.92,-0.22,0.4968,1.174e-06
-0.9,-0.22,0.4965,3.572e-06
-0.88,-0.22,0.4963,1.121e-05
-0.86,-0.22,0.496,3.717e-05
-0.84,-0.22,0.4958,0.0001359
-0.82,-0.22,0.4955,0.0005096
-0.8,-0.22,0.4953,0.001908
-0.78,-0.22,0.495,0.007119
-0.76,-0.22,0.4948,0.02618
-0.74,-0.22,0.4945,0.08847
-0.72,-0.22,0.4943,0.2493
-0.7,-0.22,0.494,0.5124
-0.68,-0.22,0.4938,0.7593
-0.66,-0.22,0.4935,0.902
-0.64,-0.22,0.4933,0.9641
-0.62,-0.22,0.493,0.9874
-0.6,-0.22,0.4928,0.9956
-0.58,-0.22,0.4925,0.9985
-0.56,-0.22,0.4923,0.9995
-0.54,-0.22,0.4921,0.9998
-0.52,-0.22,0.4918,0.9999
-0.5,-0.22,0.4916,1
-0.48,-0.22,0.4913,1
-0.46,-0.22,0.4911,1
-0.44,-0.22,0.4908,1
-0.42,-0.22,0.4906,1
-0.4,-0.22,0.4903,1
-0.38,-0.22,0.4901,1
-0.36,-0.22,0.4898,1
-0.34,-0.22,0.4896,1
-0.32,-0.22,0.4893,1
-0.3,-0.22,0.4891,1
-0.28,-0.22,0.4888,1
-0.26,-0.22,0.4886,1
-0.24,-0.22,0.4883,1
-0.22,-0.22,0.4881,1
-0.2,-0.22,0.4878,1
-0.18,-0.22,0.4876,1
-0.16,-0.22,0.4873,1
-0.14,-0.22,0.4871,1
-0.12,-0.22,0.4869,1
-0.1,-0.22,0.4866,1
-0.08,-0.22,0.4864,1
-0.06,-0.22,0.4861,1
-0.04,-0.22,0.4859,1
-0.02,-0.22,0.4856,1
0,-0.22,0.4854,1
0.02,-0.22,0.4851,1
0.04,-0.22,0.4849,1
0.06,-0.22,0.4846,1
0.08,-0.22,0.4844,1
0.1,-0.22,0.4841,1
0.12,-0.22,0.4839,1
0.14,-0.22,0.4836,1
0.16,-0.22,0.4834,1
0.18,-0.22,0.4831,1
0.2,-0.22,0.4829,1
0.22,-0.22,0.4826,1
0.24,-0.22,0.4824,1
0.26,-0.22,0.4821,1
0.28,-0.22,0.4819,1
0.3,-0.22,0.4817,1
0.32,-0.22,0.4814,1
0.34,-0.22,0.4812,1
0.36,-0.22,0.4809,1
0.38,-0.22,0.4807,1
0.4,-0.22,0.4804,1
0.42,-0.22,0.4802,1
0.44,-0.22,0.4799,1
0.46,-0.22,0.4797,1
0.48,-0.22,0.4794,1
0.5,-0.22,0.4792,0.9999
0.52,-0.22,0.4789,0.9995
0.54,-0.22,0.4787,0.9982
0.56,-0.22,0.4784,0.993
0.58,-0.22,0.4782,0.9732
0.6,-0.22,0.4779,0.9036
0.62,-0.22,0.4777,0.7072
0.64,-0.22,0.4774,0.3692
0.66,-0.22,0.4772,0.121
0.68,-0.22,0.477,0.03134
0.7,-0.22,0.4767,0.00755
0.72,-0.22,0.4765,0.001786
0.74,-0.22,0.4762,0.0004204
0.76,-0.22,0.476,9.889e-05
0.78,-0.22,0.4757,2.325e-05
0.8,-0.22,0.4755,5.184e-06
0.82,-0.22,0.4752,1.142e-06
0.84,-0.22,0.475,2.613e-07
0.86,-0.22,0.4747,6.438e-08
0.88,-0.22,0.4745,1.771e-08
0.9,-0.22,0.4742,5.346e-09
0.92,-0.22,0.474,1.831e-09
0.94,-0.22,0.4737,6.953e-10
0.96,-0.22,0.4735,2.64e-10
0.98,-0.22,0.4732,1.002e-10
1,-0.22,0.473,3.76e-11
1.02,-0.22,0.4727,1.414e-11
1.04,-0.22,0.4725,5.557e-12
1.06,-0.22,0.4723,2.184e-12
1.08,-0.22,0.472,8.581e-13
1.1,-0.22,0.4718,3.372e-13
1.12,-0.22,0.4715,1.325e-13
1.14,-0.22,0.4713,5.207e-14
1.16,-0.22,0.471,2.046e-14
1.18,-0.22,0.4708,8.04e-15
1.2,-0.22,0.4705,3.159e-15
1.22,-0.22,0.4703,1.241e-15
1.24,-0.22,0.47,4.878e-16
1.26,-0.22,0.4698,1.917e-16
1.28,-0.22,0.4695,7.533e-17
1.3,-0.22,0.4693,2.96e-17
1.32,-0.22,0.469,1.163e-17
1.34,-0.22,0.4688,4.571e-18
1.36,-0.22,0.4685,1.796e-18
1.38,-0.22,0.4683,7.058e-19
1.4,-0.22,0.4681,2.773e-19
1.42,-0.22,0.4678,1.09e-19
1.44,-0.22,0.4676,4.282e-20
1.46,-0.22,0.4673,1.683e-20
1.48,-0.22,0.4671,6.612e-21
1.5,-0.22,0.4668,2.598e-21
1.52,-0.22,0.4666,1.021e-21
1.54,-0.22,0.4663,4.012e-22
1.56,-0.22,0.4661,1.577e-22
1.58,-0.22,0.4658,6.195e-23
1.6,-0.22,0.4656,2.434e-23
-1.6,-0.2,0.5051,2.19e-19
-1.58,-0.2,0.5049,5.047e-19
-1.56,-0.2,0.5046,1.163e-18
-1.54,-0.2,0.5044,2.68e-18
-1.52,-0.2,0.5041,6.177e-18
-1.5,-0.2,0.5039,1.424e-17
-1.48,-0.2,0.5036,3.281e-17
-1.46,-0.2,0.5034,7.561e-17
-1.44,-0.2,0.5031,1.742e-16
-1.42,-0.2,0.5029,4.015e-16
-1.4,-0.2,0.5027,9.254e-16
-1.38,-0.2,0.5024,2.133e-15
-1.36,-0.2,0.5022,4.915e-15
-1.34,-0.2,0.5019,1.133e-14
-1.32,-0.2,0.5017,2.61e-14
-1.3,-0.2,0.5014,6.016e-14
-1.28,-0.2,0.5012,1.386e-13
-1.26,-0.2,0.5009,3.195e-13
-1.24,-0.2,0.5007,7.363e-13
-1.22,-0.2,0.5004,1.697e-12
-1.2,-0.2,0.5002,3.91e-12
-1.18,-0.2,0.4999,9.012e-12
-1.16,-0.2,0.4997,2.077e-11
-1.14,-0.2,0.4994,4.975e-11
-1.12,-0.2,0.4992,1.197e-10
-1.1,-0.2,0.4989,2.881e-10
-1.08,-0.2,0.4987,6.933e-10
-1.06,-0.2,0.4984,1.693e-09
-1.04,-0.2,0.4982,4.125e-09
-1.02,-0.2,0.4979,1e-08
-1,-0.2,0.4977,2.699e-08
-0.98,-0.2,0.4974,7.314e-08
-0.96,-0.2,0.4972,1.982e-07
-0.94,-0.2,0.497,5.576e-07
-0.92,-0.2,0.4967,1.602e-06
-0.9,-0.2,0.4965,4.881e-06
-0.88,-0.2,0.4962,1.532e-05
-0.86,-0.2,0.496,5.237e-05
-0.84,-0.2,0.4957,0.0002007
-0.82,-0.2,0.4955,0.0007716
-0.8,-0.2,0.4952,0.002915
-0.78,-0.2,0.495,0.01084
-0.76,-0.2,0.4947,0.03949
-0.74,-0.2,0.4945,0.1336
-0.72,-0.2,0.4942,0.3586
-0.7,-0.2,0.494,0.6579
-0.68,-0.2,0.4937,0.8589
-0.66,-0.2,0.4935,0.9479
-0.64,-0.2,0.4932,0.9814
-0.62,-0.2,0.493,0.9934
-0.6,-0.2,0.4927,0.9977
-0.58,-0.2,0.4925,0.9992
-0.56,-0.2,0.4922,0.9997
-0.54,-0.2,0.492,0.9999
-0.52,-0.2,0.4917,1
-0.5,-0.2,0.4915,1
-0.48,-0.2,0.4913,1
-0.46,-0.2,0.491,1
-0.44,-0.2,0.4908,1
-0.42,-0.2,0.4905,1
-0.4,-0.2,0.4903,1
-0.38,-0.2,0.49,1
-0.36,-0.2,0.4898,1
-0.34,-0.2,0.4895,1
-0.32,-0.2,0.4893,1
-0.3,-0.2,0.489,1
-0.28,-0.2,0.4888,1
-0.26,-0.2,0.4885,1
-0.24,-0.2,0.4883,1
-0.22,-0.2,0.488,1
-0.2,-0.2,0.4878,1
-0.18,-0.2,0.4875,1
-0.16,-0.2,0.4873,1
-0.14,-0.2,0.487,1
-0.12,-0.2,0.4868,1
-0.1,-0.2,0.4865,1
-0.08,-0.2,0.4863,1
-0.06,-0.2,0.486,1
-0.04,-0.2,0.4858,1
-0.02,-0.2,0.4856,1
0,-0.2,0.4853,1
0.02,-0.2,0.4851,1
0.04,-0.2,0.4848,1
0.06,-0.2,0.4846,1
0.08,-0.2,0.4843,1
0.1,-0.2,0.4841,1
0.12,-0.2,0.4838,1
0.14,-0.2,0.4836,1
0.16,-0.2,0.4833,1
0.18,-0.2,0.4831,1
0.2,-0.2,0.4828,1
0.22,-0.2,0.4826,1
0.24,-0.2,0.4823,1
0.26,-0.2,0.4821,1
0.28,-0.2,0.4818,1
0.3,-0.2,0.4816,1
0.32,-0.2,0.4813,1
0.34,-0.2,0.4811,1
0.36,-0.2,0.4809,1
0.38,-0.2,0.4806,1
0.4,-0.2,0.4804,1
0.42,-0.2,0.4801,1
0.44,-0.2,0.4799,1
0.46,-0.2,0.4796,1
0.48,-0.2,0.4794,1
0.5,-0.2,0.4791,0.9999
0.52,-0.2,0.4789,0.9997
0.54,-0.2,0.4786,0.9987
0.56,-0.2,0.4784,0.9952
0.58,-0.2,0.4781,0.9815
0.6,-0.2,0.4779,0.9317
0.62,-0.2,0.4776,0.7666
0.64,-0.2,0.4774,0.4357
0.66,-0.2,0.4771,0.1536
0.68,-0.2,0.4769,0.04094
0.7,-0.2,0.4766,0.009937
0.72,-0.2,0.4764,0.002354
0.74,-0.2,0.4762,0.0005546
0.76,-0.2,0.4759,0.0001262
0.78,-0.2,0.4757,2.78e-05
0.8,-0.2,0.4754,6.124e-06
0.82,-0.2,0.4752,1.349e-06
0.84,-0.2,0.4749,3.075e-07
0.86,-0.2,0.4747,7.427e-08
0.88,-0.2,0.4744,2.013e-08
0.9,-0.2,0.4742,6.019e-09
0.92,-0.2,0.4739,2.014e-09
0.94,-0.2,0.4737,7.522e-10
0.96,-0.2,0.4734,2.818e-10
0.98,-0.2,0.4732,1.055e-10
1,-0.2,0.4729,3.953e-11
1.02,-0.2,0.4727,1.482e-11
1.04,-0.2,0.4724,5.822e-12
1.06,-0.2,0.4722,2.288e-12
1.08,-0.2,0.4719,8.99e-13
1.1,-0.2,0.4717,3.533e-13
1.12,-0.2,0.4715,1.388e-13
1.14,-0.2,0.4712,5.455e-14
1.16,-0.2,0.471,2.144e-14
1.18,-0.2,0.4707,8.423e-15
1.2,-0.2,0.4705,3.31e-15
1.22,-0.2,0.4702,1.301e-15
1.24,-0.2,0.47,5.111e-16
1.26,-0.2,0.4697,2.008e-16
1.28,-0.2,0.4695,7.892e-17
1.3,-0.2,0.4692,3.101e-17
1.32,-0.2,0.469,1.219e-17
1.34,-0.2,0.4687,4.788e-18
1.36,-0.2,0.4685,1.882e-18
1.38,-0.2,0.4682,7.394e-19
1.4,-0.2,0.468,2.905e-19
1.42,-0.2,0.4678,1.142e-19
1.44,-0.2,0.4675,4.486e-20
1.46,-0.2,0.4673,1.763e-20
1.48,-0.2,0.467,6.927e-21
1.5,-0.2,0.4668,2.722e-21
1.52,-0.2,0.4665,1.07e-21
1.54,-0.2,0.4663,4.203e-22
1.56,-0.2,0.466,1.652e-22
1.58,-0.2,0.4658,6.49e-23
1.6,-0.2,0.4655,2.55e-23
-1.6,-0.18,0.5051,2.723e-19
-1.58,-0.18,0.5048,6.275e-19
-1.56,-0.18,0.5046,1.446e-18
-1.54,-0.18,0.5043,3.333e-18
-1.52,-0.18,0.5041,7.681e-18
-1.5,-0.18,0.5038,1.77e-17
-1.48,-0.18,0.5036,4.079e-17
-1.46,-0.18,0.5033,9.401e-17
-1.44,-0.18,0.5031,2.167e-16
-1.42,-0.18,0.5028,4.993e-16
-1.4,-0.18,0.5026,1.151e-15
-1.38,-0.18,0.5023,2.652e-15
-1.36,-0.18,0.5021,6.111e-15
-1.34,-0.18,0.5018,1.408e-14
-1.32,-0.18,0.5016,3.246e-14
-1.3,-0.18,0.5014,7.48e-14
-1.28,-0.18,0.5011,1.724e-13
-1.26,-0.18,0.5009,3.973e-13
-1.24,-0.18,0.5006,9.155e-13
-1.22,-0.18,0.5004,2.098e-12
-1.2,-0.18,0.5001,4.796e-12
-1.18,-0.18,0.4999,1.096e-11
-1.16,-0.18,0.4996,2.51e-11
-1.14,-0.18,0.4994,5.986e-11
-1.12,-0.18,0.4991,1.427e-10
-1.1,-0.18,0.4989,3.404e-10
-1.08,-0.18,0.4986,8.117e-10
-1.06,-0.18,0.4984,1.982e-09
-1.04,-0.18,0.4981,4.957e-09
-1.02,-0.18,0.4979,1.279e-08
-1,-0.18,0.4976,3.466e-08
-0.98,-0.18,0.4974,9.391e-08
-0.96,-0.18,0.4971,2.597e-07
-0.94,-0.18,0.4969,7.323e-07
-0.92,-0.18,0.4966,2.137e-06
-0.9,-0.18,0.4964,6.605e-06
-0.88,-0.18,0.4961,2.093e-05
-0.86,-0.18,0.4959,7.481e-05
-0.84,-0.18,0.4957,0.0002878
-0.82,-0.18,0.4954,0.001106
-0.8,-0.18,0.4952,0.004243
-0.78,-0.18,0.4949,0.01613
-0.76,-0.18,0.4947,0.05837
-0.74,-0.18,0.4944,0.1852
-0.72,-0.18,0.4942,0.4547
-0.7,-0.18,0.4939,0.7483
-0.68,-0.18,0.4937,0.9095
-0.66,-0.18,0.4934,0.9689
-0.64,-0.18,0.4932,0.9891
-0.62,-0.18,0.4929,0.9962
-0.6,-0.18,0.4927,0.9986
-0.58,-0.18,0.4924,0.9995
-0.56,-0.18,0.4922,0.9998
-0.54,-0.18,0.4919,0.9999
-0.52,-0.18,0.4917,1
-0.5,-0.18,0.4914,1
-0.48,-0.18,0.4912,1
-0.46,-0.18,0.4909,1
-0.44,-0.18,0.4907,1
-0.42,-0.18,0.4905,1
-0.4,-0.18,0.4902,1
-0.38,-0.18,0.49,1
-0.36,-0.18,0.4897,1
-0.34,-0.18,0.4895,1
-0.32,-0.18,0.4892,1
-0.3,-0.18,0.489,1
-0.28,-0.18,0.4887,1
-0.26,-0.18,0.4885,1
-0.24,-0.18,0.4882,1
-0.22,-0.18,0.488,1
-0.2,-0.18,0.4877,1
-0.18,-0.18,0.4875,1
-0.16,-0.18,0.4872,1
-0.14,-0.18,0.487,1
-0.12,-0.18,0.4867,1
-0.1,-0.18,0.4865,1
-0.08,-0.18,0.4862,1
-0.06,-0.18,0.486,1
-0.04,-0.18,0.4857,1
-0.02,-0.18,0.4855,1
0,-0.18,0.4852,1
0.02,-0.18,0.485,1
0.04,-0.18,0.4848,1
0.06,-0.18,0.4845,1
0.08,-0.18,0.4843,1
0.1,-0.18,0.484,1
0.12,-0.18,0.4838,1
0.14,-0.18,0.4835,1
0.16,-0.18,0.4833,1
0.18,-0.18,0.483,1
0.2,-0.18,0.4828,1
0.22,-0.18,0.4825,1
0.24,-0.18,0.4823,1
0.26,-0.18,0.482,1
0.28,-0.18,0.4818,1
0.3,-0.18,0.4815,1
0.32,-0.18,0.4813,1
0.34,-0.18,0.481,1
0.36,-0.18,0.4808,1
0.38,-0.18,0.4805,1
0.4,-0.18,0.4803,1
0.42,-0.18,0.4801,1
0.44,-0.18,0.4798,1
0.46,-0.18,0.4796,1
0.48,-0.18,0.4793,1
0.5,-0.18,0.4791,0.9999
0.52,-0.18,0.4788,0.9998
0.54,-0.18,0.4786,0.9991
0.56,-0.18,0.4783,0.9967
0.58,-0.18,0.4781,0.9872
0.6,-0.18,0.4778,0.9485
0.62,-0.18,0.4776,0.8125
0.64,-0.18,0.4773,0.5046
0.66,-0.18,0.4771,0.1932
0.68,-0.18,0.4768,0.05331
0.7,-0.18,0.4766,0.01307
0.72,-0.18,0.4763,0.003062
0.74,-0.18,0.4761,0.0006762
0.76,-0.18,0.4758,0.000149
0.78,-0.18,0.4756,3.284e-05
0.8,-0.18,0.4754,7.234e-06
0.82,-0.18,0.4751,1.594e-06
0.84,-0.18,0.4749,3.619e-07
0.86,-0.18,0.4746,8.617e-08
0.88,-0.18,0.4744,2.267e-08
0.9,-0.18,0.4741,6.62e-09
0.92,-0.18,0.4739,2.168e-09
0.94,-0.18,0.4736,7.909e-10
0.96,-0.18,0.4734,2.962e-10
0.98,-0.18,0.4731,1.11e-10
1,-0.18,0.4729,4.156e-11
1.02,-0.18,0.4726,1.557e-11
1.04,-0.18,0.4724,6.099e-12
1.06,-0.18,0.4721,2.397e-12
1.08,-0.18,0.4719,9.418e-13
1.1,-0.18,0.4716,3.701e-13
1.12,-0.18,0.4714,1.454e-13
1.14,-0.18,0.4711,5.715e-14
1.16,-0.18,0.4709,2.246e-14
1.18,-0.18,0.4707,8.824e-15
1.2,-0.18,0.4704,3.467e-15
1.22,-0.18,0.4702,1.363e-15
1.24,-0.18,0.4699,5.354e-16
1.26,-0.18,0.4697,2.104e-16
1.28,-0.18,0.4694,8.268e-17
1.3,-0.18,0.4692,3.249e-17
1.32,-0.18,0.4689,1.277e-17
1.34,-0.18,0.4687,5.016e-18
1.36,-0.18,0.4684,1.971e-18
1.38,-0.18,0.4682,7.746e-19
1.4,-0.18,0.4679,3.044e-19
1.42,-0.18,0.4677,1.196e-19
1.44,-0.18,0.4674,4.7e-20
1.46,-0.18,0.4672,1.847e-20
1.48,-0.18,0.467,7.257e-21
1.5,-0.18,0.4667,2.852e-21
1.52,-0.18,0.4665,1.121e-21
1.54,-0.18,0.4662,4.404e-22
1.56,-0.18,0.466,1.73e-22
1.58,-0.18,0.4657,6.8e-23
1.6,-0.18,0.4655,2.672e-23
-1.6,-0.16,0.505,3.386e-19
-1.58,-0.16,0.5048,7.803e-19
-1.56,-0.16,0.5045,1.798e-18
-1.54,-0.16,0.5043,4.144e-18
-1.52,-0.16,0.504,9.55e-18
-1.5,-0.16,0.5038,2.201e-17
-1.48,-0.16,0.5035,5.072e-17
-1.46,-0.16,0.5033,1.169e-16
-1.44,-0.16,0.503,2.694e-16
-1.42,-0.16,0.5028,6.208e-16
-1.4,-0.16,0.5025,1.427e-15
-1.38,-0.16,0.5023,3.26e-15
-1.36,-0.16,0.502,7.452e-15
-1.34,-0.16,0.5018,1.703e-14
-1.32,-0.16,0.5015,3.892e-14
-1.3,-0.16,0.5013,8.895e-14
-1.28,-0.16,0.501,2.033e-13
-1.26,-0.16,0.5008,4.646e-13
-1.24,-0.16,0.5006,1.062e-12
-1.22,-0.16,0.5003,2.427e-12
-1.2,-0.16,0.5001,5.547e-12
-1.18,-0.16,0.4998,1.268e-11
-1.16,-0.16,0.4996,2.912e-11
-1.14,-0.16,0.4993,6.943e-11
-1.12,-0.16,0.4991,1.656e-10
-1.1,-0.16,0.4988,3.948e-10
-1.08,-0.16,0.4986,9.415e-10
-1.06,-0.16,0.4983,2.319e-09
-1.04,-0.16,0.4981,5.8e-09
-1.02,-0.16,0.4978,1.558e-08
-1,-0.16,0.4976,4.397e-08
-0.98,-0.16,0.4973,1.209e-07
-0.96,-0.16,0.4971,3.41e-07
-0.94,-0.16,0.4968,9.656e-07
-0.92,-0.16,0.4966,2.891e-06
-0.9,-0.16,0.4963,8.937e-06
-0.88,-0.16,0.4961,2.843e-05
-0.86,-0.16,0.4958,0.0001026
-0.84,-0.16,0.4956,0.0003861
-0.82,-0.16,0.4953,0.001451
-0.8,-0.16,0.4951,0.005439
-0.78,-0.16,0.4949,0.02017
-0.76,-0.16,0.4946,0.07188
-0.74,-0.16,0.4944,0.2257
-0.72,-0.16,0.4941,0.5231
-0.7,-0.16,0.4939,0.8024
-0.68,-0.16,0.4936,0.9357
-0.66,-0.16,0.4934,0.9801
-0.64,-0.16,0.4931,0.9935
-0.62,-0.16,0.4929,0.9978
-0.6,-0.16,0.4926,0.9992
-0.58,-0.16,0.4924,0.9997
-0.56,-0.16,0.4921,0.9999
-0.54,-0.16,0.4919,1
-0.52,-0.16,0.4916,1
-0.5,-0.16,0.4914,1
-0.48,-0.16,0.4911,1
-0.46,-0.16,0.4909,1
-0.44,-0.16,0.4906,1
-0.42,-0.16,0.4904,1
-0.4,-0.16,0.4901,1
-0.38,-0.16,0.4899,1
-0.36,-0.16,0.4896,1
-0.34,-0.16,0.4894,1
-0.32,-0.16,0.4892,1
-0.3,-0.16,0.4889,1
-0.28,-0.16,0.4887,1
-0.26,-0.16,0.4884,1
-0.24,-0.16,0.4882,1
-0.22,-0.16,0.4879,1
-0.2,-0.16,0.4877,1
-0.18,-0.16,0.4874,1
-0.16,-0.16,0.4872,1
-0.14,-0.16,0.4869,1
-0.12,-0.16,0.4867,1
-0.1,-0.16,0.4864,1
-0.08,-0.16,0.4862,1
-0.06,-0.16,0.4859,1
-0.04,-0.16,0.4857,1
-0.02,-0.16,0.4854,1
0,-0.16,0.4852,1
0.02,-0.16,0.4849,1
0.04,-0.16,0.4847,1
0.06,-0.16,0.4844,1
0.08,-0.16,0.4842,1
0.1,-0.16,0.484,1
0.12,-0.16,0.4837,1
0.14,-0.16,0.4835,1
0.16,-0.16,0.4832,1
0.18,-0.16,0.483,1
0.2,-0.16,0.4827,1
0.22,-0.16,0.4825,1
0.24,-0.16,0.4822,1
0.26,-0.16,0.482,1
0.28,-0.16,0.4817,1
0.3,-0.16,0.4815,1
0.32,-0.16,0.4812,1
0.34,-0.16,0.481,1
0.36,-0.16,0.4807,1
0.38,-0.16,0.4805,1
0.4,-0.16,0.4802,1
0.42,-0.16,0.48,1
0.44,-0.16,0.4797,1
0.46,-0.16,0.4795,1
0.48,-0.16,0.4792,1
0.5,-0.16,0.479,1
0.52,-0.16,0.4788,0.9998
0.54,-0.16,0.4785,0.9994
0.56,-0.16,0.4783,0.9977
0.58,-0.16,0.478,0.9904
0.6,-0.16,0.4778,0.9605
0.62,-0.16,0.4775,0.8511
0.64,-0.16,0.4773,0.5733
0.66,-0.16,0.477,0.2401
0.68,-0.16,0.4768,0.06916
0.7,-0.16,0.4765,0.0162
0.72,-0.16,0.4763,0.003615
0.74,-0.16,0.476,0.0007987
0.76,-0.16,0.4758,0.0001761
0.78,-0.16,0.4755,3.879e-05
0.8,-0.16,0.4753,8.545e-06
0.82,-0.16,0.475,1.871e-06
0.84,-0.16,0.4748,4.177e-07
0.86,-0.16,0.4746,9.722e-08
0.88,-0.16,0.4743,2.476e-08
0.9,-0.16,0.4741,7.231e-09
0.92,-0.16,0.4738,2.329e-09
0.94,-0.16,0.4736,8.315e-10
0.96,-0.16,0.4733,3.115e-10
0.98,-0.16,0.4731,1.167e-10
1,-0.16,0.4728,4.37e-11
1.02,-0.16,0.4726,1.637e-11
1.04,-0.16,0.4723,6.39e-12
1.06,-0.16,0.4721,2.511e-12
1.08,-0.16,0.4718,9.867e-13
1.1,-0.16,0.4716,3.877e-13
1.12,-0.16,0.4713,1.524e-13
1.14,-0.16,0.4711,5.987e-14
1.16,-0.16,0.4708,2.353e-14
1.18,-0.16,0.4706,9.244e-15
1.2,-0.16,0.4704,3.633e-15
1.22,-0.16,0.4701,1.427e-15
1.24,-0.16,0.4699,5.609e-16
1.26,-0.16,0.4696,2.204e-16
1.28,-0.16,0.4694,8.661e-17
1.3,-0.16,0.4691,3.404e-17
1.32,-0.16,0.4689,1.337e-17
1.34,-0.16,0.4686,5.255e-18
1.36,-0.16,0.4684,2.065e-18
1.38,-0.16,0.4681,8.115e-19
1.4,-0.16,0.4679,3.189e-19
1.42,-0.16,0.4676,1.253e-19
1.44,-0.16,0.4674,4.924e-20
1.46,-0.16,0.4671,1.935e-20
1.48,-0.16,0.4669,7.603e-21
1.5,-0.16,0.4666,2.988e-21
1.52,-0.16,0.4664,1.174e-21
1.54,-0.16,0.4662,4.613e-22
1.56,-0.16,0.4659,1.813e-22
1.58,-0.16,0.4657,7.123e-23
1.6,-0.16,0.4654,2.799e-23
-1.6,-0.14,0.505,4.21e-19
-1.58,-0.14,0.5047,9.698e-19
-1.56,-0.14,0.5045,2.217e-18
-1.54,-0.14,0.5042,5.066e-18
-1.52,-0.14,0.504,1.158e-17
-1.5,-0.14,0.5037,2.646e-17
-1.48,-0.14,0.5035,6.047e-17
-1.46,-0.14,0.5032,1.382e-16
-1.44,-0.14,0.503,3.159e-16
-1.42,-0.14,0.5027,7.219e-16
-1.4,-0.14,0.5025,1.65e-15
-1.38,-0.14,0.5022,3.771e-15
-1.36,-0.14,0.502,8.618e-15
-1.34,-0.14,0.5017,1.97e-14
-1.32,-0.14,0.5015,4.501e-14
-1.3,-0.14,0.5012,1.029e-13
-1.28,-0.14,0.501,2.351e-13
-1.26,-0.14,0.5007,5.374e-13
-1.24,-0.14,0.5005,1.228e-12
-1.22,-0.14,0.5002,2.807e-12
-1.2,-0.14,0.5,6.415e-12
-1.18,-0.14,0.4998,1.466e-11
-1.16,-0.14,0.4995,3.377e-11
-1.14,-0.14,0.4993,8.053e-11
-1.12,-0.14,0.499,1.92e-10
-1.1,-0.14,0.4988,4.579e-10
-1.08,-0.14,0.4985,1.092e-09
-1.06,-0.14,0.4983,2.713e-09
-1.04,-0.14,0.498,6.787e-09
-1.02,-0.14,0.4978,1.87e-08
-1,-0.14,0.4975,5.186e-08
-0.98,-0.14,0.4973,1.471e-07
-0.96,-0.14,0.497,4.212e-07
-0.94,-0.14,0.4968,1.189e-06
-0.92,-0.14,0.4965,3.529e-06
-0.9,-0.14,0.4963,1.07e-05
-0.88,-0.14,0.496,3.465e-05
-0.86,-0.14,0.4958,0.0001278
-0.84,-0.14,0.4955,0.0004807
-0.82,-0.14,0.4953,0.001807
-0.8,-0.14,0.495,0.006764
-0.78,-0.14,0.4948,0.02499
-0.76,-0.14,0.4945,0.08796
-0.74,-0.14,0.4943,0.2663
-0.72,-0.14,0.4941,0.5773
-0.7,-0.14,0.4938,0.8371
-0.68,-0.14,0.4936,0.9508
-0.66,-0.14,0.4933,0.9861
-0.64,-0.14,0.4931,0.9959
-0.62,-0.14,0.4928,0.9987
-0.6,-0.14,0.4926,0.9995
-0.58,-0.14,0.4923,0.9998
-0.56,-0.14,0.4921,0.9999
-0.54,-0.14,0.4918,1
-0.52,-0.14,0.4916,1
-0.5,-0.14,0.4913,1
-0.48,-0.14,0.4911,1
-0.46,-0.14,0.4908,1
-0.44,-0.14,0.4906,1
-0.42,-0.14,0.4903,1
-0.4,-0.14,0.4901,1
-0.38,-0.14,0.4898,1
-0.36,-0.14,0.4896,1
-0.34,-0.14,0.4893,1
-0.32,-0.14,0.4891,1
-0.3,-0.14,0.4888,1
-0.28,-0.14,0.4886,1
-0.26,-0.14,0.4884,1
-0.24,-0.14,0.4881,1
-0.22,-0.14,0.4879,1
-0.2,-0.14,0.4876,1
-0.18,-0.14,0.4874,1
-0.16,-0.14,0.4871,1
-0.14,-0.14,0.4869,1
-0.12,-0.14,0.4866,1
-0.1,-0.14,0.4864,1
-0.08,-0.14,0.4861,1
-0.06,-0.14,0.4859,1
-0.04,-0.14,0.4856,1
-0.02,-0.14,0.4854,1
0,-0.14,0.4851,1
0.02,-0.14,0.4849,1
0.04,-0.14,0.4846,1
0.06,-0.14,0.4844,1
0.08,-0.14,0.4841,1
0.1,-0.14,0.4839,1
0.12,-0.14,0.4836,1
0.14,-0.14,0.4834,1
0.16,-0.14,0.4832,1
0.18,-0.14,0.4829,1
0.2,-0.14,0.4827,1
0.22,-0.14,0.4824,1
0.24,-0.14,0.4822,1
0.26,-0.14,0.4819,1
0.28,-0.14,0.4817,1
0.3,-0.14,0.4814,1
0.32,-0.14,0.4812,1
0.34,-0.14,0.4809,1
0.36,-0.14,0.4807,1
0.38,-0.14,0.4804,1
0.4,-0.14,0.4802,1
0.42,-0.14,0.4799,1
0.44,-0.14,0.4797,1
0.46,-0.14,0.4794,1
0.48,-0.14,0.4792,1
0.5,-0.14,0.4789,1
0.52,-0.14,0.4787,0.9999
0.54,-0.14,0.4784,0.9996
0.56,-0.14,0.4782,0.9983
0.58,-0.14,0.478,0.9927
0.6,-0.14,0.4777,0.9698
0.62,-0.14,0.4775,0.8829
0.64,-0.14,0.4772,0.6394
0.66,-0.14,0.477,0.2862
0.68,-0.14,0.4767,0.08116
0.7,-0.14,0.4765,0.01909
0.72,-0.14,0.4762,0.004268
0.74,-0.14,0.476,0.0009433
0.76,-0.14,0.4757,0.000207
0.78,-0.14,0.4755,4.505e-05
0.8,-0.14,0.4752,9.803e-06
0.82,-0.14,0.475,2.133e-06
0.84,-0.14,0.4747,4.735e-07
0.86,-0.14,0.4745,1.091e-07
0.88,-0.14,0.4742,2.704e-08
0.9,-0.14,0.474,7.899e-09
0.92,-0.14,0.4738,2.502e-09
0.94,-0.14,0.4735,8.772e-10
0.96,-0.14,0.4733,3.275e-10
0.98,-0.14,0.473,1.227e-10
1,-0.14,0.4728,4.594e-11
1.02,-0.14,0.4725,1.721e-11
1.04,-0.14,0.4723,6.694e-12
1.06,-0.14,0.472,2.631e-12
1.08,-0.14,0.4718,1.034e-12
1.1,-0.14,0.4715,4.062e-13
1.12,-0.14,0.4713,1.596e-13
1.14,-0.14,0.471,6.272e-14
1.16,-0.14,0.4708,2.465e-14
1.18,-0.14,0.4705,9.685e-15
1.2,-0.14,0.4703,3.806e-15
1.22,-0.14,0.47,1.495e-15
1.24,-0.14,0.4698,5.876e-16
1.26,-0.14,0.4696,2.309e-16
1.28,-0.14,0.4693,9.074e-17
1.3,-0.14,0.4691,3.566e-17
1.32,-0.14,0.4688,1.401e-17
1.34,-0.14,0.4686,5.506e-18
1.36,-0.14,0.4683,2.163e-18
1.38,-0.14,0.4681,8.502e-19
1.4,-0.14,0.4678,3.341e-19
1.42,-0.14,0.4676,1.313e-19
1.44,-0.14,0.4673,5.158e-20
1.46,-0.14,0.4671,2.027e-20
1.48,-0.14,0.4668,7.965e-21
1.5,-0.14,0.4666,3.13e-21
1.52,-0.14,0.4663,1.23e-21
1.54,-0.14,0.4661,4.833e-22
1.56,-0.14,0.4658,1.899e-22
1.58,-0.14,0.4656,7.463e-23
1.6,-0.14,0.4654,2.933e-23
-1.6,-0.12,0.5049,4.908e-19
-1.58,-0.12,0.5046,1.122e-18
-1.56,-0.12,0.5044,2.563e-18
-1.54,-0.12,0.5042,5.859e-18
-1.52,-0.12,0.5039,1.339e-17
-1.5,-0.12,0.5037,3.06e-17
-1.48,-0.12,0.5034,6.994e-17
-1.46,-0.12,0.5032,1.598e-16
-1.44,-0.12,0.5029,3.653e-16
-1.42,-0.12,0.5027,8.349e-16
-1.4,-0.12,0.5024,1.908e-15
-1.38,-0.12,0.5022,4.361e-15
-1.36,-0.12,0.5019,9.967e-15
-1.34,-0.12,0.5017,2.278e-14
-1.32,-0.12,0.5014,5.206e-14
-1.3,-0.12,0.5012,1.19e-13
-1.28,-0.12,0.5009,2.719e-13
-1.26,-0.12,0.5007,6.215e-13
-1.24,-0.12,0.5004,1.42e-12
-1.22,-0.12,0.5002,3.246e-12
-1.2,-0.12,0.4999,7.419e-12
-1.18,-0.12,0.4997,1.696e-11
-1.16,-0.12,0.4994,3.917e-11
-1.14,-0.12,0.4992,9.24e-11
-1.12,-0.12,0.4989,2.172e-10
-1.1,-0.12,0.4987,5.106e-10
-1.08,-0.12,0.4985,1.202e-09
-1.06,-0.12,0.4982,2.964e-09
-1.04,-0.12,0.498,7.359e-09
-1.02,-0.12,0.4977,2.025e-08
-1,-0.12,0.4975,5.618e-08
-0.98,-0.12,0.4972,1.615e-07
-0.96,-0.12,0.497,4.664e-07
-0.94,-0.12,0.4967,1.39e-06
-0.92,-0.12,0.4965,4.226e-06
-0.9,-0.12,0.4962,1.282e-05
-0.88,-0.12,0.496,4.229e-05
-0.86,-0.12,0.4957,0.0001591
-0.84,-0.12,0.4955,0.0005985
-0.82,-0.12,0.4952,0.002249
-0.8,-0.12,0.495,0.00841
-0.78,-0.12,0.4947,0.03093
-0.76,-0.12,0.4945,0.1072
-0.74,-0.12,0.4942,0.3113
-0.72,-0.12,0.494,0.6297
-0.7,-0.12,0.4937,0.8649
-0.68,-0.12,0.4935,0.9592
-0.66,-0.12,0.4932,0.9885
-0.64,-0.12,0.493,0.9968
-0.62,-0.12,0.4928,0.999
-0.6,-0.12,0.4925,0.9997
-0.58,-0.12,0.4923,0.9999
-0.56,-0.12,0.492,1
-0.54,-0.12,0.4918,1
-0.52,-0.12,0.4915,1
-0.5,-0.12,0.4913,1
-0.48,-0.12,0.491,1
-0.46,-0.12,0.4908,1
-0.44,-0.12,0.4905,1
-0.42,-0.12,0.4903,1
-0.4,-0.12,0.49,1
-0.38,-0.12,0.4898,1
-0.36,-0.12,0.4895,1
-0.34,-0.12,0.4893,1
-0.32,-0.12,0.489,1
-0.3,-0.12,0.4888,1
-0.28,-0.12,0.4885,1
-0.26,-0.12,0.4883,1
-0.24,-0.12,0.488,1
-0.22,-0.12,0.4878,1
-0.2,-0.12,0.4876,1
-0.18,-0.12,0.4873,1
-0.16,-0.12,0.4871,1
-0.14,-0.12,0.4868,1
-0.12,-0.12,0.4866,1
-0.1,-0.12,0.4863,1
-0.08,-0.12,0.4861,1
-0.06,-0.12,0.4858,1
-0.04,-0.12,0.4856,1
-0.02,-0.12,0.4853,1
0,-0.12,0.4851,1
0.02,-0.12,0.4848,1
0.04,-0.12,0.4846,1
0.06,-0.12,0.4843,1
0.08,-0.12,0.4841,1
0.1,-0.12,0.4838,1
0.12,-0.12,0.4836,1
0.14,-0.12,0.4833,1
0.16,-0.12,0.4831,1
0.18,-0.12,0.4828,1
0.2,-0.12,0.4826,1
0.22,-0.12,0.4824,1
0.24,-0.12,0.4821,1
0.26,-0.12,0.4819,1
0.28,-0.12,0.4816,1
0.3,-0.12,0.4814,1
0.32,-0.12,0.4811,1
0.34,-0.12,0.4809,1
0.36,-0.12,0.4806,1
0.38,-0.12,0.4804,1
0.4,-0.12,0.4801,1
0.42,-0.12,0.4799,1
0.44,-0.12,0.4796,1
0.46,-0.12,0.4794,1
0.48,-0.12,0.4791,1
0.5,-0.12,0.4789,1
0.52,-0.12,0.4786,0.9999
0.54,-0.12,0.4784,0.9996
0.56,-0.12,0.4781,0.9985
0.58,-0.12,0.4779,0.9939
0.6,-0.12,0.4776,0.9751
0.62,-0.12,0.4774,0.902
0.64,-0.12,0.4772,0.674
0.66,-0.12,0.4769,0.3171
0.68,-0.12,0.4767,0.09444
0.7,-0.12,0.4764,0.0224
0.72,-0.12,0.4762,0.004962
0.74,-0.12,0.4759,0.001084
0.76,-0.12,0.4757,0.000236
0.78,-0.12,0.4754,5.136e-05
0.8,-0.12,0.4752,1.118e-05
0.82,-0.12,0.4749,2.432e-06
0.84,-0.12,0.4747,5.369e-07
0.86,-0.12,0.4744,1.236e-07
0.88,-0.12,0.4742,2.981e-08
0.9,-0.12,0.4739,8.63e-09
0.92,-0.12,0.4737,2.688e-09
0.94,-0.12,0.4734,9.344e-10
0.96,-0.12,0.4732,3.443e-10
0.98,-0.12,0.473,1.29e-10
1,-0.12,0.4727,4.83e-11
1.02,-0.12,0.4725,1.809e-11
1.04,-0.12,0.4722,7.013e-12
1.06,-0.12,0.472,2.756e-12
1.08,-0.12,0.4717,1.083e-12
1.1,-0.12,0.4715,4.255e-13
1.12,-0.12,0.4712,1.672e-13
1.14,-0.12,0.471,6.571e-14
1.16,-0.12,0.4707,2.582e-14
1.18,-0.12,0.4705,1.015e-14
1.2,-0.12,0.4702,3.987e-15
1.22,-0.12,0.47,1.567e-15
1.24,-0.12,0.4697,6.156e-16
1.26,-0.12,0.4695,2.419e-16
1.28,-0.12,0.4692,9.506e-17
1.3,-0.12,0.469,3.735e-17
1.32,-0.12,0.4688,1.468e-17
1.34,-0.12,0.4685,5.768e-18
1.36,-0.12,0.4683,2.267e-18
1.38,-0.12,0.468,8.906e-19
1.4,-0.12,0.4678,3.5e-19
1.42,-0.12,0.4675,1.375e-19
1.44,-0.12,0.4673,5.404e-20
1.46,-0.12,0.467,2.124e-20
1.48,-0.12,0.4668,8.345e-21
1.5,-0.12,0.4665,3.279e-21
1.52,-0.12,0.4663,1.289e-21
1.54,-0.12,0.466,5.063e-22
1.56,-0.12,0.4658,1.99e-22
1.58,-0.12,0.4655,7.818e-23
1.6,-0.12,0.4653,3.072e-23
-1.6,-0.1,0.5048,5.658e-19
-1.58,-0.1,0.5046,1.297e-18
-1.56,-0.1,0.5043,2.965e-18
-1.54,-0.1,0.5041,6.776e-18
-1.52,-0.1,0.5038,1.549e-17
-1.5,-0.1,0.5036,3.539e-17
-1.48,-0.1,0.5034,8.089e-17
-1.46,-0.1,0.5031,1.849e-16
-1.44,-0.1,0.5029,4.225e-16
-1.42,-0.1,0.5026,9.656e-16
-1.4,-0.1,0.5024,2.207e-15
-1.38,-0.1,0.5021,5.044e-15
-1.36,-0.1,0.5019,1.153e-14
-1.34,-0.1,0.5016,2.635e-14
-1.32,-0.1,0.5014,6.021e-14
-1.3,-0.1,0.5011,1.376e-13
-1.28,-0.1,0.5009,3.139e-13
-1.26,-0.1,0.5006,7.076e-13
-1.24,-0.1,0.5004,1.595e-12
-1.22,-0.1,0.5001,3.595e-12
-1.2,-0.1,0.4999,8.104e-12
-1.18,-0.1,0.4996,1.827e-11
-1.16,-0.1,0.4994,4.162e-11
-1.14,-0.1,0.4991,9.785e-11
-1.12,-0.1,0.4989,2.3e-10
-1.1,-0.1,0.4986,5.408e-10
-1.08,-0.1,0.4984,1.283e-09
-1.06,-0.1,0.4981,3.164e-09
-1.04,-0.1,0.4979,7.92e-09
-1.02,-0.1,0.4977,2.193e-08
-1,-0.1,0.4974,6.144e-08
-0.98,-0.1,0.4972,1.774e-07
-0.96,-0.1,0.4969,5.122e-07
-0.94,-0.1,0.4967,1.542e-06
-0.92,-0.1,0.4964,4.874e-06
-0.9,-0.1,0.4962,1.542e-05
-0.88,-0.1,0.4959,5.266e-05
-0.86,-0.1,0.4957,0.0001981
-0.84,-0.1,0.4954,0.0007452
-0.82,-0.1,0.4952,0.002799
-0.8,-0.1,0.4949,0.01045
-0.78,-0.1,0.4947,0.03773
-0.76,-0.1,0.4944,0.1255
-0.74,-0.1,0.4942,0.3443
-0.72,-0.1,0.4939,0.6577
-0.7,-0.1,0.4937,0.8755
-0.68,-0.1,0.4934,0.9626
-0.66,-0.1,0.4932,0.9895
-0.64,-0.1,0.4929,0.9971
-0.62,-0.1,0.4927,0.9992
-0.6,-0.1,0.4924,0.9998
-0.58,-0.1,0.4922,0.9999
-0.56,-0.1,0.492,1
-0.54,-0.1,0.4917,1
-0.52,-0.1,0.4915,1
-0.5,-0.1,0.4912,1
-0.48,-0.1,0.491,1
-0.46,-0.1,0.4907,1
-0.44,-0.1,0.4905,1
-0.42,-0.1,0.4902,1
-0.4,-0.1,0.49,1
-0.38,-0.1,0.4897,1
-0.36,-0.1,0.4895,1
-0.34,-0.1,0.4892,1
-0.32,-0.1,0.489,1
-0.3,-0.1,0.4887,1
-0.28,-0.1,0.4885,1
-0.26,-0.1,0.4882,1
-0.24,-0.1,0.488,1
-0.22,-0.1,0.4877,1
-0.2,-0.1,0.4875,1
-0.18,-0.1,0.4872,1
-0.16,-0.1,0.487,1
-0.14,-0.1,0.4867,1
-0.12,-0.1,0.4865,1
-0.1,-0.1,0.4863,1
-0.08,-0.1,0.486,1
-0.06,-0.1,0.4858,1
-0.04,-0.1,0.4855,1
-0.02,-0.1,0.4853,1
0,-0.1,0.485,1
0.02,-0.1,0.4848,1
0.04,-0.1,0.4845,1
0.06,-0.1,0.4843,1
0.08,-0.1,0.484,1
0.1,-0.1,0.4838,1
0.12,-0.1,0.4835,1
0.14,-0.1,0.4833,1
0.16,-0.1,0.483,1
0.18,-0.1,0.4828,1
0.2,-0.1,0.4825,1
0.22,-0.1,0.4823,1
0.24,-0.1,0.482,1
0.26,-0.1,0.4818,1
0.28,-0.1,0.4816,1
0.3,-0.1,0.4813,1
0.32,-0.1,0.4811,1
0.34,-0.1,0.4808,1
0.36,-0.1,0.4806,1
0.38,-0.1,0.4803,1
0.4,-0.1,0.4801,1
0.42,-0.1,0.4798,1
0.44,-0.1,0.4796,1
0.46,-0.1,0.4793,1
0.48,-0.1,0.4791,1
0.5,-0.1,0.4788,1
0.52,-0.1,0.4786,0.9999
0.54,-0.1,0.4783,0.9997
0.56,-0.1,0.4781,0.9988
0.58,-0.1,0.4778,0.9949
0.6,-0.1,0.4776,0.9775
0.62,-0.1,0.4773,0.9071
0.64,-0.1,0.4771,0.6865
0.66,-0.1,0.4768,0.3269
0.68,-0.1,0.4766,0.09727
0.7,-0.1,0.4764,0.02334
0.72,-0.1,0.4761,0.005274
0.74,-0.1,0.4759,0.001175
0.76,-0.1,0.4756,0.0002608
0.78,-0.1,0.4754,5.786e-05
0.8,-0.1,0.4751,1.274e-05
0.82,-0.1,0.4749,2.772e-06
0.84,-0.1,0.4746,6.087e-07
0.86,-0.1,0.4744,1.401e-07
0.88,-0.1,0.4741,3.33e-08
0.9,-0.1,0.4739,9.427e-09
0.92,-0.1,0.4736,2.888e-09
0.94,-0.1,0.4734,9.954e-10
0.96,-0.1,0.4731,3.62e-10
0.98,-0.1,0.4729,1.356e-10
1,-0.1,0.4726,5.078e-11
1.02,-0.1,0.4724,1.902e-11
1.04,-0.1,0.4722,7.347e-12
1.06,-0.1,0.4719,2.887e-12
1.08,-0.1,0.4717,1.134e-12
1.1,-0.1,0.4714,4.458e-13
1.12,-0.1,0.4712,1.752e-13
1.14,-0.1,0.4709,6.884e-14
1.16,-0.1,0.4707,2.705e-14
1.18,-0.1,0.4704,1.063e-14
1.2,-0.1,0.4702,4.177e-15
1.22,-0.1,0.4699,1.641e-15
1.24,-0.1,0.4697,6.45e-16
1.26,-0.1,0.4694,2.534e-16
1.28,-0.1,0.4692,9.959e-17
1.3,-0.1,0.4689,3.913e-17
1.32,-0.1,0.4687,1.538e-17
1.34,-0.1,0.4684,6.043e-18
1.36,-0.1,0.4682,2.375e-18
1.38,-0.1,0.468,9.331e-19
1.4,-0.1,0.4677,3.667e-19
1.42,-0.1,0.4675,1.441e-19
1.44,-0.1,0.4672,5.662e-20
1.46,-0.1,0.467,2.225e-20
1.48,-0.1,0.4667,8.742e-21
1.5,-0.1,0.4665,3.435e-21
1.52,-0.1,0.4662,1.35e-21
1.54,-0.1,0.466,5.304e-22
1.56,-0.1,0.4657,2.084e-22
1.58,-0.1,0.4655,8.191e-23
1.6,-0.1,0.4652,3.219e-23
-1.6,-0.08,0.5048,5.957e-19
-1.58,-0.08,0.5045,1.387e-18
-1.56,-0.08,0.5043,3.229e-18
-1.54,-0.08,0.504,7.518e-18
-1.52,-0.08,0.5038,1.75e-17
-1.5,-0.08,0.5035,4.075e-17
-1.48,-0.08,0.5033,9.355e-17
-1.46,-0.08,0.503,2.138e-16
-1.44,-0.08,0.5028,4.886e-16
-1.42,-0.08,0.5026,1.117e-15
-1.4,-0.08,0.5023,2.535e-15
-1.38,-0.08,0.5021,5.713e-15
-1.36,-0.08,0.5018,1.288e-14
-1.34,-0.08,0.5016,2.903e-14
-1.32,-0.08,0.5013,6.543e-14
-1.3,-0.08,0.5011,1.475e-13
-1.28,-0.08,0.5008,3.324e-13
-1.26,-0.08,0.5006,7.493e-13
-1.24,-0.08,0.5003,1.689e-12
-1.22,-0.08,0.5001,3.807e-12
-1.2,-0.08,0.4998,8.581e-12
-1.18,-0.08,0.4996,1.934e-11
-1.16,-0.08,0.4993,4.408e-11
-1.14,-0.08,0.4991,1.036e-10
-1.12,-0.08,0.4988,2.436e-10
-1.1,-0.08,0.4986,5.727e-10
-1.08,-0.08,0.4983,1.37e-09
-1.06,-0.08,0.4981,3.378e-09
-1.04,-0.08,0.4978,8.564e-09
-1.02,-0.08,0.4976,2.376e-08
-1,-0.08,0.4973,6.748e-08
-0.98,-0.08,0.4971,1.948e-07
-0.96,-0.08,0.4968,5.645e-07
-0.94,-0.08,0.4966,1.718e-06
-0.92,-0.08,0.4964,5.452e-06
-0.9,-0.08,0.4961,1.752e-05
-0.88,-0.08,0.4959,6.423e-05
-0.86,-0.08,0.4956,0.0002394
-0.84,-0.08,0.4954,0.0008756
-0.82,-0.08,0.4951,0.003197
-0.8,-0.08,0.4949,0.0116
-0.78,-0.08,0.4946,0.04118
-0.76,-0.08,0.4944,0.1358
-0.74,-0.08,0.4941,0.3651
-0.72,-0.08,0.4939,0.6779
-0.7,-0.08,0.4936,0.8851
-0.68,-0.08,0.4934,0.9657
-0.66,-0.08,0.4931,0.9904
-0.64,-0.08,0.4929,0.9974
-0.62,-0.08,0.4926,0.9993
-0.6,-0.08,0.4924,0.9998
-0.58,-0.08,0.4921,0.9999
-0.56,-0.08,0.4919,1
-0.54,-0.08,0.4916,1
-0.52,-0.08,0.4914,1
-0.5,-0.08,0.4912,1
-0.48,-0.08,0.4909,1
-0.46,-0.08,0.4907,1
-0.44,-0.08,0.4904,1
-0.42,-0.08,0.4902,1
-0.4,-0.08,0.4899,1
-0.38,-0.08,0.4897,1
-0.36,-0.08,0.4894,1
-0.34,-0.08,0.4892,1
-0.32,-0.08,0.4889,1
-0.3,-0.08,0.4887,1
-0.28,-0.08,0.4884,1
-0.26,-0.08,0.4882,1
-0.24,-0.08,0.4879,1
-0.22,-0.08,0.4877,1
-0.2,-0.08,0.4874,1
-0.18,-0.08,0.4872,1
-0.16,-0.08,0.4869,1
-0.14,-0.08,0.4867,1
-0.12,-0.08,0.4864,1
-0.1,-0.08,0.4862,1
-0.08,-0.08,0.4859,1
-0.06,-0.08,0.4857,1
-0.04,-0.08,0.4855,1
-0.02,-0.08,0.4852,1
0,-0.08,0.485,1
0.02,-0.08,0.4847,1
0.04,-0.08,0.4845,1
0.06,-0.08,0.4842,1
0.08,-0.08,0.484,1
0.1,-0.08,0.4837,1
0.12,-0.08,0.4835,1
0.14,-0.08,0.4832,1
0.16,-0.08,0.483,1
0.18,-0.08,0.4827,1
0.2,-0.08,0.4825,1
0.22,-0.08,0.4822,1
0.24,-0.08,0.482,1
0.26,-0.08,0.4817,1
0.28,-0.08,0.4815,1
0.3,-0.08,0.4812,1
0.32,-0.08,0.481,1
0.34,-0.08,0.4807,1
0.36,-0.08,0.4805,1
0.38,-0.08,0.4803,1
0.4,-0.08,0.48,1
0.42,-0.08,0.4798,1
0.44,-0.08,0.4795,1
0.46,-0.08,0.4793,1
0.48,-0.08,0.479,1
0.5,-0.08,0.4788,1
0.52,-0.08,0.4785,0.9999
0.54,-0.08,0.4783,0.9997
0.56,-0.08,0.478,0.9989
0.58,-0.08,0.4778,0.9952
0.6,-0.08,0.4775,0.9785
0.62,-0.08,0.4773,0.9099
0.64,-0.08,0.477,0.6915
0.66,-0.08,0.4768,0.3321
0.68,-0.08,0.4765,0.09933
0.7,-0.08,0.4763,0.02388
0.72,-0.08,0.476,0.005397
0.74,-0.08,0.4758,0.001202
0.76,-0.08,0.4756,0.0002669
0.78,-0.08,0.4753,5.922e-05
0.8,-0.08,0.4751,1.314e-05
0.82,-0.08,0.4748,2.914e-06
0.84,-0.08,0.4746,6.483e-07
0.86,-0.08,0.4743,1.521e-07
0.88,-0.08,0.4741,3.655e-08
0.9,-0.08,0.4738,1.026e-08
0.92,-0.08,0.4736,3.113e-09
0.94,-0.08,0.4733,1.06e-09
0.96,-0.08,0.4731,3.807e-10
0.98,-0.08,0.4728,1.425e-10
1,-0.08,0.4726,5.339e-11
1.02,-0.08,0.4723,2e-11
1.04,-0.08,0.4721,7.697e-12
1.06,-0.08,0.4718,3.025e-12
1.08,-0.08,0.4716,1.189e-12
1.1,-0.08,0.4714,4.67e-13
1.12,-0.08,0.4711,1.835e-13
1.14,-0.08,0.4709,7.212e-14
1.16,-0.08,0.4706,2.834e-14
1.18,-0.08,0.4704,1.114e-14
1.2,-0.08,0.4701,4.376e-15
1.22,-0.08,0.4699,1.719e-15
1.24,-0.08,0.4696,6.757e-16
1.26,-0.08,0.4694,2.655e-16
1.28,-0.08,0.4691,1.043e-16
1.3,-0.08,0.4689,4.1e-17
1.32,-0.08,0.4686,1.611e-17
1.34,-0.08,0.4684,6.331e-18
1.36,-0.08,0.4681,2.488e-18
1.38,-0.08,0.4679,9.775e-19
1.4,-0.08,0.4676,3.841e-19
1.42,-0.08,0.4674,1.509e-19
1.44,-0.08,0.4672,5.931e-20
1.46,-0.08,0.4669,2.331e-20
1.48,-0.08,0.4667,9.159e-21
1.5,-0.08,0.4664,3.599e-21
1.52,-0.08,0.4662,1.414e-21
1.54,-0.08,0.4659,5.557e-22
1.56,-0.08,0.4657,2.184e-22
1.58,-0.08,0.4654,8.581e-23
1.6,-0.08,0.4652,3.372e-23
-1.6,-0.06,0.5047,6.273e-19
-1.58,-0.06,0.5045,1.46e-18
-1.56,-0.06,0.5042,3.4e-18
-1.54,-0.06,0.504,7.916e-18
-1.52,-0.06,0.5037,1.821e-17
-1.5,-0.06,0.5035,4.181e-17
-1.48,-0.06,0.5032,9.599e-17
-1.46,-0.06,0.503,2.204e-16
-1.44,-0.06,0.5027,5.061e-16
-1.42,-0.06,0.5025,1.162e-15
-1.4,-0.06,0.5022,2.669e-15
-1.38,-0.06,0.502,6.05e-15
-1.36,-0.06,0.5017,1.364e-14
-1.34,-0.06,0.5015,3.074e-14
-1.32,-0.06,0.5013,6.928e-14
-1.3,-0.06,0.501,1.562e-13
-1.28,-0.06,0.5008,3.52e-13
-1.26,-0.06,0.5005,7.934e-13
-1.24,-0.06,0.5003,1.788e-12
-1.22,-0.06,0.5,4.031e-12
-1.2,-0.06,0.4998,9.087e-12
-1.18,-0.06,0.4995,2.048e-11
-1.16,-0.06,0.4993,4.668e-11
-1.14,-0.06,0.499,1.097e-10
-1.12,-0.06,0.4988,2.58e-10
-1.1,-0.06,0.4985,6.065e-10
-1.08,-0.06,0.4983,1.462e-09
-1.06,-0.06,0.498,3.606e-09
-1.04,-0.06,0.4978,9.276e-09
-1.02,-0.06,0.4975,2.573e-08
-1,-0.06,0.4973,7.411e-08
-0.98,-0.06,0.497,2.14e-07
-0.96,-0.06,0.4968,6.162e-07
-0.94,-0.06,0.4965,1.844e-06
-0.92,-0.06,0.4963,5.711e-06
-0.9,-0.06,0.496,1.802e-05
-0.88,-0.06,0.4958,6.492e-05
-0.86,-0.06,0.4956,0.0002505
-0.84,-0.06,0.4953,0.0009592
-0.82,-0.06,0.4951,0.003501
-0.8,-0.06,0.4948,0.01269
-0.78,-0.06,0.4946,0.04494
-0.76,-0.06,0.4943,0.1469
-0.74,-0.06,0.4941,0.3865
-0.72,-0.06,0.4938,0.6975
-0.7,-0.06,0.4936,0.8941
-0.68,-0.06,0.4933,0.9686
-0.66,-0.06,0.4931,0.9912
-0.64,-0.06,0.4928,0.9976
-0.62,-0.06,0.4926,0.9993
-0.6,-0.06,0.4923,0.9998
-0.58,-0.06,0.4921,0.9999
-0.56,-0.06,0.4918,1
-0.54,-0.06,0.4916,1
-0.52,-0.06,0.4913,1
-0.5,-0.06,0.4911,1
-0.48,-0.06,0.4908,1
-0.46,-0.06,0.4906,1
-0.44,-0.06,0.4903,1
-0.42,-0.06,0.4901,1
-0.4,-0.06,0.4899,1
-0.38,-0.06,0.4896,1
-0.36,-0.06,0.4894,1
-0.34,-0.06,0.4891,1
-0.32,-0.06,0.4889,1
-0.3,-0.06,0.4886,1
-0.28,-0.06,0.4884,1
-0.26,-0.06,0.4881,1
-0.24,-0.06,0.4879,1
-0.22,-0.06,0.4876,1
-0.2,-0.06,0.4874,1
-0.18,-0.06,0.4871,1
-0.16,-0.06,0.4869,1
-0.14,-0.06,0.4866,1
-0.12,-0.06,0.4864,1
-0.1,-0.06,0.4861,1
-0.08,-0.06,0.4859,1
-0.06,-0.06,0.4856,1
-0.04,-0.06,0.4854,1
-0.02,-0.06,0.4851,1
0,-0.06,0.4849,1
0.02,-0.06,0.4847,1
0.04,-0.06,0.4844,1
0.06,-0.06,0.4842,1
0.08,-0.06,0.4839,1
0.1,-0.06,0.4837,1
0.12,-0.06,0.4834,1
0.14,-0.06,0.4832,1
0.16,-0.06,0.4829,1
0.18,-0.06,0.4827,1
0.2,-0.06,0.4824,1
0.22,-0.06,0.4822,1
0.24,-0.06,0.4819,1
0.26,-0.06,0.4817,1
0.28,-0.06,0.4814,1
0.3,-0.06,0.4812,1
0.32,-0.06,0.4809,1
0.34,-0.06,0.4807,1
0.36,-0.06,0.4804,1
0.38,-0.06,0.4802,1
0.4,-0.06,0.4799,1
0.42,-0.06,0.4797,1
0.44,-0.06,0.4795,1
0.46,-0.06,0.4792,1
0.48,-0.06,0.479,1
0.5,-0.06,0.4787,1
0.52,-0.06,0.4785,0.9999
0.54,-0.06,0.4782,0.9998
0.56,-0.06,0.478,0.9989
0.58,-0.06,0.4777,0.9953
0.6,-0.06,0.4775,0.979
0.62,-0.06,0.4772,0.9118
0.64,-0.06,0.477,0.6964
0.66,-0.06,0.4767,0.3372
0.68,-0.06,0.4765,0.1014
0.7,-0.06,0.4762,0.02442
0.72,-0.06,0.476,0.005523
0.74,-0.06,0.4757,0.00123
0.76,-0.06,0.4755,0.0002732
0.78,-0.06,0.4752,6.061e-05
0.8,-0.06,0.475,1.344e-05
0.82,-0.06,0.4748,2.982e-06
0.84,-0.06,0.4745,6.615e-07
0.86,-0.06,0.4743,1.547e-07
0.88,-0.06,0.474,3.697e-08
0.9,-0.06,0.4738,1.024e-08
0.92,-0.06,0.4735,3.132e-09
0.94,-0.06,0.4733,1.076e-09
0.96,-0.06,0.473,3.912e-10
0.98,-0.06,0.4728,1.466e-10
1,-0.06,0.4725,5.558e-11
1.02,-0.06,0.4723,2.103e-11
1.04,-0.06,0.472,8.064e-12
1.06,-0.06,0.4718,3.169e-12
1.08,-0.06,0.4715,1.245e-12
1.1,-0.06,0.4713,4.893e-13
1.12,-0.06,0.471,1.923e-13
1.14,-0.06,0.4708,7.555e-14
1.16,-0.06,0.4706,2.969e-14
1.18,-0.06,0.4703,1.167e-14
1.2,-0.06,0.4701,4.584e-15
1.22,-0.06,0.4698,1.801e-15
1.24,-0.06,0.4696,7.079e-16
1.26,-0.06,0.4693,2.782e-16
1.28,-0.06,0.4691,1.093e-16
1.3,-0.06,0.4688,4.295e-17
1.32,-0.06,0.4686,1.688e-17
1.34,-0.06,0.4683,6.632e-18
1.36,-0.06,0.4681,2.606e-18
1.38,-0.06,0.4678,1.024e-18
1.4,-0.06,0.4676,4.024e-19
1.42,-0.06,0.4673,1.581e-19
1.44,-0.06,0.4671,6.214e-20
1.46,-0.06,0.4669,2.442e-20
1.48,-0.06,0.4666,9.595e-21
1.5,-0.06,0.4664,3.77e-21
1.52,-0.06,0.4661,1.482e-21
1.54,-0.06,0.4659,5.822e-22
1.56,-0.06,0.4656,2.288e-22
1.58,-0.06,0.4654,8.99e-23
1.6,-0.06,0.4651,3.532e-23
-1.6,-0.04,0.5047,6.314e-19
-1.58,-0.04,0.5044,1.45e-18
-1.56,-0.04,0.5042,3.329e-18
-1.54,-0.04,0.5039,7.644e-18
-1.52,-0.04,0.5037,1.755e-17
-1.5,-0.04,0.5034,4.03e-17
-1.48,-0.04,0.5032,9.254e-17
-1.46,-0.04,0.5029,2.125e-16
-1.44,-0.04,0.5027,4.879e-16
-1.42,-0.04,0.5024,1.12e-15
-1.4,-0.04,0.5022,2.573e-15
-1.38,-0.04,0.5019,5.907e-15
-1.36,-0.04,0.5017,1.356e-14
-1.34,-0.04,0.5014,3.115e-14
-1.32,-0.04,0.5012,7.151e-14
-1.3,-0.04,0.5009,1.642e-13
-1.28,-0.04,0.5007,3.727e-13
-1.26,-0.04,0.5005,8.402e-13
-1.24,-0.04,0.5002,1.894e-12
-1.22,-0.04,0.5,4.269e-12
-1.2,-0.04,0.4997,9.622e-12
-1.18,-0.04,0.4995,2.169e-11
-1.16,-0.04,0.4992,4.944e-11
-1.14,-0.04,0.499,1.162e-10
-1.12,-0.04,0.4987,2.732e-10
-1.1,-0.04,0.4985,6.423e-10
-1.08,-0.04,0.4982,1.561e-09
-1.06,-0.04,0.498,3.83e-09
-1.04,-0.04,0.4977,9.766e-09
-1.02,-0.04,0.4975,2.673e-08
-1,-0.04,0.4972,7.54e-08
-0.98,-0.04,0.497,2.126e-07
-0.96,-0.04,0.4967,6.116e-07
-0.94,-0.04,0.4965,1.842e-06
-0.92,-0.04,0.4962,5.705e-06
-0.9,-0.04,0.496,1.811e-05
-0.88,-0.04,0.4957,6.561e-05
-0.86,-0.04,0.4955,0.0002532
-0.84,-0.04,0.4952,0.0009764
-0.82,-0.04,0.495,0.003758
-0.8,-0.04,0.4948,0.01389
-0.78,-0.04,0.4945,0.04902
-0.76,-0.04,0.4943,0.1587
-0.74,-0.04,0.494,0.4084
-0.72,-0.04,0.4938,0.7164
-0.7,-0.04,0.4935,0.9024
-0.68,-0.04,0.4933,0.9713
-0.66,-0.04,0.493,0.992
-0.64,-0.04,0.4928,0.9978
-0.62,-0.04,0.4925,0.9994
-0.6,-0.04,0.4923,0.9998
-0.58,-0.04,0.492,0.9999
-0.56,-0.04,0.4918,1
-0.54,-0.04,0.4915,1
-0.52,-0.04,0.4913,1
-0.5,-0.04,0.491,1
-0.48,-0.04,0.4908,1
-0.46,-0.04,0.4905,1
-0.44,-0.04,0.4903,1
-0.42,-0.04,0.49,1
-0.4,-0.04,0.4898,1
-0.38,-0.04,0.4895,1
-0.36,-0.04,0.4893,1
-0.34,-0.04,0.4891,1
-0.32,-0.04,0.4888,1
-0.3,-0.04,0.4886,1
-0.28,-0.04,0.4883,1
-0.26,-0.04,0.4881,1
-0.24,-0.04,0.4878,1
-0.22,-0.04,0.4876,1
-0.2,-0.04,0.4873,1
-0.18,-0.04,0.4871,1
-0.16,-0.04,0.4868,1
-0.14,-0.04,0.4866,1
-0.12,-0.04,0.4863,1
-0.1,-0.04,0.4861,1
-0.08,-0.04,0.4858,1
-0.06,-0.04,0.4856,1
-0.04,-0.04,0.4853,1
-0.02,-0.04,0.4851,1
0,-0.04,0.4848,1
0.02,-0.04,0.4846,1
0.04,-0.04,0.4843,1
0.06,-0.04,0.4841,1
0.08,-0.04,0.4839,1
0.1,-0.04,0.4836,1
0.12,-0.04,0.4834,1
0.14,-0.04,0.4831,1
0.16,-0.04,0.4829,1
0.18,-0.04,0.4826,1
0.2,-0.04,0.4824,1
0.22,-0.04,0.4821,1
0.24,-0.04,0.4819,1
0.26,-0.04,0.4816,1
0.28,-0.04,0.4814,1
0.3,-0.04,0.4811,1
0.32,-0.04,0.4809,1
0.34,-0.04,0.4806,1
0.36,-0.04,0.4804,1
0.38,-0.04,0.4801,1
0.4,-0.04,0.4799,1
0.42,-0.04,0.4796,1
0.44,-0.04,0.4794,1
0.46,-0.04,0.4791,1
0.48,-0.04,0.4789,1
0.5,-0.04,0.4787,1
0.52,-0.04,0.4784,0.9999
0.54,-0.04,0.4782,0.9998
0.56,-0.04,0.4779,0.999
0.58,-0.04,0.4777,0.9954
0.6,-0.04,0.4774,0.9795
0.62,-0.04,0.4772,0.9137
0.64,-0.04,0.4769,0.7013
0.66,-0.04,0.4767,0.3424
0.68,-0.04,0.4764,0.1036
0.7,-0.04,0.4762,0.02498
0.72,-0.04,0.4759,0.005652
0.74,-0.04,0.4757,0.001259
0.76,-0.04,0.4754,0.0002796
0.78,-0.04,0.4752,6.203e-05
0.8,-0.04,0.4749,1.376e-05
0.82,-0.04,0.4747,3.052e-06
0.84,-0.04,0.4744,6.771e-07
0.86,-0.04,0.4742,1.573e-07
0.88,-0.04,0.474,3.739e-08
0.9,-0.04,0.4737,1.022e-08
0.92,-0.04,0.4735,3.121e-09
0.94,-0.04,0.4732,1.067e-09
0.96,-0.04,0.473,3.881e-10
0.98,-0.04,0.4727,1.439e-10
1,-0.04,0.4725,5.456e-11
1.02,-0.04,0.4722,2.069e-11
1.04,-0.04,0.472,8.022e-12
1.06,-0.04,0.4717,3.19e-12
1.08,-0.04,0.4715,1.268e-12
1.1,-0.04,0.4712,5.042e-13
1.12,-0.04,0.471,2.005e-13
1.14,-0.04,0.4707,7.915e-14
1.16,-0.04,0.4705,3.11e-14
1.18,-0.04,0.4702,1.222e-14
1.2,-0.04,0.47,4.803e-15
1.22,-0.04,0.4698,1.887e-15
1.24,-0.04,0.4695,7.416e-16
1.26,-0.04,0.4693,2.914e-16
1.28,-0.04,0.469,1.145e-16
1.3,-0.04,0.4688,4.5e-17
1.32,-0.04,0.4685,1.768e-17
1.34,-0.04,0.4683,6.948e-18
1.36,-0.04,0.468,2.73e-18
1.38,-0.04,0.4678,1.073e-18
1.4,-0.04,0.4675,4.216e-19
1.42,-0.04,0.4673,1.657e-19
1.44,-0.04,0.467,6.51e-20
1.46,-0.04,0.4668,2.558e-20
1.48,-0.04,0.4665,1.005e-20
1.5,-0.04,0.4663,3.95e-21
1.52,-0.04,0.4661,1.552e-21
1.54,-0.04,0.4658,6.099e-22
1.56,-0.04,0.4656,2.397e-22
1.58,-0.04,0.4653,9.418e-23
1.6,-0.04,0.4651,3.701e-23
-1.6,-0.02,0.5046,6.087e-19
-1.58,-0.02,0.5044,1.398e-18
-1.56,-0.02,0.5041,3.209e-18
-1.54,-0.02,0.5039,7.369e-18
-1.52,-0.02,0.5036,1.692e-17
-1.5,-0.02,0.5034,3.885e-17
-1.48,-0.02,0.5031,8.922e-17
-1.46,-0.02,0.5029,2.049e-16
-1.44,-0.02,0.5026,4.704e-16
-1.42,-0.02,0.5024,1.08e-15
-1.4,-0.02,0.5021,2.48e-15
-1.38,-0.02,0.5019,5.695e-15
-1.36,-0.02,0.5016,1.308e-14
-1.34,-0.02,0.5014,3.003e-14
-1.32,-0.02,0.5011,6.894e-14
-1.3,-0.02,0.5009,1.583e-13
-1.28,-0.02,0.5006,3.635e-13
-1.26,-0.02,0.5004,8.347e-13
-1.24,-0.02,0.5001,1.917e-12
-1.22,-0.02,0.4999,4.401e-12
-1.2,-0.02,0.4996,1.01e-11
-1.18,-0.02,0.4994,2.297e-11
-1.16,-0.02,0.4992,5.236e-11
-1.14,-0.02,0.4989,1.211e-10
-1.12,-0.02,0.4987,2.795e-10
-1.1,-0.02,0.4984,6.448e-10
-1.08,-0.02,0.4982,1.544e-09
-1.06,-0.02,0.4979,3.733e-09
-1.04,-0.02,0.4977,9.537e-09
-1.02,-0.02,0.4974,2.636e-08
-1,-0.02,0.4972,7.434e-08
-0.98,-0.02,0.4969,2.097e-07
-0.96,-0.02,0.4967,6.07e-07
-0.94,-0.02,0.4964,1.841e-06
-0.92,-0.02,0.4962,5.7e-06
-0.9,-0.02,0.4959,1.822e-05
-0.88,-0.02,0.4957,6.632e-05
-0.86,-0.02,0.4954,0.0002559
-0.84,-0.02,0.4952,0.0009869
-0.82,-0.02,0.4949,0.003798
-0.8,-0.02,0.4947,0.0145
-0.78,-0.02,0.4944,0.05345
-0.76,-0.02,0.4942,0.1713
-0.74,-0.02,0.4939,0.4306
-0.72,-0.02,0.4937,0.7346
-0.7,-0.02,0.4935,0.9101
-0.68,-0.02,0.4932,0.9736
-0.66,-0.02,0.493,0.9922
-0.64,-0.02,0.4927,0.9977
-0.62,-0.02,0.4925,0.9993
-0.6,-0.02,0.4922,0.9998
-0.58,-0.02,0.492,0.9999
-0.56,-0.02,0.4917,1
-0.54,-0.02,0.4915,1
-0.52,-0.02,0.4912,1
-0.5,-0.02,0.491,1
-0.48,-0.02,0.4907,1
-0.46,-0.02,0.4905,1
-0.44,-0.02,0.4902,1
-0.42,-0.02,0.49,1
-0.4,-0.02,0.4897,1
-0.38,-0.02,0.4895,1
-0.36,-0.02,0.4892,1
-0.34,-0.02,0.489,1
-0.32,-0.02,0.4887,1
-0.3,-0.02,0.4885,1
-0.28,-0.02,0.4883,1
-0.26,-0.02,0.488,1
-0.24,-0.02,0.4878,1
-0.22,-0.02,0.4875,1
-0.2,-0.02,0.4873,1
-0.18,-0.02,0.487,1
-0.16,-0.02,0.4868,1
-0.14,-0.02,0.4865,1
-0.12,-0.02,0.4863,1
-0.1,-0.02,0.486,1
-0.08,-0.02,0.4858,1
-0.06,-0.02,0.4855,1
-0.04,-0.02,0.4853,1
-0.02,-0.02,0.485,1
0,-0.02,0.4848,1
0.02,-0.02,0.4845,1
0.04,-0.02,0.4843,1
0.06,-0.02,0.484,1
0.08,-0.02,0.4838,1
0.1,-0.02,0.4835,1
0.12,-0.02,0.4833,1
0.14,-0.02,0.4831,1
0.16,-0.02,0.4828,1
0.18,-0.02,0.4826,1
0.2,-0.02,0.4823,1
0.22,-0.02,0.4821,1
0.24,-0.02,0.4818,1
0.26,-0.02,0.4816,1
0.28,-0.02,0.4813,1
0.3,-0.02,0.4811,1
0.32,-0.02,0.4808,1
0.34,-0.02,0.4806,1
0.36,-0.02,0.4803,1
0.38,-0.02,0.4801,1
0.4,-0.02,0.4798,1
0.42,-0.02,0.4796,1
0.44,-0.02,0.4793,1
0.46,-0.02,0.4791,1
0.48,-0.02,0.4788,1
0.5,-0.02,0.4786,1
0.52,-0.02,0.4783,0.9999
0.54,-0.02,0.4781,0.9998
0.56,-0.02,0.4779,0.999
0.58,-0.02,0.4776,0.9955
0.6,-0.02,0.4774,0.9799
0.62,-0.02,0.4771,0.9155
0.64,-0.02,0.4769,0.7061
0.66,-0.02,0.4766,0.3477
0.68,-0.02,0.4764,0.1057
0.7,-0.02,0.4761,0.02555
0.72,-0.02,0.4759,0.005783
0.74,-0.02,0.4756,0.001289
0.76,-0.02,0.4754,0.0002861
0.78,-0.02,0.4751,6.349e-05
0.8,-0.02,0.4749,1.408e-05
0.82,-0.02,0.4746,3.124e-06
0.84,-0.02,0.4744,6.929e-07
0.86,-0.02,0.4741,1.599e-07
0.88,-0.02,0.4739,3.782e-08
0.9,-0.02,0.4737,1.022e-08
0.92,-0.02,0.4734,3.114e-09
0.94,-0.02,0.4732,1.059e-09
0.96,-0.02,0.4729,3.85e-10
0.98,-0.02,0.4727,1.413e-10
1,-0.02,0.4724,5.356e-11
1.02,-0.02,0.4722,2.031e-11
1.04,-0.02,0.4719,7.87e-12
1.06,-0.02,0.4717,3.129e-12
1.08,-0.02,0.4714,1.244e-12
1.1,-0.02,0.4712,4.947e-13
1.12,-0.02,0.4709,1.967e-13
1.14,-0.02,0.4707,7.82e-14
1.16,-0.02,0.4704,3.109e-14
1.18,-0.02,0.4702,1.236e-14
1.2,-0.02,0.4699,4.915e-15
1.22,-0.02,0.4697,1.954e-15
1.24,-0.02,0.4695,7.769e-16
1.26,-0.02,0.4692,3.053e-16
1.28,-0.02,0.469,1.2e-16
1.3,-0.02,0.4687,4.714e-17
1.32,-0.02,0.4685,1.852e-17
1.34,-0.02,0.4682,7.279e-18
1.36,-0.02,0.468,2.86e-18
1.38,-0.02,0.4677,1.124e-18
1.4,-0.02,0.4675,4.417e-19
1.42,-0.02,0.4672,1.736e-19
1.44,-0.02,0.467,6.82e-20
1.46,-0.02,0.4667,2.68e-20
1.48,-0.02,0.4665,1.053e-20
1.5,-0.02,0.4662,4.138e-21
1.52,-0.02,0.466,1.626e-21
1.54,-0.02,0.4657,6.39e-22
1.56,-0.02,0.4655,2.511e-22
1.58,-0.02,0.4653,9.866e-23
1.6,-0.02,0.465,3.877e-23
-1.6,0,0.5045,5.868e-19
-1.58,0,0.5043,1.347e-18
-1.56,0,0.5041,3.094e-18
-1.54,0,0.5038,7.104e-18
-1.52,0,0.5036,1.631e-17
-1.5,0,0.5033,3.746e-17
-1.48,0,0.5031,8.601e-17
-1.46,0,0.5028,1.975e-16
-1.44,0,0.5026,4.535e-16
-1.42,0,0.5023,1.041e-15
-1.4,0,0.5021,2.391e-15
-1.38,0,0.5018,5.49e-15
-1.36,0,0.5016,1.261e-14
-1.34,0,0.5013,2.895e-14
-1.32,0,0.5011,6.647e-14
-1.3,0,0.5008,1.526e-13
-1.28,0,0.5006,3.504e-13
-1.26,0,0.5003,8.047e-13
-1.24,0,0.5001,1.833e-12
-1.22,0,0.4998,4.136e-12
-1.2,0,0.4996,9.331e-12
-1.18,0,0.4993,2.105e-11
-1.16,0,0.4991,4.768e-11
-1.14,0,0.4988,1.121e-10
-1.12,0,0.4986,2.638e-10
-1.1,0,0.4984,6.203e-10
-1.08,0,0.4981,1.505e-09
-1.06,0,0.4979,3.64e-09
-1.04,0,0.4976,9.313e-09
-1.02,0,0.4974,2.599e-08
-1,0,0.4971,7.33e-08
-0.98,0,0.4969,2.067e-07
-0.96,0,0.4966,6.025e-07
-0.94,0,0.4964,1.839e-06
-0.92,0,0.4961,5.695e-06
-0.9,0,0.4959,1.833e-05
-0.88,0,0.4956,6.703e-05
-0.86,0,0.4954,0.0002586
-0.84,0,0.4951,0.0009975
-0.82,0,0.4949,0.003839
-0.8,0,0.4946,0.01465
-0.78,0,0.4944,0.05428
-0.76,0,0.4941,0.1813
-0.74,0,0.4939,0.4531
-0.72,0,0.4936,0.7485
-0.7,0,0.4934,0.911
-0.68,0,0.4931,0.9724
-0.66,0,0.4929,0.9918
-0.64,0,0.4927,0.9976
-0.62,0,0.4924,0.9993
-0.6,0,0.4922,0.9998
-0.58,0,0.4919,0.9999
-0.56,0,0.4917,1
-0.54,0,0.4914,1
-0.52,0,0.4912,1
-0.5,0,0.4909,1
-0.48,0,0.4907,1
-0.46,0,0.4904,1
-0.44,0,0.4902,1
-0.42,0,0.4899,1
-0.4,0,0.4897,1
-0.38,0,0.4894,1
-0.36,0,0.4892,1
-0.34,0,0.4889,1
-0.32,0,0.4887,1
-0.3,0,0.4884,1
-0.28,0,0.4882,1
-0.26,0,0.4879,1
-0.24,0,0.4877,1
-0.22,0,0.4874,1
-0.2,0,0.4872,1
-0.18,0,0.487,1
-0.16,0,0.4867,1
-0.14,0,0.4865,1
-0.12,0,0.4862,1
-0.1,0,0.486,1
-0.08,0,0.4857,1
-0.06,0,0.4855,1
-0.04,0,0.4852,1
-0.02,0,0.485,1
0,0,0.4847,1
0.02,0,0.4845,1
0.04,0,0.4842,1
0.06,0,0.484,1
0.08,0,0.4837,1
0.1,0,0.4835,1
0.12,0,0.4832,1
0.14,0,0.483,1
0.16,0,0.4827,1
0.18,0,0.4825,1
0.2,0,0.4822,1
0.22,0,0.482,1
0.24,0,0.4818,1
0.26,0,0.4815,1
0.28,0,0.4813,1
0.3,0,0.481,1
0.32,0,0.4808,1
0.34,0,0.4805,1
0.36,0,0.4803,1
0.38,0,0.48,1
0.4,0,0.4798,1
0.42,0,0.4795,1
0.44,0,0.4793,1
0.46,0,0.479,1
0.48,0,0.4788,1
0.5,0,0.4785,1
0.52,0,0.4783,0.9999
0.54,0,0.478,0.9998
0.56,0,0.4778,0.999
0.58,0,0.4775,0.9956
0.6,0,0.4773,0.9804
0.62,0,0.4771,0.9173
0.64,0,0.4768,0.7109
0.66,0,0.4766,0.353
0.68,0,0.4763,0.1079
0.7,0,0.4761,0.02614
0.72,0,0.4758,0.005918
0.74,0,0.4756,0.001319
0.76,0,0.4753,0.0002929
0.78,0,0.4751,6.497e-05
0.8,0,0.4748,1.441e-05
0.82,0,0.4746,3.197e-06
0.84,0,0.4743,7.092e-07
0.86,0,0.4741,1.626e-07
0.88,0,0.4738,3.826e-08
0.9,0,0.4736,1.03e-08
0.92,0,0.4733,3.108e-09
0.94,0,0.4731,1.05e-09
0.96,0,0.4729,3.819e-10
0.98,0,0.4726,1.389e-10
1,0,0.4724,5.258e-11
1.02,0,0.4721,1.994e-11
1.04,0,0.4719,7.721e-12
1.06,0,0.4716,3.07e-12
1.08,0,0.4714,1.221e-12
1.1,0,0.4711,4.853e-13
1.12,0,0.4709,1.929e-13
1.14,0,0.4706,7.671e-14
1.16,0,0.4704,3.05e-14
1.18,0,0.4701,1.213e-14
1.2,0,0.4699,4.821e-15
1.22,0,0.4696,1.917e-15
1.24,0,0.4694,7.622e-16
1.26,0,0.4691,3.03e-16
1.28,0,0.4689,1.205e-16
1.3,0,0.4687,4.79e-17
1.32,0,0.4684,1.905e-17
1.34,0,0.4682,7.573e-18
1.36,0,0.4679,2.997e-18
1.38,0,0.4677,1.177e-18
1.4,0,0.4674,4.627e-19
1.42,0,0.4672,1.818e-19
1.44,0,0.4669,7.145e-20
1.46,0,0.4667,2.807e-20
1.48,0,0.4664,1.103e-20
1.5,0,0.4662,4.335e-21
1.52,0,0.4659,1.691e-21
1.54,0,0.4657,6.531e-22
1.56,0,0.4654,2.522e-22
1.58,0,0.4652,9.738e-23
1.6,0,0.465,3.76e-23
-1.6,0.02,0.5045,5.657e-19
-1.58,0.02,0.5042,1.299e-18
-1.56,0.02,0.504,2.983e-18
-1.54,0.02,0.5037,6.849e-18
-1.52,0.02,0.5035,1.573e-17
-1.5,0.02,0.5033,3.611e-17
-1.48,0.02,0.503,8.292e-17
-1.46,0.02,0.5028,1.904e-16
-1.44,0.02,0.5025,4.372e-16
-1.42,0.02,0.5023,1.004e-15
-1.4,0.02,0.502,2.305e-15
-1.38,0.02,0.5018,5.293e-15
-1.36,0.02,0.5015,1.215e-14
-1.34,0.02,0.5013,2.789e-14
-1.32,0.02,0.501,6.292e-14
-1.3,0.02,0.5008,1.42e-13
-1.28,0.02,0.5005,3.202e-13
-1.26,0.02,0.5003,7.224e-13
-1.24,0.02,0.5,1.63e-12
-1.22,0.02,0.4998,3.677e-12
-1.2,0.02,0.4995,8.294e-12
-1.18,0.02,0.4993,1.871e-11
-1.16,0.02,0.499,4.221e-11
-1.14,0.02,0.4988,9.883e-11
-1.12,0.02,0.4985,2.324e-10
-1.1,0.02,0.4983,5.467e-10
-1.08,0.02,0.498,1.334e-09
-1.06,0.02,0.4978,3.293e-09
-1.04,0.02,0.4976,8.582e-09
-1.02,0.02,0.4973,2.469e-08
-1,0.02,0.4971,7.129e-08
-0.98,0.02,0.4968,2.038e-07
-0.96,0.02,0.4966,5.979e-07
-0.94,0.02,0.4963,1.838e-06
-0.92,0.02,0.4961,5.69e-06
-0.9,0.02,0.4958,1.844e-05
-0.88,0.02,0.4956,6.775e-05
-0.86,0.02,0.4953,0.0002614
-0.84,0.02,0.4951,0.001008
-0.82,0.02,0.4948,0.00388
-0.8,0.02,0.4946,0.01481
-0.78,0.02,0.4943,0.05483
-0.76,0.02,0.4941,0.1781
-0.74,0.02,0.4938,0.4399
-0.72,0.02,0.4936,0.7393
-0.7,0.02,0.4933,0.907
-0.68,0.02,0.4931,0.971
-0.66,0.02,0.4928,0.9914
-0.64,0.02,0.4926,0.9974
-0.62,0.02,0.4923,0.9992
-0.6,0.02,0.4921,0.9998
-0.58,0.02,0.4919,0.9999
-0.56,0.02,0.4916,1
-0.54,0.02,0.4914,1
-0.52,0.02,0.4911,1
-0.5,0.02,0.4909,1
-0.48,0.02,0.4906,1
-0.46,0.02,0.4904,1
-0.44,0.02,0.4901,1
-0.42,0.02,0.4899,1
-0.4,0.02,0.4896,1
-0.38,0.02,0.4894,1
-0.36,0.02,0.4891,1
-0.34,0.02,0.4889,1
-0.32,0.02,0.4886,1
-0.3,0.02,0.4884,1
-0.28,0.02,0.4881,1
-0.26,0.02,0.4879,1
-0.24,0.02,0.4876,1
-0.22,0.02,0.4874,1
-0.2,0.02,0.4871,1
-0.18,0.02,0.4869,1
-0.16,0.02,0.4866,1
-0.14,0.02,0.4864,1
-0.12,0.02,0.4862,1
-0.1,0.02,0.4859,1
-0.08,0.02,0.4857,1
-0.06,0.02,0.4854,1
-0.04,0.02,0.4852,1
-0.02,0.02,0.4849,1
0,0.02,0.4847,1
0.02,0.02,0.4844,1
0.04,0.02,0.4842,1
0.06,0.02,0.4839,1
0.08,0.02,0.4837,1
0.1,0.02,0.4834,1
0.12,0.02,0.4832,1
0.14,0.02,0.4829,1
0.16,0.02,0.4827,1
0.18,0.02,0.4824,1
0.2,0.02,0.4822,1
0.22,0.02,0.4819,1
0.24,0.02,0.4817,1
0.26,0.02,0.4814,1
0.28,0.02,0.4812,1
0.3,0.02,0.481,1
0.32,0.02,0.4807,1
0.34,0.02,0.4805,1
0.36,0.02,0.4802,1
0.38,0.02,0.48,1
0.4,0.02,0.4797,1
0.42,0.02,0.4795,1
0.44,0.02,0.4792,1
0.46,0.02,0.479,1
0.48,0.02,0.4787,1
0.5,0.02,0.4785,1
0.52,0.02,0.4782,1
0.54,0.02,0.478,0.9998
0.56,0.02,0.4777,0.999
0.58,0.02,0.4775,0.9957
0.6,0.02,0.4772,0.9808
0.62,0.02,0.477,0.919
0.64,0.02,0.4767,0.7157
0.66,0.02,0.4765,0.3583
0.68,0.02,0.4763,0.1102
0.7,0.02,0.476,0.02674
0.72,0.02,0.4758,0.006056
0.74,0.02,0.4755,0.00135
0.76,0.02,0.4753,0.0002997
0.78,0.02,0.475,6.65e-05
0.8,0.02,0.4748,1.475e-05
0.82,0.02,0.4745,3.272e-06
0.84,0.02,0.4743,7.258e-07
0.86,0.02,0.474,1.654e-07
0.88,0.02,0.4738,3.88e-08
0.9,0.02,0.4735,1.038e-08
0.92,0.02,0.4733,3.101e-09
0.94,0.02,0.473,1.042e-09
0.96,0.02,0.4728,3.788e-10
0.98,0.02,0.4725,1.377e-10
1,0.02,0.4723,5.161e-11
1.02,0.02,0.4721,1.957e-11
1.04,0.02,0.4718,7.575e-12
1.06,0.02,0.4716,3.012e-12
1.08,0.02,0.4713,1.197e-12
1.1,0.02,0.4711,4.761e-13
1.12,0.02,0.4708,1.893e-13
1.14,0.02,0.4706,7.526e-14
1.16,0.02,0.4703,2.992e-14
1.18,0.02,0.4701,1.19e-14
1.2,0.02,0.4698,4.73e-15
1.22,0.02,0.4696,1.881e-15
1.24,0.02,0.4693,7.477e-16
1.26,0.02,0.4691,2.973e-16
1.28,0.02,0.4688,1.182e-16
1.3,0.02,0.4686,4.7e-17
1.32,0.02,0.4683,1.869e-17
1.34,0.02,0.4681,7.429e-18
1.36,0.02,0.4679,2.954e-18
1.38,0.02,0.4676,1.174e-18
1.4,0.02,0.4674,4.669e-19
1.42,0.02,0.4671,1.83e-19
1.44,0.02,0.4669,7.148e-20
1.46,0.02,0.4666,2.792e-20
1.48,0.02,0.4664,1.081e-20
1.5,0.02,0.4661,4.173e-21
1.52,0.02,0.4659,1.611e-21
1.54,0.02,0.4656,6.221e-22
1.56,0.02,0.4654,2.402e-22
1.58,0.02,0.4651,9.275e-23
1.6,0.02,0.4649,3.581e-23
-1.6,0.04,0.5044,5.454e-19
-1.58,0.04,0.5042,1.252e-18
-1.56,0.04,0.5039,2.876e-18
-1.54,0.04,0.5037,6.603e-18
-1.52,0.04,0.5034,1.516e-17
-1.5,0.04,0.5032,3.481e-17
-1.48,0.04,0.5029,7.994e-17
-1.46,0.04,0.5027,1.835e-16
-1.44,0.04,0.5024,4.215e-16
-1.42,0.04,0.5022,9.573e-16
-1.4,0.04,0.502,2.16e-15
-1.38,0.04,0.5017,4.872e-15
-1.36,0.04,0.5015,1.099e-14
-1.34,0.04,0.5012,2.479e-14
-1.32,0.04,0.501,5.593e-14
-1.3,0.04,0.5007,1.262e-13
-1.28,0.04,0.5005,2.846e-13
-1.26,0.04,0.5002,6.421e-13
-1.24,0.04,0.5,1.449e-12
-1.22,0.04,0.4997,3.268e-12
-1.2,0.04,0.4995,7.372e-12
-1.18,0.04,0.4992,1.663e-11
-1.16,0.04,0.499,3.752e-11
-1.14,0.04,0.4987,8.709e-11
-1.12,0.04,0.4985,2.048e-10
-1.1,0.04,0.4982,4.818e-10
-1.08,0.04,0.498,1.17e-09
-1.06,0.04,0.4977,2.888e-09
-1.04,0.04,0.4975,7.487e-09
-1.02,0.04,0.4972,2.162e-08
-1,0.04,0.497,6.241e-08
-0.98,0.04,0.4967,1.802e-07
-0.96,0.04,0.4965,5.413e-07
-0.94,0.04,0.4963,1.711e-06
-0.92,0.04,0.496,5.441e-06
-0.9,0.04,0.4958,1.82e-05
-0.88,0.04,0.4955,6.848e-05
-0.86,0.04,0.4953,0.0002642
-0.84,0.04,0.495,0.001019
-0.82,0.04,0.4948,0.003921
-0.8,0.04,0.4945,0.01429
-0.78,0.04,0.4943,0.04992
-0.76,0.04,0.494,0.16
-0.74,0.04,0.4938,0.4085
-0.72,0.04,0.4935,0.7146
-0.7,0.04,0.4933,0.9008
-0.68,0.04,0.493,0.9696
-0.66,0.04,0.4928,0.9909
-0.64,0.04,0.4925,0.9973
-0.62,0.04,0.4923,0.9992
-0.6,0.04,0.492,0.9998
-0.58,0.04,0.4918,0.9999
-0.56,0.04,0.4915,1
-0.54,0.04,0.4913,1
-0.52,0.04,0.491,1
-0.5,0.04,0.4908,1
-0.48,0.04,0.4906,1
-0.46,0.04,0.4903,1
-0.44,0.04,0.4901,1
-0.42,0.04,0.4898,1
-0.4,0.04,0.4896,1
-0.38,0.04,0.4893,1
-0.36,0.04,0.4891,1
-0.34,0.04,0.4888,1
-0.32,0.04,0.4886,1
-0.3,0.04,0.4883,1
-0.28,0.04,0.4881,1
-0.26,0.04,0.4878,1
-0.24,0.04,0.4876,1
-0.22,0.04,0.4873,1
-0.2,0.04,0.4871,1
-0.18,0.04,0.4868,1
-0.16,0.04,0.4866,1
-0.14,0.04,0.4863,1
-0.12,0.04,0.4861,1
-0.1,0.04,0.4858,1
-0.08,0.04,0.4856,1
-0.06,0.04,0.4854,1
-0.04,0.04,0.4851,1
-0.02,0.04,0.4849,1
0,0.04,0.4846,1
0.02,0.04,0.4844,1
0.04,0.04,0.4841,1
0.06,0.04,0.4839,1
0.08,0.04,0.4836,1
0.1,0.04,0.4834,1
0.12,0.04,0.4831,1
0.14,0.04,0.4829,1
0.16,0.04,0.4826,1
0.18,0.04,0.4824,1
0.2,0.04,0.4821,1
0.22,0.04,0.4819,1
0.24,0.04,0.4816,1
0.26,0.04,0.4814,1
0.28,0.04,0.4811,1
0.3,0.04,0.4809,1
0.32,0.04,0.4806,1
0.34,0.04,0.4804,1
0.36,0.04,0.4802,1
0.38,0.04,0.4799,1
0.4,0.04,0.4797,1
0.42,0.04,0.4794,1
0.44,0.04,0.4792,1
0.46,0.04,0.4789,1
0.48,0.04,0.4787,1
0.5,0.04,0.4784,1
0.52,0.04,0.4782,1
0.54,0.04,0.4779,0.9998
0.56,0.04,0.4777,0.999
0.58,0.04,0.4774,0.9958
0.6,0.04,0.4772,0.9813
0.62,0.04,0.4769,0.9207
0.64,0.04,0.4767,0.7203
0.66,0.04,0.4764,0.3636
0.68,0.04,0.4762,0.1125
0.7,0.04,0.4759,0.02735
0.72,0.04,0.4757,0.006198
0.74,0.04,0.4755,0.001381
0.76,0.04,0.4752,0.0003068
0.78,0.04,0.475,6.806e-05
0.8,0.04,0.4747,1.51e-05
0.82,0.04,0.4745,3.349e-06
0.84,0.04,0.4742,7.429e-07
0.86,0.04,0.474,1.681e-07
0.88,0.04,0.4737,3.946e-08
0.9,0.04,0.4735,1.046e-08
0.92,0.04,0.4732,3.094e-09
0.94,0.04,0.473,1.033e-09
0.96,0.04,0.4727,3.758e-10
0.98,0.04,0.4725,1.366e-10
1,0.04,0.4722,5.067e-11
1.02,0.04,0.472,1.921e-11
1.04,0.04,0.4717,7.431e-12
1.06,0.04,0.4715,2.954e-12
1.08,0.04,0.4713,1.175e-12
1.1,0.04,0.471,4.67e-13
1.12,0.04,0.4708,1.857e-13
1.14,0.04,0.4705,7.383e-14
1.16,0.04,0.4703,2.935e-14
1.18,0.04,0.47,1.167e-14
1.2,0.04,0.4698,4.64e-15
1.22,0.04,0.4695,1.845e-15
1.24,0.04,0.4693,7.335e-16
1.26,0.04,0.469,2.917e-16
1.28,0.04,0.4688,1.16e-16
1.3,0.04,0.4685,4.589e-17
1.32,0.04,0.4683,1.793e-17
1.34,0.04,0.468,7.004e-18
1.36,0.04,0.4678,2.736e-18
1.38,0.04,0.4675,1.069e-18
1.4,0.04,0.4673,4.177e-19
1.42,0.04,0.4671,1.632e-19
1.44,0.04,0.4668,6.375e-20
1.46,0.04,0.4666,2.491e-20
1.48,0.04,0.4663,9.731e-21
1.5,0.04,0.4661,3.802e-21
1.52,0.04,0.4658,1.485e-21
1.54,0.04,0.4656,5.803e-22
1.56,0.04,0.4653,2.267e-22
1.58,0.04,0.4651,8.834e-23
1.6,0.04,0.4648,3.411e-23
-1.6,0.06,0.5044,5.258e-19
-1.58,0.06,0.5041,1.207e-18
-1.56,0.06,0.5039,2.772e-18
-1.54,0.06,0.5036,6.365e-18
-1.52,0.06,0.5034,1.456e-17
-1.5,0.06,0.5031,3.285e-17
-1.48,0.06,0.5029,7.411e-17
-1.46,0.06,0.5026,1.672e-16
-1.44,0.06,0.5024,3.772e-16
-1.42,0.06,0.5021,8.509e-16
-1.4,0.06,0.5019,1.92e-15
-1.38,0.06,0.5016,4.33e-15
-1.36,0.06,0.5014,9.769e-15
-1.34,0.06,0.5012,2.204e-14
-1.32,0.06,0.5009,4.972e-14
-1.3,0.06,0.5007,1.122e-13
-1.28,0.06,0.5004,2.53e-13
-1.26,0.06,0.5002,5.708e-13
-1.24,0.06,0.4999,1.288e-12
-1.22,0.06,0.4997,2.905e-12
-1.2,0.06,0.4994,6.553e-12
-1.18,0.06,0.4992,1.478e-11
-1.16,0.06,0.4989,3.335e-11
-1.14,0.06,0.4987,7.675e-11
-1.12,0.06,0.4984,1.805e-10
-1.1,0.06,0.4982,4.246e-10
-1.08,0.06,0.4979,1.026e-09
-1.06,0.06,0.4977,2.533e-09
-1.04,0.06,0.4974,6.581e-09
-1.02,0.06,0.4972,1.893e-08
-1,0.06,0.4969,5.464e-08
-0.98,0.06,0.4967,1.578e-07
-0.96,0.06,0.4964,4.727e-07
-0.94,0.06,0.4962,1.494e-06
-0.92,0.06,0.4959,4.752e-06
-0.9,0.06,0.4957,1.578e-05
-0.88,0.06,0.4955,5.921e-05
-0.86,0.06,0.4952,0.0002362
-0.84,0.06,0.495,0.0008853
-0.82,0.06,0.4947,0.003309
-0.8,0.06,0.4945,0.01229
-0.78,0.06,0.4942,0.04416
-0.76,0.06,0.494,0.1435
-0.74,0.06,0.4937,0.3778
-0.72,0.06,0.4935,0.6876
-0.7,0.06,0.4932,0.8887
-0.68,0.06,0.493,0.9664
-0.66,0.06,0.4927,0.9904
-0.64,0.06,0.4925,0.9971
-0.62,0.06,0.4922,0.9992
-0.6,0.06,0.492,0.9998
-0.58,0.06,0.4917,0.9999
-0.56,0.06,0.4915,1
-0.54,0.06,0.4912,1
-0.52,0.06,0.491,1
-0.5,0.06,0.4907,1
-0.48,0.06,0.4905,1
-0.46,0.06,0.4902,1
-0.44,0.06,0.49,1
-0.42,0.06,0.4898,1
-0.4,0.06,0.4895,1
-0.38,0.06,0.4893,1
-0.36,0.06,0.489,1
-0.34,0.06,0.4888,1
-0.32,0.06,0.4885,1
-0.3,0.06,0.4883,1
-0.28,0.06,0.488,1
-0.26,0.06,0.4878,1
-0.24,0.06,0.4875,1
-0.22,0.06,0.4873,1
-0.2,0.06,0.487,1
-0.18,0.06,0.4868,1
-0.16,0.06,0.4865,1
-0.14,0.06,0.4863,1
-0.12,0.06,0.486,1
-0.1,0.06,0.4858,1
-0.08,0.06,0.4855,1
-0.06,0.06,0.4853,1
-0.04,0.06,0.485,1
-0.02,0.06,0.4848,1
0,0.06,0.4846,1
0.02,0.06,0.4843,1
0.04,0.06,0.4841,1
0.06,0.06,0.4838,1
0.08,0.06,0.4836,1
0.1,0.06,0.4833,1
0.12,0.06,0.4831,1
0.14,0.06,0.4828,1
0.16,0.06,0.4826,1
0.18,0.06,0.4823,1
0.2,0.06,0.4821,1
0.22,0.06,0.4818,1
0.24,0.06,0.4816,1
0.26,0.06,0.4813,1
0.28,0.06,0.4811,1
0.3,0.06,0.4808,1
0.32,0.06,0.4806,1
0.34,0.06,0.4803,1
0.36,0.06,0.4801,1
0.38,0.06,0.4798,1
0.4,0.06,0.4796,1
0.42,0.06,0.4794,1
0.44,0.06,0.4791,1
0.46,0.06,0.4789,1
0.48,0.06,0.4786,1
0.5,0.06,0.4784,1
0.52,0.06,0.4781,1
0.54,0.06,0.4779,0.9998
0.56,0.06,0.4776,0.9991
0.58,0.06,0.4774,0.9959
0.6,0.06,0.4771,0.9817
0.62,0.06,0.4769,0.9224
0.64,0.06,0.4766,0.725
0.66,0.06,0.4764,0.369
0.68,0.06,0.4761,0.1148
0.7,0.06,0.4759,0.02797
0.72,0.06,0.4756,0.006342
0.74,0.06,0.4754,0.001414
0.76,0.06,0.4751,0.0003139
0.78,0.06,0.4749,6.966e-05
0.8,0.06,0.4747,1.545e-05
0.82,0.06,0.4744,3.428e-06
0.84,0.06,0.4742,7.603e-07
0.86,0.06,0.4739,1.71e-07
0.88,0.06,0.4737,4.012e-08
0.9,0.06,0.4734,1.054e-08
0.92,0.06,0.4732,3.088e-09
0.94,0.06,0.4729,1.027e-09
0.96,0.06,0.4727,3.728e-10
0.98,0.06,0.4724,1.355e-10
1,0.06,0.4722,4.974e-11
1.02,0.06,0.4719,1.886e-11
1.04,0.06,0.4717,7.29e-12
1.06,0.06,0.4714,2.898e-12
1.08,0.06,0.4712,1.152e-12
1.1,0.06,0.4709,4.582e-13
1.12,0.06,0.4707,1.822e-13
1.14,0.06,0.4705,7.243e-14
1.16,0.06,0.4702,2.88e-14
1.18,0.06,0.47,1.145e-14
1.2,0.06,0.4697,4.497e-15
1.22,0.06,0.4695,1.757e-15
1.24,0.06,0.4692,6.864e-16
1.26,0.06,0.469,2.682e-16
1.28,0.06,0.4687,1.048e-16
1.3,0.06,0.4685,4.093e-17
1.32,0.06,0.4682,1.599e-17
1.34,0.06,0.468,6.247e-18
1.36,0.06,0.4677,2.441e-18
1.38,0.06,0.4675,9.536e-19
1.4,0.06,0.4672,3.725e-19
1.42,0.06,0.467,1.455e-19
1.44,0.06,0.4668,5.686e-20
1.46,0.06,0.4665,2.221e-20
1.48,0.06,0.4663,8.679e-21
1.5,0.06,0.466,3.352e-21
1.52,0.06,0.4658,1.289e-21
1.54,0.06,0.4655,4.958e-22
1.56,0.06,0.4653,1.907e-22
1.58,0.06,0.465,7.334e-23
1.6,0.06,0.4648,2.82e-23
-1.6,0.08,0.5043,4.998e-19
-1.58,0.08,0.5041,1.128e-18
-1.56,0.08,0.5038,2.544e-18
-1.54,0.08,0.5036,5.738e-18
-1.52,0.08,0.5033,1.294e-17
-1.5,0.08,0.5031,2.92e-17
-1.48,0.08,0.5028,6.588e-17
-1.46,0.08,0.5026,1.486e-16
-1.44,0.08,0.5023,3.353e-16
-1.42,0.08,0.5021,7.563e-16
-1.4,0.08,0.5018,1.706e-15
-1.38,0.08,0.5016,3.849e-15
-1.36,0.08,0.5013,8.683e-15
-1.34,0.08,0.5011,1.959e-14
-1.32,0.08,0.5008,4.419e-14
-1.3,0.08,0.5006,9.969e-14
-1.28,0.08,0.5003,2.249e-13
-1.26,0.08,0.5001,5.074e-13
-1.24,0.08,0.4999,1.145e-12
-1.22,0.08,0.4996,2.582e-12
-1.2,0.08,0.4994,5.825e-12
-1.18,0.08,0.4991,1.314e-11
-1.16,0.08,0.4989,2.964e-11
-1.14,0.08,0.4986,6.764e-11
-1.12,0.08,0.4984,1.591e-10
-1.1,0.08,0.4981,3.742e-10
-1.08,0.08,0.4979,8.998e-10
-1.06,0.08,0.4976,2.221e-09
-1.04,0.08,0.4974,5.803e-09
-1.02,0.08,0.4971,1.657e-08
-1,0.08,0.4969,4.784e-08
-0.98,0.08,0.4966,1.381e-07
-0.96,0.08,0.4964,4.129e-07
-0.94,0.08,0.4961,1.305e-06
-0.92,0.08,0.4959,4.15e-06
-0.9,0.08,0.4956,1.357e-05
-0.88,0.08,0.4954,4.691e-05
-0.86,0.08,0.4951,0.0001758
-0.84,0.08,0.4949,0.0006583
-0.82,0.08,0.4946,0.002463
-0.8,0.08,0.4944,0.009166
-0.78,0.08,0.4942,0.03351
-0.76,0.08,0.4939,0.115
-0.74,0.08,0.4937,0.3274
-0.72,0.08,0.4934,0.6459
-0.7,0.08,0.4932,0.8722
-0.68,0.08,0.4929,0.9617
-0.66,0.08,0.4927,0.989
-0.64,0.08,0.4924,0.9969
-0.62,0.08,0.4922,0.9991
-0.6,0.08,0.4919,0.9997
-0.58,0.08,0.4917,0.9999
-0.56,0.08,0.4914,1
-0.54,0.08,0.4912,1
-0.52,0.08,0.4909,1
-0.5,0.08,0.4907,1
-0.48,0.08,0.4904,1
-0.46,0.08,0.4902,1
-0.44,0.08,0.4899,1
-0.42,0.08,0.4897,1
-0.4,0.08,0.4894,1
-0.38,0.08,0.4892,1
-0.36,0.08,0.489,1
-0.34,0.08,0.4887,1
-0.32,0.08,0.4885,1
-0.3,0.08,0.4882,1
-0.28,0.08,0.488,1
-0.26,0.08,0.4877,1
-0.24,0.08,0.4875,1
-0.22,0.08,0.4872,1
-0.2,0.08,0.487,1
-0.18,0.08,0.4867,1
-0.16,0.08,0.4865,1
-0.14,0.08,0.4862,1
-0.12,0.08,0.486,1
-0.1,0.08,0.4857,1
-0.08,0.08,0.4855,1
-0.06,0.08,0.4852,1
-0.04,0.08,0.485,1
-0.02,0.08,0.4847,1
0,0.08,0.4845,1
0.02,0.08,0.4842,1
0.04,0.08,0.484,1
0.06,0.08,0.4838,1
0.08,0.08,0.4835,1
0.1,0.08,0.4833,1
0.12,0.08,0.483,1
0.14,0.08,0.4828,1
0.16,0.08,0.4825,1
0.18,0.08,0.4823,1
0.2,0.08,0.482,1
0.22,0.08,0.4818,1
0.24,0.08,0.4815,1
0.26,0.08,0.4813,1
0.28,0.08,0.481,1
0.3,0.08,0.4808,1
0.32,0.08,0.4805,1
0.34,0.08,0.4803,1
0.36,0.08,0.48,1
0.38,0.08,0.4798,1
0.4,0.08,0.4795,1
0.42,0.08,0.4793,1
0.44,0.08,0.479,1
0.46,0.08,0.4788,1
0.48,0.08,0.4786,1
0.5,0.08,0.4783,1
0.52,0.08,0.4781,1
0.54,0.08,0.4778,0.9998
0.56,0.08,0.4776,0.9991
0.58,0.08,0.4773,0.9959
0.6,0.08,0.4771,0.9821
0.62,0.08,0.4768,0.924
0.64,0.08,0.4766,0.7296
0.66,0.08,0.4763,0.3744
0.68,0.08,0.4761,0.1172
0.7,0.08,0.4758,0.02861
0.72,0.08,0.4756,0.00649
0.74,0.08,0.4753,0.001447
0.76,0.08,0.4751,0.0003213
0.78,0.08,0.4748,7.129e-05
0.8,0.08,0.4746,1.581e-05
0.82,0.08,0.4743,3.508e-06
0.84,0.08,0.4741,7.781e-07
0.86,0.08,0.4739,1.739e-07
0.88,0.08,0.4736,4.08e-08
0.9,0.08,0.4734,1.063e-08
0.92,0.08,0.4731,3.091e-09
0.94,0.08,0.4729,1.02e-09
0.96,0.08,0.4726,3.698e-10
0.98,0.08,0.4724,1.344e-10
1,0.08,0.4721,4.889e-11
1.02,0.08,0.4719,1.851e-11
1.04,0.08,0.4716,7.152e-12
1.06,0.08,0.4714,2.843e-12
1.08,0.08,0.4711,1.128e-12
1.1,0.08,0.4709,4.407e-13
1.12,0.08,0.4706,1.722e-13
1.14,0.08,0.4704,6.726e-14
1.16,0.08,0.4701,2.628e-14
1.18,0.08,0.4699,1.027e-14
1.2,0.08,0.4697,4.011e-15
1.22,0.08,0.4694,1.567e-15
1.24,0.08,0.4692,6.122e-16
1.26,0.08,0.4689,2.392e-16
1.28,0.08,0.4687,9.344e-17
1.3,0.08,0.4684,3.651e-17
1.32,0.08,0.4682,1.426e-17
1.34,0.08,0.4679,5.572e-18
1.36,0.08,0.4677,2.172e-18
1.38,0.08,0.4674,8.354e-19
1.4,0.08,0.4672,3.213e-19
1.42,0.08,0.4669,1.236e-19
1.44,0.08,0.4667,4.752e-20
1.46,0.08,0.4664,1.828e-20
1.48,0.08,0.4662,7.029e-21
1.5,0.08,0.466,2.703e-21
1.52,0.08,0.4657,1.04e-21
1.54,0.08,0.4655,3.998e-22
1.56,0.08,0.4652,1.538e-22
1.58,0.08,0.465,5.913e-23
1.6,0.08,0.4647,2.274e-23
-1.6,0.1,0.5043,4.308e-19
-1.58,0.1,0.504,9.753e-19
-1.56,0.1,0.5038,2.208e-18
-1.54,0.1,0.5035,4.998e-18
-1.52,0.1,0.5033,1.132e-17
-1.5,0.1,0.503,2.562e-17
-1.48,0.1,0.5028,5.799e-17
-1.46,0.1,0.5025,1.313e-16
-1.44,0.1,0.5023,2.972e-16
-1.42,0.1,0.502,6.723e-16
-1.4,0.1,0.5018,1.517e-15
-1.38,0.1,0.5015,3.421e-15
-1.36,0.1,0.5013,7.718e-15
-1.34,0.1,0.501,1.741e-14
-1.32,0.1,0.5008,3.928e-14
-1.3,0.1,0.5005,8.861e-14
-1.28,0.1,0.5003,1.999e-13
-1.26,0.1,0.5,4.51e-13
-1.24,0.1,0.4998,1.017e-12
-1.22,0.1,0.4995,2.295e-12
-1.2,0.1,0.4993,5.178e-12
-1.18,0.1,0.4991,1.168e-11
-1.16,0.1,0.4988,2.635e-11
-1.14,0.1,0.4986,5.961e-11
-1.12,0.1,0.4983,1.402e-10
-1.1,0.1,0.4981,3.297e-10
-1.08,0.1,0.4978,7.891e-10
-1.06,0.1,0.4976,1.948e-09
-1.04,0.1,0.4973,5.116e-09
-1.02,0.1,0.4971,1.451e-08
-1,0.1,0.4968,4.188e-08
-0.98,0.1,0.4966,1.209e-07
-0.96,0.1,0.4963,3.606e-07
-0.94,0.1,0.4961,1.112e-06
-0.92,0.1,0.4958,3.341e-06
-0.9,0.1,0.4956,1.04e-05
-0.88,0.1,0.4953,3.487e-05
-0.86,0.1,0.4951,0.0001307
-0.84,0.1,0.4948,0.0004895
-0.82,0.1,0.4946,0.001832
-0.8,0.1,0.4943,0.006831
-0.78,0.1,0.4941,0.02513
-0.76,0.1,0.4938,0.08808
-0.74,0.1,0.4936,0.2658
-0.72,0.1,0.4934,0.5756
-0.7,0.1,0.4931,0.8343
-0.68,0.1,0.4929,0.9491
-0.66,0.1,0.4926,0.9857
-0.64,0.1,0.4924,0.9961
-0.62,0.1,0.4921,0.9989
-0.6,0.1,0.4919,0.9997
-0.58,0.1,0.4916,0.9999
-0.56,0.1,0.4914,1
-0.54,0.1,0.4911,1
-0.52,0.1,0.4909,1
-0.5,0.1,0.4906,1
-0.48,0.1,0.4904,1
-0.46,0.1,0.4901,1
-0.44,0.1,0.4899,1
-0.42,0.1,0.4896,1
-0.4,0.1,0.4894,1
-0.38,0.1,0.4891,1
-0.36,0.1,0.4889,1
-0.34,0.1,0.4886,1
-0.32,0.1,0.4884,1
-0.3,0.1,0.4881,1
-0.28,0.1,0.4879,1
-0.26,0.1,0.4877,1
-0.24,0.1,0.4874,1
-0.22,0.1,0.4872,1
-0.2,0.1,0.4869,1
-0.18,0.1,0.4867,1
-0.16,0.1,0.4864,1
-0.14,0.1,0.4862,1
-0.12,0.1,0.4859,1
-0.1,0.1,0.4857,1
-0.08,0.1,0.4854,1
-0.06,0.1,0.4852,1
-0.04,0.1,0.4849,1
-0.02,0.1,0.4847,1
0,0.1,0.4844,1
0.02,0.1,0.4842,1
0.04,0.1,0.4839,1
0.06,0.1,0.4837,1
0.08,0.1,0.4834,1
0.1,0.1,0.4832,1
0.12,0.1,0.4829,1
0.14,0.1,0.4827,1
0.16,0.1,0.4825,1
0.18,0.1,0.4822,1
0.2,0.1,0.482,1
0.22,0.1,0.4817,1
0.24,0.1,0.4815,1
0.26,0.1,0.4812,1
0.28,0.1,0.481,1
0.3,0.1,0.4807,1
0.32,0.1,0.4805,1
0.34,0.1,0.4802,1
0.36,0.1,0.48,1
0.38,0.1,0.4797,1
0.4,0.1,0.4795,1
0.42,0.1,0.4792,1
0.44,0.1,0.479,1
0.46,0.1,0.4787,1
0.48,0.1,0.4785,1
0.5,0.1,0.4782,1
0.52,0.1,0.478,1
0.54,0.1,0.4778,0.9998
0.56,0.1,0.4775,0.9991
0.58,0.1,0.4773,0.996
0.6,0.1,0.477,0.9824
0.62,0.1,0.4768,0.9256
0.64,0.1,0.4765,0.7341
0.66,0.1,0.4763,0.3799
0.68,0.1,0.476,0.1196
0.7,0.1,0.4758,0.02926
0.72,0.1,0.4755,0.006641
0.74,0.1,0.4753,0.001481
0.76,0.1,0.475,0.0003288
0.78,0.1,0.4748,7.296e-05
0.8,0.1,0.4745,1.619e-05
0.82,0.1,0.4743,3.59e-06
0.84,0.1,0.474,7.964e-07
0.86,0.1,0.4738,1.768e-07
0.88,0.1,0.4735,4.148e-08
0.9,0.1,0.4733,1.071e-08
0.92,0.1,0.4731,3.116e-09
0.94,0.1,0.4728,1.014e-09
0.96,0.1,0.4726,3.668e-10
0.98,0.1,0.4723,1.32e-10
1,0.1,0.4721,4.712e-11
1.02,0.1,0.4718,1.735e-11
1.04,0.1,0.4716,6.591e-12
1.06,0.1,0.4713,2.575e-12
1.08,0.1,0.4711,1.006e-12
1.1,0.1,0.4708,3.931e-13
1.12,0.1,0.4706,1.536e-13
1.14,0.1,0.4703,5.999e-14
1.16,0.1,0.4701,2.344e-14
1.18,0.1,0.4698,9.157e-15
1.2,0.1,0.4696,3.577e-15
1.22,0.1,0.4694,1.398e-15
1.24,0.1,0.4691,5.413e-16
1.26,0.1,0.4689,2.082e-16
1.28,0.1,0.4686,8.007e-17
1.3,0.1,0.4684,3.079e-17
1.32,0.1,0.4681,1.184e-17
1.34,0.1,0.4679,4.555e-18
1.36,0.1,0.4676,1.752e-18
1.38,0.1,0.4674,6.737e-19
1.4,0.1,0.4671,2.591e-19
1.42,0.1,0.4669,9.964e-20
1.44,0.1,0.4666,3.832e-20
1.46,0.1,0.4664,1.474e-20
1.48,0.1,0.4661,5.668e-21
1.5,0.1,0.4659,2.18e-21
1.52,0.1,0.4656,8.383e-22
1.54,0.1,0.4654,3.224e-22
1.56,0.1,0.4652,1.24e-22
1.58,0.1,0.4649,4.768e-23
1.6,0.1,0.4647,1.834e-23
-1.6,0.12,0.5042,3.669e-19
-1.58,0.12,0.504,8.306e-19
-1.56,0.12,0.5037,1.88e-18
-1.54,0.12,0.5035,4.257e-18
-1.52,0.12,0.5032,9.637e-18
-1.5,0.12,0.503,2.182e-17
-1.48,0.12,0.5027,4.939e-17
-1.46,0.12,0.5025,1.118e-16
-1.44,0.12,0.5022,2.531e-16
-1.42,0.12,0.502,5.731e-16
-1.4,0.12,0.5017,1.297e-15
-1.38,0.12,0.5015,2.937e-15
-1.36,0.12,0.5012,6.649e-15
-1.34,0.12,0.501,1.505e-14
-1.32,0.12,0.5007,3.408e-14
-1.3,0.12,0.5005,7.714e-14
-1.28,0.12,0.5002,1.746e-13
-1.26,0.12,0.5,3.954e-13
-1.24,0.12,0.4997,8.95e-13
-1.22,0.12,0.4995,2.026e-12
-1.2,0.12,0.4992,4.587e-12
-1.18,0.12,0.499,1.038e-11
-1.16,0.12,0.4987,2.342e-11
-1.14,0.12,0.4985,5.284e-11
-1.12,0.12,0.4983,1.236e-10
-1.1,0.12,0.498,2.906e-10
-1.08,0.12,0.4978,6.921e-10
-1.06,0.12,0.4975,1.709e-09
-1.04,0.12,0.4973,4.511e-09
-1.02,0.12,0.497,1.27e-08
-1,0.12,0.4968,3.667e-08
-0.98,0.12,0.4965,1.023e-07
-0.96,0.12,0.4963,2.88e-07
-0.94,0.12,0.496,8.563e-07
-0.92,0.12,0.4958,2.574e-06
-0.9,0.12,0.4955,7.978e-06
-0.88,0.12,0.4953,2.603e-05
-0.86,0.12,0.495,9.716e-05
-0.84,0.12,0.4948,0.000364
-0.82,0.12,0.4945,0.001363
-0.8,0.12,0.4943,0.005087
-0.78,0.12,0.494,0.0188
-0.76,0.12,0.4938,0.067
-0.74,0.12,0.4935,0.212
-0.72,0.12,0.4933,0.501
-0.7,0.12,0.493,0.7879
-0.68,0.12,0.4928,0.9322
-0.66,0.12,0.4926,0.9807
-0.64,0.12,0.4923,0.9947
-0.62,0.12,0.4921,0.9986
-0.6,0.12,0.4918,0.9996
-0.58,0.12,0.4916,0.9999
-0.56,0.12,0.4913,1
-0.54,0.12,0.4911,1
-0.52,0.12,0.4908,1
-0.5,0.12,0.4906,1
-0.48,0.12,0.4903,1
-0.46,0.12,0.4901,1
-0.44,0.12,0.4898,1
-0.42,0.12,0.4896,1
-0.4,0.12,0.4893,1
-0.38,0.12,0.4891,1
-0.36,0.12,0.4888,1
-0.34,0.12,0.4886,1
-0.32,0.12,0.4883,1
-0.3,0.12,0.4881,1
-0.28,0.12,0.4878,1
-0.26,0.12,0.4876,1
-0.24,0.12,0.4873,1
-0.22,0.12,0.4871,1
-0.2,0.12,0.4869,1
-0.18,0.12,0.4866,1
-0.16,0.12,0.4864,1
-0.14,0.12,0.4861,1
-0.12,0.12,0.4859,1
-0.1,0.12,0.4856,1
-0.08,0.12,0.4854,1
-0.06,0.12,0.4851,1
-0.04,0.12,0.4849,1
-0.02,0.12,0.4846,1
0,0.12,0.4844,1
0.02,0.12,0.4841,1
0.04,0.12,0.4839,1
0.06,0.12,0.4836,1
0.08,0.12,0.4834,1
0.1,0.12,0.4831,1
0.12,0.12,0.4829,1
0.14,0.12,0.4826,1
0.16,0.12,0.4824,1
0.18,0.12,0.4821,1
0.2,0.12,0.4819,1
0.22,0.12,0.4817,1
0.24,0.12,0.4814,1
0.26,0.12,0.4812,1
0.28,0.12,0.4809,1
0.3,0.12,0.4807,1
0.32,0.12,0.4804,1
0.34,0.12,0.4802,1
0.36,0.12,0.4799,1
0.38,0.12,0.4797,1
0.4,0.12,0.4794,1
0.42,0.12,0.4792,1
0.44,0.12,0.4789,1
0.46,0.12,0.4787,1
0.48,0.12,0.4784,1
0.5,0.12,0.4782,1
0.52,0.12,0.4779,0.9999
0.54,0.12,0.4777,0.9998
0.56,0.12,0.4774,0.9991
0.58,0.12,0.4772,0.996
0.6,0.12,0.477,0.9826
0.62,0.12,0.4767,0.9272
0.64,0.12,0.4765,0.7387
0.66,0.12,0.4762,0.3853
0.68,0.12,0.476,0.1221
0.7,0.12,0.4757,0.02992
0.72,0.12,0.4755,0.006796
0.74,0.12,0.4752,0.001515
0.76,0.12,0.475,0.0003366
0.78,0.12,0.4747,7.467e-05
0.8,0.12,0.4745,1.657e-05
0.82,0.12,0.4742,3.675e-06
0.84,0.12,0.474,8.151e-07
0.86,0.12,0.4737,1.808e-07
0.88,0.12,0.4735,4.105e-08
0.9,0.12,0.4732,1.032e-08
0.92,0.12,0.473,2.934e-09
0.94,0.12,0.4728,9.346e-10
0.96,0.12,0.4725,3.32e-10
0.98,0.12,0.4723,1.185e-10
1,0.12,0.472,4.23e-11
1.02,0.12,0.4718,1.544e-11
1.04,0.12,0.4715,5.879e-12
1.06,0.12,0.4713,2.297e-12
1.08,0.12,0.471,8.973e-13
1.1,0.12,0.4708,3.506e-13
1.12,0.12,0.4705,1.349e-13
1.14,0.12,0.4703,5.188e-14
1.16,0.12,0.47,1.995e-14
1.18,0.12,0.4698,7.674e-15
1.2,0.12,0.4695,2.951e-15
1.22,0.12,0.4693,1.135e-15
1.24,0.12,0.469,4.365e-16
1.26,0.12,0.4688,1.679e-16
1.28,0.12,0.4686,6.456e-17
1.3,0.12,0.4683,2.483e-17
1.32,0.12,0.4681,9.549e-18
1.34,0.12,0.4678,3.673e-18
1.36,0.12,0.4676,1.412e-18
1.38,0.12,0.4673,5.432e-19
1.4,0.12,0.4671,2.089e-19
1.42,0.12,0.4668,8.034e-20
1.44,0.12,0.4666,3.09e-20
1.46,0.12,0.4663,1.188e-20
1.48,0.12,0.4661,4.57e-21
1.5,0.12,0.4658,1.758e-21
1.52,0.12,0.4656,6.76e-22
1.54,0.12,0.4653,2.6e-22
1.56,0.12,0.4651,9.998e-23
1.58,0.12,0.4649,3.845e-23
1.6,0.12,0.4646,1.479e-23
-1.6,0.14,0.5041,3.125e-19
-1.58,0.14,0.5039,7.074e-19
-1.56,0.14,0.5036,1.602e-18
-1.54,0.14,0.5034,3.626e-18
-1.52,0.14,0.5031,8.208e-18
-1.5,0.14,0.5029,1.858e-17
-1.48,0.14,0.5027,4.207e-17
-1.46,0.14,0.5024,9.523e-17
-1.44,0.14,0.5022,2.156e-16
-1.42,0.14,0.5019,4.881e-16
-1.4,0.14,0.5017,1.105e-15
-1.38,0.14,0.5014,2.501e-15
-1.36,0.14,0.5012,5.663e-15
-1.34,0.14,0.5009,1.282e-14
-1.32,0.14,0.5007,2.902e-14
-1.3,0.14,0.5004,6.57e-14
-1.28,0.14,0.5002,1.487e-13
-1.26,0.14,0.4999,3.367e-13
-1.24,0.14,0.4997,7.623e-13
-1.22,0.14,0.4994,1.726e-12
-1.2,0.14,0.4992,3.907e-12
-1.18,0.14,0.4989,8.844e-12
-1.16,0.14,0.4987,2.002e-11
-1.14,0.14,0.4984,4.533e-11
-1.12,0.14,0.4982,1.052e-10
-1.1,0.14,0.4979,2.483e-10
-1.08,0.14,0.4977,5.907e-10
-1.06,0.14,0.4974,1.464e-09
-1.04,0.14,0.4972,3.899e-09
-1.02,0.14,0.497,1.044e-08
-1,0.14,0.4967,2.878e-08
-0.98,0.14,0.4965,7.935e-08
-0.96,0.14,0.4962,2.222e-07
-0.94,0.14,0.496,6.592e-07
-0.92,0.14,0.4957,1.983e-06
-0.9,0.14,0.4955,6.118e-06
-0.88,0.14,0.4952,1.956e-05
-0.86,0.14,0.495,7.223e-05
-0.84,0.14,0.4947,0.0002706
-0.82,0.14,0.4945,0.001013
-0.8,0.14,0.4942,0.003787
-0.78,0.14,0.494,0.01405
-0.76,0.14,0.4937,0.05068
-0.74,0.14,0.4935,0.1667
-0.72,0.14,0.4932,0.4255
-0.7,0.14,0.493,0.7327
-0.68,0.14,0.4927,0.9103
-0.66,0.14,0.4925,0.9741
-0.64,0.14,0.4922,0.9929
-0.62,0.14,0.492,0.9981
-0.6,0.14,0.4917,0.9995
-0.58,0.14,0.4915,0.9999
-0.56,0.14,0.4913,1
-0.54,0.14,0.491,1
-0.52,0.14,0.4908,1
-0.5,0.14,0.4905,1
-0.48,0.14,0.4903,1
-0.46,0.14,0.49,1
-0.44,0.14,0.4898,1
-0.42,0.14,0.4895,1
-0.4,0.14,0.4893,1
-0.38,0.14,0.489,1
-0.36,0.14,0.4888,1
-0.34,0.14,0.4885,1
-0.32,0.14,0.4883,1
-0.3,0.14,0.488,1
-0.28,0.14,0.4878,1
-0.26,0.14,0.4875,1
-0.24,0.14,0.4873,1
-0.22,0.14,0.487,1
-0.2,0.14,0.4868,1
-0.18,0.14,0.4865,1
-0.16,0.14,0.4863,1
-0.14,0.14,0.4861,1
-0.12,0.14,0.4858,1
-0.1,0.14,0.4856,1
-0.08,0.14,0.4853,1
-0.06,0.14,0.4851,1
-0.04,0.14,0.4848,1
-0.02,0.14,0.4846,1
0,0.14,0.4843,1
0.02,0.14,0.4841,1
0.04,0.14,0.4838,1
0.06,0.14,0.4836,1
0.08,0.14,0.4833,1
0.1,0.14,0.4831,1
0.12,0.14,0.4828,1
0.14,0.14,0.4826,1
0.16,0.14,0.4823,1
0.18,0.14,0.4821,1
0.2,0.14,0.4818,1
0.22,0.14,0.4816,1
0.24,0.14,0.4813,1
0.26,0.14,0.4811,1
0.28,0.14,0.4809,1
0.3,0.14,0.4806,1
0.32,0.14,0.4804,1
0.34,0.14,0.4801,1
0.36,0.14,0.4799,1
0.38,0.14,0.4796,1
0.4,0.14,0.4794,1
0.42,0.14,0.4791,1
0.44,0.14,0.4789,1
0.46,0.14,0.4786,1
0.48,0.14,0.4784,1
0.5,0.14,0.4781,1
0.52,0.14,0.4779,0.9999
0.54,0.14,0.4776,0.9997
0.56,0.14,0.4774,0.999
0.58,0.14,0.4771,0.996
0.6,0.14,0.4769,0.9829
0.62,0.14,0.4766,0.9285
0.64,0.14,0.4764,0.7431
0.66,0.14,0.4762,0.3908
0.68,0.14,0.4759,0.1246
0.7,0.14,0.4757,0.0306
0.72,0.14,0.4754,0.006954
0.74,0.14,0.4752,0.001551
0.76,0.14,0.4749,0.0003403
0.78,0.14,0.4747,7.337e-05
0.8,0.14,0.4744,1.581e-05
0.82,0.14,0.4742,3.409e-06
0.84,0.14,0.4739,7.347e-07
0.86,0.14,0.4737,1.584e-07
0.88,0.14,0.4734,3.6e-08
0.9,0.14,0.4732,9.191e-09
0.92,0.14,0.4729,2.614e-09
0.94,0.14,0.4727,8.386e-10
0.96,0.14,0.4724,2.98e-10
0.98,0.14,0.4722,1.057e-10
1,0.14,0.472,3.707e-11
1.02,0.14,0.4717,1.319e-11
1.04,0.14,0.4715,4.973e-12
1.06,0.14,0.4712,1.912e-12
1.08,0.14,0.471,7.355e-13
1.1,0.14,0.4707,2.829e-13
1.12,0.14,0.4705,1.088e-13
1.14,0.14,0.4702,4.184e-14
1.16,0.14,0.47,1.609e-14
1.18,0.14,0.4697,6.188e-15
1.2,0.14,0.4695,2.38e-15
1.22,0.14,0.4692,9.152e-16
1.24,0.14,0.469,3.52e-16
1.26,0.14,0.4687,1.354e-16
1.28,0.14,0.4685,5.206e-17
1.3,0.14,0.4682,2.002e-17
1.32,0.14,0.468,7.7e-18
1.34,0.14,0.4678,2.961e-18
1.36,0.14,0.4675,1.139e-18
1.38,0.14,0.4673,4.38e-19
1.4,0.14,0.467,1.685e-19
1.42,0.14,0.4668,6.479e-20
1.44,0.14,0.4665,2.492e-20
1.46,0.14,0.4663,9.582e-21
1.48,0.14,0.466,3.685e-21
1.5,0.14,0.4658,1.417e-21
1.52,0.14,0.4655,5.451e-22
1.54,0.14,0.4653,2.096e-22
1.56,0.14,0.465,8.062e-23
1.58,0.14,0.4648,3.1e-23
1.6,0.14,0.4645,1.192e-23
-1.6,0.16,0.5041,2.661e-19
-1.58,0.16,0.5038,6.025e-19
-1.56,0.16,0.5036,1.364e-18
-1.54,0.16,0.5033,3.088e-18
-1.52,0.16,0.5031,6.99e-18
-1.5,0.16,0.5028,1.583e-17
-1.48,0.16,0.5026,3.583e-17
-1.46,0.16,0.5023,8.111e-17
-1.44,0.16,0.5021,1.836e-16
-1.42,0.16,0.5019,4.157e-16
-1.4,0.16,0.5016,9.41e-16
-1.38,0.16,0.5014,2.13e-15
-1.36,0.16,0.5011,4.823e-15
-1.34,0.16,0.5009,1.092e-14
-1.32,0.16,0.5006,2.472e-14
-1.3,0.16,0.5004,5.596e-14
-1.28,0.16,0.5001,1.267e-13
-1.26,0.16,0.4999,2.868e-13
-1.24,0.16,0.4996,6.492e-13
-1.22,0.16,0.4994,1.47e-12
-1.2,0.16,0.4991,3.327e-12
-1.18,0.16,0.4989,7.533e-12
-1.16,0.16,0.4986,1.705e-11
-1.14,0.16,0.4984,3.86e-11
-1.12,0.16,0.4981,8.853e-11
-1.1,0.16,0.4979,2.09e-10
-1.08,0.16,0.4976,4.917e-10
-1.06,0.16,0.4974,1.167e-09
-1.04,0.16,0.4971,2.976e-09
-1.02,0.16,0.4969,7.755e-09
-1,0.16,0.4966,2.138e-08
-0.98,0.16,0.4964,5.895e-08
-0.96,0.16,0.4962,1.63e-07
-0.94,0.16,0.4959,4.804e-07
-0.92,0.16,0.4957,1.451e-06
-0.9,0.16,0.4954,4.464e-06
-0.88,0.16,0.4952,1.419e-05
-0.86,0.16,0.4949,5.128e-05
-0.84,0.16,0.4947,0.0001932
-0.82,0.16,0.4944,0.0007277
-0.8,0.16,0.4942,0.002737
-0.78,0.16,0.4939,0.01024
-0.76,0.16,0.4937,0.03751
-0.74,0.16,0.4934,0.1273
-0.72,0.16,0.4932,0.3518
-0.7,0.16,0.4929,0.6688
-0.68,0.16,0.4927,0.8822
-0.66,0.16,0.4924,0.9652
-0.64,0.16,0.4922,0.9903
-0.62,0.16,0.4919,0.9974
-0.6,0.16,0.4917,0.9993
-0.58,0.16,0.4914,0.9998
-0.56,0.16,0.4912,0.9999
-0.54,0.16,0.4909,1
-0.52,0.16,0.4907,1
-0.5,0.16,0.4905,1
-0.48,0.16,0.4902,1
-0.46,0.16,0.49,1
-0.44,0.16,0.4897,1
-0.42,0.16,0.4895,1
-0.4,0.16,0.4892,1
-0.38,0.16,0.489,1
-0.36,0.16,0.4887,1
-0.34,0.16,0.4885,1
-0.32,0.16,0.4882,1
-0.3,0.16,0.488,1
-0.28,0.16,0.4877,1
-0.26,0.16,0.4875,1
-0.24,0.16,0.4872,1
-0.22,0.16,0.487,1
-0.2,0.16,0.4867,1
-0.18,0.16,0.4865,1
-0.16,0.16,0.4862,1
-0.14,0.16,0.486,1
-0.12,0.16,0.4857,1
-0.1,0.16,0.4855,1
-0.08,0.16,0.4853,1
-0.06,0.16,0.485,1
-0.04,0.16,0.4848,1
-0.02,0.16,0.4845,1
0,0.16,0.4843,1
0.02,0.16,0.484,1
0.04,0.16,0.4838,1
0.06,0.16,0.4835,1
0.08,0.16,0.4833,1
0.1,0.16,0.483,1
0.12,0.16,0.4828,1
0.14,0.16,0.4825,1
0.16,0.16,0.4823,1
0.18,0.16,0.482,1
0.2,0.16,0.4818,1
0.22,0.16,0.4815,1
0.24,0.16,0.4813,1
0.26,0.16,0.481,1
0.28,0.16,0.4808,1
0.3,0.16,0.4805,1
0.32,0.16,0.4803,1
0.34,0.16,0.4801,1
0.36,0.16,0.4798,1
0.38,0.16,0.4796,1
0.4,0.16,0.4793,1
0.42,0.16,0.4791,1
0.44,0.16,0.4788,1
0.46,0.16,0.4786,1
0.48,0.16,0.4783,1
0.5,0.16,0.4781,1
0.52,0.16,0.4778,0.9999
0.54,0.16,0.4776,0.9997
0.56,0.16,0.4773,0.9988
0.58,0.16,0.4771,0.9953
0.6,0.16,0.4768,0.9818
0.62,0.16,0.4766,0.9293
0.64,0.16,0.4763,0.7475
0.66,0.16,0.4761,0.3905
0.68,0.16,0.4758,0.1214
0.7,0.16,0.4756,0.02891
0.72,0.16,0.4754,0.006375
0.74,0.16,0.4751,0.001381
0.76,0.16,0.4749,0.000298
0.78,0.16,0.4746,6.425e-05
0.8,0.16,0.4744,1.385e-05
0.82,0.16,0.4741,2.985e-06
0.84,0.16,0.4739,6.434e-07
0.86,0.16,0.4736,1.359e-07
0.88,0.16,0.4734,3.019e-08
0.9,0.16,0.4731,7.722e-09
0.92,0.16,0.4729,2.16e-09
0.94,0.16,0.4726,6.888e-10
0.96,0.16,0.4724,2.416e-10
0.98,0.16,0.4721,8.474e-11
1,0.16,0.4719,2.972e-11
1.02,0.16,0.4716,1.05e-11
1.04,0.16,0.4714,4.01e-12
1.06,0.16,0.4712,1.542e-12
1.08,0.16,0.4709,5.931e-13
1.1,0.16,0.4707,2.281e-13
1.12,0.16,0.4704,8.772e-14
1.14,0.16,0.4702,3.374e-14
1.16,0.16,0.4699,1.297e-14
1.18,0.16,0.4697,4.99e-15
1.2,0.16,0.4694,1.919e-15
1.22,0.16,0.4692,7.38e-16
1.24,0.16,0.4689,2.838e-16
1.26,0.16,0.4687,1.092e-16
1.28,0.16,0.4684,4.198e-17
1.3,0.16,0.4682,1.615e-17
1.32,0.16,0.4679,6.209e-18
1.34,0.16,0.4677,2.388e-18
1.36,0.16,0.4674,9.184e-19
1.38,0.16,0.4672,3.532e-19
1.4,0.16,0.467,1.358e-19
1.42,0.16,0.4667,5.224e-20
1.44,0.16,0.4665,2.009e-20
1.46,0.16,0.4662,7.727e-21
1.48,0.16,0.466,2.972e-21
1.5,0.16,0.4657,1.143e-21
1.52,0.16,0.4655,4.395e-22
1.54,0.16,0.4652,1.69e-22
1.56,0.16,0.465,6.501e-23
1.58,0.16,0.4647,2.5e-23
1.6,0.16,0.4645,9.615e-24
-1.6,0.18,0.504,2.267e-19
-1.58,0.18,0.5038,5.131e-19
-1.56,0.18,0.5035,1.162e-18
-1.54,0.18,0.5033,2.63e-18
-1.52,0.18,0.503,5.954e-18
-1.5,0.18,0.5028,1.348e-17
-1.48,0.18,0.5025,3.051e-17
-1.46,0.18,0.5023,6.908e-17
-1.44,0.18,0.502,1.564e-16
-1.42,0.18,0.5018,3.54e-16
-1.4,0.18,0.5015,8.015e-16
-1.38,0.18,0.5013,1.814e-15
-1.36,0.18,0.5011,4.108e-15
-1.34,0.18,0.5008,9.299e-15
-1.32,0.18,0.5006,2.105e-14
-1.3,0.18,0.5003,4.766e-14
-1.28,0.18,0.5001,1.079e-13
-1.26,0.18,0.4998,2.442e-13
-1.24,0.18,0.4996,5.529e-13
-1.22,0.18,0.4993,1.252e-12
-1.2,0.18,0.4991,2.834e-12
-1.18,0.18,0.4988,6.415e-12
-1.16,0.18,0.4986,1.452e-11
-1.14,0.18,0.4983,3.288e-11
-1.12,0.18,0.4981,7.345e-11
-1.1,0.18,0.4978,1.667e-10
-1.08,0.18,0.4976,3.783e-10
-1.06,0.18,0.4973,8.884e-10
-1.04,0.18,0.4971,2.262e-09
-1.02,0.18,0.4968,5.886e-09
-1,0.18,0.4966,1.588e-08
-0.98,0.18,0.4963,4.379e-08
-0.96,0.18,0.4961,1.207e-07
-0.94,0.18,0.4958,3.5e-07
-0.92,0.18,0.4956,1.057e-06
-0.9,0.18,0.4954,3.228e-06
-0.88,0.18,0.4951,1.025e-05
-0.86,0.18,0.4949,3.562e-05
-0.84,0.18,0.4946,0.0001342
-0.82,0.18,0.4944,0.0005056
-0.8,0.18,0.4941,0.001903
-0.78,0.18,0.4939,0.007133
-0.76,0.18,0.4936,0.0263
-0.74,0.18,0.4934,0.09135
-0.72,0.18,0.4931,0.2723
-0.7,0.18,0.4929,0.582
-0.68,0.18,0.4926,0.8382
-0.66,0.18,0.4924,0.9507
-0.64,0.18,0.4921,0.9863
-0.62,0.18,0.4919,0.9963
-0.6,0.18,0.4916,0.999
-0.58,0.18,0.4914,0.9997
-0.56,0.18,0.4911,0.9999
-0.54,0.18,0.4909,1
-0.52,0.18,0.4906,1
-0.5,0.18,0.4904,1
-0.48,0.18,0.4901,1
-0.46,0.18,0.4899,1
-0.44,0.18,0.4897,1
-0.42,0.18,0.4894,1
-0.4,0.18,0.4892,1
-0.38,0.18,0.4889,1
-0.36,0.18,0.4887,1
-0.34,0.18,0.4884,1
-0.32,0.18,0.4882,1
-0.3,0.18,0.4879,1
-0.28,0.18,0.4877,1
-0.26,0.18,0.4874,1
-0.24,0.18,0.4872,1
-0.22,0.18,0.4869,1
-0.2,0.18,0.4867,1
-0.18,0.18,0.4864,1
-0.16,0.18,0.4862,1
-0.14,0.18,0.4859,1
-0.12,0.18,0.4857,1
-0.1,0.18,0.4854,1
-0.08,0.18,0.4852,1
-0.06,0.18,0.4849,1
-0.04,0.18,0.4847,1
-0.02,0.18,0.4845,1
0,0.18,0.4842,1
0.02,0.18,0.484,1
0.04,0.18,0.4837,1
0.06,0.18,0.4835,1
0.08,0.18,0.4832,1
0.1,0.18,0.483,1
0.12,0.18,0.4827,1
0.14,0.18,0.4825,1
0.16,0.18,0.4822,1
0.18,0.18,0.482,1
0.2,0.18,0.4817,1
0.22,0.18,0.4815,1
0.24,0.18,0.4812,1
0.26,0.18,0.481,1
0.28,0.18,0.4807,1
0.3,0.18,0.4805,1
0.32,0.18,0.4802,1
0.34,0.18,0.48,1
0.36,0.18,0.4797,1
0.38,0.18,0.4795,1
0.4,0.18,0.4793,1
0.42,0.18,0.479,1
0.44,0.18,0.4788,1
0.46,0.18,0.4785,1
0.48,0.18,0.4783,1
0.5,0.18,0.478,1
0.52,0.18,0.4778,0.9999
0.54,0.18,0.4775,0.9996
0.56,0.18,0.4773,0.9985
0.58,0.18,0.477,0.994
0.6,0.18,0.4768,0.9763
0.62,0.18,0.4765,0.911
0.64,0.18,0.4763,0.7173
0.66,0.18,0.476,0.3594
0.68,0.18,0.4758,0.1079
0.7,0.18,0.4755,0.02541
0.72,0.18,0.4753,0.005559
0.74,0.18,0.475,0.001173
0.76,0.18,0.4748,0.0002465
0.78,0.18,0.4746,5.179e-05
0.8,0.18,0.4743,1.088e-05
0.82,0.18,0.4741,2.285e-06
0.84,0.18,0.4738,4.798e-07
0.86,0.18,0.4736,1.013e-07
0.88,0.18,0.4733,2.278e-08
0.9,0.18,0.4731,6.01e-09
0.92,0.18,0.4728,1.713e-09
0.94,0.18,0.4726,5.523e-10
0.96,0.18,0.4723,1.937e-10
0.98,0.18,0.4721,6.795e-11
1,0.18,0.4718,2.383e-11
1.02,0.18,0.4716,8.407e-12
1.04,0.18,0.4713,3.233e-12
1.06,0.18,0.4711,1.243e-12
1.08,0.18,0.4708,4.782e-13
1.1,0.18,0.4706,1.839e-13
1.12,0.18,0.4704,7.073e-14
1.14,0.18,0.4701,2.72e-14
1.16,0.18,0.4699,1.046e-14
1.18,0.18,0.4696,4.024e-15
1.2,0.18,0.4694,1.547e-15
1.22,0.18,0.4691,5.951e-16
1.24,0.18,0.4689,2.289e-16
1.26,0.18,0.4686,8.802e-17
1.28,0.18,0.4684,3.385e-17
1.3,0.18,0.4681,1.302e-17
1.32,0.18,0.4679,5.007e-18
1.34,0.18,0.4676,1.926e-18
1.36,0.18,0.4674,7.405e-19
1.38,0.18,0.4671,2.848e-19
1.4,0.18,0.4669,1.095e-19
1.42,0.18,0.4667,4.212e-20
1.44,0.18,0.4664,1.62e-20
1.46,0.18,0.4662,6.23e-21
1.48,0.18,0.4659,2.396e-21
1.5,0.18,0.4657,9.215e-22
1.52,0.18,0.4654,3.544e-22
1.54,0.18,0.4652,1.363e-22
1.56,0.18,0.4649,5.242e-23
1.58,0.18,0.4647,2.016e-23
1.6,0.18,0.4644,7.753e-24
-1.6,0.2,0.504,1.93e-19
-1.58,0.2,0.5037,4.37e-19
-1.56,0.2,0.5035,9.894e-19
-1.54,0.2,0.5032,2.24e-18
-1.52,0.2,0.503,5.071e-18
-1.5,0.2,0.5027,1.148e-17
-1.48,0.2,0.5025,2.599e-17
-1.46,0.2,0.5022,5.883e-17
-1.44,0.2,0.502,1.332e-16
-1.42,0.2,0.5017,3.015e-16
-1.4,0.2,0.5015,6.826e-16
-1.38,0.2,0.5012,1.545e-15
-1.36,0.2,0.501,3.498e-15
-1.34,0.2,0.5007,7.92e-15
-1.32,0.2,0.5005,1.793e-14
-1.3,0.2,0.5002,4.059e-14
-1.28,0.2,0.5,9.189e-14
-1.26,0.2,0.4998,2.08e-13
-1.24,0.2,0.4995,4.709e-13
-1.22,0.2,0.4993,1.066e-12
-1.2,0.2,0.499,2.414e-12
-1.18,0.2,0.4988,5.464e-12
-1.16,0.2,0.4985,1.209e-11
-1.14,0.2,0.4983,2.634e-11
-1.12,0.2,0.498,5.738e-11
-1.1,0.2,0.4978,1.285e-10
-1.08,0.2,0.4975,2.916e-10
-1.06,0.2,0.4973,6.76e-10
-1.04,0.2,0.497,1.719e-09
-1.02,0.2,0.4968,4.473e-09
-1,0.2,0.4965,1.18e-08
-0.98,0.2,0.4963,3.253e-08
-0.96,0.2,0.496,8.97e-08
-0.94,0.2,0.4958,2.55e-07
-0.92,0.2,0.4955,7.702e-07
-0.9,0.2,0.4953,2.334e-06
-0.88,0.2,0.495,7.412e-06
-0.86,0.2,0.4948,2.477e-05
-0.84,0.2,0.4945,9.324e-05
-0.82,0.2,0.4943,0.0003513
-0.8,0.2,0.4941,0.001322
-0.78,0.2,0.4938,0.004965
-0.76,0.2,0.4936,0.01828
-0.74,0.2,0.4933,0.06482
-0.72,0.2,0.4931,0.2051
-0.7,0.2,0.4928,0.4898
-0.68,0.2,0.4926,0.7813
-0.66,0.2,0.4923,0.9301
-0.64,0.2,0.4921,0.9802
-0.62,0.2,0.4918,0.9946
-0.6,0.2,0.4916,0.9985
-0.58,0.2,0.4913,0.9996
-0.56,0.2,0.4911,0.9999
-0.54,0.2,0.4908,1
-0.52,0.2,0.4906,1
-0.5,0.2,0.4903,1
-0.48,0.2,0.4901,1
-0.46,0.2,0.4898,1
-0.44,0.2,0.4896,1
-0.42,0.2,0.4893,1
-0.4,0.2,0.4891,1
-0.38,0.2,0.4888,1
-0.36,0.2,0.4886,1
-0.34,0.2,0.4884,1
-0.32,0.2,0.4881,1
-0.3,0.2,0.4879,1
-0.28,0.2,0.4876,1
-0.26,0.2,0.4874,1
-0.24,0.2,0.4871,1
-0.22,0.2,0.4869,1
-0.2,0.2,0.4866,1
-0.18,0.2,0.4864,1
-0.16,0.2,0.4861,1
-0.14,0.2,0.4859,1
-0.12,0.2,0.4856,1
-0.1,0.2,0.4854,1
-0.08,0.2,0.4851,1
-0.06,0.2,0.4849,1
-0.04,0.2,0.4846,1
-0.02,0.2,0.4844,1
0,0.2,0.4841,1
0.02,0.2,0.4839,1
0.04,0.2,0.4836,1
0.06,0.2,0.4834,1
0.08,0.2,0.4832,1
0.1,0.2,0.4829,1
0.12,0.2,0.4827,1
0.14,0.2,0.4824,1
0.16,0.2,0.4822,1
0.18,0.2,0.4819,1
0.2,0.2,0.4817,1
0.22,0.2,0.4814,1
0.24,0.2,0.4812,1
0.26,0.2,0.4809,1
0.28,0.2,0.4807,1
0.3,0.2,0.4804,1
0.32,0.2,0.4802,1
0.34,0.2,0.4799,1
0.36,0.2,0.4797,1
0.38,0.2,0.4794,1
0.4,0.2,0.4792,1
0.42,0.2,0.4789,1
0.44,0.2,0.4787,1
0.46,0.2,0.4785,1
0.48,0.2,0.4782,1
0.5,0.2,0.478,1
0.52,0.2,0.4777,0.9999
0.54,0.2,0.4775,0.9995
0.56,0.2,0.4772,0.9979
0.58,0.2,0.477,0.9917
0.6,0.2,0.4767,0.9669
0.62,0.2,0.4765,0.8759
0.64,0.2,0.4762,0.6303
0.66,0.2,0.476,0.2907
0.68,0.2,0.4757,0.08591
0.7,0.2,0.4755,0.01936
0.72,0.2,0.4752,0.004129
0.74,0.2,0.475,0.00087
0.76,0.2,0.4747,0.0001828
0.78,0.2,0.4745,3.841e-05
0.8,0.2,0.4742,8.067e-06
0.82,0.2,0.474,1.694e-06
0.84,0.2,0.4738,3.558e-07
0.86,0.2,0.4735,7.569e-08
0.88,0.2,0.4733,1.752e-08
0.9,0.2,0.473,4.678e-09
0.92,0.2,0.4728,1.366e-09
0.94,0.2,0.4725,4.428e-10
0.96,0.2,0.4723,1.553e-10
0.98,0.2,0.472,5.448e-11
1,0.2,0.4718,1.911e-11
1.02,0.2,0.4715,6.819e-12
1.04,0.2,0.4713,2.607e-12
1.06,0.2,0.471,1.003e-12
1.08,0.2,0.4708,3.856e-13
1.1,0.2,0.4705,1.483e-13
1.12,0.2,0.4703,5.704e-14
1.14,0.2,0.47,2.194e-14
1.16,0.2,0.4698,8.436e-15
1.18,0.2,0.4696,3.244e-15
1.2,0.2,0.4693,1.248e-15
1.22,0.2,0.4691,4.799e-16
1.24,0.2,0.4688,1.845e-16
1.26,0.2,0.4686,7.097e-17
1.28,0.2,0.4683,2.73e-17
1.3,0.2,0.4681,1.05e-17
1.32,0.2,0.4678,4.037e-18
1.34,0.2,0.4676,1.553e-18
1.36,0.2,0.4673,5.971e-19
1.38,0.2,0.4671,2.297e-19
1.4,0.2,0.4668,8.832e-20
1.42,0.2,0.4666,3.397e-20
1.44,0.2,0.4663,1.306e-20
1.46,0.2,0.4661,5.024e-21
1.48,0.2,0.4659,1.932e-21
1.5,0.2,0.4656,7.431e-22
1.52,0.2,0.4654,2.858e-22
1.54,0.2,0.4651,1.099e-22
1.56,0.2,0.4649,4.227e-23
1.58,0.2,0.4646,1.626e-23
1.6,0.2,0.4644,6.252e-24
-1.6,0.22,0.5039,1.644e-19
-1.58,0.22,0.5037,3.722e-19
-1.56,0.22,0.5034,8.426e-19
-1.54,0.22,0.5032,1.908e-18
-1.52,0.22,0.5029,4.319e-18
-1.5,0.22,0.5027,9.777e-18
-1.48,0.22,0.5024,2.213e-17
-1.46,0.22,0.5022,5.011e-17
-1.44,0.22,0.5019,1.134e-16
-1.42,0.22,0.5017,2.568e-16
-1.4,0.22,0.5014,5.813e-16
-1.38,0.22,0.5012,1.316e-15
-1.36,0.22,0.5009,2.979e-15
-1.34,0.22,0.5007,6.745e-15
-1.32,0.22,0.5004,1.527e-14
-1.3,0.22,0.5002,3.457e-14
-1.28,0.22,0.4999,7.826e-14
-1.26,0.22,0.4997,1.772e-13
-1.24,0.22,0.4994,4.011e-13
-1.22,0.22,0.4992,9.08e-13
-1.2,0.22,0.499,1.991e-12
-1.18,0.22,0.4987,4.338e-12
-1.16,0.22,0.4985,9.451e-12
-1.14,0.22,0.4982,2.059e-11
-1.12,0.22,0.498,4.485e-11
-1.1,0.22,0.4977,9.903e-11
-1.08,0.22,0.4975,2.247e-10
-1.06,0.22,0.4972,5.144e-10
-1.04,0.22,0.497,1.306e-09
-1.02,0.22,0.4967,3.399e-09
-1,0.22,0.4965,8.848e-09
-0.98,0.22,0.4962,2.417e-08
-0.96,0.22,0.496,6.663e-08
-0.94,0.22,0.4957,1.861e-07
-0.92,0.22,0.4955,5.612e-07
-0.9,0.22,0.4952,1.695e-06
-0.88,0.22,0.495,5.36e-06
-0.86,0.22,0.4947,1.751e-05
-0.84,0.22,0.4945,6.477e-05
-0.82,0.22,0.4942,0.000244
-0.8,0.22,0.494,0.000919
-0.78,0.22,0.4937,0.003438
-0.76,0.22,0.4935,0.01268
-0.74,0.22,0.4933,0.04561
-0.72,0.22,0.493,0.151
-0.7,0.22,0.4928,0.3983
-0.68,0.22,0.4925,0.7113
-0.66,0.22,0.4923,0.9017
-0.64,0.22,0.492,0.9715
-0.62,0.22,0.4918,0.9922
-0.6,0.22,0.4915,0.9979
-0.58,0.22,0.4913,0.9994
-0.56,0.22,0.491,0.9998
-0.54,0.22,0.4908,1
-0.52,0.22,0.4905,1
-0.5,0.22,0.4903,1
-0.48,0.22,0.49,1
-0.46,0.22,0.4898,1
-0.44,0.22,0.4895,1
-0.42,0.22,0.4893,1
-0.4,0.22,0.489,1
-0.38,0.22,0.4888,1
-0.36,0.22,0.4885,1
-0.34,0.22,0.4883,1
-0.32,0.22,0.488,1
-0.3,0.22,0.4878,1
-0.28,0.22,0.4876,1
-0.26,0.22,0.4873,1
-0.24,0.22,0.4871,1
-0.22,0.22,0.4868,1
-0.2,0.22,0.4866,1
-0.18,0.22,0.4863,1
-0.16,0.22,0.4861,1
-0.14,0.22,0.4858,1
-0.12,0.22,0.4856,1
-0.1,0.22,0.4853,1
-0.08,0.22,0.4851,1
-0.06,0.22,0.4848,1
-0.04,0.22,0.4846,1
-0.02,0.22,0.4843,1
0,0.22,0.4841,1
0.02,0.22,0.4838,1
0.04,0.22,0.4836,1
0.06,0.22,0.4833,1
0.08,0.22,0.4831,1
0.1,0.22,0.4828,1
0.12,0.22,0.4826,1
0.14,0.22,0.4824,1
0.16,0.22,0.4821,1
0.18,0.22,0.4819,1
0.2,0.22,0.4816,1
0.22,0.22,0.4814,1
0.24,0.22,0.4811,1
0.26,0.22,0.4809,1
0.28,0.22,0.4806,1
0.3,0.22,0.4804,1
0.32,0.22,0.4801,1
0.34,0.22,0.4799,1
0.36,0.22,0.4796,1
0.38,0.22,0.4794,1
0.4,0.22,0.4791,1
0.42,0.22,0.4789,1
0.44,0.22,0.4786,1
0.46,0.22,0.4784,1
0.48,0.22,0.4781,1
0.5,0.22,0.4779,1
0.52,0.22,0.4777,0.9998
0.54,0.22,0.4774,0.9992
0.56,0.22,0.4772,0.9967
0.58,0.22,0.4769,0.9866
0.6,0.22,0.4767,0.9467
0.62,0.22,0.4764,0.811
0.64,0.22,0.4762,0.5089
0.66,0.22,0.4759,0.2002
0.68,0.22,0.4757,0.05633
0.7,0.22,0.4754,0.01398
0.72,0.22,0.4752,0.003065
0.74,0.22,0.4749,0.0006453
0.76,0.22,0.4747,0.0001356
0.78,0.22,0.4744,2.848e-05
0.8,0.22,0.4742,5.983e-06
0.82,0.22,0.4739,1.257e-06
0.84,0.22,0.4737,2.639e-07
0.86,0.22,0.4734,5.657e-08
0.88,0.22,0.4732,1.349e-08
0.9,0.22,0.473,3.641e-09
0.92,0.22,0.4727,1.09e-09
0.94,0.22,0.4725,3.551e-10
0.96,0.22,0.4722,1.245e-10
0.98,0.22,0.472,4.368e-11
1,0.22,0.4717,1.532e-11
1.02,0.22,0.4715,5.535e-12
1.04,0.22,0.4712,2.102e-12
1.06,0.22,0.471,8.085e-13
1.08,0.22,0.4707,3.11e-13
1.1,0.22,0.4705,1.196e-13
1.12,0.22,0.4702,4.599e-14
1.14,0.22,0.47,1.769e-14
1.16,0.22,0.4697,6.802e-15
1.18,0.22,0.4695,2.616e-15
1.2,0.22,0.4692,1.006e-15
1.22,0.22,0.469,3.869e-16
1.24,0.22,0.4688,1.488e-16
1.26,0.22,0.4685,5.723e-17
1.28,0.22,0.4683,2.201e-17
1.3,0.22,0.468,8.465e-18
1.32,0.22,0.4678,3.255e-18
1.34,0.22,0.4675,1.252e-18
1.36,0.22,0.4673,4.815e-19
1.38,0.22,0.467,1.852e-19
1.4,0.22,0.4668,7.122e-20
1.42,0.22,0.4665,2.739e-20
1.44,0.22,0.4663,1.053e-20
1.46,0.22,0.466,4.051e-21
1.48,0.22,0.4658,1.558e-21
1.5,0.22,0.4655,5.992e-22
1.52,0.22,0.4653,2.304e-22
1.54,0.22,0.4651,8.862e-23
1.56,0.22,0.4648,3.408e-23
1.58,0.22,0.4646,1.311e-23
1.6,0.22,0.4643,5.041e-24
-1.6,0.24,0.5038,1.4e-19
-1.58,0.24,0.5036,3.17e-19
-1.56,0.24,0.5034,7.177e-19
-1.54,0.24,0.5031,1.625e-18
-1.52,0.24,0.5029,3.678e-18
-1.5,0.24,0.5026,8.327e-18
-1.48,0.24,0.5024,1.885e-17
-1.46,0.24,0.5021,4.267e-17
-1.44,0.24,0.5019,9.661e-17
-1.42,0.24,0.5016,2.187e-16
-1.4,0.24,0.5014,4.951e-16
-1.38,0.24,0.5011,1.121e-15
-1.36,0.24,0.5009,2.538e-15
-1.34,0.24,0.5006,5.745e-15
-1.32,0.24,0.5004,1.3e-14
-1.3,0.24,0.5001,2.944e-14
-1.28,0.24,0.4999,6.665e-14
-1.26,0.24,0.4996,1.506e-13
-1.24,0.24,0.4994,3.28e-13
-1.22,0.24,0.4991,7.146e-13
-1.2,0.24,0.4989,1.557e-12
-1.18,0.24,0.4986,3.391e-12
-1.16,0.24,0.4984,7.388e-12
-1.14,0.24,0.4981,1.61e-11
-1.12,0.24,0.4979,3.506e-11
-1.1,0.24,0.4977,7.639e-11
-1.08,0.24,0.4974,1.732e-10
-1.06,0.24,0.4972,3.932e-10
-1.04,0.24,0.4969,9.925e-10
-1.02,0.24,0.4967,2.583e-09
-1,0.24,0.4964,6.724e-09
-0.98,0.24,0.4962,1.795e-08
-0.96,0.24,0.4959,4.95e-08
-0.94,0.24,0.4957,1.366e-07
-0.92,0.24,0.4954,4.089e-07
-0.9,0.24,0.4952,1.235e-06
-0.88,0.24,0.4949,3.875e-06
-0.86,0.24,0.4947,1.247e-05
-0.84,0.24,0.4944,4.5e-05
-0.82,0.24,0.4942,0.0001695
-0.8,0.24,0.4939,0.0006386
-0.78,0.24,0.4937,0.002373
-0.76,0.24,0.4934,0.008775
-0.74,0.24,0.4932,0.0319
-0.72,0.24,0.4929,0.1092
-0.7,0.24,0.4927,0.3134
-0.68,0.24,0.4925,0.6294
-0.66,0.24,0.4922,0.8634
-0.64,0.24,0.492,0.9592
-0.62,0.24,0.4917,0.9887
-0.6,0.24,0.4915,0.9969
-0.58,0.24,0.4912,0.9992
-0.56,0.24,0.491,0.9998
-0.54,0.24,0.4907,0.9999
-0.52,0.24,0.4905,1
-0.5,0.24,0.4902,1
-0.48,0.24,0.49,1
-0.46,0.24,0.4897,1
-0.44,0.24,0.4895,1
-0.42,0.24,0.4892,1
-0.4,0.24,0.489,1
-0.38,0.24,0.4887,1
-0.36,0.24,0.4885,1
-0.34,0.24,0.4882,1
-0.32,0.24,0.488,1
-0.3,0.24,0.4877,1
-0.28,0.24,0.4875,1
-0.26,0.24,0.4872,1
-0.24,0.24,0.487,1
-0.22,0.24,0.4868,1
-0.2,0.24,0.4865,1
-0.18,0.24,0.4863,1
-0.16,0.24,0.486,1
-0.14,0.24,0.4858,1
-0.12,0.24,0.4855,1
-0.1,0.24,0.4853,1
-0.08,0.24,0.485,1
-0.06,0.24,0.4848,1
-0.04,0.24,0.4845,1
-0.02,0.24,0.4843,1
0,0.24,0.484,1
0.02,0.24,0.4838,1
0.04,0.24,0.4835,1
0.06,0.24,0.4833,1
0.08,0.24,0.483,1
0.1,0.24,0.4828,1
0.12,0.24,0.4825,1
0.14,0.24,0.4823,1
0.16,0.24,0.482,1
0.18,0.24,0.4818,1
0.2,0.24,0.4816,1
0.22,0.24,0.4813,1
0.24,0.24,0.4811,1
0.26,0.24,0.4808,1
0.28,0.24,0.4806,1
0.3,0.24,0.4803,1
0.32,0.24,0.4801,1
0.34,0.24,0.4798,1
0.36,0.24,0.4796,1
0.38,0.24,0.4793,1
0.4,0.24,0.4791,1
0.42,0.24,0.4788,1
0.44,0.24,0.4786,1
0.46,0.24,0.4783,1
0.48,0.24,0.4781,1
0.5,0.24,0.4778,0.9999
0.52,0.24,0.4776,0.9997
0.54,0.24,0.4773,0.9987
0.56,0.24,0.4771,0.9946
0.58,0.24,0.4769,0.9781
0.6,0.24,0.4766,0.9153
0.62,0.24,0.4764,0.7229
0.64,0.24,0.4761,0.3865
0.66,0.24,0.4759,0.1321
0.68,0.24,0.4756,0.03531
0.7,0.24,0.4754,0.00862
0.72,0.24,0.4751,0.002061
0.74,0.24,0.4749,0.0004787
0.76,0.24,0.4746,0.0001006
0.78,0.24,0.4744,2.112e-05
0.8,0.24,0.4741,4.437e-06
0.82,0.24,0.4739,9.318e-07
0.84,0.24,0.4736,1.957e-07
0.86,0.24,0.4734,4.227e-08
0.88,0.24,0.4731,1.041e-08
0.9,0.24,0.4729,2.834e-09
0.92,0.24,0.4726,8.691e-10
0.94,0.24,0.4724,2.847e-10
0.96,0.24,0.4722,9.986e-11
0.98,0.24,0.4719,3.502e-11
1,0.24,0.4717,1.228e-11
1.02,0.24,0.4714,4.492e-12
1.04,0.24,0.4712,1.695e-12
1.06,0.24,0.4709,6.52e-13
1.08,0.24,0.4707,2.507e-13
1.1,0.24,0.4704,9.643e-14
1.12,0.24,0.4702,3.709e-14
1.14,0.24,0.4699,1.426e-14
1.16,0.24,0.4697,5.485e-15
1.18,0.24,0.4694,2.11e-15
1.2,0.24,0.4692,8.113e-16
1.22,0.24,0.4689,3.12e-16
1.24,0.24,0.4687,1.2e-16
1.26,0.24,0.4685,4.615e-17
1.28,0.24,0.4682,1.775e-17
1.3,0.24,0.468,6.826e-18
1.32,0.24,0.4677,2.625e-18
1.34,0.24,0.4675,1.01e-18
1.36,0.24,0.4672,3.883e-19
1.38,0.24,0.467,1.493e-19
1.4,0.24,0.4667,5.743e-20
1.42,0.24,0.4665,2.209e-20
1.44,0.24,0.4662,8.494e-21
1.46,0.24,0.466,3.267e-21
1.48,0.24,0.4657,1.256e-21
1.5,0.24,0.4655,4.832e-22
1.52,0.24,0.4652,1.858e-22
1.54,0.24,0.465,7.146e-23
1.56,0.24,0.4647,2.748e-23
1.58,0.24,0.4645,1.057e-23
1.6,0.24,0.4643,4.065e-24
-1.6,0.26,0.5038,1.193e-19
-1.58,0.26,0.5035,2.7e-19
-1.56,0.26,0.5033,6.112e-19
-1.54,0.26,0.503,1.384e-18
-1.52,0.26,0.5028,3.133e-18
-1.5,0.26,0.5026,7.092e-18
-1.48,0.26,0.5023,1.605e-17
-1.46,0.26,0.5021,3.634e-17
-1.44,0.26,0.5018,8.228e-17
-1.42,0.26,0.5016,1.863e-16
-1.4,0.26,0.5013,4.217e-16
-1.38,0.26,0.5011,9.546e-16
-1.36,0.26,0.5008,2.161e-15
-1.34,0.26,0.5006,4.893e-15
-1.32,0.26,0.5003,1.108e-14
-1.3,0.26,0.5001,2.48e-14
-1.28,0.26,0.4998,5.403e-14
-1.26,0.26,0.4996,1.177e-13
-1.24,0.26,0.4993,2.564e-13
-1.22,0.26,0.4991,5.586e-13
-1.2,0.26,0.4988,1.217e-12
-1.18,0.26,0.4986,2.651e-12
-1.16,0.26,0.4983,5.776e-12
-1.14,0.26,0.4981,1.258e-11
-1.12,0.26,0.4978,2.741e-11
-1.1,0.26,0.4976,5.972e-11
-1.08,0.26,0.4973,1.335e-10
-1.06,0.26,0.4971,3.033e-10
-1.04,0.26,0.4969,7.543e-10
-1.02,0.26,0.4966,1.963e-09
-1,0.26,0.4964,5.11e-09
-0.98,0.26,0.4961,1.334e-08
-0.96,0.26,0.4959,3.677e-08
-0.94,0.26,0.4956,1.014e-07
-0.92,0.26,0.4954,2.98e-07
-0.9,0.26,0.4951,8.997e-07
-0.88,0.26,0.4949,2.802e-06
-0.86,0.26,0.4946,8.921e-06
-0.84,0.26,0.4944,3.126e-05
-0.82,0.26,0.4941,0.0001178
-0.8,0.26,0.4939,0.0004405
-0.78,0.26,0.4936,0.001637
-0.76,0.26,0.4934,0.006067
-0.74,0.26,0.4931,0.02221
-0.72,0.26,0.4929,0.07795
-0.7,0.26,0.4926,0.2393
-0.68,0.26,0.4924,0.5394
-0.66,0.26,0.4921,0.8134
-0.64,0.26,0.4919,0.9419
-0.62,0.26,0.4916,0.9837
-0.6,0.26,0.4914,0.9956
-0.58,0.26,0.4912,0.9988
-0.56,0.26,0.4909,0.9997
-0.54,0.26,0.4907,0.9999
-0.52,0.26,0.4904,1
-0.5,0.26,0.4902,1
-0.48,0.26,0.4899,1
-0.46,0.26,0.4897,1
-0.44,0.26,0.4894,1
-0.42,0.26,0.4892,1
-0.4,0.26,0.4889,1
-0.38,0.26,0.4887,1
-0.36,0.26,0.4884,1
-0.34,0.26,0.4882,1
-0.32,0.26,0.4879,1
-0.3,0.26,0.4877,1
-0.28,0.26,0.4874,1
-0.26,0.26,0.4872,1
-0.24,0.26,0.4869,1
-0.22,0.26,0.4867,1
-0.2,0.26,0.4864,1
-0.18,0.26,0.4862,1
-0.16,0.26,0.486,1
-0.14,0.26,0.4857,1
-0.12,0.26,0.4855,1
-0.1,0.26,0.4852,1
-0.08,0.26,0.485,1
-0.06,0.26,0.4847,1
-0.04,0.26,0.4845,1
-0.02,0.26,0.4842,1
0,0.26,0.484,1
0.02,0.26,0.4837,1
0.04,0.26,0.4835,1
0.06,0.26,0.4832,1
0.08,0.26,0.483,1
0.1,0.26,0.4827,1
0.12,0.26,0.4825,1
0.14,0.26,0.4822,1
0.16,0.26,0.482,1
0.18,0.26,0.4817,1
0.2,0.26,0.4815,1
0.22,0.26,0.4812,1
0.24,0.26,0.481,1
0.26,0.26,0.4808,1
0.28,0.26,0.4805,1
0.3,0.26,0.4803,1
0.32,0.26,0.48,1
0.34,0.26,0.4798,1
0.36,0.26,0.4795,1
0.38,0.26,0.4793,1
0.4,0.26,0.479,1
0.42,0.26,0.4788,1
0.44,0.26,0.4785,1
0.46,0.26,0.4783,1
0.48,0.26,0.478,1
0.5,0.26,0.4778,0.9998
0.52,0.26,0.4775,0.9994
0.54,0.26,0.4773,0.9979
0.56,0.26,0.477,0.9912
0.58,0.26,0.4768,0.9645
0.6,0.26,0.4765,0.8679
0.62,0.26,0.4763,0.6133
0.64,0.26,0.4761,0.277
0.66,0.26,0.4758,0.08469
0.68,0.26,0.4756,0.02186
0.7,0.26,0.4753,0.005303
0.72,0.26,0.4751,0.001265
0.74,0.26,0.4748,0.0003007
0.76,0.26,0.4746,7.146e-05
0.78,0.26,0.4743,1.567e-05
0.8,0.26,0.4741,3.29e-06
0.82,0.26,0.4738,6.911e-07
0.84,0.26,0.4736,1.451e-07
0.86,0.26,0.4733,3.205e-08
0.88,0.26,0.4731,8.066e-09
0.9,0.26,0.4728,2.222e-09
0.92,0.26,0.4726,6.932e-10
0.94,0.26,0.4723,2.283e-10
0.96,0.26,0.4721,8.007e-11
0.98,0.26,0.4719,2.808e-11
1,0.26,0.4716,9.894e-12
1.02,0.26,0.4714,3.646e-12
1.04,0.26,0.4711,1.367e-12
1.06,0.26,0.4709,5.257e-13
1.08,0.26,0.4706,2.022e-13
1.1,0.26,0.4704,7.776e-14
1.12,0.26,0.4701,2.99e-14
1.14,0.26,0.4699,1.15e-14
1.16,0.26,0.4696,4.423e-15
1.18,0.26,0.4694,1.701e-15
1.2,0.26,0.4691,6.542e-16
1.22,0.26,0.4689,2.516e-16
1.24,0.26,0.4686,9.676e-17
1.26,0.26,0.4684,3.721e-17
1.28,0.26,0.4681,1.431e-17
1.3,0.26,0.4679,5.504e-18
1.32,0.26,0.4677,2.117e-18
1.34,0.26,0.4674,8.141e-19
1.36,0.26,0.4672,3.131e-19
1.38,0.26,0.4669,1.204e-19
1.4,0.26,0.4667,4.631e-20
1.42,0.26,0.4664,1.781e-20
1.44,0.26,0.4662,6.849e-21
1.46,0.26,0.4659,2.634e-21
1.48,0.26,0.4657,1.013e-21
1.5,0.26,0.4654,3.896e-22
1.52,0.26,0.4652,1.498e-22
1.54,0.26,0.4649,5.762e-23
1.56,0.26,0.4647,2.216e-23
1.58,0.26,0.4644,8.523e-24
1.6,0.26,0.4642,3.278e-24
-1.6,0.28,0.5037,1.016e-19
-1.58,0.28,0.5035,2.299e-19
-1.56,0.28,0.5032,5.206e-19
-1.54,0.28,0.503,1.178e-18
-1.52,0.28,0.5027,2.668e-18
-1.5,0.28,0.5025,6.04e-18
-1.48,0.28,0.5022,1.367e-17
-1.46,0.28,0.502,3.095e-17
-1.44,0.28,0.5018,7.008e-17
-1.42,0.28,0.5015,1.586e-16
-1.4,0.28,0.5013,3.591e-16
-1.38,0.28,0.501,8.131e-16
-1.36,0.28,0.5008,1.841e-15
-1.34,0.28,0.5005,4.085e-15
-1.32,0.28,0.5003,8.9e-15
-1.3,0.28,0.5,1.939e-14
-1.28,0.28,0.4998,4.224e-14
-1.26,0.28,0.4995,9.202e-14
-1.24,0.28,0.4993,2.005e-13
-1.22,0.28,0.499,4.367e-13
-1.2,0.28,0.4988,9.514e-13
-1.18,0.28,0.4985,2.073e-12
-1.16,0.28,0.4983,4.515e-12
-1.14,0.28,0.498,9.836e-12
-1.12,0.28,0.4978,2.143e-11
-1.1,0.28,0.4975,4.668e-11
-1.08,0.28,0.4973,1.029e-10
-1.06,0.28,0.497,2.343e-10
-1.04,0.28,0.4968,5.732e-10
-1.02,0.28,0.4965,1.492e-09
-1,0.28,0.4963,3.883e-09
-0.98,0.28,0.4961,1.011e-08
-0.96,0.28,0.4958,2.732e-08
-0.94,0.28,0.4956,7.532e-08
-0.92,0.28,0.4953,2.171e-07
-0.9,0.28,0.4951,6.556e-07
-0.88,0.28,0.4948,2.026e-06
-0.86,0.28,0.4946,6.434e-06
-0.84,0.28,0.4943,2.185e-05
-0.82,0.28,0.4941,8.163e-05
-0.8,0.28,0.4938,0.0003037
-0.78,0.28,0.4936,0.00113
-0.76,0.28,0.4933,0.004191
-0.74,0.28,0.4931,0.01542
-0.72,0.28,0.4928,0.05508
-0.7,0.28,0.4926,0.1783
-0.68,0.28,0.4923,0.4467
-0.66,0.28,0.4921,0.7503
-0.64,0.28,0.4918,0.9179
-0.62,0.28,0.4916,0.9765
-0.6,0.28,0.4913,0.9936
-0.58,0.28,0.4911,0.9983
-0.56,0.28,0.4908,0.9995
-0.54,0.28,0.4906,0.9999
-0.52,0.28,0.4904,1
-0.5,0.28,0.4901,1
-0.48,0.28,0.4899,1
-0.46,0.28,0.4896,1
-0.44,0.28,0.4894,1
-0.42,0.28,0.4891,1
-0.4,0.28,0.4889,1
-0.38,0.28,0.4886,1
-0.36,0.28,0.4884,1
-0.34,0.28,0.4881,1
-0.32,0.28,0.4879,1
-0.3,0.28,0.4876,1
-0.28,0.28,0.4874,1
-0.26,0.28,0.4871,1
-0.24,0.28,0.4869,1
-0.22,0.28,0.4866,1
-0.2,0.28,0.4864,1
-0.18,0.28,0.4861,1
-0.16,0.28,0.4859,1
-0.14,0.28,0.4856,1
-0.12,0.28,0.4854,1
-0.1,0.28,0.4852,1
-0.08,0.28,0.4849,1
-0.06,0.28,0.4847,1
-0.04,0.28,0.4844,1
-0.02,0.28,0.4842,1
0,0.28,0.4839,1
0.02,0.28,0.4837,1
0.04,0.28,0.4834,1
0.06,0.28,0.4832,1
0.08,0.28,0.4829,1
0.1,0.28,0.4827,1
0.12,0.28,0.4824,1
0.14,0.28,0.4822,1
0.16,0.28,0.4819,1
0.18,0.28,0.4817,1
0.2,0.28,0.4814,1
0.22,0.28,0.4812,1
0.24,0.28,0.4809,1
0.26,0.28,0.4807,1
0.28,0.28,0.4804,1
0.3,0.28,0.4802,1
0.32,0.28,0.48,1
0.34,0.28,0.4797,1
0.36,0.28,0.4795,1
0.38,0.28,0.4792,1
0.4,0.28,0.479,1
0.42,0.28,0.4787,1
0.44,0.28,0.4785,1
0.46,0.28,0.4782,1
0.48,0.28,0.478,0.9999
0.5,0.28,0.4777,0.9997
0.52,0.28,0.4775,0.9988
0.54,0.28,0.4772,0.9958
0.56,0.28,0.477,0.9848
0.58,0.28,0.4767,0.9401
0.6,0.28,0.4765,0.7922
0.62,0.28,0.4762,0.4807
0.64,0.28,0.476,0.1835
0.66,0.28,0.4757,0.05177
0.68,0.28,0.4755,0.01309
0.7,0.28,0.4753,0.003198
0.72,0.28,0.475,0.0007658
0.74,0.28,0.4748,0.000183
0.76,0.28,0.4745,4.373e-05
0.78,0.28,0.4743,1.041e-05
0.8,0.28,0.474,2.44e-06
0.82,0.28,0.4738,5.125e-07
0.84,0.28,0.4735,1.076e-07
0.86,0.28,0.4733,2.463e-08
0.88,0.28,0.473,6.25e-09
0.9,0.28,0.4728,1.763e-09
0.92,0.28,0.4725,5.529e-10
0.94,0.28,0.4723,1.83e-10
0.96,0.28,0.472,6.42e-11
0.98,0.28,0.4718,2.252e-11
1,0.28,0.4715,8.031e-12
1.02,0.28,0.4713,2.96e-12
1.04,0.28,0.4711,1.102e-12
1.06,0.28,0.4708,4.239e-13
1.08,0.28,0.4706,1.63e-13
1.1,0.28,0.4703,6.27e-14
1.12,0.28,0.4701,2.411e-14
1.14,0.28,0.4698,9.274e-15
1.16,0.28,0.4696,3.567e-15
1.18,0.28,0.4693,1.372e-15
1.2,0.28,0.4691,5.275e-16
1.22,0.28,0.4688,2.029e-16
1.24,0.28,0.4686,7.802e-17
1.26,0.28,0.4683,3.001e-17
1.28,0.28,0.4681,1.154e-17
1.3,0.28,0.4678,4.438e-18
1.32,0.28,0.4676,1.707e-18
1.34,0.28,0.4673,6.564e-19
1.36,0.28,0.4671,2.525e-19
1.38,0.28,0.4669,9.709e-20
1.4,0.28,0.4666,3.734e-20
1.42,0.28,0.4664,1.436e-20
1.44,0.28,0.4661,5.523e-21
1.46,0.28,0.4659,2.124e-21
1.48,0.28,0.4656,8.169e-22
1.5,0.28,0.4654,3.141e-22
1.52,0.28,0.4651,1.208e-22
1.54,0.28,0.4649,4.646e-23
1.56,0.28,0.4646,1.787e-23
1.58,0.28,0.4644,6.872e-24
1.6,0.28,0.4641,2.643e-24
-1.6,0.3,0.5037,8.651e-20
-1.58,0.3,0.5034,1.958e-19
-1.56,0.3,0.5032,4.434e-19
-1.54,0.3,0.5029,1.004e-18
-1.52,0.3,0.5027,2.272e-18
-1.5,0.3,0.5024,5.144e-18
-1.48,0.3,0.5022,1.165e-17
-1.46,0.3,0.5019,2.636e-17
-1.44,0.3,0.5017,5.968e-17
-1.42,0.3,0.5014,1.351e-16
-1.4,0.3,0.5012,3.059e-16
-1.38,0.3,0.5009,6.729e-16
-1.36,0.3,0.5007,1.466e-15
-1.34,0.3,0.5005,3.194e-15
-1.32,0.3,0.5002,6.957e-15
-1.3,0.3,0.5,1.516e-14
-1.28,0.3,0.4997,3.302e-14
-1.26,0.3,0.4995,7.193e-14
-1.24,0.3,0.4992,1.567e-13
-1.22,0.3,0.499,3.414e-13
-1.2,0.3,0.4987,7.437e-13
-1.18,0.3,0.4985,1.62e-12
-1.16,0.3,0.4982,3.53e-12
-1.14,0.3,0.498,7.689e-12
-1.12,0.3,0.4977,1.675e-11
-1.1,0.3,0.4975,3.649e-11
-1.08,0.3,0.4972,7.95e-11
-1.06,0.3,0.497,1.81e-10
-1.04,0.3,0.4967,4.356e-10
-1.02,0.3,0.4965,1.134e-09
-1,0.3,0.4962,2.951e-09
-0.98,0.3,0.496,7.68e-09
-0.96,0.3,0.4957,2.029e-08
-0.94,0.3,0.4955,5.595e-08
-0.92,0.3,0.4952,1.582e-07
-0.9,0.3,0.495,4.777e-07
-0.88,0.3,0.4948,1.465e-06
-0.86,0.3,0.4945,4.653e-06
-0.84,0.3,0.4943,1.544e-05
-0.82,0.3,0.494,5.628e-05
-0.8,0.3,0.4938,0.0002094
-0.78,0.3,0.4935,0.000779
-0.76,0.3,0.4933,0.002893
-0.74,0.3,0.493,0.01068
-0.72,0.3,0.4928,0.03864
-0.7,0.3,0.4925,0.1301
-0.68,0.3,0.4923,0.3576
-0.66,0.3,0.492,0.6744
-0.64,0.3,0.4918,0.8852
-0.62,0.3,0.4915,0.9663
-0.6,0.3,0.4913,0.9907
-0.58,0.3,0.491,0.9975
-0.56,0.3,0.4908,0.9993
-0.54,0.3,0.4905,0.9998
-0.52,0.3,0.4903,1
-0.5,0.3,0.49,1
-0.48,0.3,0.4898,1
-0.46,0.3,0.4896,1
-0.44,0.3,0.4893,1
-0.42,0.3,0.4891,1
-0.4,0.3,0.4888,1
-0.38,0.3,0.4886,1
-0.36,0.3,0.4883,1
-0.34,0.3,0.4881,1
-0.32,0.3,0.4878,1
-0.3,0.3,0.4876,1
-0.28,0.3,0.4873,1
-0.26,0.3,0.4871,1
-0.24,0.3,0.4868,1
-0.22,0.3,0.4866,1
-0.2,0.3,0.4863,1
-0.18,0.3,0.4861,1
-0.16,0.3,0.4858,1
-0.14,0.3,0.4856,1
-0.12,0.3,0.4853,1
-0.1,0.3,0.4851,1
-0.08,0.3,0.4848,1
-0.06,0.3,0.4846,1
-0.04,0.3,0.4843,1
-0.02,0.3,0.4841,1
0,0.3,0.4839,1
0.02,0.3,0.4836,1
0.04,0.3,0.4834,1
0.06,0.3,0.4831,1
0.08,0.3,0.4829,1
0.1,0.3,0.4826,1
0.12,0.3,0.4824,1
0.14,0.3,0.4821,1
0.16,0.3,0.4819,1
0.18,0.3,0.4816,1
0.2,0.3,0.4814,1
0.22,0.3,0.4811,1
0.24,0.3,0.4809,1
0.26,0.3,0.4806,1
0.28,0.3,0.4804,1
0.3,0.3,0.4801,1
0.32,0.3,0.4799,1
0.34,0.3,0.4796,1
0.36,0.3,0.4794,1
0.38,0.3,0.4792,1
0.4,0.3,0.4789,1
0.42,0.3,0.4787,1
0.44,0.3,0.4784,1
0.46,0.3,0.4782,0.9999
0.48,0.3,0.4779,0.9998
0.5,0.3,0.4777,0.9993
0.52,0.3,0.4774,0.9975
0.54,0.3,0.4772,0.9914
0.56,0.3,0.4769,0.9703
0.58,0.3,0.4767,0.8991
0.6,0.3,0.4764,0.6841
0.62,0.3,0.4762,0.3446
0.64,0.3,0.4759,0.1132
0.66,0.3,0.4757,0.03008
0.68,0.3,0.4754,0.007477
0.7,0.3,0.4752,0.001826
0.72,0.3,0.4749,0.0004389
0.74,0.3,0.4747,0.0001049
0.76,0.3,0.4745,2.505e-05
0.78,0.3,0.4742,5.985e-06
0.8,0.3,0.474,1.43e-06
0.82,0.3,0.4737,3.415e-07
0.84,0.3,0.4735,7.611e-08
0.86,0.3,0.4732,1.829e-08
0.88,0.3,0.473,4.7e-09
0.9,0.3,0.4727,1.375e-09
0.92,0.3,0.4725,4.329e-10
0.94,0.3,0.4722,1.448e-10
0.96,0.3,0.472,5.099e-11
0.98,0.3,0.4717,1.795e-11
1,0.3,0.4715,6.507e-12
1.02,0.3,0.4712,2.402e-12
1.04,0.3,0.471,8.888e-13
1.06,0.3,0.4707,3.418e-13
1.08,0.3,0.4705,1.315e-13
1.1,0.3,0.4703,5.056e-14
1.12,0.3,0.47,1.944e-14
1.14,0.3,0.4698,7.478e-15
1.16,0.3,0.4695,2.876e-15
1.18,0.3,0.4693,1.106e-15
1.2,0.3,0.469,4.254e-16
1.22,0.3,0.4688,1.636e-16
1.24,0.3,0.4685,6.291e-17
1.26,0.3,0.4683,2.42e-17
1.28,0.3,0.468,9.305e-18
1.3,0.3,0.4678,3.579e-18
1.32,0.3,0.4675,1.376e-18
1.34,0.3,0.4673,5.293e-19
1.36,0.3,0.467,2.036e-19
1.38,0.3,0.4668,7.829e-20
1.4,0.3,0.4665,3.011e-20
1.42,0.3,0.4663,1.158e-20
1.44,0.3,0.4661,4.453e-21
1.46,0.3,0.4658,1.713e-21
1.48,0.3,0.4656,6.587e-22
1.5,0.3,0.4653,2.533e-22
1.52,0.3,0.4651,9.742e-23
1.54,0.3,0.4648,3.747e-23
1.56,0.3,0.4646,1.441e-23
1.58,0.3,0.4643,5.542e-24
1.6,0.3,0.4641,2.131e-24
-1.6,0.32,0.5036,7.368e-20
-1.58,0.32,0.5034,1.668e-19
-1.56,0.32,0.5031,3.776e-19
-1.54,0.32,0.5029,8.548e-19
-1.52,0.32,0.5026,1.935e-18
-1.5,0.32,0.5024,4.381e-18
-1.48,0.32,0.5021,9.918e-18
-1.46,0.32,0.5019,2.245e-17
-1.44,0.32,0.5016,5.083e-17
-1.42,0.32,0.5014,1.108e-16
-1.4,0.32,0.5011,2.415e-16
-1.38,0.32,0.5009,5.26e-16
-1.36,0.32,0.5006,1.146e-15
-1.34,0.32,0.5004,2.497e-15
-1.32,0.32,0.5001,5.439e-15
-1.3,0.32,0.4999,1.185e-14
-1.28,0.32,0.4997,2.581e-14
-1.26,0.32,0.4994,5.623e-14
-1.24,0.32,0.4992,1.225e-13
-1.22,0.32,0.4989,2.669e-13
-1.2,0.32,0.4987,5.814e-13
-1.18,0.32,0.4984,1.267e-12
-1.16,0.32,0.4982,2.759e-12
-1.14,0.32,0.4979,6.011e-12
-1.12,0.32,0.4977,1.31e-11
-1.1,0.32,0.4974,2.853e-11
-1.08,0.32,0.4972,6.215e-11
-1.06,0.32,0.4969,1.399e-10
-1.04,0.32,0.4967,3.345e-10
-1.02,0.32,0.4964,8.616e-10
-1,0.32,0.4962,2.242e-09
-0.98,0.32,0.4959,5.837e-09
-0.96,0.32,0.4957,1.519e-08
-0.94,0.32,0.4954,4.156e-08
-0.92,0.32,0.4952,1.155e-07
-0.9,0.32,0.4949,3.481e-07
-0.88,0.32,0.4947,1.059e-06
-0.86,0.32,0.4944,3.364e-06
-0.84,0.32,0.4942,1.091e-05
-0.82,0.32,0.494,3.881e-05
-0.8,0.32,0.4937,0.0001444
-0.78,0.32,0.4935,0.0005372
-0.76,0.32,0.4932,0.001997
-0.74,0.32,0.493,0.00739
-0.72,0.32,0.4927,0.02696
-0.7,0.32,0.4925,0.09348
-0.68,0.32,0.4922,0.2773
-0.66,0.32,0.492,0.5882
-0.64,0.32,0.4917,0.8417
-0.62,0.32,0.4915,0.9519
-0.6,0.32,0.4912,0.9866
-0.58,0.32,0.491,0.9964
-0.56,0.32,0.4907,0.999
-0.54,0.32,0.4905,0.9997
-0.52,0.32,0.4902,0.9999
-0.5,0.32,0.49,1
-0.48,0.32,0.4897,1
-0.46,0.32,0.4895,1
-0.44,0.32,0.4892,1
-0.42,0.32,0.489,1
-0.4,0.32,0.4887,1
-0.38,0.32,0.4885,1
-0.36,0.32,0.4883,1
-0.34,0.32,0.488,1
-0.32,0.32,0.4878,1
-0.3,0.32,0.4875,1
-0.28,0.32,0.4873,1
-0.26,0.32,0.487,1
-0.24,0.32,0.4868,1
-0.22,0.32,0.4865,1
-0.2,0.32,0.4863,1
-0.18,0.32,0.486,1
-0.16,0.32,0.4858,1
-0.14,0.32,0.4855,1
-0.12,0.32,0.4853,1
-0.1,0.32,0.485,1
-0.08,0.32,0.4848,1
-0.06,0.32,0.4845,1
-0.04,0.32,0.4843,1
-0.02,0.32,0.484,1
0,0.32,0.4838,1
0.02,0.32,0.4835,1
0.04,0.32,0.4833,1
0.06,0.32,0.4831,1
0.08,0.32,0.4828,1
0.1,0.32,0.4826,1
0.12,0.32,0.4823,1
0.14,0.32,0.4821,1
0.16,0.32,0.4818,1
0.18,0.32,0.4816,1
0.2,0.32,0.4813,1
0.22,0.32,0.4811,1
0.24,0.32,0.4808,1
0.26,0.32,0.4806,1
0.28,0.32,0.4803,1
0.3,0.32,0.4801,1
0.32,0.32,0.4798,1
0.34,0.32,0.4796,1
0.36,0.32,0.4793,1
0.38,0.32,0.4791,1
0.4,0.32,0.4788,1
0.42,0.32,0.4786,1
0.44,0.32,0.4784,1
0.46,0.32,0.4781,0.9999
0.48,0.32,0.4779,0.9996
0.5,0.32,0.4776,0.9985
0.52,0.32,0.4774,0.9949
0.54,0.32,0.4771,0.9825
0.56,0.32,0.4769,0.9411
0.58,0.32,0.4766,0.8194
0.6,0.32,0.4764,0.5516
0.62,0.32,0.4761,0.23
0.64,0.32,0.4759,0.06765
0.66,0.32,0.4756,0.01732
0.68,0.32,0.4754,0.004261
0.7,0.32,0.4751,0.001038
0.72,0.32,0.4749,0.0002515
0.74,0.32,0.4746,6.008e-05
0.76,0.32,0.4744,1.435e-05
0.78,0.32,0.4741,3.429e-06
0.8,0.32,0.4739,8.19e-07
0.82,0.32,0.4737,1.956e-07
0.84,0.32,0.4734,4.789e-08
0.86,0.32,0.4732,1.328e-08
0.88,0.32,0.4729,3.443e-09
0.9,0.32,0.4727,1.043e-09
0.92,0.32,0.4724,3.285e-10
0.94,0.32,0.4722,1.11e-10
0.96,0.32,0.4719,3.906e-11
0.98,0.32,0.4717,1.375e-11
1,0.32,0.4714,5.063e-12
1.02,0.32,0.4712,1.872e-12
1.04,0.32,0.4709,6.925e-13
1.06,0.32,0.4707,2.664e-13
1.08,0.32,0.4704,1.028e-13
1.1,0.32,0.4702,3.968e-14
1.12,0.32,0.4699,1.531e-14
1.14,0.32,0.4697,5.91e-15
1.16,0.32,0.4695,2.281e-15
1.18,0.32,0.4692,8.803e-16
1.2,0.32,0.469,3.397e-16
1.22,0.32,0.4687,1.311e-16
1.24,0.32,0.4685,5.06e-17
1.26,0.32,0.4682,1.951e-17
1.28,0.32,0.468,7.503e-18
1.3,0.32,0.4677,2.886e-18
1.32,0.32,0.4675,1.11e-18
1.34,0.32,0.4672,4.268e-19
1.36,0.32,0.467,1.641e-19
1.38,0.32,0.4667,6.313e-20
1.4,0.32,0.4665,2.428e-20
1.42,0.32,0.4662,9.337e-21
1.44,0.32,0.466,3.591e-21
1.46,0.32,0.4658,1.381e-21
1.48,0.32,0.4655,5.311e-22
1.5,0.32,0.4653,2.043e-22
1.52,0.32,0.465,7.856e-23
1.54,0.32,0.4648,3.021e-23
1.56,0.32,0.4645,1.162e-23
1.58,0.32,0.4643,4.469e-24
1.6,0.32,0.464,1.719e-24
-1.6,0.34,0.5036,6.275e-20
-1.58,0.34,0.5033,1.421e-19
-1.56,0.34,0.5031,3.216e-19
-1.54,0.34,0.5028,7.28e-19
-1.52,0.34,0.5026,1.648e-18
-1.5,0.34,0.5023,3.731e-18
-1.48,0.34,0.5021,8.381e-18
-1.46,0.34,0.5018,1.826e-17
-1.44,0.34,0.5016,3.977e-17
-1.42,0.34,0.5013,8.665e-17
-1.4,0.34,0.5011,1.888e-16
-1.38,0.34,0.5008,4.112e-16
-1.36,0.34,0.5006,8.959e-16
-1.34,0.34,0.5003,1.952e-15
-1.32,0.34,0.5001,4.252e-15
-1.3,0.34,0.4998,9.263e-15
-1.28,0.34,0.4996,2.018e-14
-1.26,0.34,0.4993,4.396e-14
-1.24,0.34,0.4991,9.577e-14
-1.22,0.34,0.4989,2.086e-13
-1.2,0.34,0.4986,4.545e-13
-1.18,0.34,0.4984,9.901e-13
-1.16,0.34,0.4981,2.157e-12
-1.14,0.34,0.4979,4.699e-12
-1.12,0.34,0.4976,1.024e-11
-1.1,0.34,0.4974,2.23e-11
-1.08,0.34,0.4971,4.858e-11
-1.06,0.34,0.4969,1.081e-10
-1.04,0.34,0.4966,2.575e-10
-1.02,0.34,0.4964,6.548e-10
-1,0.34,0.4961,1.704e-09
-0.98,0.34,0.4959,4.436e-09
-0.96,0.34,0.4956,1.154e-08
-0.94,0.34,0.4954,3.088e-08
-0.92,0.34,0.4951,8.521e-08
-0.9,0.34,0.4949,2.536e-07
-0.88,0.34,0.4946,7.66e-07
-0.86,0.34,0.4944,2.433e-06
-0.84,0.34,0.4941,7.746e-06
-0.82,0.34,0.4939,2.676e-05
-0.8,0.34,0.4936,9.957e-05
-0.78,0.34,0.4934,0.0003705
-0.76,0.34,0.4932,0.001377
-0.74,0.34,0.4929,0.005107
-0.72,0.34,0.4927,0.01875
-0.7,0.34,0.4924,0.06638
-0.68,0.34,0.4922,0.2092
-0.66,0.34,0.4919,0.4962
-0.64,0.34,0.4917,0.7856
-0.62,0.34,0.4914,0.9315
-0.6,0.34,0.4912,0.9804
-0.58,0.34,0.4909,0.9946
-0.56,0.34,0.4907,0.9985
-0.54,0.34,0.4904,0.9996
-0.52,0.34,0.4902,0.9999
-0.5,0.34,0.4899,1
-0.48,0.34,0.4897,1
-0.46,0.34,0.4894,1
-0.44,0.34,0.4892,1
-0.42,0.34,0.4889,1
-0.4,0.34,0.4887,1
-0.38,0.34,0.4884,1
-0.36,0.34,0.4882,1
-0.34,0.34,0.4879,1
-0.32,0.34,0.4877,1
-0.3,0.34,0.4875,1
-0.28,0.34,0.4872,1
-0.26,0.34,0.487,1
-0.24,0.34,0.4867,1
-0.22,0.34,0.4865,1
-0.2,0.34,0.4862,1
-0.18,0.34,0.486,1
-0.16,0.34,0.4857,1
-0.14,0.34,0.4855,1
-0.12,0.34,0.4852,1
-0.1,0.34,0.485,1
-0.08,0.34,0.4847,1
-0.06,0.34,0.4845,1
-0.04,0.34,0.4842,1
-0.02,0.34,0.484,1
0,0.34,0.4837,1
0.02,0.34,0.4835,1
0.04,0.34,0.4832,1
0.06,0.34,0.483,1
0.08,0.34,0.4827,1
0.1,0.34,0.4825,1
0.12,0.34,0.4823,1
0.14,0.34,0.482,1
0.16,0.34,0.4818,1
0.18,0.34,0.4815,1
0.2,0.34,0.4813,1
0.22,0.34,0.481,1
0.24,0.34,0.4808,1
0.26,0.34,0.4805,1
0.28,0.34,0.4803,1
0.3,0.34,0.48,1
0.32,0.34,0.4798,1
0.34,0.34,0.4795,1
0.36,0.34,0.4793,1
0.38,0.34,0.479,1
0.4,0.34,0.4788,1
0.42,0.34,0.4785,1
0.44,0.34,0.4783,0.9999
0.46,0.34,0.478,0.9997
0.48,0.34,0.4778,0.9988
0.5,0.34,0.4776,0.9962
0.52,0.34,0.4773,0.9874
0.54,0.34,0.4771,0.9593
0.56,0.34,0.4768,0.8736
0.58,0.34,0.4766,0.6698
0.6,0.34,0.4763,0.3731
0.62,0.34,0.4761,0.1424
0.64,0.34,0.4758,0.03959
0.66,0.34,0.4756,0.009911
0.68,0.34,0.4753,0.002425
0.7,0.34,0.4751,0.0005901
0.72,0.34,0.4748,0.0001434
0.74,0.34,0.4746,3.442e-05
0.76,0.34,0.4743,8.223e-06
0.78,0.34,0.4741,1.964e-06
0.8,0.34,0.4738,4.692e-07
0.82,0.34,0.4736,1.121e-07
0.84,0.34,0.4733,2.895e-08
0.86,0.34,0.4731,8.139e-09
0.88,0.34,0.4729,2.446e-09
0.9,0.34,0.4726,7.918e-10
0.92,0.34,0.4724,2.513e-10
0.94,0.34,0.4721,8.5e-11
0.96,0.34,0.4719,2.993e-11
0.98,0.34,0.4716,1.065e-11
1,0.34,0.4714,3.939e-12
1.02,0.34,0.4711,1.457e-12
1.04,0.34,0.4709,5.388e-13
1.06,0.34,0.4706,2.058e-13
1.08,0.34,0.4704,7.943e-14
1.1,0.34,0.4701,3.066e-14
1.12,0.34,0.4699,1.183e-14
1.14,0.34,0.4696,4.566e-15
1.16,0.34,0.4694,1.762e-15
1.18,0.34,0.4691,6.801e-16
1.2,0.34,0.4689,2.625e-16
1.22,0.34,0.4687,1.013e-16
1.24,0.34,0.4684,3.91e-17
1.26,0.34,0.4682,1.509e-17
1.28,0.34,0.4679,5.824e-18
1.3,0.34,0.4677,2.248e-18
1.32,0.34,0.4674,8.674e-19
1.34,0.34,0.4672,3.348e-19
1.36,0.34,0.4669,1.292e-19
1.38,0.34,0.4667,4.986e-20
1.4,0.34,0.4664,1.924e-20
1.42,0.34,0.4662,7.427e-21
1.44,0.34,0.4659,2.866e-21
1.46,0.34,0.4657,1.106e-21
1.48,0.34,0.4654,4.269e-22
1.5,0.34,0.4652,1.647e-22
1.52,0.34,0.465,6.334e-23
1.54,0.34,0.4647,2.436e-23
1.56,0.34,0.4645,9.369e-24
1.58,0.34,0.4642,3.603e-24
1.6,0.34,0.464,1.386e-24
-1.6,0.36,0.5035,5.344e-20
-1.58,0.36,0.5033,1.21e-19
-1.56,0.36,0.503,2.739e-19
-1.54,0.36,0.5028,6.201e-19
-1.52,0.36,0.5025,1.38e-18
-1.5,0.36,0.5023,3.007e-18
-1.48,0.36,0.502,6.552e-18
-1.46,0.36,0.5018,1.427e-17
-1.44,0.36,0.5015,3.109e-17
-1.42,0.36,0.5013,6.774e-17
-1.4,0.36,0.501,1.476e-16
-1.38,0.36,0.5008,3.215e-16
-1.36,0.36,0.5005,7.003e-16
-1.34,0.36,0.5003,1.526e-15
-1.32,0.36,0.5,3.324e-15
-1.3,0.36,0.4998,7.241e-15
-1.28,0.36,0.4995,1.577e-14
-1.26,0.36,0.4993,3.437e-14
-1.24,0.36,0.499,7.486e-14
-1.22,0.36,0.4988,1.631e-13
-1.2,0.36,0.4985,3.553e-13
-1.18,0.36,0.4983,7.74e-13
-1.16,0.36,0.498,1.686e-12
-1.14,0.36,0.4978,3.674e-12
-1.12,0.36,0.4976,8.003e-12
-1.1,0.36,0.4973,1.743e-11
-1.08,0.36,0.4971,3.798e-11
-1.06,0.36,0.4968,8.383e-11
-1.04,0.36,0.4966,1.982e-10
-1.02,0.36,0.4963,4.976e-10
-1,0.36,0.4961,1.295e-09
-0.98,0.36,0.4958,3.371e-09
-0.96,0.36,0.4956,8.773e-09
-0.94,0.36,0.4953,2.294e-08
-0.92,0.36,0.4951,6.324e-08
-0.9,0.36,0.4948,1.848e-07
-0.88,0.36,0.4946,5.581e-07
-0.86,0.36,0.4943,1.746e-06
-0.84,0.36,0.4941,5.5e-06
-0.82,0.36,0.4938,1.866e-05
-0.8,0.36,0.4936,6.865e-05
-0.78,0.36,0.4933,0.0002555
-0.76,0.36,0.4931,0.0009501
-0.74,0.36,0.4928,0.003527
-0.72,0.36,0.4926,0.013
-0.7,0.36,0.4923,0.04673
-0.68,0.36,0.4921,0.1541
-0.66,0.36,0.4919,0.4011
-0.64,0.36,0.4916,0.7111
-0.62,0.36,0.4914,0.9005
-0.6,0.36,0.4911,0.9708
-0.58,0.36,0.4909,0.9919
-0.56,0.36,0.4906,0.9978
-0.54,0.36,0.4904,0.9994
-0.52,0.36,0.4901,0.9998
-0.5,0.36,0.4899,1
-0.48,0.36,0.4896,1
-0.46,0.36,0.4894,1
-0.44,0.36,0.4891,1
-0.42,0.36,0.4889,1
-0.4,0.36,0.4886,1
-0.38,0.36,0.4884,1
-0.36,0.36,0.4881,1
-0.34,0.36,0.4879,1
-0.32,0.36,0.4876,1
-0.3,0.36,0.4874,1
-0.28,0.36,0.4871,1
-0.26,0.36,0.4869,1
-0.24,0.36,0.4867,1
-0.22,0.36,0.4864,1
-0.2,0.36,0.4862,1
-0.18,0.36,0.4859,1
-0.16,0.36,0.4857,1
-0.14,0.36,0.4854,1
-0.12,0.36,0.4852,1
-0.1,0.36,0.4849,1
-0.08,0.36,0.4847,1
-0.06,0.36,0.4844,1
-0.04,0.36,0.4842,1
-0.02,0.36,0.4839,1
0,0.36,0.4837,1
0.02,0.36,0.4834,1
0.04,0.36,0.4832,1
0.06,0.36,0.4829,1
0.08,0.36,0.4827,1
0.1,0.36,0.4824,1
0.12,0.36,0.4822,1
0.14,0.36,0.4819,1
0.16,0.36,0.4817,1
0.18,0.36,0.4815,1
0.2,0.36,0.4812,1
0.22,0.36,0.481,1
0.24,0.36,0.4807,1
0.26,0.36,0.4805,1
0.28,0.36,0.4802,1
0.3,0.36,0.48,1
0.32,0.36,0.4797,1
0.34,0.36,0.4795,1
0.36,0.36,0.4792,1
0.38,0.36,0.479,1
0.4,0.36,0.4787,1
0.42,0.36,0.4785,0.9999
0.44,0.36,0.4782,0.9997
0.46,0.36,0.478,0.9991
0.48,0.36,0.4777,0.997
0.5,0.36,0.4775,0.9902
0.52,0.36,0.4772,0.9682
0.54,0.36,0.477,0.9017
0.56,0.36,0.4768,0.734
0.58,0.36,0.4765,0.4537
0.6,0.36,0.4763,0.1974
0.62,0.36,0.476,0.06733
0.64,0.36,0.4758,0.01964
0.66,0.36,0.4755,0.005004
0.68,0.36,0.4753,0.001261
0.7,0.36,0.475,0.0003167
0.72,0.36,0.4748,7.95e-05
0.74,0.36,0.4745,1.972e-05
0.76,0.36,0.4743,4.711e-06
0.78,0.36,0.474,1.125e-06
0.8,0.36,0.4738,2.688e-07
0.82,0.36,0.4735,6.489e-08
0.84,0.36,0.4733,1.771e-08
0.86,0.36,0.473,5.027e-09
0.88,0.36,0.4728,1.585e-09
0.9,0.36,0.4725,5.428e-10
0.92,0.36,0.4723,1.911e-10
0.94,0.36,0.4721,6.512e-11
0.96,0.36,0.4718,2.293e-11
0.98,0.36,0.4716,8.288e-12
1,0.36,0.4713,3.065e-12
1.02,0.36,0.4711,1.134e-12
1.04,0.36,0.4708,4.193e-13
1.06,0.36,0.4706,1.59e-13
1.08,0.36,0.4703,6.137e-14
1.1,0.36,0.4701,2.369e-14
1.12,0.36,0.4698,9.141e-15
1.14,0.36,0.4696,3.528e-15
1.16,0.36,0.4693,1.362e-15
1.18,0.36,0.4691,5.255e-16
1.2,0.36,0.4688,2.028e-16
1.22,0.36,0.4686,7.827e-17
1.24,0.36,0.4684,3.021e-17
1.26,0.36,0.4681,1.166e-17
1.28,0.36,0.4679,4.499e-18
1.3,0.36,0.4676,1.736e-18
1.32,0.36,0.4674,6.702e-19
1.34,0.36,0.4671,2.586e-19
1.36,0.36,0.4669,9.982e-20
1.38,0.36,0.4666,3.852e-20
1.4,0.36,0.4664,1.487e-20
1.42,0.36,0.4661,5.738e-21
1.44,0.36,0.4659,2.215e-21
1.46,0.36,0.4656,8.547e-22
1.48,0.36,0.4654,3.299e-22
1.5,0.36,0.4651,1.273e-22
1.52,0.36,0.4649,4.913e-23
1.54,0.36,0.4646,1.896e-23
1.56,0.36,0.4644,7.318e-24
1.58,0.36,0.4642,2.824e-24
1.6,0.36,0.4639,1.09e-24
-1.6,0.38,0.5034,4.552e-20
-1.58,0.38,0.5032,1.03e-19
-1.56,0.38,0.5029,2.274e-19
-1.54,0.38,0.5027,4.954e-19
-1.52,0.38,0.5025,1.079e-18
-1.5,0.38,0.5022,2.351e-18
-1.48,0.38,0.502,5.122e-18
-1.46,0.38,0.5017,1.116e-17
-1.44,0.38,0.5015,2.431e-17
-1.42,0.38,0.5012,5.295e-17
-1.4,0.38,0.501,1.154e-16
-1.38,0.38,0.5007,2.513e-16
-1.36,0.38,0.5005,5.475e-16
-1.34,0.38,0.5002,1.193e-15
-1.32,0.38,0.5,2.598e-15
-1.3,0.38,0.4997,5.661e-15
-1.28,0.38,0.4995,1.233e-14
-1.26,0.38,0.4992,2.686e-14
-1.24,0.38,0.499,5.852e-14
-1.22,0.38,0.4987,1.275e-13
-1.2,0.38,0.4985,2.778e-13
-1.18,0.38,0.4982,6.051e-13
-1.16,0.38,0.498,1.318e-12
-1.14,0.38,0.4977,2.872e-12
-1.12,0.38,0.4975,6.256e-12
-1.1,0.38,0.4972,1.363e-11
-1.08,0.38,0.497,2.969e-11
-1.06,0.38,0.4968,6.569e-11
-1.04,0.38,0.4965,1.526e-10
-1.02,0.38,0.4963,3.796e-10
-1,0.38,0.496,9.842e-10
-0.98,0.38,0.4958,2.562e-09
-0.96,0.38,0.4955,6.667e-09
-0.94,0.38,0.4953,1.735e-08
-0.92,0.38,0.495,4.698e-08
-0.9,0.38,0.4948,1.347e-07
-0.88,0.38,0.4945,4.057e-07
-0.86,0.38,0.4943,1.253e-06
-0.84,0.38,0.494,3.93e-06
-0.82,0.38,0.4938,1.309e-05
-0.8,0.38,0.4935,4.733e-05
-0.78,0.38,0.4933,0.0001761
-0.76,0.38,0.493,0.0006552
-0.74,0.38,0.4928,0.002434
-0.72,0.38,0.4925,0.008893
-0.7,0.38,0.4923,0.03193
-0.68,0.38,0.492,0.1081
-0.66,0.38,0.4918,0.3083
-0.64,0.38,0.4915,0.621
-0.62,0.38,0.4913,0.8576
-0.6,0.38,0.4911,0.9568
-0.58,0.38,0.4908,0.9879
-0.56,0.38,0.4906,0.9966
-0.54,0.38,0.4903,0.999
-0.52,0.38,0.4901,0.9997
-0.5,0.38,0.4898,0.9999
-0.48,0.38,0.4896,1
-0.46,0.38,0.4893,1
-0.44,0.38,0.4891,1
-0.42,0.38,0.4888,1
-0.4,0.38,0.4886,1
-0.38,0.38,0.4883,1
-0.36,0.38,0.4881,1
-0.34,0.38,0.4878,1
-0.32,0.38,0.4876,1
-0.3,0.38,0.4873,1
-0.28,0.38,0.4871,1
-0.26,0.38,0.4868,1
-0.24,0.38,0.4866,1
-0.22,0.38,0.4863,1
-0.2,0.38,0.4861,1
-0.18,0.38,0.4859,1
-0.16,0.38,0.4856,1
-0.14,0.38,0.4854,1
-0.12,0.38,0.4851,1
-0.1,0.38,0.4849,1
-0.08,0.38,0.4846,1
-0.06,0.38,0.4844,1
-0.04,0.38,0.4841,1
-0.02,0.38,0.4839,1
0,0.38,0.4836,1
0.02,0.38,0.4834,1
0.04,0.38,0.4831,1
0.06,0.38,0.4829,1
0.08,0.38,0.4826,1
0.1,0.38,0.4824,1
0.12,0.38,0.4821,1
0.14,0.38,0.4819,1
0.16,0.38,0.4816,1
0.18,0.38,0.4814,1
0.2,0.38,0.4811,1
0.22,0.38,0.4809,1
0.24,0.38,0.4807,1
0.26,0.38,0.4804,1
0.28,0.38,0.4802,1
0.3,0.38,0.4799,1
0.32,0.38,0.4797,1
0.34,0.38,0.4794,1
0.36,0.38,0.4792,1
0.38,0.38,0.4789,1
0.4,0.38,0.4787,0.9999
0.42,0.38,0.4784,0.9998
0.44,0.38,0.4782,0.9993
0.46,0.38,0.4779,0.9977
0.48,0.38,0.4777,0.9924
0.5,0.38,0.4774,0.9752
0.52,0.38,0.4772,0.922
0.54,0.38,0.4769,0.7806
0.56,0.38,0.4767,0.5171
0.58,0.38,0.4764,0.2437
0.6,0.38,0.4762,0.08842
0.62,0.38,0.476,0.02836
0.64,0.38,0.4757,0.00868
0.66,0.38,0.4755,0.002413
0.68,0.38,0.4752,0.0006067
0.7,0.38,0.475,0.0001523
0.72,0.38,0.4747,3.824e-05
0.74,0.38,0.4745,9.597e-06
0.76,0.38,0.4742,2.379e-06
0.78,0.38,0.474,5.874e-07
0.8,0.38,0.4737,1.45e-07
0.82,0.38,0.4735,3.804e-08
0.84,0.38,0.4732,1.084e-08
0.86,0.38,0.473,3.217e-09
0.88,0.38,0.4727,1.028e-09
0.9,0.38,0.4725,3.558e-10
0.92,0.38,0.4722,1.275e-10
0.94,0.38,0.472,4.74e-11
0.96,0.38,0.4717,1.756e-11
0.98,0.38,0.4715,6.449e-12
1,0.38,0.4713,2.385e-12
1.02,0.38,0.471,8.821e-13
1.04,0.38,0.4708,3.262e-13
1.06,0.38,0.4705,1.229e-13
1.08,0.38,0.4703,4.742e-14
1.1,0.38,0.47,1.83e-14
1.12,0.38,0.4698,7.063e-15
1.14,0.38,0.4695,2.726e-15
1.16,0.38,0.4693,1.052e-15
1.18,0.38,0.469,4.06e-16
1.2,0.38,0.4688,1.567e-16
1.22,0.38,0.4685,6.047e-17
1.24,0.38,0.4683,2.334e-17
1.26,0.38,0.468,9.007e-18
1.28,0.38,0.4678,3.476e-18
1.3,0.38,0.4676,1.342e-18
1.32,0.38,0.4673,5.178e-19
1.34,0.38,0.4671,1.998e-19
1.36,0.38,0.4668,7.712e-20
1.38,0.38,0.4666,2.977e-20
1.4,0.38,0.4663,1.149e-20
1.42,0.38,0.4661,4.433e-21
1.44,0.38,0.4658,1.711e-21
1.46,0.38,0.4656,6.604e-22
1.48,0.38,0.4653,2.549e-22
1.5,0.38,0.4651,9.836e-23
1.52,0.38,0.4648,3.796e-23
1.54,0.38,0.4646,1.465e-23
1.56,0.38,0.4643,5.654e-24
1.58,0.38,0.4641,2.182e-24
1.6,0.38,0.4639,8.422e-25
-1.6,0.4,0.5034,3.745e-20
-1.58,0.4,0.5031,8.16e-20
-1.56,0.4,0.5029,1.778e-19
-1.54,0.4,0.5026,3.872e-19
-1.52,0.4,0.5024,8.436e-19
-1.5,0.4,0.5021,1.838e-18
-1.48,0.4,0.5019,4.004e-18
-1.46,0.4,0.5016,8.722e-18
-1.44,0.4,0.5014,1.9e-17
-1.42,0.4,0.5012,4.14e-17
-1.4,0.4,0.5009,9.018e-17
-1.38,0.4,0.5007,1.965e-16
-1.36,0.4,0.5004,4.28e-16
-1.34,0.4,0.5002,9.324e-16
-1.32,0.4,0.4999,2.031e-15
-1.3,0.4,0.4997,4.425e-15
-1.28,0.4,0.4994,9.64e-15
-1.26,0.4,0.4992,2.1e-14
-1.24,0.4,0.4989,4.575e-14
-1.22,0.4,0.4987,9.967e-14
-1.2,0.4,0.4984,2.171e-13
-1.18,0.4,0.4982,4.73e-13
-1.16,0.4,0.4979,1.03e-12
-1.14,0.4,0.4977,2.245e-12
-1.12,0.4,0.4974,4.891e-12
-1.1,0.4,0.4972,1.065e-11
-1.08,0.4,0.4969,2.321e-11
-1.06,0.4,0.4967,5.148e-11
-1.04,0.4,0.4964,1.176e-10
-1.02,0.4,0.4962,2.922e-10
-1,0.4,0.4959,7.479e-10
-0.98,0.4,0.4957,1.947e-09
-0.96,0.4,0.4955,5.067e-09
-0.94,0.4,0.4952,1.319e-08
-0.92,0.4,0.495,3.49e-08
-0.9,0.4,0.4947,9.858e-08
-0.88,0.4,0.4945,2.934e-07
-0.86,0.4,0.4942,8.994e-07
-0.84,0.4,0.494,2.821e-06
-0.82,0.4,0.4937,9.191e-06
-0.8,0.4,0.4935,3.264e-05
-0.78,0.4,0.4932,0.0001202
-0.76,0.4,0.493,0.0004417
-0.74,0.4,0.4927,0.001622
-0.72,0.4,0.4925,0.005935
-0.7,0.4,0.4922,0.02148
-0.68,0.4,0.492,0.07334
-0.66,0.4,0.4917,0.2207
-0.64,0.4,0.4915,0.4962
-0.62,0.4,0.4912,0.7741
-0.6,0.4,0.491,0.9226
-0.58,0.4,0.4907,0.9765
-0.56,0.4,0.4905,0.9931
-0.54,0.4,0.4903,0.998
-0.52,0.4,0.49,0.9994
-0.5,0.4,0.4898,0.9998
-0.48,0.4,0.4895,0.9999
-0.46,0.4,0.4893,0.9999
-0.44,0.4,0.489,1
-0.42,0.4,0.4888,1
-0.4,0.4,0.4885,1
-0.38,0.4,0.4883,1
-0.36,0.4,0.488,1
-0.34,0.4,0.4878,1
-0.32,0.4,0.4875,1
-0.3,0.4,0.4873,1
-0.28,0.4,0.487,1
-0.26,0.4,0.4868,1
-0.24,0.4,0.4865,1
-0.22,0.4,0.4863,1
-0.2,0.4,0.486,1
-0.18,0.4,0.4858,1
-0.16,0.4,0.4855,1
-0.14,0.4,0.4853,1
-0.12,0.4,0.485,1
-0.1,0.4,0.4848,1
-0.08,0.4,0.4846,1
-0.06,0.4,0.4843,1
-0.04,0.4,0.4841,1
-0.02,0.4,0.4838,1
0,0.4,0.4836,1
0.02,0.4,0.4833,1
0.04,0.4,0.4831,1
0.06,0.4,0.4828,1
0.08,0.4,0.4826,1
0.1,0.4,0.4823,1
0.12,0.4,0.4821,1
0.14,0.4,0.4818,1
0.16,0.4,0.4816,1
0.18,0.4,0.4813,1
0.2,0.4,0.4811,1
0.22,0.4,0.4808,1
0.24,0.4,0.4806,1
0.26,0.4,0.4803,1
0.28,0.4,0.4801,1
0.3,0.4,0.4799,1
0.32,0.4,0.4796,1
0.34,0.4,0.4794,1
0.36,0.4,0.4791,1
0.38,0.4,0.4789,1
0.4,0.4,0.4786,0.9998
0.42,0.4,0.4784,0.9995
0.44,0.4,0.4781,0.9982
0.46,0.4,0.4779,0.9941
0.48,0.4,0.4776,0.9806
0.5,0.4,0.4774,0.9384
0.52,0.4,0.4771,0.821
0.54,0.4,0.4769,0.5799
0.56,0.4,0.4766,0.2935
0.58,0.4,0.4764,0.1111
0.6,0.4,0.4761,0.03627
0.62,0.4,0.4759,0.0112
0.64,0.4,0.4756,0.003397
0.66,0.4,0.4754,0.001025
0.68,0.4,0.4752,0.0002892
0.7,0.4,0.4749,7.328e-05
0.72,0.4,0.4747,1.839e-05
0.74,0.4,0.4744,4.616e-06
0.76,0.4,0.4742,1.153e-06
0.78,0.4,0.4739,2.846e-07
0.8,0.4,0.4737,7.141e-08
0.82,0.4,0.4734,1.992e-08
0.84,0.4,0.4732,5.834e-09
0.86,0.4,0.4729,1.867e-09
0.88,0.4,0.4727,6.319e-10
0.9,0.4,0.4724,2.237e-10
0.92,0.4,0.4722,8.34e-11
0.94,0.4,0.4719,3.196e-11
0.96,0.4,0.4717,1.234e-11
0.98,0.4,0.4714,4.952e-12
1,0.4,0.4712,1.856e-12
1.02,0.4,0.471,6.864e-13
1.04,0.4,0.4707,2.538e-13
1.06,0.4,0.4705,9.493e-14
1.08,0.4,0.4702,3.664e-14
1.1,0.4,0.47,1.414e-14
1.12,0.4,0.4697,5.457e-15
1.14,0.4,0.4695,2.106e-15
1.16,0.4,0.4692,8.128e-16
1.18,0.4,0.469,3.137e-16
1.2,0.4,0.4687,1.211e-16
1.22,0.4,0.4685,4.672e-17
1.24,0.4,0.4682,1.803e-17
1.26,0.4,0.468,6.959e-18
1.28,0.4,0.4677,2.686e-18
1.3,0.4,0.4675,1.037e-18
1.32,0.4,0.4672,4e-19
1.34,0.4,0.467,1.544e-19
1.36,0.4,0.4668,5.959e-20
1.38,0.4,0.4665,2.3e-20
1.4,0.4,0.4663,8.875e-21
1.42,0.4,0.466,3.425e-21
1.44,0.4,0.4658,1.322e-21
1.46,0.4,0.4655,5.102e-22
1.48,0.4,0.4653,1.969e-22
1.5,0.4,0.465,7.599e-23
1.52,0.4,0.4648,2.933e-23
1.54,0.4,0.4645,1.132e-23
1.56,0.4,0.4643,4.368e-24
1.58,0.4,0.464,1.686e-24
1.6,0.4,0.4638,6.507e-25
-1.6,0.42,0.5033,2.928e-20
-1.58,0.42,0.5031,6.379e-20
-1.56,0.42,0.5028,1.39e-19
-1.54,0.42,0.5026,3.027e-19
-1.52,0.42,0.5023,6.595e-19
-1.5,0.42,0.5021,1.437e-18
-1.48,0.42,0.5018,3.13e-18
-1.46,0.42,0.5016,6.819e-18
-1.44,0.42,0.5013,1.485e-17
-1.42,0.42,0.5011,3.236e-17
-1.4,0.42,0.5008,7.05e-17
-1.38,0.42,0.5006,1.536e-16
-1.36,0.42,0.5004,3.346e-16
-1.34,0.42,0.5001,7.289e-16
-1.32,0.42,0.4999,1.588e-15
-1.3,0.42,0.4996,3.459e-15
-1.28,0.42,0.4994,7.536e-15
-1.26,0.42,0.4991,1.642e-14
-1.24,0.42,0.4989,3.577e-14
-1.22,0.42,0.4986,7.792e-14
-1.2,0.42,0.4984,1.697e-13
-1.18,0.42,0.4981,3.698e-13
-1.16,0.42,0.4979,8.056e-13
-1.14,0.42,0.4976,1.755e-12
-1.12,0.42,0.4974,3.823e-12
-1.1,0.42,0.4971,8.329e-12
-1.08,0.42,0.4969,1.814e-11
-1.06,0.42,0.4966,4.034e-11
-1.04,0.42,0.4964,9.137e-11
-1.02,0.42,0.4961,2.249e-10
-1,0.42,0.4959,5.684e-10
-0.98,0.42,0.4956,1.479e-09
-0.96,0.42,0.4954,3.85e-09
-0.94,0.42,0.4951,1.002e-08
-0.92,0.42,0.4949,2.608e-08
-0.9,0.42,0.4947,7.238e-08
-0.88,0.42,0.4944,2.122e-07
-0.86,0.42,0.4942,6.455e-07
-0.84,0.42,0.4939,2.007e-06
-0.82,0.42,0.4937,6.366e-06
-0.8,0.42,0.4934,2.114e-05
-0.78,0.42,0.4932,7.561e-05
-0.76,0.42,0.4929,0.0002671
-0.74,0.42,0.4927,0.0009285
-0.72,0.42,0.4924,0.003223
-0.7,0.42,0.4922,0.01112
-0.68,0.42,0.4919,0.03766
-0.66,0.42,0.4917,0.1198
-0.64,0.42,0.4914,0.3214
-0.62,0.42,0.4912,0.6223
-0.6,0.42,0.4909,0.8515
-0.58,0.42,0.4907,0.9523
-0.56,0.42,0.4904,0.9858
-0.54,0.42,0.4902,0.9959
-0.52,0.42,0.4899,0.9988
-0.5,0.42,0.4897,0.9994
-0.48,0.42,0.4894,0.9997
-0.46,0.42,0.4892,0.9998
-0.44,0.42,0.489,0.9999
-0.42,0.42,0.4887,1
-0.4,0.42,0.4885,1
-0.38,0.42,0.4882,1
-0.36,0.42,0.488,1
-0.34,0.42,0.4877,1
-0.32,0.42,0.4875,1
-0.3,0.42,0.4872,1
-0.28,0.42,0.487,1
-0.26,0.42,0.4867,1
-0.24,0.42,0.4865,1
-0.22,0.42,0.4862,1
-0.2,0.42,0.486,1
-0.18,0.42,0.4857,1
-0.16,0.42,0.4855,1
-0.14,0.42,0.4852,1
-0.12,0.42,0.485,1
-0.1,0.42,0.4847,1
-0.08,0.42,0.4845,1
-0.06,0.42,0.4842,1
-0.04,0.42,0.484,1
-0.02,0.42,0.4838,1
0,0.42,0.4835,1
0.02,0.42,0.4833,1
0.04,0.42,0.483,1
0.06,0.42,0.4828,1
0.08,0.42,0.4825,1
0.1,0.42,0.4823,1
0.12,0.42,0.482,1
0.14,0.42,0.4818,1
0.16,0.42,0.4815,1
0.18,0.42,0.4813,1
0.2,0.42,0.481,1
0.22,0.42,0.4808,1
0.24,0.42,0.4805,1
0.26,0.42,0.4803,1
0.28,0.42,0.48,1
0.3,0.42,0.4798,1
0.32,0.42,0.4795,1
0.34,0.42,0.4793,1
0.36,0.42,0.4791,1
0.38,0.42,0.4788,0.9999
0.4,0.42,0.4786,0.9996
0.42,0.42,0.4783,0.9986
0.44,0.42,0.4781,0.9954
0.46,0.42,0.4778,0.9849
0.48,0.42,0.4776,0.9516
0.5,0.42,0.4773,0.8554
0.52,0.42,0.4771,0.6402
0.54,0.42,0.4768,0.3488
0.56,0.42,0.4766,0.1388
0.58,0.42,0.4763,0.04627
0.6,0.42,0.4761,0.01439
0.62,0.42,0.4758,0.004375
0.64,0.42,0.4756,0.001321
0.66,0.42,0.4753,0.0003979
0.68,0.42,0.4751,0.0001198
0.7,0.42,0.4748,3.362e-05
0.72,0.42,0.4746,8.654e-06
0.74,0.42,0.4744,2.22e-06
0.76,0.42,0.4741,5.572e-07
0.78,0.42,0.4739,1.379e-07
0.8,0.42,0.4736,3.676e-08
0.82,0.42,0.4734,1.053e-08
0.84,0.42,0.4731,3.284e-09
0.86,0.42,0.4729,1.063e-09
0.88,0.42,0.4726,3.699e-10
0.9,0.42,0.4724,1.33e-10
0.92,0.42,0.4721,4.995e-11
0.94,0.42,0.4719,1.949e-11
0.96,0.42,0.4716,7.838e-12
0.98,0.42,0.4714,3.207e-12
1,0.42,0.4711,1.312e-12
1.02,0.42,0.4709,5.243e-13
1.04,0.42,0.4706,1.975e-13
1.06,0.42,0.4704,7.334e-14
1.08,0.42,0.4702,2.83e-14
1.1,0.42,0.4699,1.092e-14
1.12,0.42,0.4697,4.216e-15
1.14,0.42,0.4694,1.627e-15
1.16,0.42,0.4692,6.28e-16
1.18,0.42,0.4689,2.424e-16
1.2,0.42,0.4687,9.353e-17
1.22,0.42,0.4684,3.61e-17
1.24,0.42,0.4682,1.393e-17
1.26,0.42,0.4679,5.377e-18
1.28,0.42,0.4677,2.075e-18
1.3,0.42,0.4674,8.009e-19
1.32,0.42,0.4672,3.091e-19
1.34,0.42,0.4669,1.193e-19
1.36,0.42,0.4667,4.604e-20
1.38,0.42,0.4664,1.777e-20
1.4,0.42,0.4662,6.857e-21
1.42,0.42,0.466,2.646e-21
1.44,0.42,0.4657,1.021e-21
1.46,0.42,0.4655,3.942e-22
1.48,0.42,0.4652,1.521e-22
1.5,0.42,0.465,5.871e-23
1.52,0.42,0.4647,2.266e-23
1.54,0.42,0.4645,8.745e-24
1.56,0.42,0.4642,3.375e-24
1.58,0.42,0.464,1.303e-24
1.6,0.42,0.4637,5.027e-25
-1.6,0.44,0.5033,2.289e-20
-1.58,0.44,0.503,4.986e-20
-1.56,0.44,0.5028,1.086e-19
-1.54,0.44,0.5025,2.367e-19
-1.52,0.44,0.5023,5.156e-19
-1.5,0.44,0.502,1.123e-18
-1.48,0.44,0.5018,2.447e-18
-1.46,0.44,0.5015,5.33e-18
-1.44,0.44,0.5013,1.161e-17
-1.42,0.44,0.501,2.53e-17
-1.4,0.44,0.5008,5.511e-17
-1.38,0.44,0.5005,1.201e-16
-1.36,0.44,0.5003,2.616e-16
-1.34,0.44,0.5,5.698e-16
-1.32,0.44,0.4998,1.241e-15
-1.3,0.44,0.4996,2.704e-15
-1.28,0.44,0.4993,5.891e-15
-1.26,0.44,0.4991,1.283e-14
-1.24,0.44,0.4988,2.796e-14
-1.22,0.44,0.4986,6.091e-14
-1.2,0.44,0.4983,1.327e-13
-1.18,0.44,0.4981,2.891e-13
-1.16,0.44,0.4978,6.298e-13
-1.14,0.44,0.4976,1.372e-12
-1.12,0.44,0.4973,2.989e-12
-1.1,0.44,0.4971,6.511e-12
-1.08,0.44,0.4968,1.418e-11
-1.06,0.44,0.4966,3.162e-11
-1.04,0.44,0.4963,7.16e-11
-1.02,0.44,0.4961,1.731e-10
-1,0.44,0.4958,4.319e-10
-0.98,0.44,0.4956,1.124e-09
-0.96,0.44,0.4953,2.926e-09
-0.94,0.44,0.4951,7.536e-09
-0.92,0.44,0.4948,1.923e-08
-0.9,0.44,0.4946,4.968e-08
-0.88,0.44,0.4943,1.385e-07
-0.86,0.44,0.4941,3.944e-07
-0.84,0.44,0.4939,1.164e-06
-0.82,0.44,0.4936,3.465e-06
-0.8,0.44,0.4934,1.099e-05
-0.78,0.44,0.4931,3.692e-05
-0.76,0.44,0.4929,0.0001284
-0.74,0.44,0.4926,0.0004467
-0.72,0.44,0.4924,0.001552
-0.7,0.44,0.4921,0.00538
-0.68,0.44,0.4919,0.01847
-0.66,0.44,0.4916,0.06144
-0.64,0.44,0.4914,0.1855
-0.62,0.44,0.4911,0.4421
-0.6,0.44,0.4909,0.7338
-0.58,0.44,0.4906,0.9056
-0.56,0.44,0.4904,0.9709
-0.54,0.44,0.4901,0.9915
-0.52,0.44,0.4899,0.9967
-0.5,0.44,0.4896,0.9983
-0.48,0.44,0.4894,0.9991
-0.46,0.44,0.4891,0.9996
-0.44,0.44,0.4889,0.9998
-0.42,0.44,0.4886,0.9999
-0.4,0.44,0.4884,0.9999
-0.38,0.44,0.4882,1
-0.36,0.44,0.4879,1
-0.34,0.44,0.4877,1
-0.32,0.44,0.4874,1
-0.3,0.44,0.4872,1
-0.28,0.44,0.4869,1
-0.26,0.44,0.4867,1
-0.24,0.44,0.4864,1
-0.22,0.44,0.4862,1
-0.2,0.44,0.4859,1
-0.18,0.44,0.4857,1
-0.16,0.44,0.4854,1
-0.14,0.44,0.4852,1
-0.12,0.44,0.4849,1
-0.1,0.44,0.4847,1
-0.08,0.44,0.4844,1
-0.06,0.44,0.4842,1
-0.04,0.44,0.4839,1
-0.02,0.44,0.4837,1
0,0.44,0.4834,1
0.02,0.44,0.4832,1
0.04,0.44,0.483,1
0.06,0.44,0.4827,1
0.08,0.44,0.4825,1
0.1,0.44,0.4822,1
0.12,0.44,0.482,1
0.14,0.44,0.4817,1
0.16,0.44,0.4815,1
0.18,0.44,0.4812,1
0.2,0.44,0.481,1
0.22,0.44,0.4807,1
0.24,0.44,0.4805,1
0.26,0.44,0.4802,1
0.28,0.44,0.48,1
0.3,0.44,0.4797,1
0.32,0.44,0.4795,1
0.34,0.44,0.4792,1
0.36,0.44,0.479,0.9999
0.38,0.44,0.4787,0.9997
0.4,0.44,0.4785,0.9989
0.42,0.44,0.4783,0.9964
0.44,0.44,0.478,0.9883
0.46,0.44,0.4778,0.962
0.48,0.44,0.4775,0.884
0.5,0.44,0.4773,0.6964
0.52,0.44,0.477,0.4085
0.54,0.44,0.4768,0.1721
0.56,0.44,0.4765,0.05886
0.58,0.44,0.4763,0.01848
0.6,0.44,0.476,0.005633
0.62,0.44,0.4758,0.001702
0.64,0.44,0.4755,0.0005129
0.66,0.44,0.4753,0.0001544
0.68,0.44,0.475,4.648e-05
0.7,0.44,0.4748,1.399e-05
0.72,0.44,0.4745,3.907e-06
0.74,0.44,0.4743,1.006e-06
0.76,0.44,0.474,2.589e-07
0.78,0.44,0.4738,6.808e-08
0.8,0.44,0.4736,1.925e-08
0.82,0.44,0.4733,5.78e-09
0.84,0.44,0.4731,1.849e-09
0.86,0.44,0.4728,6.117e-10
0.88,0.44,0.4726,2.165e-10
0.9,0.44,0.4723,7.933e-11
0.92,0.44,0.4721,3.039e-11
0.94,0.44,0.4718,1.19e-11
0.96,0.44,0.4716,4.87e-12
0.98,0.44,0.4713,1.993e-12
1,0.44,0.4711,8.155e-13
1.02,0.44,0.4708,3.337e-13
1.04,0.44,0.4706,1.365e-13
1.06,0.44,0.4703,5.26e-14
1.08,0.44,0.4701,2.068e-14
1.1,0.44,0.4698,8.131e-15
1.12,0.44,0.4696,3.197e-15
1.14,0.44,0.4694,1.257e-15
1.16,0.44,0.4691,4.852e-16
1.18,0.44,0.4689,1.872e-16
1.2,0.44,0.4686,7.227e-17
1.22,0.44,0.4684,2.789e-17
1.24,0.44,0.4681,1.076e-17
1.26,0.44,0.4679,4.154e-18
1.28,0.44,0.4676,1.603e-18
1.3,0.44,0.4674,6.188e-19
1.32,0.44,0.4671,2.388e-19
1.34,0.44,0.4669,9.216e-20
1.36,0.44,0.4666,3.557e-20
1.38,0.44,0.4664,1.373e-20
1.4,0.44,0.4661,5.298e-21
1.42,0.44,0.4659,2.045e-21
1.44,0.44,0.4657,7.891e-22
1.46,0.44,0.4654,3.046e-22
1.48,0.44,0.4652,1.175e-22
1.5,0.44,0.4649,4.536e-23
1.52,0.44,0.4647,1.751e-23
1.54,0.44,0.4644,6.757e-24
1.56,0.44,0.4642,2.608e-24
1.58,0.44,0.4639,1.006e-24
1.6,0.44,0.4637,3.884e-25
-1.6,0.46,0.5032,1.789e-20
-1.58,0.46,0.503,3.898e-20
-1.56,0.46,0.5027,8.492e-20
-1.54,0.46,0.5025,1.85e-19
-1.52,0.46,0.5022,4.03e-19
-1.5,0.46,0.502,8.78e-19
-1.48,0.46,0.5017,1.913e-18
-1.46,0.46,0.5015,4.167e-18
-1.44,0.46,0.5012,9.078e-18
-1.42,0.46,0.501,1.978e-17
-1.4,0.46,0.5007,4.308e-17
-1.38,0.46,0.5005,9.386e-17
-1.36,0.46,0.5002,2.045e-16
-1.34,0.46,0.5,4.454e-16
-1.32,0.46,0.4997,9.704e-16
-1.3,0.46,0.4995,2.114e-15
-1.28,0.46,0.4992,4.605e-15
-1.26,0.46,0.499,1.003e-14
-1.24,0.46,0.4987,2.186e-14
-1.22,0.46,0.4985,4.762e-14
-1.2,0.46,0.4983,1.037e-13
-1.18,0.46,0.498,2.26e-13
-1.16,0.46,0.4978,4.923e-13
-1.14,0.46,0.4975,1.072e-12
-1.12,0.46,0.4973,2.336e-12
-1.1,0.46,0.497,5.09e-12
-1.08,0.46,0.4968,1.109e-11
-1.06,0.46,0.4965,2.44e-11
-1.04,0.46,0.4963,5.437e-11
-1.02,0.46,0.496,1.261e-10
-1,0.46,0.4958,3.079e-10
-0.98,0.46,0.4955,7.717e-10
-0.96,0.46,0.4953,1.919e-09
-0.94,0.46,0.495,4.733e-09
-0.92,0.46,0.4948,1.155e-08
-0.9,0.46,0.4945,2.814e-08
-0.88,0.46,0.4943,7.388e-08
-0.86,0.46,0.494,2.055e-07
-0.84,0.46,0.4938,6.054e-07
-0.82,0.46,0.4935,1.787e-06
-0.8,0.46,0.4933,5.501e-06
-0.78,0.46,0.493,1.793e-05
-0.76,0.46,0.4928,6.177e-05
-0.74,0.46,0.4926,0.0002149
-0.72,0.46,0.4923,0.0007471
-0.7,0.46,0.4921,0.002594
-0.68,0.46,0.4918,0.008968
-0.66,0.46,0.4916,0.03052
-0.64,0.46,0.4913,0.09871
-0.62,0.46,0.4911,0.2759
-0.6,0.46,0.4908,0.57
-0.58,0.46,0.4906,0.8218
-0.56,0.46,0.4903,0.9413
-0.54,0.46,0.4901,0.9816
-0.52,0.46,0.4898,0.9907
-0.5,0.46,0.4896,0.9952
-0.48,0.46,0.4893,0.9976
-0.46,0.46,0.4891,0.9988
-0.44,0.46,0.4888,0.9994
-0.42,0.46,0.4886,0.9997
-0.4,0.46,0.4883,0.9998
-0.38,0.46,0.4881,0.9999
-0.36,0.46,0.4878,1
-0.34,0.46,0.4876,1
-0.32,0.46,0.4874,1
-0.3,0.46,0.4871,1
-0.28,0.46,0.4869,1
-0.26,0.46,0.4866,1
-0.24,0.46,0.4864,1
-0.22,0.46,0.4861,1
-0.2,0.46,0.4859,1
-0.18,0.46,0.4856,1
-0.16,0.46,0.4854,1
-0.14,0.46,0.4851,1
-0.12,0.46,0.4849,1
-0.1,0.46,0.4846,1
-0.08,0.46,0.4844,1
-0.06,0.46,0.4841,1
-0.04,0.46,0.4839,1
-0.02,0.46,0.4836,1
0,0.46,0.4834,1
0.02,0.46,0.4831,1
0.04,0.46,0.4829,1
0.06,0.46,0.4826,1
0.08,0.46,0.4824,1
0.1,0.46,0.4822,1
0.12,0.46,0.4819,1
0.14,0.46,0.4817,1
0.16,0.46,0.4814,1
0.18,0.46,0.4812,1
0.2,0.46,0.4809,1
0.22,0.46,0.4807,1
0.24,0.46,0.4804,1
0.26,0.46,0.4802,1
0.28,0.46,0.4799,1
0.3,0.46,0.4797,1
0.32,0.46,0.4794,1
0.34,0.46,0.4792,0.9999
0.36,0.46,0.4789,0.9997
0.38,0.46,0.4787,0.9992
0.4,0.46,0.4784,0.9972
0.42,0.46,0.4782,0.9909
0.44,0.46,0.4779,0.9703
0.46,0.46,0.4777,0.9076
0.48,0.46,0.4775,0.7473
0.5,0.46,0.4772,0.4709
0.52,0.46,0.477,0.2113
0.54,0.46,0.4767,0.07461
0.56,0.46,0.4765,0.02369
0.58,0.46,0.4762,0.007251
0.6,0.46,0.476,0.002193
0.62,0.46,0.4757,0.0006611
0.64,0.46,0.4755,0.0001991
0.66,0.46,0.4752,5.992e-05
0.68,0.46,0.475,1.803e-05
0.7,0.46,0.4747,5.428e-06
0.72,0.46,0.4745,1.634e-06
0.74,0.46,0.4742,4.541e-07
0.76,0.46,0.474,1.177e-07
0.78,0.46,0.4737,3.324e-08
0.8,0.46,0.4735,9.973e-09
0.82,0.46,0.4732,3.189e-09
0.84,0.46,0.473,1.043e-09
0.86,0.46,0.4728,3.58e-10
0.88,0.46,0.4725,1.267e-10
0.9,0.46,0.4723,4.739e-11
0.92,0.46,0.472,1.849e-11
0.94,0.46,0.4718,7.396e-12
0.96,0.46,0.4715,3.026e-12
0.98,0.46,0.4713,1.238e-12
1,0.46,0.471,5.067e-13
1.02,0.46,0.4708,2.074e-13
1.04,0.46,0.4705,8.485e-14
1.06,0.46,0.4703,3.484e-14
1.08,0.46,0.47,1.455e-14
1.1,0.46,0.4698,5.719e-15
1.12,0.46,0.4695,2.249e-15
1.14,0.46,0.4693,8.84e-16
1.16,0.46,0.469,3.475e-16
1.18,0.46,0.4688,1.366e-16
1.2,0.46,0.4686,5.372e-17
1.22,0.46,0.4683,2.112e-17
1.24,0.46,0.4681,8.303e-18
1.26,0.46,0.4678,3.21e-18
1.28,0.46,0.4676,1.239e-18
1.3,0.46,0.4673,4.781e-19
1.32,0.46,0.4671,1.845e-19
1.34,0.46,0.4668,7.121e-20
1.36,0.46,0.4666,2.748e-20
1.38,0.46,0.4663,1.061e-20
1.4,0.46,0.4661,4.093e-21
1.42,0.46,0.4658,1.58e-21
1.44,0.46,0.4656,6.097e-22
1.46,0.46,0.4653,2.353e-22
1.48,0.46,0.4651,9.081e-23
1.5,0.46,0.4649,3.505e-23
1.52,0.46,0.4646,1.353e-23
1.54,0.46,0.4644,5.22e-24
1.56,0.46,0.4641,2.015e-24
1.58,0.46,0.4639,7.776e-25
1.6,0.46,0.4636,3.001e-25
-1.6,0.48,0.5032,1.399e-20
-1.58,0.48,0.5029,3.047e-20
-1.56,0.48,0.5027,6.639e-20
-1.54,0.48,0.5024,1.446e-19
-1.52,0.48,0.5022,3.151e-19
-1.5,0.48,0.5019,6.864e-19
-1.48,0.48,0.5017,1.495e-18
-1.46,0.48,0.5014,3.258e-18
-1.44,0.48,0.5012,7.096e-18
-1.42,0.48,0.5009,1.546e-17
-1.4,0.48,0.5007,3.368e-17
-1.38,0.48,0.5004,7.337e-17
-1.36,0.48,0.5002,1.598e-16
-1.34,0.48,0.4999,3.482e-16
-1.32,0.48,0.4997,7.586e-16
-1.3,0.48,0.4994,1.653e-15
-1.28,0.48,0.4992,3.6e-15
-1.26,0.48,0.4989,7.843e-15
-1.24,0.48,0.4987,1.709e-14
-1.22,0.48,0.4984,3.722e-14
-1.2,0.48,0.4982,8.061e-14
-1.18,0.48,0.4979,1.729e-13
-1.16,0.48,0.4977,3.707e-13
-1.14,0.48,0.4975,7.951e-13
-1.12,0.48,0.4972,1.705e-12
-1.1,0.48,0.497,3.656e-12
-1.08,0.48,0.4967,7.738e-12
-1.06,0.48,0.4965,1.671e-11
-1.04,0.48,0.4962,3.659e-11
-1.02,0.48,0.496,8.169e-11
-1,0.48,0.4957,1.885e-10
-0.98,0.48,0.4955,4.497e-10
-0.96,0.48,0.4952,1.109e-09
-0.94,0.48,0.495,2.715e-09
-0.92,0.48,0.4947,6.612e-09
-0.9,0.48,0.4945,1.61e-08
-0.88,0.48,0.4942,3.991e-08
-0.86,0.48,0.494,1.083e-07
-0.84,0.48,0.4937,3.148e-07
-0.82,0.48,0.4935,9.292e-07
-0.8,0.48,0.4932,2.804e-06
-0.78,0.48,0.493,8.937e-06
-0.76,0.48,0.4927,2.97e-05
-0.74,0.48,0.4925,0.0001033
-0.72,0.48,0.4922,0.0003594
-0.7,0.48,0.492,0.001249
-0.68,0.48,0.4918,0.004332
-0.66,0.48,0.4915,0.01491
-0.64,0.48,0.4913,0.05003
-0.62,0.48,0.491,0.1548
-0.6,0.48,0.4908,0.3893
-0.58,0.48,0.4905,0.6892
-0.56,0.48,0.4903,0.8853
-0.54,0.48,0.49,0.9509
-0.52,0.48,0.4898,0.9743
-0.5,0.48,0.4895,0.9867
-0.48,0.48,0.4893,0.9932
-0.46,0.48,0.489,0.9965
-0.44,0.48,0.4888,0.9982
-0.42,0.48,0.4885,0.9991
-0.4,0.48,0.4883,0.9995
-0.38,0.48,0.488,0.9997
-0.36,0.48,0.4878,0.9999
-0.34,0.48,0.4875,0.9999
-0.32,0.48,0.4873,1
-0.3,0.48,0.487,1
-0.28,0.48,0.4868,1
-0.26,0.48,0.4866,1
-0.24,0.48,0.4863,1
-0.22,0.48,0.4861,1
-0.2,0.48,0.4858,1
-0.18,0.48,0.4856,1
-0.16,0.48,0.4853,1
-0.14,0.48,0.4851,1
-0.12,0.48,0.4848,1
-0.1,0.48,0.4846,1
-0.08,0.48,0.4843,1
-0.06,0.48,0.4841,1
-0.04,0.48,0.4838,1
-0.02,0.48,0.4836,1
0,0.48,0.4833,1
0.02,0.48,0.4831,1
0.04,0.48,0.4828,1
0.06,0.48,0.4826,1
0.08,0.48,0.4823,1
0.1,0.48,0.4821,1
0.12,0.48,0.4818,1
0.14,0.48,0.4816,1
0.16,0.48,0.4814,1
0.18,0.48,0.4811,1
0.2,0.48,0.4809,1
0.22,0.48,0.4806,1
0.24,0.48,0.4804,1
0.26,0.48,0.4801,1
0.28,0.48,0.4799,1
0.3,0.48,0.4796,0.9999
0.32,0.48,0.4794,0.9999
0.34,0.48,0.4791,0.9998
0.36,0.48,0.4789,0.9994
0.38,0.48,0.4786,0.9979
0.4,0.48,0.4784,0.9929
0.42,0.48,0.4781,0.9768
0.44,0.48,0.4779,0.9268
0.46,0.48,0.4776,0.7922
0.48,0.48,0.4774,0.5344
0.5,0.48,0.4771,0.2567
0.52,0.48,0.4769,0.09416
0.54,0.48,0.4767,0.03034
0.56,0.48,0.4764,0.009328
0.58,0.48,0.4762,0.002826
0.6,0.48,0.4759,0.0008521
0.62,0.48,0.4757,0.0002566
0.64,0.48,0.4754,7.724e-05
0.66,0.48,0.4752,2.325e-05
0.68,0.48,0.4749,6.997e-06
0.7,0.48,0.4747,2.106e-06
0.72,0.48,0.4744,6.338e-07
0.74,0.48,0.4742,1.907e-07
0.76,0.48,0.4739,5.602e-08
0.78,0.48,0.4737,1.648e-08
0.8,0.48,0.4734,5.184e-09
0.82,0.48,0.4732,1.697e-09
0.84,0.48,0.4729,5.683e-10
0.86,0.48,0.4727,2.035e-10
0.88,0.48,0.4724,7.489e-11
0.9,0.48,0.4722,2.884e-11
0.92,0.48,0.472,1.125e-11
0.94,0.48,0.4717,4.596e-12
0.96,0.48,0.4715,1.881e-12
0.98,0.48,0.4712,7.695e-13
1,0.48,0.471,3.149e-13
1.02,0.48,0.4707,1.288e-13
1.04,0.48,0.4705,5.272e-14
1.06,0.48,0.4702,2.18e-14
1.08,0.48,0.47,9.245e-15
1.1,0.48,0.4697,3.921e-15
1.12,0.48,0.4695,1.582e-15
1.14,0.48,0.4692,6.218e-16
1.16,0.48,0.469,2.445e-16
1.18,0.48,0.4687,9.611e-17
1.2,0.48,0.4685,3.779e-17
1.22,0.48,0.4682,1.486e-17
1.24,0.48,0.468,5.841e-18
1.26,0.48,0.4678,2.296e-18
1.28,0.48,0.4675,9.028e-19
1.3,0.48,0.4673,3.549e-19
1.32,0.48,0.467,1.395e-19
1.34,0.48,0.4668,5.486e-20
1.36,0.48,0.4665,2.123e-20
1.38,0.48,0.4663,8.194e-21
1.4,0.48,0.466,3.163e-21
1.42,0.48,0.4658,1.221e-21
1.44,0.48,0.4655,4.711e-22
1.46,0.48,0.4653,1.818e-22
1.48,0.48,0.465,7.016e-23
1.5,0.48,0.4648,2.708e-23
1.52,0.48,0.4645,1.045e-23
1.54,0.48,0.4643,4.033e-24
1.56,0.48,0.4641,1.557e-24
1.58,0.48,0.4638,6.008e-25
1.6,0.48,0.4636,2.319e-25
-1.6,0.5,0.5031,1.094e-20
-1.58,0.5,0.5028,2.382e-20
-1.56,0.5,0.5026,5.19e-20
-1.54,0.5,0.5024,1.131e-19
-1.52,0.5,0.5021,2.463e-19
-1.5,0.5,0.5019,5.366e-19
-1.48,0.5,0.5016,1.169e-18
-1.46,0.5,0.5014,2.547e-18
-1.44,0.5,0.5011,5.548e-18
-1.42,0.5,0.5009,1.209e-17
-1.4,0.5,0.5006,2.633e-17
-1.38,0.5,0.5004,5.736e-17
-1.36,0.5,0.5001,1.25e-16
-1.34,0.5,0.4999,2.722e-16
-1.32,0.5,0.4996,5.857e-16
-1.3,0.5,0.4994,1.256e-15
-1.28,0.5,0.4991,2.694e-15
-1.26,0.5,0.4989,5.777e-15
-1.24,0.5,0.4986,1.239e-14
-1.22,0.5,0.4984,2.657e-14
-1.2,0.5,0.4981,5.678e-14
-1.18,0.5,0.4979,1.197e-13
-1.16,0.5,0.4976,2.521e-13
-1.14,0.5,0.4974,5.313e-13
-1.12,0.5,0.4971,1.12e-12
-1.1,0.5,0.4969,2.359e-12
-1.08,0.5,0.4967,4.959e-12
-1.06,0.5,0.4964,1.054e-11
-1.04,0.5,0.4962,2.274e-11
-1.02,0.5,0.4959,4.955e-11
-1,0.5,0.4957,1.125e-10
-0.98,0.5,0.4954,2.629e-10
-0.96,0.5,0.4952,6.381e-10
-0.94,0.5,0.4949,1.554e-09
-0.92,0.5,0.4947,3.784e-09
-0.9,0.5,0.4944,9.214e-09
-0.88,0.5,0.4942,2.247e-08
-0.86,0.5,0.4939,5.789e-08
-0.84,0.5,0.4937,1.637e-07
-0.82,0.5,0.4934,4.832e-07
-0.8,0.5,0.4932,1.43e-06
-0.78,0.5,0.4929,4.454e-06
-0.76,0.5,0.4927,1.459e-05
-0.74,0.5,0.4924,4.969e-05
-0.72,0.5,0.4922,0.0001728
-0.7,0.5,0.4919,0.0006011
-0.68,0.5,0.4917,0.002088
-0.66,0.5,0.4914,0.007227
-0.64,0.5,0.4912,0.0247
-0.62,0.5,0.491,0.08097
-0.6,0.5,0.4907,0.2346
-0.58,0.5,0.4905,0.516
-0.56,0.5,0.4902,0.7749
-0.54,0.5,0.49,0.873
-0.52,0.5,0.4897,0.9309
-0.5,0.5,0.4895,0.9635
-0.48,0.5,0.4892,0.981
-0.46,0.5,0.489,0.9902
-0.44,0.5,0.4887,0.995
-0.42,0.5,0.4885,0.9973
-0.4,0.5,0.4882,0.9985
-0.38,0.5,0.488,0.9992
-0.36,0.5,0.4877,0.9996
-0.34,0.5,0.4875,0.9998
-0.32,0.5,0.4872,0.9999
-0.3,0.5,0.487,0.9999
-0.28,0.5,0.4867,1
-0.26,0.5,0.4865,1
-0.24,0.5,0.4862,1
-0.22,0.5,0.486,1
-0.2,0.5,0.4857,1
-0.18,0.5,0.4855,1
-0.16,0.5,0.4853,1
-0.14,0.5,0.485,1
-0.12,0.5,0.4848,1
-0.1,0.5,0.4845,1
-0.08,0.5,0.4843,1
-0.06,0.5,0.484,1
-0.04,0.5,0.4838,1
-0.02,0.5,0.4835,1
0,0.5,0.4833,1
0.02,0.5,0.483,1
0.04,0.5,0.4828,1
0.06,0.5,0.4825,1
0.08,0.5,0.4823,1
0.1,0.5,0.482,1
0.12,0.5,0.4818,1
0.14,0.5,0.4815,1
0.16,0.5,0.4813,1
0.18,0.5,0.481,1
0.2,0.5,0.4808,1
0.22,0.5,0.4806,1
0.24,0.5,0.4803,1
0.26,0.5,0.4801,1
0.28,0.5,0.4798,0.9999
0.3,0.5,0.4796,0.9998
0.32,0.5,0.4793,0.9997
0.34,0.5,0.4791,0.9994
0.36,0.5,0.4788,0.9983
0.38,0.5,0.4786,0.9945
0.4,0.5,0.4783,0.9819
0.42,0.5,0.4781,0.9423
0.44,0.5,0.4778,0.831
0.46,0.5,0.4776,0.5967
0.48,0.5,0.4773,0.3081
0.5,0.5,0.4771,0.1182
0.52,0.5,0.4768,0.03877
0.54,0.5,0.4766,0.01199
0.56,0.5,0.4763,0.00364
0.58,0.5,0.4761,0.001098
0.6,0.5,0.4759,0.0003308
0.62,0.5,0.4756,9.958e-05
0.64,0.5,0.4754,2.997e-05
0.66,0.5,0.4751,9.02e-06
0.68,0.5,0.4749,2.715e-06
0.7,0.5,0.4746,8.171e-07
0.72,0.5,0.4744,2.459e-07
0.74,0.5,0.4741,7.681e-08
0.76,0.5,0.4739,2.555e-08
0.78,0.5,0.4736,8.513e-09
0.8,0.5,0.4734,2.758e-09
0.82,0.5,0.4731,9.028e-10
0.84,0.5,0.4729,3.122e-10
0.86,0.5,0.4726,1.129e-10
0.88,0.5,0.4724,4.246e-11
0.9,0.5,0.4721,1.687e-11
0.92,0.5,0.4719,6.861e-12
0.94,0.5,0.4716,2.856e-12
0.96,0.5,0.4714,1.169e-12
0.98,0.5,0.4712,4.782e-13
1,0.5,0.4709,1.957e-13
1.02,0.5,0.4707,8.006e-14
1.04,0.5,0.4704,3.276e-14
1.06,0.5,0.4702,1.364e-14
1.08,0.5,0.4699,5.786e-15
1.1,0.5,0.4697,2.454e-15
1.12,0.5,0.4694,1.04e-15
1.14,0.5,0.4692,4.374e-16
1.16,0.5,0.4689,1.72e-16
1.18,0.5,0.4687,6.761e-17
1.2,0.5,0.4684,2.658e-17
1.22,0.5,0.4682,1.045e-17
1.24,0.5,0.4679,4.108e-18
1.26,0.5,0.4677,1.615e-18
1.28,0.5,0.4675,6.35e-19
1.3,0.5,0.4672,2.497e-19
1.32,0.5,0.467,9.815e-20
1.34,0.5,0.4667,3.859e-20
1.36,0.5,0.4665,1.517e-20
1.38,0.5,0.4662,5.965e-21
1.4,0.5,0.466,2.345e-21
1.42,0.5,0.4657,9.219e-22
1.44,0.5,0.4655,3.625e-22
1.46,0.5,0.4652,1.405e-22
1.48,0.5,0.465,5.421e-23
1.5,0.5,0.4647,2.092e-23
1.52,0.5,0.4645,8.074e-24
1.54,0.5,0.4642,3.116e-24
1.56,0.5,0.464,1.203e-24
1.58,0.5,0.4638,4.642e-25
1.6,0.5,0.4635,1.791e-25
-1.6,0.52,0.503,8.548e-21
-1.58,0.52,0.5028,1.862e-20
-1.56,0.52,0.5025,4.057e-20
-1.54,0.52,0.5023,8.838e-20
-1.52,0.52,0.502,1.925e-19
-1.5,0.52,0.5018,4.195e-19
-1.48,0.52,0.5015,9.138e-19
-1.46,0.52,0.5013,1.984e-18
-1.44,0.52,0.5011,4.256e-18
-1.42,0.52,0.5008,9.127e-18
-1.4,0.52,0.5006,1.957e-17
-1.38,0.52,0.5003,4.197e-17
-1.36,0.52,0.5001,9.001e-17
-1.34,0.52,0.4998,1.93e-16
-1.32,0.52,0.4996,4.14e-16
-1.3,0.52,0.4993,8.781e-16
-1.28,0.52,0.4991,1.85e-15
-1.26,0.52,0.4988,3.899e-15
-1.24,0.52,0.4986,8.217e-15
-1.22,0.52,0.4983,1.731e-14
-1.2,0.52,0.4981,3.649e-14
-1.18,0.52,0.4978,7.688e-14
-1.16,0.52,0.4976,1.62e-13
-1.14,0.52,0.4973,3.411e-13
-1.12,0.52,0.4971,7.09e-13
-1.1,0.52,0.4968,1.474e-12
-1.08,0.52,0.4966,3.063e-12
-1.06,0.52,0.4963,6.484e-12
-1.04,0.52,0.4961,1.399e-11
-1.02,0.52,0.4958,3.018e-11
-1,0.52,0.4956,6.824e-11
-0.98,0.52,0.4954,1.549e-10
-0.96,0.52,0.4951,3.652e-10
-0.94,0.52,0.4949,8.892e-10
-0.92,0.52,0.4946,2.165e-09
-0.9,0.52,0.4944,5.273e-09
-0.88,0.52,0.4941,1.284e-08
-0.86,0.52,0.4939,3.216e-08
-0.84,0.52,0.4936,8.513e-08
-0.82,0.52,0.4934,2.513e-07
-0.8,0.52,0.4931,7.417e-07
-0.78,0.52,0.4929,2.27e-06
-0.76,0.52,0.4926,7.269e-06
-0.74,0.52,0.4924,2.389e-05
-0.72,0.52,0.4921,8.312e-05
-0.7,0.52,0.4919,0.0002891
-0.68,0.52,0.4916,0.001005
-0.66,0.52,0.4914,0.003488
-0.64,0.52,0.4911,0.01203
-0.62,0.52,0.4909,0.04064
-0.6,0.52,0.4906,0.1285
-0.58,0.52,0.4904,0.339
-0.56,0.52,0.4901,0.5548
-0.54,0.52,0.4899,0.7095
-0.52,0.52,0.4897,0.8272
-0.5,0.52,0.4894,0.9037
-0.48,0.52,0.4892,0.9484
-0.46,0.52,0.4889,0.9721
-0.44,0.52,0.4887,0.9846
-0.42,0.52,0.4884,0.9916
-0.4,0.52,0.4882,0.9954
-0.38,0.52,0.4879,0.9975
-0.36,0.52,0.4877,0.9986
-0.34,0.52,0.4874,0.9993
-0.32,0.52,0.4872,0.9996
-0.3,0.52,0.4869,0.9998
-0.28,0.52,0.4867,0.9999
-0.26,0.52,0.4864,0.9999
-0.24,0.52,0.4862,1
-0.22,0.52,0.4859,1
-0.2,0.52,0.4857,1
-0.18,0.52,0.4854,1
-0.16,0.52,0.4852,1
-0.14,0.52,0.4849,1
-0.12,0.52,0.4847,1
-0.1,0.52,0.4845,1
-0.08,0.52,0.4842,1
-0.06,0.52,0.484,1
-0.04,0.52,0.4837,1
-0.02,0.52,0.4835,1
0,0.52,0.4832,1
0.02,0.52,0.483,1
0.04,0.52,0.4827,1
0.06,0.52,0.4825,1
0.08,0.52,0.4822,1
0.1,0.52,0.482,1
0.12,0.52,0.4817,1
0.14,0.52,0.4815,1
0.16,0.52,0.4812,1
0.18,0.52,0.481,1
0.2,0.52,0.4807,1
0.22,0.52,0.4805,1
0.24,0.52,0.4802,0.9999
0.26,0.52,0.48,0.9999
0.28,0.52,0.4797,0.9997
0.3,0.52,0.4795,0.9995
0.32,0.52,0.4793,0.9991
0.34,0.52,0.479,0.9984
0.36,0.52,0.4788,0.9957
0.38,0.52,0.4785,0.9859
0.4,0.52,0.4783,0.9547
0.42,0.52,0.478,0.8637
0.44,0.52,0.4778,0.656
0.46,0.52,0.4775,0.3647
0.48,0.52,0.4773,0.1473
0.5,0.52,0.477,0.04942
0.52,0.52,0.4768,0.01541
0.54,0.52,0.4765,0.004687
0.56,0.52,0.4763,0.001415
0.58,0.52,0.476,0.0004264
0.6,0.52,0.4758,0.0001284
0.62,0.52,0.4755,3.864e-05
0.64,0.52,0.4753,1.163e-05
0.66,0.52,0.4751,3.5e-06
0.68,0.52,0.4748,1.053e-06
0.7,0.52,0.4746,3.17e-07
0.72,0.52,0.4743,9.762e-08
0.74,0.52,0.4741,3.242e-08
0.76,0.52,0.4738,1.144e-08
0.78,0.52,0.4736,4.178e-09
0.8,0.52,0.4733,1.464e-09
0.82,0.52,0.4731,4.882e-10
0.84,0.52,0.4728,1.732e-10
0.86,0.52,0.4726,6.3e-11
0.88,0.52,0.4723,2.445e-11
0.9,0.52,0.4721,9.744e-12
0.92,0.52,0.4718,4.058e-12
0.94,0.52,0.4716,1.694e-12
0.96,0.52,0.4713,7.068e-13
0.98,0.52,0.4711,2.95e-13
1,0.52,0.4708,1.216e-13
1.02,0.52,0.4706,4.975e-14
1.04,0.52,0.4704,2.036e-14
1.06,0.52,0.4701,8.539e-15
1.08,0.52,0.4699,3.621e-15
1.1,0.52,0.4696,1.535e-15
1.12,0.52,0.4694,6.511e-16
1.14,0.52,0.4691,2.761e-16
1.16,0.52,0.4689,1.171e-16
1.18,0.52,0.4686,4.755e-17
1.2,0.52,0.4684,1.87e-17
1.22,0.52,0.4681,7.35e-18
1.24,0.52,0.4679,2.89e-18
1.26,0.52,0.4676,1.136e-18
1.28,0.52,0.4674,4.467e-19
1.3,0.52,0.4671,1.756e-19
1.32,0.52,0.4669,6.904e-20
1.34,0.52,0.4667,2.714e-20
1.36,0.52,0.4664,1.067e-20
1.38,0.52,0.4662,4.196e-21
1.4,0.52,0.4659,1.649e-21
1.42,0.52,0.4657,6.485e-22
1.44,0.52,0.4654,2.55e-22
1.46,0.52,0.4652,1.002e-22
1.48,0.52,0.4649,3.941e-23
1.5,0.52,0.4647,1.549e-23
1.52,0.52,0.4644,6.091e-24
1.54,0.52,0.4642,2.395e-24
1.56,0.52,0.4639,9.292e-25
1.58,0.52,0.4637,3.586e-25
1.6,0.52,0.4634,1.384e-25
-1.6,0.54,0.503,6.683e-21
-1.58,0.54,0.5027,1.442e-20
-1.56,0.54,0.5025,3.092e-20
-1.54,0.54,0.5022,6.631e-20
-1.52,0.54,0.502,1.422e-19
-1.5,0.54,0.5017,3.05e-19
-1.48,0.54,0.5015,6.54e-19
-1.46,0.54,0.5012,1.403e-18
-1.44,0.54,0.501,3.008e-18
-1.42,0.54,0.5007,6.444e-18
-1.4,0.54,0.5005,1.358e-17
-1.38,0.54,0.5003,2.861e-17
-1.36,0.54,0.5,6.03e-17
-1.34,0.54,0.4998,1.271e-16
-1.32,0.54,0.4995,2.678e-16
-1.3,0.54,0.4993,5.642e-16
-1.28,0.54,0.499,1.189e-15
-1.26,0.54,0.4988,2.505e-15
-1.24,0.54,0.4985,5.28e-15
-1.22,0.54,0.4983,1.113e-14
-1.2,0.54,0.498,2.344e-14
-1.18,0.54,0.4978,4.877e-14
-1.16,0.54,0.4975,1.014e-13
-1.14,0.54,0.4973,2.107e-13
-1.12,0.54,0.497,4.379e-13
-1.1,0.54,0.4968,9.101e-13
-1.08,0.54,0.4965,1.892e-12
-1.06,0.54,0.4963,3.99e-12
-1.04,0.54,0.496,8.608e-12
-1.02,0.54,0.4958,1.857e-11
-1,0.54,0.4955,4.139e-11
-0.98,0.54,0.4953,9.282e-11
-0.96,0.54,0.495,2.112e-10
-0.94,0.54,0.4948,5.089e-10
-0.92,0.54,0.4946,1.239e-09
-0.9,0.54,0.4943,3.018e-09
-0.88,0.54,0.4941,7.348e-09
-0.86,0.54,0.4938,1.81e-08
-0.84,0.54,0.4936,4.602e-08
-0.82,0.54,0.4933,1.307e-07
-0.8,0.54,0.4931,3.857e-07
-0.78,0.54,0.4928,1.157e-06
-0.76,0.54,0.4926,3.623e-06
-0.74,0.54,0.4923,1.186e-05
-0.72,0.54,0.4921,3.997e-05
-0.7,0.54,0.4918,0.000139
-0.68,0.54,0.4916,0.0004836
-0.66,0.54,0.4913,0.00168
-0.64,0.54,0.4911,0.005821
-0.62,0.54,0.4908,0.01996
-0.6,0.54,0.4906,0.06618
-0.58,0.54,0.4903,0.1817
-0.56,0.54,0.4901,0.3069
-0.54,0.54,0.4898,0.4646
-0.52,0.54,0.4896,0.6298
-0.5,0.54,0.4893,0.7667
-0.48,0.54,0.4891,0.8578
-0.46,0.54,0.4889,0.9172
-0.44,0.54,0.4886,0.9531
-0.42,0.54,0.4884,0.9739
-0.4,0.54,0.4881,0.9856
-0.38,0.54,0.4879,0.9921
-0.36,0.54,0.4876,0.9957
-0.34,0.54,0.4874,0.9976
-0.32,0.54,0.4871,0.9987
-0.3,0.54,0.4869,0.9993
-0.28,0.54,0.4866,0.9996
-0.26,0.54,0.4864,0.9998
-0.24,0.54,0.4861,0.9999
-0.22,0.54,0.4859,0.9999
-0.2,0.54,0.4856,1
-0.18,0.54,0.4854,1
-0.16,0.54,0.4851,1
-0.14,0.54,0.4849,1
-0.12,0.54,0.4846,1
-0.1,0.54,0.4844,1
-0.08,0.54,0.4841,1
-0.06,0.54,0.4839,1
-0.04,0.54,0.4837,1
-0.02,0.54,0.4834,1
0,0.54,0.4832,1
0.02,0.54,0.4829,1
0.04,0.54,0.4827,1
0.06,0.54,0.4824,1
0.08,0.54,0.4822,1
0.1,0.54,0.4819,1
0.12,0.54,0.4817,1
0.14,0.54,0.4814,1
0.16,0.54,0.4812,1
0.18,0.54,0.4809,1
0.2,0.54,0.4807,0.9999
0.22,0.54,0.4804,0.9999
0.24,0.54,0.4802,0.9998
0.26,0.54,0.4799,0.9996
0.28,0.54,0.4797,0.9993
0.3,0.54,0.4794,0.9987
0.32,0.54,0.4792,0.9976
0.34,0.54,0.4789,0.9956
0.36,0.54,0.4787,0.989
0.38,0.54,0.4785,0.9645
0.4,0.54,0.4782,0.8909
0.42,0.54,0.478,0.7109
0.44,0.54,0.4777,0.4253
0.46,0.54,0.4775,0.1821
0.48,0.54,0.4772,0.06282
0.5,0.54,0.477,0.01977
0.52,0.54,0.4767,0.006035
0.54,0.54,0.4765,0.001824
0.56,0.54,0.4762,0.0005496
0.58,0.54,0.476,0.0001655
0.6,0.54,0.4757,4.981e-05
0.62,0.54,0.4755,1.499e-05
0.64,0.54,0.4752,4.512e-06
0.66,0.54,0.475,1.358e-06
0.68,0.54,0.4747,4.087e-07
0.7,0.54,0.4745,1.244e-07
0.72,0.54,0.4743,4.114e-08
0.74,0.54,0.474,1.423e-08
0.76,0.54,0.4738,5.18e-09
0.78,0.54,0.4735,1.946e-09
0.8,0.54,0.4733,7.375e-10
0.82,0.54,0.473,2.658e-10
0.84,0.54,0.4728,9.609e-11
0.86,0.54,0.4725,3.572e-11
0.88,0.54,0.4723,1.412e-11
0.9,0.54,0.472,5.752e-12
0.92,0.54,0.4718,2.4e-12
0.94,0.54,0.4715,1.002e-12
0.96,0.54,0.4713,4.181e-13
0.98,0.54,0.471,1.745e-13
1,0.54,0.4708,7.282e-14
1.02,0.54,0.4705,3.039e-14
1.04,0.54,0.4703,1.265e-14
1.06,0.54,0.4701,5.344e-15
1.08,0.54,0.4698,2.266e-15
1.1,0.54,0.4696,9.609e-16
1.12,0.54,0.4693,4.075e-16
1.14,0.54,0.4691,1.728e-16
1.16,0.54,0.4688,7.327e-17
1.18,0.54,0.4686,3.107e-17
1.2,0.54,0.4683,1.315e-17
1.22,0.54,0.4681,5.17e-18
1.24,0.54,0.4678,2.033e-18
1.26,0.54,0.4676,7.992e-19
1.28,0.54,0.4673,3.142e-19
1.3,0.54,0.4671,1.235e-19
1.32,0.54,0.4668,4.856e-20
1.34,0.54,0.4666,1.909e-20
1.36,0.54,0.4663,7.506e-21
1.38,0.54,0.4661,2.951e-21
1.4,0.54,0.4659,1.16e-21
1.42,0.54,0.4656,4.562e-22
1.44,0.54,0.4654,1.793e-22
1.46,0.54,0.4651,7.051e-23
1.48,0.54,0.4649,2.772e-23
1.5,0.54,0.4646,1.09e-23
1.52,0.54,0.4644,4.285e-24
1.54,0.54,0.4641,1.685e-24
1.56,0.54,0.4639,6.623e-25
1.58,0.54,0.4636,2.604e-25
1.6,0.54,0.4634,1.024e-25
-1.6,0.56,0.5029,4.752e-21
-1.58,0.56,0.5027,1.019e-20
-1.56,0.56,0.5024,2.185e-20
-1.54,0.56,0.5022,4.687e-20
-1.52,0.56,0.5019,9.965e-20
-1.5,0.56,0.5017,2.1e-19
-1.48,0.56,0.5014,4.425e-19
-1.46,0.56,0.5012,9.325e-19
-1.44,0.56,0.5009,1.965e-18
-1.42,0.56,0.5007,4.141e-18
-1.4,0.56,0.5004,8.725e-18
-1.38,0.56,0.5002,1.839e-17
-1.36,0.56,0.4999,3.874e-17
-1.34,0.56,0.4997,8.164e-17
-1.32,0.56,0.4994,1.72e-16
-1.3,0.56,0.4992,3.625e-16
-1.28,0.56,0.499,7.64e-16
-1.26,0.56,0.4987,1.61e-15
-1.24,0.56,0.4985,3.355e-15
-1.22,0.56,0.4982,6.973e-15
-1.2,0.56,0.498,1.449e-14
-1.18,0.56,0.4977,3.012e-14
-1.16,0.56,0.4975,6.261e-14
-1.14,0.56,0.4972,1.301e-13
-1.12,0.56,0.497,2.705e-13
-1.1,0.56,0.4967,5.621e-13
-1.08,0.56,0.4965,1.168e-12
-1.06,0.56,0.4962,2.455e-12
-1.04,0.56,0.496,5.297e-12
-1.02,0.56,0.4957,1.143e-11
-1,0.56,0.4955,2.486e-11
-0.98,0.56,0.4952,5.573e-11
-0.96,0.56,0.495,1.249e-10
-0.94,0.56,0.4947,2.912e-10
-0.92,0.56,0.4945,7.092e-10
-0.9,0.56,0.4942,1.727e-09
-0.88,0.56,0.494,4.205e-09
-0.86,0.56,0.4937,1.024e-08
-0.84,0.56,0.4935,2.591e-08
-0.82,0.56,0.4933,6.802e-08
-0.8,0.56,0.493,2.006e-07
-0.78,0.56,0.4928,5.92e-07
-0.76,0.56,0.4925,1.837e-06
-0.74,0.56,0.4923,5.913e-06
-0.72,0.56,0.492,1.936e-05
-0.7,0.56,0.4918,6.687e-05
-0.68,0.56,0.4915,0.0002326
-0.66,0.56,0.4913,0.0008087
-0.64,0.56,0.491,0.002808
-0.62,0.56,0.4908,0.009701
-0.6,0.56,0.4905,0.03296
-0.58,0.56,0.4903,0.07432
-0.56,0.56,0.49,0.136
-0.54,0.56,0.4898,0.2357
-0.52,0.56,0.4895,0.3628
-0.5,0.56,0.4893,0.5111
-0.48,0.56,0.489,0.6575
-0.46,0.56,0.4888,0.779
-0.44,0.56,0.4885,0.8661
-0.42,0.56,0.4883,0.9224
-0.4,0.56,0.4881,0.9562
-0.38,0.56,0.4878,0.9756
-0.36,0.56,0.4876,0.9866
-0.34,0.56,0.4873,0.9926
-0.32,0.56,0.4871,0.996
-0.3,0.56,0.4868,0.9978
-0.28,0.56,0.4866,0.9988
-0.26,0.56,0.4863,0.9993
-0.24,0.56,0.4861,0.9996
-0.22,0.56,0.4858,0.9998
-0.2,0.56,0.4856,0.9999
-0.18,0.56,0.4853,0.9999
-0.16,0.56,0.4851,0.9999
-0.14,0.56,0.4848,1
-0.12,0.56,0.4846,1
-0.1,0.56,0.4843,1
-0.08,0.56,0.4841,1
-0.06,0.56,0.4838,1
-0.04,0.56,0.4836,1
-0.02,0.56,0.4833,1
0,0.56,0.4831,1
0.02,0.56,0.4829,1
0.04,0.56,0.4826,1
0.06,0.56,0.4824,1
0.08,0.56,0.4821,1
0.1,0.56,0.4819,1
0.12,0.56,0.4816,1
0.14,0.56,0.4814,1
0.16,0.56,0.4811,1
0.18,0.56,0.4809,0.9999
0.2,0.56,0.4806,0.9998
0.22,0.56,0.4804,0.9997
0.24,0.56,0.4801,0.9994
0.26,0.56,0.4799,0.9989
0.28,0.56,0.4796,0.9981
0.3,0.56,0.4794,0.9964
0.32,0.56,0.4791,0.9934
0.34,0.56,0.4789,0.9878
0.36,0.56,0.4786,0.9722
0.38,0.56,0.4784,0.9133
0.4,0.56,0.4781,0.7602
0.42,0.56,0.4779,0.4882
0.44,0.56,0.4777,0.2231
0.46,0.56,0.4774,0.07954
0.48,0.56,0.4772,0.02535
0.5,0.56,0.4769,0.007766
0.52,0.56,0.4767,0.00235
0.54,0.56,0.4764,0.0007084
0.56,0.56,0.4762,0.0002133
0.58,0.56,0.4759,6.421e-05
0.6,0.56,0.4757,1.933e-05
0.62,0.56,0.4754,5.816e-06
0.64,0.56,0.4752,1.751e-06
0.66,0.56,0.4749,5.269e-07
0.68,0.56,0.4747,1.586e-07
0.7,0.56,0.4744,5.22e-08
0.72,0.56,0.4742,1.791e-08
0.74,0.56,0.4739,6.444e-09
0.76,0.56,0.4737,2.392e-09
0.78,0.56,0.4735,9.064e-10
0.8,0.56,0.4732,3.494e-10
0.82,0.56,0.473,1.414e-10
0.84,0.56,0.4727,5.331e-11
0.86,0.56,0.4725,2.046e-11
0.88,0.56,0.4722,8.155e-12
0.9,0.56,0.472,3.402e-12
0.92,0.56,0.4717,1.42e-12
0.94,0.56,0.4715,5.926e-13
0.96,0.56,0.4712,2.473e-13
0.98,0.56,0.471,1.032e-13
1,0.56,0.4707,4.307e-14
1.02,0.56,0.4705,1.798e-14
1.04,0.56,0.4702,7.523e-15
1.06,0.56,0.47,3.254e-15
1.08,0.56,0.4697,1.408e-15
1.1,0.56,0.4695,6.013e-16
1.12,0.56,0.4693,2.55e-16
1.14,0.56,0.469,1.081e-16
1.16,0.56,0.4688,4.585e-17
1.18,0.56,0.4685,1.944e-17
1.2,0.56,0.4683,8.246e-18
1.22,0.56,0.468,3.497e-18
1.24,0.56,0.4678,1.43e-18
1.26,0.56,0.4675,5.621e-19
1.28,0.56,0.4673,2.21e-19
1.3,0.56,0.467,8.689e-20
1.32,0.56,0.4668,3.416e-20
1.34,0.56,0.4665,1.343e-20
1.36,0.56,0.4663,5.28e-21
1.38,0.56,0.466,2.076e-21
1.4,0.56,0.4658,8.161e-22
1.42,0.56,0.4656,3.209e-22
1.44,0.56,0.4653,1.261e-22
1.46,0.56,0.4651,4.96e-23
1.48,0.56,0.4648,1.95e-23
1.5,0.56,0.4646,7.666e-24
1.52,0.56,0.4643,3.014e-24
1.54,0.56,0.4641,1.185e-24
1.56,0.56,0.4638,4.658e-25
1.58,0.56,0.4636,1.831e-25
1.6,0.56,0.4633,7.2e-26
-1.6,0.58,0.5029,3.247e-21
-1.58,0.58,0.5026,6.843e-21
-1.56,0.58,0.5024,1.442e-20
-1.54,0.58,0.5021,3.039e-20
-1.52,0.58,0.5019,6.403e-20
-1.5,0.58,0.5016,1.349e-19
-1.48,0.58,0.5014,2.843e-19
-1.46,0.58,0.5011,5.992e-19
-1.44,0.58,0.5009,1.263e-18
-1.42,0.58,0.5006,2.661e-18
-1.4,0.58,0.5004,5.606e-18
-1.38,0.58,0.5001,1.181e-17
-1.36,0.58,0.4999,2.49e-17
-1.34,0.58,0.4996,5.246e-17
-1.32,0.58,0.4994,1.105e-16
-1.3,0.58,0.4991,2.308e-16
-1.28,0.58,0.4989,4.797e-16
-1.26,0.58,0.4986,9.97e-16
-1.24,0.58,0.4984,2.072e-15
-1.22,0.58,0.4982,4.307e-15
-1.2,0.58,0.4979,8.952e-15
-1.18,0.58,0.4977,1.861e-14
-1.16,0.58,0.4974,3.867e-14
-1.14,0.58,0.4972,8.037e-14
-1.12,0.58,0.4969,1.67e-13
-1.1,0.58,0.4967,3.472e-13
-1.08,0.58,0.4964,7.216e-13
-1.06,0.58,0.4962,1.511e-12
-1.04,0.58,0.4959,3.259e-12
-1.02,0.58,0.4957,6.982e-12
-1,0.58,0.4954,1.493e-11
-0.98,0.58,0.4952,3.346e-11
-0.96,0.58,0.4949,7.5e-11
-0.94,0.58,0.4947,1.683e-10
-0.92,0.58,0.4944,4.058e-10
-0.9,0.58,0.4942,9.883e-10
-0.88,0.58,0.4939,2.407e-09
-0.86,0.58,0.4937,5.86e-09
-0.84,0.58,0.4934,1.459e-08
-0.82,0.58,0.4932,3.77e-08
-0.8,0.58,0.4929,1.043e-07
-0.78,0.58,0.4927,3.078e-07
-0.76,0.58,0.4925,9.366e-07
-0.74,0.58,0.4922,2.947e-06
-0.72,0.58,0.492,9.65e-06
-0.7,0.58,0.4917,3.215e-05
-0.68,0.58,0.4915,0.0001119
-0.66,0.58,0.4912,0.000389
-0.64,0.58,0.491,0.001352
-0.62,0.58,0.4907,0.004688
-0.6,0.58,0.4905,0.01412
-0.58,0.58,0.4902,0.02773
-0.56,0.58,0.49,0.05099
-0.54,0.58,0.4897,0.08979
-0.52,0.58,0.4895,0.1533
-0.5,0.58,0.4892,0.2495
-0.48,0.58,0.489,0.3791
-0.46,0.58,0.4887,0.5285
-0.44,0.58,0.4885,0.673
-0.42,0.58,0.4882,0.7907
-0.4,0.58,0.488,0.874
-0.38,0.58,0.4877,0.9272
-0.36,0.58,0.4875,0.959
-0.34,0.58,0.4873,0.9772
-0.32,0.58,0.487,0.9875
-0.3,0.58,0.4868,0.9931
-0.28,0.58,0.4865,0.9963
-0.26,0.58,0.4863,0.998
-0.24,0.58,0.486,0.9989
-0.22,0.58,0.4858,0.9993
-0.2,0.58,0.4855,0.9995
-0.18,0.58,0.4853,0.9997
-0.16,0.58,0.485,0.9998
-0.14,0.58,0.4848,0.9999
-0.12,0.58,0.4845,0.9999
-0.1,0.58,0.4843,0.9999
-0.08,0.58,0.484,1
-0.06,0.58,0.4838,1
-0.04,0.58,0.4835,1
-0.02,0.58,0.4833,1
0,0.58,0.483,1
0.02,0.58,0.4828,1
0.04,0.58,0.4825,1
0.06,0.58,0.4823,1
0.08,0.58,0.4821,1
0.1,0.58,0.4818,1
0.12,0.58,0.4816,1
0.14,0.58,0.4813,0.9999
0.16,0.58,0.4811,0.9999
0.18,0.58,0.4808,0.9997
0.2,0.58,0.4806,0.9995
0.22,0.58,0.4803,0.9991
0.24,0.58,0.4801,0.9984
0.26,0.58,0.4798,0.9971
0.28,0.58,0.4796,0.9946
0.3,0.58,0.4793,0.9901
0.32,0.58,0.4791,0.9818
0.34,0.58,0.4788,0.9668
0.36,0.58,0.4786,0.9314
0.38,0.58,0.4783,0.8034
0.4,0.58,0.4781,0.5515
0.42,0.58,0.4778,0.2701
0.44,0.58,0.4776,0.1002
0.46,0.58,0.4773,0.03244
0.48,0.58,0.4771,0.009989
0.5,0.58,0.4769,0.003028
0.52,0.58,0.4766,0.0009131
0.54,0.58,0.4764,0.000275
0.56,0.58,0.4761,8.278e-05
0.58,0.58,0.4759,2.491e-05
0.6,0.58,0.4756,7.498e-06
0.62,0.58,0.4754,2.257e-06
0.64,0.58,0.4751,6.792e-07
0.66,0.58,0.4749,2.044e-07
0.68,0.58,0.4746,6.624e-08
0.7,0.58,0.4744,2.26e-08
0.72,0.58,0.4741,8.017e-09
0.74,0.58,0.4739,2.939e-09
0.76,0.58,0.4736,1.114e-09
0.78,0.58,0.4734,4.228e-10
0.8,0.58,0.4731,1.679e-10
0.82,0.58,0.4729,6.955e-11
0.84,0.58,0.4727,2.896e-11
0.86,0.58,0.4724,1.182e-11
0.88,0.58,0.4722,4.822e-12
0.9,0.58,0.4719,2.012e-12
0.92,0.58,0.4717,8.398e-13
0.94,0.58,0.4714,3.505e-13
0.96,0.58,0.4712,1.463e-13
0.98,0.58,0.4709,6.105e-14
1,0.58,0.4707,2.548e-14
1.02,0.58,0.4704,1.063e-14
1.04,0.58,0.4702,4.48e-15
1.06,0.58,0.4699,1.938e-15
1.08,0.58,0.4697,8.382e-16
1.1,0.58,0.4694,3.626e-16
1.12,0.58,0.4692,1.569e-16
1.14,0.58,0.4689,6.767e-17
1.16,0.58,0.4687,2.87e-17
1.18,0.58,0.4685,1.217e-17
1.2,0.58,0.4682,5.16e-18
1.22,0.58,0.468,2.188e-18
1.24,0.58,0.4677,9.279e-19
1.26,0.58,0.4675,3.935e-19
1.28,0.58,0.4672,1.555e-19
1.3,0.58,0.467,6.112e-20
1.32,0.58,0.4667,2.403e-20
1.34,0.58,0.4665,9.447e-21
1.36,0.58,0.4662,3.714e-21
1.38,0.58,0.466,1.46e-21
1.4,0.58,0.4657,5.741e-22
1.42,0.58,0.4655,2.257e-22
1.44,0.58,0.4652,8.873e-23
1.46,0.58,0.465,3.489e-23
1.48,0.58,0.4648,1.372e-23
1.5,0.58,0.4645,5.392e-24
1.52,0.58,0.4643,2.12e-24
1.54,0.58,0.464,8.335e-25
1.56,0.58,0.4638,3.277e-25
1.58,0.58,0.4635,1.288e-25
1.6,0.58,0.4633,5.065e-26
-1.6,0.6,0.5028,2.087e-21
-1.58,0.6,0.5026,4.397e-21
-1.56,0.6,0.5023,9.265e-21
-1.54,0.6,0.5021,1.952e-20
-1.52,0.6,0.5018,4.114e-20
-1.5,0.6,0.5016,8.67e-20
-1.48,0.6,0.5013,1.827e-19
-1.46,0.6,0.5011,3.85e-19
-1.44,0.6,0.5008,8.113e-19
-1.42,0.6,0.5006,1.71e-18
-1.4,0.6,0.5003,3.602e-18
-1.38,0.6,0.5001,7.591e-18
-1.36,0.6,0.4998,1.588e-17
-1.34,0.6,0.4996,3.3e-17
-1.32,0.6,0.4993,6.859e-17
-1.3,0.6,0.4991,1.426e-16
-1.28,0.6,0.4988,2.963e-16
-1.26,0.6,0.4986,6.158e-16
-1.24,0.6,0.4983,1.28e-15
-1.22,0.6,0.4981,2.66e-15
-1.2,0.6,0.4978,5.529e-15
-1.18,0.6,0.4976,1.149e-14
-1.16,0.6,0.4974,2.388e-14
-1.14,0.6,0.4971,4.964e-14
-1.12,0.6,0.4969,1.032e-13
-1.1,0.6,0.4966,2.144e-13
-1.08,0.6,0.4964,4.457e-13
-1.06,0.6,0.4961,9.296e-13
-1.04,0.6,0.4959,1.997e-12
-1.02,0.6,0.4956,4.253e-12
-1,0.6,0.4954,9.057e-12
-0.98,0.6,0.4951,2.009e-11
-0.96,0.6,0.4949,4.503e-11
-0.94,0.6,0.4946,1.009e-10
-0.92,0.6,0.4944,2.322e-10
-0.9,0.6,0.4941,5.656e-10
-0.88,0.6,0.4939,1.377e-09
-0.86,0.6,0.4936,3.354e-09
-0.84,0.6,0.4934,8.212e-09
-0.82,0.6,0.4931,2.094e-08
-0.8,0.6,0.4929,5.595e-08
-0.78,0.6,0.4926,1.601e-07
-0.76,0.6,0.4924,4.775e-07
-0.74,0.6,0.4921,1.487e-06
-0.72,0.6,0.4919,4.81e-06
-0.7,0.6,0.4917,1.575e-05
-0.68,0.6,0.4914,5.379e-05
-0.66,0.6,0.4912,0.0001871
-0.64,0.6,0.4909,0.0006506
-0.62,0.6,0.4907,0.002199
-0.6,0.6,0.4904,0.005044
-0.58,0.6,0.4902,0.009222
-0.56,0.6,0.4899,0.0168
-0.54,0.6,0.4897,0.03042
-0.52,0.6,0.4894,0.05447
-0.5,0.6,0.4892,0.09566
-0.48,0.6,0.4889,0.1626
-0.46,0.6,0.4887,0.2628
-0.44,0.6,0.4884,0.3957
-0.42,0.6,0.4882,0.5459
-0.4,0.6,0.4879,0.6882
-0.38,0.6,0.4877,0.8021
-0.36,0.6,0.4874,0.8815
-0.34,0.6,0.4872,0.9318
-0.32,0.6,0.4869,0.9617
-0.3,0.6,0.4867,0.9787
-0.28,0.6,0.4864,0.9883
-0.26,0.6,0.4862,0.9936
-0.24,0.6,0.486,0.9959
-0.22,0.6,0.4857,0.9973
-0.2,0.6,0.4855,0.9982
-0.18,0.6,0.4852,0.9988
-0.16,0.6,0.485,0.9992
-0.14,0.6,0.4847,0.9995
-0.12,0.6,0.4845,0.9997
-0.1,0.6,0.4842,0.9998
-0.08,0.6,0.484,0.9999
-0.06,0.6,0.4837,0.9999
-0.04,0.6,0.4835,0.9999
-0.02,0.6,0.4832,0.9999
0,0.6,0.483,1
0.02,0.6,0.4827,1
0.04,0.6,0.4825,1
0.06,0.6,0.4822,1
0.08,0.6,0.482,0.9999
0.1,0.6,0.4817,0.9999
0.12,0.6,0.4815,0.9999
0.14,0.6,0.4812,0.9998
0.16,0.6,0.481,0.9996
0.18,0.6,0.4808,0.9993
0.2,0.6,0.4805,0.9987
0.22,0.6,0.4803,0.9976
0.24,0.6,0.48,0.9956
0.26,0.6,0.4798,0.9919
0.28,0.6,0.4795,0.9851
0.3,0.6,0.4793,0.9728
0.32,0.6,0.479,0.9508
0.34,0.6,0.4788,0.9127
0.36,0.6,0.4785,0.8405
0.38,0.6,0.4783,0.6132
0.4,0.6,0.478,0.323
0.42,0.6,0.4778,0.1256
0.44,0.6,0.4775,0.04143
0.46,0.6,0.4773,0.01284
0.48,0.6,0.477,0.0039
0.5,0.6,0.4768,0.001177
0.52,0.6,0.4765,0.0003545
0.54,0.6,0.4763,0.0001067
0.56,0.6,0.4761,3.212e-05
0.58,0.6,0.4758,9.667e-06
0.6,0.6,0.4756,2.909e-06
0.62,0.6,0.4753,8.756e-07
0.64,0.6,0.4751,2.635e-07
0.66,0.6,0.4748,8.406e-08
0.68,0.6,0.4746,2.852e-08
0.7,0.6,0.4743,9.974e-09
0.72,0.6,0.4741,3.63e-09
0.74,0.6,0.4738,1.369e-09
0.76,0.6,0.4736,5.189e-10
0.78,0.6,0.4733,2.021e-10
0.8,0.6,0.4731,8.244e-11
0.82,0.6,0.4728,3.414e-11
0.84,0.6,0.4726,1.475e-11
0.86,0.6,0.4723,6.631e-12
0.88,0.6,0.4721,2.852e-12
0.9,0.6,0.4719,1.19e-12
0.92,0.6,0.4716,4.968e-13
0.94,0.6,0.4714,2.073e-13
0.96,0.6,0.4711,8.652e-14
0.98,0.6,0.4709,3.611e-14
1,0.6,0.4706,1.507e-14
1.02,0.6,0.4704,6.289e-15
1.04,0.6,0.4701,2.667e-15
1.06,0.6,0.4699,1.154e-15
1.08,0.6,0.4696,4.991e-16
1.1,0.6,0.4694,2.159e-16
1.12,0.6,0.4691,9.34e-17
1.14,0.6,0.4689,4.04e-17
1.16,0.6,0.4686,1.748e-17
1.18,0.6,0.4684,7.56e-18
1.2,0.6,0.4681,3.229e-18
1.22,0.6,0.4679,1.369e-18
1.24,0.6,0.4677,5.807e-19
1.26,0.6,0.4674,2.463e-19
1.28,0.6,0.4672,1.044e-19
1.3,0.6,0.4669,4.299e-20
1.32,0.6,0.4667,1.69e-20
1.34,0.6,0.4664,6.645e-21
1.36,0.6,0.4662,2.612e-21
1.38,0.6,0.4659,1.027e-21
1.4,0.6,0.4657,4.038e-22
1.42,0.6,0.4654,1.588e-22
1.44,0.6,0.4652,6.242e-23
1.46,0.6,0.4649,2.454e-23
1.48,0.6,0.4647,9.647e-24
1.5,0.6,0.4644,3.793e-24
1.52,0.6,0.4642,1.491e-24
1.54,0.6,0.464,5.863e-25
1.56,0.6,0.4637,2.305e-25
1.58,0.6,0.4635,9.062e-26
1.6,0.6,0.4632,3.563e-26
-1.6,0.62,0.5027,1.341e-21
-1.58,0.62,0.5025,2.825e-21
-1.56,0.62,0.5022,5.954e-21
-1.54,0.62,0.502,1.255e-20
-1.52,0.62,0.5018,2.644e-20
-1.5,0.62,0.5015,5.571e-20
-1.48,0.62,0.5013,1.174e-19
-1.46,0.62,0.501,2.474e-19
-1.44,0.62,0.5008,5.213e-19
-1.42,0.62,0.5005,1.092e-18
-1.4,0.62,0.5003,2.27e-18
-1.38,0.62,0.5,4.718e-18
-1.36,0.62,0.4998,9.807e-18
-1.34,0.62,0.4995,2.038e-17
-1.32,0.62,0.4993,4.236e-17
-1.3,0.62,0.499,8.805e-17
-1.28,0.62,0.4988,1.83e-16
-1.26,0.62,0.4985,3.803e-16
-1.24,0.62,0.4983,7.905e-16
-1.22,0.62,0.498,1.643e-15
-1.2,0.62,0.4978,3.415e-15
-1.18,0.62,0.4975,7.097e-15
-1.16,0.62,0.4973,1.475e-14
-1.14,0.62,0.497,3.066e-14
-1.12,0.62,0.4968,6.372e-14
-1.1,0.62,0.4965,1.324e-13
-1.08,0.62,0.4963,2.753e-13
-1.06,0.62,0.4961,5.711e-13
-1.04,0.62,0.4958,1.216e-12
-1.02,0.62,0.4956,2.59e-12
-1,0.62,0.4953,5.517e-12
-0.98,0.62,0.4951,1.206e-11
-0.96,0.62,0.4948,2.704e-11
-0.94,0.62,0.4946,6.06e-11
-0.92,0.62,0.4943,1.358e-10
-0.9,0.62,0.4941,3.237e-10
-0.88,0.62,0.4938,7.881e-10
-0.86,0.62,0.4936,1.919e-09
-0.84,0.62,0.4933,4.674e-09
-0.82,0.62,0.4931,1.175e-08
-0.8,0.62,0.4928,3.108e-08
-0.78,0.62,0.4926,8.454e-08
-0.76,0.62,0.4923,2.457e-07
-0.74,0.62,0.4921,7.581e-07
-0.72,0.62,0.4918,2.397e-06
-0.7,0.62,0.4916,7.85e-06
-0.68,0.62,0.4913,2.587e-05
-0.66,0.62,0.4911,8.998e-05
-0.64,0.62,0.4908,0.000313
-0.62,0.62,0.4906,0.0008652
-0.6,0.62,0.4904,0.00161
-0.58,0.62,0.4901,0.002952
-0.56,0.62,0.4899,0.005407
-0.54,0.62,0.4896,0.009882
-0.52,0.62,0.4894,0.018
-0.5,0.62,0.4891,0.03255
-0.48,0.62,0.4889,0.05818
-0.46,0.62,0.4886,0.1019
-0.44,0.62,0.4884,0.1724
-0.42,0.62,0.4881,0.2766
-0.4,0.62,0.4879,0.4125
-0.38,0.62,0.4876,0.5631
-0.36,0.62,0.4874,0.703
-0.34,0.62,0.4871,0.8129
-0.32,0.62,0.4869,0.8886
-0.3,0.62,0.4866,0.9361
-0.28,0.62,0.4864,0.9641
-0.26,0.62,0.4861,0.9767
-0.24,0.62,0.4859,0.9846
-0.22,0.62,0.4856,0.9898
-0.2,0.62,0.4854,0.9933
-0.18,0.62,0.4852,0.9956
-0.16,0.62,0.4849,0.9971
-0.14,0.62,0.4847,0.9981
-0.12,0.62,0.4844,0.9988
-0.1,0.62,0.4842,0.9992
-0.08,0.62,0.4839,0.9995
-0.06,0.62,0.4837,0.9996
-0.04,0.62,0.4834,0.9997
-0.02,0.62,0.4832,0.9998
0,0.62,0.4829,0.9998
0.02,0.62,0.4827,0.9998
0.04,0.62,0.4824,0.9998
0.06,0.62,0.4822,0.9998
0.08,0.62,0.4819,0.9997
0.1,0.62,0.4817,0.9996
0.12,0.62,0.4814,0.9995
0.14,0.62,0.4812,0.9993
0.16,0.62,0.4809,0.9988
0.18,0.62,0.4807,0.998
0.2,0.62,0.4804,0.9964
0.22,0.62,0.4802,0.9934
0.24,0.62,0.48,0.9878
0.26,0.62,0.4797,0.9777
0.28,0.62,0.4795,0.9596
0.3,0.62,0.4792,0.9277
0.32,0.62,0.479,0.874
0.34,0.62,0.4787,0.7895
0.36,0.62,0.4785,0.6662
0.38,0.62,0.4782,0.3809
0.4,0.62,0.478,0.1562
0.42,0.62,0.4777,0.05278
0.44,0.62,0.4775,0.01649
0.46,0.62,0.4772,0.005021
0.48,0.62,0.477,0.001517
0.5,0.62,0.4767,0.0004569
0.52,0.62,0.4765,0.0001376
0.54,0.62,0.4762,4.141e-05
0.56,0.62,0.476,1.246e-05
0.58,0.62,0.4757,3.751e-06
0.6,0.62,0.4755,1.129e-06
0.62,0.62,0.4753,3.397e-07
0.64,0.62,0.475,1.067e-07
0.66,0.62,0.4748,3.599e-08
0.68,0.62,0.4745,1.259e-08
0.7,0.62,0.4743,4.516e-09
0.72,0.62,0.474,1.683e-09
0.74,0.62,0.4738,6.377e-10
0.76,0.62,0.4735,2.444e-10
0.78,0.62,0.4733,9.772e-11
0.8,0.62,0.473,4.047e-11
0.82,0.62,0.4728,1.698e-11
0.84,0.62,0.4725,7.606e-12
0.86,0.62,0.4723,3.53e-12
0.88,0.62,0.472,1.642e-12
0.9,0.62,0.4718,7.041e-13
0.92,0.62,0.4715,2.938e-13
0.94,0.62,0.4713,1.226e-13
0.96,0.62,0.4711,5.118e-14
0.98,0.62,0.4708,2.136e-14
1,0.62,0.4706,8.914e-15
1.02,0.62,0.4703,3.72e-15
1.04,0.62,0.4701,1.588e-15
1.06,0.62,0.4698,6.87e-16
1.08,0.62,0.4696,2.972e-16
1.1,0.62,0.4693,1.286e-16
1.12,0.62,0.4691,5.561e-17
1.14,0.62,0.4688,2.406e-17
1.16,0.62,0.4686,1.041e-17
1.18,0.62,0.4683,4.502e-18
1.2,0.62,0.4681,1.947e-18
1.22,0.62,0.4678,8.423e-19
1.24,0.62,0.4676,3.634e-19
1.26,0.62,0.4674,1.541e-19
1.28,0.62,0.4671,6.535e-20
1.3,0.62,0.4669,2.771e-20
1.32,0.62,0.4666,1.175e-20
1.34,0.62,0.4664,4.674e-21
1.36,0.62,0.4661,1.838e-21
1.38,0.62,0.4659,7.225e-22
1.4,0.62,0.4656,2.84e-22
1.42,0.62,0.4654,1.117e-22
1.44,0.62,0.4651,4.39e-23
1.46,0.62,0.4649,1.726e-23
1.48,0.62,0.4646,6.786e-24
1.5,0.62,0.4644,2.668e-24
1.52,0.62,0.4641,1.049e-24
1.54,0.62,0.4639,4.124e-25
1.56,0.62,0.4637,1.621e-25
1.58,0.62,0.4634,6.374e-26
1.6,0.62,0.4632,2.506e-26
-1.6,0.64,0.5027,8.615e-22
-1.58,0.64,0.5024,1.815e-21
-1.56,0.64,0.5022,3.825e-21
-1.54,0.64,0.5019,8.061e-21
-1.52,0.64,0.5017,1.699e-20
-1.5,0.64,0.5014,3.58e-20
-1.48,0.64,0.5012,7.514e-20
-1.46,0.64,0.501,1.562e-19
-1.44,0.64,0.5007,3.246e-19
-1.42,0.64,0.5005,6.746e-19
-1.4,0.64,0.5002,1.402e-18
-1.38,0.64,0.5,2.914e-18
-1.36,0.64,0.4997,6.057e-18
-1.34,0.64,0.4995,1.259e-17
-1.32,0.64,0.4992,2.616e-17
-1.3,0.64,0.499,5.438e-17
-1.28,0.64,0.4987,1.13e-16
-1.26,0.64,0.4985,2.349e-16
-1.24,0.64,0.4982,4.882e-16
-1.22,0.64,0.498,1.015e-15
-1.2,0.64,0.4977,2.109e-15
-1.18,0.64,0.4975,4.383e-15
-1.16,0.64,0.4972,9.111e-15
-1.14,0.64,0.497,1.894e-14
-1.12,0.64,0.4967,3.936e-14
-1.1,0.64,0.4965,8.18e-14
-1.08,0.64,0.4962,1.7e-13
-1.06,0.64,0.496,3.492e-13
-1.04,0.64,0.4957,7.408e-13
-1.02,0.64,0.4955,1.578e-12
-1,0.64,0.4953,3.36e-12
-0.98,0.64,0.495,7.241e-12
-0.96,0.64,0.4948,1.623e-11
-0.94,0.64,0.4945,3.638e-11
-0.92,0.64,0.4943,8.156e-11
-0.9,0.64,0.494,1.852e-10
-0.88,0.64,0.4938,4.51e-10
-0.86,0.64,0.4935,1.098e-09
-0.84,0.64,0.4933,2.675e-09
-0.82,0.64,0.493,6.616e-09
-0.8,0.64,0.4928,1.726e-08
-0.78,0.64,0.4925,4.612e-08
-0.76,0.64,0.4923,1.28e-07
-0.74,0.64,0.492,3.865e-07
-0.72,0.64,0.4918,1.204e-06
-0.7,0.64,0.4915,3.912e-06
-0.68,0.64,0.4913,1.281e-05
-0.66,0.64,0.491,4.136e-05
-0.64,0.64,0.4908,0.0001273
-0.62,0.64,0.4905,0.0002793
-0.6,0.64,0.4903,0.0005127
-0.58,0.64,0.49,0.0009409
-0.56,0.64,0.4898,0.001726
-0.54,0.64,0.4896,0.003165
-0.52,0.64,0.4893,0.005796
-0.5,0.64,0.4891,0.01059
-0.48,0.64,0.4888,0.01927
-0.46,0.64,0.4886,0.03482
-0.44,0.64,0.4883,0.06213
-0.42,0.64,0.4881,0.1084
-0.4,0.64,0.4878,0.1825
-0.38,0.64,0.4876,0.2908
-0.36,0.64,0.4873,0.4295
-0.34,0.64,0.4871,0.5802
-0.32,0.64,0.4868,0.7173
-0.3,0.64,0.4866,0.8233
-0.28,0.64,0.4863,0.8785
-0.26,0.64,0.4861,0.9169
-0.24,0.64,0.4858,0.9439
-0.22,0.64,0.4856,0.9625
-0.2,0.64,0.4853,0.9751
-0.18,0.64,0.4851,0.9835
-0.16,0.64,0.4848,0.9891
-0.14,0.64,0.4846,0.9929
-0.12,0.64,0.4844,0.9953
-0.1,0.64,0.4841,0.9969
-0.08,0.64,0.4839,0.998
-0.06,0.64,0.4836,0.9987
-0.04,0.64,0.4834,0.9989
-0.02,0.64,0.4831,0.9992
0,0.64,0.4829,0.9993
0.02,0.64,0.4826,0.9994
0.04,0.64,0.4824,0.9994
0.06,0.64,0.4821,0.9993
0.08,0.64,0.4819,0.999
0.1,0.64,0.4816,0.9986
0.12,0.64,0.4814,0.9981
0.14,0.64,0.4811,0.9974
0.16,0.64,0.4809,0.9961
0.18,0.64,0.4806,0.9938
0.2,0.64,0.4804,0.9896
0.22,0.64,0.4801,0.9818
0.24,0.64,0.4799,0.9668
0.26,0.64,0.4796,0.9403
0.28,0.64,0.4794,0.8949
0.3,0.64,0.4792,0.8215
0.32,0.64,0.4789,0.7133
0.34,0.64,0.4787,0.5736
0.36,0.64,0.4784,0.4211
0.38,0.64,0.4782,0.1927
0.4,0.64,0.4779,0.06702
0.42,0.64,0.4777,0.02116
0.44,0.64,0.4774,0.006464
0.46,0.64,0.4772,0.001954
0.48,0.64,0.4769,0.000589
0.5,0.64,0.4767,0.0001773
0.52,0.64,0.4764,5.338e-05
0.54,0.64,0.4762,1.607e-05
0.56,0.64,0.4759,4.835e-06
0.58,0.64,0.4757,1.455e-06
0.6,0.64,0.4754,4.38e-07
0.62,0.64,0.4752,1.353e-07
0.64,0.64,0.4749,4.541e-08
0.66,0.64,0.4747,1.588e-08
0.68,0.64,0.4745,5.618e-09
0.7,0.64,0.4742,2.068e-09
0.72,0.64,0.474,7.837e-10
0.74,0.64,0.4737,2.97e-10
0.76,0.64,0.4735,1.168e-10
0.78,0.64,0.4732,4.797e-11
0.8,0.64,0.473,1.986e-11
0.82,0.64,0.4727,8.655e-12
0.84,0.64,0.4725,4.038e-12
0.86,0.64,0.4722,1.879e-12
0.88,0.64,0.472,8.742e-13
0.9,0.64,0.4717,4.068e-13
0.92,0.64,0.4715,1.738e-13
0.94,0.64,0.4712,7.253e-14
0.96,0.64,0.471,3.027e-14
0.98,0.64,0.4707,1.263e-14
1,0.64,0.4705,5.273e-15
1.02,0.64,0.4703,2.2e-15
1.04,0.64,0.47,9.457e-16
1.06,0.64,0.4698,4.091e-16
1.08,0.64,0.4695,1.77e-16
1.1,0.64,0.4693,7.655e-17
1.12,0.64,0.469,3.311e-17
1.14,0.64,0.4688,1.432e-17
1.16,0.64,0.4685,6.196e-18
1.18,0.64,0.4683,2.68e-18
1.2,0.64,0.468,1.159e-18
1.22,0.64,0.4678,5.016e-19
1.24,0.64,0.4675,2.17e-19
1.26,0.64,0.4673,9.386e-20
1.28,0.64,0.467,4.06e-20
1.3,0.64,0.4668,1.734e-20
1.32,0.64,0.4666,7.354e-21
1.34,0.64,0.4663,3.119e-21
1.36,0.64,0.4661,1.293e-21
1.38,0.64,0.4658,5.082e-22
1.4,0.64,0.4656,1.998e-22
1.42,0.64,0.4653,7.855e-23
1.44,0.64,0.4651,3.088e-23
1.46,0.64,0.4648,1.214e-23
1.48,0.64,0.4646,4.773e-24
1.5,0.64,0.4643,1.877e-24
1.52,0.64,0.4641,7.378e-25
1.54,0.64,0.4638,2.901e-25
1.56,0.64,0.4636,1.14e-25
1.58,0.64,0.4633,4.484e-26
1.6,0.64,0.4631,1.763e-26
-1.6,0.66,0.5026,5.535e-22
-1.58,0.66,0.5024,1.166e-21
-1.56,0.66,0.5021,2.458e-21
-1.54,0.66,0.5019,5.169e-21
-1.52,0.66,0.5016,1.074e-20
-1.5,0.66,0.5014,2.233e-20
-1.48,0.66,0.5011,4.641e-20
-1.46,0.66,0.5009,9.646e-20
-1.44,0.66,0.5006,2.005e-19
-1.42,0.66,0.5004,4.167e-19
-1.4,0.66,0.5002,8.66e-19
-1.38,0.66,0.4999,1.8e-18
-1.36,0.66,0.4997,3.741e-18
-1.34,0.66,0.4994,7.775e-18
-1.32,0.66,0.4992,1.616e-17
-1.3,0.66,0.4989,3.359e-17
-1.28,0.66,0.4987,6.981e-17
-1.26,0.66,0.4984,1.451e-16
-1.24,0.66,0.4982,3.015e-16
-1.22,0.66,0.4979,6.267e-16
-1.2,0.66,0.4977,1.303e-15
-1.18,0.66,0.4974,2.707e-15
-1.16,0.66,0.4972,5.627e-15
-1.14,0.66,0.4969,1.17e-14
-1.12,0.66,0.4967,2.431e-14
-1.1,0.66,0.4964,5.052e-14
-1.08,0.66,0.4962,1.04e-13
-1.06,0.66,0.4959,2.135e-13
-1.04,0.66,0.4957,4.512e-13
-1.02,0.66,0.4954,9.609e-13
-1,0.66,0.4952,2.046e-12
-0.98,0.66,0.4949,4.359e-12
-0.96,0.66,0.4947,9.746e-12
-0.94,0.66,0.4945,2.185e-11
-0.92,0.66,0.4942,4.897e-11
-0.9,0.66,0.494,1.098e-10
-0.88,0.66,0.4937,2.581e-10
-0.86,0.66,0.4935,6.285e-10
-0.84,0.66,0.4932,1.531e-09
-0.82,0.66,0.493,3.727e-09
-0.8,0.66,0.4927,9.589e-09
-0.78,0.66,0.4925,2.562e-08
-0.76,0.66,0.4922,6.939e-08
-0.74,0.66,0.492,1.971e-07
-0.72,0.66,0.4917,6.136e-07
-0.7,0.66,0.4915,1.903e-06
-0.68,0.66,0.4912,5.855e-06
-0.66,0.66,0.491,1.801e-05
-0.64,0.66,0.4907,4.78e-05
-0.62,0.66,0.4905,8.886e-05
-0.6,0.66,0.4902,0.0001631
-0.58,0.66,0.49,0.0002995
-0.56,0.66,0.4897,0.0005498
-0.54,0.66,0.4895,0.001009
-0.52,0.66,0.4892,0.001851
-0.5,0.66,0.489,0.003393
-0.48,0.66,0.4888,0.006212
-0.46,0.66,0.4885,0.01135
-0.44,0.66,0.4883,0.02064
-0.42,0.66,0.488,0.03725
-0.4,0.66,0.4878,0.06632
-0.38,0.66,0.4875,0.1154
-0.36,0.66,0.4873,0.1932
-0.34,0.66,0.487,0.3054
-0.32,0.66,0.4868,0.4456
-0.3,0.66,0.4865,0.5555
-0.28,0.66,0.4863,0.6559
-0.26,0.66,0.486,0.7441
-0.24,0.66,0.4858,0.816
-0.22,0.66,0.4855,0.8712
-0.2,0.66,0.4853,0.9117
-0.18,0.66,0.485,0.9403
-0.16,0.66,0.4848,0.96
-0.14,0.66,0.4845,0.9734
-0.12,0.66,0.4843,0.9824
-0.1,0.66,0.484,0.9884
-0.08,0.66,0.4838,0.9924
-0.06,0.66,0.4836,0.995
-0.04,0.66,0.4833,0.9962
-0.02,0.66,0.4831,0.997
0,0.66,0.4828,0.9974
0.02,0.66,0.4826,0.9977
0.04,0.66,0.4823,0.9977
0.06,0.66,0.4821,0.9971
0.08,0.66,0.4818,0.996
0.1,0.66,0.4816,0.9946
0.12,0.66,0.4813,0.9926
0.14,0.66,0.4811,0.99
0.16,0.66,0.4808,0.9861
0.18,0.66,0.4806,0.9796
0.2,0.66,0.4803,0.968
0.22,0.66,0.4801,0.9471
0.24,0.66,0.4798,0.9109
0.26,0.66,0.4796,0.8495
0.28,0.66,0.4793,0.7532
0.3,0.66,0.4791,0.6227
0.32,0.66,0.4788,0.4716
0.34,0.66,0.4786,0.3255
0.36,0.66,0.4784,0.2069
0.38,0.66,0.4781,0.08475
0.4,0.66,0.4779,0.02711
0.42,0.66,0.4776,0.008318
0.44,0.66,0.4774,0.002518
0.46,0.66,0.4771,0.0007592
0.48,0.66,0.4769,0.0002286
0.5,0.66,0.4766,6.881e-05
0.52,0.66,0.4764,2.071e-05
0.54,0.66,0.4761,6.233e-06
0.56,0.66,0.4759,1.876e-06
0.58,0.66,0.4756,5.646e-07
0.6,0.66,0.4754,1.718e-07
0.62,0.66,0.4751,5.731e-08
0.64,0.66,0.4749,2.004e-08
0.66,0.66,0.4746,7.01e-09
0.68,0.66,0.4744,2.544e-09
0.7,0.66,0.4742,9.632e-10
0.72,0.66,0.4739,3.65e-10
0.74,0.66,0.4737,1.413e-10
0.76,0.66,0.4734,5.686e-11
0.78,0.66,0.4732,2.354e-11
0.8,0.66,0.4729,9.841e-12
0.82,0.66,0.4727,4.55e-12
0.84,0.66,0.4724,2.145e-12
0.86,0.66,0.4722,1e-12
0.88,0.66,0.4719,4.654e-13
0.9,0.66,0.4717,2.165e-13
0.92,0.66,0.4714,1.007e-13
0.94,0.66,0.4712,4.29e-14
0.96,0.66,0.4709,1.791e-14
0.98,0.66,0.4707,7.473e-15
1,0.66,0.4704,3.119e-15
1.02,0.66,0.4702,1.302e-15
1.04,0.66,0.4699,5.631e-16
1.06,0.66,0.4697,2.436e-16
1.08,0.66,0.4695,1.054e-16
1.1,0.66,0.4692,4.558e-17
1.12,0.66,0.469,1.972e-17
1.14,0.66,0.4687,8.529e-18
1.16,0.66,0.4685,3.69e-18
1.18,0.66,0.4682,1.596e-18
1.2,0.66,0.468,6.904e-19
1.22,0.66,0.4677,2.987e-19
1.24,0.66,0.4675,1.292e-19
1.26,0.66,0.4672,5.589e-20
1.28,0.66,0.467,2.417e-20
1.3,0.66,0.4667,1.046e-20
1.32,0.66,0.4665,4.524e-21
1.34,0.66,0.4662,1.952e-21
1.36,0.66,0.466,8.276e-22
1.38,0.66,0.4658,3.509e-22
1.4,0.66,0.4655,1.405e-22
1.42,0.66,0.4653,5.525e-23
1.44,0.66,0.465,2.172e-23
1.46,0.66,0.4648,8.54e-24
1.48,0.66,0.4645,3.358e-24
1.5,0.66,0.4643,1.32e-24
1.52,0.66,0.464,5.19e-25
1.54,0.66,0.4638,2.04e-25
1.56,0.66,0.4635,8.022e-26
1.58,0.66,0.4633,3.154e-26
1.6,0.66,0.463,1.24e-26
-1.6,0.68,0.5026,3.556e-22
-1.58,0.68,0.5023,7.391e-22
-1.56,0.68,0.5021,1.536e-21
-1.54,0.68,0.5018,3.193e-21
-1.52,0.68,0.5016,6.635e-21
-1.5,0.68,0.5013,1.379e-20
-1.48,0.68,0.5011,2.866e-20
-1.46,0.68,0.5008,5.957e-20
-1.44,0.68,0.5006,1.238e-19
-1.42,0.68,0.5003,2.573e-19
-1.4,0.68,0.5001,5.349e-19
-1.38,0.68,0.4998,1.112e-18
-1.36,0.68,0.4996,2.311e-18
-1.34,0.68,0.4993,4.802e-18
-1.32,0.68,0.4991,9.981e-18
-1.3,0.68,0.4989,2.074e-17
-1.28,0.68,0.4986,4.311e-17
-1.26,0.68,0.4984,8.961e-17
-1.24,0.68,0.4981,1.862e-16
-1.22,0.68,0.4979,3.871e-16
-1.2,0.68,0.4976,8.045e-16
-1.18,0.68,0.4974,1.672e-15
-1.16,0.68,0.4971,3.475e-15
-1.14,0.68,0.4969,7.223e-15
-1.12,0.68,0.4966,1.501e-14
-1.1,0.68,0.4964,3.1e-14
-1.08,0.68,0.4961,6.361e-14
-1.06,0.68,0.4959,1.305e-13
-1.04,0.68,0.4956,2.748e-13
-1.02,0.68,0.4954,5.853e-13
-1,0.68,0.4951,1.246e-12
-0.98,0.68,0.4949,2.655e-12
-0.96,0.68,0.4946,5.851e-12
-0.94,0.68,0.4944,1.312e-11
-0.92,0.68,0.4941,2.94e-11
-0.9,0.68,0.4939,6.59e-11
-0.88,0.68,0.4936,1.498e-10
-0.86,0.68,0.4934,3.597e-10
-0.84,0.68,0.4932,8.759e-10
-0.82,0.68,0.4929,2.133e-09
-0.8,0.68,0.4927,5.33e-09
-0.78,0.68,0.4924,1.423e-08
-0.76,0.68,0.4922,3.801e-08
-0.74,0.68,0.4919,1.046e-07
-0.72,0.68,0.4917,2.931e-07
-0.7,0.68,0.4914,8.595e-07
-0.68,0.68,0.4912,2.625e-06
-0.66,0.68,0.4909,7.434e-06
-0.64,0.68,0.4907,1.567e-05
-0.62,0.68,0.4904,2.827e-05
-0.6,0.68,0.4902,5.19e-05
-0.58,0.68,0.4899,9.529e-05
-0.56,0.68,0.4897,0.0001749
-0.54,0.68,0.4894,0.0003212
-0.52,0.68,0.4892,0.0005895
-0.5,0.68,0.4889,0.001082
-0.48,0.68,0.4887,0.001984
-0.46,0.68,0.4884,0.003637
-0.44,0.68,0.4882,0.006658
-0.42,0.68,0.488,0.01216
-0.4,0.68,0.4877,0.0221
-0.38,0.68,0.4875,0.03983
-0.36,0.68,0.4872,0.07078
-0.34,0.68,0.487,0.1215
-0.32,0.68,0.4867,0.1776
-0.3,0.68,0.4865,0.2478
-0.28,0.68,0.4862,0.3344
-0.26,0.68,0.486,0.4339
-0.24,0.68,0.4857,0.539
-0.22,0.68,0.4855,0.6407
-0.2,0.68,0.4852,0.7312
-0.18,0.68,0.485,0.8058
-0.16,0.68,0.4847,0.8635
-0.14,0.68,0.4845,0.9061
-0.12,0.68,0.4842,0.9364
-0.1,0.68,0.484,0.9574
-0.08,0.68,0.4837,0.9716
-0.06,0.68,0.4835,0.9812
-0.04,0.68,0.4832,0.9865
-0.02,0.68,0.483,0.9889
0,0.68,0.4828,0.99
0.02,0.68,0.4825,0.991
0.04,0.68,0.4823,0.9915
0.06,0.68,0.482,0.9886
0.08,0.68,0.4818,0.9846
0.1,0.68,0.4815,0.9791
0.12,0.68,0.4813,0.9718
0.14,0.68,0.481,0.962
0.16,0.68,0.4808,0.949
0.18,0.68,0.4805,0.9297
0.2,0.68,0.4803,0.8995
0.22,0.68,0.48,0.8503
0.24,0.68,0.4798,0.7717
0.26,0.68,0.4795,0.6585
0.28,0.68,0.4793,0.5226
0.3,0.68,0.479,0.3719
0.32,0.68,0.4788,0.2425
0.34,0.68,0.4785,0.1475
0.36,0.68,0.4783,0.08558
0.38,0.68,0.478,0.03468
0.4,0.68,0.4778,0.0107
0.42,0.68,0.4776,0.003244
0.44,0.68,0.4773,0.0009785
0.46,0.68,0.4771,0.0002947
0.48,0.68,0.4768,8.871e-05
0.5,0.68,0.4766,2.67e-05
0.52,0.68,0.4763,8.036e-06
0.54,0.68,0.4761,2.418e-06
0.56,0.68,0.4758,7.279e-07
0.58,0.68,0.4756,2.205e-07
0.6,0.68,0.4753,7.249e-08
0.62,0.68,0.4751,2.529e-08
0.64,0.68,0.4748,8.847e-09
0.66,0.68,0.4746,3.164e-09
0.68,0.68,0.4743,1.184e-09
0.7,0.68,0.4741,4.487e-10
0.72,0.68,0.4738,1.71e-10
0.74,0.68,0.4736,6.756e-11
0.76,0.68,0.4734,2.791e-11
0.78,0.68,0.4731,1.156e-11
0.8,0.68,0.4729,5.122e-12
0.82,0.68,0.4726,2.414e-12
0.84,0.68,0.4724,1.138e-12
0.86,0.68,0.4721,5.324e-13
0.88,0.68,0.4719,2.477e-13
0.9,0.68,0.4716,1.153e-13
0.92,0.68,0.4714,5.363e-14
0.94,0.68,0.4711,2.495e-14
0.96,0.68,0.4709,1.059e-14
0.98,0.68,0.4706,4.42e-15
1,0.68,0.4704,1.845e-15
1.02,0.68,0.4701,7.751e-16
1.04,0.68,0.4699,3.353e-16
1.06,0.68,0.4696,1.45e-16
1.08,0.68,0.4694,6.274e-17
1.1,0.68,0.4692,2.714e-17
1.12,0.68,0.4689,1.174e-17
1.14,0.68,0.4687,5.079e-18
1.16,0.68,0.4684,2.197e-18
1.18,0.68,0.4682,9.503e-19
1.2,0.68,0.4679,4.111e-19
1.22,0.68,0.4677,1.778e-19
1.24,0.68,0.4674,7.693e-20
1.26,0.68,0.4672,3.328e-20
1.28,0.68,0.4669,1.439e-20
1.3,0.68,0.4667,6.227e-21
1.32,0.68,0.4664,2.694e-21
1.34,0.68,0.4662,1.165e-21
1.36,0.68,0.4659,5.04e-22
1.38,0.68,0.4657,2.18e-22
1.4,0.68,0.4654,9.313e-23
1.42,0.68,0.4652,3.887e-23
1.44,0.68,0.465,1.528e-23
1.46,0.68,0.4647,6.007e-24
1.48,0.68,0.4645,2.362e-24
1.5,0.68,0.4642,9.285e-25
1.52,0.68,0.464,3.651e-25
1.54,0.68,0.4637,1.435e-25
1.56,0.68,0.4635,5.643e-26
1.58,0.68,0.4632,2.218e-26
1.6,0.68,0.463,8.722e-27
-1.6,0.7,0.5025,2.196e-22
-1.58,0.7,0.5023,4.565e-22
-1.56,0.7,0.502,9.487e-22
-1.54,0.7,0.5018,1.972e-21
-1.52,0.7,0.5015,4.098e-21
-1.5,0.7,0.5013,8.518e-21
-1.48,0.7,0.501,1.77e-20
-1.46,0.7,0.5008,3.68e-20
-1.44,0.7,0.5005,7.647e-20
-1.42,0.7,0.5003,1.589e-19
-1.4,0.7,0.5,3.304e-19
-1.38,0.7,0.4998,6.866e-19
-1.36,0.7,0.4995,1.427e-18
-1.34,0.7,0.4993,2.966e-18
-1.32,0.7,0.499,6.165e-18
-1.3,0.7,0.4988,1.281e-17
-1.28,0.7,0.4985,2.663e-17
-1.26,0.7,0.4983,5.535e-17
-1.24,0.7,0.4981,1.15e-16
-1.22,0.7,0.4978,2.391e-16
-1.2,0.7,0.4976,4.969e-16
-1.18,0.7,0.4973,1.033e-15
-1.16,0.7,0.4971,2.147e-15
-1.14,0.7,0.4968,4.461e-15
-1.12,0.7,0.4966,9.238e-15
-1.1,0.7,0.4963,1.895e-14
-1.08,0.7,0.4961,3.889e-14
-1.06,0.7,0.4958,7.979e-14
-1.04,0.7,0.4956,1.674e-13
-1.02,0.7,0.4953,3.565e-13
-1,0.7,0.4951,7.592e-13
-0.98,0.7,0.4948,1.617e-12
-0.96,0.7,0.4946,3.513e-12
-0.94,0.7,0.4943,7.874e-12
-0.92,0.7,0.4941,1.765e-11
-0.9,0.7,0.4938,3.957e-11
-0.88,0.7,0.4936,8.869e-11
-0.86,0.7,0.4933,2.061e-10
-0.84,0.7,0.4931,5.012e-10
-0.82,0.7,0.4928,1.221e-09
-0.8,0.7,0.4926,3.001e-09
-0.78,0.7,0.4924,7.904e-09
-0.76,0.7,0.4921,2.024e-08
-0.74,0.7,0.4919,5.147e-08
-0.72,0.7,0.4916,1.378e-07
-0.7,0.7,0.4914,3.957e-07
-0.68,0.7,0.4911,1.177e-06
-0.66,0.7,0.4909,2.926e-06
-0.64,0.7,0.4906,5.266e-06
-0.62,0.7,0.4904,9.379e-06
-0.6,0.7,0.4901,1.67e-05
-0.58,0.7,0.4899,3.031e-05
-0.56,0.7,0.4896,5.565e-05
-0.54,0.7,0.4894,0.0001022
-0.52,0.7,0.4891,0.0001876
-0.5,0.7,0.4889,0.0003444
-0.48,0.7,0.4886,0.0006321
-0.46,0.7,0.4884,0.00116
-0.44,0.7,0.4881,0.002128
-0.42,0.7,0.4879,0.003899
-0.4,0.7,0.4876,0.007136
-0.38,0.7,0.4874,0.01302
-0.36,0.7,0.4871,0.02324
-0.34,0.7,0.4869,0.03598
-0.32,0.7,0.4867,0.05386
-0.3,0.7,0.4864,0.07989
-0.28,0.7,0.4862,0.117
-0.26,0.7,0.4859,0.1681
-0.24,0.7,0.4857,0.2356
-0.22,0.7,0.4854,0.3197
-0.2,0.7,0.4852,0.4176
-0.18,0.7,0.4849,0.5223
-0.16,0.7,0.4847,0.6252
-0.14,0.7,0.4844,0.7178
-0.12,0.7,0.4842,0.7951
-0.1,0.7,0.4839,0.8555
-0.08,0.7,0.4837,0.9003
-0.06,0.7,0.4834,0.9323
-0.04,0.7,0.4832,0.9528
-0.02,0.7,0.4829,0.9581
0,0.7,0.4827,0.9621
0.02,0.7,0.4824,0.9658
0.04,0.7,0.4822,0.9678
0.06,0.7,0.4819,0.9567
0.08,0.7,0.4817,0.942
0.1,0.7,0.4815,0.9227
0.12,0.7,0.4812,0.8977
0.14,0.7,0.481,0.8658
0.16,0.7,0.4807,0.8258
0.18,0.7,0.4805,0.777
0.2,0.7,0.4802,0.7119
0.22,0.7,0.48,0.6258
0.24,0.7,0.4797,0.516
0.26,0.7,0.4795,0.3894
0.28,0.7,0.4792,0.2668
0.3,0.7,0.479,0.1719
0.32,0.7,0.4787,0.103
0.34,0.7,0.4785,0.05845
0.36,0.7,0.4782,0.03248
0.38,0.7,0.478,0.01375
0.4,0.7,0.4777,0.004178
0.42,0.7,0.4775,0.001261
0.44,0.7,0.4772,0.0003799
0.46,0.7,0.477,0.0001144
0.48,0.7,0.4768,3.442e-05
0.5,0.7,0.4765,1.036e-05
0.52,0.7,0.4763,3.118e-06
0.54,0.7,0.476,9.383e-07
0.56,0.7,0.4758,2.83e-07
0.58,0.7,0.4755,9.198e-08
0.6,0.7,0.4753,3.192e-08
0.62,0.7,0.475,1.116e-08
0.64,0.7,0.4748,3.937e-09
0.66,0.7,0.4745,1.455e-09
0.68,0.7,0.4743,5.514e-10
0.7,0.7,0.474,2.09e-10
0.72,0.7,0.4738,8.173e-11
0.74,0.7,0.4735,3.308e-11
0.76,0.7,0.4733,1.37e-11
0.78,0.7,0.473,5.765e-12
0.8,0.7,0.4728,2.717e-12
0.82,0.7,0.4726,1.281e-12
0.84,0.7,0.4723,6.036e-13
0.86,0.7,0.4721,2.834e-13
0.88,0.7,0.4718,1.319e-13
0.9,0.7,0.4716,6.136e-14
0.92,0.7,0.4713,2.855e-14
0.94,0.7,0.4711,1.328e-14
0.96,0.7,0.4708,6.18e-15
0.98,0.7,0.4706,2.615e-15
1,0.7,0.4703,1.091e-15
1.02,0.7,0.4701,4.615e-16
1.04,0.7,0.4698,1.996e-16
1.06,0.7,0.4696,8.636e-17
1.08,0.7,0.4693,3.736e-17
1.1,0.7,0.4691,1.616e-17
1.12,0.7,0.4688,6.991e-18
1.14,0.7,0.4686,3.024e-18
1.16,0.7,0.4684,1.308e-18
1.18,0.7,0.4681,5.659e-19
1.2,0.7,0.4679,2.448e-19
1.22,0.7,0.4676,1.059e-19
1.24,0.7,0.4674,4.58e-20
1.26,0.7,0.4671,1.981e-20
1.28,0.7,0.4669,8.571e-21
1.3,0.7,0.4666,3.708e-21
1.32,0.7,0.4664,1.604e-21
1.34,0.7,0.4661,6.938e-22
1.36,0.7,0.4659,3.001e-22
1.38,0.7,0.4656,1.298e-22
1.4,0.7,0.4654,5.616e-23
1.42,0.7,0.4651,2.429e-23
1.44,0.7,0.4649,1.048e-23
1.46,0.7,0.4647,4.226e-24
1.48,0.7,0.4644,1.661e-24
1.5,0.7,0.4642,6.531e-25
1.52,0.7,0.4639,2.568e-25
1.54,0.7,0.4637,1.01e-25
1.56,0.7,0.4634,3.969e-26
1.58,0.7,0.4632,1.56e-26
1.6,0.7,0.4629,6.135e-27
-1.6,0.72,0.5025,1.356e-22
-1.58,0.72,0.5022,2.819e-22
-1.56,0.72,0.502,5.86e-22
-1.54,0.72,0.5017,1.218e-21
-1.52,0.72,0.5015,2.531e-21
-1.5,0.72,0.5012,5.261e-21
-1.48,0.72,0.501,1.093e-20
-1.46,0.72,0.5007,2.273e-20
-1.44,0.72,0.5005,4.723e-20
-1.42,0.72,0.5002,9.817e-20
-1.4,0.72,0.5,2.04e-19
-1.38,0.72,0.4997,4.241e-19
-1.36,0.72,0.4995,8.814e-19
-1.34,0.72,0.4992,1.832e-18
-1.32,0.72,0.499,3.807e-18
-1.3,0.72,0.4987,7.913e-18
-1.28,0.72,0.4985,1.645e-17
-1.26,0.72,0.4982,3.418e-17
-1.24,0.72,0.498,7.105e-17
-1.22,0.72,0.4977,1.477e-16
-1.2,0.72,0.4975,3.069e-16
-1.18,0.72,0.4972,6.379e-16
-1.16,0.72,0.497,1.326e-15
-1.14,0.72,0.4968,2.753e-15
-1.12,0.72,0.4965,5.648e-15
-1.1,0.72,0.4963,1.159e-14
-1.08,0.72,0.496,2.377e-14
-1.06,0.72,0.4958,4.878e-14
-1.04,0.72,0.4955,1.019e-13
-1.02,0.72,0.4953,2.171e-13
-1,0.72,0.495,4.624e-13
-0.98,0.72,0.4948,9.848e-13
-0.96,0.72,0.4945,2.109e-12
-0.94,0.72,0.4943,4.728e-12
-0.92,0.72,0.494,1.06e-11
-0.9,0.72,0.4938,2.375e-11
-0.88,0.72,0.4935,5.325e-11
-0.86,0.72,0.4933,1.211e-10
-0.84,0.72,0.493,2.868e-10
-0.82,0.72,0.4928,6.985e-10
-0.8,0.72,0.4925,1.662e-09
-0.78,0.72,0.4923,4.053e-09
-0.76,0.72,0.492,1.026e-08
-0.74,0.72,0.4918,2.595e-08
-0.72,0.72,0.4916,6.688e-08
-0.7,0.72,0.4913,1.845e-07
-0.68,0.72,0.4911,4.804e-07
-0.66,0.72,0.4908,9.937e-07
-0.64,0.72,0.4906,1.77e-06
-0.62,0.72,0.4903,3.152e-06
-0.6,0.72,0.4901,5.614e-06
-0.58,0.72,0.4898,9.999e-06
-0.56,0.72,0.4896,1.781e-05
-0.54,0.72,0.4893,3.25e-05
-0.52,0.72,0.4891,5.968e-05
-0.5,0.72,0.4888,0.0001096
-0.48,0.72,0.4886,0.0002012
-0.46,0.72,0.4883,0.0003693
-0.44,0.72,0.4881,0.0006778
-0.42,0.72,0.4878,0.001244
-0.4,0.72,0.4876,0.002281
-0.38,0.72,0.4873,0.004077
-0.36,0.72,0.4871,0.006408
-0.34,0.72,0.4868,0.009741
-0.32,0.72,0.4866,0.01478
-0.3,0.72,0.4863,0.02237
-0.28,0.72,0.4861,0.03373
-0.26,0.72,0.4859,0.05055
-0.24,0.72,0.4856,0.07512
-0.22,0.72,0.4854,0.1102
-0.2,0.72,0.4851,0.1589
-0.18,0.72,0.4849,0.2237
-0.16,0.72,0.4846,0.3054
-0.14,0.72,0.4844,0.4014
-0.12,0.72,0.4841,0.5056
-0.1,0.72,0.4839,0.6094
-0.08,0.72,0.4836,0.7041
-0.06,0.72,0.4834,0.784
-0.04,0.72,0.4831,0.8391
-0.02,0.72,0.4829,0.8542
0,0.72,0.4826,0.867
0.02,0.72,0.4824,0.8788
0.04,0.72,0.4821,0.8798
0.06,0.72,0.4819,0.8493
0.08,0.72,0.4816,0.8055
0.1,0.72,0.4814,0.7527
0.12,0.72,0.4811,0.6911
0.14,0.72,0.4809,0.6219
0.16,0.72,0.4807,0.5473
0.18,0.72,0.4804,0.4705
0.2,0.72,0.4802,0.395
0.22,0.72,0.4799,0.3158
0.24,0.72,0.4797,0.238
0.26,0.72,0.4794,0.1667
0.28,0.72,0.4792,0.1074
0.3,0.72,0.4789,0.06423
0.32,0.72,0.4787,0.03768
0.34,0.72,0.4784,0.02178
0.36,0.72,0.4782,0.0119
0.38,0.72,0.4779,0.005379
0.4,0.72,0.4777,0.001625
0.42,0.72,0.4774,0.0004896
0.44,0.72,0.4772,0.0001474
0.46,0.72,0.4769,4.437e-05
0.48,0.72,0.4767,1.335e-05
0.5,0.72,0.4764,4.019e-06
0.52,0.72,0.4762,1.21e-06
0.54,0.72,0.476,3.641e-07
0.56,0.72,0.4757,1.167e-07
0.58,0.72,0.4755,4.028e-08
0.6,0.72,0.4752,1.409e-08
0.62,0.72,0.475,4.927e-09
0.64,0.72,0.4747,1.788e-09
0.66,0.72,0.4745,6.777e-10
0.68,0.72,0.4742,2.568e-10
0.7,0.72,0.474,9.887e-11
0.72,0.72,0.4737,3.921e-11
0.74,0.72,0.4735,1.624e-11
0.76,0.72,0.4732,6.75e-12
0.78,0.72,0.473,3.058e-12
0.8,0.72,0.4727,1.441e-12
0.82,0.72,0.4725,6.794e-13
0.84,0.72,0.4722,3.202e-13
0.86,0.72,0.472,1.509e-13
0.88,0.72,0.4718,7.02e-14
0.9,0.72,0.4715,3.266e-14
0.92,0.72,0.4713,1.52e-14
0.94,0.72,0.471,7.071e-15
0.96,0.72,0.4708,3.29e-15
0.98,0.72,0.4705,1.531e-15
1,0.72,0.4703,6.454e-16
1.02,0.72,0.47,2.748e-16
1.04,0.72,0.4698,1.189e-16
1.06,0.72,0.4695,5.142e-17
1.08,0.72,0.4693,2.225e-17
1.1,0.72,0.469,9.623e-18
1.12,0.72,0.4688,4.163e-18
1.14,0.72,0.4685,1.801e-18
1.16,0.72,0.4683,7.789e-19
1.18,0.72,0.468,3.369e-19
1.2,0.72,0.4678,1.458e-19
1.22,0.72,0.4676,6.305e-20
1.24,0.72,0.4673,2.727e-20
1.26,0.72,0.4671,1.18e-20
1.28,0.72,0.4668,5.104e-21
1.3,0.72,0.4666,2.208e-21
1.32,0.72,0.4663,9.55e-22
1.34,0.72,0.4661,4.131e-22
1.36,0.72,0.4658,1.787e-22
1.38,0.72,0.4656,7.73e-23
1.4,0.72,0.4653,3.344e-23
1.42,0.72,0.4651,1.447e-23
1.44,0.72,0.4648,6.257e-24
1.46,0.72,0.4646,2.707e-24
1.48,0.72,0.4643,1.16e-24
1.5,0.72,0.4641,4.594e-25
1.52,0.72,0.4639,1.806e-25
1.54,0.72,0.4636,7.101e-26
1.56,0.72,0.4634,2.792e-26
1.58,0.72,0.4631,1.098e-26
1.6,0.72,0.4629,4.315e-27
-1.6,0.74,0.5024,8.378e-23
-1.58,0.74,0.5021,1.741e-22
-1.56,0.74,0.5019,3.619e-22
-1.54,0.74,0.5017,7.522e-22
-1.52,0.74,0.5014,1.563e-21
-1.5,0.74,0.5012,3.249e-21
-1.48,0.74,0.5009,6.753e-21
-1.46,0.74,0.5007,1.404e-20
-1.44,0.74,0.5004,2.917e-20
-1.42,0.74,0.5002,6.063e-20
-1.4,0.74,0.4999,1.26e-19
-1.38,0.74,0.4997,2.619e-19
-1.36,0.74,0.4994,5.444e-19
-1.34,0.74,0.4992,1.131e-18
-1.32,0.74,0.4989,2.352e-18
-1.3,0.74,0.4987,4.887e-18
-1.28,0.74,0.4984,1.016e-17
-1.26,0.74,0.4982,2.111e-17
-1.24,0.74,0.4979,4.388e-17
-1.22,0.74,0.4977,9.12e-17
-1.2,0.74,0.4974,1.896e-16
-1.18,0.74,0.4972,3.94e-16
-1.16,0.74,0.4969,8.188e-16
-1.14,0.74,0.4967,1.683e-15
-1.12,0.74,0.4964,3.453e-15
-1.1,0.74,0.4962,7.084e-15
-1.08,0.74,0.496,1.453e-14
-1.06,0.74,0.4957,2.982e-14
-1.04,0.74,0.4955,6.209e-14
-1.02,0.74,0.4952,1.322e-13
-1,0.74,0.495,2.816e-13
-0.98,0.74,0.4947,5.998e-13
-0.96,0.74,0.4945,1.277e-12
-0.94,0.74,0.4942,2.838e-12
-0.92,0.74,0.494,6.363e-12
-0.9,0.74,0.4937,1.426e-11
-0.88,0.74,0.4935,3.197e-11
-0.86,0.74,0.4932,7.166e-11
-0.84,0.74,0.493,1.654e-10
-0.82,0.74,0.4927,3.778e-10
-0.8,0.74,0.4925,8.764e-10
-0.78,0.74,0.4922,2.054e-09
-0.76,0.74,0.492,5.196e-09
-0.74,0.74,0.4917,1.315e-08
-0.72,0.74,0.4915,3.327e-08
-0.7,0.74,0.4912,8.802e-08
-0.68,0.74,0.491,1.978e-07
-0.66,0.74,0.4907,3.426e-07
-0.64,0.74,0.4905,5.958e-07
-0.62,0.74,0.4903,1.059e-06
-0.6,0.74,0.49,1.887e-06
-0.58,0.74,0.4898,3.361e-06
-0.56,0.74,0.4895,5.985e-06
-0.54,0.74,0.4893,1.066e-05
-0.52,0.74,0.489,1.899e-05
-0.5,0.74,0.4888,3.486e-05
-0.48,0.74,0.4885,6.399e-05
-0.46,0.74,0.4883,0.0001175
-0.44,0.74,0.488,0.0002157
-0.42,0.74,0.4878,0.000396
-0.4,0.74,0.4875,0.0007038
-0.38,0.74,0.4873,0.001113
-0.36,0.74,0.487,0.001697
-0.34,0.74,0.4868,0.002586
-0.32,0.74,0.4865,0.003939
-0.3,0.74,0.4863,0.005996
-0.28,0.74,0.486,0.009117
-0.26,0.74,0.4858,0.01384
-0.24,0.74,0.4855,0.02096
-0.22,0.74,0.4853,0.03162
-0.2,0.74,0.4851,0.04744
-0.18,0.74,0.4848,0.0706
-0.16,0.74,0.4846,0.1038
-0.14,0.74,0.4843,0.1502
-0.12,0.74,0.4841,0.2123
-0.1,0.74,0.4838,0.2914
-0.08,0.74,0.4836,0.3854
-0.06,0.74,0.4833,0.4882
-0.04,0.74,0.4831,0.5599
-0.02,0.74,0.4828,0.6004
0,0.74,0.4826,0.6256
0.02,0.74,0.4823,0.6502
0.04,0.74,0.4821,0.6404
0.06,0.74,0.4818,0.5896
0.08,0.74,0.4816,0.5136
0.1,0.74,0.4813,0.437
0.12,0.74,0.4811,0.3632
0.14,0.74,0.4808,0.2954
0.16,0.74,0.4806,0.2356
0.18,0.74,0.4803,0.1847
0.2,0.74,0.4801,0.1427
0.22,0.74,0.4799,0.109
0.24,0.74,0.4796,0.07935
0.26,0.74,0.4794,0.05513
0.28,0.74,0.4791,0.03619
0.3,0.74,0.4789,0.0222
0.32,0.74,0.4786,0.01278
0.34,0.74,0.4784,0.007333
0.36,0.74,0.4781,0.004197
0.38,0.74,0.4779,0.002094
0.4,0.74,0.4776,0.0006311
0.42,0.74,0.4774,0.00019
0.44,0.74,0.4771,5.72e-05
0.46,0.74,0.4769,1.722e-05
0.48,0.74,0.4766,5.182e-06
0.5,0.74,0.4764,1.559e-06
0.52,0.74,0.4761,4.693e-07
0.54,0.74,0.4759,1.481e-07
0.56,0.74,0.4756,5.083e-08
0.58,0.74,0.4754,1.778e-08
0.6,0.74,0.4752,6.218e-09
0.62,0.74,0.4749,2.217e-09
0.64,0.74,0.4747,8.329e-10
0.66,0.74,0.4744,3.157e-10
0.68,0.74,0.4742,1.196e-10
0.7,0.74,0.4739,4.726e-11
0.72,0.74,0.4737,1.925e-11
0.74,0.74,0.4734,7.971e-12
0.76,0.74,0.4732,3.442e-12
0.78,0.74,0.4729,1.622e-12
0.8,0.74,0.4727,7.647e-13
0.82,0.74,0.4724,3.604e-13
0.84,0.74,0.4722,1.699e-13
0.86,0.74,0.4719,8.007e-14
0.88,0.74,0.4717,3.737e-14
0.9,0.74,0.4714,1.739e-14
0.92,0.74,0.4712,8.09e-15
0.94,0.74,0.471,3.764e-15
0.96,0.74,0.4707,1.751e-15
0.98,0.74,0.4705,8.148e-16
1,0.74,0.4702,3.791e-16
1.02,0.74,0.47,1.636e-16
1.04,0.74,0.4697,7.079e-17
1.06,0.74,0.4695,3.062e-17
1.08,0.74,0.4692,1.325e-17
1.1,0.74,0.469,5.73e-18
1.12,0.74,0.4687,2.479e-18
1.14,0.74,0.4685,1.072e-18
1.16,0.74,0.4682,4.638e-19
1.18,0.74,0.468,2.006e-19
1.2,0.74,0.4677,8.679e-20
1.22,0.74,0.4675,3.754e-20
1.24,0.74,0.4672,1.624e-20
1.26,0.74,0.467,7.025e-21
1.28,0.74,0.4668,3.039e-21
1.3,0.74,0.4665,1.315e-21
1.32,0.74,0.4663,5.686e-22
1.34,0.74,0.466,2.46e-22
1.36,0.74,0.4658,1.064e-22
1.38,0.74,0.4655,4.603e-23
1.4,0.74,0.4653,1.991e-23
1.42,0.74,0.465,8.613e-24
1.44,0.74,0.4648,3.726e-24
1.46,0.74,0.4645,1.612e-24
1.48,0.74,0.4643,6.972e-25
1.5,0.74,0.464,3.016e-25
1.52,0.74,0.4638,1.249e-25
1.54,0.74,0.4635,4.995e-26
1.56,0.74,0.4633,1.964e-26
1.58,0.74,0.4631,7.721e-27
1.6,0.74,0.4628,3.035e-27
-1.6,0.76,0.5023,5.175e-23
-1.58,0.76,0.5021,1.075e-22
-1.56,0.76,0.5018,2.235e-22
-1.54,0.76,0.5016,4.646e-22
-1.52,0.76,0.5013,9.656e-22
-1.5,0.76,0.5011,2.007e-21
-1.48,0.76,0.5009,4.171e-21
-1.46,0.76,0.5006,8.669e-21
-1.44,0.76,0.5004,1.802e-20
-1.42,0.76,0.5001,3.745e-20
-1.4,0.76,0.4999,7.783e-20
-1.38,0.76,0.4996,1.618e-19
-1.36,0.76,0.4994,3.362e-19
-1.34,0.76,0.4991,6.988e-19
-1.32,0.76,0.4989,1.452e-18
-1.3,0.76,0.4986,3.019e-18
-1.28,0.76,0.4984,6.274e-18
-1.26,0.76,0.4981,1.304e-17
-1.24,0.76,0.4979,2.71e-17
-1.22,0.76,0.4976,5.633e-17
-1.2,0.76,0.4974,1.171e-16
-1.18,0.76,0.4971,2.433e-16
-1.16,0.76,0.4969,5.014e-16
-1.14,0.76,0.4966,1.029e-15
-1.12,0.76,0.4964,2.111e-15
-1.1,0.76,0.4961,4.331e-15
-1.08,0.76,0.4959,8.886e-15
-1.06,0.76,0.4956,1.823e-14
-1.04,0.76,0.4954,3.782e-14
-1.02,0.76,0.4952,8.054e-14
-1,0.76,0.4949,1.715e-13
-0.98,0.76,0.4947,3.653e-13
-0.96,0.76,0.4944,7.781e-13
-0.94,0.76,0.4942,1.704e-12
-0.92,0.76,0.4939,3.82e-12
-0.9,0.76,0.4937,8.563e-12
-0.88,0.76,0.4934,1.919e-11
-0.86,0.76,0.4932,4.151e-11
-0.84,0.76,0.4929,9.015e-11
-0.82,0.76,0.4927,2.019e-10
-0.8,0.76,0.4924,4.62e-10
-0.78,0.76,0.4922,1.072e-09
-0.76,0.76,0.4919,2.633e-09
-0.74,0.76,0.4917,6.661e-09
-0.72,0.76,0.4914,1.685e-08
-0.7,0.76,0.4912,3.794e-08
-0.68,0.76,0.4909,7.371e-08
-0.66,0.76,0.4907,1.244e-07
-0.64,0.76,0.4904,2.098e-07
-0.62,0.76,0.4902,3.623e-07
-0.6,0.76,0.4899,6.342e-07
-0.58,0.76,0.4897,1.129e-06
-0.56,0.76,0.4895,2.012e-06
-0.54,0.76,0.4892,3.583e-06
-0.52,0.76,0.489,6.381e-06
-0.5,0.76,0.4887,1.137e-05
-0.48,0.76,0.4885,2.036e-05
-0.46,0.76,0.4882,3.738e-05
-0.44,0.76,0.488,6.862e-05
-0.42,0.76,0.4877,0.0001212
-0.4,0.76,0.4875,0.0001925
-0.38,0.76,0.4872,0.0002936
-0.36,0.76,0.487,0.0004478
-0.34,0.76,0.4867,0.0006829
-0.32,0.76,0.4865,0.001041
-0.3,0.76,0.4862,0.001587
-0.28,0.76,0.486,0.002419
-0.26,0.76,0.4857,0.003685
-0.24,0.76,0.4855,0.00561
-0.22,0.76,0.4852,0.008532
-0.2,0.76,0.485,0.01296
-0.18,0.76,0.4847,0.01963
-0.16,0.76,0.4845,0.02963
-0.14,0.76,0.4843,0.04451
-0.12,0.76,0.484,0.06634
-0.1,0.76,0.4838,0.09778
-0.08,0.76,0.4835,0.1419
-0.06,0.76,0.4833,0.1888
-0.04,0.76,0.483,0.2369
-0.02,0.76,0.4828,0.2781
0,0.76,0.4825,0.2999
0.02,0.76,0.4823,0.3227
0.04,0.76,0.482,0.3023
0.06,0.76,0.4818,0.267
0.08,0.76,0.4815,0.2121
0.1,0.76,0.4813,0.1652
0.12,0.76,0.481,0.127
0.14,0.76,0.4808,0.09657
0.16,0.76,0.4805,0.07284
0.18,0.76,0.4803,0.05459
0.2,0.76,0.48,0.04071
0.22,0.76,0.4798,0.03025
0.24,0.76,0.4795,0.02241
0.26,0.76,0.4793,0.01584
0.28,0.76,0.4791,0.01078
0.3,0.76,0.4788,0.006998
0.32,0.76,0.4786,0.004264
0.34,0.76,0.4783,0.002437
0.36,0.76,0.4781,0.001392
0.38,0.76,0.4778,0.0007569
0.4,0.76,0.4776,0.000245
0.42,0.76,0.4773,7.374e-05
0.44,0.76,0.4771,2.219e-05
0.46,0.76,0.4768,6.68e-06
0.48,0.76,0.4766,2.01e-06
0.5,0.76,0.4763,6.051e-07
0.52,0.76,0.4761,1.88e-07
0.54,0.76,0.4758,6.414e-08
0.56,0.76,0.4756,2.243e-08
0.58,0.76,0.4753,7.847e-09
0.6,0.76,0.4751,2.759e-09
0.62,0.76,0.4748,1.024e-09
0.64,0.76,0.4746,3.88e-10
0.66,0.76,0.4744,1.47e-10
0.68,0.76,0.4741,5.717e-11
0.7,0.76,0.4739,2.282e-11
0.72,0.76,0.4736,9.448e-12
0.74,0.76,0.4734,4.028e-12
0.76,0.76,0.4731,1.826e-12
0.78,0.76,0.4729,8.607e-13
0.8,0.76,0.4726,4.057e-13
0.82,0.76,0.4724,1.912e-13
0.84,0.76,0.4721,9.012e-14
0.86,0.76,0.4719,4.248e-14
0.88,0.76,0.4716,1.989e-14
0.9,0.76,0.4714,9.255e-15
0.92,0.76,0.4711,4.306e-15
0.94,0.76,0.4709,2.004e-15
0.96,0.76,0.4706,9.322e-16
0.98,0.76,0.4704,4.337e-16
1,0.76,0.4702,2.023e-16
1.02,0.76,0.4699,9.71e-17
1.04,0.76,0.4697,4.215e-17
1.06,0.76,0.4694,1.823e-17
1.08,0.76,0.4692,7.887e-18
1.1,0.76,0.4689,3.412e-18
1.12,0.76,0.4687,1.476e-18
1.14,0.76,0.4684,6.384e-19
1.16,0.76,0.4682,2.762e-19
1.18,0.76,0.4679,1.195e-19
1.2,0.76,0.4677,5.168e-20
1.22,0.76,0.4674,2.235e-20
1.24,0.76,0.4672,9.67e-21
1.26,0.76,0.4669,4.183e-21
1.28,0.76,0.4667,1.809e-21
1.3,0.76,0.4665,7.827e-22
1.32,0.76,0.4662,3.386e-22
1.34,0.76,0.466,1.465e-22
1.36,0.76,0.4657,6.336e-23
1.38,0.76,0.4655,2.741e-23
1.4,0.76,0.4652,1.186e-23
1.42,0.76,0.465,5.129e-24
1.44,0.76,0.4647,2.219e-24
1.46,0.76,0.4645,9.597e-25
1.48,0.76,0.4642,4.151e-25
1.5,0.76,0.464,1.796e-25
1.52,0.76,0.4637,7.768e-26
1.54,0.76,0.4635,3.352e-26
1.56,0.76,0.4632,1.344e-26
1.58,0.76,0.463,5.391e-27
1.6,0.76,0.4628,2.135e-27
-1.6,0.78,0.5023,3.196e-23
-1.58,0.78,0.502,6.642e-23
-1.56,0.78,0.5018,1.381e-22
-1.54,0.78,0.5015,2.869e-22
-1.52,0.78,0.5013,5.964e-22
-1.5,0.78,0.501,1.24e-21
-1.48,0.78,0.5008,2.576e-21
-1.46,0.78,0.5005,5.354e-21
-1.44,0.78,0.5003,1.113e-20
-1.42,0.78,0.5,2.313e-20
-1.4,0.78,0.4998,4.807e-20
-1.38,0.78,0.4996,9.991e-20
-1.36,0.78,0.4993,2.077e-19
-1.34,0.78,0.4991,4.316e-19
-1.32,0.78,0.4988,8.97e-19
-1.3,0.78,0.4986,1.864e-18
-1.28,0.78,0.4983,3.875e-18
-1.26,0.78,0.4981,8.054e-18
-1.24,0.78,0.4978,1.674e-17
-1.22,0.78,0.4976,3.479e-17
-1.2,0.78,0.4973,7.231e-17
-1.18,0.78,0.4971,1.494e-16
-1.16,0.78,0.4968,3.066e-16
-1.14,0.78,0.4966,6.29e-16
-1.12,0.78,0.4963,1.29e-15
-1.1,0.78,0.4961,2.648e-15
-1.08,0.78,0.4958,5.432e-15
-1.06,0.78,0.4956,1.115e-14
-1.04,0.78,0.4953,2.303e-14
-1.02,0.78,0.4951,4.906e-14
-1,0.78,0.4948,1.045e-13
-0.98,0.78,0.4946,2.225e-13
-0.96,0.78,0.4943,4.739e-13
-0.94,0.78,0.4941,1.023e-12
-0.92,0.78,0.4939,2.293e-12
-0.9,0.78,0.4936,5.024e-12
-0.88,0.78,0.4934,1.08e-11
-0.86,0.78,0.4931,2.323e-11
-0.84,0.78,0.4929,4.996e-11
-0.82,0.78,0.4926,1.101e-10
-0.8,0.78,0.4924,2.466e-10
-0.78,0.78,0.4921,5.651e-10
-0.76,0.78,0.4919,1.334e-09
-0.74,0.78,0.4916,3.375e-09
-0.72,0.78,0.4914,8.274e-09
-0.7,0.78,0.4911,1.723e-08
-0.68,0.78,0.4909,2.79e-08
-0.66,0.78,0.4906,4.599e-08
-0.64,0.78,0.4904,7.759e-08
-0.62,0.78,0.4901,1.309e-07
-0.6,0.78,0.4899,2.209e-07
-0.58,0.78,0.4896,3.831e-07
-0.56,0.78,0.4894,6.761e-07
-0.54,0.78,0.4891,1.204e-06
-0.52,0.78,0.4889,2.145e-06
-0.5,0.78,0.4887,3.82e-06
-0.48,0.78,0.4884,6.803e-06
-0.46,0.78,0.4882,1.212e-05
-0.44,0.78,0.4879,2.085e-05
-0.42,0.78,0.4877,3.327e-05
-0.4,0.78,0.4874,5.075e-05
-0.38,0.78,0.4872,7.741e-05
-0.36,0.78,0.4869,0.0001181
-0.34,0.78,0.4867,0.0001801
-0.32,0.78,0.4864,0.0002746
-0.3,0.78,0.4862,0.0004189
-0.28,0.78,0.4859,0.0006387
-0.26,0.78,0.4857,0.000974
-0.24,0.78,0.4854,0.001485
-0.22,0.78,0.4852,0.002263
-0.2,0.78,0.4849,0.003448
-0.18,0.78,0.4847,0.005249
-0.16,0.78,0.4844,0.007985
-0.14,0.78,0.4842,0.01213
-0.12,0.78,0.4839,0.01838
-0.1,0.78,0.4837,0.02777
-0.08,0.78,0.4834,0.04085
-0.06,0.78,0.4832,0.05374
-0.04,0.78,0.483,0.0704
-0.02,0.78,0.4827,0.08989
0,0.78,0.4825,0.09898
0.02,0.78,0.4822,0.1089
0.04,0.78,0.482,0.0954
0.06,0.78,0.4817,0.08142
0.08,0.78,0.4815,0.06423
0.1,0.78,0.4812,0.04802
0.12,0.78,0.481,0.03575
0.14,0.78,0.4807,0.02653
0.16,0.78,0.4805,0.01964
0.18,0.78,0.4802,0.01451
0.2,0.78,0.48,0.0107
0.22,0.78,0.4797,0.00789
0.24,0.78,0.4795,0.005811
0.26,0.78,0.4792,0.004278
0.28,0.78,0.479,0.002998
0.3,0.78,0.4787,0.002031
0.32,0.78,0.4785,0.001321
0.34,0.78,0.4783,0.0008073
0.36,0.78,0.478,0.0004607
0.38,0.78,0.4778,0.0002597
0.4,0.78,0.4775,8.78e-05
0.42,0.78,0.4773,2.788e-05
0.44,0.78,0.477,8.611e-06
0.46,0.78,0.4768,2.592e-06
0.48,0.78,0.4765,7.8e-07
0.5,0.78,0.4763,2.413e-07
0.52,0.78,0.476,8.094e-08
0.54,0.78,0.4758,2.831e-08
0.56,0.78,0.4755,9.902e-09
0.58,0.78,0.4753,3.463e-09
0.6,0.78,0.475,1.258e-09
0.62,0.78,0.4748,4.768e-10
0.64,0.78,0.4745,1.807e-10
0.66,0.78,0.4743,6.916e-11
0.68,0.78,0.474,2.733e-11
0.7,0.78,0.4738,1.12e-11
0.72,0.78,0.4736,4.745e-12
0.74,0.78,0.4733,2.059e-12
0.76,0.78,0.4731,9.688e-13
0.78,0.78,0.4728,4.566e-13
0.8,0.78,0.4726,2.152e-13
0.82,0.78,0.4723,1.014e-13
0.84,0.78,0.4721,4.781e-14
0.86,0.78,0.4718,2.253e-14
0.88,0.78,0.4716,1.059e-14
0.9,0.78,0.4713,4.927e-15
0.92,0.78,0.4711,2.292e-15
0.94,0.78,0.4708,1.067e-15
0.96,0.78,0.4706,4.962e-16
0.98,0.78,0.4703,2.309e-16
1,0.78,0.4701,1.089e-16
1.02,0.78,0.4698,5.227e-17
1.04,0.78,0.4696,2.509e-17
1.06,0.78,0.4694,1.086e-17
1.08,0.78,0.4691,4.696e-18
1.1,0.78,0.4689,2.031e-18
1.12,0.78,0.4686,8.788e-19
1.14,0.78,0.4684,3.801e-19
1.16,0.78,0.4681,1.644e-19
1.18,0.78,0.4679,7.113e-20
1.2,0.78,0.4676,3.077e-20
1.22,0.78,0.4674,1.331e-20
1.24,0.78,0.4671,5.758e-21
1.26,0.78,0.4669,2.491e-21
1.28,0.78,0.4666,1.077e-21
1.3,0.78,0.4664,4.661e-22
1.32,0.78,0.4661,2.016e-22
1.34,0.78,0.4659,8.721e-23
1.36,0.78,0.4657,3.773e-23
1.38,0.78,0.4654,1.632e-23
1.4,0.78,0.4652,7.06e-24
1.42,0.78,0.4649,3.054e-24
1.44,0.78,0.4647,1.321e-24
1.46,0.78,0.4644,5.714e-25
1.48,0.78,0.4642,2.472e-25
1.5,0.78,0.4639,1.069e-25
1.52,0.78,0.4637,4.626e-26
1.54,0.78,0.4634,2.001e-26
1.56,0.78,0.4632,8.656e-27
1.58,0.78,0.4629,3.608e-27
1.6,0.78,0.4627,1.447e-27
-1.6,0.8,0.5022,1.974e-23
-1.58,0.8,0.502,4.103e-23
-1.56,0.8,0.5017,8.527e-23
-1.54,0.8,0.5015,1.772e-22
-1.52,0.8,0.5012,3.683e-22
-1.5,0.8,0.501,7.656e-22
-1.48,0.8,0.5007,1.591e-21
-1.46,0.8,0.5005,3.307e-21
-1.44,0.8,0.5002,6.873e-21
-1.42,0.8,0.5,1.429e-20
-1.4,0.8,0.4997,2.969e-20
-1.38,0.8,0.4995,6.171e-20
-1.36,0.8,0.4992,1.283e-19
-1.34,0.8,0.499,2.666e-19
-1.32,0.8,0.4988,5.54e-19
-1.3,0.8,0.4985,1.152e-18
-1.28,0.8,0.4983,2.393e-18
-1.26,0.8,0.498,4.974e-18
-1.24,0.8,0.4978,1.034e-17
-1.22,0.8,0.4975,2.149e-17
-1.2,0.8,0.4973,4.452e-17
-1.18,0.8,0.497,9.134e-17
-1.16,0.8,0.4968,1.874e-16
-1.14,0.8,0.4965,3.845e-16
-1.12,0.8,0.4963,7.889e-16
-1.1,0.8,0.496,1.619e-15
-1.08,0.8,0.4958,3.321e-15
-1.06,0.8,0.4955,6.814e-15
-1.04,0.8,0.4953,1.403e-14
-1.02,0.8,0.495,2.988e-14
-1,0.8,0.4948,6.363e-14
-0.98,0.8,0.4945,1.355e-13
-0.96,0.8,0.4943,2.886e-13
-0.94,0.8,0.494,6.085e-13
-0.92,0.8,0.4938,1.307e-12
-0.9,0.8,0.4935,2.811e-12
-0.88,0.8,0.4933,6.046e-12
-0.86,0.8,0.4931,1.3e-11
-0.84,0.8,0.4928,2.796e-11
-0.82,0.8,0.4926,6.013e-11
-0.8,0.8,0.4923,1.344e-10
-0.78,0.8,0.4921,3.01e-10
-0.76,0.8,0.4918,6.912e-10
-0.74,0.8,0.4916,1.71e-09
-0.72,0.8,0.4913,3.759e-09
-0.7,0.8,0.4911,6.918e-09
-0.68,0.8,0.4908,1.113e-08
-0.66,0.8,0.4906,1.791e-08
-0.64,0.8,0.4903,2.912e-08
-0.62,0.8,0.4901,4.841e-08
-0.6,0.8,0.4898,8.167e-08
-0.58,0.8,0.4896,1.378e-07
-0.56,0.8,0.4893,2.33e-07
-0.54,0.8,0.4891,4.052e-07
-0.52,0.8,0.4888,7.208e-07
-0.5,0.8,0.4886,1.284e-06
-0.48,0.8,0.4883,2.287e-06
-0.46,0.8,0.4881,3.87e-06
-0.44,0.8,0.4878,6.05e-06
-0.42,0.8,0.4876,9.015e-06
-0.4,0.8,0.4874,1.343e-05
-0.38,0.8,0.4871,2.04e-05
-0.36,0.8,0.4869,3.112e-05
-0.34,0.8,0.4866,4.747e-05
-0.32,0.8,0.4864,7.24e-05
-0.3,0.8,0.4861,0.0001104
-0.28,0.8,0.4859,0.0001684
-0.26,0.8,0.4856,0.0002569
-0.24,0.8,0.4854,0.0003918
-0.22,0.8,0.4851,0.0005975
-0.2,0.8,0.4849,0.000911
-0.18,0.8,0.4846,0.001389
-0.16,0.8,0.4844,0.002117
-0.14,0.8,0.4841,0.003226
-0.12,0.8,0.4839,0.004912
-0.1,0.8,0.4836,0.007473
-0.08,0.8,0.4834,0.01028
-0.06,0.8,0.4831,0.01367
-0.04,0.8,0.4829,0.01814
-0.02,0.8,0.4826,0.02404
0,0.8,0.4824,0.0274
0.02,0.8,0.4822,0.02963
0.04,0.8,0.4819,0.02502
0.06,0.8,0.4817,0.02112
0.08,0.8,0.4814,0.0172
0.1,0.8,0.4812,0.0127
0.12,0.8,0.4809,0.009364
0.14,0.8,0.4807,0.006899
0.16,0.8,0.4804,0.00508
0.18,0.8,0.4802,0.003739
0.2,0.8,0.4799,0.002751
0.22,0.8,0.4797,0.002023
0.24,0.8,0.4794,0.001488
0.26,0.8,0.4792,0.001094
0.28,0.8,0.4789,0.0008043
0.3,0.8,0.4787,0.0005613
0.32,0.8,0.4784,0.0003801
0.34,0.8,0.4782,0.0002482
0.36,0.8,0.4779,0.0001524
0.38,0.8,0.4777,8.694e-05
0.4,0.8,0.4775,3.141e-05
0.42,0.8,0.4772,9.974e-06
0.44,0.8,0.477,3.167e-06
0.46,0.8,0.4767,1.006e-06
0.48,0.8,0.4765,3.097e-07
0.5,0.8,0.4762,1.021e-07
0.52,0.8,0.476,3.573e-08
0.54,0.8,0.4757,1.25e-08
0.56,0.8,0.4755,4.37e-09
0.58,0.8,0.4752,1.554e-09
0.6,0.8,0.475,5.86e-10
0.62,0.8,0.4747,2.221e-10
0.64,0.8,0.4745,8.417e-11
0.66,0.8,0.4742,3.306e-11
0.68,0.8,0.474,1.328e-11
0.7,0.8,0.4737,5.589e-12
0.72,0.8,0.4735,2.404e-12
0.74,0.8,0.4732,1.09e-12
0.76,0.8,0.473,5.14e-13
0.78,0.8,0.4728,2.422e-13
0.8,0.8,0.4725,1.142e-13
0.82,0.8,0.4723,5.381e-14
0.84,0.8,0.472,2.536e-14
0.86,0.8,0.4718,1.195e-14
0.88,0.8,0.4715,5.635e-15
0.9,0.8,0.4713,2.623e-15
0.92,0.8,0.471,1.22e-15
0.94,0.8,0.4708,5.678e-16
0.96,0.8,0.4705,2.642e-16
0.98,0.8,0.4703,1.229e-16
1,0.8,0.47,5.861e-17
1.02,0.8,0.4698,2.814e-17
1.04,0.8,0.4695,1.351e-17
1.06,0.8,0.4693,6.464e-18
1.08,0.8,0.4691,2.796e-18
1.1,0.8,0.4688,1.21e-18
1.12,0.8,0.4686,5.233e-19
1.14,0.8,0.4683,2.263e-19
1.16,0.8,0.4681,9.791e-20
1.18,0.8,0.4678,4.236e-20
1.2,0.8,0.4676,1.832e-20
1.22,0.8,0.4673,7.926e-21
1.24,0.8,0.4671,3.428e-21
1.26,0.8,0.4668,1.483e-21
1.28,0.8,0.4666,6.416e-22
1.3,0.8,0.4663,2.775e-22
1.32,0.8,0.4661,1.2e-22
1.34,0.8,0.4658,5.193e-23
1.36,0.8,0.4656,2.246e-23
1.38,0.8,0.4653,9.718e-24
1.4,0.8,0.4651,4.204e-24
1.42,0.8,0.4649,1.818e-24
1.44,0.8,0.4646,7.866e-25
1.46,0.8,0.4644,3.403e-25
1.48,0.8,0.4641,1.472e-25
1.5,0.8,0.4639,6.367e-26
1.52,0.8,0.4636,2.754e-26
1.54,0.8,0.4634,1.191e-26
1.56,0.8,0.4631,5.154e-27
1.58,0.8,0.4629,2.229e-27
1.6,0.8,0.4626,9.644e-28
-1.6,0.82,0.5022,1.219e-23
-1.58,0.82,0.5019,2.534e-23
-1.56,0.82,0.5017,5.266e-23
-1.54,0.82,0.5014,1.095e-22
-1.52,0.82,0.5012,2.275e-22
-1.5,0.82,0.5009,4.728e-22
-1.48,0.82,0.5007,9.827e-22
-1.46,0.82,0.5004,2.043e-21
-1.44,0.82,0.5002,4.245e-21
-1.42,0.82,0.4999,8.823e-21
-1.4,0.82,0.4997,1.834e-20
-1.38,0.82,0.4994,3.811e-20
-1.36,0.82,0.4992,7.922e-20
-1.34,0.82,0.4989,1.646e-19
-1.32,0.82,0.4987,3.422e-19
-1.3,0.82,0.4984,7.112e-19
-1.28,0.82,0.4982,1.478e-18
-1.26,0.82,0.498,3.072e-18
-1.24,0.82,0.4977,6.385e-18
-1.22,0.82,0.4975,1.327e-17
-1.2,0.82,0.4972,2.722e-17
-1.18,0.82,0.497,5.584e-17
-1.16,0.82,0.4967,1.146e-16
-1.14,0.82,0.4965,2.351e-16
-1.12,0.82,0.4962,4.823e-16
-1.1,0.82,0.496,9.896e-16
-1.08,0.82,0.4957,2.03e-15
-1.06,0.82,0.4955,4.166e-15
-1.04,0.82,0.4952,8.547e-15
-1.02,0.82,0.495,1.82e-14
-1,0.82,0.4947,3.876e-14
-0.98,0.82,0.4945,8.255e-14
-0.96,0.82,0.4942,1.692e-13
-0.94,0.82,0.494,3.462e-13
-0.92,0.82,0.4937,7.317e-13
-0.9,0.82,0.4935,1.573e-12
-0.88,0.82,0.4932,3.384e-12
-0.86,0.82,0.493,7.277e-12
-0.84,0.82,0.4927,1.565e-11
-0.82,0.82,0.4925,3.365e-11
-0.8,0.82,0.4923,7.324e-11
-0.78,0.82,0.492,1.641e-10
-0.76,0.82,0.4918,3.675e-10
-0.74,0.82,0.4915,8.197e-10
-0.72,0.82,0.4913,1.707e-09
-0.7,0.82,0.491,2.76e-09
-0.68,0.82,0.4908,4.442e-09
-0.66,0.82,0.4905,7.148e-09
-0.64,0.82,0.4903,1.15e-08
-0.62,0.82,0.49,1.852e-08
-0.6,0.82,0.4898,3.06e-08
-0.58,0.82,0.4895,5.095e-08
-0.56,0.82,0.4893,8.597e-08
-0.54,0.82,0.489,1.45e-07
-0.52,0.82,0.4888,2.464e-07
-0.5,0.82,0.4885,4.315e-07
-0.48,0.82,0.4883,7.255e-07
-0.46,0.82,0.488,1.139e-06
-0.44,0.82,0.4878,1.697e-06
-0.42,0.82,0.4875,2.528e-06
-0.4,0.82,0.4873,3.767e-06
-0.38,0.82,0.487,5.613e-06
-0.36,0.82,0.4868,8.364e-06
-0.34,0.82,0.4866,1.251e-05
-0.32,0.82,0.4863,1.908e-05
-0.3,0.82,0.4861,2.911e-05
-0.28,0.82,0.4858,4.44e-05
-0.26,0.82,0.4856,6.772e-05
-0.24,0.82,0.4853,0.0001033
-0.22,0.82,0.4851,0.0001575
-0.2,0.82,0.4848,0.0002403
-0.18,0.82,0.4846,0.0003665
-0.16,0.82,0.4843,0.0005589
-0.14,0.82,0.4841,0.0008522
-0.12,0.82,0.4838,0.001299
-0.1,0.82,0.4836,0.001898
-0.08,0.82,0.4833,0.002529
-0.06,0.82,0.4831,0.00337
-0.04,0.82,0.4828,0.004488
-0.02,0.82,0.4826,0.005975
0,0.82,0.4823,0.007171
0.02,0.82,0.4821,0.007378
0.04,0.82,0.4818,0.006208
0.06,0.82,0.4816,0.005222
0.08,0.82,0.4814,0.004393
0.1,0.82,0.4811,0.003268
0.12,0.82,0.4809,0.002404
0.14,0.82,0.4806,0.001768
0.16,0.82,0.4804,0.0013
0.18,0.82,0.4801,0.0009559
0.2,0.82,0.4799,0.0007027
0.22,0.82,0.4796,0.0005166
0.24,0.82,0.4794,0.0003797
0.26,0.82,0.4791,0.0002791
0.28,0.82,0.4789,0.0002052
0.3,0.82,0.4786,0.0001508
0.32,0.82,0.4784,0.0001049
0.34,0.82,0.4781,7.101e-05
0.36,0.82,0.4779,4.658e-05
0.38,0.82,0.4776,2.875e-05
0.4,0.82,0.4774,1.124e-05
0.42,0.82,0.4771,3.568e-06
0.44,0.82,0.4769,1.133e-06
0.46,0.82,0.4767,3.68e-07
0.48,0.82,0.4764,1.259e-07
0.5,0.82,0.4762,4.508e-08
0.52,0.82,0.4759,1.577e-08
0.54,0.82,0.4757,5.515e-09
0.56,0.82,0.4754,1.933e-09
0.58,0.82,0.4752,7.202e-10
0.6,0.82,0.4749,2.73e-10
0.62,0.82,0.4747,1.034e-10
0.64,0.82,0.4744,3.999e-11
0.66,0.82,0.4742,1.58e-11
0.68,0.82,0.4739,6.583e-12
0.7,0.82,0.4737,2.832e-12
0.72,0.82,0.4734,1.234e-12
0.74,0.82,0.4732,5.785e-13
0.76,0.82,0.4729,2.727e-13
0.78,0.82,0.4727,1.285e-13
0.8,0.82,0.4725,6.057e-14
0.82,0.82,0.4722,2.855e-14
0.84,0.82,0.472,1.346e-14
0.86,0.82,0.4717,6.342e-15
0.88,0.82,0.4715,2.989e-15
0.9,0.82,0.4712,1.396e-15
0.92,0.82,0.471,6.496e-16
0.94,0.82,0.4707,3.022e-16
0.96,0.82,0.4705,1.406e-16
0.98,0.82,0.4702,6.573e-17
1,0.82,0.47,3.155e-17
1.02,0.82,0.4697,1.515e-17
1.04,0.82,0.4695,7.27e-18
1.06,0.82,0.4692,3.49e-18
1.08,0.82,0.469,1.665e-18
1.1,0.82,0.4687,7.203e-19
1.12,0.82,0.4685,3.116e-19
1.14,0.82,0.4683,1.348e-19
1.16,0.82,0.468,5.83e-20
1.18,0.82,0.4678,2.522e-20
1.2,0.82,0.4675,1.091e-20
1.22,0.82,0.4673,4.719e-21
1.24,0.82,0.467,2.041e-21
1.26,0.82,0.4668,8.831e-22
1.28,0.82,0.4665,3.82e-22
1.3,0.82,0.4663,1.652e-22
1.32,0.82,0.466,7.148e-23
1.34,0.82,0.4658,3.092e-23
1.36,0.82,0.4655,1.338e-23
1.38,0.82,0.4653,5.786e-24
1.4,0.82,0.465,2.503e-24
1.42,0.82,0.4648,1.083e-24
1.44,0.82,0.4646,4.684e-25
1.46,0.82,0.4643,2.026e-25
1.48,0.82,0.4641,8.764e-26
1.5,0.82,0.4638,3.791e-26
1.52,0.82,0.4636,1.64e-26
1.54,0.82,0.4633,7.094e-27
1.56,0.82,0.4631,3.069e-27
1.58,0.82,0.4628,1.328e-27
1.6,0.82,0.4626,5.743e-28
-1.6,0.84,0.5021,7.53e-24
-1.58,0.84,0.5019,1.565e-23
-1.56,0.84,0.5016,3.253e-23
-1.54,0.84,0.5014,6.76e-23
-1.52,0.84,0.5011,1.405e-22
-1.5,0.84,0.5009,2.92e-22
-1.48,0.84,0.5006,6.07e-22
-1.46,0.84,0.5004,1.262e-21
-1.44,0.84,0.5001,2.622e-21
-1.42,0.84,0.4999,5.449e-21
-1.4,0.84,0.4996,1.133e-20
-1.38,0.84,0.4994,2.354e-20
-1.36,0.84,0.4991,4.893e-20
-1.34,0.84,0.4989,1.017e-19
-1.32,0.84,0.4986,2.113e-19
-1.3,0.84,0.4984,4.393e-19
-1.28,0.84,0.4981,9.13e-19
-1.26,0.84,0.4979,1.898e-18
-1.24,0.84,0.4976,3.944e-18
-1.22,0.84,0.4974,8.11e-18
-1.2,0.84,0.4971,1.664e-17
-1.18,0.84,0.4969,3.414e-17
-1.16,0.84,0.4967,7.005e-17
-1.14,0.84,0.4964,1.437e-16
-1.12,0.84,0.4962,2.949e-16
-1.1,0.84,0.4959,6.05e-16
-1.08,0.84,0.4957,1.241e-15
-1.06,0.84,0.4954,2.547e-15
-1.04,0.84,0.4952,5.225e-15
-1.02,0.84,0.4949,1.108e-14
-1,0.84,0.4947,2.3e-14
-0.98,0.84,0.4944,4.706e-14
-0.96,0.84,0.4942,9.627e-14
-0.94,0.84,0.4939,1.969e-13
-0.92,0.84,0.4937,4.095e-13
-0.9,0.84,0.4934,8.806e-13
-0.88,0.84,0.4932,1.894e-12
-0.86,0.84,0.4929,4.073e-12
-0.84,0.84,0.4927,8.758e-12
-0.82,0.84,0.4924,1.883e-11
-0.8,0.84,0.4922,4.05e-11
-0.78,0.84,0.4919,8.942e-11
-0.76,0.84,0.4917,2.003e-10
-0.74,0.84,0.4914,3.883e-10
-0.72,0.84,0.4912,6.845e-10
-0.7,0.84,0.491,1.101e-09
-0.68,0.84,0.4907,1.773e-09
-0.66,0.84,0.4905,2.852e-09
-0.64,0.84,0.4902,4.59e-09
-0.62,0.84,0.49,7.386e-09
-0.6,0.84,0.4897,1.189e-08
-0.58,0.84,0.4895,1.946e-08
-0.56,0.84,0.4892,3.215e-08
-0.54,0.84,0.489,5.363e-08
-0.52,0.84,0.4887,9.049e-08
-0.5,0.84,0.4885,1.438e-07
-0.48,0.84,0.4882,2.172e-07
-0.46,0.84,0.488,3.194e-07
-0.44,0.84,0.4877,4.759e-07
-0.42,0.84,0.4875,7.091e-07
-0.4,0.84,0.4872,1.057e-06
-0.38,0.84,0.487,1.574e-06
-0.36,0.84,0.4867,2.346e-06
-0.34,0.84,0.4865,3.495e-06
-0.32,0.84,0.4862,5.208e-06
-0.3,0.84,0.486,7.76e-06
-0.28,0.84,0.4858,1.17e-05
-0.26,0.84,0.4855,1.785e-05
-0.24,0.84,0.4853,2.723e-05
-0.22,0.84,0.485,4.153e-05
-0.2,0.84,0.4848,6.334e-05
-0.18,0.84,0.4845,9.661e-05
-0.16,0.84,0.4843,0.0001474
-0.14,0.84,0.484,0.0002248
-0.12,0.84,0.4838,0.0003428
-0.1,0.84,0.4835,0.0004637
-0.08,0.84,0.4833,0.0006183
-0.06,0.84,0.483,0.0008242
-0.04,0.84,0.4828,0.001099
-0.02,0.84,0.4825,0.001465
0,0.84,0.4823,0.001849
0.02,0.84,0.482,0.001806
0.04,0.84,0.4818,0.001518
0.06,0.84,0.4815,0.001276
0.08,0.84,0.4813,0.001073
0.1,0.84,0.481,0.0008352
0.12,0.84,0.4808,0.000614
0.14,0.84,0.4806,0.0004513
0.16,0.84,0.4803,0.0003318
0.18,0.84,0.4801,0.0002439
0.2,0.84,0.4798,0.0001792
0.22,0.84,0.4796,0.0001318
0.24,0.84,0.4793,9.684e-05
0.26,0.84,0.4791,7.118e-05
0.28,0.84,0.4788,5.232e-05
0.3,0.84,0.4786,3.845e-05
0.32,0.84,0.4783,2.826e-05
0.34,0.84,0.4781,1.959e-05
0.36,0.84,0.4778,1.326e-05
0.38,0.84,0.4776,8.743e-06
0.4,0.84,0.4773,4.02e-06
0.42,0.84,0.4771,1.276e-06
0.44,0.84,0.4768,4.154e-07
0.46,0.84,0.4766,1.412e-07
0.48,0.84,0.4763,5.175e-08
0.5,0.84,0.4761,1.897e-08
0.52,0.84,0.4759,6.951e-09
0.54,0.84,0.4756,2.434e-09
0.56,0.84,0.4754,8.852e-10
0.58,0.84,0.4751,3.355e-10
0.6,0.84,0.4749,1.271e-10
0.62,0.84,0.4746,4.838e-11
0.64,0.84,0.4744,1.912e-11
0.66,0.84,0.4741,7.753e-12
0.68,0.84,0.4739,3.336e-12
0.7,0.84,0.4736,1.435e-12
0.72,0.84,0.4734,6.511e-13
0.74,0.84,0.4731,3.069e-13
0.76,0.84,0.4729,1.446e-13
0.78,0.84,0.4726,6.818e-14
0.8,0.84,0.4724,3.213e-14
0.82,0.84,0.4721,1.515e-14
0.84,0.84,0.4719,7.139e-15
0.86,0.84,0.4717,3.365e-15
0.88,0.84,0.4714,1.586e-15
0.9,0.84,0.4712,7.432e-16
0.92,0.84,0.4709,3.458e-16
0.94,0.84,0.4707,1.609e-16
0.96,0.84,0.4704,7.486e-17
0.98,0.84,0.4702,3.538e-17
1,0.84,0.4699,1.699e-17
1.02,0.84,0.4697,8.153e-18
1.04,0.84,0.4694,3.914e-18
1.06,0.84,0.4692,1.879e-18
1.08,0.84,0.4689,9.017e-19
1.1,0.84,0.4687,4.289e-19
1.12,0.84,0.4684,1.855e-19
1.14,0.84,0.4682,8.025e-20
1.16,0.84,0.4679,3.472e-20
1.18,0.84,0.4677,1.502e-20
1.2,0.84,0.4675,6.496e-21
1.22,0.84,0.4672,2.81e-21
1.24,0.84,0.467,1.216e-21
1.26,0.84,0.4667,5.258e-22
1.28,0.84,0.4665,2.275e-22
1.3,0.84,0.4662,9.84e-23
1.32,0.84,0.466,4.256e-23
1.34,0.84,0.4657,1.841e-23
1.36,0.84,0.4655,7.965e-24
1.38,0.84,0.4652,3.445e-24
1.4,0.84,0.465,1.49e-24
1.42,0.84,0.4647,6.447e-25
1.44,0.84,0.4645,2.789e-25
1.46,0.84,0.4642,1.206e-25
1.48,0.84,0.464,5.219e-26
1.5,0.84,0.4638,2.257e-26
1.52,0.84,0.4635,9.765e-27
1.54,0.84,0.4633,4.224e-27
1.56,0.84,0.463,1.827e-27
1.58,0.84,0.4628,7.905e-28
1.6,0.84,0.4625,3.419e-28
-1.6,0.86,0.502,4.651e-24
-1.58,0.86,0.5018,9.666e-24
-1.56,0.86,0.5016,2.009e-23
-1.54,0.86,0.5013,4.175e-23
-1.52,0.86,0.5011,8.678e-23
-1.5,0.86,0.5008,1.804e-22
-1.48,0.86,0.5006,3.749e-22
-1.46,0.86,0.5003,7.792e-22
-1.44,0.86,0.5001,1.619e-21
-1.42,0.86,0.4998,3.366e-21
-1.4,0.86,0.4996,6.995e-21
-1.38,0.86,0.4993,1.454e-20
-1.36,0.86,0.4991,3.022e-20
-1.34,0.86,0.4988,6.281e-20
-1.32,0.86,0.4986,1.305e-19
-1.3,0.86,0.4983,2.713e-19
-1.28,0.86,0.4981,5.639e-19
-1.26,0.86,0.4978,1.172e-18
-1.24,0.86,0.4976,2.417e-18
-1.22,0.86,0.4973,4.958e-18
-1.2,0.86,0.4971,1.017e-17
-1.18,0.86,0.4968,2.087e-17
-1.16,0.86,0.4966,4.282e-17
-1.14,0.86,0.4963,8.786e-17
-1.12,0.86,0.4961,1.803e-16
-1.1,0.86,0.4959,3.699e-16
-1.08,0.86,0.4956,7.589e-16
-1.06,0.86,0.4954,1.557e-15
-1.04,0.86,0.4951,3.152e-15
-1.02,0.86,0.4949,6.397e-15
-1,0.86,0.4946,1.309e-14
-0.98,0.86,0.4944,2.677e-14
-0.96,0.86,0.4941,5.477e-14
-0.94,0.86,0.4939,1.12e-13
-0.92,0.86,0.4936,2.292e-13
-0.9,0.86,0.4934,4.928e-13
-0.88,0.86,0.4931,1.06e-12
-0.86,0.86,0.4929,2.279e-12
-0.84,0.86,0.4926,4.902e-12
-0.82,0.86,0.4924,1.054e-11
-0.8,0.86,0.4921,2.267e-11
-0.78,0.86,0.4919,4.875e-11
-0.76,0.86,0.4916,1.018e-10
-0.74,0.86,0.4914,1.923e-10
-0.72,0.86,0.4911,2.921e-10
-0.7,0.86,0.4909,4.481e-10
-0.68,0.86,0.4906,7.073e-10
-0.66,0.86,0.4904,1.138e-09
-0.64,0.86,0.4902,1.832e-09
-0.62,0.86,0.4899,2.947e-09
-0.6,0.86,0.4897,4.743e-09
-0.58,0.86,0.4894,7.633e-09
-0.56,0.86,0.4892,1.238e-08
-0.54,0.86,0.4889,2.045e-08
-0.52,0.86,0.4887,3.178e-08
-0.5,0.86,0.4884,4.748e-08
-0.48,0.86,0.4882,6.818e-08
-0.46,0.86,0.4879,9.8e-08
-0.44,0.86,0.4877,1.408e-07
-0.42,0.86,0.4874,2.024e-07
-0.4,0.86,0.4872,2.964e-07
-0.38,0.86,0.4869,4.416e-07
-0.36,0.86,0.4867,6.579e-07
-0.34,0.86,0.4864,9.803e-07
-0.32,0.86,0.4862,1.461e-06
-0.3,0.86,0.4859,2.176e-06
-0.28,0.86,0.4857,3.243e-06
-0.26,0.86,0.4854,4.832e-06
-0.24,0.86,0.4852,7.199e-06
-0.22,0.86,0.485,1.095e-05
-0.2,0.86,0.4847,1.67e-05
-0.18,0.86,0.4845,2.547e-05
-0.16,0.86,0.4842,3.884e-05
-0.14,0.86,0.484,5.925e-05
-0.12,0.86,0.4837,8.489e-05
-0.1,0.86,0.4835,0.0001132
-0.08,0.86,0.4832,0.0001509
-0.06,0.86,0.483,0.0002012
-0.04,0.86,0.4827,0.0002683
-0.02,0.86,0.4825,0.0003577
0,0.86,0.4822,0.0004746
0.02,0.86,0.482,0.00044
0.04,0.86,0.4817,0.0003698
0.06,0.86,0.4815,0.0003108
0.08,0.86,0.4812,0.0002612
0.1,0.86,0.481,0.0002131
0.12,0.86,0.4807,0.0001566
0.14,0.86,0.4805,0.0001151
0.16,0.86,0.4802,8.46e-05
0.18,0.86,0.48,6.218e-05
0.2,0.86,0.4798,4.57e-05
0.22,0.86,0.4795,3.359e-05
0.24,0.86,0.4793,2.469e-05
0.26,0.86,0.479,1.815e-05
0.28,0.86,0.4788,1.334e-05
0.3,0.86,0.4785,9.803e-06
0.32,0.86,0.4783,7.205e-06
0.34,0.86,0.478,5.296e-06
0.36,0.86,0.4778,3.66e-06
0.38,0.86,0.4775,2.477e-06
0.4,0.86,0.4773,1.315e-06
0.42,0.86,0.477,4.69e-07
0.44,0.86,0.4768,1.585e-07
0.46,0.86,0.4765,5.807e-08
0.48,0.86,0.4763,2.128e-08
0.5,0.86,0.476,7.8e-09
0.52,0.86,0.4758,2.858e-09
0.54,0.86,0.4755,1.063e-09
0.56,0.86,0.4753,4.123e-10
0.58,0.86,0.4751,1.563e-10
0.6,0.86,0.4748,5.922e-11
0.62,0.86,0.4746,2.313e-11
0.64,0.86,0.4743,9.156e-12
0.66,0.86,0.4741,3.929e-12
0.68,0.86,0.4738,1.69e-12
0.7,0.86,0.4736,7.396e-13
0.72,0.86,0.4733,3.454e-13
0.74,0.86,0.4731,1.628e-13
0.76,0.86,0.4728,7.674e-14
0.78,0.86,0.4726,3.617e-14
0.8,0.86,0.4723,1.705e-14
0.82,0.86,0.4721,8.035e-15
0.84,0.86,0.4718,3.787e-15
0.86,0.86,0.4716,1.785e-15
0.88,0.86,0.4713,8.413e-16
0.9,0.86,0.4711,3.956e-16
0.92,0.86,0.4709,1.841e-16
0.94,0.86,0.4706,8.564e-17
0.96,0.86,0.4704,3.985e-17
0.98,0.86,0.4701,1.905e-17
1,0.86,0.4699,9.143e-18
1.02,0.86,0.4696,4.389e-18
1.04,0.86,0.4694,2.107e-18
1.06,0.86,0.4691,1.011e-18
1.08,0.86,0.4689,4.854e-19
1.1,0.86,0.4686,2.33e-19
1.12,0.86,0.4684,1.105e-19
1.14,0.86,0.4681,4.779e-20
1.16,0.86,0.4679,2.067e-20
1.18,0.86,0.4676,8.942e-21
1.2,0.86,0.4674,3.868e-21
1.22,0.86,0.4671,1.673e-21
1.24,0.86,0.4669,7.238e-22
1.26,0.86,0.4667,3.131e-22
1.28,0.86,0.4664,1.354e-22
1.3,0.86,0.4662,5.859e-23
1.32,0.86,0.4659,2.534e-23
1.34,0.86,0.4657,1.096e-23
1.36,0.86,0.4654,4.742e-24
1.38,0.86,0.4652,2.051e-24
1.4,0.86,0.4649,8.874e-25
1.42,0.86,0.4647,3.839e-25
1.44,0.86,0.4644,1.661e-25
1.46,0.86,0.4642,7.183e-26
1.48,0.86,0.4639,3.107e-26
1.5,0.86,0.4637,1.344e-26
1.52,0.86,0.4634,5.815e-27
1.54,0.86,0.4632,2.515e-27
1.56,0.86,0.463,1.088e-27
1.58,0.86,0.4627,4.707e-28
1.6,0.86,0.4625,2.036e-28
-1.6,0.88,0.502,2.872e-24
-1.58,0.88,0.5017,5.97e-24
-1.56,0.88,0.5015,1.241e-23
-1.54,0.88,0.5012,2.579e-23
-1.52,0.88,0.501,5.36e-23
-1.5,0.88,0.5007,1.114e-22
-1.48,0.88,0.5005,2.315e-22
-1.46,0.88,0.5003,4.812e-22
-1.44,0.88,0.5,1e-21
-1.42,0.88,0.4998,2.079e-21
-1.4,0.88,0.4995,4.321e-21
-1.38,0.88,0.4993,8.98e-21
-1.36,0.88,0.499,1.866e-20
-1.34,0.88,0.4988,3.879e-20
-1.32,0.88,0.4985,8.062e-20
-1.3,0.88,0.4983,1.676e-19
-1.28,0.88,0.498,3.483e-19
-1.26,0.88,0.4978,7.201e-19
-1.24,0.88,0.4975,1.477e-18
-1.22,0.88,0.4973,3.031e-18
-1.2,0.88,0.497,6.219e-18
-1.18,0.88,0.4968,1.276e-17
-1.16,0.88,0.4965,2.618e-17
-1.14,0.88,0.4963,5.372e-17
-1.12,0.88,0.496,1.102e-16
-1.1,0.88,0.4958,2.261e-16
-1.08,0.88,0.4955,4.634e-16
-1.06,0.88,0.4953,9.135e-16
-1.04,0.88,0.495,1.801e-15
-1.02,0.88,0.4948,3.639e-15
-1,0.88,0.4946,7.445e-15
-0.98,0.88,0.4943,1.523e-14
-0.96,0.88,0.4941,3.116e-14
-0.94,0.88,0.4938,6.373e-14
-0.92,0.88,0.4936,1.304e-13
-0.9,0.88,0.4933,2.758e-13
-0.88,0.88,0.4931,5.931e-13
-0.86,0.88,0.4928,1.276e-12
-0.84,0.88,0.4926,2.743e-12
-0.82,0.88,0.4923,5.899e-12
-0.8,0.88,0.4921,1.269e-11
-0.78,0.88,0.4918,2.728e-11
-0.76,0.88,0.4916,5.042e-11
-0.74,0.88,0.4913,8.548e-11
-0.72,0.88,0.4911,1.295e-10
-0.7,0.88,0.4908,1.962e-10
-0.68,0.88,0.4906,2.977e-10
-0.66,0.88,0.4903,4.606e-10
-0.64,0.88,0.4901,7.309e-10
-0.62,0.88,0.4898,1.176e-09
-0.6,0.88,0.4896,1.893e-09
-0.58,0.88,0.4894,3.046e-09
-0.56,0.88,0.4891,4.901e-09
-0.54,0.88,0.4889,7.388e-09
-0.52,0.88,0.4886,1.104e-08
-0.5,0.88,0.4884,1.568e-08
-0.48,0.88,0.4881,2.227e-08
-0.46,0.88,0.4879,3.163e-08
-0.44,0.88,0.4876,4.493e-08
-0.42,0.88,0.4874,6.381e-08
-0.4,0.88,0.4871,9.141e-08
-0.38,0.88,0.4869,1.314e-07
-0.36,0.88,0.4866,1.888e-07
-0.34,0.88,0.4864,2.75e-07
-0.32,0.88,0.4861,4.097e-07
-0.3,0.88,0.4859,6.104e-07
-0.28,0.88,0.4856,9.095e-07
-0.26,0.88,0.4854,1.355e-06
-0.24,0.88,0.4851,2.019e-06
-0.22,0.88,0.4849,3.009e-06
-0.2,0.88,0.4846,4.483e-06
-0.18,0.88,0.4844,6.712e-06
-0.16,0.88,0.4841,1.024e-05
-0.14,0.88,0.4839,1.553e-05
-0.12,0.88,0.4837,2.071e-05
-0.1,0.88,0.4834,2.762e-05
-0.08,0.88,0.4832,3.683e-05
-0.06,0.88,0.4829,4.911e-05
-0.04,0.88,0.4827,6.548e-05
-0.02,0.88,0.4824,8.731e-05
0,0.88,0.4822,0.0001164
0.02,0.88,0.4819,0.0001071
0.04,0.88,0.4817,9.003e-05
0.06,0.88,0.4814,7.567e-05
0.08,0.88,0.4812,6.359e-05
0.1,0.88,0.4809,5.345e-05
0.12,0.88,0.4807,3.993e-05
0.14,0.88,0.4804,2.935e-05
0.16,0.88,0.4802,2.157e-05
0.18,0.88,0.4799,1.585e-05
0.2,0.88,0.4797,1.165e-05
0.22,0.88,0.4794,8.564e-06
0.24,0.88,0.4792,6.295e-06
0.26,0.88,0.479,4.626e-06
0.28,0.88,0.4787,3.4e-06
0.3,0.88,0.4785,2.499e-06
0.32,0.88,0.4782,1.837e-06
0.34,0.88,0.478,1.35e-06
0.36,0.88,0.4777,9.923e-07
0.38,0.88,0.4775,6.922e-07
0.4,0.88,0.4772,4.142e-07
0.42,0.88,0.477,1.636e-07
0.44,0.88,0.4767,6.494e-08
0.46,0.88,0.4765,2.388e-08
0.48,0.88,0.4762,8.752e-09
0.5,0.88,0.476,3.207e-09
0.52,0.88,0.4757,1.178e-09
0.54,0.88,0.4755,4.645e-10
0.56,0.88,0.4752,1.836e-10
0.58,0.88,0.475,7.261e-11
0.6,0.88,0.4747,2.798e-11
0.62,0.88,0.4745,1.105e-11
0.64,0.88,0.4743,4.627e-12
0.66,0.88,0.474,1.991e-12
0.68,0.88,0.4738,8.564e-13
0.7,0.88,0.4735,3.888e-13
0.72,0.88,0.4733,1.833e-13
0.74,0.88,0.473,8.637e-14
0.76,0.88,0.4728,4.071e-14
0.78,0.88,0.4725,1.919e-14
0.8,0.88,0.4723,9.044e-15
0.82,0.88,0.472,4.263e-15
0.84,0.88,0.4718,2.009e-15
0.86,0.88,0.4715,9.469e-16
0.88,0.88,0.4713,4.463e-16
0.9,0.88,0.471,2.104e-16
0.92,0.88,0.4708,9.799e-17
0.94,0.88,0.4705,4.559e-17
0.96,0.88,0.4703,2.136e-17
0.98,0.88,0.4701,1.025e-17
1,0.88,0.4698,4.922e-18
1.02,0.88,0.4696,2.363e-18
1.04,0.88,0.4693,1.134e-18
1.06,0.88,0.4691,5.444e-19
1.08,0.88,0.4688,2.613e-19
1.1,0.88,0.4686,1.254e-19
1.12,0.88,0.4683,6.021e-20
1.14,0.88,0.4681,2.845e-20
1.16,0.88,0.4678,1.231e-20
1.18,0.88,0.4676,5.324e-21
1.2,0.88,0.4673,2.303e-21
1.22,0.88,0.4671,9.963e-22
1.24,0.88,0.4668,4.31e-22
1.26,0.88,0.4666,1.864e-22
1.28,0.88,0.4664,8.065e-23
1.3,0.88,0.4661,3.489e-23
1.32,0.88,0.4659,1.509e-23
1.34,0.88,0.4656,6.528e-24
1.36,0.88,0.4654,2.824e-24
1.38,0.88,0.4651,1.222e-24
1.4,0.88,0.4649,5.284e-25
1.42,0.88,0.4646,2.286e-25
1.44,0.88,0.4644,9.888e-26
1.46,0.88,0.4641,4.277e-26
1.48,0.88,0.4639,1.85e-26
1.5,0.88,0.4636,8.004e-27
1.52,0.88,0.4634,3.462e-27
1.54,0.88,0.4631,1.498e-27
1.56,0.88,0.4629,6.479e-28
1.58,0.88,0.4627,2.803e-28
1.6,0.88,0.4624,1.212e-28
-1.6,0.9,0.5019,1.774e-24
-1.58,0.9,0.5017,3.687e-24
-1.56,0.9,0.5014,7.664e-24
-1.54,0.9,0.5012,1.593e-23
-1.52,0.9,0.5009,3.31e-23
-1.5,0.9,0.5007,6.881e-23
-1.48,0.9,0.5004,1.43e-22
-1.46,0.9,0.5002,2.972e-22
-1.44,0.9,0.4999,6.177e-22
-1.42,0.9,0.4997,1.284e-21
-1.4,0.9,0.4995,2.669e-21
-1.38,0.9,0.4992,5.546e-21
-1.36,0.9,0.499,1.153e-20
-1.34,0.9,0.4987,2.396e-20
-1.32,0.9,0.4985,4.979e-20
-1.3,0.9,0.4982,1.035e-19
-1.28,0.9,0.498,2.146e-19
-1.26,0.9,0.4977,4.402e-19
-1.24,0.9,0.4975,9.032e-19
-1.22,0.9,0.4972,1.853e-18
-1.2,0.9,0.497,3.802e-18
-1.18,0.9,0.4967,7.801e-18
-1.16,0.9,0.4965,1.601e-17
-1.14,0.9,0.4962,3.284e-17
-1.12,0.9,0.496,6.738e-17
-1.1,0.9,0.4957,1.343e-16
-1.08,0.9,0.4955,2.648e-16
-1.06,0.9,0.4952,5.22e-16
-1.04,0.9,0.495,1.029e-15
-1.02,0.9,0.4947,2.07e-15
-1,0.9,0.4945,4.235e-15
-0.98,0.9,0.4942,8.664e-15
-0.96,0.9,0.494,1.772e-14
-0.94,0.9,0.4938,3.626e-14
-0.92,0.9,0.4935,7.417e-14
-0.9,0.9,0.4933,1.544e-13
-0.88,0.9,0.493,3.32e-13
-0.86,0.9,0.4928,7.139e-13
-0.84,0.9,0.4925,1.535e-12
-0.82,0.9,0.4923,3.302e-12
-0.8,0.9,0.492,7.1e-12
-0.78,0.9,0.4918,1.401e-11
-0.76,0.9,0.4915,2.558e-11
-0.74,0.9,0.4913,3.804e-11
-0.72,0.9,0.491,5.741e-11
-0.7,0.9,0.4908,8.697e-11
-0.68,0.9,0.4905,1.318e-10
-0.66,0.9,0.4903,1.996e-10
-0.64,0.9,0.49,3.06e-10
-0.62,0.9,0.4898,4.747e-10
-0.6,0.9,0.4895,7.552e-10
-0.58,0.9,0.4893,1.215e-09
-0.56,0.9,0.489,1.822e-09
-0.54,0.9,0.4888,2.676e-09
-0.52,0.9,0.4885,3.719e-09
-0.5,0.9,0.4883,5.178e-09
-0.48,0.9,0.4881,7.355e-09
-0.46,0.9,0.4878,1.045e-08
-0.44,0.9,0.4876,1.484e-08
-0.42,0.9,0.4873,2.107e-08
-0.4,0.9,0.4871,2.993e-08
-0.38,0.9,0.4868,4.252e-08
-0.36,0.9,0.4866,6.039e-08
-0.34,0.9,0.4863,8.577e-08
-0.32,0.9,0.4861,1.225e-07
-0.3,0.9,0.4858,1.761e-07
-0.28,0.9,0.4856,2.564e-07
-0.26,0.9,0.4853,3.801e-07
-0.24,0.9,0.4851,5.663e-07
-0.22,0.9,0.4848,8.439e-07
-0.2,0.9,0.4846,1.257e-06
-0.18,0.9,0.4843,1.873e-06
-0.16,0.9,0.4841,2.791e-06
-0.14,0.9,0.4838,3.84e-06
-0.12,0.9,0.4836,5.054e-06
-0.1,0.9,0.4833,6.739e-06
-0.08,0.9,0.4831,8.986e-06
-0.06,0.9,0.4829,1.198e-05
-0.04,0.9,0.4826,1.598e-05
-0.02,0.9,0.4824,2.13e-05
0,0.9,0.4821,2.823e-05
0.02,0.9,0.4819,2.607e-05
0.04,0.9,0.4816,2.191e-05
0.06,0.9,0.4814,1.842e-05
0.08,0.9,0.4811,1.548e-05
0.1,0.9,0.4809,1.301e-05
0.12,0.9,0.4806,1.018e-05
0.14,0.9,0.4804,7.482e-06
0.16,0.9,0.4801,5.499e-06
0.18,0.9,0.4799,4.042e-06
0.2,0.9,0.4796,2.971e-06
0.22,0.9,0.4794,2.183e-06
0.24,0.9,0.4791,1.605e-06
0.26,0.9,0.4789,1.179e-06
0.28,0.9,0.4786,8.669e-07
0.3,0.9,0.4784,6.429e-07
0.32,0.9,0.4782,4.788e-07
0.34,0.9,0.4779,3.566e-07
0.36,0.9,0.4777,2.686e-07
0.38,0.9,0.4774,2.032e-07
0.4,0.9,0.4772,1.355e-07
0.42,0.9,0.4769,5.84e-08
0.44,0.9,0.4767,2.455e-08
0.46,0.9,0.4764,9.742e-09
0.48,0.9,0.4762,3.599e-09
0.5,0.9,0.4759,1.319e-09
0.52,0.9,0.4757,5.132e-10
0.54,0.9,0.4754,2.029e-10
0.56,0.9,0.4752,8.023e-11
0.58,0.9,0.4749,3.172e-11
0.6,0.9,0.4747,1.306e-11
0.62,0.9,0.4744,5.45e-12
0.64,0.9,0.4742,2.345e-12
0.66,0.9,0.4739,1.009e-12
0.68,0.9,0.4737,4.433e-13
0.7,0.9,0.4735,2.063e-13
0.72,0.9,0.4732,9.722e-14
0.74,0.9,0.473,4.582e-14
0.76,0.9,0.4727,2.16e-14
0.78,0.9,0.4725,1.018e-14
0.8,0.9,0.4722,4.798e-15
0.82,0.9,0.472,2.261e-15
0.84,0.9,0.4717,1.066e-15
0.86,0.9,0.4715,5.024e-16
0.88,0.9,0.4712,2.368e-16
0.9,0.9,0.471,1.116e-16
0.92,0.9,0.4707,5.216e-17
0.94,0.9,0.4705,2.427e-17
0.96,0.9,0.4702,1.15e-17
0.98,0.9,0.47,5.52e-18
1,0.9,0.4697,2.649e-18
1.02,0.9,0.4695,1.272e-18
1.04,0.9,0.4693,6.105e-19
1.06,0.9,0.469,2.93e-19
1.08,0.9,0.4688,1.407e-19
1.1,0.9,0.4685,6.752e-20
1.12,0.9,0.4683,3.241e-20
1.14,0.9,0.468,1.556e-20
1.16,0.9,0.4678,7.329e-21
1.18,0.9,0.4675,3.17e-21
1.2,0.9,0.4673,1.371e-21
1.22,0.9,0.467,5.932e-22
1.24,0.9,0.4668,2.566e-22
1.26,0.9,0.4665,1.11e-22
1.28,0.9,0.4663,4.802e-23
1.3,0.9,0.466,2.077e-23
1.32,0.9,0.4658,8.986e-24
1.34,0.9,0.4656,3.887e-24
1.36,0.9,0.4653,1.681e-24
1.38,0.9,0.4651,7.274e-25
1.4,0.9,0.4648,3.146e-25
1.42,0.9,0.4646,1.361e-25
1.44,0.9,0.4643,5.888e-26
1.46,0.9,0.4641,2.547e-26
1.48,0.9,0.4638,1.102e-26
1.5,0.9,0.4636,4.766e-27
1.52,0.9,0.4633,2.062e-27
1.54,0.9,0.4631,8.918e-28
1.56,0.9,0.4628,3.858e-28
1.58,0.9,0.4626,1.669e-28
1.6,0.9,0.4623,7.219e-29
-1.6,0.92,0.5019,1.096e-24
-1.58,0.92,0.5016,2.277e-24
-1.56,0.92,0.5014,4.733e-24
-1.54,0.92,0.5011,9.838e-24
-1.52,0.92,0.5009,2.045e-23
-1.5,0.92,0.5006,4.25e-23
-1.48,0.92,0.5004,8.832e-23
-1.46,0.92,0.5001,1.836e-22
-1.44,0.92,0.4999,3.815e-22
-1.42,0.92,0.4996,7.93e-22
-1.4,0.92,0.4994,1.648e-21
-1.38,0.92,0.4991,3.426e-21
-1.36,0.92,0.4989,7.12e-21
-1.34,0.92,0.4987,1.48e-20
-1.32,0.92,0.4984,3.076e-20
-1.3,0.92,0.4982,6.392e-20
-1.28,0.92,0.4979,1.312e-19
-1.26,0.92,0.4977,2.691e-19
-1.24,0.92,0.4974,5.522e-19
-1.22,0.92,0.4972,1.133e-18
-1.2,0.92,0.4969,2.324e-18
-1.18,0.92,0.4967,4.769e-18
-1.16,0.92,0.4964,9.785e-18
-1.14,0.92,0.4962,1.974e-17
-1.12,0.92,0.4959,3.892e-17
-1.1,0.92,0.4957,7.673e-17
-1.08,0.92,0.4954,1.513e-16
-1.06,0.92,0.4952,2.982e-16
-1.04,0.92,0.4949,5.88e-16
-1.02,0.92,0.4947,1.178e-15
-1,0.92,0.4944,2.409e-15
-0.98,0.92,0.4942,4.929e-15
-0.96,0.92,0.4939,1.008e-14
-0.94,0.92,0.4937,2.063e-14
-0.92,0.92,0.4934,4.22e-14
-0.9,0.92,0.4932,8.639e-14
-0.88,0.92,0.493,1.858e-13
-0.86,0.92,0.4927,3.995e-13
-0.84,0.92,0.4925,8.592e-13
-0.82,0.92,0.4922,1.848e-12
-0.8,0.92,0.492,3.916e-12
-0.78,0.92,0.4917,7.151e-12
-0.76,0.92,0.4915,1.179e-11
-0.74,0.92,0.4912,1.751e-11
-0.72,0.92,0.491,2.599e-11
-0.7,0.92,0.4907,3.859e-11
-0.68,0.92,0.4905,5.841e-11
-0.66,0.92,0.4902,8.849e-11
-0.64,0.92,0.49,1.341e-10
-0.62,0.92,0.4897,2.033e-10
-0.6,0.92,0.4895,3.137e-10
-0.58,0.92,0.4892,4.564e-10
-0.56,0.92,0.489,6.651e-10
-0.54,0.92,0.4887,9.201e-10
-0.52,0.92,0.4885,1.279e-09
-0.5,0.92,0.4882,1.777e-09
-0.48,0.92,0.488,2.47e-09
-0.46,0.92,0.4877,3.45e-09
-0.44,0.92,0.4875,4.9e-09
-0.42,0.92,0.4873,6.96e-09
-0.4,0.92,0.487,9.886e-09
-0.38,0.92,0.4868,1.404e-08
-0.36,0.92,0.4865,1.994e-08
-0.34,0.92,0.4863,2.833e-08
-0.32,0.92,0.486,4.023e-08
-0.3,0.92,0.4858,5.715e-08
-0.28,0.92,0.4855,8.117e-08
-0.26,0.92,0.4853,1.153e-07
-0.24,0.92,0.485,1.643e-07
-0.22,0.92,0.4848,2.399e-07
-0.2,0.92,0.4845,3.526e-07
-0.18,0.92,0.4843,5.254e-07
-0.16,0.92,0.484,7.641e-07
-0.14,0.92,0.4838,9.994e-07
-0.12,0.92,0.4835,1.307e-06
-0.1,0.92,0.4833,1.71e-06
-0.08,0.92,0.483,2.237e-06
-0.06,0.92,0.4828,2.926e-06
-0.04,0.92,0.4825,3.898e-06
-0.02,0.92,0.4823,5.198e-06
0,0.92,0.4821,6.537e-06
0.02,0.92,0.4818,6.345e-06
0.04,0.92,0.4816,5.333e-06
0.06,0.92,0.4813,4.482e-06
0.08,0.92,0.4811,3.767e-06
0.1,0.92,0.4808,3.166e-06
0.12,0.92,0.4806,2.595e-06
0.14,0.92,0.4803,1.907e-06
0.16,0.92,0.4801,1.402e-06
0.18,0.92,0.4798,1.03e-06
0.2,0.92,0.4796,7.573e-07
0.22,0.92,0.4793,5.601e-07
0.24,0.92,0.4791,4.204e-07
0.26,0.92,0.4788,3.2e-07
0.28,0.92,0.4786,2.435e-07
0.3,0.92,0.4783,1.854e-07
0.32,0.92,0.4781,1.411e-07
0.34,0.92,0.4778,1.074e-07
0.36,0.92,0.4776,8.172e-08
0.38,0.92,0.4774,6.219e-08
0.4,0.92,0.4771,4.551e-08
0.42,0.92,0.4769,2.054e-08
0.44,0.92,0.4766,8.725e-09
0.46,0.92,0.4764,3.683e-09
0.48,0.92,0.4761,1.461e-09
0.5,0.92,0.4759,5.671e-10
0.52,0.92,0.4756,2.242e-10
0.54,0.92,0.4754,8.864e-11
0.56,0.92,0.4751,3.505e-11
0.58,0.92,0.4749,1.424e-11
0.6,0.92,0.4746,5.982e-12
0.62,0.92,0.4744,2.654e-12
0.64,0.92,0.4741,1.184e-12
0.66,0.92,0.4739,5.131e-13
0.68,0.92,0.4736,2.322e-13
0.7,0.92,0.4734,1.094e-13
0.72,0.92,0.4731,5.158e-14
0.74,0.92,0.4729,2.431e-14
0.76,0.92,0.4727,1.146e-14
0.78,0.92,0.4724,5.4e-15
0.8,0.92,0.4722,2.545e-15
0.82,0.92,0.4719,1.2e-15
0.84,0.92,0.4717,5.654e-16
0.86,0.92,0.4714,2.665e-16
0.88,0.92,0.4712,1.256e-16
0.9,0.92,0.4709,5.92e-17
0.92,0.92,0.4707,2.777e-17
0.94,0.92,0.4704,1.292e-17
0.96,0.92,0.4702,6.19e-18
0.98,0.92,0.4699,2.971e-18
1,0.92,0.4697,1.426e-18
1.02,0.92,0.4694,6.846e-19
1.04,0.92,0.4692,3.286e-19
1.06,0.92,0.4689,1.577e-19
1.08,0.92,0.4687,7.572e-20
1.1,0.92,0.4685,3.635e-20
1.12,0.92,0.4682,1.745e-20
1.14,0.92,0.468,8.374e-21
1.16,0.92,0.4677,4.02e-21
1.18,0.92,0.4675,1.888e-21
1.2,0.92,0.4672,8.166e-22
1.22,0.92,0.467,3.532e-22
1.24,0.92,0.4667,1.528e-22
1.26,0.92,0.4665,6.61e-23
1.28,0.92,0.4662,2.859e-23
1.3,0.92,0.466,1.237e-23
1.32,0.92,0.4657,5.35e-24
1.34,0.92,0.4655,2.314e-24
1.36,0.92,0.4652,1.001e-24
1.38,0.92,0.465,4.331e-25
1.4,0.92,0.4648,1.873e-25
1.42,0.92,0.4645,8.104e-26
1.44,0.92,0.4643,3.506e-26
1.46,0.92,0.464,1.516e-26
1.48,0.92,0.4638,6.56e-27
1.5,0.92,0.4635,2.838e-27
1.52,0.92,0.4633,1.228e-27
1.54,0.92,0.463,5.31e-28
1.56,0.92,0.4628,2.297e-28
1.58,0.92,0.4625,9.936e-29
1.6,0.92,0.4623,4.298e-29
-1.6,0.94,0.5018,6.768e-25
-1.58,0.94,0.5016,1.407e-24
-1.56,0.94,0.5013,2.923e-24
-1.54,0.94,0.5011,6.076e-24
-1.52,0.94,0.5008,1.263e-23
-1.5,0.94,0.5006,2.625e-23
-1.48,0.94,0.5003,5.455e-23
-1.46,0.94,0.5001,1.134e-22
-1.44,0.94,0.4998,2.357e-22
-1.42,0.94,0.4996,4.898e-22
-1.4,0.94,0.4993,1.018e-21
-1.38,0.94,0.4991,2.116e-21
-1.36,0.94,0.4988,4.397e-21
-1.34,0.94,0.4986,9.139e-21
-1.32,0.94,0.4983,1.9e-20
-1.3,0.94,0.4981,3.909e-20
-1.28,0.94,0.4978,8.019e-20
-1.26,0.94,0.4976,1.645e-19
-1.24,0.94,0.4974,3.376e-19
-1.22,0.94,0.4971,6.926e-19
-1.2,0.94,0.4969,1.421e-18
-1.18,0.94,0.4966,2.902e-18
-1.16,0.94,0.4964,5.722e-18
-1.14,0.94,0.4961,1.128e-17
-1.12,0.94,0.4959,2.224e-17
-1.1,0.94,0.4956,4.384e-17
-1.08,0.94,0.4954,8.644e-17
-1.06,0.94,0.4951,1.704e-16
-1.04,0.94,0.4949,3.36e-16
-1.02,0.94,0.4946,6.7e-16
-1,0.94,0.4944,1.371e-15
-0.98,0.94,0.4941,2.804e-15
-0.96,0.94,0.4939,5.736e-15
-0.94,0.94,0.4936,1.173e-14
-0.92,0.94,0.4934,2.4e-14
-0.9,0.94,0.4931,4.911e-14
-0.88,0.94,0.4929,1.04e-13
-0.86,0.94,0.4926,2.236e-13
-0.84,0.94,0.4924,4.809e-13
-0.82,0.94,0.4921,1.034e-12
-0.8,0.94,0.4919,2e-12
-0.78,0.94,0.4917,3.652e-12
-0.76,0.94,0.4914,5.425e-12
-0.74,0.94,0.4912,8.055e-12
-0.72,0.94,0.4909,1.196e-11
-0.7,0.94,0.4907,1.776e-11
-0.68,0.94,0.4904,2.637e-11
-0.66,0.94,0.4902,3.923e-11
-0.64,0.94,0.4899,5.943e-11
-0.62,0.94,0.4897,8.941e-11
-0.6,0.94,0.4894,1.277e-10
-0.58,0.94,0.4892,1.811e-10
-0.56,0.94,0.4889,2.456e-10
-0.54,0.94,0.4887,3.333e-10
-0.52,0.94,0.4884,4.521e-10
-0.5,0.94,0.4882,6.204e-10
-0.48,0.94,0.4879,8.535e-10
-0.46,0.94,0.4877,1.181e-09
-0.44,0.94,0.4874,1.641e-09
-0.42,0.94,0.4872,2.299e-09
-0.4,0.94,0.4869,3.265e-09
-0.38,0.94,0.4867,4.637e-09
-0.36,0.94,0.4865,6.586e-09
-0.34,0.94,0.4862,9.355e-09
-0.32,0.94,0.486,1.329e-08
-0.3,0.94,0.4857,1.887e-08
-0.28,0.94,0.4855,2.681e-08
-0.26,0.94,0.4852,3.808e-08
-0.24,0.94,0.485,5.408e-08
-0.22,0.94,0.4847,7.682e-08
-0.2,0.94,0.4845,1.091e-07
-0.18,0.94,0.4842,1.553e-07
-0.16,0.94,0.484,2.047e-07
-0.14,0.94,0.4837,2.64e-07
-0.12,0.94,0.4835,3.411e-07
-0.1,0.94,0.4832,4.451e-07
-0.08,0.94,0.483,5.822e-07
-0.06,0.94,0.4827,7.615e-07
-0.04,0.94,0.4825,9.961e-07
-0.02,0.94,0.4822,1.303e-06
0,0.94,0.482,1.532e-06
0.02,0.94,0.4817,1.529e-06
0.04,0.94,0.4815,1.303e-06
0.06,0.94,0.4813,1.097e-06
0.08,0.94,0.481,9.242e-07
0.1,0.94,0.4808,7.785e-07
0.12,0.94,0.4805,6.557e-07
0.14,0.94,0.4803,5.039e-07
0.16,0.94,0.48,3.835e-07
0.18,0.94,0.4798,2.919e-07
0.2,0.94,0.4795,2.222e-07
0.22,0.94,0.4793,1.691e-07
0.24,0.94,0.479,1.287e-07
0.26,0.94,0.4788,9.794e-08
0.28,0.94,0.4785,7.454e-08
0.3,0.94,0.4783,5.673e-08
0.32,0.94,0.478,4.318e-08
0.34,0.94,0.4778,3.286e-08
0.36,0.94,0.4775,2.501e-08
0.38,0.94,0.4773,1.904e-08
0.4,0.94,0.477,1.438e-08
0.42,0.94,0.4768,7.175e-09
0.44,0.94,0.4766,3.069e-09
0.46,0.94,0.4763,1.304e-09
0.48,0.94,0.4761,5.728e-10
0.5,0.94,0.4758,2.438e-10
0.52,0.94,0.4756,9.795e-11
0.54,0.94,0.4753,3.873e-11
0.56,0.94,0.4751,1.552e-11
0.58,0.94,0.4748,6.508e-12
0.6,0.94,0.4746,2.85e-12
0.62,0.94,0.4743,1.272e-12
0.64,0.94,0.4741,5.677e-13
0.66,0.94,0.4738,2.603e-13
0.68,0.94,0.4736,1.232e-13
0.7,0.94,0.4733,5.805e-14
0.72,0.94,0.4731,2.736e-14
0.74,0.94,0.4728,1.29e-14
0.76,0.94,0.4726,6.078e-15
0.78,0.94,0.4723,2.865e-15
0.8,0.94,0.4721,1.35e-15
0.82,0.94,0.4719,6.364e-16
0.84,0.94,0.4716,3e-16
0.86,0.94,0.4714,1.414e-16
0.88,0.94,0.4711,6.664e-17
0.9,0.94,0.4709,3.141e-17
0.92,0.94,0.4706,1.478e-17
0.94,0.94,0.4704,6.942e-18
0.96,0.94,0.4701,3.332e-18
0.98,0.94,0.4699,1.599e-18
1,0.94,0.4696,7.678e-19
1.02,0.94,0.4694,3.685e-19
1.04,0.94,0.4691,1.769e-19
1.06,0.94,0.4689,8.491e-20
1.08,0.94,0.4686,4.076e-20
1.1,0.94,0.4684,1.956e-20
1.12,0.94,0.4682,9.391e-21
1.14,0.94,0.4679,4.508e-21
1.16,0.94,0.4677,2.164e-21
1.18,0.94,0.4674,1.039e-21
1.2,0.94,0.4672,4.862e-22
1.22,0.94,0.4669,2.103e-22
1.24,0.94,0.4667,9.098e-23
1.26,0.94,0.4664,3.936e-23
1.28,0.94,0.4662,1.703e-23
1.3,0.94,0.4659,7.365e-24
1.32,0.94,0.4657,3.186e-24
1.34,0.94,0.4654,1.378e-24
1.36,0.94,0.4652,5.962e-25
1.38,0.94,0.4649,2.579e-25
1.4,0.94,0.4647,1.116e-25
1.42,0.94,0.4645,4.826e-26
1.44,0.94,0.4642,2.087e-26
1.46,0.94,0.464,9.03e-27
1.48,0.94,0.4637,3.906e-27
1.5,0.94,0.4635,1.69e-27
1.52,0.94,0.4632,7.309e-28
1.54,0.94,0.463,3.162e-28
1.56,0.94,0.4627,1.368e-28
1.58,0.94,0.4625,5.916e-29
1.6,0.94,0.4622,2.559e-29
-1.6,0.96,0.5018,4.18e-25
-1.58,0.96,0.5015,8.687e-25
-1.56,0.96,0.5013,1.806e-24
-1.54,0.96,0.501,3.753e-24
-1.52,0.96,0.5008,7.8e-24
-1.5,0.96,0.5005,1.621e-23
-1.48,0.96,0.5003,3.369e-23
-1.46,0.96,0.5,7.003e-23
-1.44,0.96,0.4998,1.455e-22
-1.42,0.96,0.4995,3.025e-22
-1.4,0.96,0.4993,6.287e-22
-1.38,0.96,0.499,1.307e-21
-1.36,0.96,0.4988,2.716e-21
-1.34,0.96,0.4985,5.645e-21
-1.32,0.96,0.4983,1.165e-20
-1.3,0.96,0.498,2.39e-20
-1.28,0.96,0.4978,4.903e-20
-1.26,0.96,0.4975,1.006e-19
-1.24,0.96,0.4973,2.064e-19
-1.22,0.96,0.497,4.234e-19
-1.2,0.96,0.4968,8.412e-19
-1.18,0.96,0.4966,1.658e-18
-1.16,0.96,0.4963,3.269e-18
-1.14,0.96,0.4961,6.446e-18
-1.12,0.96,0.4958,1.271e-17
-1.1,0.96,0.4956,2.505e-17
-1.08,0.96,0.4953,4.939e-17
-1.06,0.96,0.4951,9.737e-17
-1.04,0.96,0.4948,1.92e-16
-1.02,0.96,0.4946,3.812e-16
-1,0.96,0.4943,7.797e-16
-0.98,0.96,0.4941,1.595e-15
-0.96,0.96,0.4938,3.263e-15
-0.94,0.96,0.4936,6.675e-15
-0.92,0.96,0.4933,1.366e-14
-0.9,0.96,0.4931,2.793e-14
-0.88,0.96,0.4928,5.819e-14
-0.86,0.96,0.4926,1.251e-13
-0.84,0.96,0.4923,2.691e-13
-0.82,0.96,0.4921,5.591e-13
-0.8,0.96,0.4918,1.021e-12
-0.78,0.96,0.4916,1.682e-12
-0.76,0.96,0.4913,2.497e-12
-0.74,0.96,0.4911,3.707e-12
-0.72,0.96,0.4909,5.504e-12
-0.7,0.96,0.4906,8.172e-12
-0.68,0.96,0.4904,1.213e-11
-0.66,0.96,0.4901,1.801e-11
-0.64,0.96,0.4899,2.646e-11
-0.62,0.96,0.4896,3.72e-11
-0.6,0.96,0.4894,5.277e-11
-0.58,0.96,0.4891,7.04e-11
-0.56,0.96,0.4889,9.392e-11
-0.54,0.96,0.4886,1.253e-10
-0.52,0.96,0.4884,1.7e-10
-0.5,0.96,0.4881,2.306e-10
-0.48,0.96,0.4879,3.128e-10
-0.46,0.96,0.4876,4.244e-10
-0.44,0.96,0.4874,5.786e-10
-0.42,0.96,0.4871,7.96e-10
-0.4,0.96,0.4869,1.095e-09
-0.38,0.96,0.4866,1.531e-09
-0.36,0.96,0.4864,2.175e-09
-0.34,0.96,0.4861,3.09e-09
-0.32,0.96,0.4859,4.388e-09
-0.3,0.96,0.4857,6.233e-09
-0.28,0.96,0.4854,8.853e-09
-0.26,0.96,0.4852,1.257e-08
-0.24,0.96,0.4849,1.786e-08
-0.22,0.96,0.4847,2.537e-08
-0.2,0.96,0.4844,3.603e-08
-0.18,0.96,0.4842,4.918e-08
-0.16,0.96,0.4839,6.202e-08
-0.14,0.96,0.4837,7.821e-08
-0.12,0.96,0.4834,9.887e-08
-0.1,0.96,0.4832,1.266e-07
-0.08,0.96,0.4829,1.622e-07
-0.06,0.96,0.4827,2.078e-07
-0.04,0.96,0.4824,2.662e-07
-0.02,0.96,0.4822,3.429e-07
0,0.96,0.4819,3.824e-07
0.02,0.96,0.4817,3.834e-07
0.04,0.96,0.4814,3.455e-07
0.06,0.96,0.4812,2.974e-07
0.08,0.96,0.4809,2.563e-07
0.1,0.96,0.4807,2.208e-07
0.12,0.96,0.4805,1.903e-07
0.14,0.96,0.4802,1.542e-07
0.16,0.96,0.48,1.174e-07
0.18,0.96,0.4797,8.935e-08
0.2,0.96,0.4795,6.8e-08
0.22,0.96,0.4792,5.175e-08
0.24,0.96,0.479,3.939e-08
0.26,0.96,0.4787,2.998e-08
0.28,0.96,0.4785,2.282e-08
0.3,0.96,0.4782,1.737e-08
0.32,0.96,0.478,1.322e-08
0.34,0.96,0.4777,1.006e-08
0.36,0.96,0.4775,7.656e-09
0.38,0.96,0.4772,5.827e-09
0.4,0.96,0.477,4.435e-09
0.42,0.96,0.4767,2.351e-09
0.44,0.96,0.4765,1.075e-09
0.46,0.96,0.4762,4.79e-10
0.48,0.96,0.476,2.171e-10
0.5,0.96,0.4758,9.835e-11
0.52,0.96,0.4755,4.193e-11
0.54,0.96,0.4753,1.692e-11
0.56,0.96,0.475,7.081e-12
0.58,0.96,0.4748,3.06e-12
0.6,0.96,0.4745,1.366e-12
0.62,0.96,0.4743,6.096e-13
0.64,0.96,0.474,2.765e-13
0.66,0.96,0.4738,1.292e-13
0.68,0.96,0.4735,6.297e-14
0.7,0.96,0.4733,3.068e-14
0.72,0.96,0.473,1.452e-14
0.74,0.96,0.4728,6.842e-15
0.76,0.96,0.4725,3.225e-15
0.78,0.96,0.4723,1.52e-15
0.8,0.96,0.472,7.163e-16
0.82,0.96,0.4718,3.376e-16
0.84,0.96,0.4716,1.591e-16
0.86,0.96,0.4713,7.501e-17
0.88,0.96,0.4711,3.535e-17
0.9,0.96,0.4708,1.666e-17
0.92,0.96,0.4706,7.854e-18
0.94,0.96,0.4703,3.737e-18
0.96,0.96,0.4701,1.794e-18
0.98,0.96,0.4698,8.61e-19
1,0.96,0.4696,4.133e-19
1.02,0.96,0.4693,1.984e-19
1.04,0.96,0.4691,9.523e-20
1.06,0.96,0.4688,4.571e-20
1.08,0.96,0.4686,2.194e-20
1.1,0.96,0.4683,1.053e-20
1.12,0.96,0.4681,5.055e-21
1.14,0.96,0.4678,2.427e-21
1.16,0.96,0.4676,1.165e-21
1.18,0.96,0.4674,5.591e-22
1.2,0.96,0.4671,2.684e-22
1.22,0.96,0.4669,1.252e-22
1.24,0.96,0.4666,5.418e-23
1.26,0.96,0.4664,2.344e-23
1.28,0.96,0.4661,1.014e-23
1.3,0.96,0.4659,4.385e-24
1.32,0.96,0.4656,1.897e-24
1.34,0.96,0.4654,8.206e-25
1.36,0.96,0.4651,3.55e-25
1.38,0.96,0.4649,1.536e-25
1.4,0.96,0.4646,6.642e-26
1.42,0.96,0.4644,2.873e-26
1.44,0.96,0.4641,1.243e-26
1.46,0.96,0.4639,5.377e-27
1.48,0.96,0.4637,2.326e-27
1.5,0.96,0.4634,1.006e-27
1.52,0.96,0.4632,4.352e-28
1.54,0.96,0.4629,1.883e-28
1.56,0.96,0.4627,8.144e-29
1.58,0.96,0.4624,3.523e-29
1.6,0.96,0.4622,1.524e-29
-1.6,0.98,0.5017,2.582e-25
-1.58,0.98,0.5015,5.366e-25
-1.56,0.98,0.5012,1.115e-24
-1.54,0.98,0.501,2.318e-24
-1.52,0.98,0.5007,4.817e-24
-1.5,0.98,0.5005,1.001e-23
-1.48,0.98,0.5002,2.081e-23
-1.46,0.98,0.5,4.325e-23
-1.44,0.98,0.4997,8.989e-23
-1.42,0.98,0.4995,1.868e-22
-1.4,0.98,0.4992,3.883e-22
-1.38,0.98,0.499,8.071e-22
-1.36,0.98,0.4987,1.677e-21
-1.34,0.98,0.4985,3.47e-21
-1.32,0.98,0.4982,7.12e-21
-1.3,0.98,0.498,1.461e-20
-1.28,0.98,0.4977,2.997e-20
-1.26,0.98,0.4975,6.15e-20
-1.24,0.98,0.4972,1.237e-19
-1.22,0.98,0.497,2.438e-19
-1.2,0.98,0.4967,4.806e-19
-1.18,0.98,0.4965,9.475e-19
-1.16,0.98,0.4962,1.868e-18
-1.14,0.98,0.496,3.683e-18
-1.12,0.98,0.4958,7.261e-18
-1.1,0.98,0.4955,1.431e-17
-1.08,0.98,0.4953,2.822e-17
-1.06,0.98,0.495,5.564e-17
-1.04,0.98,0.4948,1.097e-16
-1.02,0.98,0.4945,2.168e-16
-1,0.98,0.4943,4.436e-16
-0.98,0.98,0.494,9.074e-16
-0.96,0.98,0.4938,1.856e-15
-0.94,0.98,0.4935,3.797e-15
-0.92,0.98,0.4933,7.768e-15
-0.9,0.98,0.493,1.589e-14
-0.88,0.98,0.4928,3.257e-14
-0.86,0.98,0.4925,7.004e-14
-0.84,0.98,0.4923,1.506e-13
-0.82,0.98,0.492,2.855e-13
-0.8,0.98,0.4918,5.212e-13
-0.78,0.98,0.4915,7.738e-13
-0.76,0.98,0.4913,1.149e-12
-0.74,0.98,0.491,1.706e-12
-0.72,0.98,0.4908,2.533e-12
-0.7,0.98,0.4905,3.76e-12
-0.68,0.98,0.4903,5.583e-12
-0.66,0.98,0.4901,8.164e-12
-0.64,0.98,0.4898,1.146e-11
-0.62,0.98,0.4896,1.602e-11
-0.6,0.98,0.4893,2.102e-11
-0.58,0.98,0.4891,2.759e-11
-0.56,0.98,0.4888,3.661e-11
-0.54,0.98,0.4886,4.885e-11
-0.52,0.98,0.4883,6.517e-11
-0.5,0.98,0.4881,8.695e-11
-0.48,0.98,0.4878,1.176e-10
-0.46,0.98,0.4876,1.596e-10
-0.44,0.98,0.4873,2.165e-10
-0.42,0.98,0.4871,2.937e-10
-0.4,0.98,0.4868,3.984e-10
-0.38,0.98,0.4866,5.406e-10
-0.36,0.98,0.4863,7.424e-10
-0.34,0.98,0.4861,1.036e-09
-0.32,0.98,0.4858,1.457e-09
-0.3,0.98,0.4856,2.058e-09
-0.28,0.98,0.4853,2.924e-09
-0.26,0.98,0.4851,4.153e-09
-0.24,0.98,0.4848,5.898e-09
-0.22,0.98,0.4846,8.378e-09
-0.2,0.98,0.4844,1.19e-08
-0.18,0.98,0.4841,1.517e-08
-0.16,0.98,0.4839,1.913e-08
-0.14,0.98,0.4836,2.412e-08
-0.12,0.98,0.4834,3.042e-08
-0.1,0.98,0.4831,3.836e-08
-0.08,0.98,0.4829,4.838e-08
-0.06,0.98,0.4826,6.116e-08
-0.04,0.98,0.4824,7.834e-08
-0.02,0.98,0.4821,1.003e-07
0,0.98,0.4819,1.066e-07
0.02,0.98,0.4816,1.069e-07
0.04,0.98,0.4814,1.012e-07
0.06,0.98,0.4811,8.721e-08
0.08,0.98,0.4809,7.514e-08
0.1,0.98,0.4806,6.475e-08
0.12,0.98,0.4804,5.579e-08
0.14,0.98,0.4801,4.721e-08
0.16,0.98,0.4799,3.593e-08
0.18,0.98,0.4797,2.735e-08
0.2,0.98,0.4794,2.081e-08
0.22,0.98,0.4792,1.584e-08
0.24,0.98,0.4789,1.206e-08
0.26,0.98,0.4787,9.176e-09
0.28,0.98,0.4784,6.984e-09
0.3,0.98,0.4782,5.315e-09
0.32,0.98,0.4779,4.045e-09
0.34,0.98,0.4777,3.079e-09
0.36,0.98,0.4774,2.343e-09
0.38,0.98,0.4772,1.784e-09
0.4,0.98,0.4769,1.357e-09
0.42,0.98,0.4767,7.78e-10
0.44,0.98,0.4764,3.743e-10
0.46,0.98,0.4762,1.809e-10
0.48,0.98,0.4759,8.208e-11
0.5,0.98,0.4757,3.719e-11
0.52,0.98,0.4754,1.685e-11
0.54,0.98,0.4752,7.535e-12
0.56,0.98,0.475,3.29e-12
0.58,0.98,0.4747,1.467e-12
0.6,0.98,0.4745,6.546e-13
0.62,0.98,0.4742,2.936e-13
0.64,0.98,0.474,1.359e-13
0.66,0.98,0.4737,6.519e-14
0.68,0.98,0.4735,3.177e-14
0.7,0.98,0.4732,1.548e-14
0.72,0.98,0.473,7.541e-15
0.74,0.98,0.4727,3.63e-15
0.76,0.98,0.4725,1.711e-15
0.78,0.98,0.4722,8.063e-16
0.8,0.98,0.472,3.8e-16
0.82,0.98,0.4717,1.791e-16
0.84,0.98,0.4715,8.442e-17
0.86,0.98,0.4712,3.979e-17
0.88,0.98,0.471,1.875e-17
0.9,0.98,0.4708,8.84e-18
0.92,0.98,0.4705,4.169e-18
0.94,0.98,0.4703,2.012e-18
0.96,0.98,0.47,9.656e-19
0.98,0.98,0.4698,4.635e-19
1,0.98,0.4695,2.225e-19
1.02,0.98,0.4693,1.068e-19
1.04,0.98,0.469,5.126e-20
1.06,0.98,0.4688,2.461e-20
1.08,0.98,0.4685,1.181e-20
1.1,0.98,0.4683,5.669e-21
1.12,0.98,0.468,2.721e-21
1.14,0.98,0.4678,1.306e-21
1.16,0.98,0.4675,6.27e-22
1.18,0.98,0.4673,3.01e-22
1.2,0.98,0.467,1.445e-22
1.22,0.98,0.4668,6.935e-23
1.24,0.98,0.4666,3.226e-23
1.26,0.98,0.4663,1.395e-23
1.28,0.98,0.4661,6.036e-24
1.3,0.98,0.4658,2.611e-24
1.32,0.98,0.4656,1.13e-24
1.34,0.98,0.4653,4.886e-25
1.36,0.98,0.4651,2.114e-25
1.38,0.98,0.4648,9.143e-26
1.4,0.98,0.4646,3.955e-26
1.42,0.98,0.4643,1.711e-26
1.44,0.98,0.4641,7.401e-27
1.46,0.98,0.4638,3.202e-27
1.48,0.98,0.4636,1.385e-27
1.5,0.98,0.4633,5.991e-28
1.52,0.98,0.4631,2.591e-28
1.54,0.98,0.4629,1.121e-28
1.56,0.98,0.4626,4.849e-29
1.58,0.98,0.4624,2.098e-29
1.6,0.98,0.4621,9.074e-30
-1.6,1,0.5016,1.594e-25
-1.58,1,0.5014,3.314e-25
-1.56,1,0.5011,6.888e-25
-1.54,1,0.5009,1.432e-24
-1.52,1,0.5006,2.975e-24
-1.5,1,0.5004,6.184e-24
-1.48,1,0.5002,1.285e-23
-1.46,1,0.4999,2.671e-23
-1.44,1,0.4997,5.552e-23
-1.42,1,0.4994,1.154e-22
-1.4,1,0.4992,2.398e-22
-1.38,1,0.4989,4.985e-22
-1.36,1,0.4987,1.034e-21
-1.34,1,0.4984,2.122e-21
-1.32,1,0.4982,4.353e-21
-1.3,1,0.4979,8.931e-21
-1.28,1,0.4977,1.818e-20
-1.26,1,0.4974,3.584e-20
-1.24,1,0.4972,7.066e-20
-1.22,1,0.4969,1.393e-19
-1.2,1,0.4967,2.746e-19
-1.18,1,0.4964,5.414e-19
-1.16,1,0.4962,1.067e-18
-1.14,1,0.4959,2.104e-18
-1.12,1,0.4957,4.149e-18
-1.1,1,0.4954,8.179e-18
-1.08,1,0.4952,1.612e-17
-1.06,1,0.4949,3.179e-17
-1.04,1,0.4947,6.267e-17
-1.02,1,0.4945,1.236e-16
-1,1,0.4942,2.523e-16
-0.98,1,0.494,5.162e-16
-0.96,1,0.4937,1.056e-15
-0.94,1,0.4935,2.16e-15
-0.92,1,0.4932,4.419e-15
-0.9,1,0.493,9.04e-15
-0.88,1,0.4927,1.849e-14
-0.86,1,0.4925,3.92e-14
-0.84,1,0.4922,7.982e-14
-0.82,1,0.492,1.458e-13
-0.8,1,0.4917,2.398e-13
-0.78,1,0.4915,3.561e-13
-0.76,1,0.4912,5.287e-13
-0.74,1,0.491,7.85e-13
-0.72,1,0.4907,1.165e-12
-0.7,1,0.4905,1.73e-12
-0.68,1,0.4902,2.519e-12
-0.66,1,0.49,3.536e-12
-0.64,1,0.4897,4.958e-12
-0.62,1,0.4895,6.508e-12
-0.6,1,0.4892,8.541e-12
-0.58,1,0.489,1.121e-11
-0.56,1,0.4888,1.471e-11
-0.54,1,0.4885,1.931e-11
-0.52,1,0.4883,2.541e-11
-0.5,1,0.488,3.39e-11
-0.48,1,0.4878,4.522e-11
-0.46,1,0.4875,6.033e-11
-0.44,1,0.4873,8.139e-11
-0.42,1,0.487,1.104e-10
-0.4,1,0.4868,1.498e-10
-0.38,1,0.4865,2.032e-10
-0.36,1,0.4863,2.757e-10
-0.34,1,0.486,3.741e-10
-0.32,1,0.4858,5.075e-10
-0.3,1,0.4855,7.045e-10
-0.28,1,0.4853,9.906e-10
-0.26,1,0.485,1.393e-09
-0.24,1,0.4848,1.958e-09
-0.22,1,0.4845,2.767e-09
-0.2,1,0.4843,3.71e-09
-0.18,1,0.484,4.679e-09
-0.16,1,0.4838,5.901e-09
-0.14,1,0.4836,7.441e-09
-0.12,1,0.4833,9.384e-09
-0.1,1,0.4831,1.183e-08
-0.08,1,0.4828,1.492e-08
-0.06,1,0.4826,1.882e-08
-0.04,1,0.4823,2.373e-08
-0.02,1,0.4821,2.993e-08
0,1,0.4818,3.014e-08
0.02,1,0.4816,3.008e-08
0.04,1,0.4813,2.967e-08
0.06,1,0.4811,2.557e-08
0.08,1,0.4808,2.203e-08
0.1,1,0.4806,1.898e-08
0.12,1,0.4803,1.636e-08
0.14,1,0.4801,1.41e-08
0.16,1,0.4798,1.1e-08
0.18,1,0.4796,8.371e-09
0.2,1,0.4793,6.371e-09
0.22,1,0.4791,4.849e-09
0.24,1,0.4789,3.69e-09
0.26,1,0.4786,2.82e-09
0.28,1,0.4784,2.156e-09
0.3,1,0.4781,1.648e-09
0.32,1,0.4779,1.26e-09
0.34,1,0.4776,9.653e-10
0.36,1,0.4774,7.425e-10
0.38,1,0.4771,5.712e-10
0.4,1,0.4769,4.394e-10
0.42,1,0.4766,2.752e-10
0.44,1,0.4764,1.33e-10
0.46,1,0.4761,6.43e-11
0.48,1,0.4759,3.104e-11
0.5,1,0.4756,1.406e-11
0.52,1,0.4754,6.714e-12
0.54,1,0.4751,3.237e-12
0.56,1,0.4749,1.537e-12
0.58,1,0.4746,7.029e-13
0.6,1,0.4744,3.137e-13
0.62,1,0.4742,1.444e-13
0.64,1,0.4739,6.75e-14
0.66,1,0.4737,3.289e-14
0.68,1,0.4734,1.603e-14
0.7,1,0.4732,7.808e-15
0.72,1,0.4729,3.804e-15
0.74,1,0.4727,1.854e-15
0.76,1,0.4724,9.032e-16
0.78,1,0.4722,4.277e-16
0.8,1,0.4719,2.016e-16
0.82,1,0.4717,9.503e-17
0.84,1,0.4714,4.479e-17
0.86,1,0.4712,2.111e-17
0.88,1,0.4709,9.95e-18
0.9,1,0.4707,4.69e-18
0.92,1,0.4704,2.236e-18
0.94,1,0.4702,1.083e-18
0.96,1,0.47,5.198e-19
0.98,1,0.4697,2.495e-19
1,1,0.4695,1.198e-19
1.02,1,0.4692,5.749e-20
1.04,1,0.469,2.759e-20
1.06,1,0.4687,1.325e-20
1.08,1,0.4685,6.358e-21
1.1,1,0.4682,3.052e-21
1.12,1,0.468,1.465e-21
1.14,1,0.4677,7.032e-22
1.16,1,0.4675,3.375e-22
1.18,1,0.4672,1.62e-22
1.2,1,0.467,7.777e-23
1.22,1,0.4667,3.733e-23
1.24,1,0.4665,1.792e-23
1.26,1,0.4663,8.309e-24
1.28,1,0.466,3.594e-24
1.3,1,0.4658,1.555e-24
1.32,1,0.4655,6.726e-25
1.34,1,0.4653,2.909e-25
1.36,1,0.465,1.259e-25
1.38,1,0.4648,5.444e-26
1.4,1,0.4645,2.355e-26
1.42,1,0.4643,1.019e-26
1.44,1,0.464,4.407e-27
1.46,1,0.4638,1.906e-27
1.48,1,0.4635,8.246e-28
1.5,1,0.4633,3.567e-28
1.52,1,0.463,1.543e-28
1.54,1,0.4628,6.675e-29
1.56,1,0.4626,2.887e-29
1.58,1,0.4623,1.249e-29
1.6,1,0.4621,5.403e-30
-1.6,1.02,0.5016,9.848e-26
-1.58,1.02,0.5013,2.047e-25
-1.56,1.02,0.5011,4.254e-25
-1.54,1.02,0.5008,8.842e-25
-1.52,1.02,0.5006,1.838e-24
-1.5,1.02,0.5003,3.819e-24
-1.48,1.02,0.5001,7.938e-24
-1.46,1.02,0.4998,1.65e-23
-1.44,1.02,0.4996,3.429e-23
-1.42,1.02,0.4994,7.127e-23
-1.4,1.02,0.4991,1.481e-22
-1.38,1.02,0.4989,3.079e-22
-1.36,1.02,0.4986,6.322e-22
-1.34,1.02,0.4984,1.297e-21
-1.32,1.02,0.4981,2.661e-21
-1.3,1.02,0.4979,5.269e-21
-1.28,1.02,0.4976,1.039e-20
-1.26,1.02,0.4974,2.048e-20
-1.24,1.02,0.4971,4.037e-20
-1.22,1.02,0.4969,7.959e-20
-1.2,1.02,0.4966,1.569e-19
-1.18,1.02,0.4964,3.094e-19
-1.16,1.02,0.4961,6.099e-19
-1.14,1.02,0.4959,1.202e-18
-1.12,1.02,0.4956,2.37e-18
-1.1,1.02,0.4954,4.673e-18
-1.08,1.02,0.4951,9.213e-18
-1.06,1.02,0.4949,1.816e-17
-1.04,1.02,0.4946,3.581e-17
-1.02,1.02,0.4944,7.06e-17
-1,1.02,0.4941,1.435e-16
-0.98,1.02,0.4939,2.937e-16
-0.96,1.02,0.4937,6.007e-16
-0.94,1.02,0.4934,1.229e-15
-0.92,1.02,0.4932,2.514e-15
-0.9,1.02,0.4929,5.143e-15
-0.88,1.02,0.4927,1.052e-14
-0.86,1.02,0.4924,2.194e-14
-0.84,1.02,0.4922,4.076e-14
-0.82,1.02,0.4919,7.433e-14
-0.8,1.02,0.4917,1.104e-13
-0.78,1.02,0.4914,1.639e-13
-0.76,1.02,0.4912,2.433e-13
-0.74,1.02,0.4909,3.612e-13
-0.72,1.02,0.4907,5.363e-13
-0.7,1.02,0.4904,7.775e-13
-0.68,1.02,0.4902,1.091e-12
-0.66,1.02,0.4899,1.531e-12
-0.64,1.02,0.4897,2.014e-12
-0.62,1.02,0.4894,2.644e-12
-0.6,1.02,0.4892,3.47e-12
-0.58,1.02,0.4889,4.555e-12
-0.56,1.02,0.4887,5.978e-12
-0.54,1.02,0.4884,7.846e-12
-0.52,1.02,0.4882,1.03e-11
-0.5,1.02,0.488,1.352e-11
-0.48,1.02,0.4877,1.774e-11
-0.46,1.02,0.4875,2.352e-11
-0.44,1.02,0.4872,3.138e-11
-0.42,1.02,0.487,4.186e-11
-0.4,1.02,0.4867,5.632e-11
-0.38,1.02,0.4865,7.641e-11
-0.36,1.02,0.4862,1.037e-10
-0.34,1.02,0.486,1.406e-10
-0.32,1.02,0.4857,1.908e-10
-0.3,1.02,0.4855,2.588e-10
-0.28,1.02,0.4852,3.512e-10
-0.26,1.02,0.485,4.862e-10
-0.24,1.02,0.4847,6.741e-10
-0.22,1.02,0.4845,9.409e-10
-0.2,1.02,0.4842,1.178e-09
-0.18,1.02,0.484,1.474e-09
-0.16,1.02,0.4837,1.845e-09
-0.14,1.02,0.4835,2.309e-09
-0.12,1.02,0.4832,2.894e-09
-0.1,1.02,0.483,3.65e-09
-0.08,1.02,0.4828,4.603e-09
-0.06,1.02,0.4825,5.805e-09
-0.04,1.02,0.4823,7.32e-09
-0.02,1.02,0.482,8.93e-09
0,1.02,0.4818,8.897e-09
0.02,1.02,0.4815,8.864e-09
0.04,1.02,0.4813,8.83e-09
0.06,1.02,0.481,7.774e-09
0.08,1.02,0.4808,6.681e-09
0.1,1.02,0.4805,5.741e-09
0.12,1.02,0.4803,4.934e-09
0.14,1.02,0.48,4.24e-09
0.16,1.02,0.4798,3.456e-09
0.18,1.02,0.4795,2.642e-09
0.2,1.02,0.4793,2.022e-09
0.22,1.02,0.479,1.555e-09
0.24,1.02,0.4788,1.197e-09
0.26,1.02,0.4785,9.205e-10
0.28,1.02,0.4783,7.081e-10
0.3,1.02,0.4781,5.447e-10
0.32,1.02,0.4778,4.19e-10
0.34,1.02,0.4776,3.223e-10
0.36,1.02,0.4773,2.48e-10
0.38,1.02,0.4771,1.907e-10
0.4,1.02,0.4768,1.467e-10
0.42,1.02,0.4766,9.78e-11
0.44,1.02,0.4763,4.727e-11
0.46,1.02,0.4761,2.285e-11
0.48,1.02,0.4758,1.119e-11
0.5,1.02,0.4756,5.691e-12
0.52,1.02,0.4753,2.744e-12
0.54,1.02,0.4751,1.367e-12
0.56,1.02,0.4748,6.829e-13
0.58,1.02,0.4746,3.277e-13
0.6,1.02,0.4743,1.533e-13
0.62,1.02,0.4741,7.098e-14
0.64,1.02,0.4738,3.405e-14
0.66,1.02,0.4736,1.659e-14
0.68,1.02,0.4734,8.085e-15
0.7,1.02,0.4731,3.939e-15
0.72,1.02,0.4729,1.919e-15
0.74,1.02,0.4726,9.352e-16
0.76,1.02,0.4724,4.557e-16
0.78,1.02,0.4721,2.22e-16
0.8,1.02,0.4719,1.07e-16
0.82,1.02,0.4716,5.041e-17
0.84,1.02,0.4714,2.376e-17
0.86,1.02,0.4711,1.12e-17
0.88,1.02,0.4709,5.278e-18
0.9,1.02,0.4706,2.488e-18
0.92,1.02,0.4704,1.2e-18
0.94,1.02,0.4701,5.829e-19
0.96,1.02,0.4699,2.798e-19
0.98,1.02,0.4696,1.343e-19
1,1.02,0.4694,6.447e-20
1.02,1.02,0.4692,3.095e-20
1.04,1.02,0.4689,1.485e-20
1.06,1.02,0.4687,7.13e-21
1.08,1.02,0.4684,3.423e-21
1.1,1.02,0.4682,1.643e-21
1.12,1.02,0.4679,7.886e-22
1.14,1.02,0.4677,3.785e-22
1.16,1.02,0.4674,1.817e-22
1.18,1.02,0.4672,8.722e-23
1.2,1.02,0.4669,4.187e-23
1.22,1.02,0.4667,2.01e-23
1.24,1.02,0.4664,9.646e-24
1.26,1.02,0.4662,4.63e-24
1.28,1.02,0.4659,2.14e-24
1.3,1.02,0.4657,9.258e-25
1.32,1.02,0.4655,4.005e-25
1.34,1.02,0.4652,1.732e-25
1.36,1.02,0.465,7.494e-26
1.38,1.02,0.4647,3.242e-26
1.4,1.02,0.4645,1.402e-26
1.42,1.02,0.4642,6.066e-27
1.44,1.02,0.464,2.624e-27
1.46,1.02,0.4637,1.135e-27
1.48,1.02,0.4635,4.91e-28
1.5,1.02,0.4632,2.124e-28
1.52,1.02,0.463,9.188e-29
1.54,1.02,0.4627,3.975e-29
1.56,1.02,0.4625,1.719e-29
1.58,1.02,0.4622,7.437e-30
1.6,1.02,0.462,3.217e-30
-1.6,1.04,0.5015,6.082e-26
-1.58,1.04,0.5013,1.264e-25
-1.56,1.04,0.501,2.627e-25
-1.54,1.04,0.5008,5.461e-25
-1.52,1.04,0.5005,1.135e-24
-1.5,1.04,0.5003,2.359e-24
-1.48,1.04,0.5,4.903e-24
-1.46,1.04,0.4998,1.019e-23
-1.44,1.04,0.4995,2.118e-23
-1.42,1.04,0.4993,4.402e-23
-1.4,1.04,0.499,9.149e-23
-1.38,1.04,0.4988,1.884e-22
-1.36,1.04,0.4985,3.865e-22
-1.34,1.04,0.4983,7.745e-22
-1.32,1.04,0.4981,1.527e-21
-1.3,1.04,0.4978,3.01e-21
-1.28,1.04,0.4976,5.935e-21
-1.26,1.04,0.4973,1.17e-20
-1.24,1.04,0.4971,2.307e-20
-1.22,1.04,0.4968,4.548e-20
-1.2,1.04,0.4966,8.966e-20
-1.18,1.04,0.4963,1.768e-19
-1.16,1.04,0.4961,3.485e-19
-1.14,1.04,0.4958,6.87e-19
-1.12,1.04,0.4956,1.354e-18
-1.1,1.04,0.4953,2.67e-18
-1.08,1.04,0.4951,5.264e-18
-1.06,1.04,0.4948,1.038e-17
-1.04,1.04,0.4946,2.046e-17
-1.02,1.04,0.4943,4.034e-17
-1,1.04,0.4941,8.166e-17
-0.98,1.04,0.4938,1.671e-16
-0.96,1.04,0.4936,3.417e-16
-0.94,1.04,0.4933,6.991e-16
-0.92,1.04,0.4931,1.43e-15
-0.9,1.04,0.4928,2.926e-15
-0.88,1.04,0.4926,5.985e-15
-0.86,1.04,0.4924,1.141e-14
-0.84,1.04,0.4921,2.081e-14
-0.82,1.04,0.4919,3.42e-14
-0.8,1.04,0.4916,5.078e-14
-0.78,1.04,0.4914,7.54e-14
-0.76,1.04,0.4911,1.12e-13
-0.74,1.04,0.4909,1.662e-13
-0.72,1.04,0.4906,2.399e-13
-0.7,1.04,0.4904,3.367e-13
-0.68,1.04,0.4901,4.725e-13
-0.66,1.04,0.4899,6.236e-13
-0.64,1.04,0.4896,8.185e-13
-0.62,1.04,0.4894,1.074e-12
-0.6,1.04,0.4891,1.41e-12
-0.58,1.04,0.4889,1.851e-12
-0.56,1.04,0.4886,2.429e-12
-0.54,1.04,0.4884,3.188e-12
-0.52,1.04,0.4881,4.184e-12
-0.5,1.04,0.4879,5.492e-12
-0.48,1.04,0.4876,7.208e-12
-0.46,1.04,0.4874,9.461e-12
-0.44,1.04,0.4872,1.242e-11
-0.42,1.04,0.4869,1.632e-11
-0.4,1.04,0.4867,2.177e-11
-0.38,1.04,0.4864,2.905e-11
-0.36,1.04,0.4862,3.897e-11
-0.34,1.04,0.4859,5.287e-11
-0.32,1.04,0.4857,7.173e-11
-0.3,1.04,0.4854,9.732e-11
-0.28,1.04,0.4852,1.32e-10
-0.26,1.04,0.4849,1.791e-10
-0.24,1.04,0.4847,2.434e-10
-0.22,1.04,0.4844,3.137e-10
-0.2,1.04,0.4842,3.874e-10
-0.18,1.04,0.4839,4.784e-10
-0.16,1.04,0.4837,5.936e-10
-0.14,1.04,0.4834,7.429e-10
-0.12,1.04,0.4832,9.299e-10
-0.1,1.04,0.4829,1.164e-09
-0.08,1.04,0.4827,1.457e-09
-0.06,1.04,0.4824,1.823e-09
-0.04,1.04,0.4822,2.282e-09
-0.02,1.04,0.482,2.652e-09
0,1.04,0.4817,2.645e-09
0.02,1.04,0.4815,2.638e-09
0.04,1.04,0.4812,2.631e-09
0.06,1.04,0.481,2.418e-09
0.08,1.04,0.4807,2.086e-09
0.1,1.04,0.4805,1.799e-09
0.12,1.04,0.4802,1.552e-09
0.14,1.04,0.48,1.339e-09
0.16,1.04,0.4797,1.141e-09
0.18,1.04,0.4795,8.777e-10
0.2,1.04,0.4792,6.752e-10
0.22,1.04,0.479,5.194e-10
0.24,1.04,0.4787,3.996e-10
0.26,1.04,0.4785,3.074e-10
0.28,1.04,0.4782,2.364e-10
0.3,1.04,0.478,1.819e-10
0.32,1.04,0.4777,1.399e-10
0.34,1.04,0.4775,1.076e-10
0.36,1.04,0.4773,8.28e-11
0.38,1.04,0.477,6.37e-11
0.4,1.04,0.4768,4.9e-11
0.42,1.04,0.4765,3.439e-11
0.44,1.04,0.4763,1.68e-11
0.46,1.04,0.476,8.48e-12
0.48,1.04,0.4758,4.328e-12
0.5,1.04,0.4755,2.218e-12
0.52,1.04,0.4753,1.163e-12
0.54,1.04,0.475,5.811e-13
0.56,1.04,0.4748,2.904e-13
0.58,1.04,0.4745,1.467e-13
0.6,1.04,0.4743,7.309e-14
0.62,1.04,0.474,3.526e-14
0.64,1.04,0.4738,1.718e-14
0.66,1.04,0.4735,8.371e-15
0.68,1.04,0.4733,4.079e-15
0.7,1.04,0.473,1.987e-15
0.72,1.04,0.4728,9.683e-16
0.74,1.04,0.4726,4.718e-16
0.76,1.04,0.4723,2.299e-16
0.78,1.04,0.4721,1.12e-16
0.8,1.04,0.4718,5.457e-17
0.82,1.04,0.4716,2.659e-17
0.84,1.04,0.4713,1.261e-17
0.86,1.04,0.4711,5.941e-18
0.88,1.04,0.4708,2.8e-18
0.9,1.04,0.4706,1.324e-18
0.92,1.04,0.4703,6.436e-19
0.94,1.04,0.4701,3.13e-19
0.96,1.04,0.4698,1.506e-19
0.98,1.04,0.4696,7.23e-20
1,1.04,0.4693,3.47e-20
1.02,1.04,0.4691,1.666e-20
1.04,1.04,0.4688,7.996e-21
1.06,1.04,0.4686,3.838e-21
1.08,1.04,0.4684,1.842e-21
1.1,1.04,0.4681,8.844e-22
1.12,1.04,0.4679,4.245e-22
1.14,1.04,0.4676,2.038e-22
1.16,1.04,0.4674,9.781e-23
1.18,1.04,0.4671,4.695e-23
1.2,1.04,0.4669,2.254e-23
1.22,1.04,0.4666,1.082e-23
1.24,1.04,0.4664,5.193e-24
1.26,1.04,0.4661,2.493e-24
1.28,1.04,0.4659,1.196e-24
1.3,1.04,0.4656,5.513e-25
1.32,1.04,0.4654,2.385e-25
1.34,1.04,0.4651,1.032e-25
1.36,1.04,0.4649,4.462e-26
1.38,1.04,0.4647,1.93e-26
1.4,1.04,0.4644,8.35e-27
1.42,1.04,0.4642,3.612e-27
1.44,1.04,0.4639,1.562e-27
1.46,1.04,0.4637,6.759e-28
1.48,1.04,0.4634,2.924e-28
1.5,1.04,0.4632,1.265e-28
1.52,1.04,0.4629,5.471e-29
1.54,1.04,0.4627,2.367e-29
1.56,1.04,0.4624,1.024e-29
1.58,1.04,0.4622,4.429e-30
1.6,1.04,0.4619,1.916e-30
-1.6,1.06,0.5015,3.757e-26
-1.58,1.06,0.5012,7.808e-26
-1.56,1.06,0.501,1.623e-25
-1.54,1.06,0.5007,3.373e-25
-1.52,1.06,0.5005,7.01e-25
-1.5,1.06,0.5002,1.457e-24
-1.48,1.06,0.5,3.028e-24
-1.46,1.06,0.4997,6.294e-24
-1.44,1.06,0.4995,1.308e-23
-1.42,1.06,0.4992,2.719e-23
-1.4,1.06,0.499,5.613e-23
-1.38,1.06,0.4987,1.139e-22
-1.36,1.06,0.4985,2.245e-22
-1.34,1.06,0.4982,4.426e-22
-1.32,1.06,0.498,8.725e-22
-1.3,1.06,0.4977,1.72e-21
-1.28,1.06,0.4975,3.391e-21
-1.26,1.06,0.4973,6.686e-21
-1.24,1.06,0.497,1.318e-20
-1.22,1.06,0.4968,2.599e-20
-1.2,1.06,0.4965,5.123e-20
-1.18,1.06,0.4963,1.01e-19
-1.16,1.06,0.496,1.991e-19
-1.14,1.06,0.4958,3.925e-19
-1.12,1.06,0.4955,7.739e-19
-1.1,1.06,0.4953,1.526e-18
-1.08,1.06,0.495,3.008e-18
-1.06,1.06,0.4948,5.93e-18
-1.04,1.06,0.4945,1.169e-17
-1.02,1.06,0.4943,2.305e-17
-1,1.06,0.494,4.646e-17
-0.98,1.06,0.4938,9.504e-17
-0.96,1.06,0.4935,1.944e-16
-0.94,1.06,0.4933,3.977e-16
-0.92,1.06,0.493,8.136e-16
-0.9,1.06,0.4928,1.664e-15
-0.88,1.06,0.4925,3.396e-15
-0.86,1.06,0.4923,5.951e-15
-0.84,1.06,0.492,1.06e-14
-0.82,1.06,0.4918,1.574e-14
-0.8,1.06,0.4916,2.337e-14
-0.78,1.06,0.4913,3.47e-14
-0.76,1.06,0.4911,5.152e-14
-0.74,1.06,0.4908,7.404e-14
-0.72,1.06,0.4906,1.039e-13
-0.7,1.06,0.4903,1.458e-13
-0.68,1.06,0.4901,1.93e-13
-0.66,1.06,0.4898,2.534e-13
-0.64,1.06,0.4896,3.325e-13
-0.62,1.06,0.4893,4.365e-13
-0.6,1.06,0.4891,5.728e-13
-0.58,1.06,0.4888,7.519e-13
-0.56,1.06,0.4886,9.868e-13
-0.54,1.06,0.4883,1.295e-12
-0.52,1.06,0.4881,1.7e-12
-0.5,1.06,0.4878,2.231e-12
-0.48,1.06,0.4876,2.929e-12
-0.46,1.06,0.4873,3.844e-12
-0.44,1.06,0.4871,5.045e-12
-0.42,1.06,0.4868,6.622e-12
-0.4,1.06,0.4866,8.691e-12
-0.38,1.06,0.4864,1.141e-11
-0.36,1.06,0.4861,1.511e-11
-0.34,1.06,0.4859,2.016e-11
-0.32,1.06,0.4856,2.697e-11
-0.3,1.06,0.4854,3.659e-11
-0.28,1.06,0.4851,4.964e-11
-0.26,1.06,0.4849,6.734e-11
-0.24,1.06,0.4846,8.933e-11
-0.22,1.06,0.4844,1.086e-10
-0.2,1.06,0.4841,1.32e-10
-0.18,1.06,0.4839,1.616e-10
-0.16,1.06,0.4836,1.996e-10
-0.14,1.06,0.4834,2.465e-10
-0.12,1.06,0.4831,3.044e-10
-0.1,1.06,0.4829,3.759e-10
-0.08,1.06,0.4826,4.687e-10
-0.06,1.06,0.4824,5.867e-10
-0.04,1.06,0.4821,7.343e-10
-0.02,1.06,0.4819,8.18e-10
0,1.06,0.4816,8.159e-10
0.02,1.06,0.4814,8.137e-10
0.04,1.06,0.4812,8.116e-10
0.06,1.06,0.4809,7.762e-10
0.08,1.06,0.4807,6.695e-10
0.1,1.06,0.4804,5.775e-10
0.12,1.06,0.4802,4.982e-10
0.14,1.06,0.4799,4.297e-10
0.16,1.06,0.4797,3.707e-10
0.18,1.06,0.4794,2.931e-10
0.2,1.06,0.4792,2.255e-10
0.22,1.06,0.4789,1.734e-10
0.24,1.06,0.4787,1.334e-10
0.26,1.06,0.4784,1.026e-10
0.28,1.06,0.4782,7.896e-11
0.3,1.06,0.4779,6.074e-11
0.32,1.06,0.4777,4.672e-11
0.34,1.06,0.4774,3.594e-11
0.36,1.06,0.4772,2.769e-11
0.38,1.06,0.4769,2.141e-11
0.4,1.06,0.4767,1.655e-11
0.42,1.06,0.4765,1.211e-11
0.44,1.06,0.4762,6.428e-12
0.46,1.06,0.476,3.281e-12
0.48,1.06,0.4757,1.7e-12
0.5,1.06,0.4755,8.961e-13
0.52,1.06,0.4752,4.723e-13
0.54,1.06,0.475,2.471e-13
0.56,1.06,0.4747,1.248e-13
0.58,1.06,0.4745,6.434e-14
0.6,1.06,0.4742,3.317e-14
0.62,1.06,0.474,1.724e-14
0.64,1.06,0.4737,8.667e-15
0.66,1.06,0.4735,4.223e-15
0.68,1.06,0.4732,2.058e-15
0.7,1.06,0.473,1.003e-15
0.72,1.06,0.4727,4.885e-16
0.74,1.06,0.4725,2.38e-16
0.76,1.06,0.4722,1.16e-16
0.78,1.06,0.472,5.65e-17
0.8,1.06,0.4718,2.753e-17
0.82,1.06,0.4715,1.341e-17
0.84,1.06,0.4713,6.536e-18
0.86,1.06,0.471,3.152e-18
0.88,1.06,0.4708,1.486e-18
0.9,1.06,0.4705,7.101e-19
0.92,1.06,0.4703,3.453e-19
0.94,1.06,0.47,1.679e-19
0.96,1.06,0.4698,8.108e-20
0.98,1.06,0.4695,3.892e-20
1,1.06,0.4693,1.868e-20
1.02,1.06,0.469,8.967e-21
1.04,1.06,0.4688,4.304e-21
1.06,1.06,0.4685,2.066e-21
1.08,1.06,0.4683,9.918e-22
1.1,1.06,0.4681,4.761e-22
1.12,1.06,0.4678,2.285e-22
1.14,1.06,0.4676,1.097e-22
1.16,1.06,0.4673,5.265e-23
1.18,1.06,0.4671,2.527e-23
1.2,1.06,0.4668,1.213e-23
1.22,1.06,0.4666,5.823e-24
1.24,1.06,0.4663,2.795e-24
1.26,1.06,0.4661,1.342e-24
1.28,1.06,0.4658,6.441e-25
1.3,1.06,0.4656,3.092e-25
1.32,1.06,0.4653,1.42e-25
1.34,1.06,0.4651,6.142e-26
1.36,1.06,0.4648,2.657e-26
1.38,1.06,0.4646,1.149e-26
1.4,1.06,0.4643,4.972e-27
1.42,1.06,0.4641,2.151e-27
1.44,1.06,0.4639,9.303e-28
1.46,1.06,0.4636,4.024e-28
1.48,1.06,0.4634,1.741e-28
1.5,1.06,0.4631,7.531e-29
1.52,1.06,0.4629,3.258e-29
1.54,1.06,0.4626,1.409e-29
1.56,1.06,0.4624,6.096e-30
1.58,1.06,0.4621,2.637e-30
1.6,1.06,0.4619,1.141e-30
-1.6,1.08,0.5014,2.32e-26
-1.58,1.08,0.5012,4.822e-26
-1.56,1.08,0.5009,1.002e-25
-1.54,1.08,0.5007,2.083e-25
-1.52,1.08,0.5004,4.33e-25
-1.5,1.08,0.5002,8.999e-25
-1.48,1.08,0.4999,1.87e-24
-1.46,1.08,0.4997,3.887e-24
-1.44,1.08,0.4994,8.079e-24
-1.42,1.08,0.4992,1.672e-23
-1.4,1.08,0.4989,3.3e-23
-1.38,1.08,0.4987,6.506e-23
-1.36,1.08,0.4984,1.283e-22
-1.34,1.08,0.4982,2.529e-22
-1.32,1.08,0.4979,4.985e-22
-1.3,1.08,0.4977,9.828e-22
-1.28,1.08,0.4974,1.938e-21
-1.26,1.08,0.4972,3.82e-21
-1.24,1.08,0.4969,7.531e-21
-1.22,1.08,0.4967,1.485e-20
-1.2,1.08,0.4965,2.927e-20
-1.18,1.08,0.4962,5.771e-20
-1.16,1.08,0.496,1.138e-19
-1.14,1.08,0.4957,2.243e-19
-1.12,1.08,0.4955,4.422e-19
-1.1,1.08,0.4952,8.718e-19
-1.08,1.08,0.495,1.719e-18
-1.06,1.08,0.4947,3.388e-18
-1.04,1.08,0.4945,6.68e-18
-1.02,1.08,0.4942,1.317e-17
-1,1.08,0.494,2.643e-17
-0.98,1.08,0.4937,5.406e-17
-0.96,1.08,0.4935,1.106e-16
-0.94,1.08,0.4932,2.263e-16
-0.92,1.08,0.493,4.628e-16
-0.9,1.08,0.4927,9.468e-16
-0.88,1.08,0.4925,1.771e-15
-0.86,1.08,0.4922,3.104e-15
-0.84,1.08,0.492,4.939e-15
-0.82,1.08,0.4917,7.243e-15
-0.8,1.08,0.4915,1.075e-14
-0.78,1.08,0.4912,1.597e-14
-0.76,1.08,0.491,2.285e-14
-0.74,1.08,0.4908,3.207e-14
-0.72,1.08,0.4905,4.5e-14
-0.7,1.08,0.4903,5.975e-14
-0.68,1.08,0.49,7.843e-14
-0.66,1.08,0.4898,1.029e-13
-0.64,1.08,0.4895,1.351e-13
-0.62,1.08,0.4893,1.773e-13
-0.6,1.08,0.489,2.327e-13
-0.58,1.08,0.4888,3.055e-13
-0.56,1.08,0.4885,4.009e-13
-0.54,1.08,0.4883,5.262e-13
-0.52,1.08,0.488,6.907e-13
-0.5,1.08,0.4878,9.065e-13
-0.48,1.08,0.4875,1.19e-12
-0.46,1.08,0.4873,1.562e-12
-0.44,1.08,0.487,2.05e-12
-0.42,1.08,0.4868,2.69e-12
-0.4,1.08,0.4865,3.531e-12
-0.38,1.08,0.4863,4.634e-12
-0.36,1.08,0.486,6.083e-12
-0.34,1.08,0.4858,7.984e-12
-0.32,1.08,0.4855,1.048e-11
-0.3,1.08,0.4853,1.399e-11
-0.28,1.08,0.4851,1.866e-11
-0.26,1.08,0.4848,2.532e-11
-0.24,1.08,0.4846,3.153e-11
-0.22,1.08,0.4843,3.833e-11
-0.2,1.08,0.4841,4.66e-11
-0.18,1.08,0.4838,5.664e-11
-0.16,1.08,0.4836,6.886e-11
-0.14,1.08,0.4833,8.37e-11
-0.12,1.08,0.4831,1.029e-10
-0.1,1.08,0.4828,1.27e-10
-0.08,1.08,0.4826,1.568e-10
-0.06,1.08,0.4823,1.937e-10
-0.04,1.08,0.4821,2.392e-10
-0.02,1.08,0.4818,2.534e-10
0,1.08,0.4816,2.516e-10
0.02,1.08,0.4813,2.51e-10
0.04,1.08,0.4811,2.503e-10
0.06,1.08,0.4808,2.491e-10
0.08,1.08,0.4806,2.149e-10
0.1,1.08,0.4804,1.854e-10
0.12,1.08,0.4801,1.599e-10
0.14,1.08,0.4799,1.379e-10
0.16,1.08,0.4796,1.19e-10
0.18,1.08,0.4794,9.812e-11
0.2,1.08,0.4791,7.587e-11
0.22,1.08,0.4789,5.866e-11
0.24,1.08,0.4786,4.536e-11
0.26,1.08,0.4784,3.507e-11
0.28,1.08,0.4781,2.712e-11
0.3,1.08,0.4779,2.097e-11
0.32,1.08,0.4776,1.627e-11
0.34,1.08,0.4774,1.269e-11
0.36,1.08,0.4771,9.891e-12
0.38,1.08,0.4769,7.711e-12
0.4,1.08,0.4766,6.012e-12
0.42,1.08,0.4764,4.547e-12
0.44,1.08,0.4761,2.487e-12
0.46,1.08,0.4759,1.303e-12
0.48,1.08,0.4757,6.87e-13
0.5,1.08,0.4754,3.62e-13
0.52,1.08,0.4752,1.908e-13
0.54,1.08,0.4749,1.017e-13
0.56,1.08,0.4747,5.474e-14
0.58,1.08,0.4744,2.822e-14
0.6,1.08,0.4742,1.498e-14
0.62,1.08,0.4739,8.064e-15
0.64,1.08,0.4737,4.224e-15
0.66,1.08,0.4734,2.13e-15
0.68,1.08,0.4732,1.038e-15
0.7,1.08,0.4729,5.058e-16
0.72,1.08,0.4727,2.464e-16
0.74,1.08,0.4724,1.201e-16
0.76,1.08,0.4722,5.85e-17
0.78,1.08,0.4719,2.851e-17
0.8,1.08,0.4717,1.389e-17
0.82,1.08,0.4714,6.767e-18
0.84,1.08,0.4712,3.297e-18
0.86,1.08,0.471,1.607e-18
0.88,1.08,0.4707,7.828e-19
0.9,1.08,0.4705,3.809e-19
0.92,1.08,0.4702,1.852e-19
0.94,1.08,0.47,9.007e-20
0.96,1.08,0.4697,4.365e-20
0.98,1.08,0.4695,2.095e-20
1,1.08,0.4692,1.006e-20
1.02,1.08,0.469,4.827e-21
1.04,1.08,0.4687,2.317e-21
1.06,1.08,0.4685,1.112e-21
1.08,1.08,0.4682,5.339e-22
1.1,1.08,0.468,2.563e-22
1.12,1.08,0.4677,1.23e-22
1.14,1.08,0.4675,5.905e-23
1.16,1.08,0.4673,2.834e-23
1.18,1.08,0.467,1.361e-23
1.2,1.08,0.4668,6.531e-24
1.22,1.08,0.4665,3.135e-24
1.24,1.08,0.4663,1.505e-24
1.26,1.08,0.466,7.223e-25
1.28,1.08,0.4658,3.467e-25
1.3,1.08,0.4655,1.664e-25
1.32,1.08,0.4653,7.988e-26
1.34,1.08,0.465,3.657e-26
1.36,1.08,0.4648,1.582e-26
1.38,1.08,0.4645,6.844e-27
1.4,1.08,0.4643,2.96e-27
1.42,1.08,0.464,1.281e-27
1.44,1.08,0.4638,5.54e-28
1.46,1.08,0.4636,2.396e-28
1.48,1.08,0.4633,1.037e-28
1.5,1.08,0.4631,4.484e-29
1.52,1.08,0.4628,1.94e-29
1.54,1.08,0.4626,8.391e-30
1.56,1.08,0.4623,3.63e-30
1.58,1.08,0.4621,1.57e-30
1.6,1.08,0.4618,6.792e-31
-1.6,1.1,0.5013,1.433e-26
-1.58,1.1,0.5011,2.978e-26
-1.56,1.1,0.5009,6.19e-26
-1.54,1.1,0.5006,1.287e-25
-1.52,1.1,0.5004,2.674e-25
-1.5,1.1,0.5001,5.558e-25
-1.48,1.1,0.4999,1.155e-24
-1.46,1.1,0.4996,2.401e-24
-1.44,1.1,0.4994,4.851e-24
-1.42,1.1,0.4991,9.564e-24
-1.4,1.1,0.4989,1.886e-23
-1.38,1.1,0.4986,3.717e-23
-1.36,1.1,0.4984,7.329e-23
-1.34,1.1,0.4981,1.445e-22
-1.32,1.1,0.4979,2.848e-22
-1.3,1.1,0.4976,5.616e-22
-1.28,1.1,0.4974,1.107e-21
-1.26,1.1,0.4971,2.183e-21
-1.24,1.1,0.4969,4.303e-21
-1.22,1.1,0.4966,8.484e-21
-1.2,1.1,0.4964,1.672e-20
-1.18,1.1,0.4961,3.297e-20
-1.16,1.1,0.4959,6.501e-20
-1.14,1.1,0.4956,1.282e-19
-1.12,1.1,0.4954,2.527e-19
-1.1,1.1,0.4952,4.981e-19
-1.08,1.1,0.4949,9.82e-19
-1.06,1.1,0.4947,1.936e-18
-1.04,1.1,0.4944,3.817e-18
-1.02,1.1,0.4942,7.525e-18
-1,1.1,0.4939,1.503e-17
-0.98,1.1,0.4937,3.076e-17
-0.96,1.1,0.4934,6.292e-17
-0.94,1.1,0.4932,1.287e-16
-0.92,1.1,0.4929,2.633e-16
-0.9,1.1,0.4927,5.272e-16
-0.88,1.1,0.4924,9.238e-16
-0.86,1.1,0.4922,1.614e-15
-0.84,1.1,0.4919,2.344e-15
-0.82,1.1,0.4917,3.405e-15
-0.8,1.1,0.4914,4.949e-15
-0.78,1.1,0.4912,7.051e-15
-0.76,1.1,0.4909,9.895e-15
-0.74,1.1,0.4907,1.389e-14
-0.72,1.1,0.4904,1.85e-14
-0.7,1.1,0.4902,2.428e-14
-0.68,1.1,0.4899,3.186e-14
-0.66,1.1,0.4897,4.182e-14
-0.64,1.1,0.4895,5.489e-14
-0.62,1.1,0.4892,7.205e-14
-0.6,1.1,0.489,9.456e-14
-0.58,1.1,0.4887,1.241e-13
-0.56,1.1,0.4885,1.629e-13
-0.54,1.1,0.4882,2.138e-13
-0.52,1.1,0.488,2.806e-13
-0.5,1.1,0.4877,3.683e-13
-0.48,1.1,0.4875,4.834e-13
-0.46,1.1,0.4872,6.345e-13
-0.44,1.1,0.487,8.328e-13
-0.42,1.1,0.4867,1.093e-12
-0.4,1.1,0.4865,1.435e-12
-0.38,1.1,0.4862,1.883e-12
-0.36,1.1,0.486,2.471e-12
-0.34,1.1,0.4857,3.244e-12
-0.32,1.1,0.4855,4.257e-12
-0.3,1.1,0.4852,5.588e-12
-0.28,1.1,0.485,7.334e-12
-0.26,1.1,0.4847,9.348e-12
-0.24,1.1,0.4845,1.121e-11
-0.22,1.1,0.4843,1.353e-11
-0.2,1.1,0.484,1.645e-11
-0.18,1.1,0.4838,2e-11
-0.16,1.1,0.4835,2.431e-11
-0.14,1.1,0.4833,2.955e-11
-0.12,1.1,0.483,3.592e-11
-0.1,1.1,0.4828,4.366e-11
-0.08,1.1,0.4825,5.308e-11
-0.06,1.1,0.4823,6.544e-11
-0.04,1.1,0.482,8.081e-11
-0.02,1.1,0.4818,8.22e-11
0,1.1,0.4815,8.154e-11
0.02,1.1,0.4813,8.088e-11
0.04,1.1,0.481,8.023e-11
0.06,1.1,0.4808,7.958e-11
0.08,1.1,0.4805,7.133e-11
0.1,1.1,0.4803,6.173e-11
0.12,1.1,0.48,5.342e-11
0.14,1.1,0.4798,4.622e-11
0.16,1.1,0.4796,4e-11
0.18,1.1,0.4793,3.435e-11
0.2,1.1,0.4791,2.656e-11
0.22,1.1,0.4788,2.065e-11
0.24,1.1,0.4786,1.61e-11
0.26,1.1,0.4783,1.255e-11
0.28,1.1,0.4781,9.786e-12
0.3,1.1,0.4778,7.63e-12
0.32,1.1,0.4776,5.948e-12
0.34,1.1,0.4773,4.637e-12
0.36,1.1,0.4771,3.615e-12
0.38,1.1,0.4768,2.819e-12
0.4,1.1,0.4766,2.206e-12
0.42,1.1,0.4763,1.725e-12
0.44,1.1,0.4761,9.992e-13
0.46,1.1,0.4758,5.266e-13
0.48,1.1,0.4756,2.776e-13
0.5,1.1,0.4753,1.463e-13
0.52,1.1,0.4751,7.818e-14
0.54,1.1,0.4749,4.245e-14
0.56,1.1,0.4746,2.305e-14
0.58,1.1,0.4744,1.263e-14
0.6,1.1,0.4741,6.799e-15
0.62,1.1,0.4739,3.661e-15
0.64,1.1,0.4736,1.971e-15
0.66,1.1,0.4734,1.035e-15
0.68,1.1,0.4731,5.237e-16
0.7,1.1,0.4729,2.552e-16
0.72,1.1,0.4726,1.243e-16
0.74,1.1,0.4724,6.057e-17
0.76,1.1,0.4721,2.951e-17
0.78,1.1,0.4719,1.438e-17
0.8,1.1,0.4716,7.007e-18
0.82,1.1,0.4714,3.414e-18
0.84,1.1,0.4711,1.663e-18
0.86,1.1,0.4709,8.105e-19
0.88,1.1,0.4707,3.978e-19
0.9,1.1,0.4704,1.997e-19
0.92,1.1,0.4702,9.937e-20
0.94,1.1,0.4699,4.832e-20
0.96,1.1,0.4697,2.349e-20
0.98,1.1,0.4694,1.128e-20
1,1.1,0.4692,5.413e-21
1.02,1.1,0.4689,2.598e-21
1.04,1.1,0.4687,1.247e-21
1.06,1.1,0.4684,5.987e-22
1.08,1.1,0.4682,2.874e-22
1.1,1.1,0.4679,1.38e-22
1.12,1.1,0.4677,6.622e-23
1.14,1.1,0.4674,3.179e-23
1.16,1.1,0.4672,1.526e-23
1.18,1.1,0.4669,7.324e-24
1.2,1.1,0.4667,3.515e-24
1.22,1.1,0.4665,1.687e-24
1.24,1.1,0.4662,8.1e-25
1.26,1.1,0.466,3.888e-25
1.28,1.1,0.4657,1.866e-25
1.3,1.1,0.4655,8.959e-26
1.32,1.1,0.4652,4.3e-26
1.34,1.1,0.465,2.064e-26
1.36,1.1,0.4647,9.42e-27
1.38,1.1,0.4645,4.075e-27
1.4,1.1,0.4642,1.763e-27
1.42,1.1,0.464,7.625e-28
1.44,1.1,0.4637,3.299e-28
1.46,1.1,0.4635,1.427e-28
1.48,1.1,0.4632,6.172e-29
1.5,1.1,0.463,2.67e-29
1.52,1.1,0.4628,1.155e-29
1.54,1.1,0.4625,4.996e-30
1.56,1.1,0.4623,2.161e-30
1.58,1.1,0.462,9.349e-31
1.6,1.1,0.4618,4.044e-31
-1.6,1.12,0.5013,8.851e-27
-1.58,1.12,0.501,1.84e-26
-1.56,1.12,0.5008,3.823e-26
-1.54,1.12,0.5005,7.947e-26
-1.52,1.12,0.5003,1.652e-25
-1.5,1.12,0.5001,3.433e-25
-1.48,1.12,0.4998,7.031e-25
-1.46,1.12,0.4996,1.404e-24
-1.44,1.12,0.4993,2.772e-24
-1.42,1.12,0.4991,5.465e-24
-1.4,1.12,0.4988,1.077e-23
-1.38,1.12,0.4986,2.124e-23
-1.36,1.12,0.4983,4.188e-23
-1.34,1.12,0.4981,8.256e-23
-1.32,1.12,0.4978,1.628e-22
-1.3,1.12,0.4976,3.209e-22
-1.28,1.12,0.4973,6.326e-22
-1.26,1.12,0.4971,1.247e-21
-1.24,1.12,0.4968,2.459e-21
-1.22,1.12,0.4966,4.847e-21
-1.2,1.12,0.4963,9.556e-21
-1.18,1.12,0.4961,1.884e-20
-1.16,1.12,0.4958,3.714e-20
-1.14,1.12,0.4956,7.323e-20
-1.12,1.12,0.4953,1.444e-19
-1.1,1.12,0.4951,2.846e-19
-1.08,1.12,0.4948,5.611e-19
-1.06,1.12,0.4946,1.106e-18
-1.04,1.12,0.4944,2.181e-18
-1.02,1.12,0.4941,4.3e-18
-1,1.12,0.4939,8.553e-18
-0.98,1.12,0.4936,1.75e-17
-0.96,1.12,0.4934,3.579e-17
-0.94,1.12,0.4931,7.322e-17
-0.92,1.12,0.4929,1.498e-16
-0.9,1.12,0.4926,2.75e-16
-0.88,1.12,0.4924,4.818e-16
-0.86,1.12,0.4921,7.659e-16
-0.84,1.12,0.4919,1.113e-15
-0.82,1.12,0.4916,1.616e-15
-0.8,1.12,0.4914,2.245e-15
-0.78,1.12,0.4911,3.086e-15
-0.76,1.12,0.4909,4.285e-15
-0.74,1.12,0.4906,5.726e-15
-0.72,1.12,0.4904,7.515e-15
-0.7,1.12,0.4901,9.864e-15
-0.68,1.12,0.4899,1.295e-14
-0.66,1.12,0.4896,1.699e-14
-0.64,1.12,0.4894,2.23e-14
-0.62,1.12,0.4891,2.927e-14
-0.6,1.12,0.4889,3.842e-14
-0.58,1.12,0.4887,5.043e-14
-0.56,1.12,0.4884,6.618e-14
-0.54,1.12,0.4882,8.687e-14
-0.52,1.12,0.4879,1.14e-13
-0.5,1.12,0.4877,1.496e-13
-0.48,1.12,0.4874,1.964e-13
-0.46,1.12,0.4872,2.578e-13
-0.44,1.12,0.4869,3.384e-13
-0.42,1.12,0.4867,4.441e-13
-0.4,1.12,0.4864,5.829e-13
-0.38,1.12,0.4862,7.65e-13
-0.36,1.12,0.4859,1.004e-12
-0.34,1.12,0.4857,1.318e-12
-0.32,1.12,0.4854,1.73e-12
-0.3,1.12,0.4852,2.27e-12
-0.28,1.12,0.4849,2.98e-12
-0.26,1.12,0.4847,3.571e-12
-0.24,1.12,0.4844,4.249e-12
-0.22,1.12,0.4842,5.055e-12
-0.2,1.12,0.4839,6.014e-12
-0.18,1.12,0.4837,7.156e-12
-0.16,1.12,0.4835,8.581e-12
-0.14,1.12,0.4832,1.043e-11
-0.12,1.12,0.483,1.268e-11
-0.1,1.12,0.4827,1.541e-11
-0.08,1.12,0.4825,1.874e-11
-0.06,1.12,0.4822,2.278e-11
-0.04,1.12,0.482,2.728e-11
-0.02,1.12,0.4817,2.699e-11
0,1.12,0.4815,2.67e-11
0.02,1.12,0.4812,2.642e-11
0.04,1.12,0.481,2.614e-11
0.06,1.12,0.4807,2.586e-11
0.08,1.12,0.4805,2.409e-11
0.1,1.12,0.4802,2.097e-11
0.12,1.12,0.48,1.826e-11
0.14,1.12,0.4797,1.589e-11
0.16,1.12,0.4795,1.384e-11
0.18,1.12,0.4792,1.204e-11
0.2,1.12,0.479,9.683e-12
0.22,1.12,0.4788,7.549e-12
0.24,1.12,0.4785,5.886e-12
0.26,1.12,0.4783,4.611e-12
0.28,1.12,0.478,3.619e-12
0.3,1.12,0.4778,2.839e-12
0.32,1.12,0.4775,2.228e-12
0.34,1.12,0.4773,1.748e-12
0.36,1.12,0.477,1.372e-12
0.38,1.12,0.4768,1.077e-12
0.4,1.12,0.4765,8.448e-13
0.42,1.12,0.4763,6.629e-13
0.44,1.12,0.476,4.037e-13
0.46,1.12,0.4758,2.128e-13
0.48,1.12,0.4755,1.121e-13
0.5,1.12,0.4753,6.009e-14
0.52,1.12,0.475,3.263e-14
0.54,1.12,0.4748,1.772e-14
0.56,1.12,0.4745,9.813e-15
0.58,1.12,0.4743,5.536e-15
0.6,1.12,0.4741,3.086e-15
0.62,1.12,0.4738,1.662e-15
0.64,1.12,0.4736,8.946e-16
0.66,1.12,0.4733,4.816e-16
0.68,1.12,0.4731,2.536e-16
0.7,1.12,0.4728,1.287e-16
0.72,1.12,0.4726,6.272e-17
0.74,1.12,0.4723,3.056e-17
0.76,1.12,0.4721,1.489e-17
0.78,1.12,0.4718,7.255e-18
0.8,1.12,0.4716,3.535e-18
0.82,1.12,0.4713,1.722e-18
0.84,1.12,0.4711,8.392e-19
0.86,1.12,0.4708,4.089e-19
0.88,1.12,0.4706,2.033e-19
0.9,1.12,0.4703,1.021e-19
0.92,1.12,0.4701,5.125e-20
0.94,1.12,0.4699,2.573e-20
0.96,1.12,0.4696,1.261e-20
0.98,1.12,0.4694,6.071e-21
1,1.12,0.4691,2.914e-21
1.02,1.12,0.4689,1.399e-21
1.04,1.12,0.4686,6.714e-22
1.06,1.12,0.4684,3.223e-22
1.08,1.12,0.4681,1.547e-22
1.1,1.12,0.4679,7.426e-23
1.12,1.12,0.4676,3.565e-23
1.14,1.12,0.4674,1.711e-23
1.16,1.12,0.4671,8.213e-24
1.18,1.12,0.4669,3.942e-24
1.2,1.12,0.4666,1.892e-24
1.22,1.12,0.4664,9.084e-25
1.24,1.12,0.4661,4.36e-25
1.26,1.12,0.4659,2.093e-25
1.28,1.12,0.4657,1.005e-25
1.3,1.12,0.4654,4.822e-26
1.32,1.12,0.4652,2.315e-26
1.34,1.12,0.4649,1.111e-26
1.36,1.12,0.4647,5.334e-27
1.38,1.12,0.4644,2.426e-27
1.4,1.12,0.4642,1.05e-27
1.42,1.12,0.4639,4.54e-28
1.44,1.12,0.4637,1.964e-28
1.46,1.12,0.4634,8.496e-29
1.48,1.12,0.4632,3.675e-29
1.5,1.12,0.4629,1.59e-29
1.52,1.12,0.4627,6.877e-30
1.54,1.12,0.4625,2.975e-30
1.56,1.12,0.4622,1.287e-30
1.58,1.12,0.462,5.567e-31
1.6,1.12,0.4617,2.408e-31
-1.6,1.14,0.5012,5.467e-27
-1.58,1.14,0.501,1.136e-26
-1.56,1.14,0.5007,2.361e-26
-1.54,1.14,0.5005,4.908e-26
-1.52,1.14,0.5002,1.018e-25
-1.5,1.14,0.5,2.032e-25
-1.48,1.14,0.4997,4.059e-25
-1.46,1.14,0.4995,8.034e-25
-1.44,1.14,0.4993,1.584e-24
-1.42,1.14,0.499,3.123e-24
-1.4,1.14,0.4988,6.156e-24
-1.38,1.14,0.4985,1.214e-23
-1.36,1.14,0.4983,2.393e-23
-1.34,1.14,0.498,4.717e-23
-1.32,1.14,0.4978,9.3e-23
-1.3,1.14,0.4975,1.833e-22
-1.28,1.14,0.4973,3.615e-22
-1.26,1.14,0.497,7.126e-22
-1.24,1.14,0.4968,1.405e-21
-1.22,1.14,0.4965,2.77e-21
-1.2,1.14,0.4963,5.46e-21
-1.18,1.14,0.496,1.077e-20
-1.16,1.14,0.4958,2.122e-20
-1.14,1.14,0.4955,4.184e-20
-1.12,1.14,0.4953,8.249e-20
-1.1,1.14,0.495,1.626e-19
-1.08,1.14,0.4948,3.206e-19
-1.06,1.14,0.4945,6.321e-19
-1.04,1.14,0.4943,1.246e-18
-1.02,1.14,0.494,2.457e-18
-1,1.14,0.4938,4.866e-18
-0.98,1.14,0.4936,9.953e-18
-0.96,1.14,0.4933,2.036e-17
-0.94,1.14,0.4931,4.165e-17
-0.92,1.14,0.4928,8.184e-17
-0.9,1.14,0.4926,1.434e-16
-0.88,1.14,0.4923,2.503e-16
-0.86,1.14,0.4921,3.635e-16
-0.84,1.14,0.4918,5.28e-16
-0.82,1.14,0.4916,7.305e-16
-0.8,1.14,0.4913,1.004e-15
-0.78,1.14,0.4911,1.38e-15
-0.76,1.14,0.4908,1.818e-15
-0.74,1.14,0.4906,2.348e-15
-0.72,1.14,0.4903,3.053e-15
-0.7,1.14,0.4901,4.007e-15
-0.68,1.14,0.4898,5.26e-15
-0.66,1.14,0.4896,6.904e-15
-0.64,1.14,0.4893,9.061e-15
-0.62,1.14,0.4891,1.189e-14
-0.6,1.14,0.4888,1.561e-14
-0.58,1.14,0.4886,2.049e-14
-0.56,1.14,0.4883,2.689e-14
-0.54,1.14,0.4881,3.529e-14
-0.52,1.14,0.4879,4.632e-14
-0.5,1.14,0.4876,6.08e-14
-0.48,1.14,0.4874,7.98e-14
-0.46,1.14,0.4871,1.047e-13
-0.44,1.14,0.4869,1.375e-13
-0.42,1.14,0.4866,1.804e-13
-0.4,1.14,0.4864,2.368e-13
-0.38,1.14,0.4861,3.108e-13
-0.36,1.14,0.4859,4.08e-13
-0.34,1.14,0.4856,5.354e-13
-0.32,1.14,0.4854,7.028e-13
-0.3,1.14,0.4851,9.224e-13
-0.28,1.14,0.4849,1.153e-12
-0.26,1.14,0.4846,1.371e-12
-0.24,1.14,0.4844,1.632e-12
-0.22,1.14,0.4841,1.941e-12
-0.2,1.14,0.4839,2.31e-12
-0.18,1.14,0.4836,2.748e-12
-0.16,1.14,0.4834,3.27e-12
-0.14,1.14,0.4831,3.89e-12
-0.12,1.14,0.4829,4.628e-12
-0.1,1.14,0.4827,5.553e-12
-0.08,1.14,0.4824,6.695e-12
-0.06,1.14,0.4822,8.072e-12
-0.04,1.14,0.4819,9.268e-12
-0.02,1.14,0.4817,9.182e-12
0,1.14,0.4814,9.111e-12
0.02,1.14,0.4812,9.041e-12
0.04,1.14,0.4809,8.971e-12
0.06,1.14,0.4807,8.901e-12
0.08,1.14,0.4804,8.614e-12
0.1,1.14,0.4802,7.517e-12
0.12,1.14,0.4799,6.559e-12
0.14,1.14,0.4797,5.724e-12
0.16,1.14,0.4794,4.995e-12
0.18,1.14,0.4792,4.359e-12
0.2,1.14,0.4789,3.655e-12
0.22,1.14,0.4787,2.868e-12
0.24,1.14,0.4784,2.251e-12
0.26,1.14,0.4782,1.766e-12
0.28,1.14,0.478,1.386e-12
0.3,1.14,0.4777,1.088e-12
0.32,1.14,0.4775,8.534e-13
0.34,1.14,0.4772,6.697e-13
0.36,1.14,0.477,5.255e-13
0.38,1.14,0.4767,4.124e-13
0.4,1.14,0.4765,3.236e-13
0.42,1.14,0.4762,2.539e-13
0.44,1.14,0.476,1.631e-13
0.46,1.14,0.4757,8.597e-14
0.48,1.14,0.4755,4.618e-14
0.5,1.14,0.4752,2.508e-14
0.52,1.14,0.475,1.362e-14
0.54,1.14,0.4747,7.549e-15
0.56,1.14,0.4745,4.259e-15
0.58,1.14,0.4742,2.403e-15
0.6,1.14,0.474,1.355e-15
0.62,1.14,0.4737,7.542e-16
0.64,1.14,0.4735,4.061e-16
0.66,1.14,0.4733,2.186e-16
0.68,1.14,0.473,1.177e-16
0.7,1.14,0.4728,6.214e-17
0.72,1.14,0.4725,3.164e-17
0.74,1.14,0.4723,1.542e-17
0.76,1.14,0.472,7.512e-18
0.78,1.14,0.4718,3.66e-18
0.8,1.14,0.4715,1.783e-18
0.82,1.14,0.4713,8.689e-19
0.84,1.14,0.471,4.234e-19
0.86,1.14,0.4708,2.069e-19
0.88,1.14,0.4705,1.039e-19
0.9,1.14,0.4703,5.216e-20
0.92,1.14,0.47,2.619e-20
0.94,1.14,0.4698,1.315e-20
0.96,1.14,0.4695,6.602e-21
0.98,1.14,0.4693,3.268e-21
1,1.14,0.4691,1.569e-21
1.02,1.14,0.4688,7.53e-22
1.04,1.14,0.4686,3.614e-22
1.06,1.14,0.4683,1.735e-22
1.08,1.14,0.4681,8.328e-23
1.1,1.14,0.4678,3.997e-23
1.12,1.14,0.4676,1.919e-23
1.14,1.14,0.4673,9.211e-24
1.16,1.14,0.4671,4.421e-24
1.18,1.14,0.4668,2.122e-24
1.2,1.14,0.4666,1.019e-24
1.22,1.14,0.4663,4.89e-25
1.24,1.14,0.4661,2.347e-25
1.26,1.14,0.4658,1.127e-25
1.28,1.14,0.4656,5.408e-26
1.3,1.14,0.4654,2.596e-26
1.32,1.14,0.4651,1.246e-26
1.34,1.14,0.4649,5.981e-27
1.36,1.14,0.4646,2.871e-27
1.38,1.14,0.4644,1.378e-27
1.4,1.14,0.4641,6.25e-28
1.42,1.14,0.4639,2.704e-28
1.44,1.14,0.4636,1.169e-28
1.46,1.14,0.4634,5.059e-29
1.48,1.14,0.4631,2.188e-29
1.5,1.14,0.4629,9.467e-30
1.52,1.14,0.4626,4.095e-30
1.54,1.14,0.4624,1.771e-30
1.56,1.14,0.4621,7.663e-31
1.58,1.14,0.4619,3.315e-31
1.6,1.14,0.4617,1.434e-31
-1.6,1.16,0.5012,3.376e-27
-1.58,1.16,0.5009,7.017e-27
-1.56,1.16,0.5007,1.459e-26
-1.54,1.16,0.5004,2.941e-26
-1.52,1.16,0.5002,5.874e-26
-1.5,1.16,0.4999,1.173e-25
-1.48,1.16,0.4997,2.328e-25
-1.46,1.16,0.4994,4.59e-25
-1.44,1.16,0.4992,9.05e-25
-1.42,1.16,0.4989,1.784e-24
-1.4,1.16,0.4987,3.517e-24
-1.38,1.16,0.4984,6.935e-24
-1.36,1.16,0.4982,1.367e-23
-1.34,1.16,0.498,2.695e-23
-1.32,1.16,0.4977,5.314e-23
-1.3,1.16,0.4975,1.048e-22
-1.28,1.16,0.4972,2.065e-22
-1.26,1.16,0.497,4.072e-22
-1.24,1.16,0.4967,8.027e-22
-1.22,1.16,0.4965,1.583e-21
-1.2,1.16,0.4962,3.12e-21
-1.18,1.16,0.496,6.151e-21
-1.16,1.16,0.4957,1.213e-20
-1.14,1.16,0.4955,2.391e-20
-1.12,1.16,0.4952,4.713e-20
-1.1,1.16,0.495,9.292e-20
-1.08,1.16,0.4947,1.832e-19
-1.06,1.16,0.4945,3.612e-19
-1.04,1.16,0.4942,7.12e-19
-1.02,1.16,0.494,1.404e-18
-1,1.16,0.4937,2.768e-18
-0.98,1.16,0.4935,5.662e-18
-0.96,1.16,0.4932,1.158e-17
-0.94,1.16,0.493,2.37e-17
-0.92,1.16,0.4927,4.269e-17
-0.9,1.16,0.4925,7.48e-17
-0.88,1.16,0.4923,1.188e-16
-0.86,1.16,0.492,1.725e-16
-0.84,1.16,0.4918,2.377e-16
-0.82,1.16,0.4915,3.268e-16
-0.8,1.16,0.4913,4.492e-16
-0.78,1.16,0.491,5.933e-16
-0.76,1.16,0.4908,7.663e-16
-0.74,1.16,0.4905,9.897e-16
-0.72,1.16,0.4903,1.278e-15
-0.7,1.16,0.49,1.651e-15
-0.68,1.16,0.4898,2.137e-15
-0.66,1.16,0.4895,2.805e-15
-0.64,1.16,0.4893,3.681e-15
-0.62,1.16,0.489,4.832e-15
-0.6,1.16,0.4888,6.342e-15
-0.58,1.16,0.4885,8.324e-15
-0.56,1.16,0.4883,1.093e-14
-0.54,1.16,0.488,1.434e-14
-0.52,1.16,0.4878,1.882e-14
-0.5,1.16,0.4875,2.47e-14
-0.48,1.16,0.4873,3.242e-14
-0.46,1.16,0.4871,4.255e-14
-0.44,1.16,0.4868,5.585e-14
-0.42,1.16,0.4866,7.331e-14
-0.4,1.16,0.4863,9.622e-14
-0.38,1.16,0.4861,1.263e-13
-0.36,1.16,0.4858,1.657e-13
-0.34,1.16,0.4856,2.175e-13
-0.32,1.16,0.4853,2.855e-13
-0.3,1.16,0.4851,3.72e-13
-0.28,1.16,0.4848,4.426e-13
-0.26,1.16,0.4846,5.266e-13
-0.24,1.16,0.4843,6.266e-13
-0.22,1.16,0.4841,7.455e-13
-0.2,1.16,0.4838,8.87e-13
-0.18,1.16,0.4836,1.055e-12
-0.16,1.16,0.4833,1.256e-12
-0.14,1.16,0.4831,1.494e-12
-0.12,1.16,0.4828,1.777e-12
-0.1,1.16,0.4826,2.115e-12
-0.08,1.16,0.4823,2.516e-12
-0.06,1.16,0.4821,2.994e-12
-0.04,1.16,0.4819,3.298e-12
-0.02,1.16,0.4816,3.273e-12
0,1.16,0.4814,3.248e-12
0.02,1.16,0.4811,3.223e-12
0.04,1.16,0.4809,3.198e-12
0.06,1.16,0.4806,3.173e-12
0.08,1.16,0.4804,3.148e-12
0.1,1.16,0.4801,2.775e-12
0.12,1.16,0.4799,2.422e-12
0.14,1.16,0.4796,2.113e-12
0.16,1.16,0.4794,1.844e-12
0.18,1.16,0.4791,1.609e-12
0.2,1.16,0.4789,1.4e-12
0.22,1.16,0.4786,1.099e-12
0.24,1.16,0.4784,8.622e-13
0.26,1.16,0.4781,6.765e-13
0.28,1.16,0.4779,5.309e-13
0.3,1.16,0.4776,4.166e-13
0.32,1.16,0.4774,3.269e-13
0.34,1.16,0.4772,2.565e-13
0.36,1.16,0.4769,2.013e-13
0.38,1.16,0.4767,1.58e-13
0.4,1.16,0.4764,1.239e-13
0.42,1.16,0.4762,9.726e-14
0.44,1.16,0.4759,6.59e-14
0.46,1.16,0.4757,3.549e-14
0.48,1.16,0.4754,1.927e-14
0.5,1.16,0.4752,1.046e-14
0.52,1.16,0.4749,5.808e-15
0.54,1.16,0.4747,3.276e-15
0.56,1.16,0.4744,1.848e-15
0.58,1.16,0.4742,1.043e-15
0.6,1.16,0.4739,5.882e-16
0.62,1.16,0.4737,3.318e-16
0.64,1.16,0.4734,1.843e-16
0.66,1.16,0.4732,9.923e-17
0.68,1.16,0.4729,5.342e-17
0.7,1.16,0.4727,2.876e-17
0.72,1.16,0.4725,1.523e-17
0.74,1.16,0.4722,7.777e-18
0.76,1.16,0.472,3.79e-18
0.78,1.16,0.4717,1.846e-18
0.8,1.16,0.4715,8.997e-19
0.82,1.16,0.4712,4.383e-19
0.84,1.16,0.471,2.136e-19
0.86,1.16,0.4707,1.058e-19
0.88,1.16,0.4705,5.31e-20
0.9,1.16,0.4702,2.666e-20
0.92,1.16,0.47,1.339e-20
0.94,1.16,0.4697,6.72e-21
0.96,1.16,0.4695,3.374e-21
0.98,1.16,0.4692,1.69e-21
1,1.16,0.469,8.375e-22
1.02,1.16,0.4687,4.053e-22
1.04,1.16,0.4685,1.946e-22
1.06,1.16,0.4683,9.339e-23
1.08,1.16,0.468,4.483e-23
1.1,1.16,0.4678,2.152e-23
1.12,1.16,0.4675,1.033e-23
1.14,1.16,0.4673,4.958e-24
1.16,1.16,0.467,2.38e-24
1.18,1.16,0.4668,1.142e-24
1.2,1.16,0.4665,5.484e-25
1.22,1.16,0.4663,2.632e-25
1.24,1.16,0.466,1.263e-25
1.26,1.16,0.4658,6.065e-26
1.28,1.16,0.4655,2.911e-26
1.3,1.16,0.4653,1.397e-26
1.32,1.16,0.465,6.708e-27
1.34,1.16,0.4648,3.22e-27
1.36,1.16,0.4646,1.546e-27
1.38,1.16,0.4643,7.419e-28
1.4,1.16,0.4641,3.561e-28
1.42,1.16,0.4638,1.61e-28
1.44,1.16,0.4636,6.964e-29
1.46,1.16,0.4633,3.012e-29
1.48,1.16,0.4631,1.303e-29
1.5,1.16,0.4628,5.637e-30
1.52,1.16,0.4626,2.438e-30
1.54,1.16,0.4623,1.055e-30
1.56,1.16,0.4621,4.563e-31
1.58,1.16,0.4618,1.974e-31
1.6,1.16,0.4616,8.538e-32
-1.6,1.18,0.5011,2.085e-27
-1.58,1.18,0.5009,4.257e-27
-1.56,1.18,0.5006,8.502e-27
-1.54,1.18,0.5004,1.698e-26
-1.52,1.18,0.5001,3.391e-26
-1.5,1.18,0.4999,6.748e-26
-1.48,1.18,0.4996,1.33e-25
-1.46,1.18,0.4994,2.623e-25
-1.44,1.18,0.4991,5.171e-25
-1.42,1.18,0.4989,1.019e-24
-1.4,1.18,0.4986,2.01e-24
-1.38,1.18,0.4984,3.962e-24
-1.36,1.18,0.4981,7.812e-24
-1.34,1.18,0.4979,1.54e-23
-1.32,1.18,0.4976,3.036e-23
-1.3,1.18,0.4974,5.986e-23
-1.28,1.18,0.4972,1.18e-22
-1.26,1.18,0.4969,2.326e-22
-1.24,1.18,0.4967,4.587e-22
-1.22,1.18,0.4964,9.042e-22
-1.2,1.18,0.4962,1.783e-21
-1.18,1.18,0.4959,3.515e-21
-1.16,1.18,0.4957,6.929e-21
-1.14,1.18,0.4954,1.366e-20
-1.12,1.18,0.4952,2.693e-20
-1.1,1.18,0.4949,5.309e-20
-1.08,1.18,0.4947,1.047e-19
-1.06,1.18,0.4944,2.064e-19
-1.04,1.18,0.4942,4.068e-19
-1.02,1.18,0.4939,8.021e-19
-1,1.18,0.4937,1.581e-18
-0.98,1.18,0.4934,3.221e-18
-0.96,1.18,0.4932,6.59e-18
-0.94,1.18,0.4929,1.271e-17
-0.92,1.18,0.4927,2.226e-17
-0.9,1.18,0.4924,3.882e-17
-0.88,1.18,0.4922,5.627e-17
-0.86,1.18,0.4919,7.735e-17
-0.84,1.18,0.4917,1.063e-16
-0.82,1.18,0.4915,1.462e-16
-0.8,1.18,0.4912,1.936e-16
-0.78,1.18,0.491,2.501e-16
-0.76,1.18,0.4907,3.23e-16
-0.74,1.18,0.4905,4.171e-16
-0.72,1.18,0.4902,5.387e-16
-0.7,1.18,0.49,6.958e-16
-0.68,1.18,0.4897,8.986e-16
-0.66,1.18,0.4895,1.161e-15
-0.64,1.18,0.4892,1.499e-15
-0.62,1.18,0.489,1.963e-15
-0.6,1.18,0.4887,2.577e-15
-0.58,1.18,0.4885,3.382e-15
-0.56,1.18,0.4882,4.439e-15
-0.54,1.18,0.488,5.826e-15
-0.52,1.18,0.4877,7.647e-15
-0.5,1.18,0.4875,1.004e-14
-0.48,1.18,0.4872,1.317e-14
-0.46,1.18,0.487,1.729e-14
-0.44,1.18,0.4867,2.269e-14
-0.42,1.18,0.4865,2.978e-14
-0.4,1.18,0.4862,3.909e-14
-0.38,1.18,0.486,5.131e-14
-0.36,1.18,0.4858,6.734e-14
-0.34,1.18,0.4855,8.839e-14
-0.32,1.18,0.4853,1.16e-13
-0.3,1.18,0.485,1.429e-13
-0.28,1.18,0.4848,1.7e-13
-0.26,1.18,0.4845,2.022e-13
-0.24,1.18,0.4843,2.406e-13
-0.22,1.18,0.484,2.863e-13
-0.2,1.18,0.4838,3.406e-13
-0.18,1.18,0.4835,4.053e-13
-0.16,1.18,0.4833,4.822e-13
-0.14,1.18,0.483,5.737e-13
-0.12,1.18,0.4828,6.826e-13
-0.1,1.18,0.4825,8.121e-13
-0.08,1.18,0.4823,9.663e-13
-0.06,1.18,0.482,1.15e-12
-0.04,1.18,0.4818,1.214e-12
-0.02,1.18,0.4815,1.196e-12
0,1.18,0.4813,1.178e-12
0.02,1.18,0.4811,1.16e-12
0.04,1.18,0.4808,1.143e-12
0.06,1.18,0.4806,1.131e-12
0.08,1.18,0.4803,1.122e-12
0.1,1.18,0.4801,1.025e-12
0.12,1.18,0.4798,8.941e-13
0.14,1.18,0.4796,7.802e-13
0.16,1.18,0.4793,6.808e-13
0.18,1.18,0.4791,5.941e-13
0.2,1.18,0.4788,5.185e-13
0.22,1.18,0.4786,4.209e-13
0.24,1.18,0.4783,3.302e-13
0.26,1.18,0.4781,2.591e-13
0.28,1.18,0.4778,2.033e-13
0.3,1.18,0.4776,1.596e-13
0.32,1.18,0.4773,1.252e-13
0.34,1.18,0.4771,9.826e-14
0.36,1.18,0.4768,7.738e-14
0.38,1.18,0.4766,6.095e-14
0.4,1.18,0.4764,4.801e-14
0.42,1.18,0.4761,3.781e-14
0.44,1.18,0.4759,2.711e-14
0.46,1.18,0.4756,1.481e-14
0.48,1.18,0.4754,8.043e-15
0.5,1.18,0.4751,4.468e-15
0.52,1.18,0.4749,2.521e-15
0.54,1.18,0.4746,1.422e-15
0.56,1.18,0.4744,8.021e-16
0.58,1.18,0.4741,4.525e-16
0.6,1.18,0.4739,2.553e-16
0.62,1.18,0.4736,1.44e-16
0.64,1.18,0.4734,8.123e-17
0.66,1.18,0.4731,4.504e-17
0.68,1.18,0.4729,2.425e-17
0.7,1.18,0.4726,1.306e-17
0.72,1.18,0.4724,7.029e-18
0.74,1.18,0.4721,3.731e-18
0.76,1.18,0.4719,1.912e-18
0.78,1.18,0.4717,9.315e-19
0.8,1.18,0.4714,4.539e-19
0.82,1.18,0.4712,2.211e-19
0.84,1.18,0.4709,1.077e-19
0.86,1.18,0.4707,5.405e-20
0.88,1.18,0.4704,2.714e-20
0.9,1.18,0.4702,1.362e-20
0.92,1.18,0.4699,6.841e-21
0.94,1.18,0.4697,3.435e-21
0.96,1.18,0.4694,1.724e-21
0.98,1.18,0.4692,8.658e-22
1,1.18,0.4689,4.298e-22
1.02,1.18,0.4687,2.129e-22
1.04,1.18,0.4684,1.047e-22
1.06,1.18,0.4682,5.027e-23
1.08,1.18,0.4679,2.413e-23
1.1,1.18,0.4677,1.158e-23
1.12,1.18,0.4675,5.56e-24
1.14,1.18,0.4672,2.669e-24
1.16,1.18,0.467,1.281e-24
1.18,1.18,0.4667,6.15e-25
1.2,1.18,0.4665,2.952e-25
1.22,1.18,0.4662,1.417e-25
1.24,1.18,0.466,6.802e-26
1.26,1.18,0.4657,3.265e-26
1.28,1.18,0.4655,1.567e-26
1.3,1.18,0.4652,7.522e-27
1.32,1.18,0.465,3.611e-27
1.34,1.18,0.4647,1.733e-27
1.36,1.18,0.4645,8.32e-28
1.38,1.18,0.4642,3.994e-28
1.4,1.18,0.464,1.917e-28
1.42,1.18,0.4638,9.202e-29
1.44,1.18,0.4635,4.146e-29
1.46,1.18,0.4633,1.794e-29
1.48,1.18,0.463,7.759e-30
1.5,1.18,0.4628,3.356e-30
1.52,1.18,0.4625,1.452e-30
1.54,1.18,0.4623,6.281e-31
1.56,1.18,0.462,2.717e-31
1.58,1.18,0.4618,1.175e-31
1.6,1.18,0.4615,5.084e-32
-1.6,1.2,0.5011,1.23e-27
-1.58,1.2,0.5008,2.457e-27
-1.56,1.2,0.5006,4.908e-27
-1.54,1.2,0.5003,9.803e-27
-1.52,1.2,0.5001,1.956e-26
-1.5,1.2,0.4998,3.856e-26
-1.48,1.2,0.4996,7.602e-26
-1.46,1.2,0.4993,1.499e-25
-1.44,1.2,0.4991,2.955e-25
-1.42,1.2,0.4988,5.825e-25
-1.4,1.2,0.4986,1.148e-24
-1.38,1.2,0.4983,2.264e-24
-1.36,1.2,0.4981,4.463e-24
-1.34,1.2,0.4978,8.799e-24
-1.32,1.2,0.4976,1.735e-23
-1.3,1.2,0.4973,3.42e-23
-1.28,1.2,0.4971,6.743e-23
-1.26,1.2,0.4968,1.329e-22
-1.24,1.2,0.4966,2.621e-22
-1.22,1.2,0.4963,5.167e-22
-1.2,1.2,0.4961,1.019e-21
-1.18,1.2,0.4959,2.008e-21
-1.16,1.2,0.4956,3.959e-21
-1.14,1.2,0.4954,7.805e-21
-1.12,1.2,0.4951,1.539e-20
-1.1,1.2,0.4949,3.034e-20
-1.08,1.2,0.4946,5.981e-20
-1.06,1.2,0.4944,1.179e-19
-1.04,1.2,0.4941,2.325e-19
-1.02,1.2,0.4939,4.583e-19
-1,1.2,0.4936,9.035e-19
-0.98,1.2,0.4934,1.832e-18
-0.96,1.2,0.4931,3.749e-18
-0.94,1.2,0.4929,6.626e-18
-0.92,1.2,0.4926,1.161e-17
-0.9,1.2,0.4924,1.831e-17
-0.88,1.2,0.4921,2.517e-17
-0.86,1.2,0.4919,3.46e-17
-0.84,1.2,0.4916,4.756e-17
-0.82,1.2,0.4914,6.318e-17
-0.8,1.2,0.4911,8.16e-17
-0.78,1.2,0.4909,1.054e-16
-0.76,1.2,0.4907,1.361e-16
-0.74,1.2,0.4904,1.758e-16
-0.72,1.2,0.4902,2.271e-16
-0.7,1.2,0.4899,2.933e-16
-0.68,1.2,0.4897,3.788e-16
-0.66,1.2,0.4894,4.892e-16
-0.64,1.2,0.4892,6.318e-16
-0.62,1.2,0.4889,8.16e-16
-0.6,1.2,0.4887,1.054e-15
-0.58,1.2,0.4884,1.374e-15
-0.56,1.2,0.4882,1.803e-15
-0.54,1.2,0.4879,2.367e-15
-0.52,1.2,0.4877,3.107e-15
-0.5,1.2,0.4874,4.078e-15
-0.48,1.2,0.4872,5.352e-15
-0.46,1.2,0.4869,7.024e-15
-0.44,1.2,0.4867,9.22e-15
-0.42,1.2,0.4864,1.21e-14
-0.4,1.2,0.4862,1.588e-14
-0.38,1.2,0.4859,2.085e-14
-0.36,1.2,0.4857,2.736e-14
-0.34,1.2,0.4854,3.591e-14
-0.32,1.2,0.4852,4.611e-14
-0.3,1.2,0.485,5.487e-14
-0.28,1.2,0.4847,6.528e-14
-0.26,1.2,0.4845,7.767e-14
-0.24,1.2,0.4842,9.241e-14
-0.22,1.2,0.484,1.099e-13
-0.2,1.2,0.4837,1.308e-13
-0.18,1.2,0.4835,1.556e-13
-0.16,1.2,0.4832,1.852e-13
-0.14,1.2,0.483,2.203e-13
-0.12,1.2,0.4827,2.621e-13
-0.1,1.2,0.4825,3.119e-13
-0.08,1.2,0.4822,3.711e-13
-0.06,1.2,0.482,4.415e-13
-0.04,1.2,0.4817,4.501e-13
-0.02,1.2,0.4815,4.434e-13
0,1.2,0.4812,4.367e-13
0.02,1.2,0.481,4.301e-13
0.04,1.2,0.4807,4.236e-13
0.06,1.2,0.4805,4.173e-13
0.08,1.2,0.4803,4.11e-13
0.1,1.2,0.48,3.866e-13
0.12,1.2,0.4798,3.368e-13
0.14,1.2,0.4795,2.934e-13
0.16,1.2,0.4793,2.555e-13
0.18,1.2,0.479,2.226e-13
0.2,1.2,0.4788,1.939e-13
0.22,1.2,0.4785,1.633e-13
0.24,1.2,0.4783,1.286e-13
0.26,1.2,0.478,1.013e-13
0.28,1.2,0.4778,7.981e-14
0.3,1.2,0.4775,6.287e-14
0.32,1.2,0.4773,4.952e-14
0.34,1.2,0.477,3.9e-14
0.36,1.2,0.4768,3.072e-14
0.38,1.2,0.4765,2.42e-14
0.4,1.2,0.4763,1.906e-14
0.42,1.2,0.476,1.501e-14
0.44,1.2,0.4758,1.102e-14
0.46,1.2,0.4756,6.181e-15
0.48,1.2,0.4753,3.437e-15
0.5,1.2,0.4751,1.939e-15
0.52,1.2,0.4748,1.094e-15
0.54,1.2,0.4746,6.171e-16
0.56,1.2,0.4743,3.481e-16
0.58,1.2,0.4741,1.964e-16
0.6,1.2,0.4738,1.108e-16
0.62,1.2,0.4736,6.249e-17
0.64,1.2,0.4733,3.525e-17
0.66,1.2,0.4731,1.989e-17
0.68,1.2,0.4728,1.101e-17
0.7,1.2,0.4726,5.926e-18
0.72,1.2,0.4723,3.191e-18
0.74,1.2,0.4721,1.718e-18
0.76,1.2,0.4718,9.141e-19
0.78,1.2,0.4716,4.699e-19
0.8,1.2,0.4713,2.29e-19
0.82,1.2,0.4711,1.116e-19
0.84,1.2,0.4709,5.501e-20
0.86,1.2,0.4706,2.762e-20
0.88,1.2,0.4704,1.387e-20
0.9,1.2,0.4701,6.963e-21
0.92,1.2,0.4699,3.496e-21
0.94,1.2,0.4696,1.755e-21
0.96,1.2,0.4694,8.813e-22
0.98,1.2,0.4691,4.425e-22
1,1.2,0.4689,2.205e-22
1.02,1.2,0.4686,1.093e-22
1.04,1.2,0.4684,5.413e-23
1.06,1.2,0.4681,2.682e-23
1.08,1.2,0.4679,1.299e-23
1.1,1.2,0.4676,6.236e-24
1.12,1.2,0.4674,2.993e-24
1.14,1.2,0.4672,1.437e-24
1.16,1.2,0.4669,6.897e-25
1.18,1.2,0.4667,3.31e-25
1.2,1.2,0.4664,1.589e-25
1.22,1.2,0.4662,7.628e-26
1.24,1.2,0.4659,3.661e-26
1.26,1.2,0.4657,1.757e-26
1.28,1.2,0.4654,8.436e-27
1.3,1.2,0.4652,4.049e-27
1.32,1.2,0.4649,1.944e-27
1.34,1.2,0.4647,9.33e-28
1.36,1.2,0.4644,4.479e-28
1.38,1.2,0.4642,2.15e-28
1.4,1.2,0.4639,1.032e-28
1.42,1.2,0.4637,4.953e-29
1.44,1.2,0.4635,2.378e-29
1.46,1.2,0.4632,1.068e-29
1.48,1.2,0.463,4.62e-30
1.5,1.2,0.4627,1.999e-30
1.52,1.2,0.4625,8.645e-31
1.54,1.2,0.4622,3.74e-31
1.56,1.2,0.462,1.618e-31
1.58,1.2,0.4617,6.998e-32
1.6,1.2,0.4615,3.027e-32
-1.6,1.22,0.501,7.103e-28
-1.58,1.22,0.5008,1.419e-27
-1.56,1.22,0.5005,2.834e-27
-1.54,1.22,0.5003,5.659e-27
-1.52,1.22,0.5,1.118e-26
-1.5,1.22,0.4998,2.203e-26
-1.48,1.22,0.4995,4.343e-26
-1.46,1.22,0.4993,8.563e-26
-1.44,1.22,0.499,1.688e-25
-1.42,1.22,0.4988,3.328e-25
-1.4,1.22,0.4985,6.562e-25
-1.38,1.22,0.4983,1.294e-24
-1.36,1.22,0.498,2.55e-24
-1.34,1.22,0.4978,5.028e-24
-1.32,1.22,0.4975,9.912e-24
-1.3,1.22,0.4973,1.954e-23
-1.28,1.22,0.497,3.853e-23
-1.26,1.22,0.4968,7.595e-23
-1.24,1.22,0.4965,1.497e-22
-1.22,1.22,0.4963,2.952e-22
-1.2,1.22,0.496,5.82e-22
-1.18,1.22,0.4958,1.147e-21
-1.16,1.22,0.4955,2.262e-21
-1.14,1.22,0.4953,4.46e-21
-1.12,1.22,0.4951,8.792e-21
-1.1,1.22,0.4948,1.733e-20
-1.08,1.22,0.4946,3.417e-20
-1.06,1.22,0.4943,6.737e-20
-1.04,1.22,0.4941,1.328e-19
-1.02,1.22,0.4938,2.619e-19
-1,1.22,0.4936,5.162e-19
-0.98,1.22,0.4933,1.042e-18
-0.96,1.22,0.4931,1.972e-18
-0.94,1.22,0.4928,3.456e-18
-0.92,1.22,0.4926,5.958e-18
-0.9,1.22,0.4923,8.19e-18
-0.88,1.22,0.4921,1.126e-17
-0.86,1.22,0.4918,1.548e-17
-0.84,1.22,0.4916,2.062e-17
-0.82,1.22,0.4913,2.663e-17
-0.8,1.22,0.4911,3.439e-17
-0.78,1.22,0.4908,4.442e-17
-0.76,1.22,0.4906,5.737e-17
-0.74,1.22,0.4903,7.41e-17
-0.72,1.22,0.4901,9.57e-17
-0.7,1.22,0.4898,1.236e-16
-0.68,1.22,0.4896,1.596e-16
-0.66,1.22,0.4894,2.062e-16
-0.64,1.22,0.4891,2.663e-16
-0.62,1.22,0.4889,3.439e-16
-0.6,1.22,0.4886,4.442e-16
-0.58,1.22,0.4884,5.737e-16
-0.56,1.22,0.4881,7.409e-16
-0.54,1.22,0.4879,9.617e-16
-0.52,1.22,0.4876,1.262e-15
-0.5,1.22,0.4874,1.657e-15
-0.48,1.22,0.4871,2.174e-15
-0.46,1.22,0.4869,2.854e-15
-0.44,1.22,0.4866,3.746e-15
-0.42,1.22,0.4864,4.916e-15
-0.4,1.22,0.4861,6.453e-15
-0.38,1.22,0.4859,8.47e-15
-0.36,1.22,0.4856,1.112e-14
-0.34,1.22,0.4854,1.459e-14
-0.32,1.22,0.4851,1.771e-14
-0.3,1.22,0.4849,2.107e-14
-0.28,1.22,0.4846,2.507e-14
-0.26,1.22,0.4844,2.983e-14
-0.24,1.22,0.4842,3.549e-14
-0.22,1.22,0.4839,4.222e-14
-0.2,1.22,0.4837,5.024e-14
-0.18,1.22,0.4834,5.977e-14
-0.16,1.22,0.4832,7.111e-14
-0.14,1.22,0.4829,8.461e-14
-0.12,1.22,0.4827,1.007e-13
-0.1,1.22,0.4824,1.198e-13
-0.08,1.22,0.4822,1.425e-13
-0.06,1.22,0.4819,1.694e-13
-0.04,1.22,0.4817,1.669e-13
-0.02,1.22,0.4814,1.644e-13
0,1.22,0.4812,1.619e-13
0.02,1.22,0.4809,1.595e-13
0.04,1.22,0.4807,1.571e-13
0.06,1.22,0.4804,1.547e-13
0.08,1.22,0.4802,1.524e-13
0.1,1.22,0.4799,1.482e-13
0.12,1.22,0.4797,1.291e-13
0.14,1.22,0.4794,1.125e-13
0.16,1.22,0.4792,9.798e-14
0.18,1.22,0.479,8.535e-14
0.2,1.22,0.4787,7.435e-14
0.22,1.22,0.4785,6.477e-14
0.24,1.22,0.4782,5.107e-14
0.26,1.22,0.478,4.023e-14
0.28,1.22,0.4777,3.169e-14
0.3,1.22,0.4775,2.496e-14
0.32,1.22,0.4772,1.966e-14
0.34,1.22,0.477,1.549e-14
0.36,1.22,0.4767,1.22e-14
0.38,1.22,0.4765,9.608e-15
0.4,1.22,0.4762,7.568e-15
0.42,1.22,0.476,5.961e-15
0.44,1.22,0.4757,4.478e-15
0.46,1.22,0.4755,2.644e-15
0.48,1.22,0.4752,1.492e-15
0.5,1.22,0.475,8.415e-16
0.52,1.22,0.4748,4.747e-16
0.54,1.22,0.4745,2.678e-16
0.56,1.22,0.4743,1.511e-16
0.58,1.22,0.474,8.522e-17
0.6,1.22,0.4738,4.808e-17
0.62,1.22,0.4735,2.712e-17
0.64,1.22,0.4733,1.53e-17
0.66,1.22,0.473,8.631e-18
0.68,1.22,0.4728,4.869e-18
0.7,1.22,0.4725,2.69e-18
0.72,1.22,0.4723,1.448e-18
0.74,1.22,0.472,7.797e-19
0.76,1.22,0.4718,4.198e-19
0.78,1.22,0.4715,2.24e-19
0.8,1.22,0.4713,1.154e-19
0.82,1.22,0.471,5.628e-20
0.84,1.22,0.4708,2.811e-20
0.86,1.22,0.4705,1.412e-20
0.88,1.22,0.4703,7.087e-21
0.9,1.22,0.4701,3.558e-21
0.92,1.22,0.4698,1.787e-21
0.94,1.22,0.4696,8.971e-22
0.96,1.22,0.4693,4.504e-22
0.98,1.22,0.4691,2.261e-22
1,1.22,0.4688,1.132e-22
1.02,1.22,0.4686,5.606e-23
1.04,1.22,0.4683,2.777e-23
1.06,1.22,0.4681,1.376e-23
1.08,1.22,0.4678,6.817e-24
1.1,1.22,0.4676,3.357e-24
1.12,1.22,0.4673,1.611e-24
1.14,1.22,0.4671,7.734e-25
1.16,1.22,0.4668,3.712e-25
1.18,1.22,0.4666,1.782e-25
1.2,1.22,0.4664,8.554e-26
1.22,1.22,0.4661,4.106e-26
1.24,1.22,0.4659,1.971e-26
1.26,1.22,0.4656,9.461e-27
1.28,1.22,0.4654,4.541e-27
1.3,1.22,0.4651,2.18e-27
1.32,1.22,0.4649,1.046e-27
1.34,1.22,0.4646,5.023e-28
1.36,1.22,0.4644,2.411e-28
1.38,1.22,0.4641,1.157e-28
1.4,1.22,0.4639,5.555e-29
1.42,1.22,0.4636,2.666e-29
1.44,1.22,0.4634,1.28e-29
1.46,1.22,0.4631,6.144e-30
1.48,1.22,0.4629,2.751e-30
1.5,1.22,0.4627,1.19e-30
1.52,1.22,0.4624,5.148e-31
1.54,1.22,0.4622,2.227e-31
1.56,1.22,0.4619,9.633e-32
1.58,1.22,0.4617,4.167e-32
1.6,1.22,0.4614,1.802e-32
-1.6,1.24,0.5009,4.101e-28
-1.58,1.24,0.5007,8.19e-28
-1.56,1.24,0.5004,1.636e-27
-1.54,1.24,0.5002,3.239e-27
-1.52,1.24,0.5,6.385e-27
-1.5,1.24,0.4997,1.259e-26
-1.48,1.24,0.4995,2.482e-26
-1.46,1.24,0.4992,4.893e-26
-1.44,1.24,0.499,9.646e-26
-1.42,1.24,0.4987,1.902e-25
-1.4,1.24,0.4985,3.749e-25
-1.38,1.24,0.4982,7.391e-25
-1.36,1.24,0.498,1.457e-24
-1.34,1.24,0.4977,2.873e-24
-1.32,1.24,0.4975,5.664e-24
-1.3,1.24,0.4972,1.117e-23
-1.28,1.24,0.497,2.201e-23
-1.26,1.24,0.4967,4.34e-23
-1.24,1.24,0.4965,8.556e-23
-1.22,1.24,0.4962,1.687e-22
-1.2,1.24,0.496,3.325e-22
-1.18,1.24,0.4957,6.556e-22
-1.16,1.24,0.4955,1.293e-21
-1.14,1.24,0.4952,2.548e-21
-1.12,1.24,0.495,5.024e-21
-1.1,1.24,0.4947,9.904e-21
-1.08,1.24,0.4945,1.953e-20
-1.06,1.24,0.4943,3.85e-20
-1.04,1.24,0.494,7.589e-20
-1.02,1.24,0.4938,1.496e-19
-1,1.24,0.4935,2.95e-19
-0.98,1.24,0.4933,5.87e-19
-0.96,1.24,0.493,1.029e-18
-0.94,1.24,0.4928,1.776e-18
-0.92,1.24,0.4925,2.665e-18
-0.9,1.24,0.4923,3.663e-18
-0.88,1.24,0.492,5.036e-18
-0.86,1.24,0.4918,6.729e-18
-0.84,1.24,0.4915,8.69e-18
-0.82,1.24,0.4913,1.122e-17
-0.8,1.24,0.491,1.45e-17
-0.78,1.24,0.4908,1.872e-17
-0.76,1.24,0.4905,2.418e-17
-0.74,1.24,0.4903,3.123e-17
-0.72,1.24,0.49,4.034e-17
-0.7,1.24,0.4898,5.21e-17
-0.68,1.24,0.4895,6.728e-17
-0.66,1.24,0.4893,8.69e-17
-0.64,1.24,0.489,1.122e-16
-0.62,1.24,0.4888,1.45e-16
-0.6,1.24,0.4886,1.872e-16
-0.58,1.24,0.4883,2.418e-16
-0.56,1.24,0.4881,3.123e-16
-0.54,1.24,0.4878,4.033e-16
-0.52,1.24,0.4876,5.209e-16
-0.5,1.24,0.4873,6.731e-16
-0.48,1.24,0.4871,8.835e-16
-0.46,1.24,0.4868,1.16e-15
-0.44,1.24,0.4866,1.522e-15
-0.42,1.24,0.4863,1.998e-15
-0.4,1.24,0.4861,2.622e-15
-0.38,1.24,0.4858,3.441e-15
-0.36,1.24,0.4856,4.516e-15
-0.34,1.24,0.4853,5.716e-15
-0.32,1.24,0.4851,6.801e-15
-0.3,1.24,0.4848,8.092e-15
-0.28,1.24,0.4846,9.627e-15
-0.26,1.24,0.4843,1.145e-14
-0.24,1.24,0.4841,1.363e-14
-0.22,1.24,0.4838,1.621e-14
-0.2,1.24,0.4836,1.929e-14
-0.18,1.24,0.4834,2.295e-14
-0.16,1.24,0.4831,2.731e-14
-0.14,1.24,0.4829,3.249e-14
-0.12,1.24,0.4826,3.866e-14
-0.1,1.24,0.4824,4.6e-14
-0.08,1.24,0.4821,5.473e-14
-0.06,1.24,0.4819,6.282e-14
-0.04,1.24,0.4816,6.187e-14
-0.02,1.24,0.4814,6.094e-14
0,1.24,0.4811,6.003e-14
0.02,1.24,0.4809,5.912e-14
0.04,1.24,0.4806,5.823e-14
0.06,1.24,0.4804,5.736e-14
0.08,1.24,0.4801,5.649e-14
0.1,1.24,0.4799,5.564e-14
0.12,1.24,0.4796,4.951e-14
0.14,1.24,0.4794,4.313e-14
0.16,1.24,0.4791,3.757e-14
0.18,1.24,0.4789,3.273e-14
0.2,1.24,0.4786,2.851e-14
0.22,1.24,0.4784,2.483e-14
0.24,1.24,0.4782,2.028e-14
0.26,1.24,0.4779,1.597e-14
0.28,1.24,0.4777,1.258e-14
0.3,1.24,0.4774,9.91e-15
0.32,1.24,0.4772,7.806e-15
0.34,1.24,0.4769,6.148e-15
0.36,1.24,0.4767,4.843e-15
0.38,1.24,0.4764,3.815e-15
0.4,1.24,0.4762,3.017e-15
0.42,1.24,0.4759,2.407e-15
0.44,1.24,0.4757,1.878e-15
0.46,1.24,0.4754,1.148e-15
0.48,1.24,0.4752,6.474e-16
0.5,1.24,0.4749,3.652e-16
0.52,1.24,0.4747,2.06e-16
0.54,1.24,0.4744,1.162e-16
0.56,1.24,0.4742,6.556e-17
0.58,1.24,0.474,3.699e-17
0.6,1.24,0.4737,2.086e-17
0.62,1.24,0.4735,1.177e-17
0.64,1.24,0.4732,6.64e-18
0.66,1.24,0.473,3.746e-18
0.68,1.24,0.4727,2.113e-18
0.7,1.24,0.4725,1.192e-18
0.72,1.24,0.4722,6.574e-19
0.74,1.24,0.472,3.539e-19
0.76,1.24,0.4717,1.905e-19
0.78,1.24,0.4715,1.026e-19
0.8,1.24,0.4712,5.488e-20
0.82,1.24,0.471,2.85e-20
0.84,1.24,0.4707,1.437e-20
0.86,1.24,0.4705,7.214e-21
0.88,1.24,0.4702,3.622e-21
0.9,1.24,0.47,1.819e-21
0.92,1.24,0.4698,9.131e-22
0.94,1.24,0.4695,4.585e-22
0.96,1.24,0.4693,2.302e-22
0.98,1.24,0.469,1.156e-22
1,1.24,0.4688,5.803e-23
1.02,1.24,0.4685,2.877e-23
1.04,1.24,0.4683,1.425e-23
1.06,1.24,0.468,7.061e-24
1.08,1.24,0.4678,3.498e-24
1.1,1.24,0.4675,1.733e-24
1.12,1.24,0.4673,8.586e-25
1.14,1.24,0.467,4.163e-25
1.16,1.24,0.4668,1.998e-25
1.18,1.24,0.4665,9.593e-26
1.2,1.24,0.4663,4.605e-26
1.22,1.24,0.466,2.21e-26
1.24,1.24,0.4658,1.061e-26
1.26,1.24,0.4656,5.093e-27
1.28,1.24,0.4653,2.445e-27
1.3,1.24,0.4651,1.173e-27
1.32,1.24,0.4648,5.633e-28
1.34,1.24,0.4646,2.704e-28
1.36,1.24,0.4643,1.298e-28
1.38,1.24,0.4641,6.23e-29
1.4,1.24,0.4638,2.99e-29
1.42,1.24,0.4636,1.435e-29
1.44,1.24,0.4633,6.89e-30
1.46,1.24,0.4631,3.307e-30
1.48,1.24,0.4628,1.587e-30
1.5,1.24,0.4626,7.086e-31
1.52,1.24,0.4624,3.065e-31
1.54,1.24,0.4621,1.326e-31
1.56,1.24,0.4619,5.736e-32
1.58,1.24,0.4616,2.481e-32
1.6,1.24,0.4614,1.073e-32
-1.6,1.26,0.5009,2.367e-28
-1.58,1.26,0.5006,4.728e-28
-1.56,1.26,0.5004,9.387e-28
-1.54,1.26,0.5001,1.851e-27
-1.52,1.26,0.4999,3.648e-27
-1.5,1.26,0.4996,7.193e-27
-1.48,1.26,0.4994,1.418e-26
-1.46,1.26,0.4991,2.796e-26
-1.44,1.26,0.4989,5.512e-26
-1.42,1.26,0.4987,1.087e-25
-1.4,1.26,0.4984,2.142e-25
-1.38,1.26,0.4982,4.223e-25
-1.36,1.26,0.4979,8.326e-25
-1.34,1.26,0.4977,1.641e-24
-1.32,1.26,0.4974,3.236e-24
-1.3,1.26,0.4972,6.38e-24
-1.28,1.26,0.4969,1.258e-23
-1.26,1.26,0.4967,2.48e-23
-1.24,1.26,0.4964,4.889e-23
-1.22,1.26,0.4962,9.638e-23
-1.2,1.26,0.4959,1.9e-22
-1.18,1.26,0.4957,3.746e-22
-1.16,1.26,0.4954,7.385e-22
-1.14,1.26,0.4952,1.456e-21
-1.12,1.26,0.4949,2.87e-21
-1.1,1.26,0.4947,5.659e-21
-1.08,1.26,0.4944,1.116e-20
-1.06,1.26,0.4942,2.2e-20
-1.04,1.26,0.4939,4.336e-20
-1.02,1.26,0.4937,8.549e-20
-1,1.26,0.4934,1.685e-19
-0.98,1.26,0.4932,3.062e-19
-0.96,1.26,0.493,5.265e-19
-0.94,1.26,0.4927,8.672e-19
-0.92,1.26,0.4925,1.192e-18
-0.9,1.26,0.4922,1.639e-18
-0.88,1.26,0.492,2.196e-18
-0.86,1.26,0.4917,2.836e-18
-0.84,1.26,0.4915,3.663e-18
-0.82,1.26,0.4912,4.731e-18
-0.8,1.26,0.491,6.11e-18
-0.78,1.26,0.4907,7.891e-18
-0.76,1.26,0.4905,1.019e-17
-0.74,1.26,0.4902,1.316e-17
-0.72,1.26,0.49,1.7e-17
-0.7,1.26,0.4897,2.196e-17
-0.68,1.26,0.4895,2.836e-17
-0.66,1.26,0.4892,3.663e-17
-0.64,1.26,0.489,4.73e-17
-0.62,1.26,0.4887,6.11e-17
-0.6,1.26,0.4885,7.891e-17
-0.58,1.26,0.4882,1.019e-16
-0.56,1.26,0.488,1.316e-16
-0.54,1.26,0.4878,1.7e-16
-0.52,1.26,0.4875,2.196e-16
-0.5,1.26,0.4873,2.836e-16
-0.48,1.26,0.487,3.662e-16
-0.46,1.26,0.4868,4.73e-16
-0.44,1.26,0.4865,6.183e-16
-0.42,1.26,0.4863,8.116e-16
-0.4,1.26,0.486,1.065e-15
-0.38,1.26,0.4858,1.398e-15
-0.36,1.26,0.4855,1.835e-15
-0.34,1.26,0.4853,2.195e-15
-0.32,1.26,0.485,2.612e-15
-0.3,1.26,0.4848,3.107e-15
-0.28,1.26,0.4845,3.697e-15
-0.26,1.26,0.4843,4.399e-15
-0.24,1.26,0.484,5.234e-15
-0.22,1.26,0.4838,6.227e-15
-0.2,1.26,0.4835,7.409e-15
-0.18,1.26,0.4833,8.815e-15
-0.16,1.26,0.483,1.049e-14
-0.14,1.26,0.4828,1.248e-14
-0.12,1.26,0.4826,1.485e-14
-0.1,1.26,0.4823,1.766e-14
-0.08,1.26,0.4821,2.102e-14
-0.06,1.26,0.4818,2.329e-14
-0.04,1.26,0.4816,2.294e-14
-0.02,1.26,0.4813,2.259e-14
0,1.26,0.4811,2.225e-14
0.02,1.26,0.4808,2.192e-14
0.04,1.26,0.4806,2.159e-14
0.06,1.26,0.4803,2.126e-14
0.08,1.26,0.4801,2.094e-14
0.1,1.26,0.4798,2.063e-14
0.12,1.26,0.4796,1.898e-14
0.14,1.26,0.4793,1.654e-14
0.16,1.26,0.4791,1.441e-14
0.18,1.26,0.4788,1.255e-14
0.2,1.26,0.4786,1.093e-14
0.22,1.26,0.4783,9.522e-15
0.24,1.26,0.4781,8.051e-15
0.26,1.26,0.4778,6.342e-15
0.28,1.26,0.4776,4.995e-15
0.3,1.26,0.4774,3.935e-15
0.32,1.26,0.4771,3.099e-15
0.34,1.26,0.4769,2.461e-15
0.36,1.26,0.4766,1.964e-15
0.38,1.26,0.4764,1.567e-15
0.4,1.26,0.4761,1.25e-15
0.42,1.26,0.4759,9.971e-16
0.44,1.26,0.4756,7.951e-16
0.46,1.26,0.4754,4.98e-16
0.48,1.26,0.4751,2.81e-16
0.5,1.26,0.4749,1.585e-16
0.52,1.26,0.4746,8.941e-17
0.54,1.26,0.4744,5.044e-17
0.56,1.26,0.4741,2.845e-17
0.58,1.26,0.4739,1.605e-17
0.6,1.26,0.4736,9.055e-18
0.62,1.26,0.4734,5.108e-18
0.64,1.26,0.4732,2.882e-18
0.66,1.26,0.4729,1.626e-18
0.68,1.26,0.4727,9.17e-19
0.7,1.26,0.4724,5.173e-19
0.72,1.26,0.4722,2.918e-19
0.74,1.26,0.4719,1.606e-19
0.76,1.26,0.4717,8.649e-20
0.78,1.26,0.4714,4.656e-20
0.8,1.26,0.4712,2.507e-20
0.82,1.26,0.4709,1.378e-20
0.84,1.26,0.4707,7.29e-21
0.86,1.26,0.4704,3.687e-21
0.88,1.26,0.4702,1.851e-21
0.9,1.26,0.4699,9.294e-22
0.92,1.26,0.4697,4.667e-22
0.94,1.26,0.4694,2.343e-22
0.96,1.26,0.4692,1.176e-22
0.98,1.26,0.469,5.906e-23
1,1.26,0.4687,2.966e-23
1.02,1.26,0.4685,1.476e-23
1.04,1.26,0.4682,7.314e-24
1.06,1.26,0.468,3.623e-24
1.08,1.26,0.4677,1.795e-24
1.1,1.26,0.4675,8.893e-25
1.12,1.26,0.4672,4.406e-25
1.14,1.26,0.467,2.183e-25
1.16,1.26,0.4667,1.076e-25
1.18,1.26,0.4665,5.164e-26
1.2,1.26,0.4662,2.479e-26
1.22,1.26,0.466,1.19e-26
1.24,1.26,0.4657,5.711e-27
1.26,1.26,0.4655,2.741e-27
1.28,1.26,0.4653,1.316e-27
1.3,1.26,0.465,6.317e-28
1.32,1.26,0.4648,3.032e-28
1.34,1.26,0.4645,1.455e-28
1.36,1.26,0.4643,6.986e-29
1.38,1.26,0.464,3.353e-29
1.4,1.26,0.4638,1.61e-29
1.42,1.26,0.4635,7.727e-30
1.44,1.26,0.4633,3.709e-30
1.46,1.26,0.463,1.78e-30
1.48,1.26,0.4628,8.546e-31
1.5,1.26,0.4625,4.102e-31
1.52,1.26,0.4623,1.825e-31
1.54,1.26,0.462,7.895e-32
1.56,1.26,0.4618,3.415e-32
1.58,1.26,0.4616,1.477e-32
1.6,1.26,0.4613,6.391e-33
-1.6,1.28,0.5008,1.367e-28
-1.58,1.28,0.5006,2.721e-28
-1.56,1.28,0.5003,5.363e-28
-1.54,1.28,0.5001,1.057e-27
-1.52,1.28,0.4998,2.085e-27
-1.5,1.28,0.4996,4.11e-27
-1.48,1.28,0.4993,8.102e-27
-1.46,1.28,0.4991,1.597e-26
-1.44,1.28,0.4988,3.149e-26
-1.42,1.28,0.4986,6.209e-26
-1.4,1.28,0.4983,1.224e-25
-1.38,1.28,0.4981,2.413e-25
-1.36,1.28,0.4979,4.757e-25
-1.34,1.28,0.4976,9.379e-25
-1.32,1.28,0.4974,1.849e-24
-1.3,1.28,0.4971,3.645e-24
-1.28,1.28,0.4969,7.187e-24
-1.26,1.28,0.4966,1.417e-23
-1.24,1.28,0.4964,2.793e-23
-1.22,1.28,0.4961,5.507e-23
-1.2,1.28,0.4959,1.086e-22
-1.18,1.28,0.4956,2.14e-22
-1.16,1.28,0.4954,4.22e-22
-1.14,1.28,0.4951,8.319e-22
-1.12,1.28,0.4949,1.64e-21
-1.1,1.28,0.4946,3.233e-21
-1.08,1.28,0.4944,6.375e-21
-1.06,1.28,0.4941,1.257e-20
-1.04,1.28,0.4939,2.478e-20
-1.02,1.28,0.4936,4.885e-20
-1,1.28,0.4934,9.368e-20
-0.98,1.28,0.4931,1.56e-19
-0.96,1.28,0.4929,2.588e-19
-0.94,1.28,0.4926,3.879e-19
-0.92,1.28,0.4924,5.332e-19
-0.9,1.28,0.4922,7.166e-19
-0.88,1.28,0.4919,9.255e-19
-0.86,1.28,0.4917,1.195e-18
-0.84,1.28,0.4914,1.544e-18
-0.82,1.28,0.4912,1.994e-18
-0.8,1.28,0.4909,2.575e-18
-0.78,1.28,0.4907,3.326e-18
-0.76,1.28,0.4904,4.296e-18
-0.74,1.28,0.4902,5.548e-18
-0.72,1.28,0.4899,7.165e-18
-0.7,1.28,0.4897,9.254e-18
-0.68,1.28,0.4894,1.195e-17
-0.66,1.28,0.4892,1.544e-17
-0.64,1.28,0.4889,1.994e-17
-0.62,1.28,0.4887,2.575e-17
-0.6,1.28,0.4884,3.326e-17
-0.58,1.28,0.4882,4.295e-17
-0.56,1.28,0.4879,5.548e-17
-0.54,1.28,0.4877,7.165e-17
-0.52,1.28,0.4874,9.254e-17
-0.5,1.28,0.4872,1.195e-16
-0.48,1.28,0.4869,1.544e-16
-0.46,1.28,0.4867,1.994e-16
-0.44,1.28,0.4865,2.575e-16
-0.42,1.28,0.4862,3.326e-16
-0.4,1.28,0.486,4.328e-16
-0.38,1.28,0.4857,5.68e-16
-0.36,1.28,0.4855,7.085e-16
-0.34,1.28,0.4852,8.43e-16
-0.32,1.28,0.485,1.003e-15
-0.3,1.28,0.4847,1.193e-15
-0.28,1.28,0.4845,1.42e-15
-0.26,1.28,0.4842,1.689e-15
-0.24,1.28,0.484,2.01e-15
-0.22,1.28,0.4837,2.391e-15
-0.2,1.28,0.4835,2.845e-15
-0.18,1.28,0.4832,3.385e-15
-0.16,1.28,0.483,4.028e-15
-0.14,1.28,0.4827,4.792e-15
-0.12,1.28,0.4825,5.702e-15
-0.1,1.28,0.4822,6.784e-15
-0.08,1.28,0.482,8.071e-15
-0.06,1.28,0.4818,8.635e-15
-0.04,1.28,0.4815,8.505e-15
-0.02,1.28,0.4813,8.377e-15
0,1.28,0.481,8.251e-15
0.02,1.28,0.4808,8.127e-15
0.04,1.28,0.4805,8.004e-15
0.06,1.28,0.4803,7.884e-15
0.08,1.28,0.48,7.765e-15
0.1,1.28,0.4798,7.648e-15
0.12,1.28,0.4795,7.279e-15
0.14,1.28,0.4793,6.341e-15
0.16,1.28,0.479,5.523e-15
0.18,1.28,0.4788,4.811e-15
0.2,1.28,0.4785,4.191e-15
0.22,1.28,0.4783,3.651e-15
0.24,1.28,0.478,3.18e-15
0.26,1.28,0.4778,2.518e-15
0.28,1.28,0.4775,2.008e-15
0.3,1.28,0.4773,1.602e-15
0.32,1.28,0.477,1.278e-15
0.34,1.28,0.4768,1.02e-15
0.36,1.28,0.4766,8.135e-16
0.38,1.28,0.4763,6.49e-16
0.4,1.28,0.4761,5.178e-16
0.42,1.28,0.4758,4.131e-16
0.44,1.28,0.4756,3.295e-16
0.46,1.28,0.4753,2.161e-16
0.48,1.28,0.4751,1.219e-16
0.5,1.28,0.4748,6.878e-17
0.52,1.28,0.4746,3.88e-17
0.54,1.28,0.4743,2.189e-17
0.56,1.28,0.4741,1.235e-17
0.58,1.28,0.4738,6.966e-18
0.6,1.28,0.4736,3.93e-18
0.62,1.28,0.4733,2.217e-18
0.64,1.28,0.4731,1.251e-18
0.66,1.28,0.4728,7.055e-19
0.68,1.28,0.4726,3.98e-19
0.7,1.28,0.4724,2.245e-19
0.72,1.28,0.4721,1.267e-19
0.74,1.28,0.4719,7.145e-20
0.76,1.28,0.4716,3.926e-20
0.78,1.28,0.4714,2.114e-20
0.8,1.28,0.4711,1.155e-20
0.82,1.28,0.4709,6.385e-21
0.84,1.28,0.4706,3.525e-21
0.86,1.28,0.4704,1.865e-21
0.88,1.28,0.4701,9.46e-22
0.9,1.28,0.4699,4.75e-22
0.92,1.28,0.4696,2.385e-22
0.94,1.28,0.4694,1.197e-22
0.96,1.28,0.4691,6.012e-23
0.98,1.28,0.4689,3.019e-23
1,1.28,0.4686,1.516e-23
1.02,1.28,0.4684,7.575e-24
1.04,1.28,0.4682,3.753e-24
1.06,1.28,0.4679,1.859e-24
1.08,1.28,0.4677,9.212e-25
1.1,1.28,0.4674,4.564e-25
1.12,1.28,0.4672,2.261e-25
1.14,1.28,0.4669,1.12e-25
1.16,1.28,0.4667,5.549e-26
1.18,1.28,0.4664,2.749e-26
1.2,1.28,0.4662,1.334e-26
1.22,1.28,0.4659,6.405e-27
1.24,1.28,0.4657,3.074e-27
1.26,1.28,0.4654,1.476e-27
1.28,1.28,0.4652,7.084e-28
1.3,1.28,0.4649,3.4e-28
1.32,1.28,0.4647,1.632e-28
1.34,1.28,0.4645,7.835e-29
1.36,1.28,0.4642,3.761e-29
1.38,1.28,0.464,1.805e-29
1.4,1.28,0.4637,8.665e-30
1.42,1.28,0.4635,4.159e-30
1.44,1.28,0.4632,1.997e-30
1.46,1.28,0.463,9.584e-31
1.48,1.28,0.4627,4.6e-31
1.5,1.28,0.4625,2.208e-31
1.52,1.28,0.4622,1.06e-31
1.54,1.28,0.462,4.701e-32
1.56,1.28,0.4617,2.034e-32
1.58,1.28,0.4615,8.797e-33
1.6,1.28,0.4612,3.805e-33
-1.6,1.3,0.5008,7.885e-29
-1.58,1.3,0.5005,1.554e-28
-1.56,1.3,0.5003,3.065e-28
-1.54,1.3,0.5,6.042e-28
-1.52,1.3,0.4998,1.191e-27
-1.5,1.3,0.4995,2.348e-27
-1.48,1.3,0.4993,4.63e-27
-1.46,1.3,0.499,9.127e-27
-1.44,1.3,0.4988,1.799e-26
-1.42,1.3,0.4985,3.547e-26
-1.4,1.3,0.4983,6.994e-26
-1.38,1.3,0.498,1.379e-25
-1.36,1.3,0.4978,2.718e-25
-1.34,1.3,0.4975,5.359e-25
-1.32,1.3,0.4973,1.057e-24
-1.3,1.3,0.4971,2.083e-24
-1.28,1.3,0.4968,4.106e-24
-1.26,1.3,0.4966,8.096e-24
-1.24,1.3,0.4963,1.596e-23
-1.22,1.3,0.4961,3.147e-23
-1.2,1.3,0.4958,6.204e-23
-1.18,1.3,0.4956,1.223e-22
-1.16,1.3,0.4953,2.411e-22
-1.14,1.3,0.4951,4.754e-22
-1.12,1.3,0.4948,9.371e-22
-1.1,1.3,0.4946,1.848e-21
-1.08,1.3,0.4943,3.642e-21
-1.06,1.3,0.4941,7.181e-21
-1.04,1.3,0.4938,1.416e-20
-1.02,1.3,0.4936,2.791e-20
-1,1.3,0.4933,4.796e-20
-0.98,1.3,0.4931,7.727e-20
-0.96,1.3,0.4928,1.262e-19
-0.94,1.3,0.4926,1.735e-19
-0.92,1.3,0.4923,2.338e-19
-0.9,1.3,0.4921,3.02e-19
-0.88,1.3,0.4918,3.901e-19
-0.86,1.3,0.4916,5.038e-19
-0.84,1.3,0.4914,6.507e-19
-0.82,1.3,0.4911,8.404e-19
-0.8,1.3,0.4909,1.085e-18
-0.78,1.3,0.4906,1.402e-18
-0.76,1.3,0.4904,1.81e-18
-0.74,1.3,0.4901,2.338e-18
-0.72,1.3,0.4899,3.02e-18
-0.7,1.3,0.4896,3.901e-18
-0.68,1.3,0.4894,5.038e-18
-0.66,1.3,0.4891,6.506e-18
-0.64,1.3,0.4889,8.403e-18
-0.62,1.3,0.4886,1.085e-17
-0.6,1.3,0.4884,1.402e-17
-0.58,1.3,0.4881,1.81e-17
-0.56,1.3,0.4879,2.338e-17
-0.54,1.3,0.4876,3.02e-17
-0.52,1.3,0.4874,3.9e-17
-0.5,1.3,0.4871,5.037e-17
-0.48,1.3,0.4869,6.506e-17
-0.46,1.3,0.4866,8.403e-17
-0.44,1.3,0.4864,1.085e-16
-0.42,1.3,0.4861,1.402e-16
-0.4,1.3,0.4859,1.81e-16
-0.38,1.3,0.4857,2.319e-16
-0.36,1.3,0.4854,2.737e-16
-0.34,1.3,0.4852,3.237e-16
-0.32,1.3,0.4849,3.852e-16
-0.3,1.3,0.4847,4.583e-16
-0.28,1.3,0.4844,5.453e-16
-0.26,1.3,0.4842,6.487e-16
-0.24,1.3,0.4839,7.719e-16
-0.22,1.3,0.4837,9.184e-16
-0.2,1.3,0.4834,1.093e-15
-0.18,1.3,0.4832,1.3e-15
-0.16,1.3,0.4829,1.547e-15
-0.14,1.3,0.4827,1.84e-15
-0.12,1.3,0.4824,2.19e-15
-0.1,1.3,0.4822,2.605e-15
-0.08,1.3,0.4819,3.1e-15
-0.06,1.3,0.4817,3.201e-15
-0.04,1.3,0.4814,3.153e-15
-0.02,1.3,0.4812,3.106e-15
0,1.3,0.4809,3.059e-15
0.02,1.3,0.4807,3.013e-15
0.04,1.3,0.4805,2.968e-15
0.06,1.3,0.4802,2.923e-15
0.08,1.3,0.48,2.879e-15
0.1,1.3,0.4797,2.836e-15
0.12,1.3,0.4795,2.791e-15
0.14,1.3,0.4792,2.431e-15
0.16,1.3,0.479,2.118e-15
0.18,1.3,0.4787,1.845e-15
0.2,1.3,0.4785,1.619e-15
0.22,1.3,0.4782,1.426e-15
0.24,1.3,0.478,1.257e-15
0.26,1.3,0.4777,1.043e-15
0.28,1.3,0.4775,8.32e-16
0.3,1.3,0.4772,6.637e-16
0.32,1.3,0.477,5.295e-16
0.34,1.3,0.4767,4.225e-16
0.36,1.3,0.4765,3.37e-16
0.38,1.3,0.4762,2.689e-16
0.4,1.3,0.476,2.145e-16
0.42,1.3,0.4758,1.711e-16
0.44,1.3,0.4755,1.365e-16
0.46,1.3,0.4753,9.38e-17
0.48,1.3,0.475,5.292e-17
0.5,1.3,0.4748,2.985e-17
0.52,1.3,0.4745,1.684e-17
0.54,1.3,0.4743,9.5e-18
0.56,1.3,0.474,5.359e-18
0.58,1.3,0.4738,3.023e-18
0.6,1.3,0.4735,1.705e-18
0.62,1.3,0.4733,9.621e-19
0.64,1.3,0.473,5.427e-19
0.66,1.3,0.4728,3.062e-19
0.68,1.3,0.4725,1.727e-19
0.7,1.3,0.4723,9.744e-20
0.72,1.3,0.472,5.497e-20
0.74,1.3,0.4718,3.101e-20
0.76,1.3,0.4716,1.749e-20
0.78,1.3,0.4713,9.651e-21
0.8,1.3,0.4711,5.334e-21
0.82,1.3,0.4708,2.948e-21
0.84,1.3,0.4706,1.629e-21
0.86,1.3,0.4703,9.005e-22
0.88,1.3,0.4701,4.771e-22
0.9,1.3,0.4698,2.428e-22
0.92,1.3,0.4696,1.219e-22
0.94,1.3,0.4693,6.12e-23
0.96,1.3,0.4691,3.073e-23
0.98,1.3,0.4688,1.543e-23
1,1.3,0.4686,7.746e-24
1.02,1.3,0.4683,3.887e-24
1.04,1.3,0.4681,1.926e-24
1.06,1.3,0.4678,9.541e-25
1.08,1.3,0.4676,4.727e-25
1.1,1.3,0.4674,2.342e-25
1.12,1.3,0.4671,1.16e-25
1.14,1.3,0.4669,5.748e-26
1.16,1.3,0.4666,2.848e-26
1.18,1.3,0.4664,1.411e-26
1.2,1.3,0.4661,6.989e-27
1.22,1.3,0.4659,3.448e-27
1.24,1.3,0.4656,1.655e-27
1.26,1.3,0.4654,7.944e-28
1.28,1.3,0.4651,3.813e-28
1.3,1.3,0.4649,1.83e-28
1.32,1.3,0.4646,8.786e-29
1.34,1.3,0.4644,4.217e-29
1.36,1.3,0.4641,2.024e-29
1.38,1.3,0.4639,9.717e-30
1.4,1.3,0.4637,4.664e-30
1.42,1.3,0.4634,2.239e-30
1.44,1.3,0.4632,1.075e-30
1.46,1.3,0.4629,5.159e-31
1.48,1.3,0.4627,2.476e-31
1.5,1.3,0.4624,1.189e-31
1.52,1.3,0.4622,5.706e-32
1.54,1.3,0.4619,2.739e-32
1.56,1.3,0.4617,1.211e-32
1.58,1.3,0.4614,5.238e-33
1.6,1.3,0.4612,2.266e-33
-1.6,1.32,0.5007,4.505e-29
-1.58,1.32,0.5005,8.882e-29
-1.56,1.32,0.5002,1.751e-28
-1.54,1.32,0.5,3.452e-28
-1.52,1.32,0.4997,6.806e-28
-1.5,1.32,0.4995,1.342e-27
-1.48,1.32,0.4992,2.645e-27
-1.46,1.32,0.499,5.215e-27
-1.44,1.32,0.4987,1.028e-26
-1.42,1.32,0.4985,2.027e-26
-1.4,1.32,0.4982,3.996e-26
-1.38,1.32,0.498,7.878e-26
-1.36,1.32,0.4977,1.553e-25
-1.34,1.32,0.4975,3.062e-25
-1.32,1.32,0.4972,6.037e-25
-1.3,1.32,0.497,1.19e-24
-1.28,1.32,0.4967,2.346e-24
-1.26,1.32,0.4965,4.626e-24
-1.24,1.32,0.4962,9.12e-24
-1.22,1.32,0.496,1.798e-23
-1.2,1.32,0.4958,3.545e-23
-1.18,1.32,0.4955,6.988e-23
-1.16,1.32,0.4953,1.378e-22
-1.14,1.32,0.495,2.716e-22
-1.12,1.32,0.4948,5.355e-22
-1.1,1.32,0.4945,1.056e-21
-1.08,1.32,0.4943,2.081e-21
-1.06,1.32,0.494,4.103e-21
-1.04,1.32,0.4938,8.089e-21
-1.02,1.32,0.4935,1.476e-20
-1,1.32,0.4933,2.378e-20
-0.98,1.32,0.493,3.832e-20
-0.96,1.32,0.4928,5.646e-20
-0.94,1.32,0.4925,7.631e-20
-0.92,1.32,0.4923,9.856e-20
-0.9,1.32,0.492,1.273e-19
-0.88,1.32,0.4918,1.644e-19
-0.86,1.32,0.4915,2.123e-19
-0.84,1.32,0.4913,2.742e-19
-0.82,1.32,0.491,3.542e-19
-0.8,1.32,0.4908,4.575e-19
-0.78,1.32,0.4905,5.908e-19
-0.76,1.32,0.4903,7.631e-19
-0.74,1.32,0.4901,9.855e-19
-0.72,1.32,0.4898,1.273e-18
-0.7,1.32,0.4896,1.644e-18
-0.68,1.32,0.4893,2.123e-18
-0.66,1.32,0.4891,2.742e-18
-0.64,1.32,0.4888,3.542e-18
-0.62,1.32,0.4886,4.574e-18
-0.6,1.32,0.4883,5.908e-18
-0.58,1.32,0.4881,7.63e-18
-0.56,1.32,0.4878,9.855e-18
-0.54,1.32,0.4876,1.273e-17
-0.52,1.32,0.4873,1.644e-17
-0.5,1.32,0.4871,2.123e-17
-0.48,1.32,0.4868,2.742e-17
-0.46,1.32,0.4866,3.542e-17
-0.44,1.32,0.4863,4.574e-17
-0.42,1.32,0.4861,5.908e-17
-0.4,1.32,0.4858,7.63e-17
-0.38,1.32,0.4856,9.281e-17
-0.36,1.32,0.4853,1.095e-16
-0.34,1.32,0.4851,1.293e-16
-0.32,1.32,0.4849,1.526e-16
-0.3,1.32,0.4846,1.802e-16
-0.28,1.32,0.4844,2.127e-16
-0.26,1.32,0.4841,2.51e-16
-0.24,1.32,0.4839,2.964e-16
-0.22,1.32,0.4836,3.527e-16
-0.2,1.32,0.4834,4.196e-16
-0.18,1.32,0.4831,4.992e-16
-0.16,1.32,0.4829,5.94e-16
-0.14,1.32,0.4826,7.067e-16
-0.12,1.32,0.4824,8.409e-16
-0.1,1.32,0.4821,1e-15
-0.08,1.32,0.4819,1.19e-15
-0.06,1.32,0.4816,1.187e-15
-0.04,1.32,0.4814,1.169e-15
-0.02,1.32,0.4811,1.151e-15
0,1.32,0.4809,1.134e-15
0.02,1.32,0.4806,1.117e-15
0.04,1.32,0.4804,1.1e-15
0.06,1.32,0.4801,1.084e-15
0.08,1.32,0.4799,1.067e-15
0.1,1.32,0.4797,1.051e-15
0.12,1.32,0.4794,1.042e-15
0.14,1.32,0.4792,9.478e-16
0.16,1.32,0.4789,8.35e-16
0.18,1.32,0.4787,7.356e-16
0.2,1.32,0.4784,6.481e-16
0.22,1.32,0.4782,5.71e-16
0.24,1.32,0.4779,5.03e-16
0.26,1.32,0.4777,4.32e-16
0.28,1.32,0.4774,3.447e-16
0.3,1.32,0.4772,2.75e-16
0.32,1.32,0.4769,2.194e-16
0.34,1.32,0.4767,1.75e-16
0.36,1.32,0.4764,1.396e-16
0.38,1.32,0.4762,1.114e-16
0.4,1.32,0.4759,8.887e-17
0.42,1.32,0.4757,7.09e-17
0.44,1.32,0.4754,5.656e-17
0.46,1.32,0.4752,4.055e-17
0.48,1.32,0.475,2.296e-17
0.5,1.32,0.4747,1.295e-17
0.52,1.32,0.4745,7.308e-18
0.54,1.32,0.4742,4.123e-18
0.56,1.32,0.474,2.326e-18
0.58,1.32,0.4737,1.312e-18
0.6,1.32,0.4735,7.401e-19
0.62,1.32,0.4732,4.175e-19
0.64,1.32,0.473,2.355e-19
0.66,1.32,0.4727,1.329e-19
0.68,1.32,0.4725,7.496e-20
0.7,1.32,0.4722,4.229e-20
0.72,1.32,0.472,2.385e-20
0.74,1.32,0.4717,1.346e-20
0.76,1.32,0.4715,7.591e-21
0.78,1.32,0.4712,4.381e-21
0.8,1.32,0.471,2.462e-21
0.82,1.32,0.4708,1.361e-21
0.84,1.32,0.4705,7.522e-22
0.86,1.32,0.4703,4.157e-22
0.88,1.32,0.47,2.298e-22
0.9,1.32,0.4698,1.221e-22
0.92,1.32,0.4695,6.229e-23
0.94,1.32,0.4693,3.127e-23
0.96,1.32,0.469,1.57e-23
0.98,1.32,0.4688,7.884e-24
1,1.32,0.4685,3.958e-24
1.02,1.32,0.4683,1.987e-24
1.04,1.32,0.468,9.883e-25
1.06,1.32,0.4678,4.896e-25
1.08,1.32,0.4675,2.426e-25
1.1,1.32,0.4673,1.202e-25
1.12,1.32,0.4671,5.953e-26
1.14,1.32,0.4668,2.949e-26
1.16,1.32,0.4666,1.461e-26
1.18,1.32,0.4663,7.239e-27
1.2,1.32,0.4661,3.586e-27
1.22,1.32,0.4658,1.777e-27
1.24,1.32,0.4656,8.803e-28
1.26,1.32,0.4653,4.276e-28
1.28,1.32,0.4651,2.053e-28
1.3,1.32,0.4648,9.853e-29
1.32,1.32,0.4646,4.73e-29
1.34,1.32,0.4643,2.27e-29
1.36,1.32,0.4641,1.09e-29
1.38,1.32,0.4638,5.231e-30
1.4,1.32,0.4636,2.511e-30
1.42,1.32,0.4634,1.205e-30
1.44,1.32,0.4631,5.785e-31
1.46,1.32,0.4629,2.777e-31
1.48,1.32,0.4626,1.333e-31
1.5,1.32,0.4624,6.399e-32
1.52,1.32,0.4621,3.071e-32
1.54,1.32,0.4619,1.474e-32
1.56,1.32,0.4616,7.077e-33
1.58,1.32,0.4614,3.119e-33
1.6,1.32,0.4611,1.349e-33
-1.6,1.34,0.5007,2.574e-29
-1.58,1.34,0.5004,5.075e-29
-1.56,1.34,0.5002,1.001e-28
-1.54,1.34,0.4999,1.972e-28
-1.52,1.34,0.4997,3.889e-28
-1.5,1.34,0.4994,7.667e-28
-1.48,1.34,0.4992,1.511e-27
-1.46,1.34,0.4989,2.98e-27
-1.44,1.34,0.4987,5.875e-27
-1.42,1.34,0.4984,1.158e-26
-1.4,1.34,0.4982,2.283e-26
-1.38,1.34,0.4979,4.502e-26
-1.36,1.34,0.4977,8.875e-26
-1.34,1.34,0.4974,1.75e-25
-1.32,1.34,0.4972,3.449e-25
-1.3,1.34,0.4969,6.8e-25
-1.28,1.34,0.4967,1.341e-24
-1.26,1.34,0.4964,2.643e-24
-1.24,1.34,0.4962,5.211e-24
-1.22,1.34,0.4959,1.027e-23
-1.2,1.34,0.4957,2.025e-23
-1.18,1.34,0.4954,3.993e-23
-1.16,1.34,0.4952,7.872e-23
-1.14,1.34,0.495,1.552e-22
-1.12,1.34,0.4947,3.06e-22
-1.1,1.34,0.4945,6.032e-22
-1.08,1.34,0.4942,1.189e-21
-1.06,1.34,0.494,2.344e-21
-1.04,1.34,0.4937,4.459e-21
-1.02,1.34,0.4935,7.322e-21
-1,1.34,0.4932,1.179e-20
-0.98,1.34,0.493,1.885e-20
-0.96,1.34,0.4927,2.521e-20
-0.94,1.34,0.4925,3.216e-20
-0.92,1.34,0.4922,4.154e-20
-0.9,1.34,0.492,5.365e-20
-0.88,1.34,0.4917,6.929e-20
-0.86,1.34,0.4915,8.949e-20
-0.84,1.34,0.4912,1.156e-19
-0.82,1.34,0.491,1.493e-19
-0.8,1.34,0.4907,1.928e-19
-0.78,1.34,0.4905,2.49e-19
-0.76,1.34,0.4902,3.216e-19
-0.74,1.34,0.49,4.154e-19
-0.72,1.34,0.4897,5.365e-19
-0.7,1.34,0.4895,6.929e-19
-0.68,1.34,0.4893,8.949e-19
-0.66,1.34,0.489,1.156e-18
-0.64,1.34,0.4888,1.493e-18
-0.62,1.34,0.4885,1.928e-18
-0.6,1.34,0.4883,2.49e-18
-0.58,1.34,0.488,3.216e-18
-0.56,1.34,0.4878,4.154e-18
-0.54,1.34,0.4875,5.365e-18
-0.52,1.34,0.4873,6.929e-18
-0.5,1.34,0.487,8.949e-18
-0.48,1.34,0.4868,1.156e-17
-0.46,1.34,0.4865,1.493e-17
-0.44,1.34,0.4863,1.928e-17
-0.42,1.34,0.486,2.49e-17
-0.4,1.34,0.4858,3.147e-17
-0.38,1.34,0.4855,3.715e-17
-0.36,1.34,0.4853,4.385e-17
-0.34,1.34,0.485,5.176e-17
-0.32,1.34,0.4848,6.109e-17
-0.3,1.34,0.4845,7.211e-17
-0.28,1.34,0.4843,8.512e-17
-0.26,1.34,0.4841,1.005e-16
-0.24,1.34,0.4838,1.186e-16
-0.22,1.34,0.4836,1.4e-16
-0.2,1.34,0.4833,1.652e-16
-0.18,1.34,0.4831,1.95e-16
-0.16,1.34,0.4828,2.302e-16
-0.14,1.34,0.4826,2.717e-16
-0.12,1.34,0.4823,3.229e-16
-0.1,1.34,0.4821,3.842e-16
-0.08,1.34,0.4818,4.468e-16
-0.06,1.34,0.4816,4.4e-16
-0.04,1.34,0.4813,4.334e-16
-0.02,1.34,0.4811,4.272e-16
0,1.34,0.4808,4.238e-16
0.02,1.34,0.4806,4.204e-16
0.04,1.34,0.4803,4.17e-16
0.06,1.34,0.4801,4.137e-16
0.08,1.34,0.4798,4.104e-16
0.1,1.34,0.4796,4.071e-16
0.12,1.34,0.4793,4.038e-16
0.14,1.34,0.4791,3.794e-16
0.16,1.34,0.4789,3.342e-16
0.18,1.34,0.4786,2.945e-16
0.2,1.34,0.4784,2.594e-16
0.22,1.34,0.4781,2.286e-16
0.24,1.34,0.4779,2.014e-16
0.26,1.34,0.4776,1.774e-16
0.28,1.34,0.4774,1.428e-16
0.3,1.34,0.4771,1.139e-16
0.32,1.34,0.4769,9.089e-17
0.34,1.34,0.4766,7.251e-17
0.36,1.34,0.4764,5.785e-17
0.38,1.34,0.4761,4.615e-17
0.4,1.34,0.4759,3.682e-17
0.42,1.34,0.4756,2.937e-17
0.44,1.34,0.4754,2.343e-17
0.46,1.34,0.4751,1.717e-17
0.48,1.34,0.4749,9.966e-18
0.5,1.34,0.4746,5.622e-18
0.52,1.34,0.4744,3.172e-18
0.54,1.34,0.4742,1.789e-18
0.56,1.34,0.4739,1.009e-18
0.58,1.34,0.4737,5.694e-19
0.6,1.34,0.4734,3.212e-19
0.62,1.34,0.4732,1.812e-19
0.64,1.34,0.4729,1.022e-19
0.66,1.34,0.4727,5.767e-20
0.68,1.34,0.4724,3.253e-20
0.7,1.34,0.4722,1.835e-20
0.72,1.34,0.4719,1.035e-20
0.74,1.34,0.4717,5.84e-21
0.76,1.34,0.4714,3.339e-21
0.78,1.34,0.4712,1.934e-21
0.8,1.34,0.4709,1.12e-21
0.82,1.34,0.4707,6.283e-22
0.84,1.34,0.4704,3.473e-22
0.86,1.34,0.4702,1.919e-22
0.88,1.34,0.47,1.061e-22
0.9,1.34,0.4697,5.863e-23
0.92,1.34,0.4695,3.122e-23
0.94,1.34,0.4692,1.598e-23
0.96,1.34,0.469,8.025e-24
0.98,1.34,0.4687,4.029e-24
1,1.34,0.4685,2.023e-24
1.02,1.34,0.4682,1.016e-24
1.04,1.34,0.468,5.071e-25
1.06,1.34,0.4677,2.512e-25
1.08,1.34,0.4675,1.245e-25
1.1,1.34,0.4672,6.167e-26
1.12,1.34,0.467,3.055e-26
1.14,1.34,0.4667,1.514e-26
1.16,1.34,0.4665,7.498e-27
1.18,1.34,0.4663,3.715e-27
1.2,1.34,0.466,1.84e-27
1.22,1.34,0.4658,9.118e-28
1.24,1.34,0.4655,4.517e-28
1.26,1.34,0.4653,2.238e-28
1.28,1.34,0.465,1.105e-28
1.3,1.34,0.4648,5.304e-29
1.32,1.34,0.4645,2.546e-29
1.34,1.34,0.4643,1.222e-29
1.36,1.34,0.464,5.866e-30
1.38,1.34,0.4638,2.816e-30
1.4,1.34,0.4635,1.352e-30
1.42,1.34,0.4633,6.488e-31
1.44,1.34,0.463,3.114e-31
1.46,1.34,0.4628,1.495e-31
1.48,1.34,0.4626,7.176e-32
1.5,1.34,0.4623,3.444e-32
1.52,1.34,0.4621,1.653e-32
1.54,1.34,0.4618,7.936e-33
1.56,1.34,0.4616,3.81e-33
1.58,1.34,0.4613,1.829e-33
1.6,1.34,0.4611,8.033e-34
-1.6,1.36,0.5006,1.471e-29
-1.58,1.36,0.5003,2.9e-29
-1.56,1.36,0.5001,5.717e-29
-1.54,1.36,0.4998,1.127e-28
-1.52,1.36,0.4996,2.222e-28
-1.5,1.36,0.4994,4.381e-28
-1.48,1.36,0.4991,8.636e-28
-1.46,1.36,0.4989,1.703e-27
-1.44,1.36,0.4986,3.357e-27
-1.42,1.36,0.4984,6.618e-27
-1.4,1.36,0.4981,1.305e-26
-1.38,1.36,0.4979,2.572e-26
-1.36,1.36,0.4976,5.071e-26
-1.34,1.36,0.4974,9.997e-26
-1.32,1.36,0.4971,1.971e-25
-1.3,1.36,0.4969,3.886e-25
-1.28,1.36,0.4966,7.66e-25
-1.26,1.36,0.4964,1.51e-24
-1.24,1.36,0.4961,2.977e-24
-1.22,1.36,0.4959,5.87e-24
-1.2,1.36,0.4956,1.157e-23
-1.18,1.36,0.4954,2.281e-23
-1.16,1.36,0.4951,4.498e-23
-1.14,1.36,0.4949,8.867e-23
-1.12,1.36,0.4946,1.748e-22
-1.1,1.36,0.4944,3.447e-22
-1.08,1.36,0.4941,6.795e-22
-1.06,1.36,0.4939,1.287e-21
-1.04,1.36,0.4937,2.254e-21
-1.02,1.36,0.4934,3.631e-21
-1,1.36,0.4932,5.849e-21
-0.98,1.36,0.4929,8.478e-21
-0.96,1.36,0.4927,1.081e-20
-0.94,1.36,0.4924,1.379e-20
-0.92,1.36,0.4922,1.759e-20
-0.9,1.36,0.4919,2.261e-20
-0.88,1.36,0.4917,2.92e-20
-0.86,1.36,0.4914,3.772e-20
-0.84,1.36,0.4912,4.872e-20
-0.82,1.36,0.4909,6.292e-20
-0.8,1.36,0.4907,8.126e-20
-0.78,1.36,0.4904,1.05e-19
-0.76,1.36,0.4902,1.356e-19
-0.74,1.36,0.4899,1.751e-19
-0.72,1.36,0.4897,2.261e-19
-0.7,1.36,0.4894,2.92e-19
-0.68,1.36,0.4892,3.772e-19
-0.66,1.36,0.4889,4.871e-19
-0.64,1.36,0.4887,6.292e-19
-0.62,1.36,0.4885,8.126e-19
-0.6,1.36,0.4882,1.05e-18
-0.58,1.36,0.488,1.355e-18
-0.56,1.36,0.4877,1.751e-18
-0.54,1.36,0.4875,2.261e-18
-0.52,1.36,0.4872,2.92e-18
-0.5,1.36,0.487,3.772e-18
-0.48,1.36,0.4867,4.871e-18
-0.46,1.36,0.4865,6.291e-18
-0.44,1.36,0.4862,8.126e-18
-0.42,1.36,0.486,1.049e-17
-0.4,1.36,0.4857,1.26e-17
-0.38,1.36,0.4855,1.487e-17
-0.36,1.36,0.4852,1.755e-17
-0.34,1.36,0.485,2.072e-17
-0.32,1.36,0.4847,2.445e-17
-0.3,1.36,0.4845,2.886e-17
-0.28,1.36,0.4842,3.407e-17
-0.26,1.36,0.484,4.021e-17
-0.24,1.36,0.4837,4.747e-17
-0.22,1.36,0.4835,5.603e-17
-0.2,1.36,0.4833,6.614e-17
-0.18,1.36,0.483,7.807e-17
-0.16,1.36,0.4828,9.215e-17
-0.14,1.36,0.4825,1.088e-16
-0.12,1.36,0.4823,1.284e-16
-0.1,1.36,0.482,1.515e-16
-0.08,1.36,0.4818,1.696e-16
-0.06,1.36,0.4815,1.682e-16
-0.04,1.36,0.4813,1.669e-16
-0.02,1.36,0.481,1.655e-16
0,1.36,0.4808,1.642e-16
0.02,1.36,0.4805,1.629e-16
0.04,1.36,0.4803,1.616e-16
0.06,1.36,0.48,1.603e-16
0.08,1.36,0.4798,1.59e-16
0.1,1.36,0.4795,1.577e-16
0.12,1.36,0.4793,1.565e-16
0.14,1.36,0.479,1.519e-16
0.16,1.36,0.4788,1.338e-16
0.18,1.36,0.4785,1.179e-16
0.2,1.36,0.4783,1.038e-16
0.22,1.36,0.4781,9.149e-17
0.24,1.36,0.4778,8.06e-17
0.26,1.36,0.4776,7.101e-17
0.28,1.36,0.4773,5.916e-17
0.3,1.36,0.4771,4.72e-17
0.32,1.36,0.4768,3.765e-17
0.34,1.36,0.4766,3.004e-17
0.36,1.36,0.4763,2.396e-17
0.38,1.36,0.4761,1.912e-17
0.4,1.36,0.4758,1.525e-17
0.42,1.36,0.4756,1.217e-17
0.44,1.36,0.4753,9.708e-18
0.46,1.36,0.4751,7.269e-18
0.48,1.36,0.4748,4.325e-18
0.5,1.36,0.4746,2.44e-18
0.52,1.36,0.4743,1.376e-18
0.54,1.36,0.4741,7.765e-19
0.56,1.36,0.4739,4.38e-19
0.58,1.36,0.4736,2.471e-19
0.6,1.36,0.4734,1.394e-19
0.62,1.36,0.4731,7.864e-20
0.64,1.36,0.4729,4.436e-20
0.66,1.36,0.4726,2.503e-20
0.68,1.36,0.4724,1.412e-20
0.7,1.36,0.4721,7.964e-21
0.72,1.36,0.4719,4.493e-21
0.74,1.36,0.4716,2.544e-21
0.76,1.36,0.4714,1.473e-21
0.78,1.36,0.4711,8.534e-22
0.8,1.36,0.4709,4.943e-22
0.82,1.36,0.4706,2.863e-22
0.84,1.36,0.4704,1.603e-22
0.86,1.36,0.4701,8.861e-23
0.88,1.36,0.4699,4.897e-23
0.9,1.36,0.4697,2.707e-23
0.92,1.36,0.4694,1.496e-23
0.94,1.36,0.4692,7.988e-24
0.96,1.36,0.4689,4.101e-24
0.98,1.36,0.4687,2.059e-24
1,1.36,0.4684,1.034e-24
1.02,1.36,0.4682,5.191e-25
1.04,1.36,0.4679,2.602e-25
1.06,1.36,0.4677,1.289e-25
1.08,1.36,0.4674,6.387e-26
1.1,1.36,0.4672,3.164e-26
1.12,1.36,0.4669,1.568e-26
1.14,1.36,0.4667,7.767e-27
1.16,1.36,0.4664,3.848e-27
1.18,1.36,0.4662,1.906e-27
1.2,1.36,0.4659,9.444e-28
1.22,1.36,0.4657,4.679e-28
1.24,1.36,0.4655,2.318e-28
1.26,1.36,0.4652,1.148e-28
1.28,1.36,0.465,5.689e-29
1.3,1.36,0.4647,2.819e-29
1.32,1.36,0.4645,1.371e-29
1.34,1.36,0.4642,6.579e-30
1.36,1.36,0.464,3.158e-30
1.38,1.36,0.4637,1.516e-30
1.4,1.36,0.4635,7.276e-31
1.42,1.36,0.4632,3.493e-31
1.44,1.36,0.463,1.676e-31
1.46,1.36,0.4627,8.047e-32
1.48,1.36,0.4625,3.863e-32
1.5,1.36,0.4622,1.854e-32
1.52,1.36,0.462,8.9e-33
1.54,1.36,0.4618,4.272e-33
1.56,1.36,0.4615,2.051e-33
1.58,1.36,0.4613,9.844e-34
1.6,1.36,0.461,4.725e-34
-1.6,1.38,0.5005,8.404e-30
-1.58,1.38,0.5003,1.657e-29
-1.56,1.38,0.5,3.266e-29
-1.54,1.38,0.4998,6.44e-29
-1.52,1.38,0.4995,1.27e-28
-1.5,1.38,0.4993,2.503e-28
-1.48,1.38,0.499,4.935e-28
-1.46,1.38,0.4988,9.728e-28
-1.44,1.38,0.4986,1.918e-27
-1.42,1.38,0.4983,3.781e-27
-1.4,1.38,0.4981,7.454e-27
-1.38,1.38,0.4978,1.47e-26
-1.36,1.38,0.4976,2.897e-26
-1.34,1.38,0.4973,5.712e-26
-1.32,1.38,0.4971,1.126e-25
-1.3,1.38,0.4968,2.22e-25
-1.28,1.38,0.4966,4.377e-25
-1.26,1.38,0.4963,8.629e-25
-1.24,1.38,0.4961,1.701e-24
-1.22,1.38,0.4958,3.354e-24
-1.2,1.38,0.4956,6.612e-24
-1.18,1.38,0.4953,1.304e-23
-1.16,1.38,0.4951,2.57e-23
-1.14,1.38,0.4948,5.067e-23
-1.12,1.38,0.4946,9.989e-23
-1.1,1.38,0.4943,1.969e-22
-1.08,1.38,0.4941,3.714e-22
-1.06,1.38,0.4938,6.931e-22
-1.04,1.38,0.4936,1.118e-21
-1.02,1.38,0.4933,1.8e-21
-1,1.38,0.4931,2.852e-21
-0.98,1.38,0.4929,3.637e-21
-0.96,1.38,0.4926,4.638e-21
-0.94,1.38,0.4924,5.915e-21
-0.92,1.38,0.4921,7.543e-21
-0.9,1.38,0.4919,9.62e-21
-0.88,1.38,0.4916,1.231e-20
-0.86,1.38,0.4914,1.59e-20
-0.84,1.38,0.4911,2.053e-20
-0.82,1.38,0.4909,2.652e-20
-0.8,1.38,0.4906,3.425e-20
-0.78,1.38,0.4904,4.424e-20
-0.76,1.38,0.4901,5.713e-20
-0.74,1.38,0.4899,7.379e-20
-0.72,1.38,0.4896,9.53e-20
-0.7,1.38,0.4894,1.231e-19
-0.68,1.38,0.4891,1.59e-19
-0.66,1.38,0.4889,2.053e-19
-0.64,1.38,0.4886,2.652e-19
-0.62,1.38,0.4884,3.425e-19
-0.6,1.38,0.4881,4.423e-19
-0.58,1.38,0.4879,5.713e-19
-0.56,1.38,0.4876,7.379e-19
-0.54,1.38,0.4874,9.53e-19
-0.52,1.38,0.4872,1.231e-18
-0.5,1.38,0.4869,1.59e-18
-0.48,1.38,0.4867,2.053e-18
-0.46,1.38,0.4864,2.652e-18
-0.44,1.38,0.4862,3.425e-18
-0.42,1.38,0.4859,4.271e-18
-0.4,1.38,0.4857,5.042e-18
-0.38,1.38,0.4854,5.951e-18
-0.36,1.38,0.4852,7.025e-18
-0.34,1.38,0.4849,8.292e-18
-0.32,1.38,0.4847,9.787e-18
-0.3,1.38,0.4844,1.155e-17
-0.28,1.38,0.4842,1.364e-17
-0.26,1.38,0.4839,1.61e-17
-0.24,1.38,0.4837,1.9e-17
-0.22,1.38,0.4834,2.243e-17
-0.2,1.38,0.4832,2.647e-17
-0.18,1.38,0.4829,3.125e-17
-0.16,1.38,0.4827,3.688e-17
-0.14,1.38,0.4824,4.354e-17
-0.12,1.38,0.4822,5.139e-17
-0.1,1.38,0.482,6.066e-17
-0.08,1.38,0.4817,6.571e-17
-0.06,1.38,0.4815,6.518e-17
-0.04,1.38,0.4812,6.466e-17
-0.02,1.38,0.481,6.414e-17
0,1.38,0.4807,6.363e-17
0.02,1.38,0.4805,6.312e-17
0.04,1.38,0.4802,6.262e-17
0.06,1.38,0.48,6.212e-17
0.08,1.38,0.4797,6.162e-17
0.1,1.38,0.4795,6.113e-17
0.12,1.38,0.4792,6.064e-17
0.14,1.38,0.479,6.015e-17
0.16,1.38,0.4787,5.356e-17
0.18,1.38,0.4785,4.718e-17
0.2,1.38,0.4782,4.157e-17
0.22,1.38,0.478,3.662e-17
0.24,1.38,0.4777,3.226e-17
0.26,1.38,0.4775,2.842e-17
0.28,1.38,0.4773,2.451e-17
0.3,1.38,0.477,1.955e-17
0.32,1.38,0.4768,1.56e-17
0.34,1.38,0.4765,1.244e-17
0.36,1.38,0.4763,9.928e-18
0.38,1.38,0.476,7.921e-18
0.4,1.38,0.4758,6.319e-18
0.42,1.38,0.4755,5.041e-18
0.44,1.38,0.4753,4.022e-18
0.46,1.38,0.475,3.078e-18
0.48,1.38,0.4748,1.877e-18
0.5,1.38,0.4745,1.059e-18
0.52,1.38,0.4743,5.974e-19
0.54,1.38,0.474,3.37e-19
0.56,1.38,0.4738,1.901e-19
0.58,1.38,0.4735,1.072e-19
0.6,1.38,0.4733,6.05e-20
0.62,1.38,0.4731,3.413e-20
0.64,1.38,0.4728,1.925e-20
0.66,1.38,0.4726,1.086e-20
0.68,1.38,0.4723,6.127e-21
0.7,1.38,0.4721,3.456e-21
0.72,1.38,0.4718,1.95e-21
0.74,1.38,0.4716,1.123e-21
0.76,1.38,0.4713,6.503e-22
0.78,1.38,0.4711,3.767e-22
0.8,1.38,0.4708,2.182e-22
0.82,1.38,0.4706,1.264e-22
0.84,1.38,0.4703,7.318e-23
0.86,1.38,0.4701,4.091e-23
0.88,1.38,0.4698,2.261e-23
0.9,1.38,0.4696,1.25e-23
0.92,1.38,0.4693,6.907e-24
0.94,1.38,0.4691,3.817e-24
0.96,1.38,0.4689,2.044e-24
0.98,1.38,0.4686,1.052e-24
1,1.38,0.4684,5.284e-25
1.02,1.38,0.4681,2.653e-25
1.04,1.38,0.4679,1.332e-25
1.06,1.38,0.4676,6.616e-26
1.08,1.38,0.4674,3.278e-26
1.1,1.38,0.4671,1.624e-26
1.12,1.38,0.4669,8.045e-27
1.14,1.38,0.4666,3.985e-27
1.16,1.38,0.4664,1.974e-27
1.18,1.38,0.4661,9.782e-28
1.2,1.38,0.4659,4.846e-28
1.22,1.38,0.4656,2.401e-28
1.24,1.38,0.4654,1.189e-28
1.26,1.38,0.4652,5.893e-29
1.28,1.38,0.4649,2.919e-29
1.3,1.38,0.4647,1.446e-29
1.32,1.38,0.4644,7.166e-30
1.34,1.38,0.4642,3.541e-30
1.36,1.38,0.4639,1.7e-30
1.38,1.38,0.4637,8.16e-31
1.4,1.38,0.4634,3.917e-31
1.42,1.38,0.4632,1.88e-31
1.44,1.38,0.4629,9.024e-32
1.46,1.38,0.4627,4.332e-32
1.48,1.38,0.4624,2.079e-32
1.5,1.38,0.4622,9.981e-33
1.52,1.38,0.4619,4.791e-33
1.54,1.38,0.4617,2.3e-33
1.56,1.38,0.4615,1.104e-33
1.58,1.38,0.4612,5.299e-34
1.6,1.38,0.461,2.544e-34
-1.6,1.4,0.5005,4.802e-30
-1.58,1.4,0.5002,9.467e-30
-1.56,1.4,0.5,1.866e-29
-1.54,1.4,0.4997,3.68e-29
-1.52,1.4,0.4995,7.254e-29
-1.5,1.4,0.4992,1.43e-28
-1.48,1.4,0.499,2.82e-28
-1.46,1.4,0.4987,5.559e-28
-1.44,1.4,0.4985,1.096e-27
-1.42,1.4,0.4982,2.161e-27
-1.4,1.4,0.498,4.259e-27
-1.38,1.4,0.4978,8.397e-27
-1.36,1.4,0.4975,1.656e-26
-1.34,1.4,0.4973,3.264e-26
-1.32,1.4,0.497,6.435e-26
-1.3,1.4,0.4968,1.269e-25
-1.28,1.4,0.4965,2.501e-25
-1.26,1.4,0.4963,4.931e-25
-1.24,1.4,0.496,9.72e-25
-1.22,1.4,0.4958,1.916e-24
-1.2,1.4,0.4955,3.778e-24
-1.18,1.4,0.4953,7.448e-24
-1.16,1.4,0.495,1.468e-23
-1.14,1.4,0.4948,2.895e-23
-1.12,1.4,0.4945,5.707e-23
-1.1,1.4,0.4943,1.072e-22
-1.08,1.4,0.494,2e-22
-1.06,1.4,0.4938,3.44e-22
-1.04,1.4,0.4935,5.542e-22
-1.02,1.4,0.4933,8.881e-22
-1,1.4,0.493,1.223e-21
-0.98,1.4,0.4928,1.56e-21
-0.96,1.4,0.4925,1.99e-21
-0.94,1.4,0.4923,2.537e-21
-0.92,1.4,0.4921,3.236e-21
-0.9,1.4,0.4918,4.127e-21
-0.88,1.4,0.4916,5.263e-21
-0.86,1.4,0.4913,6.712e-21
-0.84,1.4,0.4911,8.654e-21
-0.82,1.4,0.4908,1.118e-20
-0.8,1.4,0.4906,1.444e-20
-0.78,1.4,0.4903,1.864e-20
-0.76,1.4,0.4901,2.408e-20
-0.74,1.4,0.4898,3.11e-20
-0.72,1.4,0.4896,4.017e-20
-0.7,1.4,0.4893,5.188e-20
-0.68,1.4,0.4891,6.7e-20
-0.66,1.4,0.4888,8.654e-20
-0.64,1.4,0.4886,1.118e-19
-0.62,1.4,0.4883,1.444e-19
-0.6,1.4,0.4881,1.864e-19
-0.58,1.4,0.4878,2.408e-19
-0.56,1.4,0.4876,3.11e-19
-0.54,1.4,0.4873,4.017e-19
-0.52,1.4,0.4871,5.188e-19
-0.5,1.4,0.4868,6.7e-19
-0.48,1.4,0.4866,8.653e-19
-0.46,1.4,0.4864,1.118e-18
-0.44,1.4,0.4861,1.443e-18
-0.42,1.4,0.4859,1.71e-18
-0.4,1.4,0.4856,2.018e-18
-0.38,1.4,0.4854,2.382e-18
-0.36,1.4,0.4851,2.812e-18
-0.34,1.4,0.4849,3.319e-18
-0.32,1.4,0.4846,3.917e-18
-0.3,1.4,0.4844,4.624e-18
-0.28,1.4,0.4841,5.458e-18
-0.26,1.4,0.4839,6.443e-18
-0.24,1.4,0.4836,7.605e-18
-0.22,1.4,0.4834,8.976e-18
-0.2,1.4,0.4831,1.06e-17
-0.18,1.4,0.4829,1.251e-17
-0.16,1.4,0.4826,1.476e-17
-0.14,1.4,0.4824,1.743e-17
-0.12,1.4,0.4821,2.057e-17
-0.1,1.4,0.4819,2.428e-17
-0.08,1.4,0.4816,2.546e-17
-0.06,1.4,0.4814,2.526e-17
-0.04,1.4,0.4812,2.506e-17
-0.02,1.4,0.4809,2.486e-17
0,1.4,0.4807,2.466e-17
0.02,1.4,0.4804,2.446e-17
0.04,1.4,0.4802,2.426e-17
0.06,1.4,0.4799,2.407e-17
0.08,1.4,0.4797,2.388e-17
0.1,1.4,0.4794,2.369e-17
0.12,1.4,0.4792,2.35e-17
0.14,1.4,0.4789,2.331e-17
0.16,1.4,0.4787,2.144e-17
0.18,1.4,0.4784,1.889e-17
0.2,1.4,0.4782,1.664e-17
0.22,1.4,0.4779,1.466e-17
0.24,1.4,0.4777,1.291e-17
0.26,1.4,0.4774,1.138e-17
0.28,1.4,0.4772,1.002e-17
0.3,1.4,0.4769,8.101e-18
0.32,1.4,0.4767,6.463e-18
0.34,1.4,0.4765,5.156e-18
0.36,1.4,0.4762,4.113e-18
0.38,1.4,0.476,3.281e-18
0.4,1.4,0.4757,2.618e-18
0.42,1.4,0.4755,2.089e-18
0.44,1.4,0.4752,1.666e-18
0.46,1.4,0.475,1.303e-18
0.48,1.4,0.4747,8.146e-19
0.5,1.4,0.4745,4.596e-19
0.52,1.4,0.4742,2.592e-19
0.54,1.4,0.474,1.462e-19
0.56,1.4,0.4737,8.25e-20
0.58,1.4,0.4735,4.654e-20
0.6,1.4,0.4732,2.626e-20
0.62,1.4,0.473,1.481e-20
0.64,1.4,0.4727,8.355e-21
0.66,1.4,0.4725,4.714e-21
0.68,1.4,0.4723,2.659e-21
0.7,1.4,0.472,1.5e-21
0.72,1.4,0.4718,8.556e-22
0.74,1.4,0.4715,4.956e-22
0.76,1.4,0.4713,2.87e-22
0.78,1.4,0.471,1.662e-22
0.8,1.4,0.4708,9.628e-23
0.82,1.4,0.4705,5.577e-23
0.84,1.4,0.4703,3.23e-23
0.86,1.4,0.47,1.871e-23
0.88,1.4,0.4698,1.044e-23
0.9,1.4,0.4695,5.769e-24
0.92,1.4,0.4693,3.189e-24
0.94,1.4,0.469,1.762e-24
0.96,1.4,0.4688,9.74e-25
0.98,1.4,0.4685,5.228e-25
1,1.4,0.4683,2.7e-25
1.02,1.4,0.4681,1.356e-25
1.04,1.4,0.4678,6.807e-26
1.06,1.4,0.4676,3.395e-26
1.08,1.4,0.4673,1.682e-26
1.1,1.4,0.4671,8.332e-27
1.12,1.4,0.4668,4.128e-27
1.14,1.4,0.4666,2.045e-27
1.16,1.4,0.4663,1.013e-27
1.18,1.4,0.4661,5.02e-28
1.2,1.4,0.4658,2.487e-28
1.22,1.4,0.4656,1.232e-28
1.24,1.4,0.4653,6.104e-29
1.26,1.4,0.4651,3.024e-29
1.28,1.4,0.4648,1.498e-29
1.3,1.4,0.4646,7.422e-30
1.32,1.4,0.4644,3.677e-30
1.34,1.4,0.4641,1.822e-30
1.36,1.4,0.4639,9.025e-31
1.38,1.4,0.4636,4.392e-31
1.4,1.4,0.4634,2.108e-31
1.42,1.4,0.4631,1.012e-31
1.44,1.4,0.4629,4.858e-32
1.46,1.4,0.4626,2.332e-32
1.48,1.4,0.4624,1.119e-32
1.5,1.4,0.4621,5.373e-33
1.52,1.4,0.4619,2.579e-33
1.54,1.4,0.4616,1.238e-33
1.56,1.4,0.4614,5.942e-34
1.58,1.4,0.4611,2.852e-34
1.6,1.4,0.4609,1.369e-34
-1.6,1.42,0.5004,2.744e-30
-1.58,1.42,0.5002,5.409e-30
-1.56,1.42,0.4999,1.066e-29
-1.54,1.42,0.4997,2.102e-29
-1.52,1.42,0.4994,4.145e-29
-1.5,1.42,0.4992,8.172e-29
-1.48,1.42,0.4989,1.611e-28
-1.46,1.42,0.4987,3.176e-28
-1.44,1.42,0.4984,6.262e-28
-1.42,1.42,0.4982,1.234e-27
-1.4,1.42,0.4979,2.434e-27
-1.38,1.42,0.4977,4.798e-27
-1.36,1.42,0.4974,9.459e-27
-1.34,1.42,0.4972,1.865e-26
-1.32,1.42,0.4969,3.677e-26
-1.3,1.42,0.4967,7.248e-26
-1.28,1.42,0.4965,1.429e-25
-1.26,1.42,0.4962,2.817e-25
-1.24,1.42,0.496,5.554e-25
-1.22,1.42,0.4957,1.095e-24
-1.2,1.42,0.4955,2.159e-24
-1.18,1.42,0.4952,4.256e-24
-1.16,1.42,0.495,8.39e-24
-1.14,1.42,0.4947,1.654e-23
-1.12,1.42,0.4945,3.094e-23
-1.1,1.42,0.4942,5.773e-23
-1.08,1.42,0.494,1.059e-22
-1.06,1.42,0.4937,1.706e-22
-1.04,1.42,0.4935,2.742e-22
-1.02,1.42,0.4932,4.115e-22
-1,1.42,0.493,5.247e-22
-0.98,1.42,0.4927,6.692e-22
-0.96,1.42,0.4925,8.534e-22
-0.94,1.42,0.4922,1.088e-21
-0.92,1.42,0.492,1.388e-21
-0.9,1.42,0.4917,1.77e-21
-0.88,1.42,0.4915,2.257e-21
-0.86,1.42,0.4912,2.879e-21
-0.84,1.42,0.491,3.672e-21
-0.82,1.42,0.4908,4.711e-21
-0.8,1.42,0.4905,6.084e-21
-0.78,1.42,0.4903,7.858e-21
-0.76,1.42,0.49,1.015e-20
-0.74,1.42,0.4898,1.311e-20
-0.72,1.42,0.4895,1.693e-20
-0.7,1.42,0.4893,2.187e-20
-0.68,1.42,0.489,2.824e-20
-0.66,1.42,0.4888,3.647e-20
-0.64,1.42,0.4885,4.711e-20
-0.62,1.42,0.4883,6.084e-20
-0.6,1.42,0.488,7.858e-20
-0.58,1.42,0.4878,1.015e-19
-0.56,1.42,0.4875,1.311e-19
-0.54,1.42,0.4873,1.693e-19
-0.52,1.42,0.487,2.186e-19
-0.5,1.42,0.4868,2.824e-19
-0.48,1.42,0.4865,3.647e-19
-0.46,1.42,0.4863,4.711e-19
-0.44,1.42,0.486,5.797e-19
-0.42,1.42,0.4858,6.843e-19
-0.4,1.42,0.4856,8.077e-19
-0.38,1.42,0.4853,9.534e-19
-0.36,1.42,0.4851,1.125e-18
-0.34,1.42,0.4848,1.328e-18
-0.32,1.42,0.4846,1.568e-18
-0.3,1.42,0.4843,1.851e-18
-0.28,1.42,0.4841,2.185e-18
-0.26,1.42,0.4838,2.579e-18
-0.24,1.42,0.4836,3.044e-18
-0.22,1.42,0.4833,3.593e-18
-0.2,1.42,0.4831,4.241e-18
-0.18,1.42,0.4828,5.006e-18
-0.16,1.42,0.4826,5.909e-18
-0.14,1.42,0.4823,6.974e-18
-0.12,1.42,0.4821,8.233e-18
-0.1,1.42,0.4818,9.717e-18
-0.08,1.42,0.4816,9.866e-18
-0.06,1.42,0.4813,9.787e-18
-0.04,1.42,0.4811,9.709e-18
-0.02,1.42,0.4808,9.632e-18
0,1.42,0.4806,9.554e-18
0.02,1.42,0.4804,9.478e-18
0.04,1.42,0.4801,9.402e-18
0.06,1.42,0.4799,9.327e-18
0.08,1.42,0.4796,9.252e-18
0.1,1.42,0.4794,9.178e-18
0.12,1.42,0.4791,9.105e-18
0.14,1.42,0.4789,9.032e-18
0.16,1.42,0.4786,8.582e-18
0.18,1.42,0.4784,7.56e-18
0.2,1.42,0.4781,6.661e-18
0.22,1.42,0.4779,5.868e-18
0.24,1.42,0.4776,5.17e-18
0.26,1.42,0.4774,4.554e-18
0.28,1.42,0.4771,4.012e-18
0.3,1.42,0.4769,3.356e-18
0.32,1.42,0.4766,2.677e-18
0.34,1.42,0.4764,2.136e-18
0.36,1.42,0.4761,1.704e-18
0.38,1.42,0.4759,1.359e-18
0.4,1.42,0.4757,1.085e-18
0.42,1.42,0.4754,8.653e-19
0.44,1.42,0.4752,6.903e-19
0.46,1.42,0.4749,5.507e-19
0.48,1.42,0.4747,3.535e-19
0.5,1.42,0.4744,1.994e-19
0.52,1.42,0.4742,1.125e-19
0.54,1.42,0.4739,6.347e-20
0.56,1.42,0.4737,3.58e-20
0.58,1.42,0.4734,2.02e-20
0.6,1.42,0.4732,1.139e-20
0.62,1.42,0.4729,6.428e-21
0.64,1.42,0.4727,3.626e-21
0.66,1.42,0.4724,2.046e-21
0.68,1.42,0.4722,1.154e-21
0.7,1.42,0.4719,6.52e-22
0.72,1.42,0.4717,3.776e-22
0.74,1.42,0.4715,2.187e-22
0.76,1.42,0.4712,1.267e-22
0.78,1.42,0.471,7.337e-23
0.8,1.42,0.4707,4.25e-23
0.82,1.42,0.4705,2.461e-23
0.84,1.42,0.4702,1.426e-23
0.86,1.42,0.47,8.257e-24
0.88,1.42,0.4697,4.782e-24
0.9,1.42,0.4695,2.664e-24
0.92,1.42,0.4692,1.472e-24
0.94,1.42,0.469,8.136e-25
0.96,1.42,0.4687,4.497e-25
0.98,1.42,0.4685,2.485e-25
1,1.42,0.4682,1.337e-25
1.02,1.42,0.468,6.929e-26
1.04,1.42,0.4677,3.479e-26
1.06,1.42,0.4675,1.742e-26
1.08,1.42,0.4673,8.63e-27
1.1,1.42,0.467,4.276e-27
1.12,1.42,0.4668,2.118e-27
1.14,1.42,0.4665,1.049e-27
1.16,1.42,0.4663,5.199e-28
1.18,1.42,0.466,2.576e-28
1.2,1.42,0.4658,1.276e-28
1.22,1.42,0.4655,6.322e-29
1.24,1.42,0.4653,3.132e-29
1.26,1.42,0.465,1.552e-29
1.28,1.42,0.4648,7.688e-30
1.3,1.42,0.4645,3.809e-30
1.32,1.42,0.4643,1.887e-30
1.34,1.42,0.464,9.348e-31
1.36,1.42,0.4638,4.631e-31
1.38,1.42,0.4636,2.294e-31
1.4,1.42,0.4633,1.135e-31
1.42,1.42,0.4631,5.448e-32
1.44,1.42,0.4628,2.615e-32
1.46,1.42,0.4626,1.255e-32
1.48,1.42,0.4623,6.025e-33
1.5,1.42,0.4621,2.892e-33
1.52,1.42,0.4618,1.388e-33
1.54,1.42,0.4616,6.664e-34
1.56,1.42,0.4613,3.199e-34
1.58,1.42,0.4611,1.535e-34
1.6,1.42,0.4608,7.37e-35
-1.6,1.44,0.5004,1.568e-30
-1.58,1.44,0.5001,3.091e-30
-1.56,1.44,0.4999,6.093e-30
-1.54,1.44,0.4996,1.201e-29
-1.52,1.44,0.4994,2.368e-29
-1.5,1.44,0.4991,4.669e-29
-1.48,1.44,0.4989,9.205e-29
-1.46,1.44,0.4986,1.815e-28
-1.44,1.44,0.4984,3.578e-28
-1.42,1.44,0.4981,7.054e-28
-1.4,1.44,0.4979,1.391e-27
-1.38,1.44,0.4976,2.742e-27
-1.36,1.44,0.4974,5.405e-27
-1.34,1.44,0.4971,1.066e-26
-1.32,1.44,0.4969,2.101e-26
-1.3,1.44,0.4966,4.142e-26
-1.28,1.44,0.4964,8.165e-26
-1.26,1.44,0.4961,1.61e-25
-1.24,1.44,0.4959,3.174e-25
-1.22,1.44,0.4957,6.257e-25
-1.2,1.44,0.4954,1.233e-24
-1.18,1.44,0.4952,2.432e-24
-1.16,1.44,0.4949,4.785e-24
-1.14,1.44,0.4947,8.929e-24
-1.12,1.44,0.4944,1.666e-23
-1.1,1.44,0.4942,3.109e-23
-1.08,1.44,0.4939,5.252e-23
-1.06,1.44,0.4937,8.461e-23
-1.04,1.44,0.4934,1.283e-22
-1.02,1.44,0.4932,1.765e-22
-1,1.44,0.4929,2.251e-22
-0.98,1.44,0.4927,2.871e-22
-0.96,1.44,0.4924,3.661e-22
-0.94,1.44,0.4922,4.669e-22
-0.92,1.44,0.4919,5.954e-22
-0.9,1.44,0.4917,7.593e-22
-0.88,1.44,0.4914,9.684e-22
-0.86,1.44,0.4912,1.235e-21
-0.84,1.44,0.4909,1.575e-21
-0.82,1.44,0.4907,2.009e-21
-0.8,1.44,0.4904,2.564e-21
-0.78,1.44,0.4902,3.312e-21
-0.76,1.44,0.49,4.278e-21
-0.74,1.44,0.4897,5.525e-21
-0.72,1.44,0.4895,7.136e-21
-0.7,1.44,0.4892,9.216e-21
-0.68,1.44,0.489,1.19e-20
-0.66,1.44,0.4887,1.537e-20
-0.64,1.44,0.4885,1.985e-20
-0.62,1.44,0.4882,2.564e-20
-0.6,1.44,0.488,3.312e-20
-0.58,1.44,0.4877,4.278e-20
-0.56,1.44,0.4875,5.525e-20
-0.54,1.44,0.4872,7.135e-20
-0.52,1.44,0.487,9.216e-20
-0.5,1.44,0.4867,1.19e-19
-0.48,1.44,0.4865,1.537e-19
-0.46,1.44,0.4862,1.966e-19
-0.44,1.44,0.486,2.32e-19
-0.42,1.44,0.4857,2.739e-19
-0.4,1.44,0.4855,3.233e-19
-0.38,1.44,0.4852,3.816e-19
-0.36,1.44,0.485,4.504e-19
-0.34,1.44,0.4848,5.317e-19
-0.32,1.44,0.4845,6.276e-19
-0.3,1.44,0.4843,7.408e-19
-0.28,1.44,0.484,8.744e-19
-0.26,1.44,0.4838,1.032e-18
-0.24,1.44,0.4835,1.218e-18
-0.22,1.44,0.4833,1.438e-18
-0.2,1.44,0.483,1.697e-18
-0.18,1.44,0.4828,2.004e-18
-0.16,1.44,0.4825,2.365e-18
-0.14,1.44,0.4823,2.792e-18
-0.12,1.44,0.482,3.295e-18
-0.1,1.44,0.4818,3.854e-18
-0.08,1.44,0.4815,3.823e-18
-0.06,1.44,0.4813,3.793e-18
-0.04,1.44,0.481,3.762e-18
-0.02,1.44,0.4808,3.732e-18
0,1.44,0.4805,3.702e-18
0.02,1.44,0.4803,3.673e-18
0.04,1.44,0.48,3.643e-18
0.06,1.44,0.4798,3.614e-18
0.08,1.44,0.4796,3.585e-18
0.1,1.44,0.4793,3.557e-18
0.12,1.44,0.4791,3.528e-18
0.14,1.44,0.4788,3.5e-18
0.16,1.44,0.4786,3.435e-18
0.18,1.44,0.4783,3.026e-18
0.2,1.44,0.4781,2.666e-18
0.22,1.44,0.4778,2.349e-18
0.24,1.44,0.4776,2.069e-18
0.26,1.44,0.4773,1.823e-18
0.28,1.44,0.4771,1.606e-18
0.3,1.44,0.4768,1.39e-18
0.32,1.44,0.4766,1.109e-18
0.34,1.44,0.4763,8.849e-19
0.36,1.44,0.4761,7.06e-19
0.38,1.44,0.4758,5.632e-19
0.4,1.44,0.4756,4.493e-19
0.42,1.44,0.4753,3.585e-19
0.44,1.44,0.4751,2.86e-19
0.46,1.44,0.4749,2.282e-19
0.48,1.44,0.4746,1.534e-19
0.5,1.44,0.4744,8.655e-20
0.52,1.44,0.4741,4.883e-20
0.54,1.44,0.4739,2.754e-20
0.56,1.44,0.4736,1.554e-20
0.58,1.44,0.4734,8.766e-21
0.6,1.44,0.4731,4.945e-21
0.62,1.44,0.4729,2.79e-21
0.64,1.44,0.4726,1.574e-21
0.66,1.44,0.4724,8.878e-22
0.68,1.44,0.4721,5.008e-22
0.7,1.44,0.4719,2.878e-22
0.72,1.44,0.4716,1.667e-22
0.74,1.44,0.4714,9.653e-23
0.76,1.44,0.4711,5.591e-23
0.78,1.44,0.4709,3.238e-23
0.8,1.44,0.4707,1.876e-23
0.82,1.44,0.4704,1.086e-23
0.84,1.44,0.4702,6.292e-24
0.86,1.44,0.4699,3.644e-24
0.88,1.44,0.4697,2.111e-24
0.9,1.44,0.4694,1.222e-24
0.92,1.44,0.4692,6.796e-25
0.94,1.44,0.4689,3.756e-25
0.96,1.44,0.4687,2.076e-25
0.98,1.44,0.4684,1.147e-25
1,1.44,0.4682,6.341e-26
1.02,1.44,0.4679,3.422e-26
1.04,1.44,0.4677,1.778e-26
1.06,1.44,0.4674,8.927e-27
1.08,1.44,0.4672,4.429e-27
1.1,1.44,0.467,2.194e-27
1.12,1.44,0.4667,1.087e-27
1.14,1.44,0.4665,5.385e-28
1.16,1.44,0.4662,2.668e-28
1.18,1.44,0.466,1.322e-28
1.2,1.44,0.4657,6.548e-29
1.22,1.44,0.4655,3.244e-29
1.24,1.44,0.4652,1.607e-29
1.26,1.44,0.465,7.963e-30
1.28,1.44,0.4647,3.945e-30
1.3,1.44,0.4645,1.954e-30
1.32,1.44,0.4642,9.682e-31
1.34,1.44,0.464,4.797e-31
1.36,1.44,0.4637,2.376e-31
1.38,1.44,0.4635,1.177e-31
1.4,1.44,0.4633,5.833e-32
1.42,1.44,0.463,2.89e-32
1.44,1.44,0.4628,1.408e-32
1.46,1.44,0.4625,6.757e-33
1.48,1.44,0.4623,3.244e-33
1.5,1.44,0.462,1.557e-33
1.52,1.44,0.4618,7.474e-34
1.54,1.44,0.4615,3.587e-34
1.56,1.44,0.4613,1.722e-34
1.58,1.44,0.461,8.266e-35
1.6,1.44,0.4608,3.968e-35
-1.6,1.46,0.5003,8.958e-31
-1.58,1.46,0.5001,1.766e-30
-1.56,1.46,0.4998,3.482e-30
-1.54,1.46,0.4996,6.864e-30
-1.52,1.46,0.4993,1.353e-29
-1.5,1.46,0.4991,2.668e-29
-1.48,1.46,0.4988,5.26e-29
-1.46,1.46,0.4986,1.037e-28
-1.44,1.46,0.4983,2.044e-28
-1.42,1.46,0.4981,4.03e-28
-1.4,1.46,0.4978,7.946e-28
-1.38,1.46,0.4976,1.566e-27
-1.36,1.46,0.4973,3.088e-27
-1.34,1.46,0.4971,6.088e-27
-1.32,1.46,0.4968,1.2e-26
-1.3,1.46,0.4966,2.366e-26
-1.28,1.46,0.4963,4.665e-26
-1.26,1.46,0.4961,9.198e-26
-1.24,1.46,0.4958,1.813e-25
-1.22,1.46,0.4956,3.575e-25
-1.2,1.46,0.4953,7.048e-25
-1.18,1.46,0.4951,1.381e-24
-1.16,1.46,0.4949,2.577e-24
-1.14,1.46,0.4946,4.808e-24
-1.12,1.46,0.4944,8.971e-24
-1.1,1.46,0.4941,1.617e-23
-1.08,1.46,0.4939,2.604e-23
-1.06,1.46,0.4936,3.959e-23
-1.04,1.46,0.4934,5.937e-23
-1.02,1.46,0.4931,7.571e-23
-1,1.46,0.4929,9.655e-23
-0.98,1.46,0.4926,1.231e-22
-0.96,1.46,0.4924,1.57e-22
-0.94,1.46,0.4921,2.003e-22
-0.92,1.46,0.4919,2.554e-22
-0.9,1.46,0.4916,3.257e-22
-0.88,1.46,0.4914,4.154e-22
-0.86,1.46,0.4911,5.298e-22
-0.84,1.46,0.4909,6.756e-22
-0.82,1.46,0.4906,8.616e-22
-0.8,1.46,0.4904,1.099e-21
-0.78,1.46,0.4901,1.401e-21
-0.76,1.46,0.4899,1.803e-21
-0.74,1.46,0.4896,2.329e-21
-0.72,1.46,0.4894,3.007e-21
-0.7,1.46,0.4892,3.884e-21
-0.68,1.46,0.4889,5.017e-21
-0.66,1.46,0.4887,6.479e-21
-0.64,1.46,0.4884,8.368e-21
-0.62,1.46,0.4882,1.081e-20
-0.6,1.46,0.4879,1.396e-20
-0.58,1.46,0.4877,1.803e-20
-0.56,1.46,0.4874,2.328e-20
-0.54,1.46,0.4872,3.007e-20
-0.52,1.46,0.4869,3.884e-20
-0.5,1.46,0.4867,5.017e-20
-0.48,1.46,0.4864,6.479e-20
-0.46,1.46,0.4862,7.868e-20
-0.44,1.46,0.4859,9.287e-20
-0.42,1.46,0.4857,1.096e-19
-0.4,1.46,0.4854,1.294e-19
-0.38,1.46,0.4852,1.527e-19
-0.36,1.46,0.4849,1.803e-19
-0.34,1.46,0.4847,2.128e-19
-0.32,1.46,0.4844,2.512e-19
-0.3,1.46,0.4842,2.965e-19
-0.28,1.46,0.484,3.5e-19
-0.26,1.46,0.4837,4.131e-19
-0.24,1.46,0.4835,4.876e-19
-0.22,1.46,0.4832,5.756e-19
-0.2,1.46,0.483,6.794e-19
-0.18,1.46,0.4827,8.019e-19
-0.16,1.46,0.4825,9.466e-19
-0.14,1.46,0.4822,1.117e-18
-0.12,1.46,0.482,1.319e-18
-0.1,1.46,0.4817,1.493e-18
-0.08,1.46,0.4815,1.481e-18
-0.06,1.46,0.4812,1.47e-18
-0.04,1.46,0.481,1.458e-18
-0.02,1.46,0.4807,1.446e-18
0,1.46,0.4805,1.435e-18
0.02,1.46,0.4802,1.423e-18
0.04,1.46,0.48,1.412e-18
0.06,1.46,0.4797,1.4e-18
0.08,1.46,0.4795,1.389e-18
0.1,1.46,0.4792,1.378e-18
0.12,1.46,0.479,1.367e-18
0.14,1.46,0.4788,1.356e-18
0.16,1.46,0.4785,1.345e-18
0.18,1.46,0.4783,1.211e-18
0.2,1.46,0.478,1.067e-18
0.22,1.46,0.4778,9.402e-19
0.24,1.46,0.4775,8.283e-19
0.26,1.46,0.4773,7.298e-19
0.28,1.46,0.477,6.429e-19
0.3,1.46,0.4768,5.664e-19
0.32,1.46,0.4765,4.595e-19
0.34,1.46,0.4763,3.666e-19
0.36,1.46,0.476,2.925e-19
0.38,1.46,0.4758,2.333e-19
0.4,1.46,0.4755,1.862e-19
0.42,1.46,0.4753,1.485e-19
0.44,1.46,0.475,1.185e-19
0.46,1.46,0.4748,9.452e-20
0.48,1.46,0.4745,6.646e-20
0.5,1.46,0.4743,3.756e-20
0.52,1.46,0.4741,2.119e-20
0.54,1.46,0.4738,1.195e-20
0.56,1.46,0.4736,6.744e-21
0.58,1.46,0.4733,3.804e-21
0.6,1.46,0.4731,2.146e-21
0.62,1.46,0.4728,1.211e-21
0.64,1.46,0.4726,6.83e-22
0.66,1.46,0.4723,3.853e-22
0.68,1.46,0.4721,2.193e-22
0.7,1.46,0.4718,1.27e-22
0.72,1.46,0.4716,7.356e-23
0.74,1.46,0.4713,4.26e-23
0.76,1.46,0.4711,2.468e-23
0.78,1.46,0.4708,1.429e-23
0.8,1.46,0.4706,8.278e-24
0.82,1.46,0.4703,4.794e-24
0.84,1.46,0.4701,2.777e-24
0.86,1.46,0.4699,1.608e-24
0.88,1.46,0.4696,9.315e-25
0.9,1.46,0.4694,5.395e-25
0.92,1.46,0.4691,3.125e-25
0.94,1.46,0.4689,1.734e-25
0.96,1.46,0.4686,9.584e-26
0.98,1.46,0.4684,5.297e-26
1,1.46,0.4681,2.928e-26
1.02,1.46,0.4679,1.618e-26
1.04,1.46,0.4676,8.753e-27
1.06,1.46,0.4674,4.562e-27
1.08,1.46,0.4671,2.273e-27
1.1,1.46,0.4669,1.126e-27
1.12,1.46,0.4666,5.578e-28
1.14,1.46,0.4664,2.763e-28
1.16,1.46,0.4662,1.369e-28
1.18,1.46,0.4659,6.783e-29
1.2,1.46,0.4657,3.36e-29
1.22,1.46,0.4654,1.665e-29
1.24,1.46,0.4652,8.248e-30
1.26,1.46,0.4649,4.086e-30
1.28,1.46,0.4647,2.024e-30
1.3,1.46,0.4644,1.003e-30
1.32,1.46,0.4642,4.968e-31
1.34,1.46,0.4639,2.461e-31
1.36,1.46,0.4637,1.219e-31
1.38,1.46,0.4634,6.042e-32
1.4,1.46,0.4632,2.993e-32
1.42,1.46,0.4629,1.483e-32
1.44,1.46,0.4627,7.346e-33
1.46,1.46,0.4625,3.637e-33
1.48,1.46,0.4622,1.746e-33
1.5,1.46,0.462,8.381e-34
1.52,1.46,0.4617,4.023e-34
1.54,1.46,0.4615,1.931e-34
1.56,1.46,0.4612,9.27e-35
1.58,1.46,0.461,4.449e-35
1.6,1.46,0.4607,2.136e-35
-1.6,1.48,0.5002,5.118e-31
-1.58,1.48,0.5,1.009e-30
-1.56,1.48,0.4997,1.989e-30
-1.54,1.48,0.4995,3.922e-30
-1.52,1.48,0.4993,7.732e-30
-1.5,1.48,0.499,1.524e-29
-1.48,1.48,0.4988,3.005e-29
-1.46,1.48,0.4985,5.925e-29
-1.44,1.48,0.4983,1.168e-28
-1.42,1.48,0.498,2.303e-28
-1.4,1.48,0.4978,4.54e-28
-1.38,1.48,0.4975,8.95e-28
-1.36,1.48,0.4973,1.765e-27
-1.34,1.48,0.497,3.479e-27
-1.32,1.48,0.4968,6.858e-27
-1.3,1.48,0.4965,1.352e-26
-1.28,1.48,0.4963,2.666e-26
-1.26,1.48,0.496,5.255e-26
-1.24,1.48,0.4958,1.036e-25
-1.22,1.48,0.4955,2.043e-25
-1.2,1.48,0.4953,3.986e-25
-1.18,1.48,0.495,7.437e-25
-1.16,1.48,0.4948,1.388e-24
-1.14,1.48,0.4945,2.589e-24
-1.12,1.48,0.4943,4.831e-24
-1.1,1.48,0.494,8.017e-24
-1.08,1.48,0.4938,1.222e-23
-1.06,1.48,0.4936,1.852e-23
-1.04,1.48,0.4933,2.547e-23
-1.02,1.48,0.4931,3.248e-23
-1,1.48,0.4928,4.142e-23
-0.98,1.48,0.4926,5.282e-23
-0.96,1.48,0.4923,6.736e-23
-0.94,1.48,0.4921,8.591e-23
-0.92,1.48,0.4918,1.096e-22
-0.9,1.48,0.4916,1.397e-22
-0.88,1.48,0.4913,1.782e-22
-0.86,1.48,0.4911,2.272e-22
-0.84,1.48,0.4908,2.898e-22
-0.82,1.48,0.4906,3.696e-22
-0.8,1.48,0.4903,4.713e-22
-0.78,1.48,0.4901,6.011e-22
-0.76,1.48,0.4898,7.666e-22
-0.74,1.48,0.4896,9.814e-22
-0.72,1.48,0.4893,1.268e-21
-0.7,1.48,0.4891,1.637e-21
-0.68,1.48,0.4888,2.114e-21
-0.66,1.48,0.4886,2.731e-21
-0.64,1.48,0.4883,3.527e-21
-0.62,1.48,0.4881,4.555e-21
-0.6,1.48,0.4879,5.883e-21
-0.58,1.48,0.4876,7.599e-21
-0.56,1.48,0.4874,9.814e-21
-0.54,1.48,0.4871,1.268e-20
-0.52,1.48,0.4869,1.637e-20
-0.5,1.48,0.4866,2.114e-20
-0.48,1.48,0.4864,2.668e-20
-0.46,1.48,0.4861,3.149e-20
-0.44,1.48,0.4859,3.717e-20
-0.42,1.48,0.4856,4.388e-20
-0.4,1.48,0.4854,5.179e-20
-0.38,1.48,0.4851,6.113e-20
-0.36,1.48,0.4849,7.216e-20
-0.34,1.48,0.4846,8.518e-20
-0.32,1.48,0.4844,1.005e-19
-0.3,1.48,0.4841,1.187e-19
-0.28,1.48,0.4839,1.401e-19
-0.26,1.48,0.4836,1.653e-19
-0.24,1.48,0.4834,1.952e-19
-0.22,1.48,0.4831,2.304e-19
-0.2,1.48,0.4829,2.719e-19
-0.18,1.48,0.4827,3.21e-19
-0.16,1.48,0.4824,3.789e-19
-0.14,1.48,0.4822,4.472e-19
-0.12,1.48,0.4819,5.279e-19
-0.1,1.48,0.4817,5.787e-19
-0.08,1.48,0.4814,5.741e-19
-0.06,1.48,0.4812,5.695e-19
-0.04,1.48,0.4809,5.649e-19
-0.02,1.48,0.4807,5.604e-19
0,1.48,0.4804,5.559e-19
0.02,1.48,0.4802,5.515e-19
0.04,1.48,0.4799,5.471e-19
0.06,1.48,0.4797,5.427e-19
0.08,1.48,0.4794,5.383e-19
0.1,1.48,0.4792,5.34e-19
0.12,1.48,0.4789,5.298e-19
0.14,1.48,0.4787,5.255e-19
0.16,1.48,0.4784,5.213e-19
0.18,1.48,0.4782,4.849e-19
0.2,1.48,0.478,4.272e-19
0.22,1.48,0.4777,3.764e-19
0.24,1.48,0.4775,3.316e-19
0.26,1.48,0.4772,2.921e-19
0.28,1.48,0.477,2.574e-19
0.3,1.48,0.4767,2.267e-19
0.32,1.48,0.4765,1.904e-19
0.34,1.48,0.4762,1.519e-19
0.36,1.48,0.476,1.212e-19
0.38,1.48,0.4757,9.667e-20
0.4,1.48,0.4755,7.712e-20
0.42,1.48,0.4752,6.153e-20
0.44,1.48,0.475,4.909e-20
0.46,1.48,0.4747,3.916e-20
0.48,1.48,0.4745,2.814e-20
0.5,1.48,0.4742,1.63e-20
0.52,1.48,0.474,9.196e-21
0.54,1.48,0.4737,5.188e-21
0.56,1.48,0.4735,2.927e-21
0.58,1.48,0.4733,1.651e-21
0.6,1.48,0.473,9.314e-22
0.62,1.48,0.4728,5.254e-22
0.64,1.48,0.4725,2.964e-22
0.66,1.48,0.4723,1.672e-22
0.68,1.48,0.472,9.678e-23
0.7,1.48,0.4718,5.605e-23
0.72,1.48,0.4715,3.246e-23
0.74,1.48,0.4713,1.88e-23
0.76,1.48,0.471,1.089e-23
0.78,1.48,0.4708,6.308e-24
0.8,1.48,0.4705,3.653e-24
0.82,1.48,0.4703,2.116e-24
0.84,1.48,0.47,1.226e-24
0.86,1.48,0.4698,7.098e-25
0.88,1.48,0.4695,4.111e-25
0.9,1.48,0.4693,2.381e-25
0.92,1.48,0.4691,1.379e-25
0.94,1.48,0.4688,7.988e-26
0.96,1.48,0.4686,4.425e-26
0.98,1.48,0.4683,2.446e-26
1,1.48,0.4681,1.352e-26
1.02,1.48,0.4678,7.47e-27
1.04,1.48,0.4676,4.129e-27
1.06,1.48,0.4673,2.239e-27
1.08,1.48,0.4671,1.166e-27
1.1,1.48,0.4668,5.778e-28
1.12,1.48,0.4666,2.862e-28
1.14,1.48,0.4663,1.418e-28
1.16,1.48,0.4661,7.025e-29
1.18,1.48,0.4658,3.481e-29
1.2,1.48,0.4656,1.724e-29
1.22,1.48,0.4654,8.543e-30
1.24,1.48,0.4651,4.232e-30
1.26,1.48,0.4649,2.097e-30
1.28,1.48,0.4646,1.039e-30
1.3,1.48,0.4644,5.146e-31
1.32,1.48,0.4641,2.55e-31
1.34,1.48,0.4639,1.263e-31
1.36,1.48,0.4636,6.258e-32
1.38,1.48,0.4634,3.1e-32
1.4,1.48,0.4631,1.536e-32
1.42,1.48,0.4629,7.609e-33
1.44,1.48,0.4626,3.77e-33
1.46,1.48,0.4624,1.868e-33
1.48,1.48,0.4621,9.253e-34
1.5,1.48,0.4619,4.512e-34
1.52,1.48,0.4617,2.166e-34
1.54,1.48,0.4614,1.04e-34
1.56,1.48,0.4612,4.99e-35
1.58,1.48,0.4609,2.395e-35
1.6,1.48,0.4607,1.15e-35
-1.6,1.5,0.5002,2.925e-31
-1.58,1.5,0.4999,5.766e-31
-1.56,1.5,0.4997,1.137e-30
-1.54,1.5,0.4994,2.241e-30
-1.52,1.5,0.4992,4.418e-30
-1.5,1.5,0.4989,8.71e-30
-1.48,1.5,0.4987,1.717e-29
-1.46,1.5,0.4985,3.385e-29
-1.44,1.5,0.4982,6.674e-29
-1.42,1.5,0.498,1.316e-28
-1.4,1.5,0.4977,2.594e-28
-1.38,1.5,0.4975,5.114e-28
-1.36,1.5,0.4972,1.008e-27
-1.34,1.5,0.497,1.988e-27
-1.32,1.5,0.4967,3.919e-27
-1.3,1.5,0.4965,7.726e-27
-1.28,1.5,0.4962,1.523e-26
-1.26,1.5,0.496,3.003e-26
-1.24,1.5,0.4957,5.92e-26
-1.22,1.5,0.4955,1.15e-25
-1.2,1.5,0.4952,2.146e-25
-1.18,1.5,0.495,4.005e-25
-1.16,1.5,0.4947,7.472e-25
-1.14,1.5,0.4945,1.394e-24
-1.12,1.5,0.4942,2.468e-24
-1.1,1.5,0.494,3.773e-24
-1.08,1.5,0.4937,5.717e-24
-1.06,1.5,0.4935,8.566e-24
-1.04,1.5,0.4932,1.092e-23
-1.02,1.5,0.493,1.393e-23
-1,1.5,0.4928,1.777e-23
-0.98,1.5,0.4925,2.266e-23
-0.96,1.5,0.4923,2.89e-23
-0.94,1.5,0.492,3.685e-23
-0.92,1.5,0.4918,4.7e-23
-0.9,1.5,0.4915,5.994e-23
-0.88,1.5,0.4913,7.644e-23
-0.86,1.5,0.491,9.748e-23
-0.84,1.5,0.4908,1.243e-22
-0.82,1.5,0.4905,1.585e-22
-0.8,1.5,0.4903,2.022e-22
-0.78,1.5,0.49,2.579e-22
-0.76,1.5,0.4898,3.288e-22
-0.74,1.5,0.4895,4.194e-22
-0.72,1.5,0.4893,5.348e-22
-0.7,1.5,0.489,6.9e-22
-0.68,1.5,0.4888,8.912e-22
-0.66,1.5,0.4885,1.151e-21
-0.64,1.5,0.4883,1.487e-21
-0.62,1.5,0.488,1.92e-21
-0.6,1.5,0.4878,2.48e-21
-0.58,1.5,0.4875,3.203e-21
-0.56,1.5,0.4873,4.136e-21
-0.54,1.5,0.4871,5.342e-21
-0.52,1.5,0.4868,6.9e-21
-0.5,1.5,0.4866,8.911e-21
-0.48,1.5,0.4863,1.068e-20
-0.46,1.5,0.4861,1.26e-20
-0.44,1.5,0.4858,1.488e-20
-0.42,1.5,0.4856,1.756e-20
-0.4,1.5,0.4853,2.073e-20
-0.38,1.5,0.4851,2.447e-20
-0.36,1.5,0.4848,2.888e-20
-0.34,1.5,0.4846,3.409e-20
-0.32,1.5,0.4843,4.024e-20
-0.3,1.5,0.4841,4.75e-20
-0.28,1.5,0.4838,5.607e-20
-0.26,1.5,0.4836,6.618e-20
-0.24,1.5,0.4833,7.812e-20
-0.22,1.5,0.4831,9.221e-20
-0.2,1.5,0.4828,1.088e-19
-0.18,1.5,0.4826,1.285e-19
-0.16,1.5,0.4823,1.516e-19
-0.14,1.5,0.4821,1.79e-19
-0.12,1.5,0.4819,2.113e-19
-0.1,1.5,0.4816,2.242e-19
-0.08,1.5,0.4814,2.225e-19
-0.06,1.5,0.4811,2.207e-19
-0.04,1.5,0.4809,2.189e-19
-0.02,1.5,0.4806,2.172e-19
0,1.5,0.4804,2.154e-19
0.02,1.5,0.4801,2.137e-19
0.04,1.5,0.4799,2.12e-19
0.06,1.5,0.4796,2.103e-19
0.08,1.5,0.4794,2.086e-19
0.1,1.5,0.4791,2.069e-19
0.12,1.5,0.4789,2.053e-19
0.14,1.5,0.4786,2.036e-19
0.16,1.5,0.4784,2.02e-19
0.18,1.5,0.4781,1.941e-19
0.2,1.5,0.4779,1.71e-19
0.22,1.5,0.4776,1.507e-19
0.24,1.5,0.4774,1.327e-19
0.26,1.5,0.4772,1.169e-19
0.28,1.5,0.4769,1.03e-19
0.3,1.5,0.4767,9.076e-20
0.32,1.5,0.4764,7.887e-20
0.34,1.5,0.4762,6.292e-20
0.36,1.5,0.4759,5.02e-20
0.38,1.5,0.4757,4.005e-20
0.4,1.5,0.4754,3.195e-20
0.42,1.5,0.4752,2.549e-20
0.44,1.5,0.4749,2.034e-20
0.46,1.5,0.4747,1.622e-20
0.48,1.5,0.4744,1.191e-20
0.5,1.5,0.4742,7.075e-21
0.52,1.5,0.4739,3.991e-21
0.54,1.5,0.4737,2.251e-21
0.56,1.5,0.4734,1.27e-21
0.58,1.5,0.4732,7.165e-22
0.6,1.5,0.4729,4.042e-22
0.62,1.5,0.4727,2.28e-22
0.64,1.5,0.4725,1.286e-22
0.66,1.5,0.4722,7.374e-23
0.68,1.5,0.472,4.271e-23
0.7,1.5,0.4717,2.474e-23
0.72,1.5,0.4715,1.433e-23
0.74,1.5,0.4712,8.299e-24
0.76,1.5,0.471,4.807e-24
0.78,1.5,0.4707,2.784e-24
0.8,1.5,0.4705,1.612e-24
0.82,1.5,0.4702,9.339e-25
0.84,1.5,0.47,5.409e-25
0.86,1.5,0.4697,3.133e-25
0.88,1.5,0.4695,1.815e-25
0.9,1.5,0.4692,1.051e-25
0.92,1.5,0.469,6.087e-26
0.94,1.5,0.4688,3.526e-26
0.96,1.5,0.4685,2.042e-26
0.98,1.5,0.4683,1.129e-26
1,1.5,0.468,6.24e-27
1.02,1.5,0.4678,3.449e-27
1.04,1.5,0.4675,1.906e-27
1.06,1.5,0.4673,1.053e-27
1.08,1.5,0.467,5.729e-28
1.1,1.5,0.4668,2.965e-28
1.12,1.5,0.4665,1.469e-28
1.14,1.5,0.4663,7.277e-29
1.16,1.5,0.466,3.605e-29
1.18,1.5,0.4658,1.786e-29
1.2,1.5,0.4655,8.848e-30
1.22,1.5,0.4653,4.384e-30
1.24,1.5,0.465,2.172e-30
1.26,1.5,0.4648,1.076e-30
1.28,1.5,0.4646,5.33e-31
1.3,1.5,0.4643,2.641e-31
1.32,1.5,0.4641,1.308e-31
1.34,1.5,0.4638,6.482e-32
1.36,1.5,0.4636,3.211e-32
1.38,1.5,0.4633,1.591e-32
1.4,1.5,0.4631,7.882e-33
1.42,1.5,0.4628,3.905e-33
1.44,1.5,0.4626,1.934e-33
1.46,1.5,0.4623,9.584e-34
1.48,1.5,0.4621,4.748e-34
1.5,1.5,0.4618,2.352e-34
1.52,1.5,0.4616,1.165e-34
1.54,1.5,0.4614,5.596e-35
1.56,1.5,0.4611,2.686e-35
1.58,1.5,0.4609,1.289e-35
1.6,1.5,0.4606,6.189e-36
-1.6,1.52,0.5001,1.671e-31
-1.58,1.52,0.4999,3.294e-31
-1.56,1.52,0.4996,6.495e-31
-1.54,1.52,0.4994,1.28e-30
-1.52,1.52,0.4991,2.524e-30
-1.5,1.52,0.4989,4.977e-30
-1.48,1.52,0.4986,9.811e-30
-1.46,1.52,0.4984,1.934e-29
-1.44,1.52,0.4981,3.813e-29
-1.42,1.52,0.4979,7.518e-29
-1.4,1.52,0.4976,1.482e-28
-1.38,1.52,0.4974,2.922e-28
-1.36,1.52,0.4972,5.761e-28
-1.34,1.52,0.4969,1.136e-27
-1.32,1.52,0.4967,2.239e-27
-1.3,1.52,0.4964,4.414e-27
-1.28,1.52,0.4962,8.703e-27
-1.26,1.52,0.4959,1.716e-26
-1.24,1.52,0.4957,3.32e-26
-1.22,1.52,0.4954,6.195e-26
-1.2,1.52,0.4952,1.156e-25
-1.18,1.52,0.4949,2.157e-25
-1.16,1.52,0.4947,4.024e-25
-1.14,1.52,0.4944,7.508e-25
-1.12,1.52,0.4942,1.165e-24
-1.1,1.52,0.4939,1.765e-24
-1.08,1.52,0.4937,2.675e-24
-1.06,1.52,0.4934,3.674e-24
-1.04,1.52,0.4932,4.686e-24
-1.02,1.52,0.4929,5.976e-24
-1,1.52,0.4927,7.621e-24
-0.98,1.52,0.4924,9.719e-24
-0.96,1.52,0.4922,1.24e-23
-0.94,1.52,0.4919,1.581e-23
-0.92,1.52,0.4917,2.016e-23
-0.9,1.52,0.4915,2.571e-23
-0.88,1.52,0.4912,3.279e-23
-0.86,1.52,0.491,4.181e-23
-0.84,1.52,0.4907,5.333e-23
-0.82,1.52,0.4905,6.801e-23
-0.8,1.52,0.4902,8.673e-23
-0.78,1.52,0.49,1.106e-22
-0.76,1.52,0.4897,1.411e-22
-0.74,1.52,0.4895,1.799e-22
-0.72,1.52,0.4892,2.294e-22
-0.7,1.52,0.489,2.926e-22
-0.68,1.52,0.4887,3.756e-22
-0.66,1.52,0.4885,4.851e-22
-0.64,1.52,0.4882,6.266e-22
-0.62,1.52,0.488,8.092e-22
-0.6,1.52,0.4877,1.045e-21
-0.58,1.52,0.4875,1.35e-21
-0.56,1.52,0.4872,1.743e-21
-0.54,1.52,0.487,2.252e-21
-0.52,1.52,0.4867,2.908e-21
-0.5,1.52,0.4865,3.621e-21
-0.48,1.52,0.4863,4.274e-21
-0.46,1.52,0.486,5.045e-21
-0.44,1.52,0.4858,5.955e-21
-0.42,1.52,0.4855,7.029e-21
-0.4,1.52,0.4853,8.297e-21
-0.38,1.52,0.485,9.794e-21
-0.36,1.52,0.4848,1.156e-20
-0.34,1.52,0.4845,1.365e-20
-0.32,1.52,0.4843,1.611e-20
-0.3,1.52,0.484,1.901e-20
-0.28,1.52,0.4838,2.244e-20
-0.26,1.52,0.4835,2.649e-20
-0.24,1.52,0.4833,3.127e-20
-0.22,1.52,0.483,3.691e-20
-0.2,1.52,0.4828,4.357e-20
-0.18,1.52,0.4825,5.142e-20
-0.16,1.52,0.4823,6.07e-20
-0.14,1.52,0.482,7.165e-20
-0.12,1.52,0.4818,8.457e-20
-0.1,1.52,0.4815,8.69e-20
-0.08,1.52,0.4813,8.62e-20
-0.06,1.52,0.4811,8.551e-20
-0.04,1.52,0.4808,8.483e-20
-0.02,1.52,0.4806,8.415e-20
0,1.52,0.4803,8.347e-20
0.02,1.52,0.4801,8.281e-20
0.04,1.52,0.4798,8.214e-20
0.06,1.52,0.4796,8.149e-20
0.08,1.52,0.4793,8.084e-20
0.1,1.52,0.4791,8.019e-20
0.12,1.52,0.4788,7.955e-20
0.14,1.52,0.4786,7.891e-20
0.16,1.52,0.4783,7.828e-20
0.18,1.52,0.4781,7.765e-20
0.2,1.52,0.4778,6.845e-20
0.22,1.52,0.4776,6.031e-20
0.24,1.52,0.4773,5.313e-20
0.26,1.52,0.4771,4.681e-20
0.28,1.52,0.4768,4.124e-20
0.3,1.52,0.4766,3.633e-20
0.32,1.52,0.4764,3.201e-20
0.34,1.52,0.4761,2.607e-20
0.36,1.52,0.4759,2.08e-20
0.38,1.52,0.4756,1.659e-20
0.4,1.52,0.4754,1.324e-20
0.42,1.52,0.4751,1.056e-20
0.44,1.52,0.4749,8.425e-21
0.46,1.52,0.4746,6.721e-21
0.48,1.52,0.4744,5.044e-21
0.5,1.52,0.4741,3.07e-21
0.52,1.52,0.4739,1.732e-21
0.54,1.52,0.4736,9.771e-22
0.56,1.52,0.4734,5.512e-22
0.58,1.52,0.4731,3.11e-22
0.6,1.52,0.4729,1.754e-22
0.62,1.52,0.4726,9.896e-23
0.64,1.52,0.4724,5.619e-23
0.66,1.52,0.4722,3.255e-23
0.68,1.52,0.4719,1.885e-23
0.7,1.52,0.4717,1.092e-23
0.72,1.52,0.4714,6.324e-24
0.74,1.52,0.4712,3.663e-24
0.76,1.52,0.4709,2.121e-24
0.78,1.52,0.4707,1.229e-24
0.8,1.52,0.4704,7.116e-25
0.82,1.52,0.4702,4.122e-25
0.84,1.52,0.4699,2.387e-25
0.86,1.52,0.4697,1.383e-25
0.88,1.52,0.4694,8.008e-26
0.9,1.52,0.4692,4.638e-26
0.92,1.52,0.4689,2.686e-26
0.94,1.52,0.4687,1.556e-26
0.96,1.52,0.4684,9.012e-27
0.98,1.52,0.4682,5.213e-27
1,1.52,0.468,2.881e-27
1.02,1.52,0.4677,1.592e-27
1.04,1.52,0.4675,8.8e-28
1.06,1.52,0.4672,4.864e-28
1.08,1.52,0.467,2.688e-28
1.1,1.52,0.4667,1.453e-28
1.12,1.52,0.4665,7.537e-29
1.14,1.52,0.4662,3.734e-29
1.16,1.52,0.466,1.85e-29
1.18,1.52,0.4657,9.165e-30
1.2,1.52,0.4655,4.54e-30
1.22,1.52,0.4652,2.249e-30
1.24,1.52,0.465,1.114e-30
1.26,1.52,0.4647,5.521e-31
1.28,1.52,0.4645,2.735e-31
1.3,1.52,0.4643,1.355e-31
1.32,1.52,0.464,6.714e-32
1.34,1.52,0.4638,3.326e-32
1.36,1.52,0.4635,1.648e-32
1.38,1.52,0.4633,8.164e-33
1.4,1.52,0.463,4.044e-33
1.42,1.52,0.4628,2.004e-33
1.44,1.52,0.4625,9.927e-34
1.46,1.52,0.4623,4.918e-34
1.48,1.52,0.462,2.436e-34
1.5,1.52,0.4618,1.207e-34
1.52,1.52,0.4615,5.98e-35
1.54,1.52,0.4613,2.963e-35
1.56,1.52,0.461,1.446e-35
1.58,1.52,0.4608,6.941e-36
1.6,1.52,0.4606,3.332e-36
-1.6,1.54,0.5001,9.548e-32
-1.58,1.54,0.4998,1.882e-31
-1.56,1.54,0.4996,3.711e-31
-1.54,1.54,0.4993,7.316e-31
-1.52,1.54,0.4991,1.442e-30
-1.5,1.54,0.4988,2.844e-30
-1.48,1.54,0.4986,5.606e-30
-1.46,1.54,0.4983,1.105e-29
-1.44,1.54,0.4981,2.179e-29
-1.42,1.54,0.4978,4.296e-29
-1.4,1.54,0.4976,8.469e-29
-1.38,1.54,0.4973,1.67e-28
-1.36,1.54,0.4971,3.292e-28
-1.34,1.54,0.4968,6.49e-28
-1.32,1.54,0.4966,1.279e-27
-1.3,1.54,0.4964,2.522e-27
-1.28,1.54,0.4961,4.973e-27
-1.26,1.54,0.4959,9.581e-27
-1.24,1.54,0.4956,1.788e-26
-1.22,1.54,0.4954,3.336e-26
-1.2,1.54,0.4951,6.224e-26
-1.18,1.54,0.4949,1.161e-25
-1.16,1.54,0.4946,2.167e-25
-1.14,1.54,0.4944,3.595e-25
-1.12,1.54,0.4941,5.448e-25
-1.1,1.54,0.4939,8.256e-25
-1.08,1.54,0.4936,1.236e-24
-1.06,1.54,0.4934,1.576e-24
-1.04,1.54,0.4931,2.01e-24
-1.02,1.54,0.4929,2.563e-24
-1,1.54,0.4926,3.269e-24
-0.98,1.54,0.4924,4.169e-24
-0.96,1.54,0.4921,5.317e-24
-0.94,1.54,0.4919,6.781e-24
-0.92,1.54,0.4916,8.648e-24
-0.9,1.54,0.4914,1.103e-23
-0.88,1.54,0.4911,1.406e-23
-0.86,1.54,0.4909,1.794e-23
-0.84,1.54,0.4907,2.288e-23
-0.82,1.54,0.4904,2.917e-23
-0.8,1.54,0.4902,3.72e-23
-0.78,1.54,0.4899,4.745e-23
-0.76,1.54,0.4897,6.051e-23
-0.74,1.54,0.4894,7.717e-23
-0.72,1.54,0.4892,9.841e-23
-0.7,1.54,0.4889,1.255e-22
-0.68,1.54,0.4887,1.601e-22
-0.66,1.54,0.4884,2.045e-22
-0.64,1.54,0.4882,2.641e-22
-0.62,1.54,0.4879,3.411e-22
-0.6,1.54,0.4877,4.405e-22
-0.58,1.54,0.4874,5.689e-22
-0.56,1.54,0.4872,7.348e-22
-0.54,1.54,0.4869,9.49e-22
-0.52,1.54,0.4867,1.226e-21
-0.5,1.54,0.4864,1.449e-21
-0.48,1.54,0.4862,1.711e-21
-0.46,1.54,0.4859,2.019e-21
-0.44,1.54,0.4857,2.384e-21
-0.42,1.54,0.4855,2.814e-21
-0.4,1.54,0.4852,3.321e-21
-0.38,1.54,0.485,3.92e-21
-0.36,1.54,0.4847,4.627e-21
-0.34,1.54,0.4845,5.462e-21
-0.32,1.54,0.4842,6.447e-21
-0.3,1.54,0.484,7.61e-21
-0.28,1.54,0.4837,8.982e-21
-0.26,1.54,0.4835,1.06e-20
-0.24,1.54,0.4832,1.252e-20
-0.22,1.54,0.483,1.477e-20
-0.2,1.54,0.4827,1.744e-20
-0.18,1.54,0.4825,2.058e-20
-0.16,1.54,0.4822,2.429e-20
-0.14,1.54,0.482,2.868e-20
-0.12,1.54,0.4817,3.385e-20
-0.1,1.54,0.4815,3.367e-20
-0.08,1.54,0.4812,3.34e-20
-0.06,1.54,0.481,3.314e-20
-0.04,1.54,0.4807,3.287e-20
-0.02,1.54,0.4805,3.261e-20
0,1.54,0.4803,3.235e-20
0.02,1.54,0.48,3.209e-20
0.04,1.54,0.4798,3.183e-20
0.06,1.54,0.4795,3.158e-20
0.08,1.54,0.4793,3.132e-20
0.1,1.54,0.479,3.107e-20
0.12,1.54,0.4788,3.082e-20
0.14,1.54,0.4785,3.058e-20
0.16,1.54,0.4783,3.033e-20
0.18,1.54,0.478,3.009e-20
0.2,1.54,0.4778,2.74e-20
0.22,1.54,0.4775,2.414e-20
0.24,1.54,0.4773,2.127e-20
0.26,1.54,0.477,1.874e-20
0.28,1.54,0.4768,1.651e-20
0.3,1.54,0.4765,1.454e-20
0.32,1.54,0.4763,1.281e-20
0.34,1.54,0.476,1.08e-20
0.36,1.54,0.4758,8.616e-21
0.38,1.54,0.4756,6.874e-21
0.4,1.54,0.4753,5.484e-21
0.42,1.54,0.4751,4.375e-21
0.44,1.54,0.4748,3.49e-21
0.46,1.54,0.4746,2.785e-21
0.48,1.54,0.4743,2.136e-21
0.5,1.54,0.4741,1.333e-21
0.52,1.54,0.4738,7.517e-22
0.54,1.54,0.4736,4.24e-22
0.56,1.54,0.4733,2.392e-22
0.58,1.54,0.4731,1.349e-22
0.6,1.54,0.4728,7.613e-23
0.62,1.54,0.4726,4.295e-23
0.64,1.54,0.4723,2.48e-23
0.66,1.54,0.4721,1.436e-23
0.68,1.54,0.4718,8.32e-24
0.7,1.54,0.4716,4.819e-24
0.72,1.54,0.4714,2.791e-24
0.74,1.54,0.4711,1.617e-24
0.76,1.54,0.4709,9.363e-25
0.78,1.54,0.4706,5.423e-25
0.8,1.54,0.4704,3.141e-25
0.82,1.54,0.4701,1.819e-25
0.84,1.54,0.4699,1.054e-25
0.86,1.54,0.4696,6.103e-26
0.88,1.54,0.4694,3.535e-26
0.9,1.54,0.4691,2.047e-26
0.92,1.54,0.4689,1.186e-26
0.94,1.54,0.4686,6.867e-27
0.96,1.54,0.4684,3.978e-27
0.98,1.54,0.4681,2.304e-27
1,1.54,0.4679,1.33e-27
1.02,1.54,0.4676,7.351e-28
1.04,1.54,0.4674,4.063e-28
1.06,1.54,0.4672,2.245e-28
1.08,1.54,0.4669,1.241e-28
1.1,1.54,0.4667,6.837e-29
1.12,1.54,0.4664,3.684e-29
1.14,1.54,0.4662,1.916e-29
1.16,1.54,0.4659,9.493e-30
1.18,1.54,0.4657,4.703e-30
1.2,1.54,0.4654,2.33e-30
1.22,1.54,0.4652,1.154e-30
1.24,1.54,0.4649,5.719e-31
1.26,1.54,0.4647,2.833e-31
1.28,1.54,0.4644,1.404e-31
1.3,1.54,0.4642,6.954e-32
1.32,1.54,0.4639,3.445e-32
1.34,1.54,0.4637,1.707e-32
1.36,1.54,0.4635,8.456e-33
1.38,1.54,0.4632,4.189e-33
1.4,1.54,0.463,2.075e-33
1.42,1.54,0.4627,1.028e-33
1.44,1.54,0.4625,5.094e-34
1.46,1.54,0.4622,2.524e-34
1.48,1.54,0.462,1.25e-34
1.5,1.54,0.4617,6.194e-35
1.52,1.54,0.4615,3.069e-35
1.54,1.54,0.4612,1.52e-35
1.56,1.54,0.461,7.532e-36
1.58,1.54,0.4607,3.731e-36
1.6,1.54,0.4605,1.793e-36
-1.6,1.56,0.5,5.456e-32
-1.58,1.56,0.4998,1.076e-31
-1.56,1.56,0.4995,2.12e-31
-1.54,1.56,0.4993,4.18e-31
-1.52,1.56,0.499,8.241e-31
-1.5,1.56,0.4988,1.625e-30
-1.48,1.56,0.4985,3.203e-30
-1.46,1.56,0.4983,6.315e-30
-1.44,1.56,0.498,1.245e-29
-1.42,1.56,0.4978,2.455e-29
-1.4,1.56,0.4975,4.839e-29
-1.38,1.56,0.4973,9.54e-29
-1.36,1.56,0.497,1.881e-28
-1.34,1.56,0.4968,3.708e-28
-1.32,1.56,0.4965,7.31e-28
-1.3,1.56,0.4963,1.441e-27
-1.28,1.56,0.496,2.765e-27
-1.26,1.56,0.4958,5.16e-27
-1.24,1.56,0.4956,9.627e-27
-1.22,1.56,0.4953,1.796e-26
-1.2,1.56,0.4951,3.352e-26
-1.18,1.56,0.4948,6.254e-26
-1.16,1.56,0.4946,1.11e-25
-1.14,1.56,0.4943,1.682e-25
-1.12,1.56,0.4941,2.549e-25
-1.1,1.56,0.4938,3.862e-25
-1.08,1.56,0.4936,5.302e-25
-1.06,1.56,0.4933,6.761e-25
-1.04,1.56,0.4931,8.622e-25
-1.02,1.56,0.4928,1.1e-24
-1,1.56,0.4926,1.402e-24
-0.98,1.56,0.4923,1.788e-24
-0.96,1.56,0.4921,2.281e-24
-0.94,1.56,0.4918,2.909e-24
-0.92,1.56,0.4916,3.71e-24
-0.9,1.56,0.4913,4.731e-24
-0.88,1.56,0.4911,6.033e-24
-0.86,1.56,0.4908,7.694e-24
-0.84,1.56,0.4906,9.812e-24
-0.82,1.56,0.4903,1.251e-23
-0.8,1.56,0.4901,1.596e-23
-0.78,1.56,0.4899,2.035e-23
-0.76,1.56,0.4896,2.596e-23
-0.74,1.56,0.4894,3.31e-23
-0.72,1.56,0.4891,4.222e-23
-0.7,1.56,0.4889,5.384e-23
-0.68,1.56,0.4886,6.866e-23
-0.66,1.56,0.4884,8.756e-23
-0.64,1.56,0.4881,1.117e-22
-0.62,1.56,0.4879,1.438e-22
-0.6,1.56,0.4876,1.857e-22
-0.58,1.56,0.4874,2.398e-22
-0.56,1.56,0.4871,3.097e-22
-0.54,1.56,0.4869,4e-22
-0.52,1.56,0.4866,4.915e-22
-0.5,1.56,0.4864,5.801e-22
-0.48,1.56,0.4861,6.848e-22
-0.46,1.56,0.4859,8.083e-22
-0.44,1.56,0.4856,9.541e-22
-0.42,1.56,0.4854,1.126e-21
-0.4,1.56,0.4851,1.329e-21
-0.38,1.56,0.4849,1.569e-21
-0.36,1.56,0.4847,1.852e-21
-0.34,1.56,0.4844,2.186e-21
-0.32,1.56,0.4842,2.58e-21
-0.3,1.56,0.4839,3.046e-21
-0.28,1.56,0.4837,3.595e-21
-0.26,1.56,0.4834,4.244e-21
-0.24,1.56,0.4832,5.009e-21
-0.22,1.56,0.4829,5.913e-21
-0.2,1.56,0.4827,6.979e-21
-0.18,1.56,0.4824,8.238e-21
-0.16,1.56,0.4822,9.724e-21
-0.14,1.56,0.4819,1.148e-20
-0.12,1.56,0.4817,1.315e-20
-0.1,1.56,0.4814,1.305e-20
-0.08,1.56,0.4812,1.294e-20
-0.06,1.56,0.4809,1.284e-20
-0.04,1.56,0.4807,1.274e-20
-0.02,1.56,0.4804,1.264e-20
0,1.56,0.4802,1.253e-20
0.02,1.56,0.4799,1.243e-20
0.04,1.56,0.4797,1.233e-20
0.06,1.56,0.4795,1.224e-20
0.08,1.56,0.4792,1.214e-20
0.1,1.56,0.479,1.204e-20
0.12,1.56,0.4787,1.194e-20
0.14,1.56,0.4785,1.185e-20
0.16,1.56,0.4782,1.175e-20
0.18,1.56,0.478,1.166e-20
0.2,1.56,0.4777,1.097e-20
0.22,1.56,0.4775,9.663e-21
0.24,1.56,0.4772,8.513e-21
0.26,1.56,0.477,7.5e-21
0.28,1.56,0.4767,6.608e-21
0.3,1.56,0.4765,5.821e-21
0.32,1.56,0.4762,5.129e-21
0.34,1.56,0.476,4.474e-21
0.36,1.56,0.4757,3.57e-21
0.38,1.56,0.4755,2.848e-21
0.4,1.56,0.4752,2.272e-21
0.42,1.56,0.475,1.812e-21
0.44,1.56,0.4748,1.446e-21
0.46,1.56,0.4745,1.154e-21
0.48,1.56,0.4743,9.043e-22
0.5,1.56,0.474,5.783e-22
0.52,1.56,0.4738,3.262e-22
0.54,1.56,0.4735,1.84e-22
0.56,1.56,0.4733,1.038e-22
0.58,1.56,0.473,5.857e-23
0.6,1.56,0.4728,3.304e-23
0.62,1.56,0.4725,1.89e-23
0.64,1.56,0.4723,1.095e-23
0.66,1.56,0.472,6.34e-24
0.68,1.56,0.4718,3.672e-24
0.7,1.56,0.4715,2.127e-24
0.72,1.56,0.4713,1.232e-24
0.74,1.56,0.471,7.135e-25
0.76,1.56,0.4708,4.132e-25
0.78,1.56,0.4706,2.393e-25
0.8,1.56,0.4703,1.386e-25
0.82,1.56,0.4701,8.029e-26
0.84,1.56,0.4698,4.65e-26
0.86,1.56,0.4696,2.693e-26
0.88,1.56,0.4693,1.56e-26
0.9,1.56,0.4691,9.035e-27
0.92,1.56,0.4688,5.233e-27
0.94,1.56,0.4686,3.031e-27
0.96,1.56,0.4683,1.755e-27
0.98,1.56,0.4681,1.017e-27
1,1.56,0.4678,5.889e-28
1.02,1.56,0.4676,3.394e-28
1.04,1.56,0.4673,1.876e-28
1.06,1.56,0.4671,1.037e-28
1.08,1.56,0.4668,5.73e-29
1.1,1.56,0.4666,3.167e-29
1.12,1.56,0.4664,1.729e-29
1.14,1.56,0.4661,9.337e-30
1.16,1.56,0.4659,4.87e-30
1.18,1.56,0.4656,2.413e-30
1.2,1.56,0.4654,1.196e-30
1.22,1.56,0.4651,5.923e-31
1.24,1.56,0.4649,2.935e-31
1.26,1.56,0.4646,1.454e-31
1.28,1.56,0.4644,7.203e-32
1.3,1.56,0.4641,3.568e-32
1.32,1.56,0.4639,1.768e-32
1.34,1.56,0.4636,8.758e-33
1.36,1.56,0.4634,4.339e-33
1.38,1.56,0.4632,2.15e-33
1.4,1.56,0.4629,1.065e-33
1.42,1.56,0.4627,5.276e-34
1.44,1.56,0.4624,2.614e-34
1.46,1.56,0.4622,1.295e-34
1.48,1.56,0.4619,6.416e-35
1.5,1.56,0.4617,3.178e-35
1.52,1.56,0.4614,1.575e-35
1.54,1.56,0.4612,7.801e-36
1.56,1.56,0.4609,3.865e-36
1.58,1.56,0.4607,1.915e-36
1.6,1.56,0.4604,9.486e-37
-1.6,1.58,0.5,3.117e-32
-1.58,1.58,0.4997,6.145e-32
-1.56,1.58,0.4995,1.212e-31
-1.54,1.58,0.4992,2.389e-31
-1.52,1.58,0.499,4.709e-31
-1.5,1.58,0.4987,9.284e-31
-1.48,1.58,0.4985,1.83e-30
-1.46,1.58,0.4982,3.608e-30
-1.44,1.58,0.498,7.114e-30
-1.42,1.58,0.4977,1.402e-29
-1.4,1.58,0.4975,2.765e-29
-1.38,1.58,0.4972,5.451e-29
-1.36,1.58,0.497,1.075e-28
-1.34,1.58,0.4967,2.119e-28
-1.32,1.58,0.4965,4.177e-28
-1.3,1.58,0.4962,7.981e-28
-1.28,1.58,0.496,1.489e-27
-1.26,1.58,0.4957,2.778e-27
-1.24,1.58,0.4955,5.184e-27
-1.22,1.58,0.4952,9.673e-27
-1.2,1.58,0.495,1.805e-26
-1.18,1.58,0.4947,3.232e-26
-1.16,1.58,0.4945,5.192e-26
-1.14,1.58,0.4943,7.868e-26
-1.12,1.58,0.494,1.192e-25
-1.1,1.58,0.4938,1.783e-25
-1.08,1.58,0.4935,2.274e-25
-1.06,1.58,0.4933,2.9e-25
-1.04,1.58,0.493,3.699e-25
-1.02,1.58,0.4928,4.717e-25
-1,1.58,0.4925,6.016e-25
-0.98,1.58,0.4923,7.672e-25
-0.96,1.58,0.492,9.784e-25
-0.94,1.58,0.4918,1.248e-24
-0.92,1.58,0.4915,1.591e-24
-0.9,1.58,0.4913,2.029e-24
-0.88,1.58,0.491,2.588e-24
-0.86,1.58,0.4908,3.301e-24
-0.84,1.58,0.4905,4.209e-24
-0.82,1.58,0.4903,5.368e-24
-0.8,1.58,0.49,6.846e-24
-0.78,1.58,0.4898,8.731e-24
-0.76,1.58,0.4895,1.113e-23
-0.74,1.58,0.4893,1.42e-23
-0.72,1.58,0.4891,1.811e-23
-0.7,1.58,0.4888,2.309e-23
-0.68,1.58,0.4886,2.945e-23
-0.66,1.58,0.4883,3.756e-23
-0.64,1.58,0.4881,4.79e-23
-0.62,1.58,0.4878,6.109e-23
-0.6,1.58,0.4876,7.825e-23
-0.58,1.58,0.4873,1.011e-22
-0.56,1.58,0.4871,1.305e-22
-0.54,1.58,0.4868,1.667e-22
-0.52,1.58,0.4866,1.967e-22
-0.5,1.58,0.4863,2.322e-22
-0.48,1.58,0.4861,2.741e-22
-0.46,1.58,0.4858,3.235e-22
-0.44,1.58,0.4856,3.819e-22
-0.42,1.58,0.4853,4.507e-22
-0.4,1.58,0.4851,5.32e-22
-0.38,1.58,0.4848,6.28e-22
-0.36,1.58,0.4846,7.413e-22
-0.34,1.58,0.4843,8.75e-22
-0.32,1.58,0.4841,1.033e-21
-0.3,1.58,0.4838,1.219e-21
-0.28,1.58,0.4836,1.439e-21
-0.26,1.58,0.4834,1.699e-21
-0.24,1.58,0.4831,2.005e-21
-0.22,1.58,0.4829,2.367e-21
-0.2,1.58,0.4826,2.794e-21
-0.18,1.58,0.4824,3.297e-21
-0.16,1.58,0.4821,3.892e-21
-0.14,1.58,0.4819,4.594e-21
-0.12,1.58,0.4816,5.097e-21
-0.1,1.58,0.4814,5.056e-21
-0.08,1.58,0.4811,5.016e-21
-0.06,1.58,0.4809,4.975e-21
-0.04,1.58,0.4806,4.936e-21
-0.02,1.58,0.4804,4.896e-21
0,1.58,0.4801,4.857e-21
0.02,1.58,0.4799,4.818e-21
0.04,1.58,0.4796,4.78e-21
0.06,1.58,0.4794,4.741e-21
0.08,1.58,0.4791,4.703e-21
0.1,1.58,0.4789,4.666e-21
0.12,1.58,0.4787,4.628e-21
0.14,1.58,0.4784,4.591e-21
0.16,1.58,0.4782,4.555e-21
0.18,1.58,0.4779,4.518e-21
0.2,1.58,0.4777,4.391e-21
0.22,1.58,0.4774,3.868e-21
0.24,1.58,0.4772,3.408e-21
0.26,1.58,0.4769,3.002e-21
0.28,1.58,0.4767,2.645e-21
0.3,1.58,0.4764,2.33e-21
0.32,1.58,0.4762,2.053e-21
0.34,1.58,0.4759,1.809e-21
0.36,1.58,0.4757,1.479e-21
0.38,1.58,0.4754,1.18e-21
0.4,1.58,0.4752,9.412e-22
0.42,1.58,0.4749,7.509e-22
0.44,1.58,0.4747,5.991e-22
0.46,1.58,0.4744,4.779e-22
0.48,1.58,0.4742,3.813e-22
0.5,1.58,0.474,2.51e-22
0.52,1.58,0.4737,1.416e-22
0.54,1.58,0.4735,7.987e-23
0.56,1.58,0.4732,4.505e-23
0.58,1.58,0.473,2.542e-23
0.6,1.58,0.4727,1.44e-23
0.62,1.58,0.4725,8.341e-24
0.64,1.58,0.4722,4.831e-24
0.66,1.58,0.472,2.798e-24
0.68,1.58,0.4717,1.621e-24
0.7,1.58,0.4715,9.387e-25
0.72,1.58,0.4712,5.437e-25
0.74,1.58,0.471,3.149e-25
0.76,1.58,0.4707,1.824e-25
0.78,1.58,0.4705,1.056e-25
0.8,1.58,0.4702,6.118e-26
0.82,1.58,0.47,3.544e-26
0.84,1.58,0.4698,2.052e-26
0.86,1.58,0.4695,1.189e-26
0.88,1.58,0.4693,6.885e-27
0.9,1.58,0.469,3.988e-27
0.92,1.58,0.4688,2.31e-27
0.94,1.58,0.4685,1.338e-27
0.96,1.58,0.4683,7.748e-28
0.98,1.58,0.468,4.487e-28
1,1.58,0.4678,2.599e-28
1.02,1.58,0.4675,1.505e-28
1.04,1.58,0.4673,8.66e-29
1.06,1.58,0.467,4.786e-29
1.08,1.58,0.4668,2.645e-29
1.1,1.58,0.4665,1.462e-29
1.12,1.58,0.4663,8.024e-30
1.14,1.58,0.4661,4.37e-30
1.16,1.58,0.4658,2.367e-30
1.18,1.58,0.4656,1.235e-30
1.2,1.58,0.4653,6.135e-31
1.22,1.58,0.4651,3.04e-31
1.24,1.58,0.4648,1.506e-31
1.26,1.58,0.4646,7.46e-32
1.28,1.58,0.4643,3.696e-32
1.3,1.58,0.4641,1.831e-32
1.32,1.58,0.4638,9.072e-33
1.34,1.58,0.4636,4.494e-33
1.36,1.58,0.4633,2.227e-33
1.38,1.58,0.4631,1.103e-33
1.4,1.58,0.4628,5.465e-34
1.42,1.58,0.4626,2.707e-34
1.44,1.58,0.4624,1.341e-34
1.46,1.58,0.4621,6.645e-35
1.48,1.58,0.4619,3.292e-35
1.5,1.58,0.4616,1.631e-35
1.52,1.58,0.4614,8.08e-36
1.54,1.58,0.4611,4.003e-36
1.56,1.58,0.4609,1.983e-36
1.58,1.58,0.4606,9.826e-37
1.6,1.58,0.4604,4.868e-37
-1.6,1.6,0.4999,1.781e-32
-1.58,1.6,0.4996,3.511e-32
-1.56,1.6,0.4994,6.923e-32
-1.54,1.6,0.4992,1.365e-31
-1.52,1.6,0.4989,2.691e-31
-1.5,1.6,0.4987,5.305e-31
-1.48,1.6,0.4984,1.046e-30
-1.46,1.6,0.4982,2.062e-30
-1.44,1.6,0.4979,4.065e-30
-1.42,1.6,0.4977,8.014e-30
-1.4,1.6,0.4974,1.58e-29
-1.38,1.6,0.4972,3.115e-29
-1.36,1.6,0.4969,6.14e-29
-1.34,1.6,0.4967,1.211e-28
-1.32,1.6,0.4964,2.303e-28
-1.3,1.6,0.4962,4.298e-28
-1.28,1.6,0.4959,8.019e-28
-1.26,1.6,0.4957,1.496e-27
-1.24,1.6,0.4954,2.792e-27
-1.22,1.6,0.4952,5.209e-27
-1.2,1.6,0.4949,9.355e-27
-1.18,1.6,0.4947,1.603e-26
-1.16,1.6,0.4944,2.429e-26
-1.14,1.6,0.4942,3.681e-26
-1.12,1.6,0.4939,5.577e-26
-1.1,1.6,0.4937,7.649e-26
-1.08,1.6,0.4935,9.755e-26
-1.06,1.6,0.4932,1.244e-25
-1.04,1.6,0.493,1.587e-25
-1.02,1.6,0.4927,2.023e-25
-1,1.6,0.4925,2.58e-25
-0.98,1.6,0.4922,3.291e-25
-0.96,1.6,0.492,4.197e-25
-0.94,1.6,0.4917,5.352e-25
-0.92,1.6,0.4915,6.826e-25
-0.9,1.6,0.4912,8.705e-25
-0.88,1.6,0.491,1.11e-24
-0.86,1.6,0.4907,1.416e-24
-0.84,1.6,0.4905,1.806e-24
-0.82,1.6,0.4902,2.303e-24
-0.8,1.6,0.49,2.937e-24
-0.78,1.6,0.4897,3.745e-24
-0.76,1.6,0.4895,4.776e-24
-0.74,1.6,0.4892,6.091e-24
-0.72,1.6,0.489,7.768e-24
-0.7,1.6,0.4887,9.906e-24
-0.68,1.6,0.4885,1.263e-23
-0.66,1.6,0.4882,1.611e-23
-0.64,1.6,0.488,2.055e-23
-0.62,1.6,0.4878,2.62e-23
-0.6,1.6,0.4875,3.342e-23
-0.58,1.6,0.4873,4.262e-23
-0.56,1.6,0.487,5.502e-23
-0.54,1.6,0.4868,6.67e-23
-0.52,1.6,0.4865,7.874e-23
-0.5,1.6,0.4863,9.294e-23
-0.48,1.6,0.486,1.097e-22
-0.46,1.6,0.4858,1.295e-22
-0.44,1.6,0.4855,1.528e-22
-0.42,1.6,0.4853,1.804e-22
-0.4,1.6,0.485,2.13e-22
-0.38,1.6,0.4848,2.514e-22
-0.36,1.6,0.4845,2.967e-22
-0.34,1.6,0.4843,3.502e-22
-0.32,1.6,0.484,4.134e-22
-0.3,1.6,0.4838,4.88e-22
-0.28,1.6,0.4835,5.76e-22
-0.26,1.6,0.4833,6.799e-22
-0.24,1.6,0.483,8.025e-22
-0.22,1.6,0.4828,9.473e-22
-0.2,1.6,0.4826,1.118e-21
-0.18,1.6,0.4823,1.32e-21
-0.16,1.6,0.4821,1.558e-21
-0.14,1.6,0.4818,1.839e-21
-0.12,1.6,0.4816,1.975e-21
-0.1,1.6,0.4813,1.959e-21
-0.08,1.6,0.4811,1.944e-21
-0.06,1.6,0.4808,1.928e-21
-0.04,1.6,0.4806,1.913e-21
-0.02,1.6,0.4803,1.897e-21
0,1.6,0.4801,1.882e-21
0.02,1.6,0.4798,1.867e-21
0.04,1.6,0.4796,1.852e-21
0.06,1.6,0.4793,1.837e-21
0.08,1.6,0.4791,1.823e-21
0.1,1.6,0.4788,1.808e-21
0.12,1.6,0.4786,1.794e-21
0.14,1.6,0.4783,1.779e-21
0.16,1.6,0.4781,1.765e-21
0.18,1.6,0.4779,1.751e-21
0.2,1.6,0.4776,1.737e-21
0.22,1.6,0.4774,1.548e-21
0.24,1.6,0.4771,1.364e-21
0.26,1.6,0.4769,1.202e-21
0.28,1.6,0.4766,1.059e-21
0.3,1.6,0.4764,9.328e-22
0.32,1.6,0.4761,8.218e-22
0.34,1.6,0.4759,7.24e-22
0.36,1.6,0.4756,6.127e-22
0.38,1.6,0.4754,4.888e-22
0.4,1.6,0.4751,3.899e-22
0.42,1.6,0.4749,3.111e-22
0.44,1.6,0.4746,2.482e-22
0.46,1.6,0.4744,1.98e-22
0.48,1.6,0.4741,1.58e-22
0.5,1.6,0.4739,1.089e-22
0.52,1.6,0.4736,6.144e-23
0.54,1.6,0.4734,3.466e-23
0.56,1.6,0.4732,1.955e-23
0.58,1.6,0.4729,1.103e-23
0.6,1.6,0.4727,6.356e-24
0.62,1.6,0.4724,3.681e-24
0.64,1.6,0.4722,2.132e-24
0.66,1.6,0.4719,1.235e-24
0.68,1.6,0.4717,7.153e-25
0.7,1.6,0.4714,4.143e-25
0.72,1.6,0.4712,2.399e-25
0.74,1.6,0.4709,1.39e-25
0.76,1.6,0.4707,8.049e-26
0.78,1.6,0.4704,4.662e-26
0.8,1.6,0.4702,2.7e-26
0.82,1.6,0.4699,1.564e-26
0.84,1.6,0.4697,9.058e-27
0.86,1.6,0.4694,5.246e-27
0.88,1.6,0.4692,3.039e-27
0.9,1.6,0.469,1.76e-27
0.92,1.6,0.4687,1.019e-27
0.94,1.6,0.4685,5.904e-28
0.96,1.6,0.4682,3.42e-28
0.98,1.6,0.468,1.981e-28
1,1.6,0.4677,1.147e-28
1.02,1.6,0.4675,6.644e-29
1.04,1.6,0.4672,3.848e-29
1.06,1.6,0.467,2.21e-29
1.08,1.6,0.4667,1.221e-29
1.1,1.6,0.4665,6.75e-30
1.12,1.6,0.4662,3.725e-30
1.14,1.6,0.466,2.029e-30
1.16,1.6,0.4657,1.105e-30
1.18,1.6,0.4655,5.999e-31
1.2,1.6,0.4653,3.129e-31
1.22,1.6,0.465,1.56e-31
1.24,1.6,0.4648,7.727e-32
1.26,1.6,0.4645,3.828e-32
1.28,1.6,0.4643,1.897e-32
1.3,1.6,0.464,9.396e-33
1.32,1.6,0.4638,4.655e-33
1.34,1.6,0.4635,2.306e-33
1.36,1.6,0.4633,1.143e-33
1.38,1.6,0.463,5.66e-34
1.4,1.6,0.4628,2.804e-34
1.42,1.6,0.4625,1.389e-34
1.44,1.6,0.4623,6.883e-35
1.46,1.6,0.462,3.41e-35
1.48,1.6,0.4618,1.689e-35
1.5,1.6,0.4616,8.37e-36
1.52,1.6,0.4613,4.146e-36
1.54,1.6,0.4611,2.054e-36
1.56,1.6,0.4608,1.018e-36
1.58,1.6,0.4606,5.042e-37
1.6,1.6,0.4603,2.498e-37
