epoch,loss none,val_loss none,acc none,val_acc none,loss L2,val_loss L2,acc L2,val_acc L2,loss L1,val_loss L1,acc L1,val_acc L1
0,0.63604,0.41623,0.6125,0.9,4.07079,2.73099,0.55,0.85,1.83917,1.45081,0.575,0.9
1,0.42497,0.22368,0.85,0.9,2.36774,1.55353,0.775,0.9,1.36197,1.03385,0.85,0.9
2,0.37864,0.1873,0.8375,0.9,1.37226,0.90921,0.825,0.9,1.05861,0.76463,0.8125,0.9
3,0.37143,0.19643,0.85,0.9,0.86747,0.61704,0.8125,0.9,0.87108,0.63363,0.825,0.9
4,0.35035,0.20802,0.85,0.9,0.67168,0.52565,0.8125,0.9,0.7534,0.58753,0.8375,0.9
5,0.34053,0.22106,0.85,0.9,0.63289,0.52463,0.8125,0.9,0.70356,0.58345,0.8375,0.9
6,0.33325,0.21678,0.85,0.9,0.64146,0.5378,0.8125,0.9,0.67652,0.5544,0.85,0.9
7,0.31949,0.19373,0.85,0.9,0.64168,0.51996,0.825,0.9,0.63122,0.49907,0.85,0.9
8,0.30247,0.17113,0.8625,0.9,0.62007,0.47779,0.8375,0.9,0.58702,0.45038,0.85,0.9
9,0.28404,0.16063,0.8625,0.9,0.58066,0.43018,0.8375,0.9,0.55861,0.43295,0.85,0.9
10,0.25881,0.15728,0.8875,1.0,0.53954,0.39566,0.8375,0.9,0.53824,0.41834,0.85,0.9
11,0.23206,0.16882,0.9,0.95,0.50757,0.37453,0.8375,0.9,0.51851,0.40315,0.85,0.9
12,0.20824,0.16769,0.925,0.95,0.4875,0.36027,0.8375,0.9,0.50168,0.38537,0.85,0.9
13,0.18415,0.14104,0.925,0.95,0.47677,0.35065,0.85,0.9,0.48682,0.37117,0.85,0.9
14,0.16287,0.15022,0.925,0.95,0.47114,0.34548,0.85,0.9,0.47398,0.36198,0.85,0.9
15,0.14701,0.15234,0.9375,0.95,0.4675,0.34256,0.85,0.9,0.46019,0.35229,0.85,0.9
16,0.13637,0.14723,0.9375,0.95,0.46431,0.3393,0.85,0.9,0.44811,0.34729,0.85,0.9
17,0.12683,0.16349,0.95,0.95,0.46049,0.33402,0.85,0.9,0.43478,0.34025,0.875,0.9
18,0.11639,0.17277,0.95,0.95,0.45652,0.32889,0.85,0.9,0.42073,0.33552,0.8875,0.9
19,0.11363,0.17231,0.95,0.95,0.45289,0.3262,0.85,0.9,0.40604,0.32778,0.8875,1.0
20,0.1047,0.20413,0.95,0.95,0.45027,0.32508,0.85,0.9,0.3917,0.32179,0.8875,1.0
21,0.10319,0.19299,0.9625,0.95,0.44821,0.32327,0.85,0.9,0.37651,0.31424,0.9,1.0
22,0.09729,0.23212,0.95,0.95,0.44689,0.32334,0.85,0.9,0.36321,0.31064,0.9125,1.0
23,0.09852,0.20315,0.9625,0.95,0.44511,0.32142,0.85,0.9,0.35117,0.30304,0.9125,0.95
24,0.09335,0.26169,0.95,0.95,0.44382,0.32198,0.85,0.9,0.3409,0.29824,0.925,0.95
25,0.09509,0.19669,0.9625,0.95,0.44235,0.32141,0.85,0.9,0.33118,0.29442,0.9375,0.95
26,0.0938,0.28438,0.9625,0.95,0.44105,0.32185,0.85,0.9,0.32404,0.28963,0.9125,0.95
27,0.09574,0.20131,0.9625,0.95,0.43949,0.32079,0.85,0.9,0.31706,0.28298,0.925,0.95
28,0.09675,0.26873,0.9625,0.95,0.43854,0.32119,0.85,0.9,0.31,0.27788,0.925,0.95
29,0.08878,0.2502,0.9625,0.95,0.437,0.3215,0.85,0.9,0.30389,0.27847,0.925,0.95
30,0.08585,0.23413,0.975,0.95,0.43592,0.32177,0.85,0.9,0.29777,0.2761,0.925,0.95
31,0.07819,0.28133,0.9625,0.95,0.43466,0.32227,0.85,0.9,0.29286,0.27219,0.925,0.95
32,0.08181,0.24602,0.9625,0.95,0.43366,0.32261,0.85,0.9,0.28833,0.26939,0.925,0.95
33,0.07787,0.27309,0.9625,0.95,0.43263,0.32328,0.85,0.9,0.28378,0.26588,0.925,0.95
34,0.0772,0.26843,0.9625,0.95,0.43123,0.32162,0.85,0.9,0.28015,0.26473,0.925,0.95
35,0.07543,0.26756,0.975,0.95,0.43043,0.32435,0.85,0.9,0.27609,0.26075,0.925,0.95
36,0.0717,0.28493,0.9625,0.95,0.42893,0.32332,0.85,0.9,0.27312,0.25738,0.925,0.95
37,0.0738,0.27836,0.9625,0.95,0.42822,0.32479,0.85,0.9,0.26984,0.25732,0.925,0.95
38,0.07252,0.29299,0.9625,0.95,0.42677,0.32486,0.85,0.9,0.26674,0.25336,0.925,0.95
39,0.07095,0.2884,0.9625,0.95,0.42494,0.32378,0.85,0.9,0.26393,0.25243,0.925,0.95
40,0.07042,0.29782,0.9625,0.95,0.42192,0.32413,0.8625,0.9,0.26141,0.24901,0.925,0.95
41,0.06835,0.30418,0.9625,0.95,0.41888,0.32551,0.8625,0.9,0.25877,0.24717,0.925,0.95
42,0.0683,0.30145,0.9625,0.95,0.41739,0.32497,0.8625,0.9,0.25724,0.24521,0.925,0.95
43,0.06767,0.31069,0.9625,0.95,0.41377,0.32201,0.8625,0.9,0.25329,0.24696,0.925,0.95
44,0.06644,0.31174,0.9625,0.95,0.41122,0.32383,0.875,0.9,0.25437,0.24168,0.925,0.95
45,0.06661,0.31728,0.9625,0.95,0.40795,0.32524,0.875,0.9,0.24902,0.24285,0.9375,0.95
46,0.0654,0.31737,0.9625,0.95,0.40557,0.32555,0.875,0.9,0.25045,0.23717,0.925,0.95
47,0.06478,0.32103,0.9625,0.95,0.40309,0.32329,0.875,0.9,0.24511,0.24694,0.9375,0.95
48,0.06463,0.32888,0.9625,0.95,0.39873,0.32631,0.875,0.95,0.24894,0.23763,0.925,0.95
49,0.06484,0.32633,0.9625,0.95,0.39664,0.32532,0.8875,1.0,0.24206,0.25104,0.9375,0.95
50,0.06359,0.33658,0.9625,0.95,0.3943,0.33043,0.8875,0.9,0.25005,0.23025,0.9375,0.95
51,0.06326,0.3346,0.9625,0.95,0.38999,0.33043,0.9,1.0,0.23991,0.26262,0.9375,0.95
52,0.06305,0.33855,0.9625,0.95,0.39041,0.31928,0.8875,1.0,0.25129,0.22986,0.9375,0.95
53,0.06177,0.34474,0.9625,0.95,0.38809,0.34024,0.9,0.9,0.2412,0.27554,0.925,0.95
54,0.06216,0.34254,0.9625,0.95,0.38069,0.32441,0.9,1.0,0.25207,0.22289,0.95,0.95
55,0.0608,0.35324,0.9625,0.95,0.39213,0.31405,0.8875,0.9,0.24256,0.25699,0.925,0.95
56,0.06097,0.34975,0.9625,0.95,0.39259,0.37019,0.9,1.0,0.241,0.22752,0.9375,0.95
57,0.06057,0.35384,0.9625,0.95,0.37689,0.31815,0.9,0.95,0.23682,0.23323,0.9375,0.95
58,0.05917,0.35714,0.9625,0.95,0.41364,0.35981,0.8875,0.9,0.23008,0.23348,0.9375,0.95
59,0.05982,0.35619,0.9625,0.95,0.41896,0.31745,0.8875,1.0,0.23185,0.22779,0.95,0.95
60,0.05872,0.36136,0.9625,0.95,0.38342,0.34784,0.9,1.0,0.22757,0.23535,0.9375,0.95
61,0.05874,0.3632,0.9625,0.95,0.3922,0.32667,0.9125,0.9,0.22994,0.22442,0.95,0.95
62,0.05899,0.36346,0.9625,0.95,0.38906,0.29256,0.9125,1.0,0.22613,0.23569,0.9375,0.95
63,0.05734,0.37306,0.9625,0.95,0.36933,0.38414,0.9,0.95,0.22682,0.22601,0.95,0.95
64,0.05882,0.36731,0.9625,0.95,0.37196,0.30085,0.9125,1.0,0.22451,0.23054,0.9375,0.95
65,0.05898,0.37304,0.9625,0.95,0.37202,0.32495,0.9,0.9,0.22383,0.22582,0.95,0.95
66,0.05679,0.38096,0.9625,0.95,0.36213,0.32821,0.925,1.0,0.22279,0.22894,0.95,0.95
67,0.05804,0.37596,0.9625,0.95,0.37533,0.32041,0.925,0.95,0.22101,0.22655,0.9375,0.95
68,0.05715,0.38438,0.9625,0.95,0.37082,0.29536,0.925,1.0,0.22058,0.22321,0.9375,0.95
69,0.05827,0.38802,0.9625,0.95,0.35663,0.33266,0.9125,1.0,0.21935,0.22671,0.9375,0.95
70,0.05414,0.393,0.975,0.95,0.35903,0.31071,0.9125,1.0,0.21892,0.22316,0.95,0.95
71,0.055,0.38413,0.9625,0.95,0.35439,0.30477,0.9125,1.0,0.21795,0.22422,0.95,0.95
72,0.05529,0.39249,0.9625,0.95,0.35294,0.32106,0.925,0.95,0.21735,0.22441,0.95,0.95
73,0.0527,0.40976,0.975,0.95,0.35157,0.30515,0.9125,1.0,0.21659,0.22485,0.95,0.95
74,0.05202,0.3922,0.9625,0.95,0.35213,0.30834,0.9125,1.0,0.21556,0.22433,0.95,0.95
75,0.05582,0.38775,0.9625,0.95,0.34751,0.31124,0.925,1.0,0.2147,0.22322,0.95,0.95
76,0.04944,0.42659,0.975,0.95,0.3495,0.30963,0.9125,1.0,0.21383,0.22415,0.95,0.95
77,0.05695,0.39977,0.9625,0.95,0.35014,0.30884,0.925,0.95,0.21325,0.22128,0.95,0.95
78,0.05193,0.41282,0.975,0.95,0.34381,0.30524,0.925,0.95,0.21267,0.22111,0.95,0.95
79,0.0513,0.41131,0.9625,0.95,0.3467,0.30418,0.9125,1.0,0.21163,0.22079,0.95,0.95
80,0.0524,0.41559,0.9625,0.95,0.34464,0.30087,0.925,1.0,0.21129,0.22279,0.95,0.95
81,0.04897,0.42706,0.975,0.95,0.34087,0.30272,0.925,0.95,0.21077,0.22381,0.95,0.95
82,0.05164,0.40698,0.9625,0.95,0.34371,0.30436,0.9125,1.0,0.21,0.22175,0.95,0.95
83,0.04866,0.42764,0.975,0.95,0.33883,0.30295,0.925,0.95,0.20902,0.22396,0.95,0.95
84,0.04853,0.42556,0.9625,0.95,0.34128,0.29517,0.925,1.0,0.20882,0.22298,0.95,0.95
85,0.05058,0.41784,0.975,0.95,0.34368,0.30109,0.9125,0.95,0.2079,0.21948,0.95,0.95
86,0.04567,0.43802,0.975,0.95,0.33402,0.2928,0.9375,1.0,0.20735,0.21936,0.95,0.95
87,0.05004,0.41767,0.9625,0.95,0.34101,0.29728,0.925,1.0,0.20644,0.22023,0.95,0.95
88,0.04729,0.45087,0.975,0.95,0.3447,0.29955,0.9125,0.95,0.20571,0.22046,0.95,0.95
89,0.0485,0.44297,0.9625,0.95,0.33354,0.28609,0.925,1.0,0.20526,0.21866,0.95,0.95
90,0.04688,0.44688,0.975,0.95,0.33969,0.30039,0.9,0.95,0.20474,0.21863,0.95,0.95
91,0.04828,0.44332,0.9625,0.95,0.33513,0.30037,0.925,0.95,0.20457,0.21969,0.95,0.95
92,0.04553,0.44191,0.9625,0.95,0.33993,0.28908,0.9375,1.0,0.20401,0.22011,0.95,0.95
93,0.04348,0.44995,0.975,0.95,0.34809,0.28754,0.9125,1.0,0.20317,0.21755,0.95,0.95
94,0.04555,0.4462,0.9625,0.95,0.32609,0.29738,0.9375,0.95,0.20302,0.21868,0.95,0.95
95,0.04416,0.45467,0.975,0.95,0.33726,0.29407,0.9375,0.95,0.20176,0.21869,0.95,0.95
96,0.04179,0.46304,0.975,0.95,0.34269,0.28362,0.925,1.0,0.20182,0.21826,0.95,0.95
97,0.04362,0.4519,0.9625,0.95,0.32848,0.3063,0.925,0.95,0.20079,0.22238,0.95,0.95
98,0.04039,0.46299,0.975,0.95,0.32977,0.26662,0.9,1.0,0.20086,0.21964,0.95,0.95
99,0.03989,0.46744,0.975,0.95,0.32341,0.28336,0.9375,0.95,0.19991,0.21901,0.95,0.95
100,0.04071,0.46928,0.975,0.95,0.32188,0.29099,0.925,0.95,0.19921,0.21683,0.95,0.95
101,0.03743,0.48181,0.975,0.95,0.32298,0.28171,0.925,1.0,0.19878,0.21671,0.95,0.95
102,0.04146,0.46237,0.9625,0.95,0.32491,0.2883,0.9125,0.95,0.19791,0.21741,0.95,0.95
103,0.03823,0.47948,0.9875,0.95,0.31863,0.2828,0.9375,0.95,0.19761,0.21634,0.95,0.95
104,0.03845,0.48593,0.975,0.95,0.32107,0.27639,0.9125,0.95,0.19726,0.21651,0.95,0.95
105,0.03606,0.48283,0.975,0.95,0.31812,0.28165,0.9375,0.95,0.19605,0.21847,0.95,0.95
106,0.03696,0.46967,0.975,0.95,0.31792,0.28218,0.925,0.95,0.19614,0.21514,0.95,0.95
107,0.03487,0.49042,0.975,0.95,0.32036,0.28033,0.9125,0.95,0.19554,0.21606,0.95,0.95
108,0.03746,0.48099,0.975,0.95,0.3147,0.2851,0.9375,0.95,0.19477,0.21935,0.95,0.95
109,0.03323,0.51013,0.9875,0.95,0.31716,0.27564,0.9125,0.95,0.19457,0.21818,0.95,0.95
110,0.03649,0.49104,0.975,0.95,0.31624,0.27446,0.925,0.95,0.19451,0.21888,0.95,0.95
111,0.03186,0.50257,0.9875,0.95,0.31271,0.27738,0.9375,0.95,0.19321,0.22084,0.95,0.95
112,0.03423,0.47889,0.975,0.95,0.31401,0.27321,0.925,0.95,0.19303,0.21737,0.95,0.95
113,0.0318,0.49662,0.9875,0.95,0.31125,0.2805,0.9375,0.95,0.19263,0.21915,0.95,0.95
114,0.03157,0.50876,0.975,0.95,0.31204,0.27433,0.9375,0.95,0.19168,0.21944,0.95,0.95
115,0.03041,0.51395,0.975,0.95,0.31204,0.27707,0.925,0.95,0.19165,0.21883,0.95,0.95
116,0.03046,0.51636,0.9875,0.95,0.30958,0.27355,0.9375,0.95,0.1917,0.22113,0.95,0.95
117,0.02971,0.51712,0.9875,0.95,0.30948,0.27182,0.9375,0.95,0.19066,0.22051,0.95,0.95
118,0.03007,0.50407,0.9875,0.95,0.31044,0.27465,0.925,0.95,0.19079,0.21896,0.95,0.95
119,0.02718,0.51483,0.9875,0.95,0.30704,0.27002,0.9375,0.95,0.19014,0.22161,0.95,0.95
120,0.0271,0.51427,0.9875,0.95,0.3102,0.27547,0.925,0.95,0.18902,0.22175,0.95,0.95
121,0.02715,0.49874,0.9875,0.95,0.30712,0.27284,0.925,0.95,0.18944,0.22195,0.95,0.95
122,0.02463,0.52628,1.0,0.95,0.30666,0.26622,0.925,0.95,0.18961,0.22206,0.95,0.95
123,0.02686,0.48746,0.9875,0.95,0.31072,0.27196,0.925,0.95,0.1883,0.21975,0.95,0.95
124,0.02408,0.49934,0.9875,0.95,0.30292,0.26769,0.9375,0.95,0.18863,0.21794,0.95,0.95
125,0.0241,0.51237,1.0,0.95,0.30775,0.26676,0.925,0.95,0.18796,0.22174,0.95,0.95
126,0.02382,0.54374,1.0,0.95,0.30483,0.27328,0.925,0.95,0.18656,0.22352,0.95,0.95
127,0.02278,0.55661,1.0,0.95,0.30382,0.26556,0.925,0.95,0.18729,0.22019,0.95,0.95
128,0.02283,0.52253,1.0,0.95,0.31236,0.26718,0.9125,0.95,0.18683,0.22139,0.95,0.95
129,0.02137,0.54831,1.0,0.95,0.30015,0.26742,0.9375,0.95,0.18591,0.22118,0.95,0.95
130,0.02221,0.54279,1.0,0.95,0.30482,0.25876,0.925,0.95,0.18617,0.21953,0.95,0.95
131,0.02103,0.5531,1.0,0.95,0.30172,0.27133,0.925,0.95,0.1856,0.22077,0.95,0.95
132,0.01975,0.54922,1.0,0.95,0.29972,0.264,0.925,0.95,0.18479,0.22216,0.95,0.95
133,0.01955,0.56099,1.0,0.95,0.3056,0.26199,0.925,0.95,0.18479,0.22064,0.95,0.95
134,0.01819,0.60404,1.0,0.95,0.297,0.26808,0.9375,0.95,0.18443,0.21934,0.95,0.95
135,0.01847,0.58652,1.0,0.95,0.30101,0.26007,0.925,0.95,0.18366,0.22146,0.95,0.95
136,0.01736,0.5761,1.0,0.95,0.30096,0.26483,0.925,0.95,0.18357,0.22137,0.95,0.95
137,0.0164,0.59158,1.0,0.95,0.29636,0.25999,0.925,0.95,0.1834,0.21912,0.95,0.95
138,0.01595,0.62839,1.0,0.95,0.30036,0.25607,0.925,0.95,0.1824,0.2228,0.95,0.95
139,0.01636,0.60282,1.0,0.95,0.29361,0.26566,0.9375,0.95,0.1831,0.21956,0.95,0.95
140,0.01493,0.59827,1.0,0.95,0.29664,0.25809,0.925,0.95,0.18192,0.22255,0.95,0.95
141,0.01393,0.60648,1.0,0.95,0.29787,0.26155,0.925,0.95,0.18264,0.22244,0.95,0.95
142,0.01403,0.61299,1.0,0.95,0.29394,0.26379,0.925,0.95,0.18124,0.22366,0.95,0.95
143,0.01374,0.62091,1.0,0.95,0.29701,0.25502,0.925,0.95,0.18076,0.21866,0.95,0.95
144,0.01346,0.62446,1.0,0.95,0.2922,0.26062,0.925,0.95,0.18195,0.22217,0.95,0.95
145,0.01258,0.62937,1.0,0.95,0.29357,0.25723,0.925,0.95,0.18012,0.22888,0.95,0.95
146,0.0123,0.63709,1.0,0.95,0.29324,0.25808,0.925,0.95,0.18114,0.21826,0.95,0.95
147,0.01129,0.63581,1.0,0.95,0.29241,0.26173,0.925,0.95,0.18001,0.22028,0.95,0.95
148,0.01178,0.62241,1.0,0.95,0.29313,0.25362,0.925,0.95,0.17911,0.22686,0.95,0.95
149,0.0106,0.64264,1.0,0.95,0.29042,0.25405,0.925,0.95,0.17895,0.22326,0.9625,0.95
150,0.01022,0.66941,1.0,0.95,0.29078,0.25156,0.925,0.95,0.17864,0.22064,0.95,0.95
151,0.01004,0.65605,1.0,0.95,0.28961,0.2568,0.925,0.95,0.17906,0.22508,0.95,0.95
152,0.00982,0.65884,1.0,0.95,0.29176,0.26021,0.925,0.95,0.17791,0.22794,0.9625,0.95
153,0.00848,0.66793,1.0,0.95,0.28929,0.25512,0.925,0.95,0.17867,0.21993,0.95,0.95
154,0.00888,0.65428,1.0,0.95,0.28989,0.2517,0.925,0.95,0.17777,0.22189,0.95,0.95
155,0.00825,0.65703,1.0,0.95,0.28822,0.25224,0.925,0.95,0.17733,0.22682,0.9625,0.95
156,0.00793,0.67779,1.0,0.95,0.28782,0.25266,0.925,0.95,0.17686,0.22764,0.9625,0.95
157,0.00747,0.68899,1.0,0.95,0.28853,0.2559,0.925,0.95,0.17687,0.22616,0.9625,0.95
158,0.00726,0.68776,1.0,0.95,0.28775,0.25442,0.925,0.95,0.17649,0.22739,0.9625,0.95
159,0.00695,0.66936,1.0,0.95,0.28701,0.24951,0.925,0.95,0.17553,0.22881,0.9625,0.95
160,0.00659,0.67917,1.0,0.95,0.28546,0.25203,0.925,0.95,0.17588,0.22535,0.95,0.95
161,0.00625,0.69791,1.0,0.95,0.28635,0.2507,0.925,0.95,0.17527,0.22495,0.95,0.95
162,0.00615,0.69602,1.0,0.95,0.28517,0.25056,0.925,0.95,0.175,0.22721,0.9625,0.95
163,0.00594,0.68465,1.0,0.95,0.28664,0.25049,0.925,0.95,0.17482,0.23492,0.9625,0.95
164,0.00574,0.69399,1.0,0.95,0.28391,0.24985,0.925,0.95,0.17487,0.23072,0.9625,0.95
165,0.00546,0.71337,1.0,0.95,0.28605,0.25008,0.925,0.95,0.17436,0.22389,0.9625,0.95
166,0.00539,0.70964,1.0,0.95,0.2832,0.25383,0.925,0.95,0.17479,0.22843,0.95,0.95
167,0.00502,0.70872,1.0,0.95,0.28475,0.24503,0.925,0.95,0.17304,0.23432,0.9625,0.95
168,0.0048,0.70784,1.0,0.95,0.2829,0.24918,0.925,0.95,0.17372,0.23185,0.9625,0.95
169,0.00463,0.7185,1.0,0.95,0.28445,0.25032,0.925,0.95,0.17333,0.22911,0.9625,0.95
170,0.00449,0.73035,1.0,0.95,0.28177,0.24654,0.925,0.95,0.17349,0.2318,0.9625,0.95
171,0.00437,0.71992,1.0,0.95,0.2835,0.24831,0.925,0.95,0.17217,0.23333,0.9625,0.95
172,0.0042,0.71672,1.0,0.95,0.28087,0.24758,0.925,0.95,0.17215,0.23026,0.9625,0.95
173,0.00406,0.7166,1.0,0.95,0.28164,0.2442,0.925,0.95,0.17192,0.2308,0.9625,0.95
174,0.00396,0.72655,1.0,0.95,0.28192,0.24572,0.925,0.95,0.17198,0.23573,0.9625,0.95
175,0.0038,0.73541,1.0,0.95,0.27909,0.2477,0.925,0.95,0.17085,0.23437,0.9625,0.95
176,0.00373,0.74352,1.0,0.95,0.28449,0.24354,0.925,0.95,0.17197,0.23105,0.9625,0.95
177,0.00355,0.73377,1.0,0.95,0.27818,0.24613,0.925,0.95,0.17037,0.23353,0.9625,0.95
178,0.00349,0.72149,1.0,0.95,0.2818,0.24049,0.925,0.95,0.171,0.23447,0.9625,0.95
179,0.0034,0.74355,1.0,0.95,0.27773,0.24479,0.925,0.95,0.16999,0.237,0.9625,0.95
180,0.00335,0.74771,1.0,0.95,0.27997,0.24292,0.925,0.95,0.17038,0.23193,0.9625,0.95
181,0.00328,0.73659,1.0,0.95,0.27842,0.24671,0.925,0.95,0.16979,0.23467,0.9625,0.95
182,0.00307,0.74356,1.0,0.95,0.27822,0.245,0.925,0.95,0.16958,0.2349,0.9625,0.95
183,0.00299,0.75608,1.0,0.95,0.27773,0.24146,0.925,0.95,0.16871,0.23376,0.9625,0.95
184,0.00295,0.75238,1.0,0.95,0.27802,0.24086,0.925,0.95,0.16872,0.23354,0.9625,0.95
185,0.00283,0.75033,1.0,0.95,0.27719,0.24277,0.925,0.95,0.1681,0.23689,0.9625,0.95
186,0.0027,0.7582,1.0,0.95,0.27606,0.24352,0.925,0.95,0.16789,0.2342,0.9625,0.95
187,0.00266,0.75783,1.0,0.95,0.27758,0.24401,0.925,0.95,0.16895,0.23579,0.9625,0.95
188,0.00261,0.75043,1.0,0.95,0.27537,0.24297,0.925,0.95,0.16756,0.2426,0.9625,0.95
189,0.00249,0.76049,1.0,0.95,0.27752,0.2398,0.925,0.95,0.1674,0.23908,0.9625,0.95
190,0.00242,0.75902,1.0,0.95,0.27473,0.2402,0.925,0.95,0.168,0.23681,0.9625,0.95
191,0.00239,0.75238,1.0,0.95,0.27541,0.24063,0.925,0.95,0.16592,0.23961,0.9625,0.95
192,0.00232,0.75645,1.0,0.95,0.27397,0.24428,0.925,0.95,0.16909,0.23537,0.9625,0.95
193,0.00223,0.77532,1.0,0.95,0.27599,0.23652,0.925,0.95,0.16661,0.24477,0.9625,0.95
194,0.00222,0.77021,1.0,0.95,0.27307,0.23992,0.925,0.95,0.16615,0.23968,0.9625,0.95
195,0.00219,0.76024,1.0,0.95,0.27712,0.23883,0.925,0.95,0.16659,0.23585,0.9625,0.95
196,0.0021,0.76476,1.0,0.95,0.27169,0.24822,0.9375,0.95,0.16515,0.24197,0.9625,0.95
197,0.00206,0.78042,1.0,0.95,0.28371,0.23304,0.925,0.95,0.16528,0.24272,0.9625,0.95
198,0.00207,0.77396,1.0,0.95,0.27173,0.24673,0.95,0.95,0.16626,0.23686,0.9625,0.95
199,0.00195,0.76703,1.0,0.95,0.28596,0.22757,0.925,0.95,0.16424,0.24141,0.9625,0.95
200,0.00193,0.77313,1.0,0.95,0.27312,0.26358,0.9375,0.95,0.16464,0.2414,0.9625,0.95
201,0.00187,0.7836,1.0,0.95,0.2982,0.22656,0.925,0.95,0.16472,0.24593,0.9625,0.95
202,0.00181,0.78542,1.0,0.95,0.28675,0.31787,0.925,0.85,0.16396,0.25034,0.9625,0.95
203,0.00178,0.77037,1.0,0.95,0.32005,0.22011,0.925,1.0,0.16456,0.24173,0.9625,0.95
204,0.00175,0.76919,1.0,0.95,0.30195,0.39533,0.9375,0.85,0.16378,0.24198,0.9625,0.95
205,0.00171,0.78496,1.0,0.95,0.33643,0.20996,0.9125,1.0,0.1637,0.24539,0.9625,0.95
206,0.00164,0.79504,1.0,0.95,0.31383,0.33389,0.9125,0.9,0.16306,0.24892,0.9625,0.95
207,0.00165,0.78695,1.0,0.95,0.3098,0.20316,0.9375,1.0,0.16342,0.24248,0.9625,0.95
208,0.0016,0.77634,1.0,0.95,0.29772,0.24718,0.9125,0.95,0.16245,0.24318,0.9625,0.95
209,0.00158,0.77593,1.0,0.95,0.27545,0.22489,0.9375,0.95,0.16163,0.24605,0.9625,0.95
210,0.00153,0.78241,1.0,0.95,0.27565,0.22313,0.9375,0.95,0.16305,0.24516,0.9625,0.95
211,0.00151,0.79371,1.0,0.95,0.26661,0.23623,0.95,0.95,0.16264,0.25344,0.9625,0.95
212,0.00146,0.79634,1.0,0.95,0.27233,0.22149,0.925,0.95,0.16241,0.24921,0.9625,0.95
213,0.00147,0.79111,1.0,0.95,0.27012,0.26359,0.9375,0.95,0.16215,0.24483,0.9625,0.95
214,0.00142,0.78811,1.0,0.95,0.27944,0.21553,0.925,0.95,0.1603,0.24901,0.9625,0.95
215,0.00138,0.791,1.0,0.95,0.27289,0.27789,0.9375,0.95,0.16176,0.25005,0.9625,0.95
216,0.00136,0.79271,1.0,0.95,0.28085,0.21764,0.925,0.95,0.16196,0.25449,0.9625,0.95
217,0.00131,0.79475,1.0,0.95,0.27821,0.29275,0.9125,0.95,0.16128,0.24848,0.9625,0.95
218,0.0013,0.79093,1.0,0.95,0.29178,0.20343,0.9375,1.0,0.16078,0.24532,0.9625,0.95
219,0.00128,0.79726,1.0,0.95,0.27997,0.28156,0.9375,0.95,0.15937,0.24819,0.9625,0.95
220,0.00127,0.80194,1.0,0.95,0.27691,0.21192,0.925,0.95,0.16018,0.2537,0.9625,0.95
221,0.00126,0.79837,1.0,0.95,0.27734,0.2527,0.9125,0.95,0.16039,0.25998,0.9625,0.95
222,0.00123,0.79499,1.0,0.95,0.27511,0.20915,0.9375,0.95,0.16058,0.25131,0.9625,0.95
223,0.0012,0.79927,1.0,0.95,0.27122,0.24638,0.9375,0.95,0.15971,0.24987,0.9625,0.95
224,0.00116,0.79854,1.0,0.95,0.2657,0.21606,0.925,0.95,0.15853,0.25398,0.9625,0.95
225,0.00116,0.79964,1.0,0.95,0.26771,0.23214,0.9375,0.95,0.15839,0.25646,0.9625,0.95
226,0.00114,0.80328,1.0,0.95,0.26557,0.22215,0.925,0.95,0.15975,0.25819,0.9625,0.95
227,0.00111,0.80914,1.0,0.95,0.26577,0.23675,0.9375,0.95,0.15904,0.25715,0.9625,0.95
228,0.00109,0.8064,1.0,0.95,0.26664,0.21953,0.925,0.95,0.15779,0.25024,0.9625,0.95
229,0.00107,0.80397,1.0,0.95,0.26429,0.24298,0.9375,0.95,0.15742,0.25267,0.9625,0.95
230,0.00107,0.80438,1.0,0.95,0.26612,0.22051,0.925,0.95,0.15664,0.26089,0.9625,0.95
231,0.00104,0.80293,1.0,0.95,0.26499,0.23854,0.9375,0.95,0.15832,0.2572,0.9625,0.95
232,0.00102,0.80904,1.0,0.95,0.26687,0.21603,0.925,0.95,0.15788,0.25964,0.9625,0.95
233,0.00101,0.8149,1.0,0.95,0.26504,0.25031,0.9375,0.95,0.15669,0.25643,0.9625,0.95
234,0.00099,0.81193,1.0,0.95,0.26947,0.20951,0.925,0.95,0.15694,0.25248,0.9625,0.95
235,0.00098,0.80758,1.0,0.95,0.2661,0.26158,0.9375,0.95,0.15586,0.26052,0.9625,0.95
236,0.00096,0.80926,1.0,0.95,0.27138,0.20888,0.925,0.95,0.15632,0.25666,0.9625,0.95
237,0.00095,0.80711,1.0,0.95,0.27054,0.26691,0.9125,0.95,0.15708,0.2585,0.9625,0.95
238,0.00093,0.80686,1.0,0.95,0.27638,0.2081,0.9375,0.95,0.15532,0.26269,0.9625,0.95
239,0.00092,0.8157,1.0,0.95,0.27148,0.27676,0.925,0.95,0.15521,0.25455,0.9625,0.95
240,0.00091,0.82176,1.0,0.95,0.27347,0.20259,0.9375,0.95,0.15662,0.25673,0.9625,0.95
241,0.00089,0.81773,1.0,0.95,0.27044,0.24878,0.9375,0.95,0.15414,0.26337,0.9625,0.95
242,0.00088,0.81141,1.0,0.95,0.26711,0.20766,0.9375,0.95,0.15456,0.2571,0.9625,0.95
243,0.00086,0.81433,1.0,0.95,0.26725,0.24778,0.925,0.95,0.15647,0.26308,0.9625,0.95
244,0.00085,0.81599,1.0,0.95,0.26681,0.21017,0.925,0.95,0.15491,0.27583,0.9625,0.95
245,0.00084,0.81591,1.0,0.95,0.26515,0.25088,0.9375,0.95,0.15596,0.26302,0.9625,0.95
246,0.00082,0.82032,1.0,0.95,0.2656,0.20765,0.925,0.95,0.15545,0.25559,0.9625,0.95
247,0.00082,0.82326,1.0,0.95,0.26406,0.2429,0.9375,0.95,0.1535,0.26293,0.9625,0.95
248,0.0008,0.82537,1.0,0.95,0.26404,0.21022,0.925,0.95,0.1529,0.26392,0.9625,0.95
249,0.00079,0.82327,1.0,0.95,0.26393,0.24755,0.9375,0.95,0.15446,0.26522,0.9625,0.95
250,0.00078,0.81971,1.0,0.95,0.26557,0.20774,0.925,0.95,0.15424,0.27179,0.9625,0.95
251,0.00077,0.8173,1.0,0.95,0.26328,0.24869,0.9375,0.95,0.15435,0.26628,0.9625,0.95
252,0.00075,0.8224,1.0,0.95,0.26432,0.20793,0.925,0.95,0.15394,0.25972,0.9625,0.95
253,0.00074,0.82803,1.0,0.95,0.26342,0.24769,0.9375,0.95,0.15282,0.264,0.9625,0.95
254,0.00074,0.82828,1.0,0.95,0.26449,0.20805,0.925,0.95,0.15174,0.26637,0.9625,0.95
255,0.00073,0.82872,1.0,0.95,0.26318,0.24907,0.9375,0.95,0.15372,0.26452,0.9625,0.95
256,0.00071,0.8286,1.0,0.95,0.26564,0.2042,0.925,0.95,0.15241,0.27245,0.9625,0.95
257,0.0007,0.82773,1.0,0.95,0.26318,0.25538,0.9375,0.95,0.15235,0.2679,0.9625,0.95
258,0.00071,0.82313,1.0,0.95,0.26436,0.20619,0.925,0.95,0.15255,0.26139,0.9625,0.95
259,0.00069,0.82619,1.0,0.95,0.26303,0.24847,0.9375,0.95,0.152,0.26926,0.9625,0.95
260,0.00068,0.835,1.0,0.95,0.26518,0.2043,0.9375,0.95,0.15194,0.27888,0.9625,0.95
261,0.00067,0.83954,1.0,0.95,0.2629,0.24961,0.9375,0.95,0.15276,0.2679,0.9625,0.95
262,0.00066,0.83633,1.0,0.95,0.26317,0.20702,0.925,0.95,0.15201,0.26216,0.9625,0.95
263,0.00066,0.82651,1.0,0.95,0.262,0.25353,0.9375,0.95,0.15042,0.27214,0.9625,0.95
264,0.00065,0.82717,1.0,0.95,0.26393,0.20053,0.925,0.95,0.15078,0.27151,0.9625,0.95
265,0.00064,0.83609,1.0,0.95,0.26211,0.24346,0.9375,0.95,0.15142,0.27244,0.9625,0.95
266,0.00063,0.84263,1.0,0.95,0.26034,0.2096,0.925,0.95,0.15124,0.27153,0.9625,0.95
267,0.00063,0.83762,1.0,0.95,0.26177,0.24599,0.9375,0.95,0.15059,0.27188,0.9625,0.95
268,0.00061,0.83509,1.0,0.95,0.26477,0.20306,0.925,0.95,0.14999,0.27137,0.9625,0.95
269,0.00061,0.83597,1.0,0.95,0.26029,0.24972,0.9375,0.95,0.14992,0.26966,0.9625,0.95
270,0.00061,0.83748,1.0,0.95,0.25941,0.20425,0.925,0.95,0.14898,0.26817,0.9625,0.95
271,0.00059,0.83946,1.0,0.95,0.26018,0.23685,0.9375,0.95,0.15038,0.26721,0.9625,0.95
272,0.00059,0.83866,1.0,0.95,0.26019,0.20859,0.925,0.95,0.14978,0.28,0.9625,0.95
273,0.00058,0.8405,1.0,0.95,0.25837,0.24335,0.9375,0.95,0.15071,0.27127,0.9625,0.95
274,0.00057,0.83961,1.0,0.95,0.26037,0.20357,0.925,0.95,0.1496,0.26581,0.9625,0.95
275,0.00057,0.84202,1.0,0.95,0.25853,0.24331,0.9375,0.95,0.14809,0.27056,0.9625,0.95
276,0.00055,0.84488,1.0,0.95,0.25963,0.2064,0.925,0.95,0.15061,0.26971,0.9625,0.95
277,0.00055,0.84571,1.0,0.95,0.25839,0.24432,0.9375,0.95,0.14887,0.27814,0.9625,0.95
278,0.00054,0.84372,1.0,0.95,0.26165,0.2037,0.925,0.95,0.14861,0.27238,0.9625,0.95
279,0.00054,0.84259,1.0,0.95,0.25835,0.24783,0.9375,0.95,0.14855,0.26987,0.9625,0.95
280,0.00053,0.8457,1.0,0.95,0.25977,0.20197,0.925,0.95,0.14768,0.27637,0.9625,0.95
281,0.00052,0.84696,1.0,0.95,0.2591,0.244,0.9375,0.95,0.14962,0.27527,0.9625,0.95
282,0.00052,0.84668,1.0,0.95,0.26011,0.20331,0.925,0.95,0.14849,0.2793,0.9625,0.95
283,0.00052,0.84629,1.0,0.95,0.25818,0.2432,0.9375,0.95,0.14824,0.27436,0.9625,0.95
284,0.00051,0.84764,1.0,0.95,0.26016,0.20042,0.925,0.95,0.14823,0.27881,0.9625,0.95
285,0.00051,0.84728,1.0,0.95,0.25778,0.24891,0.9375,0.95,0.1476,0.27721,0.9625,0.95
286,0.0005,0.84758,1.0,0.95,0.25897,0.20256,0.925,0.95,0.14779,0.27133,0.9625,0.95
287,0.00049,0.85021,1.0,0.95,0.25807,0.23968,0.9375,0.95,0.14702,0.28028,0.9625,0.95
288,0.00049,0.85121,1.0,0.95,0.25922,0.20169,0.925,0.95,0.14703,0.27742,0.9625,0.95
289,0.00048,0.85304,1.0,0.95,0.25694,0.24457,0.9375,0.95,0.14721,0.26982,0.9625,0.95
290,0.00048,0.85405,1.0,0.95,0.25771,0.19895,0.925,0.95,0.14742,0.27523,0.9625,0.95
291,0.00047,0.85063,1.0,0.95,0.2572,0.23913,0.9375,0.95,0.14658,0.2858,0.9625,0.95
292,0.00047,0.85079,1.0,0.95,0.25649,0.20529,0.925,0.95,0.14713,0.27782,0.9625,0.95
293,0.00046,0.85379,1.0,0.95,0.25712,0.24115,0.9375,0.95,0.14731,0.27497,0.9625,0.95
294,0.00046,0.85596,1.0,0.95,0.25905,0.19942,0.925,0.95,0.14576,0.28466,0.9625,0.95
295,0.00046,0.8517,1.0,0.95,0.25573,0.24259,0.9375,0.95,0.14589,0.27926,0.9625,0.95
296,0.00045,0.85297,1.0,0.95,0.25602,0.19977,0.925,0.95,0.1468,0.2764,0.9625,0.95
297,0.00045,0.85774,1.0,0.95,0.25572,0.2384,0.9375,0.95,0.14609,0.28863,0.9625,0.95
298,0.00044,0.86037,1.0,0.95,0.25668,0.20274,0.925,0.95,0.1463,0.28022,0.9625,0.95
299,0.00044,0.85635,1.0,0.95,0.25608,0.24119,0.9375,0.95,0.14624,0.27456,0.9625,0.95
300,0.00043,0.85408,1.0,0.95,0.25701,0.2002,0.925,0.95,0.14472,0.287,0.9625,0.95
301,0.00043,0.85569,1.0,0.95,0.25506,0.23955,0.9375,0.95,0.14541,0.27987,0.9625,0.95
302,0.00042,0.85988,1.0,0.95,0.25571,0.19784,0.925,0.95,0.1474,0.27532,0.9625,0.95
303,0.00042,0.86186,1.0,0.95,0.25419,0.23854,0.9375,0.95,0.14547,0.29026,0.9625,0.95
304,0.00042,0.85713,1.0,0.95,0.2555,0.20299,0.925,0.95,0.14572,0.28188,0.9625,0.95
305,0.00041,0.85689,1.0,0.95,0.25515,0.24509,0.9375,0.95,0.14556,0.27648,0.9625,0.95
306,0.00041,0.86002,1.0,0.95,0.25803,0.19844,0.925,0.95,0.14448,0.28614,0.9625,0.95
307,0.0004,0.863,1.0,0.95,0.2546,0.24137,0.9375,0.95,0.14473,0.28498,0.9625,0.95
308,0.0004,0.86148,1.0,0.95,0.25565,0.19894,0.925,0.95,0.14545,0.28445,0.9625,0.95
309,0.0004,0.86012,1.0,0.95,0.25434,0.24251,0.9375,0.95,0.14411,0.27915,0.9625,0.95
310,0.00039,0.86347,1.0,0.95,0.25668,0.1982,0.925,0.95,0.14347,0.27651,0.9625,0.95
311,0.00039,0.86653,1.0,0.95,0.25447,0.24161,0.9375,0.95,0.14507,0.28441,0.9625,0.95
312,0.00039,0.8655,1.0,0.95,0.25495,0.19845,0.925,0.95,0.14281,0.29351,0.9625,0.95
313,0.00038,0.86317,1.0,0.95,0.25409,0.23855,0.9375,0.95,0.14403,0.28357,0.9625,0.95
314,0.00038,0.86158,1.0,0.95,0.25548,0.19542,0.925,0.95,0.14405,0.27795,0.9625,0.95
315,0.00037,0.8645,1.0,0.95,0.25421,0.24,0.9375,0.95,0.14247,0.29113,0.9625,0.95
316,0.00037,0.86541,1.0,0.95,0.25302,0.20217,0.925,0.95,0.14558,0.28359,0.9625,0.95
317,0.00037,0.86617,1.0,0.95,0.25281,0.23454,0.9375,0.95,0.14338,0.28461,0.9625,0.95
318,0.00036,0.86738,1.0,0.95,0.25387,0.19789,0.925,0.95,0.14218,0.28709,0.9625,0.95
319,0.00036,0.86869,1.0,0.95,0.25139,0.23476,0.9375,0.95,0.14397,0.28055,0.9625,0.95
320,0.00036,0.86847,1.0,0.95,0.2522,0.19736,0.925,0.95,0.14263,0.29079,0.9625,0.95
321,0.00035,0.86596,1.0,0.95,0.25201,0.23857,0.9375,0.95,0.14289,0.28849,0.9625,0.95
322,0.00035,0.86763,1.0,0.95,0.25393,0.2038,0.925,0.95,0.14309,0.28501,0.9625,0.95
323,0.00035,0.86988,1.0,0.95,0.25193,0.2379,0.9375,0.95,0.1419,0.28756,0.9625,0.95
324,0.00034,0.87069,1.0,0.95,0.25314,0.19417,0.925,0.95,0.14139,0.28538,0.9625,0.95
325,0.00034,0.86931,1.0,0.95,0.25099,0.233,0.9375,0.95,0.14334,0.28302,0.9625,0.95
326,0.00034,0.86855,1.0,0.95,0.25051,0.19989,0.925,0.95,0.14232,0.29664,0.9625,0.95
327,0.00033,0.87194,1.0,0.95,0.251,0.23359,0.9375,0.95,0.14199,0.29298,0.9625,0.95
328,0.00033,0.87457,1.0,0.95,0.25361,0.20067,0.925,0.95,0.14232,0.2797,0.9625,0.95
329,0.00033,0.87433,1.0,0.95,0.25041,0.24313,0.9375,0.95,0.14101,0.28565,0.9625,0.95
330,0.00033,0.87265,1.0,0.95,0.25225,0.19514,0.925,0.95,0.14135,0.29224,0.9625,0.95
331,0.00032,0.86984,1.0,0.95,0.25105,0.23017,0.9375,0.95,0.14235,0.29143,0.9625,0.95
332,0.00032,0.87155,1.0,0.95,0.25124,0.19978,0.925,0.95,0.14221,0.29533,0.9625,0.95
333,0.00032,0.87508,1.0,0.95,0.24979,0.24021,0.9375,0.95,0.14117,0.29024,0.9625,0.95
334,0.00032,0.87479,1.0,0.95,0.25424,0.19376,0.925,0.95,0.14226,0.28384,0.9625,0.95
335,0.00031,0.87507,1.0,0.95,0.25071,0.24141,0.9375,0.95,0.14038,0.29635,0.9625,0.95
336,0.00031,0.87697,1.0,0.95,0.25097,0.19556,0.925,0.95,0.14058,0.29031,0.9625,0.95
337,0.00031,0.8752,1.0,0.95,0.2515,0.231,0.9375,0.95,0.14208,0.28529,0.9625,0.95
338,0.0003,0.87505,1.0,0.95,0.25353,0.19329,0.925,0.95,0.14032,0.2927,0.9625,0.95
339,0.0003,0.87627,1.0,0.95,0.25043,0.24132,0.9375,0.95,0.13965,0.28936,0.9625,0.95
340,0.0003,0.87746,1.0,0.95,0.2512,0.19664,0.925,0.95,0.14027,0.28724,0.9625,0.95
341,0.0003,0.87901,1.0,0.95,0.24975,0.23365,0.9375,0.95,0.13953,0.29406,0.9625,0.95
342,0.0003,0.87776,1.0,0.95,0.25196,0.19407,0.925,0.95,0.14005,0.2928,0.9625,0.95
343,0.00029,0.87671,1.0,0.95,0.24847,0.23548,0.9375,0.95,0.14099,0.29405,0.9625,0.95
344,0.00029,0.8785,1.0,0.95,0.24909,0.1983,0.925,0.95,0.13994,0.28869,0.9625,0.95
345,0.00029,0.88119,1.0,0.95,0.24897,0.23473,0.9375,0.95,0.1399,0.28609,0.9625,0.95
346,0.00029,0.88291,1.0,0.95,0.25205,0.19487,0.925,0.95,0.13863,0.29242,0.9625,0.95
347,0.00028,0.88274,1.0,0.95,0.24914,0.23465,0.9375,0.95,0.13832,0.29085,0.9625,0.95
348,0.00028,0.87928,1.0,0.95,0.24968,0.19461,0.925,0.95,0.14042,0.29535,0.9625,0.95
349,0.00028,0.87908,1.0,0.95,0.24876,0.2344,0.9375,0.95,0.14003,0.30517,0.9625,0.95
350,0.00027,0.88145,1.0,0.95,0.25095,0.19433,0.925,0.95,0.13961,0.29476,0.9625,0.95
351,0.00028,0.88307,1.0,0.95,0.24845,0.23221,0.9375,0.95,0.13944,0.28872,0.9625,0.95
352,0.00027,0.88222,1.0,0.95,0.2495,0.19388,0.925,0.95,0.13765,0.29403,0.9625,0.95
353,0.00027,0.88179,1.0,0.95,0.24782,0.23511,0.9375,0.95,0.13783,0.29428,0.9625,0.95
354,0.00027,0.88379,1.0,0.95,0.24964,0.19395,0.925,0.95,0.1382,0.29321,0.9625,0.95
355,0.00027,0.88571,1.0,0.95,0.24751,0.23278,0.9375,0.95,0.13765,0.29355,0.9625,0.95
356,0.00026,0.88674,1.0,0.95,0.24865,0.194,0.925,0.95,0.14057,0.2905,0.9625,0.95
357,0.00026,0.88628,1.0,0.95,0.24742,0.23078,0.9375,0.95,0.13787,0.30142,0.9625,0.95
358,0.00026,0.88274,1.0,0.95,0.2502,0.19583,0.925,0.95,0.13762,0.29548,0.9625,0.95
359,0.00026,0.88317,1.0,0.95,0.2472,0.24085,0.9375,0.95,0.14016,0.29233,0.9625,0.95
360,0.00026,0.88702,1.0,0.95,0.25143,0.19111,0.925,0.95,0.13776,0.30385,0.9625,0.95
361,0.00025,0.8888,1.0,0.95,0.2472,0.23522,0.9375,0.95,0.13768,0.29191,0.9625,0.95
362,0.00025,0.88929,1.0,0.95,0.24869,0.19341,0.925,0.95,0.13912,0.28724,0.9625,0.95
363,0.00025,0.88856,1.0,0.95,0.24715,0.23409,0.9375,0.95,0.13775,0.30455,0.9625,0.95
364,0.00025,0.88652,1.0,0.95,0.25034,0.19153,0.925,0.95,0.13757,0.30814,0.9625,0.95
365,0.00025,0.88748,1.0,0.95,0.24721,0.23677,0.9375,0.95,0.13843,0.29493,0.9625,0.95
366,0.00024,0.88998,1.0,0.95,0.24849,0.1907,0.925,0.95,0.13778,0.29381,0.9625,0.95
367,0.00024,0.89126,1.0,0.95,0.24776,0.23302,0.9375,0.95,0.13751,0.3014,0.9625,0.95
368,0.00024,0.88968,1.0,0.95,0.24981,0.19434,0.925,0.95,0.13611,0.30432,0.9625,0.95
369,0.00024,0.88949,1.0,0.95,0.24753,0.24242,0.9375,0.95,0.13714,0.29642,0.9625,0.95
370,0.00024,0.88927,1.0,0.95,0.24937,0.19001,0.925,0.95,0.13675,0.29454,0.9625,0.95
371,0.00024,0.89111,1.0,0.95,0.24734,0.22959,0.9375,0.95,0.13621,0.30161,0.9625,0.95
372,0.00023,0.89285,1.0,0.95,0.24626,0.19433,0.925,0.95,0.13707,0.30232,0.9625,0.95
373,0.00023,0.89395,1.0,0.95,0.24537,0.23043,0.9375,0.95,0.13714,0.30629,0.9625,0.95
374,0.00023,0.89428,1.0,0.95,0.24734,0.19259,0.925,0.95,0.13672,0.30354,0.9625,0.95
375,0.00023,0.89144,1.0,0.95,0.24516,0.22988,0.9375,0.95,0.13593,0.29926,0.9625,0.95
376,0.00023,0.89193,1.0,0.95,0.24597,0.19267,0.925,0.95,0.13695,0.30159,0.9625,0.95
377,0.00022,0.89485,1.0,0.95,0.24485,0.2256,0.9375,0.95,0.13495,0.30775,0.9625,0.95
378,0.00022,0.89564,1.0,0.95,0.24685,0.19454,0.925,0.95,0.1361,0.30103,0.9625,0.95
379,0.00022,0.89544,1.0,0.95,0.24423,0.2371,0.9375,0.95,0.1357,0.29559,0.9625,0.95
380,0.00022,0.89564,1.0,0.95,0.24637,0.19421,0.925,0.95,0.13495,0.30149,0.9625,0.95
381,0.00022,0.89399,1.0,0.95,0.24432,0.22433,0.9375,0.95,0.13603,0.30608,0.9625,0.95
382,0.00022,0.89543,1.0,0.95,0.24603,0.19081,0.925,0.95,0.13589,0.30941,0.9625,0.95
383,0.00022,0.89779,1.0,0.95,0.24408,0.23218,0.9375,0.95,0.13562,0.30349,0.9625,0.95
384,0.00021,0.89916,1.0,0.95,0.24658,0.19357,0.925,0.95,0.13574,0.30115,0.9625,0.95
385,0.00021,0.89738,1.0,0.95,0.24411,0.23418,0.9375,0.95,0.13491,0.31484,0.9625,0.95
386,0.00021,0.89668,1.0,0.95,0.24741,0.1876,0.925,0.95,0.13535,0.30415,0.9625,0.95
387,0.00021,0.89673,1.0,0.95,0.24483,0.23174,0.9375,0.95,0.13516,0.29401,0.9625,0.95
388,0.00021,0.89861,1.0,0.95,0.24626,0.19196,0.925,0.95,0.1342,0.30839,0.9625,0.95
389,0.00021,0.90064,1.0,0.95,0.24491,0.23718,0.9375,0.95,0.134,0.30647,0.9625,0.95
390,0.00021,0.90202,1.0,0.95,0.2496,0.18976,0.925,0.95,0.13488,0.30097,0.9625,0.95
391,0.00021,0.89957,1.0,0.95,0.2448,0.23939,0.9375,0.95,0.13452,0.30765,0.9625,0.95
392,0.0002,0.89859,1.0,0.95,0.24655,0.18728,0.925,0.95,0.13369,0.30673,0.9625,0.95
393,0.0002,0.89974,1.0,0.95,0.24454,0.23007,0.9375,0.95,0.13599,0.30334,0.9625,0.95
394,0.0002,0.90017,1.0,0.95,0.24543,0.19354,0.925,0.95,0.13412,0.31483,0.9625,0.95
395,0.0002,0.90198,1.0,0.95,0.24381,0.23408,0.9375,0.95,0.134,0.30765,0.9625,0.95
396,0.0002,0.9033,1.0,0.95,0.24722,0.1901,0.925,0.95,0.13401,0.30126,0.9625,0.95
397,0.0002,0.90429,1.0,0.95,0.24405,0.23682,0.9375,0.95,0.13472,0.30946,0.9625,0.95
398,0.0002,0.90207,1.0,0.95,0.2465,0.18911,0.925,0.95,0.13277,0.31809,0.9625,0.95
399,0.00019,0.90201,1.0,0.95,0.24432,0.23366,0.9375,0.95,0.13386,0.30644,0.9625,0.95
400,0.00019,0.90424,1.0,0.95,0.24485,0.19033,0.925,0.95,0.1336,0.30681,0.9625,0.95
401,0.00019,0.90611,1.0,0.95,0.24316,0.2271,0.9375,0.95,0.13402,0.31073,0.9625,0.95
402,0.00019,0.90462,1.0,0.95,0.24462,0.1879,0.925,0.95,0.13274,0.311,0.9625,0.95
403,0.00019,0.90438,1.0,0.95,0.24289,0.2335,0.9375,0.95,0.13275,0.30037,0.9625,0.95
404,0.00019,0.90522,1.0,0.95,0.24387,0.19269,0.925,0.95,0.13589,0.30599,0.9625,0.95
405,0.00019,0.90462,1.0,0.95,0.24284,0.22667,0.9375,0.95,0.13286,0.32166,0.9625,0.95
406,0.00018,0.90638,1.0,0.95,0.24306,0.18776,0.925,0.95,0.13297,0.30693,0.9625,0.95
407,0.00018,0.90784,1.0,0.95,0.24192,0.2223,0.9375,0.95,0.13318,0.30296,0.9625,0.95
408,0.00018,0.90823,1.0,0.95,0.24155,0.19505,0.925,0.95,0.13337,0.31635,0.9625,0.95
409,0.00018,0.90646,1.0,0.95,0.24138,0.22897,0.9375,0.95,0.13126,0.31771,0.9625,0.95
410,0.00018,0.90749,1.0,0.95,0.24542,0.19094,0.925,0.95,0.13206,0.30301,0.9625,0.95
411,0.00018,0.90913,1.0,0.95,0.2417,0.22915,0.9375,0.95,0.13558,0.31088,0.9625,0.95
412,0.00018,0.91027,1.0,0.95,0.24237,0.18941,0.925,0.95,0.13288,0.33137,0.9875,0.95
413,0.00018,0.90906,1.0,0.95,0.24118,0.22802,0.9375,0.95,0.1329,0.30858,0.9625,0.95
414,0.00018,0.90753,1.0,0.95,0.24351,0.19286,0.925,0.95,0.13603,0.29715,0.9625,0.95
415,0.00017,0.909,1.0,0.95,0.24127,0.22999,0.9375,0.95,0.13339,0.32473,0.9875,0.95
416,0.00017,0.91166,1.0,0.95,0.24238,0.18652,0.925,0.95,0.13192,0.31308,0.9625,0.95
417,0.00017,0.91304,1.0,0.95,0.24117,0.22373,0.9375,0.95,0.13437,0.29774,0.9625,0.95
418,0.00017,0.91272,1.0,0.95,0.24238,0.19314,0.925,0.95,0.13373,0.32916,0.975,0.95
419,0.00017,0.91002,1.0,0.95,0.2404,0.23113,0.9375,0.95,0.13179,0.32003,0.9625,0.95
420,0.00017,0.90888,1.0,0.95,0.24377,0.18999,0.925,0.95,0.13383,0.29447,0.9625,0.95
421,0.00017,0.91156,1.0,0.95,0.24049,0.22705,0.9375,0.95,0.13214,0.31569,0.975,0.95
422,0.00017,0.91516,1.0,0.95,0.24253,0.18604,0.925,0.95,0.13072,0.31955,0.9625,0.95
423,0.00017,0.91698,1.0,0.95,0.24036,0.22766,0.9375,0.95,0.13223,0.30447,0.9625,0.95
424,0.00016,0.91646,1.0,0.95,0.24228,0.19323,0.925,0.95,0.13133,0.31377,0.9625,0.95
425,0.00016,0.91317,1.0,0.95,0.24013,0.22891,0.9375,0.95,0.13122,0.31822,0.9625,0.95
426,0.00016,0.91271,1.0,0.95,0.24249,0.18505,0.925,0.95,0.13112,0.32013,0.9625,0.95
427,0.00016,0.91384,1.0,0.95,0.24055,0.22631,0.9375,0.95,0.1308,0.31836,0.9625,0.95
428,0.00016,0.91417,1.0,0.95,0.24187,0.19091,0.925,0.95,0.13107,0.30991,0.9625,0.95
429,0.00016,0.91566,1.0,0.95,0.24126,0.23512,0.9375,0.95,0.13084,0.31806,0.9625,0.95
430,0.00016,0.91763,1.0,0.95,0.24518,0.1862,0.925,0.95,0.13034,0.31749,0.9625,0.95
431,0.00016,0.9167,1.0,0.95,0.2411,0.22882,0.9375,0.95,0.13103,0.30819,0.9625,0.95
432,0.00016,0.91631,1.0,0.95,0.24008,0.18797,0.925,0.95,0.12924,0.31132,0.9625,0.95
433,0.00016,0.91718,1.0,0.95,0.24047,0.2232,0.9375,0.95,0.13199,0.31181,0.9625,0.95
434,0.00016,0.91822,1.0,0.95,0.24258,0.18981,0.925,0.95,0.13078,0.32308,0.9625,0.95
435,0.00016,0.91712,1.0,0.95,0.23948,0.2326,0.9375,0.95,0.12989,0.31864,0.9625,0.95
436,0.00015,0.91668,1.0,0.95,0.24015,0.18599,0.925,0.95,0.13157,0.31106,0.9625,0.95
437,0.00015,0.91871,1.0,0.95,0.23977,0.21848,0.9375,0.95,0.12977,0.32374,0.9625,0.95
438,0.00015,0.92033,1.0,0.95,0.24098,0.19256,0.925,0.95,0.12905,0.31478,0.9625,0.95
439,0.00015,0.92126,1.0,0.95,0.23898,0.23278,0.9375,0.95,0.1293,0.30903,0.9625,0.95
440,0.00015,0.92121,1.0,0.95,0.2438,0.18798,0.925,0.95,0.12997,0.31763,0.9625,0.95
441,0.00015,0.9191,1.0,0.95,0.23892,0.22751,0.9375,0.95,0.12902,0.32404,0.9625,0.95
442,0.00015,0.91999,1.0,0.95,0.23902,0.18804,0.925,0.95,0.12967,0.3149,0.9625,0.95
443,0.00015,0.92222,1.0,0.95,0.23877,0.2211,0.9375,0.95,0.13083,0.31161,0.9625,0.95
444,0.00015,0.92179,1.0,0.95,0.24063,0.19064,0.925,0.95,0.12961,0.33025,0.9625,0.95
445,0.00015,0.92191,1.0,0.95,0.23918,0.23089,0.9375,0.95,0.12943,0.31762,0.9625,0.95
446,0.00014,0.92258,1.0,0.95,0.24042,0.18439,0.925,0.95,0.13149,0.3008,0.9625,0.95
447,0.00014,0.92337,1.0,0.95,0.23874,0.22112,0.9375,0.95,0.12994,0.32684,0.975,0.95
448,0.00014,0.92324,1.0,0.95,0.23878,0.19083,0.925,0.95,0.12915,0.32089,0.9625,0.95
449,0.00014,0.92412,1.0,0.95,0.23787,0.22507,0.9375,0.95,0.12987,0.30372,0.9625,0.95
450,0.00014,0.92494,1.0,0.95,0.24115,0.18804,0.925,0.95,0.12831,0.31573,0.9625,0.95
451,0.00014,0.9236,1.0,0.95,0.23741,0.22656,0.9375,0.95,0.12958,0.32031,0.9625,0.95
452,0.00014,0.92429,1.0,0.95,0.23921,0.18951,0.925,0.95,0.12961,0.32488,0.9625,0.95
453,0.00014,0.9256,1.0,0.95,0.23697,0.22382,0.9375,0.95,0.1294,0.32446,0.9625,0.95
454,0.00014,0.92621,1.0,0.95,0.24098,0.18945,0.925,0.95,0.12836,0.31535,0.9625,0.95
455,0.00014,0.92573,1.0,0.95,0.2371,0.2284,0.9375,0.95,0.13134,0.31152,0.9625,0.95
456,0.00014,0.92517,1.0,0.95,0.23948,0.18327,0.925,0.95,0.12903,0.33345,0.9875,0.95
457,0.00014,0.92626,1.0,0.95,0.23753,0.2233,0.9375,0.95,0.12935,0.32357,0.9625,0.95
458,0.00014,0.92837,1.0,0.95,0.23942,0.19126,0.925,0.95,0.1293,0.30484,0.9625,0.95
459,0.00013,0.92954,1.0,0.95,0.23729,0.23208,0.9375,0.95,0.13123,0.31729,0.9625,0.95
460,0.00013,0.92969,1.0,0.95,0.24276,0.18467,0.925,0.95,0.12721,0.33501,0.9875,0.95
461,0.00013,0.92779,1.0,0.95,0.23718,0.22877,0.9375,0.95,0.12833,0.31286,0.9625,0.95
462,0.00013,0.92767,1.0,0.95,0.23887,0.18414,0.925,0.95,0.13166,0.31215,0.9625,0.95
463,0.00013,0.9292,1.0,0.95,0.23721,0.2287,0.9375,0.95,0.12959,0.33948,0.9875,0.95
464,0.00013,0.92907,1.0,0.95,0.24233,0.18896,0.925,0.95,0.12795,0.32096,0.9625,0.95
465,0.00013,0.9296,1.0,0.95,0.23835,0.23699,0.9375,0.95,0.12821,0.30103,0.9625,0.95
466,0.00013,0.93045,1.0,0.95,0.24112,0.1801,0.925,0.95,0.12923,0.32253,0.975,0.95
467,0.00013,0.93176,1.0,0.95,0.23853,0.22189,0.9375,0.95,0.12671,0.33901,0.9625,0.95
468,0.00013,0.93095,1.0,0.95,0.2374,0.18868,0.925,0.95,0.12829,0.31123,0.9625,0.95
469,0.00013,0.92945,1.0,0.95,0.23688,0.22473,0.9375,0.95,0.13046,0.31165,0.9625,0.95
470,0.00013,0.93086,1.0,0.95,0.24119,0.18653,0.925,0.95,0.12786,0.34039,0.9875,0.95
471,0.00013,0.93339,1.0,0.95,0.23658,0.22854,0.9375,0.95,0.12912,0.31823,0.9625,0.95
472,0.00013,0.93471,1.0,0.95,0.23807,0.18444,0.925,0.95,0.12881,0.31612,0.9625,0.95
473,0.00012,0.93432,1.0,0.95,0.23697,0.22139,0.9375,0.95,0.12677,0.33195,0.9625,0.95
474,0.00012,0.93409,1.0,0.95,0.23855,0.18825,0.925,0.95,0.12706,0.31819,0.9625,0.95
475,0.00012,0.93243,1.0,0.95,0.23541,0.22881,0.9375,0.95,0.12725,0.32143,0.9625,0.95
476,0.00012,0.93154,1.0,0.95,0.23856,0.18268,0.925,0.95,0.12652,0.32297,0.9625,0.95
477,0.00012,0.93316,1.0,0.95,0.2365,0.22094,0.9375,0.95,0.12673,0.31669,0.9625,0.95
478,0.00012,0.93563,1.0,0.95,0.2374,0.18778,0.925,0.95,0.12566,0.31677,0.9625,0.95
479,0.00012,0.93715,1.0,0.95,0.2358,0.22647,0.9375,0.95,0.12685,0.32244,0.9625,0.95
480,0.00012,0.93613,1.0,0.95,0.23898,0.18476,0.925,0.95,0.12709,0.33301,0.9625,0.95
481,0.00012,0.93531,1.0,0.95,0.23616,0.2248,0.9375,0.95,0.12741,0.32468,0.9625,0.95
482,0.00012,0.93574,1.0,0.95,0.2372,0.18521,0.925,0.95,0.12769,0.31411,0.9625,0.95
483,0.00012,0.9371,1.0,0.95,0.23536,0.21837,0.9375,0.95,0.12658,0.3281,0.9625,0.95
484,0.00012,0.93673,1.0,0.95,0.23736,0.18783,0.925,0.95,0.12524,0.32122,0.9625,0.95
485,0.00012,0.9358,1.0,0.95,0.23455,0.22739,0.9375,0.95,0.12883,0.31154,0.9625,0.95
486,0.00012,0.93696,1.0,0.95,0.23786,0.18635,0.925,0.95,0.12697,0.33402,0.9875,0.95
487,0.00012,0.9389,1.0,0.95,0.23469,0.22196,0.9375,0.95,0.12596,0.32873,0.9625,0.95
488,0.00011,0.93987,1.0,0.95,0.2375,0.18603,0.925,0.95,0.12633,0.3114,0.9625,0.95
489,0.00011,0.94034,1.0,0.95,0.2341,0.22465,0.9375,0.95,0.12683,0.3207,0.9625,0.95
490,0.00011,0.93955,1.0,0.95,0.23776,0.18118,0.925,0.95,0.12514,0.34057,0.9625,0.95
491,0.00011,0.93897,1.0,0.95,0.23486,0.22624,0.9375,0.95,0.12638,0.32469,0.9625,0.95
492,0.00011,0.93935,1.0,0.95,0.23694,0.18751,0.925,0.95,0.12599,0.31602,0.9625,0.95
493,0.00011,0.94066,1.0,0.95,0.23541,0.22533,0.9375,0.95,0.12714,0.3265,0.9625,0.95
494,0.00011,0.94232,1.0,0.95,0.23951,0.18537,0.925,0.95,0.12522,0.33956,0.9625,0.95
495,0.00011,0.94289,1.0,0.95,0.2347,0.2266,0.9375,0.95,0.12573,0.32187,0.9625,0.95
496,0.00011,0.94112,1.0,0.95,0.2355,0.18147,0.925,0.95,0.13023,0.31376,0.9625,0.95
497,0.00011,0.93999,1.0,0.95,0.23449,0.21745,0.9375,0.95,0.12739,0.34549,0.9875,0.95
498,0.00011,0.94152,1.0,0.95,0.23634,0.18433,0.925,0.95,0.12491,0.32886,0.9625,0.95
499,0.00011,0.9432,1.0,0.95,0.23398,0.22399,0.9375,0.95,0.13072,0.3043,0.9625,0.95
500,0.00011,0.9445,1.0,0.95,0.23741,0.18421,0.925,0.95,0.12879,0.33963,0.9875,0.95
501,0.00011,0.94508,1.0,0.95,0.23411,0.22985,0.9375,0.95,0.12468,0.33937,0.9625,0.95
502,0.00011,0.94276,1.0,0.95,0.23693,0.18508,0.925,0.95,0.12641,0.30237,0.9625,0.95
503,0.00011,0.9412,1.0,0.95,0.23504,0.2238,0.9375,0.95,0.12792,0.31723,0.9625,0.95
504,0.00011,0.94346,1.0,0.95,0.23732,0.18484,0.925,0.95,0.12422,0.35001,0.9875,0.95
505,0.00011,0.94623,1.0,0.95,0.23388,0.22447,0.9375,0.95,0.1261,0.32482,0.9625,0.95
506,0.00011,0.94801,1.0,0.95,0.23645,0.18075,0.925,0.95,0.12526,0.31199,0.9625,0.95
507,0.0001,0.94839,1.0,0.95,0.23449,0.22091,0.9375,0.95,0.12668,0.32871,0.9625,0.95
508,0.0001,0.9462,1.0,0.95,0.23439,0.18692,0.925,0.95,0.12311,0.34152,0.9625,0.95
509,0.0001,0.94498,1.0,0.95,0.23336,0.2201,0.9375,0.95,0.12574,0.31914,0.9625,0.95
510,0.0001,0.94578,1.0,0.95,0.23574,0.18543,0.925,0.95,0.12686,0.32854,0.9625,0.95
511,0.0001,0.94672,1.0,0.95,0.23272,0.21731,0.9375,0.95,0.12455,0.33729,0.9625,0.95
512,0.0001,0.94771,1.0,0.95,0.23269,0.18328,0.925,0.95,0.12451,0.31615,0.9625,0.95
513,0.0001,0.94704,1.0,0.95,0.23231,0.21188,0.9375,0.95,0.12477,0.32419,0.9625,0.95
514,0.0001,0.94736,1.0,0.95,0.23395,0.18966,0.925,0.95,0.12372,0.33693,0.9625,0.95
515,0.0001,0.9488,1.0,0.95,0.23197,0.22303,0.9375,0.95,0.12382,0.32377,0.9625,0.95
516,0.0001,0.9498,1.0,0.95,0.23609,0.18229,0.925,0.95,0.12454,0.31955,0.9625,0.95
517,0.0001,0.94929,1.0,0.95,0.23222,0.21726,0.9375,0.95,0.12483,0.33214,0.9625,0.95
518,0.0001,0.94837,1.0,0.95,0.23455,0.18676,0.925,0.95,0.12452,0.33781,0.9625,0.95
519,0.0001,0.94873,1.0,0.95,0.23215,0.2248,0.9375,0.95,0.12496,0.32872,0.9625,0.95
520,0.0001,0.95034,1.0,0.95,0.23859,0.18536,0.925,0.95,0.12338,0.32533,0.9625,0.95
521,0.0001,0.95178,1.0,0.95,0.2338,0.23364,0.9375,0.95,0.12411,0.32544,0.9625,0.95
522,0.0001,0.95254,1.0,0.95,0.23509,0.17906,0.925,0.95,0.12193,0.33703,0.9625,0.95
523,0.0001,0.95094,1.0,0.95,0.2346,0.21327,0.9375,0.95,0.12344,0.32567,0.9625,0.95
524,0.0001,0.95077,1.0,0.95,0.23478,0.18527,0.925,0.95,0.12335,0.32443,0.9625,0.95
525,0.0001,0.95204,1.0,0.95,0.23305,0.23065,0.9375,0.95,0.12446,0.33152,0.975,0.95
526,0.0001,0.95208,1.0,0.95,0.23845,0.18185,0.925,0.95,0.12202,0.33854,0.9625,0.95
527,9e-05,0.95208,1.0,0.95,0.23373,0.22865,0.9375,0.95,0.1228,0.32841,0.9625,0.95
528,9e-05,0.95352,1.0,0.95,0.23397,0.18089,0.925,0.95,0.12528,0.3246,0.9625,0.95
529,9e-05,0.95499,1.0,0.95,0.2334,0.21561,0.9375,0.95,0.12319,0.35081,0.9875,0.95
530,9e-05,0.9555,1.0,0.95,0.23541,0.18428,0.925,0.95,0.12316,0.33497,0.9625,0.95
531,9e-05,0.95435,1.0,0.95,0.23267,0.23083,0.9375,0.95,0.12394,0.31338,0.9625,0.95
532,9e-05,0.95456,1.0,0.95,0.23516,0.1803,0.925,0.95,0.12338,0.33379,0.975,0.95
533,9e-05,0.95442,1.0,0.95,0.23278,0.2168,0.9375,0.95,0.12082,0.34769,0.9625,0.95
534,9e-05,0.95539,1.0,0.95,0.23241,0.18517,0.925,0.95,0.12511,0.32487,0.9625,0.95
535,9e-05,0.95658,1.0,0.95,0.23113,0.21894,0.9375,0.95,0.12518,0.33673,0.9625,0.95
536,9e-05,0.9577,1.0,0.95,0.23436,0.18381,0.925,0.95,0.12187,0.34484,0.9625,0.95
537,9e-05,0.95638,1.0,0.95,0.23162,0.22513,0.9375,0.95,0.12369,0.32323,0.9625,0.95
538,9e-05,0.95609,1.0,0.95,0.23357,0.18253,0.925,0.95,0.12311,0.33538,0.9625,0.95
539,9e-05,0.95659,1.0,0.95,0.23216,0.21828,0.9375,0.95,0.12162,0.3406,0.9625,0.95
540,9e-05,0.95669,1.0,0.95,0.23407,0.18181,0.925,0.95,0.12281,0.32441,0.9625,0.95
541,9e-05,0.95807,1.0,0.95,0.23173,0.22249,0.9375,0.95,0.12148,0.32181,0.9625,0.95
542,9e-05,0.95964,1.0,0.95,0.23422,0.18151,0.925,0.95,0.12246,0.32889,0.9625,0.95
543,9e-05,0.95904,1.0,0.95,0.23151,0.21822,0.9375,0.95,0.12194,0.34089,0.9625,0.95
544,9e-05,0.95875,1.0,0.95,0.23483,0.18128,0.925,0.95,0.12266,0.33833,0.9625,0.95
545,9e-05,0.95924,1.0,0.95,0.23063,0.2214,0.9375,0.95,0.12181,0.33009,0.9625,0.95
546,9e-05,0.96008,1.0,0.95,0.23316,0.17721,0.925,0.95,0.12255,0.32537,0.9625,0.95
547,9e-05,0.95962,1.0,0.95,0.23129,0.21892,0.9375,0.95,0.12087,0.34569,0.975,0.95
548,9e-05,0.95946,1.0,0.95,0.23211,0.18397,0.925,0.95,0.12129,0.33487,0.9625,0.95
549,9e-05,0.96099,1.0,0.95,0.23167,0.22157,0.9375,0.95,0.12371,0.32268,0.9625,0.95
550,9e-05,0.9623,1.0,0.95,0.2361,0.17973,0.925,0.95,0.12283,0.34501,0.975,0.95
551,8e-05,0.96293,1.0,0.95,0.23153,0.22497,0.9375,0.95,0.12117,0.33945,0.9625,0.95
552,8e-05,0.96311,1.0,0.95,0.2324,0.18021,0.925,0.95,0.12158,0.32051,0.9625,0.95
553,8e-05,0.96139,1.0,0.95,0.23089,0.21843,0.9375,0.95,0.12228,0.33011,0.975,0.95
554,8e-05,0.96145,1.0,0.95,0.23363,0.18046,0.925,0.95,0.12024,0.35375,0.975,0.95
555,8e-05,0.96302,1.0,0.95,0.23057,0.22046,0.9375,0.95,0.12119,0.33302,0.9625,0.95
556,8e-05,0.96323,1.0,0.95,0.23275,0.18141,0.925,0.95,0.12389,0.32126,0.9625,0.95
557,8e-05,0.96346,1.0,0.95,0.23099,0.2205,0.9375,0.95,0.12258,0.3524,0.9875,0.95
558,8e-05,0.96443,1.0,0.95,0.23385,0.18319,0.925,0.95,0.12063,0.3448,0.9625,0.95
559,8e-05,0.96431,1.0,0.95,0.23107,0.22132,0.9375,0.95,0.12162,0.31908,0.9625,0.95
560,8e-05,0.96424,1.0,0.95,0.2322,0.17946,0.925,0.95,0.11993,0.32859,0.975,0.95
561,8e-05,0.96374,1.0,0.95,0.22953,0.21529,0.9375,0.95,0.12196,0.33689,0.975,0.95
562,8e-05,0.96475,1.0,0.95,0.23039,0.17985,0.925,0.95,0.12132,0.34872,0.9625,0.95
563,8e-05,0.96616,1.0,0.95,0.23013,0.21629,0.9375,0.95,0.1213,0.33606,0.9625,0.95
564,8e-05,0.96682,1.0,0.95,0.23228,0.18384,0.925,0.95,0.12493,0.32657,0.9625,0.95
565,8e-05,0.96558,1.0,0.95,0.2298,0.2187,0.9375,0.95,0.12236,0.35672,0.9875,0.95
566,8e-05,0.96588,1.0,0.95,0.2326,0.17968,0.925,0.95,0.11966,0.34255,0.9625,0.95
567,8e-05,0.96663,1.0,0.95,0.22881,0.21897,0.9375,0.95,0.12642,0.31419,0.9625,0.95
568,8e-05,0.96679,1.0,0.95,0.22986,0.18591,0.925,0.95,0.12349,0.3528,0.9875,0.95
569,8e-05,0.96781,1.0,0.95,0.22955,0.216,0.9375,0.95,0.1199,0.35638,0.9625,0.95
570,8e-05,0.96885,1.0,0.95,0.23309,0.18482,0.925,0.95,0.1223,0.31736,0.9625,0.95
571,8e-05,0.96851,1.0,0.95,0.22863,0.21613,0.9375,0.95,0.12333,0.32206,0.975,0.95
572,8e-05,0.96782,1.0,0.95,0.23076,0.17964,0.925,0.95,0.11964,0.35743,0.975,0.95
573,8e-05,0.96851,1.0,0.95,0.22856,0.21577,0.9375,0.95,0.12103,0.33887,0.9625,0.95
574,8e-05,0.96955,1.0,0.95,0.23034,0.18439,0.925,0.95,0.12093,0.3163,0.9625,0.95
575,8e-05,0.9705,1.0,0.95,0.22881,0.21645,0.9375,0.95,0.12145,0.33375,0.975,0.95
576,8e-05,0.97098,1.0,0.95,0.2321,0.17831,0.925,0.95,0.11796,0.35796,0.975,0.95
577,8e-05,0.97011,1.0,0.95,0.2293,0.21787,0.9375,0.95,0.12102,0.3296,0.9625,0.95
578,8e-05,0.96953,1.0,0.95,0.23066,0.1844,0.925,0.95,0.12204,0.33052,0.9625,0.95
579,7e-05,0.97051,1.0,0.95,0.22867,0.22164,0.9375,0.95,0.11923,0.34793,0.9625,0.95
580,7e-05,0.97218,1.0,0.95,0.23242,0.18308,0.925,0.95,0.11891,0.33237,0.9625,0.95
581,7e-05,0.97352,1.0,0.95,0.22811,0.21784,0.9375,0.95,0.12049,0.31764,0.9625,0.95
582,7e-05,0.97235,1.0,0.95,0.22986,0.1802,0.925,0.95,0.12009,0.34394,0.975,0.95
583,7e-05,0.97157,1.0,0.95,0.22818,0.21495,0.9375,0.95,0.1197,0.34834,0.9625,0.95
584,7e-05,0.97242,1.0,0.95,0.23119,0.18064,0.925,0.95,0.12084,0.3254,0.9625,0.95
585,7e-05,0.97264,1.0,0.95,0.22797,0.22064,0.9375,0.95,0.11974,0.32535,0.9625,0.95
586,7e-05,0.97353,1.0,0.95,0.23181,0.1799,0.925,0.95,0.11797,0.3405,0.9625,0.95
587,7e-05,0.97437,1.0,0.95,0.22843,0.22504,0.9375,0.95,0.11793,0.33587,0.9625,0.95
588,7e-05,0.9739,1.0,0.95,0.2314,0.18298,0.925,0.95,0.11815,0.329,0.9625,0.95
589,7e-05,0.97313,1.0,0.95,0.22813,0.21645,0.9375,0.95,0.11987,0.33701,0.9625,0.95
590,7e-05,0.97373,1.0,0.95,0.23102,0.17821,0.925,0.95,0.11921,0.35229,0.9625,0.95
591,7e-05,0.9754,1.0,0.95,0.22806,0.21604,0.9375,0.95,0.11887,0.3366,0.9625,0.95
592,7e-05,0.97644,1.0,0.95,0.23083,0.17981,0.925,0.95,0.12187,0.32223,0.9625,0.95
593,7e-05,0.97589,1.0,0.95,0.228,0.22161,0.9375,0.95,0.12004,0.35362,0.9875,0.95
594,7e-05,0.97605,1.0,0.95,0.23199,0.17963,0.925,0.95,0.11816,0.34347,0.9625,0.95
595,7e-05,0.97547,1.0,0.95,0.22796,0.22011,0.9375,0.95,0.12167,0.32072,0.9625,0.95
596,7e-05,0.97612,1.0,0.95,0.23084,0.18123,0.925,0.95,0.12181,0.34924,0.9875,0.95
597,7e-05,0.97711,1.0,0.95,0.22792,0.21937,0.9375,0.95,0.11819,0.35233,0.9625,0.95
598,7e-05,0.9779,1.0,0.95,0.23174,0.18278,0.925,0.95,0.12122,0.32137,0.9625,0.95
599,7e-05,0.9774,1.0,0.95,0.22714,0.22423,0.9375,0.95,0.12076,0.33867,0.975,0.95
600,7e-05,0.97706,1.0,0.95,0.23028,0.17729,0.925,0.95,0.11774,0.34974,0.9625,0.95
601,7e-05,0.97799,1.0,0.95,0.22811,0.21337,0.9375,0.95,0.11942,0.32497,0.9625,0.95
602,7e-05,0.9793,1.0,0.95,0.22925,0.17813,0.925,0.95,0.11856,0.31982,0.9625,0.95
603,7e-05,0.9799,1.0,0.95,0.22767,0.21812,0.9375,0.95,0.11811,0.3359,0.975,0.95
604,7e-05,0.97875,1.0,0.95,0.23206,0.1791,0.925,0.95,0.11826,0.34863,0.9625,0.95
605,7e-05,0.97895,1.0,0.95,0.2276,0.2245,0.9375,0.95,0.11897,0.33691,0.9625,0.95
606,7e-05,0.98012,1.0,0.95,0.23124,0.17844,0.925,0.95,0.11759,0.32815,0.9625,0.95
607,7e-05,0.98,1.0,0.95,0.22798,0.22425,0.9375,0.95,0.12154,0.33016,0.975,0.95
608,7e-05,0.98024,1.0,0.95,0.23075,0.17972,0.925,0.95,0.11779,0.35322,0.9875,0.95
609,7e-05,0.98106,1.0,0.95,0.22868,0.21775,0.9375,0.95,0.11752,0.33823,0.9625,0.95
610,7e-05,0.9809,1.0,0.95,0.23005,0.17588,0.925,0.95,0.12096,0.32067,0.9625,0.95
611,7e-05,0.98108,1.0,0.95,0.22756,0.21535,0.9375,0.95,0.12058,0.35106,0.9875,0.95
612,6e-05,0.98097,1.0,0.95,0.22908,0.18113,0.925,0.95,0.11745,0.35066,0.9625,0.95
613,6e-05,0.98184,1.0,0.95,0.22747,0.21981,0.9375,0.95,0.11858,0.32088,0.9625,0.95
614,6e-05,0.983,1.0,0.95,0.22991,0.17928,0.925,0.95,0.11931,0.32329,0.9625,0.95
615,6e-05,0.98383,1.0,0.95,0.22628,0.21153,0.9375,0.95,0.11774,0.35498,0.9875,0.95
616,6e-05,0.98325,1.0,0.95,0.2274,0.17967,0.925,0.95,0.1177,0.33982,0.9625,0.95
617,6e-05,0.98239,1.0,0.95,0.22594,0.21317,0.9375,0.95,0.11914,0.32137,0.9625,0.95
618,6e-05,0.98342,1.0,0.95,0.22979,0.17891,0.925,0.95,0.11806,0.33709,0.9625,0.95
619,6e-05,0.98493,1.0,0.95,0.22634,0.22222,0.9375,0.95,0.1163,0.34913,0.9625,0.95
620,6e-05,0.9858,1.0,0.95,0.23028,0.18256,0.925,0.95,0.11656,0.33466,0.9625,0.95
621,6e-05,0.98596,1.0,0.95,0.2269,0.22111,0.9375,0.95,0.11648,0.3303,0.9625,0.95
622,6e-05,0.98485,1.0,0.95,0.23031,0.1782,0.925,0.95,0.11806,0.33961,0.975,0.95
623,6e-05,0.98413,1.0,0.95,0.22681,0.21403,0.9375,0.95,0.11743,0.35137,0.9625,0.95
624,6e-05,0.98534,1.0,0.95,0.22626,0.17746,0.925,0.95,0.11686,0.33646,0.9625,0.95
625,6e-05,0.98709,1.0,0.95,0.22655,0.21196,0.9375,0.95,0.12068,0.32329,0.9625,0.95
626,6e-05,0.98823,1.0,0.95,0.23091,0.17929,0.925,0.95,0.11902,0.35269,0.9875,0.95
627,6e-05,0.98694,1.0,0.95,0.22656,0.22627,0.9375,0.95,0.11545,0.34643,0.9625,0.95
628,6e-05,0.98659,1.0,0.95,0.22839,0.17763,0.925,0.95,0.1239,0.31767,0.9625,0.95
629,6e-05,0.98606,1.0,0.95,0.22614,0.20866,0.9375,0.95,0.1221,0.3507,0.9875,0.95
630,6e-05,0.98675,1.0,0.95,0.22684,0.18103,0.925,0.95,0.11709,0.35952,0.9625,0.95
631,6e-05,0.98799,1.0,0.95,0.22514,0.21388,0.9375,0.95,0.11926,0.31835,0.9625,0.95
632,6e-05,0.98917,1.0,0.95,0.22987,0.1776,0.925,0.95,0.12015,0.31268,0.9625,0.95
633,6e-05,0.98895,1.0,0.95,0.22517,0.22173,0.9375,0.95,0.11844,0.35841,0.9875,0.95
634,6e-05,0.98769,1.0,0.95,0.2281,0.18291,0.925,0.95,0.11694,0.34305,0.9625,0.95
635,6e-05,0.98801,1.0,0.95,0.22576,0.21789,0.9375,0.95,0.12223,0.31086,0.9625,0.95
636,6e-05,0.98954,1.0,0.95,0.22992,0.17751,0.925,0.95,0.122,0.3518,0.9875,0.95
637,6e-05,0.99057,1.0,0.95,0.22582,0.2147,0.9375,0.95,0.11673,0.36484,0.9625,0.95
638,6e-05,0.99113,1.0,0.95,0.22721,0.17742,0.925,0.95,0.11932,0.32151,0.9625,0.95
639,6e-05,0.99041,1.0,0.95,0.22523,0.21252,0.9375,0.95,0.1172,0.31156,0.9625,0.95
640,6e-05,0.98945,1.0,0.95,0.22906,0.17929,0.925,0.95,0.1165,0.34,0.975,0.95
641,6e-05,0.98994,1.0,0.95,0.22506,0.22199,0.9375,0.95,0.11552,0.35614,0.9625,0.95
642,6e-05,0.99142,1.0,0.95,0.22804,0.1789,0.925,0.95,0.11697,0.32878,0.9625,0.95
643,6e-05,0.99281,1.0,0.95,0.22545,0.21323,0.9375,0.95,0.11622,0.32379,0.9625,0.95
644,6e-05,0.99338,1.0,0.95,0.22815,0.18024,0.925,0.95,0.11847,0.34377,0.975,0.95
645,6e-05,0.99205,1.0,0.95,0.22443,0.21905,0.9375,0.95,0.1155,0.35985,0.975,0.95
646,6e-05,0.99095,1.0,0.95,0.2284,0.17601,0.925,0.95,0.11564,0.33489,0.9625,0.95
647,6e-05,0.99214,1.0,0.95,0.22525,0.21843,0.9375,0.95,0.11849,0.31933,0.9625,0.95
648,6e-05,0.99387,1.0,0.95,0.22726,0.18084,0.925,0.95,0.11831,0.35463,0.9875,0.95
649,6e-05,0.99514,1.0,0.95,0.22519,0.21905,0.9375,0.95,0.11565,0.35388,0.9625,0.95
650,6e-05,0.99587,1.0,0.95,0.23059,0.17522,0.925,0.95,0.11679,0.32176,0.9625,0.95
651,6e-05,0.99526,1.0,0.95,0.2267,0.22265,0.9375,0.95,0.11838,0.32692,0.9625,0.95
652,6e-05,0.99367,1.0,0.95,0.22786,0.17642,0.925,0.95,0.11681,0.36231,0.9875,0.95
653,6e-05,0.9936,1.0,0.95,0.22577,0.21424,0.9375,0.95,0.11628,0.34904,0.9625,0.95
654,5e-05,0.99477,1.0,0.95,0.22825,0.17589,0.925,0.95,0.11713,0.3212,0.9625,0.95
655,5e-05,0.99563,1.0,0.95,0.22451,0.21528,0.9375,0.95,0.11696,0.32814,0.975,0.95
656,5e-05,0.99634,1.0,0.95,0.22578,0.17476,0.925,0.95,0.11641,0.36392,0.9875,0.95
657,5e-05,0.99568,1.0,0.95,0.22498,0.20738,0.9375,0.95,0.11594,0.34152,0.9625,0.95
658,5e-05,0.99568,1.0,0.95,0.22702,0.18052,0.925,0.95,0.12146,0.31443,0.9625,0.95
659,5e-05,0.99618,1.0,0.95,0.22318,0.21868,0.9375,0.95,0.12104,0.3522,0.9875,0.95
660,5e-05,0.9971,1.0,0.95,0.22795,0.1752,0.925,0.95,0.11533,0.36028,0.9625,0.95
661,5e-05,0.99738,1.0,0.95,0.22422,0.21634,0.9375,0.95,0.11742,0.31937,0.9625,0.95
662,5e-05,0.99719,1.0,0.95,0.22623,0.17982,0.925,0.95,0.11956,0.31385,0.9625,0.95
663,5e-05,0.99749,1.0,0.95,0.22393,0.21683,0.9375,0.95,0.1186,0.36122,0.9875,0.95
664,5e-05,0.99847,1.0,0.95,0.22938,0.17559,0.925,0.95,0.11608,0.35567,0.9625,0.95
665,5e-05,0.99934,1.0,0.95,0.22548,0.22253,0.9375,0.95,0.11837,0.31534,0.9625,0.95
666,5e-05,0.99871,1.0,0.95,0.22688,0.1747,0.925,0.95,0.11581,0.32598,0.9625,0.95
667,5e-05,0.99903,1.0,0.95,0.22509,0.21376,0.9375,0.95,0.11653,0.35251,0.975,0.95
668,5e-05,0.99983,1.0,0.95,0.22657,0.17565,0.925,0.95,0.11412,0.35397,0.975,0.95
669,5e-05,0.99968,1.0,0.95,0.22409,0.21471,0.9375,0.95,0.11577,0.33259,0.9625,0.95
670,5e-05,1.00013,1.0,0.95,0.22639,0.17909,0.925,0.95,0.11524,0.33205,0.9625,0.95
671,5e-05,1.00041,1.0,0.95,0.22373,0.21266,0.9375,0.95,0.11683,0.34384,0.975,0.95
672,5e-05,1.00105,1.0,0.95,0.22712,0.17866,0.925,0.95,0.11447,0.3544,0.9875,0.95
673,5e-05,1.00178,1.0,0.95,0.22291,0.21324,0.9375,0.95,0.11452,0.33626,0.9625,0.95
674,5e-05,1.00113,1.0,0.95,0.22471,0.17662,0.925,0.95,0.11978,0.32463,0.9625,0.95
675,5e-05,1.00144,1.0,0.95,0.22319,0.20733,0.9375,0.95,0.1188,0.35931,0.9875,0.95
676,5e-05,1.00232,1.0,0.95,0.22458,0.1799,0.925,0.95,0.11421,0.35684,0.9625,0.95
677,5e-05,1.00237,1.0,0.95,0.22311,0.21134,0.9375,0.95,0.11619,0.32241,0.9625,0.95
678,5e-05,1.00295,1.0,0.95,0.22765,0.17824,0.925,0.95,0.11706,0.32561,0.9625,0.95
679,5e-05,1.00265,1.0,0.95,0.22341,0.21888,0.9375,0.95,0.11701,0.36629,0.9875,0.95
680,5e-05,1.00345,1.0,0.95,0.2252,0.17604,0.925,0.95,0.11475,0.35366,0.9625,0.95
681,5e-05,1.00412,1.0,0.95,0.22359,0.21162,0.9375,0.95,0.11655,0.31743,0.9625,0.95
682,5e-05,1.00329,1.0,0.95,0.22611,0.17919,0.925,0.95,0.11782,0.32374,0.9625,0.95
683,5e-05,1.0035,1.0,0.95,0.22304,0.21766,0.9375,0.95,0.11648,0.37047,0.9875,0.95
684,5e-05,1.00464,1.0,0.95,0.22669,0.17687,0.925,0.95,0.11463,0.34704,0.9625,0.95
685,5e-05,1.00573,1.0,0.95,0.22359,0.21632,0.9375,0.95,0.11928,0.31086,0.9625,0.95
686,5e-05,1.0051,1.0,0.95,0.22539,0.1762,0.925,0.95,0.11996,0.35255,0.9875,0.95
687,5e-05,1.0039,1.0,0.95,0.22299,0.21166,0.9375,0.95,0.11448,0.37328,0.9625,0.95
688,5e-05,1.00478,1.0,0.95,0.22665,0.17796,0.925,0.95,0.11603,0.32841,0.9625,0.95
689,5e-05,1.00645,1.0,0.95,0.22272,0.21976,0.9375,0.95,0.11476,0.3145,0.9625,0.95
690,5e-05,1.00769,1.0,0.95,0.22595,0.1774,0.925,0.95,0.115,0.34458,0.975,0.95
691,5e-05,1.00719,1.0,0.95,0.22251,0.21073,0.9375,0.95,0.1141,0.37113,0.975,0.95
692,5e-05,1.00617,1.0,0.95,0.2246,0.17746,0.925,0.95,0.11489,0.34104,0.9625,0.95
693,5e-05,1.00643,1.0,0.95,0.222,0.21211,0.9375,0.95,0.11464,0.31821,0.9625,0.95
694,5e-05,1.00737,1.0,0.95,0.22606,0.17461,0.925,0.95,0.11629,0.34468,0.975,0.95
695,5e-05,1.0082,1.0,0.95,0.22195,0.21561,0.9375,0.95,0.11438,0.37962,0.9875,0.95
696,5e-05,1.00763,1.0,0.95,0.22455,0.17753,0.925,0.95,0.11409,0.34455,0.9625,0.95
697,5e-05,1.00796,1.0,0.95,0.22231,0.21477,0.9375,0.95,0.11868,0.31484,0.9625,0.95
698,5e-05,1.00914,1.0,0.95,0.22781,0.17628,0.925,0.95,0.11818,0.3586,0.9875,0.95
699,5e-05,1.00916,1.0,0.95,0.22326,0.22158,0.9375,0.95,0.11331,0.37479,0.9625,0.95
700,5e-05,1.00891,1.0,0.95,0.22545,0.17758,0.925,0.95,0.11505,0.32597,0.9625,0.95
701,5e-05,1.0093,1.0,0.95,0.22245,0.21695,0.9375,0.95,0.11605,0.31753,0.9625,0.95
702,5e-05,1.00985,1.0,0.95,0.22609,0.17246,0.925,0.95,0.11622,0.36829,0.9875,0.95
703,5e-05,1.01042,1.0,0.95,0.22302,0.21391,0.9375,0.95,0.11427,0.36677,0.9625,0.95
704,5e-05,1.01007,1.0,0.95,0.22358,0.17703,0.925,0.95,0.11606,0.32597,0.9625,0.95
705,5e-05,1.00933,1.0,0.95,0.22319,0.2119,0.9375,0.95,0.11446,0.32959,0.9625,0.95
706,5e-05,1.01024,1.0,0.95,0.2276,0.1762,0.925,0.95,0.11312,0.35479,0.975,0.95
707,5e-05,1.01189,1.0,0.95,0.22225,0.22301,0.9375,0.95,0.11289,0.36297,0.9625,0.95
708,4e-05,1.01314,1.0,0.95,0.22423,0.17203,0.925,0.95,0.11348,0.33992,0.9625,0.95
709,4e-05,1.01362,1.0,0.95,0.22301,0.20756,0.9375,0.95,0.11436,0.33341,0.9625,0.95
710,4e-05,1.0129,1.0,0.95,0.22402,0.17972,0.925,0.95,0.11561,0.36283,0.975,0.95
711,4e-05,1.01177,1.0,0.95,0.22262,0.21616,0.9375,0.95,0.11291,0.36063,0.9625,0.95
712,4e-05,1.01244,1.0,0.95,0.2281,0.17291,0.925,0.95,0.11343,0.33339,0.9625,0.95
713,4e-05,1.01376,1.0,0.95,0.22281,0.22297,0.9375,0.95,0.1151,0.33246,0.9625,0.95
714,4e-05,1.01479,1.0,0.95,0.22357,0.17499,0.925,0.95,0.11561,0.3695,0.9875,0.95
715,4e-05,1.01504,1.0,0.95,0.22273,0.20372,0.9375,0.95,0.11382,0.36232,0.9625,0.95
716,4e-05,1.01375,1.0,0.95,0.22539,0.17561,0.925,0.95,0.11486,0.32642,0.9625,0.95
717,4e-05,1.01283,1.0,0.95,0.22143,0.21587,0.9375,0.95,0.11615,0.32797,0.9625,0.95
718,4e-05,1.01376,1.0,0.95,0.22481,0.17438,0.925,0.95,0.11506,0.36995,0.9875,0.95
719,4e-05,1.01522,1.0,0.95,0.22188,0.2175,0.9375,0.95,0.11211,0.35397,0.9625,0.95
720,4e-05,1.01635,1.0,0.95,0.22456,0.18159,0.925,0.95,0.11719,0.31456,0.9625,0.95
721,4e-05,1.01584,1.0,0.95,0.22097,0.21117,0.9375,0.95,0.11815,0.35243,0.975,0.95
722,4e-05,1.01473,1.0,0.95,0.22529,0.17225,0.925,0.95,0.11342,0.37938,0.9625,0.95
723,4e-05,1.01518,1.0,0.95,0.22117,0.21604,0.9375,0.95,0.11494,0.33829,0.9625,0.95
724,4e-05,1.01672,1.0,0.95,0.22325,0.17622,0.925,0.95,0.114,0.31638,0.9625,0.95
725,4e-05,1.01806,1.0,0.95,0.22128,0.2103,0.9375,0.95,0.11229,0.34448,0.975,0.95
726,4e-05,1.01889,1.0,0.95,0.22588,0.17531,0.925,0.95,0.11344,0.35814,0.975,0.95
727,4e-05,1.01796,1.0,0.95,0.22034,0.21849,0.9375,0.95,0.11416,0.35754,0.9625,0.95
728,4e-05,1.01618,1.0,0.95,0.22298,0.17573,0.925,0.95,0.11452,0.35101,0.9625,0.95
729,4e-05,1.01649,1.0,0.95,0.22133,0.20953,0.9375,0.95,0.11406,0.34575,0.9625,0.95
730,4e-05,1.01807,1.0,0.95,0.22364,0.17815,0.925,0.95,0.11214,0.34397,0.9625,0.95
731,4e-05,1.01937,1.0,0.95,0.22075,0.21185,0.9375,0.95,0.11684,0.34086,0.975,0.95
732,4e-05,1.01891,1.0,0.95,0.22563,0.17255,0.925,0.95,0.1143,0.36289,0.9875,0.95
733,4e-05,1.01901,1.0,0.95,0.22069,0.22222,0.9375,0.95,0.11409,0.35816,0.9625,0.95
734,4e-05,1.01869,1.0,0.95,0.22316,0.17682,0.925,0.95,0.11535,0.33833,0.9625,0.95
735,4e-05,1.01939,1.0,0.95,0.22193,0.21241,0.9375,0.95,0.11237,0.33825,0.9625,0.95
736,4e-05,1.02032,1.0,0.95,0.22461,0.17435,0.925,0.95,0.11415,0.34623,0.975,0.95
737,4e-05,1.02029,1.0,0.95,0.22124,0.20883,0.9375,0.95,0.11177,0.36061,0.9875,0.95
738,4e-05,1.02055,1.0,0.95,0.22274,0.17297,0.925,0.95,0.11217,0.34875,0.9625,0.95
739,4e-05,1.02094,1.0,0.95,0.22003,0.21639,0.9375,0.95,0.11293,0.33553,0.9625,0.95
740,4e-05,1.02055,1.0,0.95,0.22346,0.18144,0.925,0.95,0.11143,0.34885,0.975,0.95
741,4e-05,1.02048,1.0,0.95,0.22077,0.21286,0.9375,0.95,0.11367,0.35392,0.975,0.95
742,4e-05,1.02139,1.0,0.95,0.22384,0.1746,0.925,0.95,0.11217,0.35702,0.975,0.95
743,4e-05,1.02269,1.0,0.95,0.22,0.20961,0.9375,0.95,0.11215,0.34955,0.9625,0.95
744,4e-05,1.0236,1.0,0.95,0.22158,0.17473,0.925,0.95,0.11497,0.33844,0.9625,0.95
745,4e-05,1.02265,1.0,0.95,0.22035,0.20755,0.9375,0.95,0.11473,0.36104,0.9875,0.95
746,4e-05,1.02264,1.0,0.95,0.22415,0.17733,0.925,0.95,0.11032,0.3545,0.9625,0.95
747,4e-05,1.0236,1.0,0.95,0.21932,0.216,0.9375,0.95,0.11511,0.32315,0.9625,0.95
748,4e-05,1.02365,1.0,0.95,0.22245,0.17103,0.925,0.95,0.11485,0.34744,0.975,0.95
749,4e-05,1.02341,1.0,0.95,0.22024,0.20893,0.9375,0.95,0.11234,0.36873,0.9625,0.95
750,4e-05,1.02385,1.0,0.95,0.22231,0.17784,0.925,0.95,0.11344,0.34323,0.9625,0.95
751,4e-05,1.02469,1.0,0.95,0.22056,0.2123,0.9375,0.95,0.11286,0.31965,0.9625,0.95
752,4e-05,1.02569,1.0,0.95,0.22553,0.17298,0.925,0.95,0.1144,0.3349,0.975,0.95
753,4e-05,1.02547,1.0,0.95,0.22,0.21948,0.9375,0.95,0.11292,0.37289,0.975,0.95
754,4e-05,1.02452,1.0,0.95,0.22115,0.17335,0.925,0.95,0.11363,0.35805,0.9625,0.95
755,4e-05,1.02475,1.0,0.95,0.22028,0.20385,0.9375,0.95,0.11393,0.33128,0.9625,0.95
756,4e-05,1.02561,1.0,0.95,0.22316,0.17822,0.925,0.95,0.11192,0.33541,0.9625,0.95
757,4e-05,1.0265,1.0,0.95,0.21938,0.21618,0.9375,0.95,0.11316,0.34804,0.975,0.95
758,4e-05,1.0265,1.0,0.95,0.22435,0.17434,0.925,0.95,0.11197,0.36129,0.975,0.95
759,4e-05,1.0262,1.0,0.95,0.2202,0.22095,0.9375,0.95,0.11136,0.34748,0.9625,0.95
760,4e-05,1.02657,1.0,0.95,0.22347,0.17408,0.925,0.95,0.11199,0.33521,0.9625,0.95
761,4e-05,1.02715,1.0,0.95,0.22039,0.20844,0.9375,0.95,0.11353,0.34451,0.975,0.95
762,4e-05,1.02821,1.0,0.95,0.22303,0.17311,0.925,0.95,0.11431,0.37284,0.9875,0.95
763,4e-05,1.02788,1.0,0.95,0.2193,0.21448,0.9375,0.95,0.1107,0.35434,0.9625,0.95
764,4e-05,1.02721,1.0,0.95,0.22171,0.17437,0.925,0.95,0.11724,0.32103,0.9625,0.95
765,4e-05,1.02797,1.0,0.95,0.21929,0.21224,0.9375,0.95,0.11649,0.35504,0.9875,0.95
766,4e-05,1.02903,1.0,0.95,0.2217,0.17689,0.925,0.95,0.11155,0.37576,0.9625,0.95
767,4e-05,1.0298,1.0,0.95,0.21926,0.20656,0.9375,0.95,0.11247,0.33731,0.9625,0.95
768,4e-05,1.03021,1.0,0.95,0.22121,0.17659,0.925,0.95,0.11171,0.3192,0.9625,0.95
769,4e-05,1.0295,1.0,0.95,0.21815,0.21208,0.9375,0.95,0.11227,0.34188,0.975,0.95
770,4e-05,1.02879,1.0,0.95,0.22207,0.17477,0.925,0.95,0.11208,0.37377,0.975,0.95
771,4e-05,1.02931,1.0,0.95,0.21882,0.21226,0.9375,0.95,0.1126,0.35552,0.9625,0.95
772,4e-05,1.03027,1.0,0.95,0.2223,0.17551,0.925,0.95,0.11345,0.33089,0.9625,0.95
773,4e-05,1.03134,1.0,0.95,0.21908,0.21566,0.9375,0.95,0.11133,0.33985,0.9625,0.95
774,4e-05,1.03129,1.0,0.95,0.22351,0.17242,0.925,0.95,0.10982,0.351,0.975,0.95
775,4e-05,1.03151,1.0,0.95,0.21974,0.21527,0.9375,0.95,0.11284,0.33594,0.975,0.95
776,4e-05,1.0313,1.0,0.95,0.22211,0.17465,0.925,0.95,0.1129,0.35405,0.975,0.95
777,4e-05,1.03176,1.0,0.95,0.21952,0.21558,0.9375,0.95,0.11265,0.36658,0.9625,0.95
778,4e-05,1.03238,1.0,0.95,0.22426,0.17279,0.925,0.95,0.11305,0.34678,0.9625,0.95
779,4e-05,1.0327,1.0,0.95,0.21918,0.21458,0.9375,0.95,0.11123,0.33745,0.9625,0.95
780,4e-05,1.03237,1.0,0.95,0.22186,0.17271,0.925,0.95,0.11235,0.34406,0.975,0.95
781,3e-05,1.03197,1.0,0.95,0.21901,0.21432,0.9375,0.95,0.1111,0.36218,0.975,0.95
782,3e-05,1.03276,1.0,0.95,0.22308,0.17937,0.925,0.95,0.11166,0.35459,0.9625,0.95
783,3e-05,1.03389,1.0,0.95,0.21979,0.21846,0.9375,0.95,0.11226,0.34092,0.9625,0.95
784,3e-05,1.03475,1.0,0.95,0.22277,0.16998,0.925,0.95,0.11059,0.34212,0.9625,0.95
785,3e-05,1.03423,1.0,0.95,0.21992,0.21032,0.9375,0.95,0.11089,0.34281,0.975,0.95
786,3e-05,1.03425,1.0,0.95,0.21913,0.17617,0.925,0.95,0.11108,0.35855,0.975,0.95
787,3e-05,1.03476,1.0,0.95,0.21889,0.20434,0.9375,0.95,0.11019,0.3501,0.9625,0.95
788,3e-05,1.03459,1.0,0.95,0.22212,0.17493,0.925,0.95,0.11235,0.33276,0.9625,0.95
789,3e-05,1.03497,1.0,0.95,0.2182,0.21586,0.9375,0.95,0.114,0.35706,0.975,0.95
790,3e-05,1.03609,1.0,0.95,0.22006,0.17197,0.925,0.95,0.11082,0.36557,0.9625,0.95
791,3e-05,1.03691,1.0,0.95,0.21853,0.20291,0.9375,0.95,0.1112,0.34204,0.9625,0.95
792,3e-05,1.03592,1.0,0.95,0.21905,0.18205,0.925,0.95,0.11036,0.32974,0.9625,0.95
793,3e-05,1.0358,1.0,0.95,0.21748,0.208,0.9375,0.95,0.11174,0.34062,0.975,0.95
794,3e-05,1.03644,1.0,0.95,0.2236,0.17143,0.925,0.95,0.1118,0.36462,0.9875,0.95
795,3e-05,1.0366,1.0,0.95,0.21776,0.22019,0.9375,0.95,0.11169,0.35481,0.9625,0.95
796,3e-05,1.03721,1.0,0.95,0.2192,0.17429,0.925,0.95,0.11318,0.33508,0.9625,0.95
797,3e-05,1.03697,1.0,0.95,0.21868,0.20454,0.9375,0.95,0.11066,0.3394,0.9625,0.95
798,3e-05,1.03729,1.0,0.95,0.22254,0.17366,0.925,0.95,0.11071,0.34552,0.975,0.95
799,3e-05,1.03824,1.0,0.95,0.21809,0.21305,0.9375,0.95,0.11016,0.35338,0.975,0.95
800,3e-05,1.03841,1.0,0.95,0.22013,0.17119,0.925,0.95,0.10974,0.34388,0.9625,0.95
801,3e-05,1.03871,1.0,0.95,0.21795,0.20796,0.9375,0.95,0.11072,0.33871,0.9625,0.95
802,3e-05,1.03903,1.0,0.95,0.21988,0.17653,0.925,0.95,0.1108,0.34859,0.975,0.95
803,3e-05,1.03869,1.0,0.95,0.21814,0.20612,0.9375,0.95,0.11212,0.36791,0.9875,0.95
804,3e-05,1.03888,1.0,0.95,0.22127,0.17503,0.925,0.95,0.11055,0.3575,0.9625,0.95
805,3e-05,1.03977,1.0,0.95,0.21717,0.21594,0.9375,0.95,0.11155,0.33742,0.9625,0.95
806,3e-05,1.04063,1.0,0.95,0.22104,0.17436,0.925,0.95,0.11107,0.33626,0.9625,0.95
807,3e-05,1.04109,1.0,0.95,0.21783,0.21179,0.9375,0.95,0.11242,0.36616,0.9875,0.95
808,3e-05,1.04042,1.0,0.95,0.2209,0.17283,0.925,0.95,0.10982,0.36278,0.9625,0.95
809,3e-05,1.04067,1.0,0.95,0.21795,0.21071,0.9375,0.95,0.11231,0.33692,0.9625,0.95
810,3e-05,1.04081,1.0,0.95,0.22058,0.1732,0.925,0.95,0.11176,0.34166,0.9625,0.95
811,3e-05,1.04116,1.0,0.95,0.21773,0.21357,0.9375,0.95,0.11063,0.36179,0.975,0.95
812,3e-05,1.04157,1.0,0.95,0.22098,0.17113,0.925,0.95,0.10882,0.35271,0.9625,0.95
813,3e-05,1.04124,1.0,0.95,0.21767,0.20841,0.9375,0.95,0.11375,0.32906,0.9625,0.95
814,3e-05,1.04134,1.0,0.95,0.21909,0.1769,0.925,0.95,0.11441,0.36731,0.975,0.95
815,3e-05,1.04225,1.0,0.95,0.21705,0.20903,0.9375,0.95,0.11182,0.38898,0.9625,0.95
816,3e-05,1.04334,1.0,0.95,0.22225,0.17481,0.925,0.95,0.11539,0.34054,0.9625,0.95
817,3e-05,1.04409,1.0,0.95,0.21653,0.21564,0.9375,0.95,0.11057,0.32836,0.9625,0.95
818,3e-05,1.04335,1.0,0.95,0.21999,0.17165,0.925,0.95,0.11409,0.34498,0.975,0.95
819,3e-05,1.04319,1.0,0.95,0.21731,0.20458,0.9375,0.95,0.11029,0.37315,0.9875,0.95
820,3e-05,1.04319,1.0,0.95,0.2206,0.17501,0.925,0.95,0.11074,0.35382,0.9625,0.95
821,3e-05,1.04403,1.0,0.95,0.21674,0.21415,0.9375,0.95,0.11153,0.32609,0.9625,0.95
822,3e-05,1.04505,1.0,0.95,0.22111,0.17439,0.925,0.95,0.11398,0.33178,0.9625,0.95
823,3e-05,1.04574,1.0,0.95,0.2174,0.21087,0.9375,0.95,0.11347,0.37006,0.9875,0.95
824,3e-05,1.04493,1.0,0.95,0.21934,0.17504,0.925,0.95,0.10837,0.35676,0.9625,0.95
825,3e-05,1.04399,1.0,0.95,0.21621,0.20249,0.9375,0.95,0.11537,0.31421,0.9625,0.95
826,3e-05,1.04498,1.0,0.95,0.22088,0.17293,0.925,0.95,0.11413,0.34343,0.975,0.95
827,3e-05,1.04638,1.0,0.95,0.21562,0.21385,0.9375,0.95,0.11092,0.37859,0.975,0.95
828,3e-05,1.04736,1.0,0.95,0.22046,0.17399,0.925,0.95,0.11114,0.34578,0.9625,0.95
829,3e-05,1.04789,1.0,0.95,0.21656,0.21416,0.9375,0.95,0.11124,0.31756,0.9625,0.95
830,3e-05,1.04691,1.0,0.95,0.22015,0.17584,0.925,0.95,0.10975,0.33431,0.9625,0.95
831,3e-05,1.04552,1.0,0.95,0.21667,0.20936,0.9375,0.95,0.10946,0.35044,0.975,0.95
832,3e-05,1.04598,1.0,0.95,0.22081,0.17064,0.925,0.95,0.11005,0.35507,0.975,0.95
833,3e-05,1.04715,1.0,0.95,0.21619,0.21327,0.9375,0.95,0.11113,0.34538,0.9625,0.95
834,3e-05,1.04825,1.0,0.95,0.2193,0.17107,0.925,0.95,0.11158,0.33828,0.9625,0.95
835,3e-05,1.04821,1.0,0.95,0.2172,0.20861,0.9375,0.95,0.10938,0.34419,0.9625,0.95
836,3e-05,1.04844,1.0,0.95,0.22134,0.1735,0.925,0.95,0.10921,0.34078,0.975,0.95
837,3e-05,1.0482,1.0,0.95,0.21631,0.2173,0.9375,0.95,0.10971,0.34989,0.975,0.95
838,3e-05,1.04869,1.0,0.95,0.22033,0.17335,0.925,0.95,0.10829,0.34549,0.9625,0.95
839,3e-05,1.04944,1.0,0.95,0.21681,0.21015,0.9375,0.95,0.10884,0.33213,0.9625,0.95
840,3e-05,1.04893,1.0,0.95,0.21858,0.1754,0.925,0.95,0.11026,0.3331,0.9625,0.95
841,3e-05,1.0481,1.0,0.95,0.21585,0.20291,0.9375,0.95,0.11149,0.35731,0.9875,0.95
842,3e-05,1.04885,1.0,0.95,0.22092,0.16933,0.925,0.95,0.10946,0.35825,0.9625,0.95
843,3e-05,1.05021,1.0,0.95,0.21561,0.21333,0.9375,0.95,0.11111,0.34173,0.9625,0.95
844,3e-05,1.05133,1.0,0.95,0.21799,0.17438,0.925,0.95,0.10938,0.33585,0.9625,0.95
845,3e-05,1.05203,1.0,0.95,0.21585,0.20945,0.9375,0.95,0.10866,0.34056,0.975,0.95
846,3e-05,1.0513,1.0,0.95,0.22005,0.17591,0.925,0.95,0.10899,0.35733,0.975,0.95
847,3e-05,1.05013,1.0,0.95,0.21624,0.21063,0.9375,0.95,0.10792,0.3498,0.9625,0.95
848,3e-05,1.05029,1.0,0.95,0.22015,0.17241,0.925,0.95,0.10885,0.33229,0.9625,0.95
849,3e-05,1.05179,1.0,0.95,0.21619,0.21463,0.9375,0.95,0.1097,0.33491,0.9625,0.95
850,3e-05,1.05319,1.0,0.95,0.21945,0.17386,0.925,0.95,0.11098,0.36559,0.9875,0.95
851,3e-05,1.053,1.0,0.95,0.21595,0.20844,0.9375,0.95,0.10889,0.36486,0.9625,0.95
852,3e-05,1.05199,1.0,0.95,0.21866,0.17057,0.925,0.95,0.11073,0.34148,0.9625,0.95
853,3e-05,1.05209,1.0,0.95,0.21623,0.20756,0.9375,0.95,0.10898,0.33843,0.9625,0.95
854,3e-05,1.05255,1.0,0.95,0.21995,0.17226,0.925,0.95,0.10777,0.35112,0.975,0.95
855,3e-05,1.05327,1.0,0.95,0.21586,0.21404,0.9375,0.95,0.11108,0.34539,0.975,0.95
856,3e-05,1.05413,1.0,0.95,0.21986,0.17198,0.925,0.95,0.10982,0.35377,0.975,0.95
857,3e-05,1.05365,1.0,0.95,0.21578,0.20671,0.9375,0.95,0.11036,0.35877,0.9625,0.95
858,3e-05,1.0535,1.0,0.95,0.21885,0.17323,0.925,0.95,0.11099,0.3477,0.9625,0.95
859,3e-05,1.05438,1.0,0.95,0.21532,0.21313,0.9375,0.95,0.10969,0.34329,0.9625,0.95
860,3e-05,1.05539,1.0,0.95,0.22017,0.17504,0.925,0.95,0.10764,0.34654,0.975,0.95
861,3e-05,1.05478,1.0,0.95,0.21578,0.2138,0.9375,0.95,0.11472,0.33492,0.975,0.95
862,3e-05,1.05473,1.0,0.95,0.21788,0.17386,0.925,0.95,0.11112,0.35906,0.9875,0.95
863,3e-05,1.05545,1.0,0.95,0.21532,0.20638,0.9375,0.95,0.11059,0.36954,0.9625,0.95
864,3e-05,1.05559,1.0,0.95,0.2187,0.17332,0.925,0.95,0.11209,0.34431,0.9625,0.95
865,3e-05,1.0559,1.0,0.95,0.2152,0.21235,0.9375,0.95,0.10949,0.33444,0.9625,0.95
866,3e-05,1.05575,1.0,0.95,0.21922,0.17111,0.925,0.95,0.10765,0.34468,0.975,0.95
867,3e-05,1.05656,1.0,0.95,0.21508,0.21152,0.9375,0.95,0.11186,0.34188,0.975,0.95
868,3e-05,1.05758,1.0,0.95,0.21744,0.17161,0.925,0.95,0.10938,0.35203,0.9875,0.95
869,3e-05,1.05743,1.0,0.95,0.21547,0.20837,0.9375,0.95,0.10968,0.35531,0.9625,0.95
870,3e-05,1.05739,1.0,0.95,0.21876,0.17518,0.925,0.95,0.11119,0.34303,0.9625,0.95
871,3e-05,1.05709,1.0,0.95,0.21513,0.21308,0.9375,0.95,0.11007,0.34094,0.9625,0.95
872,3e-05,1.05764,1.0,0.95,0.21803,0.17339,0.925,0.95,0.10742,0.34377,0.975,0.95
873,3e-05,1.05841,1.0,0.95,0.21506,0.21173,0.9375,0.95,0.11066,0.33021,0.975,0.95
874,3e-05,1.05815,1.0,0.95,0.21734,0.1698,0.925,0.95,0.10995,0.35016,0.975,0.95
875,3e-05,1.05815,1.0,0.95,0.21522,0.21218,0.9375,0.95,0.1099,0.35941,0.9625,0.95
876,3e-05,1.05882,1.0,0.95,0.21786,0.17574,0.925,0.95,0.11117,0.3424,0.9625,0.95
877,3e-05,1.05968,1.0,0.95,0.21379,0.21525,0.9375,0.95,0.10882,0.33249,0.9625,0.95
878,3e-05,1.0604,1.0,0.95,0.22035,0.17294,0.925,0.95,0.10721,0.33744,0.975,0.95
879,3e-05,1.05978,1.0,0.95,0.21486,0.21957,0.9375,0.95,0.11279,0.33242,0.975,0.95
880,3e-05,1.0597,1.0,0.95,0.21808,0.17829,0.925,0.95,0.10939,0.34657,0.9875,0.95
881,3e-05,1.05958,1.0,0.95,0.21343,0.22522,0.9375,0.95,0.10937,0.34946,0.9625,0.95
882,3e-05,1.06058,1.0,0.95,0.22052,0.16435,0.925,0.95,0.11118,0.33737,0.9625,0.95
883,3e-05,1.06148,1.0,0.95,0.21566,0.23656,0.9375,0.95,0.10983,0.33296,0.9625,0.95
884,3e-05,1.06135,1.0,0.95,0.21862,0.18127,0.925,0.95,0.10844,0.33952,0.975,0.95
885,3e-05,1.0615,1.0,0.95,0.21515,0.22534,0.9375,0.95,0.10661,0.33558,0.975,0.95
886,3e-05,1.06133,1.0,0.95,0.22534,0.1819,0.925,0.95,0.10999,0.31934,0.9625,0.95
887,3e-05,1.06168,1.0,0.95,0.2173,0.22887,0.9375,0.95,0.11027,0.3436,0.975,0.95
888,2e-05,1.06227,1.0,0.95,0.21263,0.18067,0.925,0.95,0.10967,0.36187,0.9625,0.95
889,2e-05,1.06244,1.0,0.95,0.21315,0.21469,0.9375,0.95,0.10991,0.34351,0.9625,0.95
890,2e-05,1.06281,1.0,0.95,0.21282,0.18032,0.9375,0.95,0.10947,0.329,0.9625,0.95
891,2e-05,1.06252,1.0,0.95,0.21243,0.2113,0.9375,0.95,0.1078,0.33586,0.9625,0.95
892,2e-05,1.06307,1.0,0.95,0.21431,0.20145,0.925,0.95,0.10889,0.33908,0.975,0.95
893,2e-05,1.06385,1.0,0.95,0.21138,0.20581,0.9375,0.95,0.10837,0.35355,0.975,0.95
894,2e-05,1.06349,1.0,0.95,0.21515,0.20076,0.925,0.95,0.10871,0.35281,0.9625,0.95
895,2e-05,1.06348,1.0,0.95,0.20983,0.21802,0.95,0.95,0.10975,0.33964,0.9625,0.95
896,2e-05,1.06397,1.0,0.95,0.21128,0.18393,0.95,0.95,0.10922,0.33841,0.9625,0.95
897,2e-05,1.06441,1.0,0.95,0.21365,0.21265,0.925,0.95,0.10793,0.34613,0.975,0.95
898,2e-05,1.0645,1.0,0.95,0.20904,0.20003,0.9375,0.95,0.10638,0.34354,0.975,0.95
899,2e-05,1.06518,1.0,0.95,0.20917,0.21585,0.9375,0.95,0.10852,0.32912,0.9625,0.95
900,2e-05,1.06575,1.0,0.95,0.2164,0.18544,0.9375,0.95,0.10956,0.35115,0.975,0.95
901,2e-05,1.0662,1.0,0.95,0.20911,0.24065,0.9375,0.95,0.10949,0.36376,0.9625,0.95
902,2e-05,1.06655,1.0,0.95,0.21275,0.1824,0.9375,0.95,0.10961,0.34357,0.9625,0.95
903,2e-05,1.06593,1.0,0.95,0.21025,0.23883,0.9375,0.95,0.10898,0.33337,0.9625,0.95
904,2e-05,1.06555,1.0,0.95,0.21651,0.18349,0.95,0.95,0.10711,0.34035,0.9625,0.95
905,2e-05,1.06608,1.0,0.95,0.21169,0.24725,0.9375,0.95,0.10861,0.33788,0.975,0.95
906,2e-05,1.06687,1.0,0.95,0.21788,0.17644,0.95,0.95,0.10885,0.34996,0.975,0.95
907,2e-05,1.06742,1.0,0.95,0.21363,0.25576,0.9375,0.95,0.10905,0.35009,0.9625,0.95
908,2e-05,1.06717,1.0,0.95,0.21911,0.1758,0.9375,0.95,0.11022,0.34211,0.9625,0.95
909,2e-05,1.067,1.0,0.95,0.21687,0.25932,0.9375,0.95,0.1083,0.34159,0.9625,0.95
910,2e-05,1.06737,1.0,0.95,0.22261,0.18023,0.95,0.95,0.1066,0.33935,0.975,0.95
911,2e-05,1.0683,1.0,0.95,0.21653,0.26186,0.9375,0.95,0.1118,0.32754,0.975,0.95
912,2e-05,1.06917,1.0,0.95,0.21922,0.17498,0.9375,0.95,0.1088,0.34525,0.9875,0.95
913,2e-05,1.06852,1.0,0.95,0.21721,0.25053,0.9375,0.95,0.10834,0.34935,0.9625,0.95
914,2e-05,1.06802,1.0,0.95,0.21555,0.17882,0.9375,0.95,0.11016,0.33682,0.9625,0.95
915,2e-05,1.06894,1.0,0.95,0.2171,0.24456,0.9375,0.95,0.1089,0.33221,0.9625,0.95
916,2e-05,1.07002,1.0,0.95,0.21667,0.18753,0.9375,0.95,0.10738,0.33796,0.975,0.95
917,2e-05,1.07052,1.0,0.95,0.21487,0.23881,0.9375,0.95,0.10595,0.33677,0.975,0.95
918,2e-05,1.07008,1.0,0.95,0.21174,0.19067,0.9375,0.95,0.10944,0.31969,0.9625,0.95
919,2e-05,1.06948,1.0,0.95,0.2112,0.2298,0.95,0.95,0.10955,0.35086,0.975,0.95
920,2e-05,1.06959,1.0,0.95,0.20949,0.18939,0.9375,0.95,0.10952,0.3705,0.9625,0.95
921,2e-05,1.07023,1.0,0.95,0.20936,0.22851,0.9375,0.95,0.10979,0.34306,0.9625,0.95
922,2e-05,1.07045,1.0,0.95,0.20877,0.19208,0.9375,0.95,0.10901,0.32564,0.9625,0.95
923,2e-05,1.07115,1.0,0.95,0.2085,0.22926,0.95,0.95,0.10756,0.341,0.9625,0.95
924,2e-05,1.0716,1.0,0.95,0.21348,0.19265,0.95,0.95,0.1065,0.3495,0.975,0.95
925,2e-05,1.07114,1.0,0.95,0.20887,0.25169,0.95,0.95,0.10744,0.32795,0.975,0.95
926,2e-05,1.07132,1.0,0.95,0.21155,0.19296,0.95,0.95,0.10872,0.34394,0.975,0.95
927,2e-05,1.07215,1.0,0.95,0.20912,0.24437,0.95,0.95,0.1089,0.36347,0.9625,0.95
928,2e-05,1.07199,1.0,0.95,0.21315,0.1915,0.9375,0.95,0.10904,0.34794,0.9625,0.95
929,2e-05,1.07196,1.0,0.95,0.21027,0.24453,0.95,0.95,0.10841,0.33045,0.9625,0.95
930,2e-05,1.07263,1.0,0.95,0.21531,0.18031,0.95,0.95,0.10709,0.33619,0.9625,0.95
931,2e-05,1.0734,1.0,0.95,0.21232,0.25628,0.9375,0.95,0.1059,0.3453,0.975,0.95
932,2e-05,1.07373,1.0,0.95,0.21329,0.1834,0.925,0.95,0.10727,0.33352,0.9625,0.95
933,2e-05,1.07299,1.0,0.95,0.21349,0.25226,0.9375,0.95,0.10945,0.35022,0.975,0.95
934,2e-05,1.07321,1.0,0.95,0.21662,0.18782,0.95,0.95,0.10967,0.35729,0.9625,0.95
935,2e-05,1.07353,1.0,0.95,0.21297,0.25348,0.9375,0.95,0.10921,0.34358,0.9625,0.95
936,2e-05,1.0742,1.0,0.95,0.21298,0.18546,0.9375,0.95,0.10726,0.3369,0.9625,0.95
937,2e-05,1.07492,1.0,0.95,0.21263,0.24304,0.9375,0.95,0.10732,0.33621,0.975,0.95
938,2e-05,1.07495,1.0,0.95,0.21219,0.1874,0.9375,0.95,0.10807,0.35143,0.9875,0.95
939,2e-05,1.0745,1.0,0.95,0.21209,0.24381,0.9375,0.95,0.10634,0.34735,0.9625,0.95
940,2e-05,1.0747,1.0,0.95,0.21079,0.18558,0.9375,0.95,0.10828,0.33401,0.9625,0.95
941,2e-05,1.07554,1.0,0.95,0.21113,0.2378,0.9375,0.95,0.10809,0.33452,0.9625,0.95
942,2e-05,1.0763,1.0,0.95,0.21021,0.19564,0.9375,0.95,0.10734,0.34513,0.975,0.95
943,2e-05,1.07599,1.0,0.95,0.20905,0.21773,0.95,0.95,0.10565,0.34118,0.9625,0.95
944,2e-05,1.07604,1.0,0.95,0.2113,0.19684,0.9375,0.95,0.10722,0.32884,0.9625,0.95
945,2e-05,1.07595,1.0,0.95,0.20783,0.22779,0.95,0.95,0.10823,0.35513,0.975,0.95
946,2e-05,1.0764,1.0,0.95,0.20671,0.1977,0.9375,0.95,0.10791,0.36363,0.9625,0.95
947,2e-05,1.07714,1.0,0.95,0.20886,0.2164,0.95,0.95,0.1078,0.34064,0.9625,0.95
948,2e-05,1.07731,1.0,0.95,0.20692,0.20293,0.9375,0.95,0.10781,0.32864,0.9625,0.95
949,2e-05,1.07764,1.0,0.95,0.20563,0.22385,0.95,0.95,0.10685,0.33996,0.9625,0.95
950,2e-05,1.07712,1.0,0.95,0.20553,0.20593,0.9375,0.95,0.10572,0.34511,0.975,0.95
951,2e-05,1.07749,1.0,0.95,0.20729,0.21972,0.95,0.95,0.10525,0.33569,0.9625,0.95
952,2e-05,1.07817,1.0,0.95,0.20787,0.19402,0.9375,0.95,0.10706,0.33016,0.975,0.95
953,2e-05,1.07787,1.0,0.95,0.20679,0.22385,0.95,0.95,0.10877,0.3545,0.975,0.95
954,2e-05,1.07847,1.0,0.95,0.20696,0.20248,0.9375,0.95,0.10822,0.35645,0.9625,0.95
955,2e-05,1.07879,1.0,0.95,0.20575,0.22123,0.95,0.95,0.1084,0.33698,0.9625,0.95
956,2e-05,1.07934,1.0,0.95,0.21016,0.1977,0.95,0.95,0.10745,0.33135,0.9625,0.95
957,2e-05,1.07978,1.0,0.95,0.20578,0.22411,0.95,0.95,0.10573,0.33971,0.975,0.95
958,2e-05,1.07938,1.0,0.95,0.20589,0.20424,0.9375,0.95,0.10824,0.33399,0.975,0.95
959,2e-05,1.07919,1.0,0.95,0.20489,0.23013,0.95,0.95,0.10756,0.34727,0.9875,0.95
960,2e-05,1.08004,1.0,0.95,0.20959,0.19349,0.95,0.95,0.10723,0.35158,0.9625,0.95
961,2e-05,1.0807,1.0,0.95,0.20648,0.22404,0.95,0.95,0.109,0.3381,0.9625,0.95
962,2e-05,1.08097,1.0,0.95,0.20615,0.20296,0.9375,0.95,0.10821,0.33711,0.9625,0.95
963,2e-05,1.08121,1.0,0.95,0.20508,0.22386,0.95,0.95,0.10657,0.34725,0.975,0.95
964,2e-05,1.08081,1.0,0.95,0.20943,0.19745,0.95,0.95,0.10548,0.34329,0.975,0.95
965,2e-05,1.08056,1.0,0.95,0.20544,0.24238,0.95,0.95,0.10707,0.3273,0.975,0.95
966,2e-05,1.081,1.0,0.95,0.2079,0.19599,0.95,0.95,0.10886,0.34984,0.975,0.95
967,2e-05,1.08194,1.0,0.95,0.20692,0.23751,0.95,0.95,0.10911,0.36176,0.9625,0.95
968,2e-05,1.08234,1.0,0.95,0.20895,0.20472,0.9375,0.95,0.1086,0.33932,0.9625,0.95
969,2e-05,1.08256,1.0,0.95,0.2074,0.23209,0.95,0.95,0.10681,0.33224,0.9625,0.95
970,2e-05,1.0821,1.0,0.95,0.21128,0.18682,0.95,0.95,0.10529,0.34275,0.975,0.95
971,2e-05,1.08232,1.0,0.95,0.20664,0.24797,0.95,0.95,0.11169,0.33439,0.975,0.95
972,2e-05,1.08249,1.0,0.95,0.20629,0.1975,0.9375,0.95,0.10863,0.34884,0.9875,0.95
973,2e-05,1.08324,1.0,0.95,0.20625,0.23457,0.95,0.95,0.10774,0.3531,0.9625,0.95
974,2e-05,1.08334,1.0,0.95,0.21373,0.19433,0.95,0.95,0.1099,0.33993,0.9625,0.95
975,2e-05,1.08369,1.0,0.95,0.20803,0.22919,0.95,0.95,0.1083,0.33624,0.9625,0.95
976,2e-05,1.08408,1.0,0.95,0.20794,0.19402,0.9375,0.95,0.10678,0.34281,0.975,0.95
977,2e-05,1.08385,1.0,0.95,0.20572,0.22684,0.95,0.95,0.10512,0.34103,0.975,0.95
978,2e-05,1.08334,1.0,0.95,0.20806,0.20064,0.95,0.95,0.10852,0.32858,0.9625,0.95
979,2e-05,1.084,1.0,0.95,0.20642,0.22806,0.95,0.95,0.1082,0.35499,0.975,0.95
980,2e-05,1.08516,1.0,0.95,0.20864,0.1902,0.9375,0.95,0.10877,0.37045,0.9625,0.95
981,2e-05,1.08615,1.0,0.95,0.20526,0.2303,0.95,0.95,0.10872,0.35024,0.9625,0.95
982,2e-05,1.08586,1.0,0.95,0.20674,0.20042,0.9375,0.95,0.10787,0.3352,0.9625,0.95
983,2e-05,1.0857,1.0,0.95,0.20473,0.22589,0.95,0.95,0.10642,0.34355,0.9625,0.95
984,2e-05,1.08511,1.0,0.95,0.21089,0.19567,0.95,0.95,0.10522,0.35022,0.975,0.95
985,2e-05,1.08546,1.0,0.95,0.20519,0.25064,0.95,0.95,0.10646,0.33397,0.975,0.95
986,2e-05,1.0863,1.0,0.95,0.20666,0.19574,0.95,0.95,0.10744,0.34519,0.975,0.95
987,2e-05,1.08647,1.0,0.95,0.20615,0.23709,0.95,0.95,0.10801,0.3614,0.9625,0.95
988,2e-05,1.08677,1.0,0.95,0.20938,0.20619,0.95,0.95,0.10817,0.35131,0.9625,0.95
989,2e-05,1.0872,1.0,0.95,0.20608,0.23249,0.95,0.95,0.10731,0.33604,0.9625,0.95
990,2e-05,1.08692,1.0,0.95,0.21264,0.19063,0.95,0.95,0.10593,0.33744,0.9625,0.95
991,2e-05,1.08653,1.0,0.95,0.20519,0.24827,0.95,0.95,0.10491,0.34319,0.975,0.95
992,2e-05,1.0871,1.0,0.95,0.20732,0.19258,0.9375,0.95,0.10677,0.33579,0.975,0.95
993,2e-05,1.08797,1.0,0.95,0.20606,0.22715,0.95,0.95,0.10732,0.35186,0.975,0.95
994,2e-05,1.08855,1.0,0.95,0.20978,0.20341,0.9375,0.95,0.10796,0.35842,0.9625,0.95
995,2e-05,1.08915,1.0,0.95,0.20493,0.23321,0.95,0.95,0.10805,0.3412,0.9625,0.95
996,2e-05,1.08867,1.0,0.95,0.207,0.1954,0.95,0.95,0.10734,0.3345,0.9625,0.95
997,2e-05,1.08817,1.0,0.95,0.2055,0.22674,0.95,0.95,0.10587,0.34572,0.9625,0.95
998,2e-05,1.08868,1.0,0.95,0.20491,0.20529,0.9375,0.95,0.10477,0.34514,0.975,0.95
999,2e-05,1.08956,1.0,0.95,0.20375,0.22453,0.95,0.95,0.10631,0.33019,0.975,0.95
1000,2e-05,1.08971,1.0,0.95,0.20677,0.20208,0.95,0.95,0.10787,0.35353,0.975,0.95
1001,2e-05,1.08983,1.0,0.95,0.20529,0.22743,0.95,0.95,0.10862,0.36216,0.9625,0.95
1002,2e-05,1.08975,1.0,0.95,0.20518,0.19325,0.9375,0.95,0.10844,0.34059,0.9625,0.95
1003,2e-05,1.09017,1.0,0.95,0.20411,0.21645,0.95,0.95,0.10642,0.33393,0.9625,0.95
1004,2e-05,1.09065,1.0,0.95,0.20647,0.20557,0.9375,0.95,0.10497,0.34583,0.975,0.95
1005,2e-05,1.09023,1.0,0.95,0.20258,0.22346,0.95,0.95,0.11074,0.33793,0.975,0.95
1006,2e-05,1.09016,1.0,0.95,0.20904,0.19467,0.95,0.95,0.10741,0.35142,0.9875,0.95
1007,2e-05,1.09108,1.0,0.95,0.20401,0.2389,0.95,0.95,0.1064,0.35499,0.9625,0.95
1008,2e-05,1.09214,1.0,0.95,0.20469,0.19595,0.9375,0.95,0.1088,0.34049,0.9625,0.95
1009,2e-05,1.0927,1.0,0.95,0.20381,0.23162,0.95,0.95,0.10787,0.33721,0.9625,0.95
1010,2e-05,1.09241,1.0,0.95,0.20819,0.19518,0.95,0.95,0.10667,0.34342,0.975,0.95
1011,2e-05,1.09152,1.0,0.95,0.20487,0.24631,0.95,0.95,0.10508,0.34527,0.975,0.95
1012,2e-05,1.09179,1.0,0.95,0.2092,0.19496,0.95,0.95,0.10413,0.33575,0.9625,0.95
1013,2e-05,1.09269,1.0,0.95,0.20626,0.23533,0.95,0.95,0.10525,0.32669,0.9625,0.95
1014,2e-05,1.09277,1.0,0.95,0.20892,0.19137,0.9375,0.95,0.10751,0.35208,0.975,0.95
1015,2e-05,1.09311,1.0,0.95,0.20508,0.25025,0.95,0.95,0.10716,0.36064,0.9625,0.95
1016,2e-05,1.09365,1.0,0.95,0.20741,0.19991,0.95,0.95,0.10678,0.33687,0.9625,0.95
1017,2e-05,1.09341,1.0,0.95,0.20695,0.24145,0.95,0.95,0.10669,0.33012,0.9625,0.95
1018,2e-05,1.09338,1.0,0.95,0.21062,0.19521,0.95,0.95,0.1053,0.34377,0.9625,0.95
1019,2e-05,1.09379,1.0,0.95,0.20536,0.24732,0.95,0.95,0.10416,0.34943,0.975,0.95
1020,2e-05,1.0946,1.0,0.95,0.20519,0.18713,0.9375,0.95,0.10503,0.33653,0.975,0.95
1021,2e-05,1.09448,1.0,0.95,0.20545,0.23483,0.95,0.95,0.10659,0.35354,0.975,0.95
1022,2e-05,1.09471,1.0,0.95,0.20826,0.19283,0.9375,0.95,0.10716,0.36341,0.9625,0.95
1023,2e-05,1.09519,1.0,0.95,0.20652,0.23575,0.95,0.95,0.10749,0.34637,0.9625,0.95
1024,2e-05,1.09503,1.0,0.95,0.21157,0.18955,0.95,0.95,0.1066,0.33754,0.9625,0.95
1025,2e-05,1.09534,1.0,0.95,0.206,0.24886,0.95,0.95,0.10495,0.34366,0.9625,0.95
1026,2e-05,1.0958,1.0,0.95,0.20559,0.19489,0.9375,0.95,0.1039,0.3431,0.975,0.95
1027,2e-05,1.09567,1.0,0.95,0.20515,0.22511,0.95,0.95,0.10572,0.33203,0.975,0.95
1028,2e-05,1.09572,1.0,0.95,0.20789,0.20448,0.9375,0.95,0.10644,0.35057,0.975,0.95
1029,2e-05,1.09633,1.0,0.95,0.20381,0.23466,0.95,0.95,0.1068,0.36047,0.9625,0.95
1030,2e-05,1.0971,1.0,0.95,0.20672,0.18861,0.95,0.95,0.10746,0.34189,0.9625,0.95
1031,2e-05,1.09771,1.0,0.95,0.20498,0.23699,0.95,0.95,0.10672,0.33384,0.9625,0.95
1032,2e-05,1.09722,1.0,0.95,0.20398,0.1954,0.9375,0.95,0.10546,0.34453,0.9625,0.95
1033,2e-05,1.09664,1.0,0.95,0.20437,0.23233,0.95,0.95,0.10413,0.34802,0.975,0.95
1034,2e-05,1.09718,1.0,0.95,0.21027,0.19268,0.95,0.95,0.10604,0.33166,0.975,0.95
1035,2e-05,1.09803,1.0,0.95,0.20389,0.23735,0.95,0.95,0.10716,0.35179,0.975,0.95
1036,2e-05,1.09827,1.0,0.95,0.20637,0.19326,0.9375,0.95,0.10779,0.35842,0.9625,0.95
1037,2e-05,1.09864,1.0,0.95,0.20396,0.2348,0.95,0.95,0.10746,0.33817,0.9625,0.95
1038,2e-05,1.09901,1.0,0.95,0.20701,0.19345,0.95,0.95,0.10562,0.3334,0.9625,0.95
1039,2e-05,1.09852,1.0,0.95,0.20411,0.24308,0.95,0.95,0.1038,0.34417,0.975,0.95
1040,2e-05,1.09847,1.0,0.95,0.20706,0.20539,0.95,0.95,0.10922,0.3351,0.975,0.95
1041,2e-05,1.0992,1.0,0.95,0.20445,0.2347,0.95,0.95,0.10702,0.34568,0.9875,0.95
1042,2e-05,1.09977,1.0,0.95,0.20746,0.19778,0.9375,0.95,0.10545,0.35059,0.9625,0.95
1043,2e-05,1.10018,1.0,0.95,0.2029,0.22889,0.95,0.95,0.10774,0.34349,0.9625,0.95
1044,2e-05,1.09999,1.0,0.95,0.20284,0.19807,0.9375,0.95,0.10718,0.34166,0.9625,0.95
1045,2e-05,1.09963,1.0,0.95,0.20269,0.21866,0.95,0.95,0.10584,0.34638,0.975,0.95
1046,2e-05,1.10017,1.0,0.95,0.20388,0.20725,0.9375,0.95,0.10432,0.34682,0.975,0.95
1047,2e-05,1.101,1.0,0.95,0.20212,0.22668,0.95,0.95,0.10329,0.33853,0.9625,0.95
1048,2e-05,1.10143,1.0,0.95,0.20486,0.20579,0.95,0.95,0.10484,0.3333,0.9625,0.95
1049,2e-05,1.10095,1.0,0.95,0.20159,0.23057,0.95,0.95,0.10679,0.36103,0.975,0.95
1050,2e-05,1.1011,1.0,0.95,0.2031,0.20202,0.9375,0.95,0.10675,0.36702,0.9625,0.95
1051,2e-05,1.10109,1.0,0.95,0.2017,0.21686,0.95,0.95,0.10636,0.34589,0.9625,0.95
1052,2e-05,1.10147,1.0,0.95,0.20479,0.21168,0.9375,0.95,0.10617,0.33732,0.9625,0.95
1053,2e-05,1.102,1.0,0.95,0.20067,0.23199,0.95,0.95,0.10481,0.34863,0.9625,0.95
1054,2e-05,1.10161,1.0,0.95,0.20453,0.19479,0.95,0.95,0.10377,0.35034,0.975,0.95
1055,2e-05,1.10157,1.0,0.95,0.20234,0.22821,0.95,0.95,0.1038,0.33184,0.975,0.95
1056,2e-05,1.10264,1.0,0.95,0.20252,0.20059,0.9375,0.95,0.10546,0.35051,0.975,0.95
1057,2e-05,1.10359,1.0,0.95,0.20123,0.22344,0.95,0.95,0.10624,0.36196,0.9625,0.95
1058,2e-05,1.10421,1.0,0.95,0.20737,0.19825,0.95,0.95,0.10667,0.34241,0.9625,0.95
1059,2e-05,1.10387,1.0,0.95,0.20164,0.23331,0.95,0.95,0.10569,0.33213,0.9625,0.95
1060,2e-05,1.10313,1.0,0.95,0.20492,0.19654,0.9375,0.95,0.10437,0.34522,0.9625,0.95
1061,2e-05,1.10335,1.0,0.95,0.20144,0.22956,0.95,0.95,0.10333,0.34679,0.975,0.95
1062,2e-05,1.10422,1.0,0.95,0.20449,0.19719,0.95,0.95,0.10544,0.32901,0.975,0.95
1063,2e-05,1.10437,1.0,0.95,0.20177,0.23654,0.95,0.95,0.1061,0.35086,0.975,0.95
1064,2e-05,1.1047,1.0,0.95,0.20566,0.19932,0.95,0.95,0.10632,0.36554,0.9625,0.95
1065,2e-05,1.10523,1.0,0.95,0.20355,0.23222,0.95,0.95,0.10676,0.34619,0.9625,0.95
1066,2e-05,1.10484,1.0,0.95,0.20524,0.19222,0.95,0.95,0.1059,0.33526,0.9625,0.95
1067,2e-05,1.10505,1.0,0.95,0.20177,0.2351,0.95,0.95,0.10465,0.34663,0.9625,0.95
1068,2e-05,1.10527,1.0,0.95,0.20436,0.20186,0.95,0.95,0.10344,0.34494,0.975,0.95
1069,2e-05,1.10575,1.0,0.95,0.20208,0.22747,0.95,0.95,0.10618,0.32439,0.975,0.95
1070,2e-05,1.10572,1.0,0.95,0.20723,0.18761,0.95,0.95,0.1072,0.35055,0.975,0.95
1071,2e-05,1.10611,1.0,0.95,0.20241,0.23751,0.95,0.95,0.10756,0.3613,0.9625,0.95
1072,1e-05,1.10642,1.0,0.95,0.20336,0.19435,0.9375,0.95,0.1071,0.33772,0.9625,0.95
1073,1e-05,1.10635,1.0,0.95,0.20202,0.23216,0.95,0.95,0.10519,0.33353,0.9625,0.95
1074,1e-05,1.10708,1.0,0.95,0.21049,0.19731,0.95,0.95,0.10337,0.34679,0.975,0.95
1075,1e-05,1.1078,1.0,0.95,0.20426,0.24016,0.95,0.95,0.10857,0.34055,0.975,0.95
1076,1e-05,1.10777,1.0,0.95,0.20627,0.19476,0.9375,0.95,0.10619,0.3567,0.9875,0.95
1077,1e-05,1.1073,1.0,0.95,0.20203,0.23742,0.95,0.95,0.10486,0.36057,0.9625,0.95
1078,1e-05,1.10757,1.0,0.95,0.2042,0.19399,0.95,0.95,0.10732,0.34527,0.9625,0.95
1079,1e-05,1.10832,1.0,0.95,0.20147,0.22804,0.95,0.95,0.10621,0.33707,0.9625,0.95
1080,1e-05,1.10832,1.0,0.95,0.20419,0.20262,0.95,0.95,0.10499,0.34492,0.975,0.95
1081,1e-05,1.10779,1.0,0.95,0.20165,0.22924,0.95,0.95,0.10393,0.35269,0.975,0.95
1082,1e-05,1.10814,1.0,0.95,0.20781,0.19425,0.95,0.95,0.10283,0.33697,0.9625,0.95
1083,1e-05,1.10888,1.0,0.95,0.20072,0.24331,0.95,0.95,0.103,0.32854,0.9625,0.95
1084,1e-05,1.10955,1.0,0.95,0.20302,0.19103,0.95,0.95,0.10263,0.34408,0.975,0.95
1085,1e-05,1.11023,1.0,0.95,0.20211,0.22691,0.95,0.95,0.1018,0.35258,0.975,0.95
1086,1e-05,1.11003,1.0,0.95,0.2047,0.19998,0.95,0.95,0.10368,0.33515,0.975,0.95
1087,1e-05,1.10954,1.0,0.95,0.20058,0.23374,0.95,0.95,0.10682,0.34905,0.975,0.95
1088,1e-05,1.10981,1.0,0.95,0.20732,0.19615,0.95,0.95,0.10574,0.36055,0.9625,0.95
1089,1e-05,1.11026,1.0,0.95,0.20188,0.24243,0.95,0.95,0.1052,0.34854,0.9625,0.95
1090,1e-05,1.11089,1.0,0.95,0.20304,0.19127,0.9375,0.95,0.1035,0.33453,0.9625,0.95
1091,1e-05,1.11094,1.0,0.95,0.2021,0.23211,0.95,0.95,0.10684,0.32516,0.975,0.95
1092,1e-05,1.11069,1.0,0.95,0.20426,0.19254,0.95,0.95,0.10653,0.34889,0.9875,0.95
1093,1e-05,1.11086,1.0,0.95,0.2028,0.23904,0.95,0.95,0.1037,0.35522,0.9625,0.95
1094,1e-05,1.11135,1.0,0.95,0.20625,0.19203,0.95,0.95,0.10611,0.33768,0.9625,0.95
1095,1e-05,1.112,1.0,0.95,0.20269,0.23913,0.95,0.95,0.10604,0.33826,0.9625,0.95
1096,1e-05,1.11168,1.0,0.95,0.20563,0.19744,0.9375,0.95,0.10471,0.35255,0.9625,0.95
1097,1e-05,1.11122,1.0,0.95,0.20238,0.24581,0.95,0.95,0.10412,0.35476,0.975,0.95
1098,1e-05,1.11192,1.0,0.95,0.20574,0.199,0.95,0.95,0.10242,0.33805,0.9625,0.95
1099,1e-05,1.11288,1.0,0.95,0.20252,0.23587,0.95,0.95,0.10257,0.33586,0.9625,0.95
1100,1e-05,1.11288,1.0,0.95,0.20542,0.19617,0.9375,0.95,0.10216,0.35051,0.975,0.95
1101,1e-05,1.11299,1.0,0.95,0.20314,0.23865,0.95,0.95,0.10173,0.36061,0.975,0.95
1102,1e-05,1.11329,1.0,0.95,0.20437,0.19621,0.95,0.95,0.10301,0.34799,0.975,0.95
1103,1e-05,1.11308,1.0,0.95,0.20274,0.23347,0.95,0.95,0.10584,0.36158,0.975,0.95
1104,1e-05,1.11315,1.0,0.95,0.20442,0.19501,0.9375,0.95,0.10535,0.36648,0.9625,0.95
1105,1e-05,1.11355,1.0,0.95,0.20145,0.23109,0.95,0.95,0.10477,0.35478,0.9625,0.95
1106,1e-05,1.11416,1.0,0.95,0.20186,0.20028,0.9375,0.95,0.103,0.34319,0.9625,0.95
1107,1e-05,1.11479,1.0,0.95,0.20161,0.23274,0.95,0.95,0.10479,0.33309,0.975,0.95
1108,1e-05,1.11455,1.0,0.95,0.20388,0.20108,0.95,0.95,0.1055,0.35749,0.9875,0.95
1109,1e-05,1.11449,1.0,0.95,0.2008,0.2286,0.95,0.95,0.10319,0.36009,0.9625,0.95
1110,1e-05,1.11492,1.0,0.95,0.20092,0.19954,0.9375,0.95,0.10523,0.33563,0.9625,0.95
1111,1e-05,1.11547,1.0,0.95,0.19978,0.22104,0.95,0.95,0.10567,0.33108,0.9625,0.95
1112,1e-05,1.11548,1.0,0.95,0.20157,0.2061,0.9375,0.95,0.10437,0.3431,0.9625,0.95
1113,1e-05,1.11558,1.0,0.95,0.19921,0.21646,0.95,0.95,0.10366,0.34817,0.975,0.95
1114,1e-05,1.11534,1.0,0.95,0.20189,0.2054,0.95,0.95,0.10292,0.33989,0.9625,0.95
1115,1e-05,1.11597,1.0,0.95,0.19878,0.22631,0.95,0.95,0.10326,0.34239,0.9625,0.95
1116,1e-05,1.11677,1.0,0.95,0.20119,0.20517,0.9625,0.95,0.1039,0.35432,0.9625,0.95
1117,1e-05,1.11665,1.0,0.95,0.19926,0.21514,0.95,0.95,0.10371,0.35517,0.9625,0.95
1118,1e-05,1.11684,1.0,0.95,0.20123,0.20999,0.9375,0.95,0.10333,0.34435,0.9625,0.95
1119,1e-05,1.11682,1.0,0.95,0.19817,0.22237,0.95,0.95,0.10313,0.34229,0.9625,0.95
1120,1e-05,1.11706,1.0,0.95,0.20201,0.205,0.95,0.95,0.10324,0.34877,0.9625,0.95
1121,1e-05,1.11713,1.0,0.95,0.19901,0.21998,0.95,0.95,0.10347,0.34956,0.9625,0.95
1122,1e-05,1.11765,1.0,0.95,0.20144,0.21322,0.9375,0.95,0.10325,0.34336,0.9625,0.95
1123,1e-05,1.11833,1.0,0.95,0.19853,0.22228,0.95,0.95,0.10323,0.34506,0.9625,0.95
1124,1e-05,1.1182,1.0,0.95,0.20149,0.20892,0.95,0.95,0.10246,0.34743,0.9625,0.95
1125,1e-05,1.11749,1.0,0.95,0.19982,0.21947,0.95,0.95,0.10177,0.34347,0.9625,0.95
1126,1e-05,1.11769,1.0,0.95,0.20127,0.19737,0.9375,0.95,0.10435,0.33442,0.975,0.95
1127,1e-05,1.11856,1.0,0.95,0.19839,0.22326,0.95,0.95,0.10684,0.35843,0.9875,0.95
1128,1e-05,1.11953,1.0,0.95,0.19993,0.20922,0.9375,0.95,0.10529,0.3545,0.9625,0.95
1129,1e-05,1.11964,1.0,0.95,0.19798,0.22016,0.95,0.95,0.10523,0.3308,0.9625,0.95
1130,1e-05,1.11926,1.0,0.95,0.20468,0.20098,0.95,0.95,0.10316,0.33164,0.9625,0.95
1131,1e-05,1.11956,1.0,0.95,0.19855,0.23659,0.95,0.95,0.10675,0.33974,0.975,0.95
1132,1e-05,1.12,1.0,0.95,0.20055,0.20232,0.95,0.95,0.10705,0.36492,0.9875,0.95
1133,1e-05,1.12008,1.0,0.95,0.19859,0.21831,0.95,0.95,0.10284,0.35699,0.9625,0.95
1134,1e-05,1.12043,1.0,0.95,0.20472,0.20776,0.95,0.95,0.10634,0.33325,0.9625,0.95
1135,1e-05,1.12041,1.0,0.95,0.19806,0.23143,0.95,0.95,0.10582,0.33586,0.9625,0.95
1136,1e-05,1.12061,1.0,0.95,0.2024,0.20018,0.95,0.95,0.10443,0.34604,0.975,0.95
1137,1e-05,1.12083,1.0,0.95,0.19826,0.22938,0.95,0.95,0.10313,0.34469,0.975,0.95
1138,1e-05,1.12065,1.0,0.95,0.20177,0.2044,0.95,0.95,0.10138,0.33492,0.9625,0.95
1139,1e-05,1.12057,1.0,0.95,0.19828,0.21722,0.95,0.95,0.10356,0.3262,0.9625,0.95
1140,1e-05,1.1213,1.0,0.95,0.20439,0.20506,0.95,0.95,0.10717,0.36317,0.975,0.95
1141,1e-05,1.12202,1.0,0.95,0.19808,0.23101,0.95,0.95,0.10664,0.36338,0.9625,0.95
1142,1e-05,1.12266,1.0,0.95,0.20164,0.20153,0.95,0.95,0.10508,0.32922,0.9625,0.95
1143,1e-05,1.1223,1.0,0.95,0.1992,0.22347,0.95,0.95,0.10386,0.32856,0.9625,0.95
1144,1e-05,1.12171,1.0,0.95,0.20189,0.19769,0.9375,0.95,0.10385,0.34502,0.9625,0.95
1145,1e-05,1.12221,1.0,0.95,0.19829,0.22934,0.95,0.95,0.10528,0.36379,0.9875,0.95
1146,1e-05,1.12308,1.0,0.95,0.20278,0.20108,0.95,0.95,0.10282,0.34852,0.9625,0.95
1147,1e-05,1.12371,1.0,0.95,0.19904,0.23649,0.95,0.95,0.10458,0.33862,0.9625,0.95
1148,1e-05,1.12353,1.0,0.95,0.20448,0.19397,0.95,0.95,0.10483,0.34678,0.9625,0.95
1149,1e-05,1.12315,1.0,0.95,0.19922,0.24209,0.95,0.95,0.10386,0.34923,0.9625,0.95
1150,1e-05,1.12352,1.0,0.95,0.2019,0.1946,0.95,0.95,0.10335,0.33995,0.975,0.95
1151,1e-05,1.12422,1.0,0.95,0.19968,0.24312,0.95,0.95,0.10261,0.34122,0.9625,0.95
1152,1e-05,1.12483,1.0,0.95,0.20793,0.19069,0.95,0.95,0.1028,0.34867,0.9625,0.95
1153,1e-05,1.12464,1.0,0.95,0.20112,0.25349,0.95,0.95,0.10331,0.34877,0.9625,0.95
1154,1e-05,1.12391,1.0,0.95,0.20529,0.1876,0.95,0.95,0.10317,0.34233,0.9625,0.95
1155,1e-05,1.12415,1.0,0.95,0.20193,0.24943,0.95,0.95,0.10238,0.34721,0.9625,0.95
1156,1e-05,1.12481,1.0,0.95,0.20725,0.19685,0.95,0.95,0.10182,0.34537,0.9625,0.95
1157,1e-05,1.1255,1.0,0.95,0.20237,0.24914,0.95,0.95,0.10138,0.34435,0.9625,0.95
1158,1e-05,1.12535,1.0,0.95,0.2077,0.18023,0.95,0.95,0.1031,0.34135,0.975,0.95
1159,1e-05,1.1252,1.0,0.95,0.20387,0.2502,0.95,0.95,0.10505,0.35891,0.9875,0.95
1160,1e-05,1.12546,1.0,0.95,0.20481,0.19559,0.95,0.95,0.10426,0.35517,0.9625,0.95
1161,1e-05,1.12609,1.0,0.95,0.20171,0.23898,0.95,0.95,0.10493,0.33711,0.9625,0.95
1162,1e-05,1.12674,1.0,0.95,0.20808,0.18493,0.95,0.95,0.10416,0.33718,0.9625,0.95
1163,1e-05,1.12649,1.0,0.95,0.20202,0.24706,0.95,0.95,0.10214,0.34361,0.9625,0.95
1164,1e-05,1.12623,1.0,0.95,0.19988,0.19211,0.9375,0.95,0.10485,0.33138,0.975,0.95
1165,1e-05,1.12646,1.0,0.95,0.20069,0.22164,0.95,0.95,0.10433,0.34769,0.9875,0.95
1166,1e-05,1.12702,1.0,0.95,0.20594,0.20341,0.95,0.95,0.10347,0.35276,0.9625,0.95
1167,1e-05,1.1276,1.0,0.95,0.20069,0.2402,0.95,0.95,0.10547,0.33846,0.9625,0.95
1168,1e-05,1.12808,1.0,0.95,0.20134,0.18773,0.95,0.95,0.10457,0.33551,0.9625,0.95
1169,1e-05,1.12788,1.0,0.95,0.19995,0.22883,0.95,0.95,0.10349,0.34793,0.9625,0.95
1170,1e-05,1.12809,1.0,0.95,0.19961,0.20289,0.9375,0.95,0.10227,0.35354,0.975,0.95
1171,1e-05,1.12788,1.0,0.95,0.19851,0.22978,0.95,0.95,0.10141,0.34527,0.9625,0.95
1172,1e-05,1.12823,1.0,0.95,0.20661,0.1963,0.95,0.95,0.10147,0.34229,0.9625,0.95
1173,1e-05,1.12895,1.0,0.95,0.1997,0.23674,0.95,0.95,0.10091,0.35185,0.975,0.95
1174,1e-05,1.12902,1.0,0.95,0.19998,0.19377,0.9375,0.95,0.10067,0.35768,0.975,0.95
1175,1e-05,1.12871,1.0,0.95,0.19784,0.23143,0.95,0.95,0.10152,0.34619,0.975,0.95
1176,1e-05,1.12896,1.0,0.95,0.20181,0.19655,0.95,0.95,0.10509,0.36668,0.975,0.95
1177,1e-05,1.12964,1.0,0.95,0.19961,0.22903,0.95,0.95,0.1044,0.36716,0.9625,0.95
1178,1e-05,1.12971,1.0,0.95,0.20323,0.20005,0.95,0.95,0.10366,0.3491,0.9625,0.95
1179,1e-05,1.13011,1.0,0.95,0.19759,0.2424,0.95,0.95,0.10193,0.34499,0.9625,0.95
1180,1e-05,1.13047,1.0,0.95,0.20058,0.1956,0.95,0.95,0.10424,0.33694,0.975,0.95
1181,1e-05,1.13031,1.0,0.95,0.19843,0.22271,0.95,0.95,0.10518,0.3531,0.9875,0.95
1182,1e-05,1.13017,1.0,0.95,0.20079,0.20265,0.9375,0.95,0.10267,0.3564,0.9625,0.95
1183,1e-05,1.1306,1.0,0.95,0.19706,0.23502,0.95,0.95,0.10459,0.33835,0.9625,0.95
1184,1e-05,1.13099,1.0,0.95,0.20356,0.19274,0.95,0.95,0.10488,0.33423,0.9625,0.95
1185,1e-05,1.13168,1.0,0.95,0.19864,0.24033,0.95,0.95,0.10358,0.35139,0.9625,0.95
1186,1e-05,1.13171,1.0,0.95,0.20057,0.1934,0.95,0.95,0.10282,0.35208,0.975,0.95
1187,1e-05,1.13187,1.0,0.95,0.19877,0.23752,0.95,0.95,0.10178,0.33592,0.9625,0.95
1188,1e-05,1.13173,1.0,0.95,0.20433,0.19411,0.95,0.95,0.10264,0.33832,0.9625,0.95
1189,1e-05,1.13212,1.0,0.95,0.19873,0.23599,0.95,0.95,0.103,0.34753,0.9625,0.95
1190,1e-05,1.13262,1.0,0.95,0.20285,0.19358,0.95,0.95,0.10296,0.34875,0.9625,0.95
1191,1e-05,1.13242,1.0,0.95,0.1985,0.2363,0.95,0.95,0.10252,0.34846,0.9625,0.95
1192,1e-05,1.13251,1.0,0.95,0.20147,0.18934,0.95,0.95,0.10217,0.34738,0.9625,0.95
1193,1e-05,1.13227,1.0,0.95,0.1985,0.24182,0.95,0.95,0.10258,0.3467,0.9625,0.95
1194,1e-05,1.13292,1.0,0.95,0.20264,0.19137,0.95,0.95,0.10167,0.34018,0.9625,0.95
1195,1e-05,1.13369,1.0,0.95,0.19867,0.24308,0.95,0.95,0.10092,0.33764,0.9625,0.95
1196,1e-05,1.13359,1.0,0.95,0.20288,0.19224,0.95,0.95,0.10351,0.33451,0.975,0.95
1197,1e-05,1.13403,1.0,0.95,0.19886,0.24427,0.95,0.95,0.10615,0.36036,0.975,0.95
1198,1e-05,1.13422,1.0,0.95,0.20276,0.19128,0.95,0.95,0.10488,0.35122,0.9625,0.95
1199,1e-05,1.13458,1.0,0.95,0.19898,0.24715,0.95,0.95,0.10415,0.33076,0.9625,0.95
1200,1e-05,1.13418,1.0,0.95,0.20296,0.19053,0.95,0.95,0.10211,0.33586,0.9625,0.95
1201,1e-05,1.13425,1.0,0.95,0.1999,0.23357,0.95,0.95,0.10695,0.33843,0.975,0.95
1202,1e-05,1.13493,1.0,0.95,0.20366,0.19719,0.95,0.95,0.10717,0.35886,0.9875,0.95
1203,1e-05,1.13498,1.0,0.95,0.1998,0.24364,0.95,0.95,0.10225,0.35387,0.9625,0.95
1204,1e-05,1.13514,1.0,0.95,0.20144,0.19114,0.95,0.95,0.10582,0.33249,0.9625,0.95
1205,1e-05,1.13504,1.0,0.95,0.201,0.2321,0.95,0.95,0.10523,0.33613,0.9625,0.95
1206,1e-05,1.13565,1.0,0.95,0.2,0.19456,0.95,0.95,0.10358,0.35287,0.975,0.95
1207,1e-05,1.13574,1.0,0.95,0.1983,0.2346,0.95,0.95,0.10289,0.35035,0.9875,0.95
1208,1e-05,1.1363,1.0,0.95,0.20276,0.1978,0.95,0.95,0.10059,0.33282,0.9625,0.95
1209,1e-05,1.13693,1.0,0.95,0.1983,0.23726,0.95,0.95,0.10423,0.32698,0.9625,0.95
1210,1e-05,1.13657,1.0,0.95,0.20223,0.19229,0.95,0.95,0.10754,0.37563,0.975,0.95
1211,1e-05,1.13669,1.0,0.95,0.19787,0.2386,0.95,0.95,0.10655,0.36879,0.9625,0.95
1212,1e-05,1.13654,1.0,0.95,0.19871,0.197,0.9375,0.95,0.10436,0.32775,0.9625,0.95
1213,1e-05,1.13703,1.0,0.95,0.19818,0.22476,0.95,0.95,0.1032,0.32663,0.9625,0.95
1214,1e-05,1.13791,1.0,0.95,0.2012,0.19715,0.95,0.95,0.11082,0.34051,0.975,0.95
1215,1e-05,1.13791,1.0,0.95,0.19664,0.24546,0.95,0.95,0.10917,0.37347,0.9875,0.95
1216,1e-05,1.13785,1.0,0.95,0.19984,0.20375,0.95,0.95,0.10307,0.35601,0.975,0.95
1217,1e-05,1.13773,1.0,0.95,0.19778,0.22788,0.95,0.95,0.10637,0.32995,0.9625,0.95
1218,1e-05,1.13812,1.0,0.95,0.19995,0.19941,0.9375,0.95,0.10653,0.34034,0.9625,0.95
1219,1e-05,1.13858,1.0,0.95,0.19714,0.22572,0.95,0.95,0.10395,0.35596,0.9625,0.95
1220,1e-05,1.13847,1.0,0.95,0.19816,0.20134,0.95,0.95,0.10405,0.34223,0.9875,0.95
1221,1e-05,1.13886,1.0,0.95,0.19574,0.22163,0.95,0.95,0.10175,0.3355,0.975,0.95
1222,1e-05,1.13872,1.0,0.95,0.19891,0.20383,0.95,0.95,0.10181,0.34072,0.9625,0.95
1223,1e-05,1.13912,1.0,0.95,0.19593,0.22738,0.95,0.95,0.10215,0.34509,0.9625,0.95
1224,1e-05,1.13962,1.0,0.95,0.19814,0.1985,0.95,0.95,0.10118,0.34445,0.975,0.95
1225,1e-05,1.1395,1.0,0.95,0.19634,0.22163,0.95,0.95,0.10009,0.34,0.975,0.95
1226,1e-05,1.1396,1.0,0.95,0.19879,0.21045,0.95,0.95,0.10351,0.33021,0.975,0.95
1227,1e-05,1.13941,1.0,0.95,0.19498,0.2291,0.95,0.95,0.10497,0.3634,0.975,0.95
1228,1e-05,1.13997,1.0,0.95,0.19943,0.19708,0.95,0.95,0.10419,0.36691,0.9625,0.95
1229,1e-05,1.14063,1.0,0.95,0.19621,0.21716,0.95,0.95,0.10382,0.33762,0.9625,0.95
1230,1e-05,1.14045,1.0,0.95,0.19718,0.20787,0.9375,0.95,0.10279,0.33479,0.9625,0.95
1231,1e-05,1.14076,1.0,0.95,0.19544,0.22244,0.95,0.95,0.10126,0.34674,0.9625,0.95
1232,1e-05,1.14095,1.0,0.95,0.19988,0.20194,0.95,0.95,0.10379,0.32983,0.975,0.95
1233,1e-05,1.14122,1.0,0.95,0.19687,0.22526,0.95,0.95,0.1037,0.34758,0.9875,0.95
1234,1e-05,1.14117,1.0,0.95,0.19824,0.19932,0.95,0.95,0.10282,0.3604,0.9625,0.95
1235,1e-05,1.14156,1.0,0.95,0.1949,0.22589,0.95,0.95,0.10474,0.34069,0.9625,0.95
1236,1e-05,1.14196,1.0,0.95,0.19871,0.20116,0.95,0.95,0.10434,0.33497,0.9625,0.95
1237,1e-05,1.14169,1.0,0.95,0.19543,0.22284,0.95,0.95,0.10314,0.34843,0.9625,0.95
1238,1e-05,1.14213,1.0,0.95,0.19923,0.19535,0.95,0.95,0.10214,0.35053,0.975,0.95
1239,1e-05,1.1427,1.0,0.95,0.19602,0.23663,0.95,0.95,0.10075,0.3338,0.9625,0.95
1240,1e-05,1.14249,1.0,0.95,0.19884,0.20762,0.95,0.95,0.10039,0.33259,0.9625,0.95
1241,1e-05,1.14214,1.0,0.95,0.19635,0.23076,0.95,0.95,0.10014,0.35246,0.975,0.95
1242,1e-05,1.14288,1.0,0.95,0.20016,0.19948,0.95,0.95,0.10008,0.35742,0.975,0.95
1243,1e-05,1.14372,1.0,0.95,0.19574,0.2305,0.95,0.95,0.09959,0.3478,0.975,0.95
1244,1e-05,1.14433,1.0,0.95,0.1971,0.20085,0.9375,0.95,0.1033,0.34082,0.9625,0.95
1245,1e-05,1.14401,1.0,0.95,0.19575,0.22724,0.95,0.95,0.10556,0.36791,0.9875,0.95
1246,1e-05,1.14337,1.0,0.95,0.2001,0.20527,0.95,0.95,0.10357,0.36118,0.9625,0.95
1247,1e-05,1.14357,1.0,0.95,0.19596,0.23308,0.95,0.95,0.103,0.34088,0.9625,0.95
1248,1e-05,1.14403,1.0,0.95,0.19722,0.20072,0.95,0.95,0.10173,0.34101,0.9625,0.95
1249,1e-05,1.14475,1.0,0.95,0.19516,0.22531,0.95,0.95,0.10323,0.33847,0.975,0.95
1250,1e-05,1.14484,1.0,0.95,0.1975,0.20375,0.95,0.95,0.10547,0.35381,0.9875,0.95
1251,1e-05,1.14438,1.0,0.95,0.19577,0.22209,0.95,0.95,0.10254,0.35238,0.975,0.95
1252,1e-05,1.14443,1.0,0.95,0.19837,0.20007,0.95,0.95,0.10425,0.3441,0.9625,0.95
1253,1e-05,1.1452,1.0,0.95,0.19457,0.23401,0.95,0.95,0.10421,0.34647,0.9625,0.95
1254,1e-05,1.14526,1.0,0.95,0.19806,0.19727,0.95,0.95,0.10128,0.34176,0.9625,0.95
1255,1e-05,1.14551,1.0,0.95,0.19565,0.22746,0.95,0.95,0.10345,0.32278,0.975,0.95
1256,1e-05,1.14591,1.0,0.95,0.1991,0.20269,0.95,0.95,0.10341,0.34732,0.9875,0.95
1257,1e-05,1.14586,1.0,0.95,0.19454,0.22952,0.95,0.95,0.10165,0.35312,0.9625,0.95
1258,1e-05,1.14593,1.0,0.95,0.20042,0.20168,0.95,0.95,0.10407,0.33205,0.9625,0.95
1259,1e-05,1.14644,1.0,0.95,0.19473,0.23293,0.95,0.95,0.10359,0.33735,0.9625,0.95
1260,1e-05,1.14697,1.0,0.95,0.19778,0.19981,0.95,0.95,0.10275,0.35087,0.975,0.95
1261,1e-05,1.14677,1.0,0.95,0.19478,0.22943,0.95,0.95,0.10158,0.3463,0.975,0.95
1262,1e-05,1.14694,1.0,0.95,0.19848,0.19289,0.95,0.95,0.1002,0.33898,0.9625,0.95
1263,1e-05,1.14693,1.0,0.95,0.19546,0.2351,0.95,0.95,0.1018,0.33356,0.9625,0.95
1264,1e-05,1.14737,1.0,0.95,0.19913,0.19854,0.95,0.95,0.10398,0.3629,0.975,0.95
1265,1e-05,1.14751,1.0,0.95,0.19449,0.23068,0.95,0.95,0.10404,0.36806,0.9625,0.95
1266,1e-05,1.14807,1.0,0.95,0.20121,0.20052,0.95,0.95,0.10302,0.3434,0.9625,0.95
1267,1e-05,1.14839,1.0,0.95,0.19469,0.23031,0.95,0.95,0.10297,0.34136,0.9625,0.95
1268,1e-05,1.148,1.0,0.95,0.19867,0.19439,0.95,0.95,0.10168,0.35345,0.9625,0.95
1269,1e-05,1.14836,1.0,0.95,0.19537,0.23888,0.95,0.95,0.10067,0.34771,0.975,0.95
1270,1e-05,1.14866,1.0,0.95,0.19915,0.19597,0.95,0.95,0.09993,0.33707,0.975,0.95
1271,1e-05,1.14879,1.0,0.95,0.19585,0.22107,0.95,0.95,0.10133,0.33602,0.975,0.95
1272,1e-05,1.14908,1.0,0.95,0.20035,0.19892,0.95,0.95,0.10421,0.36183,0.975,0.95
1273,1e-05,1.14966,1.0,0.95,0.19485,0.23685,0.95,0.95,0.10461,0.35664,0.9625,0.95
1274,1e-05,1.15022,1.0,0.95,0.1999,0.19061,0.95,0.95,0.10413,0.33411,0.9625,0.95
1275,1e-05,1.14984,1.0,0.95,0.19629,0.23124,0.95,0.95,0.10261,0.34211,0.9625,0.95
1276,1e-05,1.14911,1.0,0.95,0.19852,0.20096,0.95,0.95,0.1007,0.35123,0.975,0.95
1277,1e-05,1.14955,1.0,0.95,0.19469,0.23147,0.95,0.95,0.10352,0.33457,0.975,0.95
1278,1e-05,1.15042,1.0,0.95,0.19866,0.18923,0.95,0.95,0.10339,0.3571,0.9875,0.95
1279,1e-05,1.15055,1.0,0.95,0.19489,0.23922,0.95,0.95,0.1023,0.36895,0.9625,0.95
1280,1e-05,1.15064,1.0,0.95,0.1991,0.19983,0.95,0.95,0.10448,0.34827,0.9625,0.95
1281,1e-05,1.15041,1.0,0.95,0.19535,0.23127,0.95,0.95,0.1042,0.34473,0.9625,0.95
1282,1e-05,1.15116,1.0,0.95,0.20404,0.19323,0.95,0.95,0.10276,0.35504,0.9625,0.95
1283,1e-05,1.15185,1.0,0.95,0.19626,0.24519,0.95,0.95,0.10118,0.35291,0.975,0.95
1284,1e-05,1.15149,1.0,0.95,0.19788,0.19199,0.95,0.95,0.10024,0.33694,0.975,0.95
1285,1e-05,1.15125,1.0,0.95,0.19641,0.22005,0.95,0.95,0.09984,0.33512,0.9625,0.95
1286,1e-05,1.15181,1.0,0.95,0.20095,0.19691,0.95,0.95,0.09954,0.34779,0.975,0.95
1287,1e-05,1.15225,1.0,0.95,0.19582,0.24072,0.95,0.95,0.09928,0.35237,0.975,0.95
1288,1e-05,1.15253,1.0,0.95,0.19963,0.19239,0.95,0.95,0.09885,0.34689,0.975,0.95
1289,1e-05,1.1522,1.0,0.95,0.1964,0.24954,0.95,0.95,0.10232,0.33812,0.9625,0.95
1290,1e-05,1.15173,1.0,0.95,0.19912,0.19791,0.95,0.95,0.105,0.36106,0.9875,0.95
1291,1e-05,1.15207,1.0,0.95,0.19587,0.24548,0.95,0.95,0.10335,0.35565,0.9625,0.95
1292,1e-05,1.15305,1.0,0.95,0.20001,0.19378,0.95,0.95,0.10307,0.33787,0.9625,0.95
1293,1e-05,1.15392,1.0,0.95,0.19739,0.238,0.95,0.95,0.102,0.34079,0.9625,0.95
1294,1e-05,1.15367,1.0,0.95,0.20098,0.19292,0.95,0.95,0.10038,0.34719,0.975,0.95
1295,1e-05,1.15294,1.0,0.95,0.1961,0.24447,0.95,0.95,0.10227,0.33542,0.975,0.95
1296,1e-05,1.15308,1.0,0.95,0.19911,0.19018,0.95,0.95,0.10323,0.35262,0.9875,0.95
1297,1e-05,1.15377,1.0,0.95,0.1958,0.23593,0.95,0.95,0.10296,0.35382,0.9625,0.95
1298,1e-05,1.1544,1.0,0.95,0.19986,0.19889,0.95,0.95,0.1047,0.33706,0.9625,0.95
1299,1e-05,1.1545,1.0,0.95,0.19522,0.23728,0.95,0.95,0.10313,0.34435,0.9625,0.95
1300,1e-05,1.15435,1.0,0.95,0.1998,0.189,0.95,0.95,0.10012,0.34704,0.9625,0.95
1301,1e-05,1.15455,1.0,0.95,0.19572,0.24283,0.95,0.95,0.10461,0.32473,0.975,0.95
1302,1e-05,1.15498,1.0,0.95,0.19707,0.19872,0.95,0.95,0.1037,0.35032,0.9875,0.95
1303,1e-05,1.15493,1.0,0.95,0.19487,0.23996,0.95,0.95,0.10157,0.35867,0.9625,0.95
1304,1e-05,1.15515,1.0,0.95,0.20213,0.19194,0.95,0.95,0.10416,0.33917,0.9625,0.95
1305,1e-05,1.1556,1.0,0.95,0.19637,0.24188,0.95,0.95,0.10354,0.34251,0.9625,0.95
1306,1e-05,1.15534,1.0,0.95,0.19796,0.19501,0.95,0.95,0.10215,0.34953,0.9625,0.95
1307,1e-05,1.1552,1.0,0.95,0.19539,0.23887,0.95,0.95,0.10123,0.34762,0.975,0.95
1308,1e-05,1.1558,1.0,0.95,0.19943,0.19361,0.95,0.95,0.09959,0.34218,0.9625,0.95
1309,1e-05,1.1566,1.0,0.95,0.19723,0.23158,0.95,0.95,0.10105,0.33123,0.9625,0.95
1310,1e-05,1.15654,1.0,0.95,0.19812,0.19374,0.95,0.95,0.10373,0.3579,0.975,0.95
1311,1e-05,1.1569,1.0,0.95,0.19457,0.23326,0.95,0.95,0.1043,0.36415,0.9625,0.95
1312,1e-05,1.15682,1.0,0.95,0.1968,0.198,0.95,0.95,0.10268,0.34039,0.9625,0.95
1313,1e-05,1.15708,1.0,0.95,0.1955,0.23289,0.95,0.95,0.10261,0.33601,0.9625,0.95
1314,1e-05,1.15754,1.0,0.95,0.19906,0.19115,0.95,0.95,0.10109,0.34793,0.9625,0.95
1315,1e-05,1.15758,1.0,0.95,0.19513,0.23961,0.95,0.95,0.10005,0.34051,0.975,0.95
1316,1e-05,1.15737,1.0,0.95,0.19613,0.20039,0.95,0.95,0.09948,0.33268,0.975,0.95
1317,1e-05,1.1576,1.0,0.95,0.19534,0.22819,0.95,0.95,0.09874,0.34367,0.975,0.95
1318,1e-05,1.15803,1.0,0.95,0.19994,0.19468,0.95,0.95,0.0989,0.34555,0.9625,0.95
1319,1e-05,1.15855,1.0,0.95,0.19441,0.24563,0.95,0.95,0.09892,0.34015,0.9625,0.95
1320,1e-05,1.15838,1.0,0.95,0.19549,0.20215,0.95,0.95,0.10171,0.33237,0.975,0.95
1321,1e-05,1.15805,1.0,0.95,0.19472,0.2307,0.95,0.95,0.10534,0.35694,0.9875,0.95
1322,1e-05,1.15864,1.0,0.95,0.19909,0.19522,0.95,0.95,0.10247,0.35648,0.9625,0.95
1323,1e-05,1.15938,1.0,0.95,0.19454,0.24165,0.95,0.95,0.10282,0.34096,0.9625,0.95
1324,1e-05,1.16003,1.0,0.95,0.19624,0.19554,0.95,0.95,0.10149,0.33947,0.9625,0.95
1325,1e-05,1.15969,1.0,0.95,0.19517,0.23041,0.95,0.95,0.10066,0.33694,0.975,0.95
1326,1e-05,1.15895,1.0,0.95,0.20006,0.20108,0.95,0.95,0.10371,0.35957,0.9875,0.95
1327,1e-05,1.15926,1.0,0.95,0.19414,0.25151,0.95,0.95,0.10075,0.35738,0.975,0.95
1328,1e-05,1.16015,1.0,0.95,0.19631,0.19593,0.95,0.95,0.10255,0.33685,0.9625,0.95
1329,1e-05,1.16113,1.0,0.95,0.19552,0.23109,0.95,0.95,0.1033,0.33854,0.9625,0.95
1330,1e-05,1.16102,1.0,0.95,0.19615,0.20949,0.95,0.95,0.10221,0.34985,0.9625,0.95
1331,1e-05,1.16049,1.0,0.95,0.19256,0.22457,0.95,0.95,0.10172,0.34795,0.975,0.95
1332,1e-05,1.1605,1.0,0.95,0.19884,0.19937,0.95,0.95,0.10048,0.33873,0.975,0.95
1333,1e-05,1.16077,1.0,0.95,0.19315,0.23711,0.95,0.95,0.1008,0.34143,0.9625,0.95
1334,1e-05,1.16054,1.0,0.95,0.19512,0.196,0.95,0.95,0.10131,0.3507,0.9625,0.95
1335,1e-05,1.16049,1.0,0.95,0.19399,0.21582,0.95,0.95,0.10106,0.34689,0.9625,0.95
1336,1e-05,1.161,1.0,0.95,0.19632,0.21111,0.95,0.95,0.10073,0.33644,0.975,0.95
1337,1e-05,1.16161,1.0,0.95,0.1925,0.23791,0.95,0.95,0.09963,0.36658,0.9625,0.95
1338,1e-05,1.16226,1.0,0.95,0.1979,0.20403,0.95,0.95,0.11679,0.32492,0.9625,0.95
1339,1e-05,1.16226,1.0,0.95,0.1937,0.23052,0.95,0.95,0.10778,0.34721,0.9875,0.95
1340,1e-05,1.16235,1.0,0.95,0.19419,0.20681,0.9375,0.95,0.10061,0.35984,0.975,0.95
1341,1e-05,1.16217,1.0,0.95,0.19169,0.21676,0.95,0.95,0.10695,0.32303,0.9625,0.95
1342,1e-05,1.16227,1.0,0.95,0.19632,0.20434,0.95,0.95,0.10505,0.33426,0.9625,0.95
1343,1e-05,1.16291,1.0,0.95,0.19221,0.23289,0.95,0.95,0.10257,0.36928,0.9875,0.95
1344,1e-05,1.16358,1.0,0.95,0.19582,0.20489,0.95,0.95,0.10184,0.3394,0.9625,0.95
1345,1e-05,1.16327,1.0,0.95,0.19295,0.22733,0.95,0.95,0.10398,0.3229,0.9625,0.95
1346,1e-05,1.16337,1.0,0.95,0.19459,0.19778,0.95,0.95,0.10254,0.35397,0.975,0.95
1347,1e-05,1.16324,1.0,0.95,0.19219,0.22364,0.95,0.95,0.10112,0.35952,0.975,0.95
1348,1e-05,1.16373,1.0,0.95,0.19449,0.20313,0.95,0.95,0.10158,0.33085,0.9625,0.95
1349,1e-05,1.16385,1.0,0.95,0.19196,0.22518,0.95,0.95,0.10133,0.32835,0.9625,0.95
1350,1e-05,1.16437,1.0,0.95,0.19744,0.20208,0.95,0.95,0.10357,0.34089,0.975,0.95
1351,1e-05,1.16477,1.0,0.95,0.19236,0.22452,0.95,0.95,0.10306,0.36528,0.975,0.95
1352,1e-05,1.16451,1.0,0.95,0.1945,0.19894,0.9375,0.95,0.10459,0.33431,0.9625,0.95
1353,1e-05,1.16422,1.0,0.95,0.19239,0.2211,0.95,0.95,0.10508,0.32566,0.9625,0.95
1354,1e-05,1.16469,1.0,0.95,0.19594,0.20726,0.95,0.95,0.10153,0.35537,0.9625,0.95
1355,1e-05,1.16548,1.0,0.95,0.19206,0.23435,0.95,0.95,0.09927,0.33947,0.975,0.95
1356,1e-05,1.1656,1.0,0.95,0.19554,0.19979,0.95,0.95,0.10856,0.30672,0.975,0.95
1357,1e-05,1.16572,1.0,0.95,0.19282,0.21844,0.95,0.95,0.1045,0.36159,0.9875,0.95
1358,1e-05,1.16522,1.0,0.95,0.19469,0.20697,0.9375,0.95,0.1047,0.37063,0.9625,0.95
1359,1e-05,1.16551,1.0,0.95,0.19145,0.22883,0.95,0.95,0.1066,0.32341,0.9625,0.95
1360,1e-05,1.16625,1.0,0.95,0.19581,0.20426,0.95,0.95,0.10355,0.33598,0.9625,0.95
1361,1e-05,1.1666,1.0,0.95,0.19396,0.22571,0.95,0.95,0.10249,0.36512,0.9875,0.95
1362,1e-05,1.16623,1.0,0.95,0.19531,0.19915,0.95,0.95,0.10055,0.35131,0.9625,0.95
1363,1e-05,1.16672,1.0,0.95,0.19099,0.22329,0.95,0.95,0.10166,0.33769,0.9625,0.95
1364,1e-05,1.16745,1.0,0.95,0.19542,0.20689,0.95,0.95,0.10083,0.35249,0.9625,0.95
1365,1e-05,1.16791,1.0,0.95,0.19171,0.22784,0.95,0.95,0.09932,0.36594,0.975,0.95
1366,1e-05,1.16726,1.0,0.95,0.19745,0.19374,0.95,0.95,0.09863,0.35502,0.975,0.95
1367,1e-05,1.16664,1.0,0.95,0.19169,0.23774,0.95,0.95,0.10097,0.33947,0.9625,0.95
1368,1e-05,1.16746,1.0,0.95,0.19371,0.20142,0.95,0.95,0.10414,0.38163,0.975,0.95
1369,1e-05,1.16841,1.0,0.95,0.19151,0.23211,0.95,0.95,0.10346,0.3745,0.9625,0.95
1370,1e-05,1.16857,1.0,0.95,0.19927,0.19797,0.95,0.95,0.10365,0.33711,0.9625,0.95
1371,1e-05,1.16865,1.0,0.95,0.19206,0.239,0.95,0.95,0.10213,0.34623,0.9625,0.95
1372,1e-05,1.16828,1.0,0.95,0.19674,0.20001,0.95,0.95,0.09987,0.35422,0.975,0.95
1373,1e-05,1.16843,1.0,0.95,0.19159,0.23304,0.95,0.95,0.11014,0.32042,0.975,0.95
1374,1e-05,1.16875,1.0,0.95,0.19805,0.1973,0.95,0.95,0.10643,0.37165,0.9875,0.95
1375,1e-05,1.16875,1.0,0.95,0.19258,0.24039,0.95,0.95,0.10558,0.36753,0.9625,0.95
1376,1e-05,1.16861,1.0,0.95,0.1963,0.19229,0.95,0.95,0.10714,0.31599,0.9625,0.95
1377,1e-05,1.16919,1.0,0.95,0.1924,0.23914,0.95,0.95,0.10234,0.34178,0.9625,0.95
1378,1e-05,1.16986,1.0,0.95,0.19692,0.19116,0.95,0.95,0.10038,0.36665,0.9875,0.95
1379,1e-05,1.1704,1.0,0.95,0.19343,0.24223,0.95,0.95,0.10783,0.31959,0.975,0.95
1380,1e-05,1.17027,1.0,0.95,0.19909,0.1915,0.95,0.95,0.10307,0.36108,0.9875,0.95
1381,1e-05,1.16993,1.0,0.95,0.19368,0.25314,0.95,0.95,0.10462,0.38755,0.9625,0.95
1382,1e-05,1.17011,1.0,0.95,0.20131,0.18708,0.95,0.95,0.10596,0.33832,0.9625,0.95
1383,1e-05,1.17041,1.0,0.95,0.19682,0.25408,0.95,0.95,0.10359,0.33065,0.9625,0.95
1384,1e-05,1.17102,1.0,0.95,0.19966,0.18446,0.95,0.95,0.10264,0.3543,0.9875,0.95
1385,1e-05,1.17099,1.0,0.95,0.19713,0.25458,0.95,0.95,0.10032,0.34984,0.975,0.95
1386,1e-05,1.1707,1.0,0.95,0.20044,0.18412,0.95,0.95,0.10133,0.3337,0.9625,0.95
1387,1e-05,1.17094,1.0,0.95,0.19889,0.25779,0.95,0.95,0.10177,0.34581,0.9625,0.95
1388,1e-05,1.17148,1.0,0.95,0.20012,0.18418,0.95,0.95,0.10133,0.36029,0.975,0.95
1389,1e-05,1.17198,1.0,0.95,0.19796,0.23705,0.95,0.95,0.10063,0.35483,0.9625,0.95
1390,1e-05,1.17202,1.0,0.95,0.19697,0.19527,0.9375,0.95,0.10089,0.34773,0.9625,0.95
1391,1e-05,1.17179,1.0,0.95,0.19476,0.24545,0.95,0.95,0.10144,0.34814,0.9625,0.95
1392,1e-05,1.172,1.0,0.95,0.19809,0.19318,0.95,0.95,0.10093,0.35305,0.9625,0.95
1393,1e-05,1.17253,1.0,0.95,0.19589,0.23405,0.95,0.95,0.10065,0.34873,0.9625,0.95
1394,1e-05,1.17264,1.0,0.95,0.19417,0.19841,0.9375,0.95,0.1009,0.34143,0.9625,0.95
1395,1e-05,1.17247,1.0,0.95,0.19313,0.23222,0.95,0.95,0.10077,0.34441,0.9625,0.95
1396,1e-05,1.17282,1.0,0.95,0.19512,0.20035,0.95,0.95,0.10097,0.34246,0.9625,0.95
1397,1e-05,1.17327,1.0,0.95,0.19476,0.23539,0.95,0.95,0.10071,0.34055,0.9625,0.95
1398,1e-05,1.17393,1.0,0.95,0.1958,0.19396,0.95,0.95,0.10068,0.34195,0.9625,0.95
1399,1e-05,1.17376,1.0,0.95,0.19267,0.23169,0.95,0.95,0.10062,0.34561,0.9625,0.95
1400,1e-05,1.1735,1.0,0.95,0.19355,0.19974,0.95,0.95,0.10068,0.34167,0.9625,0.95
1401,1e-05,1.17375,1.0,0.95,0.19275,0.22883,0.95,0.95,0.10073,0.34133,0.9625,0.95
1402,1e-05,1.1743,1.0,0.95,0.19629,0.19419,0.95,0.95,0.10053,0.3513,0.9625,0.95
1403,1e-05,1.17429,1.0,0.95,0.19259,0.2407,0.95,0.95,0.10054,0.34893,0.9625,0.95
1404,1e-05,1.17426,1.0,0.95,0.1931,0.19698,0.95,0.95,0.10075,0.34075,0.9625,0.95
1405,1e-05,1.17473,1.0,0.95,0.19141,0.23591,0.95,0.95,0.10047,0.35072,0.9625,0.95
1406,1e-05,1.17525,1.0,0.95,0.19611,0.19549,0.95,0.95,0.10042,0.35213,0.9625,0.95
1407,1e-05,1.17515,1.0,0.95,0.19336,0.23459,0.95,0.95,0.10032,0.34191,0.9625,0.95
1408,1e-05,1.17537,1.0,0.95,0.19552,0.20033,0.95,0.95,0.10019,0.34173,0.9625,0.95
1409,1e-05,1.17545,1.0,0.95,0.19263,0.23606,0.95,0.95,0.10021,0.34637,0.9625,0.95
1410,1e-05,1.17602,1.0,0.95,0.19458,0.1993,0.95,0.95,0.10041,0.33878,0.9625,0.95
1411,1e-05,1.17587,1.0,0.95,0.19301,0.22967,0.95,0.95,0.10059,0.34173,0.9625,0.95
1412,1e-05,1.17599,1.0,0.95,0.19426,0.19545,0.95,0.95,0.10059,0.34433,0.9625,0.95
1413,1e-05,1.17653,1.0,0.95,0.19154,0.2363,0.95,0.95,0.09938,0.33517,0.9625,0.95
1414,1e-05,1.17658,1.0,0.95,0.19441,0.20057,0.95,0.95,0.10586,0.32283,0.9625,0.95
1415,1e-05,1.17632,1.0,0.95,0.19242,0.22877,0.95,0.95,0.10466,0.36646,0.9875,0.95
1416,1e-05,1.17671,1.0,0.95,0.19526,0.19495,0.95,0.95,0.10312,0.34985,0.9625,0.95
1417,1e-05,1.17741,1.0,0.95,0.19183,0.24173,0.95,0.95,0.10409,0.31705,0.9625,0.95
1418,1e-05,1.178,1.0,0.95,0.19254,0.20678,0.95,0.95,0.10028,0.33789,0.9625,0.95
1419,1e-05,1.17775,1.0,0.95,0.19257,0.23492,0.95,0.95,0.10408,0.3482,0.975,0.95
1420,1e-05,1.17719,1.0,0.95,0.19686,0.20326,0.95,0.95,0.10333,0.3628,0.9875,0.95
1421,1e-05,1.17757,1.0,0.95,0.19156,0.24571,0.95,0.95,0.10041,0.35242,0.9625,0.95
1422,1e-05,1.17837,1.0,0.95,0.1929,0.19746,0.95,0.95,0.10514,0.34191,0.9625,0.95
1423,1e-05,1.17832,1.0,0.95,0.19198,0.2228,0.95,0.95,0.103,0.35012,0.9625,0.95
1424,1e-05,1.17789,1.0,0.95,0.19541,0.20224,0.95,0.95,0.10205,0.35071,0.9875,0.95
1425,1e-05,1.17849,1.0,0.95,0.19111,0.2368,0.95,0.95,0.09981,0.33782,0.975,0.95
1426,1e-05,1.17923,1.0,0.95,0.193,0.20005,0.95,0.95,0.10028,0.33577,0.9625,0.95
1427,1e-05,1.17957,1.0,0.95,0.19229,0.22444,0.95,0.95,0.1009,0.34708,0.9625,0.95
1428,1e-05,1.17915,1.0,0.95,0.19263,0.20364,0.9375,0.95,0.10084,0.35425,0.9625,0.95
1429,1e-05,1.17879,1.0,0.95,0.19014,0.22052,0.95,0.95,0.10028,0.3471,0.975,0.95
1430,1e-05,1.17918,1.0,0.95,0.19313,0.20178,0.95,0.95,0.1001,0.34225,0.9625,0.95
1431,1e-05,1.17969,1.0,0.95,0.19114,0.22836,0.95,0.95,0.10074,0.34542,0.9625,0.95
1432,1e-05,1.17953,1.0,0.95,0.19178,0.19751,0.95,0.95,0.10031,0.34943,0.9625,0.95
1433,1e-05,1.17972,1.0,0.95,0.19126,0.22391,0.95,0.95,0.10018,0.34692,0.9625,0.95
1434,1e-05,1.18023,1.0,0.95,0.1923,0.19916,0.95,0.95,0.09905,0.33731,0.9625,0.95
1435,1e-05,1.18013,1.0,0.95,0.18992,0.23347,0.95,0.95,0.10184,0.3252,0.9625,0.95
1436,1e-05,1.18007,1.0,0.95,0.19455,0.2003,0.95,0.95,0.10371,0.3612,0.975,0.95
1437,1e-05,1.18082,1.0,0.95,0.19124,0.24273,0.95,0.95,0.1028,0.35295,0.9625,0.95
1438,1e-05,1.18153,1.0,0.95,0.19506,0.19891,0.95,0.95,0.10275,0.32037,0.9625,0.95
1439,1e-05,1.18181,1.0,0.95,0.1915,0.22961,0.95,0.95,0.09994,0.34283,0.9625,0.95
1440,1e-05,1.18121,1.0,0.95,0.19514,0.19606,0.95,0.95,0.09892,0.36141,0.975,0.95
1441,1e-05,1.18091,1.0,0.95,0.19075,0.23512,0.95,0.95,0.10757,0.32401,0.975,0.95
1442,1e-05,1.18155,1.0,0.95,0.19335,0.19106,0.95,0.95,0.10408,0.36225,0.9875,0.95
1443,1e-05,1.18228,1.0,0.95,0.19202,0.23869,0.95,0.95,0.10324,0.38163,0.9625,0.95
1444,1e-05,1.18237,1.0,0.95,0.19473,0.19519,0.95,0.95,0.10624,0.33327,0.9625,0.95
1445,1e-05,1.1822,1.0,0.95,0.19144,0.24276,0.95,0.95,0.10291,0.32505,0.9625,0.95
1446,1e-05,1.18241,1.0,0.95,0.19616,0.19211,0.95,0.95,0.10184,0.36041,0.9875,0.95
1447,1e-05,1.18265,1.0,0.95,0.19205,0.24868,0.95,0.95,0.09949,0.36002,0.975,0.95
1448,1e-05,1.1825,1.0,0.95,0.19591,0.18915,0.95,0.95,0.09906,0.33084,0.9625,0.95
1449,1e-05,1.18282,1.0,0.95,0.19358,0.24672,0.95,0.95,0.09974,0.34373,0.9625,0.95
1450,1e-05,1.18344,1.0,0.95,0.19642,0.18689,0.95,0.95,0.09892,0.37082,0.975,0.95
1451,1e-05,1.1834,1.0,0.95,0.1936,0.24681,0.95,0.95,0.09816,0.35884,0.975,0.95
1452,1e-05,1.18301,1.0,0.95,0.19619,0.18971,0.95,0.95,0.09751,0.34184,0.975,0.95
1453,1e-05,1.18333,1.0,0.95,0.19373,0.24862,0.95,0.95,0.10331,0.34521,0.9625,0.95
1454,1e-05,1.18392,1.0,0.95,0.19926,0.18734,0.95,0.95,0.10432,0.3852,0.9875,0.95
1455,1e-05,1.18462,1.0,0.95,0.19419,0.24576,0.95,0.95,0.10194,0.36607,0.9625,0.95
1456,1e-05,1.18457,1.0,0.95,0.19421,0.19215,0.95,0.95,0.10227,0.33273,0.9625,0.95
1457,1e-05,1.1843,1.0,0.95,0.19288,0.2409,0.95,0.95,0.10175,0.3429,0.9625,0.95
1458,1e-05,1.18461,1.0,0.95,0.19561,0.19578,0.95,0.95,0.10084,0.36399,0.975,0.95
1459,1e-05,1.18516,1.0,0.95,0.19321,0.2306,0.95,0.95,0.10298,0.3262,0.975,0.95
1460,1e-05,1.18567,1.0,0.95,0.19553,0.19872,0.95,0.95,0.10175,0.35258,0.975,0.95
1461,1e-05,1.18535,1.0,0.95,0.19166,0.24549,0.95,0.95,0.10421,0.38118,0.9625,0.95
1462,1e-05,1.18495,1.0,0.95,0.19191,0.19231,0.95,0.95,0.10349,0.3397,0.9625,0.95
1463,1e-05,1.18503,1.0,0.95,0.19254,0.22362,0.95,0.95,0.10165,0.33014,0.9625,0.95
1464,1e-05,1.18568,1.0,0.95,0.19198,0.20465,0.95,0.95,0.10098,0.36167,0.975,0.95
1465,1e-05,1.18646,1.0,0.95,0.18963,0.22973,0.95,0.95,0.10076,0.34678,0.975,0.95
1466,1e-05,1.18696,1.0,0.95,0.19353,0.19702,0.95,0.95,0.10013,0.34839,0.9625,0.95
1467,1e-05,1.18666,1.0,0.95,0.18963,0.22813,0.95,0.95,0.10163,0.35883,0.9625,0.95
1468,1e-05,1.18618,1.0,0.95,0.19128,0.20722,0.95,0.95,0.10204,0.3489,0.9625,0.95
1469,1e-05,1.18635,1.0,0.95,0.1893,0.23169,0.95,0.95,0.101,0.34304,0.9625,0.95
1470,1e-05,1.18677,1.0,0.95,0.19459,0.1956,0.95,0.95,0.09929,0.35085,0.9625,0.95
1471,1e-05,1.18736,1.0,0.95,0.19062,0.22557,0.95,0.95,0.09844,0.34346,0.9625,0.95
1472,1e-05,1.1873,1.0,0.95,0.19149,0.20156,0.9375,0.95,0.10391,0.32595,0.975,0.95
1473,1e-05,1.18697,1.0,0.95,0.18929,0.23335,0.95,0.95,0.10297,0.36368,0.9875,0.95
1474,1e-05,1.18753,1.0,0.95,0.19288,0.19429,0.95,0.95,0.10235,0.37463,0.9625,0.95
1475,1e-05,1.18824,1.0,0.95,0.19119,0.23806,0.95,0.95,0.10329,0.34389,0.9625,0.95
1476,1e-05,1.18835,1.0,0.95,0.19216,0.19714,0.95,0.95,0.10245,0.34252,0.9625,0.95
1477,1e-05,1.1886,1.0,0.95,0.18988,0.23099,0.95,0.95,0.10107,0.36284,0.975,0.95
1478,1e-05,1.18826,1.0,0.95,0.19391,0.1954,0.95,0.95,0.09954,0.34089,0.975,0.95
1479,1e-05,1.18829,1.0,0.95,0.19038,0.24669,0.95,0.95,0.10075,0.31216,0.975,0.95
1480,1e-05,1.18841,1.0,0.95,0.19471,0.19502,0.95,0.95,0.10326,0.3659,0.975,0.95
1481,1e-05,1.18894,1.0,0.95,0.19127,0.23318,0.95,0.95,0.10493,0.38343,0.9625,0.95
1482,1e-05,1.18947,1.0,0.95,0.19408,0.19954,0.95,0.95,0.10354,0.32531,0.9625,0.95
1483,1e-05,1.18941,1.0,0.95,0.19024,0.23234,0.95,0.95,0.10089,0.32491,0.9625,0.95
1484,1e-05,1.18931,1.0,0.95,0.19307,0.19563,0.95,0.95,0.0991,0.36347,0.975,0.95
1485,1e-05,1.18978,1.0,0.95,0.19046,0.23856,0.95,0.95,0.10937,0.33123,0.975,0.95
1486,1e-05,1.19036,1.0,0.95,0.19185,0.19417,0.95,0.95,0.10305,0.33939,0.9875,0.95
1487,1e-05,1.1903,1.0,0.95,0.19044,0.23231,0.95,0.95,0.10203,0.36282,0.9625,0.95
1488,1e-05,1.19051,1.0,0.95,0.19301,0.19586,0.95,0.95,0.10542,0.34693,0.9625,0.95
1489,1e-05,1.19071,1.0,0.95,0.18922,0.24076,0.95,0.95,0.10329,0.34007,0.9625,0.95
1490,1e-05,1.19032,1.0,0.95,0.19368,0.19261,0.95,0.95,0.10181,0.35579,0.975,0.95
1491,1e-05,1.19013,1.0,0.95,0.19083,0.23488,0.95,0.95,0.10035,0.35898,0.975,0.95
1492,1e-05,1.19076,1.0,0.95,0.19246,0.20016,0.95,0.95,0.09883,0.34117,0.9625,0.95
1493,1e-05,1.19167,1.0,0.95,0.18998,0.23222,0.95,0.95,0.09905,0.33849,0.9625,0.95
1494,1e-05,1.19223,1.0,0.95,0.19498,0.19721,0.95,0.95,0.09862,0.36217,0.975,0.95
1495,1e-05,1.19201,1.0,0.95,0.18987,0.24889,0.95,0.95,0.09791,0.36934,0.975,0.95
1496,1e-05,1.19158,1.0,0.95,0.19279,0.19383,0.95,0.95,0.09705,0.34999,0.975,0.95
1497,1e-05,1.19175,1.0,0.95,0.19167,0.22297,0.95,0.95,0.102,0.34091,0.9625,0.95
1498,1e-05,1.19221,1.0,0.95,0.19269,0.20474,0.95,0.95,0.10477,0.38164,0.975,0.95
1499,1e-05,1.19276,1.0,0.95,0.18903,0.23688,0.95,0.95,0.10162,0.36992,0.9625,0.95
1500,1e-05,1.19259,1.0,0.95,0.19264,0.19006,0.95,0.95,0.10144,0.33456,0.9625,0.95
1501,1e-05,1.19221,1.0,0.95,0.19107,0.23967,0.95,0.95,0.10045,0.34097,0.9625,0.95
1502,1e-05,1.19248,1.0,0.95,0.19147,0.19777,0.95,0.95,0.09876,0.35712,0.975,0.95
1503,1e-05,1.19308,1.0,0.95,0.18981,0.22613,0.95,0.95,0.10051,0.33571,0.975,0.95
1504,1e-05,1.19299,1.0,0.95,0.19526,0.20252,0.95,0.95,0.1001,0.34703,0.9875,0.95
1505,1e-05,1.19322,1.0,0.95,0.1903,0.24128,0.95,0.95,0.09996,0.3597,0.9625,0.95
1506,1e-05,1.19374,1.0,0.95,0.19258,0.19812,0.95,0.95,0.1024,0.34633,0.9625,0.95
1507,1e-05,1.19363,1.0,0.95,0.1905,0.22676,0.95,0.95,0.10161,0.34534,0.9625,0.95
1508,1e-05,1.19354,1.0,0.95,0.19,0.20676,0.95,0.95,0.10059,0.3501,0.975,0.95
1509,1e-05,1.19395,1.0,0.95,0.18839,0.22367,0.95,0.95,0.09985,0.34887,0.975,0.95
1510,1e-05,1.19461,1.0,0.95,0.19236,0.20508,0.95,0.95,0.09875,0.33726,0.9625,0.95
1511,1e-05,1.19466,1.0,0.95,0.18859,0.22566,0.95,0.95,0.10005,0.32902,0.9625,0.95
1512,1e-05,1.19436,1.0,0.95,0.18967,0.20016,0.95,0.95,0.10204,0.37122,0.975,0.95
1513,1e-05,1.19463,1.0,0.95,0.18849,0.22576,0.95,0.95,0.10248,0.38319,0.9625,0.95
1514,1e-05,1.19518,1.0,0.95,0.18999,0.20374,0.95,0.95,0.10217,0.34503,0.9625,0.95
1515,1e-05,1.19564,1.0,0.95,0.18906,0.21655,0.95,0.95,0.10171,0.33994,0.9625,0.95
1516,1e-05,1.19545,1.0,0.95,0.19153,0.20793,0.95,0.95,0.09972,0.36312,0.975,0.95
1517,1e-05,1.19541,1.0,0.95,0.18813,0.23095,0.95,0.95,0.09851,0.34641,0.975,0.95
1518,1e-05,1.19591,1.0,0.95,0.19116,0.19984,0.95,0.95,0.10112,0.3144,0.975,0.95
1519,1e-05,1.19629,1.0,0.95,0.18855,0.21731,0.95,0.95,0.1007,0.36117,0.975,0.95
1520,1e-05,1.19623,1.0,0.95,0.18954,0.21079,0.9375,0.95,0.10222,0.37693,0.9625,0.95
1521,1e-05,1.19648,1.0,0.95,0.18697,0.22677,0.95,0.95,0.10292,0.33506,0.9625,0.95
1522,1e-05,1.19649,1.0,0.95,0.19197,0.19664,0.95,0.95,0.10182,0.3311,0.9625,0.95
1523,1e-05,1.19673,1.0,0.95,0.18846,0.22776,0.95,0.95,0.10033,0.36416,0.975,0.95
1524,1e-05,1.19664,1.0,0.95,0.1896,0.21147,0.95,0.95,0.0988,0.36042,0.975,0.95
1525,1e-05,1.19696,1.0,0.95,0.18788,0.22962,0.95,0.95,0.09775,0.33949,0.975,0.95
1526,1e-05,1.19727,1.0,0.95,0.19327,0.19438,0.95,0.95,0.09784,0.34684,0.9625,0.95
1527,1e-05,1.19702,1.0,0.95,0.18899,0.22344,0.95,0.95,0.09737,0.37023,0.975,0.95
1528,1e-05,1.19705,1.0,0.95,0.18916,0.20079,0.9375,0.95,0.09701,0.36719,0.975,0.95
1529,1e-05,1.19792,1.0,0.95,0.18796,0.22292,0.95,0.95,0.09678,0.35326,0.975,0.95
1530,1e-05,1.19852,1.0,0.95,0.19223,0.20213,0.95,0.95,0.09941,0.34916,0.975,0.95
1531,1e-05,1.19837,1.0,0.95,0.1883,0.22814,0.95,0.95,0.1022,0.37807,0.975,0.95
1532,1e-05,1.19841,1.0,0.95,0.19148,0.20362,0.95,0.95,0.1018,0.36923,0.9625,0.95
1533,1e-05,1.19818,1.0,0.95,0.18691,0.23257,0.95,0.95,0.10119,0.34318,0.9625,0.95
1534,1e-05,1.1986,1.0,0.95,0.19124,0.19748,0.95,0.95,0.1007,0.35121,0.9625,0.95
1535,1e-05,1.19919,1.0,0.95,0.1885,0.22457,0.95,0.95,0.09813,0.3609,0.975,0.95
1536,1e-05,1.19918,1.0,0.95,0.1921,0.20385,0.95,0.95,0.1021,0.33091,0.975,0.95
1537,1e-05,1.19894,1.0,0.95,0.18767,0.23288,0.95,0.95,0.10177,0.3638,0.9875,0.95
1538,1e-05,1.1994,1.0,0.95,0.19139,0.19668,0.95,0.95,0.10096,0.37818,0.9625,0.95
1539,1e-05,1.19934,1.0,0.95,0.18797,0.22407,0.95,0.95,0.10332,0.34266,0.9625,0.95
1540,1e-05,1.19964,1.0,0.95,0.19087,0.20675,0.95,0.95,0.10233,0.33437,0.9625,0.95
1541,1e-05,1.20017,1.0,0.95,0.18717,0.23725,0.95,0.95,0.09989,0.35941,0.975,0.95
1542,1e-05,1.20025,1.0,0.95,0.19274,0.19546,0.95,0.95,0.09751,0.35298,0.975,0.95
1543,1e-05,1.2,1.0,0.95,0.18871,0.22836,0.95,0.95,0.10739,0.31979,0.975,0.95
1544,1e-05,1.20017,1.0,0.95,0.18978,0.20225,0.95,0.95,0.10208,0.36632,0.9875,0.95
1545,1e-05,1.20068,1.0,0.95,0.18721,0.2322,0.95,0.95,0.10253,0.38516,0.9625,0.95
1546,0.0,1.20119,1.0,0.95,0.193,0.1958,0.95,0.95,0.10294,0.34165,0.9625,0.95
1547,0.0,1.20115,1.0,0.95,0.18984,0.2303,0.95,0.95,0.10207,0.33829,0.9625,0.95
1548,0.0,1.20091,1.0,0.95,0.19093,0.20205,0.95,0.95,0.10076,0.36638,0.975,0.95
1549,0.0,1.20124,1.0,0.95,0.18771,0.23064,0.95,0.95,0.0996,0.36011,0.975,0.95
1550,0.0,1.2016,1.0,0.95,0.19176,0.19299,0.95,0.95,0.09785,0.33901,0.975,0.95
1551,0.0,1.20192,1.0,0.95,0.18771,0.24241,0.95,0.95,0.09812,0.34501,0.9625,0.95
1552,0.0,1.20181,1.0,0.95,0.19189,0.20022,0.95,0.95,0.0976,0.36231,0.975,0.95
1553,0.0,1.20165,1.0,0.95,0.18842,0.24055,0.95,0.95,0.09723,0.36154,0.975,0.95
1554,0.0,1.20217,1.0,0.95,0.19504,0.19206,0.95,0.95,0.09675,0.35077,0.975,0.95
1555,0.0,1.20279,1.0,0.95,0.18877,0.2488,0.95,0.95,0.10043,0.34397,0.975,0.95
1556,0.0,1.20273,1.0,0.95,0.19198,0.18718,0.95,0.95,0.10333,0.37538,0.975,0.95
1557,0.0,1.20315,1.0,0.95,0.1912,0.24017,0.95,0.95,0.10141,0.3701,0.9625,0.95
1558,0.0,1.20305,1.0,0.95,0.1956,0.19998,0.95,0.95,0.10089,0.3361,0.9625,0.95
1559,0.0,1.20324,1.0,0.95,0.19051,0.24779,0.95,0.95,0.10001,0.34529,0.9625,0.95
1560,0.0,1.20327,1.0,0.95,0.19316,0.19195,0.95,0.95,0.09823,0.35903,0.975,0.95
1561,0.0,1.20355,1.0,0.95,0.18943,0.24404,0.95,0.95,0.10212,0.329,0.975,0.95
1562,0.0,1.20394,1.0,0.95,0.19083,0.19882,0.95,0.95,0.10099,0.35782,0.9875,0.95
1563,0.0,1.20377,1.0,0.95,0.18975,0.22374,0.95,0.95,0.09993,0.37524,0.9625,0.95
1564,0.0,1.20372,1.0,0.95,0.19332,0.19993,0.95,0.95,0.10307,0.34321,0.9625,0.95
1565,0.0,1.20432,1.0,0.95,0.1884,0.24358,0.95,0.95,0.10204,0.33957,0.9625,0.95
1566,0.0,1.20479,1.0,0.95,0.19076,0.1897,0.95,0.95,0.10031,0.35947,0.975,0.95
1567,0.0,1.20499,1.0,0.95,0.18925,0.22842,0.95,0.95,0.09943,0.35278,0.975,0.95
1568,0.0,1.20484,1.0,0.95,0.18965,0.20812,0.95,0.95,0.09778,0.34308,0.9625,0.95
1569,0.0,1.2047,1.0,0.95,0.18692,0.22394,0.95,0.95,0.09821,0.34794,0.9625,0.95
1570,0.0,1.20492,1.0,0.95,0.19315,0.19864,0.95,0.95,0.09763,0.35483,0.9625,0.95
1571,0.0,1.20533,1.0,0.95,0.18797,0.24087,0.95,0.95,0.09719,0.35185,0.975,0.95
1572,0.0,1.20543,1.0,0.95,0.1887,0.19768,0.95,0.95,0.09639,0.35043,0.975,0.95
1573,0.0,1.20523,1.0,0.95,0.18786,0.22487,0.95,0.95,0.09882,0.34016,0.975,0.95
1574,0.0,1.20559,1.0,0.95,0.18932,0.20356,0.95,0.95,0.10171,0.36273,0.975,0.95
1575,0.0,1.20623,1.0,0.95,0.18774,0.22435,0.95,0.95,0.10158,0.36485,0.9625,0.95
1576,0.0,1.20693,1.0,0.95,0.19118,0.20063,0.95,0.95,0.10058,0.34624,0.9625,0.95
1577,0.0,1.20684,1.0,0.95,0.18703,0.22839,0.95,0.95,0.09976,0.35043,0.9625,0.95
1578,0.0,1.20643,1.0,0.95,0.18906,0.2035,0.95,0.95,0.09774,0.35396,0.975,0.95
1579,0.0,1.20619,1.0,0.95,0.1866,0.21965,0.95,0.95,0.10271,0.33551,0.975,0.95
1580,0.0,1.20675,1.0,0.95,0.18893,0.20997,0.95,0.95,0.1012,0.36904,0.9875,0.95
1581,0.0,1.20733,1.0,0.95,0.1862,0.2197,0.95,0.95,0.09995,0.38071,0.9625,0.95
1582,0.0,1.20777,1.0,0.95,0.18947,0.20872,0.95,0.95,0.10275,0.34987,0.9625,0.95
1583,0.0,1.20772,1.0,0.95,0.18631,0.21927,0.95,0.95,0.10219,0.34302,0.9625,0.95
1584,0.0,1.20742,1.0,0.95,0.18823,0.21082,0.95,0.95,0.10035,0.35638,0.975,0.95
1585,0.0,1.20771,1.0,0.95,0.18608,0.22475,0.95,0.95,0.09954,0.34957,0.975,0.95
1586,0.0,1.20835,1.0,0.95,0.18827,0.20421,0.95,0.95,0.0974,0.34196,0.975,0.95
1587,0.0,1.20832,1.0,0.95,0.1877,0.21104,0.95,0.95,0.09781,0.34858,0.9625,0.95
1588,0.0,1.20833,1.0,0.95,0.18839,0.21335,0.9375,0.95,0.09723,0.35073,0.9625,0.95
1589,0.0,1.20859,1.0,0.95,0.18642,0.22568,0.95,0.95,0.09671,0.34725,0.975,0.95
1590,0.0,1.2085,1.0,0.95,0.18884,0.20629,0.95,0.95,0.09613,0.34667,0.975,0.95
1591,0.0,1.20833,1.0,0.95,0.18758,0.21633,0.95,0.95,0.09923,0.34235,0.975,0.95
1592,0.0,1.20864,1.0,0.95,0.18644,0.20763,0.9375,0.95,0.10187,0.36882,0.975,0.95
1593,0.0,1.20919,1.0,0.95,0.18595,0.21737,0.95,0.95,0.10144,0.36618,0.9625,0.95
1594,0.0,1.20967,1.0,0.95,0.18853,0.20709,0.95,0.95,0.10056,0.3412,0.9625,0.95
1595,0.0,1.2097,1.0,0.95,0.18676,0.22417,0.9625,0.95,0.09964,0.35354,0.9625,0.95
1596,0.0,1.20933,1.0,0.95,0.18761,0.20902,0.95,0.95,0.09796,0.35985,0.975,0.95
1597,0.0,1.20964,1.0,0.95,0.18658,0.2164,0.95,0.95,0.10297,0.33178,0.975,0.95
1598,0.0,1.21024,1.0,0.95,0.18793,0.20904,0.95,0.95,0.10105,0.36464,0.9875,0.95
1599,0.0,1.21024,1.0,0.95,0.18571,0.21736,0.95,0.95,0.09992,0.37899,0.9625,0.95
1600,0.0,1.21068,1.0,0.95,0.18724,0.2068,0.95,0.95,0.10246,0.34667,0.9625,0.95
1601,0.0,1.21077,1.0,0.95,0.18641,0.226,0.95,0.95,0.10219,0.3373,0.9625,0.95
1602,0.0,1.21112,1.0,0.95,0.1872,0.2074,0.95,0.95,0.10028,0.3642,0.975,0.95
1603,0.0,1.21105,1.0,0.95,0.18659,0.22227,0.95,0.95,0.0995,0.36926,0.975,0.95
1604,0.0,1.21116,1.0,0.95,0.18798,0.20427,0.95,0.95,0.09771,0.33751,0.9625,0.95
1605,0.0,1.21115,1.0,0.95,0.18598,0.22506,0.95,0.95,0.10326,0.32329,0.9625,0.95
1606,0.0,1.21156,1.0,0.95,0.189,0.19744,0.95,0.95,0.10287,0.38156,0.9875,0.95
1607,0.0,1.21198,1.0,0.95,0.18624,0.23777,0.95,0.95,0.10329,0.38526,0.975,0.95
1608,0.0,1.21183,1.0,0.95,0.18947,0.21133,0.95,0.95,0.10135,0.3284,0.9625,0.95
1609,0.0,1.21167,1.0,0.95,0.187,0.22849,0.95,0.95,0.10165,0.33466,0.9625,0.95
1610,0.0,1.21225,1.0,0.95,0.19159,0.19138,0.95,0.95,0.09869,0.36611,0.975,0.95
1611,0.0,1.21268,1.0,0.95,0.18713,0.23435,0.95,0.95,0.10301,0.33508,0.975,0.95
1612,0.0,1.213,1.0,0.95,0.18878,0.19869,0.95,0.95,0.10094,0.35262,0.9875,0.95
1613,0.0,1.21285,1.0,0.95,0.18612,0.23014,0.95,0.95,0.09886,0.37341,0.9625,0.95
1614,0.0,1.21268,1.0,0.95,0.19291,0.19424,0.95,0.95,0.10289,0.35084,0.9625,0.95
1615,0.0,1.21301,1.0,0.95,0.18687,0.24284,0.95,0.95,0.102,0.33747,0.9625,0.95
1616,0.0,1.21336,1.0,0.95,0.18875,0.19593,0.95,0.95,0.10002,0.35956,0.975,0.95
1617,0.0,1.21381,1.0,0.95,0.18613,0.23386,0.95,0.95,0.09902,0.36154,0.975,0.95
1618,0.0,1.21362,1.0,0.95,0.19396,0.19883,0.95,0.95,0.09681,0.34797,0.9625,0.95
1619,0.0,1.21385,1.0,0.95,0.18672,0.23774,0.95,0.95,0.09721,0.3459,0.9625,0.95
1620,0.0,1.21437,1.0,0.95,0.19125,0.19273,0.95,0.95,0.09878,0.34409,0.9625,0.95
1621,0.0,1.21425,1.0,0.95,0.18821,0.2446,0.95,0.95,0.10097,0.37044,0.975,0.95
1622,0.0,1.21397,1.0,0.95,0.19016,0.19406,0.95,0.95,0.10103,0.37458,0.975,0.95
1623,0.0,1.21458,1.0,0.95,0.18822,0.24232,0.95,0.95,0.10026,0.34576,0.9625,0.95
1624,0.0,1.21538,1.0,0.95,0.19316,0.19552,0.95,0.95,0.10059,0.34083,0.9625,0.95
1625,0.0,1.21531,1.0,0.95,0.18822,0.24236,0.95,0.95,0.09928,0.36286,0.9625,0.95
1626,0.0,1.21531,1.0,0.95,0.19127,0.19769,0.95,0.95,0.09788,0.3617,0.975,0.95
1627,0.0,1.21526,1.0,0.95,0.1873,0.24312,0.95,0.95,0.09647,0.34348,0.975,0.95
1628,0.0,1.21575,1.0,0.95,0.1908,0.19557,0.95,0.95,0.09908,0.33736,0.9625,0.95
1629,0.0,1.21582,1.0,0.95,0.18875,0.22789,0.95,0.95,0.10015,0.37701,0.975,0.95
1630,0.0,1.21588,1.0,0.95,0.19036,0.19659,0.95,0.95,0.1019,0.38394,0.9625,0.95
1631,0.0,1.21568,1.0,0.95,0.18688,0.24016,0.95,0.95,0.10013,0.34643,0.9625,0.95
1632,0.0,1.21585,1.0,0.95,0.19063,0.19219,0.95,0.95,0.10004,0.33993,0.9625,0.95
1633,0.0,1.21626,1.0,0.95,0.18816,0.23675,0.95,0.95,0.09921,0.36375,0.9625,0.95
1634,0.0,1.21619,1.0,0.95,0.18993,0.21013,0.95,0.95,0.09811,0.35719,0.975,0.95
1635,0.0,1.21603,1.0,0.95,0.18622,0.24067,0.95,0.95,0.09647,0.33861,0.975,0.95
1636,0.0,1.21646,1.0,0.95,0.19108,0.19469,0.95,0.95,0.09621,0.34672,0.9625,0.95
1637,0.0,1.21704,1.0,0.95,0.18806,0.24937,0.95,0.95,0.09755,0.35022,0.975,0.95
1638,0.0,1.21769,1.0,0.95,0.18834,0.19745,0.95,0.95,0.10066,0.37424,0.975,0.95
1639,0.0,1.21768,1.0,0.95,0.1872,0.24052,0.95,0.95,0.10108,0.37693,0.9625,0.95
1640,0.0,1.21739,1.0,0.95,0.19279,0.19552,0.95,0.95,0.09982,0.35055,0.9625,0.95
1641,0.0,1.21756,1.0,0.95,0.18809,0.24896,0.95,0.95,0.09963,0.34551,0.9625,0.95
1642,0.0,1.2179,1.0,0.95,0.18873,0.19132,0.95,0.95,0.09825,0.36562,0.975,0.95
1643,0.0,1.21829,1.0,0.95,0.18808,0.2397,0.95,0.95,0.09669,0.353,0.975,0.95
1644,0.0,1.21822,1.0,0.95,0.18973,0.19563,0.95,0.95,0.10382,0.31935,0.975,0.95
1645,0.0,1.21816,1.0,0.95,0.18726,0.24138,0.95,0.95,0.10032,0.3684,0.975,0.95
1646,0.0,1.21854,1.0,0.95,0.19326,0.18646,0.95,0.95,0.10146,0.39234,0.9625,0.95
1647,0.0,1.21907,1.0,0.95,0.1888,0.25211,0.95,0.95,0.10127,0.34229,0.9625,0.95
1648,0.0,1.21896,1.0,0.95,0.19111,0.18958,0.95,0.95,0.10097,0.33,0.9625,0.95
1649,0.0,1.21918,1.0,0.95,0.18922,0.24307,0.95,0.95,0.0994,0.36394,0.975,0.95
1650,0.0,1.21908,1.0,0.95,0.19343,0.18512,0.95,0.95,0.09856,0.37197,0.975,0.95
1651,0.0,1.21947,1.0,0.95,0.18994,0.24422,0.95,0.95,0.09616,0.34837,0.975,0.95
1652,0.0,1.22004,1.0,0.95,0.19013,0.1885,0.95,0.95,0.10269,0.33249,0.9625,0.95
1653,0.0,1.22008,1.0,0.95,0.18949,0.24883,0.95,0.95,0.10096,0.39141,0.975,0.95
1654,0.0,1.21992,1.0,0.95,0.19219,0.19355,0.95,0.95,0.10295,0.39657,0.975,0.95
1655,0.0,1.21978,1.0,0.95,0.18927,0.25338,0.95,0.95,0.09996,0.34065,0.9625,0.95
1656,0.0,1.22047,1.0,0.95,0.19093,0.18778,0.95,0.95,0.10039,0.3324,0.9625,0.95
1657,0.0,1.22117,1.0,0.95,0.19068,0.23273,0.95,0.95,0.09962,0.38037,0.9625,0.95
1658,0.0,1.2215,1.0,0.95,0.1897,0.19587,0.95,0.95,0.0977,0.35995,0.975,0.95
1659,0.0,1.22164,1.0,0.95,0.18901,0.23961,0.95,0.95,0.10065,0.32153,0.975,0.95
1660,0.0,1.22121,1.0,0.95,0.19071,0.19349,0.95,0.95,0.09909,0.36744,0.975,0.95
1661,0.0,1.22058,1.0,0.95,0.1885,0.24643,0.9625,0.95,0.10121,0.39595,0.9625,0.95
1662,0.0,1.22076,1.0,0.95,0.18833,0.19516,0.95,0.95,0.10142,0.35265,0.9625,0.95
1663,0.0,1.22146,1.0,0.95,0.18911,0.22327,0.95,0.95,0.10023,0.33936,0.9625,0.95
1664,0.0,1.22215,1.0,0.95,0.19009,0.20465,0.95,0.95,0.09918,0.36577,0.975,0.95
1665,0.0,1.22269,1.0,0.95,0.18606,0.24436,0.95,0.95,0.09826,0.37251,0.975,0.95
1666,0.0,1.22234,1.0,0.95,0.1885,0.19208,0.95,0.95,0.09596,0.34435,0.975,0.95
1667,0.0,1.22164,1.0,0.95,0.18745,0.22901,0.95,0.95,0.10305,0.32491,0.9625,0.95
1668,0.0,1.22205,1.0,0.95,0.18652,0.20514,0.95,0.95,0.10091,0.37807,0.975,0.95
1669,0.0,1.22293,1.0,0.95,0.18502,0.2314,0.95,0.95,0.10296,0.39126,0.975,0.95
1670,0.0,1.22365,1.0,0.95,0.18963,0.19412,0.95,0.95,0.10003,0.34199,0.9625,0.95
1671,0.0,1.22358,1.0,0.95,0.18751,0.23419,0.95,0.95,0.10048,0.33227,0.9625,0.95
1672,0.0,1.2231,1.0,0.95,0.18718,0.20383,0.95,0.95,0.09899,0.36843,0.9625,0.95
1673,0.0,1.22258,1.0,0.95,0.18582,0.22821,0.95,0.95,0.098,0.37588,0.975,0.95
1674,0.0,1.22299,1.0,0.95,0.18852,0.198,0.95,0.95,0.09601,0.34872,0.975,0.95
1675,0.0,1.22379,1.0,0.95,0.18613,0.23216,0.95,0.95,0.0957,0.35074,0.9625,0.95
1676,0.0,1.22449,1.0,0.95,0.18648,0.2064,0.95,0.95,0.0978,0.35826,0.975,0.95
1677,0.0,1.22426,1.0,0.95,0.18409,0.23207,0.95,0.95,0.10039,0.38055,0.975,0.95
1678,0.0,1.22366,1.0,0.95,0.18776,0.20161,0.95,0.95,0.1015,0.37905,0.9625,0.95
1679,0.0,1.22382,1.0,0.95,0.1858,0.22502,0.95,0.95,0.09916,0.3561,0.9625,0.95
1680,0.0,1.22453,1.0,0.95,0.1873,0.19897,0.95,0.95,0.09896,0.35241,0.9625,0.95
1681,0.0,1.22485,1.0,0.95,0.18535,0.23228,0.95,0.95,0.09792,0.36993,0.9625,0.95
1682,0.0,1.22514,1.0,0.95,0.18667,0.19699,0.95,0.95,0.09625,0.35383,0.975,0.95
1683,0.0,1.22502,1.0,0.95,0.18614,0.2259,0.95,0.95,0.10146,0.32492,0.975,0.95
1684,0.0,1.22483,1.0,0.95,0.18788,0.20554,0.95,0.95,0.09885,0.36785,0.975,0.95
1685,0.0,1.22514,1.0,0.95,0.18479,0.22474,0.95,0.95,0.09966,0.38657,0.9625,0.95
1686,0.0,1.22558,1.0,0.95,0.18722,0.20125,0.95,0.95,0.10051,0.34638,0.9625,0.95
1687,0.0,1.22607,1.0,0.95,0.18574,0.23283,0.95,0.95,0.10015,0.33637,0.9625,0.95
1688,0.0,1.22612,1.0,0.95,0.18577,0.19814,0.95,0.95,0.09854,0.36219,0.9625,0.95
1689,0.0,1.22593,1.0,0.95,0.18549,0.22923,0.95,0.95,0.0978,0.37573,0.975,0.95
1690,0.0,1.22611,1.0,0.95,0.18695,0.20581,0.95,0.95,0.09669,0.36673,0.975,0.95
1691,0.0,1.22661,1.0,0.95,0.18526,0.22446,0.95,0.95,0.09616,0.35032,0.9625,0.95
1692,0.0,1.22713,1.0,0.95,0.18897,0.20114,0.95,0.95,0.10037,0.33735,0.9625,0.95
1693,0.0,1.22709,1.0,0.95,0.18542,0.22757,0.95,0.95,0.09968,0.3733,0.975,0.95
1694,0.0,1.22678,1.0,0.95,0.18494,0.19707,0.95,0.95,0.10062,0.38898,0.975,0.95
1695,0.0,1.22702,1.0,0.95,0.18457,0.22955,0.95,0.95,0.09929,0.35954,0.9625,0.95
1696,0.0,1.22744,1.0,0.95,0.18647,0.21058,0.95,0.95,0.0997,0.3407,0.9625,0.95
1697,0.0,1.22739,1.0,0.95,0.18563,0.22617,0.95,0.95,0.09863,0.36347,0.9625,0.95
1698,0.0,1.22735,1.0,0.95,0.18843,0.19294,0.95,0.95,0.09788,0.37346,0.975,0.95
1699,0.0,1.22784,1.0,0.95,0.18492,0.22948,0.95,0.95,0.09657,0.35875,0.975,0.95
1700,0.0,1.22839,1.0,0.95,0.18575,0.20408,0.95,0.95,0.09609,0.34696,0.9625,0.95
1701,0.0,1.2288,1.0,0.95,0.18465,0.22174,0.95,0.95,0.09931,0.3413,0.9625,0.95
1702,0.0,1.2286,1.0,0.95,0.19048,0.20138,0.95,0.95,0.09946,0.37149,0.975,0.95
1703,0.0,1.22836,1.0,0.95,0.18572,0.24985,0.95,0.95,0.10045,0.38482,0.975,0.95
1704,0.0,1.22886,1.0,0.95,0.18554,0.20976,0.95,0.95,0.09909,0.36143,0.9625,0.95
1705,0.0,1.22956,1.0,0.95,0.18516,0.22695,0.95,0.95,0.09904,0.34589,0.9625,0.95
1706,0.0,1.22953,1.0,0.95,0.18799,0.20315,0.95,0.95,0.09821,0.36362,0.9625,0.95
1707,0.0,1.22929,1.0,0.95,0.18483,0.2432,0.95,0.95,0.09765,0.36899,0.975,0.95
1708,0.0,1.22945,1.0,0.95,0.18721,0.20449,0.95,0.95,0.09623,0.35797,0.975,0.95
1709,0.0,1.22988,1.0,0.95,0.185,0.23747,0.95,0.95,0.09582,0.35145,0.9625,0.95
1710,0.0,1.23028,1.0,0.95,0.18849,0.19175,0.95,0.95,0.09592,0.35831,0.9625,0.95
1711,0.0,1.23018,1.0,0.95,0.18644,0.24116,0.95,0.95,0.098,0.35854,0.975,0.95
1712,0.0,1.23006,1.0,0.95,0.18582,0.19245,0.95,0.95,0.09882,0.38005,0.975,0.95
1713,0.0,1.23031,1.0,0.95,0.18568,0.23891,0.95,0.95,0.09939,0.3867,0.9625,0.95
1714,0.0,1.23083,1.0,0.95,0.1908,0.19556,0.95,0.95,0.09979,0.36638,0.9625,0.95
1715,0.0,1.23134,1.0,0.95,0.18643,0.24849,0.95,0.95,0.09895,0.35608,0.9625,0.95
1716,0.0,1.23118,1.0,0.95,0.189,0.18635,0.95,0.95,0.0981,0.36267,0.9625,0.95
1717,0.0,1.23088,1.0,0.95,0.18694,0.24005,0.95,0.95,0.09761,0.36227,0.975,0.95
1718,0.0,1.23151,1.0,0.95,0.18837,0.19415,0.95,0.95,0.09566,0.35858,0.975,0.95
1719,0.0,1.23211,1.0,0.95,0.18659,0.2365,0.95,0.95,0.09544,0.35857,0.9625,0.95
1720,0.0,1.2319,1.0,0.95,0.19168,0.19842,0.95,0.95,0.09715,0.34833,0.9625,0.95
1721,0.0,1.23154,1.0,0.95,0.18724,0.24112,0.95,0.95,0.09872,0.36955,0.975,0.95
1722,0.0,1.23187,1.0,0.95,0.18734,0.19323,0.95,0.95,0.09924,0.37959,0.975,0.95
1723,0.0,1.23237,1.0,0.95,0.18632,0.23972,0.95,0.95,0.09881,0.3587,0.9625,0.95
1724,0.0,1.23279,1.0,0.95,0.18615,0.20116,0.95,0.95,0.09898,0.34152,0.9625,0.95
1725,0.0,1.23257,1.0,0.95,0.18719,0.22751,0.95,0.95,0.09782,0.3584,0.9625,0.95
1726,0.0,1.23248,1.0,0.95,0.18867,0.20416,0.95,0.95,0.09675,0.36834,0.975,0.95
1727,0.0,1.23267,1.0,0.95,0.18385,0.23841,0.95,0.95,0.09614,0.36088,0.975,0.95
1728,0.0,1.23314,1.0,0.95,0.18622,0.1969,0.95,0.95,0.09529,0.34947,0.9625,0.95
1729,0.0,1.23364,1.0,0.95,0.18409,0.22116,0.95,0.95,0.09897,0.34267,0.9625,0.95
1730,0.0,1.23401,1.0,0.95,0.18612,0.21001,0.95,0.95,0.09851,0.37634,0.975,0.95
1731,0.0,1.23387,1.0,0.95,0.18319,0.22552,0.95,0.95,0.09921,0.3882,0.975,0.95
1732,0.0,1.23348,1.0,0.95,0.18741,0.20619,0.95,0.95,0.09888,0.36112,0.9625,0.95
1733,0.0,1.23387,1.0,0.95,0.18404,0.22358,0.9625,0.95,0.09943,0.34623,0.9625,0.95
1734,0.0,1.23412,1.0,0.95,0.18458,0.20455,0.95,0.95,0.09847,0.36141,0.9625,0.95
1735,0.0,1.23447,1.0,0.95,0.18322,0.22935,0.95,0.95,0.09753,0.36925,0.975,0.95
1736,0.0,1.23489,1.0,0.95,0.18534,0.20951,0.95,0.95,0.09614,0.35657,0.975,0.95
1737,0.0,1.2349,1.0,0.95,0.18439,0.21568,0.9625,0.95,0.09572,0.35949,0.9625,0.95
1738,0.0,1.23477,1.0,0.95,0.18543,0.21152,0.95,0.95,0.0955,0.36238,0.9625,0.95
1739,0.0,1.23486,1.0,0.95,0.18259,0.2235,0.95,0.95,0.09493,0.35597,0.975,0.95
1740,0.0,1.23519,1.0,0.95,0.18478,0.20148,0.9625,0.95,0.09797,0.3436,0.975,0.95
1741,0.0,1.23578,1.0,0.95,0.18422,0.217,0.9625,0.95,0.09802,0.3712,0.975,0.95
1742,0.0,1.23587,1.0,0.95,0.18387,0.21632,0.95,0.95,0.09871,0.38557,0.9625,0.95
1743,0.0,1.23578,1.0,0.95,0.18257,0.21867,0.95,0.95,0.09942,0.36255,0.9625,0.95
1744,0.0,1.23598,1.0,0.95,0.18499,0.20461,0.95,0.95,0.09838,0.35343,0.9625,0.95
1745,0.0,1.23634,1.0,0.95,0.18378,0.22541,0.95,0.95,0.09709,0.36514,0.975,0.95
1746,0.0,1.23629,1.0,0.95,0.18427,0.20838,0.95,0.95,0.09671,0.36275,0.975,0.95
1747,0.0,1.23603,1.0,0.95,0.18309,0.22711,0.95,0.95,0.09535,0.36415,0.975,0.95
1748,0.0,1.23646,1.0,0.95,0.18616,0.21107,0.95,0.95,0.09521,0.35884,0.9625,0.95
1749,0.0,1.2371,1.0,0.95,0.18343,0.22123,0.95,0.95,0.09737,0.34657,0.9625,0.95
1750,0.0,1.23774,1.0,0.95,0.18507,0.2061,0.95,0.95,0.09812,0.37201,0.975,0.95
1751,0.0,1.23764,1.0,0.95,0.18283,0.21871,0.95,0.95,0.09862,0.38229,0.975,0.95
1752,0.0,1.23726,1.0,0.95,0.18491,0.209,0.95,0.95,0.09829,0.36042,0.9625,0.95
1753,0.0,1.23748,1.0,0.95,0.18262,0.21765,0.95,0.95,0.0982,0.35255,0.9625,0.95
1754,0.0,1.23797,1.0,0.95,0.18403,0.21006,0.95,0.95,0.09761,0.36492,0.9625,0.95
1755,0.0,1.23848,1.0,0.95,0.18309,0.22315,0.9625,0.95,0.09684,0.36181,0.975,0.95
1756,0.0,1.23814,1.0,0.95,0.18353,0.20809,0.9625,0.95,0.09577,0.3563,0.975,0.95
1757,0.0,1.23787,1.0,0.95,0.1836,0.22023,0.9625,0.95,0.09575,0.36731,0.9625,0.95
1758,0.0,1.23793,1.0,0.95,0.18395,0.20433,0.95,0.95,0.09527,0.36056,0.9625,0.95
1759,0.0,1.23858,1.0,0.95,0.18293,0.22582,0.95,0.95,0.09459,0.35682,0.975,0.95
1760,0.0,1.23917,1.0,0.95,0.18474,0.20564,0.95,0.95,0.09773,0.34812,0.975,0.95
1761,0.0,1.23967,1.0,0.95,0.18325,0.22782,0.95,0.95,0.09761,0.37641,0.975,0.95
1762,0.0,1.23965,1.0,0.95,0.18591,0.19792,0.95,0.95,0.09852,0.38938,0.9625,0.95
1763,0.0,1.23914,1.0,0.95,0.18327,0.23206,0.95,0.95,0.09904,0.3629,0.9625,0.95
1764,0.0,1.23922,1.0,0.95,0.18542,0.19515,0.95,0.95,0.09837,0.35387,0.9625,0.95
1765,0.0,1.23964,1.0,0.95,0.18365,0.23974,0.95,0.95,0.09768,0.36721,0.975,0.95
1766,0.0,1.23966,1.0,0.95,0.18789,0.20137,0.95,0.95,0.09702,0.35996,0.975,0.95
1767,0.0,1.23968,1.0,0.95,0.18495,0.23787,0.95,0.95,0.09512,0.3582,0.975,0.95
1768,0.0,1.24017,1.0,0.95,0.18805,0.19833,0.95,0.95,0.09425,0.36456,0.9625,0.95
1769,0.0,1.24067,1.0,0.95,0.18429,0.23837,0.95,0.95,0.09675,0.34844,0.9625,0.95
1770,0.0,1.24047,1.0,0.95,0.18568,0.19161,0.95,0.95,0.09833,0.36992,0.975,0.95
1771,0.0,1.24029,1.0,0.95,0.18504,0.22586,0.95,0.95,0.09935,0.38442,0.975,0.95
1772,0.0,1.24062,1.0,0.95,0.18774,0.20632,0.95,0.95,0.09788,0.35931,0.9625,0.95
1773,0.0,1.24107,1.0,0.95,0.18408,0.2442,0.95,0.95,0.09773,0.34878,0.9625,0.95
1774,0.0,1.24171,1.0,0.95,0.18822,0.19248,0.95,0.95,0.09666,0.36444,0.9625,0.95
1775,0.0,1.24182,1.0,0.95,0.18494,0.24198,0.95,0.95,0.09629,0.36217,0.975,0.95
1776,0.0,1.24163,1.0,0.95,0.18559,0.20136,0.95,0.95,0.09495,0.3528,0.975,0.95
1777,0.0,1.24166,1.0,0.95,0.18286,0.22503,0.95,0.95,0.09466,0.3565,0.9625,0.95
1778,0.0,1.24192,1.0,0.95,0.18959,0.19993,0.95,0.95,0.09462,0.36585,0.9625,0.95
1779,0.0,1.2418,1.0,0.95,0.18415,0.24188,0.95,0.95,0.09707,0.35497,0.975,0.95
1780,0.0,1.2422,1.0,0.95,0.18501,0.20103,0.95,0.95,0.09791,0.37997,0.975,0.95
1781,0.0,1.24275,1.0,0.95,0.18338,0.23069,0.9625,0.95,0.099,0.39198,0.975,0.95
1782,0.0,1.2427,1.0,0.95,0.18635,0.20463,0.95,0.95,0.09843,0.36335,0.9625,0.95
1783,0.0,1.24255,1.0,0.95,0.18335,0.226,0.95,0.95,0.09774,0.34576,0.9625,0.95
1784,0.0,1.24274,1.0,0.95,0.18671,0.203,0.95,0.95,0.09645,0.36021,0.975,0.95
1785,0.0,1.24274,1.0,0.95,0.18277,0.2363,0.95,0.95,0.09671,0.37356,0.975,0.95
1786,0.0,1.24346,1.0,0.95,0.18466,0.19529,0.95,0.95,0.09458,0.34922,0.975,0.95
1787,0.0,1.24374,1.0,0.95,0.18415,0.22236,0.95,0.95,0.10075,0.33796,0.9625,0.95
1788,0.0,1.24403,1.0,0.95,0.18449,0.20953,0.95,0.95,0.09835,0.39893,0.975,0.95
1789,0.0,1.24422,1.0,0.95,0.18248,0.22386,0.95,0.95,0.10154,0.40249,0.975,0.95
1790,0.0,1.24413,1.0,0.95,0.18743,0.20634,0.95,0.95,0.09792,0.34679,0.9625,0.95
1791,0.0,1.24402,1.0,0.95,0.18288,0.23814,0.9625,0.95,0.09824,0.34648,0.9625,0.95
1792,0.0,1.24432,1.0,0.95,0.18348,0.19653,0.95,0.95,0.0973,0.37609,0.9625,0.95
1793,0.0,1.24492,1.0,0.95,0.1841,0.22519,0.95,0.95,0.09608,0.36088,0.975,0.95
1794,0.0,1.24487,1.0,0.95,0.18348,0.21572,0.95,0.95,0.09436,0.34422,0.975,0.95
1795,0.0,1.24527,1.0,0.95,0.18361,0.23098,0.95,0.95,0.09724,0.34882,0.975,0.95
1796,0.0,1.24524,1.0,0.95,0.18839,0.19481,0.95,0.95,0.09714,0.38576,0.975,0.95
1797,0.0,1.24532,1.0,0.95,0.18389,0.23962,0.95,0.95,0.09977,0.38242,0.975,0.95
1798,0.0,1.24579,1.0,0.95,0.18307,0.20396,0.95,0.95,0.0978,0.35679,0.9625,0.95
1799,0.0,1.24579,1.0,0.95,0.18289,0.21792,0.95,0.95,0.09665,0.36112,0.9625,0.95
1800,0.0,1.24566,1.0,0.95,0.18926,0.20711,0.95,0.95,0.09585,0.37787,0.9625,0.95
1801,0.0,1.24606,1.0,0.95,0.18413,0.24196,0.95,0.95,0.09654,0.37106,0.975,0.95
1802,0.0,1.2466,1.0,0.95,0.18339,0.19408,0.95,0.95,0.09553,0.36405,0.975,0.95
1803,0.0,1.24701,1.0,0.95,0.18401,0.23134,0.95,0.95,0.09436,0.36452,0.9625,0.95
1804,0.0,1.24678,1.0,0.95,0.1838,0.20322,0.95,0.95,0.09585,0.3559,0.9625,0.95
1805,0.0,1.24628,1.0,0.95,0.18258,0.22022,0.95,0.95,0.09664,0.37523,0.975,0.95
1806,0.0,1.24671,1.0,0.95,0.18742,0.20349,0.95,0.95,0.09799,0.3827,0.975,0.95
1807,0.0,1.24737,1.0,0.95,0.18327,0.2474,0.9625,0.95,0.09748,0.36318,0.9625,0.95
1808,0.0,1.24741,1.0,0.95,0.18463,0.19907,0.95,0.95,0.09682,0.35115,0.9625,0.95
1809,0.0,1.24765,1.0,0.95,0.18397,0.21227,0.9625,0.95,0.09608,0.36756,0.9625,0.95
1810,0.0,1.24747,1.0,0.95,0.18542,0.20449,0.9375,0.95,0.09583,0.36553,0.975,0.95
1811,0.0,1.24788,1.0,0.95,0.18245,0.23008,0.95,0.95,0.09489,0.35676,0.975,0.95
1812,0.0,1.24825,1.0,0.95,0.1854,0.19875,0.95,0.95,0.09492,0.36664,0.9625,0.95
1813,0.0,1.24802,1.0,0.95,0.18357,0.22881,0.9625,0.95,0.09439,0.36907,0.9625,0.95
1814,0.0,1.24782,1.0,0.95,0.18461,0.21218,0.95,0.95,0.09413,0.36106,0.975,0.95
1815,0.0,1.24837,1.0,0.95,0.18117,0.21544,0.95,0.95,0.09716,0.35305,0.975,0.95
1816,0.0,1.24909,1.0,0.95,0.18517,0.20692,0.95,0.95,0.09683,0.37899,0.975,0.95
1817,0.0,1.24903,1.0,0.95,0.18166,0.22566,0.9625,0.95,0.09772,0.38411,0.975,0.95
1818,0.0,1.24873,1.0,0.95,0.18377,0.21308,0.95,0.95,0.09784,0.35876,0.9625,0.95
1819,0.0,1.24899,1.0,0.95,0.18223,0.22152,0.9625,0.95,0.09708,0.35643,0.9625,0.95
1820,0.0,1.24947,1.0,0.95,0.18299,0.21729,0.95,0.95,0.09587,0.37578,0.975,0.95
1821,0.0,1.24992,1.0,0.95,0.18218,0.21854,0.95,0.95,0.09646,0.36646,0.975,0.95
1822,0.0,1.24973,1.0,0.95,0.1822,0.20199,0.9625,0.95,0.0952,0.35728,0.975,0.95
1823,0.0,1.24967,1.0,0.95,0.18313,0.22129,0.9625,0.95,0.09456,0.3732,0.9625,0.95
1824,0.0,1.25005,1.0,0.95,0.18285,0.21475,0.9625,0.95,0.09422,0.37235,0.9625,0.95
1825,0.0,1.25041,1.0,0.95,0.1823,0.20913,0.9625,0.95,0.0937,0.35284,0.975,0.95
1826,0.0,1.25019,1.0,0.95,0.18469,0.21512,0.95,0.95,0.09601,0.34798,0.975,0.95
1827,0.0,1.25052,1.0,0.95,0.1819,0.21975,0.9625,0.95,0.09622,0.3806,0.975,0.95
1828,0.0,1.25088,1.0,0.95,0.18157,0.20561,0.9625,0.95,0.09713,0.37626,0.9625,0.95
1829,0.0,1.25088,1.0,0.95,0.18365,0.2181,0.9625,0.95,0.09766,0.35587,0.9625,0.95
1830,0.0,1.25128,1.0,0.95,0.18215,0.21269,0.9625,0.95,0.09692,0.3611,0.9625,0.95
1831,0.0,1.25173,1.0,0.95,0.18176,0.21997,0.9625,0.95,0.09602,0.36732,0.975,0.95
1832,0.0,1.252,1.0,0.95,0.18339,0.2094,0.95,0.95,0.0954,0.36546,0.975,0.95
1833,0.0,1.25158,1.0,0.95,0.18241,0.21402,0.95,0.95,0.09462,0.36157,0.975,0.95
1834,0.0,1.25137,1.0,0.95,0.1833,0.21355,0.9375,0.95,0.09429,0.36216,0.9625,0.95
1835,0.0,1.25177,1.0,0.95,0.18164,0.22655,0.9625,0.95,0.09388,0.35914,0.9625,0.95
1836,0.0,1.25191,1.0,0.95,0.18353,0.20494,0.95,0.95,0.09375,0.36122,0.975,0.95
1837,0.0,1.25227,1.0,0.95,0.18339,0.23043,0.9625,0.95,0.09693,0.35551,0.975,0.95
1838,0.0,1.25247,1.0,0.95,0.18224,0.20813,0.95,0.95,0.09612,0.38168,0.975,0.95
1839,0.0,1.25281,1.0,0.95,0.18152,0.22975,0.95,0.95,0.09693,0.39084,0.9625,0.95
1840,0.0,1.25315,1.0,0.95,0.18406,0.19818,0.95,0.95,0.09707,0.36628,0.9625,0.95
1841,0.0,1.25291,1.0,0.95,0.18192,0.22922,0.95,0.95,0.09652,0.35581,0.9625,0.95
1842,0.0,1.25265,1.0,0.95,0.18463,0.20143,0.95,0.95,0.09572,0.36772,0.9625,0.95
1843,0.0,1.25325,1.0,0.95,0.18192,0.23421,0.95,0.95,0.09509,0.36953,0.975,0.95
1844,0.0,1.25404,1.0,0.95,0.1856,0.19982,0.95,0.95,0.09467,0.36281,0.975,0.95
1845,0.0,1.25442,1.0,0.95,0.18248,0.22537,0.95,0.95,0.09379,0.36381,0.9625,0.95
1846,0.0,1.25415,1.0,0.95,0.18558,0.2037,0.95,0.95,0.09365,0.36319,0.9625,0.95
1847,0.0,1.25407,1.0,0.95,0.1817,0.23572,0.95,0.95,0.09325,0.35854,0.975,0.95
1848,0.0,1.25439,1.0,0.95,0.1864,0.19574,0.95,0.95,0.09677,0.35567,0.975,0.95
1849,0.0,1.25474,1.0,0.95,0.18282,0.23365,0.95,0.95,0.0959,0.38755,0.975,0.95
1850,0.0,1.25455,1.0,0.95,0.18448,0.209,0.95,0.95,0.09667,0.3877,0.975,0.95
1851,0.0,1.25437,1.0,0.95,0.18091,0.23818,0.95,0.95,0.0973,0.36022,0.9625,0.95
1852,0.0,1.25465,1.0,0.95,0.18655,0.20167,0.95,0.95,0.09726,0.35216,0.9625,0.95
1853,0.0,1.25511,1.0,0.95,0.18297,0.23098,0.95,0.95,0.09608,0.37163,0.975,0.95
1854,0.0,1.2556,1.0,0.95,0.18471,0.20185,0.95,0.95,0.09501,0.37103,0.975,0.95
1855,0.0,1.25558,1.0,0.95,0.1819,0.23216,0.95,0.95,0.09406,0.36003,0.975,0.95
1856,0.0,1.25536,1.0,0.95,0.18546,0.19464,0.95,0.95,0.09355,0.36466,0.9625,0.95
1857,0.0,1.25571,1.0,0.95,0.18256,0.23126,0.95,0.95,0.0935,0.36667,0.9625,0.95
1858,0.0,1.25588,1.0,0.95,0.18394,0.20578,0.95,0.95,0.09301,0.35689,0.975,0.95
1859,0.0,1.25611,1.0,0.95,0.18133,0.23,0.95,0.95,0.09525,0.35771,0.975,0.95
1860,0.0,1.25652,1.0,0.95,0.18538,0.20551,0.95,0.95,0.09517,0.38689,0.975,0.95
1861,0.0,1.25634,1.0,0.95,0.18283,0.23176,0.95,0.95,0.09585,0.38203,0.9625,0.95
1862,0.0,1.25609,1.0,0.95,0.18316,0.19289,0.95,0.95,0.09665,0.36114,0.9625,0.95
1863,0.0,1.25674,1.0,0.95,0.18241,0.22987,0.95,0.95,0.09666,0.36426,0.9625,0.95
1864,0.0,1.25738,1.0,0.95,0.18391,0.20836,0.95,0.95,0.09578,0.37201,0.9625,0.95
1865,0.0,1.2573,1.0,0.95,0.18235,0.22697,0.9625,0.95,0.09432,0.3639,0.975,0.95
1866,0.0,1.25753,1.0,0.95,0.18668,0.20141,0.95,0.95,0.09383,0.36654,0.975,0.95
1867,0.0,1.25736,1.0,0.95,0.1832,0.23011,0.95,0.95,0.09344,0.37821,0.9625,0.95
1868,0.0,1.25747,1.0,0.95,0.18116,0.19855,0.95,0.95,0.09281,0.36324,0.9625,0.95
1869,0.0,1.25761,1.0,0.95,0.18187,0.22272,0.95,0.95,0.09511,0.35114,0.975,0.95
1870,0.0,1.25805,1.0,0.95,0.18342,0.2021,0.95,0.95,0.09506,0.37971,0.975,0.95
1871,0.0,1.2582,1.0,0.95,0.18149,0.23927,0.9625,0.95,0.0955,0.38011,0.975,0.95
1872,0.0,1.25863,1.0,0.95,0.18408,0.19539,0.95,0.95,0.09607,0.35498,0.9625,0.95
1873,0.0,1.25863,1.0,0.95,0.18253,0.2448,0.95,0.95,0.09571,0.36052,0.9625,0.95
1874,0.0,1.25888,1.0,0.95,0.18397,0.19777,0.95,0.95,0.09485,0.37719,0.9625,0.95
1875,0.0,1.2592,1.0,0.95,0.18235,0.24471,0.95,0.95,0.09424,0.36124,0.975,0.95
1876,0.0,1.25895,1.0,0.95,0.18829,0.19493,0.95,0.95,0.09387,0.35464,0.975,0.95
1877,0.0,1.25891,1.0,0.95,0.18388,0.24394,0.95,0.95,0.09327,0.36859,0.975,0.95
1878,0.0,1.25933,1.0,0.95,0.18512,0.19606,0.95,0.95,0.09276,0.35598,0.9625,0.95
1879,0.0,1.25985,1.0,0.95,0.1831,0.24113,0.95,0.95,0.09551,0.34109,0.9625,0.95
1880,0.0,1.25978,1.0,0.95,0.18564,0.2022,0.95,0.95,0.09452,0.38385,0.975,0.95
1881,0.0,1.2601,1.0,0.95,0.18367,0.23666,0.95,0.95,0.09524,0.38533,0.975,0.95
1882,0.0,1.26019,1.0,0.95,0.18766,0.20052,0.95,0.95,0.09574,0.35735,0.9625,0.95
1883,0.0,1.26062,1.0,0.95,0.18298,0.24667,0.95,0.95,0.09541,0.36385,0.9625,0.95
1884,0.0,1.26061,1.0,0.95,0.18435,0.19073,0.95,0.95,0.09485,0.36549,0.9625,0.95
1885,0.0,1.26073,1.0,0.95,0.183,0.22733,0.95,0.95,0.09389,0.35741,0.975,0.95
1886,0.0,1.26056,1.0,0.95,0.18263,0.20676,0.95,0.95,0.0932,0.36237,0.975,0.95
1887,0.0,1.2608,1.0,0.95,0.18137,0.22483,0.95,0.95,0.09272,0.36658,0.9625,0.95
1888,0.0,1.26116,1.0,0.95,0.18512,0.20413,0.95,0.95,0.09243,0.35431,0.9625,0.95
1889,0.0,1.26124,1.0,0.95,0.18185,0.231,0.9625,0.95,0.0942,0.34731,0.9625,0.95
1890,0.0,1.26117,1.0,0.95,0.18184,0.20336,0.95,0.95,0.09428,0.38655,0.975,0.95
1891,0.0,1.26163,1.0,0.95,0.18066,0.22045,0.95,0.95,0.09459,0.37942,0.975,0.95
1892,0.0,1.26224,1.0,0.95,0.18136,0.20418,0.95,0.95,0.09561,0.35169,0.9625,0.95
1893,0.0,1.26213,1.0,0.95,0.181,0.23,0.95,0.95,0.09528,0.35879,0.9625,0.95
1894,0.0,1.26195,1.0,0.95,0.18293,0.21203,0.95,0.95,0.09426,0.37695,0.9625,0.95
1895,0.0,1.26221,1.0,0.95,0.18116,0.2258,0.9625,0.95,0.09374,0.36476,0.975,0.95
1896,0.0,1.2625,1.0,0.95,0.18325,0.19601,0.95,0.95,0.09303,0.36059,0.975,0.95
1897,0.0,1.26288,1.0,0.95,0.18153,0.23213,0.95,0.95,0.09275,0.36723,0.9625,0.95
1898,0.0,1.26285,1.0,0.95,0.18189,0.20553,0.95,0.95,0.09276,0.36416,0.9625,0.95
1899,0.0,1.26279,1.0,0.95,0.18059,0.21911,0.95,0.95,0.09204,0.35438,0.9625,0.95
1900,0.0,1.26304,1.0,0.95,0.1852,0.19985,0.95,0.95,0.09181,0.36303,0.975,0.95
1901,0.0,1.2636,1.0,0.95,0.18104,0.24407,0.95,0.95,0.09351,0.36629,0.975,0.95
1902,0.0,1.26373,1.0,0.95,0.18158,0.19749,0.95,0.95,0.09298,0.37562,0.975,0.95
1903,0.0,1.26349,1.0,0.95,0.18128,0.23285,0.95,0.95,0.09402,0.372,0.9625,0.95
1904,0.0,1.26381,1.0,0.95,0.18533,0.20375,0.95,0.95,0.0958,0.35769,0.9625,0.95
1905,0.0,1.26431,1.0,0.95,0.18197,0.23027,0.95,0.95,0.09464,0.3595,0.9625,0.95
1906,0.0,1.26469,1.0,0.95,0.185,0.19484,0.95,0.95,0.09348,0.36836,0.9625,0.95
1907,0.0,1.26446,1.0,0.95,0.18238,0.24008,0.95,0.95,0.09295,0.35789,0.975,0.95
1908,0.0,1.26433,1.0,0.95,0.18248,0.19842,0.95,0.95,0.09258,0.36139,0.975,0.95
1909,0.0,1.2647,1.0,0.95,0.18219,0.21951,0.95,0.95,0.09229,0.37403,0.9625,0.95
1910,0.0,1.2648,1.0,0.95,0.18506,0.20286,0.95,0.95,0.09186,0.35576,0.9625,0.95
1911,0.0,1.26517,1.0,0.95,0.18045,0.23575,0.95,0.95,0.09619,0.34491,0.9625,0.95
1912,0.0,1.26555,1.0,0.95,0.1824,0.20004,0.95,0.95,0.09348,0.38541,0.9875,0.95
1913,0.0,1.26551,1.0,0.95,0.18114,0.22407,0.9625,0.95,0.09338,0.37828,0.975,0.95
1914,0.0,1.26524,1.0,0.95,0.18255,0.21092,0.95,0.95,0.0954,0.34821,0.9625,0.95
1915,0.0,1.26532,1.0,0.95,0.1795,0.22213,0.95,0.95,0.09487,0.36541,0.9625,0.95
1916,0.0,1.26606,1.0,0.95,0.18137,0.2085,0.95,0.95,0.09391,0.37748,0.9625,0.95
1917,0.0,1.26679,1.0,0.95,0.1813,0.22769,0.9625,0.95,0.09341,0.35361,0.975,0.95
1918,0.0,1.26668,1.0,0.95,0.18202,0.19823,0.95,0.95,0.09273,0.36504,0.975,0.95
1919,0.0,1.26635,1.0,0.95,0.18149,0.22554,0.95,0.95,0.09207,0.37823,0.9625,0.95
1920,0.0,1.26627,1.0,0.95,0.18145,0.21252,0.95,0.95,0.09231,0.36747,0.9625,0.95
1921,0.0,1.26678,1.0,0.95,0.18108,0.22225,0.9625,0.95,0.09183,0.36219,0.9625,0.95
1922,0.0,1.26732,1.0,0.95,0.18428,0.20508,0.95,0.95,0.09226,0.36352,0.975,0.95
1923,0.0,1.26779,1.0,0.95,0.18163,0.23002,0.9625,0.95,0.09253,0.38379,0.9875,0.95
1924,0.0,1.26755,1.0,0.95,0.17951,0.20003,0.95,0.95,0.09221,0.37341,0.975,0.95
1925,0.0,1.26713,1.0,0.95,0.18116,0.22241,0.95,0.95,0.09336,0.35869,0.9625,0.95
1926,0.0,1.26736,1.0,0.95,0.18127,0.21034,0.95,0.95,0.09356,0.35932,0.9625,0.95
1927,0.0,1.26786,1.0,0.95,0.18185,0.22737,0.9625,0.95,0.09289,0.36874,0.9625,0.95
1928,0.0,1.26776,1.0,0.95,0.18365,0.20003,0.95,0.95,0.0923,0.36724,0.975,0.95
1929,0.0,1.26773,1.0,0.95,0.18052,0.22939,0.95,0.95,0.09204,0.36262,0.975,0.95
1930,0.0,1.26838,1.0,0.95,0.18111,0.2039,0.95,0.95,0.09181,0.37097,0.9625,0.95
1931,0.0,1.26909,1.0,0.95,0.18053,0.22179,0.95,0.95,0.09212,0.37435,0.9625,0.95
1932,0.0,1.26921,1.0,0.95,0.18327,0.20416,0.95,0.95,0.0922,0.36381,0.9625,0.95
1933,0.0,1.26887,1.0,0.95,0.18009,0.24136,0.95,0.95,0.09157,0.35737,0.9625,0.95
1934,0.0,1.269,1.0,0.95,0.18114,0.19913,0.95,0.95,0.09072,0.35735,0.9625,0.95
1935,0.0,1.2689,1.0,0.95,0.18066,0.23558,0.95,0.95,0.09197,0.36185,0.9625,0.95
1936,0.0,1.26909,1.0,0.95,0.18329,0.2066,0.95,0.95,0.09157,0.38414,0.9875,0.95
1937,0.0,1.26943,1.0,0.95,0.18068,0.22676,0.95,0.95,0.09212,0.38026,0.975,0.95
1938,0.0,1.26953,1.0,0.95,0.18542,0.19529,0.95,0.95,0.09361,0.36531,0.9625,0.95
1939,0.0,1.26945,1.0,0.95,0.18119,0.24184,0.95,0.95,0.09279,0.36447,0.9625,0.95
1940,0.0,1.26994,1.0,0.95,0.18206,0.19968,0.95,0.95,0.09243,0.36009,0.9625,0.95
1941,0.0,1.27046,1.0,0.95,0.18133,0.21873,0.9625,0.95,0.09186,0.36765,0.9625,0.95
1942,0.0,1.27055,1.0,0.95,0.18475,0.19959,0.95,0.95,0.09192,0.37245,0.975,0.95
1943,0.0,1.27049,1.0,0.95,0.1805,0.23572,0.95,0.95,0.09129,0.3791,0.9625,0.95
1944,0.0,1.27064,1.0,0.95,0.18064,0.19763,0.95,0.95,0.09157,0.38291,0.9625,0.95
1945,0.0,1.27096,1.0,0.95,0.1816,0.22574,0.9625,0.95,0.09133,0.37073,0.9625,0.95
1946,0.0,1.27158,1.0,0.95,0.18172,0.21411,0.95,0.95,0.09042,0.35835,0.975,0.95
1947,0.0,1.27176,1.0,0.95,0.17954,0.22221,0.95,0.95,0.0919,0.35758,0.975,0.95
1948,0.0,1.27141,1.0,0.95,0.18145,0.20881,0.95,0.95,0.09145,0.3766,0.9875,0.95
1949,0.0,1.2715,1.0,0.95,0.17974,0.22315,0.9625,0.95,0.09143,0.36629,0.9875,0.95
1950,0.0,1.27186,1.0,0.95,0.17987,0.20852,0.95,0.95,0.09232,0.3661,0.9625,0.95
1951,0.0,1.2718,1.0,0.95,0.17975,0.2147,0.9625,0.95,0.09362,0.37212,0.9625,0.95
1952,0.0,1.27169,1.0,0.95,0.17996,0.20762,0.9625,0.95,0.09196,0.36465,0.9625,0.95
1953,0.0,1.2723,1.0,0.95,0.18002,0.22557,0.9625,0.95,0.09168,0.37458,0.9625,0.95
1954,0.0,1.27286,1.0,0.95,0.18057,0.21934,0.95,0.95,0.09165,0.37547,0.9875,0.95
1955,0.0,1.27319,1.0,0.95,0.18041,0.21655,0.9625,0.95,0.09128,0.36403,0.975,0.95
1956,0.0,1.27297,1.0,0.95,0.1812,0.21016,0.95,0.95,0.09157,0.36562,0.975,0.95
1957,0.0,1.27266,1.0,0.95,0.17902,0.22458,0.9625,0.95,0.09142,0.36563,0.975,0.95
1958,0.0,1.27322,1.0,0.95,0.17899,0.19877,0.9625,0.95,0.09077,0.36341,0.975,0.95
1959,0.0,1.27376,1.0,0.95,0.18042,0.22179,0.95,0.95,0.08967,0.35922,0.975,0.95
1960,0.0,1.27368,1.0,0.95,0.18081,0.21007,0.95,0.95,0.09042,0.36588,0.975,0.95
1961,0.0,1.2733,1.0,0.95,0.17908,0.23324,0.9625,0.95,0.09079,0.38868,0.9875,0.95
1962,0.0,1.27329,1.0,0.95,0.184,0.20139,0.95,0.95,0.09122,0.3714,0.9625,0.95
1963,0.0,1.27383,1.0,0.95,0.18051,0.23811,0.95,0.95,0.09216,0.36168,0.9625,0.95
1964,0.0,1.27406,1.0,0.95,0.18168,0.19612,0.95,0.95,0.09238,0.36959,0.9625,0.95
1965,0.0,1.27445,1.0,0.95,0.18013,0.23217,0.95,0.95,0.09149,0.36614,0.9625,0.95
1966,0.0,1.27449,1.0,0.95,0.18343,0.19805,0.95,0.95,0.09074,0.36474,0.9625,0.95
1967,0.0,1.2744,1.0,0.95,0.17981,0.23847,0.95,0.95,0.09039,0.36576,0.975,0.95
1968,0.0,1.27485,1.0,0.95,0.18464,0.20191,0.95,0.95,0.09038,0.36995,0.9625,0.95
1969,0.0,1.27539,1.0,0.95,0.18063,0.24736,0.95,0.95,0.09069,0.37613,0.9625,0.95
1970,0.0,1.27562,1.0,0.95,0.18368,0.20102,0.95,0.95,0.09101,0.37056,0.975,0.95
1971,0.0,1.27539,1.0,0.95,0.18111,0.22541,0.95,0.95,0.08989,0.36192,0.975,0.95
1972,0.0,1.27525,1.0,0.95,0.18379,0.20165,0.95,0.95,0.09161,0.35635,0.9625,0.95
1973,0.0,1.27556,1.0,0.95,0.18023,0.23659,0.95,0.95,0.0906,0.38224,0.9875,0.95
1974,0.0,1.27597,1.0,0.95,0.18305,0.19494,0.95,0.95,0.09116,0.36655,0.975,0.95
1975,0.0,1.27599,1.0,0.95,0.18081,0.23041,0.9625,0.95,0.09195,0.36445,0.9625,0.95
1976,0.0,1.27609,1.0,0.95,0.18093,0.20425,0.95,0.95,0.0927,0.37966,0.9625,0.95
1977,0.0,1.27651,1.0,0.95,0.17949,0.2307,0.95,0.95,0.09129,0.36778,0.9625,0.95
1978,0.0,1.27686,1.0,0.95,0.18302,0.20788,0.95,0.95,0.09068,0.37057,0.975,0.95
1979,0.0,1.27731,1.0,0.95,0.1806,0.23587,0.95,0.95,0.09014,0.37348,0.975,0.95
1980,0.0,1.27717,1.0,0.95,0.18303,0.1934,0.95,0.95,0.09009,0.36409,0.9625,0.95
1981,0.0,1.27696,1.0,0.95,0.18018,0.23655,0.95,0.95,0.09062,0.36109,0.9625,0.95
1982,0.0,1.27682,1.0,0.95,0.18067,0.20445,0.95,0.95,0.09037,0.37436,0.975,0.95
1983,0.0,1.27727,1.0,0.95,0.17943,0.22668,0.95,0.95,0.09042,0.3689,0.9875,0.95
1984,0.0,1.27793,1.0,0.95,0.1854,0.20664,0.95,0.95,0.09071,0.36208,0.975,0.95
1985,0.0,1.27852,1.0,0.95,0.18005,0.24062,0.9625,0.95,0.09022,0.37389,0.975,0.95
1986,0.0,1.27831,1.0,0.95,0.18019,0.19372,0.95,0.95,0.09036,0.37165,0.975,0.95
1987,0.0,1.27784,1.0,0.95,0.18045,0.22955,0.95,0.95,0.08999,0.36369,0.975,0.95
1988,0.0,1.2777,1.0,0.95,0.18127,0.20405,0.95,0.95,0.08889,0.36504,0.975,0.95
1989,0.0,1.27824,1.0,0.95,0.17879,0.22104,0.95,0.95,0.0886,0.35334,0.975,0.95
1990,0.0,1.27881,1.0,0.95,0.18491,0.20458,0.95,0.95,0.09117,0.35474,0.975,0.95
1991,0.0,1.27926,1.0,0.95,0.18014,0.23967,0.9625,0.95,0.09047,0.37853,0.9875,0.95
1992,0.0,1.27926,1.0,0.95,0.18044,0.19858,0.95,0.95,0.09178,0.37464,0.9875,0.95
1993,0.0,1.279,1.0,0.95,0.17993,0.22554,0.95,0.95,0.09322,0.37308,0.9625,0.95
1994,0.0,1.27919,1.0,0.95,0.18174,0.20798,0.95,0.95,0.09156,0.37036,0.9625,0.95
1995,0.0,1.27964,1.0,0.95,0.17852,0.21789,0.95,0.95,0.09041,0.37562,0.975,0.95
1996,0.0,1.27962,1.0,0.95,0.18397,0.20268,0.95,0.95,0.08982,0.37024,0.9875,0.95
1997,0.0,1.27975,1.0,0.95,0.17862,0.23711,0.9625,0.95,0.09025,0.36951,0.975,0.95
1998,0.0,1.27965,1.0,0.95,0.18117,0.20011,0.95,0.95,0.08876,0.36106,0.975,0.95
1999,0.0,1.28002,1.0,0.95,0.18017,0.2226,0.95,0.95,0.09368,0.35724,0.9625,0.95
