id	term	owner	anchor	link
G-1	$1/(1-\beta)$	DL/03-optimizers/DL-033-exponentially-weighted-moving-average/DL-033-exponentially-weighted-moving-average.md		DL/03-optimizers/DL-033-exponentially-weighted-moving-average/DL-033-exponentially-weighted-moving-average.md
G-3	$\alpha$	MA/04-inference/MA-035-confidence-intervals-z-procedure/MA-035-confidence-intervals-z-procedure.md	7-the-z-procedure-formula	MA/04-inference/MA-035-confidence-intervals-z-procedure/MA-035-confidence-intervals-z-procedure.md#7-the-z-procedure-formula
G-2	$\alpha$ (Pareto shape)	MA/03-distributions/MA-030-pareto-and-power-law/MA-030-pareto-and-power-law.md		MA/03-distributions/MA-030-pareto-and-power-law/MA-030-pareto-and-power-law.md
G-5	$\beta$	MA/04-inference/MA-040-errors-power-and-tails/MA-040-errors-power-and-tails.md		MA/04-inference/MA-040-errors-power-and-tails/MA-040-errors-power-and-tails.md
G-4	$\beta$ (beta)	DL/03-optimizers/DL-033-exponentially-weighted-moving-average/DL-033-exponentially-weighted-moving-average.md		DL/03-optimizers/DL-033-exponentially-weighted-moving-average/DL-033-exponentially-weighted-moving-average.md
G-6	$\beta_1$, $\beta_2$	DL/03-optimizers/DL-038-adam/DL-038-adam.md		DL/03-optimizers/DL-038-adam/DL-038-adam.md
G-7	$\binom{n}{k}$ ($n$ choose $k$)	MA/03-distributions/MA-021-pmf-and-discrete-cdf/MA-021-pmf-and-discrete-cdf.md		MA/03-distributions/MA-021-pmf-and-discrete-cdf/MA-021-pmf-and-discrete-cdf.md
G-8	$\delta$ (Huber)	DL/01-basics/DL-014-dl-loss-functions/DL-014-dl-loss-functions.md		DL/01-basics/DL-014-dl-loss-functions/DL-014-dl-loss-functions.md
G-9	$\epsilon$ (epsilon)	DL/02-training/DL-031-batch-normalization/DL-031-batch-normalization.md		DL/02-training/DL-031-batch-normalization/DL-031-batch-normalization.md
G-10	$\gamma$ (gain) and $\beta$ (shift)	DL/06-transformers/DL-080-layer-normalization/DL-080-layer-normalization.md		DL/06-transformers/DL-080-layer-normalization/DL-080-layer-normalization.md
G-11	$\gamma$ (scale) and $\beta$ (shift)	DL/02-training/DL-031-batch-normalization/DL-031-batch-normalization.md		DL/02-training/DL-031-batch-normalization/DL-031-batch-normalization.md
G-12	$\hat{\mu}$	MA/04-inference/MA-034-estimating-a-mean-with-the-clt/MA-034-estimating-a-mean-with-the-clt.md		MA/04-inference/MA-034-estimating-a-mean-with-the-clt/MA-034-estimating-a-mean-with-the-clt.md
G-13	$\int_a^b f(x)\,dx$	MA/03-distributions/MA-022-pdf-and-continuous-cdf/MA-022-pdf-and-continuous-cdf.md		MA/03-distributions/MA-022-pdf-and-continuous-cdf/MA-022-pdf-and-continuous-cdf.md
G-14	$\partial L/\partial b_1$	DL/04-cnn/DL-048-backpropagation-cnn-layers/DL-048-backpropagation-cnn-layers.md		DL/04-cnn/DL-048-backpropagation-cnn-layers/DL-048-backpropagation-cnn-layers.md
G-15	$\partial L/\partial W_1$	DL/04-cnn/DL-048-backpropagation-cnn-layers/DL-048-backpropagation-cnn-layers.md		DL/04-cnn/DL-048-backpropagation-cnn-layers/DL-048-backpropagation-cnn-layers.md
G-16	$\partial L/\partial z$	DL/01-basics/DL-016-backpropagation-how/DL-016-backpropagation-how.md		DL/01-basics/DL-016-backpropagation-how/DL-016-backpropagation-how.md
G-17	$\partial L/\partial Z_2 = a_2 - y$	DL/04-cnn/DL-047-backpropagation-in-cnn/DL-047-backpropagation-in-cnn.md		DL/04-cnn/DL-047-backpropagation-in-cnn/DL-047-backpropagation-in-cnn.md
G-18	$\Phi(z)$	MA/03-distributions/MA-025-standard-normal-and-z-table/MA-025-standard-normal-and-z-table.md		MA/03-distributions/MA-025-standard-normal-and-z-table/MA-025-standard-normal-and-z-table.md
G-19	$\phi(z)$	MA/03-distributions/MA-025-standard-normal-and-z-table/MA-025-standard-normal-and-z-table.md		MA/03-distributions/MA-025-standard-normal-and-z-table/MA-025-standard-normal-and-z-table.md
G-20	$\text{Lognormal}(\mu, \sigma^2)$	MA/03-distributions/MA-029-uniform-and-log-normal/MA-029-uniform-and-log-normal.md		MA/03-distributions/MA-029-uniform-and-log-normal/MA-029-uniform-and-log-normal.md
G-21	$\theta$ (theta)	MA/08-likelihood/MA-070-maximum-likelihood-estimation/MA-070-maximum-likelihood-estimation.md		MA/08-likelihood/MA-070-maximum-likelihood-estimation/MA-070-maximum-likelihood-estimation.md
G-22	$A^{\mathsf T}A$	MA/05-linear-algebra/MA-058-computing-the-svd/MA-058-computing-the-svd.md		MA/05-linear-algebra/MA-058-computing-the-svd/MA-058-computing-the-svd.md
G-23	$b_{ij}$	DL/01-basics/DL-008-mlp-notation/DL-008-mlp-notation.md		DL/01-basics/DL-008-mlp-notation/DL-008-mlp-notation.md
G-24	$d_k$	DL/06-transformers/DL-075-scaled-dot-product-attention/DL-075-scaled-dot-product-attention.md		DL/06-transformers/DL-075-scaled-dot-product-attention/DL-075-scaled-dot-product-attention.md
G-25	$d_k$, $d_v$	DL/06-transformers/DL-078-multi-head-attention/DL-078-multi-head-attention.md		DL/06-transformers/DL-078-multi-head-attention/DL-078-multi-head-attention.md
G-26	$d_{\text{ff}}$	DL/06-transformers/DL-081-transformer-encoder/DL-081-transformer-encoder.md		DL/06-transformers/DL-081-transformer-encoder/DL-081-transformer-encoder.md
G-27	$d_{\text{model}}$	DL/06-transformers/DL-078-multi-head-attention/DL-078-multi-head-attention.md		DL/06-transformers/DL-078-multi-head-attention/DL-078-multi-head-attention.md
G-28	$h$	DL/06-transformers/DL-078-multi-head-attention/DL-078-multi-head-attention.md		DL/06-transformers/DL-078-multi-head-attention/DL-078-multi-head-attention.md
G-29	$h^{(l)}_t$	DL/05-rnn/DL-065-deep-rnns/DL-065-deep-rnns.md		DL/05-rnn/DL-065-deep-rnns/DL-065-deep-rnns.md
G-30	$H_{\text{enc}}$	DL/06-transformers/DL-084-transformer-decoder/DL-084-transformer-decoder.md		DL/06-transformers/DL-084-transformer-decoder/DL-084-transformer-decoder.md
G-32	$N(\mu, \sigma^2)$	MA/03-distributions/MA-024-normal-distribution/MA-024-normal-distribution.md		MA/03-distributions/MA-024-normal-distribution/MA-024-normal-distribution.md
G-33	$O_{ij}$	DL/01-basics/DL-008-mlp-notation/DL-008-mlp-notation.md		DL/01-basics/DL-008-mlp-notation/DL-008-mlp-notation.md
G-34	$P(X = x)$	MA/03-distributions/MA-021-pmf-and-discrete-cdf/MA-021-pmf-and-discrete-cdf.md		MA/03-distributions/MA-021-pmf-and-discrete-cdf/MA-021-pmf-and-discrete-cdf.md
G-35	$P(X = x, Y = y)$	MA/02-probability/MA-014-joint-marginal-conditional-probability/MA-014-joint-marginal-conditional-probability.md		MA/02-probability/MA-014-joint-marginal-conditional-probability/MA-014-joint-marginal-conditional-probability.md
G-36	$V_0$	DL/03-optimizers/DL-033-exponentially-weighted-moving-average/DL-033-exponentially-weighted-moving-average.md		DL/03-optimizers/DL-033-exponentially-weighted-moving-average/DL-033-exponentially-weighted-moving-average.md
G-37	$W^{k}_{ij}$	DL/01-basics/DL-008-mlp-notation/DL-008-mlp-notation.md		DL/01-basics/DL-008-mlp-notation/DL-008-mlp-notation.md
G-38	$w_0$	MA/05-linear-algebra/MA-051-equation-of-a-hyperplane/MA-051-equation-of-a-hyperplane.md		MA/05-linear-algebra/MA-051-equation-of-a-hyperplane/MA-051-equation-of-a-hyperplane.md
G-39	$W_i$, $W_h$, $W_o$	DL/05-rnn/DL-056-rnn-forward-propagation/DL-056-rnn-forward-propagation.md		DL/05-rnn/DL-056-rnn-forward-propagation/DL-056-rnn-forward-propagation.md
G-40	$W_O$	DL/06-transformers/DL-078-multi-head-attention/DL-078-multi-head-attention.md		DL/06-transformers/DL-078-multi-head-attention/DL-078-multi-head-attention.md
G-41	$W_Q$, $W_K$, $W_V$	DL/06-transformers/DL-074-self-attention-step-by-step/DL-074-self-attention-step-by-step.md	1-overview	DL/06-transformers/DL-074-self-attention-step-by-step/DL-074-self-attention-step-by-step.md#1-overview
G-42	$W_{\text{up}}$, $W_{\text{down}}$	DL/06-transformers/DL-089-mlp-stores-facts/DL-089-mlp-stores-facts.md	3-the-mlp-block-in-one-formula	DL/06-transformers/DL-089-mlp-stores-facts/DL-089-mlp-stores-facts.md#3-the-mlp-block-in-one-formula
G-43	$x_m$ (Pareto)	MA/03-distributions/MA-030-pareto-and-power-law/MA-030-pareto-and-power-law.md		MA/03-distributions/MA-030-pareto-and-power-law/MA-030-pareto-and-power-law.md
G-44	$X_{dec}$	DL/06-transformers/DL-083-cross-attention/DL-083-cross-attention.md		DL/06-transformers/DL-083-cross-attention/DL-083-cross-attention.md
G-45	$Y \sim \text{Po}(\lambda)$	MA/03-distributions/MA-032-poisson-distribution/MA-032-poisson-distribution.md		MA/03-distributions/MA-032-poisson-distribution/MA-032-poisson-distribution.md
G-46	.dt accessor	ML/03-feature-engineering/ML-033-date-and-time/ML-033-date-and-time.md	5-extracting-parts-of-a-date	ML/03-feature-engineering/ML-033-date-and-time/ML-033-date-and-time.md#5-extracting-parts-of-a-date
G-47	.str accessor	ML/03-feature-engineering/ML-032-mixed-variables/ML-032-mixed-variables.md	51-the-number-part	ML/03-feature-engineering/ML-032-mixed-variables/ML-032-mixed-variables.md#51-the-number-part
G-48	0-1 loss	DL/01-basics/DL-006-perceptron-loss/DL-006-perceptron-loss.md	51-count-the-mistakes	DL/01-basics/DL-006-perceptron-loss/DL-006-perceptron-loss.md#51-count-the-mistakes
G-2236	10% condition	MA/04-inference/MA-042-one-sample-t-test/MA-042-one-sample-t-test.md	42-conditions-when-the-test-may-be-used	MA/04-inference/MA-042-one-sample-t-test/MA-042-one-sample-t-test.md#42-conditions-when-the-test-may-be-used
G-49	2D density plot	MA/03-distributions/MA-027-pdf-and-cdf-in-practice/MA-027-pdf-and-cdf-in-practice.md	4-2d-density-plots	MA/03-distributions/MA-027-pdf-and-cdf-in-practice/MA-027-pdf-and-cdf-in-practice.md#4-2d-density-plots
G-50	3D scatter plot	MA/01-descriptive-stats/MA-007-frequency-tables-and-graphs/MA-007-frequency-tables-and-graphs.md	51-the-3d-scatter-plot	MA/01-descriptive-stats/MA-007-frequency-tables-and-graphs/MA-007-frequency-tables-and-graphs.md#51-the-3d-scatter-plot
G-51	4-3-2-1 network	DL/01-basics/DL-008-mlp-notation/DL-008-mlp-notation.md		DL/01-basics/DL-008-mlp-notation/DL-008-mlp-notation.md
G-52	5% rule of thumb	ML/04-missing-data-and-outliers/ML-034-complete-case-analysis/ML-034-complete-case-analysis.md		ML/04-missing-data-and-outliers/ML-034-complete-case-analysis/ML-034-complete-case-analysis.md
G-53	68-95-99.7 rule (empirical rule)	ML/04-missing-data-and-outliers/ML-041-outliers-zscore/ML-041-outliers-zscore.md	3-the-68-95-997-rule	ML/04-missing-data-and-outliers/ML-041-outliers-zscore/ML-041-outliers-zscore.md#3-the-68-95-997-rule
G-54	80-20 rule (Pareto principle)	MA/03-distributions/MA-030-pareto-and-power-law/MA-030-pareto-and-power-law.md	21-the-80-20-rule	MA/03-distributions/MA-030-pareto-and-power-law/MA-030-pareto-and-power-law.md#21-the-80-20-rule
G-55	@ (matrix multiplication)	ML/06-regression/ML-054-multiple-lr-code/ML-054-multiple-lr-code.md	41-fit	ML/06-regression/ML-054-multiple-lr-code/ML-054-multiple-lr-code.md#41-fit
G-56	`<start>` and `<end>` tokens	DL/06-transformers/DL-068-encoder-decoder/DL-068-encoder-decoder.md		DL/06-transformers/DL-068-encoder-decoder/DL-068-encoder-decoder.md
G-57	`[CLS]`, `[SEP]`	DL/06-transformers/DL-078-multi-head-attention/DL-078-multi-head-attention.md		DL/06-transformers/DL-078-multi-head-attention/DL-078-multi-head-attention.md
G-58	`add_indicator=True`	ML/04-missing-data-and-outliers/ML-037-missing-indicator-random-sample/ML-037-missing-indicator-random-sample.md	64-the-shortcut-addindicatortrue	ML/04-missing-data-and-outliers/ML-037-missing-indicator-random-sample/ML-037-missing-indicator-random-sample.md#64-the-shortcut-addindicatortrue
G-59	`Add`	DL/04-cnn/DL-054-keras-functional-api/DL-054-keras-functional-api.md	43-a-skip-connection	DL/04-cnn/DL-054-keras-functional-api/DL-054-keras-functional-api.md#43-a-skip-connection
G-60	`alternative` (scipy)	MA/04-inference/MA-042-one-sample-t-test/MA-042-one-sample-t-test.md		MA/04-inference/MA-042-one-sample-t-test/MA-042-one-sample-t-test.md
G-61	`base_score`	ML/08-trees-and-ensembles/ML-119-xgboost-classification/ML-119-xgboost-classification.md	11-the-same-in-code	ML/08-trees-and-ensembles/ML-119-xgboost-classification/ML-119-xgboost-classification.md#11-the-same-in-code
G-62	`batch_size=1`	DL/01-basics/DL-016-backpropagation-how/DL-016-backpropagation-how.md	5-the-same-training-in-keras	DL/01-basics/DL-016-backpropagation-how/DL-016-backpropagation-how.md#5-the-same-training-in-keras
G-63	`batch_size`	DL/02-training/DL-020-gradient-descent-in-neural-networks/DL-020-gradient-descent-in-neural-networks.md		DL/02-training/DL-020-gradient-descent-in-neural-networks/DL-020-gradient-descent-in-neural-networks.md
G-64	`BatchNormalization`	DL/02-training/DL-031-batch-normalization/DL-031-batch-normalization.md		DL/02-training/DL-031-batch-normalization/DL-031-batch-normalization.md
G-65	`BayesianRidge`	ML/04-missing-data-and-outliers/ML-039-iterative-imputer-mice/ML-039-iterative-imputer-mice.md	73-when-to-stop	ML/04-missing-data-and-outliers/ML-039-iterative-imputer-mice/ML-039-iterative-imputer-mice.md#73-when-to-stop
G-66	`best_params_`	ML/04-missing-data-and-outliers/ML-037-missing-indicator-random-sample/ML-037-missing-indicator-random-sample.md	74-the-result-where-the-fill-matters-house-prices	ML/04-missing-data-and-outliers/ML-037-missing-indicator-random-sample/ML-037-missing-indicator-random-sample.md#74-the-result-where-the-fill-matters-house-prices
G-67	`Bidirectional`	DL/05-rnn/DL-066-bidirectional-rnn/DL-066-bidirectional-rnn.md		DL/05-rnn/DL-066-bidirectional-rnn/DL-066-bidirectional-rnn.md
G-68	`build_model(hp)`	DL/03-optimizers/DL-039-keras-tuner/DL-039-keras-tuner.md	51-step-1-the-model-building-function	DL/03-optimizers/DL-039-keras-tuner/DL-039-keras-tuner.md#51-step-1-the-model-building-function
G-69	`bw_adjust`	MA/03-distributions/MA-023-density-estimation-kde/MA-023-density-estimation-kde.md		MA/03-distributions/MA-023-density-estimation-kde/MA-023-density-estimation-kde.md
G-70	`clip`	ML/04-missing-data-and-outliers/ML-043-outliers-percentile/ML-043-outliers-percentile.md	7-capping-in-code-winsorization	ML/04-missing-data-and-outliers/ML-043-outliers-percentile/ML-043-outliers-percentile.md#7-capping-in-code-winsorization
G-71	`Concatenate`	DL/04-cnn/DL-054-keras-functional-api/DL-054-keras-functional-api.md	42-two-inputs-one-output	DL/04-cnn/DL-054-keras-functional-api/DL-054-keras-functional-api.md#42-two-inputs-one-output
G-72	`Conv2D`	DL/04-cnn/DL-042-convolution-operation/DL-042-convolution-operation.md	63-sliding-over-the-whole-image	DL/04-cnn/DL-042-convolution-operation/DL-042-convolution-operation.md#63-sliding-over-the-whole-image
G-73	`cv_results_`	ML/04-missing-data-and-outliers/ML-037-missing-indicator-random-sample/ML-037-missing-indicator-random-sample.md	75-when-every-imputer-ties-the-titanic-pipeline	ML/04-missing-data-and-outliers/ML-037-missing-indicator-random-sample/ML-037-missing-indicator-random-sample.md#75-when-every-imputer-ties-the-titanic-pipeline
G-74	`decode_predictions`	DL/04-cnn/DL-051-pretrained-models/DL-051-pretrained-models.md	71-the-code	DL/04-cnn/DL-051-pretrained-models/DL-051-pretrained-models.md#71-the-code
G-75	`Dropout` layer	DL/02-training/DL-025-dropout-code/DL-025-dropout-code.md		DL/02-training/DL-025-dropout-code/DL-025-dropout-code.md
G-76	`EarlyStopping`	DL/02-training/DL-022-early-stopping/DL-022-early-stopping.md		DL/02-training/DL-022-early-stopping/DL-022-early-stopping.md
G-77	`Embedding` layer	DL/05-rnn/DL-057-rnn-sentiment-analysis/DL-057-rnn-sentiment-analysis.md		DL/05-rnn/DL-057-rnn-sentiment-analysis/DL-057-rnn-sentiment-analysis.md
G-78	`enable_iterative_imputer`	ML/04-missing-data-and-outliers/ML-039-iterative-imputer-mice/ML-039-iterative-imputer-mice.md		ML/04-missing-data-and-outliers/ML-039-iterative-imputer-mice/ML-039-iterative-imputer-mice.md
G-79	`ewm`	DL/03-optimizers/DL-033-exponentially-weighted-moving-average/DL-033-exponentially-weighted-moving-average.md		DL/03-optimizers/DL-033-exponentially-weighted-moving-average/DL-033-exponentially-weighted-moving-average.md
G-80	`fill_mode`	DL/04-cnn/DL-050-data-augmentation/DL-050-data-augmentation.md	43-filling-the-empty-pixels	DL/04-cnn/DL-050-data-augmentation/DL-050-data-augmentation.md#43-filling-the-empty-pixels
G-81	`fill_value`	ML/04-missing-data-and-outliers/ML-035-imputing-numerical-data/ML-035-imputing-numerical-data.md		ML/04-missing-data-and-outliers/ML-035-imputing-numerical-data/ML-035-imputing-numerical-data.md
G-82	`fillna`	ML/04-missing-data-and-outliers/ML-035-imputing-numerical-data/ML-035-imputing-numerical-data.md	31-the-data-and-the-split	ML/04-missing-data-and-outliers/ML-035-imputing-numerical-data/ML-035-imputing-numerical-data.md#31-the-data-and-the-split
G-83	`find`, `find_all`	ML/02-getting-data/ML-017-web-scraping/ML-017-web-scraping.md	7-findall-and-text	ML/02-getting-data/ML-017-web-scraping/ML-017-web-scraping.md#7-findall-and-text
G-84	`fit`	DL/01-basics/DL-011-customer-churn-ann/DL-011-customer-churn-ann.md		DL/01-basics/DL-011-customer-churn-ann/DL-011-customer-churn-ann.md
G-85	`get_weights()` / `set_weights()`	DL/02-training/DL-029-weight-initialization/DL-029-weight-initialization.md		DL/02-training/DL-029-weight-initialization/DL-029-weight-initialization.md
G-88	`GradientTape`	DL/04-cnn/DL-047-backpropagation-in-cnn/DL-047-backpropagation-in-cnn.md	62-the-last-factors	DL/04-cnn/DL-047-backpropagation-in-cnn/DL-047-backpropagation-in-cnn.md#62-the-last-factors
G-89	`GridSearchCV`	ML/03-feature-engineering/ML-028-pipelines/ML-028-pipelines.md	9-hyperparameter-tuning-with-a-pipeline	ML/03-feature-engineering/ML-028-pipelines/ML-028-pipelines.md#9-hyperparameter-tuning-with-a-pipeline
G-90	`hp.Choice`	DL/03-optimizers/DL-039-keras-tuner/DL-039-keras-tuner.md	51-step-1-the-model-building-function	DL/03-optimizers/DL-039-keras-tuner/DL-039-keras-tuner.md#51-step-1-the-model-building-function
G-91	`hp.Float`	DL/03-optimizers/DL-039-keras-tuner/DL-039-keras-tuner.md	101-the-data-the-guess-and-the-search-space	DL/03-optimizers/DL-039-keras-tuner/DL-039-keras-tuner.md#101-the-data-the-guess-and-the-search-space
G-92	`hp.Int`	DL/03-optimizers/DL-039-keras-tuner/DL-039-keras-tuner.md	6-tuning-the-number-of-nodes	DL/03-optimizers/DL-039-keras-tuner/DL-039-keras-tuner.md#6-tuning-the-number-of-nodes
G-93	`ignore_index`	ML/02-getting-data/ML-016-fetching-data-from-api/ML-016-fetching-data-from-api.md		ML/02-getting-data/ML-016-fetching-data-from-api/ML-016-fetching-data-from-api.md
G-94	`image_dataset_from_directory`	DL/04-cnn/DL-049-cat-vs-dog-cnn/DL-049-cat-vs-dog-cnn.md	42-imagedatasetfromdirectory	DL/04-cnn/DL-049-cat-vs-dog-cnn/DL-049-cat-vs-dog-cnn.md#42-imagedatasetfromdirectory
G-95	`ImageDataGenerator`	DL/04-cnn/DL-050-data-augmentation/DL-050-data-augmentation.md	51-the-random-layers	DL/04-cnn/DL-050-data-augmentation/DL-050-data-augmentation.md#51-the-random-layers
G-96	`include_top=False`	DL/04-cnn/DL-053-transfer-learning/DL-053-transfer-learning.md	71-feature-extraction	DL/04-cnn/DL-053-transfer-learning/DL-053-transfer-learning.md#71-feature-extraction
G-97	`Input` (`keras.Input`)	DL/04-cnn/DL-054-keras-functional-api/DL-054-keras-functional-api.md		DL/04-cnn/DL-054-keras-functional-api/DL-054-keras-functional-api.md
G-98	`IterativeImputer`	ML/04-missing-data-and-outliers/ML-039-iterative-imputer-mice/ML-039-iterative-imputer-mice.md	8-the-iterative-imputer-in-scikit-learn	ML/04-missing-data-and-outliers/ML-039-iterative-imputer-mice/ML-039-iterative-imputer-mice.md#8-the-iterative-imputer-in-scikit-learn
G-99	`json_normalize`	ML/02-getting-data/ML-016-fetching-data-from-api/ML-016-fetching-data-from-api.md	6-fetching-one-page-in-python	ML/02-getting-data/ML-016-fetching-data-from-api/ML-016-fetching-data-from-api.md#6-fetching-one-page-in-python
G-100	`keras.applications`	DL/04-cnn/DL-051-pretrained-models/DL-051-pretrained-models.md	6-pretrained-models-in-keras	DL/04-cnn/DL-051-pretrained-models/DL-051-pretrained-models.md#6-pretrained-models-in-keras
G-101	`keras.datasets.mnist`	DL/01-basics/DL-012-mnist-ann/DL-012-mnist-ann.md		DL/01-basics/DL-012-mnist-ann/DL-012-mnist-ann.md
G-103	`keras.layers.Attention`	DL/06-transformers/DL-077-why-self-attention/DL-077-why-self-attention.md	5-why-self-attention-is-attention	DL/06-transformers/DL-077-why-self-attention/DL-077-why-self-attention.md#5-why-self-attention-is-attention
G-104	`keras.optimizers.SGD`	DL/01-basics/DL-016-backpropagation-how/DL-016-backpropagation-how.md	5-the-same-training-in-keras	DL/01-basics/DL-016-backpropagation-how/DL-016-backpropagation-how.md#5-the-same-training-in-keras
G-105	`kernel_initializer`	DL/02-training/DL-030-xavier-he-initialization/DL-030-xavier-he-initialization.md		DL/02-training/DL-030-xavier-he-initialization/DL-030-xavier-he-initialization.md
G-106	`kernel_regularizer`	DL/02-training/DL-026-regularization-in-dl/DL-026-regularization-in-dl.md	7-regularisation-in-keras	DL/02-training/DL-026-regularization-in-dl/DL-026-regularization-in-dl.md#7-regularisation-in-keras
G-107	`KernelDensity`	MA/03-distributions/MA-023-density-estimation-kde/MA-023-density-estimation-kde.md		MA/03-distributions/MA-023-density-estimation-kde/MA-023-density-estimation-kde.md
G-108	`KNNImputer`	ML/04-missing-data-and-outliers/ML-038-knn-imputer/ML-038-knn-imputer.md	7-knn-imputation-with-scikit-learn	ML/04-missing-data-and-outliers/ML-038-knn-imputer/ML-038-knn-imputer.md#7-knn-imputation-with-scikit-learn
G-109	`lru_cache`	DL/01-basics/DL-019-mlp-memoization/DL-019-mlp-memoization.md		DL/01-basics/DL-019-mlp-memoization/DL-019-mlp-memoization.md
G-110	`make_circles`	DL/02-training/DL-027-activation-functions/DL-027-activation-functions.md	41-an-experiment-linear-activations-on-circles	DL/02-training/DL-027-activation-functions/DL-027-activation-functions.md#41-an-experiment-linear-activations-on-circles
G-111	`make_moons`	DL/01-basics/DL-018-vanishing-exploding-gradients/DL-018-vanishing-exploding-gradients.md		DL/01-basics/DL-018-vanishing-exploding-gradients/DL-018-vanishing-exploding-gradients.md
G-112	`max_iter` (IterativeImputer)	ML/04-missing-data-and-outliers/ML-039-iterative-imputer-mice/ML-039-iterative-imputer-mice.md	82-the-main-parameters	ML/04-missing-data-and-outliers/ML-039-iterative-imputer-mice/ML-039-iterative-imputer-mice.md#82-the-main-parameters
G-113	`max_iter` (KMeans)	ML/09-clustering-and-more/ML-124-kmeans-from-scratch/ML-124-kmeans-from-scratch.md		ML/09-clustering-and-more/ML-124-kmeans-from-scratch/ML-124-kmeans-from-scratch.md
G-114	`max_iter` (LogisticRegression)	ML/07-classification/ML-080-logistic-hyperparameters/ML-080-logistic-hyperparameters.md		ML/07-classification/ML-080-logistic-hyperparameters/ML-080-logistic-hyperparameters.md
G-115	`max_iter` (SGDRegressor)	ML/06-regression/ML-058-stochastic-gradient-descent/ML-058-stochastic-gradient-descent.md	7-sgd-in-scikit-learn	ML/06-regression/ML-058-stochastic-gradient-descent/ML-058-stochastic-gradient-descent.md#7-sgd-in-scikit-learn
G-116	`MaxPooling2D`	DL/04-cnn/DL-044-pooling/DL-044-pooling.md	6-pooling-in-keras	DL/04-cnn/DL-044-pooling/DL-044-pooling.md#6-pooling-in-keras
G-117	`min_child_weight`	ML/08-trees-and-ensembles/ML-119-xgboost-classification/ML-119-xgboost-classification.md	10-what-changed-from-regression	ML/08-trees-and-ensembles/ML-119-xgboost-classification/ML-119-xgboost-classification.md#10-what-changed-from-regression
G-118	`min_delta`	DL/02-training/DL-022-early-stopping/DL-022-early-stopping.md		DL/02-training/DL-022-early-stopping/DL-022-early-stopping.md
G-119	`MissingIndicator`	ML/04-missing-data-and-outliers/ML-037-missing-indicator-random-sample/ML-037-missing-indicator-random-sample.md	63-on-the-titanic-data	ML/04-missing-data-and-outliers/ML-037-missing-indicator-random-sample/ML-037-missing-indicator-random-sample.md#63-on-the-titanic-data
G-120	`model.summary()`	DL/01-basics/DL-011-customer-churn-ann/DL-011-customer-churn-ann.md		DL/01-basics/DL-011-customer-churn-ann/DL-011-customer-churn-ann.md
G-121	`MultiHeadAttention`	DL/06-transformers/DL-075-scaled-dot-product-attention/DL-075-scaled-dot-product-attention.md	7-the-full-formula-in-code	DL/06-transformers/DL-075-scaled-dot-product-attention/DL-075-scaled-dot-product-attention.md#7-the-full-formula-in-code
G-122	`n_neighbors` (k)	ML/04-missing-data-and-outliers/ML-038-knn-imputer/ML-038-knn-imputer.md	71-the-main-parameters	ML/04-missing-data-and-outliers/ML-038-knn-imputer/ML-038-knn-imputer.md#71-the-main-parameters
G-123	`normalize` (`pd.crosstab`)	MA/02-probability/MA-014-joint-marginal-conditional-probability/MA-014-joint-marginal-conditional-probability.md		MA/02-probability/MA-014-joint-marginal-conditional-probability/MA-014-joint-marginal-conditional-probability.md
G-124	`np.where`	ML/04-missing-data-and-outliers/ML-041-outliers-zscore/ML-041-outliers-zscore.md	10-capping-in-code	ML/04-missing-data-and-outliers/ML-041-outliers-zscore/ML-041-outliers-zscore.md#10-capping-in-code
G-125	`pd.concat`	ML/02-getting-data/ML-016-fetching-data-from-api/ML-016-fetching-data-from-api.md		ML/02-getting-data/ML-016-fetching-data-from-api/ML-016-fetching-data-from-api.md
G-126	`preprocess_input`	DL/04-cnn/DL-051-pretrained-models/DL-051-pretrained-models.md	71-the-code	DL/04-cnn/DL-051-pretrained-models/DL-051-pretrained-models.md#71-the-code
G-127	`quantile`	ML/04-missing-data-and-outliers/ML-042-outliers-iqr/ML-042-outliers-iqr.md	6-finding-the-fences-and-the-outliers	ML/04-missing-data-and-outliers/ML-042-outliers-iqr/ML-042-outliers-iqr.md#6-finding-the-fences-and-the-outliers
G-128	`random_state`	ML/04-missing-data-and-outliers/ML-037-missing-indicator-random-sample/ML-037-missing-indicator-random-sample.md	23-advantages	ML/04-missing-data-and-outliers/ML-037-missing-indicator-random-sample/ML-037-missing-indicator-random-sample.md#23-advantages
G-129	`RandomSearch`	DL/03-optimizers/DL-039-keras-tuner/DL-039-keras-tuner.md	52-step-2-the-tuner-object	DL/03-optimizers/DL-039-keras-tuner/DL-039-keras-tuner.md#52-step-2-the-tuner-object
G-130	`read_json`	ML/02-getting-data/ML-015-working-with-json-and-sql/ML-015-working-with-json-and-sql.md	4-reading-a-json-file	ML/02-getting-data/ML-015-working-with-json-and-sql/ML-015-working-with-json-and-sql.md#4-reading-a-json-file
G-131	`read_sql_query`	ML/02-getting-data/ML-015-working-with-json-and-sql/ML-015-working-with-json-and-sql.md		ML/02-getting-data/ML-015-working-with-json-and-sql/ML-015-working-with-json-and-sql.md
G-132	`reg_covar`	MA/08-likelihood/MA-073-gaussian-mixture-models/MA-073-gaussian-mixture-models.md		MA/08-likelihood/MA-073-gaussian-mixture-models/MA-073-gaussian-mixture-models.md
G-133	`RepeatVector`	DL/05-rnn/DL-058-types-of-rnn/DL-058-types-of-rnn.md	4-one-to-many	DL/05-rnn/DL-058-types-of-rnn/DL-058-types-of-rnn.md#4-one-to-many
G-134	`reset_after`	DL/05-rnn/DL-064-gru/DL-064-gru.md		DL/05-rnn/DL-064-gru/DL-064-gru.md
G-135	`restore_best_weights`	DL/02-training/DL-022-early-stopping/DL-022-early-stopping.md		DL/02-training/DL-022-early-stopping/DL-022-early-stopping.md
G-136	`return_sequences`	DL/05-rnn/DL-065-deep-rnns/DL-065-deep-rnns.md		DL/05-rnn/DL-065-deep-rnns/DL-065-deep-rnns.md
G-138	`rho`	DL/03-optimizers/DL-037-rmsprop/DL-037-rmsprop.md		DL/03-optimizers/DL-037-rmsprop/DL-037-rmsprop.md
G-139	`same` padding	DL/04-cnn/DL-043-padding-and-strides/DL-043-padding-and-strides.md	43-valid-and-same-in-keras	DL/04-cnn/DL-043-padding-and-strides/DL-043-padding-and-strides.md#43-valid-and-same-in-keras
G-140	`sample(n)`	ML/04-missing-data-and-outliers/ML-037-missing-indicator-random-sample/ML-037-missing-indicator-random-sample.md	23-advantages	ML/04-missing-data-and-outliers/ML-037-missing-indicator-random-sample/ML-037-missing-indicator-random-sample.md#23-advantages
G-141	`sample_posterior`	ML/04-missing-data-and-outliers/ML-039-iterative-imputer-mice/ML-039-iterative-imputer-mice.md	82-the-main-parameters	ML/04-missing-data-and-outliers/ML-039-iterative-imputer-mice/ML-039-iterative-imputer-mice.md#82-the-main-parameters
G-143	`shuffle=False`	DL/01-basics/DL-016-backpropagation-how/DL-016-backpropagation-how.md	5-the-same-training-in-keras	DL/01-basics/DL-016-backpropagation-how/DL-016-backpropagation-how.md#5-the-same-training-in-keras
G-144	`SimpleRNN`	DL/05-rnn/DL-056-rnn-forward-propagation/DL-056-rnn-forward-propagation.md		DL/05-rnn/DL-056-rnn-forward-propagation/DL-056-rnn-forward-propagation.md
G-145	`statistics_`	ML/04-missing-data-and-outliers/ML-035-imputing-numerical-data/ML-035-imputing-numerical-data.md	42-a-different-strategy-per-column	ML/04-missing-data-and-outliers/ML-035-imputing-numerical-data/ML-035-imputing-numerical-data.md#42-a-different-strategy-per-column
G-146	`step__param` name	ML/03-feature-engineering/ML-028-pipelines/ML-028-pipelines.md	9-hyperparameter-tuning-with-a-pipeline	ML/03-feature-engineering/ML-028-pipelines/ML-028-pipelines.md#9-hyperparameter-tuning-with-a-pipeline
G-147	`strategy="constant"` (SimpleImputer)	ML/04-missing-data-and-outliers/ML-036-missing-categorical-data/ML-036-missing-categorical-data.md		ML/04-missing-data-and-outliers/ML-036-missing-categorical-data/ML-036-missing-categorical-data.md
G-148	`strategy="most_frequent"` (SimpleImputer)	ML/04-missing-data-and-outliers/ML-036-missing-categorical-data/ML-036-missing-categorical-data.md		ML/04-missing-data-and-outliers/ML-036-missing-categorical-data/ML-036-missing-categorical-data.md
G-149	`strategy` (KBinsDiscretizer)	ML/03-feature-engineering/ML-031-binning-binarization/ML-031-binning-binarization.md		ML/03-feature-engineering/ML-031-binning-binarization/ML-031-binning-binarization.md
G-150	`strategy` (SimpleImputer)	ML/04-missing-data-and-outliers/ML-035-imputing-numerical-data/ML-035-imputing-numerical-data.md		ML/04-missing-data-and-outliers/ML-035-imputing-numerical-data/ML-035-imputing-numerical-data.md
G-151	`to_categorical`	DL/01-basics/DL-012-mnist-ann/DL-012-mnist-ann.md		DL/01-basics/DL-012-mnist-ann/DL-012-mnist-ann.md
G-152	`tol`	ML/04-missing-data-and-outliers/ML-039-iterative-imputer-mice/ML-039-iterative-imputer-mice.md	82-the-main-parameters	ML/04-missing-data-and-outliers/ML-039-iterative-imputer-mice/ML-039-iterative-imputer-mice.md#82-the-main-parameters
G-153	`trainable`	DL/04-cnn/DL-053-transfer-learning/DL-053-transfer-learning.md	71-feature-extraction	DL/04-cnn/DL-053-transfer-learning/DL-053-transfer-learning.md#71-feature-extraction
G-154	`use_causal_mask`	DL/06-transformers/DL-082-masked-self-attention/DL-082-masked-self-attention.md	71-keras-causal-mask	DL/06-transformers/DL-082-masked-self-attention/DL-082-masked-self-attention.md#71-keras-causal-mask
G-155	`valid` padding	DL/04-cnn/DL-043-padding-and-strides/DL-043-padding-and-strides.md	43-valid-and-same-in-keras	DL/04-cnn/DL-043-padding-and-strides/DL-043-padding-and-strides.md#43-valid-and-same-in-keras
G-156	`validation_split`	DL/01-basics/DL-011-customer-churn-ann/DL-011-customer-churn-ann.md		DL/01-basics/DL-011-customer-churn-ann/DL-011-customer-churn-ann.md
G-157	A/B testing	ML/01-foundations/ML-009-mldlc/ML-009-mldlc.md	102-ab-testing	ML/01-foundations/ML-009-mldlc/ML-009-mldlc.md#102-ab-testing
G-158	Absolute position	DL/06-transformers/DL-079-positional-encoding/DL-079-positional-encoding.md	4-first-idea-count-the-words	DL/06-transformers/DL-079-positional-encoding/DL-079-positional-encoding.md#4-first-idea-count-the-words
G-159	Absolute value	ML/03-feature-engineering/ML-024-normalization/ML-024-normalization.md	8-max-abs-scaling	ML/03-feature-engineering/ML-024-normalization/ML-024-normalization.md#8-max-abs-scaling
G-160	absolute_error	ML/08-trees-and-ensembles/ML-093-regression-trees/ML-093-regression-trees.md		ML/08-trees-and-ensembles/ML-093-regression-trees/ML-093-regression-trees.md
G-161	Accumulator $v_t$	DL/03-optimizers/DL-037-rmsprop/DL-037-rmsprop.md		DL/03-optimizers/DL-037-rmsprop/DL-037-rmsprop.md
G-162	Accuracy	ML/01-foundations/ML-012-toy-project/ML-012-toy-project.md	9-evaluating-the-model	ML/01-foundations/ML-012-toy-project/ML-012-toy-project.md#9-evaluating-the-model
G-163	Acquisition function	ML/09-clustering-and-more/ML-128-optuna/ML-128-optuna.md	33-informed-search-versus-blind-search	ML/09-clustering-and-more/ML-128-optuna/ML-128-optuna.md#33-informed-search-versus-blind-search
G-164	Activation ($a^{k}$)	DL/01-basics/DL-010-forward-propagation/DL-010-forward-propagation.md	42-the-product	DL/01-basics/DL-010-forward-propagation/DL-010-forward-propagation.md#42-the-product
G-165	Activation function	DL/01-basics/DL-004-perceptron/DL-004-perceptron.md	33-the-activation-function	DL/01-basics/DL-004-perceptron/DL-004-perceptron.md#33-the-activation-function
G-166	Active constraint	MA/07-optimisation/MA-066-lagrange-multipliers/MA-066-lagrange-multipliers.md		MA/07-optimisation/MA-066-lagrange-multipliers/MA-066-lagrange-multipliers.md
G-167	AdaBoost (Adaptive Boosting)	ML/08-trees-and-ensembles/ML-109-adaboost-intuition/ML-109-adaboost-intuition.md	1-overview	ML/08-trees-and-ensembles/ML-109-adaboost-intuition/ML-109-adaboost-intuition.md#1-overview
G-168	AdaGrad	DL/03-optimizers/DL-036-adagrad/DL-036-adagrad.md	1-overview	DL/03-optimizers/DL-036-adagrad/DL-036-adagrad.md#1-overview
G-169	Adam	DL/01-basics/DL-011-customer-churn-ann/DL-011-customer-churn-ann.md	51-compile-loss-and-optimizer	DL/01-basics/DL-011-customer-churn-ann/DL-011-customer-churn-ann.md#51-compile-loss-and-optimizer
G-170	AdamW	DL/02-training/DL-026-regularization-in-dl/DL-026-regularization-in-dl.md		DL/02-training/DL-026-regularization-in-dl/DL-026-regularization-in-dl.md
G-171	Adaptive learning rate	DL/03-optimizers/DL-036-adagrad/DL-036-adagrad.md		DL/03-optimizers/DL-036-adagrad/DL-036-adagrad.md
G-172	Add and norm	DL/06-transformers/DL-080-layer-normalization/DL-080-layer-normalization.md	72-where-it-sits	DL/06-transformers/DL-080-layer-normalization/DL-080-layer-normalization.md#72-where-it-sits
G-173	Addition rule (general addition rule)	MA/02-probability/MA-017-mutually-exclusive-events/MA-017-mutually-exclusive-events.md	5-the-addition-rule-where-mutual-exclusivity-pays-off	MA/02-probability/MA-017-mutually-exclusive-events/MA-017-mutually-exclusive-events.md#5-the-addition-rule-where-mutual-exclusivity-pays-off
G-174	Additive modelling	ML/08-trees-and-ensembles/ML-115-gradient-boosting-regression-maths/ML-115-gradient-boosting-regression-maths.md	32-break-the-function-into-parts	ML/08-trees-and-ensembles/ML-115-gradient-boosting-regression-maths/ML-115-gradient-boosting-regression-maths.md#32-break-the-function-into-parts
G-175	Adjusted Rand index (ARI)	MA/08-likelihood/MA-073-gaussian-mixture-models/MA-073-gaussian-mixture-models.md		MA/08-likelihood/MA-073-gaussian-mixture-models/MA-073-gaussian-mixture-models.md
G-177	Adjusted R²	ML/06-regression/ML-051-regression-metrics/ML-051-regression-metrics.md	72-the-formula	ML/06-regression/ML-051-regression-metrics/ML-051-regression-metrics.md#72-the-formula
G-178	Affine transformation	MA/05-linear-algebra/MA-053-linear-transformations-and-matrices/MA-053-linear-transformations-and-matrices.md	73-neural-network-layers-and-pca	MA/05-linear-algebra/MA-053-linear-transformations-and-matrices/MA-053-linear-transformations-and-matrices.md#73-neural-network-layers-and-pca
G-179	Agent	ML/01-foundations/ML-003-types-of-ml/ML-003-types-of-ml.md	51-agent-environment-policy-and-reward	ML/01-foundations/ML-003-types-of-ml/ML-003-types-of-ml.md#51-agent-environment-policy-and-reward
G-180	Agglomerative clustering	ML/09-clustering-and-more/ML-125-hierarchical-clustering/ML-125-hierarchical-clustering.md	4-two-kinds-of-hierarchical-clustering	ML/09-clustering-and-more/ML-125-hierarchical-clustering/ML-125-hierarchical-clustering.md#4-two-kinds-of-hierarchical-clustering
G-181	AgglomerativeClustering	ML/09-clustering-and-more/ML-125-hierarchical-clustering/ML-125-hierarchical-clustering.md		ML/09-clustering-and-more/ML-125-hierarchical-clustering/ML-125-hierarchical-clustering.md
G-182	Aggregate	MA/01-descriptive-stats/MA-007-frequency-tables-and-graphs/MA-007-frequency-tables-and-graphs.md	41-categorical-and-numerical-any-aggregate-per-category	MA/01-descriptive-stats/MA-007-frequency-tables-and-graphs/MA-007-frequency-tables-and-graphs.md#41-categorical-and-numerical-any-aggregate-per-category
G-183	Aggregation (in an ensemble)	ML/08-trees-and-ensembles/ML-099-bagging-intuition/ML-099-bagging-intuition.md		ML/08-trees-and-ensembles/ML-099-bagging-intuition/ML-099-bagging-intuition.md
G-184	AGI (artificial general intelligence)	ML/01-foundations/ML-002-ai-vs-ml-vs-dl/ML-002-ai-vs-ml-vs-dl.md	22-narrow-ai-and-general-ai	ML/01-foundations/ML-002-ai-vs-ml-vs-dl/ML-002-ai-vs-ml-vs-dl.md#22-narrow-ai-and-general-ai
G-185	AI winter	DL/01-basics/DL-003-nn-types-history-applications/DL-003-nn-types-history-applications.md	31-the-perceptron-and-the-first-ai-winter	DL/01-basics/DL-003-nn-types-history-applications/DL-003-nn-types-history-applications.md#31-the-perceptron-and-the-first-ai-winter
G-186	Alert	ML/02-getting-data/ML-021-pandas-profiling/ML-021-pandas-profiling.md		ML/02-getting-data/ML-021-pandas-profiling/ML-021-pandas-profiling.md
G-187	AlexNet	DL/01-basics/DL-003-nn-types-history-applications/DL-003-nn-types-history-applications.md	36-2012-imagenet-and-after	DL/01-basics/DL-003-nn-types-history-applications/DL-003-nn-types-history-applications.md#36-2012-imagenet-and-after
G-191	Alignment	DL/06-transformers/DL-083-cross-attention/DL-083-cross-attention.md		DL/06-transformers/DL-083-cross-attention/DL-083-cross-attention.md
G-188	Alignment grid	DL/06-transformers/DL-069-attention-mechanism/DL-069-attention-mechanism.md	8-seeing-the-alignment	DL/06-transformers/DL-069-attention-mechanism/DL-069-attention-mechanism.md#8-seeing-the-alignment
G-189	Alignment model	DL/06-transformers/DL-069-attention-mechanism/DL-069-attention-mechanism.md	62-let-a-neural-network-find-the-function	DL/06-transformers/DL-069-attention-mechanism/DL-069-attention-mechanism.md#62-let-a-neural-network-find-the-function
G-190	Alignment score $e_{ij}$	DL/06-transformers/DL-069-attention-mechanism/DL-069-attention-mechanism.md		DL/06-transformers/DL-069-attention-mechanism/DL-069-attention-mechanism.md
G-192	Alpha (model weight)	ML/08-trees-and-ensembles/ML-109-adaboost-intuition/ML-109-adaboost-intuition.md	43-the-say-of-each-stump-alpha	ML/08-trees-and-ensembles/ML-109-adaboost-intuition/ML-109-adaboost-intuition.md#43-the-say-of-each-stump-alpha
G-193	Alternative hypothesis ($H_1$, $H_a$)	MA/04-inference/MA-038-null-and-alternative-hypotheses/MA-038-null-and-alternative-hypotheses.md	4-the-alternative-hypothesis	MA/04-inference/MA-038-null-and-alternative-hypotheses/MA-038-null-and-alternative-hypotheses.md#4-the-alternative-hypothesis
G-2155	Ambiguity	ML/08-trees-and-ensembles/ML-098-voting-regressor/ML-098-voting-regressor.md	3-seeing-it-on-a-curve	ML/08-trees-and-ensembles/ML-098-voting-regressor/ML-098-voting-regressor.md#3-seeing-it-on-a-curve
G-195	Anaconda	ML/01-foundations/ML-011-setup-anaconda-jupyter-colab/ML-011-setup-anaconda-jupyter-colab.md	21-what-anaconda-and-conda-are	ML/01-foundations/ML-011-setup-anaconda-jupyter-colab/ML-011-setup-anaconda-jupyter-colab.md#21-what-anaconda-and-conda-are
G-194	Anaconda Navigator	ML/01-foundations/ML-011-setup-anaconda-jupyter-colab/ML-011-setup-anaconda-jupyter-colab.md	24-navigator-and-spyder	ML/01-foundations/ML-011-setup-anaconda-jupyter-colab/ML-011-setup-anaconda-jupyter-colab.md#24-navigator-and-spyder
G-196	Analogy question	DL/06-transformers/DL-072-meaning-as-direction/DL-072-meaning-as-direction.md	5-arithmetic-with-directions	DL/06-transformers/DL-072-meaning-as-direction/DL-072-meaning-as-direction.md#5-arithmetic-with-directions
G-197	Analytic function	MA/06-calculus/MA-061-derivatives-of-one-variable/MA-061-derivatives-of-one-variable.md	64-a-polynomial-is-its-own-taylor-polynomial	MA/06-calculus/MA-061-derivatives-of-one-variable/MA-061-derivatives-of-one-variable.md#64-a-polynomial-is-its-own-taylor-polynomial
G-198	AND gate	DL/06-transformers/DL-089-mlp-stores-facts/DL-089-mlp-stores-facts.md	42-a-toy-fact-michael-jordan-plays-basketball	DL/06-transformers/DL-089-mlp-stores-facts/DL-089-mlp-stores-facts.md#42-a-toy-fact-michael-jordan-plays-basketball
G-199	AND, OR	DL/01-basics/DL-007-problem-with-perceptron/DL-007-problem-with-perceptron.md	3-three-tiny-datasets-and-or-and-xor	DL/01-basics/DL-007-problem-with-perceptron/DL-007-problem-with-perceptron.md#3-three-tiny-datasets-and-or-and-xor
G-200	Anderson-Darling test	MA/03-distributions/MA-028-kurtosis-and-qq-plots/MA-028-kurtosis-and-qq-plots.md	6-is-a-feature-normally-distributed	MA/03-distributions/MA-028-kurtosis-and-qq-plots/MA-028-kurtosis-and-qq-plots.md#6-is-a-feature-normally-distributed
G-201	Anomaly detection	ML/01-foundations/ML-003-types-of-ml/ML-003-types-of-ml.md	34-anomaly-detection	ML/01-foundations/ML-003-types-of-ml/ML-003-types-of-ml.md#34-anomaly-detection
G-203	ANOVA	MA/04-inference/MA-046-one-way-anova/MA-046-one-way-anova.md	1-overview	MA/04-inference/MA-046-one-way-anova/MA-046-one-way-anova.md#1-overview
G-202	ANOVA table	MA/04-inference/MA-046-one-way-anova/MA-046-one-way-anova.md	52-f	MA/04-inference/MA-046-one-way-anova/MA-046-one-way-anova.md#52-f
G-204	API (Application Programming Interface)	ML/01-foundations/ML-007-challenges-in-ml/ML-007-challenges-in-ml.md	2-collecting-data	ML/01-foundations/ML-007-challenges-in-ml/ML-007-challenges-in-ml.md#2-collecting-data
G-205	API key	ML/02-getting-data/ML-016-fetching-data-from-api/ML-016-fetching-data-from-api.md	41-the-api-key	ML/02-getting-data/ML-016-fetching-data-from-api/ML-016-fetching-data-from-api.md#41-the-api-key
G-206	API token	ML/01-foundations/ML-011-setup-anaconda-jupyter-colab/ML-011-setup-anaconda-jupyter-colab.md	8-kaggle-datasets-on-colab	ML/01-foundations/ML-011-setup-anaconda-jupyter-colab/ML-011-setup-anaconda-jupyter-colab.md#8-kaggle-datasets-on-colab
G-207	Approximate tree learning (histogram-based training)	ML/08-trees-and-ensembles/ML-117-xgboost-intro/ML-117-xgboost-intro.md	84-approximate-split-finding-with-quantile-bins	ML/08-trees-and-ensembles/ML-117-xgboost-intro/ML-117-xgboost-intro.md#84-approximate-split-finding-with-quantile-bins
G-208	Arbitrary value imputation	ML/04-missing-data-and-outliers/ML-035-imputing-numerical-data/ML-035-imputing-numerical-data.md	1-overview	ML/04-missing-data-and-outliers/ML-035-imputing-numerical-data/ML-035-imputing-numerical-data.md#1-overview
G-209	Architecture (of a network)	DL/01-basics/DL-002-what-is-deep-learning/DL-002-what-is-deep-learning.md	54-architectures-and-transfer-learning	DL/01-basics/DL-002-what-is-deep-learning/DL-002-what-is-deep-learning.md#54-architectures-and-transfer-learning
G-210	arg max	ML/07-classification/ML-082-naive-bayes-maths/ML-082-naive-bayes-maths.md	6-the-formula-and-the-map-rule	ML/07-classification/ML-082-naive-bayes-maths/ML-082-naive-bayes-maths.md#6-the-formula-and-the-map-rule
G-211	Arg min (argmin)	ML/08-trees-and-ensembles/ML-115-gradient-boosting-regression-maths/ML-115-gradient-boosting-regression-maths.md	5-step-1-the-best-constant-is-the-mean	ML/08-trees-and-ensembles/ML-115-gradient-boosting-regression-maths/ML-115-gradient-boosting-regression-maths.md#5-step-1-the-best-constant-is-the-mean
G-212	argmax	DL/01-basics/DL-012-mnist-ann/DL-012-mnist-ann.md	1-overview	DL/01-basics/DL-012-mnist-ann/DL-012-mnist-ann.md#1-overview
G-214	Array	ML/01-foundations/ML-010-tensors/ML-010-tensors.md	2-what-a-tensor-is	ML/01-foundations/ML-010-tensors/ML-010-tensors.md#2-what-a-tensor-is
G-215	Artificial Intelligence (AI)	ML/01-foundations/ML-002-ai-vs-ml-vs-dl/ML-002-ai-vs-ml-vs-dl.md	2-artificial-intelligence	ML/01-foundations/ML-002-ai-vs-ml-vs-dl/ML-002-ai-vs-ml-vs-dl.md#2-artificial-intelligence
G-216	Artificial neural network (ANN)	DL/01-basics/DL-002-what-is-deep-learning/DL-002-what-is-deep-learning.md	22-the-parts-of-a-neural-network	DL/01-basics/DL-002-what-is-deep-learning/DL-002-what-is-deep-learning.md#22-the-parts-of-a-neural-network
G-217	ASIC	DL/01-basics/DL-002-what-is-deep-learning/DL-002-what-is-deep-learning.md	52-hardware	DL/01-basics/DL-002-what-is-deep-learning/DL-002-what-is-deep-learning.md#52-hardware
G-218	Association rule learning	ML/01-foundations/ML-003-types-of-ml/ML-003-types-of-ml.md	35-association-rule-learning	ML/01-foundations/ML-003-types-of-ml/ML-003-types-of-ml.md#35-association-rule-learning
G-219	Associativity	MA/05-linear-algebra/MA-054-matrix-multiplication-as-composition/MA-054-matrix-multiplication-as-composition.md	6-grouping-does-not-matter	MA/05-linear-algebra/MA-054-matrix-multiplication-as-composition/MA-054-matrix-multiplication-as-composition.md#6-grouping-does-not-matter
G-220	Assumption (of a model)	ML/06-regression/ML-055-linear-regression-assumptions/ML-055-linear-regression-assumptions.md	1-overview	ML/06-regression/ML-055-linear-regression-assumptions/ML-055-linear-regression-assumptions.md#1-overview
G-221	Asymptotic	MA/03-distributions/MA-024-normal-distribution/MA-024-normal-distribution.md	2-what-the-normal-distribution-is	MA/03-distributions/MA-024-normal-distribution/MA-024-normal-distribution.md#2-what-the-normal-distribution-is
G-222	Atomic value	ML/05-dimensionality/ML-044-feature-construction-splitting/ML-044-feature-construction-splitting.md	51-tidy-data	ML/05-dimensionality/ML-044-feature-construction-splitting/ML-044-feature-construction-splitting.md#51-tidy-data
G-226	Attention	DL/06-transformers/DL-067-history-of-llms/DL-067-history-of-llms.md	1-overview	DL/06-transformers/DL-067-history-of-llms/DL-067-history-of-llms.md#1-overview
G-223	Attention score	DL/06-transformers/DL-075-scaled-dot-product-attention/DL-075-scaled-dot-product-attention.md	4-longer-vectors-give-more-spread-out-dot-products	DL/06-transformers/DL-075-scaled-dot-product-attention/DL-075-scaled-dot-product-attention.md#4-longer-vectors-give-more-spread-out-dot-products
G-225	Attention weight	DL/06-transformers/DL-074-self-attention-step-by-step/DL-074-self-attention-step-by-step.md		DL/06-transformers/DL-074-self-attention-step-by-step/DL-074-self-attention-step-by-step.md
G-224	Attention weight $\alpha_{ij}$	DL/06-transformers/DL-069-attention-mechanism/DL-069-attention-mechanism.md		DL/06-transformers/DL-069-attention-mechanism/DL-069-attention-mechanism.md
G-227	Attentional hidden state $\tilde h_i$	DL/06-transformers/DL-070-bahdanau-vs-luong-attention/DL-070-bahdanau-vs-luong-attention.md	52-the-current-state-and-the-context-on-the-output-side	DL/06-transformers/DL-070-bahdanau-vs-luong-attention/DL-070-bahdanau-vs-luong-attention.md#52-the-current-state-and-the-context-on-the-output-side
G-228	Attribute	ML/02-getting-data/ML-017-web-scraping/ML-017-web-scraping.md	4-html-tags-classes-and-nesting	ML/02-getting-data/ML-017-web-scraping/ML-017-web-scraping.md#4-html-tags-classes-and-nesting
G-229	AUC	ML/07-classification/ML-077-roc-auc/ML-077-roc-auc.md	5-auc-the-area-under-the-curve	ML/07-classification/ML-077-roc-auc/ML-077-roc-auc.md#5-auc-the-area-under-the-curve
G-230	Autocorrelation	ML/06-regression/ML-055-linear-regression-assumptions/ML-055-linear-regression-assumptions.md	7-assumption-5-no-autocorrelation-of-the-residuals	ML/06-regression/ML-055-linear-regression-assumptions/ML-055-linear-regression-assumptions.md#7-assumption-5-no-autocorrelation-of-the-residuals
G-231	Autoencoder	DL/01-basics/DL-003-nn-types-history-applications/DL-003-nn-types-history-applications.md	24-autoencoder	DL/01-basics/DL-003-nn-types-history-applications/DL-003-nn-types-history-applications.md#24-autoencoder
G-232	Automatic differentiation	MA/06-calculus/MA-063-jacobian-and-matrix-gradients/MA-063-jacobian-and-matrix-gradients.md	10-preview-backpropagation-and-automatic-differentiation	MA/06-calculus/MA-063-jacobian-and-matrix-gradients/MA-063-jacobian-and-matrix-gradients.md#10-preview-backpropagation-and-automatic-differentiation
G-233	Autoregressive (causal) generation	DL/06-transformers/DL-082-masked-self-attention/DL-082-masked-self-attention.md		DL/06-transformers/DL-082-masked-self-attention/DL-082-masked-self-attention.md
G-234	Autoregressive model	DL/06-transformers/DL-082-masked-self-attention/DL-082-masked-self-attention.md	3-autoregressive-models	DL/06-transformers/DL-082-masked-self-attention/DL-082-masked-self-attention.md#3-autoregressive-models
G-236	Average linkage	ML/09-clustering-and-more/ML-125-hierarchical-clustering/ML-125-hierarchical-clustering.md	8-linkage-the-distance-between-two-clusters	ML/09-clustering-and-more/ML-125-hierarchical-clustering/ML-125-hierarchical-clustering.md#8-linkage-the-distance-between-two-clusters
G-237	Average meaning	DL/06-transformers/DL-073-what-is-self-attention/DL-073-what-is-self-attention.md		DL/06-transformers/DL-073-what-is-self-attention/DL-073-what-is-self-attention.md
G-238	Average pooling	DL/04-cnn/DL-044-pooling/DL-044-pooling.md	73-enhanced-features-max-pooling-only	DL/04-cnn/DL-044-pooling/DL-044-pooling.md#73-enhanced-features-max-pooling-only
G-239	Average record size	ML/02-getting-data/ML-021-pandas-profiling/ML-021-pandas-profiling.md		ML/02-getting-data/ML-021-pandas-profiling/ML-021-pandas-profiling.md
G-240	Axioms of probability	MA/02-probability/MA-011-empirical-and-theoretical-probability/MA-011-empirical-and-theoretical-probability.md	61-the-axioms-of-probability	MA/02-probability/MA-011-empirical-and-theoretical-probability/MA-011-empirical-and-theoretical-probability.md#61-the-axioms-of-probability
G-242	Axis	ML/01-foundations/ML-010-tensors/ML-010-tensors.md	4-rank-axes-shape-and-size	ML/01-foundations/ML-010-tensors/ML-010-tensors.md#4-rank-axes-shape-and-size
G-241	Axis of rotation	MA/05-linear-algebra/MA-056-eigenvectors-and-eigenvalues/MA-056-eigenvectors-and-eigenvalues.md	21-why-eigenvectors-describe-a-transformation-well	MA/05-linear-algebra/MA-056-eigenvectors-and-eigenvalues/MA-056-eigenvectors-and-eigenvalues.md#21-why-eigenvectors-describe-a-transformation-well
G-243	Axis-parallel split	ML/08-trees-and-ensembles/ML-091-decision-trees-intuition/ML-091-decision-trees-intuition.md	32-lines-planes-hyperplanes	ML/08-trees-and-ensembles/ML-091-decision-trees-intuition/ML-091-decision-trees-intuition.md#32-lines-planes-hyperplanes
G-244	B2B	ML/01-foundations/ML-008-applications-of-ml/ML-008-applications-of-ml.md	22-b2c-and-b2b	ML/01-foundations/ML-008-applications-of-ml/ML-008-applications-of-ml.md#22-b2c-and-b2b
G-245	B2C	ML/01-foundations/ML-008-applications-of-ml/ML-008-applications-of-ml.md	22-b2c-and-b2b	ML/01-foundations/ML-008-applications-of-ml/ML-008-applications-of-ml.md#22-b2c-and-b2b
G-247	Backpropagation	MA/06-calculus/MA-063-jacobian-and-matrix-gradients/MA-063-jacobian-and-matrix-gradients.md	10-preview-backpropagation-and-automatic-differentiation	MA/06-calculus/MA-063-jacobian-and-matrix-gradients/MA-063-jacobian-and-matrix-gradients.md#10-preview-backpropagation-and-automatic-differentiation
G-246	Backpropagation through time (BPTT)	DL/05-rnn/DL-059-backpropagation-through-time/DL-059-backpropagation-through-time.md	1-overview	DL/05-rnn/DL-059-backpropagation-through-time/DL-059-backpropagation-through-time.md#1-overview
G-248	Backward elimination	ML/03-feature-engineering/ML-022-what-is-feature-engineering/ML-022-what-is-feature-engineering.md	81-pixels-as-columns-the-mnist-dataset	ML/03-feature-engineering/ML-022-what-is-feature-engineering/ML-022-what-is-feature-engineering.md#81-pixels-as-columns-the-mnist-dataset
G-249	Backward pass	DL/04-cnn/DL-048-backpropagation-cnn-layers/DL-048-backpropagation-cnn-layers.md	1-overview	DL/04-cnn/DL-048-backpropagation-cnn-layers/DL-048-backpropagation-cnn-layers.md#1-overview
G-250	Bag of words	MA/05-linear-algebra/MA-048-vectors-and-feature-vectors/MA-048-vectors-and-feature-vectors.md	42-bag-of-words	MA/05-linear-algebra/MA-048-vectors-and-feature-vectors/MA-048-vectors-and-feature-vectors.md#42-bag-of-words
G-251	Bagging (bootstrap aggregation)	ML/08-trees-and-ensembles/ML-095-ensemble-learning/ML-095-ensemble-learning.md	43-bagging	ML/08-trees-and-ensembles/ML-095-ensemble-learning/ML-095-ensemble-learning.md#43-bagging
G-252	Bagging regressor	ML/08-trees-and-ensembles/ML-101-bagging-regressor/ML-101-bagging-regressor.md	1-overview	ML/08-trees-and-ensembles/ML-101-bagging-regressor/ML-101-bagging-regressor.md#1-overview
G-253	BaggingClassifier	ML/08-trees-and-ensembles/ML-100-bagging-classifier/ML-100-bagging-classifier.md		ML/08-trees-and-ensembles/ML-100-bagging-classifier/ML-100-bagging-classifier.md
G-254	BaggingRegressor	ML/08-trees-and-ensembles/ML-101-bagging-regressor/ML-101-bagging-regressor.md	2-the-core-idea	ML/08-trees-and-ensembles/ML-101-bagging-regressor/ML-101-bagging-regressor.md#2-the-core-idea
G-255	Bahdanau attention (additive)	DL/06-transformers/DL-070-bahdanau-vs-luong-attention/DL-070-bahdanau-vs-luong-attention.md	42-the-alignment-network-step-by-step	DL/06-transformers/DL-070-bahdanau-vs-luong-attention/DL-070-bahdanau-vs-luong-attention.md#42-the-alignment-network-step-by-step
G-256	Balanced random forest	ML/09-clustering-and-more/ML-127-imbalanced-data/ML-127-imbalanced-data.md	8-ensemble-methods-the-balanced-random-forest	ML/09-clustering-and-more/ML-127-imbalanced-data/ML-127-imbalanced-data.md#8-ensemble-methods-the-balanced-random-forest
G-257	Bandwidth	MA/03-distributions/MA-023-density-estimation-kde/MA-023-density-estimation-kde.md	51-how-a-kde-is-built	MA/03-distributions/MA-023-density-estimation-kde/MA-023-density-estimation-kde.md#51-how-a-kde-is-built
G-258	Bar plot	ML/02-getting-data/ML-020-bivariate-multivariate-analysis/ML-020-bivariate-multivariate-analysis.md	4-bar-plot-a-numerical-column-across-categories	ML/02-getting-data/ML-020-bivariate-multivariate-analysis/ML-020-bivariate-multivariate-analysis.md#4-bar-plot-a-numerical-column-across-categories
G-259	base environment	ML/01-foundations/ML-011-setup-anaconda-jupyter-colab/ML-011-setup-anaconda-jupyter-colab.md	41-why-one-environment-per-project	ML/01-foundations/ML-011-setup-anaconda-jupyter-colab/ML-011-setup-anaconda-jupyter-colab.md#41-why-one-environment-per-project
G-260	Base model	ML/08-trees-and-ensembles/ML-095-ensemble-learning/ML-095-ensemble-learning.md	3-how-an-ensemble-predicts	ML/08-trees-and-ensembles/ML-095-ensemble-learning/ML-095-ensemble-learning.md#3-how-an-ensemble-predicts
G-261	Base prediction ($F_0$)	ML/08-trees-and-ensembles/ML-114-gradient-boosting-intuition/ML-114-gradient-boosting-intuition.md	4-stage-1-the-mean	ML/08-trees-and-ensembles/ML-114-gradient-boosting-intuition/ML-114-gradient-boosting-intuition.md#4-stage-1-the-mean
G-2270	Baseline	DL/05-rnn/DL-063-lstm-next-word-prediction/DL-063-lstm-next-word-prediction.md	72-comparing-with-simple-guessing-rules	DL/05-rnn/DL-063-lstm-next-word-prediction/DL-063-lstm-next-word-prediction.md#72-comparing-with-simple-guessing-rules
G-262	Basis	MA/05-linear-algebra/MA-052-linear-combinations-span-and-basis/MA-052-linear-combinations-span-and-basis.md	8-basis	MA/05-linear-algebra/MA-052-linear-combinations-span-and-basis/MA-052-linear-combinations-span-and-basis.md#8-basis
G-263	Batch (mini-batch)	ML/06-regression/ML-059-mini-batch-gradient-descent/ML-059-mini-batch-gradient-descent.md	1-overview	ML/06-regression/ML-059-mini-batch-gradient-descent/ML-059-mini-batch-gradient-descent.md#1-overview
G-264	Batch gradient descent	ML/06-regression/ML-057-batch-gradient-descent/ML-057-batch-gradient-descent.md	1-overview	ML/06-regression/ML-057-batch-gradient-descent/ML-057-batch-gradient-descent.md#1-overview
G-265	Batch learning	ML/01-foundations/ML-004-batch-learning/ML-004-batch-learning.md	31-how-batch-learning-works	ML/01-foundations/ML-004-batch-learning/ML-004-batch-learning.md#31-how-batch-learning-works
G-266	Batch normalisation	DL/01-basics/DL-018-vanishing-exploding-gradients/DL-018-vanishing-exploding-gradients.md	64-batch-normalisation	DL/01-basics/DL-018-vanishing-exploding-gradients/DL-018-vanishing-exploding-gradients.md#64-batch-normalisation
G-267	Batch size	ML/06-regression/ML-059-mini-batch-gradient-descent/ML-059-mini-batch-gradient-descent.md	2-a-family-that-contains-the-other-two	ML/06-regression/ML-059-mini-batch-gradient-descent/ML-059-mini-batch-gradient-descent.md#2-a-family-that-contains-the-other-two
G-2215	Bayes factor	MA/02-probability/MA-019-bayes-problem/MA-019-bayes-problem.md	61-the-size-of-the-update-the-bayes-factor	MA/02-probability/MA-019-bayes-problem/MA-019-bayes-problem.md#61-the-size-of-the-update-the-bayes-factor
G-269	Bayes' theorem	MA/02-probability/MA-018-bayes-theorem/MA-018-bayes-theorem.md	1-overview	MA/02-probability/MA-018-bayes-theorem/MA-018-bayes-theorem.md#1-overview
G-270	Bayesian optimisation	ML/09-clustering-and-more/ML-128-optuna/ML-128-optuna.md	1-overview	ML/09-clustering-and-more/ML-128-optuna/ML-128-optuna.md#1-overview
G-271	Bayesian statistics	MA/02-probability/MA-018-bayes-theorem/MA-018-bayes-theorem.md	1-overview	MA/02-probability/MA-018-bayes-theorem/MA-018-bayes-theorem.md#1-overview
G-272	Beam search	DL/06-transformers/DL-085-transformer-inference/DL-085-transformer-inference.md	7-the-mask-stays-on-during-inference	DL/06-transformers/DL-085-transformer-inference/DL-085-transformer-inference.md#7-the-mask-stays-on-during-inference
G-273	BeautifulSoup	ML/02-getting-data/ML-017-web-scraping/ML-017-web-scraping.md	5-parsing-the-page-with-beautifulsoup	ML/02-getting-data/ML-017-web-scraping/ML-017-web-scraping.md#5-parsing-the-page-with-beautifulsoup
G-274	Bell curve	ML/04-missing-data-and-outliers/ML-041-outliers-zscore/ML-041-outliers-zscore.md	2-the-condition-a-normal-feature	ML/04-missing-data-and-outliers/ML-041-outliers-zscore/ML-041-outliers-zscore.md#2-the-condition-a-normal-feature
G-275	Bernoulli distribution	MA/03-distributions/MA-021-pmf-and-discrete-cdf/MA-021-pmf-and-discrete-cdf.md	71-bernoulli-distribution	MA/03-distributions/MA-021-pmf-and-discrete-cdf/MA-021-pmf-and-discrete-cdf.md#71-bernoulli-distribution
G-276	Bernoulli trial	MA/03-distributions/MA-031-bernoulli-and-binomial/MA-031-bernoulli-and-binomial.md	1-overview	MA/03-distributions/MA-031-bernoulli-and-binomial/MA-031-bernoulli-and-binomial.md#1-overview
G-277	BernoulliNB	ML/07-classification/ML-084-gaussian-naive-bayes/ML-084-gaussian-naive-bayes.md		ML/07-classification/ML-084-gaussian-naive-bayes/ML-084-gaussian-naive-bayes.md
G-278	BERT	DL/06-transformers/DL-078-multi-head-attention/DL-078-multi-head-attention.md	8-the-heads-of-a-trained-model	DL/06-transformers/DL-078-multi-head-attention/DL-078-multi-head-attention.md#8-the-heads-of-a-trained-model
G-279	Bessel's correction	MA/01-descriptive-stats/MA-006-measures-of-dispersion/MA-006-measures-of-dispersion.md	61-the-sample-version	MA/01-descriptive-stats/MA-006-measures-of-dispersion/MA-006-measures-of-dispersion.md#61-the-sample-version
G-280	Best-fit line	ML/06-regression/ML-049-simple-linear-regression/ML-049-simple-linear-regression.md	34-the-best-fit-line	ML/06-regression/ML-049-simple-linear-regression/ML-049-simple-linear-regression.md#34-the-best-fit-line
G-281	best_score_	ML/03-feature-engineering/ML-028-pipelines/ML-028-pipelines.md		ML/03-feature-engineering/ML-028-pipelines/ML-028-pipelines.md
G-282	Beta testing	ML/01-foundations/ML-009-mldlc/ML-009-mldlc.md	101-beta-testing	ML/01-foundations/ML-009-mldlc/ML-009-mldlc.md#101-beta-testing
G-283	BFGS	MA/06-calculus/MA-064-hessian-and-multivariate-taylor/MA-064-hessian-and-multivariate-taylor.md	7-where-ml-uses-second-order-approximations	MA/06-calculus/MA-064-hessian-and-multivariate-taylor/MA-064-hessian-and-multivariate-taylor.md#7-where-ml-uses-second-order-approximations
G-287	Bias (of a model)	ML/06-regression/ML-061-bias-variance/ML-061-bias-variance.md	1-overview	ML/06-regression/ML-061-bias-variance/ML-061-bias-variance.md#1-overview
G-284	Bias (of a perceptron)	DL/01-basics/DL-004-perceptron/DL-004-perceptron.md	31-inputs-weights-and-bias	DL/01-basics/DL-004-perceptron/DL-004-perceptron.md#31-inputs-weights-and-bias
G-285	Bias correction	DL/03-optimizers/DL-038-adam/DL-038-adam.md	4-the-update-rule	DL/03-optimizers/DL-038-adam/DL-038-adam.md#4-the-update-rule
G-286	Bias vector ($b^{k}$)	DL/01-basics/DL-010-forward-propagation/DL-010-forward-propagation.md		DL/01-basics/DL-010-forward-propagation/DL-010-forward-propagation.md
G-288	Bias-variance trade-off	ML/06-regression/ML-061-bias-variance/ML-061-bias-variance.md	1-overview	ML/06-regression/ML-061-bias-variance/ML-061-bias-variance.md#1-overview
G-289	Biased estimator	MA/08-likelihood/MA-071-mle-for-common-distributions/MA-071-mle-for-common-distributions.md	52-biased-but-consistent	MA/08-likelihood/MA-071-mle-for-common-distributions/MA-071-mle-for-common-distributions.md#52-biased-but-consistent
G-290	Biased model	ML/01-foundations/ML-005-online-learning/ML-005-online-learning.md	72-bad-data-can-damage-the-model	ML/01-foundations/ML-005-online-learning/ML-005-online-learning.md#72-bad-data-can-damage-the-model
G-291	Bidirectional encoder	DL/06-transformers/DL-069-attention-mechanism/DL-069-attention-mechanism.md	9-notes-on-the-original-model	DL/06-transformers/DL-069-attention-mechanism/DL-069-attention-mechanism.md#9-notes-on-the-original-model
G-292	Bidirectional RNN	DL/05-rnn/DL-066-bidirectional-rnn/DL-066-bidirectional-rnn.md	1-overview	DL/05-rnn/DL-066-bidirectional-rnn/DL-066-bidirectional-rnn.md#1-overview
G-293	Big model	DL/06-transformers/DL-086-transformer-end-to-end/DL-086-transformer-end-to-end.md		DL/06-transformers/DL-086-transformer-end-to-end/DL-086-transformer-end-to-end.md
G-294	Big picture	ML/01-foundations/ML-013-framing-ml-problem/ML-013-framing-ml-problem.md		ML/01-foundations/ML-013-framing-ml-problem/ML-013-framing-ml-problem.md
G-2269	Bigram	DL/05-rnn/DL-063-lstm-next-word-prediction/DL-063-lstm-next-word-prediction.md	72-comparing-with-simple-guessing-rules	DL/05-rnn/DL-063-lstm-next-word-prediction/DL-063-lstm-next-word-prediction.md#72-comparing-with-simple-guessing-rules
G-295	BiLSTM, BiGRU	DL/05-rnn/DL-066-bidirectional-rnn/DL-066-bidirectional-rnn.md	1-overview	DL/05-rnn/DL-066-bidirectional-rnn/DL-066-bidirectional-rnn.md#1-overview
G-296	Bimodal	ML/03-feature-engineering/ML-030-power-transformer/ML-030-power-transformer.md	63-how-normal-is-each-feature	ML/03-feature-engineering/ML-030-power-transformer/ML-030-power-transformer.md#63-how-normal-is-each-feature
G-298	Bin	ML/02-getting-data/ML-019-univariate-analysis/ML-019-univariate-analysis.md	6-histogram	ML/02-getting-data/ML-019-univariate-analysis/ML-019-univariate-analysis.md#6-histogram
G-297	Bin edge	ML/03-feature-engineering/ML-031-binning-binarization/ML-031-binning-binarization.md		ML/03-feature-engineering/ML-031-binning-binarization/ML-031-binning-binarization.md
G-299	bin_edges_	ML/03-feature-engineering/ML-031-binning-binarization/ML-031-binning-binarization.md	9-kbinsdiscretizer-in-scikit-learn	ML/03-feature-engineering/ML-031-binning-binarization/ML-031-binning-binarization.md#9-kbinsdiscretizer-in-scikit-learn
G-300	Binarization	ML/03-feature-engineering/ML-031-binning-binarization/ML-031-binning-binarization.md	1-overview	ML/03-feature-engineering/ML-031-binning-binarization/ML-031-binning-binarization.md#1-overview
G-301	Binarizer	ML/03-feature-engineering/ML-031-binning-binarization/ML-031-binning-binarization.md	121-binarizer-in-scikit-learn	ML/03-feature-engineering/ML-031-binning-binarization/ML-031-binning-binarization.md#121-binarizer-in-scikit-learn
G-302	Binary classifier	DL/01-basics/DL-004-perceptron/DL-004-perceptron.md	7-what-a-perceptron-does-geometrically	DL/01-basics/DL-004-perceptron/DL-004-perceptron.md#7-what-a-perceptron-does-geometrically
G-303	Binary cross entropy (log loss)	ML/07-classification/ML-072-log-loss/ML-072-log-loss.md	62-the-loss-function	ML/07-classification/ML-072-log-loss/ML-072-log-loss.md#62-the-loss-function
G-305	Binary file	ML/01-foundations/ML-009-mldlc/ML-009-mldlc.md	92-how-a-deployed-model-answers-a-request	ML/01-foundations/ML-009-mldlc/ML-009-mldlc.md#92-how-a-deployed-model-answers-a-request
G-306	Binary image classification	DL/04-cnn/DL-049-cat-vs-dog-cnn/DL-049-cat-vs-dog-cnn.md	1-overview	DL/04-cnn/DL-049-cat-vs-dog-cnn/DL-049-cat-vs-dog-cnn.md#1-overview
G-307	Binning	ML/03-feature-engineering/ML-022-what-is-feature-engineering/ML-022-what-is-feature-engineering.md	63-binning-numbers-into-categories	ML/03-feature-engineering/ML-022-what-is-feature-engineering/ML-022-what-is-feature-engineering.md#63-binning-numbers-into-categories
G-308	Binomial distribution	ML/08-trees-and-ensembles/ML-096-voting-ensemble/ML-096-voting-ensemble.md	51-below-50-the-vote-is-worse-than-the-worst	ML/08-trees-and-ensembles/ML-096-voting-ensemble/ML-096-voting-ensemble.md#51-below-50-the-vote-is-worse-than-the-worst
G-309	Binomial experiment	MA/03-distributions/MA-031-bernoulli-and-binomial/MA-031-bernoulli-and-binomial.md	6-when-a-count-is-binomial	MA/03-distributions/MA-031-bernoulli-and-binomial/MA-031-bernoulli-and-binomial.md#6-when-a-count-is-binomial
G-2246	Binomial test (exact test)	MA/04-inference/MA-044-choosing-a-hypothesis-test/MA-044-choosing-a-hypothesis-test.md	44-the-exact-version-the-binomial-test	MA/04-inference/MA-044-choosing-a-hypothesis-test/MA-044-choosing-a-hypothesis-test.md#44-the-exact-version-the-binomial-test
G-310	Bivariate analysis	ML/02-getting-data/ML-019-univariate-analysis/ML-019-univariate-analysis.md	2-univariate-bivariate-and-multivariate-analysis	ML/02-getting-data/ML-019-univariate-analysis/ML-019-univariate-analysis.md#2-univariate-bivariate-and-multivariate-analysis
G-311	Black box model (black box)	ML/07-classification/ML-085-knn/ML-085-knn.md	75-inference-which-feature-mattered	ML/07-classification/ML-085-knn/ML-085-knn.md#75-inference-which-feature-mattered
G-313	Blank map	DL/04-cnn/DL-052-visualizing-cnn/DL-052-visualizing-cnn.md	7-feature-maps-get-sparser-with-depth	DL/04-cnn/DL-052-visualizing-cnn/DL-052-visualizing-cnn.md#7-feature-maps-get-sparser-with-depth
G-314	Blending	ML/08-trees-and-ensembles/ML-121-stacking-blending/ML-121-stacking-blending.md	5-the-overfitting-problem	ML/08-trees-and-ensembles/ML-121-stacking-blending/ML-121-stacking-blending.md#5-the-overfitting-problem
G-315	BLEU score	DL/06-transformers/DL-067-history-of-llms/DL-067-history-of-llms.md	4-stage-1-the-encoderdecoder-2014	DL/06-transformers/DL-067-history-of-llms/DL-067-history-of-llms.md#4-stage-1-the-encoderdecoder-2014
G-316	BMI	ML/01-foundations/ML-007-challenges-in-ml/ML-007-challenges-in-ml.md	6-irrelevant-features	ML/01-foundations/ML-007-challenges-in-ml/ML-007-challenges-in-ml.md#6-irrelevant-features
G-317	Boolean indexing	ML/09-clustering-and-more/ML-123-kmeans-code/ML-123-kmeans-code.md	6-plotting-the-clusters-with-boolean-indexing	ML/09-clustering-and-more/ML-123-kmeans-code/ML-123-kmeans-code.md#6-plotting-the-clusters-with-boolean-indexing
G-318	Boosting	ML/06-regression/ML-061-bias-variance/ML-061-bias-variance.md	6-what-to-do-about-it	ML/06-regression/ML-061-bias-variance/ML-061-bias-variance.md#6-what-to-do-about-it
G-320	bootstrap	ML/08-trees-and-ensembles/ML-100-bagging-classifier/ML-100-bagging-classifier.md		ML/08-trees-and-ensembles/ML-100-bagging-classifier/ML-100-bagging-classifier.md
G-319	Bootstrap sample	ML/06-regression/ML-065-ridge-key-points/ML-065-ridge-key-points.md		ML/06-regression/ML-065-ridge-key-points/ML-065-ridge-key-points.md
G-321	bootstrap_features	ML/08-trees-and-ensembles/ML-100-bagging-classifier/ML-100-bagging-classifier.md		ML/08-trees-and-ensembles/ML-100-bagging-classifier/ML-100-bagging-classifier.md
G-322	Bootstrapping	ML/08-trees-and-ensembles/ML-095-ensemble-learning/ML-095-ensemble-learning.md	43-bagging	ML/08-trees-and-ensembles/ML-095-ensemble-learning/ML-095-ensemble-learning.md#43-bagging
G-323	Border point	ML/09-clustering-and-more/ML-126-dbscan/ML-126-dbscan.md	6-core-border-and-noise-points	ML/09-clustering-and-more/ML-126-dbscan/ML-126-dbscan.md#6-core-border-and-noise-points
G-324	Boston housing data	ML/08-trees-and-ensembles/ML-093-regression-trees/ML-093-regression-trees.md	71-the-data-and-a-first-tree	ML/08-trees-and-ensembles/ML-093-regression-trees/ML-093-regression-trees.md#71-the-data-and-a-first-tree
G-325	Bot	ML/02-getting-data/ML-017-web-scraping/ML-017-web-scraping.md	32-looking-like-a-browser	ML/02-getting-data/ML-017-web-scraping/ML-017-web-scraping.md#32-looking-like-a-browser
G-326	Bottleneck	DL/06-transformers/DL-069-attention-mechanism/DL-069-attention-mechanism.md	31-the-encoder-side-too-much-in-one-vector	DL/06-transformers/DL-069-attention-mechanism/DL-069-attention-mechanism.md#31-the-encoder-side-too-much-in-one-vector
G-327	Bounded function	DL/06-transformers/DL-079-positional-encoding/DL-079-positional-encoding.md	4-first-idea-count-the-words	DL/06-transformers/DL-079-positional-encoding/DL-079-positional-encoding.md#4-first-idea-count-the-words
G-328	Bounding box	DL/04-cnn/DL-051-pretrained-models/DL-051-pretrained-models.md	42-what-it-contains	DL/04-cnn/DL-051-pretrained-models/DL-051-pretrained-models.md#42-what-it-contains
G-329	Box plot	ML/02-getting-data/ML-019-univariate-analysis/ML-019-univariate-analysis.md	8-box-plot	ML/02-getting-data/ML-019-univariate-analysis/ML-019-univariate-analysis.md#8-box-plot
G-330	Box-and-whisker plot	MA/01-descriptive-stats/MA-008-percentiles-and-box-plots/MA-008-percentiles-and-box-plots.md		MA/01-descriptive-stats/MA-008-percentiles-and-box-plots/MA-008-percentiles-and-box-plots.md
G-331	Box-Cox transform	ML/03-feature-engineering/ML-030-power-transformer/ML-030-power-transformer.md	1-overview	ML/03-feature-engineering/ML-030-power-transformer/ML-030-power-transformer.md#1-overview
G-332	Branch (subtree)	ML/08-trees-and-ensembles/ML-091-decision-trees-intuition/ML-091-decision-trees-intuition.md	4-terminology	ML/08-trees-and-ensembles/ML-091-decision-trees-intuition/ML-091-decision-trees-intuition.md#4-terminology
G-333	Broadcasting	MA/05-linear-algebra/MA-049-magnitude-distance-and-scalar-operations/MA-049-magnitude-distance-and-scalar-operations.md	41-adding-or-subtracting-a-scalar-shifting	MA/05-linear-algebra/MA-049-magnitude-distance-and-scalar-operations/MA-049-magnitude-distance-and-scalar-operations.md#41-adding-or-subtracting-a-scalar-shifting
G-334	Buying behaviour	ML/01-foundations/ML-008-applications-of-ml/ML-008-applications-of-ml.md		ML/01-foundations/ML-008-applications-of-ml/ML-008-applications-of-ml.md
G-335	Byte pair encoding (BPE)	DL/06-transformers/DL-087-decoder-only-gpt/DL-087-decoder-only-gpt.md	4-tokens	DL/06-transformers/DL-087-decoder-only-gpt/DL-087-decoder-only-gpt.md#4-tokens
G-337	C (LogisticRegression)	ML/07-classification/ML-080-logistic-hyperparameters/ML-080-logistic-hyperparameters.md	22-the-strength-c	ML/07-classification/ML-080-logistic-hyperparameters/ML-080-logistic-hyperparameters.md#22-the-strength-c
G-336	C (SVM)	ML/07-classification/ML-088-svm-soft-margin/ML-088-svm-soft-margin.md	6-the-hyperparameter-c	ML/07-classification/ML-088-svm-soft-margin/ML-088-svm-soft-margin.md#6-the-hyperparameter-c
G-338	Cache memory	ML/08-trees-and-ensembles/ML-117-xgboost-intro/ML-117-xgboost-intro.md	74-cache-awareness	ML/08-trees-and-ensembles/ML-117-xgboost-intro/ML-117-xgboost-intro.md#74-cache-awareness
G-339	Calculus	MA/00-why-maths/MA-001-role-of-maths-in-ml/MA-001-role-of-maths-in-ml.md	3-calculus-reducing-the-error	MA/00-why-maths/MA-001-role-of-maths-in-ml/MA-001-role-of-maths-in-ml.md#3-calculus-reducing-the-error
G-340	CalibratedClassifierCV	ML/08-trees-and-ensembles/ML-097-voting-classifier/ML-097-voting-classifier.md		ML/08-trees-and-ensembles/ML-097-voting-classifier/ML-097-voting-classifier.md
G-2223	California housing data	ML/08-trees-and-ensembles/ML-093-regression-trees/ML-093-regression-trees.md	73-does-tuning-beat-an-untuned-tree	ML/08-trees-and-ensembles/ML-093-regression-trees/ML-093-regression-trees.md#73-does-tuning-beat-an-untuned-tree
G-341	Callback	DL/02-training/DL-022-early-stopping/DL-022-early-stopping.md	41-callbacks	DL/02-training/DL-022-early-stopping/DL-022-early-stopping.md#41-callbacks
G-342	Candidate cell state ($\tilde c_t$)	DL/05-rnn/DL-062-lstm-architecture/DL-062-lstm-architecture.md	43-four-more-vectors-inside	DL/05-rnn/DL-062-lstm-architecture/DL-062-lstm-architecture.md#43-four-more-vectors-inside
G-343	Candidate hidden state ($\tilde h_t$)	DL/05-rnn/DL-064-gru/DL-064-gru.md	51-the-vectors	DL/05-rnn/DL-064-gru/DL-064-gru.md#51-the-vectors
G-344	Capacity	DL/02-training/DL-026-regularization-in-dl/DL-026-regularization-in-dl.md	3-why-neural-networks-overfit	DL/02-training/DL-026-regularization-in-dl/DL-026-regularization-in-dl.md#3-why-neural-networks-overfit
G-345	Capping	ML/04-missing-data-and-outliers/ML-040-what-are-outliers/ML-040-what-are-outliers.md	72-capping	ML/04-missing-data-and-outliers/ML-040-what-are-outliers/ML-040-what-are-outliers.md#72-capping
G-346	cars.csv	ML/08-trees-and-ensembles/ML-094-dtreeviz/ML-094-dtreeviz.md		ML/08-trees-and-ensembles/ML-094-dtreeviz/ML-094-dtreeviz.md
G-347	CART	ML/08-trees-and-ensembles/ML-091-decision-trees-intuition/ML-091-decision-trees-intuition.md	53-classification-and-regression-cart	ML/08-trees-and-ensembles/ML-091-decision-trees-intuition/ML-091-decision-trees-intuition.md#53-classification-and-regression-cart
G-348	CatBoost	ML/08-trees-and-ensembles/ML-117-xgboost-intro/ML-117-xgboost-intro.md	9-lightgbm-and-catboost	ML/08-trees-and-ensembles/ML-117-xgboost-intro/ML-117-xgboost-intro.md#9-lightgbm-and-catboost
G-349	Categorical cross entropy	ML/07-classification/ML-078-softmax-regression/ML-078-softmax-regression.md	42-the-real-approach-one-loss-for-all-classes	ML/07-classification/ML-078-softmax-regression/ML-078-softmax-regression.md#42-the-real-approach-one-loss-for-all-classes
G-351	Categorical data (categorical column)	ML/01-foundations/ML-003-types-of-ml/ML-003-types-of-ml.md		ML/01-foundations/ML-003-types-of-ml/ML-003-types-of-ml.md
G-352	Categorical distribution	MA/03-distributions/MA-031-bernoulli-and-binomial/MA-031-bernoulli-and-binomial.md	23-bernoulli-in-machine-learning	MA/03-distributions/MA-031-bernoulli-and-binomial/MA-031-bernoulli-and-binomial.md#23-bernoulli-in-machine-learning
G-353	CategoricalNB	ML/07-classification/ML-083-naive-bayes-code/ML-083-naive-bayes-code.md		ML/07-classification/ML-083-naive-bayes-code/ML-083-naive-bayes-code.md
G-354	categories_	ML/03-feature-engineering/ML-025-ordinal-label-encoding/ML-025-ordinal-label-encoding.md	65-fit-on-the-training-set-transform-both	ML/03-feature-engineering/ML-025-ordinal-label-encoding/ML-025-ordinal-label-encoding.md#65-fit-on-the-training-set-transform-both
G-356	Category	ML/02-getting-data/ML-019-univariate-analysis/ML-019-univariate-analysis.md	3-numerical-and-categorical-data	ML/02-getting-data/ML-019-univariate-analysis/ML-019-univariate-analysis.md#3-numerical-and-categorical-data
G-355	Category share	ML/04-missing-data-and-outliers/ML-036-missing-categorical-data/ML-036-missing-categorical-data.md		ML/04-missing-data-and-outliers/ML-036-missing-categorical-data/ML-036-missing-categorical-data.md
G-357	Causal (look-ahead) mask	DL/06-transformers/DL-082-masked-self-attention/DL-082-masked-self-attention.md	61-where-the-mask-goes	DL/06-transformers/DL-082-masked-self-attention/DL-082-masked-self-attention.md#61-where-the-mask-goes
G-359	Causation	MA/01-descriptive-stats/MA-009-covariance-and-correlation/MA-009-covariance-and-correlation.md	5-correlation-does-not-imply-causation	MA/01-descriptive-stats/MA-009-covariance-and-correlation/MA-009-covariance-and-correlation.md#5-correlation-does-not-imply-causation
G-360	ccp_alpha	ML/08-trees-and-ensembles/ML-105-random-forest-hyperparameters/ML-105-random-forest-hyperparameters.md	4-the-tree-level-hyperparameters	ML/08-trees-and-ensembles/ML-105-random-forest-hyperparameters/ML-105-random-forest-hyperparameters.md#4-the-tree-level-hyperparameters
G-362	Cell	ML/01-foundations/ML-011-setup-anaconda-jupyter-colab/ML-011-setup-anaconda-jupyter-colab.md	31-starting-jupyter	ML/01-foundations/ML-011-setup-anaconda-jupyter-colab/ML-011-setup-anaconda-jupyter-colab.md#31-starting-jupyter
G-361	Cell state ($c_t$)	DL/05-rnn/DL-061-lstm/DL-061-lstm.md	7-two-differences-between-an-rnn-and-an-lstm	DL/05-rnn/DL-061-lstm/DL-061-lstm.md#7-two-differences-between-an-rnn-and-an-lstm
G-363	Central difference	MA/06-calculus/MA-061-derivatives-of-one-variable/MA-061-derivatives-of-one-variable.md	43-what-the-sign-of-the-derivative-tells-us	MA/06-calculus/MA-061-derivatives-of-one-variable/MA-061-derivatives-of-one-variable.md#43-what-the-sign-of-the-derivative-tells-us
G-364	Central limit theorem	MA/04-inference/MA-033-sampling-distribution-and-clt/MA-033-sampling-distribution-and-clt.md	1-overview	MA/04-inference/MA-033-sampling-distribution-and-clt/MA-033-sampling-distribution-and-clt.md#1-overview
G-365	Centred data	ML/03-feature-engineering/ML-024-normalization/ML-024-normalization.md	7-mean-normalization	ML/03-feature-engineering/ML-024-normalization/ML-024-normalization.md#7-mean-normalization
G-367	Centroid	ML/03-feature-engineering/ML-031-binning-binarization/ML-031-binning-binarization.md	71-how-k-means-finds-the-bins	ML/03-feature-engineering/ML-031-binning-binarization/ML-031-binning-binarization.md#71-how-k-means-finds-the-bins
G-366	Centroid initialization	ML/09-clustering-and-more/ML-122-kmeans-intuition/ML-122-kmeans-intuition.md	42-step-2-pick-the-starting-centroids	ML/09-clustering-and-more/ML-122-kmeans-intuition/ML-122-kmeans-intuition.md#42-step-2-pick-the-starting-centroids
G-368	Centroid-based clustering	ML/09-clustering-and-more/ML-126-dbscan/ML-126-dbscan.md	33-only-round-clusters	ML/09-clustering-and-more/ML-126-dbscan/ML-126-dbscan.md#33-only-round-clusters
G-371	Chain rule	ML/07-classification/ML-073-sigmoid-derivative/ML-073-sigmoid-derivative.md	2-two-rules-we-need	ML/07-classification/ML-073-sigmoid-derivative/ML-073-sigmoid-derivative.md#2-two-rules-we-need
G-369	Chain rule of probability	ML/07-classification/ML-082-naive-bayes-maths/ML-082-naive-bayes-maths.md	4-step-2-the-chain-rule	ML/07-classification/ML-082-naive-bayes-maths/ML-082-naive-bayes-maths.md#4-step-2-the-chain-rule
G-370	Chain rule with Jacobians	MA/06-calculus/MA-063-jacobian-and-matrix-gradients/MA-063-jacobian-and-matrix-gradients.md	62-the-same-product-as-jacobians	MA/06-calculus/MA-063-jacobian-and-matrix-gradients/MA-063-jacobian-and-matrix-gradients.md#62-the-same-product-as-jacobians
G-372	Chained assignment	ML/05-dimensionality/ML-044-feature-construction-splitting/ML-044-feature-construction-splitting.md	71-a-married-feature-from-the-title	ML/05-dimensionality/ML-044-feature-construction-splitting/ML-044-feature-construction-splitting.md#71-a-married-feature-from-the-title
G-373	Chained equations	ML/04-missing-data-and-outliers/ML-039-iterative-imputer-mice/ML-039-iterative-imputer-mice.md	1-overview	ML/04-missing-data-and-outliers/ML-039-iterative-imputer-mice/ML-039-iterative-imputer-mice.md#1-overview
G-2272	Change $\Delta e$	DL/06-transformers/DL-076-self-attention-geometric-intuition/DL-076-self-attention-geometric-intuition.md	73-adding-the-change-back	DL/06-transformers/DL-076-self-attention-geometric-intuition/DL-076-self-attention-geometric-intuition.md#73-adding-the-change-back
G-374	Change of basis matrix	MA/05-linear-algebra/MA-056-eigenvectors-and-eigenvalues/MA-056-eigenvectors-and-eigenvalues.md	62-changing-to-an-eigenbasis	MA/05-linear-algebra/MA-056-eigenvectors-and-eigenvalues/MA-056-eigenvectors-and-eigenvalues.md#62-changing-to-an-eigenbasis
G-375	Channel	ML/01-foundations/ML-010-tensors/ML-010-tensors.md	64-4d-images	ML/01-foundations/ML-010-tensors/ML-010-tensors.md#64-4d-images
G-376	Characteristic polynomial	MA/05-linear-algebra/MA-056-eigenvectors-and-eigenvalues/MA-056-eigenvectors-and-eigenvalues.md	33-two-worked-examples	MA/05-linear-algebra/MA-056-eigenvectors-and-eigenvalues/MA-056-eigenvectors-and-eigenvalues.md#33-two-worked-examples
G-377	Checkpoint averaging	DL/06-transformers/DL-086-transformer-end-to-end/DL-086-transformer-end-to-end.md		DL/06-transformers/DL-086-transformer-end-to-end/DL-086-transformer-end-to-end.md
G-378	Chi-square distribution	MA/04-inference/MA-045-chi-square-tests/MA-045-chi-square-tests.md	31-built-from-squared-normal-draws	MA/04-inference/MA-045-chi-square-tests/MA-045-chi-square-tests.md#31-built-from-squared-normal-draws
G-379	Chi-square statistic $\chi^2$	MA/04-inference/MA-045-chi-square-tests/MA-045-chi-square-tests.md	22-the-formula	MA/04-inference/MA-045-chi-square-tests/MA-045-chi-square-tests.md#22-the-formula
G-381	Chi-square test	MA/04-inference/MA-045-chi-square-tests/MA-045-chi-square-tests.md		MA/04-inference/MA-045-chi-square-tests/MA-045-chi-square-tests.md
G-380	Chi-square test of independence	MA/04-inference/MA-045-chi-square-tests/MA-045-chi-square-tests.md	51-the-question-and-the-table	MA/04-inference/MA-045-chi-square-tests/MA-045-chi-square-tests.md#51-the-question-and-the-table
G-382	Chi-squared test (chi2)	ML/03-feature-engineering/ML-028-pipelines/ML-028-pipelines.md	56-step-4-feature-selection	ML/03-feature-engineering/ML-028-pipelines/ML-028-pipelines.md#56-step-4-feature-selection
G-383	Cholesky solver	ML/06-regression/ML-063-ridge-regression-maths/ML-063-ridge-regression-maths.md		ML/06-regression/ML-063-ridge-regression-maths/ML-063-ridge-regression-maths.md
G-384	Chord	MA/07-optimisation/MA-065-convex-and-non-convex-cost-functions/MA-065-convex-and-non-convex-cost-functions.md		MA/07-optimisation/MA-065-convex-and-non-convex-cost-functions/MA-065-convex-and-non-convex-cost-functions.md
G-385	Chunk	ML/02-getting-data/ML-014-working-with-csv/ML-014-working-with-csv.md	18-reading-a-big-file-in-chunks-chunksize	ML/02-getting-data/ML-014-working-with-csv/ML-014-working-with-csv.md#18-reading-a-big-file-in-chunks-chunksize
G-387	Churn	ML/01-foundations/ML-013-framing-ml-problem/ML-013-framing-ml-problem.md	31-churn-rate	ML/01-foundations/ML-013-framing-ml-problem/ML-013-framing-ml-problem.md#31-churn-rate
G-386	Churn rate	ML/01-foundations/ML-013-framing-ml-problem/ML-013-framing-ml-problem.md	31-churn-rate	ML/01-foundations/ML-013-framing-ml-problem/ML-013-framing-ml-problem.md#31-churn-rate
G-389	Class (HTML)	ML/02-getting-data/ML-017-web-scraping/ML-017-web-scraping.md	4-html-tags-classes-and-nesting	ML/02-getting-data/ML-017-web-scraping/ML-017-web-scraping.md#4-html-tags-classes-and-nesting
G-388	Class prior	ML/07-classification/ML-081-naive-bayes-intuition/ML-081-naive-bayes-intuition.md	5-applying-bayes-theorem	ML/07-classification/ML-081-naive-bayes-intuition/ML-081-naive-bayes-intuition.md#5-applying-bayes-theorem
G-390	class_sep	ML/07-classification/ML-070-perceptron-code/ML-070-perceptron-code.md		ML/07-classification/ML-070-perceptron-code/ML-070-perceptron-code.md
G-391	class_weight	ML/07-classification/ML-080-logistic-hyperparameters/ML-080-logistic-hyperparameters.md	51-classweight	ML/07-classification/ML-080-logistic-hyperparameters/ML-080-logistic-hyperparameters.md#51-classweight
G-392	classes_	ML/03-feature-engineering/ML-025-ordinal-label-encoding/ML-025-ordinal-label-encoding.md	72-encoding-the-purchased-column	ML/03-feature-engineering/ML-025-ordinal-label-encoding/ML-025-ordinal-label-encoding.md#72-encoding-the-purchased-column
G-395	Classification	ML/01-foundations/ML-003-types-of-ml/ML-003-types-of-ml.md	23-regression-and-classification	ML/01-foundations/ML-003-types-of-ml/ML-003-types-of-ml.md#23-regression-and-classification
G-393	Classification error (SVM)	ML/07-classification/ML-088-svm-soft-margin/ML-088-svm-soft-margin.md	5-the-soft-margin-loss	ML/07-classification/ML-088-svm-soft-margin/ML-088-svm-soft-margin.md#5-the-soft-margin-loss
G-394	Classification metric	ML/07-classification/ML-075-accuracy-confusion-matrix/ML-075-accuracy-confusion-matrix.md	1-overview	ML/07-classification/ML-075-accuracy-confusion-matrix/ML-075-accuracy-confusion-matrix.md#1-overview
G-396	classification_report	ML/07-classification/ML-076-precision-recall-f1/ML-076-precision-recall-f1.md	62-combining-the-classes	ML/07-classification/ML-076-precision-recall-f1/ML-076-precision-recall-f1.md#62-combining-the-classes
G-397	Client, server	ML/02-getting-data/ML-016-fetching-data-from-api/ML-016-fetching-data-from-api.md		ML/02-getting-data/ML-016-fetching-data-from-api/ML-016-fetching-data-from-api.md
G-398	Closed-form solution	ML/06-regression/ML-050-linear-regression-maths/ML-050-linear-regression-maths.md	2-two-ways-to-find-m-and-b	ML/06-regression/ML-050-linear-regression-maths/ML-050-linear-regression-maths.md#2-two-ways-to-find-m-and-b
G-399	Cluster	ML/01-foundations/ML-003-types-of-ml/ML-003-types-of-ml.md		ML/01-foundations/ML-003-types-of-ml/ML-003-types-of-ml.md
G-400	cluster_centers_	ML/09-clustering-and-more/ML-123-kmeans-code/ML-123-kmeans-code.md		ML/09-clustering-and-more/ML-123-kmeans-code/ML-123-kmeans-code.md
G-401	Clustering	ML/01-foundations/ML-003-types-of-ml/ML-003-types-of-ml.md	32-clustering	ML/01-foundations/ML-003-types-of-ml/ML-003-types-of-ml.md#32-clustering
G-402	Clustermap	ML/02-getting-data/ML-020-bivariate-multivariate-analysis/ML-020-bivariate-multivariate-analysis.md	8-clustermap-grouping-similar-categories	ML/02-getting-data/ML-020-bivariate-multivariate-analysis/ML-020-bivariate-multivariate-analysis.md#8-clustermap-grouping-similar-categories
G-403	CNN architecture	DL/04-cnn/DL-045-lenet-5/DL-045-lenet-5.md	3-the-general-cnn-architecture	DL/04-cnn/DL-045-lenet-5/DL-045-lenet-5.md#3-the-general-cnn-architecture
G-404	Co-occurrence probability	DL/06-transformers/DL-072-meaning-as-direction/DL-072-meaning-as-direction.md	4-the-difference-between-two-words-is-a-direction	DL/06-transformers/DL-072-meaning-as-direction/DL-072-meaning-as-direction.md#4-the-difference-between-two-words-is-a-direction
G-405	Codomain	MA/06-calculus/MA-061-derivatives-of-one-variable/MA-061-derivatives-of-one-variable.md	2-functions-one-number-in-one-number-out	MA/06-calculus/MA-061-derivatives-of-one-variable/MA-061-derivatives-of-one-variable.md#2-functions-one-number-in-one-number-out
G-406	coef_	ML/06-regression/ML-049-simple-linear-regression/ML-049-simple-linear-regression.md		ML/06-regression/ML-049-simple-linear-regression/ML-049-simple-linear-regression.md
G-407	Coefficient ($\beta_i$)	ML/06-regression/ML-052-multiple-linear-regression/ML-052-multiple-linear-regression.md	3-the-equation	ML/06-regression/ML-052-multiple-linear-regression/ML-052-multiple-linear-regression.md#3-the-equation
G-408	Coefficient of variation (CV)	ML/02-getting-data/ML-021-pandas-profiling/ML-021-pandas-profiling.md		ML/02-getting-data/ML-021-pandas-profiling/ML-021-pandas-profiling.md
G-409	Coefficient path	ML/06-regression/ML-065-ridge-key-points/ML-065-ridge-key-points.md	3-point-2-the-largest-coefficients-shrink-most	ML/06-regression/ML-065-ridge-key-points/ML-065-ridge-key-points.md#3-point-2-the-largest-coefficients-shrink-most
G-410	Coefficient vector ($\beta$)	ML/06-regression/ML-053-multiple-lr-maths/ML-053-multiple-lr-maths.md	22-stacking-the-equations	ML/06-regression/ML-053-multiple-lr-maths/ML-053-multiple-lr-maths.md#22-stacking-the-equations
G-411	Colour blob	DL/04-cnn/DL-052-visualizing-cnn/DL-052-visualizing-cnn.md	52-what-the-filters-look-like	DL/04-cnn/DL-052-visualizing-cnn/DL-052-visualizing-cnn.md#52-what-the-filters-look-like
G-412	Column block	ML/08-trees-and-ensembles/ML-117-xgboost-intro/ML-117-xgboost-intro.md	73-column-blocks	ML/08-trees-and-ensembles/ML-117-xgboost-intro/ML-117-xgboost-intro.md#73-column-blocks
G-413	Column sampling (feature sampling)	ML/08-trees-and-ensembles/ML-102-random-forest-intro/ML-102-random-forest-intro.md	5-a-random-forest-by-hand	ML/08-trees-and-ensembles/ML-102-random-forest-intro/ML-102-random-forest-intro.md#5-a-random-forest-by-hand
G-414	Column space	MA/05-linear-algebra/MA-053-linear-transformations-and-matrices/MA-053-linear-transformations-and-matrices.md	6-reading-a-matrix-as-a-picture	MA/05-linear-algebra/MA-053-linear-transformations-and-matrices/MA-053-linear-transformations-and-matrices.md#6-reading-a-matrix-as-a-picture
G-415	Column transformer	ML/03-feature-engineering/ML-025-ordinal-label-encoding/ML-025-ordinal-label-encoding.md	62-which-encoder-for-which-column	ML/03-feature-engineering/ML-025-ordinal-label-encoding/ML-025-ordinal-label-encoding.md#62-which-encoder-for-which-column
G-416	Column vector	MA/05-linear-algebra/MA-048-vectors-and-feature-vectors/MA-048-vectors-and-feature-vectors.md	5-row-vectors-and-column-vectors	MA/05-linear-algebra/MA-048-vectors-and-feature-vectors/MA-048-vectors-and-feature-vectors.md#5-row-vectors-and-column-vectors
G-417	ColumnTransformer	ML/03-feature-engineering/ML-027-column-transformer/ML-027-column-transformer.md	1-overview	ML/03-feature-engineering/ML-027-column-transformer/ML-027-column-transformer.md#1-overview
G-418	Combined sampling	ML/08-trees-and-ensembles/ML-102-random-forest-intro/ML-102-random-forest-intro.md	5-a-random-forest-by-hand	ML/08-trees-and-ensembles/ML-102-random-forest-intro/ML-102-random-forest-intro.md#5-a-random-forest-by-hand
G-419	Combining perceptrons	DL/01-basics/DL-009-mlp-intuition/DL-009-mlp-intuition.md		DL/01-basics/DL-009-mlp-intuition/DL-009-mlp-intuition.md
G-420	Commutative law	MA/05-linear-algebra/MA-050-dot-product-and-cosine-similarity/MA-050-dot-product-and-cosine-similarity.md	32-two-laws	MA/05-linear-algebra/MA-050-dot-product-and-cosine-similarity/MA-050-dot-product-and-cosine-similarity.md#32-two-laws
G-421	Compile	DL/01-basics/DL-011-customer-churn-ann/DL-011-customer-churn-ann.md		DL/01-basics/DL-011-customer-churn-ann/DL-011-customer-churn-ann.md
G-422	Complement ($A^c$)	MA/02-probability/MA-011-empirical-and-theoretical-probability/MA-011-empirical-and-theoretical-probability.md	62-the-complement-rule	MA/02-probability/MA-011-empirical-and-theoretical-probability/MA-011-empirical-and-theoretical-probability.md#62-the-complement-rule
G-423	Complement rule	MA/02-probability/MA-011-empirical-and-theoretical-probability/MA-011-empirical-and-theoretical-probability.md		MA/02-probability/MA-011-empirical-and-theoretical-probability/MA-011-empirical-and-theoretical-probability.md
G-424	Complementary slackness	MA/07-optimisation/MA-066-lagrange-multipliers/MA-066-lagrange-multipliers.md	5-inequality-constraints	MA/07-optimisation/MA-066-lagrange-multipliers/MA-066-lagrange-multipliers.md#5-inequality-constraints
G-426	Complete case	ML/04-missing-data-and-outliers/ML-034-complete-case-analysis/ML-034-complete-case-analysis.md		ML/04-missing-data-and-outliers/ML-034-complete-case-analysis/ML-034-complete-case-analysis.md
G-425	Complete case analysis (CCA)	ML/04-missing-data-and-outliers/ML-034-complete-case-analysis/ML-034-complete-case-analysis.md	4-complete-case-analysis	ML/04-missing-data-and-outliers/ML-034-complete-case-analysis/ML-034-complete-case-analysis.md#4-complete-case-analysis
G-427	Complete linkage	ML/09-clustering-and-more/ML-125-hierarchical-clustering/ML-125-hierarchical-clustering.md	8-linkage-the-distance-between-two-clusters	ML/09-clustering-and-more/ML-125-hierarchical-clustering/ML-125-hierarchical-clustering.md#8-linkage-the-distance-between-two-clusters
G-428	Complex cell	DL/04-cnn/DL-041-cnn-vs-visual-cortex/DL-041-cnn-vs-visual-cortex.md	51-simple-cells	DL/04-cnn/DL-041-cnn-vs-visual-cortex/DL-041-cnn-vs-visual-cortex.md#51-simple-cells
G-429	Component	MA/05-linear-algebra/MA-048-vectors-and-feature-vectors/MA-048-vectors-and-feature-vectors.md	23-coordinates-walking-instructions	MA/05-linear-algebra/MA-048-vectors-and-feature-vectors/MA-048-vectors-and-feature-vectors.md#23-coordinates-walking-instructions
G-430	components_	ML/05-dimensionality/ML-048-pca-mnist/ML-048-pca-mnist.md	6-what-a-fitted-pca-stores	ML/05-dimensionality/ML-048-pca-mnist/ML-048-pca-mnist.md#6-what-a-fitted-pca-stores
G-431	Composition	MA/05-linear-algebra/MA-054-matrix-multiplication-as-composition/MA-054-matrix-multiplication-as-composition.md	22-following-the-basis-vectors	MA/05-linear-algebra/MA-054-matrix-multiplication-as-composition/MA-054-matrix-multiplication-as-composition.md#22-following-the-basis-vectors
G-432	Compound event	MA/02-probability/MA-010-events-and-types-of-events/MA-010-events-and-types-of-events.md	42-compound-events	MA/02-probability/MA-010-events-and-types-of-events/MA-010-events-and-types-of-events.md#42-compound-events
G-433	Compression	ML/01-foundations/ML-010-tensors/ML-010-tensors.md		ML/01-foundations/ML-010-tensors/ML-010-tensors.md
G-434	Computation graph	MA/06-calculus/MA-063-jacobian-and-matrix-gradients/MA-063-jacobian-and-matrix-gradients.md	10-preview-backpropagation-and-automatic-differentiation	MA/06-calculus/MA-063-jacobian-and-matrix-gradients/MA-063-jacobian-and-matrix-gradients.md#10-preview-backpropagation-and-automatic-differentiation
G-435	Concat score	DL/06-transformers/DL-070-bahdanau-vs-luong-attention/DL-070-bahdanau-vs-luong-attention.md		DL/06-transformers/DL-070-bahdanau-vs-luong-attention/DL-070-bahdanau-vs-luong-attention.md
G-436	Concatenation ($[h_{t-1}, x_t]$)	DL/05-rnn/DL-062-lstm-architecture/DL-062-lstm-architecture.md		DL/05-rnn/DL-062-lstm-architecture/DL-062-lstm-architecture.md
G-438	Concave function	MA/07-optimisation/MA-067-convex-sets-and-functions/MA-067-convex-sets-and-functions.md	3-convex-functions-and-their-sets	MA/07-optimisation/MA-067-convex-sets-and-functions/MA-067-convex-sets-and-functions.md#3-convex-functions-and-their-sets
G-2256	Concave up, concave down	MA/07-optimisation/MA-067-convex-sets-and-functions/MA-067-convex-sets-and-functions.md	41-curving-up-the-slope-keeps-increasing	MA/07-optimisation/MA-067-convex-sets-and-functions/MA-067-convex-sets-and-functions.md#41-curving-up-the-slope-keeps-increasing
G-439	conda	ML/01-foundations/ML-011-setup-anaconda-jupyter-colab/ML-011-setup-anaconda-jupyter-colab.md	1-overview	ML/01-foundations/ML-011-setup-anaconda-jupyter-colab/ML-011-setup-anaconda-jupyter-colab.md#1-overview
G-440	conda-forge	ML/01-foundations/ML-011-setup-anaconda-jupyter-colab/ML-011-setup-anaconda-jupyter-colab.md	22-miniforge-the-installer-we-use	ML/01-foundations/ML-011-setup-anaconda-jupyter-colab/ML-011-setup-anaconda-jupyter-colab.md#22-miniforge-the-installer-we-use
G-441	Condition number	MA/05-linear-algebra/MA-058-computing-the-svd/MA-058-computing-the-svd.md	8-how-computers-compute-the-svd	MA/05-linear-algebra/MA-058-computing-the-svd/MA-058-computing-the-svd.md#8-how-computers-compute-the-svd
G-442	Conditional hyperparameter	DL/03-optimizers/DL-039-keras-tuner/DL-039-keras-tuner.md	81-one-name-per-layer	DL/03-optimizers/DL-039-keras-tuner/DL-039-keras-tuner.md#81-one-name-per-layer
G-443	Conditional independence	ML/07-classification/ML-082-naive-bayes-maths/ML-082-naive-bayes-maths.md	5-step-3-the-naive-assumption	ML/07-classification/ML-082-naive-bayes-maths/ML-082-naive-bayes-maths.md#5-step-3-the-naive-assumption
G-444	Conditional probability	MA/02-probability/MA-015-conditional-probability/MA-015-conditional-probability.md	1-overview	MA/02-probability/MA-015-conditional-probability/MA-015-conditional-probability.md#1-overview
G-445	Condorcet's jury theorem	ML/08-trees-and-ensembles/ML-096-voting-ensemble/ML-096-voting-ensemble.md	51-below-50-the-vote-is-worse-than-the-worst	ML/08-trees-and-ensembles/ML-096-voting-ensemble/ML-096-voting-ensemble.md#51-below-50-the-vote-is-worse-than-the-worst
G-446	Confidence interval	MA/04-inference/MA-035-confidence-intervals-z-procedure/MA-035-confidence-intervals-z-procedure.md	4-confidence-intervals-and-confidence-levels	MA/04-inference/MA-035-confidence-intervals-z-procedure/MA-035-confidence-intervals-z-procedure.md#4-confidence-intervals-and-confidence-levels
G-447	Confidence level	MA/04-inference/MA-035-confidence-intervals-z-procedure/MA-035-confidence-intervals-z-procedure.md	4-confidence-intervals-and-confidence-levels	MA/04-inference/MA-035-confidence-intervals-z-procedure/MA-035-confidence-intervals-z-procedure.md#4-confidence-intervals-and-confidence-levels
G-448	Confounding variable	MA/01-descriptive-stats/MA-009-covariance-and-correlation/MA-009-covariance-and-correlation.md	5-correlation-does-not-imply-causation	MA/01-descriptive-stats/MA-009-covariance-and-correlation/MA-009-covariance-and-correlation.md#5-correlation-does-not-imply-causation
G-449	Confusion matrix	ML/07-classification/ML-075-accuracy-confusion-matrix/ML-075-accuracy-confusion-matrix.md	41-what-accuracy-hides	ML/07-classification/ML-075-accuracy-confusion-matrix/ML-075-accuracy-confusion-matrix.md#41-what-accuracy-hides
G-450	Connection object	ML/02-getting-data/ML-015-working-with-json-and-sql/ML-015-working-with-json-and-sql.md		ML/02-getting-data/ML-015-working-with-json-and-sql/ML-015-working-with-json-and-sql.md
G-451	Connector	ML/02-getting-data/ML-015-working-with-json-and-sql/ML-015-working-with-json-and-sql.md		ML/02-getting-data/ML-015-working-with-json-and-sql/ML-015-working-with-json-and-sql.md
G-2238	Conservative degrees of freedom	MA/04-inference/MA-043-two-sample-and-paired-t-tests/MA-043-two-sample-and-paired-t-tests.md	23-the-test-statistic	MA/04-inference/MA-043-two-sample-and-paired-t-tests/MA-043-two-sample-and-paired-t-tests.md#23-the-test-statistic
G-452	Consistency (of an estimator)	MA/08-likelihood/MA-070-maximum-likelihood-estimation/MA-070-maximum-likelihood-estimation.md	11-how-good-is-the-mle	MA/08-likelihood/MA-070-maximum-likelihood-estimation/MA-070-maximum-likelihood-estimation.md#11-how-good-is-the-mle
G-453	Constituency parsing	DL/06-transformers/DL-086-transformer-end-to-end/DL-086-transformer-end-to-end.md	83-english-constituency-parsing	DL/06-transformers/DL-086-transformer-end-to-end/DL-086-transformer-end-to-end.md#83-english-constituency-parsing
G-454	Constrained form	ML/06-regression/ML-065-ridge-key-points/ML-065-ridge-key-points.md	51-with-two-coefficients-why-ridge	ML/06-regression/ML-065-ridge-key-points/ML-065-ridge-key-points.md#51-with-two-coefficients-why-ridge
G-455	Constrained optimisation	ML/07-classification/ML-087-svm-maths/ML-087-svm-maths.md	6-the-optimisation-problem	ML/07-classification/ML-087-svm-maths/ML-087-svm-maths.md#6-the-optimisation-problem
G-456	Constraint	ML/07-classification/ML-087-svm-maths/ML-087-svm-maths.md	42-one-constraint-for-both-classes	ML/07-classification/ML-087-svm-maths/ML-087-svm-maths.md#42-one-constraint-for-both-classes
G-457	Constructor (`__init__`)	ML/09-clustering-and-more/ML-124-kmeans-from-scratch/ML-124-kmeans-from-scratch.md	3-the-shape-of-the-class	ML/09-clustering-and-more/ML-124-kmeans-from-scratch/ML-124-kmeans-from-scratch.md#3-the-shape-of-the-class
G-458	Container	ML/02-getting-data/ML-017-web-scraping/ML-017-web-scraping.md	6-finding-the-right-tags-with-inspect	ML/02-getting-data/ML-017-web-scraping/ML-017-web-scraping.md#6-finding-the-right-tags-with-inspect
G-459	Context size	DL/06-transformers/DL-087-decoder-only-gpt/DL-087-decoder-only-gpt.md	8-context-size	DL/06-transformers/DL-087-decoder-only-gpt/DL-087-decoder-only-gpt.md#8-context-size
G-461	Context vector	DL/06-transformers/DL-067-history-of-llms/DL-067-history-of-llms.md	4-stage-1-the-encoderdecoder-2014	DL/06-transformers/DL-067-history-of-llms/DL-067-history-of-llms.md#4-stage-1-the-encoderdecoder-2014
G-460	Context vector $c_i$	DL/06-transformers/DL-069-attention-mechanism/DL-069-attention-mechanism.md		DL/06-transformers/DL-069-attention-mechanism/DL-069-attention-mechanism.md
G-462	Contextual embedding	DL/06-transformers/DL-073-what-is-self-attention/DL-073-what-is-self-attention.md	1-overview	DL/06-transformers/DL-073-what-is-self-attention/DL-073-what-is-self-attention.md#1-overview
G-463	Contextual learning	MA/00-why-maths/MA-002-learning-maths-for-ml/MA-002-learning-maths-for-ml.md	6-habit-5-learn-in-context	MA/00-why-maths/MA-002-learning-maths-for-ml/MA-002-learning-maths-for-ml.md#6-habit-5-learn-in-context
G-464	Contingency table	ML/02-getting-data/ML-020-bivariate-multivariate-analysis/ML-020-bivariate-multivariate-analysis.md		ML/02-getting-data/ML-020-bivariate-multivariate-analysis/ML-020-bivariate-multivariate-analysis.md
G-465	Continuous data	MA/01-descriptive-stats/MA-004-what-is-statistics/MA-004-what-is-statistics.md	62-discrete-and-continuous-data	MA/01-descriptive-stats/MA-004-what-is-statistics/MA-004-what-is-statistics.md#62-discrete-and-continuous-data
G-466	Continuous random variable	MA/03-distributions/MA-020-random-variables-and-distributions/MA-020-random-variables-and-distributions.md	23-discrete-and-continuous-random-variables	MA/03-distributions/MA-020-random-variables-and-distributions/MA-020-random-variables-and-distributions.md#23-discrete-and-continuous-random-variables
G-467	Continuous uniform distribution $U(a, b)$	MA/03-distributions/MA-029-uniform-and-log-normal/MA-029-uniform-and-log-normal.md	2-the-uniform-distribution	MA/03-distributions/MA-029-uniform-and-log-normal/MA-029-uniform-and-log-normal.md#2-the-uniform-distribution
G-468	Contour plot	ML/06-regression/ML-056-gradient-descent/ML-056-gradient-descent.md	6-both-parameters-m-and-b-together	ML/06-regression/ML-056-gradient-descent/ML-056-gradient-descent.md#6-both-parameters-m-and-b-together
G-469	Converge	ML/06-regression/ML-056-gradient-descent/ML-056-gradient-descent.md	5-the-learning-rate	ML/06-regression/ML-056-gradient-descent/ML-056-gradient-descent.md#5-the-learning-rate
G-470	Convergence (k-means)	ML/09-clustering-and-more/ML-122-kmeans-intuition/ML-122-kmeans-intuition.md		ML/09-clustering-and-more/ML-122-kmeans-intuition/ML-122-kmeans-intuition.md
G-472	Convergence (MICE)	ML/04-missing-data-and-outliers/ML-039-iterative-imputer-mice/ML-039-iterative-imputer-mice.md	73-when-to-stop	ML/04-missing-data-and-outliers/ML-039-iterative-imputer-mice/ML-039-iterative-imputer-mice.md#73-when-to-stop
G-471	Convergence speed	DL/02-training/DL-020-gradient-descent-in-neural-networks/DL-020-gradient-descent-in-neural-networks.md		DL/02-training/DL-020-gradient-descent-in-neural-networks/DL-020-gradient-descent-in-neural-networks.md
G-473	ConvergenceWarning	ML/07-classification/ML-080-logistic-hyperparameters/ML-080-logistic-hyperparameters.md	4-training-settings	ML/07-classification/ML-080-logistic-hyperparameters/ML-080-logistic-hyperparameters.md#4-training-settings
G-474	Conversion rate	ML/01-foundations/ML-008-applications-of-ml/ML-008-applications-of-ml.md	32-customer-profiles-for-targeted-marketing	ML/01-foundations/ML-008-applications-of-ml/ML-008-applications-of-ml.md#32-customer-profiles-for-targeted-marketing
G-475	Convex combination	MA/08-likelihood/MA-073-gaussian-mixture-models/MA-073-gaussian-mixture-models.md	62-why-the-weights-must-add-up-to-1	MA/08-likelihood/MA-073-gaussian-mixture-models/MA-073-gaussian-mixture-models.md#62-why-the-weights-must-add-up-to-1
G-476	Convex function	ML/06-regression/ML-056-gradient-descent/ML-056-gradient-descent.md	8-the-shape-of-the-loss-function-matters	ML/06-regression/ML-056-gradient-descent/ML-056-gradient-descent.md#8-the-shape-of-the-loss-function-matters
G-477	Convex hull	DL/06-transformers/DL-076-self-attention-geometric-intuition/DL-076-self-attention-geometric-intuition.md		DL/06-transformers/DL-076-self-attention-geometric-intuition/DL-076-self-attention-geometric-intuition.md
G-478	Convex optimisation problem	MA/07-optimisation/MA-067-convex-sets-and-functions/MA-067-convex-sets-and-functions.md	61-the-definition	MA/07-optimisation/MA-067-convex-sets-and-functions/MA-067-convex-sets-and-functions.md#61-the-definition
G-479	Convex set	MA/07-optimisation/MA-067-convex-sets-and-functions/MA-067-convex-sets-and-functions.md	21-walking-along-the-segment	MA/07-optimisation/MA-067-convex-sets-and-functions/MA-067-convex-sets-and-functions.md#21-walking-along-the-segment
G-480	Convolution layer	DL/04-cnn/DL-040-cnn-intuition/DL-040-cnn-intuition.md	3-what-makes-a-network-a-cnn	DL/04-cnn/DL-040-cnn-intuition/DL-040-cnn-intuition.md#3-what-makes-a-network-a-cnn
G-481	Convolution operation	DL/04-cnn/DL-042-convolution-operation/DL-042-convolution-operation.md	1-overview	DL/04-cnn/DL-042-convolution-operation/DL-042-convolution-operation.md#1-overview
G-482	Convolutional base	DL/04-cnn/DL-053-transfer-learning/DL-053-transfer-learning.md	41-base-and-top	DL/04-cnn/DL-053-transfer-learning/DL-053-transfer-learning.md#41-base-and-top
G-484	Convolutional neural network (CNN)	DL/01-basics/DL-003-nn-types-history-applications/DL-003-nn-types-history-applications.md	22-convolutional-neural-network-cnn	DL/01-basics/DL-003-nn-types-history-applications/DL-003-nn-types-history-applications.md#22-convolutional-neural-network-cnn
G-485	Coordinate descent	ML/06-regression/ML-067-lasso-sparsity/ML-067-lasso-sparsity.md	5-the-dead-zone	ML/06-regression/ML-067-lasso-sparsity/ML-067-lasso-sparsity.md#5-the-dead-zone
G-2241	Coordinates (of a vector)	MA/05-linear-algebra/MA-048-vectors-and-feature-vectors/MA-048-vectors-and-feature-vectors.md	23-coordinates-walking-instructions	MA/05-linear-algebra/MA-048-vectors-and-feature-vectors/MA-048-vectors-and-feature-vectors.md#23-coordinates-walking-instructions
G-486	Core point	ML/09-clustering-and-more/ML-126-dbscan/ML-126-dbscan.md	6-core-border-and-noise-points	ML/09-clustering-and-more/ML-126-dbscan/ML-126-dbscan.md#6-core-border-and-noise-points
G-487	Corrected resampled t-test	MA/04-inference/MA-043-two-sample-and-paired-t-tests/MA-043-two-sample-and-paired-t-tests.md		MA/04-inference/MA-043-two-sample-and-paired-t-tests/MA-043-two-sample-and-paired-t-tests.md
G-490	Correlation	ML/02-getting-data/ML-018-understanding-your-data/ML-018-understanding-your-data.md	91-correlation	ML/02-getting-data/ML-018-understanding-your-data/ML-018-understanding-your-data.md#91-correlation
G-488	Correlation between base models	ML/08-trees-and-ensembles/ML-104-bagging-vs-random-forest/ML-104-bagging-vs-random-forest.md	33-why-more-randomness-helps	ML/08-trees-and-ensembles/ML-104-bagging-vs-random-forest/ML-104-bagging-vs-random-forest.md#33-why-more-randomness-helps
G-489	Correlation test	MA/04-inference/MA-044-choosing-a-hypothesis-test/MA-044-choosing-a-hypothesis-test.md	1-overview	MA/04-inference/MA-044-choosing-a-hypothesis-test/MA-044-choosing-a-hypothesis-test.md#1-overview
G-491	Cosine similarity	MA/05-linear-algebra/MA-050-dot-product-and-cosine-similarity/MA-050-dot-product-and-cosine-similarity.md	61-two-phrases-as-two-arrows	MA/05-linear-algebra/MA-050-dot-product-and-cosine-similarity/MA-050-dot-product-and-cosine-similarity.md#61-two-phrases-as-two-arrows
G-492	Cost function	MA/07-optimisation/MA-065-convex-and-non-convex-cost-functions/MA-065-convex-and-non-convex-cost-functions.md	2-the-cost-function-is-a-function-of-the-parameters	MA/07-optimisation/MA-065-convex-and-non-convex-cost-functions/MA-065-convex-and-non-convex-cost-functions.md#2-the-cost-function-is-a-function-of-the-parameters
G-2222	Cost-complexity pruning	ML/08-trees-and-ensembles/ML-092-decision-tree-hyperparameters/ML-092-decision-tree-hyperparameters.md	52-the-tree-score	ML/08-trees-and-ensembles/ML-092-decision-tree-hyperparameters/ML-092-decision-tree-hyperparameters.md#52-the-tree-score
G-493	Cost-sensitive learning	ML/09-clustering-and-more/ML-127-imbalanced-data/ML-127-imbalanced-data.md	9-cost-sensitive-learning	ML/09-clustering-and-more/ML-127-imbalanced-data/ML-127-imbalanced-data.md#9-cost-sensitive-learning
G-494	Count plot	ML/02-getting-data/ML-019-univariate-analysis/ML-019-univariate-analysis.md	4-count-plot	ML/02-getting-data/ML-019-univariate-analysis/ML-019-univariate-analysis.md#4-count-plot
G-496	Covariance	ML/05-dimensionality/ML-047-pca-step-by-step/ML-047-pca-step-by-step.md		ML/05-dimensionality/ML-047-pca-step-by-step/ML-047-pca-step-by-step.md
G-495	Covariance matrix	ML/05-dimensionality/ML-047-pca-step-by-step/ML-047-pca-step-by-step.md	33-the-covariance-matrix	ML/05-dimensionality/ML-047-pca-step-by-step/ML-047-pca-step-by-step.md#33-the-covariance-matrix
G-497	Covariate shift	DL/02-training/DL-031-batch-normalization/DL-031-batch-normalization.md	32-covariate-shift	DL/02-training/DL-031-batch-normalization/DL-031-batch-normalization.md#32-covariate-shift
G-498	Cover	ML/08-trees-and-ensembles/ML-119-xgboost-classification/ML-119-xgboost-classification.md	11-the-same-in-code	ML/08-trees-and-ensembles/ML-119-xgboost-classification/ML-119-xgboost-classification.md#11-the-same-in-code
G-499	Coverage	MA/04-inference/MA-036-interpreting-confidence-intervals/MA-036-interpreting-confidence-intervals.md	2-what-95-confident-means	MA/04-inference/MA-036-interpreting-confidence-intervals/MA-036-interpreting-confidence-intervals.md#2-what-95-confident-means
G-500	Cramér's V	ML/02-getting-data/ML-021-pandas-profiling/ML-021-pandas-profiling.md		ML/02-getting-data/ML-021-pandas-profiling/ML-021-pandas-profiling.md
G-501	Credible interval	MA/04-inference/MA-036-interpreting-confidence-intervals/MA-036-interpreting-confidence-intervals.md	3-common-misreadings	MA/04-inference/MA-036-interpreting-confidence-intervals/MA-036-interpreting-confidence-intervals.md#3-common-misreadings
G-502	Credit scoring	ML/01-foundations/ML-008-applications-of-ml/ML-008-applications-of-ml.md	41-loan-approval	ML/01-foundations/ML-008-applications-of-ml/ML-008-applications-of-ml.md#41-loan-approval
G-503	criterion	ML/08-trees-and-ensembles/ML-091-decision-trees-intuition/ML-091-decision-trees-intuition.md		ML/08-trees-and-ensembles/ML-091-decision-trees-intuition/ML-091-decision-trees-intuition.md
G-504	Critical value	MA/04-inference/MA-035-confidence-intervals-z-procedure/MA-035-confidence-intervals-z-procedure.md	7-the-z-procedure-formula	MA/04-inference/MA-035-confidence-intervals-z-procedure/MA-035-confidence-intervals-z-procedure.md#7-the-z-procedure-formula
G-505	Cross entropy	ML/07-classification/ML-072-log-loss/ML-072-log-loss.md	43-changing-the-sign	ML/07-classification/ML-072-log-loss/ML-072-log-loss.md#43-changing-the-sign
G-506	Cross product (vector product)	MA/05-linear-algebra/MA-050-dot-product-and-cosine-similarity/MA-050-dot-product-and-cosine-similarity.md	2-products-of-two-vectors	MA/05-linear-algebra/MA-050-dot-product-and-cosine-similarity/MA-050-dot-product-and-cosine-similarity.md#2-products-of-two-vectors
G-507	Cross-attention	DL/06-transformers/DL-077-why-self-attention/DL-077-why-self-attention.md	6-why-it-is-called-self	DL/06-transformers/DL-077-why-self-attention/DL-077-why-self-attention.md#6-why-it-is-called-self
G-508	Cross-correlation	DL/04-cnn/DL-042-convolution-operation/DL-042-convolution-operation.md	64-other-filters-find-other-edges	DL/04-cnn/DL-042-convolution-operation/DL-042-convolution-operation.md#64-other-filters-find-other-edges
G-509	Cross-validated accuracy	ML/07-classification/ML-079-polynomial-logistic-regression/ML-079-polynomial-logistic-regression.md		ML/07-classification/ML-079-polynomial-logistic-regression/ML-079-polynomial-logistic-regression.md
G-510	Cross-validation	ML/03-feature-engineering/ML-028-pipelines/ML-028-pipelines.md	8-cross-validation-with-a-pipeline	ML/03-feature-engineering/ML-028-pipelines/ML-028-pipelines.md#8-cross-validation-with-a-pipeline
G-511	Crosstab	ML/02-getting-data/ML-020-bivariate-multivariate-analysis/ML-020-bivariate-multivariate-analysis.md	71-crosstab-and-heatmap	ML/02-getting-data/ML-020-bivariate-multivariate-analysis/ML-020-bivariate-multivariate-analysis.md#71-crosstab-and-heatmap
G-512	Crowdsourcing	DL/04-cnn/DL-051-pretrained-models/DL-051-pretrained-models.md	43-how-it-was-labelled	DL/04-cnn/DL-051-pretrained-models/DL-051-pretrained-models.md#43-how-it-was-labelled
G-513	CSV file	ML/01-foundations/ML-012-toy-project/ML-012-toy-project.md	3-loading-and-cleaning-the-data	ML/01-foundations/ML-012-toy-project/ML-012-toy-project.md#3-loading-and-cleaning-the-data
G-514	CUDA	DL/01-basics/DL-002-what-is-deep-learning/DL-002-what-is-deep-learning.md	52-hardware	DL/01-basics/DL-002-what-is-deep-learning/DL-002-what-is-deep-learning.md#52-hardware
G-515	Cumulative distribution function (CDF)	MA/03-distributions/MA-020-random-variables-and-distributions/MA-020-random-variables-and-distributions.md	51-pmf-pdf-and-cdf	MA/03-distributions/MA-020-random-variables-and-distributions/MA-020-random-variables-and-distributions.md#51-pmf-pdf-and-cdf
G-516	Cumulative explained variance	ML/05-dimensionality/ML-048-pca-mnist/ML-048-pca-mnist.md	72-the-cumulative-curve-and-the-90-rule	ML/05-dimensionality/ML-048-pca-mnist/ML-048-pca-mnist.md#72-the-cumulative-curve-and-the-90-rule
G-517	Cumulative frequency	MA/01-descriptive-stats/MA-007-frequency-tables-and-graphs/MA-007-frequency-tables-and-graphs.md	23-cumulative-frequency	MA/01-descriptive-stats/MA-007-frequency-tables-and-graphs/MA-007-frequency-tables-and-graphs.md#23-cumulative-frequency
G-518	Cumulative relative frequency	MA/01-descriptive-stats/MA-007-frequency-tables-and-graphs/MA-007-frequency-tables-and-graphs.md	23-cumulative-frequency	MA/01-descriptive-stats/MA-007-frequency-tables-and-graphs/MA-007-frequency-tables-and-graphs.md#23-cumulative-frequency
G-519	Cumulative sum	ML/08-trees-and-ensembles/ML-110-adaboost-step-by-step/ML-110-adaboost-step-by-step.md	9-step-7-upsampling-a-new-dataset-drawn-by-weight	ML/08-trees-and-ensembles/ML-110-adaboost-step-by-step/ML-110-adaboost-step-by-step.md#9-step-7-upsampling-a-new-dataset-drawn-by-weight
G-520	Curse of dimensionality	ML/05-dimensionality/ML-045-curse-of-dimensionality/ML-045-curse-of-dimensionality.md	2-what-the-curse-of-dimensionality-is	ML/05-dimensionality/ML-045-curse-of-dimensionality/ML-045-curse-of-dimensionality.md#2-what-the-curse-of-dimensionality-is
G-521	Curvature	MA/06-calculus/MA-064-hessian-and-multivariate-taylor/MA-064-hessian-and-multivariate-taylor.md	5-the-hessian	MA/06-calculus/MA-064-hessian-and-multivariate-taylor/MA-064-hessian-and-multivariate-taylor.md#5-the-hessian
G-522	Custom binning	ML/03-feature-engineering/ML-031-binning-binarization/ML-031-binning-binarization.md	4-kinds-of-discretization	ML/03-feature-engineering/ML-031-binning-binarization/ML-031-binning-binarization.md#4-kinds-of-discretization
G-523	Custom loss function	ML/09-clustering-and-more/ML-127-imbalanced-data/ML-127-imbalanced-data.md	92-a-custom-loss-function	ML/09-clustering-and-more/ML-127-imbalanced-data/ML-127-imbalanced-data.md#92-a-custom-loss-function
G-524	Customer profile	ML/01-foundations/ML-008-applications-of-ml/ML-008-applications-of-ml.md	32-customer-profiles-for-targeted-marketing	ML/01-foundations/ML-008-applications-of-ml/ML-008-applications-of-ml.md#32-customer-profiles-for-targeted-marketing
G-525	Customer segmentation	ML/01-foundations/ML-008-applications-of-ml/ML-008-applications-of-ml.md	32-customer-profiles-for-targeted-marketing	ML/01-foundations/ML-008-applications-of-ml/ML-008-applications-of-ml.md#32-customer-profiles-for-targeted-marketing
G-526	Cut-offs	ML/04-missing-data-and-outliers/ML-043-outliers-percentile/ML-043-outliers-percentile.md	22-from-percentiles-to-limits	ML/04-missing-data-and-outliers/ML-043-outliers-percentile/ML-043-outliers-percentile.md#22-from-percentiles-to-limits
G-527	Cutting the dendrogram	ML/09-clustering-and-more/ML-125-hierarchical-clustering/ML-125-hierarchical-clustering.md		ML/09-clustering-and-more/ML-125-hierarchical-clustering/ML-125-hierarchical-clustering.md
G-528	Damping	DL/03-optimizers/DL-035-nesterov-accelerated-gradient/DL-035-nesterov-accelerated-gradient.md		DL/03-optimizers/DL-035-nesterov-accelerated-gradient/DL-035-nesterov-accelerated-gradient.md
G-529	Dash	ML/07-classification/ML-080-logistic-hyperparameters/ML-080-logistic-hyperparameters.md		ML/07-classification/ML-080-logistic-hyperparameters/ML-080-logistic-hyperparameters.md
G-542	Data	ML/01-foundations/ML-001-what-is-ml/ML-001-what-is-ml.md		ML/01-foundations/ML-001-what-is-ml/ML-001-what-is-ml.md
G-530	Data analysis	ML/01-foundations/ML-001-what-is-ml/ML-001-what-is-ml.md	43-data-mining-finding-hidden-patterns	ML/01-foundations/ML-001-what-is-ml/ML-001-what-is-ml.md#43-data-mining-finding-hidden-patterns
G-531	Data augmentation	MA/03-distributions/MA-029-uniform-and-log-normal/MA-029-uniform-and-log-normal.md	23-where-the-continuous-uniform-appears	MA/03-distributions/MA-029-uniform-and-log-normal/MA-029-uniform-and-log-normal.md#23-where-the-continuous-uniform-appears
G-532	Data cleaning	ML/01-foundations/ML-007-challenges-in-ml/ML-007-challenges-in-ml.md	5-poor-quality-data	ML/01-foundations/ML-007-challenges-in-ml/ML-007-challenges-in-ml.md#5-poor-quality-data
G-533	Data engineer	ML/01-foundations/ML-013-framing-ml-problem/ML-013-framing-ml-problem.md	7-step-4-getting-data	ML/01-foundations/ML-013-framing-ml-problem/ML-013-framing-ml-problem.md#7-step-4-getting-data
G-534	Data hungry	DL/01-basics/DL-002-what-is-deep-learning/DL-002-what-is-deep-learning.md	41-data	DL/01-basics/DL-002-what-is-deep-learning/DL-002-what-is-deep-learning.md#41-data
G-535	Data leakage	ML/01-foundations/ML-012-toy-project/ML-012-toy-project.md	7-scaling-the-inputs	ML/01-foundations/ML-012-toy-project/ML-012-toy-project.md#7-scaling-the-inputs
G-536	Data matrix	MA/05-linear-algebra/MA-053-linear-transformations-and-matrices/MA-053-linear-transformations-and-matrices.md	71-one-matrix-for-the-whole-dataset	MA/05-linear-algebra/MA-053-linear-transformations-and-matrices/MA-053-linear-transformations-and-matrices.md#71-one-matrix-for-the-whole-dataset
G-537	Data mining	ML/01-foundations/ML-001-what-is-ml/ML-001-what-is-ml.md	43-data-mining-finding-hidden-patterns	ML/01-foundations/ML-001-what-is-ml/ML-001-what-is-ml.md#43-data-mining-finding-hidden-patterns
G-538	Data pipeline	ML/02-getting-data/ML-016-fetching-data-from-api/ML-016-fetching-data-from-api.md		ML/02-getting-data/ML-016-fetching-data-from-api/ML-016-fetching-data-from-api.md
G-539	Data preprocessing (preprocessing)	ML/01-foundations/ML-009-mldlc/ML-009-mldlc.md	51-why-raw-data-cannot-go-straight-into-a-model	ML/01-foundations/ML-009-mldlc/ML-009-mldlc.md#51-why-raw-data-cannot-go-straight-into-a-model
G-540	Data type (dtype)	ML/02-getting-data/ML-018-understanding-your-data/ML-018-understanding-your-data.md	5-what-type-is-each-column	ML/02-getting-data/ML-018-understanding-your-data/ML-018-understanding-your-data.md#5-what-type-is-each-column
G-541	Data warehouse	ML/01-foundations/ML-009-mldlc/ML-009-mldlc.md	42-where-data-comes-from	ML/01-foundations/ML-009-mldlc/ML-009-mldlc.md#42-where-data-comes-from
G-544	Database	ML/02-getting-data/ML-015-working-with-json-and-sql/ML-015-working-with-json-and-sql.md	3-what-sql-is	ML/02-getting-data/ML-015-working-with-json-and-sql/ML-015-working-with-json-and-sql.md#3-what-sql-is
G-543	Database server	ML/02-getting-data/ML-015-working-with-json-and-sql/ML-015-working-with-json-and-sql.md	6-getting-an-sql-database-ready	ML/02-getting-data/ML-015-working-with-json-and-sql/ML-015-working-with-json-and-sql.md#6-getting-an-sql-database-ready
G-545	Datetime	ML/03-feature-engineering/ML-033-date-and-time/ML-033-date-and-time.md	4-converting-text-to-a-datetime-type	ML/03-feature-engineering/ML-033-date-and-time/ML-033-date-and-time.md#4-converting-text-to-a-datetime-type
G-546	datetime64	ML/03-feature-engineering/ML-033-date-and-time/ML-033-date-and-time.md		ML/03-feature-engineering/ML-033-date-and-time/ML-033-date-and-time.md
G-547	Day of week	ML/03-feature-engineering/ML-033-date-and-time/ML-033-date-and-time.md		ML/03-feature-engineering/ML-033-date-and-time/ML-033-date-and-time.md
G-548	DBSCAN	ML/09-clustering-and-more/ML-126-dbscan/ML-126-dbscan.md	1-overview	ML/09-clustering-and-more/ML-126-dbscan/ML-126-dbscan.md#1-overview
G-549	ddof	MA/01-descriptive-stats/MA-006-measures-of-dispersion/MA-006-measures-of-dispersion.md	63-how-much-too-small	MA/01-descriptive-stats/MA-006-measures-of-dispersion/MA-006-measures-of-dispersion.md#63-how-much-too-small
G-550	De Morgan's law	MA/02-probability/MA-013-venn-diagrams-and-contingency-tables/MA-013-venn-diagrams-and-contingency-tables.md	23-two-events-and-their-four-regions	MA/02-probability/MA-013-venn-diagrams-and-contingency-tables/MA-013-venn-diagrams-and-contingency-tables.md#23-two-events-and-their-four-regions
G-551	Dead neuron	DL/02-training/DL-028-relu-variants/DL-028-relu-variants.md	3-the-dying-relu-problem	DL/02-training/DL-028-relu-variants/DL-028-relu-variants.md#3-the-dying-relu-problem
G-552	Dead zone	ML/06-regression/ML-067-lasso-sparsity/ML-067-lasso-sparsity.md	5-the-dead-zone	ML/06-regression/ML-067-lasso-sparsity/ML-067-lasso-sparsity.md#5-the-dead-zone
G-553	Decay factor $\beta$	DL/03-optimizers/DL-034-sgd-with-momentum/DL-034-sgd-with-momentum.md		DL/03-optimizers/DL-034-sgd-with-momentum/DL-034-sgd-with-momentum.md
G-554	Deciles	MA/01-descriptive-stats/MA-008-percentiles-and-box-plots/MA-008-percentiles-and-box-plots.md	2-quantiles	MA/01-descriptive-stats/MA-008-percentiles-and-box-plots/MA-008-percentiles-and-box-plots.md#2-quantiles
G-555	Decision boundary	ML/01-foundations/ML-006-instance-vs-model-based/ML-006-instance-vs-model-based.md	41-learning-a-decision-boundary	ML/01-foundations/ML-006-instance-vs-model-based/ML-006-instance-vs-model-based.md#41-learning-a-decision-boundary
G-556	Decision node	ML/08-trees-and-ensembles/ML-091-decision-trees-intuition/ML-091-decision-trees-intuition.md	4-terminology	ML/08-trees-and-ensembles/ML-091-decision-trees-intuition/ML-091-decision-trees-intuition.md#4-terminology
G-557	Decision region	ML/07-classification/ML-078-softmax-regression/ML-078-softmax-regression.md	5-in-scikit-learn	ML/07-classification/ML-078-softmax-regression/ML-078-softmax-regression.md#5-in-scikit-learn
G-558	Decision rule (SVM)	ML/07-classification/ML-087-svm-maths/ML-087-svm-maths.md	22-projecting-a-new-point-onto-w	ML/07-classification/ML-087-svm-maths/ML-087-svm-maths.md#22-projecting-a-new-point-onto-w
G-559	Decision stump	ML/08-trees-and-ensembles/ML-109-adaboost-intuition/ML-109-adaboost-intuition.md	22-decision-stumps	ML/08-trees-and-ensembles/ML-109-adaboost-intuition/ML-109-adaboost-intuition.md#22-decision-stumps
G-560	Decision surface	ML/07-classification/ML-085-knn/ML-085-knn.md	51-what-it-shows	ML/07-classification/ML-085-knn/ML-085-knn.md#51-what-it-shows
G-561	Decision tree	ML/08-trees-and-ensembles/ML-091-decision-trees-intuition/ML-091-decision-trees-intuition.md	1-overview	ML/08-trees-and-ensembles/ML-091-decision-trees-intuition/ML-091-decision-trees-intuition.md#1-overview
G-562	DecisionTreeRegressor	ML/08-trees-and-ensembles/ML-093-regression-trees/ML-093-regression-trees.md	71-the-data-and-a-first-tree	ML/08-trees-and-ensembles/ML-093-regression-trees/ML-093-regression-trees.md#71-the-data-and-a-first-tree
G-564	Decoder	DL/06-transformers/DL-067-history-of-llms/DL-067-history-of-llms.md	4-stage-1-the-encoderdecoder-2014	DL/06-transformers/DL-067-history-of-llms/DL-067-history-of-llms.md#4-stage-1-the-encoderdecoder-2014
G-563	Decoder block	DL/06-transformers/DL-084-transformer-decoder/DL-084-transformer-decoder.md	1-overview	DL/06-transformers/DL-084-transformer-decoder/DL-084-transformer-decoder.md#1-overview
G-565	Decoder-only transformer	DL/06-transformers/DL-087-decoder-only-gpt/DL-087-decoder-only-gpt.md	1-overview	DL/06-transformers/DL-087-decoder-only-gpt/DL-087-decoder-only-gpt.md#1-overview
G-566	Decoding notation	MA/00-why-maths/MA-002-learning-maths-for-ml/MA-002-learning-maths-for-ml.md	3-habit-2-decode-the-notation	MA/00-why-maths/MA-002-learning-maths-for-ml/MA-002-learning-maths-for-ml.md#3-habit-2-decode-the-notation
G-567	Deep belief network	DL/01-basics/DL-003-nn-types-history-applications/DL-003-nn-types-history-applications.md	35-deep-belief-networks-and-the-name-deep-learning	DL/01-basics/DL-003-nn-types-history-applications/DL-003-nn-types-history-applications.md#35-deep-belief-networks-and-the-name-deep-learning
G-568	Deep Learning (DL)	ML/01-foundations/ML-002-ai-vs-ml-vs-dl/ML-002-ai-vs-ml-vs-dl.md	5-deep-learning	ML/01-foundations/ML-002-ai-vs-ml-vs-dl/ML-002-ai-vs-ml-vs-dl.md#5-deep-learning
G-569	Deep LSTM, deep GRU	DL/05-rnn/DL-065-deep-rnns/DL-065-deep-rnns.md	10-deep-lstms-and-deep-grus	DL/05-rnn/DL-065-deep-rnns/DL-065-deep-rnns.md#10-deep-lstms-and-deep-grus
G-570	Deep network (deep neural network)	DL/01-basics/DL-002-what-is-deep-learning/DL-002-what-is-deep-learning.md		DL/01-basics/DL-002-what-is-deep-learning/DL-002-what-is-deep-learning.md
G-572	Deep reinforcement learning	DL/01-basics/DL-003-nn-types-history-applications/DL-003-nn-types-history-applications.md	41-mainstream-applications	DL/01-basics/DL-003-nn-types-history-applications/DL-003-nn-types-history-applications.md#41-mainstream-applications
G-573	Deep RNN (stacked RNN)	DL/05-rnn/DL-065-deep-rnns/DL-065-deep-rnns.md	1-overview	DL/05-rnn/DL-065-deep-rnns/DL-065-deep-rnns.md#1-overview
G-574	Default direction	ML/08-trees-and-ensembles/ML-117-xgboost-intro/ML-117-xgboost-intro.md	82-sparsity-aware-split-finding	ML/08-trees-and-ensembles/ML-117-xgboost-intro/ML-117-xgboost-intro.md#82-sparsity-aware-split-finding
G-575	Define-by-run	ML/09-clustering-and-more/ML-128-optuna/ML-128-optuna.md	82-a-dynamic-search-space	ML/09-clustering-and-more/ML-128-optuna/ML-128-optuna.md#82-a-dynamic-search-space
G-576	Degradation problem	DL/06-transformers/DL-081-transformer-encoder/DL-081-transformer-encoder.md	71-why-residual-connections	DL/06-transformers/DL-081-transformer-encoder/DL-081-transformer-encoder.md#71-why-residual-connections
G-577	Degree	ML/06-regression/ML-060-polynomial-regression/ML-060-polynomial-regression.md	1-overview	ML/06-regression/ML-060-polynomial-regression/ML-060-polynomial-regression.md#1-overview
G-578	Degrees of freedom	MA/04-inference/MA-037-t-procedure/MA-037-t-procedure.md	51-degrees-of-freedom	MA/04-inference/MA-037-t-procedure/MA-037-t-procedure.md#51-degrees-of-freedom
G-579	Delivery routing	ML/01-foundations/ML-008-applications-of-ml/ML-008-applications-of-ml.md		ML/01-foundations/ML-008-applications-of-ml/ML-008-applications-of-ml.md
G-580	Demand forecasting	ML/01-foundations/ML-008-applications-of-ml/ML-008-applications-of-ml.md	31-stocking-up-before-a-sale	ML/01-foundations/ML-008-applications-of-ml/ML-008-applications-of-ml.md#31-stocking-up-before-a-sale
G-581	Dendrites, nucleus, axon	DL/01-basics/DL-004-perceptron/DL-004-perceptron.md		DL/01-basics/DL-004-perceptron/DL-004-perceptron.md
G-582	Dendrogram	ML/02-getting-data/ML-020-bivariate-multivariate-analysis/ML-020-bivariate-multivariate-analysis.md	8-clustermap-grouping-similar-categories	ML/02-getting-data/ML-020-bivariate-multivariate-analysis/ML-020-bivariate-multivariate-analysis.md#8-clustermap-grouping-similar-categories
G-583	Dense (fully connected) layer	DL/01-basics/DL-011-customer-churn-ann/DL-011-customer-churn-ann.md	41-the-first-architecture	DL/01-basics/DL-011-customer-churn-ann/DL-011-customer-churn-ann.md#41-the-first-architecture
G-584	Dense region, sparse region	ML/09-clustering-and-more/ML-126-dbscan/ML-126-dbscan.md	4-density-based-clustering	ML/09-clustering-and-more/ML-126-dbscan/ML-126-dbscan.md#4-density-based-clustering
G-585	Dense representation	DL/05-rnn/DL-057-rnn-sentiment-analysis/DL-057-rnn-sentiment-analysis.md	61-sparse-and-dense-representations	DL/05-rnn/DL-057-rnn-sentiment-analysis/DL-057-rnn-sentiment-analysis.md#61-sparse-and-dense-representations
G-586	Density estimation	MA/03-distributions/MA-023-density-estimation-kde/MA-023-density-estimation-kde.md	2-what-density-estimation-is	MA/03-distributions/MA-023-density-estimation-kde/MA-023-density-estimation-kde.md#2-what-density-estimation-is
G-587	Density plot	ML/02-getting-data/ML-019-univariate-analysis/ML-019-univariate-analysis.md	7-density-plot	ML/02-getting-data/ML-019-univariate-analysis/ML-019-univariate-analysis.md#7-density-plot
G-588	Density-based clustering	ML/09-clustering-and-more/ML-126-dbscan/ML-126-dbscan.md	4-density-based-clustering	ML/09-clustering-and-more/ML-126-dbscan/ML-126-dbscan.md#4-density-based-clustering
G-589	Density-connected	ML/09-clustering-and-more/ML-126-dbscan/ML-126-dbscan.md	7-density-connected-points	ML/09-clustering-and-more/ML-126-dbscan/ML-126-dbscan.md#7-density-connected-points
G-590	Dependent events	MA/02-probability/MA-016-independent-events/MA-016-independent-events.md	5-independent-or-not	MA/02-probability/MA-016-independent-events/MA-016-independent-events.md#5-independent-or-not
G-591	Dependent variable	ML/01-foundations/ML-012-toy-project/ML-012-toy-project.md	5-inputs-and-output	ML/01-foundations/ML-012-toy-project/ML-012-toy-project.md#5-inputs-and-output
G-592	Deployment (deploy, model deployment)	ML/01-foundations/ML-004-batch-learning/ML-004-batch-learning.md	2-development-and-production	ML/01-foundations/ML-004-batch-learning/ML-004-batch-learning.md#2-development-and-production
G-594	Depth	ML/08-trees-and-ensembles/ML-092-decision-tree-hyperparameters/ML-092-decision-tree-hyperparameters.md	2-overfitting-and-underfitting-in-a-tree	ML/08-trees-and-ensembles/ML-092-decision-tree-hyperparameters/ML-092-decision-tree-hyperparameters.md#2-overfitting-and-underfitting-in-a-tree
G-595	Derivative	ML/06-regression/ML-050-linear-regression-maths/ML-050-linear-regression-maths.md	41-the-shape-of-e	ML/06-regression/ML-050-linear-regression-maths/ML-050-linear-regression-maths.md#41-the-shape-of-e
G-596	Descriptive statistics	ML/02-getting-data/ML-018-understanding-your-data/ML-018-understanding-your-data.md		ML/02-getting-data/ML-018-understanding-your-data/ML-018-understanding-your-data.md
G-597	Design matrix ($X$)	ML/06-regression/ML-053-multiple-lr-maths/ML-053-multiple-lr-maths.md	22-stacking-the-equations	ML/06-regression/ML-053-multiple-lr-maths/ML-053-multiple-lr-maths.md#22-stacking-the-equations
G-598	Determinant	MA/05-linear-algebra/MA-056-eigenvectors-and-eigenvalues/MA-056-eigenvectors-and-eigenvalues.md	32-when-can-a-matrix-send-a-non-zero-vector-to-zero	MA/05-linear-algebra/MA-056-eigenvectors-and-eigenvalues/MA-056-eigenvectors-and-eigenvalues.md#32-when-can-a-matrix-send-a-non-zero-vector-to-zero
G-599	Development environment	ML/01-foundations/ML-004-batch-learning/ML-004-batch-learning.md	2-development-and-production	ML/01-foundations/ML-004-batch-learning/ML-004-batch-learning.md#2-development-and-production
G-600	Diabetes dataset	ML/06-regression/ML-054-multiple-lr-code/ML-054-multiple-lr-code.md	2-the-data	ML/06-regression/ML-054-multiple-lr-code/ML-054-multiple-lr-code.md#2-the-data
G-601	Diagonal matrix	MA/05-linear-algebra/MA-053-linear-transformations-and-matrices/MA-053-linear-transformations-and-matrices.md	72-feature-scaling-is-a-stretch-along-the-axes	MA/05-linear-algebra/MA-053-linear-transformations-and-matrices/MA-053-linear-transformations-and-matrices.md#72-feature-scaling-is-a-stretch-along-the-axes
G-602	Diagonalisation	MA/05-linear-algebra/MA-056-eigenvectors-and-eigenvalues/MA-056-eigenvectors-and-eigenvalues.md	62-changing-to-an-eigenbasis	MA/05-linear-algebra/MA-056-eigenvectors-and-eigenvalues/MA-056-eigenvectors-and-eigenvalues.md#62-changing-to-an-eigenbasis
G-603	Dictionary (Python)	DL/01-basics/DL-019-mlp-memoization/DL-019-mlp-memoization.md	33-the-memoized-version	DL/01-basics/DL-019-mlp-memoization/DL-019-mlp-memoization.md#33-the-memoized-version
G-604	Difference quotient	MA/06-calculus/MA-061-derivatives-of-one-variable/MA-061-derivatives-of-one-variable.md	3-the-difference-quotient-slope-of-a-secant-line	MA/06-calculus/MA-061-derivatives-of-one-variable/MA-061-derivatives-of-one-variable.md#3-the-difference-quotient-slope-of-a-secant-line
G-606	Differentiable	MA/06-calculus/MA-061-derivatives-of-one-variable/MA-061-derivatives-of-one-variable.md	41-from-secant-to-tangent	MA/06-calculus/MA-061-derivatives-of-one-variable/MA-061-derivatives-of-one-variable.md#41-from-secant-to-tangent
G-605	Differentiable loss	ML/08-trees-and-ensembles/ML-115-gradient-boosting-regression-maths/ML-115-gradient-boosting-regression-maths.md	42-the-loss-function	ML/08-trees-and-ensembles/ML-115-gradient-boosting-regression-maths/ML-115-gradient-boosting-regression-maths.md#42-the-loss-function
G-607	Differential entropy	ML/08-trees-and-ensembles/ML-091-decision-trees-intuition/ML-091-decision-trees-intuition.md	66-entropy-of-a-numerical-feature	ML/08-trees-and-ensembles/ML-091-decision-trees-intuition/ML-091-decision-trees-intuition.md#66-entropy-of-a-numerical-feature
G-608	Differentiation	MA/03-distributions/MA-022-pdf-and-continuous-cdf/MA-022-pdf-and-continuous-cdf.md	8-how-the-pdf-and-cdf-are-linked	MA/03-distributions/MA-022-pdf-and-continuous-cdf/MA-022-pdf-and-continuous-cdf.md#8-how-the-pdf-and-cdf-are-linked
G-610	Dimension	ML/01-foundations/ML-003-types-of-ml/ML-003-types-of-ml.md	33-dimensionality-reduction	ML/01-foundations/ML-003-types-of-ml/ML-003-types-of-ml.md#33-dimensionality-reduction
G-609	Dimension of a vector	MA/05-linear-algebra/MA-048-vectors-and-feature-vectors/MA-048-vectors-and-feature-vectors.md		MA/05-linear-algebra/MA-048-vectors-and-feature-vectors/MA-048-vectors-and-feature-vectors.md
G-612	Dimensionality	ML/03-feature-engineering/ML-026-one-hot-encoding/ML-026-one-hot-encoding.md	23-more-categories-more-columns	ML/03-feature-engineering/ML-026-one-hot-encoding/ML-026-one-hot-encoding.md#23-more-categories-more-columns
G-611	Dimensionality reduction	ML/01-foundations/ML-003-types-of-ml/ML-003-types-of-ml.md	33-dimensionality-reduction	ML/01-foundations/ML-003-types-of-ml/ML-003-types-of-ml.md#33-dimensionality-reduction
G-613	Direction	DL/06-transformers/DL-072-meaning-as-direction/DL-072-meaning-as-direction.md	1-overview	DL/06-transformers/DL-072-meaning-as-direction/DL-072-meaning-as-direction.md#1-overview
G-614	Directional derivative	MA/06-calculus/MA-062-partial-derivatives-and-gradients/MA-062-partial-derivatives-and-gradients.md	43-the-slope-in-any-direction	MA/06-calculus/MA-062-partial-derivatives-and-gradients/MA-062-partial-derivatives-and-gradients.md#43-the-slope-in-any-direction
G-615	Dirty data	ML/01-foundations/ML-009-mldlc/ML-009-mldlc.md	51-why-raw-data-cannot-go-straight-into-a-model	ML/01-foundations/ML-009-mldlc/ML-009-mldlc.md#51-why-raw-data-cannot-go-straight-into-a-model
G-616	Discrete data	MA/01-descriptive-stats/MA-004-what-is-statistics/MA-004-what-is-statistics.md	62-discrete-and-continuous-data	MA/01-descriptive-stats/MA-004-what-is-statistics/MA-004-what-is-statistics.md#62-discrete-and-continuous-data
G-617	Discrete random variable	MA/03-distributions/MA-020-random-variables-and-distributions/MA-020-random-variables-and-distributions.md	23-discrete-and-continuous-random-variables	MA/03-distributions/MA-020-random-variables-and-distributions/MA-020-random-variables-and-distributions.md#23-discrete-and-continuous-random-variables
G-618	Discrete uniform distribution	MA/03-distributions/MA-021-pmf-and-discrete-cdf/MA-021-pmf-and-discrete-cdf.md	4-the-pmf-of-one-die	MA/03-distributions/MA-021-pmf-and-discrete-cdf/MA-021-pmf-and-discrete-cdf.md#4-the-pmf-of-one-die
G-619	Discretization	ML/03-feature-engineering/ML-031-binning-binarization/ML-031-binning-binarization.md	1-overview	ML/03-feature-engineering/ML-031-binning-binarization/ML-031-binning-binarization.md#1-overview
G-620	Discriminator	DL/01-basics/DL-003-nn-types-history-applications/DL-003-nn-types-history-applications.md	25-generative-adversarial-network-gan	DL/01-basics/DL-003-nn-types-history-applications/DL-003-nn-types-history-applications.md#25-generative-adversarial-network-gan
G-623	Distance	ML/01-foundations/ML-006-instance-vs-model-based/ML-006-instance-vs-model-based.md	31-how-it-works	ML/01-foundations/ML-006-instance-vs-model-based/ML-006-instance-vs-model-based.md#31-how-it-works
G-621	Distance weight (nan-Euclidean)	ML/04-missing-data-and-outliers/ML-038-knn-imputer/ML-038-knn-imputer.md	43-the-nan-euclidean-distance	ML/04-missing-data-and-outliers/ML-038-knn-imputer/ML-038-knn-imputer.md#43-the-nan-euclidean-distance
G-622	Distance weighting	ML/04-missing-data-and-outliers/ML-038-knn-imputer/ML-038-knn-imputer.md		ML/04-missing-data-and-outliers/ML-038-knn-imputer/ML-038-knn-imputer.md
G-624	distance_threshold	ML/09-clustering-and-more/ML-125-hierarchical-clustering/ML-125-hierarchical-clustering.md		ML/09-clustering-and-more/ML-125-hierarchical-clustering/ML-125-hierarchical-clustering.md
G-625	Distributed computing	ML/08-trees-and-ensembles/ML-117-xgboost-intro/ML-117-xgboost-intro.md	76-distributed-computing	ML/08-trees-and-ensembles/ML-117-xgboost-intro/ML-117-xgboost-intro.md#76-distributed-computing
G-626	Distribution	ML/02-getting-data/ML-019-univariate-analysis/ML-019-univariate-analysis.md	6-histogram	ML/02-getting-data/ML-019-univariate-analysis/ML-019-univariate-analysis.md#6-histogram
G-627	Distributive law	MA/05-linear-algebra/MA-050-dot-product-and-cosine-similarity/MA-050-dot-product-and-cosine-similarity.md	32-two-laws	MA/05-linear-algebra/MA-050-dot-product-and-cosine-similarity/MA-050-dot-product-and-cosine-similarity.md#32-two-laws
G-628	Diverge (divergence)	ML/06-regression/ML-056-gradient-descent/ML-056-gradient-descent.md	5-the-learning-rate	ML/06-regression/ML-056-gradient-descent/ML-056-gradient-descent.md#5-the-learning-rate
G-630	Divisive clustering	ML/09-clustering-and-more/ML-125-hierarchical-clustering/ML-125-hierarchical-clustering.md	4-two-kinds-of-hierarchical-clustering	ML/09-clustering-and-more/ML-125-hierarchical-clustering/ML-125-hierarchical-clustering.md#4-two-kinds-of-hierarchical-clustering
G-632	Domain	MA/06-calculus/MA-061-derivatives-of-one-variable/MA-061-derivatives-of-one-variable.md	2-functions-one-number-in-one-number-out	MA/06-calculus/MA-061-derivatives-of-one-variable/MA-061-derivatives-of-one-variable.md#2-functions-one-number-in-one-number-out
G-631	Domain knowledge	ML/03-feature-engineering/ML-022-what-is-feature-engineering/ML-022-what-is-feature-engineering.md	2-what-feature-engineering-is	ML/03-feature-engineering/ML-022-what-is-feature-engineering/ML-022-what-is-feature-engineering.md#2-what-feature-engineering-is
G-633	Donor	ML/04-missing-data-and-outliers/ML-038-knn-imputer/ML-038-knn-imputer.md	5-filling-the-gap-step-by-step	ML/04-missing-data-and-outliers/ML-038-knn-imputer/ML-038-knn-imputer.md#5-filling-the-gap-step-by-step
G-2230	Dot plot	MA/01-descriptive-stats/MA-007-frequency-tables-and-graphs/MA-007-frequency-tables-and-graphs.md	24-a-discrete-feature-the-dot-plot	MA/01-descriptive-stats/MA-007-frequency-tables-and-graphs/MA-007-frequency-tables-and-graphs.md#24-a-discrete-feature-the-dot-plot
G-634	Dot product	ML/05-dimensionality/ML-047-pca-step-by-step/ML-047-pca-step-by-step.md	21-projecting-one-point	ML/05-dimensionality/ML-047-pca-step-by-step/ML-047-pca-step-by-step.md#21-projecting-one-point
G-635	Dot score	DL/06-transformers/DL-070-bahdanau-vs-luong-attention/DL-070-bahdanau-vs-luong-attention.md		DL/06-transformers/DL-070-bahdanau-vs-luong-attention/DL-070-bahdanau-vs-luong-attention.md
G-636	Downsampling	DL/04-cnn/DL-044-pooling/DL-044-pooling.md	41-where-pooling-sits	DL/04-cnn/DL-044-pooling/DL-044-pooling.md#41-where-pooling-sits
G-637	dropna	ML/04-missing-data-and-outliers/ML-034-complete-case-analysis/ML-034-complete-case-analysis.md	4-complete-case-analysis	ML/04-missing-data-and-outliers/ML-034-complete-case-analysis/ML-034-complete-case-analysis.md#4-complete-case-analysis
G-639	Dropout	DL/02-training/DL-024-dropout/DL-024-dropout.md	1-overview	DL/02-training/DL-024-dropout/DL-024-dropout.md#1-overview
G-638	Dropout rate ($p$)	DL/02-training/DL-024-dropout/DL-024-dropout.md	42-the-dropout-rate	DL/02-training/DL-024-dropout/DL-024-dropout.md#42-the-dropout-rate
G-640	dtreeviz	ML/08-trees-and-ensembles/ML-094-dtreeviz/ML-094-dtreeviz.md	1-overview	ML/08-trees-and-ensembles/ML-094-dtreeviz/ML-094-dtreeviz.md#1-overview
G-642	Dual problem	MA/07-optimisation/MA-066-lagrange-multipliers/MA-066-lagrange-multipliers.md	61-the-dual-function-and-the-dual-problem	MA/07-optimisation/MA-066-lagrange-multipliers/MA-066-lagrange-multipliers.md#61-the-dual-function-and-the-dual-problem
G-643	Dual vector	MA/05-linear-algebra/MA-055-dot-product-and-duality/MA-055-dot-product-and-duality.md		MA/05-linear-algebra/MA-055-dot-product-and-duality/MA-055-dot-product-and-duality.md
G-644	Duality	MA/05-linear-algebra/MA-055-dot-product-and-duality/MA-055-dot-product-and-duality.md	6-duality	MA/05-linear-algebra/MA-055-dot-product-and-duality/MA-055-dot-product-and-duality.md#6-duality
G-645	Dummy copy $W^{(t)}$	DL/05-rnn/DL-059-backpropagation-through-time/DL-059-backpropagation-through-time.md		DL/05-rnn/DL-059-backpropagation-through-time/DL-059-backpropagation-through-time.md
G-647	Dummy variable	ML/03-feature-engineering/ML-026-one-hot-encoding/ML-026-one-hot-encoding.md		ML/03-feature-engineering/ML-026-one-hot-encoding/ML-026-one-hot-encoding.md
G-646	Dummy variable trap	ML/03-feature-engineering/ML-026-one-hot-encoding/ML-026-one-hot-encoding.md	32-multicollinearity-inputs-must-not-depend-on-each-other	ML/03-feature-engineering/ML-026-one-hot-encoding/ML-026-one-hot-encoding.md#32-multicollinearity-inputs-must-not-depend-on-each-other
G-648	Duplicate row	ML/02-getting-data/ML-018-understanding-your-data/ML-018-understanding-your-data.md	8-are-there-duplicate-rows	ML/02-getting-data/ML-018-understanding-your-data/ML-018-understanding-your-data.md#8-are-there-duplicate-rows
G-649	Durbin-Watson statistic	ML/06-regression/ML-055-linear-regression-assumptions/ML-055-linear-regression-assumptions.md	7-assumption-5-no-autocorrelation-of-the-residuals	ML/06-regression/ML-055-linear-regression-assumptions/ML-055-linear-regression-assumptions.md#7-assumption-5-no-autocorrelation-of-the-residuals
G-650	Dying ReLU problem	DL/02-training/DL-028-relu-variants/DL-028-relu-variants.md	1-overview	DL/02-training/DL-028-relu-variants/DL-028-relu-variants.md#1-overview
G-652	Dynamic programming	DL/01-basics/DL-019-mlp-memoization/DL-019-mlp-memoization.md	33-the-memoized-version	DL/01-basics/DL-019-mlp-memoization/DL-019-mlp-memoization.md#33-the-memoized-version
G-653	Dynamic search space	ML/09-clustering-and-more/ML-128-optuna/ML-128-optuna.md	82-a-dynamic-search-space	ML/09-clustering-and-more/ML-128-optuna/ML-128-optuna.md#82-a-dynamic-search-space
G-654	E-step	MA/08-likelihood/MA-074-expectation-maximization/MA-074-expectation-maximization.md	31-the-two-steps	MA/08-likelihood/MA-074-expectation-maximization/MA-074-expectation-maximization.md#31-the-two-steps
G-655	Eager learning	ML/01-foundations/ML-006-instance-vs-model-based/ML-006-instance-vs-model-based.md	43-examples	ML/01-foundations/ML-006-instance-vs-model-based/ML-006-instance-vs-model-based.md#43-examples
G-656	Early stopping	ML/06-regression/ML-057-batch-gradient-descent/ML-057-batch-gradient-descent.md	5-early-stopping	ML/06-regression/ML-057-batch-gradient-descent/ML-057-batch-gradient-descent.md#5-early-stopping
G-657	Eckart–Young theorem	MA/05-linear-algebra/MA-059-low-rank-approximation/MA-059-low-rank-approximation.md	42-the-eckartyoung-theorem	MA/05-linear-algebra/MA-059-low-rank-approximation/MA-059-low-rank-approximation.md#42-the-eckartyoung-theorem
G-658	Economy rate	ML/05-dimensionality/ML-044-feature-construction-splitting/ML-044-feature-construction-splitting.md	4-constructing-features-in-other-data	ML/05-dimensionality/ML-044-feature-construction-splitting/ML-044-feature-construction-splitting.md#4-constructing-features-in-other-data
G-661	Edge	DL/04-cnn/DL-042-convolution-operation/DL-042-convolution-operation.md	5-edges-are-changes-in-intensity	DL/04-cnn/DL-042-convolution-operation/DL-042-convolution-operation.md#5-edges-are-changes-in-intensity
G-659	Edge detector (filter)	DL/04-cnn/DL-042-convolution-operation/DL-042-convolution-operation.md		DL/04-cnn/DL-042-convolution-operation/DL-042-convolution-operation.md
G-2263	Edge detector (hidden node)	DL/01-basics/DL-009-mlp-intuition/DL-009-mlp-intuition.md	45-what-a-hidden-node-can-detect	DL/01-basics/DL-009-mlp-intuition/DL-009-mlp-intuition.md#45-what-a-hidden-node-can-detect
G-660	Edge TPU	DL/01-basics/DL-002-what-is-deep-learning/DL-002-what-is-deep-learning.md		DL/01-basics/DL-002-what-is-deep-learning/DL-002-what-is-deep-learning.md
G-662	Effective learning rate	DL/03-optimizers/DL-036-adagrad/DL-036-adagrad.md	8-the-weakness-the-learning-rate-only-goes-down	DL/03-optimizers/DL-036-adagrad/DL-036-adagrad.md#8-the-weakness-the-learning-rate-only-goes-down
G-663	Eigen-decomposition	ML/05-dimensionality/ML-047-pca-step-by-step/ML-047-pca-step-by-step.md	5-pca-in-five-steps	ML/05-dimensionality/ML-047-pca-step-by-step/ML-047-pca-step-by-step.md#5-pca-in-five-steps
G-664	Eigenbasis	MA/05-linear-algebra/MA-056-eigenvectors-and-eigenvalues/MA-056-eigenvectors-and-eigenvalues.md	62-changing-to-an-eigenbasis	MA/05-linear-algebra/MA-056-eigenvectors-and-eigenvalues/MA-056-eigenvectors-and-eigenvalues.md#62-changing-to-an-eigenbasis
G-665	Eigenvalue	ML/05-dimensionality/ML-047-pca-step-by-step/ML-047-pca-step-by-step.md	42-the-vectors-that-do-not-turn	ML/05-dimensionality/ML-047-pca-step-by-step/ML-047-pca-step-by-step.md#42-the-vectors-that-do-not-turn
G-666	Eigenvector	ML/05-dimensionality/ML-047-pca-step-by-step/ML-047-pca-step-by-step.md	42-the-vectors-that-do-not-turn	ML/05-dimensionality/ML-047-pca-step-by-step/ML-047-pca-step-by-step.md#42-the-vectors-that-do-not-turn
G-667	Elastic Net regression (Elastic Net)	ML/06-regression/ML-068-elastic-net/ML-068-elastic-net.md	1-overview	ML/06-regression/ML-068-elastic-net/ML-068-elastic-net.md#1-overview
G-669	ElasticNetCV	ML/06-regression/ML-068-elastic-net/ML-068-elastic-net.md		ML/06-regression/ML-068-elastic-net/ML-068-elastic-net.md
G-670	Elbow curve	ML/09-clustering-and-more/ML-122-kmeans-intuition/ML-122-kmeans-intuition.md	52-the-elbow-curve	ML/09-clustering-and-more/ML-122-kmeans-intuition/ML-122-kmeans-intuition.md#52-the-elbow-curve
G-671	Elbow method	ML/09-clustering-and-more/ML-122-kmeans-intuition/ML-122-kmeans-intuition.md	5-choosing-k-the-elbow-method	ML/09-clustering-and-more/ML-122-kmeans-intuition/ML-122-kmeans-intuition.md#5-choosing-k-the-elbow-method
G-672	Elbow point	ML/09-clustering-and-more/ML-122-kmeans-intuition/ML-122-kmeans-intuition.md	54-reading-the-elbow	ML/09-clustering-and-more/ML-122-kmeans-intuition/ML-122-kmeans-intuition.md#54-reading-the-elbow
G-673	Elongated bowl	DL/03-optimizers/DL-036-adagrad/DL-036-adagrad.md	4-the-problem-a-sparse-feature-stretches-the-loss	DL/03-optimizers/DL-036-adagrad/DL-036-adagrad.md#4-the-problem-a-sparse-feature-stretches-the-loss
G-674	ELU	DL/02-training/DL-028-relu-variants/DL-028-relu-variants.md	61-elu	DL/02-training/DL-028-relu-variants/DL-028-relu-variants.md#61-elu
G-675	EM algorithm (expectation maximization)	MA/08-likelihood/MA-074-expectation-maximization/MA-074-expectation-maximization.md	1-overview	MA/08-likelihood/MA-074-expectation-maximization/MA-074-expectation-maximization.md#1-overview
G-677	Embedding	MA/05-linear-algebra/MA-055-dot-product-and-duality/MA-055-dot-product-and-duality.md	72-a-matrix-as-stacked-dual-vectors	MA/05-linear-algebra/MA-055-dot-product-and-duality/MA-055-dot-product-and-duality.md#72-a-matrix-as-stacked-dual-vectors
G-676	Embedding vector	DL/06-transformers/DL-076-self-attention-geometric-intuition/DL-076-self-attention-geometric-intuition.md		DL/06-transformers/DL-076-self-attention-geometric-intuition/DL-076-self-attention-geometric-intuition.md
G-678	Empirical (experimental) probability	MA/02-probability/MA-011-empirical-and-theoretical-probability/MA-011-empirical-and-theoretical-probability.md	1-overview	MA/02-probability/MA-011-empirical-and-theoretical-probability/MA-011-empirical-and-theoretical-probability.md#1-overview
G-679	Empirical CDF (ECDF)	MA/03-distributions/MA-027-pdf-and-cdf-in-practice/MA-027-pdf-and-cdf-in-practice.md		MA/03-distributions/MA-027-pdf-and-cdf-in-practice/MA-027-pdf-and-cdf-in-practice.md
G-680	encode	ML/03-feature-engineering/ML-031-binning-binarization/ML-031-binning-binarization.md		ML/03-feature-engineering/ML-031-binning-binarization/ML-031-binning-binarization.md
G-682	Encoder	DL/06-transformers/DL-067-history-of-llms/DL-067-history-of-llms.md	4-stage-1-the-encoderdecoder-2014	DL/06-transformers/DL-067-history-of-llms/DL-067-history-of-llms.md#4-stage-1-the-encoderdecoder-2014
G-681	Encoder block	DL/06-transformers/DL-081-transformer-encoder/DL-081-transformer-encoder.md	1-overview	DL/06-transformers/DL-081-transformer-encoder/DL-081-transformer-encoder.md#1-overview
G-683	Encoder-only / decoder-only transformer	DL/06-transformers/DL-071-introduction-to-transformers/DL-071-introduction-to-transformers.md	8-advantages	DL/06-transformers/DL-071-introduction-to-transformers/DL-071-introduction-to-transformers.md#8-advantages
G-684	Encoder–decoder attention	DL/06-transformers/DL-083-cross-attention/DL-083-cross-attention.md	1-overview	DL/06-transformers/DL-083-cross-attention/DL-083-cross-attention.md#1-overview
G-685	Encoding	ML/02-getting-data/ML-014-working-with-csv/ML-014-working-with-csv.md	12-text-encoding-encoding	ML/02-getting-data/ML-014-working-with-csv/ML-014-working-with-csv.md#12-text-encoding-encoding
G-686	End of distribution imputation	ML/04-missing-data-and-outliers/ML-035-imputing-numerical-data/ML-035-imputing-numerical-data.md	1-overview	ML/04-missing-data-and-outliers/ML-035-imputing-numerical-data/ML-035-imputing-numerical-data.md#1-overview
G-687	End-to-end product	ML/01-foundations/ML-009-mldlc/ML-009-mldlc.md	23-why-the-whole-cycle-matters	ML/01-foundations/ML-009-mldlc/ML-009-mldlc.md#23-why-the-whole-cycle-matters
G-688	Endpoint	ML/02-getting-data/ML-016-fetching-data-from-api/ML-016-fetching-data-from-api.md		ML/02-getting-data/ML-016-fetching-data-from-api/ML-016-fetching-data-from-api.md
G-690	Ensemble	DL/06-transformers/DL-086-transformer-end-to-end/DL-086-transformer-end-to-end.md	81-translation-results-table-2	DL/06-transformers/DL-086-transformer-end-to-end/DL-086-transformer-end-to-end.md#81-translation-results-table-2
G-689	Ensemble learning	ML/01-foundations/ML-009-mldlc/ML-009-mldlc.md	84-ensemble-learning	ML/01-foundations/ML-009-mldlc/ML-009-mldlc.md#84-ensemble-learning
G-691	Entropy	ML/08-trees-and-ensembles/ML-091-decision-trees-intuition/ML-091-decision-trees-intuition.md	61-disorder-and-uncertainty	ML/08-trees-and-ensembles/ML-091-decision-trees-intuition/ML-091-decision-trees-intuition.md#61-disorder-and-uncertainty
G-694	Environment	ML/01-foundations/ML-003-types-of-ml/ML-003-types-of-ml.md	51-agent-environment-policy-and-reward	ML/01-foundations/ML-003-types-of-ml/ML-003-types-of-ml.md#51-agent-environment-policy-and-reward
G-692	Environment file	ML/01-foundations/ML-011-setup-anaconda-jupyter-colab/ML-011-setup-anaconda-jupyter-colab.md	51-recreating-the-environment-from-a-file	ML/01-foundations/ML-011-setup-anaconda-jupyter-colab/ML-011-setup-anaconda-jupyter-colab.md#51-recreating-the-environment-from-a-file
G-693	Environment variable	ML/02-getting-data/ML-016-fetching-data-from-api/ML-016-fetching-data-from-api.md		ML/02-getting-data/ML-016-fetching-data-from-api/ML-016-fetching-data-from-api.md
G-695	Epigraph	MA/07-optimisation/MA-067-convex-sets-and-functions/MA-067-convex-sets-and-functions.md	3-convex-functions-and-their-sets	MA/07-optimisation/MA-067-convex-sets-and-functions/MA-067-convex-sets-and-functions.md#3-convex-functions-and-their-sets
G-696	Epoch	ML/06-regression/ML-056-gradient-descent/ML-056-gradient-descent.md	23-when-to-stop	ML/06-regression/ML-056-gradient-descent/ML-056-gradient-descent.md#23-when-to-stop
G-697	eps (epsilon)	ML/09-clustering-and-more/ML-126-dbscan/ML-126-dbscan.md	5-measuring-density-eps-and-minpts	ML/09-clustering-and-more/ML-126-dbscan/ML-126-dbscan.md#5-measuring-density-eps-and-minpts
G-698	eps-neighbourhood	ML/09-clustering-and-more/ML-126-dbscan/ML-126-dbscan.md	5-measuring-density-eps-and-minpts	ML/09-clustering-and-more/ML-126-dbscan/ML-126-dbscan.md#5-measuring-density-eps-and-minpts
G-699	Equal frequency binning	ML/03-feature-engineering/ML-031-binning-binarization/ML-031-binning-binarization.md	4-kinds-of-discretization	ML/03-feature-engineering/ML-031-binning-binarization/ML-031-binning-binarization.md#4-kinds-of-discretization
G-700	Equal variances (homogeneity of variance)	MA/04-inference/MA-043-two-sample-and-paired-t-tests/MA-043-two-sample-and-paired-t-tests.md		MA/04-inference/MA-043-two-sample-and-paired-t-tests/MA-043-two-sample-and-paired-t-tests.md
G-701	Equal width binning	ML/03-feature-engineering/ML-031-binning-binarization/ML-031-binning-binarization.md	4-kinds-of-discretization	ML/03-feature-engineering/ML-031-binning-binarization/ML-031-binning-binarization.md#4-kinds-of-discretization
G-702	Equally likely outcomes	MA/02-probability/MA-011-empirical-and-theoretical-probability/MA-011-empirical-and-theoretical-probability.md	4-theoretical-probability	MA/02-probability/MA-011-empirical-and-theoretical-probability/MA-011-empirical-and-theoretical-probability.md#4-theoretical-probability
G-703	Equation of a hyperplane	MA/05-linear-algebra/MA-051-equation-of-a-hyperplane/MA-051-equation-of-a-hyperplane.md		MA/05-linear-algebra/MA-051-equation-of-a-hyperplane/MA-051-equation-of-a-hyperplane.md
G-704	Equiprobable	MA/03-distributions/MA-020-random-variables-and-distributions/MA-020-random-variables-and-distributions.md	3-probability-distributions-as-tables	MA/03-distributions/MA-020-random-variables-and-distributions/MA-020-random-variables-and-distributions.md#3-probability-distributions-as-tables
G-705	Error (residual)	ML/06-regression/ML-049-simple-linear-regression/ML-049-simple-linear-regression.md	34-the-best-fit-line	ML/06-regression/ML-049-simple-linear-regression/ML-049-simple-linear-regression.md#34-the-best-fit-line
G-707	errors="coerce"	ML/03-feature-engineering/ML-032-mixed-variables/ML-032-mixed-variables.md	41-the-numerical-part	ML/03-feature-engineering/ML-032-mixed-variables/ML-032-mixed-variables.md#41-the-numerical-part
G-708	Estimated PMF	MA/03-distributions/MA-021-pmf-and-discrete-cdf/MA-021-pmf-and-discrete-cdf.md	5-estimating-a-pmf-by-simulation	MA/03-distributions/MA-021-pmf-and-discrete-cdf/MA-021-pmf-and-discrete-cdf.md#5-estimating-a-pmf-by-simulation
G-709	estimator	ML/08-trees-and-ensembles/ML-100-bagging-classifier/ML-100-bagging-classifier.md		ML/08-trees-and-ensembles/ML-100-bagging-classifier/ML-100-bagging-classifier.md
G-710	estimators_features_	ML/08-trees-and-ensembles/ML-100-bagging-classifier/ML-100-bagging-classifier.md		ML/08-trees-and-ensembles/ML-100-bagging-classifier/ML-100-bagging-classifier.md
G-711	estimators_samples_	ML/08-trees-and-ensembles/ML-100-bagging-classifier/ML-100-bagging-classifier.md		ML/08-trees-and-ensembles/ML-100-bagging-classifier/ML-100-bagging-classifier.md
G-712	Eta ($\eta$)	ML/08-trees-and-ensembles/ML-118-xgboost-regression/ML-118-xgboost-regression.md		ML/08-trees-and-ensembles/ML-118-xgboost-regression/ML-118-xgboost-regression.md
G-713	eta0	ML/06-regression/ML-058-stochastic-gradient-descent/ML-058-stochastic-gradient-descent.md	7-sgd-in-scikit-learn	ML/06-regression/ML-058-stochastic-gradient-descent/ML-058-stochastic-gradient-descent.md#7-sgd-in-scikit-learn
G-714	ETL	ML/01-foundations/ML-009-mldlc/ML-009-mldlc.md	42-where-data-comes-from	ML/01-foundations/ML-009-mldlc/ML-009-mldlc.md#42-where-data-comes-from
G-715	Euclidean distance	ML/04-missing-data-and-outliers/ML-038-knn-imputer/ML-038-knn-imputer.md	41-the-euclidean-distance	ML/04-missing-data-and-outliers/ML-038-knn-imputer/ML-038-knn-imputer.md#41-the-euclidean-distance
G-716	Euler's number $e$	MA/03-distributions/MA-032-poisson-distribution/MA-032-poisson-distribution.md	32-two-pieces-of-the-formula	MA/03-distributions/MA-032-poisson-distribution/MA-032-poisson-distribution.md#32-two-pieces-of-the-formula
G-717	Event	MA/02-probability/MA-010-events-and-types-of-events/MA-010-events-and-types-of-events.md	25-event	MA/02-probability/MA-010-events-and-types-of-events/MA-010-events-and-types-of-events.md#25-event
G-718	Evidence	MA/02-probability/MA-018-bayes-theorem/MA-018-bayes-theorem.md	3-the-names-of-the-four-parts	MA/02-probability/MA-018-bayes-theorem/MA-018-bayes-theorem.md#3-the-names-of-the-four-parts
G-719	Exact greedy algorithm	ML/08-trees-and-ensembles/ML-117-xgboost-intro/ML-117-xgboost-intro.md	84-approximate-split-finding-with-quantile-bins	ML/08-trees-and-ensembles/ML-117-xgboost-intro/ML-117-xgboost-intro.md#84-approximate-split-finding-with-quantile-bins
G-720	Excess kurtosis	MA/03-distributions/MA-028-kurtosis-and-qq-plots/MA-028-kurtosis-and-qq-plots.md	4-excess-kurtosis-and-the-three-types	MA/03-distributions/MA-028-kurtosis-and-qq-plots/MA-028-kurtosis-and-qq-plots.md#4-excess-kurtosis-and-the-three-types
G-721	Exhaustive events	MA/02-probability/MA-010-events-and-types-of-events/MA-010-events-and-types-of-events.md	46-exhaustive-events	MA/02-probability/MA-010-events-and-types-of-events/MA-010-events-and-types-of-events.md#46-exhaustive-events
G-722	Expected complete-data log-likelihood $Q$	MA/08-likelihood/MA-074-expectation-maximization/MA-074-expectation-maximization.md	64-the-ascent-argument	MA/08-likelihood/MA-074-expectation-maximization/MA-074-expectation-maximization.md#64-the-ascent-argument
G-723	Expected count $E$	MA/04-inference/MA-045-chi-square-tests/MA-045-chi-square-tests.md	21-observed-and-expected-counts	MA/04-inference/MA-045-chi-square-tests/MA-045-chi-square-tests.md#21-observed-and-expected-counts
G-724	Expected improvement	ML/09-clustering-and-more/ML-128-optuna/ML-128-optuna.md	33-informed-search-versus-blind-search	ML/09-clustering-and-more/ML-128-optuna/ML-128-optuna.md#33-informed-search-versus-blind-search
G-725	Expected value $E[X]$	MA/02-probability/MA-012-expected-value-and-variance/MA-012-expected-value-and-variance.md	3-expected-value	MA/02-probability/MA-012-expected-value-and-variance/MA-012-expected-value-and-variance.md#3-expected-value
G-726	Expert system	ML/01-foundations/ML-002-ai-vs-ml-vs-dl/ML-002-ai-vs-ml-vs-dl.md	31-how-an-expert-system-works	ML/01-foundations/ML-002-ai-vs-ml-vs-dl/ML-002-ai-vs-ml-vs-dl.md#31-how-an-expert-system-works
G-728	Explained variance	ML/05-dimensionality/ML-047-pca-step-by-step/ML-047-pca-step-by-step.md		ML/05-dimensionality/ML-047-pca-step-by-step/ML-047-pca-step-by-step.md
G-727	Explained variance ratio	ML/05-dimensionality/ML-048-pca-mnist/ML-048-pca-mnist.md		ML/05-dimensionality/ML-048-pca-mnist/ML-048-pca-mnist.md
G-729	explained_variance_	ML/05-dimensionality/ML-048-pca-mnist/ML-048-pca-mnist.md	6-what-a-fitted-pca-stores	ML/05-dimensionality/ML-048-pca-mnist/ML-048-pca-mnist.md#6-what-a-fitted-pca-stores
G-730	Explicit programming	ML/01-foundations/ML-001-what-is-ml/ML-001-what-is-ml.md	2-defining-machine-learning	ML/01-foundations/ML-001-what-is-ml/ML-001-what-is-ml.md#2-defining-machine-learning
G-731	Exploding gradient	DL/01-basics/DL-018-vanishing-exploding-gradients/DL-018-vanishing-exploding-gradients.md		DL/01-basics/DL-018-vanishing-exploding-gradients/DL-018-vanishing-exploding-gradients.md
G-732	Exploratory data analysis (EDA)	ML/01-foundations/ML-012-toy-project/ML-012-toy-project.md		ML/01-foundations/ML-012-toy-project/ML-012-toy-project.md
G-733	Exponential distribution	MA/04-inference/MA-033-sampling-distribution-and-clt/MA-033-sampling-distribution-and-clt.md		MA/04-inference/MA-033-sampling-distribution-and-clt/MA-033-sampling-distribution-and-clt.md
G-734	Exponential time	DL/01-basics/DL-019-mlp-memoization/DL-019-mlp-memoization.md	32-why-it-is-slow	DL/01-basics/DL-019-mlp-memoization/DL-019-mlp-memoization.md#32-why-it-is-slow
G-735	Exponentially weighted moving average (EWMA)	DL/03-optimizers/DL-033-exponentially-weighted-moving-average/DL-033-exponentially-weighted-moving-average.md	1-overview	DL/03-optimizers/DL-033-exponentially-weighted-moving-average/DL-033-exponentially-weighted-moving-average.md#1-overview
G-736	export_graphviz	ML/08-trees-and-ensembles/ML-094-dtreeviz/ML-094-dtreeviz.md		ML/08-trees-and-ensembles/ML-094-dtreeviz/ML-094-dtreeviz.md
G-737	export_text	ML/08-trees-and-ensembles/ML-104-bagging-vs-random-forest/ML-104-bagging-vs-random-forest.md	41-the-bagged-trees	ML/08-trees-and-ensembles/ML-104-bagging-vs-random-forest/ML-104-bagging-vs-random-forest.md#41-the-bagged-trees
G-738	Extrapolation	ML/06-regression/ML-049-simple-linear-regression/ML-049-simple-linear-regression.md	53-the-intercept-b-the-starting-value	ML/06-regression/ML-049-simple-linear-regression/ML-049-simple-linear-regression.md#53-the-intercept-b-the-starting-value
G-739	F distribution	MA/04-inference/MA-046-one-way-anova/MA-046-one-way-anova.md	6-the-f-distribution-and-the-decision	MA/04-inference/MA-046-one-way-anova/MA-046-one-way-anova.md#6-the-f-distribution-and-the-decision
G-740	F statistic	MA/04-inference/MA-046-one-way-anova/MA-046-one-way-anova.md		MA/04-inference/MA-046-one-way-anova/MA-046-one-way-anova.md
G-741	f-string	ML/02-getting-data/ML-016-fetching-data-from-api/ML-016-fetching-data-from-api.md		ML/02-getting-data/ML-016-fetching-data-from-api/ML-016-fetching-data-from-api.md
G-742	F-test	MA/04-inference/MA-043-two-sample-and-paired-t-tests/MA-043-two-sample-and-paired-t-tests.md		MA/04-inference/MA-043-two-sample-and-paired-t-tests/MA-043-two-sample-and-paired-t-tests.md
G-743	F1 score	ML/07-classification/ML-076-precision-recall-f1/ML-076-precision-recall-f1.md	1-overview	ML/07-classification/ML-076-precision-recall-f1/ML-076-precision-recall-f1.md#1-overview
G-744	Facet grid	MA/01-descriptive-stats/MA-007-frequency-tables-and-graphs/MA-007-frequency-tables-and-graphs.md	52-the-facet-grid	MA/01-descriptive-stats/MA-007-frequency-tables-and-graphs/MA-007-frequency-tables-and-graphs.md#52-the-facet-grid
G-745	Fact (here)	DL/06-transformers/DL-089-mlp-stores-facts/DL-089-mlp-stores-facts.md	6-a-real-model-does-gpt-2-small-know-sports	DL/06-transformers/DL-089-mlp-stores-facts/DL-089-mlp-stores-facts.md#6-a-real-model-does-gpt-2-small-know-sports
G-746	Fail to reject $H_0$	MA/04-inference/MA-038-null-and-alternative-hypotheses/MA-038-null-and-alternative-hypotheses.md		MA/04-inference/MA-038-null-and-alternative-hypotheses/MA-038-null-and-alternative-hypotheses.md
G-747	False negative (FN)	ML/07-classification/ML-075-accuracy-confusion-matrix/ML-075-accuracy-confusion-matrix.md	42-reading-it	ML/07-classification/ML-075-accuracy-confusion-matrix/ML-075-accuracy-confusion-matrix.md#42-reading-it
G-748	False positive (FP)	ML/07-classification/ML-075-accuracy-confusion-matrix/ML-075-accuracy-confusion-matrix.md	42-reading-it	ML/07-classification/ML-075-accuracy-confusion-matrix/ML-075-accuracy-confusion-matrix.md#42-reading-it
G-749	False positive rate (FPR)	ML/07-classification/ML-077-roc-auc/ML-077-roc-auc.md	32-false-positive-rate	ML/07-classification/ML-077-roc-auc/ML-077-roc-auc.md#32-false-positive-rate
G-750	Family size	ML/05-dimensionality/ML-044-feature-construction-splitting/ML-044-feature-construction-splitting.md	32-building-the-family-size	ML/05-dimensionality/ML-044-feature-construction-splitting/ML-044-feature-construction-splitting.md#32-building-the-family-size
G-751	Family type	ML/05-dimensionality/ML-044-feature-construction-splitting/ML-044-feature-construction-splitting.md	33-grouping-the-size-into-a-family-type	ML/05-dimensionality/ML-044-feature-construction-splitting/ML-044-feature-construction-splitting.md#33-grouping-the-size-into-a-family-type
G-752	Familywise error rate	MA/04-inference/MA-046-one-way-anova/MA-046-one-way-anova.md		MA/04-inference/MA-046-one-way-anova/MA-046-one-way-anova.md
G-753	Famous probability distributions	MA/03-distributions/MA-020-random-variables-and-distributions/MA-020-random-variables-and-distributions.md	6-famous-distributions	MA/03-distributions/MA-020-random-variables-and-distributions/MA-020-random-variables-and-distributions.md#6-famous-distributions
G-754	Fan-in	DL/02-training/DL-030-xavier-he-initialization/DL-030-xavier-he-initialization.md	32-fan-in-and-fan-out	DL/02-training/DL-030-xavier-he-initialization/DL-030-xavier-he-initialization.md#32-fan-in-and-fan-out
G-755	Fan-out	DL/02-training/DL-030-xavier-he-initialization/DL-030-xavier-he-initialization.md	32-fan-in-and-fan-out	DL/02-training/DL-030-xavier-he-initialization/DL-030-xavier-he-initialization.md#32-fan-in-and-fan-out
G-756	Fashion-MNIST	DL/04-cnn/DL-046-cnn-vs-ann/DL-046-cnn-vs-ann.md	6-the-comparison-on-real-data	DL/04-cnn/DL-046-cnn-vs-ann/DL-046-cnn-vs-ann.md#6-the-comparison-on-real-data
G-757	Fat tail (heavy tail)	MA/03-distributions/MA-028-kurtosis-and-qq-plots/MA-028-kurtosis-and-qq-plots.md	3-kurtosis-a-measure-of-tailedness	MA/03-distributions/MA-028-kurtosis-and-qq-plots/MA-028-kurtosis-and-qq-plots.md#3-kurtosis-a-measure-of-tailedness
G-758	Favourable outcome	MA/02-probability/MA-011-empirical-and-theoretical-probability/MA-011-empirical-and-theoretical-probability.md		MA/02-probability/MA-011-empirical-and-theoretical-probability/MA-011-empirical-and-theoretical-probability.md
G-759	Feasible region	MA/07-optimisation/MA-066-lagrange-multipliers/MA-066-lagrange-multipliers.md	2-constrained-optimisation-problems	MA/07-optimisation/MA-066-lagrange-multipliers/MA-066-lagrange-multipliers.md#2-constrained-optimisation-problems
G-772	Feature	ML/01-foundations/ML-002-ai-vs-ml-vs-dl/ML-002-ai-vs-ml-vs-dl.md	52-features-chosen-by-us-or-learned	ML/01-foundations/ML-002-ai-vs-ml-vs-dl/ML-002-ai-vs-ml-vs-dl.md#52-features-chosen-by-us-or-learned
G-760	Feature construction	ML/03-feature-engineering/ML-022-what-is-feature-engineering/ML-022-what-is-feature-engineering.md	5-the-four-parts-of-feature-engineering	ML/03-feature-engineering/ML-022-what-is-feature-engineering/ML-022-what-is-feature-engineering.md#5-the-four-parts-of-feature-engineering
G-761	Feature engineering	ML/01-foundations/ML-007-challenges-in-ml/ML-007-challenges-in-ml.md	6-irrelevant-features	ML/01-foundations/ML-007-challenges-in-ml/ML-007-challenges-in-ml.md#6-irrelevant-features
G-762	Feature extraction	ML/03-feature-engineering/ML-022-what-is-feature-engineering/ML-022-what-is-feature-engineering.md	5-the-four-parts-of-feature-engineering	ML/03-feature-engineering/ML-022-what-is-feature-engineering/ML-022-what-is-feature-engineering.md#5-the-four-parts-of-feature-engineering
G-764	Feature importance	ML/08-trees-and-ensembles/ML-093-regression-trees/ML-093-regression-trees.md		ML/08-trees-and-ensembles/ML-093-regression-trees/ML-093-regression-trees.md
G-763	Feature importance (weights)	DL/01-basics/DL-004-perceptron/DL-004-perceptron.md		DL/01-basics/DL-004-perceptron/DL-004-perceptron.md
G-765	Feature map ($\phi$)	ML/07-classification/ML-090-kernel-trick-code/ML-090-kernel-trick-code.md		ML/07-classification/ML-090-kernel-trick-code/ML-090-kernel-trick-code.md
G-766	Feature map (CNN)	DL/04-cnn/DL-042-convolution-operation/DL-042-convolution-operation.md	61-filter-and-feature-map	DL/04-cnn/DL-042-convolution-operation/DL-042-convolution-operation.md#61-filter-and-feature-map
G-767	Feature scaling (scaling)	ML/01-foundations/ML-006-instance-vs-model-based/ML-006-instance-vs-model-based.md		ML/01-foundations/ML-006-instance-vs-model-based/ML-006-instance-vs-model-based.md
G-768	Feature selection	ML/03-feature-engineering/ML-022-what-is-feature-engineering/ML-022-what-is-feature-engineering.md	5-the-four-parts-of-feature-engineering	ML/03-feature-engineering/ML-022-what-is-feature-engineering/ML-022-what-is-feature-engineering.md#5-the-four-parts-of-feature-engineering
G-2219	Feature space	ML/07-classification/ML-089-kernel-trick-intuition/ML-089-kernel-trick-intuition.md	31-lifting-1d-data-into-2d	ML/07-classification/ML-089-kernel-trick-intuition/ML-089-kernel-trick-intuition.md#31-lifting-1d-data-into-2d
G-769	Feature splitting	ML/05-dimensionality/ML-044-feature-construction-splitting/ML-044-feature-construction-splitting.md	52-splitting-a-feature	ML/05-dimensionality/ML-044-feature-construction-splitting/ML-044-feature-construction-splitting.md#52-splitting-a-feature
G-770	Feature transformation	ML/03-feature-engineering/ML-022-what-is-feature-engineering/ML-022-what-is-feature-engineering.md	5-the-four-parts-of-feature-engineering	ML/03-feature-engineering/ML-022-what-is-feature-engineering/ML-022-what-is-feature-engineering.md#5-the-four-parts-of-feature-engineering
G-771	Feature vector	MA/05-linear-algebra/MA-048-vectors-and-feature-vectors/MA-048-vectors-and-feature-vectors.md	31-the-iris-flowers	MA/05-linear-algebra/MA-048-vectors-and-feature-vectors/MA-048-vectors-and-feature-vectors.md#31-the-iris-flowers
G-773	feature_importances_	ML/08-trees-and-ensembles/ML-093-regression-trees/ML-093-regression-trees.md	75-feature-importance	ML/08-trees-and-ensembles/ML-093-regression-trees/ML-093-regression-trees.md#75-feature-importance
G-775	Feed-forward network	DL/01-basics/DL-003-nn-types-history-applications/DL-003-nn-types-history-applications.md	23-recurrent-neural-network-rnn-and-lstm	DL/01-basics/DL-003-nn-types-history-applications/DL-003-nn-types-history-applications.md#23-recurrent-neural-network-rnn-and-lstm
G-774	Feed-forward network (FFN)	DL/06-transformers/DL-081-transformer-encoder/DL-081-transformer-encoder.md		DL/06-transformers/DL-081-transformer-encoder/DL-081-transformer-encoder.md
G-776	Fence (fences)	ML/02-getting-data/ML-019-univariate-analysis/ML-019-univariate-analysis.md		ML/02-getting-data/ML-019-univariate-analysis/ML-019-univariate-analysis.md
G-2197	Fill error	ML/04-missing-data-and-outliers/ML-038-knn-imputer/ML-038-knn-imputer.md	73-is-the-knn-fill-closer-to-the-truth	ML/04-missing-data-and-outliers/ML-038-knn-imputer/ML-038-knn-imputer.md#73-is-the-knn-fill-closer-to-the-truth
G-777	Filter (kernel)	DL/04-cnn/DL-042-convolution-operation/DL-042-convolution-operation.md	41-a-moving-average	DL/04-cnn/DL-042-convolution-operation/DL-042-convolution-operation.md#41-a-moving-average
G-779	Fine-tuning	DL/06-transformers/DL-067-history-of-llms/DL-067-history-of-llms.md		DL/06-transformers/DL-067-history-of-llms/DL-067-history-of-llms.md
G-780	First moment $m_t$	DL/03-optimizers/DL-038-adam/DL-038-adam.md	4-the-update-rule	DL/03-optimizers/DL-038-adam/DL-038-adam.md#4-the-update-rule
G-781	First-order condition	MA/07-optimisation/MA-067-convex-sets-and-functions/MA-067-convex-sets-and-functions.md	42-first-order-condition-tangents-lie-below	MA/07-optimisation/MA-067-convex-sets-and-functions/MA-067-convex-sets-and-functions.md#42-first-order-condition-tangents-lie-below
G-782	Fisher's exact test	MA/04-inference/MA-045-chi-square-tests/MA-045-chi-square-tests.md	71-conditions	MA/04-inference/MA-045-chi-square-tests/MA-045-chi-square-tests.md#71-conditions
G-783	fit / transform	ML/03-feature-engineering/ML-023-standardization/ML-023-standardization.md	63-fit-on-the-training-set-transform-both	ML/03-feature-engineering/ML-023-standardization/ML-023-standardization.md#63-fit-on-the-training-set-transform-both
G-784	fit_predict	ML/09-clustering-and-more/ML-123-kmeans-code/ML-123-kmeans-code.md	5-training-k-means-with-k--4	ML/09-clustering-and-more/ML-123-kmeans-code/ML-123-kmeans-code.md#5-training-k-means-with-k--4
G-785	fit_transform	ML/03-feature-engineering/ML-027-column-transformer/ML-027-column-transformer.md		ML/03-feature-engineering/ML-027-column-transformer/ML-027-column-transformer.md
G-786	Fitting a distribution	MA/08-likelihood/MA-070-maximum-likelihood-estimation/MA-070-maximum-likelihood-estimation.md	2-fitting-a-distribution-to-data	MA/08-likelihood/MA-070-maximum-likelihood-estimation/MA-070-maximum-likelihood-estimation.md#2-fitting-a-distribution-to-data
G-787	Five-number summary	ML/02-getting-data/ML-019-univariate-analysis/ML-019-univariate-analysis.md	8-box-plot	ML/02-getting-data/ML-019-univariate-analysis/ML-019-univariate-analysis.md#8-box-plot
G-788	Flatten layer	DL/01-basics/DL-012-mnist-ann/DL-012-mnist-ann.md		DL/01-basics/DL-012-mnist-ann/DL-012-mnist-ann.md
G-789	Flattening	MA/06-calculus/MA-063-jacobian-and-matrix-gradients/MA-063-jacobian-and-matrix-gradients.md		MA/06-calculus/MA-063-jacobian-and-matrix-gradients/MA-063-jacobian-and-matrix-gradients.md
G-790	FLOP	DL/06-transformers/DL-086-transformer-end-to-end/DL-086-transformer-end-to-end.md	72-hardware-and-training-time	DL/06-transformers/DL-086-transformer-end-to-end/DL-086-transformer-end-to-end.md#72-hardware-and-training-time
G-2227	Fold	ML/08-trees-and-ensembles/ML-106-random-forest-tuning/ML-106-random-forest-tuning.md	4-one-split-is-not-enough	ML/08-trees-and-ensembles/ML-106-random-forest-tuning/ML-106-random-forest-tuning.md#4-one-split-is-not-enough
G-791	For loop	ML/02-getting-data/ML-014-working-with-csv/ML-014-working-with-csv.md	18-reading-a-big-file-in-chunks-chunksize	ML/02-getting-data/ML-014-working-with-csv/ML-014-working-with-csv.md#18-reading-a-big-file-in-chunks-chunksize
G-792	Forest-level hyperparameters	ML/08-trees-and-ensembles/ML-105-random-forest-hyperparameters/ML-105-random-forest-hyperparameters.md	2-the-three-groups	ML/08-trees-and-ensembles/ML-105-random-forest-hyperparameters/ML-105-random-forest-hyperparameters.md#2-the-three-groups
G-793	Forget gate ($f_t$)	DL/05-rnn/DL-062-lstm-architecture/DL-062-lstm-architecture.md	3-what-the-cell-must-do	DL/05-rnn/DL-062-lstm-architecture/DL-062-lstm-architecture.md#3-what-the-cell-must-do
G-795	Format string	ML/03-feature-engineering/ML-033-date-and-time/ML-033-date-and-time.md		ML/03-feature-engineering/ML-033-date-and-time/ML-033-date-and-time.md
G-796	Forward and backward RNN	DL/05-rnn/DL-066-bidirectional-rnn/DL-066-bidirectional-rnn.md		DL/05-rnn/DL-066-bidirectional-rnn/DL-066-bidirectional-rnn.md
G-797	Forward propagation	DL/01-basics/DL-010-forward-propagation/DL-010-forward-propagation.md	1-overview	DL/01-basics/DL-010-forward-propagation/DL-010-forward-propagation.md#1-overview
G-798	Forward selection	ML/03-feature-engineering/ML-022-what-is-feature-engineering/ML-022-what-is-feature-engineering.md	81-pixels-as-columns-the-mnist-dataset	ML/03-feature-engineering/ML-022-what-is-feature-engineering/ML-022-what-is-feature-engineering.md#81-pixels-as-columns-the-mnist-dataset
G-799	Four fundamental subspaces	MA/05-linear-algebra/MA-058-computing-the-svd/MA-058-computing-the-svd.md	6-the-four-subspaces	MA/05-linear-algebra/MA-058-computing-the-svd/MA-058-computing-the-svd.md#6-the-four-subspaces
G-800	FPGA	DL/01-basics/DL-002-what-is-deep-learning/DL-002-what-is-deep-learning.md	52-hardware	DL/01-basics/DL-002-what-is-deep-learning/DL-002-what-is-deep-learning.md#52-hardware
G-801	Frame	ML/01-foundations/ML-010-tensors/ML-010-tensors.md	65-5d-video	ML/01-foundations/ML-010-tensors/ML-010-tensors.md#65-5d-video
G-802	Framing an ML problem	ML/01-foundations/ML-013-framing-ml-problem/ML-013-framing-ml-problem.md	1-overview	ML/01-foundations/ML-013-framing-ml-problem/ML-013-framing-ml-problem.md#1-overview
G-804	Fraud detection	ML/04-missing-data-and-outliers/ML-040-what-are-outliers/ML-040-what-are-outliers.md		ML/04-missing-data-and-outliers/ML-040-what-are-outliers/ML-040-what-are-outliers.md
G-805	Freeze	DL/04-cnn/DL-053-transfer-learning/DL-053-transfer-learning.md	42-replace-the-top-freeze-the-base	DL/04-cnn/DL-053-transfer-learning/DL-053-transfer-learning.md#42-replace-the-top-freeze-the-base
G-808	Frequency	ML/02-getting-data/ML-019-univariate-analysis/ML-019-univariate-analysis.md	4-count-plot	ML/02-getting-data/ML-019-univariate-analysis/ML-019-univariate-analysis.md#4-count-plot
G-806	Frequency and wavelength	DL/06-transformers/DL-079-positional-encoding/DL-079-positional-encoding.md	6-the-formula-of-attention-is-all-you-need	DL/06-transformers/DL-079-positional-encoding/DL-079-positional-encoding.md#6-the-formula-of-attention-is-all-you-need
G-807	Frequency distribution table	MA/01-descriptive-stats/MA-007-frequency-tables-and-graphs/MA-007-frequency-tables-and-graphs.md	21-frequency-distribution-table	MA/01-descriptive-stats/MA-007-frequency-tables-and-graphs/MA-007-frequency-tables-and-graphs.md#21-frequency-distribution-table
G-809	Frobenius norm	MA/05-linear-algebra/MA-059-low-rank-approximation/MA-059-low-rank-approximation.md	42-the-eckartyoung-theorem	MA/05-linear-algebra/MA-059-low-rank-approximation/MA-059-low-rank-approximation.md#42-the-eckartyoung-theorem
G-810	Full SVD	MA/05-linear-algebra/MA-057-svd-geometry/MA-057-svd-geometry.md	61-the-full-svd	MA/05-linear-algebra/MA-057-svd-geometry/MA-057-svd-geometry.md#61-the-full-svd
G-813	Fully grown tree	ML/08-trees-and-ensembles/ML-092-decision-tree-hyperparameters/ML-092-decision-tree-hyperparameters.md	21-a-fully-grown-tree-overfits	ML/08-trees-and-ensembles/ML-092-decision-tree-hyperparameters/ML-092-decision-tree-hyperparameters.md#21-a-fully-grown-tree-overfits
G-814	func	ML/03-feature-engineering/ML-029-function-transformer/ML-029-function-transformer.md	74-applying-the-log-with-functiontransformer	ML/03-feature-engineering/ML-029-function-transformer/ML-029-function-transformer.md#74-applying-the-log-with-functiontransformer
G-816	Function	MA/06-calculus/MA-061-derivatives-of-one-variable/MA-061-derivatives-of-one-variable.md	2-functions-one-number-in-one-number-out	MA/06-calculus/MA-061-derivatives-of-one-variable/MA-061-derivatives-of-one-variable.md#2-functions-one-number-in-one-number-out
G-815	Function of several variables	MA/06-calculus/MA-062-partial-derivatives-and-gradients/MA-062-partial-derivatives-and-gradients.md	2-functions-of-several-variables	MA/06-calculus/MA-062-partial-derivatives-and-gradients/MA-062-partial-derivatives-and-gradients.md#2-functions-of-several-variables
G-817	Function, lambda	ML/02-getting-data/ML-014-working-with-csv/ML-014-working-with-csv.md		ML/02-getting-data/ML-014-working-with-csv/ML-014-working-with-csv.md
G-818	Functional API	DL/04-cnn/DL-054-keras-functional-api/DL-054-keras-functional-api.md	1-overview	DL/04-cnn/DL-054-keras-functional-api/DL-054-keras-functional-api.md#1-overview
G-819	FunctionTransformer	ML/03-feature-engineering/ML-029-function-transformer/ML-029-function-transformer.md	3-mathematical-transformers-in-scikit-learn	ML/03-feature-engineering/ML-029-function-transformer/ML-029-function-transformer.md#3-mathematical-transformers-in-scikit-learn
G-820	Gain (XGBoost)	ML/08-trees-and-ensembles/ML-118-xgboost-regression/ML-118-xgboost-regression.md	6-gain-choosing-the-root-split	ML/08-trees-and-ensembles/ML-118-xgboost-regression/ML-118-xgboost-regression.md#6-gain-choosing-the-root-split
G-2213	Gambler's fallacy	MA/02-probability/MA-016-independent-events/MA-016-independent-events.md	3-examples	MA/02-probability/MA-016-independent-events/MA-016-independent-events.md#3-examples
G-821	Gamma ($\gamma$, `min_split_loss`)	ML/08-trees-and-ensembles/ML-118-xgboost-regression/ML-118-xgboost-regression.md		ML/08-trees-and-ensembles/ML-118-xgboost-regression/ML-118-xgboost-regression.md
G-823	gamma (RBF kernel)	ML/07-classification/ML-090-kernel-trick-code/ML-090-kernel-trick-code.md	8-gamma-how-far-one-points-influence-reaches	ML/07-classification/ML-090-kernel-trick-code/ML-090-kernel-trick-code.md#8-gamma-how-far-one-points-influence-reaches
G-822	Gamma distribution	MA/04-inference/MA-033-sampling-distribution-and-clt/MA-033-sampling-distribution-and-clt.md		MA/04-inference/MA-033-sampling-distribution-and-clt/MA-033-sampling-distribution-and-clt.md
G-824	Garbage in, garbage out	ML/01-foundations/ML-007-challenges-in-ml/ML-007-challenges-in-ml.md	5-poor-quality-data	ML/01-foundations/ML-007-challenges-in-ml/ML-007-challenges-in-ml.md#5-poor-quality-data
G-825	Gate	DL/05-rnn/DL-061-lstm/DL-061-lstm.md	8-the-three-gates-in-one-line-each	DL/05-rnn/DL-061-lstm/DL-061-lstm.md#8-the-three-gates-in-one-line-each
G-826	Gated recurrent unit (GRU)	DL/05-rnn/DL-064-gru/DL-064-gru.md	1-overview	DL/05-rnn/DL-064-gru/DL-064-gru.md#1-overview
G-827	Gaussian distribution	MA/03-distributions/MA-024-normal-distribution/MA-024-normal-distribution.md	2-what-the-normal-distribution-is	MA/03-distributions/MA-024-normal-distribution/MA-024-normal-distribution.md#2-what-the-normal-distribution-is
G-828	Gaussian kernel	MA/03-distributions/MA-023-density-estimation-kde/MA-023-density-estimation-kde.md	51-how-a-kde-is-built	MA/03-distributions/MA-023-density-estimation-kde/MA-023-density-estimation-kde.md#51-how-a-kde-is-built
G-829	Gaussian mixture model (GMM)	MA/08-likelihood/MA-073-gaussian-mixture-models/MA-073-gaussian-mixture-models.md		MA/08-likelihood/MA-073-gaussian-mixture-models/MA-073-gaussian-mixture-models.md
G-830	Gaussian Naive Bayes	ML/07-classification/ML-084-gaussian-naive-bayes/ML-084-gaussian-naive-bayes.md	1-overview	ML/07-classification/ML-084-gaussian-naive-bayes/ML-084-gaussian-naive-bayes.md#1-overview
G-831	Gaussian noise	MA/08-likelihood/MA-072-mle-in-machine-learning/MA-072-mle-in-machine-learning.md	31-the-model	MA/08-likelihood/MA-072-mle-in-machine-learning/MA-072-mle-in-machine-learning.md#31-the-model
G-832	Gaussian process	ML/09-clustering-and-more/ML-128-optuna/ML-128-optuna.md	33-informed-search-versus-blind-search	ML/09-clustering-and-more/ML-128-optuna/ML-128-optuna.md#33-informed-search-versus-blind-search
G-833	GaussianNB	ML/07-classification/ML-084-gaussian-naive-bayes/ML-084-gaussian-naive-bayes.md		ML/07-classification/ML-084-gaussian-naive-bayes/ML-084-gaussian-naive-bayes.md
G-834	GELU	DL/06-transformers/DL-087-decoder-only-gpt/DL-087-decoder-only-gpt.md	64-gelu	DL/06-transformers/DL-087-decoder-only-gpt/DL-087-decoder-only-gpt.md#64-gelu
G-836	General contextual embedding	DL/06-transformers/DL-074-self-attention-step-by-step/DL-074-self-attention-step-by-step.md	6-the-problem-nothing-to-learn	DL/06-transformers/DL-074-self-attention-step-by-step/DL-074-self-attention-step-by-step.md#6-the-problem-nothing-to-learn
G-837	General score	DL/06-transformers/DL-070-bahdanau-vs-luong-attention/DL-070-bahdanau-vs-luong-attention.md		DL/06-transformers/DL-070-bahdanau-vs-luong-attention/DL-070-bahdanau-vs-luong-attention.md
G-838	Generalisation (generalise)	ML/07-classification/ML-070-perceptron-code/ML-070-perceptron-code.md	62-why-it-matters	ML/07-classification/ML-070-perceptron-code/ML-070-perceptron-code.md#62-why-it-matters
G-840	Generative adversarial network (GAN)	DL/01-basics/DL-003-nn-types-history-applications/DL-003-nn-types-history-applications.md	25-generative-adversarial-network-gan	DL/01-basics/DL-003-nn-types-history-applications/DL-003-nn-types-history-applications.md#25-generative-adversarial-network-gan
G-841	Generative AI	DL/06-transformers/DL-071-introduction-to-transformers/DL-071-introduction-to-transformers.md	64-generative-ai	DL/06-transformers/DL-071-introduction-to-transformers/DL-071-introduction-to-transformers.md#64-generative-ai
G-842	Generative process	MA/08-likelihood/MA-073-gaussian-mixture-models/MA-073-gaussian-mixture-models.md	51-the-two-steps	MA/08-likelihood/MA-073-gaussian-mixture-models/MA-073-gaussian-mixture-models.md#51-the-two-steps
G-843	Generator	DL/01-basics/DL-003-nn-types-history-applications/DL-003-nn-types-history-applications.md	25-generative-adversarial-network-gan	DL/01-basics/DL-003-nn-types-history-applications/DL-003-nn-types-history-applications.md#25-generative-adversarial-network-gan
G-844	Geometric mean	MA/01-descriptive-stats/MA-005-measures-of-central-tendency/MA-005-measures-of-central-tendency.md	8-choosing-a-measure	MA/01-descriptive-stats/MA-005-measures-of-central-tendency/MA-005-measures-of-central-tendency.md#8-choosing-a-measure
G-2248	Geometric understanding	MA/00-why-maths/MA-002-learning-maths-for-ml/MA-002-learning-maths-for-ml.md	51-two-halves-of-understanding	MA/00-why-maths/MA-002-learning-maths-for-ml/MA-002-learning-maths-for-ml.md#51-two-halves-of-understanding
G-845	get_dummies	ML/03-feature-engineering/ML-026-one-hot-encoding/ML-026-one-hot-encoding.md	61-getdummies	ML/03-feature-engineering/ML-026-one-hot-encoding/ML-026-one-hot-encoding.md#61-getdummies
G-846	get_feature_names_out	ML/03-feature-engineering/ML-026-one-hot-encoding/ML-026-one-hot-encoding.md		ML/03-feature-engineering/ML-026-one-hot-encoding/ML-026-one-hot-encoding.md
G-847	Gini impurity	ML/08-trees-and-ensembles/ML-091-decision-trees-intuition/ML-091-decision-trees-intuition.md	82-the-formula	ML/08-trees-and-ensembles/ML-091-decision-trees-intuition/ML-091-decision-trees-intuition.md#82-the-formula
G-848	Global minimum	ML/06-regression/ML-056-gradient-descent/ML-056-gradient-descent.md	8-the-shape-of-the-loss-function-matters	ML/06-regression/ML-056-gradient-descent/ML-056-gradient-descent.md#8-the-shape-of-the-loss-function-matters
G-849	Global pooling	DL/04-cnn/DL-044-pooling/DL-044-pooling.md	82-global-pooling	DL/04-cnn/DL-044-pooling/DL-044-pooling.md#82-global-pooling
G-850	Glorot (Xavier) and He initialisation	DL/01-basics/DL-018-vanishing-exploding-gradients/DL-018-vanishing-exploding-gradients.md		DL/01-basics/DL-018-vanishing-exploding-gradients/DL-018-vanishing-exploding-gradients.md
G-851	GloVe	DL/06-transformers/DL-072-meaning-as-direction/DL-072-meaning-as-direction.md	1-overview	DL/06-transformers/DL-072-meaning-as-direction/DL-072-meaning-as-direction.md#1-overview
G-852	Good fit	ML/01-foundations/ML-007-challenges-in-ml/ML-007-challenges-in-ml.md	72-underfitting	ML/01-foundations/ML-007-challenges-in-ml/ML-007-challenges-in-ml.md#72-underfitting
G-853	Goodness-of-fit test	MA/04-inference/MA-045-chi-square-tests/MA-045-chi-square-tests.md	41-the-question	MA/04-inference/MA-045-chi-square-tests/MA-045-chi-square-tests.md#41-the-question
G-854	Google Colab	ML/01-foundations/ML-011-setup-anaconda-jupyter-colab/ML-011-setup-anaconda-jupyter-colab.md	7-google-colab	ML/01-foundations/ML-011-setup-anaconda-jupyter-colab/ML-011-setup-anaconda-jupyter-colab.md#7-google-colab
G-855	GPT	DL/06-transformers/DL-087-decoder-only-gpt/DL-087-decoder-only-gpt.md	1-overview	DL/06-transformers/DL-087-decoder-only-gpt/DL-087-decoder-only-gpt.md#1-overview
G-856	GPU	ML/01-foundations/ML-011-setup-anaconda-jupyter-colab/ML-011-setup-anaconda-jupyter-colab.md	6-kaggle-notebooks	ML/01-foundations/ML-011-setup-anaconda-jupyter-colab/ML-011-setup-anaconda-jupyter-colab.md#6-kaggle-notebooks
G-857	Gradient $g_i$	ML/08-trees-and-ensembles/ML-120-xgboost-maths/ML-120-xgboost-maths.md		ML/08-trees-and-ensembles/ML-120-xgboost-maths/ML-120-xgboost-maths.md
G-863	Gradient (of the loss)	DL/01-basics/DL-015-backpropagation-what/DL-015-backpropagation-what.md		DL/01-basics/DL-015-backpropagation-what/DL-015-backpropagation-what.md
G-858	Gradient as a row vector	MA/06-calculus/MA-062-partial-derivatives-and-gradients/MA-062-partial-derivatives-and-gradients.md	41-collecting-the-partial-derivatives	MA/06-calculus/MA-062-partial-derivatives-and-gradients/MA-062-partial-derivatives-and-gradients.md#41-collecting-the-partial-derivatives
G-859	Gradient boosting	ML/08-trees-and-ensembles/ML-114-gradient-boosting-intuition/ML-114-gradient-boosting-intuition.md	1-overview	ML/08-trees-and-ensembles/ML-114-gradient-boosting-intuition/ML-114-gradient-boosting-intuition.md#1-overview
G-860	Gradient checking	MA/06-calculus/MA-062-partial-derivatives-and-gradients/MA-062-partial-derivatives-and-gradients.md	7-checking-a-gradient-numerically	MA/06-calculus/MA-062-partial-derivatives-and-gradients/MA-062-partial-derivatives-and-gradients.md#7-checking-a-gradient-numerically
G-861	Gradient clipping	DL/01-basics/DL-018-vanishing-exploding-gradients/DL-018-vanishing-exploding-gradients.md	73-gradient-clipping	DL/01-basics/DL-018-vanishing-exploding-gradients/DL-018-vanishing-exploding-gradients.md#73-gradient-clipping
G-862	Gradient descent	ML/06-regression/ML-056-gradient-descent/ML-056-gradient-descent.md	1-overview	ML/06-regression/ML-056-gradient-descent/ML-056-gradient-descent.md#1-overview
G-864	Gradient routing	DL/04-cnn/DL-048-backpropagation-cnn-layers/DL-048-backpropagation-cnn-layers.md	6-back-through-max-pooling-route-to-the-maximum	DL/04-cnn/DL-048-backpropagation-cnn-layers/DL-048-backpropagation-cnn-layers.md#6-back-through-max-pooling-route-to-the-maximum
G-866	Grand mean	MA/04-inference/MA-046-one-way-anova/MA-046-one-way-anova.md	3-splitting-the-variation	MA/04-inference/MA-046-one-way-anova/MA-046-one-way-anova.md#3-splitting-the-variation
G-867	Grand total	MA/02-probability/MA-013-venn-diagrams-and-contingency-tables/MA-013-venn-diagrams-and-contingency-tables.md		MA/02-probability/MA-013-venn-diagrams-and-contingency-tables/MA-013-venn-diagrams-and-contingency-tables.md
G-868	Graphviz	ML/08-trees-and-ensembles/ML-094-dtreeviz/ML-094-dtreeviz.md	3-installing-and-calling-dtreeviz	ML/08-trees-and-ensembles/ML-094-dtreeviz/ML-094-dtreeviz.md#3-installing-and-calling-dtreeviz
G-869	GRE, TOEFL	DL/01-basics/DL-013-graduate-admission-ann/DL-013-graduate-admission-ann.md	2-the-graduate-admission-data	DL/01-basics/DL-013-graduate-admission-ann/DL-013-graduate-admission-ann.md#2-the-graduate-admission-data
G-870	Greedy decoding	DL/06-transformers/DL-068-encoder-decoder/DL-068-encoder-decoder.md	6-prediction	DL/06-transformers/DL-068-encoder-decoder/DL-068-encoder-decoder.md#6-prediction
G-871	Greedy search	ML/08-trees-and-ensembles/ML-091-decision-trees-intuition/ML-091-decision-trees-intuition.md	73-greedy-top-down-recursive	ML/08-trees-and-ensembles/ML-091-decision-trees-intuition/ML-091-decision-trees-intuition.md#73-greedy-top-down-recursive
G-872	Grid search	ML/03-feature-engineering/ML-028-pipelines/ML-028-pipelines.md		ML/03-feature-engineering/ML-028-pipelines/ML-028-pipelines.md
G-873	Grid-like topology	DL/04-cnn/DL-040-cnn-intuition/DL-040-cnn-intuition.md		DL/04-cnn/DL-040-cnn-intuition/DL-040-cnn-intuition.md
G-874	Grouping effect	ML/06-regression/ML-068-elastic-net/ML-068-elastic-net.md	5-correlated-features-the-grouping-effect	ML/06-regression/ML-068-elastic-net/ML-068-elastic-net.md#5-correlated-features-the-grouping-effect
G-875	handle_unknown	ML/03-feature-engineering/ML-026-one-hot-encoding/ML-026-one-hot-encoding.md		ML/03-feature-engineering/ML-026-one-hot-encoding/ML-026-one-hot-encoding.md
G-876	handle_unknown="ignore"	ML/03-feature-engineering/ML-028-pipelines/ML-028-pipelines.md	42-one-hot-encoding-sex-and-embarked	ML/03-feature-engineering/ML-028-pipelines/ML-028-pipelines.md#42-one-hot-encoding-sex-and-embarked
G-877	Hard assignment	MA/08-likelihood/MA-074-expectation-maximization/MA-074-expectation-maximization.md	8-k-means-as-hard-em	MA/08-likelihood/MA-074-expectation-maximization/MA-074-expectation-maximization.md#8-k-means-as-hard-em
G-878	Hard voting	ML/08-trees-and-ensembles/ML-097-voting-classifier/ML-097-voting-classifier.md	31-hard-voting	ML/08-trees-and-ensembles/ML-097-voting-classifier/ML-097-voting-classifier.md#31-hard-voting
G-879	Hard-margin SVM	ML/07-classification/ML-087-svm-maths/ML-087-svm-maths.md	7-the-limit-hard-margin-svm	ML/07-classification/ML-087-svm-maths/ML-087-svm-maths.md#7-the-limit-hard-margin-svm
G-880	Harmonic mean	ML/07-classification/ML-076-precision-recall-f1/ML-076-precision-recall-f1.md	42-why-the-harmonic-mean	ML/07-classification/ML-076-precision-recall-f1/ML-076-precision-recall-f1.md#42-why-the-harmonic-mean
G-881	He normal	DL/02-training/DL-030-xavier-he-initialization/DL-030-xavier-he-initialization.md	62-with-keras-initialisers	DL/02-training/DL-030-xavier-he-initialization/DL-030-xavier-he-initialization.md#62-with-keras-initialisers
G-882	He uniform	DL/02-training/DL-030-xavier-he-initialization/DL-030-xavier-he-initialization.md	62-with-keras-initialisers	DL/02-training/DL-030-xavier-he-initialization/DL-030-xavier-he-initialization.md#62-with-keras-initialisers
G-883	Head	DL/06-transformers/DL-078-multi-head-attention/DL-078-multi-head-attention.md	1-overview	DL/06-transformers/DL-078-multi-head-attention/DL-078-multi-head-attention.md#1-overview
G-884	Header (of a file)	ML/02-getting-data/ML-014-working-with-csv/ML-014-working-with-csv.md	2-csv-and-tsv-files	ML/02-getting-data/ML-014-working-with-csv/ML-014-working-with-csv.md#2-csv-and-tsv-files
G-885	Headers (HTTP)	ML/02-getting-data/ML-017-web-scraping/ML-017-web-scraping.md	32-looking-like-a-browser	ML/02-getting-data/ML-017-web-scraping/ML-017-web-scraping.md#32-looking-like-a-browser
G-886	Heatmap	ML/02-getting-data/ML-020-bivariate-multivariate-analysis/ML-020-bivariate-multivariate-analysis.md	71-crosstab-and-heatmap	ML/02-getting-data/ML-020-bivariate-multivariate-analysis/ML-020-bivariate-multivariate-analysis.md#71-crosstab-and-heatmap
G-887	Hessian $h_i$	ML/08-trees-and-ensembles/ML-120-xgboost-maths/ML-120-xgboost-maths.md	8-the-second-order-approximation-of-the-objective	ML/08-trees-and-ensembles/ML-120-xgboost-maths/ML-120-xgboost-maths.md#8-the-second-order-approximation-of-the-objective
G-888	Hessian matrix	MA/06-calculus/MA-064-hessian-and-multivariate-taylor/MA-064-hessian-and-multivariate-taylor.md	51-the-hessian-matrix	MA/06-calculus/MA-064-hessian-and-multivariate-taylor/MA-064-hessian-and-multivariate-taylor.md#51-the-hessian-matrix
G-889	Heteroscedasticity	ML/06-regression/ML-055-linear-regression-assumptions/ML-055-linear-regression-assumptions.md	6-assumption-4-homoscedasticity	ML/06-regression/ML-055-linear-regression-assumptions/ML-055-linear-regression-assumptions.md#6-assumption-4-homoscedasticity
G-890	Hidden layer	DL/01-basics/DL-002-what-is-deep-learning/DL-002-what-is-deep-learning.md	22-the-parts-of-a-neural-network	DL/01-basics/DL-002-what-is-deep-learning/DL-002-what-is-deep-learning.md#22-the-parts-of-a-neural-network
G-891	Hidden state ($h_t$)	DL/05-rnn/DL-056-rnn-forward-propagation/DL-056-rnn-forward-propagation.md	42-two-differences-from-an-ann	DL/05-rnn/DL-056-rnn-forward-propagation/DL-056-rnn-forward-propagation.md#42-two-differences-from-an-ann
G-892	hidden_layer_sizes	DL/01-basics/DL-009-mlp-intuition/DL-009-mlp-intuition.md		DL/01-basics/DL-009-mlp-intuition/DL-009-mlp-intuition.md
G-893	Hierarchical clustering	ML/09-clustering-and-more/ML-125-hierarchical-clustering/ML-125-hierarchical-clustering.md	1-overview	ML/09-clustering-and-more/ML-125-hierarchical-clustering/ML-125-hierarchical-clustering.md#1-overview
G-894	Hierarchical representation	DL/05-rnn/DL-065-deep-rnns/DL-065-deep-rnns.md	71-hierarchical-representation	DL/05-rnn/DL-065-deep-rnns/DL-065-deep-rnns.md#71-hierarchical-representation
G-895	High bias, low variance algorithm	ML/08-trees-and-ensembles/ML-099-bagging-intuition/ML-099-bagging-intuition.md		ML/08-trees-and-ensembles/ML-099-bagging-intuition/ML-099-bagging-intuition.md
G-896	High cardinality	ML/02-getting-data/ML-021-pandas-profiling/ML-021-pandas-profiling.md		ML/02-getting-data/ML-021-pandas-profiling/ML-021-pandas-profiling.md
G-897	High-dimensional data	ML/05-dimensionality/ML-045-curse-of-dimensionality/ML-045-curse-of-dimensionality.md	2-what-the-curse-of-dimensionality-is	ML/05-dimensionality/ML-045-curse-of-dimensionality/ML-045-curse-of-dimensionality.md#2-what-the-curse-of-dimensionality-is
G-898	Hinge loss	ML/07-classification/ML-088-svm-soft-margin/ML-088-svm-soft-margin.md	7-comparison-with-logistic-regression	ML/07-classification/ML-088-svm-soft-margin/ML-088-svm-soft-margin.md#7-comparison-with-logistic-regression
G-899	Histogram	ML/02-getting-data/ML-019-univariate-analysis/ML-019-univariate-analysis.md	6-histogram	ML/02-getting-data/ML-019-univariate-analysis/ML-019-univariate-analysis.md#6-histogram
G-900	History object	DL/01-basics/DL-011-customer-churn-ann/DL-011-customer-churn-ann.md	8-training-curves	DL/01-basics/DL-011-customer-churn-ann/DL-011-customer-churn-ann.md#8-training-curves
G-901	Hold-out set	ML/08-trees-and-ensembles/ML-121-stacking-blending/ML-121-stacking-blending.md	5-the-overfitting-problem	ML/08-trees-and-ensembles/ML-121-stacking-blending/ML-121-stacking-blending.md#5-the-overfitting-problem
G-902	Homoscedasticity	ML/06-regression/ML-055-linear-regression-assumptions/ML-055-linear-regression-assumptions.md	6-assumption-4-homoscedasticity	ML/06-regression/ML-055-linear-regression-assumptions/ML-055-linear-regression-assumptions.md#6-assumption-4-homoscedasticity
G-903	Horizontal flip	DL/04-cnn/DL-050-data-augmentation/DL-050-data-augmentation.md	41-five-common-transformations	DL/04-cnn/DL-050-data-augmentation/DL-050-data-augmentation.md#41-five-common-transformations
G-904	HTML	ML/02-getting-data/ML-017-web-scraping/ML-017-web-scraping.md	1-overview	ML/02-getting-data/ML-017-web-scraping/ML-017-web-scraping.md#1-overview
G-905	Huber loss	DL/01-basics/DL-014-dl-loss-functions/DL-014-dl-loss-functions.md	71-when-neither-mse-nor-mae-fits	DL/01-basics/DL-014-dl-loss-functions/DL-014-dl-loss-functions.md#71-when-neither-mse-nor-mae-fits
G-906	Hue, style, size	ML/02-getting-data/ML-020-bivariate-multivariate-analysis/ML-020-bivariate-multivariate-analysis.md		ML/02-getting-data/ML-020-bivariate-multivariate-analysis/ML-020-bivariate-multivariate-analysis.md
G-907	Hyper-cuboid	ML/08-trees-and-ensembles/ML-091-decision-trees-intuition/ML-091-decision-trees-intuition.md	32-lines-planes-hyperplanes	ML/08-trees-and-ensembles/ML-091-decision-trees-intuition/ML-091-decision-trees-intuition.md#32-lines-planes-hyperplanes
G-910	Hyperparameter	ML/03-feature-engineering/ML-028-pipelines/ML-028-pipelines.md	9-hyperparameter-tuning-with-a-pipeline	ML/03-feature-engineering/ML-028-pipelines/ML-028-pipelines.md#9-hyperparameter-tuning-with-a-pipeline
G-908	Hyperparameter importance	ML/09-clustering-and-more/ML-128-optuna/ML-128-optuna.md	74-hyperparameter-importances	ML/09-clustering-and-more/ML-128-optuna/ML-128-optuna.md#74-hyperparameter-importances
G-909	Hyperparameter tuning	ML/03-feature-engineering/ML-028-pipelines/ML-028-pipelines.md	9-hyperparameter-tuning-with-a-pipeline	ML/03-feature-engineering/ML-028-pipelines/ML-028-pipelines.md#9-hyperparameter-tuning-with-a-pipeline
G-911	Hyperplane	ML/06-regression/ML-052-multiple-linear-regression/ML-052-multiple-linear-regression.md	22-more-inputs-a-hyperplane	ML/06-regression/ML-052-multiple-linear-regression/ML-052-multiple-linear-regression.md#22-more-inputs-a-hyperplane
G-2214	Hypothesis (Bayes' theorem)	MA/02-probability/MA-018-bayes-theorem/MA-018-bayes-theorem.md	3-the-names-of-the-four-parts	MA/02-probability/MA-018-bayes-theorem/MA-018-bayes-theorem.md#3-the-names-of-the-four-parts
G-912	Hypothesis function	ML/08-trees-and-ensembles/ML-109-adaboost-intuition/ML-109-adaboost-intuition.md	5-the-final-prediction-a-weighted-vote	ML/08-trees-and-ensembles/ML-109-adaboost-intuition/ML-109-adaboost-intuition.md#5-the-final-prediction-a-weighted-vote
G-913	Hypothesis testing	MA/01-descriptive-stats/MA-004-what-is-statistics/MA-004-what-is-statistics.md	5-the-tools-of-inferential-statistics	MA/01-descriptive-stats/MA-004-what-is-statistics/MA-004-what-is-statistics.md#5-the-tools-of-inferential-statistics
G-914	Identity initialisation	DL/05-rnn/DL-060-problems-with-rnn/DL-060-problems-with-rnn.md	5-fixing-the-vanishing-gradient	DL/05-rnn/DL-060-problems-with-rnn/DL-060-problems-with-rnn.md#5-fixing-the-vanishing-gradient
G-915	Identity matrix	ML/05-dimensionality/ML-047-pca-step-by-step/ML-047-pca-step-by-step.md	41-a-matrix-is-a-transformation	ML/05-dimensionality/ML-047-pca-step-by-step/ML-047-pca-step-by-step.md#41-a-matrix-is-a-transformation
G-916	If-else ladder	ML/01-foundations/ML-001-what-is-ml/ML-001-what-is-ml.md		ML/01-foundations/ML-001-what-is-ml/ML-001-what-is-ml.md
G-917	ILSVRC	DL/04-cnn/DL-051-pretrained-models/DL-051-pretrained-models.md	51-the-competition	DL/04-cnn/DL-051-pretrained-models/DL-051-pretrained-models.md#51-the-competition
G-918	Image captioning	DL/05-rnn/DL-058-types-of-rnn/DL-058-types-of-rnn.md	4-one-to-many	DL/05-rnn/DL-058-types-of-rnn/DL-058-types-of-rnn.md#4-one-to-many
G-919	Image classification	ML/01-foundations/ML-001-what-is-ml/ML-001-what-is-ml.md	42-when-there-are-too-many-cases-recognising-dogs	ML/01-foundations/ML-001-what-is-ml/ML-001-what-is-ml.md#42-when-there-are-too-many-cases-recognising-dogs
G-2268	Image segmentation	DL/04-cnn/DL-044-pooling/DL-044-pooling.md	9-disadvantages-of-pooling	DL/04-cnn/DL-044-pooling/DL-044-pooling.md#9-disadvantages-of-pooling
G-920	ImageNet	DL/01-basics/DL-003-nn-types-history-applications/DL-003-nn-types-history-applications.md	36-2012-imagenet-and-after	DL/01-basics/DL-003-nn-types-history-applications/DL-003-nn-types-history-applications.md#36-2012-imagenet-and-after
G-921	Imbalanced data	ML/01-foundations/ML-009-mldlc/ML-009-mldlc.md	62-what-we-do-during-eda	ML/01-foundations/ML-009-mldlc/ML-009-mldlc.md#62-what-we-do-during-eda
G-922	imbalanced-learn	ML/09-clustering-and-more/ML-127-imbalanced-data/ML-127-imbalanced-data.md	5-random-undersampling	ML/09-clustering-and-more/ML-127-imbalanced-data/ML-127-imbalanced-data.md#5-random-undersampling
G-923	IMDB dataset	DL/05-rnn/DL-055-why-rnn/DL-055-why-rnn.md	51-different-lengths	DL/05-rnn/DL-055-why-rnn/DL-055-why-rnn.md#51-different-lengths
G-924	Immediate derivative	DL/05-rnn/DL-059-backpropagation-through-time/DL-059-backpropagation-through-time.md		DL/05-rnn/DL-059-backpropagation-through-time/DL-059-backpropagation-through-time.md
G-925	Importance $I_i$	DL/06-transformers/DL-090-superposition/DL-090-superposition.md	81-the-toy-model	DL/06-transformers/DL-090-superposition/DL-090-superposition.md#81-the-toy-model
G-926	Impossible event	MA/02-probability/MA-010-events-and-types-of-events/MA-010-events-and-types-of-events.md	47-impossible-and-sure-events	MA/02-probability/MA-010-events-and-types-of-events/MA-010-events-and-types-of-events.md#47-impossible-and-sure-events
G-927	Imputation	ML/03-feature-engineering/ML-022-what-is-feature-engineering/ML-022-what-is-feature-engineering.md	61-handling-missing-values	ML/03-feature-engineering/ML-022-what-is-feature-engineering/ML-022-what-is-feature-engineering.md#61-handling-missing-values
G-928	Inactive constraint	MA/07-optimisation/MA-066-lagrange-multipliers/MA-066-lagrange-multipliers.md		MA/07-optimisation/MA-066-lagrange-multipliers/MA-066-lagrange-multipliers.md
G-929	include_bias	ML/06-regression/ML-060-polynomial-regression/ML-060-polynomial-regression.md	3-adding-powers-as-new-features	ML/06-regression/ML-060-polynomial-regression/ML-060-polynomial-regression.md#3-adding-powers-as-new-features
G-930	Increasing function	MA/08-likelihood/MA-070-maximum-likelihood-estimation/MA-070-maximum-likelihood-estimation.md	81-the-log-does-not-move-the-peak	MA/08-likelihood/MA-070-maximum-likelihood-estimation/MA-070-maximum-likelihood-estimation.md#81-the-log-does-not-move-the-peak
G-931	Incremental learning (incremental training)	ML/01-foundations/ML-004-batch-learning/ML-004-batch-learning.md	31-how-batch-learning-works	ML/01-foundations/ML-004-batch-learning/ML-004-batch-learning.md#31-how-batch-learning-works
G-933	Independent and identically distributed (i.i.d.)	MA/04-inference/MA-033-sampling-distribution-and-clt/MA-033-sampling-distribution-and-clt.md		MA/04-inference/MA-033-sampling-distribution-and-clt/MA-033-sampling-distribution-and-clt.md
G-934	Independent events	MA/02-probability/MA-016-independent-events/MA-016-independent-events.md	2-the-definition	MA/02-probability/MA-016-independent-events/MA-016-independent-events.md#2-the-definition
G-935	Independent models	ML/08-trees-and-ensembles/ML-096-voting-ensemble/ML-096-voting-ensemble.md		ML/08-trees-and-ensembles/ML-096-voting-ensemble/ML-096-voting-ensemble.md
G-936	Independent two-sample t-test	MA/04-inference/MA-042-one-sample-t-test/MA-042-one-sample-t-test.md	3-the-three-types-of-t-test	MA/04-inference/MA-042-one-sample-t-test/MA-042-one-sample-t-test.md#3-the-three-types-of-t-test
G-937	Independent variables	ML/01-foundations/ML-012-toy-project/ML-012-toy-project.md	5-inputs-and-output	ML/01-foundations/ML-012-toy-project/ML-012-toy-project.md#5-inputs-and-output
G-938	Index	ML/02-getting-data/ML-014-working-with-csv/ML-014-working-with-csv.md	7-choosing-the-index-indexcol	ML/02-getting-data/ML-014-working-with-csv/ML-014-working-with-csv.md#7-choosing-the-index-indexcol
G-939	Inertia (of an organisation)	ML/01-foundations/ML-013-framing-ml-problem/ML-013-framing-ml-problem.md		ML/01-foundations/ML-013-framing-ml-problem/ML-013-framing-ml-problem.md
G-940	inertia_	ML/09-clustering-and-more/ML-123-kmeans-code/ML-123-kmeans-code.md	4-choosing-k-with-the-elbow-method	ML/09-clustering-and-more/ML-123-kmeans-code/ML-123-kmeans-code.md#4-choosing-k-with-the-elbow-method
G-943	Inference (statistics)	MA/01-descriptive-stats/MA-004-what-is-statistics/MA-004-what-is-statistics.md	3-descriptive-and-inferential-statistics	MA/01-descriptive-stats/MA-004-what-is-statistics/MA-004-what-is-statistics.md#3-descriptive-and-inferential-statistics
G-941	Inference (vs prediction)	ML/07-classification/ML-085-knn/ML-085-knn.md	75-inference-which-feature-mattered	ML/07-classification/ML-085-knn/ML-085-knn.md#75-inference-which-feature-mattered
G-942	Inference engine	ML/01-foundations/ML-002-ai-vs-ml-vs-dl/ML-002-ai-vs-ml-vs-dl.md	31-how-an-expert-system-works	ML/01-foundations/ML-002-ai-vs-ml-vs-dl/ML-002-ai-vs-ml-vs-dl.md#31-how-an-expert-system-works
G-944	Inferential statistics	MA/01-descriptive-stats/MA-004-what-is-statistics/MA-004-what-is-statistics.md	3-descriptive-and-inferential-statistics	MA/01-descriptive-stats/MA-004-what-is-statistics/MA-004-what-is-statistics.md#3-descriptive-and-inferential-statistics
G-945	Inflection point	MA/03-distributions/MA-024-normal-distribution/MA-024-normal-distribution.md	5-the-pdf-of-the-normal-distribution	MA/03-distributions/MA-024-normal-distribution/MA-024-normal-distribution.md#5-the-pdf-of-the-normal-distribution
G-946	Information gain	ML/08-trees-and-ensembles/ML-091-decision-trees-intuition/ML-091-decision-trees-intuition.md	71-the-definition	ML/08-trees-and-ensembles/ML-091-decision-trees-intuition/ML-091-decision-trees-intuition.md#71-the-definition
G-947	Initialisation	DL/01-basics/DL-015-backpropagation-what/DL-015-backpropagation-what.md		DL/01-basics/DL-015-backpropagation-what/DL-015-backpropagation-what.md
G-948	Input / output	ML/01-foundations/ML-003-types-of-ml/ML-003-types-of-ml.md		ML/01-foundations/ML-003-types-of-ml/ML-003-types-of-ml.md
G-949	Input feeding	DL/06-transformers/DL-070-bahdanau-vs-luong-attention/DL-070-bahdanau-vs-luong-attention.md	52-the-current-state-and-the-context-on-the-output-side	DL/06-transformers/DL-070-bahdanau-vs-luong-attention/DL-070-bahdanau-vs-luong-attention.md#52-the-current-state-and-the-context-on-the-output-side
G-950	Input gate ($i_t$)	DL/05-rnn/DL-062-lstm-architecture/DL-062-lstm-architecture.md	3-what-the-cell-must-do	DL/05-rnn/DL-062-lstm-architecture/DL-062-lstm-architecture.md#3-what-the-cell-must-do
G-952	Input layer	DL/01-basics/DL-002-what-is-deep-learning/DL-002-what-is-deep-learning.md	22-the-parts-of-a-neural-network	DL/01-basics/DL-002-what-is-deep-learning/DL-002-what-is-deep-learning.md#22-the-parts-of-a-neural-network
G-953	Inspect	ML/02-getting-data/ML-017-web-scraping/ML-017-web-scraping.md	6-finding-the-right-tags-with-inspect	ML/02-getting-data/ML-017-web-scraping/ML-017-web-scraping.md#6-finding-the-right-tags-with-inspect
G-954	Instance set $I_j$	ML/08-trees-and-ensembles/ML-120-xgboost-maths/ML-120-xgboost-maths.md	9-from-a-sum-over-observations-to-a-sum-over-leaves	ML/08-trees-and-ensembles/ML-120-xgboost-maths/ML-120-xgboost-maths.md#9-from-a-sum-over-observations-to-a-sum-over-leaves
G-955	Instance-based learning	ML/01-foundations/ML-006-instance-vs-model-based/ML-006-instance-vs-model-based.md	2-two-ways-to-learn	ML/01-foundations/ML-006-instance-vs-model-based/ML-006-instance-vs-model-based.md#2-two-ways-to-learn
G-956	Integer encoding	DL/05-rnn/DL-057-rnn-sentiment-analysis/DL-057-rnn-sentiment-analysis.md	31-the-three-steps	DL/05-rnn/DL-057-rnn-sentiment-analysis/DL-057-rnn-sentiment-analysis.md#31-the-three-steps
G-957	Integration	MA/03-distributions/MA-022-pdf-and-continuous-cdf/MA-022-pdf-and-continuous-cdf.md	3-area-under-the-curve-is-probability	MA/03-distributions/MA-022-pdf-and-continuous-cdf/MA-022-pdf-and-continuous-cdf.md#3-area-under-the-curve-is-probability
G-958	Inter-sequence attention	DL/06-transformers/DL-077-why-self-attention/DL-077-why-self-attention.md		DL/06-transformers/DL-077-why-self-attention/DL-077-why-self-attention.md
G-959	Interaction term	ML/06-regression/ML-060-polynomial-regression/ML-060-polynomial-regression.md	5-more-than-one-feature	ML/06-regression/ML-060-polynomial-regression/ML-060-polynomial-regression.md#5-more-than-one-feature
G-960	Intercept	ML/06-regression/ML-049-simple-linear-regression/ML-049-simple-linear-regression.md	32-if-the-data-were-perfectly-linear	ML/06-regression/ML-049-simple-linear-regression/ML-049-simple-linear-regression.md#32-if-the-data-were-perfectly-linear
G-961	intercept_	ML/06-regression/ML-049-simple-linear-regression/ML-049-simple-linear-regression.md		ML/06-regression/ML-049-simple-linear-regression/ML-049-simple-linear-regression.md
G-962	Interference	DL/06-transformers/DL-090-superposition/DL-090-superposition.md		DL/06-transformers/DL-090-superposition/DL-090-superposition.md
G-963	Internal covariate shift	DL/02-training/DL-031-batch-normalization/DL-031-batch-normalization.md	33-internal-covariate-shift	DL/02-training/DL-031-batch-normalization/DL-031-batch-normalization.md#33-internal-covariate-shift
G-964	Interpolation	ML/09-clustering-and-more/ML-127-imbalanced-data/ML-127-imbalanced-data.md	71-interpolation	ML/09-clustering-and-more/ML-127-imbalanced-data/ML-127-imbalanced-data.md#71-interpolation
G-965	Interpretability	ML/08-trees-and-ensembles/ML-108-feature-importance/ML-108-feature-importance.md	22-interpretability	ML/08-trees-and-ensembles/ML-108-feature-importance/ML-108-feature-importance.md#22-interpretability
G-966	Interquartile range (IQR)	ML/02-getting-data/ML-019-univariate-analysis/ML-019-univariate-analysis.md	8-box-plot	ML/02-getting-data/ML-019-univariate-analysis/ML-019-univariate-analysis.md#8-box-plot
G-967	Intersection (A ∩ B)	MA/02-probability/MA-015-conditional-probability/MA-015-conditional-probability.md		MA/02-probability/MA-015-conditional-probability/MA-015-conditional-probability.md
G-968	Inverse matrix	ML/06-regression/ML-053-multiple-lr-maths/ML-053-multiple-lr-maths.md	6-the-normal-equation	ML/06-regression/ML-053-multiple-lr-maths/ML-053-multiple-lr-maths.md#6-the-normal-equation
G-969	Inverse square root decay	DL/06-transformers/DL-086-transformer-end-to-end/DL-086-transformer-end-to-end.md		DL/06-transformers/DL-086-transformer-end-to-end/DL-086-transformer-end-to-end.md
G-970	Inverted dropout	DL/02-training/DL-024-dropout/DL-024-dropout.md	6-dropout-at-prediction-time	DL/02-training/DL-024-dropout/DL-024-dropout.md#6-dropout-at-prediction-time
G-971	IoT sensor	ML/01-foundations/ML-008-applications-of-ml/ML-008-applications-of-ml.md	62-predictive-maintenance	ML/01-foundations/ML-008-applications-of-ml/ML-008-applications-of-ml.md#62-predictive-maintenance
G-972	IQR method (IQR rule, IQR proximity rule)	ML/02-getting-data/ML-019-univariate-analysis/ML-019-univariate-analysis.md	81-whiskers-and-outliers	ML/02-getting-data/ML-019-univariate-analysis/ML-019-univariate-analysis.md#81-whiskers-and-outliers
G-973	Iris dataset	MA/03-distributions/MA-027-pdf-and-cdf-in-practice/MA-027-pdf-and-cdf-in-practice.md	21-the-iris-data	MA/03-distributions/MA-027-pdf-and-cdf-in-practice/MA-027-pdf-and-cdf-in-practice.md#21-the-iris-data
G-974	isnull	ML/04-missing-data-and-outliers/ML-034-complete-case-analysis/ML-034-complete-case-analysis.md	81-the-data	ML/04-missing-data-and-outliers/ML-034-complete-case-analysis/ML-034-complete-case-analysis.md#81-the-data
G-975	ISO week	ML/03-feature-engineering/ML-033-date-and-time/ML-033-date-and-time.md	56-week-of-the-year	ML/03-feature-engineering/ML-033-date-and-time/ML-033-date-and-time.md#56-week-of-the-year
G-976	Iteration (MICE)	ML/04-missing-data-and-outliers/ML-039-iterative-imputer-mice/ML-039-iterative-imputer-mice.md	63-the-marketing-column	ML/04-missing-data-and-outliers/ML-039-iterative-imputer-mice/ML-039-iterative-imputer-mice.md#63-the-marketing-column
G-977	Iteration 0	ML/04-missing-data-and-outliers/ML-039-iterative-imputer-mice/ML-039-iterative-imputer-mice.md	5-step-0-fill-with-the-column-means	ML/04-missing-data-and-outliers/ML-039-iterative-imputer-mice/ML-039-iterative-imputer-mice.md#5-step-0-fill-with-the-column-means
G-978	Iterative imputer	ML/04-missing-data-and-outliers/ML-034-complete-case-analysis/ML-034-complete-case-analysis.md		ML/04-missing-data-and-outliers/ML-034-complete-case-analysis/ML-034-complete-case-analysis.md
G-980	Jacobian	MA/06-calculus/MA-063-jacobian-and-matrix-gradients/MA-063-jacobian-and-matrix-gradients.md	42-the-formula-every-partial-derivative-in-one-grid	MA/06-calculus/MA-063-jacobian-and-matrix-gradients/MA-063-jacobian-and-matrix-gradients.md#42-the-formula-every-partial-derivative-in-one-grid
G-979	Jacobian determinant	MA/06-calculus/MA-063-jacobian-and-matrix-gradients/MA-063-jacobian-and-matrix-gradients.md	52-det-j-how-a-function-scales-small-areas	MA/06-calculus/MA-063-jacobian-and-matrix-gradients/MA-063-jacobian-and-matrix-gradients.md#52-det-j-how-a-function-scales-small-areas
G-982	Jensen's inequality	MA/07-optimisation/MA-067-convex-sets-and-functions/MA-067-convex-sets-and-functions.md	3-convex-functions-and-their-sets	MA/07-optimisation/MA-067-convex-sets-and-functions/MA-067-convex-sets-and-functions.md#3-convex-functions-and-their-sets
G-981	Jensen's inequality (for the log)	MA/08-likelihood/MA-074-expectation-maximization/MA-074-expectation-maximization.md	62-jensens-inequality-for-the-log	MA/08-likelihood/MA-074-expectation-maximization/MA-074-expectation-maximization.md#62-jensens-inequality-for-the-log
G-983	joblib	ML/03-feature-engineering/ML-028-pipelines/ML-028-pipelines.md		ML/03-feature-engineering/ML-028-pipelines/ML-028-pipelines.md
G-984	Johnson–Lindenstrauss lemma	DL/06-transformers/DL-090-superposition/DL-090-superposition.md	6-the-room-grows-exponentially-with-the-dimension	DL/06-transformers/DL-090-superposition/DL-090-superposition.md#6-the-room-grows-exponentially-with-the-dimension
G-986	Joint probability	MA/02-probability/MA-019-bayes-problem/MA-019-bayes-problem.md	5-the-answer	MA/02-probability/MA-019-bayes-problem/MA-019-bayes-problem.md#5-the-answer
G-985	Joint probability distribution	MA/02-probability/MA-014-joint-marginal-conditional-probability/MA-014-joint-marginal-conditional-probability.md	22-the-joint-probability-distribution	MA/02-probability/MA-014-joint-marginal-conditional-probability/MA-014-joint-marginal-conditional-probability.md#22-the-joint-probability-distribution
G-987	JSON (JavaScript Object Notation)	ML/01-foundations/ML-009-mldlc/ML-009-mldlc.md	11-one-row-through-the-stages	ML/01-foundations/ML-009-mldlc/ML-009-mldlc.md#11-one-row-through-the-stages
G-988	JSON Lines	ML/02-getting-data/ML-015-working-with-json-and-sql/ML-015-working-with-json-and-sql.md		ML/02-getting-data/ML-015-working-with-json-and-sql/ML-015-working-with-json-and-sql.md
G-989	JSON viewer	ML/02-getting-data/ML-016-fetching-data-from-api/ML-016-fetching-data-from-api.md		ML/02-getting-data/ML-016-fetching-data-from-api/ML-016-fetching-data-from-api.md
G-990	Jupyter	ML/01-foundations/ML-011-setup-anaconda-jupyter-colab/ML-011-setup-anaconda-jupyter-colab.md	31-starting-jupyter	ML/01-foundations/ML-011-setup-anaconda-jupyter-colab/ML-011-setup-anaconda-jupyter-colab.md#31-starting-jupyter
G-991	JupyterLab	ML/01-foundations/ML-011-setup-anaconda-jupyter-colab/ML-011-setup-anaconda-jupyter-colab.md	31-starting-jupyter	ML/01-foundations/ML-011-setup-anaconda-jupyter-colab/ML-011-setup-anaconda-jupyter-colab.md#31-starting-jupyter
G-993	k (k-means)	ML/09-clustering-and-more/ML-122-kmeans-intuition/ML-122-kmeans-intuition.md		ML/09-clustering-and-more/ML-122-kmeans-intuition/ML-122-kmeans-intuition.md
G-992	k (n_neighbors)	ML/07-classification/ML-085-knn/ML-085-knn.md		ML/07-classification/ML-085-knn/ML-085-knn.md
G-994	k-distance plot	ML/09-clustering-and-more/ML-126-dbscan/ML-126-dbscan.md		ML/09-clustering-and-more/ML-126-dbscan/ML-126-dbscan.md
G-996	k-means	ML/03-feature-engineering/ML-031-binning-binarization/ML-031-binning-binarization.md	7-k-means-binning	ML/03-feature-engineering/ML-031-binning-binarization/ML-031-binning-binarization.md#7-k-means-binning
G-995	k-means binning	ML/03-feature-engineering/ML-031-binning-binarization/ML-031-binning-binarization.md	4-kinds-of-discretization	ML/03-feature-engineering/ML-031-binning-binarization/ML-031-binning-binarization.md#4-kinds-of-discretization
G-997	k-means++	ML/09-clustering-and-more/ML-123-kmeans-code/ML-123-kmeans-code.md	5-training-k-means-with-k--4	ML/09-clustering-and-more/ML-123-kmeans-code/ML-123-kmeans-code.md#5-training-k-means-with-k--4
G-998	K-nearest neighbours (KNN)	ML/01-foundations/ML-006-instance-vs-model-based/ML-006-instance-vs-model-based.md	31-how-it-works	ML/01-foundations/ML-006-instance-vs-model-based/ML-006-instance-vs-model-based.md#31-how-it-works
G-999	Kaggle	ML/02-getting-data/ML-016-fetching-data-from-api/ML-016-fetching-data-from-api.md		ML/02-getting-data/ML-016-fetching-data-from-api/ML-016-fetching-data-from-api.md
G-1000	KBinsDiscretizer	ML/03-feature-engineering/ML-031-binning-binarization/ML-031-binning-binarization.md	9-kbinsdiscretizer-in-scikit-learn	ML/03-feature-engineering/ML-031-binning-binarization/ML-031-binning-binarization.md#9-kbinsdiscretizer-in-scikit-learn
G-1003	Keras	DL/01-basics/DL-001-dl-scope-and-prerequisites/DL-001-dl-scope-and-prerequisites.md	21-artificial-neural-networks	DL/01-basics/DL-001-dl-scope-and-prerequisites/DL-001-dl-scope-and-prerequisites.md#21-artificial-neural-networks
G-1001	Keras Tuner	DL/03-optimizers/DL-039-keras-tuner/DL-039-keras-tuner.md	1-overview	DL/03-optimizers/DL-039-keras-tuner/DL-039-keras-tuner.md#1-overview
G-1002	Keras workflow	DL/01-basics/DL-011-customer-churn-ann/DL-011-customer-churn-ann.md		DL/01-basics/DL-011-customer-churn-ann/DL-011-customer-churn-ann.md
G-1009	Kernel (Jupyter)	ML/01-foundations/ML-011-setup-anaconda-jupyter-colab/ML-011-setup-anaconda-jupyter-colab.md	33-the-kernel	ML/01-foundations/ML-011-setup-anaconda-jupyter-colab/ML-011-setup-anaconda-jupyter-colab.md#33-the-kernel
G-2273	Kernel (KDE)	ML/02-getting-data/ML-019-univariate-analysis/ML-019-univariate-analysis.md	7-density-plot	ML/02-getting-data/ML-019-univariate-analysis/ML-019-univariate-analysis.md#7-density-plot
G-2274	Kernel (Keras)	DL/02-training/DL-026-regularization-in-dl/DL-026-regularization-in-dl.md	73-with-l2	DL/02-training/DL-026-regularization-in-dl/DL-026-regularization-in-dl.md#73-with-l2
G-1004	Kernel (SVM)	ML/07-classification/ML-089-kernel-trick-intuition/ML-089-kernel-trick-intuition.md		ML/07-classification/ML-089-kernel-trick-intuition/ML-089-kernel-trick-intuition.md
G-1005	Kernel density estimate (KDE)	ML/02-getting-data/ML-019-univariate-analysis/ML-019-univariate-analysis.md	7-density-plot	ML/02-getting-data/ML-019-univariate-analysis/ML-019-univariate-analysis.md#7-density-plot
G-1006	Kernel function $K(a, b)$	ML/07-classification/ML-090-kernel-trick-code/ML-090-kernel-trick-code.md		ML/07-classification/ML-090-kernel-trick-code/ML-090-kernel-trick-code.md
G-1007	Kernel transformation	ML/07-classification/ML-089-kernel-trick-intuition/ML-089-kernel-trick-intuition.md	32-the-feature-map-and-the-kernel	ML/07-classification/ML-089-kernel-trick-intuition/ML-089-kernel-trick-intuition.md#32-the-feature-map-and-the-kernel
G-1008	Kernel trick	ML/07-classification/ML-089-kernel-trick-intuition/ML-089-kernel-trick-intuition.md	1-overview	ML/07-classification/ML-089-kernel-trick-intuition/ML-089-kernel-trick-intuition.md#1-overview
G-1011	Key	DL/06-transformers/DL-074-self-attention-step-by-step/DL-074-self-attention-step-by-step.md	1-overview	DL/06-transformers/DL-074-self-attention-step-by-step/DL-074-self-attention-step-by-step.md#1-overview
G-1010	Key and value	DL/06-transformers/DL-083-cross-attention/DL-083-cross-attention.md		DL/06-transformers/DL-083-cross-attention/DL-083-cross-attention.md
G-1012	Key, value (in an MLP)	DL/06-transformers/DL-089-mlp-stores-facts/DL-089-mlp-stores-facts.md		DL/06-transformers/DL-089-mlp-stores-facts/DL-089-mlp-stores-facts.md
G-1013	KKT conditions	MA/07-optimisation/MA-066-lagrange-multipliers/MA-066-lagrange-multipliers.md	5-inequality-constraints	MA/07-optimisation/MA-066-lagrange-multipliers/MA-066-lagrange-multipliers.md#5-inequality-constraints
G-1014	KL divergence, focal loss, triplet loss	DL/01-basics/DL-014-dl-loss-functions/DL-014-dl-loss-functions.md		DL/01-basics/DL-014-dl-loss-functions/DL-014-dl-loss-functions.md
G-1015	KMeans	ML/09-clustering-and-more/ML-123-kmeans-code/ML-123-kmeans-code.md		ML/09-clustering-and-more/ML-123-kmeans-code/ML-123-kmeans-code.md
G-1016	KNeighborsClassifier	ML/07-classification/ML-085-knn/ML-085-knn.md		ML/07-classification/ML-085-knn/ML-085-knn.md
G-1017	KNN imputer	ML/04-missing-data-and-outliers/ML-034-complete-case-analysis/ML-034-complete-case-analysis.md		ML/04-missing-data-and-outliers/ML-034-complete-case-analysis/ML-034-complete-case-analysis.md
G-1018	Knowledge base	ML/01-foundations/ML-002-ai-vs-ml-vs-dl/ML-002-ai-vs-ml-vs-dl.md	31-how-an-expert-system-works	ML/01-foundations/ML-002-ai-vs-ml-vs-dl/ML-002-ai-vs-ml-vs-dl.md#31-how-an-expert-system-works
G-1019	Kruskal-Wallis test	MA/04-inference/MA-046-one-way-anova/MA-046-one-way-anova.md	7-assumptions	MA/04-inference/MA-046-one-way-anova/MA-046-one-way-anova.md#7-assumptions
G-1021	Kurtosis	MA/03-distributions/MA-028-kurtosis-and-qq-plots/MA-028-kurtosis-and-qq-plots.md	1-overview	MA/03-distributions/MA-028-kurtosis-and-qq-plots/MA-028-kurtosis-and-qq-plots.md#1-overview
G-1020	Kurtosis risk	MA/03-distributions/MA-028-kurtosis-and-qq-plots/MA-028-kurtosis-and-qq-plots.md	5-where-kurtosis-matters-kurtosis-risk	MA/03-distributions/MA-028-kurtosis-and-qq-plots/MA-028-kurtosis-and-qq-plots.md#5-where-kurtosis-matters-kurtosis-risk
G-1022	KV cache	DL/06-transformers/DL-085-transformer-inference/DL-085-transformer-inference.md	7-the-mask-stays-on-during-inference	DL/06-transformers/DL-085-transformer-inference/DL-085-transformer-inference.md#7-the-mask-stays-on-during-inference
G-1023	L-BFGS	MA/06-calculus/MA-064-hessian-and-multivariate-taylor/MA-064-hessian-and-multivariate-taylor.md	7-where-ml-uses-second-order-approximations	MA/06-calculus/MA-064-hessian-and-multivariate-taylor/MA-064-hessian-and-multivariate-taylor.md#7-where-ml-uses-second-order-approximations
G-1024	L1 loss	DL/01-basics/DL-014-dl-loss-functions/DL-014-dl-loss-functions.md		DL/01-basics/DL-014-dl-loss-functions/DL-014-dl-loss-functions.md
G-1025	L1 norm	MA/05-linear-algebra/MA-049-magnitude-distance-and-scalar-operations/MA-049-magnitude-distance-and-scalar-operations.md	22-in-n-dimensions	MA/05-linear-algebra/MA-049-magnitude-distance-and-scalar-operations/MA-049-magnitude-distance-and-scalar-operations.md#22-in-n-dimensions
G-1026	L1 regularisation	ML/06-regression/ML-066-lasso-regression/ML-066-lasso-regression.md	1-overview	ML/06-regression/ML-066-lasso-regression/ML-066-lasso-regression.md#1-overview
G-1027	l1_ratio	ML/06-regression/ML-068-elastic-net/ML-068-elastic-net.md	3-alpha-and-l1ratio	ML/06-regression/ML-068-elastic-net/ML-068-elastic-net.md#3-alpha-and-l1ratio
G-1028	L2 norm (norm, magnitude, length of a vector)	MA/05-linear-algebra/MA-049-magnitude-distance-and-scalar-operations/MA-049-magnitude-distance-and-scalar-operations.md	22-in-n-dimensions	MA/05-linear-algebra/MA-049-magnitude-distance-and-scalar-operations/MA-049-magnitude-distance-and-scalar-operations.md#22-in-n-dimensions
G-1029	L2 regularisation	ML/06-regression/ML-062-ridge-regression-intuition/ML-062-ridge-regression-intuition.md	1-overview	ML/06-regression/ML-062-ridge-regression-intuition/ML-062-ridge-regression-intuition.md#1-overview
G-1032	Label	DL/01-basics/DL-012-mnist-ann/DL-012-mnist-ann.md	2-the-mnist-data	DL/01-basics/DL-012-mnist-ann/DL-012-mnist-ann.md#2-the-mnist-data
G-1030	Label encoding	ML/03-feature-engineering/ML-025-ordinal-label-encoding/ML-025-ordinal-label-encoding.md	3-why-categories-must-become-numbers	ML/03-feature-engineering/ML-025-ordinal-label-encoding/ML-025-ordinal-label-encoding.md#3-why-categories-must-become-numbers
G-2172	Label propagation	ML/01-foundations/ML-003-types-of-ml/ML-003-types-of-ml.md	4-semi-supervised-learning	ML/01-foundations/ML-003-types-of-ml/ML-003-types-of-ml.md#4-semi-supervised-learning
G-1031	Label smoothing	DL/06-transformers/DL-086-transformer-end-to-end/DL-086-transformer-end-to-end.md	74-regularisation-residual-dropout-and-label-smoothing	DL/06-transformers/DL-086-transformer-end-to-end/DL-086-transformer-end-to-end.md#74-regularisation-residual-dropout-and-label-smoothing
G-1033	LabelEncoder	ML/03-feature-engineering/ML-025-ordinal-label-encoding/ML-025-ordinal-label-encoding.md	72-encoding-the-purchased-column	ML/03-feature-engineering/ML-025-ordinal-label-encoding/ML-025-ordinal-label-encoding.md#72-encoding-the-purchased-column
G-1034	Labelled data	ML/01-foundations/ML-003-types-of-ml/ML-003-types-of-ml.md	21-learning-from-inputs-and-outputs	ML/01-foundations/ML-003-types-of-ml/ML-003-types-of-ml.md#21-learning-from-inputs-and-outputs
G-1035	labels_	ML/09-clustering-and-more/ML-123-kmeans-code/ML-123-kmeans-code.md	5-training-k-means-with-k--4	ML/09-clustering-and-more/ML-123-kmeans-code/ML-123-kmeans-code.md#5-training-k-means-with-k--4
G-1036	Lagrange multiplier	MA/07-optimisation/MA-066-lagrange-multipliers/MA-066-lagrange-multipliers.md	32-tangent-curves-have-parallel-gradients	MA/07-optimisation/MA-066-lagrange-multipliers/MA-066-lagrange-multipliers.md#32-tangent-curves-have-parallel-gradients
G-1037	Lagrangian	MA/07-optimisation/MA-066-lagrange-multipliers/MA-066-lagrange-multipliers.md	41-one-function-holds-all-the-conditions	MA/07-optimisation/MA-066-lagrange-multipliers/MA-066-lagrange-multipliers.md#41-one-function-holds-all-the-conditions
G-1039	Lambda ($\lambda$, `reg_lambda`)	ML/08-trees-and-ensembles/ML-118-xgboost-regression/ML-118-xgboost-regression.md		ML/08-trees-and-ensembles/ML-118-xgboost-regression/ML-118-xgboost-regression.md
G-1038	Lambda ($\lambda$, power transform)	ML/03-feature-engineering/ML-030-power-transformer/ML-030-power-transformer.md		ML/03-feature-engineering/ML-030-power-transformer/ML-030-power-transformer.md
G-1040	Lambda (Python)	ML/03-feature-engineering/ML-029-function-transformer/ML-029-function-transformer.md		ML/03-feature-engineering/ML-029-function-transformer/ML-029-function-transformer.md
G-1041	lambdas_	ML/03-feature-engineering/ML-030-power-transformer/ML-030-power-transformer.md	64-box-cox	ML/03-feature-engineering/ML-030-power-transformer/ML-030-power-transformer.md#64-box-cox
G-1042	Language modelling	DL/06-transformers/DL-067-history-of-llms/DL-067-history-of-llms.md	7-stage-4-transfer-learning-for-language-2018	DL/06-transformers/DL-067-history-of-llms/DL-067-history-of-llms.md#7-stage-4-transfer-learning-for-language-2018
G-1043	Laplace approximation	MA/06-calculus/MA-064-hessian-and-multivariate-taylor/MA-064-hessian-and-multivariate-taylor.md	7-where-ml-uses-second-order-approximations	MA/06-calculus/MA-064-hessian-and-multivariate-taylor/MA-064-hessian-and-multivariate-taylor.md#7-where-ml-uses-second-order-approximations
G-1044	Laplace distribution	MA/08-likelihood/MA-072-mle-in-machine-learning/MA-072-mle-in-machine-learning.md	34-estimating-the-noise	MA/08-likelihood/MA-072-mle-in-machine-learning/MA-072-mle-in-machine-learning.md#34-estimating-the-noise
G-1045	Laplace smoothing	ML/07-classification/ML-083-naive-bayes-code/ML-083-naive-bayes-code.md	7-the-fix-laplace-smoothing	ML/07-classification/ML-083-naive-bayes-code/ML-083-naive-bayes-code.md#7-the-fix-laplace-smoothing
G-1046	Large language model (LLM)	DL/06-transformers/DL-067-history-of-llms/DL-067-history-of-llms.md	8-stage-5-large-language-models-2018-onward	DL/06-transformers/DL-067-history-of-llms/DL-067-history-of-llms.md#8-stage-5-large-language-models-2018-onward
G-1047	Lasso regression	ML/06-regression/ML-062-ridge-regression-intuition/ML-062-ridge-regression-intuition.md	1-overview	ML/06-regression/ML-062-ridge-regression-intuition/ML-062-ridge-regression-intuition.md#1-overview
G-1048	Latency	ML/07-classification/ML-085-knn/ML-085-knn.md	71-large-datasets-slow-predictions	ML/07-classification/ML-085-knn/ML-085-knn.md#71-large-datasets-slow-predictions
G-1049	Latent semantic analysis (LSA)	MA/05-linear-algebra/MA-060-svd-in-machine-learning/MA-060-svd-in-machine-learning.md	32-topics-from-the-svd	MA/05-linear-algebra/MA-060-svd-in-machine-learning/MA-060-svd-in-machine-learning.md#32-topics-from-the-svd
G-1050	Latent variable	MA/08-likelihood/MA-073-gaussian-mixture-models/MA-073-gaussian-mixture-models.md	52-the-latent-variable	MA/08-likelihood/MA-073-gaussian-mixture-models/MA-073-gaussian-mixture-models.md#52-the-latent-variable
G-1051	Lateral geniculate nucleus (LGN)	DL/04-cnn/DL-041-cnn-vs-visual-cortex/DL-041-cnn-vs-visual-cortex.md	3-how-visual-information-flows	DL/04-cnn/DL-041-cnn-vs-visual-cortex/DL-041-cnn-vs-visual-cortex.md#3-how-visual-information-flows
G-1052	Law of large numbers	MA/03-distributions/MA-021-pmf-and-discrete-cdf/MA-021-pmf-and-discrete-cdf.md	5-estimating-a-pmf-by-simulation	MA/03-distributions/MA-021-pmf-and-discrete-cdf/MA-021-pmf-and-discrete-cdf.md#5-estimating-a-pmf-by-simulation
G-1053	Law of total probability	MA/02-probability/MA-019-bayes-problem/MA-019-bayes-problem.md	1-overview	MA/02-probability/MA-019-bayes-problem/MA-019-bayes-problem.md#1-overview
G-1056	Layer	ML/01-foundations/ML-002-ai-vs-ml-vs-dl/ML-002-ai-vs-ml-vs-dl.md	53-layers-build-up-understanding	ML/01-foundations/ML-002-ai-vs-ml-vs-dl/ML-002-ai-vs-ml-vs-dl.md#53-layers-build-up-understanding
G-1054	Layer normalisation	DL/06-transformers/DL-080-layer-normalization/DL-080-layer-normalization.md	1-overview	DL/06-transformers/DL-080-layer-normalization/DL-080-layer-normalization.md#1-overview
G-1055	Layer number	DL/01-basics/DL-008-mlp-notation/DL-008-mlp-notation.md		DL/01-basics/DL-008-mlp-notation/DL-008-mlp-notation.md
G-1057	Lazy learning	ML/01-foundations/ML-006-instance-vs-model-based/ML-006-instance-vs-model-based.md	32-no-real-training	ML/01-foundations/ML-006-instance-vs-model-based/ML-006-instance-vs-model-based.md#32-no-real-training
G-1058	lbfgs	ML/07-classification/ML-080-logistic-hyperparameters/ML-080-logistic-hyperparameters.md		ML/07-classification/ML-080-logistic-hyperparameters/ML-080-logistic-hyperparameters.md
G-1059	LDA	ML/05-dimensionality/ML-048-pca-mnist/ML-048-pca-mnist.md		ML/05-dimensionality/ML-048-pca-mnist/ML-048-pca-mnist.md
G-1060	Leaf node	ML/08-trees-and-ensembles/ML-091-decision-trees-intuition/ML-091-decision-trees-intuition.md	4-terminology	ML/08-trees-and-ensembles/ML-091-decision-trees-intuition/ML-091-decision-trees-intuition.md#4-terminology
G-1061	Leaf value ($\gamma_{jm}$)	ML/08-trees-and-ensembles/ML-115-gradient-boosting-regression-maths/ML-115-gradient-boosting-regression-maths.md	8-step-2c-the-best-value-for-each-leaf	ML/08-trees-and-ensembles/ML-115-gradient-boosting-regression-maths/ML-115-gradient-boosting-regression-maths.md#8-step-2c-the-best-value-for-each-leaf
G-1062	Leaf value in log-odds	ML/08-trees-and-ensembles/ML-116-gradient-boosting-classification/ML-116-gradient-boosting-classification.md	7-stage-2-a-regression-tree-on-the-residuals	ML/08-trees-and-ensembles/ML-116-gradient-boosting-classification/ML-116-gradient-boosting-classification.md#7-stage-2-a-regression-tree-on-the-residuals
G-1063	Leaf weight $w_j$	ML/08-trees-and-ensembles/ML-120-xgboost-maths/ML-120-xgboost-maths.md	3-what-we-must-find-the-leaf-weights	ML/08-trees-and-ensembles/ML-120-xgboost-maths/ML-120-xgboost-maths.md#3-what-we-must-find-the-leaf-weights
G-1064	Leaky ReLU	DL/01-basics/DL-018-vanishing-exploding-gradients/DL-018-vanishing-exploding-gradients.md		DL/01-basics/DL-018-vanishing-exploding-gradients/DL-018-vanishing-exploding-gradients.md
G-1065	Learnable (trainable) parameters	DL/04-cnn/DL-046-cnn-vs-ann/DL-046-cnn-vs-ann.md	51-counting-the-parameters-of-a-convolution-layer	DL/04-cnn/DL-046-cnn-vs-ann/DL-046-cnn-vs-ann.md#51-counting-the-parameters-of-a-convolution-layer
G-1066	Learned positional embedding	DL/06-transformers/DL-079-positional-encoding/DL-079-positional-encoding.md	82-the-dot-product-depends-only-on-the-distance	DL/06-transformers/DL-079-positional-encoding/DL-079-positional-encoding.md#82-the-dot-product-depends-only-on-the-distance
G-1073	Learning	ML/01-foundations/ML-002-ai-vs-ml-vs-dl/ML-002-ai-vs-ml-vs-dl.md	41-learning-rules-from-data	ML/01-foundations/ML-002-ai-vs-ml-vs-dl/ML-002-ai-vs-ml-vs-dl.md#41-learning-rules-from-data
G-1068	Learning rate ($\eta$)	ML/01-foundations/ML-005-online-learning/ML-005-online-learning.md	5-the-learning-rate	ML/01-foundations/ML-005-online-learning/ML-005-online-learning.md#5-the-learning-rate
G-1067	Learning rate ($\eta$) in gradient boosting	ML/08-trees-and-ensembles/ML-114-gradient-boosting-intuition/ML-114-gradient-boosting-intuition.md	8-the-learning-rate-small-steps-in-the-right-direction	ML/08-trees-and-ensembles/ML-114-gradient-boosting-intuition/ML-114-gradient-boosting-intuition.md#8-the-learning-rate-small-steps-in-the-right-direction
G-1069	Learning rate (AdaBoost)	ML/08-trees-and-ensembles/ML-112-adaboost-hyperparameters/ML-112-adaboost-hyperparameters.md	23-learningrate-the-say-of-every-stump-scaled	ML/08-trees-and-ensembles/ML-112-adaboost-hyperparameters/ML-112-adaboost-hyperparameters.md#23-learningrate-the-say-of-every-stump-scaled
G-1070	Learning rate scheduler (learning schedule)	DL/02-training/DL-021-improving-a-neural-network/DL-021-improving-a-neural-network.md	34-batch-size	DL/02-training/DL-021-improving-a-neural-network/DL-021-improving-a-neural-network.md#34-batch-size
G-1071	Learning rate warm-up	DL/02-training/DL-021-improving-a-neural-network/DL-021-improving-a-neural-network.md	34-batch-size	DL/02-training/DL-021-improving-a-neural-network/DL-021-improving-a-neural-network.md#34-batch-size
G-1076	Least-squares loss	MA/06-calculus/MA-063-jacobian-and-matrix-gradients/MA-063-jacobian-and-matrix-gradients.md		MA/06-calculus/MA-063-jacobian-and-matrix-gradients/MA-063-jacobian-and-matrix-gradients.md
G-1077	LeCun initialisation	DL/02-training/DL-030-xavier-he-initialization/DL-030-xavier-he-initialization.md	41-xavier-normal	DL/02-training/DL-030-xavier-he-initialization/DL-030-xavier-he-initialization.md#41-xavier-normal
G-1078	Left null space	MA/05-linear-algebra/MA-058-computing-the-svd/MA-058-computing-the-svd.md	6-the-four-subspaces	MA/05-linear-algebra/MA-058-computing-the-svd/MA-058-computing-the-svd.md#6-the-four-subspaces
G-1079	Left singular vector ($\mathbf{u}_i$)	MA/05-linear-algebra/MA-057-svd-geometry/MA-057-svd-geometry.md	41-from-the-singular-value-equation-to-the-factorisation	MA/05-linear-algebra/MA-057-svd-geometry/MA-057-svd-geometry.md#41-from-the-singular-value-equation-to-the-factorisation
G-1080	LeNet-5	DL/04-cnn/DL-045-lenet-5/DL-045-lenet-5.md	41-background	DL/04-cnn/DL-045-lenet-5/DL-045-lenet-5.md#41-background
G-1081	Leptokurtic	MA/03-distributions/MA-028-kurtosis-and-qq-plots/MA-028-kurtosis-and-qq-plots.md	4-excess-kurtosis-and-the-three-types	MA/03-distributions/MA-028-kurtosis-and-qq-plots/MA-028-kurtosis-and-qq-plots.md#4-excess-kurtosis-and-the-three-types
G-1082	Levene's test	MA/04-inference/MA-043-two-sample-and-paired-t-tests/MA-043-two-sample-and-paired-t-tests.md	22-checking-equal-variances-levenes-test	MA/04-inference/MA-043-two-sample-and-paired-t-tests/MA-043-two-sample-and-paired-t-tests.md#22-checking-equal-variances-levenes-test
G-1083	LiDAR	DL/01-basics/DL-003-nn-types-history-applications/DL-003-nn-types-history-applications.md	41-mainstream-applications	DL/01-basics/DL-003-nn-types-history-applications/DL-003-nn-types-history-applications.md#41-mainstream-applications
G-1084	LightGBM	ML/08-trees-and-ensembles/ML-117-xgboost-intro/ML-117-xgboost-intro.md	9-lightgbm-and-catboost	ML/08-trees-and-ensembles/ML-117-xgboost-intro/ML-117-xgboost-intro.md#9-lightgbm-and-catboost
G-1086	Likelihood	MA/08-likelihood/MA-069-probability-vs-likelihood/MA-069-probability-vs-likelihood.md	22-likelihood-from-the-event-back-to-the-parameter	MA/08-likelihood/MA-069-probability-vs-likelihood/MA-069-probability-vs-likelihood.md#22-likelihood-from-the-event-back-to-the-parameter
G-1085	Likelihood function $L(\theta \mid \text{data})$	MA/08-likelihood/MA-069-probability-vs-likelihood/MA-069-probability-vs-likelihood.md	43-the-likelihood-function-slide-the-parameter	MA/08-likelihood/MA-069-probability-vs-likelihood/MA-069-probability-vs-likelihood.md#43-the-likelihood-function-slide-the-parameter
G-1087	Limit	MA/06-calculus/MA-061-derivatives-of-one-variable/MA-061-derivatives-of-one-variable.md	41-from-secant-to-tangent	MA/06-calculus/MA-061-derivatives-of-one-variable/MA-061-derivatives-of-one-variable.md#41-from-secant-to-tangent
G-1088	Line plot	ML/02-getting-data/ML-020-bivariate-multivariate-analysis/ML-020-bivariate-multivariate-analysis.md	10-line-plot-a-number-over-time	ML/02-getting-data/ML-020-bivariate-multivariate-analysis/ML-020-bivariate-multivariate-analysis.md#10-line-plot-a-number-over-time
G-1089	Linear activation	DL/01-basics/DL-013-graduate-admission-ann/DL-013-graduate-admission-ann.md	1-overview	DL/01-basics/DL-013-graduate-admission-ann/DL-013-graduate-admission-ann.md#1-overview
G-1090	Linear algebra	MA/05-linear-algebra/MA-048-vectors-and-feature-vectors/MA-048-vectors-and-feature-vectors.md	1-overview	MA/05-linear-algebra/MA-048-vectors-and-feature-vectors/MA-048-vectors-and-feature-vectors.md#1-overview
G-1091	Linear combination	MA/05-linear-algebra/MA-052-linear-combinations-span-and-basis/MA-052-linear-combinations-span-and-basis.md	5-linear-combinations	MA/05-linear-algebra/MA-052-linear-combinations-span-and-basis/MA-052-linear-combinations-span-and-basis.md#5-linear-combinations
G-1092	Linear interpolation	ML/04-missing-data-and-outliers/ML-043-outliers-percentile/ML-043-outliers-percentile.md	22-from-percentiles-to-limits	ML/04-missing-data-and-outliers/ML-043-outliers-percentile/ML-043-outliers-percentile.md#22-from-percentiles-to-limits
G-1093	Linear program	MA/07-optimisation/MA-068-linear-and-quadratic-programming/MA-068-linear-and-quadratic-programming.md	1-overview	MA/07-optimisation/MA-068-linear-and-quadratic-programming/MA-068-linear-and-quadratic-programming.md#1-overview
G-1094	Linear regression	ML/03-feature-engineering/ML-022-what-is-feature-engineering/ML-022-what-is-feature-engineering.md	64-detecting-and-removing-outliers	ML/03-feature-engineering/ML-022-what-is-feature-engineering/ML-022-what-is-feature-engineering.md#64-detecting-and-removing-outliers
G-1095	Linear relationship	ML/02-getting-data/ML-020-bivariate-multivariate-analysis/ML-020-bivariate-multivariate-analysis.md	31-total-bill-against-tip	ML/02-getting-data/ML-020-bivariate-multivariate-analysis/ML-020-bivariate-multivariate-analysis.md#31-total-bill-against-tip
G-1097	Linear transformation	ML/05-dimensionality/ML-047-pca-step-by-step/ML-047-pca-step-by-step.md	41-a-matrix-is-a-transformation	ML/05-dimensionality/ML-047-pca-step-by-step/ML-047-pca-step-by-step.md#41-a-matrix-is-a-transformation
G-1096	Linear transformation to the number line	MA/05-linear-algebra/MA-055-dot-product-and-duality/MA-055-dot-product-and-duality.md		MA/05-linear-algebra/MA-055-dot-product-and-duality/MA-055-dot-product-and-duality.md
G-1098	Linear variants of ReLU	DL/02-training/DL-028-relu-variants/DL-028-relu-variants.md	1-overview	DL/02-training/DL-028-relu-variants/DL-028-relu-variants.md#1-overview
G-1099	Linearisation	MA/06-calculus/MA-061-derivatives-of-one-variable/MA-061-derivatives-of-one-variable.md	63-degree-1-the-tangent-line	MA/06-calculus/MA-061-derivatives-of-one-variable/MA-061-derivatives-of-one-variable.md#63-degree-1-the-tangent-line
G-1100	Linearity of expectation	MA/02-probability/MA-012-expected-value-and-variance/MA-012-expected-value-and-variance.md	43-the-shortcut-formula	MA/02-probability/MA-012-expected-value-and-variance/MA-012-expected-value-and-variance.md#43-the-shortcut-formula
G-1101	Linearly dependent	MA/05-linear-algebra/MA-052-linear-combinations-span-and-basis/MA-052-linear-combinations-span-and-basis.md	7-linear-dependence-and-independence	MA/05-linear-algebra/MA-052-linear-combinations-span-and-basis/MA-052-linear-combinations-span-and-basis.md#7-linear-dependence-and-independence
G-1102	Linearly independent	MA/05-linear-algebra/MA-052-linear-combinations-span-and-basis/MA-052-linear-combinations-span-and-basis.md	7-linear-dependence-and-independence	MA/05-linear-algebra/MA-052-linear-combinations-span-and-basis/MA-052-linear-combinations-span-and-basis.md#7-linear-dependence-and-independence
G-1103	Linearly separable	ML/07-classification/ML-069-perceptron-trick/ML-069-perceptron-trick.md	2-when-logistic-regression-works	ML/07-classification/ML-069-perceptron-trick/ML-069-perceptron-trick.md#2-when-logistic-regression-works
G-1104	Linkage	ML/09-clustering-and-more/ML-125-hierarchical-clustering/ML-125-hierarchical-clustering.md	8-linkage-the-distance-between-two-clusters	ML/09-clustering-and-more/ML-125-hierarchical-clustering/ML-125-hierarchical-clustering.md#8-linkage-the-distance-between-two-clusters
G-1105	List of grids	ML/08-trees-and-ensembles/ML-106-random-forest-tuning/ML-106-random-forest-tuning.md	72-a-trap-bootstrap-and-maxsamples	ML/08-trees-and-ensembles/ML-106-random-forest-tuning/ML-106-random-forest-tuning.md#72-a-trap-bootstrap-and-maxsamples
G-1106	List, dictionary	ML/02-getting-data/ML-014-working-with-csv/ML-014-working-with-csv.md	6-separators-and-column-names-sep-names	ML/02-getting-data/ML-014-working-with-csv/ML-014-working-with-csv.md#6-separators-and-column-names-sep-names
G-1107	Load balancing	ML/01-foundations/ML-009-mldlc/ML-009-mldlc.md	111-launching-at-scale	ML/01-foundations/ML-009-mldlc/ML-009-mldlc.md#111-launching-at-scale
G-2204	Loading (loading score)	ML/05-dimensionality/ML-047-pca-step-by-step/ML-047-pca-step-by-step.md	61-reading-the-result-the-recipe-and-the-scree-plot	ML/05-dimensionality/ML-047-pca-step-by-step/ML-047-pca-step-by-step.md#61-reading-the-result-the-recipe-and-the-scree-plot
G-1108	Local linear map	MA/06-calculus/MA-063-jacobian-and-matrix-gradients/MA-063-jacobian-and-matrix-gradients.md	3-zoom-in-the-function-looks-linear	MA/06-calculus/MA-063-jacobian-and-matrix-gradients/MA-063-jacobian-and-matrix-gradients.md#3-zoom-in-the-function-looks-linear
G-1109	Local maximum	MA/08-likelihood/MA-074-expectation-maximization/MA-074-expectation-maximization.md	7-local-maxima-and-starting-points	MA/08-likelihood/MA-074-expectation-maximization/MA-074-expectation-maximization.md#7-local-maxima-and-starting-points
G-1110	Local minimum	ML/06-regression/ML-056-gradient-descent/ML-056-gradient-descent.md	8-the-shape-of-the-loss-function-matters	ML/06-regression/ML-056-gradient-descent/ML-056-gradient-descent.md#8-the-shape-of-the-loss-function-matters
G-1111	Local optimum (k-means)	ML/09-clustering-and-more/ML-124-kmeans-from-scratch/ML-124-kmeans-from-scratch.md	9-bad-random-starts	ML/09-clustering-and-more/ML-124-kmeans-from-scratch/ML-124-kmeans-from-scratch.md#9-bad-random-starts
G-2250	Locally linear	MA/06-calculus/MA-063-jacobian-and-matrix-gradients/MA-063-jacobian-and-matrix-gradients.md	3-zoom-in-the-function-looks-linear	MA/06-calculus/MA-063-jacobian-and-matrix-gradients/MA-063-jacobian-and-matrix-gradients.md#3-zoom-in-the-function-looks-linear
G-1112	Log transform	ML/03-feature-engineering/ML-029-function-transformer/ML-029-function-transformer.md	5-log-transform	ML/03-feature-engineering/ML-029-function-transformer/ML-029-function-transformer.md#5-log-transform
G-1113	Log-likelihood	ML/07-classification/ML-072-log-loss/ML-072-log-loss.md	42-taking-logs	ML/07-classification/ML-072-log-loss/ML-072-log-loss.md#42-taking-logs
G-1114	Log-log plot	MA/03-distributions/MA-030-pareto-and-power-law/MA-030-pareto-and-power-law.md		MA/03-distributions/MA-030-pareto-and-power-law/MA-030-pareto-and-power-law.md
G-1115	Log-normal distribution	MA/03-distributions/MA-029-uniform-and-log-normal/MA-029-uniform-and-log-normal.md	3-the-log-normal-distribution	MA/03-distributions/MA-029-uniform-and-log-normal/MA-029-uniform-and-log-normal.md#3-the-log-normal-distribution
G-1116	Log-odds	ML/08-trees-and-ensembles/ML-116-gradient-boosting-classification/ML-116-gradient-boosting-classification.md	4-stage-1-the-log-odds-of-class-1	ML/08-trees-and-ensembles/ML-116-gradient-boosting-classification/ML-116-gradient-boosting-classification.md#4-stage-1-the-log-odds-of-class-1
G-1117	log1p	ML/03-feature-engineering/ML-029-function-transformer/ML-029-function-transformer.md	51-log1--x-for-columns-with-zeros	ML/03-feature-engineering/ML-029-function-transformer/ML-029-function-transformer.md#51-log1--x-for-columns-with-zeros
G-1118	Logical diagram	DL/04-cnn/DL-047-backpropagation-in-cnn/DL-047-backpropagation-in-cnn.md	4-forward-propagation	DL/04-cnn/DL-047-backpropagation-in-cnn/DL-047-backpropagation-in-cnn.md#4-forward-propagation
G-1119	Logistic function	ML/07-classification/ML-071-sigmoid-function/ML-071-sigmoid-function.md	4-the-sigmoid-function	ML/07-classification/ML-071-sigmoid-function/ML-071-sigmoid-function.md#4-the-sigmoid-function
G-1120	Logistic regression	ML/01-foundations/ML-012-toy-project/ML-012-toy-project.md	4-exploring-the-data	ML/01-foundations/ML-012-toy-project/ML-012-toy-project.md#4-exploring-the-data
G-1122	Logit	DL/06-transformers/DL-084-transformer-decoder/DL-084-transformer-decoder.md	8-the-output-layer-linear-and-softmax	DL/06-transformers/DL-084-transformer-decoder/DL-084-transformer-decoder.md#8-the-output-layer-linear-and-softmax
G-1121	Logit lens	DL/06-transformers/DL-088-unembedding-and-sampling/DL-088-unembedding-and-sampling.md	1-overview	DL/06-transformers/DL-088-unembedding-and-sampling/DL-088-unembedding-and-sampling.md#1-overview
G-1123	Long short-term memory (LSTM)	DL/05-rnn/DL-061-lstm/DL-061-lstm.md		DL/05-rnn/DL-061-lstm/DL-061-lstm.md
G-1124	Long-term context	DL/05-rnn/DL-061-lstm/DL-061-lstm.md	4-how-we-read-a-story-two-kinds-of-context	DL/05-rnn/DL-061-lstm/DL-061-lstm.md#4-how-we-read-a-story-two-kinds-of-context
G-1126	Long-term dependency	DL/05-rnn/DL-060-problems-with-rnn/DL-060-problems-with-rnn.md	32-an-example-predicting-the-next-word	DL/05-rnn/DL-060-problems-with-rnn/DL-060-problems-with-rnn.md#32-an-example-predicting-the-next-word
G-1125	Long-term dependency problem	DL/05-rnn/DL-060-problems-with-rnn/DL-060-problems-with-rnn.md		DL/05-rnn/DL-060-problems-with-rnn/DL-060-problems-with-rnn.md
G-1127	Look-ahead point	DL/03-optimizers/DL-035-nesterov-accelerated-gradient/DL-035-nesterov-accelerated-gradient.md	4-two-pushes-at-once-or-one-after-the-other	DL/03-optimizers/DL-035-nesterov-accelerated-gradient/DL-035-nesterov-accelerated-gradient.md#4-two-pushes-at-once-or-one-after-the-other
G-1128	Lookup table	ML/07-classification/ML-083-naive-bayes-code/ML-083-naive-bayes-code.md	3-two-phases	ML/07-classification/ML-083-naive-bayes-code/ML-083-naive-bayes-code.md#3-two-phases
G-706	Loss function (error function)	ML/06-regression/ML-050-linear-regression-maths/ML-050-linear-regression-maths.md	32-adding-the-errors-up	ML/06-regression/ML-050-linear-regression-maths/ML-050-linear-regression-maths.md#32-adding-the-errors-up
G-1131	Loss weight	DL/04-cnn/DL-054-keras-functional-api/DL-054-keras-functional-api.md	53-one-loss-per-output	DL/04-cnn/DL-054-keras-functional-api/DL-054-keras-functional-api.md#53-one-loss-per-output
G-1132	Low bias, high variance algorithm	ML/08-trees-and-ensembles/ML-099-bagging-intuition/ML-099-bagging-intuition.md		ML/08-trees-and-ensembles/ML-099-bagging-intuition/ML-099-bagging-intuition.md
G-1133	Lower and upper limit (of a confidence interval)	MA/04-inference/MA-035-confidence-intervals-z-procedure/MA-035-confidence-intervals-z-procedure.md		MA/04-inference/MA-035-confidence-intervals-z-procedure/MA-035-confidence-intervals-z-procedure.md
G-1134	Lower bound $B(\theta; q)$	MA/08-likelihood/MA-074-expectation-maximization/MA-074-expectation-maximization.md	63-the-lower-bound	MA/08-likelihood/MA-074-expectation-maximization/MA-074-expectation-maximization.md#63-the-lower-bound
G-1135	LPA	ML/06-regression/ML-049-simple-linear-regression/ML-049-simple-linear-regression.md	2-the-problem	ML/06-regression/ML-049-simple-linear-regression/ML-049-simple-linear-regression.md#2-the-problem
G-1137	Luong attention (multiplicative, dot)	DL/06-transformers/DL-077-why-self-attention/DL-077-why-self-attention.md	3-attention-in-the-encoderdecoder-in-three-equations	DL/06-transformers/DL-077-why-self-attention/DL-077-why-self-attention.md#3-attention-in-the-encoderdecoder-in-three-equations
G-1139	M-step	MA/08-likelihood/MA-074-expectation-maximization/MA-074-expectation-maximization.md	31-the-two-steps	MA/08-likelihood/MA-074-expectation-maximization/MA-074-expectation-maximization.md#31-the-two-steps
G-1140	Machine Learning (ML)	ML/01-foundations/ML-001-what-is-ml/ML-001-what-is-ml.md	2-defining-machine-learning	ML/01-foundations/ML-001-what-is-ml/ML-001-what-is-ml.md#2-defining-machine-learning
G-1141	Machine translation	DL/05-rnn/DL-058-types-of-rnn/DL-058-types-of-rnn.md	52-different-lengths	DL/05-rnn/DL-058-types-of-rnn/DL-058-types-of-rnn.md#52-different-lengths
G-1142	Maclaurin series	MA/06-calculus/MA-061-derivatives-of-one-variable/MA-061-derivatives-of-one-variable.md	62-the-taylor-polynomial-of-degree-n	MA/06-calculus/MA-061-derivatives-of-one-variable/MA-061-derivatives-of-one-variable.md#62-the-taylor-polynomial-of-degree-n
G-1143	Macro average	ML/07-classification/ML-076-precision-recall-f1/ML-076-precision-recall-f1.md	62-combining-the-classes	ML/07-classification/ML-076-precision-recall-f1/ML-076-precision-recall-f1.md#62-combining-the-classes
G-1144	Magnitude (of a quantity)	ML/03-feature-engineering/ML-024-normalization/ML-024-normalization.md	2-what-normalization-is	ML/03-feature-engineering/ML-024-normalization/ML-024-normalization.md#2-what-normalization-is
G-1145	Majority class	ML/09-clustering-and-more/ML-127-imbalanced-data/ML-127-imbalanced-data.md	2-what-imbalanced-data-looks-like	ML/09-clustering-and-more/ML-127-imbalanced-data/ML-127-imbalanced-data.md#2-what-imbalanced-data-looks-like
G-1146	Majority vote	ML/07-classification/ML-085-knn/ML-085-knn.md		ML/07-classification/ML-085-knn/ML-085-knn.md
G-1147	make_blobs	ML/09-clustering-and-more/ML-123-kmeans-code/ML-123-kmeans-code.md		ML/09-clustering-and-more/ML-123-kmeans-code/ML-123-kmeans-code.md
G-1149	make_classification	ML/07-classification/ML-070-perceptron-code/ML-070-perceptron-code.md	2-the-data	ML/07-classification/ML-070-perceptron-code/ML-070-perceptron-code.md#2-the-data
G-1150	make_column_transformer	ML/03-feature-engineering/ML-028-pipelines/ML-028-pipelines.md		ML/03-feature-engineering/ML-028-pipelines/ML-028-pipelines.md
G-1152	make_pipeline	ML/03-feature-engineering/ML-028-pipelines/ML-028-pipelines.md	59-pipeline-compared-with-makepipeline	ML/03-feature-engineering/ML-028-pipelines/ML-028-pipelines.md#59-pipeline-compared-with-makepipeline
G-1153	make_regression	ML/06-regression/ML-052-multiple-linear-regression/ML-052-multiple-linear-regression.md	4-multiple-linear-regression-in-scikit-learn	ML/06-regression/ML-052-multiple-linear-regression/ML-052-multiple-linear-regression.md#4-multiple-linear-regression-in-scikit-learn
G-1154	Many-to-many RNN	DL/05-rnn/DL-058-types-of-rnn/DL-058-types-of-rnn.md	5-many-to-many	DL/05-rnn/DL-058-types-of-rnn/DL-058-types-of-rnn.md#5-many-to-many
G-1155	Many-to-one RNN	DL/05-rnn/DL-058-types-of-rnn/DL-058-types-of-rnn.md	3-many-to-one	DL/05-rnn/DL-058-types-of-rnn/DL-058-types-of-rnn.md#3-many-to-one
G-1157	MAP rule	ML/07-classification/ML-082-naive-bayes-maths/ML-082-naive-bayes-maths.md	1-overview	ML/07-classification/ML-082-naive-bayes-maths/ML-082-naive-bayes-maths.md#1-overview
G-1158	MAR	ML/04-missing-data-and-outliers/ML-034-complete-case-analysis/ML-034-complete-case-analysis.md	52-the-other-two-kinds-mar-and-mnar	ML/04-missing-data-and-outliers/ML-034-complete-case-analysis/ML-034-complete-case-analysis.md#52-the-other-two-kinds-mar-and-mnar
G-1159	Margin (gap)	ML/07-classification/ML-070-perceptron-code/ML-070-perceptron-code.md	61-comparing-with-logistic-regression	ML/07-classification/ML-070-perceptron-code/ML-070-perceptron-code.md#61-comparing-with-logistic-regression
G-1160	Margin (SVM)	ML/07-classification/ML-086-svm-intuition/ML-086-svm-intuition.md	2-the-idea-in-one-dimension	ML/07-classification/ML-086-svm-intuition/ML-086-svm-intuition.md#2-the-idea-in-one-dimension
G-1161	Margin error	ML/07-classification/ML-088-svm-soft-margin/ML-088-svm-soft-margin.md	5-the-soft-margin-loss	ML/07-classification/ML-088-svm-soft-margin/ML-088-svm-soft-margin.md#5-the-soft-margin-loss
G-1162	Margin of error	MA/04-inference/MA-035-confidence-intervals-z-procedure/MA-035-confidence-intervals-z-procedure.md	4-confidence-intervals-and-confidence-levels	MA/04-inference/MA-035-confidence-intervals-z-procedure/MA-035-confidence-intervals-z-procedure.md#4-confidence-intervals-and-confidence-levels
G-1163	Margin-maximising hyperplane	ML/07-classification/ML-086-svm-intuition/ML-086-svm-intuition.md	4-the-margin	ML/07-classification/ML-086-svm-intuition/ML-086-svm-intuition.md#4-the-margin
G-1164	Marginal (simple, unconditional) probability	MA/02-probability/MA-014-joint-marginal-conditional-probability/MA-014-joint-marginal-conditional-probability.md	3-marginal-probability	MA/02-probability/MA-014-joint-marginal-conditional-probability/MA-014-joint-marginal-conditional-probability.md#3-marginal-probability
G-1165	Marginal probability distribution	MA/02-probability/MA-014-joint-marginal-conditional-probability/MA-014-joint-marginal-conditional-probability.md		MA/02-probability/MA-014-joint-marginal-conditional-probability/MA-014-joint-marginal-conditional-probability.md
G-1166	Marginalising	MA/02-probability/MA-014-joint-marginal-conditional-probability/MA-014-joint-marginal-conditional-probability.md	31-reading-the-margins	MA/02-probability/MA-014-joint-marginal-conditional-probability/MA-014-joint-marginal-conditional-probability.md#31-reading-the-margins
G-1167	Margins	MA/02-probability/MA-014-joint-marginal-conditional-probability/MA-014-joint-marginal-conditional-probability.md	31-reading-the-margins	MA/02-probability/MA-014-joint-marginal-conditional-probability/MA-014-joint-marginal-conditional-probability.md#31-reading-the-margins
G-1168	Markdown	ML/01-foundations/ML-011-setup-anaconda-jupyter-colab/ML-011-setup-anaconda-jupyter-colab.md	32-code-cells-and-markdown-cells	ML/01-foundations/ML-011-setup-anaconda-jupyter-colab/ML-011-setup-anaconda-jupyter-colab.md#32-code-cells-and-markdown-cells
G-1169	Mask matrix $M$	DL/06-transformers/DL-082-masked-self-attention/DL-082-masked-self-attention.md	61-where-the-mask-goes	DL/06-transformers/DL-082-masked-self-attention/DL-082-masked-self-attention.md#61-where-the-mask-goes
G-1170	Masked language model	DL/06-transformers/DL-067-history-of-llms/DL-067-history-of-llms.md	8-stage-5-large-language-models-2018-onward	DL/06-transformers/DL-067-history-of-llms/DL-067-history-of-llms.md#8-stage-5-large-language-models-2018-onward
G-1171	Masked multi-head attention	DL/06-transformers/DL-082-masked-self-attention/DL-082-masked-self-attention.md	1-overview	DL/06-transformers/DL-082-masked-self-attention/DL-082-masked-self-attention.md#1-overview
G-1172	Masked self-attention	DL/06-transformers/DL-082-masked-self-attention/DL-082-masked-self-attention.md	1-overview	DL/06-transformers/DL-082-masked-self-attention/DL-082-masked-self-attention.md#1-overview
G-1173	Mathematical problem	ML/01-foundations/ML-013-framing-ml-problem/ML-013-framing-ml-problem.md		ML/01-foundations/ML-013-framing-ml-problem/ML-013-framing-ml-problem.md
G-1174	Mathematical transformation	ML/03-feature-engineering/ML-029-function-transformer/ML-029-function-transformer.md	1-overview	ML/03-feature-engineering/ML-029-function-transformer/ML-029-function-transformer.md#1-overview
G-1180	Matrix	ML/01-foundations/ML-010-tensors/ML-010-tensors.md	2-what-a-tensor-is	ML/01-foundations/ML-010-tensors/ML-010-tensors.md#2-what-a-tensor-is
G-1175	Matrix (of a transformation)	MA/05-linear-algebra/MA-053-linear-transformations-and-matrices/MA-053-linear-transformations-and-matrices.md		MA/05-linear-algebra/MA-053-linear-transformations-and-matrices/MA-053-linear-transformations-and-matrices.md
G-1176	Matrix calculus	ML/06-regression/ML-053-multiple-lr-maths/ML-053-multiple-lr-maths.md	51-three-rules-of-matrix-calculus-each-checked-on-numbers	ML/06-regression/ML-053-multiple-lr-maths/ML-053-multiple-lr-maths.md#51-three-rules-of-matrix-calculus-each-checked-on-numbers
G-1177	Matrix factorisation (decomposition)	MA/05-linear-algebra/MA-047-linear-algebra-roadmap/MA-047-linear-algebra-roadmap.md	46-matrix-factorisation	MA/05-linear-algebra/MA-047-linear-algebra-roadmap/MA-047-linear-algebra-roadmap.md#46-matrix-factorisation
G-1178	Matrix factorisation (recommenders)	MA/05-linear-algebra/MA-060-svd-in-machine-learning/MA-060-svd-in-machine-learning.md		MA/05-linear-algebra/MA-060-svd-in-machine-learning/MA-060-svd-in-machine-learning.md
G-1179	Matrix product	MA/05-linear-algebra/MA-054-matrix-multiplication-as-composition/MA-054-matrix-multiplication-as-composition.md	3-why-the-product-is-written-right-to-left	MA/05-linear-algebra/MA-054-matrix-multiplication-as-composition/MA-054-matrix-multiplication-as-composition.md#3-why-the-product-is-written-right-to-left
G-1181	Matrix-vector multiplication	MA/05-linear-algebra/MA-053-linear-transformations-and-matrices/MA-053-linear-transformations-and-matrices.md	5-the-matrix-of-a-transformation	MA/05-linear-algebra/MA-053-linear-transformations-and-matrices/MA-053-linear-transformations-and-matrices.md#5-the-matrix-of-a-transformation
G-1182	Max pooling	DL/04-cnn/DL-044-pooling/DL-044-pooling.md	1-overview	DL/04-cnn/DL-044-pooling/DL-044-pooling.md#1-overview
G-1183	Max-abs scaling	ML/03-feature-engineering/ML-024-normalization/ML-024-normalization.md	8-max-abs-scaling	ML/03-feature-engineering/ML-024-normalization/ML-024-normalization.md#8-max-abs-scaling
G-1184	max_depth	ML/08-trees-and-ensembles/ML-092-decision-tree-hyperparameters/ML-092-decision-tree-hyperparameters.md	2-overfitting-and-underfitting-in-a-tree	ML/08-trees-and-ensembles/ML-092-decision-tree-hyperparameters/ML-092-decision-tree-hyperparameters.md#2-overfitting-and-underfitting-in-a-tree
G-1185	max_features	ML/08-trees-and-ensembles/ML-092-decision-tree-hyperparameters/ML-092-decision-tree-hyperparameters.md	46-maxfeatures	ML/08-trees-and-ensembles/ML-092-decision-tree-hyperparameters/ML-092-decision-tree-hyperparameters.md#46-maxfeatures
G-1186	max_leaf_nodes	ML/08-trees-and-ensembles/ML-092-decision-tree-hyperparameters/ML-092-decision-tree-hyperparameters.md	47-maxleafnodes	ML/08-trees-and-ensembles/ML-092-decision-tree-hyperparameters/ML-092-decision-tree-hyperparameters.md#47-maxleafnodes
G-1187	max_samples	ML/08-trees-and-ensembles/ML-100-bagging-classifier/ML-100-bagging-classifier.md		ML/08-trees-and-ensembles/ML-100-bagging-classifier/ML-100-bagging-classifier.md
G-1188	MaxAbsScaler	ML/03-feature-engineering/ML-024-normalization/ML-024-normalization.md	8-max-abs-scaling	ML/03-feature-engineering/ML-024-normalization/ML-024-normalization.md#8-max-abs-scaling
G-2217	Maximal margin classifier	ML/07-classification/ML-086-svm-intuition/ML-086-svm-intuition.md	2-the-idea-in-one-dimension	ML/07-classification/ML-086-svm-intuition/ML-086-svm-intuition.md#2-the-idea-in-one-dimension
G-1189	Maximum a posteriori (MAP) estimation	MA/08-likelihood/MA-072-mle-in-machine-learning/MA-072-mle-in-machine-learning.md	71-the-posterior-over-the-parameters	MA/08-likelihood/MA-072-mle-in-machine-learning/MA-072-mle-in-machine-learning.md#71-the-posterior-over-the-parameters
G-1190	Maximum likelihood estimate $\hat\theta_{\text{ML}}$	MA/08-likelihood/MA-070-maximum-likelihood-estimation/MA-070-maximum-likelihood-estimation.md	3-the-idea-slide-the-curve-keep-the-peak	MA/08-likelihood/MA-070-maximum-likelihood-estimation/MA-070-maximum-likelihood-estimation.md#3-the-idea-slide-the-curve-keep-the-peak
G-1191	Maximum likelihood estimation (MLE)	MA/08-likelihood/MA-070-maximum-likelihood-estimation/MA-070-maximum-likelihood-estimation.md	72-the-maximum-likelihood-estimate	MA/08-likelihood/MA-070-maximum-likelihood-estimation/MA-070-maximum-likelihood-estimation.md#72-the-maximum-likelihood-estimate
G-1192	MCAR	ML/04-missing-data-and-outliers/ML-034-complete-case-analysis/ML-034-complete-case-analysis.md	51-missing-completely-at-random-mcar	ML/04-missing-data-and-outliers/ML-034-complete-case-analysis/ML-034-complete-case-analysis.md#51-missing-completely-at-random-mcar
G-1203	Mean	ML/02-getting-data/ML-018-understanding-your-data/ML-018-understanding-your-data.md		ML/02-getting-data/ML-018-understanding-your-data/ML-018-understanding-your-data.md
G-1193	Mean absolute deviation	ML/05-dimensionality/ML-046-pca-geometric-intuition/ML-046-pca-geometric-intuition.md	54-why-squares-not-absolute-distances	ML/05-dimensionality/ML-046-pca-geometric-intuition/ML-046-pca-geometric-intuition.md#54-why-squares-not-absolute-distances
G-1194	Mean absolute error (MAE)	ML/06-regression/ML-051-regression-metrics/ML-051-regression-metrics.md	2-mean-absolute-error-mae	ML/06-regression/ML-051-regression-metrics/ML-051-regression-metrics.md#2-mean-absolute-error-mae
G-1195	Mean centring	ML/03-feature-engineering/ML-023-standardization/ML-023-standardization.md	41-the-idea-how-many-standard-deviations-from-the-mean	ML/03-feature-engineering/ML-023-standardization/ML-023-standardization.md#41-the-idea-how-many-standard-deviations-from-the-mean
G-1196	Mean decrease in impurity (MDI)	ML/08-trees-and-ensembles/ML-108-feature-importance/ML-108-feature-importance.md	4-how-a-decision-tree-computes-feature-importance	ML/08-trees-and-ensembles/ML-108-feature-importance/ML-108-feature-importance.md#4-how-a-decision-tree-computes-feature-importance
G-2237	Mean difference ($\mu_d$)	MA/04-inference/MA-043-two-sample-and-paired-t-tests/MA-043-two-sample-and-paired-t-tests.md	51-when-to-use-it	MA/04-inference/MA-043-two-sample-and-paired-t-tests/MA-043-two-sample-and-paired-t-tests.md#51-when-to-use-it
G-1197	Mean imputation	ML/04-missing-data-and-outliers/ML-035-imputing-numerical-data/ML-035-imputing-numerical-data.md	2-mean-and-median-imputation	ML/04-missing-data-and-outliers/ML-035-imputing-numerical-data/ML-035-imputing-numerical-data.md#2-mean-and-median-imputation
G-1198	Mean normalization	ML/03-feature-engineering/ML-024-normalization/ML-024-normalization.md	7-mean-normalization	ML/03-feature-engineering/ML-024-normalization/ML-024-normalization.md#7-mean-normalization
G-1199	Mean of a random variable	MA/02-probability/MA-012-expected-value-and-variance/MA-012-expected-value-and-variance.md	3-expected-value	MA/02-probability/MA-012-expected-value-and-variance/MA-012-expected-value-and-variance.md#3-expected-value
G-1200	Mean square (MSB, MSW)	MA/04-inference/MA-046-one-way-anova/MA-046-one-way-anova.md	51-mean-squares	MA/04-inference/MA-046-one-way-anova/MA-046-one-way-anova.md#51-mean-squares
G-1201	Mean squared error (MSE)	ML/06-regression/ML-051-regression-metrics/ML-051-regression-metrics.md	3-mean-squared-error-mse	ML/06-regression/ML-051-regression-metrics/ML-051-regression-metrics.md#3-mean-squared-error-mse
G-1204	mean(axis=0)	ML/09-clustering-and-more/ML-124-kmeans-from-scratch/ML-124-kmeans-from-scratch.md		ML/09-clustering-and-more/ML-124-kmeans-from-scratch/ML-124-kmeans-from-scratch.md
G-1205	Measure of central tendency	MA/01-descriptive-stats/MA-005-measures-of-central-tendency/MA-005-measures-of-central-tendency.md	2-what-central-tendency-means	MA/01-descriptive-stats/MA-005-measures-of-central-tendency/MA-005-measures-of-central-tendency.md#2-what-central-tendency-means
G-1206	Measure of dispersion	MA/01-descriptive-stats/MA-006-measures-of-dispersion/MA-006-measures-of-dispersion.md	1-overview	MA/01-descriptive-stats/MA-006-measures-of-dispersion/MA-006-measures-of-dispersion.md#1-overview
G-1209	Median	ML/02-getting-data/ML-018-understanding-your-data/ML-018-understanding-your-data.md		ML/02-getting-data/ML-018-understanding-your-data/ML-018-understanding-your-data.md
G-1207	Median absolute deviation (MAD)	ML/02-getting-data/ML-021-pandas-profiling/ML-021-pandas-profiling.md		ML/02-getting-data/ML-021-pandas-profiling/ML-021-pandas-profiling.md
G-1208	Median imputation	ML/04-missing-data-and-outliers/ML-035-imputing-numerical-data/ML-035-imputing-numerical-data.md	2-mean-and-median-imputation	ML/04-missing-data-and-outliers/ML-035-imputing-numerical-data/ML-035-imputing-numerical-data.md#2-mean-and-median-imputation
G-1210	Memoization	DL/01-basics/DL-019-mlp-memoization/DL-019-mlp-memoization.md	1-overview	DL/01-basics/DL-019-mlp-memoization/DL-019-mlp-memoization.md#1-overview
G-1211	meshgrid	ML/07-classification/ML-085-knn/ML-085-knn.md		ML/07-classification/ML-085-knn/ML-085-knn.md
G-1212	Mesokurtic	MA/03-distributions/MA-028-kurtosis-and-qq-plots/MA-028-kurtosis-and-qq-plots.md	4-excess-kurtosis-and-the-three-types	MA/03-distributions/MA-028-kurtosis-and-qq-plots/MA-028-kurtosis-and-qq-plots.md#4-excess-kurtosis-and-the-three-types
G-1213	Meta-model	ML/08-trees-and-ensembles/ML-095-ensemble-learning/ML-095-ensemble-learning.md	42-stacking	ML/08-trees-and-ensembles/ML-095-ensemble-learning/ML-095-ensemble-learning.md#42-stacking
G-1214	method	ML/03-feature-engineering/ML-030-power-transformer/ML-030-power-transformer.md	2-power-transformer-in-scikit-learn	ML/03-feature-engineering/ML-030-power-transformer/ML-030-power-transformer.md#2-power-transformer-in-scikit-learn
G-1215	Metric (performance metric)	ML/01-foundations/ML-013-framing-ml-problem/ML-013-framing-ml-problem.md	8-step-5-metrics	ML/01-foundations/ML-013-framing-ml-problem/ML-013-framing-ml-problem.md#8-step-5-metrics
G-1216	MICE	ML/04-missing-data-and-outliers/ML-039-iterative-imputer-mice/ML-039-iterative-imputer-mice.md	1-overview	ML/04-missing-data-and-outliers/ML-039-iterative-imputer-mice/ML-039-iterative-imputer-mice.md#1-overview
G-1217	Min-max scaling	ML/03-feature-engineering/ML-024-normalization/ML-024-normalization.md	41-the-formula	ML/03-feature-engineering/ML-024-normalization/ML-024-normalization.md#41-the-formula
G-1218	min_frequency	ML/03-feature-engineering/ML-026-one-hot-encoding/ML-026-one-hot-encoding.md		ML/03-feature-engineering/ML-026-one-hot-encoding/ML-026-one-hot-encoding.md
G-1219	min_impurity_decrease	ML/08-trees-and-ensembles/ML-092-decision-tree-hyperparameters/ML-092-decision-tree-hyperparameters.md	48-minimpuritydecrease	ML/08-trees-and-ensembles/ML-092-decision-tree-hyperparameters/ML-092-decision-tree-hyperparameters.md#48-minimpuritydecrease
G-1220	min_samples_leaf	ML/08-trees-and-ensembles/ML-092-decision-tree-hyperparameters/ML-092-decision-tree-hyperparameters.md	45-minsamplesleaf	ML/08-trees-and-ensembles/ML-092-decision-tree-hyperparameters/ML-092-decision-tree-hyperparameters.md#45-minsamplesleaf
G-1221	min_samples_split	ML/08-trees-and-ensembles/ML-092-decision-tree-hyperparameters/ML-092-decision-tree-hyperparameters.md	44-minsamplessplit	ML/08-trees-and-ensembles/ML-092-decision-tree-hyperparameters/ML-092-decision-tree-hyperparameters.md#44-minsamplessplit
G-1222	Mini-batch gradient descent	ML/06-regression/ML-057-batch-gradient-descent/ML-057-batch-gradient-descent.md	1-overview	ML/06-regression/ML-057-batch-gradient-descent/ML-057-batch-gradient-descent.md#1-overview
G-1224	Miniforge	ML/01-foundations/ML-011-setup-anaconda-jupyter-colab/ML-011-setup-anaconda-jupyter-colab.md	22-miniforge-the-installer-we-use	ML/01-foundations/ML-011-setup-anaconda-jupyter-colab/ML-011-setup-anaconda-jupyter-colab.md#22-miniforge-the-installer-we-use
G-1225	Minimax inequality	MA/07-optimisation/MA-066-lagrange-multipliers/MA-066-lagrange-multipliers.md	62-weak-and-strong-duality	MA/07-optimisation/MA-066-lagrange-multipliers/MA-066-lagrange-multipliers.md#62-weak-and-strong-duality
G-1226	Minimum-norm solution	MA/05-linear-algebra/MA-060-svd-in-machine-learning/MA-060-svd-in-machine-learning.md		MA/05-linear-algebra/MA-060-svd-in-machine-learning/MA-060-svd-in-machine-learning.md
G-1227	Minkowski distance	ML/07-classification/ML-085-knn/ML-085-knn.md	21-the-steps	ML/07-classification/ML-085-knn/ML-085-knn.md#21-the-steps
G-1228	MinMaxScaler	ML/03-feature-engineering/ML-024-normalization/ML-024-normalization.md	52-split-fit-and-transform	ML/03-feature-engineering/ML-024-normalization/ML-024-normalization.md#52-split-fit-and-transform
G-1229	Minority class	ML/09-clustering-and-more/ML-127-imbalanced-data/ML-127-imbalanced-data.md	2-what-imbalanced-data-looks-like	ML/09-clustering-and-more/ML-127-imbalanced-data/ML-127-imbalanced-data.md#2-what-imbalanced-data-looks-like
G-1230	Minorizer / majorizer	MA/08-likelihood/MA-074-expectation-maximization/MA-074-expectation-maximization.md		MA/08-likelihood/MA-074-expectation-maximization/MA-074-expectation-maximization.md
G-1231	MinPts (min_samples)	ML/09-clustering-and-more/ML-126-dbscan/ML-126-dbscan.md	5-measuring-density-eps-and-minpts	ML/09-clustering-and-more/ML-126-dbscan/ML-126-dbscan.md#5-measuring-density-eps-and-minpts
G-1232	Missing category imputation	ML/04-missing-data-and-outliers/ML-036-missing-categorical-data/ML-036-missing-categorical-data.md	1-overview	ML/04-missing-data-and-outliers/ML-036-missing-categorical-data/ML-036-missing-categorical-data.md#1-overview
G-1233	Missing indicator	ML/04-missing-data-and-outliers/ML-034-complete-case-analysis/ML-034-complete-case-analysis.md	32-imputing-filling-in-the-gaps	ML/04-missing-data-and-outliers/ML-034-complete-case-analysis/ML-034-complete-case-analysis.md#32-imputing-filling-in-the-gaps
G-1234	Missing value	ML/02-getting-data/ML-014-working-with-csv/ML-014-working-with-csv.md	9-loading-only-some-columns-usecols	ML/02-getting-data/ML-014-working-with-csv/ML-014-working-with-csv.md#9-loading-only-some-columns-usecols
G-1236	Mixed partial derivative	MA/06-calculus/MA-064-hessian-and-multivariate-taylor/MA-064-hessian-and-multivariate-taylor.md	41-second-partial-derivatives	MA/06-calculus/MA-064-hessian-and-multivariate-taylor/MA-064-hessian-and-multivariate-taylor.md#41-second-partial-derivatives
G-1237	Mixed variable	ML/03-feature-engineering/ML-032-mixed-variables/ML-032-mixed-variables.md	2-what-a-mixed-variable-is	ML/03-feature-engineering/ML-032-mixed-variables/ML-032-mixed-variables.md#2-what-a-mixed-variable-is
G-1238	Mixture weight $\pi_k$	MA/08-likelihood/MA-073-gaussian-mixture-models/MA-073-gaussian-mixture-models.md	61-the-formula	MA/08-likelihood/MA-073-gaussian-mixture-models/MA-073-gaussian-mixture-models.md#61-the-formula
G-1239	ML algorithm	ML/01-foundations/ML-001-what-is-ml/ML-001-what-is-ml.md		ML/01-foundations/ML-001-what-is-ml/ML-001-what-is-ml.md
G-1240	MLDLC	ML/01-foundations/ML-009-mldlc/ML-009-mldlc.md	22-the-machine-learning-development-life-cycle	ML/01-foundations/ML-009-mldlc/ML-009-mldlc.md#22-the-machine-learning-development-life-cycle
G-1241	MLE of a binomial $p$	MA/08-likelihood/MA-071-mle-for-common-distributions/MA-071-mle-for-common-distributions.md	23-the-general-formula	MA/08-likelihood/MA-071-mle-for-common-distributions/MA-071-mle-for-common-distributions.md#23-the-general-formula
G-1242	MLE of a normal distribution	MA/08-likelihood/MA-071-mle-for-common-distributions/MA-071-mle-for-common-distributions.md	44-the-mle-of-the-standard-deviation	MA/08-likelihood/MA-071-mle-for-common-distributions/MA-071-mle-for-common-distributions.md#44-the-mle-of-the-standard-deviation
G-1243	MLE of an exponential rate	MA/08-likelihood/MA-071-mle-for-common-distributions/MA-071-mle-for-common-distributions.md	33-the-derivation	MA/08-likelihood/MA-071-mle-for-common-distributions/MA-071-mle-for-common-distributions.md#33-the-derivation
G-1244	MLOps	ML/01-foundations/ML-007-challenges-in-ml/ML-007-challenges-in-ml.md	10-cost	ML/01-foundations/ML-007-challenges-in-ml/ML-007-challenges-in-ml.md#10-cost
G-1245	MLP block	DL/06-transformers/DL-089-mlp-stores-facts/DL-089-mlp-stores-facts.md	3-the-mlp-block-in-one-formula	DL/06-transformers/DL-089-mlp-stores-facts/DL-089-mlp-stores-facts.md#3-the-mlp-block-in-one-formula
G-1246	MLPClassifier	DL/01-basics/DL-009-mlp-intuition/DL-009-mlp-intuition.md	52-other-shapes	DL/01-basics/DL-009-mlp-intuition/DL-009-mlp-intuition.md#52-other-shapes
G-1247	MM algorithm	MA/08-likelihood/MA-074-expectation-maximization/MA-074-expectation-maximization.md	9-em-is-a-minorizemaximize-mm-algorithm	MA/08-likelihood/MA-074-expectation-maximization/MA-074-expectation-maximization.md#9-em-is-a-minorizemaximize-mm-algorithm
G-1248	MNAR	ML/04-missing-data-and-outliers/ML-034-complete-case-analysis/ML-034-complete-case-analysis.md	52-the-other-two-kinds-mar-and-mnar	ML/04-missing-data-and-outliers/ML-034-complete-case-analysis/ML-034-complete-case-analysis.md#52-the-other-two-kinds-mar-and-mnar
G-1249	MNIST	ML/03-feature-engineering/ML-022-what-is-feature-engineering/ML-022-what-is-feature-engineering.md	81-pixels-as-columns-the-mnist-dataset	ML/03-feature-engineering/ML-022-what-is-feature-engineering/ML-022-what-is-feature-engineering.md#81-pixels-as-columns-the-mnist-dataset
G-1250	Modality	DL/06-transformers/DL-071-introduction-to-transformers/DL-071-introduction-to-transformers.md	63-multimodal-models	DL/06-transformers/DL-071-introduction-to-transformers/DL-071-introduction-to-transformers.md#63-multimodal-models
G-1251	Mode	ML/03-feature-engineering/ML-022-what-is-feature-engineering/ML-022-what-is-feature-engineering.md		ML/03-feature-engineering/ML-022-what-is-feature-engineering/ML-022-what-is-feature-engineering.md
G-1256	Model	ML/01-foundations/ML-001-what-is-ml/ML-001-what-is-ml.md	32-learning-patterns-from-data	ML/01-foundations/ML-001-what-is-ml/ML-001-what-is-ml.md#32-learning-patterns-from-data
G-1253	Model drift / concept drift	ML/01-foundations/ML-004-batch-learning/ML-004-batch-learning.md	41-models-go-stale	ML/01-foundations/ML-004-batch-learning/ML-004-batch-learning.md#41-models-go-stale
G-1254	Model selection	ML/01-foundations/ML-012-toy-project/ML-012-toy-project.md		ML/01-foundations/ML-012-toy-project/ML-012-toy-project.md
G-1257	Model-based learning	ML/01-foundations/ML-006-instance-vs-model-based/ML-006-instance-vs-model-based.md	2-two-ways-to-learn	ML/01-foundations/ML-006-instance-vs-model-based/ML-006-instance-vs-model-based.md#2-two-ways-to-learn
G-1258	Momentum (optimizer)	DL/03-optimizers/DL-034-sgd-with-momentum/DL-034-sgd-with-momentum.md	1-overview	DL/03-optimizers/DL-034-sgd-with-momentum/DL-034-sgd-with-momentum.md#1-overview
G-1259	monotonic_cst	ML/08-trees-and-ensembles/ML-105-random-forest-hyperparameters/ML-105-random-forest-hyperparameters.md		ML/08-trees-and-ensembles/ML-105-random-forest-hyperparameters/ML-105-random-forest-hyperparameters.md
G-1260	Monotonicity	ML/02-getting-data/ML-021-pandas-profiling/ML-021-pandas-profiling.md		ML/02-getting-data/ML-021-pandas-profiling/ML-021-pandas-profiling.md
G-1261	Moore's law	DL/01-basics/DL-002-what-is-deep-learning/DL-002-what-is-deep-learning.md	52-hardware	DL/01-basics/DL-002-what-is-deep-learning/DL-002-what-is-deep-learning.md#52-hardware
G-1262	Moore–Penrose pseudo-inverse ($A^{+}$)	MA/05-linear-algebra/MA-060-svd-in-machine-learning/MA-060-svd-in-machine-learning.md	51-inverting-the-svd	MA/05-linear-algebra/MA-060-svd-in-machine-learning/MA-060-svd-in-machine-learning.md#51-inverting-the-svd
G-1263	More extreme	MA/04-inference/MA-041-p-values/MA-041-p-values.md		MA/04-inference/MA-041-p-values/MA-041-p-values.md
G-1264	Most frequent value imputation (mode imputation)	ML/04-missing-data-and-outliers/ML-036-missing-categorical-data/ML-036-missing-categorical-data.md	21-the-idea	ML/04-missing-data-and-outliers/ML-036-missing-categorical-data/ML-036-missing-categorical-data.md#21-the-idea
G-2267	Moving average	DL/04-cnn/DL-042-convolution-operation/DL-042-convolution-operation.md	41-a-moving-average	DL/04-cnn/DL-042-convolution-operation/DL-042-convolution-operation.md#41-a-moving-average
G-1265	Moving mean and moving variance	DL/02-training/DL-031-batch-normalization/DL-031-batch-normalization.md		DL/02-training/DL-031-batch-normalization/DL-031-batch-normalization.md
G-1266	Multi-class classification	DL/05-rnn/DL-063-lstm-next-word-prediction/DL-063-lstm-next-word-prediction.md	51-why-not-regression	DL/05-rnn/DL-063-lstm-next-word-prediction/DL-063-lstm-next-word-prediction.md#51-why-not-regression
G-1267	Multi-class output layer	DL/01-basics/DL-009-mlp-intuition/DL-009-mlp-intuition.md		DL/01-basics/DL-009-mlp-intuition/DL-009-mlp-intuition.md
G-1268	Multi-head attention	DL/06-transformers/DL-078-multi-head-attention/DL-078-multi-head-attention.md	1-overview	DL/06-transformers/DL-078-multi-head-attention/DL-078-multi-head-attention.md#1-overview
G-1269	Multi-input model	DL/04-cnn/DL-054-keras-functional-api/DL-054-keras-functional-api.md	3-when-a-straight-line-is-not-enough	DL/04-cnn/DL-054-keras-functional-api/DL-054-keras-functional-api.md#3-when-a-straight-line-is-not-enough
G-1270	Multi-layer perceptron (MLP)	DL/01-basics/DL-003-nn-types-history-applications/DL-003-nn-types-history-applications.md	21-multi-layer-perceptron-mlp	DL/01-basics/DL-003-nn-types-history-applications/DL-003-nn-types-history-applications.md#21-multi-layer-perceptron-mlp
G-1271	Multi-layer stacking	ML/08-trees-and-ensembles/ML-121-stacking-blending/ML-121-stacking-blending.md	8-stacking-in-several-layers	ML/08-trees-and-ensembles/ML-121-stacking-blending/ML-121-stacking-blending.md#8-stacking-in-several-layers
G-1272	Multi-output model	DL/04-cnn/DL-054-keras-functional-api/DL-054-keras-functional-api.md	3-when-a-straight-line-is-not-enough	DL/04-cnn/DL-054-keras-functional-api/DL-054-keras-functional-api.md#3-when-a-straight-line-is-not-enough
G-1273	Multicollinearity	ML/03-feature-engineering/ML-026-one-hot-encoding/ML-026-one-hot-encoding.md	32-multicollinearity-inputs-must-not-depend-on-each-other	ML/03-feature-engineering/ML-026-one-hot-encoding/ML-026-one-hot-encoding.md#32-multicollinearity-inputs-must-not-depend-on-each-other
G-1275	Multimodal	MA/01-descriptive-stats/MA-005-measures-of-central-tendency/MA-005-measures-of-central-tendency.md	5-mode	MA/01-descriptive-stats/MA-005-measures-of-central-tendency/MA-005-measures-of-central-tendency.md#5-mode
G-1274	Multimodal model	DL/06-transformers/DL-071-introduction-to-transformers/DL-071-introduction-to-transformers.md	63-multimodal-models	DL/06-transformers/DL-071-introduction-to-transformers/DL-071-introduction-to-transformers.md#63-multimodal-models
G-1276	Multinomial logistic regression	ML/07-classification/ML-078-softmax-regression/ML-078-softmax-regression.md	1-overview	ML/07-classification/ML-078-softmax-regression/ML-078-softmax-regression.md#1-overview
G-1277	MultinomialNB	ML/07-classification/ML-084-gaussian-naive-bayes/ML-084-gaussian-naive-bayes.md		ML/07-classification/ML-084-gaussian-naive-bayes/ML-084-gaussian-naive-bayes.md
G-1278	Multiple imputation	ML/04-missing-data-and-outliers/ML-039-iterative-imputer-mice/ML-039-iterative-imputer-mice.md	85-several-imputations	ML/04-missing-data-and-outliers/ML-039-iterative-imputer-mice/ML-039-iterative-imputer-mice.md#85-several-imputations
G-1279	Multiple linear regression	ML/06-regression/ML-049-simple-linear-regression/ML-049-simple-linear-regression.md	1-overview	ML/06-regression/ML-049-simple-linear-regression/ML-049-simple-linear-regression.md#1-overview
G-2212	Multiplication rule	MA/02-probability/MA-015-conditional-probability/MA-015-conditional-probability.md	5-the-multiplication-rule	MA/02-probability/MA-015-conditional-probability/MA-015-conditional-probability.md#5-the-multiplication-rule
G-1280	Multivariate analysis	ML/02-getting-data/ML-019-univariate-analysis/ML-019-univariate-analysis.md	2-univariate-bivariate-and-multivariate-analysis	ML/02-getting-data/ML-019-univariate-analysis/ML-019-univariate-analysis.md#2-univariate-bivariate-and-multivariate-analysis
G-1281	Multivariate chain rule	MA/06-calculus/MA-062-partial-derivatives-and-gradients/MA-062-partial-derivatives-and-gradients.md	6-the-chain-rule-with-several-variables	MA/06-calculus/MA-062-partial-derivatives-and-gradients/MA-062-partial-derivatives-and-gradients.md#6-the-chain-rule-with-several-variables
G-1282	Multivariate imputation	ML/04-missing-data-and-outliers/ML-034-complete-case-analysis/ML-034-complete-case-analysis.md	32-imputing-filling-in-the-gaps	ML/04-missing-data-and-outliers/ML-034-complete-case-analysis/ML-034-complete-case-analysis.md#32-imputing-filling-in-the-gaps
G-1283	Multivariate normal distribution	MA/08-likelihood/MA-073-gaussian-mixture-models/MA-073-gaussian-mixture-models.md	71-the-multivariate-normal	MA/08-likelihood/MA-073-gaussian-mixture-models/MA-073-gaussian-mixture-models.md#71-the-multivariate-normal
G-1284	Multivariate Taylor polynomial	MA/06-calculus/MA-064-hessian-and-multivariate-taylor/MA-064-hessian-and-multivariate-taylor.md	61-the-terms-up-to-second-order	MA/06-calculus/MA-064-hessian-and-multivariate-taylor/MA-064-hessian-and-multivariate-taylor.md#61-the-terms-up-to-second-order
G-1285	Multivariate Taylor series	MA/06-calculus/MA-064-hessian-and-multivariate-taylor/MA-064-hessian-and-multivariate-taylor.md	62-higher-orders-tensors-and-outer-products	MA/06-calculus/MA-064-hessian-and-multivariate-taylor/MA-064-hessian-and-multivariate-taylor.md#62-higher-orders-tensors-and-outer-products
G-1286	Mutually exclusive events	MA/02-probability/MA-017-mutually-exclusive-events/MA-017-mutually-exclusive-events.md	2-the-definition	MA/02-probability/MA-017-mutually-exclusive-events/MA-017-mutually-exclusive-events.md#2-the-definition
G-1287	n-gram	DL/05-rnn/DL-063-lstm-next-word-prediction/DL-063-lstm-next-word-prediction.md	32-every-prefix-predicts-its-next-word	DL/05-rnn/DL-063-lstm-next-word-prediction/DL-063-lstm-next-word-prediction.md#32-every-prefix-predicts-its-next-word
G-1288	n_bins	ML/03-feature-engineering/ML-031-binning-binarization/ML-031-binning-binarization.md		ML/03-feature-engineering/ML-031-binning-binarization/ML-031-binning-binarization.md
G-1289	n_components	ML/05-dimensionality/ML-048-pca-mnist/ML-048-pca-mnist.md		ML/05-dimensionality/ML-048-pca-mnist/ML-048-pca-mnist.md
G-1291	n_estimators	ML/08-trees-and-ensembles/ML-100-bagging-classifier/ML-100-bagging-classifier.md		ML/08-trees-and-ensembles/ML-100-bagging-classifier/ML-100-bagging-classifier.md
G-1290	n_estimators (AdaBoost)	ML/08-trees-and-ensembles/ML-112-adaboost-hyperparameters/ML-112-adaboost-hyperparameters.md	22-nestimators-the-number-of-stages	ML/08-trees-and-ensembles/ML-112-adaboost-hyperparameters/ML-112-adaboost-hyperparameters.md#22-nestimators-the-number-of-stages
G-1292	n_init	ML/09-clustering-and-more/ML-123-kmeans-code/ML-123-kmeans-code.md		ML/09-clustering-and-more/ML-123-kmeans-code/ML-123-kmeans-code.md
G-1293	n_iter	ML/08-trees-and-ensembles/ML-093-regression-trees/ML-093-regression-trees.md		ML/08-trees-and-ensembles/ML-093-regression-trees/ML-093-regression-trees.md
G-1294	n_jobs	ML/08-trees-and-ensembles/ML-098-voting-regressor/ML-098-voting-regressor.md		ML/08-trees-and-ensembles/ML-098-voting-regressor/ML-098-voting-regressor.md
G-1295	Nabla ($\nabla$)	MA/06-calculus/MA-062-partial-derivatives-and-gradients/MA-062-partial-derivatives-and-gradients.md	41-collecting-the-partial-derivatives	MA/06-calculus/MA-062-partial-derivatives-and-gradients/MA-062-partial-derivatives-and-gradients.md#41-collecting-the-partial-derivatives
G-1296	Naive assumption	ML/07-classification/ML-081-naive-bayes-intuition/ML-081-naive-bayes-intuition.md	7-the-naive-assumption	ML/07-classification/ML-081-naive-bayes-intuition/ML-081-naive-bayes-intuition.md#7-the-naive-assumption
G-1297	Naive Bayes classifier (Naive Bayes)	ML/07-classification/ML-081-naive-bayes-intuition/ML-081-naive-bayes-intuition.md	1-overview	ML/07-classification/ML-081-naive-bayes-intuition/ML-081-naive-bayes-intuition.md#1-overview
G-1299	Name tokens	DL/06-transformers/DL-089-mlp-stores-facts/DL-089-mlp-stores-facts.md	71-switching-mlps-off	DL/06-transformers/DL-089-mlp-stores-facts/DL-089-mlp-stores-facts.md#71-switching-mlps-off
G-1300	Named entity recognition (NER)	DL/05-rnn/DL-058-types-of-rnn/DL-058-types-of-rnn.md	51-same-length	DL/05-rnn/DL-058-types-of-rnn/DL-058-types-of-rnn.md#51-same-length
G-1301	named_steps	ML/03-feature-engineering/ML-028-pipelines/ML-028-pipelines.md	72-pulling-out-fitted-steps	ML/03-feature-engineering/ML-028-pipelines/ML-028-pipelines.md#72-pulling-out-fitted-steps
G-1302	nan-Euclidean distance	ML/04-missing-data-and-outliers/ML-038-knn-imputer/ML-038-knn-imputer.md	43-the-nan-euclidean-distance	ML/04-missing-data-and-outliers/ML-038-knn-imputer/ML-038-knn-imputer.md#43-the-nan-euclidean-distance
G-1303	Narrow AI	ML/01-foundations/ML-002-ai-vs-ml-vs-dl/ML-002-ai-vs-ml-vs-dl.md	22-narrow-ai-and-general-ai	ML/01-foundations/ML-002-ai-vs-ml-vs-dl/ML-002-ai-vs-ml-vs-dl.md#22-narrow-ai-and-general-ai
G-1304	NaT	ML/03-feature-engineering/ML-033-date-and-time/ML-033-date-and-time.md	4-converting-text-to-a-datetime-type	ML/03-feature-engineering/ML-033-date-and-time/ML-033-date-and-time.md#4-converting-text-to-a-datetime-type
G-1305	Natural language processing (NLP)	ML/01-foundations/ML-008-applications-of-ml/ML-008-applications-of-ml.md	71-sentiment-analysis	ML/01-foundations/ML-008-applications-of-ml/ML-008-applications-of-ml.md#71-sentiment-analysis
G-1306	Nearest neighbours (neighbours)	ML/04-missing-data-and-outliers/ML-038-knn-imputer/ML-038-knn-imputer.md		ML/04-missing-data-and-outliers/ML-038-knn-imputer/ML-038-knn-imputer.md
G-1307	Nearly perpendicular	DL/06-transformers/DL-090-superposition/DL-090-superposition.md		DL/06-transformers/DL-090-superposition/DL-090-superposition.md
G-1308	Negative gradient	ML/08-trees-and-ensembles/ML-115-gradient-boosting-regression-maths/ML-115-gradient-boosting-regression-maths.md	6-step-2a-pseudo-residuals-are-negative-gradients	ML/08-trees-and-ensembles/ML-115-gradient-boosting-regression-maths/ML-115-gradient-boosting-regression-maths.md#6-step-2a-pseudo-residuals-are-negative-gradients
G-1309	Negative hyperplane ($\pi^-$)	ML/07-classification/ML-086-svm-intuition/ML-086-svm-intuition.md	51-the-procedure	ML/07-classification/ML-086-svm-intuition/ML-086-svm-intuition.md#51-the-procedure
G-1310	Negative log-likelihood (NLL)	MA/08-likelihood/MA-070-maximum-likelihood-estimation/MA-070-maximum-likelihood-estimation.md	9-the-negative-log-likelihood	MA/08-likelihood/MA-070-maximum-likelihood-estimation/MA-070-maximum-likelihood-estimation.md#9-the-negative-log-likelihood
G-1311	Negative power	MA/03-distributions/MA-032-poisson-distribution/MA-032-poisson-distribution.md	32-two-pieces-of-the-formula	MA/03-distributions/MA-032-poisson-distribution/MA-032-poisson-distribution.md#32-two-pieces-of-the-formula
G-1312	Negative skew (left skew)	ML/02-getting-data/ML-019-univariate-analysis/ML-019-univariate-analysis.md	10-skewness	ML/02-getting-data/ML-019-univariate-analysis/ML-019-univariate-analysis.md#10-skewness
G-1314	Neocognitron	DL/04-cnn/DL-041-cnn-vs-visual-cortex/DL-041-cnn-vs-visual-cortex.md	61-the-neocognitron	DL/04-cnn/DL-041-cnn-vs-visual-cortex/DL-041-cnn-vs-visual-cortex.md#61-the-neocognitron
G-2158	Nested cross-validation	ML/08-trees-and-ensembles/ML-106-random-forest-tuning/ML-106-random-forest-tuning.md	64-did-tuning-really-help	ML/08-trees-and-ensembles/ML-106-random-forest-tuning/ML-106-random-forest-tuning.md#64-did-tuning-really-help
G-1315	Nesterov accelerated gradient (NAG)	DL/03-optimizers/DL-035-nesterov-accelerated-gradient/DL-035-nesterov-accelerated-gradient.md	1-overview	DL/03-optimizers/DL-035-nesterov-accelerated-gradient/DL-035-nesterov-accelerated-gradient.md#1-overview
G-1316	Neural network	ML/01-foundations/ML-002-ai-vs-ml-vs-dl/ML-002-ai-vs-ml-vs-dl.md	51-neural-networks	ML/01-foundations/ML-002-ai-vs-ml-vs-dl/ML-002-ai-vs-ml-vs-dl.md#51-neural-networks
G-1318	Neuron (biological)	DL/01-basics/DL-004-perceptron/DL-004-perceptron.md		DL/01-basics/DL-004-perceptron/DL-004-perceptron.md
G-1317	Neuron (in a network)	DL/01-basics/DL-002-what-is-deep-learning/DL-002-what-is-deep-learning.md		DL/01-basics/DL-002-what-is-deep-learning/DL-002-what-is-deep-learning.md
G-1319	Neuroplasticity	DL/01-basics/DL-004-perceptron/DL-004-perceptron.md	51-three-differences	DL/01-basics/DL-004-perceptron/DL-004-perceptron.md#51-three-differences
G-1320	Newton step	ML/08-trees-and-ensembles/ML-116-gradient-boosting-classification/ML-116-gradient-boosting-classification.md	8-leaf-values-in-log-odds	ML/08-trees-and-ensembles/ML-116-gradient-boosting-classification/ML-116-gradient-boosting-classification.md#8-leaf-values-in-log-odds
G-1321	Newton's method	MA/06-calculus/MA-064-hessian-and-multivariate-taylor/MA-064-hessian-and-multivariate-taylor.md	7-where-ml-uses-second-order-approximations	MA/06-calculus/MA-064-hessian-and-multivariate-taylor/MA-064-hessian-and-multivariate-taylor.md#7-where-ml-uses-second-order-approximations
G-1322	Next-word predictor	DL/05-rnn/DL-063-lstm-next-word-prediction/DL-063-lstm-next-word-prediction.md	1-overview	DL/05-rnn/DL-063-lstm-next-word-prediction/DL-063-lstm-next-word-prediction.md#1-overview
G-1324	Node number	ML/08-trees-and-ensembles/ML-094-dtreeviz/ML-094-dtreeviz.md		ML/08-trees-and-ensembles/ML-094-dtreeviz/ML-094-dtreeviz.md
G-1325	Node-level feature sampling (node-level column sampling)	ML/08-trees-and-ensembles/ML-104-bagging-vs-random-forest/ML-104-bagging-vs-random-forest.md		ML/08-trees-and-ensembles/ML-104-bagging-vs-random-forest/ML-104-bagging-vs-random-forest.md
G-1326	Noise ($\varepsilon$)	MA/08-likelihood/MA-072-mle-in-machine-learning/MA-072-mle-in-machine-learning.md	31-the-model	MA/08-likelihood/MA-072-mle-in-machine-learning/MA-072-mle-in-machine-learning.md#31-the-model
G-1327	Noise (irreducible error)	ML/06-regression/ML-061-bias-variance/ML-061-bias-variance.md	5-the-trade-off	ML/06-regression/ML-061-bias-variance/ML-061-bias-variance.md#5-the-trade-off
G-1328	Noise floor	MA/05-linear-algebra/MA-059-low-rank-approximation/MA-059-low-rank-approximation.md	7-removing-noise	MA/05-linear-algebra/MA-059-low-rank-approximation/MA-059-low-rank-approximation.md#7-removing-noise
G-1329	Noise point	ML/09-clustering-and-more/ML-126-dbscan/ML-126-dbscan.md	6-core-border-and-noise-points	ML/09-clustering-and-more/ML-126-dbscan/ML-126-dbscan.md#6-core-border-and-noise-points
G-1330	Nominal data	ML/03-feature-engineering/ML-025-ordinal-label-encoding/ML-025-ordinal-label-encoding.md	21-nominal-data	ML/03-feature-engineering/ML-025-ordinal-label-encoding/ML-025-ordinal-label-encoding.md#21-nominal-data
G-1331	Non-autoregressive	DL/06-transformers/DL-084-transformer-decoder/DL-084-transformer-decoder.md	9-training-every-position-in-one-pass	DL/06-transformers/DL-084-transformer-decoder/DL-084-transformer-decoder.md#9-training-every-position-in-one-pass
G-1332	Non-closed-form solution	ML/06-regression/ML-050-linear-regression-maths/ML-050-linear-regression-maths.md	2-two-ways-to-find-m-and-b	ML/06-regression/ML-050-linear-regression-maths/ML-050-linear-regression-maths.md#2-two-ways-to-find-m-and-b
G-1333	Non-convex function	MA/07-optimisation/MA-065-convex-and-non-convex-cost-functions/MA-065-convex-and-non-convex-cost-functions.md	31-the-definition-as-a-formula	MA/07-optimisation/MA-065-convex-and-non-convex-cost-functions/MA-065-convex-and-non-convex-cost-functions.md#31-the-definition-as-a-formula
G-1334	Non-Gaussian distribution	MA/03-distributions/MA-029-uniform-and-log-normal/MA-029-uniform-and-log-normal.md	1-overview	MA/03-distributions/MA-029-uniform-and-log-normal/MA-029-uniform-and-log-normal.md#1-overview
G-1335	Non-linear data	ML/07-classification/ML-089-kernel-trick-intuition/ML-089-kernel-trick-intuition.md		ML/07-classification/ML-089-kernel-trick-intuition/ML-089-kernel-trick-intuition.md
G-1336	Non-linear variants of ReLU	DL/02-training/DL-028-relu-variants/DL-028-relu-variants.md	1-overview	DL/02-training/DL-028-relu-variants/DL-028-relu-variants.md#1-overview
G-1337	Non-null	ML/02-getting-data/ML-018-understanding-your-data/ML-018-understanding-your-data.md	51-reading-the-output-of-info	ML/02-getting-data/ML-018-understanding-your-data/ML-018-understanding-your-data.md#51-reading-the-output-of-info
G-1338	Non-parametric density estimation	MA/03-distributions/MA-023-density-estimation-kde/MA-023-density-estimation-kde.md	4-non-parametric-density-estimation	MA/03-distributions/MA-023-density-estimation-kde/MA-023-density-estimation-kde.md#4-non-parametric-density-estimation
G-1339	Non-saturating function	DL/02-training/DL-027-activation-functions/DL-027-activation-functions.md	55-non-saturating	DL/02-training/DL-027-activation-functions/DL-027-activation-functions.md#55-non-saturating
G-1340	Non-sequential data	DL/05-rnn/DL-055-why-rnn/DL-055-why-rnn.md	3-sequential-data	DL/05-rnn/DL-055-why-rnn/DL-055-why-rnn.md#3-sequential-data
G-1341	Non-trainable parameter	DL/02-training/DL-031-batch-normalization/DL-031-batch-normalization.md		DL/02-training/DL-031-batch-normalization/DL-031-batch-normalization.md
G-1343	Normal distribution	ML/02-getting-data/ML-019-univariate-analysis/ML-019-univariate-analysis.md	10-skewness	ML/02-getting-data/ML-019-univariate-analysis/ML-019-univariate-analysis.md#10-skewness
G-1344	Normal equation	ML/06-regression/ML-053-multiple-lr-maths/ML-053-multiple-lr-maths.md	6-the-normal-equation	ML/06-regression/ML-053-multiple-lr-maths/ML-053-multiple-lr-maths.md#6-the-normal-equation
G-1345	Normal equations	ML/06-regression/ML-053-multiple-lr-maths/ML-053-multiple-lr-maths.md	52-the-gradient-then-zero	ML/06-regression/ML-053-multiple-lr-maths/ML-053-multiple-lr-maths.md#52-the-gradient-then-zero
G-1346	Normal vector	MA/05-linear-algebra/MA-051-equation-of-a-hyperplane/MA-051-equation-of-a-hyperplane.md	61-the-argument	MA/05-linear-algebra/MA-051-equation-of-a-hyperplane/MA-051-equation-of-a-hyperplane.md#61-the-argument
G-1348	Normalisation (in a network)	DL/06-transformers/DL-080-layer-normalization/DL-080-layer-normalization.md	3-normalisation-in-deep-learning	DL/06-transformers/DL-080-layer-normalization/DL-080-layer-normalization.md#3-normalisation-in-deep-learning
G-1347	Normalisation (of weights)	ML/08-trees-and-ensembles/ML-110-adaboost-step-by-step/ML-110-adaboost-step-by-step.md		ML/08-trees-and-ensembles/ML-110-adaboost-step-by-step/ML-110-adaboost-step-by-step.md
G-1349	Normalization (feature scaling)	ML/03-feature-engineering/ML-024-normalization/ML-024-normalization.md	2-what-normalization-is	ML/03-feature-engineering/ML-024-normalization/ML-024-normalization.md#2-what-normalization-is
G-1350	Normalized importances	ML/08-trees-and-ensembles/ML-108-feature-importance/ML-108-feature-importance.md		ML/08-trees-and-ensembles/ML-108-feature-importance/ML-108-feature-importance.md
G-1351	Normalizing inputs	DL/02-training/DL-023-data-scaling-in-ann/DL-023-data-scaling-in-ann.md		DL/02-training/DL-023-data-scaling-in-ann/DL-023-data-scaling-in-ann.md
G-1352	Not commutative	MA/05-linear-algebra/MA-054-matrix-multiplication-as-composition/MA-054-matrix-multiplication-as-composition.md	5-order-matters	MA/05-linear-algebra/MA-054-matrix-multiplication-as-composition/MA-054-matrix-multiplication-as-composition.md#5-order-matters
G-1353	Notebook	ML/01-foundations/ML-011-setup-anaconda-jupyter-colab/ML-011-setup-anaconda-jupyter-colab.md	31-starting-jupyter	ML/01-foundations/ML-011-setup-anaconda-jupyter-colab/ML-011-setup-anaconda-jupyter-colab.md#31-starting-jupyter
G-1354	np.argmin	ML/09-clustering-and-more/ML-124-kmeans-from-scratch/ML-124-kmeans-from-scratch.md		ML/09-clustering-and-more/ML-124-kmeans-from-scratch/ML-124-kmeans-from-scratch.md
G-1355	np.concatenate	ML/03-feature-engineering/ML-027-column-transformer/ML-027-column-transformer.md	44-age-and-the-final-join	ML/03-feature-engineering/ML-027-column-transformer/ML-027-column-transformer.md#44-age-and-the-final-join
G-1356	np.insert	ML/06-regression/ML-054-multiple-lr-code/ML-054-multiple-lr-code.md	41-fit	ML/06-regression/ML-054-multiple-lr-code/ML-054-multiple-lr-code.md#41-fit
G-1357	np.linalg.inv	ML/06-regression/ML-054-multiple-lr-code/ML-054-multiple-lr-code.md	41-fit	ML/06-regression/ML-054-multiple-lr-code/ML-054-multiple-lr-code.md#41-fit
G-1358	np.linalg.lstsq	ML/06-regression/ML-054-multiple-lr-code/ML-054-multiple-lr-code.md	6-solving-without-an-explicit-inverse	ML/06-regression/ML-054-multiple-lr-code/ML-054-multiple-lr-code.md#6-solving-without-an-explicit-inverse
G-1359	NPU	DL/01-basics/DL-002-what-is-deep-learning/DL-002-what-is-deep-learning.md	52-hardware	DL/01-basics/DL-002-what-is-deep-learning/DL-002-what-is-deep-learning.md#52-hardware
G-1360	Nucleus (top $p$) sampling	DL/06-transformers/DL-088-unembedding-and-sampling/DL-088-unembedding-and-sampling.md	62-sampling-at-different-temperatures	DL/06-transformers/DL-088-unembedding-and-sampling/DL-088-unembedding-and-sampling.md#62-sampling-at-different-temperatures
G-1361	Null hypothesis ($H_0$)	MA/04-inference/MA-038-null-and-alternative-hypotheses/MA-038-null-and-alternative-hypotheses.md	3-the-null-hypothesis	MA/04-inference/MA-038-null-and-alternative-hypotheses/MA-038-null-and-alternative-hypotheses.md#3-the-null-hypothesis
G-1362	Null space	MA/05-linear-algebra/MA-058-computing-the-svd/MA-058-computing-the-svd.md	5-a-matrix-of-rank-1	MA/05-linear-algebra/MA-058-computing-the-svd/MA-058-computing-the-svd.md#5-a-matrix-of-rank-1
G-1363	Nullable integer (Int64)	ML/03-feature-engineering/ML-032-mixed-variables/ML-032-mixed-variables.md	42-the-categorical-part	ML/03-feature-engineering/ML-032-mixed-variables/ML-032-mixed-variables.md#42-the-categorical-part
G-1364	Nullity matrix	ML/02-getting-data/ML-021-pandas-profiling/ML-021-pandas-profiling.md		ML/02-getting-data/ML-021-pandas-profiling/ML-021-pandas-profiling.md
G-1365	Number of samples ($k$)	MA/04-inference/MA-034-estimating-a-mean-with-the-clt/MA-034-estimating-a-mean-with-the-clt.md		MA/04-inference/MA-034-estimating-a-mean-with-the-clt/MA-034-estimating-a-mean-with-the-clt.md
G-1366	Numerator layout	MA/06-calculus/MA-063-jacobian-and-matrix-gradients/MA-063-jacobian-and-matrix-gradients.md	42-the-formula-every-partial-derivative-in-one-grid	MA/06-calculus/MA-063-jacobian-and-matrix-gradients/MA-063-jacobian-and-matrix-gradients.md#42-the-formula-every-partial-derivative-in-one-grid
G-2247	Numeric understanding	MA/00-why-maths/MA-002-learning-maths-for-ml/MA-002-learning-maths-for-ml.md	51-two-halves-of-understanding	MA/00-why-maths/MA-002-learning-maths-for-ml/MA-002-learning-maths-for-ml.md#51-two-halves-of-understanding
G-1367	Numerical data	ML/01-foundations/ML-003-types-of-ml/ML-003-types-of-ml.md		ML/01-foundations/ML-003-types-of-ml/ML-003-types-of-ml.md
G-1368	Numerical derivative	MA/06-calculus/MA-061-derivatives-of-one-variable/MA-061-derivatives-of-one-variable.md	43-what-the-sign-of-the-derivative-tells-us	MA/06-calculus/MA-061-derivatives-of-one-variable/MA-061-derivatives-of-one-variable.md#43-what-the-sign-of-the-derivative-tells-us
G-1369	NumPy	MA/05-linear-algebra/MA-047-linear-algebra-roadmap/MA-047-linear-algebra-roadmap.md	48-tools-and-libraries	MA/05-linear-algebra/MA-047-linear-algebra-roadmap/MA-047-linear-algebra-roadmap.md#48-tools-and-libraries
G-1373	Objective (Keras Tuner)	DL/03-optimizers/DL-039-keras-tuner/DL-039-keras-tuner.md	52-step-2-the-tuner-object	DL/03-optimizers/DL-039-keras-tuner/DL-039-keras-tuner.md#52-step-2-the-tuner-object
G-1372	Objective function	ML/05-dimensionality/ML-047-pca-step-by-step/ML-047-pca-step-by-step.md	1-overview	ML/05-dimensionality/ML-047-pca-step-by-step/ML-047-pca-step-by-step.md#1-overview
G-1370	Objective function (Optuna)	ML/09-clustering-and-more/ML-128-optuna/ML-128-optuna.md		ML/09-clustering-and-more/ML-128-optuna/ML-128-optuna.md
G-1371	Objective function (XGBoost)	ML/08-trees-and-ensembles/ML-120-xgboost-maths/ML-120-xgboost-maths.md		ML/08-trees-and-ensembles/ML-120-xgboost-maths/ML-120-xgboost-maths.md
G-1374	Observation	ML/02-getting-data/ML-021-pandas-profiling/ML-021-pandas-profiling.md		ML/02-getting-data/ML-021-pandas-profiling/ML-021-pandas-profiling.md
G-1375	Observed count $O$	MA/04-inference/MA-045-chi-square-tests/MA-045-chi-square-tests.md	21-observed-and-expected-counts	MA/04-inference/MA-045-chi-square-tests/MA-045-chi-square-tests.md#21-observed-and-expected-counts
G-1376	Odds	ML/08-trees-and-ensembles/ML-116-gradient-boosting-classification/ML-116-gradient-boosting-classification.md	4-stage-1-the-log-odds-of-class-1	ML/08-trees-and-ensembles/ML-116-gradient-boosting-classification/ML-116-gradient-boosting-classification.md#4-stage-1-the-log-odds-of-class-1
G-1377	Offline learning	ML/01-foundations/ML-004-batch-learning/ML-004-batch-learning.md	31-how-batch-learning-works	ML/01-foundations/ML-004-batch-learning/ML-004-batch-learning.md#31-how-batch-learning-works
G-1378	OLTP	ML/01-foundations/ML-013-framing-ml-problem/ML-013-framing-ml-problem.md	7-step-4-getting-data	ML/01-foundations/ML-013-framing-ml-problem/ML-013-framing-ml-problem.md#7-step-4-getting-data
G-1379	One-hot encoding	ML/01-foundations/ML-010-tensors/ML-010-tensors.md	62-3d-text	ML/01-foundations/ML-010-tensors/ML-010-tensors.md#62-3d-text
G-1380	One-hot target	DL/06-transformers/DL-086-transformer-end-to-end/DL-086-transformer-end-to-end.md	74-regularisation-residual-dropout-and-label-smoothing	DL/06-transformers/DL-086-transformer-end-to-end/DL-086-transformer-end-to-end.md#74-regularisation-residual-dropout-and-label-smoothing
G-1381	One-sample proportion test	MA/04-inference/MA-044-choosing-a-hypothesis-test/MA-044-choosing-a-hypothesis-test.md	1-overview	MA/04-inference/MA-044-choosing-a-hypothesis-test/MA-044-choosing-a-hypothesis-test.md#1-overview
G-1382	One-sample t-test	MA/04-inference/MA-042-one-sample-t-test/MA-042-one-sample-t-test.md	3-the-three-types-of-t-test	MA/04-inference/MA-042-one-sample-t-test/MA-042-one-sample-t-test.md#3-the-three-types-of-t-test
G-1383	One-sided and two-sided critical value	MA/04-inference/MA-037-t-procedure/MA-037-t-procedure.md		MA/04-inference/MA-037-t-procedure/MA-037-t-procedure.md
G-1384	One-tailed p-value	MA/04-inference/MA-041-p-values/MA-041-p-values.md		MA/04-inference/MA-041-p-values/MA-041-p-values.md
G-1385	One-tailed test (one-sided test)	MA/04-inference/MA-040-errors-power-and-tails/MA-040-errors-power-and-tails.md	5-one-tailed-and-two-tailed-tests	MA/04-inference/MA-040-errors-power-and-tails/MA-040-errors-power-and-tails.md#5-one-tailed-and-two-tailed-tests
G-1386	One-to-many RNN	DL/05-rnn/DL-058-types-of-rnn/DL-058-types-of-rnn.md	4-one-to-many	DL/05-rnn/DL-058-types-of-rnn/DL-058-types-of-rnn.md#4-one-to-many
G-1387	One-to-one	DL/05-rnn/DL-058-types-of-rnn/DL-058-types-of-rnn.md	6-one-to-one	DL/05-rnn/DL-058-types-of-rnn/DL-058-types-of-rnn.md#6-one-to-one
G-1388	One-vs-rest	ML/07-classification/ML-078-softmax-regression/ML-078-softmax-regression.md	41-an-intuition-one-model-per-class	ML/07-classification/ML-078-softmax-regression/ML-078-softmax-regression.md#41-an-intuition-one-model-per-class
G-1389	One-way ANOVA	MA/04-inference/MA-046-one-way-anova/MA-046-one-way-anova.md		MA/04-inference/MA-046-one-way-anova/MA-046-one-way-anova.md
G-1390	OneHotEncoder	ML/03-feature-engineering/ML-026-one-hot-encoding/ML-026-one-hot-encoding.md	73-creating-the-encoder	ML/03-feature-engineering/ML-026-one-hot-encoding/ML-026-one-hot-encoding.md#73-creating-the-encoder
G-1391	Online learning	ML/01-foundations/ML-005-online-learning/ML-005-online-learning.md	21-learning-in-small-steps	ML/01-foundations/ML-005-online-learning/ML-005-online-learning.md#21-learning-in-small-steps
G-1392	OOB prediction	ML/08-trees-and-ensembles/ML-107-oob-score/ML-107-oob-score.md	31-the-steps	ML/08-trees-and-ensembles/ML-107-oob-score/ML-107-oob-score.md#31-the-steps
G-1393	oob_decision_function_	ML/08-trees-and-ensembles/ML-107-oob-score/ML-107-oob-score.md		ML/08-trees-and-ensembles/ML-107-oob-score/ML-107-oob-score.md
G-1394	oob_prediction_	ML/08-trees-and-ensembles/ML-107-oob-score/ML-107-oob-score.md		ML/08-trees-and-ensembles/ML-107-oob-score/ML-107-oob-score.md
G-1395	oob_score_	ML/08-trees-and-ensembles/ML-107-oob-score/ML-107-oob-score.md		ML/08-trees-and-ensembles/ML-107-oob-score/ML-107-oob-score.md
G-1396	OPTICS	ML/09-clustering-and-more/ML-126-dbscan/ML-126-dbscan.md	4-density-based-clustering	ML/09-clustering-and-more/ML-126-dbscan/ML-126-dbscan.md#4-density-based-clustering
G-1397	Optimal number of features	ML/05-dimensionality/ML-045-curse-of-dimensionality/ML-045-curse-of-dimensionality.md	2-what-the-curse-of-dimensionality-is	ML/05-dimensionality/ML-045-curse-of-dimensionality/ML-045-curse-of-dimensionality.md#2-what-the-curse-of-dimensionality-is
G-1400	Optimisation	MA/00-why-maths/MA-001-role-of-maths-in-ml/MA-001-role-of-maths-in-ml.md	3-calculus-reducing-the-error	MA/00-why-maths/MA-001-role-of-maths-in-ml/MA-001-role-of-maths-in-ml.md#3-calculus-reducing-the-error
G-1398	Optimisation algorithm	ML/06-regression/ML-056-gradient-descent/ML-056-gradient-descent.md	1-overview	ML/06-regression/ML-056-gradient-descent/ML-056-gradient-descent.md#1-overview
G-1399	Optimisation problem	DL/03-optimizers/DL-032-optimizers-in-deep-learning/DL-032-optimizers-in-deep-learning.md	3-what-an-optimizer-does	DL/03-optimizers/DL-032-optimizers-in-deep-learning/DL-032-optimizers-in-deep-learning.md#3-what-an-optimizer-does
G-1401	Optimizer	DL/02-training/DL-021-improving-a-neural-network/DL-021-improving-a-neural-network.md	33-learning-rate-and-optimizer	DL/02-training/DL-021-improving-a-neural-network/DL-021-improving-a-neural-network.md#33-learning-rate-and-optimizer
G-1402	Optuna	ML/09-clustering-and-more/ML-128-optuna/ML-128-optuna.md	1-overview	ML/09-clustering-and-more/ML-128-optuna/ML-128-optuna.md#1-overview
G-1403	Ordinal data	ML/03-feature-engineering/ML-025-ordinal-label-encoding/ML-025-ordinal-label-encoding.md	22-ordinal-data	ML/03-feature-engineering/ML-025-ordinal-label-encoding/ML-025-ordinal-label-encoding.md#22-ordinal-data
G-1404	Ordinal encoding	ML/03-feature-engineering/ML-025-ordinal-label-encoding/ML-025-ordinal-label-encoding.md	3-why-categories-must-become-numbers	ML/03-feature-engineering/ML-025-ordinal-label-encoding/ML-025-ordinal-label-encoding.md#3-why-categories-must-become-numbers
G-1405	OrdinalEncoder	ML/03-feature-engineering/ML-025-ordinal-label-encoding/ML-025-ordinal-label-encoding.md	64-the-categories-parameter	ML/03-feature-engineering/ML-025-ordinal-label-encoding/ML-025-ordinal-label-encoding.md#64-the-categories-parameter
G-1406	Ordinary least squares (OLS, least squares)	ML/06-regression/ML-050-linear-regression-maths/ML-050-linear-regression-maths.md	2-two-ways-to-find-m-and-b	ML/06-regression/ML-050-linear-regression-maths/ML-050-linear-regression-maths.md#2-two-ways-to-find-m-and-b
G-2251	Orientation	MA/06-calculus/MA-063-jacobian-and-matrix-gradients/MA-063-jacobian-and-matrix-gradients.md	51-recap-the-determinant-is-an-area-factor	MA/06-calculus/MA-063-jacobian-and-matrix-gradients/MA-063-jacobian-and-matrix-gradients.md#51-recap-the-determinant-is-an-area-factor
G-2240	Origin	MA/05-linear-algebra/MA-048-vectors-and-feature-vectors/MA-048-vectors-and-feature-vectors.md	21-size-and-direction	MA/05-linear-algebra/MA-048-vectors-and-feature-vectors/MA-048-vectors-and-feature-vectors.md#21-size-and-direction
G-1408	Orthogonal	MA/05-linear-algebra/MA-050-dot-product-and-cosine-similarity/MA-050-dot-product-and-cosine-similarity.md	52-perpendicular-vectors-have-dot-product-0	MA/05-linear-algebra/MA-050-dot-product-and-cosine-similarity/MA-050-dot-product-and-cosine-similarity.md#52-perpendicular-vectors-have-dot-product-0
G-1407	Orthogonal matrix	MA/05-linear-algebra/MA-057-svd-geometry/MA-057-svd-geometry.md	23-orthonormal-columns	MA/05-linear-algebra/MA-057-svd-geometry/MA-057-svd-geometry.md#23-orthonormal-columns
G-1409	Orthonormal	MA/05-linear-algebra/MA-057-svd-geometry/MA-057-svd-geometry.md	23-orthonormal-columns	MA/05-linear-algebra/MA-057-svd-geometry/MA-057-svd-geometry.md#23-orthonormal-columns
G-1410	Oscillation	DL/03-optimizers/DL-035-nesterov-accelerated-gradient/DL-035-nesterov-accelerated-gradient.md	3-momentums-problem-oscillations	DL/03-optimizers/DL-035-nesterov-accelerated-gradient/DL-035-nesterov-accelerated-gradient.md#3-momentums-problem-oscillations
G-1411	Out-of-bag (OOB) evaluation, OOB score	ML/08-trees-and-ensembles/ML-107-oob-score/ML-107-oob-score.md	1-overview	ML/08-trees-and-ensembles/ML-107-oob-score/ML-107-oob-score.md#1-overview
G-1412	Out-of-bag observations (out-of-bag rows)	ML/08-trees-and-ensembles/ML-099-bagging-intuition/ML-099-bagging-intuition.md		ML/08-trees-and-ensembles/ML-099-bagging-intuition/ML-099-bagging-intuition.md
G-1413	Out-of-core learning (out-of-core computing)	ML/08-trees-and-ensembles/ML-117-xgboost-intro/ML-117-xgboost-intro.md	75-out-of-core-computing	ML/08-trees-and-ensembles/ML-117-xgboost-intro/ML-117-xgboost-intro.md#75-out-of-core-computing
G-1415	Out-of-fold prediction	ML/08-trees-and-ensembles/ML-121-stacking-blending/ML-121-stacking-blending.md	7-stacking-k-fold-out-of-fold-predictions	ML/08-trees-and-ensembles/ML-121-stacking-blending/ML-121-stacking-blending.md#7-stacking-k-fold-out-of-fold-predictions
G-1416	Out-of-vocabulary (OOV) token	DL/05-rnn/DL-057-rnn-sentiment-analysis/DL-057-rnn-sentiment-analysis.md	32-tokenizing-in-keras	DL/05-rnn/DL-057-rnn-sentiment-analysis/DL-057-rnn-sentiment-analysis.md#32-tokenizing-in-keras
G-1417	Outcome	MA/02-probability/MA-010-events-and-types-of-events/MA-010-events-and-types-of-events.md	23-outcome	MA/02-probability/MA-010-events-and-types-of-events/MA-010-events-and-types-of-events.md#23-outcome
G-1418	Outer product	MA/06-calculus/MA-064-hessian-and-multivariate-taylor/MA-064-hessian-and-multivariate-taylor.md	62-higher-orders-tensors-and-outer-products	MA/06-calculus/MA-064-hessian-and-multivariate-taylor/MA-064-hessian-and-multivariate-taylor.md#62-higher-orders-tensors-and-outer-products
G-1420	Outlier	ML/02-getting-data/ML-019-univariate-analysis/ML-019-univariate-analysis.md	81-whiskers-and-outliers	ML/02-getting-data/ML-019-univariate-analysis/ML-019-univariate-analysis.md#81-whiskers-and-outliers
G-1419	Outlier detection	ML/04-missing-data-and-outliers/ML-040-what-are-outliers/ML-040-what-are-outliers.md		ML/04-missing-data-and-outliers/ML-040-what-are-outliers/ML-040-what-are-outliers.md
G-1422	Output gate ($o_t$)	DL/05-rnn/DL-062-lstm-architecture/DL-062-lstm-architecture.md	3-what-the-cell-must-do	DL/05-rnn/DL-062-lstm-architecture/DL-062-lstm-architecture.md#3-what-the-cell-must-do
G-1424	Output layer	DL/01-basics/DL-002-what-is-deep-learning/DL-002-what-is-deep-learning.md	22-the-parts-of-a-neural-network	DL/01-basics/DL-002-what-is-deep-learning/DL-002-what-is-deep-learning.md#22-the-parts-of-a-neural-network
G-1425	Output value (classification)	ML/08-trees-and-ensembles/ML-119-xgboost-classification/ML-119-xgboost-classification.md	7-output-values-in-log-odds	ML/08-trees-and-ensembles/ML-119-xgboost-classification/ML-119-xgboost-classification.md#7-output-values-in-log-odds
G-1426	Output value (leaf weight)	ML/08-trees-and-ensembles/ML-118-xgboost-regression/ML-118-xgboost-regression.md	8-output-values-of-the-leaves	ML/08-trees-and-ensembles/ML-118-xgboost-regression/ML-118-xgboost-regression.md#8-output-values-of-the-leaves
G-1427	Output-size formula	DL/04-cnn/DL-043-padding-and-strides/DL-043-padding-and-strides.md	52-the-formula-with-strides	DL/04-cnn/DL-043-padding-and-strides/DL-043-padding-and-strides.md#52-the-formula-with-strides
G-1428	Overdispersion	MA/03-distributions/MA-032-poisson-distribution/MA-032-poisson-distribution.md	5-mean-and-variance	MA/03-distributions/MA-032-poisson-distribution/MA-032-poisson-distribution.md#5-mean-and-variance
G-1429	Overfitting	ML/01-foundations/ML-007-challenges-in-ml/ML-007-challenges-in-ml.md	71-overfitting	ML/01-foundations/ML-007-challenges-in-ml/ML-007-challenges-in-ml.md#71-overfitting
G-1430	Overshooting	DL/03-optimizers/DL-034-sgd-with-momentum/DL-034-sgd-with-momentum.md	8-escaping-a-local-minimum-and-the-cost-overshooting	DL/03-optimizers/DL-034-sgd-with-momentum/DL-034-sgd-with-momentum.md#8-escaping-a-local-minimum-and-the-cost-overshooting
G-1433	P-value	MA/04-inference/MA-041-p-values/MA-041-p-values.md	2-definition	MA/04-inference/MA-041-p-values/MA-041-p-values.md#2-definition
G-1431	P-value approach	MA/04-inference/MA-038-null-and-alternative-hypotheses/MA-038-null-and-alternative-hypotheses.md	6-the-eight-steps-of-a-hypothesis-test	MA/04-inference/MA-038-null-and-alternative-hypotheses/MA-038-null-and-alternative-hypotheses.md#6-the-eight-steps-of-a-hypothesis-test
G-1432	P-value decision rule	MA/04-inference/MA-041-p-values/MA-041-p-values.md		MA/04-inference/MA-041-p-values/MA-041-p-values.md
G-1435	Package	ML/01-foundations/ML-011-setup-anaconda-jupyter-colab/ML-011-setup-anaconda-jupyter-colab.md		ML/01-foundations/ML-011-setup-anaconda-jupyter-colab/ML-011-setup-anaconda-jupyter-colab.md
G-1434	Package manager	ML/01-foundations/ML-011-setup-anaconda-jupyter-colab/ML-011-setup-anaconda-jupyter-colab.md	21-what-anaconda-and-conda-are	ML/01-foundations/ML-011-setup-anaconda-jupyter-colab/ML-011-setup-anaconda-jupyter-colab.md#21-what-anaconda-and-conda-are
G-1436	Padding	DL/05-rnn/DL-057-rnn-sentiment-analysis/DL-057-rnn-sentiment-analysis.md	31-the-three-steps	DL/05-rnn/DL-057-rnn-sentiment-analysis/DL-057-rnn-sentiment-analysis.md#31-the-three-steps
G-1437	Pair plot	ML/02-getting-data/ML-020-bivariate-multivariate-analysis/ML-020-bivariate-multivariate-analysis.md	9-pair-plot-every-numerical-pair-at-once	ML/02-getting-data/ML-020-bivariate-multivariate-analysis/ML-020-bivariate-multivariate-analysis.md#9-pair-plot-every-numerical-pair-at-once
G-1438	Paired observations	MA/04-inference/MA-043-two-sample-and-paired-t-tests/MA-043-two-sample-and-paired-t-tests.md		MA/04-inference/MA-043-two-sample-and-paired-t-tests/MA-043-two-sample-and-paired-t-tests.md
G-1439	Paired t-test (dependent t-test)	MA/04-inference/MA-042-one-sample-t-test/MA-042-one-sample-t-test.md	3-the-three-types-of-t-test	MA/04-inference/MA-042-one-sample-t-test/MA-042-one-sample-t-test.md#3-the-three-types-of-t-test
G-1440	Pandas Profiling	ML/02-getting-data/ML-021-pandas-profiling/ML-021-pandas-profiling.md	1-overview	ML/02-getting-data/ML-021-pandas-profiling/ML-021-pandas-profiling.md#1-overview
G-1441	pandas, DataFrame	ML/01-foundations/ML-012-toy-project/ML-012-toy-project.md	3-loading-and-cleaning-the-data	ML/01-foundations/ML-012-toy-project/ML-012-toy-project.md#3-loading-and-cleaning-the-data
G-1442	Parallel corpus	DL/06-transformers/DL-068-encoder-decoder/DL-068-encoder-decoder.md	51-the-data	DL/06-transformers/DL-068-encoder-decoder/DL-068-encoder-decoder.md#51-the-data
G-1443	Parallel learning	ML/08-trees-and-ensembles/ML-113-bagging-vs-boosting/ML-113-bagging-vs-boosting.md		ML/08-trees-and-ensembles/ML-113-bagging-vs-boosting/ML-113-bagging-vs-boosting.md
G-1444	Parallel processing	ML/08-trees-and-ensembles/ML-117-xgboost-intro/ML-117-xgboost-intro.md	72-parallel-processing	ML/08-trees-and-ensembles/ML-117-xgboost-intro/ML-117-xgboost-intro.md#72-parallel-processing
G-1445	Parallel training	DL/06-transformers/DL-071-introduction-to-transformers/DL-071-introduction-to-transformers.md	9-disadvantages	DL/06-transformers/DL-071-introduction-to-transformers/DL-071-introduction-to-transformers.md#9-disadvantages
G-1448	Parameter (of a function)	ML/02-getting-data/ML-014-working-with-csv/ML-014-working-with-csv.md	3-the-readcsv-function	ML/02-getting-data/ML-014-working-with-csv/ML-014-working-with-csv.md#3-the-readcsv-function
G-2276	Parameter (of a population)	MA/01-descriptive-stats/MA-004-what-is-statistics/MA-004-what-is-statistics.md	42-parameters-and-statistics	MA/01-descriptive-stats/MA-004-what-is-statistics/MA-004-what-is-statistics.md#42-parameters-and-statistics
G-1446	Parameter grid	ML/08-trees-and-ensembles/ML-106-random-forest-tuning/ML-106-random-forest-tuning.md	61-the-grid	ML/08-trees-and-ensembles/ML-106-random-forest-tuning/ML-106-random-forest-tuning.md#61-the-grid
G-1447	Parameter sharing	DL/05-rnn/DL-055-why-rnn/DL-055-why-rnn.md	6-the-idea-behind-an-rnn	DL/05-rnn/DL-055-why-rnn/DL-055-why-rnn.md#6-the-idea-behind-an-rnn
G-1449	Parameters (of a distribution)	MA/03-distributions/MA-020-random-variables-and-distributions/MA-020-random-variables-and-distributions.md	8-parameters-of-a-distribution	MA/03-distributions/MA-020-random-variables-and-distributions/MA-020-random-variables-and-distributions.md#8-parameters-of-a-distribution
G-1450	Parameters (of a model)	ML/01-foundations/ML-006-instance-vs-model-based/ML-006-instance-vs-model-based.md	42-the-training-data-is-no-longer-needed	ML/01-foundations/ML-006-instance-vs-model-based/ML-006-instance-vs-model-based.md#42-the-training-data-is-no-longer-needed
G-1451	Parametric density estimation	MA/03-distributions/MA-023-density-estimation-kde/MA-023-density-estimation-kde.md	3-parametric-density-estimation	MA/03-distributions/MA-023-density-estimation-kde/MA-023-density-estimation-kde.md#3-parametric-density-estimation
G-1452	Parametric ReLU (PReLU)	DL/02-training/DL-028-relu-variants/DL-028-relu-variants.md	52-parametric-relu-prelu	DL/02-training/DL-028-relu-variants/DL-028-relu-variants.md#52-parametric-relu-prelu
G-1453	Pareto distribution	MA/03-distributions/MA-030-pareto-and-power-law/MA-030-pareto-and-power-law.md	3-the-pareto-distribution	MA/03-distributions/MA-030-pareto-and-power-law/MA-030-pareto-and-power-law.md#3-the-pareto-distribution
G-1454	Parse, parser	ML/02-getting-data/ML-017-web-scraping/ML-017-web-scraping.md	5-parsing-the-page-with-beautifulsoup	ML/02-getting-data/ML-017-web-scraping/ML-017-web-scraping.md#5-parsing-the-page-with-beautifulsoup
G-1456	Part-of-speech tagging	DL/05-rnn/DL-058-types-of-rnn/DL-058-types-of-rnn.md	51-same-length	DL/05-rnn/DL-058-types-of-rnn/DL-058-types-of-rnn.md#51-same-length
G-1457	Partial derivative	ML/06-regression/ML-050-linear-regression-maths/ML-050-linear-regression-maths.md	41-the-shape-of-e	ML/06-regression/ML-050-linear-regression-maths/ML-050-linear-regression-maths.md#41-the-shape-of-e
G-1458	partial_fit	ML/01-foundations/ML-005-online-learning/ML-005-online-learning.md	41-scikit-learns-partialfit	ML/01-foundations/ML-005-online-learning/ML-005-online-learning.md#41-scikit-learns-partialfit
G-1459	Partition	MA/02-probability/MA-010-events-and-types-of-events/MA-010-events-and-types-of-events.md	46-exhaustive-events	MA/02-probability/MA-010-events-and-types-of-events/MA-010-events-and-types-of-events.md#46-exhaustive-events
G-1460	passthrough (ColumnTransformer)	ML/03-feature-engineering/ML-027-column-transformer/ML-027-column-transformer.md	52-the-remainder-parameter	ML/03-feature-engineering/ML-027-column-transformer/ML-027-column-transformer.md#52-the-remainder-parameter
G-1461	Passthrough (stacking)	ML/08-trees-and-ensembles/ML-121-stacking-blending/ML-121-stacking-blending.md	9-stackingclassifier-in-scikit-learn	ML/08-trees-and-ensembles/ML-121-stacking-blending/ML-121-stacking-blending.md#9-stackingclassifier-in-scikit-learn
G-1462	Past defaulters	ML/01-foundations/ML-008-applications-of-ml/ML-008-applications-of-ml.md		ML/01-foundations/ML-008-applications-of-ml/ML-008-applications-of-ml.md
G-1463	Pasting	ML/08-trees-and-ensembles/ML-099-bagging-intuition/ML-099-bagging-intuition.md		ML/08-trees-and-ensembles/ML-099-bagging-intuition/ML-099-bagging-intuition.md
G-1464	Path (in a network)	DL/01-basics/DL-019-mlp-memoization/DL-019-mlp-memoization.md		DL/01-basics/DL-019-mlp-memoization/DL-019-mlp-memoization.md
G-1465	Path (in the chain rule)	DL/05-rnn/DL-059-backpropagation-through-time/DL-059-backpropagation-through-time.md	61-three-paths	DL/05-rnn/DL-059-backpropagation-through-time/DL-059-backpropagation-through-time.md#61-three-paths
G-1466	Patience	DL/02-training/DL-022-early-stopping/DL-022-early-stopping.md	52-mindelta-and-patience	DL/02-training/DL-022-early-stopping/DL-022-early-stopping.md#52-mindelta-and-patience
G-1467	Pattern	ML/01-foundations/ML-001-what-is-ml/ML-001-what-is-ml.md		ML/01-foundations/ML-001-what-is-ml/ML-001-what-is-ml.md
G-2169	Pattern recognition	ML/01-foundations/ML-002-ai-vs-ml-vs-dl/ML-002-ai-vs-ml-vs-dl.md	21-intelligence-is-many-abilities	ML/01-foundations/ML-002-ai-vs-ml-vs-dl/ML-002-ai-vs-ml-vs-dl.md#21-intelligence-is-many-abilities
G-1469	PCA (principal component analysis)	ML/01-foundations/ML-003-types-of-ml/ML-003-types-of-ml.md		ML/01-foundations/ML-003-types-of-ml/ML-003-types-of-ml.md
G-1468	PCA through the SVD	MA/05-linear-algebra/MA-060-svd-in-machine-learning/MA-060-svd-in-machine-learning.md		MA/05-linear-algebra/MA-060-svd-in-machine-learning/MA-060-svd-in-machine-learning.md
G-1470	pd.crosstab	ML/07-classification/ML-083-naive-bayes-code/ML-083-naive-bayes-code.md	4-training-the-lookup-table	ML/07-classification/ML-083-naive-bayes-code/ML-083-naive-bayes-code.md#4-training-the-lookup-table
G-1471	pd.cut	ML/03-feature-engineering/ML-031-binning-binarization/ML-031-binning-binarization.md		ML/03-feature-engineering/ML-031-binning-binarization/ML-031-binning-binarization.md
G-1472	pd.to_datetime	ML/03-feature-engineering/ML-033-date-and-time/ML-033-date-and-time.md	4-converting-text-to-a-datetime-type	ML/03-feature-engineering/ML-033-date-and-time/ML-033-date-and-time.md#4-converting-text-to-a-datetime-type
G-1473	pd.to_numeric	ML/03-feature-engineering/ML-032-mixed-variables/ML-032-mixed-variables.md	41-the-numerical-part	ML/03-feature-engineering/ML-032-mixed-variables/ML-032-mixed-variables.md#41-the-numerical-part
G-1474	Pearson correlation coefficient (Pearson's r)	ML/02-getting-data/ML-018-understanding-your-data/ML-018-understanding-your-data.md	91-correlation	ML/02-getting-data/ML-018-understanding-your-data/ML-018-understanding-your-data.md#91-correlation
G-1475	Pearson's skewness coefficient	MA/03-distributions/MA-026-skewness/MA-026-skewness.md	5-the-sample-skewness-formula	MA/03-distributions/MA-026-skewness/MA-026-skewness.md#5-the-sample-skewness-formula
G-1477	penalty	ML/06-regression/ML-064-ridge-gradient-descent/ML-064-ridge-gradient-descent.md	6-ridge-with-gradient-descent-in-scikit-learn	ML/06-regression/ML-064-ridge-gradient-descent/ML-064-ridge-gradient-descent.md#6-ridge-with-gradient-descent-in-scikit-learn
G-1476	Penalty term	DL/02-training/DL-026-regularization-in-dl/DL-026-regularization-in-dl.md	5-the-penalty-term	DL/02-training/DL-026-regularization-in-dl/DL-026-regularization-in-dl.md#5-the-penalty-term
G-1478	penalty=None	ML/07-classification/ML-074-logistic-gradient-descent/ML-074-logistic-gradient-descent.md		ML/07-classification/ML-074-logistic-gradient-descent/ML-074-logistic-gradient-descent.md
G-1479	Per-row seed	ML/04-missing-data-and-outliers/ML-037-missing-indicator-random-sample/ML-037-missing-indicator-random-sample.md	42-the-fix-one-seed-per-row	ML/04-missing-data-and-outliers/ML-037-missing-indicator-random-sample/ML-037-missing-indicator-random-sample.md#42-the-fix-one-seed-per-row
G-1483	Percentile	ML/02-getting-data/ML-018-understanding-your-data/ML-018-understanding-your-data.md	72-percentiles	ML/02-getting-data/ML-018-understanding-your-data/ML-018-understanding-your-data.md#72-percentiles
G-2234	Percentile bootstrap interval	MA/04-inference/MA-035-confidence-intervals-z-procedure/MA-035-confidence-intervals-z-procedure.md	10-another-way-the-bootstrap-interval	MA/04-inference/MA-035-confidence-intervals-z-procedure/MA-035-confidence-intervals-z-procedure.md#10-another-way-the-bootstrap-interval
G-1480	Percentile location	MA/01-descriptive-stats/MA-008-percentiles-and-box-plots/MA-008-percentiles-and-box-plots.md		MA/01-descriptive-stats/MA-008-percentiles-and-box-plots/MA-008-percentiles-and-box-plots.md
G-1481	Percentile method (percentile rule)	ML/04-missing-data-and-outliers/ML-043-outliers-percentile/ML-043-outliers-percentile.md	1-overview	ML/04-missing-data-and-outliers/ML-043-outliers-percentile/ML-043-outliers-percentile.md#1-overview
G-1482	Percentile rank	MA/01-descriptive-stats/MA-008-percentiles-and-box-plots/MA-008-percentiles-and-box-plots.md	32-the-percentile-of-a-given-value	MA/01-descriptive-stats/MA-008-percentiles-and-box-plots/MA-008-percentiles-and-box-plots.md#32-the-percentile-of-a-given-value
G-1486	Perceptron	ML/01-foundations/ML-002-ai-vs-ml-vs-dl/ML-002-ai-vs-ml-vs-dl.md	51-neural-networks	ML/01-foundations/ML-002-ai-vs-ml-vs-dl/ML-002-ai-vs-ml-vs-dl.md#51-neural-networks
G-1484	Perceptron loss	DL/01-basics/DL-006-perceptron-loss/DL-006-perceptron-loss.md		DL/01-basics/DL-006-perceptron-loss/DL-006-perceptron-loss.md
G-1485	Perceptron trick	ML/07-classification/ML-069-perceptron-trick/ML-069-perceptron-trick.md	1-overview	ML/07-classification/ML-069-perceptron-trick/ML-069-perceptron-trick.md#1-overview
G-1487	Perfect separation	ML/07-classification/ML-074-logistic-gradient-descent/ML-074-logistic-gradient-descent.md	9-perfectly-separable-data	ML/07-classification/ML-074-logistic-gradient-descent/ML-074-logistic-gradient-descent.md#9-perfectly-separable-data
G-1489	Periodic function	DL/06-transformers/DL-079-positional-encoding/DL-079-positional-encoding.md	4-first-idea-count-the-words	DL/06-transformers/DL-079-positional-encoding/DL-079-positional-encoding.md#4-first-idea-count-the-words
G-1490	Permutation importance	ML/08-trees-and-ensembles/ML-108-feature-importance/ML-108-feature-importance.md	7-permutation-importance	ML/08-trees-and-ensembles/ML-108-feature-importance/ML-108-feature-importance.md#7-permutation-importance
G-1491	permutation_importance	ML/08-trees-and-ensembles/ML-108-feature-importance/ML-108-feature-importance.md		ML/08-trees-and-ensembles/ML-108-feature-importance/ML-108-feature-importance.md
G-1492	Perplexity	DL/06-transformers/DL-086-transformer-end-to-end/DL-086-transformer-end-to-end.md	74-regularisation-residual-dropout-and-label-smoothing	DL/06-transformers/DL-086-transformer-end-to-end/DL-086-transformer-end-to-end.md#74-regularisation-residual-dropout-and-label-smoothing
G-1493	phpMyAdmin	ML/02-getting-data/ML-015-working-with-json-and-sql/ML-015-working-with-json-and-sql.md	6-getting-an-sql-database-ready	ML/02-getting-data/ML-015-working-with-json-and-sql/ML-015-working-with-json-and-sql.md#6-getting-an-sql-database-ready
G-1494	pickle	ML/01-foundations/ML-012-toy-project/ML-012-toy-project.md	101-saving-the-model	ML/01-foundations/ML-012-toy-project/ML-012-toy-project.md#101-saving-the-model
G-1495	Pie chart	ML/02-getting-data/ML-019-univariate-analysis/ML-019-univariate-analysis.md	5-pie-chart	ML/02-getting-data/ML-019-univariate-analysis/ML-019-univariate-analysis.md#5-pie-chart
G-1496	Piecewise linear	DL/02-training/DL-026-regularization-in-dl/DL-026-regularization-in-dl.md	3-why-neural-networks-overfit	DL/02-training/DL-026-regularization-in-dl/DL-026-regularization-in-dl.md#3-why-neural-networks-overfit
G-1497	pip	ML/01-foundations/ML-011-setup-anaconda-jupyter-colab/ML-011-setup-anaconda-jupyter-colab.md	21-what-anaconda-and-conda-are	ML/01-foundations/ML-011-setup-anaconda-jupyter-colab/ML-011-setup-anaconda-jupyter-colab.md#21-what-anaconda-and-conda-are
G-1499	Pipeline	ML/01-foundations/ML-012-toy-project/ML-012-toy-project.md		ML/01-foundations/ML-012-toy-project/ML-012-toy-project.md
G-1498	Pipeline (class)	ML/03-feature-engineering/ML-028-pipelines/ML-028-pipelines.md	58-chaining-the-steps-with-pipeline	ML/03-feature-engineering/ML-028-pipelines/ML-028-pipelines.md#58-chaining-the-steps-with-pipeline
G-1500	Pivot table	ML/02-getting-data/ML-020-bivariate-multivariate-analysis/ML-020-bivariate-multivariate-analysis.md	111-pivot-table-and-heatmap	ML/02-getting-data/ML-020-bivariate-multivariate-analysis/ML-020-bivariate-multivariate-analysis.md#111-pivot-table-and-heatmap
G-1501	Pixel	ML/01-foundations/ML-010-tensors/ML-010-tensors.md	64-4d-images	ML/01-foundations/ML-010-tensors/ML-010-tensors.md#64-4d-images
G-1502	Plane	ML/06-regression/ML-052-multiple-linear-regression/ML-052-multiple-linear-regression.md	21-two-inputs-a-plane	ML/06-regression/ML-052-multiple-linear-regression/ML-052-multiple-linear-regression.md#21-two-inputs-a-plane
G-1503	Plateau	ML/06-regression/ML-056-gradient-descent/ML-056-gradient-descent.md	8-the-shape-of-the-loss-function-matters	ML/06-regression/ML-056-gradient-descent/ML-056-gradient-descent.md#8-the-shape-of-the-loss-function-matters
G-1504	Platykurtic	MA/03-distributions/MA-028-kurtosis-and-qq-plots/MA-028-kurtosis-and-qq-plots.md	4-excess-kurtosis-and-the-three-types	MA/03-distributions/MA-028-kurtosis-and-qq-plots/MA-028-kurtosis-and-qq-plots.md#4-excess-kurtosis-and-the-three-types
G-1505	Plausibility	MA/08-likelihood/MA-069-probability-vs-likelihood/MA-069-probability-vs-likelihood.md	5-the-two-definitions	MA/08-likelihood/MA-069-probability-vs-likelihood/MA-069-probability-vs-likelihood.md#5-the-two-definitions
G-1506	Plural direction	DL/06-transformers/DL-072-meaning-as-direction/DL-072-meaning-as-direction.md	6-a-dot-product-reads-how-much-of-a-direction-a-word-has	DL/06-transformers/DL-072-meaning-as-direction/DL-072-meaning-as-direction.md#6-a-dot-product-reads-how-much-of-a-direction-a-word-has
G-1507	Point estimate	MA/04-inference/MA-034-estimating-a-mean-with-the-clt/MA-034-estimating-a-mean-with-the-clt.md	1-overview	MA/04-inference/MA-034-estimating-a-mean-with-the-clt/MA-034-estimating-a-mean-with-the-clt.md#1-overview
G-1508	Pointwise operation	DL/05-rnn/DL-062-lstm-architecture/DL-062-lstm-architecture.md	44-pointwise-operations	DL/05-rnn/DL-062-lstm-architecture/DL-062-lstm-architecture.md#44-pointwise-operations
G-1509	Poisson distribution	MA/03-distributions/MA-032-poisson-distribution/MA-032-poisson-distribution.md	21-counts-in-an-interval	MA/03-distributions/MA-032-poisson-distribution/MA-032-poisson-distribution.md#21-counts-in-an-interval
G-1510	Poisson regression	MA/03-distributions/MA-032-poisson-distribution/MA-032-poisson-distribution.md	8-when-a-count-is-poisson-and-where-it-is-used	MA/03-distributions/MA-032-poisson-distribution/MA-032-poisson-distribution.md#8-when-a-count-is-poisson-and-where-it-is-used
G-1511	Polar coordinates	MA/06-calculus/MA-063-jacobian-and-matrix-gradients/MA-063-jacobian-and-matrix-gradients.md	22-functions-with-several-outputs	MA/06-calculus/MA-063-jacobian-and-matrix-gradients/MA-063-jacobian-and-matrix-gradients.md#22-functions-with-several-outputs
G-1512	Policy	ML/01-foundations/ML-003-types-of-ml/ML-003-types-of-ml.md	51-agent-environment-policy-and-reward	ML/01-foundations/ML-003-types-of-ml/ML-003-types-of-ml.md#51-agent-environment-policy-and-reward
G-1513	Polynomial features	ML/07-classification/ML-079-polynomial-logistic-regression/ML-079-polynomial-logistic-regression.md	22-the-formal-version-polynomial-features	ML/07-classification/ML-079-polynomial-logistic-regression/ML-079-polynomial-logistic-regression.md#22-the-formal-version-polynomial-features
G-1514	Polynomial kernel	ML/07-classification/ML-089-kernel-trick-intuition/ML-089-kernel-trick-intuition.md	32-the-feature-map-and-the-kernel	ML/07-classification/ML-089-kernel-trick-intuition/ML-089-kernel-trick-intuition.md#32-the-feature-map-and-the-kernel
G-1515	Polynomial regression	ML/06-regression/ML-060-polynomial-regression/ML-060-polynomial-regression.md	1-overview	ML/06-regression/ML-060-polynomial-regression/ML-060-polynomial-regression.md#1-overview
G-1516	PolynomialFeatures	ML/06-regression/ML-060-polynomial-regression/ML-060-polynomial-regression.md	3-adding-powers-as-new-features	ML/06-regression/ML-060-polynomial-regression/ML-060-polynomial-regression.md#3-adding-powers-as-new-features
G-1517	Polysemantic neuron	DL/06-transformers/DL-090-superposition/DL-090-superposition.md	8-the-superposition-hypothesis-and-a-toy-model	DL/06-transformers/DL-090-superposition/DL-090-superposition.md#8-the-superposition-hypothesis-and-a-toy-model
G-1518	Polytope	MA/07-optimisation/MA-068-linear-and-quadratic-programming/MA-068-linear-and-quadratic-programming.md		MA/07-optimisation/MA-068-linear-and-quadratic-programming/MA-068-linear-and-quadratic-programming.md
G-1519	Pooled standard deviation	MA/04-inference/MA-043-two-sample-and-paired-t-tests/MA-043-two-sample-and-paired-t-tests.md	23-the-test-statistic	MA/04-inference/MA-043-two-sample-and-paired-t-tests/MA-043-two-sample-and-paired-t-tests.md#23-the-test-statistic
G-1521	Pooling	DL/04-cnn/DL-044-pooling/DL-044-pooling.md	41-where-pooling-sits	DL/04-cnn/DL-044-pooling/DL-044-pooling.md#41-where-pooling-sits
G-1520	Pooling layer	DL/04-cnn/DL-040-cnn-intuition/DL-040-cnn-intuition.md	3-what-makes-a-network-a-cnn	DL/04-cnn/DL-040-cnn-intuition/DL-040-cnn-intuition.md#3-what-makes-a-network-a-cnn
G-1525	Population	MA/01-descriptive-stats/MA-004-what-is-statistics/MA-004-what-is-statistics.md	4-population-and-sample	MA/01-descriptive-stats/MA-004-what-is-statistics/MA-004-what-is-statistics.md#4-population-and-sample
G-1522	Population correlation $\rho$	MA/04-inference/MA-044-choosing-a-hypothesis-test/MA-044-choosing-a-hypothesis-test.md	71-correlation-as-a-test	MA/04-inference/MA-044-choosing-a-hypothesis-test/MA-044-choosing-a-hypothesis-test.md#71-correlation-as-a-test
G-1523	Population covariance ($\sigma_{xy}$)	MA/01-descriptive-stats/MA-009-covariance-and-correlation/MA-009-covariance-and-correlation.md		MA/01-descriptive-stats/MA-009-covariance-and-correlation/MA-009-covariance-and-correlation.md
G-1524	Population mean ($\mu$)	MA/01-descriptive-stats/MA-005-measures-of-central-tendency/MA-005-measures-of-central-tendency.md	3-mean	MA/01-descriptive-stats/MA-005-measures-of-central-tendency/MA-005-measures-of-central-tendency.md#3-mean
G-1526	Position embedding matrix $W_P$	DL/06-transformers/DL-087-decoder-only-gpt/DL-087-decoder-only-gpt.md	5-from-tokens-to-vectors-token-and-position-embeddings	DL/06-transformers/DL-087-decoder-only-gpt/DL-087-decoder-only-gpt.md#5-from-tokens-to-vectors-token-and-position-embeddings
G-1527	Position-wise	DL/06-transformers/DL-081-transformer-encoder/DL-081-transformer-encoder.md	53-the-feed-forward-network	DL/06-transformers/DL-081-transformer-encoder/DL-081-transformer-encoder.md#53-the-feed-forward-network
G-1528	Positional encoding	DL/06-transformers/DL-079-positional-encoding/DL-079-positional-encoding.md	1-overview	DL/06-transformers/DL-079-positional-encoding/DL-079-positional-encoding.md#1-overview
G-1529	Positive and negative side	ML/07-classification/ML-069-perceptron-trick/ML-069-perceptron-trick.md	32-positive-and-negative-sides	ML/07-classification/ML-069-perceptron-trick/ML-069-perceptron-trick.md#32-positive-and-negative-sides
G-1530	Positive definite matrix	MA/07-optimisation/MA-068-linear-and-quadratic-programming/MA-068-linear-and-quadratic-programming.md	31-the-problem	MA/07-optimisation/MA-068-linear-and-quadratic-programming/MA-068-linear-and-quadratic-programming.md#31-the-problem
G-1531	Positive hyperplane ($\pi^+$)	ML/07-classification/ML-086-svm-intuition/ML-086-svm-intuition.md	51-the-procedure	ML/07-classification/ML-086-svm-intuition/ML-086-svm-intuition.md#51-the-procedure
G-1532	Positive semi-definite	MA/05-linear-algebra/MA-057-svd-geometry/MA-057-svd-geometry.md	7-svd-and-eigen-decomposition-compared	MA/05-linear-algebra/MA-057-svd-geometry/MA-057-svd-geometry.md#7-svd-and-eigen-decomposition-compared
G-1533	Positive skew (right skew)	ML/02-getting-data/ML-019-univariate-analysis/ML-019-univariate-analysis.md	10-skewness	ML/02-getting-data/ML-019-univariate-analysis/ML-019-univariate-analysis.md#10-skewness
G-1534	Post-hoc test	MA/04-inference/MA-046-one-way-anova/MA-046-one-way-anova.md	83-which-classes-differ-tukeys-test	MA/04-inference/MA-046-one-way-anova/MA-046-one-way-anova.md#83-which-classes-differ-tukeys-test
G-1536	Posterior	MA/02-probability/MA-018-bayes-theorem/MA-018-bayes-theorem.md	3-the-names-of-the-four-parts	MA/02-probability/MA-018-bayes-theorem/MA-018-bayes-theorem.md#3-the-names-of-the-four-parts
G-1535	Posterior $p(\theta \mid \text{data})$	MA/08-likelihood/MA-072-mle-in-machine-learning/MA-072-mle-in-machine-learning.md	71-the-posterior-over-the-parameters	MA/08-likelihood/MA-072-mle-in-machine-learning/MA-072-mle-in-machine-learning.md#71-the-posterior-over-the-parameters
G-1537	Power iteration	MA/05-linear-algebra/MA-056-eigenvectors-and-eigenvalues/MA-056-eigenvectors-and-eigenvalues.md	7-where-ml-uses-eigenvectors	MA/05-linear-algebra/MA-056-eigenvectors-and-eigenvalues/MA-056-eigenvectors-and-eigenvalues.md#7-where-ml-uses-eigenvectors
G-1538	Power law	MA/03-distributions/MA-030-pareto-and-power-law/MA-030-pareto-and-power-law.md	2-power-laws	MA/03-distributions/MA-030-pareto-and-power-law/MA-030-pareto-and-power-law.md#2-power-laws
G-1539	Power of a test	MA/04-inference/MA-040-errors-power-and-tails/MA-040-errors-power-and-tails.md	3-power-of-a-test	MA/04-inference/MA-040-errors-power-and-tails/MA-040-errors-power-and-tails.md#3-power-of-a-test
G-1540	Power rule	MA/06-calculus/MA-061-derivatives-of-one-variable/MA-061-derivatives-of-one-variable.md	42-the-power-rule-from-the-definition	MA/06-calculus/MA-061-derivatives-of-one-variable/MA-061-derivatives-of-one-variable.md#42-the-power-rule-from-the-definition
G-1541	Power series	MA/06-calculus/MA-061-derivatives-of-one-variable/MA-061-derivatives-of-one-variable.md	64-a-polynomial-is-its-own-taylor-polynomial	MA/06-calculus/MA-061-derivatives-of-one-variable/MA-061-derivatives-of-one-variable.md#64-a-polynomial-is-its-own-taylor-polynomial
G-1542	Power transformer	ML/03-feature-engineering/ML-030-power-transformer/ML-030-power-transformer.md	1-overview	ML/03-feature-engineering/ML-030-power-transformer/ML-030-power-transformer.md#1-overview
G-1543	PowerTransformer	ML/03-feature-engineering/ML-029-function-transformer/ML-029-function-transformer.md	3-mathematical-transformers-in-scikit-learn	ML/03-feature-engineering/ML-029-function-transformer/ML-029-function-transformer.md#3-mathematical-transformers-in-scikit-learn
G-1544	PPMI	DL/06-transformers/DL-073-what-is-self-attention/DL-073-what-is-self-attention.md	42-the-same-effect-in-real-text	DL/06-transformers/DL-073-what-is-self-attention/DL-073-what-is-self-attention.md#42-the-same-effect-in-real-text
G-1545	Pre-LN transformer (prenorm)	DL/06-transformers/DL-086-transformer-end-to-end/DL-086-transformer-end-to-end.md	73-the-optimizer-and-the-warm-up-learning-rate	DL/06-transformers/DL-086-transformer-end-to-end/DL-086-transformer-end-to-end.md#73-the-optimizer-and-the-warm-up-learning-rate
G-1546	Pre-training	DL/06-transformers/DL-067-history-of-llms/DL-067-history-of-llms.md		DL/06-transformers/DL-067-history-of-llms/DL-067-history-of-llms.md
G-1547	Precision	ML/01-foundations/ML-013-framing-ml-problem/ML-013-framing-ml-problem.md	8-step-5-metrics	ML/01-foundations/ML-013-framing-ml-problem/ML-013-framing-ml-problem.md#8-step-5-metrics
G-1548	Predict (prediction, inference)	ML/01-foundations/ML-002-ai-vs-ml-vs-dl/ML-002-ai-vs-ml-vs-dl.md	41-learning-rules-from-data	ML/01-foundations/ML-002-ai-vs-ml-vs-dl/ML-002-ai-vs-ml-vs-dl.md#41-learning-rules-from-data
G-1549	predict_proba	ML/07-classification/ML-077-roc-auc/ML-077-roc-auc.md	43-choosing-the-threshold	ML/07-classification/ML-077-roc-auc/ML-077-roc-auc.md#43-choosing-the-threshold
G-1550	Prediction ($\hat{y}$)	ML/06-regression/ML-050-linear-regression-maths/ML-050-linear-regression-maths.md	31-the-error-at-one-point	ML/06-regression/ML-050-linear-regression-maths/ML-050-linear-regression-maths.md#31-the-error-at-one-point
G-1552	Prediction path	ML/08-trees-and-ensembles/ML-094-dtreeviz/ML-094-dtreeviz.md	62-the-prediction-path-of-one-observation	ML/08-trees-and-ensembles/ML-094-dtreeviz/ML-094-dtreeviz.md#62-the-prediction-path-of-one-observation
G-1553	Predictive maintenance	ML/01-foundations/ML-008-applications-of-ml/ML-008-applications-of-ml.md	62-predictive-maintenance	ML/01-foundations/ML-008-applications-of-ml/ML-008-applications-of-ml.md#62-predictive-maintenance
G-1554	Preferred stimulus	DL/04-cnn/DL-041-cnn-vs-visual-cortex/DL-041-cnn-vs-visual-cortex.md	51-simple-cells	DL/04-cnn/DL-041-cnn-vs-visual-cortex/DL-041-cnn-vs-visual-cortex.md#51-simple-cells
G-1555	Prefix	DL/05-rnn/DL-063-lstm-next-word-prediction/DL-063-lstm-next-word-prediction.md	32-every-prefix-predicts-its-next-word	DL/05-rnn/DL-063-lstm-next-word-prediction/DL-063-lstm-next-word-prediction.md#32-every-prefix-predicts-its-next-word
G-1558	Pretrained model	DL/04-cnn/DL-051-pretrained-models/DL-051-pretrained-models.md	1-overview	DL/04-cnn/DL-051-pretrained-models/DL-051-pretrained-models.md#1-overview
G-1559	Primal problem	MA/07-optimisation/MA-066-lagrange-multipliers/MA-066-lagrange-multipliers.md	61-the-dual-function-and-the-dual-problem	MA/07-optimisation/MA-066-lagrange-multipliers/MA-066-lagrange-multipliers.md#61-the-dual-function-and-the-dual-problem
G-1560	Primary visual cortex (V1)	DL/04-cnn/DL-041-cnn-vs-visual-cortex/DL-041-cnn-vs-visual-cortex.md	3-how-visual-information-flows	DL/04-cnn/DL-041-cnn-vs-visual-cortex/DL-041-cnn-vs-visual-cortex.md#3-how-visual-information-flows
G-1561	Primitive feature	DL/04-cnn/DL-040-cnn-intuition/DL-040-cnn-intuition.md	51-breaking-a-9-into-features	DL/04-cnn/DL-040-cnn-intuition/DL-040-cnn-intuition.md#51-breaking-a-9-into-features
G-1563	Principal component	ML/05-dimensionality/ML-046-pca-geometric-intuition/ML-046-pca-geometric-intuition.md	4-how-pca-finds-the-new-features	ML/05-dimensionality/ML-046-pca-geometric-intuition/ML-046-pca-geometric-intuition.md#4-how-pca-finds-the-new-features
G-1565	Prior	MA/02-probability/MA-018-bayes-theorem/MA-018-bayes-theorem.md	3-the-names-of-the-four-parts	MA/02-probability/MA-018-bayes-theorem/MA-018-bayes-theorem.md#3-the-names-of-the-four-parts
G-1564	Prior $p(\theta)$	MA/08-likelihood/MA-072-mle-in-machine-learning/MA-072-mle-in-machine-learning.md	71-the-posterior-over-the-parameters	MA/08-likelihood/MA-072-mle-in-machine-learning/MA-072-mle-in-machine-learning.md#71-the-posterior-over-the-parameters
G-1566	Probabilistic interpretation	ML/07-classification/ML-071-sigmoid-function/ML-071-sigmoid-function.md	53-a-map-of-probabilities	ML/07-classification/ML-071-sigmoid-function/ML-071-sigmoid-function.md#53-a-map-of-probabilities
G-1567	Probabilistic model	MA/08-likelihood/MA-072-mle-in-machine-learning/MA-072-mle-in-machine-learning.md	2-a-model-as-a-distribution-of-the-target	MA/08-likelihood/MA-072-mle-in-machine-learning/MA-072-mle-in-machine-learning.md#2-a-model-as-a-distribution-of-the-target
G-1574	Probability	MA/02-probability/MA-011-empirical-and-theoretical-probability/MA-011-empirical-and-theoretical-probability.md	2-what-a-probability-measures	MA/02-probability/MA-011-empirical-and-theoretical-probability/MA-011-empirical-and-theoretical-probability.md#2-what-a-probability-measures
G-1569	Probability density	ML/02-getting-data/ML-019-univariate-analysis/ML-019-univariate-analysis.md	7-density-plot	ML/02-getting-data/ML-019-univariate-analysis/ML-019-univariate-analysis.md#7-density-plot
G-1568	Probability density function (PDF)	ML/02-getting-data/ML-019-univariate-analysis/ML-019-univariate-analysis.md	7-density-plot	ML/02-getting-data/ML-019-univariate-analysis/ML-019-univariate-analysis.md#7-density-plot
G-1571	Probability distribution	MA/03-distributions/MA-020-random-variables-and-distributions/MA-020-random-variables-and-distributions.md	3-probability-distributions-as-tables	MA/03-distributions/MA-020-random-variables-and-distributions/MA-020-random-variables-and-distributions.md#3-probability-distributions-as-tables
G-1570	Probability distribution function	MA/03-distributions/MA-020-random-variables-and-distributions/MA-020-random-variables-and-distributions.md	1-overview	MA/03-distributions/MA-020-random-variables-and-distributions/MA-020-random-variables-and-distributions.md#1-overview
G-1572	Probability mass function (PMF)	MA/03-distributions/MA-020-random-variables-and-distributions/MA-020-random-variables-and-distributions.md	51-pmf-pdf-and-cdf	MA/03-distributions/MA-020-random-variables-and-distributions/MA-020-random-variables-and-distributions.md#51-pmf-pdf-and-cdf
G-1573	Probability tree	MA/02-probability/MA-019-bayes-problem/MA-019-bayes-problem.md	4-the-evidence-total-probability	MA/02-probability/MA-019-bayes-problem/MA-019-bayes-problem.md#4-the-evidence-total-probability
G-1575	Probe	DL/06-transformers/DL-072-meaning-as-direction/DL-072-meaning-as-direction.md	6-a-dot-product-reads-how-much-of-a-direction-a-word-has	DL/06-transformers/DL-072-meaning-as-direction/DL-072-meaning-as-direction.md#6-a-dot-product-reads-how-much-of-a-direction-a-word-has
G-1577	Product rule	MA/06-calculus/MA-061-derivatives-of-one-variable/MA-061-derivatives-of-one-variable.md	52-sum-product-and-quotient-rules	MA/06-calculus/MA-061-derivatives-of-one-variable/MA-061-derivatives-of-one-variable.md#52-sum-product-and-quotient-rules
G-1576	Product rule for independent events	MA/02-probability/MA-016-independent-events/MA-016-independent-events.md	2-the-definition	MA/02-probability/MA-016-independent-events/MA-016-independent-events.md#2-the-definition
G-1578	Production code	ML/03-feature-engineering/ML-028-pipelines/ML-028-pipelines.md	45-what-goes-wrong-without-a-pipeline	ML/03-feature-engineering/ML-028-pipelines/ML-028-pipelines.md#45-what-goes-wrong-without-a-pipeline
G-1579	Production environment	ML/01-foundations/ML-004-batch-learning/ML-004-batch-learning.md	2-development-and-production	ML/01-foundations/ML-004-batch-learning/ML-004-batch-learning.md#2-development-and-production
G-1580	Profiling report	ML/02-getting-data/ML-021-pandas-profiling/ML-021-pandas-profiling.md		ML/02-getting-data/ML-021-pandas-profiling/ML-021-pandas-profiling.md
G-1581	Program	ML/01-foundations/ML-001-what-is-ml/ML-001-what-is-ml.md		ML/01-foundations/ML-001-what-is-ml/ML-001-what-is-ml.md
G-1583	Projection	ML/05-dimensionality/ML-046-pca-geometric-intuition/ML-046-pca-geometric-intuition.md	21-the-rule-keep-the-bigger-spread	ML/05-dimensionality/ML-046-pca-geometric-intuition/ML-046-pca-geometric-intuition.md#21-the-rule-keep-the-bigger-spread
G-1582	Projection view of the dot product	MA/05-linear-algebra/MA-055-dot-product-and-duality/MA-055-dot-product-and-duality.md		MA/05-linear-algebra/MA-055-dot-product-and-duality/MA-055-dot-product-and-duality.md
G-1584	Proportional to (∝)	ML/07-classification/ML-082-naive-bayes-maths/ML-082-naive-bayes-maths.md	3-step-1-bayes-theorem-without-the-evidence	ML/07-classification/ML-082-naive-bayes-maths/ML-082-naive-bayes-maths.md#3-step-1-bayes-theorem-without-the-evidence
G-1585	Proximity matrix	ML/09-clustering-and-more/ML-125-hierarchical-clustering/ML-125-hierarchical-clustering.md	7-the-algorithm-the-proximity-matrix	ML/09-clustering-and-more/ML-125-hierarchical-clustering/ML-125-hierarchical-clustering.md#7-the-algorithm-the-proximity-matrix
G-1587	Pruning	ML/08-trees-and-ensembles/ML-092-decision-tree-hyperparameters/ML-092-decision-tree-hyperparameters.md	44-minsamplessplit	ML/08-trees-and-ensembles/ML-092-decision-tree-hyperparameters/ML-092-decision-tree-hyperparameters.md#44-minsamplessplit
G-1586	Pruning (Optuna)	ML/09-clustering-and-more/ML-128-optuna/ML-128-optuna.md		ML/09-clustering-and-more/ML-128-optuna/ML-128-optuna.md
G-1588	Pruning, quantization, knowledge distillation	DL/06-transformers/DL-071-introduction-to-transformers/DL-071-introduction-to-transformers.md	10-the-future	DL/06-transformers/DL-071-introduction-to-transformers/DL-071-introduction-to-transformers.md#10-the-future
G-1589	Pseudo-residual	ML/08-trees-and-ensembles/ML-114-gradient-boosting-intuition/ML-114-gradient-boosting-intuition.md	5-pseudo-residuals-the-mistakes-of-the-current-model	ML/08-trees-and-ensembles/ML-114-gradient-boosting-intuition/ML-114-gradient-boosting-intuition.md#5-pseudo-residuals-the-mistakes-of-the-current-model
G-1590	Public dataset	DL/01-basics/DL-002-what-is-deep-learning/DL-002-what-is-deep-learning.md	51-datasets	DL/01-basics/DL-002-what-is-deep-learning/DL-002-what-is-deep-learning.md#51-datasets
G-1591	Pure leaf	ML/08-trees-and-ensembles/ML-094-dtreeviz/ML-094-dtreeviz.md	4-reading-a-dtreeviz-tree	ML/08-trees-and-ensembles/ML-094-dtreeviz/ML-094-dtreeviz.md#4-reading-a-dtreeviz-tree
G-1592	Push and pull	ML/07-classification/ML-071-sigmoid-function/ML-071-sigmoid-function.md	21-push-and-pull	ML/07-classification/ML-071-sigmoid-function/ML-071-sigmoid-function.md#21-push-and-pull
G-1593	PyPI	ML/01-foundations/ML-011-setup-anaconda-jupyter-colab/ML-011-setup-anaconda-jupyter-colab.md	21-what-anaconda-and-conda-are	ML/01-foundations/ML-011-setup-anaconda-jupyter-colab/ML-011-setup-anaconda-jupyter-colab.md#21-what-anaconda-and-conda-are
G-1594	Pyramid structure	DL/02-training/DL-021-improving-a-neural-network/DL-021-improving-a-neural-network.md	32-neurons-per-layer	DL/02-training/DL-021-improving-a-neural-network/DL-021-improving-a-neural-network.md#32-neurons-per-layer
G-1595	PyTorch	DL/01-basics/DL-001-dl-scope-and-prerequisites/DL-001-dl-scope-and-prerequisites.md	23-the-software	DL/01-basics/DL-001-dl-scope-and-prerequisites/DL-001-dl-scope-and-prerequisites.md#23-the-software
G-1596	Q-Q plot	ML/03-feature-engineering/ML-029-function-transformer/ML-029-function-transformer.md	41-how-a-q-q-plot-is-built	ML/03-feature-engineering/ML-029-function-transformer/ML-029-function-transformer.md#41-how-a-q-q-plot-is-built
G-2252	Quadratic approximation	MA/06-calculus/MA-064-hessian-and-multivariate-taylor/MA-064-hessian-and-multivariate-taylor.md	4-bending-the-plane-the-quadratic-approximation	MA/06-calculus/MA-064-hessian-and-multivariate-taylor/MA-064-hessian-and-multivariate-taylor.md#4-bending-the-plane-the-quadratic-approximation
G-1597	Quadratic form	MA/05-linear-algebra/MA-047-linear-algebra-roadmap/MA-047-linear-algebra-roadmap.md	47-advanced-topics	MA/05-linear-algebra/MA-047-linear-algebra-roadmap/MA-047-linear-algebra-roadmap.md#47-advanced-topics
G-1598	Quadratic program	MA/07-optimisation/MA-068-linear-and-quadratic-programming/MA-068-linear-and-quadratic-programming.md	1-overview	MA/07-optimisation/MA-068-linear-and-quadratic-programming/MA-068-linear-and-quadratic-programming.md#1-overview
G-1599	Quantiles	MA/01-descriptive-stats/MA-008-percentiles-and-box-plots/MA-008-percentiles-and-box-plots.md	2-quantiles	MA/01-descriptive-stats/MA-008-percentiles-and-box-plots/MA-008-percentiles-and-box-plots.md#2-quantiles
G-1600	QuantileTransformer	ML/03-feature-engineering/ML-029-function-transformer/ML-029-function-transformer.md	3-mathematical-transformers-in-scikit-learn	ML/03-feature-engineering/ML-029-function-transformer/ML-029-function-transformer.md#3-mathematical-transformers-in-scikit-learn
G-1601	Quarter	ML/03-feature-engineering/ML-033-date-and-time/ML-033-date-and-time.md		ML/03-feature-engineering/ML-033-date-and-time/ML-033-date-and-time.md
G-1602	Quartiles	ML/02-getting-data/ML-018-understanding-your-data/ML-018-understanding-your-data.md	72-percentiles	ML/02-getting-data/ML-018-understanding-your-data/ML-018-understanding-your-data.md#72-percentiles
G-1603	Quasi-Newton method	MA/06-calculus/MA-064-hessian-and-multivariate-taylor/MA-064-hessian-and-multivariate-taylor.md	7-where-ml-uses-second-order-approximations	MA/06-calculus/MA-064-hessian-and-multivariate-taylor/MA-064-hessian-and-multivariate-taylor.md#7-where-ml-uses-second-order-approximations
G-1606	Query (SQL)	ML/02-getting-data/ML-015-working-with-json-and-sql/ML-015-working-with-json-and-sql.md		ML/02-getting-data/ML-015-working-with-json-and-sql/ML-015-working-with-json-and-sql.md
G-1604	Query parameters	ML/02-getting-data/ML-016-fetching-data-from-api/ML-016-fetching-data-from-api.md		ML/02-getting-data/ML-016-fetching-data-from-api/ML-016-fetching-data-from-api.md
G-1605	Query point	ML/07-classification/ML-085-knn/ML-085-knn.md	21-the-steps	ML/07-classification/ML-085-knn/ML-085-knn.md#21-the-steps
G-1607	Query, key, value vectors	DL/06-transformers/DL-076-self-attention-geometric-intuition/DL-076-self-attention-geometric-intuition.md		DL/06-transformers/DL-076-self-attention-geometric-intuition/DL-076-self-attention-geometric-intuition.md
G-1608	Quintiles	MA/01-descriptive-stats/MA-008-percentiles-and-box-plots/MA-008-percentiles-and-box-plots.md	2-quantiles	MA/01-descriptive-stats/MA-008-percentiles-and-box-plots/MA-008-percentiles-and-box-plots.md#2-quantiles
G-1609	Quotient rule	MA/06-calculus/MA-061-derivatives-of-one-variable/MA-061-derivatives-of-one-variable.md	52-sum-product-and-quotient-rules	MA/06-calculus/MA-061-derivatives-of-one-variable/MA-061-derivatives-of-one-variable.md#52-sum-product-and-quotient-rules
G-1610	Random experiment	MA/02-probability/MA-010-events-and-types-of-events/MA-010-events-and-types-of-events.md	21-random-experiment	MA/02-probability/MA-010-events-and-types-of-events/MA-010-events-and-types-of-events.md#21-random-experiment
G-1611	Random forest	ML/08-trees-and-ensembles/ML-102-random-forest-intro/ML-102-random-forest-intro.md	1-overview	ML/08-trees-and-ensembles/ML-102-random-forest-intro/ML-102-random-forest-intro.md#1-overview
G-1612	Random initialization	MA/03-distributions/MA-029-uniform-and-log-normal/MA-029-uniform-and-log-normal.md	23-where-the-continuous-uniform-appears	MA/03-distributions/MA-029-uniform-and-log-normal/MA-029-uniform-and-log-normal.md#23-where-the-continuous-uniform-appears
G-1613	Random oversampling	ML/09-clustering-and-more/ML-127-imbalanced-data/ML-127-imbalanced-data.md	6-random-oversampling	ML/09-clustering-and-more/ML-127-imbalanced-data/ML-127-imbalanced-data.md#6-random-oversampling
G-1614	Random patches	ML/08-trees-and-ensembles/ML-099-bagging-intuition/ML-099-bagging-intuition.md		ML/08-trees-and-ensembles/ML-099-bagging-intuition/ML-099-bagging-intuition.md
G-1615	Random preprocessing layer	DL/04-cnn/DL-050-data-augmentation/DL-050-data-augmentation.md	5-augmentation-in-keras	DL/04-cnn/DL-050-data-augmentation/DL-050-data-augmentation.md#5-augmentation-in-keras
G-1616	Random sample imputation	ML/04-missing-data-and-outliers/ML-037-missing-indicator-random-sample/ML-037-missing-indicator-random-sample.md	1-overview	ML/04-missing-data-and-outliers/ML-037-missing-indicator-random-sample/ML-037-missing-indicator-random-sample.md#1-overview
G-1617	Random seed	ML/08-trees-and-ensembles/ML-111-adaboost-from-scratch/ML-111-adaboost-from-scratch.md	6-normalising-and-drawing-the-next-dataset	ML/08-trees-and-ensembles/ML-111-adaboost-from-scratch/ML-111-adaboost-from-scratch.md#6-normalising-and-drawing-the-next-dataset
G-1618	Random subspaces	ML/08-trees-and-ensembles/ML-099-bagging-intuition/ML-099-bagging-intuition.md		ML/08-trees-and-ensembles/ML-099-bagging-intuition/ML-099-bagging-intuition.md
G-1619	Random undersampling	ML/09-clustering-and-more/ML-127-imbalanced-data/ML-127-imbalanced-data.md	5-random-undersampling	ML/09-clustering-and-more/ML-127-imbalanced-data/ML-127-imbalanced-data.md#5-random-undersampling
G-1620	Random variable	MA/03-distributions/MA-020-random-variables-and-distributions/MA-020-random-variables-and-distributions.md	21-algebra-variables-and-random-variables	MA/03-distributions/MA-020-random-variables-and-distributions/MA-020-random-variables-and-distributions.md#21-algebra-variables-and-random-variables
G-1621	RandomForestClassifier	ML/08-trees-and-ensembles/ML-102-random-forest-intro/ML-102-random-forest-intro.md		ML/08-trees-and-ensembles/ML-102-random-forest-intro/ML-102-random-forest-intro.md
G-1622	RandomForestRegressor	ML/08-trees-and-ensembles/ML-102-random-forest-intro/ML-102-random-forest-intro.md		ML/08-trees-and-ensembles/ML-102-random-forest-intro/ML-102-random-forest-intro.md
G-1623	Randomised controlled trial	MA/01-descriptive-stats/MA-009-covariance-and-correlation/MA-009-covariance-and-correlation.md	5-correlation-does-not-imply-causation	MA/01-descriptive-stats/MA-009-covariance-and-correlation/MA-009-covariance-and-correlation.md#5-correlation-does-not-imply-causation
G-1624	Randomized SVD	MA/05-linear-algebra/MA-060-svd-in-machine-learning/MA-060-svd-in-machine-learning.md	23-why-compute-it-this-way	MA/05-linear-algebra/MA-060-svd-in-machine-learning/MA-060-svd-in-machine-learning.md#23-why-compute-it-this-way
G-1625	RandomizedSearchCV	ML/08-trees-and-ensembles/ML-093-regression-trees/ML-093-regression-trees.md	72-tuning-with-gridsearchcv-and-randomizedsearchcv	ML/08-trees-and-ensembles/ML-093-regression-trees/ML-093-regression-trees.md#72-tuning-with-gridsearchcv-and-randomizedsearchcv
G-1626	Range	MA/01-descriptive-stats/MA-006-measures-of-dispersion/MA-006-measures-of-dispersion.md	3-range	MA/01-descriptive-stats/MA-006-measures-of-dispersion/MA-006-measures-of-dispersion.md#3-range
G-1627	Rank (of a matrix)	MA/05-linear-algebra/MA-052-linear-combinations-span-and-basis/MA-052-linear-combinations-span-and-basis.md	7-linear-dependence-and-independence	MA/05-linear-algebra/MA-052-linear-combinations-span-and-basis/MA-052-linear-combinations-span-and-basis.md#7-linear-dependence-and-independence
G-1629	Rank (of a tensor)	ML/01-foundations/ML-010-tensors/ML-010-tensors.md	4-rank-axes-shape-and-size	ML/01-foundations/ML-010-tensors/ML-010-tensors.md#4-rank-axes-shape-and-size
G-1628	Rank collapse	DL/06-transformers/DL-081-transformer-encoder/DL-081-transformer-encoder.md	71-why-residual-connections	DL/06-transformers/DL-081-transformer-encoder/DL-081-transformer-encoder.md#71-why-residual-connections
G-1630	Rank-$k$ approximation (truncated SVD)	MA/05-linear-algebra/MA-059-low-rank-approximation/MA-059-low-rank-approximation.md		MA/05-linear-algebra/MA-059-low-rank-approximation/MA-059-low-rank-approximation.md
G-1631	Rank-1 layer	MA/05-linear-algebra/MA-059-low-rank-approximation/MA-059-low-rank-approximation.md	22-splitting-any-matrix-into-layers	MA/05-linear-algebra/MA-059-low-rank-approximation/MA-059-low-rank-approximation.md#22-splitting-any-matrix-into-layers
G-1632	RapidAPI	ML/02-getting-data/ML-016-fetching-data-from-api/ML-016-fetching-data-from-api.md		ML/02-getting-data/ML-016-fetching-data-from-api/ML-016-fetching-data-from-api.md
G-1633	Rate $\lambda$	MA/03-distributions/MA-032-poisson-distribution/MA-032-poisson-distribution.md	1-overview	MA/03-distributions/MA-032-poisson-distribution/MA-032-poisson-distribution.md#1-overview
G-1634	Rate limit	ML/02-getting-data/ML-016-fetching-data-from-api/ML-016-fetching-data-from-api.md		ML/02-getting-data/ML-016-fetching-data-from-api/ML-016-fetching-data-from-api.md
G-1635	Rate of change	DL/01-basics/DL-017-backpropagation-why/DL-017-backpropagation-why.md		DL/01-basics/DL-017-backpropagation-why/DL-017-backpropagation-why.md
G-1636	Rate parameter $\lambda$	MA/08-likelihood/MA-071-mle-for-common-distributions/MA-071-mle-for-common-distributions.md	31-the-distribution-of-waiting-times	MA/08-likelihood/MA-071-mle-for-common-distributions/MA-071-mle-for-common-distributions.md#31-the-distribution-of-waiting-times
G-1637	Raw data	ML/03-feature-engineering/ML-022-what-is-feature-engineering/ML-022-what-is-feature-engineering.md	2-what-feature-engineering-is	ML/03-feature-engineering/ML-022-what-is-feature-engineering/ML-022-what-is-feature-engineering.md#2-what-feature-engineering-is
G-1638	Raw string	ML/03-feature-engineering/ML-032-mixed-variables/ML-032-mixed-variables.md	52-the-category-part	ML/03-feature-engineering/ML-032-mixed-variables/ML-032-mixed-variables.md#52-the-category-part
G-1639	RBF kernel	ML/07-classification/ML-089-kernel-trick-intuition/ML-089-kernel-trick-intuition.md	32-the-feature-map-and-the-kernel	ML/07-classification/ML-089-kernel-trick-intuition/ML-089-kernel-trick-intuition.md#32-the-feature-map-and-the-kernel
G-1640	Reader	ML/02-getting-data/ML-014-working-with-csv/ML-014-working-with-csv.md	18-reading-a-big-file-in-chunks-chunksize	ML/02-getting-data/ML-014-working-with-csv/ML-014-working-with-csv.md#18-reading-a-big-file-in-chunks-chunksize
G-1641	Recall (sensitivity)	ML/01-foundations/ML-013-framing-ml-problem/ML-013-framing-ml-problem.md	8-step-5-metrics	ML/01-foundations/ML-013-framing-ml-problem/ML-013-framing-ml-problem.md#8-step-5-metrics
G-1642	Receptive field	DL/04-cnn/DL-041-cnn-vs-visual-cortex/DL-041-cnn-vs-visual-cortex.md	51-simple-cells	DL/04-cnn/DL-041-cnn-vs-visual-cortex/DL-041-cnn-vs-visual-cortex.md#51-simple-cells
G-1643	Reciprocal transform	ML/03-feature-engineering/ML-029-function-transformer/ML-029-function-transformer.md	61-reciprocal-transform	ML/03-feature-engineering/ML-029-function-transformer/ML-029-function-transformer.md#61-reciprocal-transform
G-1644	Recommendation engine (recommender system)	ML/01-foundations/ML-004-batch-learning/ML-004-batch-learning.md	32-example-a-movie-recommender	ML/01-foundations/ML-004-batch-learning/ML-004-batch-learning.md#32-example-a-movie-recommender
G-1646	Recurrent layer	DL/05-rnn/DL-056-rnn-forward-propagation/DL-056-rnn-forward-propagation.md	42-two-differences-from-an-ann	DL/05-rnn/DL-056-rnn-forward-propagation/DL-056-rnn-forward-propagation.md#42-two-differences-from-an-ann
G-1647	Recurrent neural network (RNN)	DL/01-basics/DL-003-nn-types-history-applications/DL-003-nn-types-history-applications.md	23-recurrent-neural-network-rnn-and-lstm	DL/01-basics/DL-003-nn-types-history-applications/DL-003-nn-types-history-applications.md#23-recurrent-neural-network-rnn-and-lstm
G-1648	Recursion	DL/01-basics/DL-019-mlp-memoization/DL-019-mlp-memoization.md		DL/01-basics/DL-019-mlp-memoization/DL-019-mlp-memoization.md
G-1649	Reduced sample space	MA/02-probability/MA-015-conditional-probability/MA-015-conditional-probability.md	32-a-conditional-probability-by-counting	MA/02-probability/MA-015-conditional-probability/MA-015-conditional-probability.md#32-a-conditional-probability-by-counting
G-1650	Reference category	ML/03-feature-engineering/ML-026-one-hot-encoding/ML-026-one-hot-encoding.md	33-dropping-one-column-loses-nothing	ML/03-feature-engineering/ML-026-one-hot-encoding/ML-026-one-hot-encoding.md#33-dropping-one-column-loses-nothing
G-1651	Reflection	MA/05-linear-algebra/MA-057-svd-geometry/MA-057-svd-geometry.md	24-what-an-orthogonal-matrix-does-to-space	MA/05-linear-algebra/MA-057-svd-geometry/MA-057-svd-geometry.md#24-what-an-orthogonal-matrix-does-to-space
G-1655	Regression	ML/01-foundations/ML-003-types-of-ml/ML-003-types-of-ml.md	23-regression-and-classification	ML/01-foundations/ML-003-types-of-ml/ML-003-types-of-ml.md#23-regression-and-classification
G-1652	Regression metric	ML/06-regression/ML-051-regression-metrics/ML-051-regression-metrics.md	1-overview	ML/06-regression/ML-051-regression-metrics/ML-051-regression-metrics.md#1-overview
G-1653	Regression output layer	DL/01-basics/DL-013-graduate-admission-ann/DL-013-graduate-admission-ann.md		DL/01-basics/DL-013-graduate-admission-ann/DL-013-graduate-admission-ann.md
G-1654	Regression tree	ML/08-trees-and-ensembles/ML-093-regression-trees/ML-093-regression-trees.md	1-overview	ML/08-trees-and-ensembles/ML-093-regression-trees/ML-093-regression-trees.md#1-overview
G-1656	Regular expression	ML/03-feature-engineering/ML-032-mixed-variables/ML-032-mixed-variables.md	51-the-number-part	ML/03-feature-engineering/ML-032-mixed-variables/ML-032-mixed-variables.md#51-the-number-part
G-1659	Regularisation	ML/06-regression/ML-061-bias-variance/ML-061-bias-variance.md	6-what-to-do-about-it	ML/06-regression/ML-061-bias-variance/ML-061-bias-variance.md#6-what-to-do-about-it
G-1657	Regularisation by randomisation	DL/02-training/DL-025-dropout-code/DL-025-dropout-code.md	42-the-results	DL/02-training/DL-025-dropout-code/DL-025-dropout-code.md#42-the-results
G-1658	Regularisation term $\Omega$	ML/08-trees-and-ensembles/ML-120-xgboost-maths/ML-120-xgboost-maths.md	4-the-objective-loss-plus-a-penalty-on-the-tree	ML/08-trees-and-ensembles/ML-120-xgboost-maths/ML-120-xgboost-maths.md#4-the-objective-loss-plus-a-penalty-on-the-tree
G-1660	Reinforcement learning	ML/01-foundations/ML-003-types-of-ml/ML-003-types-of-ml.md	51-agent-environment-policy-and-reward	ML/01-foundations/ML-003-types-of-ml/ML-003-types-of-ml.md#51-agent-environment-policy-and-reward
G-1661	Reject $H_0$	MA/04-inference/MA-038-null-and-alternative-hypotheses/MA-038-null-and-alternative-hypotheses.md		MA/04-inference/MA-038-null-and-alternative-hypotheses/MA-038-null-and-alternative-hypotheses.md
G-1662	Rejection region (critical region)	MA/04-inference/MA-039-rejection-region-and-z-test/MA-039-rejection-region-and-z-test.md	6-the-rejection-region-and-the-critical-value	MA/04-inference/MA-039-rejection-region-and-z-test/MA-039-rejection-region-and-z-test.md#6-the-rejection-region-and-the-critical-value
G-1663	Rejection region approach	MA/04-inference/MA-038-null-and-alternative-hypotheses/MA-038-null-and-alternative-hypotheses.md	6-the-eight-steps-of-a-hypothesis-test	MA/04-inference/MA-038-null-and-alternative-hypotheses/MA-038-null-and-alternative-hypotheses.md#6-the-eight-steps-of-a-hypothesis-test
G-1664	Relative frequency	MA/01-descriptive-stats/MA-007-frequency-tables-and-graphs/MA-007-frequency-tables-and-graphs.md	22-relative-frequency	MA/01-descriptive-stats/MA-007-frequency-tables-and-graphs/MA-007-frequency-tables-and-graphs.md#22-relative-frequency
G-1665	Relative path	ML/02-getting-data/ML-014-working-with-csv/ML-014-working-with-csv.md	4-opening-a-file-on-our-machine	ML/02-getting-data/ML-014-working-with-csv/ML-014-working-with-csv.md#4-opening-a-file-on-our-machine
G-1666	Relative position	DL/06-transformers/DL-079-positional-encoding/DL-079-positional-encoding.md	4-first-idea-count-the-words	DL/06-transformers/DL-079-positional-encoding/DL-079-positional-encoding.md#4-first-idea-count-the-words
G-1668	ReLU	DL/01-basics/DL-009-mlp-intuition/DL-009-mlp-intuition.md	52-other-shapes	DL/01-basics/DL-009-mlp-intuition/DL-009-mlp-intuition.md#52-other-shapes
G-1667	ReLU mask	DL/04-cnn/DL-048-backpropagation-cnn-layers/DL-048-backpropagation-cnn-layers.md	7-back-through-relu-a-mask	DL/04-cnn/DL-048-backpropagation-cnn-layers/DL-048-backpropagation-cnn-layers.md#7-back-through-relu-a-mask
G-1669	remainder	ML/03-feature-engineering/ML-027-column-transformer/ML-027-column-transformer.md	52-the-remainder-parameter	ML/03-feature-engineering/ML-027-column-transformer/ML-027-column-transformer.md#52-the-remainder-parameter
G-2260	Representation	DL/01-basics/DL-002-what-is-deep-learning/DL-002-what-is-deep-learning.md	23-the-technical-definition-representation-learning	DL/01-basics/DL-002-what-is-deep-learning/DL-002-what-is-deep-learning.md#23-the-technical-definition-representation-learning
G-1670	Representation learning (feature learning)	DL/01-basics/DL-002-what-is-deep-learning/DL-002-what-is-deep-learning.md	1-overview	DL/01-basics/DL-002-what-is-deep-learning/DL-002-what-is-deep-learning.md#1-overview
G-1671	Representation power	DL/05-rnn/DL-065-deep-rnns/DL-065-deep-rnns.md	3-why-stack-recurrent-layers	DL/05-rnn/DL-065-deep-rnns/DL-065-deep-rnns.md#3-why-stack-recurrent-layers
G-1672	Representative sample	ML/01-foundations/ML-007-challenges-in-ml/ML-007-challenges-in-ml.md		ML/01-foundations/ML-007-challenges-in-ml/ML-007-challenges-in-ml.md
G-1673	Request, response	ML/02-getting-data/ML-017-web-scraping/ML-017-web-scraping.md	31-the-request-and-the-status-code	ML/02-getting-data/ML-017-web-scraping/ML-017-web-scraping.md#31-the-request-and-the-status-code
G-1674	requests	ML/02-getting-data/ML-016-fetching-data-from-api/ML-016-fetching-data-from-api.md	6-fetching-one-page-in-python	ML/02-getting-data/ML-016-fetching-data-from-api/ML-016-fetching-data-from-api.md#6-fetching-one-page-in-python
G-1675	Required sample size	MA/04-inference/MA-036-interpreting-confidence-intervals/MA-036-interpreting-confidence-intervals.md	43-sample-size	MA/04-inference/MA-036-interpreting-confidence-intervals/MA-036-interpreting-confidence-intervals.md#43-sample-size
G-1676	Resampling	ML/09-clustering-and-more/ML-127-imbalanced-data/ML-127-imbalanced-data.md		ML/09-clustering-and-more/ML-127-imbalanced-data/ML-127-imbalanced-data.md
G-1677	Research hypothesis	MA/04-inference/MA-038-null-and-alternative-hypotheses/MA-038-null-and-alternative-hypotheses.md	4-the-alternative-hypothesis	MA/04-inference/MA-038-null-and-alternative-hypotheses/MA-038-null-and-alternative-hypotheses.md#4-the-alternative-hypothesis
G-1678	Reset (modulated) memory	DL/05-rnn/DL-064-gru/DL-064-gru.md		DL/05-rnn/DL-064-gru/DL-064-gru.md
G-1679	Reset gate ($r_t$)	DL/05-rnn/DL-064-gru/DL-064-gru.md	4-the-big-idea-one-state-two-gates	DL/05-rnn/DL-064-gru/DL-064-gru.md#4-the-big-idea-one-state-two-gates
G-1680	Residual block	DL/01-basics/DL-018-vanishing-exploding-gradients/DL-018-vanishing-exploding-gradients.md		DL/01-basics/DL-018-vanishing-exploding-gradients/DL-018-vanishing-exploding-gradients.md
G-1681	Residual connection	DL/06-transformers/DL-081-transformer-encoder/DL-081-transformer-encoder.md	1-overview	DL/06-transformers/DL-081-transformer-encoder/DL-081-transformer-encoder.md#1-overview
G-1682	Residual dropout	DL/06-transformers/DL-086-transformer-end-to-end/DL-086-transformer-end-to-end.md		DL/06-transformers/DL-086-transformer-end-to-end/DL-086-transformer-end-to-end.md
G-2207	Residual plot	ML/06-regression/ML-055-linear-regression-assumptions/ML-055-linear-regression-assumptions.md	4-the-residual-plot	ML/06-regression/ML-055-linear-regression-assumptions/ML-055-linear-regression-assumptions.md#4-the-residual-plot
G-1683	Residual stream	DL/06-transformers/DL-087-decoder-only-gpt/DL-087-decoder-only-gpt.md	6-inside-a-gpt-2-block	DL/06-transformers/DL-087-decoder-only-gpt/DL-087-decoder-only-gpt.md#6-inside-a-gpt-2-block
G-1684	Residual sum of squares (sum of squared errors, SSE)	ML/06-regression/ML-051-regression-metrics/ML-051-regression-metrics.md		ML/06-regression/ML-051-regression-metrics/ML-051-regression-metrics.md
G-1686	Response	ML/02-getting-data/ML-016-fetching-data-from-api/ML-016-fetching-data-from-api.md	6-fetching-one-page-in-python	ML/02-getting-data/ML-016-fetching-data-from-api/ML-016-fetching-data-from-api.md#6-fetching-one-page-in-python
G-1687	Responsibility $r_{nk}$	MA/08-likelihood/MA-073-gaussian-mixture-models/MA-073-gaussian-mixture-models.md	32-the-standard-terms	MA/08-likelihood/MA-073-gaussian-mixture-models/MA-073-gaussian-mixture-models.md#32-the-standard-terms
G-1688	Retina	DL/04-cnn/DL-041-cnn-vs-visual-cortex/DL-041-cnn-vs-visual-cortex.md	3-how-visual-information-flows	DL/04-cnn/DL-041-cnn-vs-visual-cortex/DL-041-cnn-vs-visual-cortex.md#3-how-visual-information-flows
G-1689	Retrain	ML/01-foundations/ML-004-batch-learning/ML-004-batch-learning.md	42-retraining-on-a-schedule	ML/01-foundations/ML-004-batch-learning/ML-004-batch-learning.md#42-retraining-on-a-schedule
G-1690	Reward / punishment	ML/01-foundations/ML-003-types-of-ml/ML-003-types-of-ml.md	51-agent-environment-policy-and-reward	ML/01-foundations/ML-003-types-of-ml/ML-003-types-of-ml.md#51-agent-environment-policy-and-reward
G-1691	Ridge regression	ML/06-regression/ML-062-ridge-regression-intuition/ML-062-ridge-regression-intuition.md	1-overview	ML/06-regression/ML-062-ridge-regression-intuition/ML-062-ridge-regression-intuition.md#1-overview
G-1692	Right singular vector ($\mathbf{v}_i$)	MA/05-linear-algebra/MA-057-svd-geometry/MA-057-svd-geometry.md	41-from-the-singular-value-equation-to-the-factorisation	MA/05-linear-algebra/MA-057-svd-geometry/MA-057-svd-geometry.md#41-from-the-singular-value-equation-to-the-factorisation
G-1693	Right-tailed and left-tailed test	MA/04-inference/MA-040-errors-power-and-tails/MA-040-errors-power-and-tails.md		MA/04-inference/MA-040-errors-power-and-tails/MA-040-errors-power-and-tails.md
G-1694	River	ML/01-foundations/ML-005-online-learning/ML-005-online-learning.md	4-implementing-online-learning	ML/01-foundations/ML-005-online-learning/ML-005-online-learning.md#4-implementing-online-learning
G-1695	RLHF	DL/06-transformers/DL-067-history-of-llms/DL-067-history-of-llms.md	9-from-gpt-3-to-chatgpt	DL/06-transformers/DL-067-history-of-llms/DL-067-history-of-llms.md#9-from-gpt-3-to-chatgpt
G-1696	RMSNorm	DL/06-transformers/DL-080-layer-normalization/DL-080-layer-normalization.md	72-where-it-sits	DL/06-transformers/DL-080-layer-normalization/DL-080-layer-normalization.md#72-where-it-sits
G-1697	RMSProp	DL/03-optimizers/DL-037-rmsprop/DL-037-rmsprop.md	1-overview	DL/03-optimizers/DL-037-rmsprop/DL-037-rmsprop.md#1-overview
G-1698	robots.txt	ML/02-getting-data/ML-017-web-scraping/ML-017-web-scraping.md	32-looking-like-a-browser	ML/02-getting-data/ML-017-web-scraping/ML-017-web-scraping.md#32-looking-like-a-browser
G-1699	Robust scaling	ML/03-feature-engineering/ML-024-normalization/ML-024-normalization.md	9-robust-scaling	ML/03-feature-engineering/ML-024-normalization/ML-024-normalization.md#9-robust-scaling
G-1700	Robustness	ML/08-trees-and-ensembles/ML-095-ensemble-learning/ML-095-ensemble-learning.md		ML/08-trees-and-ensembles/ML-095-ensemble-learning/ML-095-ensemble-learning.md
G-1701	RobustScaler	ML/03-feature-engineering/ML-024-normalization/ML-024-normalization.md	9-robust-scaling	ML/03-feature-engineering/ML-024-normalization/ML-024-normalization.md#9-robust-scaling
G-1702	ROC curve	ML/07-classification/ML-077-roc-auc/ML-077-roc-auc.md	1-overview	ML/07-classification/ML-077-roc-auc/ML-077-roc-auc.md#1-overview
G-1703	Rollback	ML/01-foundations/ML-005-online-learning/ML-005-online-learning.md		ML/01-foundations/ML-005-online-learning/ML-005-online-learning.md
G-1704	Root mean square	DL/03-optimizers/DL-037-rmsprop/DL-037-rmsprop.md		DL/03-optimizers/DL-037-rmsprop/DL-037-rmsprop.md
G-1705	Root mean squared error (RMSE)	ML/06-regression/ML-051-regression-metrics/ML-051-regression-metrics.md	4-root-mean-squared-error-rmse	ML/06-regression/ML-051-regression-metrics/ML-051-regression-metrics.md#4-root-mean-squared-error-rmse
G-1706	Root node	ML/08-trees-and-ensembles/ML-091-decision-trees-intuition/ML-091-decision-trees-intuition.md	4-terminology	ML/08-trees-and-ensembles/ML-091-decision-trees-intuition/ML-091-decision-trees-intuition.md#4-terminology
G-1709	Rotation	MA/05-linear-algebra/MA-057-svd-geometry/MA-057-svd-geometry.md	24-what-an-orthogonal-matrix-does-to-space	MA/05-linear-algebra/MA-057-svd-geometry/MA-057-svd-geometry.md#24-what-an-orthogonal-matrix-does-to-space
G-1708	Rotation matrix	MA/05-linear-algebra/MA-053-linear-transformations-and-matrices/MA-053-linear-transformations-and-matrices.md		MA/05-linear-algebra/MA-053-linear-transformations-and-matrices/MA-053-linear-transformations-and-matrices.md
G-1707	Rotation matrix $M_k$	DL/06-transformers/DL-079-positional-encoding/DL-079-positional-encoding.md		DL/06-transformers/DL-079-positional-encoding/DL-079-positional-encoding.md
G-1710	Rotation, shift, zoom, shear	DL/04-cnn/DL-050-data-augmentation/DL-050-data-augmentation.md		DL/04-cnn/DL-050-data-augmentation/DL-050-data-augmentation.md
G-1711	Row and column totals	MA/02-probability/MA-013-venn-diagrams-and-contingency-tables/MA-013-venn-diagrams-and-contingency-tables.md		MA/02-probability/MA-013-venn-diagrams-and-contingency-tables/MA-013-venn-diagrams-and-contingency-tables.md
G-2245	Row form	MA/05-linear-algebra/MA-054-matrix-multiplication-as-composition/MA-054-matrix-multiplication-as-composition.md	72-points-as-rows-the-same-product-transposed	MA/05-linear-algebra/MA-054-matrix-multiplication-as-composition/MA-054-matrix-multiplication-as-composition.md#72-points-as-rows-the-same-product-transposed
G-1712	Row sampling	ML/08-trees-and-ensembles/ML-102-random-forest-intro/ML-102-random-forest-intro.md	5-a-random-forest-by-hand	ML/08-trees-and-ensembles/ML-102-random-forest-intro/ML-102-random-forest-intro.md#5-a-random-forest-by-hand
G-1713	Row space	MA/05-linear-algebra/MA-058-computing-the-svd/MA-058-computing-the-svd.md	6-the-four-subspaces	MA/05-linear-algebra/MA-058-computing-the-svd/MA-058-computing-the-svd.md#6-the-four-subspaces
G-1714	Row vector	MA/05-linear-algebra/MA-048-vectors-and-feature-vectors/MA-048-vectors-and-feature-vectors.md	5-row-vectors-and-column-vectors	MA/05-linear-algebra/MA-048-vectors-and-feature-vectors/MA-048-vectors-and-feature-vectors.md#5-row-vectors-and-column-vectors
G-1715	RPM	ML/01-foundations/ML-008-applications-of-ml/ML-008-applications-of-ml.md	62-predictive-maintenance	ML/01-foundations/ML-008-applications-of-ml/ML-008-applications-of-ml.md#62-predictive-maintenance
G-1716	Runge's phenomenon	ML/08-trees-and-ensembles/ML-115-gradient-boosting-regression-maths/ML-115-gradient-boosting-regression-maths.md		ML/08-trees-and-ensembles/ML-115-gradient-boosting-regression-maths/ML-115-gradient-boosting-regression-maths.md
G-1717	R² score (coefficient of determination)	ML/03-feature-engineering/ML-030-power-transformer/ML-030-power-transformer.md	62-baseline-no-transform	ML/03-feature-engineering/ML-030-power-transformer/ML-030-power-transformer.md#62-baseline-no-transform
G-1718	Saddle point	ML/06-regression/ML-056-gradient-descent/ML-056-gradient-descent.md	8-the-shape-of-the-loss-function-matters	ML/06-regression/ML-056-gradient-descent/ML-056-gradient-descent.md#8-the-shape-of-the-loss-function-matters
G-1719	Safety (of an augmentation)	DL/04-cnn/DL-050-data-augmentation/DL-050-data-augmentation.md	42-only-transformations-that-keep-the-label	DL/04-cnn/DL-050-data-augmentation/DL-050-data-augmentation.md#42-only-transformations-that-keep-the-label
G-1720	saga	ML/07-classification/ML-080-logistic-hyperparameters/ML-080-logistic-hyperparameters.md		ML/07-classification/ML-080-logistic-hyperparameters/ML-080-logistic-hyperparameters.md
G-1721	Same-length many-to-many	DL/05-rnn/DL-058-types-of-rnn/DL-058-types-of-rnn.md	51-same-length	DL/05-rnn/DL-058-types-of-rnn/DL-058-types-of-rnn.md#51-same-length
G-1722	SAMME	ML/08-trees-and-ensembles/ML-111-adaboost-from-scratch/ML-111-adaboost-from-scratch.md	10-weights-instead-of-upsampling-how-scikit-learn-does-it	ML/08-trees-and-ensembles/ML-111-adaboost-from-scratch/ML-111-adaboost-from-scratch.md#10-weights-instead-of-upsampling-how-scikit-learn-does-it
G-1723	SAMME.R	ML/08-trees-and-ensembles/ML-112-adaboost-hyperparameters/ML-112-adaboost-hyperparameters.md		ML/08-trees-and-ensembles/ML-112-adaboost-hyperparameters/ML-112-adaboost-hyperparameters.md
G-1731	Sample	ML/01-foundations/ML-007-challenges-in-ml/ML-007-challenges-in-ml.md	41-a-sample-that-tells-the-wrong-story	ML/01-foundations/ML-007-challenges-in-ml/ML-007-challenges-in-ml.md#41-a-sample-that-tells-the-wrong-story
G-1724	Sample covariance ($s_{xy}$)	MA/01-descriptive-stats/MA-009-covariance-and-correlation/MA-009-covariance-and-correlation.md		MA/01-descriptive-stats/MA-009-covariance-and-correlation/MA-009-covariance-and-correlation.md
G-1725	Sample mean ($\bar{x}$)	MA/01-descriptive-stats/MA-005-measures-of-central-tendency/MA-005-measures-of-central-tendency.md	3-mean	MA/01-descriptive-stats/MA-005-measures-of-central-tendency/MA-005-measures-of-central-tendency.md#3-mean
G-1726	Sample proportion $\hat{p}$	MA/04-inference/MA-044-choosing-a-hypothesis-test/MA-044-choosing-a-hypothesis-test.md	41-the-question	MA/04-inference/MA-044-choosing-a-hypothesis-test/MA-044-choosing-a-hypothesis-test.md#41-the-question
G-1727	Sample size ($n$)	MA/04-inference/MA-033-sampling-distribution-and-clt/MA-033-sampling-distribution-and-clt.md	3-sampling-distributions	MA/04-inference/MA-033-sampling-distribution-and-clt/MA-033-sampling-distribution-and-clt.md#3-sampling-distributions
G-1728	Sample skewness $G_1$	MA/03-distributions/MA-026-skewness/MA-026-skewness.md	5-the-sample-skewness-formula	MA/03-distributions/MA-026-skewness/MA-026-skewness.md#5-the-sample-skewness-formula
G-1729	Sample space	MA/02-probability/MA-010-events-and-types-of-events/MA-010-events-and-types-of-events.md	24-sample-space	MA/02-probability/MA-010-events-and-types-of-events/MA-010-events-and-types-of-events.md#24-sample-space
G-2229	Sample variance $s^2$	MA/01-descriptive-stats/MA-006-measures-of-dispersion/MA-006-measures-of-dispersion.md	61-the-sample-version	MA/01-descriptive-stats/MA-006-measures-of-dispersion/MA-006-measures-of-dispersion.md#61-the-sample-version
G-1730	Sample weight	ML/08-trees-and-ensembles/ML-110-adaboost-step-by-step/ML-110-adaboost-step-by-step.md	3-step-1-every-observation-gets-the-same-weight	ML/08-trees-and-ensembles/ML-110-adaboost-step-by-step/ML-110-adaboost-step-by-step.md#3-step-1-every-observation-gets-the-same-weight
G-1732	sample_weight	ML/08-trees-and-ensembles/ML-111-adaboost-from-scratch/ML-111-adaboost-from-scratch.md	10-weights-instead-of-upsampling-how-scikit-learn-does-it	ML/08-trees-and-ensembles/ML-111-adaboost-from-scratch/ML-111-adaboost-from-scratch.md#10-weights-instead-of-upsampling-how-scikit-learn-does-it
G-1733	Sampler	ML/09-clustering-and-more/ML-128-optuna/ML-128-optuna.md	4-optunas-vocabulary	ML/09-clustering-and-more/ML-128-optuna/ML-128-optuna.md#4-optunas-vocabulary
G-1739	Sampling (text generation)	DL/06-transformers/DL-088-unembedding-and-sampling/DL-088-unembedding-and-sampling.md	1-overview	DL/06-transformers/DL-088-unembedding-and-sampling/DL-088-unembedding-and-sampling.md#1-overview
G-1734	Sampling bias	ML/01-foundations/ML-007-challenges-in-ml/ML-007-challenges-in-ml.md	42-sampling-noise-and-sampling-bias	ML/01-foundations/ML-007-challenges-in-ml/ML-007-challenges-in-ml.md#42-sampling-noise-and-sampling-bias
G-1736	Sampling distribution	MA/04-inference/MA-033-sampling-distribution-and-clt/MA-033-sampling-distribution-and-clt.md	1-overview	MA/04-inference/MA-033-sampling-distribution-and-clt/MA-033-sampling-distribution-and-clt.md#1-overview
G-1735	Sampling distribution of the sample mean	MA/04-inference/MA-033-sampling-distribution-and-clt/MA-033-sampling-distribution-and-clt.md		MA/04-inference/MA-033-sampling-distribution-and-clt/MA-033-sampling-distribution-and-clt.md
G-1737	Sampling noise	ML/01-foundations/ML-007-challenges-in-ml/ML-007-challenges-in-ml.md	42-sampling-noise-and-sampling-bias	ML/01-foundations/ML-007-challenges-in-ml/ML-007-challenges-in-ml.md#42-sampling-noise-and-sampling-bias
G-1738	Sampling techniques	MA/01-descriptive-stats/MA-004-what-is-statistics/MA-004-what-is-statistics.md	41-what-makes-a-good-sample	MA/01-descriptive-stats/MA-004-what-is-statistics/MA-004-what-is-statistics.md#41-what-makes-a-good-sample
G-1740	Saturated softmax	DL/06-transformers/DL-075-scaled-dot-product-attention/DL-075-scaled-dot-product-attention.md	5-why-a-wide-spread-is-a-problem-the-softmax-saturates	DL/06-transformers/DL-075-scaled-dot-product-attention/DL-075-scaled-dot-product-attention.md#5-why-a-wide-spread-is-a-problem-the-softmax-saturates
G-1741	Saturating function	DL/02-training/DL-027-activation-functions/DL-027-activation-functions.md	55-non-saturating	DL/02-training/DL-027-activation-functions/DL-027-activation-functions.md#55-non-saturating
G-1743	Scalar	ML/01-foundations/ML-010-tensors/ML-010-tensors.md	2-what-a-tensor-is	ML/01-foundations/ML-010-tensors/ML-010-tensors.md#2-what-a-tensor-is
G-1742	Scalar product	MA/05-linear-algebra/MA-050-dot-product-and-cosine-similarity/MA-050-dot-product-and-cosine-similarity.md	2-products-of-two-vectors	MA/05-linear-algebra/MA-050-dot-product-and-cosine-similarity/MA-050-dot-product-and-cosine-similarity.md#2-products-of-two-vectors
G-1744	Scale (in SciPy)	MA/08-likelihood/MA-071-mle-for-common-distributions/MA-071-mle-for-common-distributions.md	33-the-derivation	MA/08-likelihood/MA-071-mle-for-common-distributions/MA-071-mle-for-common-distributions.md#33-the-derivation
G-1745	Scaled dot-product attention	DL/06-transformers/DL-075-scaled-dot-product-attention/DL-075-scaled-dot-product-attention.md	1-overview	DL/06-transformers/DL-075-scaled-dot-product-attention/DL-075-scaled-dot-product-attention.md#1-overview
G-1746	Scaling (a vector)	MA/05-linear-algebra/MA-049-magnitude-distance-and-scalar-operations/MA-049-magnitude-distance-and-scalar-operations.md	6-multiplying-or-dividing-by-a-scalar-scaling	MA/05-linear-algebra/MA-049-magnitude-distance-and-scalar-operations/MA-049-magnitude-distance-and-scalar-operations.md#6-multiplying-or-dividing-by-a-scalar-scaling
G-1747	Scaling factor	DL/06-transformers/DL-075-scaled-dot-product-attention/DL-075-scaled-dot-product-attention.md	6-choosing-the-scaling-factor	DL/06-transformers/DL-075-scaled-dot-product-attention/DL-075-scaled-dot-product-attention.md#6-choosing-the-scaling-factor
G-1749	Scatter plot	ML/02-getting-data/ML-020-bivariate-multivariate-analysis/ML-020-bivariate-multivariate-analysis.md	31-total-bill-against-tip	ML/02-getting-data/ML-020-bivariate-multivariate-analysis/ML-020-bivariate-multivariate-analysis.md#31-total-bill-against-tip
G-1750	scikit-learn	ML/01-foundations/ML-012-toy-project/ML-012-toy-project.md		ML/01-foundations/ML-012-toy-project/ML-012-toy-project.md
G-1751	SciPy	MA/05-linear-algebra/MA-047-linear-algebra-roadmap/MA-047-linear-algebra-roadmap.md	48-tools-and-libraries	MA/05-linear-algebra/MA-047-linear-algebra-roadmap/MA-047-linear-algebra-roadmap.md#48-tools-and-libraries
G-1753	Score	ML/07-classification/ML-081-naive-bayes-intuition/ML-081-naive-bayes-intuition.md	2-the-method-on-one-picture	ML/07-classification/ML-081-naive-bayes-intuition/ML-081-naive-bayes-intuition.md#2-the-method-on-one-picture
G-1752	Score function	DL/06-transformers/DL-070-bahdanau-vs-luong-attention/DL-070-bahdanau-vs-luong-attention.md	3-recap-what-both-must-compute	DL/06-transformers/DL-070-bahdanau-vs-luong-attention/DL-070-bahdanau-vs-luong-attention.md#3-recap-what-both-must-compute
G-1754	Scott's rule	MA/03-distributions/MA-023-density-estimation-kde/MA-023-density-estimation-kde.md		MA/03-distributions/MA-023-density-estimation-kde/MA-023-density-estimation-kde.md
G-2205	Scree plot	ML/05-dimensionality/ML-047-pca-step-by-step/ML-047-pca-step-by-step.md	61-reading-the-result-the-recipe-and-the-scree-plot	ML/05-dimensionality/ML-047-pca-step-by-step/ML-047-pca-step-by-step.md#61-reading-the-result-the-recipe-and-the-scree-plot
G-1755	SDLC	ML/01-foundations/ML-009-mldlc/ML-009-mldlc.md	21-the-software-development-life-cycle	ML/01-foundations/ML-009-mldlc/ML-009-mldlc.md#21-the-software-development-life-cycle
G-1756	Search space	ML/09-clustering-and-more/ML-128-optuna/ML-128-optuna.md	21-the-problem-a-random-forest-for-placement	ML/09-clustering-and-more/ML-128-optuna/ML-128-optuna.md#21-the-problem-a-random-forest-for-placement
G-1757	Secant equation	MA/06-calculus/MA-064-hessian-and-multivariate-taylor/MA-064-hessian-and-multivariate-taylor.md	7-where-ml-uses-second-order-approximations	MA/06-calculus/MA-064-hessian-and-multivariate-taylor/MA-064-hessian-and-multivariate-taylor.md#7-where-ml-uses-second-order-approximations
G-1758	Secant line	MA/06-calculus/MA-061-derivatives-of-one-variable/MA-061-derivatives-of-one-variable.md	1-overview	MA/06-calculus/MA-061-derivatives-of-one-variable/MA-061-derivatives-of-one-variable.md#1-overview
G-2249	Second derivative	MA/06-calculus/MA-061-derivatives-of-one-variable/MA-061-derivatives-of-one-variable.md	61-building-one-by-hand-match-the-value-the-slope-and-the-bend	MA/06-calculus/MA-061-derivatives-of-one-variable/MA-061-derivatives-of-one-variable.md#61-building-one-by-hand-match-the-value-the-slope-and-the-bend
G-2257	Second derivative test	MA/07-optimisation/MA-067-convex-sets-and-functions/MA-067-convex-sets-and-functions.md	41-curving-up-the-slope-keeps-increasing	MA/07-optimisation/MA-067-convex-sets-and-functions/MA-067-convex-sets-and-functions.md#41-curving-up-the-slope-keeps-increasing
G-1759	Second moment $v_t$	DL/03-optimizers/DL-038-adam/DL-038-adam.md	4-the-update-rule	DL/03-optimizers/DL-038-adam/DL-038-adam.md#4-the-update-rule
G-1760	Second partial derivative	MA/06-calculus/MA-064-hessian-and-multivariate-taylor/MA-064-hessian-and-multivariate-taylor.md	41-second-partial-derivatives	MA/06-calculus/MA-064-hessian-and-multivariate-taylor/MA-064-hessian-and-multivariate-taylor.md#41-second-partial-derivatives
G-2253	Second partial derivative test	MA/06-calculus/MA-064-hessian-and-multivariate-taylor/MA-064-hessian-and-multivariate-taylor.md	53-curvature-what-the-hessian-says-about-the-shape	MA/06-calculus/MA-064-hessian-and-multivariate-taylor/MA-064-hessian-and-multivariate-taylor.md#53-curvature-what-the-hessian-says-about-the-shape
G-1761	Second-order condition	MA/07-optimisation/MA-067-convex-sets-and-functions/MA-067-convex-sets-and-functions.md	43-second-order-condition-in-several-variables	MA/07-optimisation/MA-067-convex-sets-and-functions/MA-067-convex-sets-and-functions.md#43-second-order-condition-in-several-variables
G-2157	Selection bias	ML/08-trees-and-ensembles/ML-106-random-forest-tuning/ML-106-random-forest-tuning.md	64-did-tuning-really-help	ML/08-trees-and-ensembles/ML-106-random-forest-tuning/ML-106-random-forest-tuning.md#64-did-tuning-really-help
G-1762	SelectKBest	ML/03-feature-engineering/ML-028-pipelines/ML-028-pipelines.md	56-step-4-feature-selection	ML/03-feature-engineering/ML-028-pipelines/ML-028-pipelines.md#56-step-4-feature-selection
G-1763	Self-attention (intra-attention)	DL/06-transformers/DL-077-why-self-attention/DL-077-why-self-attention.md	1-overview	DL/06-transformers/DL-077-why-self-attention/DL-077-why-self-attention.md#1-overview
G-1765	Self-normalising	DL/02-training/DL-028-relu-variants/DL-028-relu-variants.md	62-selu	DL/02-training/DL-028-relu-variants/DL-028-relu-variants.md#62-selu
G-1766	SELU	DL/02-training/DL-028-relu-variants/DL-028-relu-variants.md	62-selu	DL/02-training/DL-028-relu-variants/DL-028-relu-variants.md#62-selu
G-1767	Semester	ML/03-feature-engineering/ML-033-date-and-time/ML-033-date-and-time.md		ML/03-feature-engineering/ML-033-date-and-time/ML-033-date-and-time.md
G-1768	Semi-supervised learning	ML/01-foundations/ML-003-types-of-ml/ML-003-types-of-ml.md	4-semi-supervised-learning	ML/01-foundations/ML-003-types-of-ml/ML-003-types-of-ml.md#4-semi-supervised-learning
G-2275	Sensitivity (of a model)	DL/02-training/DL-026-regularization-in-dl/DL-026-regularization-in-dl.md	77-how-strong-should-the-penalty-be	DL/02-training/DL-026-regularization-in-dl/DL-026-regularization-in-dl.md#77-how-strong-should-the-penalty-be
G-1769	Sentiment analysis	ML/01-foundations/ML-008-applications-of-ml/ML-008-applications-of-ml.md	71-sentiment-analysis	ML/01-foundations/ML-008-applications-of-ml/ML-008-applications-of-ml.md#71-sentiment-analysis
G-1770	Separator	ML/02-getting-data/ML-014-working-with-csv/ML-014-working-with-csv.md	6-separators-and-column-names-sep-names	ML/02-getting-data/ML-014-working-with-csv/ML-014-working-with-csv.md#6-separators-and-column-names-sep-names
G-1771	Sequence-to-sequence (seq2seq) model	DL/05-rnn/DL-058-types-of-rnn/DL-058-types-of-rnn.md	5-many-to-many	DL/05-rnn/DL-058-types-of-rnn/DL-058-types-of-rnn.md#5-many-to-many
G-1772	Sequence-to-sequence (seq2seq) task	DL/06-transformers/DL-067-history-of-llms/DL-067-history-of-llms.md		DL/06-transformers/DL-067-history-of-llms/DL-067-history-of-llms.md
G-1774	Sequential data	ML/01-foundations/ML-005-online-learning/ML-005-online-learning.md	21-learning-in-small-steps	ML/01-foundations/ML-005-online-learning/ML-005-online-learning.md#21-learning-in-small-steps
G-1775	Sequential learning	ML/08-trees-and-ensembles/ML-113-bagging-vs-boosting/ML-113-bagging-vs-boosting.md		ML/08-trees-and-ensembles/ML-113-bagging-vs-boosting/ML-113-bagging-vs-boosting.md
G-1776	Sequential model	DL/01-basics/DL-011-customer-churn-ann/DL-011-customer-churn-ann.md	4-building-a-network-in-keras	DL/01-basics/DL-011-customer-churn-ann/DL-011-customer-churn-ann.md#4-building-a-network-in-keras
G-1777	Sequential training	DL/06-transformers/DL-071-introduction-to-transformers/DL-071-introduction-to-transformers.md	4-why-transformers-were-needed	DL/06-transformers/DL-071-introduction-to-transformers/DL-071-introduction-to-transformers.md#4-why-transformers-were-needed
G-1778	Series	ML/02-getting-data/ML-014-working-with-csv/ML-014-working-with-csv.md	10-one-column-as-a-series-squeeze	ML/02-getting-data/ML-014-working-with-csv/ML-014-working-with-csv.md#10-one-column-as-a-series-squeeze
G-1779	Server	ML/01-foundations/ML-004-batch-learning/ML-004-batch-learning.md	2-development-and-production	ML/01-foundations/ML-004-batch-learning/ML-004-batch-learning.md#2-development-and-production
G-1780	set_output	ML/03-feature-engineering/ML-027-column-transformer/ML-027-column-transformer.md	62-a-dataframe-instead-of-an-array	ML/03-feature-engineering/ML-027-column-transformer/ML-027-column-transformer.md#62-a-dataframe-instead-of-an-array
G-1781	set_params	ML/08-trees-and-ensembles/ML-105-random-forest-hyperparameters/ML-105-random-forest-hyperparameters.md	5-the-general-hyperparameters	ML/08-trees-and-ensembles/ML-105-random-forest-hyperparameters/ML-105-random-forest-hyperparameters.md#5-the-general-hyperparameters
G-1782	SGDClassifier	DL/01-basics/DL-006-perceptron-loss/DL-006-perceptron-loss.md		DL/01-basics/DL-006-perceptron-loss/DL-006-perceptron-loss.md
G-1783	SGDRegressor	ML/01-foundations/ML-005-online-learning/ML-005-online-learning.md	41-scikit-learns-partialfit	ML/01-foundations/ML-005-online-learning/ML-005-online-learning.md#41-scikit-learns-partialfit
G-1784	Shadow price	MA/07-optimisation/MA-066-lagrange-multipliers/MA-066-lagrange-multipliers.md	42-what-the-multiplier-measures	MA/07-optimisation/MA-066-lagrange-multipliers/MA-066-lagrange-multipliers.md#42-what-the-multiplier-measures
G-1785	Shallow decision tree	ML/08-trees-and-ensembles/ML-113-bagging-vs-boosting/ML-113-bagging-vs-boosting.md	21-boosting-high-bias-low-variance-models	ML/08-trees-and-ensembles/ML-113-bagging-vs-boosting/ML-113-bagging-vs-boosting.md#21-boosting-high-bias-low-variance-models
G-1787	Shape	ML/01-foundations/ML-010-tensors/ML-010-tensors.md	4-rank-axes-shape-and-size	ML/01-foundations/ML-010-tensors/ML-010-tensors.md#4-rank-axes-shape-and-size
G-1786	Shape rule	MA/05-linear-algebra/MA-054-matrix-multiplication-as-composition/MA-054-matrix-multiplication-as-composition.md		MA/05-linear-algebra/MA-054-matrix-multiplication-as-composition/MA-054-matrix-multiplication-as-composition.md
G-1788	Shapiro-Wilk test	ML/06-regression/ML-055-linear-regression-assumptions/ML-055-linear-regression-assumptions.md	5-assumption-3-normal-residuals	ML/06-regression/ML-055-linear-regression-assumptions/ML-055-linear-regression-assumptions.md#5-assumption-3-normal-residuals
G-1789	Shear	MA/05-linear-algebra/MA-053-linear-transformations-and-matrices/MA-053-linear-transformations-and-matrices.md		MA/05-linear-algebra/MA-053-linear-transformations-and-matrices/MA-053-linear-transformations-and-matrices.md
G-1790	Shift right	DL/06-transformers/DL-084-transformer-decoder/DL-084-transformer-decoder.md	51-shifting-right	DL/06-transformers/DL-084-transformer-decoder/DL-084-transformer-decoder.md#51-shifting-right
G-1791	Shifting	MA/05-linear-algebra/MA-049-magnitude-distance-and-scalar-operations/MA-049-magnitude-distance-and-scalar-operations.md	41-adding-or-subtracting-a-scalar-shifting	MA/05-linear-algebra/MA-049-magnitude-distance-and-scalar-operations/MA-049-magnitude-distance-and-scalar-operations.md#41-adding-or-subtracting-a-scalar-shifting
G-1792	Short-term and long-term contributions	DL/05-rnn/DL-060-problems-with-rnn/DL-060-problems-with-rnn.md		DL/05-rnn/DL-060-problems-with-rnn/DL-060-problems-with-rnn.md
G-1793	Short-term context	DL/05-rnn/DL-061-lstm/DL-061-lstm.md	4-how-we-read-a-story-two-kinds-of-context	DL/05-rnn/DL-061-lstm/DL-061-lstm.md#4-how-we-read-a-story-two-kinds-of-context
G-1794	Shortcut variance formula	MA/02-probability/MA-012-expected-value-and-variance/MA-012-expected-value-and-variance.md		MA/02-probability/MA-012-expected-value-and-variance/MA-012-expected-value-and-variance.md
G-1796	Shrinkage	ML/06-regression/ML-062-ridge-regression-intuition/ML-062-ridge-regression-intuition.md		ML/06-regression/ML-062-ridge-regression-intuition/ML-062-ridge-regression-intuition.md
G-1795	Shrinkage (boosting)	ML/08-trees-and-ensembles/ML-112-adaboost-hyperparameters/ML-112-adaboost-hyperparameters.md		ML/08-trees-and-ensembles/ML-112-adaboost-hyperparameters/ML-112-adaboost-hyperparameters.md
G-1797	Shuffling	ML/06-regression/ML-059-mini-batch-gradient-descent/ML-059-mini-batch-gradient-descent.md	3-how-it-works	ML/06-regression/ML-059-mini-batch-gradient-descent/ML-059-mini-batch-gradient-descent.md#3-how-it-works
G-1798	Sigmoid function	ML/07-classification/ML-071-sigmoid-function/ML-071-sigmoid-function.md	1-overview	ML/07-classification/ML-071-sigmoid-function/ML-071-sigmoid-function.md#1-overview
G-1799	Sigmoid kernel	ML/07-classification/ML-089-kernel-trick-intuition/ML-089-kernel-trick-intuition.md	32-the-feature-map-and-the-kernel	ML/07-classification/ML-089-kernel-trick-intuition/ML-089-kernel-trick-intuition.md#32-the-feature-map-and-the-kernel
G-1800	Sign function	ML/08-trees-and-ensembles/ML-109-adaboost-intuition/ML-109-adaboost-intuition.md		ML/08-trees-and-ensembles/ML-109-adaboost-intuition/ML-109-adaboost-intuition.md
G-1801	Significance level ($\alpha$)	MA/04-inference/MA-039-rejection-region-and-z-test/MA-039-rejection-region-and-z-test.md	5-how-rare-is-too-rare-the-significance-level	MA/04-inference/MA-039-rejection-region-and-z-test/MA-039-rejection-region-and-z-test.md#5-how-rare-is-too-rare-the-significance-level
G-2266	SiLU (Swish)	DL/02-training/DL-028-relu-variants/DL-028-relu-variants.md	63-gelu-and-silu-smooth-versions-of-relu	DL/02-training/DL-028-relu-variants/DL-028-relu-variants.md#63-gelu-and-silu-smooth-versions-of-relu
G-1805	Similarity	ML/01-foundations/ML-006-instance-vs-model-based/ML-006-instance-vs-model-based.md	31-how-it-works	ML/01-foundations/ML-006-instance-vs-model-based/ML-006-instance-vs-model-based.md#31-how-it-works
G-1802	Similarity measure	MA/05-linear-algebra/MA-050-dot-product-and-cosine-similarity/MA-050-dot-product-and-cosine-similarity.md	62-definition-and-range	MA/05-linear-algebra/MA-050-dot-product-and-cosine-similarity/MA-050-dot-product-and-cosine-similarity.md#62-definition-and-range
G-1804	Similarity score	ML/08-trees-and-ensembles/ML-118-xgboost-regression/ML-118-xgboost-regression.md	1-overview	ML/08-trees-and-ensembles/ML-118-xgboost-regression/ML-118-xgboost-regression.md#1-overview
G-1803	Similarity score (classification)	ML/08-trees-and-ensembles/ML-119-xgboost-classification/ML-119-xgboost-classification.md		ML/08-trees-and-ensembles/ML-119-xgboost-classification/ML-119-xgboost-classification.md
G-1806	Simple (elementary) event	MA/02-probability/MA-010-events-and-types-of-events/MA-010-events-and-types-of-events.md	41-simple-events	MA/02-probability/MA-010-events-and-types-of-events/MA-010-events-and-types-of-events.md#41-simple-events
G-1807	Simple cell	DL/04-cnn/DL-041-cnn-vs-visual-cortex/DL-041-cnn-vs-visual-cortex.md	51-simple-cells	DL/04-cnn/DL-041-cnn-vs-visual-cortex/DL-041-cnn-vs-visual-cortex.md#51-simple-cells
G-1808	Simple linear regression	ML/06-regression/ML-049-simple-linear-regression/ML-049-simple-linear-regression.md	1-overview	ML/06-regression/ML-049-simple-linear-regression/ML-049-simple-linear-regression.md#1-overview
G-1809	SimpleImputer	ML/03-feature-engineering/ML-027-column-transformer/ML-027-column-transformer.md	41-fever-fill-the-missing-values	ML/03-feature-engineering/ML-027-column-transformer/ML-027-column-transformer.md#41-fever-fill-the-missing-values
G-2259	Simplex algorithm	MA/07-optimisation/MA-068-linear-and-quadratic-programming/MA-068-linear-and-quadratic-programming.md	22-the-answer-is-at-a-corner	MA/07-optimisation/MA-068-linear-and-quadratic-programming/MA-068-linear-and-quadratic-programming.md#22-the-answer-is-at-a-corner
G-1810	Simulated annealing	ML/06-regression/ML-058-stochastic-gradient-descent/ML-058-stochastic-gradient-descent.md	6-learning-schedules	ML/06-regression/ML-058-stochastic-gradient-descent/ML-058-stochastic-gradient-descent.md#6-learning-schedules
G-1811	Single linkage	ML/09-clustering-and-more/ML-125-hierarchical-clustering/ML-125-hierarchical-clustering.md	8-linkage-the-distance-between-two-clusters	ML/09-clustering-and-more/ML-125-hierarchical-clustering/ML-125-hierarchical-clustering.md#8-linkage-the-distance-between-two-clusters
G-1812	Singular value ($\sigma_i$)	MA/05-linear-algebra/MA-057-svd-geometry/MA-057-svd-geometry.md	33-the-ellipse	MA/05-linear-algebra/MA-057-svd-geometry/MA-057-svd-geometry.md#33-the-ellipse
G-1813	Singular value decomposition (SVD)	MA/05-linear-algebra/MA-057-svd-geometry/MA-057-svd-geometry.md	1-overview	MA/05-linear-algebra/MA-057-svd-geometry/MA-057-svd-geometry.md#1-overview
G-1814	Singular value equation	MA/05-linear-algebra/MA-057-svd-geometry/MA-057-svd-geometry.md	34-the-singular-value-equation	MA/05-linear-algebra/MA-057-svd-geometry/MA-057-svd-geometry.md#34-the-singular-value-equation
G-1815	Sinusoidal positional encoding	DL/06-transformers/DL-079-positional-encoding/DL-079-positional-encoding.md	62-the-values	DL/06-transformers/DL-079-positional-encoding/DL-079-positional-encoding.md#62-the-values
G-1816	Size	ML/01-foundations/ML-010-tensors/ML-010-tensors.md	4-rank-axes-shape-and-size	ML/01-foundations/ML-010-tensors/ML-010-tensors.md#4-rank-axes-shape-and-size
G-1817	Skewness	ML/02-getting-data/ML-019-univariate-analysis/ML-019-univariate-analysis.md	10-skewness	ML/02-getting-data/ML-019-univariate-analysis/ML-019-univariate-analysis.md#10-skewness
G-1819	Skip connection through time	DL/05-rnn/DL-060-problems-with-rnn/DL-060-problems-with-rnn.md	5-fixing-the-vanishing-gradient	DL/05-rnn/DL-060-problems-with-rnn/DL-060-problems-with-rnn.md#5-fixing-the-vanishing-gradient
G-1820	Slack (ξ)	ML/07-classification/ML-088-svm-soft-margin/ML-088-svm-soft-margin.md	41-the-new-term	ML/07-classification/ML-088-svm-soft-margin/ML-088-svm-soft-margin.md#41-the-new-term
G-1821	Slater's condition	MA/07-optimisation/MA-067-convex-sets-and-functions/MA-067-convex-sets-and-functions.md	62-what-convexity-guarantees	MA/07-optimisation/MA-067-convex-sets-and-functions/MA-067-convex-sets-and-functions.md#62-what-convexity-guarantees
G-1822	slice(0, 10)	ML/03-feature-engineering/ML-028-pipelines/ML-028-pipelines.md		ML/03-feature-engineering/ML-028-pipelines/ML-028-pipelines.md
G-1823	Slope	ML/06-regression/ML-049-simple-linear-regression/ML-049-simple-linear-regression.md	32-if-the-data-were-perfectly-linear	ML/06-regression/ML-049-simple-linear-regression/ML-049-simple-linear-regression.md#32-if-the-data-were-perfectly-linear
G-1824	Slow convergence	DL/02-training/DL-029-weight-initialization/DL-029-weight-initialization.md		DL/02-training/DL-029-weight-initialization/DL-029-weight-initialization.md
G-1825	SMOTE	ML/09-clustering-and-more/ML-127-imbalanced-data/ML-127-imbalanced-data.md	7-smote	ML/09-clustering-and-more/ML-127-imbalanced-data/ML-127-imbalanced-data.md#7-smote
G-1826	Soft assignment	MA/08-likelihood/MA-073-gaussian-mixture-models/MA-073-gaussian-mixture-models.md	32-the-standard-terms	MA/08-likelihood/MA-073-gaussian-mixture-models/MA-073-gaussian-mixture-models.md#32-the-standard-terms
G-1827	Soft thresholding	ML/06-regression/ML-067-lasso-sparsity/ML-067-lasso-sparsity.md	5-the-dead-zone	ML/06-regression/ML-067-lasso-sparsity/ML-067-lasso-sparsity.md#5-the-dead-zone
G-1828	Soft voting	ML/08-trees-and-ensembles/ML-097-voting-classifier/ML-097-voting-classifier.md	32-soft-voting	ML/08-trees-and-ensembles/ML-097-voting-classifier/ML-097-voting-classifier.md#32-soft-voting
G-1829	Soft-margin SVM	ML/07-classification/ML-088-svm-soft-margin/ML-088-svm-soft-margin.md	1-overview	ML/07-classification/ML-088-svm-soft-margin/ML-088-svm-soft-margin.md#1-overview
G-1830	Softmax function	ML/07-classification/ML-078-softmax-regression/ML-078-softmax-regression.md	22-the-formula	ML/07-classification/ML-078-softmax-regression/ML-078-softmax-regression.md#22-the-formula
G-1831	Softmax gradient	DL/06-transformers/DL-075-scaled-dot-product-attention/DL-075-scaled-dot-product-attention.md	5-why-a-wide-spread-is-a-problem-the-softmax-saturates	DL/06-transformers/DL-075-scaled-dot-product-attention/DL-075-scaled-dot-product-attention.md#5-why-a-wide-spread-is-a-problem-the-softmax-saturates
G-1832	Softmax output layer	DL/01-basics/DL-012-mnist-ann/DL-012-mnist-ann.md		DL/01-basics/DL-012-mnist-ann/DL-012-mnist-ann.md
G-1833	Softmax regression	ML/07-classification/ML-078-softmax-regression/ML-078-softmax-regression.md	1-overview	ML/07-classification/ML-078-softmax-regression/ML-078-softmax-regression.md#1-overview
G-1834	Softplus	MA/07-optimisation/MA-067-convex-sets-and-functions/MA-067-convex-sets-and-functions.md	41-curving-up-the-slope-keeps-increasing	MA/07-optimisation/MA-067-convex-sets-and-functions/MA-067-convex-sets-and-functions.md#41-curving-up-the-slope-keeps-increasing
G-1835	Software integration	ML/01-foundations/ML-007-challenges-in-ml/ML-007-challenges-in-ml.md		ML/01-foundations/ML-007-challenges-in-ml/ML-007-challenges-in-ml.md
G-1836	Solver	ML/03-feature-engineering/ML-023-standardization/ML-023-standardization.md	8-why-scaling-matters-an-experiment	ML/03-feature-engineering/ML-023-standardization/ML-023-standardization.md#8-why-scaling-matters-an-experiment
G-1837	Spam classifier	ML/01-foundations/ML-001-what-is-ml/ML-001-what-is-ml.md		ML/01-foundations/ML-001-what-is-ml/ML-001-what-is-ml.md
G-1838	Span	MA/05-linear-algebra/MA-052-linear-combinations-span-and-basis/MA-052-linear-combinations-span-and-basis.md	6-span	MA/05-linear-algebra/MA-052-linear-combinations-span-and-basis/MA-052-linear-combinations-span-and-basis.md#6-span
G-1846	Sparse	DL/04-cnn/DL-052-visualizing-cnn/DL-052-visualizing-cnn.md	7-feature-maps-get-sparser-with-depth	DL/04-cnn/DL-052-visualizing-cnn/DL-052-visualizing-cnn.md#7-feature-maps-get-sparser-with-depth
G-1839	Sparse categorical cross-entropy	DL/01-basics/DL-012-mnist-ann/DL-012-mnist-ann.md		DL/01-basics/DL-012-mnist-ann/DL-012-mnist-ann.md
G-1840	Sparse data	ML/03-feature-engineering/ML-024-normalization/ML-024-normalization.md	8-max-abs-scaling	ML/03-feature-engineering/ML-024-normalization/ML-024-normalization.md#8-max-abs-scaling
G-1841	Sparse feature	DL/03-optimizers/DL-036-adagrad/DL-036-adagrad.md	3-when-adagrad-helps	DL/03-optimizers/DL-036-adagrad/DL-036-adagrad.md#3-when-adagrad-helps
G-1842	Sparse interactions	DL/04-cnn/DL-046-cnn-vs-ann/DL-046-cnn-vs-ann.md	4-how-they-are-similar-a-filter-is-a-node	DL/04-cnn/DL-046-cnn-vs-ann/DL-046-cnn-vs-ann.md#4-how-they-are-similar-a-filter-is-a-node
G-1843	Sparse matrix	ML/03-feature-engineering/ML-026-one-hot-encoding/ML-026-one-hot-encoding.md	73-creating-the-encoder	ML/03-feature-engineering/ML-026-one-hot-encoding/ML-026-one-hot-encoding.md#73-creating-the-encoder
G-1844	Sparse model	ML/06-regression/ML-066-lasso-regression/ML-066-lasso-regression.md	4-feature-selection	ML/06-regression/ML-066-lasso-regression/ML-066-lasso-regression.md#4-feature-selection
G-1845	Sparse representation	DL/05-rnn/DL-057-rnn-sentiment-analysis/DL-057-rnn-sentiment-analysis.md	61-sparse-and-dense-representations	DL/05-rnn/DL-057-rnn-sentiment-analysis/DL-057-rnn-sentiment-analysis.md#61-sparse-and-dense-representations
G-1847	sparse_output	ML/03-feature-engineering/ML-026-one-hot-encoding/ML-026-one-hot-encoding.md		ML/03-feature-engineering/ML-026-one-hot-encoding/ML-026-one-hot-encoding.md
G-1849	Sparsity	ML/06-regression/ML-067-lasso-sparsity/ML-067-lasso-sparsity.md	1-overview	ML/06-regression/ML-067-lasso-sparsity/ML-067-lasso-sparsity.md#1-overview
G-1848	Sparsity $S$	DL/06-transformers/DL-090-superposition/DL-090-superposition.md		DL/06-transformers/DL-090-superposition/DL-090-superposition.md
G-1850	Sparsity-aware split finding	ML/08-trees-and-ensembles/ML-117-xgboost-intro/ML-117-xgboost-intro.md	82-sparsity-aware-split-finding	ML/08-trees-and-ensembles/ML-117-xgboost-intro/ML-117-xgboost-intro.md#82-sparsity-aware-split-finding
G-1851	Spatial arrangement	DL/04-cnn/DL-040-cnn-intuition/DL-040-cnn-intuition.md		DL/04-cnn/DL-040-cnn-intuition/DL-040-cnn-intuition.md
G-2209	Specificity	ML/07-classification/ML-076-precision-recall-f1/ML-076-precision-recall-f1.md	32-the-formula	ML/07-classification/ML-076-precision-recall-f1/ML-076-precision-recall-f1.md#32-the-formula
G-1852	Spectral norm	MA/05-linear-algebra/MA-059-low-rank-approximation/MA-059-low-rank-approximation.md	41-measuring-the-size-of-a-matrix	MA/05-linear-algebra/MA-059-low-rank-approximation/MA-059-low-rank-approximation.md#41-measuring-the-size-of-a-matrix
G-1853	splitter	ML/08-trees-and-ensembles/ML-092-decision-tree-hyperparameters/ML-092-decision-tree-hyperparameters.md	42-splitter-best-or-random	ML/08-trees-and-ensembles/ML-092-decision-tree-hyperparameters/ML-092-decision-tree-hyperparameters.md#42-splitter-best-or-random
G-1855	Splitting	ML/08-trees-and-ensembles/ML-091-decision-trees-intuition/ML-091-decision-trees-intuition.md	4-terminology	ML/08-trees-and-ensembles/ML-091-decision-trees-intuition/ML-091-decision-trees-intuition.md#4-terminology
G-1854	Splitting criterion (threshold)	ML/08-trees-and-ensembles/ML-091-decision-trees-intuition/ML-091-decision-trees-intuition.md		ML/08-trees-and-ensembles/ML-091-decision-trees-intuition/ML-091-decision-trees-intuition.md
G-1856	Spyder	ML/01-foundations/ML-011-setup-anaconda-jupyter-colab/ML-011-setup-anaconda-jupyter-colab.md	24-navigator-and-spyder	ML/01-foundations/ML-011-setup-anaconda-jupyter-colab/ML-011-setup-anaconda-jupyter-colab.md#24-navigator-and-spyder
G-1857	SQL (Structured Query Language)	ML/02-getting-data/ML-015-working-with-json-and-sql/ML-015-working-with-json-and-sql.md	3-what-sql-is	ML/02-getting-data/ML-015-working-with-json-and-sql/ML-015-working-with-json-and-sql.md#3-what-sql-is
G-1858	SQLAlchemy	ML/02-getting-data/ML-015-working-with-json-and-sql/ML-015-working-with-json-and-sql.md		ML/02-getting-data/ML-015-working-with-json-and-sql/ML-015-working-with-json-and-sql.md
G-1859	SQLite	ML/02-getting-data/ML-015-working-with-json-and-sql/ML-015-working-with-json-and-sql.md	6-getting-an-sql-database-ready	ML/02-getting-data/ML-015-working-with-json-and-sql/ML-015-working-with-json-and-sql.md#6-getting-an-sql-database-ready
G-1860	Square root transform	ML/03-feature-engineering/ML-029-function-transformer/ML-029-function-transformer.md	63-square-root-transform	ML/03-feature-engineering/ML-029-function-transformer/ML-029-function-transformer.md#63-square-root-transform
G-1861	Square transform	ML/03-feature-engineering/ML-029-function-transformer/ML-029-function-transformer.md	62-square-transform	ML/03-feature-engineering/ML-029-function-transformer/ML-029-function-transformer.md#62-square-transform
G-1862	Square-root rule	ML/07-classification/ML-085-knn/ML-085-knn.md		ML/07-classification/ML-085-knn/ML-085-knn.md
G-1863	Squared loss (L2 loss)	DL/01-basics/DL-014-dl-loss-functions/DL-014-dl-loss-functions.md		DL/01-basics/DL-014-dl-loss-functions/DL-014-dl-loss-functions.md
G-1864	squared_error	ML/08-trees-and-ensembles/ML-093-regression-trees/ML-093-regression-trees.md	43-trying-every-threshold	ML/08-trees-and-ensembles/ML-093-regression-trees/ML-093-regression-trees.md#43-trying-every-threshold
G-1865	Stacked (deep) LSTM	DL/06-transformers/DL-068-encoder-decoder/DL-068-encoder-decoder.md	82-deep-stacked-lstms	DL/06-transformers/DL-068-encoder-decoder/DL-068-encoder-decoder.md#82-deep-stacked-lstms
G-1866	Stacking	ML/08-trees-and-ensembles/ML-121-stacking-blending/ML-121-stacking-blending.md	1-overview	ML/08-trees-and-ensembles/ML-121-stacking-blending/ML-121-stacking-blending.md#1-overview
G-1867	Stage-wise additive model	ML/08-trees-and-ensembles/ML-109-adaboost-intuition/ML-109-adaboost-intuition.md		ML/08-trees-and-ensembles/ML-109-adaboost-intuition/ML-109-adaboost-intuition.md
G-1868	staged_score	ML/08-trees-and-ensembles/ML-112-adaboost-hyperparameters/ML-112-adaboost-hyperparameters.md	43-the-trade-off-with-nestimators	ML/08-trees-and-ensembles/ML-112-adaboost-hyperparameters/ML-112-adaboost-hyperparameters.md#43-the-trade-off-with-nestimators
G-1869	Standard basis ($\hat{\imath}$, $\hat{\jmath}$)	MA/05-linear-algebra/MA-052-linear-combinations-span-and-basis/MA-052-linear-combinations-span-and-basis.md	4-coordinates-are-scalars-basis-vectors	MA/05-linear-algebra/MA-052-linear-combinations-span-and-basis/MA-052-linear-combinations-span-and-basis.md#4-coordinates-are-scalars-basis-vectors
G-1871	Standard deviation	ML/02-getting-data/ML-018-understanding-your-data/ML-018-understanding-your-data.md	71-count-mean-standard-deviation-minimum-and-maximum	ML/02-getting-data/ML-018-understanding-your-data/ML-018-understanding-your-data.md#71-count-mean-standard-deviation-minimum-and-maximum
G-1870	Standard deviation of a random variable	MA/02-probability/MA-012-expected-value-and-variance/MA-012-expected-value-and-variance.md	41-variance-term-by-term	MA/02-probability/MA-012-expected-value-and-variance/MA-012-expected-value-and-variance.md#41-variance-term-by-term
G-1872	Standard error	MA/04-inference/MA-033-sampling-distribution-and-clt/MA-033-sampling-distribution-and-clt.md	42-mean-and-variance-of-the-sample-means	MA/04-inference/MA-033-sampling-distribution-and-clt/MA-033-sampling-distribution-and-clt.md#42-mean-and-variance-of-the-sample-means
G-1873	Standard normal distribution	MA/03-distributions/MA-025-standard-normal-and-z-table/MA-025-standard-normal-and-z-table.md	2-the-standard-normal-distribution	MA/03-distributions/MA-025-standard-normal-and-z-table/MA-025-standard-normal-and-z-table.md#2-the-standard-normal-distribution
G-1874	Standardization	ML/01-foundations/ML-012-toy-project/ML-012-toy-project.md		ML/01-foundations/ML-012-toy-project/ML-012-toy-project.md
G-1875	standardize	ML/03-feature-engineering/ML-030-power-transformer/ML-030-power-transformer.md		ML/03-feature-engineering/ML-030-power-transformer/ML-030-power-transformer.md
G-1876	StandardScaler	ML/03-feature-engineering/ML-023-standardization/ML-023-standardization.md	63-fit-on-the-training-set-transform-both	ML/03-feature-engineering/ML-023-standardization/ML-023-standardization.md#63-fit-on-the-training-set-transform-both
G-1877	Static embedding	DL/06-transformers/DL-073-what-is-self-attention/DL-073-what-is-self-attention.md	1-overview	DL/06-transformers/DL-073-what-is-self-attention/DL-073-what-is-self-attention.md#1-overview
G-1878	Static model	ML/01-foundations/ML-004-batch-learning/ML-004-batch-learning.md		ML/01-foundations/ML-004-batch-learning/ML-004-batch-learning.md
G-1879	Stationary point	MA/07-optimisation/MA-065-convex-and-non-convex-cost-functions/MA-065-convex-and-non-convex-cost-functions.md	32-why-convexity-matters-one-minimum	MA/07-optimisation/MA-065-convex-and-non-convex-cost-functions/MA-065-convex-and-non-convex-cost-functions.md#32-why-convexity-matters-one-minimum
G-1880	Statistic	MA/01-descriptive-stats/MA-004-what-is-statistics/MA-004-what-is-statistics.md	42-parameters-and-statistics	MA/01-descriptive-stats/MA-004-what-is-statistics/MA-004-what-is-statistics.md#42-parameters-and-statistics
G-1881	Statistical hypothesis test	MA/04-inference/MA-038-null-and-alternative-hypotheses/MA-038-null-and-alternative-hypotheses.md	23-definition	MA/04-inference/MA-038-null-and-alternative-hypotheses/MA-038-null-and-alternative-hypotheses.md#23-definition
G-1882	Statistical moments	MA/03-distributions/MA-028-kurtosis-and-qq-plots/MA-028-kurtosis-and-qq-plots.md	21-statistical-moments	MA/03-distributions/MA-028-kurtosis-and-qq-plots/MA-028-kurtosis-and-qq-plots.md#21-statistical-moments
G-1884	Statistics	MA/01-descriptive-stats/MA-004-what-is-statistics/MA-004-what-is-statistics.md	2-what-statistics-is	MA/01-descriptive-stats/MA-004-what-is-statistics/MA-004-what-is-statistics.md#2-what-statistics-is
G-1885	statsmodels	ML/06-regression/ML-055-linear-regression-assumptions/ML-055-linear-regression-assumptions.md		ML/06-regression/ML-055-linear-regression-assumptions/ML-055-linear-regression-assumptions.md
G-1886	Status code	ML/02-getting-data/ML-016-fetching-data-from-api/ML-016-fetching-data-from-api.md	6-fetching-one-page-in-python	ML/02-getting-data/ML-016-fetching-data-from-api/ML-016-fetching-data-from-api.md#6-fetching-one-page-in-python
G-1887	Status quo	MA/04-inference/MA-038-null-and-alternative-hypotheses/MA-038-null-and-alternative-hypotheses.md	4-the-alternative-hypothesis	MA/04-inference/MA-038-null-and-alternative-hypotheses/MA-038-null-and-alternative-hypotheses.md#4-the-alternative-hypothesis
G-1888	Steepest ascent	MA/06-calculus/MA-062-partial-derivatives-and-gradients/MA-062-partial-derivatives-and-gradients.md	43-the-slope-in-any-direction	MA/06-calculus/MA-062-partial-derivatives-and-gradients/MA-062-partial-derivatives-and-gradients.md#43-the-slope-in-any-direction
G-1889	Step function	ML/07-classification/ML-069-perceptron-trick/ML-069-perceptron-trick.md	72-predicting	ML/07-classification/ML-069-perceptron-trick/ML-069-perceptron-trick.md#72-predicting
G-1893	Stochastic	ML/06-regression/ML-058-stochastic-gradient-descent/ML-058-stochastic-gradient-descent.md	3-how-stochastic-gradient-descent-works	ML/06-regression/ML-058-stochastic-gradient-descent/ML-058-stochastic-gradient-descent.md#3-how-stochastic-gradient-descent-works
G-1891	Stochastic error	ML/06-regression/ML-049-simple-linear-regression/ML-049-simple-linear-regression.md	33-why-real-data-is-not-on-a-line	ML/06-regression/ML-049-simple-linear-regression/ML-049-simple-linear-regression.md#33-why-real-data-is-not-on-a-line
G-1892	Stochastic gradient descent (SGD)	ML/06-regression/ML-057-batch-gradient-descent/ML-057-batch-gradient-descent.md	1-overview	ML/06-regression/ML-057-batch-gradient-descent/ML-057-batch-gradient-descent.md#1-overview
G-1894	Stopping rule	DL/01-basics/DL-005-perceptron-trick/DL-005-perceptron-trick.md	6-when-to-stop	DL/01-basics/DL-005-perceptron-trick/DL-005-perceptron-trick.md#6-when-to-stop
G-1895	str dtype	ML/03-feature-engineering/ML-032-mixed-variables/ML-032-mixed-variables.md		ML/03-feature-engineering/ML-032-mixed-variables/ML-032-mixed-variables.md
G-1896	str.extract	ML/03-feature-engineering/ML-032-mixed-variables/ML-032-mixed-variables.md		ML/03-feature-engineering/ML-032-mixed-variables/ML-032-mixed-variables.md
G-1897	Strength of a relationship	MA/01-descriptive-stats/MA-009-covariance-and-correlation/MA-009-covariance-and-correlation.md		MA/01-descriptive-stats/MA-009-covariance-and-correlation/MA-009-covariance-and-correlation.md
G-1898	Strength of evidence	MA/04-inference/MA-039-rejection-region-and-z-test/MA-039-rejection-region-and-z-test.md	11-the-weakness-of-the-rejection-region-approach	MA/04-inference/MA-039-rejection-region-and-z-test/MA-039-rejection-region-and-z-test.md#11-the-weakness-of-the-rejection-region-approach
G-1899	Strictly convex function	MA/07-optimisation/MA-065-convex-and-non-convex-cost-functions/MA-065-convex-and-non-convex-cost-functions.md	31-the-definition-as-a-formula	MA/07-optimisation/MA-065-convex-and-non-convex-cost-functions/MA-065-convex-and-non-convex-cost-functions.md#31-the-definition-as-a-formula
G-1900	Stride	DL/04-cnn/DL-043-padding-and-strides/DL-043-padding-and-strides.md	1-overview	DL/04-cnn/DL-043-padding-and-strides/DL-043-padding-and-strides.md#1-overview
G-1901	Strided convolution	DL/04-cnn/DL-043-padding-and-strides/DL-043-padding-and-strides.md	51-what-a-stride-is	DL/04-cnn/DL-043-padding-and-strides/DL-043-padding-and-strides.md#51-what-a-stride-is
G-1902	Strike rate	ML/05-dimensionality/ML-044-feature-construction-splitting/ML-044-feature-construction-splitting.md	4-constructing-features-in-other-data	ML/05-dimensionality/ML-044-feature-construction-splitting/ML-044-feature-construction-splitting.md#4-constructing-features-in-other-data
G-1903	Strong duality	MA/07-optimisation/MA-066-lagrange-multipliers/MA-066-lagrange-multipliers.md	62-weak-and-strong-duality	MA/07-optimisation/MA-066-lagrange-multipliers/MA-066-lagrange-multipliers.md#62-weak-and-strong-duality
G-1904	Strong learner	ML/08-trees-and-ensembles/ML-109-adaboost-intuition/ML-109-adaboost-intuition.md	21-weak-learners	ML/08-trees-and-ensembles/ML-109-adaboost-intuition/ML-109-adaboost-intuition.md#21-weak-learners
G-1905	Structure score	ML/08-trees-and-ensembles/ML-120-xgboost-maths/ML-120-xgboost-maths.md	13-the-best-objective-and-the-similarity-score	ML/08-trees-and-ensembles/ML-120-xgboost-maths/ML-120-xgboost-maths.md#13-the-best-objective-and-the-similarity-score
G-1906	Student's t-distribution	MA/04-inference/MA-037-t-procedure/MA-037-t-procedure.md	5-students-t-distribution	MA/04-inference/MA-037-t-procedure/MA-037-t-procedure.md#5-students-t-distribution
G-1907	Study	ML/09-clustering-and-more/ML-128-optuna/ML-128-optuna.md	4-optunas-vocabulary	ML/09-clustering-and-more/ML-128-optuna/ML-128-optuna.md#4-optunas-vocabulary
G-1908	Sub-layer	DL/06-transformers/DL-081-transformer-encoder/DL-081-transformer-encoder.md	1-overview	DL/06-transformers/DL-081-transformer-encoder/DL-081-transformer-encoder.md#1-overview
G-1909	Sub-network	DL/02-training/DL-024-dropout/DL-024-dropout.md	41-switching-nodes-off	DL/02-training/DL-024-dropout/DL-024-dropout.md#41-switching-nodes-off
G-1910	Subgradient	DL/01-basics/DL-006-perceptron-loss/DL-006-perceptron-loss.md	71-the-derivatives	DL/01-basics/DL-006-perceptron-loss/DL-006-perceptron-loss.md#71-the-derivatives
G-1911	Subscription	ML/01-foundations/ML-013-framing-ml-problem/ML-013-framing-ml-problem.md		ML/01-foundations/ML-013-framing-ml-problem/ML-013-framing-ml-problem.md
G-1914	Sum of squares (SST, SSB, SSW)	MA/04-inference/MA-046-one-way-anova/MA-046-one-way-anova.md	3-splitting-the-variation	MA/04-inference/MA-046-one-way-anova/MA-046-one-way-anova.md#3-splitting-the-variation
G-1915	Summation ($z$)	DL/01-basics/DL-004-perceptron/DL-004-perceptron.md	32-the-summation	DL/01-basics/DL-004-perceptron/DL-004-perceptron.md#32-the-summation
G-1917	Superposition	DL/06-transformers/DL-090-superposition/DL-090-superposition.md		DL/06-transformers/DL-090-superposition/DL-090-superposition.md
G-1916	Superposition hypothesis	DL/06-transformers/DL-090-superposition/DL-090-superposition.md	1-overview	DL/06-transformers/DL-090-superposition/DL-090-superposition.md#1-overview
G-1918	Supervised binning	ML/03-feature-engineering/ML-031-binning-binarization/ML-031-binning-binarization.md	4-kinds-of-discretization	ML/03-feature-engineering/ML-031-binning-binarization/ML-031-binning-binarization.md#4-kinds-of-discretization
G-1919	Supervised learning	ML/01-foundations/ML-003-types-of-ml/ML-003-types-of-ml.md	21-learning-from-inputs-and-outputs	ML/01-foundations/ML-003-types-of-ml/ML-003-types-of-ml.md#21-learning-from-inputs-and-outputs
G-1920	Supervision	ML/01-foundations/ML-003-types-of-ml/ML-003-types-of-ml.md	1-overview	ML/01-foundations/ML-003-types-of-ml/ML-003-types-of-ml.md#1-overview
G-1924	Support	ML/07-classification/ML-076-precision-recall-f1/ML-076-precision-recall-f1.md	61-per-class	ML/07-classification/ML-076-precision-recall-f1/ML-076-precision-recall-f1.md#61-per-class
G-1921	Support vector machine (SVM)	ML/07-classification/ML-086-svm-intuition/ML-086-svm-intuition.md	1-overview	ML/07-classification/ML-086-svm-intuition/ML-086-svm-intuition.md#1-overview
G-1922	Support vector regression (SVR)	ML/07-classification/ML-086-svm-intuition/ML-086-svm-intuition.md		ML/07-classification/ML-086-svm-intuition/ML-086-svm-intuition.md
G-1923	Support vectors	ML/07-classification/ML-086-svm-intuition/ML-086-svm-intuition.md	6-support-vectors	ML/07-classification/ML-086-svm-intuition/ML-086-svm-intuition.md#6-support-vectors
G-1925	Sure (certain) event	MA/02-probability/MA-010-events-and-types-of-events/MA-010-events-and-types-of-events.md	47-impossible-and-sure-events	MA/02-probability/MA-010-events-and-types-of-events/MA-010-events-and-types-of-events.md#47-impossible-and-sure-events
G-1926	Surge pricing	ML/01-foundations/ML-008-applications-of-ml/ML-008-applications-of-ml.md	51-surge-pricing	ML/01-foundations/ML-008-applications-of-ml/ML-008-applications-of-ml.md#51-surge-pricing
G-2221	Surprise	ML/08-trees-and-ensembles/ML-091-decision-trees-intuition/ML-091-decision-trees-intuition.md	62-the-formula	ML/08-trees-and-ensembles/ML-091-decision-trees-intuition/ML-091-decision-trees-intuition.md#62-the-formula
G-1927	Surrogate model	ML/09-clustering-and-more/ML-128-optuna/ML-128-optuna.md	33-informed-search-versus-blind-search	ML/09-clustering-and-more/ML-128-optuna/ML-128-optuna.md#33-informed-search-versus-blind-search
G-1928	Survival function	MA/03-distributions/MA-031-bernoulli-and-binomial/MA-031-bernoulli-and-binomial.md	5-the-binomial-formula	MA/03-distributions/MA-031-bernoulli-and-binomial/MA-031-bernoulli-and-binomial.md#5-the-binomial-formula
G-1930	Switches	DL/04-cnn/DL-048-backpropagation-cnn-layers/DL-048-backpropagation-cnn-layers.md	6-back-through-max-pooling-route-to-the-maximum	DL/04-cnn/DL-048-backpropagation-cnn-layers/DL-048-backpropagation-cnn-layers.md#6-back-through-max-pooling-route-to-the-maximum
G-1931	Symbolic AI	ML/01-foundations/ML-002-ai-vs-ml-vs-dl/ML-002-ai-vs-ml-vs-dl.md	3-symbolic-ai-and-expert-systems	ML/01-foundations/ML-002-ai-vs-ml-vs-dl/ML-002-ai-vs-ml-vs-dl.md#3-symbolic-ai-and-expert-systems
G-1932	Symmetric matrix	MA/05-linear-algebra/MA-057-svd-geometry/MA-057-svd-geometry.md	7-svd-and-eigen-decomposition-compared	MA/05-linear-algebra/MA-057-svd-geometry/MA-057-svd-geometry.md#7-svd-and-eigen-decomposition-compared
G-1933	Symmetry problem	DL/02-training/DL-029-weight-initialization/DL-029-weight-initialization.md		DL/02-training/DL-029-weight-initialization/DL-029-weight-initialization.md
G-1934	Synthetic data	ML/09-clustering-and-more/ML-127-imbalanced-data/ML-127-imbalanced-data.md		ML/09-clustering-and-more/ML-127-imbalanced-data/ML-127-imbalanced-data.md
G-1935	System prompt	DL/06-transformers/DL-087-decoder-only-gpt/DL-087-decoder-only-gpt.md	74-generation-predict-pick-append-repeat	DL/06-transformers/DL-087-decoder-only-gpt/DL-087-decoder-only-gpt.md#74-generation-predict-pick-append-repeat
G-1936	T critical value	MA/04-inference/MA-037-t-procedure/MA-037-t-procedure.md		MA/04-inference/MA-037-t-procedure/MA-037-t-procedure.md
G-1937	T statistic	MA/04-inference/MA-042-one-sample-t-test/MA-042-one-sample-t-test.md	41-the-t-statistic-step-by-step	MA/04-inference/MA-042-one-sample-t-test/MA-042-one-sample-t-test.md#41-the-t-statistic-step-by-step
G-1938	T-procedure	MA/04-inference/MA-037-t-procedure/MA-037-t-procedure.md	1-overview	MA/04-inference/MA-037-t-procedure/MA-037-t-procedure.md#1-overview
G-1939	T-table	MA/04-inference/MA-037-t-procedure/MA-037-t-procedure.md		MA/04-inference/MA-037-t-procedure/MA-037-t-procedure.md
G-1940	T-test	MA/04-inference/MA-042-one-sample-t-test/MA-042-one-sample-t-test.md	1-overview	MA/04-inference/MA-042-one-sample-t-test/MA-042-one-sample-t-test.md#1-overview
G-1941	Tag	ML/02-getting-data/ML-017-web-scraping/ML-017-web-scraping.md	4-html-tags-classes-and-nesting	ML/02-getting-data/ML-017-web-scraping/ML-017-web-scraping.md#4-html-tags-classes-and-nesting
G-1942	Tail (of a distribution)	MA/03-distributions/MA-024-normal-distribution/MA-024-normal-distribution.md		MA/03-distributions/MA-024-normal-distribution/MA-024-normal-distribution.md
G-1943	Tail event	MA/03-distributions/MA-026-skewness/MA-026-skewness.md	3-the-tail-and-tail-events	MA/03-distributions/MA-026-skewness/MA-026-skewness.md#3-the-tail-and-tail-events
G-1944	Tailedness	MA/03-distributions/MA-028-kurtosis-and-qq-plots/MA-028-kurtosis-and-qq-plots.md	3-kurtosis-a-measure-of-tailedness	MA/03-distributions/MA-028-kurtosis-and-qq-plots/MA-028-kurtosis-and-qq-plots.md#3-kurtosis-a-measure-of-tailedness
G-1945	Tangent line	MA/06-calculus/MA-061-derivatives-of-one-variable/MA-061-derivatives-of-one-variable.md	1-overview	MA/06-calculus/MA-061-derivatives-of-one-variable/MA-061-derivatives-of-one-variable.md#1-overview
G-1946	Tangent plane	MA/06-calculus/MA-064-hessian-and-multivariate-taylor/MA-064-hessian-and-multivariate-taylor.md	1-overview	MA/06-calculus/MA-064-hessian-and-multivariate-taylor/MA-064-hessian-and-multivariate-taylor.md#1-overview
G-1947	Tanh (hyperbolic tangent)	DL/02-training/DL-027-activation-functions/DL-027-activation-functions.md	3-what-an-activation-function-is	DL/02-training/DL-027-activation-functions/DL-027-activation-functions.md#3-what-an-activation-function-is
G-1949	Target	DL/02-training/DL-027-activation-functions/DL-027-activation-functions.md	41-an-experiment-linear-activations-on-circles	DL/02-training/DL-027-activation-functions/DL-027-activation-functions.md#41-an-experiment-linear-activations-on-circles
G-2185	Target encoding	ML/03-feature-engineering/ML-026-one-hot-encoding/ML-026-one-hot-encoding.md	4-columns-with-many-categories	ML/03-feature-engineering/ML-026-one-hot-encoding/ML-026-one-hot-encoding.md#4-columns-with-many-categories
G-1948	Target leakage	ML/06-regression/ML-051-regression-metrics/ML-051-regression-metrics.md	72-the-formula	ML/06-regression/ML-051-regression-metrics/ML-051-regression-metrics.md#72-the-formula
G-1951	Targeted marketing	ML/01-foundations/ML-008-applications-of-ml/ML-008-applications-of-ml.md	32-customer-profiles-for-targeted-marketing	ML/01-foundations/ML-008-applications-of-ml/ML-008-applications-of-ml.md#32-customer-profiles-for-targeted-marketing
G-1952	Task-specific contextual embedding	DL/06-transformers/DL-074-self-attention-step-by-step/DL-074-self-attention-step-by-step.md	6-the-problem-nothing-to-learn	DL/06-transformers/DL-074-self-attention-step-by-step/DL-074-self-attention-step-by-step.md#6-the-problem-nothing-to-learn
G-1953	Taylor polynomial	MA/06-calculus/MA-061-derivatives-of-one-variable/MA-061-derivatives-of-one-variable.md	62-the-taylor-polynomial-of-degree-n	MA/06-calculus/MA-061-derivatives-of-one-variable/MA-061-derivatives-of-one-variable.md#62-the-taylor-polynomial-of-degree-n
G-1954	Taylor series	ML/08-trees-and-ensembles/ML-120-xgboost-maths/ML-120-xgboost-maths.md	7-the-taylor-series	ML/08-trees-and-ensembles/ML-120-xgboost-maths/ML-120-xgboost-maths.md#7-the-taylor-series
G-1955	Teacher forcing	DL/06-transformers/DL-068-encoder-decoder/DL-068-encoder-decoder.md	52-the-forward-pass-and-teacher-forcing	DL/06-transformers/DL-068-encoder-decoder/DL-068-encoder-decoder.md#52-the-forward-pass-and-teacher-forcing
G-1956	Temperature $T$	DL/06-transformers/DL-088-unembedding-and-sampling/DL-088-unembedding-and-sampling.md	1-overview	DL/06-transformers/DL-088-unembedding-and-sampling/DL-088-unembedding-and-sampling.md#1-overview
G-1957	Tensor	ML/01-foundations/ML-010-tensors/ML-010-tensors.md	2-what-a-tensor-is	ML/01-foundations/ML-010-tensors/ML-010-tensors.md#2-what-a-tensor-is
G-1959	TensorFlow	DL/01-basics/DL-001-dl-scope-and-prerequisites/DL-001-dl-scope-and-prerequisites.md	23-the-software	DL/01-basics/DL-001-dl-scope-and-prerequisites/DL-001-dl-scope-and-prerequisites.md#23-the-software
G-1958	TensorFlow Playground	DL/01-basics/DL-007-problem-with-perceptron/DL-007-problem-with-perceptron.md	5-the-same-failure-on-larger-data	DL/01-basics/DL-007-problem-with-perceptron/DL-007-problem-with-perceptron.md#5-the-same-failure-on-larger-data
G-1960	Terminal region	ML/08-trees-and-ensembles/ML-115-gradient-boosting-regression-maths/ML-115-gradient-boosting-regression-maths.md	7-step-2b-fit-a-tree-it-creates-terminal-regions	ML/08-trees-and-ensembles/ML-115-gradient-boosting-regression-maths/ML-115-gradient-boosting-regression-maths.md#7-step-2b-fit-a-tree-it-creates-terminal-regions
G-1961	Terminal velocity	DL/03-optimizers/DL-034-sgd-with-momentum/DL-034-sgd-with-momentum.md	6-the-update-rule	DL/03-optimizers/DL-034-sgd-with-momentum/DL-034-sgd-with-momentum.md#6-the-update-rule
G-2211	Test accuracy	ML/07-classification/ML-079-polynomial-logistic-regression/ML-079-polynomial-logistic-regression.md	3-an-example-two-half-moons	ML/07-classification/ML-079-polynomial-logistic-regression/ML-079-polynomial-logistic-regression.md#3-an-example-two-half-moons
G-1962	Test set	ML/01-foundations/ML-012-toy-project/ML-012-toy-project.md	6-training-and-test-sets	ML/01-foundations/ML-012-toy-project/ML-012-toy-project.md#6-training-and-test-sets
G-1963	Test statistic	MA/04-inference/MA-038-null-and-alternative-hypotheses/MA-038-null-and-alternative-hypotheses.md	6-the-eight-steps-of-a-hypothesis-test	MA/04-inference/MA-038-null-and-alternative-hypotheses/MA-038-null-and-alternative-hypotheses.md#6-the-eight-steps-of-a-hypothesis-test
G-1964	Text generator	DL/05-rnn/DL-063-lstm-next-word-prediction/DL-063-lstm-next-word-prediction.md	1-overview	DL/05-rnn/DL-063-lstm-next-word-prediction/DL-063-lstm-next-word-prediction.md#1-overview
G-1966	Theoretical (classical) probability	MA/02-probability/MA-011-empirical-and-theoretical-probability/MA-011-empirical-and-theoretical-probability.md	1-overview	MA/02-probability/MA-011-empirical-and-theoretical-probability/MA-011-empirical-and-theoretical-probability.md#1-overview
G-1967	Theoretical distribution	MA/03-distributions/MA-028-kurtosis-and-qq-plots/MA-028-kurtosis-and-qq-plots.md		MA/03-distributions/MA-028-kurtosis-and-qq-plots/MA-028-kurtosis-and-qq-plots.md
G-1968	Theoretical quantile	ML/03-feature-engineering/ML-029-function-transformer/ML-029-function-transformer.md		ML/03-feature-engineering/ML-029-function-transformer/ML-029-function-transformer.md
G-1969	Thin (reduced) SVD	MA/05-linear-algebra/MA-057-svd-geometry/MA-057-svd-geometry.md	62-the-thin-reduced-svd	MA/05-linear-algebra/MA-057-svd-geometry/MA-057-svd-geometry.md#62-the-thin-reduced-svd
G-1971	Threshold (binarization)	ML/03-feature-engineering/ML-031-binning-binarization/ML-031-binning-binarization.md	12-binarization	ML/03-feature-engineering/ML-031-binning-binarization/ML-031-binning-binarization.md#12-binarization
G-1970	Threshold (classification)	DL/01-basics/DL-011-customer-churn-ann/DL-011-customer-churn-ann.md	61-from-probabilities-to-classes	DL/01-basics/DL-011-customer-churn-ann/DL-011-customer-churn-ann.md#61-from-probabilities-to-classes
G-2261	Threshold (of a perceptron)	DL/01-basics/DL-004-perceptron/DL-004-perceptron.md	34-the-bias-as-a-threshold	DL/01-basics/DL-004-perceptron/DL-004-perceptron.md#34-the-bias-as-a-threshold
G-1972	Tidy data	ML/05-dimensionality/ML-044-feature-construction-splitting/ML-044-feature-construction-splitting.md	51-tidy-data	ML/05-dimensionality/ML-044-feature-construction-splitting/ML-044-feature-construction-splitting.md#51-tidy-data
G-1973	Tied weights	DL/06-transformers/DL-087-decoder-only-gpt/DL-087-decoder-only-gpt.md		DL/06-transformers/DL-087-decoder-only-gpt/DL-087-decoder-only-gpt.md
G-1974	Time axis and depth axis	DL/05-rnn/DL-065-deep-rnns/DL-065-deep-rnns.md	5-notation-time-axis-and-depth-axis	DL/05-rnn/DL-065-deep-rnns/DL-065-deep-rnns.md#5-notation-time-axis-and-depth-axis
G-1975	Time series	ML/01-foundations/ML-010-tensors/ML-010-tensors.md	63-3d-time-series	ML/01-foundations/ML-010-tensors/ML-010-tensors.md#63-3d-time-series
G-1976	Time step	DL/05-rnn/DL-056-rnn-forward-propagation/DL-056-rnn-forward-propagation.md	32-time-steps	DL/05-rnn/DL-056-rnn-forward-propagation/DL-056-rnn-forward-propagation.md#32-time-steps
G-1977	Timedelta	ML/03-feature-engineering/ML-033-date-and-time/ML-033-date-and-time.md	62-the-timedelta	ML/03-feature-engineering/ML-033-date-and-time/ML-033-date-and-time.md#62-the-timedelta
G-1978	Timestamp	ML/03-feature-engineering/ML-033-date-and-time/ML-033-date-and-time.md	61-fixing-today	ML/03-feature-engineering/ML-033-date-and-time/ML-033-date-and-time.md#61-fixing-today
G-1979	Title	ML/05-dimensionality/ML-044-feature-construction-splitting/ML-044-feature-construction-splitting.md	52-splitting-a-feature	ML/05-dimensionality/ML-044-feature-construction-splitting/ML-044-feature-construction-splitting.md#52-splitting-a-feature
G-1981	Token	DL/06-transformers/DL-068-encoder-decoder/DL-068-encoder-decoder.md	4-the-architecture	DL/06-transformers/DL-068-encoder-decoder/DL-068-encoder-decoder.md#4-the-architecture
G-1980	Token embedding matrix $W_E$	DL/06-transformers/DL-087-decoder-only-gpt/DL-087-decoder-only-gpt.md	5-from-tokens-to-vectors-token-and-position-embeddings	DL/06-transformers/DL-087-decoder-only-gpt/DL-087-decoder-only-gpt.md#5-from-tokens-to-vectors-token-and-position-embeddings
G-1983	Tokenisation (tokenization)	DL/06-transformers/DL-081-transformer-encoder/DL-081-transformer-encoder.md		DL/06-transformers/DL-081-transformer-encoder/DL-081-transformer-encoder.md
G-1988	Top	DL/04-cnn/DL-053-transfer-learning/DL-053-transfer-learning.md	41-base-and-top	DL/04-cnn/DL-053-transfer-learning/DL-053-transfer-learning.md#41-base-and-top
G-1985	Top $k$ sampling	DL/06-transformers/DL-088-unembedding-and-sampling/DL-088-unembedding-and-sampling.md	62-sampling-at-different-temperatures	DL/06-transformers/DL-088-unembedding-and-sampling/DL-088-unembedding-and-sampling.md#62-sampling-at-different-temperatures
G-1986	Top activations	DL/04-cnn/DL-052-visualizing-cnn/DL-052-visualizing-cnn.md		DL/04-cnn/DL-052-visualizing-cnn/DL-052-visualizing-cnn.md
G-1987	Top categories	ML/03-feature-engineering/ML-026-one-hot-encoding/ML-026-one-hot-encoding.md		ML/03-feature-engineering/ML-026-one-hot-encoding/ML-026-one-hot-encoding.md
G-1989	Top-1 error	DL/04-cnn/DL-051-pretrained-models/DL-051-pretrained-models.md	51-the-competition	DL/04-cnn/DL-051-pretrained-models/DL-051-pretrained-models.md#51-the-competition
G-1990	Top-5 error	DL/04-cnn/DL-051-pretrained-models/DL-051-pretrained-models.md	51-the-competition	DL/04-cnn/DL-051-pretrained-models/DL-051-pretrained-models.md#51-the-competition
G-1991	Topology	DL/04-cnn/DL-054-keras-functional-api/DL-054-keras-functional-api.md	1-overview	DL/04-cnn/DL-054-keras-functional-api/DL-054-keras-functional-api.md#1-overview
G-1992	Total responsibility $N_k$	MA/08-likelihood/MA-073-gaussian-mixture-models/MA-073-gaussian-mixture-models.md	41-score-the-points-the-e-step	MA/08-likelihood/MA-073-gaussian-mixture-models/MA-073-gaussian-mixture-models.md#41-score-the-points-the-e-step
G-1993	Total sum of squares	ML/06-regression/ML-051-regression-metrics/ML-051-regression-metrics.md		ML/06-regression/ML-051-regression-metrics/ML-051-regression-metrics.md
G-1994	Toy model of superposition	DL/06-transformers/DL-090-superposition/DL-090-superposition.md		DL/06-transformers/DL-090-superposition/DL-090-superposition.md
G-1995	TPE	ML/09-clustering-and-more/ML-128-optuna/ML-128-optuna.md	4-optunas-vocabulary	ML/09-clustering-and-more/ML-128-optuna/ML-128-optuna.md#4-optunas-vocabulary
G-1996	TPU	ML/01-foundations/ML-011-setup-anaconda-jupyter-colab/ML-011-setup-anaconda-jupyter-colab.md	6-kaggle-notebooks	ML/01-foundations/ML-011-setup-anaconda-jupyter-colab/ML-011-setup-anaconda-jupyter-colab.md#6-kaggle-notebooks
G-1998	Train-test split	ML/01-foundations/ML-012-toy-project/ML-012-toy-project.md		ML/01-foundations/ML-012-toy-project/ML-012-toy-project.md
G-2000	Training (a perceptron)	DL/01-basics/DL-005-perceptron-trick/DL-005-perceptron-trick.md		DL/01-basics/DL-005-perceptron-trick/DL-005-perceptron-trick.md
G-1255	Training (model training)	ML/01-foundations/ML-009-mldlc/ML-009-mldlc.md	81-training-many-algorithms	ML/01-foundations/ML-009-mldlc/ML-009-mldlc.md#81-training-many-algorithms
G-2001	Training curves (learning curves)	DL/01-basics/DL-011-customer-churn-ann/DL-011-customer-churn-ann.md	8-training-curves	DL/01-basics/DL-011-customer-churn-ann/DL-011-customer-churn-ann.md#8-training-curves
G-2002	Training set	ML/01-foundations/ML-012-toy-project/ML-012-toy-project.md	6-training-and-test-sets	ML/01-foundations/ML-012-toy-project/ML-012-toy-project.md#6-training-and-test-sets
G-2004	Transfer function	DL/02-training/DL-027-activation-functions/DL-027-activation-functions.md	3-what-an-activation-function-is	DL/02-training/DL-027-activation-functions/DL-027-activation-functions.md#3-what-an-activation-function-is
G-2005	Transfer learning	DL/01-basics/DL-002-what-is-deep-learning/DL-002-what-is-deep-learning.md	54-architectures-and-transfer-learning	DL/01-basics/DL-002-what-is-deep-learning/DL-002-what-is-deep-learning.md#54-architectures-and-transfer-learning
G-2006	Transformation	MA/05-linear-algebra/MA-053-linear-transformations-and-matrices/MA-053-linear-transformations-and-matrices.md	2-transformations-functions-that-move-vectors	MA/05-linear-algebra/MA-053-linear-transformations-and-matrices/MA-053-linear-transformations-and-matrices.md#2-transformations-functions-that-move-vectors
G-2007	Transformer	DL/06-transformers/DL-067-history-of-llms/DL-067-history-of-llms.md	1-overview	DL/06-transformers/DL-067-history-of-llms/DL-067-history-of-llms.md#1-overview
G-2008	transformers	ML/03-feature-engineering/ML-027-column-transformer/ML-027-column-transformer.md		ML/03-feature-engineering/ML-027-column-transformer/ML-027-column-transformer.md
G-2009	transformers_	ML/03-feature-engineering/ML-028-pipelines/ML-028-pipelines.md	72-pulling-out-fitted-steps	ML/03-feature-engineering/ML-028-pipelines/ML-028-pipelines.md#72-pulling-out-fitted-steps
G-2010	Translation equivariance	DL/04-cnn/DL-044-pooling/DL-044-pooling.md		DL/04-cnn/DL-044-pooling/DL-044-pooling.md
G-2011	Translation invariance	DL/04-cnn/DL-044-pooling/DL-044-pooling.md	32-features-tied-to-their-location	DL/04-cnn/DL-044-pooling/DL-044-pooling.md#32-features-tied-to-their-location
G-2012	Transpose	ML/05-dimensionality/ML-047-pca-step-by-step/ML-047-pca-step-by-step.md	21-projecting-one-point	ML/05-dimensionality/ML-047-pca-step-by-step/ML-047-pca-step-by-step.md#21-projecting-one-point
G-2013	Tree-based algorithm	ML/04-missing-data-and-outliers/ML-040-what-are-outliers/ML-040-what-are-outliers.md		ML/04-missing-data-and-outliers/ML-040-what-are-outliers/ML-040-what-are-outliers.md
G-2014	Tree-level feature sampling (tree-level column sampling)	ML/08-trees-and-ensembles/ML-104-bagging-vs-random-forest/ML-104-bagging-vs-random-forest.md		ML/08-trees-and-ensembles/ML-104-bagging-vs-random-forest/ML-104-bagging-vs-random-forest.md
G-2016	Trial (hyperparameter tuning)	ML/09-clustering-and-more/ML-128-optuna/ML-128-optuna.md	4-optunas-vocabulary	ML/09-clustering-and-more/ML-128-optuna/ML-128-optuna.md#4-optunas-vocabulary
G-2015	Trial (probability)	MA/02-probability/MA-010-events-and-types-of-events/MA-010-events-and-types-of-events.md	22-trial	MA/02-probability/MA-010-events-and-types-of-events/MA-010-events-and-types-of-events.md#22-trial
G-2017	Trimmed mean	MA/01-descriptive-stats/MA-005-measures-of-central-tendency/MA-005-measures-of-central-tendency.md	7-trimmed-mean	MA/01-descriptive-stats/MA-005-measures-of-central-tendency/MA-005-measures-of-central-tendency.md#7-trimmed-mean
G-2019	Trimming	ML/04-missing-data-and-outliers/ML-040-what-are-outliers/ML-040-what-are-outliers.md	71-trimming	ML/04-missing-data-and-outliers/ML-040-what-are-outliers/ML-040-what-are-outliers.md#71-trimming
G-2018	Trimming percentage	MA/01-descriptive-stats/MA-005-measures-of-central-tendency/MA-005-measures-of-central-tendency.md	7-trimmed-mean	MA/01-descriptive-stats/MA-005-measures-of-central-tendency/MA-005-measures-of-central-tendency.md#7-trimmed-mean
G-2020	True negative (TN)	ML/07-classification/ML-075-accuracy-confusion-matrix/ML-075-accuracy-confusion-matrix.md	42-reading-it	ML/07-classification/ML-075-accuracy-confusion-matrix/ML-075-accuracy-confusion-matrix.md#42-reading-it
G-2021	True positive (TP)	ML/07-classification/ML-075-accuracy-confusion-matrix/ML-075-accuracy-confusion-matrix.md	42-reading-it	ML/07-classification/ML-075-accuracy-confusion-matrix/ML-075-accuracy-confusion-matrix.md#42-reading-it
G-2022	True positive rate (TPR)	ML/07-classification/ML-077-roc-auc/ML-077-roc-auc.md	31-true-positive-rate	ML/07-classification/ML-077-roc-auc/ML-077-roc-auc.md#31-true-positive-rate
G-2023	Truncated normal	DL/02-training/DL-030-xavier-he-initialization/DL-030-xavier-he-initialization.md	62-with-keras-initialisers	DL/02-training/DL-030-xavier-he-initialization/DL-030-xavier-he-initialization.md#62-with-keras-initialisers
G-2024	TruncatedSVD	MA/05-linear-algebra/MA-060-svd-in-machine-learning/MA-060-svd-in-machine-learning.md		MA/05-linear-algebra/MA-060-svd-in-machine-learning/MA-060-svd-in-machine-learning.md
G-2025	TSV file	ML/02-getting-data/ML-014-working-with-csv/ML-014-working-with-csv.md	2-csv-and-tsv-files	ML/02-getting-data/ML-014-working-with-csv/ML-014-working-with-csv.md#2-csv-and-tsv-files
G-2026	Tukey's HSD	MA/04-inference/MA-046-one-way-anova/MA-046-one-way-anova.md	83-which-classes-differ-tukeys-test	MA/04-inference/MA-046-one-way-anova/MA-046-one-way-anova.md#83-which-classes-differ-tukeys-test
G-2027	Two-tailed p-value	MA/04-inference/MA-041-p-values/MA-041-p-values.md		MA/04-inference/MA-041-p-values/MA-041-p-values.md
G-2028	Two-tailed test (two-sided test)	MA/04-inference/MA-040-errors-power-and-tails/MA-040-errors-power-and-tails.md	5-one-tailed-and-two-tailed-tests	MA/04-inference/MA-040-errors-power-and-tails/MA-040-errors-power-and-tails.md#5-one-tailed-and-two-tailed-tests
G-2029	Two-way ANOVA	MA/04-inference/MA-044-choosing-a-hypothesis-test/MA-044-choosing-a-hypothesis-test.md		MA/04-inference/MA-044-choosing-a-hypothesis-test/MA-044-choosing-a-hypothesis-test.md
G-2030	Type 1 mixed variable	ML/03-feature-engineering/ML-032-mixed-variables/ML-032-mixed-variables.md		ML/03-feature-engineering/ML-032-mixed-variables/ML-032-mixed-variables.md
G-2031	Type 2 mixed variable	ML/03-feature-engineering/ML-032-mixed-variables/ML-032-mixed-variables.md		ML/03-feature-engineering/ML-032-mixed-variables/ML-032-mixed-variables.md
G-2032	Type I error (false positive)	MA/04-inference/MA-040-errors-power-and-tails/MA-040-errors-power-and-tails.md	21-type-i-error	MA/04-inference/MA-040-errors-power-and-tails/MA-040-errors-power-and-tails.md#21-type-i-error
G-2033	Type II error (false negative)	MA/04-inference/MA-040-errors-power-and-tails/MA-040-errors-power-and-tails.md	22-type-ii-error	MA/04-inference/MA-040-errors-power-and-tails/MA-040-errors-power-and-tails.md#22-type-ii-error
G-2034	Unbiased estimator	MA/08-likelihood/MA-071-mle-for-common-distributions/MA-071-mle-for-common-distributions.md	52-biased-but-consistent	MA/08-likelihood/MA-071-mle-for-common-distributions/MA-071-mle-for-common-distributions.md#52-biased-but-consistent
G-2035	Underfitting	ML/01-foundations/ML-007-challenges-in-ml/ML-007-challenges-in-ml.md	72-underfitting	ML/01-foundations/ML-007-challenges-in-ml/ML-007-challenges-in-ml.md#72-underfitting
G-2036	Underflow	ML/07-classification/ML-072-log-loss/ML-072-log-loss.md	41-the-problem-with-products	ML/07-classification/ML-072-log-loss/ML-072-log-loss.md#41-the-problem-with-products
G-2037	Underlying distribution	MA/03-distributions/MA-023-density-estimation-kde/MA-023-density-estimation-kde.md	2-what-density-estimation-is	MA/03-distributions/MA-023-density-estimation-kde/MA-023-density-estimation-kde.md#2-what-density-estimation-is
G-2038	Understanding the data	ML/02-getting-data/ML-018-understanding-your-data/ML-018-understanding-your-data.md		ML/02-getting-data/ML-018-understanding-your-data/ML-018-understanding-your-data.md
G-2040	Unembedding	DL/06-transformers/DL-088-unembedding-and-sampling/DL-088-unembedding-and-sampling.md	1-overview	DL/06-transformers/DL-088-unembedding-and-sampling/DL-088-unembedding-and-sampling.md#1-overview
G-2039	Unembedding matrix $W_U$	DL/06-transformers/DL-088-unembedding-and-sampling/DL-088-unembedding-and-sampling.md	31-the-formula	DL/06-transformers/DL-088-unembedding-and-sampling/DL-088-unembedding-and-sampling.md#31-the-formula
G-2041	Unfolding (unrolling)	DL/05-rnn/DL-056-rnn-forward-propagation/DL-056-rnn-forward-propagation.md	41-the-smallest-rnn-one-node	DL/05-rnn/DL-056-rnn-forward-propagation/DL-056-rnn-forward-propagation.md#41-the-smallest-rnn-one-node
G-2042	Unidirectional RNN	DL/05-rnn/DL-066-bidirectional-rnn/DL-066-bidirectional-rnn.md	31-the-limit-of-a-unidirectional-rnn	DL/05-rnn/DL-066-bidirectional-rnn/DL-066-bidirectional-rnn.md#31-the-limit-of-a-unidirectional-rnn
G-2043	Uniform distribution	MA/03-distributions/MA-029-uniform-and-log-normal/MA-029-uniform-and-log-normal.md	2-the-uniform-distribution	MA/03-distributions/MA-029-uniform-and-log-normal/MA-029-uniform-and-log-normal.md#2-the-uniform-distribution
G-2044	Uniform weighting	ML/04-missing-data-and-outliers/ML-038-knn-imputer/ML-038-knn-imputer.md		ML/04-missing-data-and-outliers/ML-038-knn-imputer/ML-038-knn-imputer.md
G-2045	Union (A ∪ B)	MA/02-probability/MA-017-mutually-exclusive-events/MA-017-mutually-exclusive-events.md	5-the-addition-rule-where-mutual-exclusivity-pays-off	MA/02-probability/MA-017-mutually-exclusive-events/MA-017-mutually-exclusive-events.md#5-the-addition-rule-where-mutual-exclusivity-pays-off
G-2046	Unit hypercube	ML/03-feature-engineering/ML-024-normalization/ML-024-normalization.md	43-what-min-max-scaling-does-to-the-data	ML/03-feature-engineering/ML-024-normalization/ML-024-normalization.md#43-what-min-max-scaling-does-to-the-data
G-2047	Unit square	ML/03-feature-engineering/ML-024-normalization/ML-024-normalization.md	43-what-min-max-scaling-does-to-the-data	ML/03-feature-engineering/ML-024-normalization/ML-024-normalization.md#43-what-min-max-scaling-does-to-the-data
G-2048	Unit vector	ML/05-dimensionality/ML-047-pca-step-by-step/ML-047-pca-step-by-step.md	21-projecting-one-point	ML/05-dimensionality/ML-047-pca-step-by-step/ML-047-pca-step-by-step.md#21-projecting-one-point
G-2049	Units	DL/05-rnn/DL-062-lstm-architecture/DL-062-lstm-architecture.md	41-cell-state-and-hidden-state-are-vectors-of-the-same-length	DL/05-rnn/DL-062-lstm-architecture/DL-062-lstm-architecture.md#41-cell-state-and-hidden-state-are-vectors-of-the-same-length
G-2050	Univariate analysis	ML/02-getting-data/ML-019-univariate-analysis/ML-019-univariate-analysis.md	1-overview	ML/02-getting-data/ML-019-univariate-analysis/ML-019-univariate-analysis.md#1-overview
G-2051	Univariate imputation	ML/04-missing-data-and-outliers/ML-034-complete-case-analysis/ML-034-complete-case-analysis.md	32-imputing-filling-in-the-gaps	ML/04-missing-data-and-outliers/ML-034-complete-case-analysis/ML-034-complete-case-analysis.md#32-imputing-filling-in-the-gaps
G-2052	Universal approximation theorem	DL/01-basics/DL-003-nn-types-history-applications/DL-003-nn-types-history-applications.md	33-universal-approximation	DL/01-basics/DL-003-nn-types-history-applications/DL-003-nn-types-history-applications.md#33-universal-approximation
G-2053	Universal set ($U$)	MA/02-probability/MA-013-venn-diagrams-and-contingency-tables/MA-013-venn-diagrams-and-contingency-tables.md	2-venn-diagrams	MA/02-probability/MA-013-venn-diagrams-and-contingency-tables/MA-013-venn-diagrams-and-contingency-tables.md#2-venn-diagrams
G-2054	Unpaired t-test	MA/04-inference/MA-043-two-sample-and-paired-t-tests/MA-043-two-sample-and-paired-t-tests.md		MA/04-inference/MA-043-two-sample-and-paired-t-tests/MA-043-two-sample-and-paired-t-tests.md
G-2055	Unreasonable effectiveness of data	ML/01-foundations/ML-007-challenges-in-ml/ML-007-challenges-in-ml.md	31-more-data-beats-a-better-algorithm	ML/01-foundations/ML-007-challenges-in-ml/ML-007-challenges-in-ml.md#31-more-data-beats-a-better-algorithm
G-2156	Unstable model	ML/08-trees-and-ensembles/ML-100-bagging-classifier/ML-100-bagging-classifier.md		ML/08-trees-and-ensembles/ML-100-bagging-classifier/ML-100-bagging-classifier.md
G-2056	Unstable training	DL/05-rnn/DL-060-problems-with-rnn/DL-060-problems-with-rnn.md	1-overview	DL/05-rnn/DL-060-problems-with-rnn/DL-060-problems-with-rnn.md#1-overview
G-2057	Unsupervised binning	ML/03-feature-engineering/ML-031-binning-binarization/ML-031-binning-binarization.md	4-kinds-of-discretization	ML/03-feature-engineering/ML-031-binning-binarization/ML-031-binning-binarization.md#4-kinds-of-discretization
G-2058	Unsupervised learning	ML/01-foundations/ML-003-types-of-ml/ML-003-types-of-ml.md	31-learning-from-inputs-only	ML/01-foundations/ML-003-types-of-ml/ML-003-types-of-ml.md#31-learning-from-inputs-only
G-2059	Unsupervised pre-training	DL/01-basics/DL-003-nn-types-history-applications/DL-003-nn-types-history-applications.md	35-deep-belief-networks-and-the-name-deep-learning	DL/01-basics/DL-003-nn-types-history-applications/DL-003-nn-types-history-applications.md#35-deep-belief-networks-and-the-name-deep-learning
G-2060	Update gate ($z_t$)	DL/05-rnn/DL-064-gru/DL-064-gru.md	4-the-big-idea-one-state-two-gates	DL/05-rnn/DL-064-gru/DL-064-gru.md#4-the-big-idea-one-state-two-gates
G-2061	Updates per epoch	DL/02-training/DL-020-gradient-descent-in-neural-networks/DL-020-gradient-descent-in-neural-networks.md		DL/02-training/DL-020-gradient-descent-in-neural-networks/DL-020-gradient-descent-in-neural-networks.md
G-2062	Upper / lower limit (outlier detection)	ML/04-missing-data-and-outliers/ML-041-outliers-zscore/ML-041-outliers-zscore.md	7-finding-the-limits-and-the-outliers	ML/04-missing-data-and-outliers/ML-041-outliers-zscore/ML-041-outliers-zscore.md#7-finding-the-limits-and-the-outliers
G-2063	Upsampling (resampling by weight)	ML/08-trees-and-ensembles/ML-110-adaboost-step-by-step/ML-110-adaboost-step-by-step.md	9-step-7-upsampling-a-new-dataset-drawn-by-weight	ML/08-trees-and-ensembles/ML-110-adaboost-step-by-step/ML-110-adaboost-step-by-step.md#9-step-7-upsampling-a-new-dataset-drawn-by-weight
G-2064	User-Agent	ML/02-getting-data/ML-014-working-with-csv/ML-014-working-with-csv.md	5-opening-a-file-from-a-url	ML/02-getting-data/ML-014-working-with-csv/ML-014-working-with-csv.md#5-opening-a-file-from-a-url
G-2065	UTF-8	ML/02-getting-data/ML-014-working-with-csv/ML-014-working-with-csv.md	12-text-encoding-encoding	ML/02-getting-data/ML-014-working-with-csv/ML-014-working-with-csv.md#12-text-encoding-encoding
G-2067	Validation set	ML/08-trees-and-ensembles/ML-107-oob-score/ML-107-oob-score.md	4-the-oob-score-in-scikit-learn	ML/08-trees-and-ensembles/ML-107-oob-score/ML-107-oob-score.md#4-the-oob-score-in-scikit-learn
G-2066	Validation set (blending)	ML/08-trees-and-ensembles/ML-121-stacking-blending/ML-121-stacking-blending.md		ML/08-trees-and-ensembles/ML-121-stacking-blending/ML-121-stacking-blending.md
G-2068	Value	DL/06-transformers/DL-074-self-attention-step-by-step/DL-074-self-attention-step-by-step.md	1-overview	DL/06-transformers/DL-074-self-attention-step-by-step/DL-074-self-attention-step-by-step.md#1-overview
G-2069	Vanilla gradient descent	DL/02-training/DL-020-gradient-descent-in-neural-networks/DL-020-gradient-descent-in-neural-networks.md	4-batch-gradient-descent-in-a-network	DL/02-training/DL-020-gradient-descent-in-neural-networks/DL-020-gradient-descent-in-neural-networks.md#4-batch-gradient-descent-in-a-network
G-2070	Vanishing gradient	DL/01-basics/DL-018-vanishing-exploding-gradients/DL-018-vanishing-exploding-gradients.md		DL/01-basics/DL-018-vanishing-exploding-gradients/DL-018-vanishing-exploding-gradients.md
G-2071	Variable	ML/02-getting-data/ML-019-univariate-analysis/ML-019-univariate-analysis.md	2-univariate-bivariate-and-multivariate-analysis	ML/02-getting-data/ML-019-univariate-analysis/ML-019-univariate-analysis.md#2-univariate-bivariate-and-multivariate-analysis
G-2072	Variable-length many-to-many	DL/05-rnn/DL-058-types-of-rnn/DL-058-types-of-rnn.md	52-different-lengths	DL/05-rnn/DL-058-types-of-rnn/DL-058-types-of-rnn.md#52-different-lengths
G-2073	Variance (of a model)	ML/06-regression/ML-061-bias-variance/ML-061-bias-variance.md	1-overview	ML/06-regression/ML-061-bias-variance/ML-061-bias-variance.md#1-overview
G-2074	Variance (of data)	ML/05-dimensionality/ML-046-pca-geometric-intuition/ML-046-pca-geometric-intuition.md	21-the-rule-keep-the-bigger-spread	ML/05-dimensionality/ML-046-pca-geometric-intuition/ML-046-pca-geometric-intuition.md#21-the-rule-keep-the-bigger-spread
G-2228	Variance around a point $v$	MA/01-descriptive-stats/MA-006-measures-of-dispersion/MA-006-measures-of-dispersion.md	62-the-sample-mean-is-the-closest-point-to-its-sample	MA/01-descriptive-stats/MA-006-measures-of-dispersion/MA-006-measures-of-dispersion.md#62-the-sample-mean-is-the-closest-point-to-its-sample
G-2075	Variance inflation factor (VIF)	ML/06-regression/ML-055-linear-regression-assumptions/ML-055-linear-regression-assumptions.md	32-checking-it	ML/06-regression/ML-055-linear-regression-assumptions/ML-055-linear-regression-assumptions.md#32-checking-it
G-2076	Variance of a random variable	MA/02-probability/MA-012-expected-value-and-variance/MA-012-expected-value-and-variance.md	4-variance-of-a-random-variable	MA/02-probability/MA-012-expected-value-and-variance/MA-012-expected-value-and-variance.md#4-variance-of-a-random-variable
G-2077	Variance reduction	ML/08-trees-and-ensembles/ML-093-regression-trees/ML-093-regression-trees.md		ML/08-trees-and-ensembles/ML-093-regression-trees/ML-093-regression-trees.md
G-2081	Vector	ML/01-foundations/ML-010-tensors/ML-010-tensors.md	2-what-a-tensor-is	ML/01-foundations/ML-010-tensors/ML-010-tensors.md#2-what-a-tensor-is
G-2079	Vector (geometric view)	MA/05-linear-algebra/MA-048-vectors-and-feature-vectors/MA-048-vectors-and-feature-vectors.md	23-coordinates-walking-instructions	MA/05-linear-algebra/MA-048-vectors-and-feature-vectors/MA-048-vectors-and-feature-vectors.md#23-coordinates-walking-instructions
G-2080	Vector addition	MA/05-linear-algebra/MA-052-linear-combinations-span-and-basis/MA-052-linear-combinations-span-and-basis.md		MA/05-linear-algebra/MA-052-linear-combinations-span-and-basis/MA-052-linear-combinations-span-and-basis.md
G-2082	Vector-valued function	MA/06-calculus/MA-063-jacobian-and-matrix-gradients/MA-063-jacobian-and-matrix-gradients.md	22-functions-with-several-outputs	MA/06-calculus/MA-063-jacobian-and-matrix-gradients/MA-063-jacobian-and-matrix-gradients.md#22-functions-with-several-outputs
G-2083	Vectorisation (of code)	ML/06-regression/ML-057-batch-gradient-descent/ML-057-batch-gradient-descent.md	33-all-derivatives-at-once	ML/06-regression/ML-057-batch-gradient-descent/ML-057-batch-gradient-descent.md#33-all-derivatives-at-once
G-2084	Vectorization (of data)	ML/01-foundations/ML-010-tensors/ML-010-tensors.md	62-3d-text	ML/01-foundations/ML-010-tensors/ML-010-tensors.md#62-3d-text
G-2085	Velocity $v$	DL/03-optimizers/DL-034-sgd-with-momentum/DL-034-sgd-with-momentum.md	5-the-idea-confidence-builds-speed	DL/03-optimizers/DL-034-sgd-with-momentum/DL-034-sgd-with-momentum.md#5-the-idea-confidence-builds-speed
G-2086	Venn diagram	MA/02-probability/MA-013-venn-diagrams-and-contingency-tables/MA-013-venn-diagrams-and-contingency-tables.md	2-venn-diagrams	MA/02-probability/MA-013-venn-diagrams-and-contingency-tables/MA-013-venn-diagrams-and-contingency-tables.md#2-venn-diagrams
G-2087	verbose	ML/08-trees-and-ensembles/ML-100-bagging-classifier/ML-100-bagging-classifier.md		ML/08-trees-and-ensembles/ML-100-bagging-classifier/ML-100-bagging-classifier.md
G-2258	Vertex	MA/07-optimisation/MA-068-linear-and-quadratic-programming/MA-068-linear-and-quadratic-programming.md	22-the-answer-is-at-a-corner	MA/07-optimisation/MA-068-linear-and-quadratic-programming/MA-068-linear-and-quadratic-programming.md#22-the-answer-is-at-a-corner
G-2088	VGG16	DL/04-cnn/DL-052-visualizing-cnn/DL-052-visualizing-cnn.md	4-the-network-vgg16	DL/04-cnn/DL-052-visualizing-cnn/DL-052-visualizing-cnn.md#4-the-network-vgg16
G-2089	View Page Source	ML/02-getting-data/ML-017-web-scraping/ML-017-web-scraping.md	32-looking-like-a-browser	ML/02-getting-data/ML-017-web-scraping/ML-017-web-scraping.md#32-looking-like-a-browser
G-2090	Virtual environment	ML/01-foundations/ML-011-setup-anaconda-jupyter-colab/ML-011-setup-anaconda-jupyter-colab.md	41-why-one-environment-per-project	ML/01-foundations/ML-011-setup-anaconda-jupyter-colab/ML-011-setup-anaconda-jupyter-colab.md#41-why-one-environment-per-project
G-2091	Vision Transformer (ViT)	DL/06-transformers/DL-071-introduction-to-transformers/DL-071-introduction-to-transformers.md		DL/06-transformers/DL-071-introduction-to-transformers/DL-071-introduction-to-transformers.md
G-2092	Vocabulary ($V$)	DL/06-transformers/DL-084-transformer-decoder/DL-084-transformer-decoder.md	8-the-output-layer-linear-and-softmax	DL/06-transformers/DL-084-transformer-decoder/DL-084-transformer-decoder.md#8-the-output-layer-linear-and-softmax
G-2094	Volatile	ML/01-foundations/ML-013-framing-ml-problem/ML-013-framing-ml-problem.md		ML/01-foundations/ML-013-framing-ml-problem/ML-013-framing-ml-problem.md
G-2095	Voting classifier	ML/08-trees-and-ensembles/ML-097-voting-classifier/ML-097-voting-classifier.md	2-the-core-idea-on-decision-surfaces	ML/08-trees-and-ensembles/ML-097-voting-classifier/ML-097-voting-classifier.md#2-the-core-idea-on-decision-surfaces
G-2096	Voting ensemble	ML/08-trees-and-ensembles/ML-096-voting-ensemble/ML-096-voting-ensemble.md	1-overview	ML/08-trees-and-ensembles/ML-096-voting-ensemble/ML-096-voting-ensemble.md#1-overview
G-2097	Voting regressor	ML/08-trees-and-ensembles/ML-098-voting-regressor/ML-098-voting-regressor.md	1-overview	ML/08-trees-and-ensembles/ML-098-voting-regressor/ML-098-voting-regressor.md#1-overview
G-2098	Vowpal Wabbit	ML/01-foundations/ML-005-online-learning/ML-005-online-learning.md	4-implementing-online-learning	ML/01-foundations/ML-005-online-learning/ML-005-online-learning.md#4-implementing-online-learning
G-2099	Ward linkage	ML/09-clustering-and-more/ML-125-hierarchical-clustering/ML-125-hierarchical-clustering.md	8-linkage-the-distance-between-two-clusters	ML/09-clustering-and-more/ML-125-hierarchical-clustering/ML-125-hierarchical-clustering.md#8-linkage-the-distance-between-two-clusters
G-2100	warm_start	ML/08-trees-and-ensembles/ML-105-random-forest-hyperparameters/ML-105-random-forest-hyperparameters.md	5-the-general-hyperparameters	ML/08-trees-and-ensembles/ML-105-random-forest-hyperparameters/ML-105-random-forest-hyperparameters.md#5-the-general-hyperparameters
G-2101	Wayback Machine	ML/02-getting-data/ML-017-web-scraping/ML-017-web-scraping.md	32-looking-like-a-browser	ML/02-getting-data/ML-017-web-scraping/ML-017-web-scraping.md#32-looking-like-a-browser
G-2102	WCSS (inertia)	ML/09-clustering-and-more/ML-122-kmeans-intuition/ML-122-kmeans-intuition.md	51-wcss-how-tight-the-clusters-are	ML/09-clustering-and-more/ML-122-kmeans-intuition/ML-122-kmeans-intuition.md#51-wcss-how-tight-the-clusters-are
G-2103	Weak duality	MA/07-optimisation/MA-066-lagrange-multipliers/MA-066-lagrange-multipliers.md	62-weak-and-strong-duality	MA/07-optimisation/MA-066-lagrange-multipliers/MA-066-lagrange-multipliers.md#62-weak-and-strong-duality
G-2104	Weak learner	ML/08-trees-and-ensembles/ML-109-adaboost-intuition/ML-109-adaboost-intuition.md	21-weak-learners	ML/08-trees-and-ensembles/ML-109-adaboost-intuition/ML-109-adaboost-intuition.md#21-weak-learners
G-2105	Web scraping	ML/01-foundations/ML-007-challenges-in-ml/ML-007-challenges-in-ml.md	2-collecting-data	ML/01-foundations/ML-007-challenges-in-ml/ML-007-challenges-in-ml.md#2-collecting-data
G-2106	Weight (in a network)	DL/01-basics/DL-002-what-is-deep-learning/DL-002-what-is-deep-learning.md	22-the-parts-of-a-neural-network	DL/01-basics/DL-002-what-is-deep-learning/DL-002-what-is-deep-learning.md#22-the-parts-of-a-neural-network
G-2111	Weight (in a weighted mean)	MA/01-descriptive-stats/MA-005-measures-of-central-tendency/MA-005-measures-of-central-tendency.md	6-weighted-mean	MA/01-descriptive-stats/MA-005-measures-of-central-tendency/MA-005-measures-of-central-tendency.md#6-weighted-mean
G-2108	Weight decay	ML/06-regression/ML-064-ridge-gradient-descent/ML-064-ridge-gradient-descent.md	23-the-update-rule-and-one-update-on-numbers	ML/06-regression/ML-064-ridge-gradient-descent/ML-064-ridge-gradient-descent.md#23-the-update-rule-and-one-update-on-numbers
G-2107	Weight decay factor	DL/02-training/DL-026-regularization-in-dl/DL-026-regularization-in-dl.md	6-why-the-weights-shrink-weight-decay	DL/02-training/DL-026-regularization-in-dl/DL-026-regularization-in-dl.md#6-why-the-weights-shrink-weight-decay
G-2109	Weight matrix ($W^{k}$)	DL/01-basics/DL-010-forward-propagation/DL-010-forward-propagation.md		DL/01-basics/DL-010-forward-propagation/DL-010-forward-propagation.md
G-2110	Weight update	ML/08-trees-and-ensembles/ML-110-adaboost-step-by-step/ML-110-adaboost-step-by-step.md	7-step-5-update-the-observation-weights	ML/08-trees-and-ensembles/ML-110-adaboost-step-by-step/ML-110-adaboost-step-by-step.md#7-step-5-update-the-observation-weights
G-2112	Weight-based algorithm	ML/04-missing-data-and-outliers/ML-040-what-are-outliers/ML-040-what-are-outliers.md		ML/04-missing-data-and-outliers/ML-040-what-are-outliers/ML-040-what-are-outliers.md
G-2113	Weighted average	ML/07-classification/ML-076-precision-recall-f1/ML-076-precision-recall-f1.md	62-combining-the-classes	ML/07-classification/ML-076-precision-recall-f1/ML-076-precision-recall-f1.md#62-combining-the-classes
G-2114	Weighted error	ML/08-trees-and-ensembles/ML-110-adaboost-step-by-step/ML-110-adaboost-step-by-step.md	5-step-3-the-error-is-a-sum-of-weights	ML/08-trees-and-ensembles/ML-110-adaboost-step-by-step/ML-110-adaboost-step-by-step.md#5-step-3-the-error-is-a-sum-of-weights
G-2115	Weighted impurity decrease	ML/08-trees-and-ensembles/ML-108-feature-importance/ML-108-feature-importance.md	41-the-decrease-at-one-node	ML/08-trees-and-ensembles/ML-108-feature-importance/ML-108-feature-importance.md#41-the-decrease-at-one-node
G-2116	Weighted input ($z^{k}$)	DL/01-basics/DL-010-forward-propagation/DL-010-forward-propagation.md		DL/01-basics/DL-010-forward-propagation/DL-010-forward-propagation.md
G-2117	Weighted mean	MA/01-descriptive-stats/MA-005-measures-of-central-tendency/MA-005-measures-of-central-tendency.md	6-weighted-mean	MA/01-descriptive-stats/MA-005-measures-of-central-tendency/MA-005-measures-of-central-tendency.md#6-weighted-mean
G-2118	Weighted quantile sketch	ML/08-trees-and-ensembles/ML-117-xgboost-intro/ML-117-xgboost-intro.md	84-approximate-split-finding-with-quantile-bins	ML/08-trees-and-ensembles/ML-117-xgboost-intro/ML-117-xgboost-intro.md#84-approximate-split-finding-with-quantile-bins
G-2119	Weighted sum	DL/06-transformers/DL-076-self-attention-geometric-intuition/DL-076-self-attention-geometric-intuition.md	6-step-3-a-weighted-sum-of-the-value-vectors	DL/06-transformers/DL-076-self-attention-geometric-intuition/DL-076-self-attention-geometric-intuition.md#6-step-3-a-weighted-sum-of-the-value-vectors
G-2120	weights	ML/08-trees-and-ensembles/ML-097-voting-classifier/ML-097-voting-classifier.md	43-weights	ML/08-trees-and-ensembles/ML-097-voting-classifier/ML-097-voting-classifier.md#43-weights
G-2121	Welch's ANOVA	MA/04-inference/MA-046-one-way-anova/MA-046-one-way-anova.md	7-assumptions	MA/04-inference/MA-046-one-way-anova/MA-046-one-way-anova.md#7-assumptions
G-2122	Welch's t-test	MA/04-inference/MA-043-two-sample-and-paired-t-tests/MA-043-two-sample-and-paired-t-tests.md	1-overview	MA/04-inference/MA-043-two-sample-and-paired-t-tests/MA-043-two-sample-and-paired-t-tests.md#1-overview
G-2181	Whisker	ML/02-getting-data/ML-019-univariate-analysis/ML-019-univariate-analysis.md	81-whiskers-and-outliers	ML/02-getting-data/ML-019-univariate-analysis/ML-019-univariate-analysis.md#81-whiskers-and-outliers
G-2123	Winsorization	ML/04-missing-data-and-outliers/ML-040-what-are-outliers/ML-040-what-are-outliers.md	72-capping	ML/04-missing-data-and-outliers/ML-040-what-are-outliers/ML-040-what-are-outliers.md#72-capping
G-2124	Wisdom of the crowd	ML/08-trees-and-ensembles/ML-095-ensemble-learning/ML-095-ensemble-learning.md	2-the-wisdom-of-the-crowd	ML/08-trees-and-ensembles/ML-095-ensemble-learning/ML-095-ensemble-learning.md#2-the-wisdom-of-the-crowd
G-2125	With replacement	ML/08-trees-and-ensembles/ML-099-bagging-intuition/ML-099-bagging-intuition.md		ML/08-trees-and-ensembles/ML-099-bagging-intuition/ML-099-bagging-intuition.md
G-2126	Without replacement	MA/02-probability/MA-010-events-and-types-of-events/MA-010-events-and-types-of-events.md	44-dependent-events	MA/02-probability/MA-010-events-and-types-of-events/MA-010-events-and-types-of-events.md#44-dependent-events
G-2127	Word embedding	DL/05-rnn/DL-057-rnn-sentiment-analysis/DL-057-rnn-sentiment-analysis.md	61-sparse-and-dense-representations	DL/05-rnn/DL-057-rnn-sentiment-analysis/DL-057-rnn-sentiment-analysis.md#61-sparse-and-dense-representations
G-2128	WordNet	DL/04-cnn/DL-051-pretrained-models/DL-051-pretrained-models.md	42-what-it-contains	DL/04-cnn/DL-051-pretrained-models/DL-051-pretrained-models.md#42-what-it-contains
G-2129	X, y	ML/01-foundations/ML-010-tensors/ML-010-tensors.md	61-1d-and-2d-tabular-data	ML/01-foundations/ML-010-tensors/ML-010-tensors.md#61-1d-and-2d-tabular-data
G-2130	XAMPP	ML/02-getting-data/ML-015-working-with-json-and-sql/ML-015-working-with-json-and-sql.md	6-getting-an-sql-database-ready	ML/02-getting-data/ML-015-working-with-json-and-sql/ML-015-working-with-json-and-sql.md#6-getting-an-sql-database-ready
G-2131	Xavier (Glorot) normal	DL/02-training/DL-030-xavier-he-initialization/DL-030-xavier-he-initialization.md		DL/02-training/DL-030-xavier-he-initialization/DL-030-xavier-he-initialization.md
G-2132	Xavier (Glorot) uniform	DL/02-training/DL-030-xavier-he-initialization/DL-030-xavier-he-initialization.md		DL/02-training/DL-030-xavier-he-initialization/DL-030-xavier-he-initialization.md
G-2133	XGBoost	ML/08-trees-and-ensembles/ML-117-xgboost-intro/ML-117-xgboost-intro.md	1-overview	ML/08-trees-and-ensembles/ML-117-xgboost-intro/ML-117-xgboost-intro.md#1-overview
G-2134	XOR	DL/01-basics/DL-003-nn-types-history-applications/DL-003-nn-types-history-applications.md	31-the-perceptron-and-the-first-ai-winter	DL/01-basics/DL-003-nn-types-history-applications/DL-003-nn-types-history-applications.md#31-the-perceptron-and-the-first-ai-winter
G-2135	Yates' continuity correction	MA/04-inference/MA-045-chi-square-tests/MA-045-chi-square-tests.md	61-sex-and-survival	MA/04-inference/MA-045-chi-square-tests/MA-045-chi-square-tests.md#61-sex-and-survival
G-2136	Yeo-Johnson transform	ML/03-feature-engineering/ML-030-power-transformer/ML-030-power-transformer.md	1-overview	ML/03-feature-engineering/ML-030-power-transformer/ML-030-power-transformer.md#1-overview
G-2137	Z statistic	MA/04-inference/MA-039-rejection-region-and-z-test/MA-039-rejection-region-and-z-test.md	41-the-idea-on-the-rats	MA/04-inference/MA-039-rejection-region-and-z-test/MA-039-rejection-region-and-z-test.md#41-the-idea-on-the-rats
G-2138	Z-procedure	MA/04-inference/MA-035-confidence-intervals-z-procedure/MA-035-confidence-intervals-z-procedure.md	5-two-ways-to-compute-a-confidence-interval-for-a-mean	MA/04-inference/MA-035-confidence-intervals-z-procedure/MA-035-confidence-intervals-z-procedure.md#5-two-ways-to-compute-a-confidence-interval-for-a-mean
G-2141	Z-score	ML/03-feature-engineering/ML-023-standardization/ML-023-standardization.md	3-types-of-feature-scaling	ML/03-feature-engineering/ML-023-standardization/ML-023-standardization.md#3-types-of-feature-scaling
G-2139	Z-score method	ML/04-missing-data-and-outliers/ML-041-outliers-zscore/ML-041-outliers-zscore.md	1-overview	ML/04-missing-data-and-outliers/ML-041-outliers-zscore/ML-041-outliers-zscore.md#1-overview
G-2140	Z-score normalization	ML/03-feature-engineering/ML-023-standardization/ML-023-standardization.md	3-types-of-feature-scaling	ML/03-feature-engineering/ML-023-standardization/ML-023-standardization.md#3-types-of-feature-scaling
G-2142	Z-table	MA/03-distributions/MA-025-standard-normal-and-z-table/MA-025-standard-normal-and-z-table.md	4-the-z-table	MA/03-distributions/MA-025-standard-normal-and-z-table/MA-025-standard-normal-and-z-table.md#4-the-z-table
G-2143	Z-test (one-sample)	MA/04-inference/MA-039-rejection-region-and-z-test/MA-039-rejection-region-and-z-test.md	1-overview	MA/04-inference/MA-039-rejection-region-and-z-test/MA-039-rejection-region-and-z-test.md#1-overview
G-2144	Zero initialisation	DL/02-training/DL-029-weight-initialization/DL-029-weight-initialization.md		DL/02-training/DL-029-weight-initialization/DL-029-weight-initialization.md
G-2146	Zero padding (image)	DL/04-cnn/DL-043-padding-and-strides/DL-043-padding-and-strides.md	41-what-padding-does	DL/04-cnn/DL-043-padding-and-strides/DL-043-padding-and-strides.md#41-what-padding-does
G-2145	Zero padding (text)	DL/05-rnn/DL-055-why-rnn/DL-055-why-rnn.md		DL/05-rnn/DL-055-why-rnn/DL-055-why-rnn.md
G-2147	Zero-ablation	DL/06-transformers/DL-089-mlp-stores-facts/DL-089-mlp-stores-facts.md	71-switching-mlps-off	DL/06-transformers/DL-089-mlp-stores-facts/DL-089-mlp-stores-facts.md#71-switching-mlps-off
G-2148	Zero-centred activation	DL/02-training/DL-027-activation-functions/DL-027-activation-functions.md	54-zero-centred	DL/02-training/DL-027-activation-functions/DL-027-activation-functions.md#54-zero-centred
G-2149	Zero-frequency problem	ML/07-classification/ML-083-naive-bayes-code/ML-083-naive-bayes-code.md	1-overview	ML/07-classification/ML-083-naive-bayes-code/ML-083-naive-bayes-code.md#1-overview
G-2150	λ (lambda), alpha	ML/06-regression/ML-062-ridge-regression-intuition/ML-062-ridge-regression-intuition.md		ML/06-regression/ML-062-ridge-regression-intuition/ML-062-ridge-regression-intuition.md
