x1,x2,zeros,random
-2.5,-2.5,0.9926,0.6969
-2.467,-2.5,0.9929,0.7219
-2.433,-2.5,0.9931,0.7457
-2.4,-2.5,0.9933,0.7682
-2.367,-2.5,0.9935,0.7894
-2.333,-2.5,0.9937,0.8093
-2.3,-2.5,0.9939,0.8278
-2.267,-2.5,0.9941,0.8449
-2.233,-2.5,0.9943,0.8607
-2.2,-2.5,0.9945,0.8752
-2.167,-2.5,0.9946,0.8884
-2.133,-2.5,0.9948,0.9004
-2.1,-2.5,0.9949,0.9113
-2.067,-2.5,0.9951,0.9211
-2.033,-2.5,0.9952,0.9299
-2,-2.5,0.9954,0.9378
-1.967,-2.5,0.9955,0.9449
-1.933,-2.5,0.9956,0.9513
-1.9,-2.5,0.9957,0.9569
-1.867,-2.5,0.9959,0.9619
-1.833,-2.5,0.996,0.9664
-1.8,-2.5,0.9961,0.9703
-1.767,-2.5,0.9962,0.9738
-1.733,-2.5,0.9963,0.9769
-1.7,-2.5,0.9964,0.9796
-1.667,-2.5,0.9965,0.982
-1.633,-2.5,0.9966,0.9841
-1.6,-2.5,0.9967,0.986
-1.567,-2.5,0.9968,0.9876
-1.533,-2.5,0.9968,0.9891
-1.5,-2.5,0.9969,0.9904
-1.467,-2.5,0.997,0.9915
-1.433,-2.5,0.9971,0.9925
-1.4,-2.5,0.9971,0.9934
-1.367,-2.5,0.9972,0.9941
-1.333,-2.5,0.9973,0.9948
-1.3,-2.5,0.9973,0.9954
-1.267,-2.5,0.9974,0.9959
-1.233,-2.5,0.9975,0.9964
-1.2,-2.5,0.9975,0.9968
-1.167,-2.5,0.9976,0.9971
-1.133,-2.5,0.9976,0.9975
-1.1,-2.5,0.9977,0.9977
-1.067,-2.5,0.9977,0.998
-1.033,-2.5,0.9978,0.9982
-1,-2.5,0.9978,0.9984
-0.9667,-2.5,0.9979,0.9986
-0.9333,-2.5,0.9979,0.9987
-0.9,-2.5,0.998,0.9988
-0.8667,-2.5,0.998,0.999
-0.8333,-2.5,0.9981,0.9991
-0.8,-2.5,0.9981,0.9992
-0.7667,-2.5,0.9981,0.9992
-0.7333,-2.5,0.9982,0.9993
-0.7,-2.5,0.9982,0.9994
-0.6667,-2.5,0.9983,0.9994
-0.6333,-2.5,0.9983,0.9995
-0.6,-2.5,0.9983,0.9995
-0.5667,-2.5,0.9984,0.9996
-0.5333,-2.5,0.9984,0.9996
-0.5,-2.5,0.9984,0.9997
-0.4667,-2.5,0.9984,0.9997
-0.4333,-2.5,0.9985,0.9997
-0.4,-2.5,0.9985,0.9997
-0.3667,-2.5,0.9985,0.9998
-0.3333,-2.5,0.9986,0.9998
-0.3,-2.5,0.9986,0.9998
-0.2667,-2.5,0.9986,0.9998
-0.2333,-2.5,0.9986,0.9998
-0.2,-2.5,0.9987,0.9998
-0.1667,-2.5,0.9987,0.9999
-0.1333,-2.5,0.9987,0.9999
-0.1,-2.5,0.9987,0.9999
-0.06667,-2.5,0.9987,0.9999
-0.03333,-2.5,0.9988,0.9999
0,-2.5,0.9988,0.9999
0.03333,-2.5,0.9988,0.9999
0.06667,-2.5,0.9988,0.9999
0.1,-2.5,0.9988,0.9999
0.1333,-2.5,0.9989,0.9999
0.1667,-2.5,0.9989,0.9999
0.2,-2.5,0.9989,0.9999
0.2333,-2.5,0.9989,0.9999
0.2667,-2.5,0.9989,0.9999
0.3,-2.5,0.9989,0.9999
0.3333,-2.5,0.999,0.9999
0.3667,-2.5,0.999,0.9999
0.4,-2.5,0.999,0.9999
0.4333,-2.5,0.999,0.9999
0.4667,-2.5,0.999,0.9999
0.5,-2.5,0.999,0.9999
0.5333,-2.5,0.999,0.9999
0.5667,-2.5,0.999,0.9999
0.6,-2.5,0.9991,0.9999
0.6333,-2.5,0.9991,0.9999
0.6667,-2.5,0.9991,0.9998
0.7,-2.5,0.9991,0.9997
0.7333,-2.5,0.9991,0.9994
0.7667,-2.5,0.9991,0.9991
0.8,-2.5,0.9991,0.9985
0.8333,-2.5,0.9991,0.9978
0.8667,-2.5,0.9991,0.9969
0.9,-2.5,0.9992,0.996
0.9333,-2.5,0.9992,0.9951
0.9667,-2.5,0.9992,0.9944
1,-2.5,0.9992,0.9938
1.033,-2.5,0.9992,0.9935
1.067,-2.5,0.9992,0.9932
1.1,-2.5,0.9992,0.9931
1.133,-2.5,0.9992,0.9931
1.167,-2.5,0.9992,0.9932
1.2,-2.5,0.9992,0.9933
1.233,-2.5,0.9992,0.9934
1.267,-2.5,0.9993,0.9936
1.3,-2.5,0.9993,0.9938
1.333,-2.5,0.9993,0.9939
1.367,-2.5,0.9993,0.9941
1.4,-2.5,0.9993,0.9942
1.433,-2.5,0.9993,0.9944
1.467,-2.5,0.9993,0.9945
1.5,-2.5,0.9993,0.9947
1.533,-2.5,0.9993,0.9948
1.567,-2.5,0.9993,0.9949
1.6,-2.5,0.9993,0.9951
1.633,-2.5,0.9993,0.9952
1.667,-2.5,0.9993,0.9953
1.7,-2.5,0.9993,0.9954
1.733,-2.5,0.9993,0.9955
1.767,-2.5,0.9993,0.9956
1.8,-2.5,0.9994,0.9957
1.833,-2.5,0.9994,0.9958
1.867,-2.5,0.9994,0.9959
1.9,-2.5,0.9994,0.996
1.933,-2.5,0.9994,0.996
1.967,-2.5,0.9994,0.9961
2,-2.5,0.9994,0.9962
2.033,-2.5,0.9994,0.9963
2.067,-2.5,0.9994,0.9963
2.1,-2.5,0.9994,0.9964
2.133,-2.5,0.9994,0.9964
2.167,-2.5,0.9994,0.9965
2.2,-2.5,0.9994,0.9966
2.233,-2.5,0.9994,0.9966
2.267,-2.5,0.9994,0.9967
2.3,-2.5,0.9994,0.9967
2.333,-2.5,0.9994,0.9968
2.367,-2.5,0.9994,0.9968
2.4,-2.5,0.9994,0.9968
2.433,-2.5,0.9994,0.9969
2.467,-2.5,0.9994,0.9969
2.5,-2.5,0.9994,0.997
-2.5,-2.467,0.9919,0.6774
-2.467,-2.467,0.9922,0.7031
-2.433,-2.467,0.9925,0.7278
-2.4,-2.467,0.9927,0.7513
-2.367,-2.467,0.9929,0.7735
-2.333,-2.467,0.9932,0.7944
-2.3,-2.467,0.9934,0.814
-2.267,-2.467,0.9936,0.8321
-2.233,-2.467,0.9938,0.8489
-2.2,-2.467,0.994,0.8644
-2.167,-2.467,0.9942,0.8785
-2.133,-2.467,0.9943,0.8914
-2.1,-2.467,0.9945,0.9032
-2.067,-2.467,0.9947,0.9138
-2.033,-2.467,0.9948,0.9233
-2,-2.467,0.995,0.9319
-1.967,-2.467,0.9951,0.9396
-1.933,-2.467,0.9953,0.9465
-1.9,-2.467,0.9954,0.9527
-1.867,-2.467,0.9955,0.9582
-1.833,-2.467,0.9957,0.963
-1.8,-2.467,0.9958,0.9674
-1.767,-2.467,0.9959,0.9712
-1.733,-2.467,0.996,0.9746
-1.7,-2.467,0.9961,0.9776
-1.667,-2.467,0.9962,0.9802
-1.633,-2.467,0.9963,0.9825
-1.6,-2.467,0.9964,0.9846
-1.567,-2.467,0.9965,0.9864
-1.533,-2.467,0.9966,0.988
-1.5,-2.467,0.9967,0.9894
-1.467,-2.467,0.9968,0.9907
-1.433,-2.467,0.9969,0.9917
-1.4,-2.467,0.9969,0.9927
-1.367,-2.467,0.997,0.9936
-1.333,-2.467,0.9971,0.9943
-1.3,-2.467,0.9972,0.9949
-1.267,-2.467,0.9972,0.9955
-1.233,-2.467,0.9973,0.996
-1.2,-2.467,0.9974,0.9965
-1.167,-2.467,0.9974,0.9969
-1.133,-2.467,0.9975,0.9972
-1.1,-2.467,0.9975,0.9975
-1.067,-2.467,0.9976,0.9978
-1.033,-2.467,0.9977,0.998
-1,-2.467,0.9977,0.9982
-0.9667,-2.467,0.9978,0.9984
-0.9333,-2.467,0.9978,0.9986
-0.9,-2.467,0.9979,0.9987
-0.8667,-2.467,0.9979,0.9989
-0.8333,-2.467,0.9979,0.999
-0.8,-2.467,0.998,0.9991
-0.7667,-2.467,0.998,0.9992
-0.7333,-2.467,0.9981,0.9993
-0.7,-2.467,0.9981,0.9993
-0.6667,-2.467,0.9982,0.9994
-0.6333,-2.467,0.9982,0.9995
-0.6,-2.467,0.9982,0.9995
-0.5667,-2.467,0.9983,0.9996
-0.5333,-2.467,0.9983,0.9996
-0.5,-2.467,0.9983,0.9996
-0.4667,-2.467,0.9984,0.9997
-0.4333,-2.467,0.9984,0.9997
-0.4,-2.467,0.9984,0.9997
-0.3667,-2.467,0.9985,0.9997
-0.3333,-2.467,0.9985,0.9998
-0.3,-2.467,0.9985,0.9998
-0.2667,-2.467,0.9985,0.9998
-0.2333,-2.467,0.9986,0.9998
-0.2,-2.467,0.9986,0.9998
-0.1667,-2.467,0.9986,0.9998
-0.1333,-2.467,0.9986,0.9999
-0.1,-2.467,0.9987,0.9999
-0.06667,-2.467,0.9987,0.9999
-0.03333,-2.467,0.9987,0.9999
0,-2.467,0.9987,0.9999
0.03333,-2.467,0.9987,0.9999
0.06667,-2.467,0.9988,0.9999
0.1,-2.467,0.9988,0.9999
0.1333,-2.467,0.9988,0.9999
0.1667,-2.467,0.9988,0.9999
0.2,-2.467,0.9988,0.9999
0.2333,-2.467,0.9989,0.9999
0.2667,-2.467,0.9989,0.9999
0.3,-2.467,0.9989,0.9999
0.3333,-2.467,0.9989,0.9999
0.3667,-2.467,0.9989,0.9999
0.4,-2.467,0.9989,0.9999
0.4333,-2.467,0.999,0.9999
0.4667,-2.467,0.999,0.9999
0.5,-2.467,0.999,0.9999
0.5333,-2.467,0.999,0.9999
0.5667,-2.467,0.999,0.9999
0.6,-2.467,0.999,0.9999
0.6333,-2.467,0.999,0.9998
0.6667,-2.467,0.999,0.9997
0.7,-2.467,0.9991,0.9996
0.7333,-2.467,0.9991,0.9993
0.7667,-2.467,0.9991,0.9989
0.8,-2.467,0.9991,0.9983
0.8333,-2.467,0.9991,0.9975
0.8667,-2.467,0.9991,0.9965
0.9,-2.467,0.9991,0.9955
0.9333,-2.467,0.9991,0.9947
0.9667,-2.467,0.9991,0.994
1,-2.467,0.9992,0.9934
1.033,-2.467,0.9992,0.9931
1.067,-2.467,0.9992,0.9929
1.1,-2.467,0.9992,0.9929
1.133,-2.467,0.9992,0.9929
1.167,-2.467,0.9992,0.993
1.2,-2.467,0.9992,0.9931
1.233,-2.467,0.9992,0.9933
1.267,-2.467,0.9992,0.9934
1.3,-2.467,0.9992,0.9936
1.333,-2.467,0.9992,0.9938
1.367,-2.467,0.9993,0.9939
1.4,-2.467,0.9993,0.9941
1.433,-2.467,0.9993,0.9943
1.467,-2.467,0.9993,0.9944
1.5,-2.467,0.9993,0.9946
1.533,-2.467,0.9993,0.9947
1.567,-2.467,0.9993,0.9949
1.6,-2.467,0.9993,0.995
1.633,-2.467,0.9993,0.9951
1.667,-2.467,0.9993,0.9952
1.7,-2.467,0.9993,0.9953
1.733,-2.467,0.9993,0.9954
1.767,-2.467,0.9993,0.9955
1.8,-2.467,0.9993,0.9956
1.833,-2.467,0.9993,0.9957
1.867,-2.467,0.9993,0.9958
1.9,-2.467,0.9994,0.9959
1.933,-2.467,0.9994,0.996
1.967,-2.467,0.9994,0.9961
2,-2.467,0.9994,0.9961
2.033,-2.467,0.9994,0.9962
2.067,-2.467,0.9994,0.9963
2.1,-2.467,0.9994,0.9963
2.133,-2.467,0.9994,0.9964
2.167,-2.467,0.9994,0.9965
2.2,-2.467,0.9994,0.9965
2.233,-2.467,0.9994,0.9966
2.267,-2.467,0.9994,0.9966
2.3,-2.467,0.9994,0.9967
2.333,-2.467,0.9994,0.9967
2.367,-2.467,0.9994,0.9968
2.4,-2.467,0.9994,0.9968
2.433,-2.467,0.9994,0.9969
2.467,-2.467,0.9994,0.9969
2.5,-2.467,0.9994,0.9969
-2.5,-2.433,0.9912,0.6574
-2.467,-2.433,0.9915,0.6838
-2.433,-2.433,0.9918,0.7093
-2.4,-2.433,0.992,0.7337
-2.367,-2.433,0.9923,0.7568
-2.333,-2.433,0.9925,0.7788
-2.3,-2.433,0.9928,0.7993
-2.267,-2.433,0.993,0.8185
-2.233,-2.433,0.9932,0.8364
-2.2,-2.433,0.9934,0.8528
-2.167,-2.433,0.9936,0.868
-2.133,-2.433,0.9938,0.8818
-2.1,-2.433,0.994,0.8944
-2.067,-2.433,0.9942,0.9059
-2.033,-2.433,0.9944,0.9162
-2,-2.433,0.9945,0.9255
-1.967,-2.433,0.9947,0.9339
-1.933,-2.433,0.9949,0.9414
-1.9,-2.433,0.995,0.9481
-1.867,-2.433,0.9952,0.9541
-1.833,-2.433,0.9953,0.9594
-1.8,-2.433,0.9954,0.9641
-1.767,-2.433,0.9956,0.9683
-1.733,-2.433,0.9957,0.9721
-1.7,-2.433,0.9958,0.9753
-1.667,-2.433,0.9959,0.9782
-1.633,-2.433,0.996,0.9808
-1.6,-2.433,0.9961,0.9831
-1.567,-2.433,0.9962,0.9851
-1.533,-2.433,0.9963,0.9868
-1.5,-2.433,0.9964,0.9884
-1.467,-2.433,0.9965,0.9897
-1.433,-2.433,0.9966,0.9909
-1.4,-2.433,0.9967,0.992
-1.367,-2.433,0.9968,0.9929
-1.333,-2.433,0.9969,0.9937
-1.3,-2.433,0.997,0.9945
-1.267,-2.433,0.997,0.9951
-1.233,-2.433,0.9971,0.9957
-1.2,-2.433,0.9972,0.9961
-1.167,-2.433,0.9972,0.9966
-1.133,-2.433,0.9973,0.997
-1.1,-2.433,0.9974,0.9973
-1.067,-2.433,0.9974,0.9976
-1.033,-2.433,0.9975,0.9979
-1,-2.433,0.9976,0.9981
-0.9667,-2.433,0.9976,0.9983
-0.9333,-2.433,0.9977,0.9985
-0.9,-2.433,0.9977,0.9986
-0.8667,-2.433,0.9978,0.9988
-0.8333,-2.433,0.9978,0.9989
-0.8,-2.433,0.9979,0.999
-0.7667,-2.433,0.9979,0.9991
-0.7333,-2.433,0.998,0.9992
-0.7,-2.433,0.998,0.9993
-0.6667,-2.433,0.998,0.9994
-0.6333,-2.433,0.9981,0.9994
-0.6,-2.433,0.9981,0.9995
-0.5667,-2.433,0.9982,0.9995
-0.5333,-2.433,0.9982,0.9996
-0.5,-2.433,0.9982,0.9996
-0.4667,-2.433,0.9983,0.9996
-0.4333,-2.433,0.9983,0.9997
-0.4,-2.433,0.9983,0.9997
-0.3667,-2.433,0.9984,0.9997
-0.3333,-2.433,0.9984,0.9998
-0.3,-2.433,0.9984,0.9998
-0.2667,-2.433,0.9985,0.9998
-0.2333,-2.433,0.9985,0.9998
-0.2,-2.433,0.9985,0.9998
-0.1667,-2.433,0.9985,0.9998
-0.1333,-2.433,0.9986,0.9999
-0.1,-2.433,0.9986,0.9999
-0.06667,-2.433,0.9986,0.9999
-0.03333,-2.433,0.9986,0.9999
0,-2.433,0.9987,0.9999
0.03333,-2.433,0.9987,0.9999
0.06667,-2.433,0.9987,0.9999
0.1,-2.433,0.9987,0.9999
0.1333,-2.433,0.9988,0.9999
0.1667,-2.433,0.9988,0.9999
0.2,-2.433,0.9988,0.9999
0.2333,-2.433,0.9988,0.9999
0.2667,-2.433,0.9988,0.9999
0.3,-2.433,0.9988,0.9999
0.3333,-2.433,0.9989,0.9999
0.3667,-2.433,0.9989,0.9999
0.4,-2.433,0.9989,0.9999
0.4333,-2.433,0.9989,0.9999
0.4667,-2.433,0.9989,0.9999
0.5,-2.433,0.9989,0.9999
0.5333,-2.433,0.999,0.9999
0.5667,-2.433,0.999,0.9999
0.6,-2.433,0.999,0.9999
0.6333,-2.433,0.999,0.9998
0.6667,-2.433,0.999,0.9997
0.7,-2.433,0.999,0.9995
0.7333,-2.433,0.999,0.9992
0.7667,-2.433,0.9991,0.9987
0.8,-2.433,0.9991,0.998
0.8333,-2.433,0.9991,0.9971
0.8667,-2.433,0.9991,0.9961
0.9,-2.433,0.9991,0.9951
0.9333,-2.433,0.9991,0.9942
0.9667,-2.433,0.9991,0.9935
1,-2.433,0.9991,0.993
1.033,-2.433,0.9991,0.9928
1.067,-2.433,0.9992,0.9926
1.1,-2.433,0.9992,0.9926
1.133,-2.433,0.9992,0.9926
1.167,-2.433,0.9992,0.9928
1.2,-2.433,0.9992,0.9929
1.233,-2.433,0.9992,0.9931
1.267,-2.433,0.9992,0.9933
1.3,-2.433,0.9992,0.9934
1.333,-2.433,0.9992,0.9936
1.367,-2.433,0.9992,0.9938
1.4,-2.433,0.9992,0.994
1.433,-2.433,0.9992,0.9941
1.467,-2.433,0.9993,0.9943
1.5,-2.433,0.9993,0.9945
1.533,-2.433,0.9993,0.9946
1.567,-2.433,0.9993,0.9947
1.6,-2.433,0.9993,0.9949
1.633,-2.433,0.9993,0.995
1.667,-2.433,0.9993,0.9951
1.7,-2.433,0.9993,0.9952
1.733,-2.433,0.9993,0.9954
1.767,-2.433,0.9993,0.9955
1.8,-2.433,0.9993,0.9956
1.833,-2.433,0.9993,0.9957
1.867,-2.433,0.9993,0.9958
1.9,-2.433,0.9993,0.9958
1.933,-2.433,0.9993,0.9959
1.967,-2.433,0.9994,0.996
2,-2.433,0.9994,0.9961
2.033,-2.433,0.9994,0.9962
2.067,-2.433,0.9994,0.9962
2.1,-2.433,0.9994,0.9963
2.133,-2.433,0.9994,0.9964
2.167,-2.433,0.9994,0.9964
2.2,-2.433,0.9994,0.9965
2.233,-2.433,0.9994,0.9965
2.267,-2.433,0.9994,0.9966
2.3,-2.433,0.9994,0.9966
2.333,-2.433,0.9994,0.9967
2.367,-2.433,0.9994,0.9967
2.4,-2.433,0.9994,0.9968
2.433,-2.433,0.9994,0.9968
2.467,-2.433,0.9994,0.9969
2.5,-2.433,0.9994,0.9969
-2.5,-2.4,0.9903,0.6369
-2.467,-2.4,0.9907,0.6639
-2.433,-2.4,0.991,0.6901
-2.4,-2.4,0.9913,0.7153
-2.367,-2.4,0.9916,0.7394
-2.333,-2.4,0.9918,0.7623
-2.3,-2.4,0.9921,0.7839
-2.267,-2.4,0.9924,0.8042
-2.233,-2.4,0.9926,0.823
-2.2,-2.4,0.9928,0.8405
-2.167,-2.4,0.9931,0.8566
-2.133,-2.4,0.9933,0.8715
-2.1,-2.4,0.9935,0.885
-2.067,-2.4,0.9937,0.8973
-2.033,-2.4,0.9939,0.9085
-2,-2.4,0.9941,0.9186
-1.967,-2.4,0.9943,0.9277
-1.933,-2.4,0.9944,0.9358
-1.9,-2.4,0.9946,0.9431
-1.867,-2.4,0.9948,0.9496
-1.833,-2.4,0.9949,0.9555
-1.8,-2.4,0.9951,0.9606
-1.767,-2.4,0.9952,0.9652
-1.733,-2.4,0.9953,0.9693
-1.7,-2.4,0.9955,0.9729
-1.667,-2.4,0.9956,0.9761
-1.633,-2.4,0.9957,0.9789
-1.6,-2.4,0.9958,0.9814
-1.567,-2.4,0.996,0.9836
-1.533,-2.4,0.9961,0.9855
-1.5,-2.4,0.9962,0.9872
-1.467,-2.4,0.9963,0.9887
-1.433,-2.4,0.9964,0.99
-1.4,-2.4,0.9965,0.9912
-1.367,-2.4,0.9966,0.9922
-1.333,-2.4,0.9967,0.9931
-1.3,-2.4,0.9967,0.9939
-1.267,-2.4,0.9968,0.9946
-1.233,-2.4,0.9969,0.9952
-1.2,-2.4,0.997,0.9958
-1.167,-2.4,0.9971,0.9963
-1.133,-2.4,0.9971,0.9967
-1.1,-2.4,0.9972,0.997
-1.067,-2.4,0.9973,0.9974
-1.033,-2.4,0.9973,0.9977
-1,-2.4,0.9974,0.9979
-0.9667,-2.4,0.9975,0.9981
-0.9333,-2.4,0.9975,0.9983
-0.9,-2.4,0.9976,0.9985
-0.8667,-2.4,0.9976,0.9987
-0.8333,-2.4,0.9977,0.9988
-0.8,-2.4,0.9977,0.9989
-0.7667,-2.4,0.9978,0.999
-0.7333,-2.4,0.9978,0.9991
-0.7,-2.4,0.9979,0.9992
-0.6667,-2.4,0.9979,0.9993
-0.6333,-2.4,0.998,0.9994
-0.6,-2.4,0.998,0.9994
-0.5667,-2.4,0.9981,0.9995
-0.5333,-2.4,0.9981,0.9995
-0.5,-2.4,0.9981,0.9996
-0.4667,-2.4,0.9982,0.9996
-0.4333,-2.4,0.9982,0.9996
-0.4,-2.4,0.9982,0.9997
-0.3667,-2.4,0.9983,0.9997
-0.3333,-2.4,0.9983,0.9997
-0.3,-2.4,0.9983,0.9998
-0.2667,-2.4,0.9984,0.9998
-0.2333,-2.4,0.9984,0.9998
-0.2,-2.4,0.9984,0.9998
-0.1667,-2.4,0.9985,0.9998
-0.1333,-2.4,0.9985,0.9998
-0.1,-2.4,0.9985,0.9999
-0.06667,-2.4,0.9985,0.9999
-0.03333,-2.4,0.9986,0.9999
0,-2.4,0.9986,0.9999
0.03333,-2.4,0.9986,0.9999
0.06667,-2.4,0.9986,0.9999
0.1,-2.4,0.9987,0.9999
0.1333,-2.4,0.9987,0.9999
0.1667,-2.4,0.9987,0.9999
0.2,-2.4,0.9987,0.9999
0.2333,-2.4,0.9988,0.9999
0.2667,-2.4,0.9988,0.9999
0.3,-2.4,0.9988,0.9999
0.3333,-2.4,0.9988,0.9999
0.3667,-2.4,0.9988,0.9999
0.4,-2.4,0.9989,0.9999
0.4333,-2.4,0.9989,0.9999
0.4667,-2.4,0.9989,0.9999
0.5,-2.4,0.9989,0.9999
0.5333,-2.4,0.9989,0.9999
0.5667,-2.4,0.9989,0.9999
0.6,-2.4,0.9989,0.9998
0.6333,-2.4,0.999,0.9998
0.6667,-2.4,0.999,0.9996
0.7,-2.4,0.999,0.9994
0.7333,-2.4,0.999,0.999
0.7667,-2.4,0.999,0.9984
0.8,-2.4,0.999,0.9976
0.8333,-2.4,0.999,0.9966
0.8667,-2.4,0.9991,0.9956
0.9,-2.4,0.9991,0.9946
0.9333,-2.4,0.9991,0.9937
0.9667,-2.4,0.9991,0.9931
1,-2.4,0.9991,0.9926
1.033,-2.4,0.9991,0.9924
1.067,-2.4,0.9991,0.9923
1.1,-2.4,0.9991,0.9923
1.133,-2.4,0.9991,0.9924
1.167,-2.4,0.9992,0.9925
1.2,-2.4,0.9992,0.9927
1.233,-2.4,0.9992,0.9929
1.267,-2.4,0.9992,0.9931
1.3,-2.4,0.9992,0.9933
1.333,-2.4,0.9992,0.9935
1.367,-2.4,0.9992,0.9936
1.4,-2.4,0.9992,0.9938
1.433,-2.4,0.9992,0.994
1.467,-2.4,0.9992,0.9942
1.5,-2.4,0.9992,0.9943
1.533,-2.4,0.9993,0.9945
1.567,-2.4,0.9993,0.9946
1.6,-2.4,0.9993,0.9948
1.633,-2.4,0.9993,0.9949
1.667,-2.4,0.9993,0.995
1.7,-2.4,0.9993,0.9952
1.733,-2.4,0.9993,0.9953
1.767,-2.4,0.9993,0.9954
1.8,-2.4,0.9993,0.9955
1.833,-2.4,0.9993,0.9956
1.867,-2.4,0.9993,0.9957
1.9,-2.4,0.9993,0.9958
1.933,-2.4,0.9993,0.9959
1.967,-2.4,0.9993,0.9959
2,-2.4,0.9993,0.996
2.033,-2.4,0.9993,0.9961
2.067,-2.4,0.9994,0.9962
2.1,-2.4,0.9994,0.9962
2.133,-2.4,0.9994,0.9963
2.167,-2.4,0.9994,0.9964
2.2,-2.4,0.9994,0.9964
2.233,-2.4,0.9994,0.9965
2.267,-2.4,0.9994,0.9965
2.3,-2.4,0.9994,0.9966
2.333,-2.4,0.9994,0.9966
2.367,-2.4,0.9994,0.9967
2.4,-2.4,0.9994,0.9967
2.433,-2.4,0.9994,0.9968
2.467,-2.4,0.9994,0.9968
2.5,-2.4,0.9994,0.9969
-2.5,-2.367,0.9894,0.616
-2.467,-2.367,0.9897,0.6436
-2.433,-2.367,0.9901,0.6704
-2.4,-2.367,0.9904,0.6964
-2.367,-2.367,0.9907,0.7213
-2.333,-2.367,0.9911,0.7452
-2.3,-2.367,0.9913,0.7677
-2.267,-2.367,0.9916,0.789
-2.233,-2.367,0.9919,0.8089
-2.2,-2.367,0.9922,0.8274
-2.167,-2.367,0.9924,0.8446
-2.133,-2.367,0.9927,0.8604
-2.1,-2.367,0.9929,0.8749
-2.067,-2.367,0.9931,0.8881
-2.033,-2.367,0.9933,0.9001
-2,-2.367,0.9935,0.911
-1.967,-2.367,0.9937,0.9209
-1.933,-2.367,0.9939,0.9297
-1.9,-2.367,0.9941,0.9377
-1.867,-2.367,0.9943,0.9448
-1.833,-2.367,0.9945,0.9511
-1.8,-2.367,0.9946,0.9568
-1.767,-2.367,0.9948,0.9618
-1.733,-2.367,0.9949,0.9663
-1.7,-2.367,0.9951,0.9702
-1.667,-2.367,0.9952,0.9737
-1.633,-2.367,0.9954,0.9768
-1.6,-2.367,0.9955,0.9795
-1.567,-2.367,0.9956,0.982
-1.533,-2.367,0.9958,0.9841
-1.5,-2.367,0.9959,0.986
-1.467,-2.367,0.996,0.9876
-1.433,-2.367,0.9961,0.9891
-1.4,-2.367,0.9962,0.9903
-1.367,-2.367,0.9963,0.9915
-1.333,-2.367,0.9964,0.9925
-1.3,-2.367,0.9965,0.9933
-1.267,-2.367,0.9966,0.9941
-1.233,-2.367,0.9967,0.9948
-1.2,-2.367,0.9968,0.9954
-1.167,-2.367,0.9968,0.9959
-1.133,-2.367,0.9969,0.9964
-1.1,-2.367,0.997,0.9968
-1.067,-2.367,0.9971,0.9971
-1.033,-2.367,0.9971,0.9974
-1,-2.367,0.9972,0.9977
-0.9667,-2.367,0.9973,0.998
-0.9333,-2.367,0.9974,0.9982
-0.9,-2.367,0.9974,0.9984
-0.8667,-2.367,0.9975,0.9986
-0.8333,-2.367,0.9975,0.9987
-0.8,-2.367,0.9976,0.9988
-0.7667,-2.367,0.9976,0.999
-0.7333,-2.367,0.9977,0.9991
-0.7,-2.367,0.9978,0.9992
-0.6667,-2.367,0.9978,0.9992
-0.6333,-2.367,0.9978,0.9993
-0.6,-2.367,0.9979,0.9994
-0.5667,-2.367,0.9979,0.9994
-0.5333,-2.367,0.998,0.9995
-0.5,-2.367,0.998,0.9995
-0.4667,-2.367,0.9981,0.9996
-0.4333,-2.367,0.9981,0.9996
-0.4,-2.367,0.9981,0.9997
-0.3667,-2.367,0.9982,0.9997
-0.3333,-2.367,0.9982,0.9997
-0.3,-2.367,0.9983,0.9997
-0.2667,-2.367,0.9983,0.9998
-0.2333,-2.367,0.9983,0.9998
-0.2,-2.367,0.9984,0.9998
-0.1667,-2.367,0.9984,0.9998
-0.1333,-2.367,0.9984,0.9998
-0.1,-2.367,0.9984,0.9998
-0.06667,-2.367,0.9985,0.9999
-0.03333,-2.367,0.9985,0.9999
0,-2.367,0.9985,0.9999
0.03333,-2.367,0.9986,0.9999
0.06667,-2.367,0.9986,0.9999
0.1,-2.367,0.9986,0.9999
0.1333,-2.367,0.9986,0.9999
0.1667,-2.367,0.9987,0.9999
0.2,-2.367,0.9987,0.9999
0.2333,-2.367,0.9987,0.9999
0.2667,-2.367,0.9987,0.9999
0.3,-2.367,0.9987,0.9999
0.3333,-2.367,0.9988,0.9999
0.3667,-2.367,0.9988,0.9999
0.4,-2.367,0.9988,0.9999
0.4333,-2.367,0.9988,0.9999
0.4667,-2.367,0.9988,0.9999
0.5,-2.367,0.9989,0.9999
0.5333,-2.367,0.9989,0.9999
0.5667,-2.367,0.9989,0.9999
0.6,-2.367,0.9989,0.9998
0.6333,-2.367,0.9989,0.9997
0.6667,-2.367,0.9989,0.9995
0.7,-2.367,0.999,0.9993
0.7333,-2.367,0.999,0.9988
0.7667,-2.367,0.999,0.9981
0.8,-2.367,0.999,0.9972
0.8333,-2.367,0.999,0.9961
0.8667,-2.367,0.999,0.995
0.9,-2.367,0.999,0.994
0.9333,-2.367,0.999,0.9932
0.9667,-2.367,0.9991,0.9926
1,-2.367,0.9991,0.9922
1.033,-2.367,0.9991,0.992
1.067,-2.367,0.9991,0.992
1.1,-2.367,0.9991,0.992
1.133,-2.367,0.9991,0.9921
1.167,-2.367,0.9991,0.9923
1.2,-2.367,0.9991,0.9925
1.233,-2.367,0.9991,0.9927
1.267,-2.367,0.9992,0.9929
1.3,-2.367,0.9992,0.9931
1.333,-2.367,0.9992,0.9933
1.367,-2.367,0.9992,0.9935
1.4,-2.367,0.9992,0.9937
1.433,-2.367,0.9992,0.9939
1.467,-2.367,0.9992,0.994
1.5,-2.367,0.9992,0.9942
1.533,-2.367,0.9992,0.9944
1.567,-2.367,0.9992,0.9945
1.6,-2.367,0.9992,0.9947
1.633,-2.367,0.9993,0.9948
1.667,-2.367,0.9993,0.9949
1.7,-2.367,0.9993,0.9951
1.733,-2.367,0.9993,0.9952
1.767,-2.367,0.9993,0.9953
1.8,-2.367,0.9993,0.9954
1.833,-2.367,0.9993,0.9955
1.867,-2.367,0.9993,0.9956
1.9,-2.367,0.9993,0.9957
1.933,-2.367,0.9993,0.9958
1.967,-2.367,0.9993,0.9959
2,-2.367,0.9993,0.996
2.033,-2.367,0.9993,0.996
2.067,-2.367,0.9993,0.9961
2.1,-2.367,0.9993,0.9962
2.133,-2.367,0.9993,0.9963
2.167,-2.367,0.9994,0.9963
2.2,-2.367,0.9994,0.9964
2.233,-2.367,0.9994,0.9964
2.267,-2.367,0.9994,0.9965
2.3,-2.367,0.9994,0.9966
2.333,-2.367,0.9994,0.9966
2.367,-2.367,0.9994,0.9967
2.4,-2.367,0.9994,0.9967
2.433,-2.367,0.9994,0.9968
2.467,-2.367,0.9994,0.9968
2.5,-2.367,0.9994,0.9968
-2.5,-2.333,0.9883,0.5948
-2.467,-2.333,0.9887,0.6228
-2.433,-2.333,0.9891,0.6502
-2.4,-2.333,0.9895,0.6769
-2.367,-2.333,0.9898,0.7026
-2.333,-2.333,0.9902,0.7273
-2.3,-2.333,0.9905,0.7508
-2.267,-2.333,0.9908,0.7731
-2.233,-2.333,0.9911,0.794
-2.2,-2.333,0.9914,0.8136
-2.167,-2.333,0.9917,0.8317
-2.133,-2.333,0.992,0.8486
-2.1,-2.333,0.9922,0.8641
-2.067,-2.333,0.9925,0.8782
-2.033,-2.333,0.9927,0.8912
-2,-2.333,0.993,0.9029
-1.967,-2.333,0.9932,0.9135
-1.933,-2.333,0.9934,0.9231
-1.9,-2.333,0.9936,0.9318
-1.867,-2.333,0.9938,0.9395
-1.833,-2.333,0.994,0.9464
-1.8,-2.333,0.9942,0.9526
-1.767,-2.333,0.9943,0.9581
-1.733,-2.333,0.9945,0.9629
-1.7,-2.333,0.9947,0.9673
-1.667,-2.333,0.9948,0.9711
-1.633,-2.333,0.995,0.9745
-1.6,-2.333,0.9951,0.9775
-1.567,-2.333,0.9953,0.9802
-1.533,-2.333,0.9954,0.9825
-1.5,-2.333,0.9955,0.9846
-1.467,-2.333,0.9957,0.9864
-1.433,-2.333,0.9958,0.988
-1.4,-2.333,0.9959,0.9894
-1.367,-2.333,0.996,0.9906
-1.333,-2.333,0.9961,0.9917
-1.3,-2.333,0.9962,0.9927
-1.267,-2.333,0.9963,0.9935
-1.233,-2.333,0.9964,0.9943
-1.2,-2.333,0.9965,0.9949
-1.167,-2.333,0.9966,0.9955
-1.133,-2.333,0.9967,0.996
-1.1,-2.333,0.9968,0.9965
-1.067,-2.333,0.9969,0.9969
-1.033,-2.333,0.9969,0.9972
-1,-2.333,0.997,0.9975
-0.9667,-2.333,0.9971,0.9978
-0.9333,-2.333,0.9972,0.998
-0.9,-2.333,0.9972,0.9982
-0.8667,-2.333,0.9973,0.9984
-0.8333,-2.333,0.9974,0.9986
-0.8,-2.333,0.9974,0.9987
-0.7667,-2.333,0.9975,0.9989
-0.7333,-2.333,0.9975,0.999
-0.7,-2.333,0.9976,0.9991
-0.6667,-2.333,0.9977,0.9992
-0.6333,-2.333,0.9977,0.9993
-0.6,-2.333,0.9978,0.9993
-0.5667,-2.333,0.9978,0.9994
-0.5333,-2.333,0.9979,0.9995
-0.5,-2.333,0.9979,0.9995
-0.4667,-2.333,0.998,0.9996
-0.4333,-2.333,0.998,0.9996
-0.4,-2.333,0.998,0.9996
-0.3667,-2.333,0.9981,0.9997
-0.3333,-2.333,0.9981,0.9997
-0.3,-2.333,0.9982,0.9997
-0.2667,-2.333,0.9982,0.9997
-0.2333,-2.333,0.9982,0.9998
-0.2,-2.333,0.9983,0.9998
-0.1667,-2.333,0.9983,0.9998
-0.1333,-2.333,0.9983,0.9998
-0.1,-2.333,0.9984,0.9998
-0.06667,-2.333,0.9984,0.9998
-0.03333,-2.333,0.9984,0.9999
0,-2.333,0.9985,0.9999
0.03333,-2.333,0.9985,0.9999
0.06667,-2.333,0.9985,0.9999
0.1,-2.333,0.9985,0.9999
0.1333,-2.333,0.9986,0.9999
0.1667,-2.333,0.9986,0.9999
0.2,-2.333,0.9986,0.9999
0.2333,-2.333,0.9986,0.9999
0.2667,-2.333,0.9987,0.9999
0.3,-2.333,0.9987,0.9999
0.3333,-2.333,0.9987,0.9999
0.3667,-2.333,0.9987,0.9999
0.4,-2.333,0.9987,0.9999
0.4333,-2.333,0.9988,0.9999
0.4667,-2.333,0.9988,0.9999
0.5,-2.333,0.9988,0.9999
0.5333,-2.333,0.9988,0.9999
0.5667,-2.333,0.9988,0.9998
0.6,-2.333,0.9989,0.9998
0.6333,-2.333,0.9989,0.9997
0.6667,-2.333,0.9989,0.9995
0.7,-2.333,0.9989,0.9991
0.7333,-2.333,0.9989,0.9986
0.7667,-2.333,0.9989,0.9978
0.8,-2.333,0.999,0.9967
0.8333,-2.333,0.999,0.9956
0.8667,-2.333,0.999,0.9945
0.9,-2.333,0.999,0.9935
0.9333,-2.333,0.999,0.9927
0.9667,-2.333,0.999,0.9921
1,-2.333,0.999,0.9918
1.033,-2.333,0.9991,0.9917
1.067,-2.333,0.9991,0.9916
1.1,-2.333,0.9991,0.9917
1.133,-2.333,0.9991,0.9919
1.167,-2.333,0.9991,0.992
1.2,-2.333,0.9991,0.9922
1.233,-2.333,0.9991,0.9925
1.267,-2.333,0.9991,0.9927
1.3,-2.333,0.9991,0.9929
1.333,-2.333,0.9992,0.9931
1.367,-2.333,0.9992,0.9933
1.4,-2.333,0.9992,0.9935
1.433,-2.333,0.9992,0.9937
1.467,-2.333,0.9992,0.9939
1.5,-2.333,0.9992,0.9941
1.533,-2.333,0.9992,0.9943
1.567,-2.333,0.9992,0.9944
1.6,-2.333,0.9992,0.9946
1.633,-2.333,0.9992,0.9947
1.667,-2.333,0.9992,0.9948
1.7,-2.333,0.9992,0.995
1.733,-2.333,0.9993,0.9951
1.767,-2.333,0.9993,0.9952
1.8,-2.333,0.9993,0.9953
1.833,-2.333,0.9993,0.9954
1.867,-2.333,0.9993,0.9955
1.9,-2.333,0.9993,0.9956
1.933,-2.333,0.9993,0.9957
1.967,-2.333,0.9993,0.9958
2,-2.333,0.9993,0.9959
2.033,-2.333,0.9993,0.996
2.067,-2.333,0.9993,0.9961
2.1,-2.333,0.9993,0.9961
2.133,-2.333,0.9993,0.9962
2.167,-2.333,0.9993,0.9963
2.2,-2.333,0.9993,0.9963
2.233,-2.333,0.9993,0.9964
2.267,-2.333,0.9994,0.9965
2.3,-2.333,0.9994,0.9965
2.333,-2.333,0.9994,0.9966
2.367,-2.333,0.9994,0.9966
2.4,-2.333,0.9994,0.9967
2.433,-2.333,0.9994,0.9967
2.467,-2.333,0.9994,0.9968
2.5,-2.333,0.9994,0.9968
-2.5,-2.3,0.9871,0.5734
-2.467,-2.3,0.9876,0.6017
-2.433,-2.3,0.988,0.6295
-2.4,-2.3,0.9884,0.6568
-2.367,-2.3,0.9888,0.6832
-2.333,-2.3,0.9892,0.7087
-2.3,-2.3,0.9896,0.7331
-2.267,-2.3,0.9899,0.7564
-2.233,-2.3,0.9903,0.7783
-2.2,-2.3,0.9906,0.7989
-2.167,-2.3,0.9909,0.8181
-2.133,-2.3,0.9912,0.836
-2.1,-2.3,0.9915,0.8525
-2.067,-2.3,0.9918,0.8676
-2.033,-2.3,0.9921,0.8815
-2,-2.3,0.9923,0.8941
-1.967,-2.3,0.9926,0.9056
-1.933,-2.3,0.9928,0.916
-1.9,-2.3,0.993,0.9253
-1.867,-2.3,0.9932,0.9337
-1.833,-2.3,0.9935,0.9412
-1.8,-2.3,0.9937,0.948
-1.767,-2.3,0.9939,0.954
-1.733,-2.3,0.994,0.9593
-1.7,-2.3,0.9942,0.964
-1.667,-2.3,0.9944,0.9683
-1.633,-2.3,0.9946,0.972
-1.6,-2.3,0.9947,0.9753
-1.567,-2.3,0.9949,0.9782
-1.533,-2.3,0.995,0.9808
-1.5,-2.3,0.9952,0.983
-1.467,-2.3,0.9953,0.985
-1.433,-2.3,0.9954,0.9868
-1.4,-2.3,0.9956,0.9883
-1.367,-2.3,0.9957,0.9897
-1.333,-2.3,0.9958,0.9909
-1.3,-2.3,0.9959,0.992
-1.267,-2.3,0.996,0.9929
-1.233,-2.3,0.9962,0.9937
-1.2,-2.3,0.9963,0.9944
-1.167,-2.3,0.9964,0.9951
-1.133,-2.3,0.9965,0.9956
-1.1,-2.3,0.9965,0.9961
-1.067,-2.3,0.9966,0.9966
-1.033,-2.3,0.9967,0.997
-1,-2.3,0.9968,0.9973
-0.9667,-2.3,0.9969,0.9976
-0.9333,-2.3,0.997,0.9979
-0.9,-2.3,0.997,0.9981
-0.8667,-2.3,0.9971,0.9983
-0.8333,-2.3,0.9972,0.9985
-0.8,-2.3,0.9973,0.9986
-0.7667,-2.3,0.9973,0.9988
-0.7333,-2.3,0.9974,0.9989
-0.7,-2.3,0.9974,0.999
-0.6667,-2.3,0.9975,0.9991
-0.6333,-2.3,0.9976,0.9992
-0.6,-2.3,0.9976,0.9993
-0.5667,-2.3,0.9977,0.9994
-0.5333,-2.3,0.9977,0.9994
-0.5,-2.3,0.9978,0.9995
-0.4667,-2.3,0.9978,0.9995
-0.4333,-2.3,0.9979,0.9996
-0.4,-2.3,0.9979,0.9996
-0.3667,-2.3,0.998,0.9996
-0.3333,-2.3,0.998,0.9997
-0.3,-2.3,0.9981,0.9997
-0.2667,-2.3,0.9981,0.9997
-0.2333,-2.3,0.9981,0.9998
-0.2,-2.3,0.9982,0.9998
-0.1667,-2.3,0.9982,0.9998
-0.1333,-2.3,0.9982,0.9998
-0.1,-2.3,0.9983,0.9998
-0.06667,-2.3,0.9983,0.9998
-0.03333,-2.3,0.9983,0.9998
0,-2.3,0.9984,0.9999
0.03333,-2.3,0.9984,0.9999
0.06667,-2.3,0.9984,0.9999
0.1,-2.3,0.9985,0.9999
0.1333,-2.3,0.9985,0.9999
0.1667,-2.3,0.9985,0.9999
0.2,-2.3,0.9985,0.9999
0.2333,-2.3,0.9986,0.9999
0.2667,-2.3,0.9986,0.9999
0.3,-2.3,0.9986,0.9999
0.3333,-2.3,0.9986,0.9999
0.3667,-2.3,0.9987,0.9999
0.4,-2.3,0.9987,0.9999
0.4333,-2.3,0.9987,0.9999
0.4667,-2.3,0.9987,0.9999
0.5,-2.3,0.9988,0.9999
0.5333,-2.3,0.9988,0.9999
0.5667,-2.3,0.9988,0.9998
0.6,-2.3,0.9988,0.9997
0.6333,-2.3,0.9988,0.9996
0.6667,-2.3,0.9988,0.9993
0.7,-2.3,0.9989,0.9989
0.7333,-2.3,0.9989,0.9983
0.7667,-2.3,0.9989,0.9973
0.8,-2.3,0.9989,0.9962
0.8333,-2.3,0.9989,0.995
0.8667,-2.3,0.9989,0.9939
0.9,-2.3,0.999,0.9929
0.9333,-2.3,0.999,0.9922
0.9667,-2.3,0.999,0.9917
1,-2.3,0.999,0.9914
1.033,-2.3,0.999,0.9913
1.067,-2.3,0.999,0.9913
1.1,-2.3,0.999,0.9914
1.133,-2.3,0.9991,0.9916
1.167,-2.3,0.9991,0.9918
1.2,-2.3,0.9991,0.992
1.233,-2.3,0.9991,0.9922
1.267,-2.3,0.9991,0.9925
1.3,-2.3,0.9991,0.9927
1.333,-2.3,0.9991,0.9929
1.367,-2.3,0.9991,0.9932
1.4,-2.3,0.9991,0.9934
1.433,-2.3,0.9992,0.9936
1.467,-2.3,0.9992,0.9938
1.5,-2.3,0.9992,0.994
1.533,-2.3,0.9992,0.9941
1.567,-2.3,0.9992,0.9943
1.6,-2.3,0.9992,0.9944
1.633,-2.3,0.9992,0.9946
1.667,-2.3,0.9992,0.9947
1.7,-2.3,0.9992,0.9949
1.733,-2.3,0.9992,0.995
1.767,-2.3,0.9992,0.9951
1.8,-2.3,0.9992,0.9952
1.833,-2.3,0.9993,0.9954
1.867,-2.3,0.9993,0.9955
1.9,-2.3,0.9993,0.9956
1.933,-2.3,0.9993,0.9957
1.967,-2.3,0.9993,0.9958
2,-2.3,0.9993,0.9958
2.033,-2.3,0.9993,0.9959
2.067,-2.3,0.9993,0.996
2.1,-2.3,0.9993,0.9961
2.133,-2.3,0.9993,0.9962
2.167,-2.3,0.9993,0.9962
2.2,-2.3,0.9993,0.9963
2.233,-2.3,0.9993,0.9964
2.267,-2.3,0.9993,0.9964
2.3,-2.3,0.9993,0.9965
2.333,-2.3,0.9994,0.9965
2.367,-2.3,0.9994,0.9966
2.4,-2.3,0.9994,0.9966
2.433,-2.3,0.9994,0.9967
2.467,-2.3,0.9994,0.9967
2.5,-2.3,0.9994,0.9968
-2.5,-2.267,0.9858,0.5518
-2.467,-2.267,0.9863,0.5803
-2.433,-2.267,0.9868,0.6085
-2.4,-2.267,0.9873,0.6363
-2.367,-2.267,0.9877,0.6633
-2.333,-2.267,0.9881,0.6896
-2.3,-2.267,0.9886,0.7148
-2.267,-2.267,0.9889,0.7389
-2.233,-2.267,0.9893,0.7618
-2.2,-2.267,0.9897,0.7835
-2.167,-2.267,0.99,0.8037
-2.133,-2.267,0.9904,0.8226
-2.1,-2.267,0.9907,0.8401
-2.067,-2.267,0.991,0.8563
-2.033,-2.267,0.9913,0.8712
-2,-2.267,0.9916,0.8847
-1.967,-2.267,0.9919,0.8971
-1.933,-2.267,0.9921,0.9083
-1.9,-2.267,0.9924,0.9184
-1.867,-2.267,0.9926,0.9275
-1.833,-2.267,0.9929,0.9356
-1.8,-2.267,0.9931,0.943
-1.767,-2.267,0.9933,0.9495
-1.733,-2.267,0.9935,0.9553
-1.7,-2.267,0.9937,0.9605
-1.667,-2.267,0.9939,0.9651
-1.633,-2.267,0.9941,0.9692
-1.6,-2.267,0.9943,0.9728
-1.567,-2.267,0.9944,0.976
-1.533,-2.267,0.9946,0.9788
-1.5,-2.267,0.9948,0.9813
-1.467,-2.267,0.9949,0.9835
-1.433,-2.267,0.9951,0.9855
-1.4,-2.267,0.9952,0.9872
-1.367,-2.267,0.9954,0.9887
-1.333,-2.267,0.9955,0.99
-1.3,-2.267,0.9956,0.9912
-1.267,-2.267,0.9957,0.9922
-1.233,-2.267,0.9959,0.9931
-1.2,-2.267,0.996,0.9939
-1.167,-2.267,0.9961,0.9946
-1.133,-2.267,0.9962,0.9952
-1.1,-2.267,0.9963,0.9958
-1.067,-2.267,0.9964,0.9962
-1.033,-2.267,0.9965,0.9967
-1,-2.267,0.9966,0.997
-0.9667,-2.267,0.9967,0.9974
-0.9333,-2.267,0.9968,0.9977
-0.9,-2.267,0.9968,0.9979
-0.8667,-2.267,0.9969,0.9981
-0.8333,-2.267,0.997,0.9983
-0.8,-2.267,0.9971,0.9985
-0.7667,-2.267,0.9971,0.9987
-0.7333,-2.267,0.9972,0.9988
-0.7,-2.267,0.9973,0.9989
-0.6667,-2.267,0.9973,0.999
-0.6333,-2.267,0.9974,0.9991
-0.6,-2.267,0.9975,0.9992
-0.5667,-2.267,0.9975,0.9993
-0.5333,-2.267,0.9976,0.9994
-0.5,-2.267,0.9976,0.9994
-0.4667,-2.267,0.9977,0.9995
-0.4333,-2.267,0.9977,0.9995
-0.4,-2.267,0.9978,0.9996
-0.3667,-2.267,0.9978,0.9996
-0.3333,-2.267,0.9979,0.9996
-0.3,-2.267,0.9979,0.9997
-0.2667,-2.267,0.998,0.9997
-0.2333,-2.267,0.998,0.9997
-0.2,-2.267,0.9981,0.9998
-0.1667,-2.267,0.9981,0.9998
-0.1333,-2.267,0.9981,0.9998
-0.1,-2.267,0.9982,0.9998
-0.06667,-2.267,0.9982,0.9998
-0.03333,-2.267,0.9983,0.9998
0,-2.267,0.9983,0.9999
0.03333,-2.267,0.9983,0.9999
0.06667,-2.267,0.9984,0.9999
0.1,-2.267,0.9984,0.9999
0.1333,-2.267,0.9984,0.9999
0.1667,-2.267,0.9984,0.9999
0.2,-2.267,0.9985,0.9999
0.2333,-2.267,0.9985,0.9999
0.2667,-2.267,0.9985,0.9999
0.3,-2.267,0.9986,0.9999
0.3333,-2.267,0.9986,0.9999
0.3667,-2.267,0.9986,0.9999
0.4,-2.267,0.9986,0.9999
0.4333,-2.267,0.9987,0.9999
0.4667,-2.267,0.9987,0.9999
0.5,-2.267,0.9987,0.9999
0.5333,-2.267,0.9987,0.9998
0.5667,-2.267,0.9987,0.9998
0.6,-2.267,0.9988,0.9997
0.6333,-2.267,0.9988,0.9995
0.6667,-2.267,0.9988,0.9992
0.7,-2.267,0.9988,0.9987
0.7333,-2.267,0.9988,0.9979
0.7667,-2.267,0.9989,0.9969
0.8,-2.267,0.9989,0.9957
0.8333,-2.267,0.9989,0.9944
0.8667,-2.267,0.9989,0.9932
0.9,-2.267,0.9989,0.9923
0.9333,-2.267,0.9989,0.9916
0.9667,-2.267,0.9989,0.9912
1,-2.267,0.999,0.9909
1.033,-2.267,0.999,0.9909
1.067,-2.267,0.999,0.9909
1.1,-2.267,0.999,0.9911
1.133,-2.267,0.999,0.9913
1.167,-2.267,0.999,0.9915
1.2,-2.267,0.999,0.9918
1.233,-2.267,0.9991,0.992
1.267,-2.267,0.9991,0.9923
1.3,-2.267,0.9991,0.9925
1.333,-2.267,0.9991,0.9928
1.367,-2.267,0.9991,0.993
1.4,-2.267,0.9991,0.9932
1.433,-2.267,0.9991,0.9934
1.467,-2.267,0.9991,0.9936
1.5,-2.267,0.9991,0.9938
1.533,-2.267,0.9992,0.994
1.567,-2.267,0.9992,0.9942
1.6,-2.267,0.9992,0.9943
1.633,-2.267,0.9992,0.9945
1.667,-2.267,0.9992,0.9946
1.7,-2.267,0.9992,0.9948
1.733,-2.267,0.9992,0.9949
1.767,-2.267,0.9992,0.995
1.8,-2.267,0.9992,0.9952
1.833,-2.267,0.9992,0.9953
1.867,-2.267,0.9992,0.9954
1.9,-2.267,0.9993,0.9955
1.933,-2.267,0.9993,0.9956
1.967,-2.267,0.9993,0.9957
2,-2.267,0.9993,0.9958
2.033,-2.267,0.9993,0.9959
2.067,-2.267,0.9993,0.9959
2.1,-2.267,0.9993,0.996
2.133,-2.267,0.9993,0.9961
2.167,-2.267,0.9993,0.9962
2.2,-2.267,0.9993,0.9962
2.233,-2.267,0.9993,0.9963
2.267,-2.267,0.9993,0.9964
2.3,-2.267,0.9993,0.9964
2.333,-2.267,0.9993,0.9965
2.367,-2.267,0.9993,0.9965
2.4,-2.267,0.9993,0.9966
2.433,-2.267,0.9994,0.9966
2.467,-2.267,0.9994,0.9967
2.5,-2.267,0.9994,0.9967
-2.5,-2.233,0.9843,0.5302
-2.467,-2.233,0.9849,0.5588
-2.433,-2.233,0.9854,0.5873
-2.4,-2.233,0.986,0.6154
-2.367,-2.233,0.9865,0.643
-2.333,-2.233,0.9869,0.6698
-2.3,-2.233,0.9874,0.6958
-2.267,-2.233,0.9878,0.7208
-2.233,-2.233,0.9883,0.7447
-2.2,-2.233,0.9887,0.7673
-2.167,-2.233,0.9891,0.7885
-2.133,-2.233,0.9894,0.8085
-2.1,-2.233,0.9898,0.827
-2.067,-2.233,0.9901,0.8442
-2.033,-2.233,0.9905,0.8601
-2,-2.233,0.9908,0.8746
-1.967,-2.233,0.9911,0.8878
-1.933,-2.233,0.9914,0.8999
-1.9,-2.233,0.9917,0.9108
-1.867,-2.233,0.9919,0.9207
-1.833,-2.233,0.9922,0.9295
-1.8,-2.233,0.9925,0.9375
-1.767,-2.233,0.9927,0.9446
-1.733,-2.233,0.9929,0.951
-1.7,-2.233,0.9931,0.9567
-1.667,-2.233,0.9934,0.9617
-1.633,-2.233,0.9936,0.9662
-1.6,-2.233,0.9938,0.9701
-1.567,-2.233,0.994,0.9736
-1.533,-2.233,0.9941,0.9767
-1.5,-2.233,0.9943,0.9795
-1.467,-2.233,0.9945,0.9819
-1.433,-2.233,0.9947,0.984
-1.4,-2.233,0.9948,0.9859
-1.367,-2.233,0.995,0.9876
-1.333,-2.233,0.9951,0.989
-1.3,-2.233,0.9953,0.9903
-1.267,-2.233,0.9954,0.9914
-1.233,-2.233,0.9955,0.9924
-1.2,-2.233,0.9956,0.9933
-1.167,-2.233,0.9958,0.9941
-1.133,-2.233,0.9959,0.9948
-1.1,-2.233,0.996,0.9954
-1.067,-2.233,0.9961,0.9959
-1.033,-2.233,0.9962,0.9964
-1,-2.233,0.9963,0.9968
-0.9667,-2.233,0.9964,0.9971
-0.9333,-2.233,0.9965,0.9974
-0.9,-2.233,0.9966,0.9977
-0.8667,-2.233,0.9967,0.998
-0.8333,-2.233,0.9968,0.9982
-0.8,-2.233,0.9969,0.9984
-0.7667,-2.233,0.9969,0.9986
-0.7333,-2.233,0.997,0.9987
-0.7,-2.233,0.9971,0.9988
-0.6667,-2.233,0.9972,0.999
-0.6333,-2.233,0.9972,0.9991
-0.6,-2.233,0.9973,0.9992
-0.5667,-2.233,0.9974,0.9992
-0.5333,-2.233,0.9974,0.9993
-0.5,-2.233,0.9975,0.9994
-0.4667,-2.233,0.9975,0.9994
-0.4333,-2.233,0.9976,0.9995
-0.4,-2.233,0.9977,0.9995
-0.3667,-2.233,0.9977,0.9996
-0.3333,-2.233,0.9978,0.9996
-0.3,-2.233,0.9978,0.9997
-0.2667,-2.233,0.9979,0.9997
-0.2333,-2.233,0.9979,0.9997
-0.2,-2.233,0.9979,0.9997
-0.1667,-2.233,0.998,0.9998
-0.1333,-2.233,0.998,0.9998
-0.1,-2.233,0.9981,0.9998
-0.06667,-2.233,0.9981,0.9998
-0.03333,-2.233,0.9982,0.9998
0,-2.233,0.9982,0.9998
0.03333,-2.233,0.9982,0.9999
0.06667,-2.233,0.9983,0.9999
0.1,-2.233,0.9983,0.9999
0.1333,-2.233,0.9983,0.9999
0.1667,-2.233,0.9984,0.9999
0.2,-2.233,0.9984,0.9999
0.2333,-2.233,0.9984,0.9999
0.2667,-2.233,0.9985,0.9999
0.3,-2.233,0.9985,0.9999
0.3333,-2.233,0.9985,0.9999
0.3667,-2.233,0.9985,0.9999
0.4,-2.233,0.9986,0.9999
0.4333,-2.233,0.9986,0.9999
0.4667,-2.233,0.9986,0.9999
0.5,-2.233,0.9986,0.9999
0.5333,-2.233,0.9987,0.9998
0.5667,-2.233,0.9987,0.9997
0.6,-2.233,0.9987,0.9996
0.6333,-2.233,0.9987,0.9994
0.6667,-2.233,0.9987,0.999
0.7,-2.233,0.9988,0.9984
0.7333,-2.233,0.9988,0.9975
0.7667,-2.233,0.9988,0.9964
0.8,-2.233,0.9988,0.995
0.8333,-2.233,0.9988,0.9937
0.8667,-2.233,0.9989,0.9926
0.9,-2.233,0.9989,0.9917
0.9333,-2.233,0.9989,0.991
0.9667,-2.233,0.9989,0.9906
1,-2.233,0.9989,0.9905
1.033,-2.233,0.9989,0.9905
1.067,-2.233,0.999,0.9906
1.1,-2.233,0.999,0.9907
1.133,-2.233,0.999,0.991
1.167,-2.233,0.999,0.9912
1.2,-2.233,0.999,0.9915
1.233,-2.233,0.999,0.9918
1.267,-2.233,0.999,0.992
1.3,-2.233,0.999,0.9923
1.333,-2.233,0.9991,0.9926
1.367,-2.233,0.9991,0.9928
1.4,-2.233,0.9991,0.993
1.433,-2.233,0.9991,0.9933
1.467,-2.233,0.9991,0.9935
1.5,-2.233,0.9991,0.9937
1.533,-2.233,0.9991,0.9939
1.567,-2.233,0.9991,0.994
1.6,-2.233,0.9991,0.9942
1.633,-2.233,0.9992,0.9944
1.667,-2.233,0.9992,0.9945
1.7,-2.233,0.9992,0.9947
1.733,-2.233,0.9992,0.9948
1.767,-2.233,0.9992,0.9949
1.8,-2.233,0.9992,0.9951
1.833,-2.233,0.9992,0.9952
1.867,-2.233,0.9992,0.9953
1.9,-2.233,0.9992,0.9954
1.933,-2.233,0.9992,0.9955
1.967,-2.233,0.9992,0.9956
2,-2.233,0.9993,0.9957
2.033,-2.233,0.9993,0.9958
2.067,-2.233,0.9993,0.9959
2.1,-2.233,0.9993,0.996
2.133,-2.233,0.9993,0.996
2.167,-2.233,0.9993,0.9961
2.2,-2.233,0.9993,0.9962
2.233,-2.233,0.9993,0.9963
2.267,-2.233,0.9993,0.9963
2.3,-2.233,0.9993,0.9964
2.333,-2.233,0.9993,0.9964
2.367,-2.233,0.9993,0.9965
2.4,-2.233,0.9993,0.9966
2.433,-2.233,0.9993,0.9966
2.467,-2.233,0.9993,0.9967
2.5,-2.233,0.9993,0.9967
-2.5,-2.2,0.9827,0.5086
-2.467,-2.2,0.9833,0.5372
-2.433,-2.2,0.9839,0.5658
-2.4,-2.2,0.9845,0.5942
-2.367,-2.2,0.9851,0.6222
-2.333,-2.2,0.9856,0.6496
-2.3,-2.2,0.9861,0.6763
-2.267,-2.2,0.9866,0.702
-2.233,-2.2,0.9871,0.7268
-2.2,-2.2,0.9875,0.7503
-2.167,-2.2,0.988,0.7726
-2.133,-2.2,0.9884,0.7935
-2.1,-2.2,0.9888,0.8131
-2.067,-2.2,0.9892,0.8314
-2.033,-2.2,0.9895,0.8482
-2,-2.2,0.9899,0.8637
-1.967,-2.2,0.9902,0.8779
-1.933,-2.2,0.9906,0.8909
-1.9,-2.2,0.9909,0.9027
-1.867,-2.2,0.9912,0.9133
-1.833,-2.2,0.9915,0.9229
-1.8,-2.2,0.9917,0.9316
-1.767,-2.2,0.992,0.9393
-1.733,-2.2,0.9923,0.9463
-1.7,-2.2,0.9925,0.9524
-1.667,-2.2,0.9928,0.9579
-1.633,-2.2,0.993,0.9628
-1.6,-2.2,0.9932,0.9672
-1.567,-2.2,0.9934,0.971
-1.533,-2.2,0.9936,0.9744
-1.5,-2.2,0.9938,0.9774
-1.467,-2.2,0.994,0.9801
-1.433,-2.2,0.9942,0.9825
-1.4,-2.2,0.9944,0.9845
-1.367,-2.2,0.9945,0.9863
-1.333,-2.2,0.9947,0.9879
-1.3,-2.2,0.9949,0.9894
-1.267,-2.2,0.995,0.9906
-1.233,-2.2,0.9952,0.9917
-1.2,-2.2,0.9953,0.9927
-1.167,-2.2,0.9954,0.9935
-1.133,-2.2,0.9956,0.9943
-1.1,-2.2,0.9957,0.9949
-1.067,-2.2,0.9958,0.9955
-1.033,-2.2,0.9959,0.996
-1,-2.2,0.996,0.9965
-0.9667,-2.2,0.9961,0.9969
-0.9333,-2.2,0.9962,0.9972
-0.9,-2.2,0.9963,0.9975
-0.8667,-2.2,0.9964,0.9978
-0.8333,-2.2,0.9965,0.998
-0.8,-2.2,0.9966,0.9982
-0.7667,-2.2,0.9967,0.9984
-0.7333,-2.2,0.9968,0.9986
-0.7,-2.2,0.9969,0.9987
-0.6667,-2.2,0.997,0.9989
-0.6333,-2.2,0.997,0.999
-0.6,-2.2,0.9971,0.9991
-0.5667,-2.2,0.9972,0.9992
-0.5333,-2.2,0.9972,0.9993
-0.5,-2.2,0.9973,0.9993
-0.4667,-2.2,0.9974,0.9994
-0.4333,-2.2,0.9974,0.9995
-0.4,-2.2,0.9975,0.9995
-0.3667,-2.2,0.9976,0.9996
-0.3333,-2.2,0.9976,0.9996
-0.3,-2.2,0.9977,0.9996
-0.2667,-2.2,0.9977,0.9997
-0.2333,-2.2,0.9978,0.9997
-0.2,-2.2,0.9978,0.9997
-0.1667,-2.2,0.9979,0.9997
-0.1333,-2.2,0.9979,0.9998
-0.1,-2.2,0.998,0.9998
-0.06667,-2.2,0.998,0.9998
-0.03333,-2.2,0.998,0.9998
0,-2.2,0.9981,0.9998
0.03333,-2.2,0.9981,0.9998
0.06667,-2.2,0.9982,0.9999
0.1,-2.2,0.9982,0.9999
0.1333,-2.2,0.9982,0.9999
0.1667,-2.2,0.9983,0.9999
0.2,-2.2,0.9983,0.9999
0.2333,-2.2,0.9983,0.9999
0.2667,-2.2,0.9984,0.9999
0.3,-2.2,0.9984,0.9999
0.3333,-2.2,0.9984,0.9999
0.3667,-2.2,0.9985,0.9999
0.4,-2.2,0.9985,0.9999
0.4333,-2.2,0.9985,0.9999
0.4667,-2.2,0.9985,0.9999
0.5,-2.2,0.9986,0.9998
0.5333,-2.2,0.9986,0.9998
0.5667,-2.2,0.9986,0.9997
0.6,-2.2,0.9986,0.9995
0.6333,-2.2,0.9987,0.9993
0.6667,-2.2,0.9987,0.9988
0.7,-2.2,0.9987,0.9981
0.7333,-2.2,0.9987,0.997
0.7667,-2.2,0.9987,0.9958
0.8,-2.2,0.9988,0.9944
0.8333,-2.2,0.9988,0.993
0.8667,-2.2,0.9988,0.9919
0.9,-2.2,0.9988,0.991
0.9333,-2.2,0.9988,0.9904
0.9667,-2.2,0.9989,0.9901
1,-2.2,0.9989,0.99
1.033,-2.2,0.9989,0.99
1.067,-2.2,0.9989,0.9902
1.1,-2.2,0.9989,0.9904
1.133,-2.2,0.9989,0.9907
1.167,-2.2,0.999,0.9909
1.2,-2.2,0.999,0.9912
1.233,-2.2,0.999,0.9915
1.267,-2.2,0.999,0.9918
1.3,-2.2,0.999,0.9921
1.333,-2.2,0.999,0.9924
1.367,-2.2,0.999,0.9926
1.4,-2.2,0.9991,0.9929
1.433,-2.2,0.9991,0.9931
1.467,-2.2,0.9991,0.9933
1.5,-2.2,0.9991,0.9935
1.533,-2.2,0.9991,0.9937
1.567,-2.2,0.9991,0.9939
1.6,-2.2,0.9991,0.9941
1.633,-2.2,0.9991,0.9942
1.667,-2.2,0.9991,0.9944
1.7,-2.2,0.9992,0.9946
1.733,-2.2,0.9992,0.9947
1.767,-2.2,0.9992,0.9948
1.8,-2.2,0.9992,0.995
1.833,-2.2,0.9992,0.9951
1.867,-2.2,0.9992,0.9952
1.9,-2.2,0.9992,0.9953
1.933,-2.2,0.9992,0.9954
1.967,-2.2,0.9992,0.9955
2,-2.2,0.9992,0.9956
2.033,-2.2,0.9992,0.9957
2.067,-2.2,0.9992,0.9958
2.1,-2.2,0.9993,0.9959
2.133,-2.2,0.9993,0.996
2.167,-2.2,0.9993,0.9961
2.2,-2.2,0.9993,0.9961
2.233,-2.2,0.9993,0.9962
2.267,-2.2,0.9993,0.9963
2.3,-2.2,0.9993,0.9963
2.333,-2.2,0.9993,0.9964
2.367,-2.2,0.9993,0.9965
2.4,-2.2,0.9993,0.9965
2.433,-2.2,0.9993,0.9966
2.467,-2.2,0.9993,0.9966
2.5,-2.2,0.9993,0.9967
-2.5,-2.167,0.9808,0.4872
-2.467,-2.167,0.9815,0.5156
-2.433,-2.167,0.9822,0.5442
-2.4,-2.167,0.9829,0.5727
-2.367,-2.167,0.9835,0.6011
-2.333,-2.167,0.9841,0.6289
-2.3,-2.167,0.9847,0.6562
-2.267,-2.167,0.9852,0.6827
-2.233,-2.167,0.9857,0.7082
-2.2,-2.167,0.9862,0.7326
-2.167,-2.167,0.9867,0.7559
-2.133,-2.167,0.9872,0.7778
-2.1,-2.167,0.9876,0.7985
-2.067,-2.167,0.9881,0.8177
-2.033,-2.167,0.9885,0.8356
-2,-2.167,0.9889,0.8521
-1.967,-2.167,0.9893,0.8673
-1.933,-2.167,0.9896,0.8812
-1.9,-2.167,0.99,0.8939
-1.867,-2.167,0.9903,0.9054
-1.833,-2.167,0.9906,0.9158
-1.8,-2.167,0.991,0.9251
-1.767,-2.167,0.9913,0.9336
-1.733,-2.167,0.9915,0.9411
-1.7,-2.167,0.9918,0.9478
-1.667,-2.167,0.9921,0.9538
-1.633,-2.167,0.9923,0.9592
-1.6,-2.167,0.9926,0.9639
-1.567,-2.167,0.9928,0.9682
-1.533,-2.167,0.9931,0.9719
-1.5,-2.167,0.9933,0.9752
-1.467,-2.167,0.9935,0.9781
-1.433,-2.167,0.9937,0.9807
-1.4,-2.167,0.9939,0.983
-1.367,-2.167,0.9941,0.985
-1.333,-2.167,0.9942,0.9868
-1.3,-2.167,0.9944,0.9883
-1.267,-2.167,0.9946,0.9897
-1.233,-2.167,0.9947,0.9909
-1.2,-2.167,0.9949,0.992
-1.167,-2.167,0.995,0.9929
-1.133,-2.167,0.9952,0.9937
-1.1,-2.167,0.9953,0.9944
-1.067,-2.167,0.9955,0.9951
-1.033,-2.167,0.9956,0.9956
-1,-2.167,0.9957,0.9961
-0.9667,-2.167,0.9958,0.9966
-0.9333,-2.167,0.996,0.9969
-0.9,-2.167,0.9961,0.9973
-0.8667,-2.167,0.9962,0.9976
-0.8333,-2.167,0.9963,0.9978
-0.8,-2.167,0.9964,0.9981
-0.7667,-2.167,0.9965,0.9983
-0.7333,-2.167,0.9966,0.9985
-0.7,-2.167,0.9967,0.9986
-0.6667,-2.167,0.9967,0.9988
-0.6333,-2.167,0.9968,0.9989
-0.6,-2.167,0.9969,0.999
-0.5667,-2.167,0.997,0.9991
-0.5333,-2.167,0.9971,0.9992
-0.5,-2.167,0.9971,0.9993
-0.4667,-2.167,0.9972,0.9994
-0.4333,-2.167,0.9973,0.9994
-0.4,-2.167,0.9973,0.9995
-0.3667,-2.167,0.9974,0.9995
-0.3333,-2.167,0.9975,0.9996
-0.3,-2.167,0.9975,0.9996
-0.2667,-2.167,0.9976,0.9996
-0.2333,-2.167,0.9976,0.9997
-0.2,-2.167,0.9977,0.9997
-0.1667,-2.167,0.9977,0.9997
-0.1333,-2.167,0.9978,0.9998
-0.1,-2.167,0.9978,0.9998
-0.06667,-2.167,0.9979,0.9998
-0.03333,-2.167,0.9979,0.9998
0,-2.167,0.998,0.9998
0.03333,-2.167,0.998,0.9998
0.06667,-2.167,0.9981,0.9998
0.1,-2.167,0.9981,0.9999
0.1333,-2.167,0.9981,0.9999
0.1667,-2.167,0.9982,0.9999
0.2,-2.167,0.9982,0.9999
0.2333,-2.167,0.9982,0.9999
0.2667,-2.167,0.9983,0.9999
0.3,-2.167,0.9983,0.9999
0.3333,-2.167,0.9983,0.9999
0.3667,-2.167,0.9984,0.9999
0.4,-2.167,0.9984,0.9999
0.4333,-2.167,0.9984,0.9999
0.4667,-2.167,0.9985,0.9999
0.5,-2.167,0.9985,0.9998
0.5333,-2.167,0.9985,0.9998
0.5667,-2.167,0.9985,0.9996
0.6,-2.167,0.9986,0.9994
0.6333,-2.167,0.9986,0.9991
0.6667,-2.167,0.9986,0.9985
0.7,-2.167,0.9986,0.9977
0.7333,-2.167,0.9987,0.9965
0.7667,-2.167,0.9987,0.9951
0.8,-2.167,0.9987,0.9936
0.8333,-2.167,0.9987,0.9923
0.8667,-2.167,0.9988,0.9912
0.9,-2.167,0.9988,0.9903
0.9333,-2.167,0.9988,0.9898
0.9667,-2.167,0.9988,0.9896
1,-2.167,0.9988,0.9895
1.033,-2.167,0.9988,0.9896
1.067,-2.167,0.9989,0.9898
1.1,-2.167,0.9989,0.99
1.133,-2.167,0.9989,0.9903
1.167,-2.167,0.9989,0.9906
1.2,-2.167,0.9989,0.991
1.233,-2.167,0.9989,0.9913
1.267,-2.167,0.999,0.9916
1.3,-2.167,0.999,0.9919
1.333,-2.167,0.999,0.9921
1.367,-2.167,0.999,0.9924
1.4,-2.167,0.999,0.9927
1.433,-2.167,0.999,0.9929
1.467,-2.167,0.999,0.9931
1.5,-2.167,0.9991,0.9934
1.533,-2.167,0.9991,0.9936
1.567,-2.167,0.9991,0.9938
1.6,-2.167,0.9991,0.9939
1.633,-2.167,0.9991,0.9941
1.667,-2.167,0.9991,0.9943
1.7,-2.167,0.9991,0.9944
1.733,-2.167,0.9991,0.9946
1.767,-2.167,0.9991,0.9947
1.8,-2.167,0.9992,0.9949
1.833,-2.167,0.9992,0.995
1.867,-2.167,0.9992,0.9951
1.9,-2.167,0.9992,0.9952
1.933,-2.167,0.9992,0.9954
1.967,-2.167,0.9992,0.9955
2,-2.167,0.9992,0.9956
2.033,-2.167,0.9992,0.9957
2.067,-2.167,0.9992,0.9957
2.1,-2.167,0.9992,0.9958
2.133,-2.167,0.9992,0.9959
2.167,-2.167,0.9992,0.996
2.2,-2.167,0.9993,0.9961
2.233,-2.167,0.9993,0.9961
2.267,-2.167,0.9993,0.9962
2.3,-2.167,0.9993,0.9963
2.333,-2.167,0.9993,0.9964
2.367,-2.167,0.9993,0.9964
2.4,-2.167,0.9993,0.9965
2.433,-2.167,0.9993,0.9965
2.467,-2.167,0.9993,0.9966
2.5,-2.167,0.9993,0.9966
-2.5,-2.133,0.9787,0.466
-2.467,-2.133,0.9795,0.4941
-2.433,-2.133,0.9803,0.5226
-2.4,-2.133,0.981,0.5512
-2.367,-2.133,0.9817,0.5797
-2.333,-2.133,0.9824,0.6079
-2.3,-2.133,0.983,0.6357
-2.267,-2.133,0.9836,0.6628
-2.233,-2.133,0.9842,0.689
-2.2,-2.133,0.9848,0.7143
-2.167,-2.133,0.9854,0.7384
-2.133,-2.133,0.9859,0.7614
-2.1,-2.133,0.9864,0.783
-2.067,-2.133,0.9869,0.8033
-2.033,-2.133,0.9873,0.8222
-2,-2.133,0.9878,0.8398
-1.967,-2.133,0.9882,0.856
-1.933,-2.133,0.9886,0.8708
-1.9,-2.133,0.989,0.8844
-1.867,-2.133,0.9894,0.8968
-1.833,-2.133,0.9897,0.908
-1.8,-2.133,0.9901,0.9182
-1.767,-2.133,0.9904,0.9273
-1.733,-2.133,0.9907,0.9355
-1.7,-2.133,0.991,0.9428
-1.667,-2.133,0.9913,0.9494
-1.633,-2.133,0.9916,0.9552
-1.6,-2.133,0.9919,0.9604
-1.567,-2.133,0.9922,0.965
-1.533,-2.133,0.9924,0.9691
-1.5,-2.133,0.9927,0.9727
-1.467,-2.133,0.9929,0.976
-1.433,-2.133,0.9931,0.9788
-1.4,-2.133,0.9933,0.9813
-1.367,-2.133,0.9935,0.9835
-1.333,-2.133,0.9937,0.9854
-1.3,-2.133,0.9939,0.9872
-1.267,-2.133,0.9941,0.9887
-1.233,-2.133,0.9943,0.99
-1.2,-2.133,0.9945,0.9912
-1.167,-2.133,0.9946,0.9922
-1.133,-2.133,0.9948,0.9931
-1.1,-2.133,0.9949,0.9939
-1.067,-2.133,0.9951,0.9946
-1.033,-2.133,0.9952,0.9952
-1,-2.133,0.9954,0.9958
-0.9667,-2.133,0.9955,0.9962
-0.9333,-2.133,0.9956,0.9967
-0.9,-2.133,0.9958,0.997
-0.8667,-2.133,0.9959,0.9974
-0.8333,-2.133,0.996,0.9977
-0.8,-2.133,0.9961,0.9979
-0.7667,-2.133,0.9962,0.9981
-0.7333,-2.133,0.9963,0.9983
-0.7,-2.133,0.9964,0.9985
-0.6667,-2.133,0.9965,0.9987
-0.6333,-2.133,0.9966,0.9988
-0.6,-2.133,0.9967,0.9989
-0.5667,-2.133,0.9968,0.999
-0.5333,-2.133,0.9968,0.9991
-0.5,-2.133,0.9969,0.9992
-0.4667,-2.133,0.997,0.9993
-0.4333,-2.133,0.9971,0.9994
-0.4,-2.133,0.9971,0.9994
-0.3667,-2.133,0.9972,0.9995
-0.3333,-2.133,0.9973,0.9995
-0.3,-2.133,0.9973,0.9996
-0.2667,-2.133,0.9974,0.9996
-0.2333,-2.133,0.9975,0.9996
-0.2,-2.133,0.9975,0.9997
-0.1667,-2.133,0.9976,0.9997
-0.1333,-2.133,0.9976,0.9997
-0.1,-2.133,0.9977,0.9998
-0.06667,-2.133,0.9977,0.9998
-0.03333,-2.133,0.9978,0.9998
0,-2.133,0.9978,0.9998
0.03333,-2.133,0.9979,0.9998
0.06667,-2.133,0.9979,0.9998
0.1,-2.133,0.998,0.9998
0.1333,-2.133,0.998,0.9999
0.1667,-2.133,0.9981,0.9999
0.2,-2.133,0.9981,0.9999
0.2333,-2.133,0.9981,0.9999
0.2667,-2.133,0.9982,0.9999
0.3,-2.133,0.9982,0.9999
0.3333,-2.133,0.9983,0.9999
0.3667,-2.133,0.9983,0.9999
0.4,-2.133,0.9983,0.9999
0.4333,-2.133,0.9984,0.9999
0.4667,-2.133,0.9984,0.9998
0.5,-2.133,0.9984,0.9998
0.5333,-2.133,0.9984,0.9997
0.5667,-2.133,0.9985,0.9996
0.6,-2.133,0.9985,0.9993
0.6333,-2.133,0.9985,0.9989
0.6667,-2.133,0.9986,0.9982
0.7,-2.133,0.9986,0.9972
0.7333,-2.133,0.9986,0.9959
0.7667,-2.133,0.9986,0.9944
0.8,-2.133,0.9987,0.9928
0.8333,-2.133,0.9987,0.9915
0.8667,-2.133,0.9987,0.9904
0.9,-2.133,0.9987,0.9897
0.9333,-2.133,0.9987,0.9892
0.9667,-2.133,0.9988,0.989
1,-2.133,0.9988,0.989
1.033,-2.133,0.9988,0.9892
1.067,-2.133,0.9988,0.9894
1.1,-2.133,0.9988,0.9897
1.133,-2.133,0.9989,0.99
1.167,-2.133,0.9989,0.9903
1.2,-2.133,0.9989,0.9907
1.233,-2.133,0.9989,0.991
1.267,-2.133,0.9989,0.9913
1.3,-2.133,0.9989,0.9916
1.333,-2.133,0.999,0.9919
1.367,-2.133,0.999,0.9922
1.4,-2.133,0.999,0.9925
1.433,-2.133,0.999,0.9927
1.467,-2.133,0.999,0.993
1.5,-2.133,0.999,0.9932
1.533,-2.133,0.999,0.9934
1.567,-2.133,0.999,0.9936
1.6,-2.133,0.9991,0.9938
1.633,-2.133,0.9991,0.994
1.667,-2.133,0.9991,0.9942
1.7,-2.133,0.9991,0.9943
1.733,-2.133,0.9991,0.9945
1.767,-2.133,0.9991,0.9946
1.8,-2.133,0.9991,0.9948
1.833,-2.133,0.9991,0.9949
1.867,-2.133,0.9991,0.995
1.9,-2.133,0.9992,0.9952
1.933,-2.133,0.9992,0.9953
1.967,-2.133,0.9992,0.9954
2,-2.133,0.9992,0.9955
2.033,-2.133,0.9992,0.9956
2.067,-2.133,0.9992,0.9957
2.1,-2.133,0.9992,0.9958
2.133,-2.133,0.9992,0.9959
2.167,-2.133,0.9992,0.9959
2.2,-2.133,0.9992,0.996
2.233,-2.133,0.9992,0.9961
2.267,-2.133,0.9993,0.9962
2.3,-2.133,0.9993,0.9962
2.333,-2.133,0.9993,0.9963
2.367,-2.133,0.9993,0.9964
2.4,-2.133,0.9993,0.9964
2.433,-2.133,0.9993,0.9965
2.467,-2.133,0.9993,0.9965
2.5,-2.133,0.9993,0.9966
-2.5,-2.1,0.9764,0.445
-2.467,-2.1,0.9773,0.4728
-2.433,-2.1,0.9782,0.5011
-2.4,-2.1,0.979,0.5296
-2.367,-2.1,0.9798,0.5582
-2.333,-2.1,0.9805,0.5866
-2.3,-2.1,0.9812,0.6148
-2.267,-2.1,0.9819,0.6424
-2.233,-2.1,0.9826,0.6693
-2.2,-2.1,0.9832,0.6953
-2.167,-2.1,0.9838,0.7203
-2.133,-2.1,0.9844,0.7441
-2.1,-2.1,0.985,0.7668
-2.067,-2.1,0.9855,0.7881
-2.033,-2.1,0.986,0.8081
-2,-2.1,0.9865,0.8266
-1.967,-2.1,0.987,0.8439
-1.933,-2.1,0.9874,0.8597
-1.9,-2.1,0.9879,0.8743
-1.867,-2.1,0.9883,0.8876
-1.833,-2.1,0.9887,0.8996
-1.8,-2.1,0.9891,0.9106
-1.767,-2.1,0.9895,0.9205
-1.733,-2.1,0.9898,0.9294
-1.7,-2.1,0.9902,0.9373
-1.667,-2.1,0.9905,0.9445
-1.633,-2.1,0.9908,0.9509
-1.6,-2.1,0.9911,0.9565
-1.567,-2.1,0.9914,0.9616
-1.533,-2.1,0.9917,0.9661
-1.5,-2.1,0.992,0.9701
-1.467,-2.1,0.9922,0.9736
-1.433,-2.1,0.9925,0.9767
-1.4,-2.1,0.9927,0.9794
-1.367,-2.1,0.993,0.9819
-1.333,-2.1,0.9932,0.984
-1.3,-2.1,0.9934,0.9859
-1.267,-2.1,0.9936,0.9875
-1.233,-2.1,0.9938,0.989
-1.2,-2.1,0.994,0.9903
-1.167,-2.1,0.9942,0.9914
-1.133,-2.1,0.9943,0.9924
-1.1,-2.1,0.9945,0.9933
-1.067,-2.1,0.9947,0.9941
-1.033,-2.1,0.9948,0.9948
-1,-2.1,0.995,0.9954
-0.9667,-2.1,0.9951,0.9959
-0.9333,-2.1,0.9953,0.9963
-0.9,-2.1,0.9954,0.9968
-0.8667,-2.1,0.9955,0.9971
-0.8333,-2.1,0.9957,0.9974
-0.8,-2.1,0.9958,0.9977
-0.7667,-2.1,0.9959,0.998
-0.7333,-2.1,0.996,0.9982
-0.7,-2.1,0.9961,0.9984
-0.6667,-2.1,0.9962,0.9986
-0.6333,-2.1,0.9963,0.9987
-0.6,-2.1,0.9964,0.9988
-0.5667,-2.1,0.9965,0.999
-0.5333,-2.1,0.9966,0.9991
-0.5,-2.1,0.9967,0.9992
-0.4667,-2.1,0.9968,0.9992
-0.4333,-2.1,0.9969,0.9993
-0.4,-2.1,0.9969,0.9994
-0.3667,-2.1,0.997,0.9994
-0.3333,-2.1,0.9971,0.9995
-0.3,-2.1,0.9972,0.9995
-0.2667,-2.1,0.9972,0.9996
-0.2333,-2.1,0.9973,0.9996
-0.2,-2.1,0.9974,0.9997
-0.1667,-2.1,0.9974,0.9997
-0.1333,-2.1,0.9975,0.9997
-0.1,-2.1,0.9975,0.9997
-0.06667,-2.1,0.9976,0.9998
-0.03333,-2.1,0.9977,0.9998
0,-2.1,0.9977,0.9998
0.03333,-2.1,0.9978,0.9998
0.06667,-2.1,0.9978,0.9998
0.1,-2.1,0.9979,0.9998
0.1333,-2.1,0.9979,0.9999
0.1667,-2.1,0.998,0.9999
0.2,-2.1,0.998,0.9999
0.2333,-2.1,0.998,0.9999
0.2667,-2.1,0.9981,0.9999
0.3,-2.1,0.9981,0.9999
0.3333,-2.1,0.9982,0.9999
0.3667,-2.1,0.9982,0.9999
0.4,-2.1,0.9982,0.9999
0.4333,-2.1,0.9983,0.9998
0.4667,-2.1,0.9983,0.9998
0.5,-2.1,0.9983,0.9998
0.5333,-2.1,0.9984,0.9996
0.5667,-2.1,0.9984,0.9995
0.6,-2.1,0.9984,0.9992
0.6333,-2.1,0.9985,0.9986
0.6667,-2.1,0.9985,0.9978
0.7,-2.1,0.9985,0.9966
0.7333,-2.1,0.9985,0.9952
0.7667,-2.1,0.9986,0.9936
0.8,-2.1,0.9986,0.992
0.8333,-2.1,0.9986,0.9906
0.8667,-2.1,0.9986,0.9896
0.9,-2.1,0.9987,0.9889
0.9333,-2.1,0.9987,0.9886
0.9667,-2.1,0.9987,0.9884
1,-2.1,0.9987,0.9885
1.033,-2.1,0.9987,0.9887
1.067,-2.1,0.9988,0.989
1.1,-2.1,0.9988,0.9893
1.133,-2.1,0.9988,0.9896
1.167,-2.1,0.9988,0.99
1.2,-2.1,0.9988,0.9904
1.233,-2.1,0.9989,0.9907
1.267,-2.1,0.9989,0.991
1.3,-2.1,0.9989,0.9914
1.333,-2.1,0.9989,0.9917
1.367,-2.1,0.9989,0.992
1.4,-2.1,0.9989,0.9923
1.433,-2.1,0.999,0.9925
1.467,-2.1,0.999,0.9928
1.5,-2.1,0.999,0.993
1.533,-2.1,0.999,0.9932
1.567,-2.1,0.999,0.9935
1.6,-2.1,0.999,0.9937
1.633,-2.1,0.999,0.9938
1.667,-2.1,0.9991,0.994
1.7,-2.1,0.9991,0.9942
1.733,-2.1,0.9991,0.9944
1.767,-2.1,0.9991,0.9945
1.8,-2.1,0.9991,0.9947
1.833,-2.1,0.9991,0.9948
1.867,-2.1,0.9991,0.9949
1.9,-2.1,0.9991,0.9951
1.933,-2.1,0.9991,0.9952
1.967,-2.1,0.9992,0.9953
2,-2.1,0.9992,0.9954
2.033,-2.1,0.9992,0.9955
2.067,-2.1,0.9992,0.9956
2.1,-2.1,0.9992,0.9957
2.133,-2.1,0.9992,0.9958
2.167,-2.1,0.9992,0.9959
2.2,-2.1,0.9992,0.996
2.233,-2.1,0.9992,0.996
2.267,-2.1,0.9992,0.9961
2.3,-2.1,0.9992,0.9962
2.333,-2.1,0.9992,0.9963
2.367,-2.1,0.9993,0.9963
2.4,-2.1,0.9993,0.9964
2.433,-2.1,0.9993,0.9964
2.467,-2.1,0.9993,0.9965
2.5,-2.1,0.9993,0.9966
-2.5,-2.067,0.9738,0.4244
-2.467,-2.067,0.9748,0.4518
-2.433,-2.067,0.9758,0.4797
-2.4,-2.067,0.9767,0.508
-2.367,-2.067,0.9775,0.5366
-2.333,-2.067,0.9784,0.5652
-2.3,-2.067,0.9792,0.5936
-2.267,-2.067,0.98,0.6216
-2.233,-2.067,0.9807,0.649
-2.2,-2.067,0.9814,0.6757
-2.167,-2.067,0.9821,0.7015
-2.133,-2.067,0.9828,0.7262
-2.1,-2.067,0.9834,0.7498
-2.067,-2.067,0.984,0.7721
-2.033,-2.067,0.9846,0.7931
-2,-2.067,0.9851,0.8127
-1.967,-2.067,0.9856,0.831
-1.933,-2.067,0.9862,0.8479
-1.9,-2.067,0.9866,0.8634
-1.867,-2.067,0.9871,0.8776
-1.833,-2.067,0.9876,0.8906
-1.8,-2.067,0.988,0.9024
-1.767,-2.067,0.9884,0.9131
-1.733,-2.067,0.9888,0.9227
-1.7,-2.067,0.9892,0.9314
-1.667,-2.067,0.9896,0.9392
-1.633,-2.067,0.9899,0.9461
-1.6,-2.067,0.9903,0.9523
-1.567,-2.067,0.9906,0.9578
-1.533,-2.067,0.9909,0.9627
-1.5,-2.067,0.9912,0.9671
-1.467,-2.067,0.9915,0.971
-1.433,-2.067,0.9918,0.9744
-1.4,-2.067,0.992,0.9774
-1.367,-2.067,0.9923,0.9801
-1.333,-2.067,0.9925,0.9824
-1.3,-2.067,0.9928,0.9845
-1.267,-2.067,0.993,0.9863
-1.233,-2.067,0.9932,0.9879
-1.2,-2.067,0.9934,0.9893
-1.167,-2.067,0.9937,0.9906
-1.133,-2.067,0.9938,0.9917
-1.1,-2.067,0.994,0.9926
-1.067,-2.067,0.9942,0.9935
-1.033,-2.067,0.9944,0.9942
-1,-2.067,0.9946,0.9949
-0.9667,-2.067,0.9947,0.9955
-0.9333,-2.067,0.9949,0.996
-0.9,-2.067,0.995,0.9965
-0.8667,-2.067,0.9952,0.9968
-0.8333,-2.067,0.9953,0.9972
-0.8,-2.067,0.9954,0.9975
-0.7667,-2.067,0.9956,0.9978
-0.7333,-2.067,0.9957,0.998
-0.7,-2.067,0.9958,0.9982
-0.6667,-2.067,0.9959,0.9984
-0.6333,-2.067,0.996,0.9986
-0.6,-2.067,0.9962,0.9987
-0.5667,-2.067,0.9963,0.9989
-0.5333,-2.067,0.9964,0.999
-0.5,-2.067,0.9965,0.9991
-0.4667,-2.067,0.9965,0.9992
-0.4333,-2.067,0.9966,0.9993
-0.4,-2.067,0.9967,0.9993
-0.3667,-2.067,0.9968,0.9994
-0.3333,-2.067,0.9969,0.9995
-0.3,-2.067,0.997,0.9995
-0.2667,-2.067,0.997,0.9996
-0.2333,-2.067,0.9971,0.9996
-0.2,-2.067,0.9972,0.9996
-0.1667,-2.067,0.9973,0.9997
-0.1333,-2.067,0.9973,0.9997
-0.1,-2.067,0.9974,0.9997
-0.06667,-2.067,0.9974,0.9997
-0.03333,-2.067,0.9975,0.9998
0,-2.067,0.9976,0.9998
0.03333,-2.067,0.9976,0.9998
0.06667,-2.067,0.9977,0.9998
0.1,-2.067,0.9977,0.9998
0.1333,-2.067,0.9978,0.9998
0.1667,-2.067,0.9978,0.9999
0.2,-2.067,0.9979,0.9999
0.2333,-2.067,0.9979,0.9999
0.2667,-2.067,0.998,0.9999
0.3,-2.067,0.998,0.9999
0.3333,-2.067,0.998,0.9999
0.3667,-2.067,0.9981,0.9999
0.4,-2.067,0.9981,0.9998
0.4333,-2.067,0.9982,0.9998
0.4667,-2.067,0.9982,0.9998
0.5,-2.067,0.9982,0.9997
0.5333,-2.067,0.9983,0.9996
0.5667,-2.067,0.9983,0.9994
0.6,-2.067,0.9983,0.999
0.6333,-2.067,0.9984,0.9983
0.6667,-2.067,0.9984,0.9973
0.7,-2.067,0.9984,0.996
0.7333,-2.067,0.9985,0.9944
0.7667,-2.067,0.9985,0.9927
0.8,-2.067,0.9985,0.9911
0.8333,-2.067,0.9985,0.9898
0.8667,-2.067,0.9986,0.9888
0.9,-2.067,0.9986,0.9882
0.9333,-2.067,0.9986,0.9879
0.9667,-2.067,0.9986,0.9878
1,-2.067,0.9987,0.988
1.033,-2.067,0.9987,0.9882
1.067,-2.067,0.9987,0.9885
1.1,-2.067,0.9987,0.9889
1.133,-2.067,0.9988,0.9893
1.167,-2.067,0.9988,0.9897
1.2,-2.067,0.9988,0.99
1.233,-2.067,0.9988,0.9904
1.267,-2.067,0.9988,0.9908
1.3,-2.067,0.9988,0.9911
1.333,-2.067,0.9989,0.9914
1.367,-2.067,0.9989,0.9917
1.4,-2.067,0.9989,0.992
1.433,-2.067,0.9989,0.9923
1.467,-2.067,0.9989,0.9926
1.5,-2.067,0.9989,0.9928
1.533,-2.067,0.999,0.9931
1.567,-2.067,0.999,0.9933
1.6,-2.067,0.999,0.9935
1.633,-2.067,0.999,0.9937
1.667,-2.067,0.999,0.9939
1.7,-2.067,0.999,0.9941
1.733,-2.067,0.999,0.9942
1.767,-2.067,0.9991,0.9944
1.8,-2.067,0.9991,0.9946
1.833,-2.067,0.9991,0.9947
1.867,-2.067,0.9991,0.9948
1.9,-2.067,0.9991,0.995
1.933,-2.067,0.9991,0.9951
1.967,-2.067,0.9991,0.9952
2,-2.067,0.9991,0.9953
2.033,-2.067,0.9991,0.9954
2.067,-2.067,0.9992,0.9955
2.1,-2.067,0.9992,0.9956
2.133,-2.067,0.9992,0.9957
2.167,-2.067,0.9992,0.9958
2.2,-2.067,0.9992,0.9959
2.233,-2.067,0.9992,0.996
2.267,-2.067,0.9992,0.9961
2.3,-2.067,0.9992,0.9961
2.333,-2.067,0.9992,0.9962
2.367,-2.067,0.9992,0.9963
2.4,-2.067,0.9992,0.9963
2.433,-2.067,0.9992,0.9964
2.467,-2.067,0.9993,0.9965
2.5,-2.067,0.9993,0.9965
-2.5,-2.033,0.9709,0.4042
-2.467,-2.033,0.972,0.431
-2.433,-2.033,0.9731,0.4585
-2.4,-2.033,0.9741,0.4866
-2.367,-2.033,0.9751,0.515
-2.333,-2.033,0.976,0.5436
-2.3,-2.033,0.9769,0.5721
-2.267,-2.033,0.9778,0.6004
-2.233,-2.033,0.9786,0.6283
-2.2,-2.033,0.9794,0.6556
-2.167,-2.033,0.9802,0.6821
-2.133,-2.033,0.9809,0.7076
-2.1,-2.033,0.9816,0.7321
-2.067,-2.033,0.9823,0.7554
-2.033,-2.033,0.9829,0.7774
-2,-2.033,0.9836,0.798
-1.967,-2.033,0.9841,0.8173
-1.933,-2.033,0.9847,0.8352
-1.9,-2.033,0.9853,0.8518
-1.867,-2.033,0.9858,0.867
-1.833,-2.033,0.9863,0.8809
-1.8,-2.033,0.9868,0.8936
-1.767,-2.033,0.9872,0.9051
-1.733,-2.033,0.9877,0.9156
-1.7,-2.033,0.9881,0.9249
-1.667,-2.033,0.9885,0.9334
-1.633,-2.033,0.9889,0.9409
-1.6,-2.033,0.9893,0.9477
-1.567,-2.033,0.9897,0.9537
-1.533,-2.033,0.99,0.9591
-1.5,-2.033,0.9904,0.9639
-1.467,-2.033,0.9907,0.9681
-1.433,-2.033,0.991,0.9718
-1.4,-2.033,0.9913,0.9751
-1.367,-2.033,0.9916,0.9781
-1.333,-2.033,0.9919,0.9807
-1.3,-2.033,0.9921,0.9829
-1.267,-2.033,0.9924,0.9849
-1.233,-2.033,0.9926,0.9867
-1.2,-2.033,0.9929,0.9883
-1.167,-2.033,0.9931,0.9897
-1.133,-2.033,0.9933,0.9909
-1.1,-2.033,0.9935,0.9919
-1.067,-2.033,0.9937,0.9929
-1.033,-2.033,0.9939,0.9937
-1,-2.033,0.9941,0.9944
-0.9667,-2.033,0.9943,0.9951
-0.9333,-2.033,0.9944,0.9956
-0.9,-2.033,0.9946,0.9961
-0.8667,-2.033,0.9948,0.9966
-0.8333,-2.033,0.9949,0.9969
-0.8,-2.033,0.9951,0.9973
-0.7667,-2.033,0.9952,0.9976
-0.7333,-2.033,0.9953,0.9978
-0.7,-2.033,0.9955,0.9981
-0.6667,-2.033,0.9956,0.9983
-0.6333,-2.033,0.9957,0.9985
-0.6,-2.033,0.9958,0.9986
-0.5667,-2.033,0.996,0.9988
-0.5333,-2.033,0.9961,0.9989
-0.5,-2.033,0.9962,0.999
-0.4667,-2.033,0.9963,0.9991
-0.4333,-2.033,0.9964,0.9992
-0.4,-2.033,0.9965,0.9993
-0.3667,-2.033,0.9966,0.9993
-0.3333,-2.033,0.9967,0.9994
-0.3,-2.033,0.9967,0.9995
-0.2667,-2.033,0.9968,0.9995
-0.2333,-2.033,0.9969,0.9996
-0.2,-2.033,0.997,0.9996
-0.1667,-2.033,0.9971,0.9996
-0.1333,-2.033,0.9971,0.9997
-0.1,-2.033,0.9972,0.9997
-0.06667,-2.033,0.9973,0.9997
-0.03333,-2.033,0.9973,0.9997
0,-2.033,0.9974,0.9998
0.03333,-2.033,0.9975,0.9998
0.06667,-2.033,0.9975,0.9998
0.1,-2.033,0.9976,0.9998
0.1333,-2.033,0.9976,0.9998
0.1667,-2.033,0.9977,0.9998
0.2,-2.033,0.9977,0.9998
0.2333,-2.033,0.9978,0.9999
0.2667,-2.033,0.9978,0.9999
0.3,-2.033,0.9979,0.9999
0.3333,-2.033,0.9979,0.9999
0.3667,-2.033,0.998,0.9998
0.4,-2.033,0.998,0.9998
0.4333,-2.033,0.9981,0.9998
0.4667,-2.033,0.9981,0.9997
0.5,-2.033,0.9981,0.9997
0.5333,-2.033,0.9982,0.9995
0.5667,-2.033,0.9982,0.9992
0.6,-2.033,0.9982,0.9987
0.6333,-2.033,0.9983,0.998
0.6667,-2.033,0.9983,0.9968
0.7,-2.033,0.9983,0.9953
0.7333,-2.033,0.9984,0.9935
0.7667,-2.033,0.9984,0.9917
0.8,-2.033,0.9984,0.9901
0.8333,-2.033,0.9985,0.9888
0.8667,-2.033,0.9985,0.9879
0.9,-2.033,0.9985,0.9874
0.9333,-2.033,0.9986,0.9872
0.9667,-2.033,0.9986,0.9872
1,-2.033,0.9986,0.9874
1.033,-2.033,0.9986,0.9877
1.067,-2.033,0.9986,0.9881
1.1,-2.033,0.9987,0.9885
1.133,-2.033,0.9987,0.9889
1.167,-2.033,0.9987,0.9893
1.2,-2.033,0.9987,0.9897
1.233,-2.033,0.9988,0.9901
1.267,-2.033,0.9988,0.9905
1.3,-2.033,0.9988,0.9908
1.333,-2.033,0.9988,0.9912
1.367,-2.033,0.9988,0.9915
1.4,-2.033,0.9989,0.9918
1.433,-2.033,0.9989,0.9921
1.467,-2.033,0.9989,0.9924
1.5,-2.033,0.9989,0.9926
1.533,-2.033,0.9989,0.9929
1.567,-2.033,0.9989,0.9931
1.6,-2.033,0.9989,0.9933
1.633,-2.033,0.999,0.9936
1.667,-2.033,0.999,0.9938
1.7,-2.033,0.999,0.9939
1.733,-2.033,0.999,0.9941
1.767,-2.033,0.999,0.9943
1.8,-2.033,0.999,0.9944
1.833,-2.033,0.999,0.9946
1.867,-2.033,0.9991,0.9947
1.9,-2.033,0.9991,0.9949
1.933,-2.033,0.9991,0.995
1.967,-2.033,0.9991,0.9951
2,-2.033,0.9991,0.9952
2.033,-2.033,0.9991,0.9954
2.067,-2.033,0.9991,0.9955
2.1,-2.033,0.9991,0.9956
2.133,-2.033,0.9991,0.9957
2.167,-2.033,0.9992,0.9957
2.2,-2.033,0.9992,0.9958
2.233,-2.033,0.9992,0.9959
2.267,-2.033,0.9992,0.996
2.3,-2.033,0.9992,0.9961
2.333,-2.033,0.9992,0.9961
2.367,-2.033,0.9992,0.9962
2.4,-2.033,0.9992,0.9963
2.433,-2.033,0.9992,0.9963
2.467,-2.033,0.9992,0.9964
2.5,-2.033,0.9992,0.9965
-2.5,-2,0.9677,0.3845
-2.467,-2,0.9689,0.4107
-2.433,-2,0.9701,0.4377
-2.4,-2,0.9712,0.4654
-2.367,-2,0.9723,0.4935
-2.333,-2,0.9734,0.522
-2.3,-2,0.9744,0.5506
-2.267,-2,0.9753,0.5791
-2.233,-2,0.9763,0.6073
-2.2,-2,0.9772,0.6351
-2.167,-2,0.978,0.6622
-2.133,-2,0.9788,0.6884
-2.1,-2,0.9796,0.7137
-2.067,-2,0.9804,0.7379
-2.033,-2,0.9811,0.7609
-2,-2,0.9818,0.7825
-1.967,-2,0.9825,0.8029
-1.933,-2,0.9831,0.8218
-1.9,-2,0.9837,0.8394
-1.867,-2,0.9843,0.8556
-1.833,-2,0.9849,0.8705
-1.8,-2,0.9854,0.8842
-1.767,-2,0.9859,0.8965
-1.733,-2,0.9864,0.9078
-1.7,-2,0.9869,0.9179
-1.667,-2,0.9874,0.9271
-1.633,-2,0.9878,0.9353
-1.6,-2,0.9882,0.9427
-1.567,-2,0.9886,0.9492
-1.533,-2,0.989,0.9551
-1.5,-2,0.9894,0.9603
-1.467,-2,0.9898,0.9649
-1.433,-2,0.9901,0.969
-1.4,-2,0.9905,0.9727
-1.367,-2,0.9908,0.9759
-1.333,-2,0.9911,0.9787
-1.3,-2,0.9914,0.9812
-1.267,-2,0.9917,0.9835
-1.233,-2,0.9919,0.9854
-1.2,-2,0.9922,0.9871
-1.167,-2,0.9924,0.9886
-1.133,-2,0.9927,0.99
-1.1,-2,0.9929,0.9911
-1.067,-2,0.9931,0.9922
-1.033,-2,0.9934,0.9931
-1,-2,0.9936,0.9939
-0.9667,-2,0.9938,0.9946
-0.9333,-2,0.994,0.9952
-0.9,-2,0.9941,0.9957
-0.8667,-2,0.9943,0.9962
-0.8333,-2,0.9945,0.9967
-0.8,-2,0.9946,0.997
-0.7667,-2,0.9948,0.9974
-0.7333,-2,0.995,0.9976
-0.7,-2,0.9951,0.9979
-0.6667,-2,0.9952,0.9981
-0.6333,-2,0.9954,0.9983
-0.6,-2,0.9955,0.9985
-0.5667,-2,0.9956,0.9987
-0.5333,-2,0.9958,0.9988
-0.5,-2,0.9959,0.9989
-0.4667,-2,0.996,0.999
-0.4333,-2,0.9961,0.9991
-0.4,-2,0.9962,0.9992
-0.3667,-2,0.9963,0.9993
-0.3333,-2,0.9964,0.9994
-0.3,-2,0.9965,0.9994
-0.2667,-2,0.9966,0.9995
-0.2333,-2,0.9967,0.9995
-0.2,-2,0.9968,0.9996
-0.1667,-2,0.9969,0.9996
-0.1333,-2,0.9969,0.9996
-0.1,-2,0.997,0.9997
-0.06667,-2,0.9971,0.9997
-0.03333,-2,0.9972,0.9997
0,-2,0.9972,0.9998
0.03333,-2,0.9973,0.9998
0.06667,-2,0.9974,0.9998
0.1,-2,0.9974,0.9998
0.1333,-2,0.9975,0.9998
0.1667,-2,0.9975,0.9998
0.2,-2,0.9976,0.9998
0.2333,-2,0.9977,0.9998
0.2667,-2,0.9977,0.9998
0.3,-2,0.9978,0.9998
0.3333,-2,0.9978,0.9998
0.3667,-2,0.9979,0.9998
0.4,-2,0.9979,0.9998
0.4333,-2,0.9979,0.9998
0.4667,-2,0.998,0.9997
0.5,-2,0.998,0.9996
0.5333,-2,0.9981,0.9994
0.5667,-2,0.9981,0.999
0.6,-2,0.9981,0.9984
0.6333,-2,0.9982,0.9975
0.6667,-2,0.9982,0.9962
0.7,-2,0.9983,0.9945
0.7333,-2,0.9983,0.9925
0.7667,-2,0.9983,0.9907
0.8,-2,0.9984,0.9891
0.8333,-2,0.9984,0.9879
0.8667,-2,0.9984,0.9871
0.9,-2,0.9984,0.9866
0.9333,-2,0.9985,0.9865
0.9667,-2,0.9985,0.9866
1,-2,0.9985,0.9868
1.033,-2,0.9986,0.9872
1.067,-2,0.9986,0.9876
1.1,-2,0.9986,0.988
1.133,-2,0.9986,0.9885
1.167,-2,0.9987,0.9889
1.2,-2,0.9987,0.9894
1.233,-2,0.9987,0.9898
1.267,-2,0.9987,0.9902
1.3,-2,0.9987,0.9906
1.333,-2,0.9988,0.9909
1.367,-2,0.9988,0.9913
1.4,-2,0.9988,0.9916
1.433,-2,0.9988,0.9919
1.467,-2,0.9988,0.9922
1.5,-2,0.9989,0.9924
1.533,-2,0.9989,0.9927
1.567,-2,0.9989,0.993
1.6,-2,0.9989,0.9932
1.633,-2,0.9989,0.9934
1.667,-2,0.9989,0.9936
1.7,-2,0.999,0.9938
1.733,-2,0.999,0.994
1.767,-2,0.999,0.9942
1.8,-2,0.999,0.9943
1.833,-2,0.999,0.9945
1.867,-2,0.999,0.9946
1.9,-2,0.999,0.9948
1.933,-2,0.999,0.9949
1.967,-2,0.9991,0.995
2,-2,0.9991,0.9952
2.033,-2,0.9991,0.9953
2.067,-2,0.9991,0.9954
2.1,-2,0.9991,0.9955
2.133,-2,0.9991,0.9956
2.167,-2,0.9991,0.9957
2.2,-2,0.9991,0.9958
2.233,-2,0.9991,0.9959
2.267,-2,0.9992,0.9959
2.3,-2,0.9992,0.996
2.333,-2,0.9992,0.9961
2.367,-2,0.9992,0.9962
2.4,-2,0.9992,0.9962
2.433,-2,0.9992,0.9963
2.467,-2,0.9992,0.9964
2.5,-2,0.9992,0.9964
-2.5,-1.967,0.964,0.3653
-2.467,-1.967,0.9654,0.3908
-2.433,-1.967,0.9667,0.4172
-2.4,-1.967,0.968,0.4444
-2.367,-1.967,0.9692,0.4722
-2.333,-1.967,0.9704,0.5005
-2.3,-1.967,0.9715,0.529
-2.267,-1.967,0.9726,0.5576
-2.233,-1.967,0.9737,0.586
-2.2,-1.967,0.9747,0.6142
-2.167,-1.967,0.9756,0.6418
-2.133,-1.967,0.9765,0.6687
-2.1,-1.967,0.9774,0.6947
-2.067,-1.967,0.9783,0.7198
-2.033,-1.967,0.9791,0.7436
-2,-1.967,0.9798,0.7663
-1.967,-1.967,0.9806,0.7876
-1.933,-1.967,0.9813,0.8076
-1.9,-1.967,0.982,0.8263
-1.867,-1.967,0.9826,0.8435
-1.833,-1.967,0.9833,0.8594
-1.8,-1.967,0.9839,0.874
-1.767,-1.967,0.9845,0.8873
-1.733,-1.967,0.985,0.8994
-1.7,-1.967,0.9856,0.9104
-1.667,-1.967,0.9861,0.9203
-1.633,-1.967,0.9866,0.9292
-1.6,-1.967,0.987,0.9372
-1.567,-1.967,0.9875,0.9443
-1.533,-1.967,0.9879,0.9507
-1.5,-1.967,0.9884,0.9564
-1.467,-1.967,0.9888,0.9615
-1.433,-1.967,0.9891,0.966
-1.4,-1.967,0.9895,0.97
-1.367,-1.967,0.9899,0.9735
-1.333,-1.967,0.9902,0.9766
-1.3,-1.967,0.9905,0.9794
-1.267,-1.967,0.9909,0.9818
-1.233,-1.967,0.9912,0.9839
-1.2,-1.967,0.9915,0.9858
-1.167,-1.967,0.9917,0.9875
-1.133,-1.967,0.992,0.989
-1.1,-1.967,0.9923,0.9903
-1.067,-1.967,0.9925,0.9914
-1.033,-1.967,0.9927,0.9924
-1,-1.967,0.993,0.9933
-0.9667,-1.967,0.9932,0.9941
-0.9333,-1.967,0.9934,0.9947
-0.9,-1.967,0.9936,0.9953
-0.8667,-1.967,0.9938,0.9959
-0.8333,-1.967,0.994,0.9963
-0.8,-1.967,0.9942,0.9967
-0.7667,-1.967,0.9944,0.9971
-0.7333,-1.967,0.9945,0.9974
-0.7,-1.967,0.9947,0.9977
-0.6667,-1.967,0.9949,0.998
-0.6333,-1.967,0.995,0.9982
-0.6,-1.967,0.9951,0.9984
-0.5667,-1.967,0.9953,0.9985
-0.5333,-1.967,0.9954,0.9987
-0.5,-1.967,0.9956,0.9988
-0.4667,-1.967,0.9957,0.999
-0.4333,-1.967,0.9958,0.9991
-0.4,-1.967,0.9959,0.9992
-0.3667,-1.967,0.996,0.9992
-0.3333,-1.967,0.9961,0.9993
-0.3,-1.967,0.9962,0.9994
-0.2667,-1.967,0.9963,0.9994
-0.2333,-1.967,0.9964,0.9995
-0.2,-1.967,0.9965,0.9995
-0.1667,-1.967,0.9966,0.9996
-0.1333,-1.967,0.9967,0.9996
-0.1,-1.967,0.9968,0.9997
-0.06667,-1.967,0.9969,0.9997
-0.03333,-1.967,0.997,0.9997
0,-1.967,0.997,0.9997
0.03333,-1.967,0.9971,0.9998
0.06667,-1.967,0.9972,0.9998
0.1,-1.967,0.9972,0.9998
0.1333,-1.967,0.9973,0.9998
0.1667,-1.967,0.9974,0.9998
0.2,-1.967,0.9974,0.9998
0.2333,-1.967,0.9975,0.9998
0.2667,-1.967,0.9976,0.9998
0.3,-1.967,0.9976,0.9998
0.3333,-1.967,0.9977,0.9998
0.3667,-1.967,0.9977,0.9998
0.4,-1.967,0.9978,0.9998
0.4333,-1.967,0.9978,0.9997
0.4667,-1.967,0.9979,0.9997
0.5,-1.967,0.9979,0.9995
0.5333,-1.967,0.998,0.9993
0.5667,-1.967,0.998,0.9988
0.6,-1.967,0.998,0.9981
0.6333,-1.967,0.9981,0.997
0.6667,-1.967,0.9981,0.9954
0.7,-1.967,0.9982,0.9935
0.7333,-1.967,0.9982,0.9915
0.7667,-1.967,0.9982,0.9896
0.8,-1.967,0.9983,0.988
0.8333,-1.967,0.9983,0.9868
0.8667,-1.967,0.9983,0.9861
0.9,-1.967,0.9984,0.9858
0.9333,-1.967,0.9984,0.9857
0.9667,-1.967,0.9984,0.9859
1,-1.967,0.9985,0.9862
1.033,-1.967,0.9985,0.9866
1.067,-1.967,0.9985,0.9871
1.1,-1.967,0.9985,0.9876
1.133,-1.967,0.9986,0.988
1.167,-1.967,0.9986,0.9885
1.2,-1.967,0.9986,0.989
1.233,-1.967,0.9986,0.9894
1.267,-1.967,0.9987,0.9899
1.3,-1.967,0.9987,0.9903
1.333,-1.967,0.9987,0.9906
1.367,-1.967,0.9987,0.991
1.4,-1.967,0.9987,0.9913
1.433,-1.967,0.9988,0.9917
1.467,-1.967,0.9988,0.992
1.5,-1.967,0.9988,0.9922
1.533,-1.967,0.9988,0.9925
1.567,-1.967,0.9988,0.9928
1.6,-1.967,0.9989,0.993
1.633,-1.967,0.9989,0.9932
1.667,-1.967,0.9989,0.9934
1.7,-1.967,0.9989,0.9937
1.733,-1.967,0.9989,0.9938
1.767,-1.967,0.9989,0.994
1.8,-1.967,0.999,0.9942
1.833,-1.967,0.999,0.9944
1.867,-1.967,0.999,0.9945
1.9,-1.967,0.999,0.9947
1.933,-1.967,0.999,0.9948
1.967,-1.967,0.999,0.9949
2,-1.967,0.999,0.9951
2.033,-1.967,0.9991,0.9952
2.067,-1.967,0.9991,0.9953
2.1,-1.967,0.9991,0.9954
2.133,-1.967,0.9991,0.9955
2.167,-1.967,0.9991,0.9956
2.2,-1.967,0.9991,0.9957
2.233,-1.967,0.9991,0.9958
2.267,-1.967,0.9991,0.9959
2.3,-1.967,0.9991,0.996
2.333,-1.967,0.9992,0.996
2.367,-1.967,0.9992,0.9961
2.4,-1.967,0.9992,0.9962
2.433,-1.967,0.9992,0.9963
2.467,-1.967,0.9992,0.9963
2.5,-1.967,0.9992,0.9964
-2.5,-1.933,0.9599,0.3467
-2.467,-1.933,0.9615,0.3715
-2.433,-1.933,0.963,0.3972
-2.4,-1.933,0.9644,0.4238
-2.367,-1.933,0.9658,0.4512
-2.333,-1.933,0.9671,0.4791
-2.3,-1.933,0.9684,0.5074
-2.267,-1.933,0.9696,0.536
-2.233,-1.933,0.9707,0.5645
-2.2,-1.933,0.9718,0.5929
-2.167,-1.933,0.9729,0.621
-2.133,-1.933,0.9739,0.6484
-2.1,-1.933,0.9749,0.6751
-2.067,-1.933,0.9759,0.7009
-2.033,-1.933,0.9768,0.7257
-2,-1.933,0.9777,0.7493
-1.967,-1.933,0.9785,0.7716
-1.933,-1.933,0.9793,0.7927
-1.9,-1.933,0.9801,0.8123
-1.867,-1.933,0.9808,0.8306
-1.833,-1.933,0.9815,0.8475
-1.8,-1.933,0.9822,0.8631
-1.767,-1.933,0.9828,0.8774
-1.733,-1.933,0.9835,0.8904
-1.7,-1.933,0.9841,0.9022
-1.667,-1.933,0.9846,0.9129
-1.633,-1.933,0.9852,0.9225
-1.6,-1.933,0.9857,0.9312
-1.567,-1.933,0.9862,0.939
-1.533,-1.933,0.9867,0.946
-1.5,-1.933,0.9872,0.9522
-1.467,-1.933,0.9876,0.9577
-1.433,-1.933,0.9881,0.9626
-1.4,-1.933,0.9885,0.967
-1.367,-1.933,0.9889,0.9709
-1.333,-1.933,0.9892,0.9743
-1.3,-1.933,0.9896,0.9773
-1.267,-1.933,0.99,0.98
-1.233,-1.933,0.9903,0.9824
-1.2,-1.933,0.9906,0.9844
-1.167,-1.933,0.9909,0.9863
-1.133,-1.933,0.9912,0.9879
-1.1,-1.933,0.9915,0.9893
-1.067,-1.933,0.9918,0.9906
-1.033,-1.933,0.9921,0.9917
-1,-1.933,0.9923,0.9926
-0.9667,-1.933,0.9926,0.9935
-0.9333,-1.933,0.9928,0.9942
-0.9,-1.933,0.993,0.9949
-0.8667,-1.933,0.9933,0.9955
-0.8333,-1.933,0.9935,0.996
-0.8,-1.933,0.9937,0.9964
-0.7667,-1.933,0.9939,0.9968
-0.7333,-1.933,0.9941,0.9972
-0.7,-1.933,0.9942,0.9975
-0.6667,-1.933,0.9944,0.9978
-0.6333,-1.933,0.9946,0.998
-0.6,-1.933,0.9947,0.9982
-0.5667,-1.933,0.9949,0.9984
-0.5333,-1.933,0.995,0.9986
-0.5,-1.933,0.9952,0.9987
-0.4667,-1.933,0.9953,0.9989
-0.4333,-1.933,0.9955,0.999
-0.4,-1.933,0.9956,0.9991
-0.3667,-1.933,0.9957,0.9992
-0.3333,-1.933,0.9958,0.9993
-0.3,-1.933,0.9959,0.9993
-0.2667,-1.933,0.9961,0.9994
-0.2333,-1.933,0.9962,0.9995
-0.2,-1.933,0.9963,0.9995
-0.1667,-1.933,0.9964,0.9996
-0.1333,-1.933,0.9965,0.9996
-0.1,-1.933,0.9966,0.9996
-0.06667,-1.933,0.9966,0.9997
-0.03333,-1.933,0.9967,0.9997
0,-1.933,0.9968,0.9997
0.03333,-1.933,0.9969,0.9997
0.06667,-1.933,0.997,0.9998
0.1,-1.933,0.9971,0.9998
0.1333,-1.933,0.9971,0.9998
0.1667,-1.933,0.9972,0.9998
0.2,-1.933,0.9973,0.9998
0.2333,-1.933,0.9973,0.9998
0.2667,-1.933,0.9974,0.9998
0.3,-1.933,0.9975,0.9998
0.3333,-1.933,0.9975,0.9998
0.3667,-1.933,0.9976,0.9998
0.4,-1.933,0.9976,0.9998
0.4333,-1.933,0.9977,0.9997
0.4667,-1.933,0.9977,0.9996
0.5,-1.933,0.9978,0.9994
0.5333,-1.933,0.9978,0.9991
0.5667,-1.933,0.9979,0.9985
0.6,-1.933,0.9979,0.9976
0.6333,-1.933,0.998,0.9963
0.6667,-1.933,0.998,0.9945
0.7,-1.933,0.9981,0.9925
0.7333,-1.933,0.9981,0.9903
0.7667,-1.933,0.9981,0.9884
0.8,-1.933,0.9982,0.9869
0.8333,-1.933,0.9982,0.9858
0.8667,-1.933,0.9982,0.9852
0.9,-1.933,0.9983,0.9849
0.9333,-1.933,0.9983,0.985
0.9667,-1.933,0.9983,0.9852
1,-1.933,0.9984,0.9856
1.033,-1.933,0.9984,0.9861
1.067,-1.933,0.9984,0.9866
1.1,-1.933,0.9985,0.9871
1.133,-1.933,0.9985,0.9876
1.167,-1.933,0.9985,0.9881
1.2,-1.933,0.9985,0.9886
1.233,-1.933,0.9986,0.9891
1.267,-1.933,0.9986,0.9895
1.3,-1.933,0.9986,0.9899
1.333,-1.933,0.9986,0.9903
1.367,-1.933,0.9987,0.9907
1.4,-1.933,0.9987,0.9911
1.433,-1.933,0.9987,0.9914
1.467,-1.933,0.9987,0.9917
1.5,-1.933,0.9988,0.992
1.533,-1.933,0.9988,0.9923
1.567,-1.933,0.9988,0.9926
1.6,-1.933,0.9988,0.9928
1.633,-1.933,0.9988,0.9931
1.667,-1.933,0.9988,0.9933
1.7,-1.933,0.9989,0.9935
1.733,-1.933,0.9989,0.9937
1.767,-1.933,0.9989,0.9939
1.8,-1.933,0.9989,0.9941
1.833,-1.933,0.9989,0.9942
1.867,-1.933,0.9989,0.9944
1.9,-1.933,0.999,0.9946
1.933,-1.933,0.999,0.9947
1.967,-1.933,0.999,0.9948
2,-1.933,0.999,0.995
2.033,-1.933,0.999,0.9951
2.067,-1.933,0.999,0.9952
2.1,-1.933,0.999,0.9953
2.133,-1.933,0.9991,0.9954
2.167,-1.933,0.9991,0.9955
2.2,-1.933,0.9991,0.9956
2.233,-1.933,0.9991,0.9957
2.267,-1.933,0.9991,0.9958
2.3,-1.933,0.9991,0.9959
2.333,-1.933,0.9991,0.996
2.367,-1.933,0.9991,0.9961
2.4,-1.933,0.9991,0.9961
2.433,-1.933,0.9992,0.9962
2.467,-1.933,0.9992,0.9963
2.5,-1.933,0.9992,0.9963
-2.5,-1.9,0.9554,0.3287
-2.467,-1.9,0.9571,0.3527
-2.433,-1.9,0.9588,0.3777
-2.4,-1.9,0.9604,0.4036
-2.367,-1.9,0.9619,0.4304
-2.333,-1.9,0.9634,0.4579
-2.3,-1.9,0.9648,0.486
-2.267,-1.9,0.9661,0.5144
-2.233,-1.9,0.9674,0.543
-2.2,-1.9,0.9687,0.5715
-2.167,-1.9,0.9699,0.5998
-2.133,-1.9,0.971,0.6277
-2.1,-1.9,0.9721,0.655
-2.067,-1.9,0.9732,0.6815
-2.033,-1.9,0.9742,0.7071
-2,-1.9,0.9752,0.7316
-1.967,-1.9,0.9761,0.7549
-1.933,-1.9,0.977,0.7769
-1.9,-1.9,0.9779,0.7976
-1.867,-1.9,0.9787,0.8169
-1.833,-1.9,0.9795,0.8349
-1.8,-1.9,0.9803,0.8514
-1.767,-1.9,0.981,0.8667
-1.733,-1.9,0.9817,0.8806
-1.7,-1.9,0.9824,0.8934
-1.667,-1.9,0.983,0.9049
-1.633,-1.9,0.9836,0.9153
-1.6,-1.9,0.9842,0.9247
-1.567,-1.9,0.9848,0.9332
-1.533,-1.9,0.9853,0.9408
-1.5,-1.9,0.9859,0.9476
-1.467,-1.9,0.9864,0.9536
-1.433,-1.9,0.9868,0.959
-1.4,-1.9,0.9873,0.9638
-1.367,-1.9,0.9877,0.968
-1.333,-1.9,0.9882,0.9717
-1.3,-1.9,0.9886,0.9751
-1.267,-1.9,0.989,0.978
-1.233,-1.9,0.9894,0.9806
-1.2,-1.9,0.9897,0.9829
-1.167,-1.9,0.9901,0.9849
-1.133,-1.9,0.9904,0.9867
-1.1,-1.9,0.9907,0.9882
-1.067,-1.9,0.991,0.9896
-1.033,-1.9,0.9913,0.9908
-1,-1.9,0.9916,0.9919
-0.9667,-1.9,0.9919,0.9928
-0.9333,-1.9,0.9921,0.9937
-0.9,-1.9,0.9924,0.9944
-0.8667,-1.9,0.9926,0.995
-0.8333,-1.9,0.9929,0.9956
-0.8,-1.9,0.9931,0.9961
-0.7667,-1.9,0.9933,0.9965
-0.7333,-1.9,0.9935,0.9969
-0.7,-1.9,0.9937,0.9973
-0.6667,-1.9,0.9939,0.9976
-0.6333,-1.9,0.9941,0.9978
-0.6,-1.9,0.9943,0.9981
-0.5667,-1.9,0.9945,0.9983
-0.5333,-1.9,0.9946,0.9985
-0.5,-1.9,0.9948,0.9986
-0.4667,-1.9,0.9949,0.9988
-0.4333,-1.9,0.9951,0.9989
-0.4,-1.9,0.9952,0.999
-0.3667,-1.9,0.9954,0.9991
-0.3333,-1.9,0.9955,0.9992
-0.3,-1.9,0.9956,0.9993
-0.2667,-1.9,0.9957,0.9993
-0.2333,-1.9,0.9959,0.9994
-0.2,-1.9,0.996,0.9995
-0.1667,-1.9,0.9961,0.9995
-0.1333,-1.9,0.9962,0.9996
-0.1,-1.9,0.9963,0.9996
-0.06667,-1.9,0.9964,0.9996
-0.03333,-1.9,0.9965,0.9997
0,-1.9,0.9966,0.9997
0.03333,-1.9,0.9967,0.9997
0.06667,-1.9,0.9968,0.9997
0.1,-1.9,0.9968,0.9998
0.1333,-1.9,0.9969,0.9998
0.1667,-1.9,0.997,0.9998
0.2,-1.9,0.9971,0.9998
0.2333,-1.9,0.9971,0.9998
0.2667,-1.9,0.9972,0.9998
0.3,-1.9,0.9973,0.9998
0.3333,-1.9,0.9973,0.9998
0.3667,-1.9,0.9974,0.9998
0.4,-1.9,0.9975,0.9997
0.4333,-1.9,0.9975,0.9996
0.4667,-1.9,0.9976,0.9995
0.5,-1.9,0.9976,0.9993
0.5333,-1.9,0.9977,0.9989
0.5667,-1.9,0.9977,0.9982
0.6,-1.9,0.9978,0.9971
0.6333,-1.9,0.9978,0.9955
0.6667,-1.9,0.9979,0.9935
0.7,-1.9,0.9979,0.9913
0.7333,-1.9,0.998,0.9891
0.7667,-1.9,0.998,0.9871
0.8,-1.9,0.9981,0.9856
0.8333,-1.9,0.9981,0.9847
0.8667,-1.9,0.9981,0.9842
0.9,-1.9,0.9982,0.984
0.9333,-1.9,0.9982,0.9842
0.9667,-1.9,0.9983,0.9845
1,-1.9,0.9983,0.9849
1.033,-1.9,0.9983,0.9855
1.067,-1.9,0.9984,0.986
1.1,-1.9,0.9984,0.9866
1.133,-1.9,0.9984,0.9871
1.167,-1.9,0.9984,0.9877
1.2,-1.9,0.9985,0.9882
1.233,-1.9,0.9985,0.9887
1.267,-1.9,0.9985,0.9892
1.3,-1.9,0.9986,0.9896
1.333,-1.9,0.9986,0.99
1.367,-1.9,0.9986,0.9904
1.4,-1.9,0.9986,0.9908
1.433,-1.9,0.9987,0.9912
1.467,-1.9,0.9987,0.9915
1.5,-1.9,0.9987,0.9918
1.533,-1.9,0.9987,0.9921
1.567,-1.9,0.9987,0.9924
1.6,-1.9,0.9988,0.9926
1.633,-1.9,0.9988,0.9929
1.667,-1.9,0.9988,0.9931
1.7,-1.9,0.9988,0.9933
1.733,-1.9,0.9988,0.9935
1.767,-1.9,0.9989,0.9937
1.8,-1.9,0.9989,0.9939
1.833,-1.9,0.9989,0.9941
1.867,-1.9,0.9989,0.9943
1.9,-1.9,0.9989,0.9944
1.933,-1.9,0.9989,0.9946
1.967,-1.9,0.999,0.9947
2,-1.9,0.999,0.9949
2.033,-1.9,0.999,0.995
2.067,-1.9,0.999,0.9951
2.1,-1.9,0.999,0.9952
2.133,-1.9,0.999,0.9953
2.167,-1.9,0.999,0.9955
2.2,-1.9,0.999,0.9956
2.233,-1.9,0.9991,0.9957
2.267,-1.9,0.9991,0.9957
2.3,-1.9,0.9991,0.9958
2.333,-1.9,0.9991,0.9959
2.367,-1.9,0.9991,0.996
2.4,-1.9,0.9991,0.9961
2.433,-1.9,0.9991,0.9961
2.467,-1.9,0.9991,0.9962
2.5,-1.9,0.9991,0.9963
-2.5,-1.867,0.9503,0.3114
-2.467,-1.867,0.9522,0.3345
-2.433,-1.867,0.9541,0.3587
-2.4,-1.867,0.9559,0.384
-2.367,-1.867,0.9576,0.4101
-2.333,-1.867,0.9592,0.4371
-2.3,-1.867,0.9608,0.4648
-2.267,-1.867,0.9623,0.4929
-2.233,-1.867,0.9638,0.5214
-2.2,-1.867,0.9652,0.5499
-2.167,-1.867,0.9665,0.5785
-2.133,-1.867,0.9678,0.6067
-2.1,-1.867,0.969,0.6345
-2.067,-1.867,0.9702,0.6616
-2.033,-1.867,0.9714,0.6879
-2,-1.867,0.9724,0.7132
-1.967,-1.867,0.9735,0.7374
-1.933,-1.867,0.9745,0.7604
-1.9,-1.867,0.9755,0.7821
-1.867,-1.867,0.9764,0.8024
-1.833,-1.867,0.9773,0.8214
-1.8,-1.867,0.9781,0.839
-1.767,-1.867,0.9789,0.8553
-1.733,-1.867,0.9797,0.8702
-1.7,-1.867,0.9805,0.8839
-1.667,-1.867,0.9812,0.8963
-1.633,-1.867,0.9819,0.9076
-1.6,-1.867,0.9825,0.9177
-1.567,-1.867,0.9832,0.9269
-1.533,-1.867,0.9838,0.9351
-1.5,-1.867,0.9844,0.9425
-1.467,-1.867,0.9849,0.9491
-1.433,-1.867,0.9855,0.955
-1.4,-1.867,0.986,0.9602
-1.367,-1.867,0.9865,0.9648
-1.333,-1.867,0.987,0.969
-1.3,-1.867,0.9874,0.9726
-1.267,-1.867,0.9879,0.9758
-1.233,-1.867,0.9883,0.9787
-1.2,-1.867,0.9887,0.9812
-1.167,-1.867,0.9891,0.9834
-1.133,-1.867,0.9895,0.9854
-1.1,-1.867,0.9898,0.9871
-1.067,-1.867,0.9902,0.9886
-1.033,-1.867,0.9905,0.9899
-1,-1.867,0.9908,0.9911
-0.9667,-1.867,0.9911,0.9921
-0.9333,-1.867,0.9914,0.9931
-0.9,-1.867,0.9917,0.9939
-0.8667,-1.867,0.992,0.9946
-0.8333,-1.867,0.9922,0.9952
-0.8,-1.867,0.9925,0.9957
-0.7667,-1.867,0.9927,0.9962
-0.7333,-1.867,0.9929,0.9966
-0.7,-1.867,0.9932,0.997
-0.6667,-1.867,0.9934,0.9973
-0.6333,-1.867,0.9936,0.9976
-0.6,-1.867,0.9938,0.9979
-0.5667,-1.867,0.994,0.9981
-0.5333,-1.867,0.9942,0.9983
-0.5,-1.867,0.9943,0.9985
-0.4667,-1.867,0.9945,0.9987
-0.4333,-1.867,0.9947,0.9988
-0.4,-1.867,0.9948,0.9989
-0.3667,-1.867,0.995,0.999
-0.3333,-1.867,0.9951,0.9991
-0.3,-1.867,0.9953,0.9992
-0.2667,-1.867,0.9954,0.9993
-0.2333,-1.867,0.9955,0.9994
-0.2,-1.867,0.9957,0.9994
-0.1667,-1.867,0.9958,0.9995
-0.1333,-1.867,0.9959,0.9995
-0.1,-1.867,0.996,0.9996
-0.06667,-1.867,0.9961,0.9996
-0.03333,-1.867,0.9962,0.9996
0,-1.867,0.9963,0.9997
0.03333,-1.867,0.9964,0.9997
0.06667,-1.867,0.9965,0.9997
0.1,-1.867,0.9966,0.9997
0.1333,-1.867,0.9967,0.9998
0.1667,-1.867,0.9968,0.9998
0.2,-1.867,0.9969,0.9998
0.2333,-1.867,0.9969,0.9998
0.2667,-1.867,0.997,0.9998
0.3,-1.867,0.9971,0.9998
0.3333,-1.867,0.9972,0.9998
0.3667,-1.867,0.9972,0.9997
0.4,-1.867,0.9973,0.9997
0.4333,-1.867,0.9974,0.9996
0.4667,-1.867,0.9974,0.9994
0.5,-1.867,0.9975,0.9991
0.5333,-1.867,0.9975,0.9986
0.5667,-1.867,0.9976,0.9978
0.6,-1.867,0.9977,0.9965
0.6333,-1.867,0.9977,0.9947
0.6667,-1.867,0.9978,0.9924
0.7,-1.867,0.9978,0.99
0.7333,-1.867,0.9979,0.9877
0.7667,-1.867,0.9979,0.9858
0.8,-1.867,0.9979,0.9844
0.8333,-1.867,0.998,0.9835
0.8667,-1.867,0.998,0.9831
0.9,-1.867,0.9981,0.9831
0.9333,-1.867,0.9981,0.9833
0.9667,-1.867,0.9982,0.9837
1,-1.867,0.9982,0.9843
1.033,-1.867,0.9982,0.9848
1.067,-1.867,0.9983,0.9854
1.1,-1.867,0.9983,0.986
1.133,-1.867,0.9983,0.9866
1.167,-1.867,0.9984,0.9872
1.2,-1.867,0.9984,0.9878
1.233,-1.867,0.9984,0.9883
1.267,-1.867,0.9985,0.9888
1.3,-1.867,0.9985,0.9893
1.333,-1.867,0.9985,0.9897
1.367,-1.867,0.9985,0.9901
1.4,-1.867,0.9986,0.9905
1.433,-1.867,0.9986,0.9909
1.467,-1.867,0.9986,0.9912
1.5,-1.867,0.9986,0.9916
1.533,-1.867,0.9987,0.9919
1.567,-1.867,0.9987,0.9922
1.6,-1.867,0.9987,0.9924
1.633,-1.867,0.9987,0.9927
1.667,-1.867,0.9987,0.9929
1.7,-1.867,0.9988,0.9932
1.733,-1.867,0.9988,0.9934
1.767,-1.867,0.9988,0.9936
1.8,-1.867,0.9988,0.9938
1.833,-1.867,0.9988,0.994
1.867,-1.867,0.9989,0.9942
1.9,-1.867,0.9989,0.9943
1.933,-1.867,0.9989,0.9945
1.967,-1.867,0.9989,0.9946
2,-1.867,0.9989,0.9948
2.033,-1.867,0.9989,0.9949
2.067,-1.867,0.999,0.995
2.1,-1.867,0.999,0.9951
2.133,-1.867,0.999,0.9953
2.167,-1.867,0.999,0.9954
2.2,-1.867,0.999,0.9955
2.233,-1.867,0.999,0.9956
2.267,-1.867,0.999,0.9957
2.3,-1.867,0.999,0.9958
2.333,-1.867,0.9991,0.9959
2.367,-1.867,0.9991,0.9959
2.4,-1.867,0.9991,0.996
2.433,-1.867,0.9991,0.9961
2.467,-1.867,0.9991,0.9962
2.5,-1.867,0.9991,0.9962
-2.5,-1.833,0.9447,0.2947
-2.467,-1.833,0.9468,0.3169
-2.433,-1.833,0.9489,0.3403
-2.4,-1.833,0.9509,0.3648
-2.367,-1.833,0.9528,0.3903
-2.333,-1.833,0.9546,0.4167
-2.3,-1.833,0.9564,0.4438
-2.267,-1.833,0.9581,0.4716
-2.233,-1.833,0.9597,0.4998
-2.2,-1.833,0.9612,0.5283
-2.167,-1.833,0.9627,0.5569
-2.133,-1.833,0.9642,0.5854
-2.1,-1.833,0.9656,0.6136
-2.067,-1.833,0.9669,0.6412
-2.033,-1.833,0.9682,0.6681
-2,-1.833,0.9694,0.6942
-1.967,-1.833,0.9705,0.7192
-1.933,-1.833,0.9717,0.7431
-1.9,-1.833,0.9727,0.7658
-1.867,-1.833,0.9738,0.7872
-1.833,-1.833,0.9748,0.8072
-1.8,-1.833,0.9757,0.8259
-1.767,-1.833,0.9766,0.8431
-1.733,-1.833,0.9775,0.8591
-1.7,-1.833,0.9784,0.8737
-1.667,-1.833,0.9792,0.887
-1.633,-1.833,0.9799,0.8991
-1.6,-1.833,0.9807,0.9101
-1.567,-1.833,0.9814,0.9201
-1.533,-1.833,0.9821,0.929
-1.5,-1.833,0.9827,0.937
-1.467,-1.833,0.9834,0.9442
-1.433,-1.833,0.984,0.9506
-1.4,-1.833,0.9845,0.9563
-1.367,-1.833,0.9851,0.9614
-1.333,-1.833,0.9856,0.9659
-1.3,-1.833,0.9861,0.9699
-1.267,-1.833,0.9866,0.9734
-1.233,-1.833,0.9871,0.9766
-1.2,-1.833,0.9876,0.9793
-1.167,-1.833,0.988,0.9818
-1.133,-1.833,0.9884,0.9839
-1.1,-1.833,0.9888,0.9858
-1.067,-1.833,0.9892,0.9875
-1.033,-1.833,0.9896,0.9889
-1,-1.833,0.9899,0.9902
-0.9667,-1.833,0.9903,0.9914
-0.9333,-1.833,0.9906,0.9924
-0.9,-1.833,0.9909,0.9933
-0.8667,-1.833,0.9912,0.994
-0.8333,-1.833,0.9915,0.9947
-0.8,-1.833,0.9918,0.9953
-0.7667,-1.833,0.992,0.9959
-0.7333,-1.833,0.9923,0.9963
-0.7,-1.833,0.9925,0.9967
-0.6667,-1.833,0.9928,0.9971
-0.6333,-1.833,0.993,0.9974
-0.6,-1.833,0.9932,0.9977
-0.5667,-1.833,0.9934,0.998
-0.5333,-1.833,0.9936,0.9982
-0.5,-1.833,0.9938,0.9984
-0.4667,-1.833,0.994,0.9985
-0.4333,-1.833,0.9942,0.9987
-0.4,-1.833,0.9944,0.9988
-0.3667,-1.833,0.9946,0.999
-0.3333,-1.833,0.9947,0.9991
-0.3,-1.833,0.9949,0.9992
-0.2667,-1.833,0.995,0.9992
-0.2333,-1.833,0.9952,0.9993
-0.2,-1.833,0.9953,0.9994
-0.1667,-1.833,0.9954,0.9994
-0.1333,-1.833,0.9956,0.9995
-0.1,-1.833,0.9957,0.9995
-0.06667,-1.833,0.9958,0.9996
-0.03333,-1.833,0.9959,0.9996
0,-1.833,0.996,0.9996
0.03333,-1.833,0.9961,0.9997
0.06667,-1.833,0.9963,0.9997
0.1,-1.833,0.9964,0.9997
0.1333,-1.833,0.9964,0.9997
0.1667,-1.833,0.9965,0.9998
0.2,-1.833,0.9966,0.9998
0.2333,-1.833,0.9967,0.9998
0.2667,-1.833,0.9968,0.9998
0.3,-1.833,0.9969,0.9998
0.3333,-1.833,0.997,0.9997
0.3667,-1.833,0.997,0.9997
0.4,-1.833,0.9971,0.9996
0.4333,-1.833,0.9972,0.9995
0.4667,-1.833,0.9973,0.9993
0.5,-1.833,0.9973,0.9989
0.5333,-1.833,0.9974,0.9983
0.5667,-1.833,0.9974,0.9973
0.6,-1.833,0.9975,0.9957
0.6333,-1.833,0.9976,0.9936
0.6667,-1.833,0.9976,0.9911
0.7,-1.833,0.9977,0.9885
0.7333,-1.833,0.9977,0.9862
0.7667,-1.833,0.9978,0.9843
0.8,-1.833,0.9978,0.983
0.8333,-1.833,0.9979,0.9823
0.8667,-1.833,0.9979,0.982
0.9,-1.833,0.998,0.9821
0.9333,-1.833,0.998,0.9824
0.9667,-1.833,0.998,0.9829
1,-1.833,0.9981,0.9835
1.033,-1.833,0.9981,0.9842
1.067,-1.833,0.9982,0.9848
1.1,-1.833,0.9982,0.9855
1.133,-1.833,0.9982,0.9861
1.167,-1.833,0.9983,0.9867
1.2,-1.833,0.9983,0.9873
1.233,-1.833,0.9983,0.9879
1.267,-1.833,0.9984,0.9884
1.3,-1.833,0.9984,0.9889
1.333,-1.833,0.9984,0.9894
1.367,-1.833,0.9985,0.9898
1.4,-1.833,0.9985,0.9902
1.433,-1.833,0.9985,0.9906
1.467,-1.833,0.9985,0.991
1.5,-1.833,0.9986,0.9913
1.533,-1.833,0.9986,0.9916
1.567,-1.833,0.9986,0.9919
1.6,-1.833,0.9986,0.9922
1.633,-1.833,0.9987,0.9925
1.667,-1.833,0.9987,0.9928
1.7,-1.833,0.9987,0.993
1.733,-1.833,0.9987,0.9932
1.767,-1.833,0.9988,0.9934
1.8,-1.833,0.9988,0.9936
1.833,-1.833,0.9988,0.9938
1.867,-1.833,0.9988,0.994
1.9,-1.833,0.9988,0.9942
1.933,-1.833,0.9988,0.9944
1.967,-1.833,0.9989,0.9945
2,-1.833,0.9989,0.9947
2.033,-1.833,0.9989,0.9948
2.067,-1.833,0.9989,0.9949
2.1,-1.833,0.9989,0.9951
2.133,-1.833,0.9989,0.9952
2.167,-1.833,0.999,0.9953
2.2,-1.833,0.999,0.9954
2.233,-1.833,0.999,0.9955
2.267,-1.833,0.999,0.9956
2.3,-1.833,0.999,0.9957
2.333,-1.833,0.999,0.9958
2.367,-1.833,0.999,0.9959
2.4,-1.833,0.9991,0.996
2.433,-1.833,0.9991,0.996
2.467,-1.833,0.9991,0.9961
2.5,-1.833,0.9991,0.9962
-2.5,-1.8,0.9384,0.2787
-2.467,-1.8,0.9408,0.3
-2.433,-1.8,0.9431,0.3226
-2.4,-1.8,0.9453,0.3462
-2.367,-1.8,0.9474,0.3709
-2.333,-1.8,0.9494,0.3966
-2.3,-1.8,0.9514,0.4232
-2.267,-1.8,0.9533,0.4506
-2.233,-1.8,0.9551,0.4785
-2.2,-1.8,0.9568,0.5068
-2.167,-1.8,0.9585,0.5353
-2.133,-1.8,0.9601,0.5639
-2.1,-1.8,0.9617,0.5923
-2.067,-1.8,0.9631,0.6204
-2.033,-1.8,0.9646,0.6478
-2,-1.8,0.9659,0.6746
-1.967,-1.8,0.9672,0.7004
-1.933,-1.8,0.9685,0.7252
-1.9,-1.8,0.9697,0.7488
-1.867,-1.8,0.9709,0.7712
-1.833,-1.8,0.972,0.7922
-1.8,-1.8,0.973,0.8119
-1.767,-1.8,0.9741,0.8302
-1.733,-1.8,0.975,0.8472
-1.7,-1.8,0.976,0.8628
-1.667,-1.8,0.9769,0.8771
-1.633,-1.8,0.9778,0.8901
-1.6,-1.8,0.9786,0.9019
-1.567,-1.8,0.9794,0.9127
-1.533,-1.8,0.9801,0.9223
-1.5,-1.8,0.9809,0.931
-1.467,-1.8,0.9816,0.9388
-1.433,-1.8,0.9823,0.9458
-1.4,-1.8,0.9829,0.9521
-1.367,-1.8,0.9835,0.9576
-1.333,-1.8,0.9841,0.9625
-1.3,-1.8,0.9847,0.9669
-1.267,-1.8,0.9852,0.9708
-1.233,-1.8,0.9858,0.9742
-1.2,-1.8,0.9863,0.9773
-1.167,-1.8,0.9868,0.9799
-1.133,-1.8,0.9872,0.9823
-1.1,-1.8,0.9877,0.9844
-1.067,-1.8,0.9881,0.9862
-1.033,-1.8,0.9885,0.9878
-1,-1.8,0.9889,0.9893
-0.9667,-1.8,0.9893,0.9905
-0.9333,-1.8,0.9897,0.9916
-0.9,-1.8,0.99,0.9926
-0.8667,-1.8,0.9903,0.9935
-0.8333,-1.8,0.9907,0.9942
-0.8,-1.8,0.991,0.9949
-0.7667,-1.8,0.9913,0.9955
-0.7333,-1.8,0.9916,0.996
-0.7,-1.8,0.9918,0.9964
-0.6667,-1.8,0.9921,0.9968
-0.6333,-1.8,0.9924,0.9972
-0.6,-1.8,0.9926,0.9975
-0.5667,-1.8,0.9928,0.9978
-0.5333,-1.8,0.9931,0.998
-0.5,-1.8,0.9933,0.9982
-0.4667,-1.8,0.9935,0.9984
-0.4333,-1.8,0.9937,0.9986
-0.4,-1.8,0.9939,0.9987
-0.3667,-1.8,0.9941,0.9989
-0.3333,-1.8,0.9943,0.999
-0.3,-1.8,0.9944,0.9991
-0.2667,-1.8,0.9946,0.9992
-0.2333,-1.8,0.9948,0.9993
-0.2,-1.8,0.9949,0.9993
-0.1667,-1.8,0.9951,0.9994
-0.1333,-1.8,0.9952,0.9995
-0.1,-1.8,0.9953,0.9995
-0.06667,-1.8,0.9955,0.9995
-0.03333,-1.8,0.9956,0.9996
0,-1.8,0.9957,0.9996
0.03333,-1.8,0.9958,0.9997
0.06667,-1.8,0.996,0.9997
0.1,-1.8,0.9961,0.9997
0.1333,-1.8,0.9962,0.9997
0.1667,-1.8,0.9963,0.9997
0.2,-1.8,0.9964,0.9997
0.2333,-1.8,0.9965,0.9997
0.2667,-1.8,0.9966,0.9997
0.3,-1.8,0.9967,0.9997
0.3333,-1.8,0.9967,0.9997
0.3667,-1.8,0.9968,0.9997
0.4,-1.8,0.9969,0.9996
0.4333,-1.8,0.997,0.9994
0.4667,-1.8,0.9971,0.9991
0.5,-1.8,0.9971,0.9987
0.5333,-1.8,0.9972,0.9979
0.5667,-1.8,0.9973,0.9966
0.6,-1.8,0.9973,0.9948
0.6333,-1.8,0.9974,0.9924
0.6667,-1.8,0.9975,0.9897
0.7,-1.8,0.9975,0.987
0.7333,-1.8,0.9976,0.9846
0.7667,-1.8,0.9976,0.9828
0.8,-1.8,0.9977,0.9817
0.8333,-1.8,0.9977,0.981
0.8667,-1.8,0.9978,0.9809
0.9,-1.8,0.9978,0.9811
0.9333,-1.8,0.9979,0.9815
0.9667,-1.8,0.9979,0.9821
1,-1.8,0.998,0.9828
1.033,-1.8,0.998,0.9835
1.067,-1.8,0.9981,0.9842
1.1,-1.8,0.9981,0.9849
1.133,-1.8,0.9981,0.9856
1.167,-1.8,0.9982,0.9862
1.2,-1.8,0.9982,0.9869
1.233,-1.8,0.9982,0.9874
1.267,-1.8,0.9983,0.988
1.3,-1.8,0.9983,0.9885
1.333,-1.8,0.9983,0.989
1.367,-1.8,0.9984,0.9895
1.4,-1.8,0.9984,0.9899
1.433,-1.8,0.9984,0.9903
1.467,-1.8,0.9985,0.9907
1.5,-1.8,0.9985,0.9911
1.533,-1.8,0.9985,0.9914
1.567,-1.8,0.9986,0.9917
1.6,-1.8,0.9986,0.992
1.633,-1.8,0.9986,0.9923
1.667,-1.8,0.9986,0.9926
1.7,-1.8,0.9986,0.9928
1.733,-1.8,0.9987,0.9931
1.767,-1.8,0.9987,0.9933
1.8,-1.8,0.9987,0.9935
1.833,-1.8,0.9987,0.9937
1.867,-1.8,0.9988,0.9939
1.9,-1.8,0.9988,0.9941
1.933,-1.8,0.9988,0.9942
1.967,-1.8,0.9988,0.9944
2,-1.8,0.9988,0.9945
2.033,-1.8,0.9989,0.9947
2.067,-1.8,0.9989,0.9948
2.1,-1.8,0.9989,0.995
2.133,-1.8,0.9989,0.9951
2.167,-1.8,0.9989,0.9952
2.2,-1.8,0.9989,0.9953
2.233,-1.8,0.9989,0.9954
2.267,-1.8,0.999,0.9955
2.3,-1.8,0.999,0.9956
2.333,-1.8,0.999,0.9957
2.367,-1.8,0.999,0.9958
2.4,-1.8,0.999,0.9959
2.433,-1.8,0.999,0.996
2.467,-1.8,0.999,0.9961
2.5,-1.8,0.9991,0.9961
-2.5,-1.767,0.9314,0.2634
-2.467,-1.767,0.9341,0.2838
-2.433,-1.767,0.9366,0.3054
-2.4,-1.767,0.9391,0.3282
-2.367,-1.767,0.9414,0.3522
-2.333,-1.767,0.9437,0.3771
-2.3,-1.767,0.9459,0.4031
-2.267,-1.767,0.948,0.4299
-2.233,-1.767,0.95,0.4573
-2.2,-1.767,0.9519,0.4854
-2.167,-1.767,0.9538,0.5138
-2.133,-1.767,0.9556,0.5423
-2.1,-1.767,0.9573,0.5709
-2.067,-1.767,0.959,0.5992
-2.033,-1.767,0.9606,0.6271
-2,-1.767,0.9621,0.6545
-1.967,-1.767,0.9636,0.681
-1.933,-1.767,0.965,0.7066
-1.9,-1.767,0.9663,0.7311
-1.867,-1.767,0.9676,0.7544
-1.833,-1.767,0.9688,0.7764
-1.8,-1.767,0.97,0.7972
-1.767,-1.767,0.9712,0.8165
-1.733,-1.767,0.9723,0.8345
-1.7,-1.767,0.9733,0.8511
-1.667,-1.767,0.9743,0.8664
-1.633,-1.767,0.9753,0.8804
-1.6,-1.767,0.9762,0.8931
-1.567,-1.767,0.9771,0.9047
-1.533,-1.767,0.978,0.9151
-1.5,-1.767,0.9788,0.9246
-1.467,-1.767,0.9796,0.933
-1.433,-1.767,0.9804,0.9406
-1.4,-1.767,0.9811,0.9474
-1.367,-1.767,0.9818,0.9535
-1.333,-1.767,0.9824,0.9589
-1.3,-1.767,0.9831,0.9637
-1.267,-1.767,0.9837,0.9679
-1.233,-1.767,0.9843,0.9717
-1.2,-1.767,0.9849,0.975
-1.167,-1.767,0.9854,0.9779
-1.133,-1.767,0.9859,0.9805
-1.1,-1.767,0.9864,0.9828
-1.067,-1.767,0.9869,0.9849
-1.033,-1.767,0.9874,0.9866
-1,-1.767,0.9878,0.9882
-0.9667,-1.767,0.9882,0.9896
-0.9333,-1.767,0.9886,0.9908
-0.9,-1.767,0.989,0.9919
-0.8667,-1.767,0.9894,0.9928
-0.8333,-1.767,0.9898,0.9937
-0.8,-1.767,0.9901,0.9944
-0.7667,-1.767,0.9904,0.995
-0.7333,-1.767,0.9908,0.9956
-0.7,-1.767,0.9911,0.9961
-0.6667,-1.767,0.9914,0.9965
-0.6333,-1.767,0.9916,0.9969
-0.6,-1.767,0.9919,0.9973
-0.5667,-1.767,0.9922,0.9976
-0.5333,-1.767,0.9924,0.9978
-0.5,-1.767,0.9927,0.9981
-0.4667,-1.767,0.9929,0.9983
-0.4333,-1.767,0.9931,0.9985
-0.4,-1.767,0.9933,0.9986
-0.3667,-1.767,0.9936,0.9988
-0.3333,-1.767,0.9938,0.9989
-0.3,-1.767,0.9939,0.999
-0.2667,-1.767,0.9941,0.9991
-0.2333,-1.767,0.9943,0.9992
-0.2,-1.767,0.9945,0.9993
-0.1667,-1.767,0.9946,0.9993
-0.1333,-1.767,0.9948,0.9994
-0.1,-1.767,0.995,0.9995
-0.06667,-1.767,0.9951,0.9995
-0.03333,-1.767,0.9952,0.9996
0,-1.767,0.9954,0.9996
0.03333,-1.767,0.9955,0.9996
0.06667,-1.767,0.9956,0.9997
0.1,-1.767,0.9958,0.9997
0.1333,-1.767,0.9959,0.9997
0.1667,-1.767,0.996,0.9997
0.2,-1.767,0.9961,0.9997
0.2333,-1.767,0.9962,0.9997
0.2667,-1.767,0.9963,0.9997
0.3,-1.767,0.9964,0.9997
0.3333,-1.767,0.9965,0.9997
0.3667,-1.767,0.9966,0.9996
0.4,-1.767,0.9967,0.9995
0.4333,-1.767,0.9968,0.9993
0.4667,-1.767,0.9968,0.999
0.5,-1.767,0.9969,0.9984
0.5333,-1.767,0.997,0.9974
0.5667,-1.767,0.9971,0.9958
0.6,-1.767,0.9972,0.9937
0.6333,-1.767,0.9972,0.991
0.6667,-1.767,0.9973,0.9881
0.7,-1.767,0.9974,0.9853
0.7333,-1.767,0.9974,0.9829
0.7667,-1.767,0.9975,0.9812
0.8,-1.767,0.9975,0.9802
0.8333,-1.767,0.9976,0.9797
0.8667,-1.767,0.9976,0.9797
0.9,-1.767,0.9977,0.98
0.9333,-1.767,0.9978,0.9806
0.9667,-1.767,0.9978,0.9812
1,-1.767,0.9979,0.982
1.033,-1.767,0.9979,0.9828
1.067,-1.767,0.9979,0.9835
1.1,-1.767,0.998,0.9843
1.133,-1.767,0.998,0.985
1.167,-1.767,0.9981,0.9857
1.2,-1.767,0.9981,0.9864
1.233,-1.767,0.9981,0.987
1.267,-1.767,0.9982,0.9876
1.3,-1.767,0.9982,0.9881
1.333,-1.767,0.9983,0.9886
1.367,-1.767,0.9983,0.9891
1.4,-1.767,0.9983,0.9896
1.433,-1.767,0.9984,0.99
1.467,-1.767,0.9984,0.9904
1.5,-1.767,0.9984,0.9908
1.533,-1.767,0.9984,0.9911
1.567,-1.767,0.9985,0.9915
1.6,-1.767,0.9985,0.9918
1.633,-1.767,0.9985,0.9921
1.667,-1.767,0.9986,0.9924
1.7,-1.767,0.9986,0.9926
1.733,-1.767,0.9986,0.9929
1.767,-1.767,0.9986,0.9931
1.8,-1.767,0.9987,0.9933
1.833,-1.767,0.9987,0.9935
1.867,-1.767,0.9987,0.9937
1.9,-1.767,0.9987,0.9939
1.933,-1.767,0.9987,0.9941
1.967,-1.767,0.9988,0.9943
2,-1.767,0.9988,0.9944
2.033,-1.767,0.9988,0.9946
2.067,-1.767,0.9988,0.9947
2.1,-1.767,0.9988,0.9949
2.133,-1.767,0.9989,0.995
2.167,-1.767,0.9989,0.9951
2.2,-1.767,0.9989,0.9952
2.233,-1.767,0.9989,0.9953
2.267,-1.767,0.9989,0.9955
2.3,-1.767,0.9989,0.9956
2.333,-1.767,0.999,0.9957
2.367,-1.767,0.999,0.9957
2.4,-1.767,0.999,0.9958
2.433,-1.767,0.999,0.9959
2.467,-1.767,0.999,0.996
2.5,-1.767,0.999,0.9961
-2.5,-1.733,0.9237,0.2488
-2.467,-1.733,0.9266,0.2683
-2.433,-1.733,0.9294,0.289
-2.4,-1.733,0.9322,0.3109
-2.367,-1.733,0.9348,0.334
-2.333,-1.733,0.9373,0.3582
-2.3,-1.733,0.9397,0.3834
-2.267,-1.733,0.9421,0.4096
-2.233,-1.733,0.9443,0.4365
-2.2,-1.733,0.9465,0.4641
-2.167,-1.733,0.9486,0.4923
-2.133,-1.733,0.9506,0.5207
-2.1,-1.733,0.9525,0.5493
-2.067,-1.733,0.9543,0.5779
-2.033,-1.733,0.9561,0.6061
-2,-1.733,0.9578,0.6339
-1.967,-1.733,0.9594,0.661
-1.933,-1.733,0.961,0.6873
-1.9,-1.733,0.9625,0.7127
-1.867,-1.733,0.964,0.7369
-1.833,-1.733,0.9653,0.7599
-1.8,-1.733,0.9667,0.7816
-1.767,-1.733,0.968,0.802
-1.733,-1.733,0.9692,0.821
-1.7,-1.733,0.9704,0.8387
-1.667,-1.733,0.9715,0.855
-1.633,-1.733,0.9726,0.8699
-1.6,-1.733,0.9736,0.8836
-1.567,-1.733,0.9746,0.896
-1.533,-1.733,0.9756,0.9073
-1.5,-1.733,0.9765,0.9175
-1.467,-1.733,0.9774,0.9267
-1.433,-1.733,0.9782,0.935
-1.4,-1.733,0.979,0.9424
-1.367,-1.733,0.9798,0.949
-1.333,-1.733,0.9806,0.9549
-1.3,-1.733,0.9813,0.9601
-1.267,-1.733,0.982,0.9647
-1.233,-1.733,0.9826,0.9689
-1.2,-1.733,0.9833,0.9725
-1.167,-1.733,0.9839,0.9758
-1.133,-1.733,0.9844,0.9786
-1.1,-1.733,0.985,0.9811
-1.067,-1.733,0.9855,0.9834
-1.033,-1.733,0.9861,0.9853
-1,-1.733,0.9866,0.987
-0.9667,-1.733,0.987,0.9886
-0.9333,-1.733,0.9875,0.9899
-0.9,-1.733,0.9879,0.9911
-0.8667,-1.733,0.9883,0.9921
-0.8333,-1.733,0.9887,0.993
-0.8,-1.733,0.9891,0.9938
-0.7667,-1.733,0.9895,0.9946
-0.7333,-1.733,0.9899,0.9952
-0.7,-1.733,0.9902,0.9957
-0.6667,-1.733,0.9905,0.9962
-0.6333,-1.733,0.9908,0.9966
-0.6,-1.733,0.9911,0.997
-0.5667,-1.733,0.9914,0.9973
-0.5333,-1.733,0.9917,0.9976
-0.5,-1.733,0.992,0.9979
-0.4667,-1.733,0.9923,0.9981
-0.4333,-1.733,0.9925,0.9983
-0.4,-1.733,0.9927,0.9985
-0.3667,-1.733,0.993,0.9987
-0.3333,-1.733,0.9932,0.9988
-0.3,-1.733,0.9934,0.9989
-0.2667,-1.733,0.9936,0.999
-0.2333,-1.733,0.9938,0.9991
-0.2,-1.733,0.994,0.9992
-0.1667,-1.733,0.9942,0.9993
-0.1333,-1.733,0.9944,0.9994
-0.1,-1.733,0.9945,0.9994
-0.06667,-1.733,0.9947,0.9995
-0.03333,-1.733,0.9948,0.9995
0,-1.733,0.995,0.9996
0.03333,-1.733,0.9951,0.9996
0.06667,-1.733,0.9953,0.9996
0.1,-1.733,0.9954,0.9997
0.1333,-1.733,0.9955,0.9997
0.1667,-1.733,0.9957,0.9997
0.2,-1.733,0.9958,0.9997
0.2333,-1.733,0.9959,0.9997
0.2667,-1.733,0.996,0.9997
0.3,-1.733,0.9961,0.9997
0.3333,-1.733,0.9962,0.9996
0.3667,-1.733,0.9963,0.9995
0.4,-1.733,0.9964,0.9994
0.4333,-1.733,0.9965,0.9991
0.4667,-1.733,0.9966,0.9987
0.5,-1.733,0.9967,0.998
0.5333,-1.733,0.9968,0.9968
0.5667,-1.733,0.9969,0.9949
0.6,-1.733,0.997,0.9924
0.6333,-1.733,0.997,0.9894
0.6667,-1.733,0.9971,0.9863
0.7,-1.733,0.9972,0.9834
0.7333,-1.733,0.9972,0.9811
0.7667,-1.733,0.9973,0.9795
0.8,-1.733,0.9974,0.9787
0.8333,-1.733,0.9974,0.9783
0.8667,-1.733,0.9975,0.9785
0.9,-1.733,0.9976,0.9789
0.9333,-1.733,0.9976,0.9796
0.9667,-1.733,0.9977,0.9803
1,-1.733,0.9977,0.9811
1.033,-1.733,0.9978,0.982
1.067,-1.733,0.9978,0.9828
1.1,-1.733,0.9979,0.9836
1.133,-1.733,0.9979,0.9844
1.167,-1.733,0.998,0.9851
1.2,-1.733,0.998,0.9858
1.233,-1.733,0.998,0.9865
1.267,-1.733,0.9981,0.9871
1.3,-1.733,0.9981,0.9877
1.333,-1.733,0.9982,0.9883
1.367,-1.733,0.9982,0.9888
1.4,-1.733,0.9982,0.9892
1.433,-1.733,0.9983,0.9897
1.467,-1.733,0.9983,0.9901
1.5,-1.733,0.9983,0.9905
1.533,-1.733,0.9984,0.9909
1.567,-1.733,0.9984,0.9912
1.6,-1.733,0.9984,0.9916
1.633,-1.733,0.9985,0.9919
1.667,-1.733,0.9985,0.9922
1.7,-1.733,0.9985,0.9924
1.733,-1.733,0.9985,0.9927
1.767,-1.733,0.9986,0.9929
1.8,-1.733,0.9986,0.9932
1.833,-1.733,0.9986,0.9934
1.867,-1.733,0.9986,0.9936
1.9,-1.733,0.9987,0.9938
1.933,-1.733,0.9987,0.994
1.967,-1.733,0.9987,0.9941
2,-1.733,0.9987,0.9943
2.033,-1.733,0.9987,0.9945
2.067,-1.733,0.9988,0.9946
2.1,-1.733,0.9988,0.9948
2.133,-1.733,0.9988,0.9949
2.167,-1.733,0.9988,0.995
2.2,-1.733,0.9988,0.9951
2.233,-1.733,0.9989,0.9953
2.267,-1.733,0.9989,0.9954
2.3,-1.733,0.9989,0.9955
2.333,-1.733,0.9989,0.9956
2.367,-1.733,0.9989,0.9957
2.4,-1.733,0.9989,0.9958
2.433,-1.733,0.999,0.9959
2.467,-1.733,0.999,0.9959
2.5,-1.733,0.999,0.996
-2.5,-1.7,0.9151,0.2348
-2.467,-1.7,0.9184,0.2534
-2.433,-1.7,0.9215,0.2732
-2.4,-1.7,0.9245,0.2942
-2.367,-1.7,0.9274,0.3165
-2.333,-1.7,0.9302,0.3398
-2.3,-1.7,0.9329,0.3643
-2.267,-1.7,0.9355,0.3897
-2.233,-1.7,0.938,0.4161
-2.2,-1.7,0.9404,0.4432
-2.167,-1.7,0.9427,0.471
-2.133,-1.7,0.9449,0.4992
-2.1,-1.7,0.9471,0.5277
-2.067,-1.7,0.9491,0.5563
-2.033,-1.7,0.9511,0.5848
-2,-1.7,0.953,0.6129
-1.967,-1.7,0.9548,0.6406
-1.933,-1.7,0.9566,0.6675
-1.9,-1.7,0.9583,0.6936
-1.867,-1.7,0.9599,0.7187
-1.833,-1.7,0.9614,0.7426
-1.8,-1.7,0.9629,0.7653
-1.767,-1.7,0.9643,0.7867
-1.733,-1.7,0.9657,0.8068
-1.7,-1.7,0.967,0.8255
-1.667,-1.7,0.9683,0.8428
-1.633,-1.7,0.9695,0.8587
-1.6,-1.7,0.9707,0.8734
-1.567,-1.7,0.9718,0.8867
-1.533,-1.7,0.9729,0.8989
-1.5,-1.7,0.9739,0.9099
-1.467,-1.7,0.9749,0.9199
-1.433,-1.7,0.9758,0.9288
-1.4,-1.7,0.9767,0.9369
-1.367,-1.7,0.9776,0.944
-1.333,-1.7,0.9785,0.9505
-1.3,-1.7,0.9793,0.9562
-1.267,-1.7,0.98,0.9613
-1.233,-1.7,0.9808,0.9658
-1.2,-1.7,0.9815,0.9698
-1.167,-1.7,0.9822,0.9734
-1.133,-1.7,0.9828,0.9765
-1.1,-1.7,0.9834,0.9793
-1.067,-1.7,0.984,0.9817
-1.033,-1.7,0.9846,0.9839
-1,-1.7,0.9852,0.9858
-0.9667,-1.7,0.9857,0.9874
-0.9333,-1.7,0.9862,0.9889
-0.9,-1.7,0.9867,0.9902
-0.8667,-1.7,0.9872,0.9914
-0.8333,-1.7,0.9876,0.9924
-0.8,-1.7,0.988,0.9932
-0.7667,-1.7,0.9885,0.994
-0.7333,-1.7,0.9889,0.9947
-0.7,-1.7,0.9892,0.9953
-0.6667,-1.7,0.9896,0.9958
-0.6333,-1.7,0.99,0.9963
-0.6,-1.7,0.9903,0.9967
-0.5667,-1.7,0.9906,0.9971
-0.5333,-1.7,0.9909,0.9974
-0.5,-1.7,0.9912,0.9977
-0.4667,-1.7,0.9915,0.9979
-0.4333,-1.7,0.9918,0.9982
-0.4,-1.7,0.9921,0.9984
-0.3667,-1.7,0.9923,0.9985
-0.3333,-1.7,0.9926,0.9987
-0.3,-1.7,0.9928,0.9988
-0.2667,-1.7,0.993,0.9989
-0.2333,-1.7,0.9933,0.9991
-0.2,-1.7,0.9935,0.9991
-0.1667,-1.7,0.9937,0.9992
-0.1333,-1.7,0.9939,0.9993
-0.1,-1.7,0.994,0.9994
-0.06667,-1.7,0.9942,0.9994
-0.03333,-1.7,0.9944,0.9995
0,-1.7,0.9946,0.9995
0.03333,-1.7,0.9947,0.9996
0.06667,-1.7,0.9949,0.9996
0.1,-1.7,0.995,0.9996
0.1333,-1.7,0.9952,0.9996
0.1667,-1.7,0.9953,0.9997
0.2,-1.7,0.9955,0.9997
0.2333,-1.7,0.9956,0.9997
0.2667,-1.7,0.9957,0.9997
0.3,-1.7,0.9958,0.9996
0.3333,-1.7,0.9959,0.9996
0.3667,-1.7,0.9961,0.9995
0.4,-1.7,0.9962,0.9993
0.4333,-1.7,0.9963,0.999
0.4667,-1.7,0.9964,0.9984
0.5,-1.7,0.9965,0.9975
0.5333,-1.7,0.9966,0.996
0.5667,-1.7,0.9966,0.9938
0.6,-1.7,0.9967,0.9909
0.6333,-1.7,0.9968,0.9876
0.6667,-1.7,0.9969,0.9843
0.7,-1.7,0.997,0.9814
0.7333,-1.7,0.997,0.9792
0.7667,-1.7,0.9971,0.9778
0.8,-1.7,0.9972,0.977
0.8333,-1.7,0.9973,0.9769
0.8667,-1.7,0.9973,0.9772
0.9,-1.7,0.9974,0.9777
0.9333,-1.7,0.9975,0.9785
0.9667,-1.7,0.9975,0.9794
1,-1.7,0.9976,0.9803
1.033,-1.7,0.9976,0.9812
1.067,-1.7,0.9977,0.9821
1.1,-1.7,0.9977,0.9829
1.133,-1.7,0.9978,0.9838
1.167,-1.7,0.9978,0.9846
1.2,-1.7,0.9979,0.9853
1.233,-1.7,0.9979,0.986
1.267,-1.7,0.998,0.9866
1.3,-1.7,0.998,0.9873
1.333,-1.7,0.9981,0.9878
1.367,-1.7,0.9981,0.9884
1.4,-1.7,0.9981,0.9889
1.433,-1.7,0.9982,0.9894
1.467,-1.7,0.9982,0.9898
1.5,-1.7,0.9982,0.9902
1.533,-1.7,0.9983,0.9906
1.567,-1.7,0.9983,0.991
1.6,-1.7,0.9983,0.9913
1.633,-1.7,0.9984,0.9916
1.667,-1.7,0.9984,0.9919
1.7,-1.7,0.9984,0.9922
1.733,-1.7,0.9985,0.9925
1.767,-1.7,0.9985,0.9928
1.8,-1.7,0.9985,0.993
1.833,-1.7,0.9985,0.9932
1.867,-1.7,0.9986,0.9934
1.9,-1.7,0.9986,0.9936
1.933,-1.7,0.9986,0.9938
1.967,-1.7,0.9986,0.994
2,-1.7,0.9987,0.9942
2.033,-1.7,0.9987,0.9944
2.067,-1.7,0.9987,0.9945
2.1,-1.7,0.9987,0.9947
2.133,-1.7,0.9988,0.9948
2.167,-1.7,0.9988,0.9949
2.2,-1.7,0.9988,0.9951
2.233,-1.7,0.9988,0.9952
2.267,-1.7,0.9988,0.9953
2.3,-1.7,0.9988,0.9954
2.333,-1.7,0.9989,0.9955
2.367,-1.7,0.9989,0.9956
2.4,-1.7,0.9989,0.9957
2.433,-1.7,0.9989,0.9958
2.467,-1.7,0.9989,0.9959
2.5,-1.7,0.9989,0.996
-2.5,-1.667,0.9057,0.2216
-2.467,-1.667,0.9093,0.2393
-2.433,-1.667,0.9127,0.2582
-2.4,-1.667,0.9161,0.2783
-2.367,-1.667,0.9193,0.2996
-2.333,-1.667,0.9224,0.3221
-2.3,-1.667,0.9253,0.3457
-2.267,-1.667,0.9282,0.3704
-2.233,-1.667,0.931,0.3961
-2.2,-1.667,0.9336,0.4226
-2.167,-1.667,0.9362,0.45
-2.133,-1.667,0.9387,0.4779
-2.1,-1.667,0.9411,0.5062
-2.067,-1.667,0.9433,0.5347
-2.033,-1.667,0.9455,0.5633
-2,-1.667,0.9477,0.5917
-1.967,-1.667,0.9497,0.6198
-1.933,-1.667,0.9516,0.6473
-1.9,-1.667,0.9535,0.674
-1.867,-1.667,0.9553,0.6999
-1.833,-1.667,0.9571,0.7247
-1.8,-1.667,0.9587,0.7483
-1.767,-1.667,0.9603,0.7707
-1.733,-1.667,0.9618,0.7918
-1.7,-1.667,0.9633,0.8115
-1.667,-1.667,0.9647,0.8298
-1.633,-1.667,0.9661,0.8468
-1.6,-1.667,0.9674,0.8624
-1.567,-1.667,0.9686,0.8768
-1.533,-1.667,0.9698,0.8898
-1.5,-1.667,0.971,0.9017
-1.467,-1.667,0.9721,0.9124
-1.433,-1.667,0.9732,0.9221
-1.4,-1.667,0.9742,0.9309
-1.367,-1.667,0.9752,0.9387
-1.333,-1.667,0.9761,0.9457
-1.3,-1.667,0.977,0.9519
-1.267,-1.667,0.9779,0.9575
-1.233,-1.667,0.9787,0.9624
-1.2,-1.667,0.9795,0.9668
-1.167,-1.667,0.9802,0.9707
-1.133,-1.667,0.981,0.9742
-1.1,-1.667,0.9817,0.9772
-1.067,-1.667,0.9823,0.9799
-1.033,-1.667,0.983,0.9823
-1,-1.667,0.9836,0.9843
-0.9667,-1.667,0.9842,0.9862
-0.9333,-1.667,0.9848,0.9878
-0.9,-1.667,0.9853,0.9892
-0.8667,-1.667,0.9858,0.9905
-0.8333,-1.667,0.9863,0.9916
-0.8,-1.667,0.9868,0.9926
-0.7667,-1.667,0.9873,0.9934
-0.7333,-1.667,0.9877,0.9942
-0.7,-1.667,0.9882,0.9949
-0.6667,-1.667,0.9886,0.9955
-0.6333,-1.667,0.989,0.996
-0.6,-1.667,0.9893,0.9964
-0.5667,-1.667,0.9897,0.9968
-0.5333,-1.667,0.9901,0.9972
-0.5,-1.667,0.9904,0.9975
-0.4667,-1.667,0.9907,0.9978
-0.4333,-1.667,0.991,0.998
-0.4,-1.667,0.9913,0.9982
-0.3667,-1.667,0.9916,0.9984
-0.3333,-1.667,0.9919,0.9986
-0.3,-1.667,0.9921,0.9987
-0.2667,-1.667,0.9924,0.9989
-0.2333,-1.667,0.9926,0.999
-0.2,-1.667,0.9929,0.9991
-0.1667,-1.667,0.9931,0.9992
-0.1333,-1.667,0.9933,0.9992
-0.1,-1.667,0.9935,0.9993
-0.06667,-1.667,0.9937,0.9994
-0.03333,-1.667,0.9939,0.9994
0,-1.667,0.9941,0.9995
0.03333,-1.667,0.9943,0.9995
0.06667,-1.667,0.9945,0.9996
0.1,-1.667,0.9946,0.9996
0.1333,-1.667,0.9948,0.9996
0.1667,-1.667,0.9949,0.9996
0.2,-1.667,0.9951,0.9996
0.2333,-1.667,0.9952,0.9996
0.2667,-1.667,0.9954,0.9996
0.3,-1.667,0.9955,0.9996
0.3333,-1.667,0.9956,0.9995
0.3667,-1.667,0.9957,0.9994
0.4,-1.667,0.9959,0.9991
0.4333,-1.667,0.996,0.9987
0.4667,-1.667,0.9961,0.998
0.5,-1.667,0.9962,0.9969
0.5333,-1.667,0.9963,0.995
0.5667,-1.667,0.9964,0.9925
0.6,-1.667,0.9965,0.9892
0.6333,-1.667,0.9966,0.9856
0.6667,-1.667,0.9967,0.9822
0.7,-1.667,0.9968,0.9793
0.7333,-1.667,0.9968,0.9772
0.7667,-1.667,0.9969,0.9759
0.8,-1.667,0.997,0.9753
0.8333,-1.667,0.9971,0.9754
0.8667,-1.667,0.9971,0.9758
0.9,-1.667,0.9972,0.9765
0.9333,-1.667,0.9973,0.9774
0.9667,-1.667,0.9973,0.9783
1,-1.667,0.9974,0.9793
1.033,-1.667,0.9975,0.9803
1.067,-1.667,0.9975,0.9813
1.1,-1.667,0.9976,0.9822
1.133,-1.667,0.9976,0.9831
1.167,-1.667,0.9977,0.9839
1.2,-1.667,0.9977,0.9847
1.233,-1.667,0.9978,0.9855
1.267,-1.667,0.9978,0.9861
1.3,-1.667,0.9979,0.9868
1.333,-1.667,0.9979,0.9874
1.367,-1.667,0.998,0.988
1.4,-1.667,0.998,0.9885
1.433,-1.667,0.9981,0.989
1.467,-1.667,0.9981,0.9895
1.5,-1.667,0.9981,0.9899
1.533,-1.667,0.9982,0.9903
1.567,-1.667,0.9982,0.9907
1.6,-1.667,0.9983,0.9911
1.633,-1.667,0.9983,0.9914
1.667,-1.667,0.9983,0.9917
1.7,-1.667,0.9984,0.992
1.733,-1.667,0.9984,0.9923
1.767,-1.667,0.9984,0.9926
1.8,-1.667,0.9984,0.9928
1.833,-1.667,0.9985,0.9931
1.867,-1.667,0.9985,0.9933
1.9,-1.667,0.9985,0.9935
1.933,-1.667,0.9986,0.9937
1.967,-1.667,0.9986,0.9939
2,-1.667,0.9986,0.9941
2.033,-1.667,0.9986,0.9942
2.067,-1.667,0.9987,0.9944
2.1,-1.667,0.9987,0.9945
2.133,-1.667,0.9987,0.9947
2.167,-1.667,0.9987,0.9948
2.2,-1.667,0.9987,0.995
2.233,-1.667,0.9988,0.9951
2.267,-1.667,0.9988,0.9952
2.3,-1.667,0.9988,0.9953
2.333,-1.667,0.9988,0.9954
2.367,-1.667,0.9988,0.9955
2.4,-1.667,0.9989,0.9956
2.433,-1.667,0.9989,0.9957
2.467,-1.667,0.9989,0.9958
2.5,-1.667,0.9989,0.9959
-2.5,-1.633,0.8953,0.209
-2.467,-1.633,0.8993,0.2258
-2.433,-1.633,0.9031,0.2438
-2.4,-1.633,0.9067,0.263
-2.367,-1.633,0.9103,0.2834
-2.333,-1.633,0.9137,0.305
-2.3,-1.633,0.917,0.3277
-2.267,-1.633,0.9201,0.3516
-2.233,-1.633,0.9232,0.3766
-2.2,-1.633,0.9262,0.4025
-2.167,-1.633,0.929,0.4293
-2.133,-1.633,0.9317,0.4567
-2.1,-1.633,0.9344,0.4848
-2.067,-1.633,0.9369,0.5131
-2.033,-1.633,0.9394,0.5417
-2,-1.633,0.9417,0.5703
-1.967,-1.633,0.944,0.5986
-1.933,-1.633,0.9461,0.6265
-1.9,-1.633,0.9482,0.6539
-1.867,-1.633,0.9502,0.6804
-1.833,-1.633,0.9522,0.706
-1.8,-1.633,0.954,0.7306
-1.767,-1.633,0.9558,0.7539
-1.733,-1.633,0.9575,0.776
-1.7,-1.633,0.9592,0.7967
-1.667,-1.633,0.9608,0.8161
-1.633,-1.633,0.9623,0.8341
-1.6,-1.633,0.9637,0.8508
-1.567,-1.633,0.9651,0.8661
-1.533,-1.633,0.9665,0.8801
-1.5,-1.633,0.9678,0.8928
-1.467,-1.633,0.969,0.9044
-1.433,-1.633,0.9702,0.9149
-1.4,-1.633,0.9713,0.9244
-1.367,-1.633,0.9724,0.9329
-1.333,-1.633,0.9735,0.9405
-1.3,-1.633,0.9745,0.9473
-1.267,-1.633,0.9754,0.9533
-1.233,-1.633,0.9763,0.9588
-1.2,-1.633,0.9772,0.9636
-1.167,-1.633,0.9781,0.9678
-1.133,-1.633,0.9789,0.9716
-1.1,-1.633,0.9797,0.9749
-1.067,-1.633,0.9804,0.9779
-1.033,-1.633,0.9812,0.9805
-1,-1.633,0.9819,0.9828
-0.9667,-1.633,0.9825,0.9848
-0.9333,-1.633,0.9832,0.9866
-0.9,-1.633,0.9838,0.9882
-0.8667,-1.633,0.9844,0.9896
-0.8333,-1.633,0.9849,0.9908
-0.8,-1.633,0.9855,0.9919
-0.7667,-1.633,0.986,0.9928
-0.7333,-1.633,0.9865,0.9936
-0.7,-1.633,0.987,0.9944
-0.6667,-1.633,0.9874,0.995
-0.6333,-1.633,0.9879,0.9956
-0.6,-1.633,0.9883,0.9961
-0.5667,-1.633,0.9887,0.9965
-0.5333,-1.633,0.9891,0.9969
-0.5,-1.633,0.9894,0.9973
-0.4667,-1.633,0.9898,0.9976
-0.4333,-1.633,0.9901,0.9978
-0.4,-1.633,0.9905,0.9981
-0.3667,-1.633,0.9908,0.9983
-0.3333,-1.633,0.9911,0.9985
-0.3,-1.633,0.9914,0.9986
-0.2667,-1.633,0.9917,0.9988
-0.2333,-1.633,0.9919,0.9989
-0.2,-1.633,0.9922,0.999
-0.1667,-1.633,0.9925,0.9991
-0.1333,-1.633,0.9927,0.9992
-0.1,-1.633,0.9929,0.9993
-0.06667,-1.633,0.9932,0.9993
-0.03333,-1.633,0.9934,0.9994
0,-1.633,0.9936,0.9994
0.03333,-1.633,0.9938,0.9995
0.06667,-1.633,0.994,0.9995
0.1,-1.633,0.9942,0.9996
0.1333,-1.633,0.9943,0.9996
0.1667,-1.633,0.9945,0.9996
0.2,-1.633,0.9947,0.9996
0.2333,-1.633,0.9948,0.9996
0.2667,-1.633,0.995,0.9996
0.3,-1.633,0.9951,0.9995
0.3333,-1.633,0.9953,0.9994
0.3667,-1.633,0.9954,0.9992
0.4,-1.633,0.9955,0.9989
0.4333,-1.633,0.9957,0.9984
0.4667,-1.633,0.9958,0.9976
0.5,-1.633,0.9959,0.9961
0.5333,-1.633,0.996,0.9939
0.5667,-1.633,0.9961,0.9909
0.6,-1.633,0.9962,0.9872
0.6333,-1.633,0.9963,0.9834
0.6667,-1.633,0.9964,0.9798
0.7,-1.633,0.9965,0.977
0.7333,-1.633,0.9966,0.975
0.7667,-1.633,0.9967,0.9739
0.8,-1.633,0.9968,0.9736
0.8333,-1.633,0.9969,0.9738
0.8667,-1.633,0.9969,0.9744
0.9,-1.633,0.997,0.9752
0.9333,-1.633,0.9971,0.9762
0.9667,-1.633,0.9972,0.9773
1,-1.633,0.9972,0.9784
1.033,-1.633,0.9973,0.9794
1.067,-1.633,0.9974,0.9805
1.1,-1.633,0.9974,0.9815
1.133,-1.633,0.9975,0.9824
1.167,-1.633,0.9975,0.9833
1.2,-1.633,0.9976,0.9841
1.233,-1.633,0.9977,0.9849
1.267,-1.633,0.9977,0.9856
1.3,-1.633,0.9978,0.9863
1.333,-1.633,0.9978,0.9869
1.367,-1.633,0.9979,0.9875
1.4,-1.633,0.9979,0.9881
1.433,-1.633,0.9979,0.9886
1.467,-1.633,0.998,0.9891
1.5,-1.633,0.998,0.9896
1.533,-1.633,0.9981,0.99
1.567,-1.633,0.9981,0.9904
1.6,-1.633,0.9982,0.9908
1.633,-1.633,0.9982,0.9911
1.667,-1.633,0.9982,0.9915
1.7,-1.633,0.9983,0.9918
1.733,-1.633,0.9983,0.9921
1.767,-1.633,0.9983,0.9924
1.8,-1.633,0.9984,0.9926
1.833,-1.633,0.9984,0.9929
1.867,-1.633,0.9984,0.9931
1.9,-1.633,0.9985,0.9933
1.933,-1.633,0.9985,0.9935
1.967,-1.633,0.9985,0.9937
2,-1.633,0.9985,0.9939
2.033,-1.633,0.9986,0.9941
2.067,-1.633,0.9986,0.9943
2.1,-1.633,0.9986,0.9944
2.133,-1.633,0.9986,0.9946
2.167,-1.633,0.9987,0.9947
2.2,-1.633,0.9987,0.9949
2.233,-1.633,0.9987,0.995
2.267,-1.633,0.9987,0.9951
2.3,-1.633,0.9987,0.9952
2.333,-1.633,0.9988,0.9953
2.367,-1.633,0.9988,0.9954
2.4,-1.633,0.9988,0.9956
2.433,-1.633,0.9988,0.9956
2.467,-1.633,0.9988,0.9957
2.5,-1.633,0.9989,0.9958
-2.5,-1.6,0.884,0.197
-2.467,-1.6,0.8883,0.213
-2.433,-1.6,0.8924,0.2301
-2.4,-1.6,0.8965,0.2484
-2.367,-1.6,0.9003,0.2678
-2.333,-1.6,0.9041,0.2885
-2.3,-1.6,0.9077,0.3104
-2.267,-1.6,0.9112,0.3335
-2.233,-1.6,0.9146,0.3576
-2.2,-1.6,0.9179,0.3828
-2.167,-1.6,0.921,0.409
-2.133,-1.6,0.924,0.4359
-2.1,-1.6,0.927,0.4635
-2.067,-1.6,0.9298,0.4917
-2.033,-1.6,0.9325,0.5201
-2,-1.6,0.9351,0.5487
-1.967,-1.6,0.9376,0.5772
-1.933,-1.6,0.94,0.6055
-1.9,-1.6,0.9424,0.6333
-1.867,-1.6,0.9446,0.6604
-1.833,-1.6,0.9467,0.6868
-1.8,-1.6,0.9488,0.7121
-1.767,-1.6,0.9508,0.7364
-1.733,-1.6,0.9527,0.7594
-1.7,-1.6,0.9545,0.7812
-1.667,-1.6,0.9563,0.8016
-1.633,-1.6,0.958,0.8206
-1.6,-1.6,0.9596,0.8383
-1.567,-1.6,0.9612,0.8546
-1.533,-1.6,0.9627,0.8696
-1.5,-1.6,0.9641,0.8833
-1.467,-1.6,0.9655,0.8958
-1.433,-1.6,0.9668,0.9071
-1.4,-1.6,0.9681,0.9173
-1.367,-1.6,0.9693,0.9265
-1.333,-1.6,0.9705,0.9348
-1.3,-1.6,0.9716,0.9422
-1.267,-1.6,0.9727,0.9488
-1.233,-1.6,0.9737,0.9547
-1.2,-1.6,0.9747,0.96
-1.167,-1.6,0.9757,0.9646
-1.133,-1.6,0.9766,0.9688
-1.1,-1.6,0.9775,0.9724
-1.067,-1.6,0.9783,0.9757
-1.033,-1.6,0.9791,0.9786
-1,-1.6,0.9799,0.9811
-0.9667,-1.6,0.9806,0.9833
-0.9333,-1.6,0.9814,0.9853
-0.9,-1.6,0.982,0.987
-0.8667,-1.6,0.9827,0.9885
-0.8333,-1.6,0.9833,0.9899
-0.8,-1.6,0.9839,0.9911
-0.7667,-1.6,0.9845,0.9921
-0.7333,-1.6,0.9851,0.993
-0.7,-1.6,0.9856,0.9938
-0.6667,-1.6,0.9861,0.9945
-0.6333,-1.6,0.9866,0.9952
-0.6,-1.6,0.9871,0.9957
-0.5667,-1.6,0.9875,0.9962
-0.5333,-1.6,0.988,0.9966
-0.5,-1.6,0.9884,0.997
-0.4667,-1.6,0.9888,0.9973
-0.4333,-1.6,0.9892,0.9976
-0.4,-1.6,0.9895,0.9979
-0.3667,-1.6,0.9899,0.9981
-0.3333,-1.6,0.9902,0.9983
-0.3,-1.6,0.9906,0.9985
-0.2667,-1.6,0.9909,0.9987
-0.2333,-1.6,0.9912,0.9988
-0.2,-1.6,0.9915,0.9989
-0.1667,-1.6,0.9918,0.999
-0.1333,-1.6,0.992,0.9991
-0.1,-1.6,0.9923,0.9992
-0.06667,-1.6,0.9925,0.9993
-0.03333,-1.6,0.9928,0.9993
0,-1.6,0.993,0.9994
0.03333,-1.6,0.9932,0.9994
0.06667,-1.6,0.9934,0.9995
0.1,-1.6,0.9936,0.9995
0.1333,-1.6,0.9938,0.9995
0.1667,-1.6,0.994,0.9996
0.2,-1.6,0.9942,0.9996
0.2333,-1.6,0.9944,0.9995
0.2667,-1.6,0.9945,0.9995
0.3,-1.6,0.9947,0.9994
0.3333,-1.6,0.9949,0.9993
0.3667,-1.6,0.995,0.9991
0.4,-1.6,0.9952,0.9987
0.4333,-1.6,0.9953,0.9981
0.4667,-1.6,0.9954,0.997
0.5,-1.6,0.9956,0.9952
0.5333,-1.6,0.9957,0.9925
0.5667,-1.6,0.9958,0.989
0.6,-1.6,0.9959,0.985
0.6333,-1.6,0.996,0.9809
0.6667,-1.6,0.9961,0.9773
0.7,-1.6,0.9962,0.9745
0.7333,-1.6,0.9963,0.9727
0.7667,-1.6,0.9964,0.9719
0.8,-1.6,0.9965,0.9717
0.8333,-1.6,0.9966,0.9721
0.8667,-1.6,0.9967,0.9729
0.9,-1.6,0.9968,0.9738
0.9333,-1.6,0.9969,0.975
0.9667,-1.6,0.997,0.9761
1,-1.6,0.997,0.9773
1.033,-1.6,0.9971,0.9785
1.067,-1.6,0.9972,0.9796
1.1,-1.6,0.9972,0.9806
1.133,-1.6,0.9973,0.9816
1.167,-1.6,0.9974,0.9826
1.2,-1.6,0.9974,0.9835
1.233,-1.6,0.9975,0.9843
1.267,-1.6,0.9976,0.9851
1.3,-1.6,0.9976,0.9858
1.333,-1.6,0.9977,0.9865
1.367,-1.6,0.9977,0.9871
1.4,-1.6,0.9978,0.9877
1.433,-1.6,0.9978,0.9882
1.467,-1.6,0.9979,0.9887
1.5,-1.6,0.9979,0.9892
1.533,-1.6,0.998,0.9897
1.567,-1.6,0.998,0.9901
1.6,-1.6,0.998,0.9905
1.633,-1.6,0.9981,0.9909
1.667,-1.6,0.9981,0.9912
1.7,-1.6,0.9982,0.9916
1.733,-1.6,0.9982,0.9919
1.767,-1.6,0.9982,0.9922
1.8,-1.6,0.9983,0.9924
1.833,-1.6,0.9983,0.9927
1.867,-1.6,0.9983,0.9929
1.9,-1.6,0.9984,0.9932
1.933,-1.6,0.9984,0.9934
1.967,-1.6,0.9984,0.9936
2,-1.6,0.9985,0.9938
2.033,-1.6,0.9985,0.994
2.067,-1.6,0.9985,0.9941
2.1,-1.6,0.9985,0.9943
2.133,-1.6,0.9986,0.9945
2.167,-1.6,0.9986,0.9946
2.2,-1.6,0.9986,0.9948
2.233,-1.6,0.9986,0.9949
2.267,-1.6,0.9987,0.995
2.3,-1.6,0.9987,0.9951
2.333,-1.6,0.9987,0.9953
2.367,-1.6,0.9987,0.9954
2.4,-1.6,0.9988,0.9955
2.433,-1.6,0.9988,0.9956
2.467,-1.6,0.9988,0.9957
2.5,-1.6,0.9988,0.9958
-2.5,-1.567,0.8716,0.1857
-2.467,-1.567,0.8762,0.2008
-2.433,-1.567,0.8808,0.2171
-2.4,-1.567,0.8852,0.2344
-2.367,-1.567,0.8895,0.253
-2.333,-1.567,0.8936,0.2728
-2.3,-1.567,0.8976,0.2938
-2.267,-1.567,0.9014,0.316
-2.233,-1.567,0.9051,0.3393
-2.2,-1.567,0.9087,0.3637
-2.167,-1.567,0.9122,0.3892
-2.133,-1.567,0.9155,0.4155
-2.1,-1.567,0.9188,0.4426
-2.067,-1.567,0.9219,0.4704
-2.033,-1.567,0.9249,0.4986
-2,-1.567,0.9278,0.5271
-1.967,-1.567,0.9305,0.5557
-1.933,-1.567,0.9332,0.5842
-1.9,-1.567,0.9358,0.6123
-1.867,-1.567,0.9383,0.64
-1.833,-1.567,0.9407,0.667
-1.8,-1.567,0.943,0.6931
-1.767,-1.567,0.9452,0.7182
-1.733,-1.567,0.9473,0.7421
-1.7,-1.567,0.9494,0.7649
-1.667,-1.567,0.9513,0.7863
-1.633,-1.567,0.9532,0.8064
-1.6,-1.567,0.955,0.8251
-1.567,-1.567,0.9568,0.8424
-1.533,-1.567,0.9585,0.8584
-1.5,-1.567,0.9601,0.8731
-1.467,-1.567,0.9616,0.8865
-1.433,-1.567,0.9631,0.8986
-1.4,-1.567,0.9645,0.9097
-1.367,-1.567,0.9659,0.9197
-1.333,-1.567,0.9672,0.9286
-1.3,-1.567,0.9685,0.9367
-1.267,-1.567,0.9697,0.9439
-1.233,-1.567,0.9708,0.9503
-1.2,-1.567,0.9719,0.9561
-1.167,-1.567,0.973,0.9612
-1.133,-1.567,0.974,0.9657
-1.1,-1.567,0.975,0.9697
-1.067,-1.567,0.9759,0.9733
-1.033,-1.567,0.9769,0.9764
-1,-1.567,0.9777,0.9792
-0.9667,-1.567,0.9786,0.9817
-0.9333,-1.567,0.9793,0.9838
-0.9,-1.567,0.9801,0.9857
-0.8667,-1.567,0.9809,0.9874
-0.8333,-1.567,0.9816,0.9889
-0.8,-1.567,0.9822,0.9902
-0.7667,-1.567,0.9829,0.9913
-0.7333,-1.567,0.9835,0.9923
-0.7,-1.567,0.9841,0.9932
-0.6667,-1.567,0.9847,0.994
-0.6333,-1.567,0.9852,0.9947
-0.6,-1.567,0.9858,0.9953
-0.5667,-1.567,0.9863,0.9958
-0.5333,-1.567,0.9867,0.9963
-0.5,-1.567,0.9872,0.9967
-0.4667,-1.567,0.9877,0.9971
-0.4333,-1.567,0.9881,0.9974
-0.4,-1.567,0.9885,0.9977
-0.3667,-1.567,0.9889,0.9979
-0.3333,-1.567,0.9893,0.9982
-0.3,-1.567,0.9896,0.9984
-0.2667,-1.567,0.99,0.9985
-0.2333,-1.567,0.9903,0.9987
-0.2,-1.567,0.9907,0.9988
-0.1667,-1.567,0.991,0.9989
-0.1333,-1.567,0.9913,0.999
-0.1,-1.567,0.9916,0.9991
-0.06667,-1.567,0.9918,0.9992
-0.03333,-1.567,0.9921,0.9993
0,-1.567,0.9924,0.9994
0.03333,-1.567,0.9926,0.9994
0.06667,-1.567,0.9928,0.9994
0.1,-1.567,0.9931,0.9995
0.1333,-1.567,0.9933,0.9995
0.1667,-1.567,0.9935,0.9995
0.2,-1.567,0.9937,0.9995
0.2333,-1.567,0.9939,0.9995
0.2667,-1.567,0.9941,0.9994
0.3,-1.567,0.9943,0.9994
0.3333,-1.567,0.9944,0.9992
0.3667,-1.567,0.9946,0.9989
0.4,-1.567,0.9948,0.9984
0.4333,-1.567,0.9949,0.9976
0.4667,-1.567,0.9951,0.9962
0.5,-1.567,0.9952,0.994
0.5333,-1.567,0.9953,0.9909
0.5667,-1.567,0.9955,0.9869
0.6,-1.567,0.9956,0.9825
0.6333,-1.567,0.9957,0.9782
0.6667,-1.567,0.9958,0.9746
0.7,-1.567,0.996,0.9719
0.7333,-1.567,0.9961,0.9703
0.7667,-1.567,0.9962,0.9697
0.8,-1.567,0.9963,0.9697
0.8333,-1.567,0.9964,0.9703
0.8667,-1.567,0.9965,0.9713
0.9,-1.567,0.9966,0.9724
0.9333,-1.567,0.9967,0.9737
0.9667,-1.567,0.9967,0.9749
1,-1.567,0.9968,0.9762
1.033,-1.567,0.9969,0.9775
1.067,-1.567,0.997,0.9787
1.1,-1.567,0.9971,0.9798
1.133,-1.567,0.9971,0.9809
1.167,-1.567,0.9972,0.9819
1.2,-1.567,0.9973,0.9828
1.233,-1.567,0.9973,0.9837
1.267,-1.567,0.9974,0.9845
1.3,-1.567,0.9975,0.9852
1.333,-1.567,0.9975,0.986
1.367,-1.567,0.9976,0.9866
1.4,-1.567,0.9976,0.9872
1.433,-1.567,0.9977,0.9878
1.467,-1.567,0.9977,0.9884
1.5,-1.567,0.9978,0.9889
1.533,-1.567,0.9978,0.9893
1.567,-1.567,0.9979,0.9898
1.6,-1.567,0.9979,0.9902
1.633,-1.567,0.998,0.9906
1.667,-1.567,0.998,0.991
1.7,-1.567,0.9981,0.9913
1.733,-1.567,0.9981,0.9916
1.767,-1.567,0.9981,0.9919
1.8,-1.567,0.9982,0.9922
1.833,-1.567,0.9982,0.9925
1.867,-1.567,0.9982,0.9927
1.9,-1.567,0.9983,0.993
1.933,-1.567,0.9983,0.9932
1.967,-1.567,0.9983,0.9934
2,-1.567,0.9984,0.9936
2.033,-1.567,0.9984,0.9938
2.067,-1.567,0.9984,0.994
2.1,-1.567,0.9985,0.9942
2.133,-1.567,0.9985,0.9943
2.167,-1.567,0.9985,0.9945
2.2,-1.567,0.9985,0.9947
2.233,-1.567,0.9986,0.9948
2.267,-1.567,0.9986,0.9949
2.3,-1.567,0.9986,0.9951
2.333,-1.567,0.9986,0.9952
2.367,-1.567,0.9987,0.9953
2.4,-1.567,0.9987,0.9954
2.433,-1.567,0.9987,0.9955
2.467,-1.567,0.9987,0.9956
2.5,-1.567,0.9988,0.9957
-2.5,-1.533,0.858,0.1751
-2.467,-1.533,0.8631,0.1893
-2.433,-1.533,0.8681,0.2047
-2.4,-1.533,0.8729,0.2212
-2.367,-1.533,0.8775,0.2389
-2.333,-1.533,0.882,0.2577
-2.3,-1.533,0.8864,0.2778
-2.267,-1.533,0.8906,0.2991
-2.233,-1.533,0.8947,0.3216
-2.2,-1.533,0.8986,0.3452
-2.167,-1.533,0.9025,0.3698
-2.133,-1.533,0.9061,0.3955
-2.1,-1.533,0.9097,0.4221
-2.067,-1.533,0.9131,0.4494
-2.033,-1.533,0.9164,0.4772
-2,-1.533,0.9196,0.5056
-1.967,-1.533,0.9227,0.5341
-1.933,-1.533,0.9257,0.5627
-1.9,-1.533,0.9286,0.5911
-1.867,-1.533,0.9313,0.6192
-1.833,-1.533,0.934,0.6467
-1.8,-1.533,0.9365,0.6734
-1.767,-1.533,0.939,0.6993
-1.733,-1.533,0.9413,0.7241
-1.7,-1.533,0.9436,0.7478
-1.667,-1.533,0.9458,0.7702
-1.633,-1.533,0.9479,0.7913
-1.6,-1.533,0.9499,0.8111
-1.567,-1.533,0.9519,0.8295
-1.533,-1.533,0.9537,0.8465
-1.5,-1.533,0.9555,0.8621
-1.467,-1.533,0.9573,0.8765
-1.433,-1.533,0.9589,0.8896
-1.4,-1.533,0.9605,0.9014
-1.367,-1.533,0.962,0.9122
-1.333,-1.533,0.9635,0.9219
-1.3,-1.533,0.9649,0.9307
-1.267,-1.533,0.9663,0.9385
-1.233,-1.533,0.9676,0.9455
-1.2,-1.533,0.9688,0.9518
-1.167,-1.533,0.97,0.9574
-1.133,-1.533,0.9711,0.9623
-1.1,-1.533,0.9722,0.9667
-1.067,-1.533,0.9733,0.9706
-1.033,-1.533,0.9743,0.9741
-1,-1.533,0.9753,0.9771
-0.9667,-1.533,0.9762,0.9798
-0.9333,-1.533,0.9771,0.9822
-0.9,-1.533,0.978,0.9843
-0.8667,-1.533,0.9788,0.9862
-0.8333,-1.533,0.9796,0.9878
-0.8,-1.533,0.9803,0.9892
-0.7667,-1.533,0.9811,0.9905
-0.7333,-1.533,0.9817,0.9916
-0.7,-1.533,0.9824,0.9926
-0.6667,-1.533,0.9831,0.9934
-0.6333,-1.533,0.9837,0.9942
-0.6,-1.533,0.9843,0.9949
-0.5667,-1.533,0.9848,0.9954
-0.5333,-1.533,0.9854,0.996
-0.5,-1.533,0.9859,0.9964
-0.4667,-1.533,0.9864,0.9968
-0.4333,-1.533,0.9869,0.9972
-0.4,-1.533,0.9873,0.9975
-0.3667,-1.533,0.9878,0.9978
-0.3333,-1.533,0.9882,0.998
-0.3,-1.533,0.9886,0.9982
-0.2667,-1.533,0.989,0.9984
-0.2333,-1.533,0.9894,0.9986
-0.2,-1.533,0.9897,0.9987
-0.1667,-1.533,0.9901,0.9988
-0.1333,-1.533,0.9904,0.999
-0.1,-1.533,0.9907,0.9991
-0.06667,-1.533,0.9911,0.9992
-0.03333,-1.533,0.9913,0.9992
0,-1.533,0.9916,0.9993
0.03333,-1.533,0.9919,0.9994
0.06667,-1.533,0.9922,0.9994
0.1,-1.533,0.9924,0.9994
0.1333,-1.533,0.9927,0.9995
0.1667,-1.533,0.9929,0.9995
0.2,-1.533,0.9931,0.9995
0.2333,-1.533,0.9933,0.9994
0.2667,-1.533,0.9935,0.9994
0.3,-1.533,0.9937,0.9992
0.3333,-1.533,0.9939,0.999
0.3667,-1.533,0.9941,0.9987
0.4,-1.533,0.9943,0.9981
0.4333,-1.533,0.9945,0.997
0.4667,-1.533,0.9946,0.9953
0.5,-1.533,0.9948,0.9926
0.5333,-1.533,0.9949,0.9889
0.5667,-1.533,0.9951,0.9844
0.6,-1.533,0.9952,0.9796
0.6333,-1.533,0.9954,0.9752
0.6667,-1.533,0.9955,0.9716
0.7,-1.533,0.9956,0.9691
0.7333,-1.533,0.9958,0.9678
0.7667,-1.533,0.9959,0.9674
0.8,-1.533,0.996,0.9677
0.8333,-1.533,0.9961,0.9685
0.8667,-1.533,0.9962,0.9696
0.9,-1.533,0.9963,0.9709
0.9333,-1.533,0.9964,0.9723
0.9667,-1.533,0.9965,0.9737
1,-1.533,0.9966,0.9751
1.033,-1.533,0.9967,0.9764
1.067,-1.533,0.9968,0.9777
1.1,-1.533,0.9968,0.9789
1.133,-1.533,0.9969,0.98
1.167,-1.533,0.997,0.9811
1.2,-1.533,0.9971,0.9821
1.233,-1.533,0.9971,0.983
1.267,-1.533,0.9972,0.9839
1.3,-1.533,0.9973,0.9847
1.333,-1.533,0.9974,0.9854
1.367,-1.533,0.9974,0.9861
1.4,-1.533,0.9975,0.9868
1.433,-1.533,0.9975,0.9874
1.467,-1.533,0.9976,0.988
1.5,-1.533,0.9976,0.9885
1.533,-1.533,0.9977,0.989
1.567,-1.533,0.9978,0.9895
1.6,-1.533,0.9978,0.9899
1.633,-1.533,0.9978,0.9903
1.667,-1.533,0.9979,0.9907
1.7,-1.533,0.9979,0.991
1.733,-1.533,0.998,0.9914
1.767,-1.533,0.998,0.9917
1.8,-1.533,0.9981,0.992
1.833,-1.533,0.9981,0.9923
1.867,-1.533,0.9981,0.9926
1.9,-1.533,0.9982,0.9928
1.933,-1.533,0.9982,0.993
1.967,-1.533,0.9983,0.9933
2,-1.533,0.9983,0.9935
2.033,-1.533,0.9983,0.9937
2.067,-1.533,0.9984,0.9939
2.1,-1.533,0.9984,0.9941
2.133,-1.533,0.9984,0.9942
2.167,-1.533,0.9984,0.9944
2.2,-1.533,0.9985,0.9945
2.233,-1.533,0.9985,0.9947
2.267,-1.533,0.9985,0.9948
2.3,-1.533,0.9986,0.995
2.333,-1.533,0.9986,0.9951
2.367,-1.533,0.9986,0.9952
2.4,-1.533,0.9986,0.9953
2.433,-1.533,0.9987,0.9954
2.467,-1.533,0.9987,0.9955
2.5,-1.533,0.9987,0.9956
-2.5,-1.5,0.8434,0.165
-2.467,-1.5,0.8489,0.1785
-2.433,-1.5,0.8543,0.193
-2.4,-1.5,0.8595,0.2086
-2.367,-1.5,0.8645,0.2254
-2.333,-1.5,0.8694,0.2434
-2.3,-1.5,0.8742,0.2625
-2.267,-1.5,0.8788,0.2829
-2.233,-1.5,0.8833,0.3045
-2.2,-1.5,0.8876,0.3272
-2.167,-1.5,0.8918,0.3511
-2.133,-1.5,0.8958,0.376
-2.1,-1.5,0.8997,0.4019
-2.067,-1.5,0.9035,0.4287
-2.033,-1.5,0.9072,0.4561
-2,-1.5,0.9107,0.4841
-1.967,-1.5,0.9141,0.5125
-1.933,-1.5,0.9174,0.5411
-1.9,-1.5,0.9205,0.5697
-1.867,-1.5,0.9236,0.598
-1.833,-1.5,0.9265,0.6259
-1.8,-1.5,0.9293,0.6533
-1.767,-1.5,0.9321,0.6798
-1.733,-1.5,0.9347,0.7055
-1.7,-1.5,0.9372,0.73
-1.667,-1.5,0.9396,0.7534
-1.633,-1.5,0.942,0.7755
-1.6,-1.5,0.9442,0.7963
-1.567,-1.5,0.9464,0.8157
-1.533,-1.5,0.9485,0.8337
-1.5,-1.5,0.9505,0.8504
-1.467,-1.5,0.9524,0.8657
-1.433,-1.5,0.9542,0.8798
-1.4,-1.5,0.956,0.8926
-1.367,-1.5,0.9577,0.9042
-1.333,-1.5,0.9594,0.9147
-1.3,-1.5,0.9609,0.9242
-1.267,-1.5,0.9624,0.9327
-1.233,-1.5,0.9639,0.9403
-1.2,-1.5,0.9653,0.9471
-1.167,-1.5,0.9666,0.9532
-1.133,-1.5,0.9679,0.9586
-1.1,-1.5,0.9691,0.9635
-1.067,-1.5,0.9703,0.9677
-1.033,-1.5,0.9714,0.9715
-1,-1.5,0.9725,0.9749
-0.9667,-1.5,0.9736,0.9778
-0.9333,-1.5,0.9746,0.9804
-0.9,-1.5,0.9755,0.9827
-0.8667,-1.5,0.9765,0.9848
-0.8333,-1.5,0.9773,0.9866
-0.8,-1.5,0.9782,0.9882
-0.7667,-1.5,0.979,0.9895
-0.7333,-1.5,0.9798,0.9908
-0.7,-1.5,0.9805,0.9918
-0.6667,-1.5,0.9812,0.9928
-0.6333,-1.5,0.9819,0.9936
-0.6,-1.5,0.9826,0.9944
-0.5667,-1.5,0.9832,0.995
-0.5333,-1.5,0.9838,0.9956
-0.5,-1.5,0.9844,0.9961
-0.4667,-1.5,0.985,0.9965
-0.4333,-1.5,0.9855,0.9969
-0.4,-1.5,0.986,0.9972
-0.3667,-1.5,0.9865,0.9975
-0.3333,-1.5,0.987,0.9978
-0.3,-1.5,0.9875,0.9981
-0.2667,-1.5,0.9879,0.9983
-0.2333,-1.5,0.9883,0.9984
-0.2,-1.5,0.9887,0.9986
-0.1667,-1.5,0.9891,0.9987
-0.1333,-1.5,0.9895,0.9989
-0.1,-1.5,0.9898,0.999
-0.06667,-1.5,0.9902,0.9991
-0.03333,-1.5,0.9905,0.9992
0,-1.5,0.9908,0.9992
0.03333,-1.5,0.9911,0.9993
0.06667,-1.5,0.9914,0.9993
0.1,-1.5,0.9917,0.9994
0.1333,-1.5,0.992,0.9994
0.1667,-1.5,0.9922,0.9994
0.2,-1.5,0.9925,0.9994
0.2333,-1.5,0.9927,0.9994
0.2667,-1.5,0.993,0.9993
0.3,-1.5,0.9932,0.9991
0.3333,-1.5,0.9934,0.9989
0.3667,-1.5,0.9936,0.9984
0.4,-1.5,0.9938,0.9976
0.4333,-1.5,0.994,0.9963
0.4667,-1.5,0.9942,0.9941
0.5,-1.5,0.9943,0.9909
0.5333,-1.5,0.9945,0.9866
0.5667,-1.5,0.9947,0.9816
0.6,-1.5,0.9948,0.9764
0.6333,-1.5,0.995,0.9719
0.6667,-1.5,0.9951,0.9684
0.7,-1.5,0.9953,0.9662
0.7333,-1.5,0.9954,0.9651
0.7667,-1.5,0.9955,0.9649
0.8,-1.5,0.9957,0.9655
0.8333,-1.5,0.9958,0.9665
0.8667,-1.5,0.9959,0.9678
0.9,-1.5,0.996,0.9693
0.9333,-1.5,0.9961,0.9708
0.9667,-1.5,0.9962,0.9723
1,-1.5,0.9963,0.9738
1.033,-1.5,0.9964,0.9753
1.067,-1.5,0.9965,0.9766
1.1,-1.5,0.9966,0.9779
1.133,-1.5,0.9967,0.9791
1.167,-1.5,0.9968,0.9803
1.2,-1.5,0.9969,0.9813
1.233,-1.5,0.9969,0.9823
1.267,-1.5,0.997,0.9832
1.3,-1.5,0.9971,0.9841
1.333,-1.5,0.9972,0.9849
1.367,-1.5,0.9972,0.9856
1.4,-1.5,0.9973,0.9863
1.433,-1.5,0.9974,0.9869
1.467,-1.5,0.9974,0.9875
1.5,-1.5,0.9975,0.9881
1.533,-1.5,0.9976,0.9886
1.567,-1.5,0.9976,0.9891
1.6,-1.5,0.9977,0.9896
1.633,-1.5,0.9977,0.99
1.667,-1.5,0.9978,0.9904
1.7,-1.5,0.9978,0.9908
1.733,-1.5,0.9979,0.9911
1.767,-1.5,0.9979,0.9915
1.8,-1.5,0.998,0.9918
1.833,-1.5,0.998,0.9921
1.867,-1.5,0.998,0.9924
1.9,-1.5,0.9981,0.9926
1.933,-1.5,0.9981,0.9929
1.967,-1.5,0.9982,0.9931
2,-1.5,0.9982,0.9933
2.033,-1.5,0.9982,0.9935
2.067,-1.5,0.9983,0.9937
2.1,-1.5,0.9983,0.9939
2.133,-1.5,0.9983,0.9941
2.167,-1.5,0.9984,0.9943
2.2,-1.5,0.9984,0.9944
2.233,-1.5,0.9984,0.9946
2.267,-1.5,0.9985,0.9947
2.3,-1.5,0.9985,0.9949
2.333,-1.5,0.9985,0.995
2.367,-1.5,0.9985,0.9951
2.4,-1.5,0.9986,0.9952
2.433,-1.5,0.9986,0.9953
2.467,-1.5,0.9986,0.9954
2.5,-1.5,0.9986,0.9955
-2.5,-1.467,0.8275,0.1555
-2.467,-1.467,0.8335,0.1682
-2.433,-1.467,0.8393,0.1819
-2.4,-1.467,0.8449,0.1967
-2.367,-1.467,0.8504,0.2126
-2.333,-1.467,0.8557,0.2297
-2.3,-1.467,0.8609,0.2479
-2.267,-1.467,0.8659,0.2674
-2.233,-1.467,0.8708,0.2881
-2.2,-1.467,0.8755,0.3099
-2.167,-1.467,0.8801,0.333
-2.133,-1.467,0.8845,0.3571
-2.1,-1.467,0.8888,0.3823
-2.067,-1.467,0.8929,0.4084
-2.033,-1.467,0.8969,0.4353
-2,-1.467,0.9008,0.4629
-1.967,-1.467,0.9045,0.4911
-1.933,-1.467,0.9082,0.5195
-1.9,-1.467,0.9116,0.5481
-1.867,-1.467,0.915,0.5766
-1.833,-1.467,0.9183,0.6049
-1.8,-1.467,0.9214,0.6327
-1.767,-1.467,0.9244,0.6599
-1.733,-1.467,0.9273,0.6862
-1.7,-1.467,0.9301,0.7116
-1.667,-1.467,0.9328,0.7359
-1.633,-1.467,0.9354,0.7589
-1.6,-1.467,0.9379,0.7807
-1.567,-1.467,0.9403,0.8012
-1.533,-1.467,0.9426,0.8202
-1.5,-1.467,0.9449,0.8379
-1.467,-1.467,0.947,0.8543
-1.433,-1.467,0.949,0.8693
-1.4,-1.467,0.951,0.883
-1.367,-1.467,0.9529,0.8955
-1.333,-1.467,0.9548,0.9069
-1.3,-1.467,0.9565,0.9171
-1.267,-1.467,0.9582,0.9263
-1.233,-1.467,0.9598,0.9346
-1.2,-1.467,0.9614,0.9421
-1.167,-1.467,0.9629,0.9487
-1.133,-1.467,0.9643,0.9546
-1.1,-1.467,0.9657,0.9599
-1.067,-1.467,0.967,0.9646
-1.033,-1.467,0.9683,0.9687
-1,-1.467,0.9695,0.9724
-0.9667,-1.467,0.9706,0.9756
-0.9333,-1.467,0.9718,0.9785
-0.9,-1.467,0.9728,0.981
-0.8667,-1.467,0.9739,0.9833
-0.8333,-1.467,0.9749,0.9852
-0.8,-1.467,0.9758,0.987
-0.7667,-1.467,0.9767,0.9885
-0.7333,-1.467,0.9776,0.9899
-0.7,-1.467,0.9784,0.991
-0.6667,-1.467,0.9792,0.9921
-0.6333,-1.467,0.98,0.993
-0.6,-1.467,0.9807,0.9938
-0.5667,-1.467,0.9814,0.9945
-0.5333,-1.467,0.9821,0.9951
-0.5,-1.467,0.9828,0.9957
-0.4667,-1.467,0.9834,0.9962
-0.4333,-1.467,0.984,0.9966
-0.4,-1.467,0.9846,0.997
-0.3667,-1.467,0.9851,0.9973
-0.3333,-1.467,0.9857,0.9976
-0.3,-1.467,0.9862,0.9979
-0.2667,-1.467,0.9867,0.9981
-0.2333,-1.467,0.9871,0.9983
-0.2,-1.467,0.9876,0.9985
-0.1667,-1.467,0.988,0.9986
-0.1333,-1.467,0.9884,0.9988
-0.1,-1.467,0.9888,0.9989
-0.06667,-1.467,0.9892,0.999
-0.03333,-1.467,0.9896,0.9991
0,-1.467,0.9899,0.9992
0.03333,-1.467,0.9903,0.9992
0.06667,-1.467,0.9906,0.9993
0.1,-1.467,0.9909,0.9993
0.1333,-1.467,0.9912,0.9993
0.1667,-1.467,0.9915,0.9993
0.2,-1.467,0.9918,0.9993
0.2333,-1.467,0.9921,0.9993
0.2667,-1.467,0.9923,0.9992
0.3,-1.467,0.9926,0.999
0.3333,-1.467,0.9928,0.9986
0.3667,-1.467,0.993,0.998
0.4,-1.467,0.9932,0.997
0.4333,-1.467,0.9935,0.9953
0.4667,-1.467,0.9937,0.9927
0.5,-1.467,0.9939,0.9888
0.5333,-1.467,0.994,0.9839
0.5667,-1.467,0.9942,0.9783
0.6,-1.467,0.9944,0.9729
0.6333,-1.467,0.9946,0.9684
0.6667,-1.467,0.9947,0.965
0.7,-1.467,0.9949,0.963
0.7333,-1.467,0.995,0.9622
0.7667,-1.467,0.9952,0.9624
0.8,-1.467,0.9953,0.9632
0.8333,-1.467,0.9954,0.9644
0.8667,-1.467,0.9956,0.9659
0.9,-1.467,0.9957,0.9676
0.9333,-1.467,0.9958,0.9692
0.9667,-1.467,0.9959,0.9709
1,-1.467,0.996,0.9725
1.033,-1.467,0.9962,0.9741
1.067,-1.467,0.9963,0.9755
1.1,-1.467,0.9964,0.9769
1.133,-1.467,0.9965,0.9782
1.167,-1.467,0.9966,0.9794
1.2,-1.467,0.9966,0.9805
1.233,-1.467,0.9967,0.9815
1.267,-1.467,0.9968,0.9825
1.3,-1.467,0.9969,0.9834
1.333,-1.467,0.997,0.9843
1.367,-1.467,0.997,0.985
1.4,-1.467,0.9971,0.9858
1.433,-1.467,0.9972,0.9864
1.467,-1.467,0.9973,0.9871
1.5,-1.467,0.9973,0.9877
1.533,-1.467,0.9974,0.9882
1.567,-1.467,0.9974,0.9887
1.6,-1.467,0.9975,0.9892
1.633,-1.467,0.9976,0.9897
1.667,-1.467,0.9976,0.9901
1.7,-1.467,0.9977,0.9905
1.733,-1.467,0.9977,0.9909
1.767,-1.467,0.9978,0.9912
1.8,-1.467,0.9978,0.9915
1.833,-1.467,0.9979,0.9919
1.867,-1.467,0.9979,0.9921
1.9,-1.467,0.998,0.9924
1.933,-1.467,0.998,0.9927
1.967,-1.467,0.9981,0.9929
2,-1.467,0.9981,0.9932
2.033,-1.467,0.9981,0.9934
2.067,-1.467,0.9982,0.9936
2.1,-1.467,0.9982,0.9938
2.133,-1.467,0.9982,0.994
2.167,-1.467,0.9983,0.9941
2.2,-1.467,0.9983,0.9943
2.233,-1.467,0.9983,0.9945
2.267,-1.467,0.9984,0.9946
2.3,-1.467,0.9984,0.9948
2.333,-1.467,0.9984,0.9949
2.367,-1.467,0.9985,0.995
2.4,-1.467,0.9985,0.9951
2.433,-1.467,0.9985,0.9953
2.467,-1.467,0.9985,0.9954
2.5,-1.467,0.9986,0.9955
-2.5,-1.433,0.8105,0.1465
-2.467,-1.433,0.8169,0.1585
-2.433,-1.433,0.8231,0.1714
-2.4,-1.433,0.8292,0.1854
-2.367,-1.433,0.8351,0.2005
-2.333,-1.433,0.8409,0.2167
-2.3,-1.433,0.8465,0.234
-2.267,-1.433,0.8519,0.2526
-2.233,-1.433,0.8572,0.2724
-2.2,-1.433,0.8623,0.2933
-2.167,-1.433,0.8673,0.3155
-2.133,-1.433,0.8721,0.3388
-2.1,-1.433,0.8768,0.3632
-2.067,-1.433,0.8813,0.3886
-2.033,-1.433,0.8857,0.4149
-2,-1.433,0.89,0.442
-1.967,-1.433,0.8941,0.4698
-1.933,-1.433,0.898,0.498
-1.9,-1.433,0.9019,0.5265
-1.867,-1.433,0.9056,0.5551
-1.833,-1.433,0.9091,0.5836
-1.8,-1.433,0.9126,0.6117
-1.767,-1.433,0.9159,0.6394
-1.733,-1.433,0.9191,0.6664
-1.7,-1.433,0.9222,0.6925
-1.667,-1.433,0.9252,0.7176
-1.633,-1.433,0.9281,0.7416
-1.6,-1.433,0.9309,0.7644
-1.567,-1.433,0.9335,0.7858
-1.533,-1.433,0.9361,0.806
-1.5,-1.433,0.9386,0.8247
-1.467,-1.433,0.941,0.8421
-1.433,-1.433,0.9433,0.8581
-1.4,-1.433,0.9455,0.8728
-1.367,-1.433,0.9476,0.8862
-1.333,-1.433,0.9496,0.8984
-1.3,-1.433,0.9516,0.9095
-1.267,-1.433,0.9534,0.9195
-1.233,-1.433,0.9553,0.9284
-1.2,-1.433,0.957,0.9365
-1.167,-1.433,0.9587,0.9437
-1.133,-1.433,0.9603,0.9502
-1.1,-1.433,0.9618,0.956
-1.067,-1.433,0.9633,0.9611
-1.033,-1.433,0.9647,0.9656
-1,-1.433,0.966,0.9696
-0.9667,-1.433,0.9673,0.9732
-0.9333,-1.433,0.9686,0.9764
-0.9,-1.433,0.9698,0.9791
-0.8667,-1.433,0.971,0.9816
-0.8333,-1.433,0.9721,0.9838
-0.8,-1.433,0.9731,0.9857
-0.7667,-1.433,0.9741,0.9874
-0.7333,-1.433,0.9751,0.9889
-0.7,-1.433,0.9761,0.9902
-0.6667,-1.433,0.977,0.9913
-0.6333,-1.433,0.9778,0.9923
-0.6,-1.433,0.9786,0.9932
-0.5667,-1.433,0.9794,0.994
-0.5333,-1.433,0.9802,0.9947
-0.5,-1.433,0.9809,0.9953
-0.4667,-1.433,0.9816,0.9958
-0.4333,-1.433,0.9823,0.9963
-0.4,-1.433,0.983,0.9967
-0.3667,-1.433,0.9836,0.9971
-0.3333,-1.433,0.9842,0.9974
-0.3,-1.433,0.9847,0.9977
-0.2667,-1.433,0.9853,0.9979
-0.2333,-1.433,0.9858,0.9982
-0.2,-1.433,0.9863,0.9983
-0.1667,-1.433,0.9868,0.9985
-0.1333,-1.433,0.9873,0.9987
-0.1,-1.433,0.9877,0.9988
-0.06667,-1.433,0.9881,0.9989
-0.03333,-1.433,0.9886,0.999
0,-1.433,0.9889,0.9991
0.03333,-1.433,0.9893,0.9992
0.06667,-1.433,0.9897,0.9992
0.1,-1.433,0.99,0.9993
0.1333,-1.433,0.9904,0.9993
0.1667,-1.433,0.9907,0.9993
0.2,-1.433,0.991,0.9992
0.2333,-1.433,0.9913,0.9992
0.2667,-1.433,0.9916,0.999
0.3,-1.433,0.9919,0.9988
0.3333,-1.433,0.9921,0.9983
0.3667,-1.433,0.9924,0.9976
0.4,-1.433,0.9926,0.9963
0.4333,-1.433,0.9929,0.9942
0.4667,-1.433,0.9931,0.9909
0.5,-1.433,0.9933,0.9863
0.5333,-1.433,0.9935,0.9807
0.5667,-1.433,0.9937,0.9747
0.6,-1.433,0.9939,0.9691
0.6333,-1.433,0.9941,0.9645
0.6667,-1.433,0.9943,0.9614
0.7,-1.433,0.9944,0.9597
0.7333,-1.433,0.9946,0.9592
0.7667,-1.433,0.9948,0.9596
0.8,-1.433,0.9949,0.9607
0.8333,-1.433,0.9951,0.9622
0.8667,-1.433,0.9952,0.9639
0.9,-1.433,0.9954,0.9658
0.9333,-1.433,0.9955,0.9676
0.9667,-1.433,0.9956,0.9694
1,-1.433,0.9957,0.9712
1.033,-1.433,0.9959,0.9728
1.067,-1.433,0.996,0.9744
1.1,-1.433,0.9961,0.9758
1.133,-1.433,0.9962,0.9772
1.167,-1.433,0.9963,0.9785
1.2,-1.433,0.9964,0.9797
1.233,-1.433,0.9965,0.9808
1.267,-1.433,0.9966,0.9818
1.3,-1.433,0.9967,0.9827
1.333,-1.433,0.9968,0.9836
1.367,-1.433,0.9968,0.9844
1.4,-1.433,0.9969,0.9852
1.433,-1.433,0.997,0.9859
1.467,-1.433,0.9971,0.9866
1.5,-1.433,0.9971,0.9872
1.533,-1.433,0.9972,0.9878
1.567,-1.433,0.9973,0.9883
1.6,-1.433,0.9973,0.9889
1.633,-1.433,0.9974,0.9893
1.667,-1.433,0.9975,0.9898
1.7,-1.433,0.9975,0.9902
1.733,-1.433,0.9976,0.9906
1.767,-1.433,0.9976,0.991
1.8,-1.433,0.9977,0.9913
1.833,-1.433,0.9977,0.9916
1.867,-1.433,0.9978,0.9919
1.9,-1.433,0.9978,0.9922
1.933,-1.433,0.9979,0.9925
1.967,-1.433,0.9979,0.9927
2,-1.433,0.998,0.993
2.033,-1.433,0.998,0.9932
2.067,-1.433,0.9981,0.9934
2.1,-1.433,0.9981,0.9936
2.133,-1.433,0.9981,0.9938
2.167,-1.433,0.9982,0.994
2.2,-1.433,0.9982,0.9942
2.233,-1.433,0.9983,0.9943
2.267,-1.433,0.9983,0.9945
2.3,-1.433,0.9983,0.9946
2.333,-1.433,0.9984,0.9948
2.367,-1.433,0.9984,0.9949
2.4,-1.433,0.9984,0.995
2.433,-1.433,0.9984,0.9952
2.467,-1.433,0.9985,0.9953
2.5,-1.433,0.9985,0.9954
-2.5,-1.4,0.7923,0.1381
-2.467,-1.4,0.7992,0.1494
-2.433,-1.4,0.8058,0.1616
-2.4,-1.4,0.8123,0.1748
-2.367,-1.4,0.8187,0.189
-2.333,-1.4,0.8249,0.2044
-2.3,-1.4,0.8309,0.2208
-2.267,-1.4,0.8368,0.2385
-2.233,-1.4,0.8425,0.2573
-2.2,-1.4,0.848,0.2774
-2.167,-1.4,0.8534,0.2986
-2.133,-1.4,0.8586,0.3211
-2.1,-1.4,0.8637,0.3446
-2.067,-1.4,0.8687,0.3693
-2.033,-1.4,0.8734,0.395
-2,-1.4,0.8781,0.4215
-1.967,-1.4,0.8826,0.4488
-1.933,-1.4,0.8869,0.4766
-1.9,-1.4,0.8911,0.5049
-1.867,-1.4,0.8952,0.5335
-1.833,-1.4,0.8991,0.5621
-1.8,-1.4,0.9029,0.5905
-1.767,-1.4,0.9066,0.6186
-1.733,-1.4,0.9101,0.6461
-1.7,-1.4,0.9135,0.6729
-1.667,-1.4,0.9168,0.6988
-1.633,-1.4,0.92,0.7236
-1.6,-1.4,0.9231,0.7473
-1.567,-1.4,0.926,0.7698
-1.533,-1.4,0.9289,0.7909
-1.5,-1.4,0.9316,0.8107
-1.467,-1.4,0.9343,0.8291
-1.433,-1.4,0.9368,0.8461
-1.4,-1.4,0.9393,0.8618
-1.367,-1.4,0.9416,0.8762
-1.333,-1.4,0.9439,0.8893
-1.3,-1.4,0.9461,0.9012
-1.267,-1.4,0.9482,0.912
-1.233,-1.4,0.9502,0.9217
-1.2,-1.4,0.9521,0.9305
-1.167,-1.4,0.954,0.9384
-1.133,-1.4,0.9557,0.9454
-1.1,-1.4,0.9575,0.9517
-1.067,-1.4,0.9591,0.9573
-1.033,-1.4,0.9607,0.9622
-1,-1.4,0.9622,0.9666
-0.9667,-1.4,0.9637,0.9706
-0.9333,-1.4,0.9651,0.974
-0.9,-1.4,0.9664,0.9771
-0.8667,-1.4,0.9677,0.9798
-0.8333,-1.4,0.9689,0.9822
-0.8,-1.4,0.9701,0.9843
-0.7667,-1.4,0.9713,0.9861
-0.7333,-1.4,0.9724,0.9877
-0.7,-1.4,0.9734,0.9892
-0.6667,-1.4,0.9744,0.9905
-0.6333,-1.4,0.9754,0.9916
-0.6,-1.4,0.9763,0.9925
-0.5667,-1.4,0.9772,0.9934
-0.5333,-1.4,0.9781,0.9942
-0.5,-1.4,0.9789,0.9948
-0.4667,-1.4,0.9797,0.9954
-0.4333,-1.4,0.9804,0.9959
-0.4,-1.4,0.9811,0.9964
-0.3667,-1.4,0.9818,0.9968
-0.3333,-1.4,0.9825,0.9972
-0.3,-1.4,0.9831,0.9975
-0.2667,-1.4,0.9837,0.9977
-0.2333,-1.4,0.9843,0.998
-0.2,-1.4,0.9849,0.9982
-0.1667,-1.4,0.9854,0.9984
-0.1333,-1.4,0.986,0.9985
-0.1,-1.4,0.9865,0.9987
-0.06667,-1.4,0.9869,0.9988
-0.03333,-1.4,0.9874,0.9989
0,-1.4,0.9878,0.999
0.03333,-1.4,0.9883,0.9991
0.06667,-1.4,0.9887,0.9991
0.1,-1.4,0.9891,0.9992
0.1333,-1.4,0.9894,0.9992
0.1667,-1.4,0.9898,0.9992
0.2,-1.4,0.9901,0.9991
0.2333,-1.4,0.9905,0.999
0.2667,-1.4,0.9908,0.9989
0.3,-1.4,0.9911,0.9985
0.3333,-1.4,0.9914,0.998
0.3667,-1.4,0.9917,0.997
0.4,-1.4,0.9919,0.9954
0.4333,-1.4,0.9922,0.9927
0.4667,-1.4,0.9925,0.9887
0.5,-1.4,0.9927,0.9834
0.5333,-1.4,0.9929,0.9771
0.5667,-1.4,0.9931,0.9706
0.6,-1.4,0.9934,0.9648
0.6333,-1.4,0.9936,0.9604
0.6667,-1.4,0.9938,0.9575
0.7,-1.4,0.994,0.9562
0.7333,-1.4,0.9941,0.956
0.7667,-1.4,0.9943,0.9568
0.8,-1.4,0.9945,0.9581
0.8333,-1.4,0.9947,0.9599
0.8667,-1.4,0.9948,0.9618
0.9,-1.4,0.995,0.9638
0.9333,-1.4,0.9951,0.9659
0.9667,-1.4,0.9953,0.9678
1,-1.4,0.9954,0.9697
1.033,-1.4,0.9955,0.9715
1.067,-1.4,0.9956,0.9731
1.1,-1.4,0.9958,0.9747
1.133,-1.4,0.9959,0.9761
1.167,-1.4,0.996,0.9775
1.2,-1.4,0.9961,0.9788
1.233,-1.4,0.9962,0.9799
1.267,-1.4,0.9963,0.981
1.3,-1.4,0.9964,0.982
1.333,-1.4,0.9965,0.983
1.367,-1.4,0.9966,0.9838
1.4,-1.4,0.9967,0.9846
1.433,-1.4,0.9968,0.9854
1.467,-1.4,0.9969,0.9861
1.5,-1.4,0.9969,0.9868
1.533,-1.4,0.997,0.9874
1.567,-1.4,0.9971,0.9879
1.6,-1.4,0.9972,0.9885
1.633,-1.4,0.9972,0.989
1.667,-1.4,0.9973,0.9894
1.7,-1.4,0.9974,0.9899
1.733,-1.4,0.9974,0.9903
1.767,-1.4,0.9975,0.9907
1.8,-1.4,0.9975,0.991
1.833,-1.4,0.9976,0.9914
1.867,-1.4,0.9977,0.9917
1.9,-1.4,0.9977,0.992
1.933,-1.4,0.9978,0.9923
1.967,-1.4,0.9978,0.9926
2,-1.4,0.9979,0.9928
2.033,-1.4,0.9979,0.993
2.067,-1.4,0.9979,0.9933
2.1,-1.4,0.998,0.9935
2.133,-1.4,0.998,0.9937
2.167,-1.4,0.9981,0.9939
2.2,-1.4,0.9981,0.9941
2.233,-1.4,0.9982,0.9942
2.267,-1.4,0.9982,0.9944
2.3,-1.4,0.9982,0.9945
2.333,-1.4,0.9983,0.9947
2.367,-1.4,0.9983,0.9948
2.4,-1.4,0.9983,0.995
2.433,-1.4,0.9984,0.9951
2.467,-1.4,0.9984,0.9952
2.5,-1.4,0.9984,0.9953
-2.5,-1.367,0.773,0.1302
-2.467,-1.367,0.7802,0.1408
-2.433,-1.367,0.7873,0.1523
-2.4,-1.367,0.7943,0.1647
-2.367,-1.367,0.801,0.1782
-2.333,-1.367,0.8077,0.1927
-2.3,-1.367,0.8141,0.2083
-2.267,-1.367,0.8204,0.225
-2.233,-1.367,0.8266,0.243
-2.2,-1.367,0.8325,0.2621
-2.167,-1.367,0.8384,0.2825
-2.133,-1.367,0.844,0.304
-2.1,-1.367,0.8495,0.3267
-2.067,-1.367,0.8549,0.3506
-2.033,-1.367,0.8601,0.3755
-2,-1.367,0.8651,0.4014
-1.967,-1.367,0.87,0.4281
-1.933,-1.367,0.8748,0.4555
-1.9,-1.367,0.8794,0.4835
-1.867,-1.367,0.8838,0.5119
-1.833,-1.367,0.8881,0.5405
-1.8,-1.367,0.8923,0.569
-1.767,-1.367,0.8963,0.5974
-1.733,-1.367,0.9002,0.6253
-1.7,-1.367,0.904,0.6527
-1.667,-1.367,0.9076,0.6793
-1.633,-1.367,0.9111,0.7049
-1.6,-1.367,0.9145,0.7295
-1.567,-1.367,0.9177,0.7529
-1.533,-1.367,0.9209,0.775
-1.5,-1.367,0.9239,0.7959
-1.467,-1.367,0.9269,0.8153
-1.433,-1.367,0.9297,0.8334
-1.4,-1.367,0.9324,0.8501
-1.367,-1.367,0.935,0.8654
-1.333,-1.367,0.9375,0.8795
-1.3,-1.367,0.9399,0.8923
-1.267,-1.367,0.9423,0.9039
-1.233,-1.367,0.9445,0.9145
-1.2,-1.367,0.9467,0.924
-1.167,-1.367,0.9487,0.9325
-1.133,-1.367,0.9507,0.9402
-1.1,-1.367,0.9526,0.947
-1.067,-1.367,0.9545,0.9531
-1.033,-1.367,0.9562,0.9585
-1,-1.367,0.9579,0.9634
-0.9667,-1.367,0.9596,0.9676
-0.9333,-1.367,0.9611,0.9714
-0.9,-1.367,0.9626,0.9748
-0.8667,-1.367,0.9641,0.9778
-0.8333,-1.367,0.9655,0.9804
-0.8,-1.367,0.9668,0.9827
-0.7667,-1.367,0.9681,0.9847
-0.7333,-1.367,0.9693,0.9865
-0.7,-1.367,0.9705,0.9881
-0.6667,-1.367,0.9716,0.9895
-0.6333,-1.367,0.9727,0.9907
-0.6,-1.367,0.9737,0.9918
-0.5667,-1.367,0.9747,0.9928
-0.5333,-1.367,0.9757,0.9936
-0.5,-1.367,0.9766,0.9943
-0.4667,-1.367,0.9774,0.995
-0.4333,-1.367,0.9783,0.9956
-0.4,-1.367,0.9791,0.9961
-0.3667,-1.367,0.9799,0.9965
-0.3333,-1.367,0.9806,0.9969
-0.3,-1.367,0.9813,0.9972
-0.2667,-1.367,0.982,0.9975
-0.2333,-1.367,0.9827,0.9978
-0.2,-1.367,0.9833,0.998
-0.1667,-1.367,0.9839,0.9982
-0.1333,-1.367,0.9845,0.9984
-0.1,-1.367,0.9851,0.9986
-0.06667,-1.367,0.9856,0.9987
-0.03333,-1.367,0.9861,0.9988
0,-1.367,0.9866,0.9989
0.03333,-1.367,0.9871,0.999
0.06667,-1.367,0.9875,0.9991
0.1,-1.367,0.988,0.9991
0.1333,-1.367,0.9884,0.9991
0.1667,-1.367,0.9888,0.9991
0.2,-1.367,0.9892,0.999
0.2333,-1.367,0.9895,0.9989
0.2667,-1.367,0.9899,0.9986
0.3,-1.367,0.9902,0.9982
0.3333,-1.367,0.9906,0.9975
0.3667,-1.367,0.9909,0.9963
0.4,-1.367,0.9912,0.9942
0.4333,-1.367,0.9915,0.9909
0.4667,-1.367,0.9917,0.9861
0.5,-1.367,0.992,0.9799
0.5333,-1.367,0.9923,0.9729
0.5667,-1.367,0.9925,0.966
0.6,-1.367,0.9928,0.9602
0.6333,-1.367,0.993,0.956
0.6667,-1.367,0.9932,0.9534
0.7,-1.367,0.9934,0.9524
0.7333,-1.367,0.9936,0.9526
0.7667,-1.367,0.9938,0.9537
0.8,-1.367,0.994,0.9554
0.8333,-1.367,0.9942,0.9574
0.8667,-1.367,0.9944,0.9596
0.9,-1.367,0.9945,0.9618
0.9333,-1.367,0.9947,0.964
0.9667,-1.367,0.9949,0.9661
1,-1.367,0.995,0.9681
1.033,-1.367,0.9952,0.97
1.067,-1.367,0.9953,0.9718
1.1,-1.367,0.9954,0.9735
1.133,-1.367,0.9956,0.975
1.167,-1.367,0.9957,0.9765
1.2,-1.367,0.9958,0.9778
1.233,-1.367,0.9959,0.979
1.267,-1.367,0.996,0.9802
1.3,-1.367,0.9961,0.9813
1.333,-1.367,0.9962,0.9823
1.367,-1.367,0.9963,0.9832
1.4,-1.367,0.9964,0.984
1.433,-1.367,0.9965,0.9848
1.467,-1.367,0.9966,0.9856
1.5,-1.367,0.9967,0.9863
1.533,-1.367,0.9968,0.9869
1.567,-1.367,0.9969,0.9875
1.6,-1.367,0.997,0.9881
1.633,-1.367,0.997,0.9886
1.667,-1.367,0.9971,0.9891
1.7,-1.367,0.9972,0.9896
1.733,-1.367,0.9972,0.99
1.767,-1.367,0.9973,0.9904
1.8,-1.367,0.9974,0.9908
1.833,-1.367,0.9974,0.9911
1.867,-1.367,0.9975,0.9915
1.9,-1.367,0.9976,0.9918
1.933,-1.367,0.9976,0.9921
1.967,-1.367,0.9977,0.9924
2,-1.367,0.9977,0.9926
2.033,-1.367,0.9978,0.9929
2.067,-1.367,0.9978,0.9931
2.1,-1.367,0.9979,0.9933
2.133,-1.367,0.9979,0.9935
2.167,-1.367,0.998,0.9937
2.2,-1.367,0.998,0.9939
2.233,-1.367,0.998,0.9941
2.267,-1.367,0.9981,0.9943
2.3,-1.367,0.9981,0.9944
2.333,-1.367,0.9982,0.9946
2.367,-1.367,0.9982,0.9947
2.4,-1.367,0.9982,0.9949
2.433,-1.367,0.9983,0.995
2.467,-1.367,0.9983,0.9951
2.5,-1.367,0.9983,0.9952
-2.5,-1.333,0.7525,0.1227
-2.467,-1.333,0.7602,0.1327
-2.433,-1.333,0.7677,0.1435
-2.4,-1.333,0.775,0.1552
-2.367,-1.333,0.7822,0.1679
-2.333,-1.333,0.7893,0.1816
-2.3,-1.333,0.7962,0.1964
-2.267,-1.333,0.8029,0.2123
-2.233,-1.333,0.8095,0.2293
-2.2,-1.333,0.8159,0.2475
-2.167,-1.333,0.8222,0.267
-2.133,-1.333,0.8283,0.2876
-2.1,-1.333,0.8342,0.3095
-2.067,-1.333,0.84,0.3325
-2.033,-1.333,0.8456,0.3566
-2,-1.333,0.8511,0.3817
-1.967,-1.333,0.8564,0.4078
-1.933,-1.333,0.8615,0.4347
-1.9,-1.333,0.8665,0.4623
-1.867,-1.333,0.8714,0.4904
-1.833,-1.333,0.8761,0.5189
-1.8,-1.333,0.8806,0.5475
-1.767,-1.333,0.885,0.576
-1.733,-1.333,0.8893,0.6043
-1.7,-1.333,0.8934,0.6321
-1.667,-1.333,0.8974,0.6593
-1.633,-1.333,0.9013,0.6856
-1.6,-1.333,0.905,0.711
-1.567,-1.333,0.9086,0.7353
-1.533,-1.333,0.9121,0.7584
-1.5,-1.333,0.9154,0.7803
-1.467,-1.333,0.9186,0.8007
-1.433,-1.333,0.9218,0.8198
-1.4,-1.333,0.9248,0.8376
-1.367,-1.333,0.9277,0.8539
-1.333,-1.333,0.9304,0.869
-1.3,-1.333,0.9331,0.8827
-1.267,-1.333,0.9357,0.8953
-1.233,-1.333,0.9382,0.9066
-1.2,-1.333,0.9406,0.9169
-1.167,-1.333,0.9429,0.9261
-1.133,-1.333,0.9451,0.9345
-1.1,-1.333,0.9472,0.9419
-1.067,-1.333,0.9493,0.9486
-1.033,-1.333,0.9513,0.9545
-1,-1.333,0.9532,0.9598
-0.9667,-1.333,0.955,0.9645
-0.9333,-1.333,0.9567,0.9686
-0.9,-1.333,0.9584,0.9723
-0.8667,-1.333,0.96,0.9756
-0.8333,-1.333,0.9615,0.9784
-0.8,-1.333,0.963,0.981
-0.7667,-1.333,0.9645,0.9832
-0.7333,-1.333,0.9658,0.9852
-0.7,-1.333,0.9671,0.9869
-0.6667,-1.333,0.9684,0.9885
-0.6333,-1.333,0.9696,0.9898
-0.6,-1.333,0.9708,0.991
-0.5667,-1.333,0.9719,0.9921
-0.5333,-1.333,0.973,0.993
-0.5,-1.333,0.974,0.9938
-0.4667,-1.333,0.975,0.9945
-0.4333,-1.333,0.9759,0.9951
-0.4,-1.333,0.9768,0.9957
-0.3667,-1.333,0.9777,0.9962
-0.3333,-1.333,0.9785,0.9966
-0.3,-1.333,0.9793,0.997
-0.2667,-1.333,0.9801,0.9973
-0.2333,-1.333,0.9808,0.9976
-0.2,-1.333,0.9815,0.9979
-0.1667,-1.333,0.9822,0.9981
-0.1333,-1.333,0.9829,0.9983
-0.1,-1.333,0.9835,0.9984
-0.06667,-1.333,0.9841,0.9986
-0.03333,-1.333,0.9847,0.9987
0,-1.333,0.9852,0.9988
0.03333,-1.333,0.9857,0.9989
0.06667,-1.333,0.9862,0.999
0.1,-1.333,0.9867,0.999
0.1333,-1.333,0.9872,0.999
0.1667,-1.333,0.9876,0.999
0.2,-1.333,0.9881,0.9989
0.2333,-1.333,0.9885,0.9987
0.2667,-1.333,0.9889,0.9984
0.3,-1.333,0.9893,0.9979
0.3333,-1.333,0.9896,0.9969
0.3667,-1.333,0.99,0.9953
0.4,-1.333,0.9903,0.9927
0.4333,-1.333,0.9906,0.9886
0.4667,-1.333,0.991,0.9829
0.5,-1.333,0.9913,0.9758
0.5333,-1.333,0.9915,0.9682
0.5667,-1.333,0.9918,0.961
0.6,-1.333,0.9921,0.9552
0.6333,-1.333,0.9923,0.9512
0.6667,-1.333,0.9926,0.949
0.7,-1.333,0.9928,0.9485
0.7333,-1.333,0.9931,0.9491
0.7667,-1.333,0.9933,0.9505
0.8,-1.333,0.9935,0.9525
0.8333,-1.333,0.9937,0.9548
0.8667,-1.333,0.9939,0.9572
0.9,-1.333,0.9941,0.9597
0.9333,-1.333,0.9942,0.962
0.9667,-1.333,0.9944,0.9643
1,-1.333,0.9946,0.9665
1.033,-1.333,0.9947,0.9685
1.067,-1.333,0.9949,0.9704
1.1,-1.333,0.995,0.9722
1.133,-1.333,0.9952,0.9738
1.167,-1.333,0.9953,0.9754
1.2,-1.333,0.9955,0.9768
1.233,-1.333,0.9956,0.9781
1.267,-1.333,0.9957,0.9793
1.3,-1.333,0.9958,0.9805
1.333,-1.333,0.996,0.9815
1.367,-1.333,0.9961,0.9825
1.4,-1.333,0.9962,0.9834
1.433,-1.333,0.9963,0.9842
1.467,-1.333,0.9964,0.985
1.5,-1.333,0.9965,0.9857
1.533,-1.333,0.9966,0.9864
1.567,-1.333,0.9967,0.9871
1.6,-1.333,0.9967,0.9877
1.633,-1.333,0.9968,0.9882
1.667,-1.333,0.9969,0.9887
1.7,-1.333,0.997,0.9892
1.733,-1.333,0.9971,0.9897
1.767,-1.333,0.9971,0.9901
1.8,-1.333,0.9972,0.9905
1.833,-1.333,0.9973,0.9909
1.867,-1.333,0.9973,0.9912
1.9,-1.333,0.9974,0.9915
1.933,-1.333,0.9975,0.9918
1.967,-1.333,0.9975,0.9921
2,-1.333,0.9976,0.9924
2.033,-1.333,0.9976,0.9927
2.067,-1.333,0.9977,0.9929
2.1,-1.333,0.9977,0.9932
2.133,-1.333,0.9978,0.9934
2.167,-1.333,0.9978,0.9936
2.2,-1.333,0.9979,0.9938
2.233,-1.333,0.9979,0.994
2.267,-1.333,0.998,0.9941
2.3,-1.333,0.998,0.9943
2.333,-1.333,0.9981,0.9945
2.367,-1.333,0.9981,0.9946
2.4,-1.333,0.9981,0.9948
2.433,-1.333,0.9982,0.9949
2.467,-1.333,0.9982,0.995
2.5,-1.333,0.9982,0.9951
-2.5,-1.3,0.731,0.1157
-2.467,-1.3,0.739,0.1251
-2.433,-1.3,0.7469,0.1352
-2.4,-1.3,0.7547,0.1463
-2.367,-1.3,0.7623,0.1582
-2.333,-1.3,0.7698,0.1712
-2.3,-1.3,0.7771,0.1851
-2.267,-1.3,0.7842,0.2002
-2.233,-1.3,0.7912,0.2163
-2.2,-1.3,0.7981,0.2337
-2.167,-1.3,0.8048,0.2522
-2.133,-1.3,0.8113,0.2719
-2.1,-1.3,0.8177,0.2929
-2.067,-1.3,0.8239,0.315
-2.033,-1.3,0.8299,0.3383
-2,-1.3,0.8358,0.3626
-1.967,-1.3,0.8416,0.388
-1.933,-1.3,0.8471,0.4143
-1.9,-1.3,0.8526,0.4414
-1.867,-1.3,0.8578,0.4692
-1.833,-1.3,0.8629,0.4974
-1.8,-1.3,0.8679,0.5259
-1.767,-1.3,0.8727,0.5545
-1.733,-1.3,0.8773,0.583
-1.7,-1.3,0.8819,0.6111
-1.667,-1.3,0.8862,0.6388
-1.633,-1.3,0.8905,0.6658
-1.6,-1.3,0.8945,0.692
-1.567,-1.3,0.8985,0.7171
-1.533,-1.3,0.9023,0.7411
-1.5,-1.3,0.906,0.7639
-1.467,-1.3,0.9096,0.7854
-1.433,-1.3,0.913,0.8055
-1.4,-1.3,0.9163,0.8243
-1.367,-1.3,0.9195,0.8417
-1.333,-1.3,0.9226,0.8577
-1.3,-1.3,0.9256,0.8725
-1.267,-1.3,0.9284,0.8859
-1.233,-1.3,0.9312,0.8981
-1.2,-1.3,0.9339,0.9092
-1.167,-1.3,0.9364,0.9192
-1.133,-1.3,0.9389,0.9283
-1.1,-1.3,0.9412,0.9364
-1.067,-1.3,0.9435,0.9436
-1.033,-1.3,0.9457,0.9501
-1,-1.3,0.9478,0.9558
-0.9667,-1.3,0.9498,0.961
-0.9333,-1.3,0.9518,0.9655
-0.9,-1.3,0.9537,0.9696
-0.8667,-1.3,0.9555,0.9731
-0.8333,-1.3,0.9572,0.9763
-0.8,-1.3,0.9588,0.9791
-0.7667,-1.3,0.9604,0.9816
-0.7333,-1.3,0.962,0.9837
-0.7,-1.3,0.9634,0.9856
-0.6667,-1.3,0.9648,0.9873
-0.6333,-1.3,0.9662,0.9888
-0.6,-1.3,0.9675,0.9901
-0.5667,-1.3,0.9687,0.9913
-0.5333,-1.3,0.9699,0.9923
-0.5,-1.3,0.9711,0.9932
-0.4667,-1.3,0.9722,0.994
-0.4333,-1.3,0.9732,0.9947
-0.4,-1.3,0.9743,0.9953
-0.3667,-1.3,0.9752,0.9958
-0.3333,-1.3,0.9762,0.9963
-0.3,-1.3,0.9771,0.9967
-0.2667,-1.3,0.9779,0.9971
-0.2333,-1.3,0.9787,0.9974
-0.2,-1.3,0.9795,0.9977
-0.1667,-1.3,0.9803,0.9979
-0.1333,-1.3,0.981,0.9981
-0.1,-1.3,0.9817,0.9983
-0.06667,-1.3,0.9824,0.9985
-0.03333,-1.3,0.983,0.9986
0,-1.3,0.9836,0.9987
0.03333,-1.3,0.9842,0.9988
0.06667,-1.3,0.9848,0.9988
0.1,-1.3,0.9854,0.9989
0.1333,-1.3,0.9859,0.9989
0.1667,-1.3,0.9864,0.9988
0.2,-1.3,0.9869,0.9987
0.2333,-1.3,0.9873,0.9985
0.2667,-1.3,0.9878,0.9981
0.3,-1.3,0.9882,0.9974
0.3333,-1.3,0.9886,0.9962
0.3667,-1.3,0.989,0.9942
0.4,-1.3,0.9894,0.9909
0.4333,-1.3,0.9897,0.9859
0.4667,-1.3,0.9901,0.9791
0.5,-1.3,0.9904,0.9711
0.5333,-1.3,0.9907,0.9629
0.5667,-1.3,0.991,0.9555
0.6,-1.3,0.9913,0.9498
0.6333,-1.3,0.9916,0.9461
0.6667,-1.3,0.9919,0.9444
0.7,-1.3,0.9922,0.9442
0.7333,-1.3,0.9924,0.9453
0.7667,-1.3,0.9927,0.9471
0.8,-1.3,0.9929,0.9495
0.8333,-1.3,0.9931,0.952
0.8667,-1.3,0.9933,0.9547
0.9,-1.3,0.9935,0.9574
0.9333,-1.3,0.9937,0.9599
0.9667,-1.3,0.9939,0.9624
1,-1.3,0.9941,0.9647
1.033,-1.3,0.9943,0.9669
1.067,-1.3,0.9945,0.9689
1.1,-1.3,0.9946,0.9708
1.133,-1.3,0.9948,0.9726
1.167,-1.3,0.9949,0.9742
1.2,-1.3,0.9951,0.9757
1.233,-1.3,0.9952,0.9771
1.267,-1.3,0.9954,0.9784
1.3,-1.3,0.9955,0.9796
1.333,-1.3,0.9956,0.9807
1.367,-1.3,0.9958,0.9818
1.4,-1.3,0.9959,0.9827
1.433,-1.3,0.996,0.9836
1.467,-1.3,0.9961,0.9844
1.5,-1.3,0.9962,0.9852
1.533,-1.3,0.9963,0.9859
1.567,-1.3,0.9964,0.9866
1.6,-1.3,0.9965,0.9872
1.633,-1.3,0.9966,0.9878
1.667,-1.3,0.9967,0.9883
1.7,-1.3,0.9968,0.9888
1.733,-1.3,0.9968,0.9893
1.767,-1.3,0.9969,0.9898
1.8,-1.3,0.997,0.9902
1.833,-1.3,0.9971,0.9906
1.867,-1.3,0.9971,0.9909
1.9,-1.3,0.9972,0.9913
1.933,-1.3,0.9973,0.9916
1.967,-1.3,0.9973,0.9919
2,-1.3,0.9974,0.9922
2.033,-1.3,0.9975,0.9925
2.067,-1.3,0.9975,0.9927
2.1,-1.3,0.9976,0.993
2.133,-1.3,0.9976,0.9932
2.167,-1.3,0.9977,0.9934
2.2,-1.3,0.9977,0.9936
2.233,-1.3,0.9978,0.9938
2.267,-1.3,0.9978,0.994
2.3,-1.3,0.9979,0.9942
2.333,-1.3,0.9979,0.9943
2.367,-1.3,0.998,0.9945
2.4,-1.3,0.998,0.9946
2.433,-1.3,0.9981,0.9948
2.467,-1.3,0.9981,0.9949
2.5,-1.3,0.9981,0.995
-2.5,-1.267,0.7085,0.1091
-2.467,-1.267,0.7169,0.1179
-2.433,-1.267,0.7251,0.1275
-2.4,-1.267,0.7333,0.1379
-2.367,-1.267,0.7413,0.1491
-2.333,-1.267,0.7491,0.1613
-2.3,-1.267,0.7568,0.1745
-2.267,-1.267,0.7644,0.1887
-2.233,-1.267,0.7718,0.204
-2.2,-1.267,0.7791,0.2205
-2.167,-1.267,0.7862,0.2381
-2.133,-1.267,0.7932,0.2569
-2.1,-1.267,0.8,0.2769
-2.067,-1.267,0.8066,0.2982
-2.033,-1.267,0.8131,0.3206
-2,-1.267,0.8194,0.3441
-1.967,-1.267,0.8256,0.3688
-1.933,-1.267,0.8316,0.3944
-1.9,-1.267,0.8375,0.4209
-1.867,-1.267,0.8431,0.4482
-1.833,-1.267,0.8487,0.476
-1.8,-1.267,0.854,0.5043
-1.767,-1.267,0.8593,0.5329
-1.733,-1.267,0.8643,0.5615
-1.7,-1.267,0.8692,0.5899
-1.667,-1.267,0.874,0.618
-1.633,-1.267,0.8786,0.6455
-1.6,-1.267,0.8831,0.6723
-1.567,-1.267,0.8874,0.6982
-1.533,-1.267,0.8916,0.7231
-1.5,-1.267,0.8957,0.7468
-1.467,-1.267,0.8996,0.7693
-1.433,-1.267,0.9034,0.7904
-1.4,-1.267,0.907,0.8103
-1.367,-1.267,0.9105,0.8287
-1.333,-1.267,0.9139,0.8457
-1.3,-1.267,0.9172,0.8615
-1.267,-1.267,0.9204,0.8759
-1.233,-1.267,0.9234,0.889
-1.2,-1.267,0.9264,0.901
-1.167,-1.267,0.9292,0.9118
-1.133,-1.267,0.932,0.9215
-1.1,-1.267,0.9346,0.9303
-1.067,-1.267,0.9371,0.9382
-1.033,-1.267,0.9396,0.9452
-1,-1.267,0.9419,0.9515
-0.9667,-1.267,0.9441,0.9571
-0.9333,-1.267,0.9463,0.9621
-0.9,-1.267,0.9484,0.9666
-0.8667,-1.267,0.9504,0.9705
-0.8333,-1.267,0.9523,0.9739
-0.8,-1.267,0.9542,0.977
-0.7667,-1.267,0.956,0.9797
-0.7333,-1.267,0.9577,0.9821
-0.7,-1.267,0.9593,0.9842
-0.6667,-1.267,0.9609,0.9861
-0.6333,-1.267,0.9624,0.9877
-0.6,-1.267,0.9638,0.9892
-0.5667,-1.267,0.9652,0.9904
-0.5333,-1.267,0.9666,0.9915
-0.5,-1.267,0.9679,0.9925
-0.4667,-1.267,0.9691,0.9934
-0.4333,-1.267,0.9703,0.9941
-0.4,-1.267,0.9714,0.9948
-0.3667,-1.267,0.9725,0.9954
-0.3333,-1.267,0.9735,0.9959
-0.3,-1.267,0.9745,0.9964
-0.2667,-1.267,0.9755,0.9968
-0.2333,-1.267,0.9764,0.9971
-0.2,-1.267,0.9773,0.9974
-0.1667,-1.267,0.9782,0.9977
-0.1333,-1.267,0.979,0.9979
-0.1,-1.267,0.9798,0.9981
-0.06667,-1.267,0.9805,0.9983
-0.03333,-1.267,0.9812,0.9985
0,-1.267,0.9819,0.9986
0.03333,-1.267,0.9826,0.9987
0.06667,-1.267,0.9832,0.9987
0.1,-1.267,0.9838,0.9988
0.1333,-1.267,0.9844,0.9987
0.1667,-1.267,0.985,0.9987
0.2,-1.267,0.9855,0.9985
0.2333,-1.267,0.986,0.9982
0.2667,-1.267,0.9865,0.9977
0.3,-1.267,0.987,0.9968
0.3333,-1.267,0.9874,0.9952
0.3667,-1.267,0.9879,0.9927
0.4,-1.267,0.9883,0.9885
0.4333,-1.267,0.9887,0.9825
0.4667,-1.267,0.9891,0.9747
0.5,-1.267,0.9895,0.9657
0.5333,-1.267,0.9898,0.9569
0.5667,-1.267,0.9902,0.9494
0.6,-1.267,0.9905,0.9439
0.6333,-1.267,0.9908,0.9407
0.6667,-1.267,0.9911,0.9394
0.7,-1.267,0.9914,0.9398
0.7333,-1.267,0.9917,0.9413
0.7667,-1.267,0.992,0.9435
0.8,-1.267,0.9922,0.9462
0.8333,-1.267,0.9925,0.9491
0.8667,-1.267,0.9927,0.952
0.9,-1.267,0.993,0.9549
0.9333,-1.267,0.9932,0.9577
0.9667,-1.267,0.9934,0.9604
1,-1.267,0.9936,0.9629
1.033,-1.267,0.9938,0.9652
1.067,-1.267,0.994,0.9674
1.1,-1.267,0.9942,0.9694
1.133,-1.267,0.9943,0.9712
1.167,-1.267,0.9945,0.973
1.2,-1.267,0.9947,0.9746
1.233,-1.267,0.9948,0.9761
1.267,-1.267,0.995,0.9774
1.3,-1.267,0.9951,0.9787
1.333,-1.267,0.9953,0.9799
1.367,-1.267,0.9954,0.981
1.4,-1.267,0.9955,0.982
1.433,-1.267,0.9957,0.9829
1.467,-1.267,0.9958,0.9838
1.5,-1.267,0.9959,0.9846
1.533,-1.267,0.996,0.9854
1.567,-1.267,0.9961,0.9861
1.6,-1.267,0.9962,0.9867
1.633,-1.267,0.9963,0.9874
1.667,-1.267,0.9964,0.9879
1.7,-1.267,0.9965,0.9885
1.733,-1.267,0.9966,0.989
1.767,-1.267,0.9967,0.9894
1.8,-1.267,0.9968,0.9899
1.833,-1.267,0.9969,0.9903
1.867,-1.267,0.9969,0.9907
1.9,-1.267,0.997,0.991
1.933,-1.267,0.9971,0.9914
1.967,-1.267,0.9972,0.9917
2,-1.267,0.9972,0.992
2.033,-1.267,0.9973,0.9923
2.067,-1.267,0.9974,0.9925
2.1,-1.267,0.9974,0.9928
2.133,-1.267,0.9975,0.993
2.167,-1.267,0.9975,0.9933
2.2,-1.267,0.9976,0.9935
2.233,-1.267,0.9977,0.9937
2.267,-1.267,0.9977,0.9939
2.3,-1.267,0.9978,0.994
2.333,-1.267,0.9978,0.9942
2.367,-1.267,0.9979,0.9944
2.4,-1.267,0.9979,0.9945
2.433,-1.267,0.998,0.9947
2.467,-1.267,0.998,0.9948
2.5,-1.267,0.998,0.995
-2.5,-1.233,0.6851,0.1029
-2.467,-1.233,0.6938,0.1112
-2.433,-1.233,0.7024,0.1202
-2.4,-1.233,0.7109,0.1299
-2.367,-1.233,0.7192,0.1405
-2.333,-1.233,0.7274,0.152
-2.3,-1.233,0.7355,0.1644
-2.267,-1.233,0.7435,0.1779
-2.233,-1.233,0.7513,0.1923
-2.2,-1.233,0.759,0.2079
-2.167,-1.233,0.7665,0.2247
-2.133,-1.233,0.7739,0.2426
-2.1,-1.233,0.7811,0.2617
-2.067,-1.233,0.7882,0.282
-2.033,-1.233,0.7951,0.3035
-2,-1.233,0.8018,0.3262
-1.967,-1.233,0.8084,0.3501
-1.933,-1.233,0.8149,0.3749
-1.9,-1.233,0.8212,0.4008
-1.867,-1.233,0.8273,0.4275
-1.833,-1.233,0.8333,0.4549
-1.8,-1.233,0.8391,0.4829
-1.767,-1.233,0.8447,0.5113
-1.733,-1.233,0.8502,0.5399
-1.7,-1.233,0.8555,0.5684
-1.667,-1.233,0.8607,0.5968
-1.633,-1.233,0.8657,0.6248
-1.6,-1.233,0.8706,0.6521
-1.567,-1.233,0.8753,0.6787
-1.533,-1.233,0.8799,0.7044
-1.5,-1.233,0.8843,0.729
-1.467,-1.233,0.8886,0.7524
-1.433,-1.233,0.8928,0.7746
-1.4,-1.233,0.8968,0.7954
-1.367,-1.233,0.9007,0.8149
-1.333,-1.233,0.9044,0.833
-1.3,-1.233,0.908,0.8497
-1.267,-1.233,0.9115,0.8651
-1.233,-1.233,0.9149,0.8792
-1.2,-1.233,0.9181,0.892
-1.167,-1.233,0.9213,0.9037
-1.133,-1.233,0.9243,0.9143
-1.1,-1.233,0.9272,0.9238
-1.067,-1.233,0.93,0.9323
-1.033,-1.233,0.9327,0.94
-1,-1.233,0.9353,0.9469
-0.9667,-1.233,0.9378,0.953
-0.9333,-1.233,0.9402,0.9584
-0.9,-1.233,0.9425,0.9633
-0.8667,-1.233,0.9448,0.9676
-0.8333,-1.233,0.9469,0.9714
-0.8,-1.233,0.949,0.9747
-0.7667,-1.233,0.9509,0.9777
-0.7333,-1.233,0.9529,0.9803
-0.7,-1.233,0.9547,0.9827
-0.6667,-1.233,0.9564,0.9847
-0.6333,-1.233,0.9581,0.9865
-0.6,-1.233,0.9597,0.9881
-0.5667,-1.233,0.9613,0.9895
-0.5333,-1.233,0.9628,0.9907
-0.5,-1.233,0.9642,0.9918
-0.4667,-1.233,0.9656,0.9927
-0.4333,-1.233,0.9669,0.9936
-0.4,-1.233,0.9682,0.9943
-0.3667,-1.233,0.9694,0.995
-0.3333,-1.233,0.9706,0.9955
-0.3,-1.233,0.9717,0.996
-0.2667,-1.233,0.9728,0.9965
-0.2333,-1.233,0.9738,0.9969
-0.2,-1.233,0.9748,0.9972
-0.1667,-1.233,0.9758,0.9975
-0.1333,-1.233,0.9767,0.9977
-0.1,-1.233,0.9775,0.998
-0.06667,-1.233,0.9784,0.9982
-0.03333,-1.233,0.9792,0.9983
0,-1.233,0.98,0.9984
0.03333,-1.233,0.9807,0.9985
0.06667,-1.233,0.9814,0.9986
0.1,-1.233,0.9821,0.9986
0.1333,-1.233,0.9828,0.9986
0.1667,-1.233,0.9834,0.9985
0.2,-1.233,0.984,0.9983
0.2333,-1.233,0.9846,0.9979
0.2667,-1.233,0.9851,0.9972
0.3,-1.233,0.9856,0.996
0.3333,-1.233,0.9862,0.994
0.3667,-1.233,0.9866,0.9908
0.4,-1.233,0.9871,0.9856
0.4333,-1.233,0.9876,0.9784
0.4667,-1.233,0.988,0.9694
0.5,-1.233,0.9884,0.9596
0.5333,-1.233,0.9888,0.9503
0.5667,-1.233,0.9892,0.9428
0.6,-1.233,0.9896,0.9376
0.6333,-1.233,0.9899,0.9349
0.6667,-1.233,0.9903,0.9342
0.7,-1.233,0.9906,0.9351
0.7333,-1.233,0.9909,0.937
0.7667,-1.233,0.9912,0.9397
0.8,-1.233,0.9915,0.9427
0.8333,-1.233,0.9918,0.9459
0.8667,-1.233,0.992,0.9492
0.9,-1.233,0.9923,0.9523
0.9333,-1.233,0.9925,0.9553
0.9667,-1.233,0.9928,0.9582
1,-1.233,0.993,0.9609
1.033,-1.233,0.9932,0.9634
1.067,-1.233,0.9934,0.9657
1.1,-1.233,0.9937,0.9678
1.133,-1.233,0.9938,0.9698
1.167,-1.233,0.994,0.9717
1.2,-1.233,0.9942,0.9734
1.233,-1.233,0.9944,0.9749
1.267,-1.233,0.9946,0.9764
1.3,-1.233,0.9947,0.9778
1.333,-1.233,0.9949,0.979
1.367,-1.233,0.995,0.9802
1.4,-1.233,0.9952,0.9812
1.433,-1.233,0.9953,0.9822
1.467,-1.233,0.9954,0.9832
1.5,-1.233,0.9956,0.984
1.533,-1.233,0.9957,0.9848
1.567,-1.233,0.9958,0.9856
1.6,-1.233,0.9959,0.9862
1.633,-1.233,0.996,0.9869
1.667,-1.233,0.9962,0.9875
1.7,-1.233,0.9963,0.9881
1.733,-1.233,0.9964,0.9886
1.767,-1.233,0.9965,0.9891
1.8,-1.233,0.9965,0.9895
1.833,-1.233,0.9966,0.99
1.867,-1.233,0.9967,0.9904
1.9,-1.233,0.9968,0.9908
1.933,-1.233,0.9969,0.9911
1.967,-1.233,0.997,0.9915
2,-1.233,0.997,0.9918
2.033,-1.233,0.9971,0.9921
2.067,-1.233,0.9972,0.9923
2.1,-1.233,0.9973,0.9926
2.133,-1.233,0.9973,0.9929
2.167,-1.233,0.9974,0.9931
2.2,-1.233,0.9974,0.9933
2.233,-1.233,0.9975,0.9935
2.267,-1.233,0.9976,0.9937
2.3,-1.233,0.9976,0.9939
2.333,-1.233,0.9977,0.9941
2.367,-1.233,0.9977,0.9943
2.4,-1.233,0.9978,0.9944
2.433,-1.233,0.9978,0.9946
2.467,-1.233,0.9979,0.9947
2.5,-1.233,0.9979,0.9949
-2.5,-1.2,0.661,0.09714
-2.467,-1.2,0.6699,0.1049
-2.433,-1.2,0.6788,0.1133
-2.4,-1.2,0.6876,0.1225
-2.367,-1.2,0.6962,0.1324
-2.333,-1.2,0.7048,0.1432
-2.3,-1.2,0.7132,0.155
-2.267,-1.2,0.7215,0.1676
-2.233,-1.2,0.7297,0.1813
-2.2,-1.2,0.7378,0.1961
-2.167,-1.2,0.7457,0.2119
-2.133,-1.2,0.7535,0.2289
-2.1,-1.2,0.7611,0.2471
-2.067,-1.2,0.7686,0.2665
-2.033,-1.2,0.7759,0.2872
-2,-1.2,0.7831,0.309
-1.967,-1.2,0.7901,0.332
-1.933,-1.2,0.797,0.356
-1.9,-1.2,0.8037,0.3812
-1.867,-1.2,0.8103,0.4073
-1.833,-1.2,0.8167,0.4342
-1.8,-1.2,0.8229,0.4617
-1.767,-1.2,0.829,0.4898
-1.733,-1.2,0.8349,0.5183
-1.7,-1.2,0.8407,0.5469
-1.667,-1.2,0.8463,0.5754
-1.633,-1.2,0.8517,0.6037
-1.6,-1.2,0.857,0.6315
-1.567,-1.2,0.8621,0.6587
-1.533,-1.2,0.8671,0.6851
-1.5,-1.2,0.8719,0.7105
-1.467,-1.2,0.8766,0.7348
-1.433,-1.2,0.8812,0.758
-1.4,-1.2,0.8855,0.7798
-1.367,-1.2,0.8898,0.8003
-1.333,-1.2,0.8939,0.8194
-1.3,-1.2,0.8979,0.8372
-1.267,-1.2,0.9017,0.8536
-1.233,-1.2,0.9054,0.8687
-1.2,-1.2,0.909,0.8824
-1.167,-1.2,0.9125,0.895
-1.133,-1.2,0.9158,0.9064
-1.1,-1.2,0.919,0.9167
-1.067,-1.2,0.9221,0.926
-1.033,-1.2,0.9251,0.9343
-1,-1.2,0.928,0.9417
-0.9667,-1.2,0.9308,0.9484
-0.9333,-1.2,0.9334,0.9544
-0.9,-1.2,0.936,0.9597
-0.8667,-1.2,0.9385,0.9644
-0.8333,-1.2,0.9409,0.9685
-0.8,-1.2,0.9432,0.9722
-0.7667,-1.2,0.9454,0.9755
-0.7333,-1.2,0.9475,0.9784
-0.7,-1.2,0.9495,0.9809
-0.6667,-1.2,0.9515,0.9832
-0.6333,-1.2,0.9534,0.9852
-0.6,-1.2,0.9552,0.9869
-0.5667,-1.2,0.9569,0.9884
-0.5333,-1.2,0.9586,0.9898
-0.5,-1.2,0.9602,0.991
-0.4667,-1.2,0.9617,0.992
-0.4333,-1.2,0.9632,0.993
-0.4,-1.2,0.9646,0.9938
-0.3667,-1.2,0.966,0.9945
-0.3333,-1.2,0.9673,0.9951
-0.3,-1.2,0.9686,0.9957
-0.2667,-1.2,0.9698,0.9961
-0.2333,-1.2,0.9709,0.9966
-0.2,-1.2,0.972,0.9969
-0.1667,-1.2,0.9731,0.9973
-0.1333,-1.2,0.9741,0.9975
-0.1,-1.2,0.9751,0.9978
-0.06667,-1.2,0.976,0.998
-0.03333,-1.2,0.9769,0.9981
0,-1.2,0.9778,0.9983
0.03333,-1.2,0.9786,0.9984
0.06667,-1.2,0.9794,0.9984
0.1,-1.2,0.9802,0.9984
0.1333,-1.2,0.9809,0.9984
0.1667,-1.2,0.9816,0.9982
0.2,-1.2,0.9823,0.998
0.2333,-1.2,0.9829,0.9974
0.2667,-1.2,0.9836,0.9966
0.3,-1.2,0.9841,0.9951
0.3333,-1.2,0.9847,0.9925
0.3667,-1.2,0.9853,0.9884
0.4,-1.2,0.9858,0.9821
0.4333,-1.2,0.9863,0.9735
0.4667,-1.2,0.9868,0.9632
0.5,-1.2,0.9872,0.9526
0.5333,-1.2,0.9877,0.943
0.5667,-1.2,0.9881,0.9356
0.6,-1.2,0.9885,0.9309
0.6333,-1.2,0.9889,0.9287
0.6667,-1.2,0.9893,0.9286
0.7,-1.2,0.9897,0.93
0.7333,-1.2,0.99,0.9325
0.7667,-1.2,0.9904,0.9356
0.8,-1.2,0.9907,0.9391
0.8333,-1.2,0.991,0.9426
0.8667,-1.2,0.9913,0.9461
0.9,-1.2,0.9916,0.9496
0.9333,-1.2,0.9919,0.9528
0.9667,-1.2,0.9921,0.9559
1,-1.2,0.9924,0.9588
1.033,-1.2,0.9926,0.9614
1.067,-1.2,0.9929,0.9639
1.1,-1.2,0.9931,0.9662
1.133,-1.2,0.9933,0.9683
1.167,-1.2,0.9935,0.9703
1.2,-1.2,0.9937,0.9721
1.233,-1.2,0.9939,0.9738
1.267,-1.2,0.9941,0.9753
1.3,-1.2,0.9943,0.9767
1.333,-1.2,0.9944,0.9781
1.367,-1.2,0.9946,0.9793
1.4,-1.2,0.9948,0.9804
1.433,-1.2,0.9949,0.9815
1.467,-1.2,0.9951,0.9825
1.5,-1.2,0.9952,0.9834
1.533,-1.2,0.9953,0.9842
1.567,-1.2,0.9955,0.985
1.6,-1.2,0.9956,0.9857
1.633,-1.2,0.9957,0.9864
1.667,-1.2,0.9959,0.987
1.7,-1.2,0.996,0.9876
1.733,-1.2,0.9961,0.9882
1.767,-1.2,0.9962,0.9887
1.8,-1.2,0.9963,0.9892
1.833,-1.2,0.9964,0.9896
1.867,-1.2,0.9965,0.9901
1.9,-1.2,0.9966,0.9905
1.933,-1.2,0.9967,0.9908
1.967,-1.2,0.9967,0.9912
2,-1.2,0.9968,0.9915
2.033,-1.2,0.9969,0.9918
2.067,-1.2,0.997,0.9921
2.1,-1.2,0.9971,0.9924
2.133,-1.2,0.9971,0.9927
2.167,-1.2,0.9972,0.9929
2.2,-1.2,0.9973,0.9931
2.233,-1.2,0.9973,0.9934
2.267,-1.2,0.9974,0.9936
2.3,-1.2,0.9975,0.9938
2.333,-1.2,0.9975,0.994
2.367,-1.2,0.9976,0.9941
2.4,-1.2,0.9976,0.9943
2.433,-1.2,0.9977,0.9945
2.467,-1.2,0.9977,0.9946
2.5,-1.2,0.9978,0.9947
-2.5,-1.167,0.6362,0.09171
-2.467,-1.167,0.6454,0.09898
-2.433,-1.167,0.6545,0.1069
-2.4,-1.167,0.6635,0.1155
-2.367,-1.167,0.6724,0.1249
-2.333,-1.167,0.6813,0.135
-2.3,-1.167,0.69,0.146
-2.267,-1.167,0.6986,0.158
-2.233,-1.167,0.7072,0.1709
-2.2,-1.167,0.7156,0.1848
-2.167,-1.167,0.7238,0.1998
-2.133,-1.167,0.732,0.216
-2.1,-1.167,0.74,0.2333
-2.067,-1.167,0.7479,0.2518
-2.033,-1.167,0.7556,0.2715
-2,-1.167,0.7632,0.2924
-1.967,-1.167,0.7706,0.3145
-1.933,-1.167,0.7779,0.3377
-1.9,-1.167,0.7851,0.3621
-1.867,-1.167,0.7921,0.3875
-1.833,-1.167,0.7989,0.4138
-1.8,-1.167,0.8056,0.4408
-1.767,-1.167,0.8121,0.4686
-1.733,-1.167,0.8184,0.4968
-1.7,-1.167,0.8246,0.5253
-1.667,-1.167,0.8307,0.5538
-1.633,-1.167,0.8365,0.5823
-1.6,-1.167,0.8422,0.6105
-1.567,-1.167,0.8478,0.6382
-1.533,-1.167,0.8532,0.6652
-1.5,-1.167,0.8584,0.6914
-1.467,-1.167,0.8635,0.7166
-1.433,-1.167,0.8685,0.7406
-1.4,-1.167,0.8733,0.7634
-1.367,-1.167,0.8779,0.7849
-1.333,-1.167,0.8824,0.8051
-1.3,-1.167,0.8867,0.8239
-1.267,-1.167,0.891,0.8413
-1.233,-1.167,0.895,0.8574
-1.2,-1.167,0.899,0.8722
-1.167,-1.167,0.9028,0.8856
-1.133,-1.167,0.9064,0.8979
-1.1,-1.167,0.91,0.909
-1.067,-1.167,0.9134,0.919
-1.033,-1.167,0.9167,0.9281
-1,-1.167,0.9199,0.9362
-0.9667,-1.167,0.923,0.9434
-0.9333,-1.167,0.9259,0.9499
-0.9,-1.167,0.9288,0.9557
-0.8667,-1.167,0.9315,0.9609
-0.8333,-1.167,0.9342,0.9654
-0.8,-1.167,0.9367,0.9695
-0.7667,-1.167,0.9392,0.9731
-0.7333,-1.167,0.9415,0.9762
-0.7,-1.167,0.9438,0.979
-0.6667,-1.167,0.946,0.9815
-0.6333,-1.167,0.9481,0.9837
-0.6,-1.167,0.9501,0.9856
-0.5667,-1.167,0.952,0.9873
-0.5333,-1.167,0.9539,0.9888
-0.5,-1.167,0.9557,0.9901
-0.4667,-1.167,0.9574,0.9913
-0.4333,-1.167,0.959,0.9923
-0.4,-1.167,0.9606,0.9932
-0.3667,-1.167,0.9622,0.9939
-0.3333,-1.167,0.9636,0.9946
-0.3,-1.167,0.965,0.9952
-0.2667,-1.167,0.9664,0.9958
-0.2333,-1.167,0.9677,0.9962
-0.2,-1.167,0.9689,0.9966
-0.1667,-1.167,0.9701,0.997
-0.1333,-1.167,0.9712,0.9973
-0.1,-1.167,0.9723,0.9976
-0.06667,-1.167,0.9734,0.9978
-0.03333,-1.167,0.9744,0.998
0,-1.167,0.9753,0.9981
0.03333,-1.167,0.9763,0.9982
0.06667,-1.167,0.9772,0.9982
0.1,-1.167,0.978,0.9982
0.1333,-1.167,0.9788,0.9982
0.1667,-1.167,0.9796,0.998
0.2,-1.167,0.9804,0.9976
0.2333,-1.167,0.9811,0.9969
0.2667,-1.167,0.9818,0.9958
0.3,-1.167,0.9825,0.9938
0.3333,-1.167,0.9831,0.9906
0.3667,-1.167,0.9837,0.9854
0.4,-1.167,0.9843,0.9777
0.4333,-1.167,0.9849,0.9677
0.4667,-1.167,0.9854,0.9562
0.5,-1.167,0.9859,0.9448
0.5333,-1.167,0.9864,0.935
0.5667,-1.167,0.9869,0.9279
0.6,-1.167,0.9874,0.9237
0.6333,-1.167,0.9878,0.9222
0.6667,-1.167,0.9882,0.9227
0.7,-1.167,0.9886,0.9247
0.7333,-1.167,0.989,0.9277
0.7667,-1.167,0.9894,0.9313
0.8,-1.167,0.9898,0.9351
0.8333,-1.167,0.9901,0.9391
0.8667,-1.167,0.9905,0.9429
0.9,-1.167,0.9908,0.9466
0.9333,-1.167,0.9911,0.9501
0.9667,-1.167,0.9914,0.9534
1,-1.167,0.9917,0.9565
1.033,-1.167,0.9919,0.9594
1.067,-1.167,0.9922,0.962
1.1,-1.167,0.9924,0.9644
1.133,-1.167,0.9927,0.9667
1.167,-1.167,0.9929,0.9688
1.2,-1.167,0.9931,0.9707
1.233,-1.167,0.9934,0.9725
1.267,-1.167,0.9936,0.9741
1.3,-1.167,0.9938,0.9757
1.333,-1.167,0.994,0.9771
1.367,-1.167,0.9941,0.9784
1.4,-1.167,0.9943,0.9796
1.433,-1.167,0.9945,0.9807
1.467,-1.167,0.9946,0.9817
1.5,-1.167,0.9948,0.9827
1.533,-1.167,0.995,0.9836
1.567,-1.167,0.9951,0.9844
1.6,-1.167,0.9952,0.9852
1.633,-1.167,0.9954,0.9859
1.667,-1.167,0.9955,0.9866
1.7,-1.167,0.9956,0.9872
1.733,-1.167,0.9958,0.9878
1.767,-1.167,0.9959,0.9883
1.8,-1.167,0.996,0.9888
1.833,-1.167,0.9961,0.9893
1.867,-1.167,0.9962,0.9898
1.9,-1.167,0.9963,0.9902
1.933,-1.167,0.9964,0.9906
1.967,-1.167,0.9965,0.9909
2,-1.167,0.9966,0.9913
2.033,-1.167,0.9967,0.9916
2.067,-1.167,0.9968,0.9919
2.1,-1.167,0.9969,0.9922
2.133,-1.167,0.9969,0.9925
2.167,-1.167,0.997,0.9927
2.2,-1.167,0.9971,0.993
2.233,-1.167,0.9972,0.9932
2.267,-1.167,0.9972,0.9934
2.3,-1.167,0.9973,0.9936
2.333,-1.167,0.9974,0.9938
2.367,-1.167,0.9974,0.994
2.4,-1.167,0.9975,0.9942
2.433,-1.167,0.9975,0.9943
2.467,-1.167,0.9976,0.9945
2.5,-1.167,0.9977,0.9946
-2.5,-1.133,0.611,0.08661
-2.467,-1.133,0.6203,0.09343
-2.433,-1.133,0.6296,0.1009
-2.4,-1.133,0.6388,0.1089
-2.367,-1.133,0.6479,0.1177
-2.333,-1.133,0.657,0.1273
-2.3,-1.133,0.666,0.1376
-2.267,-1.133,0.6749,0.1489
-2.233,-1.133,0.6837,0.161
-2.2,-1.133,0.6924,0.1742
-2.167,-1.133,0.701,0.1884
-2.133,-1.133,0.7095,0.2037
-2.1,-1.133,0.7179,0.2201
-2.067,-1.133,0.7261,0.2377
-2.033,-1.133,0.7342,0.2565
-2,-1.133,0.7422,0.2765
-1.967,-1.133,0.7501,0.2977
-1.933,-1.133,0.7577,0.3201
-1.9,-1.133,0.7653,0.3436
-1.867,-1.133,0.7727,0.3682
-1.833,-1.133,0.78,0.3938
-1.8,-1.133,0.787,0.4203
-1.767,-1.133,0.794,0.4476
-1.733,-1.133,0.8008,0.4754
-1.7,-1.133,0.8074,0.5037
-1.667,-1.133,0.8139,0.5323
-1.633,-1.133,0.8202,0.5608
-1.6,-1.133,0.8263,0.5893
-1.567,-1.133,0.8323,0.6174
-1.533,-1.133,0.8381,0.6449
-1.5,-1.133,0.8438,0.6717
-1.467,-1.133,0.8493,0.6977
-1.433,-1.133,0.8547,0.7226
-1.4,-1.133,0.8599,0.7463
-1.367,-1.133,0.8649,0.7688
-1.333,-1.133,0.8698,0.79
-1.3,-1.133,0.8746,0.8098
-1.267,-1.133,0.8792,0.8283
-1.233,-1.133,0.8836,0.8454
-1.2,-1.133,0.8879,0.8611
-1.167,-1.133,0.8921,0.8756
-1.133,-1.133,0.8961,0.8887
-1.1,-1.133,0.9,0.9007
-1.067,-1.133,0.9038,0.9116
-1.033,-1.133,0.9074,0.9213
-1,-1.133,0.911,0.9301
-0.9667,-1.133,0.9143,0.938
-0.9333,-1.133,0.9176,0.9451
-0.9,-1.133,0.9208,0.9514
-0.8667,-1.133,0.9238,0.957
-0.8333,-1.133,0.9267,0.962
-0.8,-1.133,0.9296,0.9665
-0.7667,-1.133,0.9323,0.9704
-0.7333,-1.133,0.9349,0.9739
-0.7,-1.133,0.9374,0.9769
-0.6667,-1.133,0.9398,0.9797
-0.6333,-1.133,0.9422,0.9821
-0.6,-1.133,0.9444,0.9842
-0.5667,-1.133,0.9466,0.986
-0.5333,-1.133,0.9486,0.9877
-0.5,-1.133,0.9506,0.9891
-0.4667,-1.133,0.9526,0.9904
-0.4333,-1.133,0.9544,0.9915
-0.4,-1.133,0.9562,0.9925
-0.3667,-1.133,0.9579,0.9934
-0.3333,-1.133,0.9595,0.9941
-0.3,-1.133,0.9611,0.9948
-0.2667,-1.133,0.9626,0.9954
-0.2333,-1.133,0.964,0.9959
-0.2,-1.133,0.9654,0.9963
-0.1667,-1.133,0.9667,0.9967
-0.1333,-1.133,0.968,0.997
-0.1,-1.133,0.9692,0.9973
-0.06667,-1.133,0.9704,0.9976
-0.03333,-1.133,0.9715,0.9977
0,-1.133,0.9726,0.9979
0.03333,-1.133,0.9737,0.998
0.06667,-1.133,0.9747,0.998
0.1,-1.133,0.9756,0.998
0.1333,-1.133,0.9765,0.9979
0.1667,-1.133,0.9774,0.9976
0.2,-1.133,0.9783,0.9971
0.2333,-1.133,0.9791,0.9963
0.2667,-1.133,0.9798,0.9948
0.3,-1.133,0.9806,0.9923
0.3333,-1.133,0.9813,0.9881
0.3667,-1.133,0.982,0.9816
0.4,-1.133,0.9827,0.9724
0.4333,-1.133,0.9833,0.9608
0.4667,-1.133,0.9839,0.9481
0.5,-1.133,0.9845,0.9361
0.5333,-1.133,0.985,0.9263
0.5667,-1.133,0.9856,0.9196
0.6,-1.133,0.9861,0.916
0.6333,-1.133,0.9866,0.9152
0.6667,-1.133,0.987,0.9164
0.7,-1.133,0.9875,0.9191
0.7333,-1.133,0.9879,0.9226
0.7667,-1.133,0.9884,0.9267
0.8,-1.133,0.9888,0.931
0.8333,-1.133,0.9891,0.9353
0.8667,-1.133,0.9895,0.9395
0.9,-1.133,0.9899,0.9435
0.9333,-1.133,0.9902,0.9473
0.9667,-1.133,0.9905,0.9508
1,-1.133,0.9909,0.9541
1.033,-1.133,0.9912,0.9571
1.067,-1.133,0.9915,0.96
1.1,-1.133,0.9917,0.9626
1.133,-1.133,0.992,0.965
1.167,-1.133,0.9923,0.9672
1.2,-1.133,0.9925,0.9693
1.233,-1.133,0.9927,0.9712
1.267,-1.133,0.993,0.9729
1.3,-1.133,0.9932,0.9745
1.333,-1.133,0.9934,0.976
1.367,-1.133,0.9936,0.9774
1.4,-1.133,0.9938,0.9787
1.433,-1.133,0.994,0.9799
1.467,-1.133,0.9942,0.981
1.5,-1.133,0.9944,0.982
1.533,-1.133,0.9945,0.9829
1.567,-1.133,0.9947,0.9838
1.6,-1.133,0.9949,0.9846
1.633,-1.133,0.995,0.9854
1.667,-1.133,0.9951,0.9861
1.7,-1.133,0.9953,0.9867
1.733,-1.133,0.9954,0.9873
1.767,-1.133,0.9956,0.9879
1.8,-1.133,0.9957,0.9884
1.833,-1.133,0.9958,0.989
1.867,-1.133,0.9959,0.9894
1.9,-1.133,0.996,0.9899
1.933,-1.133,0.9961,0.9903
1.967,-1.133,0.9962,0.9907
2,-1.133,0.9963,0.991
2.033,-1.133,0.9964,0.9914
2.067,-1.133,0.9965,0.9917
2.1,-1.133,0.9966,0.992
2.133,-1.133,0.9967,0.9923
2.167,-1.133,0.9968,0.9925
2.2,-1.133,0.9969,0.9928
2.233,-1.133,0.997,0.993
2.267,-1.133,0.997,0.9933
2.3,-1.133,0.9971,0.9935
2.333,-1.133,0.9972,0.9937
2.367,-1.133,0.9972,0.9939
2.4,-1.133,0.9973,0.994
2.433,-1.133,0.9974,0.9942
2.467,-1.133,0.9974,0.9944
2.5,-1.133,0.9975,0.9945
-2.5,-1.1,0.5854,0.08183
-2.467,-1.1,0.5948,0.08823
-2.433,-1.1,0.6042,0.09519
-2.4,-1.1,0.6136,0.1028
-2.367,-1.1,0.6229,0.111
-2.333,-1.1,0.6322,0.12
-2.3,-1.1,0.6414,0.1297
-2.267,-1.1,0.6505,0.1403
-2.233,-1.1,0.6595,0.1517
-2.2,-1.1,0.6685,0.1642
-2.167,-1.1,0.6774,0.1776
-2.133,-1.1,0.6862,0.192
-2.1,-1.1,0.6949,0.2076
-2.067,-1.1,0.7034,0.2243
-2.033,-1.1,0.7119,0.2422
-2,-1.1,0.7202,0.2613
-1.967,-1.1,0.7284,0.2816
-1.933,-1.1,0.7365,0.3031
-1.9,-1.1,0.7444,0.3257
-1.867,-1.1,0.7522,0.3495
-1.833,-1.1,0.7599,0.3744
-1.8,-1.1,0.7674,0.4002
-1.767,-1.1,0.7747,0.4269
-1.733,-1.1,0.782,0.4543
-1.7,-1.1,0.789,0.4823
-1.667,-1.1,0.7959,0.5107
-1.633,-1.1,0.8026,0.5392
-1.6,-1.1,0.8092,0.5678
-1.567,-1.1,0.8157,0.5962
-1.533,-1.1,0.8219,0.6242
-1.5,-1.1,0.828,0.6515
-1.467,-1.1,0.834,0.6782
-1.433,-1.1,0.8397,0.7038
-1.4,-1.1,0.8454,0.7285
-1.367,-1.1,0.8508,0.7519
-1.333,-1.1,0.8562,0.7741
-1.3,-1.1,0.8613,0.795
-1.267,-1.1,0.8663,0.8145
-1.233,-1.1,0.8712,0.8326
-1.2,-1.1,0.8759,0.8494
-1.167,-1.1,0.8804,0.8648
-1.133,-1.1,0.8848,0.8789
-1.1,-1.1,0.8891,0.8918
-1.067,-1.1,0.8933,0.9035
-1.033,-1.1,0.8972,0.914
-1,-1.1,0.9011,0.9236
-0.9667,-1.1,0.9048,0.9322
-0.9333,-1.1,0.9084,0.9398
-0.9,-1.1,0.9119,0.9467
-0.8667,-1.1,0.9153,0.9528
-0.8333,-1.1,0.9185,0.9583
-0.8,-1.1,0.9216,0.9632
-0.7667,-1.1,0.9246,0.9675
-0.7333,-1.1,0.9275,0.9713
-0.7,-1.1,0.9303,0.9747
-0.6667,-1.1,0.933,0.9776
-0.6333,-1.1,0.9356,0.9803
-0.6,-1.1,0.9381,0.9826
-0.5667,-1.1,0.9405,0.9846
-0.5333,-1.1,0.9428,0.9865
-0.5,-1.1,0.945,0.988
-0.4667,-1.1,0.9472,0.9894
-0.4333,-1.1,0.9492,0.9907
-0.4,-1.1,0.9512,0.9918
-0.3667,-1.1,0.9531,0.9927
-0.3333,-1.1,0.9549,0.9935
-0.3,-1.1,0.9566,0.9943
-0.2667,-1.1,0.9583,0.9949
-0.2333,-1.1,0.9599,0.9955
-0.2,-1.1,0.9615,0.996
-0.1667,-1.1,0.963,0.9964
-0.1333,-1.1,0.9644,0.9967
-0.1,-1.1,0.9658,0.9971
-0.06667,-1.1,0.9671,0.9973
-0.03333,-1.1,0.9684,0.9975
0,-1.1,0.9696,0.9977
0.03333,-1.1,0.9707,0.9978
0.06667,-1.1,0.9718,0.9978
0.1,-1.1,0.9729,0.9977
0.1333,-1.1,0.9739,0.9976
0.1667,-1.1,0.9749,0.9972
0.2,-1.1,0.9759,0.9966
0.2333,-1.1,0.9768,0.9955
0.2667,-1.1,0.9777,0.9935
0.3,-1.1,0.9785,0.9903
0.3333,-1.1,0.9793,0.985
0.3667,-1.1,0.9801,0.977
0.4,-1.1,0.9808,0.966
0.4333,-1.1,0.9815,0.9527
0.4667,-1.1,0.9822,0.9389
0.5,-1.1,0.9828,0.9264
0.5333,-1.1,0.9835,0.9168
0.5667,-1.1,0.9841,0.9107
0.6,-1.1,0.9846,0.9079
0.6333,-1.1,0.9852,0.9078
0.6667,-1.1,0.9857,0.9098
0.7,-1.1,0.9862,0.9131
0.7333,-1.1,0.9867,0.9172
0.7667,-1.1,0.9872,0.9218
0.8,-1.1,0.9876,0.9266
0.8333,-1.1,0.9881,0.9313
0.8667,-1.1,0.9885,0.9358
0.9,-1.1,0.9889,0.9401
0.9333,-1.1,0.9893,0.9442
0.9667,-1.1,0.9896,0.948
1,-1.1,0.99,0.9515
1.033,-1.1,0.9903,0.9548
1.067,-1.1,0.9906,0.9578
1.1,-1.1,0.9909,0.9606
1.133,-1.1,0.9912,0.9632
1.167,-1.1,0.9915,0.9655
1.2,-1.1,0.9918,0.9677
1.233,-1.1,0.9921,0.9697
1.267,-1.1,0.9923,0.9716
1.3,-1.1,0.9926,0.9733
1.333,-1.1,0.9928,0.9749
1.367,-1.1,0.993,0.9764
1.4,-1.1,0.9933,0.9777
1.433,-1.1,0.9935,0.979
1.467,-1.1,0.9937,0.9801
1.5,-1.1,0.9939,0.9812
1.533,-1.1,0.9941,0.9822
1.567,-1.1,0.9942,0.9831
1.6,-1.1,0.9944,0.984
1.633,-1.1,0.9946,0.9848
1.667,-1.1,0.9947,0.9855
1.7,-1.1,0.9949,0.9862
1.733,-1.1,0.995,0.9869
1.767,-1.1,0.9952,0.9875
1.8,-1.1,0.9953,0.988
1.833,-1.1,0.9955,0.9886
1.867,-1.1,0.9956,0.9891
1.9,-1.1,0.9957,0.9895
1.933,-1.1,0.9958,0.99
1.967,-1.1,0.9959,0.9904
2,-1.1,0.9961,0.9908
2.033,-1.1,0.9962,0.9911
2.067,-1.1,0.9963,0.9914
2.1,-1.1,0.9964,0.9918
2.133,-1.1,0.9965,0.9921
2.167,-1.1,0.9966,0.9923
2.2,-1.1,0.9966,0.9926
2.233,-1.1,0.9967,0.9929
2.267,-1.1,0.9968,0.9931
2.3,-1.1,0.9969,0.9933
2.333,-1.1,0.997,0.9935
2.367,-1.1,0.9971,0.9937
2.4,-1.1,0.9971,0.9939
2.433,-1.1,0.9972,0.9941
2.467,-1.1,0.9973,0.9943
2.5,-1.1,0.9973,0.9944
-2.5,-1.067,0.5597,0.07735
-2.467,-1.067,0.5691,0.08335
-2.433,-1.067,0.5786,0.08988
-2.4,-1.067,0.588,0.09699
-2.367,-1.067,0.5975,0.1047
-2.333,-1.067,0.6069,0.1131
-2.3,-1.067,0.6162,0.1223
-2.267,-1.067,0.6255,0.1322
-2.233,-1.067,0.6347,0.143
-2.2,-1.067,0.6439,0.1547
-2.167,-1.067,0.653,0.1673
-2.133,-1.067,0.6621,0.181
-2.1,-1.067,0.671,0.1957
-2.067,-1.067,0.6799,0.2116
-2.033,-1.067,0.6886,0.2286
-2,-1.067,0.6973,0.2467
-1.967,-1.067,0.7058,0.2661
-1.933,-1.067,0.7142,0.2867
-1.9,-1.067,0.7225,0.3085
-1.867,-1.067,0.7307,0.3314
-1.833,-1.067,0.7387,0.3555
-1.8,-1.067,0.7466,0.3806
-1.767,-1.067,0.7544,0.4067
-1.733,-1.067,0.762,0.4336
-1.7,-1.067,0.7695,0.4611
-1.667,-1.067,0.7768,0.4892
-1.633,-1.067,0.7839,0.5177
-1.6,-1.067,0.791,0.5462
-1.567,-1.067,0.7978,0.5748
-1.533,-1.067,0.8045,0.6031
-1.5,-1.067,0.811,0.6309
-1.467,-1.067,0.8174,0.6581
-1.433,-1.067,0.8236,0.6845
-1.4,-1.067,0.8297,0.71
-1.367,-1.067,0.8356,0.7343
-1.333,-1.067,0.8413,0.7575
-1.3,-1.067,0.8469,0.7793
-1.267,-1.067,0.8523,0.7999
-1.233,-1.067,0.8576,0.819
-1.2,-1.067,0.8627,0.8368
-1.167,-1.067,0.8677,0.8533
-1.133,-1.067,0.8725,0.8684
-1.1,-1.067,0.8772,0.8822
-1.067,-1.067,0.8817,0.8947
-1.033,-1.067,0.8861,0.9061
-1,-1.067,0.8903,0.9165
-0.9667,-1.067,0.8944,0.9258
-0.9333,-1.067,0.8983,0.9341
-0.9,-1.067,0.9022,0.9416
-0.8667,-1.067,0.9059,0.9483
-0.8333,-1.067,0.9094,0.9542
-0.8,-1.067,0.9129,0.9595
-0.7667,-1.067,0.9162,0.9643
-0.7333,-1.067,0.9194,0.9684
-0.7,-1.067,0.9225,0.9721
-0.6667,-1.067,0.9255,0.9754
-0.6333,-1.067,0.9283,0.9783
-0.6,-1.067,0.9311,0.9809
-0.5667,-1.067,0.9338,0.9831
-0.5333,-1.067,0.9363,0.9851
-0.5,-1.067,0.9388,0.9869
-0.4667,-1.067,0.9412,0.9884
-0.4333,-1.067,0.9434,0.9898
-0.4,-1.067,0.9456,0.9909
-0.3667,-1.067,0.9477,0.992
-0.3333,-1.067,0.9498,0.9929
-0.3,-1.067,0.9517,0.9937
-0.2667,-1.067,0.9536,0.9944
-0.2333,-1.067,0.9554,0.995
-0.2,-1.067,0.9571,0.9956
-0.1667,-1.067,0.9588,0.996
-0.1333,-1.067,0.9604,0.9964
-0.1,-1.067,0.9619,0.9968
-0.06667,-1.067,0.9634,0.997
-0.03333,-1.067,0.9648,0.9973
0,-1.067,0.9661,0.9974
0.03333,-1.067,0.9674,0.9975
0.06667,-1.067,0.9687,0.9975
0.1,-1.067,0.9699,0.9974
0.1333,-1.067,0.971,0.9972
0.1667,-1.067,0.9721,0.9967
0.2,-1.067,0.9732,0.9959
0.2333,-1.067,0.9742,0.9944
0.2667,-1.067,0.9752,0.9919
0.3,-1.067,0.9761,0.9877
0.3333,-1.067,0.977,0.9811
0.3667,-1.067,0.9779,0.9712
0.4,-1.067,0.9787,0.9583
0.4333,-1.067,0.9795,0.9434
0.4667,-1.067,0.9803,0.9286
0.5,-1.067,0.981,0.9159
0.5333,-1.067,0.9817,0.9066
0.5667,-1.067,0.9824,0.9012
0.6,-1.067,0.983,0.8992
0.6333,-1.067,0.9836,0.9
0.6667,-1.067,0.9842,0.9027
0.7,-1.067,0.9848,0.9067
0.7333,-1.067,0.9853,0.9115
0.7667,-1.067,0.9859,0.9166
0.8,-1.067,0.9864,0.9218
0.8333,-1.067,0.9868,0.927
0.8667,-1.067,0.9873,0.9319
0.9,-1.067,0.9877,0.9366
0.9333,-1.067,0.9882,0.9409
0.9667,-1.067,0.9886,0.945
1,-1.067,0.989,0.9488
1.033,-1.067,0.9894,0.9523
1.067,-1.067,0.9897,0.9555
1.1,-1.067,0.9901,0.9585
1.133,-1.067,0.9904,0.9612
1.167,-1.067,0.9907,0.9638
1.2,-1.067,0.991,0.9661
1.233,-1.067,0.9913,0.9682
1.267,-1.067,0.9916,0.9702
1.3,-1.067,0.9919,0.972
1.333,-1.067,0.9921,0.9737
1.367,-1.067,0.9924,0.9753
1.4,-1.067,0.9926,0.9767
1.433,-1.067,0.9929,0.978
1.467,-1.067,0.9931,0.9793
1.5,-1.067,0.9933,0.9804
1.533,-1.067,0.9935,0.9815
1.567,-1.067,0.9937,0.9824
1.6,-1.067,0.9939,0.9833
1.633,-1.067,0.9941,0.9842
1.667,-1.067,0.9943,0.985
1.7,-1.067,0.9945,0.9857
1.733,-1.067,0.9946,0.9864
1.767,-1.067,0.9948,0.987
1.8,-1.067,0.9949,0.9876
1.833,-1.067,0.9951,0.9882
1.867,-1.067,0.9952,0.9887
1.9,-1.067,0.9954,0.9892
1.933,-1.067,0.9955,0.9896
1.967,-1.067,0.9956,0.9901
2,-1.067,0.9957,0.9905
2.033,-1.067,0.9959,0.9908
2.067,-1.067,0.996,0.9912
2.1,-1.067,0.9961,0.9915
2.133,-1.067,0.9962,0.9918
2.167,-1.067,0.9963,0.9921
2.2,-1.067,0.9964,0.9924
2.233,-1.067,0.9965,0.9927
2.267,-1.067,0.9966,0.9929
2.3,-1.067,0.9967,0.9931
2.333,-1.067,0.9968,0.9934
2.367,-1.067,0.9968,0.9936
2.4,-1.067,0.9969,0.9938
2.433,-1.067,0.997,0.994
2.467,-1.067,0.9971,0.9941
2.5,-1.067,0.9971,0.9943
-2.5,-1.033,0.5339,0.07314
-2.467,-1.033,0.5434,0.07877
-2.433,-1.033,0.5528,0.08489
-2.4,-1.033,0.5623,0.09156
-2.367,-1.033,0.5718,0.09882
-2.333,-1.033,0.5812,0.1067
-2.3,-1.033,0.5907,0.1153
-2.267,-1.033,0.6001,0.1246
-2.233,-1.033,0.6095,0.1348
-2.2,-1.033,0.6188,0.1458
-2.167,-1.033,0.6281,0.1577
-2.133,-1.033,0.6373,0.1706
-2.1,-1.033,0.6465,0.1845
-2.067,-1.033,0.6556,0.1995
-2.033,-1.033,0.6646,0.2156
-2,-1.033,0.6735,0.2329
-1.967,-1.033,0.6823,0.2514
-1.933,-1.033,0.6911,0.271
-1.9,-1.033,0.6997,0.2919
-1.867,-1.033,0.7082,0.314
-1.833,-1.033,0.7166,0.3372
-1.8,-1.033,0.7248,0.3616
-1.767,-1.033,0.733,0.3869
-1.733,-1.033,0.7409,0.4132
-1.7,-1.033,0.7488,0.4403
-1.667,-1.033,0.7565,0.468
-1.633,-1.033,0.7641,0.4962
-1.6,-1.033,0.7715,0.5246
-1.567,-1.033,0.7788,0.5532
-1.533,-1.033,0.7859,0.5817
-1.5,-1.033,0.7929,0.6099
-1.467,-1.033,0.7997,0.6376
-1.433,-1.033,0.8064,0.6647
-1.4,-1.033,0.8128,0.6908
-1.367,-1.033,0.8192,0.716
-1.333,-1.033,0.8254,0.7401
-1.3,-1.033,0.8314,0.7629
-1.267,-1.033,0.8372,0.7845
-1.233,-1.033,0.8429,0.8047
-1.2,-1.033,0.8485,0.8235
-1.167,-1.033,0.8538,0.841
-1.133,-1.033,0.8591,0.8571
-1.1,-1.033,0.8641,0.8718
-1.067,-1.033,0.8691,0.8853
-1.033,-1.033,0.8738,0.8976
-1,-1.033,0.8784,0.9088
-0.9667,-1.033,0.8829,0.9188
-0.9333,-1.033,0.8873,0.9279
-0.9,-1.033,0.8915,0.936
-0.8667,-1.033,0.8955,0.9433
-0.8333,-1.033,0.8994,0.9498
-0.8,-1.033,0.9032,0.9556
-0.7667,-1.033,0.9069,0.9608
-0.7333,-1.033,0.9104,0.9653
-0.7,-1.033,0.9138,0.9694
-0.6667,-1.033,0.9171,0.973
-0.6333,-1.033,0.9203,0.9762
-0.6,-1.033,0.9233,0.979
-0.5667,-1.033,0.9263,0.9814
-0.5333,-1.033,0.9291,0.9836
-0.5,-1.033,0.9319,0.9856
-0.4667,-1.033,0.9345,0.9872
-0.4333,-1.033,0.937,0.9887
-0.4,-1.033,0.9395,0.99
-0.3667,-1.033,0.9418,0.9912
-0.3333,-1.033,0.9441,0.9922
-0.3,-1.033,0.9462,0.9931
-0.2667,-1.033,0.9483,0.9939
-0.2333,-1.033,0.9503,0.9945
-0.2,-1.033,0.9523,0.9951
-0.1667,-1.033,0.9541,0.9956
-0.1333,-1.033,0.9559,0.9961
-0.1,-1.033,0.9576,0.9964
-0.06667,-1.033,0.9592,0.9967
-0.03333,-1.033,0.9608,0.997
0,-1.033,0.9623,0.9971
0.03333,-1.033,0.9638,0.9972
0.06667,-1.033,0.9652,0.9972
0.1,-1.033,0.9665,0.997
0.1333,-1.033,0.9678,0.9967
0.1667,-1.033,0.969,0.9961
0.2,-1.033,0.9702,0.995
0.2333,-1.033,0.9714,0.9931
0.2667,-1.033,0.9724,0.9899
0.3,-1.033,0.9735,0.9845
0.3333,-1.033,0.9745,0.9762
0.3667,-1.033,0.9755,0.9643
0.4,-1.033,0.9764,0.9492
0.4333,-1.033,0.9773,0.9327
0.4667,-1.033,0.9781,0.9171
0.5,-1.033,0.9789,0.9044
0.5333,-1.033,0.9797,0.8956
0.5667,-1.033,0.9805,0.891
0.6,-1.033,0.9812,0.89
0.6333,-1.033,0.9819,0.8916
0.6667,-1.033,0.9825,0.8952
0.7,-1.033,0.9832,0.9
0.7333,-1.033,0.9838,0.9054
0.7667,-1.033,0.9844,0.9111
0.8,-1.033,0.9849,0.9168
0.8333,-1.033,0.9855,0.9224
0.8667,-1.033,0.986,0.9277
0.9,-1.033,0.9865,0.9327
0.9333,-1.033,0.987,0.9374
0.9667,-1.033,0.9874,0.9418
1,-1.033,0.9879,0.9459
1.033,-1.033,0.9883,0.9496
1.067,-1.033,0.9887,0.9531
1.1,-1.033,0.9891,0.9562
1.133,-1.033,0.9895,0.9592
1.167,-1.033,0.9898,0.9619
1.2,-1.033,0.9902,0.9643
1.233,-1.033,0.9905,0.9666
1.267,-1.033,0.9908,0.9687
1.3,-1.033,0.9911,0.9707
1.333,-1.033,0.9914,0.9725
1.367,-1.033,0.9917,0.9741
1.4,-1.033,0.992,0.9756
1.433,-1.033,0.9922,0.977
1.467,-1.033,0.9925,0.9783
1.5,-1.033,0.9927,0.9795
1.533,-1.033,0.9929,0.9807
1.567,-1.033,0.9932,0.9817
1.6,-1.033,0.9934,0.9827
1.633,-1.033,0.9936,0.9836
1.667,-1.033,0.9938,0.9844
1.7,-1.033,0.994,0.9852
1.733,-1.033,0.9942,0.9859
1.767,-1.033,0.9943,0.9866
1.8,-1.033,0.9945,0.9872
1.833,-1.033,0.9947,0.9878
1.867,-1.033,0.9948,0.9883
1.9,-1.033,0.995,0.9888
1.933,-1.033,0.9951,0.9893
1.967,-1.033,0.9953,0.9897
2,-1.033,0.9954,0.9902
2.033,-1.033,0.9955,0.9906
2.067,-1.033,0.9957,0.9909
2.1,-1.033,0.9958,0.9913
2.133,-1.033,0.9959,0.9916
2.167,-1.033,0.996,0.9919
2.2,-1.033,0.9961,0.9922
2.233,-1.033,0.9962,0.9925
2.267,-1.033,0.9963,0.9927
2.3,-1.033,0.9964,0.993
2.333,-1.033,0.9965,0.9932
2.367,-1.033,0.9966,0.9934
2.4,-1.033,0.9967,0.9936
2.433,-1.033,0.9968,0.9938
2.467,-1.033,0.9969,0.994
2.5,-1.033,0.9969,0.9942
-2.5,-1,0.5083,0.0692
-2.467,-1,0.5177,0.07448
-2.433,-1,0.5271,0.08022
-2.4,-1,0.5366,0.08647
-2.367,-1,0.546,0.09328
-2.333,-1,0.5555,0.1007
-2.3,-1,0.565,0.1088
-2.267,-1,0.5744,0.1175
-2.233,-1,0.5839,0.127
-2.2,-1,0.5933,0.1374
-2.167,-1,0.6027,0.1486
-2.133,-1,0.6121,0.1608
-2.1,-1,0.6214,0.1739
-2.067,-1,0.6307,0.1881
-2.033,-1,0.6399,0.2033
-2,-1,0.649,0.2197
-1.967,-1,0.6581,0.2373
-1.933,-1,0.6671,0.2561
-1.9,-1,0.676,0.276
-1.867,-1,0.6848,0.2972
-1.833,-1,0.6935,0.3196
-1.8,-1,0.7021,0.3431
-1.767,-1,0.7105,0.3677
-1.733,-1,0.7189,0.3933
-1.7,-1,0.7271,0.4197
-1.667,-1,0.7352,0.447
-1.633,-1,0.7432,0.4748
-1.6,-1,0.751,0.5031
-1.567,-1,0.7587,0.5316
-1.533,-1,0.7662,0.5602
-1.5,-1,0.7736,0.5887
-1.467,-1,0.7808,0.6168
-1.433,-1,0.7879,0.6443
-1.4,-1,0.7948,0.6712
-1.367,-1,0.8016,0.6971
-1.333,-1,0.8082,0.722
-1.3,-1,0.8146,0.7458
-1.267,-1,0.8209,0.7683
-1.233,-1,0.8271,0.7896
-1.2,-1,0.833,0.8094
-1.167,-1,0.8388,0.8279
-1.133,-1,0.8445,0.845
-1.1,-1,0.85,0.8608
-1.067,-1,0.8553,0.8753
-1.033,-1,0.8605,0.8885
-1,-1,0.8655,0.9005
-0.9667,-1,0.8704,0.9113
-0.9333,-1,0.8751,0.9211
-0.9,-1,0.8797,0.93
-0.8667,-1,0.8842,0.9379
-0.8333,-1,0.8884,0.945
-0.8,-1,0.8926,0.9513
-0.7667,-1,0.8966,0.9569
-0.7333,-1,0.9005,0.9619
-0.7,-1,0.9043,0.9664
-0.6667,-1,0.9079,0.9703
-0.6333,-1,0.9114,0.9738
-0.6,-1,0.9147,0.9769
-0.5667,-1,0.918,0.9796
-0.5333,-1,0.9211,0.982
-0.5,-1,0.9242,0.9841
-0.4667,-1,0.9271,0.986
-0.4333,-1,0.9299,0.9876
-0.4,-1,0.9326,0.9891
-0.3667,-1,0.9352,0.9903
-0.3333,-1,0.9377,0.9914
-0.3,-1,0.9401,0.9924
-0.2667,-1,0.9424,0.9933
-0.2333,-1,0.9447,0.994
-0.2,-1,0.9468,0.9946
-0.1667,-1,0.9489,0.9952
-0.1333,-1,0.9509,0.9957
-0.1,-1,0.9528,0.9961
-0.06667,-1,0.9546,0.9964
-0.03333,-1,0.9564,0.9966
0,-1,0.9581,0.9968
0.03333,-1,0.9597,0.9968
0.06667,-1,0.9612,0.9968
0.1,-1,0.9627,0.9966
0.1333,-1,0.9642,0.9961
0.1667,-1,0.9656,0.9953
0.2,-1,0.9669,0.9939
0.2333,-1,0.9682,0.9914
0.2667,-1,0.9694,0.9872
0.3,-1,0.9705,0.9804
0.3333,-1,0.9717,0.9701
0.3667,-1,0.9727,0.9558
0.4,-1,0.9738,0.9386
0.4333,-1,0.9748,0.9206
0.4667,-1,0.9757,0.9044
0.5,-1,0.9766,0.8919
0.5333,-1,0.9775,0.8839
0.5667,-1,0.9784,0.8802
0.6,-1,0.9792,0.8802
0.6333,-1,0.9799,0.8828
0.6667,-1,0.9807,0.8873
0.7,-1,0.9814,0.8928
0.7333,-1,0.9821,0.8989
0.7667,-1,0.9827,0.9052
0.8,-1,0.9834,0.9115
0.8333,-1,0.984,0.9175
0.8667,-1,0.9845,0.9233
0.9,-1,0.9851,0.9287
0.9333,-1,0.9856,0.9337
0.9667,-1,0.9861,0.9384
1,-1,0.9866,0.9428
1.033,-1,0.9871,0.9468
1.067,-1,0.9876,0.9504
1.1,-1,0.988,0.9538
1.133,-1,0.9884,0.957
1.167,-1,0.9888,0.9598
1.2,-1,0.9892,0.9625
1.233,-1,0.9896,0.9649
1.267,-1,0.9899,0.9672
1.3,-1,0.9903,0.9692
1.333,-1,0.9906,0.9711
1.367,-1,0.9909,0.9729
1.4,-1,0.9912,0.9745
1.433,-1,0.9915,0.976
1.467,-1,0.9918,0.9774
1.5,-1,0.992,0.9786
1.533,-1,0.9923,0.9798
1.567,-1,0.9925,0.9809
1.6,-1,0.9928,0.9819
1.633,-1,0.993,0.9829
1.667,-1,0.9932,0.9838
1.7,-1,0.9934,0.9846
1.733,-1,0.9936,0.9853
1.767,-1,0.9938,0.9861
1.8,-1,0.994,0.9867
1.833,-1,0.9942,0.9873
1.867,-1,0.9944,0.9879
1.9,-1,0.9946,0.9884
1.933,-1,0.9947,0.9889
1.967,-1,0.9949,0.9894
2,-1,0.995,0.9899
2.033,-1,0.9952,0.9903
2.067,-1,0.9953,0.9907
2.1,-1,0.9954,0.991
2.133,-1,0.9956,0.9914
2.167,-1,0.9957,0.9917
2.2,-1,0.9958,0.992
2.233,-1,0.9959,0.9923
2.267,-1,0.996,0.9925
2.3,-1,0.9961,0.9928
2.333,-1,0.9963,0.993
2.367,-1,0.9964,0.9933
2.4,-1,0.9964,0.9935
2.433,-1,0.9965,0.9937
2.467,-1,0.9966,0.9939
2.5,-1,0.9967,0.994
-2.5,-0.9667,0.483,0.06551
-2.467,-0.9667,0.4923,0.07045
-2.433,-0.9667,0.5016,0.07584
-2.4,-0.9667,0.5109,0.0817
-2.367,-0.9667,0.5203,0.08808
-2.333,-0.9667,0.5298,0.09503
-2.3,-0.9667,0.5392,0.1026
-2.267,-0.9667,0.5487,0.1108
-2.233,-0.9667,0.5581,0.1198
-2.2,-0.9667,0.5676,0.1295
-2.167,-0.9667,0.5771,0.1401
-2.133,-0.9667,0.5865,0.1515
-2.1,-0.9667,0.596,0.1639
-2.067,-0.9667,0.6054,0.1773
-2.033,-0.9667,0.6147,0.1917
-2,-0.9667,0.624,0.2072
-1.967,-0.9667,0.6333,0.2239
-1.933,-0.9667,0.6425,0.2418
-1.9,-0.9667,0.6516,0.2608
-1.867,-0.9667,0.6606,0.2811
-1.833,-0.9667,0.6696,0.3026
-1.8,-0.9667,0.6785,0.3252
-1.767,-0.9667,0.6872,0.349
-1.733,-0.9667,0.6959,0.3738
-1.7,-0.9667,0.7044,0.3997
-1.667,-0.9667,0.7129,0.4263
-1.633,-0.9667,0.7212,0.4537
-1.6,-0.9667,0.7294,0.4817
-1.567,-0.9667,0.7374,0.5101
-1.533,-0.9667,0.7454,0.5386
-1.5,-0.9667,0.7532,0.5672
-1.467,-0.9667,0.7608,0.5956
-1.433,-0.9667,0.7683,0.6236
-1.4,-0.9667,0.7756,0.651
-1.367,-0.9667,0.7828,0.6776
-1.333,-0.9667,0.7898,0.7033
-1.3,-0.9667,0.7967,0.728
-1.267,-0.9667,0.8034,0.7514
-1.233,-0.9667,0.81,0.7737
-1.2,-0.9667,0.8164,0.7945
-1.167,-0.9667,0.8227,0.8141
-1.133,-0.9667,0.8287,0.8322
-1.1,-0.9667,0.8347,0.849
-1.067,-0.9667,0.8404,0.8645
-1.033,-0.9667,0.846,0.8786
-1,-0.9667,0.8515,0.8915
-0.9667,-0.9667,0.8568,0.9032
-0.9333,-0.9667,0.8619,0.9138
-0.9,-0.9667,0.8669,0.9234
-0.8667,-0.9667,0.8717,0.932
-0.8333,-0.9667,0.8764,0.9397
-0.8,-0.9667,0.881,0.9466
-0.7667,-0.9667,0.8854,0.9527
-0.7333,-0.9667,0.8896,0.9582
-0.7,-0.9667,0.8937,0.9631
-0.6667,-0.9667,0.8977,0.9674
-0.6333,-0.9667,0.9016,0.9712
-0.6,-0.9667,0.9053,0.9746
-0.5667,-0.9667,0.9089,0.9776
-0.5333,-0.9667,0.9123,0.9802
-0.5,-0.9667,0.9157,0.9825
-0.4667,-0.9667,0.9189,0.9846
-0.4333,-0.9667,0.922,0.9864
-0.4,-0.9667,0.925,0.988
-0.3667,-0.9667,0.9279,0.9894
-0.3333,-0.9667,0.9307,0.9906
-0.3,-0.9667,0.9333,0.9917
-0.2667,-0.9667,0.9359,0.9926
-0.2333,-0.9667,0.9384,0.9934
-0.2,-0.9667,0.9408,0.9941
-0.1667,-0.9667,0.9431,0.9947
-0.1333,-0.9667,0.9453,0.9952
-0.1,-0.9667,0.9474,0.9957
-0.06667,-0.9667,0.9495,0.996
-0.03333,-0.9667,0.9514,0.9962
0,-0.9667,0.9533,0.9964
0.03333,-0.9667,0.9551,0.9964
0.06667,-0.9667,0.9569,0.9963
0.1,-0.9667,0.9585,0.996
0.1333,-0.9667,0.9601,0.9954
0.1667,-0.9667,0.9617,0.9943
0.2,-0.9667,0.9632,0.9925
0.2333,-0.9667,0.9646,0.9893
0.2667,-0.9667,0.9659,0.9839
0.3,-0.9667,0.9672,0.9752
0.3333,-0.9667,0.9685,0.9625
0.3667,-0.9667,0.9697,0.9457
0.4,-0.9667,0.9709,0.9263
0.4333,-0.9667,0.972,0.907
0.4667,-0.9667,0.973,0.8905
0.5,-0.9667,0.9741,0.8784
0.5333,-0.9667,0.975,0.8714
0.5667,-0.9667,0.976,0.8688
0.6,-0.9667,0.9769,0.8699
0.6333,-0.9667,0.9778,0.8735
0.6667,-0.9667,0.9786,0.8788
0.7,-0.9667,0.9794,0.8852
0.7333,-0.9667,0.9801,0.892
0.7667,-0.9667,0.9809,0.8989
0.8,-0.9667,0.9816,0.9057
0.8333,-0.9667,0.9823,0.9123
0.8667,-0.9667,0.9829,0.9185
0.9,-0.9667,0.9835,0.9243
0.9333,-0.9667,0.9841,0.9298
0.9667,-0.9667,0.9847,0.9348
1,-0.9667,0.9852,0.9394
1.033,-0.9667,0.9858,0.9437
1.067,-0.9667,0.9863,0.9477
1.1,-0.9667,0.9868,0.9513
1.133,-0.9667,0.9872,0.9546
1.167,-0.9667,0.9877,0.9577
1.2,-0.9667,0.9881,0.9605
1.233,-0.9667,0.9885,0.9631
1.267,-0.9667,0.9889,0.9655
1.3,-0.9667,0.9893,0.9677
1.333,-0.9667,0.9897,0.9697
1.367,-0.9667,0.99,0.9716
1.4,-0.9667,0.9903,0.9733
1.433,-0.9667,0.9907,0.9749
1.467,-0.9667,0.991,0.9763
1.5,-0.9667,0.9913,0.9777
1.533,-0.9667,0.9916,0.9789
1.567,-0.9667,0.9918,0.9801
1.6,-0.9667,0.9921,0.9812
1.633,-0.9667,0.9924,0.9822
1.667,-0.9667,0.9926,0.9831
1.7,-0.9667,0.9928,0.984
1.733,-0.9667,0.9931,0.9848
1.767,-0.9667,0.9933,0.9855
1.8,-0.9667,0.9935,0.9862
1.833,-0.9667,0.9937,0.9869
1.867,-0.9667,0.9939,0.9875
1.9,-0.9667,0.9941,0.988
1.933,-0.9667,0.9943,0.9886
1.967,-0.9667,0.9944,0.9891
2,-0.9667,0.9946,0.9895
2.033,-0.9667,0.9948,0.99
2.067,-0.9667,0.9949,0.9904
2.1,-0.9667,0.9951,0.9907
2.133,-0.9667,0.9952,0.9911
2.167,-0.9667,0.9953,0.9914
2.2,-0.9667,0.9955,0.9918
2.233,-0.9667,0.9956,0.9921
2.267,-0.9667,0.9957,0.9923
2.3,-0.9667,0.9958,0.9926
2.333,-0.9667,0.996,0.9928
2.367,-0.9667,0.9961,0.9931
2.4,-0.9667,0.9962,0.9933
2.433,-0.9667,0.9963,0.9935
2.467,-0.9667,0.9964,0.9937
2.5,-0.9667,0.9965,0.9939
-2.5,-0.9333,0.4582,0.06204
-2.467,-0.9333,0.4673,0.06668
-2.433,-0.9333,0.4764,0.07173
-2.4,-0.9333,0.4856,0.07722
-2.367,-0.9333,0.4949,0.08321
-2.333,-0.9333,0.5042,0.08973
-2.3,-0.9333,0.5136,0.09683
-2.267,-0.9333,0.523,0.1045
-2.233,-0.9333,0.5324,0.113
-2.2,-0.9333,0.5419,0.1221
-2.167,-0.9333,0.5513,0.132
-2.133,-0.9333,0.5608,0.1428
-2.1,-0.9333,0.5703,0.1544
-2.067,-0.9333,0.5797,0.1671
-2.033,-0.9333,0.5892,0.1807
-2,-0.9333,0.5986,0.1954
-1.967,-0.9333,0.608,0.2112
-1.933,-0.9333,0.6173,0.2282
-1.9,-0.9333,0.6266,0.2463
-1.867,-0.9333,0.6359,0.2657
-1.833,-0.9333,0.645,0.2862
-1.8,-0.9333,0.6541,0.308
-1.767,-0.9333,0.6631,0.3309
-1.733,-0.9333,0.6721,0.355
-1.7,-0.9333,0.6809,0.3801
-1.667,-0.9333,0.6897,0.4061
-1.633,-0.9333,0.6983,0.433
-1.6,-0.9333,0.7068,0.4605
-1.567,-0.9333,0.7152,0.4886
-1.533,-0.9333,0.7235,0.517
-1.5,-0.9333,0.7317,0.5456
-1.467,-0.9333,0.7397,0.5742
-1.433,-0.9333,0.7476,0.6025
-1.4,-0.9333,0.7553,0.6303
-1.367,-0.9333,0.7629,0.6575
-1.333,-0.9333,0.7704,0.684
-1.3,-0.9333,0.7777,0.7094
-1.267,-0.9333,0.7848,0.7338
-1.233,-0.9333,0.7918,0.757
-1.2,-0.9333,0.7986,0.7789
-1.167,-0.9333,0.8053,0.7994
-1.133,-0.9333,0.8118,0.8186
-1.1,-0.9333,0.8182,0.8365
-1.067,-0.9333,0.8244,0.8529
-1.033,-0.9333,0.8304,0.868
-1,-0.9333,0.8363,0.8819
-0.9667,-0.9333,0.842,0.8945
-0.9333,-0.9333,0.8476,0.9059
-0.9,-0.9333,0.853,0.9163
-0.8667,-0.9333,0.8582,0.9256
-0.8333,-0.9333,0.8633,0.9339
-0.8,-0.9333,0.8683,0.9414
-0.7667,-0.9333,0.8731,0.9481
-0.7333,-0.9333,0.8777,0.9541
-0.7,-0.9333,0.8822,0.9594
-0.6667,-0.9333,0.8866,0.9642
-0.6333,-0.9333,0.8908,0.9683
-0.6,-0.9333,0.8949,0.9721
-0.5667,-0.9333,0.8988,0.9753
-0.5333,-0.9333,0.9026,0.9782
-0.5,-0.9333,0.9063,0.9808
-0.4667,-0.9333,0.9098,0.983
-0.4333,-0.9333,0.9133,0.985
-0.4,-0.9333,0.9166,0.9868
-0.3667,-0.9333,0.9198,0.9883
-0.3333,-0.9333,0.9228,0.9897
-0.3,-0.9333,0.9258,0.9908
-0.2667,-0.9333,0.9287,0.9919
-0.2333,-0.9333,0.9314,0.9928
-0.2,-0.9333,0.9341,0.9935
-0.1667,-0.9333,0.9366,0.9942
-0.1333,-0.9333,0.9391,0.9947
-0.1,-0.9333,0.9414,0.9952
-0.06667,-0.9333,0.9437,0.9955
-0.03333,-0.9333,0.9459,0.9958
0,-0.9333,0.948,0.9959
0.03333,-0.9333,0.95,0.996
0.06667,-0.9333,0.952,0.9958
0.1,-0.9333,0.9538,0.9954
0.1333,-0.9333,0.9556,0.9946
0.1667,-0.9333,0.9573,0.9931
0.2,-0.9333,0.959,0.9907
0.2333,-0.9333,0.9606,0.9865
0.2667,-0.9333,0.9621,0.9796
0.3,-0.9333,0.9636,0.9688
0.3333,-0.9333,0.965,0.9533
0.3667,-0.9333,0.9663,0.9337
0.4,-0.9333,0.9676,0.9122
0.4333,-0.9333,0.9688,0.8919
0.4667,-0.9333,0.97,0.8753
0.5,-0.9333,0.9712,0.864
0.5333,-0.9333,0.9723,0.858
0.5667,-0.9333,0.9733,0.8567
0.6,-0.9333,0.9743,0.8589
0.6333,-0.9333,0.9753,0.8636
0.6667,-0.9333,0.9762,0.8699
0.7,-0.9333,0.9771,0.8771
0.7333,-0.9333,0.978,0.8847
0.7667,-0.9333,0.9788,0.8923
0.8,-0.9333,0.9796,0.8997
0.8333,-0.9333,0.9804,0.9068
0.8667,-0.9333,0.9811,0.9134
0.9,-0.9333,0.9818,0.9197
0.9333,-0.9333,0.9824,0.9255
0.9667,-0.9333,0.9831,0.9309
1,-0.9333,0.9837,0.9359
1.033,-0.9333,0.9843,0.9405
1.067,-0.9333,0.9849,0.9447
1.1,-0.9333,0.9854,0.9486
1.133,-0.9333,0.9859,0.9521
1.167,-0.9333,0.9864,0.9554
1.2,-0.9333,0.9869,0.9584
1.233,-0.9333,0.9874,0.9611
1.267,-0.9333,0.9878,0.9637
1.3,-0.9333,0.9882,0.966
1.333,-0.9333,0.9886,0.9682
1.367,-0.9333,0.989,0.9702
1.4,-0.9333,0.9894,0.972
1.433,-0.9333,0.9898,0.9737
1.467,-0.9333,0.9901,0.9752
1.5,-0.9333,0.9904,0.9767
1.533,-0.9333,0.9908,0.978
1.567,-0.9333,0.9911,0.9792
1.6,-0.9333,0.9914,0.9804
1.633,-0.9333,0.9916,0.9814
1.667,-0.9333,0.9919,0.9824
1.7,-0.9333,0.9922,0.9833
1.733,-0.9333,0.9924,0.9842
1.767,-0.9333,0.9927,0.985
1.8,-0.9333,0.9929,0.9857
1.833,-0.9333,0.9931,0.9864
1.867,-0.9333,0.9933,0.987
1.9,-0.9333,0.9936,0.9876
1.933,-0.9333,0.9938,0.9882
1.967,-0.9333,0.9939,0.9887
2,-0.9333,0.9941,0.9892
2.033,-0.9333,0.9943,0.9896
2.067,-0.9333,0.9945,0.9901
2.1,-0.9333,0.9946,0.9905
2.133,-0.9333,0.9948,0.9908
2.167,-0.9333,0.995,0.9912
2.2,-0.9333,0.9951,0.9915
2.233,-0.9333,0.9952,0.9918
2.267,-0.9333,0.9954,0.9921
2.3,-0.9333,0.9955,0.9924
2.333,-0.9333,0.9956,0.9927
2.367,-0.9333,0.9958,0.9929
2.4,-0.9333,0.9959,0.9931
2.433,-0.9333,0.996,0.9934
2.467,-0.9333,0.9961,0.9936
2.5,-0.9333,0.9962,0.9938
-2.5,-0.9,0.4339,0.05879
-2.467,-0.9,0.4428,0.06314
-2.433,-0.9,0.4517,0.06787
-2.4,-0.9,0.4607,0.07303
-2.367,-0.9,0.4698,0.07864
-2.333,-0.9,0.479,0.08476
-2.3,-0.9,0.4882,0.09141
-2.267,-0.9,0.4975,0.09866
-2.233,-0.9,0.5068,0.1065
-2.2,-0.9,0.5162,0.1151
-2.167,-0.9,0.5256,0.1244
-2.133,-0.9,0.535,0.1346
-2.1,-0.9,0.5445,0.1455
-2.067,-0.9,0.554,0.1574
-2.033,-0.9,0.5634,0.1703
-2,-0.9,0.5729,0.1842
-1.967,-0.9,0.5824,0.1992
-1.933,-0.9,0.5918,0.2153
-1.9,-0.9,0.6012,0.2325
-1.867,-0.9,0.6106,0.251
-1.833,-0.9,0.6199,0.2706
-1.8,-0.9,0.6292,0.2915
-1.767,-0.9,0.6384,0.3135
-1.733,-0.9,0.6476,0.3367
-1.7,-0.9,0.6567,0.361
-1.667,-0.9,0.6657,0.3864
-1.633,-0.9,0.6746,0.4126
-1.6,-0.9,0.6834,0.4397
-1.567,-0.9,0.6921,0.4674
-1.533,-0.9,0.7007,0.4955
-1.5,-0.9,0.7092,0.524
-1.467,-0.9,0.7176,0.5526
-1.433,-0.9,0.7258,0.5811
-1.4,-0.9,0.7339,0.6093
-1.367,-0.9,0.7419,0.637
-1.333,-0.9,0.7497,0.6641
-1.3,-0.9,0.7574,0.6903
-1.267,-0.9,0.765,0.7155
-1.233,-0.9,0.7724,0.7396
-1.2,-0.9,0.7797,0.7625
-1.167,-0.9,0.7868,0.784
-1.133,-0.9,0.7937,0.8043
-1.1,-0.9,0.8005,0.8231
-1.067,-0.9,0.8071,0.8406
-1.033,-0.9,0.8136,0.8567
-1,-0.9,0.8199,0.8715
-0.9667,-0.9,0.8261,0.8851
-0.9333,-0.9,0.8321,0.8974
-0.9,-0.9,0.8379,0.9085
-0.8667,-0.9,0.8436,0.9186
-0.8333,-0.9,0.8491,0.9277
-0.8,-0.9,0.8545,0.9358
-0.7667,-0.9,0.8597,0.9431
-0.7333,-0.9,0.8647,0.9497
-0.7,-0.9,0.8696,0.9555
-0.6667,-0.9,0.8744,0.9606
-0.6333,-0.9,0.879,0.9652
-0.6,-0.9,0.8835,0.9693
-0.5667,-0.9,0.8878,0.9729
-0.5333,-0.9,0.8919,0.9761
-0.5,-0.9,0.896,0.9789
-0.4667,-0.9,0.8999,0.9814
-0.4333,-0.9,0.9037,0.9835
-0.4,-0.9,0.9073,0.9855
-0.3667,-0.9,0.9108,0.9871
-0.3333,-0.9,0.9142,0.9886
-0.3,-0.9,0.9175,0.9899
-0.2667,-0.9,0.9206,0.991
-0.2333,-0.9,0.9237,0.992
-0.2,-0.9,0.9266,0.9929
-0.1667,-0.9,0.9295,0.9936
-0.1333,-0.9,0.9322,0.9942
-0.1,-0.9,0.9348,0.9947
-0.06667,-0.9,0.9373,0.9951
-0.03333,-0.9,0.9397,0.9953
0,-0.9,0.9421,0.9954
0.03333,-0.9,0.9443,0.9954
0.06667,-0.9,0.9465,0.9951
0.1,-0.9,0.9486,0.9946
0.1333,-0.9,0.9506,0.9935
0.1667,-0.9,0.9525,0.9916
0.2,-0.9,0.9543,0.9884
0.2333,-0.9,0.9561,0.983
0.2667,-0.9,0.9578,0.9741
0.3,-0.9,0.9594,0.9607
0.3333,-0.9,0.961,0.9421
0.3667,-0.9,0.9625,0.9197
0.4,-0.9,0.964,0.8963
0.4333,-0.9,0.9653,0.8752
0.4667,-0.9,0.9667,0.859
0.5,-0.9,0.968,0.8486
0.5333,-0.9,0.9692,0.8439
0.5667,-0.9,0.9704,0.8439
0.6,-0.9,0.9715,0.8474
0.6333,-0.9,0.9726,0.8532
0.6667,-0.9,0.9736,0.8605
0.7,-0.9,0.9746,0.8685
0.7333,-0.9,0.9756,0.8769
0.7667,-0.9,0.9765,0.8852
0.8,-0.9,0.9774,0.8932
0.8333,-0.9,0.9782,0.9008
0.8667,-0.9,0.979,0.908
0.9,-0.9,0.9798,0.9148
0.9333,-0.9,0.9806,0.921
0.9667,-0.9,0.9813,0.9268
1,-0.9,0.982,0.9321
1.033,-0.9,0.9826,0.937
1.067,-0.9,0.9833,0.9415
1.1,-0.9,0.9839,0.9456
1.133,-0.9,0.9844,0.9494
1.167,-0.9,0.985,0.9529
1.2,-0.9,0.9855,0.9561
1.233,-0.9,0.9861,0.9591
1.267,-0.9,0.9866,0.9618
1.3,-0.9,0.987,0.9643
1.333,-0.9,0.9875,0.9666
1.367,-0.9,0.9879,0.9687
1.4,-0.9,0.9883,0.9706
1.433,-0.9,0.9887,0.9724
1.467,-0.9,0.9891,0.9741
1.5,-0.9,0.9895,0.9756
1.533,-0.9,0.9899,0.977
1.567,-0.9,0.9902,0.9783
1.6,-0.9,0.9905,0.9795
1.633,-0.9,0.9908,0.9806
1.667,-0.9,0.9912,0.9817
1.7,-0.9,0.9914,0.9826
1.733,-0.9,0.9917,0.9835
1.767,-0.9,0.992,0.9844
1.8,-0.9,0.9923,0.9851
1.833,-0.9,0.9925,0.9859
1.867,-0.9,0.9927,0.9865
1.9,-0.9,0.993,0.9872
1.933,-0.9,0.9932,0.9878
1.967,-0.9,0.9934,0.9883
2,-0.9,0.9936,0.9888
2.033,-0.9,0.9938,0.9893
2.067,-0.9,0.994,0.9897
2.1,-0.9,0.9942,0.9902
2.133,-0.9,0.9944,0.9905
2.167,-0.9,0.9945,0.9909
2.2,-0.9,0.9947,0.9913
2.233,-0.9,0.9948,0.9916
2.267,-0.9,0.995,0.9919
2.3,-0.9,0.9951,0.9922
2.333,-0.9,0.9953,0.9925
2.367,-0.9,0.9954,0.9927
2.4,-0.9,0.9955,0.993
2.433,-0.9,0.9957,0.9932
2.467,-0.9,0.9958,0.9934
2.5,-0.9,0.9959,0.9936
-2.5,-0.8667,0.4104,0.05574
-2.467,-0.8667,0.419,0.05982
-2.433,-0.8667,0.4276,0.06426
-2.4,-0.8667,0.4364,0.06909
-2.367,-0.8667,0.4453,0.07436
-2.333,-0.8667,0.4542,0.08009
-2.3,-0.8667,0.4633,0.08633
-2.267,-0.8667,0.4724,0.09313
-2.233,-0.8667,0.4816,0.1005
-2.2,-0.8667,0.4908,0.1086
-2.167,-0.8667,0.5001,0.1173
-2.133,-0.8667,0.5095,0.1268
-2.1,-0.8667,0.5188,0.1372
-2.067,-0.8667,0.5283,0.1484
-2.033,-0.8667,0.5377,0.1605
-2,-0.8667,0.5472,0.1736
-1.967,-0.8667,0.5566,0.1877
-1.933,-0.8667,0.5661,0.203
-1.9,-0.8667,0.5756,0.2194
-1.867,-0.8667,0.585,0.2369
-1.833,-0.8667,0.5945,0.2556
-1.8,-0.8667,0.6039,0.2756
-1.767,-0.8667,0.6132,0.2967
-1.733,-0.8667,0.6225,0.3191
-1.7,-0.8667,0.6318,0.3426
-1.667,-0.8667,0.641,0.3671
-1.633,-0.8667,0.6501,0.3927
-1.6,-0.8667,0.6592,0.4192
-1.567,-0.8667,0.6682,0.4464
-1.533,-0.8667,0.677,0.4742
-1.5,-0.8667,0.6858,0.5025
-1.467,-0.8667,0.6945,0.531
-1.433,-0.8667,0.7031,0.5596
-1.4,-0.8667,0.7115,0.588
-1.367,-0.8667,0.7199,0.6162
-1.333,-0.8667,0.7281,0.6437
-1.3,-0.8667,0.7362,0.6706
-1.267,-0.8667,0.7441,0.6966
-1.233,-0.8667,0.7519,0.7215
-1.2,-0.8667,0.7596,0.7453
-1.167,-0.8667,0.7671,0.7679
-1.133,-0.8667,0.7745,0.7891
-1.1,-0.8667,0.7817,0.809
-1.067,-0.8667,0.7887,0.8275
-1.033,-0.8667,0.7956,0.8447
-1,-0.8667,0.8024,0.8605
-0.9667,-0.8667,0.809,0.875
-0.9333,-0.8667,0.8154,0.8882
-0.9,-0.8667,0.8217,0.9002
-0.8667,-0.8667,0.8278,0.9111
-0.8333,-0.8667,0.8337,0.9209
-0.8,-0.8667,0.8395,0.9298
-0.7667,-0.8667,0.8452,0.9377
-0.7333,-0.8667,0.8506,0.9448
-0.7,-0.8667,0.8559,0.9511
-0.6667,-0.8667,0.8611,0.9568
-0.6333,-0.8667,0.8661,0.9618
-0.6,-0.8667,0.871,0.9663
-0.5667,-0.8667,0.8757,0.9702
-0.5333,-0.8667,0.8803,0.9737
-0.5,-0.8667,0.8847,0.9768
-0.4667,-0.8667,0.889,0.9795
-0.4333,-0.8667,0.8931,0.9819
-0.4,-0.8667,0.8971,0.984
-0.3667,-0.8667,0.901,0.9859
-0.3333,-0.8667,0.9047,0.9875
-0.3,-0.8667,0.9083,0.9889
-0.2667,-0.8667,0.9118,0.9901
-0.2333,-0.8667,0.9151,0.9912
-0.2,-0.8667,0.9184,0.9921
-0.1667,-0.8667,0.9215,0.9929
-0.1333,-0.8667,0.9245,0.9936
-0.1,-0.8667,0.9274,0.9941
-0.06667,-0.8667,0.9302,0.9945
-0.03333,-0.8667,0.9329,0.9947
0,-0.8667,0.9355,0.9948
0.03333,-0.8667,0.938,0.9947
0.06667,-0.8667,0.9404,0.9944
0.1,-0.8667,0.9427,0.9936
0.1333,-0.8667,0.9449,0.9922
0.1667,-0.8667,0.9471,0.9897
0.2,-0.8667,0.9491,0.9855
0.2333,-0.8667,0.9511,0.9785
0.2667,-0.8667,0.953,0.9673
0.3,-0.8667,0.9548,0.9507
0.3333,-0.8667,0.9566,0.9288
0.3667,-0.8667,0.9583,0.9035
0.4,-0.8667,0.9599,0.8784
0.4333,-0.8667,0.9614,0.857
0.4667,-0.8667,0.9629,0.8414
0.5,-0.8667,0.9643,0.8323
0.5333,-0.8667,0.9657,0.8291
0.5667,-0.8667,0.967,0.8304
0.6,-0.8667,0.9683,0.8352
0.6333,-0.8667,0.9695,0.8422
0.6667,-0.8667,0.9707,0.8505
0.7,-0.8667,0.9718,0.8595
0.7333,-0.8667,0.9729,0.8686
0.7667,-0.8667,0.9739,0.8776
0.8,-0.8667,0.9749,0.8863
0.8333,-0.8667,0.9758,0.8945
0.8667,-0.8667,0.9767,0.9023
0.9,-0.8667,0.9776,0.9095
0.9333,-0.8667,0.9785,0.9162
0.9667,-0.8667,0.9793,0.9224
1,-0.8667,0.98,0.928
1.033,-0.8667,0.9808,0.9333
1.067,-0.8667,0.9815,0.9381
1.1,-0.8667,0.9822,0.9425
1.133,-0.8667,0.9828,0.9466
1.167,-0.8667,0.9834,0.9503
1.2,-0.8667,0.984,0.9537
1.233,-0.8667,0.9846,0.9569
1.267,-0.8667,0.9852,0.9598
1.3,-0.8667,0.9857,0.9624
1.333,-0.8667,0.9862,0.9649
1.367,-0.8667,0.9867,0.9671
1.4,-0.8667,0.9872,0.9692
1.433,-0.8667,0.9876,0.9711
1.467,-0.8667,0.988,0.9728
1.5,-0.8667,0.9885,0.9745
1.533,-0.8667,0.9889,0.976
1.567,-0.8667,0.9892,0.9773
1.6,-0.8667,0.9896,0.9786
1.633,-0.8667,0.99,0.9798
1.667,-0.8667,0.9903,0.9809
1.7,-0.8667,0.9906,0.9819
1.733,-0.8667,0.9909,0.9829
1.767,-0.8667,0.9912,0.9837
1.8,-0.8667,0.9915,0.9846
1.833,-0.8667,0.9918,0.9853
1.867,-0.8667,0.9921,0.986
1.9,-0.8667,0.9923,0.9867
1.933,-0.8667,0.9926,0.9873
1.967,-0.8667,0.9928,0.9879
2,-0.8667,0.993,0.9884
2.033,-0.8667,0.9933,0.9889
2.067,-0.8667,0.9935,0.9894
2.1,-0.8667,0.9937,0.9898
2.133,-0.8667,0.9939,0.9903
2.167,-0.8667,0.994,0.9906
2.2,-0.8667,0.9942,0.991
2.233,-0.8667,0.9944,0.9913
2.267,-0.8667,0.9946,0.9917
2.3,-0.8667,0.9947,0.992
2.333,-0.8667,0.9949,0.9923
2.367,-0.8667,0.995,0.9925
2.4,-0.8667,0.9952,0.9928
2.433,-0.8667,0.9953,0.993
2.467,-0.8667,0.9955,0.9932
2.5,-0.8667,0.9956,0.9935
-2.5,-0.8333,0.3876,0.05287
-2.467,-0.8333,0.3959,0.0567
-2.433,-0.8333,0.4043,0.06087
-2.4,-0.8333,0.4128,0.0654
-2.367,-0.8333,0.4214,0.07034
-2.333,-0.8333,0.4301,0.07572
-2.3,-0.8333,0.4389,0.08157
-2.267,-0.8333,0.4478,0.08794
-2.233,-0.8333,0.4568,0.09488
-2.2,-0.8333,0.4658,0.1024
-2.167,-0.8333,0.475,0.1106
-2.133,-0.8333,0.4842,0.1196
-2.1,-0.8333,0.4934,0.1293
-2.067,-0.8333,0.5027,0.1398
-2.033,-0.8333,0.5121,0.1512
-2,-0.8333,0.5215,0.1636
-1.967,-0.8333,0.5309,0.177
-1.933,-0.8333,0.5403,0.1914
-1.9,-0.8333,0.5498,0.2069
-1.867,-0.8333,0.5593,0.2235
-1.833,-0.8333,0.5688,0.2414
-1.8,-0.8333,0.5782,0.2604
-1.767,-0.8333,0.5877,0.2807
-1.733,-0.8333,0.5971,0.3021
-1.7,-0.8333,0.6065,0.3247
-1.667,-0.8333,0.6158,0.3485
-1.633,-0.8333,0.6251,0.3733
-1.6,-0.8333,0.6344,0.3991
-1.567,-0.8333,0.6436,0.4258
-1.533,-0.8333,0.6527,0.4531
-1.5,-0.8333,0.6617,0.4811
-1.467,-0.8333,0.6707,0.5095
-1.433,-0.8333,0.6795,0.538
-1.4,-0.8333,0.6883,0.5666
-1.367,-0.8333,0.6969,0.595
-1.333,-0.8333,0.7055,0.623
-1.3,-0.8333,0.7139,0.6504
-1.267,-0.8333,0.7222,0.677
-1.233,-0.8333,0.7304,0.7028
-1.2,-0.8333,0.7384,0.7274
-1.167,-0.8333,0.7463,0.7509
-1.133,-0.8333,0.7541,0.7732
-1.1,-0.8333,0.7617,0.7941
-1.067,-0.8333,0.7692,0.8137
-1.033,-0.8333,0.7765,0.8319
-1,-0.8333,0.7837,0.8487
-0.9667,-0.8333,0.7907,0.8641
-0.9333,-0.8333,0.7975,0.8783
-0.9,-0.8333,0.8042,0.8912
-0.8667,-0.8333,0.8108,0.903
-0.8333,-0.8333,0.8172,0.9136
-0.8,-0.8333,0.8234,0.9232
-0.7667,-0.8333,0.8295,0.9318
-0.7333,-0.8333,0.8354,0.9395
-0.7,-0.8333,0.8411,0.9464
-0.6667,-0.8333,0.8467,0.9526
-0.6333,-0.8333,0.8521,0.9581
-0.6,-0.8333,0.8574,0.9629
-0.5667,-0.8333,0.8625,0.9673
-0.5333,-0.8333,0.8675,0.9711
-0.5,-0.8333,0.8723,0.9745
-0.4667,-0.8333,0.877,0.9775
-0.4333,-0.8333,0.8815,0.9801
-0.4,-0.8333,0.8859,0.9824
-0.3667,-0.8333,0.8901,0.9844
-0.3333,-0.8333,0.8942,0.9862
-0.3,-0.8333,0.8982,0.9878
-0.2667,-0.8333,0.902,0.9891
-0.2333,-0.8333,0.9057,0.9903
-0.2,-0.8333,0.9093,0.9913
-0.1667,-0.8333,0.9127,0.9922
-0.1333,-0.8333,0.9161,0.9929
-0.1,-0.8333,0.9193,0.9934
-0.06667,-0.8333,0.9224,0.9938
-0.03333,-0.8333,0.9253,0.9941
0,-0.8333,0.9282,0.9942
0.03333,-0.8333,0.931,0.994
0.06667,-0.8333,0.9337,0.9934
0.1,-0.8333,0.9362,0.9924
0.1333,-0.8333,0.9387,0.9905
0.1667,-0.8333,0.9411,0.9873
0.2,-0.8333,0.9433,0.9818
0.2333,-0.8333,0.9455,0.9728
0.2667,-0.8333,0.9477,0.9587
0.3,-0.8333,0.9497,0.9385
0.3333,-0.8333,0.9516,0.913
0.3667,-0.8333,0.9535,0.885
0.4,-0.8333,0.9553,0.8586
0.4333,-0.8333,0.9571,0.8373
0.4667,-0.8333,0.9587,0.8227
0.5,-0.8333,0.9603,0.8151
0.5333,-0.8333,0.9619,0.8134
0.5667,-0.8333,0.9633,0.8163
0.6,-0.8333,0.9647,0.8224
0.6333,-0.8333,0.9661,0.8305
0.6667,-0.8333,0.9674,0.8399
0.7,-0.8333,0.9686,0.8498
0.7333,-0.8333,0.9698,0.8598
0.7667,-0.8333,0.971,0.8696
0.8,-0.8333,0.9721,0.8789
0.8333,-0.8333,0.9732,0.8878
0.8667,-0.8333,0.9742,0.8961
0.9,-0.8333,0.9752,0.9039
0.9333,-0.8333,0.9761,0.911
0.9667,-0.8333,0.977,0.9176
1,-0.8333,0.9779,0.9237
1.033,-0.8333,0.9787,0.9293
1.067,-0.8333,0.9795,0.9345
1.1,-0.8333,0.9802,0.9392
1.133,-0.8333,0.981,0.9435
1.167,-0.8333,0.9817,0.9475
1.2,-0.8333,0.9823,0.9512
1.233,-0.8333,0.983,0.9545
1.267,-0.8333,0.9836,0.9576
1.3,-0.8333,0.9842,0.9604
1.333,-0.8333,0.9848,0.963
1.367,-0.8333,0.9853,0.9654
1.4,-0.8333,0.9858,0.9676
1.433,-0.8333,0.9863,0.9696
1.467,-0.8333,0.9868,0.9715
1.5,-0.8333,0.9873,0.9732
1.533,-0.8333,0.9877,0.9748
1.567,-0.8333,0.9882,0.9763
1.6,-0.8333,0.9886,0.9777
1.633,-0.8333,0.989,0.9789
1.667,-0.8333,0.9893,0.9801
1.7,-0.8333,0.9897,0.9812
1.733,-0.8333,0.9901,0.9822
1.767,-0.8333,0.9904,0.9831
1.8,-0.8333,0.9907,0.984
1.833,-0.8333,0.991,0.9848
1.867,-0.8333,0.9913,0.9855
1.9,-0.8333,0.9916,0.9862
1.933,-0.8333,0.9919,0.9869
1.967,-0.8333,0.9921,0.9875
2,-0.8333,0.9924,0.988
2.033,-0.8333,0.9926,0.9886
2.067,-0.8333,0.9929,0.989
2.1,-0.8333,0.9931,0.9895
2.133,-0.8333,0.9933,0.9899
2.167,-0.8333,0.9935,0.9904
2.2,-0.8333,0.9937,0.9907
2.233,-0.8333,0.9939,0.9911
2.267,-0.8333,0.9941,0.9914
2.3,-0.8333,0.9943,0.9917
2.333,-0.8333,0.9945,0.992
2.367,-0.8333,0.9946,0.9923
2.4,-0.8333,0.9948,0.9926
2.433,-0.8333,0.9949,0.9928
2.467,-0.8333,0.9951,0.9931
2.5,-0.8333,0.9952,0.9933
-2.5,-0.8,0.3656,0.05019
-2.467,-0.8,0.3736,0.05378
-2.433,-0.8,0.3817,0.05769
-2.4,-0.8,0.3899,0.06194
-2.367,-0.8,0.3982,0.06657
-2.333,-0.8,0.4066,0.07161
-2.3,-0.8,0.4152,0.0771
-2.267,-0.8,0.4238,0.08308
-2.233,-0.8,0.4325,0.08958
-2.2,-0.8,0.4414,0.09667
-2.167,-0.8,0.4503,0.1044
-2.133,-0.8,0.4593,0.1128
-2.1,-0.8,0.4684,0.1219
-2.067,-0.8,0.4775,0.1318
-2.033,-0.8,0.4867,0.1425
-2,-0.8,0.496,0.1542
-1.967,-0.8,0.5053,0.1668
-1.933,-0.8,0.5147,0.1804
-1.9,-0.8,0.5241,0.1951
-1.867,-0.8,0.5335,0.2109
-1.833,-0.8,0.543,0.2278
-1.8,-0.8,0.5525,0.2459
-1.767,-0.8,0.5619,0.2653
-1.733,-0.8,0.5714,0.2858
-1.7,-0.8,0.5809,0.3075
-1.667,-0.8,0.5903,0.3304
-1.633,-0.8,0.5997,0.3545
-1.6,-0.8,0.6091,0.3795
-1.567,-0.8,0.6184,0.4055
-1.533,-0.8,0.6277,0.4324
-1.5,-0.8,0.637,0.4599
-1.467,-0.8,0.6461,0.488
-1.433,-0.8,0.6552,0.5164
-1.4,-0.8,0.6642,0.545
-1.367,-0.8,0.6732,0.5736
-1.333,-0.8,0.682,0.6019
-1.3,-0.8,0.6907,0.6297
-1.267,-0.8,0.6993,0.657
-1.233,-0.8,0.7078,0.6834
-1.2,-0.8,0.7162,0.7089
-1.167,-0.8,0.7245,0.7333
-1.133,-0.8,0.7326,0.7565
-1.1,-0.8,0.7406,0.7784
-1.067,-0.8,0.7485,0.799
-1.033,-0.8,0.7562,0.8182
-1,-0.8,0.7638,0.8361
-0.9667,-0.8,0.7712,0.8526
-0.9333,-0.8,0.7785,0.8677
-0.9,-0.8,0.7856,0.8816
-0.8667,-0.8,0.7926,0.8942
-0.8333,-0.8,0.7994,0.9057
-0.8,-0.8,0.8061,0.916
-0.7667,-0.8,0.8126,0.9254
-0.7333,-0.8,0.8189,0.9338
-0.7,-0.8,0.8251,0.9413
-0.6667,-0.8,0.8311,0.948
-0.6333,-0.8,0.837,0.954
-0.6,-0.8,0.8427,0.9593
-0.5667,-0.8,0.8482,0.964
-0.5333,-0.8,0.8536,0.9682
-0.5,-0.8,0.8589,0.9719
-0.4667,-0.8,0.8639,0.9752
-0.4333,-0.8,0.8689,0.9781
-0.4,-0.8,0.8736,0.9807
-0.3667,-0.8,0.8783,0.9829
-0.3333,-0.8,0.8828,0.9848
-0.3,-0.8,0.8871,0.9866
-0.2667,-0.8,0.8913,0.988
-0.2333,-0.8,0.8953,0.9893
-0.2,-0.8,0.8993,0.9904
-0.1667,-0.8,0.9031,0.9913
-0.1333,-0.8,0.9067,0.9921
-0.1,-0.8,0.9103,0.9927
-0.06667,-0.8,0.9137,0.9931
-0.03333,-0.8,0.917,0.9933
0,-0.8,0.9201,0.9933
0.03333,-0.8,0.9232,0.993
0.06667,-0.8,0.9262,0.9923
0.1,-0.8,0.929,0.9909
0.1333,-0.8,0.9317,0.9885
0.1667,-0.8,0.9344,0.9842
0.2,-0.8,0.9369,0.9771
0.2333,-0.8,0.9394,0.9655
0.2667,-0.8,0.9417,0.9479
0.3,-0.8,0.944,0.9237
0.3333,-0.8,0.9461,0.8945
0.3667,-0.8,0.9482,0.8642
0.4,-0.8,0.9502,0.837
0.4333,-0.8,0.9522,0.8162
0.4667,-0.8,0.954,0.803
0.5,-0.8,0.9558,0.797
0.5333,-0.8,0.9575,0.7969
0.5667,-0.8,0.9592,0.8014
0.6,-0.8,0.9608,0.8089
0.6333,-0.8,0.9623,0.8183
0.6667,-0.8,0.9637,0.8287
0.7,-0.8,0.9651,0.8396
0.7333,-0.8,0.9665,0.8505
0.7667,-0.8,0.9678,0.861
0.8,-0.8,0.969,0.8711
0.8333,-0.8,0.9702,0.8806
0.8667,-0.8,0.9713,0.8896
0.9,-0.8,0.9724,0.8978
0.9333,-0.8,0.9735,0.9055
0.9667,-0.8,0.9745,0.9126
1,-0.8,0.9754,0.9191
1.033,-0.8,0.9764,0.9251
1.067,-0.8,0.9772,0.9306
1.1,-0.8,0.9781,0.9356
1.133,-0.8,0.9789,0.9403
1.167,-0.8,0.9797,0.9445
1.2,-0.8,0.9804,0.9484
1.233,-0.8,0.9812,0.952
1.267,-0.8,0.9819,0.9553
1.3,-0.8,0.9825,0.9583
1.333,-0.8,0.9832,0.9611
1.367,-0.8,0.9838,0.9636
1.4,-0.8,0.9844,0.966
1.433,-0.8,0.9849,0.9681
1.467,-0.8,0.9855,0.9701
1.5,-0.8,0.986,0.9719
1.533,-0.8,0.9865,0.9736
1.567,-0.8,0.987,0.9752
1.6,-0.8,0.9874,0.9766
1.633,-0.8,0.9879,0.978
1.667,-0.8,0.9883,0.9792
1.7,-0.8,0.9887,0.9804
1.733,-0.8,0.9891,0.9814
1.767,-0.8,0.9894,0.9824
1.8,-0.8,0.9898,0.9833
1.833,-0.8,0.9901,0.9842
1.867,-0.8,0.9905,0.9849
1.9,-0.8,0.9908,0.9857
1.933,-0.8,0.9911,0.9864
1.967,-0.8,0.9914,0.987
2,-0.8,0.9917,0.9876
2.033,-0.8,0.992,0.9882
2.067,-0.8,0.9922,0.9887
2.1,-0.8,0.9925,0.9892
2.133,-0.8,0.9927,0.9896
2.167,-0.8,0.9929,0.99
2.2,-0.8,0.9932,0.9904
2.233,-0.8,0.9934,0.9908
2.267,-0.8,0.9936,0.9912
2.3,-0.8,0.9938,0.9915
2.333,-0.8,0.994,0.9918
2.367,-0.8,0.9942,0.9921
2.4,-0.8,0.9943,0.9924
2.433,-0.8,0.9945,0.9927
2.467,-0.8,0.9947,0.9929
2.5,-0.8,0.9948,0.9931
-2.5,-0.7667,0.3446,0.04766
-2.467,-0.7667,0.3522,0.05104
-2.433,-0.7667,0.36,0.05471
-2.4,-0.7667,0.3678,0.0587
-2.367,-0.7667,0.3758,0.06304
-2.333,-0.7667,0.384,0.06777
-2.3,-0.7667,0.3922,0.07291
-2.267,-0.7667,0.4006,0.07852
-2.233,-0.7667,0.409,0.08462
-2.2,-0.7667,0.4176,0.09126
-2.167,-0.7667,0.4262,0.09849
-2.133,-0.7667,0.435,0.1064
-2.1,-0.7667,0.4439,0.1149
-2.067,-0.7667,0.4528,0.1242
-2.033,-0.7667,0.4618,0.1343
-2,-0.7667,0.4709,0.1453
-1.967,-0.7667,0.4801,0.1572
-1.933,-0.7667,0.4893,0.17
-1.9,-0.7667,0.4986,0.1839
-1.867,-0.7667,0.508,0.1988
-1.833,-0.7667,0.5173,0.2149
-1.8,-0.7667,0.5267,0.2321
-1.767,-0.7667,0.5362,0.2505
-1.733,-0.7667,0.5456,0.2702
-1.7,-0.7667,0.5551,0.291
-1.667,-0.7667,0.5646,0.313
-1.633,-0.7667,0.5741,0.3362
-1.6,-0.7667,0.5835,0.3605
-1.567,-0.7667,0.5929,0.3858
-1.533,-0.7667,0.6024,0.412
-1.5,-0.7667,0.6117,0.4391
-1.467,-0.7667,0.6211,0.4668
-1.433,-0.7667,0.6303,0.4949
-1.4,-0.7667,0.6395,0.5234
-1.367,-0.7667,0.6487,0.552
-1.333,-0.7667,0.6578,0.5805
-1.3,-0.7667,0.6667,0.6087
-1.267,-0.7667,0.6756,0.6364
-1.233,-0.7667,0.6844,0.6635
-1.2,-0.7667,0.6931,0.6897
-1.167,-0.7667,0.7017,0.715
-1.133,-0.7667,0.7102,0.7391
-1.1,-0.7667,0.7186,0.762
-1.067,-0.7667,0.7268,0.7836
-1.033,-0.7667,0.7349,0.8038
-1,-0.7667,0.7429,0.8227
-0.9667,-0.7667,0.7507,0.8402
-0.9333,-0.7667,0.7584,0.8564
-0.9,-0.7667,0.7659,0.8712
-0.8667,-0.7667,0.7733,0.8848
-0.8333,-0.7667,0.7805,0.8971
-0.8,-0.7667,0.7876,0.9083
-0.7667,-0.7667,0.7945,0.9184
-0.7333,-0.7667,0.8013,0.9275
-0.7,-0.7667,0.8079,0.9357
-0.6667,-0.7667,0.8144,0.943
-0.6333,-0.7667,0.8207,0.9495
-0.6,-0.7667,0.8268,0.9553
-0.5667,-0.7667,0.8328,0.9605
-0.5333,-0.7667,0.8386,0.9651
-0.5,-0.7667,0.8443,0.9692
-0.4667,-0.7667,0.8498,0.9727
-0.4333,-0.7667,0.8551,0.9759
-0.4,-0.7667,0.8603,0.9787
-0.3667,-0.7667,0.8653,0.9812
-0.3333,-0.7667,0.8702,0.9833
-0.3,-0.7667,0.875,0.9852
-0.2667,-0.7667,0.8795,0.9868
-0.2333,-0.7667,0.884,0.9882
-0.2,-0.7667,0.8883,0.9894
-0.1667,-0.7667,0.8924,0.9904
-0.1333,-0.7667,0.8965,0.9912
-0.1,-0.7667,0.9003,0.9919
-0.06667,-0.7667,0.9041,0.9923
-0.03333,-0.7667,0.9077,0.9925
0,-0.7667,0.9112,0.9924
0.03333,-0.7667,0.9146,0.9919
0.06667,-0.7667,0.9179,0.9909
0.1,-0.7667,0.921,0.9891
0.1333,-0.7667,0.924,0.9858
0.1667,-0.7667,0.927,0.9803
0.2,-0.7667,0.9298,0.9711
0.2333,-0.7667,0.9325,0.9564
0.2667,-0.7667,0.9351,0.9347
0.3,-0.7667,0.9376,0.9061
0.3333,-0.7667,0.94,0.8733
0.3667,-0.7667,0.9424,0.841
0.4,-0.7667,0.9446,0.8135
0.4333,-0.7667,0.9467,0.7937
0.4667,-0.7667,0.9488,0.7822
0.5,-0.7667,0.9508,0.778
0.5333,-0.7667,0.9527,0.7797
0.5667,-0.7667,0.9545,0.7858
0.6,-0.7667,0.9563,0.7947
0.6333,-0.7667,0.958,0.8054
0.6667,-0.7667,0.9596,0.8169
0.7,-0.7667,0.9612,0.8288
0.7333,-0.7667,0.9627,0.8406
0.7667,-0.7667,0.9641,0.852
0.8,-0.7667,0.9655,0.8628
0.8333,-0.7667,0.9668,0.873
0.8667,-0.7667,0.9681,0.8826
0.9,-0.7667,0.9693,0.8914
0.9333,-0.7667,0.9705,0.8996
0.9667,-0.7667,0.9716,0.9072
1,-0.7667,0.9727,0.9142
1.033,-0.7667,0.9737,0.9206
1.067,-0.7667,0.9747,0.9265
1.1,-0.7667,0.9757,0.9319
1.133,-0.7667,0.9766,0.9368
1.167,-0.7667,0.9775,0.9413
1.2,-0.7667,0.9783,0.9455
1.233,-0.7667,0.9791,0.9493
1.267,-0.7667,0.9799,0.9528
1.3,-0.7667,0.9806,0.9561
1.333,-0.7667,0.9814,0.959
1.367,-0.7667,0.982,0.9617
1.4,-0.7667,0.9827,0.9642
1.433,-0.7667,0.9833,0.9665
1.467,-0.7667,0.9839,0.9686
1.5,-0.7667,0.9845,0.9706
1.533,-0.7667,0.9851,0.9724
1.567,-0.7667,0.9856,0.974
1.6,-0.7667,0.9861,0.9756
1.633,-0.7667,0.9866,0.977
1.667,-0.7667,0.9871,0.9783
1.7,-0.7667,0.9875,0.9795
1.733,-0.7667,0.988,0.9806
1.767,-0.7667,0.9884,0.9817
1.8,-0.7667,0.9888,0.9826
1.833,-0.7667,0.9892,0.9835
1.867,-0.7667,0.9895,0.9844
1.9,-0.7667,0.9899,0.9851
1.933,-0.7667,0.9902,0.9859
1.967,-0.7667,0.9906,0.9865
2,-0.7667,0.9909,0.9872
2.033,-0.7667,0.9912,0.9877
2.067,-0.7667,0.9915,0.9883
2.1,-0.7667,0.9918,0.9888
2.133,-0.7667,0.992,0.9893
2.167,-0.7667,0.9923,0.9897
2.2,-0.7667,0.9925,0.9901
2.233,-0.7667,0.9928,0.9905
2.267,-0.7667,0.993,0.9909
2.3,-0.7667,0.9932,0.9913
2.333,-0.7667,0.9934,0.9916
2.367,-0.7667,0.9936,0.9919
2.4,-0.7667,0.9938,0.9922
2.433,-0.7667,0.994,0.9925
2.467,-0.7667,0.9942,0.9927
2.5,-0.7667,0.9944,0.993
-2.5,-0.7333,0.3245,0.0453
-2.467,-0.7333,0.3318,0.04846
-2.433,-0.7333,0.3392,0.05191
-2.4,-0.7333,0.3467,0.05565
-2.367,-0.7333,0.3544,0.05973
-2.333,-0.7333,0.3622,0.06416
-2.3,-0.7333,0.3701,0.06899
-2.267,-0.7333,0.3781,0.07424
-2.233,-0.7333,0.3863,0.07996
-2.2,-0.7333,0.3945,0.08619
-2.167,-0.7333,0.4029,0.09298
-2.133,-0.7333,0.4114,0.1004
-2.1,-0.7333,0.42,0.1084
-2.067,-0.7333,0.4287,0.1171
-2.033,-0.7333,0.4375,0.1266
-2,-0.7333,0.4464,0.1369
-1.967,-0.7333,0.4553,0.1481
-1.933,-0.7333,0.4644,0.1602
-1.9,-0.7333,0.4735,0.1733
-1.867,-0.7333,0.4827,0.1874
-1.833,-0.7333,0.4919,0.2027
-1.8,-0.7333,0.5012,0.219
-1.767,-0.7333,0.5106,0.2365
-1.733,-0.7333,0.52,0.2552
-1.7,-0.7333,0.5294,0.2752
-1.667,-0.7333,0.5388,0.2963
-1.633,-0.7333,0.5483,0.3186
-1.6,-0.7333,0.5578,0.3421
-1.567,-0.7333,0.5672,0.3666
-1.533,-0.7333,0.5767,0.3921
-1.5,-0.7333,0.5862,0.4186
-1.467,-0.7333,0.5956,0.4458
-1.433,-0.7333,0.605,0.4736
-1.4,-0.7333,0.6143,0.5019
-1.367,-0.7333,0.6237,0.5304
-1.333,-0.7333,0.6329,0.559
-1.3,-0.7333,0.6421,0.5874
-1.267,-0.7333,0.6512,0.6156
-1.233,-0.7333,0.6603,0.6431
-1.2,-0.7333,0.6692,0.67
-1.167,-0.7333,0.6781,0.696
-1.133,-0.7333,0.6869,0.721
-1.1,-0.7333,0.6956,0.7448
-1.067,-0.7333,0.7041,0.7674
-1.033,-0.7333,0.7126,0.7887
-1,-0.7333,0.7209,0.8086
-0.9667,-0.7333,0.7291,0.8271
-0.9333,-0.7333,0.7371,0.8443
-0.9,-0.7333,0.7451,0.8601
-0.8667,-0.7333,0.7528,0.8747
-0.8333,-0.7333,0.7605,0.8879
-0.8,-0.7333,0.768,0.9
-0.7667,-0.7333,0.7753,0.9109
-0.7333,-0.7333,0.7825,0.9207
-0.7,-0.7333,0.7896,0.9296
-0.6667,-0.7333,0.7965,0.9375
-0.6333,-0.7333,0.8032,0.9446
-0.6,-0.7333,0.8098,0.951
-0.5667,-0.7333,0.8162,0.9566
-0.5333,-0.7333,0.8224,0.9617
-0.5,-0.7333,0.8285,0.9661
-0.4667,-0.7333,0.8344,0.97
-0.4333,-0.7333,0.8402,0.9735
-0.4,-0.7333,0.8458,0.9766
-0.3667,-0.7333,0.8513,0.9793
-0.3333,-0.7333,0.8566,0.9816
-0.3,-0.7333,0.8617,0.9837
-0.2667,-0.7333,0.8667,0.9855
-0.2333,-0.7333,0.8716,0.987
-0.2,-0.7333,0.8763,0.9883
-0.1667,-0.7333,0.8808,0.9894
-0.1333,-0.7333,0.8852,0.9903
-0.1,-0.7333,0.8895,0.9909
-0.06667,-0.7333,0.8936,0.9913
-0.03333,-0.7333,0.8976,0.9915
0,-0.7333,0.9014,0.9913
0.03333,-0.7333,0.9051,0.9906
0.06667,-0.7333,0.9087,0.9892
0.1,-0.7333,0.9122,0.9868
0.1333,-0.7333,0.9155,0.9825
0.1667,-0.7333,0.9188,0.9753
0.2,-0.7333,0.9219,0.9634
0.2333,-0.7333,0.9249,0.9449
0.2667,-0.7333,0.9278,0.9185
0.3,-0.7333,0.9306,0.8854
0.3333,-0.7333,0.9332,0.8493
0.3667,-0.7333,0.9358,0.8155
0.4,-0.7333,0.9383,0.7884
0.4333,-0.7333,0.9407,0.7701
0.4667,-0.7333,0.943,0.7604
0.5,-0.7333,0.9452,0.7582
0.5333,-0.7333,0.9473,0.7618
0.5667,-0.7333,0.9494,0.7695
0.6,-0.7333,0.9513,0.7798
0.6333,-0.7333,0.9532,0.7918
0.6667,-0.7333,0.955,0.8045
0.7,-0.7333,0.9568,0.8174
0.7333,-0.7333,0.9585,0.8301
0.7667,-0.7333,0.9601,0.8423
0.8,-0.7333,0.9616,0.854
0.8333,-0.7333,0.9631,0.8649
0.8667,-0.7333,0.9645,0.8751
0.9,-0.7333,0.9659,0.8846
0.9333,-0.7333,0.9672,0.8934
0.9667,-0.7333,0.9685,0.9015
1,-0.7333,0.9697,0.9089
1.033,-0.7333,0.9708,0.9158
1.067,-0.7333,0.9719,0.922
1.1,-0.7333,0.973,0.9278
1.133,-0.7333,0.974,0.9331
1.167,-0.7333,0.975,0.9379
1.2,-0.7333,0.9759,0.9424
1.233,-0.7333,0.9769,0.9465
1.267,-0.7333,0.9777,0.9502
1.3,-0.7333,0.9786,0.9536
1.333,-0.7333,0.9794,0.9568
1.367,-0.7333,0.9801,0.9597
1.4,-0.7333,0.9809,0.9624
1.433,-0.7333,0.9816,0.9648
1.467,-0.7333,0.9822,0.967
1.5,-0.7333,0.9829,0.9691
1.533,-0.7333,0.9835,0.971
1.567,-0.7333,0.9841,0.9728
1.6,-0.7333,0.9847,0.9744
1.633,-0.7333,0.9852,0.9759
1.667,-0.7333,0.9858,0.9773
1.7,-0.7333,0.9863,0.9786
1.733,-0.7333,0.9867,0.9798
1.767,-0.7333,0.9872,0.9809
1.8,-0.7333,0.9877,0.9819
1.833,-0.7333,0.9881,0.9828
1.867,-0.7333,0.9885,0.9837
1.9,-0.7333,0.9889,0.9845
1.933,-0.7333,0.9893,0.9853
1.967,-0.7333,0.9896,0.986
2,-0.7333,0.99,0.9867
2.033,-0.7333,0.9903,0.9873
2.067,-0.7333,0.9907,0.9879
2.1,-0.7333,0.991,0.9884
2.133,-0.7333,0.9913,0.9889
2.167,-0.7333,0.9916,0.9894
2.2,-0.7333,0.9918,0.9898
2.233,-0.7333,0.9921,0.9902
2.267,-0.7333,0.9924,0.9906
2.3,-0.7333,0.9926,0.991
2.333,-0.7333,0.9928,0.9913
2.367,-0.7333,0.9931,0.9917
2.4,-0.7333,0.9933,0.992
2.433,-0.7333,0.9935,0.9923
2.467,-0.7333,0.9937,0.9925
2.5,-0.7333,0.9939,0.9928
-2.5,-0.7,0.3054,0.04307
-2.467,-0.7,0.3123,0.04605
-2.433,-0.7,0.3194,0.04928
-2.4,-0.7,0.3266,0.0528
-2.367,-0.7,0.3339,0.05662
-2.333,-0.7,0.3413,0.06078
-2.3,-0.7,0.3489,0.0653
-2.267,-0.7,0.3565,0.07023
-2.233,-0.7,0.3644,0.0756
-2.2,-0.7,0.3723,0.08144
-2.167,-0.7,0.3804,0.0878
-2.133,-0.7,0.3886,0.09472
-2.1,-0.7,0.3969,0.1023
-2.067,-0.7,0.4053,0.1105
-2.033,-0.7,0.4138,0.1194
-2,-0.7,0.4224,0.1291
-1.967,-0.7,0.4311,0.1396
-1.933,-0.7,0.44,0.151
-1.9,-0.7,0.4489,0.1633
-1.867,-0.7,0.4579,0.1767
-1.833,-0.7,0.4669,0.1911
-1.8,-0.7,0.4761,0.2065
-1.767,-0.7,0.4853,0.2232
-1.733,-0.7,0.4945,0.241
-1.7,-0.7,0.5038,0.26
-1.667,-0.7,0.5132,0.2802
-1.633,-0.7,0.5226,0.3016
-1.6,-0.7,0.532,0.3242
-1.567,-0.7,0.5415,0.348
-1.533,-0.7,0.5509,0.3728
-1.5,-0.7,0.5604,0.3985
-1.467,-0.7,0.5699,0.4252
-1.433,-0.7,0.5794,0.4525
-1.4,-0.7,0.5888,0.4805
-1.367,-0.7,0.5982,0.5088
-1.333,-0.7,0.6076,0.5374
-1.3,-0.7,0.617,0.566
-1.267,-0.7,0.6263,0.5944
-1.233,-0.7,0.6355,0.6224
-1.2,-0.7,0.6447,0.6498
-1.167,-0.7,0.6538,0.6765
-1.133,-0.7,0.6628,0.7022
-1.1,-0.7,0.6717,0.7269
-1.067,-0.7,0.6806,0.7504
-1.033,-0.7,0.6893,0.7727
-1,-0.7,0.698,0.7937
-0.9667,-0.7,0.7065,0.8133
-0.9333,-0.7,0.7149,0.8315
-0.9,-0.7,0.7232,0.8483
-0.8667,-0.7,0.7313,0.8638
-0.8333,-0.7,0.7394,0.878
-0.8,-0.7,0.7473,0.891
-0.7667,-0.7,0.755,0.9027
-0.7333,-0.7,0.7626,0.9134
-0.7,-0.7,0.7701,0.923
-0.6667,-0.7,0.7774,0.9316
-0.6333,-0.7,0.7845,0.9393
-0.6,-0.7,0.7915,0.9462
-0.5667,-0.7,0.7984,0.9524
-0.5333,-0.7,0.805,0.9579
-0.5,-0.7,0.8116,0.9628
-0.4667,-0.7,0.8179,0.9671
-0.4333,-0.7,0.8241,0.9709
-0.4,-0.7,0.8302,0.9742
-0.3667,-0.7,0.8361,0.9772
-0.3333,-0.7,0.8418,0.9798
-0.3,-0.7,0.8474,0.982
-0.2667,-0.7,0.8528,0.984
-0.2333,-0.7,0.858,0.9856
-0.2,-0.7,0.8631,0.9871
-0.1667,-0.7,0.8681,0.9882
-0.1333,-0.7,0.8729,0.9891
-0.1,-0.7,0.8775,0.9898
-0.06667,-0.7,0.882,0.9902
-0.03333,-0.7,0.8864,0.9903
0,-0.7,0.8906,0.9899
0.03333,-0.7,0.8947,0.989
0.06667,-0.7,0.8987,0.9871
0.1,-0.7,0.9025,0.9839
0.1333,-0.7,0.9062,0.9783
0.1667,-0.7,0.9097,0.9689
0.2,-0.7,0.9131,0.9537
0.2333,-0.7,0.9165,0.9306
0.2667,-0.7,0.9196,0.8991
0.3,-0.7,0.9227,0.8613
0.3333,-0.7,0.9257,0.8224
0.3667,-0.7,0.9286,0.788
0.4,-0.7,0.9313,0.7618
0.4333,-0.7,0.934,0.7453
0.4667,-0.7,0.9365,0.7377
0.5,-0.7,0.939,0.7376
0.5333,-0.7,0.9413,0.7431
0.5667,-0.7,0.9436,0.7524
0.6,-0.7,0.9458,0.7643
0.6333,-0.7,0.9479,0.7775
0.6667,-0.7,0.9499,0.7914
0.7,-0.7,0.9519,0.8053
0.7333,-0.7,0.9537,0.819
0.7667,-0.7,0.9555,0.8321
0.8,-0.7,0.9573,0.8446
0.8333,-0.7,0.9589,0.8563
0.8667,-0.7,0.9605,0.8672
0.9,-0.7,0.962,0.8773
0.9333,-0.7,0.9635,0.8867
0.9667,-0.7,0.9649,0.8953
1,-0.7,0.9663,0.9033
1.033,-0.7,0.9676,0.9106
1.067,-0.7,0.9688,0.9173
1.1,-0.7,0.97,0.9235
1.133,-0.7,0.9711,0.9291
1.167,-0.7,0.9722,0.9343
1.2,-0.7,0.9733,0.9391
1.233,-0.7,0.9743,0.9434
1.267,-0.7,0.9753,0.9474
1.3,-0.7,0.9762,0.9511
1.333,-0.7,0.9771,0.9544
1.367,-0.7,0.978,0.9575
1.4,-0.7,0.9788,0.9604
1.433,-0.7,0.9796,0.963
1.467,-0.7,0.9803,0.9654
1.5,-0.7,0.9811,0.9676
1.533,-0.7,0.9817,0.9696
1.567,-0.7,0.9824,0.9715
1.6,-0.7,0.9831,0.9732
1.633,-0.7,0.9837,0.9748
1.667,-0.7,0.9843,0.9763
1.7,-0.7,0.9848,0.9776
1.733,-0.7,0.9854,0.9789
1.767,-0.7,0.9859,0.9801
1.8,-0.7,0.9864,0.9811
1.833,-0.7,0.9869,0.9821
1.867,-0.7,0.9873,0.9831
1.9,-0.7,0.9878,0.9839
1.933,-0.7,0.9882,0.9847
1.967,-0.7,0.9886,0.9855
2,-0.7,0.989,0.9862
2.033,-0.7,0.9894,0.9868
2.067,-0.7,0.9897,0.9874
2.1,-0.7,0.9901,0.988
2.133,-0.7,0.9904,0.9885
2.167,-0.7,0.9907,0.989
2.2,-0.7,0.9911,0.9895
2.233,-0.7,0.9914,0.9899
2.267,-0.7,0.9916,0.9903
2.3,-0.7,0.9919,0.9907
2.333,-0.7,0.9922,0.9911
2.367,-0.7,0.9924,0.9914
2.4,-0.7,0.9927,0.9917
2.433,-0.7,0.9929,0.992
2.467,-0.7,0.9931,0.9923
2.5,-0.7,0.9933,0.9926
-2.5,-0.6667,0.2873,0.04098
-2.467,-0.6667,0.2939,0.04378
-2.433,-0.6667,0.3006,0.04681
-2.4,-0.6667,0.3074,0.05011
-2.367,-0.6667,0.3143,0.0537
-2.333,-0.6667,0.3214,0.0576
-2.3,-0.6667,0.3286,0.06185
-2.267,-0.6667,0.3359,0.06647
-2.233,-0.6667,0.3434,0.0715
-2.2,-0.6667,0.351,0.07698
-2.167,-0.6667,0.3587,0.08294
-2.133,-0.6667,0.3666,0.08944
-2.1,-0.6667,0.3746,0.09651
-2.067,-0.6667,0.3827,0.1042
-2.033,-0.6667,0.3909,0.1126
-2,-0.6667,0.3992,0.1217
-1.967,-0.6667,0.4077,0.1316
-1.933,-0.6667,0.4162,0.1423
-1.9,-0.6667,0.4249,0.1539
-1.867,-0.6667,0.4336,0.1665
-1.833,-0.6667,0.4424,0.1801
-1.8,-0.6667,0.4514,0.1947
-1.767,-0.6667,0.4604,0.2105
-1.733,-0.6667,0.4695,0.2274
-1.7,-0.6667,0.4786,0.2455
-1.667,-0.6667,0.4879,0.2648
-1.633,-0.6667,0.4971,0.2853
-1.6,-0.6667,0.5065,0.3071
-1.567,-0.6667,0.5158,0.3299
-1.533,-0.6667,0.5252,0.3539
-1.5,-0.6667,0.5347,0.379
-1.467,-0.6667,0.5441,0.405
-1.433,-0.6667,0.5536,0.4318
-1.4,-0.6667,0.5631,0.4593
-1.367,-0.6667,0.5725,0.4874
-1.333,-0.6667,0.582,0.5158
-1.3,-0.6667,0.5914,0.5444
-1.267,-0.6667,0.6009,0.5729
-1.233,-0.6667,0.6102,0.6012
-1.2,-0.6667,0.6196,0.6291
-1.167,-0.6667,0.6288,0.6564
-1.133,-0.6667,0.6381,0.6828
-1.1,-0.6667,0.6472,0.7084
-1.067,-0.6667,0.6563,0.7328
-1.033,-0.6667,0.6653,0.756
-1,-0.6667,0.6742,0.778
-0.9667,-0.6667,0.683,0.7986
-0.9333,-0.6667,0.6918,0.8178
-0.9,-0.6667,0.7004,0.8357
-0.8667,-0.6667,0.7089,0.8522
-0.8333,-0.6667,0.7172,0.8674
-0.8,-0.6667,0.7255,0.8813
-0.7667,-0.6667,0.7336,0.8939
-0.7333,-0.6667,0.7416,0.9054
-0.7,-0.6667,0.7494,0.9158
-0.6667,-0.6667,0.7571,0.9251
-0.6333,-0.6667,0.7647,0.9335
-0.6,-0.6667,0.7721,0.9411
-0.5667,-0.6667,0.7794,0.9478
-0.5333,-0.6667,0.7865,0.9538
-0.5,-0.6667,0.7934,0.9591
-0.4667,-0.6667,0.8002,0.9638
-0.4333,-0.6667,0.8069,0.968
-0.4,-0.6667,0.8134,0.9717
-0.3667,-0.6667,0.8197,0.9749
-0.3333,-0.6667,0.8258,0.9777
-0.3,-0.6667,0.8318,0.9802
-0.2667,-0.6667,0.8377,0.9823
-0.2333,-0.6667,0.8434,0.9841
-0.2,-0.6667,0.8489,0.9857
-0.1667,-0.6667,0.8543,0.9869
-0.1333,-0.6667,0.8595,0.9879
-0.1,-0.6667,0.8645,0.9886
-0.06667,-0.6667,0.8694,0.9889
-0.03333,-0.6667,0.8742,0.9889
0,-0.6667,0.8788,0.9883
0.03333,-0.6667,0.8833,0.987
0.06667,-0.6667,0.8876,0.9846
0.1,-0.6667,0.8918,0.9803
0.1333,-0.6667,0.8958,0.9729
0.1667,-0.6667,0.8997,0.9607
0.2,-0.6667,0.9035,0.9414
0.2333,-0.6667,0.9072,0.913
0.2667,-0.6667,0.9107,0.876
0.3,-0.6667,0.9141,0.8339
0.3333,-0.6667,0.9174,0.7929
0.3667,-0.6667,0.9205,0.7585
0.4,-0.6667,0.9236,0.7339
0.4333,-0.6667,0.9265,0.7195
0.4667,-0.6667,0.9293,0.7143
0.5,-0.6667,0.9321,0.7163
0.5333,-0.6667,0.9347,0.7237
0.5667,-0.6667,0.9372,0.7347
0.6,-0.6667,0.9396,0.748
0.6333,-0.6667,0.942,0.7626
0.6667,-0.6667,0.9442,0.7776
0.7,-0.6667,0.9464,0.7926
0.7333,-0.6667,0.9485,0.8073
0.7667,-0.6667,0.9505,0.8213
0.8,-0.6667,0.9524,0.8346
0.8333,-0.6667,0.9543,0.8471
0.8667,-0.6667,0.956,0.8587
0.9,-0.6667,0.9577,0.8695
0.9333,-0.6667,0.9594,0.8795
0.9667,-0.6667,0.9609,0.8888
1,-0.6667,0.9624,0.8973
1.033,-0.6667,0.9639,0.9051
1.067,-0.6667,0.9653,0.9123
1.1,-0.6667,0.9666,0.9189
1.133,-0.6667,0.9679,0.9249
1.167,-0.6667,0.9691,0.9304
1.2,-0.6667,0.9703,0.9355
1.233,-0.6667,0.9714,0.9402
1.267,-0.6667,0.9725,0.9444
1.3,-0.6667,0.9736,0.9483
1.333,-0.6667,0.9746,0.9519
1.367,-0.6667,0.9755,0.9552
1.4,-0.6667,0.9765,0.9582
1.433,-0.6667,0.9773,0.961
1.467,-0.6667,0.9782,0.9636
1.5,-0.6667,0.979,0.9659
1.533,-0.6667,0.9798,0.9681
1.567,-0.6667,0.9805,0.9701
1.6,-0.6667,0.9813,0.9719
1.633,-0.6667,0.9819,0.9736
1.667,-0.6667,0.9826,0.9752
1.7,-0.6667,0.9832,0.9766
1.733,-0.6667,0.9838,0.9779
1.767,-0.6667,0.9844,0.9792
1.8,-0.6667,0.985,0.9803
1.833,-0.6667,0.9855,0.9814
1.867,-0.6667,0.986,0.9824
1.9,-0.6667,0.9865,0.9833
1.933,-0.6667,0.987,0.9841
1.967,-0.6667,0.9875,0.9849
2,-0.6667,0.9879,0.9857
2.033,-0.6667,0.9883,0.9863
2.067,-0.6667,0.9887,0.987
2.1,-0.6667,0.9891,0.9876
2.133,-0.6667,0.9895,0.9881
2.167,-0.6667,0.9898,0.9887
2.2,-0.6667,0.9902,0.9892
2.233,-0.6667,0.9905,0.9896
2.267,-0.6667,0.9908,0.99
2.3,-0.6667,0.9911,0.9904
2.333,-0.6667,0.9914,0.9908
2.367,-0.6667,0.9917,0.9912
2.4,-0.6667,0.992,0.9915
2.433,-0.6667,0.9922,0.9918
2.467,-0.6667,0.9925,0.9921
2.5,-0.6667,0.9927,0.9924
-2.5,-0.6333,0.2702,0.03901
-2.467,-0.6333,0.2764,0.04164
-2.433,-0.6333,0.2827,0.0445
-2.4,-0.6333,0.2892,0.0476
-2.367,-0.6333,0.2957,0.05096
-2.333,-0.6333,0.3024,0.05463
-2.3,-0.6333,0.3093,0.05861
-2.267,-0.6333,0.3163,0.06294
-2.233,-0.6333,0.3234,0.06766
-2.2,-0.6333,0.3306,0.0728
-2.167,-0.6333,0.338,0.07839
-2.133,-0.6333,0.3455,0.08448
-2.1,-0.6333,0.3531,0.09111
-2.067,-0.6333,0.3609,0.09833
-2.033,-0.6333,0.3688,0.1062
-2,-0.6333,0.3768,0.1147
-1.967,-0.6333,0.385,0.124
-1.933,-0.6333,0.3932,0.1341
-1.9,-0.6333,0.4016,0.145
-1.867,-0.6333,0.41,0.1569
-1.833,-0.6333,0.4186,0.1697
-1.8,-0.6333,0.4273,0.1836
-1.767,-0.6333,0.4361,0.1985
-1.733,-0.6333,0.4449,0.2145
-1.7,-0.6333,0.4539,0.2317
-1.667,-0.6333,0.4629,0.2501
-1.633,-0.6333,0.472,0.2697
-1.6,-0.6333,0.4812,0.2905
-1.567,-0.6333,0.4904,0.3125
-1.533,-0.6333,0.4997,0.3357
-1.5,-0.6333,0.5091,0.36
-1.467,-0.6333,0.5185,0.3853
-1.433,-0.6333,0.5279,0.4115
-1.4,-0.6333,0.5373,0.4385
-1.367,-0.6333,0.5468,0.4662
-1.333,-0.6333,0.5563,0.4943
-1.3,-0.6333,0.5657,0.5228
-1.267,-0.6333,0.5752,0.5514
-1.233,-0.6333,0.5846,0.5799
-1.2,-0.6333,0.5941,0.6081
-1.167,-0.6333,0.6035,0.6359
-1.133,-0.6333,0.6128,0.6629
-1.1,-0.6333,0.6222,0.6892
-1.067,-0.6333,0.6314,0.7144
-1.033,-0.6333,0.6406,0.7386
-1,-0.6333,0.6498,0.7615
-0.9667,-0.6333,0.6588,0.7831
-0.9333,-0.6333,0.6678,0.8034
-0.9,-0.6333,0.6767,0.8223
-0.8667,-0.6333,0.6855,0.8399
-0.8333,-0.6333,0.6942,0.8561
-0.8,-0.6333,0.7028,0.8709
-0.7667,-0.6333,0.7112,0.8845
-0.7333,-0.6333,0.7196,0.8968
-0.7,-0.6333,0.7278,0.908
-0.6667,-0.6333,0.7359,0.9182
-0.6333,-0.6333,0.7438,0.9273
-0.6,-0.6333,0.7516,0.9354
-0.5667,-0.6333,0.7593,0.9428
-0.5333,-0.6333,0.7668,0.9493
-0.5,-0.6333,0.7742,0.9551
-0.4667,-0.6333,0.7814,0.9602
-0.4333,-0.6333,0.7885,0.9648
-0.4,-0.6333,0.7954,0.9688
-0.3667,-0.6333,0.8021,0.9724
-0.3333,-0.6333,0.8087,0.9755
-0.3,-0.6333,0.8152,0.9782
-0.2667,-0.6333,0.8214,0.9805
-0.2333,-0.6333,0.8275,0.9825
-0.2,-0.6333,0.8335,0.9841
-0.1667,-0.6333,0.8393,0.9855
-0.1333,-0.6333,0.8449,0.9865
-0.1,-0.6333,0.8504,0.9872
-0.06667,-0.6333,0.8557,0.9874
-0.03333,-0.6333,0.8609,0.9873
0,-0.6333,0.8659,0.9864
0.03333,-0.6333,0.8708,0.9846
0.06667,-0.6333,0.8755,0.9814
0.1,-0.6333,0.8801,0.9757
0.1333,-0.6333,0.8845,0.9661
0.1667,-0.6333,0.8888,0.9504
0.2,-0.6333,0.8929,0.9261
0.2333,-0.6333,0.8969,0.8918
0.2667,-0.6333,0.9008,0.8491
0.3,-0.6333,0.9045,0.8032
0.3333,-0.6333,0.9082,0.7609
0.3667,-0.6333,0.9116,0.7274
0.4,-0.6333,0.915,0.7048
0.4333,-0.6333,0.9183,0.693
0.4667,-0.6333,0.9214,0.6902
0.5,-0.6333,0.9244,0.6944
0.5333,-0.6333,0.9273,0.7037
0.5667,-0.6333,0.9301,0.7163
0.6,-0.6333,0.9328,0.7311
0.6333,-0.6333,0.9354,0.7469
0.6667,-0.6333,0.9379,0.7631
0.7,-0.6333,0.9403,0.7792
0.7333,-0.6333,0.9426,0.7949
0.7667,-0.6333,0.9449,0.8098
0.8,-0.6333,0.947,0.824
0.8333,-0.6333,0.9491,0.8373
0.8667,-0.6333,0.951,0.8497
0.9,-0.6333,0.9529,0.8613
0.9333,-0.6333,0.9548,0.8719
0.9667,-0.6333,0.9565,0.8818
1,-0.6333,0.9582,0.8909
1.033,-0.6333,0.9598,0.8992
1.067,-0.6333,0.9614,0.9069
1.1,-0.6333,0.9629,0.9139
1.133,-0.6333,0.9643,0.9204
1.167,-0.6333,0.9657,0.9263
1.2,-0.6333,0.967,0.9317
1.233,-0.6333,0.9683,0.9367
1.267,-0.6333,0.9695,0.9412
1.3,-0.6333,0.9706,0.9454
1.333,-0.6333,0.9718,0.9492
1.367,-0.6333,0.9728,0.9528
1.4,-0.6333,0.9739,0.956
1.433,-0.6333,0.9749,0.9589
1.467,-0.6333,0.9758,0.9617
1.5,-0.6333,0.9767,0.9642
1.533,-0.6333,0.9776,0.9665
1.567,-0.6333,0.9784,0.9686
1.6,-0.6333,0.9792,0.9705
1.633,-0.6333,0.98,0.9723
1.667,-0.6333,0.9807,0.974
1.7,-0.6333,0.9814,0.9755
1.733,-0.6333,0.9821,0.9769
1.767,-0.6333,0.9828,0.9783
1.8,-0.6333,0.9834,0.9795
1.833,-0.6333,0.984,0.9806
1.867,-0.6333,0.9846,0.9816
1.9,-0.6333,0.9851,0.9826
1.933,-0.6333,0.9857,0.9835
1.967,-0.6333,0.9862,0.9843
2,-0.6333,0.9867,0.9851
2.033,-0.6333,0.9871,0.9858
2.067,-0.6333,0.9876,0.9865
2.1,-0.6333,0.988,0.9871
2.133,-0.6333,0.9884,0.9877
2.167,-0.6333,0.9888,0.9883
2.2,-0.6333,0.9892,0.9888
2.233,-0.6333,0.9896,0.9893
2.267,-0.6333,0.9899,0.9897
2.3,-0.6333,0.9903,0.9901
2.333,-0.6333,0.9906,0.9905
2.367,-0.6333,0.9909,0.9909
2.4,-0.6333,0.9912,0.9913
2.433,-0.6333,0.9915,0.9916
2.467,-0.6333,0.9918,0.9919
2.5,-0.6333,0.9921,0.9922
-2.5,-0.6,0.2541,0.03717
-2.467,-0.6,0.2599,0.03964
-2.433,-0.6,0.2659,0.04232
-2.4,-0.6,0.272,0.04523
-2.367,-0.6,0.2782,0.04839
-2.333,-0.6,0.2845,0.05183
-2.3,-0.6,0.291,0.05557
-2.267,-0.6,0.2976,0.05964
-2.233,-0.6,0.3043,0.06406
-2.2,-0.6,0.3112,0.06888
-2.167,-0.6,0.3182,0.07412
-2.133,-0.6,0.3254,0.07983
-2.1,-0.6,0.3327,0.08605
-2.067,-0.6,0.3401,0.09282
-2.033,-0.6,0.3476,0.1002
-2,-0.6,0.3553,0.1082
-1.967,-0.6,0.3631,0.1169
-1.933,-0.6,0.371,0.1264
-1.9,-0.6,0.3791,0.1367
-1.867,-0.6,0.3872,0.1479
-1.833,-0.6,0.3955,0.1599
-1.8,-0.6,0.4039,0.173
-1.767,-0.6,0.4124,0.1871
-1.733,-0.6,0.421,0.2023
-1.7,-0.6,0.4297,0.2186
-1.667,-0.6,0.4385,0.2361
-1.633,-0.6,0.4474,0.2548
-1.6,-0.6,0.4564,0.2747
-1.567,-0.6,0.4655,0.2958
-1.533,-0.6,0.4746,0.3181
-1.5,-0.6,0.4838,0.3415
-1.467,-0.6,0.493,0.3661
-1.433,-0.6,0.5024,0.3916
-1.4,-0.6,0.5117,0.418
-1.367,-0.6,0.5211,0.4452
-1.333,-0.6,0.5305,0.473
-1.3,-0.6,0.54,0.5013
-1.267,-0.6,0.5494,0.5298
-1.233,-0.6,0.5589,0.5584
-1.2,-0.6,0.5684,0.5868
-1.167,-0.6,0.5778,0.615
-1.133,-0.6,0.5873,0.6425
-1.1,-0.6,0.5967,0.6694
-1.067,-0.6,0.6061,0.6955
-1.033,-0.6,0.6155,0.7204
-1,-0.6,0.6248,0.7443
-0.9667,-0.6,0.634,0.7669
-0.9333,-0.6,0.6432,0.7882
-0.9,-0.6,0.6523,0.8082
-0.8667,-0.6,0.6614,0.8267
-0.8333,-0.6,0.6703,0.844
-0.8,-0.6,0.6792,0.8598
-0.7667,-0.6,0.6879,0.8743
-0.7333,-0.6,0.6966,0.8876
-0.7,-0.6,0.7051,0.8997
-0.6667,-0.6,0.7136,0.9106
-0.6333,-0.6,0.7219,0.9205
-0.6,-0.6,0.73,0.9293
-0.5667,-0.6,0.7381,0.9373
-0.5333,-0.6,0.746,0.9444
-0.5,-0.6,0.7538,0.9507
-0.4667,-0.6,0.7614,0.9563
-0.4333,-0.6,0.7689,0.9613
-0.4,-0.6,0.7762,0.9657
-0.3667,-0.6,0.7834,0.9696
-0.3333,-0.6,0.7904,0.973
-0.3,-0.6,0.7973,0.9759
-0.2667,-0.6,0.804,0.9784
-0.2333,-0.6,0.8105,0.9806
-0.2,-0.6,0.8169,0.9824
-0.1667,-0.6,0.8232,0.9838
-0.1333,-0.6,0.8292,0.9849
-0.1,-0.6,0.8351,0.9855
-0.06667,-0.6,0.8409,0.9857
-0.03333,-0.6,0.8465,0.9853
0,-0.6,0.8519,0.9841
0.03333,-0.6,0.8572,0.9817
0.06667,-0.6,0.8623,0.9773
0.1,-0.6,0.8673,0.9699
0.1333,-0.6,0.8721,0.9574
0.1667,-0.6,0.8768,0.9373
0.2,-0.6,0.8813,0.9072
0.2333,-0.6,0.8857,0.8664
0.2667,-0.6,0.89,0.8183
0.3,-0.6,0.8941,0.7694
0.3333,-0.6,0.898,0.7269
0.3667,-0.6,0.9019,0.695
0.4,-0.6,0.9056,0.6749
0.4333,-0.6,0.9091,0.6657
0.4667,-0.6,0.9126,0.6655
0.5,-0.6,0.9159,0.6719
0.5333,-0.6,0.9191,0.683
0.5667,-0.6,0.9222,0.6973
0.6,-0.6,0.9252,0.7134
0.6333,-0.6,0.9281,0.7306
0.6667,-0.6,0.9309,0.7479
0.7,-0.6,0.9335,0.7651
0.7333,-0.6,0.9361,0.7818
0.7667,-0.6,0.9386,0.7977
0.8,-0.6,0.941,0.8128
0.8333,-0.6,0.9433,0.827
0.8667,-0.6,0.9455,0.8402
0.9,-0.6,0.9476,0.8525
0.9333,-0.6,0.9496,0.8639
0.9667,-0.6,0.9516,0.8744
1,-0.6,0.9534,0.884
1.033,-0.6,0.9553,0.893
1.067,-0.6,0.957,0.9011
1.1,-0.6,0.9587,0.9087
1.133,-0.6,0.9603,0.9155
1.167,-0.6,0.9618,0.9219
1.2,-0.6,0.9633,0.9277
1.233,-0.6,0.9647,0.933
1.267,-0.6,0.966,0.9378
1.3,-0.6,0.9673,0.9423
1.333,-0.6,0.9686,0.9464
1.367,-0.6,0.9698,0.9501
1.4,-0.6,0.971,0.9536
1.433,-0.6,0.9721,0.9567
1.467,-0.6,0.9731,0.9596
1.5,-0.6,0.9741,0.9623
1.533,-0.6,0.9751,0.9647
1.567,-0.6,0.9761,0.967
1.6,-0.6,0.977,0.9691
1.633,-0.6,0.9778,0.971
1.667,-0.6,0.9787,0.9728
1.7,-0.6,0.9794,0.9744
1.733,-0.6,0.9802,0.9759
1.767,-0.6,0.9809,0.9773
1.8,-0.6,0.9816,0.9786
1.833,-0.6,0.9823,0.9798
1.867,-0.6,0.983,0.9809
1.9,-0.6,0.9836,0.9819
1.933,-0.6,0.9842,0.9828
1.967,-0.6,0.9847,0.9837
2,-0.6,0.9853,0.9845
2.033,-0.6,0.9858,0.9853
2.067,-0.6,0.9863,0.986
2.1,-0.6,0.9868,0.9867
2.133,-0.6,0.9873,0.9873
2.167,-0.6,0.9877,0.9879
2.2,-0.6,0.9881,0.9884
2.233,-0.6,0.9886,0.9889
2.267,-0.6,0.9889,0.9894
2.3,-0.6,0.9893,0.9898
2.333,-0.6,0.9897,0.9902
2.367,-0.6,0.99,0.9906
2.4,-0.6,0.9904,0.991
2.433,-0.6,0.9907,0.9913
2.467,-0.6,0.991,0.9917
2.5,-0.6,0.9913,0.992
-2.5,-0.5667,0.239,0.03543
-2.467,-0.5667,0.2444,0.03775
-2.433,-0.5667,0.25,0.04027
-2.4,-0.5667,0.2558,0.04301
-2.367,-0.5667,0.2616,0.04598
-2.333,-0.5667,0.2676,0.04921
-2.3,-0.5667,0.2737,0.05272
-2.267,-0.5667,0.2799,0.05653
-2.233,-0.5667,0.2863,0.06068
-2.2,-0.5667,0.2928,0.0652
-2.167,-0.5667,0.2995,0.07012
-2.133,-0.5667,0.3063,0.07548
-2.1,-0.5667,0.3132,0.08131
-2.067,-0.5667,0.3202,0.08766
-2.033,-0.5667,0.3274,0.09457
-2,-0.5667,0.3347,0.1021
-1.967,-0.5667,0.3422,0.1103
-1.933,-0.5667,0.3498,0.1192
-1.9,-0.5667,0.3575,0.1289
-1.867,-0.5667,0.3653,0.1393
-1.833,-0.5667,0.3733,0.1507
-1.8,-0.5667,0.3814,0.163
-1.767,-0.5667,0.3896,0.1764
-1.733,-0.5667,0.3979,0.1907
-1.7,-0.5667,0.4063,0.2062
-1.667,-0.5667,0.4148,0.2228
-1.633,-0.5667,0.4235,0.2406
-1.6,-0.5667,0.4322,0.2596
-1.567,-0.5667,0.441,0.2798
-1.533,-0.5667,0.4499,0.3012
-1.5,-0.5667,0.4589,0.3237
-1.467,-0.5667,0.468,0.3474
-1.433,-0.5667,0.4772,0.3722
-1.4,-0.5667,0.4864,0.398
-1.367,-0.5667,0.4956,0.4246
-1.333,-0.5667,0.505,0.452
-1.3,-0.5667,0.5143,0.4799
-1.267,-0.5667,0.5237,0.5082
-1.233,-0.5667,0.5332,0.5368
-1.2,-0.5667,0.5426,0.5654
-1.167,-0.5667,0.5521,0.5937
-1.133,-0.5667,0.5616,0.6218
-1.1,-0.5667,0.571,0.6492
-1.067,-0.5667,0.5805,0.6759
-1.033,-0.5667,0.5899,0.7017
-1,-0.5667,0.5994,0.7264
-0.9667,-0.5667,0.6087,0.7499
-0.9333,-0.5667,0.6181,0.7722
-0.9,-0.5667,0.6274,0.7932
-0.8667,-0.5667,0.6366,0.8128
-0.8333,-0.5667,0.6458,0.8311
-0.8,-0.5667,0.6549,0.8479
-0.7667,-0.5667,0.6639,0.8635
-0.7333,-0.5667,0.6728,0.8777
-0.7,-0.5667,0.6816,0.8907
-0.6667,-0.5667,0.6904,0.9024
-0.6333,-0.5667,0.699,0.9131
-0.6,-0.5667,0.7075,0.9227
-0.5667,-0.5667,0.7159,0.9313
-0.5333,-0.5667,0.7242,0.939
-0.5,-0.5667,0.7323,0.9459
-0.4667,-0.5667,0.7403,0.9521
-0.4333,-0.5667,0.7482,0.9575
-0.4,-0.5667,0.7559,0.9623
-0.3667,-0.5667,0.7635,0.9665
-0.3333,-0.5667,0.7709,0.9702
-0.3,-0.5667,0.7782,0.9734
-0.2667,-0.5667,0.7854,0.9762
-0.2333,-0.5667,0.7923,0.9785
-0.2,-0.5667,0.7992,0.9804
-0.1667,-0.5667,0.8058,0.9819
-0.1333,-0.5667,0.8123,0.983
-0.1,-0.5667,0.8187,0.9836
-0.06667,-0.5667,0.8249,0.9837
-0.03333,-0.5667,0.8309,0.983
0,-0.5667,0.8368,0.9813
0.03333,-0.5667,0.8425,0.978
0.06667,-0.5667,0.848,0.9723
0.1,-0.5667,0.8534,0.9625
0.1333,-0.5667,0.8587,0.9464
0.1667,-0.5667,0.8637,0.921
0.2,-0.5667,0.8687,0.8841
0.2333,-0.5667,0.8735,0.8366
0.2667,-0.5667,0.8781,0.7836
0.3,-0.5667,0.8826,0.7329
0.3333,-0.5667,0.8869,0.6911
0.3667,-0.5667,0.8911,0.6615
0.4,-0.5667,0.8952,0.6444
0.4333,-0.5667,0.8991,0.638
0.4667,-0.5667,0.9029,0.6402
0.5,-0.5667,0.9066,0.6488
0.5333,-0.5667,0.9101,0.6617
0.5667,-0.5667,0.9135,0.6776
0.6,-0.5667,0.9168,0.6951
0.6333,-0.5667,0.92,0.7135
0.6667,-0.5667,0.9231,0.7321
0.7,-0.5667,0.926,0.7503
0.7333,-0.5667,0.9289,0.768
0.7667,-0.5667,0.9316,0.7849
0.8,-0.5667,0.9343,0.801
0.8333,-0.5667,0.9368,0.816
0.8667,-0.5667,0.9393,0.83
0.9,-0.5667,0.9416,0.8431
0.9333,-0.5667,0.9439,0.8552
0.9667,-0.5667,0.9461,0.8664
1,-0.5667,0.9482,0.8768
1.033,-0.5667,0.9502,0.8863
1.067,-0.5667,0.9521,0.895
1.1,-0.5667,0.954,0.903
1.133,-0.5667,0.9557,0.9104
1.167,-0.5667,0.9575,0.9171
1.2,-0.5667,0.9591,0.9233
1.233,-0.5667,0.9607,0.929
1.267,-0.5667,0.9622,0.9342
1.3,-0.5667,0.9637,0.939
1.333,-0.5667,0.9651,0.9433
1.367,-0.5667,0.9664,0.9473
1.4,-0.5667,0.9677,0.951
1.433,-0.5667,0.9689,0.9544
1.467,-0.5667,0.9701,0.9575
1.5,-0.5667,0.9713,0.9603
1.533,-0.5667,0.9724,0.9629
1.567,-0.5667,0.9734,0.9653
1.6,-0.5667,0.9744,0.9675
1.633,-0.5667,0.9754,0.9696
1.667,-0.5667,0.9763,0.9714
1.7,-0.5667,0.9772,0.9732
1.733,-0.5667,0.9781,0.9748
1.767,-0.5667,0.9789,0.9762
1.8,-0.5667,0.9797,0.9776
1.833,-0.5667,0.9804,0.9789
1.867,-0.5667,0.9811,0.98
1.9,-0.5667,0.9818,0.9811
1.933,-0.5667,0.9825,0.9821
1.967,-0.5667,0.9831,0.983
2,-0.5667,0.9837,0.9839
2.033,-0.5667,0.9843,0.9847
2.067,-0.5667,0.9849,0.9855
2.1,-0.5667,0.9854,0.9862
2.133,-0.5667,0.986,0.9868
2.167,-0.5667,0.9865,0.9874
2.2,-0.5667,0.9869,0.988
2.233,-0.5667,0.9874,0.9885
2.267,-0.5667,0.9878,0.989
2.3,-0.5667,0.9883,0.9895
2.333,-0.5667,0.9887,0.9899
2.367,-0.5667,0.9891,0.9903
2.4,-0.5667,0.9894,0.9907
2.433,-0.5667,0.9898,0.9911
2.467,-0.5667,0.9901,0.9914
2.5,-0.5667,0.9905,0.9917
-2.5,-0.5333,0.2248,0.03379
-2.467,-0.5333,0.2299,0.03598
-2.433,-0.5333,0.2351,0.03835
-2.4,-0.5333,0.2405,0.04092
-2.367,-0.5333,0.246,0.04371
-2.333,-0.5333,0.2516,0.04675
-2.3,-0.5333,0.2574,0.05004
-2.267,-0.5333,0.2633,0.05362
-2.233,-0.5333,0.2693,0.05752
-2.2,-0.5333,0.2754,0.06176
-2.167,-0.5333,0.2817,0.06637
-2.133,-0.5333,0.2881,0.07139
-2.1,-0.5333,0.2947,0.07686
-2.067,-0.5333,0.3014,0.08281
-2.033,-0.5333,0.3082,0.08929
-2,-0.5333,0.3151,0.09635
-1.967,-0.5333,0.3222,0.104
-1.933,-0.5333,0.3295,0.1124
-1.9,-0.5333,0.3368,0.1215
-1.867,-0.5333,0.3443,0.1313
-1.833,-0.5333,0.3519,0.142
-1.8,-0.5333,0.3597,0.1537
-1.767,-0.5333,0.3675,0.1662
-1.733,-0.5333,0.3755,0.1798
-1.7,-0.5333,0.3836,0.1944
-1.667,-0.5333,0.3919,0.2102
-1.633,-0.5333,0.4002,0.2271
-1.6,-0.5333,0.4087,0.2451
-1.567,-0.5333,0.4172,0.2644
-1.533,-0.5333,0.4259,0.2849
-1.5,-0.5333,0.4347,0.3066
-1.467,-0.5333,0.4435,0.3294
-1.433,-0.5333,0.4525,0.3534
-1.4,-0.5333,0.4615,0.3784
-1.367,-0.5333,0.4706,0.4044
-1.333,-0.5333,0.4797,0.4312
-1.3,-0.5333,0.489,0.4587
-1.267,-0.5333,0.4983,0.4868
-1.233,-0.5333,0.5076,0.5152
-1.2,-0.5333,0.517,0.5438
-1.167,-0.5333,0.5264,0.5723
-1.133,-0.5333,0.5358,0.6006
-1.1,-0.5333,0.5453,0.6285
-1.067,-0.5333,0.5547,0.6558
-1.033,-0.5333,0.5642,0.6823
-1,-0.5333,0.5737,0.7078
-0.9667,-0.5333,0.5831,0.7323
-0.9333,-0.5333,0.5926,0.7555
-0.9,-0.5333,0.602,0.7775
-0.8667,-0.5333,0.6114,0.7981
-0.8333,-0.5333,0.6207,0.8174
-0.8,-0.5333,0.63,0.8353
-0.7667,-0.5333,0.6392,0.8519
-0.7333,-0.5333,0.6483,0.8671
-0.7,-0.5333,0.6574,0.881
-0.6667,-0.5333,0.6664,0.8936
-0.6333,-0.5333,0.6753,0.9051
-0.6,-0.5333,0.6841,0.9155
-0.5667,-0.5333,0.6928,0.9248
-0.5333,-0.5333,0.7014,0.9332
-0.5,-0.5333,0.7099,0.9407
-0.4667,-0.5333,0.7182,0.9474
-0.4333,-0.5333,0.7265,0.9533
-0.4,-0.5333,0.7346,0.9585
-0.3667,-0.5333,0.7425,0.9631
-0.3333,-0.5333,0.7504,0.9672
-0.3,-0.5333,0.7581,0.9707
-0.2667,-0.5333,0.7656,0.9737
-0.2333,-0.5333,0.773,0.9762
-0.2,-0.5333,0.7802,0.9782
-0.1667,-0.5333,0.7873,0.9798
-0.1333,-0.5333,0.7943,0.9809
-0.1,-0.5333,0.8011,0.9814
-0.06667,-0.5333,0.8077,0.9813
-0.03333,-0.5333,0.8141,0.9802
0,-0.5333,0.8204,0.9779
0.03333,-0.5333,0.8266,0.9735
0.06667,-0.5333,0.8326,0.966
0.1,-0.5333,0.8384,0.9532
0.1333,-0.5333,0.844,0.9325
0.1667,-0.5333,0.8496,0.9007
0.2,-0.5333,0.8549,0.8565
0.2333,-0.5333,0.8601,0.8024
0.2667,-0.5333,0.8651,0.7455
0.3,-0.5333,0.87,0.6941
0.3333,-0.5333,0.8748,0.6541
0.3667,-0.5333,0.8794,0.6275
0.4,-0.5333,0.8838,0.6135
0.4333,-0.5333,0.8881,0.61
0.4667,-0.5333,0.8923,0.6146
0.5,-0.5333,0.8963,0.6252
0.5333,-0.5333,0.9002,0.6399
0.5667,-0.5333,0.904,0.6573
0.6,-0.5333,0.9076,0.6762
0.6333,-0.5333,0.9111,0.6958
0.6667,-0.5333,0.9145,0.7155
0.7,-0.5333,0.9177,0.7348
0.7333,-0.5333,0.9209,0.7536
0.7667,-0.5333,0.9239,0.7715
0.8,-0.5333,0.9269,0.7884
0.8333,-0.5333,0.9297,0.8044
0.8667,-0.5333,0.9324,0.8193
0.9,-0.5333,0.935,0.8332
0.9333,-0.5333,0.9375,0.8461
0.9667,-0.5333,0.9399,0.858
1,-0.5333,0.9423,0.869
1.033,-0.5333,0.9445,0.8791
1.067,-0.5333,0.9467,0.8885
1.1,-0.5333,0.9487,0.897
1.133,-0.5333,0.9507,0.9049
1.167,-0.5333,0.9526,0.9121
1.2,-0.5333,0.9545,0.9187
1.233,-0.5333,0.9562,0.9248
1.267,-0.5333,0.9579,0.9303
1.3,-0.5333,0.9596,0.9354
1.333,-0.5333,0.9611,0.9401
1.367,-0.5333,0.9626,0.9443
1.4,-0.5333,0.9641,0.9483
1.433,-0.5333,0.9655,0.9518
1.467,-0.5333,0.9668,0.9551
1.5,-0.5333,0.9681,0.9582
1.533,-0.5333,0.9693,0.961
1.567,-0.5333,0.9705,0.9635
1.6,-0.5333,0.9716,0.9659
1.633,-0.5333,0.9727,0.968
1.667,-0.5333,0.9737,0.97
1.7,-0.5333,0.9747,0.9719
1.733,-0.5333,0.9757,0.9736
1.767,-0.5333,0.9766,0.9751
1.8,-0.5333,0.9774,0.9766
1.833,-0.5333,0.9783,0.9779
1.867,-0.5333,0.9791,0.9792
1.9,-0.5333,0.9799,0.9803
1.933,-0.5333,0.9806,0.9814
1.967,-0.5333,0.9813,0.9824
2,-0.5333,0.982,0.9833
2.033,-0.5333,0.9827,0.9841
2.067,-0.5333,0.9833,0.9849
2.1,-0.5333,0.9839,0.9856
2.133,-0.5333,0.9845,0.9863
2.167,-0.5333,0.9851,0.987
2.2,-0.5333,0.9856,0.9876
2.233,-0.5333,0.9861,0.9881
2.267,-0.5333,0.9866,0.9887
2.3,-0.5333,0.9871,0.9891
2.333,-0.5333,0.9875,0.9896
2.367,-0.5333,0.988,0.99
2.4,-0.5333,0.9884,0.9904
2.433,-0.5333,0.9888,0.9908
2.467,-0.5333,0.9892,0.9912
2.5,-0.5333,0.9895,0.9915
-2.5,-0.5,0.2115,0.03225
-2.467,-0.5,0.2163,0.03431
-2.433,-0.5,0.2212,0.03654
-2.4,-0.5,0.2262,0.03896
-2.367,-0.5,0.2314,0.04158
-2.333,-0.5,0.2366,0.04443
-2.3,-0.5,0.242,0.04753
-2.267,-0.5,0.2476,0.05089
-2.233,-0.5,0.2532,0.05454
-2.2,-0.5,0.259,0.05852
-2.167,-0.5,0.2649,0.06285
-2.133,-0.5,0.271,0.06756
-2.1,-0.5,0.2772,0.07268
-2.067,-0.5,0.2835,0.07827
-2.033,-0.5,0.2899,0.08435
-2,-0.5,0.2965,0.09097
-1.967,-0.5,0.3033,0.09817
-1.933,-0.5,0.3101,0.106
-1.9,-0.5,0.3171,0.1145
-1.867,-0.5,0.3242,0.1238
-1.833,-0.5,0.3315,0.1339
-1.8,-0.5,0.3389,0.1448
-1.767,-0.5,0.3464,0.1566
-1.733,-0.5,0.3541,0.1694
-1.7,-0.5,0.3619,0.1833
-1.667,-0.5,0.3698,0.1982
-1.633,-0.5,0.3778,0.2142
-1.6,-0.5,0.3859,0.2314
-1.567,-0.5,0.3942,0.2497
-1.533,-0.5,0.4026,0.2693
-1.5,-0.5,0.4111,0.2901
-1.467,-0.5,0.4197,0.3121
-1.433,-0.5,0.4283,0.3352
-1.4,-0.5,0.4371,0.3594
-1.367,-0.5,0.446,0.3847
-1.333,-0.5,0.455,0.4109
-1.3,-0.5,0.464,0.4379
-1.267,-0.5,0.4731,0.4656
-1.233,-0.5,0.4823,0.4937
-1.2,-0.5,0.4916,0.5222
-1.167,-0.5,0.5009,0.5508
-1.133,-0.5,0.5102,0.5793
-1.1,-0.5,0.5196,0.6075
-1.067,-0.5,0.529,0.6353
-1.033,-0.5,0.5385,0.6624
-1,-0.5,0.5479,0.6886
-0.9667,-0.5,0.5574,0.7139
-0.9333,-0.5,0.5669,0.7381
-0.9,-0.5,0.5763,0.761
-0.8667,-0.5,0.5858,0.7827
-0.8333,-0.5,0.5952,0.803
-0.8,-0.5,0.6046,0.8219
-0.7667,-0.5,0.614,0.8395
-0.7333,-0.5,0.6233,0.8557
-0.7,-0.5,0.6325,0.8705
-0.6667,-0.5,0.6417,0.8841
-0.6333,-0.5,0.6509,0.8965
-0.6,-0.5,0.6599,0.9077
-0.5667,-0.5,0.6689,0.9178
-0.5333,-0.5,0.6778,0.9269
-0.5,-0.5,0.6865,0.935
-0.4667,-0.5,0.6952,0.9423
-0.4333,-0.5,0.7038,0.9487
-0.4,-0.5,0.7122,0.9544
-0.3667,-0.5,0.7205,0.9594
-0.3333,-0.5,0.7287,0.9638
-0.3,-0.5,0.7368,0.9676
-0.2667,-0.5,0.7447,0.9709
-0.2333,-0.5,0.7525,0.9736
-0.2,-0.5,0.7602,0.9758
-0.1667,-0.5,0.7677,0.9774
-0.1333,-0.5,0.775,0.9785
-0.1,-0.5,0.7822,0.9789
-0.06667,-0.5,0.7893,0.9785
-0.03333,-0.5,0.7962,0.9769
0,-0.5,0.8029,0.9737
0.03333,-0.5,0.8095,0.9679
0.06667,-0.5,0.8159,0.958
0.1,-0.5,0.8222,0.9415
0.1333,-0.5,0.8283,0.9151
0.1667,-0.5,0.8342,0.876
0.2,-0.5,0.84,0.8239
0.2333,-0.5,0.8456,0.7639
0.2667,-0.5,0.8511,0.7043
0.3,-0.5,0.8564,0.6536
0.3333,-0.5,0.8615,0.6163
0.3667,-0.5,0.8665,0.5931
0.4,-0.5,0.8714,0.5824
0.4333,-0.5,0.8761,0.5818
0.4667,-0.5,0.8806,0.5888
0.5,-0.5,0.885,0.6013
0.5333,-0.5,0.8893,0.6177
0.5667,-0.5,0.8934,0.6365
0.6,-0.5,0.8974,0.6566
0.6333,-0.5,0.9013,0.6774
0.6667,-0.5,0.905,0.6982
0.7,-0.5,0.9086,0.7186
0.7333,-0.5,0.9121,0.7384
0.7667,-0.5,0.9154,0.7573
0.8,-0.5,0.9186,0.7752
0.8333,-0.5,0.9218,0.7921
0.8667,-0.5,0.9248,0.8079
0.9,-0.5,0.9277,0.8226
0.9333,-0.5,0.9304,0.8363
0.9667,-0.5,0.9331,0.849
1,-0.5,0.9357,0.8607
1.033,-0.5,0.9382,0.8715
1.067,-0.5,0.9406,0.8815
1.1,-0.5,0.9429,0.8906
1.133,-0.5,0.9451,0.899
1.167,-0.5,0.9472,0.9067
1.2,-0.5,0.9493,0.9138
1.233,-0.5,0.9513,0.9202
1.267,-0.5,0.9532,0.9262
1.3,-0.5,0.955,0.9316
1.333,-0.5,0.9567,0.9366
1.367,-0.5,0.9584,0.9411
1.4,-0.5,0.96,0.9453
1.433,-0.5,0.9616,0.9492
1.467,-0.5,0.963,0.9527
1.5,-0.5,0.9645,0.9559
1.533,-0.5,0.9658,0.9589
1.567,-0.5,0.9671,0.9616
1.6,-0.5,0.9684,0.9641
1.633,-0.5,0.9696,0.9664
1.667,-0.5,0.9708,0.9685
1.7,-0.5,0.9719,0.9705
1.733,-0.5,0.973,0.9723
1.767,-0.5,0.974,0.974
1.8,-0.5,0.975,0.9755
1.833,-0.5,0.9759,0.9769
1.867,-0.5,0.9768,0.9782
1.9,-0.5,0.9777,0.9794
1.933,-0.5,0.9785,0.9806
1.967,-0.5,0.9793,0.9816
2,-0.5,0.9801,0.9826
2.033,-0.5,0.9808,0.9835
2.067,-0.5,0.9815,0.9843
2.1,-0.5,0.9822,0.9851
2.133,-0.5,0.9829,0.9858
2.167,-0.5,0.9835,0.9865
2.2,-0.5,0.9841,0.9871
2.233,-0.5,0.9847,0.9877
2.267,-0.5,0.9852,0.9883
2.3,-0.5,0.9857,0.9888
2.333,-0.5,0.9862,0.9893
2.367,-0.5,0.9867,0.9897
2.4,-0.5,0.9872,0.9901
2.433,-0.5,0.9876,0.9905
2.467,-0.5,0.9881,0.9909
2.5,-0.5,0.9885,0.9912
-2.5,-0.4667,0.199,0.0308
-2.467,-0.4667,0.2035,0.03274
-2.433,-0.4667,0.2081,0.03484
-2.4,-0.4667,0.2128,0.03711
-2.367,-0.4667,0.2176,0.03958
-2.333,-0.4667,0.2226,0.04226
-2.3,-0.4667,0.2276,0.04517
-2.267,-0.4667,0.2328,0.04832
-2.233,-0.4667,0.2381,0.05176
-2.2,-0.4667,0.2436,0.05549
-2.167,-0.4667,0.2491,0.05955
-2.133,-0.4667,0.2548,0.06396
-2.1,-0.4667,0.2607,0.06877
-2.067,-0.4667,0.2666,0.07401
-2.033,-0.4667,0.2727,0.07971
-2,-0.4667,0.2789,0.08592
-1.967,-0.4667,0.2853,0.09267
-1.933,-0.4667,0.2918,0.1
-1.9,-0.4667,0.2984,0.108
-1.867,-0.4667,0.3052,0.1167
-1.833,-0.4667,0.3121,0.1262
-1.8,-0.4667,0.3191,0.1365
-1.767,-0.4667,0.3263,0.1476
-1.733,-0.4667,0.3336,0.1597
-1.7,-0.4667,0.341,0.1727
-1.667,-0.4667,0.3486,0.1868
-1.633,-0.4667,0.3562,0.202
-1.6,-0.4667,0.3641,0.2183
-1.567,-0.4667,0.372,0.2357
-1.533,-0.4667,0.3801,0.2544
-1.5,-0.4667,0.3882,0.2743
-1.467,-0.4667,0.3965,0.2953
-1.433,-0.4667,0.4049,0.3176
-1.4,-0.4667,0.4135,0.341
-1.367,-0.4667,0.4221,0.3655
-1.333,-0.4667,0.4308,0.391
-1.3,-0.4667,0.4396,0.4174
-1.267,-0.4667,0.4485,0.4446
-1.233,-0.4667,0.4575,0.4724
-1.2,-0.4667,0.4666,0.5007
-1.167,-0.4667,0.4757,0.5292
-1.133,-0.4667,0.4849,0.5578
-1.1,-0.4667,0.4942,0.5862
-1.067,-0.4667,0.5035,0.6143
-1.033,-0.4667,0.5128,0.642
-1,-0.4667,0.5222,0.6689
-0.9667,-0.4667,0.5317,0.6949
-0.9333,-0.4667,0.5411,0.7199
-0.9,-0.4667,0.5506,0.7438
-0.8667,-0.4667,0.56,0.7664
-0.8333,-0.4667,0.5695,0.7877
-0.8,-0.4667,0.579,0.8077
-0.7667,-0.4667,0.5884,0.8263
-0.7333,-0.4667,0.5979,0.8435
-0.7,-0.4667,0.6072,0.8594
-0.6667,-0.4667,0.6166,0.874
-0.6333,-0.4667,0.6259,0.8872
-0.6,-0.4667,0.6351,0.8993
-0.5667,-0.4667,0.6443,0.9102
-0.5333,-0.4667,0.6534,0.92
-0.5,-0.4667,0.6624,0.9288
-0.4667,-0.4667,0.6714,0.9367
-0.4333,-0.4667,0.6802,0.9437
-0.4,-0.4667,0.689,0.9499
-0.3667,-0.4667,0.6976,0.9554
-0.3333,-0.4667,0.7062,0.9602
-0.3,-0.4667,0.7146,0.9643
-0.2667,-0.4667,0.7229,0.9678
-0.2333,-0.4667,0.731,0.9707
-0.2,-0.4667,0.7391,0.973
-0.1667,-0.4667,0.7469,0.9747
-0.1333,-0.4667,0.7547,0.9757
-0.1,-0.4667,0.7623,0.9759
-0.06667,-0.4667,0.7698,0.9751
-0.03333,-0.4667,0.7771,0.9729
0,-0.4667,0.7842,0.9686
0.03333,-0.4667,0.7912,0.9609
0.06667,-0.4667,0.7981,0.9479
0.1,-0.4667,0.8048,0.9266
0.1333,-0.4667,0.8113,0.8935
0.1667,-0.4667,0.8177,0.8461
0.2,-0.4667,0.8239,0.7864
0.2333,-0.4667,0.8299,0.7214
0.2667,-0.4667,0.8358,0.6609
0.3,-0.4667,0.8416,0.6122
0.3333,-0.4667,0.8471,0.5783
0.3667,-0.4667,0.8526,0.5588
0.4,-0.4667,0.8578,0.5514
0.4333,-0.4667,0.8629,0.5535
0.4667,-0.4667,0.8679,0.5628
0.5,-0.4667,0.8727,0.5771
0.5333,-0.4667,0.8774,0.595
0.5667,-0.4667,0.8819,0.6151
0.6,-0.4667,0.8862,0.6365
0.6333,-0.4667,0.8905,0.6584
0.6667,-0.4667,0.8946,0.6803
0.7,-0.4667,0.8985,0.7017
0.7333,-0.4667,0.9023,0.7225
0.7667,-0.4667,0.906,0.7424
0.8,-0.4667,0.9096,0.7613
0.8333,-0.4667,0.913,0.7792
0.8667,-0.4667,0.9163,0.7959
0.9,-0.4667,0.9195,0.8115
0.9333,-0.4667,0.9226,0.826
0.9667,-0.4667,0.9256,0.8395
1,-0.4667,0.9284,0.8519
1.033,-0.4667,0.9312,0.8634
1.067,-0.4667,0.9339,0.874
1.1,-0.4667,0.9364,0.8838
1.133,-0.4667,0.9389,0.8927
1.167,-0.4667,0.9413,0.9009
1.2,-0.4667,0.9435,0.9085
1.233,-0.4667,0.9457,0.9154
1.267,-0.4667,0.9478,0.9217
1.3,-0.4667,0.9499,0.9275
1.333,-0.4667,0.9518,0.9328
1.367,-0.4667,0.9537,0.9377
1.4,-0.4667,0.9555,0.9422
1.433,-0.4667,0.9572,0.9463
1.467,-0.4667,0.9589,0.95
1.5,-0.4667,0.9604,0.9535
1.533,-0.4667,0.962,0.9567
1.567,-0.4667,0.9634,0.9596
1.6,-0.4667,0.9649,0.9622
1.633,-0.4667,0.9662,0.9647
1.667,-0.4667,0.9675,0.967
1.7,-0.4667,0.9687,0.969
1.733,-0.4667,0.9699,0.9709
1.767,-0.4667,0.9711,0.9727
1.8,-0.4667,0.9722,0.9743
1.833,-0.4667,0.9733,0.9759
1.867,-0.4667,0.9743,0.9772
1.9,-0.4667,0.9752,0.9785
1.933,-0.4667,0.9762,0.9797
1.967,-0.4667,0.9771,0.9808
2,-0.4667,0.9779,0.9819
2.033,-0.4667,0.9787,0.9828
2.067,-0.4667,0.9795,0.9837
2.1,-0.4667,0.9803,0.9845
2.133,-0.4667,0.981,0.9853
2.167,-0.4667,0.9817,0.986
2.2,-0.4667,0.9824,0.9867
2.233,-0.4667,0.983,0.9873
2.267,-0.4667,0.9837,0.9879
2.3,-0.4667,0.9842,0.9884
2.333,-0.4667,0.9848,0.9889
2.367,-0.4667,0.9854,0.9894
2.4,-0.4667,0.9859,0.9898
2.433,-0.4667,0.9864,0.9902
2.467,-0.4667,0.9869,0.9906
2.5,-0.4667,0.9873,0.991
-2.5,-0.4333,0.1874,0.02943
-2.467,-0.4333,0.1916,0.03126
-2.433,-0.4333,0.1959,0.03324
-2.4,-0.4333,0.2003,0.03538
-2.367,-0.4333,0.2048,0.0377
-2.333,-0.4333,0.2094,0.04022
-2.3,-0.4333,0.2141,0.04295
-2.267,-0.4333,0.219,0.04592
-2.233,-0.4333,0.224,0.04914
-2.2,-0.4333,0.2291,0.05264
-2.167,-0.4333,0.2343,0.05645
-2.133,-0.4333,0.2396,0.06059
-2.1,-0.4333,0.2451,0.0651
-2.067,-0.4333,0.2507,0.07001
-2.033,-0.4333,0.2564,0.07536
-2,-0.4333,0.2623,0.08118
-1.967,-0.4333,0.2683,0.08752
-1.933,-0.4333,0.2744,0.09442
-1.9,-0.4333,0.2807,0.1019
-1.867,-0.4333,0.2871,0.1101
-1.833,-0.4333,0.2936,0.119
-1.8,-0.4333,0.3003,0.1286
-1.767,-0.4333,0.3071,0.1391
-1.733,-0.4333,0.314,0.1505
-1.7,-0.4333,0.3211,0.1628
-1.667,-0.4333,0.3283,0.1761
-1.633,-0.4333,0.3356,0.1904
-1.6,-0.4333,0.3431,0.2059
-1.567,-0.4333,0.3507,0.2224
-1.533,-0.4333,0.3584,0.2402
-1.5,-0.4333,0.3663,0.2592
-1.467,-0.4333,0.3742,0.2793
-1.433,-0.4333,0.3823,0.3007
-1.4,-0.4333,0.3906,0.3232
-1.367,-0.4333,0.3989,0.3469
-1.333,-0.4333,0.4073,0.3717
-1.3,-0.4333,0.4159,0.3974
-1.267,-0.4333,0.4245,0.424
-1.233,-0.4333,0.4333,0.4514
-1.2,-0.4333,0.4421,0.4793
-1.167,-0.4333,0.451,0.5076
-1.133,-0.4333,0.46,0.5362
-1.1,-0.4333,0.4691,0.5647
-1.067,-0.4333,0.4783,0.5931
-1.033,-0.4333,0.4875,0.6212
-1,-0.4333,0.4968,0.6486
-0.9667,-0.4333,0.5061,0.6753
-0.9333,-0.4333,0.5155,0.7011
-0.9,-0.4333,0.5249,0.7259
-0.8667,-0.4333,0.5343,0.7494
-0.8333,-0.4333,0.5438,0.7717
-0.8,-0.4333,0.5532,0.7927
-0.7667,-0.4333,0.5627,0.8124
-0.7333,-0.4333,0.5722,0.8306
-0.7,-0.4333,0.5816,0.8475
-0.6667,-0.4333,0.5911,0.863
-0.6333,-0.4333,0.6005,0.8773
-0.6,-0.4333,0.6099,0.8902
-0.5667,-0.4333,0.6192,0.902
-0.5333,-0.4333,0.6285,0.9126
-0.5,-0.4333,0.6377,0.9221
-0.4667,-0.4333,0.6469,0.9306
-0.4333,-0.4333,0.6559,0.9383
-0.4,-0.4333,0.665,0.945
-0.3667,-0.4333,0.6739,0.9509
-0.3333,-0.4333,0.6827,0.9561
-0.3,-0.4333,0.6914,0.9606
-0.2667,-0.4333,0.7,0.9643
-0.2333,-0.4333,0.7085,0.9674
-0.2,-0.4333,0.7169,0.9699
-0.1667,-0.4333,0.7252,0.9716
-0.1333,-0.4333,0.7333,0.9725
-0.1,-0.4333,0.7413,0.9725
-0.06667,-0.4333,0.7491,0.9712
-0.03333,-0.4333,0.7568,0.9681
0,-0.4333,0.7644,0.9623
0.03333,-0.4333,0.7718,0.9522
0.06667,-0.4333,0.7791,0.9353
0.1,-0.4333,0.7862,0.9081
0.1333,-0.4333,0.7932,0.867
0.1667,-0.4333,0.8,0.8109
0.2,-0.4333,0.8066,0.744
0.2333,-0.4333,0.8131,0.6758
0.2667,-0.4333,0.8194,0.6159
0.3,-0.4333,0.8256,0.5704
0.3333,-0.4333,0.8316,0.5405
0.3667,-0.4333,0.8375,0.5248
0.4,-0.4333,0.8432,0.5207
0.4333,-0.4333,0.8487,0.5254
0.4667,-0.4333,0.8541,0.5367
0.5,-0.4333,0.8593,0.5528
0.5333,-0.4333,0.8643,0.572
0.5667,-0.4333,0.8693,0.5933
0.6,-0.4333,0.874,0.6158
0.6333,-0.4333,0.8786,0.6388
0.6667,-0.4333,0.8831,0.6617
0.7,-0.4333,0.8874,0.6842
0.7333,-0.4333,0.8916,0.7059
0.7667,-0.4333,0.8957,0.7268
0.8,-0.4333,0.8996,0.7467
0.8333,-0.4333,0.9034,0.7655
0.8667,-0.4333,0.907,0.7832
0.9,-0.4333,0.9105,0.7997
0.9333,-0.4333,0.914,0.8151
0.9667,-0.4333,0.9172,0.8293
1,-0.4333,0.9204,0.8426
1.033,-0.4333,0.9235,0.8548
1.067,-0.4333,0.9264,0.8661
1.1,-0.4333,0.9292,0.8765
1.133,-0.4333,0.932,0.886
1.167,-0.4333,0.9346,0.8948
1.2,-0.4333,0.9371,0.9028
1.233,-0.4333,0.9396,0.9102
1.267,-0.4333,0.9419,0.917
1.3,-0.4333,0.9442,0.9232
1.333,-0.4333,0.9463,0.9289
1.367,-0.4333,0.9484,0.9341
1.4,-0.4333,0.9504,0.9389
1.433,-0.4333,0.9523,0.9432
1.467,-0.4333,0.9542,0.9472
1.5,-0.4333,0.956,0.9509
1.533,-0.4333,0.9577,0.9543
1.567,-0.4333,0.9593,0.9574
1.6,-0.4333,0.9609,0.9602
1.633,-0.4333,0.9624,0.9629
1.667,-0.4333,0.9638,0.9653
1.7,-0.4333,0.9652,0.9675
1.733,-0.4333,0.9666,0.9695
1.767,-0.4333,0.9679,0.9714
1.8,-0.4333,0.9691,0.9731
1.833,-0.4333,0.9703,0.9747
1.867,-0.4333,0.9714,0.9762
1.9,-0.4333,0.9725,0.9776
1.933,-0.4333,0.9735,0.9788
1.967,-0.4333,0.9745,0.98
2,-0.4333,0.9755,0.9811
2.033,-0.4333,0.9764,0.9821
2.067,-0.4333,0.9773,0.983
2.1,-0.4333,0.9782,0.9839
2.133,-0.4333,0.979,0.9847
2.167,-0.4333,0.9798,0.9855
2.2,-0.4333,0.9805,0.9862
2.233,-0.4333,0.9812,0.9868
2.267,-0.4333,0.9819,0.9874
2.3,-0.4333,0.9826,0.988
2.333,-0.4333,0.9832,0.9885
2.367,-0.4333,0.9838,0.989
2.4,-0.4333,0.9844,0.9895
2.433,-0.4333,0.985,0.9899
2.467,-0.4333,0.9855,0.9903
2.5,-0.4333,0.986,0.9907
-2.5,-0.4,0.1766,0.02814
-2.467,-0.4,0.1805,0.02986
-2.433,-0.4,0.1845,0.03173
-2.4,-0.4,0.1886,0.03375
-2.367,-0.4,0.1928,0.03593
-2.333,-0.4,0.1971,0.0383
-2.3,-0.4,0.2015,0.04087
-2.267,-0.4,0.2061,0.04365
-2.233,-0.4,0.2107,0.04668
-2.2,-0.4,0.2155,0.04997
-2.167,-0.4,0.2204,0.05354
-2.133,-0.4,0.2254,0.05743
-2.1,-0.4,0.2305,0.06166
-2.067,-0.4,0.2358,0.06627
-2.033,-0.4,0.2412,0.07128
-2,-0.4,0.2467,0.07674
-1.967,-0.4,0.2523,0.08268
-1.933,-0.4,0.2581,0.08915
-1.9,-0.4,0.264,0.0962
-1.867,-0.4,0.27,0.1039
-1.833,-0.4,0.2762,0.1122
-1.8,-0.4,0.2825,0.1213
-1.767,-0.4,0.2889,0.1311
-1.733,-0.4,0.2955,0.1418
-1.7,-0.4,0.3022,0.1534
-1.667,-0.4,0.309,0.1659
-1.633,-0.4,0.316,0.1795
-1.6,-0.4,0.3231,0.1941
-1.567,-0.4,0.3303,0.2098
-1.533,-0.4,0.3377,0.2267
-1.5,-0.4,0.3452,0.2447
-1.467,-0.4,0.3528,0.264
-1.433,-0.4,0.3606,0.2844
-1.4,-0.4,0.3685,0.3061
-1.367,-0.4,0.3765,0.3289
-1.333,-0.4,0.3846,0.3529
-1.3,-0.4,0.3929,0.3779
-1.267,-0.4,0.4012,0.4038
-1.233,-0.4,0.4097,0.4306
-1.2,-0.4,0.4183,0.4581
-1.167,-0.4,0.4269,0.4862
-1.133,-0.4,0.4357,0.5146
-1.1,-0.4,0.4446,0.5432
-1.067,-0.4,0.4535,0.5717
-1.033,-0.4,0.4626,0.6
-1,-0.4,0.4717,0.6279
-0.9667,-0.4,0.4808,0.6552
-0.9333,-0.4,0.4901,0.6817
-0.9,-0.4,0.4994,0.7073
-0.8667,-0.4,0.5087,0.7317
-0.8333,-0.4,0.5181,0.755
-0.8,-0.4,0.5275,0.777
-0.7667,-0.4,0.5369,0.7977
-0.7333,-0.4,0.5464,0.8169
-0.7,-0.4,0.5559,0.8349
-0.6667,-0.4,0.5654,0.8514
-0.6333,-0.4,0.5748,0.8666
-0.6,-0.4,0.5843,0.8805
-0.5667,-0.4,0.5937,0.8931
-0.5333,-0.4,0.6031,0.9045
-0.5,-0.4,0.6125,0.9148
-0.4667,-0.4,0.6218,0.9241
-0.4333,-0.4,0.6311,0.9323
-0.4,-0.4,0.6403,0.9396
-0.3667,-0.4,0.6494,0.946
-0.3333,-0.4,0.6585,0.9516
-0.3,-0.4,0.6675,0.9564
-0.2667,-0.4,0.6763,0.9605
-0.2333,-0.4,0.6851,0.9638
-0.2,-0.4,0.6938,0.9663
-0.1667,-0.4,0.7024,0.9681
-0.1333,-0.4,0.7109,0.9688
-0.1,-0.4,0.7192,0.9684
-0.06667,-0.4,0.7274,0.9664
-0.03333,-0.4,0.7355,0.9622
0,-0.4,0.7435,0.9545
0.03333,-0.4,0.7513,0.9412
0.06667,-0.4,0.759,0.9194
0.1,-0.4,0.7665,0.8851
0.1333,-0.4,0.7739,0.835
0.1667,-0.4,0.7811,0.7701
0.2,-0.4,0.7882,0.6975
0.2333,-0.4,0.7951,0.6278
0.2667,-0.4,0.8019,0.5703
0.3,-0.4,0.8085,0.5289
0.3333,-0.4,0.8149,0.5034
0.3667,-0.4,0.8212,0.4915
0.4,-0.4,0.8273,0.4904
0.4333,-0.4,0.8333,0.4976
0.4667,-0.4,0.8391,0.5108
0.5,-0.4,0.8447,0.5283
0.5333,-0.4,0.8502,0.5488
0.5667,-0.4,0.8555,0.5712
0.6,-0.4,0.8607,0.5947
0.6333,-0.4,0.8657,0.6186
0.6667,-0.4,0.8706,0.6425
0.7,-0.4,0.8753,0.6659
0.7333,-0.4,0.8799,0.6887
0.7667,-0.4,0.8843,0.7105
0.8,-0.4,0.8886,0.7314
0.8333,-0.4,0.8928,0.7511
0.8667,-0.4,0.8968,0.7697
0.9,-0.4,0.9007,0.7872
0.9333,-0.4,0.9044,0.8035
0.9667,-0.4,0.908,0.8186
1,-0.4,0.9115,0.8326
1.033,-0.4,0.9149,0.8456
1.067,-0.4,0.9181,0.8576
1.1,-0.4,0.9213,0.8687
1.133,-0.4,0.9243,0.8789
1.167,-0.4,0.9272,0.8882
1.2,-0.4,0.93,0.8968
1.233,-0.4,0.9327,0.9047
1.267,-0.4,0.9353,0.9119
1.3,-0.4,0.9378,0.9185
1.333,-0.4,0.9402,0.9246
1.367,-0.4,0.9425,0.9302
1.4,-0.4,0.9448,0.9353
1.433,-0.4,0.9469,0.94
1.467,-0.4,0.949,0.9442
1.5,-0.4,0.951,0.9482
1.533,-0.4,0.9529,0.9518
1.567,-0.4,0.9547,0.9551
1.6,-0.4,0.9564,0.9581
1.633,-0.4,0.9581,0.9609
1.667,-0.4,0.9598,0.9635
1.7,-0.4,0.9613,0.9658
1.733,-0.4,0.9628,0.968
1.767,-0.4,0.9642,0.97
1.8,-0.4,0.9656,0.9718
1.833,-0.4,0.9669,0.9735
1.867,-0.4,0.9682,0.9751
1.9,-0.4,0.9694,0.9765
1.933,-0.4,0.9706,0.9779
1.967,-0.4,0.9717,0.9791
2,-0.4,0.9728,0.9803
2.033,-0.4,0.9738,0.9813
2.067,-0.4,0.9748,0.9823
2.1,-0.4,0.9758,0.9832
2.133,-0.4,0.9767,0.9841
2.167,-0.4,0.9776,0.9849
2.2,-0.4,0.9784,0.9856
2.233,-0.4,0.9792,0.9863
2.267,-0.4,0.98,0.987
2.3,-0.4,0.9807,0.9876
2.333,-0.4,0.9814,0.9881
2.367,-0.4,0.9821,0.9886
2.4,-0.4,0.9828,0.9891
2.433,-0.4,0.9834,0.9896
2.467,-0.4,0.984,0.99
2.5,-0.4,0.9846,0.9904
-2.5,-0.3667,0.1665,0.02693
-2.467,-0.3667,0.1701,0.02855
-2.433,-0.3667,0.1738,0.03031
-2.4,-0.3667,0.1777,0.03221
-2.367,-0.3667,0.1816,0.03426
-2.333,-0.3667,0.1856,0.03649
-2.3,-0.3667,0.1897,0.03891
-2.267,-0.3667,0.194,0.04153
-2.233,-0.3667,0.1983,0.04437
-2.2,-0.3667,0.2028,0.04746
-2.167,-0.3667,0.2074,0.05081
-2.133,-0.3667,0.212,0.05446
-2.1,-0.3667,0.2168,0.05843
-2.067,-0.3667,0.2218,0.06275
-2.033,-0.3667,0.2268,0.06745
-2,-0.3667,0.232,0.07257
-1.967,-0.3667,0.2373,0.07814
-1.933,-0.3667,0.2427,0.08421
-1.9,-0.3667,0.2482,0.09082
-1.867,-0.3667,0.2539,0.09801
-1.833,-0.3667,0.2597,0.1058
-1.8,-0.3667,0.2657,0.1144
-1.767,-0.3667,0.2717,0.1236
-1.733,-0.3667,0.2779,0.1337
-1.7,-0.3667,0.2843,0.1446
-1.667,-0.3667,0.2907,0.1564
-1.633,-0.3667,0.2973,0.1692
-1.6,-0.3667,0.3041,0.183
-1.567,-0.3667,0.311,0.1978
-1.533,-0.3667,0.318,0.2138
-1.5,-0.3667,0.3251,0.231
-1.467,-0.3667,0.3324,0.2493
-1.433,-0.3667,0.3398,0.2689
-1.4,-0.3667,0.3473,0.2896
-1.367,-0.3667,0.355,0.3116
-1.333,-0.3667,0.3628,0.3347
-1.3,-0.3667,0.3707,0.3589
-1.267,-0.3667,0.3788,0.3841
-1.233,-0.3667,0.3869,0.4103
-1.2,-0.3667,0.3952,0.4373
-1.167,-0.3667,0.4036,0.465
-1.133,-0.3667,0.4121,0.4931
-1.1,-0.3667,0.4207,0.5216
-1.067,-0.3667,0.4294,0.5502
-1.033,-0.3667,0.4382,0.5787
-1,-0.3667,0.4471,0.6069
-0.9667,-0.3667,0.4561,0.6347
-0.9333,-0.3667,0.4651,0.6618
-0.9,-0.3667,0.4742,0.688
-0.8667,-0.3667,0.4834,0.7133
-0.8333,-0.3667,0.4927,0.7375
-0.8,-0.3667,0.502,0.7605
-0.7667,-0.3667,0.5113,0.7821
-0.7333,-0.3667,0.5207,0.8025
-0.7,-0.3667,0.5302,0.8214
-0.6667,-0.3667,0.5396,0.839
-0.6333,-0.3667,0.5491,0.8551
-0.6,-0.3667,0.5585,0.87
-0.5667,-0.3667,0.568,0.8835
-0.5333,-0.3667,0.5775,0.8958
-0.5,-0.3667,0.5869,0.9069
-0.4667,-0.3667,0.5963,0.9169
-0.4333,-0.3667,0.6057,0.9258
-0.4,-0.3667,0.6151,0.9337
-0.3667,-0.3667,0.6244,0.9406
-0.3333,-0.3667,0.6337,0.9467
-0.3,-0.3667,0.6428,0.9519
-0.2667,-0.3667,0.652,0.9562
-0.2333,-0.3667,0.661,0.9597
-0.2,-0.3667,0.67,0.9624
-0.1667,-0.3667,0.6788,0.964
-0.1333,-0.3667,0.6876,0.9645
-0.1,-0.3667,0.6962,0.9636
-0.06667,-0.3667,0.7048,0.9607
-0.03333,-0.3667,0.7132,0.955
0,-0.3667,0.7215,0.9448
0.03333,-0.3667,0.7297,0.9275
0.06667,-0.3667,0.7378,0.8996
0.1,-0.3667,0.7457,0.8569
0.1333,-0.3667,0.7535,0.7973
0.1667,-0.3667,0.7611,0.7242
0.2,-0.3667,0.7686,0.6476
0.2333,-0.3667,0.7759,0.5786
0.2667,-0.3667,0.7831,0.5249
0.3,-0.3667,0.7901,0.4882
0.3333,-0.3667,0.797,0.4672
0.3667,-0.3667,0.8037,0.4591
0.4,-0.3667,0.8103,0.4608
0.4333,-0.3667,0.8167,0.4701
0.4667,-0.3667,0.8229,0.485
0.5,-0.3667,0.829,0.5038
0.5333,-0.3667,0.8349,0.5254
0.5667,-0.3667,0.8407,0.5487
0.6,-0.3667,0.8463,0.5731
0.6333,-0.3667,0.8517,0.5979
0.6667,-0.3667,0.857,0.6227
0.7,-0.3667,0.8621,0.647
0.7333,-0.3667,0.8671,0.6707
0.7667,-0.3667,0.8719,0.6936
0.8,-0.3667,0.8766,0.7154
0.8333,-0.3667,0.8812,0.7361
0.8667,-0.3667,0.8855,0.7556
0.9,-0.3667,0.8898,0.774
0.9333,-0.3667,0.8939,0.7912
0.9667,-0.3667,0.8979,0.8072
1,-0.3667,0.9017,0.8221
1.033,-0.3667,0.9054,0.8359
1.067,-0.3667,0.909,0.8486
1.1,-0.3667,0.9125,0.8604
1.133,-0.3667,0.9158,0.8712
1.167,-0.3667,0.919,0.8812
1.2,-0.3667,0.9221,0.8904
1.233,-0.3667,0.9251,0.8988
1.267,-0.3667,0.928,0.9065
1.3,-0.3667,0.9308,0.9136
1.333,-0.3667,0.9334,0.9201
1.367,-0.3667,0.936,0.926
1.4,-0.3667,0.9385,0.9315
1.433,-0.3667,0.9409,0.9365
1.467,-0.3667,0.9432,0.941
1.5,-0.3667,0.9454,0.9452
1.533,-0.3667,0.9475,0.9491
1.567,-0.3667,0.9495,0.9526
1.6,-0.3667,0.9515,0.9558
1.633,-0.3667,0.9534,0.9588
1.667,-0.3667,0.9552,0.9615
1.7,-0.3667,0.9569,0.9641
1.733,-0.3667,0.9586,0.9664
1.767,-0.3667,0.9602,0.9685
1.8,-0.3667,0.9617,0.9705
1.833,-0.3667,0.9632,0.9723
1.867,-0.3667,0.9646,0.9739
1.9,-0.3667,0.966,0.9755
1.933,-0.3667,0.9673,0.9769
1.967,-0.3667,0.9686,0.9782
2,-0.3667,0.9698,0.9794
2.033,-0.3667,0.9709,0.9805
2.067,-0.3667,0.972,0.9816
2.1,-0.3667,0.9731,0.9826
2.133,-0.3667,0.9741,0.9835
2.167,-0.3667,0.9751,0.9843
2.2,-0.3667,0.976,0.9851
2.233,-0.3667,0.9769,0.9858
2.267,-0.3667,0.9778,0.9865
2.3,-0.3667,0.9786,0.9871
2.333,-0.3667,0.9794,0.9877
2.367,-0.3667,0.9802,0.9882
2.4,-0.3667,0.9809,0.9888
2.433,-0.3667,0.9816,0.9892
2.467,-0.3667,0.9823,0.9897
2.5,-0.3667,0.9829,0.9901
-2.5,-0.3333,0.1571,0.02578
-2.467,-0.3333,0.1605,0.02731
-2.433,-0.3333,0.1639,0.02897
-2.4,-0.3333,0.1675,0.03076
-2.367,-0.3333,0.1712,0.0327
-2.333,-0.3333,0.1749,0.03479
-2.3,-0.3333,0.1788,0.03706
-2.267,-0.3333,0.1827,0.03953
-2.233,-0.3333,0.1868,0.0422
-2.2,-0.3333,0.1909,0.0451
-2.167,-0.3333,0.1952,0.04825
-2.133,-0.3333,0.1996,0.05168
-2.1,-0.3333,0.2041,0.0554
-2.067,-0.3333,0.2087,0.05946
-2.033,-0.3333,0.2134,0.06387
-2,-0.3333,0.2182,0.06867
-1.967,-0.3333,0.2232,0.07389
-1.933,-0.3333,0.2282,0.07958
-1.9,-0.3333,0.2334,0.08578
-1.867,-0.3333,0.2388,0.09252
-1.833,-0.3333,0.2442,0.09987
-1.8,-0.3333,0.2498,0.1079
-1.767,-0.3333,0.2555,0.1165
-1.733,-0.3333,0.2614,0.126
-1.7,-0.3333,0.2673,0.1362
-1.667,-0.3333,0.2734,0.1474
-1.633,-0.3333,0.2797,0.1594
-1.6,-0.3333,0.2861,0.1724
-1.567,-0.3333,0.2926,0.1865
-1.533,-0.3333,0.2992,0.2016
-1.5,-0.3333,0.306,0.2179
-1.467,-0.3333,0.3129,0.2354
-1.433,-0.3333,0.32,0.254
-1.4,-0.3333,0.3271,0.2738
-1.367,-0.3333,0.3344,0.2949
-1.333,-0.3333,0.3419,0.3171
-1.3,-0.3333,0.3495,0.3405
-1.267,-0.3333,0.3572,0.365
-1.233,-0.3333,0.365,0.3905
-1.2,-0.3333,0.373,0.4169
-1.167,-0.3333,0.381,0.444
-1.133,-0.3333,0.3892,0.4718
-1.1,-0.3333,0.3975,0.5
-1.067,-0.3333,0.406,0.5286
-1.033,-0.3333,0.4145,0.5571
-1,-0.3333,0.4231,0.5856
-0.9667,-0.3333,0.4319,0.6137
-0.9333,-0.3333,0.4407,0.6414
-0.9,-0.3333,0.4496,0.6683
-0.8667,-0.3333,0.4586,0.6943
-0.8333,-0.3333,0.4677,0.7193
-0.8,-0.3333,0.4768,0.7432
-0.7667,-0.3333,0.486,0.7659
-0.7333,-0.3333,0.4953,0.7872
-0.7,-0.3333,0.5046,0.8072
-0.6667,-0.3333,0.514,0.8258
-0.6333,-0.3333,0.5234,0.843
-0.6,-0.3333,0.5328,0.8588
-0.5667,-0.3333,0.5422,0.8733
-0.5333,-0.3333,0.5517,0.8864
-0.5,-0.3333,0.5612,0.8984
-0.4667,-0.3333,0.5707,0.9091
-0.4333,-0.3333,0.5801,0.9187
-0.4,-0.3333,0.5896,0.9273
-0.3667,-0.3333,0.599,0.9348
-0.3333,-0.3333,0.6084,0.9413
-0.3,-0.3333,0.6177,0.9469
-0.2667,-0.3333,0.627,0.9515
-0.2333,-0.3333,0.6362,0.9552
-0.2,-0.3333,0.6454,0.9578
-0.1667,-0.3333,0.6545,0.9593
-0.1333,-0.3333,0.6635,0.9595
-0.1,-0.3333,0.6725,0.9579
-0.06667,-0.3333,0.6813,0.9539
-0.03333,-0.3333,0.69,0.9462
0,-0.3333,0.6987,0.9328
0.03333,-0.3333,0.7072,0.9105
0.06667,-0.3333,0.7156,0.8752
0.1,-0.3333,0.7238,0.8229
0.1333,-0.3333,0.732,0.7536
0.1667,-0.3333,0.74,0.6739
0.2,-0.3333,0.7479,0.5955
0.2333,-0.3333,0.7556,0.5293
0.2667,-0.3333,0.7632,0.4804
0.3,-0.3333,0.7707,0.449
0.3333,-0.3333,0.7779,0.4324
0.3667,-0.3333,0.7851,0.4277
0.4,-0.3333,0.7921,0.432
0.4333,-0.3333,0.7989,0.4432
0.4667,-0.3333,0.8056,0.4595
0.5,-0.3333,0.8121,0.4794
0.5333,-0.3333,0.8184,0.5019
0.5667,-0.3333,0.8246,0.526
0.6,-0.3333,0.8307,0.5512
0.6333,-0.3333,0.8365,0.5768
0.6667,-0.3333,0.8423,0.6023
0.7,-0.3333,0.8478,0.6275
0.7333,-0.3333,0.8532,0.6521
0.7667,-0.3333,0.8585,0.6759
0.8,-0.3333,0.8635,0.6986
0.8333,-0.3333,0.8685,0.7203
0.8667,-0.3333,0.8733,0.7408
0.9,-0.3333,0.8779,0.7601
0.9333,-0.3333,0.8824,0.7782
0.9667,-0.3333,0.8868,0.7952
1,-0.3333,0.891,0.8109
1.033,-0.3333,0.895,0.8255
1.067,-0.3333,0.899,0.8391
1.1,-0.3333,0.9028,0.8516
1.133,-0.3333,0.9064,0.8631
1.167,-0.3333,0.91,0.8738
1.2,-0.3333,0.9134,0.8835
1.233,-0.3333,0.9167,0.8925
1.267,-0.3333,0.9199,0.9007
1.3,-0.3333,0.923,0.9083
1.333,-0.3333,0.9259,0.9152
1.367,-0.3333,0.9288,0.9216
1.4,-0.3333,0.9315,0.9274
1.433,-0.3333,0.9342,0.9327
1.467,-0.3333,0.9367,0.9376
1.5,-0.3333,0.9392,0.9421
1.533,-0.3333,0.9415,0.9462
1.567,-0.3333,0.9438,0.95
1.6,-0.3333,0.946,0.9534
1.633,-0.3333,0.9481,0.9566
1.667,-0.3333,0.9501,0.9595
1.7,-0.3333,0.952,0.9622
1.733,-0.3333,0.9539,0.9646
1.767,-0.3333,0.9557,0.9669
1.8,-0.3333,0.9574,0.969
1.833,-0.3333,0.959,0.9709
1.867,-0.3333,0.9606,0.9727
1.9,-0.3333,0.9622,0.9743
1.933,-0.3333,0.9636,0.9758
1.967,-0.3333,0.965,0.9772
2,-0.3333,0.9664,0.9785
2.033,-0.3333,0.9677,0.9797
2.067,-0.3333,0.9689,0.9808
2.1,-0.3333,0.9701,0.9818
2.133,-0.3333,0.9712,0.9828
2.167,-0.3333,0.9723,0.9837
2.2,-0.3333,0.9734,0.9845
2.233,-0.3333,0.9744,0.9853
2.267,-0.3333,0.9754,0.986
2.3,-0.3333,0.9763,0.9866
2.333,-0.3333,0.9772,0.9873
2.367,-0.3333,0.978,0.9878
2.4,-0.3333,0.9788,0.9884
2.433,-0.3333,0.9796,0.9889
2.467,-0.3333,0.9804,0.9894
2.5,-0.3333,0.9811,0.9898
-2.5,-0.3,0.1484,0.0247
-2.467,-0.3,0.1515,0.02614
-2.433,-0.3,0.1547,0.0277
-2.4,-0.3,0.158,0.02939
-2.367,-0.3,0.1614,0.03122
-2.333,-0.3,0.1649,0.03319
-2.3,-0.3,0.1685,0.03533
-2.267,-0.3,0.1722,0.03765
-2.233,-0.3,0.176,0.04016
-2.2,-0.3,0.1799,0.04289
-2.167,-0.3,0.1838,0.04585
-2.133,-0.3,0.1879,0.04907
-2.1,-0.3,0.1921,0.05256
-2.067,-0.3,0.1964,0.05636
-2.033,-0.3,0.2008,0.0605
-2,-0.3,0.2053,0.065
-1.967,-0.3,0.21,0.0699
-1.933,-0.3,0.2147,0.07524
-1.9,-0.3,0.2196,0.08105
-1.867,-0.3,0.2246,0.08738
-1.833,-0.3,0.2297,0.09426
-1.8,-0.3,0.2349,0.1018
-1.767,-0.3,0.2403,0.1099
-1.733,-0.3,0.2458,0.1188
-1.7,-0.3,0.2514,0.1284
-1.667,-0.3,0.2571,0.1389
-1.633,-0.3,0.263,0.1502
-1.6,-0.3,0.269,0.1625
-1.567,-0.3,0.2752,0.1758
-1.533,-0.3,0.2815,0.1901
-1.5,-0.3,0.2879,0.2055
-1.467,-0.3,0.2944,0.2221
-1.433,-0.3,0.3011,0.2398
-1.4,-0.3,0.3079,0.2587
-1.367,-0.3,0.3149,0.2789
-1.333,-0.3,0.322,0.3002
-1.3,-0.3,0.3292,0.3227
-1.267,-0.3,0.3365,0.3464
-1.233,-0.3,0.344,0.3711
-1.2,-0.3,0.3516,0.3968
-1.167,-0.3,0.3594,0.4234
-1.133,-0.3,0.3672,0.4508
-1.1,-0.3,0.3752,0.4787
-1.067,-0.3,0.3833,0.507
-1.033,-0.3,0.3915,0.5355
-1,-0.3,0.3999,0.5641
-0.9667,-0.3,0.4083,0.5925
-0.9333,-0.3,0.4169,0.6205
-0.9,-0.3,0.4256,0.648
-0.8667,-0.3,0.4343,0.6747
-0.8333,-0.3,0.4432,0.7005
-0.8,-0.3,0.4521,0.7253
-0.7667,-0.3,0.4611,0.7488
-0.7333,-0.3,0.4702,0.7712
-0.7,-0.3,0.4794,0.7922
-0.6667,-0.3,0.4886,0.8118
-0.6333,-0.3,0.4979,0.83
-0.6,-0.3,0.5072,0.8468
-0.5667,-0.3,0.5166,0.8623
-0.5333,-0.3,0.526,0.8764
-0.5,-0.3,0.5354,0.8892
-0.4667,-0.3,0.5449,0.9007
-0.4333,-0.3,0.5544,0.911
-0.4,-0.3,0.5638,0.9202
-0.3667,-0.3,0.5733,0.9283
-0.3333,-0.3,0.5828,0.9353
-0.3,-0.3,0.5922,0.9413
-0.2667,-0.3,0.6016,0.9462
-0.2333,-0.3,0.611,0.95
-0.2,-0.3,0.6203,0.9527
-0.1667,-0.3,0.6296,0.954
-0.1333,-0.3,0.6388,0.9537
-0.1,-0.3,0.648,0.9512
-0.06667,-0.3,0.657,0.9456
-0.03333,-0.3,0.666,0.9353
0,-0.3,0.6749,0.9179
0.03333,-0.3,0.6837,0.8894
0.06667,-0.3,0.6925,0.8453
0.1,-0.3,0.7011,0.7828
0.1333,-0.3,0.7095,0.7045
0.1667,-0.3,0.7179,0.6201
0.2,-0.3,0.7261,0.5426
0.2333,-0.3,0.7343,0.4809
0.2667,-0.3,0.7422,0.4377
0.3,-0.3,0.7501,0.4114
0.3333,-0.3,0.7578,0.3991
0.3667,-0.3,0.7653,0.3975
0.4,-0.3,0.7727,0.4041
0.4333,-0.3,0.78,0.4169
0.4667,-0.3,0.7871,0.4344
0.5,-0.3,0.794,0.4552
0.5333,-0.3,0.8008,0.4784
0.5667,-0.3,0.8074,0.5032
0.6,-0.3,0.8139,0.529
0.6333,-0.3,0.8202,0.5552
0.6667,-0.3,0.8263,0.5815
0.7,-0.3,0.8323,0.6075
0.7333,-0.3,0.8382,0.6329
0.7667,-0.3,0.8438,0.6575
0.8,-0.3,0.8493,0.6812
0.8333,-0.3,0.8547,0.7038
0.8667,-0.3,0.8599,0.7253
0.9,-0.3,0.8649,0.7456
0.9333,-0.3,0.8698,0.7646
0.9667,-0.3,0.8746,0.7825
1,-0.3,0.8792,0.7991
1.033,-0.3,0.8836,0.8146
1.067,-0.3,0.8879,0.8289
1.1,-0.3,0.8921,0.8422
1.133,-0.3,0.8961,0.8545
1.167,-0.3,0.9,0.8658
1.2,-0.3,0.9038,0.8762
1.233,-0.3,0.9075,0.8858
1.267,-0.3,0.911,0.8946
1.3,-0.3,0.9144,0.9027
1.333,-0.3,0.9176,0.9101
1.367,-0.3,0.9208,0.9168
1.4,-0.3,0.9238,0.9231
1.433,-0.3,0.9267,0.9287
1.467,-0.3,0.9296,0.934
1.5,-0.3,0.9323,0.9388
1.533,-0.3,0.9349,0.9431
1.567,-0.3,0.9374,0.9472
1.6,-0.3,0.9398,0.9508
1.633,-0.3,0.9422,0.9542
1.667,-0.3,0.9444,0.9573
1.7,-0.3,0.9466,0.9602
1.733,-0.3,0.9486,0.9628
1.767,-0.3,0.9506,0.9652
1.8,-0.3,0.9526,0.9674
1.833,-0.3,0.9544,0.9695
1.867,-0.3,0.9562,0.9714
1.9,-0.3,0.9579,0.9731
1.933,-0.3,0.9595,0.9747
1.967,-0.3,0.9611,0.9762
2,-0.3,0.9626,0.9775
2.033,-0.3,0.964,0.9788
2.067,-0.3,0.9654,0.98
2.1,-0.3,0.9667,0.9811
2.133,-0.3,0.968,0.9821
2.167,-0.3,0.9692,0.983
2.2,-0.3,0.9704,0.9839
2.233,-0.3,0.9715,0.9847
2.267,-0.3,0.9726,0.9854
2.3,-0.3,0.9737,0.9861
2.333,-0.3,0.9747,0.9868
2.367,-0.3,0.9756,0.9874
2.4,-0.3,0.9765,0.988
2.433,-0.3,0.9774,0.9885
2.467,-0.3,0.9783,0.989
2.5,-0.3,0.9791,0.9895
-2.5,-0.2667,0.1402,0.02367
-2.467,-0.2667,0.1432,0.02504
-2.433,-0.2667,0.1462,0.02651
-2.4,-0.2667,0.1492,0.02811
-2.367,-0.2667,0.1524,0.02983
-2.333,-0.2667,0.1557,0.03169
-2.3,-0.2667,0.159,0.0337
-2.267,-0.2667,0.1624,0.03588
-2.233,-0.2667,0.1659,0.03825
-2.2,-0.2667,0.1695,0.04081
-2.167,-0.2667,0.1732,0.04359
-2.133,-0.2667,0.1771,0.04661
-2.1,-0.2667,0.181,0.04989
-2.067,-0.2667,0.185,0.05346
-2.033,-0.2667,0.1891,0.05734
-2,-0.2667,0.1933,0.06157
-1.967,-0.2667,0.1976,0.06616
-1.933,-0.2667,0.2021,0.07117
-1.9,-0.2667,0.2066,0.07661
-1.867,-0.2667,0.2113,0.08255
-1.833,-0.2667,0.2161,0.08901
-1.8,-0.2667,0.221,0.09604
-1.767,-0.2667,0.226,0.1037
-1.733,-0.2667,0.2311,0.112
-1.7,-0.2667,0.2364,0.1211
-1.667,-0.2667,0.2418,0.1309
-1.633,-0.2667,0.2473,0.1416
-1.6,-0.2667,0.253,0.1531
-1.567,-0.2667,0.2588,0.1657
-1.533,-0.2667,0.2647,0.1792
-1.5,-0.2667,0.2707,0.1938
-1.467,-0.2667,0.2769,0.2095
-1.433,-0.2667,0.2832,0.2263
-1.4,-0.2667,0.2897,0.2443
-1.367,-0.2667,0.2963,0.2636
-1.333,-0.2667,0.303,0.284
-1.3,-0.2667,0.3098,0.3056
-1.267,-0.2667,0.3168,0.3284
-1.233,-0.2667,0.324,0.3524
-1.2,-0.2667,0.3312,0.3773
-1.167,-0.2667,0.3386,0.4033
-1.133,-0.2667,0.3461,0.4301
-1.1,-0.2667,0.3538,0.4575
-1.067,-0.2667,0.3615,0.4856
-1.033,-0.2667,0.3694,0.514
-1,-0.2667,0.3775,0.5425
-0.9667,-0.2667,0.3856,0.5711
-0.9333,-0.2667,0.3939,0.5994
-0.9,-0.2667,0.4022,0.6273
-0.8667,-0.2667,0.4107,0.6546
-0.8333,-0.2667,0.4193,0.6811
-0.8,-0.2667,0.428,0.7066
-0.7667,-0.2667,0.4368,0.7311
-0.7333,-0.2667,0.4457,0.7544
-0.7,-0.2667,0.4546,0.7764
-0.6667,-0.2667,0.4637,0.797
-0.6333,-0.2667,0.4728,0.8162
-0.6,-0.2667,0.482,0.8341
-0.5667,-0.2667,0.4912,0.8505
-0.5333,-0.2667,0.5005,0.8655
-0.5,-0.2667,0.5098,0.8792
-0.4667,-0.2667,0.5192,0.8916
-0.4333,-0.2667,0.5286,0.9027
-0.4,-0.2667,0.5381,0.9126
-0.3667,-0.2667,0.5475,0.9213
-0.3333,-0.2667,0.557,0.9288
-0.3,-0.2667,0.5665,0.9351
-0.2667,-0.2667,0.576,0.9403
-0.2333,-0.2667,0.5854,0.9442
-0.2,-0.2667,0.5948,0.9468
-0.1667,-0.2667,0.6042,0.9478
-0.1333,-0.2667,0.6136,0.9468
-0.1,-0.2667,0.6229,0.9431
-0.06667,-0.2667,0.6322,0.9356
-0.03333,-0.2667,0.6414,0.9221
0,-0.2667,0.6505,0.8995
0.03333,-0.2667,0.6596,0.8634
0.06667,-0.2667,0.6685,0.8095
0.1,-0.2667,0.6774,0.7365
0.1333,-0.2667,0.6862,0.6507
0.1667,-0.2667,0.6949,0.5645
0.2,-0.2667,0.7034,0.4902
0.2333,-0.2667,0.7119,0.4343
0.2667,-0.2667,0.7202,0.3971
0.3,-0.2667,0.7284,0.3759
0.3333,-0.2667,0.7365,0.3674
0.3667,-0.2667,0.7444,0.3686
0.4,-0.2667,0.7522,0.3772
0.4333,-0.2667,0.7599,0.3914
0.4667,-0.2667,0.7674,0.4097
0.5,-0.2667,0.7748,0.4312
0.5333,-0.2667,0.782,0.455
0.5667,-0.2667,0.789,0.4803
0.6,-0.2667,0.7959,0.5066
0.6333,-0.2667,0.8027,0.5334
0.6667,-0.2667,0.8092,0.5603
0.7,-0.2667,0.8157,0.587
0.7333,-0.2667,0.8219,0.6131
0.7667,-0.2667,0.828,0.6386
0.8,-0.2667,0.834,0.6631
0.8333,-0.2667,0.8398,0.6866
0.8667,-0.2667,0.8454,0.709
0.9,-0.2667,0.8509,0.7303
0.9333,-0.2667,0.8562,0.7503
0.9667,-0.2667,0.8613,0.769
1,-0.2667,0.8663,0.7866
1.033,-0.2667,0.8712,0.803
1.067,-0.2667,0.8759,0.8182
1.1,-0.2667,0.8804,0.8323
1.133,-0.2667,0.8849,0.8453
1.167,-0.2667,0.8891,0.8573
1.2,-0.2667,0.8933,0.8684
1.233,-0.2667,0.8973,0.8786
1.267,-0.2667,0.9011,0.888
1.3,-0.2667,0.9048,0.8966
1.333,-0.2667,0.9084,0.9045
1.367,-0.2667,0.9119,0.9118
1.4,-0.2667,0.9153,0.9184
1.433,-0.2667,0.9185,0.9245
1.467,-0.2667,0.9216,0.9301
1.5,-0.2667,0.9246,0.9352
1.533,-0.2667,0.9275,0.9399
1.567,-0.2667,0.9303,0.9441
1.6,-0.2667,0.933,0.9481
1.633,-0.2667,0.9356,0.9517
1.667,-0.2667,0.9381,0.955
1.7,-0.2667,0.9405,0.958
1.733,-0.2667,0.9428,0.9608
1.767,-0.2667,0.945,0.9634
1.8,-0.2667,0.9472,0.9658
1.833,-0.2667,0.9492,0.9679
1.867,-0.2667,0.9512,0.9699
1.9,-0.2667,0.9531,0.9718
1.933,-0.2667,0.9549,0.9735
1.967,-0.2667,0.9566,0.9751
2,-0.2667,0.9583,0.9765
2.033,-0.2667,0.9599,0.9779
2.067,-0.2667,0.9615,0.9791
2.1,-0.2667,0.963,0.9803
2.133,-0.2667,0.9644,0.9813
2.167,-0.2667,0.9658,0.9823
2.2,-0.2667,0.9671,0.9832
2.233,-0.2667,0.9684,0.9841
2.267,-0.2667,0.9696,0.9849
2.3,-0.2667,0.9707,0.9856
2.333,-0.2667,0.9718,0.9863
2.367,-0.2667,0.9729,0.9869
2.4,-0.2667,0.9739,0.9875
2.433,-0.2667,0.9749,0.9881
2.467,-0.2667,0.9759,0.9886
2.5,-0.2667,0.9768,0.9891
-2.5,-0.2333,0.1327,0.02271
-2.467,-0.2333,0.1354,0.024
-2.433,-0.2333,0.1382,0.02539
-2.4,-0.2333,0.1411,0.02689
-2.367,-0.2333,0.144,0.02851
-2.333,-0.2333,0.147,0.03027
-2.3,-0.2333,0.1501,0.03217
-2.267,-0.2333,0.1533,0.03422
-2.233,-0.2333,0.1566,0.03644
-2.2,-0.2333,0.1599,0.03885
-2.167,-0.2333,0.1634,0.04147
-2.133,-0.2333,0.1669,0.04431
-2.1,-0.2333,0.1706,0.04739
-2.067,-0.2333,0.1743,0.05074
-2.033,-0.2333,0.1781,0.05438
-2,-0.2333,0.1821,0.05834
-1.967,-0.2333,0.1861,0.06266
-1.933,-0.2333,0.1902,0.06735
-1.9,-0.2333,0.1945,0.07246
-1.867,-0.2333,0.1989,0.07802
-1.833,-0.2333,0.2033,0.08408
-1.8,-0.2333,0.2079,0.09067
-1.767,-0.2333,0.2126,0.09785
-1.733,-0.2333,0.2174,0.1057
-1.7,-0.2333,0.2224,0.1142
-1.667,-0.2333,0.2274,0.1234
-1.633,-0.2333,0.2326,0.1334
-1.6,-0.2333,0.2379,0.1443
-1.567,-0.2333,0.2434,0.1561
-1.533,-0.2333,0.2489,0.1689
-1.5,-0.2333,0.2546,0.1827
-1.467,-0.2333,0.2604,0.1975
-1.433,-0.2333,0.2664,0.2135
-1.4,-0.2333,0.2725,0.2306
-1.367,-0.2333,0.2787,0.2489
-1.333,-0.2333,0.285,0.2684
-1.3,-0.2333,0.2915,0.2892
-1.267,-0.2333,0.2981,0.3111
-1.233,-0.2333,0.3049,0.3342
-1.2,-0.2333,0.3118,0.3584
-1.167,-0.2333,0.3188,0.3836
-1.133,-0.2333,0.326,0.4098
-1.1,-0.2333,0.3333,0.4367
-1.067,-0.2333,0.3407,0.4644
-1.033,-0.2333,0.3483,0.4925
-1,-0.2333,0.3559,0.5209
-0.9667,-0.2333,0.3637,0.5495
-0.9333,-0.2333,0.3717,0.578
-0.9,-0.2333,0.3797,0.6063
-0.8667,-0.2333,0.3879,0.634
-0.8333,-0.2333,0.3962,0.6611
-0.8,-0.2333,0.4046,0.6874
-0.7667,-0.2333,0.4131,0.7127
-0.7333,-0.2333,0.4217,0.7368
-0.7,-0.2333,0.4304,0.7598
-0.6667,-0.2333,0.4393,0.7814
-0.6333,-0.2333,0.4482,0.8017
-0.6,-0.2333,0.4571,0.8205
-0.5667,-0.2333,0.4662,0.838
-0.5333,-0.2333,0.4753,0.854
-0.5,-0.2333,0.4845,0.8686
-0.4667,-0.2333,0.4938,0.8818
-0.4333,-0.2333,0.5031,0.8937
-0.4,-0.2333,0.5125,0.9043
-0.3667,-0.2333,0.5219,0.9136
-0.3333,-0.2333,0.5313,0.9216
-0.3,-0.2333,0.5407,0.9283
-0.2667,-0.2333,0.5502,0.9337
-0.2333,-0.2333,0.5597,0.9377
-0.2,-0.2333,0.5691,0.9401
-0.1667,-0.2333,0.5786,0.9407
-0.1333,-0.2333,0.5881,0.9388
-0.1,-0.2333,0.5975,0.9335
-0.06667,-0.2333,0.6069,0.9234
-0.03333,-0.2333,0.6162,0.9058
0,-0.2333,0.6255,0.8769
0.03333,-0.2333,0.6348,0.8319
0.06667,-0.2333,0.6439,0.7672
0.1,-0.2333,0.6531,0.6845
0.1333,-0.2333,0.6621,0.5936
0.1667,-0.2333,0.671,0.5084
0.2,-0.2333,0.6799,0.4395
0.2333,-0.2333,0.6886,0.3902
0.2667,-0.2333,0.6973,0.3591
0.3,-0.2333,0.7058,0.3426
0.3333,-0.2333,0.7142,0.3376
0.3667,-0.2333,0.7225,0.3412
0.4,-0.2333,0.7307,0.3514
0.4333,-0.2333,0.7387,0.3666
0.4667,-0.2333,0.7466,0.3857
0.5,-0.2333,0.7544,0.4076
0.5333,-0.2333,0.762,0.4318
0.5667,-0.2333,0.7695,0.4574
0.6,-0.2333,0.7768,0.4841
0.6333,-0.2333,0.784,0.5113
0.6667,-0.2333,0.791,0.5387
0.7,-0.2333,0.7978,0.566
0.7333,-0.2333,0.8045,0.5928
0.7667,-0.2333,0.8111,0.619
0.8,-0.2333,0.8174,0.6444
0.8333,-0.2333,0.8237,0.6688
0.8667,-0.2333,0.8297,0.6921
0.9,-0.2333,0.8356,0.7143
0.9333,-0.2333,0.8414,0.7352
0.9667,-0.2333,0.8469,0.7549
1,-0.2333,0.8524,0.7734
1.033,-0.2333,0.8576,0.7907
1.067,-0.2333,0.8627,0.8068
1.1,-0.2333,0.8677,0.8217
1.133,-0.2333,0.8725,0.8356
1.167,-0.2333,0.8772,0.8483
1.2,-0.2333,0.8817,0.8601
1.233,-0.2333,0.8861,0.871
1.267,-0.2333,0.8903,0.881
1.3,-0.2333,0.8944,0.8902
1.333,-0.2333,0.8983,0.8986
1.367,-0.2333,0.9022,0.9063
1.4,-0.2333,0.9059,0.9134
1.433,-0.2333,0.9094,0.9199
1.467,-0.2333,0.9129,0.9259
1.5,-0.2333,0.9162,0.9314
1.533,-0.2333,0.9194,0.9364
1.567,-0.2333,0.9225,0.9409
1.6,-0.2333,0.9255,0.9451
1.633,-0.2333,0.9283,0.949
1.667,-0.2333,0.9311,0.9525
1.7,-0.2333,0.9338,0.9558
1.733,-0.2333,0.9363,0.9588
1.767,-0.2333,0.9388,0.9615
1.8,-0.2333,0.9412,0.964
1.833,-0.2333,0.9434,0.9663
1.867,-0.2333,0.9456,0.9684
1.9,-0.2333,0.9477,0.9704
1.933,-0.2333,0.9498,0.9722
1.967,-0.2333,0.9517,0.9739
2,-0.2333,0.9536,0.9754
2.033,-0.2333,0.9554,0.9769
2.067,-0.2333,0.9571,0.9782
2.1,-0.2333,0.9588,0.9794
2.133,-0.2333,0.9604,0.9805
2.167,-0.2333,0.9619,0.9816
2.2,-0.2333,0.9634,0.9825
2.233,-0.2333,0.9648,0.9834
2.267,-0.2333,0.9662,0.9843
2.3,-0.2333,0.9675,0.9851
2.333,-0.2333,0.9687,0.9858
2.367,-0.2333,0.9699,0.9865
2.4,-0.2333,0.971,0.9871
2.433,-0.2333,0.9722,0.9877
2.467,-0.2333,0.9732,0.9882
2.5,-0.2333,0.9742,0.9888
-2.5,-0.2,0.1257,0.02179
-2.467,-0.2,0.1282,0.02301
-2.433,-0.2,0.1308,0.02433
-2.4,-0.2,0.1334,0.02575
-2.367,-0.2,0.1362,0.02728
-2.333,-0.2,0.139,0.02893
-2.3,-0.2,0.1419,0.03072
-2.267,-0.2,0.1448,0.03265
-2.233,-0.2,0.1479,0.03475
-2.2,-0.2,0.151,0.03701
-2.167,-0.2,0.1542,0.03947
-2.133,-0.2,0.1575,0.04214
-2.1,-0.2,0.1609,0.04504
-2.067,-0.2,0.1644,0.04818
-2.033,-0.2,0.1679,0.0516
-2,-0.2,0.1716,0.05532
-1.967,-0.2,0.1754,0.05937
-1.933,-0.2,0.1792,0.06377
-1.9,-0.2,0.1832,0.06856
-1.867,-0.2,0.1873,0.07377
-1.833,-0.2,0.1914,0.07946
-1.8,-0.2,0.1957,0.08564
-1.767,-0.2,0.2001,0.09237
-1.733,-0.2,0.2046,0.0997
-1.7,-0.2,0.2092,0.1077
-1.667,-0.2,0.214,0.1164
-1.633,-0.2,0.2188,0.1258
-1.6,-0.2,0.2238,0.136
-1.567,-0.2,0.2289,0.1471
-1.533,-0.2,0.2341,0.1591
-1.5,-0.2,0.2394,0.1721
-1.467,-0.2,0.2449,0.1862
-1.433,-0.2,0.2505,0.2013
-1.4,-0.2,0.2562,0.2176
-1.367,-0.2,0.2621,0.235
-1.333,-0.2,0.2681,0.2536
-1.3,-0.2,0.2742,0.2734
-1.267,-0.2,0.2804,0.2944
-1.233,-0.2,0.2868,0.3166
-1.2,-0.2,0.2934,0.34
-1.167,-0.2,0.3,0.3644
-1.133,-0.2,0.3068,0.3899
-1.1,-0.2,0.3137,0.4163
-1.067,-0.2,0.3208,0.4434
-1.033,-0.2,0.328,0.4712
-1,-0.2,0.3353,0.4994
-0.9667,-0.2,0.3428,0.5279
-0.9333,-0.2,0.3504,0.5565
-0.9,-0.2,0.3581,0.585
-0.8667,-0.2,0.366,0.6131
-0.8333,-0.2,0.3739,0.6407
-0.8,-0.2,0.382,0.6676
-0.7667,-0.2,0.3902,0.6936
-0.7333,-0.2,0.3985,0.7186
-0.7,-0.2,0.407,0.7425
-0.6667,-0.2,0.4155,0.7651
-0.6333,-0.2,0.4242,0.7863
-0.6,-0.2,0.4329,0.8062
-0.5667,-0.2,0.4417,0.8246
-0.5333,-0.2,0.4507,0.8416
-0.5,-0.2,0.4597,0.8571
-0.4667,-0.2,0.4688,0.8712
-0.4333,-0.2,0.4779,0.8839
-0.4,-0.2,0.4871,0.8952
-0.3667,-0.2,0.4964,0.9051
-0.3333,-0.2,0.5057,0.9136
-0.3,-0.2,0.5151,0.9207
-0.2667,-0.2,0.5245,0.9264
-0.2333,-0.2,0.5339,0.9304
-0.2,-0.2,0.5434,0.9325
-0.1667,-0.2,0.5529,0.9324
-0.1333,-0.2,0.5623,0.9293
-0.1,-0.2,0.5718,0.9221
-0.06667,-0.2,0.5813,0.9086
-0.03333,-0.2,0.5907,0.8859
0,-0.2,0.6001,0.8494
0.03333,-0.2,0.6095,0.7942
0.06667,-0.2,0.6188,0.7186
0.1,-0.2,0.6281,0.6279
0.1333,-0.2,0.6373,0.5349
0.1667,-0.2,0.6465,0.4536
0.2,-0.2,0.6556,0.3914
0.2333,-0.2,0.6646,0.3491
0.2667,-0.2,0.6735,0.3238
0.3,-0.2,0.6823,0.3117
0.3333,-0.2,0.6911,0.3096
0.3667,-0.2,0.6997,0.3152
0.4,-0.2,0.7082,0.3267
0.4333,-0.2,0.7166,0.3427
0.4667,-0.2,0.7248,0.3623
0.5,-0.2,0.733,0.3845
0.5333,-0.2,0.741,0.4089
0.5667,-0.2,0.7488,0.4347
0.6,-0.2,0.7565,0.4616
0.6333,-0.2,0.7641,0.4891
0.6667,-0.2,0.7715,0.5169
0.7,-0.2,0.7788,0.5446
0.7333,-0.2,0.7859,0.5721
0.7667,-0.2,0.7929,0.5989
0.8,-0.2,0.7997,0.6251
0.8333,-0.2,0.8064,0.6503
0.8667,-0.2,0.8129,0.6745
0.9,-0.2,0.8192,0.6975
0.9333,-0.2,0.8254,0.7194
0.9667,-0.2,0.8314,0.7401
1,-0.2,0.8372,0.7595
1.033,-0.2,0.8429,0.7777
1.067,-0.2,0.8485,0.7947
1.1,-0.2,0.8538,0.8105
1.133,-0.2,0.8591,0.8252
1.167,-0.2,0.8641,0.8388
1.2,-0.2,0.8691,0.8513
1.233,-0.2,0.8738,0.8629
1.267,-0.2,0.8785,0.8735
1.3,-0.2,0.8829,0.8833
1.333,-0.2,0.8873,0.8923
1.367,-0.2,0.8915,0.9006
1.4,-0.2,0.8955,0.9081
1.433,-0.2,0.8994,0.9151
1.467,-0.2,0.9032,0.9214
1.5,-0.2,0.9069,0.9273
1.533,-0.2,0.9104,0.9326
1.567,-0.2,0.9138,0.9375
1.6,-0.2,0.9171,0.942
1.633,-0.2,0.9203,0.9461
1.667,-0.2,0.9233,0.9499
1.7,-0.2,0.9263,0.9533
1.733,-0.2,0.9291,0.9565
1.767,-0.2,0.9319,0.9594
1.8,-0.2,0.9345,0.9621
1.833,-0.2,0.937,0.9646
1.867,-0.2,0.9395,0.9669
1.9,-0.2,0.9418,0.9689
1.933,-0.2,0.9441,0.9709
1.967,-0.2,0.9462,0.9726
2,-0.2,0.9483,0.9743
2.033,-0.2,0.9503,0.9758
2.067,-0.2,0.9523,0.9772
2.1,-0.2,0.9541,0.9785
2.133,-0.2,0.9559,0.9797
2.167,-0.2,0.9576,0.9808
2.2,-0.2,0.9592,0.9818
2.233,-0.2,0.9608,0.9828
2.267,-0.2,0.9623,0.9837
2.3,-0.2,0.9638,0.9845
2.333,-0.2,0.9652,0.9852
2.367,-0.2,0.9665,0.986
2.4,-0.2,0.9678,0.9866
2.433,-0.2,0.969,0.9872
2.467,-0.2,0.9702,0.9878
2.5,-0.2,0.9714,0.9884
-2.5,-0.1667,0.1191,0.02093
-2.467,-0.1667,0.1215,0.02208
-2.433,-0.1667,0.1239,0.02333
-2.4,-0.1667,0.1264,0.02467
-2.367,-0.1667,0.1289,0.02611
-2.333,-0.1667,0.1315,0.02767
-2.3,-0.1667,0.1342,0.02936
-2.267,-0.1667,0.137,0.03118
-2.233,-0.1667,0.1398,0.03315
-2.2,-0.1667,0.1427,0.03528
-2.167,-0.1667,0.1457,0.0376
-2.133,-0.1667,0.1487,0.04011
-2.1,-0.1667,0.1519,0.04283
-2.067,-0.1667,0.1551,0.04578
-2.033,-0.1667,0.1584,0.04899
-2,-0.1667,0.1619,0.05248
-1.967,-0.1667,0.1654,0.05628
-1.933,-0.1667,0.169,0.06041
-1.9,-0.1667,0.1726,0.0649
-1.867,-0.1667,0.1764,0.06979
-1.833,-0.1667,0.1803,0.07512
-1.8,-0.1667,0.1843,0.08092
-1.767,-0.1667,0.1884,0.08724
-1.733,-0.1667,0.1926,0.09411
-1.7,-0.1667,0.1969,0.1016
-1.667,-0.1667,0.2013,0.1097
-1.633,-0.1667,0.2059,0.1186
-1.6,-0.1667,0.2105,0.1282
-1.567,-0.1667,0.2153,0.1386
-1.533,-0.1667,0.2202,0.15
-1.5,-0.1667,0.2252,0.1622
-1.467,-0.1667,0.2303,0.1755
-1.433,-0.1667,0.2356,0.1898
-1.4,-0.1667,0.2409,0.2052
-1.367,-0.1667,0.2464,0.2217
-1.333,-0.1667,0.2521,0.2394
-1.3,-0.1667,0.2578,0.2583
-1.267,-0.1667,0.2637,0.2784
-1.233,-0.1667,0.2698,0.2997
-1.2,-0.1667,0.2759,0.3222
-1.167,-0.1667,0.2822,0.3459
-1.133,-0.1667,0.2887,0.3706
-1.1,-0.1667,0.2952,0.3963
-1.067,-0.1667,0.3019,0.4229
-1.033,-0.1667,0.3087,0.4502
-1,-0.1667,0.3157,0.4781
-0.9667,-0.1667,0.3228,0.5064
-0.9333,-0.1667,0.33,0.5349
-0.9,-0.1667,0.3374,0.5635
-0.8667,-0.1667,0.3449,0.5919
-0.8333,-0.1667,0.3525,0.6199
-0.8,-0.1667,0.3603,0.6473
-0.7667,-0.1667,0.3682,0.674
-0.7333,-0.1667,0.3762,0.6998
-0.7,-0.1667,0.3843,0.7245
-0.6667,-0.1667,0.3925,0.748
-0.6333,-0.1667,0.4009,0.7702
-0.6,-0.1667,0.4094,0.791
-0.5667,-0.1667,0.4179,0.8105
-0.5333,-0.1667,0.4266,0.8284
-0.5,-0.1667,0.4354,0.8449
-0.4667,-0.1667,0.4442,0.8599
-0.4333,-0.1667,0.4532,0.8734
-0.4,-0.1667,0.4622,0.8854
-0.3667,-0.1667,0.4713,0.8959
-0.3333,-0.1667,0.4805,0.905
-0.3,-0.1667,0.4897,0.9124
-0.2667,-0.1667,0.499,0.9182
-0.2333,-0.1667,0.5083,0.9221
-0.2,-0.1667,0.5177,0.9238
-0.1667,-0.1667,0.5271,0.9228
-0.1333,-0.1667,0.5366,0.9181
-0.1,-0.1667,0.546,0.9083
-0.06667,-0.1667,0.5555,0.8907
-0.03333,-0.1667,0.565,0.8617
0,-0.1667,0.5744,0.8162
0.03333,-0.1667,0.5839,0.7501
0.06667,-0.1667,0.5933,0.6643
0.1,-0.1667,0.6027,0.5681
0.1333,-0.1667,0.6121,0.4764
0.1667,-0.1667,0.6214,0.4012
0.2,-0.1667,0.6307,0.3467
0.2333,-0.1667,0.6399,0.3113
0.2667,-0.1667,0.6491,0.2913
0.3,-0.1667,0.6581,0.283
0.3333,-0.1667,0.6671,0.2835
0.3667,-0.1667,0.676,0.2908
0.4,-0.1667,0.6848,0.3032
0.4333,-0.1667,0.6935,0.3198
0.4667,-0.1667,0.7021,0.3396
0.5,-0.1667,0.7105,0.362
0.5333,-0.1667,0.7189,0.3863
0.5667,-0.1667,0.7271,0.4122
0.6,-0.1667,0.7352,0.4392
0.6333,-0.1667,0.7432,0.4668
0.6667,-0.1667,0.751,0.4949
0.7,-0.1667,0.7587,0.523
0.7333,-0.1667,0.7662,0.5509
0.7667,-0.1667,0.7736,0.5783
0.8,-0.1667,0.7808,0.6052
0.8333,-0.1667,0.7879,0.6311
0.8667,-0.1667,0.7948,0.6562
0.9,-0.1667,0.8016,0.6801
0.9333,-0.1667,0.8082,0.703
0.9667,-0.1667,0.8146,0.7246
1,-0.1667,0.8209,0.7449
1.033,-0.1667,0.8271,0.7641
1.067,-0.1667,0.833,0.782
1.1,-0.1667,0.8388,0.7987
1.133,-0.1667,0.8445,0.8142
1.167,-0.1667,0.85,0.8286
1.2,-0.1667,0.8553,0.8419
1.233,-0.1667,0.8605,0.8542
1.267,-0.1667,0.8655,0.8656
1.3,-0.1667,0.8704,0.876
1.333,-0.1667,0.8751,0.8856
1.367,-0.1667,0.8797,0.8944
1.4,-0.1667,0.8842,0.9025
1.433,-0.1667,0.8885,0.9099
1.467,-0.1667,0.8926,0.9167
1.5,-0.1667,0.8966,0.9229
1.533,-0.1667,0.9005,0.9286
1.567,-0.1667,0.9043,0.9339
1.6,-0.1667,0.9079,0.9386
1.633,-0.1667,0.9114,0.943
1.667,-0.1667,0.9148,0.9471
1.7,-0.1667,0.918,0.9508
1.733,-0.1667,0.9211,0.9541
1.767,-0.1667,0.9242,0.9573
1.8,-0.1667,0.9271,0.9601
1.833,-0.1667,0.9299,0.9627
1.867,-0.1667,0.9326,0.9652
1.9,-0.1667,0.9352,0.9674
1.933,-0.1667,0.9377,0.9694
1.967,-0.1667,0.9401,0.9713
2,-0.1667,0.9424,0.9731
2.033,-0.1667,0.9447,0.9747
2.067,-0.1667,0.9468,0.9761
2.1,-0.1667,0.9489,0.9775
2.133,-0.1667,0.9509,0.9788
2.167,-0.1667,0.9528,0.98
2.2,-0.1667,0.9546,0.981
2.233,-0.1667,0.9564,0.9821
2.267,-0.1667,0.9581,0.983
2.3,-0.1667,0.9597,0.9839
2.333,-0.1667,0.9612,0.9847
2.367,-0.1667,0.9627,0.9854
2.4,-0.1667,0.9642,0.9861
2.433,-0.1667,0.9656,0.9868
2.467,-0.1667,0.9669,0.9874
2.5,-0.1667,0.9682,0.988
-2.5,-0.1333,0.1131,0.02011
-2.467,-0.1333,0.1153,0.0212
-2.433,-0.1333,0.1175,0.02238
-2.4,-0.1333,0.1198,0.02364
-2.367,-0.1333,0.1222,0.02501
-2.333,-0.1333,0.1246,0.02648
-2.3,-0.1333,0.1271,0.02807
-2.267,-0.1333,0.1296,0.02979
-2.233,-0.1333,0.1323,0.03165
-2.2,-0.1333,0.135,0.03366
-2.167,-0.1333,0.1377,0.03583
-2.133,-0.1333,0.1406,0.03819
-2.1,-0.1333,0.1435,0.04075
-2.067,-0.1333,0.1465,0.04353
-2.033,-0.1333,0.1496,0.04655
-2,-0.1333,0.1528,0.04982
-1.967,-0.1333,0.156,0.05338
-1.933,-0.1333,0.1594,0.05726
-1.9,-0.1333,0.1628,0.06147
-1.867,-0.1333,0.1664,0.06606
-1.833,-0.1333,0.17,0.07106
-1.8,-0.1333,0.1737,0.07649
-1.767,-0.1333,0.1775,0.08242
-1.733,-0.1333,0.1814,0.08886
-1.7,-0.1333,0.1855,0.09588
-1.667,-0.1333,0.1896,0.1035
-1.633,-0.1333,0.1938,0.1118
-1.6,-0.1333,0.1982,0.1209
-1.567,-0.1333,0.2026,0.1307
-1.533,-0.1333,0.2072,0.1413
-1.5,-0.1333,0.2119,0.1529
-1.467,-0.1333,0.2167,0.1654
-1.433,-0.1333,0.2216,0.1789
-1.4,-0.1333,0.2266,0.1934
-1.367,-0.1333,0.2318,0.2091
-1.333,-0.1333,0.2371,0.2259
-1.3,-0.1333,0.2425,0.2439
-1.267,-0.1333,0.248,0.2631
-1.233,-0.1333,0.2537,0.2835
-1.2,-0.1333,0.2595,0.3051
-1.167,-0.1333,0.2654,0.3279
-1.133,-0.1333,0.2715,0.3518
-1.1,-0.1333,0.2777,0.3768
-1.067,-0.1333,0.284,0.4027
-1.033,-0.1333,0.2905,0.4295
-1,-0.1333,0.2971,0.4569
-0.9667,-0.1333,0.3038,0.4849
-0.9333,-0.1333,0.3107,0.5133
-0.9,-0.1333,0.3177,0.5419
-0.8667,-0.1333,0.3248,0.5704
-0.8333,-0.1333,0.3321,0.5987
-0.8,-0.1333,0.3395,0.6266
-0.7667,-0.1333,0.347,0.6538
-0.7333,-0.1333,0.3547,0.6803
-0.7,-0.1333,0.3625,0.7058
-0.6667,-0.1333,0.3704,0.7302
-0.6333,-0.1333,0.3784,0.7533
-0.6,-0.1333,0.3866,0.7751
-0.5667,-0.1333,0.3949,0.7955
-0.5333,-0.1333,0.4033,0.8144
-0.5,-0.1333,0.4118,0.8318
-0.4667,-0.1333,0.4204,0.8477
-0.4333,-0.1333,0.4291,0.8621
-0.4,-0.1333,0.4378,0.8748
-0.3667,-0.1333,0.4467,0.8859
-0.3333,-0.1333,0.4557,0.8954
-0.3,-0.1333,0.4647,0.9032
-0.2667,-0.1333,0.4739,0.909
-0.2333,-0.1333,0.4831,0.9127
-0.2,-0.1333,0.4923,0.9138
-0.1667,-0.1333,0.5016,0.9116
-0.1333,-0.1333,0.511,0.9049
-0.1,-0.1333,0.5204,0.8918
-0.06667,-0.1333,0.5298,0.8691
-0.03333,-0.1333,0.5392,0.8325
0,-0.1333,0.5487,0.7768
0.03333,-0.1333,0.5582,0.6995
0.06667,-0.1333,0.5676,0.6053
0.1,-0.1333,0.5771,0.5071
0.1333,-0.1333,0.5865,0.4198
0.1667,-0.1333,0.596,0.3524
0.2,-0.1333,0.6054,0.3058
0.2333,-0.1333,0.6147,0.2769
0.2667,-0.1333,0.624,0.2617
0.3,-0.1333,0.6333,0.2566
0.3333,-0.1333,0.6425,0.2593
0.3667,-0.1333,0.6516,0.2678
0.4,-0.1333,0.6606,0.281
0.4333,-0.1333,0.6696,0.2978
0.4667,-0.1333,0.6785,0.3177
0.5,-0.1333,0.6872,0.34
0.5333,-0.1333,0.6959,0.3642
0.5667,-0.1333,0.7045,0.39
0.6,-0.1333,0.7129,0.4169
0.6333,-0.1333,0.7212,0.4446
0.6667,-0.1333,0.7294,0.4728
0.7,-0.1333,0.7375,0.5011
0.7333,-0.1333,0.7454,0.5294
0.7667,-0.1333,0.7532,0.5573
0.8,-0.1333,0.7608,0.5848
0.8333,-0.1333,0.7683,0.6114
0.8667,-0.1333,0.7756,0.6373
0.9,-0.1333,0.7828,0.6621
0.9333,-0.1333,0.7899,0.6858
0.9667,-0.1333,0.7967,0.7083
1,-0.1333,0.8035,0.7296
1.033,-0.1333,0.81,0.7497
1.067,-0.1333,0.8164,0.7686
1.1,-0.1333,0.8227,0.7862
1.133,-0.1333,0.8288,0.8026
1.167,-0.1333,0.8347,0.8178
1.2,-0.1333,0.8404,0.832
1.233,-0.1333,0.8461,0.845
1.267,-0.1333,0.8515,0.8571
1.3,-0.1333,0.8568,0.8682
1.333,-0.1333,0.8619,0.8784
1.367,-0.1333,0.8669,0.8878
1.4,-0.1333,0.8718,0.8964
1.433,-0.1333,0.8764,0.9044
1.467,-0.1333,0.881,0.9116
1.5,-0.1333,0.8854,0.9183
1.533,-0.1333,0.8896,0.9244
1.567,-0.1333,0.8937,0.9299
1.6,-0.1333,0.8977,0.9351
1.633,-0.1333,0.9016,0.9398
1.667,-0.1333,0.9053,0.9441
1.7,-0.1333,0.9089,0.948
1.733,-0.1333,0.9123,0.9516
1.767,-0.1333,0.9157,0.9549
1.8,-0.1333,0.9189,0.958
1.833,-0.1333,0.922,0.9608
1.867,-0.1333,0.925,0.9634
1.9,-0.1333,0.9279,0.9657
1.933,-0.1333,0.9307,0.9679
1.967,-0.1333,0.9333,0.9699
2,-0.1333,0.9359,0.9717
2.033,-0.1333,0.9384,0.9735
2.067,-0.1333,0.9408,0.975
2.1,-0.1333,0.9431,0.9765
2.133,-0.1333,0.9453,0.9778
2.167,-0.1333,0.9474,0.9791
2.2,-0.1333,0.9495,0.9802
2.233,-0.1333,0.9514,0.9813
2.267,-0.1333,0.9533,0.9823
2.3,-0.1333,0.9551,0.9832
2.333,-0.1333,0.9569,0.9841
2.367,-0.1333,0.9585,0.9849
2.4,-0.1333,0.9601,0.9856
2.433,-0.1333,0.9617,0.9863
2.467,-0.1333,0.9632,0.9869
2.5,-0.1333,0.9646,0.9875
-2.5,-0.1,0.1074,0.01934
-2.467,-0.1,0.1095,0.02037
-2.433,-0.1,0.1115,0.02148
-2.4,-0.1,0.1137,0.02268
-2.367,-0.1,0.1159,0.02397
-2.333,-0.1,0.1181,0.02536
-2.3,-0.1,0.1205,0.02686
-2.267,-0.1,0.1228,0.02848
-2.233,-0.1,0.1253,0.03023
-2.2,-0.1,0.1278,0.03212
-2.167,-0.1,0.1304,0.03417
-2.133,-0.1,0.133,0.03639
-2.1,-0.1,0.1357,0.0388
-2.067,-0.1,0.1385,0.04141
-2.033,-0.1,0.1414,0.04424
-2,-0.1,0.1444,0.04732
-1.967,-0.1,0.1474,0.05067
-1.933,-0.1,0.1505,0.0543
-1.9,-0.1,0.1537,0.05826
-1.867,-0.1,0.157,0.06256
-1.833,-0.1,0.1603,0.06724
-1.8,-0.1,0.1638,0.07234
-1.767,-0.1,0.1674,0.0779
-1.733,-0.1,0.171,0.08394
-1.7,-0.1,0.1748,0.09053
-1.667,-0.1,0.1786,0.09769
-1.633,-0.1,0.1826,0.1055
-1.6,-0.1,0.1866,0.114
-1.567,-0.1,0.1908,0.1232
-1.533,-0.1,0.195,0.1332
-1.5,-0.1,0.1994,0.1441
-1.467,-0.1,0.2039,0.1558
-1.433,-0.1,0.2085,0.1686
-1.4,-0.1,0.2132,0.1823
-1.367,-0.1,0.218,0.1972
-1.333,-0.1,0.223,0.2131
-1.3,-0.1,0.228,0.2302
-1.267,-0.1,0.2332,0.2485
-1.233,-0.1,0.2386,0.268
-1.2,-0.1,0.244,0.2887
-1.167,-0.1,0.2496,0.3106
-1.133,-0.1,0.2553,0.3337
-1.1,-0.1,0.2611,0.3578
-1.067,-0.1,0.2671,0.383
-1.033,-0.1,0.2732,0.4092
-1,-0.1,0.2794,0.4361
-0.9667,-0.1,0.2858,0.4637
-0.9333,-0.1,0.2923,0.4918
-0.9,-0.1,0.2989,0.5203
-0.8667,-0.1,0.3057,0.5488
-0.8333,-0.1,0.3126,0.5773
-0.8,-0.1,0.3197,0.6055
-0.7667,-0.1,0.3268,0.6332
-0.7333,-0.1,0.3342,0.6603
-0.7,-0.1,0.3416,0.6865
-0.6667,-0.1,0.3492,0.7116
-0.6333,-0.1,0.3569,0.7357
-0.6,-0.1,0.3647,0.7584
-0.5667,-0.1,0.3726,0.7797
-0.5333,-0.1,0.3807,0.7996
-0.5,-0.1,0.3889,0.8179
-0.4667,-0.1,0.3972,0.8347
-0.4333,-0.1,0.4056,0.8498
-0.4,-0.1,0.4141,0.8633
-0.3667,-0.1,0.4228,0.875
-0.3333,-0.1,0.4315,0.885
-0.3,-0.1,0.4403,0.8929
-0.2667,-0.1,0.4492,0.8987
-0.2333,-0.1,0.4582,0.9021
-0.2,-0.1,0.4673,0.9023
-0.1667,-0.1,0.4764,0.8986
-0.1333,-0.1,0.4856,0.8893
-0.1,-0.1,0.4949,0.8721
-0.06667,-0.1,0.5042,0.8432
-0.03333,-0.1,0.5136,0.7976
0,-0.1,0.523,0.7309
0.03333,-0.1,0.5324,0.6433
0.06667,-0.1,0.5419,0.5435
0.1,-0.1,0.5513,0.4468
0.1333,-0.1,0.5608,0.3665
0.1667,-0.1,0.5703,0.3077
0.2,-0.1,0.5797,0.2689
0.2333,-0.1,0.5892,0.2459
0.2667,-0.1,0.5986,0.2348
0.3,-0.1,0.608,0.2325
0.3333,-0.1,0.6173,0.2368
0.3667,-0.1,0.6266,0.2463
0.4,-0.1,0.6359,0.2599
0.4333,-0.1,0.645,0.2769
0.4667,-0.1,0.6541,0.2966
0.5,-0.1,0.6632,0.3187
0.5333,-0.1,0.6721,0.3426
0.5667,-0.1,0.6809,0.3681
0.6,-0.1,0.6897,0.3948
0.6333,-0.1,0.6983,0.4224
0.6667,-0.1,0.7068,0.4506
0.7,-0.1,0.7152,0.4791
0.7333,-0.1,0.7235,0.5076
0.7667,-0.1,0.7317,0.536
0.8,-0.1,0.7397,0.5639
0.8333,-0.1,0.7476,0.5912
0.8667,-0.1,0.7553,0.6178
0.9,-0.1,0.7629,0.6434
0.9333,-0.1,0.7704,0.6679
0.9667,-0.1,0.7777,0.6914
1,-0.1,0.7848,0.7136
1.033,-0.1,0.7918,0.7347
1.067,-0.1,0.7986,0.7544
1.1,-0.1,0.8053,0.773
1.133,-0.1,0.8118,0.7903
1.167,-0.1,0.8182,0.8064
1.2,-0.1,0.8244,0.8214
1.233,-0.1,0.8304,0.8352
1.267,-0.1,0.8363,0.8481
1.3,-0.1,0.842,0.8599
1.333,-0.1,0.8476,0.8708
1.367,-0.1,0.853,0.8808
1.4,-0.1,0.8582,0.89
1.433,-0.1,0.8633,0.8984
1.467,-0.1,0.8683,0.9062
1.5,-0.1,0.8731,0.9133
1.533,-0.1,0.8777,0.9198
1.567,-0.1,0.8822,0.9258
1.6,-0.1,0.8866,0.9312
1.633,-0.1,0.8908,0.9362
1.667,-0.1,0.8949,0.9408
1.7,-0.1,0.8988,0.9451
1.733,-0.1,0.9026,0.9489
1.767,-0.1,0.9063,0.9525
1.8,-0.1,0.9099,0.9557
1.833,-0.1,0.9133,0.9587
1.867,-0.1,0.9166,0.9614
1.9,-0.1,0.9198,0.9639
1.933,-0.1,0.9229,0.9663
1.967,-0.1,0.9258,0.9684
2,-0.1,0.9287,0.9704
2.033,-0.1,0.9314,0.9722
2.067,-0.1,0.9341,0.9739
2.1,-0.1,0.9366,0.9754
2.133,-0.1,0.9391,0.9768
2.167,-0.1,0.9414,0.9781
2.2,-0.1,0.9437,0.9794
2.233,-0.1,0.9459,0.9805
2.267,-0.1,0.948,0.9815
2.3,-0.1,0.95,0.9825
2.333,-0.1,0.952,0.9834
2.367,-0.1,0.9538,0.9843
2.4,-0.1,0.9556,0.985
2.433,-0.1,0.9573,0.9858
2.467,-0.1,0.959,0.9864
2.5,-0.1,0.9606,0.9871
-2.5,-0.06667,0.1022,0.01861
-2.467,-0.06667,0.1041,0.01958
-2.433,-0.06667,0.106,0.02064
-2.4,-0.06667,0.108,0.02177
-2.367,-0.06667,0.11,0.02299
-2.333,-0.06667,0.1121,0.0243
-2.3,-0.06667,0.1143,0.02572
-2.267,-0.06667,0.1165,0.02724
-2.233,-0.06667,0.1188,0.02889
-2.2,-0.06667,0.1211,0.03068
-2.167,-0.06667,0.1235,0.03261
-2.133,-0.06667,0.126,0.0347
-2.1,-0.06667,0.1285,0.03696
-2.067,-0.06667,0.1311,0.03942
-2.033,-0.06667,0.1338,0.04208
-2,-0.06667,0.1365,0.04497
-1.967,-0.06667,0.1393,0.04811
-1.933,-0.06667,0.1422,0.05153
-1.9,-0.06667,0.1452,0.05524
-1.867,-0.06667,0.1482,0.05928
-1.833,-0.06667,0.1514,0.06367
-1.8,-0.06667,0.1546,0.06845
-1.767,-0.06667,0.1579,0.07366
-1.733,-0.06667,0.1613,0.07933
-1.7,-0.06667,0.1648,0.0855
-1.667,-0.06667,0.1684,0.09222
-1.633,-0.06667,0.1721,0.09954
-1.6,-0.06667,0.1758,0.1075
-1.567,-0.06667,0.1797,0.1162
-1.533,-0.06667,0.1837,0.1256
-1.5,-0.06667,0.1878,0.1358
-1.467,-0.06667,0.1919,0.1469
-1.433,-0.06667,0.1962,0.1589
-1.4,-0.06667,0.2006,0.1719
-1.367,-0.06667,0.2052,0.1859
-1.333,-0.06667,0.2098,0.201
-1.3,-0.06667,0.2145,0.2172
-1.267,-0.06667,0.2194,0.2346
-1.233,-0.06667,0.2244,0.2532
-1.2,-0.06667,0.2295,0.273
-1.167,-0.06667,0.2347,0.294
-1.133,-0.06667,0.2401,0.3161
-1.1,-0.06667,0.2456,0.3395
-1.067,-0.06667,0.2512,0.3639
-1.033,-0.06667,0.2569,0.3893
-1,-0.06667,0.2628,0.4157
-0.9667,-0.06667,0.2688,0.4428
-0.9333,-0.06667,0.2749,0.4706
-0.9,-0.06667,0.2812,0.4988
-0.8667,-0.06667,0.2876,0.5272
-0.8333,-0.06667,0.2942,0.5558
-0.8,-0.06667,0.3008,0.5842
-0.7667,-0.06667,0.3076,0.6123
-0.7333,-0.06667,0.3146,0.6398
-0.7,-0.06667,0.3217,0.6666
-0.6667,-0.06667,0.3289,0.6925
-0.6333,-0.06667,0.3362,0.7173
-0.6,-0.06667,0.3437,0.7409
-0.5667,-0.06667,0.3513,0.7632
-0.5333,-0.06667,0.359,0.7839
-0.5,-0.06667,0.3669,0.8032
-0.4667,-0.06667,0.3749,0.8208
-0.4333,-0.06667,0.383,0.8368
-0.4,-0.06667,0.3912,0.8509
-0.3667,-0.06667,0.3996,0.8632
-0.3333,-0.06667,0.408,0.8735
-0.3,-0.06667,0.4166,0.8816
-0.2667,-0.06667,0.4252,0.8873
-0.2333,-0.06667,0.434,0.89
-0.2,-0.06667,0.4428,0.8891
-0.1667,-0.06667,0.4517,0.8834
-0.1333,-0.06667,0.4608,0.8709
-0.1,-0.06667,0.4699,0.8486
-0.06667,-0.06667,0.479,0.8122
-0.03333,-0.06667,0.4882,0.7566
0,-0.06667,0.4975,0.6789
0.03333,-0.06667,0.5068,0.5827
0.06667,-0.06667,0.5162,0.4808
0.1,-0.06667,0.5256,0.3891
0.1333,-0.06667,0.5351,0.3176
0.1667,-0.06667,0.5445,0.2676
0.2,-0.06667,0.554,0.236
0.2333,-0.06667,0.5635,0.2182
0.2667,-0.06667,0.5729,0.2105
0.3,-0.06667,0.5824,0.2104
0.3333,-0.06667,0.5918,0.216
0.3667,-0.06667,0.6012,0.2262
0.4,-0.06667,0.6106,0.24
0.4333,-0.06667,0.6199,0.2569
0.4667,-0.06667,0.6292,0.2764
0.5,-0.06667,0.6384,0.2981
0.5333,-0.06667,0.6476,0.3217
0.5667,-0.06667,0.6567,0.3468
0.6,-0.06667,0.6657,0.3731
0.6333,-0.06667,0.6746,0.4005
0.6667,-0.06667,0.6834,0.4285
0.7,-0.06667,0.6921,0.457
0.7333,-0.06667,0.7007,0.4857
0.7667,-0.06667,0.7092,0.5143
0.8,-0.06667,0.7176,0.5427
0.8333,-0.06667,0.7258,0.5705
0.8667,-0.06667,0.7339,0.5977
0.9,-0.06667,0.7419,0.624
0.9333,-0.06667,0.7498,0.6494
0.9667,-0.06667,0.7575,0.6737
1,-0.06667,0.765,0.6969
1.033,-0.06667,0.7724,0.7189
1.067,-0.06667,0.7797,0.7396
1.1,-0.06667,0.7868,0.7591
1.133,-0.06667,0.7937,0.7773
1.167,-0.06667,0.8005,0.7943
1.2,-0.06667,0.8072,0.8102
1.233,-0.06667,0.8136,0.8249
1.267,-0.06667,0.8199,0.8385
1.3,-0.06667,0.8261,0.851
1.333,-0.06667,0.8321,0.8626
1.367,-0.06667,0.8379,0.8733
1.4,-0.06667,0.8436,0.8831
1.433,-0.06667,0.8491,0.8921
1.467,-0.06667,0.8545,0.9004
1.5,-0.06667,0.8597,0.908
1.533,-0.06667,0.8647,0.9149
1.567,-0.06667,0.8696,0.9213
1.6,-0.06667,0.8744,0.9271
1.633,-0.06667,0.879,0.9325
1.667,-0.06667,0.8835,0.9374
1.7,-0.06667,0.8878,0.9419
1.733,-0.06667,0.892,0.946
1.767,-0.06667,0.896,0.9498
1.8,-0.06667,0.8999,0.9533
1.833,-0.06667,0.9037,0.9565
1.867,-0.06667,0.9073,0.9594
1.9,-0.06667,0.9108,0.9621
1.933,-0.06667,0.9142,0.9645
1.967,-0.06667,0.9175,0.9668
2,-0.06667,0.9207,0.9689
2.033,-0.06667,0.9237,0.9708
2.067,-0.06667,0.9266,0.9726
2.1,-0.06667,0.9295,0.9742
2.133,-0.06667,0.9322,0.9758
2.167,-0.06667,0.9348,0.9772
2.2,-0.06667,0.9373,0.9784
2.233,-0.06667,0.9397,0.9796
2.267,-0.06667,0.9421,0.9808
2.3,-0.06667,0.9443,0.9818
2.333,-0.06667,0.9465,0.9827
2.367,-0.06667,0.9486,0.9836
2.4,-0.06667,0.9506,0.9845
2.433,-0.06667,0.9525,0.9852
2.467,-0.06667,0.9543,0.9859
2.5,-0.06667,0.9561,0.9866
-2.5,-0.03333,0.09732,0.01791
-2.467,-0.03333,0.09907,0.01884
-2.433,-0.03333,0.1009,0.01983
-2.4,-0.03333,0.1027,0.02091
-2.367,-0.03333,0.1046,0.02206
-2.333,-0.03333,0.1066,0.0233
-2.3,-0.03333,0.1086,0.02464
-2.267,-0.03333,0.1106,0.02608
-2.233,-0.03333,0.1127,0.02764
-2.2,-0.03333,0.1149,0.02932
-2.167,-0.03333,0.1171,0.03114
-2.133,-0.03333,0.1194,0.03311
-2.1,-0.03333,0.1218,0.03524
-2.067,-0.03333,0.1242,0.03755
-2.033,-0.03333,0.1267,0.04005
-2,-0.03333,0.1292,0.04277
-1.967,-0.03333,0.1318,0.04572
-1.933,-0.03333,0.1345,0.04892
-1.9,-0.03333,0.1373,0.05241
-1.867,-0.03333,0.1401,0.0562
-1.833,-0.03333,0.143,0.06032
-1.8,-0.03333,0.146,0.0648
-1.767,-0.03333,0.1491,0.06969
-1.733,-0.03333,0.1523,0.075
-1.7,-0.03333,0.1555,0.08079
-1.667,-0.03333,0.1589,0.0871
-1.633,-0.03333,0.1623,0.09396
-1.6,-0.03333,0.1658,0.1014
-1.567,-0.03333,0.1694,0.1096
-1.533,-0.03333,0.1731,0.1184
-1.5,-0.03333,0.1769,0.128
-1.467,-0.03333,0.1808,0.1384
-1.433,-0.03333,0.1848,0.1497
-1.4,-0.03333,0.1889,0.162
-1.367,-0.03333,0.1931,0.1752
-1.333,-0.03333,0.1975,0.1895
-1.3,-0.03333,0.2019,0.2048
-1.267,-0.03333,0.2064,0.2213
-1.233,-0.03333,0.2111,0.239
-1.2,-0.03333,0.2159,0.2579
-1.167,-0.03333,0.2208,0.278
-1.133,-0.03333,0.2258,0.2993
-1.1,-0.03333,0.2309,0.3217
-1.067,-0.03333,0.2362,0.3454
-1.033,-0.03333,0.2416,0.37
-1,-0.03333,0.2471,0.3957
-0.9667,-0.03333,0.2528,0.4222
-0.9333,-0.03333,0.2585,0.4495
-0.9,-0.03333,0.2645,0.4774
-0.8667,-0.03333,0.2705,0.5057
-0.8333,-0.03333,0.2767,0.5342
-0.8,-0.03333,0.283,0.5627
-0.7667,-0.03333,0.2894,0.591
-0.7333,-0.03333,0.296,0.6189
-0.7,-0.03333,0.3027,0.6462
-0.6667,-0.03333,0.3096,0.6728
-0.6333,-0.03333,0.3166,0.6983
-0.6,-0.03333,0.3237,0.7227
-0.5667,-0.03333,0.3309,0.7458
-0.5333,-0.03333,0.3383,0.7675
-0.5,-0.03333,0.3458,0.7876
-0.4667,-0.03333,0.3535,0.806
-0.4333,-0.03333,0.3612,0.8227
-0.4,-0.03333,0.3691,0.8376
-0.3667,-0.03333,0.3772,0.8504
-0.3333,-0.03333,0.3853,0.861
-0.3,-0.03333,0.3935,0.8691
-0.2667,-0.03333,0.4019,0.8745
-0.2333,-0.03333,0.4104,0.8764
-0.2,-0.03333,0.419,0.874
-0.1667,-0.03333,0.4277,0.8657
-0.1333,-0.03333,0.4364,0.8492
-0.1,-0.03333,0.4453,0.8208
-0.06667,-0.03333,0.4543,0.7757
-0.03333,-0.03333,0.4633,0.7094
0,-0.03333,0.4724,0.6213
0.03333,-0.03333,0.4816,0.5196
0.06667,-0.03333,0.4908,0.4195
0.1,-0.03333,0.5001,0.3355
0.1333,-0.03333,0.5095,0.2735
0.1667,-0.03333,0.5189,0.2321
0.2,-0.03333,0.5283,0.2068
0.2333,-0.03333,0.5377,0.1934
0.2667,-0.03333,0.5472,0.1887
0.3,-0.03333,0.5566,0.1903
0.3333,-0.03333,0.5661,0.1969
0.3667,-0.03333,0.5756,0.2075
0.4,-0.03333,0.585,0.2214
0.4333,-0.03333,0.5945,0.2381
0.4667,-0.03333,0.6039,0.2571
0.5,-0.03333,0.6132,0.2783
0.5333,-0.03333,0.6226,0.3014
0.5667,-0.03333,0.6318,0.326
0.6,-0.03333,0.641,0.3519
0.6333,-0.03333,0.6502,0.3788
0.6667,-0.03333,0.6592,0.4066
0.7,-0.03333,0.6682,0.435
0.7333,-0.03333,0.6771,0.4637
0.7667,-0.03333,0.6858,0.4925
0.8,-0.03333,0.6945,0.5211
0.8333,-0.03333,0.7031,0.5494
0.8667,-0.03333,0.7116,0.5772
0.9,-0.03333,0.7199,0.6042
0.9333,-0.03333,0.7281,0.6303
0.9667,-0.03333,0.7362,0.6554
1,-0.03333,0.7441,0.6795
1.033,-0.03333,0.7519,0.7024
1.067,-0.03333,0.7596,0.724
1.1,-0.03333,0.7671,0.7445
1.133,-0.03333,0.7745,0.7636
1.167,-0.03333,0.7817,0.7816
1.2,-0.03333,0.7887,0.7983
1.233,-0.03333,0.7956,0.8139
1.267,-0.03333,0.8024,0.8283
1.3,-0.03333,0.809,0.8416
1.333,-0.03333,0.8154,0.854
1.367,-0.03333,0.8217,0.8653
1.4,-0.03333,0.8278,0.8758
1.433,-0.03333,0.8337,0.8854
1.467,-0.03333,0.8395,0.8942
1.5,-0.03333,0.8452,0.9023
1.533,-0.03333,0.8506,0.9097
1.567,-0.03333,0.856,0.9165
1.6,-0.03333,0.8611,0.9228
1.633,-0.03333,0.8661,0.9285
1.667,-0.03333,0.871,0.9337
1.7,-0.03333,0.8757,0.9385
1.733,-0.03333,0.8803,0.9429
1.767,-0.03333,0.8847,0.947
1.8,-0.03333,0.889,0.9507
1.833,-0.03333,0.8931,0.9541
1.867,-0.03333,0.8971,0.9572
1.9,-0.03333,0.901,0.9601
1.933,-0.03333,0.9047,0.9627
1.967,-0.03333,0.9083,0.9651
2,-0.03333,0.9118,0.9673
2.033,-0.03333,0.9151,0.9694
2.067,-0.03333,0.9184,0.9713
2.1,-0.03333,0.9215,0.973
2.133,-0.03333,0.9245,0.9746
2.167,-0.03333,0.9274,0.9761
2.2,-0.03333,0.9302,0.9775
2.233,-0.03333,0.9329,0.9787
2.267,-0.03333,0.9355,0.9799
2.3,-0.03333,0.938,0.981
2.333,-0.03333,0.9404,0.982
2.367,-0.03333,0.9427,0.983
2.4,-0.03333,0.9449,0.9838
2.433,-0.03333,0.9471,0.9847
2.467,-0.03333,0.9491,0.9854
2.5,-0.03333,0.9511,0.9861
-2.5,0,0.09278,0.01725
-2.467,0,0.09441,0.01813
-2.433,0,0.09609,0.01908
-2.4,0,0.09781,0.02009
-2.367,0,0.09957,0.02118
-2.333,0,0.1014,0.02235
-2.3,0,0.1032,0.02362
-2.267,0,0.1052,0.02498
-2.233,0,0.1071,0.02645
-2.2,0,0.1091,0.02804
-2.167,0,0.1112,0.02975
-2.133,0,0.1133,0.03161
-2.1,0,0.1155,0.03361
-2.067,0,0.1178,0.03579
-2.033,0,0.1201,0.03814
-2,0,0.1224,0.0407
-1.967,0,0.1249,0.04347
-1.933,0,0.1274,0.04648
-1.9,0,0.1299,0.04975
-1.867,0,0.1326,0.05331
-1.833,0,0.1353,0.05717
-1.8,0,0.1381,0.06138
-1.767,0,0.1409,0.06596
-1.733,0,0.1439,0.07095
-1.7,0,0.1469,0.07637
-1.667,0,0.15,0.08228
-1.633,0,0.1532,0.08872
-1.6,0,0.1564,0.09573
-1.567,0,0.1598,0.1034
-1.533,0,0.1633,0.1117
-1.5,0,0.1668,0.1207
-1.467,0,0.1704,0.1305
-1.433,0,0.1742,0.1411
-1.4,0,0.178,0.1526
-1.367,0,0.1819,0.1651
-1.333,0,0.1859,0.1786
-1.3,0,0.1901,0.1931
-1.267,0,0.1943,0.2088
-1.233,0,0.1987,0.2256
-1.2,0,0.2032,0.2435
-1.167,0,0.2077,0.2627
-1.133,0,0.2124,0.2831
-1.1,0,0.2172,0.3047
-1.067,0,0.2222,0.3274
-1.033,0,0.2272,0.3513
-1,0,0.2324,0.3762
-0.9667,0,0.2377,0.4021
-0.9333,0,0.2431,0.4288
-0.9,0,0.2487,0.4563
-0.8667,0,0.2544,0.4842
-0.8333,0,0.2602,0.5126
-0.8,0,0.2661,0.5411
-0.7667,0,0.2722,0.5695
-0.7333,0,0.2784,0.5977
-0.7,0,0.2848,0.6254
-0.6667,0,0.2913,0.6525
-0.6333,0,0.2979,0.6787
-0.6,0,0.3046,0.7038
-0.5667,0,0.3115,0.7277
-0.5333,0,0.3185,0.7502
-0.5,0,0.3257,0.7711
-0.4667,0,0.333,0.7904
-0.4333,0,0.3404,0.8078
-0.4,0,0.348,0.8232
-0.3667,0,0.3556,0.8364
-0.3333,0,0.3634,0.8473
-0.3,0,0.3714,0.8553
-0.2667,0,0.3794,0.8602
-0.2333,0,0.3876,0.861
-0.2,0,0.3959,0.8566
-0.1667,0,0.4043,0.8452
-0.1333,0,0.4128,0.8237
-0.1,0,0.4214,0.7881
-0.06667,0,0.4301,0.7333
-0.03333,0,0.4389,0.6562
0,0,0.4478,0.5597
0.03333,0,0.4568,0.4561
0.06667,0,0.4658,0.3615
0.1,0,0.475,0.287
0.1333,0,0.4842,0.2346
0.1667,0,0.4934,0.2009
0.2,0,0.5027,0.1812
0.2333,0,0.5121,0.1715
0.2667,0,0.5215,0.1691
0.3,0,0.5309,0.1721
0.3333,0,0.5404,0.1794
0.3667,0,0.5498,0.1902
0.4,0,0.5593,0.2039
0.4333,0,0.5688,0.2202
0.4667,0,0.5782,0.2388
0.5,0,0.5877,0.2594
0.5333,0,0.5971,0.2818
0.5667,0,0.6065,0.3057
0.6,0,0.6158,0.3311
0.6333,0,0.6252,0.3576
0.6667,0,0.6344,0.385
0.7,0,0.6436,0.4131
0.7333,0,0.6527,0.4417
0.7667,0,0.6617,0.4705
0.8,0,0.6707,0.4994
0.8333,0,0.6795,0.528
0.8667,0,0.6883,0.5562
0.9,0,0.6969,0.5838
0.9333,0,0.7055,0.6106
0.9667,0,0.7139,0.6365
1,0,0.7222,0.6614
1.033,0,0.7304,0.6852
1.067,0,0.7384,0.7078
1.1,0,0.7463,0.7291
1.133,0,0.7541,0.7493
1.167,0,0.7617,0.7681
1.2,0,0.7692,0.7858
1.233,0,0.7765,0.8022
1.267,0,0.7837,0.8175
1.3,0,0.7907,0.8317
1.333,0,0.7976,0.8447
1.367,0,0.8043,0.8568
1.4,0,0.8108,0.868
1.433,0,0.8172,0.8782
1.467,0,0.8234,0.8876
1.5,0,0.8295,0.8962
1.533,0,0.8354,0.9042
1.567,0,0.8411,0.9115
1.6,0,0.8467,0.9181
1.633,0,0.8521,0.9242
1.667,0,0.8574,0.9298
1.7,0,0.8625,0.935
1.733,0,0.8675,0.9397
1.767,0,0.8723,0.944
1.8,0,0.877,0.9479
1.833,0,0.8815,0.9515
1.867,0,0.8859,0.9549
1.9,0,0.8901,0.9579
1.933,0,0.8942,0.9607
1.967,0,0.8982,0.9633
2,0,0.902,0.9657
2.033,0,0.9057,0.9678
2.067,0,0.9093,0.9699
2.1,0,0.9127,0.9717
2.133,0,0.9161,0.9734
2.167,0,0.9193,0.975
2.2,0,0.9224,0.9765
2.233,0,0.9254,0.9778
2.267,0,0.9282,0.979
2.3,0,0.931,0.9802
2.333,0,0.9337,0.9813
2.367,0,0.9362,0.9823
2.4,0,0.9387,0.9832
2.433,0,0.9411,0.984
2.467,0,0.9434,0.9848
2.5,0,0.9456,0.9856
-2.5,0.03333,0.08856,0.01663
-2.467,0.03333,0.09008,0.01746
-2.433,0.03333,0.09164,0.01836
-2.4,0.03333,0.09324,0.01932
-2.367,0.03333,0.09488,0.02035
-2.333,0.03333,0.09656,0.02146
-2.3,0.03333,0.0983,0.02265
-2.267,0.03333,0.1001,0.02394
-2.233,0.03333,0.1019,0.02533
-2.2,0.03333,0.1038,0.02683
-2.167,0.03333,0.1057,0.02844
-2.133,0.03333,0.1077,0.03019
-2.1,0.03333,0.1097,0.03208
-2.067,0.03333,0.1118,0.03413
-2.033,0.03333,0.1139,0.03634
-2,0.03333,0.1161,0.03875
-1.967,0.03333,0.1184,0.04135
-1.933,0.03333,0.1207,0.04418
-1.9,0.03333,0.1231,0.04725
-1.867,0.03333,0.1256,0.05059
-1.833,0.03333,0.1281,0.05422
-1.8,0.03333,0.1307,0.05817
-1.767,0.03333,0.1333,0.06247
-1.733,0.03333,0.1361,0.06714
-1.7,0.03333,0.1389,0.07223
-1.667,0.03333,0.1418,0.07777
-1.633,0.03333,0.1447,0.08381
-1.6,0.03333,0.1478,0.09038
-1.567,0.03333,0.1509,0.09754
-1.533,0.03333,0.1541,0.1053
-1.5,0.03333,0.1574,0.1138
-1.467,0.03333,0.1608,0.123
-1.433,0.03333,0.1642,0.133
-1.4,0.03333,0.1678,0.1438
-1.367,0.03333,0.1715,0.1556
-1.333,0.03333,0.1752,0.1683
-1.3,0.03333,0.1791,0.182
-1.267,0.03333,0.183,0.1968
-1.233,0.03333,0.1871,0.2128
-1.2,0.03333,0.1913,0.2298
-1.167,0.03333,0.1955,0.2481
-1.133,0.03333,0.1999,0.2676
-1.1,0.03333,0.2044,0.2882
-1.067,0.03333,0.209,0.3101
-1.033,0.03333,0.2138,0.3331
-1,0.03333,0.2186,0.3573
-0.9667,0.03333,0.2236,0.3825
-0.9333,0.03333,0.2287,0.4086
-0.9,0.03333,0.2339,0.4355
-0.8667,0.03333,0.2392,0.463
-0.8333,0.03333,0.2447,0.4911
-0.8,0.03333,0.2503,0.5194
-0.7667,0.03333,0.256,0.5479
-0.7333,0.03333,0.2618,0.5763
-0.7,0.03333,0.2678,0.6043
-0.6667,0.03333,0.2739,0.6318
-0.6333,0.03333,0.2802,0.6585
-0.6,0.03333,0.2866,0.6843
-0.5667,0.03333,0.2931,0.7089
-0.5333,0.03333,0.2998,0.7321
-0.5,0.03333,0.3065,0.7538
-0.4667,0.03333,0.3135,0.7738
-0.4333,0.03333,0.3205,0.7918
-0.4,0.03333,0.3277,0.8078
-0.3667,0.03333,0.335,0.8214
-0.3333,0.03333,0.3425,0.8323
-0.3,0.03333,0.3501,0.8401
-0.2667,0.03333,0.3578,0.8442
-0.2333,0.03333,0.3656,0.8435
-0.2,0.03333,0.3736,0.8367
-0.1667,0.03333,0.3817,0.8213
-0.1333,0.03333,0.3899,0.794
-0.1,0.03333,0.3982,0.75
-0.06667,0.03333,0.4066,0.685
-0.03333,0.03333,0.4152,0.598
0,0.03333,0.4238,0.4961
0.03333,0.03333,0.4326,0.3944
0.06667,0.03333,0.4414,0.3081
0.1,0.03333,0.4503,0.244
0.1333,0.03333,0.4593,0.2007
0.1667,0.03333,0.4684,0.1739
0.2,0.03333,0.4775,0.1588
0.2333,0.03333,0.4868,0.1521
0.2667,0.03333,0.496,0.1515
0.3,0.03333,0.5054,0.1556
0.3333,0.03333,0.5147,0.1633
0.3667,0.03333,0.5241,0.1741
0.4,0.03333,0.5336,0.1876
0.4333,0.03333,0.543,0.2034
0.4667,0.03333,0.5525,0.2214
0.5,0.03333,0.562,0.2413
0.5333,0.03333,0.5714,0.2629
0.5667,0.03333,0.5809,0.2862
0.6,0.03333,0.5903,0.3109
0.6333,0.03333,0.5997,0.3368
0.6667,0.03333,0.6091,0.3637
0.7,0.03333,0.6185,0.3915
0.7333,0.03333,0.6277,0.4198
0.7667,0.03333,0.637,0.4486
0.8,0.03333,0.6461,0.4775
0.8333,0.03333,0.6552,0.5063
0.8667,0.03333,0.6642,0.5349
0.9,0.03333,0.6732,0.5629
0.9333,0.03333,0.682,0.5904
0.9667,0.03333,0.6907,0.617
1,0.03333,0.6993,0.6427
1.033,0.03333,0.7079,0.6673
1.067,0.03333,0.7162,0.6908
1.1,0.03333,0.7245,0.7131
1.133,0.03333,0.7326,0.7342
1.167,0.03333,0.7406,0.754
1.2,0.03333,0.7485,0.7726
1.233,0.03333,0.7562,0.7899
1.267,0.03333,0.7638,0.8061
1.3,0.03333,0.7713,0.8211
1.333,0.03333,0.7785,0.8349
1.367,0.03333,0.7857,0.8478
1.4,0.03333,0.7926,0.8596
1.433,0.03333,0.7994,0.8705
1.467,0.03333,0.8061,0.8806
1.5,0.03333,0.8126,0.8898
1.533,0.03333,0.8189,0.8983
1.567,0.03333,0.8251,0.906
1.6,0.03333,0.8311,0.9131
1.633,0.03333,0.837,0.9197
1.667,0.03333,0.8427,0.9256
1.7,0.03333,0.8483,0.9311
1.733,0.03333,0.8536,0.9361
1.767,0.03333,0.8589,0.9407
1.8,0.03333,0.8639,0.945
1.833,0.03333,0.8689,0.9488
1.867,0.03333,0.8736,0.9524
1.9,0.03333,0.8783,0.9556
1.933,0.03333,0.8828,0.9586
1.967,0.03333,0.8871,0.9614
2,0.03333,0.8913,0.9639
2.033,0.03333,0.8954,0.9662
2.067,0.03333,0.8993,0.9684
2.1,0.03333,0.9031,0.9703
2.133,0.03333,0.9067,0.9721
2.167,0.03333,0.9103,0.9738
2.2,0.03333,0.9137,0.9754
2.233,0.03333,0.917,0.9768
2.267,0.03333,0.9202,0.9781
2.3,0.03333,0.9232,0.9793
2.333,0.03333,0.9262,0.9805
2.367,0.03333,0.929,0.9815
2.4,0.03333,0.9317,0.9825
2.433,0.03333,0.9344,0.9834
2.467,0.03333,0.9369,0.9842
2.5,0.03333,0.9394,0.985
-2.5,0.06667,0.08463,0.01604
-2.467,0.06667,0.08604,0.01683
-2.433,0.06667,0.08749,0.01768
-2.4,0.06667,0.08898,0.01859
-2.367,0.06667,0.09051,0.01956
-2.333,0.06667,0.09208,0.02061
-2.3,0.06667,0.09369,0.02174
-2.267,0.06667,0.09535,0.02296
-2.233,0.06667,0.09704,0.02427
-2.2,0.06667,0.09879,0.02568
-2.167,0.06667,0.1006,0.02721
-2.133,0.06667,0.1024,0.02886
-2.1,0.06667,0.1043,0.03064
-2.067,0.06667,0.1063,0.03257
-2.033,0.06667,0.1082,0.03465
-2,0.06667,0.1103,0.03691
-1.967,0.06667,0.1124,0.03937
-1.933,0.06667,0.1146,0.04202
-1.9,0.06667,0.1168,0.04491
-1.867,0.06667,0.1191,0.04805
-1.833,0.06667,0.1214,0.05145
-1.8,0.06667,0.1238,0.05516
-1.767,0.06667,0.1263,0.05919
-1.733,0.06667,0.1288,0.06357
-1.7,0.06667,0.1314,0.06835
-1.667,0.06667,0.1341,0.07354
-1.633,0.06667,0.1368,0.0792
-1.6,0.06667,0.1397,0.08537
-1.567,0.06667,0.1426,0.09208
-1.533,0.06667,0.1456,0.09938
-1.5,0.06667,0.1486,0.1073
-1.467,0.06667,0.1518,0.116
-1.433,0.06667,0.155,0.1254
-1.4,0.06667,0.1583,0.1356
-1.367,0.06667,0.1617,0.1466
-1.333,0.06667,0.1652,0.1586
-1.3,0.06667,0.1688,0.1716
-1.267,0.06667,0.1725,0.1856
-1.233,0.06667,0.1763,0.2006
-1.2,0.06667,0.1802,0.2168
-1.167,0.06667,0.1842,0.2342
-1.133,0.06667,0.1883,0.2528
-1.1,0.06667,0.1924,0.2725
-1.067,0.06667,0.1968,0.2935
-1.033,0.06667,0.2012,0.3156
-1,0.06667,0.2057,0.3389
-0.9667,0.06667,0.2103,0.3633
-0.9333,0.06667,0.2151,0.3887
-0.9,0.06667,0.22,0.415
-0.8667,0.06667,0.225,0.4421
-0.8333,0.06667,0.2301,0.4698
-0.8,0.06667,0.2354,0.4979
-0.7667,0.06667,0.2407,0.5263
-0.7333,0.06667,0.2462,0.5547
-0.7,0.06667,0.2519,0.5829
-0.6667,0.06667,0.2576,0.6107
-0.6333,0.06667,0.2635,0.6378
-0.6,0.06667,0.2695,0.6641
-0.5667,0.06667,0.2757,0.6894
-0.5333,0.06667,0.282,0.7133
-0.5,0.06667,0.2884,0.7356
-0.4667,0.06667,0.295,0.7563
-0.4333,0.06667,0.3016,0.7749
-0.4,0.06667,0.3085,0.7913
-0.3667,0.06667,0.3154,0.8051
-0.3333,0.06667,0.3225,0.816
-0.3,0.06667,0.3298,0.8233
-0.2667,0.06667,0.3371,0.8263
-0.2333,0.06667,0.3446,0.8238
-0.2,0.06667,0.3522,0.8139
-0.1667,0.06667,0.36,0.7938
-0.1333,0.06667,0.3679,0.7595
-0.1,0.06667,0.3759,0.7064
-0.06667,0.06667,0.384,0.6312
-0.03333,0.06667,0.3922,0.5361
0,0.06667,0.4006,0.4325
0.03333,0.06667,0.409,0.3366
0.06667,0.06667,0.4176,0.2604
0.1,0.06667,0.4263,0.2065
0.1333,0.06667,0.435,0.1715
0.1667,0.06667,0.4439,0.1505
0.2,0.06667,0.4528,0.1393
0.2333,0.06667,0.4618,0.135
0.2667,0.06667,0.4709,0.1358
0.3,0.06667,0.4801,0.1406
0.3333,0.06667,0.4893,0.1486
0.3667,0.06667,0.4986,0.1593
0.4,0.06667,0.508,0.1723
0.4333,0.06667,0.5174,0.1876
0.4667,0.06667,0.5268,0.2049
0.5,0.06667,0.5362,0.224
0.5333,0.06667,0.5457,0.2449
0.5667,0.06667,0.5551,0.2673
0.6,0.06667,0.5646,0.2913
0.6333,0.06667,0.5741,0.3165
0.6667,0.06667,0.5835,0.3428
0.7,0.06667,0.593,0.3701
0.7333,0.06667,0.6024,0.3981
0.7667,0.06667,0.6117,0.4267
0.8,0.06667,0.6211,0.4555
0.8333,0.06667,0.6303,0.4844
0.8667,0.06667,0.6396,0.5133
0.9,0.06667,0.6487,0.5417
0.9333,0.06667,0.6578,0.5697
0.9667,0.06667,0.6668,0.597
1,0.06667,0.6757,0.6234
1.033,0.06667,0.6845,0.6488
1.067,0.06667,0.6932,0.6732
1.1,0.06667,0.7017,0.6964
1.133,0.06667,0.7102,0.7184
1.167,0.06667,0.7186,0.7391
1.2,0.06667,0.7268,0.7586
1.233,0.06667,0.7349,0.7769
1.267,0.06667,0.7429,0.794
1.3,0.06667,0.7507,0.8098
1.333,0.06667,0.7584,0.8246
1.367,0.06667,0.7659,0.8382
1.4,0.06667,0.7733,0.8508
1.433,0.06667,0.7805,0.8624
1.467,0.06667,0.7876,0.8731
1.5,0.06667,0.7946,0.8829
1.533,0.06667,0.8013,0.8919
1.567,0.06667,0.8079,0.9002
1.6,0.06667,0.8144,0.9078
1.633,0.06667,0.8207,0.9148
1.667,0.06667,0.8268,0.9212
1.7,0.06667,0.8328,0.927
1.733,0.06667,0.8386,0.9324
1.767,0.06667,0.8443,0.9373
1.8,0.06667,0.8498,0.9418
1.833,0.06667,0.8551,0.9459
1.867,0.06667,0.8603,0.9497
1.9,0.06667,0.8653,0.9532
1.933,0.06667,0.8702,0.9564
1.967,0.06667,0.875,0.9593
2,0.06667,0.8795,0.962
2.033,0.06667,0.884,0.9645
2.067,0.06667,0.8883,0.9668
2.1,0.06667,0.8924,0.9688
2.133,0.06667,0.8965,0.9708
2.167,0.06667,0.9004,0.9726
2.2,0.06667,0.9041,0.9742
2.233,0.06667,0.9077,0.9757
2.267,0.06667,0.9112,0.9771
2.3,0.06667,0.9146,0.9784
2.333,0.06667,0.9179,0.9796
2.367,0.06667,0.921,0.9807
2.4,0.06667,0.9241,0.9818
2.433,0.06667,0.927,0.9827
2.467,0.06667,0.9298,0.9836
2.5,0.06667,0.9325,0.9844
-2.5,0.1,0.08096,0.01548
-2.467,0.1,0.08228,0.01623
-2.433,0.1,0.08363,0.01703
-2.4,0.1,0.08502,0.01789
-2.367,0.1,0.08644,0.01882
-2.333,0.1,0.0879,0.01981
-2.3,0.1,0.0894,0.02088
-2.267,0.1,0.09094,0.02203
-2.233,0.1,0.09253,0.02327
-2.2,0.1,0.09415,0.02461
-2.167,0.1,0.09582,0.02605
-2.133,0.1,0.09753,0.0276
-2.1,0.1,0.09929,0.02928
-2.067,0.1,0.1011,0.0311
-2.033,0.1,0.1029,0.03306
-2,0.1,0.1048,0.03519
-1.967,0.1,0.1068,0.0375
-1.933,0.1,0.1088,0.04
-1.9,0.1,0.1109,0.04271
-1.867,0.1,0.113,0.04565
-1.833,0.1,0.1152,0.04885
-1.8,0.1,0.1174,0.05233
-1.767,0.1,0.1197,0.05611
-1.733,0.1,0.1221,0.06023
-1.7,0.1,0.1245,0.0647
-1.667,0.1,0.127,0.06958
-1.633,0.1,0.1295,0.07489
-1.6,0.1,0.1322,0.08066
-1.567,0.1,0.1349,0.08696
-1.533,0.1,0.1376,0.09381
-1.5,0.1,0.1405,0.1013
-1.467,0.1,0.1434,0.1094
-1.433,0.1,0.1464,0.1182
-1.4,0.1,0.1495,0.1278
-1.367,0.1,0.1527,0.1382
-1.333,0.1,0.1559,0.1495
-1.3,0.1,0.1593,0.1617
-1.267,0.1,0.1627,0.1749
-1.233,0.1,0.1662,0.1891
-1.2,0.1,0.1698,0.2045
-1.167,0.1,0.1736,0.221
-1.133,0.1,0.1774,0.2386
-1.1,0.1,0.1813,0.2575
-1.067,0.1,0.1853,0.2775
-1.033,0.1,0.1894,0.2988
-1,0.1,0.1936,0.3212
-0.9667,0.1,0.198,0.3448
-0.9333,0.1,0.2024,0.3694
-0.9,0.1,0.207,0.3951
-0.8667,0.1,0.2117,0.4215
-0.8333,0.1,0.2165,0.4487
-0.8,0.1,0.2214,0.4765
-0.7667,0.1,0.2264,0.5047
-0.7333,0.1,0.2316,0.533
-0.7,0.1,0.2368,0.5613
-0.6667,0.1,0.2423,0.5893
-0.6333,0.1,0.2478,0.6168
-0.6,0.1,0.2535,0.6435
-0.5667,0.1,0.2593,0.6692
-0.5333,0.1,0.2652,0.6937
-0.5,0.1,0.2712,0.7167
-0.4667,0.1,0.2774,0.7379
-0.4333,0.1,0.2838,0.757
-0.4,0.1,0.2902,0.7737
-0.3667,0.1,0.2968,0.7876
-0.3333,0.1,0.3035,0.7982
-0.3,0.1,0.3104,0.8048
-0.2667,0.1,0.3174,0.8064
-0.2333,0.1,0.3245,0.8015
-0.2,0.1,0.3318,0.7879
-0.1667,0.1,0.3392,0.7622
-0.1333,0.1,0.3467,0.7201
-0.1,0.1,0.3544,0.6574
-0.06667,0.1,0.3622,0.5728
-0.03333,0.1,0.3701,0.4726
0,0.1,0.3781,0.3713
0.03333,0.1,0.3863,0.2841
0.06667,0.1,0.3945,0.2187
0.1,0.1,0.4029,0.1744
0.1333,0.1,0.4114,0.1465
0.1667,0.1,0.42,0.1304
0.2,0.1,0.4287,0.1223
0.2333,0.1,0.4375,0.1199
0.2667,0.1,0.4464,0.1218
0.3,0.1,0.4553,0.1271
0.3333,0.1,0.4644,0.1351
0.3667,0.1,0.4735,0.1456
0.4,0.1,0.4827,0.1582
0.4333,0.1,0.4919,0.1728
0.4667,0.1,0.5012,0.1893
0.5,0.1,0.5106,0.2076
0.5333,0.1,0.52,0.2277
0.5667,0.1,0.5294,0.2493
0.6,0.1,0.5389,0.2723
0.6333,0.1,0.5483,0.2968
0.6667,0.1,0.5578,0.3224
0.7,0.1,0.5673,0.3491
0.7333,0.1,0.5767,0.3767
0.7667,0.1,0.5862,0.4049
0.8,0.1,0.5956,0.4336
0.8333,0.1,0.605,0.4625
0.8667,0.1,0.6144,0.4915
0.9,0.1,0.6237,0.5202
0.9333,0.1,0.6329,0.5486
0.9667,0.1,0.6421,0.5764
1,0.1,0.6512,0.6035
1.033,0.1,0.6603,0.6297
1.067,0.1,0.6693,0.6549
1.1,0.1,0.6781,0.6789
1.133,0.1,0.6869,0.7019
1.167,0.1,0.6956,0.7236
1.2,0.1,0.7041,0.744
1.233,0.1,0.7126,0.7632
1.267,0.1,0.7209,0.7812
1.3,0.1,0.7291,0.798
1.333,0.1,0.7371,0.8135
1.367,0.1,0.7451,0.828
1.4,0.1,0.7529,0.8413
1.433,0.1,0.7605,0.8537
1.467,0.1,0.768,0.8651
1.5,0.1,0.7753,0.8755
1.533,0.1,0.7825,0.8852
1.567,0.1,0.7896,0.894
1.6,0.1,0.7965,0.9021
1.633,0.1,0.8032,0.9096
1.667,0.1,0.8098,0.9164
1.7,0.1,0.8162,0.9226
1.733,0.1,0.8224,0.9284
1.767,0.1,0.8285,0.9336
1.8,0.1,0.8344,0.9384
1.833,0.1,0.8402,0.9428
1.867,0.1,0.8458,0.9469
1.9,0.1,0.8513,0.9506
1.933,0.1,0.8566,0.954
1.967,0.1,0.8617,0.9571
2,0.1,0.8667,0.96
2.033,0.1,0.8716,0.9626
2.067,0.1,0.8763,0.9651
2.1,0.1,0.8808,0.9673
2.133,0.1,0.8852,0.9693
2.167,0.1,0.8895,0.9712
2.2,0.1,0.8936,0.973
2.233,0.1,0.8976,0.9746
2.267,0.1,0.9014,0.9761
2.3,0.1,0.9051,0.9774
2.333,0.1,0.9087,0.9787
2.367,0.1,0.9122,0.9799
2.4,0.1,0.9155,0.981
2.433,0.1,0.9188,0.982
2.467,0.1,0.9219,0.9829
2.5,0.1,0.9249,0.9838
-2.5,0.1333,0.07755,0.01494
-2.467,0.1333,0.07877,0.01565
-2.433,0.1333,0.08003,0.01642
-2.4,0.1333,0.08133,0.01724
-2.367,0.1333,0.08265,0.01811
-2.333,0.1333,0.08402,0.01906
-2.3,0.1333,0.08541,0.02007
-2.267,0.1333,0.08685,0.02116
-2.233,0.1333,0.08832,0.02233
-2.2,0.1333,0.08983,0.02359
-2.167,0.1333,0.09138,0.02495
-2.133,0.1333,0.09298,0.02642
-2.1,0.1333,0.09461,0.028
-2.067,0.1333,0.09629,0.02971
-2.033,0.1333,0.09802,0.03156
-2,0.1333,0.09979,0.03357
-1.967,0.1333,0.1016,0.03574
-1.933,0.1333,0.1035,0.03809
-1.9,0.1333,0.1054,0.04064
-1.867,0.1333,0.1074,0.04341
-1.833,0.1333,0.1094,0.04641
-1.8,0.1333,0.1115,0.04968
-1.767,0.1333,0.1136,0.05323
-1.733,0.1333,0.1158,0.05709
-1.7,0.1333,0.118,0.06129
-1.667,0.1333,0.1204,0.06586
-1.633,0.1333,0.1227,0.07084
-1.6,0.1333,0.1252,0.07625
-1.567,0.1333,0.1277,0.08215
-1.533,0.1333,0.1303,0.08858
-1.5,0.1333,0.1329,0.09557
-1.467,0.1333,0.1356,0.1032
-1.433,0.1333,0.1384,0.1115
-1.4,0.1333,0.1413,0.1205
-1.367,0.1333,0.1442,0.1303
-1.333,0.1333,0.1473,0.1409
-1.3,0.1333,0.1504,0.1524
-1.267,0.1333,0.1536,0.1648
-1.233,0.1333,0.1568,0.1783
-1.2,0.1333,0.1602,0.1928
-1.167,0.1333,0.1637,0.2084
-1.133,0.1333,0.1672,0.2252
-1.1,0.1333,0.1709,0.2431
-1.067,0.1333,0.1746,0.2623
-1.033,0.1333,0.1785,0.2826
-1,0.1333,0.1824,0.3042
-0.9667,0.1333,0.1864,0.3269
-0.9333,0.1333,0.1906,0.3507
-0.9,0.1333,0.1948,0.3756
-0.8667,0.1333,0.1992,0.4014
-0.8333,0.1333,0.2037,0.428
-0.8,0.1333,0.2083,0.4554
-0.7667,0.1333,0.213,0.4832
-0.7333,0.1333,0.2178,0.5113
-0.7,0.1333,0.2228,0.5396
-0.6667,0.1333,0.2278,0.5676
-0.6333,0.1333,0.233,0.5953
-0.6,0.1333,0.2384,0.6224
-0.5667,0.1333,0.2438,0.6485
-0.5333,0.1333,0.2494,0.6735
-0.5,0.1333,0.2551,0.6969
-0.4667,0.1333,0.2609,0.7185
-0.4333,0.1333,0.2669,0.738
-0.4,0.1333,0.273,0.7549
-0.3667,0.1333,0.2792,0.7688
-0.3333,0.1333,0.2856,0.7789
-0.3,0.1333,0.2921,0.7845
-0.2667,0.1333,0.2987,0.7843
-0.2333,0.1333,0.3055,0.7765
-0.2,0.1333,0.3124,0.7583
-0.1667,0.1333,0.3194,0.7262
-0.1333,0.1333,0.3266,0.6756
-0.1,0.1333,0.3339,0.6035
-0.06667,0.1333,0.3413,0.5114
-0.03333,0.1333,0.3489,0.4098
0,0.1333,0.3566,0.3143
0.03333,0.1333,0.3644,0.2375
0.06667,0.1333,0.3723,0.1828
0.1,0.1333,0.3804,0.1471
0.1333,0.1333,0.3886,0.1253
0.1667,0.1333,0.3969,0.1131
0.2,0.1333,0.4053,0.1075
0.2333,0.1333,0.4138,0.1066
0.2667,0.1333,0.4224,0.1093
0.3,0.1333,0.4312,0.1148
0.3333,0.1333,0.44,0.1228
0.3667,0.1333,0.4489,0.1329
0.4,0.1333,0.4579,0.145
0.4333,0.1333,0.4669,0.159
0.4667,0.1333,0.4761,0.1747
0.5,0.1333,0.4853,0.1922
0.5333,0.1333,0.4945,0.2113
0.5667,0.1333,0.5039,0.232
0.6,0.1333,0.5132,0.2541
0.6333,0.1333,0.5226,0.2777
0.6667,0.1333,0.532,0.3026
0.7,0.1333,0.5415,0.3286
0.7333,0.1333,0.551,0.3556
0.7667,0.1333,0.5604,0.3834
0.8,0.1333,0.5699,0.4118
0.8333,0.1333,0.5794,0.4406
0.8667,0.1333,0.5888,0.4695
0.9,0.1333,0.5982,0.4985
0.9333,0.1333,0.6076,0.5272
0.9667,0.1333,0.617,0.5554
1,0.1333,0.6263,0.5831
1.033,0.1333,0.6355,0.61
1.067,0.1333,0.6447,0.6359
1.1,0.1333,0.6538,0.6608
1.133,0.1333,0.6628,0.6847
1.167,0.1333,0.6717,0.7073
1.2,0.1333,0.6806,0.7287
1.233,0.1333,0.6893,0.7488
1.267,0.1333,0.698,0.7677
1.3,0.1333,0.7065,0.7854
1.333,0.1333,0.7149,0.8019
1.367,0.1333,0.7232,0.8172
1.4,0.1333,0.7314,0.8313
1.433,0.1333,0.7394,0.8445
1.467,0.1333,0.7473,0.8566
1.5,0.1333,0.755,0.8677
1.533,0.1333,0.7626,0.878
1.567,0.1333,0.7701,0.8874
1.6,0.1333,0.7774,0.8961
1.633,0.1333,0.7845,0.904
1.667,0.1333,0.7915,0.9113
1.7,0.1333,0.7984,0.918
1.733,0.1333,0.8051,0.9241
1.767,0.1333,0.8116,0.9297
1.8,0.1333,0.8179,0.9348
1.833,0.1333,0.8241,0.9396
1.867,0.1333,0.8302,0.9439
1.9,0.1333,0.8361,0.9478
1.933,0.1333,0.8418,0.9515
1.967,0.1333,0.8474,0.9548
2,0.1333,0.8528,0.9578
2.033,0.1333,0.858,0.9607
2.067,0.1333,0.8631,0.9632
2.1,0.1333,0.8681,0.9656
2.133,0.1333,0.8729,0.9678
2.167,0.1333,0.8775,0.9698
2.2,0.1333,0.8821,0.9717
2.233,0.1333,0.8864,0.9734
2.267,0.1333,0.8906,0.975
2.3,0.1333,0.8947,0.9764
2.333,0.1333,0.8987,0.9778
2.367,0.1333,0.9025,0.979
2.4,0.1333,0.9062,0.9802
2.433,0.1333,0.9097,0.9812
2.467,0.1333,0.9131,0.9822
2.5,0.1333,0.9165,0.9832
-2.5,0.1667,0.07436,0.01443
-2.467,0.1667,0.0755,0.01511
-2.433,0.1667,0.07668,0.01584
-2.4,0.1667,0.07789,0.01661
-2.367,0.1667,0.07912,0.01744
-2.333,0.1667,0.08039,0.01834
-2.3,0.1667,0.0817,0.0193
-2.267,0.1667,0.08303,0.02033
-2.233,0.1667,0.0844,0.02143
-2.2,0.1667,0.08581,0.02263
-2.167,0.1667,0.08726,0.02391
-2.133,0.1667,0.08874,0.0253
-2.1,0.1667,0.09026,0.02679
-2.067,0.1667,0.09183,0.02841
-2.033,0.1667,0.09343,0.03015
-2,0.1667,0.09508,0.03204
-1.967,0.1667,0.09677,0.03408
-1.933,0.1667,0.09851,0.0363
-1.9,0.1667,0.1003,0.03869
-1.867,0.1667,0.1021,0.0413
-1.833,0.1667,0.104,0.04412
-1.8,0.1667,0.1059,0.04719
-1.767,0.1667,0.1079,0.05052
-1.733,0.1667,0.11,0.05414
-1.7,0.1667,0.1121,0.05808
-1.667,0.1667,0.1142,0.06237
-1.633,0.1667,0.1164,0.06704
-1.6,0.1667,0.1187,0.07212
-1.567,0.1667,0.121,0.07765
-1.533,0.1667,0.1234,0.08368
-1.5,0.1667,0.1259,0.09024
-1.467,0.1667,0.1284,0.09738
-1.433,0.1667,0.131,0.1051
-1.4,0.1667,0.1337,0.1136
-1.367,0.1667,0.1364,0.1228
-1.333,0.1667,0.1392,0.1328
-1.3,0.1667,0.1421,0.1436
-1.267,0.1667,0.1451,0.1553
-1.233,0.1667,0.1481,0.168
-1.2,0.1667,0.1513,0.1817
-1.167,0.1667,0.1545,0.1965
-1.133,0.1667,0.1578,0.2124
-1.1,0.1667,0.1612,0.2295
-1.067,0.1667,0.1647,0.2477
-1.033,0.1667,0.1682,0.2671
-1,0.1667,0.1719,0.2878
-0.9667,0.1667,0.1757,0.3096
-0.9333,0.1667,0.1795,0.3326
-0.9,0.1667,0.1835,0.3567
-0.8667,0.1667,0.1876,0.3817
-0.8333,0.1667,0.1918,0.4078
-0.8,0.1667,0.1961,0.4345
-0.7667,0.1667,0.2005,0.4619
-0.7333,0.1667,0.205,0.4898
-0.7,0.1667,0.2096,0.5178
-0.6667,0.1667,0.2143,0.5459
-0.6333,0.1667,0.2192,0.5737
-0.6,0.1667,0.2242,0.6009
-0.5667,0.1667,0.2293,0.6273
-0.5333,0.1667,0.2345,0.6526
-0.5,0.1667,0.2399,0.6764
-0.4667,0.1667,0.2453,0.6984
-0.4333,0.1667,0.2509,0.7181
-0.4,0.1667,0.2567,0.735
-0.3667,0.1667,0.2626,0.7486
-0.3333,0.1667,0.2686,0.758
-0.3,0.1667,0.2747,0.7623
-0.2667,0.1667,0.281,0.7598
-0.2333,0.1667,0.2874,0.7484
-0.2,0.1667,0.2939,0.7251
-0.1667,0.1667,0.3006,0.6857
-0.1333,0.1667,0.3074,0.6264
-0.1,0.1667,0.3143,0.5457
-0.06667,0.1667,0.3214,0.449
-0.03333,0.1667,0.3286,0.3496
0,0.1667,0.3359,0.2629
0.03333,0.1667,0.3434,0.1973
0.06667,0.1667,0.351,0.1525
0.1,0.1667,0.3587,0.1242
0.1333,0.1667,0.3666,0.1073
0.1667,0.1667,0.3746,0.09829
0.2,0.1667,0.3827,0.09464
0.2333,0.1667,0.3909,0.09488
0.2667,0.1667,0.3992,0.09811
0.3,0.1667,0.4077,0.1038
0.3333,0.1667,0.4162,0.1116
0.3667,0.1667,0.4249,0.1213
0.4,0.1667,0.4336,0.1328
0.4333,0.1667,0.4425,0.1461
0.4667,0.1667,0.4514,0.161
0.5,0.1667,0.4604,0.1776
0.5333,0.1667,0.4695,0.1957
0.5667,0.1667,0.4786,0.2155
0.6,0.1667,0.4879,0.2367
0.6333,0.1667,0.4971,0.2594
0.6667,0.1667,0.5065,0.2834
0.7,0.1667,0.5159,0.3086
0.7333,0.1667,0.5253,0.335
0.7667,0.1667,0.5347,0.3622
0.8,0.1667,0.5441,0.3902
0.8333,0.1667,0.5536,0.4187
0.8667,0.1667,0.5631,0.4476
0.9,0.1667,0.5726,0.4766
0.9333,0.1667,0.582,0.5055
0.9667,0.1667,0.5915,0.5341
1,0.1667,0.6009,0.5623
1.033,0.1667,0.6102,0.5897
1.067,0.1667,0.6196,0.6164
1.1,0.1667,0.6289,0.6421
1.133,0.1667,0.6381,0.6668
1.167,0.1667,0.6472,0.6903
1.2,0.1667,0.6563,0.7126
1.233,0.1667,0.6653,0.7337
1.267,0.1667,0.6742,0.7536
1.3,0.1667,0.6831,0.7722
1.333,0.1667,0.6918,0.7895
1.367,0.1667,0.7004,0.8057
1.4,0.1667,0.7089,0.8207
1.433,0.1667,0.7172,0.8346
1.467,0.1667,0.7255,0.8475
1.5,0.1667,0.7336,0.8594
1.533,0.1667,0.7416,0.8703
1.567,0.1667,0.7495,0.8804
1.6,0.1667,0.7572,0.8896
1.633,0.1667,0.7647,0.8981
1.667,0.1667,0.7721,0.9058
1.7,0.1667,0.7794,0.913
1.733,0.1667,0.7865,0.9195
1.767,0.1667,0.7935,0.9255
1.8,0.1667,0.8003,0.931
1.833,0.1667,0.8069,0.936
1.867,0.1667,0.8134,0.9406
1.9,0.1667,0.8197,0.9449
1.933,0.1667,0.8259,0.9487
1.967,0.1667,0.8319,0.9523
2,0.1667,0.8377,0.9556
2.033,0.1667,0.8434,0.9586
2.067,0.1667,0.8489,0.9613
2.1,0.1667,0.8543,0.9638
2.133,0.1667,0.8595,0.9662
2.167,0.1667,0.8645,0.9683
2.2,0.1667,0.8695,0.9703
2.233,0.1667,0.8742,0.9721
2.267,0.1667,0.8788,0.9738
2.3,0.1667,0.8833,0.9753
2.333,0.1667,0.8876,0.9768
2.367,0.1667,0.8918,0.9781
2.4,0.1667,0.8958,0.9793
2.433,0.1667,0.8997,0.9804
2.467,0.1667,0.9035,0.9815
2.5,0.1667,0.9072,0.9825
-2.5,0.2,0.07139,0.01395
-2.467,0.2,0.07245,0.0146
-2.433,0.2,0.07355,0.01528
-2.4,0.2,0.07468,0.01602
-2.367,0.2,0.07583,0.01681
-2.333,0.2,0.07701,0.01766
-2.3,0.2,0.07823,0.01857
-2.267,0.2,0.07948,0.01954
-2.233,0.2,0.08075,0.02059
-2.2,0.2,0.08207,0.02172
-2.167,0.2,0.08341,0.02293
-2.133,0.2,0.08479,0.02424
-2.1,0.2,0.08621,0.02565
-2.067,0.2,0.08767,0.02718
-2.033,0.2,0.08916,0.02882
-2,0.2,0.0907,0.0306
-1.967,0.2,0.09227,0.03253
-1.933,0.2,0.09389,0.03461
-1.9,0.2,0.09555,0.03686
-1.867,0.2,0.09725,0.03931
-1.833,0.2,0.099,0.04197
-1.8,0.2,0.1008,0.04485
-1.767,0.2,0.1026,0.04798
-1.733,0.2,0.1045,0.05138
-1.7,0.2,0.1065,0.05508
-1.667,0.2,0.1085,0.0591
-1.633,0.2,0.1105,0.06348
-1.6,0.2,0.1127,0.06824
-1.567,0.2,0.1148,0.07343
-1.533,0.2,0.117,0.07908
-1.5,0.2,0.1193,0.08523
-1.467,0.2,0.1217,0.09193
-1.433,0.2,0.1241,0.09922
-1.4,0.2,0.1266,0.1072
-1.367,0.2,0.1291,0.1158
-1.333,0.2,0.1317,0.1252
-1.3,0.2,0.1344,0.1353
-1.267,0.2,0.1372,0.1464
-1.233,0.2,0.14,0.1583
-1.2,0.2,0.1429,0.1713
-1.167,0.2,0.1459,0.1852
-1.133,0.2,0.149,0.2003
-1.1,0.2,0.1522,0.2165
-1.067,0.2,0.1554,0.2338
-1.033,0.2,0.1587,0.2523
-1,0.2,0.1621,0.2721
-0.9667,0.2,0.1656,0.293
-0.9333,0.2,0.1693,0.3151
-0.9,0.2,0.173,0.3383
-0.8667,0.2,0.1767,0.3626
-0.8333,0.2,0.1806,0.3879
-0.8,0.2,0.1846,0.4141
-0.7667,0.2,0.1888,0.441
-0.7333,0.2,0.193,0.4684
-0.7,0.2,0.1973,0.4962
-0.6667,0.2,0.2017,0.5241
-0.6333,0.2,0.2063,0.5518
-0.6,0.2,0.2109,0.5791
-0.5667,0.2,0.2157,0.6057
-0.5333,0.2,0.2206,0.6312
-0.5,0.2,0.2256,0.6552
-0.4667,0.2,0.2307,0.6774
-0.4333,0.2,0.236,0.6971
-0.4,0.2,0.2414,0.7139
-0.3667,0.2,0.2469,0.727
-0.3333,0.2,0.2525,0.7354
-0.3,0.2,0.2583,0.7379
-0.2667,0.2,0.2642,0.7327
-0.2333,0.2,0.2703,0.7172
-0.2,0.2,0.2764,0.6879
-0.1667,0.2,0.2827,0.6408
-0.1333,0.2,0.2892,0.5729
-0.1,0.2,0.2957,0.4855
-0.06667,0.2,0.3025,0.3875
-0.03333,0.2,0.3093,0.2941
0,0.2,0.3163,0.2178
0.03333,0.2,0.3234,0.1631
0.06667,0.2,0.3306,0.1272
0.1,0.2,0.338,0.105
0.1333,0.2,0.3455,0.09213
0.1667,0.2,0.3532,0.08561
0.2,0.2,0.3609,0.08347
0.2333,0.2,0.3688,0.08453
0.2667,0.2,0.3768,0.08812
0.3,0.2,0.385,0.09381
0.3333,0.2,0.3932,0.1014
0.3667,0.2,0.4016,0.1106
0.4,0.2,0.4101,0.1216
0.4333,0.2,0.4186,0.1341
0.4667,0.2,0.4273,0.1482
0.5,0.2,0.4361,0.1638
0.5333,0.2,0.445,0.1811
0.5667,0.2,0.4539,0.1998
0.6,0.2,0.4629,0.2201
0.6333,0.2,0.472,0.2418
0.6667,0.2,0.4812,0.2649
0.7,0.2,0.4905,0.2893
0.7333,0.2,0.4998,0.3148
0.7667,0.2,0.5091,0.3415
0.8,0.2,0.5185,0.3689
0.8333,0.2,0.5279,0.3971
0.8667,0.2,0.5373,0.4257
0.9,0.2,0.5468,0.4547
0.9333,0.2,0.5563,0.4837
0.9667,0.2,0.5657,0.5125
1,0.2,0.5752,0.541
1.033,0.2,0.5847,0.569
1.067,0.2,0.5941,0.5963
1.1,0.2,0.6035,0.6228
1.133,0.2,0.6129,0.6482
1.167,0.2,0.6222,0.6726
1.2,0.2,0.6315,0.6959
1.233,0.2,0.6407,0.7179
1.267,0.2,0.6498,0.7387
1.3,0.2,0.6589,0.7582
1.333,0.2,0.6678,0.7765
1.367,0.2,0.6767,0.7936
1.4,0.2,0.6855,0.8095
1.433,0.2,0.6942,0.8242
1.467,0.2,0.7028,0.8379
1.5,0.2,0.7112,0.8505
1.533,0.2,0.7196,0.8621
1.567,0.2,0.7278,0.8728
1.6,0.2,0.7359,0.8827
1.633,0.2,0.7438,0.8917
1.667,0.2,0.7516,0.9
1.7,0.2,0.7593,0.9076
1.733,0.2,0.7668,0.9146
1.767,0.2,0.7742,0.921
1.8,0.2,0.7814,0.9269
1.833,0.2,0.7885,0.9323
1.867,0.2,0.7954,0.9372
1.9,0.2,0.8021,0.9417
1.933,0.2,0.8087,0.9458
1.967,0.2,0.8152,0.9496
2,0.2,0.8214,0.9531
2.033,0.2,0.8276,0.9563
2.067,0.2,0.8335,0.9593
2.1,0.2,0.8393,0.9619
2.133,0.2,0.8449,0.9644
2.167,0.2,0.8504,0.9667
2.2,0.2,0.8558,0.9688
2.233,0.2,0.8609,0.9707
2.267,0.2,0.8659,0.9725
2.3,0.2,0.8708,0.9742
2.333,0.2,0.8755,0.9757
2.367,0.2,0.8801,0.9771
2.4,0.2,0.8845,0.9784
2.433,0.2,0.8888,0.9796
2.467,0.2,0.8929,0.9807
2.5,0.2,0.8969,0.9817
-2.5,0.2333,0.06861,0.01349
-2.467,0.2333,0.06961,0.01411
-2.433,0.2333,0.07063,0.01476
-2.4,0.2333,0.07168,0.01546
-2.367,0.2333,0.07276,0.01621
-2.333,0.2333,0.07386,0.01701
-2.3,0.2333,0.075,0.01787
-2.267,0.2333,0.07616,0.0188
-2.233,0.2333,0.07735,0.01979
-2.2,0.2333,0.07858,0.02086
-2.167,0.2333,0.07983,0.02201
-2.133,0.2333,0.08112,0.02324
-2.1,0.2333,0.08244,0.02458
-2.067,0.2333,0.0838,0.02602
-2.033,0.2333,0.08519,0.02757
-2,0.2333,0.08662,0.02924
-1.967,0.2333,0.08808,0.03106
-1.933,0.2333,0.08959,0.03302
-1.9,0.2333,0.09113,0.03514
-1.867,0.2333,0.09272,0.03745
-1.833,0.2333,0.09435,0.03994
-1.8,0.2333,0.09602,0.04265
-1.767,0.2333,0.09774,0.04559
-1.733,0.2333,0.0995,0.04878
-1.7,0.2333,0.1013,0.05225
-1.667,0.2333,0.1032,0.05603
-1.633,0.2333,0.1051,0.06014
-1.6,0.2333,0.107,0.06461
-1.567,0.2333,0.1091,0.06947
-1.533,0.2333,0.1111,0.07477
-1.5,0.2333,0.1133,0.08054
-1.467,0.2333,0.1154,0.08682
-1.433,0.2333,0.1177,0.09366
-1.4,0.2333,0.12,0.1011
-1.367,0.2333,0.1224,0.1092
-1.333,0.2333,0.1248,0.118
-1.3,0.2333,0.1273,0.1276
-1.267,0.2333,0.1298,0.138
-1.233,0.2333,0.1325,0.1492
-1.2,0.2333,0.1352,0.1614
-1.167,0.2333,0.138,0.1746
-1.133,0.2333,0.1408,0.1888
-1.1,0.2333,0.1438,0.2041
-1.067,0.2333,0.1468,0.2206
-1.033,0.2333,0.1499,0.2382
-1,0.2333,0.1531,0.257
-0.9667,0.2333,0.1563,0.277
-0.9333,0.2333,0.1597,0.2982
-0.9,0.2333,0.1631,0.3206
-0.8667,0.2333,0.1666,0.3441
-0.8333,0.2333,0.1703,0.3686
-0.8,0.2333,0.174,0.3941
-0.7667,0.2333,0.1778,0.4204
-0.7333,0.2333,0.1818,0.4473
-0.7,0.2333,0.1858,0.4747
-0.6667,0.2333,0.1899,0.5023
-0.6333,0.2333,0.1942,0.5299
-0.6,0.2333,0.1985,0.5572
-0.5667,0.2333,0.203,0.5838
-0.5333,0.2333,0.2075,0.6093
-0.5,0.2333,0.2122,0.6334
-0.4667,0.2333,0.217,0.6556
-0.4333,0.2333,0.222,0.6752
-0.4,0.2333,0.227,0.6916
-0.3667,0.2333,0.2322,0.704
-0.3333,0.2333,0.2375,0.7111
-0.3,0.2333,0.2429,0.7114
-0.2667,0.2333,0.2485,0.7029
-0.2333,0.2333,0.2541,0.6826
-0.2,0.2333,0.26,0.6468
-0.1667,0.2333,0.2659,0.5918
-0.1333,0.2333,0.272,0.5163
-0.1,0.2333,0.2782,0.4248
-0.06667,0.2333,0.2845,0.3292
-0.03333,0.2333,0.291,0.2443
0,0.2333,0.2976,0.1792
0.03333,0.2333,0.3044,0.1345
0.06667,0.2333,0.3112,0.1061
0.1,0.2333,0.3183,0.08892
0.1333,0.2333,0.3254,0.07929
0.1667,0.2333,0.3327,0.07474
0.2,0.2333,0.3401,0.07374
0.2333,0.2333,0.3477,0.0754
0.2667,0.2333,0.3553,0.0792
0.3,0.2333,0.3631,0.0848
0.3333,0.2333,0.3711,0.09206
0.3667,0.2333,0.3791,0.1009
0.4,0.2333,0.3873,0.1112
0.4333,0.2333,0.3955,0.1229
0.4667,0.2333,0.4039,0.1362
0.5,0.2333,0.4124,0.151
0.5333,0.2333,0.421,0.1672
0.5667,0.2333,0.4298,0.185
0.6,0.2333,0.4386,0.2042
0.6333,0.2333,0.4475,0.225
0.6667,0.2333,0.4564,0.2471
0.7,0.2333,0.4655,0.2706
0.7333,0.2333,0.4746,0.2953
0.7667,0.2333,0.4838,0.3212
0.8,0.2333,0.4931,0.348
0.8333,0.2333,0.5024,0.3757
0.8667,0.2333,0.5117,0.404
0.9,0.2333,0.5211,0.4328
0.9333,0.2333,0.5305,0.4617
0.9667,0.2333,0.54,0.4907
1,0.2333,0.5495,0.5195
1.033,0.2333,0.5589,0.5479
1.067,0.2333,0.5684,0.5758
1.1,0.2333,0.5779,0.6029
1.133,0.2333,0.5873,0.6291
1.167,0.2333,0.5967,0.6543
1.2,0.2333,0.6061,0.6784
1.233,0.2333,0.6155,0.7014
1.267,0.2333,0.6248,0.7231
1.3,0.2333,0.634,0.7436
1.333,0.2333,0.6432,0.7628
1.367,0.2333,0.6523,0.7808
1.4,0.2333,0.6614,0.7976
1.433,0.2333,0.6703,0.8132
1.467,0.2333,0.6792,0.8277
1.5,0.2333,0.6879,0.8411
1.533,0.2333,0.6966,0.8534
1.567,0.2333,0.7051,0.8648
1.6,0.2333,0.7136,0.8753
1.633,0.2333,0.7219,0.885
1.667,0.2333,0.7301,0.8938
1.7,0.2333,0.7381,0.902
1.733,0.2333,0.746,0.9094
1.767,0.2333,0.7538,0.9162
1.8,0.2333,0.7614,0.9225
1.833,0.2333,0.7689,0.9283
1.867,0.2333,0.7762,0.9335
1.9,0.2333,0.7834,0.9383
1.933,0.2333,0.7904,0.9428
1.967,0.2333,0.7973,0.9468
2,0.2333,0.804,0.9505
2.033,0.2333,0.8105,0.9539
2.067,0.2333,0.8169,0.9571
2.1,0.2333,0.8232,0.9599
2.133,0.2333,0.8292,0.9626
2.167,0.2333,0.8351,0.965
2.2,0.2333,0.8409,0.9672
2.233,0.2333,0.8465,0.9693
2.267,0.2333,0.8519,0.9712
2.3,0.2333,0.8572,0.9729
2.333,0.2333,0.8623,0.9746
2.367,0.2333,0.8673,0.976
2.4,0.2333,0.8721,0.9774
2.433,0.2333,0.8768,0.9787
2.467,0.2333,0.8813,0.9799
2.5,0.2333,0.8857,0.981
-2.5,0.2667,0.06601,0.01306
-2.467,0.2667,0.06695,0.01364
-2.433,0.2667,0.0679,0.01426
-2.4,0.2667,0.06889,0.01493
-2.367,0.2667,0.06989,0.01564
-2.333,0.2667,0.07092,0.0164
-2.3,0.2667,0.07198,0.01722
-2.267,0.2667,0.07307,0.01809
-2.233,0.2667,0.07418,0.01903
-2.2,0.2667,0.07532,0.02005
-2.167,0.2667,0.07649,0.02113
-2.133,0.2667,0.07769,0.0223
-2.1,0.2667,0.07892,0.02356
-2.067,0.2667,0.08019,0.02492
-2.033,0.2667,0.08148,0.02638
-2,0.2667,0.08282,0.02797
-1.967,0.2667,0.08418,0.02968
-1.933,0.2667,0.08558,0.03152
-1.9,0.2667,0.08702,0.03352
-1.867,0.2667,0.0885,0.03569
-1.833,0.2667,0.09002,0.03804
-1.8,0.2667,0.09157,0.04058
-1.767,0.2667,0.09317,0.04335
-1.733,0.2667,0.09481,0.04635
-1.7,0.2667,0.0965,0.04961
-1.667,0.2667,0.09823,0.05315
-1.633,0.2667,0.1,0.057
-1.6,0.2667,0.1018,0.0612
-1.567,0.2667,0.1037,0.06576
-1.533,0.2667,0.1056,0.07073
-1.5,0.2667,0.1076,0.07613
-1.467,0.2667,0.1096,0.08202
-1.433,0.2667,0.1117,0.08844
-1.4,0.2667,0.1139,0.09542
-1.367,0.2667,0.1161,0.103
-1.333,0.2667,0.1183,0.1113
-1.3,0.2667,0.1206,0.1203
-1.267,0.2667,0.123,0.13
-1.233,0.2667,0.1255,0.1406
-1.2,0.2667,0.128,0.1521
-1.167,0.2667,0.1306,0.1645
-1.133,0.2667,0.1332,0.178
-1.1,0.2667,0.136,0.1925
-1.067,0.2667,0.1388,0.2081
-1.033,0.2667,0.1416,0.2248
-1,0.2667,0.1446,0.2427
-0.9667,0.2667,0.1476,0.2618
-0.9333,0.2667,0.1508,0.2821
-0.9,0.2667,0.154,0.3036
-0.8667,0.2667,0.1572,0.3262
-0.8333,0.2667,0.1606,0.3499
-0.8,0.2667,0.1641,0.3746
-0.7667,0.2667,0.1677,0.4002
-0.7333,0.2667,0.1713,0.4265
-0.7,0.2667,0.1751,0.4534
-0.6667,0.2667,0.1789,0.4807
-0.6333,0.2667,0.1829,0.508
-0.6,0.2667,0.1869,0.535
-0.5667,0.2667,0.1911,0.5615
-0.5333,0.2667,0.1954,0.587
-0.5,0.2667,0.1997,0.611
-0.4667,0.2667,0.2042,0.633
-0.4333,0.2667,0.2088,0.6524
-0.4,0.2667,0.2136,0.6682
-0.3667,0.2667,0.2184,0.6795
-0.3333,0.2667,0.2234,0.6849
-0.3,0.2667,0.2285,0.6827
-0.2667,0.2667,0.2337,0.6703
-0.2333,0.2667,0.239,0.6446
-0.2,0.2667,0.2445,0.602
-0.1667,0.2667,0.25,0.5395
-0.1333,0.2667,0.2558,0.4581
-0.1,0.2667,0.2616,0.3655
-0.06667,0.2667,0.2676,0.2755
-0.03333,0.2667,0.2737,0.2009
0,0.2667,0.2799,0.1467
0.03333,0.2667,0.2863,0.1109
0.06667,0.2667,0.2928,0.08866
0.1,0.2667,0.2995,0.07554
0.1333,0.2667,0.3063,0.06844
0.1667,0.2667,0.3132,0.0654
0.2,0.2667,0.3202,0.06527
0.2333,0.2667,0.3274,0.06734
0.2667,0.2667,0.3348,0.07122
0.3,0.2667,0.3422,0.07667
0.3333,0.2667,0.3498,0.08358
0.3667,0.2667,0.3575,0.09189
0.4,0.2667,0.3653,0.1016
0.4333,0.2667,0.3733,0.1126
0.4667,0.2667,0.3814,0.1251
0.5,0.2667,0.3896,0.1389
0.5333,0.2667,0.3979,0.1542
0.5667,0.2667,0.4063,0.171
0.6,0.2667,0.4148,0.1892
0.6333,0.2667,0.4235,0.2089
0.6667,0.2667,0.4322,0.23
0.7,0.2667,0.441,0.2526
0.7333,0.2667,0.45,0.2764
0.7667,0.2667,0.459,0.3015
0.8,0.2667,0.468,0.3276
0.8333,0.2667,0.4772,0.3547
0.8667,0.2667,0.4864,0.3825
0.9,0.2667,0.4957,0.411
0.9333,0.2667,0.505,0.4398
0.9667,0.2667,0.5143,0.4688
1,0.2667,0.5238,0.4978
1.033,0.2667,0.5332,0.5265
1.067,0.2667,0.5426,0.5548
1.1,0.2667,0.5521,0.5825
1.133,0.2667,0.5616,0.6094
1.167,0.2667,0.571,0.6353
1.2,0.2667,0.5805,0.6603
1.233,0.2667,0.59,0.6841
1.267,0.2667,0.5994,0.7068
1.3,0.2667,0.6088,0.7282
1.333,0.2667,0.6181,0.7484
1.367,0.2667,0.6274,0.7673
1.4,0.2667,0.6366,0.785
1.433,0.2667,0.6458,0.8015
1.467,0.2667,0.6549,0.8168
1.5,0.2667,0.6639,0.831
1.533,0.2667,0.6728,0.8442
1.567,0.2667,0.6816,0.8563
1.6,0.2667,0.6904,0.8675
1.633,0.2667,0.699,0.8777
1.667,0.2667,0.7075,0.8872
1.7,0.2667,0.7159,0.8959
1.733,0.2667,0.7242,0.9038
1.767,0.2667,0.7323,0.9111
1.8,0.2667,0.7403,0.9178
1.833,0.2667,0.7482,0.924
1.867,0.2667,0.7559,0.9296
1.9,0.2667,0.7635,0.9347
1.933,0.2667,0.771,0.9395
1.967,0.2667,0.7782,0.9438
2,0.2667,0.7854,0.9477
2.033,0.2667,0.7924,0.9514
2.067,0.2667,0.7992,0.9547
2.1,0.2667,0.8058,0.9578
2.133,0.2667,0.8124,0.9606
2.167,0.2667,0.8187,0.9632
2.2,0.2667,0.8249,0.9656
2.233,0.2667,0.8309,0.9678
2.267,0.2667,0.8368,0.9698
2.3,0.2667,0.8425,0.9716
2.333,0.2667,0.848,0.9733
2.367,0.2667,0.8534,0.9749
2.4,0.2667,0.8587,0.9764
2.433,0.2667,0.8638,0.9777
2.467,0.2667,0.8687,0.979
2.5,0.2667,0.8735,0.9801
-2.5,0.3,0.06359,0.01264
-2.467,0.3,0.06446,0.0132
-2.433,0.3,0.06535,0.01379
-2.4,0.3,0.06627,0.01442
-2.367,0.3,0.06721,0.0151
-2.333,0.3,0.06818,0.01582
-2.3,0.3,0.06916,0.0166
-2.267,0.3,0.07018,0.01743
-2.233,0.3,0.07122,0.01832
-2.2,0.3,0.07228,0.01928
-2.167,0.3,0.07337,0.0203
-2.133,0.3,0.0745,0.02141
-2.1,0.3,0.07564,0.0226
-2.067,0.3,0.07682,0.02388
-2.033,0.3,0.07803,0.02527
-2,0.3,0.07927,0.02676
-1.967,0.3,0.08055,0.02837
-1.933,0.3,0.08185,0.03011
-1.9,0.3,0.08319,0.032
-1.867,0.3,0.08457,0.03404
-1.833,0.3,0.08598,0.03625
-1.8,0.3,0.08743,0.03864
-1.767,0.3,0.08892,0.04124
-1.733,0.3,0.09045,0.04406
-1.7,0.3,0.09202,0.04712
-1.667,0.3,0.09363,0.05045
-1.633,0.3,0.09528,0.05406
-1.6,0.3,0.09698,0.058
-1.567,0.3,0.09872,0.06228
-1.533,0.3,0.1005,0.06694
-1.5,0.3,0.1023,0.07201
-1.467,0.3,0.1042,0.07753
-1.433,0.3,0.1062,0.08354
-1.4,0.3,0.1082,0.09009
-1.367,0.3,0.1102,0.09722
-1.333,0.3,0.1123,0.105
-1.3,0.3,0.1145,0.1134
-1.267,0.3,0.1167,0.1226
-1.233,0.3,0.119,0.1325
-1.2,0.3,0.1213,0.1434
-1.167,0.3,0.1237,0.1551
-1.133,0.3,0.1262,0.1677
-1.1,0.3,0.1287,0.1814
-1.067,0.3,0.1313,0.1962
-1.033,0.3,0.134,0.212
-1,0.3,0.1367,0.229
-0.9667,0.3,0.1396,0.2472
-0.9333,0.3,0.1425,0.2666
-0.9,0.3,0.1454,0.2872
-0.8667,0.3,0.1485,0.3089
-0.8333,0.3,0.1516,0.3318
-0.8,0.3,0.1549,0.3557
-0.7667,0.3,0.1582,0.3805
-0.7333,0.3,0.1616,0.4062
-0.7,0.3,0.1651,0.4325
-0.6667,0.3,0.1687,0.4592
-0.6333,0.3,0.1724,0.4861
-0.6,0.3,0.1761,0.5129
-0.5667,0.3,0.18,0.5391
-0.5333,0.3,0.184,0.5644
-0.5,0.3,0.1881,0.5882
-0.4667,0.3,0.1923,0.6098
-0.4333,0.3,0.1966,0.6286
-0.4,0.3,0.201,0.6436
-0.3667,0.3,0.2055,0.6536
-0.3333,0.3,0.2102,0.657
-0.3,0.3,0.2149,0.6517
-0.2667,0.3,0.2198,0.635
-0.2333,0.3,0.2248,0.6035
-0.2,0.3,0.2299,0.5539
-0.1667,0.3,0.2351,0.4848
-0.1333,0.3,0.2405,0.3998
-0.1,0.3,0.246,0.3095
-0.06667,0.3,0.2516,0.2277
-0.03333,0.3,0.2574,0.164
0,0.3,0.2633,0.1198
0.03333,0.3,0.2693,0.09152
0.06667,0.3,0.2754,0.0743
0.1,0.3,0.2817,0.06438
0.1333,0.3,0.2881,0.05924
0.1667,0.3,0.2947,0.05737
0.2,0.3,0.3014,0.05787
0.2333,0.3,0.3082,0.06021
0.2667,0.3,0.3152,0.06408
0.3,0.3,0.3222,0.06934
0.3333,0.3,0.3295,0.07588
0.3667,0.3,0.3368,0.08368
0.4,0.3,0.3443,0.09273
0.4333,0.3,0.3519,0.1031
0.4667,0.3,0.3597,0.1147
0.5,0.3,0.3675,0.1277
0.5333,0.3,0.3755,0.142
0.5667,0.3,0.3837,0.1578
0.6,0.3,0.3919,0.175
0.6333,0.3,0.4002,0.1937
0.6667,0.3,0.4087,0.2138
0.7,0.3,0.4173,0.2353
0.7333,0.3,0.4259,0.2582
0.7667,0.3,0.4347,0.2824
0.8,0.3,0.4435,0.3077
0.8333,0.3,0.4525,0.3341
0.8667,0.3,0.4615,0.3614
0.9,0.3,0.4706,0.3894
0.9333,0.3,0.4798,0.418
0.9667,0.3,0.489,0.4469
1,0.3,0.4983,0.4759
1.033,0.3,0.5076,0.5048
1.067,0.3,0.517,0.5335
1.1,0.3,0.5264,0.5616
1.133,0.3,0.5358,0.5891
1.167,0.3,0.5453,0.6158
1.2,0.3,0.5548,0.6415
1.233,0.3,0.5642,0.6662
1.267,0.3,0.5737,0.6898
1.3,0.3,0.5832,0.7121
1.333,0.3,0.5926,0.7333
1.367,0.3,0.602,0.7531
1.4,0.3,0.6114,0.7718
1.433,0.3,0.6207,0.7892
1.467,0.3,0.63,0.8054
1.5,0.3,0.6392,0.8204
1.533,0.3,0.6483,0.8343
1.567,0.3,0.6574,0.8472
1.6,0.3,0.6664,0.8591
1.633,0.3,0.6753,0.8701
1.667,0.3,0.6841,0.8801
1.7,0.3,0.6928,0.8894
1.733,0.3,0.7014,0.8979
1.767,0.3,0.7099,0.9057
1.8,0.3,0.7182,0.9128
1.833,0.3,0.7265,0.9194
1.867,0.3,0.7346,0.9254
1.9,0.3,0.7426,0.9309
1.933,0.3,0.7504,0.9359
1.967,0.3,0.7581,0.9405
2,0.3,0.7656,0.9448
2.033,0.3,0.773,0.9487
2.067,0.3,0.7803,0.9522
2.1,0.3,0.7874,0.9555
2.133,0.3,0.7943,0.9585
2.167,0.3,0.8011,0.9612
2.2,0.3,0.8077,0.9638
2.233,0.3,0.8141,0.9661
2.267,0.3,0.8204,0.9683
2.3,0.3,0.8266,0.9702
2.333,0.3,0.8326,0.9721
2.367,0.3,0.8384,0.9737
2.4,0.3,0.8441,0.9753
2.433,0.3,0.8496,0.9767
2.467,0.3,0.8549,0.9781
2.5,0.3,0.8601,0.9793
-2.5,0.3333,0.06132,0.01225
-2.467,0.3333,0.06213,0.01277
-2.433,0.3333,0.06297,0.01334
-2.4,0.3333,0.06383,0.01394
-2.367,0.3333,0.06471,0.01458
-2.333,0.3333,0.06561,0.01527
-2.3,0.3333,0.06653,0.01601
-2.267,0.3333,0.06748,0.01679
-2.233,0.3333,0.06845,0.01764
-2.2,0.3333,0.06945,0.01855
-2.167,0.3333,0.07047,0.01952
-2.133,0.3333,0.07151,0.02057
-2.1,0.3333,0.07259,0.02169
-2.067,0.3333,0.07369,0.02291
-2.033,0.3333,0.07481,0.02421
-2,0.3333,0.07597,0.02562
-1.967,0.3333,0.07716,0.02714
-1.933,0.3333,0.07838,0.02879
-1.9,0.3333,0.07963,0.03056
-1.867,0.3333,0.08091,0.03248
-1.833,0.3333,0.08223,0.03456
-1.8,0.3333,0.08358,0.03682
-1.767,0.3333,0.08496,0.03926
-1.733,0.3333,0.08639,0.04191
-1.7,0.3333,0.08785,0.04478
-1.667,0.3333,0.08934,0.04791
-1.633,0.3333,0.09088,0.0513
-1.6,0.3333,0.09246,0.05499
-1.567,0.3333,0.09408,0.05901
-1.533,0.3333,0.09575,0.06338
-1.5,0.3333,0.09746,0.06814
-1.467,0.3333,0.09922,0.07332
-1.433,0.3333,0.101,0.07895
-1.4,0.3333,0.1029,0.08509
-1.367,0.3333,0.1048,0.09178
-1.333,0.3333,0.1067,0.09906
-1.3,0.3333,0.1087,0.107
-1.267,0.3333,0.1108,0.1156
-1.233,0.3333,0.1129,0.1249
-1.2,0.3333,0.1151,0.1351
-1.167,0.3333,0.1173,0.1461
-1.133,0.3333,0.1196,0.1581
-1.1,0.3333,0.122,0.171
-1.067,0.3333,0.1244,0.1849
-1.033,0.3333,0.1269,0.1999
-1,0.3333,0.1294,0.2161
-0.9667,0.3333,0.1321,0.2334
-0.9333,0.3333,0.1348,0.2518
-0.9,0.3333,0.1375,0.2715
-0.8667,0.3333,0.1404,0.2923
-0.8333,0.3333,0.1433,0.3142
-0.8,0.3333,0.1463,0.3373
-0.7667,0.3333,0.1494,0.3614
-0.7333,0.3333,0.1525,0.3863
-0.7,0.3333,0.1558,0.4119
-0.6667,0.3333,0.1591,0.4381
-0.6333,0.3333,0.1626,0.4644
-0.6,0.3333,0.1661,0.4908
-0.5667,0.3333,0.1697,0.5166
-0.5333,0.3333,0.1734,0.5415
-0.5,0.3333,0.1772,0.5649
-0.4667,0.3333,0.1811,0.586
-0.4333,0.3333,0.1851,0.6041
-0.4,0.3333,0.1893,0.6179
-0.3667,0.3333,0.1935,0.6263
-0.3333,0.3333,0.1978,0.6272
-0.3,0.3333,0.2023,0.6184
-0.2667,0.3333,0.2068,0.597
-0.2333,0.3333,0.2115,0.5595
-0.2,0.3333,0.2163,0.5034
-0.1667,0.3333,0.2212,0.4291
-0.1333,0.3333,0.2262,0.3433
-0.1,0.3333,0.2314,0.2582
-0.06667,0.3333,0.2366,0.1862
-0.03333,0.3333,0.242,0.1332
0,0.3333,0.2476,0.09779
0.03333,0.3333,0.2532,0.07568
0.06667,0.3333,0.259,0.06248
0.1,0.3333,0.2649,0.05506
0.1333,0.3333,0.271,0.05145
0.1667,0.3333,0.2772,0.05045
0.2,0.3333,0.2835,0.0514
0.2333,0.3333,0.29,0.05389
0.2667,0.3333,0.2965,0.0577
0.3,0.3333,0.3033,0.06271
0.3333,0.3333,0.3101,0.06887
0.3667,0.3333,0.3171,0.07617
0.4,0.3333,0.3243,0.08462
0.4333,0.3333,0.3315,0.09424
0.4667,0.3333,0.3389,0.1051
0.5,0.3333,0.3464,0.1172
0.5333,0.3333,0.3541,0.1306
0.5667,0.3333,0.3619,0.1454
0.6,0.3333,0.3698,0.1616
0.6333,0.3333,0.3778,0.1793
0.6667,0.3333,0.386,0.1983
0.7,0.3333,0.3942,0.2188
0.7333,0.3333,0.4026,0.2407
0.7667,0.3333,0.4111,0.2639
0.8,0.3333,0.4197,0.2884
0.8333,0.3333,0.4284,0.314
0.8667,0.3333,0.4371,0.3407
0.9,0.3333,0.446,0.3682
0.9333,0.3333,0.455,0.3964
0.9667,0.3333,0.464,0.425
1,0.3333,0.4731,0.454
1.033,0.3333,0.4823,0.483
1.067,0.3333,0.4916,0.5119
1.1,0.3333,0.5009,0.5404
1.133,0.3333,0.5102,0.5684
1.167,0.3333,0.5196,0.5957
1.2,0.3333,0.529,0.6222
1.233,0.3333,0.5385,0.6477
1.267,0.3333,0.5479,0.6721
1.3,0.3333,0.5574,0.6954
1.333,0.3333,0.5669,0.7174
1.367,0.3333,0.5763,0.7382
1.4,0.3333,0.5858,0.7578
1.433,0.3333,0.5952,0.7761
1.467,0.3333,0.6046,0.7932
1.5,0.3333,0.614,0.8091
1.533,0.3333,0.6233,0.8239
1.567,0.3333,0.6326,0.8376
1.6,0.3333,0.6418,0.8502
1.633,0.3333,0.6509,0.8619
1.667,0.3333,0.6599,0.8726
1.7,0.3333,0.6689,0.8825
1.733,0.3333,0.6778,0.8915
1.767,0.3333,0.6866,0.8999
1.8,0.3333,0.6952,0.9075
1.833,0.3333,0.7038,0.9145
1.867,0.3333,0.7122,0.9209
1.9,0.3333,0.7206,0.9268
1.933,0.3333,0.7288,0.9322
1.967,0.3333,0.7368,0.9371
2,0.3333,0.7448,0.9416
2.033,0.3333,0.7526,0.9458
2.067,0.3333,0.7602,0.9496
2.1,0.3333,0.7677,0.953
2.133,0.3333,0.7751,0.9562
2.167,0.3333,0.7823,0.9592
2.2,0.3333,0.7893,0.9619
2.233,0.3333,0.7962,0.9644
2.267,0.3333,0.8029,0.9667
2.3,0.3333,0.8095,0.9688
2.333,0.3333,0.8159,0.9707
2.367,0.3333,0.8222,0.9725
2.4,0.3333,0.8283,0.9741
2.433,0.3333,0.8342,0.9757
2.467,0.3333,0.84,0.9771
2.5,0.3333,0.8456,0.9784
-2.5,0.3667,0.05919,0.01187
-2.467,0.3667,0.05996,0.01237
-2.433,0.3667,0.06074,0.01291
-2.4,0.3667,0.06154,0.01348
-2.367,0.3667,0.06237,0.01409
-2.333,0.3667,0.06321,0.01475
-2.3,0.3667,0.06407,0.01544
-2.267,0.3667,0.06496,0.01619
-2.233,0.3667,0.06587,0.017
-2.2,0.3667,0.0668,0.01786
-2.167,0.3667,0.06775,0.01878
-2.133,0.3667,0.06873,0.01977
-2.1,0.3667,0.06973,0.02084
-2.067,0.3667,0.07076,0.02198
-2.033,0.3667,0.07181,0.02322
-2,0.3667,0.07289,0.02455
-1.967,0.3667,0.074,0.02598
-1.933,0.3667,0.07514,0.02753
-1.9,0.3667,0.0763,0.02921
-1.867,0.3667,0.0775,0.03102
-1.833,0.3667,0.07872,0.03298
-1.8,0.3667,0.07998,0.0351
-1.767,0.3667,0.08128,0.0374
-1.733,0.3667,0.0826,0.03989
-1.7,0.3667,0.08396,0.04259
-1.667,0.3667,0.08536,0.04552
-1.633,0.3667,0.08679,0.04871
-1.6,0.3667,0.08826,0.05218
-1.567,0.3667,0.08977,0.05595
-1.533,0.3667,0.09132,0.06005
-1.5,0.3667,0.09291,0.06451
-1.467,0.3667,0.09455,0.06936
-1.433,0.3667,0.09622,0.07465
-1.4,0.3667,0.09795,0.08041
-1.367,0.3667,0.09972,0.08668
-1.333,0.3667,0.1015,0.0935
-1.3,0.3667,0.1034,0.1009
-1.267,0.3667,0.1053,0.109
-1.233,0.3667,0.1073,0.1178
-1.2,0.3667,0.1093,0.1274
-1.167,0.3667,0.1114,0.1377
-1.133,0.3667,0.1135,0.149
-1.1,0.3667,0.1157,0.1611
-1.067,0.3667,0.118,0.1743
-1.033,0.3667,0.1203,0.1885
-1,0.3667,0.1226,0.2038
-0.9667,0.3667,0.1251,0.2202
-0.9333,0.3667,0.1276,0.2377
-0.9,0.3667,0.1302,0.2564
-0.8667,0.3667,0.1328,0.2764
-0.8333,0.3667,0.1355,0.2974
-0.8,0.3667,0.1383,0.3196
-0.7667,0.3667,0.1412,0.3428
-0.7333,0.3667,0.1441,0.3669
-0.7,0.3667,0.1471,0.3918
-0.6667,0.3667,0.1502,0.4172
-0.6333,0.3667,0.1534,0.443
-0.6,0.3667,0.1567,0.4688
-0.5667,0.3667,0.1601,0.4941
-0.5333,0.3667,0.1635,0.5184
-0.5,0.3667,0.1671,0.5412
-0.4667,0.3667,0.1707,0.5616
-0.4333,0.3667,0.1745,0.5787
-0.4,0.3667,0.1783,0.5912
-0.3667,0.3667,0.1822,0.5976
-0.3333,0.3667,0.1863,0.5957
-0.3,0.3667,0.1904,0.5831
-0.2667,0.3667,0.1947,0.5565
-0.2333,0.3667,0.199,0.5131
-0.2,0.3667,0.2035,0.4513
-0.1667,0.3667,0.2081,0.374
-0.1333,0.3667,0.2128,0.2902
-0.1,0.3667,0.2176,0.2127
-0.06667,0.3667,0.2226,0.1511
-0.03333,0.3667,0.2276,0.1078
0,0.3667,0.2328,0.07989
0.03333,0.3667,0.2381,0.06278
0.06667,0.3667,0.2436,0.05275
0.1,0.3667,0.2491,0.04727
0.1333,0.3667,0.2548,0.04482
0.1667,0.3667,0.2607,0.04447
0.2,0.3667,0.2666,0.04573
0.2333,0.3667,0.2727,0.04829
0.2667,0.3667,0.2789,0.05198
0.3,0.3667,0.2853,0.05673
0.3333,0.3667,0.2918,0.06251
0.3667,0.3667,0.2984,0.06931
0.4,0.3667,0.3052,0.07717
0.4333,0.3667,0.3121,0.08611
0.4667,0.3667,0.3191,0.0962
0.5,0.3667,0.3263,0.1075
0.5333,0.3667,0.3336,0.12
0.5667,0.3667,0.341,0.1339
0.6,0.3667,0.3486,0.1491
0.6333,0.3667,0.3563,0.1657
0.6667,0.3667,0.3641,0.1837
0.7,0.3667,0.372,0.2031
0.7333,0.3667,0.3801,0.224
0.7667,0.3667,0.3883,0.2462
0.8,0.3667,0.3965,0.2698
0.8333,0.3667,0.405,0.2945
0.8667,0.3667,0.4135,0.3204
0.9,0.3667,0.4221,0.3473
0.9333,0.3667,0.4308,0.375
0.9667,0.3667,0.4396,0.4033
1,0.3667,0.4485,0.4321
1.033,0.3667,0.4575,0.4611
1.067,0.3667,0.4666,0.4901
1.1,0.3667,0.4757,0.5189
1.133,0.3667,0.4849,0.5473
1.167,0.3667,0.4942,0.5752
1.2,0.3667,0.5035,0.6023
1.233,0.3667,0.5129,0.6285
1.267,0.3667,0.5222,0.6537
1.3,0.3667,0.5317,0.6779
1.333,0.3667,0.5411,0.7009
1.367,0.3667,0.5506,0.7226
1.4,0.3667,0.5601,0.7431
1.433,0.3667,0.5695,0.7624
1.467,0.3667,0.579,0.7804
1.5,0.3667,0.5884,0.7972
1.533,0.3667,0.5979,0.8129
1.567,0.3667,0.6073,0.8274
1.6,0.3667,0.6166,0.8408
1.633,0.3667,0.6259,0.8532
1.667,0.3667,0.6351,0.8646
1.7,0.3667,0.6443,0.8751
1.733,0.3667,0.6534,0.8848
1.767,0.3667,0.6625,0.8936
1.8,0.3667,0.6714,0.9018
1.833,0.3667,0.6802,0.9092
1.867,0.3667,0.689,0.9161
1.9,0.3667,0.6976,0.9224
1.933,0.3667,0.7062,0.9281
1.967,0.3667,0.7146,0.9334
2,0.3667,0.7229,0.9382
2.033,0.3667,0.731,0.9427
2.067,0.3667,0.7391,0.9467
2.1,0.3667,0.747,0.9504
2.133,0.3667,0.7547,0.9539
2.167,0.3667,0.7623,0.957
2.2,0.3667,0.7698,0.9599
2.233,0.3667,0.7771,0.9625
2.267,0.3667,0.7843,0.9649
2.3,0.3667,0.7913,0.9672
2.333,0.3667,0.7981,0.9692
2.367,0.3667,0.8048,0.9711
2.4,0.3667,0.8113,0.9729
2.433,0.3667,0.8177,0.9745
2.467,0.3667,0.8239,0.976
2.5,0.3667,0.83,0.9774
-2.5,0.4,0.0572,0.01151
-2.467,0.4,0.05792,0.01199
-2.433,0.4,0.05865,0.0125
-2.4,0.4,0.0594,0.01305
-2.367,0.4,0.06017,0.01363
-2.333,0.4,0.06096,0.01425
-2.3,0.4,0.06177,0.01491
-2.267,0.4,0.0626,0.01562
-2.233,0.4,0.06345,0.01638
-2.2,0.4,0.06432,0.0172
-2.167,0.4,0.06521,0.01808
-2.133,0.4,0.06612,0.01901
-2.1,0.4,0.06706,0.02002
-2.067,0.4,0.06802,0.02111
-2.033,0.4,0.06901,0.02228
-2,0.4,0.07001,0.02353
-1.967,0.4,0.07105,0.02489
-1.933,0.4,0.07211,0.02635
-1.9,0.4,0.0732,0.02793
-1.867,0.4,0.07431,0.02964
-1.833,0.4,0.07546,0.03148
-1.8,0.4,0.07663,0.03348
-1.767,0.4,0.07784,0.03564
-1.733,0.4,0.07907,0.03799
-1.7,0.4,0.08034,0.04053
-1.667,0.4,0.08164,0.04329
-1.633,0.4,0.08298,0.04628
-1.6,0.4,0.08435,0.04953
-1.567,0.4,0.08576,0.05307
-1.533,0.4,0.0872,0.05692
-1.5,0.4,0.08868,0.0611
-1.467,0.4,0.0902,0.06566
-1.433,0.4,0.09176,0.07062
-1.4,0.4,0.09337,0.07602
-1.367,0.4,0.09501,0.08189
-1.333,0.4,0.0967,0.08829
-1.3,0.4,0.09844,0.09526
-1.267,0.4,0.1002,0.1028
-1.233,0.4,0.1021,0.1111
-1.2,0.4,0.1039,0.1201
-1.167,0.4,0.1059,0.1298
-1.133,0.4,0.1078,0.1404
-1.1,0.4,0.1099,0.1518
-1.067,0.4,0.112,0.1643
-1.033,0.4,0.1141,0.1777
-1,0.4,0.1163,0.1921
-0.9667,0.4,0.1186,0.2076
-0.9333,0.4,0.1209,0.2243
-0.9,0.4,0.1233,0.2421
-0.8667,0.4,0.1258,0.2611
-0.8333,0.4,0.1283,0.2812
-0.8,0.4,0.1309,0.3025
-0.7667,0.4,0.1336,0.3248
-0.7333,0.4,0.1363,0.3481
-0.7,0.4,0.1391,0.3721
-0.6667,0.4,0.142,0.3968
-0.6333,0.4,0.145,0.4219
-0.6,0.4,0.148,0.447
-0.5667,0.4,0.1511,0.4716
-0.5333,0.4,0.1543,0.4953
-0.5,0.4,0.1576,0.5173
-0.4667,0.4,0.161,0.5368
-0.4333,0.4,0.1645,0.5527
-0.4,0.4,0.1681,0.5636
-0.3667,0.4,0.1718,0.5676
-0.3333,0.4,0.1755,0.5626
-0.3,0.4,0.1794,0.5457
-0.2667,0.4,0.1834,0.514
-0.2333,0.4,0.1874,0.465
-0.2,0.4,0.1916,0.3988
-0.1667,0.4,0.1959,0.3209
-0.1333,0.4,0.2003,0.2418
-0.1,0.4,0.2048,0.1734
-0.06667,0.4,0.2094,0.1219
-0.03333,0.4,0.2141,0.08722
0,0.4,0.219,0.0654
0.03333,0.4,0.224,0.05227
0.06667,0.4,0.2291,0.04471
0.1,0.4,0.2343,0.04074
0.1333,0.4,0.2396,0.03916
0.1667,0.4,0.2451,0.03929
0.2,0.4,0.2507,0.04075
0.2333,0.4,0.2565,0.04331
0.2667,0.4,0.2623,0.04686
0.3,0.4,0.2683,0.05133
0.3333,0.4,0.2744,0.05673
0.3667,0.4,0.2807,0.06305
0.4,0.4,0.2871,0.07034
0.4333,0.4,0.2936,0.07863
0.4667,0.4,0.3003,0.08799
0.5,0.4,0.3071,0.09848
0.5333,0.4,0.314,0.1102
0.5667,0.4,0.3211,0.1231
0.6,0.4,0.3283,0.1373
0.6333,0.4,0.3356,0.1529
0.6667,0.4,0.3431,0.1698
0.7,0.4,0.3507,0.1882
0.7333,0.4,0.3584,0.208
0.7667,0.4,0.3663,0.2292
0.8,0.4,0.3743,0.2518
0.8333,0.4,0.3824,0.2757
0.8667,0.4,0.3906,0.3008
0.9,0.4,0.3989,0.3269
0.9333,0.4,0.4073,0.354
0.9667,0.4,0.4159,0.3819
1,0.4,0.4245,0.4103
1.033,0.4,0.4333,0.4391
1.067,0.4,0.4421,0.4682
1.1,0.4,0.451,0.4971
1.133,0.4,0.46,0.5259
1.167,0.4,0.4691,0.5542
1.2,0.4,0.4783,0.5819
1.233,0.4,0.4875,0.6088
1.267,0.4,0.4968,0.6348
1.3,0.4,0.5061,0.6597
1.333,0.4,0.5155,0.6836
1.367,0.4,0.5249,0.7063
1.4,0.4,0.5343,0.7277
1.433,0.4,0.5438,0.748
1.467,0.4,0.5532,0.7669
1.5,0.4,0.5627,0.7846
1.533,0.4,0.5722,0.8012
1.567,0.4,0.5816,0.8165
1.6,0.4,0.5911,0.8307
1.633,0.4,0.6005,0.8439
1.667,0.4,0.6099,0.856
1.7,0.4,0.6192,0.8672
1.733,0.4,0.6285,0.8775
1.767,0.4,0.6377,0.887
1.8,0.4,0.6469,0.8957
1.833,0.4,0.656,0.9037
1.867,0.4,0.665,0.911
1.9,0.4,0.6739,0.9177
1.933,0.4,0.6827,0.9238
1.967,0.4,0.6914,0.9295
2,0.4,0.7,0.9346
2.033,0.4,0.7085,0.9393
2.067,0.4,0.7169,0.9437
2.1,0.4,0.7252,0.9477
2.133,0.4,0.7333,0.9513
2.167,0.4,0.7413,0.9546
2.2,0.4,0.7491,0.9577
2.233,0.4,0.7569,0.9605
2.267,0.4,0.7644,0.9631
2.3,0.4,0.7718,0.9655
2.333,0.4,0.7791,0.9677
2.367,0.4,0.7862,0.9697
2.4,0.4,0.7932,0.9716
2.433,0.4,0.8,0.9733
2.467,0.4,0.8066,0.9749
2.5,0.4,0.8131,0.9764
-2.5,0.4333,0.05533,0.01117
-2.467,0.4333,0.056,0.01163
-2.433,0.4333,0.05669,0.01211
-2.4,0.4333,0.0574,0.01263
-2.367,0.4333,0.05812,0.01318
-2.333,0.4333,0.05886,0.01378
-2.3,0.4333,0.05962,0.01441
-2.267,0.4333,0.06039,0.01508
-2.233,0.4333,0.06119,0.0158
-2.2,0.4333,0.062,0.01658
-2.167,0.4333,0.06284,0.01741
-2.133,0.4333,0.06369,0.0183
-2.1,0.4333,0.06457,0.01925
-2.067,0.4333,0.06546,0.02028
-2.033,0.4333,0.06638,0.02139
-2,0.4333,0.06733,0.02258
-1.967,0.4333,0.06829,0.02386
-1.933,0.4333,0.06929,0.02524
-1.9,0.4333,0.0703,0.02673
-1.867,0.4333,0.07134,0.02834
-1.833,0.4333,0.07241,0.03008
-1.8,0.4333,0.07351,0.03196
-1.767,0.4333,0.07463,0.03399
-1.733,0.4333,0.07578,0.0362
-1.7,0.4333,0.07697,0.03859
-1.667,0.4333,0.07818,0.04118
-1.633,0.4333,0.07943,0.044
-1.6,0.4333,0.0807,0.04705
-1.567,0.4333,0.08201,0.05037
-1.533,0.4333,0.08336,0.05398
-1.5,0.4333,0.08474,0.05791
-1.467,0.4333,0.08616,0.06218
-1.433,0.4333,0.08761,0.06683
-1.4,0.4333,0.0891,0.0719
-1.367,0.4333,0.09063,0.07741
-1.333,0.4333,0.09221,0.08341
-1.3,0.4333,0.09382,0.08995
-1.267,0.4333,0.09548,0.09706
-1.233,0.4333,0.09718,0.1048
-1.2,0.4333,0.09893,0.1132
-1.167,0.4333,0.1007,0.1224
-1.133,0.4333,0.1026,0.1323
-1.1,0.4333,0.1045,0.1431
-1.067,0.4333,0.1064,0.1548
-1.033,0.4333,0.1084,0.1674
-1,0.4333,0.1105,0.1811
-0.9667,0.4333,0.1126,0.1958
-0.9333,0.4333,0.1147,0.2116
-0.9,0.4333,0.117,0.2285
-0.8667,0.4333,0.1192,0.2465
-0.8333,0.4333,0.1216,0.2658
-0.8,0.4333,0.124,0.2861
-0.7667,0.4333,0.1265,0.3075
-0.7333,0.4333,0.129,0.3298
-0.7,0.4333,0.1316,0.3531
-0.6667,0.4333,0.1343,0.3769
-0.6333,0.4333,0.1371,0.4012
-0.6,0.4333,0.1399,0.4255
-0.5667,0.4333,0.1428,0.4493
-0.5333,0.4333,0.1458,0.4722
-0.5,0.4333,0.1489,0.4933
-0.4667,0.4333,0.152,0.5117
-0.4333,0.4333,0.1553,0.5261
-0.4,0.4333,0.1586,0.535
-0.3667,0.4333,0.162,0.5365
-0.3333,0.4333,0.1655,0.528
-0.3,0.4333,0.1691,0.5068
-0.2667,0.4333,0.1728,0.4699
-0.2333,0.4333,0.1766,0.4161
-0.2,0.4333,0.1805,0.3474
-0.1667,0.4333,0.1845,0.2712
-0.1333,0.4333,0.1886,0.1989
-0.1,0.4333,0.1928,0.1401
-0.06667,0.4333,0.1971,0.09803
-0.03333,0.4333,0.2015,0.07061
0,0.4333,0.2061,0.05372
0.03333,0.4333,0.2107,0.04371
0.06667,0.4333,0.2155,0.03806
0.1,0.4333,0.2204,0.03524
0.1333,0.4333,0.2254,0.03432
0.1667,0.4333,0.2305,0.0348
0.2,0.4333,0.2358,0.03638
0.2333,0.4333,0.2412,0.03889
0.2667,0.4333,0.2467,0.04227
0.3,0.4333,0.2523,0.04646
0.3333,0.4333,0.2581,0.05148
0.3667,0.4333,0.264,0.05734
0.4,0.4333,0.27,0.06408
0.4333,0.4333,0.2762,0.07176
0.4667,0.4333,0.2825,0.08042
0.5,0.4333,0.2889,0.09014
0.5333,0.4333,0.2955,0.101
0.5667,0.4333,0.3022,0.113
0.6,0.4333,0.309,0.1263
0.6333,0.4333,0.316,0.1409
0.6667,0.4333,0.3231,0.1568
0.7,0.4333,0.3303,0.1741
0.7333,0.4333,0.3377,0.1929
0.7667,0.4333,0.3452,0.2131
0.8,0.4333,0.3529,0.2346
0.8333,0.4333,0.3606,0.2575
0.8667,0.4333,0.3685,0.2817
0.9,0.4333,0.3765,0.307
0.9333,0.4333,0.3846,0.3334
0.9667,0.4333,0.3929,0.3607
1,0.4333,0.4012,0.3888
1.033,0.4333,0.4097,0.4173
1.067,0.4333,0.4183,0.4462
1.1,0.4333,0.427,0.4752
1.133,0.4333,0.4357,0.5042
1.167,0.4333,0.4446,0.5328
1.2,0.4333,0.4536,0.561
1.233,0.4333,0.4626,0.5885
1.267,0.4333,0.4717,0.6152
1.3,0.4333,0.4809,0.641
1.333,0.4333,0.4901,0.6657
1.367,0.4333,0.4994,0.6893
1.4,0.4333,0.5087,0.7116
1.433,0.4333,0.5181,0.7328
1.467,0.4333,0.5275,0.7527
1.5,0.4333,0.537,0.7714
1.533,0.4333,0.5464,0.7888
1.567,0.4333,0.5559,0.805
1.6,0.4333,0.5654,0.8201
1.633,0.4333,0.5748,0.834
1.667,0.4333,0.5843,0.8469
1.7,0.4333,0.5937,0.8589
1.733,0.4333,0.6031,0.8698
1.767,0.4333,0.6125,0.8799
1.8,0.4333,0.6218,0.8892
1.833,0.4333,0.6311,0.8977
1.867,0.4333,0.6403,0.9055
1.9,0.4333,0.6494,0.9127
1.933,0.4333,0.6585,0.9192
1.967,0.4333,0.6675,0.9253
2,0.4333,0.6764,0.9308
2.033,0.4333,0.6852,0.9358
2.067,0.4333,0.6938,0.9404
2.1,0.4333,0.7024,0.9447
2.133,0.4333,0.7109,0.9486
2.167,0.4333,0.7192,0.9521
2.2,0.4333,0.7275,0.9554
2.233,0.4333,0.7355,0.9584
2.267,0.4333,0.7435,0.9612
2.3,0.4333,0.7513,0.9637
2.333,0.4333,0.759,0.9661
2.367,0.4333,0.7665,0.9682
2.4,0.4333,0.7739,0.9702
2.433,0.4333,0.7811,0.972
2.467,0.4333,0.7882,0.9737
2.5,0.4333,0.7951,0.9753
-2.5,0.4667,0.05358,0.01084
-2.467,0.4667,0.05421,0.01128
-2.433,0.4667,0.05486,0.01174
-2.4,0.4667,0.05552,0.01224
-2.367,0.4667,0.0562,0.01276
-2.333,0.4667,0.05689,0.01333
-2.3,0.4667,0.0576,0.01393
-2.267,0.4667,0.05833,0.01457
-2.233,0.4667,0.05907,0.01525
-2.2,0.4667,0.05983,0.01599
-2.167,0.4667,0.06061,0.01678
-2.133,0.4667,0.06141,0.01762
-2.1,0.4667,0.06223,0.01853
-2.067,0.4667,0.06307,0.0195
-2.033,0.4667,0.06393,0.02054
-2,0.4667,0.06482,0.02167
-1.967,0.4667,0.06572,0.02288
-1.933,0.4667,0.06665,0.02419
-1.9,0.4667,0.0676,0.02559
-1.867,0.4667,0.06857,0.02711
-1.833,0.4667,0.06957,0.02875
-1.8,0.4667,0.07059,0.03052
-1.767,0.4667,0.07164,0.03244
-1.733,0.4667,0.07272,0.03452
-1.7,0.4667,0.07382,0.03677
-1.667,0.4667,0.07495,0.0392
-1.633,0.4667,0.07611,0.04185
-1.6,0.4667,0.0773,0.04472
-1.567,0.4667,0.07853,0.04784
-1.533,0.4667,0.07978,0.05123
-1.5,0.4667,0.08107,0.05491
-1.467,0.4667,0.08239,0.05892
-1.433,0.4667,0.08374,0.06328
-1.4,0.4667,0.08513,0.06803
-1.367,0.4667,0.08656,0.0732
-1.333,0.4667,0.08802,0.07883
-1.3,0.4667,0.08953,0.08496
-1.267,0.4667,0.09107,0.09163
-1.233,0.4667,0.09266,0.09889
-1.2,0.4667,0.09428,0.1068
-1.167,0.4667,0.09595,0.1154
-1.133,0.4667,0.09767,0.1247
-1.1,0.4667,0.09943,0.1349
-1.067,0.4667,0.1012,0.1459
-1.033,0.4667,0.1031,0.1578
-1,0.4667,0.105,0.1706
-0.9667,0.4667,0.107,0.1845
-0.9333,0.4667,0.109,0.1995
-0.9,0.4667,0.111,0.2155
-0.8667,0.4667,0.1132,0.2327
-0.8333,0.4667,0.1153,0.251
-0.8,0.4667,0.1176,0.2704
-0.7667,0.4667,0.1199,0.2908
-0.7333,0.4667,0.1223,0.3123
-0.7,0.4667,0.1247,0.3346
-0.6667,0.4667,0.1272,0.3575
-0.6333,0.4667,0.1297,0.3809
-0.6,0.4667,0.1324,0.4043
-0.5667,0.4667,0.1351,0.4273
-0.5333,0.4667,0.1379,0.4492
-0.5,0.4667,0.1407,0.4692
-0.4667,0.4667,0.1436,0.4863
-0.4333,0.4667,0.1467,0.499
-0.4,0.4667,0.1497,0.5058
-0.3667,0.4667,0.1529,0.5044
-0.3333,0.4667,0.1562,0.4922
-0.3,0.4667,0.1595,0.4665
-0.2667,0.4667,0.163,0.4249
-0.2333,0.4667,0.1665,0.3674
-0.2,0.4667,0.1701,0.2981
-0.1667,0.4667,0.1739,0.226
-0.1333,0.4667,0.1777,0.1618
-0.1,0.4667,0.1816,0.1125
-0.06667,0.4667,0.1856,0.07872
-0.03333,0.4667,0.1898,0.05728
0,0.4667,0.194,0.04431
0.03333,0.4667,0.1983,0.03672
0.06667,0.4667,0.2028,0.03255
0.1,0.4667,0.2074,0.03059
0.1333,0.4667,0.2121,0.03016
0.1667,0.4667,0.2169,0.03088
0.2,0.4667,0.2218,0.03252
0.2333,0.4667,0.2268,0.03496
0.2667,0.4667,0.232,0.03814
0.3,0.4667,0.2373,0.04206
0.3333,0.4667,0.2427,0.04671
0.3667,0.4667,0.2482,0.05213
0.4,0.4667,0.2539,0.05836
0.4333,0.4667,0.2597,0.06545
0.4667,0.4667,0.2657,0.07345
0.5,0.4667,0.2717,0.08244
0.5333,0.4667,0.2779,0.09249
0.5667,0.4667,0.2843,0.1037
0.6,0.4667,0.2907,0.116
0.6333,0.4667,0.2974,0.1296
0.6667,0.4667,0.3041,0.1446
0.7,0.4667,0.311,0.1609
0.7333,0.4667,0.318,0.1786
0.7667,0.4667,0.3251,0.1977
0.8,0.4667,0.3324,0.2182
0.8333,0.4667,0.3398,0.2401
0.8667,0.4667,0.3474,0.2633
0.9,0.4667,0.355,0.2878
0.9333,0.4667,0.3628,0.3134
0.9667,0.4667,0.3707,0.34
1,0.4667,0.3788,0.3675
1.033,0.4667,0.3869,0.3957
1.067,0.4667,0.3952,0.4244
1.1,0.4667,0.4036,0.4533
1.133,0.4667,0.4121,0.4823
1.167,0.4667,0.4207,0.5112
1.2,0.4667,0.4294,0.5398
1.233,0.4667,0.4382,0.5678
1.267,0.4667,0.4471,0.5951
1.3,0.4667,0.4561,0.6216
1.333,0.4667,0.4651,0.6471
1.367,0.4667,0.4742,0.6716
1.4,0.4667,0.4834,0.6948
1.433,0.4667,0.4927,0.7169
1.467,0.4667,0.502,0.7378
1.5,0.4667,0.5114,0.7574
1.533,0.4667,0.5207,0.7757
1.567,0.4667,0.5302,0.7929
1.6,0.4667,0.5396,0.8088
1.633,0.4667,0.5491,0.8236
1.667,0.4667,0.5585,0.8373
1.7,0.4667,0.568,0.8499
1.733,0.4667,0.5775,0.8616
1.767,0.4667,0.5869,0.8724
1.8,0.4667,0.5964,0.8823
1.833,0.4667,0.6058,0.8913
1.867,0.4667,0.6151,0.8997
1.9,0.4667,0.6244,0.9073
1.933,0.4667,0.6337,0.9143
1.967,0.4667,0.6429,0.9208
2,0.4667,0.652,0.9266
2.033,0.4667,0.661,0.932
2.067,0.4667,0.67,0.937
2.1,0.4667,0.6788,0.9415
2.133,0.4667,0.6876,0.9457
2.167,0.4667,0.6963,0.9495
2.2,0.4667,0.7048,0.953
2.233,0.4667,0.7132,0.9562
2.267,0.4667,0.7216,0.9591
2.3,0.4667,0.7297,0.9618
2.333,0.4667,0.7378,0.9643
2.367,0.4667,0.7457,0.9666
2.4,0.4667,0.7535,0.9687
2.433,0.4667,0.7611,0.9707
2.467,0.4667,0.7686,0.9724
2.5,0.4667,0.7759,0.9741
-2.5,0.5,0.05194,0.01053
-2.467,0.5,0.05253,0.01095
-2.433,0.5,0.05314,0.01139
-2.4,0.5,0.05376,0.01186
-2.367,0.5,0.05439,0.01236
-2.333,0.5,0.05504,0.0129
-2.3,0.5,0.05571,0.01347
-2.267,0.5,0.05639,0.01408
-2.233,0.5,0.05709,0.01473
-2.2,0.5,0.0578,0.01543
-2.167,0.5,0.05853,0.01618
-2.133,0.5,0.05928,0.01698
-2.1,0.5,0.06005,0.01784
-2.067,0.5,0.06084,0.01876
-2.033,0.5,0.06164,0.01975
-2,0.5,0.06247,0.02081
-1.967,0.5,0.06331,0.02196
-1.933,0.5,0.06418,0.02319
-1.9,0.5,0.06507,0.02452
-1.867,0.5,0.06598,0.02595
-1.833,0.5,0.06691,0.0275
-1.8,0.5,0.06787,0.02917
-1.767,0.5,0.06885,0.03098
-1.733,0.5,0.06985,0.03293
-1.7,0.5,0.07088,0.03505
-1.667,0.5,0.07194,0.03734
-1.633,0.5,0.07302,0.03983
-1.6,0.5,0.07413,0.04253
-1.567,0.5,0.07527,0.04546
-1.533,0.5,0.07644,0.04864
-1.5,0.5,0.07764,0.0521
-1.467,0.5,0.07887,0.05586
-1.433,0.5,0.08014,0.05996
-1.4,0.5,0.08143,0.06441
-1.367,0.5,0.08276,0.06926
-1.333,0.5,0.08413,0.07453
-1.3,0.5,0.08553,0.08028
-1.267,0.5,0.08697,0.08654
-1.233,0.5,0.08844,0.09335
-1.2,0.5,0.08996,0.1008
-1.167,0.5,0.09151,0.1088
-1.133,0.5,0.09311,0.1176
-1.1,0.5,0.09475,0.1271
-1.067,0.5,0.09643,0.1375
-1.033,0.5,0.09816,0.1487
-1,0.5,0.09993,0.1608
-0.9667,0.5,0.1018,0.1739
-0.9333,0.5,0.1036,0.188
-0.9,0.5,0.1055,0.2032
-0.8667,0.5,0.1075,0.2195
-0.8333,0.5,0.1096,0.2368
-0.8,0.5,0.1116,0.2553
-0.7667,0.5,0.1138,0.2748
-0.7333,0.5,0.116,0.2953
-0.7,0.5,0.1182,0.3167
-0.6667,0.5,0.1205,0.3387
-0.6333,0.5,0.1229,0.3611
-0.6,0.5,0.1254,0.3836
-0.5667,0.5,0.1279,0.4055
-0.5333,0.5,0.1305,0.4263
-0.5,0.5,0.1331,0.4451
-0.4667,0.5,0.1359,0.4607
-0.4333,0.5,0.1387,0.4716
-0.4,0.5,0.1415,0.4759
-0.3667,0.5,0.1445,0.4714
-0.3333,0.5,0.1475,0.4554
-0.3,0.5,0.1506,0.4254
-0.2667,0.5,0.1538,0.3798
-0.2333,0.5,0.1571,0.3201
-0.2,0.5,0.1605,0.2522
-0.1667,0.5,0.164,0.186
-0.1333,0.5,0.1675,0.1305
-0.1,0.5,0.1712,0.09
-0.06667,0.5,0.1749,0.06323
-0.03333,0.5,0.1788,0.04663
0,0.5,0.1827,0.03671
0.03333,0.5,0.1868,0.031
0.06667,0.5,0.1909,0.02795
0.1,0.5,0.1952,0.02665
0.1333,0.5,0.1996,0.02659
0.1667,0.5,0.2041,0.02746
0.2,0.5,0.2087,0.02911
0.2333,0.5,0.2134,0.03145
0.2667,0.5,0.2182,0.03444
0.3,0.5,0.2232,0.03809
0.3333,0.5,0.2283,0.04239
0.3667,0.5,0.2335,0.04739
0.4,0.5,0.2388,0.05313
0.4333,0.5,0.2442,0.05966
0.4667,0.5,0.2498,0.06704
0.5,0.5,0.2555,0.07534
0.5333,0.5,0.2614,0.08463
0.5667,0.5,0.2673,0.09498
0.6,0.5,0.2735,0.1065
0.6333,0.5,0.2797,0.1191
0.6667,0.5,0.2861,0.1331
0.7,0.5,0.2926,0.1484
0.7333,0.5,0.2992,0.165
0.7667,0.5,0.306,0.1831
0.8,0.5,0.3129,0.2025
0.8333,0.5,0.32,0.2234
0.8667,0.5,0.3271,0.2456
0.9,0.5,0.3345,0.2692
0.9333,0.5,0.3419,0.2939
0.9667,0.5,0.3495,0.3198
1,0.5,0.3572,0.3467
1.033,0.5,0.365,0.3744
1.067,0.5,0.373,0.4027
1.1,0.5,0.3811,0.4314
1.133,0.5,0.3892,0.4604
1.167,0.5,0.3976,0.4894
1.2,0.5,0.406,0.5182
1.233,0.5,0.4145,0.5467
1.267,0.5,0.4231,0.5745
1.3,0.5,0.4319,0.6017
1.333,0.5,0.4407,0.6279
1.367,0.5,0.4496,0.6532
1.4,0.5,0.4586,0.6774
1.433,0.5,0.4677,0.7004
1.467,0.5,0.4768,0.7221
1.5,0.5,0.486,0.7427
1.533,0.5,0.4953,0.762
1.567,0.5,0.5046,0.78
1.6,0.5,0.514,0.7969
1.633,0.5,0.5234,0.8125
1.667,0.5,0.5328,0.827
1.7,0.5,0.5423,0.8405
1.733,0.5,0.5517,0.8529
1.767,0.5,0.5612,0.8643
1.8,0.5,0.5707,0.8749
1.833,0.5,0.5801,0.8845
1.867,0.5,0.5896,0.8934
1.9,0.5,0.599,0.9016
1.933,0.5,0.6084,0.9091
1.967,0.5,0.6177,0.916
2,0.5,0.627,0.9222
2.033,0.5,0.6363,0.928
2.067,0.5,0.6454,0.9333
2.1,0.5,0.6545,0.9381
2.133,0.5,0.6635,0.9426
2.167,0.5,0.6725,0.9466
2.2,0.5,0.6813,0.9504
2.233,0.5,0.69,0.9538
2.267,0.5,0.6987,0.9569
2.3,0.5,0.7072,0.9598
2.333,0.5,0.7156,0.9625
2.367,0.5,0.7239,0.9649
2.4,0.5,0.732,0.9671
2.433,0.5,0.74,0.9692
2.467,0.5,0.7479,0.9711
2.5,0.5,0.7556,0.9729
-2.5,0.5333,0.05039,0.01023
-2.467,0.5333,0.05095,0.01063
-2.433,0.5333,0.05152,0.01105
-2.4,0.5333,0.0521,0.0115
-2.367,0.5333,0.0527,0.01198
-2.333,0.5333,0.05331,0.01249
-2.3,0.5333,0.05393,0.01303
-2.267,0.5333,0.05457,0.01361
-2.233,0.5333,0.05523,0.01424
-2.2,0.5333,0.0559,0.0149
-2.167,0.5333,0.05658,0.01561
-2.133,0.5333,0.05728,0.01637
-2.1,0.5333,0.058,0.01718
-2.067,0.5333,0.05874,0.01806
-2.033,0.5333,0.05949,0.01899
-2,0.5333,0.06027,0.02
-1.967,0.5333,0.06106,0.02109
-1.933,0.5333,0.06187,0.02225
-1.9,0.5333,0.0627,0.02351
-1.867,0.5333,0.06355,0.02486
-1.833,0.5333,0.06443,0.02632
-1.8,0.5333,0.06532,0.0279
-1.767,0.5333,0.06624,0.0296
-1.733,0.5333,0.06718,0.03144
-1.7,0.5333,0.06814,0.03344
-1.667,0.5333,0.06913,0.0356
-1.633,0.5333,0.07014,0.03793
-1.6,0.5333,0.07118,0.04047
-1.567,0.5333,0.07224,0.04323
-1.533,0.5333,0.07333,0.04621
-1.5,0.5333,0.07445,0.04946
-1.467,0.5333,0.0756,0.05299
-1.433,0.5333,0.07678,0.05683
-1.4,0.5333,0.07798,0.06101
-1.367,0.5333,0.07922,0.06556
-1.333,0.5333,0.0805,0.07051
-1.3,0.5333,0.0818,0.07589
-1.267,0.5333,0.08314,0.08176
-1.233,0.5333,0.08452,0.08815
-1.2,0.5333,0.08593,0.09511
-1.167,0.5333,0.08737,0.1027
-1.133,0.5333,0.08886,0.1109
-1.1,0.5333,0.09039,0.1199
-1.067,0.5333,0.09195,0.1296
-1.033,0.5333,0.09356,0.1401
-1,0.5333,0.09521,0.1515
-0.9667,0.5333,0.09691,0.1639
-0.9333,0.5333,0.09865,0.1772
-0.9,0.5333,0.1004,0.1916
-0.8667,0.5333,0.1023,0.207
-0.8333,0.5333,0.1042,0.2234
-0.8,0.5333,0.1061,0.241
-0.7667,0.5333,0.1081,0.2595
-0.7333,0.5333,0.1101,0.2791
-0.7,0.5333,0.1122,0.2994
-0.6667,0.5333,0.1144,0.3205
-0.6333,0.5333,0.1166,0.3419
-0.6,0.5333,0.1189,0.3633
-0.5667,0.5333,0.1212,0.3841
-0.5333,0.5333,0.1236,0.4038
-0.5,0.5333,0.1261,0.4211
-0.4667,0.5333,0.1286,0.435
-0.4333,0.5333,0.1312,0.4439
-0.4,0.5333,0.1339,0.4456
-0.3667,0.5333,0.1366,0.4379
-0.3333,0.5333,0.1394,0.4181
-0.3,0.5333,0.1423,0.3841
-0.2667,0.5333,0.1453,0.3354
-0.2333,0.5333,0.1484,0.2751
-0.2,0.5333,0.1515,0.2105
-0.1667,0.5333,0.1547,0.1513
-0.1333,0.5333,0.1581,0.1046
-0.1,0.5333,0.1615,0.07186
-0.06667,0.5333,0.1649,0.05089
-0.03333,0.5333,0.1685,0.03811
0,0.5333,0.1722,0.03057
0.03333,0.5333,0.176,0.0263
0.06667,0.5333,0.1799,0.02411
0.1,0.5333,0.1838,0.02331
0.1333,0.5333,0.1879,0.0235
0.1667,0.5333,0.1921,0.02447
0.2,0.5333,0.1964,0.02609
0.2333,0.5333,0.2008,0.02832
0.2667,0.5333,0.2053,0.03112
0.3,0.5333,0.21,0.0345
0.3333,0.5333,0.2147,0.03847
0.3667,0.5333,0.2196,0.04307
0.4,0.5333,0.2246,0.04835
0.4333,0.5333,0.2297,0.05436
0.4667,0.5333,0.2349,0.06116
0.5,0.5333,0.2403,0.06881
0.5333,0.5333,0.2458,0.07738
0.5667,0.5333,0.2514,0.08696
0.6,0.5333,0.2572,0.0976
0.6333,0.5333,0.263,0.1094
0.6667,0.5333,0.269,0.1224
0.7,0.5333,0.2752,0.1367
0.7333,0.5333,0.2815,0.1523
0.7667,0.5333,0.2879,0.1693
0.8,0.5333,0.2944,0.1877
0.8333,0.5333,0.3011,0.2075
0.8667,0.5333,0.3079,0.2287
0.9,0.5333,0.3149,0.2512
0.9333,0.5333,0.322,0.2751
0.9667,0.5333,0.3292,0.3002
1,0.5333,0.3365,0.3263
1.033,0.5333,0.344,0.3534
1.067,0.5333,0.3516,0.3812
1.1,0.5333,0.3594,0.4097
1.133,0.5333,0.3672,0.4385
1.167,0.5333,0.3752,0.4675
1.2,0.5333,0.3833,0.4965
1.233,0.5333,0.3916,0.5252
1.267,0.5333,0.3999,0.5535
1.3,0.5333,0.4084,0.5812
1.333,0.5333,0.4169,0.6082
1.367,0.5333,0.4256,0.6342
1.4,0.5333,0.4343,0.6592
1.433,0.5333,0.4432,0.6831
1.467,0.5333,0.4521,0.7058
1.5,0.5333,0.4611,0.7273
1.533,0.5333,0.4702,0.7475
1.567,0.5333,0.4794,0.7665
1.6,0.5333,0.4886,0.7843
1.633,0.5333,0.4979,0.8008
1.667,0.5333,0.5072,0.8162
1.7,0.5333,0.5166,0.8304
1.733,0.5333,0.526,0.8436
1.767,0.5333,0.5355,0.8558
1.8,0.5333,0.5449,0.867
1.833,0.5333,0.5544,0.8773
1.867,0.5333,0.5639,0.8868
1.9,0.5333,0.5733,0.8955
1.933,0.5333,0.5828,0.9035
1.967,0.5333,0.5922,0.9108
2,0.5333,0.6016,0.9175
2.033,0.5333,0.611,0.9237
2.067,0.5333,0.6203,0.9293
2.1,0.5333,0.6296,0.9345
2.133,0.5333,0.6388,0.9392
2.167,0.5333,0.648,0.9436
2.2,0.5333,0.6571,0.9476
2.233,0.5333,0.666,0.9512
2.267,0.5333,0.675,0.9546
2.3,0.5333,0.6838,0.9576
2.333,0.5333,0.6925,0.9605
2.367,0.5333,0.7011,0.9631
2.4,0.5333,0.7096,0.9655
2.433,0.5333,0.7179,0.9677
2.467,0.5333,0.7262,0.9697
2.5,0.5333,0.7343,0.9715
-2.5,0.5667,0.04894,0.009949
-2.467,0.5667,0.04946,0.01033
-2.433,0.5667,0.05,0.01073
-2.4,0.5667,0.05055,0.01116
-2.367,0.5667,0.05111,0.01162
-2.333,0.5667,0.05168,0.0121
-2.3,0.5667,0.05227,0.01262
-2.267,0.5667,0.05287,0.01317
-2.233,0.5667,0.05348,0.01376
-2.2,0.5667,0.05411,0.01439
-2.167,0.5667,0.05475,0.01507
-2.133,0.5667,0.05541,0.01579
-2.1,0.5667,0.05609,0.01656
-2.067,0.5667,0.05678,0.01739
-2.033,0.5667,0.05748,0.01828
-2,0.5667,0.05821,0.01923
-1.967,0.5667,0.05895,0.02026
-1.933,0.5667,0.05971,0.02136
-1.9,0.5667,0.06049,0.02255
-1.867,0.5667,0.06128,0.02383
-1.833,0.5667,0.0621,0.02521
-1.8,0.5667,0.06294,0.0267
-1.767,0.5667,0.06379,0.0283
-1.733,0.5667,0.06467,0.03004
-1.7,0.5667,0.06557,0.03192
-1.667,0.5667,0.0665,0.03395
-1.633,0.5667,0.06744,0.03615
-1.6,0.5667,0.06841,0.03854
-1.567,0.5667,0.06941,0.04113
-1.533,0.5667,0.07043,0.04393
-1.5,0.5667,0.07147,0.04698
-1.467,0.5667,0.07254,0.0503
-1.433,0.5667,0.07364,0.0539
-1.4,0.5667,0.07477,0.05782
-1.367,0.5667,0.07593,0.06209
-1.333,0.5667,0.07711,0.06673
-1.3,0.5667,0.07833,0.07178
-1.267,0.5667,0.07958,0.07728
-1.233,0.5667,0.08086,0.08327
-1.2,0.5667,0.08217,0.0898
-1.167,0.5667,0.08352,0.0969
-1.133,0.5667,0.08491,0.1046
-1.1,0.5667,0.08633,0.113
-1.067,0.5667,0.08779,0.1221
-1.033,0.5667,0.08928,0.1321
-1,0.5667,0.09082,0.1428
-0.9667,0.5667,0.0924,0.1544
-0.9333,0.5667,0.09402,0.167
-0.9,0.5667,0.09568,0.1805
-0.8667,0.5667,0.09739,0.1951
-0.8333,0.5667,0.09915,0.2107
-0.8,0.5667,0.1009,0.2273
-0.7667,0.5667,0.1028,0.2449
-0.7333,0.5667,0.1047,0.2635
-0.7,0.5667,0.1066,0.2828
-0.6667,0.5667,0.1087,0.3029
-0.6333,0.5667,0.1107,0.3232
-0.6,0.5667,0.1128,0.3435
-0.5667,0.5667,0.115,0.3632
-0.5333,0.5667,0.1172,0.3815
-0.5,0.5667,0.1195,0.3974
-0.4667,0.5667,0.1219,0.4095
-0.4333,0.5667,0.1243,0.4161
-0.4,0.5667,0.1268,0.415
-0.3667,0.5667,0.1293,0.404
-0.3333,0.5667,0.132,0.3805
-0.3,0.5667,0.1346,0.3431
-0.2667,0.5667,0.1374,0.2925
-0.2333,0.5667,0.1403,0.2332
-0.2,0.5667,0.1432,0.1736
-0.1667,0.5667,0.1462,0.122
-0.1333,0.5667,0.1492,0.08338
-0.1,0.5667,0.1524,0.05736
-0.06667,0.5667,0.1557,0.04108
-0.03333,0.5667,0.159,0.0313
0,0.5667,0.1624,0.02559
0.03333,0.5667,0.1659,0.02243
0.06667,0.5667,0.1695,0.02088
0.1,0.5667,0.1733,0.02045
0.1333,0.5667,0.1771,0.02082
0.1667,0.5667,0.181,0.02184
0.2,0.5667,0.185,0.02342
0.2333,0.5667,0.1891,0.02552
0.2667,0.5667,0.1933,0.02813
0.3,0.5667,0.1976,0.03125
0.3333,0.5667,0.2021,0.03491
0.3667,0.5667,0.2066,0.03915
0.4,0.5667,0.2113,0.044
0.4333,0.5667,0.2161,0.04951
0.4667,0.5667,0.221,0.05576
0.5,0.5667,0.226,0.0628
0.5333,0.5667,0.2312,0.0707
0.5667,0.5667,0.2364,0.07954
0.6,0.5667,0.2418,0.08939
0.6333,0.5667,0.2474,0.1003
0.6667,0.5667,0.253,0.1124
0.7,0.5667,0.2588,0.1257
0.7333,0.5667,0.2647,0.1403
0.7667,0.5667,0.2708,0.1563
0.8,0.5667,0.2769,0.1736
0.8333,0.5667,0.2833,0.1924
0.8667,0.5667,0.2897,0.2125
0.9,0.5667,0.2963,0.2341
0.9333,0.5667,0.303,0.257
0.9667,0.5667,0.3099,0.2811
1,0.5667,0.3168,0.3065
1.033,0.5667,0.324,0.3328
1.067,0.5667,0.3312,0.3601
1.1,0.5667,0.3386,0.3881
1.133,0.5667,0.3461,0.4167
1.167,0.5667,0.3538,0.4456
1.2,0.5667,0.3616,0.4746
1.233,0.5667,0.3695,0.5035
1.267,0.5667,0.3775,0.5322
1.3,0.5667,0.3856,0.5604
1.333,0.5667,0.3939,0.5879
1.367,0.5667,0.4023,0.6146
1.4,0.5667,0.4107,0.6404
1.433,0.5667,0.4193,0.6651
1.467,0.5667,0.428,0.6887
1.5,0.5667,0.4368,0.7112
1.533,0.5667,0.4457,0.7323
1.567,0.5667,0.4546,0.7523
1.6,0.5667,0.4637,0.771
1.633,0.5667,0.4728,0.7884
1.667,0.5667,0.482,0.8047
1.7,0.5667,0.4912,0.8198
1.733,0.5667,0.5005,0.8337
1.767,0.5667,0.5099,0.8467
1.8,0.5667,0.5192,0.8586
1.833,0.5667,0.5287,0.8696
1.867,0.5667,0.5381,0.8797
1.9,0.5667,0.5476,0.889
1.933,0.5667,0.557,0.8975
1.967,0.5667,0.5665,0.9053
2,0.5667,0.576,0.9125
2.033,0.5667,0.5854,0.9191
2.067,0.5667,0.5949,0.9251
2.1,0.5667,0.6043,0.9306
2.133,0.5667,0.6136,0.9357
2.167,0.5667,0.6229,0.9403
2.2,0.5667,0.6322,0.9446
2.233,0.5667,0.6414,0.9485
2.267,0.5667,0.6505,0.9521
2.3,0.5667,0.6596,0.9553
2.333,0.5667,0.6685,0.9584
2.367,0.5667,0.6774,0.9611
2.4,0.5667,0.6862,0.9637
2.433,0.5667,0.6949,0.966
2.467,0.5667,0.7035,0.9682
2.5,0.5667,0.7119,0.9702
-2.5,0.6,0.04757,0.009677
-2.467,0.6,0.04807,0.01004
-2.433,0.6,0.04857,0.01042
-2.4,0.6,0.04909,0.01083
-2.367,0.6,0.04961,0.01127
-2.333,0.6,0.05015,0.01173
-2.3,0.6,0.0507,0.01223
-2.267,0.6,0.05127,0.01275
-2.233,0.6,0.05184,0.01331
-2.2,0.6,0.05243,0.01391
-2.167,0.6,0.05304,0.01455
-2.133,0.6,0.05366,0.01524
-2.1,0.6,0.05429,0.01597
-2.067,0.6,0.05494,0.01676
-2.033,0.6,0.0556,0.0176
-2,0.6,0.05628,0.01851
-1.967,0.6,0.05697,0.01948
-1.933,0.6,0.05769,0.02052
-1.9,0.6,0.05841,0.02165
-1.867,0.6,0.05916,0.02285
-1.833,0.6,0.05993,0.02416
-1.8,0.6,0.06071,0.02556
-1.767,0.6,0.06151,0.02708
-1.733,0.6,0.06233,0.02871
-1.7,0.6,0.06318,0.03048
-1.667,0.6,0.06404,0.0324
-1.633,0.6,0.06492,0.03447
-1.6,0.6,0.06583,0.03672
-1.567,0.6,0.06676,0.03915
-1.533,0.6,0.06771,0.04179
-1.5,0.6,0.06869,0.04466
-1.467,0.6,0.06969,0.04777
-1.433,0.6,0.07072,0.05115
-1.4,0.6,0.07177,0.05483
-1.367,0.6,0.07285,0.05883
-1.333,0.6,0.07395,0.06319
-1.3,0.6,0.07509,0.06793
-1.267,0.6,0.07625,0.07309
-1.233,0.6,0.07745,0.0787
-1.2,0.6,0.07868,0.08482
-1.167,0.6,0.07993,0.09148
-1.133,0.6,0.08122,0.09872
-1.1,0.6,0.08255,0.1066
-1.067,0.6,0.08391,0.1152
-1.033,0.6,0.0853,0.1245
-1,0.6,0.08673,0.1346
-0.9667,0.6,0.0882,0.1455
-0.9333,0.6,0.08971,0.1573
-0.9,0.6,0.09126,0.1701
-0.8667,0.6,0.09285,0.1838
-0.8333,0.6,0.09448,0.1986
-0.8,0.6,0.09616,0.2143
-0.7667,0.6,0.09788,0.231
-0.7333,0.6,0.09965,0.2486
-0.7,0.6,0.1015,0.2669
-0.6667,0.6,0.1033,0.2859
-0.6333,0.6,0.1052,0.3052
-0.6,0.6,0.1072,0.3243
-0.5667,0.6,0.1092,0.3428
-0.5333,0.6,0.1113,0.3596
-0.5,0.6,0.1134,0.3739
-0.4667,0.6,0.1156,0.384
-0.4333,0.6,0.1179,0.3883
-0.4,0.6,0.1202,0.3844
-0.3667,0.6,0.1225,0.3701
-0.3333,0.6,0.125,0.3433
-0.3,0.6,0.1275,0.3032
-0.2667,0.6,0.1301,0.2519
-0.2333,0.6,0.1327,0.1953
-0.2,0.6,0.1354,0.1415
-0.1667,0.6,0.1382,0.09772
-0.1333,0.6,0.1411,0.06631
-0.1,0.6,0.144,0.04585
-0.06667,0.6,0.147,0.0333
-0.03333,0.6,0.1501,0.02584
0,0.6,0.1533,0.02154
0.03333,0.6,0.1566,0.01921
0.06667,0.6,0.1599,0.01816
0.1,0.6,0.1634,0.01799
0.1333,0.6,0.1669,0.01849
0.1667,0.6,0.1706,0.01953
0.2,0.6,0.1743,0.02105
0.2333,0.6,0.1781,0.02302
0.2667,0.6,0.1821,0.02544
0.3,0.6,0.1861,0.02832
0.3333,0.6,0.1903,0.03169
0.3667,0.6,0.1945,0.03557
0.4,0.6,0.1989,0.04002
0.4333,0.6,0.2033,0.04508
0.4667,0.6,0.2079,0.05082
0.5,0.6,0.2126,0.05729
0.5333,0.6,0.2174,0.06456
0.5667,0.6,0.2224,0.0727
0.6,0.6,0.2274,0.08179
0.6333,0.6,0.2326,0.09191
0.6667,0.6,0.2379,0.1031
0.7,0.6,0.2434,0.1155
0.7333,0.6,0.2489,0.1292
0.7667,0.6,0.2546,0.1441
0.8,0.6,0.2604,0.1604
0.8333,0.6,0.2664,0.1781
0.8667,0.6,0.2725,0.1972
0.9,0.6,0.2787,0.2177
0.9333,0.6,0.285,0.2395
0.9667,0.6,0.2915,0.2627
1,0.6,0.2982,0.2872
1.033,0.6,0.3049,0.3128
1.067,0.6,0.3118,0.3394
1.1,0.6,0.3188,0.3669
1.133,0.6,0.326,0.3951
1.167,0.6,0.3333,0.4237
1.2,0.6,0.3407,0.4527
1.233,0.6,0.3483,0.4817
1.267,0.6,0.3559,0.5106
1.3,0.6,0.3638,0.5391
1.333,0.6,0.3717,0.5672
1.367,0.6,0.3798,0.5945
1.4,0.6,0.3879,0.621
1.433,0.6,0.3962,0.6466
1.467,0.6,0.4046,0.671
1.5,0.6,0.4131,0.6943
1.533,0.6,0.4217,0.7164
1.567,0.6,0.4305,0.7373
1.6,0.6,0.4393,0.7569
1.633,0.6,0.4482,0.7753
1.667,0.6,0.4572,0.7925
1.7,0.6,0.4662,0.8085
1.733,0.6,0.4754,0.8233
1.767,0.6,0.4846,0.837
1.8,0.6,0.4938,0.8497
1.833,0.6,0.5031,0.8614
1.867,0.6,0.5125,0.8721
1.9,0.6,0.5219,0.882
1.933,0.6,0.5313,0.8911
1.967,0.6,0.5408,0.8995
2,0.6,0.5502,0.9072
2.033,0.6,0.5597,0.9142
2.067,0.6,0.5692,0.9206
2.1,0.6,0.5786,0.9265
2.133,0.6,0.5881,0.9319
2.167,0.6,0.5975,0.9369
2.2,0.6,0.6069,0.9414
2.233,0.6,0.6162,0.9456
2.267,0.6,0.6255,0.9494
2.3,0.6,0.6348,0.9529
2.333,0.6,0.644,0.9561
2.367,0.6,0.6531,0.9591
2.4,0.6,0.6621,0.9618
2.433,0.6,0.671,0.9643
2.467,0.6,0.6799,0.9666
2.5,0.6,0.6887,0.9687
-2.5,0.6333,0.04629,0.009418
-2.467,0.6333,0.04675,0.009764
-2.433,0.6333,0.04723,0.01013
-2.4,0.6333,0.04771,0.01052
-2.367,0.6333,0.04821,0.01094
-2.333,0.6333,0.04871,0.01138
-2.3,0.6333,0.04923,0.01185
-2.267,0.6333,0.04976,0.01235
-2.233,0.6333,0.0503,0.01289
-2.2,0.6333,0.05086,0.01346
-2.167,0.6333,0.05143,0.01407
-2.133,0.6333,0.05201,0.01472
-2.1,0.6333,0.0526,0.01541
-2.067,0.6333,0.05321,0.01616
-2.033,0.6333,0.05383,0.01696
-2,0.6333,0.05447,0.01782
-1.967,0.6333,0.05512,0.01874
-1.933,0.6333,0.05579,0.01973
-1.9,0.6333,0.05647,0.02079
-1.867,0.6333,0.05717,0.02193
-1.833,0.6333,0.05789,0.02316
-1.8,0.6333,0.05862,0.02449
-1.767,0.6333,0.05937,0.02592
-1.733,0.6333,0.06014,0.02747
-1.7,0.6333,0.06093,0.02914
-1.667,0.6333,0.06174,0.03094
-1.633,0.6333,0.06257,0.03289
-1.6,0.6333,0.06342,0.035
-1.567,0.6333,0.06428,0.03729
-1.533,0.6333,0.06517,0.03978
-1.5,0.6333,0.06609,0.04247
-1.467,0.6333,0.06702,0.0454
-1.433,0.6333,0.06798,0.04857
-1.4,0.6333,0.06897,0.05203
-1.367,0.6333,0.06997,0.05578
-1.333,0.6333,0.07101,0.05986
-1.3,0.6333,0.07207,0.06431
-1.267,0.6333,0.07315,0.06915
-1.233,0.6333,0.07427,0.07441
-1.2,0.6333,0.07541,0.08015
-1.167,0.6333,0.07659,0.08639
-1.133,0.6333,0.07779,0.09319
-1.1,0.6333,0.07902,0.1006
-1.067,0.6333,0.08029,0.1086
-1.033,0.6333,0.08159,0.1174
-1,0.6333,0.08292,0.1268
-0.9667,0.6333,0.08429,0.1371
-0.9333,0.6333,0.0857,0.1483
-0.9,0.6333,0.08714,0.1603
-0.8667,0.6333,0.08862,0.1732
-0.8333,0.6333,0.09014,0.1871
-0.8,0.6333,0.0917,0.2019
-0.7667,0.6333,0.0933,0.2177
-0.7333,0.6333,0.09495,0.2343
-0.7,0.6333,0.09663,0.2517
-0.6667,0.6333,0.09837,0.2696
-0.6333,0.6333,0.1001,0.2878
-0.6,0.6333,0.102,0.3057
-0.5667,0.6333,0.1039,0.3228
-0.5333,0.6333,0.1058,0.3382
-0.5,0.6333,0.1078,0.3508
-0.4667,0.6333,0.1098,0.3588
-0.4333,0.6333,0.1119,0.3606
-0.4,0.6333,0.114,0.3539
-0.3667,0.6333,0.1162,0.3365
-0.3333,0.6333,0.1185,0.3068
-0.3,0.6333,0.1208,0.2649
-0.2667,0.6333,0.1232,0.2143
-0.2333,0.6333,0.1257,0.1615
-0.2,0.6333,0.1282,0.1144
-0.1667,0.6333,0.1308,0.07783
-0.1333,0.6333,0.1334,0.05269
-0.1,0.6333,0.1362,0.03675
-0.06667,0.6333,0.139,0.02712
-0.03333,0.6333,0.1419,0.02145
0,0.6333,0.1448,0.01823
0.03333,0.6333,0.1479,0.01654
0.06667,0.6333,0.151,0.01586
0.1,0.6333,0.1542,0.01588
0.1333,0.6333,0.1575,0.01646
0.1667,0.6333,0.1609,0.01749
0.2,0.6333,0.1644,0.01894
0.2333,0.6333,0.1679,0.02078
0.2667,0.6333,0.1716,0.02302
0.3,0.6333,0.1754,0.02567
0.3333,0.6333,0.1792,0.02876
0.3667,0.6333,0.1832,0.03232
0.4,0.6333,0.1873,0.0364
0.4333,0.6333,0.1914,0.04104
0.4667,0.6333,0.1957,0.04629
0.5,0.6333,0.2001,0.05223
0.5333,0.6333,0.2046,0.05891
0.5667,0.6333,0.2092,0.0664
0.6,0.6333,0.214,0.07479
0.6333,0.6333,0.2188,0.08413
0.6667,0.6333,0.2238,0.09452
0.7,0.6333,0.2289,0.106
0.7333,0.6333,0.2341,0.1187
0.7667,0.6333,0.2394,0.1327
0.8,0.6333,0.2449,0.1479
0.8333,0.6333,0.2505,0.1646
0.8667,0.6333,0.2562,0.1826
0.9,0.6333,0.2621,0.202
0.9333,0.6333,0.2681,0.2229
0.9667,0.6333,0.2742,0.2451
1,0.6333,0.2805,0.2686
1.033,0.6333,0.2868,0.2934
1.067,0.6333,0.2934,0.3192
1.1,0.6333,0.3,0.3461
1.133,0.6333,0.3068,0.3737
1.167,0.6333,0.3138,0.402
1.2,0.6333,0.3208,0.4308
1.233,0.6333,0.328,0.4598
1.267,0.6333,0.3354,0.4888
1.3,0.6333,0.3428,0.5176
1.333,0.6333,0.3504,0.546
1.367,0.6333,0.3581,0.5739
1.4,0.6333,0.366,0.6011
1.433,0.6333,0.3739,0.6274
1.467,0.6333,0.382,0.6526
1.5,0.6333,0.3902,0.6768
1.533,0.6333,0.3986,0.6999
1.567,0.6333,0.407,0.7217
1.6,0.6333,0.4155,0.7422
1.633,0.6333,0.4242,0.7616
1.667,0.6333,0.4329,0.7796
1.7,0.6333,0.4418,0.7965
1.733,0.6333,0.4507,0.8122
1.767,0.6333,0.4597,0.8267
1.8,0.6333,0.4688,0.8402
1.833,0.6333,0.4779,0.8526
1.867,0.6333,0.4871,0.8641
1.9,0.6333,0.4964,0.8746
1.933,0.6333,0.5057,0.8843
1.967,0.6333,0.5151,0.8932
2,0.6333,0.5245,0.9014
2.033,0.6333,0.5339,0.9089
2.067,0.6333,0.5434,0.9158
2.1,0.6333,0.5529,0.9221
2.133,0.6333,0.5623,0.9279
2.167,0.6333,0.5718,0.9332
2.2,0.6333,0.5813,0.938
2.233,0.6333,0.5907,0.9425
2.267,0.6333,0.6001,0.9465
2.3,0.6333,0.6095,0.9503
2.333,0.6333,0.6188,0.9537
2.367,0.6333,0.6281,0.9569
2.4,0.6333,0.6374,0.9597
2.433,0.6333,0.6465,0.9624
2.467,0.6333,0.6556,0.9648
2.5,0.6333,0.6646,0.9671
-2.5,0.6667,0.04508,0.009169
-2.467,0.6667,0.04552,0.009501
-2.433,0.6667,0.04596,0.009852
-2.4,0.6667,0.04642,0.01023
-2.367,0.6667,0.04688,0.01062
-2.333,0.6667,0.04736,0.01104
-2.3,0.6667,0.04785,0.01149
-2.267,0.6667,0.04835,0.01197
-2.233,0.6667,0.04886,0.01248
-2.2,0.6667,0.04938,0.01302
-2.167,0.6667,0.04991,0.0136
-2.133,0.6667,0.05046,0.01422
-2.1,0.6667,0.05102,0.01488
-2.067,0.6667,0.05159,0.01559
-2.033,0.6667,0.05217,0.01635
-2,0.6667,0.05277,0.01716
-1.967,0.6667,0.05338,0.01804
-1.933,0.6667,0.05401,0.01897
-1.9,0.6667,0.05465,0.01998
-1.867,0.6667,0.05531,0.02106
-1.833,0.6667,0.05598,0.02223
-1.8,0.6667,0.05667,0.02348
-1.767,0.6667,0.05737,0.02483
-1.733,0.6667,0.05809,0.02629
-1.7,0.6667,0.05883,0.02786
-1.667,0.6667,0.05959,0.02956
-1.633,0.6667,0.06036,0.0314
-1.6,0.6667,0.06116,0.03339
-1.567,0.6667,0.06197,0.03555
-1.533,0.6667,0.0628,0.03788
-1.5,0.6667,0.06366,0.04042
-1.467,0.6667,0.06453,0.04316
-1.433,0.6667,0.06543,0.04615
-1.4,0.6667,0.06635,0.04939
-1.367,0.6667,0.06729,0.05292
-1.333,0.6667,0.06826,0.05675
-1.3,0.6667,0.06925,0.06092
-1.267,0.6667,0.07026,0.06545
-1.233,0.6667,0.0713,0.07039
-1.2,0.6667,0.07237,0.07577
-1.167,0.6667,0.07346,0.08162
-1.133,0.6667,0.07459,0.088
-1.1,0.6667,0.07574,0.09493
-1.067,0.6667,0.07692,0.1025
-1.033,0.6667,0.07813,0.1107
-1,0.6667,0.07938,0.1196
-0.9667,0.6667,0.08065,0.1292
-0.9333,0.6667,0.08196,0.1397
-0.9,0.6667,0.0833,0.151
-0.8667,0.6667,0.08468,0.1632
-0.8333,0.6667,0.0861,0.1763
-0.8,0.6667,0.08755,0.1902
-0.7667,0.6667,0.08904,0.2051
-0.7333,0.6667,0.09057,0.2208
-0.7,0.6667,0.09214,0.2372
-0.6667,0.6667,0.09376,0.254
-0.6333,0.6667,0.09541,0.271
-0.6,0.6667,0.09712,0.2878
-0.5667,0.6667,0.09886,0.3035
-0.5333,0.6667,0.1007,0.3174
-0.5,0.6667,0.1025,0.3281
-0.4667,0.6667,0.1044,0.334
-0.4333,0.6667,0.1063,0.3334
-0.4,0.6667,0.1083,0.3238
-0.3667,0.6667,0.1104,0.3035
-0.3333,0.6667,0.1125,0.2715
-0.3,0.6667,0.1146,0.2289
-0.2667,0.6667,0.1169,0.1801
-0.2333,0.6667,0.1191,0.1322
-0.2,0.6667,0.1215,0.0917
-0.1667,0.6667,0.1239,0.06178
-0.1333,0.6667,0.1264,0.0419
-0.1,0.6667,0.1289,0.02957
-0.06667,0.6667,0.1315,0.0222
-0.03333,0.6667,0.1342,0.01791
0,0.6667,0.137,0.01551
0.03333,0.6667,0.1398,0.0143
0.06667,0.6667,0.1427,0.01389
0.1,0.6667,0.1457,0.01406
0.1333,0.6667,0.1488,0.01468
0.1667,0.6667,0.1519,0.01569
0.2,0.6667,0.1551,0.01706
0.2333,0.6667,0.1585,0.01877
0.2667,0.6667,0.1619,0.02084
0.3,0.6667,0.1654,0.02328
0.3333,0.6667,0.169,0.02611
0.3667,0.6667,0.1727,0.02937
0.4,0.6667,0.1764,0.0331
0.4333,0.6667,0.1803,0.03735
0.4667,0.6667,0.1843,0.04216
0.5,0.6667,0.1884,0.0476
0.5333,0.6667,0.1926,0.05373
0.5667,0.6667,0.1969,0.06061
0.6,0.6667,0.2014,0.06833
0.6333,0.6667,0.2059,0.07695
0.6667,0.6667,0.2105,0.08655
0.7,0.6667,0.2153,0.09721
0.7333,0.6667,0.2202,0.109
0.7667,0.6667,0.2252,0.122
0.8,0.6667,0.2303,0.1363
0.8333,0.6667,0.2356,0.1519
0.8667,0.6667,0.241,0.1689
0.9,0.6667,0.2465,0.1872
0.9333,0.6667,0.2521,0.207
0.9667,0.6667,0.2579,0.2282
1,0.6667,0.2638,0.2507
1.033,0.6667,0.2698,0.2746
1.067,0.6667,0.2759,0.2996
1.1,0.6667,0.2822,0.3257
1.133,0.6667,0.2887,0.3528
1.167,0.6667,0.2952,0.3806
1.2,0.6667,0.3019,0.409
1.233,0.6667,0.3088,0.4379
1.267,0.6667,0.3157,0.4669
1.3,0.6667,0.3228,0.4958
1.333,0.6667,0.3301,0.5246
1.367,0.6667,0.3374,0.5529
1.4,0.6667,0.3449,0.5806
1.433,0.6667,0.3526,0.6076
1.467,0.6667,0.3603,0.6336
1.5,0.6667,0.3682,0.6587
1.533,0.6667,0.3762,0.6826
1.567,0.6667,0.3843,0.7053
1.6,0.6667,0.3926,0.7268
1.633,0.6667,0.4009,0.7471
1.667,0.6667,0.4094,0.7661
1.7,0.6667,0.4179,0.7839
1.733,0.6667,0.4266,0.8004
1.767,0.6667,0.4354,0.8158
1.8,0.6667,0.4442,0.8301
1.833,0.6667,0.4532,0.8433
1.867,0.6667,0.4622,0.8555
1.9,0.6667,0.4713,0.8667
1.933,0.6667,0.4805,0.8771
1.967,0.6667,0.4897,0.8866
2,0.6667,0.499,0.8953
2.033,0.6667,0.5084,0.9033
2.067,0.6667,0.5177,0.9107
2.1,0.6667,0.5272,0.9174
2.133,0.6667,0.5366,0.9236
2.167,0.6667,0.5461,0.9292
2.2,0.6667,0.5555,0.9344
2.233,0.6667,0.565,0.9391
2.267,0.6667,0.5745,0.9435
2.3,0.6667,0.5839,0.9475
2.333,0.6667,0.5934,0.9511
2.367,0.6667,0.6028,0.9545
2.4,0.6667,0.6121,0.9576
2.433,0.6667,0.6215,0.9604
2.467,0.6667,0.6307,0.963
2.5,0.6667,0.6399,0.9654
-2.5,0.7,0.04394,0.008932
-2.467,0.7,0.04435,0.009249
-2.433,0.7,0.04477,0.009585
-2.4,0.7,0.0452,0.009941
-2.367,0.7,0.04564,0.01032
-2.333,0.7,0.04609,0.01072
-2.3,0.7,0.04655,0.01115
-2.267,0.7,0.04702,0.01161
-2.233,0.7,0.0475,0.01209
-2.2,0.7,0.04799,0.01261
-2.167,0.7,0.04849,0.01316
-2.133,0.7,0.049,0.01375
-2.1,0.7,0.04953,0.01438
-2.067,0.7,0.05006,0.01505
-2.033,0.7,0.05061,0.01577
-2,0.7,0.05118,0.01655
-1.967,0.7,0.05175,0.01737
-1.933,0.7,0.05234,0.01826
-1.9,0.7,0.05294,0.01921
-1.867,0.7,0.05356,0.02024
-1.833,0.7,0.05419,0.02134
-1.8,0.7,0.05483,0.02252
-1.767,0.7,0.05549,0.0238
-1.733,0.7,0.05617,0.02518
-1.7,0.7,0.05686,0.02666
-1.667,0.7,0.05757,0.02827
-1.633,0.7,0.0583,0.03
-1.6,0.7,0.05904,0.03188
-1.567,0.7,0.0598,0.0339
-1.533,0.7,0.06058,0.0361
-1.5,0.7,0.06138,0.03848
-1.467,0.7,0.0622,0.04107
-1.433,0.7,0.06304,0.04387
-1.4,0.7,0.0639,0.04692
-1.367,0.7,0.06478,0.05023
-1.333,0.7,0.06568,0.05382
-1.3,0.7,0.06661,0.05774
-1.267,0.7,0.06756,0.06199
-1.233,0.7,0.06853,0.06662
-1.2,0.7,0.06953,0.07167
-1.167,0.7,0.07055,0.07715
-1.133,0.7,0.0716,0.08313
-1.1,0.7,0.07267,0.08963
-1.067,0.7,0.07378,0.0967
-1.033,0.7,0.07491,0.1044
-1,0.7,0.07607,0.1128
-0.9667,0.7,0.07726,0.1218
-0.9333,0.7,0.07848,0.1316
-0.9,0.7,0.07973,0.1423
-0.8667,0.7,0.08102,0.1537
-0.8333,0.7,0.08233,0.166
-0.8,0.7,0.08369,0.1792
-0.7667,0.7,0.08508,0.1932
-0.7333,0.7,0.0865,0.2079
-0.7,0.7,0.08797,0.2233
-0.6667,0.7,0.08947,0.2391
-0.6333,0.7,0.09101,0.255
-0.6,0.7,0.09259,0.2704
-0.5667,0.7,0.09422,0.2848
-0.5333,0.7,0.09589,0.297
-0.5,0.7,0.0976,0.3059
-0.4667,0.7,0.09936,0.3097
-0.4333,0.7,0.1012,0.3065
-0.4,0.7,0.103,0.2944
-0.3667,0.7,0.1049,0.2715
-0.3333,0.7,0.1069,0.2378
-0.3,0.7,0.1089,0.1955
-0.2667,0.7,0.111,0.1497
-0.2333,0.7,0.1131,0.1072
-0.2,0.7,0.1153,0.07309
-0.1667,0.7,0.1175,0.04895
-0.1333,0.7,0.1198,0.03338
-0.1,0.7,0.1222,0.02389
-0.06667,0.7,0.1246,0.01828
-0.03333,0.7,0.1271,0.01504
0,0.7,0.1296,0.01327
0.03333,0.7,0.1323,0.01242
0.06667,0.7,0.135,0.01222
0.1,0.7,0.1377,0.01248
0.1333,0.7,0.1406,0.01313
0.1667,0.7,0.1435,0.0141
0.2,0.7,0.1465,0.01538
0.2333,0.7,0.1496,0.01697
0.2667,0.7,0.1528,0.01888
0.3,0.7,0.1561,0.02111
0.3333,0.7,0.1594,0.02371
0.3667,0.7,0.1628,0.02669
0.4,0.7,0.1664,0.0301
0.4333,0.7,0.17,0.03398
0.4667,0.7,0.1737,0.03838
0.5,0.7,0.1775,0.04336
0.5333,0.7,0.1814,0.04898
0.5667,0.7,0.1855,0.05529
0.6,0.7,0.1896,0.06239
0.6333,0.7,0.1938,0.07032
0.6667,0.7,0.1982,0.07918
0.7,0.7,0.2026,0.08904
0.7333,0.7,0.2072,0.09997
0.7667,0.7,0.2119,0.1121
0.8,0.7,0.2167,0.1254
0.8333,0.7,0.2216,0.14
0.8667,0.7,0.2266,0.1559
0.9,0.7,0.2318,0.1732
0.9333,0.7,0.2371,0.1919
0.9667,0.7,0.2425,0.2121
1,0.7,0.248,0.2336
1.033,0.7,0.2537,0.2564
1.067,0.7,0.2595,0.2806
1.1,0.7,0.2654,0.3059
1.133,0.7,0.2715,0.3322
1.167,0.7,0.2777,0.3595
1.2,0.7,0.284,0.3875
1.233,0.7,0.2905,0.4161
1.267,0.7,0.2971,0.4449
1.3,0.7,0.3038,0.474
1.333,0.7,0.3107,0.5029
1.367,0.7,0.3177,0.5316
1.4,0.7,0.3248,0.5598
1.433,0.7,0.3321,0.5873
1.467,0.7,0.3395,0.614
1.5,0.7,0.347,0.6398
1.533,0.7,0.3547,0.6646
1.567,0.7,0.3625,0.6882
1.6,0.7,0.3704,0.7107
1.633,0.7,0.3785,0.7319
1.667,0.7,0.3866,0.7518
1.7,0.7,0.3949,0.7705
1.733,0.7,0.4033,0.788
1.767,0.7,0.4118,0.8043
1.8,0.7,0.4204,0.8194
1.833,0.7,0.4291,0.8334
1.867,0.7,0.4379,0.8464
1.9,0.7,0.4467,0.8583
1.933,0.7,0.4557,0.8693
1.967,0.7,0.4648,0.8795
2,0.7,0.4739,0.8888
2.033,0.7,0.4831,0.8973
2.067,0.7,0.4923,0.9052
2.1,0.7,0.5016,0.9124
2.133,0.7,0.511,0.9189
2.167,0.7,0.5204,0.925
2.2,0.7,0.5298,0.9305
2.233,0.7,0.5392,0.9356
2.267,0.7,0.5487,0.9402
2.3,0.7,0.5582,0.9445
2.333,0.7,0.5676,0.9484
2.367,0.7,0.5771,0.952
2.4,0.7,0.5866,0.9553
2.433,0.7,0.596,0.9583
2.467,0.7,0.6054,0.9611
2.5,0.7,0.6147,0.9636
-2.5,0.7333,0.04286,0.008704
-2.467,0.7333,0.04325,0.009008
-2.433,0.7333,0.04365,0.009329
-2.4,0.7333,0.04405,0.00967
-2.367,0.7333,0.04447,0.01003
-2.333,0.7333,0.04489,0.01042
-2.3,0.7333,0.04532,0.01082
-2.267,0.7333,0.04576,0.01126
-2.233,0.7333,0.04622,0.01172
-2.2,0.7333,0.04668,0.01222
-2.167,0.7333,0.04715,0.01274
-2.133,0.7333,0.04763,0.0133
-2.1,0.7333,0.04813,0.0139
-2.067,0.7333,0.04863,0.01454
-2.033,0.7333,0.04915,0.01522
-2,0.7333,0.04968,0.01596
-1.967,0.7333,0.05022,0.01674
-1.933,0.7333,0.05077,0.01758
-1.9,0.7333,0.05133,0.01849
-1.867,0.7333,0.05191,0.01946
-1.833,0.7333,0.05251,0.0205
-1.8,0.7333,0.05311,0.02162
-1.767,0.7333,0.05373,0.02283
-1.733,0.7333,0.05437,0.02413
-1.7,0.7333,0.05502,0.02553
-1.667,0.7333,0.05568,0.02704
-1.633,0.7333,0.05636,0.02868
-1.6,0.7333,0.05706,0.03045
-1.567,0.7333,0.05777,0.03236
-1.533,0.7333,0.0585,0.03443
-1.5,0.7333,0.05925,0.03667
-1.467,0.7333,0.06002,0.0391
-1.433,0.7333,0.0608,0.04173
-1.4,0.7333,0.06161,0.04459
-1.367,0.7333,0.06243,0.0477
-1.333,0.7333,0.06328,0.05108
-1.3,0.7333,0.06414,0.05475
-1.267,0.7333,0.06503,0.05874
-1.233,0.7333,0.06594,0.06309
-1.2,0.7333,0.06687,0.06782
-1.167,0.7333,0.06783,0.07296
-1.133,0.7333,0.06881,0.07856
-1.1,0.7333,0.06981,0.08466
-1.067,0.7333,0.07084,0.09129
-1.033,0.7333,0.0719,0.0985
-1,0.7333,0.07298,0.1063
-0.9667,0.7333,0.07409,0.1148
-0.9333,0.7333,0.07523,0.1241
-0.9,0.7333,0.0764,0.134
-0.8667,0.7333,0.0776,0.1448
-0.8333,0.7333,0.07882,0.1564
-0.8,0.7333,0.08009,0.1687
-0.7667,0.7333,0.08138,0.1819
-0.7333,0.7333,0.08271,0.1957
-0.7,0.7333,0.08407,0.2101
-0.6667,0.7333,0.08547,0.2248
-0.6333,0.7333,0.08691,0.2396
-0.6,0.7333,0.08838,0.2538
-0.5667,0.7333,0.0899,0.2667
-0.5333,0.7333,0.09145,0.2773
-0.5,0.7333,0.09304,0.2843
-0.4667,0.7333,0.09468,0.2859
-0.4333,0.7333,0.09636,0.2804
-0.4,0.7333,0.09809,0.2657
-0.3667,0.7333,0.09986,0.2408
-0.3333,0.7333,0.1017,0.2063
-0.3,0.7333,0.1036,0.1652
-0.2667,0.7333,0.1055,0.1232
-0.2333,0.7333,0.1074,0.08625
-0.2,0.7333,0.1095,0.05802
-0.1667,0.7333,0.1116,0.03879
-0.1333,0.7333,0.1137,0.02669
-0.1,0.7333,0.1159,0.01941
-0.06667,0.7333,0.1181,0.01515
-0.03333,0.7333,0.1205,0.01271
0,0.7333,0.1228,0.01141
0.03333,0.7333,0.1253,0.01084
0.06667,0.7333,0.1278,0.01078
0.1,0.7333,0.1304,0.01111
0.1333,0.7333,0.133,0.01175
0.1667,0.7333,0.1357,0.01269
0.2,0.7333,0.1385,0.01389
0.2333,0.7333,0.1414,0.01536
0.2667,0.7333,0.1444,0.01711
0.3,0.7333,0.1474,0.01916
0.3333,0.7333,0.1505,0.02153
0.3667,0.7333,0.1537,0.02425
0.4,0.7333,0.157,0.02737
0.4333,0.7333,0.1604,0.03091
0.4667,0.7333,0.1638,0.03493
0.5,0.7333,0.1674,0.03949
0.5333,0.7333,0.171,0.04463
0.5667,0.7333,0.1748,0.05042
0.6,0.7333,0.1786,0.05693
0.6333,0.7333,0.1826,0.06422
0.6667,0.7333,0.1866,0.07238
0.7,0.7333,0.1908,0.08148
0.7333,0.7333,0.195,0.0916
0.7667,0.7333,0.1994,0.1028
0.8,0.7333,0.2039,0.1152
0.8333,0.7333,0.2085,0.1288
0.8667,0.7333,0.2132,0.1437
0.9,0.7333,0.218,0.16
0.9333,0.7333,0.223,0.1777
0.9667,0.7333,0.2281,0.1967
1,0.7333,0.2333,0.2172
1.033,0.7333,0.2386,0.239
1.067,0.7333,0.244,0.2622
1.1,0.7333,0.2496,0.2867
1.133,0.7333,0.2553,0.3122
1.167,0.7333,0.2611,0.3388
1.2,0.7333,0.2671,0.3663
1.233,0.7333,0.2732,0.3944
1.267,0.7333,0.2794,0.4231
1.3,0.7333,0.2858,0.452
1.333,0.7333,0.2923,0.481
1.367,0.7333,0.299,0.5099
1.4,0.7333,0.3057,0.5385
1.433,0.7333,0.3126,0.5665
1.467,0.7333,0.3197,0.5939
1.5,0.7333,0.3269,0.6204
1.533,0.7333,0.3342,0.646
1.567,0.7333,0.3416,0.6705
1.6,0.7333,0.3492,0.6938
1.633,0.7333,0.3569,0.716
1.667,0.7333,0.3647,0.7369
1.7,0.7333,0.3727,0.7565
1.733,0.7333,0.3807,0.7749
1.767,0.7333,0.3889,0.7921
1.8,0.7333,0.3972,0.8081
1.833,0.7333,0.4056,0.823
1.867,0.7333,0.4142,0.8367
1.9,0.7333,0.4228,0.8494
1.933,0.7333,0.4315,0.8611
1.967,0.7333,0.4403,0.8719
2,0.7333,0.4492,0.8818
2.033,0.7333,0.4582,0.8909
2.067,0.7333,0.4673,0.8993
2.1,0.7333,0.4765,0.907
2.133,0.7333,0.4857,0.914
2.167,0.7333,0.4949,0.9205
2.2,0.7333,0.5042,0.9264
2.233,0.7333,0.5136,0.9318
2.267,0.7333,0.523,0.9368
2.3,0.7333,0.5324,0.9413
2.333,0.7333,0.5419,0.9455
2.367,0.7333,0.5514,0.9493
2.4,0.7333,0.5608,0.9528
2.433,0.7333,0.5703,0.956
2.467,0.7333,0.5798,0.959
2.5,0.7333,0.5892,0.9617
-2.5,0.7667,0.04185,0.008487
-2.467,0.7667,0.04222,0.008777
-2.433,0.7667,0.04259,0.009085
-2.4,0.7667,0.04297,0.009411
-2.367,0.7667,0.04336,0.009757
-2.333,0.7667,0.04376,0.01012
-2.3,0.7667,0.04417,0.01051
-2.267,0.7667,0.04458,0.01093
-2.233,0.7667,0.04501,0.01137
-2.2,0.7667,0.04545,0.01184
-2.167,0.7667,0.04589,0.01234
-2.133,0.7667,0.04634,0.01287
-2.1,0.7667,0.04681,0.01344
-2.067,0.7667,0.04728,0.01405
-2.033,0.7667,0.04777,0.0147
-2,0.7667,0.04827,0.0154
-1.967,0.7667,0.04878,0.01614
-1.933,0.7667,0.0493,0.01694
-1.9,0.7667,0.04983,0.0178
-1.867,0.7667,0.05037,0.01872
-1.833,0.7667,0.05093,0.01971
-1.8,0.7667,0.0515,0.02077
-1.767,0.7667,0.05208,0.02191
-1.733,0.7667,0.05267,0.02314
-1.7,0.7667,0.05328,0.02446
-1.667,0.7667,0.05391,0.02589
-1.633,0.7667,0.05455,0.02743
-1.6,0.7667,0.0552,0.0291
-1.567,0.7667,0.05587,0.0309
-1.533,0.7667,0.05655,0.03285
-1.5,0.7667,0.05726,0.03496
-1.467,0.7667,0.05798,0.03724
-1.433,0.7667,0.05871,0.03972
-1.4,0.7667,0.05946,0.04241
-1.367,0.7667,0.06024,0.04533
-1.333,0.7667,0.06103,0.0485
-1.3,0.7667,0.06184,0.05195
-1.267,0.7667,0.06267,0.0557
-1.233,0.7667,0.06352,0.05977
-1.2,0.7667,0.06439,0.0642
-1.167,0.7667,0.06528,0.06903
-1.133,0.7667,0.0662,0.07428
-1.1,0.7667,0.06714,0.08
-1.067,0.7667,0.0681,0.08621
-1.033,0.7667,0.06909,0.09298
-1,0.7667,0.0701,0.1003
-0.9667,0.7667,0.07113,0.1083
-0.9333,0.7667,0.0722,0.1169
-0.9,0.7667,0.07329,0.1263
-0.8667,0.7667,0.07441,0.1364
-0.8333,0.7667,0.07555,0.1472
-0.8,0.7667,0.07673,0.1588
-0.7667,0.7667,0.07794,0.1711
-0.7333,0.7667,0.07918,0.1841
-0.7,0.7667,0.08045,0.1975
-0.6667,0.7667,0.08175,0.2113
-0.6333,0.7667,0.08309,0.2248
-0.6,0.7667,0.08446,0.2378
-0.5667,0.7667,0.08587,0.2493
-0.5333,0.7667,0.08732,0.2582
-0.5,0.7667,0.0888,0.2633
-0.4667,0.7667,0.09033,0.2628
-0.4333,0.7667,0.09189,0.255
-0.4,0.7667,0.0935,0.2381
-0.3667,0.7667,0.09515,0.2117
-0.3333,0.7667,0.09684,0.1771
-0.3,0.7667,0.09858,0.1381
-0.2667,0.7667,0.1004,0.1004
-0.2333,0.7667,0.1022,0.06894
-0.2,0.7667,0.1041,0.04594
-0.1667,0.7667,0.106,0.03077
-0.1333,0.7667,0.108,0.02142
-0.1,0.7667,0.11,0.01586
-0.06667,0.7667,0.1121,0.01262
-0.03333,0.7667,0.1143,0.0108
0,0.7667,0.1165,0.009855
0.03333,0.7667,0.1188,0.009491
0.06667,0.7667,0.1211,0.00954
0.1,0.7667,0.1235,0.009909
0.1333,0.7667,0.126,0.01055
0.1667,0.7667,0.1285,0.01143
0.2,0.7667,0.1311,0.01255
0.2333,0.7667,0.1338,0.0139
0.2667,0.7667,0.1365,0.01551
0.3,0.7667,0.1393,0.01739
0.3333,0.7667,0.1422,0.01955
0.3667,0.7667,0.1452,0.02204
0.4,0.7667,0.1483,0.02488
0.4333,0.7667,0.1514,0.02812
0.4667,0.7667,0.1546,0.03179
0.5,0.7667,0.1579,0.03595
0.5333,0.7667,0.1613,0.04065
0.5667,0.7667,0.1648,0.04595
0.6,0.7667,0.1684,0.05192
0.6333,0.7667,0.1721,0.05862
0.6667,0.7667,0.1758,0.06612
0.7,0.7667,0.1797,0.07451
0.7333,0.7667,0.1837,0.08385
0.7667,0.7667,0.1878,0.09423
0.8,0.7667,0.1919,0.1057
0.8333,0.7667,0.1962,0.1184
0.8667,0.7667,0.2006,0.1323
0.9,0.7667,0.2052,0.1476
0.9333,0.7667,0.2098,0.1642
0.9667,0.7667,0.2145,0.1822
1,0.7667,0.2194,0.2016
1.033,0.7667,0.2244,0.2224
1.067,0.7667,0.2295,0.2446
1.1,0.7667,0.2347,0.2681
1.133,0.7667,0.2401,0.2928
1.167,0.7667,0.2456,0.3186
1.2,0.7667,0.2512,0.3455
1.233,0.7667,0.2569,0.3731
1.267,0.7667,0.2628,0.4014
1.3,0.7667,0.2688,0.4301
1.333,0.7667,0.2749,0.4591
1.367,0.7667,0.2812,0.4881
1.4,0.7667,0.2876,0.517
1.433,0.7667,0.2942,0.5454
1.467,0.7667,0.3008,0.5733
1.5,0.7667,0.3077,0.6005
1.533,0.7667,0.3146,0.6268
1.567,0.7667,0.3217,0.6521
1.6,0.7667,0.3289,0.6763
1.633,0.7667,0.3362,0.6994
1.667,0.7667,0.3437,0.7212
1.7,0.7667,0.3513,0.7418
1.733,0.7667,0.3591,0.7611
1.767,0.7667,0.3669,0.7792
1.8,0.7667,0.3749,0.7961
1.833,0.7667,0.383,0.8118
1.867,0.7667,0.3912,0.8264
1.9,0.7667,0.3996,0.8399
1.933,0.7667,0.408,0.8524
1.967,0.7667,0.4166,0.8638
2,0.7667,0.4252,0.8744
2.033,0.7667,0.434,0.8841
2.067,0.7667,0.4428,0.8931
2.1,0.7667,0.4518,0.9012
2.133,0.7667,0.4608,0.9088
2.167,0.7667,0.4699,0.9157
2.2,0.7667,0.479,0.922
2.233,0.7667,0.4883,0.9278
2.267,0.7667,0.4975,0.9331
2.3,0.7667,0.5069,0.9379
2.333,0.7667,0.5162,0.9424
2.367,0.7667,0.5256,0.9464
2.4,0.7667,0.5351,0.9502
2.433,0.7667,0.5445,0.9536
2.467,0.7667,0.554,0.9568
2.5,0.7667,0.5635,0.9597
-2.5,0.8,0.04089,0.008278
-2.467,0.8,0.04124,0.008556
-2.433,0.8,0.04159,0.008851
-2.4,0.8,0.04195,0.009163
-2.367,0.8,0.04232,0.009494
-2.333,0.8,0.0427,0.009844
-2.3,0.8,0.04308,0.01022
-2.267,0.8,0.04347,0.01061
-2.233,0.8,0.04387,0.01103
-2.2,0.8,0.04428,0.01148
-2.167,0.8,0.0447,0.01196
-2.133,0.8,0.04513,0.01247
-2.1,0.8,0.04557,0.01301
-2.067,0.8,0.04602,0.01359
-2.033,0.8,0.04647,0.01421
-2,0.8,0.04694,0.01487
-1.967,0.8,0.04742,0.01558
-1.933,0.8,0.04791,0.01634
-1.9,0.8,0.04841,0.01715
-1.867,0.8,0.04892,0.01802
-1.833,0.8,0.04944,0.01895
-1.8,0.8,0.04998,0.01996
-1.767,0.8,0.05052,0.02104
-1.733,0.8,0.05108,0.0222
-1.7,0.8,0.05166,0.02345
-1.667,0.8,0.05224,0.0248
-1.633,0.8,0.05284,0.02626
-1.6,0.8,0.05346,0.02783
-1.567,0.8,0.05408,0.02953
-1.533,0.8,0.05473,0.03136
-1.5,0.8,0.05539,0.03335
-1.467,0.8,0.05606,0.0355
-1.433,0.8,0.05675,0.03783
-1.4,0.8,0.05746,0.04036
-1.367,0.8,0.05818,0.0431
-1.333,0.8,0.05892,0.04608
-1.3,0.8,0.05968,0.04932
-1.267,0.8,0.06046,0.05284
-1.233,0.8,0.06125,0.05666
-1.2,0.8,0.06207,0.06082
-1.167,0.8,0.0629,0.06534
-1.133,0.8,0.06376,0.07027
-1.1,0.8,0.06464,0.07563
-1.067,0.8,0.06554,0.08145
-1.033,0.8,0.06646,0.08779
-1,0.8,0.0674,0.09468
-0.9667,0.8,0.06837,0.1022
-0.9333,0.8,0.06937,0.1103
-0.9,0.8,0.07038,0.119
-0.8667,0.8,0.07143,0.1285
-0.8333,0.8,0.0725,0.1386
-0.8,0.8,0.0736,0.1495
-0.7667,0.8,0.07472,0.161
-0.7333,0.8,0.07588,0.1731
-0.7,0.8,0.07706,0.1856
-0.6667,0.8,0.07828,0.1983
-0.6333,0.8,0.07953,0.2108
-0.6,0.8,0.08081,0.2224
-0.5667,0.8,0.08212,0.2325
-0.5333,0.8,0.08347,0.2398
-0.5,0.8,0.08485,0.243
-0.4667,0.8,0.08627,0.2405
-0.4333,0.8,0.08773,0.2305
-0.4,0.8,0.08922,0.2118
-0.3667,0.8,0.09076,0.1845
-0.3333,0.8,0.09234,0.1505
-0.3,0.8,0.09396,0.1144
-0.2667,0.8,0.09562,0.08117
-0.2333,0.8,0.09732,0.05483
-0.2,0.8,0.09908,0.03633
-0.1667,0.8,0.1009,0.02447
-0.1333,0.8,0.1027,0.01728
-0.1,0.8,0.1046,0.01304
-0.06667,0.8,0.1066,0.01059
-0.03333,0.8,0.1086,0.009227
0,0.8,0.1106,0.008555
0.03333,0.8,0.1127,0.008344
0.06667,0.8,0.1149,0.008469
0.1,0.8,0.1171,0.008859
0.1333,0.8,0.1194,0.009478
0.1667,0.8,0.1218,0.01031
0.2,0.8,0.1242,0.01135
0.2333,0.8,0.1267,0.0126
0.2667,0.8,0.1292,0.01407
0.3,0.8,0.1318,0.01578
0.3333,0.8,0.1345,0.01776
0.3667,0.8,0.1373,0.02003
0.4,0.8,0.1401,0.02262
0.4333,0.8,0.1431,0.02557
0.4667,0.8,0.146,0.02892
0.5,0.8,0.1491,0.03272
0.5333,0.8,0.1523,0.03702
0.5667,0.8,0.1555,0.04187
0.6,0.8,0.1589,0.04733
0.6333,0.8,0.1623,0.05347
0.6667,0.8,0.1658,0.06037
0.7,0.8,0.1694,0.06808
0.7333,0.8,0.1731,0.0767
0.7667,0.8,0.1769,0.08629
0.8,0.8,0.1808,0.09693
0.8333,0.8,0.1848,0.1087
0.8667,0.8,0.1889,0.1217
0.9,0.8,0.1931,0.1359
0.9333,0.8,0.1975,0.1515
0.9667,0.8,0.2019,0.1685
1,0.8,0.2064,0.1868
1.033,0.8,0.2111,0.2066
1.067,0.8,0.2159,0.2277
1.1,0.8,0.2208,0.2502
1.133,0.8,0.2258,0.274
1.167,0.8,0.2309,0.299
1.2,0.8,0.2362,0.3251
1.233,0.8,0.2416,0.3522
1.267,0.8,0.2471,0.38
1.3,0.8,0.2528,0.4084
1.333,0.8,0.2586,0.4372
1.367,0.8,0.2645,0.4662
1.4,0.8,0.2705,0.4952
1.433,0.8,0.2767,0.524
1.467,0.8,0.283,0.5523
1.5,0.8,0.2894,0.58
1.533,0.8,0.296,0.607
1.567,0.8,0.3027,0.6331
1.6,0.8,0.3096,0.6581
1.633,0.8,0.3166,0.682
1.667,0.8,0.3237,0.7048
1.7,0.8,0.3309,0.7263
1.733,0.8,0.3383,0.7466
1.767,0.8,0.3458,0.7657
1.8,0.8,0.3535,0.7835
1.833,0.8,0.3613,0.8001
1.867,0.8,0.3691,0.8155
1.9,0.8,0.3772,0.8298
1.933,0.8,0.3853,0.843
1.967,0.8,0.3936,0.8552
2,0.8,0.4019,0.8665
2.033,0.8,0.4104,0.8769
2.067,0.8,0.419,0.8864
2.1,0.8,0.4277,0.8951
2.133,0.8,0.4364,0.9031
2.167,0.8,0.4453,0.9105
2.2,0.8,0.4543,0.9172
2.233,0.8,0.4633,0.9234
2.267,0.8,0.4724,0.9291
2.3,0.8,0.4816,0.9343
2.333,0.8,0.4908,0.939
2.367,0.8,0.5001,0.9434
2.4,0.8,0.5095,0.9474
2.433,0.8,0.5189,0.9511
2.467,0.8,0.5283,0.9544
2.5,0.8,0.5377,0.9575
-2.5,0.8333,0.03999,0.008078
-2.467,0.8333,0.04031,0.008345
-2.433,0.8333,0.04065,0.008627
-2.4,0.8333,0.04099,0.008925
-2.367,0.8333,0.04133,0.009242
-2.333,0.8333,0.04169,0.009578
-2.3,0.8333,0.04205,0.009934
-2.267,0.8333,0.04242,0.01031
-2.233,0.8333,0.0428,0.01071
-2.2,0.8333,0.04319,0.01114
-2.167,0.8333,0.04358,0.0116
-2.133,0.8333,0.04399,0.01208
-2.1,0.8333,0.0444,0.0126
-2.067,0.8333,0.04482,0.01315
-2.033,0.8333,0.04525,0.01374
-2,0.8333,0.04569,0.01437
-1.967,0.8333,0.04614,0.01504
-1.933,0.8333,0.0466,0.01576
-1.9,0.8333,0.04707,0.01653
-1.867,0.8333,0.04756,0.01735
-1.833,0.8333,0.04805,0.01824
-1.8,0.8333,0.04855,0.01919
-1.767,0.8333,0.04907,0.02022
-1.733,0.8333,0.04959,0.02131
-1.7,0.8333,0.05013,0.0225
-1.667,0.8333,0.05068,0.02377
-1.633,0.8333,0.05124,0.02515
-1.6,0.8333,0.05182,0.02663
-1.567,0.8333,0.05241,0.02823
-1.533,0.8333,0.05301,0.02996
-1.5,0.8333,0.05363,0.03183
-1.467,0.8333,0.05426,0.03386
-1.433,0.8333,0.05491,0.03605
-1.4,0.8333,0.05557,0.03843
-1.367,0.8333,0.05625,0.04101
-1.333,0.8333,0.05695,0.04381
-1.3,0.8333,0.05766,0.04685
-1.267,0.8333,0.05839,0.05015
-1.233,0.8333,0.05913,0.05374
-1.2,0.8333,0.05989,0.05764
-1.167,0.8333,0.06068,0.06189
-1.133,0.8333,0.06148,0.0665
-1.1,0.8333,0.0623,0.07153
-1.067,0.8333,0.06314,0.07699
-1.033,0.8333,0.064,0.08293
-1,0.8333,0.06489,0.08938
-0.9667,0.8333,0.06579,0.09639
-0.9333,0.8333,0.06672,0.104
-0.9,0.8333,0.06767,0.1122
-0.8667,0.8333,0.06865,0.1211
-0.8333,0.8333,0.06965,0.1306
-0.8,0.8333,0.07067,0.1407
-0.7667,0.8333,0.07173,0.1515
-0.7333,0.8333,0.0728,0.1627
-0.7,0.8333,0.07391,0.1743
-0.6667,0.8333,0.07504,0.186
-0.6333,0.8333,0.07621,0.1974
-0.6,0.8333,0.0774,0.2078
-0.5667,0.8333,0.07863,0.2164
-0.5333,0.8333,0.07988,0.2221
-0.5,0.8333,0.08117,0.2235
-0.4667,0.8333,0.08249,0.219
-0.4333,0.8333,0.08385,0.2071
-0.4,0.8333,0.08525,0.187
-0.3667,0.8333,0.08668,0.1593
-0.3333,0.8333,0.08814,0.1267
-0.3,0.8333,0.08965,0.09381
-0.2667,0.8333,0.0912,0.06518
-0.2333,0.8333,0.09279,0.04346
-0.2,0.8333,0.09442,0.02875
-0.1667,0.8333,0.09609,0.01953
-0.1333,0.8333,0.09781,0.01401
-0.1,0.8333,0.09957,0.01078
-0.06667,0.8333,0.1014,0.008933
-0.03333,0.8333,0.1032,0.007927
0,0.8333,0.1052,0.00746
0.03333,0.8333,0.1071,0.007362
0.06667,0.8333,0.1091,0.007539
0.1,0.8333,0.1112,0.007938
0.1333,0.8333,0.1133,0.008532
0.1667,0.8333,0.1155,0.00931
0.2,0.8333,0.1178,0.01027
0.2333,0.8333,0.1201,0.01142
0.2667,0.8333,0.1224,0.01277
0.3,0.8333,0.1249,0.01434
0.3333,0.8333,0.1274,0.01614
0.3667,0.8333,0.13,0.01821
0.4,0.8333,0.1326,0.02057
0.4333,0.8333,0.1353,0.02326
0.4667,0.8333,0.1381,0.02631
0.5,0.8333,0.1409,0.02978
0.5333,0.8333,0.1439,0.0337
0.5667,0.8333,0.1469,0.03813
0.6,0.8333,0.15,0.04313
0.6333,0.8333,0.1532,0.04875
0.6667,0.8333,0.1565,0.05508
0.7,0.8333,0.1598,0.06217
0.7333,0.8333,0.1633,0.0701
0.7667,0.8333,0.1668,0.07894
0.8,0.8333,0.1704,0.08879
0.8333,0.8333,0.1742,0.0997
0.8667,0.8333,0.178,0.1118
0.9,0.8333,0.1819,0.1251
0.9333,0.8333,0.186,0.1396
0.9667,0.8333,0.1901,0.1555
1,0.8333,0.1943,0.1728
1.033,0.8333,0.1987,0.1915
1.067,0.8333,0.2032,0.2116
1.1,0.8333,0.2077,0.2331
1.133,0.8333,0.2124,0.2559
1.167,0.8333,0.2172,0.28
1.2,0.8333,0.2222,0.3053
1.233,0.8333,0.2272,0.3316
1.267,0.8333,0.2324,0.3589
1.3,0.8333,0.2377,0.3869
1.333,0.8333,0.2431,0.4154
1.367,0.8333,0.2487,0.4443
1.4,0.8333,0.2544,0.4733
1.433,0.8333,0.2602,0.5023
1.467,0.8333,0.2661,0.5309
1.5,0.8333,0.2722,0.5591
1.533,0.8333,0.2784,0.5867
1.567,0.8333,0.2848,0.6135
1.6,0.8333,0.2913,0.6393
1.633,0.8333,0.2979,0.6641
1.667,0.8333,0.3046,0.6877
1.7,0.8333,0.3115,0.7102
1.733,0.8333,0.3186,0.7314
1.767,0.8333,0.3257,0.7514
1.8,0.8333,0.333,0.7701
1.833,0.8333,0.3404,0.7876
1.867,0.8333,0.348,0.804
1.9,0.8333,0.3556,0.8191
1.933,0.8333,0.3634,0.8331
1.967,0.8333,0.3714,0.8461
2,0.8333,0.3794,0.8581
2.033,0.8333,0.3876,0.8691
2.067,0.8333,0.3959,0.8793
2.1,0.8333,0.4043,0.8886
2.133,0.8333,0.4128,0.8971
2.167,0.8333,0.4214,0.905
2.2,0.8333,0.4301,0.9122
2.233,0.8333,0.4389,0.9188
2.267,0.8333,0.4478,0.9249
2.3,0.8333,0.4568,0.9304
2.333,0.8333,0.4659,0.9355
2.367,0.8333,0.475,0.9401
2.4,0.8333,0.4842,0.9444
2.433,0.8333,0.4934,0.9483
2.467,0.8333,0.5028,0.9519
2.5,0.8333,0.5121,0.9552
-2.5,0.8667,0.03913,0.007887
-2.467,0.8667,0.03944,0.008142
-2.433,0.8667,0.03976,0.008412
-2.4,0.8667,0.04008,0.008698
-2.367,0.8667,0.04041,0.009001
-2.333,0.8667,0.04074,0.009322
-2.3,0.8667,0.04108,0.009663
-2.267,0.8667,0.04143,0.01002
-2.233,0.8667,0.04179,0.01041
-2.2,0.8667,0.04216,0.01082
-2.167,0.8667,0.04253,0.01125
-2.133,0.8667,0.04291,0.01171
-2.1,0.8667,0.0433,0.0122
-2.067,0.8667,0.0437,0.01273
-2.033,0.8667,0.0441,0.01329
-2,0.8667,0.04452,0.01389
-1.967,0.8667,0.04494,0.01453
-1.933,0.8667,0.04538,0.01521
-1.9,0.8667,0.04582,0.01594
-1.867,0.8667,0.04627,0.01673
-1.833,0.8667,0.04673,0.01757
-1.8,0.8667,0.04721,0.01847
-1.767,0.8667,0.04769,0.01944
-1.733,0.8667,0.04819,0.02048
-1.7,0.8667,0.04869,0.0216
-1.667,0.8667,0.04921,0.0228
-1.633,0.8667,0.04974,0.0241
-1.6,0.8667,0.05028,0.0255
-1.567,0.8667,0.05084,0.02701
-1.533,0.8667,0.0514,0.02864
-1.5,0.8667,0.05198,0.03041
-1.467,0.8667,0.05258,0.03232
-1.433,0.8667,0.05319,0.03438
-1.4,0.8667,0.05381,0.03662
-1.367,0.8667,0.05444,0.03904
-1.333,0.8667,0.05509,0.04167
-1.3,0.8667,0.05576,0.04453
-1.267,0.8667,0.05644,0.04763
-1.233,0.8667,0.05714,0.051
-1.2,0.8667,0.05786,0.05466
-1.167,0.8667,0.05859,0.05864
-1.133,0.8667,0.05934,0.06297
-1.1,0.8667,0.06011,0.06768
-1.067,0.8667,0.0609,0.0728
-1.033,0.8667,0.06171,0.07837
-1,0.8667,0.06253,0.08442
-0.9667,0.8667,0.06338,0.09098
-0.9333,0.8667,0.06425,0.09809
-0.9,0.8667,0.06514,0.1058
-0.8667,0.8667,0.06605,0.1141
-0.8333,0.8667,0.06699,0.123
-0.8,0.8667,0.06794,0.1324
-0.7667,0.8667,0.06893,0.1425
-0.7333,0.8667,0.06993,0.1529
-0.7,0.8667,0.07097,0.1636
-0.6667,0.8667,0.07203,0.1743
-0.6333,0.8667,0.07311,0.1846
-0.6,0.8667,0.07423,0.1938
-0.5667,0.8667,0.07537,0.201
-0.5333,0.8667,0.07654,0.2051
-0.5,0.8667,0.07774,0.2047
-0.4667,0.8667,0.07898,0.1984
-0.4333,0.8667,0.08024,0.1849
-0.4,0.8667,0.08154,0.1637
-0.3667,0.8667,0.08287,0.1363
-0.3333,0.8667,0.08424,0.1057
-0.3,0.8667,0.08564,0.07634
-0.2667,0.8667,0.08708,0.05204
-0.2333,0.8667,0.08856,0.03438
-0.2,0.8667,0.09008,0.02278
-0.1667,0.8667,0.09164,0.01566
-0.1333,0.8667,0.09324,0.01143
-0.1,0.8667,0.09488,0.008977
-0.06667,0.8667,0.09657,0.007584
-0.03333,0.8667,0.0983,0.006845
0,0.8667,0.1001,0.006533
0.03333,0.8667,0.1019,0.006517
0.06667,0.8667,0.1038,0.006728
0.1,0.8667,0.1057,0.007126
0.1333,0.8667,0.1077,0.007692
0.1667,0.8667,0.1097,0.008418
0.2,0.8667,0.1118,0.009305
0.2333,0.8667,0.1139,0.01036
0.2667,0.8667,0.1162,0.01159
0.3,0.8667,0.1184,0.01302
0.3333,0.8667,0.1207,0.01467
0.3667,0.8667,0.1231,0.01655
0.4,0.8667,0.1256,0.0187
0.4333,0.8667,0.1281,0.02115
0.4667,0.8667,0.1307,0.02394
0.5,0.8667,0.1333,0.0271
0.5333,0.8667,0.1361,0.03067
0.5667,0.8667,0.1389,0.03472
0.6,0.8667,0.1418,0.03928
0.6333,0.8667,0.1447,0.04443
0.6667,0.8667,0.1478,0.05023
0.7,0.8667,0.1509,0.05673
0.7333,0.8667,0.1541,0.06402
0.7667,0.8667,0.1574,0.07217
0.8,0.8667,0.1608,0.08125
0.8333,0.8667,0.1642,0.09135
0.8667,0.8667,0.1678,0.1025
0.9,0.8667,0.1715,0.1149
0.9333,0.8667,0.1752,0.1285
0.9667,0.8667,0.1791,0.1434
1,0.8667,0.183,0.1596
1.033,0.8667,0.1871,0.1773
1.067,0.8667,0.1913,0.1963
1.1,0.8667,0.1955,0.2167
1.133,0.8667,0.1999,0.2385
1.167,0.8667,0.2044,0.2617
1.2,0.8667,0.209,0.2861
1.233,0.8667,0.2138,0.3117
1.267,0.8667,0.2186,0.3382
1.3,0.8667,0.2236,0.3657
1.333,0.8667,0.2287,0.3938
1.367,0.8667,0.2339,0.4224
1.4,0.8667,0.2392,0.4514
1.433,0.8667,0.2447,0.4804
1.467,0.8667,0.2503,0.5093
1.5,0.8667,0.256,0.5379
1.533,0.8667,0.2619,0.5659
1.567,0.8667,0.2678,0.5933
1.6,0.8667,0.274,0.6199
1.633,0.8667,0.2802,0.6454
1.667,0.8667,0.2866,0.6699
1.7,0.8667,0.2931,0.6933
1.733,0.8667,0.2998,0.7155
1.767,0.8667,0.3066,0.7364
1.8,0.8667,0.3135,0.7561
1.833,0.8667,0.3205,0.7745
1.867,0.8667,0.3277,0.7917
1.9,0.8667,0.3351,0.8078
1.933,0.8667,0.3425,0.8226
1.967,0.8667,0.3501,0.8364
2,0.8667,0.3578,0.8491
2.033,0.8667,0.3657,0.8609
2.067,0.8667,0.3736,0.8717
2.1,0.8667,0.3817,0.8816
2.133,0.8667,0.3899,0.8907
2.167,0.8667,0.3982,0.8991
2.2,0.8667,0.4067,0.9068
2.233,0.8667,0.4152,0.9139
2.267,0.8667,0.4238,0.9203
2.3,0.8667,0.4326,0.9263
2.333,0.8667,0.4414,0.9317
2.367,0.8667,0.4503,0.9367
2.4,0.8667,0.4593,0.9412
2.433,0.8667,0.4684,0.9454
2.467,0.8667,0.4776,0.9492
2.5,0.8667,0.4868,0.9527
-2.5,0.9,0.03832,0.007703
-2.467,0.9,0.03861,0.007948
-2.433,0.9,0.03891,0.008207
-2.4,0.9,0.03922,0.008481
-2.367,0.9,0.03953,0.008771
-2.333,0.9,0.03984,0.009078
-2.3,0.9,0.04017,0.009404
-2.267,0.9,0.0405,0.009749
-2.233,0.9,0.04084,0.01012
-2.2,0.9,0.04118,0.01051
-2.167,0.9,0.04153,0.01092
-2.133,0.9,0.04189,0.01136
-2.1,0.9,0.04226,0.01183
-2.067,0.9,0.04263,0.01233
-2.033,0.9,0.04302,0.01286
-2,0.9,0.04341,0.01343
-1.967,0.9,0.04381,0.01404
-1.933,0.9,0.04422,0.01469
-1.9,0.9,0.04464,0.01538
-1.867,0.9,0.04506,0.01613
-1.833,0.9,0.0455,0.01693
-1.8,0.9,0.04594,0.01778
-1.767,0.9,0.0464,0.0187
-1.733,0.9,0.04687,0.01968
-1.7,0.9,0.04734,0.02074
-1.667,0.9,0.04783,0.02188
-1.633,0.9,0.04833,0.02311
-1.6,0.9,0.04884,0.02443
-1.567,0.9,0.04936,0.02586
-1.533,0.9,0.04989,0.0274
-1.5,0.9,0.05044,0.02906
-1.467,0.9,0.05099,0.03086
-1.433,0.9,0.05156,0.03281
-1.4,0.9,0.05215,0.03491
-1.367,0.9,0.05275,0.03719
-1.333,0.9,0.05336,0.03967
-1.3,0.9,0.05398,0.04235
-1.267,0.9,0.05462,0.04526
-1.233,0.9,0.05528,0.04843
-1.2,0.9,0.05595,0.05186
-1.167,0.9,0.05664,0.0556
-1.133,0.9,0.05734,0.05966
-1.1,0.9,0.05806,0.06408
-1.067,0.9,0.0588,0.06888
-1.033,0.9,0.05956,0.07409
-1,0.9,0.06033,0.07976
-0.9667,0.9,0.06112,0.0859
-0.9333,0.9,0.06194,0.09256
-0.9,0.9,0.06277,0.09975
-0.8667,0.9,0.06362,0.1075
-0.8333,0.9,0.0645,0.1158
-0.8,0.9,0.06539,0.1246
-0.7667,0.9,0.06631,0.134
-0.7333,0.9,0.06725,0.1436
-0.7,0.9,0.06822,0.1535
-0.6667,0.9,0.06921,0.1633
-0.6333,0.9,0.07022,0.1724
-0.6,0.9,0.07126,0.1804
-0.5667,0.9,0.07233,0.1862
-0.5333,0.9,0.07342,0.1888
-0.5,0.9,0.07454,0.1868
-0.4667,0.9,0.07569,0.1788
-0.4333,0.9,0.07687,0.1639
-0.4,0.9,0.07808,0.1422
-0.3667,0.9,0.07933,0.1156
-0.3333,0.9,0.0806,0.08735
-0.3,0.9,0.08191,0.06167
-0.2667,0.9,0.08325,0.04137
-0.2333,0.9,0.08463,0.02718
-0.2,0.9,0.08604,0.0181
-0.1667,0.9,0.08749,0.01261
-0.1333,0.9,0.08898,0.009387
-0.1,0.9,0.09051,0.007521
-0.06667,0.9,0.09208,0.006476
-0.03333,0.9,0.09369,0.005941
0,0.9,0.09535,0.005744
0.03333,0.9,0.09705,0.005788
0.06667,0.9,0.09879,0.00602
0.1,0.9,0.1006,0.00641
0.1333,0.9,0.1024,0.006944
0.1667,0.9,0.1043,0.007619
0.2,0.9,0.1063,0.008437
0.2333,0.9,0.1082,0.009404
0.2667,0.9,0.1103,0.01053
0.3,0.9,0.1124,0.01184
0.3333,0.9,0.1146,0.01334
0.3667,0.9,0.1168,0.01505
0.4,0.9,0.1191,0.01701
0.4333,0.9,0.1214,0.01924
0.4667,0.9,0.1238,0.02178
0.5,0.9,0.1263,0.02465
0.5333,0.9,0.1288,0.02791
0.5667,0.9,0.1314,0.0316
0.6,0.9,0.1341,0.03577
0.6333,0.9,0.1369,0.04048
0.6667,0.9,0.1397,0.04578
0.7,0.9,0.1426,0.05174
0.7333,0.9,0.1456,0.05843
0.7667,0.9,0.1486,0.06593
0.8,0.9,0.1518,0.0743
0.8333,0.9,0.155,0.08362
0.8667,0.9,0.1583,0.09398
0.9,0.9,0.1617,0.1055
0.9333,0.9,0.1652,0.1181
0.9667,0.9,0.1688,0.132
1,0.9,0.1725,0.1472
1.033,0.9,0.1763,0.1638
1.067,0.9,0.1802,0.1818
1.1,0.9,0.1842,0.2012
1.133,0.9,0.1883,0.2219
1.167,0.9,0.1925,0.2441
1.2,0.9,0.1968,0.2675
1.233,0.9,0.2012,0.2922
1.267,0.9,0.2057,0.3181
1.3,0.9,0.2104,0.3449
1.333,0.9,0.2151,0.3725
1.367,0.9,0.22,0.4008
1.4,0.9,0.225,0.4295
1.433,0.9,0.2301,0.4585
1.467,0.9,0.2354,0.4875
1.5,0.9,0.2407,0.5163
1.533,0.9,0.2462,0.5448
1.567,0.9,0.2519,0.5727
1.6,0.9,0.2576,0.5999
1.633,0.9,0.2635,0.6262
1.667,0.9,0.2695,0.6515
1.7,0.9,0.2757,0.6758
1.733,0.9,0.282,0.6988
1.767,0.9,0.2884,0.7207
1.8,0.9,0.295,0.7413
1.833,0.9,0.3017,0.7607
1.867,0.9,0.3085,0.7788
1.9,0.9,0.3154,0.7958
1.933,0.9,0.3225,0.8115
1.967,0.9,0.3298,0.8261
2,0.9,0.3371,0.8396
2.033,0.9,0.3446,0.8521
2.067,0.9,0.3523,0.8636
2.1,0.9,0.36,0.8742
2.133,0.9,0.3679,0.8839
2.167,0.9,0.3759,0.8929
2.2,0.9,0.384,0.9011
2.233,0.9,0.3922,0.9086
2.267,0.9,0.4006,0.9155
2.3,0.9,0.409,0.9218
2.333,0.9,0.4176,0.9276
2.367,0.9,0.4263,0.9329
2.4,0.9,0.435,0.9378
2.433,0.9,0.4439,0.9423
2.467,0.9,0.4528,0.9464
2.5,0.9,0.4619,0.9501
-2.5,0.9333,0.03756,0.007527
-2.467,0.9333,0.03783,0.007762
-2.433,0.9333,0.03812,0.00801
-2.4,0.9333,0.0384,0.008273
-2.367,0.9333,0.0387,0.00855
-2.333,0.9333,0.039,0.008844
-2.3,0.9333,0.0393,0.009156
-2.267,0.9333,0.03962,0.009486
-2.233,0.9333,0.03993,0.009837
-2.2,0.9333,0.04026,0.01021
-2.167,0.9333,0.04059,0.0106
-2.133,0.9333,0.04093,0.01103
-2.1,0.9333,0.04128,0.01147
-2.067,0.9333,0.04163,0.01195
-2.033,0.9333,0.04199,0.01246
-2,0.9333,0.04236,0.013
-1.967,0.9333,0.04274,0.01358
-1.933,0.9333,0.04313,0.0142
-1.9,0.9333,0.04352,0.01486
-1.867,0.9333,0.04392,0.01556
-1.833,0.9333,0.04433,0.01632
-1.8,0.9333,0.04475,0.01713
-1.767,0.9333,0.04518,0.018
-1.733,0.9333,0.04562,0.01893
-1.7,0.9333,0.04607,0.01994
-1.667,0.9333,0.04653,0.02101
-1.633,0.9333,0.047,0.02218
-1.6,0.9333,0.04748,0.02343
-1.567,0.9333,0.04797,0.02477
-1.533,0.9333,0.04847,0.02623
-1.5,0.9333,0.04898,0.02779
-1.467,0.9333,0.04951,0.02949
-1.433,0.9333,0.05004,0.03132
-1.4,0.9333,0.05059,0.03331
-1.367,0.9333,0.05115,0.03545
-1.333,0.9333,0.05173,0.03778
-1.3,0.9333,0.05231,0.0403
-1.267,0.9333,0.05292,0.04304
-1.233,0.9333,0.05353,0.04601
-1.2,0.9333,0.05416,0.04924
-1.167,0.9333,0.05481,0.05274
-1.133,0.9333,0.05547,0.05655
-1.1,0.9333,0.05614,0.06069
-1.067,0.9333,0.05683,0.06519
-1.033,0.9333,0.05754,0.07008
-1,0.9333,0.05827,0.07539
-0.9667,0.9333,0.05901,0.08114
-0.9333,0.9333,0.05977,0.08737
-0.9,0.9333,0.06055,0.0941
-0.8667,0.9333,0.06135,0.1013
-0.8333,0.9333,0.06217,0.1091
-0.8,0.9333,0.06301,0.1173
-0.7667,0.9333,0.06386,0.126
-0.7333,0.9333,0.06475,0.1349
-0.7,0.9333,0.06565,0.1439
-0.6667,0.9333,0.06657,0.1528
-0.6333,0.9333,0.06752,0.1609
-0.6,0.9333,0.06849,0.1677
-0.5667,0.9333,0.06949,0.1722
-0.5333,0.9333,0.07051,0.1733
-0.5,0.9333,0.07156,0.1697
-0.4667,0.9333,0.07263,0.1602
-0.4333,0.9333,0.07373,0.1443
-0.4,0.9333,0.07486,0.1226
-0.3667,0.9333,0.07602,0.09715
-0.3333,0.9333,0.07721,0.07163
-0.3,0.9333,0.07843,0.04951
-0.2667,0.9333,0.07968,0.0328
-0.2333,0.9333,0.08096,0.0215
-0.2,0.9333,0.08228,0.01444
-0.1667,0.9333,0.08363,0.01022
-0.1333,0.9333,0.08502,0.007757
-0.1,0.9333,0.08644,0.006342
-0.06667,0.9333,0.08791,0.005561
-0.03333,0.9333,0.08941,0.005181
0,0.9333,0.09095,0.00507
0.03333,0.9333,0.09253,0.005156
0.06667,0.9333,0.09415,0.005398
0.1,0.9333,0.09582,0.005776
0.1333,0.9333,0.09753,0.006278
0.1667,0.9333,0.09929,0.006904
0.2,0.9333,0.1011,0.007656
0.2333,0.9333,0.1029,0.008542
0.2667,0.9333,0.1049,0.009573
0.3,0.9333,0.1068,0.01076
0.3333,0.9333,0.1088,0.01213
0.3667,0.9333,0.1109,0.01369
0.4,0.9333,0.113,0.01547
0.4333,0.9333,0.1152,0.0175
0.4667,0.9333,0.1174,0.01981
0.5,0.9333,0.1197,0.02243
0.5333,0.9333,0.1221,0.0254
0.5667,0.9333,0.1245,0.02876
0.6,0.9333,0.127,0.03257
0.6333,0.9333,0.1295,0.03687
0.6667,0.9333,0.1322,0.04171
0.7,0.9333,0.1349,0.04717
0.7333,0.9333,0.1376,0.05331
0.7667,0.9333,0.1405,0.06019
0.8,0.9333,0.1434,0.06789
0.8333,0.9333,0.1464,0.07648
0.8667,0.9333,0.1495,0.08606
0.9,0.9333,0.1527,0.09668
0.9333,0.9333,0.1559,0.1084
0.9667,0.9333,0.1593,0.1214
1,0.9333,0.1627,0.1356
1.033,0.9333,0.1662,0.1512
1.067,0.9333,0.1698,0.1681
1.1,0.9333,0.1736,0.1864
1.133,0.9333,0.1774,0.2061
1.167,0.9333,0.1813,0.2272
1.2,0.9333,0.1853,0.2497
1.233,0.9333,0.1894,0.2735
1.267,0.9333,0.1937,0.2985
1.3,0.9333,0.198,0.3245
1.333,0.9333,0.2024,0.3516
1.367,0.9333,0.207,0.3794
1.4,0.9333,0.2117,0.4078
1.433,0.9333,0.2165,0.4366
1.467,0.9333,0.2214,0.4656
1.5,0.9333,0.2264,0.4946
1.533,0.9333,0.2316,0.5233
1.567,0.9333,0.2369,0.5517
1.6,0.9333,0.2423,0.5794
1.633,0.9333,0.2478,0.6064
1.667,0.9333,0.2535,0.6325
1.7,0.9333,0.2593,0.6576
1.733,0.9333,0.2652,0.6815
1.767,0.9333,0.2712,0.7043
1.8,0.9333,0.2774,0.7259
1.833,0.9333,0.2838,0.7462
1.867,0.9333,0.2902,0.7653
1.9,0.9333,0.2968,0.7831
1.933,0.9333,0.3036,0.7997
1.967,0.9333,0.3104,0.8152
2,0.9333,0.3174,0.8295
2.033,0.9333,0.3246,0.8427
2.067,0.9333,0.3318,0.855
2.1,0.9333,0.3392,0.8663
2.133,0.9333,0.3467,0.8766
2.167,0.9333,0.3544,0.8862
2.2,0.9333,0.3622,0.8949
2.233,0.9333,0.3701,0.903
2.267,0.9333,0.3781,0.9103
2.3,0.9333,0.3863,0.9171
2.333,0.9333,0.3946,0.9233
2.367,0.9333,0.4029,0.929
2.4,0.9333,0.4114,0.9342
2.433,0.9333,0.42,0.9389
2.467,0.9333,0.4287,0.9433
2.5,0.9333,0.4375,0.9473
-2.5,0.9667,0.03683,0.007358
-2.467,0.9667,0.0371,0.007583
-2.433,0.9667,0.03736,0.007821
-2.4,0.9667,0.03763,0.008073
-2.367,0.9667,0.03791,0.008339
-2.333,0.9667,0.0382,0.008621
-2.3,0.9667,0.03849,0.008919
-2.267,0.9667,0.03878,0.009235
-2.233,0.9667,0.03908,0.00957
-2.2,0.9667,0.03939,0.009926
-2.167,0.9667,0.0397,0.0103
-2.133,0.9667,0.04003,0.01071
-2.1,0.9667,0.04035,0.01113
-2.067,0.9667,0.04069,0.01159
-2.033,0.9667,0.04103,0.01207
-2,0.9667,0.04138,0.01259
-1.967,0.9667,0.04173,0.01314
-1.933,0.9667,0.0421,0.01372
-1.9,0.9667,0.04247,0.01435
-1.867,0.9667,0.04285,0.01502
-1.833,0.9667,0.04324,0.01574
-1.8,0.9667,0.04363,0.01651
-1.767,0.9667,0.04404,0.01734
-1.733,0.9667,0.04445,0.01822
-1.7,0.9667,0.04487,0.01917
-1.667,0.9667,0.04531,0.02019
-1.633,0.9667,0.04575,0.02129
-1.6,0.9667,0.0462,0.02247
-1.567,0.9667,0.04666,0.02375
-1.533,0.9667,0.04713,0.02512
-1.5,0.9667,0.04761,0.0266
-1.467,0.9667,0.04811,0.0282
-1.433,0.9667,0.04861,0.02992
-1.4,0.9667,0.04913,0.03179
-1.367,0.9667,0.04966,0.03382
-1.333,0.9667,0.0502,0.036
-1.3,0.9667,0.05075,0.03838
-1.267,0.9667,0.05131,0.04095
-1.233,0.9667,0.05189,0.04374
-1.2,0.9667,0.05248,0.04677
-1.167,0.9667,0.05309,0.05006
-1.133,0.9667,0.05371,0.05364
-1.1,0.9667,0.05434,0.05752
-1.067,0.9667,0.05499,0.06174
-1.033,0.9667,0.05565,0.06632
-1,0.9667,0.05633,0.07129
-0.9667,0.9667,0.05703,0.07668
-0.9333,0.9667,0.05774,0.0825
-0.9,0.9667,0.05847,0.08879
-0.8667,0.9667,0.05922,0.09554
-0.8333,0.9667,0.05999,0.1028
-0.8,0.9667,0.06077,0.1104
-0.7667,0.9667,0.06158,0.1184
-0.7333,0.9667,0.0624,0.1266
-0.7,0.9667,0.06324,0.1349
-0.6667,0.9667,0.06411,0.1428
-0.6333,0.9667,0.065,0.15
-0.6,0.9667,0.0659,0.1556
-0.5667,0.9667,0.06684,0.1588
-0.5333,0.9667,0.06779,0.1585
-0.5,0.9667,0.06877,0.1535
-0.4667,0.9667,0.06977,0.1428
-0.4333,0.9667,0.0708,0.1262
-0.4,0.9667,0.07185,0.1048
-0.3667,0.9667,0.07294,0.08099
-0.3333,0.9667,0.07405,0.0583
-0.3,0.9667,0.07518,0.03956
-0.2667,0.9667,0.07635,0.02596
-0.2333,0.9667,0.07755,0.01704
-0.2,0.9667,0.07878,0.01157
-0.1667,0.9667,0.08004,0.008332
-0.1333,0.9667,0.08133,0.006453
-0.1,0.9667,0.08266,0.005382
-0.06667,0.9667,0.08402,0.004802
-0.03333,0.9667,0.08542,0.004539
0,0.9667,0.08685,0.004491
0.03333,0.9667,0.08832,0.004606
0.06667,0.9667,0.08983,0.004851
0.1,0.9667,0.09139,0.005213
0.1333,0.9667,0.09298,0.005683
0.1667,0.9667,0.09462,0.006262
0.2,0.9667,0.09629,0.006953
0.2333,0.9667,0.09802,0.007764
0.2667,0.9667,0.09979,0.008705
0.3,0.9667,0.1016,0.009789
0.3333,0.9667,0.1035,0.01103
0.3667,0.9667,0.1054,0.01245
0.4,0.9667,0.1074,0.01408
0.4333,0.9667,0.1094,0.01592
0.4667,0.9667,0.1115,0.01802
0.5,0.9667,0.1136,0.02041
0.5333,0.9667,0.1158,0.02311
0.5667,0.9667,0.118,0.02617
0.6,0.9667,0.1204,0.02964
0.6333,0.9667,0.1227,0.03357
0.6667,0.9667,0.1252,0.03799
0.7,0.9667,0.1277,0.04299
0.7333,0.9667,0.1303,0.0486
0.7667,0.9667,0.1329,0.05491
0.8,0.9667,0.1356,0.06199
0.8333,0.9667,0.1384,0.0699
0.8667,0.9667,0.1413,0.07873
0.9,0.9667,0.1442,0.08855
0.9333,0.9667,0.1473,0.09945
0.9667,0.9667,0.1504,0.1115
1,0.9667,0.1536,0.1247
1.033,0.9667,0.1569,0.1393
1.067,0.9667,0.1602,0.1552
1.1,0.9667,0.1637,0.1724
1.133,0.9667,0.1672,0.1911
1.167,0.9667,0.1709,0.2111
1.2,0.9667,0.1746,0.2326
1.233,0.9667,0.1785,0.2554
1.267,0.9667,0.1824,0.2795
1.3,0.9667,0.1864,0.3047
1.333,0.9667,0.1906,0.3311
1.367,0.9667,0.1949,0.3583
1.4,0.9667,0.1992,0.3863
1.433,0.9667,0.2037,0.4148
1.467,0.9667,0.2083,0.4436
1.5,0.9667,0.213,0.4727
1.533,0.9667,0.2178,0.5016
1.567,0.9667,0.2228,0.5303
1.6,0.9667,0.2279,0.5585
1.633,0.9667,0.233,0.5861
1.667,0.9667,0.2384,0.6129
1.7,0.9667,0.2438,0.6387
1.733,0.9667,0.2494,0.6635
1.767,0.9667,0.2551,0.6872
1.8,0.9667,0.2609,0.7097
1.833,0.9667,0.2669,0.7309
1.867,0.9667,0.273,0.751
1.9,0.9667,0.2792,0.7697
1.933,0.9667,0.2856,0.7873
1.967,0.9667,0.2921,0.8036
2,0.9667,0.2987,0.8188
2.033,0.9667,0.3055,0.8328
2.067,0.9667,0.3124,0.8458
2.1,0.9667,0.3194,0.8578
2.133,0.9667,0.3266,0.8689
2.167,0.9667,0.3339,0.879
2.2,0.9667,0.3413,0.8884
2.233,0.9667,0.3489,0.897
2.267,0.9667,0.3566,0.9048
2.3,0.9667,0.3644,0.912
2.333,0.9667,0.3723,0.9187
2.367,0.9667,0.3804,0.9247
2.4,0.9667,0.3886,0.9303
2.433,0.9667,0.3969,0.9354
2.467,0.9667,0.4053,0.94
2.5,0.9667,0.4138,0.9443
-2.5,1,0.03615,0.007196
-2.467,1,0.0364,0.007412
-2.433,1,0.03665,0.00764
-2.4,1,0.03691,0.007882
-2.367,1,0.03717,0.008137
-2.333,1,0.03744,0.008407
-2.3,1,0.03771,0.008692
-2.267,1,0.03799,0.008995
-2.233,1,0.03828,0.009315
-2.2,1,0.03857,0.009655
-2.167,1,0.03886,0.01002
-2.133,1,0.03917,0.0104
-2.1,1,0.03948,0.01081
-2.067,1,0.03979,0.01124
-2.033,1,0.04012,0.0117
-2,1,0.04045,0.01219
-1.967,1,0.04078,0.01272
-1.933,1,0.04113,0.01328
-1.9,1,0.04148,0.01387
-1.867,1,0.04183,0.01451
-1.833,1,0.0422,0.0152
-1.8,1,0.04257,0.01593
-1.767,1,0.04296,0.01671
-1.733,1,0.04335,0.01755
-1.7,1,0.04374,0.01845
-1.667,1,0.04415,0.01942
-1.633,1,0.04457,0.02045
-1.6,1,0.04499,0.02157
-1.567,1,0.04543,0.02278
-1.533,1,0.04587,0.02407
-1.5,1,0.04633,0.02547
-1.467,1,0.04679,0.02698
-1.433,1,0.04727,0.02861
-1.4,1,0.04775,0.03037
-1.367,1,0.04825,0.03227
-1.333,1,0.04876,0.03433
-1.3,1,0.04927,0.03657
-1.267,1,0.04981,0.03899
-1.233,1,0.05035,0.04161
-1.2,1,0.0509,0.04446
-1.167,1,0.05147,0.04755
-1.133,1,0.05205,0.0509
-1.1,1,0.05265,0.05454
-1.067,1,0.05326,0.0585
-1.033,1,0.05388,0.06279
-1,1,0.05452,0.06744
-0.9667,1,0.05517,0.07249
-0.9333,1,0.05584,0.07793
-0.9,1,0.05653,0.08381
-0.8667,1,0.05723,0.09011
-0.8333,1,0.05795,0.09682
-0.8,1,0.05868,0.1039
-0.7667,1,0.05943,0.1113
-0.7333,1,0.06021,0.1189
-0.7,1,0.061,0.1264
-0.6667,1,0.06181,0.1334
-0.6333,1,0.06263,0.1396
-0.6,1,0.06348,0.1441
-0.5667,1,0.06436,0.1461
-0.5333,1,0.06525,0.1445
-0.5,1,0.06616,0.1382
-0.4667,1,0.0671,0.1265
-0.4333,1,0.06806,0.1096
-0.4,1,0.06905,0.08883
-0.3667,1,0.07006,0.06699
-0.3333,1,0.07109,0.04714
-0.3,1,0.07215,0.03148
-0.2667,1,0.07324,0.02053
-0.2333,1,0.07436,0.01354
-0.2,1,0.07551,0.009314
-0.1667,1,0.07668,0.006837
-0.1333,1,0.07789,0.005404
-0.1,1,0.07913,0.004594
-0.06667,1,0.08039,0.004169
-0.03333,1,0.0817,0.003993
0,1,0.08303,0.003992
0.03333,1,0.08441,0.004125
0.06667,1,0.08581,0.004369
0.1,1,0.08726,0.004712
0.1333,1,0.08874,0.005151
0.1667,1,0.09027,0.005685
0.2,1,0.09183,0.00632
0.2333,1,0.09343,0.007061
0.2667,1,0.09508,0.00792
0.3,1,0.09677,0.008908
0.3333,1,0.09851,0.01004
0.3667,1,0.1003,0.01133
0.4,1,0.1021,0.01281
0.4333,1,0.104,0.01449
0.4667,1,0.1059,0.0164
0.5,1,0.1079,0.01856
0.5333,1,0.11,0.02103
0.5667,1,0.1121,0.02382
0.6,1,0.1142,0.02698
0.6333,1,0.1164,0.03055
0.6667,1,0.1187,0.0346
0.7,1,0.121,0.03916
0.7333,1,0.1234,0.0443
0.7667,1,0.1259,0.05008
0.8,1,0.1284,0.05657
0.8333,1,0.131,0.06384
0.8667,1,0.1337,0.07197
0.9,1,0.1364,0.08104
0.9333,1,0.1392,0.09111
0.9667,1,0.1421,0.1023
1,1,0.1451,0.1146
1.033,1,0.1481,0.1282
1.067,1,0.1513,0.143
1.1,1,0.1545,0.1593
1.133,1,0.1578,0.1768
1.167,1,0.1612,0.1958
1.2,1,0.1647,0.2163
1.233,1,0.1682,0.238
1.267,1,0.1719,0.2612
1.3,1,0.1757,0.2855
1.333,1,0.1796,0.3111
1.367,1,0.1835,0.3376
1.4,1,0.1876,0.3651
1.433,1,0.1918,0.3932
1.467,1,0.1961,0.4218
1.5,1,0.2005,0.4507
1.533,1,0.205,0.4798
1.567,1,0.2096,0.5087
1.6,1,0.2143,0.5372
1.633,1,0.2192,0.5653
1.667,1,0.2242,0.5927
1.7,1,0.2293,0.6193
1.733,1,0.2345,0.6449
1.767,1,0.2399,0.6694
1.8,1,0.2454,0.6928
1.833,1,0.251,0.715
1.867,1,0.2567,0.736
1.9,1,0.2626,0.7557
1.933,1,0.2686,0.7741
1.967,1,0.2747,0.7914
2,1,0.281,0.8074
2.033,1,0.2874,0.8223
2.067,1,0.2939,0.8361
2.1,1,0.3006,0.8488
2.133,1,0.3074,0.8606
2.167,1,0.3143,0.8714
2.2,1,0.3214,0.8814
2.233,1,0.3286,0.8905
2.267,1,0.3359,0.8989
2.3,1,0.3434,0.9067
2.333,1,0.351,0.9137
2.367,1,0.3588,0.9202
2.4,1,0.3666,0.9261
2.433,1,0.3746,0.9316
2.467,1,0.3827,0.9365
2.5,1,0.3909,0.9411
-2.5,1.033,0.0355,0.00704
-2.467,1.033,0.03573,0.007247
-2.433,1.033,0.03597,0.007467
-2.4,1.033,0.03622,0.007698
-2.367,1.033,0.03647,0.007943
-2.333,1.033,0.03672,0.008201
-2.3,1.033,0.03698,0.008475
-2.267,1.033,0.03724,0.008765
-2.233,1.033,0.03751,0.009071
-2.2,1.033,0.03779,0.009397
-2.167,1.033,0.03807,0.009742
-2.133,1.033,0.03836,0.01011
-2.1,1.033,0.03865,0.0105
-2.067,1.033,0.03895,0.01091
-2.033,1.033,0.03925,0.01135
-2,1.033,0.03957,0.01182
-1.967,1.033,0.03988,0.01232
-1.933,1.033,0.04021,0.01285
-1.9,1.033,0.04054,0.01342
-1.867,1.033,0.04088,0.01403
-1.833,1.033,0.04122,0.01468
-1.8,1.033,0.04158,0.01537
-1.767,1.033,0.04194,0.01611
-1.733,1.033,0.0423,0.01691
-1.7,1.033,0.04268,0.01776
-1.667,1.033,0.04306,0.01868
-1.633,1.033,0.04346,0.01966
-1.6,1.033,0.04386,0.02072
-1.567,1.033,0.04427,0.02186
-1.533,1.033,0.04469,0.02308
-1.5,1.033,0.04511,0.0244
-1.467,1.033,0.04555,0.02583
-1.433,1.033,0.046,0.02737
-1.4,1.033,0.04646,0.02903
-1.367,1.033,0.04692,0.03082
-1.333,1.033,0.0474,0.03276
-1.3,1.033,0.04789,0.03486
-1.267,1.033,0.04839,0.03714
-1.233,1.033,0.0489,0.03961
-1.2,1.033,0.04942,0.04228
-1.167,1.033,0.04996,0.04518
-1.133,1.033,0.0505,0.04833
-1.1,1.033,0.05106,0.05175
-1.067,1.033,0.05163,0.05546
-1.033,1.033,0.05222,0.05948
-1,1.033,0.05282,0.06384
-0.9667,1.033,0.05343,0.06856
-0.9333,1.033,0.05406,0.07365
-0.9,1.033,0.0547,0.07913
-0.8667,1.033,0.05536,0.085
-0.8333,1.033,0.05603,0.09125
-0.8,1.033,0.05672,0.09782
-0.7667,1.033,0.05743,0.1046
-0.7333,1.033,0.05815,0.1115
-0.7,1.033,0.05889,0.1183
-0.6667,1.033,0.05965,0.1245
-0.6333,1.033,0.06043,0.1297
-0.6,1.033,0.06122,0.1332
-0.5667,1.033,0.06204,0.134
-0.5333,1.033,0.06287,0.1312
-0.5,1.033,0.06373,0.1238
-0.4667,1.033,0.0646,0.1114
-0.4333,1.033,0.0655,0.09443
-0.4,1.033,0.06642,0.07473
-0.3667,1.033,0.06737,0.055
-0.3333,1.033,0.06833,0.03791
-0.3,1.033,0.06933,0.02499
-0.2667,1.033,0.07034,0.01625
-0.2333,1.033,0.07139,0.0108
-0.2,1.033,0.07246,0.007544
-0.1667,1.033,0.07355,0.005647
-0.1333,1.033,0.07468,0.004555
-0.1,1.033,0.07583,0.003946
-0.06667,1.033,0.07702,0.003637
-0.03333,1.033,0.07823,0.003527
0,1.033,0.07948,0.00356
0.03333,1.033,0.08076,0.003704
0.06667,1.033,0.08207,0.003942
0.1,1.033,0.08341,0.004266
0.1333,1.033,0.0848,0.004674
0.1667,1.033,0.08621,0.005167
0.2,1.033,0.08767,0.005748
0.2333,1.033,0.08916,0.006426
0.2667,1.033,0.0907,0.007209
0.3,1.033,0.09227,0.008109
0.3333,1.033,0.09389,0.009139
0.3667,1.033,0.09555,0.01032
0.4,1.033,0.09725,0.01166
0.4333,1.033,0.09901,0.01318
0.4667,1.033,0.1008,0.01492
0.5,1.033,0.1026,0.01689
0.5333,1.033,0.1045,0.01913
0.5667,1.033,0.1065,0.02167
0.6,1.033,0.1085,0.02455
0.6333,1.033,0.1105,0.02781
0.6667,1.033,0.1127,0.0315
0.7,1.033,0.1148,0.03566
0.7333,1.033,0.117,0.04036
0.7667,1.033,0.1193,0.04565
0.8,1.033,0.1217,0.0516
0.8333,1.033,0.1241,0.05827
0.8667,1.033,0.1266,0.06575
0.9,1.033,0.1291,0.0741
0.9333,1.033,0.1317,0.0834
0.9667,1.033,0.1344,0.09374
1,1.033,0.1372,0.1052
1.033,1.033,0.14,0.1178
1.067,1.033,0.1429,0.1317
1.1,1.033,0.1459,0.1469
1.133,1.033,0.149,0.1634
1.167,1.033,0.1522,0.1814
1.2,1.033,0.1554,0.2007
1.233,1.033,0.1587,0.2215
1.267,1.033,0.1621,0.2436
1.3,1.033,0.1657,0.267
1.333,1.033,0.1693,0.2917
1.367,1.033,0.173,0.3175
1.4,1.033,0.1768,0.3443
1.433,1.033,0.1807,0.3719
1.467,1.033,0.1847,0.4001
1.5,1.033,0.1888,0.4289
1.533,1.033,0.193,0.4578
1.567,1.033,0.1973,0.4868
1.6,1.033,0.2017,0.5157
1.633,1.033,0.2063,0.5442
1.667,1.033,0.2109,0.5721
1.7,1.033,0.2157,0.5993
1.733,1.033,0.2206,0.6256
1.767,1.033,0.2256,0.651
1.8,1.033,0.2307,0.6752
1.833,1.033,0.236,0.6983
1.867,1.033,0.2414,0.7202
1.9,1.033,0.2469,0.7409
1.933,1.033,0.2526,0.7603
1.967,1.033,0.2583,0.7785
2,1.033,0.2642,0.7954
2.033,1.033,0.2703,0.8112
2.067,1.033,0.2764,0.8258
2.1,1.033,0.2827,0.8393
2.133,1.033,0.2892,0.8518
2.167,1.033,0.2958,0.8633
2.2,1.033,0.3025,0.8739
2.233,1.033,0.3093,0.8837
2.267,1.033,0.3163,0.8927
2.3,1.033,0.3234,0.9009
2.333,1.033,0.3307,0.9084
2.367,1.033,0.338,0.9154
2.4,1.033,0.3455,0.9217
2.433,1.033,0.3532,0.9275
2.467,1.033,0.3609,0.9328
2.5,1.033,0.3688,0.9377
-2.5,1.067,0.03488,0.00689
-2.467,1.067,0.03511,0.00709
-2.433,1.067,0.03533,0.0073
-2.4,1.067,0.03556,0.007522
-2.367,1.067,0.0358,0.007757
-2.333,1.067,0.03604,0.008005
-2.3,1.067,0.03629,0.008267
-2.267,1.067,0.03654,0.008544
-2.233,1.067,0.03679,0.008838
-2.2,1.067,0.03705,0.009149
-2.167,1.067,0.03732,0.009479
-2.133,1.067,0.03759,0.009829
-2.1,1.067,0.03787,0.0102
-2.067,1.067,0.03815,0.0106
-2.033,1.067,0.03844,0.01102
-2,1.067,0.03873,0.01146
-1.967,1.067,0.03903,0.01194
-1.933,1.067,0.03934,0.01245
-1.9,1.067,0.03965,0.01299
-1.867,1.067,0.03997,0.01356
-1.833,1.067,0.0403,0.01418
-1.8,1.067,0.04063,0.01484
-1.767,1.067,0.04097,0.01555
-1.733,1.067,0.04132,0.0163
-1.7,1.067,0.04168,0.01711
-1.667,1.067,0.04204,0.01798
-1.633,1.067,0.04241,0.01891
-1.6,1.067,0.04279,0.01991
-1.567,1.067,0.04317,0.02099
-1.533,1.067,0.04357,0.02215
-1.5,1.067,0.04397,0.0234
-1.467,1.067,0.04438,0.02474
-1.433,1.067,0.04481,0.02619
-1.4,1.067,0.04524,0.02776
-1.367,1.067,0.04568,0.02945
-1.333,1.067,0.04613,0.03128
-1.3,1.067,0.04659,0.03326
-1.267,1.067,0.04706,0.0354
-1.233,1.067,0.04754,0.03772
-1.2,1.067,0.04803,0.04024
-1.167,1.067,0.04853,0.04296
-1.133,1.067,0.04904,0.04592
-1.1,1.067,0.04957,0.04913
-1.067,1.067,0.05011,0.0526
-1.033,1.067,0.05066,0.05637
-1,1.067,0.05122,0.06045
-0.9667,1.067,0.0518,0.06487
-0.9333,1.067,0.05239,0.06963
-0.9,1.067,0.05299,0.07474
-0.8667,1.067,0.05361,0.08021
-0.8333,1.067,0.05424,0.086
-0.8,1.067,0.05488,0.09208
-0.7667,1.067,0.05555,0.09834
-0.7333,1.067,0.05622,0.1046
-0.7,1.067,0.05692,0.1107
-0.6667,1.067,0.05763,0.1161
-0.6333,1.067,0.05836,0.1204
-0.6,1.067,0.0591,0.1228
-0.5667,1.067,0.05986,0.1226
-0.5333,1.067,0.06065,0.1186
-0.5,1.067,0.06145,0.1103
-0.4667,1.067,0.06227,0.09741
-0.4333,1.067,0.06311,0.08078
-0.4,1.067,0.06397,0.06239
-0.3667,1.067,0.06485,0.04485
-0.3333,1.067,0.06576,0.03034
-0.3,1.067,0.06668,0.0198
-0.2667,1.067,0.06764,0.01289
-0.2333,1.067,0.06861,0.008649
-0.2,1.067,0.06961,0.006148
-0.1667,1.067,0.07063,0.004696
-0.1333,1.067,0.07168,0.003865
-0.1,1.067,0.07276,0.003408
-0.06667,1.067,0.07387,0.003188
-0.03333,1.067,0.075,0.003127
0,1.067,0.07616,0.003184
0.03333,1.067,0.07735,0.003334
0.06667,1.067,0.07858,0.003564
0.1,1.067,0.07983,0.003868
0.1333,1.067,0.08112,0.004246
0.1667,1.067,0.08244,0.004699
0.2,1.067,0.0838,0.005232
0.2333,1.067,0.08519,0.005852
0.2667,1.067,0.08662,0.006566
0.3,1.067,0.08809,0.007385
0.3333,1.067,0.08959,0.008322
0.3667,1.067,0.09114,0.009392
0.4,1.067,0.09272,0.01061
0.4333,1.067,0.09435,0.012
0.4667,1.067,0.09602,0.01358
0.5,1.067,0.09774,0.01537
0.5333,1.067,0.0995,0.01741
0.5667,1.067,0.1013,0.01972
0.6,1.067,0.1032,0.02234
0.6333,1.067,0.1051,0.02531
0.6667,1.067,0.107,0.02867
0.7,1.067,0.1091,0.03247
0.7333,1.067,0.1111,0.03675
0.7667,1.067,0.1133,0.04159
0.8,1.067,0.1154,0.04704
0.8333,1.067,0.1177,0.05316
0.8667,1.067,0.12,0.06002
0.9,1.067,0.1224,0.06771
0.9333,1.067,0.1248,0.07628
0.9667,1.067,0.1273,0.08583
1,1.067,0.1299,0.09643
1.033,1.067,0.1325,0.1082
1.067,1.067,0.1352,0.1211
1.1,1.067,0.138,0.1353
1.133,1.067,0.1408,0.1508
1.167,1.067,0.1438,0.1677
1.2,1.067,0.1468,0.186
1.233,1.067,0.1499,0.2057
1.267,1.067,0.1531,0.2267
1.3,1.067,0.1563,0.2492
1.333,1.067,0.1597,0.2729
1.367,1.067,0.1631,0.2979
1.4,1.067,0.1667,0.3239
1.433,1.067,0.1703,0.3509
1.467,1.067,0.174,0.3787
1.5,1.067,0.1778,0.4071
1.533,1.067,0.1818,0.4359
1.567,1.067,0.1858,0.4649
1.6,1.067,0.1899,0.4939
1.633,1.067,0.1942,0.5227
1.667,1.067,0.1985,0.551
1.7,1.067,0.203,0.5788
1.733,1.067,0.2076,0.6058
1.767,1.067,0.2122,0.6319
1.8,1.067,0.2171,0.657
1.833,1.067,0.222,0.681
1.867,1.067,0.227,0.7038
1.9,1.067,0.2322,0.7254
1.933,1.067,0.2375,0.7457
1.967,1.067,0.2429,0.7648
2,1.067,0.2485,0.7827
2.033,1.067,0.2542,0.7994
2.067,1.067,0.26,0.8148
2.1,1.067,0.2659,0.8292
2.133,1.067,0.272,0.8425
2.167,1.067,0.2782,0.8547
2.2,1.067,0.2845,0.866
2.233,1.067,0.291,0.8764
2.267,1.067,0.2976,0.886
2.3,1.067,0.3044,0.8947
2.333,1.067,0.3113,0.9028
2.367,1.067,0.3183,0.9102
2.4,1.067,0.3254,0.917
2.433,1.067,0.3327,0.9232
2.467,1.067,0.3401,0.9288
2.5,1.067,0.3477,0.9341
-2.5,1.1,0.0343,0.006746
-2.467,1.1,0.03451,0.006938
-2.433,1.1,0.03472,0.00714
-2.4,1.1,0.03494,0.007353
-2.367,1.1,0.03517,0.007578
-2.333,1.1,0.0354,0.007816
-2.3,1.1,0.03563,0.008068
-2.267,1.1,0.03587,0.008333
-2.233,1.1,0.03611,0.008615
-2.2,1.1,0.03636,0.008913
-2.167,1.1,0.03661,0.009228
-2.133,1.1,0.03687,0.009563
-2.1,1.1,0.03713,0.009918
-2.067,1.1,0.03739,0.0103
-2.033,1.1,0.03767,0.0107
-2,1.1,0.03795,0.01112
-1.967,1.1,0.03823,0.01158
-1.933,1.1,0.03852,0.01206
-1.9,1.1,0.03882,0.01258
-1.867,1.1,0.03912,0.01313
-1.833,1.1,0.03943,0.01371
-1.8,1.1,0.03974,0.01434
-1.767,1.1,0.04006,0.01501
-1.733,1.1,0.04039,0.01573
-1.7,1.1,0.04073,0.0165
-1.667,1.1,0.04107,0.01732
-1.633,1.1,0.04142,0.0182
-1.6,1.1,0.04178,0.01915
-1.567,1.1,0.04214,0.02017
-1.533,1.1,0.04251,0.02127
-1.5,1.1,0.04289,0.02245
-1.467,1.1,0.04328,0.02372
-1.433,1.1,0.04368,0.02509
-1.4,1.1,0.04409,0.02657
-1.367,1.1,0.0445,0.02816
-1.333,1.1,0.04492,0.02989
-1.3,1.1,0.04536,0.03175
-1.267,1.1,0.0458,0.03377
-1.233,1.1,0.04625,0.03595
-1.2,1.1,0.04672,0.03831
-1.167,1.1,0.04719,0.04088
-1.133,1.1,0.04767,0.04365
-1.1,1.1,0.04817,0.04666
-1.067,1.1,0.04867,0.04992
-1.033,1.1,0.04919,0.05346
-1,1.1,0.04972,0.05728
-0.9667,1.1,0.05026,0.06141
-0.9333,1.1,0.05081,0.06585
-0.9,1.1,0.05138,0.07062
-0.8667,1.1,0.05196,0.07571
-0.8333,1.1,0.05255,0.08108
-0.8,1.1,0.05316,0.08668
-0.7667,1.1,0.05378,0.09241
-0.7333,1.1,0.05442,0.0981
-0.7,1.1,0.05507,0.1035
-0.6667,1.1,0.05573,0.1081
-0.6333,1.1,0.05642,0.1116
-0.6,1.1,0.05712,0.1131
-0.5667,1.1,0.05783,0.1118
-0.5333,1.1,0.05856,0.1068
-0.5,1.1,0.05931,0.09777
-0.4667,1.1,0.06008,0.08466
-0.4333,1.1,0.06087,0.06861
-0.4,1.1,0.06167,0.05171
-0.3667,1.1,0.0625,0.03635
-0.3333,1.1,0.06335,0.0242
-0.3,1.1,0.06421,0.01569
-0.2667,1.1,0.0651,0.01025
-0.2333,1.1,0.06601,0.006966
-0.2,1.1,0.06695,0.005043
-0.1667,1.1,0.06791,0.003931
-0.1333,1.1,0.06889,0.003299
-0.1,1.1,0.06989,0.00296
-0.06667,1.1,0.07092,0.002807
-0.03333,1.1,0.07198,0.002783
0,1.1,0.07307,0.002856
0.03333,1.1,0.07418,0.003007
0.06667,1.1,0.07532,0.003227
0.1,1.1,0.07649,0.003512
0.1333,1.1,0.07769,0.003862
0.1667,1.1,0.07893,0.004278
0.2,1.1,0.08019,0.004766
0.2333,1.1,0.08149,0.005332
0.2667,1.1,0.08282,0.005983
0.3,1.1,0.08418,0.006729
0.3333,1.1,0.08559,0.007582
0.3667,1.1,0.08703,0.008554
0.4,1.1,0.0885,0.009663
0.4333,1.1,0.09002,0.01092
0.4667,1.1,0.09158,0.01236
0.5,1.1,0.09317,0.01399
0.5333,1.1,0.09481,0.01584
0.5667,1.1,0.0965,0.01794
0.6,1.1,0.09823,0.02033
0.6333,1.1,0.1,0.02303
0.6667,1.1,0.1018,0.02609
0.7,1.1,0.1037,0.02955
0.7333,1.1,0.1056,0.03347
0.7667,1.1,0.1076,0.03788
0.8,1.1,0.1096,0.04286
0.8333,1.1,0.1117,0.04847
0.8667,1.1,0.1139,0.05477
0.9,1.1,0.1161,0.06182
0.9333,1.1,0.1183,0.06972
0.9667,1.1,0.1206,0.07853
1,1.1,0.123,0.08833
1.033,1.1,0.1255,0.09919
1.067,1.1,0.128,0.1112
1.1,1.1,0.1306,0.1244
1.133,1.1,0.1332,0.139
1.167,1.1,0.136,0.1548
1.2,1.1,0.1388,0.172
1.233,1.1,0.1416,0.1906
1.267,1.1,0.1446,0.2107
1.3,1.1,0.1476,0.2321
1.333,1.1,0.1508,0.2549
1.367,1.1,0.154,0.2789
1.4,1.1,0.1573,0.3042
1.433,1.1,0.1606,0.3305
1.467,1.1,0.1641,0.3577
1.5,1.1,0.1677,0.3856
1.533,1.1,0.1713,0.4141
1.567,1.1,0.1751,0.443
1.6,1.1,0.1789,0.472
1.633,1.1,0.1829,0.501
1.667,1.1,0.1869,0.5297
1.7,1.1,0.1911,0.5579
1.733,1.1,0.1954,0.5855
1.767,1.1,0.1998,0.6123
1.8,1.1,0.2042,0.6381
1.833,1.1,0.2089,0.663
1.867,1.1,0.2136,0.6867
1.9,1.1,0.2184,0.7092
1.933,1.1,0.2234,0.7305
1.967,1.1,0.2285,0.7505
2,1.1,0.2337,0.7693
2.033,1.1,0.239,0.7869
2.067,1.1,0.2445,0.8032
2.1,1.1,0.2501,0.8184
2.133,1.1,0.2558,0.8325
2.167,1.1,0.2616,0.8455
2.2,1.1,0.2676,0.8576
2.233,1.1,0.2737,0.8686
2.267,1.1,0.28,0.8788
2.3,1.1,0.2863,0.8882
2.333,1.1,0.2929,0.8968
2.367,1.1,0.2995,0.9047
2.4,1.1,0.3063,0.9119
2.433,1.1,0.3132,0.9185
2.467,1.1,0.3203,0.9246
2.5,1.1,0.3274,0.9302
-2.5,1.133,0.03374,0.006608
-2.467,1.133,0.03394,0.006792
-2.433,1.133,0.03415,0.006986
-2.4,1.133,0.03436,0.007191
-2.367,1.133,0.03457,0.007407
-2.333,1.133,0.03479,0.007636
-2.3,1.133,0.03501,0.007877
-2.267,1.133,0.03523,0.008131
-2.233,1.133,0.03546,0.008401
-2.2,1.133,0.0357,0.008686
-2.167,1.133,0.03593,0.008988
-2.133,1.133,0.03618,0.009309
-2.1,1.133,0.03643,0.009648
-2.067,1.133,0.03668,0.01001
-2.033,1.133,0.03694,0.01039
-2,1.133,0.0372,0.0108
-1.967,1.133,0.03747,0.01123
-1.933,1.133,0.03775,0.01169
-1.9,1.133,0.03803,0.01218
-1.867,1.133,0.03831,0.01271
-1.833,1.133,0.0386,0.01327
-1.8,1.133,0.0389,0.01386
-1.767,1.133,0.03921,0.0145
-1.733,1.133,0.03952,0.01518
-1.7,1.133,0.03983,0.01591
-1.667,1.133,0.04016,0.01669
-1.633,1.133,0.04049,0.01753
-1.6,1.133,0.04082,0.01843
-1.567,1.133,0.04117,0.01939
-1.533,1.133,0.04152,0.02043
-1.5,1.133,0.04188,0.02155
-1.467,1.133,0.04224,0.02275
-1.433,1.133,0.04262,0.02404
-1.4,1.133,0.043,0.02544
-1.367,1.133,0.04339,0.02694
-1.333,1.133,0.04379,0.02857
-1.3,1.133,0.0442,0.03033
-1.267,1.133,0.04462,0.03223
-1.233,1.133,0.04505,0.03428
-1.2,1.133,0.04548,0.0365
-1.167,1.133,0.04593,0.03891
-1.133,1.133,0.04638,0.04152
-1.1,1.133,0.04685,0.04435
-1.067,1.133,0.04732,0.04741
-1.033,1.133,0.04781,0.05072
-1,1.133,0.04831,0.0543
-0.9667,1.133,0.04882,0.05816
-0.9333,1.133,0.04934,0.06231
-0.9,1.133,0.04987,0.06676
-0.8667,1.133,0.05041,0.07148
-0.8333,1.133,0.05097,0.07646
-0.8,1.133,0.05154,0.08161
-0.7667,1.133,0.05213,0.08684
-0.7333,1.133,0.05272,0.09196
-0.7,1.133,0.05333,0.09669
-0.6667,1.133,0.05396,0.1006
-0.6333,1.133,0.0546,0.1032
-0.6,1.133,0.05525,0.1038
-0.5667,1.133,0.05592,0.1016
-0.5333,1.133,0.05661,0.09581
-0.5,1.133,0.05731,0.08619
-0.4667,1.133,0.05803,0.07308
-0.4333,1.133,0.05877,0.05784
-0.4,1.133,0.05953,0.04256
-0.3667,1.133,0.0603,0.02931
-0.3333,1.133,0.06109,0.01925
-0.3,1.133,0.0619,0.01243
-0.2667,1.133,0.06274,0.008177
-0.2333,1.133,0.06359,0.005642
-0.2,1.133,0.06446,0.004165
-0.1667,1.133,0.06536,0.003314
-0.1333,1.133,0.06627,0.002834
-0.1,1.133,0.06721,0.002584
-0.06667,1.133,0.06818,0.002482
-0.03333,1.133,0.06917,0.002485
0,1.133,0.07018,0.002568
0.03333,1.133,0.07122,0.002718
0.06667,1.133,0.07228,0.002927
0.1,1.133,0.07338,0.003193
0.1333,1.133,0.0745,0.003516
0.1667,1.133,0.07565,0.003898
0.2,1.133,0.07683,0.004345
0.2333,1.133,0.07804,0.004861
0.2667,1.133,0.07928,0.005455
0.3,1.133,0.08055,0.006134
0.3333,1.133,0.08186,0.00691
0.3667,1.133,0.0832,0.007794
0.4,1.133,0.08457,0.008801
0.4333,1.133,0.08599,0.009948
0.4667,1.133,0.08744,0.01125
0.5,1.133,0.08892,0.01273
0.5333,1.133,0.09045,0.01442
0.5667,1.133,0.09202,0.01633
0.6,1.133,0.09363,0.01849
0.6333,1.133,0.09528,0.02095
0.6667,1.133,0.09698,0.02374
0.7,1.133,0.09872,0.0269
0.7333,1.133,0.1005,0.03046
0.7667,1.133,0.1024,0.0345
0.8,1.133,0.1042,0.03905
0.8333,1.133,0.1062,0.04417
0.8667,1.133,0.1082,0.04994
0.9,1.133,0.1102,0.05642
0.9333,1.133,0.1123,0.06367
0.9667,1.133,0.1145,0.07178
1,1.133,0.1167,0.08083
1.033,1.133,0.119,0.09088
1.067,1.133,0.1213,0.102
1.1,1.133,0.1237,0.1143
1.133,1.133,0.1262,0.1279
1.167,1.133,0.1287,0.1427
1.2,1.133,0.1313,0.1589
1.233,1.133,0.134,0.1764
1.267,1.133,0.1367,0.1954
1.3,1.133,0.1396,0.2158
1.333,1.133,0.1425,0.2375
1.367,1.133,0.1454,0.2606
1.4,1.133,0.1485,0.285
1.433,1.133,0.1516,0.3105
1.467,1.133,0.1549,0.337
1.5,1.133,0.1582,0.3644
1.533,1.133,0.1616,0.3925
1.567,1.133,0.1651,0.4212
1.6,1.133,0.1687,0.4501
1.633,1.133,0.1724,0.4791
1.667,1.133,0.1761,0.508
1.7,1.133,0.18,0.5366
1.733,1.133,0.184,0.5647
1.767,1.133,0.1881,0.5921
1.8,1.133,0.1923,0.6187
1.833,1.133,0.1966,0.6443
1.867,1.133,0.201,0.6689
1.9,1.133,0.2055,0.6923
1.933,1.133,0.2102,0.7145
1.967,1.133,0.2149,0.7355
2,1.133,0.2198,0.7552
2.033,1.133,0.2248,0.7737
2.067,1.133,0.2299,0.791
2.1,1.133,0.2352,0.8071
2.133,1.133,0.2405,0.822
2.167,1.133,0.246,0.8358
2.2,1.133,0.2516,0.8486
2.233,1.133,0.2574,0.8603
2.267,1.133,0.2633,0.8712
2.3,1.133,0.2693,0.8812
2.333,1.133,0.2754,0.8903
2.367,1.133,0.2817,0.8988
2.4,1.133,0.2881,0.9065
2.433,1.133,0.2947,0.9136
2.467,1.133,0.3014,0.9201
2.5,1.133,0.3082,0.926
-2.5,1.167,0.03322,0.006475
-2.467,1.167,0.03341,0.006652
-2.433,1.167,0.0336,0.006839
-2.4,1.167,0.0338,0.007036
-2.367,1.167,0.034,0.007243
-2.333,1.167,0.03421,0.007462
-2.3,1.167,0.03442,0.007693
-2.267,1.167,0.03463,0.007938
-2.233,1.167,0.03485,0.008196
-2.2,1.167,0.03507,0.008469
-2.167,1.167,0.0353,0.008758
-2.133,1.167,0.03553,0.009065
-2.1,1.167,0.03576,0.00939
-2.067,1.167,0.036,0.009734
-2.033,1.167,0.03625,0.0101
-2,1.167,0.0365,0.01049
-1.967,1.167,0.03675,0.0109
-1.933,1.167,0.03701,0.01134
-1.9,1.167,0.03728,0.01181
-1.867,1.167,0.03755,0.01231
-1.833,1.167,0.03782,0.01284
-1.8,1.167,0.03811,0.01341
-1.767,1.167,0.03839,0.01401
-1.733,1.167,0.03869,0.01466
-1.7,1.167,0.03899,0.01535
-1.667,1.167,0.03929,0.0161
-1.633,1.167,0.0396,0.01689
-1.6,1.167,0.03992,0.01774
-1.567,1.167,0.04025,0.01866
-1.533,1.167,0.04058,0.01964
-1.5,1.167,0.04092,0.0207
-1.467,1.167,0.04127,0.02183
-1.433,1.167,0.04162,0.02306
-1.4,1.167,0.04198,0.02437
-1.367,1.167,0.04235,0.0258
-1.333,1.167,0.04273,0.02733
-1.3,1.167,0.04311,0.02899
-1.267,1.167,0.0435,0.03078
-1.233,1.167,0.04391,0.03271
-1.2,1.167,0.04432,0.0348
-1.167,1.167,0.04474,0.03707
-1.133,1.167,0.04517,0.03952
-1.1,1.167,0.0456,0.04217
-1.067,1.167,0.04605,0.04504
-1.033,1.167,0.04651,0.04815
-1,1.167,0.04698,0.0515
-0.9667,1.167,0.04746,0.05511
-0.9333,1.167,0.04795,0.05899
-0.9,1.167,0.04845,0.06313
-0.8667,1.167,0.04896,0.06751
-0.8333,1.167,0.04949,0.07211
-0.8,1.167,0.05002,0.07684
-0.7667,1.167,0.05057,0.08159
-0.7333,1.167,0.05113,0.08617
-0.7,1.167,0.0517,0.09028
-0.6667,1.167,0.05229,0.09352
-0.6333,1.167,0.05289,0.09534
-0.6,1.167,0.05351,0.09506
-0.5667,1.167,0.05414,0.09198
-0.5333,1.167,0.05478,0.08551
-0.5,1.167,0.05544,0.07553
-0.4667,1.167,0.05611,0.06267
-0.4333,1.167,0.05681,0.04843
-0.4,1.167,0.05751,0.03481
-0.3667,1.167,0.05824,0.02352
-0.3333,1.167,0.05898,0.01529
-0.3,1.167,0.05974,0.009873
-0.2667,1.167,0.06052,0.006555
-0.2333,1.167,0.06132,0.004598
-0.2,1.167,0.06214,0.003463
-0.1667,1.167,0.06297,0.002812
-0.1333,1.167,0.06383,0.002449
-0.1,1.167,0.06471,0.002267
-0.06667,1.167,0.06561,0.002203
-0.03333,1.167,0.06653,0.002226
0,1.167,0.06748,0.002315
0.03333,1.167,0.06845,0.002461
0.06667,1.167,0.06945,0.002659
0.1,1.167,0.07047,0.002906
0.1333,1.167,0.07151,0.003204
0.1667,1.167,0.07259,0.003555
0.2,1.167,0.07369,0.003964
0.2333,1.167,0.07482,0.004435
0.2667,1.167,0.07597,0.004976
0.3,1.167,0.07716,0.005594
0.3333,1.167,0.07838,0.0063
0.3667,1.167,0.07963,0.007104
0.4,1.167,0.08091,0.00802
0.4333,1.167,0.08223,0.009061
0.4667,1.167,0.08358,0.01025
0.5,1.167,0.08497,0.01159
0.5333,1.167,0.08639,0.01312
0.5667,1.167,0.08785,0.01486
0.6,1.167,0.08935,0.01683
0.6333,1.167,0.09089,0.01907
0.6667,1.167,0.09247,0.0216
0.7,1.167,0.09409,0.02448
0.7333,1.167,0.09575,0.02773
0.7667,1.167,0.09746,0.03141
0.8,1.167,0.09922,0.03556
0.8333,1.167,0.101,0.04024
0.8667,1.167,0.1029,0.04552
0.9,1.167,0.1048,0.05146
0.9333,1.167,0.1067,0.05812
0.9667,1.167,0.1087,0.06558
1,1.167,0.1108,0.07391
1.033,1.167,0.1129,0.08319
1.067,1.167,0.1151,0.0935
1.1,1.167,0.1173,0.1049
1.133,1.167,0.1196,0.1175
1.167,1.167,0.122,0.1314
1.2,1.167,0.1244,0.1465
1.233,1.167,0.1269,0.163
1.267,1.167,0.1294,0.181
1.3,1.167,0.1321,0.2003
1.333,1.167,0.1348,0.221
1.367,1.167,0.1375,0.2431
1.4,1.167,0.1404,0.2665
1.433,1.167,0.1433,0.2911
1.467,1.167,0.1463,0.3169
1.5,1.167,0.1494,0.3437
1.533,1.167,0.1525,0.3713
1.567,1.167,0.1558,0.3995
1.6,1.167,0.1591,0.4282
1.633,1.167,0.1626,0.4572
1.667,1.167,0.1661,0.4862
1.7,1.167,0.1697,0.515
1.733,1.167,0.1734,0.5435
1.767,1.167,0.1772,0.5715
1.8,1.167,0.1811,0.5987
1.833,1.167,0.1851,0.625
1.867,1.167,0.1893,0.6504
1.9,1.167,0.1935,0.6747
1.933,1.167,0.1978,0.6978
1.967,1.167,0.2023,0.7198
2,1.167,0.2068,0.7404
2.033,1.167,0.2115,0.7599
2.067,1.167,0.2163,0.7781
2.1,1.167,0.2212,0.795
2.133,1.167,0.2262,0.8108
2.167,1.167,0.2314,0.8255
2.2,1.167,0.2366,0.839
2.233,1.167,0.2421,0.8515
2.267,1.167,0.2476,0.8631
2.3,1.167,0.2532,0.8737
2.333,1.167,0.259,0.8835
2.367,1.167,0.265,0.8925
2.4,1.167,0.271,0.9007
2.433,1.167,0.2772,0.9083
2.467,1.167,0.2835,0.9152
2.5,1.167,0.29,0.9216
-2.5,1.2,0.03272,0.006347
-2.467,1.2,0.0329,0.006517
-2.433,1.2,0.03308,0.006697
-2.4,1.2,0.03327,0.006886
-2.367,1.2,0.03346,0.007085
-2.333,1.2,0.03366,0.007296
-2.3,1.2,0.03386,0.007518
-2.267,1.2,0.03406,0.007752
-2.233,1.2,0.03426,0.008
-2.2,1.2,0.03448,0.008261
-2.167,1.2,0.03469,0.008538
-2.133,1.2,0.03491,0.008832
-2.1,1.2,0.03513,0.009143
-2.067,1.2,0.03536,0.009472
-2.033,1.2,0.03559,0.009822
-2,1.2,0.03583,0.01019
-1.967,1.2,0.03607,0.01059
-1.933,1.2,0.03632,0.01101
-1.9,1.2,0.03657,0.01145
-1.867,1.2,0.03682,0.01193
-1.833,1.2,0.03709,0.01244
-1.8,1.2,0.03735,0.01298
-1.767,1.2,0.03762,0.01355
-1.733,1.2,0.0379,0.01417
-1.7,1.2,0.03818,0.01483
-1.667,1.2,0.03847,0.01553
-1.633,1.2,0.03877,0.01629
-1.6,1.2,0.03907,0.01709
-1.567,1.2,0.03938,0.01796
-1.533,1.2,0.03969,0.01889
-1.5,1.2,0.04001,0.01989
-1.467,1.2,0.04034,0.02097
-1.433,1.2,0.04067,0.02212
-1.4,1.2,0.04101,0.02337
-1.367,1.2,0.04136,0.02471
-1.333,1.2,0.04172,0.02616
-1.3,1.2,0.04208,0.02772
-1.267,1.2,0.04245,0.02941
-1.233,1.2,0.04283,0.03123
-1.2,1.2,0.04322,0.0332
-1.167,1.2,0.04362,0.03533
-1.133,1.2,0.04402,0.03764
-1.1,1.2,0.04443,0.04013
-1.067,1.2,0.04486,0.04282
-1.033,1.2,0.04529,0.04573
-1,1.2,0.04573,0.04887
-0.9667,1.2,0.04618,0.05225
-0.9333,1.2,0.04664,0.05586
-0.9,1.2,0.04711,0.05971
-0.8667,1.2,0.04759,0.06378
-0.8333,1.2,0.04809,0.06802
-0.8,1.2,0.04859,0.07235
-0.7667,1.2,0.04911,0.07665
-0.7333,1.2,0.04963,0.0807
-0.7,1.2,0.05017,0.08423
-0.6667,1.2,0.05073,0.0868
-0.6333,1.2,0.05129,0.08788
-0.6,1.2,0.05187,0.08682
-0.5667,1.2,0.05246,0.08299
-0.5333,1.2,0.05306,0.07595
-0.5,1.2,0.05368,0.0658
-0.4667,1.2,0.05432,0.05337
-0.4333,1.2,0.05496,0.04027
-0.4,1.2,0.05563,0.02831
-0.3667,1.2,0.05631,0.01881
-0.3333,1.2,0.057,0.01214
-0.3,1.2,0.05772,0.00786
-0.2667,1.2,0.05844,0.005281
-0.2333,1.2,0.05919,0.003772
-0.2,1.2,0.05996,0.002899
-0.1667,1.2,0.06074,0.002401
-0.1333,1.2,0.06154,0.002128
-0.1,1.2,0.06237,0.001998
-0.06667,1.2,0.06321,0.001963
-0.03333,1.2,0.06407,0.002
0,1.2,0.06496,0.002092
0.03333,1.2,0.06587,0.002233
0.06667,1.2,0.0668,0.002419
0.1,1.2,0.06775,0.002648
0.1333,1.2,0.06873,0.002923
0.1667,1.2,0.06973,0.003245
0.2,1.2,0.07076,0.003619
0.2333,1.2,0.07181,0.004049
0.2667,1.2,0.07289,0.004541
0.3,1.2,0.074,0.005104
0.3333,1.2,0.07514,0.005746
0.3667,1.2,0.0763,0.006478
0.4,1.2,0.0775,0.00731
0.4333,1.2,0.07873,0.008256
0.4667,1.2,0.07999,0.009333
0.5,1.2,0.08128,0.01056
0.5333,1.2,0.0826,0.01195
0.5667,1.2,0.08396,0.01352
0.6,1.2,0.08536,0.01532
0.6333,1.2,0.08679,0.01735
0.6667,1.2,0.08826,0.01966
0.7,1.2,0.08977,0.02227
0.7333,1.2,0.09132,0.02523
0.7667,1.2,0.09292,0.02859
0.8,1.2,0.09455,0.03237
0.8333,1.2,0.09623,0.03665
0.8667,1.2,0.09795,0.04148
0.9,1.2,0.09972,0.04691
0.9333,1.2,0.1015,0.05302
0.9667,1.2,0.1034,0.05986
1,1.2,0.1053,0.06753
1.033,1.2,0.1073,0.07609
1.067,1.2,0.1093,0.08561
1.1,1.2,0.1114,0.09619
1.133,1.2,0.1135,0.1079
1.167,1.2,0.1157,0.1208
1.2,1.2,0.118,0.135
1.233,1.2,0.1203,0.1504
1.267,1.2,0.1226,0.1673
1.3,1.2,0.1251,0.1855
1.333,1.2,0.1276,0.2052
1.367,1.2,0.1302,0.2263
1.4,1.2,0.1328,0.2487
1.433,1.2,0.1355,0.2724
1.467,1.2,0.1383,0.2973
1.5,1.2,0.1412,0.3234
1.533,1.2,0.1441,0.3503
1.567,1.2,0.1471,0.3781
1.6,1.2,0.1503,0.4065
1.633,1.2,0.1534,0.4353
1.667,1.2,0.1567,0.4643
1.7,1.2,0.1601,0.4933
1.733,1.2,0.1635,0.522
1.767,1.2,0.1671,0.5504
1.8,1.2,0.1707,0.5782
1.833,1.2,0.1745,0.6052
1.867,1.2,0.1783,0.6313
1.9,1.2,0.1822,0.6565
1.933,1.2,0.1863,0.6805
1.967,1.2,0.1904,0.7033
2,1.2,0.1947,0.7249
2.033,1.2,0.199,0.7453
2.067,1.2,0.2035,0.7644
2.1,1.2,0.2081,0.7823
2.133,1.2,0.2128,0.799
2.167,1.2,0.2176,0.8145
2.2,1.2,0.2226,0.8289
2.233,1.2,0.2276,0.8422
2.267,1.2,0.2328,0.8544
2.3,1.2,0.2381,0.8658
2.333,1.2,0.2436,0.8762
2.367,1.2,0.2492,0.8858
2.4,1.2,0.2548,0.8945
2.433,1.2,0.2607,0.9026
2.467,1.2,0.2666,0.91
2.5,1.2,0.2727,0.9168
-2.5,1.233,0.03224,0.006224
-2.467,1.233,0.03241,0.006388
-2.433,1.233,0.03259,0.00656
-2.4,1.233,0.03277,0.006742
-2.367,1.233,0.03295,0.006934
-2.333,1.233,0.03314,0.007136
-2.3,1.233,0.03332,0.007349
-2.267,1.233,0.03352,0.007574
-2.233,1.233,0.03371,0.007811
-2.2,1.233,0.03391,0.008062
-2.167,1.233,0.03412,0.008328
-2.133,1.233,0.03432,0.008609
-2.1,1.233,0.03454,0.008906
-2.067,1.233,0.03475,0.009222
-2.033,1.233,0.03497,0.009556
-2,1.233,0.0352,0.009911
-1.967,1.233,0.03542,0.01029
-1.933,1.233,0.03566,0.01069
-1.9,1.233,0.0359,0.01111
-1.867,1.233,0.03614,0.01157
-1.833,1.233,0.03639,0.01205
-1.8,1.233,0.03664,0.01256
-1.767,1.233,0.0369,0.01311
-1.733,1.233,0.03716,0.0137
-1.7,1.233,0.03743,0.01433
-1.667,1.233,0.0377,0.015
-1.633,1.233,0.03798,0.01571
-1.6,1.233,0.03827,0.01648
-1.567,1.233,0.03856,0.0173
-1.533,1.233,0.03885,0.01818
-1.5,1.233,0.03916,0.01913
-1.467,1.233,0.03947,0.02015
-1.433,1.233,0.03978,0.02124
-1.4,1.233,0.0401,0.02242
-1.367,1.233,0.04043,0.02369
-1.333,1.233,0.04077,0.02505
-1.3,1.233,0.04111,0.02653
-1.267,1.233,0.04146,0.02812
-1.233,1.233,0.04182,0.02984
-1.2,1.233,0.04219,0.03169
-1.167,1.233,0.04256,0.0337
-1.133,1.233,0.04294,0.03587
-1.1,1.233,0.04333,0.03821
-1.067,1.233,0.04373,0.04074
-1.033,1.233,0.04414,0.04346
-1,1.233,0.04455,0.0464
-0.9667,1.233,0.04498,0.04956
-0.9333,1.233,0.04541,0.05293
-0.9,1.233,0.04585,0.05651
-0.8667,1.233,0.04631,0.06028
-0.8333,1.233,0.04677,0.06418
-0.8,1.233,0.04725,0.06813
-0.7667,1.233,0.04773,0.07199
-0.7333,1.233,0.04823,0.07555
-0.7,1.233,0.04873,0.07851
-0.6667,1.233,0.04925,0.08045
-0.6333,1.233,0.04978,0.08083
-0.6,1.233,0.05033,0.07906
-0.5667,1.233,0.05088,0.07458
-0.5333,1.233,0.05145,0.06712
-0.5,1.233,0.05203,0.05697
-0.4667,1.233,0.05263,0.04515
-0.4333,1.233,0.05323,0.03327
-0.4,1.233,0.05386,0.02291
-0.3667,1.233,0.0545,0.01501
-0.3333,1.233,0.05515,0.00964
-0.3,1.233,0.05582,0.006279
-0.2667,1.233,0.0565,0.004279
-0.2333,1.233,0.0572,0.003115
-0.2,1.233,0.05792,0.002444
-0.1667,1.233,0.05865,0.002064
-0.1333,1.233,0.0594,0.001859
-0.1,1.233,0.06018,0.001769
-0.06667,1.233,0.06096,0.001756
-0.03333,1.233,0.06177,0.001802
0,1.233,0.0626,0.001895
0.03333,1.233,0.06345,0.00203
0.06667,1.233,0.06432,0.002204
0.1,1.233,0.06521,0.002416
0.1333,1.233,0.06613,0.002669
0.1667,1.233,0.06706,0.002964
0.2,1.233,0.06802,0.003306
0.2333,1.233,0.06901,0.003698
0.2667,1.233,0.07002,0.004147
0.3,1.233,0.07105,0.00466
0.3333,1.233,0.07211,0.005244
0.3667,1.233,0.0732,0.005909
0.4,1.233,0.07432,0.006665
0.4333,1.233,0.07546,0.007525
0.4667,1.233,0.07664,0.008503
0.5,1.233,0.07784,0.009614
0.5333,1.233,0.07908,0.01088
0.5667,1.233,0.08034,0.01231
0.6,1.233,0.08165,0.01394
0.6333,1.233,0.08298,0.01579
0.6667,1.233,0.08435,0.01789
0.7,1.233,0.08576,0.02027
0.7333,1.233,0.0872,0.02296
0.7667,1.233,0.08868,0.02601
0.8,1.233,0.0902,0.02947
0.8333,1.233,0.09177,0.03337
0.8667,1.233,0.09337,0.03778
0.9,1.233,0.09502,0.04275
0.9333,1.233,0.09671,0.04834
0.9667,1.233,0.09844,0.05462
1,1.233,0.1002,0.06166
1.033,1.233,0.1021,0.06954
1.067,1.233,0.1039,0.07832
1.1,1.233,0.1059,0.0881
1.133,1.233,0.1078,0.09894
1.167,1.233,0.1099,0.1109
1.2,1.233,0.112,0.1241
1.233,1.233,0.1141,0.1386
1.267,1.233,0.1163,0.1544
1.3,1.233,0.1186,0.1716
1.333,1.233,0.1209,0.1902
1.367,1.233,0.1233,0.2102
1.4,1.233,0.1258,0.2316
1.433,1.233,0.1283,0.2544
1.467,1.233,0.1309,0.2784
1.5,1.233,0.1336,0.3036
1.533,1.233,0.1363,0.3299
1.567,1.233,0.1391,0.3571
1.6,1.233,0.142,0.385
1.633,1.233,0.145,0.4135
1.667,1.233,0.148,0.4424
1.7,1.233,0.1511,0.4714
1.733,1.233,0.1544,0.5003
1.767,1.233,0.1577,0.529
1.8,1.233,0.161,0.5573
1.833,1.233,0.1645,0.5849
1.867,1.233,0.1681,0.6117
1.9,1.233,0.1718,0.6376
1.933,1.233,0.1755,0.6624
1.967,1.233,0.1794,0.6862
2,1.233,0.1834,0.7087
2.033,1.233,0.1874,0.73
2.067,1.233,0.1916,0.7501
2.1,1.233,0.1959,0.7689
2.133,1.233,0.2003,0.7865
2.167,1.233,0.2048,0.8029
2.2,1.233,0.2094,0.8181
2.233,1.233,0.2142,0.8322
2.267,1.233,0.219,0.8453
2.3,1.233,0.224,0.8573
2.333,1.233,0.2291,0.8684
2.367,1.233,0.2343,0.8786
2.4,1.233,0.2397,0.888
2.433,1.233,0.2451,0.8966
2.467,1.233,0.2507,0.9045
2.5,1.233,0.2565,0.9117
-2.5,1.267,0.03179,0.006105
-2.467,1.267,0.03196,0.006263
-2.433,1.267,0.03212,0.006429
-2.4,1.267,0.03229,0.006604
-2.367,1.267,0.03246,0.006788
-2.333,1.267,0.03264,0.006982
-2.3,1.267,0.03282,0.007187
-2.267,1.267,0.033,0.007403
-2.233,1.267,0.03319,0.007631
-2.2,1.267,0.03338,0.007871
-2.167,1.267,0.03357,0.008126
-2.133,1.267,0.03377,0.008395
-2.1,1.267,0.03397,0.00868
-2.067,1.267,0.03417,0.008982
-2.033,1.267,0.03438,0.009302
-2,1.267,0.0346,0.009641
-1.967,1.267,0.03481,0.01
-1.933,1.267,0.03503,0.01038
-1.9,1.267,0.03526,0.01079
-1.867,1.267,0.03549,0.01122
-1.833,1.267,0.03572,0.01168
-1.8,1.267,0.03596,0.01217
-1.767,1.267,0.03621,0.0127
-1.733,1.267,0.03646,0.01325
-1.7,1.267,0.03671,0.01385
-1.667,1.267,0.03697,0.01449
-1.633,1.267,0.03723,0.01517
-1.6,1.267,0.0375,0.01589
-1.567,1.267,0.03778,0.01667
-1.533,1.267,0.03806,0.01751
-1.5,1.267,0.03835,0.01841
-1.467,1.267,0.03864,0.01937
-1.433,1.267,0.03894,0.02041
-1.4,1.267,0.03924,0.02152
-1.367,1.267,0.03955,0.02272
-1.333,1.267,0.03987,0.02401
-1.3,1.267,0.04019,0.0254
-1.267,1.267,0.04053,0.0269
-1.233,1.267,0.04086,0.02852
-1.2,1.267,0.04121,0.03027
-1.167,1.267,0.04156,0.03216
-1.133,1.267,0.04192,0.0342
-1.1,1.267,0.04229,0.0364
-1.067,1.267,0.04267,0.03877
-1.033,1.267,0.04305,0.04133
-1,1.267,0.04344,0.04408
-0.9667,1.267,0.04384,0.04703
-0.9333,1.267,0.04425,0.05017
-0.9,1.267,0.04467,0.0535
-0.8667,1.267,0.0451,0.05698
-0.8333,1.267,0.04553,0.06056
-0.8,1.267,0.04598,0.06415
-0.7667,1.267,0.04644,0.0676
-0.7333,1.267,0.0469,0.07069
-0.7,1.267,0.04738,0.07312
-0.6667,1.267,0.04787,0.07445
-0.6333,1.267,0.04837,0.07419
-0.6,1.267,0.04888,0.07176
-0.5667,1.267,0.0494,0.06673
-0.5333,1.267,0.04993,0.05899
-0.5,1.267,0.05048,0.04901
-0.4667,1.267,0.05104,0.03794
-0.4333,1.267,0.05161,0.02731
-0.4,1.267,0.0522,0.01845
-0.3667,1.267,0.0528,0.01196
-0.3333,1.267,0.05341,0.007668
-0.3,1.267,0.05403,0.005038
-0.2667,1.267,0.05468,0.003489
-0.2333,1.267,0.05533,0.002591
-0.2,1.267,0.05601,0.002075
-0.1667,1.267,0.05669,0.001784
-0.1333,1.267,0.0574,0.001633
-0.1,1.267,0.05812,0.001572
-0.06667,1.267,0.05886,0.001575
-0.03333,1.267,0.05962,0.001627
0,1.267,0.06039,0.00172
0.03333,1.267,0.06119,0.001848
0.06667,1.267,0.062,0.00201
0.1,1.267,0.06284,0.002207
0.1333,1.267,0.06369,0.002439
0.1667,1.267,0.06457,0.00271
0.2,1.267,0.06547,0.003022
0.2333,1.267,0.06639,0.00338
0.2667,1.267,0.06733,0.00379
0.3,1.267,0.0683,0.004256
0.3333,1.267,0.06929,0.004788
0.3667,1.267,0.0703,0.005392
0.4,1.267,0.07135,0.00608
0.4333,1.267,0.07241,0.006862
0.4667,1.267,0.07351,0.00775
0.5,1.267,0.07463,0.00876
0.5333,1.267,0.07579,0.009907
0.5667,1.267,0.07697,0.01121
0.6,1.267,0.07818,0.01269
0.6333,1.267,0.07943,0.01437
0.6667,1.267,0.08071,0.01628
0.7,1.267,0.08202,0.01844
0.7333,1.267,0.08336,0.02089
0.7667,1.267,0.08474,0.02367
0.8,1.267,0.08616,0.02682
0.8333,1.267,0.08761,0.03038
0.8667,1.267,0.0891,0.0344
0.9,1.267,0.09064,0.03894
0.9333,1.267,0.09221,0.04406
0.9667,1.267,0.09383,0.04981
1,1.267,0.09548,0.05627
1.033,1.267,0.09719,0.06351
1.067,1.267,0.09894,0.0716
1.1,1.267,0.1007,0.08062
1.133,1.267,0.1026,0.09065
1.167,1.267,0.1045,0.1018
1.2,1.267,0.1064,0.114
1.233,1.267,0.1084,0.1276
1.267,1.267,0.1105,0.1424
1.3,1.267,0.1126,0.1585
1.333,1.267,0.1147,0.176
1.367,1.267,0.117,0.195
1.4,1.267,0.1192,0.2153
1.433,1.267,0.1216,0.2371
1.467,1.267,0.124,0.2601
1.5,1.267,0.1265,0.2844
1.533,1.267,0.129,0.3099
1.567,1.267,0.1316,0.3364
1.6,1.267,0.1343,0.3638
1.633,1.267,0.1371,0.3919
1.667,1.267,0.1399,0.4205
1.7,1.267,0.1428,0.4494
1.733,1.267,0.1458,0.4785
1.767,1.267,0.1489,0.5074
1.8,1.267,0.152,0.536
1.833,1.267,0.1553,0.5641
1.867,1.267,0.1586,0.5915
1.9,1.267,0.162,0.6181
1.933,1.267,0.1655,0.6437
1.967,1.267,0.1691,0.6683
2,1.267,0.1728,0.6918
2.033,1.267,0.1766,0.714
2.067,1.267,0.1805,0.735
2.1,1.267,0.1845,0.7548
2.133,1.267,0.1886,0.7733
2.167,1.267,0.1928,0.7906
2.2,1.267,0.1971,0.8067
2.233,1.267,0.2015,0.8217
2.267,1.267,0.2061,0.8355
2.3,1.267,0.2107,0.8483
2.333,1.267,0.2155,0.8601
2.367,1.267,0.2204,0.871
2.4,1.267,0.2254,0.881
2.433,1.267,0.2305,0.8901
2.467,1.267,0.2358,0.8986
2.5,1.267,0.2412,0.9063
-2.5,1.3,0.03136,0.005991
-2.467,1.3,0.03152,0.006143
-2.433,1.3,0.03168,0.006303
-2.4,1.3,0.03184,0.006471
-2.367,1.3,0.032,0.006648
-2.333,1.3,0.03217,0.006835
-2.3,1.3,0.03234,0.007031
-2.267,1.3,0.03251,0.007239
-2.233,1.3,0.03269,0.007457
-2.2,1.3,0.03287,0.007688
-2.167,1.3,0.03305,0.007932
-2.133,1.3,0.03324,0.00819
-2.1,1.3,0.03343,0.008463
-2.067,1.3,0.03363,0.008752
-2.033,1.3,0.03382,0.009058
-2,1.3,0.03403,0.009383
-1.967,1.3,0.03423,0.009727
-1.933,1.3,0.03444,0.01009
-1.9,1.3,0.03466,0.01048
-1.867,1.3,0.03487,0.01089
-1.833,1.3,0.0351,0.01133
-1.8,1.3,0.03532,0.0118
-1.767,1.3,0.03555,0.0123
-1.733,1.3,0.03579,0.01283
-1.7,1.3,0.03603,0.0134
-1.667,1.3,0.03628,0.014
-1.633,1.3,0.03653,0.01465
-1.6,1.3,0.03678,0.01534
-1.567,1.3,0.03704,0.01608
-1.533,1.3,0.03731,0.01687
-1.5,1.3,0.03758,0.01773
-1.467,1.3,0.03786,0.01864
-1.433,1.3,0.03814,0.01962
-1.4,1.3,0.03843,0.02067
-1.367,1.3,0.03872,0.02181
-1.333,1.3,0.03902,0.02303
-1.3,1.3,0.03933,0.02434
-1.267,1.3,0.03964,0.02576
-1.233,1.3,0.03996,0.02728
-1.2,1.3,0.04029,0.02893
-1.167,1.3,0.04062,0.03071
-1.133,1.3,0.04096,0.03263
-1.1,1.3,0.04131,0.0347
-1.067,1.3,0.04166,0.03693
-1.033,1.3,0.04202,0.03932
-1,1.3,0.04239,0.0419
-0.9667,1.3,0.04277,0.04465
-0.9333,1.3,0.04316,0.04758
-0.9,1.3,0.04355,0.05067
-0.8667,1.3,0.04396,0.05388
-0.8333,1.3,0.04437,0.05715
-0.8,1.3,0.04479,0.0604
-0.7667,1.3,0.04522,0.06346
-0.7333,1.3,0.04566,0.0661
-0.7,1.3,0.04611,0.06802
-0.6667,1.3,0.04657,0.06879
-0.6333,1.3,0.04704,0.06792
-0.6,1.3,0.04752,0.06492
-0.5667,1.3,0.04801,0.05945
-0.5333,1.3,0.04851,0.05156
-0.5,1.3,0.04902,0.0419
-0.4667,1.3,0.04955,0.03168
-0.4333,1.3,0.05009,0.0223
-0.4,1.3,0.05064,0.01481
-0.3667,1.3,0.0512,0.009516
-0.3333,1.3,0.05177,0.006114
-0.3,1.3,0.05236,0.004062
-0.2667,1.3,0.05297,0.002863
-0.2333,1.3,0.05358,0.00217
-0.2,1.3,0.05421,0.001773
-0.1667,1.3,0.05486,0.001552
-0.1333,1.3,0.05552,0.001441
-0.1,1.3,0.0562,0.001403
-0.06667,1.3,0.05689,0.001418
-0.03333,1.3,0.0576,0.001474
0,1.3,0.05833,0.001564
0.03333,1.3,0.05907,0.001685
0.06667,1.3,0.05983,0.001836
0.1,1.3,0.06061,0.002018
0.1333,1.3,0.06141,0.002232
0.1667,1.3,0.06223,0.00248
0.2,1.3,0.06307,0.002765
0.2333,1.3,0.06394,0.003092
0.2667,1.3,0.06482,0.003465
0.3,1.3,0.06572,0.00389
0.3333,1.3,0.06665,0.004373
0.3667,1.3,0.0676,0.004923
0.4,1.3,0.06857,0.005549
0.4333,1.3,0.06957,0.006259
0.4667,1.3,0.07059,0.007066
0.5,1.3,0.07164,0.007983
0.5333,1.3,0.07272,0.009025
0.5667,1.3,0.07382,0.01021
0.6,1.3,0.07495,0.01155
0.6333,1.3,0.07612,0.01308
0.6667,1.3,0.07731,0.01481
0.7,1.3,0.07853,0.01678
0.7333,1.3,0.07978,0.01901
0.7667,1.3,0.08107,0.02154
0.8,1.3,0.08239,0.02441
0.8333,1.3,0.08374,0.02765
0.8667,1.3,0.08513,0.03132
0.9,1.3,0.08656,0.03546
0.9333,1.3,0.08803,0.04014
0.9667,1.3,0.08953,0.0454
1,1.3,0.09107,0.05132
1.033,1.3,0.09266,0.05796
1.067,1.3,0.09429,0.0654
1.1,1.3,0.09596,0.07371
1.133,1.3,0.09767,0.08298
1.167,1.3,0.09943,0.09326
1.2,1.3,0.1012,0.1047
1.233,1.3,0.1031,0.1172
1.267,1.3,0.105,0.1311
1.3,1.3,0.107,0.1462
1.333,1.3,0.109,0.1627
1.367,1.3,0.111,0.1805
1.4,1.3,0.1132,0.1998
1.433,1.3,0.1154,0.2205
1.467,1.3,0.1176,0.2426
1.5,1.3,0.1199,0.2659
1.533,1.3,0.1223,0.2906
1.567,1.3,0.1247,0.3163
1.6,1.3,0.1272,0.3431
1.633,1.3,0.1297,0.3706
1.667,1.3,0.1324,0.3989
1.7,1.3,0.1351,0.4276
1.733,1.3,0.1379,0.4565
1.767,1.3,0.1407,0.4855
1.8,1.3,0.1436,0.5144
1.833,1.3,0.1467,0.5429
1.867,1.3,0.1498,0.5708
1.9,1.3,0.1529,0.5981
1.933,1.3,0.1562,0.6245
1.967,1.3,0.1595,0.6499
2,1.3,0.163,0.6742
2.033,1.3,0.1665,0.6973
2.067,1.3,0.1701,0.7193
2.1,1.3,0.1739,0.74
2.133,1.3,0.1777,0.7594
2.167,1.3,0.1816,0.7777
2.2,1.3,0.1856,0.7947
2.233,1.3,0.1898,0.8105
2.267,1.3,0.194,0.8251
2.3,1.3,0.1983,0.8387
2.333,1.3,0.2028,0.8513
2.367,1.3,0.2074,0.8628
2.4,1.3,0.2121,0.8735
2.433,1.3,0.2169,0.8833
2.467,1.3,0.2218,0.8923
2.5,1.3,0.2268,0.9005
-2.5,1.333,0.03095,0.005881
-2.467,1.333,0.0311,0.006028
-2.433,1.333,0.03125,0.006182
-2.4,1.333,0.03141,0.006343
-2.367,1.333,0.03156,0.006514
-2.333,1.333,0.03172,0.006693
-2.3,1.333,0.03188,0.006882
-2.267,1.333,0.03205,0.007081
-2.233,1.333,0.03222,0.007291
-2.2,1.333,0.03239,0.007513
-2.167,1.333,0.03256,0.007747
-2.133,1.333,0.03274,0.007994
-2.1,1.333,0.03292,0.008256
-2.067,1.333,0.03311,0.008533
-2.033,1.333,0.03329,0.008826
-2,1.333,0.03349,0.009136
-1.967,1.333,0.03368,0.009465
-1.933,1.333,0.03388,0.009815
-1.9,1.333,0.03408,0.01019
-1.867,1.333,0.03429,0.01058
-1.833,1.333,0.0345,0.011
-1.8,1.333,0.03472,0.01144
-1.767,1.333,0.03494,0.01192
-1.733,1.333,0.03516,0.01242
-1.7,1.333,0.03539,0.01296
-1.667,1.333,0.03562,0.01354
-1.633,1.333,0.03586,0.01416
-1.6,1.333,0.0361,0.01481
-1.567,1.333,0.03635,0.01552
-1.533,1.333,0.0366,0.01627
-1.5,1.333,0.03685,0.01708
-1.467,1.333,0.03712,0.01794
-1.433,1.333,0.03738,0.01887
-1.4,1.333,0.03766,0.01987
-1.367,1.333,0.03794,0.02094
-1.333,1.333,0.03822,0.0221
-1.3,1.333,0.03851,0.02334
-1.267,1.333,0.03881,0.02467
-1.233,1.333,0.03911,0.02612
-1.2,1.333,0.03942,0.02767
-1.167,1.333,0.03973,0.02934
-1.133,1.333,0.04005,0.03115
-1.1,1.333,0.04038,0.03309
-1.067,1.333,0.04071,0.03519
-1.033,1.333,0.04106,0.03744
-1,1.333,0.04141,0.03985
-0.9667,1.333,0.04176,0.04242
-0.9333,1.333,0.04213,0.04514
-0.9,1.333,0.0425,0.048
-0.8667,1.333,0.04288,0.05096
-0.8333,1.333,0.04327,0.05395
-0.8,1.333,0.04366,0.05686
-0.7667,1.333,0.04407,0.05955
-0.7333,1.333,0.04448,0.06177
-0.7,1.333,0.04491,0.0632
-0.6667,1.333,0.04534,0.06343
-0.6333,1.333,0.04578,0.06201
-0.6,1.333,0.04624,0.05851
-0.5667,1.333,0.0467,0.05271
-0.5333,1.333,0.04717,0.04481
-0.5,1.333,0.04765,0.0356
-0.4667,1.333,0.04815,0.02628
-0.4333,1.333,0.04865,0.01812
-0.4,1.333,0.04917,0.01186
-0.3667,1.333,0.0497,0.007577
-0.3333,1.333,0.05024,0.004892
-0.3,1.333,0.05079,0.003294
-0.2667,1.333,0.05136,0.002365
-0.2333,1.333,0.05194,0.00183
-0.2,1.333,0.05253,0.001524
-0.1667,1.333,0.05314,0.001357
-0.1333,1.333,0.05376,0.001277
-0.1,1.333,0.05439,0.001257
-0.06667,1.333,0.05504,0.00128
-0.03333,1.333,0.05571,0.001337
0,1.333,0.05639,0.001424
0.03333,1.333,0.05709,0.001539
0.06667,1.333,0.0578,0.001679
0.1,1.333,0.05853,0.001847
0.1333,1.333,0.05928,0.002044
0.1667,1.333,0.06005,0.002271
0.2,1.333,0.06084,0.002531
0.2333,1.333,0.06164,0.00283
0.2667,1.333,0.06247,0.00317
0.3,1.333,0.06331,0.003557
0.3333,1.333,0.06418,0.003997
0.3667,1.333,0.06507,0.004497
0.4,1.333,0.06598,0.005066
0.4333,1.333,0.06691,0.005711
0.4667,1.333,0.06787,0.006445
0.5,1.333,0.06885,0.007278
0.5333,1.333,0.06985,0.008225
0.5667,1.333,0.07088,0.0093
0.6,1.333,0.07194,0.01052
0.6333,1.333,0.07302,0.01191
0.6667,1.333,0.07414,0.01348
0.7,1.333,0.07528,0.01527
0.7333,1.333,0.07645,0.0173
0.7667,1.333,0.07765,0.0196
0.8,1.333,0.07888,0.02221
0.8333,1.333,0.08014,0.02516
0.8667,1.333,0.08144,0.02851
0.9,1.333,0.08276,0.03229
0.9333,1.333,0.08413,0.03655
0.9667,1.333,0.08553,0.04137
1,1.333,0.08697,0.04679
1.033,1.333,0.08844,0.05287
1.067,1.333,0.08996,0.05971
1.1,1.333,0.09151,0.06735
1.133,1.333,0.09311,0.07589
1.167,1.333,0.09475,0.08539
1.2,1.333,0.09643,0.09595
1.233,1.333,0.09816,0.1076
1.267,1.333,0.09994,0.1205
1.3,1.333,0.1018,0.1346
1.333,1.333,0.1036,0.1501
1.367,1.333,0.1056,0.1669
1.4,1.333,0.1075,0.1851
1.433,1.333,0.1096,0.2048
1.467,1.333,0.1116,0.2258
1.5,1.333,0.1138,0.2482
1.533,1.333,0.116,0.2719
1.567,1.333,0.1182,0.2968
1.6,1.333,0.1206,0.3228
1.633,1.333,0.1229,0.3497
1.667,1.333,0.1254,0.3775
1.7,1.333,0.1279,0.4059
1.733,1.333,0.1305,0.4346
1.767,1.333,0.1331,0.4636
1.8,1.333,0.1359,0.4926
1.833,1.333,0.1387,0.5214
1.867,1.333,0.1415,0.5498
1.9,1.333,0.1445,0.5776
1.933,1.333,0.1475,0.6046
1.967,1.333,0.1506,0.6308
2,1.333,0.1538,0.6559
2.033,1.333,0.1571,0.6799
2.067,1.333,0.1605,0.7028
2.1,1.333,0.164,0.7244
2.133,1.333,0.1675,0.7449
2.167,1.333,0.1712,0.764
2.2,1.333,0.1749,0.7819
2.233,1.333,0.1788,0.7986
2.267,1.333,0.1827,0.8142
2.3,1.333,0.1868,0.8286
2.333,1.333,0.1909,0.8419
2.367,1.333,0.1952,0.8542
2.4,1.333,0.1996,0.8655
2.433,1.333,0.2041,0.876
2.467,1.333,0.2087,0.8855
2.5,1.333,0.2134,0.8944
-2.5,1.367,0.03057,0.005775
-2.467,1.367,0.03071,0.005916
-2.433,1.367,0.03085,0.006065
-2.4,1.367,0.031,0.00622
-2.367,1.367,0.03114,0.006384
-2.333,1.367,0.0313,0.006557
-2.3,1.367,0.03145,0.006738
-2.267,1.367,0.03161,0.00693
-2.233,1.367,0.03177,0.007131
-2.2,1.367,0.03193,0.007344
-2.167,1.367,0.03209,0.007569
-2.133,1.367,0.03226,0.007806
-2.1,1.367,0.03244,0.008057
-2.067,1.367,0.03261,0.008322
-2.033,1.367,0.03279,0.008603
-2,1.367,0.03297,0.0089
-1.967,1.367,0.03316,0.009215
-1.933,1.367,0.03335,0.009549
-1.9,1.367,0.03354,0.009903
-1.867,1.367,0.03374,0.01028
-1.833,1.367,0.03394,0.01068
-1.8,1.367,0.03414,0.0111
-1.767,1.367,0.03435,0.01156
-1.733,1.367,0.03456,0.01204
-1.7,1.367,0.03478,0.01255
-1.667,1.367,0.035,0.0131
-1.633,1.367,0.03522,0.01369
-1.6,1.367,0.03545,0.01431
-1.567,1.367,0.03569,0.01498
-1.533,1.367,0.03592,0.0157
-1.5,1.367,0.03617,0.01646
-1.467,1.367,0.03642,0.01728
-1.433,1.367,0.03667,0.01816
-1.4,1.367,0.03693,0.01911
-1.367,1.367,0.03719,0.02012
-1.333,1.367,0.03746,0.02122
-1.3,1.367,0.03773,0.02239
-1.267,1.367,0.03801,0.02365
-1.233,1.367,0.0383,0.02501
-1.2,1.367,0.03859,0.02648
-1.167,1.367,0.03889,0.02805
-1.133,1.367,0.03919,0.02975
-1.1,1.367,0.0395,0.03158
-1.067,1.367,0.03982,0.03355
-1.033,1.367,0.04014,0.03566
-1,1.367,0.04047,0.03791
-0.9667,1.367,0.04081,0.04031
-0.9333,1.367,0.04115,0.04285
-0.9,1.367,0.0415,0.04549
-0.8667,1.367,0.04186,0.04821
-0.8333,1.367,0.04223,0.05092
-0.8,1.367,0.0426,0.05353
-0.7667,1.367,0.04299,0.05586
-0.7333,1.367,0.04338,0.05767
-0.7,1.367,0.04378,0.05864
-0.6667,1.367,0.04419,0.05838
-0.6333,1.367,0.0446,0.05646
-0.6,1.367,0.04503,0.05253
-0.5667,1.367,0.04546,0.0465
-0.5333,1.367,0.04591,0.03871
-0.5,1.367,0.04636,0.03005
-0.4667,1.367,0.04683,0.02168
-0.4333,1.367,0.0473,0.01466
-0.4,1.367,0.04779,0.009475
-0.3667,1.367,0.04829,0.00604
-0.3333,1.367,0.0488,0.00393
-0.3,1.367,0.04932,0.002687
-0.2667,1.367,0.04985,0.001967
-0.2333,1.367,0.05039,0.001554
-0.2,1.367,0.05095,0.001319
-0.1667,1.367,0.05152,0.001193
-0.1333,1.367,0.0521,0.001137
-0.1,1.367,0.0527,0.00113
-0.06667,1.367,0.05331,0.001159
-0.03333,1.367,0.05393,0.001217
0,1.367,0.05457,0.0013
0.03333,1.367,0.05523,0.001407
0.06667,1.367,0.0559,0.001538
0.1,1.367,0.05658,0.001693
0.1333,1.367,0.05729,0.001873
0.1667,1.367,0.05801,0.002081
0.2,1.367,0.05874,0.002319
0.2333,1.367,0.0595,0.002591
0.2667,1.367,0.06027,0.002901
0.3,1.367,0.06106,0.003254
0.3333,1.367,0.06187,0.003655
0.3667,1.367,0.0627,0.00411
0.4,1.367,0.06355,0.004627
0.4333,1.367,0.06443,0.005214
0.4667,1.367,0.06532,0.005881
0.5,1.367,0.06624,0.006638
0.5333,1.367,0.06718,0.007498
0.5667,1.367,0.06814,0.008474
0.6,1.367,0.06913,0.009584
0.6333,1.367,0.07014,0.01084
0.6667,1.367,0.07118,0.01228
0.7,1.367,0.07224,0.0139
0.7333,1.367,0.07333,0.01574
0.7667,1.367,0.07445,0.01784
0.8,1.367,0.0756,0.02021
0.8333,1.367,0.07678,0.0229
0.8667,1.367,0.07799,0.02594
0.9,1.367,0.07923,0.02939
0.9333,1.367,0.0805,0.03328
0.9667,1.367,0.0818,0.03768
1,1.367,0.08314,0.04263
1.033,1.367,0.08452,0.04821
1.067,1.367,0.08593,0.05447
1.1,1.367,0.08738,0.0615
1.133,1.367,0.08886,0.06935
1.167,1.367,0.09039,0.07812
1.2,1.367,0.09196,0.08787
1.233,1.367,0.09356,0.09869
1.267,1.367,0.09522,0.1107
1.3,1.367,0.09691,0.1238
1.333,1.367,0.09865,0.1383
1.367,1.367,0.1004,0.1541
1.4,1.367,0.1023,0.1712
1.433,1.367,0.1042,0.1898
1.467,1.367,0.1061,0.2098
1.5,1.367,0.1081,0.2311
1.533,1.367,0.1101,0.2538
1.567,1.367,0.1122,0.2778
1.6,1.367,0.1144,0.303
1.633,1.367,0.1166,0.3293
1.667,1.367,0.1189,0.3564
1.7,1.367,0.1212,0.3844
1.733,1.367,0.1236,0.4129
1.767,1.367,0.1261,0.4417
1.8,1.367,0.1286,0.4707
1.833,1.367,0.1312,0.4997
1.867,1.367,0.1339,0.5284
1.9,1.367,0.1366,0.5566
1.933,1.367,0.1395,0.5843
1.967,1.367,0.1424,0.6111
2,1.367,0.1453,0.637
2.033,1.367,0.1484,0.6619
2.067,1.367,0.1515,0.6856
2.1,1.367,0.1547,0.7082
2.133,1.367,0.1581,0.7296
2.167,1.367,0.1615,0.7496
2.2,1.367,0.1649,0.7685
2.233,1.367,0.1685,0.7861
2.267,1.367,0.1722,0.8025
2.3,1.367,0.176,0.8178
2.333,1.367,0.1799,0.8319
2.367,1.367,0.1838,0.845
2.4,1.367,0.1879,0.857
2.433,1.367,0.1921,0.8681
2.467,1.367,0.1964,0.8784
2.5,1.367,0.2008,0.8878
-2.5,1.4,0.0302,0.005673
-2.467,1.4,0.03033,0.005809
-2.433,1.4,0.03047,0.005952
-2.4,1.4,0.03061,0.006102
-2.367,1.4,0.03075,0.00626
-2.333,1.4,0.03089,0.006426
-2.3,1.4,0.03104,0.0066
-2.267,1.4,0.03119,0.006784
-2.233,1.4,0.03134,0.006978
-2.2,1.4,0.03149,0.007183
-2.167,1.4,0.03165,0.007398
-2.133,1.4,0.03181,0.007626
-2.1,1.4,0.03197,0.007866
-2.067,1.4,0.03214,0.008121
-2.033,1.4,0.03231,0.008389
-2,1.4,0.03248,0.008674
-1.967,1.4,0.03266,0.008975
-1.933,1.4,0.03284,0.009295
-1.9,1.4,0.03302,0.009634
-1.867,1.4,0.03321,0.009993
-1.833,1.4,0.0334,0.01038
-1.8,1.4,0.03359,0.01078
-1.767,1.4,0.03379,0.01121
-1.733,1.4,0.03399,0.01167
-1.7,1.4,0.0342,0.01216
-1.667,1.4,0.03441,0.01268
-1.633,1.4,0.03462,0.01324
-1.6,1.4,0.03484,0.01384
-1.567,1.4,0.03506,0.01447
-1.533,1.4,0.03529,0.01515
-1.5,1.4,0.03552,0.01588
-1.467,1.4,0.03575,0.01666
-1.433,1.4,0.03599,0.01749
-1.4,1.4,0.03624,0.01839
-1.367,1.4,0.03649,0.01935
-1.333,1.4,0.03674,0.02038
-1.3,1.4,0.037,0.02149
-1.267,1.4,0.03727,0.02269
-1.233,1.4,0.03754,0.02397
-1.2,1.4,0.03781,0.02535
-1.167,1.4,0.03809,0.02684
-1.133,1.4,0.03838,0.02844
-1.1,1.4,0.03867,0.03016
-1.067,1.4,0.03897,0.03201
-1.033,1.4,0.03928,0.03398
-1,1.4,0.03959,0.03609
-0.9667,1.4,0.03991,0.03833
-0.9333,1.4,0.04023,0.04069
-0.9,1.4,0.04057,0.04313
-0.8667,1.4,0.04091,0.04562
-0.8333,1.4,0.04125,0.04807
-0.8,1.4,0.0416,0.05038
-0.7667,1.4,0.04197,0.05237
-0.7333,1.4,0.04233,0.05379
-0.7,1.4,0.04271,0.05433
-0.6667,1.4,0.0431,0.05361
-0.6333,1.4,0.04349,0.05124
-0.6,1.4,0.04389,0.04696
-0.5667,1.4,0.0443,0.0408
-0.5333,1.4,0.04472,0.03324
-0.5,1.4,0.04515,0.0252
-0.4667,1.4,0.04559,0.01778
-0.4333,1.4,0.04604,0.01181
-0.4,1.4,0.04649,0.007565
-0.3667,1.4,0.04696,0.004826
-0.3333,1.4,0.04744,0.003172
-0.3,1.4,0.04793,0.002206
-0.2667,1.4,0.04843,0.001648
-0.2333,1.4,0.04894,0.001328
-0.2,1.4,0.04946,0.001148
-0.1667,1.4,0.05,0.001054
-0.1333,1.4,0.05055,0.001017
-0.1,1.4,0.05111,0.001019
-0.06667,1.4,0.05168,0.001052
-0.03333,1.4,0.05227,0.001109
0,1.4,0.05287,0.001188
0.03333,1.4,0.05348,0.001289
0.06667,1.4,0.05411,0.00141
0.1,1.4,0.05475,0.001552
0.1333,1.4,0.05541,0.001718
0.1667,1.4,0.05609,0.001908
0.2,1.4,0.05678,0.002126
0.2333,1.4,0.05749,0.002375
0.2667,1.4,0.05821,0.002658
0.3,1.4,0.05895,0.002979
0.3333,1.4,0.05971,0.003344
0.3667,1.4,0.06049,0.003758
0.4,1.4,0.06129,0.004228
0.4333,1.4,0.0621,0.004762
0.4667,1.4,0.06294,0.005368
0.5,1.4,0.0638,0.006056
0.5333,1.4,0.06467,0.006837
0.5667,1.4,0.06558,0.007724
0.6,1.4,0.0665,0.008732
0.6333,1.4,0.06744,0.009877
0.6667,1.4,0.06841,0.01118
0.7,1.4,0.06941,0.01265
0.7333,1.4,0.07043,0.01433
0.7667,1.4,0.07147,0.01623
0.8,1.4,0.07254,0.01839
0.8333,1.4,0.07364,0.02084
0.8667,1.4,0.07477,0.02361
0.9,1.4,0.07593,0.02675
0.9333,1.4,0.07711,0.0303
0.9667,1.4,0.07833,0.03431
1,1.4,0.07958,0.03884
1.033,1.4,0.08086,0.04394
1.067,1.4,0.08218,0.04968
1.1,1.4,0.08353,0.05612
1.133,1.4,0.08491,0.06334
1.167,1.4,0.08633,0.07141
1.2,1.4,0.08779,0.08041
1.233,1.4,0.08929,0.09042
1.267,1.4,0.09082,0.1015
1.3,1.4,0.0924,0.1138
1.333,1.4,0.09402,0.1272
1.367,1.4,0.09569,0.142
1.4,1.4,0.09739,0.1581
1.433,1.4,0.09915,0.1756
1.467,1.4,0.101,0.1945
1.5,1.4,0.1028,0.2149
1.533,1.4,0.1047,0.2366
1.567,1.4,0.1067,0.2596
1.6,1.4,0.1087,0.2839
1.633,1.4,0.1107,0.3093
1.667,1.4,0.1128,0.3358
1.7,1.4,0.115,0.3632
1.733,1.4,0.1172,0.3913
1.767,1.4,0.1195,0.4199
1.8,1.4,0.1219,0.4488
1.833,1.4,0.1243,0.4778
1.867,1.4,0.1268,0.5067
1.9,1.4,0.1293,0.5353
1.933,1.4,0.132,0.5634
1.967,1.4,0.1346,0.5909
2,1.4,0.1374,0.6175
2.033,1.4,0.1403,0.6432
2.067,1.4,0.1432,0.6678
2.1,1.4,0.1462,0.6913
2.133,1.4,0.1493,0.7135
2.167,1.4,0.1524,0.7346
2.2,1.4,0.1557,0.7544
2.233,1.4,0.159,0.7729
2.267,1.4,0.1624,0.7902
2.3,1.4,0.1659,0.8064
2.333,1.4,0.1696,0.8213
2.367,1.4,0.1733,0.8352
2.4,1.4,0.1771,0.848
2.433,1.4,0.181,0.8598
2.467,1.4,0.185,0.8707
2.5,1.4,0.1891,0.8807
-2.5,1.433,0.02984,0.005575
-2.467,1.433,0.02997,0.005706
-2.433,1.433,0.0301,0.005844
-2.4,1.433,0.03023,0.005988
-2.367,1.433,0.03037,0.00614
-2.333,1.433,0.03051,0.0063
-2.3,1.433,0.03064,0.006468
-2.267,1.433,0.03079,0.006644
-2.233,1.433,0.03093,0.006831
-2.2,1.433,0.03108,0.007027
-2.167,1.433,0.03123,0.007234
-2.133,1.433,0.03138,0.007453
-2.1,1.433,0.03154,0.007683
-2.067,1.433,0.0317,0.007927
-2.033,1.433,0.03186,0.008185
-2,1.433,0.03202,0.008458
-1.967,1.433,0.03219,0.008746
-1.933,1.433,0.03236,0.009052
-1.9,1.433,0.03253,0.009376
-1.867,1.433,0.03271,0.00972
-1.833,1.433,0.03289,0.01008
-1.8,1.433,0.03308,0.01047
-1.767,1.433,0.03326,0.01088
-1.733,1.433,0.03345,0.01132
-1.7,1.433,0.03365,0.01179
-1.667,1.433,0.03385,0.01229
-1.633,1.433,0.03405,0.01282
-1.6,1.433,0.03426,0.01338
-1.567,1.433,0.03447,0.01399
-1.533,1.433,0.03468,0.01463
-1.5,1.433,0.0349,0.01532
-1.467,1.433,0.03512,0.01606
-1.433,1.433,0.03535,0.01686
-1.4,1.433,0.03558,0.0177
-1.367,1.433,0.03582,0.01862
-1.333,1.433,0.03606,0.01959
-1.3,1.433,0.03631,0.02064
-1.267,1.433,0.03656,0.02177
-1.233,1.433,0.03681,0.02299
-1.2,1.433,0.03707,0.02429
-1.167,1.433,0.03734,0.02569
-1.133,1.433,0.03761,0.0272
-1.1,1.433,0.03789,0.02882
-1.067,1.433,0.03817,0.03055
-1.033,1.433,0.03846,0.03241
-1,1.433,0.03876,0.03438
-0.9667,1.433,0.03906,0.03646
-0.9333,1.433,0.03937,0.03865
-0.9,1.433,0.03968,0.0409
-0.8667,1.433,0.04,0.04317
-0.8333,1.433,0.04033,0.04538
-0.8,1.433,0.04066,0.04741
-0.7667,1.433,0.041,0.04907
-0.7333,1.433,0.04135,0.05012
-0.7,1.433,0.04171,0.05025
-0.6667,1.433,0.04207,0.0491
-0.6333,1.433,0.04244,0.04634
-0.6,1.433,0.04282,0.0418
-0.5667,1.433,0.04321,0.03562
-0.5333,1.433,0.0436,0.02837
-0.5,1.433,0.044,0.02101
-0.4667,1.433,0.04442,0.01451
-0.4333,1.433,0.04484,0.009492
-0.4,1.433,0.04527,0.00604
-0.3667,1.433,0.04571,0.003868
-0.3333,1.433,0.04616,0.002574
-0.3,1.433,0.04662,0.001823
-0.2667,1.433,0.04709,0.001391
-0.2333,1.433,0.04758,0.001143
-0.2,1.433,0.04807,0.001005
-0.1667,1.433,0.04857,0.000936
-0.1333,1.433,0.04909,0.0009126
-0.1,1.433,0.04961,0.0009219
-0.06667,1.433,0.05015,0.0009566
-0.03333,1.433,0.0507,0.001013
0,1.433,0.05127,0.001088
0.03333,1.433,0.05184,0.001182
0.06667,1.433,0.05243,0.001294
0.1,1.433,0.05304,0.001425
0.1333,1.433,0.05366,0.001577
0.1667,1.433,0.05429,0.001752
0.2,1.433,0.05494,0.001951
0.2333,1.433,0.0556,0.002178
0.2667,1.433,0.05628,0.002436
0.3,1.433,0.05697,0.002729
0.3333,1.433,0.05769,0.003061
0.3667,1.433,0.05842,0.003438
0.4,1.433,0.05916,0.003866
0.4333,1.433,0.05993,0.004351
0.4667,1.433,0.06071,0.004902
0.5,1.433,0.06151,0.005527
0.5333,1.433,0.06233,0.006237
0.5667,1.433,0.06318,0.007043
0.6,1.433,0.06404,0.007959
0.6333,1.433,0.06492,0.008999
0.6667,1.433,0.06583,0.01018
0.7,1.433,0.06676,0.01152
0.7333,1.433,0.06771,0.01304
0.7667,1.433,0.06869,0.01477
0.8,1.433,0.06969,0.01673
0.8333,1.433,0.07072,0.01896
0.8667,1.433,0.07177,0.02148
0.9,1.433,0.07285,0.02434
0.9333,1.433,0.07396,0.02758
0.9667,1.433,0.07509,0.03123
1,1.433,0.07626,0.03537
1.033,1.433,0.07745,0.04003
1.067,1.433,0.07868,0.04528
1.1,1.433,0.07994,0.05118
1.133,1.433,0.08123,0.05781
1.167,1.433,0.08255,0.06523
1.2,1.433,0.08391,0.07352
1.233,1.433,0.0853,0.08276
1.267,1.433,0.08674,0.09303
1.3,1.433,0.08821,0.1044
1.333,1.433,0.08971,0.1169
1.367,1.433,0.09126,0.1307
1.4,1.433,0.09285,0.1458
1.433,1.433,0.09448,0.1623
1.467,1.433,0.09616,0.1801
1.5,1.433,0.09788,0.1994
1.533,1.433,0.09965,0.22
1.567,1.433,0.1015,0.2421
1.6,1.433,0.1033,0.2654
1.633,1.433,0.1052,0.29
1.667,1.433,0.1072,0.3157
1.7,1.433,0.1092,0.3424
1.733,1.433,0.1113,0.37
1.767,1.433,0.1134,0.3982
1.8,1.433,0.1156,0.4269
1.833,1.433,0.1179,0.4559
1.867,1.433,0.1202,0.4849
1.9,1.433,0.1225,0.5138
1.933,1.433,0.125,0.5423
1.967,1.433,0.1275,0.5702
2,1.433,0.1301,0.5975
2.033,1.433,0.1327,0.6239
2.067,1.433,0.1354,0.6493
2.1,1.433,0.1382,0.6736
2.133,1.433,0.1411,0.6968
2.167,1.433,0.144,0.7188
2.2,1.433,0.147,0.7395
2.233,1.433,0.1501,0.759
2.267,1.433,0.1533,0.7773
2.3,1.433,0.1566,0.7943
2.333,1.433,0.16,0.8101
2.367,1.433,0.1634,0.8248
2.4,1.433,0.1669,0.8384
2.433,1.433,0.1706,0.851
2.467,1.433,0.1743,0.8626
2.5,1.433,0.1782,0.8732
-2.5,1.467,0.02951,0.00548
-2.467,1.467,0.02963,0.005606
-2.433,1.467,0.02975,0.005739
-2.4,1.467,0.02988,0.005878
-2.367,1.467,0.03001,0.006025
-2.333,1.467,0.03014,0.006178
-2.3,1.467,0.03027,0.00634
-2.267,1.467,0.03041,0.00651
-2.233,1.467,0.03054,0.006689
-2.2,1.467,0.03068,0.006878
-2.167,1.467,0.03083,0.007077
-2.133,1.467,0.03097,0.007287
-2.1,1.467,0.03112,0.007508
-2.067,1.467,0.03127,0.007742
-2.033,1.467,0.03142,0.007989
-2,1.467,0.03158,0.00825
-1.967,1.467,0.03174,0.008527
-1.933,1.467,0.0319,0.008819
-1.9,1.467,0.03207,0.009129
-1.867,1.467,0.03224,0.009458
-1.833,1.467,0.03241,0.009807
-1.8,1.467,0.03258,0.01018
-1.767,1.467,0.03276,0.01057
-1.733,1.467,0.03294,0.01099
-1.7,1.467,0.03313,0.01143
-1.667,1.467,0.03332,0.01191
-1.633,1.467,0.03351,0.01241
-1.6,1.467,0.0337,0.01295
-1.567,1.467,0.0339,0.01353
-1.533,1.467,0.03411,0.01414
-1.5,1.467,0.03432,0.0148
-1.467,1.467,0.03453,0.0155
-1.433,1.467,0.03474,0.01625
-1.4,1.467,0.03496,0.01706
-1.367,1.467,0.03519,0.01792
-1.333,1.467,0.03542,0.01885
-1.3,1.467,0.03565,0.01984
-1.267,1.467,0.03589,0.02091
-1.233,1.467,0.03613,0.02205
-1.2,1.467,0.03638,0.02329
-1.167,1.467,0.03663,0.02461
-1.133,1.467,0.03689,0.02603
-1.1,1.467,0.03715,0.02755
-1.067,1.467,0.03742,0.02918
-1.033,1.467,0.03769,0.03092
-1,1.467,0.03797,0.03276
-0.9667,1.467,0.03825,0.03471
-0.9333,1.467,0.03854,0.03673
-0.9,1.467,0.03884,0.0388
-0.8667,1.467,0.03914,0.04087
-0.8333,1.467,0.03945,0.04284
-0.8,1.467,0.03977,0.04459
-0.7667,1.467,0.04009,0.04594
-0.7333,1.467,0.04042,0.04665
-0.7,1.467,0.04076,0.04639
-0.6667,1.467,0.0411,0.04486
-0.6333,1.467,0.04145,0.04176
-0.6,1.467,0.04181,0.03703
-0.5667,1.467,0.04217,0.03091
-0.5333,1.467,0.04254,0.02407
-0.5,1.467,0.04293,0.01742
-0.4667,1.467,0.04331,0.01179
-0.4333,1.467,0.04371,0.007613
-0.4,1.467,0.04412,0.004828
-0.3667,1.467,0.04453,0.003112
-0.3333,1.467,0.04496,0.002101
-0.3,1.467,0.04539,0.001517
-0.2667,1.467,0.04584,0.001181
-0.2333,1.467,0.04629,0.0009897
-0.2,1.467,0.04675,0.0008848
-0.1667,1.467,0.04723,0.0008348
-0.1333,1.467,0.04771,0.000822
-0.1,1.467,0.04821,0.0008364
-0.06667,1.467,0.04871,0.0008723
-0.03333,1.467,0.04923,0.0009265
0,1.467,0.04976,0.0009976
0.03333,1.467,0.05031,0.001085
0.06667,1.467,0.05086,0.001189
0.1,1.467,0.05143,0.00131
0.1333,1.467,0.05201,0.001449
0.1667,1.467,0.0526,0.001609
0.2,1.467,0.05321,0.001791
0.2333,1.467,0.05383,0.001999
0.2667,1.467,0.05447,0.002234
0.3,1.467,0.05512,0.002501
0.3333,1.467,0.05579,0.002803
0.3667,1.467,0.05647,0.003147
0.4,1.467,0.05717,0.003536
0.4333,1.467,0.05789,0.003978
0.4667,1.467,0.05862,0.004478
0.5,1.467,0.05937,0.005047
0.5333,1.467,0.06014,0.005692
0.5667,1.467,0.06093,0.006425
0.6,1.467,0.06174,0.007256
0.6333,1.467,0.06257,0.008201
0.6667,1.467,0.06342,0.009274
0.7,1.467,0.06429,0.01049
0.7333,1.467,0.06518,0.01188
0.7667,1.467,0.06609,0.01345
0.8,1.467,0.06702,0.01523
0.8333,1.467,0.06798,0.01725
0.8667,1.467,0.06897,0.01955
0.9,1.467,0.06998,0.02215
0.9333,1.467,0.07101,0.0251
0.9667,1.467,0.07207,0.02843
1,1.467,0.07316,0.0322
1.033,1.467,0.07427,0.03646
1.067,1.467,0.07542,0.04126
1.1,1.467,0.07659,0.04666
1.133,1.467,0.07779,0.05273
1.167,1.467,0.07903,0.05955
1.2,1.467,0.08029,0.06718
1.233,1.467,0.08159,0.07569
1.267,1.467,0.08293,0.08517
1.3,1.467,0.0843,0.0957
1.333,1.467,0.0857,0.1074
1.367,1.467,0.08714,0.1202
1.4,1.467,0.08862,0.1343
1.433,1.467,0.09014,0.1497
1.467,1.467,0.0917,0.1665
1.5,1.467,0.0933,0.1847
1.533,1.467,0.09495,0.2043
1.567,1.467,0.09664,0.2253
1.6,1.467,0.09837,0.2477
1.633,1.467,0.1002,0.2713
1.667,1.467,0.102,0.2962
1.7,1.467,0.1039,0.3222
1.733,1.467,0.1058,0.3491
1.767,1.467,0.1078,0.3769
1.8,1.467,0.1098,0.4052
1.833,1.467,0.1119,0.434
1.867,1.467,0.114,0.463
1.9,1.467,0.1162,0.492
1.933,1.467,0.1185,0.5208
1.967,1.467,0.1208,0.5491
2,1.467,0.1232,0.577
2.033,1.467,0.1257,0.604
2.067,1.467,0.1282,0.6302
2.1,1.467,0.1308,0.6553
2.133,1.467,0.1335,0.6794
2.167,1.467,0.1362,0.7023
2.2,1.467,0.139,0.724
2.233,1.467,0.1419,0.7444
2.267,1.467,0.1448,0.7636
2.3,1.467,0.1479,0.7815
2.333,1.467,0.151,0.7983
2.367,1.467,0.1542,0.8138
2.4,1.467,0.1575,0.8282
2.433,1.467,0.1609,0.8416
2.467,1.467,0.1644,0.8539
2.5,1.467,0.168,0.8653
-2.5,1.5,0.02919,0.005389
-2.467,1.5,0.02931,0.00551
-2.433,1.5,0.02942,0.005638
-2.4,1.5,0.02954,0.005772
-2.367,1.5,0.02966,0.005913
-2.333,1.5,0.02979,0.006061
-2.3,1.5,0.02992,0.006217
-2.267,1.5,0.03004,0.006381
-2.233,1.5,0.03018,0.006553
-2.2,1.5,0.03031,0.006735
-2.167,1.5,0.03044,0.006926
-2.133,1.5,0.03058,0.007127
-2.1,1.5,0.03072,0.00734
-2.067,1.5,0.03087,0.007564
-2.033,1.5,0.03101,0.007801
-2,1.5,0.03116,0.008052
-1.967,1.5,0.03131,0.008317
-1.933,1.5,0.03147,0.008597
-1.9,1.5,0.03163,0.008894
-1.867,1.5,0.03179,0.009208
-1.833,1.5,0.03195,0.009542
-1.8,1.5,0.03211,0.009896
-1.767,1.5,0.03228,0.01027
-1.733,1.5,0.03246,0.01067
-1.7,1.5,0.03263,0.0111
-1.667,1.5,0.03281,0.01155
-1.633,1.5,0.03299,0.01203
-1.6,1.5,0.03318,0.01254
-1.567,1.5,0.03337,0.01309
-1.533,1.5,0.03356,0.01367
-1.5,1.5,0.03376,0.0143
-1.467,1.5,0.03396,0.01497
-1.433,1.5,0.03417,0.01568
-1.4,1.5,0.03437,0.01644
-1.367,1.5,0.03459,0.01726
-1.333,1.5,0.0348,0.01814
-1.3,1.5,0.03502,0.01908
-1.267,1.5,0.03525,0.02009
-1.233,1.5,0.03548,0.02117
-1.2,1.5,0.03571,0.02234
-1.167,1.5,0.03595,0.02359
-1.133,1.5,0.0362,0.02492
-1.1,1.5,0.03645,0.02636
-1.067,1.5,0.0367,0.02789
-1.033,1.5,0.03696,0.02952
-1,1.5,0.03722,0.03124
-0.9667,1.5,0.03749,0.03305
-0.9333,1.5,0.03777,0.03492
-0.9,1.5,0.03805,0.03682
-0.8667,1.5,0.03833,0.03869
-0.8333,1.5,0.03863,0.04043
-0.8,1.5,0.03893,0.04193
-0.7667,1.5,0.03923,0.04298
-0.7333,1.5,0.03954,0.04335
-0.7,1.5,0.03986,0.04274
-0.6667,1.5,0.04018,0.04086
-0.6333,1.5,0.04051,0.03749
-0.6,1.5,0.04085,0.03264
-0.5667,1.5,0.0412,0.02667
-0.5333,1.5,0.04155,0.02029
-0.5,1.5,0.04191,0.01436
-0.4667,1.5,0.04227,0.009546
-0.4333,1.5,0.04265,0.0061
-0.4,1.5,0.04303,0.003866
-0.3667,1.5,0.04343,0.002515
-0.3333,1.5,0.04383,0.001726
-0.3,1.5,0.04423,0.001272
-0.2667,1.5,0.04465,0.00101
-0.2333,1.5,0.04508,0.0008623
-0.2,1.5,0.04552,0.0007829
-0.1667,1.5,0.04596,0.0007476
-0.1333,1.5,0.04642,0.0007429
-0.1,1.5,0.04689,0.0007608
-0.06667,1.5,0.04736,0.0007971
-0.03333,1.5,0.04785,0.0008492
0,1.5,0.04835,0.0009161
0.03333,1.5,0.04886,0.0009973
0.06667,1.5,0.04938,0.001093
0.1,1.5,0.04991,0.001205
0.1333,1.5,0.05046,0.001333
0.1667,1.5,0.05102,0.001479
0.2,1.5,0.05159,0.001646
0.2333,1.5,0.05217,0.001835
0.2667,1.5,0.05277,0.00205
0.3,1.5,0.05338,0.002293
0.3333,1.5,0.05401,0.002569
0.3667,1.5,0.05465,0.002882
0.4,1.5,0.05531,0.003236
0.4333,1.5,0.05598,0.003638
0.4667,1.5,0.05667,0.004094
0.5,1.5,0.05737,0.00461
0.5333,1.5,0.05809,0.005197
0.5667,1.5,0.05883,0.005862
0.6,1.5,0.05959,0.006618
0.6333,1.5,0.06036,0.007476
0.6667,1.5,0.06116,0.008451
0.7,1.5,0.06197,0.009557
0.7333,1.5,0.0628,0.01081
0.7667,1.5,0.06366,0.01224
0.8,1.5,0.06453,0.01386
0.8333,1.5,0.06543,0.0157
0.8667,1.5,0.06635,0.01779
0.9,1.5,0.06729,0.02015
0.9333,1.5,0.06826,0.02284
0.9667,1.5,0.06925,0.02587
1,1.5,0.07026,0.02931
1.033,1.5,0.0713,0.03319
1.067,1.5,0.07237,0.03758
1.1,1.5,0.07347,0.04252
1.133,1.5,0.07459,0.04808
1.167,1.5,0.07574,0.05433
1.2,1.5,0.07692,0.06134
1.233,1.5,0.07813,0.06917
1.267,1.5,0.07938,0.07792
1.3,1.5,0.08065,0.08765
1.333,1.5,0.08196,0.09844
1.367,1.5,0.08331,0.1104
1.4,1.5,0.08469,0.1235
1.433,1.5,0.0861,0.138
1.467,1.5,0.08755,0.1537
1.5,1.5,0.08905,0.1708
1.533,1.5,0.09058,0.1894
1.567,1.5,0.09215,0.2093
1.6,1.5,0.09376,0.2306
1.633,1.5,0.09542,0.2533
1.667,1.5,0.09712,0.2773
1.7,1.5,0.09887,0.3024
1.733,1.5,0.1007,0.3287
1.767,1.5,0.1025,0.3558
1.8,1.5,0.1044,0.3837
1.833,1.5,0.1063,0.4122
1.867,1.5,0.1083,0.4411
1.9,1.5,0.1104,0.4701
1.933,1.5,0.1125,0.499
1.967,1.5,0.1146,0.5277
2,1.5,0.1169,0.556
2.033,1.5,0.1192,0.5836
2.067,1.5,0.1215,0.6105
2.1,1.5,0.1239,0.6364
2.133,1.5,0.1264,0.6613
2.167,1.5,0.1289,0.6851
2.2,1.5,0.1315,0.7077
2.233,1.5,0.1342,0.7291
2.267,1.5,0.137,0.7492
2.3,1.5,0.1398,0.7681
2.333,1.5,0.1427,0.7857
2.367,1.5,0.1457,0.8022
2.4,1.5,0.1488,0.8174
2.433,1.5,0.1519,0.8316
2.467,1.5,0.1551,0.8447
2.5,1.5,0.1585,0.8568
-2.5,1.533,0.02888,0.0053
-2.467,1.533,0.029,0.005418
-2.433,1.533,0.02911,0.005541
-2.4,1.533,0.02922,0.005671
-2.367,1.533,0.02934,0.005806
-2.333,1.533,0.02946,0.005949
-2.3,1.533,0.02958,0.006099
-2.267,1.533,0.0297,0.006256
-2.233,1.533,0.02982,0.006422
-2.2,1.533,0.02995,0.006597
-2.167,1.533,0.03008,0.00678
-2.133,1.533,0.03021,0.006974
-2.1,1.533,0.03035,0.007178
-2.067,1.533,0.03048,0.007394
-2.033,1.533,0.03062,0.007621
-2,1.533,0.03076,0.007861
-1.967,1.533,0.03091,0.008115
-1.933,1.533,0.03105,0.008384
-1.9,1.533,0.0312,0.008668
-1.867,1.533,0.03136,0.008969
-1.833,1.533,0.03151,0.009288
-1.8,1.533,0.03167,0.009626
-1.767,1.533,0.03183,0.009986
-1.733,1.533,0.03199,0.01037
-1.7,1.533,0.03216,0.01077
-1.667,1.533,0.03233,0.0112
-1.633,1.533,0.03251,0.01166
-1.6,1.533,0.03268,0.01215
-1.567,1.533,0.03286,0.01267
-1.533,1.533,0.03305,0.01323
-1.5,1.533,0.03323,0.01382
-1.467,1.533,0.03342,0.01446
-1.433,1.533,0.03362,0.01513
-1.4,1.533,0.03382,0.01586
-1.367,1.533,0.03402,0.01664
-1.333,1.533,0.03422,0.01747
-1.3,1.533,0.03443,0.01836
-1.267,1.533,0.03465,0.01932
-1.233,1.533,0.03487,0.02034
-1.2,1.533,0.03509,0.02144
-1.167,1.533,0.03531,0.02262
-1.133,1.533,0.03555,0.02388
-1.1,1.533,0.03578,0.02523
-1.067,1.533,0.03602,0.02667
-1.033,1.533,0.03627,0.02819
-1,1.533,0.03652,0.0298
-0.9667,1.533,0.03677,0.03148
-0.9333,1.533,0.03703,0.03321
-0.9,1.533,0.0373,0.03494
-0.8667,1.533,0.03757,0.03662
-0.8333,1.533,0.03785,0.03816
-0.8,1.533,0.03813,0.03941
-0.7667,1.533,0.03842,0.04018
-0.7333,1.533,0.03871,0.04023
-0.7,1.533,0.03901,0.03929
-0.6667,1.533,0.03932,0.0371
-0.6333,1.533,0.03963,0.03351
-0.6,1.533,0.03995,0.02863
-0.5667,1.533,0.04027,0.02288
-0.5333,1.533,0.04061,0.01701
-0.5,1.533,0.04095,0.01178
-0.4667,1.533,0.04129,0.007704
-0.4333,1.533,0.04165,0.004886
-0.4,1.533,0.04201,0.003105
-0.3667,1.533,0.04238,0.002043
-0.3333,1.533,0.04276,0.001428
-0.3,1.533,0.04314,0.001073
-0.2667,1.533,0.04354,0.0008702
-0.2333,1.533,0.04394,0.0007558
-0.2,1.533,0.04435,0.0006961
-0.1667,1.533,0.04477,0.0006722
-0.1333,1.533,0.0452,0.0006735
-0.1,1.533,0.04564,0.0006939
-0.06667,1.533,0.04609,0.0007299
-0.03333,1.533,0.04655,0.0007796
0,1.533,0.04702,0.0008424
0.03333,1.533,0.0475,0.0009179
0.06667,1.533,0.04799,0.001007
0.1,1.533,0.04849,0.001109
0.1333,1.533,0.049,0.001227
0.1667,1.533,0.04953,0.001361
0.2,1.533,0.05007,0.001513
0.2333,1.533,0.05061,0.001686
0.2667,1.533,0.05118,0.001882
0.3,1.533,0.05175,0.002105
0.3333,1.533,0.05234,0.002356
0.3667,1.533,0.05294,0.002641
0.4,1.533,0.05356,0.002963
0.4333,1.533,0.05419,0.003329
0.4667,1.533,0.05483,0.003744
0.5,1.533,0.05549,0.004213
0.5333,1.533,0.05617,0.004747
0.5667,1.533,0.05686,0.005352
0.6,1.533,0.05757,0.006038
0.6333,1.533,0.0583,0.006818
0.6667,1.533,0.05904,0.007703
0.7,1.533,0.0598,0.008708
0.7333,1.533,0.06058,0.00985
0.7667,1.533,0.06138,0.01115
0.8,1.533,0.0622,0.01262
0.8333,1.533,0.06304,0.01429
0.8667,1.533,0.0639,0.01619
0.9,1.533,0.06478,0.01834
0.9333,1.533,0.06568,0.02078
0.9667,1.533,0.06661,0.02354
1,1.533,0.06756,0.02668
1.033,1.533,0.06853,0.03022
1.067,1.533,0.06953,0.03422
1.1,1.533,0.07055,0.03873
1.133,1.533,0.0716,0.04382
1.167,1.533,0.07268,0.04954
1.2,1.533,0.07378,0.05597
1.233,1.533,0.07491,0.06317
1.267,1.533,0.07607,0.07122
1.3,1.533,0.07726,0.0802
1.333,1.533,0.07848,0.09019
1.367,1.533,0.07973,0.1013
1.4,1.533,0.08102,0.1135
1.433,1.533,0.08234,0.1269
1.467,1.533,0.08369,0.1417
1.5,1.533,0.08508,0.1578
1.533,1.533,0.0865,0.1752
1.567,1.533,0.08797,0.1941
1.6,1.533,0.08947,0.2144
1.633,1.533,0.09101,0.2361
1.667,1.533,0.0926,0.2591
1.7,1.533,0.09422,0.2833
1.733,1.533,0.09589,0.3088
1.767,1.533,0.0976,0.3352
1.8,1.533,0.09936,0.3626
1.833,1.533,0.1012,0.3907
1.867,1.533,0.103,0.4192
1.9,1.533,0.1049,0.4481
1.933,1.533,0.1069,0.4772
1.967,1.533,0.1089,0.5061
2,1.533,0.111,0.5347
2.033,1.533,0.1131,0.5628
2.067,1.533,0.1153,0.5903
2.1,1.533,0.1175,0.6169
2.133,1.533,0.1198,0.6426
2.167,1.533,0.1222,0.6673
2.2,1.533,0.1246,0.6907
2.233,1.533,0.1271,0.713
2.267,1.533,0.1296,0.7341
2.3,1.533,0.1323,0.7539
2.333,1.533,0.135,0.7725
2.367,1.533,0.1378,0.7899
2.4,1.533,0.1406,0.806
2.433,1.533,0.1435,0.821
2.467,1.533,0.1465,0.8349
2.5,1.533,0.1496,0.8477
-2.5,1.567,0.02859,0.005215
-2.467,1.567,0.0287,0.005329
-2.433,1.567,0.02881,0.005448
-2.4,1.567,0.02892,0.005572
-2.367,1.567,0.02903,0.005703
-2.333,1.567,0.02914,0.005841
-2.3,1.567,0.02925,0.005985
-2.267,1.567,0.02937,0.006137
-2.233,1.567,0.02949,0.006296
-2.2,1.567,0.02961,0.006464
-2.167,1.567,0.02973,0.006641
-2.133,1.567,0.02986,0.006827
-2.1,1.567,0.02999,0.007023
-2.067,1.567,0.03012,0.00723
-2.033,1.567,0.03025,0.007448
-2,1.567,0.03038,0.007679
-1.967,1.567,0.03052,0.007922
-1.933,1.567,0.03066,0.008179
-1.9,1.567,0.0308,0.008452
-1.867,1.567,0.03095,0.00874
-1.833,1.567,0.0311,0.009045
-1.8,1.567,0.03125,0.009369
-1.767,1.567,0.0314,0.009712
-1.733,1.567,0.03156,0.01008
-1.7,1.567,0.03171,0.01046
-1.667,1.567,0.03188,0.01088
-1.633,1.567,0.03204,0.01131
-1.6,1.567,0.03221,0.01178
-1.567,1.567,0.03238,0.01228
-1.533,1.567,0.03255,0.01281
-1.5,1.567,0.03273,0.01337
-1.467,1.567,0.03291,0.01397
-1.433,1.567,0.0331,0.01462
-1.4,1.567,0.03329,0.01531
-1.367,1.567,0.03348,0.01604
-1.333,1.567,0.03367,0.01683
-1.3,1.567,0.03387,0.01768
-1.267,1.567,0.03407,0.01858
-1.233,1.567,0.03428,0.01955
-1.2,1.567,0.03449,0.02059
-1.167,1.567,0.03471,0.0217
-1.133,1.567,0.03493,0.02289
-1.1,1.567,0.03515,0.02416
-1.067,1.567,0.03538,0.02551
-1.033,1.567,0.03561,0.02694
-1,1.567,0.03585,0.02844
-0.9667,1.567,0.03609,0.03
-0.9333,1.567,0.03634,0.03159
-0.9,1.567,0.03659,0.03317
-0.8667,1.567,0.03684,0.03467
-0.8333,1.567,0.03711,0.036
-0.8,1.567,0.03737,0.03701
-0.7667,1.567,0.03765,0.03751
-0.7333,1.567,0.03792,0.03727
-0.7,1.567,0.03821,0.03603
-0.6667,1.567,0.0385,0.03357
-0.6333,1.567,0.03879,0.02982
-0.6,1.567,0.0391,0.02497
-0.5667,1.567,0.0394,0.01951
-0.5333,1.567,0.03972,0.01417
-0.5,1.567,0.04004,0.009616
-0.4667,1.567,0.04037,0.006204
-0.4333,1.567,0.0407,0.003916
-0.4,1.567,0.04104,0.002502
-0.3667,1.567,0.04139,0.001669
-0.3333,1.567,0.04175,0.001189
-0.3,1.567,0.04211,0.0009125
-0.2667,1.567,0.04248,0.0007542
-0.2333,1.567,0.04286,0.0006661
-0.2,1.567,0.04325,0.0006218
-0.1667,1.567,0.04365,0.0006067
-0.1333,1.567,0.04405,0.0006125
-0.1,1.567,0.04447,0.0006343
-0.06667,1.567,0.04489,0.0006696
-0.03333,1.567,0.04532,0.0007169
0,1.567,0.04577,0.0007756
0.03333,1.567,0.04622,0.0008458
0.06667,1.567,0.04668,0.0009277
0.1,1.567,0.04715,0.001022
0.1333,1.567,0.04763,0.00113
0.1667,1.567,0.04813,0.001253
0.2,1.567,0.04863,0.001393
0.2333,1.567,0.04915,0.001551
0.2667,1.567,0.04968,0.00173
0.3,1.567,0.05022,0.001932
0.3333,1.567,0.05077,0.002162
0.3667,1.567,0.05134,0.002421
0.4,1.567,0.05191,0.002715
0.4333,1.567,0.05251,0.003048
0.4667,1.567,0.05311,0.003425
0.5,1.567,0.05373,0.003853
0.5333,1.567,0.05437,0.004337
0.5667,1.567,0.05502,0.004887
0.6,1.567,0.05568,0.005511
0.6333,1.567,0.05636,0.00622
0.6667,1.567,0.05706,0.007024
0.7,1.567,0.05777,0.007937
0.7333,1.567,0.0585,0.008974
0.7667,1.567,0.05925,0.01015
0.8,1.567,0.06002,0.01149
0.8333,1.567,0.06081,0.01301
0.8667,1.567,0.06161,0.01473
0.9,1.567,0.06243,0.01669
0.9333,1.567,0.06328,0.01891
0.9667,1.567,0.06415,0.02142
1,1.567,0.06503,0.02428
1.033,1.567,0.06594,0.0275
1.067,1.567,0.06687,0.03115
1.1,1.567,0.06783,0.03527
1.133,1.567,0.06881,0.03992
1.167,1.567,0.06981,0.04516
1.2,1.567,0.07084,0.05105
1.233,1.567,0.0719,0.05766
1.267,1.567,0.07298,0.06506
1.3,1.567,0.07409,0.07333
1.333,1.567,0.07523,0.08255
1.367,1.567,0.0764,0.09279
1.4,1.567,0.0776,0.1041
1.433,1.567,0.07883,0.1167
1.467,1.567,0.08009,0.1304
1.5,1.567,0.08138,0.1455
1.533,1.567,0.08271,0.1619
1.567,1.567,0.08408,0.1797
1.6,1.567,0.08547,0.1989
1.633,1.567,0.08691,0.2196
1.667,1.567,0.08838,0.2416
1.7,1.567,0.0899,0.2649
1.733,1.567,0.09145,0.2894
1.767,1.567,0.09305,0.3151
1.8,1.567,0.09468,0.3418
1.833,1.567,0.09636,0.3694
1.867,1.567,0.09809,0.3976
1.9,1.567,0.09986,0.4263
1.933,1.567,0.1017,0.4552
1.967,1.567,0.1036,0.4842
2,1.567,0.1055,0.5131
2.033,1.567,0.1074,0.5416
2.067,1.567,0.1095,0.5696
2.1,1.567,0.1116,0.5969
2.133,1.567,0.1137,0.6233
2.167,1.567,0.1159,0.6487
2.2,1.567,0.1181,0.6731
2.233,1.567,0.1205,0.6963
2.267,1.567,0.1228,0.7183
2.3,1.567,0.1253,0.7391
2.333,1.567,0.1278,0.7586
2.367,1.567,0.1304,0.7769
2.4,1.567,0.133,0.7939
2.433,1.567,0.1357,0.8098
2.467,1.567,0.1385,0.8245
2.5,1.567,0.1414,0.8381
-2.5,1.6,0.02832,0.005133
-2.467,1.6,0.02842,0.005242
-2.433,1.6,0.02852,0.005357
-2.4,1.6,0.02862,0.005478
-2.367,1.6,0.02873,0.005604
-2.333,1.6,0.02884,0.005736
-2.3,1.6,0.02895,0.005875
-2.267,1.6,0.02906,0.006021
-2.233,1.6,0.02917,0.006175
-2.2,1.6,0.02929,0.006337
-2.167,1.6,0.0294,0.006506
-2.133,1.6,0.02952,0.006685
-2.1,1.6,0.02965,0.006874
-2.067,1.6,0.02977,0.007073
-2.033,1.6,0.0299,0.007282
-2,1.6,0.03002,0.007503
-1.967,1.6,0.03015,0.007737
-1.933,1.6,0.03029,0.007984
-1.9,1.6,0.03042,0.008245
-1.867,1.6,0.03056,0.008521
-1.833,1.6,0.0307,0.008813
-1.8,1.6,0.03084,0.009123
-1.767,1.6,0.03099,0.009451
-1.733,1.6,0.03114,0.0098
-1.7,1.6,0.03129,0.01017
-1.667,1.6,0.03144,0.01056
-1.633,1.6,0.0316,0.01098
-1.6,1.6,0.03176,0.01142
-1.567,1.6,0.03192,0.0119
-1.533,1.6,0.03209,0.0124
-1.5,1.6,0.03226,0.01294
-1.467,1.6,0.03243,0.01351
-1.433,1.6,0.0326,0.01413
-1.4,1.6,0.03278,0.01478
-1.367,1.6,0.03296,0.01548
-1.333,1.6,0.03315,0.01623
-1.3,1.6,0.03334,0.01703
-1.267,1.6,0.03353,0.01789
-1.233,1.6,0.03373,0.01881
-1.2,1.6,0.03393,0.01979
-1.167,1.6,0.03413,0.02084
-1.133,1.6,0.03434,0.02196
-1.1,1.6,0.03455,0.02315
-1.067,1.6,0.03477,0.02442
-1.033,1.6,0.03499,0.02576
-1,1.6,0.03521,0.02716
-0.9667,1.6,0.03544,0.0286
-0.9333,1.6,0.03568,0.03006
-0.9,1.6,0.03592,0.03149
-0.8667,1.6,0.03616,0.03282
-0.8333,1.6,0.03641,0.03395
-0.8,1.6,0.03666,0.03474
-0.7667,1.6,0.03692,0.03498
-0.7333,1.6,0.03718,0.03446
-0.7,1.6,0.03745,0.03295
-0.6667,1.6,0.03772,0.03027
-0.6333,1.6,0.038,0.02641
-0.6,1.6,0.03829,0.02166
-0.5667,1.6,0.03858,0.01654
-0.5333,1.6,0.03888,0.01174
-0.5,1.6,0.03918,0.007821
-0.4667,1.6,0.03949,0.004989
-0.4333,1.6,0.03981,0.003144
-0.4,1.6,0.04013,0.002025
-0.3667,1.6,0.04046,0.001372
-0.3333,1.6,0.0408,0.0009969
-0.3,1.6,0.04114,0.000781
-0.2667,1.6,0.04149,0.0006578
-0.2333,1.6,0.04185,0.0005902
-0.2,1.6,0.04222,0.0005579
-0.1667,1.6,0.04259,0.0005495
-0.1333,1.6,0.04297,0.0005585
-0.1,1.6,0.04336,0.0005811
-0.06667,1.6,0.04376,0.0006154
-0.03333,1.6,0.04417,0.0006602
0,1.6,0.04459,0.0007151
0.03333,1.6,0.04501,0.0007802
0.06667,1.6,0.04545,0.0008558
0.1,1.6,0.04589,0.0009427
0.1333,1.6,0.04635,0.001042
0.1667,1.6,0.04681,0.001155
0.2,1.6,0.04729,0.001282
0.2333,1.6,0.04777,0.001427
0.2667,1.6,0.04827,0.001591
0.3,1.6,0.04878,0.001776
0.3333,1.6,0.0493,0.001985
0.3667,1.6,0.04983,0.002221
0.4,1.6,0.05037,0.002489
0.4333,1.6,0.05093,0.002792
0.4667,1.6,0.0515,0.003136
0.5,1.6,0.05208,0.003525
0.5333,1.6,0.05267,0.003965
0.5667,1.6,0.05328,0.004465
0.6,1.6,0.05391,0.005033
0.6333,1.6,0.05455,0.005676
0.6667,1.6,0.0552,0.006407
0.7,1.6,0.05587,0.007237
0.7333,1.6,0.05656,0.008179
0.7667,1.6,0.05726,0.009249
0.8,1.6,0.05798,0.01046
0.8333,1.6,0.05871,0.01184
0.8667,1.6,0.05947,0.01341
0.9,1.6,0.06024,0.01519
0.9333,1.6,0.06103,0.01721
0.9667,1.6,0.06184,0.0195
1,1.6,0.06267,0.02209
1.033,1.6,0.06352,0.02503
1.067,1.6,0.06439,0.02835
1.1,1.6,0.06529,0.03211
1.133,1.6,0.0662,0.03636
1.167,1.6,0.06714,0.04115
1.2,1.6,0.0681,0.04654
1.233,1.6,0.06909,0.05259
1.267,1.6,0.0701,0.05939
1.3,1.6,0.07114,0.067
1.333,1.6,0.0722,0.0755
1.367,1.6,0.07329,0.08496
1.4,1.6,0.07441,0.09546
1.433,1.6,0.07555,0.1071
1.467,1.6,0.07673,0.1199
1.5,1.6,0.07794,0.134
1.533,1.6,0.07918,0.1494
1.567,1.6,0.08045,0.1661
1.6,1.6,0.08175,0.1843
1.633,1.6,0.08309,0.2039
1.667,1.6,0.08446,0.2248
1.7,1.6,0.08587,0.2471
1.733,1.6,0.08732,0.2708
1.767,1.6,0.0888,0.2956
1.8,1.6,0.09033,0.3216
1.833,1.6,0.09189,0.3485
1.867,1.6,0.0935,0.3762
1.9,1.6,0.09515,0.4046
1.933,1.6,0.09684,0.4333
1.967,1.6,0.09858,0.4623
2,1.6,0.1004,0.4913
2.033,1.6,0.1022,0.5201
2.067,1.6,0.1041,0.5485
2.1,1.6,0.106,0.5763
2.133,1.6,0.108,0.6034
2.167,1.6,0.1101,0.6296
2.2,1.6,0.1121,0.6548
2.233,1.6,0.1143,0.6789
2.267,1.6,0.1165,0.7018
2.3,1.6,0.1188,0.7235
2.333,1.6,0.1211,0.744
2.367,1.6,0.1235,0.7632
2.4,1.6,0.126,0.7811
2.433,1.6,0.1285,0.7979
2.467,1.6,0.1311,0.8135
2.5,1.6,0.1338,0.8279
-2.5,1.633,0.02805,0.005053
-2.467,1.633,0.02815,0.005159
-2.433,1.633,0.02825,0.00527
-2.4,1.633,0.02835,0.005386
-2.367,1.633,0.02845,0.005508
-2.333,1.633,0.02855,0.005636
-2.3,1.633,0.02865,0.00577
-2.267,1.633,0.02876,0.00591
-2.233,1.633,0.02887,0.006058
-2.2,1.633,0.02898,0.006214
-2.167,1.633,0.02909,0.006377
-2.133,1.633,0.0292,0.006549
-2.1,1.633,0.02932,0.006731
-2.067,1.633,0.02944,0.006922
-2.033,1.633,0.02956,0.007123
-2,1.633,0.02968,0.007335
-1.967,1.633,0.0298,0.007559
-1.933,1.633,0.02993,0.007796
-1.9,1.633,0.03006,0.008046
-1.867,1.633,0.03019,0.008311
-1.833,1.633,0.03032,0.008591
-1.8,1.633,0.03046,0.008887
-1.767,1.633,0.0306,0.009202
-1.733,1.633,0.03074,0.009535
-1.7,1.633,0.03088,0.009888
-1.667,1.633,0.03103,0.01026
-1.633,1.633,0.03118,0.01066
-1.6,1.633,0.03133,0.01109
-1.567,1.633,0.03149,0.01154
-1.533,1.633,0.03164,0.01202
-1.5,1.633,0.0318,0.01253
-1.467,1.633,0.03197,0.01308
-1.433,1.633,0.03214,0.01366
-1.4,1.633,0.0323,0.01428
-1.367,1.633,0.03248,0.01495
-1.333,1.633,0.03265,0.01566
-1.3,1.633,0.03283,0.01642
-1.267,1.633,0.03302,0.01723
-1.233,1.633,0.0332,0.0181
-1.2,1.633,0.03339,0.01903
-1.167,1.633,0.03359,0.02002
-1.133,1.633,0.03378,0.02108
-1.1,1.633,0.03399,0.0222
-1.067,1.633,0.03419,0.02339
-1.033,1.633,0.0344,0.02464
-1,1.633,0.03461,0.02594
-0.9667,1.633,0.03483,0.02727
-0.9333,1.633,0.03505,0.02861
-0.9,1.633,0.03528,0.0299
-0.8667,1.633,0.03551,0.03107
-0.8333,1.633,0.03574,0.03201
-0.8,1.633,0.03598,0.03257
-0.7667,1.633,0.03623,0.03258
-0.7333,1.633,0.03648,0.0318
-0.7,1.633,0.03673,0.03004
-0.6667,1.633,0.03699,0.02718
-0.6333,1.633,0.03726,0.02328
-0.6,1.633,0.03753,0.01868
-0.5667,1.633,0.0378,0.01394
-0.5333,1.633,0.03808,0.009682
-0.5,1.633,0.03837,0.00634
-0.4667,1.633,0.03866,0.00401
-0.4333,1.633,0.03896,0.00253
-0.4,1.633,0.03927,0.001647
-0.3667,1.633,0.03958,0.001136
-0.3333,1.633,0.0399,0.0008419
-0.3,1.633,0.04022,0.0006731
-0.2667,1.633,0.04055,0.0005772
-0.2333,1.633,0.04089,0.0005256
-0.2,1.633,0.04124,0.0005027
-0.1667,1.633,0.04159,0.0004993
-0.1333,1.633,0.04195,0.0005106
-0.1,1.633,0.04232,0.0005336
-0.06667,1.633,0.0427,0.0005666
-0.03333,1.633,0.04308,0.0006089
0,1.633,0.04347,0.0006601
0.03333,1.633,0.04387,0.0007204
0.06667,1.633,0.04428,0.0007903
0.1,1.633,0.0447,0.0008703
0.1333,1.633,0.04513,0.0009614
0.1667,1.633,0.04557,0.001065
0.2,1.633,0.04602,0.001182
0.2333,1.633,0.04647,0.001314
0.2667,1.633,0.04694,0.001464
0.3,1.633,0.04742,0.001633
0.3333,1.633,0.04791,0.001823
0.3667,1.633,0.04841,0.002039
0.4,1.633,0.04892,0.002283
0.4333,1.633,0.04944,0.002559
0.4667,1.633,0.04998,0.002872
0.5,1.633,0.05053,0.003226
0.5333,1.633,0.05109,0.003627
0.5667,1.633,0.05166,0.004082
0.6,1.633,0.05224,0.004597
0.6333,1.633,0.05284,0.005183
0.6667,1.633,0.05346,0.005847
0.7,1.633,0.05409,0.0066
0.7333,1.633,0.05473,0.007456
0.7667,1.633,0.05539,0.008428
0.8,1.633,0.05606,0.009532
0.8333,1.633,0.05675,0.01079
0.8667,1.633,0.05746,0.01221
0.9,1.633,0.05818,0.01382
0.9333,1.633,0.05892,0.01566
0.9667,1.633,0.05968,0.01774
1,1.633,0.06046,0.0201
1.033,1.633,0.06125,0.02277
1.067,1.633,0.06207,0.0258
1.1,1.633,0.06291,0.02923
1.133,1.633,0.06376,0.0331
1.167,1.633,0.06464,0.03748
1.2,1.633,0.06554,0.04241
1.233,1.633,0.06646,0.04795
1.267,1.633,0.06741,0.05419
1.3,1.633,0.06837,0.06117
1.333,1.633,0.06937,0.06899
1.367,1.633,0.07039,0.07772
1.4,1.633,0.07143,0.08743
1.433,1.633,0.0725,0.0982
1.467,1.633,0.0736,0.1101
1.5,1.633,0.07473,0.1232
1.533,1.633,0.07588,0.1376
1.567,1.633,0.07707,0.1533
1.6,1.633,0.07828,0.1704
1.633,1.633,0.07953,0.1889
1.667,1.633,0.08081,0.2089
1.7,1.633,0.08212,0.2302
1.733,1.633,0.08347,0.2528
1.767,1.633,0.08485,0.2767
1.8,1.633,0.08627,0.3019
1.833,1.633,0.08773,0.3281
1.867,1.633,0.08923,0.3552
1.9,1.633,0.09076,0.3831
1.933,1.633,0.09234,0.4116
1.967,1.633,0.09396,0.4404
2,1.633,0.09562,0.4694
2.033,1.633,0.09733,0.4984
2.067,1.633,0.09908,0.5271
2.1,1.633,0.1009,0.5554
2.133,1.633,0.1027,0.583
2.167,1.633,0.1046,0.6099
2.2,1.633,0.1066,0.6359
2.233,1.633,0.1086,0.6608
2.267,1.633,0.1106,0.6846
2.3,1.633,0.1127,0.7072
2.333,1.633,0.1149,0.7286
2.367,1.633,0.1171,0.7488
2.4,1.633,0.1194,0.7677
2.433,1.633,0.1218,0.7853
2.467,1.633,0.1242,0.8018
2.5,1.633,0.1267,0.8171
-2.5,1.667,0.0278,0.004977
-2.467,1.667,0.02789,0.005079
-2.433,1.667,0.02799,0.005186
-2.4,1.667,0.02808,0.005298
-2.367,1.667,0.02818,0.005415
-2.333,1.667,0.02827,0.005539
-2.3,1.667,0.02837,0.005668
-2.267,1.667,0.02847,0.005803
-2.233,1.667,0.02858,0.005946
-2.2,1.667,0.02868,0.006096
-2.167,1.667,0.02879,0.006253
-2.133,1.667,0.0289,0.006419
-2.1,1.667,0.02901,0.006593
-2.067,1.667,0.02912,0.006777
-2.033,1.667,0.02924,0.00697
-2,1.667,0.02935,0.007174
-1.967,1.667,0.02947,0.007389
-1.933,1.667,0.02959,0.007616
-1.9,1.667,0.02971,0.007856
-1.867,1.667,0.02984,0.00811
-1.833,1.667,0.02997,0.008378
-1.8,1.667,0.0301,0.008662
-1.767,1.667,0.03023,0.008963
-1.733,1.667,0.03036,0.009281
-1.7,1.667,0.0305,0.009619
-1.667,1.667,0.03064,0.009978
-1.633,1.667,0.03078,0.01036
-1.6,1.667,0.03093,0.01076
-1.567,1.667,0.03107,0.01119
-1.533,1.667,0.03122,0.01165
-1.5,1.667,0.03138,0.01214
-1.467,1.667,0.03153,0.01266
-1.433,1.667,0.03169,0.01322
-1.4,1.667,0.03185,0.01381
-1.367,1.667,0.03201,0.01444
-1.333,1.667,0.03218,0.01511
-1.3,1.667,0.03235,0.01583
-1.267,1.667,0.03253,0.0166
-1.233,1.667,0.0327,0.01743
-1.2,1.667,0.03288,0.01831
-1.167,1.667,0.03307,0.01924
-1.133,1.667,0.03326,0.02024
-1.1,1.667,0.03345,0.0213
-1.067,1.667,0.03364,0.02241
-1.033,1.667,0.03384,0.02358
-1,1.667,0.03404,0.02479
-0.9667,1.667,0.03425,0.02602
-0.9333,1.667,0.03446,0.02724
-0.9,1.667,0.03467,0.02839
-0.8667,1.667,0.03489,0.0294
-0.8333,1.667,0.03511,0.03016
-0.8,1.667,0.03534,0.03052
-0.7667,1.667,0.03557,0.03029
-0.7333,1.667,0.03581,0.02927
-0.7,1.667,0.03605,0.0273
-0.6667,1.667,0.0363,0.0243
-0.6333,1.667,0.03655,0.02041
-0.6,1.667,0.0368,0.01601
-0.5667,1.667,0.03706,0.01168
-0.5333,1.667,0.03733,0.007946
-0.5,1.667,0.0376,0.005127
-0.4667,1.667,0.03788,0.003224
-0.4333,1.667,0.03816,0.002043
-0.4,1.667,0.03845,0.001347
-0.3667,1.667,0.03875,0.0009464
-0.3333,1.667,0.03905,0.0007161
-0.3,1.667,0.03935,0.0005839
-0.2667,1.667,0.03967,0.0005093
-0.2333,1.667,0.03999,0.0004703
-0.2,1.667,0.04031,0.0004546
-0.1667,1.667,0.04065,0.0004551
-0.1333,1.667,0.04099,0.000468
-0.1,1.667,0.04134,0.0004909
-0.06667,1.667,0.04169,0.0005225
-0.03333,1.667,0.04205,0.0005623
0,1.667,0.04242,0.0006101
0.03333,1.667,0.0428,0.000666
0.06667,1.667,0.04319,0.0007305
0.1,1.667,0.04358,0.0008041
0.1333,1.667,0.04399,0.0008878
0.1667,1.667,0.0444,0.0009827
0.2,1.667,0.04482,0.00109
0.2333,1.667,0.04525,0.001211
0.2667,1.667,0.04569,0.001348
0.3,1.667,0.04614,0.001502
0.3333,1.667,0.0466,0.001676
0.3667,1.667,0.04708,0.001873
0.4,1.667,0.04756,0.002096
0.4333,1.667,0.04805,0.002347
0.4667,1.667,0.04855,0.002632
0.5,1.667,0.04907,0.002954
0.5333,1.667,0.04959,0.003319
0.5667,1.667,0.05013,0.003733
0.6,1.667,0.05068,0.004202
0.6333,1.667,0.05124,0.004734
0.6667,1.667,0.05182,0.005337
0.7,1.667,0.05241,0.006022
0.7333,1.667,0.05301,0.0068
0.7667,1.667,0.05363,0.007683
0.8,1.667,0.05426,0.008685
0.8333,1.667,0.05491,0.009824
0.8667,1.667,0.05557,0.01112
0.9,1.667,0.05625,0.01259
0.9333,1.667,0.05695,0.01425
0.9667,1.667,0.05766,0.01614
1,1.667,0.05839,0.01829
1.033,1.667,0.05913,0.02072
1.067,1.667,0.0599,0.02348
1.1,1.667,0.06068,0.0266
1.133,1.667,0.06148,0.03013
1.167,1.667,0.0623,0.03412
1.2,1.667,0.06314,0.03863
1.233,1.667,0.06401,0.0437
1.267,1.667,0.06489,0.04941
1.3,1.667,0.0658,0.05582
1.333,1.667,0.06672,0.06301
1.367,1.667,0.06768,0.07104
1.4,1.667,0.06865,0.08
1.433,1.667,0.06965,0.08996
1.467,1.667,0.07068,0.101
1.5,1.667,0.07173,0.1132
1.533,1.667,0.07281,0.1266
1.567,1.667,0.07391,0.1413
1.6,1.667,0.07505,0.1574
1.633,1.667,0.07621,0.1748
1.667,1.667,0.0774,0.1937
1.7,1.667,0.07863,0.2139
1.733,1.667,0.07989,0.2356
1.767,1.667,0.08117,0.2585
1.8,1.667,0.0825,0.2828
1.833,1.667,0.08385,0.3082
1.867,1.667,0.08525,0.3346
1.9,1.667,0.08668,0.362
1.933,1.667,0.08815,0.39
1.967,1.667,0.08965,0.4186
2,1.667,0.0912,0.4475
2.033,1.667,0.09279,0.4765
2.067,1.667,0.09442,0.5054
2.1,1.667,0.09609,0.5341
2.133,1.667,0.09781,0.5622
2.167,1.667,0.09958,0.5897
2.2,1.667,0.1014,0.6163
2.233,1.667,0.1033,0.642
2.267,1.667,0.1052,0.6667
2.3,1.667,0.1071,0.6902
2.333,1.667,0.1091,0.7126
2.367,1.667,0.1112,0.7337
2.4,1.667,0.1133,0.7535
2.433,1.667,0.1155,0.7721
2.467,1.667,0.1178,0.7895
2.5,1.667,0.1201,0.8057
-2.5,1.7,0.02756,0.004903
-2.467,1.7,0.02765,0.005001
-2.433,1.7,0.02774,0.005105
-2.4,1.7,0.02783,0.005213
-2.367,1.7,0.02792,0.005326
-2.333,1.7,0.02801,0.005445
-2.3,1.7,0.02811,0.00557
-2.267,1.7,0.0282,0.0057
-2.233,1.7,0.0283,0.005838
-2.2,1.7,0.0284,0.005982
-2.167,1.7,0.0285,0.006133
-2.133,1.7,0.02861,0.006293
-2.1,1.7,0.02871,0.006461
-2.067,1.7,0.02882,0.006637
-2.033,1.7,0.02893,0.006823
-2,1.7,0.02904,0.007019
-1.967,1.7,0.02915,0.007225
-1.933,1.7,0.02927,0.007444
-1.9,1.7,0.02939,0.007674
-1.867,1.7,0.0295,0.007917
-1.833,1.7,0.02963,0.008174
-1.8,1.7,0.02975,0.008446
-1.767,1.7,0.02987,0.008734
-1.733,1.7,0.03,0.009039
-1.7,1.7,0.03013,0.009362
-1.667,1.7,0.03027,0.009705
-1.633,1.7,0.0304,0.01007
-1.6,1.7,0.03054,0.01046
-1.567,1.7,0.03068,0.01087
-1.533,1.7,0.03082,0.0113
-1.5,1.7,0.03097,0.01177
-1.467,1.7,0.03111,0.01226
-1.433,1.7,0.03126,0.01279
-1.4,1.7,0.03142,0.01336
-1.367,1.7,0.03157,0.01396
-1.333,1.7,0.03173,0.0146
-1.3,1.7,0.0319,0.01528
-1.267,1.7,0.03206,0.01601
-1.233,1.7,0.03223,0.01679
-1.2,1.7,0.0324,0.01762
-1.167,1.7,0.03258,0.01851
-1.133,1.7,0.03275,0.01945
-1.1,1.7,0.03294,0.02044
-1.067,1.7,0.03312,0.02149
-1.033,1.7,0.03331,0.02258
-1,1.7,0.0335,0.0237
-0.9667,1.7,0.0337,0.02483
-0.9333,1.7,0.0339,0.02593
-0.9,1.7,0.0341,0.02696
-0.8667,1.7,0.03431,0.02781
-0.8333,1.7,0.03452,0.0284
-0.8,1.7,0.03473,0.02856
-0.7667,1.7,0.03495,0.02811
-0.7333,1.7,0.03518,0.02688
-0.7,1.7,0.03541,0.02472
-0.6667,1.7,0.03564,0.02163
-0.6333,1.7,0.03588,0.01779
-0.6,1.7,0.03612,0.01365
-0.5667,1.7,0.03637,0.009729
-0.5333,1.7,0.03662,0.006494
-0.5,1.7,0.03688,0.004139
-0.4667,1.7,0.03714,0.002595
-0.4333,1.7,0.03741,0.001656
-0.4,1.7,0.03768,0.001109
-0.3667,1.7,0.03796,0.0007941
-0.3333,1.7,0.03824,0.0006133
-0.3,1.7,0.03853,0.0005097
-0.2667,1.7,0.03883,0.0004519
-0.2333,1.7,0.03913,0.0004228
-0.2,1.7,0.03944,0.0004126
-0.1667,1.7,0.03976,0.0004161
-0.1333,1.7,0.04008,0.00043
-0.1,1.7,0.04041,0.0004525
-0.06667,1.7,0.04074,0.0004826
-0.03333,1.7,0.04108,0.00052
0,1.7,0.04143,0.0005645
0.03333,1.7,0.04179,0.0006163
0.06667,1.7,0.04216,0.0006758
0.1,1.7,0.04253,0.0007436
0.1333,1.7,0.04291,0.0008206
0.1667,1.7,0.0433,0.0009076
0.2,1.7,0.0437,0.001006
0.2333,1.7,0.0441,0.001117
0.2667,1.7,0.04452,0.001242
0.3,1.7,0.04494,0.001383
0.3333,1.7,0.04538,0.001542
0.3667,1.7,0.04582,0.001722
0.4,1.7,0.04627,0.001925
0.4333,1.7,0.04674,0.002154
0.4667,1.7,0.04721,0.002414
0.5,1.7,0.04769,0.002707
0.5333,1.7,0.04819,0.003039
0.5667,1.7,0.04869,0.003416
0.6,1.7,0.04921,0.003842
0.6333,1.7,0.04974,0.004326
0.6667,1.7,0.05028,0.004874
0.7,1.7,0.05084,0.005497
0.7333,1.7,0.0514,0.006203
0.7667,1.7,0.05198,0.007005
0.8,1.7,0.05258,0.007916
0.8333,1.7,0.05319,0.008951
0.8667,1.7,0.05381,0.01013
0.9,1.7,0.05444,0.01146
0.9333,1.7,0.0551,0.01297
0.9667,1.7,0.05576,0.01469
1,1.7,0.05645,0.01664
1.033,1.7,0.05714,0.01886
1.067,1.7,0.05786,0.02137
1.1,1.7,0.05859,0.02421
1.133,1.7,0.05934,0.02743
1.167,1.7,0.06011,0.03107
1.2,1.7,0.0609,0.03518
1.233,1.7,0.06171,0.03981
1.267,1.7,0.06254,0.04504
1.3,1.7,0.06338,0.05091
1.333,1.7,0.06425,0.0575
1.367,1.7,0.06514,0.06489
1.4,1.7,0.06605,0.07314
1.433,1.7,0.06699,0.08234
1.467,1.7,0.06795,0.09256
1.5,1.7,0.06893,0.1039
1.533,1.7,0.06994,0.1164
1.567,1.7,0.07097,0.1301
1.6,1.7,0.07203,0.1451
1.633,1.7,0.07311,0.1615
1.667,1.7,0.07423,0.1793
1.7,1.7,0.07537,0.1985
1.733,1.7,0.07654,0.2191
1.767,1.7,0.07774,0.2411
1.8,1.7,0.07898,0.2644
1.833,1.7,0.08024,0.2889
1.867,1.7,0.08154,0.3146
1.9,1.7,0.08287,0.3412
1.933,1.7,0.08424,0.3688
1.967,1.7,0.08565,0.397
2,1.7,0.08709,0.4256
2.033,1.7,0.08856,0.4546
2.067,1.7,0.09008,0.4836
2.1,1.7,0.09164,0.5125
2.133,1.7,0.09324,0.541
2.167,1.7,0.09488,0.569
2.2,1.7,0.09657,0.5963
2.233,1.7,0.0983,0.6227
2.267,1.7,0.1001,0.6482
2.3,1.7,0.1019,0.6726
2.333,1.7,0.1038,0.6958
2.367,1.7,0.1057,0.7178
2.4,1.7,0.1077,0.7386
2.433,1.7,0.1097,0.7582
2.467,1.7,0.1118,0.7765
2.5,1.7,0.114,0.7935
-2.5,1.733,0.02733,0.004831
-2.467,1.733,0.02741,0.004926
-2.433,1.733,0.0275,0.005026
-2.4,1.733,0.02758,0.005131
-2.367,1.733,0.02767,0.00524
-2.333,1.733,0.02776,0.005355
-2.3,1.733,0.02785,0.005475
-2.267,1.733,0.02794,0.005601
-2.233,1.733,0.02804,0.005733
-2.2,1.733,0.02813,0.005872
-2.167,1.733,0.02823,0.006018
-2.133,1.733,0.02833,0.006172
-2.1,1.733,0.02843,0.006333
-2.067,1.733,0.02853,0.006503
-2.033,1.733,0.02864,0.006682
-2,1.733,0.02874,0.00687
-1.967,1.733,0.02885,0.007068
-1.933,1.733,0.02896,0.007278
-1.9,1.733,0.02907,0.007499
-1.867,1.733,0.02918,0.007732
-1.833,1.733,0.0293,0.007979
-1.8,1.733,0.02942,0.008239
-1.767,1.733,0.02954,0.008515
-1.733,1.733,0.02966,0.008807
-1.7,1.733,0.02978,0.009116
-1.667,1.733,0.02991,0.009444
-1.633,1.733,0.03004,0.009792
-1.6,1.733,0.03017,0.01016
-1.567,1.733,0.0303,0.01055
-1.533,1.733,0.03044,0.01097
-1.5,1.733,0.03058,0.01141
-1.467,1.733,0.03072,0.01189
-1.433,1.733,0.03086,0.01239
-1.4,1.733,0.03101,0.01293
-1.367,1.733,0.03116,0.0135
-1.333,1.733,0.03131,0.01411
-1.3,1.733,0.03146,0.01476
-1.267,1.733,0.03162,0.01545
-1.233,1.733,0.03178,0.01619
-1.2,1.733,0.03194,0.01697
-1.167,1.733,0.03211,0.01781
-1.133,1.733,0.03228,0.0187
-1.1,1.733,0.03245,0.01963
-1.067,1.733,0.03263,0.02061
-1.033,1.733,0.0328,0.02163
-1,1.733,0.03299,0.02267
-0.9667,1.733,0.03317,0.0237
-0.9333,1.733,0.03336,0.0247
-0.9,1.733,0.03356,0.02559
-0.8667,1.733,0.03375,0.0263
-0.8333,1.733,0.03395,0.02672
-0.8,1.733,0.03416,0.02669
-0.7667,1.733,0.03437,0.02604
-0.7333,1.733,0.03458,0.02461
-0.7,1.733,0.03479,0.0223
-0.6667,1.733,0.03502,0.01916
-0.6333,1.733,0.03524,0.01543
-0.6,1.733,0.03547,0.01157
-0.5667,1.733,0.03571,0.008065
-0.5333,1.733,0.03594,0.005289
-0.5,1.733,0.03619,0.003338
-0.4667,1.733,0.03644,0.002093
-0.4333,1.733,0.03669,0.001349
-0.4,1.733,0.03695,0.0009182
-0.3667,1.733,0.03721,0.000671
-0.3333,1.733,0.03748,0.0005289
-0.3,1.733,0.03776,0.0004477
-0.2667,1.733,0.03804,0.0004031
-0.2333,1.733,0.03832,0.0003816
-0.2,1.733,0.03862,0.0003758
-0.1667,1.733,0.03891,0.0003814
-0.1333,1.733,0.03922,0.0003959
-0.1,1.733,0.03953,0.0004178
-0.06667,1.733,0.03985,0.0004465
-0.03333,1.733,0.04017,0.0004815
0,1.733,0.0405,0.0005229
0.03333,1.733,0.04084,0.0005709
0.06667,1.733,0.04118,0.0006258
0.1,1.733,0.04153,0.0006883
0.1333,1.733,0.04189,0.000759
0.1667,1.733,0.04226,0.0008389
0.2,1.733,0.04264,0.000929
0.2333,1.733,0.04302,0.001031
0.2667,1.733,0.04341,0.001145
0.3,1.733,0.04381,0.001274
0.3333,1.733,0.04422,0.001419
0.3667,1.733,0.04464,0.001584
0.4,1.733,0.04506,0.001769
0.4333,1.733,0.0455,0.001978
0.4667,1.733,0.04595,0.002214
0.5,1.733,0.0464,0.002482
0.5333,1.733,0.04687,0.002784
0.5667,1.733,0.04734,0.003127
0.6,1.733,0.04783,0.003515
0.6333,1.733,0.04833,0.003955
0.6667,1.733,0.04884,0.004454
0.7,1.733,0.04936,0.005019
0.7333,1.733,0.04989,0.005661
0.7667,1.733,0.05044,0.00639
0.8,1.733,0.051,0.007218
0.8333,1.733,0.05157,0.008157
0.8667,1.733,0.05215,0.009224
0.9,1.733,0.05275,0.01044
0.9333,1.733,0.05336,0.01181
0.9667,1.733,0.05398,0.01337
1,1.733,0.05463,0.01515
1.033,1.733,0.05528,0.01716
1.067,1.733,0.05595,0.01944
1.1,1.733,0.05664,0.02203
1.133,1.733,0.05734,0.02496
1.167,1.733,0.05806,0.02828
1.2,1.733,0.0588,0.03203
1.233,1.733,0.05956,0.03626
1.267,1.733,0.06033,0.04103
1.3,1.733,0.06113,0.04641
1.333,1.733,0.06194,0.05245
1.367,1.733,0.06277,0.05923
1.4,1.733,0.06362,0.06682
1.433,1.733,0.0645,0.0753
1.467,1.733,0.06539,0.08474
1.5,1.733,0.06631,0.09522
1.533,1.733,0.06725,0.1068
1.567,1.733,0.06822,0.1196
1.6,1.733,0.06921,0.1337
1.633,1.733,0.07022,0.149
1.667,1.733,0.07126,0.1658
1.7,1.733,0.07233,0.1839
1.733,1.733,0.07342,0.2034
1.767,1.733,0.07454,0.2243
1.8,1.733,0.07569,0.2466
1.833,1.733,0.07688,0.2702
1.867,1.733,0.07809,0.2951
1.9,1.733,0.07933,0.321
1.933,1.733,0.0806,0.3479
1.967,1.733,0.08191,0.3756
2,1.733,0.08325,0.4039
2.033,1.733,0.08463,0.4327
2.067,1.733,0.08604,0.4617
2.1,1.733,0.0875,0.4907
2.133,1.733,0.08899,0.5195
2.167,1.733,0.09051,0.5479
2.2,1.733,0.09208,0.5757
2.233,1.733,0.0937,0.6028
2.267,1.733,0.09535,0.629
2.3,1.733,0.09705,0.6542
2.333,1.733,0.0988,0.6784
2.367,1.733,0.1006,0.7013
2.4,1.733,0.1024,0.723
2.433,1.733,0.1043,0.7435
2.467,1.733,0.1063,0.7627
2.5,1.733,0.1083,0.7807
-2.5,1.767,0.02711,0.004762
-2.467,1.767,0.02719,0.004854
-2.433,1.767,0.02727,0.00495
-2.4,1.767,0.02735,0.005051
-2.367,1.767,0.02744,0.005157
-2.333,1.767,0.02752,0.005268
-2.3,1.767,0.02761,0.005384
-2.267,1.767,0.0277,0.005505
-2.233,1.767,0.02779,0.005633
-2.2,1.767,0.02788,0.005767
-2.167,1.767,0.02797,0.005907
-2.133,1.767,0.02806,0.006055
-2.1,1.767,0.02816,0.006211
-2.067,1.767,0.02826,0.006374
-2.033,1.767,0.02836,0.006546
-2,1.767,0.02846,0.006727
-1.967,1.767,0.02856,0.006918
-1.933,1.767,0.02867,0.007119
-1.9,1.767,0.02877,0.007331
-1.867,1.767,0.02888,0.007555
-1.833,1.767,0.02899,0.007791
-1.8,1.767,0.0291,0.008041
-1.767,1.767,0.02922,0.008305
-1.733,1.767,0.02933,0.008585
-1.7,1.767,0.02945,0.008881
-1.667,1.767,0.02957,0.009195
-1.633,1.767,0.02969,0.009527
-1.6,1.767,0.02982,0.00988
-1.567,1.767,0.02995,0.01025
-1.533,1.767,0.03008,0.01065
-1.5,1.767,0.03021,0.01108
-1.467,1.767,0.03034,0.01153
-1.433,1.767,0.03048,0.01201
-1.4,1.767,0.03062,0.01252
-1.367,1.767,0.03076,0.01306
-1.333,1.767,0.0309,0.01364
-1.3,1.767,0.03105,0.01426
-1.267,1.767,0.0312,0.01491
-1.233,1.767,0.03135,0.01561
-1.2,1.767,0.03151,0.01636
-1.167,1.767,0.03166,0.01715
-1.133,1.767,0.03182,0.01798
-1.1,1.767,0.03199,0.01886
-1.067,1.767,0.03216,0.01978
-1.033,1.767,0.03233,0.02072
-1,1.767,0.0325,0.02168
-0.9667,1.767,0.03268,0.02263
-0.9333,1.767,0.03286,0.02352
-0.9,1.767,0.03304,0.02429
-0.8667,1.767,0.03323,0.02486
-0.8333,1.767,0.03342,0.02512
-0.8,1.767,0.03361,0.0249
-0.7667,1.767,0.03381,0.02406
-0.7333,1.767,0.03401,0.02246
-0.7,1.767,0.03422,0.02003
-0.6667,1.767,0.03442,0.01688
-0.6333,1.767,0.03464,0.0133
-0.6,1.767,0.03486,0.009744
-0.5667,1.767,0.03508,0.006653
-0.5333,1.767,0.03531,0.004296
-0.5,1.767,0.03554,0.002693
-0.4667,1.767,0.03577,0.001694
-0.4333,1.767,0.03601,0.001105
-0.4,1.767,0.03626,0.0007655
-0.3667,1.767,0.03651,0.000571
-0.3333,1.767,0.03676,0.0004592
-0.3,1.767,0.03702,0.0003956
-0.2667,1.767,0.03729,0.0003613
-0.2333,1.767,0.03756,0.0003458
-0.2,1.767,0.03783,0.0003434
-0.1667,1.767,0.03812,0.0003505
-0.1333,1.767,0.0384,0.0003652
-0.1,1.767,0.0387,0.0003865
-0.06667,1.767,0.039,0.0004136
-0.03333,1.767,0.0393,0.0004464
0,1.767,0.03962,0.0004849
0.03333,1.767,0.03994,0.0005294
0.06667,1.767,0.04026,0.0005801
0.1,1.767,0.04059,0.0006376
0.1333,1.767,0.04093,0.0007027
0.1667,1.767,0.04128,0.000776
0.2,1.767,0.04163,0.0008587
0.2333,1.767,0.042,0.0009518
0.2667,1.767,0.04236,0.001057
0.3,1.767,0.04274,0.001175
0.3333,1.767,0.04313,0.001308
0.3667,1.767,0.04352,0.001457
0.4,1.767,0.04392,0.001627
0.4333,1.767,0.04433,0.001817
0.4667,1.767,0.04475,0.002033
0.5,1.767,0.04518,0.002277
0.5333,1.767,0.04562,0.002552
0.5667,1.767,0.04607,0.002864
0.6,1.767,0.04653,0.003217
0.6333,1.767,0.047,0.003618
0.6667,1.767,0.04748,0.004071
0.7,1.767,0.04797,0.004586
0.7333,1.767,0.04847,0.005169
0.7667,1.767,0.04898,0.005831
0.8,1.767,0.04951,0.006583
0.8333,1.767,0.05004,0.007437
0.8667,1.767,0.05059,0.008406
0.9,1.767,0.05115,0.009507
0.9333,1.767,0.05173,0.01076
0.9667,1.767,0.05232,0.01218
1,1.767,0.05292,0.01379
1.033,1.767,0.05353,0.01562
1.067,1.767,0.05416,0.01769
1.1,1.767,0.05481,0.02005
1.133,1.767,0.05547,0.02271
1.167,1.767,0.05614,0.02573
1.2,1.767,0.05683,0.02915
1.233,1.767,0.05754,0.03301
1.267,1.767,0.05827,0.03738
1.3,1.767,0.05901,0.04229
1.333,1.767,0.05977,0.04783
1.367,1.767,0.06055,0.05404
1.4,1.767,0.06135,0.06101
1.433,1.767,0.06217,0.06881
1.467,1.767,0.06301,0.07752
1.5,1.767,0.06387,0.0872
1.533,1.767,0.06475,0.09795
1.567,1.767,0.06565,0.1098
1.6,1.767,0.06657,0.1229
1.633,1.767,0.06752,0.1373
1.667,1.767,0.06849,0.153
1.7,1.767,0.06949,0.1701
1.733,1.767,0.07051,0.1885
1.767,1.767,0.07156,0.2084
1.8,1.767,0.07263,0.2297
1.833,1.767,0.07373,0.2523
1.867,1.767,0.07486,0.2762
1.9,1.767,0.07602,0.3013
1.933,1.767,0.07721,0.3275
1.967,1.767,0.07843,0.3546
2,1.767,0.07968,0.3825
2.033,1.767,0.08097,0.4109
2.067,1.767,0.08228,0.4398
2.1,1.767,0.08364,0.4688
2.133,1.767,0.08502,0.4977
2.167,1.767,0.08645,0.5265
2.2,1.767,0.08791,0.5547
2.233,1.767,0.08941,0.5824
2.267,1.767,0.09095,0.6093
2.3,1.767,0.09253,0.6353
2.333,1.767,0.09416,0.6602
2.367,1.767,0.09582,0.6841
2.4,1.767,0.09753,0.7067
2.433,1.767,0.09929,0.7281
2.467,1.767,0.1011,0.7483
2.5,1.767,0.103,0.7673
-2.5,1.8,0.0269,0.004695
-2.467,1.8,0.02698,0.004784
-2.433,1.8,0.02705,0.004877
-2.4,1.8,0.02713,0.004975
-2.367,1.8,0.02721,0.005077
-2.333,1.8,0.02729,0.005184
-2.3,1.8,0.02738,0.005296
-2.267,1.8,0.02746,0.005413
-2.233,1.8,0.02755,0.005536
-2.2,1.8,0.02763,0.005665
-2.167,1.8,0.02772,0.005801
-2.133,1.8,0.02781,0.005943
-2.1,1.8,0.0279,0.006093
-2.067,1.8,0.028,0.00625
-2.033,1.8,0.02809,0.006415
-2,1.8,0.02819,0.006589
-1.967,1.8,0.02829,0.006773
-1.933,1.8,0.02839,0.006966
-1.9,1.8,0.02849,0.00717
-1.867,1.8,0.02859,0.007384
-1.833,1.8,0.0287,0.007611
-1.8,1.8,0.0288,0.007851
-1.767,1.8,0.02891,0.008104
-1.733,1.8,0.02902,0.008372
-1.7,1.8,0.02913,0.008656
-1.667,1.8,0.02925,0.008956
-1.633,1.8,0.02937,0.009274
-1.6,1.8,0.02949,0.009612
-1.567,1.8,0.02961,0.00997
-1.533,1.8,0.02973,0.01035
-1.5,1.8,0.02985,0.01075
-1.467,1.8,0.02998,0.01118
-1.433,1.8,0.03011,0.01164
-1.4,1.8,0.03024,0.01213
-1.367,1.8,0.03038,0.01264
-1.333,1.8,0.03052,0.01319
-1.3,1.8,0.03066,0.01378
-1.267,1.8,0.0308,0.0144
-1.233,1.8,0.03094,0.01507
-1.2,1.8,0.03109,0.01577
-1.167,1.8,0.03124,0.01652
-1.133,1.8,0.03139,0.01731
-1.1,1.8,0.03155,0.01813
-1.067,1.8,0.03171,0.01899
-1.033,1.8,0.03187,0.01987
-1,1.8,0.03203,0.02075
-0.9667,1.8,0.0322,0.02161
-0.9333,1.8,0.03237,0.0224
-0.9,1.8,0.03255,0.02305
-0.8667,1.8,0.03273,0.02349
-0.8333,1.8,0.03291,0.02358
-0.8,1.8,0.03309,0.0232
-0.7667,1.8,0.03328,0.02219
-0.7333,1.8,0.03347,0.02043
-0.7,1.8,0.03367,0.01792
-0.6667,1.8,0.03386,0.0148
-0.6333,1.8,0.03407,0.0114
-0.6,1.8,0.03427,0.008165
-0.5667,1.8,0.03448,0.005465
-0.5333,1.8,0.0347,0.003482
-0.5,1.8,0.03492,0.002174
-0.4667,1.8,0.03514,0.001375
-0.4333,1.8,0.03537,0.0009098
-0.4,1.8,0.0356,0.0006427
-0.3667,1.8,0.03584,0.0004894
-0.3333,1.8,0.03608,0.0004013
-0.3,1.8,0.03633,0.0003515
-0.2667,1.8,0.03658,0.0003253
-0.2333,1.8,0.03683,0.0003146
-0.2,1.8,0.0371,0.0003147
-0.1667,1.8,0.03736,0.0003229
-0.1333,1.8,0.03764,0.0003376
-0.1,1.8,0.03791,0.000358
-0.06667,1.8,0.0382,0.0003837
-0.03333,1.8,0.03849,0.0004144
0,1.8,0.03878,0.0004502
0.03333,1.8,0.03908,0.0004913
0.06667,1.8,0.03939,0.0005382
0.1,1.8,0.03971,0.0005912
0.1333,1.8,0.04003,0.000651
0.1667,1.8,0.04035,0.0007185
0.2,1.8,0.04069,0.0007943
0.2333,1.8,0.04103,0.0008796
0.2667,1.8,0.04138,0.0009756
0.3,1.8,0.04173,0.001084
0.3333,1.8,0.0421,0.001205
0.3667,1.8,0.04247,0.001342
0.4,1.8,0.04285,0.001497
0.4333,1.8,0.04324,0.001671
0.4667,1.8,0.04363,0.001868
0.5,1.8,0.04404,0.00209
0.5333,1.8,0.04445,0.002341
0.5667,1.8,0.04487,0.002625
0.6,1.8,0.04531,0.002947
0.6333,1.8,0.04575,0.003311
0.6667,1.8,0.0462,0.003723
0.7,1.8,0.04666,0.004191
0.7333,1.8,0.04713,0.004722
0.7667,1.8,0.04761,0.005323
0.8,1.8,0.04811,0.006006
0.8333,1.8,0.04861,0.006782
0.8667,1.8,0.04913,0.007662
0.9,1.8,0.04966,0.008662
0.9333,1.8,0.0502,0.009798
0.9667,1.8,0.05075,0.01109
1,1.8,0.05131,0.01255
1.033,1.8,0.05189,0.01421
1.067,1.8,0.05248,0.0161
1.1,1.8,0.05309,0.01824
1.133,1.8,0.05371,0.02067
1.167,1.8,0.05434,0.02342
1.2,1.8,0.05499,0.02653
1.233,1.8,0.05565,0.03005
1.267,1.8,0.05634,0.03403
1.3,1.8,0.05703,0.03852
1.333,1.8,0.05774,0.04359
1.367,1.8,0.05848,0.04928
1.4,1.8,0.05922,0.05567
1.433,1.8,0.05999,0.06284
1.467,1.8,0.06077,0.07085
1.5,1.8,0.06158,0.07979
1.533,1.8,0.0624,0.08973
1.567,1.8,0.06325,0.1007
1.6,1.8,0.06411,0.1129
1.633,1.8,0.065,0.1263
1.667,1.8,0.06591,0.141
1.7,1.8,0.06684,0.157
1.733,1.8,0.06779,0.1744
1.767,1.8,0.06877,0.1933
1.8,1.8,0.06977,0.2135
1.833,1.8,0.0708,0.2351
1.867,1.8,0.07186,0.258
1.9,1.8,0.07294,0.2822
1.933,1.8,0.07405,0.3076
1.967,1.8,0.07519,0.334
2,1.8,0.07635,0.3614
2.033,1.8,0.07755,0.3894
2.067,1.8,0.07878,0.418
2.1,1.8,0.08004,0.4469
2.133,1.8,0.08133,0.4759
2.167,1.8,0.08266,0.5048
2.2,1.8,0.08402,0.5334
2.233,1.8,0.08542,0.5616
2.267,1.8,0.08685,0.5891
2.3,1.8,0.08833,0.6157
2.333,1.8,0.08984,0.6415
2.367,1.8,0.09139,0.6662
2.4,1.8,0.09298,0.6897
2.433,1.8,0.09462,0.7121
2.467,1.8,0.0963,0.7332
2.5,1.8,0.09802,0.7531
-2.5,1.833,0.0267,0.00463
-2.467,1.833,0.02677,0.004716
-2.433,1.833,0.02685,0.004807
-2.4,1.833,0.02692,0.004901
-2.367,1.833,0.027,0.004999
-2.333,1.833,0.02708,0.005103
-2.3,1.833,0.02716,0.005211
-2.267,1.833,0.02724,0.005324
-2.233,1.833,0.02732,0.005443
-2.2,1.833,0.0274,0.005567
-2.167,1.833,0.02748,0.005698
-2.133,1.833,0.02757,0.005835
-2.1,1.833,0.02766,0.005979
-2.067,1.833,0.02775,0.00613
-2.033,1.833,0.02784,0.006289
-2,1.833,0.02793,0.006457
-1.967,1.833,0.02802,0.006633
-1.933,1.833,0.02812,0.006819
-1.9,1.833,0.02822,0.007015
-1.867,1.833,0.02831,0.007221
-1.833,1.833,0.02841,0.007439
-1.8,1.833,0.02852,0.007669
-1.767,1.833,0.02862,0.007912
-1.733,1.833,0.02873,0.008169
-1.7,1.833,0.02883,0.00844
-1.667,1.833,0.02894,0.008728
-1.633,1.833,0.02905,0.009032
-1.6,1.833,0.02917,0.009355
-1.567,1.833,0.02928,0.009697
-1.533,1.833,0.0294,0.01006
-1.5,1.833,0.02952,0.01045
-1.467,1.833,0.02964,0.01086
-1.433,1.833,0.02976,0.01129
-1.4,1.833,0.02989,0.01175
-1.367,1.833,0.03002,0.01225
-1.333,1.833,0.03015,0.01277
-1.3,1.833,0.03028,0.01333
-1.267,1.833,0.03042,0.01392
-1.233,1.833,0.03056,0.01455
-1.2,1.833,0.0307,0.01522
-1.167,1.833,0.03084,0.01592
-1.133,1.833,0.03098,0.01666
-1.1,1.833,0.03113,0.01744
-1.067,1.833,0.03128,0.01824
-1.033,1.833,0.03144,0.01905
-1,1.833,0.03159,0.01986
-0.9667,1.833,0.03175,0.02064
-0.9333,1.833,0.03192,0.02133
-0.9,1.833,0.03208,0.02187
-0.8667,1.833,0.03225,0.02217
-0.8333,1.833,0.03242,0.02212
-0.8,1.833,0.0326,0.02157
-0.7667,1.833,0.03278,0.0204
-0.7333,1.833,0.03296,0.01852
-0.7,1.833,0.03314,0.01595
-0.6667,1.833,0.03333,0.0129
-0.6333,1.833,0.03352,0.009718
-0.6,1.833,0.03372,0.006805
-0.5667,1.833,0.03392,0.004473
-0.5333,1.833,0.03412,0.002819
-0.5,1.833,0.03433,0.001758
-0.4667,1.833,0.03454,0.001122
-0.4333,1.833,0.03476,0.000754
-0.4,1.833,0.03498,0.0005434
-0.3667,1.833,0.0352,0.0004223
-0.3333,1.833,0.03543,0.0003528
-0.3,1.833,0.03567,0.000314
-0.2667,1.833,0.03591,0.0002942
-0.2333,1.833,0.03615,0.0002872
-0.2,1.833,0.0364,0.0002892
-0.1667,1.833,0.03665,0.0002981
-0.1333,1.833,0.03691,0.0003127
-0.1,1.833,0.03717,0.0003322
-0.06667,1.833,0.03744,0.0003564
-0.03333,1.833,0.03771,0.0003851
0,1.833,0.03799,0.0004184
0.03333,1.833,0.03828,0.0004565
0.06667,1.833,0.03857,0.0004997
0.1,1.833,0.03887,0.0005486
0.1333,1.833,0.03917,0.0006037
0.1667,1.833,0.03948,0.0006657
0.2,1.833,0.03979,0.0007353
0.2333,1.833,0.04012,0.0008136
0.2667,1.833,0.04045,0.0009016
0.3,1.833,0.04078,0.001
0.3333,1.833,0.04113,0.001112
0.3667,1.833,0.04148,0.001237
0.4,1.833,0.04184,0.001378
0.4333,1.833,0.0422,0.001537
0.4667,1.833,0.04257,0.001717
0.5,1.833,0.04296,0.001919
0.5333,1.833,0.04335,0.002148
0.5667,1.833,0.04375,0.002407
0.6,1.833,0.04415,0.0027
0.6333,1.833,0.04457,0.003032
0.6667,1.833,0.04499,0.003407
0.7,1.833,0.04543,0.003832
0.7333,1.833,0.04587,0.004315
0.7667,1.833,0.04633,0.004862
0.8,1.833,0.04679,0.005483
0.8333,1.833,0.04727,0.006187
0.8667,1.833,0.04775,0.006987
0.9,1.833,0.04825,0.007895
0.9333,1.833,0.04876,0.008927
0.9667,1.833,0.04928,0.0101
1,1.833,0.04981,0.01143
1.033,1.833,0.05035,0.01294
1.067,1.833,0.05091,0.01465
1.1,1.833,0.05147,0.0166
1.133,1.833,0.05206,0.01881
1.167,1.833,0.05265,0.02131
1.2,1.833,0.05326,0.02414
1.233,1.833,0.05388,0.02735
1.267,1.833,0.05452,0.03098
1.3,1.833,0.05518,0.03508
1.333,1.833,0.05584,0.03971
1.367,1.833,0.05653,0.04492
1.4,1.833,0.05723,0.05078
1.433,1.833,0.05795,0.05735
1.467,1.833,0.05868,0.06472
1.5,1.833,0.05944,0.07295
1.533,1.833,0.06021,0.08212
1.567,1.833,0.061,0.09232
1.6,1.833,0.06181,0.1036
1.633,1.833,0.06264,0.1161
1.667,1.833,0.06349,0.1298
1.7,1.833,0.06436,0.1448
1.733,1.833,0.06525,0.1612
1.767,1.833,0.06616,0.1789
1.8,1.833,0.0671,0.1981
1.833,1.833,0.06806,0.2186
1.867,1.833,0.06905,0.2406
1.9,1.833,0.07006,0.2638
1.933,1.833,0.07109,0.2883
1.967,1.833,0.07216,0.314
2,1.833,0.07325,0.3406
2.033,1.833,0.07436,0.3681
2.067,1.833,0.07551,0.3963
2.1,1.833,0.07668,0.425
2.133,1.833,0.07789,0.4539
2.167,1.833,0.07913,0.4829
2.2,1.833,0.0804,0.5118
2.233,1.833,0.0817,0.5404
2.267,1.833,0.08304,0.5684
2.3,1.833,0.08441,0.5957
2.333,1.833,0.08582,0.6221
2.367,1.833,0.08726,0.6476
2.4,1.833,0.08874,0.672
2.433,1.833,0.09027,0.6953
2.467,1.833,0.09183,0.7173
2.5,1.833,0.09344,0.7382
-2.5,1.867,0.02651,0.004568
-2.467,1.867,0.02658,0.004651
-2.433,1.867,0.02665,0.004738
-2.4,1.867,0.02672,0.004829
-2.367,1.867,0.02679,0.004924
-2.333,1.867,0.02687,0.005024
-2.3,1.867,0.02694,0.005129
-2.267,1.867,0.02702,0.005238
-2.233,1.867,0.0271,0.005352
-2.2,1.867,0.02718,0.005472
-2.167,1.867,0.02726,0.005598
-2.133,1.867,0.02734,0.005731
-2.1,1.867,0.02742,0.005869
-2.067,1.867,0.02751,0.006015
-2.033,1.867,0.0276,0.006169
-2,1.867,0.02768,0.00633
-1.967,1.867,0.02777,0.006499
-1.933,1.867,0.02786,0.006678
-1.9,1.867,0.02796,0.006866
-1.867,1.867,0.02805,0.007064
-1.833,1.867,0.02815,0.007273
-1.8,1.867,0.02824,0.007494
-1.767,1.867,0.02834,0.007727
-1.733,1.867,0.02844,0.007973
-1.7,1.867,0.02854,0.008234
-1.667,1.867,0.02865,0.008509
-1.633,1.867,0.02876,0.0088
-1.6,1.867,0.02886,0.009109
-1.567,1.867,0.02897,0.009437
-1.533,1.867,0.02908,0.009784
-1.5,1.867,0.0292,0.01015
-1.467,1.867,0.02931,0.01054
-1.433,1.867,0.02943,0.01096
-1.4,1.867,0.02955,0.0114
-1.367,1.867,0.02967,0.01187
-1.333,1.867,0.0298,0.01237
-1.3,1.867,0.02993,0.0129
-1.267,1.867,0.03005,0.01346
-1.233,1.867,0.03019,0.01406
-1.2,1.867,0.03032,0.01469
-1.167,1.867,0.03046,0.01535
-1.133,1.867,0.03059,0.01605
-1.1,1.867,0.03074,0.01678
-1.067,1.867,0.03088,0.01753
-1.033,1.867,0.03103,0.01828
-1,1.867,0.03117,0.01902
-0.9667,1.867,0.03133,0.01971
-0.9333,1.867,0.03148,0.02031
-0.9,1.867,0.03164,0.02074
-0.8667,1.867,0.0318,0.02091
-0.8333,1.867,0.03196,0.02072
-0.8,1.867,0.03213,0.02001
-0.7667,1.867,0.0323,0.0187
-0.7333,1.867,0.03247,0.01672
-0.7,1.867,0.03265,0.01414
-0.6667,1.867,0.03283,0.01119
-0.6333,1.867,0.03301,0.008235
-0.6,1.867,0.0332,0.005644
-0.5667,1.867,0.03339,0.003649
-0.5333,1.867,0.03358,0.002282
-0.5,1.867,0.03378,0.001425
-0.4667,1.867,0.03398,0.0009198
-0.4333,1.867,0.03418,0.0006291
-0.4,1.867,0.03439,0.0004627
-0.3667,1.867,0.0346,0.0003669
-0.3333,1.867,0.03482,0.0003121
-0.3,1.867,0.03504,0.0002819
-0.2667,1.867,0.03527,0.0002672
-0.2333,1.867,0.0355,0.000263
-0.2,1.867,0.03573,0.0002665
-0.1667,1.867,0.03597,0.0002758
-0.1333,1.867,0.03622,0.0002901
-0.1,1.867,0.03647,0.0003087
-0.06667,1.867,0.03672,0.0003315
-0.03333,1.867,0.03698,0.0003582
0,1.867,0.03724,0.0003892
0.03333,1.867,0.03751,0.0004245
0.06667,1.867,0.03779,0.0004644
0.1,1.867,0.03807,0.0005095
0.1333,1.867,0.03836,0.0005603
0.1667,1.867,0.03865,0.0006172
0.2,1.867,0.03895,0.0006812
0.2333,1.867,0.03925,0.0007531
0.2667,1.867,0.03957,0.0008337
0.3,1.867,0.03988,0.0009244
0.3333,1.867,0.04021,0.001026
0.3667,1.867,0.04054,0.001141
0.4,1.867,0.04088,0.00127
0.4333,1.867,0.04122,0.001415
0.4667,1.867,0.04158,0.001579
0.5,1.867,0.04194,0.001764
0.5333,1.867,0.0423,0.001973
0.5667,1.867,0.04268,0.002209
0.6,1.867,0.04307,0.002476
0.6333,1.867,0.04346,0.002777
0.6667,1.867,0.04386,0.003119
0.7,1.867,0.04427,0.003506
0.7333,1.867,0.04469,0.003945
0.7667,1.867,0.04511,0.004442
0.8,1.867,0.04555,0.005007
0.8333,1.867,0.046,0.005647
0.8667,1.867,0.04646,0.006374
0.9,1.867,0.04692,0.007199
0.9333,1.867,0.0474,0.008136
0.9667,1.867,0.04789,0.0092
1,1.867,0.04839,0.01041
1.033,1.867,0.0489,0.01178
1.067,1.867,0.04942,0.01334
1.1,1.867,0.04996,0.01511
1.133,1.867,0.0505,0.01711
1.167,1.867,0.05106,0.01939
1.2,1.867,0.05164,0.02197
1.233,1.867,0.05222,0.02489
1.267,1.867,0.05282,0.0282
1.3,1.867,0.05343,0.03194
1.333,1.867,0.05406,0.03616
1.367,1.867,0.0547,0.04092
1.4,1.867,0.05536,0.04629
1.433,1.867,0.05603,0.05232
1.467,1.867,0.05672,0.05908
1.5,1.867,0.05743,0.06665
1.533,1.867,0.05815,0.0751
1.567,1.867,0.05889,0.08452
1.6,1.867,0.05965,0.09498
1.633,1.867,0.06043,0.1065
1.667,1.867,0.06122,0.1193
1.7,1.867,0.06204,0.1333
1.733,1.867,0.06287,0.1487
1.767,1.867,0.06373,0.1654
1.8,1.867,0.0646,0.1835
1.833,1.867,0.0655,0.203
1.867,1.867,0.06642,0.2239
1.9,1.867,0.06737,0.2461
1.933,1.867,0.06834,0.2697
1.967,1.867,0.06933,0.2945
2,1.867,0.07035,0.3204
2.033,1.867,0.07139,0.3473
2.067,1.867,0.07246,0.375
2.1,1.867,0.07356,0.4033
2.133,1.867,0.07468,0.4321
2.167,1.867,0.07584,0.461
2.2,1.867,0.07702,0.49
2.233,1.867,0.07823,0.5188
2.267,1.867,0.07948,0.5473
2.3,1.867,0.08076,0.5751
2.333,1.867,0.08207,0.6022
2.367,1.867,0.08342,0.6284
2.4,1.867,0.0848,0.6537
2.433,1.867,0.08622,0.6778
2.467,1.867,0.08767,0.7008
2.5,1.867,0.08917,0.7225
-2.5,1.9,0.02633,0.004507
-2.467,1.9,0.02639,0.004588
-2.433,1.9,0.02646,0.004672
-2.4,1.9,0.02653,0.00476
-2.367,1.9,0.0266,0.004852
-2.333,1.9,0.02667,0.004948
-2.3,1.9,0.02674,0.005049
-2.267,1.9,0.02682,0.005155
-2.233,1.9,0.02689,0.005265
-2.2,1.9,0.02697,0.005381
-2.167,1.9,0.02704,0.005503
-2.133,1.9,0.02712,0.00563
-2.1,1.9,0.0272,0.005764
-2.067,1.9,0.02728,0.005904
-2.033,1.9,0.02736,0.006052
-2,1.9,0.02745,0.006207
-1.967,1.9,0.02753,0.00637
-1.933,1.9,0.02762,0.006542
-1.9,1.9,0.02771,0.006723
-1.867,1.9,0.0278,0.006914
-1.833,1.9,0.02789,0.007114
-1.8,1.9,0.02798,0.007326
-1.767,1.9,0.02808,0.00755
-1.733,1.9,0.02817,0.007786
-1.7,1.9,0.02827,0.008036
-1.667,1.9,0.02837,0.008299
-1.633,1.9,0.02847,0.008579
-1.6,1.9,0.02857,0.008874
-1.567,1.9,0.02868,0.009187
-1.533,1.9,0.02879,0.009519
-1.5,1.9,0.02889,0.009871
-1.467,1.9,0.029,0.01024
-1.433,1.9,0.02912,0.01064
-1.4,1.9,0.02923,0.01106
-1.367,1.9,0.02935,0.01151
-1.333,1.9,0.02947,0.01198
-1.3,1.9,0.02959,0.01249
-1.267,1.9,0.02971,0.01302
-1.233,1.9,0.02983,0.01359
-1.2,1.9,0.02996,0.01419
-1.167,1.9,0.03009,0.01481
-1.133,1.9,0.03022,0.01547
-1.1,1.9,0.03036,0.01615
-1.067,1.9,0.03049,0.01685
-1.033,1.9,0.03063,0.01754
-1,1.9,0.03078,0.01821
-0.9667,1.9,0.03092,0.01883
-0.9333,1.9,0.03107,0.01933
-0.9,1.9,0.03122,0.01966
-0.8667,1.9,0.03137,0.01971
-0.8333,1.9,0.03152,0.01937
-0.8,1.9,0.03168,0.01853
-0.7667,1.9,0.03184,0.01709
-0.7333,1.9,0.03201,0.01503
-0.7,1.9,0.03218,0.01246
-0.6667,1.9,0.03235,0.009645
-0.6333,1.9,0.03252,0.006939
-0.6,1.9,0.0327,0.00466
-0.5667,1.9,0.03288,0.002971
-0.5333,1.9,0.03306,0.001848
-0.5,1.9,0.03325,0.00116
-0.4667,1.9,0.03344,0.0007583
-0.4333,1.9,0.03363,0.0005284
-0.4,1.9,0.03383,0.0003967
-0.3667,1.9,0.03403,0.0003209
-0.3333,1.9,0.03424,0.0002777
-0.3,1.9,0.03445,0.0002542
-0.2667,1.9,0.03466,0.0002435
-0.2333,1.9,0.03488,0.0002416
-0.2,1.9,0.03511,0.0002461
-0.1667,1.9,0.03533,0.0002557
-0.1333,1.9,0.03556,0.0002696
-0.1,1.9,0.0358,0.0002873
-0.06667,1.9,0.03604,0.0003086
-0.03333,1.9,0.03629,0.0003336
0,1.9,0.03654,0.0003624
0.03333,1.9,0.03679,0.0003951
0.06667,1.9,0.03705,0.000432
0.1,1.9,0.03732,0.0004736
0.1333,1.9,0.03759,0.0005204
0.1667,1.9,0.03787,0.0005728
0.2,1.9,0.03815,0.0006316
0.2333,1.9,0.03844,0.0006976
0.2667,1.9,0.03873,0.0007716
0.3,1.9,0.03903,0.0008547
0.3333,1.9,0.03934,0.000948
0.3667,1.9,0.03965,0.001053
0.4,1.9,0.03997,0.001171
0.4333,1.9,0.0403,0.001304
0.4667,1.9,0.04063,0.001453
0.5,1.9,0.04097,0.001622
0.5333,1.9,0.04132,0.001813
0.5667,1.9,0.04168,0.002028
0.6,1.9,0.04204,0.002271
0.6333,1.9,0.04241,0.002546
0.6667,1.9,0.04279,0.002857
0.7,1.9,0.04317,0.003209
0.7333,1.9,0.04357,0.003609
0.7667,1.9,0.04397,0.004061
0.8,1.9,0.04438,0.004574
0.8333,1.9,0.04481,0.005156
0.8667,1.9,0.04524,0.005816
0.9,1.9,0.04568,0.006566
0.9333,1.9,0.04613,0.007417
0.9667,1.9,0.04659,0.008384
1,1.9,0.04706,0.009481
1.033,1.9,0.04754,0.01073
1.067,1.9,0.04803,0.01214
1.1,1.9,0.04853,0.01375
1.133,1.9,0.04905,0.01558
1.167,1.9,0.04957,0.01764
1.2,1.9,0.05011,0.01999
1.233,1.9,0.05066,0.02265
1.267,1.9,0.05122,0.02566
1.3,1.9,0.0518,0.02907
1.333,1.9,0.05239,0.03293
1.367,1.9,0.05299,0.03728
1.4,1.9,0.05361,0.04218
1.433,1.9,0.05424,0.0477
1.467,1.9,0.05489,0.0539
1.5,1.9,0.05555,0.06085
1.533,1.9,0.05623,0.06863
1.567,1.9,0.05692,0.07731
1.6,1.9,0.05763,0.08698
1.633,1.9,0.05836,0.0977
1.667,1.9,0.0591,0.1096
1.7,1.9,0.05987,0.1226
1.733,1.9,0.06065,0.137
1.767,1.9,0.06145,0.1526
1.8,1.9,0.06227,0.1697
1.833,1.9,0.06311,0.1881
1.867,1.9,0.06397,0.2079
1.9,1.9,0.06485,0.2292
1.933,1.9,0.06576,0.2518
1.967,1.9,0.06669,0.2757
2,1.9,0.06764,0.3007
2.033,1.9,0.06861,0.3269
2.067,1.9,0.06961,0.354
2.1,1.9,0.07064,0.3819
2.133,1.9,0.07169,0.4103
2.167,1.9,0.07276,0.4391
2.2,1.9,0.07387,0.4681
2.233,1.9,0.075,0.4971
2.267,1.9,0.07616,0.5258
2.3,1.9,0.07736,0.5541
2.333,1.9,0.07858,0.5818
2.367,1.9,0.07983,0.6087
2.4,1.9,0.08112,0.6347
2.433,1.9,0.08244,0.6597
2.467,1.9,0.0838,0.6835
2.5,1.9,0.08519,0.7062
-2.5,1.933,0.02615,0.004449
-2.467,1.933,0.02622,0.004527
-2.433,1.933,0.02628,0.004608
-2.4,1.933,0.02635,0.004693
-2.367,1.933,0.02641,0.004782
-2.333,1.933,0.02648,0.004875
-2.3,1.933,0.02655,0.004973
-2.267,1.933,0.02662,0.005075
-2.233,1.933,0.02669,0.005181
-2.2,1.933,0.02676,0.005293
-2.167,1.933,0.02684,0.00541
-2.133,1.933,0.02691,0.005533
-2.1,1.933,0.02699,0.005662
-2.067,1.933,0.02706,0.005798
-2.033,1.933,0.02714,0.00594
-2,1.933,0.02722,0.006089
-1.967,1.933,0.0273,0.006246
-1.933,1.933,0.02739,0.006412
-1.9,1.933,0.02747,0.006586
-1.867,1.933,0.02756,0.006769
-1.833,1.933,0.02764,0.006962
-1.8,1.933,0.02773,0.007165
-1.767,1.933,0.02782,0.00738
-1.733,1.933,0.02791,0.007606
-1.7,1.933,0.02801,0.007846
-1.667,1.933,0.0281,0.008099
-1.633,1.933,0.0282,0.008366
-1.6,1.933,0.0283,0.008649
-1.567,1.933,0.0284,0.008949
-1.533,1.933,0.0285,0.009266
-1.5,1.933,0.0286,0.009603
-1.467,1.933,0.02871,0.00996
-1.433,1.933,0.02882,0.01034
-1.4,1.933,0.02892,0.01074
-1.367,1.933,0.02904,0.01117
-1.333,1.933,0.02915,0.01162
-1.3,1.933,0.02926,0.0121
-1.267,1.933,0.02938,0.0126
-1.233,1.933,0.0295,0.01314
-1.2,1.933,0.02962,0.01371
-1.167,1.933,0.02974,0.0143
-1.133,1.933,0.02987,0.01492
-1.1,1.933,0.03,0.01555
-1.067,1.933,0.03013,0.0162
-1.033,1.933,0.03026,0.01684
-1,1.933,0.0304,0.01744
-0.9667,1.933,0.03053,0.01798
-0.9333,1.933,0.03067,0.0184
-0.9,1.933,0.03082,0.01862
-0.8667,1.933,0.03096,0.01855
-0.8333,1.933,0.03111,0.01808
-0.8,1.933,0.03126,0.01711
-0.7667,1.933,0.03141,0.01556
-0.7333,1.933,0.03157,0.01345
-0.7,1.933,0.03173,0.01092
-0.6667,1.933,0.03189,0.008266
-0.6333,1.933,0.03205,0.005815
-0.6,1.933,0.03222,0.003833
-0.5667,1.933,0.03239,0.002414
-0.5333,1.933,0.03257,0.001498
-0.5,1.933,0.03275,0.0009474
-0.4667,1.933,0.03293,0.000629
-0.4333,1.933,0.03311,0.000447
-0.4,1.933,0.0333,0.0003426
-0.3667,1.933,0.03349,0.0002825
-0.3333,1.933,0.03369,0.0002484
-0.3,1.933,0.03389,0.0002303
-0.2667,1.933,0.03409,0.0002228
-0.2333,1.933,0.0343,0.0002226
-0.2,1.933,0.03451,0.0002279
-0.1667,1.933,0.03473,0.0002375
-0.1333,1.933,0.03494,0.0002509
-0.1,1.933,0.03517,0.0002677
-0.06667,1.933,0.0354,0.0002877
-0.03333,1.933,0.03563,0.0003111
0,1.933,0.03587,0.0003378
0.03333,1.933,0.03611,0.0003681
0.06667,1.933,0.03636,0.0004022
0.1,1.933,0.03661,0.0004406
0.1333,1.933,0.03687,0.0004837
0.1667,1.933,0.03713,0.000532
0.2,1.933,0.0374,0.000586
0.2333,1.933,0.03767,0.0006467
0.2667,1.933,0.03795,0.0007146
0.3,1.933,0.03823,0.0007908
0.3333,1.933,0.03852,0.0008763
0.3667,1.933,0.03882,0.0009724
0.4,1.933,0.03912,0.00108
0.4333,1.933,0.03943,0.001202
0.4667,1.933,0.03974,0.001339
0.5,1.933,0.04006,0.001493
0.5333,1.933,0.04039,0.001667
0.5667,1.933,0.04073,0.001863
0.6,1.933,0.04107,0.002085
0.6333,1.933,0.04142,0.002335
0.6667,1.933,0.04178,0.002619
0.7,1.933,0.04214,0.002939
0.7333,1.933,0.04251,0.003302
0.7667,1.933,0.0429,0.003714
0.8,1.933,0.04328,0.00418
0.8333,1.933,0.04368,0.00471
0.8667,1.933,0.04409,0.00531
0.9,1.933,0.0445,0.005991
0.9333,1.933,0.04493,0.006764
0.9667,1.933,0.04536,0.007642
1,1.933,0.0458,0.008639
1.033,1.933,0.04625,0.009772
1.067,1.933,0.04672,0.01106
1.1,1.933,0.04719,0.01252
1.133,1.933,0.04767,0.01418
1.167,1.933,0.04817,0.01606
1.2,1.933,0.04867,0.01819
1.233,1.933,0.04919,0.02061
1.267,1.933,0.04972,0.02335
1.3,1.933,0.05026,0.02646
1.333,1.933,0.05082,0.02997
1.367,1.933,0.05138,0.03394
1.4,1.933,0.05196,0.03842
1.433,1.933,0.05255,0.04347
1.467,1.933,0.05316,0.04915
1.5,1.933,0.05378,0.05553
1.533,1.933,0.05442,0.06268
1.567,1.933,0.05507,0.07067
1.6,1.933,0.05574,0.07958
1.633,1.933,0.05642,0.0895
1.667,1.933,0.05712,0.1005
1.7,1.933,0.05783,0.1126
1.733,1.933,0.05856,0.126
1.767,1.933,0.05931,0.1407
1.8,1.933,0.06008,0.1567
1.833,1.933,0.06087,0.174
1.867,1.933,0.06168,0.1928
1.9,1.933,0.0625,0.213
1.933,1.933,0.06335,0.2346
1.967,1.933,0.06422,0.2575
2,1.933,0.06511,0.2817
2.033,1.933,0.06602,0.307
2.067,1.933,0.06695,0.3334
2.1,1.933,0.06791,0.3607
2.133,1.933,0.06889,0.3888
2.167,1.933,0.0699,0.4173
2.2,1.933,0.07093,0.4462
2.233,1.933,0.07198,0.4752
2.267,1.933,0.07307,0.5041
2.3,1.933,0.07418,0.5328
2.333,1.933,0.07532,0.5609
2.367,1.933,0.07649,0.5885
2.4,1.933,0.0777,0.6152
2.433,1.933,0.07893,0.6409
2.467,1.933,0.08019,0.6656
2.5,1.933,0.08149,0.6892
-2.5,1.967,0.02598,0.004392
-2.467,1.967,0.02605,0.004467
-2.433,1.967,0.02611,0.004546
-2.4,1.967,0.02617,0.004629
-2.367,1.967,0.02623,0.004715
-2.333,1.967,0.0263,0.004805
-2.3,1.967,0.02636,0.004899
-2.267,1.967,0.02643,0.004997
-2.233,1.967,0.0265,0.0051
-2.2,1.967,0.02657,0.005208
-2.167,1.967,0.02664,0.005321
-2.133,1.967,0.02671,0.00544
-2.1,1.967,0.02678,0.005564
-2.067,1.967,0.02686,0.005695
-2.033,1.967,0.02693,0.005832
-2,1.967,0.02701,0.005976
-1.967,1.967,0.02709,0.006127
-1.933,1.967,0.02717,0.006286
-1.9,1.967,0.02725,0.006453
-1.867,1.967,0.02733,0.00663
-1.833,1.967,0.02741,0.006815
-1.8,1.967,0.0275,0.007011
-1.767,1.967,0.02758,0.007217
-1.733,1.967,0.02767,0.007434
-1.7,1.967,0.02776,0.007664
-1.667,1.967,0.02785,0.007906
-1.633,1.967,0.02794,0.008163
-1.6,1.967,0.02803,0.008434
-1.567,1.967,0.02813,0.008721
-1.533,1.967,0.02823,0.009024
-1.5,1.967,0.02833,0.009346
-1.467,1.967,0.02843,0.009687
-1.433,1.967,0.02853,0.01005
-1.4,1.967,0.02863,0.01043
-1.367,1.967,0.02874,0.01084
-1.333,1.967,0.02885,0.01127
-1.3,1.967,0.02896,0.01172
-1.267,1.967,0.02907,0.01221
-1.233,1.967,0.02918,0.01272
-1.2,1.967,0.0293,0.01325
-1.167,1.967,0.02941,0.01381
-1.133,1.967,0.02953,0.01439
-1.1,1.967,0.02966,0.01498
-1.067,1.967,0.02978,0.01558
-1.033,1.967,0.02991,0.01617
-1,1.967,0.03003,0.01671
-0.9667,1.967,0.03016,0.01717
-0.9333,1.967,0.0303,0.0175
-0.9,1.967,0.03043,0.01762
-0.8667,1.967,0.03057,0.01743
-0.8333,1.967,0.03071,0.01684
-0.8,1.967,0.03086,0.01575
-0.7667,1.967,0.031,0.01411
-0.7333,1.967,0.03115,0.01197
-0.7,1.967,0.0313,0.009522
-0.6667,1.967,0.03146,0.007044
-0.6333,1.967,0.03161,0.004849
-0.6,1.967,0.03177,0.003142
-0.5667,1.967,0.03194,0.001961
-0.5333,1.967,0.0321,0.001217
-0.5,1.967,0.03227,0.0007777
-0.4667,1.967,0.03244,0.0005251
-0.4333,1.967,0.03262,0.0003808
-0.4,1.967,0.0328,0.0002979
-0.3667,1.967,0.03298,0.0002501
-0.3333,1.967,0.03317,0.0002233
-0.3,1.967,0.03335,0.0002096
-0.2667,1.967,0.03355,0.0002045
-0.2333,1.967,0.03374,0.0002056
-0.2,1.967,0.03394,0.0002114
-0.1667,1.967,0.03415,0.000221
-0.1333,1.967,0.03436,0.0002339
-0.1,1.967,0.03457,0.0002498
-0.06667,1.967,0.03479,0.0002686
-0.03333,1.967,0.03501,0.0002903
0,1.967,0.03523,0.0003152
0.03333,1.967,0.03546,0.0003432
0.06667,1.967,0.0357,0.0003748
0.1,1.967,0.03593,0.0004103
0.1333,1.967,0.03618,0.00045
0.1667,1.967,0.03643,0.0004944
0.2,1.967,0.03668,0.0005442
0.2333,1.967,0.03694,0.0005999
0.2667,1.967,0.0372,0.0006623
0.3,1.967,0.03747,0.0007322
0.3333,1.967,0.03775,0.0008107
0.3667,1.967,0.03803,0.0008987
0.4,1.967,0.03831,0.0009976
0.4333,1.967,0.0386,0.001109
0.4667,1.967,0.0389,0.001234
0.5,1.967,0.03921,0.001375
0.5333,1.967,0.03952,0.001533
0.5667,1.967,0.03983,0.001713
0.6,1.967,0.04016,0.001915
0.6333,1.967,0.04049,0.002143
0.6667,1.967,0.04082,0.002401
0.7,1.967,0.04117,0.002693
0.7333,1.967,0.04152,0.003024
0.7667,1.967,0.04188,0.003398
0.8,1.967,0.04225,0.003823
0.8333,1.967,0.04262,0.004304
0.8667,1.967,0.043,0.004849
0.9,1.967,0.04339,0.005469
0.9333,1.967,0.04379,0.006171
0.9667,1.967,0.0442,0.006969
1,1.967,0.04462,0.007875
1.033,1.967,0.04505,0.008903
1.067,1.967,0.04548,0.01007
1.1,1.967,0.04593,0.0114
1.133,1.967,0.04638,0.0129
1.167,1.967,0.04685,0.01461
1.2,1.967,0.04732,0.01656
1.233,1.967,0.04781,0.01876
1.267,1.967,0.04831,0.02125
1.3,1.967,0.04882,0.02408
1.333,1.967,0.04934,0.02728
1.367,1.967,0.04987,0.0309
1.4,1.967,0.05042,0.03499
1.433,1.967,0.05097,0.0396
1.467,1.967,0.05154,0.0448
1.5,1.967,0.05213,0.05064
1.533,1.967,0.05272,0.0572
1.567,1.967,0.05333,0.06455
1.6,1.967,0.05396,0.07276
1.633,1.967,0.0546,0.08191
1.667,1.967,0.05525,0.09208
1.7,1.967,0.05593,0.1034
1.733,1.967,0.05661,0.1158
1.767,1.967,0.05732,0.1295
1.8,1.967,0.05804,0.1445
1.833,1.967,0.05877,0.1608
1.867,1.967,0.05953,0.1785
1.9,1.967,0.0603,0.1976
1.933,1.967,0.06109,0.2182
1.967,1.967,0.06191,0.2401
2,1.967,0.06274,0.2633
2.033,1.967,0.06359,0.2878
2.067,1.967,0.06446,0.3134
2.1,1.967,0.06536,0.34
2.133,1.967,0.06628,0.3675
2.167,1.967,0.06722,0.3957
2.2,1.967,0.06818,0.4244
2.233,1.967,0.06917,0.4533
2.267,1.967,0.07018,0.4823
2.3,1.967,0.07122,0.5112
2.333,1.967,0.07229,0.5397
2.367,1.967,0.07338,0.5677
2.4,1.967,0.0745,0.5951
2.433,1.967,0.07565,0.6215
2.467,1.967,0.07683,0.6471
2.5,1.967,0.07804,0.6715
-2.5,2,0.02582,0.004337
-2.467,2,0.02588,0.00441
-2.433,2,0.02594,0.004486
-2.4,2,0.026,0.004566
-2.367,2,0.02606,0.004649
-2.333,2,0.02612,0.004736
-2.3,2,0.02619,0.004827
-2.267,2,0.02625,0.004922
-2.233,2,0.02632,0.005022
-2.2,2,0.02638,0.005126
-2.167,2,0.02645,0.005236
-2.133,2,0.02652,0.00535
-2.1,2,0.02659,0.00547
-2.067,2,0.02666,0.005596
-2.033,2,0.02673,0.005728
-2,2,0.0268,0.005867
-1.967,2,0.02688,0.006012
-1.933,2,0.02695,0.006165
-1.9,2,0.02703,0.006326
-1.867,2,0.02711,0.006496
-1.833,2,0.02719,0.006674
-1.8,2,0.02727,0.006862
-1.767,2,0.02735,0.00706
-1.733,2,0.02743,0.007269
-1.7,2,0.02752,0.007489
-1.667,2,0.02761,0.007722
-1.633,2,0.02769,0.007968
-1.6,2,0.02778,0.008227
-1.567,2,0.02787,0.008502
-1.533,2,0.02797,0.008793
-1.5,2,0.02806,0.009101
-1.467,2,0.02816,0.009427
-1.433,2,0.02825,0.009772
-1.4,2,0.02835,0.01014
-1.367,2,0.02845,0.01053
-1.333,2,0.02856,0.01094
-1.3,2,0.02866,0.01137
-1.267,2,0.02877,0.01183
-1.233,2,0.02888,0.01231
-1.2,2,0.02899,0.01282
-1.167,2,0.0291,0.01334
-1.133,2,0.02921,0.01389
-1.1,2,0.02933,0.01444
-1.067,2,0.02945,0.01499
-1.033,2,0.02957,0.01552
-1,2,0.02969,0.016
-0.9667,2,0.02981,0.01639
-0.9333,2,0.02994,0.01664
-0.9,2,0.03007,0.01666
-0.8667,2,0.0302,0.01636
-0.8333,2,0.03034,0.01565
-0.8,2,0.03047,0.01445
-0.7667,2,0.03061,0.01275
-0.7333,2,0.03075,0.01061
-0.7,2,0.0309,0.008255
-0.6667,2,0.03104,0.005969
-0.6333,2,0.03119,0.004025
-0.6,2,0.03134,0.002568
-0.5667,2,0.0315,0.001593
-0.5333,2,0.03166,0.0009924
-0.5,2,0.03182,0.0006418
-0.4667,2,0.03198,0.0004413
-0.4333,2,0.03215,0.0003267
-0.4,2,0.03232,0.0002607
-0.3667,2,0.03249,0.0002228
-0.3333,2,0.03267,0.0002018
-0.3,2,0.03285,0.0001914
-0.2667,2,0.03303,0.0001883
-0.2333,2,0.03322,0.0001905
-0.2,2,0.03341,0.0001966
-0.1667,2,0.0336,0.000206
-0.1333,2,0.0338,0.0002183
-0.1,2,0.034,0.0002333
-0.06667,2,0.03421,0.000251
-0.03333,2,0.03442,0.0002712
0,2,0.03463,0.0002943
0.03333,2,0.03485,0.0003203
0.06667,2,0.03507,0.0003496
0.1,2,0.0353,0.0003823
0.1333,2,0.03553,0.000419
0.1667,2,0.03576,0.0004599
0.2,2,0.036,0.0005057
0.2333,2,0.03625,0.000557
0.2667,2,0.0365,0.0006143
0.3,2,0.03675,0.0006785
0.3333,2,0.03701,0.0007505
0.3667,2,0.03728,0.0008312
0.4,2,0.03755,0.0009218
0.4333,2,0.03782,0.001024
0.4667,2,0.03811,0.001138
0.5,2,0.03839,0.001267
0.5333,2,0.03869,0.001412
0.5667,2,0.03899,0.001575
0.6,2,0.03929,0.00176
0.6333,2,0.0396,0.001968
0.6667,2,0.03992,0.002203
0.7,2,0.04025,0.00247
0.7333,2,0.04058,0.002771
0.7667,2,0.04092,0.003111
0.8,2,0.04127,0.003497
0.8333,2,0.04162,0.003935
0.8667,2,0.04198,0.004431
0.9,2,0.04235,0.004994
0.9333,2,0.04273,0.005632
0.9667,2,0.04311,0.006357
1,2,0.04351,0.00718
1.033,2,0.04391,0.008114
1.067,2,0.04432,0.009176
1.1,2,0.04474,0.01038
1.133,2,0.04517,0.01175
1.167,2,0.04561,0.0133
1.2,2,0.04605,0.01507
1.233,2,0.04651,0.01707
1.267,2,0.04698,0.01934
1.3,2,0.04746,0.02191
1.333,2,0.04795,0.02483
1.367,2,0.04845,0.02812
1.4,2,0.04896,0.03185
1.433,2,0.04949,0.03607
1.467,2,0.05002,0.04082
1.5,2,0.05057,0.04616
1.533,2,0.05113,0.05218
1.567,2,0.05171,0.05892
1.6,2,0.05229,0.06647
1.633,2,0.05289,0.07491
1.667,2,0.05351,0.0843
1.7,2,0.05414,0.09474
1.733,2,0.05478,0.1063
1.767,2,0.05544,0.119
1.8,2,0.05612,0.133
1.833,2,0.05681,0.1483
1.867,2,0.05752,0.165
1.9,2,0.05824,0.183
1.933,2,0.05898,0.2025
1.967,2,0.05974,0.2234
2,2,0.06052,0.2456
2.033,2,0.06132,0.2692
2.067,2,0.06214,0.2939
2.1,2,0.06297,0.3198
2.133,2,0.06383,0.3467
2.167,2,0.06471,0.3744
2.2,2,0.06561,0.4027
2.233,2,0.06654,0.4314
2.267,2,0.06748,0.4604
2.3,2,0.06845,0.4894
2.333,2,0.06945,0.5182
2.367,2,0.07047,0.5466
2.4,2,0.07152,0.5745
2.433,2,0.07259,0.6016
2.467,2,0.07369,0.6279
2.5,2,0.07482,0.6531
-2.5,2.033,0.02567,0.004284
-2.467,2.033,0.02573,0.004355
-2.433,2.033,0.02578,0.004428
-2.4,2.033,0.02584,0.004506
-2.367,2.033,0.0259,0.004586
-2.333,2.033,0.02596,0.00467
-2.3,2.033,0.02602,0.004758
-2.267,2.033,0.02608,0.00485
-2.233,2.033,0.02614,0.004946
-2.2,2.033,0.02621,0.005047
-2.167,2.033,0.02627,0.005153
-2.133,2.033,0.02633,0.005263
-2.1,2.033,0.0264,0.005379
-2.067,2.033,0.02647,0.0055
-2.033,2.033,0.02654,0.005628
-2,2.033,0.02661,0.005761
-1.967,2.033,0.02668,0.005902
-1.933,2.033,0.02675,0.006049
-1.9,2.033,0.02682,0.006204
-1.867,2.033,0.0269,0.006367
-1.833,2.033,0.02697,0.006539
-1.8,2.033,0.02705,0.006719
-1.767,2.033,0.02713,0.006909
-1.733,2.033,0.02721,0.00711
-1.7,2.033,0.02729,0.007322
-1.667,2.033,0.02737,0.007545
-1.633,2.033,0.02746,0.007781
-1.6,2.033,0.02754,0.00803
-1.567,2.033,0.02763,0.008293
-1.533,2.033,0.02772,0.008571
-1.5,2.033,0.02781,0.008866
-1.467,2.033,0.0279,0.009178
-1.433,2.033,0.02799,0.009507
-1.4,2.033,0.02809,0.009857
-1.367,2.033,0.02818,0.01023
-1.333,2.033,0.02828,0.01062
-1.3,2.033,0.02838,0.01103
-1.267,2.033,0.02848,0.01147
-1.233,2.033,0.02859,0.01192
-1.2,2.033,0.02869,0.0124
-1.167,2.033,0.0288,0.0129
-1.133,2.033,0.02891,0.01341
-1.1,2.033,0.02902,0.01392
-1.067,2.033,0.02913,0.01443
-1.033,2.033,0.02924,0.01491
-1,2.033,0.02936,0.01533
-0.9667,2.033,0.02948,0.01565
-0.9333,2.033,0.0296,0.01581
-0.9,2.033,0.02972,0.01573
-0.8667,2.033,0.02985,0.01533
-0.8333,2.033,0.02998,0.01451
-0.8,2.033,0.03011,0.01322
-0.7667,2.033,0.03024,0.01146
-0.7333,2.033,0.03037,0.009353
-0.7,2.033,0.03051,0.007115
-0.6667,2.033,0.03065,0.005031
-0.6333,2.033,0.03079,0.003326
-0.6,2.033,0.03094,0.002096
-0.5667,2.033,0.03108,0.001295
-0.5333,2.033,0.03123,0.000812
-0.5,2.033,0.03139,0.0005327
-0.4667,2.033,0.03154,0.0003735
-0.4333,2.033,0.0317,0.0002823
-0.4,2.033,0.03186,0.0002296
-0.3667,2.033,0.03203,0.0001995
-0.3333,2.033,0.0322,0.0001831
-0.3,2.033,0.03237,0.0001755
-0.2667,2.033,0.03254,0.000174
-0.2333,2.033,0.03272,0.0001768
-0.2,2.033,0.0329,0.0001831
-0.1667,2.033,0.03308,0.0001923
-0.1333,2.033,0.03327,0.0002041
-0.1,2.033,0.03346,0.0002182
-0.06667,2.033,0.03366,0.0002347
-0.03333,2.033,0.03386,0.0002537
0,2.033,0.03406,0.0002751
0.03333,2.033,0.03427,0.0002992
0.06667,2.033,0.03448,0.0003263
0.1,2.033,0.03469,0.0003566
0.1333,2.033,0.03491,0.0003904
0.1667,2.033,0.03513,0.0004282
0.2,2.033,0.03536,0.0004704
0.2333,2.033,0.03559,0.0005175
0.2667,2.033,0.03583,0.0005702
0.3,2.033,0.03607,0.0006292
0.3333,2.033,0.03632,0.0006953
0.3667,2.033,0.03657,0.0007693
0.4,2.033,0.03682,0.0008523
0.4333,2.033,0.03709,0.0009455
0.4667,2.033,0.03735,0.00105
0.5,2.033,0.03762,0.001168
0.5333,2.033,0.0379,0.001301
0.5667,2.033,0.03819,0.00145
0.6,2.033,0.03847,0.001618
0.6333,2.033,0.03877,0.001808
0.6667,2.033,0.03907,0.002023
0.7,2.033,0.03938,0.002266
0.7333,2.033,0.03969,0.00254
0.7667,2.033,0.04001,0.00285
0.8,2.033,0.04034,0.003201
0.8333,2.033,0.04067,0.003599
0.8667,2.033,0.04102,0.004051
0.9,2.033,0.04136,0.004562
0.9333,2.033,0.04172,0.005143
0.9667,2.033,0.04208,0.005801
1,2.033,0.04245,0.006549
1.033,2.033,0.04283,0.007398
1.067,2.033,0.04322,0.008362
1.1,2.033,0.04362,0.009456
1.133,2.033,0.04402,0.0107
1.167,2.033,0.04443,0.01211
1.2,2.033,0.04486,0.01371
1.233,2.033,0.04529,0.01553
1.267,2.033,0.04573,0.0176
1.3,2.033,0.04618,0.01994
1.333,2.033,0.04664,0.02259
1.367,2.033,0.04711,0.0256
1.4,2.033,0.0476,0.02899
1.433,2.033,0.04809,0.03284
1.467,2.033,0.04859,0.03717
1.5,2.033,0.04911,0.04207
1.533,2.033,0.04964,0.04757
1.567,2.033,0.05017,0.05376
1.6,2.033,0.05073,0.06069
1.633,2.033,0.05129,0.06845
1.667,2.033,0.05187,0.07711
1.7,2.033,0.05246,0.08676
1.733,2.033,0.05306,0.09745
1.767,2.033,0.05368,0.1093
1.8,2.033,0.05432,0.1223
1.833,2.033,0.05496,0.1366
1.867,2.033,0.05563,0.1523
1.9,2.033,0.05631,0.1693
1.933,2.033,0.057,0.1877
1.967,2.033,0.05772,0.2075
2,2.033,0.05845,0.2287
2.033,2.033,0.05919,0.2513
2.067,2.033,0.05996,0.2751
2.1,2.033,0.06074,0.3002
2.133,2.033,0.06155,0.3263
2.167,2.033,0.06237,0.3534
2.2,2.033,0.06321,0.3812
2.233,2.033,0.06408,0.4097
2.267,2.033,0.06496,0.4385
2.3,2.033,0.06587,0.4675
2.333,2.033,0.0668,0.4964
2.367,2.033,0.06775,0.5252
2.4,2.033,0.06873,0.5535
2.433,2.033,0.06973,0.5812
2.467,2.033,0.07076,0.6081
2.5,2.033,0.07181,0.6341
-2.5,2.067,0.02553,0.004232
-2.467,2.067,0.02558,0.004301
-2.433,2.067,0.02563,0.004372
-2.4,2.067,0.02569,0.004447
-2.367,2.067,0.02574,0.004525
-2.333,2.067,0.0258,0.004606
-2.3,2.067,0.02586,0.004691
-2.267,2.067,0.02592,0.00478
-2.233,2.067,0.02598,0.004873
-2.2,2.067,0.02604,0.004971
-2.167,2.067,0.0261,0.005073
-2.133,2.067,0.02616,0.005179
-2.1,2.067,0.02622,0.005291
-2.067,2.067,0.02629,0.005408
-2.033,2.067,0.02635,0.005531
-2,2.067,0.02642,0.00566
-1.967,2.067,0.02649,0.005795
-1.933,2.067,0.02656,0.005937
-1.9,2.067,0.02663,0.006086
-1.867,2.067,0.0267,0.006243
-1.833,2.067,0.02677,0.006408
-1.8,2.067,0.02684,0.006582
-1.767,2.067,0.02692,0.006765
-1.733,2.067,0.027,0.006958
-1.7,2.067,0.02707,0.007161
-1.667,2.067,0.02715,0.007375
-1.633,2.067,0.02723,0.007601
-1.6,2.067,0.02731,0.00784
-1.567,2.067,0.0274,0.008092
-1.533,2.067,0.02748,0.008359
-1.5,2.067,0.02757,0.008641
-1.467,2.067,0.02765,0.008939
-1.433,2.067,0.02774,0.009255
-1.4,2.067,0.02783,0.009588
-1.367,2.067,0.02793,0.009941
-1.333,2.067,0.02802,0.01031
-1.3,2.067,0.02811,0.01071
-1.267,2.067,0.02821,0.01112
-1.233,2.067,0.02831,0.01155
-1.2,2.067,0.02841,0.01201
-1.167,2.067,0.02851,0.01247
-1.133,2.067,0.02862,0.01295
-1.1,2.067,0.02872,0.01343
-1.067,2.067,0.02883,0.01389
-1.033,2.067,0.02894,0.01432
-1,2.067,0.02905,0.01468
-0.9667,2.067,0.02916,0.01493
-0.9333,2.067,0.02928,0.01501
-0.9,2.067,0.02939,0.01484
-0.8667,2.067,0.02951,0.01433
-0.8333,2.067,0.02964,0.01342
-0.8,2.067,0.02976,0.01205
-0.7667,2.067,0.02989,0.01026
-0.7333,2.067,0.03001,0.008199
-0.7,2.067,0.03014,0.006098
-0.6667,2.067,0.03028,0.004217
-0.6333,2.067,0.03041,0.002739
-0.6,2.067,0.03055,0.001708
-0.5667,2.067,0.03069,0.001055
-0.5333,2.067,0.03083,0.0006674
-0.5,2.067,0.03098,0.000445
-0.4667,2.067,0.03113,0.0003183
-0.4333,2.067,0.03128,0.0002455
-0.4,2.067,0.03143,0.0002035
-0.3667,2.067,0.03159,0.0001796
-0.3333,2.067,0.03175,0.0001669
-0.3,2.067,0.03191,0.0001615
-0.2667,2.067,0.03207,0.0001611
-0.2333,2.067,0.03224,0.0001645
-0.2,2.067,0.03242,0.0001709
-0.1667,2.067,0.03259,0.0001798
-0.1333,2.067,0.03277,0.000191
-0.1,2.067,0.03295,0.0002044
-0.06667,2.067,0.03314,0.0002198
-0.03333,2.067,0.03332,0.0002375
0,2.067,0.03352,0.0002574
0.03333,2.067,0.03371,0.0002798
0.06667,2.067,0.03391,0.0003048
0.1,2.067,0.03412,0.0003328
0.1333,2.067,0.03432,0.0003641
0.1667,2.067,0.03454,0.0003989
0.2,2.067,0.03475,0.0004378
0.2333,2.067,0.03497,0.0004812
0.2667,2.067,0.0352,0.0005297
0.3,2.067,0.03542,0.000584
0.3333,2.067,0.03566,0.0006446
0.3667,2.067,0.0359,0.0007126
0.4,2.067,0.03614,0.0007887
0.4333,2.067,0.03639,0.0008741
0.4667,2.067,0.03664,0.00097
0.5,2.067,0.0369,0.001078
0.5333,2.067,0.03716,0.001199
0.5667,2.067,0.03743,0.001336
0.6,2.067,0.0377,0.001489
0.6333,2.067,0.03798,0.001663
0.6667,2.067,0.03827,0.001859
0.7,2.067,0.03856,0.00208
0.7333,2.067,0.03885,0.00233
0.7667,2.067,0.03916,0.002612
0.8,2.067,0.03947,0.002932
0.8333,2.067,0.03978,0.003294
0.8667,2.067,0.0401,0.003705
0.9,2.067,0.04043,0.00417
0.9333,2.067,0.04077,0.004698
0.9667,2.067,0.04111,0.005296
1,2.067,0.04146,0.005975
1.033,2.067,0.04182,0.006747
1.067,2.067,0.04219,0.007622
1.1,2.067,0.04256,0.008617
1.133,2.067,0.04294,0.009746
1.167,2.067,0.04333,0.01103
1.2,2.067,0.04373,0.01248
1.233,2.067,0.04414,0.01414
1.267,2.067,0.04455,0.01601
1.3,2.067,0.04498,0.01814
1.333,2.067,0.04541,0.02056
1.367,2.067,0.04586,0.02329
1.4,2.067,0.04631,0.02639
1.433,2.067,0.04677,0.02989
1.467,2.067,0.04725,0.03385
1.5,2.067,0.04773,0.03832
1.533,2.067,0.04823,0.04335
1.567,2.067,0.04874,0.04902
1.6,2.067,0.04925,0.05538
1.633,2.067,0.04979,0.06251
1.667,2.067,0.05033,0.07048
1.7,2.067,0.05088,0.07938
1.733,2.067,0.05145,0.08927
1.767,2.067,0.05203,0.1002
1.8,2.067,0.05263,0.1124
1.833,2.067,0.05324,0.1257
1.867,2.067,0.05386,0.1403
1.9,2.067,0.0545,0.1563
1.933,2.067,0.05515,0.1736
1.967,2.067,0.05582,0.1924
2,2.067,0.0565,0.2125
2.033,2.067,0.0572,0.2341
2.067,2.067,0.05792,0.257
2.1,2.067,0.05865,0.2811
2.133,2.067,0.05941,0.3065
2.167,2.067,0.06018,0.3328
2.2,2.067,0.06097,0.3601
2.233,2.067,0.06177,0.3881
2.267,2.067,0.0626,0.4167
2.3,2.067,0.06345,0.4456
2.333,2.067,0.06432,0.4746
2.367,2.067,0.06521,0.5035
2.4,2.067,0.06613,0.5321
2.433,2.067,0.06706,0.5603
2.467,2.067,0.06802,0.5878
2.5,2.067,0.06901,0.6146
-2.5,2.1,0.02539,0.004182
-2.467,2.1,0.02544,0.004249
-2.433,2.1,0.02549,0.004318
-2.4,2.1,0.02554,0.00439
-2.367,2.1,0.02559,0.004466
-2.333,2.1,0.02565,0.004545
-2.3,2.1,0.0257,0.004627
-2.267,2.1,0.02576,0.004713
-2.233,2.1,0.02582,0.004803
-2.2,2.1,0.02587,0.004897
-2.167,2.1,0.02593,0.004995
-2.133,2.1,0.02599,0.005098
-2.1,2.1,0.02605,0.005206
-2.067,2.1,0.02611,0.005319
-2.033,2.1,0.02618,0.005438
-2,2.1,0.02624,0.005562
-1.967,2.1,0.02631,0.005692
-1.933,2.1,0.02637,0.005829
-1.9,2.1,0.02644,0.005973
-1.867,2.1,0.02651,0.006124
-1.833,2.1,0.02658,0.006283
-1.8,2.1,0.02665,0.00645
-1.767,2.1,0.02672,0.006626
-1.733,2.1,0.02679,0.006811
-1.7,2.1,0.02687,0.007006
-1.667,2.1,0.02694,0.007212
-1.633,2.1,0.02702,0.007429
-1.6,2.1,0.0271,0.007658
-1.567,2.1,0.02717,0.0079
-1.533,2.1,0.02726,0.008156
-1.5,2.1,0.02734,0.008426
-1.467,2.1,0.02742,0.008711
-1.433,2.1,0.02751,0.009012
-1.4,2.1,0.02759,0.009331
-1.367,2.1,0.02768,0.009668
-1.333,2.1,0.02777,0.01002
-1.3,2.1,0.02786,0.0104
-1.267,2.1,0.02795,0.01079
-1.233,2.1,0.02805,0.0112
-1.2,2.1,0.02814,0.01163
-1.167,2.1,0.02824,0.01207
-1.133,2.1,0.02834,0.01251
-1.1,2.1,0.02844,0.01295
-1.067,2.1,0.02854,0.01338
-1.033,2.1,0.02864,0.01375
-1,2.1,0.02875,0.01406
-0.9667,2.1,0.02886,0.01424
-0.9333,2.1,0.02897,0.01424
-0.9,2.1,0.02908,0.01397
-0.8667,2.1,0.02919,0.01337
-0.8333,2.1,0.02931,0.01237
-0.8,2.1,0.02943,0.01094
-0.7667,2.1,0.02955,0.009141
-0.7333,2.1,0.02967,0.007148
-0.7,2.1,0.02979,0.005196
-0.6667,2.1,0.02992,0.003519
-0.6333,2.1,0.03005,0.002249
-0.6,2.1,0.03018,0.001392
-0.5667,2.1,0.03031,0.0008615
-0.5333,2.1,0.03045,0.0005513
-0.5,2.1,0.03059,0.0003742
-0.4667,2.1,0.03073,0.0002732
-0.4333,2.1,0.03087,0.000215
-0.4,2.1,0.03102,0.0001815
-0.3667,2.1,0.03117,0.0001626
-0.3333,2.1,0.03132,0.0001528
-0.3,2.1,0.03147,0.000149
-0.2667,2.1,0.03163,0.0001496
-0.2333,2.1,0.03179,0.0001534
-0.2,2.1,0.03196,0.0001598
-0.1667,2.1,0.03212,0.0001684
-0.1333,2.1,0.03229,0.000179
-0.1,2.1,0.03246,0.0001916
-0.06667,2.1,0.03264,0.0002061
-0.03333,2.1,0.03282,0.0002225
0,2.1,0.033,0.000241
0.03333,2.1,0.03319,0.0002618
0.06667,2.1,0.03338,0.000285
0.1,2.1,0.03357,0.0003109
0.1333,2.1,0.03377,0.0003398
0.1667,2.1,0.03397,0.000372
0.2,2.1,0.03417,0.0004078
0.2333,2.1,0.03438,0.0004478
0.2667,2.1,0.0346,0.0004925
0.3,2.1,0.03481,0.0005424
0.3333,2.1,0.03503,0.0005981
0.3667,2.1,0.03526,0.0006605
0.4,2.1,0.03549,0.0007303
0.4333,2.1,0.03572,0.0008087
0.4667,2.1,0.03596,0.0008965
0.5,2.1,0.03621,0.0009952
0.5333,2.1,0.03646,0.001106
0.5667,2.1,0.03671,0.001231
0.6,2.1,0.03697,0.001371
0.6333,2.1,0.03723,0.00153
0.6667,2.1,0.0375,0.001709
0.7,2.1,0.03778,0.00191
0.7333,2.1,0.03806,0.002138
0.7667,2.1,0.03835,0.002396
0.8,2.1,0.03864,0.002687
0.8333,2.1,0.03894,0.003017
0.8667,2.1,0.03924,0.00339
0.9,2.1,0.03955,0.003813
0.9333,2.1,0.03987,0.004293
0.9667,2.1,0.0402,0.004837
1,2.1,0.04053,0.005454
1.033,2.1,0.04086,0.006155
1.067,2.1,0.04121,0.006951
1.1,2.1,0.04156,0.007854
1.133,2.1,0.04192,0.00888
1.167,2.1,0.04229,0.01004
1.2,2.1,0.04267,0.01137
1.233,2.1,0.04305,0.01287
1.267,2.1,0.04344,0.01458
1.3,2.1,0.04384,0.01651
1.333,2.1,0.04425,0.01871
1.367,2.1,0.04467,0.02119
1.4,2.1,0.0451,0.02401
1.433,2.1,0.04553,0.02721
1.467,2.1,0.04598,0.03082
1.5,2.1,0.04644,0.03489
1.533,2.1,0.04691,0.03949
1.567,2.1,0.04738,0.04468
1.6,2.1,0.04787,0.05051
1.633,2.1,0.04837,0.05705
1.667,2.1,0.04888,0.06438
1.7,2.1,0.0494,0.07257
1.733,2.1,0.04994,0.0817
1.767,2.1,0.05048,0.09185
1.8,2.1,0.05104,0.1031
1.833,2.1,0.05161,0.1155
1.867,2.1,0.0522,0.1292
1.9,2.1,0.0528,0.1441
1.933,2.1,0.05341,0.1604
1.967,2.1,0.05404,0.1781
2,2.1,0.05468,0.1972
2.033,2.1,0.05533,0.2177
2.067,2.1,0.05601,0.2396
2.1,2.1,0.0567,0.2628
2.133,2.1,0.0574,0.2872
2.167,2.1,0.05812,0.3128
2.2,2.1,0.05886,0.3394
2.233,2.1,0.05962,0.3669
2.267,2.1,0.0604,0.3951
2.3,2.1,0.06119,0.4237
2.333,2.1,0.062,0.4526
2.367,2.1,0.06284,0.4816
2.4,2.1,0.06369,0.5105
2.433,2.1,0.06457,0.5391
2.467,2.1,0.06547,0.5671
2.5,2.1,0.06639,0.5945
-2.5,2.133,0.02525,0.004134
-2.467,2.133,0.0253,0.004198
-2.433,2.133,0.02535,0.004265
-2.4,2.133,0.0254,0.004335
-2.367,2.133,0.02545,0.004408
-2.333,2.133,0.0255,0.004485
-2.3,2.133,0.02556,0.004564
-2.267,2.133,0.02561,0.004648
-2.233,2.133,0.02566,0.004734
-2.2,2.133,0.02572,0.004825
-2.167,2.133,0.02577,0.00492
-2.133,2.133,0.02583,0.00502
-2.1,2.133,0.02589,0.005124
-2.067,2.133,0.02595,0.005233
-2.033,2.133,0.02601,0.005348
-2,2.133,0.02607,0.005467
-1.967,2.133,0.02613,0.005593
-1.933,2.133,0.0262,0.005725
-1.9,2.133,0.02626,0.005864
-1.867,2.133,0.02632,0.006009
-1.833,2.133,0.02639,0.006162
-1.8,2.133,0.02646,0.006323
-1.767,2.133,0.02653,0.006492
-1.733,2.133,0.0266,0.00667
-1.7,2.133,0.02667,0.006858
-1.667,2.133,0.02674,0.007055
-1.633,2.133,0.02681,0.007264
-1.6,2.133,0.02689,0.007484
-1.567,2.133,0.02696,0.007716
-1.533,2.133,0.02704,0.007961
-1.5,2.133,0.02712,0.008219
-1.467,2.133,0.0272,0.008492
-1.433,2.133,0.02728,0.008781
-1.4,2.133,0.02736,0.009085
-1.367,2.133,0.02744,0.009407
-1.333,2.133,0.02753,0.009745
-1.3,2.133,0.02762,0.0101
-1.267,2.133,0.0277,0.01047
-1.233,2.133,0.02779,0.01086
-1.2,2.133,0.02789,0.01127
-1.167,2.133,0.02798,0.01168
-1.133,2.133,0.02807,0.01209
-1.1,2.133,0.02817,0.0125
-1.067,2.133,0.02827,0.01288
-1.033,2.133,0.02837,0.01321
-1,2.133,0.02847,0.01346
-0.9667,2.133,0.02857,0.01357
-0.9333,2.133,0.02867,0.01349
-0.9,2.133,0.02878,0.01314
-0.8667,2.133,0.02889,0.01245
-0.8333,2.133,0.029,0.01136
-0.8,2.133,0.02911,0.009883
-0.7667,2.133,0.02923,0.0081
-0.7333,2.133,0.02934,0.006196
-0.7,2.133,0.02946,0.004403
-0.6667,2.133,0.02958,0.002923
-0.6333,2.133,0.0297,0.001843
-0.6,2.133,0.02983,0.001135
-0.5667,2.133,0.02996,0.000706
-0.5333,2.133,0.03009,0.000458
-0.5,2.133,0.03022,0.0003168
-0.4667,2.133,0.03035,0.0002361
-0.4333,2.133,0.03049,0.0001896
-0.4,2.133,0.03063,0.0001627
-0.3667,2.133,0.03077,0.0001478
-0.3333,2.133,0.03091,0.0001403
-0.3,2.133,0.03106,0.000138
-0.2667,2.133,0.03121,0.0001392
-0.2333,2.133,0.03136,0.0001433
-0.2,2.133,0.03152,0.0001496
-0.1667,2.133,0.03168,0.0001579
-0.1333,2.133,0.03184,0.000168
-0.1,2.133,0.032,0.0001798
-0.06667,2.133,0.03217,0.0001933
-0.03333,2.133,0.03234,0.0002087
0,2.133,0.03251,0.0002259
0.03333,2.133,0.03269,0.0002452
0.06667,2.133,0.03287,0.0002667
0.1,2.133,0.03305,0.0002907
0.1333,2.133,0.03324,0.0003174
0.1667,2.133,0.03343,0.0003471
0.2,2.133,0.03363,0.0003802
0.2333,2.133,0.03382,0.0004171
0.2667,2.133,0.03403,0.0004582
0.3,2.133,0.03423,0.0005041
0.3333,2.133,0.03444,0.0005554
0.3667,2.133,0.03466,0.0006127
0.4,2.133,0.03487,0.0006768
0.4333,2.133,0.0351,0.0007487
0.4667,2.133,0.03532,0.0008292
0.5,2.133,0.03555,0.0009196
0.5333,2.133,0.03579,0.001021
0.5667,2.133,0.03603,0.001135
0.6,2.133,0.03628,0.001264
0.6333,2.133,0.03653,0.001409
0.6667,2.133,0.03678,0.001572
0.7,2.133,0.03704,0.001756
0.7333,2.133,0.03731,0.001963
0.7667,2.133,0.03758,0.002198
0.8,2.133,0.03786,0.002464
0.8333,2.133,0.03814,0.002764
0.8667,2.133,0.03843,0.003104
0.9,2.133,0.03872,0.003489
0.9333,2.133,0.03902,0.003925
0.9667,2.133,0.03933,0.00442
1,2.133,0.03964,0.004981
1.033,2.133,0.03996,0.005618
1.067,2.133,0.04029,0.006341
1.1,2.133,0.04062,0.007161
1.133,2.133,0.04096,0.008093
1.167,2.133,0.04131,0.009151
1.2,2.133,0.04166,0.01035
1.233,2.133,0.04202,0.01172
1.267,2.133,0.04239,0.01327
1.3,2.133,0.04277,0.01503
1.333,2.133,0.04316,0.01702
1.367,2.133,0.04355,0.01929
1.4,2.133,0.04396,0.02185
1.433,2.133,0.04437,0.02476
1.467,2.133,0.04479,0.02805
1.5,2.133,0.04522,0.03177
1.533,2.133,0.04566,0.03597
1.567,2.133,0.04611,0.04071
1.6,2.133,0.04657,0.04604
1.633,2.133,0.04704,0.05204
1.667,2.133,0.04752,0.05877
1.7,2.133,0.04801,0.0663
1.733,2.133,0.04851,0.07471
1.767,2.133,0.04902,0.08409
1.8,2.133,0.04955,0.09449
1.833,2.133,0.05009,0.106
1.867,2.133,0.05064,0.1187
1.9,2.133,0.0512,0.1327
1.933,2.133,0.05178,0.148
1.967,2.133,0.05236,0.1646
2,2.133,0.05297,0.1826
2.033,2.133,0.05358,0.2021
2.067,2.133,0.05421,0.2229
2.1,2.133,0.05486,0.2451
2.133,2.133,0.05552,0.2686
2.167,2.133,0.0562,0.2934
2.2,2.133,0.05689,0.3192
2.233,2.133,0.0576,0.3461
2.267,2.133,0.05833,0.3737
2.3,2.133,0.05907,0.402
2.333,2.133,0.05984,0.4308
2.367,2.133,0.06062,0.4597
2.4,2.133,0.06142,0.4887
2.433,2.133,0.06224,0.5175
2.467,2.133,0.06308,0.546
2.5,2.133,0.06394,0.5739
-2.5,2.167,0.02512,0.004087
-2.467,2.167,0.02517,0.004149
-2.433,2.167,0.02522,0.004214
-2.4,2.167,0.02526,0.004282
-2.367,2.167,0.02531,0.004353
-2.333,2.167,0.02536,0.004427
-2.3,2.167,0.02541,0.004504
-2.267,2.167,0.02546,0.004584
-2.233,2.167,0.02552,0.004668
-2.2,2.167,0.02557,0.004756
-2.167,2.167,0.02562,0.004848
-2.133,2.167,0.02568,0.004944
-2.1,2.167,0.02573,0.005045
-2.067,2.167,0.02579,0.00515
-2.033,2.167,0.02585,0.005261
-2,2.167,0.02591,0.005376
-1.967,2.167,0.02597,0.005498
-1.933,2.167,0.02603,0.005625
-1.9,2.167,0.02609,0.005758
-1.867,2.167,0.02615,0.005899
-1.833,2.167,0.02621,0.006046
-1.8,2.167,0.02628,0.006201
-1.767,2.167,0.02634,0.006363
-1.733,2.167,0.02641,0.006535
-1.7,2.167,0.02648,0.006715
-1.667,2.167,0.02655,0.006905
-1.633,2.167,0.02662,0.007105
-1.6,2.167,0.02669,0.007316
-1.567,2.167,0.02676,0.007539
-1.533,2.167,0.02683,0.007774
-1.5,2.167,0.02691,0.008021
-1.467,2.167,0.02698,0.008283
-1.433,2.167,0.02706,0.008559
-1.4,2.167,0.02714,0.00885
-1.367,2.167,0.02722,0.009157
-1.333,2.167,0.0273,0.009479
-1.3,2.167,0.02738,0.009818
-1.267,2.167,0.02747,0.01017
-1.233,2.167,0.02755,0.01054
-1.2,2.167,0.02764,0.01092
-1.167,2.167,0.02773,0.01131
-1.133,2.167,0.02782,0.01169
-1.1,2.167,0.02791,0.01206
-1.067,2.167,0.028,0.0124
-1.033,2.167,0.0281,0.01269
-1,2.167,0.0282,0.01288
-0.9667,2.167,0.02829,0.01292
-0.9333,2.167,0.02839,0.01277
-0.9,2.167,0.0285,0.01233
-0.8667,2.167,0.0286,0.01156
-0.8333,2.167,0.0287,0.0104
-0.8,2.167,0.02881,0.008892
-0.7667,2.167,0.02892,0.00714
-0.7333,2.167,0.02903,0.005339
-0.7,2.167,0.02914,0.003712
-0.6667,2.167,0.02926,0.002418
-0.6333,2.167,0.02938,0.001507
-0.6,2.167,0.02949,0.0009266
-0.5667,2.167,0.02962,0.000581
-0.5333,2.167,0.02974,0.0003828
-0.5,2.167,0.02986,0.0002701
-0.4667,2.167,0.02999,0.0002055
-0.4333,2.167,0.03012,0.0001682
-0.4,2.167,0.03026,0.0001467
-0.3667,2.167,0.03039,0.0001349
-0.3333,2.167,0.03053,0.0001294
-0.3,2.167,0.03067,0.0001281
-0.2667,2.167,0.03081,0.0001299
-0.2333,2.167,0.03095,0.0001341
-0.2,2.167,0.0311,0.0001403
-0.1667,2.167,0.03125,0.0001483
-0.1333,2.167,0.03141,0.0001578
-0.1,2.167,0.03156,0.0001689
-0.06667,2.167,0.03172,0.0001816
-0.03333,2.167,0.03188,0.0001959
0,2.167,0.03205,0.0002119
0.03333,2.167,0.03222,0.0002299
0.06667,2.167,0.03239,0.0002498
0.1,2.167,0.03256,0.000272
0.1333,2.167,0.03274,0.0002967
0.1667,2.167,0.03292,0.0003242
0.2,2.167,0.03311,0.0003547
0.2333,2.167,0.03329,0.0003888
0.2667,2.167,0.03349,0.0004267
0.3,2.167,0.03368,0.0004689
0.3333,2.167,0.03388,0.0005161
0.3667,2.167,0.03408,0.0005688
0.4,2.167,0.03429,0.0006277
0.4333,2.167,0.0345,0.0006936
0.4667,2.167,0.03472,0.0007675
0.5,2.167,0.03494,0.0008504
0.5333,2.167,0.03516,0.0009434
0.5667,2.167,0.03539,0.001048
0.6,2.167,0.03562,0.001165
0.6333,2.167,0.03586,0.001298
0.6667,2.167,0.0361,0.001447
0.7,2.167,0.03635,0.001615
0.7333,2.167,0.0366,0.001804
0.7667,2.167,0.03686,0.002018
0.8,2.167,0.03712,0.00226
0.8333,2.167,0.03738,0.002534
0.8667,2.167,0.03766,0.002843
0.9,2.167,0.03794,0.003194
0.9333,2.167,0.03822,0.00359
0.9667,2.167,0.03851,0.00404
1,2.167,0.03881,0.004551
1.033,2.167,0.03911,0.005129
1.067,2.167,0.03942,0.005786
1.1,2.167,0.03973,0.006532
1.133,2.167,0.04005,0.007378
1.167,2.167,0.04038,0.00834
1.2,2.167,0.04072,0.009431
1.233,2.167,0.04106,0.01067
1.267,2.167,0.04141,0.01208
1.3,2.167,0.04176,0.01368
1.333,2.167,0.04213,0.01549
1.367,2.167,0.0425,0.01755
1.4,2.167,0.04288,0.01988
1.433,2.167,0.04327,0.02253
1.467,2.167,0.04367,0.02553
1.5,2.167,0.04407,0.02892
1.533,2.167,0.04449,0.03275
1.567,2.167,0.04491,0.03707
1.6,2.167,0.04534,0.04195
1.633,2.167,0.04578,0.04744
1.667,2.167,0.04624,0.05361
1.7,2.167,0.0467,0.06053
1.733,2.167,0.04717,0.06827
1.767,2.167,0.04765,0.07691
1.8,2.167,0.04815,0.08653
1.833,2.167,0.04865,0.09721
1.867,2.167,0.04917,0.109
1.9,2.167,0.0497,0.122
1.933,2.167,0.05024,0.1363
1.967,2.167,0.05079,0.1519
2,2.167,0.05136,0.1689
2.033,2.167,0.05194,0.1873
2.067,2.167,0.05253,0.207
2.1,2.167,0.05314,0.2282
2.133,2.167,0.05376,0.2507
2.167,2.167,0.05439,0.2746
2.2,2.167,0.05504,0.2996
2.233,2.167,0.05571,0.3257
2.267,2.167,0.05639,0.3528
2.3,2.167,0.05709,0.3806
2.333,2.167,0.0578,0.409
2.367,2.167,0.05853,0.4378
2.4,2.167,0.05928,0.4668
2.433,2.167,0.06005,0.4958
2.467,2.167,0.06084,0.5245
2.5,2.167,0.06164,0.5529
-2.5,2.2,0.025,0.004042
-2.467,2.2,0.02504,0.004102
-2.433,2.2,0.02509,0.004165
-2.4,2.2,0.02514,0.004231
-2.367,2.2,0.02518,0.004299
-2.333,2.2,0.02523,0.004371
-2.3,2.2,0.02528,0.004445
-2.267,2.2,0.02533,0.004523
-2.233,2.2,0.02538,0.004605
-2.2,2.2,0.02543,0.00469
-2.167,2.2,0.02548,0.004779
-2.133,2.2,0.02553,0.004871
-2.1,2.2,0.02558,0.004969
-2.067,2.2,0.02564,0.00507
-2.033,2.2,0.02569,0.005177
-2,2.2,0.02575,0.005289
-1.967,2.2,0.02581,0.005406
-1.933,2.2,0.02586,0.005528
-1.9,2.2,0.02592,0.005657
-1.867,2.2,0.02598,0.005792
-1.833,2.2,0.02604,0.005934
-1.8,2.2,0.0261,0.006083
-1.767,2.2,0.02617,0.00624
-1.733,2.2,0.02623,0.006405
-1.7,2.2,0.0263,0.006578
-1.667,2.2,0.02636,0.006761
-1.633,2.2,0.02643,0.006953
-1.6,2.2,0.0265,0.007155
-1.567,2.2,0.02657,0.007369
-1.533,2.2,0.02664,0.007594
-1.5,2.2,0.02671,0.007832
-1.467,2.2,0.02678,0.008082
-1.433,2.2,0.02685,0.008346
-1.4,2.2,0.02693,0.008625
-1.367,2.2,0.02701,0.008917
-1.333,2.2,0.02708,0.009225
-1.3,2.2,0.02716,0.009547
-1.267,2.2,0.02724,0.009883
-1.233,2.2,0.02732,0.01023
-1.2,2.2,0.02741,0.01059
-1.167,2.2,0.02749,0.01095
-1.133,2.2,0.02758,0.01131
-1.1,2.2,0.02767,0.01164
-1.067,2.2,0.02775,0.01195
-1.033,2.2,0.02784,0.01218
-1,2.2,0.02794,0.01232
-0.9667,2.2,0.02803,0.0123
-0.9333,2.2,0.02813,0.01206
-0.9,2.2,0.02822,0.01155
-0.8667,2.2,0.02832,0.0107
-0.8333,2.2,0.02842,0.009485
-0.8,2.2,0.02852,0.007961
-0.7667,2.2,0.02863,0.006258
-0.7333,2.2,0.02873,0.004575
-0.7,2.2,0.02884,0.003113
-0.6667,2.2,0.02895,0.001994
-0.6333,2.2,0.02906,0.001232
-0.6,2.2,0.02918,0.0007583
-0.5667,2.2,0.02929,0.0004805
-0.5333,2.2,0.02941,0.000322
-0.5,2.2,0.02953,0.0002319
-0.4667,2.2,0.02965,0.0001801
-0.4333,2.2,0.02977,0.0001501
-0.4,2.2,0.0299,0.0001329
-0.3667,2.2,0.03003,0.0001237
-0.3333,2.2,0.03016,0.0001197
-0.3,2.2,0.03029,0.0001192
-0.2667,2.2,0.03043,0.0001215
-0.2333,2.2,0.03057,0.0001258
-0.2,2.2,0.03071,0.0001318
-0.1667,2.2,0.03085,0.0001394
-0.1333,2.2,0.031,0.0001484
-0.1,2.2,0.03114,0.0001589
-0.06667,2.2,0.0313,0.0001707
-0.03333,2.2,0.03145,0.0001841
0,2.2,0.03161,0.000199
0.03333,2.2,0.03177,0.0002157
0.06667,2.2,0.03193,0.0002342
0.1,2.2,0.03209,0.0002548
0.1333,2.2,0.03226,0.0002776
0.1667,2.2,0.03244,0.000303
0.2,2.2,0.03261,0.0003312
0.2333,2.2,0.03279,0.0003626
0.2667,2.2,0.03297,0.0003976
0.3,2.2,0.03316,0.0004365
0.3333,2.2,0.03335,0.0004799
0.3667,2.2,0.03354,0.0005284
0.4,2.2,0.03374,0.0005826
0.4333,2.2,0.03394,0.0006431
0.4667,2.2,0.03414,0.0007109
0.5,2.2,0.03435,0.0007869
0.5333,2.2,0.03456,0.0008721
0.5667,2.2,0.03478,0.0009678
0.6,2.2,0.035,0.001075
0.6333,2.2,0.03522,0.001196
0.6667,2.2,0.03545,0.001332
0.7,2.2,0.03569,0.001486
0.7333,2.2,0.03593,0.001659
0.7667,2.2,0.03617,0.001854
0.8,2.2,0.03642,0.002075
0.8333,2.2,0.03667,0.002324
0.8667,2.2,0.03693,0.002606
0.9,2.2,0.03719,0.002925
0.9333,2.2,0.03746,0.003286
0.9667,2.2,0.03773,0.003695
1,2.2,0.03801,0.004159
1.033,2.2,0.0383,0.004686
1.067,2.2,0.03859,0.005283
1.1,2.2,0.03889,0.00596
1.133,2.2,0.03919,0.006729
1.167,2.2,0.0395,0.007602
1.2,2.2,0.03982,0.008594
1.233,2.2,0.04014,0.00972
1.267,2.2,0.04047,0.011
1.3,2.2,0.04081,0.01245
1.333,2.2,0.04115,0.0141
1.367,2.2,0.04151,0.01597
1.4,2.2,0.04186,0.01809
1.433,2.2,0.04223,0.0205
1.467,2.2,0.04261,0.02323
1.5,2.2,0.04299,0.02632
1.533,2.2,0.04338,0.02981
1.567,2.2,0.04378,0.03376
1.6,2.2,0.04419,0.03821
1.633,2.2,0.0446,0.04324
1.667,2.2,0.04503,0.04889
1.7,2.2,0.04546,0.05523
1.733,2.2,0.04591,0.06235
1.767,2.2,0.04636,0.0703
1.8,2.2,0.04683,0.07917
1.833,2.2,0.04731,0.08904
1.867,2.2,0.04779,0.09999
1.9,2.2,0.04829,0.1121
1.933,2.2,0.0488,0.1254
1.967,2.2,0.04932,0.14
2,2.2,0.04985,0.1559
2.033,2.2,0.05039,0.1732
2.067,2.2,0.05095,0.192
2.1,2.2,0.05152,0.2121
2.133,2.2,0.0521,0.2336
2.167,2.2,0.0527,0.2565
2.2,2.2,0.05331,0.2806
2.233,2.2,0.05393,0.3059
2.267,2.2,0.05457,0.3322
2.3,2.2,0.05523,0.3595
2.333,2.2,0.0559,0.3875
2.367,2.2,0.05658,0.416
2.4,2.2,0.05729,0.4449
2.433,2.2,0.05801,0.4739
2.467,2.2,0.05874,0.5028
2.5,2.2,0.0595,0.5315
-2.5,2.233,0.02488,0.003998
-2.467,2.233,0.02492,0.004056
-2.433,2.233,0.02497,0.004117
-2.4,2.233,0.02501,0.004181
-2.367,2.233,0.02506,0.004247
-2.333,2.233,0.0251,0.004317
-2.3,2.233,0.02515,0.004389
-2.267,2.233,0.0252,0.004464
-2.233,2.233,0.02524,0.004543
-2.2,2.233,0.02529,0.004625
-2.167,2.233,0.02534,0.004711
-2.133,2.233,0.02539,0.004801
-2.1,2.233,0.02544,0.004895
-2.067,2.233,0.02549,0.004993
-2.033,2.233,0.02555,0.005096
-2,2.233,0.0256,0.005204
-1.967,2.233,0.02565,0.005317
-1.933,2.233,0.02571,0.005435
-1.9,2.233,0.02577,0.005559
-1.867,2.233,0.02582,0.005689
-1.833,2.233,0.02588,0.005826
-1.8,2.233,0.02594,0.00597
-1.767,2.233,0.026,0.006121
-1.733,2.233,0.02606,0.006279
-1.7,2.233,0.02612,0.006446
-1.667,2.233,0.02618,0.006622
-1.633,2.233,0.02625,0.006806
-1.6,2.233,0.02631,0.007001
-1.567,2.233,0.02638,0.007206
-1.533,2.233,0.02645,0.007422
-1.5,2.233,0.02652,0.00765
-1.467,2.233,0.02658,0.00789
-1.433,2.233,0.02666,0.008143
-1.4,2.233,0.02673,0.008409
-1.367,2.233,0.0268,0.008688
-1.333,2.233,0.02687,0.008982
-1.3,2.233,0.02695,0.009288
-1.267,2.233,0.02703,0.009607
-1.233,2.233,0.02711,0.009936
-1.2,2.233,0.02718,0.01027
-1.167,2.233,0.02727,0.01061
-1.133,2.233,0.02735,0.01094
-1.1,2.233,0.02743,0.01124
-1.067,2.233,0.02752,0.0115
-1.033,2.233,0.0276,0.01169
-1,2.233,0.02769,0.01177
-0.9667,2.233,0.02778,0.01169
-0.9333,2.233,0.02787,0.01138
-0.9,2.233,0.02796,0.01079
-0.8667,2.233,0.02806,0.009869
-0.8333,2.233,0.02815,0.008613
-0.8,2.233,0.02825,0.007092
-0.7667,2.233,0.02835,0.005454
-0.7333,2.233,0.02845,0.003898
-0.7,2.233,0.02855,0.002599
-0.6667,2.233,0.02866,0.001641
-0.6333,2.233,0.02876,0.001008
-0.6,2.233,0.02887,0.0006225
-0.5667,2.233,0.02898,0.0003995
-0.5333,2.233,0.02909,0.0002727
-0.5,2.233,0.02921,0.0002005
-0.4667,2.233,0.02932,0.0001588
-0.4333,2.233,0.02944,0.0001347
-0.4,2.233,0.02956,0.000121
-0.3667,2.233,0.02968,0.0001139
-0.3333,2.233,0.02981,0.0001111
-0.3,2.233,0.02994,0.0001113
-0.2667,2.233,0.03007,0.0001138
-0.2333,2.233,0.0302,0.0001181
-0.2,2.233,0.03033,0.000124
-0.1667,2.233,0.03047,0.0001312
-0.1333,2.233,0.03061,0.0001397
-0.1,2.233,0.03075,0.0001495
-0.06667,2.233,0.03089,0.0001606
-0.03333,2.233,0.03104,0.0001731
0,2.233,0.03119,0.000187
0.03333,2.233,0.03134,0.0002025
0.06667,2.233,0.03149,0.0002197
0.1,2.233,0.03165,0.0002388
0.1333,2.233,0.03181,0.0002599
0.1667,2.233,0.03198,0.0002834
0.2,2.233,0.03214,0.0003095
0.2333,2.233,0.03231,0.0003385
0.2667,2.233,0.03248,0.0003708
0.3,2.233,0.03266,0.0004067
0.3333,2.233,0.03284,0.0004467
0.3667,2.233,0.03302,0.0004913
0.4,2.233,0.03321,0.0005411
0.4333,2.233,0.0334,0.0005967
0.4667,2.233,0.03359,0.000659
0.5,2.233,0.03379,0.0007287
0.5333,2.233,0.03399,0.0008069
0.5667,2.233,0.0342,0.0008945
0.6,2.233,0.03441,0.000993
0.6333,2.233,0.03462,0.001104
0.6667,2.233,0.03484,0.001228
0.7,2.233,0.03506,0.001368
0.7333,2.233,0.03529,0.001526
0.7667,2.233,0.03552,0.001705
0.8,2.233,0.03575,0.001906
0.8333,2.233,0.03599,0.002133
0.8667,2.233,0.03624,0.00239
0.9,2.233,0.03649,0.00268
0.9333,2.233,0.03674,0.003009
0.9667,2.233,0.037,0.003382
1,2.233,0.03727,0.003804
1.033,2.233,0.03754,0.004282
1.067,2.233,0.03781,0.004825
1.1,2.233,0.03809,0.00544
1.133,2.233,0.03838,0.006139
1.167,2.233,0.03867,0.006933
1.2,2.233,0.03897,0.007834
1.233,2.233,0.03928,0.008857
1.267,2.233,0.03959,0.01002
1.3,2.233,0.03991,0.01134
1.333,2.233,0.04023,0.01284
1.367,2.233,0.04057,0.01454
1.4,2.233,0.04091,0.01647
1.433,2.233,0.04125,0.01866
1.467,2.233,0.04161,0.02114
1.5,2.233,0.04197,0.02395
1.533,2.233,0.04234,0.02713
1.567,2.233,0.04271,0.03073
1.6,2.233,0.0431,0.0348
1.633,2.233,0.04349,0.03939
1.667,2.233,0.04389,0.04456
1.7,2.233,0.0443,0.05037
1.733,2.233,0.04472,0.0569
1.767,2.233,0.04515,0.06421
1.8,2.233,0.04559,0.07238
1.833,2.233,0.04604,0.08149
1.867,2.233,0.04649,0.09162
1.9,2.233,0.04696,0.1028
1.933,2.233,0.04744,0.1152
1.967,2.233,0.04793,0.1288
2,2.233,0.04843,0.1438
2.033,2.233,0.04894,0.16
2.067,2.233,0.04947,0.1777
2.1,2.233,0.05,0.1967
2.133,2.233,0.05055,0.2172
2.167,2.233,0.05111,0.2391
2.2,2.233,0.05168,0.2622
2.233,2.233,0.05227,0.2867
2.267,2.233,0.05287,0.3122
2.3,2.233,0.05348,0.3388
2.333,2.233,0.05411,0.3663
2.367,2.233,0.05476,0.3944
2.4,2.233,0.05541,0.4231
2.433,2.233,0.05609,0.452
2.467,2.233,0.05678,0.481
2.5,2.233,0.05749,0.5099
-2.5,2.267,0.02477,0.003955
-2.467,2.267,0.02481,0.004012
-2.433,2.267,0.02485,0.004071
-2.4,2.267,0.02489,0.004133
-2.367,2.267,0.02494,0.004197
-2.333,2.267,0.02498,0.004264
-2.3,2.267,0.02502,0.004334
-2.267,2.267,0.02507,0.004407
-2.233,2.267,0.02512,0.004483
-2.2,2.267,0.02516,0.004563
-2.167,2.267,0.02521,0.004646
-2.133,2.267,0.02526,0.004733
-2.1,2.267,0.02531,0.004824
-2.067,2.267,0.02536,0.004919
-2.033,2.267,0.02541,0.005018
-2,2.267,0.02546,0.005122
-1.967,2.267,0.02551,0.005231
-1.933,2.267,0.02556,0.005345
-1.9,2.267,0.02562,0.005465
-1.867,2.267,0.02567,0.00559
-1.833,2.267,0.02573,0.005722
-1.8,2.267,0.02578,0.005861
-1.767,2.267,0.02584,0.006006
-1.733,2.267,0.0259,0.006159
-1.7,2.267,0.02596,0.006319
-1.667,2.267,0.02602,0.006488
-1.633,2.267,0.02608,0.006666
-1.6,2.267,0.02614,0.006853
-1.567,2.267,0.0262,0.00705
-1.533,2.267,0.02627,0.007257
-1.5,2.267,0.02633,0.007475
-1.467,2.267,0.0264,0.007705
-1.433,2.267,0.02647,0.007947
-1.4,2.267,0.02653,0.008202
-1.367,2.267,0.0266,0.008469
-1.333,2.267,0.02668,0.008748
-1.3,2.267,0.02675,0.00904
-1.267,2.267,0.02682,0.009342
-1.233,2.267,0.0269,0.009652
-1.2,2.267,0.02697,0.009967
-1.167,2.267,0.02705,0.01028
-1.133,2.267,0.02713,0.01058
-1.1,2.267,0.02721,0.01085
-1.067,2.267,0.02729,0.01108
-1.033,2.267,0.02737,0.01122
-1,2.267,0.02745,0.01125
-0.9667,2.267,0.02754,0.0111
-0.9333,2.267,0.02763,0.01072
-0.9,2.267,0.02772,0.01006
-0.8667,2.267,0.0278,0.009075
-0.8333,2.267,0.0279,0.007787
-0.8,2.267,0.02799,0.006284
-0.7667,2.267,0.02808,0.004726
-0.7333,2.267,0.02818,0.003304
-0.7,2.267,0.02828,0.00216
-0.6667,2.267,0.02838,0.001347
-0.6333,2.267,0.02848,0.0008248
-0.6,2.267,0.02858,0.000513
-0.5667,2.267,0.02869,0.0003341
-0.5333,2.267,0.02879,0.0002326
-0.5,2.267,0.0289,0.0001745
-0.4667,2.267,0.02901,0.000141
-0.4333,2.267,0.02913,0.0001216
-0.4,2.267,0.02924,0.0001107
-0.3667,2.267,0.02936,0.0001052
-0.3333,2.267,0.02948,0.0001033
-0.3,2.267,0.0296,0.0001041
-0.2667,2.267,0.02972,0.0001068
-0.2333,2.267,0.02984,0.0001111
-0.2,2.267,0.02997,0.0001168
-0.1667,2.267,0.0301,0.0001237
-0.1333,2.267,0.03023,0.0001317
-0.1,2.267,0.03037,0.0001409
-0.06667,2.267,0.03051,0.0001513
-0.03333,2.267,0.03064,0.0001629
0,2.267,0.03079,0.0001759
0.03333,2.267,0.03093,0.0001903
0.06667,2.267,0.03108,0.0002063
0.1,2.267,0.03123,0.000224
0.1333,2.267,0.03138,0.0002436
0.1667,2.267,0.03154,0.0002654
0.2,2.267,0.0317,0.0002895
0.2333,2.267,0.03186,0.0003163
0.2667,2.267,0.03202,0.0003461
0.3,2.267,0.03219,0.0003792
0.3333,2.267,0.03236,0.000416
0.3667,2.267,0.03253,0.0004571
0.4,2.267,0.03271,0.000503
0.4333,2.267,0.03289,0.0005541
0.4667,2.267,0.03308,0.0006113
0.5,2.267,0.03326,0.0006753
0.5333,2.267,0.03345,0.000747
0.5667,2.267,0.03365,0.0008274
0.6,2.267,0.03385,0.0009176
0.6333,2.267,0.03405,0.001019
0.6667,2.267,0.03426,0.001133
0.7,2.267,0.03447,0.001261
0.7333,2.267,0.03468,0.001405
0.7667,2.267,0.0349,0.001568
0.8,2.267,0.03512,0.001752
0.8333,2.267,0.03535,0.001959
0.8667,2.267,0.03558,0.002193
0.9,2.267,0.03582,0.002458
0.9333,2.267,0.03606,0.002757
0.9667,2.267,0.03631,0.003096
1,2.267,0.03656,0.00348
1.033,2.267,0.03681,0.003915
1.067,2.267,0.03708,0.004409
1.1,2.267,0.03734,0.004968
1.133,2.267,0.03761,0.005603
1.167,2.267,0.03789,0.006324
1.2,2.267,0.03817,0.007143
1.233,2.267,0.03846,0.008072
1.267,2.267,0.03876,0.009127
1.3,2.267,0.03906,0.01033
1.333,2.267,0.03937,0.01169
1.367,2.267,0.03968,0.01323
1.4,2.267,0.04,0.01499
1.433,2.267,0.04033,0.01698
1.467,2.267,0.04066,0.01923
1.5,2.267,0.041,0.02179
1.533,2.267,0.04135,0.02469
1.567,2.267,0.04171,0.02797
1.6,2.267,0.04207,0.03168
1.633,2.267,0.04244,0.03587
1.667,2.267,0.04282,0.0406
1.7,2.267,0.04321,0.04592
1.733,2.267,0.0436,0.0519
1.767,2.267,0.04401,0.05861
1.8,2.267,0.04442,0.06613
1.833,2.267,0.04484,0.07452
1.867,2.267,0.04527,0.08387
1.9,2.267,0.04571,0.09425
1.933,2.267,0.04616,0.1058
1.967,2.267,0.04662,0.1184
2,2.267,0.04709,0.1324
2.033,2.267,0.04758,0.1476
2.067,2.267,0.04807,0.1642
2.1,2.267,0.04857,0.1822
2.133,2.267,0.04909,0.2016
2.167,2.267,0.04961,0.2224
2.2,2.267,0.05015,0.2446
2.233,2.267,0.0507,0.2681
2.267,2.267,0.05127,0.2928
2.3,2.267,0.05185,0.3186
2.333,2.267,0.05244,0.3455
2.367,2.267,0.05304,0.3731
2.4,2.267,0.05366,0.4014
2.433,2.267,0.05429,0.4301
2.467,2.267,0.05494,0.4591
2.5,2.267,0.0556,0.4881
-2.5,2.3,0.02466,0.003913
-2.467,2.3,0.0247,0.003969
-2.433,2.3,0.02474,0.004026
-2.4,2.3,0.02478,0.004086
-2.367,2.3,0.02482,0.004148
-2.333,2.3,0.02486,0.004213
-2.3,2.3,0.02491,0.004281
-2.267,2.3,0.02495,0.004352
-2.233,2.3,0.02499,0.004425
-2.2,2.3,0.02504,0.004502
-2.167,2.3,0.02508,0.004583
-2.133,2.3,0.02513,0.004667
-2.1,2.3,0.02517,0.004755
-2.067,2.3,0.02522,0.004846
-2.033,2.3,0.02527,0.004942
-2,2.3,0.02532,0.005043
-1.967,2.3,0.02537,0.005148
-1.933,2.3,0.02542,0.005258
-1.9,2.3,0.02547,0.005374
-1.867,2.3,0.02552,0.005495
-1.833,2.3,0.02558,0.005622
-1.8,2.3,0.02563,0.005755
-1.767,2.3,0.02569,0.005895
-1.733,2.3,0.02574,0.006043
-1.7,2.3,0.0258,0.006197
-1.667,2.3,0.02585,0.006359
-1.633,2.3,0.02591,0.00653
-1.6,2.3,0.02597,0.00671
-1.567,2.3,0.02603,0.006899
-1.533,2.3,0.02609,0.007098
-1.5,2.3,0.02616,0.007308
-1.467,2.3,0.02622,0.007528
-1.433,2.3,0.02629,0.00776
-1.4,2.3,0.02635,0.008003
-1.367,2.3,0.02642,0.008258
-1.333,2.3,0.02649,0.008524
-1.3,2.3,0.02655,0.008801
-1.267,2.3,0.02662,0.009088
-1.233,2.3,0.0267,0.00938
-1.2,2.3,0.02677,0.009674
-1.167,2.3,0.02684,0.009964
-1.133,2.3,0.02692,0.01024
-1.1,2.3,0.02699,0.01048
-1.067,2.3,0.02707,0.01066
-1.033,2.3,0.02715,0.01076
-1,2.3,0.02723,0.01073
-0.9667,2.3,0.02731,0.01052
-0.9333,2.3,0.02739,0.01008
-0.9,2.3,0.02748,0.009349
-0.8667,2.3,0.02756,0.008313
-0.8333,2.3,0.02765,0.007007
-0.8,2.3,0.02774,0.005538
-0.7667,2.3,0.02783,0.004072
-0.7333,2.3,0.02792,0.002785
-0.7,2.3,0.02802,0.00179
-0.6667,2.3,0.02811,0.001105
-0.6333,2.3,0.02821,0.0006764
-0.6,2.3,0.02831,0.0004247
-0.5667,2.3,0.02841,0.0002812
-0.5333,2.3,0.02851,0.0001997
-0.5,2.3,0.02861,0.000153
-0.4667,2.3,0.02872,0.0001259
-0.4333,2.3,0.02882,0.0001103
-0.4,2.3,0.02893,0.0001017
-0.3667,2.3,0.02904,9.751e-05
-0.3333,2.3,0.02916,9.643e-05
-0.3,2.3,0.02927,9.758e-05
-0.2667,2.3,0.02939,0.0001004
-0.2333,2.3,0.02951,0.0001047
-0.2,2.3,0.02963,0.0001101
-0.1667,2.3,0.02975,0.0001167
-0.1333,2.3,0.02988,0.0001243
-0.1,2.3,0.03001,0.0001329
-0.06667,2.3,0.03014,0.0001426
-0.03333,2.3,0.03027,0.0001535
0,2.3,0.03041,0.0001656
0.03333,2.3,0.03054,0.000179
0.06667,2.3,0.03068,0.0001938
0.1,2.3,0.03083,0.0002103
0.1333,2.3,0.03097,0.0002285
0.1667,2.3,0.03112,0.0002486
0.2,2.3,0.03127,0.000271
0.2333,2.3,0.03142,0.0002957
0.2667,2.3,0.03158,0.0003232
0.3,2.3,0.03174,0.0003538
0.3333,2.3,0.0319,0.0003878
0.3667,2.3,0.03207,0.0004257
0.4,2.3,0.03224,0.0004679
0.4333,2.3,0.03241,0.000515
0.4667,2.3,0.03258,0.0005675
0.5,2.3,0.03276,0.0006263
0.5333,2.3,0.03294,0.0006921
0.5667,2.3,0.03313,0.0007658
0.6,2.3,0.03332,0.0008485
0.6333,2.3,0.03351,0.0009413
0.6667,2.3,0.0337,0.001046
0.7,2.3,0.0339,0.001163
0.7333,2.3,0.03411,0.001295
0.7667,2.3,0.03432,0.001443
0.8,2.3,0.03453,0.001611
0.8333,2.3,0.03474,0.0018
0.8667,2.3,0.03496,0.002013
0.9,2.3,0.03519,0.002255
0.9333,2.3,0.03542,0.002527
0.9667,2.3,0.03565,0.002836
1,2.3,0.03589,0.003186
1.033,2.3,0.03613,0.003582
1.067,2.3,0.03638,0.00403
1.1,2.3,0.03663,0.004539
1.133,2.3,0.03689,0.005116
1.167,2.3,0.03715,0.005771
1.2,2.3,0.03742,0.006515
1.233,2.3,0.03769,0.007359
1.267,2.3,0.03797,0.008318
1.3,2.3,0.03825,0.009407
1.333,2.3,0.03855,0.01064
1.367,2.3,0.03884,0.01205
1.4,2.3,0.03914,0.01364
1.433,2.3,0.03945,0.01545
1.467,2.3,0.03977,0.0175
1.5,2.3,0.04009,0.01983
1.533,2.3,0.04042,0.02247
1.567,2.3,0.04076,0.02546
1.6,2.3,0.0411,0.02884
1.633,2.3,0.04145,0.03266
1.667,2.3,0.04181,0.03698
1.7,2.3,0.04217,0.04184
1.733,2.3,0.04255,0.04732
1.767,2.3,0.04293,0.05347
1.8,2.3,0.04332,0.06037
1.833,2.3,0.04371,0.06809
1.867,2.3,0.04412,0.07672
1.9,2.3,0.04454,0.08631
1.933,2.3,0.04496,0.09696
1.967,2.3,0.04539,0.1087
2,2.3,0.04584,0.1217
2.033,2.3,0.04629,0.136
2.067,2.3,0.04675,0.1515
2.1,2.3,0.04723,0.1685
2.133,2.3,0.04771,0.1868
2.167,2.3,0.04821,0.2066
2.2,2.3,0.04872,0.2277
2.233,2.3,0.04923,0.2502
2.267,2.3,0.04976,0.274
2.3,2.3,0.05031,0.299
2.333,2.3,0.05086,0.3251
2.367,2.3,0.05143,0.3522
2.4,2.3,0.05201,0.38
2.433,2.3,0.0526,0.4084
2.467,2.3,0.05321,0.4372
2.5,2.3,0.05383,0.4662
-2.5,2.333,0.02456,0.003873
-2.467,2.333,0.0246,0.003927
-2.433,2.333,0.02463,0.003982
-2.4,2.333,0.02467,0.00404
-2.367,2.333,0.02471,0.004101
-2.333,2.333,0.02475,0.004164
-2.3,2.333,0.02479,0.004229
-2.267,2.333,0.02483,0.004298
-2.233,2.333,0.02488,0.004369
-2.2,2.333,0.02492,0.004444
-2.167,2.333,0.02496,0.004522
-2.133,2.333,0.02501,0.004603
-2.1,2.333,0.02505,0.004688
-2.067,2.333,0.0251,0.004777
-2.033,2.333,0.02514,0.004869
-2,2.333,0.02519,0.004967
-1.967,2.333,0.02524,0.005068
-1.933,2.333,0.02528,0.005175
-1.9,2.333,0.02533,0.005286
-1.867,2.333,0.02538,0.005403
-1.833,2.333,0.02543,0.005526
-1.8,2.333,0.02549,0.005654
-1.767,2.333,0.02554,0.005789
-1.733,2.333,0.02559,0.005931
-1.7,2.333,0.02565,0.006079
-1.667,2.333,0.0257,0.006236
-1.633,2.333,0.02576,0.0064
-1.6,2.333,0.02581,0.006573
-1.567,2.333,0.02587,0.006755
-1.533,2.333,0.02593,0.006946
-1.5,2.333,0.02599,0.007147
-1.467,2.333,0.02605,0.007358
-1.433,2.333,0.02611,0.00758
-1.4,2.333,0.02617,0.007813
-1.367,2.333,0.02624,0.008056
-1.333,2.333,0.0263,0.00831
-1.3,2.333,0.02637,0.008573
-1.267,2.333,0.02644,0.008844
-1.233,2.333,0.0265,0.009119
-1.2,2.333,0.02657,0.009394
-1.167,2.333,0.02664,0.00966
-1.133,2.333,0.02672,0.009906
-1.1,2.333,0.02679,0.01012
-1.067,2.333,0.02686,0.01026
-1.033,2.333,0.02694,0.01032
-1,2.333,0.02701,0.01024
-0.9667,2.333,0.02709,0.009964
-0.9333,2.333,0.02717,0.009453
-0.9,2.333,0.02725,0.008662
-0.8667,2.333,0.02733,0.007584
-0.8333,2.333,0.02742,0.006274
-0.8,2.333,0.0275,0.004852
-0.7667,2.333,0.02759,0.003489
-0.7333,2.333,0.02768,0.002337
-0.7,2.333,0.02777,0.001478
-0.6667,2.333,0.02786,0.0009062
-0.6333,2.333,0.02795,0.0005562
-0.6,2.333,0.02804,0.0003533
-0.5667,2.333,0.02814,0.0002382
-0.5333,2.333,0.02823,0.0001727
-0.5,2.333,0.02833,0.000135
-0.4667,2.333,0.02843,0.0001131
-0.4333,2.333,0.02854,0.0001005
-0.4,2.333,0.02864,9.373e-05
-0.3667,2.333,0.02875,9.067e-05
-0.3333,2.333,0.02885,9.021e-05
-0.3,2.333,0.02896,9.166e-05
-0.2667,2.333,0.02908,9.459e-05
-0.2333,2.333,0.02919,9.875e-05
-0.2,2.333,0.02931,0.000104
-0.1667,2.333,0.02942,0.0001102
-0.1333,2.333,0.02954,0.0001174
-0.1,2.333,0.02967,0.0001255
-0.06667,2.333,0.02979,0.0001346
-0.03333,2.333,0.02992,0.0001448
0,2.333,0.03004,0.000156
0.03333,2.333,0.03018,0.0001685
0.06667,2.333,0.03031,0.0001823
0.1,2.333,0.03044,0.0001976
0.1333,2.333,0.03058,0.0002144
0.1667,2.333,0.03072,0.0002331
0.2,2.333,0.03087,0.0002538
0.2333,2.333,0.03101,0.0002767
0.2667,2.333,0.03116,0.0003022
0.3,2.333,0.03131,0.0003304
0.3333,2.333,0.03147,0.0003618
0.3667,2.333,0.03163,0.0003967
0.4,2.333,0.03179,0.0004356
0.4333,2.333,0.03195,0.0004789
0.4667,2.333,0.03212,0.0005273
0.5,2.333,0.03228,0.0005813
0.5333,2.333,0.03246,0.0006418
0.5667,2.333,0.03263,0.0007094
0.6,2.333,0.03281,0.0007852
0.6333,2.333,0.03299,0.0008702
0.6667,2.333,0.03318,0.0009657
0.7,2.333,0.03337,0.001073
0.7333,2.333,0.03356,0.001194
0.7667,2.333,0.03376,0.001329
0.8,2.333,0.03396,0.001482
0.8333,2.333,0.03417,0.001655
0.8667,2.333,0.03437,0.00185
0.9,2.333,0.03459,0.00207
0.9333,2.333,0.0348,0.002318
0.9667,2.333,0.03503,0.002599
1,2.333,0.03525,0.002918
1.033,2.333,0.03548,0.003278
1.067,2.333,0.03571,0.003686
1.1,2.333,0.03595,0.004149
1.133,2.333,0.0362,0.004674
1.167,2.333,0.03645,0.005269
1.2,2.333,0.0367,0.005945
1.233,2.333,0.03696,0.006712
1.267,2.333,0.03722,0.007583
1.3,2.333,0.03749,0.008572
1.333,2.333,0.03777,0.009695
1.367,2.333,0.03805,0.01097
1.4,2.333,0.03834,0.01242
1.433,2.333,0.03863,0.01406
1.467,2.333,0.03893,0.01593
1.5,2.333,0.03923,0.01805
1.533,2.333,0.03954,0.02045
1.567,2.333,0.03986,0.02317
1.6,2.333,0.04018,0.02625
1.633,2.333,0.04051,0.02973
1.667,2.333,0.04085,0.03367
1.7,2.333,0.0412,0.03811
1.733,2.333,0.04155,0.04312
1.767,2.333,0.04191,0.04876
1.8,2.333,0.04228,0.05509
1.833,2.333,0.04265,0.06218
1.867,2.333,0.04303,0.07012
1.9,2.333,0.04343,0.07897
1.933,2.333,0.04383,0.08881
1.967,2.333,0.04424,0.09973
2,2.333,0.04465,0.1118
2.033,2.333,0.04508,0.1251
2.067,2.333,0.04552,0.1397
2.1,2.333,0.04596,0.1556
2.133,2.333,0.04642,0.1728
2.167,2.333,0.04689,0.1915
2.2,2.333,0.04736,0.2116
2.233,2.333,0.04785,0.2331
2.267,2.333,0.04835,0.2559
2.3,2.333,0.04886,0.28
2.333,2.333,0.04938,0.3053
2.367,2.333,0.04991,0.3316
2.4,2.333,0.05046,0.3589
2.433,2.333,0.05102,0.3869
2.467,2.333,0.05159,0.4154
2.5,2.333,0.05217,0.4443
-2.5,2.367,0.02446,0.003834
-2.467,2.367,0.02449,0.003886
-2.433,2.367,0.02453,0.00394
-2.4,2.367,0.02457,0.003996
-2.367,2.367,0.02461,0.004055
-2.333,2.367,0.02464,0.004116
-2.3,2.367,0.02468,0.00418
-2.267,2.367,0.02472,0.004246
-2.233,2.367,0.02476,0.004315
-2.2,2.367,0.0248,0.004387
-2.167,2.367,0.02485,0.004463
-2.133,2.367,0.02489,0.004541
-2.1,2.367,0.02493,0.004623
-2.067,2.367,0.02497,0.004709
-2.033,2.367,0.02502,0.004799
-2,2.367,0.02506,0.004893
-1.967,2.367,0.02511,0.004991
-1.933,2.367,0.02515,0.005094
-1.9,2.367,0.0252,0.005202
-1.867,2.367,0.02525,0.005314
-1.833,2.367,0.0253,0.005433
-1.8,2.367,0.02535,0.005556
-1.767,2.367,0.0254,0.005686
-1.733,2.367,0.02545,0.005823
-1.7,2.367,0.0255,0.005966
-1.667,2.367,0.02555,0.006117
-1.633,2.367,0.02561,0.006275
-1.6,2.367,0.02566,0.006441
-1.567,2.367,0.02572,0.006616
-1.533,2.367,0.02577,0.006799
-1.5,2.367,0.02583,0.006992
-1.467,2.367,0.02589,0.007195
-1.433,2.367,0.02595,0.007407
-1.4,2.367,0.02601,0.00763
-1.367,2.367,0.02607,0.007862
-1.333,2.367,0.02613,0.008104
-1.3,2.367,0.02619,0.008353
-1.267,2.367,0.02626,0.008609
-1.233,2.367,0.02632,0.008868
-1.2,2.367,0.02639,0.009123
-1.167,2.367,0.02646,0.009367
-1.133,2.367,0.02652,0.009587
-1.1,2.367,0.02659,0.009765
-1.067,2.367,0.02666,0.009876
-1.033,2.367,0.02674,0.009884
-1,2.367,0.02681,0.009748
-0.9667,2.367,0.02688,0.009418
-0.9333,2.367,0.02696,0.008845
-0.9,2.367,0.02704,0.007999
-0.8667,2.367,0.02711,0.006889
-0.8333,2.367,0.02719,0.005588
-0.8,2.367,0.02727,0.004228
-0.7667,2.367,0.02736,0.002972
-0.7333,2.367,0.02744,0.001952
-0.7,2.367,0.02753,0.001218
-0.6667,2.367,0.02761,0.0007436
-0.6333,2.367,0.0277,0.000459
-0.6,2.367,0.02779,0.0002956
-0.5667,2.367,0.02788,0.0002031
-0.5333,2.367,0.02797,0.0001504
-0.5,2.367,0.02807,0.0001199
-0.4667,2.367,0.02816,0.0001022
-0.4333,2.367,0.02826,9.209e-05
-0.4,2.367,0.02836,8.675e-05
-0.3667,2.367,0.02846,8.456e-05
-0.3333,2.367,0.02857,8.459e-05
-0.3,2.367,0.02867,8.627e-05
-0.2667,2.367,0.02878,8.924e-05
-0.2333,2.367,0.02889,9.329e-05
-0.2,2.367,0.029,9.83e-05
-0.1667,2.367,0.02911,0.0001042
-0.1333,2.367,0.02922,0.000111
-0.1,2.367,0.02934,0.0001186
-0.06667,2.367,0.02946,0.0001271
-0.03333,2.367,0.02958,0.0001366
0,2.367,0.0297,0.0001471
0.03333,2.367,0.02982,0.0001587
0.06667,2.367,0.02995,0.0001716
0.1,2.367,0.03008,0.0001858
0.1333,2.367,0.03021,0.0002014
0.1667,2.367,0.03035,0.0002188
0.2,2.367,0.03048,0.0002379
0.2333,2.367,0.03062,0.0002592
0.2667,2.367,0.03076,0.0002827
0.3,2.367,0.03091,0.0003088
0.3333,2.367,0.03106,0.0003378
0.3667,2.367,0.0312,0.00037
0.4,2.367,0.03136,0.0004058
0.4333,2.367,0.03151,0.0004457
0.4667,2.367,0.03167,0.0004903
0.5,2.367,0.03183,0.00054
0.5333,2.367,0.032,0.0005955
0.5667,2.367,0.03216,0.0006576
0.6,2.367,0.03233,0.0007272
0.6333,2.367,0.03251,0.0008051
0.6667,2.367,0.03268,0.0008926
0.7,2.367,0.03286,0.0009908
0.7333,2.367,0.03305,0.001101
0.7667,2.367,0.03323,0.001225
0.8,2.367,0.03342,0.001365
0.8333,2.367,0.03362,0.001523
0.8667,2.367,0.03382,0.001701
0.9,2.367,0.03402,0.001901
0.9333,2.367,0.03422,0.002128
0.9667,2.367,0.03443,0.002384
1,2.367,0.03465,0.002674
1.033,2.367,0.03487,0.003002
1.067,2.367,0.03509,0.003373
1.1,2.367,0.03531,0.003794
1.133,2.367,0.03555,0.004271
1.167,2.367,0.03578,0.004812
1.2,2.367,0.03602,0.005427
1.233,2.367,0.03627,0.006123
1.267,2.367,0.03652,0.006915
1.3,2.367,0.03677,0.007813
1.333,2.367,0.03703,0.008833
1.367,2.367,0.0373,0.009992
1.4,2.367,0.03757,0.01131
1.433,2.367,0.03785,0.0128
1.467,2.367,0.03813,0.0145
1.5,2.367,0.03842,0.01642
1.533,2.367,0.03871,0.01861
1.567,2.367,0.03901,0.02108
1.6,2.367,0.03932,0.02388
1.633,2.367,0.03963,0.02706
1.667,2.367,0.03995,0.03065
1.7,2.367,0.04027,0.03471
1.733,2.367,0.04061,0.03928
1.767,2.367,0.04095,0.04444
1.8,2.367,0.04129,0.05024
1.833,2.367,0.04165,0.05675
1.867,2.367,0.04201,0.06404
1.9,2.367,0.04238,0.07219
1.933,2.367,0.04276,0.08128
1.967,2.367,0.04314,0.09138
2,2.367,0.04354,0.1026
2.033,2.367,0.04394,0.1149
2.067,2.367,0.04435,0.1285
2.1,2.367,0.04477,0.1434
2.133,2.367,0.0452,0.1597
2.167,2.367,0.04564,0.1773
2.2,2.367,0.04609,0.1963
2.233,2.367,0.04655,0.2167
2.267,2.367,0.04702,0.2386
2.3,2.367,0.0475,0.2617
2.333,2.367,0.04799,0.2861
2.367,2.367,0.04849,0.3117
2.4,2.367,0.049,0.3382
2.433,2.367,0.04953,0.3657
2.467,2.367,0.05007,0.3938
2.5,2.367,0.05062,0.4224
-2.5,2.4,0.02436,0.003796
-2.467,2.4,0.0244,0.003847
-2.433,2.4,0.02443,0.003899
-2.4,2.4,0.02447,0.003954
-2.367,2.4,0.02451,0.004011
-2.333,2.4,0.02454,0.00407
-2.3,2.4,0.02458,0.004131
-2.267,2.4,0.02462,0.004196
-2.233,2.4,0.02466,0.004263
-2.2,2.4,0.02469,0.004333
-2.167,2.4,0.02473,0.004405
-2.133,2.4,0.02477,0.004482
-2.1,2.4,0.02482,0.004561
-2.067,2.4,0.02486,0.004644
-2.033,2.4,0.0249,0.004731
-2,2.4,0.02494,0.004822
-1.967,2.4,0.02499,0.004916
-1.933,2.4,0.02503,0.005016
-1.9,2.4,0.02508,0.00512
-1.867,2.4,0.02512,0.005229
-1.833,2.4,0.02517,0.005343
-1.8,2.4,0.02521,0.005462
-1.767,2.4,0.02526,0.005588
-1.733,2.4,0.02531,0.005719
-1.7,2.4,0.02536,0.005857
-1.667,2.4,0.02541,0.006002
-1.633,2.4,0.02546,0.006154
-1.6,2.4,0.02551,0.006314
-1.567,2.4,0.02557,0.006482
-1.533,2.4,0.02562,0.006658
-1.5,2.4,0.02568,0.006843
-1.467,2.4,0.02573,0.007038
-1.433,2.4,0.02579,0.007241
-1.4,2.4,0.02585,0.007454
-1.367,2.4,0.0259,0.007676
-1.333,2.4,0.02596,0.007906
-1.3,2.4,0.02602,0.008143
-1.267,2.4,0.02608,0.008384
-1.233,2.4,0.02615,0.008626
-1.2,2.4,0.02621,0.008863
-1.167,2.4,0.02627,0.009085
-1.133,2.4,0.02634,0.009279
-1.1,2.4,0.02641,0.009425
-1.067,2.4,0.02647,0.009498
-1.033,2.4,0.02654,0.009462
-1,2.4,0.02661,0.009273
-0.9667,2.4,0.02668,0.008884
-0.9333,2.4,0.02676,0.008253
-0.9,2.4,0.02683,0.007359
-0.8667,2.4,0.0269,0.006229
-0.8333,2.4,0.02698,0.00495
-0.8,2.4,0.02706,0.003662
-0.7667,2.4,0.02714,0.002518
-0.7333,2.4,0.02722,0.001624
-0.7,2.4,0.0273,0.001003
-0.6667,2.4,0.02738,0.0006111
-0.6333,2.4,0.02746,0.0003804
-0.6,2.4,0.02755,0.0002489
-0.5667,2.4,0.02764,0.0001744
-0.5333,2.4,0.02773,0.0001319
-0.5,2.4,0.02782,0.0001072
-0.4667,2.4,0.02791,9.281e-05
-0.4333,2.4,0.028,8.47e-05
-0.4,2.4,0.0281,8.056e-05
-0.3667,2.4,0.02819,7.909e-05
-0.3333,2.4,0.02829,7.95e-05
-0.3,2.4,0.02839,8.134e-05
-0.2667,2.4,0.02849,8.431e-05
-0.2333,2.4,0.02859,8.824e-05
-0.2,2.4,0.0287,9.303e-05
-0.1667,2.4,0.02881,9.862e-05
-0.1333,2.4,0.02892,0.000105
-0.1,2.4,0.02903,0.0001122
-0.06667,2.4,0.02914,0.0001202
-0.03333,2.4,0.02925,0.000129
0,2.4,0.02937,0.0001388
0.03333,2.4,0.02949,0.0001497
0.06667,2.4,0.02961,0.0001616
0.1,2.4,0.02973,0.0001748
0.1333,2.4,0.02986,0.0001894
0.1667,2.4,0.02999,0.0002055
0.2,2.4,0.03012,0.0002232
0.2333,2.4,0.03025,0.0002429
0.2667,2.4,0.03038,0.0002647
0.3,2.4,0.03052,0.0002888
0.3333,2.4,0.03066,0.0003156
0.3667,2.4,0.0308,0.0003453
0.4,2.4,0.03095,0.0003784
0.4333,2.4,0.0311,0.0004152
0.4667,2.4,0.03125,0.0004562
0.5,2.4,0.0314,0.0005019
0.5333,2.4,0.03156,0.000553
0.5667,2.4,0.03171,0.0006101
0.6,2.4,0.03188,0.0006739
0.6333,2.4,0.03204,0.0007454
0.6667,2.4,0.03221,0.0008256
0.7,2.4,0.03238,0.0009156
0.7333,2.4,0.03256,0.001017
0.7667,2.4,0.03273,0.00113
0.8,2.4,0.03291,0.001258
0.8333,2.4,0.0331,0.001402
0.8667,2.4,0.03329,0.001564
0.9,2.4,0.03348,0.001747
0.9333,2.4,0.03367,0.001954
0.9667,2.4,0.03387,0.002188
1,2.4,0.03408,0.002452
1.033,2.4,0.03428,0.00275
1.067,2.4,0.03449,0.003088
1.1,2.4,0.03471,0.003471
1.133,2.4,0.03493,0.003905
1.167,2.4,0.03515,0.004397
1.2,2.4,0.03538,0.004956
1.233,2.4,0.03561,0.005589
1.267,2.4,0.03585,0.006308
1.3,2.4,0.03609,0.007124
1.333,2.4,0.03634,0.008051
1.367,2.4,0.03659,0.009103
1.4,2.4,0.03685,0.0103
1.433,2.4,0.03711,0.01166
1.467,2.4,0.03737,0.0132
1.5,2.4,0.03765,0.01495
1.533,2.4,0.03792,0.01693
1.567,2.4,0.03821,0.01918
1.6,2.4,0.0385,0.02173
1.633,2.4,0.03879,0.02463
1.667,2.4,0.0391,0.0279
1.7,2.4,0.0394,0.0316
1.733,2.4,0.03972,0.03578
1.767,2.4,0.04004,0.04049
1.8,2.4,0.04037,0.04579
1.833,2.4,0.0407,0.05176
1.867,2.4,0.04104,0.05846
1.9,2.4,0.04139,0.06595
1.933,2.4,0.04175,0.07433
1.967,2.4,0.04211,0.08365
2,2.4,0.04248,0.09402
2.033,2.4,0.04286,0.1055
2.067,2.4,0.04325,0.1181
2.1,2.4,0.04365,0.132
2.133,2.4,0.04405,0.1473
2.167,2.4,0.04447,0.1638
2.2,2.4,0.04489,0.1818
2.233,2.4,0.04532,0.2012
2.267,2.4,0.04577,0.222
2.3,2.4,0.04622,0.2441
2.333,2.4,0.04668,0.2676
2.367,2.4,0.04715,0.2922
2.4,2.4,0.04764,0.3181
2.433,2.4,0.04813,0.3449
2.467,2.4,0.04863,0.3725
2.5,2.4,0.04915,0.4007
-2.5,2.433,0.02427,0.00376
-2.467,2.433,0.02431,0.003809
-2.433,2.433,0.02434,0.003859
-2.4,2.433,0.02437,0.003912
-2.367,2.433,0.02441,0.003967
-2.333,2.433,0.02444,0.004025
-2.3,2.433,0.02448,0.004085
-2.267,2.433,0.02452,0.004147
-2.233,2.433,0.02455,0.004212
-2.2,2.433,0.02459,0.004279
-2.167,2.433,0.02463,0.00435
-2.133,2.433,0.02467,0.004424
-2.1,2.433,0.02471,0.004501
-2.067,2.433,0.02475,0.004581
-2.033,2.433,0.02479,0.004665
-2,2.433,0.02483,0.004753
-1.967,2.433,0.02487,0.004844
-1.933,2.433,0.02491,0.00494
-1.9,2.433,0.02495,0.005041
-1.867,2.433,0.025,0.005146
-1.833,2.433,0.02504,0.005256
-1.8,2.433,0.02509,0.005371
-1.767,2.433,0.02513,0.005492
-1.733,2.433,0.02518,0.005619
-1.7,2.433,0.02523,0.005752
-1.667,2.433,0.02528,0.005892
-1.633,2.433,0.02533,0.006038
-1.6,2.433,0.02538,0.006192
-1.567,2.433,0.02543,0.006353
-1.533,2.433,0.02548,0.006523
-1.5,2.433,0.02553,0.006701
-1.467,2.433,0.02558,0.006887
-1.433,2.433,0.02564,0.007082
-1.4,2.433,0.02569,0.007285
-1.367,2.433,0.02575,0.007497
-1.333,2.433,0.0258,0.007715
-1.3,2.433,0.02586,0.00794
-1.267,2.433,0.02592,0.008167
-1.233,2.433,0.02598,0.008393
-1.2,2.433,0.02604,0.008611
-1.167,2.433,0.0261,0.008811
-1.133,2.433,0.02616,0.008979
-1.1,2.433,0.02623,0.009095
-1.067,2.433,0.02629,0.00913
-1.033,2.433,0.02636,0.009048
-1,2.433,0.02643,0.008807
-0.9667,2.433,0.02649,0.008362
-0.9333,2.433,0.02656,0.007677
-0.9,2.433,0.02663,0.006744
-0.8667,2.433,0.0267,0.005605
-0.8333,2.433,0.02678,0.00436
-0.8,2.433,0.02685,0.003154
-0.7667,2.433,0.02693,0.002123
-0.7333,2.433,0.027,0.001347
-0.7,2.433,0.02708,0.0008248
-0.6667,2.433,0.02716,0.0005034
-0.6333,2.433,0.02724,0.0003167
-0.6,2.433,0.02732,0.0002109
-0.5667,2.433,0.0274,0.0001509
-0.5333,2.433,0.02749,0.0001164
-0.5,2.433,0.02757,9.634e-05
-0.4667,2.433,0.02766,8.471e-05
-0.4333,2.433,0.02775,7.823e-05
-0.4,2.433,0.02784,7.507e-05
-0.3667,2.433,0.02793,7.416e-05
-0.3333,2.433,0.02803,7.487e-05
-0.3,2.433,0.02812,7.682e-05
-0.2667,2.433,0.02822,7.977e-05
-0.2333,2.433,0.02832,8.357e-05
-0.2,2.433,0.02842,8.814e-05
-0.1667,2.433,0.02852,9.344e-05
-0.1333,2.433,0.02862,9.945e-05
-0.1,2.433,0.02873,0.0001062
-0.06667,2.433,0.02884,0.0001137
-0.03333,2.433,0.02895,0.000122
0,2.433,0.02906,0.0001311
0.03333,2.433,0.02917,0.0001412
0.06667,2.433,0.02929,0.0001524
0.1,2.433,0.0294,0.0001646
0.1333,2.433,0.02952,0.0001782
0.1667,2.433,0.02965,0.0001931
0.2,2.433,0.02977,0.0002096
0.2333,2.433,0.0299,0.0002278
0.2667,2.433,0.03002,0.000248
0.3,2.433,0.03015,0.0002703
0.3333,2.433,0.03029,0.0002951
0.3667,2.433,0.03042,0.0003226
0.4,2.433,0.03056,0.0003531
0.4333,2.433,0.0307,0.000387
0.4667,2.433,0.03084,0.0004248
0.5,2.433,0.03099,0.0004669
0.5333,2.433,0.03114,0.0005139
0.5667,2.433,0.03129,0.0005664
0.6,2.433,0.03144,0.000625
0.6333,2.433,0.0316,0.0006907
0.6667,2.433,0.03176,0.0007642
0.7,2.433,0.03192,0.0008467
0.7333,2.433,0.03209,0.0009392
0.7667,2.433,0.03226,0.001043
0.8,2.433,0.03243,0.00116
0.8333,2.433,0.0326,0.001292
0.8667,2.433,0.03278,0.00144
0.9,2.433,0.03297,0.001607
0.9333,2.433,0.03315,0.001796
0.9667,2.433,0.03334,0.002009
1,2.433,0.03353,0.002249
1.033,2.433,0.03373,0.002521
1.067,2.433,0.03393,0.002829
1.1,2.433,0.03413,0.003178
1.133,2.433,0.03434,0.003573
1.167,2.433,0.03455,0.00402
1.2,2.433,0.03477,0.004528
1.233,2.433,0.03499,0.005103
1.267,2.433,0.03521,0.005757
1.3,2.433,0.03544,0.006498
1.333,2.433,0.03568,0.00734
1.367,2.433,0.03592,0.008296
1.4,2.433,0.03616,0.009382
1.433,2.433,0.03641,0.01061
1.467,2.433,0.03666,0.01201
1.5,2.433,0.03692,0.0136
1.533,2.433,0.03718,0.01541
1.567,2.433,0.03745,0.01746
1.6,2.433,0.03772,0.01978
1.633,2.433,0.038,0.02241
1.667,2.433,0.03829,0.02539
1.7,2.433,0.03858,0.02876
1.733,2.433,0.03888,0.03257
1.767,2.433,0.03918,0.03688
1.8,2.433,0.03949,0.04173
1.833,2.433,0.03981,0.04719
1.867,2.433,0.04013,0.05333
1.9,2.433,0.04046,0.06021
1.933,2.433,0.0408,0.06792
1.967,2.433,0.04114,0.07652
2,2.433,0.04149,0.08609
2.033,2.433,0.04185,0.09671
2.067,2.433,0.04222,0.1085
2.1,2.433,0.04259,0.1214
2.133,2.433,0.04297,0.1356
2.167,2.433,0.04336,0.1512
2.2,2.433,0.04376,0.1681
2.233,2.433,0.04417,0.1864
2.267,2.433,0.04459,0.2061
2.3,2.433,0.04501,0.2272
2.333,2.433,0.04545,0.2497
2.367,2.433,0.04589,0.2735
2.4,2.433,0.04635,0.2985
2.433,2.433,0.04681,0.3245
2.467,2.433,0.04729,0.3515
2.5,2.433,0.04777,0.3793
-2.5,2.467,0.02419,0.003724
-2.467,2.467,0.02422,0.003771
-2.433,2.467,0.02425,0.003821
-2.4,2.467,0.02428,0.003872
-2.367,2.467,0.02432,0.003926
-2.333,2.467,0.02435,0.003981
-2.3,2.467,0.02438,0.004039
-2.267,2.467,0.02442,0.0041
-2.233,2.467,0.02445,0.004163
-2.2,2.467,0.02449,0.004228
-2.167,2.467,0.02453,0.004296
-2.133,2.467,0.02456,0.004368
-2.1,2.467,0.0246,0.004442
-2.067,2.467,0.02464,0.00452
-2.033,2.467,0.02468,0.004601
-2,2.467,0.02472,0.004686
-1.967,2.467,0.02476,0.004775
-1.933,2.467,0.0248,0.004868
-1.9,2.467,0.02484,0.004965
-1.867,2.467,0.02488,0.005066
-1.833,2.467,0.02492,0.005172
-1.8,2.467,0.02497,0.005284
-1.767,2.467,0.02501,0.0054
-1.733,2.467,0.02506,0.005523
-1.7,2.467,0.0251,0.005651
-1.667,2.467,0.02515,0.005785
-1.633,2.467,0.02519,0.005926
-1.6,2.467,0.02524,0.006074
-1.567,2.467,0.02529,0.00623
-1.533,2.467,0.02534,0.006392
-1.5,2.467,0.02539,0.006563
-1.467,2.467,0.02544,0.006742
-1.433,2.467,0.02549,0.006928
-1.4,2.467,0.02554,0.007123
-1.367,2.467,0.0256,0.007325
-1.333,2.467,0.02565,0.007532
-1.3,2.467,0.02571,0.007745
-1.267,2.467,0.02576,0.007958
-1.233,2.467,0.02582,0.008169
-1.2,2.467,0.02588,0.008368
-1.167,2.467,0.02594,0.008547
-1.133,2.467,0.026,0.008689
-1.1,2.467,0.02606,0.008773
-1.067,2.467,0.02612,0.00877
-1.033,2.467,0.02618,0.008644
-1,2.467,0.02625,0.008352
-0.9667,2.467,0.02631,0.007852
-0.9333,2.467,0.02638,0.007118
-0.9,2.467,0.02644,0.006154
-0.8667,2.467,0.02651,0.005017
-0.8333,2.467,0.02658,0.003819
-0.8,2.467,0.02665,0.002701
-0.7667,2.467,0.02672,0.001782
-0.7333,2.467,0.0268,0.001114
-0.7,2.467,0.02687,0.0006785
-0.6667,2.467,0.02695,0.000416
-0.6333,2.467,0.02702,0.0002651
-0.6,2.467,0.0271,0.0001799
-0.5667,2.467,0.02718,0.0001314
-0.5333,2.467,0.02726,0.0001034
-0.5,2.467,0.02734,8.71e-05
-0.4667,2.467,0.02743,7.768e-05
-0.4333,2.467,0.02751,7.252e-05
-0.4,2.467,0.0276,7.015e-05
-0.3667,2.467,0.02769,6.97e-05
-0.3333,2.467,0.02778,7.065e-05
-0.3,2.467,0.02787,7.267e-05
-0.2667,2.467,0.02796,7.558e-05
-0.2333,2.467,0.02805,7.925e-05
-0.2,2.467,0.02815,8.36e-05
-0.1667,2.467,0.02825,8.862e-05
-0.1333,2.467,0.02835,9.428e-05
-0.1,2.467,0.02845,0.0001006
-0.06667,2.467,0.02855,0.0001076
-0.03333,2.467,0.02865,0.0001154
0,2.467,0.02876,0.0001239
0.03333,2.467,0.02887,0.0001334
0.06667,2.467,0.02898,0.0001438
0.1,2.467,0.02909,0.0001552
0.1333,2.467,0.0292,0.0001678
0.1667,2.467,0.02932,0.0001817
0.2,2.467,0.02944,0.000197
0.2333,2.467,0.02956,0.0002139
0.2667,2.467,0.02968,0.0002326
0.3,2.467,0.0298,0.0002532
0.3333,2.467,0.02993,0.0002762
0.3667,2.467,0.03006,0.0003015
0.4,2.467,0.03019,0.0003297
0.4333,2.467,0.03033,0.0003611
0.4667,2.467,0.03046,0.0003959
0.5,2.467,0.0306,0.0004347
0.5333,2.467,0.03074,0.0004779
0.5667,2.467,0.03088,0.0005262
0.6,2.467,0.03103,0.0005801
0.6333,2.467,0.03118,0.0006404
0.6667,2.467,0.03133,0.0007079
0.7,2.467,0.03149,0.0007835
0.7333,2.467,0.03164,0.0008683
0.7667,2.467,0.03181,0.0009636
0.8,2.467,0.03197,0.001071
0.8333,2.467,0.03214,0.001191
0.8667,2.467,0.03231,0.001326
0.9,2.467,0.03248,0.001479
0.9333,2.467,0.03265,0.001651
0.9667,2.467,0.03283,0.001845
1,2.467,0.03302,0.002065
1.033,2.467,0.0332,0.002313
1.067,2.467,0.03339,0.002593
1.1,2.467,0.03359,0.002911
1.133,2.467,0.03378,0.00327
1.167,2.467,0.03399,0.003677
1.2,2.467,0.03419,0.004138
1.233,2.467,0.0344,0.004662
1.267,2.467,0.03461,0.005256
1.3,2.467,0.03483,0.005929
1.333,2.467,0.03505,0.006694
1.367,2.467,0.03528,0.007563
1.4,2.467,0.03551,0.008549
1.433,2.467,0.03574,0.009669
1.467,2.467,0.03598,0.01094
1.5,2.467,0.03623,0.01239
1.533,2.467,0.03648,0.01402
1.567,2.467,0.03673,0.01589
1.6,2.467,0.03699,0.018
1.633,2.467,0.03726,0.02039
1.667,2.467,0.03753,0.0231
1.7,2.467,0.0378,0.02618
1.733,2.467,0.03808,0.02965
1.767,2.467,0.03837,0.03358
1.8,2.467,0.03866,0.03801
1.833,2.467,0.03896,0.04301
1.867,2.467,0.03927,0.04863
1.9,2.467,0.03958,0.05494
1.933,2.467,0.0399,0.06202
1.967,2.467,0.04022,0.06993
2,2.467,0.04055,0.07876
2.033,2.467,0.04089,0.08859
2.067,2.467,0.04124,0.09948
2.1,2.467,0.04159,0.1115
2.133,2.467,0.04195,0.1248
2.167,2.467,0.04232,0.1393
2.2,2.467,0.0427,0.1552
2.233,2.467,0.04308,0.1724
2.267,2.467,0.04347,0.1911
2.3,2.467,0.04388,0.2112
2.333,2.467,0.04429,0.2326
2.367,2.467,0.0447,0.2554
2.4,2.467,0.04513,0.2795
2.433,2.467,0.04557,0.3047
2.467,2.467,0.04602,0.331
2.5,2.467,0.04648,0.3583
-2.5,2.5,0.0241,0.003689
-2.467,2.5,0.02413,0.003735
-2.433,2.5,0.02416,0.003783
-2.4,2.5,0.02419,0.003833
-2.367,2.5,0.02423,0.003885
-2.333,2.5,0.02426,0.003939
-2.3,2.5,0.02429,0.003995
-2.267,2.5,0.02432,0.004054
-2.233,2.5,0.02436,0.004115
-2.2,2.5,0.02439,0.004178
-2.167,2.5,0.02443,0.004245
-2.133,2.5,0.02446,0.004314
-2.1,2.5,0.0245,0.004386
-2.067,2.5,0.02454,0.004461
-2.033,2.5,0.02457,0.00454
-2,2.5,0.02461,0.004622
-1.967,2.5,0.02465,0.004707
-1.933,2.5,0.02469,0.004797
-1.9,2.5,0.02473,0.004891
-1.867,2.5,0.02477,0.004989
-1.833,2.5,0.02481,0.005092
-1.8,2.5,0.02485,0.005199
-1.767,2.5,0.02489,0.005312
-1.733,2.5,0.02494,0.00543
-1.7,2.5,0.02498,0.005553
-1.667,2.5,0.02502,0.005683
-1.633,2.5,0.02507,0.005819
-1.6,2.5,0.02511,0.005961
-1.567,2.5,0.02516,0.00611
-1.533,2.5,0.02521,0.006267
-1.5,2.5,0.02526,0.006431
-1.467,2.5,0.0253,0.006602
-1.433,2.5,0.02535,0.006781
-1.4,2.5,0.0254,0.006967
-1.367,2.5,0.02545,0.007159
-1.333,2.5,0.02551,0.007356
-1.3,2.5,0.02556,0.007557
-1.267,2.5,0.02561,0.007757
-1.233,2.5,0.02567,0.007952
-1.2,2.5,0.02572,0.008134
-1.167,2.5,0.02578,0.00829
-1.133,2.5,0.02584,0.008406
-1.1,2.5,0.02589,0.008459
-1.067,2.5,0.02595,0.008418
-1.033,2.5,0.02601,0.008247
-1,2.5,0.02607,0.007904
-0.9667,2.5,0.02614,0.007354
-0.9333,2.5,0.0262,0.006577
-0.9,2.5,0.02626,0.005591
-0.8667,2.5,0.02633,0.004467
-0.8333,2.5,0.0264,0.003326
-0.8,2.5,0.02646,0.002301
-0.7667,2.5,0.02653,0.00149
-0.7333,2.5,0.0266,0.0009203
-0.7,2.5,0.02667,0.0005589
-0.6667,2.5,0.02674,0.0003451
-0.6333,2.5,0.02682,0.0002233
-0.6,2.5,0.02689,0.0001545
-0.5667,2.5,0.02697,0.0001152
-0.5333,2.5,0.02705,9.246e-05
-0.5,2.5,0.02712,7.917e-05
-0.4667,2.5,0.0272,7.155e-05
-0.4333,2.5,0.02728,6.747e-05
-0.4,2.5,0.02737,6.575e-05
-0.3667,2.5,0.02745,6.566e-05
-0.3333,2.5,0.02754,6.679e-05
-0.3,2.5,0.02762,6.885e-05
-0.2667,2.5,0.02771,7.17e-05
-0.2333,2.5,0.0278,7.523e-05
-0.2,2.5,0.02789,7.938e-05
-0.1667,2.5,0.02799,8.412e-05
-0.1333,2.5,0.02808,8.946e-05
-0.1,2.5,0.02818,9.54e-05
-0.06667,2.5,0.02827,0.000102
-0.03333,2.5,0.02837,0.0001093
0,2.5,0.02847,0.0001173
0.03333,2.5,0.02858,0.0001261
0.06667,2.5,0.02868,0.0001357
0.1,2.5,0.02879,0.0001464
0.1333,2.5,0.0289,0.0001581
0.1667,2.5,0.02901,0.000171
0.2,2.5,0.02912,0.0001852
0.2333,2.5,0.02924,0.0002009
0.2667,2.5,0.02935,0.0002183
0.3,2.5,0.02947,0.0002374
0.3333,2.5,0.02959,0.0002586
0.3667,2.5,0.02971,0.0002821
0.4,2.5,0.02984,0.0003082
0.4333,2.5,0.02997,0.0003371
0.4667,2.5,0.0301,0.0003692
0.5,2.5,0.03023,0.000405
0.5333,2.5,0.03036,0.0004448
0.5667,2.5,0.0305,0.0004893
0.6,2.5,0.03064,0.0005389
0.6333,2.5,0.03078,0.0005943
0.6667,2.5,0.03093,0.0006562
0.7,2.5,0.03107,0.0007256
0.7333,2.5,0.03122,0.0008034
0.7667,2.5,0.03138,0.0008906
0.8,2.5,0.03153,0.0009886
0.8333,2.5,0.03169,0.001099
0.8667,2.5,0.03185,0.001223
0.9,2.5,0.03202,0.001362
0.9333,2.5,0.03218,0.001519
0.9667,2.5,0.03235,0.001697
1,2.5,0.03253,0.001897
1.033,2.5,0.0327,0.002123
1.067,2.5,0.03288,0.002378
1.1,2.5,0.03307,0.002667
1.133,2.5,0.03326,0.002994
1.167,2.5,0.03345,0.003365
1.2,2.5,0.03364,0.003785
1.233,2.5,0.03384,0.004261
1.267,2.5,0.03404,0.0048
1.3,2.5,0.03425,0.005413
1.333,2.5,0.03446,0.006108
1.367,2.5,0.03467,0.006897
1.4,2.5,0.03489,0.007793
1.433,2.5,0.03511,0.00881
1.467,2.5,0.03534,0.009965
1.5,2.5,0.03557,0.01128
1.533,2.5,0.03581,0.01277
1.567,2.5,0.03605,0.01446
1.6,2.5,0.0363,0.01638
1.633,2.5,0.03655,0.01856
1.667,2.5,0.0368,0.02102
1.7,2.5,0.03706,0.02382
1.733,2.5,0.03733,0.02699
1.767,2.5,0.0376,0.03057
1.8,2.5,0.03788,0.03461
1.833,2.5,0.03816,0.03918
1.867,2.5,0.03845,0.04432
1.9,2.5,0.03875,0.0501
1.933,2.5,0.03905,0.0566
1.967,2.5,0.03935,0.06387
2,2.5,0.03967,0.07201
2.033,2.5,0.03999,0.08107
2.067,2.5,0.04031,0.09115
2.1,2.5,0.04065,0.1023
2.133,2.5,0.04099,0.1146
2.167,2.5,0.04134,0.1282
2.2,2.5,0.04169,0.1431
2.233,2.5,0.04205,0.1593
2.267,2.5,0.04242,0.1769
2.3,2.5,0.0428,0.1959
2.333,2.5,0.04319,0.2163
2.367,2.5,0.04359,0.2381
2.4,2.5,0.04399,0.2612
2.433,2.5,0.0444,0.2855
2.467,2.5,0.04482,0.3111
2.5,2.5,0.04525,0.3376
